event,ref,tx_id,block_number,block_hash,data_hash,previous_hash,timestamp
CreateElection,,6e013372f4ba019a3e66d9241571ea0c6633e72aae6ee211b3bec3e12abbced0,279,fce0db11a7ef0c7356ad4abad2d4e06375d6939baa3bd68455179d7e18462c43,505b2c59ae8bd5f30f4bf84a353355dc7f6c7e224814384e1344ab38a668f1b7,f5e52eb36f8f9e1dd48b197d10719e3737aff88a2e108ff53b56d108139783ad,2026-09-30T18:00:15Z
PublishDKGTranscript,,627bc2e8078ebb04333c9fae6b74c4dcb66d4f15a01bbb09ec1e91a245f94bc5,280,1e919f6db61a30d8c63d3b7fb5c35ffb081c762885f03471e3a593bd9dde3029,3179617b5a1afac2f391088116c3268fff2fc1f37267eeff100e3771e1f493e3,fce0db11a7ef0c7356ad4abad2d4e06375d6939baa3bd68455179d7e18462c43,2026-09-30T18:00:17Z
CloseElection,,52992aae3d41300677fd340afcec54b0002cf7dd625a7047172bb0b7ca905043,341,8e9d4aa84b936f695d38b6f14f718920ec80abe14a30d42da6a9ee5e62fa9549,9339024aeb3b51bcf1e08cbc1d4ed6f5331083c4b8455d1de8b13b09a1712e76,3ff09092c32352fd45e21ef583e049b2d9fe901ffbcc4811e2b9a0d2e6c62771,2026-09-30T18:00:32Z
SubmitPartialDecryption,3,5b7bdb3eee6aa078f6aab6d87c26071425f230c820967b01fa6bff207a46ba70,342,87c80f1e9fc0d067b25ab1f819532325ebd2336df546ce04474d8bf033f667b5,9e6a6399582e0a85b35f64910d32adeff02cdf88b455c7f4c1613a59b7519191,8e9d4aa84b936f695d38b6f14f718920ec80abe14a30d42da6a9ee5e62fa9549,2026-09-30T18:00:34Z
SubmitPartialDecryption,6,c415f0b97424d788ffa54831d910c2ee4451c12798d84423a73e6c0d2f5d1df9,342,87c80f1e9fc0d067b25ab1f819532325ebd2336df546ce04474d8bf033f667b5,9e6a6399582e0a85b35f64910d32adeff02cdf88b455c7f4c1613a59b7519191,8e9d4aa84b936f695d38b6f14f718920ec80abe14a30d42da6a9ee5e62fa9549,2026-09-30T18:00:34Z
SubmitPartialDecryption,13,70bf344135fecdd8ed97630471235713b29712e76dd51ed85fec4c2ff5def9eb,342,87c80f1e9fc0d067b25ab1f819532325ebd2336df546ce04474d8bf033f667b5,9e6a6399582e0a85b35f64910d32adeff02cdf88b455c7f4c1613a59b7519191,8e9d4aa84b936f695d38b6f14f718920ec80abe14a30d42da6a9ee5e62fa9549,2026-09-30T18:00:34Z
SubmitPartialDecryption,0,b22c88aff5636a7d760d2c17d9df6fe78f11a4a1300fe88702d589e50a11dda4,342,87c80f1e9fc0d067b25ab1f819532325ebd2336df546ce04474d8bf033f667b5,9e6a6399582e0a85b35f64910d32adeff02cdf88b455c7f4c1613a59b7519191,8e9d4aa84b936f695d38b6f14f718920ec80abe14a30d42da6a9ee5e62fa9549,2026-09-30T18:00:34Z
SubmitPartialDecryption,12,2431d040916db29f5976e427aa2260c4d69e8e149bfbef31c1ba38c4387a8b03,342,87c80f1e9fc0d067b25ab1f819532325ebd2336df546ce04474d8bf033f667b5,9e6a6399582e0a85b35f64910d32adeff02cdf88b455c7f4c1613a59b7519191,8e9d4aa84b936f695d38b6f14f718920ec80abe14a30d42da6a9ee5e62fa9549,2026-09-30T18:00:34Z
SubmitPartialDecryption,9,ad9c30cc4410b93b435cbc6464d71a28ad28866829625290b515b067b171b726,342,87c80f1e9fc0d067b25ab1f819532325ebd2336df546ce04474d8bf033f667b5,9e6a6399582e0a85b35f64910d32adeff02cdf88b455c7f4c1613a59b7519191,8e9d4aa84b936f695d38b6f14f718920ec80abe14a30d42da6a9ee5e62fa9549,2026-09-30T18:00:34Z
SubmitPartialDecryption,4,6a5be92cc40d5ac2189dfabdfe2ea356da428898028a728b927e93f20b4b7fce,342,87c80f1e9fc0d067b25ab1f819532325ebd2336df546ce04474d8bf033f667b5,9e6a6399582e0a85b35f64910d32adeff02cdf88b455c7f4c1613a59b7519191,8e9d4aa84b936f695d38b6f14f718920ec80abe14a30d42da6a9ee5e62fa9549,2026-09-30T18:00:34Z
SubmitPartialDecryption,7,e04fda619d6114e5df89426e05f5410c3a4fd810c7347393aa6f053c7c1a164c,342,87c80f1e9fc0d067b25ab1f819532325ebd2336df546ce04474d8bf033f667b5,9e6a6399582e0a85b35f64910d32adeff02cdf88b455c7f4c1613a59b7519191,8e9d4aa84b936f695d38b6f14f718920ec80abe14a30d42da6a9ee5e62fa9549,2026-09-30T18:00:34Z
SubmitPartialDecryption,5,cec0607b249698b83b3e7533247654b6fe9a9a51e4ac16172bc48ecaaceae478,342,87c80f1e9fc0d067b25ab1f819532325ebd2336df546ce04474d8bf033f667b5,9e6a6399582e0a85b35f64910d32adeff02cdf88b455c7f4c1613a59b7519191,8e9d4aa84b936f695d38b6f14f718920ec80abe14a30d42da6a9ee5e62fa9549,2026-09-30T18:00:34Z
SubmitPartialDecryption,15,dfb5aec82c974ce584075890c3da90508befb57d6351d3756e4ae54fc24fa315,342,87c80f1e9fc0d067b25ab1f819532325ebd2336df546ce04474d8bf033f667b5,9e6a6399582e0a85b35f64910d32adeff02cdf88b455c7f4c1613a59b7519191,8e9d4aa84b936f695d38b6f14f718920ec80abe14a30d42da6a9ee5e62fa9549,2026-09-30T18:00:34Z
SubmitPartialDecryption,10,65f3216e88dfc02e2f513441e79e5e6542ccba6a7450e58b95a8fc507703bef6,342,87c80f1e9fc0d067b25ab1f819532325ebd2336df546ce04474d8bf033f667b5,9e6a6399582e0a85b35f64910d32adeff02cdf88b455c7f4c1613a59b7519191,8e9d4aa84b936f695d38b6f14f718920ec80abe14a30d42da6a9ee5e62fa9549,2026-09-30T18:00:34Z
SubmitPartialDecryption,1,dc04473b398060b3bba697854da2d3e11918afc3a5a0797ccbfae4479c7442d3,342,87c80f1e9fc0d067b25ab1f819532325ebd2336df546ce04474d8bf033f667b5,9e6a6399582e0a85b35f64910d32adeff02cdf88b455c7f4c1613a59b7519191,8e9d4aa84b936f695d38b6f14f718920ec80abe14a30d42da6a9ee5e62fa9549,2026-09-30T18:00:34Z
SubmitPartialDecryption,8,f9410eff19b9216f91555130eb628cf3c6401d70ec16ce7df778c5fa933ad391,342,87c80f1e9fc0d067b25ab1f819532325ebd2336df546ce04474d8bf033f667b5,9e6a6399582e0a85b35f64910d32adeff02cdf88b455c7f4c1613a59b7519191,8e9d4aa84b936f695d38b6f14f718920ec80abe14a30d42da6a9ee5e62fa9549,2026-09-30T18:00:34Z
SubmitPartialDecryption,11,39df559c3bf08c78f5c77a614e2c44fcb66c40e20444f7610001666f6749af41,342,87c80f1e9fc0d067b25ab1f819532325ebd2336df546ce04474d8bf033f667b5,9e6a6399582e0a85b35f64910d32adeff02cdf88b455c7f4c1613a59b7519191,8e9d4aa84b936f695d38b6f14f718920ec80abe14a30d42da6a9ee5e62fa9549,2026-09-30T18:00:34Z
SubmitPartialDecryption,14,789183682840acb8215c28470d2072bc4f341d558a0879c8399e491332016806,342,87c80f1e9fc0d067b25ab1f819532325ebd2336df546ce04474d8bf033f667b5,9e6a6399582e0a85b35f64910d32adeff02cdf88b455c7f4c1613a59b7519191,8e9d4aa84b936f695d38b6f14f718920ec80abe14a30d42da6a9ee5e62fa9549,2026-09-30T18:00:34Z
SubmitPartialDecryption,2,4c736ba65ee315d82716d2390fe4d9803636d1e790c384d3f848bf1faf7f18c8,342,87c80f1e9fc0d067b25ab1f819532325ebd2336df546ce04474d8bf033f667b5,9e6a6399582e0a85b35f64910d32adeff02cdf88b455c7f4c1613a59b7519191,8e9d4aa84b936f695d38b6f14f718920ec80abe14a30d42da6a9ee5e62fa9549,2026-09-30T18:00:34Z
SubmitPartialDecryption,21,99394775719bdf3899fa99ceae5e747eaffd94652a1f6ca58fe6144d3e3655c0,343,8d4e5bff66fc53bfdb5ea71ada4c1a87e5350c859e3aec9e4b3ac04c6a0bee38,a1270f70683848fbfbf6d0f0120b07aad125689212e437c4fbff714f065352c3,87c80f1e9fc0d067b25ab1f819532325ebd2336df546ce04474d8bf033f667b5,2026-09-30T18:00:36Z
SubmitPartialDecryption,24,d09569d99fd5c2a25a6623ab0ac3af553ccaf028c9bf711602e264574f4a8808,343,8d4e5bff66fc53bfdb5ea71ada4c1a87e5350c859e3aec9e4b3ac04c6a0bee38,a1270f70683848fbfbf6d0f0120b07aad125689212e437c4fbff714f065352c3,87c80f1e9fc0d067b25ab1f819532325ebd2336df546ce04474d8bf033f667b5,2026-09-30T18:00:36Z
SubmitPartialDecryption,28,007f400197449ec9ff50223d8aebfea21c04ed7bab03839ed6f7c0356a3f5296,343,8d4e5bff66fc53bfdb5ea71ada4c1a87e5350c859e3aec9e4b3ac04c6a0bee38,a1270f70683848fbfbf6d0f0120b07aad125689212e437c4fbff714f065352c3,87c80f1e9fc0d067b25ab1f819532325ebd2336df546ce04474d8bf033f667b5,2026-09-30T18:00:36Z
SubmitPartialDecryption,16,b3a2cb7c5373ce7ab76284ff7a8ae024835c1a230fe69c5cd08ef13a086936f7,343,8d4e5bff66fc53bfdb5ea71ada4c1a87e5350c859e3aec9e4b3ac04c6a0bee38,a1270f70683848fbfbf6d0f0120b07aad125689212e437c4fbff714f065352c3,87c80f1e9fc0d067b25ab1f819532325ebd2336df546ce04474d8bf033f667b5,2026-09-30T18:00:36Z
SubmitPartialDecryption,23,f5a1bb72e80dbc89b3cc7c3a1d47e0ed67b64837533ed0dd2e8d23342848bb7f,343,8d4e5bff66fc53bfdb5ea71ada4c1a87e5350c859e3aec9e4b3ac04c6a0bee38,a1270f70683848fbfbf6d0f0120b07aad125689212e437c4fbff714f065352c3,87c80f1e9fc0d067b25ab1f819532325ebd2336df546ce04474d8bf033f667b5,2026-09-30T18:00:36Z
SubmitPartialDecryption,18,67b92c7adbe187fa780aead817de04be7c9e885f26d9b8f4430b527fe95809b3,343,8d4e5bff66fc53bfdb5ea71ada4c1a87e5350c859e3aec9e4b3ac04c6a0bee38,a1270f70683848fbfbf6d0f0120b07aad125689212e437c4fbff714f065352c3,87c80f1e9fc0d067b25ab1f819532325ebd2336df546ce04474d8bf033f667b5,2026-09-30T18:00:36Z
SubmitPartialDecryption,19,58093640a075b3d93f7052263c5c052aa96de7f68520f4e870cdd61623ed6401,343,8d4e5bff66fc53bfdb5ea71ada4c1a87e5350c859e3aec9e4b3ac04c6a0bee38,a1270f70683848fbfbf6d0f0120b07aad125689212e437c4fbff714f065352c3,87c80f1e9fc0d067b25ab1f819532325ebd2336df546ce04474d8bf033f667b5,2026-09-30T18:00:36Z
SubmitPartialDecryption,31,537118cb69448248abbebc6a1654a08486652cb9fa6df27af220bb5d65bded46,343,8d4e5bff66fc53bfdb5ea71ada4c1a87e5350c859e3aec9e4b3ac04c6a0bee38,a1270f70683848fbfbf6d0f0120b07aad125689212e437c4fbff714f065352c3,87c80f1e9fc0d067b25ab1f819532325ebd2336df546ce04474d8bf033f667b5,2026-09-30T18:00:36Z
SubmitPartialDecryption,22,8965a9e70f5df116dca81e899686f038f5cc46d9b3d656a6157841bad6876c1d,343,8d4e5bff66fc53bfdb5ea71ada4c1a87e5350c859e3aec9e4b3ac04c6a0bee38,a1270f70683848fbfbf6d0f0120b07aad125689212e437c4fbff714f065352c3,87c80f1e9fc0d067b25ab1f819532325ebd2336df546ce04474d8bf033f667b5,2026-09-30T18:00:36Z
SubmitPartialDecryption,20,2f9549b26b69e975255cd2d77154378ebaf6fca075dd8520a1c22df68915134e,343,8d4e5bff66fc53bfdb5ea71ada4c1a87e5350c859e3aec9e4b3ac04c6a0bee38,a1270f70683848fbfbf6d0f0120b07aad125689212e437c4fbff714f065352c3,87c80f1e9fc0d067b25ab1f819532325ebd2336df546ce04474d8bf033f667b5,2026-09-30T18:00:36Z
SubmitPartialDecryption,30,426552ba882c8dca4230ffeccde232fd43fd2f5b9a10a552708d0340282ade0c,343,8d4e5bff66fc53bfdb5ea71ada4c1a87e5350c859e3aec9e4b3ac04c6a0bee38,a1270f70683848fbfbf6d0f0120b07aad125689212e437c4fbff714f065352c3,87c80f1e9fc0d067b25ab1f819532325ebd2336df546ce04474d8bf033f667b5,2026-09-30T18:00:36Z
SubmitPartialDecryption,26,2c9baa7d2eb3dbdecf1d4f8048f65602db365f2f913dfa323be8975f6a272bad,343,8d4e5bff66fc53bfdb5ea71ada4c1a87e5350c859e3aec9e4b3ac04c6a0bee38,a1270f70683848fbfbf6d0f0120b07aad125689212e437c4fbff714f065352c3,87c80f1e9fc0d067b25ab1f819532325ebd2336df546ce04474d8bf033f667b5,2026-09-30T18:00:36Z
SubmitPartialDecryption,25,96e47279871ef75de6fc0888e2e1a95b69ff5351e3993186af17afb507ee28aa,343,8d4e5bff66fc53bfdb5ea71ada4c1a87e5350c859e3aec9e4b3ac04c6a0bee38,a1270f70683848fbfbf6d0f0120b07aad125689212e437c4fbff714f065352c3,87c80f1e9fc0d067b25ab1f819532325ebd2336df546ce04474d8bf033f667b5,2026-09-30T18:00:36Z
SubmitPartialDecryption,27,51afa7b5962cc280a42ac11ada004601ed0bb014f68d7fda61c5f79e9a639eeb,343,8d4e5bff66fc53bfdb5ea71ada4c1a87e5350c859e3aec9e4b3ac04c6a0bee38,a1270f70683848fbfbf6d0f0120b07aad125689212e437c4fbff714f065352c3,87c80f1e9fc0d067b25ab1f819532325ebd2336df546ce04474d8bf033f667b5,2026-09-30T18:00:36Z
SubmitPartialDecryption,29,2e5de5ac76e613945bf9d94528c4729d400de9c6a326a72062f121d4789571ec,343,8d4e5bff66fc53bfdb5ea71ada4c1a87e5350c859e3aec9e4b3ac04c6a0bee38,a1270f70683848fbfbf6d0f0120b07aad125689212e437c4fbff714f065352c3,87c80f1e9fc0d067b25ab1f819532325ebd2336df546ce04474d8bf033f667b5,2026-09-30T18:00:36Z
SubmitPartialDecryption,17,eb4c23b46194337662f138d6ab9674817477dad07564c4d0ebd068872c9799ab,343,8d4e5bff66fc53bfdb5ea71ada4c1a87e5350c859e3aec9e4b3ac04c6a0bee38,a1270f70683848fbfbf6d0f0120b07aad125689212e437c4fbff714f065352c3,87c80f1e9fc0d067b25ab1f819532325ebd2336df546ce04474d8bf033f667b5,2026-09-30T18:00:36Z
SubmitPartialDecryption,34,2963ad8c6cb23254dcd6eefafb68e876df7b5dfcb5c19af9413caaad560d774f,344,d26d6b23123ecc81e9968dccbaaa38510c30f2b070d264acc9c9d69450f716da,7813ff9d272b277a59339baf2fb740b8c4b844f3cb735a6212ebf36133fbb7b6,8d4e5bff66fc53bfdb5ea71ada4c1a87e5350c859e3aec9e4b3ac04c6a0bee38,2026-09-30T18:00:38Z
SubmitPartialDecryption,43,6da5ea29b5a463d314dc59a68001ccbdab413653b96a712dce0c6ebbcf1a6aba,344,d26d6b23123ecc81e9968dccbaaa38510c30f2b070d264acc9c9d69450f716da,7813ff9d272b277a59339baf2fb740b8c4b844f3cb735a6212ebf36133fbb7b6,8d4e5bff66fc53bfdb5ea71ada4c1a87e5350c859e3aec9e4b3ac04c6a0bee38,2026-09-30T18:00:38Z
SubmitPartialDecryption,32,4a8582d0bcfa01306f03dc1fa19bd89c240f7dd3a04488d9abe12612b0506121,344,d26d6b23123ecc81e9968dccbaaa38510c30f2b070d264acc9c9d69450f716da,7813ff9d272b277a59339baf2fb740b8c4b844f3cb735a6212ebf36133fbb7b6,8d4e5bff66fc53bfdb5ea71ada4c1a87e5350c859e3aec9e4b3ac04c6a0bee38,2026-09-30T18:00:38Z
SubmitPartialDecryption,42,851ddb22876ddae9516e23407a41932f4078db0a22ba1cf317df9e2a4c2b7036,344,d26d6b23123ecc81e9968dccbaaa38510c30f2b070d264acc9c9d69450f716da,7813ff9d272b277a59339baf2fb740b8c4b844f3cb735a6212ebf36133fbb7b6,8d4e5bff66fc53bfdb5ea71ada4c1a87e5350c859e3aec9e4b3ac04c6a0bee38,2026-09-30T18:00:38Z
SubmitPartialDecryption,47,f39cfff3a85ba7b1c3f52fe7421791bdd7fb4acb4069beb9f7c7cad4aa14fc5d,344,d26d6b23123ecc81e9968dccbaaa38510c30f2b070d264acc9c9d69450f716da,7813ff9d272b277a59339baf2fb740b8c4b844f3cb735a6212ebf36133fbb7b6,8d4e5bff66fc53bfdb5ea71ada4c1a87e5350c859e3aec9e4b3ac04c6a0bee38,2026-09-30T18:00:38Z
SubmitPartialDecryption,35,2637e1b0df129fc3c97c51cf6665f6e297596ca4d9041a47b5621cb1126983bc,344,d26d6b23123ecc81e9968dccbaaa38510c30f2b070d264acc9c9d69450f716da,7813ff9d272b277a59339baf2fb740b8c4b844f3cb735a6212ebf36133fbb7b6,8d4e5bff66fc53bfdb5ea71ada4c1a87e5350c859e3aec9e4b3ac04c6a0bee38,2026-09-30T18:00:38Z
SubmitPartialDecryption,38,249091e63ef59eebd7c13113deb10ef551d66afb8d8a672619b630da81ed480a,344,d26d6b23123ecc81e9968dccbaaa38510c30f2b070d264acc9c9d69450f716da,7813ff9d272b277a59339baf2fb740b8c4b844f3cb735a6212ebf36133fbb7b6,8d4e5bff66fc53bfdb5ea71ada4c1a87e5350c859e3aec9e4b3ac04c6a0bee38,2026-09-30T18:00:38Z
SubmitPartialDecryption,33,7fded6f8b2553a03a72f4026d1896da20183bb3684783f12bccb1e07c0fed8b3,344,d26d6b23123ecc81e9968dccbaaa38510c30f2b070d264acc9c9d69450f716da,7813ff9d272b277a59339baf2fb740b8c4b844f3cb735a6212ebf36133fbb7b6,8d4e5bff66fc53bfdb5ea71ada4c1a87e5350c859e3aec9e4b3ac04c6a0bee38,2026-09-30T18:00:38Z
SubmitPartialDecryption,40,ccb51fddacb5c7f509a04bba447c21bab7966bc75621bc31fa44e6102876ea5b,344,d26d6b23123ecc81e9968dccbaaa38510c30f2b070d264acc9c9d69450f716da,7813ff9d272b277a59339baf2fb740b8c4b844f3cb735a6212ebf36133fbb7b6,8d4e5bff66fc53bfdb5ea71ada4c1a87e5350c859e3aec9e4b3ac04c6a0bee38,2026-09-30T18:00:38Z
SubmitPartialDecryption,46,3b746514da96e731c6576d1a60377ae5785a44c650362c2cdce4b78e782ecec2,344,d26d6b23123ecc81e9968dccbaaa38510c30f2b070d264acc9c9d69450f716da,7813ff9d272b277a59339baf2fb740b8c4b844f3cb735a6212ebf36133fbb7b6,8d4e5bff66fc53bfdb5ea71ada4c1a87e5350c859e3aec9e4b3ac04c6a0bee38,2026-09-30T18:00:38Z
SubmitPartialDecryption,39,ae1fe407ebde786458a2fb7031299a4110a6445c2ece8064edefb679617f18f1,344,d26d6b23123ecc81e9968dccbaaa38510c30f2b070d264acc9c9d69450f716da,7813ff9d272b277a59339baf2fb740b8c4b844f3cb735a6212ebf36133fbb7b6,8d4e5bff66fc53bfdb5ea71ada4c1a87e5350c859e3aec9e4b3ac04c6a0bee38,2026-09-30T18:00:38Z
SubmitPartialDecryption,41,3873985aca376916eeca7b644669e37565f3f9630f4f31580986475f85518337,344,d26d6b23123ecc81e9968dccbaaa38510c30f2b070d264acc9c9d69450f716da,7813ff9d272b277a59339baf2fb740b8c4b844f3cb735a6212ebf36133fbb7b6,8d4e5bff66fc53bfdb5ea71ada4c1a87e5350c859e3aec9e4b3ac04c6a0bee38,2026-09-30T18:00:38Z
SubmitPartialDecryption,37,33269f2b6a960c6fd4b3b959edfa54edcbc565f472600bdc8ba7574be1a1bbdb,344,d26d6b23123ecc81e9968dccbaaa38510c30f2b070d264acc9c9d69450f716da,7813ff9d272b277a59339baf2fb740b8c4b844f3cb735a6212ebf36133fbb7b6,8d4e5bff66fc53bfdb5ea71ada4c1a87e5350c859e3aec9e4b3ac04c6a0bee38,2026-09-30T18:00:38Z
SubmitPartialDecryption,36,65dfac4e430437da5718027dbf5a6f08362f01e84d69176e26231e64317e9f44,344,d26d6b23123ecc81e9968dccbaaa38510c30f2b070d264acc9c9d69450f716da,7813ff9d272b277a59339baf2fb740b8c4b844f3cb735a6212ebf36133fbb7b6,8d4e5bff66fc53bfdb5ea71ada4c1a87e5350c859e3aec9e4b3ac04c6a0bee38,2026-09-30T18:00:38Z
SubmitPartialDecryption,45,32904f6582f92ec40d6cf3fa1b5f8cae708e25461205b0feb95bbce74d106432,344,d26d6b23123ecc81e9968dccbaaa38510c30f2b070d264acc9c9d69450f716da,7813ff9d272b277a59339baf2fb740b8c4b844f3cb735a6212ebf36133fbb7b6,8d4e5bff66fc53bfdb5ea71ada4c1a87e5350c859e3aec9e4b3ac04c6a0bee38,2026-09-30T18:00:38Z
SubmitPartialDecryption,44,ab54623689768f2112ebeac9c2852cb1458cab6e628489f173aed1c814079423,344,d26d6b23123ecc81e9968dccbaaa38510c30f2b070d264acc9c9d69450f716da,7813ff9d272b277a59339baf2fb740b8c4b844f3cb735a6212ebf36133fbb7b6,8d4e5bff66fc53bfdb5ea71ada4c1a87e5350c859e3aec9e4b3ac04c6a0bee38,2026-09-30T18:00:38Z
SubmitPartialDecryption,55,720f8783e72ba4ce50f26bec29f1e8514f93da1f27f82dbc36b638eb3f9277e7,345,0e3db92921e655e0bcd5aee31f7a37154e95504a23c849b67efe08dbe91adb17,402edce226afe2fe748f0110a2a6b116d9808fd855a5d9bcce920058e7dfca86,d26d6b23123ecc81e9968dccbaaa38510c30f2b070d264acc9c9d69450f716da,2026-09-30T18:00:40Z
SubmitPartialDecryption,53,183f15f365e65576b1f0ffb5ff65569c13709e69f569dfff6c72999bedd206a4,345,0e3db92921e655e0bcd5aee31f7a37154e95504a23c849b67efe08dbe91adb17,402edce226afe2fe748f0110a2a6b116d9808fd855a5d9bcce920058e7dfca86,d26d6b23123ecc81e9968dccbaaa38510c30f2b070d264acc9c9d69450f716da,2026-09-30T18:00:40Z
SubmitPartialDecryption,60,4f070bc59495ee06dc85c2f2a028153a740572c1b4c4f1e6ccccd2539563ee82,345,0e3db92921e655e0bcd5aee31f7a37154e95504a23c849b67efe08dbe91adb17,402edce226afe2fe748f0110a2a6b116d9808fd855a5d9bcce920058e7dfca86,d26d6b23123ecc81e9968dccbaaa38510c30f2b070d264acc9c9d69450f716da,2026-09-30T18:00:40Z
SubmitPartialDecryption,61,2b1467434997dec2750ca76ee694271f35cfba874e31984351baf1e78ccc68a1,345,0e3db92921e655e0bcd5aee31f7a37154e95504a23c849b67efe08dbe91adb17,402edce226afe2fe748f0110a2a6b116d9808fd855a5d9bcce920058e7dfca86,d26d6b23123ecc81e9968dccbaaa38510c30f2b070d264acc9c9d69450f716da,2026-09-30T18:00:40Z
SubmitPartialDecryption,48,c57063a972b07053eaa37bc05f9e54a1152d692d2f431683354d1653f55e60e7,345,0e3db92921e655e0bcd5aee31f7a37154e95504a23c849b67efe08dbe91adb17,402edce226afe2fe748f0110a2a6b116d9808fd855a5d9bcce920058e7dfca86,d26d6b23123ecc81e9968dccbaaa38510c30f2b070d264acc9c9d69450f716da,2026-09-30T18:00:40Z
SubmitPartialDecryption,52,ba35cdef7c93b9cd953511bef49f4555b34faad6080c024ba91afd381ff390df,345,0e3db92921e655e0bcd5aee31f7a37154e95504a23c849b67efe08dbe91adb17,402edce226afe2fe748f0110a2a6b116d9808fd855a5d9bcce920058e7dfca86,d26d6b23123ecc81e9968dccbaaa38510c30f2b070d264acc9c9d69450f716da,2026-09-30T18:00:40Z
SubmitPartialDecryption,56,28121e58923ff46a456710d16763b2341e0938f0d9426d52fd7d784886281e5e,345,0e3db92921e655e0bcd5aee31f7a37154e95504a23c849b67efe08dbe91adb17,402edce226afe2fe748f0110a2a6b116d9808fd855a5d9bcce920058e7dfca86,d26d6b23123ecc81e9968dccbaaa38510c30f2b070d264acc9c9d69450f716da,2026-09-30T18:00:40Z
SubmitPartialDecryption,51,24e72aac5b003b3da11ef47c70ba04a8071f532b1e9eb284705aa54f967a4cab,345,0e3db92921e655e0bcd5aee31f7a37154e95504a23c849b67efe08dbe91adb17,402edce226afe2fe748f0110a2a6b116d9808fd855a5d9bcce920058e7dfca86,d26d6b23123ecc81e9968dccbaaa38510c30f2b070d264acc9c9d69450f716da,2026-09-30T18:00:40Z
SubmitPartialDecryption,50,6fc7aa10b9fcac434b3724a279308006dba42460bdc378c312e7ce986f90f242,345,0e3db92921e655e0bcd5aee31f7a37154e95504a23c849b67efe08dbe91adb17,402edce226afe2fe748f0110a2a6b116d9808fd855a5d9bcce920058e7dfca86,d26d6b23123ecc81e9968dccbaaa38510c30f2b070d264acc9c9d69450f716da,2026-09-30T18:00:40Z
SubmitPartialDecryption,58,d72846b680ec6273f16ed5f41ad4618a052aca5d4da10246f76fb8a764cb0989,345,0e3db92921e655e0bcd5aee31f7a37154e95504a23c849b67efe08dbe91adb17,402edce226afe2fe748f0110a2a6b116d9808fd855a5d9bcce920058e7dfca86,d26d6b23123ecc81e9968dccbaaa38510c30f2b070d264acc9c9d69450f716da,2026-09-30T18:00:40Z
SubmitPartialDecryption,57,d83ef25d4a216e20746e43175f385cde3bc451ab4e9920d9986f5ed2879b02ad,345,0e3db92921e655e0bcd5aee31f7a37154e95504a23c849b67efe08dbe91adb17,402edce226afe2fe748f0110a2a6b116d9808fd855a5d9bcce920058e7dfca86,d26d6b23123ecc81e9968dccbaaa38510c30f2b070d264acc9c9d69450f716da,2026-09-30T18:00:40Z
SubmitPartialDecryption,62,d16cca32b7b9654b179583be74ee40186d06a1ca72426f793bf23eea3cfd6eea,345,0e3db92921e655e0bcd5aee31f7a37154e95504a23c849b67efe08dbe91adb17,402edce226afe2fe748f0110a2a6b116d9808fd855a5d9bcce920058e7dfca86,d26d6b23123ecc81e9968dccbaaa38510c30f2b070d264acc9c9d69450f716da,2026-09-30T18:00:40Z
SubmitPartialDecryption,59,ea8a1ef3f44cd2102db54b62edb0a1fbbdc01f4be19fb6ea36388e9e4947c255,345,0e3db92921e655e0bcd5aee31f7a37154e95504a23c849b67efe08dbe91adb17,402edce226afe2fe748f0110a2a6b116d9808fd855a5d9bcce920058e7dfca86,d26d6b23123ecc81e9968dccbaaa38510c30f2b070d264acc9c9d69450f716da,2026-09-30T18:00:40Z
SubmitPartialDecryption,49,af675c1054acbcedcc2253694c84941790dd9b67bb5f46a11f2148954f8d7601,345,0e3db92921e655e0bcd5aee31f7a37154e95504a23c849b67efe08dbe91adb17,402edce226afe2fe748f0110a2a6b116d9808fd855a5d9bcce920058e7dfca86,d26d6b23123ecc81e9968dccbaaa38510c30f2b070d264acc9c9d69450f716da,2026-09-30T18:00:40Z
SubmitPartialDecryption,54,8abc84add987a0bb7a17ca6c9d683816541dc12b63a0ec938e2ed5081eab1859,345,0e3db92921e655e0bcd5aee31f7a37154e95504a23c849b67efe08dbe91adb17,402edce226afe2fe748f0110a2a6b116d9808fd855a5d9bcce920058e7dfca86,d26d6b23123ecc81e9968dccbaaa38510c30f2b070d264acc9c9d69450f716da,2026-09-30T18:00:40Z
SubmitPartialDecryption,63,e72f194adf6e5be4bc119239a916d636141c59119a1a7abb54dfd71e9fb34069,345,0e3db92921e655e0bcd5aee31f7a37154e95504a23c849b67efe08dbe91adb17,402edce226afe2fe748f0110a2a6b116d9808fd855a5d9bcce920058e7dfca86,d26d6b23123ecc81e9968dccbaaa38510c30f2b070d264acc9c9d69450f716da,2026-09-30T18:00:40Z
SubmitPartialDecryption,78,caabb356a1a51b07757affef5ddcba3e9fdfd97e624873f6546ef17428bdd68b,346,63a44dab969f2bf55a12301fbaaf1f3149bebab2909a2761b8046dfd64d55708,7f99e5d89a0d5b818666e766c90efd9c50dfa32a0f562903c748530e609123b2,0e3db92921e655e0bcd5aee31f7a37154e95504a23c849b67efe08dbe91adb17,2026-09-30T18:00:42Z
SubmitPartialDecryption,69,f74c76e14bdeae8c76bb2a40dfc2f0f6d7e99c5a57ae5725cefd076c04bacd72,346,63a44dab969f2bf55a12301fbaaf1f3149bebab2909a2761b8046dfd64d55708,7f99e5d89a0d5b818666e766c90efd9c50dfa32a0f562903c748530e609123b2,0e3db92921e655e0bcd5aee31f7a37154e95504a23c849b67efe08dbe91adb17,2026-09-30T18:00:42Z
SubmitPartialDecryption,64,5896e31acfa55e4caef2496c9cb61e4d593fc188054402c07014e4b43b2eaa70,346,63a44dab969f2bf55a12301fbaaf1f3149bebab2909a2761b8046dfd64d55708,7f99e5d89a0d5b818666e766c90efd9c50dfa32a0f562903c748530e609123b2,0e3db92921e655e0bcd5aee31f7a37154e95504a23c849b67efe08dbe91adb17,2026-09-30T18:00:42Z
SubmitPartialDecryption,66,231d1bf0d21454452199b43bb7e7a50a763b934bd4075167308654d570090fdb,346,63a44dab969f2bf55a12301fbaaf1f3149bebab2909a2761b8046dfd64d55708,7f99e5d89a0d5b818666e766c90efd9c50dfa32a0f562903c748530e609123b2,0e3db92921e655e0bcd5aee31f7a37154e95504a23c849b67efe08dbe91adb17,2026-09-30T18:00:42Z
SubmitPartialDecryption,79,b9cc2f8abcbee5e374ccb691b47a2efefa1ad3d793174e37a61ee7e6a4a447a1,346,63a44dab969f2bf55a12301fbaaf1f3149bebab2909a2761b8046dfd64d55708,7f99e5d89a0d5b818666e766c90efd9c50dfa32a0f562903c748530e609123b2,0e3db92921e655e0bcd5aee31f7a37154e95504a23c849b67efe08dbe91adb17,2026-09-30T18:00:42Z
SubmitPartialDecryption,75,a8d556a01f4f5cf551f815ad7f1fc1c728c316da8f9dd2cd9a0de8c397bff518,346,63a44dab969f2bf55a12301fbaaf1f3149bebab2909a2761b8046dfd64d55708,7f99e5d89a0d5b818666e766c90efd9c50dfa32a0f562903c748530e609123b2,0e3db92921e655e0bcd5aee31f7a37154e95504a23c849b67efe08dbe91adb17,2026-09-30T18:00:42Z
SubmitPartialDecryption,77,87178ec5425c06db934000bceb2f3f521c3b97093b903f89e3407a1b88313699,346,63a44dab969f2bf55a12301fbaaf1f3149bebab2909a2761b8046dfd64d55708,7f99e5d89a0d5b818666e766c90efd9c50dfa32a0f562903c748530e609123b2,0e3db92921e655e0bcd5aee31f7a37154e95504a23c849b67efe08dbe91adb17,2026-09-30T18:00:42Z
SubmitPartialDecryption,68,1e3197ebc4d1e39803d155bf88235a9c966b4652923c2fe8e56e505128c6eb06,346,63a44dab969f2bf55a12301fbaaf1f3149bebab2909a2761b8046dfd64d55708,7f99e5d89a0d5b818666e766c90efd9c50dfa32a0f562903c748530e609123b2,0e3db92921e655e0bcd5aee31f7a37154e95504a23c849b67efe08dbe91adb17,2026-09-30T18:00:42Z
SubmitPartialDecryption,70,f478ef90d3202fa31965b08efea13de09703dfe417fd79362b027fbe06cbf237,346,63a44dab969f2bf55a12301fbaaf1f3149bebab2909a2761b8046dfd64d55708,7f99e5d89a0d5b818666e766c90efd9c50dfa32a0f562903c748530e609123b2,0e3db92921e655e0bcd5aee31f7a37154e95504a23c849b67efe08dbe91adb17,2026-09-30T18:00:42Z
SubmitPartialDecryption,74,85a11aa51e937eed14d3dfb804345998cbfaeb62fc4d5c4989909af2eb4dfca1,346,63a44dab969f2bf55a12301fbaaf1f3149bebab2909a2761b8046dfd64d55708,7f99e5d89a0d5b818666e766c90efd9c50dfa32a0f562903c748530e609123b2,0e3db92921e655e0bcd5aee31f7a37154e95504a23c849b67efe08dbe91adb17,2026-09-30T18:00:42Z
SubmitPartialDecryption,76,6d6ca1f98b3a81564040ede022e1aca693146483ae9fba2786a2210dc889845b,346,63a44dab969f2bf55a12301fbaaf1f3149bebab2909a2761b8046dfd64d55708,7f99e5d89a0d5b818666e766c90efd9c50dfa32a0f562903c748530e609123b2,0e3db92921e655e0bcd5aee31f7a37154e95504a23c849b67efe08dbe91adb17,2026-09-30T18:00:42Z
SubmitPartialDecryption,73,a94b05ae1fb4454354a64bf2c7ed281dad16d9fefc94690a39e11b50e018947a,346,63a44dab969f2bf55a12301fbaaf1f3149bebab2909a2761b8046dfd64d55708,7f99e5d89a0d5b818666e766c90efd9c50dfa32a0f562903c748530e609123b2,0e3db92921e655e0bcd5aee31f7a37154e95504a23c849b67efe08dbe91adb17,2026-09-30T18:00:42Z
SubmitPartialDecryption,65,1780e7bb8f58a6d5015d3bbf8cc9ba29eba29f99b175ddf527943099066b90dc,346,63a44dab969f2bf55a12301fbaaf1f3149bebab2909a2761b8046dfd64d55708,7f99e5d89a0d5b818666e766c90efd9c50dfa32a0f562903c748530e609123b2,0e3db92921e655e0bcd5aee31f7a37154e95504a23c849b67efe08dbe91adb17,2026-09-30T18:00:42Z
SubmitPartialDecryption,72,0153933008db4461525a9edfd780fe7423d300cecf8f3b0c6f9f4ee3fee00f57,346,63a44dab969f2bf55a12301fbaaf1f3149bebab2909a2761b8046dfd64d55708,7f99e5d89a0d5b818666e766c90efd9c50dfa32a0f562903c748530e609123b2,0e3db92921e655e0bcd5aee31f7a37154e95504a23c849b67efe08dbe91adb17,2026-09-30T18:00:42Z
SubmitPartialDecryption,67,020bda251ca963c45c890e19fcd04dac14f3f8adac0ceb8142bf393b070706fb,346,63a44dab969f2bf55a12301fbaaf1f3149bebab2909a2761b8046dfd64d55708,7f99e5d89a0d5b818666e766c90efd9c50dfa32a0f562903c748530e609123b2,0e3db92921e655e0bcd5aee31f7a37154e95504a23c849b67efe08dbe91adb17,2026-09-30T18:00:42Z
SubmitPartialDecryption,71,6a0a54e19ac1583271acd5fc3ce6c1e9136596ff2df81516979f656d9e68098d,346,63a44dab969f2bf55a12301fbaaf1f3149bebab2909a2761b8046dfd64d55708,7f99e5d89a0d5b818666e766c90efd9c50dfa32a0f562903c748530e609123b2,0e3db92921e655e0bcd5aee31f7a37154e95504a23c849b67efe08dbe91adb17,2026-09-30T18:00:42Z
SubmitPartialDecryption,87,0e6cd5e6d1343309df0571c2e6b871a3a23355fdd0d07640633f03682497301e,347,792e25d7131ae7d16d89960ed65416940e169b4e799e459efe59be9c7cc10e61,bd25352ba9b80aa1f49e03ba3d0b9938e525babb4f2067f93bec7f4526cd1fd6,63a44dab969f2bf55a12301fbaaf1f3149bebab2909a2761b8046dfd64d55708,2026-09-30T18:00:44Z
SubmitPartialDecryption,95,dea068f81376641b94a9a8462ce43b2c4b9f184f91a69a8bbbdd66e4319c0003,347,792e25d7131ae7d16d89960ed65416940e169b4e799e459efe59be9c7cc10e61,bd25352ba9b80aa1f49e03ba3d0b9938e525babb4f2067f93bec7f4526cd1fd6,63a44dab969f2bf55a12301fbaaf1f3149bebab2909a2761b8046dfd64d55708,2026-09-30T18:00:44Z
SubmitPartialDecryption,85,199cf779ee383334504445b272c53eda936e3259daae90aa8a7b6162e45aede3,347,792e25d7131ae7d16d89960ed65416940e169b4e799e459efe59be9c7cc10e61,bd25352ba9b80aa1f49e03ba3d0b9938e525babb4f2067f93bec7f4526cd1fd6,63a44dab969f2bf55a12301fbaaf1f3149bebab2909a2761b8046dfd64d55708,2026-09-30T18:00:44Z
SubmitPartialDecryption,94,5183330e5aa9811651b4a86f299ac767530d63ee6967f2f201ee5add5b1e72a0,347,792e25d7131ae7d16d89960ed65416940e169b4e799e459efe59be9c7cc10e61,bd25352ba9b80aa1f49e03ba3d0b9938e525babb4f2067f93bec7f4526cd1fd6,63a44dab969f2bf55a12301fbaaf1f3149bebab2909a2761b8046dfd64d55708,2026-09-30T18:00:44Z
SubmitPartialDecryption,93,afe8fc39ee7f0b2e84fad79ca06e3d78627ca45ec476b5f8e8f858fda1dfa162,347,792e25d7131ae7d16d89960ed65416940e169b4e799e459efe59be9c7cc10e61,bd25352ba9b80aa1f49e03ba3d0b9938e525babb4f2067f93bec7f4526cd1fd6,63a44dab969f2bf55a12301fbaaf1f3149bebab2909a2761b8046dfd64d55708,2026-09-30T18:00:44Z
SubmitPartialDecryption,81,33a59f4aedfa8cf42b19d6ecf7c52d9c7a70f1f71b77acd7362d2933642f2a0e,347,792e25d7131ae7d16d89960ed65416940e169b4e799e459efe59be9c7cc10e61,bd25352ba9b80aa1f49e03ba3d0b9938e525babb4f2067f93bec7f4526cd1fd6,63a44dab969f2bf55a12301fbaaf1f3149bebab2909a2761b8046dfd64d55708,2026-09-30T18:00:44Z
SubmitPartialDecryption,83,d680ff34ab348efdefdebf68c03d15d72947b35d4edd8d22b538012153608f42,347,792e25d7131ae7d16d89960ed65416940e169b4e799e459efe59be9c7cc10e61,bd25352ba9b80aa1f49e03ba3d0b9938e525babb4f2067f93bec7f4526cd1fd6,63a44dab969f2bf55a12301fbaaf1f3149bebab2909a2761b8046dfd64d55708,2026-09-30T18:00:44Z
SubmitPartialDecryption,88,3d236cd7b6be12ac6f8a0e76e943fbed990a238deb638fc69454293b5d59d9b2,347,792e25d7131ae7d16d89960ed65416940e169b4e799e459efe59be9c7cc10e61,bd25352ba9b80aa1f49e03ba3d0b9938e525babb4f2067f93bec7f4526cd1fd6,63a44dab969f2bf55a12301fbaaf1f3149bebab2909a2761b8046dfd64d55708,2026-09-30T18:00:44Z
SubmitPartialDecryption,86,53cc1fb7d2ec53f4a325b07c16f5919a8f6a4b7410d1665cb9e0820fb81c978c,347,792e25d7131ae7d16d89960ed65416940e169b4e799e459efe59be9c7cc10e61,bd25352ba9b80aa1f49e03ba3d0b9938e525babb4f2067f93bec7f4526cd1fd6,63a44dab969f2bf55a12301fbaaf1f3149bebab2909a2761b8046dfd64d55708,2026-09-30T18:00:44Z
SubmitPartialDecryption,92,ecc4f2e53c0c0bce29f465784bbd1e5f5b541d4beaaf9929242f2f767d082270,347,792e25d7131ae7d16d89960ed65416940e169b4e799e459efe59be9c7cc10e61,bd25352ba9b80aa1f49e03ba3d0b9938e525babb4f2067f93bec7f4526cd1fd6,63a44dab969f2bf55a12301fbaaf1f3149bebab2909a2761b8046dfd64d55708,2026-09-30T18:00:44Z
SubmitPartialDecryption,90,4fcd01f6ce19cb0c8cd952da50a6c03f11c28e40d30f3e05f4ceb3cbee9736e7,347,792e25d7131ae7d16d89960ed65416940e169b4e799e459efe59be9c7cc10e61,bd25352ba9b80aa1f49e03ba3d0b9938e525babb4f2067f93bec7f4526cd1fd6,63a44dab969f2bf55a12301fbaaf1f3149bebab2909a2761b8046dfd64d55708,2026-09-30T18:00:44Z
SubmitPartialDecryption,91,fa22a74fa3e82a43c35aa3e02708b3265be56b3f3fb671e71e79191ce2e321e8,347,792e25d7131ae7d16d89960ed65416940e169b4e799e459efe59be9c7cc10e61,bd25352ba9b80aa1f49e03ba3d0b9938e525babb4f2067f93bec7f4526cd1fd6,63a44dab969f2bf55a12301fbaaf1f3149bebab2909a2761b8046dfd64d55708,2026-09-30T18:00:44Z
SubmitPartialDecryption,80,9e4aeccde3cbd096e8bcfbef780214de363c16a168f12389b6d4581659674298,347,792e25d7131ae7d16d89960ed65416940e169b4e799e459efe59be9c7cc10e61,bd25352ba9b80aa1f49e03ba3d0b9938e525babb4f2067f93bec7f4526cd1fd6,63a44dab969f2bf55a12301fbaaf1f3149bebab2909a2761b8046dfd64d55708,2026-09-30T18:00:44Z
SubmitPartialDecryption,89,71d4bf636176e2a04a2598ae94263f348875c4d7cf7213e5b51f93297cfa1e98,347,792e25d7131ae7d16d89960ed65416940e169b4e799e459efe59be9c7cc10e61,bd25352ba9b80aa1f49e03ba3d0b9938e525babb4f2067f93bec7f4526cd1fd6,63a44dab969f2bf55a12301fbaaf1f3149bebab2909a2761b8046dfd64d55708,2026-09-30T18:00:44Z
SubmitPartialDecryption,84,e7496bea619fe592e3a2fe11b31a5ec4d861f428542b19fb42f8fdec0e8e4f29,347,792e25d7131ae7d16d89960ed65416940e169b4e799e459efe59be9c7cc10e61,bd25352ba9b80aa1f49e03ba3d0b9938e525babb4f2067f93bec7f4526cd1fd6,63a44dab969f2bf55a12301fbaaf1f3149bebab2909a2761b8046dfd64d55708,2026-09-30T18:00:44Z
SubmitPartialDecryption,82,6a747767d331c8ef86a816e866b1cf4fe96d821a84dee025f3e2707bcf032312,347,792e25d7131ae7d16d89960ed65416940e169b4e799e459efe59be9c7cc10e61,bd25352ba9b80aa1f49e03ba3d0b9938e525babb4f2067f93bec7f4526cd1fd6,63a44dab969f2bf55a12301fbaaf1f3149bebab2909a2761b8046dfd64d55708,2026-09-30T18:00:44Z
SubmitPartialDecryption,101,226b99ab6090ae98c579de3063f8d855838246f8aed11c9c8c73c97820996aa2,348,3aeda5c9df3fdb27605b8bb0aed9c41eb5e489133be0580cd3071ba5f623e267,5130ea4648bc2fbc90df95a8a06e0d791de1fa381eb06eb6d0b71ffcc0474d56,792e25d7131ae7d16d89960ed65416940e169b4e799e459efe59be9c7cc10e61,2026-09-30T18:00:46Z
SubmitPartialDecryption,111,02e8ff14a6a679efc0b9f2367ea631b5faba2b5edee811f10db94620fe107680,348,3aeda5c9df3fdb27605b8bb0aed9c41eb5e489133be0580cd3071ba5f623e267,5130ea4648bc2fbc90df95a8a06e0d791de1fa381eb06eb6d0b71ffcc0474d56,792e25d7131ae7d16d89960ed65416940e169b4e799e459efe59be9c7cc10e61,2026-09-30T18:00:46Z
SubmitPartialDecryption,100,3f218c375f0cb5f7be85a2eee1b7125308a19b9d8f58bb6e058848f1aa3d8892,348,3aeda5c9df3fdb27605b8bb0aed9c41eb5e489133be0580cd3071ba5f623e267,5130ea4648bc2fbc90df95a8a06e0d791de1fa381eb06eb6d0b71ffcc0474d56,792e25d7131ae7d16d89960ed65416940e169b4e799e459efe59be9c7cc10e61,2026-09-30T18:00:46Z
SubmitPartialDecryption,107,86ed167e3cad6e94882ec58832a9e0548f54f0ca000c8bf24d30bdb4a19a4750,348,3aeda5c9df3fdb27605b8bb0aed9c41eb5e489133be0580cd3071ba5f623e267,5130ea4648bc2fbc90df95a8a06e0d791de1fa381eb06eb6d0b71ffcc0474d56,792e25d7131ae7d16d89960ed65416940e169b4e799e459efe59be9c7cc10e61,2026-09-30T18:00:46Z
SubmitPartialDecryption,104,0b18c5a8b5dc762934fe072d6a66a72c96d5771785e6b664e6661a438484f62b,348,3aeda5c9df3fdb27605b8bb0aed9c41eb5e489133be0580cd3071ba5f623e267,5130ea4648bc2fbc90df95a8a06e0d791de1fa381eb06eb6d0b71ffcc0474d56,792e25d7131ae7d16d89960ed65416940e169b4e799e459efe59be9c7cc10e61,2026-09-30T18:00:46Z
SubmitPartialDecryption,109,88121c3572d47a4f86332e24d014910710f0fe283705b7f33d4769ed1c6e0124,348,3aeda5c9df3fdb27605b8bb0aed9c41eb5e489133be0580cd3071ba5f623e267,5130ea4648bc2fbc90df95a8a06e0d791de1fa381eb06eb6d0b71ffcc0474d56,792e25d7131ae7d16d89960ed65416940e169b4e799e459efe59be9c7cc10e61,2026-09-30T18:00:46Z
SubmitPartialDecryption,98,6e2d01d27cef8455919832034d56fca03c746705182a31ad34a8a699e359cf3f,348,3aeda5c9df3fdb27605b8bb0aed9c41eb5e489133be0580cd3071ba5f623e267,5130ea4648bc2fbc90df95a8a06e0d791de1fa381eb06eb6d0b71ffcc0474d56,792e25d7131ae7d16d89960ed65416940e169b4e799e459efe59be9c7cc10e61,2026-09-30T18:00:46Z
SubmitPartialDecryption,108,62f5c3f9ce1cff4cfd4d1b914752c1dd260fd486325ec705266b77e86e38413e,348,3aeda5c9df3fdb27605b8bb0aed9c41eb5e489133be0580cd3071ba5f623e267,5130ea4648bc2fbc90df95a8a06e0d791de1fa381eb06eb6d0b71ffcc0474d56,792e25d7131ae7d16d89960ed65416940e169b4e799e459efe59be9c7cc10e61,2026-09-30T18:00:46Z
SubmitPartialDecryption,105,fd73092ce3cebf30c65fde4204ada0524225ee6001814954a3768595079eb491,348,3aeda5c9df3fdb27605b8bb0aed9c41eb5e489133be0580cd3071ba5f623e267,5130ea4648bc2fbc90df95a8a06e0d791de1fa381eb06eb6d0b71ffcc0474d56,792e25d7131ae7d16d89960ed65416940e169b4e799e459efe59be9c7cc10e61,2026-09-30T18:00:46Z
SubmitPartialDecryption,96,2ae51987d677457a7deaee00a4bb553a0705a28d8efeb6dc6938f78a10c22d58,348,3aeda5c9df3fdb27605b8bb0aed9c41eb5e489133be0580cd3071ba5f623e267,5130ea4648bc2fbc90df95a8a06e0d791de1fa381eb06eb6d0b71ffcc0474d56,792e25d7131ae7d16d89960ed65416940e169b4e799e459efe59be9c7cc10e61,2026-09-30T18:00:46Z
SubmitPartialDecryption,103,8f37590b0e1cb9f44c9c4aba0144c415e392df37c690a5a09b9fd062f23ec85c,348,3aeda5c9df3fdb27605b8bb0aed9c41eb5e489133be0580cd3071ba5f623e267,5130ea4648bc2fbc90df95a8a06e0d791de1fa381eb06eb6d0b71ffcc0474d56,792e25d7131ae7d16d89960ed65416940e169b4e799e459efe59be9c7cc10e61,2026-09-30T18:00:46Z
SubmitPartialDecryption,106,778b49e3e3350e9ae003ba7144d8c12d6ccf4835c8e92e43065926795ef66407,348,3aeda5c9df3fdb27605b8bb0aed9c41eb5e489133be0580cd3071ba5f623e267,5130ea4648bc2fbc90df95a8a06e0d791de1fa381eb06eb6d0b71ffcc0474d56,792e25d7131ae7d16d89960ed65416940e169b4e799e459efe59be9c7cc10e61,2026-09-30T18:00:46Z
SubmitPartialDecryption,102,37a88a04ef0f653199fa0bbfced74ba8c6a95c55e4aeb15d9fb20daaf925f450,348,3aeda5c9df3fdb27605b8bb0aed9c41eb5e489133be0580cd3071ba5f623e267,5130ea4648bc2fbc90df95a8a06e0d791de1fa381eb06eb6d0b71ffcc0474d56,792e25d7131ae7d16d89960ed65416940e169b4e799e459efe59be9c7cc10e61,2026-09-30T18:00:46Z
SubmitPartialDecryption,110,c0abd1ce5169768fa6da7799e1d449cb37e629e72f58885f7bb39a755d44bb81,348,3aeda5c9df3fdb27605b8bb0aed9c41eb5e489133be0580cd3071ba5f623e267,5130ea4648bc2fbc90df95a8a06e0d791de1fa381eb06eb6d0b71ffcc0474d56,792e25d7131ae7d16d89960ed65416940e169b4e799e459efe59be9c7cc10e61,2026-09-30T18:00:46Z
SubmitPartialDecryption,99,b89f552f16c8c9a0f2c218a71df41e0357dfdfb1784f48fe0aafbebfc403593f,348,3aeda5c9df3fdb27605b8bb0aed9c41eb5e489133be0580cd3071ba5f623e267,5130ea4648bc2fbc90df95a8a06e0d791de1fa381eb06eb6d0b71ffcc0474d56,792e25d7131ae7d16d89960ed65416940e169b4e799e459efe59be9c7cc10e61,2026-09-30T18:00:46Z
SubmitPartialDecryption,97,4893b2e4e005f5b89c2d30076d2fe66b17b71ce60c51f2e5c90148191d357eb0,348,3aeda5c9df3fdb27605b8bb0aed9c41eb5e489133be0580cd3071ba5f623e267,5130ea4648bc2fbc90df95a8a06e0d791de1fa381eb06eb6d0b71ffcc0474d56,792e25d7131ae7d16d89960ed65416940e169b4e799e459efe59be9c7cc10e61,2026-09-30T18:00:46Z
SubmitPartialDecryption,112,10870c404758f3c5b2afc63bf698ab33fdbcc5cd01a2cdd69897fabb623eb571,349,bf2597504c4345411f1bd9cd57aa54175216e981892d856560bdbc399490f875,3d95ce732f504653e8b839f3cd36a0665132959975c7506047d7455a90e73a9b,3aeda5c9df3fdb27605b8bb0aed9c41eb5e489133be0580cd3071ba5f623e267,2026-09-30T18:00:48Z
SubmitPartialDecryption,127,c40be6453eef3b1c2d11a366b8f49e62c8f399974e84017593b2171ba71da37e,349,bf2597504c4345411f1bd9cd57aa54175216e981892d856560bdbc399490f875,3d95ce732f504653e8b839f3cd36a0665132959975c7506047d7455a90e73a9b,3aeda5c9df3fdb27605b8bb0aed9c41eb5e489133be0580cd3071ba5f623e267,2026-09-30T18:00:48Z
SubmitPartialDecryption,124,3b03d30849443496a722651530c2920439eccb719fac80450415ab400f5f8864,349,bf2597504c4345411f1bd9cd57aa54175216e981892d856560bdbc399490f875,3d95ce732f504653e8b839f3cd36a0665132959975c7506047d7455a90e73a9b,3aeda5c9df3fdb27605b8bb0aed9c41eb5e489133be0580cd3071ba5f623e267,2026-09-30T18:00:48Z
SubmitPartialDecryption,113,d5ecde5eb122f91f4defc36b54dfe606724c720a24677154a356488678047af5,349,bf2597504c4345411f1bd9cd57aa54175216e981892d856560bdbc399490f875,3d95ce732f504653e8b839f3cd36a0665132959975c7506047d7455a90e73a9b,3aeda5c9df3fdb27605b8bb0aed9c41eb5e489133be0580cd3071ba5f623e267,2026-09-30T18:00:48Z
SubmitPartialDecryption,114,9a53ae71166eb83e0e2730df69c8dc866081ba6a05e33e59dabd2937e10c3632,349,bf2597504c4345411f1bd9cd57aa54175216e981892d856560bdbc399490f875,3d95ce732f504653e8b839f3cd36a0665132959975c7506047d7455a90e73a9b,3aeda5c9df3fdb27605b8bb0aed9c41eb5e489133be0580cd3071ba5f623e267,2026-09-30T18:00:48Z
SubmitPartialDecryption,117,b0454b5265dbb9b54a6cb2bf743e794c49a9cc205f6bb925118268192353bc66,349,bf2597504c4345411f1bd9cd57aa54175216e981892d856560bdbc399490f875,3d95ce732f504653e8b839f3cd36a0665132959975c7506047d7455a90e73a9b,3aeda5c9df3fdb27605b8bb0aed9c41eb5e489133be0580cd3071ba5f623e267,2026-09-30T18:00:48Z
SubmitPartialDecryption,115,19f5aeecf2f5f0bcfdc309682b74a46797db85a93ac39c856ec8b43b2386d88c,349,bf2597504c4345411f1bd9cd57aa54175216e981892d856560bdbc399490f875,3d95ce732f504653e8b839f3cd36a0665132959975c7506047d7455a90e73a9b,3aeda5c9df3fdb27605b8bb0aed9c41eb5e489133be0580cd3071ba5f623e267,2026-09-30T18:00:48Z
SubmitPartialDecryption,123,14822819ccf30d7b910962e3e7f4fb3aebd196684b5575dc1cce7373c628bbd5,349,bf2597504c4345411f1bd9cd57aa54175216e981892d856560bdbc399490f875,3d95ce732f504653e8b839f3cd36a0665132959975c7506047d7455a90e73a9b,3aeda5c9df3fdb27605b8bb0aed9c41eb5e489133be0580cd3071ba5f623e267,2026-09-30T18:00:48Z
SubmitPartialDecryption,119,b72ba497d6706feca622106054b4be8530959bc239fab6ac33058c368d407375,349,bf2597504c4345411f1bd9cd57aa54175216e981892d856560bdbc399490f875,3d95ce732f504653e8b839f3cd36a0665132959975c7506047d7455a90e73a9b,3aeda5c9df3fdb27605b8bb0aed9c41eb5e489133be0580cd3071ba5f623e267,2026-09-30T18:00:48Z
SubmitPartialDecryption,126,f4c6682bd786449ff45d098aabc1c480604d817a6a5eb6e1708005dc5e37c28e,349,bf2597504c4345411f1bd9cd57aa54175216e981892d856560bdbc399490f875,3d95ce732f504653e8b839f3cd36a0665132959975c7506047d7455a90e73a9b,3aeda5c9df3fdb27605b8bb0aed9c41eb5e489133be0580cd3071ba5f623e267,2026-09-30T18:00:48Z
SubmitPartialDecryption,125,b2479d4c266b89873b43b86e9f44b55b1a9e9b70570c09ca03963f7e518d9717,349,bf2597504c4345411f1bd9cd57aa54175216e981892d856560bdbc399490f875,3d95ce732f504653e8b839f3cd36a0665132959975c7506047d7455a90e73a9b,3aeda5c9df3fdb27605b8bb0aed9c41eb5e489133be0580cd3071ba5f623e267,2026-09-30T18:00:48Z
SubmitPartialDecryption,121,8d0cec2103db6c0b97cc0e32d0ab6d64be54988f644627e99318102665c07a98,349,bf2597504c4345411f1bd9cd57aa54175216e981892d856560bdbc399490f875,3d95ce732f504653e8b839f3cd36a0665132959975c7506047d7455a90e73a9b,3aeda5c9df3fdb27605b8bb0aed9c41eb5e489133be0580cd3071ba5f623e267,2026-09-30T18:00:48Z
SubmitPartialDecryption,120,fb78336ea72758ebd002779c70de58865a347d3cb45fee954eb058214431407c,349,bf2597504c4345411f1bd9cd57aa54175216e981892d856560bdbc399490f875,3d95ce732f504653e8b839f3cd36a0665132959975c7506047d7455a90e73a9b,3aeda5c9df3fdb27605b8bb0aed9c41eb5e489133be0580cd3071ba5f623e267,2026-09-30T18:00:48Z
SubmitPartialDecryption,118,8f4058d38c72da0f422ea35e57b81a7de1925341df883815e1148c67495294ef,349,bf2597504c4345411f1bd9cd57aa54175216e981892d856560bdbc399490f875,3d95ce732f504653e8b839f3cd36a0665132959975c7506047d7455a90e73a9b,3aeda5c9df3fdb27605b8bb0aed9c41eb5e489133be0580cd3071ba5f623e267,2026-09-30T18:00:48Z
SubmitPartialDecryption,116,ba81e09ad80eddbf0bfd16e7db418f5d02df16d85da16052020d9ee80e3fe949,349,bf2597504c4345411f1bd9cd57aa54175216e981892d856560bdbc399490f875,3d95ce732f504653e8b839f3cd36a0665132959975c7506047d7455a90e73a9b,3aeda5c9df3fdb27605b8bb0aed9c41eb5e489133be0580cd3071ba5f623e267,2026-09-30T18:00:48Z
SubmitPartialDecryption,122,2a2229ce0ef6073b3e9d8914ed565f21736fea3a44deda27245989d70cada45a,349,bf2597504c4345411f1bd9cd57aa54175216e981892d856560bdbc399490f875,3d95ce732f504653e8b839f3cd36a0665132959975c7506047d7455a90e73a9b,3aeda5c9df3fdb27605b8bb0aed9c41eb5e489133be0580cd3071ba5f623e267,2026-09-30T18:00:48Z
SubmitPartialDecryption,134,52a1124fa59106145fd293936962ca8232551bbd3d36d6a9949b458b24d7ac48,350,0a368d81d9b8c4284c52c597afa606a6733405ed3c78152f5aa2767e81c27525,2c6fda77ceb9f90edc5ecb6e37d1cbecc1fcfe008d2b52e27632baf31cb34851,bf2597504c4345411f1bd9cd57aa54175216e981892d856560bdbc399490f875,2026-09-30T18:00:51Z
SubmitPartialDecryption,142,32739416e162c0a16b99ac0030336ffddb7c95de094ae0bf17f25dcb745509f4,350,0a368d81d9b8c4284c52c597afa606a6733405ed3c78152f5aa2767e81c27525,2c6fda77ceb9f90edc5ecb6e37d1cbecc1fcfe008d2b52e27632baf31cb34851,bf2597504c4345411f1bd9cd57aa54175216e981892d856560bdbc399490f875,2026-09-30T18:00:51Z
SubmitPartialDecryption,135,96facdd984d0a63a788f41944e5bfbaf20e2fb056e53a6664607b93fb1e57c9a,350,0a368d81d9b8c4284c52c597afa606a6733405ed3c78152f5aa2767e81c27525,2c6fda77ceb9f90edc5ecb6e37d1cbecc1fcfe008d2b52e27632baf31cb34851,bf2597504c4345411f1bd9cd57aa54175216e981892d856560bdbc399490f875,2026-09-30T18:00:51Z
SubmitPartialDecryption,138,a210e1fbaa33e6983a8ce2ced70d75204825b77e46139ef6f87df53c20345a6d,350,0a368d81d9b8c4284c52c597afa606a6733405ed3c78152f5aa2767e81c27525,2c6fda77ceb9f90edc5ecb6e37d1cbecc1fcfe008d2b52e27632baf31cb34851,bf2597504c4345411f1bd9cd57aa54175216e981892d856560bdbc399490f875,2026-09-30T18:00:51Z
SubmitPartialDecryption,129,2c4644bd209bf50f5855ffff0437afa80953f69767fc6b177b1bb16d62686054,350,0a368d81d9b8c4284c52c597afa606a6733405ed3c78152f5aa2767e81c27525,2c6fda77ceb9f90edc5ecb6e37d1cbecc1fcfe008d2b52e27632baf31cb34851,bf2597504c4345411f1bd9cd57aa54175216e981892d856560bdbc399490f875,2026-09-30T18:00:51Z
SubmitPartialDecryption,137,514db0e689c95137d244b6c3f46d64eee0ef3cf3ef33b93cbd78f5bbd9b310f6,350,0a368d81d9b8c4284c52c597afa606a6733405ed3c78152f5aa2767e81c27525,2c6fda77ceb9f90edc5ecb6e37d1cbecc1fcfe008d2b52e27632baf31cb34851,bf2597504c4345411f1bd9cd57aa54175216e981892d856560bdbc399490f875,2026-09-30T18:00:51Z
SubmitPartialDecryption,130,2c515ccb7475da3fc09399bfc92a7b6f7b84c2a9195682a364688c7375761240,350,0a368d81d9b8c4284c52c597afa606a6733405ed3c78152f5aa2767e81c27525,2c6fda77ceb9f90edc5ecb6e37d1cbecc1fcfe008d2b52e27632baf31cb34851,bf2597504c4345411f1bd9cd57aa54175216e981892d856560bdbc399490f875,2026-09-30T18:00:51Z
SubmitPartialDecryption,133,e71f9306b471b2e4e9a52bb856b61a404a0a8cecf450903aa3d25a505be301f8,350,0a368d81d9b8c4284c52c597afa606a6733405ed3c78152f5aa2767e81c27525,2c6fda77ceb9f90edc5ecb6e37d1cbecc1fcfe008d2b52e27632baf31cb34851,bf2597504c4345411f1bd9cd57aa54175216e981892d856560bdbc399490f875,2026-09-30T18:00:51Z
SubmitPartialDecryption,136,e0ae9107247088c0739af57cb7185ccc388e0c0eea03002346b7c19eee011eec,350,0a368d81d9b8c4284c52c597afa606a6733405ed3c78152f5aa2767e81c27525,2c6fda77ceb9f90edc5ecb6e37d1cbecc1fcfe008d2b52e27632baf31cb34851,bf2597504c4345411f1bd9cd57aa54175216e981892d856560bdbc399490f875,2026-09-30T18:00:51Z
SubmitPartialDecryption,131,e839bc5c56b9a7d75c18afa78e8bbfc8ebdc44c703308cfcb7b454c87669b43b,350,0a368d81d9b8c4284c52c597afa606a6733405ed3c78152f5aa2767e81c27525,2c6fda77ceb9f90edc5ecb6e37d1cbecc1fcfe008d2b52e27632baf31cb34851,bf2597504c4345411f1bd9cd57aa54175216e981892d856560bdbc399490f875,2026-09-30T18:00:51Z
SubmitPartialDecryption,143,3c98af64fc916f5ac56cbc856be9695a976c46605e67e7858dc1f3da404ab1ff,350,0a368d81d9b8c4284c52c597afa606a6733405ed3c78152f5aa2767e81c27525,2c6fda77ceb9f90edc5ecb6e37d1cbecc1fcfe008d2b52e27632baf31cb34851,bf2597504c4345411f1bd9cd57aa54175216e981892d856560bdbc399490f875,2026-09-30T18:00:51Z
SubmitPartialDecryption,128,6e138687c0bfbddde618476bb3f103ef249be4a447fe9688b585d14430e56a0c,350,0a368d81d9b8c4284c52c597afa606a6733405ed3c78152f5aa2767e81c27525,2c6fda77ceb9f90edc5ecb6e37d1cbecc1fcfe008d2b52e27632baf31cb34851,bf2597504c4345411f1bd9cd57aa54175216e981892d856560bdbc399490f875,2026-09-30T18:00:51Z
SubmitPartialDecryption,141,0ff7df73e7f60d9a0d205a5e9fcc0082bfcab639be8137efddb382ec8495e5f6,350,0a368d81d9b8c4284c52c597afa606a6733405ed3c78152f5aa2767e81c27525,2c6fda77ceb9f90edc5ecb6e37d1cbecc1fcfe008d2b52e27632baf31cb34851,bf2597504c4345411f1bd9cd57aa54175216e981892d856560bdbc399490f875,2026-09-30T18:00:51Z
SubmitPartialDecryption,139,b83aa23d85bbdda4d70837289b98c357b9886aff8db195bbab25b2dced49cb78,350,0a368d81d9b8c4284c52c597afa606a6733405ed3c78152f5aa2767e81c27525,2c6fda77ceb9f90edc5ecb6e37d1cbecc1fcfe008d2b52e27632baf31cb34851,bf2597504c4345411f1bd9cd57aa54175216e981892d856560bdbc399490f875,2026-09-30T18:00:51Z
SubmitPartialDecryption,132,043b26d43d6065a482ee2997a3f37a2a0025b1e180a40bf74d0231e901a0d608,350,0a368d81d9b8c4284c52c597afa606a6733405ed3c78152f5aa2767e81c27525,2c6fda77ceb9f90edc5ecb6e37d1cbecc1fcfe008d2b52e27632baf31cb34851,bf2597504c4345411f1bd9cd57aa54175216e981892d856560bdbc399490f875,2026-09-30T18:00:51Z
SubmitPartialDecryption,140,9f1bfa711eaeb6519c13588bbd48cb56cfe7639fefd0d7ee1a76809603829a99,350,0a368d81d9b8c4284c52c597afa606a6733405ed3c78152f5aa2767e81c27525,2c6fda77ceb9f90edc5ecb6e37d1cbecc1fcfe008d2b52e27632baf31cb34851,bf2597504c4345411f1bd9cd57aa54175216e981892d856560bdbc399490f875,2026-09-30T18:00:51Z
SubmitPartialDecryption,156,e7ccc62c71c2c4c4fa66bc6944adfa6b33b8bc89e9ea07e811ab6fd656c1ba85,351,c0f5768bec512eb16eb427d7b8b743ca048720538ccae07e15f9f12d9111ef7b,0e32d50ab418b55a5919a96a0bd32013165dc5bc931af8eb97ba7941cbf6d300,0a368d81d9b8c4284c52c597afa606a6733405ed3c78152f5aa2767e81c27525,2026-09-30T18:00:53Z
SubmitPartialDecryption,152,73c0684ef2bd068edca08b6b4e9d62c093333c7ad8c94c9f55f5721dd92fa06b,351,c0f5768bec512eb16eb427d7b8b743ca048720538ccae07e15f9f12d9111ef7b,0e32d50ab418b55a5919a96a0bd32013165dc5bc931af8eb97ba7941cbf6d300,0a368d81d9b8c4284c52c597afa606a6733405ed3c78152f5aa2767e81c27525,2026-09-30T18:00:53Z
SubmitPartialDecryption,151,3b6633af103279a352ce8306f680f29b4ceb5c58394964c24e1b25b99e73a8b2,351,c0f5768bec512eb16eb427d7b8b743ca048720538ccae07e15f9f12d9111ef7b,0e32d50ab418b55a5919a96a0bd32013165dc5bc931af8eb97ba7941cbf6d300,0a368d81d9b8c4284c52c597afa606a6733405ed3c78152f5aa2767e81c27525,2026-09-30T18:00:53Z
SubmitPartialDecryption,149,70b7f37892d1cd05df4be3cf5e15a1536f0ad2ae75cfd8a95b40d4825a0697ce,351,c0f5768bec512eb16eb427d7b8b743ca048720538ccae07e15f9f12d9111ef7b,0e32d50ab418b55a5919a96a0bd32013165dc5bc931af8eb97ba7941cbf6d300,0a368d81d9b8c4284c52c597afa606a6733405ed3c78152f5aa2767e81c27525,2026-09-30T18:00:53Z
SubmitPartialDecryption,158,3ff2b6149db60b3df753e3a89b71d15ee07b6f44d48b93dabf197edd3594c767,351,c0f5768bec512eb16eb427d7b8b743ca048720538ccae07e15f9f12d9111ef7b,0e32d50ab418b55a5919a96a0bd32013165dc5bc931af8eb97ba7941cbf6d300,0a368d81d9b8c4284c52c597afa606a6733405ed3c78152f5aa2767e81c27525,2026-09-30T18:00:53Z
SubmitPartialDecryption,145,4bcd279d3310c11fa20d6ae40426ca0e85587c2f917a711ad308bc3a6f8853a7,351,c0f5768bec512eb16eb427d7b8b743ca048720538ccae07e15f9f12d9111ef7b,0e32d50ab418b55a5919a96a0bd32013165dc5bc931af8eb97ba7941cbf6d300,0a368d81d9b8c4284c52c597afa606a6733405ed3c78152f5aa2767e81c27525,2026-09-30T18:00:53Z
SubmitPartialDecryption,144,b788d1d96a869fcf9ddc44f10a8d00ddfea8f93b37c5e2be1d1d3c209a4b0fe8,351,c0f5768bec512eb16eb427d7b8b743ca048720538ccae07e15f9f12d9111ef7b,0e32d50ab418b55a5919a96a0bd32013165dc5bc931af8eb97ba7941cbf6d300,0a368d81d9b8c4284c52c597afa606a6733405ed3c78152f5aa2767e81c27525,2026-09-30T18:00:53Z
SubmitPartialDecryption,154,de094fe88c7b3d6ba3127c06a1eb0e8a4dd0e56e3a0fb022c70937c5782f5ead,351,c0f5768bec512eb16eb427d7b8b743ca048720538ccae07e15f9f12d9111ef7b,0e32d50ab418b55a5919a96a0bd32013165dc5bc931af8eb97ba7941cbf6d300,0a368d81d9b8c4284c52c597afa606a6733405ed3c78152f5aa2767e81c27525,2026-09-30T18:00:53Z
SubmitPartialDecryption,150,f2b3c453cec586aa77398aab11bd2ee47e56f43b1fd30a62f9b45572e63e180b,351,c0f5768bec512eb16eb427d7b8b743ca048720538ccae07e15f9f12d9111ef7b,0e32d50ab418b55a5919a96a0bd32013165dc5bc931af8eb97ba7941cbf6d300,0a368d81d9b8c4284c52c597afa606a6733405ed3c78152f5aa2767e81c27525,2026-09-30T18:00:53Z
SubmitPartialDecryption,146,fb00a0feda8b8e1fee7e34f561f887f8b425d9b4e1c835ef76548bae6515e11e,351,c0f5768bec512eb16eb427d7b8b743ca048720538ccae07e15f9f12d9111ef7b,0e32d50ab418b55a5919a96a0bd32013165dc5bc931af8eb97ba7941cbf6d300,0a368d81d9b8c4284c52c597afa606a6733405ed3c78152f5aa2767e81c27525,2026-09-30T18:00:53Z
SubmitPartialDecryption,153,9d18a11afc216f5df5da5af9adea5b76c2504c7fd208370587bdfb2c2981a80d,351,c0f5768bec512eb16eb427d7b8b743ca048720538ccae07e15f9f12d9111ef7b,0e32d50ab418b55a5919a96a0bd32013165dc5bc931af8eb97ba7941cbf6d300,0a368d81d9b8c4284c52c597afa606a6733405ed3c78152f5aa2767e81c27525,2026-09-30T18:00:53Z
SubmitPartialDecryption,148,87b0da1dc29362b0fb823db0b408d90cadf9462c5fde1db6964dc3c45eed9639,351,c0f5768bec512eb16eb427d7b8b743ca048720538ccae07e15f9f12d9111ef7b,0e32d50ab418b55a5919a96a0bd32013165dc5bc931af8eb97ba7941cbf6d300,0a368d81d9b8c4284c52c597afa606a6733405ed3c78152f5aa2767e81c27525,2026-09-30T18:00:53Z
SubmitPartialDecryption,147,913fc03d731915d4976b628dec191edde1a78b5b2335f4c0d8f46be7f1584f57,351,c0f5768bec512eb16eb427d7b8b743ca048720538ccae07e15f9f12d9111ef7b,0e32d50ab418b55a5919a96a0bd32013165dc5bc931af8eb97ba7941cbf6d300,0a368d81d9b8c4284c52c597afa606a6733405ed3c78152f5aa2767e81c27525,2026-09-30T18:00:53Z
SubmitPartialDecryption,157,c662ec829af47aae4bb17ab9569b8b043494361f0fe65aed37e128163a5d90f8,351,c0f5768bec512eb16eb427d7b8b743ca048720538ccae07e15f9f12d9111ef7b,0e32d50ab418b55a5919a96a0bd32013165dc5bc931af8eb97ba7941cbf6d300,0a368d81d9b8c4284c52c597afa606a6733405ed3c78152f5aa2767e81c27525,2026-09-30T18:00:53Z
SubmitPartialDecryption,159,d6146945e9a094cca1889653d62294c95e39f1aa4c883e104c00108862da659f,351,c0f5768bec512eb16eb427d7b8b743ca048720538ccae07e15f9f12d9111ef7b,0e32d50ab418b55a5919a96a0bd32013165dc5bc931af8eb97ba7941cbf6d300,0a368d81d9b8c4284c52c597afa606a6733405ed3c78152f5aa2767e81c27525,2026-09-30T18:00:53Z
SubmitPartialDecryption,155,88ddbaad2ae5ddec6942af386f84b837808ff14920d68634e91b160923ad4e77,351,c0f5768bec512eb16eb427d7b8b743ca048720538ccae07e15f9f12d9111ef7b,0e32d50ab418b55a5919a96a0bd32013165dc5bc931af8eb97ba7941cbf6d300,0a368d81d9b8c4284c52c597afa606a6733405ed3c78152f5aa2767e81c27525,2026-09-30T18:00:53Z
SubmitPartialDecryption,171,842978d34c6eefb71b98dab24eb925c12a969cf6b007b44336fc190c0c7b7545,352,94edf46faf1a772e8c49e2653442e43250d893f9f909a50262231f70ad88a3d9,c648ecf5b14fe30b465747bbffc472c211dc911efe5d07ac543f3a0322453213,c0f5768bec512eb16eb427d7b8b743ca048720538ccae07e15f9f12d9111ef7b,2026-09-30T18:00:55Z
SubmitPartialDecryption,168,0cb27d3f047bd4f79c3c9e0b98489c890c56db2f015f879bac89c8f263526d37,352,94edf46faf1a772e8c49e2653442e43250d893f9f909a50262231f70ad88a3d9,c648ecf5b14fe30b465747bbffc472c211dc911efe5d07ac543f3a0322453213,c0f5768bec512eb16eb427d7b8b743ca048720538ccae07e15f9f12d9111ef7b,2026-09-30T18:00:55Z
SubmitPartialDecryption,162,23a42746676285510798930e701eaa5fd0747ddd30918137a82657b3c6784e30,352,94edf46faf1a772e8c49e2653442e43250d893f9f909a50262231f70ad88a3d9,c648ecf5b14fe30b465747bbffc472c211dc911efe5d07ac543f3a0322453213,c0f5768bec512eb16eb427d7b8b743ca048720538ccae07e15f9f12d9111ef7b,2026-09-30T18:00:55Z
SubmitPartialDecryption,170,795d6dceee881b255f150fbec6d6a784efa8959693766231be0e097bb67cbce3,352,94edf46faf1a772e8c49e2653442e43250d893f9f909a50262231f70ad88a3d9,c648ecf5b14fe30b465747bbffc472c211dc911efe5d07ac543f3a0322453213,c0f5768bec512eb16eb427d7b8b743ca048720538ccae07e15f9f12d9111ef7b,2026-09-30T18:00:55Z
SubmitPartialDecryption,163,75dfd5f58d9eaeadbc4d7148c1ecb0d5d941399ea534de701276bf1097a1fe73,352,94edf46faf1a772e8c49e2653442e43250d893f9f909a50262231f70ad88a3d9,c648ecf5b14fe30b465747bbffc472c211dc911efe5d07ac543f3a0322453213,c0f5768bec512eb16eb427d7b8b743ca048720538ccae07e15f9f12d9111ef7b,2026-09-30T18:00:55Z
SubmitPartialDecryption,175,6090f8968292f89c940c1e06587e8a95dbd3941a7f3ac288e090ff0b95e3f29d,352,94edf46faf1a772e8c49e2653442e43250d893f9f909a50262231f70ad88a3d9,c648ecf5b14fe30b465747bbffc472c211dc911efe5d07ac543f3a0322453213,c0f5768bec512eb16eb427d7b8b743ca048720538ccae07e15f9f12d9111ef7b,2026-09-30T18:00:55Z
SubmitPartialDecryption,160,4197cf9b72f8e6cbe64663ae0cecb62d50ece779a2a7c94f383ade5f0045387d,352,94edf46faf1a772e8c49e2653442e43250d893f9f909a50262231f70ad88a3d9,c648ecf5b14fe30b465747bbffc472c211dc911efe5d07ac543f3a0322453213,c0f5768bec512eb16eb427d7b8b743ca048720538ccae07e15f9f12d9111ef7b,2026-09-30T18:00:55Z
SubmitPartialDecryption,165,2473f3ca9d2e1505b36305e3bc23f31ebf81a676f60a14115c14c7ae3ce8892c,352,94edf46faf1a772e8c49e2653442e43250d893f9f909a50262231f70ad88a3d9,c648ecf5b14fe30b465747bbffc472c211dc911efe5d07ac543f3a0322453213,c0f5768bec512eb16eb427d7b8b743ca048720538ccae07e15f9f12d9111ef7b,2026-09-30T18:00:55Z
SubmitPartialDecryption,172,96c19a463a861fa2679dd5b2441222c8ebb8b9a4de34c050509e571a5658b523,352,94edf46faf1a772e8c49e2653442e43250d893f9f909a50262231f70ad88a3d9,c648ecf5b14fe30b465747bbffc472c211dc911efe5d07ac543f3a0322453213,c0f5768bec512eb16eb427d7b8b743ca048720538ccae07e15f9f12d9111ef7b,2026-09-30T18:00:55Z
SubmitPartialDecryption,169,f051190f0c35825dcf5836361b274fe546edc757e6ce6b93d2f731b08497adc8,352,94edf46faf1a772e8c49e2653442e43250d893f9f909a50262231f70ad88a3d9,c648ecf5b14fe30b465747bbffc472c211dc911efe5d07ac543f3a0322453213,c0f5768bec512eb16eb427d7b8b743ca048720538ccae07e15f9f12d9111ef7b,2026-09-30T18:00:55Z
SubmitPartialDecryption,164,df901467d144cc2d7a37aecb3aa28c772cc8fb23a97fb630da2ef67f362d9d83,352,94edf46faf1a772e8c49e2653442e43250d893f9f909a50262231f70ad88a3d9,c648ecf5b14fe30b465747bbffc472c211dc911efe5d07ac543f3a0322453213,c0f5768bec512eb16eb427d7b8b743ca048720538ccae07e15f9f12d9111ef7b,2026-09-30T18:00:55Z
SubmitPartialDecryption,161,5c6a602c4f39f5c7c2170fdd83e4b979a1384d7f3511e789bbaf5d15eb3e8b5d,352,94edf46faf1a772e8c49e2653442e43250d893f9f909a50262231f70ad88a3d9,c648ecf5b14fe30b465747bbffc472c211dc911efe5d07ac543f3a0322453213,c0f5768bec512eb16eb427d7b8b743ca048720538ccae07e15f9f12d9111ef7b,2026-09-30T18:00:55Z
SubmitPartialDecryption,173,b61c1df3eea49f20f5a704be3ce32871c53ffadac8236d05d594c4f02dc2b2d8,352,94edf46faf1a772e8c49e2653442e43250d893f9f909a50262231f70ad88a3d9,c648ecf5b14fe30b465747bbffc472c211dc911efe5d07ac543f3a0322453213,c0f5768bec512eb16eb427d7b8b743ca048720538ccae07e15f9f12d9111ef7b,2026-09-30T18:00:55Z
SubmitPartialDecryption,166,ae20114301d7a8f868a736d7a9d11846543a348c98338c0003a3224b32914a33,352,94edf46faf1a772e8c49e2653442e43250d893f9f909a50262231f70ad88a3d9,c648ecf5b14fe30b465747bbffc472c211dc911efe5d07ac543f3a0322453213,c0f5768bec512eb16eb427d7b8b743ca048720538ccae07e15f9f12d9111ef7b,2026-09-30T18:00:55Z
SubmitPartialDecryption,174,e26c5d6a67b70ca5545cacd172edc6498983226352d9b9347e236a4eddc4e846,352,94edf46faf1a772e8c49e2653442e43250d893f9f909a50262231f70ad88a3d9,c648ecf5b14fe30b465747bbffc472c211dc911efe5d07ac543f3a0322453213,c0f5768bec512eb16eb427d7b8b743ca048720538ccae07e15f9f12d9111ef7b,2026-09-30T18:00:55Z
SubmitPartialDecryption,167,06ff305e102bc50fe6387598febe8c79607090ed8ad73bb2b65678903f96f355,352,94edf46faf1a772e8c49e2653442e43250d893f9f909a50262231f70ad88a3d9,c648ecf5b14fe30b465747bbffc472c211dc911efe5d07ac543f3a0322453213,c0f5768bec512eb16eb427d7b8b743ca048720538ccae07e15f9f12d9111ef7b,2026-09-30T18:00:55Z
SubmitPartialDecryption,177,7810818954f495c6e7211779ddca30be658405c8993caa33230e69d5284e3598,353,f4750193fd7e77a72c7ada178b7acdfd3a61ffa64ae7f10b77f6d53a86900ea1,becb2d0f88817ff112f0fe2c03730f214da58bff37d131277f5b2e08b4c49966,94edf46faf1a772e8c49e2653442e43250d893f9f909a50262231f70ad88a3d9,2026-09-30T18:00:57Z
SubmitPartialDecryption,188,0b651fa93af46e1cf91ba87be0a25b44b260f37705a64e420759cca0667aa333,353,f4750193fd7e77a72c7ada178b7acdfd3a61ffa64ae7f10b77f6d53a86900ea1,becb2d0f88817ff112f0fe2c03730f214da58bff37d131277f5b2e08b4c49966,94edf46faf1a772e8c49e2653442e43250d893f9f909a50262231f70ad88a3d9,2026-09-30T18:00:57Z
SubmitPartialDecryption,182,24196b4c7a571cbc772ab0e14588642cc311dde072d6d43eb773086aafd2f589,353,f4750193fd7e77a72c7ada178b7acdfd3a61ffa64ae7f10b77f6d53a86900ea1,becb2d0f88817ff112f0fe2c03730f214da58bff37d131277f5b2e08b4c49966,94edf46faf1a772e8c49e2653442e43250d893f9f909a50262231f70ad88a3d9,2026-09-30T18:00:57Z
SubmitPartialDecryption,185,99de303b0e377c0705fcea89ca6f4601aac4ed0095392f4292f226873acf37ee,353,f4750193fd7e77a72c7ada178b7acdfd3a61ffa64ae7f10b77f6d53a86900ea1,becb2d0f88817ff112f0fe2c03730f214da58bff37d131277f5b2e08b4c49966,94edf46faf1a772e8c49e2653442e43250d893f9f909a50262231f70ad88a3d9,2026-09-30T18:00:57Z
SubmitPartialDecryption,187,e5f565cf8307710fb74be1d08f0a64d0a2c1677eb19639af1fe4a470ef65c127,353,f4750193fd7e77a72c7ada178b7acdfd3a61ffa64ae7f10b77f6d53a86900ea1,becb2d0f88817ff112f0fe2c03730f214da58bff37d131277f5b2e08b4c49966,94edf46faf1a772e8c49e2653442e43250d893f9f909a50262231f70ad88a3d9,2026-09-30T18:00:57Z
SubmitPartialDecryption,176,a42488f3cafb841cbdc247bb734131e6d03a902d67bb1dab9faa3b50d0781e75,353,f4750193fd7e77a72c7ada178b7acdfd3a61ffa64ae7f10b77f6d53a86900ea1,becb2d0f88817ff112f0fe2c03730f214da58bff37d131277f5b2e08b4c49966,94edf46faf1a772e8c49e2653442e43250d893f9f909a50262231f70ad88a3d9,2026-09-30T18:00:57Z
SubmitPartialDecryption,184,f13308c0c55d6bdd86c2e4ee98effb4a1cdf634fe37206927a08ff514531097b,353,f4750193fd7e77a72c7ada178b7acdfd3a61ffa64ae7f10b77f6d53a86900ea1,becb2d0f88817ff112f0fe2c03730f214da58bff37d131277f5b2e08b4c49966,94edf46faf1a772e8c49e2653442e43250d893f9f909a50262231f70ad88a3d9,2026-09-30T18:00:57Z
SubmitPartialDecryption,191,f4d79d22b5e8c8dd55964e583c52c0e23d420d197354c3bbdb2ae3b91fdd5204,353,f4750193fd7e77a72c7ada178b7acdfd3a61ffa64ae7f10b77f6d53a86900ea1,becb2d0f88817ff112f0fe2c03730f214da58bff37d131277f5b2e08b4c49966,94edf46faf1a772e8c49e2653442e43250d893f9f909a50262231f70ad88a3d9,2026-09-30T18:00:57Z
SubmitPartialDecryption,183,4af9b1298327339ee9489fa9e1e016750835bfc3b0953f45db65a274d159b3f7,353,f4750193fd7e77a72c7ada178b7acdfd3a61ffa64ae7f10b77f6d53a86900ea1,becb2d0f88817ff112f0fe2c03730f214da58bff37d131277f5b2e08b4c49966,94edf46faf1a772e8c49e2653442e43250d893f9f909a50262231f70ad88a3d9,2026-09-30T18:00:57Z
SubmitPartialDecryption,181,f56bd48fe8664519cb78ce5e77387a1a090ef9f5b35c78dafa3df3cb1e5e2f5c,353,f4750193fd7e77a72c7ada178b7acdfd3a61ffa64ae7f10b77f6d53a86900ea1,becb2d0f88817ff112f0fe2c03730f214da58bff37d131277f5b2e08b4c49966,94edf46faf1a772e8c49e2653442e43250d893f9f909a50262231f70ad88a3d9,2026-09-30T18:00:57Z
SubmitPartialDecryption,186,44dd459168e5f9bf8393b88ce840c82a14b15e1b63e2a24e2689e77d920e2b42,353,f4750193fd7e77a72c7ada178b7acdfd3a61ffa64ae7f10b77f6d53a86900ea1,becb2d0f88817ff112f0fe2c03730f214da58bff37d131277f5b2e08b4c49966,94edf46faf1a772e8c49e2653442e43250d893f9f909a50262231f70ad88a3d9,2026-09-30T18:00:57Z
SubmitPartialDecryption,189,83dfbce5250ef5d17135d21b054b65502930ecc1190ac45062a3e356ce04621e,353,f4750193fd7e77a72c7ada178b7acdfd3a61ffa64ae7f10b77f6d53a86900ea1,becb2d0f88817ff112f0fe2c03730f214da58bff37d131277f5b2e08b4c49966,94edf46faf1a772e8c49e2653442e43250d893f9f909a50262231f70ad88a3d9,2026-09-30T18:00:57Z
SubmitPartialDecryption,179,9db68df0c87d4b1a0266e7e0a43afa9493491271ee8411be1087aef8af18f9e4,353,f4750193fd7e77a72c7ada178b7acdfd3a61ffa64ae7f10b77f6d53a86900ea1,becb2d0f88817ff112f0fe2c03730f214da58bff37d131277f5b2e08b4c49966,94edf46faf1a772e8c49e2653442e43250d893f9f909a50262231f70ad88a3d9,2026-09-30T18:00:57Z
SubmitPartialDecryption,190,3ce5edeef3883f4cb04b4c0de07e6a3ee70043bd42622c370f3cb273e7be690c,353,f4750193fd7e77a72c7ada178b7acdfd3a61ffa64ae7f10b77f6d53a86900ea1,becb2d0f88817ff112f0fe2c03730f214da58bff37d131277f5b2e08b4c49966,94edf46faf1a772e8c49e2653442e43250d893f9f909a50262231f70ad88a3d9,2026-09-30T18:00:57Z
SubmitPartialDecryption,178,0dc119031d2e6b54bd1eaf2696c301849630825c509ea79fec45627c9056ac19,353,f4750193fd7e77a72c7ada178b7acdfd3a61ffa64ae7f10b77f6d53a86900ea1,becb2d0f88817ff112f0fe2c03730f214da58bff37d131277f5b2e08b4c49966,94edf46faf1a772e8c49e2653442e43250d893f9f909a50262231f70ad88a3d9,2026-09-30T18:00:57Z
SubmitPartialDecryption,180,071638d25dae762ccee23ea568a6dc171e467c70b4b7f9e3eb3a049aa3c086c2,353,f4750193fd7e77a72c7ada178b7acdfd3a61ffa64ae7f10b77f6d53a86900ea1,becb2d0f88817ff112f0fe2c03730f214da58bff37d131277f5b2e08b4c49966,94edf46faf1a772e8c49e2653442e43250d893f9f909a50262231f70ad88a3d9,2026-09-30T18:00:57Z
SubmitPartialDecryption,193,25e5e952dea8f65e690057febb9f810bab9b777e1df05629b1e737e7cf5b01af,354,56b555e68879ecd7e85599c7c6de48a6d117e244ad18cf657453f5fb7db8bd85,06d317c633703d099ce8cee2306cc429ee402b34bfe64ea692877bfce490032f,f4750193fd7e77a72c7ada178b7acdfd3a61ffa64ae7f10b77f6d53a86900ea1,2026-09-30T18:00:59Z
SubmitPartialDecryption,204,9632168f80c17d3deb1dc422feba2c104acf976bae3f7ae3a58aa3edf2891266,354,56b555e68879ecd7e85599c7c6de48a6d117e244ad18cf657453f5fb7db8bd85,06d317c633703d099ce8cee2306cc429ee402b34bfe64ea692877bfce490032f,f4750193fd7e77a72c7ada178b7acdfd3a61ffa64ae7f10b77f6d53a86900ea1,2026-09-30T18:00:59Z
SubmitPartialDecryption,207,542d233d770b5aea936f6a28b313d10b8bfe17ac06f271676464dfdf2b246680,354,56b555e68879ecd7e85599c7c6de48a6d117e244ad18cf657453f5fb7db8bd85,06d317c633703d099ce8cee2306cc429ee402b34bfe64ea692877bfce490032f,f4750193fd7e77a72c7ada178b7acdfd3a61ffa64ae7f10b77f6d53a86900ea1,2026-09-30T18:00:59Z
SubmitPartialDecryption,195,0b0118bbf3944b7ced5aae39ec98f0765511c84b589210bd6cee5cfb2b5cdc47,354,56b555e68879ecd7e85599c7c6de48a6d117e244ad18cf657453f5fb7db8bd85,06d317c633703d099ce8cee2306cc429ee402b34bfe64ea692877bfce490032f,f4750193fd7e77a72c7ada178b7acdfd3a61ffa64ae7f10b77f6d53a86900ea1,2026-09-30T18:00:59Z
SubmitPartialDecryption,205,d89e979dc1b6504908ad2c685afe2bb2c83f95338fcf87c5c5c80066083847d6,354,56b555e68879ecd7e85599c7c6de48a6d117e244ad18cf657453f5fb7db8bd85,06d317c633703d099ce8cee2306cc429ee402b34bfe64ea692877bfce490032f,f4750193fd7e77a72c7ada178b7acdfd3a61ffa64ae7f10b77f6d53a86900ea1,2026-09-30T18:00:59Z
SubmitPartialDecryption,199,f696c4abd51b3002ead9867487ae39f8056eece03b4e126965391f889b684d1f,354,56b555e68879ecd7e85599c7c6de48a6d117e244ad18cf657453f5fb7db8bd85,06d317c633703d099ce8cee2306cc429ee402b34bfe64ea692877bfce490032f,f4750193fd7e77a72c7ada178b7acdfd3a61ffa64ae7f10b77f6d53a86900ea1,2026-09-30T18:00:59Z
SubmitPartialDecryption,203,1999b9b74bc793e29f7eb8571196bde1a7fadf3c812869d7d704505fd2d90983,354,56b555e68879ecd7e85599c7c6de48a6d117e244ad18cf657453f5fb7db8bd85,06d317c633703d099ce8cee2306cc429ee402b34bfe64ea692877bfce490032f,f4750193fd7e77a72c7ada178b7acdfd3a61ffa64ae7f10b77f6d53a86900ea1,2026-09-30T18:00:59Z
SubmitPartialDecryption,201,ae6eaa8ca6c5b90cc652d5dfce7f6eba118784decdb0534b15e3f0d2e2017148,354,56b555e68879ecd7e85599c7c6de48a6d117e244ad18cf657453f5fb7db8bd85,06d317c633703d099ce8cee2306cc429ee402b34bfe64ea692877bfce490032f,f4750193fd7e77a72c7ada178b7acdfd3a61ffa64ae7f10b77f6d53a86900ea1,2026-09-30T18:00:59Z
SubmitPartialDecryption,196,71858575ba74d7080709958e5780000cff4e0470b87898b385b304441363acb7,354,56b555e68879ecd7e85599c7c6de48a6d117e244ad18cf657453f5fb7db8bd85,06d317c633703d099ce8cee2306cc429ee402b34bfe64ea692877bfce490032f,f4750193fd7e77a72c7ada178b7acdfd3a61ffa64ae7f10b77f6d53a86900ea1,2026-09-30T18:00:59Z
SubmitPartialDecryption,197,e8b3d4a1477410b384b5ec7d9fcb6ab64316bc8548b13d1caab8c001aab1deac,354,56b555e68879ecd7e85599c7c6de48a6d117e244ad18cf657453f5fb7db8bd85,06d317c633703d099ce8cee2306cc429ee402b34bfe64ea692877bfce490032f,f4750193fd7e77a72c7ada178b7acdfd3a61ffa64ae7f10b77f6d53a86900ea1,2026-09-30T18:00:59Z
SubmitPartialDecryption,194,9e2ca366af9198f6e81cfc5b5119fa0a0ed5f14c6249b03a03a7b2c2013a7fb2,354,56b555e68879ecd7e85599c7c6de48a6d117e244ad18cf657453f5fb7db8bd85,06d317c633703d099ce8cee2306cc429ee402b34bfe64ea692877bfce490032f,f4750193fd7e77a72c7ada178b7acdfd3a61ffa64ae7f10b77f6d53a86900ea1,2026-09-30T18:00:59Z
SubmitPartialDecryption,206,f307977bb8b08de2760d91427f5e7458dabdc736dfa052c72942e16823b17feb,354,56b555e68879ecd7e85599c7c6de48a6d117e244ad18cf657453f5fb7db8bd85,06d317c633703d099ce8cee2306cc429ee402b34bfe64ea692877bfce490032f,f4750193fd7e77a72c7ada178b7acdfd3a61ffa64ae7f10b77f6d53a86900ea1,2026-09-30T18:00:59Z
SubmitPartialDecryption,198,1cda4b7da186c7266735102604eb0c9f3cdf6f7dcc692775f87e1b8e83e4074b,354,56b555e68879ecd7e85599c7c6de48a6d117e244ad18cf657453f5fb7db8bd85,06d317c633703d099ce8cee2306cc429ee402b34bfe64ea692877bfce490032f,f4750193fd7e77a72c7ada178b7acdfd3a61ffa64ae7f10b77f6d53a86900ea1,2026-09-30T18:00:59Z
SubmitPartialDecryption,192,14518dd25408f25421c0aa482918455d90a748dea5c20462b3d6e10f59c23263,354,56b555e68879ecd7e85599c7c6de48a6d117e244ad18cf657453f5fb7db8bd85,06d317c633703d099ce8cee2306cc429ee402b34bfe64ea692877bfce490032f,f4750193fd7e77a72c7ada178b7acdfd3a61ffa64ae7f10b77f6d53a86900ea1,2026-09-30T18:00:59Z
SubmitPartialDecryption,200,3ec2e8ec13b513a7f692f910d4246a90f92238094e9a931c7fe0f289aa882084,354,56b555e68879ecd7e85599c7c6de48a6d117e244ad18cf657453f5fb7db8bd85,06d317c633703d099ce8cee2306cc429ee402b34bfe64ea692877bfce490032f,f4750193fd7e77a72c7ada178b7acdfd3a61ffa64ae7f10b77f6d53a86900ea1,2026-09-30T18:00:59Z
SubmitPartialDecryption,202,192bffc20df140361dabbf66593125246e84cf9a26678586cb468acd0be5a507,354,56b555e68879ecd7e85599c7c6de48a6d117e244ad18cf657453f5fb7db8bd85,06d317c633703d099ce8cee2306cc429ee402b34bfe64ea692877bfce490032f,f4750193fd7e77a72c7ada178b7acdfd3a61ffa64ae7f10b77f6d53a86900ea1,2026-09-30T18:00:59Z
SubmitPartialDecryption,214,50b8f683da876fe15c28cae37d494cef6510a8614bf6e56bce3677e2144cf477,355,14374b60922e17da24368d07947245ed5f9a01f553583fecc0de764e33481ab0,e7615d9aea39e30f30be8301194f52a6418f5c9792f492088e71b42da98da4ef,56b555e68879ecd7e85599c7c6de48a6d117e244ad18cf657453f5fb7db8bd85,2026-09-30T18:01:01Z
SubmitPartialDecryption,223,3b1374307466200cf2e0a07d8a7fa373fe870a1f1962b812a472fedbcf60f0c8,355,14374b60922e17da24368d07947245ed5f9a01f553583fecc0de764e33481ab0,e7615d9aea39e30f30be8301194f52a6418f5c9792f492088e71b42da98da4ef,56b555e68879ecd7e85599c7c6de48a6d117e244ad18cf657453f5fb7db8bd85,2026-09-30T18:01:01Z
SubmitPartialDecryption,220,0ba3c6fabe580bd4bc7dfedc76fa0512a73916850cd392695080579062b837ee,355,14374b60922e17da24368d07947245ed5f9a01f553583fecc0de764e33481ab0,e7615d9aea39e30f30be8301194f52a6418f5c9792f492088e71b42da98da4ef,56b555e68879ecd7e85599c7c6de48a6d117e244ad18cf657453f5fb7db8bd85,2026-09-30T18:01:01Z
SubmitPartialDecryption,218,b09983eef36073c41e62c5bc42739866435c161a9c2d00f4995f54f7475540c0,355,14374b60922e17da24368d07947245ed5f9a01f553583fecc0de764e33481ab0,e7615d9aea39e30f30be8301194f52a6418f5c9792f492088e71b42da98da4ef,56b555e68879ecd7e85599c7c6de48a6d117e244ad18cf657453f5fb7db8bd85,2026-09-30T18:01:01Z
SubmitPartialDecryption,217,0f1c58bf1a7ec25890744fc6bf64537293381b49d818672dd9a30b51aecb80a2,355,14374b60922e17da24368d07947245ed5f9a01f553583fecc0de764e33481ab0,e7615d9aea39e30f30be8301194f52a6418f5c9792f492088e71b42da98da4ef,56b555e68879ecd7e85599c7c6de48a6d117e244ad18cf657453f5fb7db8bd85,2026-09-30T18:01:01Z
SubmitPartialDecryption,209,81bda3da6d2545b880e502e193cb30413b16732dbacbcdbf206120db69feef48,355,14374b60922e17da24368d07947245ed5f9a01f553583fecc0de764e33481ab0,e7615d9aea39e30f30be8301194f52a6418f5c9792f492088e71b42da98da4ef,56b555e68879ecd7e85599c7c6de48a6d117e244ad18cf657453f5fb7db8bd85,2026-09-30T18:01:01Z
SubmitPartialDecryption,222,6a30a4c3b737151f836141ca8a637fd3c8ee9e56649b81b2e1918a41c4aa3287,355,14374b60922e17da24368d07947245ed5f9a01f553583fecc0de764e33481ab0,e7615d9aea39e30f30be8301194f52a6418f5c9792f492088e71b42da98da4ef,56b555e68879ecd7e85599c7c6de48a6d117e244ad18cf657453f5fb7db8bd85,2026-09-30T18:01:01Z
SubmitPartialDecryption,210,5f8e71208b3f6bbb5f90c3887a2fa4b02c1b08fbeabf3447c0726ba97902ad02,355,14374b60922e17da24368d07947245ed5f9a01f553583fecc0de764e33481ab0,e7615d9aea39e30f30be8301194f52a6418f5c9792f492088e71b42da98da4ef,56b555e68879ecd7e85599c7c6de48a6d117e244ad18cf657453f5fb7db8bd85,2026-09-30T18:01:01Z
SubmitPartialDecryption,208,ceddf45dfc82a000a9c71eb6a21646f7c7d78c10bbcc665540d6043ce1cd5843,355,14374b60922e17da24368d07947245ed5f9a01f553583fecc0de764e33481ab0,e7615d9aea39e30f30be8301194f52a6418f5c9792f492088e71b42da98da4ef,56b555e68879ecd7e85599c7c6de48a6d117e244ad18cf657453f5fb7db8bd85,2026-09-30T18:01:01Z
SubmitPartialDecryption,215,920ce1872fa3cb9baec91eb9dbaf27da8abc3bc3547d842ae34a4c1948974baa,355,14374b60922e17da24368d07947245ed5f9a01f553583fecc0de764e33481ab0,e7615d9aea39e30f30be8301194f52a6418f5c9792f492088e71b42da98da4ef,56b555e68879ecd7e85599c7c6de48a6d117e244ad18cf657453f5fb7db8bd85,2026-09-30T18:01:01Z
SubmitPartialDecryption,212,32b81d4f3885d09c844dd9d1873609fa4bd8d334aa3de773230fb57f5ab69223,355,14374b60922e17da24368d07947245ed5f9a01f553583fecc0de764e33481ab0,e7615d9aea39e30f30be8301194f52a6418f5c9792f492088e71b42da98da4ef,56b555e68879ecd7e85599c7c6de48a6d117e244ad18cf657453f5fb7db8bd85,2026-09-30T18:01:01Z
SubmitPartialDecryption,211,a7fd7a30d1a73d0aabc6c7bf78bd763868f439bca1d952911c88919ba538e867,355,14374b60922e17da24368d07947245ed5f9a01f553583fecc0de764e33481ab0,e7615d9aea39e30f30be8301194f52a6418f5c9792f492088e71b42da98da4ef,56b555e68879ecd7e85599c7c6de48a6d117e244ad18cf657453f5fb7db8bd85,2026-09-30T18:01:01Z
SubmitPartialDecryption,213,d7c732b00697a6a8106fc70aba68affe479d44f6b9a910c93f00b52290f2fa70,355,14374b60922e17da24368d07947245ed5f9a01f553583fecc0de764e33481ab0,e7615d9aea39e30f30be8301194f52a6418f5c9792f492088e71b42da98da4ef,56b555e68879ecd7e85599c7c6de48a6d117e244ad18cf657453f5fb7db8bd85,2026-09-30T18:01:01Z
SubmitPartialDecryption,216,9c418fb52b82c3f33ae8a31016493bfa730c8ff4604e91f6292b520821be7f2d,355,14374b60922e17da24368d07947245ed5f9a01f553583fecc0de764e33481ab0,e7615d9aea39e30f30be8301194f52a6418f5c9792f492088e71b42da98da4ef,56b555e68879ecd7e85599c7c6de48a6d117e244ad18cf657453f5fb7db8bd85,2026-09-30T18:01:01Z
SubmitPartialDecryption,221,3a315515b48d61dd9b8fde29c469c2385f2396cc98b442d15de5d65dbc129c83,355,14374b60922e17da24368d07947245ed5f9a01f553583fecc0de764e33481ab0,e7615d9aea39e30f30be8301194f52a6418f5c9792f492088e71b42da98da4ef,56b555e68879ecd7e85599c7c6de48a6d117e244ad18cf657453f5fb7db8bd85,2026-09-30T18:01:01Z
SubmitPartialDecryption,219,3ac025495b9f259ff296d2da9d053aeede234981d18a7ab10e3965eb572e7098,355,14374b60922e17da24368d07947245ed5f9a01f553583fecc0de764e33481ab0,e7615d9aea39e30f30be8301194f52a6418f5c9792f492088e71b42da98da4ef,56b555e68879ecd7e85599c7c6de48a6d117e244ad18cf657453f5fb7db8bd85,2026-09-30T18:01:01Z
SubmitPartialDecryption,229,1b7635cbc8b38862c65cdf3088dad66ef0dbd77c8198f5b0917ecf9be151040f,356,236a303b8c37f6acf14acf15ffe213a24c9c96dbf0b1e399ed3c4d0868db5077,382e56c5913ae12eda381ec84c706d9294ddc662deb4191c5de03497536ea87a,14374b60922e17da24368d07947245ed5f9a01f553583fecc0de764e33481ab0,2026-09-30T18:01:03Z
SubmitPartialDecryption,232,88edfa9b1a9837d1a85af145909522836b7e23d25578caed2925e543567cac8e,356,236a303b8c37f6acf14acf15ffe213a24c9c96dbf0b1e399ed3c4d0868db5077,382e56c5913ae12eda381ec84c706d9294ddc662deb4191c5de03497536ea87a,14374b60922e17da24368d07947245ed5f9a01f553583fecc0de764e33481ab0,2026-09-30T18:01:03Z
SubmitPartialDecryption,231,dcb14fc1a7709d6f038eff24120af0ca2642a97cae2e33a6da79fb0e32df57ba,356,236a303b8c37f6acf14acf15ffe213a24c9c96dbf0b1e399ed3c4d0868db5077,382e56c5913ae12eda381ec84c706d9294ddc662deb4191c5de03497536ea87a,14374b60922e17da24368d07947245ed5f9a01f553583fecc0de764e33481ab0,2026-09-30T18:01:03Z
SubmitPartialDecryption,225,6b62aa25cbf878bc20424426170a418224cb0e5c5a5bd8fba5e11a23ea649eb9,356,236a303b8c37f6acf14acf15ffe213a24c9c96dbf0b1e399ed3c4d0868db5077,382e56c5913ae12eda381ec84c706d9294ddc662deb4191c5de03497536ea87a,14374b60922e17da24368d07947245ed5f9a01f553583fecc0de764e33481ab0,2026-09-30T18:01:03Z
SubmitPartialDecryption,230,ff9d44d6f3c9b3b65c2c77a67d9b000dca21e3bc2e633c75852234fb9166f376,356,236a303b8c37f6acf14acf15ffe213a24c9c96dbf0b1e399ed3c4d0868db5077,382e56c5913ae12eda381ec84c706d9294ddc662deb4191c5de03497536ea87a,14374b60922e17da24368d07947245ed5f9a01f553583fecc0de764e33481ab0,2026-09-30T18:01:03Z
SubmitPartialDecryption,228,2819e982af9eee178e427b9234fe1eb27c83b65b3a35d5fa9b83fe9c2b81cb7b,356,236a303b8c37f6acf14acf15ffe213a24c9c96dbf0b1e399ed3c4d0868db5077,382e56c5913ae12eda381ec84c706d9294ddc662deb4191c5de03497536ea87a,14374b60922e17da24368d07947245ed5f9a01f553583fecc0de764e33481ab0,2026-09-30T18:01:03Z
SubmitPartialDecryption,233,1d50d0677d770affe6c31c74453ea3f8e4acfada32d19ae3c3fc49b1225767c0,356,236a303b8c37f6acf14acf15ffe213a24c9c96dbf0b1e399ed3c4d0868db5077,382e56c5913ae12eda381ec84c706d9294ddc662deb4191c5de03497536ea87a,14374b60922e17da24368d07947245ed5f9a01f553583fecc0de764e33481ab0,2026-09-30T18:01:03Z
SubmitPartialDecryption,227,4ca34d74714b5bf890599e664db00a94f75f00e8d3a5ee1ffd02552b33c3d6ef,356,236a303b8c37f6acf14acf15ffe213a24c9c96dbf0b1e399ed3c4d0868db5077,382e56c5913ae12eda381ec84c706d9294ddc662deb4191c5de03497536ea87a,14374b60922e17da24368d07947245ed5f9a01f553583fecc0de764e33481ab0,2026-09-30T18:01:03Z
SubmitPartialDecryption,238,8338e462e935e8d5092d0cf83d33c24a1e0ad64795c331b2afb75d1e3031b312,356,236a303b8c37f6acf14acf15ffe213a24c9c96dbf0b1e399ed3c4d0868db5077,382e56c5913ae12eda381ec84c706d9294ddc662deb4191c5de03497536ea87a,14374b60922e17da24368d07947245ed5f9a01f553583fecc0de764e33481ab0,2026-09-30T18:01:03Z
SubmitPartialDecryption,239,fb6a861524aaa27ca2947836588b96b26995692158617eb319458afe6609b2ad,356,236a303b8c37f6acf14acf15ffe213a24c9c96dbf0b1e399ed3c4d0868db5077,382e56c5913ae12eda381ec84c706d9294ddc662deb4191c5de03497536ea87a,14374b60922e17da24368d07947245ed5f9a01f553583fecc0de764e33481ab0,2026-09-30T18:01:03Z
SubmitPartialDecryption,235,a83c7c099a913ac893c734e82e463d363661da6d0e8a520875f727c36d1c2b10,356,236a303b8c37f6acf14acf15ffe213a24c9c96dbf0b1e399ed3c4d0868db5077,382e56c5913ae12eda381ec84c706d9294ddc662deb4191c5de03497536ea87a,14374b60922e17da24368d07947245ed5f9a01f553583fecc0de764e33481ab0,2026-09-30T18:01:03Z
SubmitPartialDecryption,237,b7dbabe06e5d0843aeed3e2cd745c304f6cc91e0de9f15992e3689550ca12b26,356,236a303b8c37f6acf14acf15ffe213a24c9c96dbf0b1e399ed3c4d0868db5077,382e56c5913ae12eda381ec84c706d9294ddc662deb4191c5de03497536ea87a,14374b60922e17da24368d07947245ed5f9a01f553583fecc0de764e33481ab0,2026-09-30T18:01:03Z
SubmitPartialDecryption,226,3943c4f0de59e16e56705a9eeab0b2eae604f3007aa135f45a3cc77d61325686,356,236a303b8c37f6acf14acf15ffe213a24c9c96dbf0b1e399ed3c4d0868db5077,382e56c5913ae12eda381ec84c706d9294ddc662deb4191c5de03497536ea87a,14374b60922e17da24368d07947245ed5f9a01f553583fecc0de764e33481ab0,2026-09-30T18:01:03Z
SubmitPartialDecryption,224,fdc8645018bdc79f928bb6c1152cac4e2580ffa0d67da7867d02374f9d5e6dea,356,236a303b8c37f6acf14acf15ffe213a24c9c96dbf0b1e399ed3c4d0868db5077,382e56c5913ae12eda381ec84c706d9294ddc662deb4191c5de03497536ea87a,14374b60922e17da24368d07947245ed5f9a01f553583fecc0de764e33481ab0,2026-09-30T18:01:03Z
SubmitPartialDecryption,234,267c240e1284ae7005cd28b0594986a2bc79973fa0aefbbd9b881f939a67762c,356,236a303b8c37f6acf14acf15ffe213a24c9c96dbf0b1e399ed3c4d0868db5077,382e56c5913ae12eda381ec84c706d9294ddc662deb4191c5de03497536ea87a,14374b60922e17da24368d07947245ed5f9a01f553583fecc0de764e33481ab0,2026-09-30T18:01:03Z
SubmitPartialDecryption,236,2dd1f580797b583511430be0eb93686c9effde7aa14783c00de30a148d5db857,356,236a303b8c37f6acf14acf15ffe213a24c9c96dbf0b1e399ed3c4d0868db5077,382e56c5913ae12eda381ec84c706d9294ddc662deb4191c5de03497536ea87a,14374b60922e17da24368d07947245ed5f9a01f553583fecc0de764e33481ab0,2026-09-30T18:01:03Z
SubmitPartialDecryption,244,f91847f57a1db14cec3b1a7c007ef46910a84ce53162cb54514e22c0147f43bb,357,f9da82170d42247bdfe8a24543286ae172089de1e3520350bc65884629d10bc2,56b88e08eec88e2d5cdc5c51255c914f4d10e635b29348b8003914248b85f587,236a303b8c37f6acf14acf15ffe213a24c9c96dbf0b1e399ed3c4d0868db5077,2026-09-30T18:01:05Z
SubmitPartialDecryption,242,d9729665ca0e30d7082c7e5c745c2ba96d520a75cfc20021e81bd23fe1f24632,357,f9da82170d42247bdfe8a24543286ae172089de1e3520350bc65884629d10bc2,56b88e08eec88e2d5cdc5c51255c914f4d10e635b29348b8003914248b85f587,236a303b8c37f6acf14acf15ffe213a24c9c96dbf0b1e399ed3c4d0868db5077,2026-09-30T18:01:05Z
SubmitPartialDecryption,251,72c2034d477562b6452a2426c747f7e1557b9a1ed41e5a5e545cd0d81e6d00d6,357,f9da82170d42247bdfe8a24543286ae172089de1e3520350bc65884629d10bc2,56b88e08eec88e2d5cdc5c51255c914f4d10e635b29348b8003914248b85f587,236a303b8c37f6acf14acf15ffe213a24c9c96dbf0b1e399ed3c4d0868db5077,2026-09-30T18:01:05Z
SubmitPartialDecryption,248,df5c730a1201e6b514e6350dd2ebafe133b708afbffc1ced22b056572f0caf72,357,f9da82170d42247bdfe8a24543286ae172089de1e3520350bc65884629d10bc2,56b88e08eec88e2d5cdc5c51255c914f4d10e635b29348b8003914248b85f587,236a303b8c37f6acf14acf15ffe213a24c9c96dbf0b1e399ed3c4d0868db5077,2026-09-30T18:01:05Z
SubmitPartialDecryption,254,2fcce6d379170e4625982eb3312de36905660c252c989310352fa9b16511ecf7,357,f9da82170d42247bdfe8a24543286ae172089de1e3520350bc65884629d10bc2,56b88e08eec88e2d5cdc5c51255c914f4d10e635b29348b8003914248b85f587,236a303b8c37f6acf14acf15ffe213a24c9c96dbf0b1e399ed3c4d0868db5077,2026-09-30T18:01:05Z
SubmitPartialDecryption,255,16eb730af823ed30899f9b2e88975ec7e57c92818115c6d632f37841906305b0,357,f9da82170d42247bdfe8a24543286ae172089de1e3520350bc65884629d10bc2,56b88e08eec88e2d5cdc5c51255c914f4d10e635b29348b8003914248b85f587,236a303b8c37f6acf14acf15ffe213a24c9c96dbf0b1e399ed3c4d0868db5077,2026-09-30T18:01:05Z
SubmitPartialDecryption,241,c2363ec45e8bebf0f944cac3852afc99ac840aaef54802a156a0393440f886ca,357,f9da82170d42247bdfe8a24543286ae172089de1e3520350bc65884629d10bc2,56b88e08eec88e2d5cdc5c51255c914f4d10e635b29348b8003914248b85f587,236a303b8c37f6acf14acf15ffe213a24c9c96dbf0b1e399ed3c4d0868db5077,2026-09-30T18:01:05Z
SubmitPartialDecryption,250,59af291f6b8a2b309a08f4d9c66a61eb3ee8f9a21044d61327083d38e5f499d6,357,f9da82170d42247bdfe8a24543286ae172089de1e3520350bc65884629d10bc2,56b88e08eec88e2d5cdc5c51255c914f4d10e635b29348b8003914248b85f587,236a303b8c37f6acf14acf15ffe213a24c9c96dbf0b1e399ed3c4d0868db5077,2026-09-30T18:01:05Z
SubmitPartialDecryption,253,e248baf13185923ad2655fcfd70be8a458e8cd06779a5ec78d33145b2ec2da88,357,f9da82170d42247bdfe8a24543286ae172089de1e3520350bc65884629d10bc2,56b88e08eec88e2d5cdc5c51255c914f4d10e635b29348b8003914248b85f587,236a303b8c37f6acf14acf15ffe213a24c9c96dbf0b1e399ed3c4d0868db5077,2026-09-30T18:01:05Z
SubmitPartialDecryption,246,f04846cfdb4fc1135dc350af6913fc58a2f3795b28772bd85a31c3b8735e23e3,357,f9da82170d42247bdfe8a24543286ae172089de1e3520350bc65884629d10bc2,56b88e08eec88e2d5cdc5c51255c914f4d10e635b29348b8003914248b85f587,236a303b8c37f6acf14acf15ffe213a24c9c96dbf0b1e399ed3c4d0868db5077,2026-09-30T18:01:05Z
SubmitPartialDecryption,240,93c4ece8ed510444bb06db8dcaaaf2c28ab734e89c99dab62e958c964f1c9891,357,f9da82170d42247bdfe8a24543286ae172089de1e3520350bc65884629d10bc2,56b88e08eec88e2d5cdc5c51255c914f4d10e635b29348b8003914248b85f587,236a303b8c37f6acf14acf15ffe213a24c9c96dbf0b1e399ed3c4d0868db5077,2026-09-30T18:01:05Z
SubmitPartialDecryption,245,c1ca1588c8052a3090239bfee45b5b4e7dcbf34e94eabae03d54415375f209b3,357,f9da82170d42247bdfe8a24543286ae172089de1e3520350bc65884629d10bc2,56b88e08eec88e2d5cdc5c51255c914f4d10e635b29348b8003914248b85f587,236a303b8c37f6acf14acf15ffe213a24c9c96dbf0b1e399ed3c4d0868db5077,2026-09-30T18:01:05Z
SubmitPartialDecryption,252,c878697c790ee55bc14882c3f90bea4a1e1f7204cbf6ab8a4670a989c6cfcdcb,357,f9da82170d42247bdfe8a24543286ae172089de1e3520350bc65884629d10bc2,56b88e08eec88e2d5cdc5c51255c914f4d10e635b29348b8003914248b85f587,236a303b8c37f6acf14acf15ffe213a24c9c96dbf0b1e399ed3c4d0868db5077,2026-09-30T18:01:05Z
SubmitPartialDecryption,243,6b86c62b9c16b4601376e8e1c97f4335553688a9c7b19037def3f32539efd7aa,357,f9da82170d42247bdfe8a24543286ae172089de1e3520350bc65884629d10bc2,56b88e08eec88e2d5cdc5c51255c914f4d10e635b29348b8003914248b85f587,236a303b8c37f6acf14acf15ffe213a24c9c96dbf0b1e399ed3c4d0868db5077,2026-09-30T18:01:05Z
SubmitPartialDecryption,249,5f49e9f51ac729505fee4b04c60855a908fdaeb49bf74124f3690b515d6ed411,357,f9da82170d42247bdfe8a24543286ae172089de1e3520350bc65884629d10bc2,56b88e08eec88e2d5cdc5c51255c914f4d10e635b29348b8003914248b85f587,236a303b8c37f6acf14acf15ffe213a24c9c96dbf0b1e399ed3c4d0868db5077,2026-09-30T18:01:05Z
SubmitPartialDecryption,247,633795a66f849207c152026d6434398dadbbf7c7551ea7534e3ccc52482be0e1,357,f9da82170d42247bdfe8a24543286ae172089de1e3520350bc65884629d10bc2,56b88e08eec88e2d5cdc5c51255c914f4d10e635b29348b8003914248b85f587,236a303b8c37f6acf14acf15ffe213a24c9c96dbf0b1e399ed3c4d0868db5077,2026-09-30T18:01:05Z
SubmitPartialDecryption,261,78cd14b239f8ddd0cf8417c2106e200419760887bb036064e98c4247802bc9c9,358,7cc752c773c5e3368c483cd05ab7c9fc38fd675aa13c256904929f0b36dd8c24,2c0aa9bc42d7ec51dd3deec528c961589c023a4a8b3cd7e991daeef0ea3c21a4,f9da82170d42247bdfe8a24543286ae172089de1e3520350bc65884629d10bc2,2026-09-30T18:01:07Z
SubmitPartialDecryption,269,05760f3452e238543308f6d2edaef4908845949815fddeee2f855a696ec961b7,358,7cc752c773c5e3368c483cd05ab7c9fc38fd675aa13c256904929f0b36dd8c24,2c0aa9bc42d7ec51dd3deec528c961589c023a4a8b3cd7e991daeef0ea3c21a4,f9da82170d42247bdfe8a24543286ae172089de1e3520350bc65884629d10bc2,2026-09-30T18:01:07Z
SubmitPartialDecryption,265,0d45079dcbbc5ad783eae08133c7dd32d4c5254bc0654d738a61ba3b8bb0b861,358,7cc752c773c5e3368c483cd05ab7c9fc38fd675aa13c256904929f0b36dd8c24,2c0aa9bc42d7ec51dd3deec528c961589c023a4a8b3cd7e991daeef0ea3c21a4,f9da82170d42247bdfe8a24543286ae172089de1e3520350bc65884629d10bc2,2026-09-30T18:01:07Z
SubmitPartialDecryption,256,dec7d162bf140ab0f3fc0ad1d6f0c2ab0a1a301464499819f773084e1e41de72,358,7cc752c773c5e3368c483cd05ab7c9fc38fd675aa13c256904929f0b36dd8c24,2c0aa9bc42d7ec51dd3deec528c961589c023a4a8b3cd7e991daeef0ea3c21a4,f9da82170d42247bdfe8a24543286ae172089de1e3520350bc65884629d10bc2,2026-09-30T18:01:07Z
SubmitPartialDecryption,271,0158d051007cd55665efeec662082367d302f196db3299294d019bf257659882,358,7cc752c773c5e3368c483cd05ab7c9fc38fd675aa13c256904929f0b36dd8c24,2c0aa9bc42d7ec51dd3deec528c961589c023a4a8b3cd7e991daeef0ea3c21a4,f9da82170d42247bdfe8a24543286ae172089de1e3520350bc65884629d10bc2,2026-09-30T18:01:07Z
SubmitPartialDecryption,268,2cdea741d65414fe1f607a5377e8046b248a9240d03aa2db0e79d0b9d94c0490,358,7cc752c773c5e3368c483cd05ab7c9fc38fd675aa13c256904929f0b36dd8c24,2c0aa9bc42d7ec51dd3deec528c961589c023a4a8b3cd7e991daeef0ea3c21a4,f9da82170d42247bdfe8a24543286ae172089de1e3520350bc65884629d10bc2,2026-09-30T18:01:07Z
SubmitPartialDecryption,263,6064f8283b25413ef9aeceb749d19e8e4a5524b61cd69bf0ef56e8d1531f1627,358,7cc752c773c5e3368c483cd05ab7c9fc38fd675aa13c256904929f0b36dd8c24,2c0aa9bc42d7ec51dd3deec528c961589c023a4a8b3cd7e991daeef0ea3c21a4,f9da82170d42247bdfe8a24543286ae172089de1e3520350bc65884629d10bc2,2026-09-30T18:01:07Z
SubmitPartialDecryption,260,c03d53943ef61f88139c124626d66156601561f5268b72e400b45a8d809b3c9d,358,7cc752c773c5e3368c483cd05ab7c9fc38fd675aa13c256904929f0b36dd8c24,2c0aa9bc42d7ec51dd3deec528c961589c023a4a8b3cd7e991daeef0ea3c21a4,f9da82170d42247bdfe8a24543286ae172089de1e3520350bc65884629d10bc2,2026-09-30T18:01:07Z
SubmitPartialDecryption,257,ed89c84ee52cf50852577d33622e7ff4be60e63182e9dc5fb15c5643e110daa2,358,7cc752c773c5e3368c483cd05ab7c9fc38fd675aa13c256904929f0b36dd8c24,2c0aa9bc42d7ec51dd3deec528c961589c023a4a8b3cd7e991daeef0ea3c21a4,f9da82170d42247bdfe8a24543286ae172089de1e3520350bc65884629d10bc2,2026-09-30T18:01:07Z
SubmitPartialDecryption,262,a1129a99b770f250b51e7821638370cdb54e59ece473908f42cc60765eda1907,358,7cc752c773c5e3368c483cd05ab7c9fc38fd675aa13c256904929f0b36dd8c24,2c0aa9bc42d7ec51dd3deec528c961589c023a4a8b3cd7e991daeef0ea3c21a4,f9da82170d42247bdfe8a24543286ae172089de1e3520350bc65884629d10bc2,2026-09-30T18:01:07Z
SubmitPartialDecryption,266,0f6d13468a44942f73d6d18c07f4aeb4480e83770118ad2ec1620062db075fc5,358,7cc752c773c5e3368c483cd05ab7c9fc38fd675aa13c256904929f0b36dd8c24,2c0aa9bc42d7ec51dd3deec528c961589c023a4a8b3cd7e991daeef0ea3c21a4,f9da82170d42247bdfe8a24543286ae172089de1e3520350bc65884629d10bc2,2026-09-30T18:01:07Z
SubmitPartialDecryption,270,39aa4a438b569e89de553f421f3e35894e6658ed299b5f0af0246906dd1f8e2f,358,7cc752c773c5e3368c483cd05ab7c9fc38fd675aa13c256904929f0b36dd8c24,2c0aa9bc42d7ec51dd3deec528c961589c023a4a8b3cd7e991daeef0ea3c21a4,f9da82170d42247bdfe8a24543286ae172089de1e3520350bc65884629d10bc2,2026-09-30T18:01:07Z
SubmitPartialDecryption,259,1b54c1aa4b1c2d714b47689e630d1aa7aea957cc5dfa37919b558976142b6049,358,7cc752c773c5e3368c483cd05ab7c9fc38fd675aa13c256904929f0b36dd8c24,2c0aa9bc42d7ec51dd3deec528c961589c023a4a8b3cd7e991daeef0ea3c21a4,f9da82170d42247bdfe8a24543286ae172089de1e3520350bc65884629d10bc2,2026-09-30T18:01:07Z
SubmitPartialDecryption,258,d7f0c2e91484e97b355ba128e5b19d6e80620da106c314daad10d48702403915,358,7cc752c773c5e3368c483cd05ab7c9fc38fd675aa13c256904929f0b36dd8c24,2c0aa9bc42d7ec51dd3deec528c961589c023a4a8b3cd7e991daeef0ea3c21a4,f9da82170d42247bdfe8a24543286ae172089de1e3520350bc65884629d10bc2,2026-09-30T18:01:07Z
SubmitPartialDecryption,267,e31a91319dcb32048a83312f7b8a5d4c7c0bce079cf0a544b7b39c8fe6d3f91b,358,7cc752c773c5e3368c483cd05ab7c9fc38fd675aa13c256904929f0b36dd8c24,2c0aa9bc42d7ec51dd3deec528c961589c023a4a8b3cd7e991daeef0ea3c21a4,f9da82170d42247bdfe8a24543286ae172089de1e3520350bc65884629d10bc2,2026-09-30T18:01:07Z
SubmitPartialDecryption,264,d2949ddc779e0eb094d860ea3bafe6d73a150669950c0d068be9d8b646e38d04,358,7cc752c773c5e3368c483cd05ab7c9fc38fd675aa13c256904929f0b36dd8c24,2c0aa9bc42d7ec51dd3deec528c961589c023a4a8b3cd7e991daeef0ea3c21a4,f9da82170d42247bdfe8a24543286ae172089de1e3520350bc65884629d10bc2,2026-09-30T18:01:07Z
SubmitPartialDecryption,281,bbada583b64795e563745cc04e4571977134a803d83b68f20fd2b5969016d012,359,4d88815fcfa3fe69f1e1443d16437562a89f7d6afa5906829d20e6b5eedb5e8d,39946402eb1bcea371e35b6a32188a350589f14ae2ce7ba97ecf235b67b9c078,7cc752c773c5e3368c483cd05ab7c9fc38fd675aa13c256904929f0b36dd8c24,2026-09-30T18:01:09Z
SubmitPartialDecryption,287,0df1891a74b59041cd3e5f77eed480c6395d618689b0fc14d55cc9c6a3729905,359,4d88815fcfa3fe69f1e1443d16437562a89f7d6afa5906829d20e6b5eedb5e8d,39946402eb1bcea371e35b6a32188a350589f14ae2ce7ba97ecf235b67b9c078,7cc752c773c5e3368c483cd05ab7c9fc38fd675aa13c256904929f0b36dd8c24,2026-09-30T18:01:09Z
SubmitPartialDecryption,272,5bf50a3f59b4d87814e1fd5bfc91df3e38d33e66ab9e5847db9d59bc0ac59b55,359,4d88815fcfa3fe69f1e1443d16437562a89f7d6afa5906829d20e6b5eedb5e8d,39946402eb1bcea371e35b6a32188a350589f14ae2ce7ba97ecf235b67b9c078,7cc752c773c5e3368c483cd05ab7c9fc38fd675aa13c256904929f0b36dd8c24,2026-09-30T18:01:09Z
SubmitPartialDecryption,282,2e755229e672567fe4a5815636e3ae999fcfc77ca66beab0c05ecf4e830daeee,359,4d88815fcfa3fe69f1e1443d16437562a89f7d6afa5906829d20e6b5eedb5e8d,39946402eb1bcea371e35b6a32188a350589f14ae2ce7ba97ecf235b67b9c078,7cc752c773c5e3368c483cd05ab7c9fc38fd675aa13c256904929f0b36dd8c24,2026-09-30T18:01:09Z
SubmitPartialDecryption,275,c396113648c5437441e58f8b8de1f11c5a9c2631cc5e25b1cddbd051153b963a,359,4d88815fcfa3fe69f1e1443d16437562a89f7d6afa5906829d20e6b5eedb5e8d,39946402eb1bcea371e35b6a32188a350589f14ae2ce7ba97ecf235b67b9c078,7cc752c773c5e3368c483cd05ab7c9fc38fd675aa13c256904929f0b36dd8c24,2026-09-30T18:01:09Z
SubmitPartialDecryption,278,2316088c2302b4688d55a1d9b247cbafd4a32e240538e261b85c8a45363c2e37,359,4d88815fcfa3fe69f1e1443d16437562a89f7d6afa5906829d20e6b5eedb5e8d,39946402eb1bcea371e35b6a32188a350589f14ae2ce7ba97ecf235b67b9c078,7cc752c773c5e3368c483cd05ab7c9fc38fd675aa13c256904929f0b36dd8c24,2026-09-30T18:01:09Z
SubmitPartialDecryption,280,c4ad6a9a98e30cbf110741c7cfe10092cabad61c63d61a627d3276a574cad9b2,359,4d88815fcfa3fe69f1e1443d16437562a89f7d6afa5906829d20e6b5eedb5e8d,39946402eb1bcea371e35b6a32188a350589f14ae2ce7ba97ecf235b67b9c078,7cc752c773c5e3368c483cd05ab7c9fc38fd675aa13c256904929f0b36dd8c24,2026-09-30T18:01:09Z
SubmitPartialDecryption,277,19a30bc2cda335f053853ead55e0a3a89d3c6bc35eb753711bc076f3e899cc49,359,4d88815fcfa3fe69f1e1443d16437562a89f7d6afa5906829d20e6b5eedb5e8d,39946402eb1bcea371e35b6a32188a350589f14ae2ce7ba97ecf235b67b9c078,7cc752c773c5e3368c483cd05ab7c9fc38fd675aa13c256904929f0b36dd8c24,2026-09-30T18:01:09Z
SubmitPartialDecryption,274,db394ebb3987af589a08eb41fa44f503dd1d07d1eada7c4df21bea04270e4f99,359,4d88815fcfa3fe69f1e1443d16437562a89f7d6afa5906829d20e6b5eedb5e8d,39946402eb1bcea371e35b6a32188a350589f14ae2ce7ba97ecf235b67b9c078,7cc752c773c5e3368c483cd05ab7c9fc38fd675aa13c256904929f0b36dd8c24,2026-09-30T18:01:09Z
SubmitPartialDecryption,279,8dc66d03e6ec6897d921cf2225be267a311561373b874b3d03ab7c4b14413da8,359,4d88815fcfa3fe69f1e1443d16437562a89f7d6afa5906829d20e6b5eedb5e8d,39946402eb1bcea371e35b6a32188a350589f14ae2ce7ba97ecf235b67b9c078,7cc752c773c5e3368c483cd05ab7c9fc38fd675aa13c256904929f0b36dd8c24,2026-09-30T18:01:09Z
SubmitPartialDecryption,285,d9b20251bff44b71290f51864d3ea8095d6627199c36357bb55fe283fd5db23f,359,4d88815fcfa3fe69f1e1443d16437562a89f7d6afa5906829d20e6b5eedb5e8d,39946402eb1bcea371e35b6a32188a350589f14ae2ce7ba97ecf235b67b9c078,7cc752c773c5e3368c483cd05ab7c9fc38fd675aa13c256904929f0b36dd8c24,2026-09-30T18:01:09Z
SubmitPartialDecryption,283,6d711e4129d02b8ff592134d43eb054ba728fd2c31756555e5da5a12fa93a5d2,359,4d88815fcfa3fe69f1e1443d16437562a89f7d6afa5906829d20e6b5eedb5e8d,39946402eb1bcea371e35b6a32188a350589f14ae2ce7ba97ecf235b67b9c078,7cc752c773c5e3368c483cd05ab7c9fc38fd675aa13c256904929f0b36dd8c24,2026-09-30T18:01:09Z
SubmitPartialDecryption,273,b92641fdcfcbb21112b59b1331b2fc167d5a41fdbc0816d06cdc1e4726d74f86,359,4d88815fcfa3fe69f1e1443d16437562a89f7d6afa5906829d20e6b5eedb5e8d,39946402eb1bcea371e35b6a32188a350589f14ae2ce7ba97ecf235b67b9c078,7cc752c773c5e3368c483cd05ab7c9fc38fd675aa13c256904929f0b36dd8c24,2026-09-30T18:01:09Z
SubmitPartialDecryption,286,017d5d728f858dcb463a2908a2de0860bb8452d176ac665eff70ed2c87c0f815,359,4d88815fcfa3fe69f1e1443d16437562a89f7d6afa5906829d20e6b5eedb5e8d,39946402eb1bcea371e35b6a32188a350589f14ae2ce7ba97ecf235b67b9c078,7cc752c773c5e3368c483cd05ab7c9fc38fd675aa13c256904929f0b36dd8c24,2026-09-30T18:01:09Z
SubmitPartialDecryption,276,0ecf0bb1be0af65644847e0747391c1effd5ffc8e5ae618e322ba76f6c0fde5d,359,4d88815fcfa3fe69f1e1443d16437562a89f7d6afa5906829d20e6b5eedb5e8d,39946402eb1bcea371e35b6a32188a350589f14ae2ce7ba97ecf235b67b9c078,7cc752c773c5e3368c483cd05ab7c9fc38fd675aa13c256904929f0b36dd8c24,2026-09-30T18:01:09Z
SubmitPartialDecryption,284,b3b53dad0fd33d0eba0c23b5976dd1af345900fae79f642b59f3a8c6a282d279,359,4d88815fcfa3fe69f1e1443d16437562a89f7d6afa5906829d20e6b5eedb5e8d,39946402eb1bcea371e35b6a32188a350589f14ae2ce7ba97ecf235b67b9c078,7cc752c773c5e3368c483cd05ab7c9fc38fd675aa13c256904929f0b36dd8c24,2026-09-30T18:01:09Z
SubmitPartialDecryption,300,e874bb9f916ebf5dee8381a5d10fbaf7e6da7884302deea376bde1a3228f55d4,360,6cc94e6d498f1877f1030a6cfa35455ed24718a5d44db49bb6d7a3e02022cce3,fb0a22c946a4904a8f5e8b49e5eb3d9886e8523c9d050a2462bf584ba3ea8ef7,4d88815fcfa3fe69f1e1443d16437562a89f7d6afa5906829d20e6b5eedb5e8d,2026-09-30T18:01:11Z
SubmitPartialDecryption,298,1a610c738d43794efdd8c90c9a5aacd2b4e2784ad3c763f13487d256b39fe6c7,360,6cc94e6d498f1877f1030a6cfa35455ed24718a5d44db49bb6d7a3e02022cce3,fb0a22c946a4904a8f5e8b49e5eb3d9886e8523c9d050a2462bf584ba3ea8ef7,4d88815fcfa3fe69f1e1443d16437562a89f7d6afa5906829d20e6b5eedb5e8d,2026-09-30T18:01:11Z
SubmitPartialDecryption,292,a6c4bb700a7ef95b73df2285f5f441d9ab27eff1b9ec9db5f02f17e056d95976,360,6cc94e6d498f1877f1030a6cfa35455ed24718a5d44db49bb6d7a3e02022cce3,fb0a22c946a4904a8f5e8b49e5eb3d9886e8523c9d050a2462bf584ba3ea8ef7,4d88815fcfa3fe69f1e1443d16437562a89f7d6afa5906829d20e6b5eedb5e8d,2026-09-30T18:01:11Z
SubmitPartialDecryption,301,ec4156acf5ea5a3c081c926b52a78c76603fec0c5f40e02061c89d7a07737fdc,360,6cc94e6d498f1877f1030a6cfa35455ed24718a5d44db49bb6d7a3e02022cce3,fb0a22c946a4904a8f5e8b49e5eb3d9886e8523c9d050a2462bf584ba3ea8ef7,4d88815fcfa3fe69f1e1443d16437562a89f7d6afa5906829d20e6b5eedb5e8d,2026-09-30T18:01:11Z
SubmitPartialDecryption,294,de8fd241c0c9fc6170e7a48071c845be22d92e906e9be52b0fdba44042c30930,360,6cc94e6d498f1877f1030a6cfa35455ed24718a5d44db49bb6d7a3e02022cce3,fb0a22c946a4904a8f5e8b49e5eb3d9886e8523c9d050a2462bf584ba3ea8ef7,4d88815fcfa3fe69f1e1443d16437562a89f7d6afa5906829d20e6b5eedb5e8d,2026-09-30T18:01:11Z
SubmitPartialDecryption,297,1fc910918f142e508b0c7b6b3d10d5231d9995cb1fbd27f0fd02f31f761d7fa6,360,6cc94e6d498f1877f1030a6cfa35455ed24718a5d44db49bb6d7a3e02022cce3,fb0a22c946a4904a8f5e8b49e5eb3d9886e8523c9d050a2462bf584ba3ea8ef7,4d88815fcfa3fe69f1e1443d16437562a89f7d6afa5906829d20e6b5eedb5e8d,2026-09-30T18:01:11Z
SubmitPartialDecryption,296,4c37475ad68b8554e3217e5f9c822fdbfa062ad6803843939de3673b238e8f00,360,6cc94e6d498f1877f1030a6cfa35455ed24718a5d44db49bb6d7a3e02022cce3,fb0a22c946a4904a8f5e8b49e5eb3d9886e8523c9d050a2462bf584ba3ea8ef7,4d88815fcfa3fe69f1e1443d16437562a89f7d6afa5906829d20e6b5eedb5e8d,2026-09-30T18:01:11Z
SubmitPartialDecryption,289,f04216db40f88545a97830b00f5e0d0bdd9699304dd64cc833592da824b5b021,360,6cc94e6d498f1877f1030a6cfa35455ed24718a5d44db49bb6d7a3e02022cce3,fb0a22c946a4904a8f5e8b49e5eb3d9886e8523c9d050a2462bf584ba3ea8ef7,4d88815fcfa3fe69f1e1443d16437562a89f7d6afa5906829d20e6b5eedb5e8d,2026-09-30T18:01:11Z
SubmitPartialDecryption,295,38c6db879b5eef485e903b548be32f2d2c21feba84ab2db835cc4f09b9bc299f,360,6cc94e6d498f1877f1030a6cfa35455ed24718a5d44db49bb6d7a3e02022cce3,fb0a22c946a4904a8f5e8b49e5eb3d9886e8523c9d050a2462bf584ba3ea8ef7,4d88815fcfa3fe69f1e1443d16437562a89f7d6afa5906829d20e6b5eedb5e8d,2026-09-30T18:01:11Z
SubmitPartialDecryption,302,2ea57d72173db51e466d6758a8392300a8d42afff6225ac622e46033f808f52f,360,6cc94e6d498f1877f1030a6cfa35455ed24718a5d44db49bb6d7a3e02022cce3,fb0a22c946a4904a8f5e8b49e5eb3d9886e8523c9d050a2462bf584ba3ea8ef7,4d88815fcfa3fe69f1e1443d16437562a89f7d6afa5906829d20e6b5eedb5e8d,2026-09-30T18:01:11Z
SubmitPartialDecryption,293,b01005563dfd35f3eaa84f59a393c019813e4b957fd33fd4df9096de384e3263,360,6cc94e6d498f1877f1030a6cfa35455ed24718a5d44db49bb6d7a3e02022cce3,fb0a22c946a4904a8f5e8b49e5eb3d9886e8523c9d050a2462bf584ba3ea8ef7,4d88815fcfa3fe69f1e1443d16437562a89f7d6afa5906829d20e6b5eedb5e8d,2026-09-30T18:01:11Z
SubmitPartialDecryption,290,66a2cf656e267512fb1e09d8d98a9fabd623962088bdeea43b392ec34e880fc8,360,6cc94e6d498f1877f1030a6cfa35455ed24718a5d44db49bb6d7a3e02022cce3,fb0a22c946a4904a8f5e8b49e5eb3d9886e8523c9d050a2462bf584ba3ea8ef7,4d88815fcfa3fe69f1e1443d16437562a89f7d6afa5906829d20e6b5eedb5e8d,2026-09-30T18:01:11Z
SubmitPartialDecryption,291,e6ab78e3759d3857fcca2e3c733306ebde2c1b69956b5d80911c5a2fd62dc332,360,6cc94e6d498f1877f1030a6cfa35455ed24718a5d44db49bb6d7a3e02022cce3,fb0a22c946a4904a8f5e8b49e5eb3d9886e8523c9d050a2462bf584ba3ea8ef7,4d88815fcfa3fe69f1e1443d16437562a89f7d6afa5906829d20e6b5eedb5e8d,2026-09-30T18:01:11Z
SubmitPartialDecryption,288,f43c68e790ace180812fc64e2a15db22d17dadf3f83a403fc9d04503f477fe89,360,6cc94e6d498f1877f1030a6cfa35455ed24718a5d44db49bb6d7a3e02022cce3,fb0a22c946a4904a8f5e8b49e5eb3d9886e8523c9d050a2462bf584ba3ea8ef7,4d88815fcfa3fe69f1e1443d16437562a89f7d6afa5906829d20e6b5eedb5e8d,2026-09-30T18:01:11Z
SubmitPartialDecryption,299,0baf4abc99b0cfa81c292b7188655697d1a8cf37eb03d7db59e5e16e97c74a7a,360,6cc94e6d498f1877f1030a6cfa35455ed24718a5d44db49bb6d7a3e02022cce3,fb0a22c946a4904a8f5e8b49e5eb3d9886e8523c9d050a2462bf584ba3ea8ef7,4d88815fcfa3fe69f1e1443d16437562a89f7d6afa5906829d20e6b5eedb5e8d,2026-09-30T18:01:11Z
SubmitPartialDecryption,303,ee1e22fce45fe2e797eb5db3afde8b4d52abca9c1e76507466c667df5c9d64d3,360,6cc94e6d498f1877f1030a6cfa35455ed24718a5d44db49bb6d7a3e02022cce3,fb0a22c946a4904a8f5e8b49e5eb3d9886e8523c9d050a2462bf584ba3ea8ef7,4d88815fcfa3fe69f1e1443d16437562a89f7d6afa5906829d20e6b5eedb5e8d,2026-09-30T18:01:11Z
SubmitPartialDecryption,315,23461944aaac757a0320f66ff0855a70b26d3df5bafd9c7d7dd2910525b2a9d9,361,54793328f3318231df3c06d0eeb032c46091b450325393cad2a12f6e08c0b03c,ab2fa9558f4ed9c7cf94f387f24314e3e7201ea71c4e82602e3c2a797d8a2421,6cc94e6d498f1877f1030a6cfa35455ed24718a5d44db49bb6d7a3e02022cce3,2026-09-30T18:01:13Z
SubmitPartialDecryption,318,f61bceadc31c05bf61e8f9b4414f0ff201f07ad86402a104218519e354b7af6d,361,54793328f3318231df3c06d0eeb032c46091b450325393cad2a12f6e08c0b03c,ab2fa9558f4ed9c7cf94f387f24314e3e7201ea71c4e82602e3c2a797d8a2421,6cc94e6d498f1877f1030a6cfa35455ed24718a5d44db49bb6d7a3e02022cce3,2026-09-30T18:01:13Z
SubmitPartialDecryption,305,65fd4369d7100ed414a1adcbcb0430a13c26cf32e52630f792a181e99fdba437,361,54793328f3318231df3c06d0eeb032c46091b450325393cad2a12f6e08c0b03c,ab2fa9558f4ed9c7cf94f387f24314e3e7201ea71c4e82602e3c2a797d8a2421,6cc94e6d498f1877f1030a6cfa35455ed24718a5d44db49bb6d7a3e02022cce3,2026-09-30T18:01:13Z
SubmitPartialDecryption,306,4825ed594ded09b0961bc1ee0e5f4ddb3cfba5c4c8959ae3eb904c0f138c7000,361,54793328f3318231df3c06d0eeb032c46091b450325393cad2a12f6e08c0b03c,ab2fa9558f4ed9c7cf94f387f24314e3e7201ea71c4e82602e3c2a797d8a2421,6cc94e6d498f1877f1030a6cfa35455ed24718a5d44db49bb6d7a3e02022cce3,2026-09-30T18:01:13Z
SubmitPartialDecryption,317,6b0ae86a208e6c4f52db0eac75322c0b233623b4e58ea0a19aca88d47762332c,361,54793328f3318231df3c06d0eeb032c46091b450325393cad2a12f6e08c0b03c,ab2fa9558f4ed9c7cf94f387f24314e3e7201ea71c4e82602e3c2a797d8a2421,6cc94e6d498f1877f1030a6cfa35455ed24718a5d44db49bb6d7a3e02022cce3,2026-09-30T18:01:13Z
SubmitPartialDecryption,307,f4daabc65a29839f24b9394a59ca1960884764b61a64500dbf48256fee51e770,361,54793328f3318231df3c06d0eeb032c46091b450325393cad2a12f6e08c0b03c,ab2fa9558f4ed9c7cf94f387f24314e3e7201ea71c4e82602e3c2a797d8a2421,6cc94e6d498f1877f1030a6cfa35455ed24718a5d44db49bb6d7a3e02022cce3,2026-09-30T18:01:13Z
SubmitPartialDecryption,311,45117006456f8ca7ff13471a74a8529cecd11c002779cfa98956f4764daab59f,361,54793328f3318231df3c06d0eeb032c46091b450325393cad2a12f6e08c0b03c,ab2fa9558f4ed9c7cf94f387f24314e3e7201ea71c4e82602e3c2a797d8a2421,6cc94e6d498f1877f1030a6cfa35455ed24718a5d44db49bb6d7a3e02022cce3,2026-09-30T18:01:13Z
SubmitPartialDecryption,309,8f6b8a8d0c0aa0ce94c26845309f5a03aa6844789e3ce8de848030b20377cfd4,361,54793328f3318231df3c06d0eeb032c46091b450325393cad2a12f6e08c0b03c,ab2fa9558f4ed9c7cf94f387f24314e3e7201ea71c4e82602e3c2a797d8a2421,6cc94e6d498f1877f1030a6cfa35455ed24718a5d44db49bb6d7a3e02022cce3,2026-09-30T18:01:13Z
SubmitPartialDecryption,304,4d8d9d6dce738287bb6fcee9d42720dc1dd19d0dd6504b9edae6f36b7d2fa361,361,54793328f3318231df3c06d0eeb032c46091b450325393cad2a12f6e08c0b03c,ab2fa9558f4ed9c7cf94f387f24314e3e7201ea71c4e82602e3c2a797d8a2421,6cc94e6d498f1877f1030a6cfa35455ed24718a5d44db49bb6d7a3e02022cce3,2026-09-30T18:01:13Z
SubmitPartialDecryption,310,36e6f4b81fe2284bfed7675b184ed2aa103fba43b61928d8ccc6587a405ebe1f,361,54793328f3318231df3c06d0eeb032c46091b450325393cad2a12f6e08c0b03c,ab2fa9558f4ed9c7cf94f387f24314e3e7201ea71c4e82602e3c2a797d8a2421,6cc94e6d498f1877f1030a6cfa35455ed24718a5d44db49bb6d7a3e02022cce3,2026-09-30T18:01:13Z
SubmitPartialDecryption,319,97d73cf8793e7d936535f33957c000516bec86cc0417a80ea26f75d01a99f6d0,361,54793328f3318231df3c06d0eeb032c46091b450325393cad2a12f6e08c0b03c,ab2fa9558f4ed9c7cf94f387f24314e3e7201ea71c4e82602e3c2a797d8a2421,6cc94e6d498f1877f1030a6cfa35455ed24718a5d44db49bb6d7a3e02022cce3,2026-09-30T18:01:13Z
SubmitPartialDecryption,312,b5209d567d16c2e4125bc5b79983777102062524be3ae4b843e6a30b44d7ecbb,361,54793328f3318231df3c06d0eeb032c46091b450325393cad2a12f6e08c0b03c,ab2fa9558f4ed9c7cf94f387f24314e3e7201ea71c4e82602e3c2a797d8a2421,6cc94e6d498f1877f1030a6cfa35455ed24718a5d44db49bb6d7a3e02022cce3,2026-09-30T18:01:13Z
SubmitPartialDecryption,314,f804104f3834f8921db4b7e8fa6979bf7af58b54e6ca0557649cae5204eef437,361,54793328f3318231df3c06d0eeb032c46091b450325393cad2a12f6e08c0b03c,ab2fa9558f4ed9c7cf94f387f24314e3e7201ea71c4e82602e3c2a797d8a2421,6cc94e6d498f1877f1030a6cfa35455ed24718a5d44db49bb6d7a3e02022cce3,2026-09-30T18:01:13Z
SubmitPartialDecryption,316,5c3689ccb174bb27a97d176257258016139bd20c5d63315c9ad4a165030fba89,361,54793328f3318231df3c06d0eeb032c46091b450325393cad2a12f6e08c0b03c,ab2fa9558f4ed9c7cf94f387f24314e3e7201ea71c4e82602e3c2a797d8a2421,6cc94e6d498f1877f1030a6cfa35455ed24718a5d44db49bb6d7a3e02022cce3,2026-09-30T18:01:13Z
SubmitPartialDecryption,308,73cf2831f7d4da95e69c88a59f92254f60725dd3441e54ae26716c5910b47756,361,54793328f3318231df3c06d0eeb032c46091b450325393cad2a12f6e08c0b03c,ab2fa9558f4ed9c7cf94f387f24314e3e7201ea71c4e82602e3c2a797d8a2421,6cc94e6d498f1877f1030a6cfa35455ed24718a5d44db49bb6d7a3e02022cce3,2026-09-30T18:01:13Z
SubmitPartialDecryption,313,2ebaa1013b3497876c54d63d16bc5f73d3ab105bbd1ed2e95ddcd81217dbb37c,361,54793328f3318231df3c06d0eeb032c46091b450325393cad2a12f6e08c0b03c,ab2fa9558f4ed9c7cf94f387f24314e3e7201ea71c4e82602e3c2a797d8a2421,6cc94e6d498f1877f1030a6cfa35455ed24718a5d44db49bb6d7a3e02022cce3,2026-09-30T18:01:13Z
SubmitPartialDecryption,324,97aa686325f072dcba16351df80bd326b3935b96651a3064cfc4a64601ce1fa8,362,88dfe5313c702005070b3b93dad7c5d3cb5807b0027af6f95dc321a7f9bb8548,6d7579f678d5d9474c391c24b8c5df406a1a4827ce64cc50d1a40f7a3a2f1283,54793328f3318231df3c06d0eeb032c46091b450325393cad2a12f6e08c0b03c,2026-09-30T18:01:15Z
SubmitPartialDecryption,325,5c973a2940db6323ce2b1f44b0c695e039ebabfa0beb6a4c483a038e933468f3,362,88dfe5313c702005070b3b93dad7c5d3cb5807b0027af6f95dc321a7f9bb8548,6d7579f678d5d9474c391c24b8c5df406a1a4827ce64cc50d1a40f7a3a2f1283,54793328f3318231df3c06d0eeb032c46091b450325393cad2a12f6e08c0b03c,2026-09-30T18:01:15Z
SubmitPartialDecryption,330,005ae324b6ab349bac576cd00f3271bbe68c5b764d846069209c190670184393,362,88dfe5313c702005070b3b93dad7c5d3cb5807b0027af6f95dc321a7f9bb8548,6d7579f678d5d9474c391c24b8c5df406a1a4827ce64cc50d1a40f7a3a2f1283,54793328f3318231df3c06d0eeb032c46091b450325393cad2a12f6e08c0b03c,2026-09-30T18:01:15Z
SubmitPartialDecryption,321,7229b68ad2d4f42de4075b075dc306cab8f995ad39f646a3af0367317d38106d,362,88dfe5313c702005070b3b93dad7c5d3cb5807b0027af6f95dc321a7f9bb8548,6d7579f678d5d9474c391c24b8c5df406a1a4827ce64cc50d1a40f7a3a2f1283,54793328f3318231df3c06d0eeb032c46091b450325393cad2a12f6e08c0b03c,2026-09-30T18:01:15Z
SubmitPartialDecryption,320,8a02f421334eb30f4d6268b324adaaa8726359ef0da50922634d1679bbf6072e,362,88dfe5313c702005070b3b93dad7c5d3cb5807b0027af6f95dc321a7f9bb8548,6d7579f678d5d9474c391c24b8c5df406a1a4827ce64cc50d1a40f7a3a2f1283,54793328f3318231df3c06d0eeb032c46091b450325393cad2a12f6e08c0b03c,2026-09-30T18:01:15Z
SubmitPartialDecryption,326,ed57d10d91dfc8f527325930b80cb896f768552f2c72f60e1ee60ed489de5d75,362,88dfe5313c702005070b3b93dad7c5d3cb5807b0027af6f95dc321a7f9bb8548,6d7579f678d5d9474c391c24b8c5df406a1a4827ce64cc50d1a40f7a3a2f1283,54793328f3318231df3c06d0eeb032c46091b450325393cad2a12f6e08c0b03c,2026-09-30T18:01:15Z
SubmitPartialDecryption,328,0281fceff8226c970761e9e49a6244e3dc6e811656796fb01284ccb759d0a415,362,88dfe5313c702005070b3b93dad7c5d3cb5807b0027af6f95dc321a7f9bb8548,6d7579f678d5d9474c391c24b8c5df406a1a4827ce64cc50d1a40f7a3a2f1283,54793328f3318231df3c06d0eeb032c46091b450325393cad2a12f6e08c0b03c,2026-09-30T18:01:15Z
SubmitPartialDecryption,327,f1b379ceb237244ab9ccf260938b4124d104873d48e64d37038cee0a1b522c41,362,88dfe5313c702005070b3b93dad7c5d3cb5807b0027af6f95dc321a7f9bb8548,6d7579f678d5d9474c391c24b8c5df406a1a4827ce64cc50d1a40f7a3a2f1283,54793328f3318231df3c06d0eeb032c46091b450325393cad2a12f6e08c0b03c,2026-09-30T18:01:15Z
SubmitPartialDecryption,334,cc277115d943491d33143f69986ec6c0bbf43afcac6823544e64ffd185097b68,362,88dfe5313c702005070b3b93dad7c5d3cb5807b0027af6f95dc321a7f9bb8548,6d7579f678d5d9474c391c24b8c5df406a1a4827ce64cc50d1a40f7a3a2f1283,54793328f3318231df3c06d0eeb032c46091b450325393cad2a12f6e08c0b03c,2026-09-30T18:01:15Z
SubmitPartialDecryption,335,3e1c7ef6b3082b76ffc078c84c5d07f3ca7469346645ebf6d96f05ad36309f7b,362,88dfe5313c702005070b3b93dad7c5d3cb5807b0027af6f95dc321a7f9bb8548,6d7579f678d5d9474c391c24b8c5df406a1a4827ce64cc50d1a40f7a3a2f1283,54793328f3318231df3c06d0eeb032c46091b450325393cad2a12f6e08c0b03c,2026-09-30T18:01:15Z
SubmitPartialDecryption,331,02244e96eb2787d55e6e8e41b46fdc6827286ec66ade355774151e12d4f69b7e,362,88dfe5313c702005070b3b93dad7c5d3cb5807b0027af6f95dc321a7f9bb8548,6d7579f678d5d9474c391c24b8c5df406a1a4827ce64cc50d1a40f7a3a2f1283,54793328f3318231df3c06d0eeb032c46091b450325393cad2a12f6e08c0b03c,2026-09-30T18:01:15Z
SubmitPartialDecryption,322,be142070a50202add4925f184e8aac0e23f23448aae3cffd7b7a062cbb94febb,362,88dfe5313c702005070b3b93dad7c5d3cb5807b0027af6f95dc321a7f9bb8548,6d7579f678d5d9474c391c24b8c5df406a1a4827ce64cc50d1a40f7a3a2f1283,54793328f3318231df3c06d0eeb032c46091b450325393cad2a12f6e08c0b03c,2026-09-30T18:01:15Z
SubmitPartialDecryption,333,fb1bbef0c3c58065329f8d6c8ad65faf8b50596e842263b498df10aa4a87ec42,362,88dfe5313c702005070b3b93dad7c5d3cb5807b0027af6f95dc321a7f9bb8548,6d7579f678d5d9474c391c24b8c5df406a1a4827ce64cc50d1a40f7a3a2f1283,54793328f3318231df3c06d0eeb032c46091b450325393cad2a12f6e08c0b03c,2026-09-30T18:01:15Z
SubmitPartialDecryption,332,35c7c53cc13727c64f1f190bc276c8540b055fce9ff126fa045f33b84b15f328,362,88dfe5313c702005070b3b93dad7c5d3cb5807b0027af6f95dc321a7f9bb8548,6d7579f678d5d9474c391c24b8c5df406a1a4827ce64cc50d1a40f7a3a2f1283,54793328f3318231df3c06d0eeb032c46091b450325393cad2a12f6e08c0b03c,2026-09-30T18:01:15Z
SubmitPartialDecryption,329,a819d84cac2dac1bb7b0be3c91da0d7f433d8a2443206907d11845415d1f3159,362,88dfe5313c702005070b3b93dad7c5d3cb5807b0027af6f95dc321a7f9bb8548,6d7579f678d5d9474c391c24b8c5df406a1a4827ce64cc50d1a40f7a3a2f1283,54793328f3318231df3c06d0eeb032c46091b450325393cad2a12f6e08c0b03c,2026-09-30T18:01:15Z
SubmitPartialDecryption,323,c793f14359dbf05711fd3be8dd4c02fd46bea921126c4d085603898e209e71d8,362,88dfe5313c702005070b3b93dad7c5d3cb5807b0027af6f95dc321a7f9bb8548,6d7579f678d5d9474c391c24b8c5df406a1a4827ce64cc50d1a40f7a3a2f1283,54793328f3318231df3c06d0eeb032c46091b450325393cad2a12f6e08c0b03c,2026-09-30T18:01:15Z
SubmitPartialDecryption,337,e73efa147b6a924aa5b6d47526f405dfd15ec249cb5fafccdaa40ec3386af7c1,363,32f823c9d9564059b4fadd16187e5339b8e6a27a895bdd524b4c3eccf1c567d4,c8de2ac32a87cffa820b918196fc018ea344276dec26a1f2f4dcc7d56aa92022,88dfe5313c702005070b3b93dad7c5d3cb5807b0027af6f95dc321a7f9bb8548,2026-09-30T18:01:17Z
SubmitPartialDecryption,346,f16741a1903e6e73a0375e75fbe43c05af4a8a76114454e7cb607734f834cf49,363,32f823c9d9564059b4fadd16187e5339b8e6a27a895bdd524b4c3eccf1c567d4,c8de2ac32a87cffa820b918196fc018ea344276dec26a1f2f4dcc7d56aa92022,88dfe5313c702005070b3b93dad7c5d3cb5807b0027af6f95dc321a7f9bb8548,2026-09-30T18:01:17Z
SubmitPartialDecryption,341,87e0b62ff863e5a9bcba37d5fdb3e533982d5f1a553d173b4457698e9f9f481d,363,32f823c9d9564059b4fadd16187e5339b8e6a27a895bdd524b4c3eccf1c567d4,c8de2ac32a87cffa820b918196fc018ea344276dec26a1f2f4dcc7d56aa92022,88dfe5313c702005070b3b93dad7c5d3cb5807b0027af6f95dc321a7f9bb8548,2026-09-30T18:01:17Z
SubmitPartialDecryption,343,d6c7343b1cff6ef1e6767859f478f45edd46e0ee874242ae7dac6833a3bbce20,363,32f823c9d9564059b4fadd16187e5339b8e6a27a895bdd524b4c3eccf1c567d4,c8de2ac32a87cffa820b918196fc018ea344276dec26a1f2f4dcc7d56aa92022,88dfe5313c702005070b3b93dad7c5d3cb5807b0027af6f95dc321a7f9bb8548,2026-09-30T18:01:17Z
SubmitPartialDecryption,351,8b9eebc174c1820f3862e675c8b8fd807af2194c4f0638de531f361096e2f28f,363,32f823c9d9564059b4fadd16187e5339b8e6a27a895bdd524b4c3eccf1c567d4,c8de2ac32a87cffa820b918196fc018ea344276dec26a1f2f4dcc7d56aa92022,88dfe5313c702005070b3b93dad7c5d3cb5807b0027af6f95dc321a7f9bb8548,2026-09-30T18:01:17Z
SubmitPartialDecryption,342,7eaa3231e2b2ab79b54aad2145b8ecbf1d62e4e21a0747e4b950332f8428bb9d,363,32f823c9d9564059b4fadd16187e5339b8e6a27a895bdd524b4c3eccf1c567d4,c8de2ac32a87cffa820b918196fc018ea344276dec26a1f2f4dcc7d56aa92022,88dfe5313c702005070b3b93dad7c5d3cb5807b0027af6f95dc321a7f9bb8548,2026-09-30T18:01:17Z
SubmitPartialDecryption,349,b76f5cb089867b5b843fae8543c3961fddc0ef4e4d9cb1f09d3d44432b1e84cf,363,32f823c9d9564059b4fadd16187e5339b8e6a27a895bdd524b4c3eccf1c567d4,c8de2ac32a87cffa820b918196fc018ea344276dec26a1f2f4dcc7d56aa92022,88dfe5313c702005070b3b93dad7c5d3cb5807b0027af6f95dc321a7f9bb8548,2026-09-30T18:01:17Z
SubmitPartialDecryption,345,309d37b7a554412e21908f6303d0f5ffa3d0f43142a99c8ddadf3c57a516abbb,363,32f823c9d9564059b4fadd16187e5339b8e6a27a895bdd524b4c3eccf1c567d4,c8de2ac32a87cffa820b918196fc018ea344276dec26a1f2f4dcc7d56aa92022,88dfe5313c702005070b3b93dad7c5d3cb5807b0027af6f95dc321a7f9bb8548,2026-09-30T18:01:17Z
SubmitPartialDecryption,336,7fb5e92494d6b47d714af082a700027096ea7fea2def58b60afd82cd87fa0dfa,363,32f823c9d9564059b4fadd16187e5339b8e6a27a895bdd524b4c3eccf1c567d4,c8de2ac32a87cffa820b918196fc018ea344276dec26a1f2f4dcc7d56aa92022,88dfe5313c702005070b3b93dad7c5d3cb5807b0027af6f95dc321a7f9bb8548,2026-09-30T18:01:17Z
SubmitPartialDecryption,340,c5f0bd561b104054144979a191854205c8aac42e3ae7f75dc6d084b057b8f2b8,363,32f823c9d9564059b4fadd16187e5339b8e6a27a895bdd524b4c3eccf1c567d4,c8de2ac32a87cffa820b918196fc018ea344276dec26a1f2f4dcc7d56aa92022,88dfe5313c702005070b3b93dad7c5d3cb5807b0027af6f95dc321a7f9bb8548,2026-09-30T18:01:17Z
SubmitPartialDecryption,350,fb61d95050e1c18215528aa8b37c6f864c5e6b90328fbc10b3d7cc2d944d0612,363,32f823c9d9564059b4fadd16187e5339b8e6a27a895bdd524b4c3eccf1c567d4,c8de2ac32a87cffa820b918196fc018ea344276dec26a1f2f4dcc7d56aa92022,88dfe5313c702005070b3b93dad7c5d3cb5807b0027af6f95dc321a7f9bb8548,2026-09-30T18:01:17Z
SubmitPartialDecryption,348,d8980dbe795dfcfb1b9b5d1838d3ab2d3863c9ca1c64a7672ecf47df1da8eb9f,363,32f823c9d9564059b4fadd16187e5339b8e6a27a895bdd524b4c3eccf1c567d4,c8de2ac32a87cffa820b918196fc018ea344276dec26a1f2f4dcc7d56aa92022,88dfe5313c702005070b3b93dad7c5d3cb5807b0027af6f95dc321a7f9bb8548,2026-09-30T18:01:17Z
SubmitPartialDecryption,339,0f04b7ccb562960e7de07994af8dd5b407c36b9edfbe9be6b01518bc88df4aa1,363,32f823c9d9564059b4fadd16187e5339b8e6a27a895bdd524b4c3eccf1c567d4,c8de2ac32a87cffa820b918196fc018ea344276dec26a1f2f4dcc7d56aa92022,88dfe5313c702005070b3b93dad7c5d3cb5807b0027af6f95dc321a7f9bb8548,2026-09-30T18:01:17Z
SubmitPartialDecryption,338,c13851946387c62b6213a8cb3486269becd4e9fa7dff395813407a0f1c03b4f7,363,32f823c9d9564059b4fadd16187e5339b8e6a27a895bdd524b4c3eccf1c567d4,c8de2ac32a87cffa820b918196fc018ea344276dec26a1f2f4dcc7d56aa92022,88dfe5313c702005070b3b93dad7c5d3cb5807b0027af6f95dc321a7f9bb8548,2026-09-30T18:01:17Z
SubmitPartialDecryption,344,029dc0851085e0ee74f7e58bca81ed33a95a45bac4db06cc0b8d4f895107cffc,363,32f823c9d9564059b4fadd16187e5339b8e6a27a895bdd524b4c3eccf1c567d4,c8de2ac32a87cffa820b918196fc018ea344276dec26a1f2f4dcc7d56aa92022,88dfe5313c702005070b3b93dad7c5d3cb5807b0027af6f95dc321a7f9bb8548,2026-09-30T18:01:17Z
SubmitPartialDecryption,347,1718e251193d55d5f362d03dd659bbf4b1fdc0f2a98b6612ce1e4dc17395a6bb,363,32f823c9d9564059b4fadd16187e5339b8e6a27a895bdd524b4c3eccf1c567d4,c8de2ac32a87cffa820b918196fc018ea344276dec26a1f2f4dcc7d56aa92022,88dfe5313c702005070b3b93dad7c5d3cb5807b0027af6f95dc321a7f9bb8548,2026-09-30T18:01:17Z
SubmitPartialDecryption,361,3bb08b5499792158edbfa65c93a198b267ebf7ca83070e3576c870ff52bfe62d,364,34a314292276aa235c33280f56a514864b4ae8b98b2529753520db0f69809251,ee349e106b1182f0b9da78b380e83eb983866f1c8192eb623a286f25241be7e8,32f823c9d9564059b4fadd16187e5339b8e6a27a895bdd524b4c3eccf1c567d4,2026-09-30T18:01:19Z
SubmitPartialDecryption,360,005575edcd9b0ef2417775cda48faec097b983640ef21da49808757efb665731,364,34a314292276aa235c33280f56a514864b4ae8b98b2529753520db0f69809251,ee349e106b1182f0b9da78b380e83eb983866f1c8192eb623a286f25241be7e8,32f823c9d9564059b4fadd16187e5339b8e6a27a895bdd524b4c3eccf1c567d4,2026-09-30T18:01:19Z
SubmitPartialDecryption,363,bd438f97eb6b3c47b91d33eeccd9a6a33a6dcb952facfc8893270112e2754846,364,34a314292276aa235c33280f56a514864b4ae8b98b2529753520db0f69809251,ee349e106b1182f0b9da78b380e83eb983866f1c8192eb623a286f25241be7e8,32f823c9d9564059b4fadd16187e5339b8e6a27a895bdd524b4c3eccf1c567d4,2026-09-30T18:01:19Z
SubmitPartialDecryption,358,92759081e484535822bc50a9ed1fb84c8d8cf0ca154c36460ed5466ca02ae77f,364,34a314292276aa235c33280f56a514864b4ae8b98b2529753520db0f69809251,ee349e106b1182f0b9da78b380e83eb983866f1c8192eb623a286f25241be7e8,32f823c9d9564059b4fadd16187e5339b8e6a27a895bdd524b4c3eccf1c567d4,2026-09-30T18:01:19Z
SubmitPartialDecryption,356,a79a46938715615c85679b5d583573b5f2e14992a09a1470cffae4e189f746fe,364,34a314292276aa235c33280f56a514864b4ae8b98b2529753520db0f69809251,ee349e106b1182f0b9da78b380e83eb983866f1c8192eb623a286f25241be7e8,32f823c9d9564059b4fadd16187e5339b8e6a27a895bdd524b4c3eccf1c567d4,2026-09-30T18:01:19Z
SubmitPartialDecryption,366,bf8b6c2991765e1dc9f6fc8ed661655ab9b140a2272e64e0197956bf6215d75f,364,34a314292276aa235c33280f56a514864b4ae8b98b2529753520db0f69809251,ee349e106b1182f0b9da78b380e83eb983866f1c8192eb623a286f25241be7e8,32f823c9d9564059b4fadd16187e5339b8e6a27a895bdd524b4c3eccf1c567d4,2026-09-30T18:01:19Z
SubmitPartialDecryption,367,ce52673f7a41fa45bf34c8a6da7a69b8db62954bf882753dc2319f75e26d0420,364,34a314292276aa235c33280f56a514864b4ae8b98b2529753520db0f69809251,ee349e106b1182f0b9da78b380e83eb983866f1c8192eb623a286f25241be7e8,32f823c9d9564059b4fadd16187e5339b8e6a27a895bdd524b4c3eccf1c567d4,2026-09-30T18:01:19Z
SubmitPartialDecryption,354,bc19bc9817966f3d123c69e8341a9f1406666c55c826f0848718820353a1898e,364,34a314292276aa235c33280f56a514864b4ae8b98b2529753520db0f69809251,ee349e106b1182f0b9da78b380e83eb983866f1c8192eb623a286f25241be7e8,32f823c9d9564059b4fadd16187e5339b8e6a27a895bdd524b4c3eccf1c567d4,2026-09-30T18:01:19Z
SubmitPartialDecryption,352,e1b5ccf8bb771cd58aed465e62a8d7081581b8e546e056b4d0064ae75981425e,364,34a314292276aa235c33280f56a514864b4ae8b98b2529753520db0f69809251,ee349e106b1182f0b9da78b380e83eb983866f1c8192eb623a286f25241be7e8,32f823c9d9564059b4fadd16187e5339b8e6a27a895bdd524b4c3eccf1c567d4,2026-09-30T18:01:19Z
SubmitPartialDecryption,362,20ebe6020bf89e518e62219dff8200a6dad01572ff874e21d22d524eb2e1761f,364,34a314292276aa235c33280f56a514864b4ae8b98b2529753520db0f69809251,ee349e106b1182f0b9da78b380e83eb983866f1c8192eb623a286f25241be7e8,32f823c9d9564059b4fadd16187e5339b8e6a27a895bdd524b4c3eccf1c567d4,2026-09-30T18:01:19Z
SubmitPartialDecryption,353,d98dd10aef908acca470271b2814c8dc81df5ff4efe281d44efdbdfe1ac923fb,364,34a314292276aa235c33280f56a514864b4ae8b98b2529753520db0f69809251,ee349e106b1182f0b9da78b380e83eb983866f1c8192eb623a286f25241be7e8,32f823c9d9564059b4fadd16187e5339b8e6a27a895bdd524b4c3eccf1c567d4,2026-09-30T18:01:19Z
SubmitPartialDecryption,355,bf6e9357b5682358e8d1379398a44695ceeb730d046526e41e3dc32d215a130b,364,34a314292276aa235c33280f56a514864b4ae8b98b2529753520db0f69809251,ee349e106b1182f0b9da78b380e83eb983866f1c8192eb623a286f25241be7e8,32f823c9d9564059b4fadd16187e5339b8e6a27a895bdd524b4c3eccf1c567d4,2026-09-30T18:01:19Z
SubmitPartialDecryption,359,0b9c7d8fcad47c587f91b80448e3ca5e1b72fa55d1c788463c3fcdda72b39148,364,34a314292276aa235c33280f56a514864b4ae8b98b2529753520db0f69809251,ee349e106b1182f0b9da78b380e83eb983866f1c8192eb623a286f25241be7e8,32f823c9d9564059b4fadd16187e5339b8e6a27a895bdd524b4c3eccf1c567d4,2026-09-30T18:01:19Z
SubmitPartialDecryption,365,c1bdd283ff55f8c5a1a243d5264f8e068531f0aa68a324cc61d2632c84cd161d,364,34a314292276aa235c33280f56a514864b4ae8b98b2529753520db0f69809251,ee349e106b1182f0b9da78b380e83eb983866f1c8192eb623a286f25241be7e8,32f823c9d9564059b4fadd16187e5339b8e6a27a895bdd524b4c3eccf1c567d4,2026-09-30T18:01:19Z
SubmitPartialDecryption,364,fa486140855d3abebc14c505333e4dc90ab7f72d283be5532207459dea09c95d,364,34a314292276aa235c33280f56a514864b4ae8b98b2529753520db0f69809251,ee349e106b1182f0b9da78b380e83eb983866f1c8192eb623a286f25241be7e8,32f823c9d9564059b4fadd16187e5339b8e6a27a895bdd524b4c3eccf1c567d4,2026-09-30T18:01:19Z
SubmitPartialDecryption,357,3f64b1ac8f2a8c4081f0bdb74edf3927bb1743a251428dc539cb1bc22623d68f,364,34a314292276aa235c33280f56a514864b4ae8b98b2529753520db0f69809251,ee349e106b1182f0b9da78b380e83eb983866f1c8192eb623a286f25241be7e8,32f823c9d9564059b4fadd16187e5339b8e6a27a895bdd524b4c3eccf1c567d4,2026-09-30T18:01:19Z
SubmitPartialDecryption,370,bae862d2b424df25acf7e8ea393315c24c9962ca4a266cf65b0b10ad3d3d6d1f,365,245cadf6ffc25cc3e056cc47d9e09e6d9b5410fcba1e2c47950ca132c1652731,ac621c37196c6264a8b80e18181f77c4a97ace394239c050e83793d07a0afc11,34a314292276aa235c33280f56a514864b4ae8b98b2529753520db0f69809251,2026-09-30T18:01:21Z
SubmitPartialDecryption,372,eef3257c0b351c6c8ace0af0851b0290c6f0d759de58bc43b32b3d690427a266,365,245cadf6ffc25cc3e056cc47d9e09e6d9b5410fcba1e2c47950ca132c1652731,ac621c37196c6264a8b80e18181f77c4a97ace394239c050e83793d07a0afc11,34a314292276aa235c33280f56a514864b4ae8b98b2529753520db0f69809251,2026-09-30T18:01:21Z
SubmitPartialDecryption,380,510505717df6b469ff18a610667f9fc34e95b21a86694685a4602c42ae7a176e,365,245cadf6ffc25cc3e056cc47d9e09e6d9b5410fcba1e2c47950ca132c1652731,ac621c37196c6264a8b80e18181f77c4a97ace394239c050e83793d07a0afc11,34a314292276aa235c33280f56a514864b4ae8b98b2529753520db0f69809251,2026-09-30T18:01:21Z
SubmitPartialDecryption,369,89168005883339b042683c45395d359bfd65674de42d1bc88261a9449cf802ea,365,245cadf6ffc25cc3e056cc47d9e09e6d9b5410fcba1e2c47950ca132c1652731,ac621c37196c6264a8b80e18181f77c4a97ace394239c050e83793d07a0afc11,34a314292276aa235c33280f56a514864b4ae8b98b2529753520db0f69809251,2026-09-30T18:01:21Z
SubmitPartialDecryption,377,56494dc1765496b26ab9d07e5bf5a769911613babee16682574e92946854d3e8,365,245cadf6ffc25cc3e056cc47d9e09e6d9b5410fcba1e2c47950ca132c1652731,ac621c37196c6264a8b80e18181f77c4a97ace394239c050e83793d07a0afc11,34a314292276aa235c33280f56a514864b4ae8b98b2529753520db0f69809251,2026-09-30T18:01:21Z
SubmitPartialDecryption,373,b62539d4a9524a22a8f0c0e6d0e9a63a5b75ae14324384e638cbf7ef4aee2efa,365,245cadf6ffc25cc3e056cc47d9e09e6d9b5410fcba1e2c47950ca132c1652731,ac621c37196c6264a8b80e18181f77c4a97ace394239c050e83793d07a0afc11,34a314292276aa235c33280f56a514864b4ae8b98b2529753520db0f69809251,2026-09-30T18:01:21Z
SubmitPartialDecryption,381,9ee857c782ab75dad913ad166c7eb9196193583949c06280c6806f9c744b7e5d,365,245cadf6ffc25cc3e056cc47d9e09e6d9b5410fcba1e2c47950ca132c1652731,ac621c37196c6264a8b80e18181f77c4a97ace394239c050e83793d07a0afc11,34a314292276aa235c33280f56a514864b4ae8b98b2529753520db0f69809251,2026-09-30T18:01:21Z
SubmitPartialDecryption,382,7095af465aabbc0725c94fc727f87bab6cbf5b1835efb60c1b416498a8a91789,365,245cadf6ffc25cc3e056cc47d9e09e6d9b5410fcba1e2c47950ca132c1652731,ac621c37196c6264a8b80e18181f77c4a97ace394239c050e83793d07a0afc11,34a314292276aa235c33280f56a514864b4ae8b98b2529753520db0f69809251,2026-09-30T18:01:21Z
SubmitPartialDecryption,379,9a267033c546b2fbf5af4a9d754093e533fdcc6e0cf88075356e091d4074625f,365,245cadf6ffc25cc3e056cc47d9e09e6d9b5410fcba1e2c47950ca132c1652731,ac621c37196c6264a8b80e18181f77c4a97ace394239c050e83793d07a0afc11,34a314292276aa235c33280f56a514864b4ae8b98b2529753520db0f69809251,2026-09-30T18:01:21Z
SubmitPartialDecryption,378,45ae9c59099f5ddbbaa00345a7ce9555bfc9a44dad61c9e0dbd5f2a310b9d685,365,245cadf6ffc25cc3e056cc47d9e09e6d9b5410fcba1e2c47950ca132c1652731,ac621c37196c6264a8b80e18181f77c4a97ace394239c050e83793d07a0afc11,34a314292276aa235c33280f56a514864b4ae8b98b2529753520db0f69809251,2026-09-30T18:01:21Z
SubmitPartialDecryption,375,a00b0fb2f8f19333215cc023f987b934ae3767f8b9d6b003bd6c8151d6c84f14,365,245cadf6ffc25cc3e056cc47d9e09e6d9b5410fcba1e2c47950ca132c1652731,ac621c37196c6264a8b80e18181f77c4a97ace394239c050e83793d07a0afc11,34a314292276aa235c33280f56a514864b4ae8b98b2529753520db0f69809251,2026-09-30T18:01:21Z
SubmitPartialDecryption,376,7943cf9a21e64abe7815c2c13aae602e56387f853e9a2f07fe5e4efc69202c5d,365,245cadf6ffc25cc3e056cc47d9e09e6d9b5410fcba1e2c47950ca132c1652731,ac621c37196c6264a8b80e18181f77c4a97ace394239c050e83793d07a0afc11,34a314292276aa235c33280f56a514864b4ae8b98b2529753520db0f69809251,2026-09-30T18:01:21Z
SubmitPartialDecryption,383,97beb00541ad1aef038d5d781c962bd837e20db500469c18d1736ba16e1b3d32,365,245cadf6ffc25cc3e056cc47d9e09e6d9b5410fcba1e2c47950ca132c1652731,ac621c37196c6264a8b80e18181f77c4a97ace394239c050e83793d07a0afc11,34a314292276aa235c33280f56a514864b4ae8b98b2529753520db0f69809251,2026-09-30T18:01:21Z
SubmitPartialDecryption,374,b878d2fe57ed6ae52af4dc4eaaefddbca923294218fe3c01a3b6fd8e91baa0aa,365,245cadf6ffc25cc3e056cc47d9e09e6d9b5410fcba1e2c47950ca132c1652731,ac621c37196c6264a8b80e18181f77c4a97ace394239c050e83793d07a0afc11,34a314292276aa235c33280f56a514864b4ae8b98b2529753520db0f69809251,2026-09-30T18:01:21Z
SubmitPartialDecryption,368,08f8bd2c64dbc2d00b1a30ee59e0eeff57eb16f5ecf9267fd11ca575d3ed4cc5,365,245cadf6ffc25cc3e056cc47d9e09e6d9b5410fcba1e2c47950ca132c1652731,ac621c37196c6264a8b80e18181f77c4a97ace394239c050e83793d07a0afc11,34a314292276aa235c33280f56a514864b4ae8b98b2529753520db0f69809251,2026-09-30T18:01:21Z
SubmitPartialDecryption,371,51868ae8c41738bab7d4c346b2f91657e8105ae429a6de5e3b20f67011c1ff67,365,245cadf6ffc25cc3e056cc47d9e09e6d9b5410fcba1e2c47950ca132c1652731,ac621c37196c6264a8b80e18181f77c4a97ace394239c050e83793d07a0afc11,34a314292276aa235c33280f56a514864b4ae8b98b2529753520db0f69809251,2026-09-30T18:01:21Z
SubmitPartialDecryption,390,515e324d414f4a37e3300bdac44cce840c600d28dad9455713bcdf46d94b7e1a,366,6f9d823d124466aa9d9f2ca8fdf9fd452395c222edde1c2368ac64e6c69bb745,abde559bcee90e09d0fbeeda977c747bfb254955a159fd91eb05f1526e4f7d5d,245cadf6ffc25cc3e056cc47d9e09e6d9b5410fcba1e2c47950ca132c1652731,2026-09-30T18:01:23Z
SubmitPartialDecryption,384,f04d7bf632132793d3b5d31b48fefcb526949199fb9766e9d66bb4ba4f80fe67,366,6f9d823d124466aa9d9f2ca8fdf9fd452395c222edde1c2368ac64e6c69bb745,abde559bcee90e09d0fbeeda977c747bfb254955a159fd91eb05f1526e4f7d5d,245cadf6ffc25cc3e056cc47d9e09e6d9b5410fcba1e2c47950ca132c1652731,2026-09-30T18:01:23Z
SubmitPartialDecryption,392,da9479f4f6ba826e1bfda2cc4d89917e1ac944bb68c269c9b76b055ff1c818f7,366,6f9d823d124466aa9d9f2ca8fdf9fd452395c222edde1c2368ac64e6c69bb745,abde559bcee90e09d0fbeeda977c747bfb254955a159fd91eb05f1526e4f7d5d,245cadf6ffc25cc3e056cc47d9e09e6d9b5410fcba1e2c47950ca132c1652731,2026-09-30T18:01:23Z
SubmitPartialDecryption,396,7fff2d0d09d98b922761fbec379e3a2a474f2cf6e8dcf854cae6ed031d2f0eb6,366,6f9d823d124466aa9d9f2ca8fdf9fd452395c222edde1c2368ac64e6c69bb745,abde559bcee90e09d0fbeeda977c747bfb254955a159fd91eb05f1526e4f7d5d,245cadf6ffc25cc3e056cc47d9e09e6d9b5410fcba1e2c47950ca132c1652731,2026-09-30T18:01:23Z
SubmitPartialDecryption,386,f4efb7a25c80e7ba3d9da5f75abc6524e1f6be79cd957c7a1aca8219abc675a6,366,6f9d823d124466aa9d9f2ca8fdf9fd452395c222edde1c2368ac64e6c69bb745,abde559bcee90e09d0fbeeda977c747bfb254955a159fd91eb05f1526e4f7d5d,245cadf6ffc25cc3e056cc47d9e09e6d9b5410fcba1e2c47950ca132c1652731,2026-09-30T18:01:23Z
SubmitPartialDecryption,393,d7b1ca3b03d9e33e5e4dc604faa01d6f5da56a5d594690f28e47cea0159415ba,366,6f9d823d124466aa9d9f2ca8fdf9fd452395c222edde1c2368ac64e6c69bb745,abde559bcee90e09d0fbeeda977c747bfb254955a159fd91eb05f1526e4f7d5d,245cadf6ffc25cc3e056cc47d9e09e6d9b5410fcba1e2c47950ca132c1652731,2026-09-30T18:01:23Z
SubmitPartialDecryption,399,f386a73dd42357e11de311aab109f30bea37f7631825cd4354c187abc2cea529,366,6f9d823d124466aa9d9f2ca8fdf9fd452395c222edde1c2368ac64e6c69bb745,abde559bcee90e09d0fbeeda977c747bfb254955a159fd91eb05f1526e4f7d5d,245cadf6ffc25cc3e056cc47d9e09e6d9b5410fcba1e2c47950ca132c1652731,2026-09-30T18:01:23Z
SubmitPartialDecryption,387,0add4e8ad11c57c22df259143455b6b5c7b0ff5cc05a68ce1cb7960e1819a509,366,6f9d823d124466aa9d9f2ca8fdf9fd452395c222edde1c2368ac64e6c69bb745,abde559bcee90e09d0fbeeda977c747bfb254955a159fd91eb05f1526e4f7d5d,245cadf6ffc25cc3e056cc47d9e09e6d9b5410fcba1e2c47950ca132c1652731,2026-09-30T18:01:23Z
SubmitPartialDecryption,385,150370dea3b27fe62d11dfad7e78b7ec738d4baaf5d5bfcfabf579e14ba52c3f,366,6f9d823d124466aa9d9f2ca8fdf9fd452395c222edde1c2368ac64e6c69bb745,abde559bcee90e09d0fbeeda977c747bfb254955a159fd91eb05f1526e4f7d5d,245cadf6ffc25cc3e056cc47d9e09e6d9b5410fcba1e2c47950ca132c1652731,2026-09-30T18:01:23Z
SubmitPartialDecryption,391,5cecdbc74484ad586190a60f8a63b31825335b02db5b6227c4f6870dd9fb664d,366,6f9d823d124466aa9d9f2ca8fdf9fd452395c222edde1c2368ac64e6c69bb745,abde559bcee90e09d0fbeeda977c747bfb254955a159fd91eb05f1526e4f7d5d,245cadf6ffc25cc3e056cc47d9e09e6d9b5410fcba1e2c47950ca132c1652731,2026-09-30T18:01:23Z
SubmitPartialDecryption,394,748b7881c4ef07a990f1c390d3c51246548ae62911c678acccf1e72552978003,366,6f9d823d124466aa9d9f2ca8fdf9fd452395c222edde1c2368ac64e6c69bb745,abde559bcee90e09d0fbeeda977c747bfb254955a159fd91eb05f1526e4f7d5d,245cadf6ffc25cc3e056cc47d9e09e6d9b5410fcba1e2c47950ca132c1652731,2026-09-30T18:01:23Z
SubmitPartialDecryption,397,176a700232f7bc205b1a9704142dcc682278986e567904c8883ff9981b8bb6f9,366,6f9d823d124466aa9d9f2ca8fdf9fd452395c222edde1c2368ac64e6c69bb745,abde559bcee90e09d0fbeeda977c747bfb254955a159fd91eb05f1526e4f7d5d,245cadf6ffc25cc3e056cc47d9e09e6d9b5410fcba1e2c47950ca132c1652731,2026-09-30T18:01:23Z
SubmitPartialDecryption,388,04274f8af5b99d822f735bb65ca43f4e3935524caa42584890776476300b0afe,366,6f9d823d124466aa9d9f2ca8fdf9fd452395c222edde1c2368ac64e6c69bb745,abde559bcee90e09d0fbeeda977c747bfb254955a159fd91eb05f1526e4f7d5d,245cadf6ffc25cc3e056cc47d9e09e6d9b5410fcba1e2c47950ca132c1652731,2026-09-30T18:01:23Z
SubmitPartialDecryption,389,f558ab2a4a06627e4ba57931564276feaf58b549e8597035721dcb95fa329e9c,366,6f9d823d124466aa9d9f2ca8fdf9fd452395c222edde1c2368ac64e6c69bb745,abde559bcee90e09d0fbeeda977c747bfb254955a159fd91eb05f1526e4f7d5d,245cadf6ffc25cc3e056cc47d9e09e6d9b5410fcba1e2c47950ca132c1652731,2026-09-30T18:01:23Z
SubmitPartialDecryption,395,f73a4b561bfe9d85a620addf88ebb0e59a50ed04a6e2e1fc1eda731fb91b1db6,366,6f9d823d124466aa9d9f2ca8fdf9fd452395c222edde1c2368ac64e6c69bb745,abde559bcee90e09d0fbeeda977c747bfb254955a159fd91eb05f1526e4f7d5d,245cadf6ffc25cc3e056cc47d9e09e6d9b5410fcba1e2c47950ca132c1652731,2026-09-30T18:01:23Z
SubmitPartialDecryption,398,d0a4175b4a00e93739688ffbf26668bda5146288e04c3062290f2d6698262889,366,6f9d823d124466aa9d9f2ca8fdf9fd452395c222edde1c2368ac64e6c69bb745,abde559bcee90e09d0fbeeda977c747bfb254955a159fd91eb05f1526e4f7d5d,245cadf6ffc25cc3e056cc47d9e09e6d9b5410fcba1e2c47950ca132c1652731,2026-09-30T18:01:23Z
SubmitPartialDecryption,408,68155d157c47f3a4185a3004bdd1a3dfeb87cc2a68d2e0e4eaa15d48122493aa,367,d151c7e8763d5b5e705f84c73ad65cb948c3f10dcec71a832fe56b87f5c66da0,9146fdf12e3fa60462f9fed542fdbcc9a27e58bf0bbdb9ed7e7c3f1569cbf075,6f9d823d124466aa9d9f2ca8fdf9fd452395c222edde1c2368ac64e6c69bb745,2026-09-30T18:01:26Z
SubmitPartialDecryption,415,483b491230488c59be0169820b27e8f2929d3f64923c4ccca6e88dbbb46d5c98,367,d151c7e8763d5b5e705f84c73ad65cb948c3f10dcec71a832fe56b87f5c66da0,9146fdf12e3fa60462f9fed542fdbcc9a27e58bf0bbdb9ed7e7c3f1569cbf075,6f9d823d124466aa9d9f2ca8fdf9fd452395c222edde1c2368ac64e6c69bb745,2026-09-30T18:01:26Z
SubmitPartialDecryption,410,e7dc96f59ffa744a71b03f2a1c9f9d761ce419fd05b293881b26e7d524ad80f8,367,d151c7e8763d5b5e705f84c73ad65cb948c3f10dcec71a832fe56b87f5c66da0,9146fdf12e3fa60462f9fed542fdbcc9a27e58bf0bbdb9ed7e7c3f1569cbf075,6f9d823d124466aa9d9f2ca8fdf9fd452395c222edde1c2368ac64e6c69bb745,2026-09-30T18:01:26Z
SubmitPartialDecryption,407,b76e91a8a96f830bd8c851470acb1d94eca44b6e3aeb2c2306e680d2df82918d,367,d151c7e8763d5b5e705f84c73ad65cb948c3f10dcec71a832fe56b87f5c66da0,9146fdf12e3fa60462f9fed542fdbcc9a27e58bf0bbdb9ed7e7c3f1569cbf075,6f9d823d124466aa9d9f2ca8fdf9fd452395c222edde1c2368ac64e6c69bb745,2026-09-30T18:01:26Z
SubmitPartialDecryption,409,008748b0ca7b66da687dcc7a91b3cceafca7ab3c87d50e84282500331bd50ec8,367,d151c7e8763d5b5e705f84c73ad65cb948c3f10dcec71a832fe56b87f5c66da0,9146fdf12e3fa60462f9fed542fdbcc9a27e58bf0bbdb9ed7e7c3f1569cbf075,6f9d823d124466aa9d9f2ca8fdf9fd452395c222edde1c2368ac64e6c69bb745,2026-09-30T18:01:26Z
SubmitPartialDecryption,405,214134d2ad97db5cc6cb0655b173e37cdd8ae7384f621bd2916f1cf494eb51a5,367,d151c7e8763d5b5e705f84c73ad65cb948c3f10dcec71a832fe56b87f5c66da0,9146fdf12e3fa60462f9fed542fdbcc9a27e58bf0bbdb9ed7e7c3f1569cbf075,6f9d823d124466aa9d9f2ca8fdf9fd452395c222edde1c2368ac64e6c69bb745,2026-09-30T18:01:26Z
SubmitPartialDecryption,402,605d8ee6503ea063b1c84572c027ddb46bb037c4186748326e438fc9985fb159,367,d151c7e8763d5b5e705f84c73ad65cb948c3f10dcec71a832fe56b87f5c66da0,9146fdf12e3fa60462f9fed542fdbcc9a27e58bf0bbdb9ed7e7c3f1569cbf075,6f9d823d124466aa9d9f2ca8fdf9fd452395c222edde1c2368ac64e6c69bb745,2026-09-30T18:01:26Z
SubmitPartialDecryption,414,c3c87e7ac6fd94a548b32aefaad90c69f7448642e5a4cb91e49629b9c9fea10c,367,d151c7e8763d5b5e705f84c73ad65cb948c3f10dcec71a832fe56b87f5c66da0,9146fdf12e3fa60462f9fed542fdbcc9a27e58bf0bbdb9ed7e7c3f1569cbf075,6f9d823d124466aa9d9f2ca8fdf9fd452395c222edde1c2368ac64e6c69bb745,2026-09-30T18:01:26Z
SubmitPartialDecryption,401,d5e7d234900d6e235883b205e0b93044c0cc370977b73ccf2054495fb811e1bf,367,d151c7e8763d5b5e705f84c73ad65cb948c3f10dcec71a832fe56b87f5c66da0,9146fdf12e3fa60462f9fed542fdbcc9a27e58bf0bbdb9ed7e7c3f1569cbf075,6f9d823d124466aa9d9f2ca8fdf9fd452395c222edde1c2368ac64e6c69bb745,2026-09-30T18:01:26Z
SubmitPartialDecryption,412,bf9eee705ce17a6f68a6787186d118d3530fd1075d68f8e0a7ef3d21e335d6fc,367,d151c7e8763d5b5e705f84c73ad65cb948c3f10dcec71a832fe56b87f5c66da0,9146fdf12e3fa60462f9fed542fdbcc9a27e58bf0bbdb9ed7e7c3f1569cbf075,6f9d823d124466aa9d9f2ca8fdf9fd452395c222edde1c2368ac64e6c69bb745,2026-09-30T18:01:26Z
SubmitPartialDecryption,411,701c5fba2b6cea787c35f60fc9ad53740219f9b310855d6e5acac4cb1ba064d7,367,d151c7e8763d5b5e705f84c73ad65cb948c3f10dcec71a832fe56b87f5c66da0,9146fdf12e3fa60462f9fed542fdbcc9a27e58bf0bbdb9ed7e7c3f1569cbf075,6f9d823d124466aa9d9f2ca8fdf9fd452395c222edde1c2368ac64e6c69bb745,2026-09-30T18:01:26Z
SubmitPartialDecryption,400,695eb5a6c50191180c7d1d3a2490eba59f3297f84e7065287bc32a1b5b48ae2b,367,d151c7e8763d5b5e705f84c73ad65cb948c3f10dcec71a832fe56b87f5c66da0,9146fdf12e3fa60462f9fed542fdbcc9a27e58bf0bbdb9ed7e7c3f1569cbf075,6f9d823d124466aa9d9f2ca8fdf9fd452395c222edde1c2368ac64e6c69bb745,2026-09-30T18:01:26Z
SubmitPartialDecryption,403,bd111e8f11931cdfe497bf6e95aa1434cbb4fe49ad19c2e893166845d0ee872d,367,d151c7e8763d5b5e705f84c73ad65cb948c3f10dcec71a832fe56b87f5c66da0,9146fdf12e3fa60462f9fed542fdbcc9a27e58bf0bbdb9ed7e7c3f1569cbf075,6f9d823d124466aa9d9f2ca8fdf9fd452395c222edde1c2368ac64e6c69bb745,2026-09-30T18:01:26Z
SubmitPartialDecryption,404,d030cd4c9caa2a90c5bd516ce2a1e1822135aafcfd4e0dbbba85d430249454ca,367,d151c7e8763d5b5e705f84c73ad65cb948c3f10dcec71a832fe56b87f5c66da0,9146fdf12e3fa60462f9fed542fdbcc9a27e58bf0bbdb9ed7e7c3f1569cbf075,6f9d823d124466aa9d9f2ca8fdf9fd452395c222edde1c2368ac64e6c69bb745,2026-09-30T18:01:26Z
SubmitPartialDecryption,406,c052a77b7575066fade1474ac5985f749483cf4d7e3cf461439373dff604433d,367,d151c7e8763d5b5e705f84c73ad65cb948c3f10dcec71a832fe56b87f5c66da0,9146fdf12e3fa60462f9fed542fdbcc9a27e58bf0bbdb9ed7e7c3f1569cbf075,6f9d823d124466aa9d9f2ca8fdf9fd452395c222edde1c2368ac64e6c69bb745,2026-09-30T18:01:26Z
SubmitPartialDecryption,413,a1326eac059f543d1f90763f9cabef0b66b8470b8bb80ec609e9f2265a2cd630,367,d151c7e8763d5b5e705f84c73ad65cb948c3f10dcec71a832fe56b87f5c66da0,9146fdf12e3fa60462f9fed542fdbcc9a27e58bf0bbdb9ed7e7c3f1569cbf075,6f9d823d124466aa9d9f2ca8fdf9fd452395c222edde1c2368ac64e6c69bb745,2026-09-30T18:01:26Z
SubmitPartialDecryption,418,437c69ec4c36198f898ad8d877134a6068a6dd402fa0fa896db122a3efd725d3,368,d5b385d123847c7b8e0d2e34ce44644811e6941d81332c12e4f7c617553bdeab,c56c881fb5b7af17fec1ed4cd726399efc92038a5d95a60a40f40933bb39f14c,d151c7e8763d5b5e705f84c73ad65cb948c3f10dcec71a832fe56b87f5c66da0,2026-09-30T18:01:28Z
SubmitPartialDecryption,417,fb7eeb321da39f0f9b976b6cd085e2f9813d00b2bb1f7be73052a93c02fbad80,368,d5b385d123847c7b8e0d2e34ce44644811e6941d81332c12e4f7c617553bdeab,c56c881fb5b7af17fec1ed4cd726399efc92038a5d95a60a40f40933bb39f14c,d151c7e8763d5b5e705f84c73ad65cb948c3f10dcec71a832fe56b87f5c66da0,2026-09-30T18:01:28Z
SubmitPartialDecryption,419,18a9809eb3a39550a6afe958165fb33e3c187931eab78c937b7ada0e3514191c,368,d5b385d123847c7b8e0d2e34ce44644811e6941d81332c12e4f7c617553bdeab,c56c881fb5b7af17fec1ed4cd726399efc92038a5d95a60a40f40933bb39f14c,d151c7e8763d5b5e705f84c73ad65cb948c3f10dcec71a832fe56b87f5c66da0,2026-09-30T18:01:28Z
SubmitPartialDecryption,416,b66d4733379aaed9dfe769d5632e9d82a9a1fa849f5f7ff05dca6a5042571ce5,368,d5b385d123847c7b8e0d2e34ce44644811e6941d81332c12e4f7c617553bdeab,c56c881fb5b7af17fec1ed4cd726399efc92038a5d95a60a40f40933bb39f14c,d151c7e8763d5b5e705f84c73ad65cb948c3f10dcec71a832fe56b87f5c66da0,2026-09-30T18:01:28Z
PublishTally,,5133bd889db1fc64fbb463479acd04c484b924c3fff37351b1b01d8971dd3375,369,dc02005cf55effa725a87f48564b9e238b87c254e1d9ec361a52cf054fad30dc,ec5ff1b5d15aba15a5c66f4a77bb91f122641c3e0506d2928a417aa82e219faf,d5b385d123847c7b8e0d2e34ce44644811e6941d81332c12e4f7c617553bdeab,2026-09-30T18:01:30Z
