event,ref,tx_id,block_number,block_hash,data_hash,previous_hash,timestamp
CreateElection,,fbc9571984c6f076ce04f45d40c9fb578b881ad9b847a13a40be9b8cb33c7fd9,461,3f60025258e12ebf14b763b3523d3d096e5af6b2926b9c525df1b8191d0832a1,881f704a8404600c8eaef061215de430f4db31b1aaee61bc1edc27d83029666f,d67f6918510ad3634136f493a25446fcad774bb2bce2a05352620505d64c012b,2026-09-30T18:03:26Z
PublishDKGTranscript,,9527e3dc597803166225c468c89c6dacc61edad51b959938a89e4c5b74fdb99d,462,d4a99699a3b765dd903001b20b35a0a9e023db07d6b5ceb7e5373c5e37bed6df,63af05ca826038372837d6adca948cef5eeccb63711fe307c7ac447adf41d612,3f60025258e12ebf14b763b3523d3d096e5af6b2926b9c525df1b8191d0832a1,2026-09-30T18:03:28Z
CloseElection,,9c1ee135c5241ca3ed2abda07c11e456306d06927540d5046096d4089a404277,523,58bb837e6311d2d4aa1afbeab80f75466ba61ec0cb5c5ca668b26c43e27e0fb5,2725c22e8fd3da0bc4b092cde4fbb7a91778581182ced4b14b71b0ed4d140428,4e84fad32159825f8758173fd0b488e9095705db7059ff11c1b11725195913eb,2026-09-30T18:03:44Z
SubmitPartialDecryption,1,790787fde07a1aaa19f98e6f33eab9c2273c225c5f6d667388b42ca55054f387,524,8058bb1f75e6f7076df45c72f9cdf2e0007f4ae1a10364620a6cda1dd992d593,aa6a7ac322c6839c5efed0d82a8882cab2cfff742087a92d022c672cb452df6f,58bb837e6311d2d4aa1afbeab80f75466ba61ec0cb5c5ca668b26c43e27e0fb5,2026-09-30T18:03:46Z
SubmitPartialDecryption,4,858a38c9294a2250a06e7328369ea84beeee8fa026665f454d32c189a5eeb74f,524,8058bb1f75e6f7076df45c72f9cdf2e0007f4ae1a10364620a6cda1dd992d593,aa6a7ac322c6839c5efed0d82a8882cab2cfff742087a92d022c672cb452df6f,58bb837e6311d2d4aa1afbeab80f75466ba61ec0cb5c5ca668b26c43e27e0fb5,2026-09-30T18:03:46Z
SubmitPartialDecryption,13,8d8b8b32dc932d926be3fb8569996662c34a8b4dee1dfc42e7742c08d8d083a7,524,8058bb1f75e6f7076df45c72f9cdf2e0007f4ae1a10364620a6cda1dd992d593,aa6a7ac322c6839c5efed0d82a8882cab2cfff742087a92d022c672cb452df6f,58bb837e6311d2d4aa1afbeab80f75466ba61ec0cb5c5ca668b26c43e27e0fb5,2026-09-30T18:03:46Z
SubmitPartialDecryption,10,e5013c1eac18a3a8d4b39f4810e2adcf3e3a3e70148a7f8fc78733b85014dfbf,524,8058bb1f75e6f7076df45c72f9cdf2e0007f4ae1a10364620a6cda1dd992d593,aa6a7ac322c6839c5efed0d82a8882cab2cfff742087a92d022c672cb452df6f,58bb837e6311d2d4aa1afbeab80f75466ba61ec0cb5c5ca668b26c43e27e0fb5,2026-09-30T18:03:46Z
SubmitPartialDecryption,12,e54688990ed959611d4d67deda86ae2c6a2848007fb8101f7c6288759f07c920,524,8058bb1f75e6f7076df45c72f9cdf2e0007f4ae1a10364620a6cda1dd992d593,aa6a7ac322c6839c5efed0d82a8882cab2cfff742087a92d022c672cb452df6f,58bb837e6311d2d4aa1afbeab80f75466ba61ec0cb5c5ca668b26c43e27e0fb5,2026-09-30T18:03:46Z
SubmitPartialDecryption,8,2f890c016bb28d685547e6a819a7ef3c52371d5224ea063d83f90f0c99ac78f4,524,8058bb1f75e6f7076df45c72f9cdf2e0007f4ae1a10364620a6cda1dd992d593,aa6a7ac322c6839c5efed0d82a8882cab2cfff742087a92d022c672cb452df6f,58bb837e6311d2d4aa1afbeab80f75466ba61ec0cb5c5ca668b26c43e27e0fb5,2026-09-30T18:03:46Z
SubmitPartialDecryption,15,1142414f115b95f927e4e74aa48a9d6d8b05e5aba189a8abd5f1d9796b6cffe3,524,8058bb1f75e6f7076df45c72f9cdf2e0007f4ae1a10364620a6cda1dd992d593,aa6a7ac322c6839c5efed0d82a8882cab2cfff742087a92d022c672cb452df6f,58bb837e6311d2d4aa1afbeab80f75466ba61ec0cb5c5ca668b26c43e27e0fb5,2026-09-30T18:03:46Z
SubmitPartialDecryption,11,2957eacd81dd77fcc0cf55e0f3f5cce5980aadb955326360206bc518daf5f5d5,524,8058bb1f75e6f7076df45c72f9cdf2e0007f4ae1a10364620a6cda1dd992d593,aa6a7ac322c6839c5efed0d82a8882cab2cfff742087a92d022c672cb452df6f,58bb837e6311d2d4aa1afbeab80f75466ba61ec0cb5c5ca668b26c43e27e0fb5,2026-09-30T18:03:46Z
SubmitPartialDecryption,14,b10abbb18a2aa843f88570d8fabbc84f3f7ea251a3b782c6002e3cbe250bc8f5,524,8058bb1f75e6f7076df45c72f9cdf2e0007f4ae1a10364620a6cda1dd992d593,aa6a7ac322c6839c5efed0d82a8882cab2cfff742087a92d022c672cb452df6f,58bb837e6311d2d4aa1afbeab80f75466ba61ec0cb5c5ca668b26c43e27e0fb5,2026-09-30T18:03:46Z
SubmitPartialDecryption,9,d9c49559d8cd411d792698d95e0773096b53c32ab52f0493c9e2a586fe086488,524,8058bb1f75e6f7076df45c72f9cdf2e0007f4ae1a10364620a6cda1dd992d593,aa6a7ac322c6839c5efed0d82a8882cab2cfff742087a92d022c672cb452df6f,58bb837e6311d2d4aa1afbeab80f75466ba61ec0cb5c5ca668b26c43e27e0fb5,2026-09-30T18:03:46Z
SubmitPartialDecryption,3,4aa70e831c266ed3f40aba78422b5dca90e40d67286958f55ab91880a018fbf2,524,8058bb1f75e6f7076df45c72f9cdf2e0007f4ae1a10364620a6cda1dd992d593,aa6a7ac322c6839c5efed0d82a8882cab2cfff742087a92d022c672cb452df6f,58bb837e6311d2d4aa1afbeab80f75466ba61ec0cb5c5ca668b26c43e27e0fb5,2026-09-30T18:03:46Z
SubmitPartialDecryption,7,db5754ded33f4260a8ee650e0cf2661395baab2b887283dac64f7acb9a3d5aed,524,8058bb1f75e6f7076df45c72f9cdf2e0007f4ae1a10364620a6cda1dd992d593,aa6a7ac322c6839c5efed0d82a8882cab2cfff742087a92d022c672cb452df6f,58bb837e6311d2d4aa1afbeab80f75466ba61ec0cb5c5ca668b26c43e27e0fb5,2026-09-30T18:03:46Z
SubmitPartialDecryption,0,379ffabe7f2b500ad226c125a3c2a65d631fb76c1a2137286bad275c910ad0b5,524,8058bb1f75e6f7076df45c72f9cdf2e0007f4ae1a10364620a6cda1dd992d593,aa6a7ac322c6839c5efed0d82a8882cab2cfff742087a92d022c672cb452df6f,58bb837e6311d2d4aa1afbeab80f75466ba61ec0cb5c5ca668b26c43e27e0fb5,2026-09-30T18:03:46Z
SubmitPartialDecryption,2,fa56ca92157a15d6523d24783eb97d9c60d9adca1371adc3c8ca4065c74de959,524,8058bb1f75e6f7076df45c72f9cdf2e0007f4ae1a10364620a6cda1dd992d593,aa6a7ac322c6839c5efed0d82a8882cab2cfff742087a92d022c672cb452df6f,58bb837e6311d2d4aa1afbeab80f75466ba61ec0cb5c5ca668b26c43e27e0fb5,2026-09-30T18:03:46Z
SubmitPartialDecryption,6,e0cb7bf467c6faad19ada11f3bd1b92cea3108aec728cd80ad95f01441eb8e13,524,8058bb1f75e6f7076df45c72f9cdf2e0007f4ae1a10364620a6cda1dd992d593,aa6a7ac322c6839c5efed0d82a8882cab2cfff742087a92d022c672cb452df6f,58bb837e6311d2d4aa1afbeab80f75466ba61ec0cb5c5ca668b26c43e27e0fb5,2026-09-30T18:03:46Z
SubmitPartialDecryption,5,a6421d52fb33cc9504efa64a0e85636cb25835e13ed5c4bd90b6bba36529c4e6,524,8058bb1f75e6f7076df45c72f9cdf2e0007f4ae1a10364620a6cda1dd992d593,aa6a7ac322c6839c5efed0d82a8882cab2cfff742087a92d022c672cb452df6f,58bb837e6311d2d4aa1afbeab80f75466ba61ec0cb5c5ca668b26c43e27e0fb5,2026-09-30T18:03:46Z
SubmitPartialDecryption,16,1ecf954d8b2c982a75f4ec9f263804ea62159aef458dcdbf36e1a57e7addb716,525,5b3f43e92a42920650d39ec752c59f4f41a709914c0f5f4218f5726aee65498b,9c87361efb075ad0512d438351210169dc8974ac09ec2ea327c366936ef72b8c,8058bb1f75e6f7076df45c72f9cdf2e0007f4ae1a10364620a6cda1dd992d593,2026-09-30T18:03:48Z
SubmitPartialDecryption,29,5088177e5b036814b214f35a73040fbc163f45a6590291180f8578945a03000e,525,5b3f43e92a42920650d39ec752c59f4f41a709914c0f5f4218f5726aee65498b,9c87361efb075ad0512d438351210169dc8974ac09ec2ea327c366936ef72b8c,8058bb1f75e6f7076df45c72f9cdf2e0007f4ae1a10364620a6cda1dd992d593,2026-09-30T18:03:48Z
SubmitPartialDecryption,31,db938bc1d6ce7e55aadc48ffb9dbd005e842463129185f00bdc7ad24cee6692f,525,5b3f43e92a42920650d39ec752c59f4f41a709914c0f5f4218f5726aee65498b,9c87361efb075ad0512d438351210169dc8974ac09ec2ea327c366936ef72b8c,8058bb1f75e6f7076df45c72f9cdf2e0007f4ae1a10364620a6cda1dd992d593,2026-09-30T18:03:48Z
SubmitPartialDecryption,17,0f02e4df597f211f38b756d20d10360afc2ab077f38d67e5982e69c83bd68b57,525,5b3f43e92a42920650d39ec752c59f4f41a709914c0f5f4218f5726aee65498b,9c87361efb075ad0512d438351210169dc8974ac09ec2ea327c366936ef72b8c,8058bb1f75e6f7076df45c72f9cdf2e0007f4ae1a10364620a6cda1dd992d593,2026-09-30T18:03:48Z
SubmitPartialDecryption,21,84f58e91b7808c89a341e540f049cc49c4c25e0e0a9b8ff6a98d77d183363c44,525,5b3f43e92a42920650d39ec752c59f4f41a709914c0f5f4218f5726aee65498b,9c87361efb075ad0512d438351210169dc8974ac09ec2ea327c366936ef72b8c,8058bb1f75e6f7076df45c72f9cdf2e0007f4ae1a10364620a6cda1dd992d593,2026-09-30T18:03:48Z
SubmitPartialDecryption,30,8d99cb6a8d552215e5a47d2b731eb7d9add315bdef9de6ada3974ddc2f9d6960,525,5b3f43e92a42920650d39ec752c59f4f41a709914c0f5f4218f5726aee65498b,9c87361efb075ad0512d438351210169dc8974ac09ec2ea327c366936ef72b8c,8058bb1f75e6f7076df45c72f9cdf2e0007f4ae1a10364620a6cda1dd992d593,2026-09-30T18:03:48Z
SubmitPartialDecryption,19,a4be2855bc0df6e44bc5ae65564a7f3c491f3934796bc0fa9755bd8d45ff231e,525,5b3f43e92a42920650d39ec752c59f4f41a709914c0f5f4218f5726aee65498b,9c87361efb075ad0512d438351210169dc8974ac09ec2ea327c366936ef72b8c,8058bb1f75e6f7076df45c72f9cdf2e0007f4ae1a10364620a6cda1dd992d593,2026-09-30T18:03:48Z
SubmitPartialDecryption,18,3927b6708c872f1e249aecc459e39f0912795dc26fc4bd0edc20310f9ecff923,525,5b3f43e92a42920650d39ec752c59f4f41a709914c0f5f4218f5726aee65498b,9c87361efb075ad0512d438351210169dc8974ac09ec2ea327c366936ef72b8c,8058bb1f75e6f7076df45c72f9cdf2e0007f4ae1a10364620a6cda1dd992d593,2026-09-30T18:03:48Z
SubmitPartialDecryption,28,5a313994c760299aac869817bd24742446718a87df35b138c3b4147bcf36aaca,525,5b3f43e92a42920650d39ec752c59f4f41a709914c0f5f4218f5726aee65498b,9c87361efb075ad0512d438351210169dc8974ac09ec2ea327c366936ef72b8c,8058bb1f75e6f7076df45c72f9cdf2e0007f4ae1a10364620a6cda1dd992d593,2026-09-30T18:03:48Z
SubmitPartialDecryption,25,cc4b4ee0e68f48ecef52c26ddf08d20e86bfcc858329c4be55b873bc28ffd6d0,525,5b3f43e92a42920650d39ec752c59f4f41a709914c0f5f4218f5726aee65498b,9c87361efb075ad0512d438351210169dc8974ac09ec2ea327c366936ef72b8c,8058bb1f75e6f7076df45c72f9cdf2e0007f4ae1a10364620a6cda1dd992d593,2026-09-30T18:03:48Z
SubmitPartialDecryption,22,c18b569ca0ef6670f6fe4b17a5d2620d0fe812b4ea6cc999a49c4e1a33618413,525,5b3f43e92a42920650d39ec752c59f4f41a709914c0f5f4218f5726aee65498b,9c87361efb075ad0512d438351210169dc8974ac09ec2ea327c366936ef72b8c,8058bb1f75e6f7076df45c72f9cdf2e0007f4ae1a10364620a6cda1dd992d593,2026-09-30T18:03:48Z
SubmitPartialDecryption,23,407ba85716d67e0390c1d137e280e465956d3f31bfc1578c2d1962cc952ce9f4,525,5b3f43e92a42920650d39ec752c59f4f41a709914c0f5f4218f5726aee65498b,9c87361efb075ad0512d438351210169dc8974ac09ec2ea327c366936ef72b8c,8058bb1f75e6f7076df45c72f9cdf2e0007f4ae1a10364620a6cda1dd992d593,2026-09-30T18:03:48Z
SubmitPartialDecryption,20,b6a116c770d77cc859249d806f68ff1f71d6c6fe8f76c6ddddb9634b708fc885,525,5b3f43e92a42920650d39ec752c59f4f41a709914c0f5f4218f5726aee65498b,9c87361efb075ad0512d438351210169dc8974ac09ec2ea327c366936ef72b8c,8058bb1f75e6f7076df45c72f9cdf2e0007f4ae1a10364620a6cda1dd992d593,2026-09-30T18:03:48Z
SubmitPartialDecryption,26,b38102edcac8ea59527e25b7ff33092804805f8e0e46ae14e399da35369c4a59,525,5b3f43e92a42920650d39ec752c59f4f41a709914c0f5f4218f5726aee65498b,9c87361efb075ad0512d438351210169dc8974ac09ec2ea327c366936ef72b8c,8058bb1f75e6f7076df45c72f9cdf2e0007f4ae1a10364620a6cda1dd992d593,2026-09-30T18:03:48Z
SubmitPartialDecryption,24,c87fab4974b890f5990b053be1c5328d30beb6841e3da6331e26b34bfd51c26e,525,5b3f43e92a42920650d39ec752c59f4f41a709914c0f5f4218f5726aee65498b,9c87361efb075ad0512d438351210169dc8974ac09ec2ea327c366936ef72b8c,8058bb1f75e6f7076df45c72f9cdf2e0007f4ae1a10364620a6cda1dd992d593,2026-09-30T18:03:48Z
SubmitPartialDecryption,27,2d2def2ff71801a801ce2d540d11a8705b1e4bbc21cb7dc68b76349d213fb841,525,5b3f43e92a42920650d39ec752c59f4f41a709914c0f5f4218f5726aee65498b,9c87361efb075ad0512d438351210169dc8974ac09ec2ea327c366936ef72b8c,8058bb1f75e6f7076df45c72f9cdf2e0007f4ae1a10364620a6cda1dd992d593,2026-09-30T18:03:48Z
SubmitPartialDecryption,32,4c16689cb2ffc91d54bb6e9c52c3f02c7ccf0594c9cacaca67e7dcbe75c995b6,526,56baaa3b2a81b4916e6f624e2bd09d7e7fe3d611cdd8b4815450d619612a2db4,5402ad4fe01c4c2722bac2e39e3c9512f4e2d6f00b22a9970a6728a76942aaff,5b3f43e92a42920650d39ec752c59f4f41a709914c0f5f4218f5726aee65498b,2026-09-30T18:03:50Z
SubmitPartialDecryption,34,53cce5cd6790a26f4c3ce2da512862a6e2c27a5a4ba22f1138764ec3cbf77105,526,56baaa3b2a81b4916e6f624e2bd09d7e7fe3d611cdd8b4815450d619612a2db4,5402ad4fe01c4c2722bac2e39e3c9512f4e2d6f00b22a9970a6728a76942aaff,5b3f43e92a42920650d39ec752c59f4f41a709914c0f5f4218f5726aee65498b,2026-09-30T18:03:50Z
SubmitPartialDecryption,47,82eea16b73691cc0d4d92c50b31fc493269487c70ca25f17e1c2c2add8df93fb,526,56baaa3b2a81b4916e6f624e2bd09d7e7fe3d611cdd8b4815450d619612a2db4,5402ad4fe01c4c2722bac2e39e3c9512f4e2d6f00b22a9970a6728a76942aaff,5b3f43e92a42920650d39ec752c59f4f41a709914c0f5f4218f5726aee65498b,2026-09-30T18:03:50Z
SubmitPartialDecryption,42,7e6cdb7072e8d7b6e0e5e179e6d666edb9b8205c5b94ef4e675ce27e8440d18e,526,56baaa3b2a81b4916e6f624e2bd09d7e7fe3d611cdd8b4815450d619612a2db4,5402ad4fe01c4c2722bac2e39e3c9512f4e2d6f00b22a9970a6728a76942aaff,5b3f43e92a42920650d39ec752c59f4f41a709914c0f5f4218f5726aee65498b,2026-09-30T18:03:50Z
SubmitPartialDecryption,43,0accb1c68ad8e502c52b13b24975ee69f53e398d2e4933c84dbb9f07e5621dea,526,56baaa3b2a81b4916e6f624e2bd09d7e7fe3d611cdd8b4815450d619612a2db4,5402ad4fe01c4c2722bac2e39e3c9512f4e2d6f00b22a9970a6728a76942aaff,5b3f43e92a42920650d39ec752c59f4f41a709914c0f5f4218f5726aee65498b,2026-09-30T18:03:50Z
SubmitPartialDecryption,46,a8ea1600c5f00ca2411f83e29de4ea8ae18b721d23030d70e052c485f655c82d,526,56baaa3b2a81b4916e6f624e2bd09d7e7fe3d611cdd8b4815450d619612a2db4,5402ad4fe01c4c2722bac2e39e3c9512f4e2d6f00b22a9970a6728a76942aaff,5b3f43e92a42920650d39ec752c59f4f41a709914c0f5f4218f5726aee65498b,2026-09-30T18:03:50Z
SubmitPartialDecryption,35,fd86dfd6a395174e8ac4e55804ae9cd93e643e5739d53ef221b9b2ddefe7d154,526,56baaa3b2a81b4916e6f624e2bd09d7e7fe3d611cdd8b4815450d619612a2db4,5402ad4fe01c4c2722bac2e39e3c9512f4e2d6f00b22a9970a6728a76942aaff,5b3f43e92a42920650d39ec752c59f4f41a709914c0f5f4218f5726aee65498b,2026-09-30T18:03:50Z
SubmitPartialDecryption,38,d572258d078abc1e835cfd7cb0f48830f9fe2ddce042b8358d4ee3b96ff13c20,526,56baaa3b2a81b4916e6f624e2bd09d7e7fe3d611cdd8b4815450d619612a2db4,5402ad4fe01c4c2722bac2e39e3c9512f4e2d6f00b22a9970a6728a76942aaff,5b3f43e92a42920650d39ec752c59f4f41a709914c0f5f4218f5726aee65498b,2026-09-30T18:03:50Z
SubmitPartialDecryption,41,ae903146adfb2515abc0f5d24d06993670b45efa6e9e9f57e92d3dbaf34a3e4b,526,56baaa3b2a81b4916e6f624e2bd09d7e7fe3d611cdd8b4815450d619612a2db4,5402ad4fe01c4c2722bac2e39e3c9512f4e2d6f00b22a9970a6728a76942aaff,5b3f43e92a42920650d39ec752c59f4f41a709914c0f5f4218f5726aee65498b,2026-09-30T18:03:50Z
SubmitPartialDecryption,33,6ced2b2dfa3cf974adaee93e03ff97a3a7a42f15c165e6f47025905b57f86bc6,526,56baaa3b2a81b4916e6f624e2bd09d7e7fe3d611cdd8b4815450d619612a2db4,5402ad4fe01c4c2722bac2e39e3c9512f4e2d6f00b22a9970a6728a76942aaff,5b3f43e92a42920650d39ec752c59f4f41a709914c0f5f4218f5726aee65498b,2026-09-30T18:03:50Z
SubmitPartialDecryption,40,4e8f3f4093d79f018318c2c6f56e30b643f6a918da0e7ae95355fdc0465f1fe2,526,56baaa3b2a81b4916e6f624e2bd09d7e7fe3d611cdd8b4815450d619612a2db4,5402ad4fe01c4c2722bac2e39e3c9512f4e2d6f00b22a9970a6728a76942aaff,5b3f43e92a42920650d39ec752c59f4f41a709914c0f5f4218f5726aee65498b,2026-09-30T18:03:50Z
SubmitPartialDecryption,36,081239f54870f7f03cbd4b97f485be370f870d852a65b67c2b93ad7610393296,526,56baaa3b2a81b4916e6f624e2bd09d7e7fe3d611cdd8b4815450d619612a2db4,5402ad4fe01c4c2722bac2e39e3c9512f4e2d6f00b22a9970a6728a76942aaff,5b3f43e92a42920650d39ec752c59f4f41a709914c0f5f4218f5726aee65498b,2026-09-30T18:03:50Z
SubmitPartialDecryption,37,054b5f4ba5dbeacf4dd2487828c562c282b9d8d7887b9f31c7b88da6806b0ba8,526,56baaa3b2a81b4916e6f624e2bd09d7e7fe3d611cdd8b4815450d619612a2db4,5402ad4fe01c4c2722bac2e39e3c9512f4e2d6f00b22a9970a6728a76942aaff,5b3f43e92a42920650d39ec752c59f4f41a709914c0f5f4218f5726aee65498b,2026-09-30T18:03:50Z
SubmitPartialDecryption,45,e9d16d6ed25ca02f3da19aea096b1ac87d802304495c346fc290b85b3179e399,526,56baaa3b2a81b4916e6f624e2bd09d7e7fe3d611cdd8b4815450d619612a2db4,5402ad4fe01c4c2722bac2e39e3c9512f4e2d6f00b22a9970a6728a76942aaff,5b3f43e92a42920650d39ec752c59f4f41a709914c0f5f4218f5726aee65498b,2026-09-30T18:03:50Z
SubmitPartialDecryption,44,d1ac9e99675b64ace305a9251029fc9d6d7f0f33789e434bfa6d136e848735f2,526,56baaa3b2a81b4916e6f624e2bd09d7e7fe3d611cdd8b4815450d619612a2db4,5402ad4fe01c4c2722bac2e39e3c9512f4e2d6f00b22a9970a6728a76942aaff,5b3f43e92a42920650d39ec752c59f4f41a709914c0f5f4218f5726aee65498b,2026-09-30T18:03:50Z
SubmitPartialDecryption,39,b9f5771eae0950afb865ffbb963ed2282e40d748ae7b7ed556799f0f36a218e5,526,56baaa3b2a81b4916e6f624e2bd09d7e7fe3d611cdd8b4815450d619612a2db4,5402ad4fe01c4c2722bac2e39e3c9512f4e2d6f00b22a9970a6728a76942aaff,5b3f43e92a42920650d39ec752c59f4f41a709914c0f5f4218f5726aee65498b,2026-09-30T18:03:50Z
SubmitPartialDecryption,62,009e46a9d530fde89419bc16f2c092cf2b7b746ee3eb1c0861dafc74fc397784,527,befea98fcee4db7895f326a4801480f774bb4224b197839792362805cd539019,3410574373f7477c44e90168f5cbb1105854c6a175863ead358c1d38467b5d67,56baaa3b2a81b4916e6f624e2bd09d7e7fe3d611cdd8b4815450d619612a2db4,2026-09-30T18:03:52Z
SubmitPartialDecryption,51,37ac344fce6f03b7a0f8c34f5d04d31407c24ef0c955fab4e21753e38a400539,527,befea98fcee4db7895f326a4801480f774bb4224b197839792362805cd539019,3410574373f7477c44e90168f5cbb1105854c6a175863ead358c1d38467b5d67,56baaa3b2a81b4916e6f624e2bd09d7e7fe3d611cdd8b4815450d619612a2db4,2026-09-30T18:03:52Z
SubmitPartialDecryption,48,982abf77b4a971497ead43cc201690cdf13b737f34de0ea41ac5f0b28427a831,527,befea98fcee4db7895f326a4801480f774bb4224b197839792362805cd539019,3410574373f7477c44e90168f5cbb1105854c6a175863ead358c1d38467b5d67,56baaa3b2a81b4916e6f624e2bd09d7e7fe3d611cdd8b4815450d619612a2db4,2026-09-30T18:03:52Z
SubmitPartialDecryption,57,5c2aee8b3b72497f68b4e2e682a842302c0a90c036169a84c6c8a5323b989f0f,527,befea98fcee4db7895f326a4801480f774bb4224b197839792362805cd539019,3410574373f7477c44e90168f5cbb1105854c6a175863ead358c1d38467b5d67,56baaa3b2a81b4916e6f624e2bd09d7e7fe3d611cdd8b4815450d619612a2db4,2026-09-30T18:03:52Z
SubmitPartialDecryption,52,11abecd4f8ba9baf835316bb9fc8fa2450794db0c110fd5e747125c2f2c5349e,527,befea98fcee4db7895f326a4801480f774bb4224b197839792362805cd539019,3410574373f7477c44e90168f5cbb1105854c6a175863ead358c1d38467b5d67,56baaa3b2a81b4916e6f624e2bd09d7e7fe3d611cdd8b4815450d619612a2db4,2026-09-30T18:03:52Z
SubmitPartialDecryption,49,b31876ffab85943c6d8330ae00eef6eea36f5b92880b23a70c29d5a31c97fd30,527,befea98fcee4db7895f326a4801480f774bb4224b197839792362805cd539019,3410574373f7477c44e90168f5cbb1105854c6a175863ead358c1d38467b5d67,56baaa3b2a81b4916e6f624e2bd09d7e7fe3d611cdd8b4815450d619612a2db4,2026-09-30T18:03:52Z
SubmitPartialDecryption,61,72e0d88d9e47e47f8c2d7fa5a520904531fcf806009ba26cd74c6a39601fce98,527,befea98fcee4db7895f326a4801480f774bb4224b197839792362805cd539019,3410574373f7477c44e90168f5cbb1105854c6a175863ead358c1d38467b5d67,56baaa3b2a81b4916e6f624e2bd09d7e7fe3d611cdd8b4815450d619612a2db4,2026-09-30T18:03:52Z
SubmitPartialDecryption,50,cf46bf38834ac3837bdcea28d017bdd9326516a7584de7921eb6b21fdeac4aad,527,befea98fcee4db7895f326a4801480f774bb4224b197839792362805cd539019,3410574373f7477c44e90168f5cbb1105854c6a175863ead358c1d38467b5d67,56baaa3b2a81b4916e6f624e2bd09d7e7fe3d611cdd8b4815450d619612a2db4,2026-09-30T18:03:52Z
SubmitPartialDecryption,58,a331b7a7f4bb4914a67c7278a953576d41521a6f98e99d710e4bd69dd435d753,527,befea98fcee4db7895f326a4801480f774bb4224b197839792362805cd539019,3410574373f7477c44e90168f5cbb1105854c6a175863ead358c1d38467b5d67,56baaa3b2a81b4916e6f624e2bd09d7e7fe3d611cdd8b4815450d619612a2db4,2026-09-30T18:03:52Z
SubmitPartialDecryption,59,ea9ae69b86a082c89bfed1898641b0a85032451d20b24de61dcfa2e1e291501e,527,befea98fcee4db7895f326a4801480f774bb4224b197839792362805cd539019,3410574373f7477c44e90168f5cbb1105854c6a175863ead358c1d38467b5d67,56baaa3b2a81b4916e6f624e2bd09d7e7fe3d611cdd8b4815450d619612a2db4,2026-09-30T18:03:52Z
SubmitPartialDecryption,55,4316952cad37ade935589b9f0082a2c0d6814beaaa2d716b1fb7c84bb51d7bd7,527,befea98fcee4db7895f326a4801480f774bb4224b197839792362805cd539019,3410574373f7477c44e90168f5cbb1105854c6a175863ead358c1d38467b5d67,56baaa3b2a81b4916e6f624e2bd09d7e7fe3d611cdd8b4815450d619612a2db4,2026-09-30T18:03:52Z
SubmitPartialDecryption,63,20629a927441ca63aae4bc1bf899e01b603b5d3295b89175e79514e5602b4c02,527,befea98fcee4db7895f326a4801480f774bb4224b197839792362805cd539019,3410574373f7477c44e90168f5cbb1105854c6a175863ead358c1d38467b5d67,56baaa3b2a81b4916e6f624e2bd09d7e7fe3d611cdd8b4815450d619612a2db4,2026-09-30T18:03:52Z
SubmitPartialDecryption,60,e25c5232c3bd9d582b2e4bda8b829c99f93a1aef92c7e1c56fa2070893832e59,527,befea98fcee4db7895f326a4801480f774bb4224b197839792362805cd539019,3410574373f7477c44e90168f5cbb1105854c6a175863ead358c1d38467b5d67,56baaa3b2a81b4916e6f624e2bd09d7e7fe3d611cdd8b4815450d619612a2db4,2026-09-30T18:03:52Z
SubmitPartialDecryption,56,0e8beca3bb07afdb574456b8f60b669f68535b338e99b71c6e9cad2199ce6ce3,527,befea98fcee4db7895f326a4801480f774bb4224b197839792362805cd539019,3410574373f7477c44e90168f5cbb1105854c6a175863ead358c1d38467b5d67,56baaa3b2a81b4916e6f624e2bd09d7e7fe3d611cdd8b4815450d619612a2db4,2026-09-30T18:03:52Z
SubmitPartialDecryption,54,a0f1e5c75c70202e739e2757963ea1f42eae4df57880fa799e8fb4b0765755ef,527,befea98fcee4db7895f326a4801480f774bb4224b197839792362805cd539019,3410574373f7477c44e90168f5cbb1105854c6a175863ead358c1d38467b5d67,56baaa3b2a81b4916e6f624e2bd09d7e7fe3d611cdd8b4815450d619612a2db4,2026-09-30T18:03:52Z
SubmitPartialDecryption,53,eaf23988fca00d7fbe952cfe17a3184bde1ccdccbd6a79f565ffd6cb81150b3c,527,befea98fcee4db7895f326a4801480f774bb4224b197839792362805cd539019,3410574373f7477c44e90168f5cbb1105854c6a175863ead358c1d38467b5d67,56baaa3b2a81b4916e6f624e2bd09d7e7fe3d611cdd8b4815450d619612a2db4,2026-09-30T18:03:52Z
SubmitPartialDecryption,68,0c082ea40944ff3621ab5da51022caa1e2acc3f5e46ee7074c1f079245d13f88,528,7606c07debf2fbeea082cc482b33d91fce9449f3035e484ab2b2b68fa39dbf38,cb6495b5ad81019659c4f20a3e99d6944a5d08f11bbf991338d96b85253d6f1d,befea98fcee4db7895f326a4801480f774bb4224b197839792362805cd539019,2026-09-30T18:03:54Z
SubmitPartialDecryption,79,c6e0f8a4999d843c051d24c3378bc0e78180f3da92642a070d147d45255365a2,528,7606c07debf2fbeea082cc482b33d91fce9449f3035e484ab2b2b68fa39dbf38,cb6495b5ad81019659c4f20a3e99d6944a5d08f11bbf991338d96b85253d6f1d,befea98fcee4db7895f326a4801480f774bb4224b197839792362805cd539019,2026-09-30T18:03:54Z
SubmitPartialDecryption,73,b5114a19b29c999231d6bbe641044fdb6bb4a29f9dcfd9275554b0432af34a74,528,7606c07debf2fbeea082cc482b33d91fce9449f3035e484ab2b2b68fa39dbf38,cb6495b5ad81019659c4f20a3e99d6944a5d08f11bbf991338d96b85253d6f1d,befea98fcee4db7895f326a4801480f774bb4224b197839792362805cd539019,2026-09-30T18:03:54Z
SubmitPartialDecryption,74,32b8bd3998c1721f9f204d08a55011f6e90e2e65a3f8059d9b6713e8b2aa4620,528,7606c07debf2fbeea082cc482b33d91fce9449f3035e484ab2b2b68fa39dbf38,cb6495b5ad81019659c4f20a3e99d6944a5d08f11bbf991338d96b85253d6f1d,befea98fcee4db7895f326a4801480f774bb4224b197839792362805cd539019,2026-09-30T18:03:54Z
SubmitPartialDecryption,72,8cf0d2276b36dc9c68f994fa7f5d11dbf15e0e853a71aae7fa3dd8f9dfb3aa33,528,7606c07debf2fbeea082cc482b33d91fce9449f3035e484ab2b2b68fa39dbf38,cb6495b5ad81019659c4f20a3e99d6944a5d08f11bbf991338d96b85253d6f1d,befea98fcee4db7895f326a4801480f774bb4224b197839792362805cd539019,2026-09-30T18:03:54Z
SubmitPartialDecryption,75,018d5cd43adc14a2c16a4888c1207955c538f81878de8d3bf9b06057aa233884,528,7606c07debf2fbeea082cc482b33d91fce9449f3035e484ab2b2b68fa39dbf38,cb6495b5ad81019659c4f20a3e99d6944a5d08f11bbf991338d96b85253d6f1d,befea98fcee4db7895f326a4801480f774bb4224b197839792362805cd539019,2026-09-30T18:03:54Z
SubmitPartialDecryption,71,2a9b7eccd691d9ef7ee2d7af8197c7cc2ee9a90c2fda7965a7a66ca0ad81c3a9,528,7606c07debf2fbeea082cc482b33d91fce9449f3035e484ab2b2b68fa39dbf38,cb6495b5ad81019659c4f20a3e99d6944a5d08f11bbf991338d96b85253d6f1d,befea98fcee4db7895f326a4801480f774bb4224b197839792362805cd539019,2026-09-30T18:03:54Z
SubmitPartialDecryption,66,a9374821fff5dd2e3e66ea4cbb92031e2236155f166399ee06ce4650dbf927fb,528,7606c07debf2fbeea082cc482b33d91fce9449f3035e484ab2b2b68fa39dbf38,cb6495b5ad81019659c4f20a3e99d6944a5d08f11bbf991338d96b85253d6f1d,befea98fcee4db7895f326a4801480f774bb4224b197839792362805cd539019,2026-09-30T18:03:54Z
SubmitPartialDecryption,64,080faeaf7985188578593213416bf13139489e6696887b091e475ee9d495bd9b,528,7606c07debf2fbeea082cc482b33d91fce9449f3035e484ab2b2b68fa39dbf38,cb6495b5ad81019659c4f20a3e99d6944a5d08f11bbf991338d96b85253d6f1d,befea98fcee4db7895f326a4801480f774bb4224b197839792362805cd539019,2026-09-30T18:03:54Z
SubmitPartialDecryption,77,fd884e53c5fba684541442c5a4f081abb0d76b3536ba959eefa3a42bc090427a,528,7606c07debf2fbeea082cc482b33d91fce9449f3035e484ab2b2b68fa39dbf38,cb6495b5ad81019659c4f20a3e99d6944a5d08f11bbf991338d96b85253d6f1d,befea98fcee4db7895f326a4801480f774bb4224b197839792362805cd539019,2026-09-30T18:03:54Z
SubmitPartialDecryption,65,7a52f3b2ddcd1d1ac589f272790f46cab7ad931d2ed2ac1b64872b6560a1726f,528,7606c07debf2fbeea082cc482b33d91fce9449f3035e484ab2b2b68fa39dbf38,cb6495b5ad81019659c4f20a3e99d6944a5d08f11bbf991338d96b85253d6f1d,befea98fcee4db7895f326a4801480f774bb4224b197839792362805cd539019,2026-09-30T18:03:54Z
SubmitPartialDecryption,67,e57a92a8c16e4343b46ba36fd71df7708c42bc1b13ec9a437b40e06a172239e5,528,7606c07debf2fbeea082cc482b33d91fce9449f3035e484ab2b2b68fa39dbf38,cb6495b5ad81019659c4f20a3e99d6944a5d08f11bbf991338d96b85253d6f1d,befea98fcee4db7895f326a4801480f774bb4224b197839792362805cd539019,2026-09-30T18:03:54Z
SubmitPartialDecryption,70,57d2f8286ec015396cbf333d155c93576d2386a6f2fa9a2ad3f32fecdd86c7fa,528,7606c07debf2fbeea082cc482b33d91fce9449f3035e484ab2b2b68fa39dbf38,cb6495b5ad81019659c4f20a3e99d6944a5d08f11bbf991338d96b85253d6f1d,befea98fcee4db7895f326a4801480f774bb4224b197839792362805cd539019,2026-09-30T18:03:54Z
SubmitPartialDecryption,76,004bd46307e1bcbab4990e104505e884e9c756f39e156d4960ca6f59d3549099,528,7606c07debf2fbeea082cc482b33d91fce9449f3035e484ab2b2b68fa39dbf38,cb6495b5ad81019659c4f20a3e99d6944a5d08f11bbf991338d96b85253d6f1d,befea98fcee4db7895f326a4801480f774bb4224b197839792362805cd539019,2026-09-30T18:03:54Z
SubmitPartialDecryption,78,18d2619c61fe403d656b8891e90e14812ca2f0393eb8291ce48c2f3f1a3ed5f5,528,7606c07debf2fbeea082cc482b33d91fce9449f3035e484ab2b2b68fa39dbf38,cb6495b5ad81019659c4f20a3e99d6944a5d08f11bbf991338d96b85253d6f1d,befea98fcee4db7895f326a4801480f774bb4224b197839792362805cd539019,2026-09-30T18:03:54Z
SubmitPartialDecryption,69,4ada7bb21591430e278e024b525c2e0c2fc64cb452e5dca9a673e1407de72f36,528,7606c07debf2fbeea082cc482b33d91fce9449f3035e484ab2b2b68fa39dbf38,cb6495b5ad81019659c4f20a3e99d6944a5d08f11bbf991338d96b85253d6f1d,befea98fcee4db7895f326a4801480f774bb4224b197839792362805cd539019,2026-09-30T18:03:54Z
SubmitPartialDecryption,82,8c2e7c6083137b31b98e35725984ffd088e1100f50097f34275c182864df3a47,529,3599142c357c9c954938768da0d4224d62abcadda9988f50af50cf4eac84c65e,f30291587201a41890003c8538f23abc2514de59d27d452e927b185a6803ce41,7606c07debf2fbeea082cc482b33d91fce9449f3035e484ab2b2b68fa39dbf38,2026-09-30T18:03:56Z
SubmitPartialDecryption,83,1d2249982939e283273594dd960096c02663ebc0b8cd4f2e68b78abb6e0fdfdf,529,3599142c357c9c954938768da0d4224d62abcadda9988f50af50cf4eac84c65e,f30291587201a41890003c8538f23abc2514de59d27d452e927b185a6803ce41,7606c07debf2fbeea082cc482b33d91fce9449f3035e484ab2b2b68fa39dbf38,2026-09-30T18:03:56Z
SubmitPartialDecryption,90,8b3e4f2de77c12ad85ce0208c507d5cb5facf4b69ae72792a5d943c8d4aa8bd9,529,3599142c357c9c954938768da0d4224d62abcadda9988f50af50cf4eac84c65e,f30291587201a41890003c8538f23abc2514de59d27d452e927b185a6803ce41,7606c07debf2fbeea082cc482b33d91fce9449f3035e484ab2b2b68fa39dbf38,2026-09-30T18:03:56Z
SubmitPartialDecryption,89,aed5bd3f1a31ce57772f635e0fa24c0ac15fd3302a69dcc02133097750caa096,529,3599142c357c9c954938768da0d4224d62abcadda9988f50af50cf4eac84c65e,f30291587201a41890003c8538f23abc2514de59d27d452e927b185a6803ce41,7606c07debf2fbeea082cc482b33d91fce9449f3035e484ab2b2b68fa39dbf38,2026-09-30T18:03:56Z
SubmitPartialDecryption,88,ddfc376270fa1e9172ac359e6987444e2ec807f6c96df4f84989e71b990ee810,529,3599142c357c9c954938768da0d4224d62abcadda9988f50af50cf4eac84c65e,f30291587201a41890003c8538f23abc2514de59d27d452e927b185a6803ce41,7606c07debf2fbeea082cc482b33d91fce9449f3035e484ab2b2b68fa39dbf38,2026-09-30T18:03:56Z
SubmitPartialDecryption,95,f7cdc75398505b7c3d3a204159ea36998e65bd5eb4e8db9aa854e41a4e31b36b,529,3599142c357c9c954938768da0d4224d62abcadda9988f50af50cf4eac84c65e,f30291587201a41890003c8538f23abc2514de59d27d452e927b185a6803ce41,7606c07debf2fbeea082cc482b33d91fce9449f3035e484ab2b2b68fa39dbf38,2026-09-30T18:03:56Z
SubmitPartialDecryption,91,8142a37f7d6cb4e70ed3125e7a878865f358b3d0e19ccef4aa899fe1d8f100a9,529,3599142c357c9c954938768da0d4224d62abcadda9988f50af50cf4eac84c65e,f30291587201a41890003c8538f23abc2514de59d27d452e927b185a6803ce41,7606c07debf2fbeea082cc482b33d91fce9449f3035e484ab2b2b68fa39dbf38,2026-09-30T18:03:56Z
SubmitPartialDecryption,87,1dfc6753dc669195a9d46722543606f8489868cc8a8c562c94f538382c81f413,529,3599142c357c9c954938768da0d4224d62abcadda9988f50af50cf4eac84c65e,f30291587201a41890003c8538f23abc2514de59d27d452e927b185a6803ce41,7606c07debf2fbeea082cc482b33d91fce9449f3035e484ab2b2b68fa39dbf38,2026-09-30T18:03:56Z
SubmitPartialDecryption,94,7000ead0c7a2c0666ccb9d5d93313480f989dd3870146b26b74fbe53054685bd,529,3599142c357c9c954938768da0d4224d62abcadda9988f50af50cf4eac84c65e,f30291587201a41890003c8538f23abc2514de59d27d452e927b185a6803ce41,7606c07debf2fbeea082cc482b33d91fce9449f3035e484ab2b2b68fa39dbf38,2026-09-30T18:03:56Z
SubmitPartialDecryption,93,371f188629ebc61b2a6470f0127cf48745e245526347cb99011cf56ba195d107,529,3599142c357c9c954938768da0d4224d62abcadda9988f50af50cf4eac84c65e,f30291587201a41890003c8538f23abc2514de59d27d452e927b185a6803ce41,7606c07debf2fbeea082cc482b33d91fce9449f3035e484ab2b2b68fa39dbf38,2026-09-30T18:03:56Z
SubmitPartialDecryption,85,90dd3f3df8f03868570b5f446188e3ac53716d1f21a6395162130b3b513fbaa5,529,3599142c357c9c954938768da0d4224d62abcadda9988f50af50cf4eac84c65e,f30291587201a41890003c8538f23abc2514de59d27d452e927b185a6803ce41,7606c07debf2fbeea082cc482b33d91fce9449f3035e484ab2b2b68fa39dbf38,2026-09-30T18:03:56Z
SubmitPartialDecryption,92,79b6788f111dd6f946b74dfcf04a8d4b9f4f615daca252b899637de8019e9d7c,529,3599142c357c9c954938768da0d4224d62abcadda9988f50af50cf4eac84c65e,f30291587201a41890003c8538f23abc2514de59d27d452e927b185a6803ce41,7606c07debf2fbeea082cc482b33d91fce9449f3035e484ab2b2b68fa39dbf38,2026-09-30T18:03:56Z
SubmitPartialDecryption,80,f2d580523dbedbac6cd71894e4fccc8ecc1b3a21029830df91bab8f8f37d7fae,529,3599142c357c9c954938768da0d4224d62abcadda9988f50af50cf4eac84c65e,f30291587201a41890003c8538f23abc2514de59d27d452e927b185a6803ce41,7606c07debf2fbeea082cc482b33d91fce9449f3035e484ab2b2b68fa39dbf38,2026-09-30T18:03:56Z
SubmitPartialDecryption,81,9f68449b544bd2f9b3e495ca7428883959e44bb322d01e523054fec3bab53d18,529,3599142c357c9c954938768da0d4224d62abcadda9988f50af50cf4eac84c65e,f30291587201a41890003c8538f23abc2514de59d27d452e927b185a6803ce41,7606c07debf2fbeea082cc482b33d91fce9449f3035e484ab2b2b68fa39dbf38,2026-09-30T18:03:56Z
SubmitPartialDecryption,86,ccc7d83480f2bb820823d19af43e1bf0e1c2c922c10f31e42cfdf03b90bad5c2,529,3599142c357c9c954938768da0d4224d62abcadda9988f50af50cf4eac84c65e,f30291587201a41890003c8538f23abc2514de59d27d452e927b185a6803ce41,7606c07debf2fbeea082cc482b33d91fce9449f3035e484ab2b2b68fa39dbf38,2026-09-30T18:03:56Z
SubmitPartialDecryption,84,3995fbbd2e327a2f2c4077a6dbfbbbf070e4de208f9e692424893647d81de8b8,529,3599142c357c9c954938768da0d4224d62abcadda9988f50af50cf4eac84c65e,f30291587201a41890003c8538f23abc2514de59d27d452e927b185a6803ce41,7606c07debf2fbeea082cc482b33d91fce9449f3035e484ab2b2b68fa39dbf38,2026-09-30T18:03:56Z
SubmitPartialDecryption,98,b665f148468baf3bb4712c9295524ae0070648c3757cad6a2438388895ef2476,530,05f667a73bb9fe2e47bace2d92f464a8bf4cffc46c26c66e1ff84c4d959af04b,efde2506cfb67e45d6bf0ff6a648c46ae326b237e3d3a7f76924a4aae6543f1b,3599142c357c9c954938768da0d4224d62abcadda9988f50af50cf4eac84c65e,2026-09-30T18:03:58Z
SubmitPartialDecryption,105,9ac490721c33b86c029d75940f06892f86d3b8806ba4daf8e38c1ecb06b7bc1c,530,05f667a73bb9fe2e47bace2d92f464a8bf4cffc46c26c66e1ff84c4d959af04b,efde2506cfb67e45d6bf0ff6a648c46ae326b237e3d3a7f76924a4aae6543f1b,3599142c357c9c954938768da0d4224d62abcadda9988f50af50cf4eac84c65e,2026-09-30T18:03:58Z
SubmitPartialDecryption,108,7fac7103b28a865d454d20b456d5080f2f637b450aff7fa728821584120d938e,530,05f667a73bb9fe2e47bace2d92f464a8bf4cffc46c26c66e1ff84c4d959af04b,efde2506cfb67e45d6bf0ff6a648c46ae326b237e3d3a7f76924a4aae6543f1b,3599142c357c9c954938768da0d4224d62abcadda9988f50af50cf4eac84c65e,2026-09-30T18:03:58Z
SubmitPartialDecryption,103,36d7cc4652f514db0a1e4ba2e120ff9fb26e1c40a5270d7b1d2c731df33ac910,530,05f667a73bb9fe2e47bace2d92f464a8bf4cffc46c26c66e1ff84c4d959af04b,efde2506cfb67e45d6bf0ff6a648c46ae326b237e3d3a7f76924a4aae6543f1b,3599142c357c9c954938768da0d4224d62abcadda9988f50af50cf4eac84c65e,2026-09-30T18:03:58Z
SubmitPartialDecryption,106,86bbedfabdb447b3de12e99c6f462be2e6bac679481eb0b1a0d8943c5f8967c4,530,05f667a73bb9fe2e47bace2d92f464a8bf4cffc46c26c66e1ff84c4d959af04b,efde2506cfb67e45d6bf0ff6a648c46ae326b237e3d3a7f76924a4aae6543f1b,3599142c357c9c954938768da0d4224d62abcadda9988f50af50cf4eac84c65e,2026-09-30T18:03:58Z
SubmitPartialDecryption,107,a10fa6af4f284674d407a024324beee23c9e1bc01acfa4abc00c7da99ff195ed,530,05f667a73bb9fe2e47bace2d92f464a8bf4cffc46c26c66e1ff84c4d959af04b,efde2506cfb67e45d6bf0ff6a648c46ae326b237e3d3a7f76924a4aae6543f1b,3599142c357c9c954938768da0d4224d62abcadda9988f50af50cf4eac84c65e,2026-09-30T18:03:58Z
SubmitPartialDecryption,102,23db402c39e5a6eb3f8a915553efcc8654a10152c45fea66d915376022ee7276,530,05f667a73bb9fe2e47bace2d92f464a8bf4cffc46c26c66e1ff84c4d959af04b,efde2506cfb67e45d6bf0ff6a648c46ae326b237e3d3a7f76924a4aae6543f1b,3599142c357c9c954938768da0d4224d62abcadda9988f50af50cf4eac84c65e,2026-09-30T18:03:58Z
SubmitPartialDecryption,109,b88aee0a7b967392b8c8e892af403759a6ccfe5d8a16c8a2eda0d85fd4571ce1,530,05f667a73bb9fe2e47bace2d92f464a8bf4cffc46c26c66e1ff84c4d959af04b,efde2506cfb67e45d6bf0ff6a648c46ae326b237e3d3a7f76924a4aae6543f1b,3599142c357c9c954938768da0d4224d62abcadda9988f50af50cf4eac84c65e,2026-09-30T18:03:58Z
SubmitPartialDecryption,110,d02953c3c6d2e193756ab410a5224fbd95865e4bf2ecabad78b2fc05f48bdd05,530,05f667a73bb9fe2e47bace2d92f464a8bf4cffc46c26c66e1ff84c4d959af04b,efde2506cfb67e45d6bf0ff6a648c46ae326b237e3d3a7f76924a4aae6543f1b,3599142c357c9c954938768da0d4224d62abcadda9988f50af50cf4eac84c65e,2026-09-30T18:03:58Z
SubmitPartialDecryption,100,71c60e23732a69ebbcdf1a6634a05bdbbb8fa6d0e9d8a6d0d27273a4ab7e6c45,530,05f667a73bb9fe2e47bace2d92f464a8bf4cffc46c26c66e1ff84c4d959af04b,efde2506cfb67e45d6bf0ff6a648c46ae326b237e3d3a7f76924a4aae6543f1b,3599142c357c9c954938768da0d4224d62abcadda9988f50af50cf4eac84c65e,2026-09-30T18:03:58Z
SubmitPartialDecryption,99,15fca58118ef28171319187c4d5c7cf326b65f829df98bce7873c70ce74308e4,530,05f667a73bb9fe2e47bace2d92f464a8bf4cffc46c26c66e1ff84c4d959af04b,efde2506cfb67e45d6bf0ff6a648c46ae326b237e3d3a7f76924a4aae6543f1b,3599142c357c9c954938768da0d4224d62abcadda9988f50af50cf4eac84c65e,2026-09-30T18:03:58Z
SubmitPartialDecryption,101,39d29746a96ba25904a7a3226502b9016709ccbf8e2d1dd88b34473ee4720699,530,05f667a73bb9fe2e47bace2d92f464a8bf4cffc46c26c66e1ff84c4d959af04b,efde2506cfb67e45d6bf0ff6a648c46ae326b237e3d3a7f76924a4aae6543f1b,3599142c357c9c954938768da0d4224d62abcadda9988f50af50cf4eac84c65e,2026-09-30T18:03:58Z
SubmitPartialDecryption,97,45ce87c31dc29d2b9a0ad9bc36c80a97d2f17ba0a577f9da45e15f626efc9dc5,530,05f667a73bb9fe2e47bace2d92f464a8bf4cffc46c26c66e1ff84c4d959af04b,efde2506cfb67e45d6bf0ff6a648c46ae326b237e3d3a7f76924a4aae6543f1b,3599142c357c9c954938768da0d4224d62abcadda9988f50af50cf4eac84c65e,2026-09-30T18:03:58Z
SubmitPartialDecryption,111,4728b8153112f8f1f7b5fb3630b7692285ae03d8822d9c593b55287e08c3b087,530,05f667a73bb9fe2e47bace2d92f464a8bf4cffc46c26c66e1ff84c4d959af04b,efde2506cfb67e45d6bf0ff6a648c46ae326b237e3d3a7f76924a4aae6543f1b,3599142c357c9c954938768da0d4224d62abcadda9988f50af50cf4eac84c65e,2026-09-30T18:03:58Z
SubmitPartialDecryption,96,10fbfc1060e68a0fe70540781cc79956c977dba3879d72cd07c24f966af44397,530,05f667a73bb9fe2e47bace2d92f464a8bf4cffc46c26c66e1ff84c4d959af04b,efde2506cfb67e45d6bf0ff6a648c46ae326b237e3d3a7f76924a4aae6543f1b,3599142c357c9c954938768da0d4224d62abcadda9988f50af50cf4eac84c65e,2026-09-30T18:03:58Z
SubmitPartialDecryption,104,4dbc9ce6b474fd2b616632e2fa8328d572bf905019e0d5c93682ee5583928315,530,05f667a73bb9fe2e47bace2d92f464a8bf4cffc46c26c66e1ff84c4d959af04b,efde2506cfb67e45d6bf0ff6a648c46ae326b237e3d3a7f76924a4aae6543f1b,3599142c357c9c954938768da0d4224d62abcadda9988f50af50cf4eac84c65e,2026-09-30T18:03:58Z
SubmitPartialDecryption,117,377007f769e7392408b6e896968a031af92fcdade3c888c9049e6fa798e12e4e,531,613d0bc50df66612a02271f6fae9757a897f82f44dc1401189d59f00c28c2ee6,aff7fe4210c0c5a34f6c9988c70a1046e1134bd69cad1569a13f52fe6c97b0ff,05f667a73bb9fe2e47bace2d92f464a8bf4cffc46c26c66e1ff84c4d959af04b,2026-09-30T18:04:01Z
SubmitPartialDecryption,126,f2b4ad6b4d13e5ad3d463157fe46b9b0bff1c8be77317cc7508c1a41aabb9692,531,613d0bc50df66612a02271f6fae9757a897f82f44dc1401189d59f00c28c2ee6,aff7fe4210c0c5a34f6c9988c70a1046e1134bd69cad1569a13f52fe6c97b0ff,05f667a73bb9fe2e47bace2d92f464a8bf4cffc46c26c66e1ff84c4d959af04b,2026-09-30T18:04:01Z
SubmitPartialDecryption,114,30c8a5e70b001c1344912ed96c2caa9d54d174eca6e3946e82d2b38d29e05dd4,531,613d0bc50df66612a02271f6fae9757a897f82f44dc1401189d59f00c28c2ee6,aff7fe4210c0c5a34f6c9988c70a1046e1134bd69cad1569a13f52fe6c97b0ff,05f667a73bb9fe2e47bace2d92f464a8bf4cffc46c26c66e1ff84c4d959af04b,2026-09-30T18:04:01Z
SubmitPartialDecryption,118,44632c6531175853c2435a2ca636daedae964ca5a7f482b789a7af9b54274aa0,531,613d0bc50df66612a02271f6fae9757a897f82f44dc1401189d59f00c28c2ee6,aff7fe4210c0c5a34f6c9988c70a1046e1134bd69cad1569a13f52fe6c97b0ff,05f667a73bb9fe2e47bace2d92f464a8bf4cffc46c26c66e1ff84c4d959af04b,2026-09-30T18:04:01Z
SubmitPartialDecryption,124,10dcdde9b2ae7fecd2e13a14f27691b313d7eb2ab9b5ffd733f25023ac55ae73,531,613d0bc50df66612a02271f6fae9757a897f82f44dc1401189d59f00c28c2ee6,aff7fe4210c0c5a34f6c9988c70a1046e1134bd69cad1569a13f52fe6c97b0ff,05f667a73bb9fe2e47bace2d92f464a8bf4cffc46c26c66e1ff84c4d959af04b,2026-09-30T18:04:01Z
SubmitPartialDecryption,125,f3c76b733bd98dad6e678ef8bad7fe04e1338e43e2f9fc787cfe852b7954bc43,531,613d0bc50df66612a02271f6fae9757a897f82f44dc1401189d59f00c28c2ee6,aff7fe4210c0c5a34f6c9988c70a1046e1134bd69cad1569a13f52fe6c97b0ff,05f667a73bb9fe2e47bace2d92f464a8bf4cffc46c26c66e1ff84c4d959af04b,2026-09-30T18:04:01Z
SubmitPartialDecryption,120,ec98030d231a5876f3e82691e362fe715f946e21737500f29cf8c2b28ea15ac2,531,613d0bc50df66612a02271f6fae9757a897f82f44dc1401189d59f00c28c2ee6,aff7fe4210c0c5a34f6c9988c70a1046e1134bd69cad1569a13f52fe6c97b0ff,05f667a73bb9fe2e47bace2d92f464a8bf4cffc46c26c66e1ff84c4d959af04b,2026-09-30T18:04:01Z
SubmitPartialDecryption,123,bb05a7af6039e87327aad37e3c3cee2e5b71ff440c5fd94d56fc5766738fd6ad,531,613d0bc50df66612a02271f6fae9757a897f82f44dc1401189d59f00c28c2ee6,aff7fe4210c0c5a34f6c9988c70a1046e1134bd69cad1569a13f52fe6c97b0ff,05f667a73bb9fe2e47bace2d92f464a8bf4cffc46c26c66e1ff84c4d959af04b,2026-09-30T18:04:01Z
SubmitPartialDecryption,116,98221559e78f4bb60aff5cf1e66fc4dbb81f6ec054d0725461a102f19f3d4f81,531,613d0bc50df66612a02271f6fae9757a897f82f44dc1401189d59f00c28c2ee6,aff7fe4210c0c5a34f6c9988c70a1046e1134bd69cad1569a13f52fe6c97b0ff,05f667a73bb9fe2e47bace2d92f464a8bf4cffc46c26c66e1ff84c4d959af04b,2026-09-30T18:04:01Z
SubmitPartialDecryption,115,1edd52d7a4352d3e655070c8f6a7264d278bd2c3cbd7be62ee56e030afd28a7c,531,613d0bc50df66612a02271f6fae9757a897f82f44dc1401189d59f00c28c2ee6,aff7fe4210c0c5a34f6c9988c70a1046e1134bd69cad1569a13f52fe6c97b0ff,05f667a73bb9fe2e47bace2d92f464a8bf4cffc46c26c66e1ff84c4d959af04b,2026-09-30T18:04:01Z
SubmitPartialDecryption,121,4c234eb1563a56658398c5b1d491e8a3a1e4637032b2c36f9c9041873df27cf8,531,613d0bc50df66612a02271f6fae9757a897f82f44dc1401189d59f00c28c2ee6,aff7fe4210c0c5a34f6c9988c70a1046e1134bd69cad1569a13f52fe6c97b0ff,05f667a73bb9fe2e47bace2d92f464a8bf4cffc46c26c66e1ff84c4d959af04b,2026-09-30T18:04:01Z
SubmitPartialDecryption,119,b957c9f5b8128f5c824b6a1016f2301e878929ea7767c1af5cc152ed72deb3f0,531,613d0bc50df66612a02271f6fae9757a897f82f44dc1401189d59f00c28c2ee6,aff7fe4210c0c5a34f6c9988c70a1046e1134bd69cad1569a13f52fe6c97b0ff,05f667a73bb9fe2e47bace2d92f464a8bf4cffc46c26c66e1ff84c4d959af04b,2026-09-30T18:04:01Z
SubmitPartialDecryption,113,9b8aa6cfeaf006c3a6cbc64ade8d5ddf1d9d89d82b0dfff9c78127dfbddb11cb,531,613d0bc50df66612a02271f6fae9757a897f82f44dc1401189d59f00c28c2ee6,aff7fe4210c0c5a34f6c9988c70a1046e1134bd69cad1569a13f52fe6c97b0ff,05f667a73bb9fe2e47bace2d92f464a8bf4cffc46c26c66e1ff84c4d959af04b,2026-09-30T18:04:01Z
SubmitPartialDecryption,112,cce4ec40e67e818c2d338bb29edd7b650d4fac161f70301f3a1e675a34786176,531,613d0bc50df66612a02271f6fae9757a897f82f44dc1401189d59f00c28c2ee6,aff7fe4210c0c5a34f6c9988c70a1046e1134bd69cad1569a13f52fe6c97b0ff,05f667a73bb9fe2e47bace2d92f464a8bf4cffc46c26c66e1ff84c4d959af04b,2026-09-30T18:04:01Z
SubmitPartialDecryption,127,36cd6cac62ce53e9612e9b32b72747d14b73a5ec6ef4e63b480e1d568e953260,531,613d0bc50df66612a02271f6fae9757a897f82f44dc1401189d59f00c28c2ee6,aff7fe4210c0c5a34f6c9988c70a1046e1134bd69cad1569a13f52fe6c97b0ff,05f667a73bb9fe2e47bace2d92f464a8bf4cffc46c26c66e1ff84c4d959af04b,2026-09-30T18:04:01Z
SubmitPartialDecryption,122,87b741f84cbd2c36c499f2782832704fa92d545092e0fde315b4982f2af58f50,531,613d0bc50df66612a02271f6fae9757a897f82f44dc1401189d59f00c28c2ee6,aff7fe4210c0c5a34f6c9988c70a1046e1134bd69cad1569a13f52fe6c97b0ff,05f667a73bb9fe2e47bace2d92f464a8bf4cffc46c26c66e1ff84c4d959af04b,2026-09-30T18:04:01Z
SubmitPartialDecryption,134,1ad402f9b0ff8cf3a9a7a63feff70e9f464c64fd25f8877657d4a51a26feb8a7,532,467fcec6d7bc4cf0eed6559d5e2e3abf87dbe0f3934901960eae82790eae31a5,58cdb5fafba14b9edc2481a707f48f7392cc6b8b8e4fd90d9a4b5099e08f459f,613d0bc50df66612a02271f6fae9757a897f82f44dc1401189d59f00c28c2ee6,2026-09-30T18:04:03Z
SubmitPartialDecryption,138,e4cfa4bb610b9eb6c199e25ccc29a217706b81b93a6abd79119be4f41776f294,532,467fcec6d7bc4cf0eed6559d5e2e3abf87dbe0f3934901960eae82790eae31a5,58cdb5fafba14b9edc2481a707f48f7392cc6b8b8e4fd90d9a4b5099e08f459f,613d0bc50df66612a02271f6fae9757a897f82f44dc1401189d59f00c28c2ee6,2026-09-30T18:04:03Z
SubmitPartialDecryption,128,58e3b80854412bd13af1802c1c2f0b7e298f5585fb92ccd418395a76e1361fcf,532,467fcec6d7bc4cf0eed6559d5e2e3abf87dbe0f3934901960eae82790eae31a5,58cdb5fafba14b9edc2481a707f48f7392cc6b8b8e4fd90d9a4b5099e08f459f,613d0bc50df66612a02271f6fae9757a897f82f44dc1401189d59f00c28c2ee6,2026-09-30T18:04:03Z
SubmitPartialDecryption,143,70948f6dee0662052265ddd8635e7432da8619d500ecc7e32c58f50bc2bdf563,532,467fcec6d7bc4cf0eed6559d5e2e3abf87dbe0f3934901960eae82790eae31a5,58cdb5fafba14b9edc2481a707f48f7392cc6b8b8e4fd90d9a4b5099e08f459f,613d0bc50df66612a02271f6fae9757a897f82f44dc1401189d59f00c28c2ee6,2026-09-30T18:04:03Z
SubmitPartialDecryption,142,808eba03373a03f704c753d5338a5819aa4b078ee4ec763f2e827f586e1303b8,532,467fcec6d7bc4cf0eed6559d5e2e3abf87dbe0f3934901960eae82790eae31a5,58cdb5fafba14b9edc2481a707f48f7392cc6b8b8e4fd90d9a4b5099e08f459f,613d0bc50df66612a02271f6fae9757a897f82f44dc1401189d59f00c28c2ee6,2026-09-30T18:04:03Z
SubmitPartialDecryption,129,f3c43f71203fd0955a26ba0a2a0fe2623d38ea4941bea07851cc8aac2dbce6ee,532,467fcec6d7bc4cf0eed6559d5e2e3abf87dbe0f3934901960eae82790eae31a5,58cdb5fafba14b9edc2481a707f48f7392cc6b8b8e4fd90d9a4b5099e08f459f,613d0bc50df66612a02271f6fae9757a897f82f44dc1401189d59f00c28c2ee6,2026-09-30T18:04:03Z
SubmitPartialDecryption,130,1810c80352d71040f0860988a10398adfe741edad411fdec2a8e2b20784ebf81,532,467fcec6d7bc4cf0eed6559d5e2e3abf87dbe0f3934901960eae82790eae31a5,58cdb5fafba14b9edc2481a707f48f7392cc6b8b8e4fd90d9a4b5099e08f459f,613d0bc50df66612a02271f6fae9757a897f82f44dc1401189d59f00c28c2ee6,2026-09-30T18:04:03Z
SubmitPartialDecryption,139,bdb1c2f992a82fbedd20fe150e19edbd190f3899b86cd5c1019ae49ce0a45349,532,467fcec6d7bc4cf0eed6559d5e2e3abf87dbe0f3934901960eae82790eae31a5,58cdb5fafba14b9edc2481a707f48f7392cc6b8b8e4fd90d9a4b5099e08f459f,613d0bc50df66612a02271f6fae9757a897f82f44dc1401189d59f00c28c2ee6,2026-09-30T18:04:03Z
SubmitPartialDecryption,131,648c5d1c680b215e5469c8b240a14361122601ebda7616a592f26b97d677d457,532,467fcec6d7bc4cf0eed6559d5e2e3abf87dbe0f3934901960eae82790eae31a5,58cdb5fafba14b9edc2481a707f48f7392cc6b8b8e4fd90d9a4b5099e08f459f,613d0bc50df66612a02271f6fae9757a897f82f44dc1401189d59f00c28c2ee6,2026-09-30T18:04:03Z
SubmitPartialDecryption,132,671e39f225c4e6c0e2e4be5b8a2bf1df08bdb69921dc7aee3b0cc36b50471cc8,532,467fcec6d7bc4cf0eed6559d5e2e3abf87dbe0f3934901960eae82790eae31a5,58cdb5fafba14b9edc2481a707f48f7392cc6b8b8e4fd90d9a4b5099e08f459f,613d0bc50df66612a02271f6fae9757a897f82f44dc1401189d59f00c28c2ee6,2026-09-30T18:04:03Z
SubmitPartialDecryption,133,ae4f89c34b07b2aa0687ca7269e195dae32dabcec59d029710ad53cee67204a9,532,467fcec6d7bc4cf0eed6559d5e2e3abf87dbe0f3934901960eae82790eae31a5,58cdb5fafba14b9edc2481a707f48f7392cc6b8b8e4fd90d9a4b5099e08f459f,613d0bc50df66612a02271f6fae9757a897f82f44dc1401189d59f00c28c2ee6,2026-09-30T18:04:03Z
SubmitPartialDecryption,136,d3d6f0ccc5bbd6089989779cf64cf8f10f917eb1a6bc6ebae30ceedd92f8b69f,532,467fcec6d7bc4cf0eed6559d5e2e3abf87dbe0f3934901960eae82790eae31a5,58cdb5fafba14b9edc2481a707f48f7392cc6b8b8e4fd90d9a4b5099e08f459f,613d0bc50df66612a02271f6fae9757a897f82f44dc1401189d59f00c28c2ee6,2026-09-30T18:04:03Z
SubmitPartialDecryption,137,c74fec449f12fbdcd5c9d5d97bfca5e521cabf227b784c4c4f20cdb2dfa00e85,532,467fcec6d7bc4cf0eed6559d5e2e3abf87dbe0f3934901960eae82790eae31a5,58cdb5fafba14b9edc2481a707f48f7392cc6b8b8e4fd90d9a4b5099e08f459f,613d0bc50df66612a02271f6fae9757a897f82f44dc1401189d59f00c28c2ee6,2026-09-30T18:04:03Z
SubmitPartialDecryption,140,ade6013d87dfcb52ca740e5b9bb2c39a6c9f6a3a71bf0a77d4ef82d025a08d80,532,467fcec6d7bc4cf0eed6559d5e2e3abf87dbe0f3934901960eae82790eae31a5,58cdb5fafba14b9edc2481a707f48f7392cc6b8b8e4fd90d9a4b5099e08f459f,613d0bc50df66612a02271f6fae9757a897f82f44dc1401189d59f00c28c2ee6,2026-09-30T18:04:03Z
SubmitPartialDecryption,135,3f3040f868d67bfd0052c7c9a10dcdcc5b9b8fae33e083031fd17b99822b1e9a,532,467fcec6d7bc4cf0eed6559d5e2e3abf87dbe0f3934901960eae82790eae31a5,58cdb5fafba14b9edc2481a707f48f7392cc6b8b8e4fd90d9a4b5099e08f459f,613d0bc50df66612a02271f6fae9757a897f82f44dc1401189d59f00c28c2ee6,2026-09-30T18:04:03Z
SubmitPartialDecryption,141,f7332bde221629b0859da18852766c7e2b17f75c9a71773eeadb07f44fbb2bb1,532,467fcec6d7bc4cf0eed6559d5e2e3abf87dbe0f3934901960eae82790eae31a5,58cdb5fafba14b9edc2481a707f48f7392cc6b8b8e4fd90d9a4b5099e08f459f,613d0bc50df66612a02271f6fae9757a897f82f44dc1401189d59f00c28c2ee6,2026-09-30T18:04:03Z
SubmitPartialDecryption,149,c23236a302857b94732d9bdb5ff1e6178e3417f330eca115dff33a453f6d1224,533,aae26fdf6d1daace621475b16ee120593dbe0158609d2df092bce18d7a1ba47c,cd69a5aaede01240cb0b0063636628ed3148227eaafa671b7f7b8e8ff1a025a3,467fcec6d7bc4cf0eed6559d5e2e3abf87dbe0f3934901960eae82790eae31a5,2026-09-30T18:04:05Z
SubmitPartialDecryption,150,b77492b88b8f065955ea7dcaeb8bb4eb0cd6cb82ddee5da39b94468d96ad45da,533,aae26fdf6d1daace621475b16ee120593dbe0158609d2df092bce18d7a1ba47c,cd69a5aaede01240cb0b0063636628ed3148227eaafa671b7f7b8e8ff1a025a3,467fcec6d7bc4cf0eed6559d5e2e3abf87dbe0f3934901960eae82790eae31a5,2026-09-30T18:04:05Z
SubmitPartialDecryption,156,1cd4a82dd17797fd924c11c1f30f6e51767bc58c92c5eb6c8882cbd985746996,533,aae26fdf6d1daace621475b16ee120593dbe0158609d2df092bce18d7a1ba47c,cd69a5aaede01240cb0b0063636628ed3148227eaafa671b7f7b8e8ff1a025a3,467fcec6d7bc4cf0eed6559d5e2e3abf87dbe0f3934901960eae82790eae31a5,2026-09-30T18:04:05Z
SubmitPartialDecryption,146,a7afbfe7c4f1578c987bb509b2c1eddd0d2c4cf96d201998d1a644222ac00e93,533,aae26fdf6d1daace621475b16ee120593dbe0158609d2df092bce18d7a1ba47c,cd69a5aaede01240cb0b0063636628ed3148227eaafa671b7f7b8e8ff1a025a3,467fcec6d7bc4cf0eed6559d5e2e3abf87dbe0f3934901960eae82790eae31a5,2026-09-30T18:04:05Z
SubmitPartialDecryption,158,eab2d7e1930839435d0d8d36dde15b553888e9c4de14d4e0cc17bb10ace5be96,533,aae26fdf6d1daace621475b16ee120593dbe0158609d2df092bce18d7a1ba47c,cd69a5aaede01240cb0b0063636628ed3148227eaafa671b7f7b8e8ff1a025a3,467fcec6d7bc4cf0eed6559d5e2e3abf87dbe0f3934901960eae82790eae31a5,2026-09-30T18:04:05Z
SubmitPartialDecryption,155,899d299a0068bf542f16265bbd82cc9245f8c1eb3b6238286c9055182168e218,533,aae26fdf6d1daace621475b16ee120593dbe0158609d2df092bce18d7a1ba47c,cd69a5aaede01240cb0b0063636628ed3148227eaafa671b7f7b8e8ff1a025a3,467fcec6d7bc4cf0eed6559d5e2e3abf87dbe0f3934901960eae82790eae31a5,2026-09-30T18:04:05Z
SubmitPartialDecryption,159,f811d7a3aa2037ff580663fe2bccda667a5cf5b8abee7dbf4f17bea70836ab9a,533,aae26fdf6d1daace621475b16ee120593dbe0158609d2df092bce18d7a1ba47c,cd69a5aaede01240cb0b0063636628ed3148227eaafa671b7f7b8e8ff1a025a3,467fcec6d7bc4cf0eed6559d5e2e3abf87dbe0f3934901960eae82790eae31a5,2026-09-30T18:04:05Z
SubmitPartialDecryption,153,689f752abd1b0cad2c8c5527c9af1d40871ad06e68437832facc1e761cabbdca,533,aae26fdf6d1daace621475b16ee120593dbe0158609d2df092bce18d7a1ba47c,cd69a5aaede01240cb0b0063636628ed3148227eaafa671b7f7b8e8ff1a025a3,467fcec6d7bc4cf0eed6559d5e2e3abf87dbe0f3934901960eae82790eae31a5,2026-09-30T18:04:05Z
SubmitPartialDecryption,144,a2569186024cc3a014c7fb47770eb2f6f88a91d0fc7e8feebb868003f3562221,533,aae26fdf6d1daace621475b16ee120593dbe0158609d2df092bce18d7a1ba47c,cd69a5aaede01240cb0b0063636628ed3148227eaafa671b7f7b8e8ff1a025a3,467fcec6d7bc4cf0eed6559d5e2e3abf87dbe0f3934901960eae82790eae31a5,2026-09-30T18:04:05Z
SubmitPartialDecryption,151,eda62c2f06a9a362ebb1c005c9be040e1c9b79e21639f79f9063f0c9efd789a2,533,aae26fdf6d1daace621475b16ee120593dbe0158609d2df092bce18d7a1ba47c,cd69a5aaede01240cb0b0063636628ed3148227eaafa671b7f7b8e8ff1a025a3,467fcec6d7bc4cf0eed6559d5e2e3abf87dbe0f3934901960eae82790eae31a5,2026-09-30T18:04:05Z
SubmitPartialDecryption,154,43a56a12db5d76f30145569cda1966f3086323e102c3aea671ec6a4806fbe326,533,aae26fdf6d1daace621475b16ee120593dbe0158609d2df092bce18d7a1ba47c,cd69a5aaede01240cb0b0063636628ed3148227eaafa671b7f7b8e8ff1a025a3,467fcec6d7bc4cf0eed6559d5e2e3abf87dbe0f3934901960eae82790eae31a5,2026-09-30T18:04:05Z
SubmitPartialDecryption,145,7091329db90299debb6b066089940c279976225545a5246e0d50a33d70ce6a3d,533,aae26fdf6d1daace621475b16ee120593dbe0158609d2df092bce18d7a1ba47c,cd69a5aaede01240cb0b0063636628ed3148227eaafa671b7f7b8e8ff1a025a3,467fcec6d7bc4cf0eed6559d5e2e3abf87dbe0f3934901960eae82790eae31a5,2026-09-30T18:04:05Z
SubmitPartialDecryption,148,651c2bf2ec93ce4fd085e0bf4cb04e737be67b017e8eef7b5771d594f3ab59e0,533,aae26fdf6d1daace621475b16ee120593dbe0158609d2df092bce18d7a1ba47c,cd69a5aaede01240cb0b0063636628ed3148227eaafa671b7f7b8e8ff1a025a3,467fcec6d7bc4cf0eed6559d5e2e3abf87dbe0f3934901960eae82790eae31a5,2026-09-30T18:04:05Z
SubmitPartialDecryption,157,5d357e2e3daa37693dbf2e85c3b1d111ba74ecae56ea9c55b302d97060097644,533,aae26fdf6d1daace621475b16ee120593dbe0158609d2df092bce18d7a1ba47c,cd69a5aaede01240cb0b0063636628ed3148227eaafa671b7f7b8e8ff1a025a3,467fcec6d7bc4cf0eed6559d5e2e3abf87dbe0f3934901960eae82790eae31a5,2026-09-30T18:04:05Z
SubmitPartialDecryption,152,200ca89b70742d2cb25306259b023357fa9696345d8d9392cf3c3a66cc9f637c,533,aae26fdf6d1daace621475b16ee120593dbe0158609d2df092bce18d7a1ba47c,cd69a5aaede01240cb0b0063636628ed3148227eaafa671b7f7b8e8ff1a025a3,467fcec6d7bc4cf0eed6559d5e2e3abf87dbe0f3934901960eae82790eae31a5,2026-09-30T18:04:05Z
SubmitPartialDecryption,147,3c90f41af52befff08487cbd501a84c0b3be4981300983ab037fa13639ffbafd,533,aae26fdf6d1daace621475b16ee120593dbe0158609d2df092bce18d7a1ba47c,cd69a5aaede01240cb0b0063636628ed3148227eaafa671b7f7b8e8ff1a025a3,467fcec6d7bc4cf0eed6559d5e2e3abf87dbe0f3934901960eae82790eae31a5,2026-09-30T18:04:05Z
SubmitPartialDecryption,163,961670e18e8b5aff585f80940ec606a341375490c6948d4f74432514bd33b7a9,534,63ebe817839e29e7321132bd900f20f0bb608697883cd2e1b124dd57427f3330,fc6586190fd8b9ef538ffa30f2e8ac947585831b3e21da64835fc61802ecc7f6,aae26fdf6d1daace621475b16ee120593dbe0158609d2df092bce18d7a1ba47c,2026-09-30T18:04:07Z
SubmitPartialDecryption,169,a676d1980b8c6cf9238b7e2fa83dcfdf212805ac819bb0b70dc294180f0123b4,534,63ebe817839e29e7321132bd900f20f0bb608697883cd2e1b124dd57427f3330,fc6586190fd8b9ef538ffa30f2e8ac947585831b3e21da64835fc61802ecc7f6,aae26fdf6d1daace621475b16ee120593dbe0158609d2df092bce18d7a1ba47c,2026-09-30T18:04:07Z
SubmitPartialDecryption,168,22fe5ce5bbd350720278efc70e4c70a0fdd0ca1dc6860ccbaef23901c7226591,534,63ebe817839e29e7321132bd900f20f0bb608697883cd2e1b124dd57427f3330,fc6586190fd8b9ef538ffa30f2e8ac947585831b3e21da64835fc61802ecc7f6,aae26fdf6d1daace621475b16ee120593dbe0158609d2df092bce18d7a1ba47c,2026-09-30T18:04:07Z
SubmitPartialDecryption,161,c9a9a52e50af01bb1dfa77cc1a261af8529535fb9d04cc1c56b8b1888296ff31,534,63ebe817839e29e7321132bd900f20f0bb608697883cd2e1b124dd57427f3330,fc6586190fd8b9ef538ffa30f2e8ac947585831b3e21da64835fc61802ecc7f6,aae26fdf6d1daace621475b16ee120593dbe0158609d2df092bce18d7a1ba47c,2026-09-30T18:04:07Z
SubmitPartialDecryption,165,28df1b12674b423c85ea96e3112b35a6de437ea75c76ffb45b8a8d4f67234c14,534,63ebe817839e29e7321132bd900f20f0bb608697883cd2e1b124dd57427f3330,fc6586190fd8b9ef538ffa30f2e8ac947585831b3e21da64835fc61802ecc7f6,aae26fdf6d1daace621475b16ee120593dbe0158609d2df092bce18d7a1ba47c,2026-09-30T18:04:07Z
SubmitPartialDecryption,166,7997de3f09561b0a28bfb0534ea2a9518aa57bd3ecd7c0f20ce682e179beae70,534,63ebe817839e29e7321132bd900f20f0bb608697883cd2e1b124dd57427f3330,fc6586190fd8b9ef538ffa30f2e8ac947585831b3e21da64835fc61802ecc7f6,aae26fdf6d1daace621475b16ee120593dbe0158609d2df092bce18d7a1ba47c,2026-09-30T18:04:07Z
SubmitPartialDecryption,172,2b0a255ecdfa52af23713bf5542174ccc1d05d030b2c4d5bce5d11fbcdb96935,534,63ebe817839e29e7321132bd900f20f0bb608697883cd2e1b124dd57427f3330,fc6586190fd8b9ef538ffa30f2e8ac947585831b3e21da64835fc61802ecc7f6,aae26fdf6d1daace621475b16ee120593dbe0158609d2df092bce18d7a1ba47c,2026-09-30T18:04:07Z
SubmitPartialDecryption,160,8ba0f64f6c5e4783fd6292c0683e7b22fac5ad82652913759a76e6c8da918485,534,63ebe817839e29e7321132bd900f20f0bb608697883cd2e1b124dd57427f3330,fc6586190fd8b9ef538ffa30f2e8ac947585831b3e21da64835fc61802ecc7f6,aae26fdf6d1daace621475b16ee120593dbe0158609d2df092bce18d7a1ba47c,2026-09-30T18:04:07Z
SubmitPartialDecryption,175,59c62753cd01e1b0aa3056c5b745fb02793ec125f743f3dd055475d04d9acb2e,534,63ebe817839e29e7321132bd900f20f0bb608697883cd2e1b124dd57427f3330,fc6586190fd8b9ef538ffa30f2e8ac947585831b3e21da64835fc61802ecc7f6,aae26fdf6d1daace621475b16ee120593dbe0158609d2df092bce18d7a1ba47c,2026-09-30T18:04:07Z
SubmitPartialDecryption,162,b093ed3fe794ff88825ad44464a23d9407e714900c26c57db8cd25429297fb37,534,63ebe817839e29e7321132bd900f20f0bb608697883cd2e1b124dd57427f3330,fc6586190fd8b9ef538ffa30f2e8ac947585831b3e21da64835fc61802ecc7f6,aae26fdf6d1daace621475b16ee120593dbe0158609d2df092bce18d7a1ba47c,2026-09-30T18:04:07Z
SubmitPartialDecryption,173,057258eadc59bcafd55aec4360167b2d282d6300e5afa139965c91e056073502,534,63ebe817839e29e7321132bd900f20f0bb608697883cd2e1b124dd57427f3330,fc6586190fd8b9ef538ffa30f2e8ac947585831b3e21da64835fc61802ecc7f6,aae26fdf6d1daace621475b16ee120593dbe0158609d2df092bce18d7a1ba47c,2026-09-30T18:04:07Z
SubmitPartialDecryption,171,f373876603c29af4799789924b7dc4d099befcb1c113ccd8584bf2ce970d8884,534,63ebe817839e29e7321132bd900f20f0bb608697883cd2e1b124dd57427f3330,fc6586190fd8b9ef538ffa30f2e8ac947585831b3e21da64835fc61802ecc7f6,aae26fdf6d1daace621475b16ee120593dbe0158609d2df092bce18d7a1ba47c,2026-09-30T18:04:07Z
SubmitPartialDecryption,170,32997be77fd9b03a722118bdd32265d6a952cbf27ad2c14d943ae1bb27e4faa2,534,63ebe817839e29e7321132bd900f20f0bb608697883cd2e1b124dd57427f3330,fc6586190fd8b9ef538ffa30f2e8ac947585831b3e21da64835fc61802ecc7f6,aae26fdf6d1daace621475b16ee120593dbe0158609d2df092bce18d7a1ba47c,2026-09-30T18:04:07Z
SubmitPartialDecryption,164,cceff1169395b5473c1352585ed8affb1f686161d8e344e5638badf13b8dd970,534,63ebe817839e29e7321132bd900f20f0bb608697883cd2e1b124dd57427f3330,fc6586190fd8b9ef538ffa30f2e8ac947585831b3e21da64835fc61802ecc7f6,aae26fdf6d1daace621475b16ee120593dbe0158609d2df092bce18d7a1ba47c,2026-09-30T18:04:07Z
SubmitPartialDecryption,174,610c06b585dd5a157060ecf6482b14bf8523c001277bb5864042e36a11017c6d,534,63ebe817839e29e7321132bd900f20f0bb608697883cd2e1b124dd57427f3330,fc6586190fd8b9ef538ffa30f2e8ac947585831b3e21da64835fc61802ecc7f6,aae26fdf6d1daace621475b16ee120593dbe0158609d2df092bce18d7a1ba47c,2026-09-30T18:04:07Z
SubmitPartialDecryption,167,a434c9c93b1f743126bbd4058a270579cfa216837845cb636b8328461823e3d7,534,63ebe817839e29e7321132bd900f20f0bb608697883cd2e1b124dd57427f3330,fc6586190fd8b9ef538ffa30f2e8ac947585831b3e21da64835fc61802ecc7f6,aae26fdf6d1daace621475b16ee120593dbe0158609d2df092bce18d7a1ba47c,2026-09-30T18:04:07Z
SubmitPartialDecryption,177,2f82dc6c0c878ce88a52da058171c9d9c3673780454b1488703ab4b11e13b077,535,410b623ce1830aafdcefeda21f53775b5849257859d17fe83434fd28292debb9,cca40de894cbe073dd5eae5d320284ef3592ab00e99542592629be5312fc424c,63ebe817839e29e7321132bd900f20f0bb608697883cd2e1b124dd57427f3330,2026-09-30T18:04:09Z
SubmitPartialDecryption,189,ff3dd0199a17f1840a1afb2d6864c2fa78eeb684bf64ff19c08348d882a05bb7,535,410b623ce1830aafdcefeda21f53775b5849257859d17fe83434fd28292debb9,cca40de894cbe073dd5eae5d320284ef3592ab00e99542592629be5312fc424c,63ebe817839e29e7321132bd900f20f0bb608697883cd2e1b124dd57427f3330,2026-09-30T18:04:09Z
SubmitPartialDecryption,184,1f5c54f26c9b7ff75a9329fd3a8f2927c3bb35cb4b7004b2f9dbb924db9f46d7,535,410b623ce1830aafdcefeda21f53775b5849257859d17fe83434fd28292debb9,cca40de894cbe073dd5eae5d320284ef3592ab00e99542592629be5312fc424c,63ebe817839e29e7321132bd900f20f0bb608697883cd2e1b124dd57427f3330,2026-09-30T18:04:09Z
SubmitPartialDecryption,180,54b0261025b3a017b39122180fa4f81f834d30a1594b08f0de6fb1b598067d34,535,410b623ce1830aafdcefeda21f53775b5849257859d17fe83434fd28292debb9,cca40de894cbe073dd5eae5d320284ef3592ab00e99542592629be5312fc424c,63ebe817839e29e7321132bd900f20f0bb608697883cd2e1b124dd57427f3330,2026-09-30T18:04:09Z
SubmitPartialDecryption,183,dd7b3c44df8b1d4a6ed781590f8761def2495aefc132cbc33ff87ec0db6021ac,535,410b623ce1830aafdcefeda21f53775b5849257859d17fe83434fd28292debb9,cca40de894cbe073dd5eae5d320284ef3592ab00e99542592629be5312fc424c,63ebe817839e29e7321132bd900f20f0bb608697883cd2e1b124dd57427f3330,2026-09-30T18:04:09Z
SubmitPartialDecryption,190,207dff4762363408ef05f486f009ad4659591f05346640e9623106919684cce3,535,410b623ce1830aafdcefeda21f53775b5849257859d17fe83434fd28292debb9,cca40de894cbe073dd5eae5d320284ef3592ab00e99542592629be5312fc424c,63ebe817839e29e7321132bd900f20f0bb608697883cd2e1b124dd57427f3330,2026-09-30T18:04:09Z
SubmitPartialDecryption,188,5c06a08cbd7c88f09f73dc5291559c8747ea9233d83d6d261364e44ace275bd5,535,410b623ce1830aafdcefeda21f53775b5849257859d17fe83434fd28292debb9,cca40de894cbe073dd5eae5d320284ef3592ab00e99542592629be5312fc424c,63ebe817839e29e7321132bd900f20f0bb608697883cd2e1b124dd57427f3330,2026-09-30T18:04:09Z
SubmitPartialDecryption,185,67c850b2e7211d3897e9d035e2240490e4536438d4ef293aab5678691d254163,535,410b623ce1830aafdcefeda21f53775b5849257859d17fe83434fd28292debb9,cca40de894cbe073dd5eae5d320284ef3592ab00e99542592629be5312fc424c,63ebe817839e29e7321132bd900f20f0bb608697883cd2e1b124dd57427f3330,2026-09-30T18:04:09Z
SubmitPartialDecryption,186,96e69a35948e72da9548a255fd23c3ff3222360f0c537f679d99e616bb225f5c,535,410b623ce1830aafdcefeda21f53775b5849257859d17fe83434fd28292debb9,cca40de894cbe073dd5eae5d320284ef3592ab00e99542592629be5312fc424c,63ebe817839e29e7321132bd900f20f0bb608697883cd2e1b124dd57427f3330,2026-09-30T18:04:09Z
SubmitPartialDecryption,191,3c9fd035372caed07789a26c5fb5a137527c91d1ea550c63f16676f47922bf74,535,410b623ce1830aafdcefeda21f53775b5849257859d17fe83434fd28292debb9,cca40de894cbe073dd5eae5d320284ef3592ab00e99542592629be5312fc424c,63ebe817839e29e7321132bd900f20f0bb608697883cd2e1b124dd57427f3330,2026-09-30T18:04:09Z
SubmitPartialDecryption,181,3a5c1f5aaa2fd095982ee16a7485c06883b84c13123272a6f60bde3364cde3f6,535,410b623ce1830aafdcefeda21f53775b5849257859d17fe83434fd28292debb9,cca40de894cbe073dd5eae5d320284ef3592ab00e99542592629be5312fc424c,63ebe817839e29e7321132bd900f20f0bb608697883cd2e1b124dd57427f3330,2026-09-30T18:04:09Z
SubmitPartialDecryption,187,df14630d4384f1936d440d78d16d5eac09689ad805e79c98138fec5d421198cd,535,410b623ce1830aafdcefeda21f53775b5849257859d17fe83434fd28292debb9,cca40de894cbe073dd5eae5d320284ef3592ab00e99542592629be5312fc424c,63ebe817839e29e7321132bd900f20f0bb608697883cd2e1b124dd57427f3330,2026-09-30T18:04:09Z
SubmitPartialDecryption,179,8cc2c7d7a3965a993f97861b79693c973b3fe5f7ece6a0bba7d2b68bc8902b9a,535,410b623ce1830aafdcefeda21f53775b5849257859d17fe83434fd28292debb9,cca40de894cbe073dd5eae5d320284ef3592ab00e99542592629be5312fc424c,63ebe817839e29e7321132bd900f20f0bb608697883cd2e1b124dd57427f3330,2026-09-30T18:04:09Z
SubmitPartialDecryption,176,e5d57f097de1b506a1e6772a7cfc3b499abacfabdfbdc14a4c4c12613a37e28e,535,410b623ce1830aafdcefeda21f53775b5849257859d17fe83434fd28292debb9,cca40de894cbe073dd5eae5d320284ef3592ab00e99542592629be5312fc424c,63ebe817839e29e7321132bd900f20f0bb608697883cd2e1b124dd57427f3330,2026-09-30T18:04:09Z
SubmitPartialDecryption,178,86a00845b43b1710bba340f83528e3dcf20b27b03531ebec968c3f289166cd7c,535,410b623ce1830aafdcefeda21f53775b5849257859d17fe83434fd28292debb9,cca40de894cbe073dd5eae5d320284ef3592ab00e99542592629be5312fc424c,63ebe817839e29e7321132bd900f20f0bb608697883cd2e1b124dd57427f3330,2026-09-30T18:04:09Z
SubmitPartialDecryption,182,f941e231f024f47a4f7bb385d24d4ce4097b7326dc4fb16b766a5b5f411d80fc,535,410b623ce1830aafdcefeda21f53775b5849257859d17fe83434fd28292debb9,cca40de894cbe073dd5eae5d320284ef3592ab00e99542592629be5312fc424c,63ebe817839e29e7321132bd900f20f0bb608697883cd2e1b124dd57427f3330,2026-09-30T18:04:09Z
SubmitPartialDecryption,200,83a579ed3093412d36f6413069280dde805d0f34260d82043f48d0e670c0655c,536,43699302cebf3366f7487128fe8dfd8f193e876799b89b89cc3c100f79e07a1c,9273287a472f341bedcc375c06f694d7f39c054d6f2d032877ccefc7944c8af2,410b623ce1830aafdcefeda21f53775b5849257859d17fe83434fd28292debb9,2026-09-30T18:04:11Z
SubmitPartialDecryption,195,bf23cad96926e3ded65060dac651e6c269f44f37273014c29ecbcdff90c188c2,536,43699302cebf3366f7487128fe8dfd8f193e876799b89b89cc3c100f79e07a1c,9273287a472f341bedcc375c06f694d7f39c054d6f2d032877ccefc7944c8af2,410b623ce1830aafdcefeda21f53775b5849257859d17fe83434fd28292debb9,2026-09-30T18:04:11Z
SubmitPartialDecryption,203,59073f68cfbdae942073c046779ab2bdb2f4ea546ac5022696f4e2f5356caf59,536,43699302cebf3366f7487128fe8dfd8f193e876799b89b89cc3c100f79e07a1c,9273287a472f341bedcc375c06f694d7f39c054d6f2d032877ccefc7944c8af2,410b623ce1830aafdcefeda21f53775b5849257859d17fe83434fd28292debb9,2026-09-30T18:04:11Z
SubmitPartialDecryption,194,2a52a6a58222b9f2e47449bcbc92a0cad7d3058669a4ec5dd3d46d2622a0ddd5,536,43699302cebf3366f7487128fe8dfd8f193e876799b89b89cc3c100f79e07a1c,9273287a472f341bedcc375c06f694d7f39c054d6f2d032877ccefc7944c8af2,410b623ce1830aafdcefeda21f53775b5849257859d17fe83434fd28292debb9,2026-09-30T18:04:11Z
SubmitPartialDecryption,204,60ef9c2fbb0c57ec684ac49438c1573ba4af1d92c13096c56bd899aa0fb478fd,536,43699302cebf3366f7487128fe8dfd8f193e876799b89b89cc3c100f79e07a1c,9273287a472f341bedcc375c06f694d7f39c054d6f2d032877ccefc7944c8af2,410b623ce1830aafdcefeda21f53775b5849257859d17fe83434fd28292debb9,2026-09-30T18:04:11Z
SubmitPartialDecryption,205,c04563c1b94ae3c739c2b37a407abb91c95623878e7dd551f5f8f1af5896a3e2,536,43699302cebf3366f7487128fe8dfd8f193e876799b89b89cc3c100f79e07a1c,9273287a472f341bedcc375c06f694d7f39c054d6f2d032877ccefc7944c8af2,410b623ce1830aafdcefeda21f53775b5849257859d17fe83434fd28292debb9,2026-09-30T18:04:11Z
SubmitPartialDecryption,196,d6124294afd382473f5acccc4338935f2911927bc78c231d39e3fa9d20506582,536,43699302cebf3366f7487128fe8dfd8f193e876799b89b89cc3c100f79e07a1c,9273287a472f341bedcc375c06f694d7f39c054d6f2d032877ccefc7944c8af2,410b623ce1830aafdcefeda21f53775b5849257859d17fe83434fd28292debb9,2026-09-30T18:04:11Z
SubmitPartialDecryption,207,093664c17294a8601c1f96412f231cd13735056b79b1876a69889c796140f3ac,536,43699302cebf3366f7487128fe8dfd8f193e876799b89b89cc3c100f79e07a1c,9273287a472f341bedcc375c06f694d7f39c054d6f2d032877ccefc7944c8af2,410b623ce1830aafdcefeda21f53775b5849257859d17fe83434fd28292debb9,2026-09-30T18:04:11Z
SubmitPartialDecryption,201,547a2329d851ca989742af2220749d70d445a7fc058f74e9d0a258501c831bad,536,43699302cebf3366f7487128fe8dfd8f193e876799b89b89cc3c100f79e07a1c,9273287a472f341bedcc375c06f694d7f39c054d6f2d032877ccefc7944c8af2,410b623ce1830aafdcefeda21f53775b5849257859d17fe83434fd28292debb9,2026-09-30T18:04:11Z
SubmitPartialDecryption,197,57d32f7b76855ba3f274b5138742a4aededa6a7e334a57be23a04ad26d14c718,536,43699302cebf3366f7487128fe8dfd8f193e876799b89b89cc3c100f79e07a1c,9273287a472f341bedcc375c06f694d7f39c054d6f2d032877ccefc7944c8af2,410b623ce1830aafdcefeda21f53775b5849257859d17fe83434fd28292debb9,2026-09-30T18:04:11Z
SubmitPartialDecryption,199,a24d43f1d9883325b008d51b7f2a066432e67bc80f08addb73d947dfdcfa21dd,536,43699302cebf3366f7487128fe8dfd8f193e876799b89b89cc3c100f79e07a1c,9273287a472f341bedcc375c06f694d7f39c054d6f2d032877ccefc7944c8af2,410b623ce1830aafdcefeda21f53775b5849257859d17fe83434fd28292debb9,2026-09-30T18:04:11Z
SubmitPartialDecryption,193,5b3dffe44453e2ac90f6ac34d27065acbb9f2ada470ef7694b9c2498fb9c5e82,536,43699302cebf3366f7487128fe8dfd8f193e876799b89b89cc3c100f79e07a1c,9273287a472f341bedcc375c06f694d7f39c054d6f2d032877ccefc7944c8af2,410b623ce1830aafdcefeda21f53775b5849257859d17fe83434fd28292debb9,2026-09-30T18:04:11Z
SubmitPartialDecryption,192,1b9a569d2bb55c93a6c1e0612d0db352a200d34451b60b7a9062f6320c5fcccc,536,43699302cebf3366f7487128fe8dfd8f193e876799b89b89cc3c100f79e07a1c,9273287a472f341bedcc375c06f694d7f39c054d6f2d032877ccefc7944c8af2,410b623ce1830aafdcefeda21f53775b5849257859d17fe83434fd28292debb9,2026-09-30T18:04:11Z
SubmitPartialDecryption,202,92c7b0b0690d03b3b8ae54139b4670404aa6a37d9c40d5f4d0ce291cce8d4b66,536,43699302cebf3366f7487128fe8dfd8f193e876799b89b89cc3c100f79e07a1c,9273287a472f341bedcc375c06f694d7f39c054d6f2d032877ccefc7944c8af2,410b623ce1830aafdcefeda21f53775b5849257859d17fe83434fd28292debb9,2026-09-30T18:04:11Z
SubmitPartialDecryption,206,53ab05e62d12e5eadff99957eb25367dc6dd16e8a15c74c57b44059185dfe195,536,43699302cebf3366f7487128fe8dfd8f193e876799b89b89cc3c100f79e07a1c,9273287a472f341bedcc375c06f694d7f39c054d6f2d032877ccefc7944c8af2,410b623ce1830aafdcefeda21f53775b5849257859d17fe83434fd28292debb9,2026-09-30T18:04:11Z
SubmitPartialDecryption,198,b06e03a6880cd34bc5e25e93993dffa20188f8f89fe69f9a09ded2766179384d,536,43699302cebf3366f7487128fe8dfd8f193e876799b89b89cc3c100f79e07a1c,9273287a472f341bedcc375c06f694d7f39c054d6f2d032877ccefc7944c8af2,410b623ce1830aafdcefeda21f53775b5849257859d17fe83434fd28292debb9,2026-09-30T18:04:11Z
SubmitPartialDecryption,213,1e6a845523ab38f85b51c91545daaafa51cd863199e4489ea6727db6834bbffc,537,2f6a5be46c1e4ae203e294bcc58b1e0651df110e6fad172b575f42d47360aed0,8edab9b03fe8f5548540aa077861e64b59b1f08530f41414ecbe8d3195cbb4b1,43699302cebf3366f7487128fe8dfd8f193e876799b89b89cc3c100f79e07a1c,2026-09-30T18:04:15Z
SubmitPartialDecryption,208,c296f7b3ba7805992f00b761f7b4c53be9bf6ddd4059980ea91d7ec8dd0298cf,537,2f6a5be46c1e4ae203e294bcc58b1e0651df110e6fad172b575f42d47360aed0,8edab9b03fe8f5548540aa077861e64b59b1f08530f41414ecbe8d3195cbb4b1,43699302cebf3366f7487128fe8dfd8f193e876799b89b89cc3c100f79e07a1c,2026-09-30T18:04:15Z
SubmitPartialDecryption,219,317609933893a61d4fd73487adf0d6a63890fe2c89aab8aae4fde089e2edb305,537,2f6a5be46c1e4ae203e294bcc58b1e0651df110e6fad172b575f42d47360aed0,8edab9b03fe8f5548540aa077861e64b59b1f08530f41414ecbe8d3195cbb4b1,43699302cebf3366f7487128fe8dfd8f193e876799b89b89cc3c100f79e07a1c,2026-09-30T18:04:15Z
SubmitPartialDecryption,214,1f6d134cd753a27df89d8d09c9b9ad0989b361104e95c4370d0a2c7d5009a8ab,537,2f6a5be46c1e4ae203e294bcc58b1e0651df110e6fad172b575f42d47360aed0,8edab9b03fe8f5548540aa077861e64b59b1f08530f41414ecbe8d3195cbb4b1,43699302cebf3366f7487128fe8dfd8f193e876799b89b89cc3c100f79e07a1c,2026-09-30T18:04:15Z
SubmitPartialDecryption,211,18067f40dd17e135fdb9f1e29f4526a62fd4c7e3a73fe4ed980ccbc092cb7d5d,537,2f6a5be46c1e4ae203e294bcc58b1e0651df110e6fad172b575f42d47360aed0,8edab9b03fe8f5548540aa077861e64b59b1f08530f41414ecbe8d3195cbb4b1,43699302cebf3366f7487128fe8dfd8f193e876799b89b89cc3c100f79e07a1c,2026-09-30T18:04:15Z
SubmitPartialDecryption,217,a6d5462eaf37cf22cea5e9f7e57aac81eea3663cef2693fe3a560b69ed68c542,537,2f6a5be46c1e4ae203e294bcc58b1e0651df110e6fad172b575f42d47360aed0,8edab9b03fe8f5548540aa077861e64b59b1f08530f41414ecbe8d3195cbb4b1,43699302cebf3366f7487128fe8dfd8f193e876799b89b89cc3c100f79e07a1c,2026-09-30T18:04:15Z
SubmitPartialDecryption,223,ab5589d2f4942261d3770ae66b40e56e355f003789b8fd9abf45079536dcaca4,537,2f6a5be46c1e4ae203e294bcc58b1e0651df110e6fad172b575f42d47360aed0,8edab9b03fe8f5548540aa077861e64b59b1f08530f41414ecbe8d3195cbb4b1,43699302cebf3366f7487128fe8dfd8f193e876799b89b89cc3c100f79e07a1c,2026-09-30T18:04:15Z
SubmitPartialDecryption,220,adeb4cecc9801d79659ec5ec232f263bbae68c53956c4b0d737b0f857e85407b,537,2f6a5be46c1e4ae203e294bcc58b1e0651df110e6fad172b575f42d47360aed0,8edab9b03fe8f5548540aa077861e64b59b1f08530f41414ecbe8d3195cbb4b1,43699302cebf3366f7487128fe8dfd8f193e876799b89b89cc3c100f79e07a1c,2026-09-30T18:04:15Z
SubmitPartialDecryption,215,395a2f740d47df8b57e3760fef58ec31cf484a44a51178afc13831645bc9c3cd,537,2f6a5be46c1e4ae203e294bcc58b1e0651df110e6fad172b575f42d47360aed0,8edab9b03fe8f5548540aa077861e64b59b1f08530f41414ecbe8d3195cbb4b1,43699302cebf3366f7487128fe8dfd8f193e876799b89b89cc3c100f79e07a1c,2026-09-30T18:04:15Z
SubmitPartialDecryption,210,5cd7d39d1d04e6cfd6e8454c2dbc4cd8ed3c7135116a9e5841e9b2218a4294e7,537,2f6a5be46c1e4ae203e294bcc58b1e0651df110e6fad172b575f42d47360aed0,8edab9b03fe8f5548540aa077861e64b59b1f08530f41414ecbe8d3195cbb4b1,43699302cebf3366f7487128fe8dfd8f193e876799b89b89cc3c100f79e07a1c,2026-09-30T18:04:15Z
SubmitPartialDecryption,209,d234bb9ed9bda3ba0e7bc572819862e4abbc01de27ff716b00f8517366172b7c,537,2f6a5be46c1e4ae203e294bcc58b1e0651df110e6fad172b575f42d47360aed0,8edab9b03fe8f5548540aa077861e64b59b1f08530f41414ecbe8d3195cbb4b1,43699302cebf3366f7487128fe8dfd8f193e876799b89b89cc3c100f79e07a1c,2026-09-30T18:04:15Z
SubmitPartialDecryption,218,3bd12bb44fa8043e76b1990c039221820a08df70c01f148ef197615fa6db84ef,537,2f6a5be46c1e4ae203e294bcc58b1e0651df110e6fad172b575f42d47360aed0,8edab9b03fe8f5548540aa077861e64b59b1f08530f41414ecbe8d3195cbb4b1,43699302cebf3366f7487128fe8dfd8f193e876799b89b89cc3c100f79e07a1c,2026-09-30T18:04:15Z
SubmitPartialDecryption,222,566fa7bd4c870099dda592778d79a99927bebacdd31b1e92ec2bf99e89de53ee,537,2f6a5be46c1e4ae203e294bcc58b1e0651df110e6fad172b575f42d47360aed0,8edab9b03fe8f5548540aa077861e64b59b1f08530f41414ecbe8d3195cbb4b1,43699302cebf3366f7487128fe8dfd8f193e876799b89b89cc3c100f79e07a1c,2026-09-30T18:04:15Z
SubmitPartialDecryption,212,8042ab31e66fb1fa7a231582135848e9f4d00093f8a1c060aa845c3b79e2ad4e,537,2f6a5be46c1e4ae203e294bcc58b1e0651df110e6fad172b575f42d47360aed0,8edab9b03fe8f5548540aa077861e64b59b1f08530f41414ecbe8d3195cbb4b1,43699302cebf3366f7487128fe8dfd8f193e876799b89b89cc3c100f79e07a1c,2026-09-30T18:04:15Z
SubmitPartialDecryption,221,e91f153f74d2561a6a36d952f06ccc6a313596378ce47b831d8afe5b19b42a2f,537,2f6a5be46c1e4ae203e294bcc58b1e0651df110e6fad172b575f42d47360aed0,8edab9b03fe8f5548540aa077861e64b59b1f08530f41414ecbe8d3195cbb4b1,43699302cebf3366f7487128fe8dfd8f193e876799b89b89cc3c100f79e07a1c,2026-09-30T18:04:15Z
SubmitPartialDecryption,216,f126e36b21a99479f813345554420501f110a83f3c431f14fa7f903e0033f4b9,537,2f6a5be46c1e4ae203e294bcc58b1e0651df110e6fad172b575f42d47360aed0,8edab9b03fe8f5548540aa077861e64b59b1f08530f41414ecbe8d3195cbb4b1,43699302cebf3366f7487128fe8dfd8f193e876799b89b89cc3c100f79e07a1c,2026-09-30T18:04:15Z
SubmitPartialDecryption,234,a49e6eb40f0c02a417967b8214063e62ae14e09727f5700686cda9321ed9dcdf,538,b3355e3a3204818ce9fe75816d26ae1fd7896a72b9955348c8b09718dd135be4,1c42d1e0e5d698088e115e0313a592d9875b02ea9c3158f36365a9e315bb0d38,2f6a5be46c1e4ae203e294bcc58b1e0651df110e6fad172b575f42d47360aed0,2026-09-30T18:04:17Z
SubmitPartialDecryption,239,e85111f66e8ee1d6bd13fca21141f782095dc0f22ff9566a2c7cb48928da513c,538,b3355e3a3204818ce9fe75816d26ae1fd7896a72b9955348c8b09718dd135be4,1c42d1e0e5d698088e115e0313a592d9875b02ea9c3158f36365a9e315bb0d38,2f6a5be46c1e4ae203e294bcc58b1e0651df110e6fad172b575f42d47360aed0,2026-09-30T18:04:17Z
SubmitPartialDecryption,231,16eb72009b6580038963520e962f60231a3de6bc3e5fd6ba76dcb09e1d58f715,538,b3355e3a3204818ce9fe75816d26ae1fd7896a72b9955348c8b09718dd135be4,1c42d1e0e5d698088e115e0313a592d9875b02ea9c3158f36365a9e315bb0d38,2f6a5be46c1e4ae203e294bcc58b1e0651df110e6fad172b575f42d47360aed0,2026-09-30T18:04:17Z
SubmitPartialDecryption,238,64b2d4850320bde9092a52a2c0fb7f0bb6c0b1e629631ec884f812370cfb39ed,538,b3355e3a3204818ce9fe75816d26ae1fd7896a72b9955348c8b09718dd135be4,1c42d1e0e5d698088e115e0313a592d9875b02ea9c3158f36365a9e315bb0d38,2f6a5be46c1e4ae203e294bcc58b1e0651df110e6fad172b575f42d47360aed0,2026-09-30T18:04:17Z
SubmitPartialDecryption,224,e98d1d359b3a03eafe9e6fba5b6decc037b34ccd858f5cfde817650f58764a7b,538,b3355e3a3204818ce9fe75816d26ae1fd7896a72b9955348c8b09718dd135be4,1c42d1e0e5d698088e115e0313a592d9875b02ea9c3158f36365a9e315bb0d38,2f6a5be46c1e4ae203e294bcc58b1e0651df110e6fad172b575f42d47360aed0,2026-09-30T18:04:17Z
SubmitPartialDecryption,233,473c11e7434ce061484148b20cc10877821511a051bf4983cb0a85f4ee061fb6,538,b3355e3a3204818ce9fe75816d26ae1fd7896a72b9955348c8b09718dd135be4,1c42d1e0e5d698088e115e0313a592d9875b02ea9c3158f36365a9e315bb0d38,2f6a5be46c1e4ae203e294bcc58b1e0651df110e6fad172b575f42d47360aed0,2026-09-30T18:04:17Z
SubmitPartialDecryption,228,f576c1f85edd01d2fa60d2eb140d8b369a6e953926b8e38047cbfcab1360c0a2,538,b3355e3a3204818ce9fe75816d26ae1fd7896a72b9955348c8b09718dd135be4,1c42d1e0e5d698088e115e0313a592d9875b02ea9c3158f36365a9e315bb0d38,2f6a5be46c1e4ae203e294bcc58b1e0651df110e6fad172b575f42d47360aed0,2026-09-30T18:04:17Z
SubmitPartialDecryption,237,aaeaa8f9628ada20b41dac3d7afcf48070ce80ca73401d24f2525bad70063898,538,b3355e3a3204818ce9fe75816d26ae1fd7896a72b9955348c8b09718dd135be4,1c42d1e0e5d698088e115e0313a592d9875b02ea9c3158f36365a9e315bb0d38,2f6a5be46c1e4ae203e294bcc58b1e0651df110e6fad172b575f42d47360aed0,2026-09-30T18:04:17Z
SubmitPartialDecryption,235,dff1cda34aeac8b245155743b21265312f202f45ccf20c0e76ca2949d044efab,538,b3355e3a3204818ce9fe75816d26ae1fd7896a72b9955348c8b09718dd135be4,1c42d1e0e5d698088e115e0313a592d9875b02ea9c3158f36365a9e315bb0d38,2f6a5be46c1e4ae203e294bcc58b1e0651df110e6fad172b575f42d47360aed0,2026-09-30T18:04:17Z
SubmitPartialDecryption,232,5b301f359121b5191db4f14974b5146ad6dc52dd1e980b33a882666e9e2a7692,538,b3355e3a3204818ce9fe75816d26ae1fd7896a72b9955348c8b09718dd135be4,1c42d1e0e5d698088e115e0313a592d9875b02ea9c3158f36365a9e315bb0d38,2f6a5be46c1e4ae203e294bcc58b1e0651df110e6fad172b575f42d47360aed0,2026-09-30T18:04:17Z
SubmitPartialDecryption,230,ed52817012022faa51dcce40cbb39b046b5e98a0cc8389dc4d1675c1ea998edb,538,b3355e3a3204818ce9fe75816d26ae1fd7896a72b9955348c8b09718dd135be4,1c42d1e0e5d698088e115e0313a592d9875b02ea9c3158f36365a9e315bb0d38,2f6a5be46c1e4ae203e294bcc58b1e0651df110e6fad172b575f42d47360aed0,2026-09-30T18:04:17Z
SubmitPartialDecryption,227,048b62154d18d31f8fd63371fcd187a49a08dd86aa30fa7fa2c180da371f3a1c,538,b3355e3a3204818ce9fe75816d26ae1fd7896a72b9955348c8b09718dd135be4,1c42d1e0e5d698088e115e0313a592d9875b02ea9c3158f36365a9e315bb0d38,2f6a5be46c1e4ae203e294bcc58b1e0651df110e6fad172b575f42d47360aed0,2026-09-30T18:04:17Z
SubmitPartialDecryption,225,5f63a635a6967b652c2358f77aa1c5499449f60f91264b054188fcf1b43b70ad,538,b3355e3a3204818ce9fe75816d26ae1fd7896a72b9955348c8b09718dd135be4,1c42d1e0e5d698088e115e0313a592d9875b02ea9c3158f36365a9e315bb0d38,2f6a5be46c1e4ae203e294bcc58b1e0651df110e6fad172b575f42d47360aed0,2026-09-30T18:04:17Z
SubmitPartialDecryption,226,8d6ff4a4dc87bdbd7b841ac34ff31b08968847859e28864b5fe4d5485f95c7c7,538,b3355e3a3204818ce9fe75816d26ae1fd7896a72b9955348c8b09718dd135be4,1c42d1e0e5d698088e115e0313a592d9875b02ea9c3158f36365a9e315bb0d38,2f6a5be46c1e4ae203e294bcc58b1e0651df110e6fad172b575f42d47360aed0,2026-09-30T18:04:17Z
SubmitPartialDecryption,229,1ad8ca8d31a8f8cd9d57a0bed496a1f7754d18ec79814030d4584074925c9ed0,538,b3355e3a3204818ce9fe75816d26ae1fd7896a72b9955348c8b09718dd135be4,1c42d1e0e5d698088e115e0313a592d9875b02ea9c3158f36365a9e315bb0d38,2f6a5be46c1e4ae203e294bcc58b1e0651df110e6fad172b575f42d47360aed0,2026-09-30T18:04:17Z
SubmitPartialDecryption,236,aaed4087107643e31b416c0e437fd4cf99ddcaf0fe591e553b67d56ff87ec7dc,538,b3355e3a3204818ce9fe75816d26ae1fd7896a72b9955348c8b09718dd135be4,1c42d1e0e5d698088e115e0313a592d9875b02ea9c3158f36365a9e315bb0d38,2f6a5be46c1e4ae203e294bcc58b1e0651df110e6fad172b575f42d47360aed0,2026-09-30T18:04:17Z
SubmitPartialDecryption,243,b165ffdfb91f491f7c9399473b30c22b994d7d090e04dd6a79e8ccc55d67f824,539,f74ce75df8f1e311e2d38f558b35e182b099ab22f98dedb256e12ec56a539c5b,d8108ebb33648525b32cad6b2dd895e667f2002fcb3e044281a8c9bf34411a01,b3355e3a3204818ce9fe75816d26ae1fd7896a72b9955348c8b09718dd135be4,2026-09-30T18:04:19Z
SubmitPartialDecryption,249,9ccf30669c18c5e30bbaab0d6ea1d8b84fee44c220ad747c0e8c1615ed96cddc,539,f74ce75df8f1e311e2d38f558b35e182b099ab22f98dedb256e12ec56a539c5b,d8108ebb33648525b32cad6b2dd895e667f2002fcb3e044281a8c9bf34411a01,b3355e3a3204818ce9fe75816d26ae1fd7896a72b9955348c8b09718dd135be4,2026-09-30T18:04:19Z
SubmitPartialDecryption,252,c880f1117a01243ce499f1a3fcbf7994d03661f2720cfe2791f51a7671523211,539,f74ce75df8f1e311e2d38f558b35e182b099ab22f98dedb256e12ec56a539c5b,d8108ebb33648525b32cad6b2dd895e667f2002fcb3e044281a8c9bf34411a01,b3355e3a3204818ce9fe75816d26ae1fd7896a72b9955348c8b09718dd135be4,2026-09-30T18:04:19Z
SubmitPartialDecryption,250,ca1c8d8dc5dc9a77e213ccafffe5513013985e0c36c6aa37b5447e140fd1f2e0,539,f74ce75df8f1e311e2d38f558b35e182b099ab22f98dedb256e12ec56a539c5b,d8108ebb33648525b32cad6b2dd895e667f2002fcb3e044281a8c9bf34411a01,b3355e3a3204818ce9fe75816d26ae1fd7896a72b9955348c8b09718dd135be4,2026-09-30T18:04:19Z
SubmitPartialDecryption,241,d3ea5dd80357953f689b3a695eb84304e427dc016d6d4f47b5add95d6e3a707f,539,f74ce75df8f1e311e2d38f558b35e182b099ab22f98dedb256e12ec56a539c5b,d8108ebb33648525b32cad6b2dd895e667f2002fcb3e044281a8c9bf34411a01,b3355e3a3204818ce9fe75816d26ae1fd7896a72b9955348c8b09718dd135be4,2026-09-30T18:04:19Z
SubmitPartialDecryption,240,66e97e178e1a8997436e453f47e9dec1e95f0480c8238f9c1a8ae828c71b748e,539,f74ce75df8f1e311e2d38f558b35e182b099ab22f98dedb256e12ec56a539c5b,d8108ebb33648525b32cad6b2dd895e667f2002fcb3e044281a8c9bf34411a01,b3355e3a3204818ce9fe75816d26ae1fd7896a72b9955348c8b09718dd135be4,2026-09-30T18:04:19Z
SubmitPartialDecryption,247,85ba9b8b249c72b08f68e792a8ad3f19bc88d36fe916558fc99402cbd38243fc,539,f74ce75df8f1e311e2d38f558b35e182b099ab22f98dedb256e12ec56a539c5b,d8108ebb33648525b32cad6b2dd895e667f2002fcb3e044281a8c9bf34411a01,b3355e3a3204818ce9fe75816d26ae1fd7896a72b9955348c8b09718dd135be4,2026-09-30T18:04:19Z
SubmitPartialDecryption,251,08263f65ef901059e68d8bbb52f328abc33b9d6644014f40e114ce2a91d94fce,539,f74ce75df8f1e311e2d38f558b35e182b099ab22f98dedb256e12ec56a539c5b,d8108ebb33648525b32cad6b2dd895e667f2002fcb3e044281a8c9bf34411a01,b3355e3a3204818ce9fe75816d26ae1fd7896a72b9955348c8b09718dd135be4,2026-09-30T18:04:19Z
SubmitPartialDecryption,248,207877e504fc3e315a3a3c1b4cb51f4382a5baebef92c3397d3d9b96c94a4536,539,f74ce75df8f1e311e2d38f558b35e182b099ab22f98dedb256e12ec56a539c5b,d8108ebb33648525b32cad6b2dd895e667f2002fcb3e044281a8c9bf34411a01,b3355e3a3204818ce9fe75816d26ae1fd7896a72b9955348c8b09718dd135be4,2026-09-30T18:04:19Z
SubmitPartialDecryption,246,6f512196faf0d5c0a1f253c44f9776862b9273e8c2bf8b07341d32ca01651bf4,539,f74ce75df8f1e311e2d38f558b35e182b099ab22f98dedb256e12ec56a539c5b,d8108ebb33648525b32cad6b2dd895e667f2002fcb3e044281a8c9bf34411a01,b3355e3a3204818ce9fe75816d26ae1fd7896a72b9955348c8b09718dd135be4,2026-09-30T18:04:19Z
SubmitPartialDecryption,255,ecb3cb4cb389f42ebc802db8078ff8a3b808f88403dda031a201d0b158ed4b03,539,f74ce75df8f1e311e2d38f558b35e182b099ab22f98dedb256e12ec56a539c5b,d8108ebb33648525b32cad6b2dd895e667f2002fcb3e044281a8c9bf34411a01,b3355e3a3204818ce9fe75816d26ae1fd7896a72b9955348c8b09718dd135be4,2026-09-30T18:04:19Z
SubmitPartialDecryption,253,52f5d2be5ffd93052fcfa967640da18cd9c7d96aee5da8cbee56a8392fffc4f6,539,f74ce75df8f1e311e2d38f558b35e182b099ab22f98dedb256e12ec56a539c5b,d8108ebb33648525b32cad6b2dd895e667f2002fcb3e044281a8c9bf34411a01,b3355e3a3204818ce9fe75816d26ae1fd7896a72b9955348c8b09718dd135be4,2026-09-30T18:04:19Z
SubmitPartialDecryption,254,94b9124d16efb2dbdfab621ccd478951f14991143f9faf61352f92573d7bf367,539,f74ce75df8f1e311e2d38f558b35e182b099ab22f98dedb256e12ec56a539c5b,d8108ebb33648525b32cad6b2dd895e667f2002fcb3e044281a8c9bf34411a01,b3355e3a3204818ce9fe75816d26ae1fd7896a72b9955348c8b09718dd135be4,2026-09-30T18:04:19Z
SubmitPartialDecryption,245,634d7cdc478e8526329fe01a6a0075702f85a028fe90743a633700787b6cf1e0,539,f74ce75df8f1e311e2d38f558b35e182b099ab22f98dedb256e12ec56a539c5b,d8108ebb33648525b32cad6b2dd895e667f2002fcb3e044281a8c9bf34411a01,b3355e3a3204818ce9fe75816d26ae1fd7896a72b9955348c8b09718dd135be4,2026-09-30T18:04:19Z
SubmitPartialDecryption,242,0926b190c889f0803ad2c8fcc470fda22a11d1a2a5630762bf9238802cb17280,539,f74ce75df8f1e311e2d38f558b35e182b099ab22f98dedb256e12ec56a539c5b,d8108ebb33648525b32cad6b2dd895e667f2002fcb3e044281a8c9bf34411a01,b3355e3a3204818ce9fe75816d26ae1fd7896a72b9955348c8b09718dd135be4,2026-09-30T18:04:19Z
SubmitPartialDecryption,244,b485fbc503eaa29432b86627cf0d05f3291ea57e655796f48197dac3ce2f0b1b,539,f74ce75df8f1e311e2d38f558b35e182b099ab22f98dedb256e12ec56a539c5b,d8108ebb33648525b32cad6b2dd895e667f2002fcb3e044281a8c9bf34411a01,b3355e3a3204818ce9fe75816d26ae1fd7896a72b9955348c8b09718dd135be4,2026-09-30T18:04:19Z
SubmitPartialDecryption,268,74c3d86f0900b5997d35f45d3a2c00559873484de16575b67c03de7fbd3d13f6,540,a0fb4b138bb3224c6740ddccb21687ec1496428533f8ce259763b02dd81efb6d,01fac7e312457951729e4193ef2b8a2f9ee3c74888f822d20fbb2dd6b493c35e,f74ce75df8f1e311e2d38f558b35e182b099ab22f98dedb256e12ec56a539c5b,2026-09-30T18:04:21Z
SubmitPartialDecryption,265,a8641ff71e233da8b920ca3e27eaea1de308b4466b41c390988f1e470659f421,540,a0fb4b138bb3224c6740ddccb21687ec1496428533f8ce259763b02dd81efb6d,01fac7e312457951729e4193ef2b8a2f9ee3c74888f822d20fbb2dd6b493c35e,f74ce75df8f1e311e2d38f558b35e182b099ab22f98dedb256e12ec56a539c5b,2026-09-30T18:04:21Z
SubmitPartialDecryption,257,c09ca2bf71b8a8d570d234f64a7f3f6cab39c180878e680aa6a9122e35fb2123,540,a0fb4b138bb3224c6740ddccb21687ec1496428533f8ce259763b02dd81efb6d,01fac7e312457951729e4193ef2b8a2f9ee3c74888f822d20fbb2dd6b493c35e,f74ce75df8f1e311e2d38f558b35e182b099ab22f98dedb256e12ec56a539c5b,2026-09-30T18:04:21Z
SubmitPartialDecryption,262,e40f1ab051aae09522c85ec3fd6f5318895054144828da781ae4ed7bf5df7718,540,a0fb4b138bb3224c6740ddccb21687ec1496428533f8ce259763b02dd81efb6d,01fac7e312457951729e4193ef2b8a2f9ee3c74888f822d20fbb2dd6b493c35e,f74ce75df8f1e311e2d38f558b35e182b099ab22f98dedb256e12ec56a539c5b,2026-09-30T18:04:21Z
SubmitPartialDecryption,261,bcd93864582443b7bf3c85629679101064c08ef6872aa9a5d02a860cb31388cb,540,a0fb4b138bb3224c6740ddccb21687ec1496428533f8ce259763b02dd81efb6d,01fac7e312457951729e4193ef2b8a2f9ee3c74888f822d20fbb2dd6b493c35e,f74ce75df8f1e311e2d38f558b35e182b099ab22f98dedb256e12ec56a539c5b,2026-09-30T18:04:21Z
SubmitPartialDecryption,269,d0d4bdb4529dbf999fa6374f582920b20569b00e3e5c3745aa0b3bba4045fbb5,540,a0fb4b138bb3224c6740ddccb21687ec1496428533f8ce259763b02dd81efb6d,01fac7e312457951729e4193ef2b8a2f9ee3c74888f822d20fbb2dd6b493c35e,f74ce75df8f1e311e2d38f558b35e182b099ab22f98dedb256e12ec56a539c5b,2026-09-30T18:04:21Z
SubmitPartialDecryption,258,73acf387e6689b834eb19115dca57a282a1bf391db3ee84d507b7408ab9ea208,540,a0fb4b138bb3224c6740ddccb21687ec1496428533f8ce259763b02dd81efb6d,01fac7e312457951729e4193ef2b8a2f9ee3c74888f822d20fbb2dd6b493c35e,f74ce75df8f1e311e2d38f558b35e182b099ab22f98dedb256e12ec56a539c5b,2026-09-30T18:04:21Z
SubmitPartialDecryption,256,ba243b89685ba74bfe2e35a8fc705fa7917c29b31a4d19a3bb9316b73f8d2a71,540,a0fb4b138bb3224c6740ddccb21687ec1496428533f8ce259763b02dd81efb6d,01fac7e312457951729e4193ef2b8a2f9ee3c74888f822d20fbb2dd6b493c35e,f74ce75df8f1e311e2d38f558b35e182b099ab22f98dedb256e12ec56a539c5b,2026-09-30T18:04:21Z
SubmitPartialDecryption,259,cf36543bdf0b755cfc987e28c95f14164f335012dd5a313f6bc1c2643733f472,540,a0fb4b138bb3224c6740ddccb21687ec1496428533f8ce259763b02dd81efb6d,01fac7e312457951729e4193ef2b8a2f9ee3c74888f822d20fbb2dd6b493c35e,f74ce75df8f1e311e2d38f558b35e182b099ab22f98dedb256e12ec56a539c5b,2026-09-30T18:04:21Z
SubmitPartialDecryption,267,5895acc131aeba281a79c7aab5bcc8f873298afb6a6448912973c948d4737426,540,a0fb4b138bb3224c6740ddccb21687ec1496428533f8ce259763b02dd81efb6d,01fac7e312457951729e4193ef2b8a2f9ee3c74888f822d20fbb2dd6b493c35e,f74ce75df8f1e311e2d38f558b35e182b099ab22f98dedb256e12ec56a539c5b,2026-09-30T18:04:21Z
SubmitPartialDecryption,270,3fe35b11f09514f52bf143787525d79f64fc0e561718399445fbb2668637eb4f,540,a0fb4b138bb3224c6740ddccb21687ec1496428533f8ce259763b02dd81efb6d,01fac7e312457951729e4193ef2b8a2f9ee3c74888f822d20fbb2dd6b493c35e,f74ce75df8f1e311e2d38f558b35e182b099ab22f98dedb256e12ec56a539c5b,2026-09-30T18:04:21Z
SubmitPartialDecryption,271,b45e9d88120a9ae8244ec0b25818e758b31611b442741dcc5ec16e926d0ba12c,540,a0fb4b138bb3224c6740ddccb21687ec1496428533f8ce259763b02dd81efb6d,01fac7e312457951729e4193ef2b8a2f9ee3c74888f822d20fbb2dd6b493c35e,f74ce75df8f1e311e2d38f558b35e182b099ab22f98dedb256e12ec56a539c5b,2026-09-30T18:04:21Z
SubmitPartialDecryption,266,61c78e03029972b550f9749dbbe2b3bbf04b8d6c986e65c9e8f94a3874b6f16f,540,a0fb4b138bb3224c6740ddccb21687ec1496428533f8ce259763b02dd81efb6d,01fac7e312457951729e4193ef2b8a2f9ee3c74888f822d20fbb2dd6b493c35e,f74ce75df8f1e311e2d38f558b35e182b099ab22f98dedb256e12ec56a539c5b,2026-09-30T18:04:21Z
SubmitPartialDecryption,263,90ac3a8008445c9dcc693327165ef0bf65f234f6c8e9e16e4566af79bd6deee5,540,a0fb4b138bb3224c6740ddccb21687ec1496428533f8ce259763b02dd81efb6d,01fac7e312457951729e4193ef2b8a2f9ee3c74888f822d20fbb2dd6b493c35e,f74ce75df8f1e311e2d38f558b35e182b099ab22f98dedb256e12ec56a539c5b,2026-09-30T18:04:21Z
SubmitPartialDecryption,260,fb0aaaa126420bc104d8c3419c1e96b16cb563d2cc0aee587a7812b582bd1b7a,540,a0fb4b138bb3224c6740ddccb21687ec1496428533f8ce259763b02dd81efb6d,01fac7e312457951729e4193ef2b8a2f9ee3c74888f822d20fbb2dd6b493c35e,f74ce75df8f1e311e2d38f558b35e182b099ab22f98dedb256e12ec56a539c5b,2026-09-30T18:04:21Z
SubmitPartialDecryption,264,6c11dc24b0383965d8b796d513dcd97f98ecc7317895cb5cb7dcb21c3959f150,540,a0fb4b138bb3224c6740ddccb21687ec1496428533f8ce259763b02dd81efb6d,01fac7e312457951729e4193ef2b8a2f9ee3c74888f822d20fbb2dd6b493c35e,f74ce75df8f1e311e2d38f558b35e182b099ab22f98dedb256e12ec56a539c5b,2026-09-30T18:04:21Z
SubmitPartialDecryption,285,3886696be993f877aa4e84a93d9087142a5ce326e27fc3828c0d65d8f22bece9,541,8c5d1c87ea2a6ecd0db588db92e418ce13f4b0b03e9f01f69fbfd81966a555bc,ed8447db6d48ef1c51ec8140f49048898f8fd8ce9ba7cfbb71282d785b95e7d2,a0fb4b138bb3224c6740ddccb21687ec1496428533f8ce259763b02dd81efb6d,2026-09-30T18:04:23Z
SubmitPartialDecryption,279,1414d769c6d22f8cf19fdf32c270449ebf34dd351e50525758b548b9f7981691,541,8c5d1c87ea2a6ecd0db588db92e418ce13f4b0b03e9f01f69fbfd81966a555bc,ed8447db6d48ef1c51ec8140f49048898f8fd8ce9ba7cfbb71282d785b95e7d2,a0fb4b138bb3224c6740ddccb21687ec1496428533f8ce259763b02dd81efb6d,2026-09-30T18:04:23Z
SubmitPartialDecryption,272,22ef5909abef64b7f82cc2793ff900d22ff313a2e2e07ce34dc4181e8ab042a1,541,8c5d1c87ea2a6ecd0db588db92e418ce13f4b0b03e9f01f69fbfd81966a555bc,ed8447db6d48ef1c51ec8140f49048898f8fd8ce9ba7cfbb71282d785b95e7d2,a0fb4b138bb3224c6740ddccb21687ec1496428533f8ce259763b02dd81efb6d,2026-09-30T18:04:23Z
SubmitPartialDecryption,278,f6e09732e274066c15d28f32c8f1be3700e0a8d4f68ba56bd8252e0802960229,541,8c5d1c87ea2a6ecd0db588db92e418ce13f4b0b03e9f01f69fbfd81966a555bc,ed8447db6d48ef1c51ec8140f49048898f8fd8ce9ba7cfbb71282d785b95e7d2,a0fb4b138bb3224c6740ddccb21687ec1496428533f8ce259763b02dd81efb6d,2026-09-30T18:04:23Z
SubmitPartialDecryption,281,47d5fcb55f1c5888e83fb9bdd495516e550f1f6ed60b744ca461cb1225ec11c0,541,8c5d1c87ea2a6ecd0db588db92e418ce13f4b0b03e9f01f69fbfd81966a555bc,ed8447db6d48ef1c51ec8140f49048898f8fd8ce9ba7cfbb71282d785b95e7d2,a0fb4b138bb3224c6740ddccb21687ec1496428533f8ce259763b02dd81efb6d,2026-09-30T18:04:23Z
SubmitPartialDecryption,280,e18d2577267768d874177b30f32c0879ab5b3a417869f151e0a819d2a1fa9975,541,8c5d1c87ea2a6ecd0db588db92e418ce13f4b0b03e9f01f69fbfd81966a555bc,ed8447db6d48ef1c51ec8140f49048898f8fd8ce9ba7cfbb71282d785b95e7d2,a0fb4b138bb3224c6740ddccb21687ec1496428533f8ce259763b02dd81efb6d,2026-09-30T18:04:23Z
SubmitPartialDecryption,282,f37def5301780a26276e323a13556fab4b4beb3dccebeb70808a88b8d1b9322d,541,8c5d1c87ea2a6ecd0db588db92e418ce13f4b0b03e9f01f69fbfd81966a555bc,ed8447db6d48ef1c51ec8140f49048898f8fd8ce9ba7cfbb71282d785b95e7d2,a0fb4b138bb3224c6740ddccb21687ec1496428533f8ce259763b02dd81efb6d,2026-09-30T18:04:23Z
SubmitPartialDecryption,283,fb6ba6b7795b3ab7ebfb92ae515e85f2e7cde3f8ed4c6020d93eca5ed2b22e13,541,8c5d1c87ea2a6ecd0db588db92e418ce13f4b0b03e9f01f69fbfd81966a555bc,ed8447db6d48ef1c51ec8140f49048898f8fd8ce9ba7cfbb71282d785b95e7d2,a0fb4b138bb3224c6740ddccb21687ec1496428533f8ce259763b02dd81efb6d,2026-09-30T18:04:23Z
SubmitPartialDecryption,275,7281cd95861989551f908eca5003343aaeda1c57ba78ceeceac3fad5bbd3d143,541,8c5d1c87ea2a6ecd0db588db92e418ce13f4b0b03e9f01f69fbfd81966a555bc,ed8447db6d48ef1c51ec8140f49048898f8fd8ce9ba7cfbb71282d785b95e7d2,a0fb4b138bb3224c6740ddccb21687ec1496428533f8ce259763b02dd81efb6d,2026-09-30T18:04:23Z
SubmitPartialDecryption,273,09a2f4840d21d59d01514d64443b1dd13146d80cc475a57423a01da08858f10e,541,8c5d1c87ea2a6ecd0db588db92e418ce13f4b0b03e9f01f69fbfd81966a555bc,ed8447db6d48ef1c51ec8140f49048898f8fd8ce9ba7cfbb71282d785b95e7d2,a0fb4b138bb3224c6740ddccb21687ec1496428533f8ce259763b02dd81efb6d,2026-09-30T18:04:23Z
SubmitPartialDecryption,274,12813f36f67ebed86427ecac55a7ee27b65715bb53f2beb9a9e35cc577f2c16a,541,8c5d1c87ea2a6ecd0db588db92e418ce13f4b0b03e9f01f69fbfd81966a555bc,ed8447db6d48ef1c51ec8140f49048898f8fd8ce9ba7cfbb71282d785b95e7d2,a0fb4b138bb3224c6740ddccb21687ec1496428533f8ce259763b02dd81efb6d,2026-09-30T18:04:23Z
SubmitPartialDecryption,277,e4a80e9b33270cbd0943d514b3d77334d18388c621dbb65cfe7f6c5c3bb0ed52,541,8c5d1c87ea2a6ecd0db588db92e418ce13f4b0b03e9f01f69fbfd81966a555bc,ed8447db6d48ef1c51ec8140f49048898f8fd8ce9ba7cfbb71282d785b95e7d2,a0fb4b138bb3224c6740ddccb21687ec1496428533f8ce259763b02dd81efb6d,2026-09-30T18:04:23Z
SubmitPartialDecryption,276,adda1b7bd420126cd870840cf4048f584da217a1a227f60e3282b3d41ecd1204,541,8c5d1c87ea2a6ecd0db588db92e418ce13f4b0b03e9f01f69fbfd81966a555bc,ed8447db6d48ef1c51ec8140f49048898f8fd8ce9ba7cfbb71282d785b95e7d2,a0fb4b138bb3224c6740ddccb21687ec1496428533f8ce259763b02dd81efb6d,2026-09-30T18:04:23Z
SubmitPartialDecryption,284,a2c80eca6fe4e9c28e3b8d8abc0aa497140973c6a51f113392afa4c6b0186c81,541,8c5d1c87ea2a6ecd0db588db92e418ce13f4b0b03e9f01f69fbfd81966a555bc,ed8447db6d48ef1c51ec8140f49048898f8fd8ce9ba7cfbb71282d785b95e7d2,a0fb4b138bb3224c6740ddccb21687ec1496428533f8ce259763b02dd81efb6d,2026-09-30T18:04:23Z
SubmitPartialDecryption,287,22e9931b7f09c71b07403eab51e3d4d92f37224d1f91eca826006c8b5d6c9b99,541,8c5d1c87ea2a6ecd0db588db92e418ce13f4b0b03e9f01f69fbfd81966a555bc,ed8447db6d48ef1c51ec8140f49048898f8fd8ce9ba7cfbb71282d785b95e7d2,a0fb4b138bb3224c6740ddccb21687ec1496428533f8ce259763b02dd81efb6d,2026-09-30T18:04:23Z
SubmitPartialDecryption,286,8c12ede6306d60f15ad4a89788d7917fab8bb112e9e22234e357b83588ae1a1b,541,8c5d1c87ea2a6ecd0db588db92e418ce13f4b0b03e9f01f69fbfd81966a555bc,ed8447db6d48ef1c51ec8140f49048898f8fd8ce9ba7cfbb71282d785b95e7d2,a0fb4b138bb3224c6740ddccb21687ec1496428533f8ce259763b02dd81efb6d,2026-09-30T18:04:23Z
SubmitPartialDecryption,292,294559db5029a7c8f8dda8d31ca8f1f566b8b40090d50ab76d7d2f5b670927b6,542,681c8d7dd6517d08e373451b0bd9a1d0650834d7e9e84921912243d9c6c516f3,8b0770215f4e373030c01b169c2948ab9617f5422c813ad45086db41bce6c7b8,8c5d1c87ea2a6ecd0db588db92e418ce13f4b0b03e9f01f69fbfd81966a555bc,2026-09-30T18:04:25Z
SubmitPartialDecryption,293,dd2043fc291e82ac16e0fcd5d8edab00a0646d4e19846786baf4bd794c4496f2,542,681c8d7dd6517d08e373451b0bd9a1d0650834d7e9e84921912243d9c6c516f3,8b0770215f4e373030c01b169c2948ab9617f5422c813ad45086db41bce6c7b8,8c5d1c87ea2a6ecd0db588db92e418ce13f4b0b03e9f01f69fbfd81966a555bc,2026-09-30T18:04:25Z
SubmitPartialDecryption,289,38e264cf8c48167d1bf0f5841011f8e88eb1fada5611ebad6213784f283211fe,542,681c8d7dd6517d08e373451b0bd9a1d0650834d7e9e84921912243d9c6c516f3,8b0770215f4e373030c01b169c2948ab9617f5422c813ad45086db41bce6c7b8,8c5d1c87ea2a6ecd0db588db92e418ce13f4b0b03e9f01f69fbfd81966a555bc,2026-09-30T18:04:25Z
SubmitPartialDecryption,294,36223566db388e462d74fddd7e85bc74f581bc616176186f199d912c9775bef3,542,681c8d7dd6517d08e373451b0bd9a1d0650834d7e9e84921912243d9c6c516f3,8b0770215f4e373030c01b169c2948ab9617f5422c813ad45086db41bce6c7b8,8c5d1c87ea2a6ecd0db588db92e418ce13f4b0b03e9f01f69fbfd81966a555bc,2026-09-30T18:04:25Z
SubmitPartialDecryption,303,d9a03818794c55f84fd54851e6f1a7b77b360c30266b468a4b748f5165ae587b,542,681c8d7dd6517d08e373451b0bd9a1d0650834d7e9e84921912243d9c6c516f3,8b0770215f4e373030c01b169c2948ab9617f5422c813ad45086db41bce6c7b8,8c5d1c87ea2a6ecd0db588db92e418ce13f4b0b03e9f01f69fbfd81966a555bc,2026-09-30T18:04:25Z
SubmitPartialDecryption,299,8d6fef8432a1993104e959af23a3ea7c281e8a1ded63fba41f243f1f8741c08b,542,681c8d7dd6517d08e373451b0bd9a1d0650834d7e9e84921912243d9c6c516f3,8b0770215f4e373030c01b169c2948ab9617f5422c813ad45086db41bce6c7b8,8c5d1c87ea2a6ecd0db588db92e418ce13f4b0b03e9f01f69fbfd81966a555bc,2026-09-30T18:04:25Z
SubmitPartialDecryption,302,58a52365783ef34febf656aa5056cec2b35744270ffa25c805072a9a42fa2b68,542,681c8d7dd6517d08e373451b0bd9a1d0650834d7e9e84921912243d9c6c516f3,8b0770215f4e373030c01b169c2948ab9617f5422c813ad45086db41bce6c7b8,8c5d1c87ea2a6ecd0db588db92e418ce13f4b0b03e9f01f69fbfd81966a555bc,2026-09-30T18:04:25Z
SubmitPartialDecryption,291,b6a07d2a9057170da00bc76165fde22d4133fdb0fdc505742babfffec4002f68,542,681c8d7dd6517d08e373451b0bd9a1d0650834d7e9e84921912243d9c6c516f3,8b0770215f4e373030c01b169c2948ab9617f5422c813ad45086db41bce6c7b8,8c5d1c87ea2a6ecd0db588db92e418ce13f4b0b03e9f01f69fbfd81966a555bc,2026-09-30T18:04:25Z
SubmitPartialDecryption,301,1f1dc86c28da1423a0097e4f9cc59e562a7bf554849052f7980d09ada69c3368,542,681c8d7dd6517d08e373451b0bd9a1d0650834d7e9e84921912243d9c6c516f3,8b0770215f4e373030c01b169c2948ab9617f5422c813ad45086db41bce6c7b8,8c5d1c87ea2a6ecd0db588db92e418ce13f4b0b03e9f01f69fbfd81966a555bc,2026-09-30T18:04:25Z
SubmitPartialDecryption,288,507a3053e9ffa9ec5c764620e9a7b90658928262a3747a3049f25dc251ceb2c1,542,681c8d7dd6517d08e373451b0bd9a1d0650834d7e9e84921912243d9c6c516f3,8b0770215f4e373030c01b169c2948ab9617f5422c813ad45086db41bce6c7b8,8c5d1c87ea2a6ecd0db588db92e418ce13f4b0b03e9f01f69fbfd81966a555bc,2026-09-30T18:04:25Z
SubmitPartialDecryption,298,085bf10ed3c1ee4a7496215da37bcc8d7caa54a7c4969ec30bf98b0bb55432f6,542,681c8d7dd6517d08e373451b0bd9a1d0650834d7e9e84921912243d9c6c516f3,8b0770215f4e373030c01b169c2948ab9617f5422c813ad45086db41bce6c7b8,8c5d1c87ea2a6ecd0db588db92e418ce13f4b0b03e9f01f69fbfd81966a555bc,2026-09-30T18:04:25Z
SubmitPartialDecryption,300,7d460c46536940b689c03106e3ac648facac54d1ed47999c580e257738c9f438,542,681c8d7dd6517d08e373451b0bd9a1d0650834d7e9e84921912243d9c6c516f3,8b0770215f4e373030c01b169c2948ab9617f5422c813ad45086db41bce6c7b8,8c5d1c87ea2a6ecd0db588db92e418ce13f4b0b03e9f01f69fbfd81966a555bc,2026-09-30T18:04:25Z
SubmitPartialDecryption,295,fa3769e478a27d773fcb463da5e928a99344e73bbb48dbd8125279e51b315d74,542,681c8d7dd6517d08e373451b0bd9a1d0650834d7e9e84921912243d9c6c516f3,8b0770215f4e373030c01b169c2948ab9617f5422c813ad45086db41bce6c7b8,8c5d1c87ea2a6ecd0db588db92e418ce13f4b0b03e9f01f69fbfd81966a555bc,2026-09-30T18:04:25Z
SubmitPartialDecryption,290,85b69bc0e9c3559301e2917a9b0308f880b5c1e7e5436be4fa93f826541141a3,542,681c8d7dd6517d08e373451b0bd9a1d0650834d7e9e84921912243d9c6c516f3,8b0770215f4e373030c01b169c2948ab9617f5422c813ad45086db41bce6c7b8,8c5d1c87ea2a6ecd0db588db92e418ce13f4b0b03e9f01f69fbfd81966a555bc,2026-09-30T18:04:25Z
SubmitPartialDecryption,297,6d8ecdefd52465db1aef31bf3244edc44a9236ad71b427cc92b7a6a1ebea28ef,542,681c8d7dd6517d08e373451b0bd9a1d0650834d7e9e84921912243d9c6c516f3,8b0770215f4e373030c01b169c2948ab9617f5422c813ad45086db41bce6c7b8,8c5d1c87ea2a6ecd0db588db92e418ce13f4b0b03e9f01f69fbfd81966a555bc,2026-09-30T18:04:25Z
SubmitPartialDecryption,296,4000616e5c5a70c63e8d1c38c464719b893e4a681f64c32048b960a7e1d1e965,542,681c8d7dd6517d08e373451b0bd9a1d0650834d7e9e84921912243d9c6c516f3,8b0770215f4e373030c01b169c2948ab9617f5422c813ad45086db41bce6c7b8,8c5d1c87ea2a6ecd0db588db92e418ce13f4b0b03e9f01f69fbfd81966a555bc,2026-09-30T18:04:25Z
SubmitPartialDecryption,315,75e51db2c5c79fcc0ae5e556ce53965ceb5ca5008643f79ffe7627e3ceb886bf,543,e0098f2809750d08eea17654cd972bdbfbd41307889d543ec13cdbeb938d8f7f,378097a729910f1d55a790dcebcd5195d30bab229cc6c14fd6fb7b2f932288a6,681c8d7dd6517d08e373451b0bd9a1d0650834d7e9e84921912243d9c6c516f3,2026-09-30T18:04:27Z
SubmitPartialDecryption,305,ec1bb1f02b2d2ce0d34f554efee633e6ab448ee889bd85f9922f27f37e61e1d1,543,e0098f2809750d08eea17654cd972bdbfbd41307889d543ec13cdbeb938d8f7f,378097a729910f1d55a790dcebcd5195d30bab229cc6c14fd6fb7b2f932288a6,681c8d7dd6517d08e373451b0bd9a1d0650834d7e9e84921912243d9c6c516f3,2026-09-30T18:04:27Z
SubmitPartialDecryption,307,434db54cd237a5feba2826e05a0acf044480da9102b020ff32ed90b4cafdfa13,543,e0098f2809750d08eea17654cd972bdbfbd41307889d543ec13cdbeb938d8f7f,378097a729910f1d55a790dcebcd5195d30bab229cc6c14fd6fb7b2f932288a6,681c8d7dd6517d08e373451b0bd9a1d0650834d7e9e84921912243d9c6c516f3,2026-09-30T18:04:27Z
SubmitPartialDecryption,310,ea6565a16a5fb55eabd62c57bca43e203a838537eb5dc5b170b3b7ac6fa80314,543,e0098f2809750d08eea17654cd972bdbfbd41307889d543ec13cdbeb938d8f7f,378097a729910f1d55a790dcebcd5195d30bab229cc6c14fd6fb7b2f932288a6,681c8d7dd6517d08e373451b0bd9a1d0650834d7e9e84921912243d9c6c516f3,2026-09-30T18:04:27Z
SubmitPartialDecryption,304,75b24744260040dacf0a248d569c38020edaacccd7c4375e82bfb98ac0307523,543,e0098f2809750d08eea17654cd972bdbfbd41307889d543ec13cdbeb938d8f7f,378097a729910f1d55a790dcebcd5195d30bab229cc6c14fd6fb7b2f932288a6,681c8d7dd6517d08e373451b0bd9a1d0650834d7e9e84921912243d9c6c516f3,2026-09-30T18:04:27Z
SubmitPartialDecryption,308,20c9241ff9c42cb3fe18c64c4391f956c339b322acc9e8e86a4f2b41e459fdcc,543,e0098f2809750d08eea17654cd972bdbfbd41307889d543ec13cdbeb938d8f7f,378097a729910f1d55a790dcebcd5195d30bab229cc6c14fd6fb7b2f932288a6,681c8d7dd6517d08e373451b0bd9a1d0650834d7e9e84921912243d9c6c516f3,2026-09-30T18:04:27Z
SubmitPartialDecryption,309,77c78e7dfeb48bc12230e3847478629c25f7d0a20a62e9d1d1411aaef7109f00,543,e0098f2809750d08eea17654cd972bdbfbd41307889d543ec13cdbeb938d8f7f,378097a729910f1d55a790dcebcd5195d30bab229cc6c14fd6fb7b2f932288a6,681c8d7dd6517d08e373451b0bd9a1d0650834d7e9e84921912243d9c6c516f3,2026-09-30T18:04:27Z
SubmitPartialDecryption,317,b8be9033992fc3d4b7e4ada487b0e1ff0441134e09d8896bbb33e2b418728f2a,543,e0098f2809750d08eea17654cd972bdbfbd41307889d543ec13cdbeb938d8f7f,378097a729910f1d55a790dcebcd5195d30bab229cc6c14fd6fb7b2f932288a6,681c8d7dd6517d08e373451b0bd9a1d0650834d7e9e84921912243d9c6c516f3,2026-09-30T18:04:27Z
SubmitPartialDecryption,313,0bbcc5b6c5c0cc90bc3e8706ae6694a78a852f174d5a682c04f3912d99eea626,543,e0098f2809750d08eea17654cd972bdbfbd41307889d543ec13cdbeb938d8f7f,378097a729910f1d55a790dcebcd5195d30bab229cc6c14fd6fb7b2f932288a6,681c8d7dd6517d08e373451b0bd9a1d0650834d7e9e84921912243d9c6c516f3,2026-09-30T18:04:27Z
SubmitPartialDecryption,319,c9cd87a0e798af380f0a7123063cbb5e9376fdec3dd9782998799aded85d58ce,543,e0098f2809750d08eea17654cd972bdbfbd41307889d543ec13cdbeb938d8f7f,378097a729910f1d55a790dcebcd5195d30bab229cc6c14fd6fb7b2f932288a6,681c8d7dd6517d08e373451b0bd9a1d0650834d7e9e84921912243d9c6c516f3,2026-09-30T18:04:27Z
SubmitPartialDecryption,306,93004c903a3d1db3484754bfd3a35ccea69e2e5960f7f789e56bb208cc700308,543,e0098f2809750d08eea17654cd972bdbfbd41307889d543ec13cdbeb938d8f7f,378097a729910f1d55a790dcebcd5195d30bab229cc6c14fd6fb7b2f932288a6,681c8d7dd6517d08e373451b0bd9a1d0650834d7e9e84921912243d9c6c516f3,2026-09-30T18:04:27Z
SubmitPartialDecryption,316,8febe043ab6a8a342b9cd772da67e824194327b9a8bf0092cf81e57b7b14765a,543,e0098f2809750d08eea17654cd972bdbfbd41307889d543ec13cdbeb938d8f7f,378097a729910f1d55a790dcebcd5195d30bab229cc6c14fd6fb7b2f932288a6,681c8d7dd6517d08e373451b0bd9a1d0650834d7e9e84921912243d9c6c516f3,2026-09-30T18:04:27Z
SubmitPartialDecryption,311,104b0c4aaef655ebc31a454cfcd8e61c59850094bfab6ae5faccc584c0256c53,543,e0098f2809750d08eea17654cd972bdbfbd41307889d543ec13cdbeb938d8f7f,378097a729910f1d55a790dcebcd5195d30bab229cc6c14fd6fb7b2f932288a6,681c8d7dd6517d08e373451b0bd9a1d0650834d7e9e84921912243d9c6c516f3,2026-09-30T18:04:27Z
SubmitPartialDecryption,312,52735c57bc488c1fff18beb79d62875fc1a051d6977784231c47a994b9528d59,543,e0098f2809750d08eea17654cd972bdbfbd41307889d543ec13cdbeb938d8f7f,378097a729910f1d55a790dcebcd5195d30bab229cc6c14fd6fb7b2f932288a6,681c8d7dd6517d08e373451b0bd9a1d0650834d7e9e84921912243d9c6c516f3,2026-09-30T18:04:27Z
SubmitPartialDecryption,318,59ef53d21c170ee6915cf5c1291cbca983ddeb326bdd2b3c54667cc55168d83f,543,e0098f2809750d08eea17654cd972bdbfbd41307889d543ec13cdbeb938d8f7f,378097a729910f1d55a790dcebcd5195d30bab229cc6c14fd6fb7b2f932288a6,681c8d7dd6517d08e373451b0bd9a1d0650834d7e9e84921912243d9c6c516f3,2026-09-30T18:04:27Z
SubmitPartialDecryption,314,25fc0de98b4d4766c186c902a9eed744e7a20424f54f3dccd47edbd0a658b39f,543,e0098f2809750d08eea17654cd972bdbfbd41307889d543ec13cdbeb938d8f7f,378097a729910f1d55a790dcebcd5195d30bab229cc6c14fd6fb7b2f932288a6,681c8d7dd6517d08e373451b0bd9a1d0650834d7e9e84921912243d9c6c516f3,2026-09-30T18:04:27Z
SubmitPartialDecryption,330,28bd7850a7aa7116b5d3241edad99adab10e59ef606ec8f5aae0a7b8f6fc22eb,544,1f31123b89e93fdc405a1a652f32873d646b5b39d29241d50addd25f6245ae99,6eeb0adf0fcddc805fddfb6e2110eeb8013ea1345f5fdbe0723e27893dfbcebc,e0098f2809750d08eea17654cd972bdbfbd41307889d543ec13cdbeb938d8f7f,2026-09-30T18:04:29Z
SubmitPartialDecryption,335,32cb8ff15be880b92cd85a281c3132787741355f38984d73170eef16fb8aae08,544,1f31123b89e93fdc405a1a652f32873d646b5b39d29241d50addd25f6245ae99,6eeb0adf0fcddc805fddfb6e2110eeb8013ea1345f5fdbe0723e27893dfbcebc,e0098f2809750d08eea17654cd972bdbfbd41307889d543ec13cdbeb938d8f7f,2026-09-30T18:04:29Z
SubmitPartialDecryption,321,6d2165fae6f2bc80eb1128b087632bb69222af9672a9fe1f7ccd038b63464531,544,1f31123b89e93fdc405a1a652f32873d646b5b39d29241d50addd25f6245ae99,6eeb0adf0fcddc805fddfb6e2110eeb8013ea1345f5fdbe0723e27893dfbcebc,e0098f2809750d08eea17654cd972bdbfbd41307889d543ec13cdbeb938d8f7f,2026-09-30T18:04:29Z
SubmitPartialDecryption,322,dcb5462b6740b80d87df1fee6c60dc92df98e3a1ee04aebc76ba26352aa00535,544,1f31123b89e93fdc405a1a652f32873d646b5b39d29241d50addd25f6245ae99,6eeb0adf0fcddc805fddfb6e2110eeb8013ea1345f5fdbe0723e27893dfbcebc,e0098f2809750d08eea17654cd972bdbfbd41307889d543ec13cdbeb938d8f7f,2026-09-30T18:04:29Z
SubmitPartialDecryption,320,2b1d506e4ce45bde2f5c65ccc4fee50c74de934f50acd78a6d706f8f4c2d4845,544,1f31123b89e93fdc405a1a652f32873d646b5b39d29241d50addd25f6245ae99,6eeb0adf0fcddc805fddfb6e2110eeb8013ea1345f5fdbe0723e27893dfbcebc,e0098f2809750d08eea17654cd972bdbfbd41307889d543ec13cdbeb938d8f7f,2026-09-30T18:04:29Z
SubmitPartialDecryption,334,1390bd829171b8bbe8b0ed7d2d04fdc01781201a3d5f0adbd3babe6503ddb4f9,544,1f31123b89e93fdc405a1a652f32873d646b5b39d29241d50addd25f6245ae99,6eeb0adf0fcddc805fddfb6e2110eeb8013ea1345f5fdbe0723e27893dfbcebc,e0098f2809750d08eea17654cd972bdbfbd41307889d543ec13cdbeb938d8f7f,2026-09-30T18:04:29Z
SubmitPartialDecryption,331,5e318937f7a143fe359591c5e0e686e7730915a75956e0cd8b6b59f5c6e338e6,544,1f31123b89e93fdc405a1a652f32873d646b5b39d29241d50addd25f6245ae99,6eeb0adf0fcddc805fddfb6e2110eeb8013ea1345f5fdbe0723e27893dfbcebc,e0098f2809750d08eea17654cd972bdbfbd41307889d543ec13cdbeb938d8f7f,2026-09-30T18:04:29Z
SubmitPartialDecryption,326,5fffab35ad903c970e2f87bb862d435ac0c47f6875b874c5dc9b85dd94365655,544,1f31123b89e93fdc405a1a652f32873d646b5b39d29241d50addd25f6245ae99,6eeb0adf0fcddc805fddfb6e2110eeb8013ea1345f5fdbe0723e27893dfbcebc,e0098f2809750d08eea17654cd972bdbfbd41307889d543ec13cdbeb938d8f7f,2026-09-30T18:04:29Z
SubmitPartialDecryption,325,1b7a2d7b7baaa3ab8c60e5bd72f9113f699bff1f4bcd4ffe1ad4e794f32f330b,544,1f31123b89e93fdc405a1a652f32873d646b5b39d29241d50addd25f6245ae99,6eeb0adf0fcddc805fddfb6e2110eeb8013ea1345f5fdbe0723e27893dfbcebc,e0098f2809750d08eea17654cd972bdbfbd41307889d543ec13cdbeb938d8f7f,2026-09-30T18:04:29Z
SubmitPartialDecryption,323,1f05634f53111fe2b76e4283c592a9365fda705b3377b374537d1822be951b60,544,1f31123b89e93fdc405a1a652f32873d646b5b39d29241d50addd25f6245ae99,6eeb0adf0fcddc805fddfb6e2110eeb8013ea1345f5fdbe0723e27893dfbcebc,e0098f2809750d08eea17654cd972bdbfbd41307889d543ec13cdbeb938d8f7f,2026-09-30T18:04:29Z
SubmitPartialDecryption,324,33e0c49c3a5b98e060bcd6c5aec618603b40c9853d072a3026721dda2fd97352,544,1f31123b89e93fdc405a1a652f32873d646b5b39d29241d50addd25f6245ae99,6eeb0adf0fcddc805fddfb6e2110eeb8013ea1345f5fdbe0723e27893dfbcebc,e0098f2809750d08eea17654cd972bdbfbd41307889d543ec13cdbeb938d8f7f,2026-09-30T18:04:29Z
SubmitPartialDecryption,327,14d67b105452ad47816774b56373de0b5a35106b979a09aa497678d22925591f,544,1f31123b89e93fdc405a1a652f32873d646b5b39d29241d50addd25f6245ae99,6eeb0adf0fcddc805fddfb6e2110eeb8013ea1345f5fdbe0723e27893dfbcebc,e0098f2809750d08eea17654cd972bdbfbd41307889d543ec13cdbeb938d8f7f,2026-09-30T18:04:29Z
SubmitPartialDecryption,329,30c5a5d2b14cb3d07c39d11d51b11535c468d1e5d6ae896a77581622e37db6aa,544,1f31123b89e93fdc405a1a652f32873d646b5b39d29241d50addd25f6245ae99,6eeb0adf0fcddc805fddfb6e2110eeb8013ea1345f5fdbe0723e27893dfbcebc,e0098f2809750d08eea17654cd972bdbfbd41307889d543ec13cdbeb938d8f7f,2026-09-30T18:04:29Z
SubmitPartialDecryption,332,01f17fb4784f31c531d80ba307870fe0afba9fc752792478936d4cb2d13e6d59,544,1f31123b89e93fdc405a1a652f32873d646b5b39d29241d50addd25f6245ae99,6eeb0adf0fcddc805fddfb6e2110eeb8013ea1345f5fdbe0723e27893dfbcebc,e0098f2809750d08eea17654cd972bdbfbd41307889d543ec13cdbeb938d8f7f,2026-09-30T18:04:29Z
SubmitPartialDecryption,333,423e94725d08b4c6e5013c92a10c0854d1d95bc59725686ad57359856b1eaaaa,544,1f31123b89e93fdc405a1a652f32873d646b5b39d29241d50addd25f6245ae99,6eeb0adf0fcddc805fddfb6e2110eeb8013ea1345f5fdbe0723e27893dfbcebc,e0098f2809750d08eea17654cd972bdbfbd41307889d543ec13cdbeb938d8f7f,2026-09-30T18:04:29Z
SubmitPartialDecryption,328,f88b857e1ee312275fb227543d821884a57b2d9d38759bcab643b85091504b6b,544,1f31123b89e93fdc405a1a652f32873d646b5b39d29241d50addd25f6245ae99,6eeb0adf0fcddc805fddfb6e2110eeb8013ea1345f5fdbe0723e27893dfbcebc,e0098f2809750d08eea17654cd972bdbfbd41307889d543ec13cdbeb938d8f7f,2026-09-30T18:04:29Z
SubmitPartialDecryption,338,2a276c50f74d2b453cb5fa40c1b60ec2167b758e31dae4c4166ade82781ddcb9,545,9fa2866acdfca594e89127e9eb8ae550b041a6c5d02fca7ec30977363a26ccce,318c823cb9790fd1c726f63b002da44f01b8a70848e29575f8fa54cd373fbec1,1f31123b89e93fdc405a1a652f32873d646b5b39d29241d50addd25f6245ae99,2026-09-30T18:04:31Z
SubmitPartialDecryption,351,1c82e4ecb9c9ac9dbe7ce36c62681298bba3d9d90de752ed26113ecc310eaac3,545,9fa2866acdfca594e89127e9eb8ae550b041a6c5d02fca7ec30977363a26ccce,318c823cb9790fd1c726f63b002da44f01b8a70848e29575f8fa54cd373fbec1,1f31123b89e93fdc405a1a652f32873d646b5b39d29241d50addd25f6245ae99,2026-09-30T18:04:31Z
SubmitPartialDecryption,340,9fb516d1244f5bc6728ebce662cd44925ab074f7ebca552a2793a94d9fef694f,545,9fa2866acdfca594e89127e9eb8ae550b041a6c5d02fca7ec30977363a26ccce,318c823cb9790fd1c726f63b002da44f01b8a70848e29575f8fa54cd373fbec1,1f31123b89e93fdc405a1a652f32873d646b5b39d29241d50addd25f6245ae99,2026-09-30T18:04:31Z
SubmitPartialDecryption,339,431a3c2fc7f57131947568b3a2ee13bedb88bc2b0a4c31d0584f765b04095167,545,9fa2866acdfca594e89127e9eb8ae550b041a6c5d02fca7ec30977363a26ccce,318c823cb9790fd1c726f63b002da44f01b8a70848e29575f8fa54cd373fbec1,1f31123b89e93fdc405a1a652f32873d646b5b39d29241d50addd25f6245ae99,2026-09-30T18:04:31Z
SubmitPartialDecryption,342,ce6837875ca4314532abd01deecec9c8f6afeefb5ddff9272cb2031ea0e009c8,545,9fa2866acdfca594e89127e9eb8ae550b041a6c5d02fca7ec30977363a26ccce,318c823cb9790fd1c726f63b002da44f01b8a70848e29575f8fa54cd373fbec1,1f31123b89e93fdc405a1a652f32873d646b5b39d29241d50addd25f6245ae99,2026-09-30T18:04:31Z
SubmitPartialDecryption,350,656f6b71b7434cdc2bfd8d8b4f59d3007375a8219cc4c63ad9cbe3a65dfa0b37,545,9fa2866acdfca594e89127e9eb8ae550b041a6c5d02fca7ec30977363a26ccce,318c823cb9790fd1c726f63b002da44f01b8a70848e29575f8fa54cd373fbec1,1f31123b89e93fdc405a1a652f32873d646b5b39d29241d50addd25f6245ae99,2026-09-30T18:04:31Z
SubmitPartialDecryption,344,d74efed62949bd82da7a61f33cdd6a4403497815fec0ac8a3930d56bca8a26ec,545,9fa2866acdfca594e89127e9eb8ae550b041a6c5d02fca7ec30977363a26ccce,318c823cb9790fd1c726f63b002da44f01b8a70848e29575f8fa54cd373fbec1,1f31123b89e93fdc405a1a652f32873d646b5b39d29241d50addd25f6245ae99,2026-09-30T18:04:31Z
SubmitPartialDecryption,348,980a02bd415fb3447f073033862ffa27783640f6d12c885110628f900f204ad2,545,9fa2866acdfca594e89127e9eb8ae550b041a6c5d02fca7ec30977363a26ccce,318c823cb9790fd1c726f63b002da44f01b8a70848e29575f8fa54cd373fbec1,1f31123b89e93fdc405a1a652f32873d646b5b39d29241d50addd25f6245ae99,2026-09-30T18:04:31Z
SubmitPartialDecryption,336,98c9cefb81e830adf3dbb3660e1fd558dea970017ee74faec51f87fb171762e4,545,9fa2866acdfca594e89127e9eb8ae550b041a6c5d02fca7ec30977363a26ccce,318c823cb9790fd1c726f63b002da44f01b8a70848e29575f8fa54cd373fbec1,1f31123b89e93fdc405a1a652f32873d646b5b39d29241d50addd25f6245ae99,2026-09-30T18:04:31Z
SubmitPartialDecryption,346,48d58ef5ad2309ba1ab09c6a3eb21f135162e2c055e282dfa741d2e176530520,545,9fa2866acdfca594e89127e9eb8ae550b041a6c5d02fca7ec30977363a26ccce,318c823cb9790fd1c726f63b002da44f01b8a70848e29575f8fa54cd373fbec1,1f31123b89e93fdc405a1a652f32873d646b5b39d29241d50addd25f6245ae99,2026-09-30T18:04:31Z
SubmitPartialDecryption,345,73f6a897ca223867283e5222dfc7cf9b891f7c07b667ba39fc61610599045349,545,9fa2866acdfca594e89127e9eb8ae550b041a6c5d02fca7ec30977363a26ccce,318c823cb9790fd1c726f63b002da44f01b8a70848e29575f8fa54cd373fbec1,1f31123b89e93fdc405a1a652f32873d646b5b39d29241d50addd25f6245ae99,2026-09-30T18:04:31Z
SubmitPartialDecryption,347,e913ce4a720ff3b1847cb2818f1d4eaa89bfeb2e6c8f353810dd67b05de860c0,545,9fa2866acdfca594e89127e9eb8ae550b041a6c5d02fca7ec30977363a26ccce,318c823cb9790fd1c726f63b002da44f01b8a70848e29575f8fa54cd373fbec1,1f31123b89e93fdc405a1a652f32873d646b5b39d29241d50addd25f6245ae99,2026-09-30T18:04:31Z
SubmitPartialDecryption,343,ef6a5d0b68193103c2ee327a98329bde2ba1f44f33ee310c98e1b93f9e3361a3,545,9fa2866acdfca594e89127e9eb8ae550b041a6c5d02fca7ec30977363a26ccce,318c823cb9790fd1c726f63b002da44f01b8a70848e29575f8fa54cd373fbec1,1f31123b89e93fdc405a1a652f32873d646b5b39d29241d50addd25f6245ae99,2026-09-30T18:04:31Z
SubmitPartialDecryption,341,dab01b33d5ed86020fb0d47eee377591fb8c6cb67a645a3c5ab7235d9c01d55d,545,9fa2866acdfca594e89127e9eb8ae550b041a6c5d02fca7ec30977363a26ccce,318c823cb9790fd1c726f63b002da44f01b8a70848e29575f8fa54cd373fbec1,1f31123b89e93fdc405a1a652f32873d646b5b39d29241d50addd25f6245ae99,2026-09-30T18:04:31Z
SubmitPartialDecryption,349,c791f96a5657e1636912f93445785f179b940dab7018b60a59a3772a2ae50517,545,9fa2866acdfca594e89127e9eb8ae550b041a6c5d02fca7ec30977363a26ccce,318c823cb9790fd1c726f63b002da44f01b8a70848e29575f8fa54cd373fbec1,1f31123b89e93fdc405a1a652f32873d646b5b39d29241d50addd25f6245ae99,2026-09-30T18:04:31Z
SubmitPartialDecryption,337,155038ffda49c3c10a5bdc7b5019ba4bde949d917d2aca6fd67e482adde2d535,545,9fa2866acdfca594e89127e9eb8ae550b041a6c5d02fca7ec30977363a26ccce,318c823cb9790fd1c726f63b002da44f01b8a70848e29575f8fa54cd373fbec1,1f31123b89e93fdc405a1a652f32873d646b5b39d29241d50addd25f6245ae99,2026-09-30T18:04:31Z
SubmitPartialDecryption,360,ffd4f56228cbb1a65c5a74e60018dd28056b3ceb9402e582ba7d81b3d0f21b41,546,481ab5f5e7700784b8212110f2ac79bc384a9502fb03ac6fd58a3addb3e2ca4f,312db4eaf1797e5e316420d2d08d243009f6a18baa7a3e24646cf549d7adf530,9fa2866acdfca594e89127e9eb8ae550b041a6c5d02fca7ec30977363a26ccce,2026-09-30T18:04:33Z
SubmitPartialDecryption,359,ff2f42a4a2cbd73603ba8b1c7e5c6522b40c509148abe25a277e0949fa8046f8,546,481ab5f5e7700784b8212110f2ac79bc384a9502fb03ac6fd58a3addb3e2ca4f,312db4eaf1797e5e316420d2d08d243009f6a18baa7a3e24646cf549d7adf530,9fa2866acdfca594e89127e9eb8ae550b041a6c5d02fca7ec30977363a26ccce,2026-09-30T18:04:33Z
SubmitPartialDecryption,361,21907e9f442211c6370b2afcedaf8def16090b5a9bc40ab3f0fe74f35eeba2cb,546,481ab5f5e7700784b8212110f2ac79bc384a9502fb03ac6fd58a3addb3e2ca4f,312db4eaf1797e5e316420d2d08d243009f6a18baa7a3e24646cf549d7adf530,9fa2866acdfca594e89127e9eb8ae550b041a6c5d02fca7ec30977363a26ccce,2026-09-30T18:04:33Z
SubmitPartialDecryption,364,b4607182b3f50aed4d96de325613e846e2372f1ebd5ee11c84faa24434ee155c,546,481ab5f5e7700784b8212110f2ac79bc384a9502fb03ac6fd58a3addb3e2ca4f,312db4eaf1797e5e316420d2d08d243009f6a18baa7a3e24646cf549d7adf530,9fa2866acdfca594e89127e9eb8ae550b041a6c5d02fca7ec30977363a26ccce,2026-09-30T18:04:33Z
SubmitPartialDecryption,353,c128ffe5c8539b02af8083b22de07a4b43beb35532db48a1f07c9d70d04b3ccb,546,481ab5f5e7700784b8212110f2ac79bc384a9502fb03ac6fd58a3addb3e2ca4f,312db4eaf1797e5e316420d2d08d243009f6a18baa7a3e24646cf549d7adf530,9fa2866acdfca594e89127e9eb8ae550b041a6c5d02fca7ec30977363a26ccce,2026-09-30T18:04:33Z
SubmitPartialDecryption,365,13da1a5afe069d92166a89f844f3880a03af329114734802de859300a5ec5ff1,546,481ab5f5e7700784b8212110f2ac79bc384a9502fb03ac6fd58a3addb3e2ca4f,312db4eaf1797e5e316420d2d08d243009f6a18baa7a3e24646cf549d7adf530,9fa2866acdfca594e89127e9eb8ae550b041a6c5d02fca7ec30977363a26ccce,2026-09-30T18:04:33Z
SubmitPartialDecryption,363,b8a272d855ca1632d6e3eb16aa388671e86aaa75d0223d1be741794e4f739bdd,546,481ab5f5e7700784b8212110f2ac79bc384a9502fb03ac6fd58a3addb3e2ca4f,312db4eaf1797e5e316420d2d08d243009f6a18baa7a3e24646cf549d7adf530,9fa2866acdfca594e89127e9eb8ae550b041a6c5d02fca7ec30977363a26ccce,2026-09-30T18:04:33Z
SubmitPartialDecryption,358,d877f2ed822d2a734a4d6f7a6b1449f6adda80d170283942d85e8f0a4d921677,546,481ab5f5e7700784b8212110f2ac79bc384a9502fb03ac6fd58a3addb3e2ca4f,312db4eaf1797e5e316420d2d08d243009f6a18baa7a3e24646cf549d7adf530,9fa2866acdfca594e89127e9eb8ae550b041a6c5d02fca7ec30977363a26ccce,2026-09-30T18:04:33Z
SubmitPartialDecryption,355,54c2ac712c5636797d8d478510724d0f5245d0e721fc516390f1c0fc14d1bace,546,481ab5f5e7700784b8212110f2ac79bc384a9502fb03ac6fd58a3addb3e2ca4f,312db4eaf1797e5e316420d2d08d243009f6a18baa7a3e24646cf549d7adf530,9fa2866acdfca594e89127e9eb8ae550b041a6c5d02fca7ec30977363a26ccce,2026-09-30T18:04:33Z
SubmitPartialDecryption,367,cdcb817f0860aceb6f88fab217d27df2b3a9ed3f33fdee6a1b22891c82d6c621,546,481ab5f5e7700784b8212110f2ac79bc384a9502fb03ac6fd58a3addb3e2ca4f,312db4eaf1797e5e316420d2d08d243009f6a18baa7a3e24646cf549d7adf530,9fa2866acdfca594e89127e9eb8ae550b041a6c5d02fca7ec30977363a26ccce,2026-09-30T18:04:33Z
SubmitPartialDecryption,354,ffcd72a751f3094b958ac33fbca4665c77b13160e9ad07d3b207f8df1eefb819,546,481ab5f5e7700784b8212110f2ac79bc384a9502fb03ac6fd58a3addb3e2ca4f,312db4eaf1797e5e316420d2d08d243009f6a18baa7a3e24646cf549d7adf530,9fa2866acdfca594e89127e9eb8ae550b041a6c5d02fca7ec30977363a26ccce,2026-09-30T18:04:33Z
SubmitPartialDecryption,352,86169fc09f423e9c3717a035a4cb546e71e815ba6e3f846ddad9a842499c9b61,546,481ab5f5e7700784b8212110f2ac79bc384a9502fb03ac6fd58a3addb3e2ca4f,312db4eaf1797e5e316420d2d08d243009f6a18baa7a3e24646cf549d7adf530,9fa2866acdfca594e89127e9eb8ae550b041a6c5d02fca7ec30977363a26ccce,2026-09-30T18:04:33Z
SubmitPartialDecryption,357,a073ef5750200ccacd6055f4a95dcdc93b52a01f38b7dbfd7ed4e672ea4f2e86,546,481ab5f5e7700784b8212110f2ac79bc384a9502fb03ac6fd58a3addb3e2ca4f,312db4eaf1797e5e316420d2d08d243009f6a18baa7a3e24646cf549d7adf530,9fa2866acdfca594e89127e9eb8ae550b041a6c5d02fca7ec30977363a26ccce,2026-09-30T18:04:33Z
SubmitPartialDecryption,362,575ec9deaa9312eec348e574298a2792bcc2c9c1d1f03068b0cd70e0ddd43ad2,546,481ab5f5e7700784b8212110f2ac79bc384a9502fb03ac6fd58a3addb3e2ca4f,312db4eaf1797e5e316420d2d08d243009f6a18baa7a3e24646cf549d7adf530,9fa2866acdfca594e89127e9eb8ae550b041a6c5d02fca7ec30977363a26ccce,2026-09-30T18:04:33Z
SubmitPartialDecryption,356,e096860027ba05f3448ab9dea541ab438d0f10d0c8ef0307b78f7ec0ddcfb22b,546,481ab5f5e7700784b8212110f2ac79bc384a9502fb03ac6fd58a3addb3e2ca4f,312db4eaf1797e5e316420d2d08d243009f6a18baa7a3e24646cf549d7adf530,9fa2866acdfca594e89127e9eb8ae550b041a6c5d02fca7ec30977363a26ccce,2026-09-30T18:04:33Z
SubmitPartialDecryption,366,143ed9516f861988d84bf6040b5f5ba9e6134be47d5ebc14d21286e8ac866c7e,546,481ab5f5e7700784b8212110f2ac79bc384a9502fb03ac6fd58a3addb3e2ca4f,312db4eaf1797e5e316420d2d08d243009f6a18baa7a3e24646cf549d7adf530,9fa2866acdfca594e89127e9eb8ae550b041a6c5d02fca7ec30977363a26ccce,2026-09-30T18:04:33Z
SubmitPartialDecryption,376,0b9ff1103ca73f8912717e6116f5101019cb5d59c7279d3b0dcf034f7095de6a,547,e6eb2d62bdd5a8a34ddf1bf3c337f88b84cdb262406b95cacf94fa168cdb5e9b,0fabea5a46896a2db4d8d97bc38b2d3dc04a0909f1d118b5d9148946a3ebcc38,481ab5f5e7700784b8212110f2ac79bc384a9502fb03ac6fd58a3addb3e2ca4f,2026-09-30T18:04:35Z
SubmitPartialDecryption,372,0638f22be08c60d5d4905b34607bb68f6f45918578e9e5685f01ee5887c7aca9,547,e6eb2d62bdd5a8a34ddf1bf3c337f88b84cdb262406b95cacf94fa168cdb5e9b,0fabea5a46896a2db4d8d97bc38b2d3dc04a0909f1d118b5d9148946a3ebcc38,481ab5f5e7700784b8212110f2ac79bc384a9502fb03ac6fd58a3addb3e2ca4f,2026-09-30T18:04:35Z
SubmitPartialDecryption,370,160b728d2468c9b57cf1607368534704c541d00a8229d1fdeed6f42ecc530ce2,547,e6eb2d62bdd5a8a34ddf1bf3c337f88b84cdb262406b95cacf94fa168cdb5e9b,0fabea5a46896a2db4d8d97bc38b2d3dc04a0909f1d118b5d9148946a3ebcc38,481ab5f5e7700784b8212110f2ac79bc384a9502fb03ac6fd58a3addb3e2ca4f,2026-09-30T18:04:35Z
SubmitPartialDecryption,368,f44da1f78c55a0db6b475240d175246d8c2cb03fe3806e383029f3ef21269d16,547,e6eb2d62bdd5a8a34ddf1bf3c337f88b84cdb262406b95cacf94fa168cdb5e9b,0fabea5a46896a2db4d8d97bc38b2d3dc04a0909f1d118b5d9148946a3ebcc38,481ab5f5e7700784b8212110f2ac79bc384a9502fb03ac6fd58a3addb3e2ca4f,2026-09-30T18:04:35Z
SubmitPartialDecryption,381,d0618b0281e393dbbc3949eacef35d3f6ecc811dc5a58057578ee442d4f3ab82,547,e6eb2d62bdd5a8a34ddf1bf3c337f88b84cdb262406b95cacf94fa168cdb5e9b,0fabea5a46896a2db4d8d97bc38b2d3dc04a0909f1d118b5d9148946a3ebcc38,481ab5f5e7700784b8212110f2ac79bc384a9502fb03ac6fd58a3addb3e2ca4f,2026-09-30T18:04:36Z
SubmitPartialDecryption,382,5dad3a9cb0f14a8ff926b8effe6fdd48d025b186b92c99b1b7b1aaa1d8cfee61,547,e6eb2d62bdd5a8a34ddf1bf3c337f88b84cdb262406b95cacf94fa168cdb5e9b,0fabea5a46896a2db4d8d97bc38b2d3dc04a0909f1d118b5d9148946a3ebcc38,481ab5f5e7700784b8212110f2ac79bc384a9502fb03ac6fd58a3addb3e2ca4f,2026-09-30T18:04:36Z
SubmitPartialDecryption,379,1495aa0c542cf7462c6f5b6f729784d2740c7bc5563a042583837eade82090bc,547,e6eb2d62bdd5a8a34ddf1bf3c337f88b84cdb262406b95cacf94fa168cdb5e9b,0fabea5a46896a2db4d8d97bc38b2d3dc04a0909f1d118b5d9148946a3ebcc38,481ab5f5e7700784b8212110f2ac79bc384a9502fb03ac6fd58a3addb3e2ca4f,2026-09-30T18:04:36Z
SubmitPartialDecryption,374,0ce457b638ff694b7377685ddbae38de746d9f8dc52e3e45561c36e07429b043,547,e6eb2d62bdd5a8a34ddf1bf3c337f88b84cdb262406b95cacf94fa168cdb5e9b,0fabea5a46896a2db4d8d97bc38b2d3dc04a0909f1d118b5d9148946a3ebcc38,481ab5f5e7700784b8212110f2ac79bc384a9502fb03ac6fd58a3addb3e2ca4f,2026-09-30T18:04:35Z
SubmitPartialDecryption,369,156dfc49d9423b36bb30d4857a7669b1dd45597093f7f83033bf89f218475056,547,e6eb2d62bdd5a8a34ddf1bf3c337f88b84cdb262406b95cacf94fa168cdb5e9b,0fabea5a46896a2db4d8d97bc38b2d3dc04a0909f1d118b5d9148946a3ebcc38,481ab5f5e7700784b8212110f2ac79bc384a9502fb03ac6fd58a3addb3e2ca4f,2026-09-30T18:04:35Z
SubmitPartialDecryption,377,edcd604a48568be2ac606ff0a6ac692272ae6fc0cd21a08d4292891ec5b7eec9,547,e6eb2d62bdd5a8a34ddf1bf3c337f88b84cdb262406b95cacf94fa168cdb5e9b,0fabea5a46896a2db4d8d97bc38b2d3dc04a0909f1d118b5d9148946a3ebcc38,481ab5f5e7700784b8212110f2ac79bc384a9502fb03ac6fd58a3addb3e2ca4f,2026-09-30T18:04:35Z
SubmitPartialDecryption,383,6eb7067b8d4370dcf87d1e8b93699572847c4b438421726c448ecc6e20dc0b79,547,e6eb2d62bdd5a8a34ddf1bf3c337f88b84cdb262406b95cacf94fa168cdb5e9b,0fabea5a46896a2db4d8d97bc38b2d3dc04a0909f1d118b5d9148946a3ebcc38,481ab5f5e7700784b8212110f2ac79bc384a9502fb03ac6fd58a3addb3e2ca4f,2026-09-30T18:04:36Z
SubmitPartialDecryption,378,3f3f2c15df595e6f9957a0cd58e54dd09782a0aa4524592aef7936649aaa1a5e,547,e6eb2d62bdd5a8a34ddf1bf3c337f88b84cdb262406b95cacf94fa168cdb5e9b,0fabea5a46896a2db4d8d97bc38b2d3dc04a0909f1d118b5d9148946a3ebcc38,481ab5f5e7700784b8212110f2ac79bc384a9502fb03ac6fd58a3addb3e2ca4f,2026-09-30T18:04:36Z
SubmitPartialDecryption,380,7e51e29c7f37aa68da349a96a7b8ce58c6d40f6d70644ad1630b9046770bbc9d,547,e6eb2d62bdd5a8a34ddf1bf3c337f88b84cdb262406b95cacf94fa168cdb5e9b,0fabea5a46896a2db4d8d97bc38b2d3dc04a0909f1d118b5d9148946a3ebcc38,481ab5f5e7700784b8212110f2ac79bc384a9502fb03ac6fd58a3addb3e2ca4f,2026-09-30T18:04:36Z
SubmitPartialDecryption,373,2d442c4ce655835b88f03a7dedd7b5a9fc8531aaffec890f86779b9c5354dbe5,547,e6eb2d62bdd5a8a34ddf1bf3c337f88b84cdb262406b95cacf94fa168cdb5e9b,0fabea5a46896a2db4d8d97bc38b2d3dc04a0909f1d118b5d9148946a3ebcc38,481ab5f5e7700784b8212110f2ac79bc384a9502fb03ac6fd58a3addb3e2ca4f,2026-09-30T18:04:35Z
SubmitPartialDecryption,375,ecbf78cc1c959b8e76125d2a318d87afb985f4b47e8ad5a41341efaccd60ca3b,547,e6eb2d62bdd5a8a34ddf1bf3c337f88b84cdb262406b95cacf94fa168cdb5e9b,0fabea5a46896a2db4d8d97bc38b2d3dc04a0909f1d118b5d9148946a3ebcc38,481ab5f5e7700784b8212110f2ac79bc384a9502fb03ac6fd58a3addb3e2ca4f,2026-09-30T18:04:35Z
SubmitPartialDecryption,371,e469771adfe17ff497afd74304bc24513c4cd58c9769b7e115220031211b431c,547,e6eb2d62bdd5a8a34ddf1bf3c337f88b84cdb262406b95cacf94fa168cdb5e9b,0fabea5a46896a2db4d8d97bc38b2d3dc04a0909f1d118b5d9148946a3ebcc38,481ab5f5e7700784b8212110f2ac79bc384a9502fb03ac6fd58a3addb3e2ca4f,2026-09-30T18:04:35Z
SubmitPartialDecryption,395,e412402283b3de7d8cbf94d0fc1f3f3589eaad10d564dbe45a324d051d51e58f,548,720c8453011a0e2e8c739202a1bbd8f908c8b0e35501b1bbeea3538789df87ac,14e724dc1a686de05c332d25b5d2a6f4ac16c880891cb6e29dfa5950adfb12ca,e6eb2d62bdd5a8a34ddf1bf3c337f88b84cdb262406b95cacf94fa168cdb5e9b,2026-09-30T18:04:38Z
SubmitPartialDecryption,396,4c0df05c494f720f63ac69cd6338c0a7b29a36268b64c432445abde6cc4c13fc,548,720c8453011a0e2e8c739202a1bbd8f908c8b0e35501b1bbeea3538789df87ac,14e724dc1a686de05c332d25b5d2a6f4ac16c880891cb6e29dfa5950adfb12ca,e6eb2d62bdd5a8a34ddf1bf3c337f88b84cdb262406b95cacf94fa168cdb5e9b,2026-09-30T18:04:38Z
SubmitPartialDecryption,398,f195e6a8033dc61e8f42a1348627792f2eaaf5056c96aa728f4eafc67c4ed3f5,548,720c8453011a0e2e8c739202a1bbd8f908c8b0e35501b1bbeea3538789df87ac,14e724dc1a686de05c332d25b5d2a6f4ac16c880891cb6e29dfa5950adfb12ca,e6eb2d62bdd5a8a34ddf1bf3c337f88b84cdb262406b95cacf94fa168cdb5e9b,2026-09-30T18:04:38Z
SubmitPartialDecryption,393,9db9014933f981d8f82b0375c9e117560c822aa2cf565a561e3d60945c93e3d2,548,720c8453011a0e2e8c739202a1bbd8f908c8b0e35501b1bbeea3538789df87ac,14e724dc1a686de05c332d25b5d2a6f4ac16c880891cb6e29dfa5950adfb12ca,e6eb2d62bdd5a8a34ddf1bf3c337f88b84cdb262406b95cacf94fa168cdb5e9b,2026-09-30T18:04:38Z
SubmitPartialDecryption,385,d3e02c432486b8b04a0bacf9c45ca641ca8674433c86ca8fba5a10c8f2cb8d00,548,720c8453011a0e2e8c739202a1bbd8f908c8b0e35501b1bbeea3538789df87ac,14e724dc1a686de05c332d25b5d2a6f4ac16c880891cb6e29dfa5950adfb12ca,e6eb2d62bdd5a8a34ddf1bf3c337f88b84cdb262406b95cacf94fa168cdb5e9b,2026-09-30T18:04:38Z
SubmitPartialDecryption,384,b9ebcc1452530dfe8f7030ab23bf05bce1e5507b7efa0551debb2f0966058b7a,548,720c8453011a0e2e8c739202a1bbd8f908c8b0e35501b1bbeea3538789df87ac,14e724dc1a686de05c332d25b5d2a6f4ac16c880891cb6e29dfa5950adfb12ca,e6eb2d62bdd5a8a34ddf1bf3c337f88b84cdb262406b95cacf94fa168cdb5e9b,2026-09-30T18:04:38Z
SubmitPartialDecryption,391,c82dfc6e3cca59c383ad5b02f4da3f24e8a10ab4d4cfeff47b6fd0931a19c7b8,548,720c8453011a0e2e8c739202a1bbd8f908c8b0e35501b1bbeea3538789df87ac,14e724dc1a686de05c332d25b5d2a6f4ac16c880891cb6e29dfa5950adfb12ca,e6eb2d62bdd5a8a34ddf1bf3c337f88b84cdb262406b95cacf94fa168cdb5e9b,2026-09-30T18:04:38Z
SubmitPartialDecryption,390,ca17d2375b190446202cd44acfa3521e0f4e563c6f2bcdd3cd3bba5030059975,548,720c8453011a0e2e8c739202a1bbd8f908c8b0e35501b1bbeea3538789df87ac,14e724dc1a686de05c332d25b5d2a6f4ac16c880891cb6e29dfa5950adfb12ca,e6eb2d62bdd5a8a34ddf1bf3c337f88b84cdb262406b95cacf94fa168cdb5e9b,2026-09-30T18:04:38Z
SubmitPartialDecryption,387,4a709ce809cde6f71bac6d209707af68bb809ed8a4baabd02918df0726b6c1e1,548,720c8453011a0e2e8c739202a1bbd8f908c8b0e35501b1bbeea3538789df87ac,14e724dc1a686de05c332d25b5d2a6f4ac16c880891cb6e29dfa5950adfb12ca,e6eb2d62bdd5a8a34ddf1bf3c337f88b84cdb262406b95cacf94fa168cdb5e9b,2026-09-30T18:04:38Z
SubmitPartialDecryption,397,1698969fc2651848003db8e8a7951ff68811f0de96160324cc24cec7f1b2a3fa,548,720c8453011a0e2e8c739202a1bbd8f908c8b0e35501b1bbeea3538789df87ac,14e724dc1a686de05c332d25b5d2a6f4ac16c880891cb6e29dfa5950adfb12ca,e6eb2d62bdd5a8a34ddf1bf3c337f88b84cdb262406b95cacf94fa168cdb5e9b,2026-09-30T18:04:38Z
SubmitPartialDecryption,389,131cc117734788506de7500906a5813c7ca0689f056a1562b2149225b642e59e,548,720c8453011a0e2e8c739202a1bbd8f908c8b0e35501b1bbeea3538789df87ac,14e724dc1a686de05c332d25b5d2a6f4ac16c880891cb6e29dfa5950adfb12ca,e6eb2d62bdd5a8a34ddf1bf3c337f88b84cdb262406b95cacf94fa168cdb5e9b,2026-09-30T18:04:38Z
SubmitPartialDecryption,399,83f7dde81d59ce1f37c69c152bf9b3e4c4ea953ff4579ae9e2f7ccd8aeb13556,548,720c8453011a0e2e8c739202a1bbd8f908c8b0e35501b1bbeea3538789df87ac,14e724dc1a686de05c332d25b5d2a6f4ac16c880891cb6e29dfa5950adfb12ca,e6eb2d62bdd5a8a34ddf1bf3c337f88b84cdb262406b95cacf94fa168cdb5e9b,2026-09-30T18:04:38Z
SubmitPartialDecryption,394,9cb28b207bcca15697a7ba80f3d87ff22e31c8ff43729d31976610e70a1a6ea9,548,720c8453011a0e2e8c739202a1bbd8f908c8b0e35501b1bbeea3538789df87ac,14e724dc1a686de05c332d25b5d2a6f4ac16c880891cb6e29dfa5950adfb12ca,e6eb2d62bdd5a8a34ddf1bf3c337f88b84cdb262406b95cacf94fa168cdb5e9b,2026-09-30T18:04:38Z
SubmitPartialDecryption,388,bedf44d390251dff293515a96113f2145d97c4a1225ecc0a64f10cf710fe904d,548,720c8453011a0e2e8c739202a1bbd8f908c8b0e35501b1bbeea3538789df87ac,14e724dc1a686de05c332d25b5d2a6f4ac16c880891cb6e29dfa5950adfb12ca,e6eb2d62bdd5a8a34ddf1bf3c337f88b84cdb262406b95cacf94fa168cdb5e9b,2026-09-30T18:04:38Z
SubmitPartialDecryption,392,5f18171f823f83939c949469c3cdbd5eaf50f17f0b58a4e3c8058887449d768f,548,720c8453011a0e2e8c739202a1bbd8f908c8b0e35501b1bbeea3538789df87ac,14e724dc1a686de05c332d25b5d2a6f4ac16c880891cb6e29dfa5950adfb12ca,e6eb2d62bdd5a8a34ddf1bf3c337f88b84cdb262406b95cacf94fa168cdb5e9b,2026-09-30T18:04:38Z
SubmitPartialDecryption,386,cc837cf62bf0399a096091700a951cd3d9bbb5fe4fb5a5b01ca8799f4815c03c,548,720c8453011a0e2e8c739202a1bbd8f908c8b0e35501b1bbeea3538789df87ac,14e724dc1a686de05c332d25b5d2a6f4ac16c880891cb6e29dfa5950adfb12ca,e6eb2d62bdd5a8a34ddf1bf3c337f88b84cdb262406b95cacf94fa168cdb5e9b,2026-09-30T18:04:38Z
SubmitPartialDecryption,404,03242d0d27ef6720ae61b31dafb3e4a86bb4ccbe5aa12bae32a9b1b419ec8fe6,549,204034ac852dc04130f94c9c7880d33154ddc1dcf5e60e7ba517c77f3a0cf4ad,655a32f355a9f2a754e2b32323494dbd04693afd1e64115cba0604366b8edcdf,720c8453011a0e2e8c739202a1bbd8f908c8b0e35501b1bbeea3538789df87ac,2026-09-30T18:04:40Z
SubmitPartialDecryption,407,8487cd62408d6d35b607b4eddf86af0eb354a022df43d519bc9b18965fae7278,549,204034ac852dc04130f94c9c7880d33154ddc1dcf5e60e7ba517c77f3a0cf4ad,655a32f355a9f2a754e2b32323494dbd04693afd1e64115cba0604366b8edcdf,720c8453011a0e2e8c739202a1bbd8f908c8b0e35501b1bbeea3538789df87ac,2026-09-30T18:04:40Z
SubmitPartialDecryption,412,59fe5ab0fbc248630e01cf7de9d3452dc50246b532159444c56817069a3c006f,549,204034ac852dc04130f94c9c7880d33154ddc1dcf5e60e7ba517c77f3a0cf4ad,655a32f355a9f2a754e2b32323494dbd04693afd1e64115cba0604366b8edcdf,720c8453011a0e2e8c739202a1bbd8f908c8b0e35501b1bbeea3538789df87ac,2026-09-30T18:04:40Z
SubmitPartialDecryption,406,2d2f38c6750d7ef4c5c796719add0702f8e773c2c9e649150419af92ce85c1e8,549,204034ac852dc04130f94c9c7880d33154ddc1dcf5e60e7ba517c77f3a0cf4ad,655a32f355a9f2a754e2b32323494dbd04693afd1e64115cba0604366b8edcdf,720c8453011a0e2e8c739202a1bbd8f908c8b0e35501b1bbeea3538789df87ac,2026-09-30T18:04:40Z
SubmitPartialDecryption,415,1ed35ae236d2bb4169455d0259ae6392208ee5501b45d30357178f49748112bb,549,204034ac852dc04130f94c9c7880d33154ddc1dcf5e60e7ba517c77f3a0cf4ad,655a32f355a9f2a754e2b32323494dbd04693afd1e64115cba0604366b8edcdf,720c8453011a0e2e8c739202a1bbd8f908c8b0e35501b1bbeea3538789df87ac,2026-09-30T18:04:40Z
SubmitPartialDecryption,414,ab2eac09fb33287f2e2180fffe519ffe3e59c4c1b49ef65d5b540d68fcc2b126,549,204034ac852dc04130f94c9c7880d33154ddc1dcf5e60e7ba517c77f3a0cf4ad,655a32f355a9f2a754e2b32323494dbd04693afd1e64115cba0604366b8edcdf,720c8453011a0e2e8c739202a1bbd8f908c8b0e35501b1bbeea3538789df87ac,2026-09-30T18:04:40Z
SubmitPartialDecryption,408,40ed324315c15bd4e32551444b10f11c5f1cf8e31b4b257c7280f52d55954b35,549,204034ac852dc04130f94c9c7880d33154ddc1dcf5e60e7ba517c77f3a0cf4ad,655a32f355a9f2a754e2b32323494dbd04693afd1e64115cba0604366b8edcdf,720c8453011a0e2e8c739202a1bbd8f908c8b0e35501b1bbeea3538789df87ac,2026-09-30T18:04:40Z
SubmitPartialDecryption,405,ba45e6e7e4e5c6ec2c761d2060ab931595a9491fc5a3f7a1a4cde635f3bc4da2,549,204034ac852dc04130f94c9c7880d33154ddc1dcf5e60e7ba517c77f3a0cf4ad,655a32f355a9f2a754e2b32323494dbd04693afd1e64115cba0604366b8edcdf,720c8453011a0e2e8c739202a1bbd8f908c8b0e35501b1bbeea3538789df87ac,2026-09-30T18:04:40Z
SubmitPartialDecryption,411,ac9a0e2f05f3290e346bbb5e5390c2cc930a71108086e3d4fb6954a216afd8a5,549,204034ac852dc04130f94c9c7880d33154ddc1dcf5e60e7ba517c77f3a0cf4ad,655a32f355a9f2a754e2b32323494dbd04693afd1e64115cba0604366b8edcdf,720c8453011a0e2e8c739202a1bbd8f908c8b0e35501b1bbeea3538789df87ac,2026-09-30T18:04:40Z
SubmitPartialDecryption,401,14b60d91d8dc19f8f7def9fc90559cf99c2d246fb29e7f9392117a8958d355b6,549,204034ac852dc04130f94c9c7880d33154ddc1dcf5e60e7ba517c77f3a0cf4ad,655a32f355a9f2a754e2b32323494dbd04693afd1e64115cba0604366b8edcdf,720c8453011a0e2e8c739202a1bbd8f908c8b0e35501b1bbeea3538789df87ac,2026-09-30T18:04:40Z
SubmitPartialDecryption,409,d01a31adb23625fd35596d008678def88227aba388ec60428bbea1fb3fe9c7fb,549,204034ac852dc04130f94c9c7880d33154ddc1dcf5e60e7ba517c77f3a0cf4ad,655a32f355a9f2a754e2b32323494dbd04693afd1e64115cba0604366b8edcdf,720c8453011a0e2e8c739202a1bbd8f908c8b0e35501b1bbeea3538789df87ac,2026-09-30T18:04:40Z
SubmitPartialDecryption,402,207a003c6c6950fb0a3ad963851392c1a294feeedd484dc34f2162993d931a4d,549,204034ac852dc04130f94c9c7880d33154ddc1dcf5e60e7ba517c77f3a0cf4ad,655a32f355a9f2a754e2b32323494dbd04693afd1e64115cba0604366b8edcdf,720c8453011a0e2e8c739202a1bbd8f908c8b0e35501b1bbeea3538789df87ac,2026-09-30T18:04:40Z
SubmitPartialDecryption,410,0c139fe1c9aba79857ba71018748b46efcac792f949cd7f865d3d08ce7f704b0,549,204034ac852dc04130f94c9c7880d33154ddc1dcf5e60e7ba517c77f3a0cf4ad,655a32f355a9f2a754e2b32323494dbd04693afd1e64115cba0604366b8edcdf,720c8453011a0e2e8c739202a1bbd8f908c8b0e35501b1bbeea3538789df87ac,2026-09-30T18:04:40Z
SubmitPartialDecryption,403,fc83f9953696a108a7a342fd35d113900061ebe8d1dadc2b6e4768bcf06192f3,549,204034ac852dc04130f94c9c7880d33154ddc1dcf5e60e7ba517c77f3a0cf4ad,655a32f355a9f2a754e2b32323494dbd04693afd1e64115cba0604366b8edcdf,720c8453011a0e2e8c739202a1bbd8f908c8b0e35501b1bbeea3538789df87ac,2026-09-30T18:04:40Z
SubmitPartialDecryption,400,cea33e14b097d62d479f418fd8981e4d4ba47b08852d0b2404dcfef0a2daa076,549,204034ac852dc04130f94c9c7880d33154ddc1dcf5e60e7ba517c77f3a0cf4ad,655a32f355a9f2a754e2b32323494dbd04693afd1e64115cba0604366b8edcdf,720c8453011a0e2e8c739202a1bbd8f908c8b0e35501b1bbeea3538789df87ac,2026-09-30T18:04:40Z
SubmitPartialDecryption,413,368d6f157b1ad3c5c5880ef0454afe9574742014eaca101c2764b4d4bbda3015,549,204034ac852dc04130f94c9c7880d33154ddc1dcf5e60e7ba517c77f3a0cf4ad,655a32f355a9f2a754e2b32323494dbd04693afd1e64115cba0604366b8edcdf,720c8453011a0e2e8c739202a1bbd8f908c8b0e35501b1bbeea3538789df87ac,2026-09-30T18:04:40Z
SubmitPartialDecryption,416,3b2c57740b0fd349c308fe8d8bbe542ca6bb46302b52b17fbede371c2bec21a9,550,91c04958515618912688905f57fb2f88e84266f63421f11281149b5010ff38c3,435b27ef539cff56d2719bbf857b448c61a65da452e756624b2a5d283425d83b,204034ac852dc04130f94c9c7880d33154ddc1dcf5e60e7ba517c77f3a0cf4ad,2026-09-30T18:04:42Z
SubmitPartialDecryption,419,4a41699daaaa142e70ef0eabdc6ffded3e5a346bf7a7b6d1b59010ac1c6e97fd,550,91c04958515618912688905f57fb2f88e84266f63421f11281149b5010ff38c3,435b27ef539cff56d2719bbf857b448c61a65da452e756624b2a5d283425d83b,204034ac852dc04130f94c9c7880d33154ddc1dcf5e60e7ba517c77f3a0cf4ad,2026-09-30T18:04:42Z
SubmitPartialDecryption,418,d1199ae1787ac13d2f2ae2f275e76cef696aedcb13528bbde7af29646cd0fea1,550,91c04958515618912688905f57fb2f88e84266f63421f11281149b5010ff38c3,435b27ef539cff56d2719bbf857b448c61a65da452e756624b2a5d283425d83b,204034ac852dc04130f94c9c7880d33154ddc1dcf5e60e7ba517c77f3a0cf4ad,2026-09-30T18:04:42Z
SubmitPartialDecryption,417,b11c0658337e4cce2eef41cb1c9092ceba9f301ccbf8e07c7cbe3ccc4faf78ee,550,91c04958515618912688905f57fb2f88e84266f63421f11281149b5010ff38c3,435b27ef539cff56d2719bbf857b448c61a65da452e756624b2a5d283425d83b,204034ac852dc04130f94c9c7880d33154ddc1dcf5e60e7ba517c77f3a0cf4ad,2026-09-30T18:04:42Z
PublishTally,,e91bc7b7d93fa0a0cc92a69fef466f618648ad67b0fdbcc0a3dab44b44f003eb,551,4bbb014f35d13ea65806baa3b75a1b53b05239af8d80f81095bba204914a4b29,5d40739ab0fba5a03729a4a5372d283ed36d49bb9178ae5edf1f29d6f7379b2d,91c04958515618912688905f57fb2f88e84266f63421f11281149b5010ff38c3,2026-09-30T18:04:44Z
