event,ref,tx_id,block_number,block_hash,data_hash,previous_hash,timestamp
CreateElection,,725953465e9b504b35367a6889ca71e7db9c6afb38baa1ade2dd27d800d45eee,97,44b1c5f31576f820f8a89a7b112c71bba78fdc183d4b537e29bab86767c55e72,3a388ea24652a010b1c6686e0061b983b49387154734cf1b82bc6bb031fd2d74,6a96385d4e8239fa8ced58a7653368f0241a1e22ca865fb7f01fa9993ea7b8f9,2026-09-30T17:41:45Z
PublishDKGTranscript,,17988e38053fce2dabe6edab3bfe037025acb2f91c9e6ad38fb7d3d8cbcebfb3,98,613acb09dbb3d0c40276d4e5c7345374c607d9023eefb374a1b41303e8a0967c,975ab3c8c6079c45f99c35616946188522834aac1210a8d42b994648974480d6,44b1c5f31576f820f8a89a7b112c71bba78fdc183d4b537e29bab86767c55e72,2026-09-30T17:41:47Z
CloseElection,,e5819d7c858237a8e6b94bb396a42d2b46cdb09332d137b5e721dd1a4103fbe1,159,cd98c8b95cc9b1e41e7af15a6e5d0643f65005beb8057021d70b66b4f95f1b19,3031df19076cd953e49f843eb1a73ad332f7d2ffc39643c805445d0cc6de4bb1,15310e3ae5f57a6e9fc95621541b67f8ef7a04895f149f7fb85c767007947104,2026-09-30T17:42:04Z
SubmitPartialDecryption,2,ed445dc99eb9029979a2f97233139c43cba8055dd49eed9efae89ea03c98a7b9,160,fd2848008abca260396198760d7defc21c7ccee946987145a9b0dc8d897aa99d,6f7ab28a437f0d48cf59f835343f2db68c25ab1e167dca9c83614e85187e65a5,cd98c8b95cc9b1e41e7af15a6e5d0643f65005beb8057021d70b66b4f95f1b19,2026-09-30T17:42:06Z
SubmitPartialDecryption,7,5cb0ec4dc59ebf05d6e4a9ecef674da240a80c107d197b780bdcf9a58ed07b61,160,fd2848008abca260396198760d7defc21c7ccee946987145a9b0dc8d897aa99d,6f7ab28a437f0d48cf59f835343f2db68c25ab1e167dca9c83614e85187e65a5,cd98c8b95cc9b1e41e7af15a6e5d0643f65005beb8057021d70b66b4f95f1b19,2026-09-30T17:42:06Z
SubmitPartialDecryption,6,e2bb2d513c14f632abee9d02e8a5543230c680b112108a9aeacaac22c2072bf3,160,fd2848008abca260396198760d7defc21c7ccee946987145a9b0dc8d897aa99d,6f7ab28a437f0d48cf59f835343f2db68c25ab1e167dca9c83614e85187e65a5,cd98c8b95cc9b1e41e7af15a6e5d0643f65005beb8057021d70b66b4f95f1b19,2026-09-30T17:42:06Z
SubmitPartialDecryption,15,3f9d6b5613d6cd70062926f8c6551d7ca0f01c4cbb7fb08bd40195f640517f12,160,fd2848008abca260396198760d7defc21c7ccee946987145a9b0dc8d897aa99d,6f7ab28a437f0d48cf59f835343f2db68c25ab1e167dca9c83614e85187e65a5,cd98c8b95cc9b1e41e7af15a6e5d0643f65005beb8057021d70b66b4f95f1b19,2026-09-30T17:42:06Z
SubmitPartialDecryption,5,37a775d9038561afe21f4dbb1e8c5d0163eaf77b524990582bb06ba717c1a3ab,160,fd2848008abca260396198760d7defc21c7ccee946987145a9b0dc8d897aa99d,6f7ab28a437f0d48cf59f835343f2db68c25ab1e167dca9c83614e85187e65a5,cd98c8b95cc9b1e41e7af15a6e5d0643f65005beb8057021d70b66b4f95f1b19,2026-09-30T17:42:06Z
SubmitPartialDecryption,3,09aed829190f47f8a1865a0330393ec580384eade3909f78810c4ab2d295ffcf,160,fd2848008abca260396198760d7defc21c7ccee946987145a9b0dc8d897aa99d,6f7ab28a437f0d48cf59f835343f2db68c25ab1e167dca9c83614e85187e65a5,cd98c8b95cc9b1e41e7af15a6e5d0643f65005beb8057021d70b66b4f95f1b19,2026-09-30T17:42:06Z
SubmitPartialDecryption,13,ec971503c1706aedfde90e455e9ed93e5354d72468c6cdcba09effeec4b83680,160,fd2848008abca260396198760d7defc21c7ccee946987145a9b0dc8d897aa99d,6f7ab28a437f0d48cf59f835343f2db68c25ab1e167dca9c83614e85187e65a5,cd98c8b95cc9b1e41e7af15a6e5d0643f65005beb8057021d70b66b4f95f1b19,2026-09-30T17:42:06Z
SubmitPartialDecryption,1,1fd686d4b7ff5ce7aee0ca5f1d8763f308725dc5abc4a11e534ebe7bdb88a039,160,fd2848008abca260396198760d7defc21c7ccee946987145a9b0dc8d897aa99d,6f7ab28a437f0d48cf59f835343f2db68c25ab1e167dca9c83614e85187e65a5,cd98c8b95cc9b1e41e7af15a6e5d0643f65005beb8057021d70b66b4f95f1b19,2026-09-30T17:42:06Z
SubmitPartialDecryption,0,dac64c0c0a98e83e056a5f4cfa53620f4860616750ae2b8ee9195340d5c60ba2,160,fd2848008abca260396198760d7defc21c7ccee946987145a9b0dc8d897aa99d,6f7ab28a437f0d48cf59f835343f2db68c25ab1e167dca9c83614e85187e65a5,cd98c8b95cc9b1e41e7af15a6e5d0643f65005beb8057021d70b66b4f95f1b19,2026-09-30T17:42:06Z
SubmitPartialDecryption,9,5b57245862f9d1de1347346b7efb0025df1e5b3bd876a8fc2b1b16c5ea42b6ec,160,fd2848008abca260396198760d7defc21c7ccee946987145a9b0dc8d897aa99d,6f7ab28a437f0d48cf59f835343f2db68c25ab1e167dca9c83614e85187e65a5,cd98c8b95cc9b1e41e7af15a6e5d0643f65005beb8057021d70b66b4f95f1b19,2026-09-30T17:42:06Z
SubmitPartialDecryption,10,92462f0568778edc84fb7ebc9d9e05d7cd63eebe85c49b9104a7a2fa4ded6e8d,160,fd2848008abca260396198760d7defc21c7ccee946987145a9b0dc8d897aa99d,6f7ab28a437f0d48cf59f835343f2db68c25ab1e167dca9c83614e85187e65a5,cd98c8b95cc9b1e41e7af15a6e5d0643f65005beb8057021d70b66b4f95f1b19,2026-09-30T17:42:06Z
SubmitPartialDecryption,12,b81a7a712cf2aeb7a37559e2c6f68954942fe1eb134368b9714dad25c4e1bef3,160,fd2848008abca260396198760d7defc21c7ccee946987145a9b0dc8d897aa99d,6f7ab28a437f0d48cf59f835343f2db68c25ab1e167dca9c83614e85187e65a5,cd98c8b95cc9b1e41e7af15a6e5d0643f65005beb8057021d70b66b4f95f1b19,2026-09-30T17:42:06Z
SubmitPartialDecryption,4,e994fbab6ed2a768d6e63f2d611c1ff5c1e623b29e0b0ad2da94ec3044ceb913,160,fd2848008abca260396198760d7defc21c7ccee946987145a9b0dc8d897aa99d,6f7ab28a437f0d48cf59f835343f2db68c25ab1e167dca9c83614e85187e65a5,cd98c8b95cc9b1e41e7af15a6e5d0643f65005beb8057021d70b66b4f95f1b19,2026-09-30T17:42:06Z
SubmitPartialDecryption,11,42c99c94b6d814da4298a8265f46c4e062ff20b5edd9557871233f3c3ec829a0,160,fd2848008abca260396198760d7defc21c7ccee946987145a9b0dc8d897aa99d,6f7ab28a437f0d48cf59f835343f2db68c25ab1e167dca9c83614e85187e65a5,cd98c8b95cc9b1e41e7af15a6e5d0643f65005beb8057021d70b66b4f95f1b19,2026-09-30T17:42:06Z
SubmitPartialDecryption,14,f8a80ac2ba7355a4bb75a4b35e873f19a33bfdb8f210dc147c616ddc5cfa4154,160,fd2848008abca260396198760d7defc21c7ccee946987145a9b0dc8d897aa99d,6f7ab28a437f0d48cf59f835343f2db68c25ab1e167dca9c83614e85187e65a5,cd98c8b95cc9b1e41e7af15a6e5d0643f65005beb8057021d70b66b4f95f1b19,2026-09-30T17:42:06Z
SubmitPartialDecryption,8,5bc5d1b5b7235c14a8820b011e7a1249da8ebd56bca9d2991b07c00cfc041ae7,160,fd2848008abca260396198760d7defc21c7ccee946987145a9b0dc8d897aa99d,6f7ab28a437f0d48cf59f835343f2db68c25ab1e167dca9c83614e85187e65a5,cd98c8b95cc9b1e41e7af15a6e5d0643f65005beb8057021d70b66b4f95f1b19,2026-09-30T17:42:06Z
SubmitPartialDecryption,26,368228fd57ec3a11691d92cedc4d7bfed445fd3b3a3c1ea45ef97b87832b7828,161,ced1e7d0c4c086d44fd1d176c071308a0dd50427668ccccb6c9575c41b64efef,f9a9770e40300bdc39fbc7c9ad83c33dade9c0568b83e2aeecc5536d67dcbbf7,fd2848008abca260396198760d7defc21c7ccee946987145a9b0dc8d897aa99d,2026-09-30T17:42:08Z
SubmitPartialDecryption,21,5045e82144ba4f4a6309572f484afba5721e4e33a9084f2048b23ef39f3a3578,161,ced1e7d0c4c086d44fd1d176c071308a0dd50427668ccccb6c9575c41b64efef,f9a9770e40300bdc39fbc7c9ad83c33dade9c0568b83e2aeecc5536d67dcbbf7,fd2848008abca260396198760d7defc21c7ccee946987145a9b0dc8d897aa99d,2026-09-30T17:42:08Z
SubmitPartialDecryption,20,f945da78d1f2e51519df7046e426a0fcd90e5fbd7d8a467dc845dd4d73446d37,161,ced1e7d0c4c086d44fd1d176c071308a0dd50427668ccccb6c9575c41b64efef,f9a9770e40300bdc39fbc7c9ad83c33dade9c0568b83e2aeecc5536d67dcbbf7,fd2848008abca260396198760d7defc21c7ccee946987145a9b0dc8d897aa99d,2026-09-30T17:42:08Z
SubmitPartialDecryption,22,2ed7621f5987ac5a165e72897f51ff24c41226d1b0d148d5bdf958e468885e9d,161,ced1e7d0c4c086d44fd1d176c071308a0dd50427668ccccb6c9575c41b64efef,f9a9770e40300bdc39fbc7c9ad83c33dade9c0568b83e2aeecc5536d67dcbbf7,fd2848008abca260396198760d7defc21c7ccee946987145a9b0dc8d897aa99d,2026-09-30T17:42:08Z
SubmitPartialDecryption,25,b3950c00715c0e0fb972eee72b0cf572b097bd3ac0a51941db788ce95720a4ee,161,ced1e7d0c4c086d44fd1d176c071308a0dd50427668ccccb6c9575c41b64efef,f9a9770e40300bdc39fbc7c9ad83c33dade9c0568b83e2aeecc5536d67dcbbf7,fd2848008abca260396198760d7defc21c7ccee946987145a9b0dc8d897aa99d,2026-09-30T17:42:08Z
SubmitPartialDecryption,18,98a1d718841b716e2113d8ab43bc48a39642ae430dffc9f136b07213214b4d50,161,ced1e7d0c4c086d44fd1d176c071308a0dd50427668ccccb6c9575c41b64efef,f9a9770e40300bdc39fbc7c9ad83c33dade9c0568b83e2aeecc5536d67dcbbf7,fd2848008abca260396198760d7defc21c7ccee946987145a9b0dc8d897aa99d,2026-09-30T17:42:08Z
SubmitPartialDecryption,17,76d05958e426d9754fa2ac3d4255bc47ba8fc9aaf73aee7961275f0c7b321da3,161,ced1e7d0c4c086d44fd1d176c071308a0dd50427668ccccb6c9575c41b64efef,f9a9770e40300bdc39fbc7c9ad83c33dade9c0568b83e2aeecc5536d67dcbbf7,fd2848008abca260396198760d7defc21c7ccee946987145a9b0dc8d897aa99d,2026-09-30T17:42:08Z
SubmitPartialDecryption,28,f2358923d4f1d4378149b1ed54709ca0b4311130f0b0945f2f30ed3e2c832af3,161,ced1e7d0c4c086d44fd1d176c071308a0dd50427668ccccb6c9575c41b64efef,f9a9770e40300bdc39fbc7c9ad83c33dade9c0568b83e2aeecc5536d67dcbbf7,fd2848008abca260396198760d7defc21c7ccee946987145a9b0dc8d897aa99d,2026-09-30T17:42:08Z
SubmitPartialDecryption,31,81f04bbc4a7cbff61136bfec8a72b6f836540bf0b70eb673e8953cac18b9eadc,161,ced1e7d0c4c086d44fd1d176c071308a0dd50427668ccccb6c9575c41b64efef,f9a9770e40300bdc39fbc7c9ad83c33dade9c0568b83e2aeecc5536d67dcbbf7,fd2848008abca260396198760d7defc21c7ccee946987145a9b0dc8d897aa99d,2026-09-30T17:42:08Z
SubmitPartialDecryption,29,3c850706a678e7c8c00316bc62e56128a873977ba581e36265352b39008d3ff8,161,ced1e7d0c4c086d44fd1d176c071308a0dd50427668ccccb6c9575c41b64efef,f9a9770e40300bdc39fbc7c9ad83c33dade9c0568b83e2aeecc5536d67dcbbf7,fd2848008abca260396198760d7defc21c7ccee946987145a9b0dc8d897aa99d,2026-09-30T17:42:08Z
SubmitPartialDecryption,30,8d3dd673e4c35588ffc3bc39b3780b16a88e7f3d0b85bebce8e47eba8c521074,161,ced1e7d0c4c086d44fd1d176c071308a0dd50427668ccccb6c9575c41b64efef,f9a9770e40300bdc39fbc7c9ad83c33dade9c0568b83e2aeecc5536d67dcbbf7,fd2848008abca260396198760d7defc21c7ccee946987145a9b0dc8d897aa99d,2026-09-30T17:42:08Z
SubmitPartialDecryption,27,8ce99f233feeae8e3b6a8f0182ce9b313ede76f2dc690b9536717af6955ac483,161,ced1e7d0c4c086d44fd1d176c071308a0dd50427668ccccb6c9575c41b64efef,f9a9770e40300bdc39fbc7c9ad83c33dade9c0568b83e2aeecc5536d67dcbbf7,fd2848008abca260396198760d7defc21c7ccee946987145a9b0dc8d897aa99d,2026-09-30T17:42:08Z
SubmitPartialDecryption,24,a9aa3ad7db7f19ea622701f2ec3abcaccd19a92bc4049fd0ca924f529b363860,161,ced1e7d0c4c086d44fd1d176c071308a0dd50427668ccccb6c9575c41b64efef,f9a9770e40300bdc39fbc7c9ad83c33dade9c0568b83e2aeecc5536d67dcbbf7,fd2848008abca260396198760d7defc21c7ccee946987145a9b0dc8d897aa99d,2026-09-30T17:42:08Z
SubmitPartialDecryption,16,16a2b4fc1ffedf537abc7eec85a99dca82a72320be4301be23915474a4086a13,161,ced1e7d0c4c086d44fd1d176c071308a0dd50427668ccccb6c9575c41b64efef,f9a9770e40300bdc39fbc7c9ad83c33dade9c0568b83e2aeecc5536d67dcbbf7,fd2848008abca260396198760d7defc21c7ccee946987145a9b0dc8d897aa99d,2026-09-30T17:42:08Z
SubmitPartialDecryption,23,0d7f38b5ed3572d1cbffcb7a253bad736f02ee7a8a0eb13671764fd6c28912f3,161,ced1e7d0c4c086d44fd1d176c071308a0dd50427668ccccb6c9575c41b64efef,f9a9770e40300bdc39fbc7c9ad83c33dade9c0568b83e2aeecc5536d67dcbbf7,fd2848008abca260396198760d7defc21c7ccee946987145a9b0dc8d897aa99d,2026-09-30T17:42:08Z
SubmitPartialDecryption,19,1a48724eb3e8674575537b57b8fb5952bf9c454a4eb5beffc36344a40e1bf23d,161,ced1e7d0c4c086d44fd1d176c071308a0dd50427668ccccb6c9575c41b64efef,f9a9770e40300bdc39fbc7c9ad83c33dade9c0568b83e2aeecc5536d67dcbbf7,fd2848008abca260396198760d7defc21c7ccee946987145a9b0dc8d897aa99d,2026-09-30T17:42:08Z
SubmitPartialDecryption,40,b1663150cfe3ffc39d2d205d2a22d7541030c28f1b46ff5c6be4d435b46bfd72,162,30655dbfb5109a970c9ebfbacc5dcea01e2771d3dffbbe495cd543036af218df,98dc395d5a856fe55b778ef52f09aea8a77b50c85c9793229985386553f2a989,ced1e7d0c4c086d44fd1d176c071308a0dd50427668ccccb6c9575c41b64efef,2026-09-30T17:42:10Z
SubmitPartialDecryption,34,7a432e5aa6e187a079c1f7792b9c52b0c9c3dd353474a6efdcd8d276f7a16ab0,162,30655dbfb5109a970c9ebfbacc5dcea01e2771d3dffbbe495cd543036af218df,98dc395d5a856fe55b778ef52f09aea8a77b50c85c9793229985386553f2a989,ced1e7d0c4c086d44fd1d176c071308a0dd50427668ccccb6c9575c41b64efef,2026-09-30T17:42:10Z
SubmitPartialDecryption,42,8045a94f07c466dc8922abb51d29ef1938db33eb0b32762c743389046bc1cfad,162,30655dbfb5109a970c9ebfbacc5dcea01e2771d3dffbbe495cd543036af218df,98dc395d5a856fe55b778ef52f09aea8a77b50c85c9793229985386553f2a989,ced1e7d0c4c086d44fd1d176c071308a0dd50427668ccccb6c9575c41b64efef,2026-09-30T17:42:10Z
SubmitPartialDecryption,38,30307da35052cec159ee3d1fccc587b97e6cc6f583de73cb1caf25b6b79efa24,162,30655dbfb5109a970c9ebfbacc5dcea01e2771d3dffbbe495cd543036af218df,98dc395d5a856fe55b778ef52f09aea8a77b50c85c9793229985386553f2a989,ced1e7d0c4c086d44fd1d176c071308a0dd50427668ccccb6c9575c41b64efef,2026-09-30T17:42:10Z
SubmitPartialDecryption,44,4f3b09d9e04b6911ce063dabf5ced6cdfe0838512850799db2d2b5e94ce0b323,162,30655dbfb5109a970c9ebfbacc5dcea01e2771d3dffbbe495cd543036af218df,98dc395d5a856fe55b778ef52f09aea8a77b50c85c9793229985386553f2a989,ced1e7d0c4c086d44fd1d176c071308a0dd50427668ccccb6c9575c41b64efef,2026-09-30T17:42:10Z
SubmitPartialDecryption,33,722dac8d59ec70f1a17719ecf15d9573a57b7a1cbede8e5bc8c48f877b5b4dd3,162,30655dbfb5109a970c9ebfbacc5dcea01e2771d3dffbbe495cd543036af218df,98dc395d5a856fe55b778ef52f09aea8a77b50c85c9793229985386553f2a989,ced1e7d0c4c086d44fd1d176c071308a0dd50427668ccccb6c9575c41b64efef,2026-09-30T17:42:10Z
SubmitPartialDecryption,32,a606a36e6c575e29b0e6f6e514d26952100788cd610886a92fdf3f5ab7410377,162,30655dbfb5109a970c9ebfbacc5dcea01e2771d3dffbbe495cd543036af218df,98dc395d5a856fe55b778ef52f09aea8a77b50c85c9793229985386553f2a989,ced1e7d0c4c086d44fd1d176c071308a0dd50427668ccccb6c9575c41b64efef,2026-09-30T17:42:10Z
SubmitPartialDecryption,39,c7c8d0f9958622eea3d576f150a9a95752985fa3b1085f782210813505b64a84,162,30655dbfb5109a970c9ebfbacc5dcea01e2771d3dffbbe495cd543036af218df,98dc395d5a856fe55b778ef52f09aea8a77b50c85c9793229985386553f2a989,ced1e7d0c4c086d44fd1d176c071308a0dd50427668ccccb6c9575c41b64efef,2026-09-30T17:42:10Z
SubmitPartialDecryption,43,25f3876a78c5ff8204446a223c9901bedf02f76154fd0516f55605deabd3b01d,162,30655dbfb5109a970c9ebfbacc5dcea01e2771d3dffbbe495cd543036af218df,98dc395d5a856fe55b778ef52f09aea8a77b50c85c9793229985386553f2a989,ced1e7d0c4c086d44fd1d176c071308a0dd50427668ccccb6c9575c41b64efef,2026-09-30T17:42:10Z
SubmitPartialDecryption,45,267eaa5dc9195fabf1d31516f05096a3b2aa53c1bb0ee07b24346a42ab315308,162,30655dbfb5109a970c9ebfbacc5dcea01e2771d3dffbbe495cd543036af218df,98dc395d5a856fe55b778ef52f09aea8a77b50c85c9793229985386553f2a989,ced1e7d0c4c086d44fd1d176c071308a0dd50427668ccccb6c9575c41b64efef,2026-09-30T17:42:10Z
SubmitPartialDecryption,37,3bc59da21f3f99c61018911488ea4cf60e844689b0a6723b39f33a5e344ddf97,162,30655dbfb5109a970c9ebfbacc5dcea01e2771d3dffbbe495cd543036af218df,98dc395d5a856fe55b778ef52f09aea8a77b50c85c9793229985386553f2a989,ced1e7d0c4c086d44fd1d176c071308a0dd50427668ccccb6c9575c41b64efef,2026-09-30T17:42:10Z
SubmitPartialDecryption,35,247a3173b9c5d3f1e601b8ba5557326d0ccafdab774e0959bb0f8ba392a1612a,162,30655dbfb5109a970c9ebfbacc5dcea01e2771d3dffbbe495cd543036af218df,98dc395d5a856fe55b778ef52f09aea8a77b50c85c9793229985386553f2a989,ced1e7d0c4c086d44fd1d176c071308a0dd50427668ccccb6c9575c41b64efef,2026-09-30T17:42:10Z
SubmitPartialDecryption,41,d325966b6835d88e1b2719d04c02d4528accc930a8e3ce2af53c620c52deb458,162,30655dbfb5109a970c9ebfbacc5dcea01e2771d3dffbbe495cd543036af218df,98dc395d5a856fe55b778ef52f09aea8a77b50c85c9793229985386553f2a989,ced1e7d0c4c086d44fd1d176c071308a0dd50427668ccccb6c9575c41b64efef,2026-09-30T17:42:10Z
SubmitPartialDecryption,47,88e08140cd5c59978ec6b9a633a863204a104ebfa65f509b46e9b0dea265233d,162,30655dbfb5109a970c9ebfbacc5dcea01e2771d3dffbbe495cd543036af218df,98dc395d5a856fe55b778ef52f09aea8a77b50c85c9793229985386553f2a989,ced1e7d0c4c086d44fd1d176c071308a0dd50427668ccccb6c9575c41b64efef,2026-09-30T17:42:10Z
SubmitPartialDecryption,46,4ed535e1839641274dc7d391a943c151151195ed43ef3f794fcbb7a7f892161a,162,30655dbfb5109a970c9ebfbacc5dcea01e2771d3dffbbe495cd543036af218df,98dc395d5a856fe55b778ef52f09aea8a77b50c85c9793229985386553f2a989,ced1e7d0c4c086d44fd1d176c071308a0dd50427668ccccb6c9575c41b64efef,2026-09-30T17:42:10Z
SubmitPartialDecryption,36,2a7dd22b1456caf552b0ce84ced20153c3bb3fe1d8afe988fbe7674e57396429,162,30655dbfb5109a970c9ebfbacc5dcea01e2771d3dffbbe495cd543036af218df,98dc395d5a856fe55b778ef52f09aea8a77b50c85c9793229985386553f2a989,ced1e7d0c4c086d44fd1d176c071308a0dd50427668ccccb6c9575c41b64efef,2026-09-30T17:42:10Z
SubmitPartialDecryption,52,b88f8d76d148ee9f6e24c0b564eb1f0047cdd0045889ef4d6e69ff288196e748,163,eed9799744f44a66bdfd83ca629796426a88ac579b1abdfbbe9a3359efef48ef,b965062947af3df0408fc3adeac918440dcb482316b40b2ae9f910e8566e8a5a,30655dbfb5109a970c9ebfbacc5dcea01e2771d3dffbbe495cd543036af218df,2026-09-30T17:42:12Z
SubmitPartialDecryption,57,adbb12ce6f378a89c7d675598bcca521a1d5ae679e405b4516c3f48b4fcfedce,163,eed9799744f44a66bdfd83ca629796426a88ac579b1abdfbbe9a3359efef48ef,b965062947af3df0408fc3adeac918440dcb482316b40b2ae9f910e8566e8a5a,30655dbfb5109a970c9ebfbacc5dcea01e2771d3dffbbe495cd543036af218df,2026-09-30T17:42:12Z
SubmitPartialDecryption,50,825caaf1b7327990e94451f3bf3bf7a3e5925039b564d3dd082f0731c5849097,163,eed9799744f44a66bdfd83ca629796426a88ac579b1abdfbbe9a3359efef48ef,b965062947af3df0408fc3adeac918440dcb482316b40b2ae9f910e8566e8a5a,30655dbfb5109a970c9ebfbacc5dcea01e2771d3dffbbe495cd543036af218df,2026-09-30T17:42:12Z
SubmitPartialDecryption,58,5912ad255466d1ccc7a067da314401367f94bfa9089728b9cd3f16431536d5b8,163,eed9799744f44a66bdfd83ca629796426a88ac579b1abdfbbe9a3359efef48ef,b965062947af3df0408fc3adeac918440dcb482316b40b2ae9f910e8566e8a5a,30655dbfb5109a970c9ebfbacc5dcea01e2771d3dffbbe495cd543036af218df,2026-09-30T17:42:12Z
SubmitPartialDecryption,56,dd4785385a021bb8324c551cbba536a2aa2650e1a3dc52fab068cb5d1ece4967,163,eed9799744f44a66bdfd83ca629796426a88ac579b1abdfbbe9a3359efef48ef,b965062947af3df0408fc3adeac918440dcb482316b40b2ae9f910e8566e8a5a,30655dbfb5109a970c9ebfbacc5dcea01e2771d3dffbbe495cd543036af218df,2026-09-30T17:42:12Z
SubmitPartialDecryption,55,d2836d054457f7a770244a6fd5167b2001946a205ce0431452841c63b42744b5,163,eed9799744f44a66bdfd83ca629796426a88ac579b1abdfbbe9a3359efef48ef,b965062947af3df0408fc3adeac918440dcb482316b40b2ae9f910e8566e8a5a,30655dbfb5109a970c9ebfbacc5dcea01e2771d3dffbbe495cd543036af218df,2026-09-30T17:42:12Z
SubmitPartialDecryption,48,7fd6257b15b02fce481b0b7667259d51b64d15d78641765c88a44b9e8be1e071,163,eed9799744f44a66bdfd83ca629796426a88ac579b1abdfbbe9a3359efef48ef,b965062947af3df0408fc3adeac918440dcb482316b40b2ae9f910e8566e8a5a,30655dbfb5109a970c9ebfbacc5dcea01e2771d3dffbbe495cd543036af218df,2026-09-30T17:42:12Z
SubmitPartialDecryption,62,3061dd8b4b37815d9803fd72280eb1c6f8d0f34b095fc19f76bc2c4ef8ab3fb4,163,eed9799744f44a66bdfd83ca629796426a88ac579b1abdfbbe9a3359efef48ef,b965062947af3df0408fc3adeac918440dcb482316b40b2ae9f910e8566e8a5a,30655dbfb5109a970c9ebfbacc5dcea01e2771d3dffbbe495cd543036af218df,2026-09-30T17:42:12Z
SubmitPartialDecryption,51,5c1c28cc382b29408130af39e581f9db536c9d3df7d6410e93b759a58c508fb0,163,eed9799744f44a66bdfd83ca629796426a88ac579b1abdfbbe9a3359efef48ef,b965062947af3df0408fc3adeac918440dcb482316b40b2ae9f910e8566e8a5a,30655dbfb5109a970c9ebfbacc5dcea01e2771d3dffbbe495cd543036af218df,2026-09-30T17:42:12Z
SubmitPartialDecryption,63,dbe144d355f031ac85e69343f2183ef5272d2d5f12d7555c0d61713d167fcb8f,163,eed9799744f44a66bdfd83ca629796426a88ac579b1abdfbbe9a3359efef48ef,b965062947af3df0408fc3adeac918440dcb482316b40b2ae9f910e8566e8a5a,30655dbfb5109a970c9ebfbacc5dcea01e2771d3dffbbe495cd543036af218df,2026-09-30T17:42:12Z
SubmitPartialDecryption,59,2804587298ef6ed3f14a3276e33276e43a9099fb83de0e3492d303fd67b19231,163,eed9799744f44a66bdfd83ca629796426a88ac579b1abdfbbe9a3359efef48ef,b965062947af3df0408fc3adeac918440dcb482316b40b2ae9f910e8566e8a5a,30655dbfb5109a970c9ebfbacc5dcea01e2771d3dffbbe495cd543036af218df,2026-09-30T17:42:12Z
SubmitPartialDecryption,61,3b2d7d1e8df7c0227cbd66a9a86260cf9116253fd134d87e4a9579f945d77f62,163,eed9799744f44a66bdfd83ca629796426a88ac579b1abdfbbe9a3359efef48ef,b965062947af3df0408fc3adeac918440dcb482316b40b2ae9f910e8566e8a5a,30655dbfb5109a970c9ebfbacc5dcea01e2771d3dffbbe495cd543036af218df,2026-09-30T17:42:12Z
SubmitPartialDecryption,53,cc43ae4a2025b6c2a0d1a9d57cc52675ba2d0f3c69c75f3b09834f806cb3ea97,163,eed9799744f44a66bdfd83ca629796426a88ac579b1abdfbbe9a3359efef48ef,b965062947af3df0408fc3adeac918440dcb482316b40b2ae9f910e8566e8a5a,30655dbfb5109a970c9ebfbacc5dcea01e2771d3dffbbe495cd543036af218df,2026-09-30T17:42:12Z
SubmitPartialDecryption,54,4d3a39011114a6e16511758d7d1788f494429a6e7ade7f9853edb39bc0800eab,163,eed9799744f44a66bdfd83ca629796426a88ac579b1abdfbbe9a3359efef48ef,b965062947af3df0408fc3adeac918440dcb482316b40b2ae9f910e8566e8a5a,30655dbfb5109a970c9ebfbacc5dcea01e2771d3dffbbe495cd543036af218df,2026-09-30T17:42:12Z
SubmitPartialDecryption,49,e9643f31bde1f0e9084d90c74a27157c7b7b72ad53888da1395bd5c4e1c452b2,163,eed9799744f44a66bdfd83ca629796426a88ac579b1abdfbbe9a3359efef48ef,b965062947af3df0408fc3adeac918440dcb482316b40b2ae9f910e8566e8a5a,30655dbfb5109a970c9ebfbacc5dcea01e2771d3dffbbe495cd543036af218df,2026-09-30T17:42:12Z
SubmitPartialDecryption,60,fd455b344b373823a6f64f284c2a0db0670cae4544f3ddc1178fccc56570de46,163,eed9799744f44a66bdfd83ca629796426a88ac579b1abdfbbe9a3359efef48ef,b965062947af3df0408fc3adeac918440dcb482316b40b2ae9f910e8566e8a5a,30655dbfb5109a970c9ebfbacc5dcea01e2771d3dffbbe495cd543036af218df,2026-09-30T17:42:12Z
SubmitPartialDecryption,75,a3be6c60465a70eb90182ce98222f27d847292ec77da0e78e23776fa66f9b3c0,164,8e2058608911640b697167b0f23c2b69f476031d52dead7c7dcb81e32c995c50,bca391fd713a90d4645245985bc2a3fe1acefda4c90767f0e20e2614297ed701,eed9799744f44a66bdfd83ca629796426a88ac579b1abdfbbe9a3359efef48ef,2026-09-30T17:42:14Z
SubmitPartialDecryption,76,dcc0a008ed7c995a90bc28403941a3b3cd1860b71bc8e516e0c51f69f120ea7c,164,8e2058608911640b697167b0f23c2b69f476031d52dead7c7dcb81e32c995c50,bca391fd713a90d4645245985bc2a3fe1acefda4c90767f0e20e2614297ed701,eed9799744f44a66bdfd83ca629796426a88ac579b1abdfbbe9a3359efef48ef,2026-09-30T17:42:14Z
SubmitPartialDecryption,69,f130bf04cb9982277fd0b321e62c8919cb90c1421cc20e501a858364cb9a9e92,164,8e2058608911640b697167b0f23c2b69f476031d52dead7c7dcb81e32c995c50,bca391fd713a90d4645245985bc2a3fe1acefda4c90767f0e20e2614297ed701,eed9799744f44a66bdfd83ca629796426a88ac579b1abdfbbe9a3359efef48ef,2026-09-30T17:42:14Z
SubmitPartialDecryption,74,3865a80cf5cf3dc305545b9e3af0281005e971bbb98ea5702b46fce342f45e11,164,8e2058608911640b697167b0f23c2b69f476031d52dead7c7dcb81e32c995c50,bca391fd713a90d4645245985bc2a3fe1acefda4c90767f0e20e2614297ed701,eed9799744f44a66bdfd83ca629796426a88ac579b1abdfbbe9a3359efef48ef,2026-09-30T17:42:14Z
SubmitPartialDecryption,79,fa75e2cd32cc16e550686168f78445e26f63fa0a5aee47966a00793ca1fa44dc,164,8e2058608911640b697167b0f23c2b69f476031d52dead7c7dcb81e32c995c50,bca391fd713a90d4645245985bc2a3fe1acefda4c90767f0e20e2614297ed701,eed9799744f44a66bdfd83ca629796426a88ac579b1abdfbbe9a3359efef48ef,2026-09-30T17:42:14Z
SubmitPartialDecryption,64,f110df72131e9239e7eb99ed5d24b67be24921a4a86436034d76923497aacdea,164,8e2058608911640b697167b0f23c2b69f476031d52dead7c7dcb81e32c995c50,bca391fd713a90d4645245985bc2a3fe1acefda4c90767f0e20e2614297ed701,eed9799744f44a66bdfd83ca629796426a88ac579b1abdfbbe9a3359efef48ef,2026-09-30T17:42:14Z
SubmitPartialDecryption,78,27cda0a920a3ae4778631d567481b9a699f05980f012c4a50936dae87faabcd2,164,8e2058608911640b697167b0f23c2b69f476031d52dead7c7dcb81e32c995c50,bca391fd713a90d4645245985bc2a3fe1acefda4c90767f0e20e2614297ed701,eed9799744f44a66bdfd83ca629796426a88ac579b1abdfbbe9a3359efef48ef,2026-09-30T17:42:14Z
SubmitPartialDecryption,68,b36fa1854c2cd1e3a5f53565e1c582da261e5aa3e6ebc053552112643adb28a5,164,8e2058608911640b697167b0f23c2b69f476031d52dead7c7dcb81e32c995c50,bca391fd713a90d4645245985bc2a3fe1acefda4c90767f0e20e2614297ed701,eed9799744f44a66bdfd83ca629796426a88ac579b1abdfbbe9a3359efef48ef,2026-09-30T17:42:14Z
SubmitPartialDecryption,77,14a7431b0f75265f0056a79badf33fa814bdbd1200eb5c3ecfb76b1182b82562,164,8e2058608911640b697167b0f23c2b69f476031d52dead7c7dcb81e32c995c50,bca391fd713a90d4645245985bc2a3fe1acefda4c90767f0e20e2614297ed701,eed9799744f44a66bdfd83ca629796426a88ac579b1abdfbbe9a3359efef48ef,2026-09-30T17:42:14Z
SubmitPartialDecryption,67,e1d20517abd3dc7212619d4a3c528ac5c31c486bfd516421328cd13ca6f3ae5b,164,8e2058608911640b697167b0f23c2b69f476031d52dead7c7dcb81e32c995c50,bca391fd713a90d4645245985bc2a3fe1acefda4c90767f0e20e2614297ed701,eed9799744f44a66bdfd83ca629796426a88ac579b1abdfbbe9a3359efef48ef,2026-09-30T17:42:14Z
SubmitPartialDecryption,71,21c2faf766d55d1b48bd0e3840351ec4aaaf0ffcc387eaf6bd0d9b2832f9cce1,164,8e2058608911640b697167b0f23c2b69f476031d52dead7c7dcb81e32c995c50,bca391fd713a90d4645245985bc2a3fe1acefda4c90767f0e20e2614297ed701,eed9799744f44a66bdfd83ca629796426a88ac579b1abdfbbe9a3359efef48ef,2026-09-30T17:42:14Z
SubmitPartialDecryption,66,be3783fd80ed3f134d7ed62005a529607b1699cf3a8c228029d3c3a817da07cc,164,8e2058608911640b697167b0f23c2b69f476031d52dead7c7dcb81e32c995c50,bca391fd713a90d4645245985bc2a3fe1acefda4c90767f0e20e2614297ed701,eed9799744f44a66bdfd83ca629796426a88ac579b1abdfbbe9a3359efef48ef,2026-09-30T17:42:14Z
SubmitPartialDecryption,72,b6b6cd66350db23d6ed39e4ab4d3db7efb02e4c6facafc7525a6d5941fa0bb78,164,8e2058608911640b697167b0f23c2b69f476031d52dead7c7dcb81e32c995c50,bca391fd713a90d4645245985bc2a3fe1acefda4c90767f0e20e2614297ed701,eed9799744f44a66bdfd83ca629796426a88ac579b1abdfbbe9a3359efef48ef,2026-09-30T17:42:14Z
SubmitPartialDecryption,65,f83bb0eabea2c5ad42b14b3914b38513cb429a60f165fed924c517208844e0b5,164,8e2058608911640b697167b0f23c2b69f476031d52dead7c7dcb81e32c995c50,bca391fd713a90d4645245985bc2a3fe1acefda4c90767f0e20e2614297ed701,eed9799744f44a66bdfd83ca629796426a88ac579b1abdfbbe9a3359efef48ef,2026-09-30T17:42:14Z
SubmitPartialDecryption,73,a0a8ac6182056c9bb96ae4b136a99beff8dc741f57687cc3ecdced185edd720a,164,8e2058608911640b697167b0f23c2b69f476031d52dead7c7dcb81e32c995c50,bca391fd713a90d4645245985bc2a3fe1acefda4c90767f0e20e2614297ed701,eed9799744f44a66bdfd83ca629796426a88ac579b1abdfbbe9a3359efef48ef,2026-09-30T17:42:14Z
SubmitPartialDecryption,70,710a5a16fc00a495c48c7928c78522a9f2924870ebec478f3e5a9635a1c9f716,164,8e2058608911640b697167b0f23c2b69f476031d52dead7c7dcb81e32c995c50,bca391fd713a90d4645245985bc2a3fe1acefda4c90767f0e20e2614297ed701,eed9799744f44a66bdfd83ca629796426a88ac579b1abdfbbe9a3359efef48ef,2026-09-30T17:42:14Z
SubmitPartialDecryption,94,585fd736c70ef55a4b0c29679e2b6a741f111e1e0cf8f4fefff89d611f47248c,165,e5cdbffd709be5c239b4a64b261fe81ea137fb244699e786e2578d21c68fddf4,025c7f67f9b5000a4ff0ddf43d35a9de6fa7d06bb382ce17a402bd45aca9a688,8e2058608911640b697167b0f23c2b69f476031d52dead7c7dcb81e32c995c50,2026-09-30T17:42:16Z
SubmitPartialDecryption,95,6cd48912e9d294105a24263582b9d9110611fa83ea2fd2ce133775043a2a272b,165,e5cdbffd709be5c239b4a64b261fe81ea137fb244699e786e2578d21c68fddf4,025c7f67f9b5000a4ff0ddf43d35a9de6fa7d06bb382ce17a402bd45aca9a688,8e2058608911640b697167b0f23c2b69f476031d52dead7c7dcb81e32c995c50,2026-09-30T17:42:16Z
SubmitPartialDecryption,82,ca088ecfe7febf31ef41012a1418334754db5676bc92d7391352fd54b562ca40,165,e5cdbffd709be5c239b4a64b261fe81ea137fb244699e786e2578d21c68fddf4,025c7f67f9b5000a4ff0ddf43d35a9de6fa7d06bb382ce17a402bd45aca9a688,8e2058608911640b697167b0f23c2b69f476031d52dead7c7dcb81e32c995c50,2026-09-30T17:42:16Z
SubmitPartialDecryption,91,c5568ff1020e2a6c34d26050d7b3d2f5b4966007cbc93c288100a3cb259e7910,165,e5cdbffd709be5c239b4a64b261fe81ea137fb244699e786e2578d21c68fddf4,025c7f67f9b5000a4ff0ddf43d35a9de6fa7d06bb382ce17a402bd45aca9a688,8e2058608911640b697167b0f23c2b69f476031d52dead7c7dcb81e32c995c50,2026-09-30T17:42:16Z
SubmitPartialDecryption,90,788462807aa902f75a2f3f20e3711d0e570c51a8e6f9e96c27a9012da9b0d4a0,165,e5cdbffd709be5c239b4a64b261fe81ea137fb244699e786e2578d21c68fddf4,025c7f67f9b5000a4ff0ddf43d35a9de6fa7d06bb382ce17a402bd45aca9a688,8e2058608911640b697167b0f23c2b69f476031d52dead7c7dcb81e32c995c50,2026-09-30T17:42:16Z
SubmitPartialDecryption,85,78f230ec3ccf5ff5a2a3ae6c4f90933ede23097c6fc285d8cb1e4c80aedd8978,165,e5cdbffd709be5c239b4a64b261fe81ea137fb244699e786e2578d21c68fddf4,025c7f67f9b5000a4ff0ddf43d35a9de6fa7d06bb382ce17a402bd45aca9a688,8e2058608911640b697167b0f23c2b69f476031d52dead7c7dcb81e32c995c50,2026-09-30T17:42:16Z
SubmitPartialDecryption,84,193fe533a7c14da4095b92d5303f212b276575cb565596ca2c96554b745b1d62,165,e5cdbffd709be5c239b4a64b261fe81ea137fb244699e786e2578d21c68fddf4,025c7f67f9b5000a4ff0ddf43d35a9de6fa7d06bb382ce17a402bd45aca9a688,8e2058608911640b697167b0f23c2b69f476031d52dead7c7dcb81e32c995c50,2026-09-30T17:42:16Z
SubmitPartialDecryption,81,784dc3482769b5e468e853bb4554cd4230a5c67a3ab68c5006422937265236e0,165,e5cdbffd709be5c239b4a64b261fe81ea137fb244699e786e2578d21c68fddf4,025c7f67f9b5000a4ff0ddf43d35a9de6fa7d06bb382ce17a402bd45aca9a688,8e2058608911640b697167b0f23c2b69f476031d52dead7c7dcb81e32c995c50,2026-09-30T17:42:16Z
SubmitPartialDecryption,80,47f939c8927a5afb78116e69c35696b8a9017e61ee3830f85b61c226106c0fa1,165,e5cdbffd709be5c239b4a64b261fe81ea137fb244699e786e2578d21c68fddf4,025c7f67f9b5000a4ff0ddf43d35a9de6fa7d06bb382ce17a402bd45aca9a688,8e2058608911640b697167b0f23c2b69f476031d52dead7c7dcb81e32c995c50,2026-09-30T17:42:16Z
SubmitPartialDecryption,92,3da31cc3c987442b7082df8ab331bb65b33e4eed48ff40dc313b27f024a169b1,165,e5cdbffd709be5c239b4a64b261fe81ea137fb244699e786e2578d21c68fddf4,025c7f67f9b5000a4ff0ddf43d35a9de6fa7d06bb382ce17a402bd45aca9a688,8e2058608911640b697167b0f23c2b69f476031d52dead7c7dcb81e32c995c50,2026-09-30T17:42:16Z
SubmitPartialDecryption,88,9856fbf8d7c3ce5548270146991863d89db00f1b80d0b9b20d0f1183b3c0d0f2,165,e5cdbffd709be5c239b4a64b261fe81ea137fb244699e786e2578d21c68fddf4,025c7f67f9b5000a4ff0ddf43d35a9de6fa7d06bb382ce17a402bd45aca9a688,8e2058608911640b697167b0f23c2b69f476031d52dead7c7dcb81e32c995c50,2026-09-30T17:42:16Z
SubmitPartialDecryption,89,e58db073e9954294ad77bc47d454f273dd04bdd3ca8a7b4b7fa0f51bf478f4b4,165,e5cdbffd709be5c239b4a64b261fe81ea137fb244699e786e2578d21c68fddf4,025c7f67f9b5000a4ff0ddf43d35a9de6fa7d06bb382ce17a402bd45aca9a688,8e2058608911640b697167b0f23c2b69f476031d52dead7c7dcb81e32c995c50,2026-09-30T17:42:16Z
SubmitPartialDecryption,86,2fc14c4f24131ab3d49620bccbdaa3c3267a3427afa59bae24f862b2e92f85d7,165,e5cdbffd709be5c239b4a64b261fe81ea137fb244699e786e2578d21c68fddf4,025c7f67f9b5000a4ff0ddf43d35a9de6fa7d06bb382ce17a402bd45aca9a688,8e2058608911640b697167b0f23c2b69f476031d52dead7c7dcb81e32c995c50,2026-09-30T17:42:16Z
SubmitPartialDecryption,83,9868bedcecd388c3c7ed19c592e202a15d84306996241e40dc8ae943fb1957a8,165,e5cdbffd709be5c239b4a64b261fe81ea137fb244699e786e2578d21c68fddf4,025c7f67f9b5000a4ff0ddf43d35a9de6fa7d06bb382ce17a402bd45aca9a688,8e2058608911640b697167b0f23c2b69f476031d52dead7c7dcb81e32c995c50,2026-09-30T17:42:16Z
SubmitPartialDecryption,87,e99a308f270abda5fdbf493e75ebf49677f7d161b9fcd3b7a18e2514ee876665,165,e5cdbffd709be5c239b4a64b261fe81ea137fb244699e786e2578d21c68fddf4,025c7f67f9b5000a4ff0ddf43d35a9de6fa7d06bb382ce17a402bd45aca9a688,8e2058608911640b697167b0f23c2b69f476031d52dead7c7dcb81e32c995c50,2026-09-30T17:42:16Z
SubmitPartialDecryption,93,6113b9a7cb4efaefc77b3517d662510accc4599c0a24037f30db5aaf7a3a3460,165,e5cdbffd709be5c239b4a64b261fe81ea137fb244699e786e2578d21c68fddf4,025c7f67f9b5000a4ff0ddf43d35a9de6fa7d06bb382ce17a402bd45aca9a688,8e2058608911640b697167b0f23c2b69f476031d52dead7c7dcb81e32c995c50,2026-09-30T17:42:16Z
SubmitPartialDecryption,110,cb2c49038b6aa1a13c26c933f0a9900762c0921383a195cd593d56d8fff38e96,166,60d520892e84b8c94fef02f50e1691fddef25cabef5fd7f72a5785827b6872ff,b5fd1ca9b129ddc52eb47d38ab9fd2c1bd62dc9c53f22767abd426dc7627482b,e5cdbffd709be5c239b4a64b261fe81ea137fb244699e786e2578d21c68fddf4,2026-09-30T17:42:18Z
SubmitPartialDecryption,99,8c561520e5002d54f0f588bc284f4cca80a3a99f1234de0b8deff705c2e18c1e,166,60d520892e84b8c94fef02f50e1691fddef25cabef5fd7f72a5785827b6872ff,b5fd1ca9b129ddc52eb47d38ab9fd2c1bd62dc9c53f22767abd426dc7627482b,e5cdbffd709be5c239b4a64b261fe81ea137fb244699e786e2578d21c68fddf4,2026-09-30T17:42:18Z
SubmitPartialDecryption,111,aa1187b3be6aee0efe747a93a9e403aea87743f4e21c1c5c999e7028b472287c,166,60d520892e84b8c94fef02f50e1691fddef25cabef5fd7f72a5785827b6872ff,b5fd1ca9b129ddc52eb47d38ab9fd2c1bd62dc9c53f22767abd426dc7627482b,e5cdbffd709be5c239b4a64b261fe81ea137fb244699e786e2578d21c68fddf4,2026-09-30T17:42:18Z
SubmitPartialDecryption,109,e586146a5e424e82e1faa20e5b04f28a5da05815f61ef7c868e9cbf1d3f43734,166,60d520892e84b8c94fef02f50e1691fddef25cabef5fd7f72a5785827b6872ff,b5fd1ca9b129ddc52eb47d38ab9fd2c1bd62dc9c53f22767abd426dc7627482b,e5cdbffd709be5c239b4a64b261fe81ea137fb244699e786e2578d21c68fddf4,2026-09-30T17:42:18Z
SubmitPartialDecryption,105,14e73287d6f4977308aed0abed3a5c55d08196ae26ddab9514a1bd2fcccb6077,166,60d520892e84b8c94fef02f50e1691fddef25cabef5fd7f72a5785827b6872ff,b5fd1ca9b129ddc52eb47d38ab9fd2c1bd62dc9c53f22767abd426dc7627482b,e5cdbffd709be5c239b4a64b261fe81ea137fb244699e786e2578d21c68fddf4,2026-09-30T17:42:18Z
SubmitPartialDecryption,103,a729d4a1a1a975d639417748292462641d1bf31ea88a4dd03a49351081a64449,166,60d520892e84b8c94fef02f50e1691fddef25cabef5fd7f72a5785827b6872ff,b5fd1ca9b129ddc52eb47d38ab9fd2c1bd62dc9c53f22767abd426dc7627482b,e5cdbffd709be5c239b4a64b261fe81ea137fb244699e786e2578d21c68fddf4,2026-09-30T17:42:18Z
SubmitPartialDecryption,100,64bec925e332aa4ca47834bbfacab6c7c3dcd0f26b6cca26caf5967b75eda29f,166,60d520892e84b8c94fef02f50e1691fddef25cabef5fd7f72a5785827b6872ff,b5fd1ca9b129ddc52eb47d38ab9fd2c1bd62dc9c53f22767abd426dc7627482b,e5cdbffd709be5c239b4a64b261fe81ea137fb244699e786e2578d21c68fddf4,2026-09-30T17:42:18Z
SubmitPartialDecryption,104,49f32d9547a53751f1f560b619dee7560fda18f5abbbc856ce9e478e15ee6418,166,60d520892e84b8c94fef02f50e1691fddef25cabef5fd7f72a5785827b6872ff,b5fd1ca9b129ddc52eb47d38ab9fd2c1bd62dc9c53f22767abd426dc7627482b,e5cdbffd709be5c239b4a64b261fe81ea137fb244699e786e2578d21c68fddf4,2026-09-30T17:42:18Z
SubmitPartialDecryption,107,c5d4c723dc10f3a963c8edc9fcde570d65c57e1db1fc995cceea9fc6b327e93e,166,60d520892e84b8c94fef02f50e1691fddef25cabef5fd7f72a5785827b6872ff,b5fd1ca9b129ddc52eb47d38ab9fd2c1bd62dc9c53f22767abd426dc7627482b,e5cdbffd709be5c239b4a64b261fe81ea137fb244699e786e2578d21c68fddf4,2026-09-30T17:42:18Z
SubmitPartialDecryption,98,e31ec4c7ae8a4cf4f23c9eb6c7668b3e6222a07c5917b16ea3681718e95f0684,166,60d520892e84b8c94fef02f50e1691fddef25cabef5fd7f72a5785827b6872ff,b5fd1ca9b129ddc52eb47d38ab9fd2c1bd62dc9c53f22767abd426dc7627482b,e5cdbffd709be5c239b4a64b261fe81ea137fb244699e786e2578d21c68fddf4,2026-09-30T17:42:18Z
SubmitPartialDecryption,96,3c8aecec4cd239bd4a94e2b23274621e17664c538d07a0d77b03bdb55ce7f395,166,60d520892e84b8c94fef02f50e1691fddef25cabef5fd7f72a5785827b6872ff,b5fd1ca9b129ddc52eb47d38ab9fd2c1bd62dc9c53f22767abd426dc7627482b,e5cdbffd709be5c239b4a64b261fe81ea137fb244699e786e2578d21c68fddf4,2026-09-30T17:42:18Z
SubmitPartialDecryption,102,fde06a16e6ee1c6817e5906294f80618ffc8410e5f93ca31f533e267115c6a1e,166,60d520892e84b8c94fef02f50e1691fddef25cabef5fd7f72a5785827b6872ff,b5fd1ca9b129ddc52eb47d38ab9fd2c1bd62dc9c53f22767abd426dc7627482b,e5cdbffd709be5c239b4a64b261fe81ea137fb244699e786e2578d21c68fddf4,2026-09-30T17:42:18Z
SubmitPartialDecryption,101,a322d7629e4e45bdc572e32dd61288d95930508b87209c3fddd570c24bc9dd0d,166,60d520892e84b8c94fef02f50e1691fddef25cabef5fd7f72a5785827b6872ff,b5fd1ca9b129ddc52eb47d38ab9fd2c1bd62dc9c53f22767abd426dc7627482b,e5cdbffd709be5c239b4a64b261fe81ea137fb244699e786e2578d21c68fddf4,2026-09-30T17:42:18Z
SubmitPartialDecryption,108,da769c3fcfa0862b7016a69b67f0b2ec77d83c46fbe879c75b483e005e2df3ee,166,60d520892e84b8c94fef02f50e1691fddef25cabef5fd7f72a5785827b6872ff,b5fd1ca9b129ddc52eb47d38ab9fd2c1bd62dc9c53f22767abd426dc7627482b,e5cdbffd709be5c239b4a64b261fe81ea137fb244699e786e2578d21c68fddf4,2026-09-30T17:42:18Z
SubmitPartialDecryption,97,40555bd3990781e71effb1c6b0b353df576c27e8a8397435f5b8c3f652f7d891,166,60d520892e84b8c94fef02f50e1691fddef25cabef5fd7f72a5785827b6872ff,b5fd1ca9b129ddc52eb47d38ab9fd2c1bd62dc9c53f22767abd426dc7627482b,e5cdbffd709be5c239b4a64b261fe81ea137fb244699e786e2578d21c68fddf4,2026-09-30T17:42:18Z
SubmitPartialDecryption,106,912dd8a43e1c95a080806f586de3581c5a2c4e8af7f9b9267de4b9fd53aa878b,166,60d520892e84b8c94fef02f50e1691fddef25cabef5fd7f72a5785827b6872ff,b5fd1ca9b129ddc52eb47d38ab9fd2c1bd62dc9c53f22767abd426dc7627482b,e5cdbffd709be5c239b4a64b261fe81ea137fb244699e786e2578d21c68fddf4,2026-09-30T17:42:18Z
SubmitPartialDecryption,117,9b42c9623930290f4e3feb580b7f55d7c16ad46120ed08360a8fa4b43d2da699,167,4bf8093339ed9595928c9bab5183aab3131d2c3ac8454cc8336abc136f365bb9,77c0a9416c3f24f45ff4c54f353fede17a2b17d442a7bc951b82303f84fc65f5,60d520892e84b8c94fef02f50e1691fddef25cabef5fd7f72a5785827b6872ff,2026-09-30T17:42:20Z
SubmitPartialDecryption,120,8aded56cd40c689ca636faac43b91d059a223a2fa802a0f639756e10e21c0ece,167,4bf8093339ed9595928c9bab5183aab3131d2c3ac8454cc8336abc136f365bb9,77c0a9416c3f24f45ff4c54f353fede17a2b17d442a7bc951b82303f84fc65f5,60d520892e84b8c94fef02f50e1691fddef25cabef5fd7f72a5785827b6872ff,2026-09-30T17:42:20Z
SubmitPartialDecryption,127,0b7352e927e5a41849c9a594424a1ff507ac3affd5317d7d91d431292ac3e370,167,4bf8093339ed9595928c9bab5183aab3131d2c3ac8454cc8336abc136f365bb9,77c0a9416c3f24f45ff4c54f353fede17a2b17d442a7bc951b82303f84fc65f5,60d520892e84b8c94fef02f50e1691fddef25cabef5fd7f72a5785827b6872ff,2026-09-30T17:42:20Z
SubmitPartialDecryption,125,1355b6acd61409fc0c72ff8376eac3e38b88defad444182058e20f637ced815f,167,4bf8093339ed9595928c9bab5183aab3131d2c3ac8454cc8336abc136f365bb9,77c0a9416c3f24f45ff4c54f353fede17a2b17d442a7bc951b82303f84fc65f5,60d520892e84b8c94fef02f50e1691fddef25cabef5fd7f72a5785827b6872ff,2026-09-30T17:42:20Z
SubmitPartialDecryption,121,31d74c1ad4824b71ba005200887ed48d4c4f8777d7017a0421cc979f730b969e,167,4bf8093339ed9595928c9bab5183aab3131d2c3ac8454cc8336abc136f365bb9,77c0a9416c3f24f45ff4c54f353fede17a2b17d442a7bc951b82303f84fc65f5,60d520892e84b8c94fef02f50e1691fddef25cabef5fd7f72a5785827b6872ff,2026-09-30T17:42:20Z
SubmitPartialDecryption,113,17d2f6b9752272fa5160b7c9882a415b9777aaec09ad8a1b22d9adad20c7c7ba,167,4bf8093339ed9595928c9bab5183aab3131d2c3ac8454cc8336abc136f365bb9,77c0a9416c3f24f45ff4c54f353fede17a2b17d442a7bc951b82303f84fc65f5,60d520892e84b8c94fef02f50e1691fddef25cabef5fd7f72a5785827b6872ff,2026-09-30T17:42:20Z
SubmitPartialDecryption,126,0415e3307c682f238cd20940e9f754b61ca88eab52d1c91ff5f0ef74de5dc045,167,4bf8093339ed9595928c9bab5183aab3131d2c3ac8454cc8336abc136f365bb9,77c0a9416c3f24f45ff4c54f353fede17a2b17d442a7bc951b82303f84fc65f5,60d520892e84b8c94fef02f50e1691fddef25cabef5fd7f72a5785827b6872ff,2026-09-30T17:42:20Z
SubmitPartialDecryption,119,ec26a30abf0401b761bebe2681c9d2f6db6dc15a7c3e190b56656e978bc4086d,167,4bf8093339ed9595928c9bab5183aab3131d2c3ac8454cc8336abc136f365bb9,77c0a9416c3f24f45ff4c54f353fede17a2b17d442a7bc951b82303f84fc65f5,60d520892e84b8c94fef02f50e1691fddef25cabef5fd7f72a5785827b6872ff,2026-09-30T17:42:20Z
SubmitPartialDecryption,115,375b4aaa9d9efc8f0db8682a449e4706c6ea792769ea962b81f720bca4301610,167,4bf8093339ed9595928c9bab5183aab3131d2c3ac8454cc8336abc136f365bb9,77c0a9416c3f24f45ff4c54f353fede17a2b17d442a7bc951b82303f84fc65f5,60d520892e84b8c94fef02f50e1691fddef25cabef5fd7f72a5785827b6872ff,2026-09-30T17:42:20Z
SubmitPartialDecryption,118,a45b26a2af4df60dc33555ab3c3958cdb4ef5802be128b6cda7762d20e516ab1,167,4bf8093339ed9595928c9bab5183aab3131d2c3ac8454cc8336abc136f365bb9,77c0a9416c3f24f45ff4c54f353fede17a2b17d442a7bc951b82303f84fc65f5,60d520892e84b8c94fef02f50e1691fddef25cabef5fd7f72a5785827b6872ff,2026-09-30T17:42:20Z
SubmitPartialDecryption,112,0b44373f2be18b858bef24c316e1c35793039af2d4ba4ba4ee365479386ac105,167,4bf8093339ed9595928c9bab5183aab3131d2c3ac8454cc8336abc136f365bb9,77c0a9416c3f24f45ff4c54f353fede17a2b17d442a7bc951b82303f84fc65f5,60d520892e84b8c94fef02f50e1691fddef25cabef5fd7f72a5785827b6872ff,2026-09-30T17:42:20Z
SubmitPartialDecryption,124,11eb8d3103ed718644a63a009cde39f418db371ec6c5f3289d0db75f8abb661a,167,4bf8093339ed9595928c9bab5183aab3131d2c3ac8454cc8336abc136f365bb9,77c0a9416c3f24f45ff4c54f353fede17a2b17d442a7bc951b82303f84fc65f5,60d520892e84b8c94fef02f50e1691fddef25cabef5fd7f72a5785827b6872ff,2026-09-30T17:42:20Z
SubmitPartialDecryption,123,c380095cdde3e6a11b7c500469e11b3413c5808bcd227457a1ea751a0b866f8a,167,4bf8093339ed9595928c9bab5183aab3131d2c3ac8454cc8336abc136f365bb9,77c0a9416c3f24f45ff4c54f353fede17a2b17d442a7bc951b82303f84fc65f5,60d520892e84b8c94fef02f50e1691fddef25cabef5fd7f72a5785827b6872ff,2026-09-30T17:42:20Z
SubmitPartialDecryption,114,147361d6add89b31d5d7a2f6f024a949c4664c99acafa076b2c2d3d301d162c8,167,4bf8093339ed9595928c9bab5183aab3131d2c3ac8454cc8336abc136f365bb9,77c0a9416c3f24f45ff4c54f353fede17a2b17d442a7bc951b82303f84fc65f5,60d520892e84b8c94fef02f50e1691fddef25cabef5fd7f72a5785827b6872ff,2026-09-30T17:42:20Z
SubmitPartialDecryption,116,dd1d5eeadbe63cb6e6da2b8b72499fd32bab70c273e36208ae0f3714ed4f54df,167,4bf8093339ed9595928c9bab5183aab3131d2c3ac8454cc8336abc136f365bb9,77c0a9416c3f24f45ff4c54f353fede17a2b17d442a7bc951b82303f84fc65f5,60d520892e84b8c94fef02f50e1691fddef25cabef5fd7f72a5785827b6872ff,2026-09-30T17:42:20Z
SubmitPartialDecryption,122,296a57b29a16862807735e7003dfd8d87d7383ed5252aec98be99a8f9cdd8eb8,167,4bf8093339ed9595928c9bab5183aab3131d2c3ac8454cc8336abc136f365bb9,77c0a9416c3f24f45ff4c54f353fede17a2b17d442a7bc951b82303f84fc65f5,60d520892e84b8c94fef02f50e1691fddef25cabef5fd7f72a5785827b6872ff,2026-09-30T17:42:20Z
SubmitPartialDecryption,138,e6634ff784f8d191d32d6358e2293d5b3981cb24f4f62109f49426d9c4a478e1,168,a75cfa2c93ab517b0c5e7dcfdbc78532cd7a5d98436b61443301f31915b29315,d7d83182731ae1ef672bdc569907101b3f1553c142867f1ded18a85e29efcf19,4bf8093339ed9595928c9bab5183aab3131d2c3ac8454cc8336abc136f365bb9,2026-09-30T17:42:22Z
SubmitPartialDecryption,133,0c3c0d0f8a48080d923468e583426316614630cf4bf83732ffd1c0a56ffef088,168,a75cfa2c93ab517b0c5e7dcfdbc78532cd7a5d98436b61443301f31915b29315,d7d83182731ae1ef672bdc569907101b3f1553c142867f1ded18a85e29efcf19,4bf8093339ed9595928c9bab5183aab3131d2c3ac8454cc8336abc136f365bb9,2026-09-30T17:42:22Z
SubmitPartialDecryption,143,a008ca3f28877567eea1cf2c8adc38a328fb2fcb93b050decdae5fc0b78f2f7b,168,a75cfa2c93ab517b0c5e7dcfdbc78532cd7a5d98436b61443301f31915b29315,d7d83182731ae1ef672bdc569907101b3f1553c142867f1ded18a85e29efcf19,4bf8093339ed9595928c9bab5183aab3131d2c3ac8454cc8336abc136f365bb9,2026-09-30T17:42:22Z
SubmitPartialDecryption,130,e2e2625748288f300cde80c578513a3db4709e7fccb1e32f4693b22bdb01e7fb,168,a75cfa2c93ab517b0c5e7dcfdbc78532cd7a5d98436b61443301f31915b29315,d7d83182731ae1ef672bdc569907101b3f1553c142867f1ded18a85e29efcf19,4bf8093339ed9595928c9bab5183aab3131d2c3ac8454cc8336abc136f365bb9,2026-09-30T17:42:22Z
SubmitPartialDecryption,134,15a6a52f024e7e6003fd516eb988ffe89d3d3adeef2e7409592fbbb0d02fd9ab,168,a75cfa2c93ab517b0c5e7dcfdbc78532cd7a5d98436b61443301f31915b29315,d7d83182731ae1ef672bdc569907101b3f1553c142867f1ded18a85e29efcf19,4bf8093339ed9595928c9bab5183aab3131d2c3ac8454cc8336abc136f365bb9,2026-09-30T17:42:22Z
SubmitPartialDecryption,141,cd18f0fae95e61ce03e82fffde7ae91a2c4f4244aee122953974abe50884bd59,168,a75cfa2c93ab517b0c5e7dcfdbc78532cd7a5d98436b61443301f31915b29315,d7d83182731ae1ef672bdc569907101b3f1553c142867f1ded18a85e29efcf19,4bf8093339ed9595928c9bab5183aab3131d2c3ac8454cc8336abc136f365bb9,2026-09-30T17:42:22Z
SubmitPartialDecryption,137,b55ce4cf02597d867cc6adc08be9a032d9f133232ae2acd8d54e0b20ed80ddf2,168,a75cfa2c93ab517b0c5e7dcfdbc78532cd7a5d98436b61443301f31915b29315,d7d83182731ae1ef672bdc569907101b3f1553c142867f1ded18a85e29efcf19,4bf8093339ed9595928c9bab5183aab3131d2c3ac8454cc8336abc136f365bb9,2026-09-30T17:42:22Z
SubmitPartialDecryption,131,feef99f5788a6fedbbf47d8f3cd0ab63d9dbe94b0f993e75e21678a694c2da6b,168,a75cfa2c93ab517b0c5e7dcfdbc78532cd7a5d98436b61443301f31915b29315,d7d83182731ae1ef672bdc569907101b3f1553c142867f1ded18a85e29efcf19,4bf8093339ed9595928c9bab5183aab3131d2c3ac8454cc8336abc136f365bb9,2026-09-30T17:42:22Z
SubmitPartialDecryption,132,3b6e79e3805360148e1afa94d0f270be26a1582da2713a2dd70334ed6215e0e4,168,a75cfa2c93ab517b0c5e7dcfdbc78532cd7a5d98436b61443301f31915b29315,d7d83182731ae1ef672bdc569907101b3f1553c142867f1ded18a85e29efcf19,4bf8093339ed9595928c9bab5183aab3131d2c3ac8454cc8336abc136f365bb9,2026-09-30T17:42:22Z
SubmitPartialDecryption,128,f7364b13b7c7946568664b75e013ddb1100647e40653f853611316a97b5e94e1,168,a75cfa2c93ab517b0c5e7dcfdbc78532cd7a5d98436b61443301f31915b29315,d7d83182731ae1ef672bdc569907101b3f1553c142867f1ded18a85e29efcf19,4bf8093339ed9595928c9bab5183aab3131d2c3ac8454cc8336abc136f365bb9,2026-09-30T17:42:22Z
SubmitPartialDecryption,139,e7912b2dbd2c4d7deadbd5d1fe3c92159733b5271871738928606c1a6eb82339,168,a75cfa2c93ab517b0c5e7dcfdbc78532cd7a5d98436b61443301f31915b29315,d7d83182731ae1ef672bdc569907101b3f1553c142867f1ded18a85e29efcf19,4bf8093339ed9595928c9bab5183aab3131d2c3ac8454cc8336abc136f365bb9,2026-09-30T17:42:22Z
SubmitPartialDecryption,136,371c05bebb3c2e52d1cb81b3068753f2466af583abf9350ceb9ecfed3dec8fa1,168,a75cfa2c93ab517b0c5e7dcfdbc78532cd7a5d98436b61443301f31915b29315,d7d83182731ae1ef672bdc569907101b3f1553c142867f1ded18a85e29efcf19,4bf8093339ed9595928c9bab5183aab3131d2c3ac8454cc8336abc136f365bb9,2026-09-30T17:42:22Z
SubmitPartialDecryption,135,3e1c044a65a05e1c7374a86f61f1565d73d81f762564e5b1e2bb3492f62ab5a9,168,a75cfa2c93ab517b0c5e7dcfdbc78532cd7a5d98436b61443301f31915b29315,d7d83182731ae1ef672bdc569907101b3f1553c142867f1ded18a85e29efcf19,4bf8093339ed9595928c9bab5183aab3131d2c3ac8454cc8336abc136f365bb9,2026-09-30T17:42:22Z
SubmitPartialDecryption,142,d912bf6dee9ce82bd41bc084693454302ff5745a3613e19992dee8a134c5c2e9,168,a75cfa2c93ab517b0c5e7dcfdbc78532cd7a5d98436b61443301f31915b29315,d7d83182731ae1ef672bdc569907101b3f1553c142867f1ded18a85e29efcf19,4bf8093339ed9595928c9bab5183aab3131d2c3ac8454cc8336abc136f365bb9,2026-09-30T17:42:22Z
SubmitPartialDecryption,140,ab5d95100b7d5cb1d26232c805513f7ce78b3ccf9bed9f3048a30cec75e809fb,168,a75cfa2c93ab517b0c5e7dcfdbc78532cd7a5d98436b61443301f31915b29315,d7d83182731ae1ef672bdc569907101b3f1553c142867f1ded18a85e29efcf19,4bf8093339ed9595928c9bab5183aab3131d2c3ac8454cc8336abc136f365bb9,2026-09-30T17:42:22Z
SubmitPartialDecryption,129,f693b395a9a4bce82f6287f0e3c064f584acd2b38df1b5c51b86381531eb09d3,168,a75cfa2c93ab517b0c5e7dcfdbc78532cd7a5d98436b61443301f31915b29315,d7d83182731ae1ef672bdc569907101b3f1553c142867f1ded18a85e29efcf19,4bf8093339ed9595928c9bab5183aab3131d2c3ac8454cc8336abc136f365bb9,2026-09-30T17:42:22Z
SubmitPartialDecryption,147,695082835e08d977ad9da8e85a54bf8dd042e6e4055b3d1718af6e65603eae2e,169,22d05e286e4a273e6243a1822b0157f656021822555d590a67acd677eb015df9,9571365a73924e753ef83baa13643a20aa47b4779de3f769ce2fd882ed8fc8a8,a75cfa2c93ab517b0c5e7dcfdbc78532cd7a5d98436b61443301f31915b29315,2026-09-30T17:42:24Z
SubmitPartialDecryption,149,ed4796d784d4bbc62911f290049fb82e07517248b7fd51cd6d72ec82f66acc2f,169,22d05e286e4a273e6243a1822b0157f656021822555d590a67acd677eb015df9,9571365a73924e753ef83baa13643a20aa47b4779de3f769ce2fd882ed8fc8a8,a75cfa2c93ab517b0c5e7dcfdbc78532cd7a5d98436b61443301f31915b29315,2026-09-30T17:42:24Z
SubmitPartialDecryption,158,46f08486f1edffce59e55685d445272ae74e1e575a9a25b805cc1a7e1c3d1216,169,22d05e286e4a273e6243a1822b0157f656021822555d590a67acd677eb015df9,9571365a73924e753ef83baa13643a20aa47b4779de3f769ce2fd882ed8fc8a8,a75cfa2c93ab517b0c5e7dcfdbc78532cd7a5d98436b61443301f31915b29315,2026-09-30T17:42:24Z
SubmitPartialDecryption,153,9d84dbdace16fdd3ee66869d369a72eca798b99e5251d90b939df2e3219a4fb7,169,22d05e286e4a273e6243a1822b0157f656021822555d590a67acd677eb015df9,9571365a73924e753ef83baa13643a20aa47b4779de3f769ce2fd882ed8fc8a8,a75cfa2c93ab517b0c5e7dcfdbc78532cd7a5d98436b61443301f31915b29315,2026-09-30T17:42:24Z
SubmitPartialDecryption,150,044dc5efbdcd38bd757e6ae17e10cb27cd7f7023375bd8a604a8212bf83311e7,169,22d05e286e4a273e6243a1822b0157f656021822555d590a67acd677eb015df9,9571365a73924e753ef83baa13643a20aa47b4779de3f769ce2fd882ed8fc8a8,a75cfa2c93ab517b0c5e7dcfdbc78532cd7a5d98436b61443301f31915b29315,2026-09-30T17:42:24Z
SubmitPartialDecryption,144,33b4522813054576b8cf0a4df22cf39e46fc92857cd4a0f623b34eac2177e465,169,22d05e286e4a273e6243a1822b0157f656021822555d590a67acd677eb015df9,9571365a73924e753ef83baa13643a20aa47b4779de3f769ce2fd882ed8fc8a8,a75cfa2c93ab517b0c5e7dcfdbc78532cd7a5d98436b61443301f31915b29315,2026-09-30T17:42:24Z
SubmitPartialDecryption,155,2e9a060a8f381a0ebe56c1fb83fd70332e415f7c6dce4da71218c75fe3770055,169,22d05e286e4a273e6243a1822b0157f656021822555d590a67acd677eb015df9,9571365a73924e753ef83baa13643a20aa47b4779de3f769ce2fd882ed8fc8a8,a75cfa2c93ab517b0c5e7dcfdbc78532cd7a5d98436b61443301f31915b29315,2026-09-30T17:42:24Z
SubmitPartialDecryption,154,039cee8a665fe53ae24082a977572ff5a07bc160ab090d0c3f95d179a9a50e43,169,22d05e286e4a273e6243a1822b0157f656021822555d590a67acd677eb015df9,9571365a73924e753ef83baa13643a20aa47b4779de3f769ce2fd882ed8fc8a8,a75cfa2c93ab517b0c5e7dcfdbc78532cd7a5d98436b61443301f31915b29315,2026-09-30T17:42:24Z
SubmitPartialDecryption,148,26b2fc99ac75d4a226d4bdd591bb394db68cbef15a61ec8ec13ddf56b50f080f,169,22d05e286e4a273e6243a1822b0157f656021822555d590a67acd677eb015df9,9571365a73924e753ef83baa13643a20aa47b4779de3f769ce2fd882ed8fc8a8,a75cfa2c93ab517b0c5e7dcfdbc78532cd7a5d98436b61443301f31915b29315,2026-09-30T17:42:24Z
SubmitPartialDecryption,156,2d984d16591f43ce4cd588d9896634bb2df5839cefdf1c0e995932349de3e53b,169,22d05e286e4a273e6243a1822b0157f656021822555d590a67acd677eb015df9,9571365a73924e753ef83baa13643a20aa47b4779de3f769ce2fd882ed8fc8a8,a75cfa2c93ab517b0c5e7dcfdbc78532cd7a5d98436b61443301f31915b29315,2026-09-30T17:42:24Z
SubmitPartialDecryption,159,5f6476d30aa920ad8733d2455e490fc408969bc2ca974c29007771e9c4741632,169,22d05e286e4a273e6243a1822b0157f656021822555d590a67acd677eb015df9,9571365a73924e753ef83baa13643a20aa47b4779de3f769ce2fd882ed8fc8a8,a75cfa2c93ab517b0c5e7dcfdbc78532cd7a5d98436b61443301f31915b29315,2026-09-30T17:42:24Z
SubmitPartialDecryption,146,ca3df011a4b612f632477c14f31916c3e24c41acd94ce79adeb7e7eb5fc72a6e,169,22d05e286e4a273e6243a1822b0157f656021822555d590a67acd677eb015df9,9571365a73924e753ef83baa13643a20aa47b4779de3f769ce2fd882ed8fc8a8,a75cfa2c93ab517b0c5e7dcfdbc78532cd7a5d98436b61443301f31915b29315,2026-09-30T17:42:24Z
SubmitPartialDecryption,157,a64840149570739eec0469d4bfdcf316f74759e70abd942ed770b562c07cdece,169,22d05e286e4a273e6243a1822b0157f656021822555d590a67acd677eb015df9,9571365a73924e753ef83baa13643a20aa47b4779de3f769ce2fd882ed8fc8a8,a75cfa2c93ab517b0c5e7dcfdbc78532cd7a5d98436b61443301f31915b29315,2026-09-30T17:42:24Z
SubmitPartialDecryption,145,5f5404769113a57a0c01a02069568c91e4d4ef320c0d4f9c50105adf75288ead,169,22d05e286e4a273e6243a1822b0157f656021822555d590a67acd677eb015df9,9571365a73924e753ef83baa13643a20aa47b4779de3f769ce2fd882ed8fc8a8,a75cfa2c93ab517b0c5e7dcfdbc78532cd7a5d98436b61443301f31915b29315,2026-09-30T17:42:24Z
SubmitPartialDecryption,152,ca646d1b61aae03c290f208c026ba02cbee78d3b735886fbd03b8716d43db7b9,169,22d05e286e4a273e6243a1822b0157f656021822555d590a67acd677eb015df9,9571365a73924e753ef83baa13643a20aa47b4779de3f769ce2fd882ed8fc8a8,a75cfa2c93ab517b0c5e7dcfdbc78532cd7a5d98436b61443301f31915b29315,2026-09-30T17:42:24Z
SubmitPartialDecryption,151,ab4882d88049872d83dfaa465010ed6dc143eb3fdcf32e2bf9152f6dffaefe4f,169,22d05e286e4a273e6243a1822b0157f656021822555d590a67acd677eb015df9,9571365a73924e753ef83baa13643a20aa47b4779de3f769ce2fd882ed8fc8a8,a75cfa2c93ab517b0c5e7dcfdbc78532cd7a5d98436b61443301f31915b29315,2026-09-30T17:42:24Z
SubmitPartialDecryption,163,955435653e3839ff2a22907ada9ee6e97e775ac6c52eaca514472a4fd3b1eaa6,170,fcb96c558bb9ea623832e265749d7f5bf4ca9f34ec3b347317424d9b502cfa82,1dbdc603ecf1dde8031305140fd09633330edeab1cbb5e401499f8b30508ce3d,22d05e286e4a273e6243a1822b0157f656021822555d590a67acd677eb015df9,2026-09-30T17:42:26Z
SubmitPartialDecryption,171,b8bead24e4696015e2bac6899a5922cafa241ad5f6f965ff73b87e9cda641ed8,170,fcb96c558bb9ea623832e265749d7f5bf4ca9f34ec3b347317424d9b502cfa82,1dbdc603ecf1dde8031305140fd09633330edeab1cbb5e401499f8b30508ce3d,22d05e286e4a273e6243a1822b0157f656021822555d590a67acd677eb015df9,2026-09-30T17:42:26Z
SubmitPartialDecryption,172,a0306079f15c7caa69dc0c691eb8d70ef74b413e8318fdedf5103817273b274f,170,fcb96c558bb9ea623832e265749d7f5bf4ca9f34ec3b347317424d9b502cfa82,1dbdc603ecf1dde8031305140fd09633330edeab1cbb5e401499f8b30508ce3d,22d05e286e4a273e6243a1822b0157f656021822555d590a67acd677eb015df9,2026-09-30T17:42:26Z
SubmitPartialDecryption,169,6e3cb5825b08027122435ad4db271ddf7fd2f5710d0cfb306286249c66a5101d,170,fcb96c558bb9ea623832e265749d7f5bf4ca9f34ec3b347317424d9b502cfa82,1dbdc603ecf1dde8031305140fd09633330edeab1cbb5e401499f8b30508ce3d,22d05e286e4a273e6243a1822b0157f656021822555d590a67acd677eb015df9,2026-09-30T17:42:26Z
SubmitPartialDecryption,166,c562e29cd2f85f85ce0e8f2253d0c2f615d28517d0b72b716b31843729802732,170,fcb96c558bb9ea623832e265749d7f5bf4ca9f34ec3b347317424d9b502cfa82,1dbdc603ecf1dde8031305140fd09633330edeab1cbb5e401499f8b30508ce3d,22d05e286e4a273e6243a1822b0157f656021822555d590a67acd677eb015df9,2026-09-30T17:42:26Z
SubmitPartialDecryption,161,337613a5292d09c31b6c99b2a2f17e32ebf0be25537289118f83c1e090a5d8c1,170,fcb96c558bb9ea623832e265749d7f5bf4ca9f34ec3b347317424d9b502cfa82,1dbdc603ecf1dde8031305140fd09633330edeab1cbb5e401499f8b30508ce3d,22d05e286e4a273e6243a1822b0157f656021822555d590a67acd677eb015df9,2026-09-30T17:42:26Z
SubmitPartialDecryption,168,27da6ba5fe238e07f3e584bfba8225d27f26287ec50e59074cf774f9862959e5,170,fcb96c558bb9ea623832e265749d7f5bf4ca9f34ec3b347317424d9b502cfa82,1dbdc603ecf1dde8031305140fd09633330edeab1cbb5e401499f8b30508ce3d,22d05e286e4a273e6243a1822b0157f656021822555d590a67acd677eb015df9,2026-09-30T17:42:26Z
SubmitPartialDecryption,170,e328a0a74ea5a81e56410248d2a30205afb71548d46f3d0657b0bee7db0b8845,170,fcb96c558bb9ea623832e265749d7f5bf4ca9f34ec3b347317424d9b502cfa82,1dbdc603ecf1dde8031305140fd09633330edeab1cbb5e401499f8b30508ce3d,22d05e286e4a273e6243a1822b0157f656021822555d590a67acd677eb015df9,2026-09-30T17:42:26Z
SubmitPartialDecryption,164,7d7ca835e27d4c05705174a37546839f00fd3cb7de9f92bd952647b5b950a506,170,fcb96c558bb9ea623832e265749d7f5bf4ca9f34ec3b347317424d9b502cfa82,1dbdc603ecf1dde8031305140fd09633330edeab1cbb5e401499f8b30508ce3d,22d05e286e4a273e6243a1822b0157f656021822555d590a67acd677eb015df9,2026-09-30T17:42:26Z
SubmitPartialDecryption,162,8c4b74bfbe7f599a27d6085bf88a7cc803fa13e2cb4404ed881f54d678c14cb9,170,fcb96c558bb9ea623832e265749d7f5bf4ca9f34ec3b347317424d9b502cfa82,1dbdc603ecf1dde8031305140fd09633330edeab1cbb5e401499f8b30508ce3d,22d05e286e4a273e6243a1822b0157f656021822555d590a67acd677eb015df9,2026-09-30T17:42:26Z
SubmitPartialDecryption,173,4a2af071513ff4697526ba01fce765ef7ddbd73a717af9839dd6543f33e6080e,170,fcb96c558bb9ea623832e265749d7f5bf4ca9f34ec3b347317424d9b502cfa82,1dbdc603ecf1dde8031305140fd09633330edeab1cbb5e401499f8b30508ce3d,22d05e286e4a273e6243a1822b0157f656021822555d590a67acd677eb015df9,2026-09-30T17:42:26Z
SubmitPartialDecryption,167,1b032ff30bace874e190057cf5ee088ed46640500d6a5d96372d558dd23cf02d,170,fcb96c558bb9ea623832e265749d7f5bf4ca9f34ec3b347317424d9b502cfa82,1dbdc603ecf1dde8031305140fd09633330edeab1cbb5e401499f8b30508ce3d,22d05e286e4a273e6243a1822b0157f656021822555d590a67acd677eb015df9,2026-09-30T17:42:26Z
SubmitPartialDecryption,174,560a3d90363108efc0f8559d9bd6fc5149f8bbd809ac4794a1f8fd4a3465f93d,170,fcb96c558bb9ea623832e265749d7f5bf4ca9f34ec3b347317424d9b502cfa82,1dbdc603ecf1dde8031305140fd09633330edeab1cbb5e401499f8b30508ce3d,22d05e286e4a273e6243a1822b0157f656021822555d590a67acd677eb015df9,2026-09-30T17:42:26Z
SubmitPartialDecryption,160,9ca6ac2bafec1cbe9599288adec2287f66f8bfb56a0dc7045b18360095ff8b2a,170,fcb96c558bb9ea623832e265749d7f5bf4ca9f34ec3b347317424d9b502cfa82,1dbdc603ecf1dde8031305140fd09633330edeab1cbb5e401499f8b30508ce3d,22d05e286e4a273e6243a1822b0157f656021822555d590a67acd677eb015df9,2026-09-30T17:42:26Z
SubmitPartialDecryption,175,54494a45ea5921b1ada19bc9aeea8010b9707ce3a1ab3e61dea4bf58ec97d6cb,170,fcb96c558bb9ea623832e265749d7f5bf4ca9f34ec3b347317424d9b502cfa82,1dbdc603ecf1dde8031305140fd09633330edeab1cbb5e401499f8b30508ce3d,22d05e286e4a273e6243a1822b0157f656021822555d590a67acd677eb015df9,2026-09-30T17:42:26Z
SubmitPartialDecryption,165,17bdbe5d3404272838abbbf829d2ff136eb84099fbc6b884d20e3db835a9464a,170,fcb96c558bb9ea623832e265749d7f5bf4ca9f34ec3b347317424d9b502cfa82,1dbdc603ecf1dde8031305140fd09633330edeab1cbb5e401499f8b30508ce3d,22d05e286e4a273e6243a1822b0157f656021822555d590a67acd677eb015df9,2026-09-30T17:42:26Z
SubmitPartialDecryption,189,a0e9d10f04c3aa6674d7b5871810e9885ad2926c8875bfe1d25d8f0716baabc7,171,994015f22fa16af24cdd4c2b80585191cffc90b47d1b5de272d13305385dcaf3,e18ce64619205db7b1dd4461bbf8b5fc70ff5f178115a530296605d7276f652e,fcb96c558bb9ea623832e265749d7f5bf4ca9f34ec3b347317424d9b502cfa82,2026-09-30T17:42:28Z
SubmitPartialDecryption,182,db1dfad391392ff24673fcab16402f9cfc94dfb927449ad4018810adcd262576,171,994015f22fa16af24cdd4c2b80585191cffc90b47d1b5de272d13305385dcaf3,e18ce64619205db7b1dd4461bbf8b5fc70ff5f178115a530296605d7276f652e,fcb96c558bb9ea623832e265749d7f5bf4ca9f34ec3b347317424d9b502cfa82,2026-09-30T17:42:28Z
SubmitPartialDecryption,190,90112ec0a374af630c75d01dab9c0f4a2b4153629ea6b4922117f3190975ed86,171,994015f22fa16af24cdd4c2b80585191cffc90b47d1b5de272d13305385dcaf3,e18ce64619205db7b1dd4461bbf8b5fc70ff5f178115a530296605d7276f652e,fcb96c558bb9ea623832e265749d7f5bf4ca9f34ec3b347317424d9b502cfa82,2026-09-30T17:42:28Z
SubmitPartialDecryption,184,e463c027384faabec92aefd51d510077c064528cc44fe467d8d4758a6b577b3b,171,994015f22fa16af24cdd4c2b80585191cffc90b47d1b5de272d13305385dcaf3,e18ce64619205db7b1dd4461bbf8b5fc70ff5f178115a530296605d7276f652e,fcb96c558bb9ea623832e265749d7f5bf4ca9f34ec3b347317424d9b502cfa82,2026-09-30T17:42:28Z
SubmitPartialDecryption,177,e2ed9a943c3b17701261eedbf27e09c2a6f077c7c4d2c04dad8a4f5147d73a28,171,994015f22fa16af24cdd4c2b80585191cffc90b47d1b5de272d13305385dcaf3,e18ce64619205db7b1dd4461bbf8b5fc70ff5f178115a530296605d7276f652e,fcb96c558bb9ea623832e265749d7f5bf4ca9f34ec3b347317424d9b502cfa82,2026-09-30T17:42:28Z
SubmitPartialDecryption,187,29d389ea0f893c67b3cca397e84dbebf53b4b2cdfe13abf94ec7e1d5f116c9cd,171,994015f22fa16af24cdd4c2b80585191cffc90b47d1b5de272d13305385dcaf3,e18ce64619205db7b1dd4461bbf8b5fc70ff5f178115a530296605d7276f652e,fcb96c558bb9ea623832e265749d7f5bf4ca9f34ec3b347317424d9b502cfa82,2026-09-30T17:42:28Z
SubmitPartialDecryption,176,7b99d963d49d5ea853bc98330cd01b691575a9ebc88b1f3bb9f6ea331eb48338,171,994015f22fa16af24cdd4c2b80585191cffc90b47d1b5de272d13305385dcaf3,e18ce64619205db7b1dd4461bbf8b5fc70ff5f178115a530296605d7276f652e,fcb96c558bb9ea623832e265749d7f5bf4ca9f34ec3b347317424d9b502cfa82,2026-09-30T17:42:28Z
SubmitPartialDecryption,185,e71a04637809ca4b0a55ae656ea80ba7e9eadace0ad0466cf9ddea3da2b0db1a,171,994015f22fa16af24cdd4c2b80585191cffc90b47d1b5de272d13305385dcaf3,e18ce64619205db7b1dd4461bbf8b5fc70ff5f178115a530296605d7276f652e,fcb96c558bb9ea623832e265749d7f5bf4ca9f34ec3b347317424d9b502cfa82,2026-09-30T17:42:28Z
SubmitPartialDecryption,178,341de6d307acc45be28485eb8905498780106546974af7f20c89c4553cbd85f8,171,994015f22fa16af24cdd4c2b80585191cffc90b47d1b5de272d13305385dcaf3,e18ce64619205db7b1dd4461bbf8b5fc70ff5f178115a530296605d7276f652e,fcb96c558bb9ea623832e265749d7f5bf4ca9f34ec3b347317424d9b502cfa82,2026-09-30T17:42:28Z
SubmitPartialDecryption,180,5b5761781c9f6381c687f935350102308bfe4f505a9d0bbd30ae386e4da3b190,171,994015f22fa16af24cdd4c2b80585191cffc90b47d1b5de272d13305385dcaf3,e18ce64619205db7b1dd4461bbf8b5fc70ff5f178115a530296605d7276f652e,fcb96c558bb9ea623832e265749d7f5bf4ca9f34ec3b347317424d9b502cfa82,2026-09-30T17:42:28Z
SubmitPartialDecryption,191,1b606b18a68a8116fcd3c2e67d88c7d36c1fd93c0189e720f86036f163160243,171,994015f22fa16af24cdd4c2b80585191cffc90b47d1b5de272d13305385dcaf3,e18ce64619205db7b1dd4461bbf8b5fc70ff5f178115a530296605d7276f652e,fcb96c558bb9ea623832e265749d7f5bf4ca9f34ec3b347317424d9b502cfa82,2026-09-30T17:42:28Z
SubmitPartialDecryption,186,4616ff37d1427077721c4eb1599e10285dd871e660e9e5ab53761fce15f45cd5,171,994015f22fa16af24cdd4c2b80585191cffc90b47d1b5de272d13305385dcaf3,e18ce64619205db7b1dd4461bbf8b5fc70ff5f178115a530296605d7276f652e,fcb96c558bb9ea623832e265749d7f5bf4ca9f34ec3b347317424d9b502cfa82,2026-09-30T17:42:28Z
SubmitPartialDecryption,179,ad1350ff47d09f08d546fcb4ae9328b540c71335b0cd9a4e5cc99bb3e4772396,171,994015f22fa16af24cdd4c2b80585191cffc90b47d1b5de272d13305385dcaf3,e18ce64619205db7b1dd4461bbf8b5fc70ff5f178115a530296605d7276f652e,fcb96c558bb9ea623832e265749d7f5bf4ca9f34ec3b347317424d9b502cfa82,2026-09-30T17:42:28Z
SubmitPartialDecryption,181,7974667e8a635175e3ab456a1f7f74b1b082f1d670a2c3e8873418160f738c90,171,994015f22fa16af24cdd4c2b80585191cffc90b47d1b5de272d13305385dcaf3,e18ce64619205db7b1dd4461bbf8b5fc70ff5f178115a530296605d7276f652e,fcb96c558bb9ea623832e265749d7f5bf4ca9f34ec3b347317424d9b502cfa82,2026-09-30T17:42:28Z
SubmitPartialDecryption,188,7eefe71ed739acc79b0d6ba3c553abaa30b61ebd149dc266add8ff37b805d10a,171,994015f22fa16af24cdd4c2b80585191cffc90b47d1b5de272d13305385dcaf3,e18ce64619205db7b1dd4461bbf8b5fc70ff5f178115a530296605d7276f652e,fcb96c558bb9ea623832e265749d7f5bf4ca9f34ec3b347317424d9b502cfa82,2026-09-30T17:42:28Z
SubmitPartialDecryption,183,a6c0f748f59199d3d9c9574519da1ef6f5c3893091b7406677c5bf3071decef6,171,994015f22fa16af24cdd4c2b80585191cffc90b47d1b5de272d13305385dcaf3,e18ce64619205db7b1dd4461bbf8b5fc70ff5f178115a530296605d7276f652e,fcb96c558bb9ea623832e265749d7f5bf4ca9f34ec3b347317424d9b502cfa82,2026-09-30T17:42:28Z
SubmitPartialDecryption,195,64c6e252a816465662fd327a499cae6df68e22a2c254846e0fc8adc9dee12cdb,172,46bc30a27141ec07cf14cce58884ce5a012698c727ad5f85ec5ba9ef28f915ff,98b0db29feef0cdc33a9f4dcdc5e1c2c481fa4d8d38aad25d3c3169ebde1180a,994015f22fa16af24cdd4c2b80585191cffc90b47d1b5de272d13305385dcaf3,2026-09-30T17:42:30Z
SubmitPartialDecryption,194,66ad9d14aedc2c99f69e14bb7a7f4f8c3d563bccbe16d9b2024b4d11a4f26da9,172,46bc30a27141ec07cf14cce58884ce5a012698c727ad5f85ec5ba9ef28f915ff,98b0db29feef0cdc33a9f4dcdc5e1c2c481fa4d8d38aad25d3c3169ebde1180a,994015f22fa16af24cdd4c2b80585191cffc90b47d1b5de272d13305385dcaf3,2026-09-30T17:42:30Z
SubmitPartialDecryption,198,bfede92580e7bd7929d079fc4a07178e2d4a2a8ad10b5d4b0709de2c45fa2e13,172,46bc30a27141ec07cf14cce58884ce5a012698c727ad5f85ec5ba9ef28f915ff,98b0db29feef0cdc33a9f4dcdc5e1c2c481fa4d8d38aad25d3c3169ebde1180a,994015f22fa16af24cdd4c2b80585191cffc90b47d1b5de272d13305385dcaf3,2026-09-30T17:42:30Z
SubmitPartialDecryption,202,f44d67007fa9ef60ce16b774f764ac3fda3a940a57e05b3a0ab0b2b0db986d8a,172,46bc30a27141ec07cf14cce58884ce5a012698c727ad5f85ec5ba9ef28f915ff,98b0db29feef0cdc33a9f4dcdc5e1c2c481fa4d8d38aad25d3c3169ebde1180a,994015f22fa16af24cdd4c2b80585191cffc90b47d1b5de272d13305385dcaf3,2026-09-30T17:42:30Z
SubmitPartialDecryption,196,ee72c8a03d219b5f5172a9fdf04f13aebb14f4f1395a78f4ac0bd19a79fe4bb0,172,46bc30a27141ec07cf14cce58884ce5a012698c727ad5f85ec5ba9ef28f915ff,98b0db29feef0cdc33a9f4dcdc5e1c2c481fa4d8d38aad25d3c3169ebde1180a,994015f22fa16af24cdd4c2b80585191cffc90b47d1b5de272d13305385dcaf3,2026-09-30T17:42:30Z
SubmitPartialDecryption,201,99c635f78b4ed87f5d1362bda59e979b0573e98155971c841888f78e56dc074f,172,46bc30a27141ec07cf14cce58884ce5a012698c727ad5f85ec5ba9ef28f915ff,98b0db29feef0cdc33a9f4dcdc5e1c2c481fa4d8d38aad25d3c3169ebde1180a,994015f22fa16af24cdd4c2b80585191cffc90b47d1b5de272d13305385dcaf3,2026-09-30T17:42:30Z
SubmitPartialDecryption,199,2aeb8bf1ff662369d3e521f36054be471668ae90635ee4e038a1a783548b6957,172,46bc30a27141ec07cf14cce58884ce5a012698c727ad5f85ec5ba9ef28f915ff,98b0db29feef0cdc33a9f4dcdc5e1c2c481fa4d8d38aad25d3c3169ebde1180a,994015f22fa16af24cdd4c2b80585191cffc90b47d1b5de272d13305385dcaf3,2026-09-30T17:42:30Z
SubmitPartialDecryption,206,2692d5115df04317e88fd8d30d98c67362177d7079125b05b8a0369b4f2ddc4e,172,46bc30a27141ec07cf14cce58884ce5a012698c727ad5f85ec5ba9ef28f915ff,98b0db29feef0cdc33a9f4dcdc5e1c2c481fa4d8d38aad25d3c3169ebde1180a,994015f22fa16af24cdd4c2b80585191cffc90b47d1b5de272d13305385dcaf3,2026-09-30T17:42:30Z
SubmitPartialDecryption,203,615583f0976b3baeed6357e3c41b3bbb3f44eb0d90204186cb4d493ef8955389,172,46bc30a27141ec07cf14cce58884ce5a012698c727ad5f85ec5ba9ef28f915ff,98b0db29feef0cdc33a9f4dcdc5e1c2c481fa4d8d38aad25d3c3169ebde1180a,994015f22fa16af24cdd4c2b80585191cffc90b47d1b5de272d13305385dcaf3,2026-09-30T17:42:30Z
SubmitPartialDecryption,197,e810a85e740f07e8dd4b956d65d5c0826d7a1e2001ba213fe3b2d6dc929d92cd,172,46bc30a27141ec07cf14cce58884ce5a012698c727ad5f85ec5ba9ef28f915ff,98b0db29feef0cdc33a9f4dcdc5e1c2c481fa4d8d38aad25d3c3169ebde1180a,994015f22fa16af24cdd4c2b80585191cffc90b47d1b5de272d13305385dcaf3,2026-09-30T17:42:30Z
SubmitPartialDecryption,200,cba15efa96849a5ba2abd1f1a148ee2915f7f4bfd8f437787ab56357361afbf0,172,46bc30a27141ec07cf14cce58884ce5a012698c727ad5f85ec5ba9ef28f915ff,98b0db29feef0cdc33a9f4dcdc5e1c2c481fa4d8d38aad25d3c3169ebde1180a,994015f22fa16af24cdd4c2b80585191cffc90b47d1b5de272d13305385dcaf3,2026-09-30T17:42:30Z
SubmitPartialDecryption,207,3b478978a61e15b1edfda87902a3ec6b8c5ce14e872cd2a3820bdca3ca9b9e3d,172,46bc30a27141ec07cf14cce58884ce5a012698c727ad5f85ec5ba9ef28f915ff,98b0db29feef0cdc33a9f4dcdc5e1c2c481fa4d8d38aad25d3c3169ebde1180a,994015f22fa16af24cdd4c2b80585191cffc90b47d1b5de272d13305385dcaf3,2026-09-30T17:42:30Z
SubmitPartialDecryption,192,1d2c1d5b69313ea3718459d503252b5d8aae1951e99362916d2d24d47611de12,172,46bc30a27141ec07cf14cce58884ce5a012698c727ad5f85ec5ba9ef28f915ff,98b0db29feef0cdc33a9f4dcdc5e1c2c481fa4d8d38aad25d3c3169ebde1180a,994015f22fa16af24cdd4c2b80585191cffc90b47d1b5de272d13305385dcaf3,2026-09-30T17:42:30Z
SubmitPartialDecryption,204,1d72635a0639d4b66ac36e1d6dcc43bcf57d39007f6bbd814b48908b3433921a,172,46bc30a27141ec07cf14cce58884ce5a012698c727ad5f85ec5ba9ef28f915ff,98b0db29feef0cdc33a9f4dcdc5e1c2c481fa4d8d38aad25d3c3169ebde1180a,994015f22fa16af24cdd4c2b80585191cffc90b47d1b5de272d13305385dcaf3,2026-09-30T17:42:30Z
SubmitPartialDecryption,205,cab6ce31b9180e5384ec9f61d04c1a807bd722609c513c57b3a2079de2de228f,172,46bc30a27141ec07cf14cce58884ce5a012698c727ad5f85ec5ba9ef28f915ff,98b0db29feef0cdc33a9f4dcdc5e1c2c481fa4d8d38aad25d3c3169ebde1180a,994015f22fa16af24cdd4c2b80585191cffc90b47d1b5de272d13305385dcaf3,2026-09-30T17:42:30Z
SubmitPartialDecryption,193,aa96eeef5bd17cbdc2076ffbcd80fab15ffb1ab543254afa5af474c1ea068a89,172,46bc30a27141ec07cf14cce58884ce5a012698c727ad5f85ec5ba9ef28f915ff,98b0db29feef0cdc33a9f4dcdc5e1c2c481fa4d8d38aad25d3c3169ebde1180a,994015f22fa16af24cdd4c2b80585191cffc90b47d1b5de272d13305385dcaf3,2026-09-30T17:42:30Z
SubmitPartialDecryption,209,466fb80e83e158e5a8966f7b4132116fb08e73c6fca99d73aa68a9c992c34426,173,25332e46090f9145e1f153303428aee953aabe3cbcf3e688fe2c6f0c6828a002,c24796640b1fb8399641f82122bab254e740d45f3f583e5e70fd21a21400bf4f,46bc30a27141ec07cf14cce58884ce5a012698c727ad5f85ec5ba9ef28f915ff,2026-09-30T17:42:32Z
SubmitPartialDecryption,212,0bc7f12ee520eb7cfef539e67a175190c9742bd9b9c633e7ffb2f4b9e7836b37,173,25332e46090f9145e1f153303428aee953aabe3cbcf3e688fe2c6f0c6828a002,c24796640b1fb8399641f82122bab254e740d45f3f583e5e70fd21a21400bf4f,46bc30a27141ec07cf14cce58884ce5a012698c727ad5f85ec5ba9ef28f915ff,2026-09-30T17:42:32Z
SubmitPartialDecryption,214,c47f0728855c734c22ea5fecdca98fc6bc9d75d8de295ef16f13694d0af030aa,173,25332e46090f9145e1f153303428aee953aabe3cbcf3e688fe2c6f0c6828a002,c24796640b1fb8399641f82122bab254e740d45f3f583e5e70fd21a21400bf4f,46bc30a27141ec07cf14cce58884ce5a012698c727ad5f85ec5ba9ef28f915ff,2026-09-30T17:42:32Z
SubmitPartialDecryption,219,9b714b0b21e14eb4598a1e13060672650524b6eb2d683d71a035c4b572ba1c9c,173,25332e46090f9145e1f153303428aee953aabe3cbcf3e688fe2c6f0c6828a002,c24796640b1fb8399641f82122bab254e740d45f3f583e5e70fd21a21400bf4f,46bc30a27141ec07cf14cce58884ce5a012698c727ad5f85ec5ba9ef28f915ff,2026-09-30T17:42:32Z
SubmitPartialDecryption,217,435a030087279e1444a09cfb063eecefe3ad3b28fc6c5323ecb187a8696c73de,173,25332e46090f9145e1f153303428aee953aabe3cbcf3e688fe2c6f0c6828a002,c24796640b1fb8399641f82122bab254e740d45f3f583e5e70fd21a21400bf4f,46bc30a27141ec07cf14cce58884ce5a012698c727ad5f85ec5ba9ef28f915ff,2026-09-30T17:42:32Z
SubmitPartialDecryption,222,925089fe57f2204b4aa1b51a20fe279700eabc6e1d8f45696d6d4cf0ce752337,173,25332e46090f9145e1f153303428aee953aabe3cbcf3e688fe2c6f0c6828a002,c24796640b1fb8399641f82122bab254e740d45f3f583e5e70fd21a21400bf4f,46bc30a27141ec07cf14cce58884ce5a012698c727ad5f85ec5ba9ef28f915ff,2026-09-30T17:42:32Z
SubmitPartialDecryption,215,a8d3c7bd7e3cca3dc4dc0a01ee3310bd5898de80c06305a1c5f6acbd71882fb1,173,25332e46090f9145e1f153303428aee953aabe3cbcf3e688fe2c6f0c6828a002,c24796640b1fb8399641f82122bab254e740d45f3f583e5e70fd21a21400bf4f,46bc30a27141ec07cf14cce58884ce5a012698c727ad5f85ec5ba9ef28f915ff,2026-09-30T17:42:32Z
SubmitPartialDecryption,218,7eacb5ee07fe5eb27b8d55c86540998b3404e0a3cd5390a6f54356ab49364179,173,25332e46090f9145e1f153303428aee953aabe3cbcf3e688fe2c6f0c6828a002,c24796640b1fb8399641f82122bab254e740d45f3f583e5e70fd21a21400bf4f,46bc30a27141ec07cf14cce58884ce5a012698c727ad5f85ec5ba9ef28f915ff,2026-09-30T17:42:32Z
SubmitPartialDecryption,208,ef3aec9b9e6f6069c790a9d2641507e265deb953dce762aeffc6afef43ea52b7,173,25332e46090f9145e1f153303428aee953aabe3cbcf3e688fe2c6f0c6828a002,c24796640b1fb8399641f82122bab254e740d45f3f583e5e70fd21a21400bf4f,46bc30a27141ec07cf14cce58884ce5a012698c727ad5f85ec5ba9ef28f915ff,2026-09-30T17:42:32Z
SubmitPartialDecryption,210,8c70f549de5b5f6949ef09e13e757478071c9ef62af8c8afef9302ccdc012590,173,25332e46090f9145e1f153303428aee953aabe3cbcf3e688fe2c6f0c6828a002,c24796640b1fb8399641f82122bab254e740d45f3f583e5e70fd21a21400bf4f,46bc30a27141ec07cf14cce58884ce5a012698c727ad5f85ec5ba9ef28f915ff,2026-09-30T17:42:32Z
SubmitPartialDecryption,216,13da9c2692b980309b6fa9ffd7810f4e174ba369e14ac36b0d8ac8272c6303e9,173,25332e46090f9145e1f153303428aee953aabe3cbcf3e688fe2c6f0c6828a002,c24796640b1fb8399641f82122bab254e740d45f3f583e5e70fd21a21400bf4f,46bc30a27141ec07cf14cce58884ce5a012698c727ad5f85ec5ba9ef28f915ff,2026-09-30T17:42:32Z
SubmitPartialDecryption,213,8a794d77aa9079e2e40d8e134f870530bb418e91ae29691ec3effb9c92231615,173,25332e46090f9145e1f153303428aee953aabe3cbcf3e688fe2c6f0c6828a002,c24796640b1fb8399641f82122bab254e740d45f3f583e5e70fd21a21400bf4f,46bc30a27141ec07cf14cce58884ce5a012698c727ad5f85ec5ba9ef28f915ff,2026-09-30T17:42:32Z
SubmitPartialDecryption,211,24e2cf6e4e8211c961bb760cfeee9c9f35eb555a399301b062db0d6743631506,173,25332e46090f9145e1f153303428aee953aabe3cbcf3e688fe2c6f0c6828a002,c24796640b1fb8399641f82122bab254e740d45f3f583e5e70fd21a21400bf4f,46bc30a27141ec07cf14cce58884ce5a012698c727ad5f85ec5ba9ef28f915ff,2026-09-30T17:42:32Z
SubmitPartialDecryption,223,2782178837137f1e9c46cf56b153953f0a53b3298bceeb69628ccae57b521e71,173,25332e46090f9145e1f153303428aee953aabe3cbcf3e688fe2c6f0c6828a002,c24796640b1fb8399641f82122bab254e740d45f3f583e5e70fd21a21400bf4f,46bc30a27141ec07cf14cce58884ce5a012698c727ad5f85ec5ba9ef28f915ff,2026-09-30T17:42:32Z
SubmitPartialDecryption,221,4c6da4f4d0dc9e38eabec53935b385fbf50cabc9953f49d01b6fb04bf5592880,173,25332e46090f9145e1f153303428aee953aabe3cbcf3e688fe2c6f0c6828a002,c24796640b1fb8399641f82122bab254e740d45f3f583e5e70fd21a21400bf4f,46bc30a27141ec07cf14cce58884ce5a012698c727ad5f85ec5ba9ef28f915ff,2026-09-30T17:42:32Z
SubmitPartialDecryption,220,f736f74a8e3c19f9079073bef44d3ed70e5d59eca32d5a88c5039d2c970ce7d6,173,25332e46090f9145e1f153303428aee953aabe3cbcf3e688fe2c6f0c6828a002,c24796640b1fb8399641f82122bab254e740d45f3f583e5e70fd21a21400bf4f,46bc30a27141ec07cf14cce58884ce5a012698c727ad5f85ec5ba9ef28f915ff,2026-09-30T17:42:32Z
SubmitPartialDecryption,225,ff3cbe01ad9ac54bd8c0071b0ebe2530b7d422082f73210e533d2f71a1bf7ac8,174,4704d1737af3f098cabe42abc9681b79a5e1b1263dfe87ed5332491e62fc7c3e,6f3f5c0c471b1f67af59c8428b0019e4d0b0b769b34f7dc2c4b8853db92168ef,25332e46090f9145e1f153303428aee953aabe3cbcf3e688fe2c6f0c6828a002,2026-09-30T17:42:35Z
SubmitPartialDecryption,233,93119d5775cda367deeb0db21bc75838f544566e1c4e11a0cf6a64714669cd83,174,4704d1737af3f098cabe42abc9681b79a5e1b1263dfe87ed5332491e62fc7c3e,6f3f5c0c471b1f67af59c8428b0019e4d0b0b769b34f7dc2c4b8853db92168ef,25332e46090f9145e1f153303428aee953aabe3cbcf3e688fe2c6f0c6828a002,2026-09-30T17:42:35Z
SubmitPartialDecryption,231,3235b0d5fefb1e0ac11c4070f778dd3ef2ab110284773224bee64c261f1565fa,174,4704d1737af3f098cabe42abc9681b79a5e1b1263dfe87ed5332491e62fc7c3e,6f3f5c0c471b1f67af59c8428b0019e4d0b0b769b34f7dc2c4b8853db92168ef,25332e46090f9145e1f153303428aee953aabe3cbcf3e688fe2c6f0c6828a002,2026-09-30T17:42:35Z
SubmitPartialDecryption,237,fad51a352eb086163693c2c2d4da7040772ff9f533f5994a58c7cd60e197ed9d,174,4704d1737af3f098cabe42abc9681b79a5e1b1263dfe87ed5332491e62fc7c3e,6f3f5c0c471b1f67af59c8428b0019e4d0b0b769b34f7dc2c4b8853db92168ef,25332e46090f9145e1f153303428aee953aabe3cbcf3e688fe2c6f0c6828a002,2026-09-30T17:42:35Z
SubmitPartialDecryption,228,baec3745761ef1f96df4703579d2ca08766de2f475925ef0411b819d2ef4e850,174,4704d1737af3f098cabe42abc9681b79a5e1b1263dfe87ed5332491e62fc7c3e,6f3f5c0c471b1f67af59c8428b0019e4d0b0b769b34f7dc2c4b8853db92168ef,25332e46090f9145e1f153303428aee953aabe3cbcf3e688fe2c6f0c6828a002,2026-09-30T17:42:35Z
SubmitPartialDecryption,238,057fe527e06f1a58251a908132c2a338ccdcba6feab53bfc681c846213231055,174,4704d1737af3f098cabe42abc9681b79a5e1b1263dfe87ed5332491e62fc7c3e,6f3f5c0c471b1f67af59c8428b0019e4d0b0b769b34f7dc2c4b8853db92168ef,25332e46090f9145e1f153303428aee953aabe3cbcf3e688fe2c6f0c6828a002,2026-09-30T17:42:35Z
SubmitPartialDecryption,224,775afae3a57f7133387fa09ffb6cba11a41a91941397072536099be3c4470fa1,174,4704d1737af3f098cabe42abc9681b79a5e1b1263dfe87ed5332491e62fc7c3e,6f3f5c0c471b1f67af59c8428b0019e4d0b0b769b34f7dc2c4b8853db92168ef,25332e46090f9145e1f153303428aee953aabe3cbcf3e688fe2c6f0c6828a002,2026-09-30T17:42:35Z
SubmitPartialDecryption,230,caac363d9a9aac484123ad2c12b2fa4253d549351d623633f5a978762bfccdf2,174,4704d1737af3f098cabe42abc9681b79a5e1b1263dfe87ed5332491e62fc7c3e,6f3f5c0c471b1f67af59c8428b0019e4d0b0b769b34f7dc2c4b8853db92168ef,25332e46090f9145e1f153303428aee953aabe3cbcf3e688fe2c6f0c6828a002,2026-09-30T17:42:35Z
SubmitPartialDecryption,234,c1f930bb6e66cb2c216c9e7be7282d83a15f4f2cba5795b7c8d0391da5578c9c,174,4704d1737af3f098cabe42abc9681b79a5e1b1263dfe87ed5332491e62fc7c3e,6f3f5c0c471b1f67af59c8428b0019e4d0b0b769b34f7dc2c4b8853db92168ef,25332e46090f9145e1f153303428aee953aabe3cbcf3e688fe2c6f0c6828a002,2026-09-30T17:42:35Z
SubmitPartialDecryption,227,35d87eeb2803b71db895173e3a7bef6b5767b5423102251d01dea21ceb0850a8,174,4704d1737af3f098cabe42abc9681b79a5e1b1263dfe87ed5332491e62fc7c3e,6f3f5c0c471b1f67af59c8428b0019e4d0b0b769b34f7dc2c4b8853db92168ef,25332e46090f9145e1f153303428aee953aabe3cbcf3e688fe2c6f0c6828a002,2026-09-30T17:42:35Z
SubmitPartialDecryption,239,927316bc11e207a018aeda48dbd70f2b57f7ae4be26965b3ffb77a7aef63e764,174,4704d1737af3f098cabe42abc9681b79a5e1b1263dfe87ed5332491e62fc7c3e,6f3f5c0c471b1f67af59c8428b0019e4d0b0b769b34f7dc2c4b8853db92168ef,25332e46090f9145e1f153303428aee953aabe3cbcf3e688fe2c6f0c6828a002,2026-09-30T17:42:35Z
SubmitPartialDecryption,235,3ce8b8c6fd0ae01aefb0be7506aef8d5525f7c2445ee121836963b615a9e6f45,174,4704d1737af3f098cabe42abc9681b79a5e1b1263dfe87ed5332491e62fc7c3e,6f3f5c0c471b1f67af59c8428b0019e4d0b0b769b34f7dc2c4b8853db92168ef,25332e46090f9145e1f153303428aee953aabe3cbcf3e688fe2c6f0c6828a002,2026-09-30T17:42:35Z
SubmitPartialDecryption,236,7b433cc1dfeb076ca6ec5c2fc21154d8634a77cc51100639aa26e2f0b378dd74,174,4704d1737af3f098cabe42abc9681b79a5e1b1263dfe87ed5332491e62fc7c3e,6f3f5c0c471b1f67af59c8428b0019e4d0b0b769b34f7dc2c4b8853db92168ef,25332e46090f9145e1f153303428aee953aabe3cbcf3e688fe2c6f0c6828a002,2026-09-30T17:42:35Z
SubmitPartialDecryption,226,cf00e57169a342b05b4edc67be389eb5b81d21e46be5c7815110ffc63223d9b0,174,4704d1737af3f098cabe42abc9681b79a5e1b1263dfe87ed5332491e62fc7c3e,6f3f5c0c471b1f67af59c8428b0019e4d0b0b769b34f7dc2c4b8853db92168ef,25332e46090f9145e1f153303428aee953aabe3cbcf3e688fe2c6f0c6828a002,2026-09-30T17:42:35Z
SubmitPartialDecryption,229,9c5c010e56e422b1afa1771a2458f148eeadb229e7ca237711ca0698fd8c3cf2,174,4704d1737af3f098cabe42abc9681b79a5e1b1263dfe87ed5332491e62fc7c3e,6f3f5c0c471b1f67af59c8428b0019e4d0b0b769b34f7dc2c4b8853db92168ef,25332e46090f9145e1f153303428aee953aabe3cbcf3e688fe2c6f0c6828a002,2026-09-30T17:42:35Z
SubmitPartialDecryption,232,06cec731a55ba7cd1154e148a12430cbaec6a63308d0e8be4a1a2c4047eb05ec,174,4704d1737af3f098cabe42abc9681b79a5e1b1263dfe87ed5332491e62fc7c3e,6f3f5c0c471b1f67af59c8428b0019e4d0b0b769b34f7dc2c4b8853db92168ef,25332e46090f9145e1f153303428aee953aabe3cbcf3e688fe2c6f0c6828a002,2026-09-30T17:42:35Z
SubmitPartialDecryption,242,9ed63204b0aee0a209acec288e92c04c9df59c45419146a228ef5e2e6cea54e8,175,3f84b13eda3743ac69ea14c1e05641d55561992a9922c662a8964b4098a3bf5f,e67885e4d573f80ab370d2d3eaa68b7ce62eedd88ba2f1374bb7231ec6210b40,4704d1737af3f098cabe42abc9681b79a5e1b1263dfe87ed5332491e62fc7c3e,2026-09-30T17:42:37Z
SubmitPartialDecryption,241,b23cb4a0d3b2fac459a882833eea5dce4888cac99ab2de4bc794ee40ac5d2098,175,3f84b13eda3743ac69ea14c1e05641d55561992a9922c662a8964b4098a3bf5f,e67885e4d573f80ab370d2d3eaa68b7ce62eedd88ba2f1374bb7231ec6210b40,4704d1737af3f098cabe42abc9681b79a5e1b1263dfe87ed5332491e62fc7c3e,2026-09-30T17:42:37Z
SubmitPartialDecryption,255,a329a20bfeb37a65c02a5a1f12b51fe34c18f59626c4612f9a0b37561465e732,175,3f84b13eda3743ac69ea14c1e05641d55561992a9922c662a8964b4098a3bf5f,e67885e4d573f80ab370d2d3eaa68b7ce62eedd88ba2f1374bb7231ec6210b40,4704d1737af3f098cabe42abc9681b79a5e1b1263dfe87ed5332491e62fc7c3e,2026-09-30T17:42:37Z
SubmitPartialDecryption,254,56dd540c8da8dabb90393d5121ce96ed431b942a7c9f311629938b632191db71,175,3f84b13eda3743ac69ea14c1e05641d55561992a9922c662a8964b4098a3bf5f,e67885e4d573f80ab370d2d3eaa68b7ce62eedd88ba2f1374bb7231ec6210b40,4704d1737af3f098cabe42abc9681b79a5e1b1263dfe87ed5332491e62fc7c3e,2026-09-30T17:42:37Z
SubmitPartialDecryption,246,745bdac39bd2bcf96affc7559e82e84a47d92755227f5f758beb497fa8c682d8,175,3f84b13eda3743ac69ea14c1e05641d55561992a9922c662a8964b4098a3bf5f,e67885e4d573f80ab370d2d3eaa68b7ce62eedd88ba2f1374bb7231ec6210b40,4704d1737af3f098cabe42abc9681b79a5e1b1263dfe87ed5332491e62fc7c3e,2026-09-30T17:42:37Z
SubmitPartialDecryption,244,4180896b77cbb8080ee3ad859434bdfe156cf1dfa2d082814aa69dd36d45a67b,175,3f84b13eda3743ac69ea14c1e05641d55561992a9922c662a8964b4098a3bf5f,e67885e4d573f80ab370d2d3eaa68b7ce62eedd88ba2f1374bb7231ec6210b40,4704d1737af3f098cabe42abc9681b79a5e1b1263dfe87ed5332491e62fc7c3e,2026-09-30T17:42:37Z
SubmitPartialDecryption,251,356760fa220c1b0517c759246fdc925e85bfd8afdb152ad399ac918e751ae9b4,175,3f84b13eda3743ac69ea14c1e05641d55561992a9922c662a8964b4098a3bf5f,e67885e4d573f80ab370d2d3eaa68b7ce62eedd88ba2f1374bb7231ec6210b40,4704d1737af3f098cabe42abc9681b79a5e1b1263dfe87ed5332491e62fc7c3e,2026-09-30T17:42:37Z
SubmitPartialDecryption,250,71191feccd64b84019a706bfedb4c8420353994c4eb8ed3e9042262ac3841154,175,3f84b13eda3743ac69ea14c1e05641d55561992a9922c662a8964b4098a3bf5f,e67885e4d573f80ab370d2d3eaa68b7ce62eedd88ba2f1374bb7231ec6210b40,4704d1737af3f098cabe42abc9681b79a5e1b1263dfe87ed5332491e62fc7c3e,2026-09-30T17:42:37Z
SubmitPartialDecryption,249,7b48378f5d562f176a01946879e5009de4a800df641da187842bd27be367b51a,175,3f84b13eda3743ac69ea14c1e05641d55561992a9922c662a8964b4098a3bf5f,e67885e4d573f80ab370d2d3eaa68b7ce62eedd88ba2f1374bb7231ec6210b40,4704d1737af3f098cabe42abc9681b79a5e1b1263dfe87ed5332491e62fc7c3e,2026-09-30T17:42:37Z
SubmitPartialDecryption,247,b0349b9ca900d98899e03f0597745668d785d9632738d56da98606d0257542ee,175,3f84b13eda3743ac69ea14c1e05641d55561992a9922c662a8964b4098a3bf5f,e67885e4d573f80ab370d2d3eaa68b7ce62eedd88ba2f1374bb7231ec6210b40,4704d1737af3f098cabe42abc9681b79a5e1b1263dfe87ed5332491e62fc7c3e,2026-09-30T17:42:37Z
SubmitPartialDecryption,240,aaa981f1db1800fce42dc13fb6ec6ff69a5091ccac74991c6b89ec49f040843c,175,3f84b13eda3743ac69ea14c1e05641d55561992a9922c662a8964b4098a3bf5f,e67885e4d573f80ab370d2d3eaa68b7ce62eedd88ba2f1374bb7231ec6210b40,4704d1737af3f098cabe42abc9681b79a5e1b1263dfe87ed5332491e62fc7c3e,2026-09-30T17:42:37Z
SubmitPartialDecryption,252,3ec5eff543caadb880081b00df0d6266cacc51d2c479758ac0005932f5497c32,175,3f84b13eda3743ac69ea14c1e05641d55561992a9922c662a8964b4098a3bf5f,e67885e4d573f80ab370d2d3eaa68b7ce62eedd88ba2f1374bb7231ec6210b40,4704d1737af3f098cabe42abc9681b79a5e1b1263dfe87ed5332491e62fc7c3e,2026-09-30T17:42:37Z
SubmitPartialDecryption,245,2e49865143b2a6a06c464cbcbf807dcd5a3e3bc38c45b2f4ee6dd8a02024acb1,175,3f84b13eda3743ac69ea14c1e05641d55561992a9922c662a8964b4098a3bf5f,e67885e4d573f80ab370d2d3eaa68b7ce62eedd88ba2f1374bb7231ec6210b40,4704d1737af3f098cabe42abc9681b79a5e1b1263dfe87ed5332491e62fc7c3e,2026-09-30T17:42:37Z
SubmitPartialDecryption,253,571d2654af3b946942c34324b4dcd63decf616c01523b04b8af4a45fbeeadffd,175,3f84b13eda3743ac69ea14c1e05641d55561992a9922c662a8964b4098a3bf5f,e67885e4d573f80ab370d2d3eaa68b7ce62eedd88ba2f1374bb7231ec6210b40,4704d1737af3f098cabe42abc9681b79a5e1b1263dfe87ed5332491e62fc7c3e,2026-09-30T17:42:37Z
SubmitPartialDecryption,243,296bd0cb289abc26debdabf0cc1f31ccf1e8ea9ade863ec8b37e91889fb27cab,175,3f84b13eda3743ac69ea14c1e05641d55561992a9922c662a8964b4098a3bf5f,e67885e4d573f80ab370d2d3eaa68b7ce62eedd88ba2f1374bb7231ec6210b40,4704d1737af3f098cabe42abc9681b79a5e1b1263dfe87ed5332491e62fc7c3e,2026-09-30T17:42:37Z
SubmitPartialDecryption,248,a6c8327727144cc392cbc4a4f67a2af918c11804a9e94d19f9efa458b3fcaccd,175,3f84b13eda3743ac69ea14c1e05641d55561992a9922c662a8964b4098a3bf5f,e67885e4d573f80ab370d2d3eaa68b7ce62eedd88ba2f1374bb7231ec6210b40,4704d1737af3f098cabe42abc9681b79a5e1b1263dfe87ed5332491e62fc7c3e,2026-09-30T17:42:37Z
SubmitPartialDecryption,271,1567ce4d3573842bafc6a89f48b67058a35421e153af08d4c82d85f0e8c56dc5,176,dfeaf870b91bd6b86ad156aa050ebf9436913acc1761ad03cbf8fff98b6f8243,c1d31ed1297b50ed666c0536001479504d62ea3f914d37c591554bbb0e8e086b,3f84b13eda3743ac69ea14c1e05641d55561992a9922c662a8964b4098a3bf5f,2026-09-30T17:42:39Z
SubmitPartialDecryption,258,f6f83dc71dd15dd2c8bdd39952a0ca736d7ce6bd36da7f9fd870d331a747e5ae,176,dfeaf870b91bd6b86ad156aa050ebf9436913acc1761ad03cbf8fff98b6f8243,c1d31ed1297b50ed666c0536001479504d62ea3f914d37c591554bbb0e8e086b,3f84b13eda3743ac69ea14c1e05641d55561992a9922c662a8964b4098a3bf5f,2026-09-30T17:42:39Z
SubmitPartialDecryption,269,926f4f681bd32192700ec6d098c99c132c20345191c7773797626d5d20e5c4f4,176,dfeaf870b91bd6b86ad156aa050ebf9436913acc1761ad03cbf8fff98b6f8243,c1d31ed1297b50ed666c0536001479504d62ea3f914d37c591554bbb0e8e086b,3f84b13eda3743ac69ea14c1e05641d55561992a9922c662a8964b4098a3bf5f,2026-09-30T17:42:39Z
SubmitPartialDecryption,270,3d7ddde466c989d6632416888503defbd3f09c70786fc6e31a81391be3be80a7,176,dfeaf870b91bd6b86ad156aa050ebf9436913acc1761ad03cbf8fff98b6f8243,c1d31ed1297b50ed666c0536001479504d62ea3f914d37c591554bbb0e8e086b,3f84b13eda3743ac69ea14c1e05641d55561992a9922c662a8964b4098a3bf5f,2026-09-30T17:42:39Z
SubmitPartialDecryption,261,927eb00d534597053bbd1be97f7365b27ef8f1ab825ecb38762ef253995d240d,176,dfeaf870b91bd6b86ad156aa050ebf9436913acc1761ad03cbf8fff98b6f8243,c1d31ed1297b50ed666c0536001479504d62ea3f914d37c591554bbb0e8e086b,3f84b13eda3743ac69ea14c1e05641d55561992a9922c662a8964b4098a3bf5f,2026-09-30T17:42:39Z
SubmitPartialDecryption,265,bd97e24adcef1bfd8b4205eadf7c747a0bcfa85d6332ced3f4b67948f9917f1a,176,dfeaf870b91bd6b86ad156aa050ebf9436913acc1761ad03cbf8fff98b6f8243,c1d31ed1297b50ed666c0536001479504d62ea3f914d37c591554bbb0e8e086b,3f84b13eda3743ac69ea14c1e05641d55561992a9922c662a8964b4098a3bf5f,2026-09-30T17:42:39Z
SubmitPartialDecryption,264,43b529324cb70b6d5244be59b2f4a3f3099ae145af0c9a64fc5d2ac9970cf567,176,dfeaf870b91bd6b86ad156aa050ebf9436913acc1761ad03cbf8fff98b6f8243,c1d31ed1297b50ed666c0536001479504d62ea3f914d37c591554bbb0e8e086b,3f84b13eda3743ac69ea14c1e05641d55561992a9922c662a8964b4098a3bf5f,2026-09-30T17:42:39Z
SubmitPartialDecryption,259,7ad52547de162c484cbccd6ff770f648a81d15c239e61caf8d96ef4892a27501,176,dfeaf870b91bd6b86ad156aa050ebf9436913acc1761ad03cbf8fff98b6f8243,c1d31ed1297b50ed666c0536001479504d62ea3f914d37c591554bbb0e8e086b,3f84b13eda3743ac69ea14c1e05641d55561992a9922c662a8964b4098a3bf5f,2026-09-30T17:42:39Z
SubmitPartialDecryption,262,b66324aa85873b368d7dbf6d8b786b94a9e73fd003a2b1d3ff8227b83e41366b,176,dfeaf870b91bd6b86ad156aa050ebf9436913acc1761ad03cbf8fff98b6f8243,c1d31ed1297b50ed666c0536001479504d62ea3f914d37c591554bbb0e8e086b,3f84b13eda3743ac69ea14c1e05641d55561992a9922c662a8964b4098a3bf5f,2026-09-30T17:42:39Z
SubmitPartialDecryption,268,4c2e205a75794a76a4360471cb63a10bd58bfcebe7376ad0bde6f1c3f2cba378,176,dfeaf870b91bd6b86ad156aa050ebf9436913acc1761ad03cbf8fff98b6f8243,c1d31ed1297b50ed666c0536001479504d62ea3f914d37c591554bbb0e8e086b,3f84b13eda3743ac69ea14c1e05641d55561992a9922c662a8964b4098a3bf5f,2026-09-30T17:42:39Z
SubmitPartialDecryption,256,b78e937a3db676724daab3b9ffaf5d01b06cf1976cd6dcae388f31923f5d4be4,176,dfeaf870b91bd6b86ad156aa050ebf9436913acc1761ad03cbf8fff98b6f8243,c1d31ed1297b50ed666c0536001479504d62ea3f914d37c591554bbb0e8e086b,3f84b13eda3743ac69ea14c1e05641d55561992a9922c662a8964b4098a3bf5f,2026-09-30T17:42:39Z
SubmitPartialDecryption,257,9c45bcf56ac5e352e6858a5456de535cff6c340ba31ce53fa2337ba6d23aa8f7,176,dfeaf870b91bd6b86ad156aa050ebf9436913acc1761ad03cbf8fff98b6f8243,c1d31ed1297b50ed666c0536001479504d62ea3f914d37c591554bbb0e8e086b,3f84b13eda3743ac69ea14c1e05641d55561992a9922c662a8964b4098a3bf5f,2026-09-30T17:42:39Z
SubmitPartialDecryption,263,0e512d315f0c29178547fd90b87fc06afef2aa94bfbb99619b8d2a9f436d59d6,176,dfeaf870b91bd6b86ad156aa050ebf9436913acc1761ad03cbf8fff98b6f8243,c1d31ed1297b50ed666c0536001479504d62ea3f914d37c591554bbb0e8e086b,3f84b13eda3743ac69ea14c1e05641d55561992a9922c662a8964b4098a3bf5f,2026-09-30T17:42:39Z
SubmitPartialDecryption,260,1da6573e59473b74ce73a024ddb3775ab60e4fe9b0e28f6bc7fe4147a1885d0e,176,dfeaf870b91bd6b86ad156aa050ebf9436913acc1761ad03cbf8fff98b6f8243,c1d31ed1297b50ed666c0536001479504d62ea3f914d37c591554bbb0e8e086b,3f84b13eda3743ac69ea14c1e05641d55561992a9922c662a8964b4098a3bf5f,2026-09-30T17:42:39Z
SubmitPartialDecryption,266,9e628fbe13a3ca894f2f5b9cbb296052079ca5b65e70b8ffe8fcbe7b40c7d14d,176,dfeaf870b91bd6b86ad156aa050ebf9436913acc1761ad03cbf8fff98b6f8243,c1d31ed1297b50ed666c0536001479504d62ea3f914d37c591554bbb0e8e086b,3f84b13eda3743ac69ea14c1e05641d55561992a9922c662a8964b4098a3bf5f,2026-09-30T17:42:39Z
SubmitPartialDecryption,267,b0bdfdedca62a33ce8971ad9813229d5fe85e8aab955631c1e990baba78f463f,176,dfeaf870b91bd6b86ad156aa050ebf9436913acc1761ad03cbf8fff98b6f8243,c1d31ed1297b50ed666c0536001479504d62ea3f914d37c591554bbb0e8e086b,3f84b13eda3743ac69ea14c1e05641d55561992a9922c662a8964b4098a3bf5f,2026-09-30T17:42:39Z
SubmitPartialDecryption,279,e4204ed2a53ece7029ac0cc6448f8cc60f934f3b871a01e1be5edf2813c02e26,177,5de107629e4842b8d74722ea0ac3f55650fb7f9eab22a180807532e20d952b91,40ebd25b31d34ac5d1748558ed480994b40be2fc381d15f54f1a3f16818a8263,dfeaf870b91bd6b86ad156aa050ebf9436913acc1761ad03cbf8fff98b6f8243,2026-09-30T17:42:41Z
SubmitPartialDecryption,277,ae19bd9a1b4079db14f98a940bacad22da161696a41e1d6f8545b2be5cd8aaba,177,5de107629e4842b8d74722ea0ac3f55650fb7f9eab22a180807532e20d952b91,40ebd25b31d34ac5d1748558ed480994b40be2fc381d15f54f1a3f16818a8263,dfeaf870b91bd6b86ad156aa050ebf9436913acc1761ad03cbf8fff98b6f8243,2026-09-30T17:42:41Z
SubmitPartialDecryption,286,5de3e6c6e5a64d439fa50619349b4c84cdfa714ca32c4a3bd80b460fa9f07b2b,177,5de107629e4842b8d74722ea0ac3f55650fb7f9eab22a180807532e20d952b91,40ebd25b31d34ac5d1748558ed480994b40be2fc381d15f54f1a3f16818a8263,dfeaf870b91bd6b86ad156aa050ebf9436913acc1761ad03cbf8fff98b6f8243,2026-09-30T17:42:41Z
SubmitPartialDecryption,287,a24685a10b0fc559971080261f869c61c7a89f5da9ae96d2b57673056149d163,177,5de107629e4842b8d74722ea0ac3f55650fb7f9eab22a180807532e20d952b91,40ebd25b31d34ac5d1748558ed480994b40be2fc381d15f54f1a3f16818a8263,dfeaf870b91bd6b86ad156aa050ebf9436913acc1761ad03cbf8fff98b6f8243,2026-09-30T17:42:41Z
SubmitPartialDecryption,272,ce9de5d1ca1e612fab92f238a400ebd94bd1573e1a89d119f1b091a91f8f296c,177,5de107629e4842b8d74722ea0ac3f55650fb7f9eab22a180807532e20d952b91,40ebd25b31d34ac5d1748558ed480994b40be2fc381d15f54f1a3f16818a8263,dfeaf870b91bd6b86ad156aa050ebf9436913acc1761ad03cbf8fff98b6f8243,2026-09-30T17:42:41Z
SubmitPartialDecryption,276,4fdf7db9a39ccf43e2f5c8d794ce7dc9065f0388b095f4c904f4c7b6daae5e2b,177,5de107629e4842b8d74722ea0ac3f55650fb7f9eab22a180807532e20d952b91,40ebd25b31d34ac5d1748558ed480994b40be2fc381d15f54f1a3f16818a8263,dfeaf870b91bd6b86ad156aa050ebf9436913acc1761ad03cbf8fff98b6f8243,2026-09-30T17:42:41Z
SubmitPartialDecryption,281,975464b5ee872cfa528a28be79158ad135c21259c5404322a02970c061bee573,177,5de107629e4842b8d74722ea0ac3f55650fb7f9eab22a180807532e20d952b91,40ebd25b31d34ac5d1748558ed480994b40be2fc381d15f54f1a3f16818a8263,dfeaf870b91bd6b86ad156aa050ebf9436913acc1761ad03cbf8fff98b6f8243,2026-09-30T17:42:41Z
SubmitPartialDecryption,280,c025354383cedeee86bb177a497073c1eef4845c4e17c362cf14342857d58659,177,5de107629e4842b8d74722ea0ac3f55650fb7f9eab22a180807532e20d952b91,40ebd25b31d34ac5d1748558ed480994b40be2fc381d15f54f1a3f16818a8263,dfeaf870b91bd6b86ad156aa050ebf9436913acc1761ad03cbf8fff98b6f8243,2026-09-30T17:42:41Z
SubmitPartialDecryption,285,7885d5b81399aa77d90bb693d5bc3d5c2e193d117b8c762a5ab5e677a4fe7a11,177,5de107629e4842b8d74722ea0ac3f55650fb7f9eab22a180807532e20d952b91,40ebd25b31d34ac5d1748558ed480994b40be2fc381d15f54f1a3f16818a8263,dfeaf870b91bd6b86ad156aa050ebf9436913acc1761ad03cbf8fff98b6f8243,2026-09-30T17:42:41Z
SubmitPartialDecryption,282,d880632db6331ce8082991c1ee1bc57737ce26e23d2f7242ac2cd4ef682495d5,177,5de107629e4842b8d74722ea0ac3f55650fb7f9eab22a180807532e20d952b91,40ebd25b31d34ac5d1748558ed480994b40be2fc381d15f54f1a3f16818a8263,dfeaf870b91bd6b86ad156aa050ebf9436913acc1761ad03cbf8fff98b6f8243,2026-09-30T17:42:41Z
SubmitPartialDecryption,275,84f3770f4b1248d46db0ceff6de0896643f2d24a5ab26d884ab4bc23091f26ab,177,5de107629e4842b8d74722ea0ac3f55650fb7f9eab22a180807532e20d952b91,40ebd25b31d34ac5d1748558ed480994b40be2fc381d15f54f1a3f16818a8263,dfeaf870b91bd6b86ad156aa050ebf9436913acc1761ad03cbf8fff98b6f8243,2026-09-30T17:42:41Z
SubmitPartialDecryption,273,7005b0f3af66f44f1c768c68c02b0ceb5d288c449fabeab326b35933a4395118,177,5de107629e4842b8d74722ea0ac3f55650fb7f9eab22a180807532e20d952b91,40ebd25b31d34ac5d1748558ed480994b40be2fc381d15f54f1a3f16818a8263,dfeaf870b91bd6b86ad156aa050ebf9436913acc1761ad03cbf8fff98b6f8243,2026-09-30T17:42:41Z
SubmitPartialDecryption,278,56a421617c15cb9d4b9e0100c6c44ae26c639fe47ae8bac4b4b3ca10c284147f,177,5de107629e4842b8d74722ea0ac3f55650fb7f9eab22a180807532e20d952b91,40ebd25b31d34ac5d1748558ed480994b40be2fc381d15f54f1a3f16818a8263,dfeaf870b91bd6b86ad156aa050ebf9436913acc1761ad03cbf8fff98b6f8243,2026-09-30T17:42:41Z
SubmitPartialDecryption,283,ef6fd6b430da83e72e0fa23ecd91258f460e8b1f221378b98f728cdb0b1313e1,177,5de107629e4842b8d74722ea0ac3f55650fb7f9eab22a180807532e20d952b91,40ebd25b31d34ac5d1748558ed480994b40be2fc381d15f54f1a3f16818a8263,dfeaf870b91bd6b86ad156aa050ebf9436913acc1761ad03cbf8fff98b6f8243,2026-09-30T17:42:41Z
SubmitPartialDecryption,274,5e0865276032d5c93cbda802ad299df00d57356b8730fdc7a5ee4a6a9fa1ab0f,177,5de107629e4842b8d74722ea0ac3f55650fb7f9eab22a180807532e20d952b91,40ebd25b31d34ac5d1748558ed480994b40be2fc381d15f54f1a3f16818a8263,dfeaf870b91bd6b86ad156aa050ebf9436913acc1761ad03cbf8fff98b6f8243,2026-09-30T17:42:41Z
SubmitPartialDecryption,284,c7e16a07405bb5bcff6757b817986b789ade5a2d84fb3c09adf213453f705e31,177,5de107629e4842b8d74722ea0ac3f55650fb7f9eab22a180807532e20d952b91,40ebd25b31d34ac5d1748558ed480994b40be2fc381d15f54f1a3f16818a8263,dfeaf870b91bd6b86ad156aa050ebf9436913acc1761ad03cbf8fff98b6f8243,2026-09-30T17:42:41Z
SubmitPartialDecryption,303,cb56dfffede8bebb93353cc216eff800575a5b51914143985077eb31f0864b2e,178,d9f2a5255fad26d64e247b1775f449468114af070621f4dcf86bdd4d1d72b1ef,f2c0ef1368824845defe0d7e8bfd1cf9132b6cc5e1cdc1786b2403a1eb87bc89,5de107629e4842b8d74722ea0ac3f55650fb7f9eab22a180807532e20d952b91,2026-09-30T17:42:43Z
SubmitPartialDecryption,297,bad5c4078278b8ef9b343544578f103ce370dba1d26f9dd6657e40cbce11557b,178,d9f2a5255fad26d64e247b1775f449468114af070621f4dcf86bdd4d1d72b1ef,f2c0ef1368824845defe0d7e8bfd1cf9132b6cc5e1cdc1786b2403a1eb87bc89,5de107629e4842b8d74722ea0ac3f55650fb7f9eab22a180807532e20d952b91,2026-09-30T17:42:43Z
SubmitPartialDecryption,302,91dc5a15ab8237168c6fb820047f69ff660a84321a50839bdf15c3520e96043b,178,d9f2a5255fad26d64e247b1775f449468114af070621f4dcf86bdd4d1d72b1ef,f2c0ef1368824845defe0d7e8bfd1cf9132b6cc5e1cdc1786b2403a1eb87bc89,5de107629e4842b8d74722ea0ac3f55650fb7f9eab22a180807532e20d952b91,2026-09-30T17:42:43Z
SubmitPartialDecryption,289,9b8440e816461130ec86185f599bbe2eb9a8243d3ec3fb30ed62d297c04cdd77,178,d9f2a5255fad26d64e247b1775f449468114af070621f4dcf86bdd4d1d72b1ef,f2c0ef1368824845defe0d7e8bfd1cf9132b6cc5e1cdc1786b2403a1eb87bc89,5de107629e4842b8d74722ea0ac3f55650fb7f9eab22a180807532e20d952b91,2026-09-30T17:42:43Z
SubmitPartialDecryption,295,36497c230b0a864591807a696d32cf0d2d5227e619669ac76112e87bd5983247,178,d9f2a5255fad26d64e247b1775f449468114af070621f4dcf86bdd4d1d72b1ef,f2c0ef1368824845defe0d7e8bfd1cf9132b6cc5e1cdc1786b2403a1eb87bc89,5de107629e4842b8d74722ea0ac3f55650fb7f9eab22a180807532e20d952b91,2026-09-30T17:42:43Z
SubmitPartialDecryption,301,090640198dbe66fd512e4da0e8c32d0b545faa009a657f48cdbfb968b7298809,178,d9f2a5255fad26d64e247b1775f449468114af070621f4dcf86bdd4d1d72b1ef,f2c0ef1368824845defe0d7e8bfd1cf9132b6cc5e1cdc1786b2403a1eb87bc89,5de107629e4842b8d74722ea0ac3f55650fb7f9eab22a180807532e20d952b91,2026-09-30T17:42:43Z
SubmitPartialDecryption,288,780c4a31d6dcc79ebe38e1d75f66413c8432cf381c81a0d170f9bf6c653de2eb,178,d9f2a5255fad26d64e247b1775f449468114af070621f4dcf86bdd4d1d72b1ef,f2c0ef1368824845defe0d7e8bfd1cf9132b6cc5e1cdc1786b2403a1eb87bc89,5de107629e4842b8d74722ea0ac3f55650fb7f9eab22a180807532e20d952b91,2026-09-30T17:42:43Z
SubmitPartialDecryption,292,ee85607849a6518330f69af54bc8dccbb8c10be3ea83c75c215bafe2f788a801,178,d9f2a5255fad26d64e247b1775f449468114af070621f4dcf86bdd4d1d72b1ef,f2c0ef1368824845defe0d7e8bfd1cf9132b6cc5e1cdc1786b2403a1eb87bc89,5de107629e4842b8d74722ea0ac3f55650fb7f9eab22a180807532e20d952b91,2026-09-30T17:42:43Z
SubmitPartialDecryption,298,9f8cfde31fa2e2eed085fb7cd8b96a75ff11655e0a2214dda90b37e42323de2e,178,d9f2a5255fad26d64e247b1775f449468114af070621f4dcf86bdd4d1d72b1ef,f2c0ef1368824845defe0d7e8bfd1cf9132b6cc5e1cdc1786b2403a1eb87bc89,5de107629e4842b8d74722ea0ac3f55650fb7f9eab22a180807532e20d952b91,2026-09-30T17:42:43Z
SubmitPartialDecryption,294,71a359c2c2a11d7030b10cb5ede781f28e8dec46dbaa9e3ee813fabb6cbc968d,178,d9f2a5255fad26d64e247b1775f449468114af070621f4dcf86bdd4d1d72b1ef,f2c0ef1368824845defe0d7e8bfd1cf9132b6cc5e1cdc1786b2403a1eb87bc89,5de107629e4842b8d74722ea0ac3f55650fb7f9eab22a180807532e20d952b91,2026-09-30T17:42:43Z
SubmitPartialDecryption,290,e15f2e4d58a8ead63e3fbd597cbc58e43eea392c990ffda4c6a88eeb166ae4ba,178,d9f2a5255fad26d64e247b1775f449468114af070621f4dcf86bdd4d1d72b1ef,f2c0ef1368824845defe0d7e8bfd1cf9132b6cc5e1cdc1786b2403a1eb87bc89,5de107629e4842b8d74722ea0ac3f55650fb7f9eab22a180807532e20d952b91,2026-09-30T17:42:43Z
SubmitPartialDecryption,296,1badf5905dfb63d07913b6ffd0e7e3cb6634ca0bafe3c1e61ce85b8d241a3def,178,d9f2a5255fad26d64e247b1775f449468114af070621f4dcf86bdd4d1d72b1ef,f2c0ef1368824845defe0d7e8bfd1cf9132b6cc5e1cdc1786b2403a1eb87bc89,5de107629e4842b8d74722ea0ac3f55650fb7f9eab22a180807532e20d952b91,2026-09-30T17:42:43Z
SubmitPartialDecryption,300,2bcaf7a9ca3708892f5f9713796e6c88bec7f8d1bd858c72218ed86a07ac95a6,178,d9f2a5255fad26d64e247b1775f449468114af070621f4dcf86bdd4d1d72b1ef,f2c0ef1368824845defe0d7e8bfd1cf9132b6cc5e1cdc1786b2403a1eb87bc89,5de107629e4842b8d74722ea0ac3f55650fb7f9eab22a180807532e20d952b91,2026-09-30T17:42:43Z
SubmitPartialDecryption,293,fcd6c13ac476f8cbe8bf3fc9fb2e3fbac4d53c6df43bbdc2cd773b6024b1ccfc,178,d9f2a5255fad26d64e247b1775f449468114af070621f4dcf86bdd4d1d72b1ef,f2c0ef1368824845defe0d7e8bfd1cf9132b6cc5e1cdc1786b2403a1eb87bc89,5de107629e4842b8d74722ea0ac3f55650fb7f9eab22a180807532e20d952b91,2026-09-30T17:42:43Z
SubmitPartialDecryption,291,63f532b5dd2d7c107b5888238c811bc5bc6f62460a426e3c924119db180930c6,178,d9f2a5255fad26d64e247b1775f449468114af070621f4dcf86bdd4d1d72b1ef,f2c0ef1368824845defe0d7e8bfd1cf9132b6cc5e1cdc1786b2403a1eb87bc89,5de107629e4842b8d74722ea0ac3f55650fb7f9eab22a180807532e20d952b91,2026-09-30T17:42:43Z
SubmitPartialDecryption,299,84973e6b8d78c9bc866c0267f8d9048b0c2894c1801195e235cf03ba2fa0a6dc,178,d9f2a5255fad26d64e247b1775f449468114af070621f4dcf86bdd4d1d72b1ef,f2c0ef1368824845defe0d7e8bfd1cf9132b6cc5e1cdc1786b2403a1eb87bc89,5de107629e4842b8d74722ea0ac3f55650fb7f9eab22a180807532e20d952b91,2026-09-30T17:42:43Z
SubmitPartialDecryption,310,e4cc16b205e883407a5e2477a1af5729da7e98ff95aa12b8ac364abaa19b9463,179,1d89d7481f743972cc4be90267e2726a874db48b254cb21184c4a555633e6578,d206626e248fd51ec013666b5d726c8cb057f038cfe5ce74ef83e85dd511c9cb,d9f2a5255fad26d64e247b1775f449468114af070621f4dcf86bdd4d1d72b1ef,2026-09-30T17:42:45Z
SubmitPartialDecryption,314,6a4910bab9823c8b6f75fd15a5ef473a93e3f0d22593b91f1862398bf09ff385,179,1d89d7481f743972cc4be90267e2726a874db48b254cb21184c4a555633e6578,d206626e248fd51ec013666b5d726c8cb057f038cfe5ce74ef83e85dd511c9cb,d9f2a5255fad26d64e247b1775f449468114af070621f4dcf86bdd4d1d72b1ef,2026-09-30T17:42:45Z
SubmitPartialDecryption,309,e450a113da797592aac6507a8fe570617ae022c3f10e239bc3ca0cf509450c49,179,1d89d7481f743972cc4be90267e2726a874db48b254cb21184c4a555633e6578,d206626e248fd51ec013666b5d726c8cb057f038cfe5ce74ef83e85dd511c9cb,d9f2a5255fad26d64e247b1775f449468114af070621f4dcf86bdd4d1d72b1ef,2026-09-30T17:42:45Z
SubmitPartialDecryption,311,9282eb35a21ba58431d7444d380af6b96b5f786d34f457cc258ef0ff47692383,179,1d89d7481f743972cc4be90267e2726a874db48b254cb21184c4a555633e6578,d206626e248fd51ec013666b5d726c8cb057f038cfe5ce74ef83e85dd511c9cb,d9f2a5255fad26d64e247b1775f449468114af070621f4dcf86bdd4d1d72b1ef,2026-09-30T17:42:45Z
SubmitPartialDecryption,319,c3e39e6ffa161436fbce7bf5f5776fadb25b639f5a0224916f447a86ec7b7edf,179,1d89d7481f743972cc4be90267e2726a874db48b254cb21184c4a555633e6578,d206626e248fd51ec013666b5d726c8cb057f038cfe5ce74ef83e85dd511c9cb,d9f2a5255fad26d64e247b1775f449468114af070621f4dcf86bdd4d1d72b1ef,2026-09-30T17:42:45Z
SubmitPartialDecryption,312,d9a50df4f35b6a8e6086eaf5320a1646d58644169052770ed3a44f5585591135,179,1d89d7481f743972cc4be90267e2726a874db48b254cb21184c4a555633e6578,d206626e248fd51ec013666b5d726c8cb057f038cfe5ce74ef83e85dd511c9cb,d9f2a5255fad26d64e247b1775f449468114af070621f4dcf86bdd4d1d72b1ef,2026-09-30T17:42:45Z
SubmitPartialDecryption,315,4bcdc2c522f1472d3faaa4c213036548b270692199f80827ba0e2e25b64a3d49,179,1d89d7481f743972cc4be90267e2726a874db48b254cb21184c4a555633e6578,d206626e248fd51ec013666b5d726c8cb057f038cfe5ce74ef83e85dd511c9cb,d9f2a5255fad26d64e247b1775f449468114af070621f4dcf86bdd4d1d72b1ef,2026-09-30T17:42:45Z
SubmitPartialDecryption,307,951e21c45fd7a099cbe8c3837a1606619a9c5366757f245939e89eb1f9d3cc74,179,1d89d7481f743972cc4be90267e2726a874db48b254cb21184c4a555633e6578,d206626e248fd51ec013666b5d726c8cb057f038cfe5ce74ef83e85dd511c9cb,d9f2a5255fad26d64e247b1775f449468114af070621f4dcf86bdd4d1d72b1ef,2026-09-30T17:42:45Z
SubmitPartialDecryption,316,1005824a6b1ecfc4f77f6e1d8b014eb1e7471c18205b263b235100f78c739d4e,179,1d89d7481f743972cc4be90267e2726a874db48b254cb21184c4a555633e6578,d206626e248fd51ec013666b5d726c8cb057f038cfe5ce74ef83e85dd511c9cb,d9f2a5255fad26d64e247b1775f449468114af070621f4dcf86bdd4d1d72b1ef,2026-09-30T17:42:45Z
SubmitPartialDecryption,305,8e72509993968123d691bf4c5edd2619f107cef038c3c4f0f44e793cabd763ae,179,1d89d7481f743972cc4be90267e2726a874db48b254cb21184c4a555633e6578,d206626e248fd51ec013666b5d726c8cb057f038cfe5ce74ef83e85dd511c9cb,d9f2a5255fad26d64e247b1775f449468114af070621f4dcf86bdd4d1d72b1ef,2026-09-30T17:42:45Z
SubmitPartialDecryption,313,d45654e7490bfa9ebb28012383f4c0c75f5508438793f163f4d98ce7eaa6aef7,179,1d89d7481f743972cc4be90267e2726a874db48b254cb21184c4a555633e6578,d206626e248fd51ec013666b5d726c8cb057f038cfe5ce74ef83e85dd511c9cb,d9f2a5255fad26d64e247b1775f449468114af070621f4dcf86bdd4d1d72b1ef,2026-09-30T17:42:45Z
SubmitPartialDecryption,306,bb4f608edc040d5cfe894229532d810aadbfae072b20a83464754d648b99626e,179,1d89d7481f743972cc4be90267e2726a874db48b254cb21184c4a555633e6578,d206626e248fd51ec013666b5d726c8cb057f038cfe5ce74ef83e85dd511c9cb,d9f2a5255fad26d64e247b1775f449468114af070621f4dcf86bdd4d1d72b1ef,2026-09-30T17:42:45Z
SubmitPartialDecryption,317,6563dbed1bda22d0d1ee789c9af4907bba4d3cc6a1bb245f810ac3530843e5f0,179,1d89d7481f743972cc4be90267e2726a874db48b254cb21184c4a555633e6578,d206626e248fd51ec013666b5d726c8cb057f038cfe5ce74ef83e85dd511c9cb,d9f2a5255fad26d64e247b1775f449468114af070621f4dcf86bdd4d1d72b1ef,2026-09-30T17:42:45Z
SubmitPartialDecryption,308,0c3423ae6aff64690b1c399c3c40ca3944fd851a450f33c06b5d1acdd50f84b4,179,1d89d7481f743972cc4be90267e2726a874db48b254cb21184c4a555633e6578,d206626e248fd51ec013666b5d726c8cb057f038cfe5ce74ef83e85dd511c9cb,d9f2a5255fad26d64e247b1775f449468114af070621f4dcf86bdd4d1d72b1ef,2026-09-30T17:42:45Z
SubmitPartialDecryption,318,dd810ee8129ec1ce0568d78fa11d9bf2deb5e744cb38c5d9a56c1bc04f2ee30f,179,1d89d7481f743972cc4be90267e2726a874db48b254cb21184c4a555633e6578,d206626e248fd51ec013666b5d726c8cb057f038cfe5ce74ef83e85dd511c9cb,d9f2a5255fad26d64e247b1775f449468114af070621f4dcf86bdd4d1d72b1ef,2026-09-30T17:42:45Z
SubmitPartialDecryption,304,42dfbad15724ff3f073e1a7b10ab995d09c97f805e0e8e1381166eb7e2ced33b,179,1d89d7481f743972cc4be90267e2726a874db48b254cb21184c4a555633e6578,d206626e248fd51ec013666b5d726c8cb057f038cfe5ce74ef83e85dd511c9cb,d9f2a5255fad26d64e247b1775f449468114af070621f4dcf86bdd4d1d72b1ef,2026-09-30T17:42:45Z
SubmitPartialDecryption,325,3295ab9feb59a929c7db107c4ac906acc5d4eea1b4c99ee86a9edf36200a5620,180,e6ef8c89cb0c9ef08643d5265cae67a0d8ebb45e5053e1b44b237af30cd674f2,7945593f3934e7a469d2ef129e193be0ea9300400f0341379483704925238a37,1d89d7481f743972cc4be90267e2726a874db48b254cb21184c4a555633e6578,2026-09-30T17:42:47Z
SubmitPartialDecryption,331,0e8d417ece4728872a94e99bb93c45cbec1aebfc25b8e922ccad6ad0758bf43c,180,e6ef8c89cb0c9ef08643d5265cae67a0d8ebb45e5053e1b44b237af30cd674f2,7945593f3934e7a469d2ef129e193be0ea9300400f0341379483704925238a37,1d89d7481f743972cc4be90267e2726a874db48b254cb21184c4a555633e6578,2026-09-30T17:42:47Z
SubmitPartialDecryption,322,7cc30a5976322df8d13537e2889ccbf399f835ae0d7468eefa0f985cdff87f6f,180,e6ef8c89cb0c9ef08643d5265cae67a0d8ebb45e5053e1b44b237af30cd674f2,7945593f3934e7a469d2ef129e193be0ea9300400f0341379483704925238a37,1d89d7481f743972cc4be90267e2726a874db48b254cb21184c4a555633e6578,2026-09-30T17:42:47Z
SubmitPartialDecryption,330,8c505f75bdc1efd8dfecc1bec91842c6ee068bcb1234719abdd367608e839379,180,e6ef8c89cb0c9ef08643d5265cae67a0d8ebb45e5053e1b44b237af30cd674f2,7945593f3934e7a469d2ef129e193be0ea9300400f0341379483704925238a37,1d89d7481f743972cc4be90267e2726a874db48b254cb21184c4a555633e6578,2026-09-30T17:42:47Z
SubmitPartialDecryption,321,f7479a568dd2c1ce45f9f24e86d5995ebfcedbe7381965792faa29ff6c1baf8d,180,e6ef8c89cb0c9ef08643d5265cae67a0d8ebb45e5053e1b44b237af30cd674f2,7945593f3934e7a469d2ef129e193be0ea9300400f0341379483704925238a37,1d89d7481f743972cc4be90267e2726a874db48b254cb21184c4a555633e6578,2026-09-30T17:42:47Z
SubmitPartialDecryption,324,ac3fe11b08b55f37f9e950b0aebbd78a551a18126095a20986d1201ace1ade07,180,e6ef8c89cb0c9ef08643d5265cae67a0d8ebb45e5053e1b44b237af30cd674f2,7945593f3934e7a469d2ef129e193be0ea9300400f0341379483704925238a37,1d89d7481f743972cc4be90267e2726a874db48b254cb21184c4a555633e6578,2026-09-30T17:42:47Z
SubmitPartialDecryption,334,13b848b5adb5acf548f46c07b3b8406aa5f6d3a03e859907d17431ee2f75e501,180,e6ef8c89cb0c9ef08643d5265cae67a0d8ebb45e5053e1b44b237af30cd674f2,7945593f3934e7a469d2ef129e193be0ea9300400f0341379483704925238a37,1d89d7481f743972cc4be90267e2726a874db48b254cb21184c4a555633e6578,2026-09-30T17:42:47Z
SubmitPartialDecryption,327,f0e9cdf09e2c8885aaab483e0638de6c89f7ff5d96c1ce549837e549adb91652,180,e6ef8c89cb0c9ef08643d5265cae67a0d8ebb45e5053e1b44b237af30cd674f2,7945593f3934e7a469d2ef129e193be0ea9300400f0341379483704925238a37,1d89d7481f743972cc4be90267e2726a874db48b254cb21184c4a555633e6578,2026-09-30T17:42:47Z
SubmitPartialDecryption,329,68d1bf41caed47380561c361cc4e10d6f4d8c38f68ccf2ce5bd14ae96858e67c,180,e6ef8c89cb0c9ef08643d5265cae67a0d8ebb45e5053e1b44b237af30cd674f2,7945593f3934e7a469d2ef129e193be0ea9300400f0341379483704925238a37,1d89d7481f743972cc4be90267e2726a874db48b254cb21184c4a555633e6578,2026-09-30T17:42:47Z
SubmitPartialDecryption,335,6a3cbdebf45bd9033312cbec210b4539ba08f597886f98fa782ab6659acb2181,180,e6ef8c89cb0c9ef08643d5265cae67a0d8ebb45e5053e1b44b237af30cd674f2,7945593f3934e7a469d2ef129e193be0ea9300400f0341379483704925238a37,1d89d7481f743972cc4be90267e2726a874db48b254cb21184c4a555633e6578,2026-09-30T17:42:47Z
SubmitPartialDecryption,328,7100b45b8c15eb1f507297e5be3cfe243b3846b828180e84ca6ee35640ccd8c0,180,e6ef8c89cb0c9ef08643d5265cae67a0d8ebb45e5053e1b44b237af30cd674f2,7945593f3934e7a469d2ef129e193be0ea9300400f0341379483704925238a37,1d89d7481f743972cc4be90267e2726a874db48b254cb21184c4a555633e6578,2026-09-30T17:42:47Z
SubmitPartialDecryption,333,cd5e5054c00f97bc98959bc0500465da312958b1729a44bbcf8a04e2b153586c,180,e6ef8c89cb0c9ef08643d5265cae67a0d8ebb45e5053e1b44b237af30cd674f2,7945593f3934e7a469d2ef129e193be0ea9300400f0341379483704925238a37,1d89d7481f743972cc4be90267e2726a874db48b254cb21184c4a555633e6578,2026-09-30T17:42:47Z
SubmitPartialDecryption,326,7fff0f6d1b4a2384641f2fa25ffc1ecab12119fae3ad86819cf83f2f128d7a4a,180,e6ef8c89cb0c9ef08643d5265cae67a0d8ebb45e5053e1b44b237af30cd674f2,7945593f3934e7a469d2ef129e193be0ea9300400f0341379483704925238a37,1d89d7481f743972cc4be90267e2726a874db48b254cb21184c4a555633e6578,2026-09-30T17:42:47Z
SubmitPartialDecryption,323,e13835f092e369e185282decdf76b8adf6a3666792a84e8bd081ec0d08f23655,180,e6ef8c89cb0c9ef08643d5265cae67a0d8ebb45e5053e1b44b237af30cd674f2,7945593f3934e7a469d2ef129e193be0ea9300400f0341379483704925238a37,1d89d7481f743972cc4be90267e2726a874db48b254cb21184c4a555633e6578,2026-09-30T17:42:47Z
SubmitPartialDecryption,320,b931faaef62210bc4e13b5d631b4eeff80704245bbe612c72263edfce4a28095,180,e6ef8c89cb0c9ef08643d5265cae67a0d8ebb45e5053e1b44b237af30cd674f2,7945593f3934e7a469d2ef129e193be0ea9300400f0341379483704925238a37,1d89d7481f743972cc4be90267e2726a874db48b254cb21184c4a555633e6578,2026-09-30T17:42:47Z
SubmitPartialDecryption,332,027f332b1d9a6711015d9debcd73dd712e00ec475eb869819c6537cc0fa7e721,180,e6ef8c89cb0c9ef08643d5265cae67a0d8ebb45e5053e1b44b237af30cd674f2,7945593f3934e7a469d2ef129e193be0ea9300400f0341379483704925238a37,1d89d7481f743972cc4be90267e2726a874db48b254cb21184c4a555633e6578,2026-09-30T17:42:47Z
SubmitPartialDecryption,346,689a788de46f980188d6f1dfd9009da88eb74c4e4c9ad4b8371b0b2b873164b2,181,92ea1ed97fbdaa05a7e48f2137c5ddb4ec094002907957d9fe4374fa9a094d16,5d2b77bdf39d7b31fdc5e14f7f0aed00b61ec34a0174708da1899a1174b2e88b,e6ef8c89cb0c9ef08643d5265cae67a0d8ebb45e5053e1b44b237af30cd674f2,2026-09-30T17:42:49Z
SubmitPartialDecryption,340,94f9fe2b23e2a8ebf36bdb6791de27d9fcf56da491c51e5618cbb9ec51e4cf72,181,92ea1ed97fbdaa05a7e48f2137c5ddb4ec094002907957d9fe4374fa9a094d16,5d2b77bdf39d7b31fdc5e14f7f0aed00b61ec34a0174708da1899a1174b2e88b,e6ef8c89cb0c9ef08643d5265cae67a0d8ebb45e5053e1b44b237af30cd674f2,2026-09-30T17:42:49Z
SubmitPartialDecryption,336,b0abaab8e368e23ef08e4a345a7ec598283045c77be1209d1b890f46049d7d2e,181,92ea1ed97fbdaa05a7e48f2137c5ddb4ec094002907957d9fe4374fa9a094d16,5d2b77bdf39d7b31fdc5e14f7f0aed00b61ec34a0174708da1899a1174b2e88b,e6ef8c89cb0c9ef08643d5265cae67a0d8ebb45e5053e1b44b237af30cd674f2,2026-09-30T17:42:49Z
SubmitPartialDecryption,347,56b66797cadf22b4b505a83788273e6c3fa35bfd88f02e7344c04a7eba163a1f,181,92ea1ed97fbdaa05a7e48f2137c5ddb4ec094002907957d9fe4374fa9a094d16,5d2b77bdf39d7b31fdc5e14f7f0aed00b61ec34a0174708da1899a1174b2e88b,e6ef8c89cb0c9ef08643d5265cae67a0d8ebb45e5053e1b44b237af30cd674f2,2026-09-30T17:42:49Z
SubmitPartialDecryption,341,1d1c7d447b34c6c1b4fe32d0b1f430cb5fe970d13fab12f382466e9ccfda5d4c,181,92ea1ed97fbdaa05a7e48f2137c5ddb4ec094002907957d9fe4374fa9a094d16,5d2b77bdf39d7b31fdc5e14f7f0aed00b61ec34a0174708da1899a1174b2e88b,e6ef8c89cb0c9ef08643d5265cae67a0d8ebb45e5053e1b44b237af30cd674f2,2026-09-30T17:42:49Z
SubmitPartialDecryption,351,982188d719f126128d2c7a47f5bb49b5199acd81465b2f04d5e6321db7b996b6,181,92ea1ed97fbdaa05a7e48f2137c5ddb4ec094002907957d9fe4374fa9a094d16,5d2b77bdf39d7b31fdc5e14f7f0aed00b61ec34a0174708da1899a1174b2e88b,e6ef8c89cb0c9ef08643d5265cae67a0d8ebb45e5053e1b44b237af30cd674f2,2026-09-30T17:42:49Z
SubmitPartialDecryption,338,c252fe1d12cdffa595770a3be829bc7d6f357d7d611faf8f65ed5ac8366e4d8e,181,92ea1ed97fbdaa05a7e48f2137c5ddb4ec094002907957d9fe4374fa9a094d16,5d2b77bdf39d7b31fdc5e14f7f0aed00b61ec34a0174708da1899a1174b2e88b,e6ef8c89cb0c9ef08643d5265cae67a0d8ebb45e5053e1b44b237af30cd674f2,2026-09-30T17:42:49Z
SubmitPartialDecryption,345,aaae6233e43b647b346ffba9813821887936b78e4c8cf58e74b909cdc37bdf87,181,92ea1ed97fbdaa05a7e48f2137c5ddb4ec094002907957d9fe4374fa9a094d16,5d2b77bdf39d7b31fdc5e14f7f0aed00b61ec34a0174708da1899a1174b2e88b,e6ef8c89cb0c9ef08643d5265cae67a0d8ebb45e5053e1b44b237af30cd674f2,2026-09-30T17:42:49Z
SubmitPartialDecryption,348,9c6b8371303dd878230be04139e4ce76117a46dc393be756306f626642ec1641,181,92ea1ed97fbdaa05a7e48f2137c5ddb4ec094002907957d9fe4374fa9a094d16,5d2b77bdf39d7b31fdc5e14f7f0aed00b61ec34a0174708da1899a1174b2e88b,e6ef8c89cb0c9ef08643d5265cae67a0d8ebb45e5053e1b44b237af30cd674f2,2026-09-30T17:42:49Z
SubmitPartialDecryption,344,bc1efc8546416edf92813ca73c8ae249713009c972d2c2b565f5e91700e09085,181,92ea1ed97fbdaa05a7e48f2137c5ddb4ec094002907957d9fe4374fa9a094d16,5d2b77bdf39d7b31fdc5e14f7f0aed00b61ec34a0174708da1899a1174b2e88b,e6ef8c89cb0c9ef08643d5265cae67a0d8ebb45e5053e1b44b237af30cd674f2,2026-09-30T17:42:49Z
SubmitPartialDecryption,349,9eec3d6e1bf5181473643474b000f4e63c88f50d1f86a2df2d3b53271a91adeb,181,92ea1ed97fbdaa05a7e48f2137c5ddb4ec094002907957d9fe4374fa9a094d16,5d2b77bdf39d7b31fdc5e14f7f0aed00b61ec34a0174708da1899a1174b2e88b,e6ef8c89cb0c9ef08643d5265cae67a0d8ebb45e5053e1b44b237af30cd674f2,2026-09-30T17:42:49Z
SubmitPartialDecryption,339,f6859f98184d360df9caefd80cc730a2fdbc6e581af753cc51c4e9db1e0a4325,181,92ea1ed97fbdaa05a7e48f2137c5ddb4ec094002907957d9fe4374fa9a094d16,5d2b77bdf39d7b31fdc5e14f7f0aed00b61ec34a0174708da1899a1174b2e88b,e6ef8c89cb0c9ef08643d5265cae67a0d8ebb45e5053e1b44b237af30cd674f2,2026-09-30T17:42:49Z
SubmitPartialDecryption,337,f9a03058400a73ae9dc2e5c81a94bdea4a3a17ad86897185b8e9ca8d6d637df0,181,92ea1ed97fbdaa05a7e48f2137c5ddb4ec094002907957d9fe4374fa9a094d16,5d2b77bdf39d7b31fdc5e14f7f0aed00b61ec34a0174708da1899a1174b2e88b,e6ef8c89cb0c9ef08643d5265cae67a0d8ebb45e5053e1b44b237af30cd674f2,2026-09-30T17:42:49Z
SubmitPartialDecryption,343,7270a91f3cc9570b1f6ae83e07270346748f81acf6eca9c27fb6d35607c9b806,181,92ea1ed97fbdaa05a7e48f2137c5ddb4ec094002907957d9fe4374fa9a094d16,5d2b77bdf39d7b31fdc5e14f7f0aed00b61ec34a0174708da1899a1174b2e88b,e6ef8c89cb0c9ef08643d5265cae67a0d8ebb45e5053e1b44b237af30cd674f2,2026-09-30T17:42:49Z
SubmitPartialDecryption,342,297cf755a33735356d00468dcc395dc2bba9fe1e54f00b406e40a08b0d284acf,181,92ea1ed97fbdaa05a7e48f2137c5ddb4ec094002907957d9fe4374fa9a094d16,5d2b77bdf39d7b31fdc5e14f7f0aed00b61ec34a0174708da1899a1174b2e88b,e6ef8c89cb0c9ef08643d5265cae67a0d8ebb45e5053e1b44b237af30cd674f2,2026-09-30T17:42:49Z
SubmitPartialDecryption,350,2e18635bca064e0abdaf0cf01479159b90c47e6432e989cf6255103c75dadc53,181,92ea1ed97fbdaa05a7e48f2137c5ddb4ec094002907957d9fe4374fa9a094d16,5d2b77bdf39d7b31fdc5e14f7f0aed00b61ec34a0174708da1899a1174b2e88b,e6ef8c89cb0c9ef08643d5265cae67a0d8ebb45e5053e1b44b237af30cd674f2,2026-09-30T17:42:49Z
SubmitPartialDecryption,358,12b2e3cf02ce6ba16aa1883d3174dd5f40f33260af7360379c95f08237093c47,182,8e75f06089bfdbe83e966a23941eb603e97c37993919303b883f00405d4aa0dc,ea102ac84a4fd877fd93d87cd75f98c4e235432ced5171e6b4a4aad9cff7c6e2,92ea1ed97fbdaa05a7e48f2137c5ddb4ec094002907957d9fe4374fa9a094d16,2026-09-30T17:42:51Z
SubmitPartialDecryption,363,32ee824fe35a113cc90490684e38b6dda8752ac08631c8b05ac95be0e22971bc,182,8e75f06089bfdbe83e966a23941eb603e97c37993919303b883f00405d4aa0dc,ea102ac84a4fd877fd93d87cd75f98c4e235432ced5171e6b4a4aad9cff7c6e2,92ea1ed97fbdaa05a7e48f2137c5ddb4ec094002907957d9fe4374fa9a094d16,2026-09-30T17:42:51Z
SubmitPartialDecryption,360,e7f9b9b3cce802f55aa4e8df66a7c59943d7f442ab4ffae20557bf9916779750,182,8e75f06089bfdbe83e966a23941eb603e97c37993919303b883f00405d4aa0dc,ea102ac84a4fd877fd93d87cd75f98c4e235432ced5171e6b4a4aad9cff7c6e2,92ea1ed97fbdaa05a7e48f2137c5ddb4ec094002907957d9fe4374fa9a094d16,2026-09-30T17:42:51Z
SubmitPartialDecryption,367,43e894201badbfc4359c33b7bcb773f7ed531d7de335d652b6131341acb2a32a,182,8e75f06089bfdbe83e966a23941eb603e97c37993919303b883f00405d4aa0dc,ea102ac84a4fd877fd93d87cd75f98c4e235432ced5171e6b4a4aad9cff7c6e2,92ea1ed97fbdaa05a7e48f2137c5ddb4ec094002907957d9fe4374fa9a094d16,2026-09-30T17:42:51Z
SubmitPartialDecryption,365,1b32454d73097b570757d496ca2e262b2edf9d8f9a098688ed56d43a6233afac,182,8e75f06089bfdbe83e966a23941eb603e97c37993919303b883f00405d4aa0dc,ea102ac84a4fd877fd93d87cd75f98c4e235432ced5171e6b4a4aad9cff7c6e2,92ea1ed97fbdaa05a7e48f2137c5ddb4ec094002907957d9fe4374fa9a094d16,2026-09-30T17:42:51Z
SubmitPartialDecryption,354,f7bcc6938e5bb19bba895313019a9bc02b93646727f33b461b020ad9032be1d2,182,8e75f06089bfdbe83e966a23941eb603e97c37993919303b883f00405d4aa0dc,ea102ac84a4fd877fd93d87cd75f98c4e235432ced5171e6b4a4aad9cff7c6e2,92ea1ed97fbdaa05a7e48f2137c5ddb4ec094002907957d9fe4374fa9a094d16,2026-09-30T17:42:51Z
SubmitPartialDecryption,356,5d0febe5532dd7b2ca5b4e742ee9905ee0a0e66736ace056312d7200a2b1c086,182,8e75f06089bfdbe83e966a23941eb603e97c37993919303b883f00405d4aa0dc,ea102ac84a4fd877fd93d87cd75f98c4e235432ced5171e6b4a4aad9cff7c6e2,92ea1ed97fbdaa05a7e48f2137c5ddb4ec094002907957d9fe4374fa9a094d16,2026-09-30T17:42:51Z
SubmitPartialDecryption,352,f898828db77356716232e0224bd07976f99f292e8360b3f7e9745a9d2b5eabb4,182,8e75f06089bfdbe83e966a23941eb603e97c37993919303b883f00405d4aa0dc,ea102ac84a4fd877fd93d87cd75f98c4e235432ced5171e6b4a4aad9cff7c6e2,92ea1ed97fbdaa05a7e48f2137c5ddb4ec094002907957d9fe4374fa9a094d16,2026-09-30T17:42:51Z
SubmitPartialDecryption,359,08d2001c7f11be2a40ef75a7a8ff7a2959ee2028b44d5429851fa67d474881e4,182,8e75f06089bfdbe83e966a23941eb603e97c37993919303b883f00405d4aa0dc,ea102ac84a4fd877fd93d87cd75f98c4e235432ced5171e6b4a4aad9cff7c6e2,92ea1ed97fbdaa05a7e48f2137c5ddb4ec094002907957d9fe4374fa9a094d16,2026-09-30T17:42:51Z
SubmitPartialDecryption,366,dcd9136f0d1357923f6665d539d0118799ee059fe341fb17125c72a316ce7235,182,8e75f06089bfdbe83e966a23941eb603e97c37993919303b883f00405d4aa0dc,ea102ac84a4fd877fd93d87cd75f98c4e235432ced5171e6b4a4aad9cff7c6e2,92ea1ed97fbdaa05a7e48f2137c5ddb4ec094002907957d9fe4374fa9a094d16,2026-09-30T17:42:51Z
SubmitPartialDecryption,362,3a17ab56783e5c4e5cf11090abe9cb36503e5eea2aad1845060fcc4531716cc8,182,8e75f06089bfdbe83e966a23941eb603e97c37993919303b883f00405d4aa0dc,ea102ac84a4fd877fd93d87cd75f98c4e235432ced5171e6b4a4aad9cff7c6e2,92ea1ed97fbdaa05a7e48f2137c5ddb4ec094002907957d9fe4374fa9a094d16,2026-09-30T17:42:51Z
SubmitPartialDecryption,364,7796e897dc9362af72715f9b7cd96f5f65b3bf5057c27ed61f9b66829cfe4cd7,182,8e75f06089bfdbe83e966a23941eb603e97c37993919303b883f00405d4aa0dc,ea102ac84a4fd877fd93d87cd75f98c4e235432ced5171e6b4a4aad9cff7c6e2,92ea1ed97fbdaa05a7e48f2137c5ddb4ec094002907957d9fe4374fa9a094d16,2026-09-30T17:42:51Z
SubmitPartialDecryption,361,fa795dc33b72b39c22bb5a6ff7c2e3b130ae724dc877fc133a394441947bfa85,182,8e75f06089bfdbe83e966a23941eb603e97c37993919303b883f00405d4aa0dc,ea102ac84a4fd877fd93d87cd75f98c4e235432ced5171e6b4a4aad9cff7c6e2,92ea1ed97fbdaa05a7e48f2137c5ddb4ec094002907957d9fe4374fa9a094d16,2026-09-30T17:42:51Z
SubmitPartialDecryption,355,0f90ef98b2c26e3f5abe33c6471e344f5967c7832a02fdd5f2937766a5794727,182,8e75f06089bfdbe83e966a23941eb603e97c37993919303b883f00405d4aa0dc,ea102ac84a4fd877fd93d87cd75f98c4e235432ced5171e6b4a4aad9cff7c6e2,92ea1ed97fbdaa05a7e48f2137c5ddb4ec094002907957d9fe4374fa9a094d16,2026-09-30T17:42:51Z
SubmitPartialDecryption,357,28ec43d4ab5d72e1006451a59f222009477878e66475de55e7b0ef93000bf822,182,8e75f06089bfdbe83e966a23941eb603e97c37993919303b883f00405d4aa0dc,ea102ac84a4fd877fd93d87cd75f98c4e235432ced5171e6b4a4aad9cff7c6e2,92ea1ed97fbdaa05a7e48f2137c5ddb4ec094002907957d9fe4374fa9a094d16,2026-09-30T17:42:51Z
SubmitPartialDecryption,353,169cf1dd7f6826ec5fdb8ac79a29e58948e50c2161952fb22a9151c95a40a3a4,182,8e75f06089bfdbe83e966a23941eb603e97c37993919303b883f00405d4aa0dc,ea102ac84a4fd877fd93d87cd75f98c4e235432ced5171e6b4a4aad9cff7c6e2,92ea1ed97fbdaa05a7e48f2137c5ddb4ec094002907957d9fe4374fa9a094d16,2026-09-30T17:42:51Z
SubmitPartialDecryption,371,a912ed5f610dc84e88a199a42f85a4ff591678ad8e3a0669e0786caf88d49270,183,3faa366ea703200ddf832e1991179c46d3a997a73f253eb29cf84e8f0aafb4c0,5af6d74e15486bf3e36866909a3853dba7f6c3e9d1bff79ec2e51c989bd8a51f,8e75f06089bfdbe83e966a23941eb603e97c37993919303b883f00405d4aa0dc,2026-09-30T17:42:53Z
SubmitPartialDecryption,379,f2da4ad51a6264046ffc8a0e9a9701c458d8c82faa2804196bedeed32f027f29,183,3faa366ea703200ddf832e1991179c46d3a997a73f253eb29cf84e8f0aafb4c0,5af6d74e15486bf3e36866909a3853dba7f6c3e9d1bff79ec2e51c989bd8a51f,8e75f06089bfdbe83e966a23941eb603e97c37993919303b883f00405d4aa0dc,2026-09-30T17:42:53Z
SubmitPartialDecryption,378,4665caed2637e1b7aeb49c00405ab749c1a64bd0eed0e830bf42184197f5ad07,183,3faa366ea703200ddf832e1991179c46d3a997a73f253eb29cf84e8f0aafb4c0,5af6d74e15486bf3e36866909a3853dba7f6c3e9d1bff79ec2e51c989bd8a51f,8e75f06089bfdbe83e966a23941eb603e97c37993919303b883f00405d4aa0dc,2026-09-30T17:42:53Z
SubmitPartialDecryption,368,65ffa340fc94691bd8734b4a8b6c1b5b2bd141c52dd22bbffdf04a2c5e177a4b,183,3faa366ea703200ddf832e1991179c46d3a997a73f253eb29cf84e8f0aafb4c0,5af6d74e15486bf3e36866909a3853dba7f6c3e9d1bff79ec2e51c989bd8a51f,8e75f06089bfdbe83e966a23941eb603e97c37993919303b883f00405d4aa0dc,2026-09-30T17:42:53Z
SubmitPartialDecryption,382,d92b046cbd304237d43de599549fd1456b61dd481ab440a356292778ca421418,183,3faa366ea703200ddf832e1991179c46d3a997a73f253eb29cf84e8f0aafb4c0,5af6d74e15486bf3e36866909a3853dba7f6c3e9d1bff79ec2e51c989bd8a51f,8e75f06089bfdbe83e966a23941eb603e97c37993919303b883f00405d4aa0dc,2026-09-30T17:42:53Z
SubmitPartialDecryption,373,54b6b998925406834d769caa95a360ab2376ba8a2cf64448f2720c26117ceb85,183,3faa366ea703200ddf832e1991179c46d3a997a73f253eb29cf84e8f0aafb4c0,5af6d74e15486bf3e36866909a3853dba7f6c3e9d1bff79ec2e51c989bd8a51f,8e75f06089bfdbe83e966a23941eb603e97c37993919303b883f00405d4aa0dc,2026-09-30T17:42:53Z
SubmitPartialDecryption,374,d519801a09831e9c442a5734332d03000d29523f491f6fcf22adf77130e4df3b,183,3faa366ea703200ddf832e1991179c46d3a997a73f253eb29cf84e8f0aafb4c0,5af6d74e15486bf3e36866909a3853dba7f6c3e9d1bff79ec2e51c989bd8a51f,8e75f06089bfdbe83e966a23941eb603e97c37993919303b883f00405d4aa0dc,2026-09-30T17:42:53Z
SubmitPartialDecryption,370,432e9656e189d5019a509cc023043a5fd627f7544e93a759df057131f25cfc7a,183,3faa366ea703200ddf832e1991179c46d3a997a73f253eb29cf84e8f0aafb4c0,5af6d74e15486bf3e36866909a3853dba7f6c3e9d1bff79ec2e51c989bd8a51f,8e75f06089bfdbe83e966a23941eb603e97c37993919303b883f00405d4aa0dc,2026-09-30T17:42:53Z
SubmitPartialDecryption,376,8ba631d8a60e1e71bdd1a3983e9c607889d8036c96530b1011ed2d54f5fbe5a6,183,3faa366ea703200ddf832e1991179c46d3a997a73f253eb29cf84e8f0aafb4c0,5af6d74e15486bf3e36866909a3853dba7f6c3e9d1bff79ec2e51c989bd8a51f,8e75f06089bfdbe83e966a23941eb603e97c37993919303b883f00405d4aa0dc,2026-09-30T17:42:53Z
SubmitPartialDecryption,381,e8410bfcb673ddb2a1032994c7960c065db824df8a6eae311d2b341150c3b50d,183,3faa366ea703200ddf832e1991179c46d3a997a73f253eb29cf84e8f0aafb4c0,5af6d74e15486bf3e36866909a3853dba7f6c3e9d1bff79ec2e51c989bd8a51f,8e75f06089bfdbe83e966a23941eb603e97c37993919303b883f00405d4aa0dc,2026-09-30T17:42:53Z
SubmitPartialDecryption,377,b97e9de3ea08cb04cc12b5c83ddc759e930a60367a75db29b73d7ada747c6aa0,183,3faa366ea703200ddf832e1991179c46d3a997a73f253eb29cf84e8f0aafb4c0,5af6d74e15486bf3e36866909a3853dba7f6c3e9d1bff79ec2e51c989bd8a51f,8e75f06089bfdbe83e966a23941eb603e97c37993919303b883f00405d4aa0dc,2026-09-30T17:42:53Z
SubmitPartialDecryption,383,195aa2547d4184d74ae6ff4a4e69fa16e9afe1f5ddbb782921d76bcfd79bfdc6,183,3faa366ea703200ddf832e1991179c46d3a997a73f253eb29cf84e8f0aafb4c0,5af6d74e15486bf3e36866909a3853dba7f6c3e9d1bff79ec2e51c989bd8a51f,8e75f06089bfdbe83e966a23941eb603e97c37993919303b883f00405d4aa0dc,2026-09-30T17:42:53Z
SubmitPartialDecryption,369,6634ddb990b06292d1929654b075d7c6f3516ada7852ccd3e2b75e80d3d5ab0c,183,3faa366ea703200ddf832e1991179c46d3a997a73f253eb29cf84e8f0aafb4c0,5af6d74e15486bf3e36866909a3853dba7f6c3e9d1bff79ec2e51c989bd8a51f,8e75f06089bfdbe83e966a23941eb603e97c37993919303b883f00405d4aa0dc,2026-09-30T17:42:53Z
SubmitPartialDecryption,375,e0c7b715fae51ead96fb56e9df9bf6eb170a730774795c744aee2559930a562f,183,3faa366ea703200ddf832e1991179c46d3a997a73f253eb29cf84e8f0aafb4c0,5af6d74e15486bf3e36866909a3853dba7f6c3e9d1bff79ec2e51c989bd8a51f,8e75f06089bfdbe83e966a23941eb603e97c37993919303b883f00405d4aa0dc,2026-09-30T17:42:53Z
SubmitPartialDecryption,372,56b23f674c0a8780f5937d6db0321f091e476850cd99a490f36a0e540a2c0331,183,3faa366ea703200ddf832e1991179c46d3a997a73f253eb29cf84e8f0aafb4c0,5af6d74e15486bf3e36866909a3853dba7f6c3e9d1bff79ec2e51c989bd8a51f,8e75f06089bfdbe83e966a23941eb603e97c37993919303b883f00405d4aa0dc,2026-09-30T17:42:53Z
SubmitPartialDecryption,380,0434b7efdbcc1984da0bb190a5b91b35310d10a87e48fa26ae5ed4f70beab1b9,183,3faa366ea703200ddf832e1991179c46d3a997a73f253eb29cf84e8f0aafb4c0,5af6d74e15486bf3e36866909a3853dba7f6c3e9d1bff79ec2e51c989bd8a51f,8e75f06089bfdbe83e966a23941eb603e97c37993919303b883f00405d4aa0dc,2026-09-30T17:42:53Z
SubmitPartialDecryption,397,3d83433d654174757f43b8fb9a31a8f855b6dd47089fbcb3492a2f7a3f32f8be,184,6dc43c91added00db1c78fdb4738eace5c0ad142d862992d37b2fbf497e411f1,f6c447a5f2ec91cba1a19193f4946c52233085499325dd1630ea686a5f08a357,3faa366ea703200ddf832e1991179c46d3a997a73f253eb29cf84e8f0aafb4c0,2026-09-30T17:42:55Z
SubmitPartialDecryption,395,3822130fd545e7954b9295847a228bd38608589684fab0b30d49658d6dc46285,184,6dc43c91added00db1c78fdb4738eace5c0ad142d862992d37b2fbf497e411f1,f6c447a5f2ec91cba1a19193f4946c52233085499325dd1630ea686a5f08a357,3faa366ea703200ddf832e1991179c46d3a997a73f253eb29cf84e8f0aafb4c0,2026-09-30T17:42:55Z
SubmitPartialDecryption,393,79180a39066b381ef958f853961ebff5780831105b7b2aad50b23bdb28e0f9d0,184,6dc43c91added00db1c78fdb4738eace5c0ad142d862992d37b2fbf497e411f1,f6c447a5f2ec91cba1a19193f4946c52233085499325dd1630ea686a5f08a357,3faa366ea703200ddf832e1991179c46d3a997a73f253eb29cf84e8f0aafb4c0,2026-09-30T17:42:55Z
SubmitPartialDecryption,398,967eadeb46e78d721d455a4b393774891eb5840d0accccd4a31a98f85b183a1a,184,6dc43c91added00db1c78fdb4738eace5c0ad142d862992d37b2fbf497e411f1,f6c447a5f2ec91cba1a19193f4946c52233085499325dd1630ea686a5f08a357,3faa366ea703200ddf832e1991179c46d3a997a73f253eb29cf84e8f0aafb4c0,2026-09-30T17:42:55Z
SubmitPartialDecryption,387,bf75672998bfb3b2c2396c4045e6ca47dda1ab619c4eaf13518d79dc89de7a73,184,6dc43c91added00db1c78fdb4738eace5c0ad142d862992d37b2fbf497e411f1,f6c447a5f2ec91cba1a19193f4946c52233085499325dd1630ea686a5f08a357,3faa366ea703200ddf832e1991179c46d3a997a73f253eb29cf84e8f0aafb4c0,2026-09-30T17:42:55Z
SubmitPartialDecryption,391,2d0b2572814854a4f11926c4235e4e15e1c358a5d72cb6209f59d7f71370cb60,184,6dc43c91added00db1c78fdb4738eace5c0ad142d862992d37b2fbf497e411f1,f6c447a5f2ec91cba1a19193f4946c52233085499325dd1630ea686a5f08a357,3faa366ea703200ddf832e1991179c46d3a997a73f253eb29cf84e8f0aafb4c0,2026-09-30T17:42:55Z
SubmitPartialDecryption,386,730057ae042bc278228c0df47c979f47e2a5a247d4f296766795576f71d31ad2,184,6dc43c91added00db1c78fdb4738eace5c0ad142d862992d37b2fbf497e411f1,f6c447a5f2ec91cba1a19193f4946c52233085499325dd1630ea686a5f08a357,3faa366ea703200ddf832e1991179c46d3a997a73f253eb29cf84e8f0aafb4c0,2026-09-30T17:42:55Z
SubmitPartialDecryption,389,b0f0fb2affb227d0878973755a91bd153283a6e0dc22c3394e7beb1a7d87daca,184,6dc43c91added00db1c78fdb4738eace5c0ad142d862992d37b2fbf497e411f1,f6c447a5f2ec91cba1a19193f4946c52233085499325dd1630ea686a5f08a357,3faa366ea703200ddf832e1991179c46d3a997a73f253eb29cf84e8f0aafb4c0,2026-09-30T17:42:55Z
SubmitPartialDecryption,385,0cb264e6af602ad7817baebb3448c6916ca9bf31c37e1fd5914bb1c4acd80eea,184,6dc43c91added00db1c78fdb4738eace5c0ad142d862992d37b2fbf497e411f1,f6c447a5f2ec91cba1a19193f4946c52233085499325dd1630ea686a5f08a357,3faa366ea703200ddf832e1991179c46d3a997a73f253eb29cf84e8f0aafb4c0,2026-09-30T17:42:55Z
SubmitPartialDecryption,396,d7e415caa31ea8044fa0dfaf0fde7eb72c4cf2c003bbf1aa3cc7927852016f87,184,6dc43c91added00db1c78fdb4738eace5c0ad142d862992d37b2fbf497e411f1,f6c447a5f2ec91cba1a19193f4946c52233085499325dd1630ea686a5f08a357,3faa366ea703200ddf832e1991179c46d3a997a73f253eb29cf84e8f0aafb4c0,2026-09-30T17:42:55Z
SubmitPartialDecryption,399,1bfd1c963b6b18c3a4bb1ec30b7832bae4ed0cdb944bb1fd3c3cb00a3f5e5b48,184,6dc43c91added00db1c78fdb4738eace5c0ad142d862992d37b2fbf497e411f1,f6c447a5f2ec91cba1a19193f4946c52233085499325dd1630ea686a5f08a357,3faa366ea703200ddf832e1991179c46d3a997a73f253eb29cf84e8f0aafb4c0,2026-09-30T17:42:55Z
SubmitPartialDecryption,392,3a4cc7b0cc38b0fe799abe51c3945ed2a1aaead2ac99fdbc7be3e0981d3478e5,184,6dc43c91added00db1c78fdb4738eace5c0ad142d862992d37b2fbf497e411f1,f6c447a5f2ec91cba1a19193f4946c52233085499325dd1630ea686a5f08a357,3faa366ea703200ddf832e1991179c46d3a997a73f253eb29cf84e8f0aafb4c0,2026-09-30T17:42:55Z
SubmitPartialDecryption,394,f03334a26cfec226bdc63f4d61a08cf75bc1b3bf8c19241370e420099de48891,184,6dc43c91added00db1c78fdb4738eace5c0ad142d862992d37b2fbf497e411f1,f6c447a5f2ec91cba1a19193f4946c52233085499325dd1630ea686a5f08a357,3faa366ea703200ddf832e1991179c46d3a997a73f253eb29cf84e8f0aafb4c0,2026-09-30T17:42:55Z
SubmitPartialDecryption,388,585f74d7bf9cca6ed64864ac4ef629e77aab6da3c6b9e9b4731bfc5c23904e75,184,6dc43c91added00db1c78fdb4738eace5c0ad142d862992d37b2fbf497e411f1,f6c447a5f2ec91cba1a19193f4946c52233085499325dd1630ea686a5f08a357,3faa366ea703200ddf832e1991179c46d3a997a73f253eb29cf84e8f0aafb4c0,2026-09-30T17:42:55Z
SubmitPartialDecryption,390,80638637599e7463f64830bd605651d79c483cf2fe90f58818e1ce2b7df29936,184,6dc43c91added00db1c78fdb4738eace5c0ad142d862992d37b2fbf497e411f1,f6c447a5f2ec91cba1a19193f4946c52233085499325dd1630ea686a5f08a357,3faa366ea703200ddf832e1991179c46d3a997a73f253eb29cf84e8f0aafb4c0,2026-09-30T17:42:55Z
SubmitPartialDecryption,384,f417f4b9db5c6ccc674d53a420b624102ea99d0af369ef4c30087a58e11e9afd,184,6dc43c91added00db1c78fdb4738eace5c0ad142d862992d37b2fbf497e411f1,f6c447a5f2ec91cba1a19193f4946c52233085499325dd1630ea686a5f08a357,3faa366ea703200ddf832e1991179c46d3a997a73f253eb29cf84e8f0aafb4c0,2026-09-30T17:42:55Z
SubmitPartialDecryption,405,a4fd1815e297d74ef2d403a39cb9bbbc10f4ca126d30042516c656f53e64a32f,185,1bd283633b97f280b186e06e1bf44878d807918c14d84e49932d95b18eb1a76a,294382bf87f46ace233fce367882725cfec244d1decf6d79c1808acaf5e0991c,6dc43c91added00db1c78fdb4738eace5c0ad142d862992d37b2fbf497e411f1,2026-09-30T17:42:57Z
SubmitPartialDecryption,403,485a4734dff594f87b79b988e42f248e56c682b72c8d544867a713072eaa5958,185,1bd283633b97f280b186e06e1bf44878d807918c14d84e49932d95b18eb1a76a,294382bf87f46ace233fce367882725cfec244d1decf6d79c1808acaf5e0991c,6dc43c91added00db1c78fdb4738eace5c0ad142d862992d37b2fbf497e411f1,2026-09-30T17:42:57Z
SubmitPartialDecryption,415,ee7717fa1e72f30474b9d69b22d3019e769e5c2aae93e2772db0ed33e7277cbd,185,1bd283633b97f280b186e06e1bf44878d807918c14d84e49932d95b18eb1a76a,294382bf87f46ace233fce367882725cfec244d1decf6d79c1808acaf5e0991c,6dc43c91added00db1c78fdb4738eace5c0ad142d862992d37b2fbf497e411f1,2026-09-30T17:42:57Z
SubmitPartialDecryption,402,e6e412e93367442b876428b8f062ef6666d473a64f63dea2cf533e17de42f225,185,1bd283633b97f280b186e06e1bf44878d807918c14d84e49932d95b18eb1a76a,294382bf87f46ace233fce367882725cfec244d1decf6d79c1808acaf5e0991c,6dc43c91added00db1c78fdb4738eace5c0ad142d862992d37b2fbf497e411f1,2026-09-30T17:42:57Z
SubmitPartialDecryption,406,7d0e3459885cc0aec85df52d1e151225baa4b0d4db06add56d3812d76d7035e1,185,1bd283633b97f280b186e06e1bf44878d807918c14d84e49932d95b18eb1a76a,294382bf87f46ace233fce367882725cfec244d1decf6d79c1808acaf5e0991c,6dc43c91added00db1c78fdb4738eace5c0ad142d862992d37b2fbf497e411f1,2026-09-30T17:42:57Z
SubmitPartialDecryption,411,9cca7193d84a5648d0fe0ad9f1d28de62dcf6fcfcf9dc09252c0aee9fa38d82d,185,1bd283633b97f280b186e06e1bf44878d807918c14d84e49932d95b18eb1a76a,294382bf87f46ace233fce367882725cfec244d1decf6d79c1808acaf5e0991c,6dc43c91added00db1c78fdb4738eace5c0ad142d862992d37b2fbf497e411f1,2026-09-30T17:42:57Z
SubmitPartialDecryption,412,ec1395a07a1254e5289e9aae938cf772197538655402d9ce87d5460a80694b67,185,1bd283633b97f280b186e06e1bf44878d807918c14d84e49932d95b18eb1a76a,294382bf87f46ace233fce367882725cfec244d1decf6d79c1808acaf5e0991c,6dc43c91added00db1c78fdb4738eace5c0ad142d862992d37b2fbf497e411f1,2026-09-30T17:42:57Z
SubmitPartialDecryption,410,0da56ffe66fa13804a4deb95903c1a421f8e5a218ce3a75515dfe5c9c62996f4,185,1bd283633b97f280b186e06e1bf44878d807918c14d84e49932d95b18eb1a76a,294382bf87f46ace233fce367882725cfec244d1decf6d79c1808acaf5e0991c,6dc43c91added00db1c78fdb4738eace5c0ad142d862992d37b2fbf497e411f1,2026-09-30T17:42:57Z
SubmitPartialDecryption,414,39878deb260fa735cc98fe1cf3f716f43f47ce4b1cfc1ff01100918edd2b2477,185,1bd283633b97f280b186e06e1bf44878d807918c14d84e49932d95b18eb1a76a,294382bf87f46ace233fce367882725cfec244d1decf6d79c1808acaf5e0991c,6dc43c91added00db1c78fdb4738eace5c0ad142d862992d37b2fbf497e411f1,2026-09-30T17:42:57Z
SubmitPartialDecryption,407,977f0ef6c4e23f083b8e5f355403399be6a14609243b5280360498289a85a02e,185,1bd283633b97f280b186e06e1bf44878d807918c14d84e49932d95b18eb1a76a,294382bf87f46ace233fce367882725cfec244d1decf6d79c1808acaf5e0991c,6dc43c91added00db1c78fdb4738eace5c0ad142d862992d37b2fbf497e411f1,2026-09-30T17:42:57Z
SubmitPartialDecryption,409,0a58a1b8e783a433ec90b47c0fa7d928098cd34bd8e87737aee6aed2e1cbac54,185,1bd283633b97f280b186e06e1bf44878d807918c14d84e49932d95b18eb1a76a,294382bf87f46ace233fce367882725cfec244d1decf6d79c1808acaf5e0991c,6dc43c91added00db1c78fdb4738eace5c0ad142d862992d37b2fbf497e411f1,2026-09-30T17:42:57Z
SubmitPartialDecryption,408,2e909a9aea1a1ff1929cca7c84770dac14a5c3f9b4060dfa5e0c64b320b41d79,185,1bd283633b97f280b186e06e1bf44878d807918c14d84e49932d95b18eb1a76a,294382bf87f46ace233fce367882725cfec244d1decf6d79c1808acaf5e0991c,6dc43c91added00db1c78fdb4738eace5c0ad142d862992d37b2fbf497e411f1,2026-09-30T17:42:57Z
SubmitPartialDecryption,401,4fbc956a210a96be2c03ba7ac475b91d005180a10d28e33e0460ab1a7b323c61,185,1bd283633b97f280b186e06e1bf44878d807918c14d84e49932d95b18eb1a76a,294382bf87f46ace233fce367882725cfec244d1decf6d79c1808acaf5e0991c,6dc43c91added00db1c78fdb4738eace5c0ad142d862992d37b2fbf497e411f1,2026-09-30T17:42:57Z
SubmitPartialDecryption,413,3afd20f4ad682a4b3a571779a2b75378ff445e03695b02ae9c09df13b083597f,185,1bd283633b97f280b186e06e1bf44878d807918c14d84e49932d95b18eb1a76a,294382bf87f46ace233fce367882725cfec244d1decf6d79c1808acaf5e0991c,6dc43c91added00db1c78fdb4738eace5c0ad142d862992d37b2fbf497e411f1,2026-09-30T17:42:57Z
SubmitPartialDecryption,404,184cabc31a652d81a63a98a78639bdf675394cc0a339633f63a9e22ef0118431,185,1bd283633b97f280b186e06e1bf44878d807918c14d84e49932d95b18eb1a76a,294382bf87f46ace233fce367882725cfec244d1decf6d79c1808acaf5e0991c,6dc43c91added00db1c78fdb4738eace5c0ad142d862992d37b2fbf497e411f1,2026-09-30T17:42:57Z
SubmitPartialDecryption,400,e6e1dbf294690f648ece1fee1592d2fc5f5a688f4c415acb5b248d1ccfbbabe8,185,1bd283633b97f280b186e06e1bf44878d807918c14d84e49932d95b18eb1a76a,294382bf87f46ace233fce367882725cfec244d1decf6d79c1808acaf5e0991c,6dc43c91added00db1c78fdb4738eace5c0ad142d862992d37b2fbf497e411f1,2026-09-30T17:42:57Z
SubmitPartialDecryption,417,6c8c410a233f45e493a0e95014ccb3852070ee1a8c951df1047e2d68fb756d5c,186,52f0efad9318c563f37078bacf9e4a44d78a3fdfb14af576c896b19a594136ab,a962fc54d77b157f94622a6e4e13135a46ef13f5648d139110da9dce88e124c5,1bd283633b97f280b186e06e1bf44878d807918c14d84e49932d95b18eb1a76a,2026-09-30T17:42:59Z
SubmitPartialDecryption,419,78eb1f8af3a320a42783017871e914f1467571adc9e457d146fabc9af0f2351c,186,52f0efad9318c563f37078bacf9e4a44d78a3fdfb14af576c896b19a594136ab,a962fc54d77b157f94622a6e4e13135a46ef13f5648d139110da9dce88e124c5,1bd283633b97f280b186e06e1bf44878d807918c14d84e49932d95b18eb1a76a,2026-09-30T17:42:59Z
SubmitPartialDecryption,416,01e6117f1c7314654d2b47a70504c62a197b22db0a0090ab7a6360545080ee9a,186,52f0efad9318c563f37078bacf9e4a44d78a3fdfb14af576c896b19a594136ab,a962fc54d77b157f94622a6e4e13135a46ef13f5648d139110da9dce88e124c5,1bd283633b97f280b186e06e1bf44878d807918c14d84e49932d95b18eb1a76a,2026-09-30T17:42:59Z
SubmitPartialDecryption,418,6b8b391e44e1ce9f82acfa7bbf7f49944d87a1bd81a670b4cb2c92bfaeb4c3db,186,52f0efad9318c563f37078bacf9e4a44d78a3fdfb14af576c896b19a594136ab,a962fc54d77b157f94622a6e4e13135a46ef13f5648d139110da9dce88e124c5,1bd283633b97f280b186e06e1bf44878d807918c14d84e49932d95b18eb1a76a,2026-09-30T17:42:59Z
PublishTally,,f1897593cdeeba9a47e466a3ec970158a1767be0398a4a67aba04b6b700f0f59,187,e7422886b0a0714ec3d5d3c0d68b72296511c4eec30071e2daceff4f7f4fae26,3d381325eaafde0f2e73b8aa6a867763f0d677e5694cc1500635e3d937df8f21,52f0efad9318c563f37078bacf9e4a44d78a3fdfb14af576c896b19a594136ab,2026-09-30T17:43:01Z
