event,ref,tx_id,block_number,block_hash,data_hash,previous_hash,timestamp
CreateElection,,155e0a75531aaf272dd199e470dc58e91b8217e4464bb0458536e4c8311ad639,370,bc2502bfe2abdd0269031b6621573f9afe5d4fa3c445fe057cfe60e8c7be2496,aa061a204fc3e3bc8d0527200eefad477a46caeb07c53e6a16fdf40ccf928e2f,dc02005cf55effa725a87f48564b9e238b87c254e1d9ec361a52cf054fad30dc,2026-09-30T18:01:50Z
PublishDKGTranscript,,4e3a5ab7b2e70e8135a59dd13d361e0628890ec243270a9edadaf861ffc2ecc5,371,610242a50820e28748074d960435d672fb60dd1b0e684617cc3d81692f6e71fc,54fdffbaedb482404c946ed705190e3e8e65c7769999421c4e1c04e4e3e8a47d,bc2502bfe2abdd0269031b6621573f9afe5d4fa3c445fe057cfe60e8c7be2496,2026-09-30T18:01:52Z
CloseElection,,3ef44f978943f42a3a9cffe3093330bb12a29253e91e3340488c8b83b41376b4,432,dfe4d8d7baf852919796394ec083e8e6f3a7dd787a332698a685634d59c716cb,a346378580ce23357b359042bf02a747018e45f252edb9a3bc3373e7ddebb2c0,e3e85fddfad3edf5acdc931472a4d8bf962987ae182c371527a5f1f3a9356d29,2026-09-30T18:02:07Z
SubmitPartialDecryption,13,9e29fe07dc570f6fd454ff57531bbed2b122fb98d8c28baec21dd2496464563d,433,ad53bbaa4668f6fe23d9954c976b92a57130007a0efef62c110d62353ad13f1c,3e4e2bc4ec4f40a57828158ea6dc2dc489a1672e262620bebb2847e60b636591,dfe4d8d7baf852919796394ec083e8e6f3a7dd787a332698a685634d59c716cb,2026-09-30T18:02:09Z
SubmitPartialDecryption,11,27f0886340a01c23284fe2c4d05008ce61e247b39595c03c39d4364d2c2e2b66,433,ad53bbaa4668f6fe23d9954c976b92a57130007a0efef62c110d62353ad13f1c,3e4e2bc4ec4f40a57828158ea6dc2dc489a1672e262620bebb2847e60b636591,dfe4d8d7baf852919796394ec083e8e6f3a7dd787a332698a685634d59c716cb,2026-09-30T18:02:09Z
SubmitPartialDecryption,7,9b203b78ea1a085fc038378be4cea19a22b3563fb5785813dec29f3eec20119b,433,ad53bbaa4668f6fe23d9954c976b92a57130007a0efef62c110d62353ad13f1c,3e4e2bc4ec4f40a57828158ea6dc2dc489a1672e262620bebb2847e60b636591,dfe4d8d7baf852919796394ec083e8e6f3a7dd787a332698a685634d59c716cb,2026-09-30T18:02:09Z
SubmitPartialDecryption,3,4c99b9528ae731fc08e27c6787ba276ca80b982dcd0a54fc5a361b8f042a073b,433,ad53bbaa4668f6fe23d9954c976b92a57130007a0efef62c110d62353ad13f1c,3e4e2bc4ec4f40a57828158ea6dc2dc489a1672e262620bebb2847e60b636591,dfe4d8d7baf852919796394ec083e8e6f3a7dd787a332698a685634d59c716cb,2026-09-30T18:02:09Z
SubmitPartialDecryption,12,83dd689452e6666d0d0b6b7844774c6c09b6449b96469dea70d85405df037abb,433,ad53bbaa4668f6fe23d9954c976b92a57130007a0efef62c110d62353ad13f1c,3e4e2bc4ec4f40a57828158ea6dc2dc489a1672e262620bebb2847e60b636591,dfe4d8d7baf852919796394ec083e8e6f3a7dd787a332698a685634d59c716cb,2026-09-30T18:02:09Z
SubmitPartialDecryption,1,1791f3542098463e6295a5614f3bc857675c7abaf17078e3ccc6de9e940521f6,433,ad53bbaa4668f6fe23d9954c976b92a57130007a0efef62c110d62353ad13f1c,3e4e2bc4ec4f40a57828158ea6dc2dc489a1672e262620bebb2847e60b636591,dfe4d8d7baf852919796394ec083e8e6f3a7dd787a332698a685634d59c716cb,2026-09-30T18:02:09Z
SubmitPartialDecryption,14,edde3bacb88a3cc24037c1dfa38b02024d0ffda2920b157ef2014175b9cab777,433,ad53bbaa4668f6fe23d9954c976b92a57130007a0efef62c110d62353ad13f1c,3e4e2bc4ec4f40a57828158ea6dc2dc489a1672e262620bebb2847e60b636591,dfe4d8d7baf852919796394ec083e8e6f3a7dd787a332698a685634d59c716cb,2026-09-30T18:02:09Z
SubmitPartialDecryption,10,efef5fa8c2042bca440df02a2c5a9f472300eb18371a19817d76160679041e35,433,ad53bbaa4668f6fe23d9954c976b92a57130007a0efef62c110d62353ad13f1c,3e4e2bc4ec4f40a57828158ea6dc2dc489a1672e262620bebb2847e60b636591,dfe4d8d7baf852919796394ec083e8e6f3a7dd787a332698a685634d59c716cb,2026-09-30T18:02:09Z
SubmitPartialDecryption,15,a79dfddcf4d938e913b7be7b7a7494e6fb678fb8479b8aa59feeec55d39d3e84,433,ad53bbaa4668f6fe23d9954c976b92a57130007a0efef62c110d62353ad13f1c,3e4e2bc4ec4f40a57828158ea6dc2dc489a1672e262620bebb2847e60b636591,dfe4d8d7baf852919796394ec083e8e6f3a7dd787a332698a685634d59c716cb,2026-09-30T18:02:09Z
SubmitPartialDecryption,8,7ebd5ec92ef48d3686e94f7853886f872202c7aaf738ec4f4ebe8c4a6d6b99b2,433,ad53bbaa4668f6fe23d9954c976b92a57130007a0efef62c110d62353ad13f1c,3e4e2bc4ec4f40a57828158ea6dc2dc489a1672e262620bebb2847e60b636591,dfe4d8d7baf852919796394ec083e8e6f3a7dd787a332698a685634d59c716cb,2026-09-30T18:02:09Z
SubmitPartialDecryption,0,5827de29be3f75e2c9759fe4a6cb9063aa34a353fb1524aea9113195ab573b55,433,ad53bbaa4668f6fe23d9954c976b92a57130007a0efef62c110d62353ad13f1c,3e4e2bc4ec4f40a57828158ea6dc2dc489a1672e262620bebb2847e60b636591,dfe4d8d7baf852919796394ec083e8e6f3a7dd787a332698a685634d59c716cb,2026-09-30T18:02:09Z
SubmitPartialDecryption,4,62912ea5025875a01e318d7d1c170dde14f6e726335cbc2f31f6babe0c31a383,433,ad53bbaa4668f6fe23d9954c976b92a57130007a0efef62c110d62353ad13f1c,3e4e2bc4ec4f40a57828158ea6dc2dc489a1672e262620bebb2847e60b636591,dfe4d8d7baf852919796394ec083e8e6f3a7dd787a332698a685634d59c716cb,2026-09-30T18:02:09Z
SubmitPartialDecryption,2,59cb32018289b364b096fd82a1dc3c96e26bb9c1ac221a8aeee1b6793bc2e59e,433,ad53bbaa4668f6fe23d9954c976b92a57130007a0efef62c110d62353ad13f1c,3e4e2bc4ec4f40a57828158ea6dc2dc489a1672e262620bebb2847e60b636591,dfe4d8d7baf852919796394ec083e8e6f3a7dd787a332698a685634d59c716cb,2026-09-30T18:02:09Z
SubmitPartialDecryption,9,d3cac1984e97f984fc0475dae96109c59314a0b9d1357dff4449302c5f3691ba,433,ad53bbaa4668f6fe23d9954c976b92a57130007a0efef62c110d62353ad13f1c,3e4e2bc4ec4f40a57828158ea6dc2dc489a1672e262620bebb2847e60b636591,dfe4d8d7baf852919796394ec083e8e6f3a7dd787a332698a685634d59c716cb,2026-09-30T18:02:09Z
SubmitPartialDecryption,5,b2cefa411671f7ab46dcbbbfb7ad77fd9acc619198fca133af0c0cd960ab33f7,433,ad53bbaa4668f6fe23d9954c976b92a57130007a0efef62c110d62353ad13f1c,3e4e2bc4ec4f40a57828158ea6dc2dc489a1672e262620bebb2847e60b636591,dfe4d8d7baf852919796394ec083e8e6f3a7dd787a332698a685634d59c716cb,2026-09-30T18:02:09Z
SubmitPartialDecryption,6,2706db7783b8b2c6ff2e3fbd7533f9e248de782523a5c677e474469a6433bf82,433,ad53bbaa4668f6fe23d9954c976b92a57130007a0efef62c110d62353ad13f1c,3e4e2bc4ec4f40a57828158ea6dc2dc489a1672e262620bebb2847e60b636591,dfe4d8d7baf852919796394ec083e8e6f3a7dd787a332698a685634d59c716cb,2026-09-30T18:02:09Z
SubmitPartialDecryption,17,8909dc49bfb1476128fc8d1e89bb9cfb5bc209b93720303b4b15bb6d20a69ee5,434,13e699aa213bb5facbeae55f843fb689a6fdae564760fd4220ea6dbe4b2b25a9,7962a7d01e81dfa7efd3f54d359b55fc4482605c408716786a9e122555b8ec04,ad53bbaa4668f6fe23d9954c976b92a57130007a0efef62c110d62353ad13f1c,2026-09-30T18:02:11Z
SubmitPartialDecryption,28,501cb6cbb3e27c84bdf490f8d1f8969c69469a60af97377b07669b076d7eba65,434,13e699aa213bb5facbeae55f843fb689a6fdae564760fd4220ea6dbe4b2b25a9,7962a7d01e81dfa7efd3f54d359b55fc4482605c408716786a9e122555b8ec04,ad53bbaa4668f6fe23d9954c976b92a57130007a0efef62c110d62353ad13f1c,2026-09-30T18:02:11Z
SubmitPartialDecryption,27,26c9936e9d78ea88ea5f690c4de1532b82f0cf7666eb3914acd22ba6e1832a8f,434,13e699aa213bb5facbeae55f843fb689a6fdae564760fd4220ea6dbe4b2b25a9,7962a7d01e81dfa7efd3f54d359b55fc4482605c408716786a9e122555b8ec04,ad53bbaa4668f6fe23d9954c976b92a57130007a0efef62c110d62353ad13f1c,2026-09-30T18:02:11Z
SubmitPartialDecryption,19,4d936b564e9f482f0e45c73a3254636d4225aa858187c0b000217696c764f87d,434,13e699aa213bb5facbeae55f843fb689a6fdae564760fd4220ea6dbe4b2b25a9,7962a7d01e81dfa7efd3f54d359b55fc4482605c408716786a9e122555b8ec04,ad53bbaa4668f6fe23d9954c976b92a57130007a0efef62c110d62353ad13f1c,2026-09-30T18:02:11Z
SubmitPartialDecryption,26,3d2576cf0c927d148c0fb66206bdc624c5a1f9ac89285b52bf8d4de6dfe86b2b,434,13e699aa213bb5facbeae55f843fb689a6fdae564760fd4220ea6dbe4b2b25a9,7962a7d01e81dfa7efd3f54d359b55fc4482605c408716786a9e122555b8ec04,ad53bbaa4668f6fe23d9954c976b92a57130007a0efef62c110d62353ad13f1c,2026-09-30T18:02:11Z
SubmitPartialDecryption,23,2de6f64a222161392452f498137e8bf73470842e095be172f8964192afed7643,434,13e699aa213bb5facbeae55f843fb689a6fdae564760fd4220ea6dbe4b2b25a9,7962a7d01e81dfa7efd3f54d359b55fc4482605c408716786a9e122555b8ec04,ad53bbaa4668f6fe23d9954c976b92a57130007a0efef62c110d62353ad13f1c,2026-09-30T18:02:11Z
SubmitPartialDecryption,25,cb6c50b709e715ad84fb91a7da73d6225a45e9207bd017aefd91d30384e858d2,434,13e699aa213bb5facbeae55f843fb689a6fdae564760fd4220ea6dbe4b2b25a9,7962a7d01e81dfa7efd3f54d359b55fc4482605c408716786a9e122555b8ec04,ad53bbaa4668f6fe23d9954c976b92a57130007a0efef62c110d62353ad13f1c,2026-09-30T18:02:11Z
SubmitPartialDecryption,18,898cb527739bfbf4422e0c1a4f3fe339b31ba1931511afd441f5b9f58334fa81,434,13e699aa213bb5facbeae55f843fb689a6fdae564760fd4220ea6dbe4b2b25a9,7962a7d01e81dfa7efd3f54d359b55fc4482605c408716786a9e122555b8ec04,ad53bbaa4668f6fe23d9954c976b92a57130007a0efef62c110d62353ad13f1c,2026-09-30T18:02:11Z
SubmitPartialDecryption,22,db3495c257975b6e83b25113e41fcafeaf2d4b10ef97f9fa3246d07fe9264e6a,434,13e699aa213bb5facbeae55f843fb689a6fdae564760fd4220ea6dbe4b2b25a9,7962a7d01e81dfa7efd3f54d359b55fc4482605c408716786a9e122555b8ec04,ad53bbaa4668f6fe23d9954c976b92a57130007a0efef62c110d62353ad13f1c,2026-09-30T18:02:11Z
SubmitPartialDecryption,20,34bdc2c74bf35eb6b8882b4b4f5781f2196f81051850274e4350f62fcb8f4d45,434,13e699aa213bb5facbeae55f843fb689a6fdae564760fd4220ea6dbe4b2b25a9,7962a7d01e81dfa7efd3f54d359b55fc4482605c408716786a9e122555b8ec04,ad53bbaa4668f6fe23d9954c976b92a57130007a0efef62c110d62353ad13f1c,2026-09-30T18:02:11Z
SubmitPartialDecryption,29,cc5b59caae554be60027ccf7217ac0398eb7ea2147a50a479c3490743c75f96a,434,13e699aa213bb5facbeae55f843fb689a6fdae564760fd4220ea6dbe4b2b25a9,7962a7d01e81dfa7efd3f54d359b55fc4482605c408716786a9e122555b8ec04,ad53bbaa4668f6fe23d9954c976b92a57130007a0efef62c110d62353ad13f1c,2026-09-30T18:02:11Z
SubmitPartialDecryption,30,2b9c701d895c9d142cdc63c760ff5786a390c8b2cc93b9a692869b87730a5efa,434,13e699aa213bb5facbeae55f843fb689a6fdae564760fd4220ea6dbe4b2b25a9,7962a7d01e81dfa7efd3f54d359b55fc4482605c408716786a9e122555b8ec04,ad53bbaa4668f6fe23d9954c976b92a57130007a0efef62c110d62353ad13f1c,2026-09-30T18:02:11Z
SubmitPartialDecryption,24,4ffcafb4a1fc132f3f4033005a5bfb26eb6133c5d8b603824aa69e12644b4ba2,434,13e699aa213bb5facbeae55f843fb689a6fdae564760fd4220ea6dbe4b2b25a9,7962a7d01e81dfa7efd3f54d359b55fc4482605c408716786a9e122555b8ec04,ad53bbaa4668f6fe23d9954c976b92a57130007a0efef62c110d62353ad13f1c,2026-09-30T18:02:11Z
SubmitPartialDecryption,16,614e2b77294e22b1c6817cee35d148ae99cc54d96eaec0f31fe1cc1c544afb67,434,13e699aa213bb5facbeae55f843fb689a6fdae564760fd4220ea6dbe4b2b25a9,7962a7d01e81dfa7efd3f54d359b55fc4482605c408716786a9e122555b8ec04,ad53bbaa4668f6fe23d9954c976b92a57130007a0efef62c110d62353ad13f1c,2026-09-30T18:02:11Z
SubmitPartialDecryption,31,4ddc949acba48caa4f611948ed3feff15ce36ed31c2c5d88da43916d5a7a5684,434,13e699aa213bb5facbeae55f843fb689a6fdae564760fd4220ea6dbe4b2b25a9,7962a7d01e81dfa7efd3f54d359b55fc4482605c408716786a9e122555b8ec04,ad53bbaa4668f6fe23d9954c976b92a57130007a0efef62c110d62353ad13f1c,2026-09-30T18:02:11Z
SubmitPartialDecryption,21,232848e73f06c459df10c1df8c0fd54234b0266f822d419f8088606fbba22447,434,13e699aa213bb5facbeae55f843fb689a6fdae564760fd4220ea6dbe4b2b25a9,7962a7d01e81dfa7efd3f54d359b55fc4482605c408716786a9e122555b8ec04,ad53bbaa4668f6fe23d9954c976b92a57130007a0efef62c110d62353ad13f1c,2026-09-30T18:02:11Z
SubmitPartialDecryption,40,9c5e45e47a206d5460d5f46a06b1a7bb0e22fce13cfbf27e16cb573be24e17f7,435,a6712ffa0566b870e74a47981910192ea4f234518531e27131a56609561d2253,8213f69aae61799b614998e492bfd219bf0a8aa1bf7ba4983ff2c6f8ccddd183,13e699aa213bb5facbeae55f843fb689a6fdae564760fd4220ea6dbe4b2b25a9,2026-09-30T18:02:13Z
SubmitPartialDecryption,34,cb55da1c816ec50cf44c97940772e8ca8b7cccd6ccf9fd146d57fb59e80469a2,435,a6712ffa0566b870e74a47981910192ea4f234518531e27131a56609561d2253,8213f69aae61799b614998e492bfd219bf0a8aa1bf7ba4983ff2c6f8ccddd183,13e699aa213bb5facbeae55f843fb689a6fdae564760fd4220ea6dbe4b2b25a9,2026-09-30T18:02:13Z
SubmitPartialDecryption,46,ead3b3cf0dce799981ffd725df842728b0aa7d6a94c381a1b79ae049145ca65d,435,a6712ffa0566b870e74a47981910192ea4f234518531e27131a56609561d2253,8213f69aae61799b614998e492bfd219bf0a8aa1bf7ba4983ff2c6f8ccddd183,13e699aa213bb5facbeae55f843fb689a6fdae564760fd4220ea6dbe4b2b25a9,2026-09-30T18:02:13Z
SubmitPartialDecryption,38,608d9c1673caef685f23576b3d8ecf677dfd4929e78309ccd0e6b0af1f45f283,435,a6712ffa0566b870e74a47981910192ea4f234518531e27131a56609561d2253,8213f69aae61799b614998e492bfd219bf0a8aa1bf7ba4983ff2c6f8ccddd183,13e699aa213bb5facbeae55f843fb689a6fdae564760fd4220ea6dbe4b2b25a9,2026-09-30T18:02:13Z
SubmitPartialDecryption,41,41c23203325afe9feac8eddfbeaad9ecf52f68e8bca95fbb971fe70635de1811,435,a6712ffa0566b870e74a47981910192ea4f234518531e27131a56609561d2253,8213f69aae61799b614998e492bfd219bf0a8aa1bf7ba4983ff2c6f8ccddd183,13e699aa213bb5facbeae55f843fb689a6fdae564760fd4220ea6dbe4b2b25a9,2026-09-30T18:02:13Z
SubmitPartialDecryption,43,789b310d8d25022c744c3eae0652160972e573a404e2098fe7119c76e2cd5405,435,a6712ffa0566b870e74a47981910192ea4f234518531e27131a56609561d2253,8213f69aae61799b614998e492bfd219bf0a8aa1bf7ba4983ff2c6f8ccddd183,13e699aa213bb5facbeae55f843fb689a6fdae564760fd4220ea6dbe4b2b25a9,2026-09-30T18:02:13Z
SubmitPartialDecryption,42,95d3d8d85957033f10641e15955b6c6d14527a0fadf70f86fde2e955f8b91804,435,a6712ffa0566b870e74a47981910192ea4f234518531e27131a56609561d2253,8213f69aae61799b614998e492bfd219bf0a8aa1bf7ba4983ff2c6f8ccddd183,13e699aa213bb5facbeae55f843fb689a6fdae564760fd4220ea6dbe4b2b25a9,2026-09-30T18:02:13Z
SubmitPartialDecryption,35,a6775266f1c664f2b807f8e87a37b8c671c849eecaab0bbb4ae04fc4c0d5f9a1,435,a6712ffa0566b870e74a47981910192ea4f234518531e27131a56609561d2253,8213f69aae61799b614998e492bfd219bf0a8aa1bf7ba4983ff2c6f8ccddd183,13e699aa213bb5facbeae55f843fb689a6fdae564760fd4220ea6dbe4b2b25a9,2026-09-30T18:02:13Z
SubmitPartialDecryption,39,14b65b32fc605cee1904478adb04d2161954b7839e7f729676ff26e8ce67aaee,435,a6712ffa0566b870e74a47981910192ea4f234518531e27131a56609561d2253,8213f69aae61799b614998e492bfd219bf0a8aa1bf7ba4983ff2c6f8ccddd183,13e699aa213bb5facbeae55f843fb689a6fdae564760fd4220ea6dbe4b2b25a9,2026-09-30T18:02:13Z
SubmitPartialDecryption,32,f0981ed9f0e991dc6b2b278bb9bf6827f2192a92170de8af1633c79da20d8f30,435,a6712ffa0566b870e74a47981910192ea4f234518531e27131a56609561d2253,8213f69aae61799b614998e492bfd219bf0a8aa1bf7ba4983ff2c6f8ccddd183,13e699aa213bb5facbeae55f843fb689a6fdae564760fd4220ea6dbe4b2b25a9,2026-09-30T18:02:13Z
SubmitPartialDecryption,44,a59d0eb482b353fa14fae3f4532d4a665baf004a1f7f14e703c0da7a34617fa4,435,a6712ffa0566b870e74a47981910192ea4f234518531e27131a56609561d2253,8213f69aae61799b614998e492bfd219bf0a8aa1bf7ba4983ff2c6f8ccddd183,13e699aa213bb5facbeae55f843fb689a6fdae564760fd4220ea6dbe4b2b25a9,2026-09-30T18:02:13Z
SubmitPartialDecryption,45,504351676afd5414070f55d186010ab4d4c1f3784e304b0cffe357446d134ba0,435,a6712ffa0566b870e74a47981910192ea4f234518531e27131a56609561d2253,8213f69aae61799b614998e492bfd219bf0a8aa1bf7ba4983ff2c6f8ccddd183,13e699aa213bb5facbeae55f843fb689a6fdae564760fd4220ea6dbe4b2b25a9,2026-09-30T18:02:13Z
SubmitPartialDecryption,37,247b1af09c09857cd972ec5edf26c2523854eaf637218ee37e17924a23d1dac8,435,a6712ffa0566b870e74a47981910192ea4f234518531e27131a56609561d2253,8213f69aae61799b614998e492bfd219bf0a8aa1bf7ba4983ff2c6f8ccddd183,13e699aa213bb5facbeae55f843fb689a6fdae564760fd4220ea6dbe4b2b25a9,2026-09-30T18:02:13Z
SubmitPartialDecryption,33,4953c49b6e84946d4ea0a32b5bb8246497cc0a40a84a29461257755ca7e29e8c,435,a6712ffa0566b870e74a47981910192ea4f234518531e27131a56609561d2253,8213f69aae61799b614998e492bfd219bf0a8aa1bf7ba4983ff2c6f8ccddd183,13e699aa213bb5facbeae55f843fb689a6fdae564760fd4220ea6dbe4b2b25a9,2026-09-30T18:02:13Z
SubmitPartialDecryption,47,5013b38a4063b6d35e2f6390633cd961a2cec7104f2b689a8cef804ebf436434,435,a6712ffa0566b870e74a47981910192ea4f234518531e27131a56609561d2253,8213f69aae61799b614998e492bfd219bf0a8aa1bf7ba4983ff2c6f8ccddd183,13e699aa213bb5facbeae55f843fb689a6fdae564760fd4220ea6dbe4b2b25a9,2026-09-30T18:02:13Z
SubmitPartialDecryption,36,61a5c62f6e87f0320ef625c86847edb04a58c4530d3b325a4cd317bd737e5184,435,a6712ffa0566b870e74a47981910192ea4f234518531e27131a56609561d2253,8213f69aae61799b614998e492bfd219bf0a8aa1bf7ba4983ff2c6f8ccddd183,13e699aa213bb5facbeae55f843fb689a6fdae564760fd4220ea6dbe4b2b25a9,2026-09-30T18:02:13Z
SubmitPartialDecryption,58,03c175c205507a2d0282cf3c308498bec808c932d2e68c07ba346571b1c99890,436,13565395313412b868b00f0dabb1dfa36d77f2e88a578c967fac3a94b059592c,e83d52bef93e12dbceddaa53680ebf6032ac8a209e12da454f656dfd1f4122e8,a6712ffa0566b870e74a47981910192ea4f234518531e27131a56609561d2253,2026-09-30T18:02:15Z
SubmitPartialDecryption,54,fe86dfd6f3184fb6d59b9daef2f575aeb30dab1a79c828f48371881fcca2d49a,436,13565395313412b868b00f0dabb1dfa36d77f2e88a578c967fac3a94b059592c,e83d52bef93e12dbceddaa53680ebf6032ac8a209e12da454f656dfd1f4122e8,a6712ffa0566b870e74a47981910192ea4f234518531e27131a56609561d2253,2026-09-30T18:02:15Z
SubmitPartialDecryption,51,c60c942bc216595d11c1b3a580a7b73a3e7ad6ca86f728b0e3c8a0870782f461,436,13565395313412b868b00f0dabb1dfa36d77f2e88a578c967fac3a94b059592c,e83d52bef93e12dbceddaa53680ebf6032ac8a209e12da454f656dfd1f4122e8,a6712ffa0566b870e74a47981910192ea4f234518531e27131a56609561d2253,2026-09-30T18:02:15Z
SubmitPartialDecryption,48,2a911dfde134a8ec764d85838a88b7fa2df88a434b7e6055aa8c5373b24b1a26,436,13565395313412b868b00f0dabb1dfa36d77f2e88a578c967fac3a94b059592c,e83d52bef93e12dbceddaa53680ebf6032ac8a209e12da454f656dfd1f4122e8,a6712ffa0566b870e74a47981910192ea4f234518531e27131a56609561d2253,2026-09-30T18:02:15Z
SubmitPartialDecryption,53,52ea48639dd32a66ee01676e96ed243053ba97482487fd57b22b106517367920,436,13565395313412b868b00f0dabb1dfa36d77f2e88a578c967fac3a94b059592c,e83d52bef93e12dbceddaa53680ebf6032ac8a209e12da454f656dfd1f4122e8,a6712ffa0566b870e74a47981910192ea4f234518531e27131a56609561d2253,2026-09-30T18:02:15Z
SubmitPartialDecryption,61,330d6fdf76d9e5bcf33cd481913522e1ccfd2c68cb121af20704e870b998f05c,436,13565395313412b868b00f0dabb1dfa36d77f2e88a578c967fac3a94b059592c,e83d52bef93e12dbceddaa53680ebf6032ac8a209e12da454f656dfd1f4122e8,a6712ffa0566b870e74a47981910192ea4f234518531e27131a56609561d2253,2026-09-30T18:02:15Z
SubmitPartialDecryption,49,5ff89a9d8307f0f31bcb55a9b13fb9f7b474c034de5163d79b68a09130c7d627,436,13565395313412b868b00f0dabb1dfa36d77f2e88a578c967fac3a94b059592c,e83d52bef93e12dbceddaa53680ebf6032ac8a209e12da454f656dfd1f4122e8,a6712ffa0566b870e74a47981910192ea4f234518531e27131a56609561d2253,2026-09-30T18:02:15Z
SubmitPartialDecryption,52,a6df9e42c5415f18f1d6729f003ed7d5a1c2b903d8f13e9021d5ba07f408b7d5,436,13565395313412b868b00f0dabb1dfa36d77f2e88a578c967fac3a94b059592c,e83d52bef93e12dbceddaa53680ebf6032ac8a209e12da454f656dfd1f4122e8,a6712ffa0566b870e74a47981910192ea4f234518531e27131a56609561d2253,2026-09-30T18:02:15Z
SubmitPartialDecryption,50,6b239e98d5e27e451c7034eee13f65dd4c311a0b4b901748b5fc87cdf7cf0de9,436,13565395313412b868b00f0dabb1dfa36d77f2e88a578c967fac3a94b059592c,e83d52bef93e12dbceddaa53680ebf6032ac8a209e12da454f656dfd1f4122e8,a6712ffa0566b870e74a47981910192ea4f234518531e27131a56609561d2253,2026-09-30T18:02:15Z
SubmitPartialDecryption,56,64f284146bc883ef70c37dcf838b18cc6ff9721b4054e1b4016aed3bb119c910,436,13565395313412b868b00f0dabb1dfa36d77f2e88a578c967fac3a94b059592c,e83d52bef93e12dbceddaa53680ebf6032ac8a209e12da454f656dfd1f4122e8,a6712ffa0566b870e74a47981910192ea4f234518531e27131a56609561d2253,2026-09-30T18:02:15Z
SubmitPartialDecryption,63,f55651a19a8242aade42b33a66f54254b82b29e7bbc43c6efd6debb75c25733f,436,13565395313412b868b00f0dabb1dfa36d77f2e88a578c967fac3a94b059592c,e83d52bef93e12dbceddaa53680ebf6032ac8a209e12da454f656dfd1f4122e8,a6712ffa0566b870e74a47981910192ea4f234518531e27131a56609561d2253,2026-09-30T18:02:15Z
SubmitPartialDecryption,60,3da020c47ade48e0a99e27b96f299d390f2347b93a18c6796e685a7a2c769b82,436,13565395313412b868b00f0dabb1dfa36d77f2e88a578c967fac3a94b059592c,e83d52bef93e12dbceddaa53680ebf6032ac8a209e12da454f656dfd1f4122e8,a6712ffa0566b870e74a47981910192ea4f234518531e27131a56609561d2253,2026-09-30T18:02:15Z
SubmitPartialDecryption,62,30ffb60624fe52fd8b8976155d0aeb6924f8b22fa462427602bcbb5b40cf763d,436,13565395313412b868b00f0dabb1dfa36d77f2e88a578c967fac3a94b059592c,e83d52bef93e12dbceddaa53680ebf6032ac8a209e12da454f656dfd1f4122e8,a6712ffa0566b870e74a47981910192ea4f234518531e27131a56609561d2253,2026-09-30T18:02:15Z
SubmitPartialDecryption,59,4de1090c8566865da8d388b7d23a58f03b921eb06e92cb64cd1ddf999d71adc2,436,13565395313412b868b00f0dabb1dfa36d77f2e88a578c967fac3a94b059592c,e83d52bef93e12dbceddaa53680ebf6032ac8a209e12da454f656dfd1f4122e8,a6712ffa0566b870e74a47981910192ea4f234518531e27131a56609561d2253,2026-09-30T18:02:15Z
SubmitPartialDecryption,57,5913ef36d2a44fb24988d92325e052dcd7cc39cfe3b35381fe7711cf8845f37b,436,13565395313412b868b00f0dabb1dfa36d77f2e88a578c967fac3a94b059592c,e83d52bef93e12dbceddaa53680ebf6032ac8a209e12da454f656dfd1f4122e8,a6712ffa0566b870e74a47981910192ea4f234518531e27131a56609561d2253,2026-09-30T18:02:15Z
SubmitPartialDecryption,55,b43a80a23af4fb80f56b85609f3f541719cd05e27011de070c4f9b8232f9d026,436,13565395313412b868b00f0dabb1dfa36d77f2e88a578c967fac3a94b059592c,e83d52bef93e12dbceddaa53680ebf6032ac8a209e12da454f656dfd1f4122e8,a6712ffa0566b870e74a47981910192ea4f234518531e27131a56609561d2253,2026-09-30T18:02:15Z
SubmitPartialDecryption,69,1b5a89bfa96f0be1d0e6c192a859bb0c30682f3807ff26e881ef2d0552fee583,437,5b9d46b6ef9a5bf809e9b809c67fb1473620dda3fc5e373d080baf94606bcc60,46c4de3138c58500ea68832fce632679842ce8e3fce1517d4a091fc75ed6d4db,13565395313412b868b00f0dabb1dfa36d77f2e88a578c967fac3a94b059592c,2026-09-30T18:02:17Z
SubmitPartialDecryption,75,8de11e3c931264eeef719fcec562d52e4a452c5d723002e2bab7da45c9417263,437,5b9d46b6ef9a5bf809e9b809c67fb1473620dda3fc5e373d080baf94606bcc60,46c4de3138c58500ea68832fce632679842ce8e3fce1517d4a091fc75ed6d4db,13565395313412b868b00f0dabb1dfa36d77f2e88a578c967fac3a94b059592c,2026-09-30T18:02:17Z
SubmitPartialDecryption,74,869167af295dfa0e77f0b3488f10cd287ee48c8cde04215d276a6a60981b47cc,437,5b9d46b6ef9a5bf809e9b809c67fb1473620dda3fc5e373d080baf94606bcc60,46c4de3138c58500ea68832fce632679842ce8e3fce1517d4a091fc75ed6d4db,13565395313412b868b00f0dabb1dfa36d77f2e88a578c967fac3a94b059592c,2026-09-30T18:02:17Z
SubmitPartialDecryption,76,9185ed2eabd30006d2e47127245c6f83f195b9d54a44b2ee06dcfa59481d7dbf,437,5b9d46b6ef9a5bf809e9b809c67fb1473620dda3fc5e373d080baf94606bcc60,46c4de3138c58500ea68832fce632679842ce8e3fce1517d4a091fc75ed6d4db,13565395313412b868b00f0dabb1dfa36d77f2e88a578c967fac3a94b059592c,2026-09-30T18:02:17Z
SubmitPartialDecryption,66,0d1222b28a95d56e8a56a2e72f2917b8795fd788be93158af10766f306002a33,437,5b9d46b6ef9a5bf809e9b809c67fb1473620dda3fc5e373d080baf94606bcc60,46c4de3138c58500ea68832fce632679842ce8e3fce1517d4a091fc75ed6d4db,13565395313412b868b00f0dabb1dfa36d77f2e88a578c967fac3a94b059592c,2026-09-30T18:02:17Z
SubmitPartialDecryption,73,b92f021da3314d3b5a81247acbfb3427c88cefbdf81bbd2667428dc6ceb7165e,437,5b9d46b6ef9a5bf809e9b809c67fb1473620dda3fc5e373d080baf94606bcc60,46c4de3138c58500ea68832fce632679842ce8e3fce1517d4a091fc75ed6d4db,13565395313412b868b00f0dabb1dfa36d77f2e88a578c967fac3a94b059592c,2026-09-30T18:02:17Z
SubmitPartialDecryption,70,a4d1a5223953deae12be448215f6735820e419582ae207106685941febada883,437,5b9d46b6ef9a5bf809e9b809c67fb1473620dda3fc5e373d080baf94606bcc60,46c4de3138c58500ea68832fce632679842ce8e3fce1517d4a091fc75ed6d4db,13565395313412b868b00f0dabb1dfa36d77f2e88a578c967fac3a94b059592c,2026-09-30T18:02:17Z
SubmitPartialDecryption,71,17df5badcb5e8d29569de5f8d62c73967ad5e296508611e2298171713b434336,437,5b9d46b6ef9a5bf809e9b809c67fb1473620dda3fc5e373d080baf94606bcc60,46c4de3138c58500ea68832fce632679842ce8e3fce1517d4a091fc75ed6d4db,13565395313412b868b00f0dabb1dfa36d77f2e88a578c967fac3a94b059592c,2026-09-30T18:02:17Z
SubmitPartialDecryption,77,3478d4a8490d95559cee45067d0e79d2764e233e54573a719da5eec0a00e4983,437,5b9d46b6ef9a5bf809e9b809c67fb1473620dda3fc5e373d080baf94606bcc60,46c4de3138c58500ea68832fce632679842ce8e3fce1517d4a091fc75ed6d4db,13565395313412b868b00f0dabb1dfa36d77f2e88a578c967fac3a94b059592c,2026-09-30T18:02:17Z
SubmitPartialDecryption,67,f733fdb1c821f94eecdcafdb5e5036ba891fb90f4366485dfb4ac6c7a257d77d,437,5b9d46b6ef9a5bf809e9b809c67fb1473620dda3fc5e373d080baf94606bcc60,46c4de3138c58500ea68832fce632679842ce8e3fce1517d4a091fc75ed6d4db,13565395313412b868b00f0dabb1dfa36d77f2e88a578c967fac3a94b059592c,2026-09-30T18:02:17Z
SubmitPartialDecryption,79,584a127ffc53eee0510d14666147708b2d0e7e131feb3da04bbefd1ad1015883,437,5b9d46b6ef9a5bf809e9b809c67fb1473620dda3fc5e373d080baf94606bcc60,46c4de3138c58500ea68832fce632679842ce8e3fce1517d4a091fc75ed6d4db,13565395313412b868b00f0dabb1dfa36d77f2e88a578c967fac3a94b059592c,2026-09-30T18:02:17Z
SubmitPartialDecryption,72,1f60527bbb83286a23e80913899c380c174466e0d63f43ff8985dede86dc298c,437,5b9d46b6ef9a5bf809e9b809c67fb1473620dda3fc5e373d080baf94606bcc60,46c4de3138c58500ea68832fce632679842ce8e3fce1517d4a091fc75ed6d4db,13565395313412b868b00f0dabb1dfa36d77f2e88a578c967fac3a94b059592c,2026-09-30T18:02:17Z
SubmitPartialDecryption,68,f1289319a9605d9163f58bcd4994b6b2578b8e5abfc78453bc6415d5ba9f202d,437,5b9d46b6ef9a5bf809e9b809c67fb1473620dda3fc5e373d080baf94606bcc60,46c4de3138c58500ea68832fce632679842ce8e3fce1517d4a091fc75ed6d4db,13565395313412b868b00f0dabb1dfa36d77f2e88a578c967fac3a94b059592c,2026-09-30T18:02:17Z
SubmitPartialDecryption,78,ad2afdf28e8acd1fd42c9fef34c0d8afb76bca476c503e3c2373addb430eeda0,437,5b9d46b6ef9a5bf809e9b809c67fb1473620dda3fc5e373d080baf94606bcc60,46c4de3138c58500ea68832fce632679842ce8e3fce1517d4a091fc75ed6d4db,13565395313412b868b00f0dabb1dfa36d77f2e88a578c967fac3a94b059592c,2026-09-30T18:02:17Z
SubmitPartialDecryption,64,745f5b75bc378b861ec0b4cfeea586119920b3fbad89355609091e02309afd50,437,5b9d46b6ef9a5bf809e9b809c67fb1473620dda3fc5e373d080baf94606bcc60,46c4de3138c58500ea68832fce632679842ce8e3fce1517d4a091fc75ed6d4db,13565395313412b868b00f0dabb1dfa36d77f2e88a578c967fac3a94b059592c,2026-09-30T18:02:17Z
SubmitPartialDecryption,65,45db5bcdf622ecdb91792f712825d476e6dcabc1ff28fc0a1df57c977305ea88,437,5b9d46b6ef9a5bf809e9b809c67fb1473620dda3fc5e373d080baf94606bcc60,46c4de3138c58500ea68832fce632679842ce8e3fce1517d4a091fc75ed6d4db,13565395313412b868b00f0dabb1dfa36d77f2e88a578c967fac3a94b059592c,2026-09-30T18:02:17Z
SubmitPartialDecryption,94,b3b21b614e2e7e9f00dbbadcab4c0e60724fe052d04fd9dde2018291e39a4e20,438,d34578e14e7d003b231a6bee5e10a36d53c565775f8502a14b5fcafa7e454096,1e6738b83d5377eb3628b271849f9cff920d39a0fe634bf1563391f18ad23675,5b9d46b6ef9a5bf809e9b809c67fb1473620dda3fc5e373d080baf94606bcc60,2026-09-30T18:02:19Z
SubmitPartialDecryption,85,1a492809e551b3e2299179ed74eefdd8faad2641ed1cdcfe6040e81b1ca75b48,438,d34578e14e7d003b231a6bee5e10a36d53c565775f8502a14b5fcafa7e454096,1e6738b83d5377eb3628b271849f9cff920d39a0fe634bf1563391f18ad23675,5b9d46b6ef9a5bf809e9b809c67fb1473620dda3fc5e373d080baf94606bcc60,2026-09-30T18:02:19Z
SubmitPartialDecryption,91,e0161a98ad7ea6f02df7ad3a543bc51ad8bcfafc8ee596c21b566e481a19d097,438,d34578e14e7d003b231a6bee5e10a36d53c565775f8502a14b5fcafa7e454096,1e6738b83d5377eb3628b271849f9cff920d39a0fe634bf1563391f18ad23675,5b9d46b6ef9a5bf809e9b809c67fb1473620dda3fc5e373d080baf94606bcc60,2026-09-30T18:02:19Z
SubmitPartialDecryption,93,64eead5be7e6abb52cfe431439ddca66b5a7e8fec667b59525112857c123a07a,438,d34578e14e7d003b231a6bee5e10a36d53c565775f8502a14b5fcafa7e454096,1e6738b83d5377eb3628b271849f9cff920d39a0fe634bf1563391f18ad23675,5b9d46b6ef9a5bf809e9b809c67fb1473620dda3fc5e373d080baf94606bcc60,2026-09-30T18:02:19Z
SubmitPartialDecryption,88,40e938d62f20978ed7eaea294ddd9f9545ab184b129820f3b9cba479a6934224,438,d34578e14e7d003b231a6bee5e10a36d53c565775f8502a14b5fcafa7e454096,1e6738b83d5377eb3628b271849f9cff920d39a0fe634bf1563391f18ad23675,5b9d46b6ef9a5bf809e9b809c67fb1473620dda3fc5e373d080baf94606bcc60,2026-09-30T18:02:19Z
SubmitPartialDecryption,80,bd8970d1f7c8adfcab2488e825e273daebab1b40f3af9b8d8632a5486e9e06c7,438,d34578e14e7d003b231a6bee5e10a36d53c565775f8502a14b5fcafa7e454096,1e6738b83d5377eb3628b271849f9cff920d39a0fe634bf1563391f18ad23675,5b9d46b6ef9a5bf809e9b809c67fb1473620dda3fc5e373d080baf94606bcc60,2026-09-30T18:02:19Z
SubmitPartialDecryption,87,359f12fe3c4f63a1ebcb3675866192092f7fd40a5c87e508ee873124c7103d27,438,d34578e14e7d003b231a6bee5e10a36d53c565775f8502a14b5fcafa7e454096,1e6738b83d5377eb3628b271849f9cff920d39a0fe634bf1563391f18ad23675,5b9d46b6ef9a5bf809e9b809c67fb1473620dda3fc5e373d080baf94606bcc60,2026-09-30T18:02:19Z
SubmitPartialDecryption,84,b76e1b233a94fbb7670434041c88f1d8d0472dcd6d5bba35755fdcec49b76725,438,d34578e14e7d003b231a6bee5e10a36d53c565775f8502a14b5fcafa7e454096,1e6738b83d5377eb3628b271849f9cff920d39a0fe634bf1563391f18ad23675,5b9d46b6ef9a5bf809e9b809c67fb1473620dda3fc5e373d080baf94606bcc60,2026-09-30T18:02:19Z
SubmitPartialDecryption,89,4e22931a7d388b8ff782f2b9725872317a4fbcdb25d62e78fdec50a489b18381,438,d34578e14e7d003b231a6bee5e10a36d53c565775f8502a14b5fcafa7e454096,1e6738b83d5377eb3628b271849f9cff920d39a0fe634bf1563391f18ad23675,5b9d46b6ef9a5bf809e9b809c67fb1473620dda3fc5e373d080baf94606bcc60,2026-09-30T18:02:19Z
SubmitPartialDecryption,95,80e206b7ba487d524543ec7056ad52f8b3c544115a190e7d4372166c02a51661,438,d34578e14e7d003b231a6bee5e10a36d53c565775f8502a14b5fcafa7e454096,1e6738b83d5377eb3628b271849f9cff920d39a0fe634bf1563391f18ad23675,5b9d46b6ef9a5bf809e9b809c67fb1473620dda3fc5e373d080baf94606bcc60,2026-09-30T18:02:19Z
SubmitPartialDecryption,86,81ff8259073a53bf4a669e43d2acea3cb13650d092f7c733332bc0dd15ceb831,438,d34578e14e7d003b231a6bee5e10a36d53c565775f8502a14b5fcafa7e454096,1e6738b83d5377eb3628b271849f9cff920d39a0fe634bf1563391f18ad23675,5b9d46b6ef9a5bf809e9b809c67fb1473620dda3fc5e373d080baf94606bcc60,2026-09-30T18:02:19Z
SubmitPartialDecryption,90,e9d0e4deb15047182483efb79d4b841ad83c9daae788a9dea019670561cd575c,438,d34578e14e7d003b231a6bee5e10a36d53c565775f8502a14b5fcafa7e454096,1e6738b83d5377eb3628b271849f9cff920d39a0fe634bf1563391f18ad23675,5b9d46b6ef9a5bf809e9b809c67fb1473620dda3fc5e373d080baf94606bcc60,2026-09-30T18:02:19Z
SubmitPartialDecryption,82,5c7fa94c1372b5e82f151098fe0dc7aac4b979896b47c424c7703540dfb7f443,438,d34578e14e7d003b231a6bee5e10a36d53c565775f8502a14b5fcafa7e454096,1e6738b83d5377eb3628b271849f9cff920d39a0fe634bf1563391f18ad23675,5b9d46b6ef9a5bf809e9b809c67fb1473620dda3fc5e373d080baf94606bcc60,2026-09-30T18:02:19Z
SubmitPartialDecryption,92,5e6830010837bdbc3848f65067a92dbb178ea101b8dcc5ebd7224fd699b25f1e,438,d34578e14e7d003b231a6bee5e10a36d53c565775f8502a14b5fcafa7e454096,1e6738b83d5377eb3628b271849f9cff920d39a0fe634bf1563391f18ad23675,5b9d46b6ef9a5bf809e9b809c67fb1473620dda3fc5e373d080baf94606bcc60,2026-09-30T18:02:19Z
SubmitPartialDecryption,81,6895b31463140cc3fee9e5d874d77be1a17529ea7e36373165d1608ada4a0d58,438,d34578e14e7d003b231a6bee5e10a36d53c565775f8502a14b5fcafa7e454096,1e6738b83d5377eb3628b271849f9cff920d39a0fe634bf1563391f18ad23675,5b9d46b6ef9a5bf809e9b809c67fb1473620dda3fc5e373d080baf94606bcc60,2026-09-30T18:02:19Z
SubmitPartialDecryption,83,0f6cd1cd0f2a34bd57a9fea1dfd8d34adde3c9b25253c044780ccb7918216680,438,d34578e14e7d003b231a6bee5e10a36d53c565775f8502a14b5fcafa7e454096,1e6738b83d5377eb3628b271849f9cff920d39a0fe634bf1563391f18ad23675,5b9d46b6ef9a5bf809e9b809c67fb1473620dda3fc5e373d080baf94606bcc60,2026-09-30T18:02:19Z
SubmitPartialDecryption,99,3dd96bf37bc7d35fa8de7f9ddb7bd55fb203993fdf4bc92d95a899f4c673c5e3,439,d3f2747e069f0bbc083d297e3bcb722e3684f77844a6983aae15aaf7295d3bd3,6eec28bc0e253a2742f5d78d0b36f22792fd5e196e53138117f01772c5d8d826,d34578e14e7d003b231a6bee5e10a36d53c565775f8502a14b5fcafa7e454096,2026-09-30T18:02:21Z
SubmitPartialDecryption,110,d37e87637b0c840587428248a9f4eef8c038cc0f8d6e4689c1f30a11581f23a6,439,d3f2747e069f0bbc083d297e3bcb722e3684f77844a6983aae15aaf7295d3bd3,6eec28bc0e253a2742f5d78d0b36f22792fd5e196e53138117f01772c5d8d826,d34578e14e7d003b231a6bee5e10a36d53c565775f8502a14b5fcafa7e454096,2026-09-30T18:02:21Z
SubmitPartialDecryption,101,a519ae948033953b50e9b47dd9643f69f85fcafb80f48b8e06a38e68d667ef99,439,d3f2747e069f0bbc083d297e3bcb722e3684f77844a6983aae15aaf7295d3bd3,6eec28bc0e253a2742f5d78d0b36f22792fd5e196e53138117f01772c5d8d826,d34578e14e7d003b231a6bee5e10a36d53c565775f8502a14b5fcafa7e454096,2026-09-30T18:02:21Z
SubmitPartialDecryption,97,eacdd9cda61806101ed8413a95d4afaaf1e7bcd3db4d94d3c57dff4fafc06ad5,439,d3f2747e069f0bbc083d297e3bcb722e3684f77844a6983aae15aaf7295d3bd3,6eec28bc0e253a2742f5d78d0b36f22792fd5e196e53138117f01772c5d8d826,d34578e14e7d003b231a6bee5e10a36d53c565775f8502a14b5fcafa7e454096,2026-09-30T18:02:21Z
SubmitPartialDecryption,105,e09dc3c622737b4f5b21d4992c6184dec82158fdce3a16f22e9c8ccd3139a989,439,d3f2747e069f0bbc083d297e3bcb722e3684f77844a6983aae15aaf7295d3bd3,6eec28bc0e253a2742f5d78d0b36f22792fd5e196e53138117f01772c5d8d826,d34578e14e7d003b231a6bee5e10a36d53c565775f8502a14b5fcafa7e454096,2026-09-30T18:02:21Z
SubmitPartialDecryption,106,d9bbd793c186284a7b20f3d8dca09b941bd97fe38d4cb10bed66162a13215dc5,439,d3f2747e069f0bbc083d297e3bcb722e3684f77844a6983aae15aaf7295d3bd3,6eec28bc0e253a2742f5d78d0b36f22792fd5e196e53138117f01772c5d8d826,d34578e14e7d003b231a6bee5e10a36d53c565775f8502a14b5fcafa7e454096,2026-09-30T18:02:21Z
SubmitPartialDecryption,100,ab012ebf4e3d042ff62eef9367dd8aeac03194b92511fc1ab90f0f74ea6d805a,439,d3f2747e069f0bbc083d297e3bcb722e3684f77844a6983aae15aaf7295d3bd3,6eec28bc0e253a2742f5d78d0b36f22792fd5e196e53138117f01772c5d8d826,d34578e14e7d003b231a6bee5e10a36d53c565775f8502a14b5fcafa7e454096,2026-09-30T18:02:21Z
SubmitPartialDecryption,107,0660f353a6c45b513704596fe043a11038f85f9cdd2bedd03a77da0bdc851e91,439,d3f2747e069f0bbc083d297e3bcb722e3684f77844a6983aae15aaf7295d3bd3,6eec28bc0e253a2742f5d78d0b36f22792fd5e196e53138117f01772c5d8d826,d34578e14e7d003b231a6bee5e10a36d53c565775f8502a14b5fcafa7e454096,2026-09-30T18:02:21Z
SubmitPartialDecryption,109,5638c02d1deab788619f0dbe7f9e7ce394392bf142088b7d5016a37f17c93fdf,439,d3f2747e069f0bbc083d297e3bcb722e3684f77844a6983aae15aaf7295d3bd3,6eec28bc0e253a2742f5d78d0b36f22792fd5e196e53138117f01772c5d8d826,d34578e14e7d003b231a6bee5e10a36d53c565775f8502a14b5fcafa7e454096,2026-09-30T18:02:21Z
SubmitPartialDecryption,98,9956502c9c1a21c189adb6bf44ad0b42e907513fd12a1e0e0a5c5ddd3452f266,439,d3f2747e069f0bbc083d297e3bcb722e3684f77844a6983aae15aaf7295d3bd3,6eec28bc0e253a2742f5d78d0b36f22792fd5e196e53138117f01772c5d8d826,d34578e14e7d003b231a6bee5e10a36d53c565775f8502a14b5fcafa7e454096,2026-09-30T18:02:21Z
SubmitPartialDecryption,104,e2c29716b8e7203eed328ae7566d933363d1136ffae5e6fcaf417bcdfdccbddf,439,d3f2747e069f0bbc083d297e3bcb722e3684f77844a6983aae15aaf7295d3bd3,6eec28bc0e253a2742f5d78d0b36f22792fd5e196e53138117f01772c5d8d826,d34578e14e7d003b231a6bee5e10a36d53c565775f8502a14b5fcafa7e454096,2026-09-30T18:02:21Z
SubmitPartialDecryption,103,82d0c6621161c5d7d3750bb305775e905b5b37e0435f701445ad142f7cd449f1,439,d3f2747e069f0bbc083d297e3bcb722e3684f77844a6983aae15aaf7295d3bd3,6eec28bc0e253a2742f5d78d0b36f22792fd5e196e53138117f01772c5d8d826,d34578e14e7d003b231a6bee5e10a36d53c565775f8502a14b5fcafa7e454096,2026-09-30T18:02:21Z
SubmitPartialDecryption,96,2f2957e7bca907dd3362ab5427b655a2c26928d9c5090b9a2e7cdace925cf47d,439,d3f2747e069f0bbc083d297e3bcb722e3684f77844a6983aae15aaf7295d3bd3,6eec28bc0e253a2742f5d78d0b36f22792fd5e196e53138117f01772c5d8d826,d34578e14e7d003b231a6bee5e10a36d53c565775f8502a14b5fcafa7e454096,2026-09-30T18:02:21Z
SubmitPartialDecryption,102,87ead7c658f59a2b0e14ff29cd8c555bb184c175493f4b1789478a40a98f4b88,439,d3f2747e069f0bbc083d297e3bcb722e3684f77844a6983aae15aaf7295d3bd3,6eec28bc0e253a2742f5d78d0b36f22792fd5e196e53138117f01772c5d8d826,d34578e14e7d003b231a6bee5e10a36d53c565775f8502a14b5fcafa7e454096,2026-09-30T18:02:21Z
SubmitPartialDecryption,108,8c470a371f760eb331962c54f8862bbd308a950bbae42bf5a448d809d853dcad,439,d3f2747e069f0bbc083d297e3bcb722e3684f77844a6983aae15aaf7295d3bd3,6eec28bc0e253a2742f5d78d0b36f22792fd5e196e53138117f01772c5d8d826,d34578e14e7d003b231a6bee5e10a36d53c565775f8502a14b5fcafa7e454096,2026-09-30T18:02:21Z
SubmitPartialDecryption,111,91012bb5307538684452b9511c1f05043a3873208b4b9e37f7379b6a9235ff5a,439,d3f2747e069f0bbc083d297e3bcb722e3684f77844a6983aae15aaf7295d3bd3,6eec28bc0e253a2742f5d78d0b36f22792fd5e196e53138117f01772c5d8d826,d34578e14e7d003b231a6bee5e10a36d53c565775f8502a14b5fcafa7e454096,2026-09-30T18:02:21Z
SubmitPartialDecryption,122,a4b614108aec25ad3280f49c97e1cf06792ad7a7ad8ccb05391089b8159f9f05,440,dc85a26726646e8683555ccacd85474ad3efcdc62aa64d7bdaaced994c89e447,9fb4a131ee1250364747d6fbc7a695764f58e8de3ff41ee50a02e1dca33f621e,d3f2747e069f0bbc083d297e3bcb722e3684f77844a6983aae15aaf7295d3bd3,2026-09-30T18:02:25Z
SubmitPartialDecryption,126,47ce395628644d6388c859755d58617d2a155639a78a4507e0b7469a458bed7b,440,dc85a26726646e8683555ccacd85474ad3efcdc62aa64d7bdaaced994c89e447,9fb4a131ee1250364747d6fbc7a695764f58e8de3ff41ee50a02e1dca33f621e,d3f2747e069f0bbc083d297e3bcb722e3684f77844a6983aae15aaf7295d3bd3,2026-09-30T18:02:25Z
SubmitPartialDecryption,115,b46b31b945d062baec71e060122a9adadc691e53b7e0eed91df9b9e899c6f6e9,440,dc85a26726646e8683555ccacd85474ad3efcdc62aa64d7bdaaced994c89e447,9fb4a131ee1250364747d6fbc7a695764f58e8de3ff41ee50a02e1dca33f621e,d3f2747e069f0bbc083d297e3bcb722e3684f77844a6983aae15aaf7295d3bd3,2026-09-30T18:02:25Z
SubmitPartialDecryption,112,9b455259cfcc3375cc1c6825b66d8dcf8773be9f009acfaf98dd02eb2eda3d0e,440,dc85a26726646e8683555ccacd85474ad3efcdc62aa64d7bdaaced994c89e447,9fb4a131ee1250364747d6fbc7a695764f58e8de3ff41ee50a02e1dca33f621e,d3f2747e069f0bbc083d297e3bcb722e3684f77844a6983aae15aaf7295d3bd3,2026-09-30T18:02:25Z
SubmitPartialDecryption,118,2237c1f091c120d9f6f1ac14e9ecdfaabd59acf34f184cdc8f1ce128e3542920,440,dc85a26726646e8683555ccacd85474ad3efcdc62aa64d7bdaaced994c89e447,9fb4a131ee1250364747d6fbc7a695764f58e8de3ff41ee50a02e1dca33f621e,d3f2747e069f0bbc083d297e3bcb722e3684f77844a6983aae15aaf7295d3bd3,2026-09-30T18:02:25Z
SubmitPartialDecryption,123,27a75d5eebb86151c2fd707710611753480331b75a91225016adcfcf85ad292d,440,dc85a26726646e8683555ccacd85474ad3efcdc62aa64d7bdaaced994c89e447,9fb4a131ee1250364747d6fbc7a695764f58e8de3ff41ee50a02e1dca33f621e,d3f2747e069f0bbc083d297e3bcb722e3684f77844a6983aae15aaf7295d3bd3,2026-09-30T18:02:25Z
SubmitPartialDecryption,114,2926cece878e7f379b187de93875ed3e526a479dd70612b5a6d62f017ca9f145,440,dc85a26726646e8683555ccacd85474ad3efcdc62aa64d7bdaaced994c89e447,9fb4a131ee1250364747d6fbc7a695764f58e8de3ff41ee50a02e1dca33f621e,d3f2747e069f0bbc083d297e3bcb722e3684f77844a6983aae15aaf7295d3bd3,2026-09-30T18:02:25Z
SubmitPartialDecryption,116,0a23aca5ecc05242737f5808ee8220245a6949061500cced3c4c4b1907f54a5a,440,dc85a26726646e8683555ccacd85474ad3efcdc62aa64d7bdaaced994c89e447,9fb4a131ee1250364747d6fbc7a695764f58e8de3ff41ee50a02e1dca33f621e,d3f2747e069f0bbc083d297e3bcb722e3684f77844a6983aae15aaf7295d3bd3,2026-09-30T18:02:25Z
SubmitPartialDecryption,124,7b80ea1835d77aca45b1d5db87da74a6408cc5af56f921b956b5845f7d80ebb9,440,dc85a26726646e8683555ccacd85474ad3efcdc62aa64d7bdaaced994c89e447,9fb4a131ee1250364747d6fbc7a695764f58e8de3ff41ee50a02e1dca33f621e,d3f2747e069f0bbc083d297e3bcb722e3684f77844a6983aae15aaf7295d3bd3,2026-09-30T18:02:25Z
SubmitPartialDecryption,127,7411b439d192c2082d1357c1afc1bbf6309c4d5b732d5f6c023195e13f35f3a9,440,dc85a26726646e8683555ccacd85474ad3efcdc62aa64d7bdaaced994c89e447,9fb4a131ee1250364747d6fbc7a695764f58e8de3ff41ee50a02e1dca33f621e,d3f2747e069f0bbc083d297e3bcb722e3684f77844a6983aae15aaf7295d3bd3,2026-09-30T18:02:25Z
SubmitPartialDecryption,119,824ee6eac378f1ca38f963e5ca207e2ae38a1d451ef0e884e64de6be4824f0f0,440,dc85a26726646e8683555ccacd85474ad3efcdc62aa64d7bdaaced994c89e447,9fb4a131ee1250364747d6fbc7a695764f58e8de3ff41ee50a02e1dca33f621e,d3f2747e069f0bbc083d297e3bcb722e3684f77844a6983aae15aaf7295d3bd3,2026-09-30T18:02:25Z
SubmitPartialDecryption,121,d7135f3fe2b9b97d41e29e21fa1970b995093f3999bb8cc14e5aa1abc96236e1,440,dc85a26726646e8683555ccacd85474ad3efcdc62aa64d7bdaaced994c89e447,9fb4a131ee1250364747d6fbc7a695764f58e8de3ff41ee50a02e1dca33f621e,d3f2747e069f0bbc083d297e3bcb722e3684f77844a6983aae15aaf7295d3bd3,2026-09-30T18:02:25Z
SubmitPartialDecryption,117,0467d21c1adc5f6d1a2755e7b5d64ee278e38f40e1da4044557adbe5908ff569,440,dc85a26726646e8683555ccacd85474ad3efcdc62aa64d7bdaaced994c89e447,9fb4a131ee1250364747d6fbc7a695764f58e8de3ff41ee50a02e1dca33f621e,d3f2747e069f0bbc083d297e3bcb722e3684f77844a6983aae15aaf7295d3bd3,2026-09-30T18:02:25Z
SubmitPartialDecryption,113,ad757d30a3900a9f3fc6e6071985801f8c40d87947238749ea831d12a7ce73af,440,dc85a26726646e8683555ccacd85474ad3efcdc62aa64d7bdaaced994c89e447,9fb4a131ee1250364747d6fbc7a695764f58e8de3ff41ee50a02e1dca33f621e,d3f2747e069f0bbc083d297e3bcb722e3684f77844a6983aae15aaf7295d3bd3,2026-09-30T18:02:25Z
SubmitPartialDecryption,125,302b4796135defbe012c2047b07ee5c80c7f68b1cbd98371a588f501e891f73a,440,dc85a26726646e8683555ccacd85474ad3efcdc62aa64d7bdaaced994c89e447,9fb4a131ee1250364747d6fbc7a695764f58e8de3ff41ee50a02e1dca33f621e,d3f2747e069f0bbc083d297e3bcb722e3684f77844a6983aae15aaf7295d3bd3,2026-09-30T18:02:25Z
SubmitPartialDecryption,120,e23f19660495423e75bacdbda46f0391ed792a9935d2431f995cfe687786a1a9,440,dc85a26726646e8683555ccacd85474ad3efcdc62aa64d7bdaaced994c89e447,9fb4a131ee1250364747d6fbc7a695764f58e8de3ff41ee50a02e1dca33f621e,d3f2747e069f0bbc083d297e3bcb722e3684f77844a6983aae15aaf7295d3bd3,2026-09-30T18:02:25Z
SubmitPartialDecryption,132,8b054b58b90dc91941a8990069151d60cb04d6401023dc78c41ae50301f98ecc,441,fef7e04d1a205d5a5a6fda963907343c88dfeb78d187e5da460b3966dc5bc61d,aaf711696820668152b6165afcaecbd1793dd35019daae909830d72ee88f4bc6,dc85a26726646e8683555ccacd85474ad3efcdc62aa64d7bdaaced994c89e447,2026-09-30T18:02:27Z
SubmitPartialDecryption,141,a9724deb33bda4d6d69b4ebb4270db996c3fc764835c613fd52dc2294d3f6f2a,441,fef7e04d1a205d5a5a6fda963907343c88dfeb78d187e5da460b3966dc5bc61d,aaf711696820668152b6165afcaecbd1793dd35019daae909830d72ee88f4bc6,dc85a26726646e8683555ccacd85474ad3efcdc62aa64d7bdaaced994c89e447,2026-09-30T18:02:27Z
SubmitPartialDecryption,130,d5fbb99d4b32375c45132c219027b82fa0a645c16f8a3ec1af141e8637fd220f,441,fef7e04d1a205d5a5a6fda963907343c88dfeb78d187e5da460b3966dc5bc61d,aaf711696820668152b6165afcaecbd1793dd35019daae909830d72ee88f4bc6,dc85a26726646e8683555ccacd85474ad3efcdc62aa64d7bdaaced994c89e447,2026-09-30T18:02:27Z
SubmitPartialDecryption,129,0911e4aac38f31b3074714a84b2552f04da0597728be51802ec84186c5263fc1,441,fef7e04d1a205d5a5a6fda963907343c88dfeb78d187e5da460b3966dc5bc61d,aaf711696820668152b6165afcaecbd1793dd35019daae909830d72ee88f4bc6,dc85a26726646e8683555ccacd85474ad3efcdc62aa64d7bdaaced994c89e447,2026-09-30T18:02:27Z
SubmitPartialDecryption,133,cff0cf8f7427c323eb0ccc28688e13e24459aa31c563b7bb140aedfacde75f9b,441,fef7e04d1a205d5a5a6fda963907343c88dfeb78d187e5da460b3966dc5bc61d,aaf711696820668152b6165afcaecbd1793dd35019daae909830d72ee88f4bc6,dc85a26726646e8683555ccacd85474ad3efcdc62aa64d7bdaaced994c89e447,2026-09-30T18:02:27Z
SubmitPartialDecryption,140,8d0d01f3a04fd167ac7787c79babff9bb6af4348d02bc1f38576fff09ecf4e2b,441,fef7e04d1a205d5a5a6fda963907343c88dfeb78d187e5da460b3966dc5bc61d,aaf711696820668152b6165afcaecbd1793dd35019daae909830d72ee88f4bc6,dc85a26726646e8683555ccacd85474ad3efcdc62aa64d7bdaaced994c89e447,2026-09-30T18:02:27Z
SubmitPartialDecryption,136,52520f9444fd57cd577473de5a022ad329453918071bb45b107225510b139343,441,fef7e04d1a205d5a5a6fda963907343c88dfeb78d187e5da460b3966dc5bc61d,aaf711696820668152b6165afcaecbd1793dd35019daae909830d72ee88f4bc6,dc85a26726646e8683555ccacd85474ad3efcdc62aa64d7bdaaced994c89e447,2026-09-30T18:02:27Z
SubmitPartialDecryption,131,bf53a7e4e68fea6fa36684a3a9cdc9109bc60196e16b984125c04cef3c6842e1,441,fef7e04d1a205d5a5a6fda963907343c88dfeb78d187e5da460b3966dc5bc61d,aaf711696820668152b6165afcaecbd1793dd35019daae909830d72ee88f4bc6,dc85a26726646e8683555ccacd85474ad3efcdc62aa64d7bdaaced994c89e447,2026-09-30T18:02:27Z
SubmitPartialDecryption,135,4dd215f5e6bb0c6c30ec729aa0ba9f78eac399cc27b7d6baf1f357586591ecd7,441,fef7e04d1a205d5a5a6fda963907343c88dfeb78d187e5da460b3966dc5bc61d,aaf711696820668152b6165afcaecbd1793dd35019daae909830d72ee88f4bc6,dc85a26726646e8683555ccacd85474ad3efcdc62aa64d7bdaaced994c89e447,2026-09-30T18:02:27Z
SubmitPartialDecryption,142,3ffad011d5fed68d1af670499a2f7484dbe5d99ea87c6340494e064cf300a15c,441,fef7e04d1a205d5a5a6fda963907343c88dfeb78d187e5da460b3966dc5bc61d,aaf711696820668152b6165afcaecbd1793dd35019daae909830d72ee88f4bc6,dc85a26726646e8683555ccacd85474ad3efcdc62aa64d7bdaaced994c89e447,2026-09-30T18:02:27Z
SubmitPartialDecryption,137,cebe1afb56cb3403740287b6da971462cffecf0e16f6ca17e6293edc30d4cc6a,441,fef7e04d1a205d5a5a6fda963907343c88dfeb78d187e5da460b3966dc5bc61d,aaf711696820668152b6165afcaecbd1793dd35019daae909830d72ee88f4bc6,dc85a26726646e8683555ccacd85474ad3efcdc62aa64d7bdaaced994c89e447,2026-09-30T18:02:27Z
SubmitPartialDecryption,134,55890569251bf909a2cd3b556de0c9467dd5aef5bd5447b2ab2bcc042a5cfc78,441,fef7e04d1a205d5a5a6fda963907343c88dfeb78d187e5da460b3966dc5bc61d,aaf711696820668152b6165afcaecbd1793dd35019daae909830d72ee88f4bc6,dc85a26726646e8683555ccacd85474ad3efcdc62aa64d7bdaaced994c89e447,2026-09-30T18:02:27Z
SubmitPartialDecryption,128,a3477727347a54a99ef1f2d522ba57455499585ef089f9c8d8db49ffce6a676f,441,fef7e04d1a205d5a5a6fda963907343c88dfeb78d187e5da460b3966dc5bc61d,aaf711696820668152b6165afcaecbd1793dd35019daae909830d72ee88f4bc6,dc85a26726646e8683555ccacd85474ad3efcdc62aa64d7bdaaced994c89e447,2026-09-30T18:02:27Z
SubmitPartialDecryption,138,2fa1468423ee30845c90b7a9d26ad08a5c5d333a2c00dde71de84c836b1234fd,441,fef7e04d1a205d5a5a6fda963907343c88dfeb78d187e5da460b3966dc5bc61d,aaf711696820668152b6165afcaecbd1793dd35019daae909830d72ee88f4bc6,dc85a26726646e8683555ccacd85474ad3efcdc62aa64d7bdaaced994c89e447,2026-09-30T18:02:27Z
SubmitPartialDecryption,143,e6608ef115fa5fc756c025876fd8df7311b4e839f74c3bf20f4f86cabba510db,441,fef7e04d1a205d5a5a6fda963907343c88dfeb78d187e5da460b3966dc5bc61d,aaf711696820668152b6165afcaecbd1793dd35019daae909830d72ee88f4bc6,dc85a26726646e8683555ccacd85474ad3efcdc62aa64d7bdaaced994c89e447,2026-09-30T18:02:27Z
SubmitPartialDecryption,139,1bbed880b87a69dde8919edca8c3a83d471efcf684db4e24cdb1473b66e3c5fc,441,fef7e04d1a205d5a5a6fda963907343c88dfeb78d187e5da460b3966dc5bc61d,aaf711696820668152b6165afcaecbd1793dd35019daae909830d72ee88f4bc6,dc85a26726646e8683555ccacd85474ad3efcdc62aa64d7bdaaced994c89e447,2026-09-30T18:02:27Z
SubmitPartialDecryption,150,e447c3260919c51db33d593f482604aaab435b74ea6c6679c452b3cda58bdc21,442,fe3c61aacb73685af46089cff5b615a722e883fabcc753bd1fc3be6929543938,20efc6fcb79d0a68163ba5d58992003a80a0dabe88cced04faf10c0515d43422,fef7e04d1a205d5a5a6fda963907343c88dfeb78d187e5da460b3966dc5bc61d,2026-09-30T18:02:29Z
SubmitPartialDecryption,157,f590967b13b4475315cd5e07db8ab20ea35be35c87e9f9494d08f9073995cc6f,442,fe3c61aacb73685af46089cff5b615a722e883fabcc753bd1fc3be6929543938,20efc6fcb79d0a68163ba5d58992003a80a0dabe88cced04faf10c0515d43422,fef7e04d1a205d5a5a6fda963907343c88dfeb78d187e5da460b3966dc5bc61d,2026-09-30T18:02:29Z
SubmitPartialDecryption,153,ca8582bca14754e42933141782f72e7972cf33c7aeac06c010f7c96d82d4a550,442,fe3c61aacb73685af46089cff5b615a722e883fabcc753bd1fc3be6929543938,20efc6fcb79d0a68163ba5d58992003a80a0dabe88cced04faf10c0515d43422,fef7e04d1a205d5a5a6fda963907343c88dfeb78d187e5da460b3966dc5bc61d,2026-09-30T18:02:29Z
SubmitPartialDecryption,151,42f8fd69815807e2e2bac476d7ce6aeb1673d1f38a465928dfe1ab4110ffdae4,442,fe3c61aacb73685af46089cff5b615a722e883fabcc753bd1fc3be6929543938,20efc6fcb79d0a68163ba5d58992003a80a0dabe88cced04faf10c0515d43422,fef7e04d1a205d5a5a6fda963907343c88dfeb78d187e5da460b3966dc5bc61d,2026-09-30T18:02:29Z
SubmitPartialDecryption,154,6d332e300e54baa2eb59bc8c017ff4146e205134455e0aa6a014dfbc3381daae,442,fe3c61aacb73685af46089cff5b615a722e883fabcc753bd1fc3be6929543938,20efc6fcb79d0a68163ba5d58992003a80a0dabe88cced04faf10c0515d43422,fef7e04d1a205d5a5a6fda963907343c88dfeb78d187e5da460b3966dc5bc61d,2026-09-30T18:02:29Z
SubmitPartialDecryption,155,31b7323af490f86fcff3ec20fd85250c5b33a84473f0d6e6760486e965dd847f,442,fe3c61aacb73685af46089cff5b615a722e883fabcc753bd1fc3be6929543938,20efc6fcb79d0a68163ba5d58992003a80a0dabe88cced04faf10c0515d43422,fef7e04d1a205d5a5a6fda963907343c88dfeb78d187e5da460b3966dc5bc61d,2026-09-30T18:02:29Z
SubmitPartialDecryption,152,29f9507cabbea06daa26262506dd1aefb3c6d659c47a6744b1508a111ee3f36e,442,fe3c61aacb73685af46089cff5b615a722e883fabcc753bd1fc3be6929543938,20efc6fcb79d0a68163ba5d58992003a80a0dabe88cced04faf10c0515d43422,fef7e04d1a205d5a5a6fda963907343c88dfeb78d187e5da460b3966dc5bc61d,2026-09-30T18:02:29Z
SubmitPartialDecryption,147,bb31f817a6b17ff6d0e6fed1cffe29327921cfbb7b3528c54fa280623a5f0ba9,442,fe3c61aacb73685af46089cff5b615a722e883fabcc753bd1fc3be6929543938,20efc6fcb79d0a68163ba5d58992003a80a0dabe88cced04faf10c0515d43422,fef7e04d1a205d5a5a6fda963907343c88dfeb78d187e5da460b3966dc5bc61d,2026-09-30T18:02:29Z
SubmitPartialDecryption,148,7a4d8ad496e3258668d0197393d7c70d2a5ba3c201cd51883e073f362109b3e1,442,fe3c61aacb73685af46089cff5b615a722e883fabcc753bd1fc3be6929543938,20efc6fcb79d0a68163ba5d58992003a80a0dabe88cced04faf10c0515d43422,fef7e04d1a205d5a5a6fda963907343c88dfeb78d187e5da460b3966dc5bc61d,2026-09-30T18:02:29Z
SubmitPartialDecryption,156,8807aa3ccc3e7320718e1fb750579803af3e99d4c9fd66250fc4f064f42e0ad1,442,fe3c61aacb73685af46089cff5b615a722e883fabcc753bd1fc3be6929543938,20efc6fcb79d0a68163ba5d58992003a80a0dabe88cced04faf10c0515d43422,fef7e04d1a205d5a5a6fda963907343c88dfeb78d187e5da460b3966dc5bc61d,2026-09-30T18:02:29Z
SubmitPartialDecryption,149,0580c5103db32616f9494c7cff54bdc65ba5c34b72b4e855c98deccdfd230623,442,fe3c61aacb73685af46089cff5b615a722e883fabcc753bd1fc3be6929543938,20efc6fcb79d0a68163ba5d58992003a80a0dabe88cced04faf10c0515d43422,fef7e04d1a205d5a5a6fda963907343c88dfeb78d187e5da460b3966dc5bc61d,2026-09-30T18:02:29Z
SubmitPartialDecryption,144,a5e01623d286e87b7fd47997edc4e4a3dbb2f9ce3bb040fa74ff168fb56ae7dc,442,fe3c61aacb73685af46089cff5b615a722e883fabcc753bd1fc3be6929543938,20efc6fcb79d0a68163ba5d58992003a80a0dabe88cced04faf10c0515d43422,fef7e04d1a205d5a5a6fda963907343c88dfeb78d187e5da460b3966dc5bc61d,2026-09-30T18:02:29Z
SubmitPartialDecryption,146,538c3e657e9daa9a0309382e3af870a2f445dbb32346f662f5e23f1afdcb4837,442,fe3c61aacb73685af46089cff5b615a722e883fabcc753bd1fc3be6929543938,20efc6fcb79d0a68163ba5d58992003a80a0dabe88cced04faf10c0515d43422,fef7e04d1a205d5a5a6fda963907343c88dfeb78d187e5da460b3966dc5bc61d,2026-09-30T18:02:29Z
SubmitPartialDecryption,145,51d8cfe38b34db4e9f1eb05b6f1cc039ec6cd47620ef9160840040eca5000d99,442,fe3c61aacb73685af46089cff5b615a722e883fabcc753bd1fc3be6929543938,20efc6fcb79d0a68163ba5d58992003a80a0dabe88cced04faf10c0515d43422,fef7e04d1a205d5a5a6fda963907343c88dfeb78d187e5da460b3966dc5bc61d,2026-09-30T18:02:29Z
SubmitPartialDecryption,158,9bb5443cef20413fa173e8798e6a7c17df607dceecbf665a5614b6b868f9c8c1,442,fe3c61aacb73685af46089cff5b615a722e883fabcc753bd1fc3be6929543938,20efc6fcb79d0a68163ba5d58992003a80a0dabe88cced04faf10c0515d43422,fef7e04d1a205d5a5a6fda963907343c88dfeb78d187e5da460b3966dc5bc61d,2026-09-30T18:02:29Z
SubmitPartialDecryption,159,9ccdd119b42b11f9b36540643d1fa56d2c96d255e3db6fb05d7561d0da2c0169,442,fe3c61aacb73685af46089cff5b615a722e883fabcc753bd1fc3be6929543938,20efc6fcb79d0a68163ba5d58992003a80a0dabe88cced04faf10c0515d43422,fef7e04d1a205d5a5a6fda963907343c88dfeb78d187e5da460b3966dc5bc61d,2026-09-30T18:02:29Z
SubmitPartialDecryption,168,52ea15b3fc74aec5e105c5cba354e22975bce835c24d98c87f1fe9f1e3b4f76c,443,c85c2f615a6ce31fba82efb6358d089be61b675cd347d5ce8580b6f218b0ef9e,23eebabc07b0adccd19607c2069e67fd4c1e504e6fada5b87d57f8f8d6f5a72b,fe3c61aacb73685af46089cff5b615a722e883fabcc753bd1fc3be6929543938,2026-09-30T18:02:31Z
SubmitPartialDecryption,161,532c2253d3888bdb646bcb85028b45ccd85b9edf2b09e7f19319906f30ef5c41,443,c85c2f615a6ce31fba82efb6358d089be61b675cd347d5ce8580b6f218b0ef9e,23eebabc07b0adccd19607c2069e67fd4c1e504e6fada5b87d57f8f8d6f5a72b,fe3c61aacb73685af46089cff5b615a722e883fabcc753bd1fc3be6929543938,2026-09-30T18:02:31Z
SubmitPartialDecryption,162,cbb84148c2fc4d788b4e2dc80a9662c5c5e57233bc03a3e3885609502403a724,443,c85c2f615a6ce31fba82efb6358d089be61b675cd347d5ce8580b6f218b0ef9e,23eebabc07b0adccd19607c2069e67fd4c1e504e6fada5b87d57f8f8d6f5a72b,fe3c61aacb73685af46089cff5b615a722e883fabcc753bd1fc3be6929543938,2026-09-30T18:02:31Z
SubmitPartialDecryption,171,75b09c9c263b1f11070cfeeadb18822370c317124f34a74cb16cb6f8aa131af0,443,c85c2f615a6ce31fba82efb6358d089be61b675cd347d5ce8580b6f218b0ef9e,23eebabc07b0adccd19607c2069e67fd4c1e504e6fada5b87d57f8f8d6f5a72b,fe3c61aacb73685af46089cff5b615a722e883fabcc753bd1fc3be6929543938,2026-09-30T18:02:31Z
SubmitPartialDecryption,167,4a194297e2ce0fa084b33d0e81f317ad970cfd936c4284fb4335d04e31a29e0e,443,c85c2f615a6ce31fba82efb6358d089be61b675cd347d5ce8580b6f218b0ef9e,23eebabc07b0adccd19607c2069e67fd4c1e504e6fada5b87d57f8f8d6f5a72b,fe3c61aacb73685af46089cff5b615a722e883fabcc753bd1fc3be6929543938,2026-09-30T18:02:31Z
SubmitPartialDecryption,170,d69be7cd45725e9a25cec9768c6743a7ce6890ff1cf08346bedf1ad944880a2c,443,c85c2f615a6ce31fba82efb6358d089be61b675cd347d5ce8580b6f218b0ef9e,23eebabc07b0adccd19607c2069e67fd4c1e504e6fada5b87d57f8f8d6f5a72b,fe3c61aacb73685af46089cff5b615a722e883fabcc753bd1fc3be6929543938,2026-09-30T18:02:31Z
SubmitPartialDecryption,165,d8ee5442c7cfdf3800b0d40001feb22478b6fde9880710ac6c384dbb30175dbb,443,c85c2f615a6ce31fba82efb6358d089be61b675cd347d5ce8580b6f218b0ef9e,23eebabc07b0adccd19607c2069e67fd4c1e504e6fada5b87d57f8f8d6f5a72b,fe3c61aacb73685af46089cff5b615a722e883fabcc753bd1fc3be6929543938,2026-09-30T18:02:31Z
SubmitPartialDecryption,174,b3e805c9190a7f64171fadaa7da62d6618b56038d607fdd06f339a8c57487508,443,c85c2f615a6ce31fba82efb6358d089be61b675cd347d5ce8580b6f218b0ef9e,23eebabc07b0adccd19607c2069e67fd4c1e504e6fada5b87d57f8f8d6f5a72b,fe3c61aacb73685af46089cff5b615a722e883fabcc753bd1fc3be6929543938,2026-09-30T18:02:31Z
SubmitPartialDecryption,169,5efbffc84bb464e112392d2fa19546b140f300a83765e1882ddfac2b2ac2b265,443,c85c2f615a6ce31fba82efb6358d089be61b675cd347d5ce8580b6f218b0ef9e,23eebabc07b0adccd19607c2069e67fd4c1e504e6fada5b87d57f8f8d6f5a72b,fe3c61aacb73685af46089cff5b615a722e883fabcc753bd1fc3be6929543938,2026-09-30T18:02:31Z
SubmitPartialDecryption,175,dd808460ddef79d8f849ad13b0f587ba374a18d1ff971fe1a84ec6fe63c4dee3,443,c85c2f615a6ce31fba82efb6358d089be61b675cd347d5ce8580b6f218b0ef9e,23eebabc07b0adccd19607c2069e67fd4c1e504e6fada5b87d57f8f8d6f5a72b,fe3c61aacb73685af46089cff5b615a722e883fabcc753bd1fc3be6929543938,2026-09-30T18:02:31Z
SubmitPartialDecryption,173,d46f7c738212e9d5fb2eb041998f215b6e8366c560b266dba9d218582e0a5f90,443,c85c2f615a6ce31fba82efb6358d089be61b675cd347d5ce8580b6f218b0ef9e,23eebabc07b0adccd19607c2069e67fd4c1e504e6fada5b87d57f8f8d6f5a72b,fe3c61aacb73685af46089cff5b615a722e883fabcc753bd1fc3be6929543938,2026-09-30T18:02:31Z
SubmitPartialDecryption,164,3bcc35bf8894420bb50f7c2dacce2507d5d99e590c0ac60e280cb2f9ff665298,443,c85c2f615a6ce31fba82efb6358d089be61b675cd347d5ce8580b6f218b0ef9e,23eebabc07b0adccd19607c2069e67fd4c1e504e6fada5b87d57f8f8d6f5a72b,fe3c61aacb73685af46089cff5b615a722e883fabcc753bd1fc3be6929543938,2026-09-30T18:02:31Z
SubmitPartialDecryption,166,9d60298282d4645c5c47460423e53471859d59462e4cc74f95cfc45b50e3c4ce,443,c85c2f615a6ce31fba82efb6358d089be61b675cd347d5ce8580b6f218b0ef9e,23eebabc07b0adccd19607c2069e67fd4c1e504e6fada5b87d57f8f8d6f5a72b,fe3c61aacb73685af46089cff5b615a722e883fabcc753bd1fc3be6929543938,2026-09-30T18:02:31Z
SubmitPartialDecryption,163,986596d6fd3164f04bd42736f7e162ff8f62d73378924e6c7292b88f0edf89c5,443,c85c2f615a6ce31fba82efb6358d089be61b675cd347d5ce8580b6f218b0ef9e,23eebabc07b0adccd19607c2069e67fd4c1e504e6fada5b87d57f8f8d6f5a72b,fe3c61aacb73685af46089cff5b615a722e883fabcc753bd1fc3be6929543938,2026-09-30T18:02:31Z
SubmitPartialDecryption,172,827cd959c3277ced63ca25b593dae634688c09d4e42ecd6de42f21fbac1ce04f,443,c85c2f615a6ce31fba82efb6358d089be61b675cd347d5ce8580b6f218b0ef9e,23eebabc07b0adccd19607c2069e67fd4c1e504e6fada5b87d57f8f8d6f5a72b,fe3c61aacb73685af46089cff5b615a722e883fabcc753bd1fc3be6929543938,2026-09-30T18:02:31Z
SubmitPartialDecryption,160,1769e7ea3076227cee48af0514516ed72439cd36e05176e97a832dfa3b567afd,443,c85c2f615a6ce31fba82efb6358d089be61b675cd347d5ce8580b6f218b0ef9e,23eebabc07b0adccd19607c2069e67fd4c1e504e6fada5b87d57f8f8d6f5a72b,fe3c61aacb73685af46089cff5b615a722e883fabcc753bd1fc3be6929543938,2026-09-30T18:02:31Z
SubmitPartialDecryption,178,fd510a4b622cc8bae8e12909d6fdbc82decfd58fa2d539a2cecd9f8dec0852e5,444,c8cb8e9f75c053dc1bb13139e708d4cec473833f331633f5c7cc4c94cf748979,b6007aa4a969ca76557e4673c412ce984b1c219afd71bef3fd8ba658663890d6,c85c2f615a6ce31fba82efb6358d089be61b675cd347d5ce8580b6f218b0ef9e,2026-09-30T18:02:33Z
SubmitPartialDecryption,187,ca94b4b74a317f71c7a3b4d90d626b191ea763f778f01589e652bc79f90d444b,444,c8cb8e9f75c053dc1bb13139e708d4cec473833f331633f5c7cc4c94cf748979,b6007aa4a969ca76557e4673c412ce984b1c219afd71bef3fd8ba658663890d6,c85c2f615a6ce31fba82efb6358d089be61b675cd347d5ce8580b6f218b0ef9e,2026-09-30T18:02:33Z
SubmitPartialDecryption,188,5ad867ac7397735dbca091063b73a407d0dcba90449a35fd97c687833f9c9377,444,c8cb8e9f75c053dc1bb13139e708d4cec473833f331633f5c7cc4c94cf748979,b6007aa4a969ca76557e4673c412ce984b1c219afd71bef3fd8ba658663890d6,c85c2f615a6ce31fba82efb6358d089be61b675cd347d5ce8580b6f218b0ef9e,2026-09-30T18:02:33Z
SubmitPartialDecryption,182,a2647cbeea4b277a09de495c3df991fc5cd121fcf8e56350d618d0a7ee6a4b92,444,c8cb8e9f75c053dc1bb13139e708d4cec473833f331633f5c7cc4c94cf748979,b6007aa4a969ca76557e4673c412ce984b1c219afd71bef3fd8ba658663890d6,c85c2f615a6ce31fba82efb6358d089be61b675cd347d5ce8580b6f218b0ef9e,2026-09-30T18:02:33Z
SubmitPartialDecryption,179,3b362fd0d2a608fab696476e042f82b820b63c0af5ef670cc01ef1178fe74ba7,444,c8cb8e9f75c053dc1bb13139e708d4cec473833f331633f5c7cc4c94cf748979,b6007aa4a969ca76557e4673c412ce984b1c219afd71bef3fd8ba658663890d6,c85c2f615a6ce31fba82efb6358d089be61b675cd347d5ce8580b6f218b0ef9e,2026-09-30T18:02:33Z
SubmitPartialDecryption,190,3911ee35a28ba97d14f995fe6fdb2de48753d37129166e239f98d56a7c8374e6,444,c8cb8e9f75c053dc1bb13139e708d4cec473833f331633f5c7cc4c94cf748979,b6007aa4a969ca76557e4673c412ce984b1c219afd71bef3fd8ba658663890d6,c85c2f615a6ce31fba82efb6358d089be61b675cd347d5ce8580b6f218b0ef9e,2026-09-30T18:02:33Z
SubmitPartialDecryption,186,2af72ce44fb8eac58cf981c1ae31fc203956f2c1c5d2b80b8b353086f0938346,444,c8cb8e9f75c053dc1bb13139e708d4cec473833f331633f5c7cc4c94cf748979,b6007aa4a969ca76557e4673c412ce984b1c219afd71bef3fd8ba658663890d6,c85c2f615a6ce31fba82efb6358d089be61b675cd347d5ce8580b6f218b0ef9e,2026-09-30T18:02:33Z
SubmitPartialDecryption,184,e54957ab386a0ec95dc6e902d62fead6fe8988ff55683e9ba72fff02e231633e,444,c8cb8e9f75c053dc1bb13139e708d4cec473833f331633f5c7cc4c94cf748979,b6007aa4a969ca76557e4673c412ce984b1c219afd71bef3fd8ba658663890d6,c85c2f615a6ce31fba82efb6358d089be61b675cd347d5ce8580b6f218b0ef9e,2026-09-30T18:02:33Z
SubmitPartialDecryption,176,a72a73caf5c62cf88d730a0a7e9f2b6de0a9f5f840ecfffbbc91cda74d7a3de4,444,c8cb8e9f75c053dc1bb13139e708d4cec473833f331633f5c7cc4c94cf748979,b6007aa4a969ca76557e4673c412ce984b1c219afd71bef3fd8ba658663890d6,c85c2f615a6ce31fba82efb6358d089be61b675cd347d5ce8580b6f218b0ef9e,2026-09-30T18:02:33Z
SubmitPartialDecryption,185,9dc046e76056a896812857e47536a0d40b4588813a77d860652e88c030b57f8e,444,c8cb8e9f75c053dc1bb13139e708d4cec473833f331633f5c7cc4c94cf748979,b6007aa4a969ca76557e4673c412ce984b1c219afd71bef3fd8ba658663890d6,c85c2f615a6ce31fba82efb6358d089be61b675cd347d5ce8580b6f218b0ef9e,2026-09-30T18:02:33Z
SubmitPartialDecryption,177,954ac51f383bb1e77015aba0648bfbfd0bdfe4fb471551ad0e831493a5757916,444,c8cb8e9f75c053dc1bb13139e708d4cec473833f331633f5c7cc4c94cf748979,b6007aa4a969ca76557e4673c412ce984b1c219afd71bef3fd8ba658663890d6,c85c2f615a6ce31fba82efb6358d089be61b675cd347d5ce8580b6f218b0ef9e,2026-09-30T18:02:33Z
SubmitPartialDecryption,189,cc5952f22b28dad10b12b01da96123f9aa3e4760c9b4db21867617d589c9a2f2,444,c8cb8e9f75c053dc1bb13139e708d4cec473833f331633f5c7cc4c94cf748979,b6007aa4a969ca76557e4673c412ce984b1c219afd71bef3fd8ba658663890d6,c85c2f615a6ce31fba82efb6358d089be61b675cd347d5ce8580b6f218b0ef9e,2026-09-30T18:02:33Z
SubmitPartialDecryption,191,cf2097b32e142a25bbb6d913f2aae43269dd3351c92984aaf12e560d3b9ef914,444,c8cb8e9f75c053dc1bb13139e708d4cec473833f331633f5c7cc4c94cf748979,b6007aa4a969ca76557e4673c412ce984b1c219afd71bef3fd8ba658663890d6,c85c2f615a6ce31fba82efb6358d089be61b675cd347d5ce8580b6f218b0ef9e,2026-09-30T18:02:33Z
SubmitPartialDecryption,183,c0bd4714cf7a9868eb2c6f1b11b957dce5f38a53c02c416435cdc165c62791cf,444,c8cb8e9f75c053dc1bb13139e708d4cec473833f331633f5c7cc4c94cf748979,b6007aa4a969ca76557e4673c412ce984b1c219afd71bef3fd8ba658663890d6,c85c2f615a6ce31fba82efb6358d089be61b675cd347d5ce8580b6f218b0ef9e,2026-09-30T18:02:33Z
SubmitPartialDecryption,181,21eef5503ba9e6375ec562c97dce1d610f48c32ac88813ae9f3ad6eb4e4a2318,444,c8cb8e9f75c053dc1bb13139e708d4cec473833f331633f5c7cc4c94cf748979,b6007aa4a969ca76557e4673c412ce984b1c219afd71bef3fd8ba658663890d6,c85c2f615a6ce31fba82efb6358d089be61b675cd347d5ce8580b6f218b0ef9e,2026-09-30T18:02:33Z
SubmitPartialDecryption,180,4c74e018c6643936575687960f766ce8a6e8b4be355cf12793679750dd1c359a,444,c8cb8e9f75c053dc1bb13139e708d4cec473833f331633f5c7cc4c94cf748979,b6007aa4a969ca76557e4673c412ce984b1c219afd71bef3fd8ba658663890d6,c85c2f615a6ce31fba82efb6358d089be61b675cd347d5ce8580b6f218b0ef9e,2026-09-30T18:02:33Z
SubmitPartialDecryption,206,cd172aa7a9bd283ae6321ee1f35b20029633f0d978423b3af86d585d21c8f5be,445,f9c443275cb5e4b3ef56dc036c580e0e827cdbcd668ae918af740b7fb8520368,f163d47e6fb24a5a09a9bdda4e8ab48c8caed68bd4a7557100055f7d1e164daa,c8cb8e9f75c053dc1bb13139e708d4cec473833f331633f5c7cc4c94cf748979,2026-09-30T18:02:35Z
SubmitPartialDecryption,200,8d97eb74a81e2c754ed91a39ba6bfef67e3fb7ac89c85ab8e8775fbbad879e31,445,f9c443275cb5e4b3ef56dc036c580e0e827cdbcd668ae918af740b7fb8520368,f163d47e6fb24a5a09a9bdda4e8ab48c8caed68bd4a7557100055f7d1e164daa,c8cb8e9f75c053dc1bb13139e708d4cec473833f331633f5c7cc4c94cf748979,2026-09-30T18:02:35Z
SubmitPartialDecryption,199,3291bbde9692ac4f2169b5503bdcf5f4e9b3aa6c6c28392d9153f04123b3d1f4,445,f9c443275cb5e4b3ef56dc036c580e0e827cdbcd668ae918af740b7fb8520368,f163d47e6fb24a5a09a9bdda4e8ab48c8caed68bd4a7557100055f7d1e164daa,c8cb8e9f75c053dc1bb13139e708d4cec473833f331633f5c7cc4c94cf748979,2026-09-30T18:02:35Z
SubmitPartialDecryption,201,50387e2731abe182bc840d66e86633817666c5d5e264c9f4d285438665f38134,445,f9c443275cb5e4b3ef56dc036c580e0e827cdbcd668ae918af740b7fb8520368,f163d47e6fb24a5a09a9bdda4e8ab48c8caed68bd4a7557100055f7d1e164daa,c8cb8e9f75c053dc1bb13139e708d4cec473833f331633f5c7cc4c94cf748979,2026-09-30T18:02:35Z
SubmitPartialDecryption,202,6f3d2f0dbd71729fcb1a80d712e11322826fe14b0cd4c71f1b34ee056bbace1b,445,f9c443275cb5e4b3ef56dc036c580e0e827cdbcd668ae918af740b7fb8520368,f163d47e6fb24a5a09a9bdda4e8ab48c8caed68bd4a7557100055f7d1e164daa,c8cb8e9f75c053dc1bb13139e708d4cec473833f331633f5c7cc4c94cf748979,2026-09-30T18:02:35Z
SubmitPartialDecryption,205,d0ee9b7ddde69473fd5128a75d8d974dff50ad00fda45b821262bc36b80c872c,445,f9c443275cb5e4b3ef56dc036c580e0e827cdbcd668ae918af740b7fb8520368,f163d47e6fb24a5a09a9bdda4e8ab48c8caed68bd4a7557100055f7d1e164daa,c8cb8e9f75c053dc1bb13139e708d4cec473833f331633f5c7cc4c94cf748979,2026-09-30T18:02:35Z
SubmitPartialDecryption,194,ac4416d9ccdac5a08b902c7090d35b77c59894aaed447c4d47a3111bc492cdd9,445,f9c443275cb5e4b3ef56dc036c580e0e827cdbcd668ae918af740b7fb8520368,f163d47e6fb24a5a09a9bdda4e8ab48c8caed68bd4a7557100055f7d1e164daa,c8cb8e9f75c053dc1bb13139e708d4cec473833f331633f5c7cc4c94cf748979,2026-09-30T18:02:35Z
SubmitPartialDecryption,195,ceae3caba903f80775c3c792bdc684897204a0e44f352851e4a2c0cf30051d75,445,f9c443275cb5e4b3ef56dc036c580e0e827cdbcd668ae918af740b7fb8520368,f163d47e6fb24a5a09a9bdda4e8ab48c8caed68bd4a7557100055f7d1e164daa,c8cb8e9f75c053dc1bb13139e708d4cec473833f331633f5c7cc4c94cf748979,2026-09-30T18:02:35Z
SubmitPartialDecryption,193,a3e6c61f5a005e6f0e4de4b2e13954da3593d0cac07e5e1a7feab357754bc4db,445,f9c443275cb5e4b3ef56dc036c580e0e827cdbcd668ae918af740b7fb8520368,f163d47e6fb24a5a09a9bdda4e8ab48c8caed68bd4a7557100055f7d1e164daa,c8cb8e9f75c053dc1bb13139e708d4cec473833f331633f5c7cc4c94cf748979,2026-09-30T18:02:35Z
SubmitPartialDecryption,197,14b3aac2814246a99932ed7b6319d6a25e1c9d58ad3a4b3a351c88406a18d09a,445,f9c443275cb5e4b3ef56dc036c580e0e827cdbcd668ae918af740b7fb8520368,f163d47e6fb24a5a09a9bdda4e8ab48c8caed68bd4a7557100055f7d1e164daa,c8cb8e9f75c053dc1bb13139e708d4cec473833f331633f5c7cc4c94cf748979,2026-09-30T18:02:35Z
SubmitPartialDecryption,196,aa2198607297417e6cb92f85acd915adc6d096e5eef23fe9f20cf5e1ed6e4d6b,445,f9c443275cb5e4b3ef56dc036c580e0e827cdbcd668ae918af740b7fb8520368,f163d47e6fb24a5a09a9bdda4e8ab48c8caed68bd4a7557100055f7d1e164daa,c8cb8e9f75c053dc1bb13139e708d4cec473833f331633f5c7cc4c94cf748979,2026-09-30T18:02:35Z
SubmitPartialDecryption,192,4268585062518a1ce0e0448dad76dc613f1237d2d49e2dd5ba4e23b643516406,445,f9c443275cb5e4b3ef56dc036c580e0e827cdbcd668ae918af740b7fb8520368,f163d47e6fb24a5a09a9bdda4e8ab48c8caed68bd4a7557100055f7d1e164daa,c8cb8e9f75c053dc1bb13139e708d4cec473833f331633f5c7cc4c94cf748979,2026-09-30T18:02:35Z
SubmitPartialDecryption,198,060fbc2a77d3515a7bed60c3b0726cba989ff573a5f1fa65879ba41e26ac071e,445,f9c443275cb5e4b3ef56dc036c580e0e827cdbcd668ae918af740b7fb8520368,f163d47e6fb24a5a09a9bdda4e8ab48c8caed68bd4a7557100055f7d1e164daa,c8cb8e9f75c053dc1bb13139e708d4cec473833f331633f5c7cc4c94cf748979,2026-09-30T18:02:35Z
SubmitPartialDecryption,204,4f7a9167f52789280bfb1b316ecdc651911e595322974496091d7e501f099500,445,f9c443275cb5e4b3ef56dc036c580e0e827cdbcd668ae918af740b7fb8520368,f163d47e6fb24a5a09a9bdda4e8ab48c8caed68bd4a7557100055f7d1e164daa,c8cb8e9f75c053dc1bb13139e708d4cec473833f331633f5c7cc4c94cf748979,2026-09-30T18:02:35Z
SubmitPartialDecryption,203,fe7a3970179b2e826526abf533e43b0cab131a90d5cb2bd3d105e86983666fc7,445,f9c443275cb5e4b3ef56dc036c580e0e827cdbcd668ae918af740b7fb8520368,f163d47e6fb24a5a09a9bdda4e8ab48c8caed68bd4a7557100055f7d1e164daa,c8cb8e9f75c053dc1bb13139e708d4cec473833f331633f5c7cc4c94cf748979,2026-09-30T18:02:35Z
SubmitPartialDecryption,207,f2b3337bc8e9d6ec503d7dcbbf8a075f4a09b92f483a53fe550bc94391ed59c2,445,f9c443275cb5e4b3ef56dc036c580e0e827cdbcd668ae918af740b7fb8520368,f163d47e6fb24a5a09a9bdda4e8ab48c8caed68bd4a7557100055f7d1e164daa,c8cb8e9f75c053dc1bb13139e708d4cec473833f331633f5c7cc4c94cf748979,2026-09-30T18:02:35Z
SubmitPartialDecryption,218,3003293157cbbff25f6fbb3db36a7efb790c065e80d4e02610be885ea8c6b8b3,446,79ad8d42a97a6afcf82bf66ff63462d97c222031397d286f3ee7afc6f7af58e1,0da1a56bfbcd01b537b7753067822d6f09b2d9c5661e6536e5d3fcfae2ebe42f,f9c443275cb5e4b3ef56dc036c580e0e827cdbcd668ae918af740b7fb8520368,2026-09-30T18:02:37Z
SubmitPartialDecryption,209,e7412e583945d7057ae0fe596313d463426d9ce964e8bc1e87a1e6c34ea56149,446,79ad8d42a97a6afcf82bf66ff63462d97c222031397d286f3ee7afc6f7af58e1,0da1a56bfbcd01b537b7753067822d6f09b2d9c5661e6536e5d3fcfae2ebe42f,f9c443275cb5e4b3ef56dc036c580e0e827cdbcd668ae918af740b7fb8520368,2026-09-30T18:02:37Z
SubmitPartialDecryption,222,1c3102b309ac7545119096ffc6d1e2c8458ea2ab959b5fde73f9d9e93bb78722,446,79ad8d42a97a6afcf82bf66ff63462d97c222031397d286f3ee7afc6f7af58e1,0da1a56bfbcd01b537b7753067822d6f09b2d9c5661e6536e5d3fcfae2ebe42f,f9c443275cb5e4b3ef56dc036c580e0e827cdbcd668ae918af740b7fb8520368,2026-09-30T18:02:37Z
SubmitPartialDecryption,221,e1631129ed292bf60f83d67d7363a1ff9a4d1d1458309b04f84360ac4c139c78,446,79ad8d42a97a6afcf82bf66ff63462d97c222031397d286f3ee7afc6f7af58e1,0da1a56bfbcd01b537b7753067822d6f09b2d9c5661e6536e5d3fcfae2ebe42f,f9c443275cb5e4b3ef56dc036c580e0e827cdbcd668ae918af740b7fb8520368,2026-09-30T18:02:37Z
SubmitPartialDecryption,223,b6438993450379e6549ad7d610774e656bdce7127bec2b0f38b62e9b5cd13c56,446,79ad8d42a97a6afcf82bf66ff63462d97c222031397d286f3ee7afc6f7af58e1,0da1a56bfbcd01b537b7753067822d6f09b2d9c5661e6536e5d3fcfae2ebe42f,f9c443275cb5e4b3ef56dc036c580e0e827cdbcd668ae918af740b7fb8520368,2026-09-30T18:02:37Z
SubmitPartialDecryption,210,16386bb8f7c0df19125fd0f6d442aa0319c69fb8f832f26c377e1d298ea60c90,446,79ad8d42a97a6afcf82bf66ff63462d97c222031397d286f3ee7afc6f7af58e1,0da1a56bfbcd01b537b7753067822d6f09b2d9c5661e6536e5d3fcfae2ebe42f,f9c443275cb5e4b3ef56dc036c580e0e827cdbcd668ae918af740b7fb8520368,2026-09-30T18:02:37Z
SubmitPartialDecryption,215,8b9d475cc389b59be60e5b0097eae01dfb573201d4ff643f1b729a315d2d6fca,446,79ad8d42a97a6afcf82bf66ff63462d97c222031397d286f3ee7afc6f7af58e1,0da1a56bfbcd01b537b7753067822d6f09b2d9c5661e6536e5d3fcfae2ebe42f,f9c443275cb5e4b3ef56dc036c580e0e827cdbcd668ae918af740b7fb8520368,2026-09-30T18:02:37Z
SubmitPartialDecryption,212,692ab4b9b6a81edb47c8c2008f58994435be047a4ed36d14586850e2ae664cae,446,79ad8d42a97a6afcf82bf66ff63462d97c222031397d286f3ee7afc6f7af58e1,0da1a56bfbcd01b537b7753067822d6f09b2d9c5661e6536e5d3fcfae2ebe42f,f9c443275cb5e4b3ef56dc036c580e0e827cdbcd668ae918af740b7fb8520368,2026-09-30T18:02:37Z
SubmitPartialDecryption,217,8677aaeee965d858c0ee854121fddf921c95272c8069e21ada32fc7a8287908b,446,79ad8d42a97a6afcf82bf66ff63462d97c222031397d286f3ee7afc6f7af58e1,0da1a56bfbcd01b537b7753067822d6f09b2d9c5661e6536e5d3fcfae2ebe42f,f9c443275cb5e4b3ef56dc036c580e0e827cdbcd668ae918af740b7fb8520368,2026-09-30T18:02:37Z
SubmitPartialDecryption,219,799355e406cb173aaab3a14a1d33bc19de877b7b68ecb2b38eaad3392ecf5771,446,79ad8d42a97a6afcf82bf66ff63462d97c222031397d286f3ee7afc6f7af58e1,0da1a56bfbcd01b537b7753067822d6f09b2d9c5661e6536e5d3fcfae2ebe42f,f9c443275cb5e4b3ef56dc036c580e0e827cdbcd668ae918af740b7fb8520368,2026-09-30T18:02:37Z
SubmitPartialDecryption,211,a788ad9d7493dbff6fbfc4c33a464f05439dcd3c285de4bd52827b7d7d0e83d9,446,79ad8d42a97a6afcf82bf66ff63462d97c222031397d286f3ee7afc6f7af58e1,0da1a56bfbcd01b537b7753067822d6f09b2d9c5661e6536e5d3fcfae2ebe42f,f9c443275cb5e4b3ef56dc036c580e0e827cdbcd668ae918af740b7fb8520368,2026-09-30T18:02:37Z
SubmitPartialDecryption,213,0ed745fb4779e7ddfbdf861ae5839e58cbbef9404314f28bbae34eaabfc4460d,446,79ad8d42a97a6afcf82bf66ff63462d97c222031397d286f3ee7afc6f7af58e1,0da1a56bfbcd01b537b7753067822d6f09b2d9c5661e6536e5d3fcfae2ebe42f,f9c443275cb5e4b3ef56dc036c580e0e827cdbcd668ae918af740b7fb8520368,2026-09-30T18:02:37Z
SubmitPartialDecryption,216,7ebe85e9b964ca5b8f057108dc5485c7d7bc3d3cbd4b6876c650a75e5561b7d4,446,79ad8d42a97a6afcf82bf66ff63462d97c222031397d286f3ee7afc6f7af58e1,0da1a56bfbcd01b537b7753067822d6f09b2d9c5661e6536e5d3fcfae2ebe42f,f9c443275cb5e4b3ef56dc036c580e0e827cdbcd668ae918af740b7fb8520368,2026-09-30T18:02:37Z
SubmitPartialDecryption,220,dfcc6aa1e45837ce7df8db189b19cfa3a8133887ef23c799494eb4f86102f5a4,446,79ad8d42a97a6afcf82bf66ff63462d97c222031397d286f3ee7afc6f7af58e1,0da1a56bfbcd01b537b7753067822d6f09b2d9c5661e6536e5d3fcfae2ebe42f,f9c443275cb5e4b3ef56dc036c580e0e827cdbcd668ae918af740b7fb8520368,2026-09-30T18:02:37Z
SubmitPartialDecryption,214,3c452ac670d4cd54a2cc2504bc205cc0012bb5c727fbaf73d94aabf12ae8c0f6,446,79ad8d42a97a6afcf82bf66ff63462d97c222031397d286f3ee7afc6f7af58e1,0da1a56bfbcd01b537b7753067822d6f09b2d9c5661e6536e5d3fcfae2ebe42f,f9c443275cb5e4b3ef56dc036c580e0e827cdbcd668ae918af740b7fb8520368,2026-09-30T18:02:37Z
SubmitPartialDecryption,208,92517ef410a7c0bf2c054e1fd2ae425236382a78b7613264bb85c4d639540a14,446,79ad8d42a97a6afcf82bf66ff63462d97c222031397d286f3ee7afc6f7af58e1,0da1a56bfbcd01b537b7753067822d6f09b2d9c5661e6536e5d3fcfae2ebe42f,f9c443275cb5e4b3ef56dc036c580e0e827cdbcd668ae918af740b7fb8520368,2026-09-30T18:02:37Z
SubmitPartialDecryption,234,301d694ca890041422b15696a12191f837fec58426f678f7026dfff8635bc32f,447,d323d9f0b78e52f0ba8b3846ae78095d8e13aa3d01d1be6355ac1c765d4649a3,fe8b8a5e35fbacc1b1ab7eb3e4e83e30406b177fc6d0a5055069431264faa5b2,79ad8d42a97a6afcf82bf66ff63462d97c222031397d286f3ee7afc6f7af58e1,2026-09-30T18:02:39Z
SubmitPartialDecryption,228,7bcbe8babd323a65abb3271ba14e2d34f7fd8123d29f0f85a7aec1f521770ca2,447,d323d9f0b78e52f0ba8b3846ae78095d8e13aa3d01d1be6355ac1c765d4649a3,fe8b8a5e35fbacc1b1ab7eb3e4e83e30406b177fc6d0a5055069431264faa5b2,79ad8d42a97a6afcf82bf66ff63462d97c222031397d286f3ee7afc6f7af58e1,2026-09-30T18:02:39Z
SubmitPartialDecryption,224,908bb67d8a137d7e856e18847b63fe29d643221d8c589b816c129d735b6046a3,447,d323d9f0b78e52f0ba8b3846ae78095d8e13aa3d01d1be6355ac1c765d4649a3,fe8b8a5e35fbacc1b1ab7eb3e4e83e30406b177fc6d0a5055069431264faa5b2,79ad8d42a97a6afcf82bf66ff63462d97c222031397d286f3ee7afc6f7af58e1,2026-09-30T18:02:39Z
SubmitPartialDecryption,230,e0a474ac9b18480448c0635632a8e3f9a5dc1cbd435e3b3c82bbf7843f1d17ba,447,d323d9f0b78e52f0ba8b3846ae78095d8e13aa3d01d1be6355ac1c765d4649a3,fe8b8a5e35fbacc1b1ab7eb3e4e83e30406b177fc6d0a5055069431264faa5b2,79ad8d42a97a6afcf82bf66ff63462d97c222031397d286f3ee7afc6f7af58e1,2026-09-30T18:02:39Z
SubmitPartialDecryption,229,8ef99f7ca4c53ae5d303cd53da58df06229284969994eb80b9a355025f70e95e,447,d323d9f0b78e52f0ba8b3846ae78095d8e13aa3d01d1be6355ac1c765d4649a3,fe8b8a5e35fbacc1b1ab7eb3e4e83e30406b177fc6d0a5055069431264faa5b2,79ad8d42a97a6afcf82bf66ff63462d97c222031397d286f3ee7afc6f7af58e1,2026-09-30T18:02:39Z
SubmitPartialDecryption,227,5d2da08f264a9965f6a0108e3fee69281935914c72430d657749d7248239b125,447,d323d9f0b78e52f0ba8b3846ae78095d8e13aa3d01d1be6355ac1c765d4649a3,fe8b8a5e35fbacc1b1ab7eb3e4e83e30406b177fc6d0a5055069431264faa5b2,79ad8d42a97a6afcf82bf66ff63462d97c222031397d286f3ee7afc6f7af58e1,2026-09-30T18:02:39Z
SubmitPartialDecryption,226,c05bee8c1f57ceff9256e4f3e83c6cb85ad6fa865cebd13c0856aea03e9204a0,447,d323d9f0b78e52f0ba8b3846ae78095d8e13aa3d01d1be6355ac1c765d4649a3,fe8b8a5e35fbacc1b1ab7eb3e4e83e30406b177fc6d0a5055069431264faa5b2,79ad8d42a97a6afcf82bf66ff63462d97c222031397d286f3ee7afc6f7af58e1,2026-09-30T18:02:39Z
SubmitPartialDecryption,232,b1d7c53f2da13b97d17457afdd7c573e46cd4501cbdefdf530352af57ddbd6c6,447,d323d9f0b78e52f0ba8b3846ae78095d8e13aa3d01d1be6355ac1c765d4649a3,fe8b8a5e35fbacc1b1ab7eb3e4e83e30406b177fc6d0a5055069431264faa5b2,79ad8d42a97a6afcf82bf66ff63462d97c222031397d286f3ee7afc6f7af58e1,2026-09-30T18:02:39Z
SubmitPartialDecryption,236,609adde22ca18f9786eb0be936e3aa0a6f2087504e258cf624bc3bb5905bb26e,447,d323d9f0b78e52f0ba8b3846ae78095d8e13aa3d01d1be6355ac1c765d4649a3,fe8b8a5e35fbacc1b1ab7eb3e4e83e30406b177fc6d0a5055069431264faa5b2,79ad8d42a97a6afcf82bf66ff63462d97c222031397d286f3ee7afc6f7af58e1,2026-09-30T18:02:39Z
SubmitPartialDecryption,237,c0e6d2f213a4bd1ebec9819f298c2344f5d5a73d388b090a96ff3e77a863fba3,447,d323d9f0b78e52f0ba8b3846ae78095d8e13aa3d01d1be6355ac1c765d4649a3,fe8b8a5e35fbacc1b1ab7eb3e4e83e30406b177fc6d0a5055069431264faa5b2,79ad8d42a97a6afcf82bf66ff63462d97c222031397d286f3ee7afc6f7af58e1,2026-09-30T18:02:39Z
SubmitPartialDecryption,238,22e6eedd4b946cf493d2c0c4c16636b91c54df836aa87ca6ff9c883e2037d5e5,447,d323d9f0b78e52f0ba8b3846ae78095d8e13aa3d01d1be6355ac1c765d4649a3,fe8b8a5e35fbacc1b1ab7eb3e4e83e30406b177fc6d0a5055069431264faa5b2,79ad8d42a97a6afcf82bf66ff63462d97c222031397d286f3ee7afc6f7af58e1,2026-09-30T18:02:39Z
SubmitPartialDecryption,231,8661b20903aac5f5e7ee6fc30db8dde2b7e2d2124cdbf59c052e7206a27050d6,447,d323d9f0b78e52f0ba8b3846ae78095d8e13aa3d01d1be6355ac1c765d4649a3,fe8b8a5e35fbacc1b1ab7eb3e4e83e30406b177fc6d0a5055069431264faa5b2,79ad8d42a97a6afcf82bf66ff63462d97c222031397d286f3ee7afc6f7af58e1,2026-09-30T18:02:39Z
SubmitPartialDecryption,235,7c752bd7bc5eecca0aae85804b265dcb2b1b2e95cb4b3ebbad56352f93980c0d,447,d323d9f0b78e52f0ba8b3846ae78095d8e13aa3d01d1be6355ac1c765d4649a3,fe8b8a5e35fbacc1b1ab7eb3e4e83e30406b177fc6d0a5055069431264faa5b2,79ad8d42a97a6afcf82bf66ff63462d97c222031397d286f3ee7afc6f7af58e1,2026-09-30T18:02:39Z
SubmitPartialDecryption,233,9e97345ce3c46e3876522b874ef46cbb8cf9acbba5e8aa89456cf35cc554b6f4,447,d323d9f0b78e52f0ba8b3846ae78095d8e13aa3d01d1be6355ac1c765d4649a3,fe8b8a5e35fbacc1b1ab7eb3e4e83e30406b177fc6d0a5055069431264faa5b2,79ad8d42a97a6afcf82bf66ff63462d97c222031397d286f3ee7afc6f7af58e1,2026-09-30T18:02:39Z
SubmitPartialDecryption,225,d95489a9e85f3b89eb706244f84fa1e7843ecb88b24272d07f660823dd1639d5,447,d323d9f0b78e52f0ba8b3846ae78095d8e13aa3d01d1be6355ac1c765d4649a3,fe8b8a5e35fbacc1b1ab7eb3e4e83e30406b177fc6d0a5055069431264faa5b2,79ad8d42a97a6afcf82bf66ff63462d97c222031397d286f3ee7afc6f7af58e1,2026-09-30T18:02:39Z
SubmitPartialDecryption,239,8deb79238e007da3ec826d64d68a92ec32bad87ae5914fe1363f83332cedb501,447,d323d9f0b78e52f0ba8b3846ae78095d8e13aa3d01d1be6355ac1c765d4649a3,fe8b8a5e35fbacc1b1ab7eb3e4e83e30406b177fc6d0a5055069431264faa5b2,79ad8d42a97a6afcf82bf66ff63462d97c222031397d286f3ee7afc6f7af58e1,2026-09-30T18:02:39Z
SubmitPartialDecryption,250,9c91a63a703732e4f862e05811e639bb8637d449d3cc5b51d6ad2c36d9abb61d,448,ab3cf9299b33bc66fda2fb7e23740a3cb52595914b7614f0690a1852db3f6f68,959446eae40fc4c7e6ccec3a8560cad59777b887ec80a67e6258652c16180659,d323d9f0b78e52f0ba8b3846ae78095d8e13aa3d01d1be6355ac1c765d4649a3,2026-09-30T18:02:41Z
SubmitPartialDecryption,252,34f35275cf0973ea6238580cb8182f5bf0cf13993d78390a528dca494521d2b8,448,ab3cf9299b33bc66fda2fb7e23740a3cb52595914b7614f0690a1852db3f6f68,959446eae40fc4c7e6ccec3a8560cad59777b887ec80a67e6258652c16180659,d323d9f0b78e52f0ba8b3846ae78095d8e13aa3d01d1be6355ac1c765d4649a3,2026-09-30T18:02:41Z
SubmitPartialDecryption,247,7f2db42522f49fc543ab3e89387c02361f39fb1046b3de9e133a141285fd3e91,448,ab3cf9299b33bc66fda2fb7e23740a3cb52595914b7614f0690a1852db3f6f68,959446eae40fc4c7e6ccec3a8560cad59777b887ec80a67e6258652c16180659,d323d9f0b78e52f0ba8b3846ae78095d8e13aa3d01d1be6355ac1c765d4649a3,2026-09-30T18:02:41Z
SubmitPartialDecryption,248,0ef6882bbc745cc30ab0119902951cefd06ceb95e2d75bf54c7ec70277afabba,448,ab3cf9299b33bc66fda2fb7e23740a3cb52595914b7614f0690a1852db3f6f68,959446eae40fc4c7e6ccec3a8560cad59777b887ec80a67e6258652c16180659,d323d9f0b78e52f0ba8b3846ae78095d8e13aa3d01d1be6355ac1c765d4649a3,2026-09-30T18:02:41Z
SubmitPartialDecryption,251,99fd3d06bee4398a861fd804f8f97157b571573540a8ce29cc52efa6d37ce27b,448,ab3cf9299b33bc66fda2fb7e23740a3cb52595914b7614f0690a1852db3f6f68,959446eae40fc4c7e6ccec3a8560cad59777b887ec80a67e6258652c16180659,d323d9f0b78e52f0ba8b3846ae78095d8e13aa3d01d1be6355ac1c765d4649a3,2026-09-30T18:02:41Z
SubmitPartialDecryption,241,240d933a2af8021fc7c8cc602b9c38e7bb8406dc086facf97dc19d0d2362f1de,448,ab3cf9299b33bc66fda2fb7e23740a3cb52595914b7614f0690a1852db3f6f68,959446eae40fc4c7e6ccec3a8560cad59777b887ec80a67e6258652c16180659,d323d9f0b78e52f0ba8b3846ae78095d8e13aa3d01d1be6355ac1c765d4649a3,2026-09-30T18:02:41Z
SubmitPartialDecryption,255,4f3cf607b9dd89eb76d4ab7c959128b8bbbf7c13e5d742cfc45037b62f9d9296,448,ab3cf9299b33bc66fda2fb7e23740a3cb52595914b7614f0690a1852db3f6f68,959446eae40fc4c7e6ccec3a8560cad59777b887ec80a67e6258652c16180659,d323d9f0b78e52f0ba8b3846ae78095d8e13aa3d01d1be6355ac1c765d4649a3,2026-09-30T18:02:41Z
SubmitPartialDecryption,245,ab60c6217eee68675029ccf3a517d6926b846d3cf58891c9702d6e5580e254cb,448,ab3cf9299b33bc66fda2fb7e23740a3cb52595914b7614f0690a1852db3f6f68,959446eae40fc4c7e6ccec3a8560cad59777b887ec80a67e6258652c16180659,d323d9f0b78e52f0ba8b3846ae78095d8e13aa3d01d1be6355ac1c765d4649a3,2026-09-30T18:02:41Z
SubmitPartialDecryption,254,adeb3c993b4767c2ad31a9913a9f32b4e7ce829bbe8f995ceae3185432b26aba,448,ab3cf9299b33bc66fda2fb7e23740a3cb52595914b7614f0690a1852db3f6f68,959446eae40fc4c7e6ccec3a8560cad59777b887ec80a67e6258652c16180659,d323d9f0b78e52f0ba8b3846ae78095d8e13aa3d01d1be6355ac1c765d4649a3,2026-09-30T18:02:41Z
SubmitPartialDecryption,243,c0086b371afe4d45b9802415ee642bd57f6a53022acbca57651bb1f13a452c92,448,ab3cf9299b33bc66fda2fb7e23740a3cb52595914b7614f0690a1852db3f6f68,959446eae40fc4c7e6ccec3a8560cad59777b887ec80a67e6258652c16180659,d323d9f0b78e52f0ba8b3846ae78095d8e13aa3d01d1be6355ac1c765d4649a3,2026-09-30T18:02:41Z
SubmitPartialDecryption,246,325d50d7dbd42ed3ed376c299df04ce34eaa5a973c01e83371107d21bb9d93e4,448,ab3cf9299b33bc66fda2fb7e23740a3cb52595914b7614f0690a1852db3f6f68,959446eae40fc4c7e6ccec3a8560cad59777b887ec80a67e6258652c16180659,d323d9f0b78e52f0ba8b3846ae78095d8e13aa3d01d1be6355ac1c765d4649a3,2026-09-30T18:02:41Z
SubmitPartialDecryption,242,7514ee25a17dd4a7a4147d324239d13685f7cc7a5de9099b0ffd29b758d0b5c1,448,ab3cf9299b33bc66fda2fb7e23740a3cb52595914b7614f0690a1852db3f6f68,959446eae40fc4c7e6ccec3a8560cad59777b887ec80a67e6258652c16180659,d323d9f0b78e52f0ba8b3846ae78095d8e13aa3d01d1be6355ac1c765d4649a3,2026-09-30T18:02:41Z
SubmitPartialDecryption,244,665baca8661f1c549ab73ecbbebce68a1af870602422ece73b2ae8f2e9c2612e,448,ab3cf9299b33bc66fda2fb7e23740a3cb52595914b7614f0690a1852db3f6f68,959446eae40fc4c7e6ccec3a8560cad59777b887ec80a67e6258652c16180659,d323d9f0b78e52f0ba8b3846ae78095d8e13aa3d01d1be6355ac1c765d4649a3,2026-09-30T18:02:41Z
SubmitPartialDecryption,253,2570c189a3ff87ca627ee22f75fe9d476d12b546f5b017500c437aa39cb7d63e,448,ab3cf9299b33bc66fda2fb7e23740a3cb52595914b7614f0690a1852db3f6f68,959446eae40fc4c7e6ccec3a8560cad59777b887ec80a67e6258652c16180659,d323d9f0b78e52f0ba8b3846ae78095d8e13aa3d01d1be6355ac1c765d4649a3,2026-09-30T18:02:41Z
SubmitPartialDecryption,249,c18e140d2448c8565f03ae5fb3564b40dc171a126651da4b23ef494590421ece,448,ab3cf9299b33bc66fda2fb7e23740a3cb52595914b7614f0690a1852db3f6f68,959446eae40fc4c7e6ccec3a8560cad59777b887ec80a67e6258652c16180659,d323d9f0b78e52f0ba8b3846ae78095d8e13aa3d01d1be6355ac1c765d4649a3,2026-09-30T18:02:41Z
SubmitPartialDecryption,240,efdd4532ad5007645e2592a9b4491a38e2d08d68017a058171cc287fee53ebfb,448,ab3cf9299b33bc66fda2fb7e23740a3cb52595914b7614f0690a1852db3f6f68,959446eae40fc4c7e6ccec3a8560cad59777b887ec80a67e6258652c16180659,d323d9f0b78e52f0ba8b3846ae78095d8e13aa3d01d1be6355ac1c765d4649a3,2026-09-30T18:02:41Z
SubmitPartialDecryption,263,e89348fb2abb77f37ab7e5047c146dd17c4dacf42d22ea9900c71755f5a87dd0,449,d88fa334a1b079003536b809f340d7a69bd22a8772804c967765d1b5d63f642c,9b382818ff45d3f7a41b5630c2b3aefb49a74f56fe2890a954f35ddbe685e2b0,ab3cf9299b33bc66fda2fb7e23740a3cb52595914b7614f0690a1852db3f6f68,2026-09-30T18:02:43Z
SubmitPartialDecryption,267,9f1daf508086b28810623d6d76929e887ffb9a9fd0551c06855caada3f954d14,449,d88fa334a1b079003536b809f340d7a69bd22a8772804c967765d1b5d63f642c,9b382818ff45d3f7a41b5630c2b3aefb49a74f56fe2890a954f35ddbe685e2b0,ab3cf9299b33bc66fda2fb7e23740a3cb52595914b7614f0690a1852db3f6f68,2026-09-30T18:02:43Z
SubmitPartialDecryption,266,8b7842c79358d67580b3261cd6d32435a4a9a4d3e66aa06faa890cbc21b78dd3,449,d88fa334a1b079003536b809f340d7a69bd22a8772804c967765d1b5d63f642c,9b382818ff45d3f7a41b5630c2b3aefb49a74f56fe2890a954f35ddbe685e2b0,ab3cf9299b33bc66fda2fb7e23740a3cb52595914b7614f0690a1852db3f6f68,2026-09-30T18:02:43Z
SubmitPartialDecryption,260,abcb67e4d3faf9721342f25cf831d6b01105dfe9ec0eb572f3a478e0e7799985,449,d88fa334a1b079003536b809f340d7a69bd22a8772804c967765d1b5d63f642c,9b382818ff45d3f7a41b5630c2b3aefb49a74f56fe2890a954f35ddbe685e2b0,ab3cf9299b33bc66fda2fb7e23740a3cb52595914b7614f0690a1852db3f6f68,2026-09-30T18:02:43Z
SubmitPartialDecryption,270,f0a74e58784101ad601d18a6d73e575fe51c8d3ae6baf7953a2c642e7eb2a5ee,449,d88fa334a1b079003536b809f340d7a69bd22a8772804c967765d1b5d63f642c,9b382818ff45d3f7a41b5630c2b3aefb49a74f56fe2890a954f35ddbe685e2b0,ab3cf9299b33bc66fda2fb7e23740a3cb52595914b7614f0690a1852db3f6f68,2026-09-30T18:02:43Z
SubmitPartialDecryption,271,751aaf0b7d6b2e057b2cd8cfa02df682eb7cd17abcfe5c203215f73b22f40e44,449,d88fa334a1b079003536b809f340d7a69bd22a8772804c967765d1b5d63f642c,9b382818ff45d3f7a41b5630c2b3aefb49a74f56fe2890a954f35ddbe685e2b0,ab3cf9299b33bc66fda2fb7e23740a3cb52595914b7614f0690a1852db3f6f68,2026-09-30T18:02:43Z
SubmitPartialDecryption,269,d98ba2bc05fd300a38c7bd68ac9c65749f77d7e1726940685f1b3875b0e3f04c,449,d88fa334a1b079003536b809f340d7a69bd22a8772804c967765d1b5d63f642c,9b382818ff45d3f7a41b5630c2b3aefb49a74f56fe2890a954f35ddbe685e2b0,ab3cf9299b33bc66fda2fb7e23740a3cb52595914b7614f0690a1852db3f6f68,2026-09-30T18:02:43Z
SubmitPartialDecryption,265,2ade1bce5c3d548f97d75cfb0717fd739c30bffd2bf3de468ec82dec05dabe41,449,d88fa334a1b079003536b809f340d7a69bd22a8772804c967765d1b5d63f642c,9b382818ff45d3f7a41b5630c2b3aefb49a74f56fe2890a954f35ddbe685e2b0,ab3cf9299b33bc66fda2fb7e23740a3cb52595914b7614f0690a1852db3f6f68,2026-09-30T18:02:43Z
SubmitPartialDecryption,258,20b6300bfe72e3c7e1c9d2bc4f97b61e52b329af62e005333089d3eaed65c68f,449,d88fa334a1b079003536b809f340d7a69bd22a8772804c967765d1b5d63f642c,9b382818ff45d3f7a41b5630c2b3aefb49a74f56fe2890a954f35ddbe685e2b0,ab3cf9299b33bc66fda2fb7e23740a3cb52595914b7614f0690a1852db3f6f68,2026-09-30T18:02:43Z
SubmitPartialDecryption,264,fe6be8e6e3f3d0b3dd822ed2bea227a815aaa97cc045fb15d76e299db8b76266,449,d88fa334a1b079003536b809f340d7a69bd22a8772804c967765d1b5d63f642c,9b382818ff45d3f7a41b5630c2b3aefb49a74f56fe2890a954f35ddbe685e2b0,ab3cf9299b33bc66fda2fb7e23740a3cb52595914b7614f0690a1852db3f6f68,2026-09-30T18:02:43Z
SubmitPartialDecryption,262,80c0a7c9eee5b41bf7ed760ec4b65e01944231bf251227354e5eb6a6287cb659,449,d88fa334a1b079003536b809f340d7a69bd22a8772804c967765d1b5d63f642c,9b382818ff45d3f7a41b5630c2b3aefb49a74f56fe2890a954f35ddbe685e2b0,ab3cf9299b33bc66fda2fb7e23740a3cb52595914b7614f0690a1852db3f6f68,2026-09-30T18:02:43Z
SubmitPartialDecryption,256,d2ccce23452612cd6e3c3ad24a11481056d1a8ee41eb2cc2edb81461805cfef2,449,d88fa334a1b079003536b809f340d7a69bd22a8772804c967765d1b5d63f642c,9b382818ff45d3f7a41b5630c2b3aefb49a74f56fe2890a954f35ddbe685e2b0,ab3cf9299b33bc66fda2fb7e23740a3cb52595914b7614f0690a1852db3f6f68,2026-09-30T18:02:43Z
SubmitPartialDecryption,259,8c2f288c3f470ab72c8bae142722a87e1afaa1ffc41f078e90258957bf6b2add,449,d88fa334a1b079003536b809f340d7a69bd22a8772804c967765d1b5d63f642c,9b382818ff45d3f7a41b5630c2b3aefb49a74f56fe2890a954f35ddbe685e2b0,ab3cf9299b33bc66fda2fb7e23740a3cb52595914b7614f0690a1852db3f6f68,2026-09-30T18:02:43Z
SubmitPartialDecryption,268,8370e60e2d5e44120748ceab4fa0b7207ca754f38199391bcac990f7acc7fe51,449,d88fa334a1b079003536b809f340d7a69bd22a8772804c967765d1b5d63f642c,9b382818ff45d3f7a41b5630c2b3aefb49a74f56fe2890a954f35ddbe685e2b0,ab3cf9299b33bc66fda2fb7e23740a3cb52595914b7614f0690a1852db3f6f68,2026-09-30T18:02:43Z
SubmitPartialDecryption,261,8bdb66744cb8a71a9fb22d09352f24fa4d91be0a2c6fbbe3a41b603f05470c25,449,d88fa334a1b079003536b809f340d7a69bd22a8772804c967765d1b5d63f642c,9b382818ff45d3f7a41b5630c2b3aefb49a74f56fe2890a954f35ddbe685e2b0,ab3cf9299b33bc66fda2fb7e23740a3cb52595914b7614f0690a1852db3f6f68,2026-09-30T18:02:43Z
SubmitPartialDecryption,257,8f8809734cbf2bade888caba48bb3453e93cbad2c5fa9e02d91f357fbe596aad,449,d88fa334a1b079003536b809f340d7a69bd22a8772804c967765d1b5d63f642c,9b382818ff45d3f7a41b5630c2b3aefb49a74f56fe2890a954f35ddbe685e2b0,ab3cf9299b33bc66fda2fb7e23740a3cb52595914b7614f0690a1852db3f6f68,2026-09-30T18:02:43Z
SubmitPartialDecryption,272,73f8bcc57d053fd3354840730125c3a241d6c77f9787e8e2fa17ed8f77388fd2,450,6d4790a84192e358d9852714503f2ed46b49ebc3fcc0182f617064fcd327b662,552b26481d81f182f6b2936443da33362b89d6c5d8103002fc101382df29bde4,d88fa334a1b079003536b809f340d7a69bd22a8772804c967765d1b5d63f642c,2026-09-30T18:02:45Z
SubmitPartialDecryption,277,386dda5142373f07c22c10e8b6138776628c29e7e55f634cc76387af628990e3,450,6d4790a84192e358d9852714503f2ed46b49ebc3fcc0182f617064fcd327b662,552b26481d81f182f6b2936443da33362b89d6c5d8103002fc101382df29bde4,d88fa334a1b079003536b809f340d7a69bd22a8772804c967765d1b5d63f642c,2026-09-30T18:02:45Z
SubmitPartialDecryption,282,b8733eeeb67dfee3254422adf805929bfac4a8d563b7755c9d8a994053ea160e,450,6d4790a84192e358d9852714503f2ed46b49ebc3fcc0182f617064fcd327b662,552b26481d81f182f6b2936443da33362b89d6c5d8103002fc101382df29bde4,d88fa334a1b079003536b809f340d7a69bd22a8772804c967765d1b5d63f642c,2026-09-30T18:02:45Z
SubmitPartialDecryption,275,5a3ec444c2e0d8363ec6312109d3d7f0bf7f43718aaac3cf6a53a63383eb167a,450,6d4790a84192e358d9852714503f2ed46b49ebc3fcc0182f617064fcd327b662,552b26481d81f182f6b2936443da33362b89d6c5d8103002fc101382df29bde4,d88fa334a1b079003536b809f340d7a69bd22a8772804c967765d1b5d63f642c,2026-09-30T18:02:45Z
SubmitPartialDecryption,273,71da93d26d242e3f1393278012969e783b3f9e5bf963843255dce40bf9df3982,450,6d4790a84192e358d9852714503f2ed46b49ebc3fcc0182f617064fcd327b662,552b26481d81f182f6b2936443da33362b89d6c5d8103002fc101382df29bde4,d88fa334a1b079003536b809f340d7a69bd22a8772804c967765d1b5d63f642c,2026-09-30T18:02:45Z
SubmitPartialDecryption,274,f04293434c211619fdc19564e69af2c8ddd824a056493ca55c81fca449467e29,450,6d4790a84192e358d9852714503f2ed46b49ebc3fcc0182f617064fcd327b662,552b26481d81f182f6b2936443da33362b89d6c5d8103002fc101382df29bde4,d88fa334a1b079003536b809f340d7a69bd22a8772804c967765d1b5d63f642c,2026-09-30T18:02:45Z
SubmitPartialDecryption,281,fe2dc3e3b92a860a1fa5292f2c5131640b8e3184a98b7a3c2e8ed396bbce6e7c,450,6d4790a84192e358d9852714503f2ed46b49ebc3fcc0182f617064fcd327b662,552b26481d81f182f6b2936443da33362b89d6c5d8103002fc101382df29bde4,d88fa334a1b079003536b809f340d7a69bd22a8772804c967765d1b5d63f642c,2026-09-30T18:02:45Z
SubmitPartialDecryption,276,cb088c11f071db3aba7aa6c650af2ac9c45c9932fd0d857d0088770b6c80d721,450,6d4790a84192e358d9852714503f2ed46b49ebc3fcc0182f617064fcd327b662,552b26481d81f182f6b2936443da33362b89d6c5d8103002fc101382df29bde4,d88fa334a1b079003536b809f340d7a69bd22a8772804c967765d1b5d63f642c,2026-09-30T18:02:45Z
SubmitPartialDecryption,280,7b619e6852e62f7c7fe5d509b64312a4c562d43e027b759287a366f89d807dae,450,6d4790a84192e358d9852714503f2ed46b49ebc3fcc0182f617064fcd327b662,552b26481d81f182f6b2936443da33362b89d6c5d8103002fc101382df29bde4,d88fa334a1b079003536b809f340d7a69bd22a8772804c967765d1b5d63f642c,2026-09-30T18:02:45Z
SubmitPartialDecryption,286,dd65b8b10dcdd739dff26443dad2b60cb8ab8cbe1b6f5e1ab91bcd1b9cfea65d,450,6d4790a84192e358d9852714503f2ed46b49ebc3fcc0182f617064fcd327b662,552b26481d81f182f6b2936443da33362b89d6c5d8103002fc101382df29bde4,d88fa334a1b079003536b809f340d7a69bd22a8772804c967765d1b5d63f642c,2026-09-30T18:02:45Z
SubmitPartialDecryption,283,d7466e32f2107ee94d81b6c0d5d1d30bb09e4e81eabd1f7e1ac919cd6fd54c82,450,6d4790a84192e358d9852714503f2ed46b49ebc3fcc0182f617064fcd327b662,552b26481d81f182f6b2936443da33362b89d6c5d8103002fc101382df29bde4,d88fa334a1b079003536b809f340d7a69bd22a8772804c967765d1b5d63f642c,2026-09-30T18:02:45Z
SubmitPartialDecryption,278,931ac82a23590e4688c1f62f9dafdba8345f04d4d94df5c5bd7429853c89e204,450,6d4790a84192e358d9852714503f2ed46b49ebc3fcc0182f617064fcd327b662,552b26481d81f182f6b2936443da33362b89d6c5d8103002fc101382df29bde4,d88fa334a1b079003536b809f340d7a69bd22a8772804c967765d1b5d63f642c,2026-09-30T18:02:45Z
SubmitPartialDecryption,284,045ecd021ecb044e25b64ebcccdd4bd294a4737f8f9a56e748012c140237eef5,450,6d4790a84192e358d9852714503f2ed46b49ebc3fcc0182f617064fcd327b662,552b26481d81f182f6b2936443da33362b89d6c5d8103002fc101382df29bde4,d88fa334a1b079003536b809f340d7a69bd22a8772804c967765d1b5d63f642c,2026-09-30T18:02:45Z
SubmitPartialDecryption,279,bfc1980788ee3af637a1815669f8deead3faba2cee54e6b76d93fff3cf1f97e7,450,6d4790a84192e358d9852714503f2ed46b49ebc3fcc0182f617064fcd327b662,552b26481d81f182f6b2936443da33362b89d6c5d8103002fc101382df29bde4,d88fa334a1b079003536b809f340d7a69bd22a8772804c967765d1b5d63f642c,2026-09-30T18:02:45Z
SubmitPartialDecryption,285,9071164a6d4365f56a87f64d61e01546708ef90b6ec3a4cd3ff6f517be3e49a0,450,6d4790a84192e358d9852714503f2ed46b49ebc3fcc0182f617064fcd327b662,552b26481d81f182f6b2936443da33362b89d6c5d8103002fc101382df29bde4,d88fa334a1b079003536b809f340d7a69bd22a8772804c967765d1b5d63f642c,2026-09-30T18:02:45Z
SubmitPartialDecryption,287,a098e5ba7efdbe03dde9a808257da4795fab7f44e4e619edd3fbfd9f5dbcf270,450,6d4790a84192e358d9852714503f2ed46b49ebc3fcc0182f617064fcd327b662,552b26481d81f182f6b2936443da33362b89d6c5d8103002fc101382df29bde4,d88fa334a1b079003536b809f340d7a69bd22a8772804c967765d1b5d63f642c,2026-09-30T18:02:45Z
SubmitPartialDecryption,302,a2de7c67e8aba8d1d69a53b06bf4dbf732182304790c4927e57e448329adacec,451,984f3f79c5bda5f90fa863d99dc839a29330f7fee5717c7c69e382ae8538975f,6c240c69eb222a1b4c1710072b3b81fb96526d2cfd28c7b84ea4c5e05006a982,6d4790a84192e358d9852714503f2ed46b49ebc3fcc0182f617064fcd327b662,2026-09-30T18:02:47Z
SubmitPartialDecryption,300,74ea2d12e25d865eaa7a7e847ff4d9eebc110d6952e927d778952e6db3d9d857,451,984f3f79c5bda5f90fa863d99dc839a29330f7fee5717c7c69e382ae8538975f,6c240c69eb222a1b4c1710072b3b81fb96526d2cfd28c7b84ea4c5e05006a982,6d4790a84192e358d9852714503f2ed46b49ebc3fcc0182f617064fcd327b662,2026-09-30T18:02:47Z
SubmitPartialDecryption,288,143959383b0f00bcebce96c5a19e6569ebbfec2d28c238344a3d3f2980483cad,451,984f3f79c5bda5f90fa863d99dc839a29330f7fee5717c7c69e382ae8538975f,6c240c69eb222a1b4c1710072b3b81fb96526d2cfd28c7b84ea4c5e05006a982,6d4790a84192e358d9852714503f2ed46b49ebc3fcc0182f617064fcd327b662,2026-09-30T18:02:47Z
SubmitPartialDecryption,291,b61575a2e5cf256aacf832cb82aedc217410d2f743cf609f78f74daa2df60cad,451,984f3f79c5bda5f90fa863d99dc839a29330f7fee5717c7c69e382ae8538975f,6c240c69eb222a1b4c1710072b3b81fb96526d2cfd28c7b84ea4c5e05006a982,6d4790a84192e358d9852714503f2ed46b49ebc3fcc0182f617064fcd327b662,2026-09-30T18:02:47Z
SubmitPartialDecryption,294,01049a5f32a5f0915ad754000541264b7686dc70fa0dee04cd272d6bcaa08918,451,984f3f79c5bda5f90fa863d99dc839a29330f7fee5717c7c69e382ae8538975f,6c240c69eb222a1b4c1710072b3b81fb96526d2cfd28c7b84ea4c5e05006a982,6d4790a84192e358d9852714503f2ed46b49ebc3fcc0182f617064fcd327b662,2026-09-30T18:02:47Z
SubmitPartialDecryption,292,1071be758d263df70242896f4fa8806ee546ea880147e8b999ac64aec9548d49,451,984f3f79c5bda5f90fa863d99dc839a29330f7fee5717c7c69e382ae8538975f,6c240c69eb222a1b4c1710072b3b81fb96526d2cfd28c7b84ea4c5e05006a982,6d4790a84192e358d9852714503f2ed46b49ebc3fcc0182f617064fcd327b662,2026-09-30T18:02:47Z
SubmitPartialDecryption,299,074d9259908d54bce38bdef1d2db387efa3c71ab6783e91cc2fc213a92d9659e,451,984f3f79c5bda5f90fa863d99dc839a29330f7fee5717c7c69e382ae8538975f,6c240c69eb222a1b4c1710072b3b81fb96526d2cfd28c7b84ea4c5e05006a982,6d4790a84192e358d9852714503f2ed46b49ebc3fcc0182f617064fcd327b662,2026-09-30T18:02:47Z
SubmitPartialDecryption,295,308ec066072fd16aca63d895afef53dd3d90551387c7ebcceecdf8ec6f1923c7,451,984f3f79c5bda5f90fa863d99dc839a29330f7fee5717c7c69e382ae8538975f,6c240c69eb222a1b4c1710072b3b81fb96526d2cfd28c7b84ea4c5e05006a982,6d4790a84192e358d9852714503f2ed46b49ebc3fcc0182f617064fcd327b662,2026-09-30T18:02:47Z
SubmitPartialDecryption,293,c34ffe43d4c8508b41ee5f83a3c69bc8676771671e1fbba0de199f4c9db37213,451,984f3f79c5bda5f90fa863d99dc839a29330f7fee5717c7c69e382ae8538975f,6c240c69eb222a1b4c1710072b3b81fb96526d2cfd28c7b84ea4c5e05006a982,6d4790a84192e358d9852714503f2ed46b49ebc3fcc0182f617064fcd327b662,2026-09-30T18:02:47Z
SubmitPartialDecryption,289,4e4da53ee3fdbce07cff120b91fae8a009cfaf4d2eb76547c5e2c8a6b11d5998,451,984f3f79c5bda5f90fa863d99dc839a29330f7fee5717c7c69e382ae8538975f,6c240c69eb222a1b4c1710072b3b81fb96526d2cfd28c7b84ea4c5e05006a982,6d4790a84192e358d9852714503f2ed46b49ebc3fcc0182f617064fcd327b662,2026-09-30T18:02:47Z
SubmitPartialDecryption,303,6a80162c2312d2774f5685fc50bd6193b04c117eb5f4bd75fa4f71e344dcd09a,451,984f3f79c5bda5f90fa863d99dc839a29330f7fee5717c7c69e382ae8538975f,6c240c69eb222a1b4c1710072b3b81fb96526d2cfd28c7b84ea4c5e05006a982,6d4790a84192e358d9852714503f2ed46b49ebc3fcc0182f617064fcd327b662,2026-09-30T18:02:47Z
SubmitPartialDecryption,298,75071142660e79260de247d4bf1b33006754e43e8e2addd6380fd036ac2a15db,451,984f3f79c5bda5f90fa863d99dc839a29330f7fee5717c7c69e382ae8538975f,6c240c69eb222a1b4c1710072b3b81fb96526d2cfd28c7b84ea4c5e05006a982,6d4790a84192e358d9852714503f2ed46b49ebc3fcc0182f617064fcd327b662,2026-09-30T18:02:47Z
SubmitPartialDecryption,296,87af54ce244d7bbc2ebb060f6f6246d95c95dc3d429e02fac115f6e167998c51,451,984f3f79c5bda5f90fa863d99dc839a29330f7fee5717c7c69e382ae8538975f,6c240c69eb222a1b4c1710072b3b81fb96526d2cfd28c7b84ea4c5e05006a982,6d4790a84192e358d9852714503f2ed46b49ebc3fcc0182f617064fcd327b662,2026-09-30T18:02:47Z
SubmitPartialDecryption,297,0218541f5f5499464fcec5a6ba01858797d52464f67bbe8b83ffc4414342b927,451,984f3f79c5bda5f90fa863d99dc839a29330f7fee5717c7c69e382ae8538975f,6c240c69eb222a1b4c1710072b3b81fb96526d2cfd28c7b84ea4c5e05006a982,6d4790a84192e358d9852714503f2ed46b49ebc3fcc0182f617064fcd327b662,2026-09-30T18:02:47Z
SubmitPartialDecryption,290,117b82023487f671410e1279a1537be3c59e42456df8175bf8d3b502943f98e0,451,984f3f79c5bda5f90fa863d99dc839a29330f7fee5717c7c69e382ae8538975f,6c240c69eb222a1b4c1710072b3b81fb96526d2cfd28c7b84ea4c5e05006a982,6d4790a84192e358d9852714503f2ed46b49ebc3fcc0182f617064fcd327b662,2026-09-30T18:02:47Z
SubmitPartialDecryption,301,c5452e03bb0d27819e0d5e7f7b5628e32954fca870c43af80362f94a49e52741,451,984f3f79c5bda5f90fa863d99dc839a29330f7fee5717c7c69e382ae8538975f,6c240c69eb222a1b4c1710072b3b81fb96526d2cfd28c7b84ea4c5e05006a982,6d4790a84192e358d9852714503f2ed46b49ebc3fcc0182f617064fcd327b662,2026-09-30T18:02:47Z
SubmitPartialDecryption,306,9ec6ccc8e439360c83a2035725c215881beb7f30201490f1814670e0a9dee1ae,452,fc7077d17ee4ebc1d4e8762eaddd19913469e732bdf56f7f635ba2d10f4f4d98,b16a160c463fe2693cbbead4273f5ef9c65cc4cfdc73dc9f57868526c8c6b93e,984f3f79c5bda5f90fa863d99dc839a29330f7fee5717c7c69e382ae8538975f,2026-09-30T18:02:50Z
SubmitPartialDecryption,318,7f4beb1301240ab590cc43cd215b3b1c74ac7c0f09ce05ce6c7ab71e0b203811,452,fc7077d17ee4ebc1d4e8762eaddd19913469e732bdf56f7f635ba2d10f4f4d98,b16a160c463fe2693cbbead4273f5ef9c65cc4cfdc73dc9f57868526c8c6b93e,984f3f79c5bda5f90fa863d99dc839a29330f7fee5717c7c69e382ae8538975f,2026-09-30T18:02:50Z
SubmitPartialDecryption,313,6306909bbd3fcce37ed343d96fc10fa9d9264c11057873cd5fb9ad71060bc1f4,452,fc7077d17ee4ebc1d4e8762eaddd19913469e732bdf56f7f635ba2d10f4f4d98,b16a160c463fe2693cbbead4273f5ef9c65cc4cfdc73dc9f57868526c8c6b93e,984f3f79c5bda5f90fa863d99dc839a29330f7fee5717c7c69e382ae8538975f,2026-09-30T18:02:50Z
SubmitPartialDecryption,319,b0d11f8795509b78b2d964e9350be436ac473b585a27650fdbbdbcb2147b9d3b,452,fc7077d17ee4ebc1d4e8762eaddd19913469e732bdf56f7f635ba2d10f4f4d98,b16a160c463fe2693cbbead4273f5ef9c65cc4cfdc73dc9f57868526c8c6b93e,984f3f79c5bda5f90fa863d99dc839a29330f7fee5717c7c69e382ae8538975f,2026-09-30T18:02:50Z
SubmitPartialDecryption,309,119c0e03fd10e8a0c5e330ae20bc89e3d9717344f38905552dbea6bebad24b17,452,fc7077d17ee4ebc1d4e8762eaddd19913469e732bdf56f7f635ba2d10f4f4d98,b16a160c463fe2693cbbead4273f5ef9c65cc4cfdc73dc9f57868526c8c6b93e,984f3f79c5bda5f90fa863d99dc839a29330f7fee5717c7c69e382ae8538975f,2026-09-30T18:02:50Z
SubmitPartialDecryption,315,1a918f5c498c817e6f6d892433672d489f85500f25a3ec5659bcea3ed443c321,452,fc7077d17ee4ebc1d4e8762eaddd19913469e732bdf56f7f635ba2d10f4f4d98,b16a160c463fe2693cbbead4273f5ef9c65cc4cfdc73dc9f57868526c8c6b93e,984f3f79c5bda5f90fa863d99dc839a29330f7fee5717c7c69e382ae8538975f,2026-09-30T18:02:50Z
SubmitPartialDecryption,314,8a316a6eafb6595a7d16659497ef6125b125f3baac3af3970e9138acd6f561ea,452,fc7077d17ee4ebc1d4e8762eaddd19913469e732bdf56f7f635ba2d10f4f4d98,b16a160c463fe2693cbbead4273f5ef9c65cc4cfdc73dc9f57868526c8c6b93e,984f3f79c5bda5f90fa863d99dc839a29330f7fee5717c7c69e382ae8538975f,2026-09-30T18:02:50Z
SubmitPartialDecryption,308,8026253779b4e1c93cde987303bae1370ab1ef1019e923b2818c9b3ca934a2da,452,fc7077d17ee4ebc1d4e8762eaddd19913469e732bdf56f7f635ba2d10f4f4d98,b16a160c463fe2693cbbead4273f5ef9c65cc4cfdc73dc9f57868526c8c6b93e,984f3f79c5bda5f90fa863d99dc839a29330f7fee5717c7c69e382ae8538975f,2026-09-30T18:02:50Z
SubmitPartialDecryption,304,4d6c6b653c32a1e898031117bbeca4bc4da8ffd36e2df624ceffb288e0eb1e80,452,fc7077d17ee4ebc1d4e8762eaddd19913469e732bdf56f7f635ba2d10f4f4d98,b16a160c463fe2693cbbead4273f5ef9c65cc4cfdc73dc9f57868526c8c6b93e,984f3f79c5bda5f90fa863d99dc839a29330f7fee5717c7c69e382ae8538975f,2026-09-30T18:02:50Z
SubmitPartialDecryption,305,31afb4bbf4b4cb7ec33f89cb7f0c50ec23e1c2be4ff77380014651f9b7aa8139,452,fc7077d17ee4ebc1d4e8762eaddd19913469e732bdf56f7f635ba2d10f4f4d98,b16a160c463fe2693cbbead4273f5ef9c65cc4cfdc73dc9f57868526c8c6b93e,984f3f79c5bda5f90fa863d99dc839a29330f7fee5717c7c69e382ae8538975f,2026-09-30T18:02:50Z
SubmitPartialDecryption,310,25fd3b7757321ebeb21fd95659ec299d26f235e6306f08156b27ca134a636f51,452,fc7077d17ee4ebc1d4e8762eaddd19913469e732bdf56f7f635ba2d10f4f4d98,b16a160c463fe2693cbbead4273f5ef9c65cc4cfdc73dc9f57868526c8c6b93e,984f3f79c5bda5f90fa863d99dc839a29330f7fee5717c7c69e382ae8538975f,2026-09-30T18:02:50Z
SubmitPartialDecryption,312,9f3ce81853dfad3f8f6f1ff2f159e415857d94a6e8875d5d044f0707c27aa101,452,fc7077d17ee4ebc1d4e8762eaddd19913469e732bdf56f7f635ba2d10f4f4d98,b16a160c463fe2693cbbead4273f5ef9c65cc4cfdc73dc9f57868526c8c6b93e,984f3f79c5bda5f90fa863d99dc839a29330f7fee5717c7c69e382ae8538975f,2026-09-30T18:02:50Z
SubmitPartialDecryption,316,93cf6128ea97dc4f8b10a45c0d0496eebcc37d0681c9ea44f94b42ef415b908d,452,fc7077d17ee4ebc1d4e8762eaddd19913469e732bdf56f7f635ba2d10f4f4d98,b16a160c463fe2693cbbead4273f5ef9c65cc4cfdc73dc9f57868526c8c6b93e,984f3f79c5bda5f90fa863d99dc839a29330f7fee5717c7c69e382ae8538975f,2026-09-30T18:02:50Z
SubmitPartialDecryption,307,d9ed56e5e677573e0f6a2ae3e0d2babb7ddda3f0c6897bc8eef3d50e31876243,452,fc7077d17ee4ebc1d4e8762eaddd19913469e732bdf56f7f635ba2d10f4f4d98,b16a160c463fe2693cbbead4273f5ef9c65cc4cfdc73dc9f57868526c8c6b93e,984f3f79c5bda5f90fa863d99dc839a29330f7fee5717c7c69e382ae8538975f,2026-09-30T18:02:50Z
SubmitPartialDecryption,311,9c7045908ba23549731b47c8fa3cbefa0fd59012cd449c0bc7bc80562d9f0d4f,452,fc7077d17ee4ebc1d4e8762eaddd19913469e732bdf56f7f635ba2d10f4f4d98,b16a160c463fe2693cbbead4273f5ef9c65cc4cfdc73dc9f57868526c8c6b93e,984f3f79c5bda5f90fa863d99dc839a29330f7fee5717c7c69e382ae8538975f,2026-09-30T18:02:50Z
SubmitPartialDecryption,317,5897942bd20747256de33c94bdc71558a6ad4b62280f85b6146345c1d82b0b7e,452,fc7077d17ee4ebc1d4e8762eaddd19913469e732bdf56f7f635ba2d10f4f4d98,b16a160c463fe2693cbbead4273f5ef9c65cc4cfdc73dc9f57868526c8c6b93e,984f3f79c5bda5f90fa863d99dc839a29330f7fee5717c7c69e382ae8538975f,2026-09-30T18:02:50Z
SubmitPartialDecryption,327,b69741b611e784f6360194bccaea0a07d3a2acd93faa07b3e550f4c342152ac7,453,023e6b0e73f886a9365e206d13b50bd72ce7749a276b23589c6f14c979c3099c,c54632988559e6131143fa3ce35f3efbfd5bf72012317659ec8d72fdc2b31dd9,fc7077d17ee4ebc1d4e8762eaddd19913469e732bdf56f7f635ba2d10f4f4d98,2026-09-30T18:02:52Z
SubmitPartialDecryption,334,e559026e215f13b41e51b253070ebb22f4061a3920aaaa3b2ac53c37f5fb7cfb,453,023e6b0e73f886a9365e206d13b50bd72ce7749a276b23589c6f14c979c3099c,c54632988559e6131143fa3ce35f3efbfd5bf72012317659ec8d72fdc2b31dd9,fc7077d17ee4ebc1d4e8762eaddd19913469e732bdf56f7f635ba2d10f4f4d98,2026-09-30T18:02:52Z
SubmitPartialDecryption,321,c9fe40f5086d2c0d5f5546e20d5db101062e93843b3e6b249eda3eb5f90e017f,453,023e6b0e73f886a9365e206d13b50bd72ce7749a276b23589c6f14c979c3099c,c54632988559e6131143fa3ce35f3efbfd5bf72012317659ec8d72fdc2b31dd9,fc7077d17ee4ebc1d4e8762eaddd19913469e732bdf56f7f635ba2d10f4f4d98,2026-09-30T18:02:52Z
SubmitPartialDecryption,331,8b47b2eabbf1e7fcda89f4191cb3eac58c13d7f523fae1fea9decd544e40efb6,453,023e6b0e73f886a9365e206d13b50bd72ce7749a276b23589c6f14c979c3099c,c54632988559e6131143fa3ce35f3efbfd5bf72012317659ec8d72fdc2b31dd9,fc7077d17ee4ebc1d4e8762eaddd19913469e732bdf56f7f635ba2d10f4f4d98,2026-09-30T18:02:52Z
SubmitPartialDecryption,333,7a3fc1574fd25b8ac59038430dec55e7b74dc0319620c8fddb4ec5bc403e2c75,453,023e6b0e73f886a9365e206d13b50bd72ce7749a276b23589c6f14c979c3099c,c54632988559e6131143fa3ce35f3efbfd5bf72012317659ec8d72fdc2b31dd9,fc7077d17ee4ebc1d4e8762eaddd19913469e732bdf56f7f635ba2d10f4f4d98,2026-09-30T18:02:52Z
SubmitPartialDecryption,323,0a2ef6d1bd29c7564530e9e684752de7a9fc056c6dbff6cb43056efebb512b76,453,023e6b0e73f886a9365e206d13b50bd72ce7749a276b23589c6f14c979c3099c,c54632988559e6131143fa3ce35f3efbfd5bf72012317659ec8d72fdc2b31dd9,fc7077d17ee4ebc1d4e8762eaddd19913469e732bdf56f7f635ba2d10f4f4d98,2026-09-30T18:02:52Z
SubmitPartialDecryption,332,adf1078681662f84f0ebe6228de4cd28fc4ea0303454f313cca1303097daf2d8,453,023e6b0e73f886a9365e206d13b50bd72ce7749a276b23589c6f14c979c3099c,c54632988559e6131143fa3ce35f3efbfd5bf72012317659ec8d72fdc2b31dd9,fc7077d17ee4ebc1d4e8762eaddd19913469e732bdf56f7f635ba2d10f4f4d98,2026-09-30T18:02:52Z
SubmitPartialDecryption,326,b5bca6e9871e58bdb24fdb97711876376d725b84b61f3050dfd9ebefbf9b2bc1,453,023e6b0e73f886a9365e206d13b50bd72ce7749a276b23589c6f14c979c3099c,c54632988559e6131143fa3ce35f3efbfd5bf72012317659ec8d72fdc2b31dd9,fc7077d17ee4ebc1d4e8762eaddd19913469e732bdf56f7f635ba2d10f4f4d98,2026-09-30T18:02:52Z
SubmitPartialDecryption,320,706c77c7f3c480b005e55165f5827b1704b3c50a075c74eb92f2d172f64c78f0,453,023e6b0e73f886a9365e206d13b50bd72ce7749a276b23589c6f14c979c3099c,c54632988559e6131143fa3ce35f3efbfd5bf72012317659ec8d72fdc2b31dd9,fc7077d17ee4ebc1d4e8762eaddd19913469e732bdf56f7f635ba2d10f4f4d98,2026-09-30T18:02:52Z
SubmitPartialDecryption,329,201de03d40c3365042de5d1e10492ad04469ff29f6ae612b5a0cfdc9297e3020,453,023e6b0e73f886a9365e206d13b50bd72ce7749a276b23589c6f14c979c3099c,c54632988559e6131143fa3ce35f3efbfd5bf72012317659ec8d72fdc2b31dd9,fc7077d17ee4ebc1d4e8762eaddd19913469e732bdf56f7f635ba2d10f4f4d98,2026-09-30T18:02:52Z
SubmitPartialDecryption,335,9fbfebc6383df7810d267c94bf70b02755c6c7ca1c88aac1c225e31341059c78,453,023e6b0e73f886a9365e206d13b50bd72ce7749a276b23589c6f14c979c3099c,c54632988559e6131143fa3ce35f3efbfd5bf72012317659ec8d72fdc2b31dd9,fc7077d17ee4ebc1d4e8762eaddd19913469e732bdf56f7f635ba2d10f4f4d98,2026-09-30T18:02:52Z
SubmitPartialDecryption,328,4d6808a18f518a6d247ddd374eed43c28bdfc089d6e4a6216d133108758df5ec,453,023e6b0e73f886a9365e206d13b50bd72ce7749a276b23589c6f14c979c3099c,c54632988559e6131143fa3ce35f3efbfd5bf72012317659ec8d72fdc2b31dd9,fc7077d17ee4ebc1d4e8762eaddd19913469e732bdf56f7f635ba2d10f4f4d98,2026-09-30T18:02:52Z
SubmitPartialDecryption,322,96948fcd1371d67a8ad07e7cf0a536f2182e15d0d19d014c5f31c7032b0b463b,453,023e6b0e73f886a9365e206d13b50bd72ce7749a276b23589c6f14c979c3099c,c54632988559e6131143fa3ce35f3efbfd5bf72012317659ec8d72fdc2b31dd9,fc7077d17ee4ebc1d4e8762eaddd19913469e732bdf56f7f635ba2d10f4f4d98,2026-09-30T18:02:52Z
SubmitPartialDecryption,325,7c4315fcc2fc51897ff5b0d90f163249607d0fdc63261d21a9fc4d07450a1894,453,023e6b0e73f886a9365e206d13b50bd72ce7749a276b23589c6f14c979c3099c,c54632988559e6131143fa3ce35f3efbfd5bf72012317659ec8d72fdc2b31dd9,fc7077d17ee4ebc1d4e8762eaddd19913469e732bdf56f7f635ba2d10f4f4d98,2026-09-30T18:02:52Z
SubmitPartialDecryption,324,443d6507077fdf1676d13301eaa5b4c8efa2856cd470880ec0f2eea6c7dde725,453,023e6b0e73f886a9365e206d13b50bd72ce7749a276b23589c6f14c979c3099c,c54632988559e6131143fa3ce35f3efbfd5bf72012317659ec8d72fdc2b31dd9,fc7077d17ee4ebc1d4e8762eaddd19913469e732bdf56f7f635ba2d10f4f4d98,2026-09-30T18:02:52Z
SubmitPartialDecryption,330,fddbe7e7852092e4126bb068c3055f826ba6d80e46f72c93663778a58418ae88,453,023e6b0e73f886a9365e206d13b50bd72ce7749a276b23589c6f14c979c3099c,c54632988559e6131143fa3ce35f3efbfd5bf72012317659ec8d72fdc2b31dd9,fc7077d17ee4ebc1d4e8762eaddd19913469e732bdf56f7f635ba2d10f4f4d98,2026-09-30T18:02:52Z
SubmitPartialDecryption,349,c20f9f60bbceb7b2363e0b42f0cb27783801b0bdec8cf9873a8dac2fec334413,454,86e451d7760a4a330d01f920474e07e770fde5aa6705dd7cc2897c6473fcaa0c,4e314c6892122cee91d2c62d0cde3ac94d09f07f2f1529de03148a9501f41577,023e6b0e73f886a9365e206d13b50bd72ce7749a276b23589c6f14c979c3099c,2026-09-30T18:02:54Z
SubmitPartialDecryption,350,61e63a4b8f2fdc66d778e3765a191da934363450e35a4170c67e5858ca92e147,454,86e451d7760a4a330d01f920474e07e770fde5aa6705dd7cc2897c6473fcaa0c,4e314c6892122cee91d2c62d0cde3ac94d09f07f2f1529de03148a9501f41577,023e6b0e73f886a9365e206d13b50bd72ce7749a276b23589c6f14c979c3099c,2026-09-30T18:02:54Z
SubmitPartialDecryption,337,5a4830f86948e8a1bca4451b3b037ec7b91f3ff7a1feb688e5fc6e85fd2f4a7d,454,86e451d7760a4a330d01f920474e07e770fde5aa6705dd7cc2897c6473fcaa0c,4e314c6892122cee91d2c62d0cde3ac94d09f07f2f1529de03148a9501f41577,023e6b0e73f886a9365e206d13b50bd72ce7749a276b23589c6f14c979c3099c,2026-09-30T18:02:54Z
SubmitPartialDecryption,347,b7d894e837921b97a4117a89d07b0815e5d4e9aa852e5a180b90ec5304a4b1bb,454,86e451d7760a4a330d01f920474e07e770fde5aa6705dd7cc2897c6473fcaa0c,4e314c6892122cee91d2c62d0cde3ac94d09f07f2f1529de03148a9501f41577,023e6b0e73f886a9365e206d13b50bd72ce7749a276b23589c6f14c979c3099c,2026-09-30T18:02:54Z
SubmitPartialDecryption,340,7041370c4170b8304b227376dba1a4f6451e2ae14c5eb0dd88e5cc0628d11738,454,86e451d7760a4a330d01f920474e07e770fde5aa6705dd7cc2897c6473fcaa0c,4e314c6892122cee91d2c62d0cde3ac94d09f07f2f1529de03148a9501f41577,023e6b0e73f886a9365e206d13b50bd72ce7749a276b23589c6f14c979c3099c,2026-09-30T18:02:54Z
SubmitPartialDecryption,339,ee5d471bb881a1bd152c43390f505e82fcbca37804b0da66ad6de00bfed1882d,454,86e451d7760a4a330d01f920474e07e770fde5aa6705dd7cc2897c6473fcaa0c,4e314c6892122cee91d2c62d0cde3ac94d09f07f2f1529de03148a9501f41577,023e6b0e73f886a9365e206d13b50bd72ce7749a276b23589c6f14c979c3099c,2026-09-30T18:02:54Z
SubmitPartialDecryption,346,e062abf1b60591cc26d256c7b4e29307d60c6e5c4f2e6fd842473a4dcc83166b,454,86e451d7760a4a330d01f920474e07e770fde5aa6705dd7cc2897c6473fcaa0c,4e314c6892122cee91d2c62d0cde3ac94d09f07f2f1529de03148a9501f41577,023e6b0e73f886a9365e206d13b50bd72ce7749a276b23589c6f14c979c3099c,2026-09-30T18:02:54Z
SubmitPartialDecryption,338,6a0d7f40ee73eceff86c22c9dcf779da7f547996a3a956f6dfff0e425e8b84d0,454,86e451d7760a4a330d01f920474e07e770fde5aa6705dd7cc2897c6473fcaa0c,4e314c6892122cee91d2c62d0cde3ac94d09f07f2f1529de03148a9501f41577,023e6b0e73f886a9365e206d13b50bd72ce7749a276b23589c6f14c979c3099c,2026-09-30T18:02:54Z
SubmitPartialDecryption,336,b421177eaaefcf1ead1754a2d825cb3263caa220d3796e2d6989f2d665a78356,454,86e451d7760a4a330d01f920474e07e770fde5aa6705dd7cc2897c6473fcaa0c,4e314c6892122cee91d2c62d0cde3ac94d09f07f2f1529de03148a9501f41577,023e6b0e73f886a9365e206d13b50bd72ce7749a276b23589c6f14c979c3099c,2026-09-30T18:02:54Z
SubmitPartialDecryption,341,c5ad0d1438436c149b35e9963ec4ac32f8905570fa58a516e9b406a47c99c5e4,454,86e451d7760a4a330d01f920474e07e770fde5aa6705dd7cc2897c6473fcaa0c,4e314c6892122cee91d2c62d0cde3ac94d09f07f2f1529de03148a9501f41577,023e6b0e73f886a9365e206d13b50bd72ce7749a276b23589c6f14c979c3099c,2026-09-30T18:02:54Z
SubmitPartialDecryption,351,2a7779d0bed270db295da049e1025f4551d91c65caab470a75598dd873485d9f,454,86e451d7760a4a330d01f920474e07e770fde5aa6705dd7cc2897c6473fcaa0c,4e314c6892122cee91d2c62d0cde3ac94d09f07f2f1529de03148a9501f41577,023e6b0e73f886a9365e206d13b50bd72ce7749a276b23589c6f14c979c3099c,2026-09-30T18:02:54Z
SubmitPartialDecryption,348,93351e985b7c0c54510a17ee3c577c1c760162e2a5f709582ae67a9e89a425ac,454,86e451d7760a4a330d01f920474e07e770fde5aa6705dd7cc2897c6473fcaa0c,4e314c6892122cee91d2c62d0cde3ac94d09f07f2f1529de03148a9501f41577,023e6b0e73f886a9365e206d13b50bd72ce7749a276b23589c6f14c979c3099c,2026-09-30T18:02:54Z
SubmitPartialDecryption,343,2c44c4be46350d301827489afff04bd71dc6ee5921907ebcb84ae6286c643ce1,454,86e451d7760a4a330d01f920474e07e770fde5aa6705dd7cc2897c6473fcaa0c,4e314c6892122cee91d2c62d0cde3ac94d09f07f2f1529de03148a9501f41577,023e6b0e73f886a9365e206d13b50bd72ce7749a276b23589c6f14c979c3099c,2026-09-30T18:02:54Z
SubmitPartialDecryption,345,8180df287cb18890ade3a0ccb8ec8a32e8b4196a5b52e5d053843585357c4136,454,86e451d7760a4a330d01f920474e07e770fde5aa6705dd7cc2897c6473fcaa0c,4e314c6892122cee91d2c62d0cde3ac94d09f07f2f1529de03148a9501f41577,023e6b0e73f886a9365e206d13b50bd72ce7749a276b23589c6f14c979c3099c,2026-09-30T18:02:54Z
SubmitPartialDecryption,344,fe89081a1b3ed21138f047ebdb35cc423e262cbfae83936cb9bc7dd3f0f254e7,454,86e451d7760a4a330d01f920474e07e770fde5aa6705dd7cc2897c6473fcaa0c,4e314c6892122cee91d2c62d0cde3ac94d09f07f2f1529de03148a9501f41577,023e6b0e73f886a9365e206d13b50bd72ce7749a276b23589c6f14c979c3099c,2026-09-30T18:02:54Z
SubmitPartialDecryption,342,59c64df9fa5fa31be34afbda3d245a108e62bf8b979fe6e0eb6fef67bdb4cf18,454,86e451d7760a4a330d01f920474e07e770fde5aa6705dd7cc2897c6473fcaa0c,4e314c6892122cee91d2c62d0cde3ac94d09f07f2f1529de03148a9501f41577,023e6b0e73f886a9365e206d13b50bd72ce7749a276b23589c6f14c979c3099c,2026-09-30T18:02:54Z
SubmitPartialDecryption,355,5d1c0a5abea9379af48c00101c651ac73535be5a1737d6daa68912e7ce214957,455,4ba2f01f59203dcdcbe120f189cea5901958b7350f0f888ba4c7c7dc2db320ed,3a3c3b125df6c90f9f2135599b192ae2dedf460cd0901e652a7a1d9e8ef01f31,86e451d7760a4a330d01f920474e07e770fde5aa6705dd7cc2897c6473fcaa0c,2026-09-30T18:02:56Z
SubmitPartialDecryption,359,07d65c97064c993655b1917f597b3ff493d06f273b62c224e3f99db26b76d6d7,455,4ba2f01f59203dcdcbe120f189cea5901958b7350f0f888ba4c7c7dc2db320ed,3a3c3b125df6c90f9f2135599b192ae2dedf460cd0901e652a7a1d9e8ef01f31,86e451d7760a4a330d01f920474e07e770fde5aa6705dd7cc2897c6473fcaa0c,2026-09-30T18:02:56Z
SubmitPartialDecryption,360,fa587d4dd3b9b1bc386cfcc9466b40f6e0be15a45e750f8aa9ca690dd9950dda,455,4ba2f01f59203dcdcbe120f189cea5901958b7350f0f888ba4c7c7dc2db320ed,3a3c3b125df6c90f9f2135599b192ae2dedf460cd0901e652a7a1d9e8ef01f31,86e451d7760a4a330d01f920474e07e770fde5aa6705dd7cc2897c6473fcaa0c,2026-09-30T18:02:56Z
SubmitPartialDecryption,352,1bac6e16d0d0f2a62ab33f919a84fc2e24eead71c9642450216631440bb386b9,455,4ba2f01f59203dcdcbe120f189cea5901958b7350f0f888ba4c7c7dc2db320ed,3a3c3b125df6c90f9f2135599b192ae2dedf460cd0901e652a7a1d9e8ef01f31,86e451d7760a4a330d01f920474e07e770fde5aa6705dd7cc2897c6473fcaa0c,2026-09-30T18:02:56Z
SubmitPartialDecryption,356,8455fd03b4cad7903bc0afd69a312764f4fc30ae0014e59979520c89c17381e4,455,4ba2f01f59203dcdcbe120f189cea5901958b7350f0f888ba4c7c7dc2db320ed,3a3c3b125df6c90f9f2135599b192ae2dedf460cd0901e652a7a1d9e8ef01f31,86e451d7760a4a330d01f920474e07e770fde5aa6705dd7cc2897c6473fcaa0c,2026-09-30T18:02:56Z
SubmitPartialDecryption,366,ac70a267a35d564875224256db9a037671b6f8819f8a295e73ae4689f5209dc2,455,4ba2f01f59203dcdcbe120f189cea5901958b7350f0f888ba4c7c7dc2db320ed,3a3c3b125df6c90f9f2135599b192ae2dedf460cd0901e652a7a1d9e8ef01f31,86e451d7760a4a330d01f920474e07e770fde5aa6705dd7cc2897c6473fcaa0c,2026-09-30T18:02:56Z
SubmitPartialDecryption,364,3168c1d106794c4f276898adba7f37a208c53ed92a8a9e09fbbc22e5d4e956ab,455,4ba2f01f59203dcdcbe120f189cea5901958b7350f0f888ba4c7c7dc2db320ed,3a3c3b125df6c90f9f2135599b192ae2dedf460cd0901e652a7a1d9e8ef01f31,86e451d7760a4a330d01f920474e07e770fde5aa6705dd7cc2897c6473fcaa0c,2026-09-30T18:02:56Z
SubmitPartialDecryption,363,ec565a3f46f6204d665b73a01189113b0cb4cebc23abf12e9b7347fc49687cf1,455,4ba2f01f59203dcdcbe120f189cea5901958b7350f0f888ba4c7c7dc2db320ed,3a3c3b125df6c90f9f2135599b192ae2dedf460cd0901e652a7a1d9e8ef01f31,86e451d7760a4a330d01f920474e07e770fde5aa6705dd7cc2897c6473fcaa0c,2026-09-30T18:02:56Z
SubmitPartialDecryption,358,80ea4d26bdb6bbdf7e585fde7eb48e29f58deb9626cec0c87c7d24983c36080c,455,4ba2f01f59203dcdcbe120f189cea5901958b7350f0f888ba4c7c7dc2db320ed,3a3c3b125df6c90f9f2135599b192ae2dedf460cd0901e652a7a1d9e8ef01f31,86e451d7760a4a330d01f920474e07e770fde5aa6705dd7cc2897c6473fcaa0c,2026-09-30T18:02:56Z
SubmitPartialDecryption,367,234a62d4a44fc0fe4a21c6074deb0afd2960af908757ef59e17386912f7d3143,455,4ba2f01f59203dcdcbe120f189cea5901958b7350f0f888ba4c7c7dc2db320ed,3a3c3b125df6c90f9f2135599b192ae2dedf460cd0901e652a7a1d9e8ef01f31,86e451d7760a4a330d01f920474e07e770fde5aa6705dd7cc2897c6473fcaa0c,2026-09-30T18:02:56Z
SubmitPartialDecryption,354,ae0038647c199d80d3c11754ae0171e45e5e66061c7ceb463d73b149aa0ce9b3,455,4ba2f01f59203dcdcbe120f189cea5901958b7350f0f888ba4c7c7dc2db320ed,3a3c3b125df6c90f9f2135599b192ae2dedf460cd0901e652a7a1d9e8ef01f31,86e451d7760a4a330d01f920474e07e770fde5aa6705dd7cc2897c6473fcaa0c,2026-09-30T18:02:56Z
SubmitPartialDecryption,353,0f36ba458cdff6c4916236f2a68e43ccc3a228f62a76ba5b945ea5cc15b06ae1,455,4ba2f01f59203dcdcbe120f189cea5901958b7350f0f888ba4c7c7dc2db320ed,3a3c3b125df6c90f9f2135599b192ae2dedf460cd0901e652a7a1d9e8ef01f31,86e451d7760a4a330d01f920474e07e770fde5aa6705dd7cc2897c6473fcaa0c,2026-09-30T18:02:56Z
SubmitPartialDecryption,357,584531c3fb2243546e46064bb9f1a6c864687218862ad3e7c38c1d39d3db88fa,455,4ba2f01f59203dcdcbe120f189cea5901958b7350f0f888ba4c7c7dc2db320ed,3a3c3b125df6c90f9f2135599b192ae2dedf460cd0901e652a7a1d9e8ef01f31,86e451d7760a4a330d01f920474e07e770fde5aa6705dd7cc2897c6473fcaa0c,2026-09-30T18:02:56Z
SubmitPartialDecryption,362,228006dd334172e7b5e72fcfa9858cc2e54512c93220a65e35aa656fce3d13d3,455,4ba2f01f59203dcdcbe120f189cea5901958b7350f0f888ba4c7c7dc2db320ed,3a3c3b125df6c90f9f2135599b192ae2dedf460cd0901e652a7a1d9e8ef01f31,86e451d7760a4a330d01f920474e07e770fde5aa6705dd7cc2897c6473fcaa0c,2026-09-30T18:02:56Z
SubmitPartialDecryption,365,774fe639df9bcb478a62cf250ac05c655e254915b7bb37af86016f53ecd692a3,455,4ba2f01f59203dcdcbe120f189cea5901958b7350f0f888ba4c7c7dc2db320ed,3a3c3b125df6c90f9f2135599b192ae2dedf460cd0901e652a7a1d9e8ef01f31,86e451d7760a4a330d01f920474e07e770fde5aa6705dd7cc2897c6473fcaa0c,2026-09-30T18:02:56Z
SubmitPartialDecryption,361,1b2d835b77000cb0c3b2cd54c5aadfea71e9f36e02426a259acbd11ffb2f6fce,455,4ba2f01f59203dcdcbe120f189cea5901958b7350f0f888ba4c7c7dc2db320ed,3a3c3b125df6c90f9f2135599b192ae2dedf460cd0901e652a7a1d9e8ef01f31,86e451d7760a4a330d01f920474e07e770fde5aa6705dd7cc2897c6473fcaa0c,2026-09-30T18:02:56Z
SubmitPartialDecryption,372,e2ca7c149ddd0dd5444b9bf2656faa524d0afe508352e0c2254d66bbaacdf9af,456,94bb29dc48b4909a574925ff6637448ead5a99bb1a196404d33ee63b2f4e9ebe,cd1200f1d5e5ad5525738f005f762f942970152b51e826e84781232574994bcb,4ba2f01f59203dcdcbe120f189cea5901958b7350f0f888ba4c7c7dc2db320ed,2026-09-30T18:02:58Z
SubmitPartialDecryption,376,f175d51643dbe0e42251671b7bcfecf2f8b328b685422d13a0c889e97f1719c9,456,94bb29dc48b4909a574925ff6637448ead5a99bb1a196404d33ee63b2f4e9ebe,cd1200f1d5e5ad5525738f005f762f942970152b51e826e84781232574994bcb,4ba2f01f59203dcdcbe120f189cea5901958b7350f0f888ba4c7c7dc2db320ed,2026-09-30T18:02:58Z
SubmitPartialDecryption,383,27131328a38702ad9b1985bdd865b23448f4ef51ab1e2b7bb4f64d81b38829eb,456,94bb29dc48b4909a574925ff6637448ead5a99bb1a196404d33ee63b2f4e9ebe,cd1200f1d5e5ad5525738f005f762f942970152b51e826e84781232574994bcb,4ba2f01f59203dcdcbe120f189cea5901958b7350f0f888ba4c7c7dc2db320ed,2026-09-30T18:02:58Z
SubmitPartialDecryption,379,6acb805450ae2810d6c4ef42bb23e7b995eba04867ce08cf9afa014f787b3cc5,456,94bb29dc48b4909a574925ff6637448ead5a99bb1a196404d33ee63b2f4e9ebe,cd1200f1d5e5ad5525738f005f762f942970152b51e826e84781232574994bcb,4ba2f01f59203dcdcbe120f189cea5901958b7350f0f888ba4c7c7dc2db320ed,2026-09-30T18:02:58Z
SubmitPartialDecryption,373,6e4450cb379831f773e45e18478c40e50c382411c59b6d77ba3fc2e0637b523b,456,94bb29dc48b4909a574925ff6637448ead5a99bb1a196404d33ee63b2f4e9ebe,cd1200f1d5e5ad5525738f005f762f942970152b51e826e84781232574994bcb,4ba2f01f59203dcdcbe120f189cea5901958b7350f0f888ba4c7c7dc2db320ed,2026-09-30T18:02:58Z
SubmitPartialDecryption,374,c359f0162ef5eecc7db481b05c6f53c8f1a5f5ba0a9173cce849d36a6184ed84,456,94bb29dc48b4909a574925ff6637448ead5a99bb1a196404d33ee63b2f4e9ebe,cd1200f1d5e5ad5525738f005f762f942970152b51e826e84781232574994bcb,4ba2f01f59203dcdcbe120f189cea5901958b7350f0f888ba4c7c7dc2db320ed,2026-09-30T18:02:58Z
SubmitPartialDecryption,382,c0daa8024c555085cc714907c6e5d2f73ccc576c0ca426550006b4bfdc25775b,456,94bb29dc48b4909a574925ff6637448ead5a99bb1a196404d33ee63b2f4e9ebe,cd1200f1d5e5ad5525738f005f762f942970152b51e826e84781232574994bcb,4ba2f01f59203dcdcbe120f189cea5901958b7350f0f888ba4c7c7dc2db320ed,2026-09-30T18:02:58Z
SubmitPartialDecryption,381,84805826c809e2a4ba947f53ddfd9cd8be189fa90961fb9bbd1ec1da575f7a15,456,94bb29dc48b4909a574925ff6637448ead5a99bb1a196404d33ee63b2f4e9ebe,cd1200f1d5e5ad5525738f005f762f942970152b51e826e84781232574994bcb,4ba2f01f59203dcdcbe120f189cea5901958b7350f0f888ba4c7c7dc2db320ed,2026-09-30T18:02:58Z
SubmitPartialDecryption,375,01dad0310183421890b285f97e64b3f5387c1b9c94237b00cbc790f99007ecb1,456,94bb29dc48b4909a574925ff6637448ead5a99bb1a196404d33ee63b2f4e9ebe,cd1200f1d5e5ad5525738f005f762f942970152b51e826e84781232574994bcb,4ba2f01f59203dcdcbe120f189cea5901958b7350f0f888ba4c7c7dc2db320ed,2026-09-30T18:02:58Z
SubmitPartialDecryption,371,6ef955c0c1329d53fa4e31d3287f51c68565ac14e454ce3a2153c2e9f82e5993,456,94bb29dc48b4909a574925ff6637448ead5a99bb1a196404d33ee63b2f4e9ebe,cd1200f1d5e5ad5525738f005f762f942970152b51e826e84781232574994bcb,4ba2f01f59203dcdcbe120f189cea5901958b7350f0f888ba4c7c7dc2db320ed,2026-09-30T18:02:58Z
SubmitPartialDecryption,378,9e387ac84cf5d984543816432239cd31954c576ca709e769ddd481ea201e749d,456,94bb29dc48b4909a574925ff6637448ead5a99bb1a196404d33ee63b2f4e9ebe,cd1200f1d5e5ad5525738f005f762f942970152b51e826e84781232574994bcb,4ba2f01f59203dcdcbe120f189cea5901958b7350f0f888ba4c7c7dc2db320ed,2026-09-30T18:02:58Z
SubmitPartialDecryption,370,4483e3bf6cf7cc770c7bbb4e71017d6d4a09d3c764b0e364006ae26a37d89017,456,94bb29dc48b4909a574925ff6637448ead5a99bb1a196404d33ee63b2f4e9ebe,cd1200f1d5e5ad5525738f005f762f942970152b51e826e84781232574994bcb,4ba2f01f59203dcdcbe120f189cea5901958b7350f0f888ba4c7c7dc2db320ed,2026-09-30T18:02:58Z
SubmitPartialDecryption,368,1eb4e503f989238052fa0a2aca9c6e907ee20e3b12c6a9eb8821f05e3e923d20,456,94bb29dc48b4909a574925ff6637448ead5a99bb1a196404d33ee63b2f4e9ebe,cd1200f1d5e5ad5525738f005f762f942970152b51e826e84781232574994bcb,4ba2f01f59203dcdcbe120f189cea5901958b7350f0f888ba4c7c7dc2db320ed,2026-09-30T18:02:58Z
SubmitPartialDecryption,369,46f8cb8713755bc97ae817a07645f328d805e25ba69e3681fb48267156e6eb42,456,94bb29dc48b4909a574925ff6637448ead5a99bb1a196404d33ee63b2f4e9ebe,cd1200f1d5e5ad5525738f005f762f942970152b51e826e84781232574994bcb,4ba2f01f59203dcdcbe120f189cea5901958b7350f0f888ba4c7c7dc2db320ed,2026-09-30T18:02:58Z
SubmitPartialDecryption,380,14076fe79c9f9184f0ec3b33f9ffd748129ae0b30e47e8a6a3d112a2a0c43af2,456,94bb29dc48b4909a574925ff6637448ead5a99bb1a196404d33ee63b2f4e9ebe,cd1200f1d5e5ad5525738f005f762f942970152b51e826e84781232574994bcb,4ba2f01f59203dcdcbe120f189cea5901958b7350f0f888ba4c7c7dc2db320ed,2026-09-30T18:02:58Z
SubmitPartialDecryption,377,a7bc2176c028bfbd4b0fd53d711b0049e369d8671b6369d24736d788c5f8400e,456,94bb29dc48b4909a574925ff6637448ead5a99bb1a196404d33ee63b2f4e9ebe,cd1200f1d5e5ad5525738f005f762f942970152b51e826e84781232574994bcb,4ba2f01f59203dcdcbe120f189cea5901958b7350f0f888ba4c7c7dc2db320ed,2026-09-30T18:02:58Z
SubmitPartialDecryption,394,0f6297ac5020f848a24a0df05ef06420a787fff48b3a4da97738b8a3565cb488,457,bdddd09f63e382ee1b04cfcf11197d97c52578c0fa8dba59e16c6c4c877beb58,2035da77cccde1ed732ca45c4cb1233f40e17377cd45e25abe33909f75493403,94bb29dc48b4909a574925ff6637448ead5a99bb1a196404d33ee63b2f4e9ebe,2026-09-30T18:03:00Z
SubmitPartialDecryption,397,57db67692c9ddc16e89acdfb6759d3060313d0865328e1210bb9ec64b721f83e,457,bdddd09f63e382ee1b04cfcf11197d97c52578c0fa8dba59e16c6c4c877beb58,2035da77cccde1ed732ca45c4cb1233f40e17377cd45e25abe33909f75493403,94bb29dc48b4909a574925ff6637448ead5a99bb1a196404d33ee63b2f4e9ebe,2026-09-30T18:03:00Z
SubmitPartialDecryption,389,1f62532845362ca46ce0ef6005a74b927086ccfe0a4c2a5ad249a3edb13f0d49,457,bdddd09f63e382ee1b04cfcf11197d97c52578c0fa8dba59e16c6c4c877beb58,2035da77cccde1ed732ca45c4cb1233f40e17377cd45e25abe33909f75493403,94bb29dc48b4909a574925ff6637448ead5a99bb1a196404d33ee63b2f4e9ebe,2026-09-30T18:03:00Z
SubmitPartialDecryption,392,69a2b6964510c5640fbc7eb6be3cb6ab6ba394347308dff981afa096b1ebb237,457,bdddd09f63e382ee1b04cfcf11197d97c52578c0fa8dba59e16c6c4c877beb58,2035da77cccde1ed732ca45c4cb1233f40e17377cd45e25abe33909f75493403,94bb29dc48b4909a574925ff6637448ead5a99bb1a196404d33ee63b2f4e9ebe,2026-09-30T18:03:00Z
SubmitPartialDecryption,390,3568c15316c990f985b52e53038926fdbeda9bea860238db4bf664a70738b870,457,bdddd09f63e382ee1b04cfcf11197d97c52578c0fa8dba59e16c6c4c877beb58,2035da77cccde1ed732ca45c4cb1233f40e17377cd45e25abe33909f75493403,94bb29dc48b4909a574925ff6637448ead5a99bb1a196404d33ee63b2f4e9ebe,2026-09-30T18:03:00Z
SubmitPartialDecryption,391,666b1693b5193a81e2d71ae6301012816ebd5964115f3bd84319fa05f93f6c6d,457,bdddd09f63e382ee1b04cfcf11197d97c52578c0fa8dba59e16c6c4c877beb58,2035da77cccde1ed732ca45c4cb1233f40e17377cd45e25abe33909f75493403,94bb29dc48b4909a574925ff6637448ead5a99bb1a196404d33ee63b2f4e9ebe,2026-09-30T18:03:00Z
SubmitPartialDecryption,388,ed4837cc14ada86d0605f9e13c4466d218cbb417afebdda58c012a6685c31727,457,bdddd09f63e382ee1b04cfcf11197d97c52578c0fa8dba59e16c6c4c877beb58,2035da77cccde1ed732ca45c4cb1233f40e17377cd45e25abe33909f75493403,94bb29dc48b4909a574925ff6637448ead5a99bb1a196404d33ee63b2f4e9ebe,2026-09-30T18:03:00Z
SubmitPartialDecryption,393,5eb714440ec669947c0f2482375b36103ea59c92c6d5664cd83f58209a1a1c66,457,bdddd09f63e382ee1b04cfcf11197d97c52578c0fa8dba59e16c6c4c877beb58,2035da77cccde1ed732ca45c4cb1233f40e17377cd45e25abe33909f75493403,94bb29dc48b4909a574925ff6637448ead5a99bb1a196404d33ee63b2f4e9ebe,2026-09-30T18:03:00Z
SubmitPartialDecryption,384,1d1505a86de759d16c5c39789bdd3cf6bc18d5310e938615a5875a5cac3c8277,457,bdddd09f63e382ee1b04cfcf11197d97c52578c0fa8dba59e16c6c4c877beb58,2035da77cccde1ed732ca45c4cb1233f40e17377cd45e25abe33909f75493403,94bb29dc48b4909a574925ff6637448ead5a99bb1a196404d33ee63b2f4e9ebe,2026-09-30T18:03:00Z
SubmitPartialDecryption,387,d0afac848714ece09829515882202da7df007449ec59a2924feb914725d7a7eb,457,bdddd09f63e382ee1b04cfcf11197d97c52578c0fa8dba59e16c6c4c877beb58,2035da77cccde1ed732ca45c4cb1233f40e17377cd45e25abe33909f75493403,94bb29dc48b4909a574925ff6637448ead5a99bb1a196404d33ee63b2f4e9ebe,2026-09-30T18:03:00Z
SubmitPartialDecryption,396,87e17ba0b7593b10630c5cc7776502596ba1c5b88ce2ded8224931bcfed487cc,457,bdddd09f63e382ee1b04cfcf11197d97c52578c0fa8dba59e16c6c4c877beb58,2035da77cccde1ed732ca45c4cb1233f40e17377cd45e25abe33909f75493403,94bb29dc48b4909a574925ff6637448ead5a99bb1a196404d33ee63b2f4e9ebe,2026-09-30T18:03:00Z
SubmitPartialDecryption,399,eeac0428704bd8f7379900a1a2a8b4e2a814a0171a8cfcc2f325aa641f8f97a0,457,bdddd09f63e382ee1b04cfcf11197d97c52578c0fa8dba59e16c6c4c877beb58,2035da77cccde1ed732ca45c4cb1233f40e17377cd45e25abe33909f75493403,94bb29dc48b4909a574925ff6637448ead5a99bb1a196404d33ee63b2f4e9ebe,2026-09-30T18:03:00Z
SubmitPartialDecryption,385,fdc710ee650b96eaad3e5928afa0683a43efd453a6d8934edbc51b6b9cf8c554,457,bdddd09f63e382ee1b04cfcf11197d97c52578c0fa8dba59e16c6c4c877beb58,2035da77cccde1ed732ca45c4cb1233f40e17377cd45e25abe33909f75493403,94bb29dc48b4909a574925ff6637448ead5a99bb1a196404d33ee63b2f4e9ebe,2026-09-30T18:03:00Z
SubmitPartialDecryption,398,31164b0531624e761d2a4e1eb9127155c0b77ae518b56238319cb9bacf03a65f,457,bdddd09f63e382ee1b04cfcf11197d97c52578c0fa8dba59e16c6c4c877beb58,2035da77cccde1ed732ca45c4cb1233f40e17377cd45e25abe33909f75493403,94bb29dc48b4909a574925ff6637448ead5a99bb1a196404d33ee63b2f4e9ebe,2026-09-30T18:03:00Z
SubmitPartialDecryption,395,11f593800ab946b901c321f368351c05040fadee712394de2825691515ab7db5,457,bdddd09f63e382ee1b04cfcf11197d97c52578c0fa8dba59e16c6c4c877beb58,2035da77cccde1ed732ca45c4cb1233f40e17377cd45e25abe33909f75493403,94bb29dc48b4909a574925ff6637448ead5a99bb1a196404d33ee63b2f4e9ebe,2026-09-30T18:03:00Z
SubmitPartialDecryption,386,6f8f53ee48433f86945b77f1926d0b33031191a24965897bffa56ef3ac98295c,457,bdddd09f63e382ee1b04cfcf11197d97c52578c0fa8dba59e16c6c4c877beb58,2035da77cccde1ed732ca45c4cb1233f40e17377cd45e25abe33909f75493403,94bb29dc48b4909a574925ff6637448ead5a99bb1a196404d33ee63b2f4e9ebe,2026-09-30T18:03:00Z
SubmitPartialDecryption,412,9adf5cf415183aeb18b198d3e82d6581333d9ccaa236879056023957943673b2,458,c0ccc6e1359293e8dda2fe0d53428ff15739e912ae3d8de7bb1c4d625d9f41c7,af27a3a2743a0ac23078ef133c081392826dd2f9721e98eafc5e61df589895dc,bdddd09f63e382ee1b04cfcf11197d97c52578c0fa8dba59e16c6c4c877beb58,2026-09-30T18:03:02Z
SubmitPartialDecryption,404,3900e0d5e1fa6c7baeff4bf652c269b69e6479777803866595e54ab9807ad28c,458,c0ccc6e1359293e8dda2fe0d53428ff15739e912ae3d8de7bb1c4d625d9f41c7,af27a3a2743a0ac23078ef133c081392826dd2f9721e98eafc5e61df589895dc,bdddd09f63e382ee1b04cfcf11197d97c52578c0fa8dba59e16c6c4c877beb58,2026-09-30T18:03:02Z
SubmitPartialDecryption,403,e2367a8ef0382631c9f2056cca7ece7774ca3d44726b778d71a4b8c456427ca2,458,c0ccc6e1359293e8dda2fe0d53428ff15739e912ae3d8de7bb1c4d625d9f41c7,af27a3a2743a0ac23078ef133c081392826dd2f9721e98eafc5e61df589895dc,bdddd09f63e382ee1b04cfcf11197d97c52578c0fa8dba59e16c6c4c877beb58,2026-09-30T18:03:02Z
SubmitPartialDecryption,400,453071cc5f9521639169308b97d179b1472e495dcd88e7dbf1d3fe31b6265011,458,c0ccc6e1359293e8dda2fe0d53428ff15739e912ae3d8de7bb1c4d625d9f41c7,af27a3a2743a0ac23078ef133c081392826dd2f9721e98eafc5e61df589895dc,bdddd09f63e382ee1b04cfcf11197d97c52578c0fa8dba59e16c6c4c877beb58,2026-09-30T18:03:02Z
SubmitPartialDecryption,414,0612d00dbdec765726051227ff8401fbd7cb3c70da4aef70396ace00faf8ac7a,458,c0ccc6e1359293e8dda2fe0d53428ff15739e912ae3d8de7bb1c4d625d9f41c7,af27a3a2743a0ac23078ef133c081392826dd2f9721e98eafc5e61df589895dc,bdddd09f63e382ee1b04cfcf11197d97c52578c0fa8dba59e16c6c4c877beb58,2026-09-30T18:03:02Z
SubmitPartialDecryption,410,e6e26ee8159667f9a8ef6793ce5ae706000e6df240dddeae45b4fc3fd87a0b94,458,c0ccc6e1359293e8dda2fe0d53428ff15739e912ae3d8de7bb1c4d625d9f41c7,af27a3a2743a0ac23078ef133c081392826dd2f9721e98eafc5e61df589895dc,bdddd09f63e382ee1b04cfcf11197d97c52578c0fa8dba59e16c6c4c877beb58,2026-09-30T18:03:02Z
SubmitPartialDecryption,402,d047c67a2dab016af706b9e3993f76593788578458ffe63ed13f5259b8059591,458,c0ccc6e1359293e8dda2fe0d53428ff15739e912ae3d8de7bb1c4d625d9f41c7,af27a3a2743a0ac23078ef133c081392826dd2f9721e98eafc5e61df589895dc,bdddd09f63e382ee1b04cfcf11197d97c52578c0fa8dba59e16c6c4c877beb58,2026-09-30T18:03:02Z
SubmitPartialDecryption,401,1a4683b0176aa9dc48df849b317102cbb2db6f3678c245865bf32a033558421b,458,c0ccc6e1359293e8dda2fe0d53428ff15739e912ae3d8de7bb1c4d625d9f41c7,af27a3a2743a0ac23078ef133c081392826dd2f9721e98eafc5e61df589895dc,bdddd09f63e382ee1b04cfcf11197d97c52578c0fa8dba59e16c6c4c877beb58,2026-09-30T18:03:02Z
SubmitPartialDecryption,413,dd50153cb8b5fafe8e19c968470bb94fc106263df78188f7c13a89a39d7ed601,458,c0ccc6e1359293e8dda2fe0d53428ff15739e912ae3d8de7bb1c4d625d9f41c7,af27a3a2743a0ac23078ef133c081392826dd2f9721e98eafc5e61df589895dc,bdddd09f63e382ee1b04cfcf11197d97c52578c0fa8dba59e16c6c4c877beb58,2026-09-30T18:03:02Z
SubmitPartialDecryption,407,c98e53e20288c52c39989c8800093f04e01b7ede99e0672a9f5b96f21d8aeb66,458,c0ccc6e1359293e8dda2fe0d53428ff15739e912ae3d8de7bb1c4d625d9f41c7,af27a3a2743a0ac23078ef133c081392826dd2f9721e98eafc5e61df589895dc,bdddd09f63e382ee1b04cfcf11197d97c52578c0fa8dba59e16c6c4c877beb58,2026-09-30T18:03:02Z
SubmitPartialDecryption,411,6947fb1f79a91a30d6064cdcf6cd12ef7689f8da78efad58badf2418c015101c,458,c0ccc6e1359293e8dda2fe0d53428ff15739e912ae3d8de7bb1c4d625d9f41c7,af27a3a2743a0ac23078ef133c081392826dd2f9721e98eafc5e61df589895dc,bdddd09f63e382ee1b04cfcf11197d97c52578c0fa8dba59e16c6c4c877beb58,2026-09-30T18:03:02Z
SubmitPartialDecryption,406,bd241110c83020df2006fd5da578da20407178a096f4c63c33df95799e5c466c,458,c0ccc6e1359293e8dda2fe0d53428ff15739e912ae3d8de7bb1c4d625d9f41c7,af27a3a2743a0ac23078ef133c081392826dd2f9721e98eafc5e61df589895dc,bdddd09f63e382ee1b04cfcf11197d97c52578c0fa8dba59e16c6c4c877beb58,2026-09-30T18:03:02Z
SubmitPartialDecryption,405,d23e9de52e4401a3d25eea300fea264153d6edf8139012ffb1046c8d0d835345,458,c0ccc6e1359293e8dda2fe0d53428ff15739e912ae3d8de7bb1c4d625d9f41c7,af27a3a2743a0ac23078ef133c081392826dd2f9721e98eafc5e61df589895dc,bdddd09f63e382ee1b04cfcf11197d97c52578c0fa8dba59e16c6c4c877beb58,2026-09-30T18:03:02Z
SubmitPartialDecryption,408,ef59d83bb4548ee2ffa276b13b847ad92cc5e7bd9aa9a8aa3ae4fa60c6f1a7b1,458,c0ccc6e1359293e8dda2fe0d53428ff15739e912ae3d8de7bb1c4d625d9f41c7,af27a3a2743a0ac23078ef133c081392826dd2f9721e98eafc5e61df589895dc,bdddd09f63e382ee1b04cfcf11197d97c52578c0fa8dba59e16c6c4c877beb58,2026-09-30T18:03:02Z
SubmitPartialDecryption,409,cfa257c44948a3b9e428244de7a600cf27592fa351240285469d8fbaaf81abd3,458,c0ccc6e1359293e8dda2fe0d53428ff15739e912ae3d8de7bb1c4d625d9f41c7,af27a3a2743a0ac23078ef133c081392826dd2f9721e98eafc5e61df589895dc,bdddd09f63e382ee1b04cfcf11197d97c52578c0fa8dba59e16c6c4c877beb58,2026-09-30T18:03:02Z
SubmitPartialDecryption,415,b5283e08bfab4947dc78efd417dd63cda4c5851ad6d377c2929898a5901fcc3a,458,c0ccc6e1359293e8dda2fe0d53428ff15739e912ae3d8de7bb1c4d625d9f41c7,af27a3a2743a0ac23078ef133c081392826dd2f9721e98eafc5e61df589895dc,bdddd09f63e382ee1b04cfcf11197d97c52578c0fa8dba59e16c6c4c877beb58,2026-09-30T18:03:02Z
SubmitPartialDecryption,419,a499d73579b6c8a444339d2e251807730e78016026da00f4ff315221059cfd70,459,e92861a35e5189d3a01c6bf3064ed1a15a6d4f2def466ce110bf9aa67bb4f19f,106d5afe83ad21eee34e1e8687e64f3299d402cd217201d29891e1e50a5f5e07,c0ccc6e1359293e8dda2fe0d53428ff15739e912ae3d8de7bb1c4d625d9f41c7,2026-09-30T18:03:04Z
SubmitPartialDecryption,416,03aa4aa6303368d41ab8ab3039394cdb161b06849768d623ecf5f3eaf8ba3100,459,e92861a35e5189d3a01c6bf3064ed1a15a6d4f2def466ce110bf9aa67bb4f19f,106d5afe83ad21eee34e1e8687e64f3299d402cd217201d29891e1e50a5f5e07,c0ccc6e1359293e8dda2fe0d53428ff15739e912ae3d8de7bb1c4d625d9f41c7,2026-09-30T18:03:04Z
SubmitPartialDecryption,418,7eb067f4efcb571aff0cc0a63b16c871600b41199d78e010b5f8644a25a92069,459,e92861a35e5189d3a01c6bf3064ed1a15a6d4f2def466ce110bf9aa67bb4f19f,106d5afe83ad21eee34e1e8687e64f3299d402cd217201d29891e1e50a5f5e07,c0ccc6e1359293e8dda2fe0d53428ff15739e912ae3d8de7bb1c4d625d9f41c7,2026-09-30T18:03:04Z
SubmitPartialDecryption,417,5001ec0cb9ceeb74da1636f9bbda9826f535da3ce08425e2722b745bedf366e8,459,e92861a35e5189d3a01c6bf3064ed1a15a6d4f2def466ce110bf9aa67bb4f19f,106d5afe83ad21eee34e1e8687e64f3299d402cd217201d29891e1e50a5f5e07,c0ccc6e1359293e8dda2fe0d53428ff15739e912ae3d8de7bb1c4d625d9f41c7,2026-09-30T18:03:04Z
PublishTally,,5f9a12c0236a543f1714017b19e72c923840a8011b89cbc7978b0f8f38b4ceb3,460,d67f6918510ad3634136f493a25446fcad774bb2bce2a05352620505d64c012b,8866f079d16d6fc8368df919197614111c797d8b6f4671212fa79bbf97226e6f,e92861a35e5189d3a01c6bf3064ed1a15a6d4f2def466ce110bf9aa67bb4f19f,2026-09-30T18:03:06Z
