event,ref,tx_id,block_number,block_hash,data_hash,previous_hash,timestamp
CreateElection,,c9b343b84aa68e2fe3961e84569ae78449f33a64409d4ef484f0bcef95e374fc,6,72a8e11eed5594346f0a58fdf607c013ac9d1334d0094c1f90dddd8047ffd94f,50f30bfe7e812cc4fda996dcb5c30a0c0d492825787b82956761e1e7a25098cf,cc06d4bdb0a47ad9ef3211cfeab5f161e250e705e5a6e6b68e08e7b1e5999ff6,2026-09-30T17:40:11Z
PublishDKGTranscript,,18f6bdd590717927ef0892ffaa27c14f31296e1bfe5d197a1879decd8eeb51b1,7,749ab5f6d9d7a4d75c50afb9ae205ecb4fa5258bc9b7247ecd5c2340e0d835f1,117cbdc7f2d7bf88676d050ccae28ead2f2fc7620a6b137216c8db5a6605ca6d,72a8e11eed5594346f0a58fdf607c013ac9d1334d0094c1f90dddd8047ffd94f,2026-09-30T17:40:13Z
CloseElection,,2a2cb142983f53c8b7175564afdc67c255bc9bd3b05cb5514d764460f1d6652c,68,952a734d75b03c97e8326e569ac1141005e379c3fa5a6c6217885ebede19ceb9,58b108860aa1b2924e63ccc292973c931416ac2161bd4bfc3de74b57c5d55502,b3a7fc6bd2f424fb48b58d3e446bceb47ef07635948991740acbaef3d5dc7153,2026-09-30T17:40:29Z
SubmitPartialDecryption,4,4835719e96c97747571cc4848a035da12087675d96b04a8182600dae8f918679,69,ad6d6590a65fe24c11720056aa232df6a7c60363ff90f34d9cce0fdea42f00a8,68b8b44f782bb58ad696aa95acd02828f734a9ee6fea870eb9c0a2450b1cdabd,952a734d75b03c97e8326e569ac1141005e379c3fa5a6c6217885ebede19ceb9,2026-09-30T17:40:31Z
SubmitPartialDecryption,3,4efcdcde94d78d758568b95ac482f55edfebd511443d023d87b19e2034b6d1a7,69,ad6d6590a65fe24c11720056aa232df6a7c60363ff90f34d9cce0fdea42f00a8,68b8b44f782bb58ad696aa95acd02828f734a9ee6fea870eb9c0a2450b1cdabd,952a734d75b03c97e8326e569ac1141005e379c3fa5a6c6217885ebede19ceb9,2026-09-30T17:40:31Z
SubmitPartialDecryption,11,146af3606fff09e0988c267613cf1f4698532b3ed4e55c6e32858716b234701b,69,ad6d6590a65fe24c11720056aa232df6a7c60363ff90f34d9cce0fdea42f00a8,68b8b44f782bb58ad696aa95acd02828f734a9ee6fea870eb9c0a2450b1cdabd,952a734d75b03c97e8326e569ac1141005e379c3fa5a6c6217885ebede19ceb9,2026-09-30T17:40:31Z
SubmitPartialDecryption,2,34d370ca77d169254fed365119d02f3cfb9ec02712c8fb0056208e9322684ea5,69,ad6d6590a65fe24c11720056aa232df6a7c60363ff90f34d9cce0fdea42f00a8,68b8b44f782bb58ad696aa95acd02828f734a9ee6fea870eb9c0a2450b1cdabd,952a734d75b03c97e8326e569ac1141005e379c3fa5a6c6217885ebede19ceb9,2026-09-30T17:40:31Z
SubmitPartialDecryption,0,5ad411ea91f3f222df40146728e45d25d24ea3ce9a14493efc5e1c7c9bca0f8f,69,ad6d6590a65fe24c11720056aa232df6a7c60363ff90f34d9cce0fdea42f00a8,68b8b44f782bb58ad696aa95acd02828f734a9ee6fea870eb9c0a2450b1cdabd,952a734d75b03c97e8326e569ac1141005e379c3fa5a6c6217885ebede19ceb9,2026-09-30T17:40:31Z
SubmitPartialDecryption,12,840047014b04b37a23de8033b7eca7a02dda8c3aa2f6df4e1e8d247f5503c92f,69,ad6d6590a65fe24c11720056aa232df6a7c60363ff90f34d9cce0fdea42f00a8,68b8b44f782bb58ad696aa95acd02828f734a9ee6fea870eb9c0a2450b1cdabd,952a734d75b03c97e8326e569ac1141005e379c3fa5a6c6217885ebede19ceb9,2026-09-30T17:40:31Z
SubmitPartialDecryption,8,8550ec02a510b5f09c709fcbcdaf44839d74b2912b4381fea1273be393f994f2,69,ad6d6590a65fe24c11720056aa232df6a7c60363ff90f34d9cce0fdea42f00a8,68b8b44f782bb58ad696aa95acd02828f734a9ee6fea870eb9c0a2450b1cdabd,952a734d75b03c97e8326e569ac1141005e379c3fa5a6c6217885ebede19ceb9,2026-09-30T17:40:31Z
SubmitPartialDecryption,14,5001d675954c4785a03db99c6ab680d0a1967676226a4a04475236d551a07f9c,69,ad6d6590a65fe24c11720056aa232df6a7c60363ff90f34d9cce0fdea42f00a8,68b8b44f782bb58ad696aa95acd02828f734a9ee6fea870eb9c0a2450b1cdabd,952a734d75b03c97e8326e569ac1141005e379c3fa5a6c6217885ebede19ceb9,2026-09-30T17:40:31Z
SubmitPartialDecryption,10,11b6047b45e21a38707312e7ef770aa1acd64c839088e447c5bf8040f426c2dc,69,ad6d6590a65fe24c11720056aa232df6a7c60363ff90f34d9cce0fdea42f00a8,68b8b44f782bb58ad696aa95acd02828f734a9ee6fea870eb9c0a2450b1cdabd,952a734d75b03c97e8326e569ac1141005e379c3fa5a6c6217885ebede19ceb9,2026-09-30T17:40:31Z
SubmitPartialDecryption,15,f8f41e1008c5270edb6e70a5974985f10206d16fef6bbb1bd0d00e9e3518018b,69,ad6d6590a65fe24c11720056aa232df6a7c60363ff90f34d9cce0fdea42f00a8,68b8b44f782bb58ad696aa95acd02828f734a9ee6fea870eb9c0a2450b1cdabd,952a734d75b03c97e8326e569ac1141005e379c3fa5a6c6217885ebede19ceb9,2026-09-30T17:40:31Z
SubmitPartialDecryption,13,065249d1c9924e99b2f852ed3bf54e2cfad4b93ddc9417610120d9c0d02f3d90,69,ad6d6590a65fe24c11720056aa232df6a7c60363ff90f34d9cce0fdea42f00a8,68b8b44f782bb58ad696aa95acd02828f734a9ee6fea870eb9c0a2450b1cdabd,952a734d75b03c97e8326e569ac1141005e379c3fa5a6c6217885ebede19ceb9,2026-09-30T17:40:31Z
SubmitPartialDecryption,7,118565ea9983e332d6cd4b5825a984d3c9ff1f8972c2cf64c20e6170282a68fd,69,ad6d6590a65fe24c11720056aa232df6a7c60363ff90f34d9cce0fdea42f00a8,68b8b44f782bb58ad696aa95acd02828f734a9ee6fea870eb9c0a2450b1cdabd,952a734d75b03c97e8326e569ac1141005e379c3fa5a6c6217885ebede19ceb9,2026-09-30T17:40:31Z
SubmitPartialDecryption,6,8306e0bb9be47cbebe8bd185a8a44d6b6aa6aee956453d315e366d590aae7ed7,69,ad6d6590a65fe24c11720056aa232df6a7c60363ff90f34d9cce0fdea42f00a8,68b8b44f782bb58ad696aa95acd02828f734a9ee6fea870eb9c0a2450b1cdabd,952a734d75b03c97e8326e569ac1141005e379c3fa5a6c6217885ebede19ceb9,2026-09-30T17:40:31Z
SubmitPartialDecryption,1,ebd8abfa193cf88dc4f939fb0f80901d4267b80fcd131f7a22661439682e9e57,69,ad6d6590a65fe24c11720056aa232df6a7c60363ff90f34d9cce0fdea42f00a8,68b8b44f782bb58ad696aa95acd02828f734a9ee6fea870eb9c0a2450b1cdabd,952a734d75b03c97e8326e569ac1141005e379c3fa5a6c6217885ebede19ceb9,2026-09-30T17:40:31Z
SubmitPartialDecryption,9,9b27d0b76d4dd333c0333754ea8cdaf0ec44768da771abbd4f8d7b53b7ba6f20,69,ad6d6590a65fe24c11720056aa232df6a7c60363ff90f34d9cce0fdea42f00a8,68b8b44f782bb58ad696aa95acd02828f734a9ee6fea870eb9c0a2450b1cdabd,952a734d75b03c97e8326e569ac1141005e379c3fa5a6c6217885ebede19ceb9,2026-09-30T17:40:31Z
SubmitPartialDecryption,5,528bb3b910578a0c0b02e6d5578940c55ae1f3dfa576dbd8e413ffef40fd9844,69,ad6d6590a65fe24c11720056aa232df6a7c60363ff90f34d9cce0fdea42f00a8,68b8b44f782bb58ad696aa95acd02828f734a9ee6fea870eb9c0a2450b1cdabd,952a734d75b03c97e8326e569ac1141005e379c3fa5a6c6217885ebede19ceb9,2026-09-30T17:40:31Z
SubmitPartialDecryption,27,86bed0d4481f9a51f2df6e06c38981e0b91f84cc481d13317107c91a750c5ee9,70,c27e0e3fe2a6906ee29c957477c0c2573317e12bacbc33138c2ec26e7eb8f37c,5a2e5b32e85ff9612318f431b5ce68c06945d799f20989a5cdf0719c4ba42c09,ad6d6590a65fe24c11720056aa232df6a7c60363ff90f34d9cce0fdea42f00a8,2026-09-30T17:40:33Z
SubmitPartialDecryption,30,38d8e3a33fcdbc8d87c261607241deb41ac942e8936afa28a8492ee35ee3f176,70,c27e0e3fe2a6906ee29c957477c0c2573317e12bacbc33138c2ec26e7eb8f37c,5a2e5b32e85ff9612318f431b5ce68c06945d799f20989a5cdf0719c4ba42c09,ad6d6590a65fe24c11720056aa232df6a7c60363ff90f34d9cce0fdea42f00a8,2026-09-30T17:40:33Z
SubmitPartialDecryption,28,4c1f799292e1cb5d023101cfbd9cd03a7ccc8f91c3e72f4e732d57ee013bd8b9,70,c27e0e3fe2a6906ee29c957477c0c2573317e12bacbc33138c2ec26e7eb8f37c,5a2e5b32e85ff9612318f431b5ce68c06945d799f20989a5cdf0719c4ba42c09,ad6d6590a65fe24c11720056aa232df6a7c60363ff90f34d9cce0fdea42f00a8,2026-09-30T17:40:33Z
SubmitPartialDecryption,20,13b0259cb5d3ddae73343043f3975c8c55126792f2088a474ed9a6dc52f3a0d5,70,c27e0e3fe2a6906ee29c957477c0c2573317e12bacbc33138c2ec26e7eb8f37c,5a2e5b32e85ff9612318f431b5ce68c06945d799f20989a5cdf0719c4ba42c09,ad6d6590a65fe24c11720056aa232df6a7c60363ff90f34d9cce0fdea42f00a8,2026-09-30T17:40:33Z
SubmitPartialDecryption,31,674e3a6e1608bc3190d81b64627fa2f4b8f3e34e6736f27649ff9527fae9c940,70,c27e0e3fe2a6906ee29c957477c0c2573317e12bacbc33138c2ec26e7eb8f37c,5a2e5b32e85ff9612318f431b5ce68c06945d799f20989a5cdf0719c4ba42c09,ad6d6590a65fe24c11720056aa232df6a7c60363ff90f34d9cce0fdea42f00a8,2026-09-30T17:40:33Z
SubmitPartialDecryption,23,99fe9edeff447dcb608beb3b2b792af0477a23e35898a9b0c7b8be111c406fe3,70,c27e0e3fe2a6906ee29c957477c0c2573317e12bacbc33138c2ec26e7eb8f37c,5a2e5b32e85ff9612318f431b5ce68c06945d799f20989a5cdf0719c4ba42c09,ad6d6590a65fe24c11720056aa232df6a7c60363ff90f34d9cce0fdea42f00a8,2026-09-30T17:40:33Z
SubmitPartialDecryption,18,3d13e213d094c651509056dc655b5e6d41822bad2c0611457b45ac258edac790,70,c27e0e3fe2a6906ee29c957477c0c2573317e12bacbc33138c2ec26e7eb8f37c,5a2e5b32e85ff9612318f431b5ce68c06945d799f20989a5cdf0719c4ba42c09,ad6d6590a65fe24c11720056aa232df6a7c60363ff90f34d9cce0fdea42f00a8,2026-09-30T17:40:33Z
SubmitPartialDecryption,24,b84378b797b74a047050351442a12fba9b9f1a61e3e2dd153d6427635e67d8db,70,c27e0e3fe2a6906ee29c957477c0c2573317e12bacbc33138c2ec26e7eb8f37c,5a2e5b32e85ff9612318f431b5ce68c06945d799f20989a5cdf0719c4ba42c09,ad6d6590a65fe24c11720056aa232df6a7c60363ff90f34d9cce0fdea42f00a8,2026-09-30T17:40:33Z
SubmitPartialDecryption,22,641dae3cc44ae836e258087957fc43787dbd4f8cca30ffde7be270a85dada824,70,c27e0e3fe2a6906ee29c957477c0c2573317e12bacbc33138c2ec26e7eb8f37c,5a2e5b32e85ff9612318f431b5ce68c06945d799f20989a5cdf0719c4ba42c09,ad6d6590a65fe24c11720056aa232df6a7c60363ff90f34d9cce0fdea42f00a8,2026-09-30T17:40:33Z
SubmitPartialDecryption,16,d6b300366ab2031363eaeb7ed84fb72c3dedcf2162542cc6838ae27cf5aec5c8,70,c27e0e3fe2a6906ee29c957477c0c2573317e12bacbc33138c2ec26e7eb8f37c,5a2e5b32e85ff9612318f431b5ce68c06945d799f20989a5cdf0719c4ba42c09,ad6d6590a65fe24c11720056aa232df6a7c60363ff90f34d9cce0fdea42f00a8,2026-09-30T17:40:33Z
SubmitPartialDecryption,25,98692243e5e05658e97e5664ec8371b095a9f1997cd53b0163e49065b69ab8e4,70,c27e0e3fe2a6906ee29c957477c0c2573317e12bacbc33138c2ec26e7eb8f37c,5a2e5b32e85ff9612318f431b5ce68c06945d799f20989a5cdf0719c4ba42c09,ad6d6590a65fe24c11720056aa232df6a7c60363ff90f34d9cce0fdea42f00a8,2026-09-30T17:40:33Z
SubmitPartialDecryption,29,7b9f16f233ffba23f75c75be1c961f1a0e7e3da0bfdacdffb0c57c60db117144,70,c27e0e3fe2a6906ee29c957477c0c2573317e12bacbc33138c2ec26e7eb8f37c,5a2e5b32e85ff9612318f431b5ce68c06945d799f20989a5cdf0719c4ba42c09,ad6d6590a65fe24c11720056aa232df6a7c60363ff90f34d9cce0fdea42f00a8,2026-09-30T17:40:33Z
SubmitPartialDecryption,26,10496c742e919f7724f94c3a99fb0494ad174ab9b3d592111242a7c2ecfd4a5b,70,c27e0e3fe2a6906ee29c957477c0c2573317e12bacbc33138c2ec26e7eb8f37c,5a2e5b32e85ff9612318f431b5ce68c06945d799f20989a5cdf0719c4ba42c09,ad6d6590a65fe24c11720056aa232df6a7c60363ff90f34d9cce0fdea42f00a8,2026-09-30T17:40:33Z
SubmitPartialDecryption,17,dba57ebaa1d9dcb4f5b6a35ee5d7fdc634ef1a5876d5034390cc1680d2319ef0,70,c27e0e3fe2a6906ee29c957477c0c2573317e12bacbc33138c2ec26e7eb8f37c,5a2e5b32e85ff9612318f431b5ce68c06945d799f20989a5cdf0719c4ba42c09,ad6d6590a65fe24c11720056aa232df6a7c60363ff90f34d9cce0fdea42f00a8,2026-09-30T17:40:33Z
SubmitPartialDecryption,19,984a5a4781903a7ac73f46c403d83902920c53e4fc8433e70755f8b8c1bb8b84,70,c27e0e3fe2a6906ee29c957477c0c2573317e12bacbc33138c2ec26e7eb8f37c,5a2e5b32e85ff9612318f431b5ce68c06945d799f20989a5cdf0719c4ba42c09,ad6d6590a65fe24c11720056aa232df6a7c60363ff90f34d9cce0fdea42f00a8,2026-09-30T17:40:33Z
SubmitPartialDecryption,21,64127c348a3db661a925185d53df5b8fb03d46f844d98123d79b1dc7145d1d3a,70,c27e0e3fe2a6906ee29c957477c0c2573317e12bacbc33138c2ec26e7eb8f37c,5a2e5b32e85ff9612318f431b5ce68c06945d799f20989a5cdf0719c4ba42c09,ad6d6590a65fe24c11720056aa232df6a7c60363ff90f34d9cce0fdea42f00a8,2026-09-30T17:40:33Z
SubmitPartialDecryption,34,ecbfca0161b22b45c049602ca8979f44e9f691df0e4429432f5d3f5ccc32b87b,71,ed690ccd0a38b6dd6f92c2fffb427260a008ac30521263a0fd948dbd665d71fa,c15f37bbb39d439f31cb63361b9b3d518d857b4b107e1515cc18961befd0154b,c27e0e3fe2a6906ee29c957477c0c2573317e12bacbc33138c2ec26e7eb8f37c,2026-09-30T17:40:35Z
SubmitPartialDecryption,35,8832b97ff7c8b1835d1ac2a9730314b02f29734998e787347de85956e0d2ff69,71,ed690ccd0a38b6dd6f92c2fffb427260a008ac30521263a0fd948dbd665d71fa,c15f37bbb39d439f31cb63361b9b3d518d857b4b107e1515cc18961befd0154b,c27e0e3fe2a6906ee29c957477c0c2573317e12bacbc33138c2ec26e7eb8f37c,2026-09-30T17:40:35Z
SubmitPartialDecryption,39,99befe999fc8116ac474149be205e23306b67964f112c9587530a9ebf0621cf9,71,ed690ccd0a38b6dd6f92c2fffb427260a008ac30521263a0fd948dbd665d71fa,c15f37bbb39d439f31cb63361b9b3d518d857b4b107e1515cc18961befd0154b,c27e0e3fe2a6906ee29c957477c0c2573317e12bacbc33138c2ec26e7eb8f37c,2026-09-30T17:40:35Z
SubmitPartialDecryption,38,e08ba6b8d6006762750ed078498be5be4def770cb25eaa6f0766c016d836167d,71,ed690ccd0a38b6dd6f92c2fffb427260a008ac30521263a0fd948dbd665d71fa,c15f37bbb39d439f31cb63361b9b3d518d857b4b107e1515cc18961befd0154b,c27e0e3fe2a6906ee29c957477c0c2573317e12bacbc33138c2ec26e7eb8f37c,2026-09-30T17:40:35Z
SubmitPartialDecryption,44,ba02c6ce7724de78fec502295b628210af4c5542460a5a837ed242b8561fd984,71,ed690ccd0a38b6dd6f92c2fffb427260a008ac30521263a0fd948dbd665d71fa,c15f37bbb39d439f31cb63361b9b3d518d857b4b107e1515cc18961befd0154b,c27e0e3fe2a6906ee29c957477c0c2573317e12bacbc33138c2ec26e7eb8f37c,2026-09-30T17:40:35Z
SubmitPartialDecryption,37,735e5d2df62b5f5a08df16c71708305f904f68a45acf7838c46f31e87aac54bb,71,ed690ccd0a38b6dd6f92c2fffb427260a008ac30521263a0fd948dbd665d71fa,c15f37bbb39d439f31cb63361b9b3d518d857b4b107e1515cc18961befd0154b,c27e0e3fe2a6906ee29c957477c0c2573317e12bacbc33138c2ec26e7eb8f37c,2026-09-30T17:40:35Z
SubmitPartialDecryption,40,d0418380129749496b298936c02f8e4ec6aee281506b19bafd383e268c57ada0,71,ed690ccd0a38b6dd6f92c2fffb427260a008ac30521263a0fd948dbd665d71fa,c15f37bbb39d439f31cb63361b9b3d518d857b4b107e1515cc18961befd0154b,c27e0e3fe2a6906ee29c957477c0c2573317e12bacbc33138c2ec26e7eb8f37c,2026-09-30T17:40:35Z
SubmitPartialDecryption,36,8da543d0827f0a026664bb417fe0353587aa900e531e20b67d67df75ab676044,71,ed690ccd0a38b6dd6f92c2fffb427260a008ac30521263a0fd948dbd665d71fa,c15f37bbb39d439f31cb63361b9b3d518d857b4b107e1515cc18961befd0154b,c27e0e3fe2a6906ee29c957477c0c2573317e12bacbc33138c2ec26e7eb8f37c,2026-09-30T17:40:35Z
SubmitPartialDecryption,43,b369ebc0191977d25bf5146f031680796d610884e3d063845917096734372769,71,ed690ccd0a38b6dd6f92c2fffb427260a008ac30521263a0fd948dbd665d71fa,c15f37bbb39d439f31cb63361b9b3d518d857b4b107e1515cc18961befd0154b,c27e0e3fe2a6906ee29c957477c0c2573317e12bacbc33138c2ec26e7eb8f37c,2026-09-30T17:40:35Z
SubmitPartialDecryption,45,101130800e0a6372b023f35526c6ca5af04535287837b07d3f526bc9414ac58f,71,ed690ccd0a38b6dd6f92c2fffb427260a008ac30521263a0fd948dbd665d71fa,c15f37bbb39d439f31cb63361b9b3d518d857b4b107e1515cc18961befd0154b,c27e0e3fe2a6906ee29c957477c0c2573317e12bacbc33138c2ec26e7eb8f37c,2026-09-30T17:40:35Z
SubmitPartialDecryption,42,5760973c07a7862eb426c7b60372422ca2dca92658bee2c94a4abc361f4935af,71,ed690ccd0a38b6dd6f92c2fffb427260a008ac30521263a0fd948dbd665d71fa,c15f37bbb39d439f31cb63361b9b3d518d857b4b107e1515cc18961befd0154b,c27e0e3fe2a6906ee29c957477c0c2573317e12bacbc33138c2ec26e7eb8f37c,2026-09-30T17:40:35Z
SubmitPartialDecryption,47,b25fbec58a0610022116d0b2fb7bb1540a67e0c03d31007e0a7407c916f06361,71,ed690ccd0a38b6dd6f92c2fffb427260a008ac30521263a0fd948dbd665d71fa,c15f37bbb39d439f31cb63361b9b3d518d857b4b107e1515cc18961befd0154b,c27e0e3fe2a6906ee29c957477c0c2573317e12bacbc33138c2ec26e7eb8f37c,2026-09-30T17:40:35Z
SubmitPartialDecryption,33,837a767bba604456a08fb041efcccecc4f6f8e3759f88475c925873e70d8a03a,71,ed690ccd0a38b6dd6f92c2fffb427260a008ac30521263a0fd948dbd665d71fa,c15f37bbb39d439f31cb63361b9b3d518d857b4b107e1515cc18961befd0154b,c27e0e3fe2a6906ee29c957477c0c2573317e12bacbc33138c2ec26e7eb8f37c,2026-09-30T17:40:35Z
SubmitPartialDecryption,32,24b8e9a8d00f0be4fd17822f4330b25919672689d45a339de4d10af270a6443b,71,ed690ccd0a38b6dd6f92c2fffb427260a008ac30521263a0fd948dbd665d71fa,c15f37bbb39d439f31cb63361b9b3d518d857b4b107e1515cc18961befd0154b,c27e0e3fe2a6906ee29c957477c0c2573317e12bacbc33138c2ec26e7eb8f37c,2026-09-30T17:40:35Z
SubmitPartialDecryption,41,8d690abbe78fb037db84dea4eab8607c267febef44550aa507d200e5e94e6fb9,71,ed690ccd0a38b6dd6f92c2fffb427260a008ac30521263a0fd948dbd665d71fa,c15f37bbb39d439f31cb63361b9b3d518d857b4b107e1515cc18961befd0154b,c27e0e3fe2a6906ee29c957477c0c2573317e12bacbc33138c2ec26e7eb8f37c,2026-09-30T17:40:35Z
SubmitPartialDecryption,46,2b78ef389aaaba84cc2c201f21cc72cfec4e0caa4b076ce891253904b881a64a,71,ed690ccd0a38b6dd6f92c2fffb427260a008ac30521263a0fd948dbd665d71fa,c15f37bbb39d439f31cb63361b9b3d518d857b4b107e1515cc18961befd0154b,c27e0e3fe2a6906ee29c957477c0c2573317e12bacbc33138c2ec26e7eb8f37c,2026-09-30T17:40:35Z
SubmitPartialDecryption,55,7163b55a816c93cd9528ab74e518c0b0a4cec638b140a0c35539247a1e021ff4,72,4def1bdfe3b92624b26384d6fb6700000578be929eff9fda3b8772f85c8d6123,bfb01d2162c95e2f6eeca00c300bf3e5a47cfbace63f6700b5f28a304ef2045b,ed690ccd0a38b6dd6f92c2fffb427260a008ac30521263a0fd948dbd665d71fa,2026-09-30T17:40:37Z
SubmitPartialDecryption,56,802002fbcb21f5122e53c2e5d9b95b87678594ff377b94e62f3a7a19bab6b610,72,4def1bdfe3b92624b26384d6fb6700000578be929eff9fda3b8772f85c8d6123,bfb01d2162c95e2f6eeca00c300bf3e5a47cfbace63f6700b5f28a304ef2045b,ed690ccd0a38b6dd6f92c2fffb427260a008ac30521263a0fd948dbd665d71fa,2026-09-30T17:40:37Z
SubmitPartialDecryption,48,a4856e2bf5cc73a46eb8251c736f289a304186c537b4317c508e5dbd80578d54,72,4def1bdfe3b92624b26384d6fb6700000578be929eff9fda3b8772f85c8d6123,bfb01d2162c95e2f6eeca00c300bf3e5a47cfbace63f6700b5f28a304ef2045b,ed690ccd0a38b6dd6f92c2fffb427260a008ac30521263a0fd948dbd665d71fa,2026-09-30T17:40:37Z
SubmitPartialDecryption,54,b48ee38a0ba0a74a615988d90b76062b08b6ca3385a4f4d825dc3ca9fb83826a,72,4def1bdfe3b92624b26384d6fb6700000578be929eff9fda3b8772f85c8d6123,bfb01d2162c95e2f6eeca00c300bf3e5a47cfbace63f6700b5f28a304ef2045b,ed690ccd0a38b6dd6f92c2fffb427260a008ac30521263a0fd948dbd665d71fa,2026-09-30T17:40:37Z
SubmitPartialDecryption,52,dfcca6b2874005cbb0088cf8b8a185dedc45744a7aeed0948731517ace938b0e,72,4def1bdfe3b92624b26384d6fb6700000578be929eff9fda3b8772f85c8d6123,bfb01d2162c95e2f6eeca00c300bf3e5a47cfbace63f6700b5f28a304ef2045b,ed690ccd0a38b6dd6f92c2fffb427260a008ac30521263a0fd948dbd665d71fa,2026-09-30T17:40:37Z
SubmitPartialDecryption,57,ac8ce0d5ac3092bd292f2c6f9ccf08b0f77f73c18c42bccc3f80ef15bcf47bfa,72,4def1bdfe3b92624b26384d6fb6700000578be929eff9fda3b8772f85c8d6123,bfb01d2162c95e2f6eeca00c300bf3e5a47cfbace63f6700b5f28a304ef2045b,ed690ccd0a38b6dd6f92c2fffb427260a008ac30521263a0fd948dbd665d71fa,2026-09-30T17:40:37Z
SubmitPartialDecryption,63,21b1ec8bbaf99494be57396cfd95c8462aa0f50bd4a4b6d10fe0bdf93933da8a,72,4def1bdfe3b92624b26384d6fb6700000578be929eff9fda3b8772f85c8d6123,bfb01d2162c95e2f6eeca00c300bf3e5a47cfbace63f6700b5f28a304ef2045b,ed690ccd0a38b6dd6f92c2fffb427260a008ac30521263a0fd948dbd665d71fa,2026-09-30T17:40:37Z
SubmitPartialDecryption,61,91375ad9b7c7ecc68d4ca68aae2829fa3fc40481e089658b137c1be1a6fb76c0,72,4def1bdfe3b92624b26384d6fb6700000578be929eff9fda3b8772f85c8d6123,bfb01d2162c95e2f6eeca00c300bf3e5a47cfbace63f6700b5f28a304ef2045b,ed690ccd0a38b6dd6f92c2fffb427260a008ac30521263a0fd948dbd665d71fa,2026-09-30T17:40:37Z
SubmitPartialDecryption,60,ebe9a6ac057c40cccb0a640f211fa2b8ce7588dc309173bc85ddb8c653de8a86,72,4def1bdfe3b92624b26384d6fb6700000578be929eff9fda3b8772f85c8d6123,bfb01d2162c95e2f6eeca00c300bf3e5a47cfbace63f6700b5f28a304ef2045b,ed690ccd0a38b6dd6f92c2fffb427260a008ac30521263a0fd948dbd665d71fa,2026-09-30T17:40:37Z
SubmitPartialDecryption,53,b9be32aa9091e0a0221d42cbd87cd569c63219d11bc10f1e71bc46d74545ea6d,72,4def1bdfe3b92624b26384d6fb6700000578be929eff9fda3b8772f85c8d6123,bfb01d2162c95e2f6eeca00c300bf3e5a47cfbace63f6700b5f28a304ef2045b,ed690ccd0a38b6dd6f92c2fffb427260a008ac30521263a0fd948dbd665d71fa,2026-09-30T17:40:37Z
SubmitPartialDecryption,59,be8f6b182f8a12134c0a54fec36c08e8e456e847832d4ee2832214eb3964da4f,72,4def1bdfe3b92624b26384d6fb6700000578be929eff9fda3b8772f85c8d6123,bfb01d2162c95e2f6eeca00c300bf3e5a47cfbace63f6700b5f28a304ef2045b,ed690ccd0a38b6dd6f92c2fffb427260a008ac30521263a0fd948dbd665d71fa,2026-09-30T17:40:37Z
SubmitPartialDecryption,49,7d7ab8ff12fffa679a0f7564fc7415b412c92589ddb3b779aa1430fe50ad7c7d,72,4def1bdfe3b92624b26384d6fb6700000578be929eff9fda3b8772f85c8d6123,bfb01d2162c95e2f6eeca00c300bf3e5a47cfbace63f6700b5f28a304ef2045b,ed690ccd0a38b6dd6f92c2fffb427260a008ac30521263a0fd948dbd665d71fa,2026-09-30T17:40:37Z
SubmitPartialDecryption,51,9eb9c2c5f2151574f8793729ab8d1886f3230abcda2f2929a9f0785d845185f9,72,4def1bdfe3b92624b26384d6fb6700000578be929eff9fda3b8772f85c8d6123,bfb01d2162c95e2f6eeca00c300bf3e5a47cfbace63f6700b5f28a304ef2045b,ed690ccd0a38b6dd6f92c2fffb427260a008ac30521263a0fd948dbd665d71fa,2026-09-30T17:40:37Z
SubmitPartialDecryption,58,676e73bdde776d9dd223b357a50f9711a8f31c87b0d9e515d53c9e6cd756139f,72,4def1bdfe3b92624b26384d6fb6700000578be929eff9fda3b8772f85c8d6123,bfb01d2162c95e2f6eeca00c300bf3e5a47cfbace63f6700b5f28a304ef2045b,ed690ccd0a38b6dd6f92c2fffb427260a008ac30521263a0fd948dbd665d71fa,2026-09-30T17:40:37Z
SubmitPartialDecryption,50,00c0e8e9400f1e13cbbb34dcc229a3defdf84709c8f7a7a8ff1f3ea49a85e741,72,4def1bdfe3b92624b26384d6fb6700000578be929eff9fda3b8772f85c8d6123,bfb01d2162c95e2f6eeca00c300bf3e5a47cfbace63f6700b5f28a304ef2045b,ed690ccd0a38b6dd6f92c2fffb427260a008ac30521263a0fd948dbd665d71fa,2026-09-30T17:40:37Z
SubmitPartialDecryption,62,aee3dada617f0cdbfab745a453f5a7f1c03d0e1ff02eb0c766dac712f607b77d,72,4def1bdfe3b92624b26384d6fb6700000578be929eff9fda3b8772f85c8d6123,bfb01d2162c95e2f6eeca00c300bf3e5a47cfbace63f6700b5f28a304ef2045b,ed690ccd0a38b6dd6f92c2fffb427260a008ac30521263a0fd948dbd665d71fa,2026-09-30T17:40:37Z
SubmitPartialDecryption,76,c89029830450a70da057cfb8ed84921fd0ad70af802a4e69f094e34c30560f15,73,a11ce29c2805fad1ac741f057a9f8b027360c9feaa26be50c77c98509f477dc1,efcdb9346ba93677c8921ea969bef8c8689bcbb4b62290d0070403dad56aab4a,4def1bdfe3b92624b26384d6fb6700000578be929eff9fda3b8772f85c8d6123,2026-09-30T17:40:39Z
SubmitPartialDecryption,74,7a0d731e5607efcecc51ab9018c94ede4644f814f8cfdbe92fd295086548445d,73,a11ce29c2805fad1ac741f057a9f8b027360c9feaa26be50c77c98509f477dc1,efcdb9346ba93677c8921ea969bef8c8689bcbb4b62290d0070403dad56aab4a,4def1bdfe3b92624b26384d6fb6700000578be929eff9fda3b8772f85c8d6123,2026-09-30T17:40:39Z
SubmitPartialDecryption,73,798b996e313f800f479e04b4d93bb755542c53543c622bea3692b9a0e1e52805,73,a11ce29c2805fad1ac741f057a9f8b027360c9feaa26be50c77c98509f477dc1,efcdb9346ba93677c8921ea969bef8c8689bcbb4b62290d0070403dad56aab4a,4def1bdfe3b92624b26384d6fb6700000578be929eff9fda3b8772f85c8d6123,2026-09-30T17:40:39Z
SubmitPartialDecryption,70,96c0b4b9c1591642bf6cb319d1f05c6aedf81c8472d03ee711caaa056218bef7,73,a11ce29c2805fad1ac741f057a9f8b027360c9feaa26be50c77c98509f477dc1,efcdb9346ba93677c8921ea969bef8c8689bcbb4b62290d0070403dad56aab4a,4def1bdfe3b92624b26384d6fb6700000578be929eff9fda3b8772f85c8d6123,2026-09-30T17:40:39Z
SubmitPartialDecryption,77,0b02c608db09f0106a7f1492e5d8b7063514b415ba3b2f6f30fcbbdbc2afe253,73,a11ce29c2805fad1ac741f057a9f8b027360c9feaa26be50c77c98509f477dc1,efcdb9346ba93677c8921ea969bef8c8689bcbb4b62290d0070403dad56aab4a,4def1bdfe3b92624b26384d6fb6700000578be929eff9fda3b8772f85c8d6123,2026-09-30T17:40:39Z
SubmitPartialDecryption,72,fed2020fb18f1f44d5ea42ca1c1b60e848f23a7b70537cb1600394ff24386976,73,a11ce29c2805fad1ac741f057a9f8b027360c9feaa26be50c77c98509f477dc1,efcdb9346ba93677c8921ea969bef8c8689bcbb4b62290d0070403dad56aab4a,4def1bdfe3b92624b26384d6fb6700000578be929eff9fda3b8772f85c8d6123,2026-09-30T17:40:39Z
SubmitPartialDecryption,71,fa0df4bf44a6e7ab2f9dc481f14b118cdc3d20955b79a0ed3cc1db34f88a1eeb,73,a11ce29c2805fad1ac741f057a9f8b027360c9feaa26be50c77c98509f477dc1,efcdb9346ba93677c8921ea969bef8c8689bcbb4b62290d0070403dad56aab4a,4def1bdfe3b92624b26384d6fb6700000578be929eff9fda3b8772f85c8d6123,2026-09-30T17:40:39Z
SubmitPartialDecryption,68,0f0c4e5c4a557880163658fc2bd977936de0dae4f3f72c5a09fddcb2c82b1537,73,a11ce29c2805fad1ac741f057a9f8b027360c9feaa26be50c77c98509f477dc1,efcdb9346ba93677c8921ea969bef8c8689bcbb4b62290d0070403dad56aab4a,4def1bdfe3b92624b26384d6fb6700000578be929eff9fda3b8772f85c8d6123,2026-09-30T17:40:39Z
SubmitPartialDecryption,75,1db8b648d86811823fedb7d0aa20e47997ccf48f47ed5096ded8f1314088b5ac,73,a11ce29c2805fad1ac741f057a9f8b027360c9feaa26be50c77c98509f477dc1,efcdb9346ba93677c8921ea969bef8c8689bcbb4b62290d0070403dad56aab4a,4def1bdfe3b92624b26384d6fb6700000578be929eff9fda3b8772f85c8d6123,2026-09-30T17:40:39Z
SubmitPartialDecryption,64,089b9e5c3b0e95fff04121b5ec375dd7f281566f93ce8ff0f39bcc0abf083e87,73,a11ce29c2805fad1ac741f057a9f8b027360c9feaa26be50c77c98509f477dc1,efcdb9346ba93677c8921ea969bef8c8689bcbb4b62290d0070403dad56aab4a,4def1bdfe3b92624b26384d6fb6700000578be929eff9fda3b8772f85c8d6123,2026-09-30T17:40:39Z
SubmitPartialDecryption,78,733362100c8e1c88e710c273f1cf2eb8f429895f9826cf7764c47b8b0381600b,73,a11ce29c2805fad1ac741f057a9f8b027360c9feaa26be50c77c98509f477dc1,efcdb9346ba93677c8921ea969bef8c8689bcbb4b62290d0070403dad56aab4a,4def1bdfe3b92624b26384d6fb6700000578be929eff9fda3b8772f85c8d6123,2026-09-30T17:40:39Z
SubmitPartialDecryption,67,52569ab926b1c4237c13a2753f079acf3cf64ea81d8d98aaa08cf6dcad2476c1,73,a11ce29c2805fad1ac741f057a9f8b027360c9feaa26be50c77c98509f477dc1,efcdb9346ba93677c8921ea969bef8c8689bcbb4b62290d0070403dad56aab4a,4def1bdfe3b92624b26384d6fb6700000578be929eff9fda3b8772f85c8d6123,2026-09-30T17:40:39Z
SubmitPartialDecryption,66,9117def84207f65015865173a87844f485c2c99787a46781b0898ba6da35b2ab,73,a11ce29c2805fad1ac741f057a9f8b027360c9feaa26be50c77c98509f477dc1,efcdb9346ba93677c8921ea969bef8c8689bcbb4b62290d0070403dad56aab4a,4def1bdfe3b92624b26384d6fb6700000578be929eff9fda3b8772f85c8d6123,2026-09-30T17:40:39Z
SubmitPartialDecryption,79,de8a3fd182dfa3360beebfe8bb6b0ebccf4b907b442cbc957a40994b083972ed,73,a11ce29c2805fad1ac741f057a9f8b027360c9feaa26be50c77c98509f477dc1,efcdb9346ba93677c8921ea969bef8c8689bcbb4b62290d0070403dad56aab4a,4def1bdfe3b92624b26384d6fb6700000578be929eff9fda3b8772f85c8d6123,2026-09-30T17:40:39Z
SubmitPartialDecryption,69,a2b8aba2d4c02ec37bf85d2ff8df8beb791fc4273875137ef5451e8b03d550aa,73,a11ce29c2805fad1ac741f057a9f8b027360c9feaa26be50c77c98509f477dc1,efcdb9346ba93677c8921ea969bef8c8689bcbb4b62290d0070403dad56aab4a,4def1bdfe3b92624b26384d6fb6700000578be929eff9fda3b8772f85c8d6123,2026-09-30T17:40:39Z
SubmitPartialDecryption,65,4f59d6aa273d6b525b95a901b15f981d17031586f4c68bb6bb5d8723518bae93,73,a11ce29c2805fad1ac741f057a9f8b027360c9feaa26be50c77c98509f477dc1,efcdb9346ba93677c8921ea969bef8c8689bcbb4b62290d0070403dad56aab4a,4def1bdfe3b92624b26384d6fb6700000578be929eff9fda3b8772f85c8d6123,2026-09-30T17:40:39Z
SubmitPartialDecryption,89,5d93cb23910b20a9b6e214994cf1bb43a8b5c53672852185e046931da7028e0b,74,b94ed2ef67bad18704cc0243bf1a674477a1606d5d7a1ae204e95764c21ebc10,5eaaa544b88b463b7976f74457bb66e520fcec9870280b47e728abe4ac881d4f,a11ce29c2805fad1ac741f057a9f8b027360c9feaa26be50c77c98509f477dc1,2026-09-30T17:40:41Z
SubmitPartialDecryption,91,4f54a0529df31c11c4117f0bde714866d242c40cd1585d9a17d2b7de12c33d88,74,b94ed2ef67bad18704cc0243bf1a674477a1606d5d7a1ae204e95764c21ebc10,5eaaa544b88b463b7976f74457bb66e520fcec9870280b47e728abe4ac881d4f,a11ce29c2805fad1ac741f057a9f8b027360c9feaa26be50c77c98509f477dc1,2026-09-30T17:40:41Z
SubmitPartialDecryption,86,9fd001097a192c7adcb2c1cc553a2d060cc25d0f70ca4b76f404a0e4e9707871,74,b94ed2ef67bad18704cc0243bf1a674477a1606d5d7a1ae204e95764c21ebc10,5eaaa544b88b463b7976f74457bb66e520fcec9870280b47e728abe4ac881d4f,a11ce29c2805fad1ac741f057a9f8b027360c9feaa26be50c77c98509f477dc1,2026-09-30T17:40:41Z
SubmitPartialDecryption,80,59f083ca72bddfb493ea7ad74f11778886160effefb7964e52475ef9d6981dd9,74,b94ed2ef67bad18704cc0243bf1a674477a1606d5d7a1ae204e95764c21ebc10,5eaaa544b88b463b7976f74457bb66e520fcec9870280b47e728abe4ac881d4f,a11ce29c2805fad1ac741f057a9f8b027360c9feaa26be50c77c98509f477dc1,2026-09-30T17:40:41Z
SubmitPartialDecryption,95,a4967c25ff009ce1160c96f607d6256abff0f7f083766db0c86913bc59965609,74,b94ed2ef67bad18704cc0243bf1a674477a1606d5d7a1ae204e95764c21ebc10,5eaaa544b88b463b7976f74457bb66e520fcec9870280b47e728abe4ac881d4f,a11ce29c2805fad1ac741f057a9f8b027360c9feaa26be50c77c98509f477dc1,2026-09-30T17:40:41Z
SubmitPartialDecryption,87,f07dedd838b77dd98b5dfd5ae4d16641f3f09056d1f3325565b2e2615121a1b6,74,b94ed2ef67bad18704cc0243bf1a674477a1606d5d7a1ae204e95764c21ebc10,5eaaa544b88b463b7976f74457bb66e520fcec9870280b47e728abe4ac881d4f,a11ce29c2805fad1ac741f057a9f8b027360c9feaa26be50c77c98509f477dc1,2026-09-30T17:40:41Z
SubmitPartialDecryption,90,6f357f199e580826c69f31a67e8aa31a07283a03ccb0f75898271e111c0e20a3,74,b94ed2ef67bad18704cc0243bf1a674477a1606d5d7a1ae204e95764c21ebc10,5eaaa544b88b463b7976f74457bb66e520fcec9870280b47e728abe4ac881d4f,a11ce29c2805fad1ac741f057a9f8b027360c9feaa26be50c77c98509f477dc1,2026-09-30T17:40:41Z
SubmitPartialDecryption,94,1bfad0ea10be217189eaf7a4f93e6b5c31fd6564f22812b4eb5412ba46c3d5dd,74,b94ed2ef67bad18704cc0243bf1a674477a1606d5d7a1ae204e95764c21ebc10,5eaaa544b88b463b7976f74457bb66e520fcec9870280b47e728abe4ac881d4f,a11ce29c2805fad1ac741f057a9f8b027360c9feaa26be50c77c98509f477dc1,2026-09-30T17:40:41Z
SubmitPartialDecryption,85,7c640bfd537b97ac2fd58f8ed8c1ccc0fc866f3b0d82131d96cbf838b9e75da1,74,b94ed2ef67bad18704cc0243bf1a674477a1606d5d7a1ae204e95764c21ebc10,5eaaa544b88b463b7976f74457bb66e520fcec9870280b47e728abe4ac881d4f,a11ce29c2805fad1ac741f057a9f8b027360c9feaa26be50c77c98509f477dc1,2026-09-30T17:40:41Z
SubmitPartialDecryption,82,b8dd6c91823c91c9e9f41228a55e80307509a2ce7f4e135d23aa442de6e9c2b4,74,b94ed2ef67bad18704cc0243bf1a674477a1606d5d7a1ae204e95764c21ebc10,5eaaa544b88b463b7976f74457bb66e520fcec9870280b47e728abe4ac881d4f,a11ce29c2805fad1ac741f057a9f8b027360c9feaa26be50c77c98509f477dc1,2026-09-30T17:40:41Z
SubmitPartialDecryption,81,50c3cbe112063984db557126073f0d5c43f16443af8665e515f8a899bb142c53,74,b94ed2ef67bad18704cc0243bf1a674477a1606d5d7a1ae204e95764c21ebc10,5eaaa544b88b463b7976f74457bb66e520fcec9870280b47e728abe4ac881d4f,a11ce29c2805fad1ac741f057a9f8b027360c9feaa26be50c77c98509f477dc1,2026-09-30T17:40:41Z
SubmitPartialDecryption,84,2de5ee14a24d8d6226d1fb6494b0512a8857ba8c101fde3455e0d7abb0bfcbef,74,b94ed2ef67bad18704cc0243bf1a674477a1606d5d7a1ae204e95764c21ebc10,5eaaa544b88b463b7976f74457bb66e520fcec9870280b47e728abe4ac881d4f,a11ce29c2805fad1ac741f057a9f8b027360c9feaa26be50c77c98509f477dc1,2026-09-30T17:40:41Z
SubmitPartialDecryption,92,0936382bb8b0cf4f27621d4ea28b2a2290142cf95b411fa61deba80d553fcf0b,74,b94ed2ef67bad18704cc0243bf1a674477a1606d5d7a1ae204e95764c21ebc10,5eaaa544b88b463b7976f74457bb66e520fcec9870280b47e728abe4ac881d4f,a11ce29c2805fad1ac741f057a9f8b027360c9feaa26be50c77c98509f477dc1,2026-09-30T17:40:41Z
SubmitPartialDecryption,83,02fde856dd3a54cfbafd4800d4b39207813d930366d0a8e8533219ad7111d9d7,74,b94ed2ef67bad18704cc0243bf1a674477a1606d5d7a1ae204e95764c21ebc10,5eaaa544b88b463b7976f74457bb66e520fcec9870280b47e728abe4ac881d4f,a11ce29c2805fad1ac741f057a9f8b027360c9feaa26be50c77c98509f477dc1,2026-09-30T17:40:41Z
SubmitPartialDecryption,88,1eae1b46b76e845166c4bd1f962d3f2d064c4e9bc8bb1b4bf866f9976923ab3f,74,b94ed2ef67bad18704cc0243bf1a674477a1606d5d7a1ae204e95764c21ebc10,5eaaa544b88b463b7976f74457bb66e520fcec9870280b47e728abe4ac881d4f,a11ce29c2805fad1ac741f057a9f8b027360c9feaa26be50c77c98509f477dc1,2026-09-30T17:40:41Z
SubmitPartialDecryption,93,68a0d45715dbfb19e799b3bfaa1cd6ce12e8dfe94faf9cc4be11154574d1863d,74,b94ed2ef67bad18704cc0243bf1a674477a1606d5d7a1ae204e95764c21ebc10,5eaaa544b88b463b7976f74457bb66e520fcec9870280b47e728abe4ac881d4f,a11ce29c2805fad1ac741f057a9f8b027360c9feaa26be50c77c98509f477dc1,2026-09-30T17:40:41Z
SubmitPartialDecryption,97,2e09f3ccd1b66988cb1a6004fced257e8537231a4b28d76345e2d353bb146075,75,a56f36f617fc2bd307331f50b9abffce08af3202a67b927b805db910e801ea86,d484d5dbee7927a272eff066a191ddc639012ee98aa3bf9ad49e732328a5038d,b94ed2ef67bad18704cc0243bf1a674477a1606d5d7a1ae204e95764c21ebc10,2026-09-30T17:40:44Z
SubmitPartialDecryption,110,f73a66d694ddbc45d765de9d5c4a35d545617210e5e527f69488ad28a9cafa30,75,a56f36f617fc2bd307331f50b9abffce08af3202a67b927b805db910e801ea86,d484d5dbee7927a272eff066a191ddc639012ee98aa3bf9ad49e732328a5038d,b94ed2ef67bad18704cc0243bf1a674477a1606d5d7a1ae204e95764c21ebc10,2026-09-30T17:40:44Z
SubmitPartialDecryption,98,82dfa17e6317b7e08542b582cd1e573fb7b13e017db9ecdbc3dd0f9c90ef0d8b,75,a56f36f617fc2bd307331f50b9abffce08af3202a67b927b805db910e801ea86,d484d5dbee7927a272eff066a191ddc639012ee98aa3bf9ad49e732328a5038d,b94ed2ef67bad18704cc0243bf1a674477a1606d5d7a1ae204e95764c21ebc10,2026-09-30T17:40:44Z
SubmitPartialDecryption,107,3f0d03fc4ffa6ecb311278a16c42e634fb8b68bd47ad4439f679cdb1a29d058d,75,a56f36f617fc2bd307331f50b9abffce08af3202a67b927b805db910e801ea86,d484d5dbee7927a272eff066a191ddc639012ee98aa3bf9ad49e732328a5038d,b94ed2ef67bad18704cc0243bf1a674477a1606d5d7a1ae204e95764c21ebc10,2026-09-30T17:40:44Z
SubmitPartialDecryption,106,d271dac5f0a4a6605aa0e28cfc859d8cc4bd4431186a3b2171bc4d6cfe0b83cf,75,a56f36f617fc2bd307331f50b9abffce08af3202a67b927b805db910e801ea86,d484d5dbee7927a272eff066a191ddc639012ee98aa3bf9ad49e732328a5038d,b94ed2ef67bad18704cc0243bf1a674477a1606d5d7a1ae204e95764c21ebc10,2026-09-30T17:40:44Z
SubmitPartialDecryption,100,ed957874a50a2535ee8eaccfaa2b9b6b894fed0e45e413ca5e14b43392014cc3,75,a56f36f617fc2bd307331f50b9abffce08af3202a67b927b805db910e801ea86,d484d5dbee7927a272eff066a191ddc639012ee98aa3bf9ad49e732328a5038d,b94ed2ef67bad18704cc0243bf1a674477a1606d5d7a1ae204e95764c21ebc10,2026-09-30T17:40:44Z
SubmitPartialDecryption,108,c9cbf32523bbec8f531f0632e6461a3f4961fc3416eae0553ebb20e350a59ffd,75,a56f36f617fc2bd307331f50b9abffce08af3202a67b927b805db910e801ea86,d484d5dbee7927a272eff066a191ddc639012ee98aa3bf9ad49e732328a5038d,b94ed2ef67bad18704cc0243bf1a674477a1606d5d7a1ae204e95764c21ebc10,2026-09-30T17:40:44Z
SubmitPartialDecryption,101,823b03ce6964113121b0a71d0601d6f19dd3f07ef5e4d2ac9b57c2589201976d,75,a56f36f617fc2bd307331f50b9abffce08af3202a67b927b805db910e801ea86,d484d5dbee7927a272eff066a191ddc639012ee98aa3bf9ad49e732328a5038d,b94ed2ef67bad18704cc0243bf1a674477a1606d5d7a1ae204e95764c21ebc10,2026-09-30T17:40:44Z
SubmitPartialDecryption,99,31092b6f5a5c2034bc7bf64d5ba47dab0a7579b74e8b492534b345228cb5e07e,75,a56f36f617fc2bd307331f50b9abffce08af3202a67b927b805db910e801ea86,d484d5dbee7927a272eff066a191ddc639012ee98aa3bf9ad49e732328a5038d,b94ed2ef67bad18704cc0243bf1a674477a1606d5d7a1ae204e95764c21ebc10,2026-09-30T17:40:44Z
SubmitPartialDecryption,105,c320e76ee1bc55c511e5910d82e62f41590b243fd49d603663f285d9e1eab56e,75,a56f36f617fc2bd307331f50b9abffce08af3202a67b927b805db910e801ea86,d484d5dbee7927a272eff066a191ddc639012ee98aa3bf9ad49e732328a5038d,b94ed2ef67bad18704cc0243bf1a674477a1606d5d7a1ae204e95764c21ebc10,2026-09-30T17:40:44Z
SubmitPartialDecryption,103,0a04328262afc0395b8a519920c9249b2605f1d5c0d7dbd7a8e0b97ba0cbd789,75,a56f36f617fc2bd307331f50b9abffce08af3202a67b927b805db910e801ea86,d484d5dbee7927a272eff066a191ddc639012ee98aa3bf9ad49e732328a5038d,b94ed2ef67bad18704cc0243bf1a674477a1606d5d7a1ae204e95764c21ebc10,2026-09-30T17:40:44Z
SubmitPartialDecryption,104,a631f1bb1af21984846842f0dc0d20f18d0d312a02ec2ce1f7ed365d2d089930,75,a56f36f617fc2bd307331f50b9abffce08af3202a67b927b805db910e801ea86,d484d5dbee7927a272eff066a191ddc639012ee98aa3bf9ad49e732328a5038d,b94ed2ef67bad18704cc0243bf1a674477a1606d5d7a1ae204e95764c21ebc10,2026-09-30T17:40:44Z
SubmitPartialDecryption,111,efaca36ec76ce1f4fd454433dc113ced1eb41cff9d90ca006587c07be9cfd149,75,a56f36f617fc2bd307331f50b9abffce08af3202a67b927b805db910e801ea86,d484d5dbee7927a272eff066a191ddc639012ee98aa3bf9ad49e732328a5038d,b94ed2ef67bad18704cc0243bf1a674477a1606d5d7a1ae204e95764c21ebc10,2026-09-30T17:40:44Z
SubmitPartialDecryption,109,144b1d2c93e956b36676a25525b489dcc8ee669e6e3ae58fd3e4a21863a4f844,75,a56f36f617fc2bd307331f50b9abffce08af3202a67b927b805db910e801ea86,d484d5dbee7927a272eff066a191ddc639012ee98aa3bf9ad49e732328a5038d,b94ed2ef67bad18704cc0243bf1a674477a1606d5d7a1ae204e95764c21ebc10,2026-09-30T17:40:44Z
SubmitPartialDecryption,96,b0595b27d5724ebecb80cdb4113053dd57fbe0c3b88ea40d17e11021fb413455,75,a56f36f617fc2bd307331f50b9abffce08af3202a67b927b805db910e801ea86,d484d5dbee7927a272eff066a191ddc639012ee98aa3bf9ad49e732328a5038d,b94ed2ef67bad18704cc0243bf1a674477a1606d5d7a1ae204e95764c21ebc10,2026-09-30T17:40:44Z
SubmitPartialDecryption,102,c90e5b684c42c2319930c4ef44231db6de1319003d9e816a0813b3bc2e7bb48a,75,a56f36f617fc2bd307331f50b9abffce08af3202a67b927b805db910e801ea86,d484d5dbee7927a272eff066a191ddc639012ee98aa3bf9ad49e732328a5038d,b94ed2ef67bad18704cc0243bf1a674477a1606d5d7a1ae204e95764c21ebc10,2026-09-30T17:40:44Z
SubmitPartialDecryption,117,6c461331dde877ad77523c2363092f06aa3d32e6d292e3beba861316b4393d67,76,ed651f6ff8ad279a82a6b092cbdf45983f7de807c26d5f8677f079f1d13563ab,991aaac16dc9085aaaf48b43666e0e527153e0b1bd61c54169c3a15c9b9fb18d,a56f36f617fc2bd307331f50b9abffce08af3202a67b927b805db910e801ea86,2026-09-30T17:40:46Z
SubmitPartialDecryption,119,a272ff37da70612e8d6c7d45bbfc435174dff30bbf282cf6e6b19b99f63ba5c4,76,ed651f6ff8ad279a82a6b092cbdf45983f7de807c26d5f8677f079f1d13563ab,991aaac16dc9085aaaf48b43666e0e527153e0b1bd61c54169c3a15c9b9fb18d,a56f36f617fc2bd307331f50b9abffce08af3202a67b927b805db910e801ea86,2026-09-30T17:40:46Z
SubmitPartialDecryption,126,91c1c9e1d2cd0f7ad97d61147238c3765ccc9135d3d8c9e1fa01f960d628df0e,76,ed651f6ff8ad279a82a6b092cbdf45983f7de807c26d5f8677f079f1d13563ab,991aaac16dc9085aaaf48b43666e0e527153e0b1bd61c54169c3a15c9b9fb18d,a56f36f617fc2bd307331f50b9abffce08af3202a67b927b805db910e801ea86,2026-09-30T17:40:46Z
SubmitPartialDecryption,114,a9613e21118b1f9ebc9ef7fe0efc86ee1c5f9f989dc54597e1946bdafc0dd8f4,76,ed651f6ff8ad279a82a6b092cbdf45983f7de807c26d5f8677f079f1d13563ab,991aaac16dc9085aaaf48b43666e0e527153e0b1bd61c54169c3a15c9b9fb18d,a56f36f617fc2bd307331f50b9abffce08af3202a67b927b805db910e801ea86,2026-09-30T17:40:46Z
SubmitPartialDecryption,123,a6459e62deb7fb0c2a70e0b8a9b01a8ab9da338388fb2f5c047b4f405aaef0b8,76,ed651f6ff8ad279a82a6b092cbdf45983f7de807c26d5f8677f079f1d13563ab,991aaac16dc9085aaaf48b43666e0e527153e0b1bd61c54169c3a15c9b9fb18d,a56f36f617fc2bd307331f50b9abffce08af3202a67b927b805db910e801ea86,2026-09-30T17:40:46Z
SubmitPartialDecryption,118,41182fe266d88329a09456eaec486702e3889ed32a560ac7f3164f1da78a06ca,76,ed651f6ff8ad279a82a6b092cbdf45983f7de807c26d5f8677f079f1d13563ab,991aaac16dc9085aaaf48b43666e0e527153e0b1bd61c54169c3a15c9b9fb18d,a56f36f617fc2bd307331f50b9abffce08af3202a67b927b805db910e801ea86,2026-09-30T17:40:46Z
SubmitPartialDecryption,120,7a2a9675b675e263b3ef24a9673f0abe330fb1afd808c6f9e26e06fb1e71099d,76,ed651f6ff8ad279a82a6b092cbdf45983f7de807c26d5f8677f079f1d13563ab,991aaac16dc9085aaaf48b43666e0e527153e0b1bd61c54169c3a15c9b9fb18d,a56f36f617fc2bd307331f50b9abffce08af3202a67b927b805db910e801ea86,2026-09-30T17:40:46Z
SubmitPartialDecryption,113,42e938d891dd9d49d3c62be2dff10bc67fde192f3dc3e373e58cbb5675ecff77,76,ed651f6ff8ad279a82a6b092cbdf45983f7de807c26d5f8677f079f1d13563ab,991aaac16dc9085aaaf48b43666e0e527153e0b1bd61c54169c3a15c9b9fb18d,a56f36f617fc2bd307331f50b9abffce08af3202a67b927b805db910e801ea86,2026-09-30T17:40:46Z
SubmitPartialDecryption,127,814c90b479ddb9f89357d10772867ac9bd3e852a0dcf943cd353d52cbdb94ae5,76,ed651f6ff8ad279a82a6b092cbdf45983f7de807c26d5f8677f079f1d13563ab,991aaac16dc9085aaaf48b43666e0e527153e0b1bd61c54169c3a15c9b9fb18d,a56f36f617fc2bd307331f50b9abffce08af3202a67b927b805db910e801ea86,2026-09-30T17:40:46Z
SubmitPartialDecryption,122,ccc329309a9cd6494991948863d7d3c60607586aa8191eee38a93088bf06c0d4,76,ed651f6ff8ad279a82a6b092cbdf45983f7de807c26d5f8677f079f1d13563ab,991aaac16dc9085aaaf48b43666e0e527153e0b1bd61c54169c3a15c9b9fb18d,a56f36f617fc2bd307331f50b9abffce08af3202a67b927b805db910e801ea86,2026-09-30T17:40:46Z
SubmitPartialDecryption,124,40944ab658acb98805a7f0ba746e7a6c8ffa9114f6bf35ab58bbb51ddb40de55,76,ed651f6ff8ad279a82a6b092cbdf45983f7de807c26d5f8677f079f1d13563ab,991aaac16dc9085aaaf48b43666e0e527153e0b1bd61c54169c3a15c9b9fb18d,a56f36f617fc2bd307331f50b9abffce08af3202a67b927b805db910e801ea86,2026-09-30T17:40:46Z
SubmitPartialDecryption,116,06cb1d58cb6597192a6a3f737397acfde3e6e3d695faeb323812b20c82317864,76,ed651f6ff8ad279a82a6b092cbdf45983f7de807c26d5f8677f079f1d13563ab,991aaac16dc9085aaaf48b43666e0e527153e0b1bd61c54169c3a15c9b9fb18d,a56f36f617fc2bd307331f50b9abffce08af3202a67b927b805db910e801ea86,2026-09-30T17:40:46Z
SubmitPartialDecryption,115,f33c27f4bcd5c9ed62fc79fb444edc7e3ad824317856d0bb5b730a2c524c1188,76,ed651f6ff8ad279a82a6b092cbdf45983f7de807c26d5f8677f079f1d13563ab,991aaac16dc9085aaaf48b43666e0e527153e0b1bd61c54169c3a15c9b9fb18d,a56f36f617fc2bd307331f50b9abffce08af3202a67b927b805db910e801ea86,2026-09-30T17:40:46Z
SubmitPartialDecryption,112,ca9fb89426e3a5ba178937152fc1b789212c6c42ab29deffb1a827d1b8c1d23d,76,ed651f6ff8ad279a82a6b092cbdf45983f7de807c26d5f8677f079f1d13563ab,991aaac16dc9085aaaf48b43666e0e527153e0b1bd61c54169c3a15c9b9fb18d,a56f36f617fc2bd307331f50b9abffce08af3202a67b927b805db910e801ea86,2026-09-30T17:40:46Z
SubmitPartialDecryption,125,878282d55af552a2afe0f6723c0bd62ee4bcffbc23a9d62515dc4fb661a6de89,76,ed651f6ff8ad279a82a6b092cbdf45983f7de807c26d5f8677f079f1d13563ab,991aaac16dc9085aaaf48b43666e0e527153e0b1bd61c54169c3a15c9b9fb18d,a56f36f617fc2bd307331f50b9abffce08af3202a67b927b805db910e801ea86,2026-09-30T17:40:46Z
SubmitPartialDecryption,121,3c1ab191e784b3aeb289e8aab79d89f04dce2ec3f5caec7892653acf130fe4b5,76,ed651f6ff8ad279a82a6b092cbdf45983f7de807c26d5f8677f079f1d13563ab,991aaac16dc9085aaaf48b43666e0e527153e0b1bd61c54169c3a15c9b9fb18d,a56f36f617fc2bd307331f50b9abffce08af3202a67b927b805db910e801ea86,2026-09-30T17:40:46Z
SubmitPartialDecryption,136,cb2f9eb00f093bea664ee5e13209400975780c9233a94555a5db433203847a0b,77,5f35a4e9b4d5c69e19f6476d00252a768a5b76d567b6d80818c509f7cb7f14a6,98839ee9438aedc72c0877ebb1a4db13aa791fff564536abdef12f8afc750256,ed651f6ff8ad279a82a6b092cbdf45983f7de807c26d5f8677f079f1d13563ab,2026-09-30T17:40:48Z
SubmitPartialDecryption,128,d647041036dabb36668b4fd166f65204e95f90bda84d73dc49e5b4b4cc5ffaaa,77,5f35a4e9b4d5c69e19f6476d00252a768a5b76d567b6d80818c509f7cb7f14a6,98839ee9438aedc72c0877ebb1a4db13aa791fff564536abdef12f8afc750256,ed651f6ff8ad279a82a6b092cbdf45983f7de807c26d5f8677f079f1d13563ab,2026-09-30T17:40:48Z
SubmitPartialDecryption,133,220da7a0f20d4cbd58303b84a9f622e4a4de45022fffb92931b9b4004e6877e1,77,5f35a4e9b4d5c69e19f6476d00252a768a5b76d567b6d80818c509f7cb7f14a6,98839ee9438aedc72c0877ebb1a4db13aa791fff564536abdef12f8afc750256,ed651f6ff8ad279a82a6b092cbdf45983f7de807c26d5f8677f079f1d13563ab,2026-09-30T17:40:48Z
SubmitPartialDecryption,137,ce447fe3c57d6ea5cd873d0cff4479a616e6fc783ae4a296516f9d270eeef4ca,77,5f35a4e9b4d5c69e19f6476d00252a768a5b76d567b6d80818c509f7cb7f14a6,98839ee9438aedc72c0877ebb1a4db13aa791fff564536abdef12f8afc750256,ed651f6ff8ad279a82a6b092cbdf45983f7de807c26d5f8677f079f1d13563ab,2026-09-30T17:40:48Z
SubmitPartialDecryption,140,48e55bc76d41de0087161761ac36938ffc1f8595c43c95efa0391d5a03768eb8,77,5f35a4e9b4d5c69e19f6476d00252a768a5b76d567b6d80818c509f7cb7f14a6,98839ee9438aedc72c0877ebb1a4db13aa791fff564536abdef12f8afc750256,ed651f6ff8ad279a82a6b092cbdf45983f7de807c26d5f8677f079f1d13563ab,2026-09-30T17:40:48Z
SubmitPartialDecryption,131,524330783d2b389b1063a6092c4f3da6fcd2c7f5c4584096e0e9ae634677d795,77,5f35a4e9b4d5c69e19f6476d00252a768a5b76d567b6d80818c509f7cb7f14a6,98839ee9438aedc72c0877ebb1a4db13aa791fff564536abdef12f8afc750256,ed651f6ff8ad279a82a6b092cbdf45983f7de807c26d5f8677f079f1d13563ab,2026-09-30T17:40:48Z
SubmitPartialDecryption,143,8d6640020aa90d9add7915f8ecf2e4cff43ceea92ac573d739c10fcfb61abc43,77,5f35a4e9b4d5c69e19f6476d00252a768a5b76d567b6d80818c509f7cb7f14a6,98839ee9438aedc72c0877ebb1a4db13aa791fff564536abdef12f8afc750256,ed651f6ff8ad279a82a6b092cbdf45983f7de807c26d5f8677f079f1d13563ab,2026-09-30T17:40:48Z
SubmitPartialDecryption,142,e63bda657f6ff4bb3f95e9dee8b07caa8dfbfb7492028c99f3962b0030a4910a,77,5f35a4e9b4d5c69e19f6476d00252a768a5b76d567b6d80818c509f7cb7f14a6,98839ee9438aedc72c0877ebb1a4db13aa791fff564536abdef12f8afc750256,ed651f6ff8ad279a82a6b092cbdf45983f7de807c26d5f8677f079f1d13563ab,2026-09-30T17:40:48Z
SubmitPartialDecryption,139,6417ad585eba29cbe29c84b0402d9323fccc7fefe7c59cce70f26bd37f3656b5,77,5f35a4e9b4d5c69e19f6476d00252a768a5b76d567b6d80818c509f7cb7f14a6,98839ee9438aedc72c0877ebb1a4db13aa791fff564536abdef12f8afc750256,ed651f6ff8ad279a82a6b092cbdf45983f7de807c26d5f8677f079f1d13563ab,2026-09-30T17:40:48Z
SubmitPartialDecryption,135,1d303d62375c0cc399d1a2478d129f37ec22f402c7f48b80acb60f91d83db962,77,5f35a4e9b4d5c69e19f6476d00252a768a5b76d567b6d80818c509f7cb7f14a6,98839ee9438aedc72c0877ebb1a4db13aa791fff564536abdef12f8afc750256,ed651f6ff8ad279a82a6b092cbdf45983f7de807c26d5f8677f079f1d13563ab,2026-09-30T17:40:48Z
SubmitPartialDecryption,129,41d10c2f3d886b893c24b69cdc987e061d09550e4c782a388094361922de7c90,77,5f35a4e9b4d5c69e19f6476d00252a768a5b76d567b6d80818c509f7cb7f14a6,98839ee9438aedc72c0877ebb1a4db13aa791fff564536abdef12f8afc750256,ed651f6ff8ad279a82a6b092cbdf45983f7de807c26d5f8677f079f1d13563ab,2026-09-30T17:40:48Z
SubmitPartialDecryption,141,dd1740501cea8347bbae1bac134a08387fb3a6394c6a21d5997173e365d4391b,77,5f35a4e9b4d5c69e19f6476d00252a768a5b76d567b6d80818c509f7cb7f14a6,98839ee9438aedc72c0877ebb1a4db13aa791fff564536abdef12f8afc750256,ed651f6ff8ad279a82a6b092cbdf45983f7de807c26d5f8677f079f1d13563ab,2026-09-30T17:40:48Z
SubmitPartialDecryption,138,42b68b722e8cff30d77303f95ed0ebb42c623fb6183e89608680b486924bc047,77,5f35a4e9b4d5c69e19f6476d00252a768a5b76d567b6d80818c509f7cb7f14a6,98839ee9438aedc72c0877ebb1a4db13aa791fff564536abdef12f8afc750256,ed651f6ff8ad279a82a6b092cbdf45983f7de807c26d5f8677f079f1d13563ab,2026-09-30T17:40:48Z
SubmitPartialDecryption,134,c05fa0d3f767cca978a0efcb1a6161af510053339e9e92afbf6b16d4f27aa004,77,5f35a4e9b4d5c69e19f6476d00252a768a5b76d567b6d80818c509f7cb7f14a6,98839ee9438aedc72c0877ebb1a4db13aa791fff564536abdef12f8afc750256,ed651f6ff8ad279a82a6b092cbdf45983f7de807c26d5f8677f079f1d13563ab,2026-09-30T17:40:48Z
SubmitPartialDecryption,130,0ddf537d32b7e32f2cc3212e064f798b0134cc9c9553bcda1df78abd51025744,77,5f35a4e9b4d5c69e19f6476d00252a768a5b76d567b6d80818c509f7cb7f14a6,98839ee9438aedc72c0877ebb1a4db13aa791fff564536abdef12f8afc750256,ed651f6ff8ad279a82a6b092cbdf45983f7de807c26d5f8677f079f1d13563ab,2026-09-30T17:40:48Z
SubmitPartialDecryption,132,b839e900275b0b4df25886bd58abcc65ea89ed61bb2313de43e88115871de354,77,5f35a4e9b4d5c69e19f6476d00252a768a5b76d567b6d80818c509f7cb7f14a6,98839ee9438aedc72c0877ebb1a4db13aa791fff564536abdef12f8afc750256,ed651f6ff8ad279a82a6b092cbdf45983f7de807c26d5f8677f079f1d13563ab,2026-09-30T17:40:48Z
SubmitPartialDecryption,144,0a31f716e7315f0ffbeb127e8651d6bedab961ffa5a01d52d8bc34cee56157fd,78,01c6b9a25711e7eb7fb6a0d18da6c35a48a7b7b68d98e62d44f583e381e2f65d,b853b8a2f813c366ff684ced34855c058316f5402c098fe755236ca10eb6f4ac,5f35a4e9b4d5c69e19f6476d00252a768a5b76d567b6d80818c509f7cb7f14a6,2026-09-30T17:40:50Z
SubmitPartialDecryption,148,745543b72eee8da518ed35837a31577a0f76347c3f83386f30b6836f8117ac97,78,01c6b9a25711e7eb7fb6a0d18da6c35a48a7b7b68d98e62d44f583e381e2f65d,b853b8a2f813c366ff684ced34855c058316f5402c098fe755236ca10eb6f4ac,5f35a4e9b4d5c69e19f6476d00252a768a5b76d567b6d80818c509f7cb7f14a6,2026-09-30T17:40:50Z
SubmitPartialDecryption,146,ba15a1cd2a78c02d99e434d2530320e70e00d9b4af4e1578efed156c874b05e9,78,01c6b9a25711e7eb7fb6a0d18da6c35a48a7b7b68d98e62d44f583e381e2f65d,b853b8a2f813c366ff684ced34855c058316f5402c098fe755236ca10eb6f4ac,5f35a4e9b4d5c69e19f6476d00252a768a5b76d567b6d80818c509f7cb7f14a6,2026-09-30T17:40:50Z
SubmitPartialDecryption,145,8d4de27f869011cb20220971a673e1dd87f865bf4cec7a02e1f0be9fef4b0029,78,01c6b9a25711e7eb7fb6a0d18da6c35a48a7b7b68d98e62d44f583e381e2f65d,b853b8a2f813c366ff684ced34855c058316f5402c098fe755236ca10eb6f4ac,5f35a4e9b4d5c69e19f6476d00252a768a5b76d567b6d80818c509f7cb7f14a6,2026-09-30T17:40:50Z
SubmitPartialDecryption,157,7cf09552d45331dc1e9f2536959eee8f40f0dd16c76154901f61ca31ca631c74,78,01c6b9a25711e7eb7fb6a0d18da6c35a48a7b7b68d98e62d44f583e381e2f65d,b853b8a2f813c366ff684ced34855c058316f5402c098fe755236ca10eb6f4ac,5f35a4e9b4d5c69e19f6476d00252a768a5b76d567b6d80818c509f7cb7f14a6,2026-09-30T17:40:50Z
SubmitPartialDecryption,147,79d6b8bd2c0b09016631ddb36716e9e04907c11f19251df55a73a3b2df26ed36,78,01c6b9a25711e7eb7fb6a0d18da6c35a48a7b7b68d98e62d44f583e381e2f65d,b853b8a2f813c366ff684ced34855c058316f5402c098fe755236ca10eb6f4ac,5f35a4e9b4d5c69e19f6476d00252a768a5b76d567b6d80818c509f7cb7f14a6,2026-09-30T17:40:50Z
SubmitPartialDecryption,159,40feb6c239ad807cbcede153d69f645dffddc5989d63086cc7f9bf1d045b1bc0,78,01c6b9a25711e7eb7fb6a0d18da6c35a48a7b7b68d98e62d44f583e381e2f65d,b853b8a2f813c366ff684ced34855c058316f5402c098fe755236ca10eb6f4ac,5f35a4e9b4d5c69e19f6476d00252a768a5b76d567b6d80818c509f7cb7f14a6,2026-09-30T17:40:50Z
SubmitPartialDecryption,152,02db7671193e9f32cf063f80ad9382b5dc99ab7fbed9bcc9a99cbe44b113459f,78,01c6b9a25711e7eb7fb6a0d18da6c35a48a7b7b68d98e62d44f583e381e2f65d,b853b8a2f813c366ff684ced34855c058316f5402c098fe755236ca10eb6f4ac,5f35a4e9b4d5c69e19f6476d00252a768a5b76d567b6d80818c509f7cb7f14a6,2026-09-30T17:40:50Z
SubmitPartialDecryption,151,b037cecadb3a8e8e75344c3a6baf996a79bbb91ac744f8cd46e5c97704c0971f,78,01c6b9a25711e7eb7fb6a0d18da6c35a48a7b7b68d98e62d44f583e381e2f65d,b853b8a2f813c366ff684ced34855c058316f5402c098fe755236ca10eb6f4ac,5f35a4e9b4d5c69e19f6476d00252a768a5b76d567b6d80818c509f7cb7f14a6,2026-09-30T17:40:50Z
SubmitPartialDecryption,150,3228d1c694bce7a0b6a2a5eafe24ce43cc78abf33897970bc6248abf4a94de29,78,01c6b9a25711e7eb7fb6a0d18da6c35a48a7b7b68d98e62d44f583e381e2f65d,b853b8a2f813c366ff684ced34855c058316f5402c098fe755236ca10eb6f4ac,5f35a4e9b4d5c69e19f6476d00252a768a5b76d567b6d80818c509f7cb7f14a6,2026-09-30T17:40:50Z
SubmitPartialDecryption,154,28808d0e2ed600ad489739aa777525620b0e2990ee6db0fcf6596b2df24d9ec0,78,01c6b9a25711e7eb7fb6a0d18da6c35a48a7b7b68d98e62d44f583e381e2f65d,b853b8a2f813c366ff684ced34855c058316f5402c098fe755236ca10eb6f4ac,5f35a4e9b4d5c69e19f6476d00252a768a5b76d567b6d80818c509f7cb7f14a6,2026-09-30T17:40:50Z
SubmitPartialDecryption,158,2a693469a53857d41ca408a36a76e95e34f88d600b1cca089ec2229547bc9162,78,01c6b9a25711e7eb7fb6a0d18da6c35a48a7b7b68d98e62d44f583e381e2f65d,b853b8a2f813c366ff684ced34855c058316f5402c098fe755236ca10eb6f4ac,5f35a4e9b4d5c69e19f6476d00252a768a5b76d567b6d80818c509f7cb7f14a6,2026-09-30T17:40:50Z
SubmitPartialDecryption,149,44021b20d94e4c53d054e4ba182333d20aa706057473cc0798fc85373d1dd008,78,01c6b9a25711e7eb7fb6a0d18da6c35a48a7b7b68d98e62d44f583e381e2f65d,b853b8a2f813c366ff684ced34855c058316f5402c098fe755236ca10eb6f4ac,5f35a4e9b4d5c69e19f6476d00252a768a5b76d567b6d80818c509f7cb7f14a6,2026-09-30T17:40:50Z
SubmitPartialDecryption,153,28276ecc52cf26b6c0fb78c7910c21660a64b5adafe200986e848c537df54c14,78,01c6b9a25711e7eb7fb6a0d18da6c35a48a7b7b68d98e62d44f583e381e2f65d,b853b8a2f813c366ff684ced34855c058316f5402c098fe755236ca10eb6f4ac,5f35a4e9b4d5c69e19f6476d00252a768a5b76d567b6d80818c509f7cb7f14a6,2026-09-30T17:40:50Z
SubmitPartialDecryption,156,725324fead2e992aaf04129bbd12d213a90e09feff911d56154d38feb1addea3,78,01c6b9a25711e7eb7fb6a0d18da6c35a48a7b7b68d98e62d44f583e381e2f65d,b853b8a2f813c366ff684ced34855c058316f5402c098fe755236ca10eb6f4ac,5f35a4e9b4d5c69e19f6476d00252a768a5b76d567b6d80818c509f7cb7f14a6,2026-09-30T17:40:50Z
SubmitPartialDecryption,155,fa5a066d1ca4815d15a98375c8e9efbff245e2750898355916e58ce726b96c9c,78,01c6b9a25711e7eb7fb6a0d18da6c35a48a7b7b68d98e62d44f583e381e2f65d,b853b8a2f813c366ff684ced34855c058316f5402c098fe755236ca10eb6f4ac,5f35a4e9b4d5c69e19f6476d00252a768a5b76d567b6d80818c509f7cb7f14a6,2026-09-30T17:40:50Z
SubmitPartialDecryption,170,eca439c85257c7e980e687c54d222bc7574f9c36a89ecd3f240e80e4d4d222ac,79,fb1aa74bb822b0c908f19d5f8a2f46ea71dbbeb8e4e697c3c20cbfd014b536bc,55eea1289ec45346fa46b5f795a13c1f056a151549090de5afe7356bb58d6038,01c6b9a25711e7eb7fb6a0d18da6c35a48a7b7b68d98e62d44f583e381e2f65d,2026-09-30T17:40:52Z
SubmitPartialDecryption,168,a86c02e213be9f557c3ce6da93915bfd0864e22a2dab0ab733952e6db9aca474,79,fb1aa74bb822b0c908f19d5f8a2f46ea71dbbeb8e4e697c3c20cbfd014b536bc,55eea1289ec45346fa46b5f795a13c1f056a151549090de5afe7356bb58d6038,01c6b9a25711e7eb7fb6a0d18da6c35a48a7b7b68d98e62d44f583e381e2f65d,2026-09-30T17:40:52Z
SubmitPartialDecryption,175,4fadd6bf208436138ed8989794707edb18306a8a2b25acbffb050df48c12710f,79,fb1aa74bb822b0c908f19d5f8a2f46ea71dbbeb8e4e697c3c20cbfd014b536bc,55eea1289ec45346fa46b5f795a13c1f056a151549090de5afe7356bb58d6038,01c6b9a25711e7eb7fb6a0d18da6c35a48a7b7b68d98e62d44f583e381e2f65d,2026-09-30T17:40:52Z
SubmitPartialDecryption,169,36752cad4839539fe8d6538f3bddb3e0cbdf6bfee388ae42fade249940131841,79,fb1aa74bb822b0c908f19d5f8a2f46ea71dbbeb8e4e697c3c20cbfd014b536bc,55eea1289ec45346fa46b5f795a13c1f056a151549090de5afe7356bb58d6038,01c6b9a25711e7eb7fb6a0d18da6c35a48a7b7b68d98e62d44f583e381e2f65d,2026-09-30T17:40:52Z
SubmitPartialDecryption,165,b345f64e14e786ec40fbb206748b6b5209a3a0be59212b591cb93cf166fd9b12,79,fb1aa74bb822b0c908f19d5f8a2f46ea71dbbeb8e4e697c3c20cbfd014b536bc,55eea1289ec45346fa46b5f795a13c1f056a151549090de5afe7356bb58d6038,01c6b9a25711e7eb7fb6a0d18da6c35a48a7b7b68d98e62d44f583e381e2f65d,2026-09-30T17:40:52Z
SubmitPartialDecryption,173,7eefaea6b02c65691566de6251ab8be966b7e50e49e9aae12816ae46c6dfa71c,79,fb1aa74bb822b0c908f19d5f8a2f46ea71dbbeb8e4e697c3c20cbfd014b536bc,55eea1289ec45346fa46b5f795a13c1f056a151549090de5afe7356bb58d6038,01c6b9a25711e7eb7fb6a0d18da6c35a48a7b7b68d98e62d44f583e381e2f65d,2026-09-30T17:40:52Z
SubmitPartialDecryption,160,55f4825b47b871c1ae49d501d3142e51758705e53bb5993eb7a83424a3008c6e,79,fb1aa74bb822b0c908f19d5f8a2f46ea71dbbeb8e4e697c3c20cbfd014b536bc,55eea1289ec45346fa46b5f795a13c1f056a151549090de5afe7356bb58d6038,01c6b9a25711e7eb7fb6a0d18da6c35a48a7b7b68d98e62d44f583e381e2f65d,2026-09-30T17:40:52Z
SubmitPartialDecryption,172,88f07246e85e9824deece03790416fd9721708be8e1a06350d6cc90762b6f16d,79,fb1aa74bb822b0c908f19d5f8a2f46ea71dbbeb8e4e697c3c20cbfd014b536bc,55eea1289ec45346fa46b5f795a13c1f056a151549090de5afe7356bb58d6038,01c6b9a25711e7eb7fb6a0d18da6c35a48a7b7b68d98e62d44f583e381e2f65d,2026-09-30T17:40:52Z
SubmitPartialDecryption,174,da48011f1f03fb8300547b34354c3c2b3694adc648884ba28083f46ca555fc38,79,fb1aa74bb822b0c908f19d5f8a2f46ea71dbbeb8e4e697c3c20cbfd014b536bc,55eea1289ec45346fa46b5f795a13c1f056a151549090de5afe7356bb58d6038,01c6b9a25711e7eb7fb6a0d18da6c35a48a7b7b68d98e62d44f583e381e2f65d,2026-09-30T17:40:52Z
SubmitPartialDecryption,166,646a1466543e8b1bb0d7186bb10ec472e03314ddcfd341f73fc2002182f60836,79,fb1aa74bb822b0c908f19d5f8a2f46ea71dbbeb8e4e697c3c20cbfd014b536bc,55eea1289ec45346fa46b5f795a13c1f056a151549090de5afe7356bb58d6038,01c6b9a25711e7eb7fb6a0d18da6c35a48a7b7b68d98e62d44f583e381e2f65d,2026-09-30T17:40:52Z
SubmitPartialDecryption,167,b8b065341228791438aa43c896fa6f52b7d437cba3567d129662e43814223a9f,79,fb1aa74bb822b0c908f19d5f8a2f46ea71dbbeb8e4e697c3c20cbfd014b536bc,55eea1289ec45346fa46b5f795a13c1f056a151549090de5afe7356bb58d6038,01c6b9a25711e7eb7fb6a0d18da6c35a48a7b7b68d98e62d44f583e381e2f65d,2026-09-30T17:40:52Z
SubmitPartialDecryption,164,2309689e4eab6ef2ad73c990a89ab700ebf0af90751d88f225134d299f787bef,79,fb1aa74bb822b0c908f19d5f8a2f46ea71dbbeb8e4e697c3c20cbfd014b536bc,55eea1289ec45346fa46b5f795a13c1f056a151549090de5afe7356bb58d6038,01c6b9a25711e7eb7fb6a0d18da6c35a48a7b7b68d98e62d44f583e381e2f65d,2026-09-30T17:40:52Z
SubmitPartialDecryption,161,c5cb8566179d207707b133577c7d13bd2214b07d3340a8b28ef2c27eb4857c93,79,fb1aa74bb822b0c908f19d5f8a2f46ea71dbbeb8e4e697c3c20cbfd014b536bc,55eea1289ec45346fa46b5f795a13c1f056a151549090de5afe7356bb58d6038,01c6b9a25711e7eb7fb6a0d18da6c35a48a7b7b68d98e62d44f583e381e2f65d,2026-09-30T17:40:52Z
SubmitPartialDecryption,171,b1018ee7bc786833f24a859f4a85bfb8e9fe89e4dd6aa20b3d5c28efbad1b4b4,79,fb1aa74bb822b0c908f19d5f8a2f46ea71dbbeb8e4e697c3c20cbfd014b536bc,55eea1289ec45346fa46b5f795a13c1f056a151549090de5afe7356bb58d6038,01c6b9a25711e7eb7fb6a0d18da6c35a48a7b7b68d98e62d44f583e381e2f65d,2026-09-30T17:40:52Z
SubmitPartialDecryption,162,d6f57730b59fbbcb1e0b330369a9860376a44312b49eebe2b542cf4d3f6341c7,79,fb1aa74bb822b0c908f19d5f8a2f46ea71dbbeb8e4e697c3c20cbfd014b536bc,55eea1289ec45346fa46b5f795a13c1f056a151549090de5afe7356bb58d6038,01c6b9a25711e7eb7fb6a0d18da6c35a48a7b7b68d98e62d44f583e381e2f65d,2026-09-30T17:40:52Z
SubmitPartialDecryption,163,4cdf1ed2ab8cc80a0604eb823d7afd0a3347fb8e6b3d05963ee30027d0ed571c,79,fb1aa74bb822b0c908f19d5f8a2f46ea71dbbeb8e4e697c3c20cbfd014b536bc,55eea1289ec45346fa46b5f795a13c1f056a151549090de5afe7356bb58d6038,01c6b9a25711e7eb7fb6a0d18da6c35a48a7b7b68d98e62d44f583e381e2f65d,2026-09-30T17:40:52Z
SubmitPartialDecryption,180,4323e9f2f764786c023781ca5429083577b7fc65576e7df1cd56f628a81c0a39,80,faa0aa6af98a2f6d9a6e8cf5c618b22a7c46bd7fb4f8d653932aa4783a869a81,21b045d97c69f6183bd4e2338ab2bf2abdf2d38adcd09017d23167ecd77a6f67,fb1aa74bb822b0c908f19d5f8a2f46ea71dbbeb8e4e697c3c20cbfd014b536bc,2026-09-30T17:40:54Z
SubmitPartialDecryption,187,c59187103f21c1140b713d41c0988e67332f55cf2503f4f04b59bfee64bddc02,80,faa0aa6af98a2f6d9a6e8cf5c618b22a7c46bd7fb4f8d653932aa4783a869a81,21b045d97c69f6183bd4e2338ab2bf2abdf2d38adcd09017d23167ecd77a6f67,fb1aa74bb822b0c908f19d5f8a2f46ea71dbbeb8e4e697c3c20cbfd014b536bc,2026-09-30T17:40:54Z
SubmitPartialDecryption,184,c23ad7404206a6ef315c968d9478c147765714d30744311d6c297a52df8b0eb4,80,faa0aa6af98a2f6d9a6e8cf5c618b22a7c46bd7fb4f8d653932aa4783a869a81,21b045d97c69f6183bd4e2338ab2bf2abdf2d38adcd09017d23167ecd77a6f67,fb1aa74bb822b0c908f19d5f8a2f46ea71dbbeb8e4e697c3c20cbfd014b536bc,2026-09-30T17:40:54Z
SubmitPartialDecryption,185,2a9aad6af3ee15081f61e056e8ee0c302c05f25100e9d53ac85cba8b3c1b9edc,80,faa0aa6af98a2f6d9a6e8cf5c618b22a7c46bd7fb4f8d653932aa4783a869a81,21b045d97c69f6183bd4e2338ab2bf2abdf2d38adcd09017d23167ecd77a6f67,fb1aa74bb822b0c908f19d5f8a2f46ea71dbbeb8e4e697c3c20cbfd014b536bc,2026-09-30T17:40:54Z
SubmitPartialDecryption,181,f3beafd8585bf71b7ce8bfcd14f3f2ea77033a2fcd465c59653b0dab38ef9f98,80,faa0aa6af98a2f6d9a6e8cf5c618b22a7c46bd7fb4f8d653932aa4783a869a81,21b045d97c69f6183bd4e2338ab2bf2abdf2d38adcd09017d23167ecd77a6f67,fb1aa74bb822b0c908f19d5f8a2f46ea71dbbeb8e4e697c3c20cbfd014b536bc,2026-09-30T17:40:54Z
SubmitPartialDecryption,191,090b3fd9472d6985461d94bb07726e61c2f5d792ae7e98187689c8d9e4803d25,80,faa0aa6af98a2f6d9a6e8cf5c618b22a7c46bd7fb4f8d653932aa4783a869a81,21b045d97c69f6183bd4e2338ab2bf2abdf2d38adcd09017d23167ecd77a6f67,fb1aa74bb822b0c908f19d5f8a2f46ea71dbbeb8e4e697c3c20cbfd014b536bc,2026-09-30T17:40:54Z
SubmitPartialDecryption,188,fab31b7bb62ebb01985f795ed9944728f02ef8291135c77e8d051945a4126bd6,80,faa0aa6af98a2f6d9a6e8cf5c618b22a7c46bd7fb4f8d653932aa4783a869a81,21b045d97c69f6183bd4e2338ab2bf2abdf2d38adcd09017d23167ecd77a6f67,fb1aa74bb822b0c908f19d5f8a2f46ea71dbbeb8e4e697c3c20cbfd014b536bc,2026-09-30T17:40:54Z
SubmitPartialDecryption,176,a93e918be04ab3778dc560d94ded844b053c29c8c9bf4f150ba770e40d8ed861,80,faa0aa6af98a2f6d9a6e8cf5c618b22a7c46bd7fb4f8d653932aa4783a869a81,21b045d97c69f6183bd4e2338ab2bf2abdf2d38adcd09017d23167ecd77a6f67,fb1aa74bb822b0c908f19d5f8a2f46ea71dbbeb8e4e697c3c20cbfd014b536bc,2026-09-30T17:40:54Z
SubmitPartialDecryption,189,e40c157f58784aaba75c58052e5c66f1acfa712784d932747fc8c88a8cc0ff98,80,faa0aa6af98a2f6d9a6e8cf5c618b22a7c46bd7fb4f8d653932aa4783a869a81,21b045d97c69f6183bd4e2338ab2bf2abdf2d38adcd09017d23167ecd77a6f67,fb1aa74bb822b0c908f19d5f8a2f46ea71dbbeb8e4e697c3c20cbfd014b536bc,2026-09-30T17:40:54Z
SubmitPartialDecryption,178,cb8008d51101028fb356e422fc99d0c38ab8210ea09751fbaa1d0d20e8ccad80,80,faa0aa6af98a2f6d9a6e8cf5c618b22a7c46bd7fb4f8d653932aa4783a869a81,21b045d97c69f6183bd4e2338ab2bf2abdf2d38adcd09017d23167ecd77a6f67,fb1aa74bb822b0c908f19d5f8a2f46ea71dbbeb8e4e697c3c20cbfd014b536bc,2026-09-30T17:40:54Z
SubmitPartialDecryption,179,576a01a4e63a18b5582b07cd319755a2fc9d70a6fdcc5f27e63a3feff5eb5732,80,faa0aa6af98a2f6d9a6e8cf5c618b22a7c46bd7fb4f8d653932aa4783a869a81,21b045d97c69f6183bd4e2338ab2bf2abdf2d38adcd09017d23167ecd77a6f67,fb1aa74bb822b0c908f19d5f8a2f46ea71dbbeb8e4e697c3c20cbfd014b536bc,2026-09-30T17:40:54Z
SubmitPartialDecryption,183,f4bfa30ad36357a01df1ceec9b4a8d03cb88b8c26cdfe54f8c4ba309c4d5ea9e,80,faa0aa6af98a2f6d9a6e8cf5c618b22a7c46bd7fb4f8d653932aa4783a869a81,21b045d97c69f6183bd4e2338ab2bf2abdf2d38adcd09017d23167ecd77a6f67,fb1aa74bb822b0c908f19d5f8a2f46ea71dbbeb8e4e697c3c20cbfd014b536bc,2026-09-30T17:40:54Z
SubmitPartialDecryption,182,f1e1d9132dd7ac281a1ff326b973ca5adf4e5741c7ea29e97b9e5265fa368684,80,faa0aa6af98a2f6d9a6e8cf5c618b22a7c46bd7fb4f8d653932aa4783a869a81,21b045d97c69f6183bd4e2338ab2bf2abdf2d38adcd09017d23167ecd77a6f67,fb1aa74bb822b0c908f19d5f8a2f46ea71dbbeb8e4e697c3c20cbfd014b536bc,2026-09-30T17:40:54Z
SubmitPartialDecryption,177,05f7a910a2327c18b38293fdeb157d60fea21203aa41e7be76d9d95f18f9c523,80,faa0aa6af98a2f6d9a6e8cf5c618b22a7c46bd7fb4f8d653932aa4783a869a81,21b045d97c69f6183bd4e2338ab2bf2abdf2d38adcd09017d23167ecd77a6f67,fb1aa74bb822b0c908f19d5f8a2f46ea71dbbeb8e4e697c3c20cbfd014b536bc,2026-09-30T17:40:54Z
SubmitPartialDecryption,186,027bf98528328643560c01db13312f12f348f19dc8c51437ea9e457b8a5e7e40,80,faa0aa6af98a2f6d9a6e8cf5c618b22a7c46bd7fb4f8d653932aa4783a869a81,21b045d97c69f6183bd4e2338ab2bf2abdf2d38adcd09017d23167ecd77a6f67,fb1aa74bb822b0c908f19d5f8a2f46ea71dbbeb8e4e697c3c20cbfd014b536bc,2026-09-30T17:40:54Z
SubmitPartialDecryption,190,6e3419bad6cbe44812d8b1408c538c1e14a706c498b33b0ad9fdafed1c2a030e,80,faa0aa6af98a2f6d9a6e8cf5c618b22a7c46bd7fb4f8d653932aa4783a869a81,21b045d97c69f6183bd4e2338ab2bf2abdf2d38adcd09017d23167ecd77a6f67,fb1aa74bb822b0c908f19d5f8a2f46ea71dbbeb8e4e697c3c20cbfd014b536bc,2026-09-30T17:40:54Z
SubmitPartialDecryption,194,a80c87cf3d08477590f5f760afde2a7737e61953ccaec82422c452dca0060137,81,6b5934ac888d4493dc3134700b2e62aa622c3ea75856e017f613321d2574da04,a5e7483d761ebebf983b224b775e53054136742edca55e0d38e280ca36899ab0,faa0aa6af98a2f6d9a6e8cf5c618b22a7c46bd7fb4f8d653932aa4783a869a81,2026-09-30T17:40:56Z
SubmitPartialDecryption,207,482b060c5003b059b4cdad82ec33e0a3c9ade22cdd3d85e604304b5dd99ae9f7,81,6b5934ac888d4493dc3134700b2e62aa622c3ea75856e017f613321d2574da04,a5e7483d761ebebf983b224b775e53054136742edca55e0d38e280ca36899ab0,faa0aa6af98a2f6d9a6e8cf5c618b22a7c46bd7fb4f8d653932aa4783a869a81,2026-09-30T17:40:56Z
SubmitPartialDecryption,202,ed0d76f328d69ff7daaf7eedb0d0b67b73feb8ada9191a35b81aa84971faa7b0,81,6b5934ac888d4493dc3134700b2e62aa622c3ea75856e017f613321d2574da04,a5e7483d761ebebf983b224b775e53054136742edca55e0d38e280ca36899ab0,faa0aa6af98a2f6d9a6e8cf5c618b22a7c46bd7fb4f8d653932aa4783a869a81,2026-09-30T17:40:56Z
SubmitPartialDecryption,203,8cfdf0baf0af45ee7fbb6657db826323daa63f24b5e77682e477d568e8a8a97e,81,6b5934ac888d4493dc3134700b2e62aa622c3ea75856e017f613321d2574da04,a5e7483d761ebebf983b224b775e53054136742edca55e0d38e280ca36899ab0,faa0aa6af98a2f6d9a6e8cf5c618b22a7c46bd7fb4f8d653932aa4783a869a81,2026-09-30T17:40:56Z
SubmitPartialDecryption,200,793c3023d2d91e924b3a0fd2bd9fb12c0bc6af6f9dd329eabcd82a584a3caaf9,81,6b5934ac888d4493dc3134700b2e62aa622c3ea75856e017f613321d2574da04,a5e7483d761ebebf983b224b775e53054136742edca55e0d38e280ca36899ab0,faa0aa6af98a2f6d9a6e8cf5c618b22a7c46bd7fb4f8d653932aa4783a869a81,2026-09-30T17:40:56Z
SubmitPartialDecryption,197,b0c1661df57bfbf078e1dd60a6fad54cff26a72aeda7f8220d4016aa636b12b6,81,6b5934ac888d4493dc3134700b2e62aa622c3ea75856e017f613321d2574da04,a5e7483d761ebebf983b224b775e53054136742edca55e0d38e280ca36899ab0,faa0aa6af98a2f6d9a6e8cf5c618b22a7c46bd7fb4f8d653932aa4783a869a81,2026-09-30T17:40:56Z
SubmitPartialDecryption,206,5738e1d6cab194d7b3e5606a506ade7aba77af82145124c265b51da8fb964af5,81,6b5934ac888d4493dc3134700b2e62aa622c3ea75856e017f613321d2574da04,a5e7483d761ebebf983b224b775e53054136742edca55e0d38e280ca36899ab0,faa0aa6af98a2f6d9a6e8cf5c618b22a7c46bd7fb4f8d653932aa4783a869a81,2026-09-30T17:40:56Z
SubmitPartialDecryption,196,06e8c828ead022dab1f83c8e826ed0ca35e88689e3528b038210333fb673df4a,81,6b5934ac888d4493dc3134700b2e62aa622c3ea75856e017f613321d2574da04,a5e7483d761ebebf983b224b775e53054136742edca55e0d38e280ca36899ab0,faa0aa6af98a2f6d9a6e8cf5c618b22a7c46bd7fb4f8d653932aa4783a869a81,2026-09-30T17:40:56Z
SubmitPartialDecryption,195,c705cb9a47f6a55f8f487e38a35664d1bd6b97c8db9256e2b70de3b99fcfcf3a,81,6b5934ac888d4493dc3134700b2e62aa622c3ea75856e017f613321d2574da04,a5e7483d761ebebf983b224b775e53054136742edca55e0d38e280ca36899ab0,faa0aa6af98a2f6d9a6e8cf5c618b22a7c46bd7fb4f8d653932aa4783a869a81,2026-09-30T17:40:56Z
SubmitPartialDecryption,198,72d32aa61026c5758111360e39d250ec613b07ff5761bbb7f531cfd039522351,81,6b5934ac888d4493dc3134700b2e62aa622c3ea75856e017f613321d2574da04,a5e7483d761ebebf983b224b775e53054136742edca55e0d38e280ca36899ab0,faa0aa6af98a2f6d9a6e8cf5c618b22a7c46bd7fb4f8d653932aa4783a869a81,2026-09-30T17:40:56Z
SubmitPartialDecryption,199,023013615fb53876c0aeefda87c8ba56190b60915eb682de8bff2adae5d26ee2,81,6b5934ac888d4493dc3134700b2e62aa622c3ea75856e017f613321d2574da04,a5e7483d761ebebf983b224b775e53054136742edca55e0d38e280ca36899ab0,faa0aa6af98a2f6d9a6e8cf5c618b22a7c46bd7fb4f8d653932aa4783a869a81,2026-09-30T17:40:56Z
SubmitPartialDecryption,192,4113001ec32180dcddcc642c17f37d6e7f454a70cd43d6882365453290172c43,81,6b5934ac888d4493dc3134700b2e62aa622c3ea75856e017f613321d2574da04,a5e7483d761ebebf983b224b775e53054136742edca55e0d38e280ca36899ab0,faa0aa6af98a2f6d9a6e8cf5c618b22a7c46bd7fb4f8d653932aa4783a869a81,2026-09-30T17:40:56Z
SubmitPartialDecryption,201,c6809f0458c0e6621cef9a833f702befebef6d997349a23b1657656d1d90f41d,81,6b5934ac888d4493dc3134700b2e62aa622c3ea75856e017f613321d2574da04,a5e7483d761ebebf983b224b775e53054136742edca55e0d38e280ca36899ab0,faa0aa6af98a2f6d9a6e8cf5c618b22a7c46bd7fb4f8d653932aa4783a869a81,2026-09-30T17:40:56Z
SubmitPartialDecryption,193,a75d88c0bfd9910c0e62c2769c18204002a1b0954a43871e3d5819addd5d23c1,81,6b5934ac888d4493dc3134700b2e62aa622c3ea75856e017f613321d2574da04,a5e7483d761ebebf983b224b775e53054136742edca55e0d38e280ca36899ab0,faa0aa6af98a2f6d9a6e8cf5c618b22a7c46bd7fb4f8d653932aa4783a869a81,2026-09-30T17:40:56Z
SubmitPartialDecryption,205,c2a1eaac4f645d9c2a470b38ab61829ff6668950cdd8faf273ce10d078a4500e,81,6b5934ac888d4493dc3134700b2e62aa622c3ea75856e017f613321d2574da04,a5e7483d761ebebf983b224b775e53054136742edca55e0d38e280ca36899ab0,faa0aa6af98a2f6d9a6e8cf5c618b22a7c46bd7fb4f8d653932aa4783a869a81,2026-09-30T17:40:56Z
SubmitPartialDecryption,204,bbf7fef556974e8e077eb51e3672ac9cfad48445603b12ae8d2953872b5208c6,81,6b5934ac888d4493dc3134700b2e62aa622c3ea75856e017f613321d2574da04,a5e7483d761ebebf983b224b775e53054136742edca55e0d38e280ca36899ab0,faa0aa6af98a2f6d9a6e8cf5c618b22a7c46bd7fb4f8d653932aa4783a869a81,2026-09-30T17:40:56Z
SubmitPartialDecryption,213,033e9d6407daa502aa2a3ff300a1db49fae6f1d5b67b3e6f4e5a8a9ce7432807,82,c7e5e90a829742157a6da3c00fbc2fe5fc9a9f7b176afa0363ee7be22b9f2293,802ecb64d43a1bc0498d856d2cdf638d47b421045aa4334c33cb5ab96d724b6a,6b5934ac888d4493dc3134700b2e62aa622c3ea75856e017f613321d2574da04,2026-09-30T17:40:58Z
SubmitPartialDecryption,223,b0c5835ec85e1efb5fc2ced67d5803f4e3d59c0ce2ee17d112802ff08e51ae02,82,c7e5e90a829742157a6da3c00fbc2fe5fc9a9f7b176afa0363ee7be22b9f2293,802ecb64d43a1bc0498d856d2cdf638d47b421045aa4334c33cb5ab96d724b6a,6b5934ac888d4493dc3134700b2e62aa622c3ea75856e017f613321d2574da04,2026-09-30T17:40:58Z
SubmitPartialDecryption,210,e0bf1010d618197c8e7e46696250c844fe9b34044ae3e30de94cf3d2d70931a0,82,c7e5e90a829742157a6da3c00fbc2fe5fc9a9f7b176afa0363ee7be22b9f2293,802ecb64d43a1bc0498d856d2cdf638d47b421045aa4334c33cb5ab96d724b6a,6b5934ac888d4493dc3134700b2e62aa622c3ea75856e017f613321d2574da04,2026-09-30T17:40:58Z
SubmitPartialDecryption,219,573630ad78a8b4fb9f4a97f6fb5fa13b2c338e019f1ee45143e33d85f38522a6,82,c7e5e90a829742157a6da3c00fbc2fe5fc9a9f7b176afa0363ee7be22b9f2293,802ecb64d43a1bc0498d856d2cdf638d47b421045aa4334c33cb5ab96d724b6a,6b5934ac888d4493dc3134700b2e62aa622c3ea75856e017f613321d2574da04,2026-09-30T17:40:58Z
SubmitPartialDecryption,208,a8441f8d4f99b436723a605d75a761cfe85a2472cf01db461400db3c3aa32715,82,c7e5e90a829742157a6da3c00fbc2fe5fc9a9f7b176afa0363ee7be22b9f2293,802ecb64d43a1bc0498d856d2cdf638d47b421045aa4334c33cb5ab96d724b6a,6b5934ac888d4493dc3134700b2e62aa622c3ea75856e017f613321d2574da04,2026-09-30T17:40:58Z
SubmitPartialDecryption,221,77350a161eefee35b8a0486edb4727ab1eee9d8b87667744c6269f6e60676ce9,82,c7e5e90a829742157a6da3c00fbc2fe5fc9a9f7b176afa0363ee7be22b9f2293,802ecb64d43a1bc0498d856d2cdf638d47b421045aa4334c33cb5ab96d724b6a,6b5934ac888d4493dc3134700b2e62aa622c3ea75856e017f613321d2574da04,2026-09-30T17:40:58Z
SubmitPartialDecryption,214,fb74f68778fbf0142699b5097a330459fd0d665a8ed7c04616d344e1681a012b,82,c7e5e90a829742157a6da3c00fbc2fe5fc9a9f7b176afa0363ee7be22b9f2293,802ecb64d43a1bc0498d856d2cdf638d47b421045aa4334c33cb5ab96d724b6a,6b5934ac888d4493dc3134700b2e62aa622c3ea75856e017f613321d2574da04,2026-09-30T17:40:58Z
SubmitPartialDecryption,209,d7360e07388ca008e722fa19eb54ca57f0c0636a12c900892392633dec9ef9bb,82,c7e5e90a829742157a6da3c00fbc2fe5fc9a9f7b176afa0363ee7be22b9f2293,802ecb64d43a1bc0498d856d2cdf638d47b421045aa4334c33cb5ab96d724b6a,6b5934ac888d4493dc3134700b2e62aa622c3ea75856e017f613321d2574da04,2026-09-30T17:40:58Z
SubmitPartialDecryption,220,71e40bb03a4f75d99f993914e95201a025ba81ad44df48857b878678738a7ce5,82,c7e5e90a829742157a6da3c00fbc2fe5fc9a9f7b176afa0363ee7be22b9f2293,802ecb64d43a1bc0498d856d2cdf638d47b421045aa4334c33cb5ab96d724b6a,6b5934ac888d4493dc3134700b2e62aa622c3ea75856e017f613321d2574da04,2026-09-30T17:40:58Z
SubmitPartialDecryption,211,34e5b825b26fe9049659e17614c57fe04aecdf74407629b05869fbf0d2c552aa,82,c7e5e90a829742157a6da3c00fbc2fe5fc9a9f7b176afa0363ee7be22b9f2293,802ecb64d43a1bc0498d856d2cdf638d47b421045aa4334c33cb5ab96d724b6a,6b5934ac888d4493dc3134700b2e62aa622c3ea75856e017f613321d2574da04,2026-09-30T17:40:58Z
SubmitPartialDecryption,212,32617db51da753f004746a126cbf5130f3d41b23b200ff2d26ef59acdd2503fe,82,c7e5e90a829742157a6da3c00fbc2fe5fc9a9f7b176afa0363ee7be22b9f2293,802ecb64d43a1bc0498d856d2cdf638d47b421045aa4334c33cb5ab96d724b6a,6b5934ac888d4493dc3134700b2e62aa622c3ea75856e017f613321d2574da04,2026-09-30T17:40:58Z
SubmitPartialDecryption,218,b55c58d62a8bb309dc08cc287c42f0a3783d589534db566759df714334dfff8c,82,c7e5e90a829742157a6da3c00fbc2fe5fc9a9f7b176afa0363ee7be22b9f2293,802ecb64d43a1bc0498d856d2cdf638d47b421045aa4334c33cb5ab96d724b6a,6b5934ac888d4493dc3134700b2e62aa622c3ea75856e017f613321d2574da04,2026-09-30T17:40:58Z
SubmitPartialDecryption,215,b606c3ec91bbe256a25bcf7fbb5bbd01ad61df69e336550650d4dbb2445c8335,82,c7e5e90a829742157a6da3c00fbc2fe5fc9a9f7b176afa0363ee7be22b9f2293,802ecb64d43a1bc0498d856d2cdf638d47b421045aa4334c33cb5ab96d724b6a,6b5934ac888d4493dc3134700b2e62aa622c3ea75856e017f613321d2574da04,2026-09-30T17:40:58Z
SubmitPartialDecryption,222,02497a9c1574fa0b7eb8e3a2c01b3be0fe611b67596a7d0ef9e6d4f3cc17332a,82,c7e5e90a829742157a6da3c00fbc2fe5fc9a9f7b176afa0363ee7be22b9f2293,802ecb64d43a1bc0498d856d2cdf638d47b421045aa4334c33cb5ab96d724b6a,6b5934ac888d4493dc3134700b2e62aa622c3ea75856e017f613321d2574da04,2026-09-30T17:40:58Z
SubmitPartialDecryption,217,f343ea2ec9631b681f25e967c99cb10b7a914fb4ad018479b5c7472d563e9e63,82,c7e5e90a829742157a6da3c00fbc2fe5fc9a9f7b176afa0363ee7be22b9f2293,802ecb64d43a1bc0498d856d2cdf638d47b421045aa4334c33cb5ab96d724b6a,6b5934ac888d4493dc3134700b2e62aa622c3ea75856e017f613321d2574da04,2026-09-30T17:40:58Z
SubmitPartialDecryption,216,4ec35c4f85027237745b0525afc476649aa057ef33ee662167ad6a32c0d51292,82,c7e5e90a829742157a6da3c00fbc2fe5fc9a9f7b176afa0363ee7be22b9f2293,802ecb64d43a1bc0498d856d2cdf638d47b421045aa4334c33cb5ab96d724b6a,6b5934ac888d4493dc3134700b2e62aa622c3ea75856e017f613321d2574da04,2026-09-30T17:40:58Z
SubmitPartialDecryption,233,8e103d71197138d73ed2b488c4a1d22974f2f423927da24e6e5c9e776bddebed,83,21c989059371350680f11675b43a7cce3e951a467eb107b36ed48aba173a28dd,7265babf5eff2cf0787f14e88c2dad1ba59dbea9a66ee701541ea9e4ba5fe4ab,c7e5e90a829742157a6da3c00fbc2fe5fc9a9f7b176afa0363ee7be22b9f2293,2026-09-30T17:41:00Z
SubmitPartialDecryption,239,b23a9e819c882c40442c37237510ad864e3c23b86eee6801cce310b41596dab3,83,21c989059371350680f11675b43a7cce3e951a467eb107b36ed48aba173a28dd,7265babf5eff2cf0787f14e88c2dad1ba59dbea9a66ee701541ea9e4ba5fe4ab,c7e5e90a829742157a6da3c00fbc2fe5fc9a9f7b176afa0363ee7be22b9f2293,2026-09-30T17:41:00Z
SubmitPartialDecryption,226,aa0b6b3e9730448aa11297350fa7d29851e59471ac14a4b8ed9febe07add61d4,83,21c989059371350680f11675b43a7cce3e951a467eb107b36ed48aba173a28dd,7265babf5eff2cf0787f14e88c2dad1ba59dbea9a66ee701541ea9e4ba5fe4ab,c7e5e90a829742157a6da3c00fbc2fe5fc9a9f7b176afa0363ee7be22b9f2293,2026-09-30T17:41:00Z
SubmitPartialDecryption,225,363dbf70bb92f951575836d6e8680b9e650e630262f6155f36d129b8df1c9e03,83,21c989059371350680f11675b43a7cce3e951a467eb107b36ed48aba173a28dd,7265babf5eff2cf0787f14e88c2dad1ba59dbea9a66ee701541ea9e4ba5fe4ab,c7e5e90a829742157a6da3c00fbc2fe5fc9a9f7b176afa0363ee7be22b9f2293,2026-09-30T17:41:00Z
SubmitPartialDecryption,230,0f51d4920b509dac1e5ba79591f58a4b4ae8552d1491c029d1c18e52853a2d7d,83,21c989059371350680f11675b43a7cce3e951a467eb107b36ed48aba173a28dd,7265babf5eff2cf0787f14e88c2dad1ba59dbea9a66ee701541ea9e4ba5fe4ab,c7e5e90a829742157a6da3c00fbc2fe5fc9a9f7b176afa0363ee7be22b9f2293,2026-09-30T17:41:00Z
SubmitPartialDecryption,227,d5d61cff1613119af99623facc62452b5a68ff26a3cded3fdc3b92b64e4f9957,83,21c989059371350680f11675b43a7cce3e951a467eb107b36ed48aba173a28dd,7265babf5eff2cf0787f14e88c2dad1ba59dbea9a66ee701541ea9e4ba5fe4ab,c7e5e90a829742157a6da3c00fbc2fe5fc9a9f7b176afa0363ee7be22b9f2293,2026-09-30T17:41:00Z
SubmitPartialDecryption,228,257047bb0ddad41278ff1f4e10ec26637e8abb10423ac7e8e4f89348a5ba52bd,83,21c989059371350680f11675b43a7cce3e951a467eb107b36ed48aba173a28dd,7265babf5eff2cf0787f14e88c2dad1ba59dbea9a66ee701541ea9e4ba5fe4ab,c7e5e90a829742157a6da3c00fbc2fe5fc9a9f7b176afa0363ee7be22b9f2293,2026-09-30T17:41:00Z
SubmitPartialDecryption,231,ff76f2819a5c342a43ec05c25c337b17af9f2fd608e071d087d87ace60d87eff,83,21c989059371350680f11675b43a7cce3e951a467eb107b36ed48aba173a28dd,7265babf5eff2cf0787f14e88c2dad1ba59dbea9a66ee701541ea9e4ba5fe4ab,c7e5e90a829742157a6da3c00fbc2fe5fc9a9f7b176afa0363ee7be22b9f2293,2026-09-30T17:41:00Z
SubmitPartialDecryption,238,df6f7971554ad60e3aaa14694fc9ac5dda7941cd51c8e72d30e9864f688eb21b,83,21c989059371350680f11675b43a7cce3e951a467eb107b36ed48aba173a28dd,7265babf5eff2cf0787f14e88c2dad1ba59dbea9a66ee701541ea9e4ba5fe4ab,c7e5e90a829742157a6da3c00fbc2fe5fc9a9f7b176afa0363ee7be22b9f2293,2026-09-30T17:41:00Z
SubmitPartialDecryption,237,5e80f1fd1501f88e0396272c2971b2a08d8cfd75f8df3a2cd4a4fc5fcc6eb381,83,21c989059371350680f11675b43a7cce3e951a467eb107b36ed48aba173a28dd,7265babf5eff2cf0787f14e88c2dad1ba59dbea9a66ee701541ea9e4ba5fe4ab,c7e5e90a829742157a6da3c00fbc2fe5fc9a9f7b176afa0363ee7be22b9f2293,2026-09-30T17:41:00Z
SubmitPartialDecryption,229,483af18b0d26d7fc13645e67ae9e2b022dce394cee6ebcf7bfc85e5614ed6b22,83,21c989059371350680f11675b43a7cce3e951a467eb107b36ed48aba173a28dd,7265babf5eff2cf0787f14e88c2dad1ba59dbea9a66ee701541ea9e4ba5fe4ab,c7e5e90a829742157a6da3c00fbc2fe5fc9a9f7b176afa0363ee7be22b9f2293,2026-09-30T17:41:00Z
SubmitPartialDecryption,224,140e6d5f5fbcc2180496ce2605e977b9927bc2b4a3424fc665b949a2884d13d2,83,21c989059371350680f11675b43a7cce3e951a467eb107b36ed48aba173a28dd,7265babf5eff2cf0787f14e88c2dad1ba59dbea9a66ee701541ea9e4ba5fe4ab,c7e5e90a829742157a6da3c00fbc2fe5fc9a9f7b176afa0363ee7be22b9f2293,2026-09-30T17:41:00Z
SubmitPartialDecryption,236,50259185fe2d8628ddcda8b93775fbb731337ccfb3359a0b790cc41f9b945fc0,83,21c989059371350680f11675b43a7cce3e951a467eb107b36ed48aba173a28dd,7265babf5eff2cf0787f14e88c2dad1ba59dbea9a66ee701541ea9e4ba5fe4ab,c7e5e90a829742157a6da3c00fbc2fe5fc9a9f7b176afa0363ee7be22b9f2293,2026-09-30T17:41:00Z
SubmitPartialDecryption,232,04c1b60bec8ca6831b66279143d497ce74c58b4325313f879da3d9df7fbccd98,83,21c989059371350680f11675b43a7cce3e951a467eb107b36ed48aba173a28dd,7265babf5eff2cf0787f14e88c2dad1ba59dbea9a66ee701541ea9e4ba5fe4ab,c7e5e90a829742157a6da3c00fbc2fe5fc9a9f7b176afa0363ee7be22b9f2293,2026-09-30T17:41:00Z
SubmitPartialDecryption,234,b1c5f2ce33949d4f867473f130ba579216b1bd223a7bd31865f328a35c7a581e,83,21c989059371350680f11675b43a7cce3e951a467eb107b36ed48aba173a28dd,7265babf5eff2cf0787f14e88c2dad1ba59dbea9a66ee701541ea9e4ba5fe4ab,c7e5e90a829742157a6da3c00fbc2fe5fc9a9f7b176afa0363ee7be22b9f2293,2026-09-30T17:41:00Z
SubmitPartialDecryption,235,97dd9e3b6b2d615e2186b3a042e8d5f0a7b234252913f7c59aacc00b2b43dc46,83,21c989059371350680f11675b43a7cce3e951a467eb107b36ed48aba173a28dd,7265babf5eff2cf0787f14e88c2dad1ba59dbea9a66ee701541ea9e4ba5fe4ab,c7e5e90a829742157a6da3c00fbc2fe5fc9a9f7b176afa0363ee7be22b9f2293,2026-09-30T17:41:00Z
SubmitPartialDecryption,247,1ff8895dc05e043ccbb393299329c2e08aa5deef186160836e37766747b55bd4,84,e6e55ccc37b471716940a746598dd0c3aca25da2a600f417f9154f3b610087ef,642470531ae8ae9361004b424aec6cdf23a8f0711632735cf9ea34bd84e12730,21c989059371350680f11675b43a7cce3e951a467eb107b36ed48aba173a28dd,2026-09-30T17:41:02Z
SubmitPartialDecryption,241,e78047e3a21631ebe85ff5626dc1c08de13df03c1ac22bc18b7506bb1e5e9ad7,84,e6e55ccc37b471716940a746598dd0c3aca25da2a600f417f9154f3b610087ef,642470531ae8ae9361004b424aec6cdf23a8f0711632735cf9ea34bd84e12730,21c989059371350680f11675b43a7cce3e951a467eb107b36ed48aba173a28dd,2026-09-30T17:41:02Z
SubmitPartialDecryption,250,dfd8d05a52fbb07cb973636fbe280d665b436e0fd5aca78dbfc5572bac248dd4,84,e6e55ccc37b471716940a746598dd0c3aca25da2a600f417f9154f3b610087ef,642470531ae8ae9361004b424aec6cdf23a8f0711632735cf9ea34bd84e12730,21c989059371350680f11675b43a7cce3e951a467eb107b36ed48aba173a28dd,2026-09-30T17:41:02Z
SubmitPartialDecryption,243,2899e0d17ad44fce0dc27353038258e8a480c554da7176fcd899c0fb03b2da14,84,e6e55ccc37b471716940a746598dd0c3aca25da2a600f417f9154f3b610087ef,642470531ae8ae9361004b424aec6cdf23a8f0711632735cf9ea34bd84e12730,21c989059371350680f11675b43a7cce3e951a467eb107b36ed48aba173a28dd,2026-09-30T17:41:02Z
SubmitPartialDecryption,252,b74e604f475794cc763fb6cb3921cef1f91311691872d9768a417c5e938a54fe,84,e6e55ccc37b471716940a746598dd0c3aca25da2a600f417f9154f3b610087ef,642470531ae8ae9361004b424aec6cdf23a8f0711632735cf9ea34bd84e12730,21c989059371350680f11675b43a7cce3e951a467eb107b36ed48aba173a28dd,2026-09-30T17:41:02Z
SubmitPartialDecryption,251,b0c91266c7bb21d1b5e904b49c7451f9cf608fdf439e2b1db5430375cc1e5411,84,e6e55ccc37b471716940a746598dd0c3aca25da2a600f417f9154f3b610087ef,642470531ae8ae9361004b424aec6cdf23a8f0711632735cf9ea34bd84e12730,21c989059371350680f11675b43a7cce3e951a467eb107b36ed48aba173a28dd,2026-09-30T17:41:02Z
SubmitPartialDecryption,240,bc0b467f86954f776fdf36007374a8995ffb8da4a7a967404ad0f789fc57477d,84,e6e55ccc37b471716940a746598dd0c3aca25da2a600f417f9154f3b610087ef,642470531ae8ae9361004b424aec6cdf23a8f0711632735cf9ea34bd84e12730,21c989059371350680f11675b43a7cce3e951a467eb107b36ed48aba173a28dd,2026-09-30T17:41:02Z
SubmitPartialDecryption,245,a9192e13d486114ede4c4c2989bc95e1b205e89dfeb9607206710eff732e0ae2,84,e6e55ccc37b471716940a746598dd0c3aca25da2a600f417f9154f3b610087ef,642470531ae8ae9361004b424aec6cdf23a8f0711632735cf9ea34bd84e12730,21c989059371350680f11675b43a7cce3e951a467eb107b36ed48aba173a28dd,2026-09-30T17:41:02Z
SubmitPartialDecryption,246,abe86431631e7c7081f5a75575dad74568744e065a23652fc66ef9f274629b91,84,e6e55ccc37b471716940a746598dd0c3aca25da2a600f417f9154f3b610087ef,642470531ae8ae9361004b424aec6cdf23a8f0711632735cf9ea34bd84e12730,21c989059371350680f11675b43a7cce3e951a467eb107b36ed48aba173a28dd,2026-09-30T17:41:02Z
SubmitPartialDecryption,254,411954596bb2fa9d895f575dc2a5b4e1e3e442b71db9deb85ff4f3344fdd4ac3,84,e6e55ccc37b471716940a746598dd0c3aca25da2a600f417f9154f3b610087ef,642470531ae8ae9361004b424aec6cdf23a8f0711632735cf9ea34bd84e12730,21c989059371350680f11675b43a7cce3e951a467eb107b36ed48aba173a28dd,2026-09-30T17:41:02Z
SubmitPartialDecryption,242,0301e4da4e7868163ce31b5b6d4b6040db6a94b92a612dbf8fe2535d72166642,84,e6e55ccc37b471716940a746598dd0c3aca25da2a600f417f9154f3b610087ef,642470531ae8ae9361004b424aec6cdf23a8f0711632735cf9ea34bd84e12730,21c989059371350680f11675b43a7cce3e951a467eb107b36ed48aba173a28dd,2026-09-30T17:41:02Z
SubmitPartialDecryption,249,57e8b67cc6f0ca7769d763d767e7b473a1e4d422b81869d10fec96836baac2a8,84,e6e55ccc37b471716940a746598dd0c3aca25da2a600f417f9154f3b610087ef,642470531ae8ae9361004b424aec6cdf23a8f0711632735cf9ea34bd84e12730,21c989059371350680f11675b43a7cce3e951a467eb107b36ed48aba173a28dd,2026-09-30T17:41:02Z
SubmitPartialDecryption,248,dc82f0daab799eca5cfdb9274b6e5e2745c5e59b6bdbe4aa65b6abe87196ba66,84,e6e55ccc37b471716940a746598dd0c3aca25da2a600f417f9154f3b610087ef,642470531ae8ae9361004b424aec6cdf23a8f0711632735cf9ea34bd84e12730,21c989059371350680f11675b43a7cce3e951a467eb107b36ed48aba173a28dd,2026-09-30T17:41:02Z
SubmitPartialDecryption,253,78fc910ed3ed97dbfdc7e02d2671b56d165cc1f2eba698452968fbe1943094f7,84,e6e55ccc37b471716940a746598dd0c3aca25da2a600f417f9154f3b610087ef,642470531ae8ae9361004b424aec6cdf23a8f0711632735cf9ea34bd84e12730,21c989059371350680f11675b43a7cce3e951a467eb107b36ed48aba173a28dd,2026-09-30T17:41:02Z
SubmitPartialDecryption,244,3ca1203d5f91ce930fe5854340bebfe49bf41adf6eef5a2a8bb4ea94458b903b,84,e6e55ccc37b471716940a746598dd0c3aca25da2a600f417f9154f3b610087ef,642470531ae8ae9361004b424aec6cdf23a8f0711632735cf9ea34bd84e12730,21c989059371350680f11675b43a7cce3e951a467eb107b36ed48aba173a28dd,2026-09-30T17:41:02Z
SubmitPartialDecryption,255,359a098d5e8fcb0667b8264ed0034a95c91ddf3a0a9a1aecd1a5f64fe031ea4f,84,e6e55ccc37b471716940a746598dd0c3aca25da2a600f417f9154f3b610087ef,642470531ae8ae9361004b424aec6cdf23a8f0711632735cf9ea34bd84e12730,21c989059371350680f11675b43a7cce3e951a467eb107b36ed48aba173a28dd,2026-09-30T17:41:02Z
SubmitPartialDecryption,266,a9a4b6bc9991a9ff5d8b9fd10f8704d4919a1c131968c5f66a173cea90e1f686,85,75071dad979bff7e13625c27b6b4b6f67ced78eb2020a0b7709e8a2397b0582e,a680220013a7ded8f176c096cfaae40c7279f8f9134635628f3a60473beea149,e6e55ccc37b471716940a746598dd0c3aca25da2a600f417f9154f3b610087ef,2026-09-30T17:41:04Z
SubmitPartialDecryption,259,ed6e5673a8d898caaebeaee4f2ca584dcd042680b10f076d1c0b0f5223e080d1,85,75071dad979bff7e13625c27b6b4b6f67ced78eb2020a0b7709e8a2397b0582e,a680220013a7ded8f176c096cfaae40c7279f8f9134635628f3a60473beea149,e6e55ccc37b471716940a746598dd0c3aca25da2a600f417f9154f3b610087ef,2026-09-30T17:41:04Z
SubmitPartialDecryption,265,04b98e09238f003af0fd23abf077ca14ef5997e97b41b68161c750a368bec5d5,85,75071dad979bff7e13625c27b6b4b6f67ced78eb2020a0b7709e8a2397b0582e,a680220013a7ded8f176c096cfaae40c7279f8f9134635628f3a60473beea149,e6e55ccc37b471716940a746598dd0c3aca25da2a600f417f9154f3b610087ef,2026-09-30T17:41:04Z
SubmitPartialDecryption,262,9d9e05a5a4ec87b367f63f1dd8a20be2b6ad265d3506c19ad795656a9c98f5b6,85,75071dad979bff7e13625c27b6b4b6f67ced78eb2020a0b7709e8a2397b0582e,a680220013a7ded8f176c096cfaae40c7279f8f9134635628f3a60473beea149,e6e55ccc37b471716940a746598dd0c3aca25da2a600f417f9154f3b610087ef,2026-09-30T17:41:04Z
SubmitPartialDecryption,264,bd21d8c62d74edc71a62c8731b699849ad355153487795854f99036b0a8705ea,85,75071dad979bff7e13625c27b6b4b6f67ced78eb2020a0b7709e8a2397b0582e,a680220013a7ded8f176c096cfaae40c7279f8f9134635628f3a60473beea149,e6e55ccc37b471716940a746598dd0c3aca25da2a600f417f9154f3b610087ef,2026-09-30T17:41:04Z
SubmitPartialDecryption,268,b622676967ea3adbe4d1ba9fedb5cc61d207bd4f296a1a7880220de873d51845,85,75071dad979bff7e13625c27b6b4b6f67ced78eb2020a0b7709e8a2397b0582e,a680220013a7ded8f176c096cfaae40c7279f8f9134635628f3a60473beea149,e6e55ccc37b471716940a746598dd0c3aca25da2a600f417f9154f3b610087ef,2026-09-30T17:41:04Z
SubmitPartialDecryption,258,69d65fc460d6483ace4eec89e38963cbb76569b95e160bae5c3afb3f80e34720,85,75071dad979bff7e13625c27b6b4b6f67ced78eb2020a0b7709e8a2397b0582e,a680220013a7ded8f176c096cfaae40c7279f8f9134635628f3a60473beea149,e6e55ccc37b471716940a746598dd0c3aca25da2a600f417f9154f3b610087ef,2026-09-30T17:41:04Z
SubmitPartialDecryption,257,ec80fd8607c86a750c164da9f5ba30b1b238b51a9dcbf8c1c69fb6594918c71c,85,75071dad979bff7e13625c27b6b4b6f67ced78eb2020a0b7709e8a2397b0582e,a680220013a7ded8f176c096cfaae40c7279f8f9134635628f3a60473beea149,e6e55ccc37b471716940a746598dd0c3aca25da2a600f417f9154f3b610087ef,2026-09-30T17:41:04Z
SubmitPartialDecryption,269,b72af6d172e1be19671dec5720055011b4e37d1d3defa62f6afc668930d8c774,85,75071dad979bff7e13625c27b6b4b6f67ced78eb2020a0b7709e8a2397b0582e,a680220013a7ded8f176c096cfaae40c7279f8f9134635628f3a60473beea149,e6e55ccc37b471716940a746598dd0c3aca25da2a600f417f9154f3b610087ef,2026-09-30T17:41:04Z
SubmitPartialDecryption,256,275b43bee46bad70491b1bc4c50c9106e0a4dfd5227b7d6999ebbef3d74b791e,85,75071dad979bff7e13625c27b6b4b6f67ced78eb2020a0b7709e8a2397b0582e,a680220013a7ded8f176c096cfaae40c7279f8f9134635628f3a60473beea149,e6e55ccc37b471716940a746598dd0c3aca25da2a600f417f9154f3b610087ef,2026-09-30T17:41:04Z
SubmitPartialDecryption,267,8019db1f7306e3b1c789489d7a1b295a8b3cbe8cd0f58a0e05ec185035d8a2bb,85,75071dad979bff7e13625c27b6b4b6f67ced78eb2020a0b7709e8a2397b0582e,a680220013a7ded8f176c096cfaae40c7279f8f9134635628f3a60473beea149,e6e55ccc37b471716940a746598dd0c3aca25da2a600f417f9154f3b610087ef,2026-09-30T17:41:04Z
SubmitPartialDecryption,260,2799fa54fa260fc72adb7041756bdce0d9bf96b94ca5b81303a33f5a0f3ca593,85,75071dad979bff7e13625c27b6b4b6f67ced78eb2020a0b7709e8a2397b0582e,a680220013a7ded8f176c096cfaae40c7279f8f9134635628f3a60473beea149,e6e55ccc37b471716940a746598dd0c3aca25da2a600f417f9154f3b610087ef,2026-09-30T17:41:04Z
SubmitPartialDecryption,263,15ad17236488826e2ae4c2d0f4a55caaabafa0ddbbf8b0da4b3259501a07d6fb,85,75071dad979bff7e13625c27b6b4b6f67ced78eb2020a0b7709e8a2397b0582e,a680220013a7ded8f176c096cfaae40c7279f8f9134635628f3a60473beea149,e6e55ccc37b471716940a746598dd0c3aca25da2a600f417f9154f3b610087ef,2026-09-30T17:41:04Z
SubmitPartialDecryption,270,8d7f10ac6130faa172773b3efd74673755732ec106a96afadc1b2aafc9b792de,85,75071dad979bff7e13625c27b6b4b6f67ced78eb2020a0b7709e8a2397b0582e,a680220013a7ded8f176c096cfaae40c7279f8f9134635628f3a60473beea149,e6e55ccc37b471716940a746598dd0c3aca25da2a600f417f9154f3b610087ef,2026-09-30T17:41:04Z
SubmitPartialDecryption,271,84604dc6d39a17972e7305ab99d18a35a6a4a9b5e30553bf7ca5149b20914cc3,85,75071dad979bff7e13625c27b6b4b6f67ced78eb2020a0b7709e8a2397b0582e,a680220013a7ded8f176c096cfaae40c7279f8f9134635628f3a60473beea149,e6e55ccc37b471716940a746598dd0c3aca25da2a600f417f9154f3b610087ef,2026-09-30T17:41:04Z
SubmitPartialDecryption,261,abe74d2b78c7610401970f6404d03168d740ffdaf959616eed505e05e1cedea6,85,75071dad979bff7e13625c27b6b4b6f67ced78eb2020a0b7709e8a2397b0582e,a680220013a7ded8f176c096cfaae40c7279f8f9134635628f3a60473beea149,e6e55ccc37b471716940a746598dd0c3aca25da2a600f417f9154f3b610087ef,2026-09-30T17:41:04Z
SubmitPartialDecryption,277,746ef62134f9ad0569f16eda7ea88b7c96e6c08353a34c557a11d7eefeecd8c8,86,6256ab84a145493cf9344cce35eef6e169c31a976819413fc4dbe24adb789def,514396876096284681fe2106e64ecd66d8506ff4e68efe37754ff9b4a5448e3a,75071dad979bff7e13625c27b6b4b6f67ced78eb2020a0b7709e8a2397b0582e,2026-09-30T17:41:06Z
SubmitPartialDecryption,283,b442f9c9872b6ab09fa41bd9492df56549d95a6dc0fba20a7e644a34323e1c27,86,6256ab84a145493cf9344cce35eef6e169c31a976819413fc4dbe24adb789def,514396876096284681fe2106e64ecd66d8506ff4e68efe37754ff9b4a5448e3a,75071dad979bff7e13625c27b6b4b6f67ced78eb2020a0b7709e8a2397b0582e,2026-09-30T17:41:06Z
SubmitPartialDecryption,273,9e99d4df9a8e01e20bffb3fe0c5f5ac295d3a4990e3d2e61473856afb932bf0b,86,6256ab84a145493cf9344cce35eef6e169c31a976819413fc4dbe24adb789def,514396876096284681fe2106e64ecd66d8506ff4e68efe37754ff9b4a5448e3a,75071dad979bff7e13625c27b6b4b6f67ced78eb2020a0b7709e8a2397b0582e,2026-09-30T17:41:06Z
SubmitPartialDecryption,285,e8407c54759ca391ebb2b7fece7e91b14801b8c15c85b7ea503f6715594c15ce,86,6256ab84a145493cf9344cce35eef6e169c31a976819413fc4dbe24adb789def,514396876096284681fe2106e64ecd66d8506ff4e68efe37754ff9b4a5448e3a,75071dad979bff7e13625c27b6b4b6f67ced78eb2020a0b7709e8a2397b0582e,2026-09-30T17:41:06Z
SubmitPartialDecryption,278,07a8ac39c1fd244ee082fbda1462d5f77db89e7ba77ceef73f49aa016129c4fb,86,6256ab84a145493cf9344cce35eef6e169c31a976819413fc4dbe24adb789def,514396876096284681fe2106e64ecd66d8506ff4e68efe37754ff9b4a5448e3a,75071dad979bff7e13625c27b6b4b6f67ced78eb2020a0b7709e8a2397b0582e,2026-09-30T17:41:06Z
SubmitPartialDecryption,272,7858756ab5cf563c192146739e82e25a2b54cfe6781efa2cda0ae09aa24e591c,86,6256ab84a145493cf9344cce35eef6e169c31a976819413fc4dbe24adb789def,514396876096284681fe2106e64ecd66d8506ff4e68efe37754ff9b4a5448e3a,75071dad979bff7e13625c27b6b4b6f67ced78eb2020a0b7709e8a2397b0582e,2026-09-30T17:41:06Z
SubmitPartialDecryption,282,af942d86e5c60025a98947a1636cace37c1ad2dba1e544bb520d8d133e2ac746,86,6256ab84a145493cf9344cce35eef6e169c31a976819413fc4dbe24adb789def,514396876096284681fe2106e64ecd66d8506ff4e68efe37754ff9b4a5448e3a,75071dad979bff7e13625c27b6b4b6f67ced78eb2020a0b7709e8a2397b0582e,2026-09-30T17:41:06Z
SubmitPartialDecryption,279,1486419c1e6cee67bcf962f201db727bcb94e1d68a765f99514d45c061579d22,86,6256ab84a145493cf9344cce35eef6e169c31a976819413fc4dbe24adb789def,514396876096284681fe2106e64ecd66d8506ff4e68efe37754ff9b4a5448e3a,75071dad979bff7e13625c27b6b4b6f67ced78eb2020a0b7709e8a2397b0582e,2026-09-30T17:41:06Z
SubmitPartialDecryption,281,407f86ae557f0556abc1714254113680a397dd1dbe7f6cbe295ad7f22358cff5,86,6256ab84a145493cf9344cce35eef6e169c31a976819413fc4dbe24adb789def,514396876096284681fe2106e64ecd66d8506ff4e68efe37754ff9b4a5448e3a,75071dad979bff7e13625c27b6b4b6f67ced78eb2020a0b7709e8a2397b0582e,2026-09-30T17:41:06Z
SubmitPartialDecryption,280,f686cf1b24813fff11a9630c8f070dc5f958640b2b322102b5ee30b8dcdcbeb6,86,6256ab84a145493cf9344cce35eef6e169c31a976819413fc4dbe24adb789def,514396876096284681fe2106e64ecd66d8506ff4e68efe37754ff9b4a5448e3a,75071dad979bff7e13625c27b6b4b6f67ced78eb2020a0b7709e8a2397b0582e,2026-09-30T17:41:06Z
SubmitPartialDecryption,275,534c5ff33d5d01453eb051b2b41d336a41a9b8ccf375ed21058b3cb1e79a4daf,86,6256ab84a145493cf9344cce35eef6e169c31a976819413fc4dbe24adb789def,514396876096284681fe2106e64ecd66d8506ff4e68efe37754ff9b4a5448e3a,75071dad979bff7e13625c27b6b4b6f67ced78eb2020a0b7709e8a2397b0582e,2026-09-30T17:41:06Z
SubmitPartialDecryption,286,93104628d1ad95afe636cbd9d7b10d4af8d20f592604a6a00052fe446b2f6d5c,86,6256ab84a145493cf9344cce35eef6e169c31a976819413fc4dbe24adb789def,514396876096284681fe2106e64ecd66d8506ff4e68efe37754ff9b4a5448e3a,75071dad979bff7e13625c27b6b4b6f67ced78eb2020a0b7709e8a2397b0582e,2026-09-30T17:41:06Z
SubmitPartialDecryption,276,3e73a5ec5252bd11e7d3bb25a7f690e90a1a541f8c0b242015fe6926095c5c5d,86,6256ab84a145493cf9344cce35eef6e169c31a976819413fc4dbe24adb789def,514396876096284681fe2106e64ecd66d8506ff4e68efe37754ff9b4a5448e3a,75071dad979bff7e13625c27b6b4b6f67ced78eb2020a0b7709e8a2397b0582e,2026-09-30T17:41:06Z
SubmitPartialDecryption,287,2eec01cf513e0d53d53072620c3bb665645839a9a040099d7117a64f4e60240d,86,6256ab84a145493cf9344cce35eef6e169c31a976819413fc4dbe24adb789def,514396876096284681fe2106e64ecd66d8506ff4e68efe37754ff9b4a5448e3a,75071dad979bff7e13625c27b6b4b6f67ced78eb2020a0b7709e8a2397b0582e,2026-09-30T17:41:06Z
SubmitPartialDecryption,284,c30d195254848ec1911c81f51fcecf5f2ce1c7c9e6a5059309a62e013b34bdcc,86,6256ab84a145493cf9344cce35eef6e169c31a976819413fc4dbe24adb789def,514396876096284681fe2106e64ecd66d8506ff4e68efe37754ff9b4a5448e3a,75071dad979bff7e13625c27b6b4b6f67ced78eb2020a0b7709e8a2397b0582e,2026-09-30T17:41:06Z
SubmitPartialDecryption,274,e9d3ec9184678252e7b799586f0c1921d3d99e6bddba51300e5d729306351638,86,6256ab84a145493cf9344cce35eef6e169c31a976819413fc4dbe24adb789def,514396876096284681fe2106e64ecd66d8506ff4e68efe37754ff9b4a5448e3a,75071dad979bff7e13625c27b6b4b6f67ced78eb2020a0b7709e8a2397b0582e,2026-09-30T17:41:06Z
SubmitPartialDecryption,294,ef533570633671191b702d61309da187fd04ea0d5ab82a9c041de721ba861a8c,87,b4ffac8a2238917359cd20c841059eb71fbcfdc5449c8998ace56dd3a4840a6b,2fe72c387b44c6f65a94f5bb248af8eacd6582825f4b7cba024f5921f01bc8e2,6256ab84a145493cf9344cce35eef6e169c31a976819413fc4dbe24adb789def,2026-09-30T17:41:08Z
SubmitPartialDecryption,297,87f93b8b563e151ea2b4a720f5e58e06b20f5224ad2d1e5e8d96b108b74adef6,87,b4ffac8a2238917359cd20c841059eb71fbcfdc5449c8998ace56dd3a4840a6b,2fe72c387b44c6f65a94f5bb248af8eacd6582825f4b7cba024f5921f01bc8e2,6256ab84a145493cf9344cce35eef6e169c31a976819413fc4dbe24adb789def,2026-09-30T17:41:08Z
SubmitPartialDecryption,303,5df25f7d039cf21380f01029498783837a744c616fc3fd090e64c792d55fb1a7,87,b4ffac8a2238917359cd20c841059eb71fbcfdc5449c8998ace56dd3a4840a6b,2fe72c387b44c6f65a94f5bb248af8eacd6582825f4b7cba024f5921f01bc8e2,6256ab84a145493cf9344cce35eef6e169c31a976819413fc4dbe24adb789def,2026-09-30T17:41:08Z
SubmitPartialDecryption,296,57bff4f0b438aaefb6084433a1ae560ed0ce5512f88507a6bee5c1781a57af23,87,b4ffac8a2238917359cd20c841059eb71fbcfdc5449c8998ace56dd3a4840a6b,2fe72c387b44c6f65a94f5bb248af8eacd6582825f4b7cba024f5921f01bc8e2,6256ab84a145493cf9344cce35eef6e169c31a976819413fc4dbe24adb789def,2026-09-30T17:41:08Z
SubmitPartialDecryption,289,75b82a00d732a9abd52e77957f7c6c37d76004849ba558df0f78a2a2243467a9,87,b4ffac8a2238917359cd20c841059eb71fbcfdc5449c8998ace56dd3a4840a6b,2fe72c387b44c6f65a94f5bb248af8eacd6582825f4b7cba024f5921f01bc8e2,6256ab84a145493cf9344cce35eef6e169c31a976819413fc4dbe24adb789def,2026-09-30T17:41:08Z
SubmitPartialDecryption,298,1e45cf8cd42c47f9b092850ed7c0a41044213f5bd48978e1393002e70c36f496,87,b4ffac8a2238917359cd20c841059eb71fbcfdc5449c8998ace56dd3a4840a6b,2fe72c387b44c6f65a94f5bb248af8eacd6582825f4b7cba024f5921f01bc8e2,6256ab84a145493cf9344cce35eef6e169c31a976819413fc4dbe24adb789def,2026-09-30T17:41:08Z
SubmitPartialDecryption,290,5c06017f421116db217219f281ba4368175b38cdbb44e40730fd8902b50c54df,87,b4ffac8a2238917359cd20c841059eb71fbcfdc5449c8998ace56dd3a4840a6b,2fe72c387b44c6f65a94f5bb248af8eacd6582825f4b7cba024f5921f01bc8e2,6256ab84a145493cf9344cce35eef6e169c31a976819413fc4dbe24adb789def,2026-09-30T17:41:08Z
SubmitPartialDecryption,291,d6166bd0877d5c3355d41b558b9a8001c479bdeeeaae220f4a258db90586bf77,87,b4ffac8a2238917359cd20c841059eb71fbcfdc5449c8998ace56dd3a4840a6b,2fe72c387b44c6f65a94f5bb248af8eacd6582825f4b7cba024f5921f01bc8e2,6256ab84a145493cf9344cce35eef6e169c31a976819413fc4dbe24adb789def,2026-09-30T17:41:08Z
SubmitPartialDecryption,302,1fa6ff545ae752e9085b7dcc7c5f5a8b9b82e60f0d4c58dbeddb01bb8a432ffa,87,b4ffac8a2238917359cd20c841059eb71fbcfdc5449c8998ace56dd3a4840a6b,2fe72c387b44c6f65a94f5bb248af8eacd6582825f4b7cba024f5921f01bc8e2,6256ab84a145493cf9344cce35eef6e169c31a976819413fc4dbe24adb789def,2026-09-30T17:41:08Z
SubmitPartialDecryption,301,8b1953ac1526706e66ae8473d9d507f160bfa02b2ad1d0f5a4d071d222a353e8,87,b4ffac8a2238917359cd20c841059eb71fbcfdc5449c8998ace56dd3a4840a6b,2fe72c387b44c6f65a94f5bb248af8eacd6582825f4b7cba024f5921f01bc8e2,6256ab84a145493cf9344cce35eef6e169c31a976819413fc4dbe24adb789def,2026-09-30T17:41:08Z
SubmitPartialDecryption,295,f72636515260ade272cae283c187b107356c4404c77826fc3091fc4fe1d63cc2,87,b4ffac8a2238917359cd20c841059eb71fbcfdc5449c8998ace56dd3a4840a6b,2fe72c387b44c6f65a94f5bb248af8eacd6582825f4b7cba024f5921f01bc8e2,6256ab84a145493cf9344cce35eef6e169c31a976819413fc4dbe24adb789def,2026-09-30T17:41:08Z
SubmitPartialDecryption,292,4d4b6d5ea237f29961b19d3d7bb3197d3dfe685488fa3b1fea1f4f37be38c3cc,87,b4ffac8a2238917359cd20c841059eb71fbcfdc5449c8998ace56dd3a4840a6b,2fe72c387b44c6f65a94f5bb248af8eacd6582825f4b7cba024f5921f01bc8e2,6256ab84a145493cf9344cce35eef6e169c31a976819413fc4dbe24adb789def,2026-09-30T17:41:08Z
SubmitPartialDecryption,299,ea409747863c45eb862b4b40baba18a7b55d3d842b2530f0fd571210b69b2f24,87,b4ffac8a2238917359cd20c841059eb71fbcfdc5449c8998ace56dd3a4840a6b,2fe72c387b44c6f65a94f5bb248af8eacd6582825f4b7cba024f5921f01bc8e2,6256ab84a145493cf9344cce35eef6e169c31a976819413fc4dbe24adb789def,2026-09-30T17:41:08Z
SubmitPartialDecryption,288,8332d7ffc7e6212e9a7132eba7e67fd0025df1c3edc1b357a8396d75e7e53da0,87,b4ffac8a2238917359cd20c841059eb71fbcfdc5449c8998ace56dd3a4840a6b,2fe72c387b44c6f65a94f5bb248af8eacd6582825f4b7cba024f5921f01bc8e2,6256ab84a145493cf9344cce35eef6e169c31a976819413fc4dbe24adb789def,2026-09-30T17:41:08Z
SubmitPartialDecryption,300,eaa866ea221075211ceea6b6251a85e1f4b26b1e83c12d0c42fc9cf16500660c,87,b4ffac8a2238917359cd20c841059eb71fbcfdc5449c8998ace56dd3a4840a6b,2fe72c387b44c6f65a94f5bb248af8eacd6582825f4b7cba024f5921f01bc8e2,6256ab84a145493cf9344cce35eef6e169c31a976819413fc4dbe24adb789def,2026-09-30T17:41:08Z
SubmitPartialDecryption,293,a3b2f0a3e16845b889857933a2a9a7c69b20c708c3055252a80cdac01362f912,87,b4ffac8a2238917359cd20c841059eb71fbcfdc5449c8998ace56dd3a4840a6b,2fe72c387b44c6f65a94f5bb248af8eacd6582825f4b7cba024f5921f01bc8e2,6256ab84a145493cf9344cce35eef6e169c31a976819413fc4dbe24adb789def,2026-09-30T17:41:08Z
SubmitPartialDecryption,307,cd3970afed9baf142237e972f8d3ab74f17b3a3ea9989d53eafc8b6baf790fef,88,ab82b84ab11970a8e494af6b51ad40b773ece068befef0e39ca2d68a07109622,55acf8f092950bcd88eff6eaa20365d68bb591b30c55922037d0ceebcc46e024,b4ffac8a2238917359cd20c841059eb71fbcfdc5449c8998ace56dd3a4840a6b,2026-09-30T17:41:10Z
SubmitPartialDecryption,312,0b51b8cc242b6de6348d24c2f08770b7c6eaebbe616074797e7ff88d2b908f9b,88,ab82b84ab11970a8e494af6b51ad40b773ece068befef0e39ca2d68a07109622,55acf8f092950bcd88eff6eaa20365d68bb591b30c55922037d0ceebcc46e024,b4ffac8a2238917359cd20c841059eb71fbcfdc5449c8998ace56dd3a4840a6b,2026-09-30T17:41:10Z
SubmitPartialDecryption,309,839a2fa0d8bff35109745e08a73ec088d509e26e12db7cf4c1059934d47e6203,88,ab82b84ab11970a8e494af6b51ad40b773ece068befef0e39ca2d68a07109622,55acf8f092950bcd88eff6eaa20365d68bb591b30c55922037d0ceebcc46e024,b4ffac8a2238917359cd20c841059eb71fbcfdc5449c8998ace56dd3a4840a6b,2026-09-30T17:41:10Z
SubmitPartialDecryption,316,2c94e7ab0ec0a078a9c97ff999325176fc3c32c52b297120c0223f98e8909890,88,ab82b84ab11970a8e494af6b51ad40b773ece068befef0e39ca2d68a07109622,55acf8f092950bcd88eff6eaa20365d68bb591b30c55922037d0ceebcc46e024,b4ffac8a2238917359cd20c841059eb71fbcfdc5449c8998ace56dd3a4840a6b,2026-09-30T17:41:10Z
SubmitPartialDecryption,305,de69aeb484a990c2ae853fee6db1bc24c779174df9329601ffb22277dabbd625,88,ab82b84ab11970a8e494af6b51ad40b773ece068befef0e39ca2d68a07109622,55acf8f092950bcd88eff6eaa20365d68bb591b30c55922037d0ceebcc46e024,b4ffac8a2238917359cd20c841059eb71fbcfdc5449c8998ace56dd3a4840a6b,2026-09-30T17:41:10Z
SubmitPartialDecryption,317,66c3859728060ee2e9470964fb587009e357c06eb325547a098a7fd97f9784c5,88,ab82b84ab11970a8e494af6b51ad40b773ece068befef0e39ca2d68a07109622,55acf8f092950bcd88eff6eaa20365d68bb591b30c55922037d0ceebcc46e024,b4ffac8a2238917359cd20c841059eb71fbcfdc5449c8998ace56dd3a4840a6b,2026-09-30T17:41:10Z
SubmitPartialDecryption,319,637d693c838661b6a59bcafa6a103f61b48aaa5994bfc75cf00577d817058414,88,ab82b84ab11970a8e494af6b51ad40b773ece068befef0e39ca2d68a07109622,55acf8f092950bcd88eff6eaa20365d68bb591b30c55922037d0ceebcc46e024,b4ffac8a2238917359cd20c841059eb71fbcfdc5449c8998ace56dd3a4840a6b,2026-09-30T17:41:10Z
SubmitPartialDecryption,313,53f3a196c51d2682f8ac443436faaf46c019a2f347513c1de53d8948445d1de6,88,ab82b84ab11970a8e494af6b51ad40b773ece068befef0e39ca2d68a07109622,55acf8f092950bcd88eff6eaa20365d68bb591b30c55922037d0ceebcc46e024,b4ffac8a2238917359cd20c841059eb71fbcfdc5449c8998ace56dd3a4840a6b,2026-09-30T17:41:10Z
SubmitPartialDecryption,308,0ae2572972d35bea7accb7caee456d68b0eac4269b07ce7d918ecc25421d415b,88,ab82b84ab11970a8e494af6b51ad40b773ece068befef0e39ca2d68a07109622,55acf8f092950bcd88eff6eaa20365d68bb591b30c55922037d0ceebcc46e024,b4ffac8a2238917359cd20c841059eb71fbcfdc5449c8998ace56dd3a4840a6b,2026-09-30T17:41:10Z
SubmitPartialDecryption,304,5d90f791d14aeb9ebcc08e3f23b9f0fbf9f240ba6dc3be1251e4a58d3622c5b2,88,ab82b84ab11970a8e494af6b51ad40b773ece068befef0e39ca2d68a07109622,55acf8f092950bcd88eff6eaa20365d68bb591b30c55922037d0ceebcc46e024,b4ffac8a2238917359cd20c841059eb71fbcfdc5449c8998ace56dd3a4840a6b,2026-09-30T17:41:10Z
SubmitPartialDecryption,318,2ccacb213cb1e99fb7fe13970e3f90b2e1a6c0d73b0fb5a3aeb60262d589bedf,88,ab82b84ab11970a8e494af6b51ad40b773ece068befef0e39ca2d68a07109622,55acf8f092950bcd88eff6eaa20365d68bb591b30c55922037d0ceebcc46e024,b4ffac8a2238917359cd20c841059eb71fbcfdc5449c8998ace56dd3a4840a6b,2026-09-30T17:41:10Z
SubmitPartialDecryption,314,b08a907674e1b8a2dc3b95bb73130b3271e202ad39c40d2e921fd915f6813dcc,88,ab82b84ab11970a8e494af6b51ad40b773ece068befef0e39ca2d68a07109622,55acf8f092950bcd88eff6eaa20365d68bb591b30c55922037d0ceebcc46e024,b4ffac8a2238917359cd20c841059eb71fbcfdc5449c8998ace56dd3a4840a6b,2026-09-30T17:41:10Z
SubmitPartialDecryption,306,a304bfe4388a11d2f510090eedc16a502497b087715242fa350949aecd5cf983,88,ab82b84ab11970a8e494af6b51ad40b773ece068befef0e39ca2d68a07109622,55acf8f092950bcd88eff6eaa20365d68bb591b30c55922037d0ceebcc46e024,b4ffac8a2238917359cd20c841059eb71fbcfdc5449c8998ace56dd3a4840a6b,2026-09-30T17:41:10Z
SubmitPartialDecryption,315,e75c65c4c434731891bff2e485275855f5d7d0de8b17263c654dee4b8e8d66e1,88,ab82b84ab11970a8e494af6b51ad40b773ece068befef0e39ca2d68a07109622,55acf8f092950bcd88eff6eaa20365d68bb591b30c55922037d0ceebcc46e024,b4ffac8a2238917359cd20c841059eb71fbcfdc5449c8998ace56dd3a4840a6b,2026-09-30T17:41:10Z
SubmitPartialDecryption,310,b7dc4ffa5d438b9ab918b5c4ba85c98ae34bc450e85ba5d3a6d7d22d69696776,88,ab82b84ab11970a8e494af6b51ad40b773ece068befef0e39ca2d68a07109622,55acf8f092950bcd88eff6eaa20365d68bb591b30c55922037d0ceebcc46e024,b4ffac8a2238917359cd20c841059eb71fbcfdc5449c8998ace56dd3a4840a6b,2026-09-30T17:41:10Z
SubmitPartialDecryption,311,0840925b275e5ded26306e3dabeaf011c588a034528f8fdb822d542d9bef9ce6,88,ab82b84ab11970a8e494af6b51ad40b773ece068befef0e39ca2d68a07109622,55acf8f092950bcd88eff6eaa20365d68bb591b30c55922037d0ceebcc46e024,b4ffac8a2238917359cd20c841059eb71fbcfdc5449c8998ace56dd3a4840a6b,2026-09-30T17:41:10Z
SubmitPartialDecryption,320,fae7ae08ce34a428424b87797d564b2f9b241ebcc35c11fe05a5574be2a04ffc,89,f079294d50dd8d0c532a77e6672957f924f64b90fb432ef23305b6c81fa2a7d1,c0535eca061a8890eca2a384a60fc45720d5b6b08e299acc9b567371a0ca58f9,ab82b84ab11970a8e494af6b51ad40b773ece068befef0e39ca2d68a07109622,2026-09-30T17:41:12Z
SubmitPartialDecryption,323,37707b20724e3609107972802b4bbb403f3f084d99eb197c572d545e375d5328,89,f079294d50dd8d0c532a77e6672957f924f64b90fb432ef23305b6c81fa2a7d1,c0535eca061a8890eca2a384a60fc45720d5b6b08e299acc9b567371a0ca58f9,ab82b84ab11970a8e494af6b51ad40b773ece068befef0e39ca2d68a07109622,2026-09-30T17:41:12Z
SubmitPartialDecryption,322,53e9050538ddb7b58487573cf3adbcd5fc68b94066f96c7ee30c6ebebd48fb3b,89,f079294d50dd8d0c532a77e6672957f924f64b90fb432ef23305b6c81fa2a7d1,c0535eca061a8890eca2a384a60fc45720d5b6b08e299acc9b567371a0ca58f9,ab82b84ab11970a8e494af6b51ad40b773ece068befef0e39ca2d68a07109622,2026-09-30T17:41:12Z
SubmitPartialDecryption,334,08676f7677955f4768eaf63010097e4ec7c011d2fd2de73acc783c62c2f3ed19,89,f079294d50dd8d0c532a77e6672957f924f64b90fb432ef23305b6c81fa2a7d1,c0535eca061a8890eca2a384a60fc45720d5b6b08e299acc9b567371a0ca58f9,ab82b84ab11970a8e494af6b51ad40b773ece068befef0e39ca2d68a07109622,2026-09-30T17:41:12Z
SubmitPartialDecryption,332,9cab12cc566113f0f378c4db2dd444216165b3bbb1a4689b244b7d12dfd98add,89,f079294d50dd8d0c532a77e6672957f924f64b90fb432ef23305b6c81fa2a7d1,c0535eca061a8890eca2a384a60fc45720d5b6b08e299acc9b567371a0ca58f9,ab82b84ab11970a8e494af6b51ad40b773ece068befef0e39ca2d68a07109622,2026-09-30T17:41:12Z
SubmitPartialDecryption,325,bdf038840fe1a3686b4244777a58843645921364aa6b69672c17ab9130c0f52e,89,f079294d50dd8d0c532a77e6672957f924f64b90fb432ef23305b6c81fa2a7d1,c0535eca061a8890eca2a384a60fc45720d5b6b08e299acc9b567371a0ca58f9,ab82b84ab11970a8e494af6b51ad40b773ece068befef0e39ca2d68a07109622,2026-09-30T17:41:12Z
SubmitPartialDecryption,329,16511b5fb79dd5b2e1f2dd5305de01b771a80769105faa564b3c82ed4bfedaf9,89,f079294d50dd8d0c532a77e6672957f924f64b90fb432ef23305b6c81fa2a7d1,c0535eca061a8890eca2a384a60fc45720d5b6b08e299acc9b567371a0ca58f9,ab82b84ab11970a8e494af6b51ad40b773ece068befef0e39ca2d68a07109622,2026-09-30T17:41:12Z
SubmitPartialDecryption,321,f9db4d14a7744227dd7ce254a3808c1b0956cd1d03785452b9cc202cf9d548ed,89,f079294d50dd8d0c532a77e6672957f924f64b90fb432ef23305b6c81fa2a7d1,c0535eca061a8890eca2a384a60fc45720d5b6b08e299acc9b567371a0ca58f9,ab82b84ab11970a8e494af6b51ad40b773ece068befef0e39ca2d68a07109622,2026-09-30T17:41:12Z
SubmitPartialDecryption,327,195a739cad723f01a505bcea06512e8139afaef81e565d569bd3f23b7616222c,89,f079294d50dd8d0c532a77e6672957f924f64b90fb432ef23305b6c81fa2a7d1,c0535eca061a8890eca2a384a60fc45720d5b6b08e299acc9b567371a0ca58f9,ab82b84ab11970a8e494af6b51ad40b773ece068befef0e39ca2d68a07109622,2026-09-30T17:41:12Z
SubmitPartialDecryption,330,9cb068a65dcb8c4204f607d0d30945cb1fc3c7ff847777c0965c4c8510992f60,89,f079294d50dd8d0c532a77e6672957f924f64b90fb432ef23305b6c81fa2a7d1,c0535eca061a8890eca2a384a60fc45720d5b6b08e299acc9b567371a0ca58f9,ab82b84ab11970a8e494af6b51ad40b773ece068befef0e39ca2d68a07109622,2026-09-30T17:41:12Z
SubmitPartialDecryption,335,8031fc1e86d26541c0bb0ad8f3fa8fdfdfc9d047860c4c0a704838c00027bedc,89,f079294d50dd8d0c532a77e6672957f924f64b90fb432ef23305b6c81fa2a7d1,c0535eca061a8890eca2a384a60fc45720d5b6b08e299acc9b567371a0ca58f9,ab82b84ab11970a8e494af6b51ad40b773ece068befef0e39ca2d68a07109622,2026-09-30T17:41:12Z
SubmitPartialDecryption,328,76a5bcabdfd9184b16d5f15eb91f8e8fbd914b1a86bac53b2bf52e8fb5e3ff74,89,f079294d50dd8d0c532a77e6672957f924f64b90fb432ef23305b6c81fa2a7d1,c0535eca061a8890eca2a384a60fc45720d5b6b08e299acc9b567371a0ca58f9,ab82b84ab11970a8e494af6b51ad40b773ece068befef0e39ca2d68a07109622,2026-09-30T17:41:12Z
SubmitPartialDecryption,331,1c9a4f2b878368a7860d83c560065a8a5d8ce9028cb4e2ed117ab09f3e912a17,89,f079294d50dd8d0c532a77e6672957f924f64b90fb432ef23305b6c81fa2a7d1,c0535eca061a8890eca2a384a60fc45720d5b6b08e299acc9b567371a0ca58f9,ab82b84ab11970a8e494af6b51ad40b773ece068befef0e39ca2d68a07109622,2026-09-30T17:41:12Z
SubmitPartialDecryption,324,8b3d4f9a96b2e3acc396066f05ac46f0b206f69c86e1270b532221e373d97f4f,89,f079294d50dd8d0c532a77e6672957f924f64b90fb432ef23305b6c81fa2a7d1,c0535eca061a8890eca2a384a60fc45720d5b6b08e299acc9b567371a0ca58f9,ab82b84ab11970a8e494af6b51ad40b773ece068befef0e39ca2d68a07109622,2026-09-30T17:41:12Z
SubmitPartialDecryption,333,d80264e4f113904cd3295727fa1427d2a536b4520c437a772defb2c03047946c,89,f079294d50dd8d0c532a77e6672957f924f64b90fb432ef23305b6c81fa2a7d1,c0535eca061a8890eca2a384a60fc45720d5b6b08e299acc9b567371a0ca58f9,ab82b84ab11970a8e494af6b51ad40b773ece068befef0e39ca2d68a07109622,2026-09-30T17:41:12Z
SubmitPartialDecryption,326,d247d7b8efbc9529903b52f50f489252307235f831cbc2baff968f68472c3b90,89,f079294d50dd8d0c532a77e6672957f924f64b90fb432ef23305b6c81fa2a7d1,c0535eca061a8890eca2a384a60fc45720d5b6b08e299acc9b567371a0ca58f9,ab82b84ab11970a8e494af6b51ad40b773ece068befef0e39ca2d68a07109622,2026-09-30T17:41:12Z
SubmitPartialDecryption,345,4ab4822087f624fc849e669be2513fdc7a4afd220a32940a622be429f7c57bb2,90,fc58120f4ef672925135d35e9247c5622dafab880ee0214c0055835839c0d272,5f8ab45214ec6188191d06b75bd0619504c822db3ba8de4b84deb274ebec9954,f079294d50dd8d0c532a77e6672957f924f64b90fb432ef23305b6c81fa2a7d1,2026-09-30T17:41:14Z
SubmitPartialDecryption,338,70d0e12c06080f0b3fc4d7e8cdedccaff540c162db1f08b69f5c5c784799dcd2,90,fc58120f4ef672925135d35e9247c5622dafab880ee0214c0055835839c0d272,5f8ab45214ec6188191d06b75bd0619504c822db3ba8de4b84deb274ebec9954,f079294d50dd8d0c532a77e6672957f924f64b90fb432ef23305b6c81fa2a7d1,2026-09-30T17:41:14Z
SubmitPartialDecryption,342,222aa7d197f0eafc4c0e9784a3462c2fccdde53e0f299799905952e440f795ca,90,fc58120f4ef672925135d35e9247c5622dafab880ee0214c0055835839c0d272,5f8ab45214ec6188191d06b75bd0619504c822db3ba8de4b84deb274ebec9954,f079294d50dd8d0c532a77e6672957f924f64b90fb432ef23305b6c81fa2a7d1,2026-09-30T17:41:14Z
SubmitPartialDecryption,344,33f9f76618a5da5f4ad699b10b4ddde4e894d019deac034add2e62e2d33984a2,90,fc58120f4ef672925135d35e9247c5622dafab880ee0214c0055835839c0d272,5f8ab45214ec6188191d06b75bd0619504c822db3ba8de4b84deb274ebec9954,f079294d50dd8d0c532a77e6672957f924f64b90fb432ef23305b6c81fa2a7d1,2026-09-30T17:41:14Z
SubmitPartialDecryption,350,8496967f9cd6251aab15ec741eee6c92f1c9bd7d159d3efce8a5696294d00e58,90,fc58120f4ef672925135d35e9247c5622dafab880ee0214c0055835839c0d272,5f8ab45214ec6188191d06b75bd0619504c822db3ba8de4b84deb274ebec9954,f079294d50dd8d0c532a77e6672957f924f64b90fb432ef23305b6c81fa2a7d1,2026-09-30T17:41:14Z
SubmitPartialDecryption,347,f000283b90d647a132e7e4971f58baa9a34cc775f400bd0e1fd7783870cd9ea8,90,fc58120f4ef672925135d35e9247c5622dafab880ee0214c0055835839c0d272,5f8ab45214ec6188191d06b75bd0619504c822db3ba8de4b84deb274ebec9954,f079294d50dd8d0c532a77e6672957f924f64b90fb432ef23305b6c81fa2a7d1,2026-09-30T17:41:14Z
SubmitPartialDecryption,348,91b06f49fe5d15eb972c6169a0dcda6a4399ffdd42601b094e2f8a8b119ac37d,90,fc58120f4ef672925135d35e9247c5622dafab880ee0214c0055835839c0d272,5f8ab45214ec6188191d06b75bd0619504c822db3ba8de4b84deb274ebec9954,f079294d50dd8d0c532a77e6672957f924f64b90fb432ef23305b6c81fa2a7d1,2026-09-30T17:41:14Z
SubmitPartialDecryption,349,bc54240facdf394ec376cdf819a08e13a1005ecdaffdad7b2fe8d5e1b131ed30,90,fc58120f4ef672925135d35e9247c5622dafab880ee0214c0055835839c0d272,5f8ab45214ec6188191d06b75bd0619504c822db3ba8de4b84deb274ebec9954,f079294d50dd8d0c532a77e6672957f924f64b90fb432ef23305b6c81fa2a7d1,2026-09-30T17:41:14Z
SubmitPartialDecryption,337,03299b617aeadd895619850a070426eecb73282e4b2ccdf2b31a9c69b98ed739,90,fc58120f4ef672925135d35e9247c5622dafab880ee0214c0055835839c0d272,5f8ab45214ec6188191d06b75bd0619504c822db3ba8de4b84deb274ebec9954,f079294d50dd8d0c532a77e6672957f924f64b90fb432ef23305b6c81fa2a7d1,2026-09-30T17:41:14Z
SubmitPartialDecryption,336,0d5982bf5c52cde269eec9674ebac2177d54d929e5e7b12515122c27f0c90093,90,fc58120f4ef672925135d35e9247c5622dafab880ee0214c0055835839c0d272,5f8ab45214ec6188191d06b75bd0619504c822db3ba8de4b84deb274ebec9954,f079294d50dd8d0c532a77e6672957f924f64b90fb432ef23305b6c81fa2a7d1,2026-09-30T17:41:14Z
SubmitPartialDecryption,341,0c567f532136828b3ce2d819c46d1861e94d39e33c9eadf30c78df98c483e384,90,fc58120f4ef672925135d35e9247c5622dafab880ee0214c0055835839c0d272,5f8ab45214ec6188191d06b75bd0619504c822db3ba8de4b84deb274ebec9954,f079294d50dd8d0c532a77e6672957f924f64b90fb432ef23305b6c81fa2a7d1,2026-09-30T17:41:14Z
SubmitPartialDecryption,340,4ae960b7bc43d1acf4a67b16cd1a49ff30ec0b881bcd7e3fcec882fda60746da,90,fc58120f4ef672925135d35e9247c5622dafab880ee0214c0055835839c0d272,5f8ab45214ec6188191d06b75bd0619504c822db3ba8de4b84deb274ebec9954,f079294d50dd8d0c532a77e6672957f924f64b90fb432ef23305b6c81fa2a7d1,2026-09-30T17:41:14Z
SubmitPartialDecryption,343,ceda56f5b69b7e45fd5f27c2953f306e77e536d6ae773fa7c84c08894fe4cfdd,90,fc58120f4ef672925135d35e9247c5622dafab880ee0214c0055835839c0d272,5f8ab45214ec6188191d06b75bd0619504c822db3ba8de4b84deb274ebec9954,f079294d50dd8d0c532a77e6672957f924f64b90fb432ef23305b6c81fa2a7d1,2026-09-30T17:41:14Z
SubmitPartialDecryption,346,1b1333ba84f19f461c30be1a94271f660cb28ed82c3293051e6910bf75604a3d,90,fc58120f4ef672925135d35e9247c5622dafab880ee0214c0055835839c0d272,5f8ab45214ec6188191d06b75bd0619504c822db3ba8de4b84deb274ebec9954,f079294d50dd8d0c532a77e6672957f924f64b90fb432ef23305b6c81fa2a7d1,2026-09-30T17:41:14Z
SubmitPartialDecryption,339,36fc65293903d60a246bca3cae6100ce9a683daf6c33420944f1b315255fb13d,90,fc58120f4ef672925135d35e9247c5622dafab880ee0214c0055835839c0d272,5f8ab45214ec6188191d06b75bd0619504c822db3ba8de4b84deb274ebec9954,f079294d50dd8d0c532a77e6672957f924f64b90fb432ef23305b6c81fa2a7d1,2026-09-30T17:41:14Z
SubmitPartialDecryption,351,2affd928d5f533adee54e5859b4b7215eeec68d9c7986ab29ef97d8aa14882bc,90,fc58120f4ef672925135d35e9247c5622dafab880ee0214c0055835839c0d272,5f8ab45214ec6188191d06b75bd0619504c822db3ba8de4b84deb274ebec9954,f079294d50dd8d0c532a77e6672957f924f64b90fb432ef23305b6c81fa2a7d1,2026-09-30T17:41:14Z
SubmitPartialDecryption,361,3a17a0531bd2be20feb10bd21a5db328dfaabced8212150867047d502f770253,91,e7dc5fa6e6d50983d724ef35dee3f2ceaae266ca35051ba3268f51ab22f3da73,6fe110a4abb271a470474bcd348ece06f94726858a861471fb93e762c4ddc8a4,fc58120f4ef672925135d35e9247c5622dafab880ee0214c0055835839c0d272,2026-09-30T17:41:17Z
SubmitPartialDecryption,367,1043c88d9df5369ef7cd73ae7f1d4cccdf053648c0ac2f31c6c41e278b6d006b,91,e7dc5fa6e6d50983d724ef35dee3f2ceaae266ca35051ba3268f51ab22f3da73,6fe110a4abb271a470474bcd348ece06f94726858a861471fb93e762c4ddc8a4,fc58120f4ef672925135d35e9247c5622dafab880ee0214c0055835839c0d272,2026-09-30T17:41:17Z
SubmitPartialDecryption,354,30273dde35fe1de35899603122f96ffd1498b43580418f2f8b07569fdd328535,91,e7dc5fa6e6d50983d724ef35dee3f2ceaae266ca35051ba3268f51ab22f3da73,6fe110a4abb271a470474bcd348ece06f94726858a861471fb93e762c4ddc8a4,fc58120f4ef672925135d35e9247c5622dafab880ee0214c0055835839c0d272,2026-09-30T17:41:17Z
SubmitPartialDecryption,359,d7206b5e6de04ccccd2a65d49909e022bced5a28865d0ee5c62cbf312262836b,91,e7dc5fa6e6d50983d724ef35dee3f2ceaae266ca35051ba3268f51ab22f3da73,6fe110a4abb271a470474bcd348ece06f94726858a861471fb93e762c4ddc8a4,fc58120f4ef672925135d35e9247c5622dafab880ee0214c0055835839c0d272,2026-09-30T17:41:17Z
SubmitPartialDecryption,364,a2d70539a71fb85799aa3626468b8872d1f7fbe129b2699b21ac671c1d5c0e33,91,e7dc5fa6e6d50983d724ef35dee3f2ceaae266ca35051ba3268f51ab22f3da73,6fe110a4abb271a470474bcd348ece06f94726858a861471fb93e762c4ddc8a4,fc58120f4ef672925135d35e9247c5622dafab880ee0214c0055835839c0d272,2026-09-30T17:41:17Z
SubmitPartialDecryption,353,8ef4074764271801a5e6c3d3e0e9251e0cd1b987b0a5c2b5e5f0966053f7ef53,91,e7dc5fa6e6d50983d724ef35dee3f2ceaae266ca35051ba3268f51ab22f3da73,6fe110a4abb271a470474bcd348ece06f94726858a861471fb93e762c4ddc8a4,fc58120f4ef672925135d35e9247c5622dafab880ee0214c0055835839c0d272,2026-09-30T17:41:17Z
SubmitPartialDecryption,366,0a9c45822ff6848fd27e4b5fd571b0d6b8a1644a40c780b6afa4f0a99fa42125,91,e7dc5fa6e6d50983d724ef35dee3f2ceaae266ca35051ba3268f51ab22f3da73,6fe110a4abb271a470474bcd348ece06f94726858a861471fb93e762c4ddc8a4,fc58120f4ef672925135d35e9247c5622dafab880ee0214c0055835839c0d272,2026-09-30T17:41:17Z
SubmitPartialDecryption,362,a4a2fd57b58858dde0bf394f2f2ffebf27cc7b2d43adc5b40cebb40daf299bb0,91,e7dc5fa6e6d50983d724ef35dee3f2ceaae266ca35051ba3268f51ab22f3da73,6fe110a4abb271a470474bcd348ece06f94726858a861471fb93e762c4ddc8a4,fc58120f4ef672925135d35e9247c5622dafab880ee0214c0055835839c0d272,2026-09-30T17:41:17Z
SubmitPartialDecryption,365,63c0b0838255c6fda8fb264e7e82e223d30ec989e730341af27d9783c4491f0a,91,e7dc5fa6e6d50983d724ef35dee3f2ceaae266ca35051ba3268f51ab22f3da73,6fe110a4abb271a470474bcd348ece06f94726858a861471fb93e762c4ddc8a4,fc58120f4ef672925135d35e9247c5622dafab880ee0214c0055835839c0d272,2026-09-30T17:41:17Z
SubmitPartialDecryption,357,458f96ce090a4dc4603c085811216a1f62c1ebb022c1ae30c681b319e2166ef6,91,e7dc5fa6e6d50983d724ef35dee3f2ceaae266ca35051ba3268f51ab22f3da73,6fe110a4abb271a470474bcd348ece06f94726858a861471fb93e762c4ddc8a4,fc58120f4ef672925135d35e9247c5622dafab880ee0214c0055835839c0d272,2026-09-30T17:41:17Z
SubmitPartialDecryption,356,2764fe6ac13edc6fd946934e3f873d6df4bfdf80fe4f20fbb6eb2da7cac9c760,91,e7dc5fa6e6d50983d724ef35dee3f2ceaae266ca35051ba3268f51ab22f3da73,6fe110a4abb271a470474bcd348ece06f94726858a861471fb93e762c4ddc8a4,fc58120f4ef672925135d35e9247c5622dafab880ee0214c0055835839c0d272,2026-09-30T17:41:17Z
SubmitPartialDecryption,358,2372aa35b635dd10b3324402c16a601f6755a636a5719f39548cba07d06980a9,91,e7dc5fa6e6d50983d724ef35dee3f2ceaae266ca35051ba3268f51ab22f3da73,6fe110a4abb271a470474bcd348ece06f94726858a861471fb93e762c4ddc8a4,fc58120f4ef672925135d35e9247c5622dafab880ee0214c0055835839c0d272,2026-09-30T17:41:17Z
SubmitPartialDecryption,360,f22f17acea3364a7e85e6a8e6babc98208073c46cb0f6454d4fbd492c2dd4b36,91,e7dc5fa6e6d50983d724ef35dee3f2ceaae266ca35051ba3268f51ab22f3da73,6fe110a4abb271a470474bcd348ece06f94726858a861471fb93e762c4ddc8a4,fc58120f4ef672925135d35e9247c5622dafab880ee0214c0055835839c0d272,2026-09-30T17:41:17Z
SubmitPartialDecryption,352,243d5b962a42463cb5da5cb45e9076a0c3df5fbb19359efe00fcd3608f5160e1,91,e7dc5fa6e6d50983d724ef35dee3f2ceaae266ca35051ba3268f51ab22f3da73,6fe110a4abb271a470474bcd348ece06f94726858a861471fb93e762c4ddc8a4,fc58120f4ef672925135d35e9247c5622dafab880ee0214c0055835839c0d272,2026-09-30T17:41:17Z
SubmitPartialDecryption,363,f06985e4c5a52ac158c2c675abd5506318765c9d62a61c30ea6937061d222444,91,e7dc5fa6e6d50983d724ef35dee3f2ceaae266ca35051ba3268f51ab22f3da73,6fe110a4abb271a470474bcd348ece06f94726858a861471fb93e762c4ddc8a4,fc58120f4ef672925135d35e9247c5622dafab880ee0214c0055835839c0d272,2026-09-30T17:41:17Z
SubmitPartialDecryption,355,fc2987dc0268ad1d56afb2ff3b8b78f65a212424e785bad6f813f06085f0d433,91,e7dc5fa6e6d50983d724ef35dee3f2ceaae266ca35051ba3268f51ab22f3da73,6fe110a4abb271a470474bcd348ece06f94726858a861471fb93e762c4ddc8a4,fc58120f4ef672925135d35e9247c5622dafab880ee0214c0055835839c0d272,2026-09-30T17:41:17Z
SubmitPartialDecryption,374,f5efe9ffea9e653e136e4f13078a82b975f15911d2798d39244ec9d30c97c6da,92,cb3d3971fdd4876ac59df4572e39bdefa319bb2a2f6190508547003afd06c007,a3443081d0c780af218bb45189f5dc1912190f99a235e838869d7a6111bb2c2f,e7dc5fa6e6d50983d724ef35dee3f2ceaae266ca35051ba3268f51ab22f3da73,2026-09-30T17:41:19Z
SubmitPartialDecryption,370,7d774b35cd6df563b9e001b307e23ccb0aea8c5ff816e2f246eb5e21d849379b,92,cb3d3971fdd4876ac59df4572e39bdefa319bb2a2f6190508547003afd06c007,a3443081d0c780af218bb45189f5dc1912190f99a235e838869d7a6111bb2c2f,e7dc5fa6e6d50983d724ef35dee3f2ceaae266ca35051ba3268f51ab22f3da73,2026-09-30T17:41:19Z
SubmitPartialDecryption,382,ba135e6d346c3fadf0cf69b71cc5fd232ba4ddd582a8cfb0f2800f5afb05ec30,92,cb3d3971fdd4876ac59df4572e39bdefa319bb2a2f6190508547003afd06c007,a3443081d0c780af218bb45189f5dc1912190f99a235e838869d7a6111bb2c2f,e7dc5fa6e6d50983d724ef35dee3f2ceaae266ca35051ba3268f51ab22f3da73,2026-09-30T17:41:19Z
SubmitPartialDecryption,372,cdfdc4d4ce9f035104e9002add2909f711ec898f7d55925cd2dc9a21c493c1a3,92,cb3d3971fdd4876ac59df4572e39bdefa319bb2a2f6190508547003afd06c007,a3443081d0c780af218bb45189f5dc1912190f99a235e838869d7a6111bb2c2f,e7dc5fa6e6d50983d724ef35dee3f2ceaae266ca35051ba3268f51ab22f3da73,2026-09-30T17:41:19Z
SubmitPartialDecryption,376,78a30a456efa9b19120a0e79c869f741c8a0b850a441800b718163eedde4756b,92,cb3d3971fdd4876ac59df4572e39bdefa319bb2a2f6190508547003afd06c007,a3443081d0c780af218bb45189f5dc1912190f99a235e838869d7a6111bb2c2f,e7dc5fa6e6d50983d724ef35dee3f2ceaae266ca35051ba3268f51ab22f3da73,2026-09-30T17:41:19Z
SubmitPartialDecryption,377,55fde860da9bd6f0dac0ab054f3e79c8553c8e6af719a84a0cf9a97ca6a23999,92,cb3d3971fdd4876ac59df4572e39bdefa319bb2a2f6190508547003afd06c007,a3443081d0c780af218bb45189f5dc1912190f99a235e838869d7a6111bb2c2f,e7dc5fa6e6d50983d724ef35dee3f2ceaae266ca35051ba3268f51ab22f3da73,2026-09-30T17:41:19Z
SubmitPartialDecryption,369,0b95152f5fb09b34a2b4c66a0f9d9a438f4c305af6b384c2657c010e15c1a569,92,cb3d3971fdd4876ac59df4572e39bdefa319bb2a2f6190508547003afd06c007,a3443081d0c780af218bb45189f5dc1912190f99a235e838869d7a6111bb2c2f,e7dc5fa6e6d50983d724ef35dee3f2ceaae266ca35051ba3268f51ab22f3da73,2026-09-30T17:41:19Z
SubmitPartialDecryption,383,104c1fb7562a850c56bfca2efd8f4165993588e76bd36295de894fa32e5c9b01,92,cb3d3971fdd4876ac59df4572e39bdefa319bb2a2f6190508547003afd06c007,a3443081d0c780af218bb45189f5dc1912190f99a235e838869d7a6111bb2c2f,e7dc5fa6e6d50983d724ef35dee3f2ceaae266ca35051ba3268f51ab22f3da73,2026-09-30T17:41:19Z
SubmitPartialDecryption,371,5f7d32e1176bc5aaf83c3c79d383dbfc820ba56d99b8f83c2c03a451392bbbca,92,cb3d3971fdd4876ac59df4572e39bdefa319bb2a2f6190508547003afd06c007,a3443081d0c780af218bb45189f5dc1912190f99a235e838869d7a6111bb2c2f,e7dc5fa6e6d50983d724ef35dee3f2ceaae266ca35051ba3268f51ab22f3da73,2026-09-30T17:41:19Z
SubmitPartialDecryption,378,b4f554c9243ca4e90b64de33cfd2cf184bb58091c15323b258a6e63dd6d9bfa4,92,cb3d3971fdd4876ac59df4572e39bdefa319bb2a2f6190508547003afd06c007,a3443081d0c780af218bb45189f5dc1912190f99a235e838869d7a6111bb2c2f,e7dc5fa6e6d50983d724ef35dee3f2ceaae266ca35051ba3268f51ab22f3da73,2026-09-30T17:41:19Z
SubmitPartialDecryption,375,21ba7eb4826e51cd4f8e1e4db1eeb67e0998dd5377bd66d4a3089b16e2ce63c8,92,cb3d3971fdd4876ac59df4572e39bdefa319bb2a2f6190508547003afd06c007,a3443081d0c780af218bb45189f5dc1912190f99a235e838869d7a6111bb2c2f,e7dc5fa6e6d50983d724ef35dee3f2ceaae266ca35051ba3268f51ab22f3da73,2026-09-30T17:41:19Z
SubmitPartialDecryption,373,f4d0701a3349a660844aae162d20c6f55644fd5a6a74dffb72d78e7337a54e8a,92,cb3d3971fdd4876ac59df4572e39bdefa319bb2a2f6190508547003afd06c007,a3443081d0c780af218bb45189f5dc1912190f99a235e838869d7a6111bb2c2f,e7dc5fa6e6d50983d724ef35dee3f2ceaae266ca35051ba3268f51ab22f3da73,2026-09-30T17:41:19Z
SubmitPartialDecryption,379,41fbc119f8cc64d9fa0e0da685ee998ddfd3c1284f8a9cd38054c96e7d055cab,92,cb3d3971fdd4876ac59df4572e39bdefa319bb2a2f6190508547003afd06c007,a3443081d0c780af218bb45189f5dc1912190f99a235e838869d7a6111bb2c2f,e7dc5fa6e6d50983d724ef35dee3f2ceaae266ca35051ba3268f51ab22f3da73,2026-09-30T17:41:19Z
SubmitPartialDecryption,381,11c20b3a48ddf1b168fddd4350328e3a300dee899b6ea14848f693cad32406cb,92,cb3d3971fdd4876ac59df4572e39bdefa319bb2a2f6190508547003afd06c007,a3443081d0c780af218bb45189f5dc1912190f99a235e838869d7a6111bb2c2f,e7dc5fa6e6d50983d724ef35dee3f2ceaae266ca35051ba3268f51ab22f3da73,2026-09-30T17:41:19Z
SubmitPartialDecryption,368,499bc1cf86f488ccf99e91c743ce8fbcf6f4cef6b45af8f30a5ff96435abcddd,92,cb3d3971fdd4876ac59df4572e39bdefa319bb2a2f6190508547003afd06c007,a3443081d0c780af218bb45189f5dc1912190f99a235e838869d7a6111bb2c2f,e7dc5fa6e6d50983d724ef35dee3f2ceaae266ca35051ba3268f51ab22f3da73,2026-09-30T17:41:19Z
SubmitPartialDecryption,380,935673a445cefdf5478200149cbe0d7691faa9803d5ca2c1d1cb63210e792da3,92,cb3d3971fdd4876ac59df4572e39bdefa319bb2a2f6190508547003afd06c007,a3443081d0c780af218bb45189f5dc1912190f99a235e838869d7a6111bb2c2f,e7dc5fa6e6d50983d724ef35dee3f2ceaae266ca35051ba3268f51ab22f3da73,2026-09-30T17:41:19Z
SubmitPartialDecryption,390,10526c43b395d7ab136b104f306293fa4854bda145d1e80eff65910dfe77d618,93,5b6769d6336b710495e16f277731f89d3f705283e7aef01f0372cc155f08a2d0,4cb33b9d5d7ab20a1e3b8f98e556c91ad4ec01a59b4a671d58bcd1334b42262b,cb3d3971fdd4876ac59df4572e39bdefa319bb2a2f6190508547003afd06c007,2026-09-30T17:41:21Z
SubmitPartialDecryption,399,db649498bfb909fa5934f1d2e92ddb772535cddabcd4aa9d4fba82f73ceab48a,93,5b6769d6336b710495e16f277731f89d3f705283e7aef01f0372cc155f08a2d0,4cb33b9d5d7ab20a1e3b8f98e556c91ad4ec01a59b4a671d58bcd1334b42262b,cb3d3971fdd4876ac59df4572e39bdefa319bb2a2f6190508547003afd06c007,2026-09-30T17:41:21Z
SubmitPartialDecryption,397,1f950f233494a815cf3f527d8deef80bc305f909fe7542177ea123368e02a38e,93,5b6769d6336b710495e16f277731f89d3f705283e7aef01f0372cc155f08a2d0,4cb33b9d5d7ab20a1e3b8f98e556c91ad4ec01a59b4a671d58bcd1334b42262b,cb3d3971fdd4876ac59df4572e39bdefa319bb2a2f6190508547003afd06c007,2026-09-30T17:41:21Z
SubmitPartialDecryption,394,a7ffcb8a5f5ca42cc4b7fb50054460763e55d88e4662a976aa966e4528934bdf,93,5b6769d6336b710495e16f277731f89d3f705283e7aef01f0372cc155f08a2d0,4cb33b9d5d7ab20a1e3b8f98e556c91ad4ec01a59b4a671d58bcd1334b42262b,cb3d3971fdd4876ac59df4572e39bdefa319bb2a2f6190508547003afd06c007,2026-09-30T17:41:21Z
SubmitPartialDecryption,395,76039711477b9f439fcbb2cc52f033c8242f0d8948931035198c18fb336ab959,93,5b6769d6336b710495e16f277731f89d3f705283e7aef01f0372cc155f08a2d0,4cb33b9d5d7ab20a1e3b8f98e556c91ad4ec01a59b4a671d58bcd1334b42262b,cb3d3971fdd4876ac59df4572e39bdefa319bb2a2f6190508547003afd06c007,2026-09-30T17:41:21Z
SubmitPartialDecryption,392,938e9dbe27cb3cc1bae609b906945a08ca72ed394270a7b35b0feeaf9ba0d28e,93,5b6769d6336b710495e16f277731f89d3f705283e7aef01f0372cc155f08a2d0,4cb33b9d5d7ab20a1e3b8f98e556c91ad4ec01a59b4a671d58bcd1334b42262b,cb3d3971fdd4876ac59df4572e39bdefa319bb2a2f6190508547003afd06c007,2026-09-30T17:41:21Z
SubmitPartialDecryption,385,c3b882ed807cdbebcc484de401adf579d329f88605a0378db66b0707bba32fdc,93,5b6769d6336b710495e16f277731f89d3f705283e7aef01f0372cc155f08a2d0,4cb33b9d5d7ab20a1e3b8f98e556c91ad4ec01a59b4a671d58bcd1334b42262b,cb3d3971fdd4876ac59df4572e39bdefa319bb2a2f6190508547003afd06c007,2026-09-30T17:41:21Z
SubmitPartialDecryption,384,ff44d1b8954fa80e5436bfd6e52bccc0a6ab1cec3a3a6360a703b4b2fee9322b,93,5b6769d6336b710495e16f277731f89d3f705283e7aef01f0372cc155f08a2d0,4cb33b9d5d7ab20a1e3b8f98e556c91ad4ec01a59b4a671d58bcd1334b42262b,cb3d3971fdd4876ac59df4572e39bdefa319bb2a2f6190508547003afd06c007,2026-09-30T17:41:21Z
SubmitPartialDecryption,386,d25188cbaa0a95be5a8c0b157a1bc96eafe29a64e7a1cd2deb70257871089a80,93,5b6769d6336b710495e16f277731f89d3f705283e7aef01f0372cc155f08a2d0,4cb33b9d5d7ab20a1e3b8f98e556c91ad4ec01a59b4a671d58bcd1334b42262b,cb3d3971fdd4876ac59df4572e39bdefa319bb2a2f6190508547003afd06c007,2026-09-30T17:41:21Z
SubmitPartialDecryption,387,17db30d7fd19b0668227fb65e2fb6b2c0442501a0533e22a63b8f737de9de547,93,5b6769d6336b710495e16f277731f89d3f705283e7aef01f0372cc155f08a2d0,4cb33b9d5d7ab20a1e3b8f98e556c91ad4ec01a59b4a671d58bcd1334b42262b,cb3d3971fdd4876ac59df4572e39bdefa319bb2a2f6190508547003afd06c007,2026-09-30T17:41:21Z
SubmitPartialDecryption,389,e3c601627c7d6816fa0f9aef84e4f6029c94a61f9a02dc0ce7f864147cfce6ac,93,5b6769d6336b710495e16f277731f89d3f705283e7aef01f0372cc155f08a2d0,4cb33b9d5d7ab20a1e3b8f98e556c91ad4ec01a59b4a671d58bcd1334b42262b,cb3d3971fdd4876ac59df4572e39bdefa319bb2a2f6190508547003afd06c007,2026-09-30T17:41:21Z
SubmitPartialDecryption,388,b778cd68c3a7463d8c73fd3cc270b346b4b41e649bea1cf20a98407a17051555,93,5b6769d6336b710495e16f277731f89d3f705283e7aef01f0372cc155f08a2d0,4cb33b9d5d7ab20a1e3b8f98e556c91ad4ec01a59b4a671d58bcd1334b42262b,cb3d3971fdd4876ac59df4572e39bdefa319bb2a2f6190508547003afd06c007,2026-09-30T17:41:21Z
SubmitPartialDecryption,393,8f5a41d0b54f4341decf4680903eebf08e51f63fae6f7761a5b6a135936a85a9,93,5b6769d6336b710495e16f277731f89d3f705283e7aef01f0372cc155f08a2d0,4cb33b9d5d7ab20a1e3b8f98e556c91ad4ec01a59b4a671d58bcd1334b42262b,cb3d3971fdd4876ac59df4572e39bdefa319bb2a2f6190508547003afd06c007,2026-09-30T17:41:21Z
SubmitPartialDecryption,396,8aed260083171d192f500270a49663134e8302ede38bcd3f7c38bf07fdd0d61b,93,5b6769d6336b710495e16f277731f89d3f705283e7aef01f0372cc155f08a2d0,4cb33b9d5d7ab20a1e3b8f98e556c91ad4ec01a59b4a671d58bcd1334b42262b,cb3d3971fdd4876ac59df4572e39bdefa319bb2a2f6190508547003afd06c007,2026-09-30T17:41:21Z
SubmitPartialDecryption,398,8d45544c2ad2a9ac6ebfadb586f390f9fb167a2ac12f05c9434f4f2f79741948,93,5b6769d6336b710495e16f277731f89d3f705283e7aef01f0372cc155f08a2d0,4cb33b9d5d7ab20a1e3b8f98e556c91ad4ec01a59b4a671d58bcd1334b42262b,cb3d3971fdd4876ac59df4572e39bdefa319bb2a2f6190508547003afd06c007,2026-09-30T17:41:21Z
SubmitPartialDecryption,391,bb6a9dcab3ed2cb34131d42eb5737c7819d87d1f42434b35f59d3107d8506147,93,5b6769d6336b710495e16f277731f89d3f705283e7aef01f0372cc155f08a2d0,4cb33b9d5d7ab20a1e3b8f98e556c91ad4ec01a59b4a671d58bcd1334b42262b,cb3d3971fdd4876ac59df4572e39bdefa319bb2a2f6190508547003afd06c007,2026-09-30T17:41:21Z
SubmitPartialDecryption,407,2784633710c85f387663c5b79850a8e6f74ac5cffc6665045104667405722da5,94,f349e7bbeb20b0b53d93fd52ac79b231dbf90f9c57a53d65bfa95c3e2202e3a2,a3ed7a206fc9e1cb3204347a6f0d4650ded8a52b85dae10691801f2211565138,5b6769d6336b710495e16f277731f89d3f705283e7aef01f0372cc155f08a2d0,2026-09-30T17:41:23Z
SubmitPartialDecryption,412,cf54e6230da2f865e6b3c9a50628ad5eb502843f77c5e93a01a71d813e45e32e,94,f349e7bbeb20b0b53d93fd52ac79b231dbf90f9c57a53d65bfa95c3e2202e3a2,a3ed7a206fc9e1cb3204347a6f0d4650ded8a52b85dae10691801f2211565138,5b6769d6336b710495e16f277731f89d3f705283e7aef01f0372cc155f08a2d0,2026-09-30T17:41:23Z
SubmitPartialDecryption,410,278ae98abf2ef82d9a4e234a706bdf78925ca9e615c51135eab9c3a6804d64f6,94,f349e7bbeb20b0b53d93fd52ac79b231dbf90f9c57a53d65bfa95c3e2202e3a2,a3ed7a206fc9e1cb3204347a6f0d4650ded8a52b85dae10691801f2211565138,5b6769d6336b710495e16f277731f89d3f705283e7aef01f0372cc155f08a2d0,2026-09-30T17:41:23Z
SubmitPartialDecryption,408,323e060d0c1dc8bf7a136fdb64cb84b44f4be070adea1161365a6f9dfd0c0b55,94,f349e7bbeb20b0b53d93fd52ac79b231dbf90f9c57a53d65bfa95c3e2202e3a2,a3ed7a206fc9e1cb3204347a6f0d4650ded8a52b85dae10691801f2211565138,5b6769d6336b710495e16f277731f89d3f705283e7aef01f0372cc155f08a2d0,2026-09-30T17:41:23Z
SubmitPartialDecryption,404,20a1aab4043383a4b38e27e24f890330902066680d28545cf0ccfb9a32ddad18,94,f349e7bbeb20b0b53d93fd52ac79b231dbf90f9c57a53d65bfa95c3e2202e3a2,a3ed7a206fc9e1cb3204347a6f0d4650ded8a52b85dae10691801f2211565138,5b6769d6336b710495e16f277731f89d3f705283e7aef01f0372cc155f08a2d0,2026-09-30T17:41:23Z
SubmitPartialDecryption,414,0c14de470ebc0a7c95e801207bb22d772ef3937331c1997065af018fde08166e,94,f349e7bbeb20b0b53d93fd52ac79b231dbf90f9c57a53d65bfa95c3e2202e3a2,a3ed7a206fc9e1cb3204347a6f0d4650ded8a52b85dae10691801f2211565138,5b6769d6336b710495e16f277731f89d3f705283e7aef01f0372cc155f08a2d0,2026-09-30T17:41:23Z
SubmitPartialDecryption,411,01823765ad7f62f5add4a2401522e4f44d0a378c52c770ba94afd06d9113cf9e,94,f349e7bbeb20b0b53d93fd52ac79b231dbf90f9c57a53d65bfa95c3e2202e3a2,a3ed7a206fc9e1cb3204347a6f0d4650ded8a52b85dae10691801f2211565138,5b6769d6336b710495e16f277731f89d3f705283e7aef01f0372cc155f08a2d0,2026-09-30T17:41:23Z
SubmitPartialDecryption,406,d2b0137590ad4203c2562ca484728317cb6119c8c09da44bc6d384b018ee41aa,94,f349e7bbeb20b0b53d93fd52ac79b231dbf90f9c57a53d65bfa95c3e2202e3a2,a3ed7a206fc9e1cb3204347a6f0d4650ded8a52b85dae10691801f2211565138,5b6769d6336b710495e16f277731f89d3f705283e7aef01f0372cc155f08a2d0,2026-09-30T17:41:23Z
SubmitPartialDecryption,413,157c2134ccd1c38a1e6908edb8f066bf6d0dab47541136261faf169522837408,94,f349e7bbeb20b0b53d93fd52ac79b231dbf90f9c57a53d65bfa95c3e2202e3a2,a3ed7a206fc9e1cb3204347a6f0d4650ded8a52b85dae10691801f2211565138,5b6769d6336b710495e16f277731f89d3f705283e7aef01f0372cc155f08a2d0,2026-09-30T17:41:23Z
SubmitPartialDecryption,409,50ce73aed214ac8ce194a8d0d91d5ae544f2073a99355bbfa07d56dc87800220,94,f349e7bbeb20b0b53d93fd52ac79b231dbf90f9c57a53d65bfa95c3e2202e3a2,a3ed7a206fc9e1cb3204347a6f0d4650ded8a52b85dae10691801f2211565138,5b6769d6336b710495e16f277731f89d3f705283e7aef01f0372cc155f08a2d0,2026-09-30T17:41:23Z
SubmitPartialDecryption,415,2b943b5f182f7c25d944f4a02a4669911049ee4776d0369937d63c1e1ab93366,94,f349e7bbeb20b0b53d93fd52ac79b231dbf90f9c57a53d65bfa95c3e2202e3a2,a3ed7a206fc9e1cb3204347a6f0d4650ded8a52b85dae10691801f2211565138,5b6769d6336b710495e16f277731f89d3f705283e7aef01f0372cc155f08a2d0,2026-09-30T17:41:23Z
SubmitPartialDecryption,403,a8d2ebf207eee7c422dcc6341b0fd2eec8d3933bcfe93cbf5c97a6dfb2d267b7,94,f349e7bbeb20b0b53d93fd52ac79b231dbf90f9c57a53d65bfa95c3e2202e3a2,a3ed7a206fc9e1cb3204347a6f0d4650ded8a52b85dae10691801f2211565138,5b6769d6336b710495e16f277731f89d3f705283e7aef01f0372cc155f08a2d0,2026-09-30T17:41:23Z
SubmitPartialDecryption,405,848dc5fa841083f702ed9f5248c5a1ca4506d1818957644afe5a22bfb9846942,94,f349e7bbeb20b0b53d93fd52ac79b231dbf90f9c57a53d65bfa95c3e2202e3a2,a3ed7a206fc9e1cb3204347a6f0d4650ded8a52b85dae10691801f2211565138,5b6769d6336b710495e16f277731f89d3f705283e7aef01f0372cc155f08a2d0,2026-09-30T17:41:23Z
SubmitPartialDecryption,401,eafa9c21ca69a7fc4e8bd2f4fb0c226d1e68f9f701ddf54c60959139973d0e29,94,f349e7bbeb20b0b53d93fd52ac79b231dbf90f9c57a53d65bfa95c3e2202e3a2,a3ed7a206fc9e1cb3204347a6f0d4650ded8a52b85dae10691801f2211565138,5b6769d6336b710495e16f277731f89d3f705283e7aef01f0372cc155f08a2d0,2026-09-30T17:41:23Z
SubmitPartialDecryption,400,62e7adedd3f8009be3dcbd135b0d0249ec798463b8e9eacc6e1f2214b776c9c9,94,f349e7bbeb20b0b53d93fd52ac79b231dbf90f9c57a53d65bfa95c3e2202e3a2,a3ed7a206fc9e1cb3204347a6f0d4650ded8a52b85dae10691801f2211565138,5b6769d6336b710495e16f277731f89d3f705283e7aef01f0372cc155f08a2d0,2026-09-30T17:41:23Z
SubmitPartialDecryption,402,04d36cd37bfa69c694d36bf8e7747e4adec2bb21b3407f0cc12ef02ee7c92a1b,94,f349e7bbeb20b0b53d93fd52ac79b231dbf90f9c57a53d65bfa95c3e2202e3a2,a3ed7a206fc9e1cb3204347a6f0d4650ded8a52b85dae10691801f2211565138,5b6769d6336b710495e16f277731f89d3f705283e7aef01f0372cc155f08a2d0,2026-09-30T17:41:23Z
SubmitPartialDecryption,417,e32ceaeab9b9f61117d00394992f559207e243462c21d52e0ab4ef20309850e2,95,b22643fbcd39515f01a6ed661b3c0951210b0bffa6ac617cc51f61c1fdc2a258,1e05ea6de1a31d1713fc0a8eecabd7b2ead6564535c195dec30ddcc0af951a40,f349e7bbeb20b0b53d93fd52ac79b231dbf90f9c57a53d65bfa95c3e2202e3a2,2026-09-30T17:41:25Z
SubmitPartialDecryption,416,e010ccf1288e7b221f54bc1d4374f332671ecc5965d5fc7a48be8316048f2f44,95,b22643fbcd39515f01a6ed661b3c0951210b0bffa6ac617cc51f61c1fdc2a258,1e05ea6de1a31d1713fc0a8eecabd7b2ead6564535c195dec30ddcc0af951a40,f349e7bbeb20b0b53d93fd52ac79b231dbf90f9c57a53d65bfa95c3e2202e3a2,2026-09-30T17:41:25Z
SubmitPartialDecryption,419,de3f76e9b045829ca1ba46d19189426ba68ff291e52243caf0412df44efd9cfe,95,b22643fbcd39515f01a6ed661b3c0951210b0bffa6ac617cc51f61c1fdc2a258,1e05ea6de1a31d1713fc0a8eecabd7b2ead6564535c195dec30ddcc0af951a40,f349e7bbeb20b0b53d93fd52ac79b231dbf90f9c57a53d65bfa95c3e2202e3a2,2026-09-30T17:41:25Z
SubmitPartialDecryption,418,85309d6a90eec200f18eb733c4fd422f639cef091a80ac05c134578d430834aa,95,b22643fbcd39515f01a6ed661b3c0951210b0bffa6ac617cc51f61c1fdc2a258,1e05ea6de1a31d1713fc0a8eecabd7b2ead6564535c195dec30ddcc0af951a40,f349e7bbeb20b0b53d93fd52ac79b231dbf90f9c57a53d65bfa95c3e2202e3a2,2026-09-30T17:41:25Z
PublishTally,,81fad2f96ee72eea03175c9c599882c678f8575c4279d7d20e4d2295872830fa,96,6a96385d4e8239fa8ced58a7653368f0241a1e22ca865fb7f01fa9993ea7b8f9,14335c07efeba9dbf8c72694267beb7c049bd470853d641e473cf7ba6889d6b2,b22643fbcd39515f01a6ed661b3c0951210b0bffa6ac617cc51f61c1fdc2a258,2026-09-30T17:41:27Z
