event,ref,tx_id,block_number,block_hash,data_hash,previous_hash,timestamp
CreateElection,,a4320186ecc25ab30df66574e95dfd10f9fe52538281eb9bb220b77cd3260d84,370,968371057a9136b69fdd8df16c0828dc4af88e32fdf4f3eaa9253e3900399aab,9b650e0229aa579ef9d7d483a6db2f48db0eb8d0d146d41c6f0a27e92d18c08d,aa16f0a6671f59755c542d442bc77f9211f6ffbed7c12288db1f43c94342a8a1,2026-09-30T17:46:39Z
PublishDKGTranscript,,6970e42b35834806c1246235b35c928d2a6a91b4dfa9c8550a72990cad6ce717,371,0bf03990c2d7a54b70f173f24ccb500d60775cbab3cdbd002c4f0ffbf8b670f7,c7db97c31fa05da75c64a0d07fd7fab18dbbd17568daa91da316575c8055333a,968371057a9136b69fdd8df16c0828dc4af88e32fdf4f3eaa9253e3900399aab,2026-09-30T17:46:41Z
CloseElection,,763e3bc0b33fe8bdfee46d111c60baa006da479b171a26b35fe0404057e06f42,432,46c099248699040f18eee71b9b0e559f66a6503780a4988d02f4638bb5dda902,eac6d7d27f095e3cb9aa8ab75ecd4868bd26a2d3d25723862197e5c067c4dffe,ec27d7bdfaded4290255cfe09a8a17ea0d25e5917c73df80c3a0cf79afea52bd,2026-09-30T17:46:58Z
SubmitPartialDecryption,15,55de42202b30430c46adae996141ef4c5456b6da3457de827010f37630a1b258,433,6c616d0c0a800091e99ec1847422a2f1d2fc5f3c848f8299de5c24621e474b49,04bf27726dd0f46effb5f80cda9812a0e06986015d7c465e8470bf70638ec5ee,46c099248699040f18eee71b9b0e559f66a6503780a4988d02f4638bb5dda902,2026-09-30T17:47:00Z
SubmitPartialDecryption,9,9c5c607ded1d4fc759dd20ff3753477adc1ef545fb429610fbdc6bc3b6b8dd1e,433,6c616d0c0a800091e99ec1847422a2f1d2fc5f3c848f8299de5c24621e474b49,04bf27726dd0f46effb5f80cda9812a0e06986015d7c465e8470bf70638ec5ee,46c099248699040f18eee71b9b0e559f66a6503780a4988d02f4638bb5dda902,2026-09-30T17:47:00Z
SubmitPartialDecryption,5,4cf25a98007bd00a3c7c3118125845cb93c0898cf962feb5776c9c9cd251ce1d,433,6c616d0c0a800091e99ec1847422a2f1d2fc5f3c848f8299de5c24621e474b49,04bf27726dd0f46effb5f80cda9812a0e06986015d7c465e8470bf70638ec5ee,46c099248699040f18eee71b9b0e559f66a6503780a4988d02f4638bb5dda902,2026-09-30T17:47:00Z
SubmitPartialDecryption,3,5ec1f1414c335ff17e2f2828749c3c5e09b7befa5cf32cc330fdd1bffaa84582,433,6c616d0c0a800091e99ec1847422a2f1d2fc5f3c848f8299de5c24621e474b49,04bf27726dd0f46effb5f80cda9812a0e06986015d7c465e8470bf70638ec5ee,46c099248699040f18eee71b9b0e559f66a6503780a4988d02f4638bb5dda902,2026-09-30T17:47:00Z
SubmitPartialDecryption,6,d2c1117816ae73dfaf20ac8d7e3cdf209c63eb86d4aa5101e671ec39bf7abe7a,433,6c616d0c0a800091e99ec1847422a2f1d2fc5f3c848f8299de5c24621e474b49,04bf27726dd0f46effb5f80cda9812a0e06986015d7c465e8470bf70638ec5ee,46c099248699040f18eee71b9b0e559f66a6503780a4988d02f4638bb5dda902,2026-09-30T17:47:00Z
SubmitPartialDecryption,14,62618fad614f4d70884fe0eddca949b23a32e9da94929a94514915d5b775dc75,433,6c616d0c0a800091e99ec1847422a2f1d2fc5f3c848f8299de5c24621e474b49,04bf27726dd0f46effb5f80cda9812a0e06986015d7c465e8470bf70638ec5ee,46c099248699040f18eee71b9b0e559f66a6503780a4988d02f4638bb5dda902,2026-09-30T17:47:00Z
SubmitPartialDecryption,2,7ebb1ea25a26e9b614c0008b7c77965c56577edcf1ec268107ec6ceae0da743b,433,6c616d0c0a800091e99ec1847422a2f1d2fc5f3c848f8299de5c24621e474b49,04bf27726dd0f46effb5f80cda9812a0e06986015d7c465e8470bf70638ec5ee,46c099248699040f18eee71b9b0e559f66a6503780a4988d02f4638bb5dda902,2026-09-30T17:47:00Z
SubmitPartialDecryption,8,874e539b3aaa009fbe0f022a91a5b36b4fbc1af817863e3565664641dfd21867,433,6c616d0c0a800091e99ec1847422a2f1d2fc5f3c848f8299de5c24621e474b49,04bf27726dd0f46effb5f80cda9812a0e06986015d7c465e8470bf70638ec5ee,46c099248699040f18eee71b9b0e559f66a6503780a4988d02f4638bb5dda902,2026-09-30T17:47:00Z
SubmitPartialDecryption,13,ea1ebc7a617aee804115d242ca7540a0a8eb932ea05b4b92526c33ce00d50735,433,6c616d0c0a800091e99ec1847422a2f1d2fc5f3c848f8299de5c24621e474b49,04bf27726dd0f46effb5f80cda9812a0e06986015d7c465e8470bf70638ec5ee,46c099248699040f18eee71b9b0e559f66a6503780a4988d02f4638bb5dda902,2026-09-30T17:47:00Z
SubmitPartialDecryption,11,20f5858804a7af39d71b078ebd67b63ef1778604ef92679fa46f8694fec007c0,433,6c616d0c0a800091e99ec1847422a2f1d2fc5f3c848f8299de5c24621e474b49,04bf27726dd0f46effb5f80cda9812a0e06986015d7c465e8470bf70638ec5ee,46c099248699040f18eee71b9b0e559f66a6503780a4988d02f4638bb5dda902,2026-09-30T17:47:00Z
SubmitPartialDecryption,10,2b2fd81c18f94deba97f77654eebe641ec59aac8ebadf6a8fdfa3a91fb8c48d5,433,6c616d0c0a800091e99ec1847422a2f1d2fc5f3c848f8299de5c24621e474b49,04bf27726dd0f46effb5f80cda9812a0e06986015d7c465e8470bf70638ec5ee,46c099248699040f18eee71b9b0e559f66a6503780a4988d02f4638bb5dda902,2026-09-30T17:47:00Z
SubmitPartialDecryption,1,8d2dc0e82c343bb6d7f8d0104a3f151faf62027d9ba3a1635b8e7a6673d18926,433,6c616d0c0a800091e99ec1847422a2f1d2fc5f3c848f8299de5c24621e474b49,04bf27726dd0f46effb5f80cda9812a0e06986015d7c465e8470bf70638ec5ee,46c099248699040f18eee71b9b0e559f66a6503780a4988d02f4638bb5dda902,2026-09-30T17:47:00Z
SubmitPartialDecryption,0,80f48e869b7faefe3f64df59fb9b91bdeb518782c8a19eff5c9685f2e4398f60,433,6c616d0c0a800091e99ec1847422a2f1d2fc5f3c848f8299de5c24621e474b49,04bf27726dd0f46effb5f80cda9812a0e06986015d7c465e8470bf70638ec5ee,46c099248699040f18eee71b9b0e559f66a6503780a4988d02f4638bb5dda902,2026-09-30T17:47:00Z
SubmitPartialDecryption,12,767245f5b22d88b737d2830502ce15cdad190d3ba8bfba37dc3486f7b940ffe7,433,6c616d0c0a800091e99ec1847422a2f1d2fc5f3c848f8299de5c24621e474b49,04bf27726dd0f46effb5f80cda9812a0e06986015d7c465e8470bf70638ec5ee,46c099248699040f18eee71b9b0e559f66a6503780a4988d02f4638bb5dda902,2026-09-30T17:47:00Z
SubmitPartialDecryption,4,9843bfb7e55cc0255fd5be3e3fccad363097bcd7d422758d4b3d2fbd6aa57093,433,6c616d0c0a800091e99ec1847422a2f1d2fc5f3c848f8299de5c24621e474b49,04bf27726dd0f46effb5f80cda9812a0e06986015d7c465e8470bf70638ec5ee,46c099248699040f18eee71b9b0e559f66a6503780a4988d02f4638bb5dda902,2026-09-30T17:47:00Z
SubmitPartialDecryption,7,131c217517585aa2c2c8059859f3794dc3e0345e8379b4b0a70e1bf4e8cd07fd,433,6c616d0c0a800091e99ec1847422a2f1d2fc5f3c848f8299de5c24621e474b49,04bf27726dd0f46effb5f80cda9812a0e06986015d7c465e8470bf70638ec5ee,46c099248699040f18eee71b9b0e559f66a6503780a4988d02f4638bb5dda902,2026-09-30T17:47:00Z
SubmitPartialDecryption,30,25fc57e9af103000056d029c30fcb71cc7cc4527c489bc350ee3b0709a18b9af,434,4fba5f47476593d55e0346425627b0bcddcf36fc8bfebb1167fb04a1bdd74611,31a4a8a80082d5e3553d19b7e0ffea556ebb6c779d80820bd4c7d18c1047abf6,6c616d0c0a800091e99ec1847422a2f1d2fc5f3c848f8299de5c24621e474b49,2026-09-30T17:47:02Z
SubmitPartialDecryption,27,98c5859e36a76ae0e88e4bf4ea9a1dfb9b232fb645e8aa719c193111bdc98fb9,434,4fba5f47476593d55e0346425627b0bcddcf36fc8bfebb1167fb04a1bdd74611,31a4a8a80082d5e3553d19b7e0ffea556ebb6c779d80820bd4c7d18c1047abf6,6c616d0c0a800091e99ec1847422a2f1d2fc5f3c848f8299de5c24621e474b49,2026-09-30T17:47:02Z
SubmitPartialDecryption,29,e7a0c9309344e9e5f6175a6e504c994698ed392716eb8ace85a147518e9caffc,434,4fba5f47476593d55e0346425627b0bcddcf36fc8bfebb1167fb04a1bdd74611,31a4a8a80082d5e3553d19b7e0ffea556ebb6c779d80820bd4c7d18c1047abf6,6c616d0c0a800091e99ec1847422a2f1d2fc5f3c848f8299de5c24621e474b49,2026-09-30T17:47:02Z
SubmitPartialDecryption,21,9980530616bf4a257552c0478fc0dd9437c35c6ee6e7b6951831eb1e958f438b,434,4fba5f47476593d55e0346425627b0bcddcf36fc8bfebb1167fb04a1bdd74611,31a4a8a80082d5e3553d19b7e0ffea556ebb6c779d80820bd4c7d18c1047abf6,6c616d0c0a800091e99ec1847422a2f1d2fc5f3c848f8299de5c24621e474b49,2026-09-30T17:47:02Z
SubmitPartialDecryption,25,1155317e3ef0986b5205cd85c12298e39a42087856147b41039cc54edb8c9703,434,4fba5f47476593d55e0346425627b0bcddcf36fc8bfebb1167fb04a1bdd74611,31a4a8a80082d5e3553d19b7e0ffea556ebb6c779d80820bd4c7d18c1047abf6,6c616d0c0a800091e99ec1847422a2f1d2fc5f3c848f8299de5c24621e474b49,2026-09-30T17:47:02Z
SubmitPartialDecryption,17,006f7ee7271cdd7147ac28f1a3eb3ac6c1a8e45a60578e45be635975fd8c4caf,434,4fba5f47476593d55e0346425627b0bcddcf36fc8bfebb1167fb04a1bdd74611,31a4a8a80082d5e3553d19b7e0ffea556ebb6c779d80820bd4c7d18c1047abf6,6c616d0c0a800091e99ec1847422a2f1d2fc5f3c848f8299de5c24621e474b49,2026-09-30T17:47:02Z
SubmitPartialDecryption,20,198b4db84b0cdaad451af52df96d179e065699fd15fe32a6e4a9d75a4bf302e4,434,4fba5f47476593d55e0346425627b0bcddcf36fc8bfebb1167fb04a1bdd74611,31a4a8a80082d5e3553d19b7e0ffea556ebb6c779d80820bd4c7d18c1047abf6,6c616d0c0a800091e99ec1847422a2f1d2fc5f3c848f8299de5c24621e474b49,2026-09-30T17:47:02Z
SubmitPartialDecryption,16,6470cb10f58f291d140d6cc6511969ace50d0307313294c6376e0d9a40a1ae7d,434,4fba5f47476593d55e0346425627b0bcddcf36fc8bfebb1167fb04a1bdd74611,31a4a8a80082d5e3553d19b7e0ffea556ebb6c779d80820bd4c7d18c1047abf6,6c616d0c0a800091e99ec1847422a2f1d2fc5f3c848f8299de5c24621e474b49,2026-09-30T17:47:02Z
SubmitPartialDecryption,24,322cc1c3698f607e0473087833efcf6583284a4c2ca3c4a4d330a646db8e091d,434,4fba5f47476593d55e0346425627b0bcddcf36fc8bfebb1167fb04a1bdd74611,31a4a8a80082d5e3553d19b7e0ffea556ebb6c779d80820bd4c7d18c1047abf6,6c616d0c0a800091e99ec1847422a2f1d2fc5f3c848f8299de5c24621e474b49,2026-09-30T17:47:02Z
SubmitPartialDecryption,19,2aaf3399f20cbe08dc70680359427f03998b6bce832ae7cf09b5c5bb3ebdd332,434,4fba5f47476593d55e0346425627b0bcddcf36fc8bfebb1167fb04a1bdd74611,31a4a8a80082d5e3553d19b7e0ffea556ebb6c779d80820bd4c7d18c1047abf6,6c616d0c0a800091e99ec1847422a2f1d2fc5f3c848f8299de5c24621e474b49,2026-09-30T17:47:02Z
SubmitPartialDecryption,18,f0d692ca967386b3148253204cdfe377a2f56ff69f1fdf36e76e5d38c1d355ce,434,4fba5f47476593d55e0346425627b0bcddcf36fc8bfebb1167fb04a1bdd74611,31a4a8a80082d5e3553d19b7e0ffea556ebb6c779d80820bd4c7d18c1047abf6,6c616d0c0a800091e99ec1847422a2f1d2fc5f3c848f8299de5c24621e474b49,2026-09-30T17:47:02Z
SubmitPartialDecryption,31,08257df1d4b38562b72b0b3a1c46589e6a5563fdf740bd51a86350b718de78e6,434,4fba5f47476593d55e0346425627b0bcddcf36fc8bfebb1167fb04a1bdd74611,31a4a8a80082d5e3553d19b7e0ffea556ebb6c779d80820bd4c7d18c1047abf6,6c616d0c0a800091e99ec1847422a2f1d2fc5f3c848f8299de5c24621e474b49,2026-09-30T17:47:02Z
SubmitPartialDecryption,26,7f58a4153ab1b6d080abee4848a0017fe31103b8b950b8c53454a5ccd55620e4,434,4fba5f47476593d55e0346425627b0bcddcf36fc8bfebb1167fb04a1bdd74611,31a4a8a80082d5e3553d19b7e0ffea556ebb6c779d80820bd4c7d18c1047abf6,6c616d0c0a800091e99ec1847422a2f1d2fc5f3c848f8299de5c24621e474b49,2026-09-30T17:47:02Z
SubmitPartialDecryption,23,71f2f846b682c73d92dafc5f53389eef17c410d4fd28b6e5af339d4a064e9c17,434,4fba5f47476593d55e0346425627b0bcddcf36fc8bfebb1167fb04a1bdd74611,31a4a8a80082d5e3553d19b7e0ffea556ebb6c779d80820bd4c7d18c1047abf6,6c616d0c0a800091e99ec1847422a2f1d2fc5f3c848f8299de5c24621e474b49,2026-09-30T17:47:02Z
SubmitPartialDecryption,28,a360f3924af14b4619ef7b54b9466343ef997562682b9c464f801b214466d3bb,434,4fba5f47476593d55e0346425627b0bcddcf36fc8bfebb1167fb04a1bdd74611,31a4a8a80082d5e3553d19b7e0ffea556ebb6c779d80820bd4c7d18c1047abf6,6c616d0c0a800091e99ec1847422a2f1d2fc5f3c848f8299de5c24621e474b49,2026-09-30T17:47:02Z
SubmitPartialDecryption,22,69164bdcbe571aa6f0b86a6092c4929db45afd79078ef84482ae854b3bd410b0,434,4fba5f47476593d55e0346425627b0bcddcf36fc8bfebb1167fb04a1bdd74611,31a4a8a80082d5e3553d19b7e0ffea556ebb6c779d80820bd4c7d18c1047abf6,6c616d0c0a800091e99ec1847422a2f1d2fc5f3c848f8299de5c24621e474b49,2026-09-30T17:47:02Z
SubmitPartialDecryption,41,02b3ecfcb9e648e18bf372f9c7bcfab5ae75db5b2022771d28479cd5f41067f0,435,50e68a93308d3915d496276c590c003cb37d6a4e3610348be53586529e457ce8,fb4f1e92168bc91fb6be4e4cb6fce8a313a7eff15dfab533948ad1fbcf981354,4fba5f47476593d55e0346425627b0bcddcf36fc8bfebb1167fb04a1bdd74611,2026-09-30T17:47:04Z
SubmitPartialDecryption,42,b71c34a243c8c5af44e09c8e981582a3833a89bc0848ae755a5f0fea94d3e01e,435,50e68a93308d3915d496276c590c003cb37d6a4e3610348be53586529e457ce8,fb4f1e92168bc91fb6be4e4cb6fce8a313a7eff15dfab533948ad1fbcf981354,4fba5f47476593d55e0346425627b0bcddcf36fc8bfebb1167fb04a1bdd74611,2026-09-30T17:47:04Z
SubmitPartialDecryption,44,89ae0b0bd4504ff889aba801bf8ea25154a3f0c85173c4d0124c21faa051c378,435,50e68a93308d3915d496276c590c003cb37d6a4e3610348be53586529e457ce8,fb4f1e92168bc91fb6be4e4cb6fce8a313a7eff15dfab533948ad1fbcf981354,4fba5f47476593d55e0346425627b0bcddcf36fc8bfebb1167fb04a1bdd74611,2026-09-30T17:47:04Z
SubmitPartialDecryption,35,53493dfce42d774923d3767fc85cb50c869cf4dc53966d9bc7415224828ab918,435,50e68a93308d3915d496276c590c003cb37d6a4e3610348be53586529e457ce8,fb4f1e92168bc91fb6be4e4cb6fce8a313a7eff15dfab533948ad1fbcf981354,4fba5f47476593d55e0346425627b0bcddcf36fc8bfebb1167fb04a1bdd74611,2026-09-30T17:47:04Z
SubmitPartialDecryption,45,bd3b2bad94f480f76c1c87e202cae654b231ce7ba14b587466ddd1a3e06fd70a,435,50e68a93308d3915d496276c590c003cb37d6a4e3610348be53586529e457ce8,fb4f1e92168bc91fb6be4e4cb6fce8a313a7eff15dfab533948ad1fbcf981354,4fba5f47476593d55e0346425627b0bcddcf36fc8bfebb1167fb04a1bdd74611,2026-09-30T17:47:04Z
SubmitPartialDecryption,32,c792b84264dd35f4c6fbcc69ae51718de0d50608166ede9b85888e0a0b42dc9b,435,50e68a93308d3915d496276c590c003cb37d6a4e3610348be53586529e457ce8,fb4f1e92168bc91fb6be4e4cb6fce8a313a7eff15dfab533948ad1fbcf981354,4fba5f47476593d55e0346425627b0bcddcf36fc8bfebb1167fb04a1bdd74611,2026-09-30T17:47:04Z
SubmitPartialDecryption,46,8f70f491b278d196abaf1127f246b3d0553c2d4c81a0c13ca4ded8b93772580d,435,50e68a93308d3915d496276c590c003cb37d6a4e3610348be53586529e457ce8,fb4f1e92168bc91fb6be4e4cb6fce8a313a7eff15dfab533948ad1fbcf981354,4fba5f47476593d55e0346425627b0bcddcf36fc8bfebb1167fb04a1bdd74611,2026-09-30T17:47:04Z
SubmitPartialDecryption,37,1e8b8d8fcb20b5e8fd629da6203c702fbae6e54b624a2dbd8263d2ecbd61aae4,435,50e68a93308d3915d496276c590c003cb37d6a4e3610348be53586529e457ce8,fb4f1e92168bc91fb6be4e4cb6fce8a313a7eff15dfab533948ad1fbcf981354,4fba5f47476593d55e0346425627b0bcddcf36fc8bfebb1167fb04a1bdd74611,2026-09-30T17:47:04Z
SubmitPartialDecryption,33,62a3d6ce08df26fb45089671dd133d672d90899174aa880b4b7f2be06676f26d,435,50e68a93308d3915d496276c590c003cb37d6a4e3610348be53586529e457ce8,fb4f1e92168bc91fb6be4e4cb6fce8a313a7eff15dfab533948ad1fbcf981354,4fba5f47476593d55e0346425627b0bcddcf36fc8bfebb1167fb04a1bdd74611,2026-09-30T17:47:04Z
SubmitPartialDecryption,36,26b6f5de5bdad65f5bfdea5c3d533e5941b6b7dafd98db4307cf495d24daa521,435,50e68a93308d3915d496276c590c003cb37d6a4e3610348be53586529e457ce8,fb4f1e92168bc91fb6be4e4cb6fce8a313a7eff15dfab533948ad1fbcf981354,4fba5f47476593d55e0346425627b0bcddcf36fc8bfebb1167fb04a1bdd74611,2026-09-30T17:47:04Z
SubmitPartialDecryption,40,bab7413d121f1531c6bf38f76ad8f8203a9f66c22a7df58b70c8c392b6d7e689,435,50e68a93308d3915d496276c590c003cb37d6a4e3610348be53586529e457ce8,fb4f1e92168bc91fb6be4e4cb6fce8a313a7eff15dfab533948ad1fbcf981354,4fba5f47476593d55e0346425627b0bcddcf36fc8bfebb1167fb04a1bdd74611,2026-09-30T17:47:04Z
SubmitPartialDecryption,47,3b840733b52e02573eedf3c182d6b3d71b2abe3a7282c27af1bdc86620e72cf3,435,50e68a93308d3915d496276c590c003cb37d6a4e3610348be53586529e457ce8,fb4f1e92168bc91fb6be4e4cb6fce8a313a7eff15dfab533948ad1fbcf981354,4fba5f47476593d55e0346425627b0bcddcf36fc8bfebb1167fb04a1bdd74611,2026-09-30T17:47:04Z
SubmitPartialDecryption,39,a25386144addbdb4545e8351fe83a44db275bd0e05e01275ebd9e8a1d5f25e2d,435,50e68a93308d3915d496276c590c003cb37d6a4e3610348be53586529e457ce8,fb4f1e92168bc91fb6be4e4cb6fce8a313a7eff15dfab533948ad1fbcf981354,4fba5f47476593d55e0346425627b0bcddcf36fc8bfebb1167fb04a1bdd74611,2026-09-30T17:47:04Z
SubmitPartialDecryption,34,8593a12d4d5e386d51e75ad32367ffdfa6de010ce6d39af1d8aa00fbf47bc4c2,435,50e68a93308d3915d496276c590c003cb37d6a4e3610348be53586529e457ce8,fb4f1e92168bc91fb6be4e4cb6fce8a313a7eff15dfab533948ad1fbcf981354,4fba5f47476593d55e0346425627b0bcddcf36fc8bfebb1167fb04a1bdd74611,2026-09-30T17:47:04Z
SubmitPartialDecryption,43,d1d589ae1b956ea8bcae0594c81ebb1af6e065d7610ecd74e2219f3235cf849a,435,50e68a93308d3915d496276c590c003cb37d6a4e3610348be53586529e457ce8,fb4f1e92168bc91fb6be4e4cb6fce8a313a7eff15dfab533948ad1fbcf981354,4fba5f47476593d55e0346425627b0bcddcf36fc8bfebb1167fb04a1bdd74611,2026-09-30T17:47:04Z
SubmitPartialDecryption,38,2d3ddfdf214e7068e9154e911a8a138ad8ef558942a6fbc8236aff1967a951ad,435,50e68a93308d3915d496276c590c003cb37d6a4e3610348be53586529e457ce8,fb4f1e92168bc91fb6be4e4cb6fce8a313a7eff15dfab533948ad1fbcf981354,4fba5f47476593d55e0346425627b0bcddcf36fc8bfebb1167fb04a1bdd74611,2026-09-30T17:47:04Z
SubmitPartialDecryption,48,85c7cf7f85d29da90aa16b7a8da086b17157661b87f325f0cb0429d9f6d5b817,436,8522755d5f4a5b8daaca69637d41bcf5797793d25a74038a52a2729d44d6654c,4696f59551ba32bb045ef35fb1bc5143543ffd069d0bb85720332f46278be568,50e68a93308d3915d496276c590c003cb37d6a4e3610348be53586529e457ce8,2026-09-30T17:47:06Z
SubmitPartialDecryption,49,c0b088a2eb193787201df073eb39e34c462e745163df026bda18b38f1246cd24,436,8522755d5f4a5b8daaca69637d41bcf5797793d25a74038a52a2729d44d6654c,4696f59551ba32bb045ef35fb1bc5143543ffd069d0bb85720332f46278be568,50e68a93308d3915d496276c590c003cb37d6a4e3610348be53586529e457ce8,2026-09-30T17:47:06Z
SubmitPartialDecryption,52,58d035518cc7a18cc4e30da3f2d06b75354a808bc0a70fac050c6c60061cdcb3,436,8522755d5f4a5b8daaca69637d41bcf5797793d25a74038a52a2729d44d6654c,4696f59551ba32bb045ef35fb1bc5143543ffd069d0bb85720332f46278be568,50e68a93308d3915d496276c590c003cb37d6a4e3610348be53586529e457ce8,2026-09-30T17:47:06Z
SubmitPartialDecryption,62,85d34b82691e46612e94e1878b858e597c04665c035028ee8c2ec6c048a4f1e1,436,8522755d5f4a5b8daaca69637d41bcf5797793d25a74038a52a2729d44d6654c,4696f59551ba32bb045ef35fb1bc5143543ffd069d0bb85720332f46278be568,50e68a93308d3915d496276c590c003cb37d6a4e3610348be53586529e457ce8,2026-09-30T17:47:06Z
SubmitPartialDecryption,58,befabfda0db377b11d10d8d0c85e9a1397980c4ecb8a0158a7ff5af39195c0ea,436,8522755d5f4a5b8daaca69637d41bcf5797793d25a74038a52a2729d44d6654c,4696f59551ba32bb045ef35fb1bc5143543ffd069d0bb85720332f46278be568,50e68a93308d3915d496276c590c003cb37d6a4e3610348be53586529e457ce8,2026-09-30T17:47:06Z
SubmitPartialDecryption,61,e9e43cc3ef4c04cce14097f830f046b56d3a37723eea9940830d2cc019043ddc,436,8522755d5f4a5b8daaca69637d41bcf5797793d25a74038a52a2729d44d6654c,4696f59551ba32bb045ef35fb1bc5143543ffd069d0bb85720332f46278be568,50e68a93308d3915d496276c590c003cb37d6a4e3610348be53586529e457ce8,2026-09-30T17:47:06Z
SubmitPartialDecryption,56,7c3f91e2db58b1118242df0636993dfeac62a0ff8c8b23b74fb7f6e27b039493,436,8522755d5f4a5b8daaca69637d41bcf5797793d25a74038a52a2729d44d6654c,4696f59551ba32bb045ef35fb1bc5143543ffd069d0bb85720332f46278be568,50e68a93308d3915d496276c590c003cb37d6a4e3610348be53586529e457ce8,2026-09-30T17:47:06Z
SubmitPartialDecryption,50,3f0dddc59b7ddce57642ce44db7856e81bfbd8901efa9c15b85701f7842b6487,436,8522755d5f4a5b8daaca69637d41bcf5797793d25a74038a52a2729d44d6654c,4696f59551ba32bb045ef35fb1bc5143543ffd069d0bb85720332f46278be568,50e68a93308d3915d496276c590c003cb37d6a4e3610348be53586529e457ce8,2026-09-30T17:47:06Z
SubmitPartialDecryption,51,29ba8d541259ea40f410dc76939ee949beee169ab11299363f220d353bd2ec27,436,8522755d5f4a5b8daaca69637d41bcf5797793d25a74038a52a2729d44d6654c,4696f59551ba32bb045ef35fb1bc5143543ffd069d0bb85720332f46278be568,50e68a93308d3915d496276c590c003cb37d6a4e3610348be53586529e457ce8,2026-09-30T17:47:06Z
SubmitPartialDecryption,59,6ccd960dc94ca3d41b92428622d7cecc2f56974646da808d5eaabaa3db40d8cd,436,8522755d5f4a5b8daaca69637d41bcf5797793d25a74038a52a2729d44d6654c,4696f59551ba32bb045ef35fb1bc5143543ffd069d0bb85720332f46278be568,50e68a93308d3915d496276c590c003cb37d6a4e3610348be53586529e457ce8,2026-09-30T17:47:06Z
SubmitPartialDecryption,53,3b0b48704c209c5c5a91bb8cf95afac2d5836f43ee0b5c5b2d2a7ff2267f3bf6,436,8522755d5f4a5b8daaca69637d41bcf5797793d25a74038a52a2729d44d6654c,4696f59551ba32bb045ef35fb1bc5143543ffd069d0bb85720332f46278be568,50e68a93308d3915d496276c590c003cb37d6a4e3610348be53586529e457ce8,2026-09-30T17:47:06Z
SubmitPartialDecryption,54,cd1b80afacbfe90976ae50ce24bc235868c2d1bf11d4b45d70b04992dba8c8f7,436,8522755d5f4a5b8daaca69637d41bcf5797793d25a74038a52a2729d44d6654c,4696f59551ba32bb045ef35fb1bc5143543ffd069d0bb85720332f46278be568,50e68a93308d3915d496276c590c003cb37d6a4e3610348be53586529e457ce8,2026-09-30T17:47:06Z
SubmitPartialDecryption,60,a438b64bd6b6848284f4dacf7d5c0870b0935161830397e429c34c3268d2da17,436,8522755d5f4a5b8daaca69637d41bcf5797793d25a74038a52a2729d44d6654c,4696f59551ba32bb045ef35fb1bc5143543ffd069d0bb85720332f46278be568,50e68a93308d3915d496276c590c003cb37d6a4e3610348be53586529e457ce8,2026-09-30T17:47:06Z
SubmitPartialDecryption,55,91ded3a24946d57d0a72ae464c55b3a99cb6d62d8b8968f74249735d3e7cc861,436,8522755d5f4a5b8daaca69637d41bcf5797793d25a74038a52a2729d44d6654c,4696f59551ba32bb045ef35fb1bc5143543ffd069d0bb85720332f46278be568,50e68a93308d3915d496276c590c003cb37d6a4e3610348be53586529e457ce8,2026-09-30T17:47:06Z
SubmitPartialDecryption,57,31f8d0965622d7b6468590dd9d7a81b275a9461ddd53c5a9252b587e44d92286,436,8522755d5f4a5b8daaca69637d41bcf5797793d25a74038a52a2729d44d6654c,4696f59551ba32bb045ef35fb1bc5143543ffd069d0bb85720332f46278be568,50e68a93308d3915d496276c590c003cb37d6a4e3610348be53586529e457ce8,2026-09-30T17:47:06Z
SubmitPartialDecryption,63,0c93fbbdb67fe2d6dbc14ce700c8d35b7828d07c1ea6535047ca6759f8987ba0,436,8522755d5f4a5b8daaca69637d41bcf5797793d25a74038a52a2729d44d6654c,4696f59551ba32bb045ef35fb1bc5143543ffd069d0bb85720332f46278be568,50e68a93308d3915d496276c590c003cb37d6a4e3610348be53586529e457ce8,2026-09-30T17:47:06Z
SubmitPartialDecryption,66,fc834238a8e0f88bb6cdf4f2a020df18ea3c5654a217091a54e0ea388fafdf17,437,f70d3b6ef92cc09c2b43fb83fdfea27c3d8d6fece3d1c96dc838f0224f89f864,668c3769aa79a53e6b9753eaefb8fc9fff1f16e41dfa5231c6c584ffb7b2604f,8522755d5f4a5b8daaca69637d41bcf5797793d25a74038a52a2729d44d6654c,2026-09-30T17:47:08Z
SubmitPartialDecryption,68,510b6915e71baf1f16aa51c3c929b8c40c8a7d118bc58da2da047fec8ac3a63e,437,f70d3b6ef92cc09c2b43fb83fdfea27c3d8d6fece3d1c96dc838f0224f89f864,668c3769aa79a53e6b9753eaefb8fc9fff1f16e41dfa5231c6c584ffb7b2604f,8522755d5f4a5b8daaca69637d41bcf5797793d25a74038a52a2729d44d6654c,2026-09-30T17:47:08Z
SubmitPartialDecryption,79,38265667ee3aae9a7d8aa29a68bf3b5128553eb0fb5045a8bd810100c61ec236,437,f70d3b6ef92cc09c2b43fb83fdfea27c3d8d6fece3d1c96dc838f0224f89f864,668c3769aa79a53e6b9753eaefb8fc9fff1f16e41dfa5231c6c584ffb7b2604f,8522755d5f4a5b8daaca69637d41bcf5797793d25a74038a52a2729d44d6654c,2026-09-30T17:47:08Z
SubmitPartialDecryption,64,4e8a7f1e17c72136ecfec199a28afe5904719ab7139868f3a559c3fc3b02b27b,437,f70d3b6ef92cc09c2b43fb83fdfea27c3d8d6fece3d1c96dc838f0224f89f864,668c3769aa79a53e6b9753eaefb8fc9fff1f16e41dfa5231c6c584ffb7b2604f,8522755d5f4a5b8daaca69637d41bcf5797793d25a74038a52a2729d44d6654c,2026-09-30T17:47:08Z
SubmitPartialDecryption,77,ef904456e26f0769aed522d8c51df7eba246d2956e243990e8135a61a84473de,437,f70d3b6ef92cc09c2b43fb83fdfea27c3d8d6fece3d1c96dc838f0224f89f864,668c3769aa79a53e6b9753eaefb8fc9fff1f16e41dfa5231c6c584ffb7b2604f,8522755d5f4a5b8daaca69637d41bcf5797793d25a74038a52a2729d44d6654c,2026-09-30T17:47:08Z
SubmitPartialDecryption,78,553dc5796dec23c2a2ae6fdf49d7a103101b5cfb970b5b958059624fa5050a58,437,f70d3b6ef92cc09c2b43fb83fdfea27c3d8d6fece3d1c96dc838f0224f89f864,668c3769aa79a53e6b9753eaefb8fc9fff1f16e41dfa5231c6c584ffb7b2604f,8522755d5f4a5b8daaca69637d41bcf5797793d25a74038a52a2729d44d6654c,2026-09-30T17:47:08Z
SubmitPartialDecryption,72,0085044ae8ca0e38cc61bc5b85f80c56a847842fdc474f7aa221820066ebc397,437,f70d3b6ef92cc09c2b43fb83fdfea27c3d8d6fece3d1c96dc838f0224f89f864,668c3769aa79a53e6b9753eaefb8fc9fff1f16e41dfa5231c6c584ffb7b2604f,8522755d5f4a5b8daaca69637d41bcf5797793d25a74038a52a2729d44d6654c,2026-09-30T17:47:08Z
SubmitPartialDecryption,71,05e92ad59d144c1a2c1e6c7f13295f30589dd507b182a35efed021c520b718a4,437,f70d3b6ef92cc09c2b43fb83fdfea27c3d8d6fece3d1c96dc838f0224f89f864,668c3769aa79a53e6b9753eaefb8fc9fff1f16e41dfa5231c6c584ffb7b2604f,8522755d5f4a5b8daaca69637d41bcf5797793d25a74038a52a2729d44d6654c,2026-09-30T17:47:08Z
SubmitPartialDecryption,75,7366915337f1062086c0c7f6f57dbc14c55a4cca41fd859e4fe241d4c94131fd,437,f70d3b6ef92cc09c2b43fb83fdfea27c3d8d6fece3d1c96dc838f0224f89f864,668c3769aa79a53e6b9753eaefb8fc9fff1f16e41dfa5231c6c584ffb7b2604f,8522755d5f4a5b8daaca69637d41bcf5797793d25a74038a52a2729d44d6654c,2026-09-30T17:47:08Z
SubmitPartialDecryption,73,24ecc6f7c7be2c27d88ff56cfa98e908051c44b5756d100cd52b51d99f131053,437,f70d3b6ef92cc09c2b43fb83fdfea27c3d8d6fece3d1c96dc838f0224f89f864,668c3769aa79a53e6b9753eaefb8fc9fff1f16e41dfa5231c6c584ffb7b2604f,8522755d5f4a5b8daaca69637d41bcf5797793d25a74038a52a2729d44d6654c,2026-09-30T17:47:08Z
SubmitPartialDecryption,76,2fae54210080cba3eefd62d9d45df1af126d0962cb3491964385a665be83607f,437,f70d3b6ef92cc09c2b43fb83fdfea27c3d8d6fece3d1c96dc838f0224f89f864,668c3769aa79a53e6b9753eaefb8fc9fff1f16e41dfa5231c6c584ffb7b2604f,8522755d5f4a5b8daaca69637d41bcf5797793d25a74038a52a2729d44d6654c,2026-09-30T17:47:08Z
SubmitPartialDecryption,65,7e9f1ac7fc6f72424fa419ba3598ed475885da09452c485a169ab78801947de7,437,f70d3b6ef92cc09c2b43fb83fdfea27c3d8d6fece3d1c96dc838f0224f89f864,668c3769aa79a53e6b9753eaefb8fc9fff1f16e41dfa5231c6c584ffb7b2604f,8522755d5f4a5b8daaca69637d41bcf5797793d25a74038a52a2729d44d6654c,2026-09-30T17:47:08Z
SubmitPartialDecryption,74,cf263c8576598bf799bb4f4b347c9c656bfb0e46c309afb5c2d7225e5dec0fe2,437,f70d3b6ef92cc09c2b43fb83fdfea27c3d8d6fece3d1c96dc838f0224f89f864,668c3769aa79a53e6b9753eaefb8fc9fff1f16e41dfa5231c6c584ffb7b2604f,8522755d5f4a5b8daaca69637d41bcf5797793d25a74038a52a2729d44d6654c,2026-09-30T17:47:08Z
SubmitPartialDecryption,67,2df9cb6af1f902209e50df1e504a1adac415c7d83f1d45c2ffee32842db1d9fa,437,f70d3b6ef92cc09c2b43fb83fdfea27c3d8d6fece3d1c96dc838f0224f89f864,668c3769aa79a53e6b9753eaefb8fc9fff1f16e41dfa5231c6c584ffb7b2604f,8522755d5f4a5b8daaca69637d41bcf5797793d25a74038a52a2729d44d6654c,2026-09-30T17:47:08Z
SubmitPartialDecryption,69,7e190e336229dff4498518f41ce8441b31a5288afa82ca0861acf94ee76bd418,437,f70d3b6ef92cc09c2b43fb83fdfea27c3d8d6fece3d1c96dc838f0224f89f864,668c3769aa79a53e6b9753eaefb8fc9fff1f16e41dfa5231c6c584ffb7b2604f,8522755d5f4a5b8daaca69637d41bcf5797793d25a74038a52a2729d44d6654c,2026-09-30T17:47:08Z
SubmitPartialDecryption,70,625ad19318c81c0bd1b782915398de497a124cb029f94b9799aa2c6171eb6cee,437,f70d3b6ef92cc09c2b43fb83fdfea27c3d8d6fece3d1c96dc838f0224f89f864,668c3769aa79a53e6b9753eaefb8fc9fff1f16e41dfa5231c6c584ffb7b2604f,8522755d5f4a5b8daaca69637d41bcf5797793d25a74038a52a2729d44d6654c,2026-09-30T17:47:08Z
SubmitPartialDecryption,81,7aa40bbbc00b9acb77cf9a90f4f44ab1dbec04cf7083909e5ab12d5b67ea8fa3,438,305803c770588055cc57a7978c7b1187981e986127e9055ae12dd243194001de,83dee3b2931ef988bf84d5cb5fab0400404ed77fd143b0a97de51f6f95d1ba97,f70d3b6ef92cc09c2b43fb83fdfea27c3d8d6fece3d1c96dc838f0224f89f864,2026-09-30T17:47:10Z
SubmitPartialDecryption,84,bcb6762c69dd7ab9f014dae86a5046959b6758a89b4ec944e0ae69253efe06b4,438,305803c770588055cc57a7978c7b1187981e986127e9055ae12dd243194001de,83dee3b2931ef988bf84d5cb5fab0400404ed77fd143b0a97de51f6f95d1ba97,f70d3b6ef92cc09c2b43fb83fdfea27c3d8d6fece3d1c96dc838f0224f89f864,2026-09-30T17:47:10Z
SubmitPartialDecryption,87,f198f77b4ec85cde666702c19766f2065b42b396dd90ab530d2249ead7955312,438,305803c770588055cc57a7978c7b1187981e986127e9055ae12dd243194001de,83dee3b2931ef988bf84d5cb5fab0400404ed77fd143b0a97de51f6f95d1ba97,f70d3b6ef92cc09c2b43fb83fdfea27c3d8d6fece3d1c96dc838f0224f89f864,2026-09-30T17:47:10Z
SubmitPartialDecryption,90,e64eb6119d59c580543a179e265d19638cb7b76ea2fcbf69c078eb8bb4d34b67,438,305803c770588055cc57a7978c7b1187981e986127e9055ae12dd243194001de,83dee3b2931ef988bf84d5cb5fab0400404ed77fd143b0a97de51f6f95d1ba97,f70d3b6ef92cc09c2b43fb83fdfea27c3d8d6fece3d1c96dc838f0224f89f864,2026-09-30T17:47:10Z
SubmitPartialDecryption,95,a16f07a7d30be60f63407ff90d59cbc5de656630288184db8534d7d68a3478b6,438,305803c770588055cc57a7978c7b1187981e986127e9055ae12dd243194001de,83dee3b2931ef988bf84d5cb5fab0400404ed77fd143b0a97de51f6f95d1ba97,f70d3b6ef92cc09c2b43fb83fdfea27c3d8d6fece3d1c96dc838f0224f89f864,2026-09-30T17:47:10Z
SubmitPartialDecryption,80,bce53deaf7f4fece8596b2da48678dea748a10b23de8ada7b2a551981ffece41,438,305803c770588055cc57a7978c7b1187981e986127e9055ae12dd243194001de,83dee3b2931ef988bf84d5cb5fab0400404ed77fd143b0a97de51f6f95d1ba97,f70d3b6ef92cc09c2b43fb83fdfea27c3d8d6fece3d1c96dc838f0224f89f864,2026-09-30T17:47:10Z
SubmitPartialDecryption,85,627db38219e9c142ebddf3bb2407875ca0bf2b65974ff44d1ed18b93d84ec2d6,438,305803c770588055cc57a7978c7b1187981e986127e9055ae12dd243194001de,83dee3b2931ef988bf84d5cb5fab0400404ed77fd143b0a97de51f6f95d1ba97,f70d3b6ef92cc09c2b43fb83fdfea27c3d8d6fece3d1c96dc838f0224f89f864,2026-09-30T17:47:10Z
SubmitPartialDecryption,88,a49b49f0b550d78bb7774b41621fd366adfa8c990d01c0bf2d98a95959fcb95d,438,305803c770588055cc57a7978c7b1187981e986127e9055ae12dd243194001de,83dee3b2931ef988bf84d5cb5fab0400404ed77fd143b0a97de51f6f95d1ba97,f70d3b6ef92cc09c2b43fb83fdfea27c3d8d6fece3d1c96dc838f0224f89f864,2026-09-30T17:47:10Z
SubmitPartialDecryption,86,59042a6399593bef022d3bce72a47f6453c371854c4a40faf8673d88d0c112df,438,305803c770588055cc57a7978c7b1187981e986127e9055ae12dd243194001de,83dee3b2931ef988bf84d5cb5fab0400404ed77fd143b0a97de51f6f95d1ba97,f70d3b6ef92cc09c2b43fb83fdfea27c3d8d6fece3d1c96dc838f0224f89f864,2026-09-30T17:47:10Z
SubmitPartialDecryption,91,f6ec0a74483fa18c59ff6f672104e73a50734d9472ddf373e620f46529fbef0f,438,305803c770588055cc57a7978c7b1187981e986127e9055ae12dd243194001de,83dee3b2931ef988bf84d5cb5fab0400404ed77fd143b0a97de51f6f95d1ba97,f70d3b6ef92cc09c2b43fb83fdfea27c3d8d6fece3d1c96dc838f0224f89f864,2026-09-30T17:47:10Z
SubmitPartialDecryption,94,e9ec29c3fe84157bd0f6318a78ba1a496b6a22a8e9eee46a7488190d82654d65,438,305803c770588055cc57a7978c7b1187981e986127e9055ae12dd243194001de,83dee3b2931ef988bf84d5cb5fab0400404ed77fd143b0a97de51f6f95d1ba97,f70d3b6ef92cc09c2b43fb83fdfea27c3d8d6fece3d1c96dc838f0224f89f864,2026-09-30T17:47:10Z
SubmitPartialDecryption,93,95b79314a250acb73913f22de9055b6bbf0f630502cf530ec54eadac85905297,438,305803c770588055cc57a7978c7b1187981e986127e9055ae12dd243194001de,83dee3b2931ef988bf84d5cb5fab0400404ed77fd143b0a97de51f6f95d1ba97,f70d3b6ef92cc09c2b43fb83fdfea27c3d8d6fece3d1c96dc838f0224f89f864,2026-09-30T17:47:10Z
SubmitPartialDecryption,89,79627c580d7ac3cf5aa217edcbd03ba6df7e4e578294dca048870d6d969ef6a3,438,305803c770588055cc57a7978c7b1187981e986127e9055ae12dd243194001de,83dee3b2931ef988bf84d5cb5fab0400404ed77fd143b0a97de51f6f95d1ba97,f70d3b6ef92cc09c2b43fb83fdfea27c3d8d6fece3d1c96dc838f0224f89f864,2026-09-30T17:47:10Z
SubmitPartialDecryption,83,14146a3e960f2ef96d07b4576a67154b1082eaa8af93ad13f08840e0094a2884,438,305803c770588055cc57a7978c7b1187981e986127e9055ae12dd243194001de,83dee3b2931ef988bf84d5cb5fab0400404ed77fd143b0a97de51f6f95d1ba97,f70d3b6ef92cc09c2b43fb83fdfea27c3d8d6fece3d1c96dc838f0224f89f864,2026-09-30T17:47:10Z
SubmitPartialDecryption,92,ecd26c873be21d756a51bee3def2738766d4975a57bd563645f691a57ba45b5d,438,305803c770588055cc57a7978c7b1187981e986127e9055ae12dd243194001de,83dee3b2931ef988bf84d5cb5fab0400404ed77fd143b0a97de51f6f95d1ba97,f70d3b6ef92cc09c2b43fb83fdfea27c3d8d6fece3d1c96dc838f0224f89f864,2026-09-30T17:47:10Z
SubmitPartialDecryption,82,60299fa6a30f8076168063a0b7dd377e866a1549912e32e2117c877bf3a17cf6,438,305803c770588055cc57a7978c7b1187981e986127e9055ae12dd243194001de,83dee3b2931ef988bf84d5cb5fab0400404ed77fd143b0a97de51f6f95d1ba97,f70d3b6ef92cc09c2b43fb83fdfea27c3d8d6fece3d1c96dc838f0224f89f864,2026-09-30T17:47:10Z
SubmitPartialDecryption,97,7b14b72e07d35a4dd7a010589be55ca7a79ffdcb4340b9c0ce06f17047251758,439,957795c7804c12cca258118b98dd956175b6d67a13e448b6197f237fe27460e9,d406f50e3e9c4a4c546e106a2d4f646d4e9433aa2d8dabe13cfb1ec6569b6b52,305803c770588055cc57a7978c7b1187981e986127e9055ae12dd243194001de,2026-09-30T17:47:12Z
SubmitPartialDecryption,98,47f6e00ac4d4dd6617f9b8f97f3ceecf13d8e49c03d2d96d696acb1b197488c6,439,957795c7804c12cca258118b98dd956175b6d67a13e448b6197f237fe27460e9,d406f50e3e9c4a4c546e106a2d4f646d4e9433aa2d8dabe13cfb1ec6569b6b52,305803c770588055cc57a7978c7b1187981e986127e9055ae12dd243194001de,2026-09-30T17:47:12Z
SubmitPartialDecryption,110,a5fe895e04444518d1c3c7ff48c19cdb97b402b6af6a3f6d92133d745570967e,439,957795c7804c12cca258118b98dd956175b6d67a13e448b6197f237fe27460e9,d406f50e3e9c4a4c546e106a2d4f646d4e9433aa2d8dabe13cfb1ec6569b6b52,305803c770588055cc57a7978c7b1187981e986127e9055ae12dd243194001de,2026-09-30T17:47:12Z
SubmitPartialDecryption,111,5a412f6fabe710a2d8487b86d3b960cd1316dac13ce4cfcfe5a7473585fc446e,439,957795c7804c12cca258118b98dd956175b6d67a13e448b6197f237fe27460e9,d406f50e3e9c4a4c546e106a2d4f646d4e9433aa2d8dabe13cfb1ec6569b6b52,305803c770588055cc57a7978c7b1187981e986127e9055ae12dd243194001de,2026-09-30T17:47:12Z
SubmitPartialDecryption,107,5e82daf8064508e073d67f3dde2b3a451e2ff20235dba4d702715e9ff3e0157f,439,957795c7804c12cca258118b98dd956175b6d67a13e448b6197f237fe27460e9,d406f50e3e9c4a4c546e106a2d4f646d4e9433aa2d8dabe13cfb1ec6569b6b52,305803c770588055cc57a7978c7b1187981e986127e9055ae12dd243194001de,2026-09-30T17:47:12Z
SubmitPartialDecryption,99,580f785c1c108cb452dec06da42ba479916d2820051deb57028729264576f407,439,957795c7804c12cca258118b98dd956175b6d67a13e448b6197f237fe27460e9,d406f50e3e9c4a4c546e106a2d4f646d4e9433aa2d8dabe13cfb1ec6569b6b52,305803c770588055cc57a7978c7b1187981e986127e9055ae12dd243194001de,2026-09-30T17:47:12Z
SubmitPartialDecryption,102,65783ee5c24b74cd7de834835ffae6574077717fbfade6e8711e143cf7957540,439,957795c7804c12cca258118b98dd956175b6d67a13e448b6197f237fe27460e9,d406f50e3e9c4a4c546e106a2d4f646d4e9433aa2d8dabe13cfb1ec6569b6b52,305803c770588055cc57a7978c7b1187981e986127e9055ae12dd243194001de,2026-09-30T17:47:12Z
SubmitPartialDecryption,100,dfcaae482f71b17f84874cc3f221d4fd0c072037343ca9fd7f429c5e2da6758f,439,957795c7804c12cca258118b98dd956175b6d67a13e448b6197f237fe27460e9,d406f50e3e9c4a4c546e106a2d4f646d4e9433aa2d8dabe13cfb1ec6569b6b52,305803c770588055cc57a7978c7b1187981e986127e9055ae12dd243194001de,2026-09-30T17:47:12Z
SubmitPartialDecryption,109,e3109cf2a57da14e8041218b1d7c17ee66b75fae37a082645f0ec51b09ecf4aa,439,957795c7804c12cca258118b98dd956175b6d67a13e448b6197f237fe27460e9,d406f50e3e9c4a4c546e106a2d4f646d4e9433aa2d8dabe13cfb1ec6569b6b52,305803c770588055cc57a7978c7b1187981e986127e9055ae12dd243194001de,2026-09-30T17:47:12Z
SubmitPartialDecryption,101,9754619527ece68e00f7f3dd628274512ac983f3a66d39dd2b5e9bf676e25909,439,957795c7804c12cca258118b98dd956175b6d67a13e448b6197f237fe27460e9,d406f50e3e9c4a4c546e106a2d4f646d4e9433aa2d8dabe13cfb1ec6569b6b52,305803c770588055cc57a7978c7b1187981e986127e9055ae12dd243194001de,2026-09-30T17:47:12Z
SubmitPartialDecryption,103,f627f7799e810c2b9cb0ff9f35cb79a993f00041232ee837876291b07b6b9ee4,439,957795c7804c12cca258118b98dd956175b6d67a13e448b6197f237fe27460e9,d406f50e3e9c4a4c546e106a2d4f646d4e9433aa2d8dabe13cfb1ec6569b6b52,305803c770588055cc57a7978c7b1187981e986127e9055ae12dd243194001de,2026-09-30T17:47:12Z
SubmitPartialDecryption,106,1f9ffbcc31fd1facc9cfd816f5d9305c46b7d4c4ae978b2ac19999665c605965,439,957795c7804c12cca258118b98dd956175b6d67a13e448b6197f237fe27460e9,d406f50e3e9c4a4c546e106a2d4f646d4e9433aa2d8dabe13cfb1ec6569b6b52,305803c770588055cc57a7978c7b1187981e986127e9055ae12dd243194001de,2026-09-30T17:47:12Z
SubmitPartialDecryption,108,3e45640b8b65072565ef5516b430729df29a8599b710102c21ed754eaf900153,439,957795c7804c12cca258118b98dd956175b6d67a13e448b6197f237fe27460e9,d406f50e3e9c4a4c546e106a2d4f646d4e9433aa2d8dabe13cfb1ec6569b6b52,305803c770588055cc57a7978c7b1187981e986127e9055ae12dd243194001de,2026-09-30T17:47:12Z
SubmitPartialDecryption,96,7cd0a841f953887c5dcddcf06e7e5c1efd1aafa89507c24be7dd78c1e27a5f38,439,957795c7804c12cca258118b98dd956175b6d67a13e448b6197f237fe27460e9,d406f50e3e9c4a4c546e106a2d4f646d4e9433aa2d8dabe13cfb1ec6569b6b52,305803c770588055cc57a7978c7b1187981e986127e9055ae12dd243194001de,2026-09-30T17:47:12Z
SubmitPartialDecryption,105,339dfafd6fc6c7b083bfdaab361618925d4e0d5568675314613d37ac291f4a3c,439,957795c7804c12cca258118b98dd956175b6d67a13e448b6197f237fe27460e9,d406f50e3e9c4a4c546e106a2d4f646d4e9433aa2d8dabe13cfb1ec6569b6b52,305803c770588055cc57a7978c7b1187981e986127e9055ae12dd243194001de,2026-09-30T17:47:12Z
SubmitPartialDecryption,104,461107391d692366f6aa599f792df7a8399b20ab0a71fa3f88bbd30e59f49bff,439,957795c7804c12cca258118b98dd956175b6d67a13e448b6197f237fe27460e9,d406f50e3e9c4a4c546e106a2d4f646d4e9433aa2d8dabe13cfb1ec6569b6b52,305803c770588055cc57a7978c7b1187981e986127e9055ae12dd243194001de,2026-09-30T17:47:12Z
SubmitPartialDecryption,118,9d642d2fb53f5ee13255cf8c2943fdaa4181da24700f9cec02eda1ba766d1757,440,0157779b675c348d676eb45d4d7743f9f0d45285e7f3b28969f33df09f1b6a65,4f8393b94d20fd80dd084dc3523502f006c47a28f2686786b8c001b9817e1f73,957795c7804c12cca258118b98dd956175b6d67a13e448b6197f237fe27460e9,2026-09-30T17:47:14Z
SubmitPartialDecryption,127,a48ea3850bdd16a678cf97a9bf53e364886f708121ef4212b69dc5372f46135a,440,0157779b675c348d676eb45d4d7743f9f0d45285e7f3b28969f33df09f1b6a65,4f8393b94d20fd80dd084dc3523502f006c47a28f2686786b8c001b9817e1f73,957795c7804c12cca258118b98dd956175b6d67a13e448b6197f237fe27460e9,2026-09-30T17:47:14Z
SubmitPartialDecryption,124,79b5239f36f6693313c6c930da5ba1dbd0248812e671182e6076751c6019f468,440,0157779b675c348d676eb45d4d7743f9f0d45285e7f3b28969f33df09f1b6a65,4f8393b94d20fd80dd084dc3523502f006c47a28f2686786b8c001b9817e1f73,957795c7804c12cca258118b98dd956175b6d67a13e448b6197f237fe27460e9,2026-09-30T17:47:14Z
SubmitPartialDecryption,112,e1d27072afc4af161fb9744ef4f450aee8898c2b3320eb634a1fb2e03878600f,440,0157779b675c348d676eb45d4d7743f9f0d45285e7f3b28969f33df09f1b6a65,4f8393b94d20fd80dd084dc3523502f006c47a28f2686786b8c001b9817e1f73,957795c7804c12cca258118b98dd956175b6d67a13e448b6197f237fe27460e9,2026-09-30T17:47:14Z
SubmitPartialDecryption,122,ab802e595a026f328cedcb0d5c1916cba321cd1c17a405f1c5453f996615ad0d,440,0157779b675c348d676eb45d4d7743f9f0d45285e7f3b28969f33df09f1b6a65,4f8393b94d20fd80dd084dc3523502f006c47a28f2686786b8c001b9817e1f73,957795c7804c12cca258118b98dd956175b6d67a13e448b6197f237fe27460e9,2026-09-30T17:47:14Z
SubmitPartialDecryption,120,1aec6536f1a0ceca2d37b3d13f87891b996b380e46c2bc4623648c9e07c042f0,440,0157779b675c348d676eb45d4d7743f9f0d45285e7f3b28969f33df09f1b6a65,4f8393b94d20fd80dd084dc3523502f006c47a28f2686786b8c001b9817e1f73,957795c7804c12cca258118b98dd956175b6d67a13e448b6197f237fe27460e9,2026-09-30T17:47:14Z
SubmitPartialDecryption,116,f57a306b30b1eb00f756fe9e89363734bec246d5c33292e3a39c65210d94be6d,440,0157779b675c348d676eb45d4d7743f9f0d45285e7f3b28969f33df09f1b6a65,4f8393b94d20fd80dd084dc3523502f006c47a28f2686786b8c001b9817e1f73,957795c7804c12cca258118b98dd956175b6d67a13e448b6197f237fe27460e9,2026-09-30T17:47:14Z
SubmitPartialDecryption,125,877c92c38c588648964ca5a59c946587943d160bb53c9c45efc7b8e4cb07439f,440,0157779b675c348d676eb45d4d7743f9f0d45285e7f3b28969f33df09f1b6a65,4f8393b94d20fd80dd084dc3523502f006c47a28f2686786b8c001b9817e1f73,957795c7804c12cca258118b98dd956175b6d67a13e448b6197f237fe27460e9,2026-09-30T17:47:14Z
SubmitPartialDecryption,113,cd5ae87021c0ddee2be9167ad378974f112b80199336c964ce2eca67aa45f304,440,0157779b675c348d676eb45d4d7743f9f0d45285e7f3b28969f33df09f1b6a65,4f8393b94d20fd80dd084dc3523502f006c47a28f2686786b8c001b9817e1f73,957795c7804c12cca258118b98dd956175b6d67a13e448b6197f237fe27460e9,2026-09-30T17:47:14Z
SubmitPartialDecryption,121,c5498f5c1e8095d06e4a4fbe09308327ccb1507c7d626191949c41c5b0865a08,440,0157779b675c348d676eb45d4d7743f9f0d45285e7f3b28969f33df09f1b6a65,4f8393b94d20fd80dd084dc3523502f006c47a28f2686786b8c001b9817e1f73,957795c7804c12cca258118b98dd956175b6d67a13e448b6197f237fe27460e9,2026-09-30T17:47:14Z
SubmitPartialDecryption,114,74b243cb91193a5060c789a8b5791961d04b24ed363085eca0585a12071c3940,440,0157779b675c348d676eb45d4d7743f9f0d45285e7f3b28969f33df09f1b6a65,4f8393b94d20fd80dd084dc3523502f006c47a28f2686786b8c001b9817e1f73,957795c7804c12cca258118b98dd956175b6d67a13e448b6197f237fe27460e9,2026-09-30T17:47:14Z
SubmitPartialDecryption,117,decd748267673cccb0abefdb619d3248d5d3569e383a0b5e599edea64fcd57b4,440,0157779b675c348d676eb45d4d7743f9f0d45285e7f3b28969f33df09f1b6a65,4f8393b94d20fd80dd084dc3523502f006c47a28f2686786b8c001b9817e1f73,957795c7804c12cca258118b98dd956175b6d67a13e448b6197f237fe27460e9,2026-09-30T17:47:14Z
SubmitPartialDecryption,119,393f3098b4bebbe8a11fea1361f276afe2d55b6c3b312dc976a8bb5d19f65099,440,0157779b675c348d676eb45d4d7743f9f0d45285e7f3b28969f33df09f1b6a65,4f8393b94d20fd80dd084dc3523502f006c47a28f2686786b8c001b9817e1f73,957795c7804c12cca258118b98dd956175b6d67a13e448b6197f237fe27460e9,2026-09-30T17:47:14Z
SubmitPartialDecryption,115,e51383de75172e2ab817703715231f644b70f675423dad80823acbff81ee880f,440,0157779b675c348d676eb45d4d7743f9f0d45285e7f3b28969f33df09f1b6a65,4f8393b94d20fd80dd084dc3523502f006c47a28f2686786b8c001b9817e1f73,957795c7804c12cca258118b98dd956175b6d67a13e448b6197f237fe27460e9,2026-09-30T17:47:14Z
SubmitPartialDecryption,126,5a3cb473fb65fc3f3474eaf689bac6dfe411b03c767fc7f3616500e95c6b4bf9,440,0157779b675c348d676eb45d4d7743f9f0d45285e7f3b28969f33df09f1b6a65,4f8393b94d20fd80dd084dc3523502f006c47a28f2686786b8c001b9817e1f73,957795c7804c12cca258118b98dd956175b6d67a13e448b6197f237fe27460e9,2026-09-30T17:47:14Z
SubmitPartialDecryption,123,fa56ba582b5564aea7d33c18365fb94d9e4b64eca7243b3cd218fada4524e66e,440,0157779b675c348d676eb45d4d7743f9f0d45285e7f3b28969f33df09f1b6a65,4f8393b94d20fd80dd084dc3523502f006c47a28f2686786b8c001b9817e1f73,957795c7804c12cca258118b98dd956175b6d67a13e448b6197f237fe27460e9,2026-09-30T17:47:14Z
SubmitPartialDecryption,143,a560e0ffdd5fb37b1dc0c8a9b75de938cb8c2e846e84cc479cdd16b518fda3e9,441,a2f8d14b0d56e7d23ad1feec1959b8b71ccd3ef1553664d74c821984cc4cbb49,313bc81ce8d14ba8a53808892ad53b7e9bc3af9ba67f9e8dfa57b332c91874e5,0157779b675c348d676eb45d4d7743f9f0d45285e7f3b28969f33df09f1b6a65,2026-09-30T17:47:16Z
SubmitPartialDecryption,138,ec018cce02ca2619b6897ddab4ef220258b6be1b14c94b9b7f48a21b2262d87e,441,a2f8d14b0d56e7d23ad1feec1959b8b71ccd3ef1553664d74c821984cc4cbb49,313bc81ce8d14ba8a53808892ad53b7e9bc3af9ba67f9e8dfa57b332c91874e5,0157779b675c348d676eb45d4d7743f9f0d45285e7f3b28969f33df09f1b6a65,2026-09-30T17:47:16Z
SubmitPartialDecryption,128,6c120f22a640f6f0f47398df92466773cd93c7ac1387317afef241abcd29ab3d,441,a2f8d14b0d56e7d23ad1feec1959b8b71ccd3ef1553664d74c821984cc4cbb49,313bc81ce8d14ba8a53808892ad53b7e9bc3af9ba67f9e8dfa57b332c91874e5,0157779b675c348d676eb45d4d7743f9f0d45285e7f3b28969f33df09f1b6a65,2026-09-30T17:47:16Z
SubmitPartialDecryption,131,6604d1c22a4e9cc398341b3d337010b2428474032d2bc3364c14f2dfb6362d09,441,a2f8d14b0d56e7d23ad1feec1959b8b71ccd3ef1553664d74c821984cc4cbb49,313bc81ce8d14ba8a53808892ad53b7e9bc3af9ba67f9e8dfa57b332c91874e5,0157779b675c348d676eb45d4d7743f9f0d45285e7f3b28969f33df09f1b6a65,2026-09-30T17:47:16Z
SubmitPartialDecryption,134,ed612a74a679b05d847039c904d71a43c7844d0c6b39e5d1085379c0be8eef6e,441,a2f8d14b0d56e7d23ad1feec1959b8b71ccd3ef1553664d74c821984cc4cbb49,313bc81ce8d14ba8a53808892ad53b7e9bc3af9ba67f9e8dfa57b332c91874e5,0157779b675c348d676eb45d4d7743f9f0d45285e7f3b28969f33df09f1b6a65,2026-09-30T17:47:16Z
SubmitPartialDecryption,141,e2176e8d60233c30a69859da9224c0dae66c0b9de4b3ab8c5fa0b929c32b80f1,441,a2f8d14b0d56e7d23ad1feec1959b8b71ccd3ef1553664d74c821984cc4cbb49,313bc81ce8d14ba8a53808892ad53b7e9bc3af9ba67f9e8dfa57b332c91874e5,0157779b675c348d676eb45d4d7743f9f0d45285e7f3b28969f33df09f1b6a65,2026-09-30T17:47:16Z
SubmitPartialDecryption,140,d79054b5994ec7f301b544dde160b0c46a7149ccf3e83fec72755e49a22bab16,441,a2f8d14b0d56e7d23ad1feec1959b8b71ccd3ef1553664d74c821984cc4cbb49,313bc81ce8d14ba8a53808892ad53b7e9bc3af9ba67f9e8dfa57b332c91874e5,0157779b675c348d676eb45d4d7743f9f0d45285e7f3b28969f33df09f1b6a65,2026-09-30T17:47:16Z
SubmitPartialDecryption,139,d96cab2f79cba2c1ebd3545f8402219a7cdff9a6041f7af542cdb54ff93e4d03,441,a2f8d14b0d56e7d23ad1feec1959b8b71ccd3ef1553664d74c821984cc4cbb49,313bc81ce8d14ba8a53808892ad53b7e9bc3af9ba67f9e8dfa57b332c91874e5,0157779b675c348d676eb45d4d7743f9f0d45285e7f3b28969f33df09f1b6a65,2026-09-30T17:47:16Z
SubmitPartialDecryption,132,d5df90ba0897810ab27fb9ae9f4641fb2d18e97c7eebd549936f1ef3d20a85e3,441,a2f8d14b0d56e7d23ad1feec1959b8b71ccd3ef1553664d74c821984cc4cbb49,313bc81ce8d14ba8a53808892ad53b7e9bc3af9ba67f9e8dfa57b332c91874e5,0157779b675c348d676eb45d4d7743f9f0d45285e7f3b28969f33df09f1b6a65,2026-09-30T17:47:16Z
SubmitPartialDecryption,135,efe53b90ab69628ee62ae40e917b926aa1b3cd0f5e2ccf524576c02da4568aaa,441,a2f8d14b0d56e7d23ad1feec1959b8b71ccd3ef1553664d74c821984cc4cbb49,313bc81ce8d14ba8a53808892ad53b7e9bc3af9ba67f9e8dfa57b332c91874e5,0157779b675c348d676eb45d4d7743f9f0d45285e7f3b28969f33df09f1b6a65,2026-09-30T17:47:16Z
SubmitPartialDecryption,136,073605c38ae6d27afe24d528834a40f09c975a2ba075ecdd872229b863b13193,441,a2f8d14b0d56e7d23ad1feec1959b8b71ccd3ef1553664d74c821984cc4cbb49,313bc81ce8d14ba8a53808892ad53b7e9bc3af9ba67f9e8dfa57b332c91874e5,0157779b675c348d676eb45d4d7743f9f0d45285e7f3b28969f33df09f1b6a65,2026-09-30T17:47:16Z
SubmitPartialDecryption,137,cb3f60cb6db953c1cf0a80dadeebeef8048e5279d5109ed0a559ff05b2cb6545,441,a2f8d14b0d56e7d23ad1feec1959b8b71ccd3ef1553664d74c821984cc4cbb49,313bc81ce8d14ba8a53808892ad53b7e9bc3af9ba67f9e8dfa57b332c91874e5,0157779b675c348d676eb45d4d7743f9f0d45285e7f3b28969f33df09f1b6a65,2026-09-30T17:47:16Z
SubmitPartialDecryption,129,286a3539955d951c1bcdabdcce987929a9f305e479122b4441b10c62fd18ba18,441,a2f8d14b0d56e7d23ad1feec1959b8b71ccd3ef1553664d74c821984cc4cbb49,313bc81ce8d14ba8a53808892ad53b7e9bc3af9ba67f9e8dfa57b332c91874e5,0157779b675c348d676eb45d4d7743f9f0d45285e7f3b28969f33df09f1b6a65,2026-09-30T17:47:16Z
SubmitPartialDecryption,133,86bd4a605f052d8f0eec9d62b79e441c304b887b4ba423ff9372031f3acd64c7,441,a2f8d14b0d56e7d23ad1feec1959b8b71ccd3ef1553664d74c821984cc4cbb49,313bc81ce8d14ba8a53808892ad53b7e9bc3af9ba67f9e8dfa57b332c91874e5,0157779b675c348d676eb45d4d7743f9f0d45285e7f3b28969f33df09f1b6a65,2026-09-30T17:47:16Z
SubmitPartialDecryption,130,168e5cc637264c3d868cc1e01bb18727bda492750809bb6b174d22e3d6f309ae,441,a2f8d14b0d56e7d23ad1feec1959b8b71ccd3ef1553664d74c821984cc4cbb49,313bc81ce8d14ba8a53808892ad53b7e9bc3af9ba67f9e8dfa57b332c91874e5,0157779b675c348d676eb45d4d7743f9f0d45285e7f3b28969f33df09f1b6a65,2026-09-30T17:47:16Z
SubmitPartialDecryption,142,160d8573ccc0dc4f074796d6d6b47f66ccc89ff6616f9352895f0a252222fa17,441,a2f8d14b0d56e7d23ad1feec1959b8b71ccd3ef1553664d74c821984cc4cbb49,313bc81ce8d14ba8a53808892ad53b7e9bc3af9ba67f9e8dfa57b332c91874e5,0157779b675c348d676eb45d4d7743f9f0d45285e7f3b28969f33df09f1b6a65,2026-09-30T17:47:16Z
SubmitPartialDecryption,155,113858f5d24f949af6c60de8b70018f381402b7fc1fe4f9498db3d7a89dd9cf0,442,fd8e3424da0d429cd2d373a4ee47a8508ad7203df31f02e672b667995db177e1,b342bc1c134bc1e7c3cb7309837690faa7fcb1899b6e0337d61d55186869067f,a2f8d14b0d56e7d23ad1feec1959b8b71ccd3ef1553664d74c821984cc4cbb49,2026-09-30T17:47:18Z
SubmitPartialDecryption,157,5e19642714eb94bbce3b0937cb8988383ed47f6037fba7b8ad308245127147d2,442,fd8e3424da0d429cd2d373a4ee47a8508ad7203df31f02e672b667995db177e1,b342bc1c134bc1e7c3cb7309837690faa7fcb1899b6e0337d61d55186869067f,a2f8d14b0d56e7d23ad1feec1959b8b71ccd3ef1553664d74c821984cc4cbb49,2026-09-30T17:47:18Z
SubmitPartialDecryption,149,335d967ad0b7ba3c77185ca5104aa1ed56394460b4e5f3fb29c018f119a24a4a,442,fd8e3424da0d429cd2d373a4ee47a8508ad7203df31f02e672b667995db177e1,b342bc1c134bc1e7c3cb7309837690faa7fcb1899b6e0337d61d55186869067f,a2f8d14b0d56e7d23ad1feec1959b8b71ccd3ef1553664d74c821984cc4cbb49,2026-09-30T17:47:18Z
SubmitPartialDecryption,154,c58a8cfc679b70ec5cb0e14001b3cd48d458b112837a1a5cf6e0aa577e5a3add,442,fd8e3424da0d429cd2d373a4ee47a8508ad7203df31f02e672b667995db177e1,b342bc1c134bc1e7c3cb7309837690faa7fcb1899b6e0337d61d55186869067f,a2f8d14b0d56e7d23ad1feec1959b8b71ccd3ef1553664d74c821984cc4cbb49,2026-09-30T17:47:18Z
SubmitPartialDecryption,144,9e4d03a976e255a007a8bc854eee2392c075dae0bed226c2f5acd844b2052c23,442,fd8e3424da0d429cd2d373a4ee47a8508ad7203df31f02e672b667995db177e1,b342bc1c134bc1e7c3cb7309837690faa7fcb1899b6e0337d61d55186869067f,a2f8d14b0d56e7d23ad1feec1959b8b71ccd3ef1553664d74c821984cc4cbb49,2026-09-30T17:47:18Z
SubmitPartialDecryption,152,4a3332edd6f893679a84ef88c4922b2f5869548057d666e6ca09dfe0d190b0a3,442,fd8e3424da0d429cd2d373a4ee47a8508ad7203df31f02e672b667995db177e1,b342bc1c134bc1e7c3cb7309837690faa7fcb1899b6e0337d61d55186869067f,a2f8d14b0d56e7d23ad1feec1959b8b71ccd3ef1553664d74c821984cc4cbb49,2026-09-30T17:47:18Z
SubmitPartialDecryption,151,b75b03c78ab25c3cbc674f9a6c6806d60704cb084ef1c96a53cf5cc9a019a82e,442,fd8e3424da0d429cd2d373a4ee47a8508ad7203df31f02e672b667995db177e1,b342bc1c134bc1e7c3cb7309837690faa7fcb1899b6e0337d61d55186869067f,a2f8d14b0d56e7d23ad1feec1959b8b71ccd3ef1553664d74c821984cc4cbb49,2026-09-30T17:47:18Z
SubmitPartialDecryption,150,35a0977474ec10602e886eb89e9c8106f8b42f6749e03bebb365940f2ebd0aec,442,fd8e3424da0d429cd2d373a4ee47a8508ad7203df31f02e672b667995db177e1,b342bc1c134bc1e7c3cb7309837690faa7fcb1899b6e0337d61d55186869067f,a2f8d14b0d56e7d23ad1feec1959b8b71ccd3ef1553664d74c821984cc4cbb49,2026-09-30T17:47:18Z
SubmitPartialDecryption,158,2d70206479d186d001ca5839b7825468a57067dd726ab2d78c1cfea5e95a01fe,442,fd8e3424da0d429cd2d373a4ee47a8508ad7203df31f02e672b667995db177e1,b342bc1c134bc1e7c3cb7309837690faa7fcb1899b6e0337d61d55186869067f,a2f8d14b0d56e7d23ad1feec1959b8b71ccd3ef1553664d74c821984cc4cbb49,2026-09-30T17:47:18Z
SubmitPartialDecryption,156,b764fb235fef5824ad0c0b715aa6c904e2ebacf0a80f24b12a3f781bf4262249,442,fd8e3424da0d429cd2d373a4ee47a8508ad7203df31f02e672b667995db177e1,b342bc1c134bc1e7c3cb7309837690faa7fcb1899b6e0337d61d55186869067f,a2f8d14b0d56e7d23ad1feec1959b8b71ccd3ef1553664d74c821984cc4cbb49,2026-09-30T17:47:18Z
SubmitPartialDecryption,147,c27e206573a2f2b3be20a8f9e436b516d456052b8dd2ea72eec2acc3e9a10d3e,442,fd8e3424da0d429cd2d373a4ee47a8508ad7203df31f02e672b667995db177e1,b342bc1c134bc1e7c3cb7309837690faa7fcb1899b6e0337d61d55186869067f,a2f8d14b0d56e7d23ad1feec1959b8b71ccd3ef1553664d74c821984cc4cbb49,2026-09-30T17:47:18Z
SubmitPartialDecryption,146,0bec9b6d5c920577d99c4402f7b864cc59d78d554ca208f8795874476b00ced1,442,fd8e3424da0d429cd2d373a4ee47a8508ad7203df31f02e672b667995db177e1,b342bc1c134bc1e7c3cb7309837690faa7fcb1899b6e0337d61d55186869067f,a2f8d14b0d56e7d23ad1feec1959b8b71ccd3ef1553664d74c821984cc4cbb49,2026-09-30T17:47:18Z
SubmitPartialDecryption,159,c69d8318cc1939b5bd72b8b889910f0729e4082e39bbfd07616cc7e9662bf12c,442,fd8e3424da0d429cd2d373a4ee47a8508ad7203df31f02e672b667995db177e1,b342bc1c134bc1e7c3cb7309837690faa7fcb1899b6e0337d61d55186869067f,a2f8d14b0d56e7d23ad1feec1959b8b71ccd3ef1553664d74c821984cc4cbb49,2026-09-30T17:47:18Z
SubmitPartialDecryption,153,989dcbd0f84ba1a25cdbb6caabdad2743557597658ab6b6f887dda0b3bae1090,442,fd8e3424da0d429cd2d373a4ee47a8508ad7203df31f02e672b667995db177e1,b342bc1c134bc1e7c3cb7309837690faa7fcb1899b6e0337d61d55186869067f,a2f8d14b0d56e7d23ad1feec1959b8b71ccd3ef1553664d74c821984cc4cbb49,2026-09-30T17:47:18Z
SubmitPartialDecryption,145,a71183f6dd910b27ef9b73c98f4785dd5e4a7bd84863ebf4546b340156bdc82e,442,fd8e3424da0d429cd2d373a4ee47a8508ad7203df31f02e672b667995db177e1,b342bc1c134bc1e7c3cb7309837690faa7fcb1899b6e0337d61d55186869067f,a2f8d14b0d56e7d23ad1feec1959b8b71ccd3ef1553664d74c821984cc4cbb49,2026-09-30T17:47:18Z
SubmitPartialDecryption,148,cfa1f2c873c061865c09dbe8c97957aafc61130464a0cb10cf1458c93e417519,442,fd8e3424da0d429cd2d373a4ee47a8508ad7203df31f02e672b667995db177e1,b342bc1c134bc1e7c3cb7309837690faa7fcb1899b6e0337d61d55186869067f,a2f8d14b0d56e7d23ad1feec1959b8b71ccd3ef1553664d74c821984cc4cbb49,2026-09-30T17:47:18Z
SubmitPartialDecryption,169,dd67b86a71441b0e9442f68921b1171b0ef466d39214678bb0f4d83567989909,443,70d791f9abbd5ca92eb29958234443af3dbc4d81cc7c10f51182b2aa2260d821,acc0079ca731e2a78c1b93e3f31c4f6c5efdc26c68c90a0adc69476b4eaf6054,fd8e3424da0d429cd2d373a4ee47a8508ad7203df31f02e672b667995db177e1,2026-09-30T17:47:21Z
SubmitPartialDecryption,161,ec32b911b793098ebf36a4c5148254c04470c885d968e89fc462413d4c89976b,443,70d791f9abbd5ca92eb29958234443af3dbc4d81cc7c10f51182b2aa2260d821,acc0079ca731e2a78c1b93e3f31c4f6c5efdc26c68c90a0adc69476b4eaf6054,fd8e3424da0d429cd2d373a4ee47a8508ad7203df31f02e672b667995db177e1,2026-09-30T17:47:21Z
SubmitPartialDecryption,171,34f1cc3627e5962bd0650117cfbfa0f9fd6606f0dc9088680b33bdae75a3e46f,443,70d791f9abbd5ca92eb29958234443af3dbc4d81cc7c10f51182b2aa2260d821,acc0079ca731e2a78c1b93e3f31c4f6c5efdc26c68c90a0adc69476b4eaf6054,fd8e3424da0d429cd2d373a4ee47a8508ad7203df31f02e672b667995db177e1,2026-09-30T17:47:21Z
SubmitPartialDecryption,162,3641ce8eda2281ae0f9e93b0e6663eec153492dd59bc9556c09d476da8849146,443,70d791f9abbd5ca92eb29958234443af3dbc4d81cc7c10f51182b2aa2260d821,acc0079ca731e2a78c1b93e3f31c4f6c5efdc26c68c90a0adc69476b4eaf6054,fd8e3424da0d429cd2d373a4ee47a8508ad7203df31f02e672b667995db177e1,2026-09-30T17:47:21Z
SubmitPartialDecryption,168,c616f97b3955a268d6f921cc238b4d096bf825e5618808dcff3aae4368a09b52,443,70d791f9abbd5ca92eb29958234443af3dbc4d81cc7c10f51182b2aa2260d821,acc0079ca731e2a78c1b93e3f31c4f6c5efdc26c68c90a0adc69476b4eaf6054,fd8e3424da0d429cd2d373a4ee47a8508ad7203df31f02e672b667995db177e1,2026-09-30T17:47:21Z
SubmitPartialDecryption,166,5b5955eab17a8dae0e55af4ddaba7fbf12761c8e7dbfe15d6e6868a9c7521966,443,70d791f9abbd5ca92eb29958234443af3dbc4d81cc7c10f51182b2aa2260d821,acc0079ca731e2a78c1b93e3f31c4f6c5efdc26c68c90a0adc69476b4eaf6054,fd8e3424da0d429cd2d373a4ee47a8508ad7203df31f02e672b667995db177e1,2026-09-30T17:47:21Z
SubmitPartialDecryption,163,eff54d51c39a4359596815e2117fbf4ad948b177dc383ddedd812c33d7a24bec,443,70d791f9abbd5ca92eb29958234443af3dbc4d81cc7c10f51182b2aa2260d821,acc0079ca731e2a78c1b93e3f31c4f6c5efdc26c68c90a0adc69476b4eaf6054,fd8e3424da0d429cd2d373a4ee47a8508ad7203df31f02e672b667995db177e1,2026-09-30T17:47:21Z
SubmitPartialDecryption,170,1d464a04727438dab5132d91cce61d066dbded63b53d8d254d69c7ad5a50eb8b,443,70d791f9abbd5ca92eb29958234443af3dbc4d81cc7c10f51182b2aa2260d821,acc0079ca731e2a78c1b93e3f31c4f6c5efdc26c68c90a0adc69476b4eaf6054,fd8e3424da0d429cd2d373a4ee47a8508ad7203df31f02e672b667995db177e1,2026-09-30T17:47:21Z
SubmitPartialDecryption,165,aa8df653f8b2f3ee5ac3baf9d4caf164b8024d2307a31ba69f82ea6ba7cfc09c,443,70d791f9abbd5ca92eb29958234443af3dbc4d81cc7c10f51182b2aa2260d821,acc0079ca731e2a78c1b93e3f31c4f6c5efdc26c68c90a0adc69476b4eaf6054,fd8e3424da0d429cd2d373a4ee47a8508ad7203df31f02e672b667995db177e1,2026-09-30T17:47:21Z
SubmitPartialDecryption,160,b1ad87b62870dd55f5219026d0a20cde22e61aadaa8cde4a0dc87f04908645e6,443,70d791f9abbd5ca92eb29958234443af3dbc4d81cc7c10f51182b2aa2260d821,acc0079ca731e2a78c1b93e3f31c4f6c5efdc26c68c90a0adc69476b4eaf6054,fd8e3424da0d429cd2d373a4ee47a8508ad7203df31f02e672b667995db177e1,2026-09-30T17:47:21Z
SubmitPartialDecryption,172,ed8268bdf7eea77d1ebc1b67522468e73002614dd5ec3e4b58d380c886010f32,443,70d791f9abbd5ca92eb29958234443af3dbc4d81cc7c10f51182b2aa2260d821,acc0079ca731e2a78c1b93e3f31c4f6c5efdc26c68c90a0adc69476b4eaf6054,fd8e3424da0d429cd2d373a4ee47a8508ad7203df31f02e672b667995db177e1,2026-09-30T17:47:21Z
SubmitPartialDecryption,175,5bf72dcff4e0ae343431bd5dd73dbad78f8c673b7742aae1b0ee723caa75035b,443,70d791f9abbd5ca92eb29958234443af3dbc4d81cc7c10f51182b2aa2260d821,acc0079ca731e2a78c1b93e3f31c4f6c5efdc26c68c90a0adc69476b4eaf6054,fd8e3424da0d429cd2d373a4ee47a8508ad7203df31f02e672b667995db177e1,2026-09-30T17:47:21Z
SubmitPartialDecryption,164,ad9590e94d9d7331b4d653dd966f1c39ba9c3ac417746fd71c8d9650d3971711,443,70d791f9abbd5ca92eb29958234443af3dbc4d81cc7c10f51182b2aa2260d821,acc0079ca731e2a78c1b93e3f31c4f6c5efdc26c68c90a0adc69476b4eaf6054,fd8e3424da0d429cd2d373a4ee47a8508ad7203df31f02e672b667995db177e1,2026-09-30T17:47:21Z
SubmitPartialDecryption,174,6c1bec99fdf9d2bebe1b6eed7fb44d218a3cd2c4f64a1c65359003616cd258d6,443,70d791f9abbd5ca92eb29958234443af3dbc4d81cc7c10f51182b2aa2260d821,acc0079ca731e2a78c1b93e3f31c4f6c5efdc26c68c90a0adc69476b4eaf6054,fd8e3424da0d429cd2d373a4ee47a8508ad7203df31f02e672b667995db177e1,2026-09-30T17:47:21Z
SubmitPartialDecryption,167,2e8cca54de1e360cc1d6311950d1a0030037525d3f8625ed3b573a6d731e886c,443,70d791f9abbd5ca92eb29958234443af3dbc4d81cc7c10f51182b2aa2260d821,acc0079ca731e2a78c1b93e3f31c4f6c5efdc26c68c90a0adc69476b4eaf6054,fd8e3424da0d429cd2d373a4ee47a8508ad7203df31f02e672b667995db177e1,2026-09-30T17:47:21Z
SubmitPartialDecryption,173,46d1f73fd09211b6032a3b40e101a83577807084b3b040297af900bc86efdf26,443,70d791f9abbd5ca92eb29958234443af3dbc4d81cc7c10f51182b2aa2260d821,acc0079ca731e2a78c1b93e3f31c4f6c5efdc26c68c90a0adc69476b4eaf6054,fd8e3424da0d429cd2d373a4ee47a8508ad7203df31f02e672b667995db177e1,2026-09-30T17:47:21Z
SubmitPartialDecryption,179,eeb5a2f1bdad6d67105efeef7c333a1a9021bac2b9124c15911ea1a84494403c,444,8b73f66d3615a86187b04e39ca86eeba81991a3d7ee29d2a99c10bd09ed4510e,e584214057d5d48cf61b1bfa75efdb351dc05b26b36cb036b53a6df8530ac10a,70d791f9abbd5ca92eb29958234443af3dbc4d81cc7c10f51182b2aa2260d821,2026-09-30T17:47:23Z
SubmitPartialDecryption,178,3c88f177e07430e44b9d1baf2fcb94e5169c46c0ae27f6e61428e909072d64b1,444,8b73f66d3615a86187b04e39ca86eeba81991a3d7ee29d2a99c10bd09ed4510e,e584214057d5d48cf61b1bfa75efdb351dc05b26b36cb036b53a6df8530ac10a,70d791f9abbd5ca92eb29958234443af3dbc4d81cc7c10f51182b2aa2260d821,2026-09-30T17:47:23Z
SubmitPartialDecryption,183,7065c3d356f0f220b038d8cb0bc7fb7cc0a7446d131c26f966fef5cc9b261b4b,444,8b73f66d3615a86187b04e39ca86eeba81991a3d7ee29d2a99c10bd09ed4510e,e584214057d5d48cf61b1bfa75efdb351dc05b26b36cb036b53a6df8530ac10a,70d791f9abbd5ca92eb29958234443af3dbc4d81cc7c10f51182b2aa2260d821,2026-09-30T17:47:23Z
SubmitPartialDecryption,182,b43ca01cfedf94ccf58eef4ac8dd3ca9e991354468506416c85a9787839fbc89,444,8b73f66d3615a86187b04e39ca86eeba81991a3d7ee29d2a99c10bd09ed4510e,e584214057d5d48cf61b1bfa75efdb351dc05b26b36cb036b53a6df8530ac10a,70d791f9abbd5ca92eb29958234443af3dbc4d81cc7c10f51182b2aa2260d821,2026-09-30T17:47:23Z
SubmitPartialDecryption,181,3be040ddbb61181a87d8a2417d9e53150ca7c9fb514396a87b1997f4105c58fb,444,8b73f66d3615a86187b04e39ca86eeba81991a3d7ee29d2a99c10bd09ed4510e,e584214057d5d48cf61b1bfa75efdb351dc05b26b36cb036b53a6df8530ac10a,70d791f9abbd5ca92eb29958234443af3dbc4d81cc7c10f51182b2aa2260d821,2026-09-30T17:47:23Z
SubmitPartialDecryption,177,f2325fca06f9dcdd8da87a73c8a32d15474e54c3d2da9df70c7d129cbde49a30,444,8b73f66d3615a86187b04e39ca86eeba81991a3d7ee29d2a99c10bd09ed4510e,e584214057d5d48cf61b1bfa75efdb351dc05b26b36cb036b53a6df8530ac10a,70d791f9abbd5ca92eb29958234443af3dbc4d81cc7c10f51182b2aa2260d821,2026-09-30T17:47:23Z
SubmitPartialDecryption,186,96f1b864c79ebfb5efe9c56ae23e507beb1a94dafca4afb923cb2d3602e01bf3,444,8b73f66d3615a86187b04e39ca86eeba81991a3d7ee29d2a99c10bd09ed4510e,e584214057d5d48cf61b1bfa75efdb351dc05b26b36cb036b53a6df8530ac10a,70d791f9abbd5ca92eb29958234443af3dbc4d81cc7c10f51182b2aa2260d821,2026-09-30T17:47:23Z
SubmitPartialDecryption,184,17c88b8beafa73ca303fda1523a706c8937e78121156a0325ac4ece632afa52b,444,8b73f66d3615a86187b04e39ca86eeba81991a3d7ee29d2a99c10bd09ed4510e,e584214057d5d48cf61b1bfa75efdb351dc05b26b36cb036b53a6df8530ac10a,70d791f9abbd5ca92eb29958234443af3dbc4d81cc7c10f51182b2aa2260d821,2026-09-30T17:47:23Z
SubmitPartialDecryption,191,bf6e7ef1aa1c97156ae8b804703a92e489d0248341635219af4b6b9c5a2fe66b,444,8b73f66d3615a86187b04e39ca86eeba81991a3d7ee29d2a99c10bd09ed4510e,e584214057d5d48cf61b1bfa75efdb351dc05b26b36cb036b53a6df8530ac10a,70d791f9abbd5ca92eb29958234443af3dbc4d81cc7c10f51182b2aa2260d821,2026-09-30T17:47:23Z
SubmitPartialDecryption,190,f3d0429fcc5004f820d5ac878ee41deb2124a779563685bfb37823ba2fbc5d08,444,8b73f66d3615a86187b04e39ca86eeba81991a3d7ee29d2a99c10bd09ed4510e,e584214057d5d48cf61b1bfa75efdb351dc05b26b36cb036b53a6df8530ac10a,70d791f9abbd5ca92eb29958234443af3dbc4d81cc7c10f51182b2aa2260d821,2026-09-30T17:47:23Z
SubmitPartialDecryption,176,7171747e1657587b9832907cdc1208aacb00625841a2423a2b9792b242beef10,444,8b73f66d3615a86187b04e39ca86eeba81991a3d7ee29d2a99c10bd09ed4510e,e584214057d5d48cf61b1bfa75efdb351dc05b26b36cb036b53a6df8530ac10a,70d791f9abbd5ca92eb29958234443af3dbc4d81cc7c10f51182b2aa2260d821,2026-09-30T17:47:23Z
SubmitPartialDecryption,187,770d9c0b88aa19a5e9b2901278e28df6b82d4e824de29ec847f8592ff82a46ba,444,8b73f66d3615a86187b04e39ca86eeba81991a3d7ee29d2a99c10bd09ed4510e,e584214057d5d48cf61b1bfa75efdb351dc05b26b36cb036b53a6df8530ac10a,70d791f9abbd5ca92eb29958234443af3dbc4d81cc7c10f51182b2aa2260d821,2026-09-30T17:47:23Z
SubmitPartialDecryption,189,993037847775c5077fa20fbd5fa50be6b9c3e493125b7c1d220c60e5fffddcdb,444,8b73f66d3615a86187b04e39ca86eeba81991a3d7ee29d2a99c10bd09ed4510e,e584214057d5d48cf61b1bfa75efdb351dc05b26b36cb036b53a6df8530ac10a,70d791f9abbd5ca92eb29958234443af3dbc4d81cc7c10f51182b2aa2260d821,2026-09-30T17:47:23Z
SubmitPartialDecryption,185,557a438eaacd6d40c13c2d3734d25892487de671980c05e8273f5166412ae04e,444,8b73f66d3615a86187b04e39ca86eeba81991a3d7ee29d2a99c10bd09ed4510e,e584214057d5d48cf61b1bfa75efdb351dc05b26b36cb036b53a6df8530ac10a,70d791f9abbd5ca92eb29958234443af3dbc4d81cc7c10f51182b2aa2260d821,2026-09-30T17:47:23Z
SubmitPartialDecryption,180,32fc16ed0ee742e41072211e774e4fea36f8ccd0c06c632749945470b503d083,444,8b73f66d3615a86187b04e39ca86eeba81991a3d7ee29d2a99c10bd09ed4510e,e584214057d5d48cf61b1bfa75efdb351dc05b26b36cb036b53a6df8530ac10a,70d791f9abbd5ca92eb29958234443af3dbc4d81cc7c10f51182b2aa2260d821,2026-09-30T17:47:23Z
SubmitPartialDecryption,188,28c6c50b5d0b0a4e3c3c37ee07c236305de2562b75f99e08186d61e05db6e244,444,8b73f66d3615a86187b04e39ca86eeba81991a3d7ee29d2a99c10bd09ed4510e,e584214057d5d48cf61b1bfa75efdb351dc05b26b36cb036b53a6df8530ac10a,70d791f9abbd5ca92eb29958234443af3dbc4d81cc7c10f51182b2aa2260d821,2026-09-30T17:47:23Z
SubmitPartialDecryption,203,36885de01870455839c547fda8ab5ef9ef182aaed21ad48fdf328f20004e75f1,445,3a1e1b61e6cd6138a8005178fef2ea5a88f7985d8ea02283836fbf12ec1e52ff,910130181ef7b96604f10aa7390a97edb8cff5fd1c2b4d1f05ed1acdcb3d0b6d,8b73f66d3615a86187b04e39ca86eeba81991a3d7ee29d2a99c10bd09ed4510e,2026-09-30T17:47:25Z
SubmitPartialDecryption,198,6f01c18d14e957c7047eaedee4c8478696b5e89c6fe3148fed7f4490b482d6de,445,3a1e1b61e6cd6138a8005178fef2ea5a88f7985d8ea02283836fbf12ec1e52ff,910130181ef7b96604f10aa7390a97edb8cff5fd1c2b4d1f05ed1acdcb3d0b6d,8b73f66d3615a86187b04e39ca86eeba81991a3d7ee29d2a99c10bd09ed4510e,2026-09-30T17:47:25Z
SubmitPartialDecryption,193,dead7af6d49df2bf503608d1e87867c638a0e418dcee2dd521aaa0f83c9cede0,445,3a1e1b61e6cd6138a8005178fef2ea5a88f7985d8ea02283836fbf12ec1e52ff,910130181ef7b96604f10aa7390a97edb8cff5fd1c2b4d1f05ed1acdcb3d0b6d,8b73f66d3615a86187b04e39ca86eeba81991a3d7ee29d2a99c10bd09ed4510e,2026-09-30T17:47:25Z
SubmitPartialDecryption,207,a04c79c1e74d7e6713141702ec06d7914394385d211952598b04a25c8ae08a91,445,3a1e1b61e6cd6138a8005178fef2ea5a88f7985d8ea02283836fbf12ec1e52ff,910130181ef7b96604f10aa7390a97edb8cff5fd1c2b4d1f05ed1acdcb3d0b6d,8b73f66d3615a86187b04e39ca86eeba81991a3d7ee29d2a99c10bd09ed4510e,2026-09-30T17:47:25Z
SubmitPartialDecryption,199,6e9b5db1bdc6abcc7cba9c08ea285c3b6d3225de2a2f85ea36a80cdacd6ce796,445,3a1e1b61e6cd6138a8005178fef2ea5a88f7985d8ea02283836fbf12ec1e52ff,910130181ef7b96604f10aa7390a97edb8cff5fd1c2b4d1f05ed1acdcb3d0b6d,8b73f66d3615a86187b04e39ca86eeba81991a3d7ee29d2a99c10bd09ed4510e,2026-09-30T17:47:25Z
SubmitPartialDecryption,206,f3914e433c06503af9d60cb75acb3f655faab8ba57c8a0adcbe36a10f36bfa74,445,3a1e1b61e6cd6138a8005178fef2ea5a88f7985d8ea02283836fbf12ec1e52ff,910130181ef7b96604f10aa7390a97edb8cff5fd1c2b4d1f05ed1acdcb3d0b6d,8b73f66d3615a86187b04e39ca86eeba81991a3d7ee29d2a99c10bd09ed4510e,2026-09-30T17:47:25Z
SubmitPartialDecryption,205,d58d96b97566cbe8ed4d0d2b9964d52c144dae025e14d6e041d624f8733b3cc2,445,3a1e1b61e6cd6138a8005178fef2ea5a88f7985d8ea02283836fbf12ec1e52ff,910130181ef7b96604f10aa7390a97edb8cff5fd1c2b4d1f05ed1acdcb3d0b6d,8b73f66d3615a86187b04e39ca86eeba81991a3d7ee29d2a99c10bd09ed4510e,2026-09-30T17:47:25Z
SubmitPartialDecryption,202,3621ffa3eea0cb6e1b9f968170d1ac955993ebd63495adc3629fe24be88fdfcd,445,3a1e1b61e6cd6138a8005178fef2ea5a88f7985d8ea02283836fbf12ec1e52ff,910130181ef7b96604f10aa7390a97edb8cff5fd1c2b4d1f05ed1acdcb3d0b6d,8b73f66d3615a86187b04e39ca86eeba81991a3d7ee29d2a99c10bd09ed4510e,2026-09-30T17:47:25Z
SubmitPartialDecryption,201,393139d53146f3120e86e3ff6fa33668f2f327bf724013d0e210a7cb754a64a6,445,3a1e1b61e6cd6138a8005178fef2ea5a88f7985d8ea02283836fbf12ec1e52ff,910130181ef7b96604f10aa7390a97edb8cff5fd1c2b4d1f05ed1acdcb3d0b6d,8b73f66d3615a86187b04e39ca86eeba81991a3d7ee29d2a99c10bd09ed4510e,2026-09-30T17:47:25Z
SubmitPartialDecryption,194,4db9b0c523c69025e8a1f4c0519e18c9a4b3a928c7e356e5729a2ca4231767bf,445,3a1e1b61e6cd6138a8005178fef2ea5a88f7985d8ea02283836fbf12ec1e52ff,910130181ef7b96604f10aa7390a97edb8cff5fd1c2b4d1f05ed1acdcb3d0b6d,8b73f66d3615a86187b04e39ca86eeba81991a3d7ee29d2a99c10bd09ed4510e,2026-09-30T17:47:25Z
SubmitPartialDecryption,196,60da2beb64bdb9ac7378739815685b563816383490d94e4ff45d0f14cbe613f5,445,3a1e1b61e6cd6138a8005178fef2ea5a88f7985d8ea02283836fbf12ec1e52ff,910130181ef7b96604f10aa7390a97edb8cff5fd1c2b4d1f05ed1acdcb3d0b6d,8b73f66d3615a86187b04e39ca86eeba81991a3d7ee29d2a99c10bd09ed4510e,2026-09-30T17:47:25Z
SubmitPartialDecryption,197,e773d6cdaad6eb50161266cf1194c6b1731a7ac0dafbb555fcfffbaa542ff3bd,445,3a1e1b61e6cd6138a8005178fef2ea5a88f7985d8ea02283836fbf12ec1e52ff,910130181ef7b96604f10aa7390a97edb8cff5fd1c2b4d1f05ed1acdcb3d0b6d,8b73f66d3615a86187b04e39ca86eeba81991a3d7ee29d2a99c10bd09ed4510e,2026-09-30T17:47:25Z
SubmitPartialDecryption,200,602f2f27b436754f9b000d72f7ddd80f809aa3dd09ff33cd2aeececd5c4ad9e5,445,3a1e1b61e6cd6138a8005178fef2ea5a88f7985d8ea02283836fbf12ec1e52ff,910130181ef7b96604f10aa7390a97edb8cff5fd1c2b4d1f05ed1acdcb3d0b6d,8b73f66d3615a86187b04e39ca86eeba81991a3d7ee29d2a99c10bd09ed4510e,2026-09-30T17:47:25Z
SubmitPartialDecryption,195,49f6ebb65489ba8b6cef4cd39dd558ddf678f42de9b41094ae53c9edad340abf,445,3a1e1b61e6cd6138a8005178fef2ea5a88f7985d8ea02283836fbf12ec1e52ff,910130181ef7b96604f10aa7390a97edb8cff5fd1c2b4d1f05ed1acdcb3d0b6d,8b73f66d3615a86187b04e39ca86eeba81991a3d7ee29d2a99c10bd09ed4510e,2026-09-30T17:47:25Z
SubmitPartialDecryption,204,bfc57664ef9b5d726f71b54132bc82679d17fe9cbbd61fdf951ce82bdf2887f9,445,3a1e1b61e6cd6138a8005178fef2ea5a88f7985d8ea02283836fbf12ec1e52ff,910130181ef7b96604f10aa7390a97edb8cff5fd1c2b4d1f05ed1acdcb3d0b6d,8b73f66d3615a86187b04e39ca86eeba81991a3d7ee29d2a99c10bd09ed4510e,2026-09-30T17:47:25Z
SubmitPartialDecryption,192,2791ddb54c66098a443ffaf0f3a5b2efe24824c15ee416c55b5cbd3d9b726b1e,445,3a1e1b61e6cd6138a8005178fef2ea5a88f7985d8ea02283836fbf12ec1e52ff,910130181ef7b96604f10aa7390a97edb8cff5fd1c2b4d1f05ed1acdcb3d0b6d,8b73f66d3615a86187b04e39ca86eeba81991a3d7ee29d2a99c10bd09ed4510e,2026-09-30T17:47:25Z
SubmitPartialDecryption,208,c6e77278425f6ea37e80f38a7a6c538c4e968b230d1bd66c1c4a36a65167dade,446,d20f16ae0b58a8561a140346ea060a269da9060e9f9dbd40217b01dcd4ac73b0,6c2b165494516b0745f2d6021787b8668ba7191b05e694fcf4668010eef425f4,3a1e1b61e6cd6138a8005178fef2ea5a88f7985d8ea02283836fbf12ec1e52ff,2026-09-30T17:47:27Z
SubmitPartialDecryption,220,e01623b65bc8cd114cbc88bf68e9aacdcfd93e3309b067f6682c4a4878646d86,446,d20f16ae0b58a8561a140346ea060a269da9060e9f9dbd40217b01dcd4ac73b0,6c2b165494516b0745f2d6021787b8668ba7191b05e694fcf4668010eef425f4,3a1e1b61e6cd6138a8005178fef2ea5a88f7985d8ea02283836fbf12ec1e52ff,2026-09-30T17:47:27Z
SubmitPartialDecryption,216,51ca7f0f303f17855d02e5074bf7a075e62109a91c40fba6343311f2b4928e96,446,d20f16ae0b58a8561a140346ea060a269da9060e9f9dbd40217b01dcd4ac73b0,6c2b165494516b0745f2d6021787b8668ba7191b05e694fcf4668010eef425f4,3a1e1b61e6cd6138a8005178fef2ea5a88f7985d8ea02283836fbf12ec1e52ff,2026-09-30T17:47:27Z
SubmitPartialDecryption,215,9d6bb5d6f80b6f2f14f7b3f73144b6ae5577406330831144372a3b87b3513367,446,d20f16ae0b58a8561a140346ea060a269da9060e9f9dbd40217b01dcd4ac73b0,6c2b165494516b0745f2d6021787b8668ba7191b05e694fcf4668010eef425f4,3a1e1b61e6cd6138a8005178fef2ea5a88f7985d8ea02283836fbf12ec1e52ff,2026-09-30T17:47:27Z
SubmitPartialDecryption,218,817888f967496eefbe8027893d4bd7ed7fdf3d1b682d1df2a0b15a3f04e8e24e,446,d20f16ae0b58a8561a140346ea060a269da9060e9f9dbd40217b01dcd4ac73b0,6c2b165494516b0745f2d6021787b8668ba7191b05e694fcf4668010eef425f4,3a1e1b61e6cd6138a8005178fef2ea5a88f7985d8ea02283836fbf12ec1e52ff,2026-09-30T17:47:27Z
SubmitPartialDecryption,217,d431426651a74e2ae6f34f77614ed5f958f0273b5aad65742d9bb2341991a3cf,446,d20f16ae0b58a8561a140346ea060a269da9060e9f9dbd40217b01dcd4ac73b0,6c2b165494516b0745f2d6021787b8668ba7191b05e694fcf4668010eef425f4,3a1e1b61e6cd6138a8005178fef2ea5a88f7985d8ea02283836fbf12ec1e52ff,2026-09-30T17:47:27Z
SubmitPartialDecryption,210,670ada492eff0771bad81812aabc226e6c759d7e8e8c4fed749a985cf167a967,446,d20f16ae0b58a8561a140346ea060a269da9060e9f9dbd40217b01dcd4ac73b0,6c2b165494516b0745f2d6021787b8668ba7191b05e694fcf4668010eef425f4,3a1e1b61e6cd6138a8005178fef2ea5a88f7985d8ea02283836fbf12ec1e52ff,2026-09-30T17:47:27Z
SubmitPartialDecryption,223,59e9058ee8656a77b444aa1015e230b0bae802f9d55777b0070293bb6dcb4150,446,d20f16ae0b58a8561a140346ea060a269da9060e9f9dbd40217b01dcd4ac73b0,6c2b165494516b0745f2d6021787b8668ba7191b05e694fcf4668010eef425f4,3a1e1b61e6cd6138a8005178fef2ea5a88f7985d8ea02283836fbf12ec1e52ff,2026-09-30T17:47:27Z
SubmitPartialDecryption,209,e2e7f7471c32a10a9bbf3a59e5bf74b7d197518d531adbcb77cd53af7beb88b6,446,d20f16ae0b58a8561a140346ea060a269da9060e9f9dbd40217b01dcd4ac73b0,6c2b165494516b0745f2d6021787b8668ba7191b05e694fcf4668010eef425f4,3a1e1b61e6cd6138a8005178fef2ea5a88f7985d8ea02283836fbf12ec1e52ff,2026-09-30T17:47:27Z
SubmitPartialDecryption,214,b48a7eceec19cd348a90ca8fd89fd248e3cad2598edd823f1a1176cee4a50254,446,d20f16ae0b58a8561a140346ea060a269da9060e9f9dbd40217b01dcd4ac73b0,6c2b165494516b0745f2d6021787b8668ba7191b05e694fcf4668010eef425f4,3a1e1b61e6cd6138a8005178fef2ea5a88f7985d8ea02283836fbf12ec1e52ff,2026-09-30T17:47:27Z
SubmitPartialDecryption,222,67e4bb081017917ddd60f04bbf73376eb85b4ba7f5be63d9f119bbf477addb58,446,d20f16ae0b58a8561a140346ea060a269da9060e9f9dbd40217b01dcd4ac73b0,6c2b165494516b0745f2d6021787b8668ba7191b05e694fcf4668010eef425f4,3a1e1b61e6cd6138a8005178fef2ea5a88f7985d8ea02283836fbf12ec1e52ff,2026-09-30T17:47:27Z
SubmitPartialDecryption,221,45167bef707deb2856163de0373e90894fd4fda13aec2bb5d071cfb3fd5daba7,446,d20f16ae0b58a8561a140346ea060a269da9060e9f9dbd40217b01dcd4ac73b0,6c2b165494516b0745f2d6021787b8668ba7191b05e694fcf4668010eef425f4,3a1e1b61e6cd6138a8005178fef2ea5a88f7985d8ea02283836fbf12ec1e52ff,2026-09-30T17:47:27Z
SubmitPartialDecryption,212,7e017cf9cd0cda38148fa092ac7f714882a2595d65a9630fd617625bd7e937d9,446,d20f16ae0b58a8561a140346ea060a269da9060e9f9dbd40217b01dcd4ac73b0,6c2b165494516b0745f2d6021787b8668ba7191b05e694fcf4668010eef425f4,3a1e1b61e6cd6138a8005178fef2ea5a88f7985d8ea02283836fbf12ec1e52ff,2026-09-30T17:47:27Z
SubmitPartialDecryption,213,521b6219948cd2a2708fe2060ba6be8ea4fb643af6aaab71882e23abaa139d4e,446,d20f16ae0b58a8561a140346ea060a269da9060e9f9dbd40217b01dcd4ac73b0,6c2b165494516b0745f2d6021787b8668ba7191b05e694fcf4668010eef425f4,3a1e1b61e6cd6138a8005178fef2ea5a88f7985d8ea02283836fbf12ec1e52ff,2026-09-30T17:47:27Z
SubmitPartialDecryption,219,6e94cc5184619c3e2430eeb062d8db4889279e0236dee6430727aae4e6f92678,446,d20f16ae0b58a8561a140346ea060a269da9060e9f9dbd40217b01dcd4ac73b0,6c2b165494516b0745f2d6021787b8668ba7191b05e694fcf4668010eef425f4,3a1e1b61e6cd6138a8005178fef2ea5a88f7985d8ea02283836fbf12ec1e52ff,2026-09-30T17:47:27Z
SubmitPartialDecryption,211,ce5ec937561c9d335cee1e8e8648a795f1c48e8aa4b1a23fb6681c59055b3dc6,446,d20f16ae0b58a8561a140346ea060a269da9060e9f9dbd40217b01dcd4ac73b0,6c2b165494516b0745f2d6021787b8668ba7191b05e694fcf4668010eef425f4,3a1e1b61e6cd6138a8005178fef2ea5a88f7985d8ea02283836fbf12ec1e52ff,2026-09-30T17:47:27Z
SubmitPartialDecryption,237,d1124f7a5848e979247e0dd5946849054a5f53e898b8276dff894970c2b0af4e,447,d2bd0a2694987cc06ac1e74a6cc0bd72572ed678c5b9120621c0f7cd7aeaffce,28f0d5228007399b5c2945bfbe6a32d75e818c311ddc1480acb74e6aba0f775b,d20f16ae0b58a8561a140346ea060a269da9060e9f9dbd40217b01dcd4ac73b0,2026-09-30T17:47:29Z
SubmitPartialDecryption,233,b6bfd1e2bf7a1939a5f519767702bf77fcfc0d8115ed57f88c2c8e4f93c550cf,447,d2bd0a2694987cc06ac1e74a6cc0bd72572ed678c5b9120621c0f7cd7aeaffce,28f0d5228007399b5c2945bfbe6a32d75e818c311ddc1480acb74e6aba0f775b,d20f16ae0b58a8561a140346ea060a269da9060e9f9dbd40217b01dcd4ac73b0,2026-09-30T17:47:29Z
SubmitPartialDecryption,226,7d39beb170b9a67364da46335d502c7199cc1c5dacf8d13052de80ac59ad26a5,447,d2bd0a2694987cc06ac1e74a6cc0bd72572ed678c5b9120621c0f7cd7aeaffce,28f0d5228007399b5c2945bfbe6a32d75e818c311ddc1480acb74e6aba0f775b,d20f16ae0b58a8561a140346ea060a269da9060e9f9dbd40217b01dcd4ac73b0,2026-09-30T17:47:29Z
SubmitPartialDecryption,239,dce444cabde3c876f504158930f939a2ebc44808a3a015afc616a23265d06425,447,d2bd0a2694987cc06ac1e74a6cc0bd72572ed678c5b9120621c0f7cd7aeaffce,28f0d5228007399b5c2945bfbe6a32d75e818c311ddc1480acb74e6aba0f775b,d20f16ae0b58a8561a140346ea060a269da9060e9f9dbd40217b01dcd4ac73b0,2026-09-30T17:47:29Z
SubmitPartialDecryption,231,429782d3513b9c8ebc5e60d676a1a2bc1a330eded4cb1d96b500a99609f333ed,447,d2bd0a2694987cc06ac1e74a6cc0bd72572ed678c5b9120621c0f7cd7aeaffce,28f0d5228007399b5c2945bfbe6a32d75e818c311ddc1480acb74e6aba0f775b,d20f16ae0b58a8561a140346ea060a269da9060e9f9dbd40217b01dcd4ac73b0,2026-09-30T17:47:29Z
SubmitPartialDecryption,230,2aafc40098200af7ab968a73e530e7ea1ab99bb52efdaf3eeab4a303d7a26f37,447,d2bd0a2694987cc06ac1e74a6cc0bd72572ed678c5b9120621c0f7cd7aeaffce,28f0d5228007399b5c2945bfbe6a32d75e818c311ddc1480acb74e6aba0f775b,d20f16ae0b58a8561a140346ea060a269da9060e9f9dbd40217b01dcd4ac73b0,2026-09-30T17:47:29Z
SubmitPartialDecryption,234,45517f95c9a1465dc6b7fc01d0350073279a711d7d50b5e6a0ea34437f06faa7,447,d2bd0a2694987cc06ac1e74a6cc0bd72572ed678c5b9120621c0f7cd7aeaffce,28f0d5228007399b5c2945bfbe6a32d75e818c311ddc1480acb74e6aba0f775b,d20f16ae0b58a8561a140346ea060a269da9060e9f9dbd40217b01dcd4ac73b0,2026-09-30T17:47:29Z
SubmitPartialDecryption,227,d770fdc6783e977783ff191266465508948579453a1ddcdf32c2af22b82aeb1a,447,d2bd0a2694987cc06ac1e74a6cc0bd72572ed678c5b9120621c0f7cd7aeaffce,28f0d5228007399b5c2945bfbe6a32d75e818c311ddc1480acb74e6aba0f775b,d20f16ae0b58a8561a140346ea060a269da9060e9f9dbd40217b01dcd4ac73b0,2026-09-30T17:47:29Z
SubmitPartialDecryption,236,2255e930382c65a58a4151aaf29f69e9ed5d1766764764a06fdaea2908f06b30,447,d2bd0a2694987cc06ac1e74a6cc0bd72572ed678c5b9120621c0f7cd7aeaffce,28f0d5228007399b5c2945bfbe6a32d75e818c311ddc1480acb74e6aba0f775b,d20f16ae0b58a8561a140346ea060a269da9060e9f9dbd40217b01dcd4ac73b0,2026-09-30T17:47:29Z
SubmitPartialDecryption,235,b1fa4b19fc617e99902e58361b840c25063edd694b14c47eb0a084134e589835,447,d2bd0a2694987cc06ac1e74a6cc0bd72572ed678c5b9120621c0f7cd7aeaffce,28f0d5228007399b5c2945bfbe6a32d75e818c311ddc1480acb74e6aba0f775b,d20f16ae0b58a8561a140346ea060a269da9060e9f9dbd40217b01dcd4ac73b0,2026-09-30T17:47:29Z
SubmitPartialDecryption,225,5f7ab43ffd6c9b6c3f4ab5b9be07774e05cd57b0c5e6424bb1ea2116694f763e,447,d2bd0a2694987cc06ac1e74a6cc0bd72572ed678c5b9120621c0f7cd7aeaffce,28f0d5228007399b5c2945bfbe6a32d75e818c311ddc1480acb74e6aba0f775b,d20f16ae0b58a8561a140346ea060a269da9060e9f9dbd40217b01dcd4ac73b0,2026-09-30T17:47:29Z
SubmitPartialDecryption,228,1851792b9df89fa1c855105bbb9e85afb0fa0a93e1cf5427f49f3b0e543eb74a,447,d2bd0a2694987cc06ac1e74a6cc0bd72572ed678c5b9120621c0f7cd7aeaffce,28f0d5228007399b5c2945bfbe6a32d75e818c311ddc1480acb74e6aba0f775b,d20f16ae0b58a8561a140346ea060a269da9060e9f9dbd40217b01dcd4ac73b0,2026-09-30T17:47:29Z
SubmitPartialDecryption,229,9081c0d1fe8c2f71f8544a20c12ea4999649df452716a8b86cb02a0fdde87fda,447,d2bd0a2694987cc06ac1e74a6cc0bd72572ed678c5b9120621c0f7cd7aeaffce,28f0d5228007399b5c2945bfbe6a32d75e818c311ddc1480acb74e6aba0f775b,d20f16ae0b58a8561a140346ea060a269da9060e9f9dbd40217b01dcd4ac73b0,2026-09-30T17:47:29Z
SubmitPartialDecryption,232,5ec25f34f990327dde0b50f9b8c05606f670df8b91949b9961783a686548df98,447,d2bd0a2694987cc06ac1e74a6cc0bd72572ed678c5b9120621c0f7cd7aeaffce,28f0d5228007399b5c2945bfbe6a32d75e818c311ddc1480acb74e6aba0f775b,d20f16ae0b58a8561a140346ea060a269da9060e9f9dbd40217b01dcd4ac73b0,2026-09-30T17:47:29Z
SubmitPartialDecryption,238,b12a84810fb1f4be20382ae402a3e4a0397244cd5743f9fc8ff557a0faa7dee6,447,d2bd0a2694987cc06ac1e74a6cc0bd72572ed678c5b9120621c0f7cd7aeaffce,28f0d5228007399b5c2945bfbe6a32d75e818c311ddc1480acb74e6aba0f775b,d20f16ae0b58a8561a140346ea060a269da9060e9f9dbd40217b01dcd4ac73b0,2026-09-30T17:47:29Z
SubmitPartialDecryption,224,45229e42bedcf6dfa7f313d74e401f9d9240a8e9821972c883d70648045c1451,447,d2bd0a2694987cc06ac1e74a6cc0bd72572ed678c5b9120621c0f7cd7aeaffce,28f0d5228007399b5c2945bfbe6a32d75e818c311ddc1480acb74e6aba0f775b,d20f16ae0b58a8561a140346ea060a269da9060e9f9dbd40217b01dcd4ac73b0,2026-09-30T17:47:29Z
SubmitPartialDecryption,252,f5a18ca7f12b8dc5a3bf8082b853d9ab2cdc0c55724d2dae3b784db86f281755,448,51a29f6bfd3edd00a581a60c7cefc26530564bfb025c4f9f72d1d45c1e734997,9f3decdb4f4277b8928c1ffd52800f197b0fb4ded8577789343e2968919eb3bb,d2bd0a2694987cc06ac1e74a6cc0bd72572ed678c5b9120621c0f7cd7aeaffce,2026-09-30T17:47:32Z
SubmitPartialDecryption,242,8bca958b6f03f6d60abbc23c1079bbb9a779e3f546a544f84e5fc858478d2be8,448,51a29f6bfd3edd00a581a60c7cefc26530564bfb025c4f9f72d1d45c1e734997,9f3decdb4f4277b8928c1ffd52800f197b0fb4ded8577789343e2968919eb3bb,d2bd0a2694987cc06ac1e74a6cc0bd72572ed678c5b9120621c0f7cd7aeaffce,2026-09-30T17:47:32Z
SubmitPartialDecryption,244,c62dc651e8af64172f61c19a82a39e43cf5a3ced7221f2f1186573f573bb4b21,448,51a29f6bfd3edd00a581a60c7cefc26530564bfb025c4f9f72d1d45c1e734997,9f3decdb4f4277b8928c1ffd52800f197b0fb4ded8577789343e2968919eb3bb,d2bd0a2694987cc06ac1e74a6cc0bd72572ed678c5b9120621c0f7cd7aeaffce,2026-09-30T17:47:32Z
SubmitPartialDecryption,253,3958d0a90b603c7598f9440b439467f68f656b253aa3f48425165250e50384b4,448,51a29f6bfd3edd00a581a60c7cefc26530564bfb025c4f9f72d1d45c1e734997,9f3decdb4f4277b8928c1ffd52800f197b0fb4ded8577789343e2968919eb3bb,d2bd0a2694987cc06ac1e74a6cc0bd72572ed678c5b9120621c0f7cd7aeaffce,2026-09-30T17:47:32Z
SubmitPartialDecryption,243,53f17012ea7fef79896a035d5d40f6b108e73801ddca61de6c5e380f91f788b5,448,51a29f6bfd3edd00a581a60c7cefc26530564bfb025c4f9f72d1d45c1e734997,9f3decdb4f4277b8928c1ffd52800f197b0fb4ded8577789343e2968919eb3bb,d2bd0a2694987cc06ac1e74a6cc0bd72572ed678c5b9120621c0f7cd7aeaffce,2026-09-30T17:47:32Z
SubmitPartialDecryption,249,a55be007ba3a1d1342ab46f7a9417fd7fff3fc3895191464ad739163c0b8af70,448,51a29f6bfd3edd00a581a60c7cefc26530564bfb025c4f9f72d1d45c1e734997,9f3decdb4f4277b8928c1ffd52800f197b0fb4ded8577789343e2968919eb3bb,d2bd0a2694987cc06ac1e74a6cc0bd72572ed678c5b9120621c0f7cd7aeaffce,2026-09-30T17:47:32Z
SubmitPartialDecryption,240,99470714dd7bafc0d9cdfe141fd09e417b53d30facdf72d68cff0505611c8b2b,448,51a29f6bfd3edd00a581a60c7cefc26530564bfb025c4f9f72d1d45c1e734997,9f3decdb4f4277b8928c1ffd52800f197b0fb4ded8577789343e2968919eb3bb,d2bd0a2694987cc06ac1e74a6cc0bd72572ed678c5b9120621c0f7cd7aeaffce,2026-09-30T17:47:32Z
SubmitPartialDecryption,245,54f187c9c44a1476e54132f721e33f3de548304311b00b242d2a6b84a9c71796,448,51a29f6bfd3edd00a581a60c7cefc26530564bfb025c4f9f72d1d45c1e734997,9f3decdb4f4277b8928c1ffd52800f197b0fb4ded8577789343e2968919eb3bb,d2bd0a2694987cc06ac1e74a6cc0bd72572ed678c5b9120621c0f7cd7aeaffce,2026-09-30T17:47:32Z
SubmitPartialDecryption,251,aba42719484e65682d76bc423bbe3d4e0da25a8f8e2c7ce5049856ea44aca815,448,51a29f6bfd3edd00a581a60c7cefc26530564bfb025c4f9f72d1d45c1e734997,9f3decdb4f4277b8928c1ffd52800f197b0fb4ded8577789343e2968919eb3bb,d2bd0a2694987cc06ac1e74a6cc0bd72572ed678c5b9120621c0f7cd7aeaffce,2026-09-30T17:47:32Z
SubmitPartialDecryption,241,307eefc31040f5e9c73e1eb01b8886de238d85e7bf97529921bf21b1baf1dc4f,448,51a29f6bfd3edd00a581a60c7cefc26530564bfb025c4f9f72d1d45c1e734997,9f3decdb4f4277b8928c1ffd52800f197b0fb4ded8577789343e2968919eb3bb,d2bd0a2694987cc06ac1e74a6cc0bd72572ed678c5b9120621c0f7cd7aeaffce,2026-09-30T17:47:32Z
SubmitPartialDecryption,247,6a230170d3a7f726a4ef1658d21ec5cf3c9c1bc3ff0fdcfab65a842a3ec3a485,448,51a29f6bfd3edd00a581a60c7cefc26530564bfb025c4f9f72d1d45c1e734997,9f3decdb4f4277b8928c1ffd52800f197b0fb4ded8577789343e2968919eb3bb,d2bd0a2694987cc06ac1e74a6cc0bd72572ed678c5b9120621c0f7cd7aeaffce,2026-09-30T17:47:32Z
SubmitPartialDecryption,246,c96f8a7c30915d726c33893360093862e6bcf173b344273372620403ac2531ca,448,51a29f6bfd3edd00a581a60c7cefc26530564bfb025c4f9f72d1d45c1e734997,9f3decdb4f4277b8928c1ffd52800f197b0fb4ded8577789343e2968919eb3bb,d2bd0a2694987cc06ac1e74a6cc0bd72572ed678c5b9120621c0f7cd7aeaffce,2026-09-30T17:47:32Z
SubmitPartialDecryption,248,90d373116a53b384b09abddc21fb966416da1a6cd960657579cca0b8ea0803f5,448,51a29f6bfd3edd00a581a60c7cefc26530564bfb025c4f9f72d1d45c1e734997,9f3decdb4f4277b8928c1ffd52800f197b0fb4ded8577789343e2968919eb3bb,d2bd0a2694987cc06ac1e74a6cc0bd72572ed678c5b9120621c0f7cd7aeaffce,2026-09-30T17:47:32Z
SubmitPartialDecryption,255,f9725c8bb7ba3ded0fd77387965938c6a7bc04fe093707b408598df9b0aaadd1,448,51a29f6bfd3edd00a581a60c7cefc26530564bfb025c4f9f72d1d45c1e734997,9f3decdb4f4277b8928c1ffd52800f197b0fb4ded8577789343e2968919eb3bb,d2bd0a2694987cc06ac1e74a6cc0bd72572ed678c5b9120621c0f7cd7aeaffce,2026-09-30T17:47:32Z
SubmitPartialDecryption,250,b1e09185217b3fd6291ac04122a5aea2ffd9ec018336d0247f1105fab543cada,448,51a29f6bfd3edd00a581a60c7cefc26530564bfb025c4f9f72d1d45c1e734997,9f3decdb4f4277b8928c1ffd52800f197b0fb4ded8577789343e2968919eb3bb,d2bd0a2694987cc06ac1e74a6cc0bd72572ed678c5b9120621c0f7cd7aeaffce,2026-09-30T17:47:32Z
SubmitPartialDecryption,254,95b26f6b41c7e0668a7749149a8dbebd483fddb3d7c449c6497df4fe3e057dd5,448,51a29f6bfd3edd00a581a60c7cefc26530564bfb025c4f9f72d1d45c1e734997,9f3decdb4f4277b8928c1ffd52800f197b0fb4ded8577789343e2968919eb3bb,d2bd0a2694987cc06ac1e74a6cc0bd72572ed678c5b9120621c0f7cd7aeaffce,2026-09-30T17:47:32Z
SubmitPartialDecryption,271,98db16d476365f6e658015537ffda6936d7865485c01a66ed3ba50cd3e4268f4,449,d80b831ccec6d2783714e0a6c671b61069f62bd59bfc80a3ffe474c678f64de5,383620e28fe48b857bc40f6613ca5e1a2541723e45583fa4a10cb31fb5b08673,51a29f6bfd3edd00a581a60c7cefc26530564bfb025c4f9f72d1d45c1e734997,2026-09-30T17:47:34Z
SubmitPartialDecryption,257,a48be4456d5cb9ced61ea254b2176ad201344bf2efd02a3a8c06e9a717e203cd,449,d80b831ccec6d2783714e0a6c671b61069f62bd59bfc80a3ffe474c678f64de5,383620e28fe48b857bc40f6613ca5e1a2541723e45583fa4a10cb31fb5b08673,51a29f6bfd3edd00a581a60c7cefc26530564bfb025c4f9f72d1d45c1e734997,2026-09-30T17:47:34Z
SubmitPartialDecryption,265,b7d4f8e2909f0df51d4aa53a603d345bab5bb7a1a0d294125212854b0d06b6ed,449,d80b831ccec6d2783714e0a6c671b61069f62bd59bfc80a3ffe474c678f64de5,383620e28fe48b857bc40f6613ca5e1a2541723e45583fa4a10cb31fb5b08673,51a29f6bfd3edd00a581a60c7cefc26530564bfb025c4f9f72d1d45c1e734997,2026-09-30T17:47:34Z
SubmitPartialDecryption,266,49a23a2f49a8e3c4d41576641bcd7f20c266540eadab9e2f74ebceb389dd5d60,449,d80b831ccec6d2783714e0a6c671b61069f62bd59bfc80a3ffe474c678f64de5,383620e28fe48b857bc40f6613ca5e1a2541723e45583fa4a10cb31fb5b08673,51a29f6bfd3edd00a581a60c7cefc26530564bfb025c4f9f72d1d45c1e734997,2026-09-30T17:47:34Z
SubmitPartialDecryption,259,8ce3c662b12e61c9bb009afd1b6f861ca29c65262d2ae071cf24fbb716968d19,449,d80b831ccec6d2783714e0a6c671b61069f62bd59bfc80a3ffe474c678f64de5,383620e28fe48b857bc40f6613ca5e1a2541723e45583fa4a10cb31fb5b08673,51a29f6bfd3edd00a581a60c7cefc26530564bfb025c4f9f72d1d45c1e734997,2026-09-30T17:47:34Z
SubmitPartialDecryption,256,c0529c815096430474405cdbc7d98c13cd2255ecc6e41a2a39de405ffe441642,449,d80b831ccec6d2783714e0a6c671b61069f62bd59bfc80a3ffe474c678f64de5,383620e28fe48b857bc40f6613ca5e1a2541723e45583fa4a10cb31fb5b08673,51a29f6bfd3edd00a581a60c7cefc26530564bfb025c4f9f72d1d45c1e734997,2026-09-30T17:47:34Z
SubmitPartialDecryption,267,237541cc8572c464b8b74cfc225cde61241b2a48a93123d0268f4991a15d44a9,449,d80b831ccec6d2783714e0a6c671b61069f62bd59bfc80a3ffe474c678f64de5,383620e28fe48b857bc40f6613ca5e1a2541723e45583fa4a10cb31fb5b08673,51a29f6bfd3edd00a581a60c7cefc26530564bfb025c4f9f72d1d45c1e734997,2026-09-30T17:47:34Z
SubmitPartialDecryption,269,584a9f09022630f727b01bfb5c06f264c6274ed2fadd9aae179543268e78d04c,449,d80b831ccec6d2783714e0a6c671b61069f62bd59bfc80a3ffe474c678f64de5,383620e28fe48b857bc40f6613ca5e1a2541723e45583fa4a10cb31fb5b08673,51a29f6bfd3edd00a581a60c7cefc26530564bfb025c4f9f72d1d45c1e734997,2026-09-30T17:47:34Z
SubmitPartialDecryption,264,caba8584721a8a3f9328e2a84cd038cb174376d92dcbed36bed0bde2f5d2cf1c,449,d80b831ccec6d2783714e0a6c671b61069f62bd59bfc80a3ffe474c678f64de5,383620e28fe48b857bc40f6613ca5e1a2541723e45583fa4a10cb31fb5b08673,51a29f6bfd3edd00a581a60c7cefc26530564bfb025c4f9f72d1d45c1e734997,2026-09-30T17:47:34Z
SubmitPartialDecryption,270,54657f98d14295c8796e54e01821d6b8adccbc5ed93c67e3f33237ff524c9bde,449,d80b831ccec6d2783714e0a6c671b61069f62bd59bfc80a3ffe474c678f64de5,383620e28fe48b857bc40f6613ca5e1a2541723e45583fa4a10cb31fb5b08673,51a29f6bfd3edd00a581a60c7cefc26530564bfb025c4f9f72d1d45c1e734997,2026-09-30T17:47:34Z
SubmitPartialDecryption,258,13568c907e6c3d831a2d06edab0f6f9dd5d4be7b3e05623e5e95f12721ee6d50,449,d80b831ccec6d2783714e0a6c671b61069f62bd59bfc80a3ffe474c678f64de5,383620e28fe48b857bc40f6613ca5e1a2541723e45583fa4a10cb31fb5b08673,51a29f6bfd3edd00a581a60c7cefc26530564bfb025c4f9f72d1d45c1e734997,2026-09-30T17:47:34Z
SubmitPartialDecryption,268,53746729a259d723e161ca65d86f62e910b352dbbb64b9c8199aadb49c9f1954,449,d80b831ccec6d2783714e0a6c671b61069f62bd59bfc80a3ffe474c678f64de5,383620e28fe48b857bc40f6613ca5e1a2541723e45583fa4a10cb31fb5b08673,51a29f6bfd3edd00a581a60c7cefc26530564bfb025c4f9f72d1d45c1e734997,2026-09-30T17:47:34Z
SubmitPartialDecryption,261,11534ce464b2e7ffb6b85b6b7ae134feec5b747d353743ea9942dca79fe7fe37,449,d80b831ccec6d2783714e0a6c671b61069f62bd59bfc80a3ffe474c678f64de5,383620e28fe48b857bc40f6613ca5e1a2541723e45583fa4a10cb31fb5b08673,51a29f6bfd3edd00a581a60c7cefc26530564bfb025c4f9f72d1d45c1e734997,2026-09-30T17:47:34Z
SubmitPartialDecryption,260,70cba54b9631e5bec4d88c188150814b61d575ecd5573893bc1be24550422927,449,d80b831ccec6d2783714e0a6c671b61069f62bd59bfc80a3ffe474c678f64de5,383620e28fe48b857bc40f6613ca5e1a2541723e45583fa4a10cb31fb5b08673,51a29f6bfd3edd00a581a60c7cefc26530564bfb025c4f9f72d1d45c1e734997,2026-09-30T17:47:34Z
SubmitPartialDecryption,263,cd7d98c749f4f7ef2cc5d08d46e87bdf695b02ee348569e2ba4c8917b3629657,449,d80b831ccec6d2783714e0a6c671b61069f62bd59bfc80a3ffe474c678f64de5,383620e28fe48b857bc40f6613ca5e1a2541723e45583fa4a10cb31fb5b08673,51a29f6bfd3edd00a581a60c7cefc26530564bfb025c4f9f72d1d45c1e734997,2026-09-30T17:47:34Z
SubmitPartialDecryption,262,347d1a77fddea486e84b456c3ce5de3417e121768ae61fdfa8f278195eddc6ed,449,d80b831ccec6d2783714e0a6c671b61069f62bd59bfc80a3ffe474c678f64de5,383620e28fe48b857bc40f6613ca5e1a2541723e45583fa4a10cb31fb5b08673,51a29f6bfd3edd00a581a60c7cefc26530564bfb025c4f9f72d1d45c1e734997,2026-09-30T17:47:34Z
SubmitPartialDecryption,286,41f934b5f98ce7457a46dde838a4ebae883dbf49e8357b32d50ba18b59f3c8c2,450,fb59d26a240581d7c555501bde0d1d46199a17e55bda31d40e663b028e769680,2f6181d5e4bb8781314a429a2204dd32c0a3417e00371d70a25733936e65a163,d80b831ccec6d2783714e0a6c671b61069f62bd59bfc80a3ffe474c678f64de5,2026-09-30T17:47:36Z
SubmitPartialDecryption,283,556f80a3c1d411df5a826776cac30741ed0846a333c45691857f047ae986afcf,450,fb59d26a240581d7c555501bde0d1d46199a17e55bda31d40e663b028e769680,2f6181d5e4bb8781314a429a2204dd32c0a3417e00371d70a25733936e65a163,d80b831ccec6d2783714e0a6c671b61069f62bd59bfc80a3ffe474c678f64de5,2026-09-30T17:47:36Z
SubmitPartialDecryption,280,245f1d17cf696d5a0d2a22ab109ad2c4d15b44501efd4af1a89f9a65fc0abd38,450,fb59d26a240581d7c555501bde0d1d46199a17e55bda31d40e663b028e769680,2f6181d5e4bb8781314a429a2204dd32c0a3417e00371d70a25733936e65a163,d80b831ccec6d2783714e0a6c671b61069f62bd59bfc80a3ffe474c678f64de5,2026-09-30T17:47:36Z
SubmitPartialDecryption,285,f045df108ae50f9f0fe3a16a0bf36bb03e69755e8adac5e4f2c896b3308aa436,450,fb59d26a240581d7c555501bde0d1d46199a17e55bda31d40e663b028e769680,2f6181d5e4bb8781314a429a2204dd32c0a3417e00371d70a25733936e65a163,d80b831ccec6d2783714e0a6c671b61069f62bd59bfc80a3ffe474c678f64de5,2026-09-30T17:47:36Z
SubmitPartialDecryption,287,dab36f1fb27acd485a993a726701a90520c009ca98a918c6dc625b200021df33,450,fb59d26a240581d7c555501bde0d1d46199a17e55bda31d40e663b028e769680,2f6181d5e4bb8781314a429a2204dd32c0a3417e00371d70a25733936e65a163,d80b831ccec6d2783714e0a6c671b61069f62bd59bfc80a3ffe474c678f64de5,2026-09-30T17:47:36Z
SubmitPartialDecryption,273,1cb52688947846c78e11b05ac05c7c7d8adafc36caccc06a1140b7e546b0e178,450,fb59d26a240581d7c555501bde0d1d46199a17e55bda31d40e663b028e769680,2f6181d5e4bb8781314a429a2204dd32c0a3417e00371d70a25733936e65a163,d80b831ccec6d2783714e0a6c671b61069f62bd59bfc80a3ffe474c678f64de5,2026-09-30T17:47:36Z
SubmitPartialDecryption,275,476471ab4426fb346d8b5d80107ee361ce4f85bb7c8de6ab5653b268bf712d51,450,fb59d26a240581d7c555501bde0d1d46199a17e55bda31d40e663b028e769680,2f6181d5e4bb8781314a429a2204dd32c0a3417e00371d70a25733936e65a163,d80b831ccec6d2783714e0a6c671b61069f62bd59bfc80a3ffe474c678f64de5,2026-09-30T17:47:36Z
SubmitPartialDecryption,274,c14d4a211870a545089f3eaab8e48a0dd8c42ced45f4094b4bb31e59731ae02e,450,fb59d26a240581d7c555501bde0d1d46199a17e55bda31d40e663b028e769680,2f6181d5e4bb8781314a429a2204dd32c0a3417e00371d70a25733936e65a163,d80b831ccec6d2783714e0a6c671b61069f62bd59bfc80a3ffe474c678f64de5,2026-09-30T17:47:36Z
SubmitPartialDecryption,284,dc57a86fddc5b87b664398f1d24ad8ce048a39941b56048cd96acceaba282936,450,fb59d26a240581d7c555501bde0d1d46199a17e55bda31d40e663b028e769680,2f6181d5e4bb8781314a429a2204dd32c0a3417e00371d70a25733936e65a163,d80b831ccec6d2783714e0a6c671b61069f62bd59bfc80a3ffe474c678f64de5,2026-09-30T17:47:36Z
SubmitPartialDecryption,272,b1f26716847449b0c91213a379ff3f97cbefe4822ad48ab656cbb6ccd6c5d5a1,450,fb59d26a240581d7c555501bde0d1d46199a17e55bda31d40e663b028e769680,2f6181d5e4bb8781314a429a2204dd32c0a3417e00371d70a25733936e65a163,d80b831ccec6d2783714e0a6c671b61069f62bd59bfc80a3ffe474c678f64de5,2026-09-30T17:47:36Z
SubmitPartialDecryption,278,3053ba2ba2caee60ed89ce6dd7e956f286a6881a8bae42dfa3775f28a948b48f,450,fb59d26a240581d7c555501bde0d1d46199a17e55bda31d40e663b028e769680,2f6181d5e4bb8781314a429a2204dd32c0a3417e00371d70a25733936e65a163,d80b831ccec6d2783714e0a6c671b61069f62bd59bfc80a3ffe474c678f64de5,2026-09-30T17:47:36Z
SubmitPartialDecryption,279,bd57ad2f69a3e404815a456f5e6afcd06c6dd0efc43fb1af26515b84bba1a4e7,450,fb59d26a240581d7c555501bde0d1d46199a17e55bda31d40e663b028e769680,2f6181d5e4bb8781314a429a2204dd32c0a3417e00371d70a25733936e65a163,d80b831ccec6d2783714e0a6c671b61069f62bd59bfc80a3ffe474c678f64de5,2026-09-30T17:47:36Z
SubmitPartialDecryption,281,2234d27961f59ccc698206116c6dd0656bac6a0664373f0de9432949e78a1b2c,450,fb59d26a240581d7c555501bde0d1d46199a17e55bda31d40e663b028e769680,2f6181d5e4bb8781314a429a2204dd32c0a3417e00371d70a25733936e65a163,d80b831ccec6d2783714e0a6c671b61069f62bd59bfc80a3ffe474c678f64de5,2026-09-30T17:47:36Z
SubmitPartialDecryption,282,7ec57bdc02d569059bb864ff842151539d465ef68e918f61e5f7e243d4b0f291,450,fb59d26a240581d7c555501bde0d1d46199a17e55bda31d40e663b028e769680,2f6181d5e4bb8781314a429a2204dd32c0a3417e00371d70a25733936e65a163,d80b831ccec6d2783714e0a6c671b61069f62bd59bfc80a3ffe474c678f64de5,2026-09-30T17:47:36Z
SubmitPartialDecryption,276,8a550b314eeb33ab3445562d95bca39cca563bd66e64581f529d76d0ea1641fb,450,fb59d26a240581d7c555501bde0d1d46199a17e55bda31d40e663b028e769680,2f6181d5e4bb8781314a429a2204dd32c0a3417e00371d70a25733936e65a163,d80b831ccec6d2783714e0a6c671b61069f62bd59bfc80a3ffe474c678f64de5,2026-09-30T17:47:36Z
SubmitPartialDecryption,277,97e4eafac447ec1eeac4511f790a558c58d6d382e9f461cfb7f7c66d0b6054fd,450,fb59d26a240581d7c555501bde0d1d46199a17e55bda31d40e663b028e769680,2f6181d5e4bb8781314a429a2204dd32c0a3417e00371d70a25733936e65a163,d80b831ccec6d2783714e0a6c671b61069f62bd59bfc80a3ffe474c678f64de5,2026-09-30T17:47:36Z
SubmitPartialDecryption,298,ef7697e4bfa46bb6dd75dc9a998e061c138a2a2e6c8a7ea7a45a1ed52b46225d,451,537bb93c00ebe74345b14fc2945975beb8167ed661100787cb7a1d69bfb92c0a,add9d9eab7e3102d178bca9f910aa5a6f96246054db9e394aede165e3220cd81,fb59d26a240581d7c555501bde0d1d46199a17e55bda31d40e663b028e769680,2026-09-30T17:47:38Z
SubmitPartialDecryption,295,2af3ba307c769fbb1c1fa7a58e565c6b80cc325a92d82580227b3207c6ba2545,451,537bb93c00ebe74345b14fc2945975beb8167ed661100787cb7a1d69bfb92c0a,add9d9eab7e3102d178bca9f910aa5a6f96246054db9e394aede165e3220cd81,fb59d26a240581d7c555501bde0d1d46199a17e55bda31d40e663b028e769680,2026-09-30T17:47:38Z
SubmitPartialDecryption,289,4c7628cafdc558ad4d5ed88a52c73098f9597d43de34fea02fbf25ee2d8c3a1b,451,537bb93c00ebe74345b14fc2945975beb8167ed661100787cb7a1d69bfb92c0a,add9d9eab7e3102d178bca9f910aa5a6f96246054db9e394aede165e3220cd81,fb59d26a240581d7c555501bde0d1d46199a17e55bda31d40e663b028e769680,2026-09-30T17:47:38Z
SubmitPartialDecryption,300,d45ec053a0f2d61d3e0c7e7cd5c8af69309bb99d57d5f0b556c82291036a710f,451,537bb93c00ebe74345b14fc2945975beb8167ed661100787cb7a1d69bfb92c0a,add9d9eab7e3102d178bca9f910aa5a6f96246054db9e394aede165e3220cd81,fb59d26a240581d7c555501bde0d1d46199a17e55bda31d40e663b028e769680,2026-09-30T17:47:38Z
SubmitPartialDecryption,299,7fb2633ec48e53fa77f138765b81c2481478483ce97c301c90ddbe8df2bcd14e,451,537bb93c00ebe74345b14fc2945975beb8167ed661100787cb7a1d69bfb92c0a,add9d9eab7e3102d178bca9f910aa5a6f96246054db9e394aede165e3220cd81,fb59d26a240581d7c555501bde0d1d46199a17e55bda31d40e663b028e769680,2026-09-30T17:47:38Z
SubmitPartialDecryption,303,ce228a86cb8b1ac8c83054cac5a18f12ba631d46d97c74d48d07f82b398b820e,451,537bb93c00ebe74345b14fc2945975beb8167ed661100787cb7a1d69bfb92c0a,add9d9eab7e3102d178bca9f910aa5a6f96246054db9e394aede165e3220cd81,fb59d26a240581d7c555501bde0d1d46199a17e55bda31d40e663b028e769680,2026-09-30T17:47:38Z
SubmitPartialDecryption,290,b13001f4146f8945bed867628841664b0cba89b345ba512e1a9bf0651aa53829,451,537bb93c00ebe74345b14fc2945975beb8167ed661100787cb7a1d69bfb92c0a,add9d9eab7e3102d178bca9f910aa5a6f96246054db9e394aede165e3220cd81,fb59d26a240581d7c555501bde0d1d46199a17e55bda31d40e663b028e769680,2026-09-30T17:47:38Z
SubmitPartialDecryption,293,a24669c1037f3d4a0ae37443d3d25402d21539b413996086da27c7d779193664,451,537bb93c00ebe74345b14fc2945975beb8167ed661100787cb7a1d69bfb92c0a,add9d9eab7e3102d178bca9f910aa5a6f96246054db9e394aede165e3220cd81,fb59d26a240581d7c555501bde0d1d46199a17e55bda31d40e663b028e769680,2026-09-30T17:47:38Z
SubmitPartialDecryption,302,8ad1652ff0a48de72e467a1100814def7a92deba6227f3ec395acf7368cd58ff,451,537bb93c00ebe74345b14fc2945975beb8167ed661100787cb7a1d69bfb92c0a,add9d9eab7e3102d178bca9f910aa5a6f96246054db9e394aede165e3220cd81,fb59d26a240581d7c555501bde0d1d46199a17e55bda31d40e663b028e769680,2026-09-30T17:47:38Z
SubmitPartialDecryption,288,90ee355cc871c7ffaf3b9b41ac667123f3a1649f0a5c32f9902b61583dc6416a,451,537bb93c00ebe74345b14fc2945975beb8167ed661100787cb7a1d69bfb92c0a,add9d9eab7e3102d178bca9f910aa5a6f96246054db9e394aede165e3220cd81,fb59d26a240581d7c555501bde0d1d46199a17e55bda31d40e663b028e769680,2026-09-30T17:47:38Z
SubmitPartialDecryption,294,c311a6c6538f42f776e87d572a4548033563215a0d10dc7dd961eb21739b20eb,451,537bb93c00ebe74345b14fc2945975beb8167ed661100787cb7a1d69bfb92c0a,add9d9eab7e3102d178bca9f910aa5a6f96246054db9e394aede165e3220cd81,fb59d26a240581d7c555501bde0d1d46199a17e55bda31d40e663b028e769680,2026-09-30T17:47:38Z
SubmitPartialDecryption,301,2e3eda9190da9607d898f6cd4c3cdaee65fe014fb07986636ae661ae46424208,451,537bb93c00ebe74345b14fc2945975beb8167ed661100787cb7a1d69bfb92c0a,add9d9eab7e3102d178bca9f910aa5a6f96246054db9e394aede165e3220cd81,fb59d26a240581d7c555501bde0d1d46199a17e55bda31d40e663b028e769680,2026-09-30T17:47:38Z
SubmitPartialDecryption,297,72821cd0a3eff75f1a2e1c81aadbd526cd0f7ad7eba475714e321b4c8144ba56,451,537bb93c00ebe74345b14fc2945975beb8167ed661100787cb7a1d69bfb92c0a,add9d9eab7e3102d178bca9f910aa5a6f96246054db9e394aede165e3220cd81,fb59d26a240581d7c555501bde0d1d46199a17e55bda31d40e663b028e769680,2026-09-30T17:47:38Z
SubmitPartialDecryption,292,082a6d837c17d03e1b355dee1d764f1031c0fa247837e462e5a2049c53b20188,451,537bb93c00ebe74345b14fc2945975beb8167ed661100787cb7a1d69bfb92c0a,add9d9eab7e3102d178bca9f910aa5a6f96246054db9e394aede165e3220cd81,fb59d26a240581d7c555501bde0d1d46199a17e55bda31d40e663b028e769680,2026-09-30T17:47:38Z
SubmitPartialDecryption,291,b027004b9b7b00d3d26c27e5032af7300c4d1714c9165cec231257d7de5af59d,451,537bb93c00ebe74345b14fc2945975beb8167ed661100787cb7a1d69bfb92c0a,add9d9eab7e3102d178bca9f910aa5a6f96246054db9e394aede165e3220cd81,fb59d26a240581d7c555501bde0d1d46199a17e55bda31d40e663b028e769680,2026-09-30T17:47:38Z
SubmitPartialDecryption,296,5f80d46b86d1a52efd0ab5986bd31a8fb109c8329c86936fa88601bd728719c5,451,537bb93c00ebe74345b14fc2945975beb8167ed661100787cb7a1d69bfb92c0a,add9d9eab7e3102d178bca9f910aa5a6f96246054db9e394aede165e3220cd81,fb59d26a240581d7c555501bde0d1d46199a17e55bda31d40e663b028e769680,2026-09-30T17:47:38Z
SubmitPartialDecryption,317,88ca23b9e271ac3f969ea499954c918beac2c0d0ef51967578952e36aaf06465,452,8282af17c9cd720ea87823a21af869ac4479ea3745df79e8a8771c273a744333,b5cd598ff019e6ff2398df939887c97051baefdb02fc85b98b58d47937f890fd,537bb93c00ebe74345b14fc2945975beb8167ed661100787cb7a1d69bfb92c0a,2026-09-30T17:47:41Z
SubmitPartialDecryption,315,dcffa6e4bfa8e348d249b01fab399a4d7ed5bc8e18bf5aeac6aee61838298cf3,452,8282af17c9cd720ea87823a21af869ac4479ea3745df79e8a8771c273a744333,b5cd598ff019e6ff2398df939887c97051baefdb02fc85b98b58d47937f890fd,537bb93c00ebe74345b14fc2945975beb8167ed661100787cb7a1d69bfb92c0a,2026-09-30T17:47:41Z
SubmitPartialDecryption,309,5fbdb78e4af8a8bafa8693778788ec5c8c03fc55a23d8ebb529cd4ffdadcee4b,452,8282af17c9cd720ea87823a21af869ac4479ea3745df79e8a8771c273a744333,b5cd598ff019e6ff2398df939887c97051baefdb02fc85b98b58d47937f890fd,537bb93c00ebe74345b14fc2945975beb8167ed661100787cb7a1d69bfb92c0a,2026-09-30T17:47:41Z
SubmitPartialDecryption,307,58fd956178e2b8a7ba90f98b8802c7f4280d0bd3985deb87e460a11ad9f4c4ef,452,8282af17c9cd720ea87823a21af869ac4479ea3745df79e8a8771c273a744333,b5cd598ff019e6ff2398df939887c97051baefdb02fc85b98b58d47937f890fd,537bb93c00ebe74345b14fc2945975beb8167ed661100787cb7a1d69bfb92c0a,2026-09-30T17:47:41Z
SubmitPartialDecryption,304,1ccd30e03eaec7b9b9a718b809dcd5f576fe53b88ec2b3a30ceee2a9247e20c6,452,8282af17c9cd720ea87823a21af869ac4479ea3745df79e8a8771c273a744333,b5cd598ff019e6ff2398df939887c97051baefdb02fc85b98b58d47937f890fd,537bb93c00ebe74345b14fc2945975beb8167ed661100787cb7a1d69bfb92c0a,2026-09-30T17:47:41Z
SubmitPartialDecryption,310,a9b3b80431e0d9b44bbf59172f337cdd1397d65c557a5da492636230432d5b09,452,8282af17c9cd720ea87823a21af869ac4479ea3745df79e8a8771c273a744333,b5cd598ff019e6ff2398df939887c97051baefdb02fc85b98b58d47937f890fd,537bb93c00ebe74345b14fc2945975beb8167ed661100787cb7a1d69bfb92c0a,2026-09-30T17:47:41Z
SubmitPartialDecryption,313,d6b5520ab15dc12f6d63ee78a95bec35b05d89201d73b7661536b234c7841be4,452,8282af17c9cd720ea87823a21af869ac4479ea3745df79e8a8771c273a744333,b5cd598ff019e6ff2398df939887c97051baefdb02fc85b98b58d47937f890fd,537bb93c00ebe74345b14fc2945975beb8167ed661100787cb7a1d69bfb92c0a,2026-09-30T17:47:41Z
SubmitPartialDecryption,305,95832564cecf5db19dbb49616924083060fddc87a6156b11669b5ae8c564e679,452,8282af17c9cd720ea87823a21af869ac4479ea3745df79e8a8771c273a744333,b5cd598ff019e6ff2398df939887c97051baefdb02fc85b98b58d47937f890fd,537bb93c00ebe74345b14fc2945975beb8167ed661100787cb7a1d69bfb92c0a,2026-09-30T17:47:41Z
SubmitPartialDecryption,316,6d6661317e71c2bf136aef408a22ce1572e1b721715cb4a8fbdf85430ce4ae42,452,8282af17c9cd720ea87823a21af869ac4479ea3745df79e8a8771c273a744333,b5cd598ff019e6ff2398df939887c97051baefdb02fc85b98b58d47937f890fd,537bb93c00ebe74345b14fc2945975beb8167ed661100787cb7a1d69bfb92c0a,2026-09-30T17:47:41Z
SubmitPartialDecryption,318,0b5df636acdc904e6d337b6809fe67bd000058f727e0f72177f29dca215dec51,452,8282af17c9cd720ea87823a21af869ac4479ea3745df79e8a8771c273a744333,b5cd598ff019e6ff2398df939887c97051baefdb02fc85b98b58d47937f890fd,537bb93c00ebe74345b14fc2945975beb8167ed661100787cb7a1d69bfb92c0a,2026-09-30T17:47:41Z
SubmitPartialDecryption,311,eb477fa7ad5265faaa8a9275b9f8554061b96f23286f354e3453fe841399759a,452,8282af17c9cd720ea87823a21af869ac4479ea3745df79e8a8771c273a744333,b5cd598ff019e6ff2398df939887c97051baefdb02fc85b98b58d47937f890fd,537bb93c00ebe74345b14fc2945975beb8167ed661100787cb7a1d69bfb92c0a,2026-09-30T17:47:41Z
SubmitPartialDecryption,319,2420f2ecea16e8dcba34c01e113e4586ce2cb8e423ae71e90d34a55dd961bd2d,452,8282af17c9cd720ea87823a21af869ac4479ea3745df79e8a8771c273a744333,b5cd598ff019e6ff2398df939887c97051baefdb02fc85b98b58d47937f890fd,537bb93c00ebe74345b14fc2945975beb8167ed661100787cb7a1d69bfb92c0a,2026-09-30T17:47:41Z
SubmitPartialDecryption,306,6c030e96e77af2e372bf0a1a0975fc88b0c2e85461504acf99c4b6a864ac23a2,452,8282af17c9cd720ea87823a21af869ac4479ea3745df79e8a8771c273a744333,b5cd598ff019e6ff2398df939887c97051baefdb02fc85b98b58d47937f890fd,537bb93c00ebe74345b14fc2945975beb8167ed661100787cb7a1d69bfb92c0a,2026-09-30T17:47:41Z
SubmitPartialDecryption,308,ecca9d0d531d36f3213d17ab97704e802ae9ae638ff2f2c7c3a2ed08ccd355e2,452,8282af17c9cd720ea87823a21af869ac4479ea3745df79e8a8771c273a744333,b5cd598ff019e6ff2398df939887c97051baefdb02fc85b98b58d47937f890fd,537bb93c00ebe74345b14fc2945975beb8167ed661100787cb7a1d69bfb92c0a,2026-09-30T17:47:41Z
SubmitPartialDecryption,314,a8082ef9369fff8b27a8e316235091bcdf5d6f6f97b42489456c36abd778c0cb,452,8282af17c9cd720ea87823a21af869ac4479ea3745df79e8a8771c273a744333,b5cd598ff019e6ff2398df939887c97051baefdb02fc85b98b58d47937f890fd,537bb93c00ebe74345b14fc2945975beb8167ed661100787cb7a1d69bfb92c0a,2026-09-30T17:47:41Z
SubmitPartialDecryption,312,bc863ab120387b0bb1549efa59fbe1e2f3982693df569083f1de34d99f94aae7,452,8282af17c9cd720ea87823a21af869ac4479ea3745df79e8a8771c273a744333,b5cd598ff019e6ff2398df939887c97051baefdb02fc85b98b58d47937f890fd,537bb93c00ebe74345b14fc2945975beb8167ed661100787cb7a1d69bfb92c0a,2026-09-30T17:47:41Z
SubmitPartialDecryption,320,369c2332ff96887f76bf73dc8db290a0c2ddaa357db73848ffb04101f4282796,453,117ebab0e9fc2380480d7ffbe65f1244e0ce222e42de135fa61a8c076d2ceebf,ca545d02c03329c6c8e13719145fc0a4494e719a13ca0994ff59a575ca0e8e37,8282af17c9cd720ea87823a21af869ac4479ea3745df79e8a8771c273a744333,2026-09-30T17:47:43Z
SubmitPartialDecryption,322,c0a9cec01a464f20a9200f76a39eebf69871c0ce8e7a4896f0d841d067681580,453,117ebab0e9fc2380480d7ffbe65f1244e0ce222e42de135fa61a8c076d2ceebf,ca545d02c03329c6c8e13719145fc0a4494e719a13ca0994ff59a575ca0e8e37,8282af17c9cd720ea87823a21af869ac4479ea3745df79e8a8771c273a744333,2026-09-30T17:47:43Z
SubmitPartialDecryption,335,c1af471c894a22e45d6df9370b7f8f7aca93684320ae853dd552eb32f948fc6e,453,117ebab0e9fc2380480d7ffbe65f1244e0ce222e42de135fa61a8c076d2ceebf,ca545d02c03329c6c8e13719145fc0a4494e719a13ca0994ff59a575ca0e8e37,8282af17c9cd720ea87823a21af869ac4479ea3745df79e8a8771c273a744333,2026-09-30T17:47:43Z
SubmitPartialDecryption,325,6cef169e42ae815ea5dd8f16cd1e52f6d8afe916cb00183ea721b5f5bafb25dc,453,117ebab0e9fc2380480d7ffbe65f1244e0ce222e42de135fa61a8c076d2ceebf,ca545d02c03329c6c8e13719145fc0a4494e719a13ca0994ff59a575ca0e8e37,8282af17c9cd720ea87823a21af869ac4479ea3745df79e8a8771c273a744333,2026-09-30T17:47:43Z
SubmitPartialDecryption,326,3519ffa5995a50f2d5193dd6ad3ff91356bf2185532d6d2d3fdbb207c54cdee9,453,117ebab0e9fc2380480d7ffbe65f1244e0ce222e42de135fa61a8c076d2ceebf,ca545d02c03329c6c8e13719145fc0a4494e719a13ca0994ff59a575ca0e8e37,8282af17c9cd720ea87823a21af869ac4479ea3745df79e8a8771c273a744333,2026-09-30T17:47:43Z
SubmitPartialDecryption,333,2c8487640ec55ab39b1b7c1ecb24fbeaa2679bccd971c39c7619fede0c1de136,453,117ebab0e9fc2380480d7ffbe65f1244e0ce222e42de135fa61a8c076d2ceebf,ca545d02c03329c6c8e13719145fc0a4494e719a13ca0994ff59a575ca0e8e37,8282af17c9cd720ea87823a21af869ac4479ea3745df79e8a8771c273a744333,2026-09-30T17:47:43Z
SubmitPartialDecryption,321,310f12bfd55f744b63cb4ba568fc3398e346a6e97c88941f4fa527b60bc12949,453,117ebab0e9fc2380480d7ffbe65f1244e0ce222e42de135fa61a8c076d2ceebf,ca545d02c03329c6c8e13719145fc0a4494e719a13ca0994ff59a575ca0e8e37,8282af17c9cd720ea87823a21af869ac4479ea3745df79e8a8771c273a744333,2026-09-30T17:47:43Z
SubmitPartialDecryption,329,534306cf05c06226724151878c50f21693a408c3ee9792138a1da30183b8c013,453,117ebab0e9fc2380480d7ffbe65f1244e0ce222e42de135fa61a8c076d2ceebf,ca545d02c03329c6c8e13719145fc0a4494e719a13ca0994ff59a575ca0e8e37,8282af17c9cd720ea87823a21af869ac4479ea3745df79e8a8771c273a744333,2026-09-30T17:47:43Z
SubmitPartialDecryption,331,32c1b8f453c8109f638ffbf5220b8f8fd02b7615dcdf362cb8452581ea7029d3,453,117ebab0e9fc2380480d7ffbe65f1244e0ce222e42de135fa61a8c076d2ceebf,ca545d02c03329c6c8e13719145fc0a4494e719a13ca0994ff59a575ca0e8e37,8282af17c9cd720ea87823a21af869ac4479ea3745df79e8a8771c273a744333,2026-09-30T17:47:43Z
SubmitPartialDecryption,324,b4994dc962c4c31b47e97c4de1e78a83e0c9e50769157be28abb93672e178aab,453,117ebab0e9fc2380480d7ffbe65f1244e0ce222e42de135fa61a8c076d2ceebf,ca545d02c03329c6c8e13719145fc0a4494e719a13ca0994ff59a575ca0e8e37,8282af17c9cd720ea87823a21af869ac4479ea3745df79e8a8771c273a744333,2026-09-30T17:47:43Z
SubmitPartialDecryption,330,2c49b5a9e8ff19fa6e73f2127d0f267fc3bfddb44d0b332d315a524edc01b9f3,453,117ebab0e9fc2380480d7ffbe65f1244e0ce222e42de135fa61a8c076d2ceebf,ca545d02c03329c6c8e13719145fc0a4494e719a13ca0994ff59a575ca0e8e37,8282af17c9cd720ea87823a21af869ac4479ea3745df79e8a8771c273a744333,2026-09-30T17:47:43Z
SubmitPartialDecryption,327,02cf5df96da1258df69de9d7bf092d889df5c2be5d16d5d750f59e607c45b031,453,117ebab0e9fc2380480d7ffbe65f1244e0ce222e42de135fa61a8c076d2ceebf,ca545d02c03329c6c8e13719145fc0a4494e719a13ca0994ff59a575ca0e8e37,8282af17c9cd720ea87823a21af869ac4479ea3745df79e8a8771c273a744333,2026-09-30T17:47:43Z
SubmitPartialDecryption,332,74e9acf0f8e7c0a87337f7345e62e7fa3b541672d72a1acbf19d559366251bd0,453,117ebab0e9fc2380480d7ffbe65f1244e0ce222e42de135fa61a8c076d2ceebf,ca545d02c03329c6c8e13719145fc0a4494e719a13ca0994ff59a575ca0e8e37,8282af17c9cd720ea87823a21af869ac4479ea3745df79e8a8771c273a744333,2026-09-30T17:47:43Z
SubmitPartialDecryption,328,6e59f5ce677fdcbe14b60d922d8847fe4348cea2af194a398646ad416e8ab030,453,117ebab0e9fc2380480d7ffbe65f1244e0ce222e42de135fa61a8c076d2ceebf,ca545d02c03329c6c8e13719145fc0a4494e719a13ca0994ff59a575ca0e8e37,8282af17c9cd720ea87823a21af869ac4479ea3745df79e8a8771c273a744333,2026-09-30T17:47:43Z
SubmitPartialDecryption,334,d7a92483ff0b35e2dca91ac226a8b88a4f16f1d62dc9b212e2a09ab70fd55891,453,117ebab0e9fc2380480d7ffbe65f1244e0ce222e42de135fa61a8c076d2ceebf,ca545d02c03329c6c8e13719145fc0a4494e719a13ca0994ff59a575ca0e8e37,8282af17c9cd720ea87823a21af869ac4479ea3745df79e8a8771c273a744333,2026-09-30T17:47:43Z
SubmitPartialDecryption,323,dc6e25ffccfc25c4eb5bdedd9c0acaaa62246240aecff877e372e6fa5e304d97,453,117ebab0e9fc2380480d7ffbe65f1244e0ce222e42de135fa61a8c076d2ceebf,ca545d02c03329c6c8e13719145fc0a4494e719a13ca0994ff59a575ca0e8e37,8282af17c9cd720ea87823a21af869ac4479ea3745df79e8a8771c273a744333,2026-09-30T17:47:43Z
SubmitPartialDecryption,345,5b0deb9513f65ccd66f98fb3bbd927e2a16ab4ef75554720ed7cd678b8368565,454,3e48f7ce905bdc99039be51d35619fea8d65d0e6926a2129d3721f19eacbc888,6b63b8c01cdecd99da823c0f8e70cb0bf102588efc50ea8dc2867e8ee723944e,117ebab0e9fc2380480d7ffbe65f1244e0ce222e42de135fa61a8c076d2ceebf,2026-09-30T17:47:45Z
SubmitPartialDecryption,342,f78c1273ccb253d2fa4beff6b3637c7d326efcccb1af3767408905fc9483f8b7,454,3e48f7ce905bdc99039be51d35619fea8d65d0e6926a2129d3721f19eacbc888,6b63b8c01cdecd99da823c0f8e70cb0bf102588efc50ea8dc2867e8ee723944e,117ebab0e9fc2380480d7ffbe65f1244e0ce222e42de135fa61a8c076d2ceebf,2026-09-30T17:47:45Z
SubmitPartialDecryption,343,455d64fa2fda61c147147215f142c4a1e86f7ac79f785640a62bb647e42c2b0d,454,3e48f7ce905bdc99039be51d35619fea8d65d0e6926a2129d3721f19eacbc888,6b63b8c01cdecd99da823c0f8e70cb0bf102588efc50ea8dc2867e8ee723944e,117ebab0e9fc2380480d7ffbe65f1244e0ce222e42de135fa61a8c076d2ceebf,2026-09-30T17:47:45Z
SubmitPartialDecryption,337,6dbe4c38d3f0eeb424baea84ddc8aaf3f07e50548da636cb73c1730b0cf893f1,454,3e48f7ce905bdc99039be51d35619fea8d65d0e6926a2129d3721f19eacbc888,6b63b8c01cdecd99da823c0f8e70cb0bf102588efc50ea8dc2867e8ee723944e,117ebab0e9fc2380480d7ffbe65f1244e0ce222e42de135fa61a8c076d2ceebf,2026-09-30T17:47:45Z
SubmitPartialDecryption,346,21a34f49f03ff08794a6ad45007408cb18f4461bd4979c77cda8d877adcb2f59,454,3e48f7ce905bdc99039be51d35619fea8d65d0e6926a2129d3721f19eacbc888,6b63b8c01cdecd99da823c0f8e70cb0bf102588efc50ea8dc2867e8ee723944e,117ebab0e9fc2380480d7ffbe65f1244e0ce222e42de135fa61a8c076d2ceebf,2026-09-30T17:47:45Z
SubmitPartialDecryption,349,136f2e9e9bebe4c97ef63faf998f2d68634c401e81928001d62bc614bc87301f,454,3e48f7ce905bdc99039be51d35619fea8d65d0e6926a2129d3721f19eacbc888,6b63b8c01cdecd99da823c0f8e70cb0bf102588efc50ea8dc2867e8ee723944e,117ebab0e9fc2380480d7ffbe65f1244e0ce222e42de135fa61a8c076d2ceebf,2026-09-30T17:47:45Z
SubmitPartialDecryption,341,ac3ac3a8ec07e8a9075b28fabbb1268f891dcdf8ae2a273b8546aaadf286d41d,454,3e48f7ce905bdc99039be51d35619fea8d65d0e6926a2129d3721f19eacbc888,6b63b8c01cdecd99da823c0f8e70cb0bf102588efc50ea8dc2867e8ee723944e,117ebab0e9fc2380480d7ffbe65f1244e0ce222e42de135fa61a8c076d2ceebf,2026-09-30T17:47:45Z
SubmitPartialDecryption,348,cf361eea9d5d9b32c9abd54ab779ab8fc2e446b330dabaa3236afc77182970da,454,3e48f7ce905bdc99039be51d35619fea8d65d0e6926a2129d3721f19eacbc888,6b63b8c01cdecd99da823c0f8e70cb0bf102588efc50ea8dc2867e8ee723944e,117ebab0e9fc2380480d7ffbe65f1244e0ce222e42de135fa61a8c076d2ceebf,2026-09-30T17:47:45Z
SubmitPartialDecryption,339,ca75b7252401d830b63b8e02cd6c41d5d2844c8511f59a7d8ac4f4f3dfa5c72c,454,3e48f7ce905bdc99039be51d35619fea8d65d0e6926a2129d3721f19eacbc888,6b63b8c01cdecd99da823c0f8e70cb0bf102588efc50ea8dc2867e8ee723944e,117ebab0e9fc2380480d7ffbe65f1244e0ce222e42de135fa61a8c076d2ceebf,2026-09-30T17:47:45Z
SubmitPartialDecryption,336,fa89487f333f73c638452bf107b4615f065a68d8c7783b10cedbe29bcca571ce,454,3e48f7ce905bdc99039be51d35619fea8d65d0e6926a2129d3721f19eacbc888,6b63b8c01cdecd99da823c0f8e70cb0bf102588efc50ea8dc2867e8ee723944e,117ebab0e9fc2380480d7ffbe65f1244e0ce222e42de135fa61a8c076d2ceebf,2026-09-30T17:47:45Z
SubmitPartialDecryption,350,e0f106d82e1d4b18929ef3d0b408177c1bd752b02a47d3798d5e0dface8c53e4,454,3e48f7ce905bdc99039be51d35619fea8d65d0e6926a2129d3721f19eacbc888,6b63b8c01cdecd99da823c0f8e70cb0bf102588efc50ea8dc2867e8ee723944e,117ebab0e9fc2380480d7ffbe65f1244e0ce222e42de135fa61a8c076d2ceebf,2026-09-30T17:47:45Z
SubmitPartialDecryption,347,640bdf2f6ad38460d1049e81ed4bd1a61e0857025b9417ef5338398fa80c889b,454,3e48f7ce905bdc99039be51d35619fea8d65d0e6926a2129d3721f19eacbc888,6b63b8c01cdecd99da823c0f8e70cb0bf102588efc50ea8dc2867e8ee723944e,117ebab0e9fc2380480d7ffbe65f1244e0ce222e42de135fa61a8c076d2ceebf,2026-09-30T17:47:45Z
SubmitPartialDecryption,338,aa0225f6199cc7adb05655337fdd6413c867eed08abf96d0a7a536d75870dd6d,454,3e48f7ce905bdc99039be51d35619fea8d65d0e6926a2129d3721f19eacbc888,6b63b8c01cdecd99da823c0f8e70cb0bf102588efc50ea8dc2867e8ee723944e,117ebab0e9fc2380480d7ffbe65f1244e0ce222e42de135fa61a8c076d2ceebf,2026-09-30T17:47:45Z
SubmitPartialDecryption,340,8e2ecd087f9e8cc2d76f2cc455206d5737422d10bd3777f6784ea1db46335f36,454,3e48f7ce905bdc99039be51d35619fea8d65d0e6926a2129d3721f19eacbc888,6b63b8c01cdecd99da823c0f8e70cb0bf102588efc50ea8dc2867e8ee723944e,117ebab0e9fc2380480d7ffbe65f1244e0ce222e42de135fa61a8c076d2ceebf,2026-09-30T17:47:45Z
SubmitPartialDecryption,344,3f568035afdfb4a8d752bc041475ea25ac929a2324e8892cb1802391bbeb9a43,454,3e48f7ce905bdc99039be51d35619fea8d65d0e6926a2129d3721f19eacbc888,6b63b8c01cdecd99da823c0f8e70cb0bf102588efc50ea8dc2867e8ee723944e,117ebab0e9fc2380480d7ffbe65f1244e0ce222e42de135fa61a8c076d2ceebf,2026-09-30T17:47:45Z
SubmitPartialDecryption,351,2dbc073631ee761529a5b7a55d4db84ff0f869cb2373111ee2df15abd314e8bb,454,3e48f7ce905bdc99039be51d35619fea8d65d0e6926a2129d3721f19eacbc888,6b63b8c01cdecd99da823c0f8e70cb0bf102588efc50ea8dc2867e8ee723944e,117ebab0e9fc2380480d7ffbe65f1244e0ce222e42de135fa61a8c076d2ceebf,2026-09-30T17:47:45Z
SubmitPartialDecryption,354,218178835e2a7bd5f672ed24752f5f89a99dd995e8c4026be0ce8690714ace4e,455,00576aa1563d84b08b2955ff6f7988aab60a7e61e71618ddb315de51286ceceb,c7f9dbd044fb5a566c9231b8fe504f0ff5395b43d5e109c9d5e85ce8d47f4648,3e48f7ce905bdc99039be51d35619fea8d65d0e6926a2129d3721f19eacbc888,2026-09-30T17:47:47Z
SubmitPartialDecryption,360,f98e7da75b5f63aecf308d63522e2f588614b52ed8564d42f47cf4fb72576d1f,455,00576aa1563d84b08b2955ff6f7988aab60a7e61e71618ddb315de51286ceceb,c7f9dbd044fb5a566c9231b8fe504f0ff5395b43d5e109c9d5e85ce8d47f4648,3e48f7ce905bdc99039be51d35619fea8d65d0e6926a2129d3721f19eacbc888,2026-09-30T17:47:47Z
SubmitPartialDecryption,367,6c13dc9168f9d18109cb1c06ec5ff7c734d47f59238cfe5168de2448e74cf354,455,00576aa1563d84b08b2955ff6f7988aab60a7e61e71618ddb315de51286ceceb,c7f9dbd044fb5a566c9231b8fe504f0ff5395b43d5e109c9d5e85ce8d47f4648,3e48f7ce905bdc99039be51d35619fea8d65d0e6926a2129d3721f19eacbc888,2026-09-30T17:47:47Z
SubmitPartialDecryption,352,a1093aa6f5c1fb76f9097a7b35c76f023d23a73f4895d74b4eb2c63b322ea867,455,00576aa1563d84b08b2955ff6f7988aab60a7e61e71618ddb315de51286ceceb,c7f9dbd044fb5a566c9231b8fe504f0ff5395b43d5e109c9d5e85ce8d47f4648,3e48f7ce905bdc99039be51d35619fea8d65d0e6926a2129d3721f19eacbc888,2026-09-30T17:47:47Z
SubmitPartialDecryption,364,eda55e0e0123d083431c11ab3740ed8aa79336f8cca25f831e78ce88f472f94f,455,00576aa1563d84b08b2955ff6f7988aab60a7e61e71618ddb315de51286ceceb,c7f9dbd044fb5a566c9231b8fe504f0ff5395b43d5e109c9d5e85ce8d47f4648,3e48f7ce905bdc99039be51d35619fea8d65d0e6926a2129d3721f19eacbc888,2026-09-30T17:47:47Z
SubmitPartialDecryption,355,2a157301bd61704a8ec1174943faa394d8bcccdd2ef09a745748d5879f27b257,455,00576aa1563d84b08b2955ff6f7988aab60a7e61e71618ddb315de51286ceceb,c7f9dbd044fb5a566c9231b8fe504f0ff5395b43d5e109c9d5e85ce8d47f4648,3e48f7ce905bdc99039be51d35619fea8d65d0e6926a2129d3721f19eacbc888,2026-09-30T17:47:47Z
SubmitPartialDecryption,357,54eef4bf9db0d0843017c0802cb67eb4b7ed38a0b4efbd1d4d7a140dac2df51b,455,00576aa1563d84b08b2955ff6f7988aab60a7e61e71618ddb315de51286ceceb,c7f9dbd044fb5a566c9231b8fe504f0ff5395b43d5e109c9d5e85ce8d47f4648,3e48f7ce905bdc99039be51d35619fea8d65d0e6926a2129d3721f19eacbc888,2026-09-30T17:47:47Z
SubmitPartialDecryption,363,8e3662ffb71306ff97fb472519b2382269fe4be4c54b49a27fb6508a68fbb415,455,00576aa1563d84b08b2955ff6f7988aab60a7e61e71618ddb315de51286ceceb,c7f9dbd044fb5a566c9231b8fe504f0ff5395b43d5e109c9d5e85ce8d47f4648,3e48f7ce905bdc99039be51d35619fea8d65d0e6926a2129d3721f19eacbc888,2026-09-30T17:47:47Z
SubmitPartialDecryption,365,5a390b03abad16bef98aec3607f17d166572cc210beb6c608dfa694ab0b3eacd,455,00576aa1563d84b08b2955ff6f7988aab60a7e61e71618ddb315de51286ceceb,c7f9dbd044fb5a566c9231b8fe504f0ff5395b43d5e109c9d5e85ce8d47f4648,3e48f7ce905bdc99039be51d35619fea8d65d0e6926a2129d3721f19eacbc888,2026-09-30T17:47:47Z
SubmitPartialDecryption,362,e2a888117ca8d245f0f4bc7556a55c702b0131900ffb1aee49487c5d3bacc9c6,455,00576aa1563d84b08b2955ff6f7988aab60a7e61e71618ddb315de51286ceceb,c7f9dbd044fb5a566c9231b8fe504f0ff5395b43d5e109c9d5e85ce8d47f4648,3e48f7ce905bdc99039be51d35619fea8d65d0e6926a2129d3721f19eacbc888,2026-09-30T17:47:47Z
SubmitPartialDecryption,356,acbaaab4454e8f65279026e5d11b395198f49a624f6cc6a6f7a8c25d33a10780,455,00576aa1563d84b08b2955ff6f7988aab60a7e61e71618ddb315de51286ceceb,c7f9dbd044fb5a566c9231b8fe504f0ff5395b43d5e109c9d5e85ce8d47f4648,3e48f7ce905bdc99039be51d35619fea8d65d0e6926a2129d3721f19eacbc888,2026-09-30T17:47:47Z
SubmitPartialDecryption,361,8c8b2f0935ad12e30acdd7d9441c51de07d4881ad532f7450e83bfddd6fdce31,455,00576aa1563d84b08b2955ff6f7988aab60a7e61e71618ddb315de51286ceceb,c7f9dbd044fb5a566c9231b8fe504f0ff5395b43d5e109c9d5e85ce8d47f4648,3e48f7ce905bdc99039be51d35619fea8d65d0e6926a2129d3721f19eacbc888,2026-09-30T17:47:47Z
SubmitPartialDecryption,353,db40aacff7f912379fa64845e9da15d5254c80471e1e6751552de8a72899569e,455,00576aa1563d84b08b2955ff6f7988aab60a7e61e71618ddb315de51286ceceb,c7f9dbd044fb5a566c9231b8fe504f0ff5395b43d5e109c9d5e85ce8d47f4648,3e48f7ce905bdc99039be51d35619fea8d65d0e6926a2129d3721f19eacbc888,2026-09-30T17:47:47Z
SubmitPartialDecryption,359,8a129bffb432560de8572ed3e395fd35ac300c5571a55166c1c0cf0b7505b8e1,455,00576aa1563d84b08b2955ff6f7988aab60a7e61e71618ddb315de51286ceceb,c7f9dbd044fb5a566c9231b8fe504f0ff5395b43d5e109c9d5e85ce8d47f4648,3e48f7ce905bdc99039be51d35619fea8d65d0e6926a2129d3721f19eacbc888,2026-09-30T17:47:47Z
SubmitPartialDecryption,358,0a82dccfb43ea4f55d311fd43b18981803aea3489c34722353dbe8cd001c2a5d,455,00576aa1563d84b08b2955ff6f7988aab60a7e61e71618ddb315de51286ceceb,c7f9dbd044fb5a566c9231b8fe504f0ff5395b43d5e109c9d5e85ce8d47f4648,3e48f7ce905bdc99039be51d35619fea8d65d0e6926a2129d3721f19eacbc888,2026-09-30T17:47:47Z
SubmitPartialDecryption,366,8f6fa8c9e981c56e63a724195d848a80fbf717fffaf0db0f35fddbf927b2dba4,455,00576aa1563d84b08b2955ff6f7988aab60a7e61e71618ddb315de51286ceceb,c7f9dbd044fb5a566c9231b8fe504f0ff5395b43d5e109c9d5e85ce8d47f4648,3e48f7ce905bdc99039be51d35619fea8d65d0e6926a2129d3721f19eacbc888,2026-09-30T17:47:47Z
SubmitPartialDecryption,378,9a3b8500c6c9a6b38109e0e5ad68456ec24c88934647a72ab3e64fcbc81e5597,456,099f8026df998ce707503bae15d28138f9e6b0cde0e10f6a2f19b4842be27c35,4de2a4c23776185d70881dafb81f793e90bcee67dc4caba5a1592e1b49d1c345,00576aa1563d84b08b2955ff6f7988aab60a7e61e71618ddb315de51286ceceb,2026-09-30T17:47:49Z
SubmitPartialDecryption,375,9fba5ccf8f314db7c216c12a78497541f666a4cf378a3703043c0522307f7ba4,456,099f8026df998ce707503bae15d28138f9e6b0cde0e10f6a2f19b4842be27c35,4de2a4c23776185d70881dafb81f793e90bcee67dc4caba5a1592e1b49d1c345,00576aa1563d84b08b2955ff6f7988aab60a7e61e71618ddb315de51286ceceb,2026-09-30T17:47:49Z
SubmitPartialDecryption,368,085f7de53a28caf37b5eeb8136eb1c2fbd527a1663b4ed4cde331cc407fd96c5,456,099f8026df998ce707503bae15d28138f9e6b0cde0e10f6a2f19b4842be27c35,4de2a4c23776185d70881dafb81f793e90bcee67dc4caba5a1592e1b49d1c345,00576aa1563d84b08b2955ff6f7988aab60a7e61e71618ddb315de51286ceceb,2026-09-30T17:47:49Z
SubmitPartialDecryption,383,b155023188a67c8d4250450361c87e5d13b1ec9c9c52090a5559a00e7112fe76,456,099f8026df998ce707503bae15d28138f9e6b0cde0e10f6a2f19b4842be27c35,4de2a4c23776185d70881dafb81f793e90bcee67dc4caba5a1592e1b49d1c345,00576aa1563d84b08b2955ff6f7988aab60a7e61e71618ddb315de51286ceceb,2026-09-30T17:47:49Z
SubmitPartialDecryption,380,8df87dfe2b69b0dcfa3400de3d6e7fa7fd50aa2dd1414fe39752f3a28b8f1149,456,099f8026df998ce707503bae15d28138f9e6b0cde0e10f6a2f19b4842be27c35,4de2a4c23776185d70881dafb81f793e90bcee67dc4caba5a1592e1b49d1c345,00576aa1563d84b08b2955ff6f7988aab60a7e61e71618ddb315de51286ceceb,2026-09-30T17:47:49Z
SubmitPartialDecryption,370,48252faf3c44e7e94e97f67110cee578b113f21242b9dc2e11a762be101cf458,456,099f8026df998ce707503bae15d28138f9e6b0cde0e10f6a2f19b4842be27c35,4de2a4c23776185d70881dafb81f793e90bcee67dc4caba5a1592e1b49d1c345,00576aa1563d84b08b2955ff6f7988aab60a7e61e71618ddb315de51286ceceb,2026-09-30T17:47:49Z
SubmitPartialDecryption,377,e8a10c8840b226dc10ff3681d3187c23bdddea5bd0b3759ad3b0685a2a2509c5,456,099f8026df998ce707503bae15d28138f9e6b0cde0e10f6a2f19b4842be27c35,4de2a4c23776185d70881dafb81f793e90bcee67dc4caba5a1592e1b49d1c345,00576aa1563d84b08b2955ff6f7988aab60a7e61e71618ddb315de51286ceceb,2026-09-30T17:47:49Z
SubmitPartialDecryption,382,2dbc0baa58023b925a6646bd52872b40f4b2bd0496fa2dc19f2440f2e58da86a,456,099f8026df998ce707503bae15d28138f9e6b0cde0e10f6a2f19b4842be27c35,4de2a4c23776185d70881dafb81f793e90bcee67dc4caba5a1592e1b49d1c345,00576aa1563d84b08b2955ff6f7988aab60a7e61e71618ddb315de51286ceceb,2026-09-30T17:47:49Z
SubmitPartialDecryption,376,318feae077ed10bbe915e81beb04b7dca8efc97de4a5d5caa3e7fe76aff63c36,456,099f8026df998ce707503bae15d28138f9e6b0cde0e10f6a2f19b4842be27c35,4de2a4c23776185d70881dafb81f793e90bcee67dc4caba5a1592e1b49d1c345,00576aa1563d84b08b2955ff6f7988aab60a7e61e71618ddb315de51286ceceb,2026-09-30T17:47:49Z
SubmitPartialDecryption,369,a7508f9cb110b78e29cade25395d3b1da67fa585e89cecbb2d82aa11cf5a731a,456,099f8026df998ce707503bae15d28138f9e6b0cde0e10f6a2f19b4842be27c35,4de2a4c23776185d70881dafb81f793e90bcee67dc4caba5a1592e1b49d1c345,00576aa1563d84b08b2955ff6f7988aab60a7e61e71618ddb315de51286ceceb,2026-09-30T17:47:49Z
SubmitPartialDecryption,379,fa6f615ff1fa8ff53dbc2d851ab725dcff4068d8534dd81ac1c20b88325c55cd,456,099f8026df998ce707503bae15d28138f9e6b0cde0e10f6a2f19b4842be27c35,4de2a4c23776185d70881dafb81f793e90bcee67dc4caba5a1592e1b49d1c345,00576aa1563d84b08b2955ff6f7988aab60a7e61e71618ddb315de51286ceceb,2026-09-30T17:47:49Z
SubmitPartialDecryption,373,cb852d4b6090e2167b11158e60b14f10fe982b528058518af44441d6cb2a7c9a,456,099f8026df998ce707503bae15d28138f9e6b0cde0e10f6a2f19b4842be27c35,4de2a4c23776185d70881dafb81f793e90bcee67dc4caba5a1592e1b49d1c345,00576aa1563d84b08b2955ff6f7988aab60a7e61e71618ddb315de51286ceceb,2026-09-30T17:47:49Z
SubmitPartialDecryption,371,a017063cd265a96c0d8f8cfa093c6cef6d1572f1ee4c9d4be811d653ad800022,456,099f8026df998ce707503bae15d28138f9e6b0cde0e10f6a2f19b4842be27c35,4de2a4c23776185d70881dafb81f793e90bcee67dc4caba5a1592e1b49d1c345,00576aa1563d84b08b2955ff6f7988aab60a7e61e71618ddb315de51286ceceb,2026-09-30T17:47:49Z
SubmitPartialDecryption,372,fa9fed619b7aaa4d2b50d016e249fcada48cdcdddf7a6455f1e54bb1d88fe55a,456,099f8026df998ce707503bae15d28138f9e6b0cde0e10f6a2f19b4842be27c35,4de2a4c23776185d70881dafb81f793e90bcee67dc4caba5a1592e1b49d1c345,00576aa1563d84b08b2955ff6f7988aab60a7e61e71618ddb315de51286ceceb,2026-09-30T17:47:49Z
SubmitPartialDecryption,381,98b033e1cca88ecabe4408695ce10eee8bbd4456291450f55f088feec57fed97,456,099f8026df998ce707503bae15d28138f9e6b0cde0e10f6a2f19b4842be27c35,4de2a4c23776185d70881dafb81f793e90bcee67dc4caba5a1592e1b49d1c345,00576aa1563d84b08b2955ff6f7988aab60a7e61e71618ddb315de51286ceceb,2026-09-30T17:47:49Z
SubmitPartialDecryption,374,5adb682b68114db9b568c95db44a00c7b50abda6b0fc1b7d7e709ef36aa9ed65,456,099f8026df998ce707503bae15d28138f9e6b0cde0e10f6a2f19b4842be27c35,4de2a4c23776185d70881dafb81f793e90bcee67dc4caba5a1592e1b49d1c345,00576aa1563d84b08b2955ff6f7988aab60a7e61e71618ddb315de51286ceceb,2026-09-30T17:47:49Z
SubmitPartialDecryption,394,e1212816c912fbb6d2ad20ac2f42a7764b230be1c669597f20917fe6414bbbb7,457,c69dc3632136a401a22571a47621593dcccde023a75292c3870b0fcf60f45a56,e5b06554b08f92f1ad04e852dec6b0250365e76f0e69c9bb72a065e4144877fc,099f8026df998ce707503bae15d28138f9e6b0cde0e10f6a2f19b4842be27c35,2026-09-30T17:47:51Z
SubmitPartialDecryption,390,100b3374b8b790f712a1ee5d36e78fbb166c27012fb70406ae95476b2b0bdeb7,457,c69dc3632136a401a22571a47621593dcccde023a75292c3870b0fcf60f45a56,e5b06554b08f92f1ad04e852dec6b0250365e76f0e69c9bb72a065e4144877fc,099f8026df998ce707503bae15d28138f9e6b0cde0e10f6a2f19b4842be27c35,2026-09-30T17:47:51Z
SubmitPartialDecryption,398,bc58b52c2af577f9252d1d5175af2fb158b61708cde452aabc10039a84b5883d,457,c69dc3632136a401a22571a47621593dcccde023a75292c3870b0fcf60f45a56,e5b06554b08f92f1ad04e852dec6b0250365e76f0e69c9bb72a065e4144877fc,099f8026df998ce707503bae15d28138f9e6b0cde0e10f6a2f19b4842be27c35,2026-09-30T17:47:51Z
SubmitPartialDecryption,395,b456f825347d28dfec7c94da14b50f234f53b88730ae471eb70151cd54401121,457,c69dc3632136a401a22571a47621593dcccde023a75292c3870b0fcf60f45a56,e5b06554b08f92f1ad04e852dec6b0250365e76f0e69c9bb72a065e4144877fc,099f8026df998ce707503bae15d28138f9e6b0cde0e10f6a2f19b4842be27c35,2026-09-30T17:47:51Z
SubmitPartialDecryption,389,e64676d3ebe3efc9a8fcc1fec6a05e268750ac6be531843b1f18a5dc0e64aaa2,457,c69dc3632136a401a22571a47621593dcccde023a75292c3870b0fcf60f45a56,e5b06554b08f92f1ad04e852dec6b0250365e76f0e69c9bb72a065e4144877fc,099f8026df998ce707503bae15d28138f9e6b0cde0e10f6a2f19b4842be27c35,2026-09-30T17:47:51Z
SubmitPartialDecryption,397,dc967280ca220e03633914a48a40f835f946ba89d6dc2ca1e78a06cfc430e4e8,457,c69dc3632136a401a22571a47621593dcccde023a75292c3870b0fcf60f45a56,e5b06554b08f92f1ad04e852dec6b0250365e76f0e69c9bb72a065e4144877fc,099f8026df998ce707503bae15d28138f9e6b0cde0e10f6a2f19b4842be27c35,2026-09-30T17:47:51Z
SubmitPartialDecryption,385,32621c6b0e64ef3150fdffabf9e5894703e51fc097d452fe99057b4a3a10fd1c,457,c69dc3632136a401a22571a47621593dcccde023a75292c3870b0fcf60f45a56,e5b06554b08f92f1ad04e852dec6b0250365e76f0e69c9bb72a065e4144877fc,099f8026df998ce707503bae15d28138f9e6b0cde0e10f6a2f19b4842be27c35,2026-09-30T17:47:51Z
SubmitPartialDecryption,399,4b457ead7ba7af20030a5f6a86fd51234941f651a0b190de7c2533332a091234,457,c69dc3632136a401a22571a47621593dcccde023a75292c3870b0fcf60f45a56,e5b06554b08f92f1ad04e852dec6b0250365e76f0e69c9bb72a065e4144877fc,099f8026df998ce707503bae15d28138f9e6b0cde0e10f6a2f19b4842be27c35,2026-09-30T17:47:51Z
SubmitPartialDecryption,393,367e350b811260677f836336db6ede451b889b2f10bdaeead41fc30eba2915ac,457,c69dc3632136a401a22571a47621593dcccde023a75292c3870b0fcf60f45a56,e5b06554b08f92f1ad04e852dec6b0250365e76f0e69c9bb72a065e4144877fc,099f8026df998ce707503bae15d28138f9e6b0cde0e10f6a2f19b4842be27c35,2026-09-30T17:47:51Z
SubmitPartialDecryption,386,e843e9ce0f89903e6a9a681377fa492f36a9094f52071dedb184b603d53ef076,457,c69dc3632136a401a22571a47621593dcccde023a75292c3870b0fcf60f45a56,e5b06554b08f92f1ad04e852dec6b0250365e76f0e69c9bb72a065e4144877fc,099f8026df998ce707503bae15d28138f9e6b0cde0e10f6a2f19b4842be27c35,2026-09-30T17:47:51Z
SubmitPartialDecryption,396,c64699b0f9ccd5b278d229df0012c86cb59f938a7486ada0a5c3c30095b24e0c,457,c69dc3632136a401a22571a47621593dcccde023a75292c3870b0fcf60f45a56,e5b06554b08f92f1ad04e852dec6b0250365e76f0e69c9bb72a065e4144877fc,099f8026df998ce707503bae15d28138f9e6b0cde0e10f6a2f19b4842be27c35,2026-09-30T17:47:51Z
SubmitPartialDecryption,391,83ac9fc593df0faa12a7394c0945399587dff330c3f1c1f65ba42c4b561d0842,457,c69dc3632136a401a22571a47621593dcccde023a75292c3870b0fcf60f45a56,e5b06554b08f92f1ad04e852dec6b0250365e76f0e69c9bb72a065e4144877fc,099f8026df998ce707503bae15d28138f9e6b0cde0e10f6a2f19b4842be27c35,2026-09-30T17:47:51Z
SubmitPartialDecryption,388,103b203fd85dee1ff8f869c6c517b9cab8d0e070f1dec811a141e6f6277b6948,457,c69dc3632136a401a22571a47621593dcccde023a75292c3870b0fcf60f45a56,e5b06554b08f92f1ad04e852dec6b0250365e76f0e69c9bb72a065e4144877fc,099f8026df998ce707503bae15d28138f9e6b0cde0e10f6a2f19b4842be27c35,2026-09-30T17:47:51Z
SubmitPartialDecryption,387,13d0ab2abdd5efdd9c438988ad89ca325edbad3a123a87bee36e135e9bd240e7,457,c69dc3632136a401a22571a47621593dcccde023a75292c3870b0fcf60f45a56,e5b06554b08f92f1ad04e852dec6b0250365e76f0e69c9bb72a065e4144877fc,099f8026df998ce707503bae15d28138f9e6b0cde0e10f6a2f19b4842be27c35,2026-09-30T17:47:51Z
SubmitPartialDecryption,392,76e4d8e7c7af19c89a4c6fa4dffdeb02419d0307c51a1616920a9c54311d1d7c,457,c69dc3632136a401a22571a47621593dcccde023a75292c3870b0fcf60f45a56,e5b06554b08f92f1ad04e852dec6b0250365e76f0e69c9bb72a065e4144877fc,099f8026df998ce707503bae15d28138f9e6b0cde0e10f6a2f19b4842be27c35,2026-09-30T17:47:51Z
SubmitPartialDecryption,384,d7fe1e38029115c389d970d8a270940d34d9510836b5140741b9d4b41b36be07,457,c69dc3632136a401a22571a47621593dcccde023a75292c3870b0fcf60f45a56,e5b06554b08f92f1ad04e852dec6b0250365e76f0e69c9bb72a065e4144877fc,099f8026df998ce707503bae15d28138f9e6b0cde0e10f6a2f19b4842be27c35,2026-09-30T17:47:51Z
SubmitPartialDecryption,407,2f83d008335ccef8a41734c53085cf62fe5a5e545d55c9156aab58c9c47c15ae,458,721e3d90ba06bd2aedd71842cf3c3eb9e444c6986b57d0eb368a5ea6c49d7674,1a190f245dec00d223a9353d036a6b63466951576ff645bbf4c4b7cd0607cb96,c69dc3632136a401a22571a47621593dcccde023a75292c3870b0fcf60f45a56,2026-09-30T17:47:53Z
SubmitPartialDecryption,412,c7917fb9d2fac42452adc7e0bd63a0dc6de871900675a667b85e816a2ece6574,458,721e3d90ba06bd2aedd71842cf3c3eb9e444c6986b57d0eb368a5ea6c49d7674,1a190f245dec00d223a9353d036a6b63466951576ff645bbf4c4b7cd0607cb96,c69dc3632136a401a22571a47621593dcccde023a75292c3870b0fcf60f45a56,2026-09-30T17:47:53Z
SubmitPartialDecryption,406,f591e0a8f329bcef428f493ec9ff4d47c178668bf4d7379c0fe3dcb90c1435d4,458,721e3d90ba06bd2aedd71842cf3c3eb9e444c6986b57d0eb368a5ea6c49d7674,1a190f245dec00d223a9353d036a6b63466951576ff645bbf4c4b7cd0607cb96,c69dc3632136a401a22571a47621593dcccde023a75292c3870b0fcf60f45a56,2026-09-30T17:47:53Z
SubmitPartialDecryption,404,8dbefa77ae281cd9db9bf8f45da8affe8ba5ebe704f374a549a5f8c5e461cdbb,458,721e3d90ba06bd2aedd71842cf3c3eb9e444c6986b57d0eb368a5ea6c49d7674,1a190f245dec00d223a9353d036a6b63466951576ff645bbf4c4b7cd0607cb96,c69dc3632136a401a22571a47621593dcccde023a75292c3870b0fcf60f45a56,2026-09-30T17:47:53Z
SubmitPartialDecryption,403,626b0d908c7ab535c11077998b57e7278be72efcf4b8d1b1a3c8d4d599e689cb,458,721e3d90ba06bd2aedd71842cf3c3eb9e444c6986b57d0eb368a5ea6c49d7674,1a190f245dec00d223a9353d036a6b63466951576ff645bbf4c4b7cd0607cb96,c69dc3632136a401a22571a47621593dcccde023a75292c3870b0fcf60f45a56,2026-09-30T17:47:53Z
SubmitPartialDecryption,415,ab313d5862e3d4bebd456a7d53d714b56f07e00ec2328de4e4e9a028f8ab5525,458,721e3d90ba06bd2aedd71842cf3c3eb9e444c6986b57d0eb368a5ea6c49d7674,1a190f245dec00d223a9353d036a6b63466951576ff645bbf4c4b7cd0607cb96,c69dc3632136a401a22571a47621593dcccde023a75292c3870b0fcf60f45a56,2026-09-30T17:47:53Z
SubmitPartialDecryption,402,1148c481416983fc2e019a94ee53bc540ef43e6f2cb1865802743f81c3f35502,458,721e3d90ba06bd2aedd71842cf3c3eb9e444c6986b57d0eb368a5ea6c49d7674,1a190f245dec00d223a9353d036a6b63466951576ff645bbf4c4b7cd0607cb96,c69dc3632136a401a22571a47621593dcccde023a75292c3870b0fcf60f45a56,2026-09-30T17:47:53Z
SubmitPartialDecryption,401,18cbe7692cb54712f90d2db9c488a2662de158fc0977098ac35342e861aa58a4,458,721e3d90ba06bd2aedd71842cf3c3eb9e444c6986b57d0eb368a5ea6c49d7674,1a190f245dec00d223a9353d036a6b63466951576ff645bbf4c4b7cd0607cb96,c69dc3632136a401a22571a47621593dcccde023a75292c3870b0fcf60f45a56,2026-09-30T17:47:53Z
SubmitPartialDecryption,409,e1c2ec12ce430c75fbf75c7f3eaccee7f0ece320976b0c451566e23eb2631510,458,721e3d90ba06bd2aedd71842cf3c3eb9e444c6986b57d0eb368a5ea6c49d7674,1a190f245dec00d223a9353d036a6b63466951576ff645bbf4c4b7cd0607cb96,c69dc3632136a401a22571a47621593dcccde023a75292c3870b0fcf60f45a56,2026-09-30T17:47:53Z
SubmitPartialDecryption,413,a9f04032208eeb0ec72dbda0091a4d68eefea3f939885157f8c56d05c8af7d30,458,721e3d90ba06bd2aedd71842cf3c3eb9e444c6986b57d0eb368a5ea6c49d7674,1a190f245dec00d223a9353d036a6b63466951576ff645bbf4c4b7cd0607cb96,c69dc3632136a401a22571a47621593dcccde023a75292c3870b0fcf60f45a56,2026-09-30T17:47:53Z
SubmitPartialDecryption,414,4bf996d4017296bbd521dea2321cc6adbda498fc32064ea45b68fba1c2d4350c,458,721e3d90ba06bd2aedd71842cf3c3eb9e444c6986b57d0eb368a5ea6c49d7674,1a190f245dec00d223a9353d036a6b63466951576ff645bbf4c4b7cd0607cb96,c69dc3632136a401a22571a47621593dcccde023a75292c3870b0fcf60f45a56,2026-09-30T17:47:53Z
SubmitPartialDecryption,411,88bcfc62655a8500e06f75685b6e39daa07cd9208348627ce2ee3e06072ffab1,458,721e3d90ba06bd2aedd71842cf3c3eb9e444c6986b57d0eb368a5ea6c49d7674,1a190f245dec00d223a9353d036a6b63466951576ff645bbf4c4b7cd0607cb96,c69dc3632136a401a22571a47621593dcccde023a75292c3870b0fcf60f45a56,2026-09-30T17:47:53Z
SubmitPartialDecryption,405,7a058145c4053b5b8cf737739189872a8aab75e07a8762ee3d6e6daa1eaf5525,458,721e3d90ba06bd2aedd71842cf3c3eb9e444c6986b57d0eb368a5ea6c49d7674,1a190f245dec00d223a9353d036a6b63466951576ff645bbf4c4b7cd0607cb96,c69dc3632136a401a22571a47621593dcccde023a75292c3870b0fcf60f45a56,2026-09-30T17:47:53Z
SubmitPartialDecryption,410,2e80c0a6dcb0196c75294c22f4e003a208c0109865f24df428a0bec59d372316,458,721e3d90ba06bd2aedd71842cf3c3eb9e444c6986b57d0eb368a5ea6c49d7674,1a190f245dec00d223a9353d036a6b63466951576ff645bbf4c4b7cd0607cb96,c69dc3632136a401a22571a47621593dcccde023a75292c3870b0fcf60f45a56,2026-09-30T17:47:53Z
SubmitPartialDecryption,408,6676e52a26b8db2ee2390d9b7511a66fe14e982aaa9dc131f1f7b1cb85d10d35,458,721e3d90ba06bd2aedd71842cf3c3eb9e444c6986b57d0eb368a5ea6c49d7674,1a190f245dec00d223a9353d036a6b63466951576ff645bbf4c4b7cd0607cb96,c69dc3632136a401a22571a47621593dcccde023a75292c3870b0fcf60f45a56,2026-09-30T17:47:53Z
SubmitPartialDecryption,400,0757a58ecc486ed14ff0d70b9cf2e9c0abe563d1737a62ab915d193fac1a2b0c,458,721e3d90ba06bd2aedd71842cf3c3eb9e444c6986b57d0eb368a5ea6c49d7674,1a190f245dec00d223a9353d036a6b63466951576ff645bbf4c4b7cd0607cb96,c69dc3632136a401a22571a47621593dcccde023a75292c3870b0fcf60f45a56,2026-09-30T17:47:53Z
SubmitPartialDecryption,416,ab18452c32e84a80e1fe8be58cfb72596bb1fc467752f50612922ce3f01d1de9,459,48ec6d2b2120266e64f6b199e9007b20a5b9f727f20522075d3395de65bfc655,e458df68f3de135b1c1dd5c8faf918f83ede9fdc7f57ee5213aa7626ae47ad9d,721e3d90ba06bd2aedd71842cf3c3eb9e444c6986b57d0eb368a5ea6c49d7674,2026-09-30T17:47:55Z
SubmitPartialDecryption,419,b1d42f9eb09f23466da365c5d662c65a76271c9b905cc8d8c6fb59dd9e06c82c,459,48ec6d2b2120266e64f6b199e9007b20a5b9f727f20522075d3395de65bfc655,e458df68f3de135b1c1dd5c8faf918f83ede9fdc7f57ee5213aa7626ae47ad9d,721e3d90ba06bd2aedd71842cf3c3eb9e444c6986b57d0eb368a5ea6c49d7674,2026-09-30T17:47:55Z
SubmitPartialDecryption,417,0773338d104880fbc7d6fcad1e4bc62d190f7ac279a4ab1cff3988d4bcee1eef,459,48ec6d2b2120266e64f6b199e9007b20a5b9f727f20522075d3395de65bfc655,e458df68f3de135b1c1dd5c8faf918f83ede9fdc7f57ee5213aa7626ae47ad9d,721e3d90ba06bd2aedd71842cf3c3eb9e444c6986b57d0eb368a5ea6c49d7674,2026-09-30T17:47:55Z
SubmitPartialDecryption,418,1a031e947215cf2cb47ce2c8a1b6695902e02fc766e9cc747d4c23b29f160a86,459,48ec6d2b2120266e64f6b199e9007b20a5b9f727f20522075d3395de65bfc655,e458df68f3de135b1c1dd5c8faf918f83ede9fdc7f57ee5213aa7626ae47ad9d,721e3d90ba06bd2aedd71842cf3c3eb9e444c6986b57d0eb368a5ea6c49d7674,2026-09-30T17:47:55Z
PublishTally,,01cc3c80524cde3063c0c044d9dde03a22f5b5e98c6fda9ae7a6a4941103d9bf,460,ca71a563f5907ff46d4c14bed2e3f8c9a0562aae1107496f1462e895da4619a4,a15492231a1feff07bb32c885847968834166f83a39b8623ded11b3a5ce52c17,48ec6d2b2120266e64f6b199e9007b20a5b9f727f20522075d3395de65bfc655,2026-09-30T17:47:57Z
