event,ref,tx_id,block_number,block_hash,data_hash,previous_hash,timestamp
CreateElection,,5b6bb65b09317ab416b1438fd2983f4a76a250abad986d98daa406d657709531,461,66f6fe589adfed0933444cec83df00bbcc01b85ea310d6a46f080bcf55c1a8a2,370d5ad5376b31e23c2af952816bd65cad301da52ffe63f9cc92c318db9a55dc,ca71a563f5907ff46d4c14bed2e3f8c9a0562aae1107496f1462e895da4619a4,2026-09-30T17:48:17Z
PublishDKGTranscript,,eff977f24ead5998e0979132d4a42757f64c63f182eac36f1cccf70398f2f141,462,e0a1c5d2deaeb0288b3ab124953d78dc9ea50ccf9f493c2d045e93093636028b,dc07059338e513199cfefb345879bd7c0adc88310b6c8421f76cdde867322bb2,66f6fe589adfed0933444cec83df00bbcc01b85ea310d6a46f080bcf55c1a8a2,2026-09-30T17:48:19Z
CloseElection,,3a867b7bbad4c38998b7539a86126be4820311ca0a6e4b6d55446b1d37812277,523,b4fb27d0f863ba8ba9a45d75c3e437a3273554f5fb8fc44745c4babbf3d785de,2f375f5305ea8cccbdce98c0e0690c26a82f997490ac594c70168b366be4f5f7,8032dc038d8f2572ca38a4eaa46daa1d229b1f7cd80d73085b31dd4fcfbb066e,2026-09-30T17:48:35Z
SubmitPartialDecryption,15,3196533d96fc687b317e5986cb2af800e45a4dacb3a63448e25d11aebe33a91d,524,b8e8c00a4d5f8c32b2bdc139f7f44fe3cba3eeb59e1a5cf4f935be6015134366,250686b0394359c8998e30ce407be3f74d369f2f2e1743015c813aabf5609a0e,b4fb27d0f863ba8ba9a45d75c3e437a3273554f5fb8fc44745c4babbf3d785de,2026-09-30T17:48:37Z
SubmitPartialDecryption,14,71657feb5465d902653e939f1ee05c5e03cd8aef14d8e381fe90afd511b4b164,524,b8e8c00a4d5f8c32b2bdc139f7f44fe3cba3eeb59e1a5cf4f935be6015134366,250686b0394359c8998e30ce407be3f74d369f2f2e1743015c813aabf5609a0e,b4fb27d0f863ba8ba9a45d75c3e437a3273554f5fb8fc44745c4babbf3d785de,2026-09-30T17:48:37Z
SubmitPartialDecryption,8,c52eddeeab3b26df00045c97c71ed32723e4a9d8e76a6ddc57582974e80e8387,524,b8e8c00a4d5f8c32b2bdc139f7f44fe3cba3eeb59e1a5cf4f935be6015134366,250686b0394359c8998e30ce407be3f74d369f2f2e1743015c813aabf5609a0e,b4fb27d0f863ba8ba9a45d75c3e437a3273554f5fb8fc44745c4babbf3d785de,2026-09-30T17:48:37Z
SubmitPartialDecryption,6,92c1886f736885833411a1ff2866273e411c6bffb3cb9db5fb9a70ace159ef58,524,b8e8c00a4d5f8c32b2bdc139f7f44fe3cba3eeb59e1a5cf4f935be6015134366,250686b0394359c8998e30ce407be3f74d369f2f2e1743015c813aabf5609a0e,b4fb27d0f863ba8ba9a45d75c3e437a3273554f5fb8fc44745c4babbf3d785de,2026-09-30T17:48:37Z
SubmitPartialDecryption,1,79dac8aa470a77ceb4ea810956d5c8c7450670c101c79a5bf34acf86af2aa2f3,524,b8e8c00a4d5f8c32b2bdc139f7f44fe3cba3eeb59e1a5cf4f935be6015134366,250686b0394359c8998e30ce407be3f74d369f2f2e1743015c813aabf5609a0e,b4fb27d0f863ba8ba9a45d75c3e437a3273554f5fb8fc44745c4babbf3d785de,2026-09-30T17:48:37Z
SubmitPartialDecryption,13,8e9eed76d591703d0bfb5be7e47940666e6206981a5e28f0c10f66080a7f9e0b,524,b8e8c00a4d5f8c32b2bdc139f7f44fe3cba3eeb59e1a5cf4f935be6015134366,250686b0394359c8998e30ce407be3f74d369f2f2e1743015c813aabf5609a0e,b4fb27d0f863ba8ba9a45d75c3e437a3273554f5fb8fc44745c4babbf3d785de,2026-09-30T17:48:37Z
SubmitPartialDecryption,4,b44871d3477e4c8361467e3c8229b1ee99e46239768068559b6b0e2f99630916,524,b8e8c00a4d5f8c32b2bdc139f7f44fe3cba3eeb59e1a5cf4f935be6015134366,250686b0394359c8998e30ce407be3f74d369f2f2e1743015c813aabf5609a0e,b4fb27d0f863ba8ba9a45d75c3e437a3273554f5fb8fc44745c4babbf3d785de,2026-09-30T17:48:37Z
SubmitPartialDecryption,9,b6149a0c81935c5430c03a60c54759970a4fbac19ee9448d6b039138bb6bfb73,524,b8e8c00a4d5f8c32b2bdc139f7f44fe3cba3eeb59e1a5cf4f935be6015134366,250686b0394359c8998e30ce407be3f74d369f2f2e1743015c813aabf5609a0e,b4fb27d0f863ba8ba9a45d75c3e437a3273554f5fb8fc44745c4babbf3d785de,2026-09-30T17:48:37Z
SubmitPartialDecryption,5,73e9145e6ad4b646b833cdb0985b8e67cba28430e7289cb600fb09ae7f28ad7c,524,b8e8c00a4d5f8c32b2bdc139f7f44fe3cba3eeb59e1a5cf4f935be6015134366,250686b0394359c8998e30ce407be3f74d369f2f2e1743015c813aabf5609a0e,b4fb27d0f863ba8ba9a45d75c3e437a3273554f5fb8fc44745c4babbf3d785de,2026-09-30T17:48:37Z
SubmitPartialDecryption,11,830a063ea9adefc1ceb4b04738ace3ccabae2bb6fc3dc7dd10d0336f0e4e5352,524,b8e8c00a4d5f8c32b2bdc139f7f44fe3cba3eeb59e1a5cf4f935be6015134366,250686b0394359c8998e30ce407be3f74d369f2f2e1743015c813aabf5609a0e,b4fb27d0f863ba8ba9a45d75c3e437a3273554f5fb8fc44745c4babbf3d785de,2026-09-30T17:48:37Z
SubmitPartialDecryption,3,b446aab2b75ec9ce3b1ec046578a2ab25fe010fdb02c0e129ab6b35b356ca146,524,b8e8c00a4d5f8c32b2bdc139f7f44fe3cba3eeb59e1a5cf4f935be6015134366,250686b0394359c8998e30ce407be3f74d369f2f2e1743015c813aabf5609a0e,b4fb27d0f863ba8ba9a45d75c3e437a3273554f5fb8fc44745c4babbf3d785de,2026-09-30T17:48:37Z
SubmitPartialDecryption,0,7112dd1e4008435b658066fdcab74e8847e7c30e94efa7d692a1973cf9163f1d,524,b8e8c00a4d5f8c32b2bdc139f7f44fe3cba3eeb59e1a5cf4f935be6015134366,250686b0394359c8998e30ce407be3f74d369f2f2e1743015c813aabf5609a0e,b4fb27d0f863ba8ba9a45d75c3e437a3273554f5fb8fc44745c4babbf3d785de,2026-09-30T17:48:37Z
SubmitPartialDecryption,12,5b0e2dc24065ab41ed91bef524fd35d115103afcb86e932eb10cf2584de7447f,524,b8e8c00a4d5f8c32b2bdc139f7f44fe3cba3eeb59e1a5cf4f935be6015134366,250686b0394359c8998e30ce407be3f74d369f2f2e1743015c813aabf5609a0e,b4fb27d0f863ba8ba9a45d75c3e437a3273554f5fb8fc44745c4babbf3d785de,2026-09-30T17:48:37Z
SubmitPartialDecryption,10,8d2d35057a5a19d9d5ecbd8243435b38c7933621b712d011808abc457be8cbf6,524,b8e8c00a4d5f8c32b2bdc139f7f44fe3cba3eeb59e1a5cf4f935be6015134366,250686b0394359c8998e30ce407be3f74d369f2f2e1743015c813aabf5609a0e,b4fb27d0f863ba8ba9a45d75c3e437a3273554f5fb8fc44745c4babbf3d785de,2026-09-30T17:48:37Z
SubmitPartialDecryption,7,917d53e7f2336daed4294feffa270104bc0e6610a6e144a28c483fae6ae725ac,524,b8e8c00a4d5f8c32b2bdc139f7f44fe3cba3eeb59e1a5cf4f935be6015134366,250686b0394359c8998e30ce407be3f74d369f2f2e1743015c813aabf5609a0e,b4fb27d0f863ba8ba9a45d75c3e437a3273554f5fb8fc44745c4babbf3d785de,2026-09-30T17:48:37Z
SubmitPartialDecryption,2,e879688ba91f6a9beb040c2fddfde965196b486c06152b2fd5d1a9cf47e76b5e,524,b8e8c00a4d5f8c32b2bdc139f7f44fe3cba3eeb59e1a5cf4f935be6015134366,250686b0394359c8998e30ce407be3f74d369f2f2e1743015c813aabf5609a0e,b4fb27d0f863ba8ba9a45d75c3e437a3273554f5fb8fc44745c4babbf3d785de,2026-09-30T17:48:37Z
SubmitPartialDecryption,19,b61ba345a44ae29ac8a5b47ce7d25f7c46648f13b9ab325126793293db0e3456,525,2dfb461b3cefd127e9d9497a0a726c95e8f4a270d9c8a22e460b9921fe53d27b,4d2dc7b13b9c81b2627ec50e0a7bb803dcaf91dc1b572a1635760d1307cf5b5f,b8e8c00a4d5f8c32b2bdc139f7f44fe3cba3eeb59e1a5cf4f935be6015134366,2026-09-30T17:48:39Z
SubmitPartialDecryption,17,829675b0e40470b2d9f6182ac302dff68ab05d77d5d25fa1af14aad65cec95b7,525,2dfb461b3cefd127e9d9497a0a726c95e8f4a270d9c8a22e460b9921fe53d27b,4d2dc7b13b9c81b2627ec50e0a7bb803dcaf91dc1b572a1635760d1307cf5b5f,b8e8c00a4d5f8c32b2bdc139f7f44fe3cba3eeb59e1a5cf4f935be6015134366,2026-09-30T17:48:39Z
SubmitPartialDecryption,21,bc38d8946c90c95e1ed711b5e519de2c978f6d4d7653a1692a08add650fb8a30,525,2dfb461b3cefd127e9d9497a0a726c95e8f4a270d9c8a22e460b9921fe53d27b,4d2dc7b13b9c81b2627ec50e0a7bb803dcaf91dc1b572a1635760d1307cf5b5f,b8e8c00a4d5f8c32b2bdc139f7f44fe3cba3eeb59e1a5cf4f935be6015134366,2026-09-30T17:48:39Z
SubmitPartialDecryption,28,d8a754bb4c3a6e30066457737e6e55b370fe9c3db49ce8a167950582cdfc51ba,525,2dfb461b3cefd127e9d9497a0a726c95e8f4a270d9c8a22e460b9921fe53d27b,4d2dc7b13b9c81b2627ec50e0a7bb803dcaf91dc1b572a1635760d1307cf5b5f,b8e8c00a4d5f8c32b2bdc139f7f44fe3cba3eeb59e1a5cf4f935be6015134366,2026-09-30T17:48:39Z
SubmitPartialDecryption,27,b93225902e09ca6098bc324cc251ea95fb69b6ef1b6f5e45dc0f421d6f5aadeb,525,2dfb461b3cefd127e9d9497a0a726c95e8f4a270d9c8a22e460b9921fe53d27b,4d2dc7b13b9c81b2627ec50e0a7bb803dcaf91dc1b572a1635760d1307cf5b5f,b8e8c00a4d5f8c32b2bdc139f7f44fe3cba3eeb59e1a5cf4f935be6015134366,2026-09-30T17:48:39Z
SubmitPartialDecryption,25,80bca0742476a1f8e5ebf7a94e31d3d70d47494640279dd77e497540424d7e5c,525,2dfb461b3cefd127e9d9497a0a726c95e8f4a270d9c8a22e460b9921fe53d27b,4d2dc7b13b9c81b2627ec50e0a7bb803dcaf91dc1b572a1635760d1307cf5b5f,b8e8c00a4d5f8c32b2bdc139f7f44fe3cba3eeb59e1a5cf4f935be6015134366,2026-09-30T17:48:39Z
SubmitPartialDecryption,18,d572107696932b5966640c998df2df79c13cda6c1a870e2de2ad4f4f935bf257,525,2dfb461b3cefd127e9d9497a0a726c95e8f4a270d9c8a22e460b9921fe53d27b,4d2dc7b13b9c81b2627ec50e0a7bb803dcaf91dc1b572a1635760d1307cf5b5f,b8e8c00a4d5f8c32b2bdc139f7f44fe3cba3eeb59e1a5cf4f935be6015134366,2026-09-30T17:48:39Z
SubmitPartialDecryption,26,cb964201980b94d44ac823e7c0cfa3230940e6b9f628f8e36931fcc0783d34a9,525,2dfb461b3cefd127e9d9497a0a726c95e8f4a270d9c8a22e460b9921fe53d27b,4d2dc7b13b9c81b2627ec50e0a7bb803dcaf91dc1b572a1635760d1307cf5b5f,b8e8c00a4d5f8c32b2bdc139f7f44fe3cba3eeb59e1a5cf4f935be6015134366,2026-09-30T17:48:39Z
SubmitPartialDecryption,29,228840a17ef4f92cacb9eb2fba712f2f48c7998187e9d3af2fa91ffc1ee8d2b1,525,2dfb461b3cefd127e9d9497a0a726c95e8f4a270d9c8a22e460b9921fe53d27b,4d2dc7b13b9c81b2627ec50e0a7bb803dcaf91dc1b572a1635760d1307cf5b5f,b8e8c00a4d5f8c32b2bdc139f7f44fe3cba3eeb59e1a5cf4f935be6015134366,2026-09-30T17:48:39Z
SubmitPartialDecryption,31,07356e51b4d20d8aa730bbaf1cfec01e483af4b7f157cfb267113314e9c41eb7,525,2dfb461b3cefd127e9d9497a0a726c95e8f4a270d9c8a22e460b9921fe53d27b,4d2dc7b13b9c81b2627ec50e0a7bb803dcaf91dc1b572a1635760d1307cf5b5f,b8e8c00a4d5f8c32b2bdc139f7f44fe3cba3eeb59e1a5cf4f935be6015134366,2026-09-30T17:48:39Z
SubmitPartialDecryption,16,cf9c09a4d701c41299b2a3556b355dafd3c7777334a57c9a0d894f0807dc106c,525,2dfb461b3cefd127e9d9497a0a726c95e8f4a270d9c8a22e460b9921fe53d27b,4d2dc7b13b9c81b2627ec50e0a7bb803dcaf91dc1b572a1635760d1307cf5b5f,b8e8c00a4d5f8c32b2bdc139f7f44fe3cba3eeb59e1a5cf4f935be6015134366,2026-09-30T17:48:39Z
SubmitPartialDecryption,20,4f0f814822f5a0abc7454148078fd015e0e9669afe5bf0552b485bcaafdf2a78,525,2dfb461b3cefd127e9d9497a0a726c95e8f4a270d9c8a22e460b9921fe53d27b,4d2dc7b13b9c81b2627ec50e0a7bb803dcaf91dc1b572a1635760d1307cf5b5f,b8e8c00a4d5f8c32b2bdc139f7f44fe3cba3eeb59e1a5cf4f935be6015134366,2026-09-30T17:48:39Z
SubmitPartialDecryption,30,75fb3b3eefa767a0e5fa0adbb9f8a05c60150764a601ee0c63e3528b32784543,525,2dfb461b3cefd127e9d9497a0a726c95e8f4a270d9c8a22e460b9921fe53d27b,4d2dc7b13b9c81b2627ec50e0a7bb803dcaf91dc1b572a1635760d1307cf5b5f,b8e8c00a4d5f8c32b2bdc139f7f44fe3cba3eeb59e1a5cf4f935be6015134366,2026-09-30T17:48:39Z
SubmitPartialDecryption,24,fa2331ad799b9798e09dc0854600c41c339288f651ec722e1167492a81911c06,525,2dfb461b3cefd127e9d9497a0a726c95e8f4a270d9c8a22e460b9921fe53d27b,4d2dc7b13b9c81b2627ec50e0a7bb803dcaf91dc1b572a1635760d1307cf5b5f,b8e8c00a4d5f8c32b2bdc139f7f44fe3cba3eeb59e1a5cf4f935be6015134366,2026-09-30T17:48:39Z
SubmitPartialDecryption,22,96a4bdff25aad811c96b61f65ab3cb1efa13b275ae43832f23becf3d747fb58d,525,2dfb461b3cefd127e9d9497a0a726c95e8f4a270d9c8a22e460b9921fe53d27b,4d2dc7b13b9c81b2627ec50e0a7bb803dcaf91dc1b572a1635760d1307cf5b5f,b8e8c00a4d5f8c32b2bdc139f7f44fe3cba3eeb59e1a5cf4f935be6015134366,2026-09-30T17:48:39Z
SubmitPartialDecryption,23,69df6b2ffbbdeb1f782a98989dc8f4870bd1447ce06087b48219bf3823f7ba82,525,2dfb461b3cefd127e9d9497a0a726c95e8f4a270d9c8a22e460b9921fe53d27b,4d2dc7b13b9c81b2627ec50e0a7bb803dcaf91dc1b572a1635760d1307cf5b5f,b8e8c00a4d5f8c32b2bdc139f7f44fe3cba3eeb59e1a5cf4f935be6015134366,2026-09-30T17:48:39Z
SubmitPartialDecryption,37,fd7260311ea11ffeabd90b366c3e9ead04d6ed376c30c850696a1f247b9ed42f,526,711afc2220b77de2be9c5dd573a65718fc0983a421e0009b7435b0f8d1e28165,93fb52cc881b9f8e0052c800a84726c7ebec412ac95e2f8be1febc0f536a0873,2dfb461b3cefd127e9d9497a0a726c95e8f4a270d9c8a22e460b9921fe53d27b,2026-09-30T17:48:41Z
SubmitPartialDecryption,45,7c3c73f3a6098e3c10b771d0ace3d5ea1ad6be0085dbbb9aaca8ab32e4973cc4,526,711afc2220b77de2be9c5dd573a65718fc0983a421e0009b7435b0f8d1e28165,93fb52cc881b9f8e0052c800a84726c7ebec412ac95e2f8be1febc0f536a0873,2dfb461b3cefd127e9d9497a0a726c95e8f4a270d9c8a22e460b9921fe53d27b,2026-09-30T17:48:41Z
SubmitPartialDecryption,46,40b2387cfb310478afaa805d9b5d0bbed0fd5421036a4615b37589cb21e298d2,526,711afc2220b77de2be9c5dd573a65718fc0983a421e0009b7435b0f8d1e28165,93fb52cc881b9f8e0052c800a84726c7ebec412ac95e2f8be1febc0f536a0873,2dfb461b3cefd127e9d9497a0a726c95e8f4a270d9c8a22e460b9921fe53d27b,2026-09-30T17:48:41Z
SubmitPartialDecryption,44,d97d72784e461c64cc07e4d28f131774faa41ee91a5ed82aba0dacf5265140d2,526,711afc2220b77de2be9c5dd573a65718fc0983a421e0009b7435b0f8d1e28165,93fb52cc881b9f8e0052c800a84726c7ebec412ac95e2f8be1febc0f536a0873,2dfb461b3cefd127e9d9497a0a726c95e8f4a270d9c8a22e460b9921fe53d27b,2026-09-30T17:48:41Z
SubmitPartialDecryption,47,3b0d0dcdc06e09c2d11eef7c555a5cf3f7b5314f941e4b77ae614eeb1fd0fb74,526,711afc2220b77de2be9c5dd573a65718fc0983a421e0009b7435b0f8d1e28165,93fb52cc881b9f8e0052c800a84726c7ebec412ac95e2f8be1febc0f536a0873,2dfb461b3cefd127e9d9497a0a726c95e8f4a270d9c8a22e460b9921fe53d27b,2026-09-30T17:48:41Z
SubmitPartialDecryption,34,21604fb230780307a5a46e8213ef7f2d7c649ef01c02b327997dc17bcd2fae82,526,711afc2220b77de2be9c5dd573a65718fc0983a421e0009b7435b0f8d1e28165,93fb52cc881b9f8e0052c800a84726c7ebec412ac95e2f8be1febc0f536a0873,2dfb461b3cefd127e9d9497a0a726c95e8f4a270d9c8a22e460b9921fe53d27b,2026-09-30T17:48:41Z
SubmitPartialDecryption,32,ce8555306d55de0b068039880ab04385a57947e02442c5ab140daabe5639f281,526,711afc2220b77de2be9c5dd573a65718fc0983a421e0009b7435b0f8d1e28165,93fb52cc881b9f8e0052c800a84726c7ebec412ac95e2f8be1febc0f536a0873,2dfb461b3cefd127e9d9497a0a726c95e8f4a270d9c8a22e460b9921fe53d27b,2026-09-30T17:48:41Z
SubmitPartialDecryption,33,64b6a5653147dab0e0be72629cc36f54ec7568fb726b3f1692b0d03aa6106673,526,711afc2220b77de2be9c5dd573a65718fc0983a421e0009b7435b0f8d1e28165,93fb52cc881b9f8e0052c800a84726c7ebec412ac95e2f8be1febc0f536a0873,2dfb461b3cefd127e9d9497a0a726c95e8f4a270d9c8a22e460b9921fe53d27b,2026-09-30T17:48:41Z
SubmitPartialDecryption,35,d72670211ab807d7bc870aa79b38a9e9b1393d22c6a2e3d4c93f3a2735cb1755,526,711afc2220b77de2be9c5dd573a65718fc0983a421e0009b7435b0f8d1e28165,93fb52cc881b9f8e0052c800a84726c7ebec412ac95e2f8be1febc0f536a0873,2dfb461b3cefd127e9d9497a0a726c95e8f4a270d9c8a22e460b9921fe53d27b,2026-09-30T17:48:41Z
SubmitPartialDecryption,42,5822a87c3f547b7b44bdcb5c49c78a1d3a3c67b6c6a7105d26dbab8a03a41c07,526,711afc2220b77de2be9c5dd573a65718fc0983a421e0009b7435b0f8d1e28165,93fb52cc881b9f8e0052c800a84726c7ebec412ac95e2f8be1febc0f536a0873,2dfb461b3cefd127e9d9497a0a726c95e8f4a270d9c8a22e460b9921fe53d27b,2026-09-30T17:48:41Z
SubmitPartialDecryption,38,a7a796fccbb1baee58890786101131818ed9811be473d9c62c76469c095eed95,526,711afc2220b77de2be9c5dd573a65718fc0983a421e0009b7435b0f8d1e28165,93fb52cc881b9f8e0052c800a84726c7ebec412ac95e2f8be1febc0f536a0873,2dfb461b3cefd127e9d9497a0a726c95e8f4a270d9c8a22e460b9921fe53d27b,2026-09-30T17:48:41Z
SubmitPartialDecryption,39,eb0665848969ac681ded42fc2b8032d3031153c468267a0274f25c50334d75c5,526,711afc2220b77de2be9c5dd573a65718fc0983a421e0009b7435b0f8d1e28165,93fb52cc881b9f8e0052c800a84726c7ebec412ac95e2f8be1febc0f536a0873,2dfb461b3cefd127e9d9497a0a726c95e8f4a270d9c8a22e460b9921fe53d27b,2026-09-30T17:48:41Z
SubmitPartialDecryption,43,1a0112efcdb00853d0f12abf676db686998fbef060e1d4cb029e08c2b45ef50d,526,711afc2220b77de2be9c5dd573a65718fc0983a421e0009b7435b0f8d1e28165,93fb52cc881b9f8e0052c800a84726c7ebec412ac95e2f8be1febc0f536a0873,2dfb461b3cefd127e9d9497a0a726c95e8f4a270d9c8a22e460b9921fe53d27b,2026-09-30T17:48:41Z
SubmitPartialDecryption,40,571edd70c711370f560fe4232c2a8e22405200c851a61e3a5c9e909b3f2378ee,526,711afc2220b77de2be9c5dd573a65718fc0983a421e0009b7435b0f8d1e28165,93fb52cc881b9f8e0052c800a84726c7ebec412ac95e2f8be1febc0f536a0873,2dfb461b3cefd127e9d9497a0a726c95e8f4a270d9c8a22e460b9921fe53d27b,2026-09-30T17:48:41Z
SubmitPartialDecryption,41,70a87b5eb5827831d3bad8720679adf3985521db288f34ee3cbbcf1e0ed40184,526,711afc2220b77de2be9c5dd573a65718fc0983a421e0009b7435b0f8d1e28165,93fb52cc881b9f8e0052c800a84726c7ebec412ac95e2f8be1febc0f536a0873,2dfb461b3cefd127e9d9497a0a726c95e8f4a270d9c8a22e460b9921fe53d27b,2026-09-30T17:48:41Z
SubmitPartialDecryption,36,0ae3a6e19dde4d9aa6a6e6596c53a8e112b6e56163e7d55ed5c6acb0514946f8,526,711afc2220b77de2be9c5dd573a65718fc0983a421e0009b7435b0f8d1e28165,93fb52cc881b9f8e0052c800a84726c7ebec412ac95e2f8be1febc0f536a0873,2dfb461b3cefd127e9d9497a0a726c95e8f4a270d9c8a22e460b9921fe53d27b,2026-09-30T17:48:41Z
SubmitPartialDecryption,61,5cabb15971fa434b53056d72d1751844f0944ba07ace53495ea71657753437e6,527,028890be772f5e0e97d151e5cdca45cf9ac23cfdb551919eb42efb729c7099af,566268b4698e36fe0a4afb66b6fbae97804d2ea75dc4f828cba2b98659c7e4c7,711afc2220b77de2be9c5dd573a65718fc0983a421e0009b7435b0f8d1e28165,2026-09-30T17:48:43Z
SubmitPartialDecryption,48,af783c2e26b3c3f45c947f0fb8b8aa6b2f698faf53f7cff330c838df85d945f2,527,028890be772f5e0e97d151e5cdca45cf9ac23cfdb551919eb42efb729c7099af,566268b4698e36fe0a4afb66b6fbae97804d2ea75dc4f828cba2b98659c7e4c7,711afc2220b77de2be9c5dd573a65718fc0983a421e0009b7435b0f8d1e28165,2026-09-30T17:48:43Z
SubmitPartialDecryption,53,259953fce9abd78df90b0f0d105e73b427036b6d0bd87e40904da6fea412a9c2,527,028890be772f5e0e97d151e5cdca45cf9ac23cfdb551919eb42efb729c7099af,566268b4698e36fe0a4afb66b6fbae97804d2ea75dc4f828cba2b98659c7e4c7,711afc2220b77de2be9c5dd573a65718fc0983a421e0009b7435b0f8d1e28165,2026-09-30T17:48:43Z
SubmitPartialDecryption,55,1415342eb12149f6c73d13b8ff7143e4959d85556f36d7acc708a21e49902a65,527,028890be772f5e0e97d151e5cdca45cf9ac23cfdb551919eb42efb729c7099af,566268b4698e36fe0a4afb66b6fbae97804d2ea75dc4f828cba2b98659c7e4c7,711afc2220b77de2be9c5dd573a65718fc0983a421e0009b7435b0f8d1e28165,2026-09-30T17:48:43Z
SubmitPartialDecryption,62,957d8cdcf1742e6d669bf2fdba16e4c5888640ee3569bcdc05ecb590fc1bfd93,527,028890be772f5e0e97d151e5cdca45cf9ac23cfdb551919eb42efb729c7099af,566268b4698e36fe0a4afb66b6fbae97804d2ea75dc4f828cba2b98659c7e4c7,711afc2220b77de2be9c5dd573a65718fc0983a421e0009b7435b0f8d1e28165,2026-09-30T17:48:43Z
SubmitPartialDecryption,49,21464e680ee590dba7c73c7b26603c8a88ea6f6a6bd0200d050bf059a0d8dc97,527,028890be772f5e0e97d151e5cdca45cf9ac23cfdb551919eb42efb729c7099af,566268b4698e36fe0a4afb66b6fbae97804d2ea75dc4f828cba2b98659c7e4c7,711afc2220b77de2be9c5dd573a65718fc0983a421e0009b7435b0f8d1e28165,2026-09-30T17:48:43Z
SubmitPartialDecryption,56,9f4bec70c95cf8cc1258f87d90b2c19381614e7ed9e3239caba07641b57028aa,527,028890be772f5e0e97d151e5cdca45cf9ac23cfdb551919eb42efb729c7099af,566268b4698e36fe0a4afb66b6fbae97804d2ea75dc4f828cba2b98659c7e4c7,711afc2220b77de2be9c5dd573a65718fc0983a421e0009b7435b0f8d1e28165,2026-09-30T17:48:43Z
SubmitPartialDecryption,63,60e976114a1363ab5db30fcb21e6e493e062a85c754fdecaae7872d2632c8842,527,028890be772f5e0e97d151e5cdca45cf9ac23cfdb551919eb42efb729c7099af,566268b4698e36fe0a4afb66b6fbae97804d2ea75dc4f828cba2b98659c7e4c7,711afc2220b77de2be9c5dd573a65718fc0983a421e0009b7435b0f8d1e28165,2026-09-30T17:48:43Z
SubmitPartialDecryption,50,4a6bd17150f085f2a4d402c2d8de91f5ea976cd365da39bbe0334ce9fe8cd024,527,028890be772f5e0e97d151e5cdca45cf9ac23cfdb551919eb42efb729c7099af,566268b4698e36fe0a4afb66b6fbae97804d2ea75dc4f828cba2b98659c7e4c7,711afc2220b77de2be9c5dd573a65718fc0983a421e0009b7435b0f8d1e28165,2026-09-30T17:48:43Z
SubmitPartialDecryption,52,8d0dffb8a82d61120da3c1eb9c55427f1bb9290d185de92f3ee46cfbb5042708,527,028890be772f5e0e97d151e5cdca45cf9ac23cfdb551919eb42efb729c7099af,566268b4698e36fe0a4afb66b6fbae97804d2ea75dc4f828cba2b98659c7e4c7,711afc2220b77de2be9c5dd573a65718fc0983a421e0009b7435b0f8d1e28165,2026-09-30T17:48:43Z
SubmitPartialDecryption,58,d29ffd339e73293d8aaad2b48ae1fecb216f1d4569a3a80540eb48bca88523b5,527,028890be772f5e0e97d151e5cdca45cf9ac23cfdb551919eb42efb729c7099af,566268b4698e36fe0a4afb66b6fbae97804d2ea75dc4f828cba2b98659c7e4c7,711afc2220b77de2be9c5dd573a65718fc0983a421e0009b7435b0f8d1e28165,2026-09-30T17:48:43Z
SubmitPartialDecryption,54,6ed8506844579caf667bde464e09bccfd78b683ef286da983a1930eb9d0fd9b7,527,028890be772f5e0e97d151e5cdca45cf9ac23cfdb551919eb42efb729c7099af,566268b4698e36fe0a4afb66b6fbae97804d2ea75dc4f828cba2b98659c7e4c7,711afc2220b77de2be9c5dd573a65718fc0983a421e0009b7435b0f8d1e28165,2026-09-30T17:48:43Z
SubmitPartialDecryption,60,3b633a0de120843fea50e4c2fdb7902df21ce623f0fec6897cd862ea0c88d0c4,527,028890be772f5e0e97d151e5cdca45cf9ac23cfdb551919eb42efb729c7099af,566268b4698e36fe0a4afb66b6fbae97804d2ea75dc4f828cba2b98659c7e4c7,711afc2220b77de2be9c5dd573a65718fc0983a421e0009b7435b0f8d1e28165,2026-09-30T17:48:43Z
SubmitPartialDecryption,59,90f376f0c1571535e8431904ef4ab2a03beb1774f1c33045da7d3a008a640a8f,527,028890be772f5e0e97d151e5cdca45cf9ac23cfdb551919eb42efb729c7099af,566268b4698e36fe0a4afb66b6fbae97804d2ea75dc4f828cba2b98659c7e4c7,711afc2220b77de2be9c5dd573a65718fc0983a421e0009b7435b0f8d1e28165,2026-09-30T17:48:43Z
SubmitPartialDecryption,57,6bc12524eee5296180d08fc6ef5ca020057704eda43c2eb4bcaafe3774102e1b,527,028890be772f5e0e97d151e5cdca45cf9ac23cfdb551919eb42efb729c7099af,566268b4698e36fe0a4afb66b6fbae97804d2ea75dc4f828cba2b98659c7e4c7,711afc2220b77de2be9c5dd573a65718fc0983a421e0009b7435b0f8d1e28165,2026-09-30T17:48:43Z
SubmitPartialDecryption,51,0544c309c8fb6c7d08d9892873fcdb0f1dffeb2b18bed1c4b8dfcdb96130e20f,527,028890be772f5e0e97d151e5cdca45cf9ac23cfdb551919eb42efb729c7099af,566268b4698e36fe0a4afb66b6fbae97804d2ea75dc4f828cba2b98659c7e4c7,711afc2220b77de2be9c5dd573a65718fc0983a421e0009b7435b0f8d1e28165,2026-09-30T17:48:43Z
SubmitPartialDecryption,69,2caeac60e5f768b2e2e7dfb3a6101230d0461269235a3d82cd9d9249143c6288,528,f4039fe30c5dce2d03adfa41885aef56a20d3e08261eda6267b515934cfe64fc,0ce5a24611247c4d3e309785b91964a3dd25d806e4c1d343bf473e23b82ec6cc,028890be772f5e0e97d151e5cdca45cf9ac23cfdb551919eb42efb729c7099af,2026-09-30T17:48:45Z
SubmitPartialDecryption,77,89510b63b1beb79a41b5d0615375865dbfc728fecac760e4362ce61af1c4b75d,528,f4039fe30c5dce2d03adfa41885aef56a20d3e08261eda6267b515934cfe64fc,0ce5a24611247c4d3e309785b91964a3dd25d806e4c1d343bf473e23b82ec6cc,028890be772f5e0e97d151e5cdca45cf9ac23cfdb551919eb42efb729c7099af,2026-09-30T17:48:45Z
SubmitPartialDecryption,79,b686263eff778aeb875b6bdf3fd8f10af79362464e92b4e484fa760ffc4e6192,528,f4039fe30c5dce2d03adfa41885aef56a20d3e08261eda6267b515934cfe64fc,0ce5a24611247c4d3e309785b91964a3dd25d806e4c1d343bf473e23b82ec6cc,028890be772f5e0e97d151e5cdca45cf9ac23cfdb551919eb42efb729c7099af,2026-09-30T17:48:45Z
SubmitPartialDecryption,71,9f4f4c7a1ada893808c80767266beba70cd9e585a080dc0ad336b8fb65840601,528,f4039fe30c5dce2d03adfa41885aef56a20d3e08261eda6267b515934cfe64fc,0ce5a24611247c4d3e309785b91964a3dd25d806e4c1d343bf473e23b82ec6cc,028890be772f5e0e97d151e5cdca45cf9ac23cfdb551919eb42efb729c7099af,2026-09-30T17:48:45Z
SubmitPartialDecryption,72,420bb128c7df81d5105a9e1bbd537d435e0495477b0476038ed0946d849d62a3,528,f4039fe30c5dce2d03adfa41885aef56a20d3e08261eda6267b515934cfe64fc,0ce5a24611247c4d3e309785b91964a3dd25d806e4c1d343bf473e23b82ec6cc,028890be772f5e0e97d151e5cdca45cf9ac23cfdb551919eb42efb729c7099af,2026-09-30T17:48:45Z
SubmitPartialDecryption,73,ded7f5b5c54f9040bc3f54eeacb203334471d05cb513a7d7bdf6ff6864d6f554,528,f4039fe30c5dce2d03adfa41885aef56a20d3e08261eda6267b515934cfe64fc,0ce5a24611247c4d3e309785b91964a3dd25d806e4c1d343bf473e23b82ec6cc,028890be772f5e0e97d151e5cdca45cf9ac23cfdb551919eb42efb729c7099af,2026-09-30T17:48:45Z
SubmitPartialDecryption,76,9a6dbe94dfcea15cb805fe4990c7bc202153d4c80ea71ea38cf077cb50e20b81,528,f4039fe30c5dce2d03adfa41885aef56a20d3e08261eda6267b515934cfe64fc,0ce5a24611247c4d3e309785b91964a3dd25d806e4c1d343bf473e23b82ec6cc,028890be772f5e0e97d151e5cdca45cf9ac23cfdb551919eb42efb729c7099af,2026-09-30T17:48:45Z
SubmitPartialDecryption,64,fc7037ab0569b1168e7254af37805bca68aa8edddd5c7d6dca279ca80c804d83,528,f4039fe30c5dce2d03adfa41885aef56a20d3e08261eda6267b515934cfe64fc,0ce5a24611247c4d3e309785b91964a3dd25d806e4c1d343bf473e23b82ec6cc,028890be772f5e0e97d151e5cdca45cf9ac23cfdb551919eb42efb729c7099af,2026-09-30T17:48:45Z
SubmitPartialDecryption,74,ce2188d2da1e679f760de6347f2b1c9a838a85e92095f682fe3fbb24c5f934f6,528,f4039fe30c5dce2d03adfa41885aef56a20d3e08261eda6267b515934cfe64fc,0ce5a24611247c4d3e309785b91964a3dd25d806e4c1d343bf473e23b82ec6cc,028890be772f5e0e97d151e5cdca45cf9ac23cfdb551919eb42efb729c7099af,2026-09-30T17:48:45Z
SubmitPartialDecryption,70,5d4490301bf8813233c9283394075f819fda5a8e1ac411fae1cd946f98bbe9b1,528,f4039fe30c5dce2d03adfa41885aef56a20d3e08261eda6267b515934cfe64fc,0ce5a24611247c4d3e309785b91964a3dd25d806e4c1d343bf473e23b82ec6cc,028890be772f5e0e97d151e5cdca45cf9ac23cfdb551919eb42efb729c7099af,2026-09-30T17:48:45Z
SubmitPartialDecryption,75,8f34b3083755d6d08123204a07ea40118cd5fe5861c7315373afffeb64521cf6,528,f4039fe30c5dce2d03adfa41885aef56a20d3e08261eda6267b515934cfe64fc,0ce5a24611247c4d3e309785b91964a3dd25d806e4c1d343bf473e23b82ec6cc,028890be772f5e0e97d151e5cdca45cf9ac23cfdb551919eb42efb729c7099af,2026-09-30T17:48:45Z
SubmitPartialDecryption,66,a9528e171a40f59e3169e4e0314f19829be60c8b5fac014532e702da568de942,528,f4039fe30c5dce2d03adfa41885aef56a20d3e08261eda6267b515934cfe64fc,0ce5a24611247c4d3e309785b91964a3dd25d806e4c1d343bf473e23b82ec6cc,028890be772f5e0e97d151e5cdca45cf9ac23cfdb551919eb42efb729c7099af,2026-09-30T17:48:45Z
SubmitPartialDecryption,78,d43ee2de8875c11f4aaf2fabcfaa4c6f6d8e37a0f76456769a25c01b3962acad,528,f4039fe30c5dce2d03adfa41885aef56a20d3e08261eda6267b515934cfe64fc,0ce5a24611247c4d3e309785b91964a3dd25d806e4c1d343bf473e23b82ec6cc,028890be772f5e0e97d151e5cdca45cf9ac23cfdb551919eb42efb729c7099af,2026-09-30T17:48:45Z
SubmitPartialDecryption,65,62946c5927ebaafb65d45cc838707aaab8a8455032ed93952e9a629e04c49fd7,528,f4039fe30c5dce2d03adfa41885aef56a20d3e08261eda6267b515934cfe64fc,0ce5a24611247c4d3e309785b91964a3dd25d806e4c1d343bf473e23b82ec6cc,028890be772f5e0e97d151e5cdca45cf9ac23cfdb551919eb42efb729c7099af,2026-09-30T17:48:45Z
SubmitPartialDecryption,68,acd4e3d11f653705e49b49a55ffbaac81ed2e9e5f46b6b3485df6d0ac0b5f552,528,f4039fe30c5dce2d03adfa41885aef56a20d3e08261eda6267b515934cfe64fc,0ce5a24611247c4d3e309785b91964a3dd25d806e4c1d343bf473e23b82ec6cc,028890be772f5e0e97d151e5cdca45cf9ac23cfdb551919eb42efb729c7099af,2026-09-30T17:48:45Z
SubmitPartialDecryption,67,4f9223abce2d63d7834e85a4bf9c028a5e6e35736c47c0e57b4b2768e8f847e6,528,f4039fe30c5dce2d03adfa41885aef56a20d3e08261eda6267b515934cfe64fc,0ce5a24611247c4d3e309785b91964a3dd25d806e4c1d343bf473e23b82ec6cc,028890be772f5e0e97d151e5cdca45cf9ac23cfdb551919eb42efb729c7099af,2026-09-30T17:48:45Z
SubmitPartialDecryption,86,81f492eafd07a37dddfd93bc148662291c33028ebd00d19278645ab534d67578,529,1485f312ef2cb46814924b170ecce89b1d79654e42ac4534c987efb4aeeaab5a,e82ef8090289defcf97506ecdacc88d97a8997ec82f9be29fea289bbfb27839b,f4039fe30c5dce2d03adfa41885aef56a20d3e08261eda6267b515934cfe64fc,2026-09-30T17:48:47Z
SubmitPartialDecryption,85,c8b06fcfd4721311a29fa1fe9ce14889e4ddd5b743af1a8b5c2ca09bb8de2cee,529,1485f312ef2cb46814924b170ecce89b1d79654e42ac4534c987efb4aeeaab5a,e82ef8090289defcf97506ecdacc88d97a8997ec82f9be29fea289bbfb27839b,f4039fe30c5dce2d03adfa41885aef56a20d3e08261eda6267b515934cfe64fc,2026-09-30T17:48:47Z
SubmitPartialDecryption,89,70ff217587561c81761e0404382ff07aa24d7bfafcbe1b4123688e444388875f,529,1485f312ef2cb46814924b170ecce89b1d79654e42ac4534c987efb4aeeaab5a,e82ef8090289defcf97506ecdacc88d97a8997ec82f9be29fea289bbfb27839b,f4039fe30c5dce2d03adfa41885aef56a20d3e08261eda6267b515934cfe64fc,2026-09-30T17:48:47Z
SubmitPartialDecryption,88,8f1f46f9cf2104db17b328e2df6c7d831e86779d714f0448e914e3b30bdca115,529,1485f312ef2cb46814924b170ecce89b1d79654e42ac4534c987efb4aeeaab5a,e82ef8090289defcf97506ecdacc88d97a8997ec82f9be29fea289bbfb27839b,f4039fe30c5dce2d03adfa41885aef56a20d3e08261eda6267b515934cfe64fc,2026-09-30T17:48:47Z
SubmitPartialDecryption,91,89f9234f0d28fd34da6486b7c4a1fee3a92d2169ecb0b3d5225eb625bd312578,529,1485f312ef2cb46814924b170ecce89b1d79654e42ac4534c987efb4aeeaab5a,e82ef8090289defcf97506ecdacc88d97a8997ec82f9be29fea289bbfb27839b,f4039fe30c5dce2d03adfa41885aef56a20d3e08261eda6267b515934cfe64fc,2026-09-30T17:48:47Z
SubmitPartialDecryption,83,35eced1e26ec7a1e5c896ec39fdabca8a12b61d11d21fc86445b094606255bad,529,1485f312ef2cb46814924b170ecce89b1d79654e42ac4534c987efb4aeeaab5a,e82ef8090289defcf97506ecdacc88d97a8997ec82f9be29fea289bbfb27839b,f4039fe30c5dce2d03adfa41885aef56a20d3e08261eda6267b515934cfe64fc,2026-09-30T17:48:47Z
SubmitPartialDecryption,95,f3ba769d914813cfb4f60d9ee60ec67f3e4910f6487df32d67ff8287e2f1ded4,529,1485f312ef2cb46814924b170ecce89b1d79654e42ac4534c987efb4aeeaab5a,e82ef8090289defcf97506ecdacc88d97a8997ec82f9be29fea289bbfb27839b,f4039fe30c5dce2d03adfa41885aef56a20d3e08261eda6267b515934cfe64fc,2026-09-30T17:48:47Z
SubmitPartialDecryption,93,79ec8787fbdeb8b7ea9a4598c73b3ae540bc2289e165fb147042fc5d871dba85,529,1485f312ef2cb46814924b170ecce89b1d79654e42ac4534c987efb4aeeaab5a,e82ef8090289defcf97506ecdacc88d97a8997ec82f9be29fea289bbfb27839b,f4039fe30c5dce2d03adfa41885aef56a20d3e08261eda6267b515934cfe64fc,2026-09-30T17:48:47Z
SubmitPartialDecryption,81,71681cea868735a0d7e0dfa72c00bf0d0c4b8dce788da315e258a7823aaec352,529,1485f312ef2cb46814924b170ecce89b1d79654e42ac4534c987efb4aeeaab5a,e82ef8090289defcf97506ecdacc88d97a8997ec82f9be29fea289bbfb27839b,f4039fe30c5dce2d03adfa41885aef56a20d3e08261eda6267b515934cfe64fc,2026-09-30T17:48:47Z
SubmitPartialDecryption,82,f4d43427d53b91287a741f0eaac8f12b8e8b4733773adae88dd1d929d8aeeb43,529,1485f312ef2cb46814924b170ecce89b1d79654e42ac4534c987efb4aeeaab5a,e82ef8090289defcf97506ecdacc88d97a8997ec82f9be29fea289bbfb27839b,f4039fe30c5dce2d03adfa41885aef56a20d3e08261eda6267b515934cfe64fc,2026-09-30T17:48:47Z
SubmitPartialDecryption,84,5c8b67010cbe8c5f802f8e811923e44cba03cc9c4b382c345bcf3a18c6d29678,529,1485f312ef2cb46814924b170ecce89b1d79654e42ac4534c987efb4aeeaab5a,e82ef8090289defcf97506ecdacc88d97a8997ec82f9be29fea289bbfb27839b,f4039fe30c5dce2d03adfa41885aef56a20d3e08261eda6267b515934cfe64fc,2026-09-30T17:48:47Z
SubmitPartialDecryption,92,edc35f9e8a2803a70832db1ab6b3f5c8783b83659dbf096ba3085d7550a669e9,529,1485f312ef2cb46814924b170ecce89b1d79654e42ac4534c987efb4aeeaab5a,e82ef8090289defcf97506ecdacc88d97a8997ec82f9be29fea289bbfb27839b,f4039fe30c5dce2d03adfa41885aef56a20d3e08261eda6267b515934cfe64fc,2026-09-30T17:48:47Z
SubmitPartialDecryption,90,1568692dd6ba8234caa4937d36a7010bba0c3f0cd22b1ea00d26f6818f873d87,529,1485f312ef2cb46814924b170ecce89b1d79654e42ac4534c987efb4aeeaab5a,e82ef8090289defcf97506ecdacc88d97a8997ec82f9be29fea289bbfb27839b,f4039fe30c5dce2d03adfa41885aef56a20d3e08261eda6267b515934cfe64fc,2026-09-30T17:48:47Z
SubmitPartialDecryption,94,65225322fc0642d8df42e34a3bfc6713682e1472b5bd33ca78a952fc256a55b7,529,1485f312ef2cb46814924b170ecce89b1d79654e42ac4534c987efb4aeeaab5a,e82ef8090289defcf97506ecdacc88d97a8997ec82f9be29fea289bbfb27839b,f4039fe30c5dce2d03adfa41885aef56a20d3e08261eda6267b515934cfe64fc,2026-09-30T17:48:47Z
SubmitPartialDecryption,80,22ec26a4c4ac71f42b10f7ecca659e64323ceadf631ea5a8c03e7d10d1a5cb9e,529,1485f312ef2cb46814924b170ecce89b1d79654e42ac4534c987efb4aeeaab5a,e82ef8090289defcf97506ecdacc88d97a8997ec82f9be29fea289bbfb27839b,f4039fe30c5dce2d03adfa41885aef56a20d3e08261eda6267b515934cfe64fc,2026-09-30T17:48:47Z
SubmitPartialDecryption,87,3ac6786f307303d94ba2ffce402ae5701022b14a34fd33e728715228ab40f6ef,529,1485f312ef2cb46814924b170ecce89b1d79654e42ac4534c987efb4aeeaab5a,e82ef8090289defcf97506ecdacc88d97a8997ec82f9be29fea289bbfb27839b,f4039fe30c5dce2d03adfa41885aef56a20d3e08261eda6267b515934cfe64fc,2026-09-30T17:48:47Z
SubmitPartialDecryption,101,eac8dd0e961bc6280ad9f68af308c4299463341f86c424d8e59a6526fbf75e3a,530,be1ba591fc2fb93a45ea3e96b889508dfae16133bf92d0e1b29eaa5108eda206,b24bf02bd974ba0f33931e89b6f39b85e1b0316e10eb92308028c3a15f67211e,1485f312ef2cb46814924b170ecce89b1d79654e42ac4534c987efb4aeeaab5a,2026-09-30T17:48:49Z
SubmitPartialDecryption,104,aacf488ff7c997c734c688db3bcdc6484d3a6b7c062ed1e3f663ae40840c9d70,530,be1ba591fc2fb93a45ea3e96b889508dfae16133bf92d0e1b29eaa5108eda206,b24bf02bd974ba0f33931e89b6f39b85e1b0316e10eb92308028c3a15f67211e,1485f312ef2cb46814924b170ecce89b1d79654e42ac4534c987efb4aeeaab5a,2026-09-30T17:48:49Z
SubmitPartialDecryption,110,567dcc9147216e4a943403548be1d5d164052706ffe725abcfafbe21bc42203b,530,be1ba591fc2fb93a45ea3e96b889508dfae16133bf92d0e1b29eaa5108eda206,b24bf02bd974ba0f33931e89b6f39b85e1b0316e10eb92308028c3a15f67211e,1485f312ef2cb46814924b170ecce89b1d79654e42ac4534c987efb4aeeaab5a,2026-09-30T17:48:49Z
SubmitPartialDecryption,96,0dfd65aa4718ea6bef41d088b53158c027d5f4d9c328825897f170f2a5ef1494,530,be1ba591fc2fb93a45ea3e96b889508dfae16133bf92d0e1b29eaa5108eda206,b24bf02bd974ba0f33931e89b6f39b85e1b0316e10eb92308028c3a15f67211e,1485f312ef2cb46814924b170ecce89b1d79654e42ac4534c987efb4aeeaab5a,2026-09-30T17:48:49Z
SubmitPartialDecryption,109,1c9c478916ea1e7bed33a9e615009e49c13aabc19d81339162ff29cf855c639f,530,be1ba591fc2fb93a45ea3e96b889508dfae16133bf92d0e1b29eaa5108eda206,b24bf02bd974ba0f33931e89b6f39b85e1b0316e10eb92308028c3a15f67211e,1485f312ef2cb46814924b170ecce89b1d79654e42ac4534c987efb4aeeaab5a,2026-09-30T17:48:49Z
SubmitPartialDecryption,103,f58fad162568485b30c67895a0e07f5119af9bd51ead3fe2c109ec40e1a5ee3f,530,be1ba591fc2fb93a45ea3e96b889508dfae16133bf92d0e1b29eaa5108eda206,b24bf02bd974ba0f33931e89b6f39b85e1b0316e10eb92308028c3a15f67211e,1485f312ef2cb46814924b170ecce89b1d79654e42ac4534c987efb4aeeaab5a,2026-09-30T17:48:49Z
SubmitPartialDecryption,102,76859eae45adecc96bc0aea7a894b5ec3a16d577ff8e28b4f070834326704622,530,be1ba591fc2fb93a45ea3e96b889508dfae16133bf92d0e1b29eaa5108eda206,b24bf02bd974ba0f33931e89b6f39b85e1b0316e10eb92308028c3a15f67211e,1485f312ef2cb46814924b170ecce89b1d79654e42ac4534c987efb4aeeaab5a,2026-09-30T17:48:49Z
SubmitPartialDecryption,108,24ae449a6dbeac298b7866e2295dad6f03437a9a1f86a13dbd9c9f9f18f328cb,530,be1ba591fc2fb93a45ea3e96b889508dfae16133bf92d0e1b29eaa5108eda206,b24bf02bd974ba0f33931e89b6f39b85e1b0316e10eb92308028c3a15f67211e,1485f312ef2cb46814924b170ecce89b1d79654e42ac4534c987efb4aeeaab5a,2026-09-30T17:48:49Z
SubmitPartialDecryption,100,926086c07cc20bf072939ea74dfc1c5aeb9be95bf72f5b98491c0cdc4fc3b515,530,be1ba591fc2fb93a45ea3e96b889508dfae16133bf92d0e1b29eaa5108eda206,b24bf02bd974ba0f33931e89b6f39b85e1b0316e10eb92308028c3a15f67211e,1485f312ef2cb46814924b170ecce89b1d79654e42ac4534c987efb4aeeaab5a,2026-09-30T17:48:49Z
SubmitPartialDecryption,105,5fb1f0c9dbeb7728fdbbe75bd16d74d5045d31198c64c02224f8f6614786e287,530,be1ba591fc2fb93a45ea3e96b889508dfae16133bf92d0e1b29eaa5108eda206,b24bf02bd974ba0f33931e89b6f39b85e1b0316e10eb92308028c3a15f67211e,1485f312ef2cb46814924b170ecce89b1d79654e42ac4534c987efb4aeeaab5a,2026-09-30T17:48:49Z
SubmitPartialDecryption,111,a34fad1c5339f86efa005f627cb37f37fdfc834cdf2d9c978467312c2bb47c5d,530,be1ba591fc2fb93a45ea3e96b889508dfae16133bf92d0e1b29eaa5108eda206,b24bf02bd974ba0f33931e89b6f39b85e1b0316e10eb92308028c3a15f67211e,1485f312ef2cb46814924b170ecce89b1d79654e42ac4534c987efb4aeeaab5a,2026-09-30T17:48:49Z
SubmitPartialDecryption,106,6e23cb6f8c3b2bf58200396fec749a59ae66d563527029db598bdb63608b5529,530,be1ba591fc2fb93a45ea3e96b889508dfae16133bf92d0e1b29eaa5108eda206,b24bf02bd974ba0f33931e89b6f39b85e1b0316e10eb92308028c3a15f67211e,1485f312ef2cb46814924b170ecce89b1d79654e42ac4534c987efb4aeeaab5a,2026-09-30T17:48:49Z
SubmitPartialDecryption,107,a90fb8936dffd5a5e9ead3c4f1bf72729ad6a99cf931df55d1d436c0afd6c780,530,be1ba591fc2fb93a45ea3e96b889508dfae16133bf92d0e1b29eaa5108eda206,b24bf02bd974ba0f33931e89b6f39b85e1b0316e10eb92308028c3a15f67211e,1485f312ef2cb46814924b170ecce89b1d79654e42ac4534c987efb4aeeaab5a,2026-09-30T17:48:49Z
SubmitPartialDecryption,98,5044c7d8eca27cba78c8e616cb7e5ddff41e94f317f14e54e898fa5e3468b214,530,be1ba591fc2fb93a45ea3e96b889508dfae16133bf92d0e1b29eaa5108eda206,b24bf02bd974ba0f33931e89b6f39b85e1b0316e10eb92308028c3a15f67211e,1485f312ef2cb46814924b170ecce89b1d79654e42ac4534c987efb4aeeaab5a,2026-09-30T17:48:49Z
SubmitPartialDecryption,97,4b7e8dcc839a6a5162495ed2923d764512e1314626429a2bff1a71cc94868cdb,530,be1ba591fc2fb93a45ea3e96b889508dfae16133bf92d0e1b29eaa5108eda206,b24bf02bd974ba0f33931e89b6f39b85e1b0316e10eb92308028c3a15f67211e,1485f312ef2cb46814924b170ecce89b1d79654e42ac4534c987efb4aeeaab5a,2026-09-30T17:48:49Z
SubmitPartialDecryption,99,798176b2b49aad619d44caf65945a05f6646f491f7dc6fbe42212d9b8e392aeb,530,be1ba591fc2fb93a45ea3e96b889508dfae16133bf92d0e1b29eaa5108eda206,b24bf02bd974ba0f33931e89b6f39b85e1b0316e10eb92308028c3a15f67211e,1485f312ef2cb46814924b170ecce89b1d79654e42ac4534c987efb4aeeaab5a,2026-09-30T17:48:49Z
SubmitPartialDecryption,115,fb1285bb45eafd8ff06e74495e2cfd8b380043ba7df42a04dd3afcf1afe66590,531,b0eea1c3373c4c554b6b6db8f3352fc438a648ecd33431154218b8c69bdc50b3,a49c1b78715e7b1510b90b4bf51c1c6ac42b759b03e55a934f30cc665b16f5f6,be1ba591fc2fb93a45ea3e96b889508dfae16133bf92d0e1b29eaa5108eda206,2026-09-30T17:48:52Z
SubmitPartialDecryption,123,0ad856f1f96063f11878d0ba12811d32425620eaabd3d051c9c1e1a8bbd25b67,531,b0eea1c3373c4c554b6b6db8f3352fc438a648ecd33431154218b8c69bdc50b3,a49c1b78715e7b1510b90b4bf51c1c6ac42b759b03e55a934f30cc665b16f5f6,be1ba591fc2fb93a45ea3e96b889508dfae16133bf92d0e1b29eaa5108eda206,2026-09-30T17:48:52Z
SubmitPartialDecryption,112,e229d1281cfb5bbb00d0219312c52153bf6b4fa0913d9bd88c01f61f682fa66c,531,b0eea1c3373c4c554b6b6db8f3352fc438a648ecd33431154218b8c69bdc50b3,a49c1b78715e7b1510b90b4bf51c1c6ac42b759b03e55a934f30cc665b16f5f6,be1ba591fc2fb93a45ea3e96b889508dfae16133bf92d0e1b29eaa5108eda206,2026-09-30T17:48:52Z
SubmitPartialDecryption,121,a7e842402388844be9dff650ea8ff33d14d75523833625292b1d41dcbc6a6754,531,b0eea1c3373c4c554b6b6db8f3352fc438a648ecd33431154218b8c69bdc50b3,a49c1b78715e7b1510b90b4bf51c1c6ac42b759b03e55a934f30cc665b16f5f6,be1ba591fc2fb93a45ea3e96b889508dfae16133bf92d0e1b29eaa5108eda206,2026-09-30T17:48:52Z
SubmitPartialDecryption,119,b1230d1956df572161eb4e5ee8e0905df7e183ad494da4587f8812f6ce22d395,531,b0eea1c3373c4c554b6b6db8f3352fc438a648ecd33431154218b8c69bdc50b3,a49c1b78715e7b1510b90b4bf51c1c6ac42b759b03e55a934f30cc665b16f5f6,be1ba591fc2fb93a45ea3e96b889508dfae16133bf92d0e1b29eaa5108eda206,2026-09-30T17:48:52Z
SubmitPartialDecryption,113,dd7201f65a612146878182e445cc1a9b352fdd12cd45c9bc17bd8b071088b5a1,531,b0eea1c3373c4c554b6b6db8f3352fc438a648ecd33431154218b8c69bdc50b3,a49c1b78715e7b1510b90b4bf51c1c6ac42b759b03e55a934f30cc665b16f5f6,be1ba591fc2fb93a45ea3e96b889508dfae16133bf92d0e1b29eaa5108eda206,2026-09-30T17:48:52Z
SubmitPartialDecryption,117,fca788cbc164f078c4e6808463850316dc68a29477bdbf0e1efcaaaa7534bbe7,531,b0eea1c3373c4c554b6b6db8f3352fc438a648ecd33431154218b8c69bdc50b3,a49c1b78715e7b1510b90b4bf51c1c6ac42b759b03e55a934f30cc665b16f5f6,be1ba591fc2fb93a45ea3e96b889508dfae16133bf92d0e1b29eaa5108eda206,2026-09-30T17:48:52Z
SubmitPartialDecryption,116,d20aa335c478eee37681d43a4c4141fb3a650245c239da59e75e1a097d6b7712,531,b0eea1c3373c4c554b6b6db8f3352fc438a648ecd33431154218b8c69bdc50b3,a49c1b78715e7b1510b90b4bf51c1c6ac42b759b03e55a934f30cc665b16f5f6,be1ba591fc2fb93a45ea3e96b889508dfae16133bf92d0e1b29eaa5108eda206,2026-09-30T17:48:52Z
SubmitPartialDecryption,120,8f72d8fbe251759660336461397a8e80ab66a05022110b6d4de2b62a71becb47,531,b0eea1c3373c4c554b6b6db8f3352fc438a648ecd33431154218b8c69bdc50b3,a49c1b78715e7b1510b90b4bf51c1c6ac42b759b03e55a934f30cc665b16f5f6,be1ba591fc2fb93a45ea3e96b889508dfae16133bf92d0e1b29eaa5108eda206,2026-09-30T17:48:52Z
SubmitPartialDecryption,114,3b5883dbb069a1bf5d85e1f7c02b9fb7f62cd6e02df919ab7d9dd80a38f9efc8,531,b0eea1c3373c4c554b6b6db8f3352fc438a648ecd33431154218b8c69bdc50b3,a49c1b78715e7b1510b90b4bf51c1c6ac42b759b03e55a934f30cc665b16f5f6,be1ba591fc2fb93a45ea3e96b889508dfae16133bf92d0e1b29eaa5108eda206,2026-09-30T17:48:52Z
SubmitPartialDecryption,125,44ef0e928ef432589c73f1f8f797920c531f168ae7af221557e9245a899f3320,531,b0eea1c3373c4c554b6b6db8f3352fc438a648ecd33431154218b8c69bdc50b3,a49c1b78715e7b1510b90b4bf51c1c6ac42b759b03e55a934f30cc665b16f5f6,be1ba591fc2fb93a45ea3e96b889508dfae16133bf92d0e1b29eaa5108eda206,2026-09-30T17:48:52Z
SubmitPartialDecryption,124,77b9998c84ea5170073fe828f0d7fd73cb62dc48e0e4108a99dfbcfef975eb13,531,b0eea1c3373c4c554b6b6db8f3352fc438a648ecd33431154218b8c69bdc50b3,a49c1b78715e7b1510b90b4bf51c1c6ac42b759b03e55a934f30cc665b16f5f6,be1ba591fc2fb93a45ea3e96b889508dfae16133bf92d0e1b29eaa5108eda206,2026-09-30T17:48:52Z
SubmitPartialDecryption,127,16dbe89a8be5d02c1ee2d467d1ad97262b4a9cd8df073eede51fc80680e8865f,531,b0eea1c3373c4c554b6b6db8f3352fc438a648ecd33431154218b8c69bdc50b3,a49c1b78715e7b1510b90b4bf51c1c6ac42b759b03e55a934f30cc665b16f5f6,be1ba591fc2fb93a45ea3e96b889508dfae16133bf92d0e1b29eaa5108eda206,2026-09-30T17:48:52Z
SubmitPartialDecryption,122,8b4b396e0e552aeac034ae78647ba2c0ead3bb368f1b87028a67665e598112f1,531,b0eea1c3373c4c554b6b6db8f3352fc438a648ecd33431154218b8c69bdc50b3,a49c1b78715e7b1510b90b4bf51c1c6ac42b759b03e55a934f30cc665b16f5f6,be1ba591fc2fb93a45ea3e96b889508dfae16133bf92d0e1b29eaa5108eda206,2026-09-30T17:48:52Z
SubmitPartialDecryption,126,cb7c0615abaddbe7e8fceed0b9c8cac28b0e92e46d617b8adec342d49086c165,531,b0eea1c3373c4c554b6b6db8f3352fc438a648ecd33431154218b8c69bdc50b3,a49c1b78715e7b1510b90b4bf51c1c6ac42b759b03e55a934f30cc665b16f5f6,be1ba591fc2fb93a45ea3e96b889508dfae16133bf92d0e1b29eaa5108eda206,2026-09-30T17:48:52Z
SubmitPartialDecryption,118,f268734d825b0f0aef35ad176e52696871cb308e1517829e6f0961719bed3f7b,531,b0eea1c3373c4c554b6b6db8f3352fc438a648ecd33431154218b8c69bdc50b3,a49c1b78715e7b1510b90b4bf51c1c6ac42b759b03e55a934f30cc665b16f5f6,be1ba591fc2fb93a45ea3e96b889508dfae16133bf92d0e1b29eaa5108eda206,2026-09-30T17:48:52Z
SubmitPartialDecryption,142,23812421c733f2924aad13a6acdac24738e66b3cec27dcf59dab6d0f563f0583,532,b880008b3377dad58baf7f0c73ce867c6f2ddbb8e9f5c19e69e707315964d628,f8d1597ed954865f98da33f1d12ed3a8ca3246af8a0c07977c4c893003de553e,b0eea1c3373c4c554b6b6db8f3352fc438a648ecd33431154218b8c69bdc50b3,2026-09-30T17:48:54Z
SubmitPartialDecryption,139,2cdab3521ee6ef1bfe49cf69648505713e4da28eb116ccd55e7a34dffebfe045,532,b880008b3377dad58baf7f0c73ce867c6f2ddbb8e9f5c19e69e707315964d628,f8d1597ed954865f98da33f1d12ed3a8ca3246af8a0c07977c4c893003de553e,b0eea1c3373c4c554b6b6db8f3352fc438a648ecd33431154218b8c69bdc50b3,2026-09-30T17:48:54Z
SubmitPartialDecryption,129,e1d5475dd18e1b72c890e7d402be46c3d943898a650a6bbdff8438f7ab061829,532,b880008b3377dad58baf7f0c73ce867c6f2ddbb8e9f5c19e69e707315964d628,f8d1597ed954865f98da33f1d12ed3a8ca3246af8a0c07977c4c893003de553e,b0eea1c3373c4c554b6b6db8f3352fc438a648ecd33431154218b8c69bdc50b3,2026-09-30T17:48:54Z
SubmitPartialDecryption,130,1d27e5af721acf67707a383478f942593798019e648cedd177b7cfbb89fd18ce,532,b880008b3377dad58baf7f0c73ce867c6f2ddbb8e9f5c19e69e707315964d628,f8d1597ed954865f98da33f1d12ed3a8ca3246af8a0c07977c4c893003de553e,b0eea1c3373c4c554b6b6db8f3352fc438a648ecd33431154218b8c69bdc50b3,2026-09-30T17:48:54Z
SubmitPartialDecryption,131,4afe5fd1c5e91002772d3bd6d1791e18020894b91581fd9c06fcd1bffe47d866,532,b880008b3377dad58baf7f0c73ce867c6f2ddbb8e9f5c19e69e707315964d628,f8d1597ed954865f98da33f1d12ed3a8ca3246af8a0c07977c4c893003de553e,b0eea1c3373c4c554b6b6db8f3352fc438a648ecd33431154218b8c69bdc50b3,2026-09-30T17:48:54Z
SubmitPartialDecryption,134,0ed265c943394083bc1775404141427ad6d8aba43b10003a295961d3ca06e1c3,532,b880008b3377dad58baf7f0c73ce867c6f2ddbb8e9f5c19e69e707315964d628,f8d1597ed954865f98da33f1d12ed3a8ca3246af8a0c07977c4c893003de553e,b0eea1c3373c4c554b6b6db8f3352fc438a648ecd33431154218b8c69bdc50b3,2026-09-30T17:48:54Z
SubmitPartialDecryption,138,861a23d3ef2bdd9a2893b1bbc3cf88ba6ae7f1b3e4ea5d0d06793b9f44326993,532,b880008b3377dad58baf7f0c73ce867c6f2ddbb8e9f5c19e69e707315964d628,f8d1597ed954865f98da33f1d12ed3a8ca3246af8a0c07977c4c893003de553e,b0eea1c3373c4c554b6b6db8f3352fc438a648ecd33431154218b8c69bdc50b3,2026-09-30T17:48:54Z
SubmitPartialDecryption,143,52022beadde681a68e8bdeb52425a1d2234361d7ccf7ce2378d699ef570d003b,532,b880008b3377dad58baf7f0c73ce867c6f2ddbb8e9f5c19e69e707315964d628,f8d1597ed954865f98da33f1d12ed3a8ca3246af8a0c07977c4c893003de553e,b0eea1c3373c4c554b6b6db8f3352fc438a648ecd33431154218b8c69bdc50b3,2026-09-30T17:48:54Z
SubmitPartialDecryption,137,0111fc7c8025692737f46f0c1973bd71e5516fe00e523ba5e13efb7adc79d109,532,b880008b3377dad58baf7f0c73ce867c6f2ddbb8e9f5c19e69e707315964d628,f8d1597ed954865f98da33f1d12ed3a8ca3246af8a0c07977c4c893003de553e,b0eea1c3373c4c554b6b6db8f3352fc438a648ecd33431154218b8c69bdc50b3,2026-09-30T17:48:54Z
SubmitPartialDecryption,140,a421bb6f710aab7ee5ad4bb4abcab6fb5a90690df4c58217e069ec4707340620,532,b880008b3377dad58baf7f0c73ce867c6f2ddbb8e9f5c19e69e707315964d628,f8d1597ed954865f98da33f1d12ed3a8ca3246af8a0c07977c4c893003de553e,b0eea1c3373c4c554b6b6db8f3352fc438a648ecd33431154218b8c69bdc50b3,2026-09-30T17:48:54Z
SubmitPartialDecryption,132,0989467f4b8b8e779b30c20fd5d6813aab2b80455b31c9ea4eb20badb97fe2e6,532,b880008b3377dad58baf7f0c73ce867c6f2ddbb8e9f5c19e69e707315964d628,f8d1597ed954865f98da33f1d12ed3a8ca3246af8a0c07977c4c893003de553e,b0eea1c3373c4c554b6b6db8f3352fc438a648ecd33431154218b8c69bdc50b3,2026-09-30T17:48:54Z
SubmitPartialDecryption,133,8cfab125f5dbf0a481eda06d50540d438a80ed18409da3b8e6b16677b0b561ab,532,b880008b3377dad58baf7f0c73ce867c6f2ddbb8e9f5c19e69e707315964d628,f8d1597ed954865f98da33f1d12ed3a8ca3246af8a0c07977c4c893003de553e,b0eea1c3373c4c554b6b6db8f3352fc438a648ecd33431154218b8c69bdc50b3,2026-09-30T17:48:54Z
SubmitPartialDecryption,135,044064170f5bc28be9e23143063e4f92277a6f49bc45277d2245217c0e1854a2,532,b880008b3377dad58baf7f0c73ce867c6f2ddbb8e9f5c19e69e707315964d628,f8d1597ed954865f98da33f1d12ed3a8ca3246af8a0c07977c4c893003de553e,b0eea1c3373c4c554b6b6db8f3352fc438a648ecd33431154218b8c69bdc50b3,2026-09-30T17:48:54Z
SubmitPartialDecryption,136,99362fa5b819379eac7ad992a7879b36fb980f8a3bd2219969fd849f8bbb088d,532,b880008b3377dad58baf7f0c73ce867c6f2ddbb8e9f5c19e69e707315964d628,f8d1597ed954865f98da33f1d12ed3a8ca3246af8a0c07977c4c893003de553e,b0eea1c3373c4c554b6b6db8f3352fc438a648ecd33431154218b8c69bdc50b3,2026-09-30T17:48:54Z
SubmitPartialDecryption,128,9dd92f6eb32c50c7f40d27497085e751f16c225c388c5e64f116ce8db6b121ae,532,b880008b3377dad58baf7f0c73ce867c6f2ddbb8e9f5c19e69e707315964d628,f8d1597ed954865f98da33f1d12ed3a8ca3246af8a0c07977c4c893003de553e,b0eea1c3373c4c554b6b6db8f3352fc438a648ecd33431154218b8c69bdc50b3,2026-09-30T17:48:54Z
SubmitPartialDecryption,141,93e2ef3267dbbbce01dd2215a9c43dfdb6ca189e87d2e4b98c63d4d0adb08eb4,532,b880008b3377dad58baf7f0c73ce867c6f2ddbb8e9f5c19e69e707315964d628,f8d1597ed954865f98da33f1d12ed3a8ca3246af8a0c07977c4c893003de553e,b0eea1c3373c4c554b6b6db8f3352fc438a648ecd33431154218b8c69bdc50b3,2026-09-30T17:48:54Z
SubmitPartialDecryption,154,8e84089ab7aff03173bef3a34642c14d696d5d96256dcea1922889dbd36124fb,533,2b9d081e03b92ba8d071cd6319ac71ea69f78ec86b0c2345c85523727dc3bb2c,65e8d41917a35ac085f2e9dfa18da03d0e221d2969af3b42d30895c11f4d974f,b880008b3377dad58baf7f0c73ce867c6f2ddbb8e9f5c19e69e707315964d628,2026-09-30T17:48:56Z
SubmitPartialDecryption,148,1862a84f96896338e9006d4c7d25e8d58e94a25e7b1c1e497f406a89ef83c3cf,533,2b9d081e03b92ba8d071cd6319ac71ea69f78ec86b0c2345c85523727dc3bb2c,65e8d41917a35ac085f2e9dfa18da03d0e221d2969af3b42d30895c11f4d974f,b880008b3377dad58baf7f0c73ce867c6f2ddbb8e9f5c19e69e707315964d628,2026-09-30T17:48:56Z
SubmitPartialDecryption,146,6a8999b9d3b01ee9e7be02a33a271274f731d0d0f0d11f8b7743cba2ad1fe299,533,2b9d081e03b92ba8d071cd6319ac71ea69f78ec86b0c2345c85523727dc3bb2c,65e8d41917a35ac085f2e9dfa18da03d0e221d2969af3b42d30895c11f4d974f,b880008b3377dad58baf7f0c73ce867c6f2ddbb8e9f5c19e69e707315964d628,2026-09-30T17:48:56Z
SubmitPartialDecryption,159,4c310cdf3e432d5ce241d758f2cdcbe8b8e37a1cae0a2b2172c90a963145f234,533,2b9d081e03b92ba8d071cd6319ac71ea69f78ec86b0c2345c85523727dc3bb2c,65e8d41917a35ac085f2e9dfa18da03d0e221d2969af3b42d30895c11f4d974f,b880008b3377dad58baf7f0c73ce867c6f2ddbb8e9f5c19e69e707315964d628,2026-09-30T17:48:56Z
SubmitPartialDecryption,156,fbcf80dd3c38a489f427ae73f4b5be60da4308696eab8cb91a8b7a92bc8189f6,533,2b9d081e03b92ba8d071cd6319ac71ea69f78ec86b0c2345c85523727dc3bb2c,65e8d41917a35ac085f2e9dfa18da03d0e221d2969af3b42d30895c11f4d974f,b880008b3377dad58baf7f0c73ce867c6f2ddbb8e9f5c19e69e707315964d628,2026-09-30T17:48:56Z
SubmitPartialDecryption,157,e9c2501bbb588f336aa7ceb4caa0597f268ee8dc1353e69b115d3a7672fd4fa4,533,2b9d081e03b92ba8d071cd6319ac71ea69f78ec86b0c2345c85523727dc3bb2c,65e8d41917a35ac085f2e9dfa18da03d0e221d2969af3b42d30895c11f4d974f,b880008b3377dad58baf7f0c73ce867c6f2ddbb8e9f5c19e69e707315964d628,2026-09-30T17:48:56Z
SubmitPartialDecryption,147,9fc2570c4d4b9083a710f1a9c2c4d21d886dd75a2218c9e33ab76eb13c227c36,533,2b9d081e03b92ba8d071cd6319ac71ea69f78ec86b0c2345c85523727dc3bb2c,65e8d41917a35ac085f2e9dfa18da03d0e221d2969af3b42d30895c11f4d974f,b880008b3377dad58baf7f0c73ce867c6f2ddbb8e9f5c19e69e707315964d628,2026-09-30T17:48:56Z
SubmitPartialDecryption,152,7c720c01d5a69a421985e41bc6a35ff5a4a44a13e11fdd3c5253392d333995e3,533,2b9d081e03b92ba8d071cd6319ac71ea69f78ec86b0c2345c85523727dc3bb2c,65e8d41917a35ac085f2e9dfa18da03d0e221d2969af3b42d30895c11f4d974f,b880008b3377dad58baf7f0c73ce867c6f2ddbb8e9f5c19e69e707315964d628,2026-09-30T17:48:56Z
SubmitPartialDecryption,145,04b178493bdbbccf7657ac67a991118d2b51d6f812469b862b5da1f841b8c0db,533,2b9d081e03b92ba8d071cd6319ac71ea69f78ec86b0c2345c85523727dc3bb2c,65e8d41917a35ac085f2e9dfa18da03d0e221d2969af3b42d30895c11f4d974f,b880008b3377dad58baf7f0c73ce867c6f2ddbb8e9f5c19e69e707315964d628,2026-09-30T17:48:56Z
SubmitPartialDecryption,151,dac7152205748cde116d0f979171073867ec006735239f8122f2705aeef12555,533,2b9d081e03b92ba8d071cd6319ac71ea69f78ec86b0c2345c85523727dc3bb2c,65e8d41917a35ac085f2e9dfa18da03d0e221d2969af3b42d30895c11f4d974f,b880008b3377dad58baf7f0c73ce867c6f2ddbb8e9f5c19e69e707315964d628,2026-09-30T17:48:56Z
SubmitPartialDecryption,149,264b69d76f783d569b399cee431291b1fef2bb52a2c6defb462700ce67d59362,533,2b9d081e03b92ba8d071cd6319ac71ea69f78ec86b0c2345c85523727dc3bb2c,65e8d41917a35ac085f2e9dfa18da03d0e221d2969af3b42d30895c11f4d974f,b880008b3377dad58baf7f0c73ce867c6f2ddbb8e9f5c19e69e707315964d628,2026-09-30T17:48:56Z
SubmitPartialDecryption,153,c6047de4654368e744604f6a013a73c975fddfd31abc639995577bc1ca491e1f,533,2b9d081e03b92ba8d071cd6319ac71ea69f78ec86b0c2345c85523727dc3bb2c,65e8d41917a35ac085f2e9dfa18da03d0e221d2969af3b42d30895c11f4d974f,b880008b3377dad58baf7f0c73ce867c6f2ddbb8e9f5c19e69e707315964d628,2026-09-30T17:48:56Z
SubmitPartialDecryption,158,e91902aafc1b08bb2184b4423e9f1a39496ae8b5f9a06a131f744c0194e02383,533,2b9d081e03b92ba8d071cd6319ac71ea69f78ec86b0c2345c85523727dc3bb2c,65e8d41917a35ac085f2e9dfa18da03d0e221d2969af3b42d30895c11f4d974f,b880008b3377dad58baf7f0c73ce867c6f2ddbb8e9f5c19e69e707315964d628,2026-09-30T17:48:56Z
SubmitPartialDecryption,144,09721994e13d4c74aed2b720e4be45b18c892b8f903831d25e6125f96dc74e4c,533,2b9d081e03b92ba8d071cd6319ac71ea69f78ec86b0c2345c85523727dc3bb2c,65e8d41917a35ac085f2e9dfa18da03d0e221d2969af3b42d30895c11f4d974f,b880008b3377dad58baf7f0c73ce867c6f2ddbb8e9f5c19e69e707315964d628,2026-09-30T17:48:56Z
SubmitPartialDecryption,155,3d408e7ba9ac7eb1df3f2baf094fef5aa66e44c00887d959dd035f7cfec54933,533,2b9d081e03b92ba8d071cd6319ac71ea69f78ec86b0c2345c85523727dc3bb2c,65e8d41917a35ac085f2e9dfa18da03d0e221d2969af3b42d30895c11f4d974f,b880008b3377dad58baf7f0c73ce867c6f2ddbb8e9f5c19e69e707315964d628,2026-09-30T17:48:56Z
SubmitPartialDecryption,150,954633b4c2011f50d22c38d835c01601908bf006fbdf6642f972cf00dd56aea0,533,2b9d081e03b92ba8d071cd6319ac71ea69f78ec86b0c2345c85523727dc3bb2c,65e8d41917a35ac085f2e9dfa18da03d0e221d2969af3b42d30895c11f4d974f,b880008b3377dad58baf7f0c73ce867c6f2ddbb8e9f5c19e69e707315964d628,2026-09-30T17:48:56Z
SubmitPartialDecryption,164,0fa35092b03a7bbf8002b8f5ba581d9605647cff089773c008a6235ff8a425bc,534,ba24d7b46e9aff6307b6f0db6289b556a37b2e0920c2d5ae9e6547f5d00886ea,05e62f078871327c78bb96199008f4ef3151fa505cb4f477b3f5d8b1efd56e70,2b9d081e03b92ba8d071cd6319ac71ea69f78ec86b0c2345c85523727dc3bb2c,2026-09-30T17:48:58Z
SubmitPartialDecryption,161,6d1a01ca7654ddc4997664954bb1428ee16c70a421da517639fd372af8bae049,534,ba24d7b46e9aff6307b6f0db6289b556a37b2e0920c2d5ae9e6547f5d00886ea,05e62f078871327c78bb96199008f4ef3151fa505cb4f477b3f5d8b1efd56e70,2b9d081e03b92ba8d071cd6319ac71ea69f78ec86b0c2345c85523727dc3bb2c,2026-09-30T17:48:58Z
SubmitPartialDecryption,172,c242868ee530bed7bf38d15341e3e310f5e0f9a981139e85f1618fa5308c2df1,534,ba24d7b46e9aff6307b6f0db6289b556a37b2e0920c2d5ae9e6547f5d00886ea,05e62f078871327c78bb96199008f4ef3151fa505cb4f477b3f5d8b1efd56e70,2b9d081e03b92ba8d071cd6319ac71ea69f78ec86b0c2345c85523727dc3bb2c,2026-09-30T17:48:58Z
SubmitPartialDecryption,170,11d814c951b14f87d2956d44f543a99365452b4839761c46e14b87681edbc66e,534,ba24d7b46e9aff6307b6f0db6289b556a37b2e0920c2d5ae9e6547f5d00886ea,05e62f078871327c78bb96199008f4ef3151fa505cb4f477b3f5d8b1efd56e70,2b9d081e03b92ba8d071cd6319ac71ea69f78ec86b0c2345c85523727dc3bb2c,2026-09-30T17:48:58Z
SubmitPartialDecryption,168,a81402a34da8d7dd2c93dc5e603141c1afaed384723659ddb9975536cbdbbc07,534,ba24d7b46e9aff6307b6f0db6289b556a37b2e0920c2d5ae9e6547f5d00886ea,05e62f078871327c78bb96199008f4ef3151fa505cb4f477b3f5d8b1efd56e70,2b9d081e03b92ba8d071cd6319ac71ea69f78ec86b0c2345c85523727dc3bb2c,2026-09-30T17:48:58Z
SubmitPartialDecryption,167,2ae7c9dd2f1db2c2dce3267677966efaeb661ab5710f5c8e69b8bbfe7fd84efd,534,ba24d7b46e9aff6307b6f0db6289b556a37b2e0920c2d5ae9e6547f5d00886ea,05e62f078871327c78bb96199008f4ef3151fa505cb4f477b3f5d8b1efd56e70,2b9d081e03b92ba8d071cd6319ac71ea69f78ec86b0c2345c85523727dc3bb2c,2026-09-30T17:48:58Z
SubmitPartialDecryption,169,a1ca49532c4fb0ddf5135548014bcd426fe8d5ad3d9504c43c30ec71fdec153e,534,ba24d7b46e9aff6307b6f0db6289b556a37b2e0920c2d5ae9e6547f5d00886ea,05e62f078871327c78bb96199008f4ef3151fa505cb4f477b3f5d8b1efd56e70,2b9d081e03b92ba8d071cd6319ac71ea69f78ec86b0c2345c85523727dc3bb2c,2026-09-30T17:48:58Z
SubmitPartialDecryption,160,8a9b90b6e8e909e8bb2a2691e13c427aee9695c63cff2469ad035d0f731275f8,534,ba24d7b46e9aff6307b6f0db6289b556a37b2e0920c2d5ae9e6547f5d00886ea,05e62f078871327c78bb96199008f4ef3151fa505cb4f477b3f5d8b1efd56e70,2b9d081e03b92ba8d071cd6319ac71ea69f78ec86b0c2345c85523727dc3bb2c,2026-09-30T17:48:58Z
SubmitPartialDecryption,175,b3a26cbf067a32b2e932e1904899e69f247f524018d5903fd1c26fbb01a1be06,534,ba24d7b46e9aff6307b6f0db6289b556a37b2e0920c2d5ae9e6547f5d00886ea,05e62f078871327c78bb96199008f4ef3151fa505cb4f477b3f5d8b1efd56e70,2b9d081e03b92ba8d071cd6319ac71ea69f78ec86b0c2345c85523727dc3bb2c,2026-09-30T17:48:58Z
SubmitPartialDecryption,165,63e165588e97f81ec391a11fb0467a5c3a4e47ec7f002288b08ad9a0bf67b3f6,534,ba24d7b46e9aff6307b6f0db6289b556a37b2e0920c2d5ae9e6547f5d00886ea,05e62f078871327c78bb96199008f4ef3151fa505cb4f477b3f5d8b1efd56e70,2b9d081e03b92ba8d071cd6319ac71ea69f78ec86b0c2345c85523727dc3bb2c,2026-09-30T17:48:58Z
SubmitPartialDecryption,163,adef8adad5f499331c4b772f9708fe24795d6109ff682b55467248ab2babcd90,534,ba24d7b46e9aff6307b6f0db6289b556a37b2e0920c2d5ae9e6547f5d00886ea,05e62f078871327c78bb96199008f4ef3151fa505cb4f477b3f5d8b1efd56e70,2b9d081e03b92ba8d071cd6319ac71ea69f78ec86b0c2345c85523727dc3bb2c,2026-09-30T17:48:58Z
SubmitPartialDecryption,171,7705e436a4f99a7ceef1d68451f7d459a2b39df471edf4da9b2b18d9145838fa,534,ba24d7b46e9aff6307b6f0db6289b556a37b2e0920c2d5ae9e6547f5d00886ea,05e62f078871327c78bb96199008f4ef3151fa505cb4f477b3f5d8b1efd56e70,2b9d081e03b92ba8d071cd6319ac71ea69f78ec86b0c2345c85523727dc3bb2c,2026-09-30T17:48:58Z
SubmitPartialDecryption,174,b50da7f5ec708717b14db80db57fccf887786f58c2b30067bdb4d783aacda49e,534,ba24d7b46e9aff6307b6f0db6289b556a37b2e0920c2d5ae9e6547f5d00886ea,05e62f078871327c78bb96199008f4ef3151fa505cb4f477b3f5d8b1efd56e70,2b9d081e03b92ba8d071cd6319ac71ea69f78ec86b0c2345c85523727dc3bb2c,2026-09-30T17:48:58Z
SubmitPartialDecryption,162,0e02871102a4d10a5105a0f43aa80eb44da084c800648bdaeff5f8e870331c77,534,ba24d7b46e9aff6307b6f0db6289b556a37b2e0920c2d5ae9e6547f5d00886ea,05e62f078871327c78bb96199008f4ef3151fa505cb4f477b3f5d8b1efd56e70,2b9d081e03b92ba8d071cd6319ac71ea69f78ec86b0c2345c85523727dc3bb2c,2026-09-30T17:48:58Z
SubmitPartialDecryption,173,4f2d0d274dea42d876a7c7b7ebf17ae4320358bed1e06e8be312efd3a77d1ff6,534,ba24d7b46e9aff6307b6f0db6289b556a37b2e0920c2d5ae9e6547f5d00886ea,05e62f078871327c78bb96199008f4ef3151fa505cb4f477b3f5d8b1efd56e70,2b9d081e03b92ba8d071cd6319ac71ea69f78ec86b0c2345c85523727dc3bb2c,2026-09-30T17:48:58Z
SubmitPartialDecryption,166,c804d705131cce7e9b1c459e517fcfcc175d508fb78a96d141ae1c3b2eb2ecd1,534,ba24d7b46e9aff6307b6f0db6289b556a37b2e0920c2d5ae9e6547f5d00886ea,05e62f078871327c78bb96199008f4ef3151fa505cb4f477b3f5d8b1efd56e70,2b9d081e03b92ba8d071cd6319ac71ea69f78ec86b0c2345c85523727dc3bb2c,2026-09-30T17:48:58Z
SubmitPartialDecryption,180,d1d65e7a1d8ec45cba314e1a327eecc544c9f9c96c1183eb3185e12b2d774963,535,749be352f5b240f87f05701fb5cb30bc854f586e12eaa2fe71f1e682aac925c7,3631e071321bcb61435f39cc921d662817f6803884a1fd0fd87a10fe4caf78c6,ba24d7b46e9aff6307b6f0db6289b556a37b2e0920c2d5ae9e6547f5d00886ea,2026-09-30T17:49:00Z
SubmitPartialDecryption,186,bd650700d8eaa7ad909f20819254f9338d56258bae2c0bd687f088dc258548f6,535,749be352f5b240f87f05701fb5cb30bc854f586e12eaa2fe71f1e682aac925c7,3631e071321bcb61435f39cc921d662817f6803884a1fd0fd87a10fe4caf78c6,ba24d7b46e9aff6307b6f0db6289b556a37b2e0920c2d5ae9e6547f5d00886ea,2026-09-30T17:49:00Z
SubmitPartialDecryption,177,930ffd141f39e58c7053760ad62b2e1f461ed26ab79e040660879d255013ce6f,535,749be352f5b240f87f05701fb5cb30bc854f586e12eaa2fe71f1e682aac925c7,3631e071321bcb61435f39cc921d662817f6803884a1fd0fd87a10fe4caf78c6,ba24d7b46e9aff6307b6f0db6289b556a37b2e0920c2d5ae9e6547f5d00886ea,2026-09-30T17:49:00Z
SubmitPartialDecryption,185,a32c303a6e6c13ee85eea8e3089f0b9e005f234e4b2f46adf4610b0dbc5c8b27,535,749be352f5b240f87f05701fb5cb30bc854f586e12eaa2fe71f1e682aac925c7,3631e071321bcb61435f39cc921d662817f6803884a1fd0fd87a10fe4caf78c6,ba24d7b46e9aff6307b6f0db6289b556a37b2e0920c2d5ae9e6547f5d00886ea,2026-09-30T17:49:00Z
SubmitPartialDecryption,178,71f9757ebc7398b3ebcc6ed9b3d38e62be257df4696053eb5cbeefa3677eee1d,535,749be352f5b240f87f05701fb5cb30bc854f586e12eaa2fe71f1e682aac925c7,3631e071321bcb61435f39cc921d662817f6803884a1fd0fd87a10fe4caf78c6,ba24d7b46e9aff6307b6f0db6289b556a37b2e0920c2d5ae9e6547f5d00886ea,2026-09-30T17:49:00Z
SubmitPartialDecryption,183,9cb16f69f0fe812e50f26213a59721ca718f3e32e6341fec6305d3092a068882,535,749be352f5b240f87f05701fb5cb30bc854f586e12eaa2fe71f1e682aac925c7,3631e071321bcb61435f39cc921d662817f6803884a1fd0fd87a10fe4caf78c6,ba24d7b46e9aff6307b6f0db6289b556a37b2e0920c2d5ae9e6547f5d00886ea,2026-09-30T17:49:00Z
SubmitPartialDecryption,182,52556f62f823013ec14e98ae4ef0779731b04a97c24467d0c8ca0ea3405adbd9,535,749be352f5b240f87f05701fb5cb30bc854f586e12eaa2fe71f1e682aac925c7,3631e071321bcb61435f39cc921d662817f6803884a1fd0fd87a10fe4caf78c6,ba24d7b46e9aff6307b6f0db6289b556a37b2e0920c2d5ae9e6547f5d00886ea,2026-09-30T17:49:00Z
SubmitPartialDecryption,191,59ba13b7be3fd70e8e2702d951603b6427d13b9b9bfcec0eaeb892248bd04431,535,749be352f5b240f87f05701fb5cb30bc854f586e12eaa2fe71f1e682aac925c7,3631e071321bcb61435f39cc921d662817f6803884a1fd0fd87a10fe4caf78c6,ba24d7b46e9aff6307b6f0db6289b556a37b2e0920c2d5ae9e6547f5d00886ea,2026-09-30T17:49:00Z
SubmitPartialDecryption,190,e4f380ded6e148a29cbfd1d410d64edaf8404d9774b087c617d034bb95d2a45b,535,749be352f5b240f87f05701fb5cb30bc854f586e12eaa2fe71f1e682aac925c7,3631e071321bcb61435f39cc921d662817f6803884a1fd0fd87a10fe4caf78c6,ba24d7b46e9aff6307b6f0db6289b556a37b2e0920c2d5ae9e6547f5d00886ea,2026-09-30T17:49:00Z
SubmitPartialDecryption,189,b10cc97f479d2004ac151b9752253cf2a2578c43c2cf3654afe68f057da84e1e,535,749be352f5b240f87f05701fb5cb30bc854f586e12eaa2fe71f1e682aac925c7,3631e071321bcb61435f39cc921d662817f6803884a1fd0fd87a10fe4caf78c6,ba24d7b46e9aff6307b6f0db6289b556a37b2e0920c2d5ae9e6547f5d00886ea,2026-09-30T17:49:00Z
SubmitPartialDecryption,181,5c64e46cc81b80ca425d4acce47af8ce11bf67afabc2632616274a7d71d6833a,535,749be352f5b240f87f05701fb5cb30bc854f586e12eaa2fe71f1e682aac925c7,3631e071321bcb61435f39cc921d662817f6803884a1fd0fd87a10fe4caf78c6,ba24d7b46e9aff6307b6f0db6289b556a37b2e0920c2d5ae9e6547f5d00886ea,2026-09-30T17:49:00Z
SubmitPartialDecryption,188,797e92567bcc7bcbf353eb4e1094799589ced89735739f8bdbf2d86374851c9f,535,749be352f5b240f87f05701fb5cb30bc854f586e12eaa2fe71f1e682aac925c7,3631e071321bcb61435f39cc921d662817f6803884a1fd0fd87a10fe4caf78c6,ba24d7b46e9aff6307b6f0db6289b556a37b2e0920c2d5ae9e6547f5d00886ea,2026-09-30T17:49:00Z
SubmitPartialDecryption,187,8972d9861cd2500a2827670ec816a1954120dccc6f6ff0e3929332e4d4532805,535,749be352f5b240f87f05701fb5cb30bc854f586e12eaa2fe71f1e682aac925c7,3631e071321bcb61435f39cc921d662817f6803884a1fd0fd87a10fe4caf78c6,ba24d7b46e9aff6307b6f0db6289b556a37b2e0920c2d5ae9e6547f5d00886ea,2026-09-30T17:49:00Z
SubmitPartialDecryption,184,66682152f6783f375fd49348d1b9158e3b53fa68a6966a527a7af5e07eb0dbd1,535,749be352f5b240f87f05701fb5cb30bc854f586e12eaa2fe71f1e682aac925c7,3631e071321bcb61435f39cc921d662817f6803884a1fd0fd87a10fe4caf78c6,ba24d7b46e9aff6307b6f0db6289b556a37b2e0920c2d5ae9e6547f5d00886ea,2026-09-30T17:49:00Z
SubmitPartialDecryption,176,9a8bceb252f22a1aad80969e482c53b4787ffc3e659960fdfc8165c143224e32,535,749be352f5b240f87f05701fb5cb30bc854f586e12eaa2fe71f1e682aac925c7,3631e071321bcb61435f39cc921d662817f6803884a1fd0fd87a10fe4caf78c6,ba24d7b46e9aff6307b6f0db6289b556a37b2e0920c2d5ae9e6547f5d00886ea,2026-09-30T17:49:00Z
SubmitPartialDecryption,179,949a49348eb45052825048a7400a8e8880e9a22517a6cc04f82795f76b193ab5,535,749be352f5b240f87f05701fb5cb30bc854f586e12eaa2fe71f1e682aac925c7,3631e071321bcb61435f39cc921d662817f6803884a1fd0fd87a10fe4caf78c6,ba24d7b46e9aff6307b6f0db6289b556a37b2e0920c2d5ae9e6547f5d00886ea,2026-09-30T17:49:00Z
SubmitPartialDecryption,202,f7912aecbd211e48fd90353dc05022f82e6a941437f4f3c8f926a860c31ab9a4,536,0d3d326bfd0f77f67534be8ead732762123381fecd2dfdbc2f10b9f4aec39b3d,8454520f492da319f84ffeb697425b12b02c38c5eee75758c64a3a4de2fb9c81,749be352f5b240f87f05701fb5cb30bc854f586e12eaa2fe71f1e682aac925c7,2026-09-30T17:49:02Z
SubmitPartialDecryption,201,66b301dc11be2c5a0eb4befe57ef2a28e257e420717711902bc5a15999419e9d,536,0d3d326bfd0f77f67534be8ead732762123381fecd2dfdbc2f10b9f4aec39b3d,8454520f492da319f84ffeb697425b12b02c38c5eee75758c64a3a4de2fb9c81,749be352f5b240f87f05701fb5cb30bc854f586e12eaa2fe71f1e682aac925c7,2026-09-30T17:49:02Z
SubmitPartialDecryption,199,b77c5182a72ddb735a76ce1bd3e43c22bef3e034abf10986946fc2023c446584,536,0d3d326bfd0f77f67534be8ead732762123381fecd2dfdbc2f10b9f4aec39b3d,8454520f492da319f84ffeb697425b12b02c38c5eee75758c64a3a4de2fb9c81,749be352f5b240f87f05701fb5cb30bc854f586e12eaa2fe71f1e682aac925c7,2026-09-30T17:49:02Z
SubmitPartialDecryption,192,2adedd8332138a924dacc4915ba10c7294ff2d824bf6c387c8afb8b8a04fa0f3,536,0d3d326bfd0f77f67534be8ead732762123381fecd2dfdbc2f10b9f4aec39b3d,8454520f492da319f84ffeb697425b12b02c38c5eee75758c64a3a4de2fb9c81,749be352f5b240f87f05701fb5cb30bc854f586e12eaa2fe71f1e682aac925c7,2026-09-30T17:49:02Z
SubmitPartialDecryption,204,10ebfe7ed5ce2b2a7ed4970aca65133a96a77282d579c2d2f8f9eef9178dc310,536,0d3d326bfd0f77f67534be8ead732762123381fecd2dfdbc2f10b9f4aec39b3d,8454520f492da319f84ffeb697425b12b02c38c5eee75758c64a3a4de2fb9c81,749be352f5b240f87f05701fb5cb30bc854f586e12eaa2fe71f1e682aac925c7,2026-09-30T17:49:02Z
SubmitPartialDecryption,207,1025e42eaf01f11c20ff1b1f397c81f1578a162e2b082c712caa6088865d1ff8,536,0d3d326bfd0f77f67534be8ead732762123381fecd2dfdbc2f10b9f4aec39b3d,8454520f492da319f84ffeb697425b12b02c38c5eee75758c64a3a4de2fb9c81,749be352f5b240f87f05701fb5cb30bc854f586e12eaa2fe71f1e682aac925c7,2026-09-30T17:49:02Z
SubmitPartialDecryption,203,d4a9458cca469b8d3fa37a0a3f223b36b740dd08aebab22ed12483360e9f1cea,536,0d3d326bfd0f77f67534be8ead732762123381fecd2dfdbc2f10b9f4aec39b3d,8454520f492da319f84ffeb697425b12b02c38c5eee75758c64a3a4de2fb9c81,749be352f5b240f87f05701fb5cb30bc854f586e12eaa2fe71f1e682aac925c7,2026-09-30T17:49:02Z
SubmitPartialDecryption,196,2031eccafccd1e5213fee36253e6a9639126c78300adb00ad170f85bd13886b8,536,0d3d326bfd0f77f67534be8ead732762123381fecd2dfdbc2f10b9f4aec39b3d,8454520f492da319f84ffeb697425b12b02c38c5eee75758c64a3a4de2fb9c81,749be352f5b240f87f05701fb5cb30bc854f586e12eaa2fe71f1e682aac925c7,2026-09-30T17:49:02Z
SubmitPartialDecryption,198,d5501744f4b98f83de6f30006cde8b36306fc3fe95be95c255e394b211b6c185,536,0d3d326bfd0f77f67534be8ead732762123381fecd2dfdbc2f10b9f4aec39b3d,8454520f492da319f84ffeb697425b12b02c38c5eee75758c64a3a4de2fb9c81,749be352f5b240f87f05701fb5cb30bc854f586e12eaa2fe71f1e682aac925c7,2026-09-30T17:49:02Z
SubmitPartialDecryption,197,14645b9e365ad7dd64517efd1dec5e34989fd9ac123db9e2f23e3019de73b656,536,0d3d326bfd0f77f67534be8ead732762123381fecd2dfdbc2f10b9f4aec39b3d,8454520f492da319f84ffeb697425b12b02c38c5eee75758c64a3a4de2fb9c81,749be352f5b240f87f05701fb5cb30bc854f586e12eaa2fe71f1e682aac925c7,2026-09-30T17:49:02Z
SubmitPartialDecryption,200,dc4a7e717c507eaa2741473b542b56f7f2bfa6ccb464388cf18a5753afaa46da,536,0d3d326bfd0f77f67534be8ead732762123381fecd2dfdbc2f10b9f4aec39b3d,8454520f492da319f84ffeb697425b12b02c38c5eee75758c64a3a4de2fb9c81,749be352f5b240f87f05701fb5cb30bc854f586e12eaa2fe71f1e682aac925c7,2026-09-30T17:49:02Z
SubmitPartialDecryption,193,3e754837756b634517914ae22335a59f7f25627dc410861a1a6f75e333f3a584,536,0d3d326bfd0f77f67534be8ead732762123381fecd2dfdbc2f10b9f4aec39b3d,8454520f492da319f84ffeb697425b12b02c38c5eee75758c64a3a4de2fb9c81,749be352f5b240f87f05701fb5cb30bc854f586e12eaa2fe71f1e682aac925c7,2026-09-30T17:49:02Z
SubmitPartialDecryption,195,a51aff3511a413db9f86ae1a99e0948ed570a6172abf0c54d8b54364d46008ab,536,0d3d326bfd0f77f67534be8ead732762123381fecd2dfdbc2f10b9f4aec39b3d,8454520f492da319f84ffeb697425b12b02c38c5eee75758c64a3a4de2fb9c81,749be352f5b240f87f05701fb5cb30bc854f586e12eaa2fe71f1e682aac925c7,2026-09-30T17:49:02Z
SubmitPartialDecryption,205,9df8db883c5f36731bbee444769de02cc2ffa88fefc3bd1f6ad50c84fbf88224,536,0d3d326bfd0f77f67534be8ead732762123381fecd2dfdbc2f10b9f4aec39b3d,8454520f492da319f84ffeb697425b12b02c38c5eee75758c64a3a4de2fb9c81,749be352f5b240f87f05701fb5cb30bc854f586e12eaa2fe71f1e682aac925c7,2026-09-30T17:49:02Z
SubmitPartialDecryption,194,afb620e3b8b6f5c66bcfbe2385bbdac6b00c9fbade260fbb10368acff624b2a9,536,0d3d326bfd0f77f67534be8ead732762123381fecd2dfdbc2f10b9f4aec39b3d,8454520f492da319f84ffeb697425b12b02c38c5eee75758c64a3a4de2fb9c81,749be352f5b240f87f05701fb5cb30bc854f586e12eaa2fe71f1e682aac925c7,2026-09-30T17:49:02Z
SubmitPartialDecryption,206,336623a96a8f64634e9b3d34b0a3d5b0a26f8983d12d2b257195e824d9f8e282,536,0d3d326bfd0f77f67534be8ead732762123381fecd2dfdbc2f10b9f4aec39b3d,8454520f492da319f84ffeb697425b12b02c38c5eee75758c64a3a4de2fb9c81,749be352f5b240f87f05701fb5cb30bc854f586e12eaa2fe71f1e682aac925c7,2026-09-30T17:49:02Z
SubmitPartialDecryption,217,d82c42699ee346ec9449d807f2c29b9f388d3632d6767bf8ed45ff072c9f7bae,537,cd9ff9d87f7d5f582be92f411e4b55be56c165b09e3bb7e3571e7229837e7846,2e29b73deee28a61ed15261c9a4235985afa71b7d86f9f5ccfaebc1b9365c63f,0d3d326bfd0f77f67534be8ead732762123381fecd2dfdbc2f10b9f4aec39b3d,2026-09-30T17:49:04Z
SubmitPartialDecryption,221,e4531c8d692222a21cade0f79169977f323bd3da09c857f5725120d61c123353,537,cd9ff9d87f7d5f582be92f411e4b55be56c165b09e3bb7e3571e7229837e7846,2e29b73deee28a61ed15261c9a4235985afa71b7d86f9f5ccfaebc1b9365c63f,0d3d326bfd0f77f67534be8ead732762123381fecd2dfdbc2f10b9f4aec39b3d,2026-09-30T17:49:04Z
SubmitPartialDecryption,219,283a9a1861a4b670697e552b9a9abd1e40e8a769e9f684c7671c4d40dc318ddc,537,cd9ff9d87f7d5f582be92f411e4b55be56c165b09e3bb7e3571e7229837e7846,2e29b73deee28a61ed15261c9a4235985afa71b7d86f9f5ccfaebc1b9365c63f,0d3d326bfd0f77f67534be8ead732762123381fecd2dfdbc2f10b9f4aec39b3d,2026-09-30T17:49:04Z
SubmitPartialDecryption,215,3b7e8687b6323646c7a12944599f8bdd2e26a3ccc7a089852f89b0de2c4d8e3a,537,cd9ff9d87f7d5f582be92f411e4b55be56c165b09e3bb7e3571e7229837e7846,2e29b73deee28a61ed15261c9a4235985afa71b7d86f9f5ccfaebc1b9365c63f,0d3d326bfd0f77f67534be8ead732762123381fecd2dfdbc2f10b9f4aec39b3d,2026-09-30T17:49:04Z
SubmitPartialDecryption,222,8f61132377ce320c4ad4df1ac9aa16b6efaffb8b485407d3b964093b759f55fc,537,cd9ff9d87f7d5f582be92f411e4b55be56c165b09e3bb7e3571e7229837e7846,2e29b73deee28a61ed15261c9a4235985afa71b7d86f9f5ccfaebc1b9365c63f,0d3d326bfd0f77f67534be8ead732762123381fecd2dfdbc2f10b9f4aec39b3d,2026-09-30T17:49:04Z
SubmitPartialDecryption,209,c5197950ed7481d190d1443b5c4ecf7440d24678b032b193128fd72b5d1829b5,537,cd9ff9d87f7d5f582be92f411e4b55be56c165b09e3bb7e3571e7229837e7846,2e29b73deee28a61ed15261c9a4235985afa71b7d86f9f5ccfaebc1b9365c63f,0d3d326bfd0f77f67534be8ead732762123381fecd2dfdbc2f10b9f4aec39b3d,2026-09-30T17:49:04Z
SubmitPartialDecryption,218,7e8081d42002e5c6fa3ea3458c186fce83dda8ecfa2af1939a5016bd5be6650d,537,cd9ff9d87f7d5f582be92f411e4b55be56c165b09e3bb7e3571e7229837e7846,2e29b73deee28a61ed15261c9a4235985afa71b7d86f9f5ccfaebc1b9365c63f,0d3d326bfd0f77f67534be8ead732762123381fecd2dfdbc2f10b9f4aec39b3d,2026-09-30T17:49:04Z
SubmitPartialDecryption,214,4a595c2cc632e442bd85c468dbe11f044bcd0a048267bbee4499c00b804ca575,537,cd9ff9d87f7d5f582be92f411e4b55be56c165b09e3bb7e3571e7229837e7846,2e29b73deee28a61ed15261c9a4235985afa71b7d86f9f5ccfaebc1b9365c63f,0d3d326bfd0f77f67534be8ead732762123381fecd2dfdbc2f10b9f4aec39b3d,2026-09-30T17:49:04Z
SubmitPartialDecryption,213,b7cedfc15edb7ff87d9e5d0eb7a0417878c1a0b6fa6b704ec0f737a562c1bd30,537,cd9ff9d87f7d5f582be92f411e4b55be56c165b09e3bb7e3571e7229837e7846,2e29b73deee28a61ed15261c9a4235985afa71b7d86f9f5ccfaebc1b9365c63f,0d3d326bfd0f77f67534be8ead732762123381fecd2dfdbc2f10b9f4aec39b3d,2026-09-30T17:49:04Z
SubmitPartialDecryption,220,2422983a7cc0ea7cbfb6e69608522094727c8d4773fd7cf8ec32803439ce20b7,537,cd9ff9d87f7d5f582be92f411e4b55be56c165b09e3bb7e3571e7229837e7846,2e29b73deee28a61ed15261c9a4235985afa71b7d86f9f5ccfaebc1b9365c63f,0d3d326bfd0f77f67534be8ead732762123381fecd2dfdbc2f10b9f4aec39b3d,2026-09-30T17:49:04Z
SubmitPartialDecryption,212,06da91e8b83c837119a691b740d1228c210d6868349ec175340c48086155bf19,537,cd9ff9d87f7d5f582be92f411e4b55be56c165b09e3bb7e3571e7229837e7846,2e29b73deee28a61ed15261c9a4235985afa71b7d86f9f5ccfaebc1b9365c63f,0d3d326bfd0f77f67534be8ead732762123381fecd2dfdbc2f10b9f4aec39b3d,2026-09-30T17:49:04Z
SubmitPartialDecryption,223,f17ee95be70eada102eaac7f844d251d6d521b74e33d7fc75ec5bf5081f33d18,537,cd9ff9d87f7d5f582be92f411e4b55be56c165b09e3bb7e3571e7229837e7846,2e29b73deee28a61ed15261c9a4235985afa71b7d86f9f5ccfaebc1b9365c63f,0d3d326bfd0f77f67534be8ead732762123381fecd2dfdbc2f10b9f4aec39b3d,2026-09-30T17:49:04Z
SubmitPartialDecryption,210,53395395d09913b42d8d87e6820b1bded9d4bbd45eee7ed894c2721ccbe7a14b,537,cd9ff9d87f7d5f582be92f411e4b55be56c165b09e3bb7e3571e7229837e7846,2e29b73deee28a61ed15261c9a4235985afa71b7d86f9f5ccfaebc1b9365c63f,0d3d326bfd0f77f67534be8ead732762123381fecd2dfdbc2f10b9f4aec39b3d,2026-09-30T17:49:04Z
SubmitPartialDecryption,211,13aa6e452485eb2c0352df668ef96fbdb52bb371978254b6b930c8e77dfe5fa4,537,cd9ff9d87f7d5f582be92f411e4b55be56c165b09e3bb7e3571e7229837e7846,2e29b73deee28a61ed15261c9a4235985afa71b7d86f9f5ccfaebc1b9365c63f,0d3d326bfd0f77f67534be8ead732762123381fecd2dfdbc2f10b9f4aec39b3d,2026-09-30T17:49:04Z
SubmitPartialDecryption,208,c4256ec2649ce24a43fb3155fe1adf31e58b0a07dcd04b4048f14dfb429c6c3c,537,cd9ff9d87f7d5f582be92f411e4b55be56c165b09e3bb7e3571e7229837e7846,2e29b73deee28a61ed15261c9a4235985afa71b7d86f9f5ccfaebc1b9365c63f,0d3d326bfd0f77f67534be8ead732762123381fecd2dfdbc2f10b9f4aec39b3d,2026-09-30T17:49:04Z
SubmitPartialDecryption,216,67ce5740c8fd1edc7a55f3c503ce2c84472ed0c0579e5e0062cd4fdbdeab022b,537,cd9ff9d87f7d5f582be92f411e4b55be56c165b09e3bb7e3571e7229837e7846,2e29b73deee28a61ed15261c9a4235985afa71b7d86f9f5ccfaebc1b9365c63f,0d3d326bfd0f77f67534be8ead732762123381fecd2dfdbc2f10b9f4aec39b3d,2026-09-30T17:49:04Z
SubmitPartialDecryption,237,147b71da462c18e1f56795abed503d6fa92a7999d2189243f4f1690e29ace220,538,236d4ec972578f0d7956d8ad84a429fb40cd6fb77d0cad761820678d106f1b2b,71e307e36065ca2927b3535f6266d5f021cec246bf99fdb23cd3d1934231e893,cd9ff9d87f7d5f582be92f411e4b55be56c165b09e3bb7e3571e7229837e7846,2026-09-30T17:49:06Z
SubmitPartialDecryption,224,d15e1823585c3f887912a057a3487718665b4eb5ffcd7e5eeb399f773a662683,538,236d4ec972578f0d7956d8ad84a429fb40cd6fb77d0cad761820678d106f1b2b,71e307e36065ca2927b3535f6266d5f021cec246bf99fdb23cd3d1934231e893,cd9ff9d87f7d5f582be92f411e4b55be56c165b09e3bb7e3571e7229837e7846,2026-09-30T17:49:06Z
SubmitPartialDecryption,231,b2ef62a577a8b7b49b3486fd90f37ebf4b61b93b757526417be87034b8a4f1de,538,236d4ec972578f0d7956d8ad84a429fb40cd6fb77d0cad761820678d106f1b2b,71e307e36065ca2927b3535f6266d5f021cec246bf99fdb23cd3d1934231e893,cd9ff9d87f7d5f582be92f411e4b55be56c165b09e3bb7e3571e7229837e7846,2026-09-30T17:49:06Z
SubmitPartialDecryption,230,0e3ed86ff01faca8dafb1f476f1bfe4687d372c73b6b11f4a80c2f5ec19d183c,538,236d4ec972578f0d7956d8ad84a429fb40cd6fb77d0cad761820678d106f1b2b,71e307e36065ca2927b3535f6266d5f021cec246bf99fdb23cd3d1934231e893,cd9ff9d87f7d5f582be92f411e4b55be56c165b09e3bb7e3571e7229837e7846,2026-09-30T17:49:06Z
SubmitPartialDecryption,229,83daddab88b3879319ee75d07561a24aa2770987860fbcd9fc3ff70560091c62,538,236d4ec972578f0d7956d8ad84a429fb40cd6fb77d0cad761820678d106f1b2b,71e307e36065ca2927b3535f6266d5f021cec246bf99fdb23cd3d1934231e893,cd9ff9d87f7d5f582be92f411e4b55be56c165b09e3bb7e3571e7229837e7846,2026-09-30T17:49:06Z
SubmitPartialDecryption,236,163f6ed8e2195e35bf2b2334bd86c210100bda57643419c7ff78645404fd0e20,538,236d4ec972578f0d7956d8ad84a429fb40cd6fb77d0cad761820678d106f1b2b,71e307e36065ca2927b3535f6266d5f021cec246bf99fdb23cd3d1934231e893,cd9ff9d87f7d5f582be92f411e4b55be56c165b09e3bb7e3571e7229837e7846,2026-09-30T17:49:06Z
SubmitPartialDecryption,225,e391eb73e99125d86a89c8c9ab8d97163c96ecdf23c385b668cf935d8ba2d987,538,236d4ec972578f0d7956d8ad84a429fb40cd6fb77d0cad761820678d106f1b2b,71e307e36065ca2927b3535f6266d5f021cec246bf99fdb23cd3d1934231e893,cd9ff9d87f7d5f582be92f411e4b55be56c165b09e3bb7e3571e7229837e7846,2026-09-30T17:49:06Z
SubmitPartialDecryption,235,8da769371524ecd525cab984bcb9f981d3ad6858da5790fc8f5b5d9f5730f25a,538,236d4ec972578f0d7956d8ad84a429fb40cd6fb77d0cad761820678d106f1b2b,71e307e36065ca2927b3535f6266d5f021cec246bf99fdb23cd3d1934231e893,cd9ff9d87f7d5f582be92f411e4b55be56c165b09e3bb7e3571e7229837e7846,2026-09-30T17:49:06Z
SubmitPartialDecryption,228,1ba09f5196de1a0b2feccfe67ed5fdb2d69e0210cfaa2921b947026149eca2f7,538,236d4ec972578f0d7956d8ad84a429fb40cd6fb77d0cad761820678d106f1b2b,71e307e36065ca2927b3535f6266d5f021cec246bf99fdb23cd3d1934231e893,cd9ff9d87f7d5f582be92f411e4b55be56c165b09e3bb7e3571e7229837e7846,2026-09-30T17:49:06Z
SubmitPartialDecryption,232,6a9264c970c46e6680f2f0ad5cf4cd0162063f6e48cfa3f03c823fe6379dd3af,538,236d4ec972578f0d7956d8ad84a429fb40cd6fb77d0cad761820678d106f1b2b,71e307e36065ca2927b3535f6266d5f021cec246bf99fdb23cd3d1934231e893,cd9ff9d87f7d5f582be92f411e4b55be56c165b09e3bb7e3571e7229837e7846,2026-09-30T17:49:06Z
SubmitPartialDecryption,239,2efcb4f113f0c3ef63d445a1390b74c6ffe8f69dcab22bc0e59d98dec4397afa,538,236d4ec972578f0d7956d8ad84a429fb40cd6fb77d0cad761820678d106f1b2b,71e307e36065ca2927b3535f6266d5f021cec246bf99fdb23cd3d1934231e893,cd9ff9d87f7d5f582be92f411e4b55be56c165b09e3bb7e3571e7229837e7846,2026-09-30T17:49:06Z
SubmitPartialDecryption,238,e79e8f672aaec028bbede4348c8e741da308253f884858b0ec37b881544186af,538,236d4ec972578f0d7956d8ad84a429fb40cd6fb77d0cad761820678d106f1b2b,71e307e36065ca2927b3535f6266d5f021cec246bf99fdb23cd3d1934231e893,cd9ff9d87f7d5f582be92f411e4b55be56c165b09e3bb7e3571e7229837e7846,2026-09-30T17:49:06Z
SubmitPartialDecryption,234,e7bef031be066e04c1a5fc2dbcf4435da1b05950ad018523a1c65908ce74b297,538,236d4ec972578f0d7956d8ad84a429fb40cd6fb77d0cad761820678d106f1b2b,71e307e36065ca2927b3535f6266d5f021cec246bf99fdb23cd3d1934231e893,cd9ff9d87f7d5f582be92f411e4b55be56c165b09e3bb7e3571e7229837e7846,2026-09-30T17:49:06Z
SubmitPartialDecryption,233,18928f6c7c52962deb78db4ebd42fa914c16490850945af84a5cd139e800de69,538,236d4ec972578f0d7956d8ad84a429fb40cd6fb77d0cad761820678d106f1b2b,71e307e36065ca2927b3535f6266d5f021cec246bf99fdb23cd3d1934231e893,cd9ff9d87f7d5f582be92f411e4b55be56c165b09e3bb7e3571e7229837e7846,2026-09-30T17:49:06Z
SubmitPartialDecryption,227,6e82f3a97bcdf1d9740271e32b090c424b53ab0a2a9604a5cbc75e32ca105dfb,538,236d4ec972578f0d7956d8ad84a429fb40cd6fb77d0cad761820678d106f1b2b,71e307e36065ca2927b3535f6266d5f021cec246bf99fdb23cd3d1934231e893,cd9ff9d87f7d5f582be92f411e4b55be56c165b09e3bb7e3571e7229837e7846,2026-09-30T17:49:06Z
SubmitPartialDecryption,226,39e5565f4877c4abfb771573f821a31b94bac2f0284a727c8124238343dcc88e,538,236d4ec972578f0d7956d8ad84a429fb40cd6fb77d0cad761820678d106f1b2b,71e307e36065ca2927b3535f6266d5f021cec246bf99fdb23cd3d1934231e893,cd9ff9d87f7d5f582be92f411e4b55be56c165b09e3bb7e3571e7229837e7846,2026-09-30T17:49:06Z
SubmitPartialDecryption,245,2ae575d2fde5ea211953e8d538eafd102361b7a907393f1f255fadedd12bcba6,539,dad59b3c99c0a7e07198d0259ac0e1541a50eaf9593e1e76c0c51de480c00680,7cae79a4e4e84864e136958dbc4fb4593a8bbdeb70d3a6541cb44f50b0bd9b56,236d4ec972578f0d7956d8ad84a429fb40cd6fb77d0cad761820678d106f1b2b,2026-09-30T17:49:08Z
SubmitPartialDecryption,251,efad1d8253fc984b5b4a39164ba1e42eba67b603bcbaa0e1e0fb5b34cd59c92d,539,dad59b3c99c0a7e07198d0259ac0e1541a50eaf9593e1e76c0c51de480c00680,7cae79a4e4e84864e136958dbc4fb4593a8bbdeb70d3a6541cb44f50b0bd9b56,236d4ec972578f0d7956d8ad84a429fb40cd6fb77d0cad761820678d106f1b2b,2026-09-30T17:49:08Z
SubmitPartialDecryption,250,3ddb505e188ff770fc280a83273407e53cd68a3de38d96818e8a39af545d0183,539,dad59b3c99c0a7e07198d0259ac0e1541a50eaf9593e1e76c0c51de480c00680,7cae79a4e4e84864e136958dbc4fb4593a8bbdeb70d3a6541cb44f50b0bd9b56,236d4ec972578f0d7956d8ad84a429fb40cd6fb77d0cad761820678d106f1b2b,2026-09-30T17:49:08Z
SubmitPartialDecryption,244,4526786237cd6657529415af287a127291b1383dc031e6173fc0737ff28cbe17,539,dad59b3c99c0a7e07198d0259ac0e1541a50eaf9593e1e76c0c51de480c00680,7cae79a4e4e84864e136958dbc4fb4593a8bbdeb70d3a6541cb44f50b0bd9b56,236d4ec972578f0d7956d8ad84a429fb40cd6fb77d0cad761820678d106f1b2b,2026-09-30T17:49:08Z
SubmitPartialDecryption,252,369991d628afbd80fd3558c7b7abd753d07ca38e42fb6a2cb1dccbf4662fb225,539,dad59b3c99c0a7e07198d0259ac0e1541a50eaf9593e1e76c0c51de480c00680,7cae79a4e4e84864e136958dbc4fb4593a8bbdeb70d3a6541cb44f50b0bd9b56,236d4ec972578f0d7956d8ad84a429fb40cd6fb77d0cad761820678d106f1b2b,2026-09-30T17:49:08Z
SubmitPartialDecryption,241,31ac821fae176eaa0189bf12ddbb7b5a8852a8601efb564155846cf67080c781,539,dad59b3c99c0a7e07198d0259ac0e1541a50eaf9593e1e76c0c51de480c00680,7cae79a4e4e84864e136958dbc4fb4593a8bbdeb70d3a6541cb44f50b0bd9b56,236d4ec972578f0d7956d8ad84a429fb40cd6fb77d0cad761820678d106f1b2b,2026-09-30T17:49:08Z
SubmitPartialDecryption,248,a3472107130db9152fa17128f2473f861cc5a826a2ee13a0499893066c6569a1,539,dad59b3c99c0a7e07198d0259ac0e1541a50eaf9593e1e76c0c51de480c00680,7cae79a4e4e84864e136958dbc4fb4593a8bbdeb70d3a6541cb44f50b0bd9b56,236d4ec972578f0d7956d8ad84a429fb40cd6fb77d0cad761820678d106f1b2b,2026-09-30T17:49:08Z
SubmitPartialDecryption,253,de20476f315299dee614756065041f51d02d0066a2bc8cf1cbfc0274cec265bb,539,dad59b3c99c0a7e07198d0259ac0e1541a50eaf9593e1e76c0c51de480c00680,7cae79a4e4e84864e136958dbc4fb4593a8bbdeb70d3a6541cb44f50b0bd9b56,236d4ec972578f0d7956d8ad84a429fb40cd6fb77d0cad761820678d106f1b2b,2026-09-30T17:49:08Z
SubmitPartialDecryption,246,9d9d56fef0989c4066d6fecf4d9a05f0598c427bd3af468da8d3b30799b1fa67,539,dad59b3c99c0a7e07198d0259ac0e1541a50eaf9593e1e76c0c51de480c00680,7cae79a4e4e84864e136958dbc4fb4593a8bbdeb70d3a6541cb44f50b0bd9b56,236d4ec972578f0d7956d8ad84a429fb40cd6fb77d0cad761820678d106f1b2b,2026-09-30T17:49:08Z
SubmitPartialDecryption,247,def3dc2df02c9acaf4aba3cc30495441abbfba750a319647fefcdfbc7240493a,539,dad59b3c99c0a7e07198d0259ac0e1541a50eaf9593e1e76c0c51de480c00680,7cae79a4e4e84864e136958dbc4fb4593a8bbdeb70d3a6541cb44f50b0bd9b56,236d4ec972578f0d7956d8ad84a429fb40cd6fb77d0cad761820678d106f1b2b,2026-09-30T17:49:08Z
SubmitPartialDecryption,255,37c9fff43c2ef32aca1b4a4283ca5251878d50c560a958406a7b00954cd3ccf5,539,dad59b3c99c0a7e07198d0259ac0e1541a50eaf9593e1e76c0c51de480c00680,7cae79a4e4e84864e136958dbc4fb4593a8bbdeb70d3a6541cb44f50b0bd9b56,236d4ec972578f0d7956d8ad84a429fb40cd6fb77d0cad761820678d106f1b2b,2026-09-30T17:49:08Z
SubmitPartialDecryption,240,4996bbadda18acf31058fb19fdc57a40657ff4d2365511cda37a1edbcb090e02,539,dad59b3c99c0a7e07198d0259ac0e1541a50eaf9593e1e76c0c51de480c00680,7cae79a4e4e84864e136958dbc4fb4593a8bbdeb70d3a6541cb44f50b0bd9b56,236d4ec972578f0d7956d8ad84a429fb40cd6fb77d0cad761820678d106f1b2b,2026-09-30T17:49:08Z
SubmitPartialDecryption,249,3f85196ff56cbae9ae6ddae1bcd978a4aa22baaa25a6dba4736ecf8e6f0b74bc,539,dad59b3c99c0a7e07198d0259ac0e1541a50eaf9593e1e76c0c51de480c00680,7cae79a4e4e84864e136958dbc4fb4593a8bbdeb70d3a6541cb44f50b0bd9b56,236d4ec972578f0d7956d8ad84a429fb40cd6fb77d0cad761820678d106f1b2b,2026-09-30T17:49:08Z
SubmitPartialDecryption,254,43f44a98f206322f0dcf7e7f03a3fa2540ef2577a9b278759368fdb0f44ac651,539,dad59b3c99c0a7e07198d0259ac0e1541a50eaf9593e1e76c0c51de480c00680,7cae79a4e4e84864e136958dbc4fb4593a8bbdeb70d3a6541cb44f50b0bd9b56,236d4ec972578f0d7956d8ad84a429fb40cd6fb77d0cad761820678d106f1b2b,2026-09-30T17:49:08Z
SubmitPartialDecryption,242,ca7bdfd39ddcf2818a8334d868e7b1d7081319e8c508d3659739da73fd4ac218,539,dad59b3c99c0a7e07198d0259ac0e1541a50eaf9593e1e76c0c51de480c00680,7cae79a4e4e84864e136958dbc4fb4593a8bbdeb70d3a6541cb44f50b0bd9b56,236d4ec972578f0d7956d8ad84a429fb40cd6fb77d0cad761820678d106f1b2b,2026-09-30T17:49:08Z
SubmitPartialDecryption,243,d3897fe5d31c5b39397664b2447d4cef0ebad325eff16e8362687759ee28b49a,539,dad59b3c99c0a7e07198d0259ac0e1541a50eaf9593e1e76c0c51de480c00680,7cae79a4e4e84864e136958dbc4fb4593a8bbdeb70d3a6541cb44f50b0bd9b56,236d4ec972578f0d7956d8ad84a429fb40cd6fb77d0cad761820678d106f1b2b,2026-09-30T17:49:08Z
SubmitPartialDecryption,256,96f5a7731701bc431cb3862a22258eebc5306ecdc34bf24d9ba0a118b76d5548,540,806ec61a2283bbd8b772458ead4235fb4ea6e79283c25081aebeec131313c19b,3c2c0a5251018080d1e34575eaf28cc696e1ab8d61246f040271d6dac2407dca,dad59b3c99c0a7e07198d0259ac0e1541a50eaf9593e1e76c0c51de480c00680,2026-09-30T17:49:10Z
SubmitPartialDecryption,266,fd9862d6bb443607cc86e70912e9ac5148c9a5e62b202ab1b48aa873ee9ccbe4,540,806ec61a2283bbd8b772458ead4235fb4ea6e79283c25081aebeec131313c19b,3c2c0a5251018080d1e34575eaf28cc696e1ab8d61246f040271d6dac2407dca,dad59b3c99c0a7e07198d0259ac0e1541a50eaf9593e1e76c0c51de480c00680,2026-09-30T17:49:10Z
SubmitPartialDecryption,265,4c495ed3b0e77d1ba28579a473b20d55a1eaf173a372f8a735d3a89d9231bd24,540,806ec61a2283bbd8b772458ead4235fb4ea6e79283c25081aebeec131313c19b,3c2c0a5251018080d1e34575eaf28cc696e1ab8d61246f040271d6dac2407dca,dad59b3c99c0a7e07198d0259ac0e1541a50eaf9593e1e76c0c51de480c00680,2026-09-30T17:49:10Z
SubmitPartialDecryption,269,c30179c0f3b4d5f378fc95ec2be156fb98eeaa9656d443dcad3daa65b4569c87,540,806ec61a2283bbd8b772458ead4235fb4ea6e79283c25081aebeec131313c19b,3c2c0a5251018080d1e34575eaf28cc696e1ab8d61246f040271d6dac2407dca,dad59b3c99c0a7e07198d0259ac0e1541a50eaf9593e1e76c0c51de480c00680,2026-09-30T17:49:10Z
SubmitPartialDecryption,271,2eb65ab5cee1adf8742b000ec3b7fb43d7bf7c1ef6ff10f2505b62a35081c623,540,806ec61a2283bbd8b772458ead4235fb4ea6e79283c25081aebeec131313c19b,3c2c0a5251018080d1e34575eaf28cc696e1ab8d61246f040271d6dac2407dca,dad59b3c99c0a7e07198d0259ac0e1541a50eaf9593e1e76c0c51de480c00680,2026-09-30T17:49:10Z
SubmitPartialDecryption,261,d6eaddbb30209e0548b11e2a00c06092b3f853aa6f11e0cdac6c09a5d257d245,540,806ec61a2283bbd8b772458ead4235fb4ea6e79283c25081aebeec131313c19b,3c2c0a5251018080d1e34575eaf28cc696e1ab8d61246f040271d6dac2407dca,dad59b3c99c0a7e07198d0259ac0e1541a50eaf9593e1e76c0c51de480c00680,2026-09-30T17:49:10Z
SubmitPartialDecryption,270,f4478db82a2ceb64cd21e643e7abe40b8dea4c212db1c0f01858b9c11865d89b,540,806ec61a2283bbd8b772458ead4235fb4ea6e79283c25081aebeec131313c19b,3c2c0a5251018080d1e34575eaf28cc696e1ab8d61246f040271d6dac2407dca,dad59b3c99c0a7e07198d0259ac0e1541a50eaf9593e1e76c0c51de480c00680,2026-09-30T17:49:10Z
SubmitPartialDecryption,263,ddb425013e551903099beb9c10ea97fd386232c92b304614c22d3267ee4bf9fd,540,806ec61a2283bbd8b772458ead4235fb4ea6e79283c25081aebeec131313c19b,3c2c0a5251018080d1e34575eaf28cc696e1ab8d61246f040271d6dac2407dca,dad59b3c99c0a7e07198d0259ac0e1541a50eaf9593e1e76c0c51de480c00680,2026-09-30T17:49:10Z
SubmitPartialDecryption,268,3ff6735048187d79529e7db6e5502d210611c068bbbbef0e16755ae1479dcafc,540,806ec61a2283bbd8b772458ead4235fb4ea6e79283c25081aebeec131313c19b,3c2c0a5251018080d1e34575eaf28cc696e1ab8d61246f040271d6dac2407dca,dad59b3c99c0a7e07198d0259ac0e1541a50eaf9593e1e76c0c51de480c00680,2026-09-30T17:49:10Z
SubmitPartialDecryption,262,579faef67012919e6bf6345829ca7e7f341758a7d6a82a4ba46b6fb517a9a8cf,540,806ec61a2283bbd8b772458ead4235fb4ea6e79283c25081aebeec131313c19b,3c2c0a5251018080d1e34575eaf28cc696e1ab8d61246f040271d6dac2407dca,dad59b3c99c0a7e07198d0259ac0e1541a50eaf9593e1e76c0c51de480c00680,2026-09-30T17:49:10Z
SubmitPartialDecryption,258,83b9791800fce26b0e36589ff9427e8fe69a6e876eb537edab33468846c5b190,540,806ec61a2283bbd8b772458ead4235fb4ea6e79283c25081aebeec131313c19b,3c2c0a5251018080d1e34575eaf28cc696e1ab8d61246f040271d6dac2407dca,dad59b3c99c0a7e07198d0259ac0e1541a50eaf9593e1e76c0c51de480c00680,2026-09-30T17:49:10Z
SubmitPartialDecryption,264,bef46341884b74d740979c38bde795c0bc72490cd50e90366841dd11ce1d705f,540,806ec61a2283bbd8b772458ead4235fb4ea6e79283c25081aebeec131313c19b,3c2c0a5251018080d1e34575eaf28cc696e1ab8d61246f040271d6dac2407dca,dad59b3c99c0a7e07198d0259ac0e1541a50eaf9593e1e76c0c51de480c00680,2026-09-30T17:49:10Z
SubmitPartialDecryption,260,55b0630e81f0e151ada6ed1e8063cea436a7795b48870074212441d72017997c,540,806ec61a2283bbd8b772458ead4235fb4ea6e79283c25081aebeec131313c19b,3c2c0a5251018080d1e34575eaf28cc696e1ab8d61246f040271d6dac2407dca,dad59b3c99c0a7e07198d0259ac0e1541a50eaf9593e1e76c0c51de480c00680,2026-09-30T17:49:10Z
SubmitPartialDecryption,259,ccaf53b9e8e63defbdbc170bad39bc682006cd4187eaad7a62d45441094e20ae,540,806ec61a2283bbd8b772458ead4235fb4ea6e79283c25081aebeec131313c19b,3c2c0a5251018080d1e34575eaf28cc696e1ab8d61246f040271d6dac2407dca,dad59b3c99c0a7e07198d0259ac0e1541a50eaf9593e1e76c0c51de480c00680,2026-09-30T17:49:10Z
SubmitPartialDecryption,267,a9cb9af5a1f2e22faa28e1c61ea7fce97da50a33a4a4a848baa271bc2078063e,540,806ec61a2283bbd8b772458ead4235fb4ea6e79283c25081aebeec131313c19b,3c2c0a5251018080d1e34575eaf28cc696e1ab8d61246f040271d6dac2407dca,dad59b3c99c0a7e07198d0259ac0e1541a50eaf9593e1e76c0c51de480c00680,2026-09-30T17:49:10Z
SubmitPartialDecryption,257,f5df5383bb02790a56cc857544a3a21dcf660957a5d63c4be5875b9cd7ef9952,540,806ec61a2283bbd8b772458ead4235fb4ea6e79283c25081aebeec131313c19b,3c2c0a5251018080d1e34575eaf28cc696e1ab8d61246f040271d6dac2407dca,dad59b3c99c0a7e07198d0259ac0e1541a50eaf9593e1e76c0c51de480c00680,2026-09-30T17:49:10Z
SubmitPartialDecryption,285,fbbe43ba876ed413e6988223547535b848dad5dedfce062a1bdb8ea3242e8bc4,541,09c4af509551039e37a79642d1afb9c0faf14546b21954287d902fac1cc90c03,39726844e5eb176839dcad4f9ad66fb03b99b82e6c89f4e4cae494157b29c95a,806ec61a2283bbd8b772458ead4235fb4ea6e79283c25081aebeec131313c19b,2026-09-30T17:49:12Z
SubmitPartialDecryption,280,514d7c28464bf574dd66d2aced53e389c8e37548570c6adb92ec9755adeb15d3,541,09c4af509551039e37a79642d1afb9c0faf14546b21954287d902fac1cc90c03,39726844e5eb176839dcad4f9ad66fb03b99b82e6c89f4e4cae494157b29c95a,806ec61a2283bbd8b772458ead4235fb4ea6e79283c25081aebeec131313c19b,2026-09-30T17:49:12Z
SubmitPartialDecryption,279,955eb109c46f14ced99a9b77b0e62f9010f69ee943a3a04dd0a6414900c60b58,541,09c4af509551039e37a79642d1afb9c0faf14546b21954287d902fac1cc90c03,39726844e5eb176839dcad4f9ad66fb03b99b82e6c89f4e4cae494157b29c95a,806ec61a2283bbd8b772458ead4235fb4ea6e79283c25081aebeec131313c19b,2026-09-30T17:49:12Z
SubmitPartialDecryption,275,07fe25deb35a9f722ed9a34d62318b94de7e7d6a682ac5c80e13781fac5ccedd,541,09c4af509551039e37a79642d1afb9c0faf14546b21954287d902fac1cc90c03,39726844e5eb176839dcad4f9ad66fb03b99b82e6c89f4e4cae494157b29c95a,806ec61a2283bbd8b772458ead4235fb4ea6e79283c25081aebeec131313c19b,2026-09-30T17:49:12Z
SubmitPartialDecryption,278,0fca253395f1bf32d3e5356aed15092623cb74e9d4a767d363f45b69e31ea756,541,09c4af509551039e37a79642d1afb9c0faf14546b21954287d902fac1cc90c03,39726844e5eb176839dcad4f9ad66fb03b99b82e6c89f4e4cae494157b29c95a,806ec61a2283bbd8b772458ead4235fb4ea6e79283c25081aebeec131313c19b,2026-09-30T17:49:12Z
SubmitPartialDecryption,282,7fc5266575cc330e9bb2d884ccb90519f4d34ea4cf665730ca65ccb1ff750a84,541,09c4af509551039e37a79642d1afb9c0faf14546b21954287d902fac1cc90c03,39726844e5eb176839dcad4f9ad66fb03b99b82e6c89f4e4cae494157b29c95a,806ec61a2283bbd8b772458ead4235fb4ea6e79283c25081aebeec131313c19b,2026-09-30T17:49:12Z
SubmitPartialDecryption,272,2503cf7b43c345544b2f159f48d99ce270133d342d8cbc828813a7ff90192fc6,541,09c4af509551039e37a79642d1afb9c0faf14546b21954287d902fac1cc90c03,39726844e5eb176839dcad4f9ad66fb03b99b82e6c89f4e4cae494157b29c95a,806ec61a2283bbd8b772458ead4235fb4ea6e79283c25081aebeec131313c19b,2026-09-30T17:49:12Z
SubmitPartialDecryption,273,08ae46ec59b16f180cda1e93ca136db20bb62e37b8c5b78c885f469c5b3e1400,541,09c4af509551039e37a79642d1afb9c0faf14546b21954287d902fac1cc90c03,39726844e5eb176839dcad4f9ad66fb03b99b82e6c89f4e4cae494157b29c95a,806ec61a2283bbd8b772458ead4235fb4ea6e79283c25081aebeec131313c19b,2026-09-30T17:49:12Z
SubmitPartialDecryption,281,a6fe19834a23d34ef0538d8ad2c67294c8bde49ffcf40798307f5f53d890f9d8,541,09c4af509551039e37a79642d1afb9c0faf14546b21954287d902fac1cc90c03,39726844e5eb176839dcad4f9ad66fb03b99b82e6c89f4e4cae494157b29c95a,806ec61a2283bbd8b772458ead4235fb4ea6e79283c25081aebeec131313c19b,2026-09-30T17:49:12Z
SubmitPartialDecryption,284,77311d81f02286f1b38ff3488f394487c46fc2c53bec6668b3d99c09b02af7b1,541,09c4af509551039e37a79642d1afb9c0faf14546b21954287d902fac1cc90c03,39726844e5eb176839dcad4f9ad66fb03b99b82e6c89f4e4cae494157b29c95a,806ec61a2283bbd8b772458ead4235fb4ea6e79283c25081aebeec131313c19b,2026-09-30T17:49:12Z
SubmitPartialDecryption,276,178c125fcc519f1a82f42ae0e7e7e19cd21e13ac21f1c79b3f650dda9cf37aa4,541,09c4af509551039e37a79642d1afb9c0faf14546b21954287d902fac1cc90c03,39726844e5eb176839dcad4f9ad66fb03b99b82e6c89f4e4cae494157b29c95a,806ec61a2283bbd8b772458ead4235fb4ea6e79283c25081aebeec131313c19b,2026-09-30T17:49:12Z
SubmitPartialDecryption,287,ab3914d04868459ed6c641da15ba56c00292cfc9bb8f84a24583c314131e0149,541,09c4af509551039e37a79642d1afb9c0faf14546b21954287d902fac1cc90c03,39726844e5eb176839dcad4f9ad66fb03b99b82e6c89f4e4cae494157b29c95a,806ec61a2283bbd8b772458ead4235fb4ea6e79283c25081aebeec131313c19b,2026-09-30T17:49:12Z
SubmitPartialDecryption,283,e2c073a5f19b9798c43cc296916ee40ef508e6f5525018bbc043ca39b5882bb0,541,09c4af509551039e37a79642d1afb9c0faf14546b21954287d902fac1cc90c03,39726844e5eb176839dcad4f9ad66fb03b99b82e6c89f4e4cae494157b29c95a,806ec61a2283bbd8b772458ead4235fb4ea6e79283c25081aebeec131313c19b,2026-09-30T17:49:12Z
SubmitPartialDecryption,286,665571e800d7e13d5ad6abdadfc996a60fdb81c502b592f6ed2f5af9691cc8ef,541,09c4af509551039e37a79642d1afb9c0faf14546b21954287d902fac1cc90c03,39726844e5eb176839dcad4f9ad66fb03b99b82e6c89f4e4cae494157b29c95a,806ec61a2283bbd8b772458ead4235fb4ea6e79283c25081aebeec131313c19b,2026-09-30T17:49:12Z
SubmitPartialDecryption,274,4e271f2c0f8379f554b72bc9264e78f34f1ae08a29d2d0a9cad2a9d42785624f,541,09c4af509551039e37a79642d1afb9c0faf14546b21954287d902fac1cc90c03,39726844e5eb176839dcad4f9ad66fb03b99b82e6c89f4e4cae494157b29c95a,806ec61a2283bbd8b772458ead4235fb4ea6e79283c25081aebeec131313c19b,2026-09-30T17:49:12Z
SubmitPartialDecryption,277,659bb09cd8611deb63fa0b27973647a7bb80a34b899606dca376e556b94a2d07,541,09c4af509551039e37a79642d1afb9c0faf14546b21954287d902fac1cc90c03,39726844e5eb176839dcad4f9ad66fb03b99b82e6c89f4e4cae494157b29c95a,806ec61a2283bbd8b772458ead4235fb4ea6e79283c25081aebeec131313c19b,2026-09-30T17:49:12Z
SubmitPartialDecryption,299,629dccd5d5d42df92355bba579c910e043d263a2c84237394ff14af36af1161e,542,ade30c48be1309c78d477997193dd559230e2755a151ca349c8753b50d46b777,9585ab6b4a1ecac553a908736d14e07a3de68243b3f628a8c338827bb7df7444,09c4af509551039e37a79642d1afb9c0faf14546b21954287d902fac1cc90c03,2026-09-30T17:49:14Z
SubmitPartialDecryption,295,69aba8dbbe8d9511b122e7eb4cc02dd5683e06913dfb1594d27fb399de098de5,542,ade30c48be1309c78d477997193dd559230e2755a151ca349c8753b50d46b777,9585ab6b4a1ecac553a908736d14e07a3de68243b3f628a8c338827bb7df7444,09c4af509551039e37a79642d1afb9c0faf14546b21954287d902fac1cc90c03,2026-09-30T17:49:14Z
SubmitPartialDecryption,301,8ef8586a7261a3d14000935f89078d9502f2aa847922a8f96e99abd50d26d7c5,542,ade30c48be1309c78d477997193dd559230e2755a151ca349c8753b50d46b777,9585ab6b4a1ecac553a908736d14e07a3de68243b3f628a8c338827bb7df7444,09c4af509551039e37a79642d1afb9c0faf14546b21954287d902fac1cc90c03,2026-09-30T17:49:14Z
SubmitPartialDecryption,292,bb86c511e8898594d25a2bc0e685ef0b69dadd508af1930f68592fbf21d35e65,542,ade30c48be1309c78d477997193dd559230e2755a151ca349c8753b50d46b777,9585ab6b4a1ecac553a908736d14e07a3de68243b3f628a8c338827bb7df7444,09c4af509551039e37a79642d1afb9c0faf14546b21954287d902fac1cc90c03,2026-09-30T17:49:14Z
SubmitPartialDecryption,293,dce516a65b737f425b53e40014f55f5640c57e00ff799151b827351ff5c02dcd,542,ade30c48be1309c78d477997193dd559230e2755a151ca349c8753b50d46b777,9585ab6b4a1ecac553a908736d14e07a3de68243b3f628a8c338827bb7df7444,09c4af509551039e37a79642d1afb9c0faf14546b21954287d902fac1cc90c03,2026-09-30T17:49:14Z
SubmitPartialDecryption,290,b184892065fc18b5f3540b8ed706e7bf43f60e44cb40cbd35f2afa9bd580019d,542,ade30c48be1309c78d477997193dd559230e2755a151ca349c8753b50d46b777,9585ab6b4a1ecac553a908736d14e07a3de68243b3f628a8c338827bb7df7444,09c4af509551039e37a79642d1afb9c0faf14546b21954287d902fac1cc90c03,2026-09-30T17:49:14Z
SubmitPartialDecryption,303,fb68aeaab5576781814f2b80d97fea50a5251dc56a12f9748d9dca759016c1b7,542,ade30c48be1309c78d477997193dd559230e2755a151ca349c8753b50d46b777,9585ab6b4a1ecac553a908736d14e07a3de68243b3f628a8c338827bb7df7444,09c4af509551039e37a79642d1afb9c0faf14546b21954287d902fac1cc90c03,2026-09-30T17:49:14Z
SubmitPartialDecryption,297,d40e20f6d46d6d2bb4c2d048c50c85bd571535f31b858142df0fcae4f2611047,542,ade30c48be1309c78d477997193dd559230e2755a151ca349c8753b50d46b777,9585ab6b4a1ecac553a908736d14e07a3de68243b3f628a8c338827bb7df7444,09c4af509551039e37a79642d1afb9c0faf14546b21954287d902fac1cc90c03,2026-09-30T17:49:14Z
SubmitPartialDecryption,300,0d17714627f62828014abc16851aae3a1779b42d9e4c76be3feab460ff228aee,542,ade30c48be1309c78d477997193dd559230e2755a151ca349c8753b50d46b777,9585ab6b4a1ecac553a908736d14e07a3de68243b3f628a8c338827bb7df7444,09c4af509551039e37a79642d1afb9c0faf14546b21954287d902fac1cc90c03,2026-09-30T17:49:14Z
SubmitPartialDecryption,298,7dba87e6ee2fae2b12d60831350716bef5265e060ce6f3474cb77b6bff92575c,542,ade30c48be1309c78d477997193dd559230e2755a151ca349c8753b50d46b777,9585ab6b4a1ecac553a908736d14e07a3de68243b3f628a8c338827bb7df7444,09c4af509551039e37a79642d1afb9c0faf14546b21954287d902fac1cc90c03,2026-09-30T17:49:14Z
SubmitPartialDecryption,302,2257698001d769635379d1700d8feca9987400917b211d58b2ec8710eba3d646,542,ade30c48be1309c78d477997193dd559230e2755a151ca349c8753b50d46b777,9585ab6b4a1ecac553a908736d14e07a3de68243b3f628a8c338827bb7df7444,09c4af509551039e37a79642d1afb9c0faf14546b21954287d902fac1cc90c03,2026-09-30T17:49:14Z
SubmitPartialDecryption,296,c63b8dc64bcbda2ffcf8ef535544fe8808d632261c3b7e25076a3563126ebbbb,542,ade30c48be1309c78d477997193dd559230e2755a151ca349c8753b50d46b777,9585ab6b4a1ecac553a908736d14e07a3de68243b3f628a8c338827bb7df7444,09c4af509551039e37a79642d1afb9c0faf14546b21954287d902fac1cc90c03,2026-09-30T17:49:14Z
SubmitPartialDecryption,291,18fb55cfe7d73a3ff5e0066cde288f1f7dde05f0099434e90d2951a14869b4c1,542,ade30c48be1309c78d477997193dd559230e2755a151ca349c8753b50d46b777,9585ab6b4a1ecac553a908736d14e07a3de68243b3f628a8c338827bb7df7444,09c4af509551039e37a79642d1afb9c0faf14546b21954287d902fac1cc90c03,2026-09-30T17:49:14Z
SubmitPartialDecryption,288,702dfbc113dc3498a30808d2c72d4935506a41e8812af1c1f791300a8f232daa,542,ade30c48be1309c78d477997193dd559230e2755a151ca349c8753b50d46b777,9585ab6b4a1ecac553a908736d14e07a3de68243b3f628a8c338827bb7df7444,09c4af509551039e37a79642d1afb9c0faf14546b21954287d902fac1cc90c03,2026-09-30T17:49:14Z
SubmitPartialDecryption,294,327cac100eae9562a7173f5b4ebe83beaca23878459f22e4a881d37d24eeeb51,542,ade30c48be1309c78d477997193dd559230e2755a151ca349c8753b50d46b777,9585ab6b4a1ecac553a908736d14e07a3de68243b3f628a8c338827bb7df7444,09c4af509551039e37a79642d1afb9c0faf14546b21954287d902fac1cc90c03,2026-09-30T17:49:14Z
SubmitPartialDecryption,289,314cd01739476597dca5014d476468c8d5d5b4d2d1cd2f95618ae6c245e981f5,542,ade30c48be1309c78d477997193dd559230e2755a151ca349c8753b50d46b777,9585ab6b4a1ecac553a908736d14e07a3de68243b3f628a8c338827bb7df7444,09c4af509551039e37a79642d1afb9c0faf14546b21954287d902fac1cc90c03,2026-09-30T17:49:14Z
SubmitPartialDecryption,319,be99cccd6b4e206871fd0e5daacda56bde48f2306d355263f0b531ee483a69ca,543,1159b2eef836c1ddae2f8a9a1a274ecbb0b30300484e679830d81c1b922f0c3c,1fab076e75f0aa67e1ce7b97ea4511db535b41c11cb444a642a8acef789ff6c1,ade30c48be1309c78d477997193dd559230e2755a151ca349c8753b50d46b777,2026-09-30T17:49:16Z
SubmitPartialDecryption,313,d5187d85fa59991120db514da6178b54a6bead2ffb63ae8526f99280d2f498a8,543,1159b2eef836c1ddae2f8a9a1a274ecbb0b30300484e679830d81c1b922f0c3c,1fab076e75f0aa67e1ce7b97ea4511db535b41c11cb444a642a8acef789ff6c1,ade30c48be1309c78d477997193dd559230e2755a151ca349c8753b50d46b777,2026-09-30T17:49:16Z
SubmitPartialDecryption,317,deea1ad2ae54d34cbe94b209decaf9afc60e4660b07993df9725b507c4abc607,543,1159b2eef836c1ddae2f8a9a1a274ecbb0b30300484e679830d81c1b922f0c3c,1fab076e75f0aa67e1ce7b97ea4511db535b41c11cb444a642a8acef789ff6c1,ade30c48be1309c78d477997193dd559230e2755a151ca349c8753b50d46b777,2026-09-30T17:49:16Z
SubmitPartialDecryption,305,e28b582173799ece7a975b78406d2e652443772b1fd1c7c8d3835cbb240bca23,543,1159b2eef836c1ddae2f8a9a1a274ecbb0b30300484e679830d81c1b922f0c3c,1fab076e75f0aa67e1ce7b97ea4511db535b41c11cb444a642a8acef789ff6c1,ade30c48be1309c78d477997193dd559230e2755a151ca349c8753b50d46b777,2026-09-30T17:49:16Z
SubmitPartialDecryption,309,fce30c76fceae7e8ee8380d2cdb1c8ba6c8f716dd230b7019b46c5488142bc52,543,1159b2eef836c1ddae2f8a9a1a274ecbb0b30300484e679830d81c1b922f0c3c,1fab076e75f0aa67e1ce7b97ea4511db535b41c11cb444a642a8acef789ff6c1,ade30c48be1309c78d477997193dd559230e2755a151ca349c8753b50d46b777,2026-09-30T17:49:16Z
SubmitPartialDecryption,312,91c04e493cbd2d367ccf68ead1d1c129cb9492efa26d57b21c18ac0fcfe8d2c0,543,1159b2eef836c1ddae2f8a9a1a274ecbb0b30300484e679830d81c1b922f0c3c,1fab076e75f0aa67e1ce7b97ea4511db535b41c11cb444a642a8acef789ff6c1,ade30c48be1309c78d477997193dd559230e2755a151ca349c8753b50d46b777,2026-09-30T17:49:16Z
SubmitPartialDecryption,311,a5d78a94653611de99036b54a63219084ecdf6710a0eae8bd7df2f0739d2efe2,543,1159b2eef836c1ddae2f8a9a1a274ecbb0b30300484e679830d81c1b922f0c3c,1fab076e75f0aa67e1ce7b97ea4511db535b41c11cb444a642a8acef789ff6c1,ade30c48be1309c78d477997193dd559230e2755a151ca349c8753b50d46b777,2026-09-30T17:49:16Z
SubmitPartialDecryption,308,1d1e5a6b60cd6fcc8c7f62ee6354c0b027516ea4abf15e70438d33516184c9c5,543,1159b2eef836c1ddae2f8a9a1a274ecbb0b30300484e679830d81c1b922f0c3c,1fab076e75f0aa67e1ce7b97ea4511db535b41c11cb444a642a8acef789ff6c1,ade30c48be1309c78d477997193dd559230e2755a151ca349c8753b50d46b777,2026-09-30T17:49:16Z
SubmitPartialDecryption,316,22ecbf9fe197d6ef90f3d6a5ef0343b673994f36faf7d8cb8ad69c2b08a6bbe3,543,1159b2eef836c1ddae2f8a9a1a274ecbb0b30300484e679830d81c1b922f0c3c,1fab076e75f0aa67e1ce7b97ea4511db535b41c11cb444a642a8acef789ff6c1,ade30c48be1309c78d477997193dd559230e2755a151ca349c8753b50d46b777,2026-09-30T17:49:16Z
SubmitPartialDecryption,315,19c1e6593558c07b95ceb3539458fe538186f9ce750b28162c9c5d6319ca2efa,543,1159b2eef836c1ddae2f8a9a1a274ecbb0b30300484e679830d81c1b922f0c3c,1fab076e75f0aa67e1ce7b97ea4511db535b41c11cb444a642a8acef789ff6c1,ade30c48be1309c78d477997193dd559230e2755a151ca349c8753b50d46b777,2026-09-30T17:49:16Z
SubmitPartialDecryption,306,d1edb01eac3f20c845d5922a8f3e0b5f25b8111ded80d5321205ca1643d9a5e7,543,1159b2eef836c1ddae2f8a9a1a274ecbb0b30300484e679830d81c1b922f0c3c,1fab076e75f0aa67e1ce7b97ea4511db535b41c11cb444a642a8acef789ff6c1,ade30c48be1309c78d477997193dd559230e2755a151ca349c8753b50d46b777,2026-09-30T17:49:16Z
SubmitPartialDecryption,310,a15ce905c863bf797c7217ba62e0acdff47d182bd3c3ce08fdc011c75628f049,543,1159b2eef836c1ddae2f8a9a1a274ecbb0b30300484e679830d81c1b922f0c3c,1fab076e75f0aa67e1ce7b97ea4511db535b41c11cb444a642a8acef789ff6c1,ade30c48be1309c78d477997193dd559230e2755a151ca349c8753b50d46b777,2026-09-30T17:49:16Z
SubmitPartialDecryption,307,1d7bf2be6cfa1f6865099526f11666b349c906abb463853e561f7ca118981a40,543,1159b2eef836c1ddae2f8a9a1a274ecbb0b30300484e679830d81c1b922f0c3c,1fab076e75f0aa67e1ce7b97ea4511db535b41c11cb444a642a8acef789ff6c1,ade30c48be1309c78d477997193dd559230e2755a151ca349c8753b50d46b777,2026-09-30T17:49:16Z
SubmitPartialDecryption,318,a14d93e8c5758f199b4c7000bb4e498981834b59cb6623f2e0631f8773a9571f,543,1159b2eef836c1ddae2f8a9a1a274ecbb0b30300484e679830d81c1b922f0c3c,1fab076e75f0aa67e1ce7b97ea4511db535b41c11cb444a642a8acef789ff6c1,ade30c48be1309c78d477997193dd559230e2755a151ca349c8753b50d46b777,2026-09-30T17:49:16Z
SubmitPartialDecryption,314,5f8480dcaf129a3bd25f36a6b0540372411b5618febbe979fb13f3f83ff5d5f8,543,1159b2eef836c1ddae2f8a9a1a274ecbb0b30300484e679830d81c1b922f0c3c,1fab076e75f0aa67e1ce7b97ea4511db535b41c11cb444a642a8acef789ff6c1,ade30c48be1309c78d477997193dd559230e2755a151ca349c8753b50d46b777,2026-09-30T17:49:16Z
SubmitPartialDecryption,304,62351519daa8b19c36b922c73ea779e4b7927dc13fad8dfa1a5aece713b2d76b,543,1159b2eef836c1ddae2f8a9a1a274ecbb0b30300484e679830d81c1b922f0c3c,1fab076e75f0aa67e1ce7b97ea4511db535b41c11cb444a642a8acef789ff6c1,ade30c48be1309c78d477997193dd559230e2755a151ca349c8753b50d46b777,2026-09-30T17:49:16Z
SubmitPartialDecryption,324,d49bc9aa57c99b6d9ccd40ef51675956b0c6897f1e7c2450bb72356a6209c0e5,544,bedeb4a7987394947f61c74781058efa7a1f7e7984051fd8209094e1f12453f9,5366fd2664e0e8ab6b3dc44b59a070f731477a33acf22d58d5ab9a6a1d7f2d81,1159b2eef836c1ddae2f8a9a1a274ecbb0b30300484e679830d81c1b922f0c3c,2026-09-30T17:49:18Z
SubmitPartialDecryption,333,8a29e3a414356fd510a9e7a1d0508a6c50d61e5e3f33cecec996419f1c8b6641,544,bedeb4a7987394947f61c74781058efa7a1f7e7984051fd8209094e1f12453f9,5366fd2664e0e8ab6b3dc44b59a070f731477a33acf22d58d5ab9a6a1d7f2d81,1159b2eef836c1ddae2f8a9a1a274ecbb0b30300484e679830d81c1b922f0c3c,2026-09-30T17:49:18Z
SubmitPartialDecryption,328,5d5a84b6617387bd0b6190e5b6898a112e9e10480fd11b6cd633dd35d6a459fe,544,bedeb4a7987394947f61c74781058efa7a1f7e7984051fd8209094e1f12453f9,5366fd2664e0e8ab6b3dc44b59a070f731477a33acf22d58d5ab9a6a1d7f2d81,1159b2eef836c1ddae2f8a9a1a274ecbb0b30300484e679830d81c1b922f0c3c,2026-09-30T17:49:18Z
SubmitPartialDecryption,330,f48995eb632779168f18641b58f5e452b83ffd3adf3e3437ccdf5a8d404a8a88,544,bedeb4a7987394947f61c74781058efa7a1f7e7984051fd8209094e1f12453f9,5366fd2664e0e8ab6b3dc44b59a070f731477a33acf22d58d5ab9a6a1d7f2d81,1159b2eef836c1ddae2f8a9a1a274ecbb0b30300484e679830d81c1b922f0c3c,2026-09-30T17:49:18Z
SubmitPartialDecryption,320,38a2030b61ced37894de78ab67e37d2492280541d2b4000b5c8ed2822b57b4b9,544,bedeb4a7987394947f61c74781058efa7a1f7e7984051fd8209094e1f12453f9,5366fd2664e0e8ab6b3dc44b59a070f731477a33acf22d58d5ab9a6a1d7f2d81,1159b2eef836c1ddae2f8a9a1a274ecbb0b30300484e679830d81c1b922f0c3c,2026-09-30T17:49:18Z
SubmitPartialDecryption,323,578027f84a3a0f592fa86f165128a72e654b58013cd7890a36287a429924c374,544,bedeb4a7987394947f61c74781058efa7a1f7e7984051fd8209094e1f12453f9,5366fd2664e0e8ab6b3dc44b59a070f731477a33acf22d58d5ab9a6a1d7f2d81,1159b2eef836c1ddae2f8a9a1a274ecbb0b30300484e679830d81c1b922f0c3c,2026-09-30T17:49:18Z
SubmitPartialDecryption,322,2725aadbe53199bb7591af9970eae8a53c75362e2dd8b8815171d821754cc779,544,bedeb4a7987394947f61c74781058efa7a1f7e7984051fd8209094e1f12453f9,5366fd2664e0e8ab6b3dc44b59a070f731477a33acf22d58d5ab9a6a1d7f2d81,1159b2eef836c1ddae2f8a9a1a274ecbb0b30300484e679830d81c1b922f0c3c,2026-09-30T17:49:18Z
SubmitPartialDecryption,321,002f67724a78624daa27c6efb25ef8ae1a96edf768c20e680f163de9a8776a8c,544,bedeb4a7987394947f61c74781058efa7a1f7e7984051fd8209094e1f12453f9,5366fd2664e0e8ab6b3dc44b59a070f731477a33acf22d58d5ab9a6a1d7f2d81,1159b2eef836c1ddae2f8a9a1a274ecbb0b30300484e679830d81c1b922f0c3c,2026-09-30T17:49:18Z
SubmitPartialDecryption,325,90abc08d897e39c651b46b284b6b90969271d8bff9a100be26e54ede47e8cde5,544,bedeb4a7987394947f61c74781058efa7a1f7e7984051fd8209094e1f12453f9,5366fd2664e0e8ab6b3dc44b59a070f731477a33acf22d58d5ab9a6a1d7f2d81,1159b2eef836c1ddae2f8a9a1a274ecbb0b30300484e679830d81c1b922f0c3c,2026-09-30T17:49:18Z
SubmitPartialDecryption,327,26f097486c083468fa9100dab0bc68cf4f7b73c8df7d01518426823419e412cc,544,bedeb4a7987394947f61c74781058efa7a1f7e7984051fd8209094e1f12453f9,5366fd2664e0e8ab6b3dc44b59a070f731477a33acf22d58d5ab9a6a1d7f2d81,1159b2eef836c1ddae2f8a9a1a274ecbb0b30300484e679830d81c1b922f0c3c,2026-09-30T17:49:18Z
SubmitPartialDecryption,332,997286c6189c9ee414be034278295e3b83c677e5212a62199e388fde27191914,544,bedeb4a7987394947f61c74781058efa7a1f7e7984051fd8209094e1f12453f9,5366fd2664e0e8ab6b3dc44b59a070f731477a33acf22d58d5ab9a6a1d7f2d81,1159b2eef836c1ddae2f8a9a1a274ecbb0b30300484e679830d81c1b922f0c3c,2026-09-30T17:49:18Z
SubmitPartialDecryption,331,1447e7eb66ba33fceea4521ce8e2480a8e69546ebc6c031ebbcda54eb22737b1,544,bedeb4a7987394947f61c74781058efa7a1f7e7984051fd8209094e1f12453f9,5366fd2664e0e8ab6b3dc44b59a070f731477a33acf22d58d5ab9a6a1d7f2d81,1159b2eef836c1ddae2f8a9a1a274ecbb0b30300484e679830d81c1b922f0c3c,2026-09-30T17:49:18Z
SubmitPartialDecryption,329,ecacc10cf42f6607e20c4041d21ff7118850fd766bdc3226060bb3b2a9a6dc5b,544,bedeb4a7987394947f61c74781058efa7a1f7e7984051fd8209094e1f12453f9,5366fd2664e0e8ab6b3dc44b59a070f731477a33acf22d58d5ab9a6a1d7f2d81,1159b2eef836c1ddae2f8a9a1a274ecbb0b30300484e679830d81c1b922f0c3c,2026-09-30T17:49:18Z
SubmitPartialDecryption,326,a88e0ed6677b8009f2db83096cd0702245d273f44f6149452c430050e01c3761,544,bedeb4a7987394947f61c74781058efa7a1f7e7984051fd8209094e1f12453f9,5366fd2664e0e8ab6b3dc44b59a070f731477a33acf22d58d5ab9a6a1d7f2d81,1159b2eef836c1ddae2f8a9a1a274ecbb0b30300484e679830d81c1b922f0c3c,2026-09-30T17:49:18Z
SubmitPartialDecryption,334,fbe3e84279c6b4f039fd147ab81b051f5254f3e726e7ba632fdeaf4c463db441,544,bedeb4a7987394947f61c74781058efa7a1f7e7984051fd8209094e1f12453f9,5366fd2664e0e8ab6b3dc44b59a070f731477a33acf22d58d5ab9a6a1d7f2d81,1159b2eef836c1ddae2f8a9a1a274ecbb0b30300484e679830d81c1b922f0c3c,2026-09-30T17:49:18Z
SubmitPartialDecryption,335,3aee744efa47ade51f2d4085b45160dd3def1bdbbde2ab17a067d66c6055c409,544,bedeb4a7987394947f61c74781058efa7a1f7e7984051fd8209094e1f12453f9,5366fd2664e0e8ab6b3dc44b59a070f731477a33acf22d58d5ab9a6a1d7f2d81,1159b2eef836c1ddae2f8a9a1a274ecbb0b30300484e679830d81c1b922f0c3c,2026-09-30T17:49:18Z
SubmitPartialDecryption,351,2949b84251d7b08775af344d852929c9736dd545cf1b77cdb259066936cef6f7,545,c0c7968f21ad9932c5b330c163f9844a272b014df92abf3f7d950f2590e61930,8fae6f4b218303ddcc34610b9fbbf96c23013ddc21a3925a6cc01bdced63f53e,bedeb4a7987394947f61c74781058efa7a1f7e7984051fd8209094e1f12453f9,2026-09-30T17:49:20Z
SubmitPartialDecryption,346,761aa859dce3e3f4387a50bbb3b078332bdd6400ee3b9ab7601383b38def0d97,545,c0c7968f21ad9932c5b330c163f9844a272b014df92abf3f7d950f2590e61930,8fae6f4b218303ddcc34610b9fbbf96c23013ddc21a3925a6cc01bdced63f53e,bedeb4a7987394947f61c74781058efa7a1f7e7984051fd8209094e1f12453f9,2026-09-30T17:49:20Z
SubmitPartialDecryption,350,ab74d7649e0a4560032a13678b6d08e167d01ecca5e0da76bf76e2f970ce4933,545,c0c7968f21ad9932c5b330c163f9844a272b014df92abf3f7d950f2590e61930,8fae6f4b218303ddcc34610b9fbbf96c23013ddc21a3925a6cc01bdced63f53e,bedeb4a7987394947f61c74781058efa7a1f7e7984051fd8209094e1f12453f9,2026-09-30T17:49:20Z
SubmitPartialDecryption,336,b4a576807b7ec7bd67e001ba731cbb034df8d5642bda52aa620149f6ab681fa6,545,c0c7968f21ad9932c5b330c163f9844a272b014df92abf3f7d950f2590e61930,8fae6f4b218303ddcc34610b9fbbf96c23013ddc21a3925a6cc01bdced63f53e,bedeb4a7987394947f61c74781058efa7a1f7e7984051fd8209094e1f12453f9,2026-09-30T17:49:20Z
SubmitPartialDecryption,345,5f69fe433f6d2dd169b95037a126a0449211ea95938d68f1dd29f2a5f8e5667d,545,c0c7968f21ad9932c5b330c163f9844a272b014df92abf3f7d950f2590e61930,8fae6f4b218303ddcc34610b9fbbf96c23013ddc21a3925a6cc01bdced63f53e,bedeb4a7987394947f61c74781058efa7a1f7e7984051fd8209094e1f12453f9,2026-09-30T17:49:20Z
SubmitPartialDecryption,339,f1a2d941c0d2231884bbc627cc04627aeda197415a9aae54105d82cf3a16dd93,545,c0c7968f21ad9932c5b330c163f9844a272b014df92abf3f7d950f2590e61930,8fae6f4b218303ddcc34610b9fbbf96c23013ddc21a3925a6cc01bdced63f53e,bedeb4a7987394947f61c74781058efa7a1f7e7984051fd8209094e1f12453f9,2026-09-30T17:49:20Z
SubmitPartialDecryption,344,61a84e17201d22eab564187ecabdc29acb477d63990c63d49a8a045bce9de2e1,545,c0c7968f21ad9932c5b330c163f9844a272b014df92abf3f7d950f2590e61930,8fae6f4b218303ddcc34610b9fbbf96c23013ddc21a3925a6cc01bdced63f53e,bedeb4a7987394947f61c74781058efa7a1f7e7984051fd8209094e1f12453f9,2026-09-30T17:49:20Z
SubmitPartialDecryption,347,b425aa25dd0b7a1f80388f706b813cc38bed1c61ed96acde68043b7b4291a962,545,c0c7968f21ad9932c5b330c163f9844a272b014df92abf3f7d950f2590e61930,8fae6f4b218303ddcc34610b9fbbf96c23013ddc21a3925a6cc01bdced63f53e,bedeb4a7987394947f61c74781058efa7a1f7e7984051fd8209094e1f12453f9,2026-09-30T17:49:20Z
SubmitPartialDecryption,340,5461897fdebd6347c9658df31337b66a22d0aa8364a8715de0e2e6fb75ded854,545,c0c7968f21ad9932c5b330c163f9844a272b014df92abf3f7d950f2590e61930,8fae6f4b218303ddcc34610b9fbbf96c23013ddc21a3925a6cc01bdced63f53e,bedeb4a7987394947f61c74781058efa7a1f7e7984051fd8209094e1f12453f9,2026-09-30T17:49:20Z
SubmitPartialDecryption,338,2b23f1bd6e557f1d016f25e93009fef7790163a621a7c2171912d7f88d281ea8,545,c0c7968f21ad9932c5b330c163f9844a272b014df92abf3f7d950f2590e61930,8fae6f4b218303ddcc34610b9fbbf96c23013ddc21a3925a6cc01bdced63f53e,bedeb4a7987394947f61c74781058efa7a1f7e7984051fd8209094e1f12453f9,2026-09-30T17:49:20Z
SubmitPartialDecryption,343,74c6fd5aaf01272e36354de3cbb15dae05f62f5d1219177314e62e91d6ae74b8,545,c0c7968f21ad9932c5b330c163f9844a272b014df92abf3f7d950f2590e61930,8fae6f4b218303ddcc34610b9fbbf96c23013ddc21a3925a6cc01bdced63f53e,bedeb4a7987394947f61c74781058efa7a1f7e7984051fd8209094e1f12453f9,2026-09-30T17:49:20Z
SubmitPartialDecryption,341,9a89bb4a9e75a43906ae21d75be8aa10a2b3670b6133c2f49c4f98a77cc4f229,545,c0c7968f21ad9932c5b330c163f9844a272b014df92abf3f7d950f2590e61930,8fae6f4b218303ddcc34610b9fbbf96c23013ddc21a3925a6cc01bdced63f53e,bedeb4a7987394947f61c74781058efa7a1f7e7984051fd8209094e1f12453f9,2026-09-30T17:49:20Z
SubmitPartialDecryption,342,78c914d7dc362293188a5580919b98d1f941bbd03409016acee9ee3cb056e9cf,545,c0c7968f21ad9932c5b330c163f9844a272b014df92abf3f7d950f2590e61930,8fae6f4b218303ddcc34610b9fbbf96c23013ddc21a3925a6cc01bdced63f53e,bedeb4a7987394947f61c74781058efa7a1f7e7984051fd8209094e1f12453f9,2026-09-30T17:49:20Z
SubmitPartialDecryption,348,418023ef5cd31ee163c3458fb8f9c17bda657364b6620e90e856a9064fc9a130,545,c0c7968f21ad9932c5b330c163f9844a272b014df92abf3f7d950f2590e61930,8fae6f4b218303ddcc34610b9fbbf96c23013ddc21a3925a6cc01bdced63f53e,bedeb4a7987394947f61c74781058efa7a1f7e7984051fd8209094e1f12453f9,2026-09-30T17:49:20Z
SubmitPartialDecryption,349,9abcd158687abdce0de7f93471ab633e3516db1ec8f0988dd353b0357d6421eb,545,c0c7968f21ad9932c5b330c163f9844a272b014df92abf3f7d950f2590e61930,8fae6f4b218303ddcc34610b9fbbf96c23013ddc21a3925a6cc01bdced63f53e,bedeb4a7987394947f61c74781058efa7a1f7e7984051fd8209094e1f12453f9,2026-09-30T17:49:20Z
SubmitPartialDecryption,337,b73a1c572a7dc8d80422453937949c52de062165e73aa94287317192ed9e0795,545,c0c7968f21ad9932c5b330c163f9844a272b014df92abf3f7d950f2590e61930,8fae6f4b218303ddcc34610b9fbbf96c23013ddc21a3925a6cc01bdced63f53e,bedeb4a7987394947f61c74781058efa7a1f7e7984051fd8209094e1f12453f9,2026-09-30T17:49:20Z
SubmitPartialDecryption,356,a11b6ccb18941d86061ea17f5961617cfbf9cf376a681195cbcd2d2f52f925e3,546,004d423d41bb232976e8e2be4aa75396d6c56812dc0ca154faa52995bd012c04,3010108b14c275c53fb83feca9c5800971c829f2987b6ce654a666710e3ba069,c0c7968f21ad9932c5b330c163f9844a272b014df92abf3f7d950f2590e61930,2026-09-30T17:49:22Z
SubmitPartialDecryption,360,7f3d4d40b10412a795c3197ebf66dd65fe65bf90750143ab9a077446c7cee026,546,004d423d41bb232976e8e2be4aa75396d6c56812dc0ca154faa52995bd012c04,3010108b14c275c53fb83feca9c5800971c829f2987b6ce654a666710e3ba069,c0c7968f21ad9932c5b330c163f9844a272b014df92abf3f7d950f2590e61930,2026-09-30T17:49:22Z
SubmitPartialDecryption,366,ba1c739be3d40956204f78970171227a771e68a4c544af680b4ee20f59326a1e,546,004d423d41bb232976e8e2be4aa75396d6c56812dc0ca154faa52995bd012c04,3010108b14c275c53fb83feca9c5800971c829f2987b6ce654a666710e3ba069,c0c7968f21ad9932c5b330c163f9844a272b014df92abf3f7d950f2590e61930,2026-09-30T17:49:22Z
SubmitPartialDecryption,357,7408e3c7c164cd274fe2ed174c7d88e9f8eb89b477f23decb649fabcb6b9ae76,546,004d423d41bb232976e8e2be4aa75396d6c56812dc0ca154faa52995bd012c04,3010108b14c275c53fb83feca9c5800971c829f2987b6ce654a666710e3ba069,c0c7968f21ad9932c5b330c163f9844a272b014df92abf3f7d950f2590e61930,2026-09-30T17:49:22Z
SubmitPartialDecryption,354,0532a5e973c0a50320cc662fff58ce71655a5c629861ee7f1f6e3d21ad959e57,546,004d423d41bb232976e8e2be4aa75396d6c56812dc0ca154faa52995bd012c04,3010108b14c275c53fb83feca9c5800971c829f2987b6ce654a666710e3ba069,c0c7968f21ad9932c5b330c163f9844a272b014df92abf3f7d950f2590e61930,2026-09-30T17:49:22Z
SubmitPartialDecryption,364,da452e4c8c5404e455cc85a270ba01d53536ab13622c0a40b46608d9aa9d2109,546,004d423d41bb232976e8e2be4aa75396d6c56812dc0ca154faa52995bd012c04,3010108b14c275c53fb83feca9c5800971c829f2987b6ce654a666710e3ba069,c0c7968f21ad9932c5b330c163f9844a272b014df92abf3f7d950f2590e61930,2026-09-30T17:49:22Z
SubmitPartialDecryption,365,88a530f97272da2156d6e41a6fbeb8955e7b4230934e64b80fed389ab988996a,546,004d423d41bb232976e8e2be4aa75396d6c56812dc0ca154faa52995bd012c04,3010108b14c275c53fb83feca9c5800971c829f2987b6ce654a666710e3ba069,c0c7968f21ad9932c5b330c163f9844a272b014df92abf3f7d950f2590e61930,2026-09-30T17:49:22Z
SubmitPartialDecryption,355,c9388dbfdc933b7214cef55c788f9a4e590bb890488bd4b5deae345d6040ce25,546,004d423d41bb232976e8e2be4aa75396d6c56812dc0ca154faa52995bd012c04,3010108b14c275c53fb83feca9c5800971c829f2987b6ce654a666710e3ba069,c0c7968f21ad9932c5b330c163f9844a272b014df92abf3f7d950f2590e61930,2026-09-30T17:49:22Z
SubmitPartialDecryption,352,1eed9fbbb88b53cc0e97966bc0af3613426e839fc01fa30f95ba985b234ebe5d,546,004d423d41bb232976e8e2be4aa75396d6c56812dc0ca154faa52995bd012c04,3010108b14c275c53fb83feca9c5800971c829f2987b6ce654a666710e3ba069,c0c7968f21ad9932c5b330c163f9844a272b014df92abf3f7d950f2590e61930,2026-09-30T17:49:22Z
SubmitPartialDecryption,362,840b7bf65f6417831e2d600703e9b3fe121ef6dd407abdec219ba592dbd44cee,546,004d423d41bb232976e8e2be4aa75396d6c56812dc0ca154faa52995bd012c04,3010108b14c275c53fb83feca9c5800971c829f2987b6ce654a666710e3ba069,c0c7968f21ad9932c5b330c163f9844a272b014df92abf3f7d950f2590e61930,2026-09-30T17:49:22Z
SubmitPartialDecryption,361,807820f15ff086656153d94e44956f7fe949e27fea5d461aaca1175c9f10dcb5,546,004d423d41bb232976e8e2be4aa75396d6c56812dc0ca154faa52995bd012c04,3010108b14c275c53fb83feca9c5800971c829f2987b6ce654a666710e3ba069,c0c7968f21ad9932c5b330c163f9844a272b014df92abf3f7d950f2590e61930,2026-09-30T17:49:22Z
SubmitPartialDecryption,353,5b9e1042e12bf874b091d6cfb64746625fd1208a04cd08052c1f7fd827a2f2cd,546,004d423d41bb232976e8e2be4aa75396d6c56812dc0ca154faa52995bd012c04,3010108b14c275c53fb83feca9c5800971c829f2987b6ce654a666710e3ba069,c0c7968f21ad9932c5b330c163f9844a272b014df92abf3f7d950f2590e61930,2026-09-30T17:49:22Z
SubmitPartialDecryption,363,ca69d7f00b7f3543f2605a6bc362f595cf05cce9135689b4f5a9538631cb06a8,546,004d423d41bb232976e8e2be4aa75396d6c56812dc0ca154faa52995bd012c04,3010108b14c275c53fb83feca9c5800971c829f2987b6ce654a666710e3ba069,c0c7968f21ad9932c5b330c163f9844a272b014df92abf3f7d950f2590e61930,2026-09-30T17:49:22Z
SubmitPartialDecryption,359,311e5bff06af5933b967fa803227fb3dcd71fc100fe8ac91580e5e3215fd5ca3,546,004d423d41bb232976e8e2be4aa75396d6c56812dc0ca154faa52995bd012c04,3010108b14c275c53fb83feca9c5800971c829f2987b6ce654a666710e3ba069,c0c7968f21ad9932c5b330c163f9844a272b014df92abf3f7d950f2590e61930,2026-09-30T17:49:22Z
SubmitPartialDecryption,367,bb0f87817188658035d27414d5c7069ddee06771dee9746dee2d21c4fc70f6fd,546,004d423d41bb232976e8e2be4aa75396d6c56812dc0ca154faa52995bd012c04,3010108b14c275c53fb83feca9c5800971c829f2987b6ce654a666710e3ba069,c0c7968f21ad9932c5b330c163f9844a272b014df92abf3f7d950f2590e61930,2026-09-30T17:49:22Z
SubmitPartialDecryption,358,f89af79f61f5c8462acd729e0eeaeadd88724f58b90582e221958195d48cee3b,546,004d423d41bb232976e8e2be4aa75396d6c56812dc0ca154faa52995bd012c04,3010108b14c275c53fb83feca9c5800971c829f2987b6ce654a666710e3ba069,c0c7968f21ad9932c5b330c163f9844a272b014df92abf3f7d950f2590e61930,2026-09-30T17:49:22Z
SubmitPartialDecryption,369,4757eea1b60177fee06b7d2219865e4eb0481dc0f6f9485b5db1a51cbfaa555a,547,e55a5a847e9d0b9b33473a012f68f9600df035587fc41c6b748af78a8ad987ae,5e02fe003b483b1e30f8d5dd8b328a9feefa34b5003b072da5f7f81850313316,004d423d41bb232976e8e2be4aa75396d6c56812dc0ca154faa52995bd012c04,2026-09-30T17:49:24Z
SubmitPartialDecryption,376,e869a980368851fe99318b4b4bea372884d4a891355cfe8b00063e88021ff92e,547,e55a5a847e9d0b9b33473a012f68f9600df035587fc41c6b748af78a8ad987ae,5e02fe003b483b1e30f8d5dd8b328a9feefa34b5003b072da5f7f81850313316,004d423d41bb232976e8e2be4aa75396d6c56812dc0ca154faa52995bd012c04,2026-09-30T17:49:24Z
SubmitPartialDecryption,373,20b4c48973009b53439cb03dbdcad709525656ec03c66173fb832a0ca5f6f4c7,547,e55a5a847e9d0b9b33473a012f68f9600df035587fc41c6b748af78a8ad987ae,5e02fe003b483b1e30f8d5dd8b328a9feefa34b5003b072da5f7f81850313316,004d423d41bb232976e8e2be4aa75396d6c56812dc0ca154faa52995bd012c04,2026-09-30T17:49:24Z
SubmitPartialDecryption,382,41f89226f11e4feee8b2e4c03820adfdc00709d04500a473a3d06772ac046f66,547,e55a5a847e9d0b9b33473a012f68f9600df035587fc41c6b748af78a8ad987ae,5e02fe003b483b1e30f8d5dd8b328a9feefa34b5003b072da5f7f81850313316,004d423d41bb232976e8e2be4aa75396d6c56812dc0ca154faa52995bd012c04,2026-09-30T17:49:24Z
SubmitPartialDecryption,378,c42303b768cbfcf8fbd6203f4e6b4022d579a06dcab4beb8c53d77026c87f1c5,547,e55a5a847e9d0b9b33473a012f68f9600df035587fc41c6b748af78a8ad987ae,5e02fe003b483b1e30f8d5dd8b328a9feefa34b5003b072da5f7f81850313316,004d423d41bb232976e8e2be4aa75396d6c56812dc0ca154faa52995bd012c04,2026-09-30T17:49:24Z
SubmitPartialDecryption,375,473a02bc94e843e54529b478bfa15fd6547b54bff90b23a99a87030ce06328f1,547,e55a5a847e9d0b9b33473a012f68f9600df035587fc41c6b748af78a8ad987ae,5e02fe003b483b1e30f8d5dd8b328a9feefa34b5003b072da5f7f81850313316,004d423d41bb232976e8e2be4aa75396d6c56812dc0ca154faa52995bd012c04,2026-09-30T17:49:24Z
SubmitPartialDecryption,383,fa79dc0fc6a1a3b76de9b1441619cc009b30accd9aea24fc19db3185ff076cd0,547,e55a5a847e9d0b9b33473a012f68f9600df035587fc41c6b748af78a8ad987ae,5e02fe003b483b1e30f8d5dd8b328a9feefa34b5003b072da5f7f81850313316,004d423d41bb232976e8e2be4aa75396d6c56812dc0ca154faa52995bd012c04,2026-09-30T17:49:24Z
SubmitPartialDecryption,371,871d2864dd16b0083ea8e05b9530f1b4fed6fab0ece454991f2d2e035759bdf1,547,e55a5a847e9d0b9b33473a012f68f9600df035587fc41c6b748af78a8ad987ae,5e02fe003b483b1e30f8d5dd8b328a9feefa34b5003b072da5f7f81850313316,004d423d41bb232976e8e2be4aa75396d6c56812dc0ca154faa52995bd012c04,2026-09-30T17:49:24Z
SubmitPartialDecryption,372,68ffcad96e626f8bc4d97431d74f26b8934367a1c9f2c75df05996b0555d0d99,547,e55a5a847e9d0b9b33473a012f68f9600df035587fc41c6b748af78a8ad987ae,5e02fe003b483b1e30f8d5dd8b328a9feefa34b5003b072da5f7f81850313316,004d423d41bb232976e8e2be4aa75396d6c56812dc0ca154faa52995bd012c04,2026-09-30T17:49:24Z
SubmitPartialDecryption,370,5487f7e57ac721cea1edb555806d1214656151953f880102be61907a1d64f018,547,e55a5a847e9d0b9b33473a012f68f9600df035587fc41c6b748af78a8ad987ae,5e02fe003b483b1e30f8d5dd8b328a9feefa34b5003b072da5f7f81850313316,004d423d41bb232976e8e2be4aa75396d6c56812dc0ca154faa52995bd012c04,2026-09-30T17:49:24Z
SubmitPartialDecryption,374,cecc55f9ad06ef6f7cd7f55bd238f835703ad2f0e7f775c472b281ca67d768f3,547,e55a5a847e9d0b9b33473a012f68f9600df035587fc41c6b748af78a8ad987ae,5e02fe003b483b1e30f8d5dd8b328a9feefa34b5003b072da5f7f81850313316,004d423d41bb232976e8e2be4aa75396d6c56812dc0ca154faa52995bd012c04,2026-09-30T17:49:24Z
SubmitPartialDecryption,379,53e2c24cae45fc7ff3673c03001115da86c6777ad501fd0791f5ea890c68f3a6,547,e55a5a847e9d0b9b33473a012f68f9600df035587fc41c6b748af78a8ad987ae,5e02fe003b483b1e30f8d5dd8b328a9feefa34b5003b072da5f7f81850313316,004d423d41bb232976e8e2be4aa75396d6c56812dc0ca154faa52995bd012c04,2026-09-30T17:49:24Z
SubmitPartialDecryption,377,f8d9c05378eb9fcebe6c5eda56ed12339bad8f945ca2add586041ae45647e4a6,547,e55a5a847e9d0b9b33473a012f68f9600df035587fc41c6b748af78a8ad987ae,5e02fe003b483b1e30f8d5dd8b328a9feefa34b5003b072da5f7f81850313316,004d423d41bb232976e8e2be4aa75396d6c56812dc0ca154faa52995bd012c04,2026-09-30T17:49:24Z
SubmitPartialDecryption,381,0e9294025833e231a6b83e4b66e3e2a6da82a1c757a0a7463b9b9ab41f5674a0,547,e55a5a847e9d0b9b33473a012f68f9600df035587fc41c6b748af78a8ad987ae,5e02fe003b483b1e30f8d5dd8b328a9feefa34b5003b072da5f7f81850313316,004d423d41bb232976e8e2be4aa75396d6c56812dc0ca154faa52995bd012c04,2026-09-30T17:49:24Z
SubmitPartialDecryption,368,ddec26d455962da16f5d914ccda4734b3f7206ecc1b341fc2ffd03f492207c55,547,e55a5a847e9d0b9b33473a012f68f9600df035587fc41c6b748af78a8ad987ae,5e02fe003b483b1e30f8d5dd8b328a9feefa34b5003b072da5f7f81850313316,004d423d41bb232976e8e2be4aa75396d6c56812dc0ca154faa52995bd012c04,2026-09-30T17:49:24Z
SubmitPartialDecryption,380,82d181856afc8601bbe3a48838f019822965895fe9a7f3db71b0183adc2ee7a0,547,e55a5a847e9d0b9b33473a012f68f9600df035587fc41c6b748af78a8ad987ae,5e02fe003b483b1e30f8d5dd8b328a9feefa34b5003b072da5f7f81850313316,004d423d41bb232976e8e2be4aa75396d6c56812dc0ca154faa52995bd012c04,2026-09-30T17:49:24Z
SubmitPartialDecryption,390,ec8840ef817b61f2e2cd4acd444eedc98a8d0308af2deba7796cba506e8e0187,548,a55558166a409cd25f7ce84c2debb2b9ac36ba5834548d0cd0104736cf944c79,7f433ef0246724abe48c5c9e9480a45a1139bfc380b42514396ec49ad6b558f4,e55a5a847e9d0b9b33473a012f68f9600df035587fc41c6b748af78a8ad987ae,2026-09-30T17:49:27Z
SubmitPartialDecryption,398,a5c5f1dbea0186812f8171d22dfff83a3364402b938214046ab8152868b16083,548,a55558166a409cd25f7ce84c2debb2b9ac36ba5834548d0cd0104736cf944c79,7f433ef0246724abe48c5c9e9480a45a1139bfc380b42514396ec49ad6b558f4,e55a5a847e9d0b9b33473a012f68f9600df035587fc41c6b748af78a8ad987ae,2026-09-30T17:49:27Z
SubmitPartialDecryption,397,879c00872fc5aaa1cf7036950759253f891d14556c2681adad1716e3c52a260a,548,a55558166a409cd25f7ce84c2debb2b9ac36ba5834548d0cd0104736cf944c79,7f433ef0246724abe48c5c9e9480a45a1139bfc380b42514396ec49ad6b558f4,e55a5a847e9d0b9b33473a012f68f9600df035587fc41c6b748af78a8ad987ae,2026-09-30T17:49:27Z
SubmitPartialDecryption,394,6284cf4a21657f278bbbf16eebf1329496c18a8eca4b4c6ec804bff5e35ba71e,548,a55558166a409cd25f7ce84c2debb2b9ac36ba5834548d0cd0104736cf944c79,7f433ef0246724abe48c5c9e9480a45a1139bfc380b42514396ec49ad6b558f4,e55a5a847e9d0b9b33473a012f68f9600df035587fc41c6b748af78a8ad987ae,2026-09-30T17:49:27Z
SubmitPartialDecryption,392,ef4514e1004b091539f46f4f4c126226601f0eff61d2b5cc62323f8eeb9f5c38,548,a55558166a409cd25f7ce84c2debb2b9ac36ba5834548d0cd0104736cf944c79,7f433ef0246724abe48c5c9e9480a45a1139bfc380b42514396ec49ad6b558f4,e55a5a847e9d0b9b33473a012f68f9600df035587fc41c6b748af78a8ad987ae,2026-09-30T17:49:27Z
SubmitPartialDecryption,386,3ec3b12396b39e3db6868223f13e924efa97f98cc5845ba722d9cddc84e48e3a,548,a55558166a409cd25f7ce84c2debb2b9ac36ba5834548d0cd0104736cf944c79,7f433ef0246724abe48c5c9e9480a45a1139bfc380b42514396ec49ad6b558f4,e55a5a847e9d0b9b33473a012f68f9600df035587fc41c6b748af78a8ad987ae,2026-09-30T17:49:27Z
SubmitPartialDecryption,384,d7be3272147e5d3aefc24364625942c944ab341d8449d8e5fd9d1b6e040576a4,548,a55558166a409cd25f7ce84c2debb2b9ac36ba5834548d0cd0104736cf944c79,7f433ef0246724abe48c5c9e9480a45a1139bfc380b42514396ec49ad6b558f4,e55a5a847e9d0b9b33473a012f68f9600df035587fc41c6b748af78a8ad987ae,2026-09-30T17:49:27Z
SubmitPartialDecryption,385,8a3b237b544e4e2c809c5da25a830373fac0a5ff519b391f721298352434f3be,548,a55558166a409cd25f7ce84c2debb2b9ac36ba5834548d0cd0104736cf944c79,7f433ef0246724abe48c5c9e9480a45a1139bfc380b42514396ec49ad6b558f4,e55a5a847e9d0b9b33473a012f68f9600df035587fc41c6b748af78a8ad987ae,2026-09-30T17:49:27Z
SubmitPartialDecryption,388,bf43fdde858a674be706c243b1e8c1645aad915460b5152b634146ba9c8d5136,548,a55558166a409cd25f7ce84c2debb2b9ac36ba5834548d0cd0104736cf944c79,7f433ef0246724abe48c5c9e9480a45a1139bfc380b42514396ec49ad6b558f4,e55a5a847e9d0b9b33473a012f68f9600df035587fc41c6b748af78a8ad987ae,2026-09-30T17:49:27Z
SubmitPartialDecryption,391,e6afd9336fb45bc9b5ee38acfd841968ab3c8f0761c4453aab9b3dcf5278c397,548,a55558166a409cd25f7ce84c2debb2b9ac36ba5834548d0cd0104736cf944c79,7f433ef0246724abe48c5c9e9480a45a1139bfc380b42514396ec49ad6b558f4,e55a5a847e9d0b9b33473a012f68f9600df035587fc41c6b748af78a8ad987ae,2026-09-30T17:49:27Z
SubmitPartialDecryption,393,b9e7a4e5c79c3f96823ec9c2deaa3001394d2f389faee29fe0f7aba907578412,548,a55558166a409cd25f7ce84c2debb2b9ac36ba5834548d0cd0104736cf944c79,7f433ef0246724abe48c5c9e9480a45a1139bfc380b42514396ec49ad6b558f4,e55a5a847e9d0b9b33473a012f68f9600df035587fc41c6b748af78a8ad987ae,2026-09-30T17:49:27Z
SubmitPartialDecryption,396,0bc73f65559bd46dbd0453bacfd7633dcb428ef50a99726a24f49b684783e52a,548,a55558166a409cd25f7ce84c2debb2b9ac36ba5834548d0cd0104736cf944c79,7f433ef0246724abe48c5c9e9480a45a1139bfc380b42514396ec49ad6b558f4,e55a5a847e9d0b9b33473a012f68f9600df035587fc41c6b748af78a8ad987ae,2026-09-30T17:49:27Z
SubmitPartialDecryption,389,f5393360ff1c31e2449a41f4c11617979bcd9e934939ba1f2a91c8ce4fa9e240,548,a55558166a409cd25f7ce84c2debb2b9ac36ba5834548d0cd0104736cf944c79,7f433ef0246724abe48c5c9e9480a45a1139bfc380b42514396ec49ad6b558f4,e55a5a847e9d0b9b33473a012f68f9600df035587fc41c6b748af78a8ad987ae,2026-09-30T17:49:27Z
SubmitPartialDecryption,395,303c4d2df77cfa57c3f304c075c817bb6271f65e671784a7d8bb30ee0e63ab6a,548,a55558166a409cd25f7ce84c2debb2b9ac36ba5834548d0cd0104736cf944c79,7f433ef0246724abe48c5c9e9480a45a1139bfc380b42514396ec49ad6b558f4,e55a5a847e9d0b9b33473a012f68f9600df035587fc41c6b748af78a8ad987ae,2026-09-30T17:49:27Z
SubmitPartialDecryption,387,7a1d7ed6dd6429b4144e9cdb3d2951863f660c212eba5cb0621f3c20281a0920,548,a55558166a409cd25f7ce84c2debb2b9ac36ba5834548d0cd0104736cf944c79,7f433ef0246724abe48c5c9e9480a45a1139bfc380b42514396ec49ad6b558f4,e55a5a847e9d0b9b33473a012f68f9600df035587fc41c6b748af78a8ad987ae,2026-09-30T17:49:27Z
SubmitPartialDecryption,399,b0260cb21110fa4321bf7b24e458eb5870b0f8108f21b4fd3e0d50d97c97b91b,548,a55558166a409cd25f7ce84c2debb2b9ac36ba5834548d0cd0104736cf944c79,7f433ef0246724abe48c5c9e9480a45a1139bfc380b42514396ec49ad6b558f4,e55a5a847e9d0b9b33473a012f68f9600df035587fc41c6b748af78a8ad987ae,2026-09-30T17:49:27Z
SubmitPartialDecryption,405,2c429b5d64ca21b0f3f75ca95de01cab40a46e856c10ef963924f6d9ec0c3afd,549,417bb3cbdaf7d468af4517a782924bca00281c618b516b22cc1a4403e21836da,ef166188d11055a6a5bee40e51f34b75243a6f1aeebf8cad9e8e01a4b1e9dd7c,a55558166a409cd25f7ce84c2debb2b9ac36ba5834548d0cd0104736cf944c79,2026-09-30T17:49:29Z
SubmitPartialDecryption,410,33f37205770c8993f9f83ccbdd991fece746c18a890de7cde3d3d19ee53ffbc9,549,417bb3cbdaf7d468af4517a782924bca00281c618b516b22cc1a4403e21836da,ef166188d11055a6a5bee40e51f34b75243a6f1aeebf8cad9e8e01a4b1e9dd7c,a55558166a409cd25f7ce84c2debb2b9ac36ba5834548d0cd0104736cf944c79,2026-09-30T17:49:29Z
SubmitPartialDecryption,413,feca52f41dac3cd39266ed121181f19612560f30381765235d4e8082a9695ea9,549,417bb3cbdaf7d468af4517a782924bca00281c618b516b22cc1a4403e21836da,ef166188d11055a6a5bee40e51f34b75243a6f1aeebf8cad9e8e01a4b1e9dd7c,a55558166a409cd25f7ce84c2debb2b9ac36ba5834548d0cd0104736cf944c79,2026-09-30T17:49:29Z
SubmitPartialDecryption,402,72500de987861a6237d5b7a87561acc6ea944b8e978d61c261b8bc7afe219a2c,549,417bb3cbdaf7d468af4517a782924bca00281c618b516b22cc1a4403e21836da,ef166188d11055a6a5bee40e51f34b75243a6f1aeebf8cad9e8e01a4b1e9dd7c,a55558166a409cd25f7ce84c2debb2b9ac36ba5834548d0cd0104736cf944c79,2026-09-30T17:49:29Z
SubmitPartialDecryption,408,8c2fcf661205ee01ec7cf4bc60786a5a2686f9055c2bb2aeb1540ea7c51f3e20,549,417bb3cbdaf7d468af4517a782924bca00281c618b516b22cc1a4403e21836da,ef166188d11055a6a5bee40e51f34b75243a6f1aeebf8cad9e8e01a4b1e9dd7c,a55558166a409cd25f7ce84c2debb2b9ac36ba5834548d0cd0104736cf944c79,2026-09-30T17:49:29Z
SubmitPartialDecryption,411,d24c20dd201d7eee9d20714f58c87054cd3ab13e95a55eb56ff3e314e77fc214,549,417bb3cbdaf7d468af4517a782924bca00281c618b516b22cc1a4403e21836da,ef166188d11055a6a5bee40e51f34b75243a6f1aeebf8cad9e8e01a4b1e9dd7c,a55558166a409cd25f7ce84c2debb2b9ac36ba5834548d0cd0104736cf944c79,2026-09-30T17:49:29Z
SubmitPartialDecryption,401,e6d456b3d912744f753832508b1a41a3eed1d187b7d4a5f53c99f1bd1a70fc04,549,417bb3cbdaf7d468af4517a782924bca00281c618b516b22cc1a4403e21836da,ef166188d11055a6a5bee40e51f34b75243a6f1aeebf8cad9e8e01a4b1e9dd7c,a55558166a409cd25f7ce84c2debb2b9ac36ba5834548d0cd0104736cf944c79,2026-09-30T17:49:29Z
SubmitPartialDecryption,400,c98d94befd6913074ce5f8f332b76c6574d940b701283fecb979ccf60b0cf0b7,549,417bb3cbdaf7d468af4517a782924bca00281c618b516b22cc1a4403e21836da,ef166188d11055a6a5bee40e51f34b75243a6f1aeebf8cad9e8e01a4b1e9dd7c,a55558166a409cd25f7ce84c2debb2b9ac36ba5834548d0cd0104736cf944c79,2026-09-30T17:49:29Z
SubmitPartialDecryption,415,c80d61f5ea4fc78e5f0d99944d2a6997b0800ea139b4555f6020fe294e784ac8,549,417bb3cbdaf7d468af4517a782924bca00281c618b516b22cc1a4403e21836da,ef166188d11055a6a5bee40e51f34b75243a6f1aeebf8cad9e8e01a4b1e9dd7c,a55558166a409cd25f7ce84c2debb2b9ac36ba5834548d0cd0104736cf944c79,2026-09-30T17:49:29Z
SubmitPartialDecryption,409,7c01af678ca7a6647818002c4987753500fff81c9679a5ebbf78676def0f55d6,549,417bb3cbdaf7d468af4517a782924bca00281c618b516b22cc1a4403e21836da,ef166188d11055a6a5bee40e51f34b75243a6f1aeebf8cad9e8e01a4b1e9dd7c,a55558166a409cd25f7ce84c2debb2b9ac36ba5834548d0cd0104736cf944c79,2026-09-30T17:49:29Z
SubmitPartialDecryption,414,85d1f5daf6bc1613bb9ca9db4705d46e1d021298a7f1eb83b4e77b6766f463c7,549,417bb3cbdaf7d468af4517a782924bca00281c618b516b22cc1a4403e21836da,ef166188d11055a6a5bee40e51f34b75243a6f1aeebf8cad9e8e01a4b1e9dd7c,a55558166a409cd25f7ce84c2debb2b9ac36ba5834548d0cd0104736cf944c79,2026-09-30T17:49:29Z
SubmitPartialDecryption,404,65219aa74428c5f74d01e1b293a8cb143fd38204ada311be1ac54d4e4ce21d97,549,417bb3cbdaf7d468af4517a782924bca00281c618b516b22cc1a4403e21836da,ef166188d11055a6a5bee40e51f34b75243a6f1aeebf8cad9e8e01a4b1e9dd7c,a55558166a409cd25f7ce84c2debb2b9ac36ba5834548d0cd0104736cf944c79,2026-09-30T17:49:29Z
SubmitPartialDecryption,403,d876810fdf88497d9265703d992b53ce18d2a0cc50a82b2f0fd7ef2f51e26e22,549,417bb3cbdaf7d468af4517a782924bca00281c618b516b22cc1a4403e21836da,ef166188d11055a6a5bee40e51f34b75243a6f1aeebf8cad9e8e01a4b1e9dd7c,a55558166a409cd25f7ce84c2debb2b9ac36ba5834548d0cd0104736cf944c79,2026-09-30T17:49:29Z
SubmitPartialDecryption,407,46330327d941428b77f22d92aa77791c1d9d7df92bf14c7a9eb835188cfd5768,549,417bb3cbdaf7d468af4517a782924bca00281c618b516b22cc1a4403e21836da,ef166188d11055a6a5bee40e51f34b75243a6f1aeebf8cad9e8e01a4b1e9dd7c,a55558166a409cd25f7ce84c2debb2b9ac36ba5834548d0cd0104736cf944c79,2026-09-30T17:49:29Z
SubmitPartialDecryption,406,78b4823989f8f56fca978c44cf276b1609fa0e3787ba44326ca427893b695c84,549,417bb3cbdaf7d468af4517a782924bca00281c618b516b22cc1a4403e21836da,ef166188d11055a6a5bee40e51f34b75243a6f1aeebf8cad9e8e01a4b1e9dd7c,a55558166a409cd25f7ce84c2debb2b9ac36ba5834548d0cd0104736cf944c79,2026-09-30T17:49:29Z
SubmitPartialDecryption,412,ca1fabdec5fd173609f7b709fbfae9a0388bf1cc9ade891cc5e68d19f457ac70,549,417bb3cbdaf7d468af4517a782924bca00281c618b516b22cc1a4403e21836da,ef166188d11055a6a5bee40e51f34b75243a6f1aeebf8cad9e8e01a4b1e9dd7c,a55558166a409cd25f7ce84c2debb2b9ac36ba5834548d0cd0104736cf944c79,2026-09-30T17:49:29Z
SubmitPartialDecryption,419,3d38c74d9041da67c83a32fd4c70923c4bd53f1f33ca65c432cd36b85807cacc,550,59da43a43208db21266b19cece809d7c184b9c50ec0db36b7ea2ed5a0d856629,6fb24354c4779bef77170f91403d23d9482a09d7447f6fbbe0defb5e638d800c,417bb3cbdaf7d468af4517a782924bca00281c618b516b22cc1a4403e21836da,2026-09-30T17:49:31Z
SubmitPartialDecryption,417,ac73521f5aa397640d826e44d1a5b8f735c2950f1517b320d921d5eddda27735,550,59da43a43208db21266b19cece809d7c184b9c50ec0db36b7ea2ed5a0d856629,6fb24354c4779bef77170f91403d23d9482a09d7447f6fbbe0defb5e638d800c,417bb3cbdaf7d468af4517a782924bca00281c618b516b22cc1a4403e21836da,2026-09-30T17:49:31Z
SubmitPartialDecryption,418,2849f566f978f12f1f86fbcea02befc529a2fa240ba00d810e9ac5ad98bbdaec,550,59da43a43208db21266b19cece809d7c184b9c50ec0db36b7ea2ed5a0d856629,6fb24354c4779bef77170f91403d23d9482a09d7447f6fbbe0defb5e638d800c,417bb3cbdaf7d468af4517a782924bca00281c618b516b22cc1a4403e21836da,2026-09-30T17:49:31Z
SubmitPartialDecryption,416,082df54875eb1d3ed2d943fa307a2ff6d7d2813a349b01ce27ad7455b4a92b81,550,59da43a43208db21266b19cece809d7c184b9c50ec0db36b7ea2ed5a0d856629,6fb24354c4779bef77170f91403d23d9482a09d7447f6fbbe0defb5e638d800c,417bb3cbdaf7d468af4517a782924bca00281c618b516b22cc1a4403e21836da,2026-09-30T17:49:31Z
PublishTally,,37a7f2f4d39a60526b13289948015f2f89334ce1194bd2e71f567c445df4cc4f,551,de7176c0a18605bfdc461455094b6315761c862728a0f9c9715327acc6401689,027e40e2b007431d4b213805e7ab7117d5ef2e1f6ae7732d09adb38a4ee29d2c,59da43a43208db21266b19cece809d7c184b9c50ec0db36b7ea2ed5a0d856629,2026-09-30T17:49:33Z
