event,ref,tx_id,block_number,block_hash,data_hash,previous_hash,timestamp
CreateElection,,ccfda02c6f94319b74aa961e598935e0b9585f6fab3c8a4d09147c553f9c3937,279,36a946d41a5d0282038f873002d9cb2f9fe3d4a54a2089da7570a16fa58c7eb9,d97c06958510443a20ac53d083e199fcf19a7f1b933d25d4a99a73d7295498e1,d681e950bcfca9eda6cb9c6118c24a612e2d137b2104a969f902652bbcfe956b,2026-09-30T17:44:59Z
PublishDKGTranscript,,218f75173cd4c0aaf5ed6395a41159d6c58fcddf2e7ac7120d33a618b9a740f7,280,2a3735bf748e1aa639fe888f06c1d23d5b9dcec6c516e369b9b7c43ef2970555,4cea9b07721d7ff08867f0301b0b88c01ae1fe28a5828ec520f2e5fed5bf45f6,36a946d41a5d0282038f873002d9cb2f9fe3d4a54a2089da7570a16fa58c7eb9,2026-09-30T17:45:01Z
CloseElection,,da5180badbfe37f62f4c73921a6752765605004aa37f7b13de0a72e0d35e3502,341,a570e5436c86dde5e4a33be72b93a42e27e2ca3afb78f58f62b92ee340220696,bd4e9f780c2206233acea28218a486b4f2b779944b8aff54641cea09c8d92b12,5f903cb6031c9debe096921b2ea7c65ed2aed03a1d228c99ade39fb068ee4b56,2026-09-30T17:45:17Z
SubmitPartialDecryption,12,a519eb20fd9e38dac4d926614bff795cee51dcce95d41e22f6d9399d6cec6371,342,df5fb2c7957f218c92e5c86cf36d144612cbc590713814decdc5473f06bfdccd,ae7007552515cd8d13a40b8f5daf209ff0fb283901e51441954bc6c6582ce257,a570e5436c86dde5e4a33be72b93a42e27e2ca3afb78f58f62b92ee340220696,2026-09-30T17:45:19Z
SubmitPartialDecryption,2,fb0b5848f2cde98cc0cd1de64c6e44334db0c98b8f82b2218814a540d4bb692f,342,df5fb2c7957f218c92e5c86cf36d144612cbc590713814decdc5473f06bfdccd,ae7007552515cd8d13a40b8f5daf209ff0fb283901e51441954bc6c6582ce257,a570e5436c86dde5e4a33be72b93a42e27e2ca3afb78f58f62b92ee340220696,2026-09-30T17:45:19Z
SubmitPartialDecryption,8,a662186d4a292aff2169d7693270a3bba970f5c1e99d7df6f7f80b1880abee2a,342,df5fb2c7957f218c92e5c86cf36d144612cbc590713814decdc5473f06bfdccd,ae7007552515cd8d13a40b8f5daf209ff0fb283901e51441954bc6c6582ce257,a570e5436c86dde5e4a33be72b93a42e27e2ca3afb78f58f62b92ee340220696,2026-09-30T17:45:19Z
SubmitPartialDecryption,0,7012751a35c2d0213c35ac56e05abd1440447cb8851d421bcc54f8fd0ee9e37b,342,df5fb2c7957f218c92e5c86cf36d144612cbc590713814decdc5473f06bfdccd,ae7007552515cd8d13a40b8f5daf209ff0fb283901e51441954bc6c6582ce257,a570e5436c86dde5e4a33be72b93a42e27e2ca3afb78f58f62b92ee340220696,2026-09-30T17:45:19Z
SubmitPartialDecryption,9,5fd14f30f7d0d96b397bd63e9187861010c0887c47164fa352d7edb3cf770e75,342,df5fb2c7957f218c92e5c86cf36d144612cbc590713814decdc5473f06bfdccd,ae7007552515cd8d13a40b8f5daf209ff0fb283901e51441954bc6c6582ce257,a570e5436c86dde5e4a33be72b93a42e27e2ca3afb78f58f62b92ee340220696,2026-09-30T17:45:19Z
SubmitPartialDecryption,7,974cc60f6b5dd997ccfc0e67050d686bbe4a5e916ce7fd0bd7683903170a8248,342,df5fb2c7957f218c92e5c86cf36d144612cbc590713814decdc5473f06bfdccd,ae7007552515cd8d13a40b8f5daf209ff0fb283901e51441954bc6c6582ce257,a570e5436c86dde5e4a33be72b93a42e27e2ca3afb78f58f62b92ee340220696,2026-09-30T17:45:19Z
SubmitPartialDecryption,13,1d6b629e24452a7dbe150c905267dac950da89e28961448c421af1ec174486aa,342,df5fb2c7957f218c92e5c86cf36d144612cbc590713814decdc5473f06bfdccd,ae7007552515cd8d13a40b8f5daf209ff0fb283901e51441954bc6c6582ce257,a570e5436c86dde5e4a33be72b93a42e27e2ca3afb78f58f62b92ee340220696,2026-09-30T17:45:19Z
SubmitPartialDecryption,14,a78110638a8399f4b0a448ba57f1ee9efb59d6dc2c2ee8229fdd3a3b2a249df0,342,df5fb2c7957f218c92e5c86cf36d144612cbc590713814decdc5473f06bfdccd,ae7007552515cd8d13a40b8f5daf209ff0fb283901e51441954bc6c6582ce257,a570e5436c86dde5e4a33be72b93a42e27e2ca3afb78f58f62b92ee340220696,2026-09-30T17:45:19Z
SubmitPartialDecryption,10,93769c5447ae3a2cd1629ff002cd63012822b7d0ff3e392ac2456a14aef0c65b,342,df5fb2c7957f218c92e5c86cf36d144612cbc590713814decdc5473f06bfdccd,ae7007552515cd8d13a40b8f5daf209ff0fb283901e51441954bc6c6582ce257,a570e5436c86dde5e4a33be72b93a42e27e2ca3afb78f58f62b92ee340220696,2026-09-30T17:45:19Z
SubmitPartialDecryption,5,1f64e37fc74a60a2f97a52521d6e709ae663787b9f421afe91c8ffb22751a9a7,342,df5fb2c7957f218c92e5c86cf36d144612cbc590713814decdc5473f06bfdccd,ae7007552515cd8d13a40b8f5daf209ff0fb283901e51441954bc6c6582ce257,a570e5436c86dde5e4a33be72b93a42e27e2ca3afb78f58f62b92ee340220696,2026-09-30T17:45:19Z
SubmitPartialDecryption,3,d78fe528aa895141c3ed7beae9cf3a290cf5909003f09de83394bfb0664eefb5,342,df5fb2c7957f218c92e5c86cf36d144612cbc590713814decdc5473f06bfdccd,ae7007552515cd8d13a40b8f5daf209ff0fb283901e51441954bc6c6582ce257,a570e5436c86dde5e4a33be72b93a42e27e2ca3afb78f58f62b92ee340220696,2026-09-30T17:45:19Z
SubmitPartialDecryption,11,b0af484e7398144bb44d62e1faf486aca87d23c6a675edfd88339e8bdd17d5b1,342,df5fb2c7957f218c92e5c86cf36d144612cbc590713814decdc5473f06bfdccd,ae7007552515cd8d13a40b8f5daf209ff0fb283901e51441954bc6c6582ce257,a570e5436c86dde5e4a33be72b93a42e27e2ca3afb78f58f62b92ee340220696,2026-09-30T17:45:19Z
SubmitPartialDecryption,6,aaf371266bc213cd2e2c8d320b7029e9ce378158c2d7e84573f477267a3358ed,342,df5fb2c7957f218c92e5c86cf36d144612cbc590713814decdc5473f06bfdccd,ae7007552515cd8d13a40b8f5daf209ff0fb283901e51441954bc6c6582ce257,a570e5436c86dde5e4a33be72b93a42e27e2ca3afb78f58f62b92ee340220696,2026-09-30T17:45:19Z
SubmitPartialDecryption,1,bfdfaa34f418caa1cfd0f5a214218c9bc5015ca4d04517da81f8ba26bfcb04d4,342,df5fb2c7957f218c92e5c86cf36d144612cbc590713814decdc5473f06bfdccd,ae7007552515cd8d13a40b8f5daf209ff0fb283901e51441954bc6c6582ce257,a570e5436c86dde5e4a33be72b93a42e27e2ca3afb78f58f62b92ee340220696,2026-09-30T17:45:19Z
SubmitPartialDecryption,15,eb6f633c3351f74924ad56d43c42d345be9e0d6d77167e1fb3895a1ec68c5131,342,df5fb2c7957f218c92e5c86cf36d144612cbc590713814decdc5473f06bfdccd,ae7007552515cd8d13a40b8f5daf209ff0fb283901e51441954bc6c6582ce257,a570e5436c86dde5e4a33be72b93a42e27e2ca3afb78f58f62b92ee340220696,2026-09-30T17:45:19Z
SubmitPartialDecryption,4,dcb02a2af429e2d8e888df09e98d3cdb34eb12eb691495f1d4134c0010898596,342,df5fb2c7957f218c92e5c86cf36d144612cbc590713814decdc5473f06bfdccd,ae7007552515cd8d13a40b8f5daf209ff0fb283901e51441954bc6c6582ce257,a570e5436c86dde5e4a33be72b93a42e27e2ca3afb78f58f62b92ee340220696,2026-09-30T17:45:19Z
SubmitPartialDecryption,24,2d5d074d421d64c56a18691979e2d41dd9bb5789083111650ca5fa8aca1346d3,343,773fca350585d8590e9dc77a65d3bc6a6d5626017d9d928f99bac8f27d37a516,3c9ee81e90df58c6e9e6b011b24c3807c35888d91397feff80b9e23716a40d45,df5fb2c7957f218c92e5c86cf36d144612cbc590713814decdc5473f06bfdccd,2026-09-30T17:45:21Z
SubmitPartialDecryption,16,b8f4724879160cad5b09186108db5ea87dc3adb030deb5db7ace521ecc20854c,343,773fca350585d8590e9dc77a65d3bc6a6d5626017d9d928f99bac8f27d37a516,3c9ee81e90df58c6e9e6b011b24c3807c35888d91397feff80b9e23716a40d45,df5fb2c7957f218c92e5c86cf36d144612cbc590713814decdc5473f06bfdccd,2026-09-30T17:45:21Z
SubmitPartialDecryption,18,0eeb04ccd25e26a44d9d34c44393e0134721b4a5cdc0e1db17e16de15bc053b5,343,773fca350585d8590e9dc77a65d3bc6a6d5626017d9d928f99bac8f27d37a516,3c9ee81e90df58c6e9e6b011b24c3807c35888d91397feff80b9e23716a40d45,df5fb2c7957f218c92e5c86cf36d144612cbc590713814decdc5473f06bfdccd,2026-09-30T17:45:21Z
SubmitPartialDecryption,21,9814aa1c3f27dac19d9d2a1e3ce2f47fc31a6423d54d50e2956219f2dcf6c43f,343,773fca350585d8590e9dc77a65d3bc6a6d5626017d9d928f99bac8f27d37a516,3c9ee81e90df58c6e9e6b011b24c3807c35888d91397feff80b9e23716a40d45,df5fb2c7957f218c92e5c86cf36d144612cbc590713814decdc5473f06bfdccd,2026-09-30T17:45:21Z
SubmitPartialDecryption,19,c8507e8e13d00398deef3f7490e0913fde6082cfe436d3a2ed461668131d9450,343,773fca350585d8590e9dc77a65d3bc6a6d5626017d9d928f99bac8f27d37a516,3c9ee81e90df58c6e9e6b011b24c3807c35888d91397feff80b9e23716a40d45,df5fb2c7957f218c92e5c86cf36d144612cbc590713814decdc5473f06bfdccd,2026-09-30T17:45:21Z
SubmitPartialDecryption,31,44c6b3e217e2d8694679189f14dbf099b040a20e2237bd88f86039bf39d996b1,343,773fca350585d8590e9dc77a65d3bc6a6d5626017d9d928f99bac8f27d37a516,3c9ee81e90df58c6e9e6b011b24c3807c35888d91397feff80b9e23716a40d45,df5fb2c7957f218c92e5c86cf36d144612cbc590713814decdc5473f06bfdccd,2026-09-30T17:45:21Z
SubmitPartialDecryption,23,ea43cafd883edaa9fe3bb19bb71dfd1c8b85111ce333cad2529f4394823bcb1f,343,773fca350585d8590e9dc77a65d3bc6a6d5626017d9d928f99bac8f27d37a516,3c9ee81e90df58c6e9e6b011b24c3807c35888d91397feff80b9e23716a40d45,df5fb2c7957f218c92e5c86cf36d144612cbc590713814decdc5473f06bfdccd,2026-09-30T17:45:21Z
SubmitPartialDecryption,22,6c0f68164eab11a40b9ed654ba196a34516a5602e9ff3a219394f23f184bb523,343,773fca350585d8590e9dc77a65d3bc6a6d5626017d9d928f99bac8f27d37a516,3c9ee81e90df58c6e9e6b011b24c3807c35888d91397feff80b9e23716a40d45,df5fb2c7957f218c92e5c86cf36d144612cbc590713814decdc5473f06bfdccd,2026-09-30T17:45:21Z
SubmitPartialDecryption,30,e211c57bbe16bfc22d1bfec3d339fc6ef9d3bc29cf3be88395b4444ab79eb8b6,343,773fca350585d8590e9dc77a65d3bc6a6d5626017d9d928f99bac8f27d37a516,3c9ee81e90df58c6e9e6b011b24c3807c35888d91397feff80b9e23716a40d45,df5fb2c7957f218c92e5c86cf36d144612cbc590713814decdc5473f06bfdccd,2026-09-30T17:45:21Z
SubmitPartialDecryption,20,4c1df69a48550bc565cf85e823696c8b3b5e6169d9a4b07a9c0e242b6729f028,343,773fca350585d8590e9dc77a65d3bc6a6d5626017d9d928f99bac8f27d37a516,3c9ee81e90df58c6e9e6b011b24c3807c35888d91397feff80b9e23716a40d45,df5fb2c7957f218c92e5c86cf36d144612cbc590713814decdc5473f06bfdccd,2026-09-30T17:45:21Z
SubmitPartialDecryption,25,9af90921087cb4921b023a999ff37d9069043830d2e58501f44532b9e37d3fdb,343,773fca350585d8590e9dc77a65d3bc6a6d5626017d9d928f99bac8f27d37a516,3c9ee81e90df58c6e9e6b011b24c3807c35888d91397feff80b9e23716a40d45,df5fb2c7957f218c92e5c86cf36d144612cbc590713814decdc5473f06bfdccd,2026-09-30T17:45:21Z
SubmitPartialDecryption,17,44e6bd1c4c6c9c37f9103f0400509c7b4bfb17e88719f5a0f2e64b7fe3cb99f7,343,773fca350585d8590e9dc77a65d3bc6a6d5626017d9d928f99bac8f27d37a516,3c9ee81e90df58c6e9e6b011b24c3807c35888d91397feff80b9e23716a40d45,df5fb2c7957f218c92e5c86cf36d144612cbc590713814decdc5473f06bfdccd,2026-09-30T17:45:21Z
SubmitPartialDecryption,26,167546b6d465a885420c5e2fdfc32e7b7eb46f0cff35d02ef72711fda4a620c8,343,773fca350585d8590e9dc77a65d3bc6a6d5626017d9d928f99bac8f27d37a516,3c9ee81e90df58c6e9e6b011b24c3807c35888d91397feff80b9e23716a40d45,df5fb2c7957f218c92e5c86cf36d144612cbc590713814decdc5473f06bfdccd,2026-09-30T17:45:21Z
SubmitPartialDecryption,29,b05a9aeb52352576f7f5860e7ec2bc582f7ac6b9504c798ed9dc065a863e4448,343,773fca350585d8590e9dc77a65d3bc6a6d5626017d9d928f99bac8f27d37a516,3c9ee81e90df58c6e9e6b011b24c3807c35888d91397feff80b9e23716a40d45,df5fb2c7957f218c92e5c86cf36d144612cbc590713814decdc5473f06bfdccd,2026-09-30T17:45:21Z
SubmitPartialDecryption,27,dd8f3949d8c6daba6beb75fbdf67a1b47629f97b146a5bfb4063ff70f0300ac4,343,773fca350585d8590e9dc77a65d3bc6a6d5626017d9d928f99bac8f27d37a516,3c9ee81e90df58c6e9e6b011b24c3807c35888d91397feff80b9e23716a40d45,df5fb2c7957f218c92e5c86cf36d144612cbc590713814decdc5473f06bfdccd,2026-09-30T17:45:21Z
SubmitPartialDecryption,28,904b4ff8b08f5c6fb31c770150bd87f8ba50ecd9cd8eb8e747d37b461ceb4c41,343,773fca350585d8590e9dc77a65d3bc6a6d5626017d9d928f99bac8f27d37a516,3c9ee81e90df58c6e9e6b011b24c3807c35888d91397feff80b9e23716a40d45,df5fb2c7957f218c92e5c86cf36d144612cbc590713814decdc5473f06bfdccd,2026-09-30T17:45:21Z
SubmitPartialDecryption,37,ba4196c28a993528bb9451c13f9fe897763f50a99b4ae5a7b48451879e8e2739,344,372015f9fdba4c5f27ea9746d588f6fea858a5324f787a24e05867d7784a7b18,1d8a3684e58f8381947a2153e1dd0777608cc9259c89945aae138fe170ee8273,773fca350585d8590e9dc77a65d3bc6a6d5626017d9d928f99bac8f27d37a516,2026-09-30T17:45:23Z
SubmitPartialDecryption,38,1bed5d227c19df689f75162a13f206d678569c52b93a32c3963fbcd795a8c920,344,372015f9fdba4c5f27ea9746d588f6fea858a5324f787a24e05867d7784a7b18,1d8a3684e58f8381947a2153e1dd0777608cc9259c89945aae138fe170ee8273,773fca350585d8590e9dc77a65d3bc6a6d5626017d9d928f99bac8f27d37a516,2026-09-30T17:45:23Z
SubmitPartialDecryption,40,914f9daf5a5e3371410848dbdff9e8f1d6e0f7e0c8e840aa050a5089a00ac3fe,344,372015f9fdba4c5f27ea9746d588f6fea858a5324f787a24e05867d7784a7b18,1d8a3684e58f8381947a2153e1dd0777608cc9259c89945aae138fe170ee8273,773fca350585d8590e9dc77a65d3bc6a6d5626017d9d928f99bac8f27d37a516,2026-09-30T17:45:23Z
SubmitPartialDecryption,35,716763502ea27bba3226c1f22b9d9c52853f9e5b44f80bfede31b62932e8de5f,344,372015f9fdba4c5f27ea9746d588f6fea858a5324f787a24e05867d7784a7b18,1d8a3684e58f8381947a2153e1dd0777608cc9259c89945aae138fe170ee8273,773fca350585d8590e9dc77a65d3bc6a6d5626017d9d928f99bac8f27d37a516,2026-09-30T17:45:23Z
SubmitPartialDecryption,39,d6202b06404d5f437ba4a2cf84a3abd170bdca2785afaac7d0134388c475dcb4,344,372015f9fdba4c5f27ea9746d588f6fea858a5324f787a24e05867d7784a7b18,1d8a3684e58f8381947a2153e1dd0777608cc9259c89945aae138fe170ee8273,773fca350585d8590e9dc77a65d3bc6a6d5626017d9d928f99bac8f27d37a516,2026-09-30T17:45:23Z
SubmitPartialDecryption,43,604f993abe1bb9d0c6ce7c4b2c8ae05e3a9ec06d39c118d8b288c1fcdc8d7f8a,344,372015f9fdba4c5f27ea9746d588f6fea858a5324f787a24e05867d7784a7b18,1d8a3684e58f8381947a2153e1dd0777608cc9259c89945aae138fe170ee8273,773fca350585d8590e9dc77a65d3bc6a6d5626017d9d928f99bac8f27d37a516,2026-09-30T17:45:23Z
SubmitPartialDecryption,33,22761edc50392edbd8adc56295ef4f9988e115e900f45827da6f5e0b787f0d11,344,372015f9fdba4c5f27ea9746d588f6fea858a5324f787a24e05867d7784a7b18,1d8a3684e58f8381947a2153e1dd0777608cc9259c89945aae138fe170ee8273,773fca350585d8590e9dc77a65d3bc6a6d5626017d9d928f99bac8f27d37a516,2026-09-30T17:45:23Z
SubmitPartialDecryption,32,6b4e8e1dc4651e1956f3aae0a312018b8b2fc83e9ded9bec956be06c4e3c852d,344,372015f9fdba4c5f27ea9746d588f6fea858a5324f787a24e05867d7784a7b18,1d8a3684e58f8381947a2153e1dd0777608cc9259c89945aae138fe170ee8273,773fca350585d8590e9dc77a65d3bc6a6d5626017d9d928f99bac8f27d37a516,2026-09-30T17:45:23Z
SubmitPartialDecryption,41,fd8720bd0240cc52f4b85645760caacffb7489f406cb0668b8ea0b2e54daccbd,344,372015f9fdba4c5f27ea9746d588f6fea858a5324f787a24e05867d7784a7b18,1d8a3684e58f8381947a2153e1dd0777608cc9259c89945aae138fe170ee8273,773fca350585d8590e9dc77a65d3bc6a6d5626017d9d928f99bac8f27d37a516,2026-09-30T17:45:23Z
SubmitPartialDecryption,42,9a98c08f8977254b13305953a6618d08e580b22bb48f0d1a16257c9369166740,344,372015f9fdba4c5f27ea9746d588f6fea858a5324f787a24e05867d7784a7b18,1d8a3684e58f8381947a2153e1dd0777608cc9259c89945aae138fe170ee8273,773fca350585d8590e9dc77a65d3bc6a6d5626017d9d928f99bac8f27d37a516,2026-09-30T17:45:23Z
SubmitPartialDecryption,34,bce54ffaa001db5e50b53944c4fcb26ad289f42a34520d5790816143abd2e972,344,372015f9fdba4c5f27ea9746d588f6fea858a5324f787a24e05867d7784a7b18,1d8a3684e58f8381947a2153e1dd0777608cc9259c89945aae138fe170ee8273,773fca350585d8590e9dc77a65d3bc6a6d5626017d9d928f99bac8f27d37a516,2026-09-30T17:45:23Z
SubmitPartialDecryption,47,2c778d866e40ed2ac4abcf19b12e9d16baad6f48df6c3412dec0b03f5cd7dafd,344,372015f9fdba4c5f27ea9746d588f6fea858a5324f787a24e05867d7784a7b18,1d8a3684e58f8381947a2153e1dd0777608cc9259c89945aae138fe170ee8273,773fca350585d8590e9dc77a65d3bc6a6d5626017d9d928f99bac8f27d37a516,2026-09-30T17:45:23Z
SubmitPartialDecryption,36,ea03d7c0f9aefe114b96a9253dec02195747185f05a3c3c3ca7ba004e46c3413,344,372015f9fdba4c5f27ea9746d588f6fea858a5324f787a24e05867d7784a7b18,1d8a3684e58f8381947a2153e1dd0777608cc9259c89945aae138fe170ee8273,773fca350585d8590e9dc77a65d3bc6a6d5626017d9d928f99bac8f27d37a516,2026-09-30T17:45:23Z
SubmitPartialDecryption,44,4335db14f98b79e8df81c3f99728d97b786fffa98c24c44230d120adaee1c298,344,372015f9fdba4c5f27ea9746d588f6fea858a5324f787a24e05867d7784a7b18,1d8a3684e58f8381947a2153e1dd0777608cc9259c89945aae138fe170ee8273,773fca350585d8590e9dc77a65d3bc6a6d5626017d9d928f99bac8f27d37a516,2026-09-30T17:45:23Z
SubmitPartialDecryption,45,019d035b25b3b0d8b0fbc7541645340c52c5bfac8e6be2fa76cff5f7037890d8,344,372015f9fdba4c5f27ea9746d588f6fea858a5324f787a24e05867d7784a7b18,1d8a3684e58f8381947a2153e1dd0777608cc9259c89945aae138fe170ee8273,773fca350585d8590e9dc77a65d3bc6a6d5626017d9d928f99bac8f27d37a516,2026-09-30T17:45:23Z
SubmitPartialDecryption,46,010f491347fe22802fb90e2950e6c588e0709a8dba5d697f17c3efa58107b1bf,344,372015f9fdba4c5f27ea9746d588f6fea858a5324f787a24e05867d7784a7b18,1d8a3684e58f8381947a2153e1dd0777608cc9259c89945aae138fe170ee8273,773fca350585d8590e9dc77a65d3bc6a6d5626017d9d928f99bac8f27d37a516,2026-09-30T17:45:23Z
SubmitPartialDecryption,50,9a6b1ef0160bc4e9ba6de5acd345932065213b13cc25c2b99148239d83499ddd,345,97d19f541641052cba6bcaf5cc32da09678619401c53556f50303707747c4c92,fcb8082f3cf202d47563c5a45ea198bce36a1f273fb34b6cf769393b1e4496ae,372015f9fdba4c5f27ea9746d588f6fea858a5324f787a24e05867d7784a7b18,2026-09-30T17:45:25Z
SubmitPartialDecryption,62,047e6d801c1bb3958981d4d91f77e71628b4198877d631e11ac98d5abbaf11a2,345,97d19f541641052cba6bcaf5cc32da09678619401c53556f50303707747c4c92,fcb8082f3cf202d47563c5a45ea198bce36a1f273fb34b6cf769393b1e4496ae,372015f9fdba4c5f27ea9746d588f6fea858a5324f787a24e05867d7784a7b18,2026-09-30T17:45:25Z
SubmitPartialDecryption,59,2c6215e66e604b78b413478b1822cd094e3f3c2fd94c642967cf0fd0676bf01e,345,97d19f541641052cba6bcaf5cc32da09678619401c53556f50303707747c4c92,fcb8082f3cf202d47563c5a45ea198bce36a1f273fb34b6cf769393b1e4496ae,372015f9fdba4c5f27ea9746d588f6fea858a5324f787a24e05867d7784a7b18,2026-09-30T17:45:25Z
SubmitPartialDecryption,52,5675c052aece0eaaea49991ce6c837119df5991a6a681bff25903fb081adea2e,345,97d19f541641052cba6bcaf5cc32da09678619401c53556f50303707747c4c92,fcb8082f3cf202d47563c5a45ea198bce36a1f273fb34b6cf769393b1e4496ae,372015f9fdba4c5f27ea9746d588f6fea858a5324f787a24e05867d7784a7b18,2026-09-30T17:45:25Z
SubmitPartialDecryption,56,78358590903716fddc32b66bcef78cb2eda9aae654b03b73b32f290c40d9dc08,345,97d19f541641052cba6bcaf5cc32da09678619401c53556f50303707747c4c92,fcb8082f3cf202d47563c5a45ea198bce36a1f273fb34b6cf769393b1e4496ae,372015f9fdba4c5f27ea9746d588f6fea858a5324f787a24e05867d7784a7b18,2026-09-30T17:45:25Z
SubmitPartialDecryption,63,b2535785dab0c7085ef1ba720c2153c7a0829f1806ae05f018fda7a6b73d6546,345,97d19f541641052cba6bcaf5cc32da09678619401c53556f50303707747c4c92,fcb8082f3cf202d47563c5a45ea198bce36a1f273fb34b6cf769393b1e4496ae,372015f9fdba4c5f27ea9746d588f6fea858a5324f787a24e05867d7784a7b18,2026-09-30T17:45:25Z
SubmitPartialDecryption,57,366d373786757b1ba764eb627c09d35a4ddfaa61adc896501adb03c957862441,345,97d19f541641052cba6bcaf5cc32da09678619401c53556f50303707747c4c92,fcb8082f3cf202d47563c5a45ea198bce36a1f273fb34b6cf769393b1e4496ae,372015f9fdba4c5f27ea9746d588f6fea858a5324f787a24e05867d7784a7b18,2026-09-30T17:45:25Z
SubmitPartialDecryption,55,3b4d000b6f212f4e7e27569f8a5cc0049faf5057a14a5741e2b3cdc610b5a175,345,97d19f541641052cba6bcaf5cc32da09678619401c53556f50303707747c4c92,fcb8082f3cf202d47563c5a45ea198bce36a1f273fb34b6cf769393b1e4496ae,372015f9fdba4c5f27ea9746d588f6fea858a5324f787a24e05867d7784a7b18,2026-09-30T17:45:25Z
SubmitPartialDecryption,60,430895fc448c6e5691ff487c37c97605e7a9fe52dafb58f081c78e6e7bbf7977,345,97d19f541641052cba6bcaf5cc32da09678619401c53556f50303707747c4c92,fcb8082f3cf202d47563c5a45ea198bce36a1f273fb34b6cf769393b1e4496ae,372015f9fdba4c5f27ea9746d588f6fea858a5324f787a24e05867d7784a7b18,2026-09-30T17:45:25Z
SubmitPartialDecryption,53,77849f4eeddac67a84ef86410551a1b78d857b71841d0417d66225969d933510,345,97d19f541641052cba6bcaf5cc32da09678619401c53556f50303707747c4c92,fcb8082f3cf202d47563c5a45ea198bce36a1f273fb34b6cf769393b1e4496ae,372015f9fdba4c5f27ea9746d588f6fea858a5324f787a24e05867d7784a7b18,2026-09-30T17:45:25Z
SubmitPartialDecryption,48,cbbe045d0a98316db6d769eb9ec6e5e518d5a19dece92e9f60bd2f391ef58cf4,345,97d19f541641052cba6bcaf5cc32da09678619401c53556f50303707747c4c92,fcb8082f3cf202d47563c5a45ea198bce36a1f273fb34b6cf769393b1e4496ae,372015f9fdba4c5f27ea9746d588f6fea858a5324f787a24e05867d7784a7b18,2026-09-30T17:45:25Z
SubmitPartialDecryption,51,31aedc1fd75553d0af45e4895cf4a2dc213124aec0fa53e0ee7e83dbbd12103e,345,97d19f541641052cba6bcaf5cc32da09678619401c53556f50303707747c4c92,fcb8082f3cf202d47563c5a45ea198bce36a1f273fb34b6cf769393b1e4496ae,372015f9fdba4c5f27ea9746d588f6fea858a5324f787a24e05867d7784a7b18,2026-09-30T17:45:25Z
SubmitPartialDecryption,58,579649c4412f177bf7370b66e6dd69dd46eea18c54f161cb93bc1fde9d8a26ed,345,97d19f541641052cba6bcaf5cc32da09678619401c53556f50303707747c4c92,fcb8082f3cf202d47563c5a45ea198bce36a1f273fb34b6cf769393b1e4496ae,372015f9fdba4c5f27ea9746d588f6fea858a5324f787a24e05867d7784a7b18,2026-09-30T17:45:25Z
SubmitPartialDecryption,49,0df797c1041cd0303851cbd433dca21fb90b8e285b3487c93cb5384b32a73113,345,97d19f541641052cba6bcaf5cc32da09678619401c53556f50303707747c4c92,fcb8082f3cf202d47563c5a45ea198bce36a1f273fb34b6cf769393b1e4496ae,372015f9fdba4c5f27ea9746d588f6fea858a5324f787a24e05867d7784a7b18,2026-09-30T17:45:25Z
SubmitPartialDecryption,61,eef8b7e8bc416a902fd0465c3213580569808cf41a574bbc4c9e3f333b55cac9,345,97d19f541641052cba6bcaf5cc32da09678619401c53556f50303707747c4c92,fcb8082f3cf202d47563c5a45ea198bce36a1f273fb34b6cf769393b1e4496ae,372015f9fdba4c5f27ea9746d588f6fea858a5324f787a24e05867d7784a7b18,2026-09-30T17:45:25Z
SubmitPartialDecryption,54,882fafa77bc5845a44d31288e64391d6b878fee975035962564619b49a402d73,345,97d19f541641052cba6bcaf5cc32da09678619401c53556f50303707747c4c92,fcb8082f3cf202d47563c5a45ea198bce36a1f273fb34b6cf769393b1e4496ae,372015f9fdba4c5f27ea9746d588f6fea858a5324f787a24e05867d7784a7b18,2026-09-30T17:45:25Z
SubmitPartialDecryption,73,2593ee02f2f2cab09a34c3d5176f4425ef18eec2b09b96051dd83d5c7fd0f489,346,890cb93c436bbdcbf758c1c5e138a71a9e9f966359c6865ab20888c01b0e817e,06f371d4a5d7ddde1761e412a573db57901255692605d487f452ca9cff9aac91,97d19f541641052cba6bcaf5cc32da09678619401c53556f50303707747c4c92,2026-09-30T17:45:28Z
SubmitPartialDecryption,69,8cd1e0322dbef9a0721fece8937d3d5cf43a5370cbba657f9a9ddd0d15a73456,346,890cb93c436bbdcbf758c1c5e138a71a9e9f966359c6865ab20888c01b0e817e,06f371d4a5d7ddde1761e412a573db57901255692605d487f452ca9cff9aac91,97d19f541641052cba6bcaf5cc32da09678619401c53556f50303707747c4c92,2026-09-30T17:45:28Z
SubmitPartialDecryption,78,dd6922b703376ccf9bbaf9a2a074d3b38673c6bd16ac8875303f0aa6c9a95f45,346,890cb93c436bbdcbf758c1c5e138a71a9e9f966359c6865ab20888c01b0e817e,06f371d4a5d7ddde1761e412a573db57901255692605d487f452ca9cff9aac91,97d19f541641052cba6bcaf5cc32da09678619401c53556f50303707747c4c92,2026-09-30T17:45:28Z
SubmitPartialDecryption,79,a54d3fe2889da848ed49a5874e75a0ab1eed6f06f096d697ff33bcaf525e49e2,346,890cb93c436bbdcbf758c1c5e138a71a9e9f966359c6865ab20888c01b0e817e,06f371d4a5d7ddde1761e412a573db57901255692605d487f452ca9cff9aac91,97d19f541641052cba6bcaf5cc32da09678619401c53556f50303707747c4c92,2026-09-30T17:45:28Z
SubmitPartialDecryption,71,dd1d6e19fa43a4ee7b4f86a0f0d68b5536a907e53d9146cfc6e1a69c6e76eec4,346,890cb93c436bbdcbf758c1c5e138a71a9e9f966359c6865ab20888c01b0e817e,06f371d4a5d7ddde1761e412a573db57901255692605d487f452ca9cff9aac91,97d19f541641052cba6bcaf5cc32da09678619401c53556f50303707747c4c92,2026-09-30T17:45:28Z
SubmitPartialDecryption,72,e1cc868accfe3e495ae1d11fc4d75a627c794444389fe90f72364cf2e3770549,346,890cb93c436bbdcbf758c1c5e138a71a9e9f966359c6865ab20888c01b0e817e,06f371d4a5d7ddde1761e412a573db57901255692605d487f452ca9cff9aac91,97d19f541641052cba6bcaf5cc32da09678619401c53556f50303707747c4c92,2026-09-30T17:45:28Z
SubmitPartialDecryption,75,74bcdb8a4efdca6d02a45411291499c5318248b2482c70873dbaeefde060e848,346,890cb93c436bbdcbf758c1c5e138a71a9e9f966359c6865ab20888c01b0e817e,06f371d4a5d7ddde1761e412a573db57901255692605d487f452ca9cff9aac91,97d19f541641052cba6bcaf5cc32da09678619401c53556f50303707747c4c92,2026-09-30T17:45:28Z
SubmitPartialDecryption,68,65f31d14252dc1487f4b48982cf862fb19900f60d7cdb83274c98e2d29f12f79,346,890cb93c436bbdcbf758c1c5e138a71a9e9f966359c6865ab20888c01b0e817e,06f371d4a5d7ddde1761e412a573db57901255692605d487f452ca9cff9aac91,97d19f541641052cba6bcaf5cc32da09678619401c53556f50303707747c4c92,2026-09-30T17:45:28Z
SubmitPartialDecryption,67,8160905c71d9c94a6e2270d3747d1eb17e05296fa06eaca8d2371324b6a6a2f2,346,890cb93c436bbdcbf758c1c5e138a71a9e9f966359c6865ab20888c01b0e817e,06f371d4a5d7ddde1761e412a573db57901255692605d487f452ca9cff9aac91,97d19f541641052cba6bcaf5cc32da09678619401c53556f50303707747c4c92,2026-09-30T17:45:28Z
SubmitPartialDecryption,76,1702ad99b0426df0ad2820a6e7f325d329081482979e9d06870095a8301c3802,346,890cb93c436bbdcbf758c1c5e138a71a9e9f966359c6865ab20888c01b0e817e,06f371d4a5d7ddde1761e412a573db57901255692605d487f452ca9cff9aac91,97d19f541641052cba6bcaf5cc32da09678619401c53556f50303707747c4c92,2026-09-30T17:45:28Z
SubmitPartialDecryption,66,de56d1f8b4e1da13ada056453698f72b1972456c4bd7a497cc697b63a511cae4,346,890cb93c436bbdcbf758c1c5e138a71a9e9f966359c6865ab20888c01b0e817e,06f371d4a5d7ddde1761e412a573db57901255692605d487f452ca9cff9aac91,97d19f541641052cba6bcaf5cc32da09678619401c53556f50303707747c4c92,2026-09-30T17:45:28Z
SubmitPartialDecryption,70,c2482853ea09326333bdebb6d570b579b0a89ed666caa5a1c189598316aaf1b4,346,890cb93c436bbdcbf758c1c5e138a71a9e9f966359c6865ab20888c01b0e817e,06f371d4a5d7ddde1761e412a573db57901255692605d487f452ca9cff9aac91,97d19f541641052cba6bcaf5cc32da09678619401c53556f50303707747c4c92,2026-09-30T17:45:28Z
SubmitPartialDecryption,74,2736c334d5e8e9232418ebad23183d18c238b09e6b45dcea571c9903c94c55ac,346,890cb93c436bbdcbf758c1c5e138a71a9e9f966359c6865ab20888c01b0e817e,06f371d4a5d7ddde1761e412a573db57901255692605d487f452ca9cff9aac91,97d19f541641052cba6bcaf5cc32da09678619401c53556f50303707747c4c92,2026-09-30T17:45:28Z
SubmitPartialDecryption,64,d9c2a9232d9588c313c3bc1a3f8e1b8ac95dd29465329f3661c3aa7f2c5b0525,346,890cb93c436bbdcbf758c1c5e138a71a9e9f966359c6865ab20888c01b0e817e,06f371d4a5d7ddde1761e412a573db57901255692605d487f452ca9cff9aac91,97d19f541641052cba6bcaf5cc32da09678619401c53556f50303707747c4c92,2026-09-30T17:45:28Z
SubmitPartialDecryption,77,df8f58f51656d68d0316b45dd8bd6cb23beeba1a3e76f244bc3916865f2e5e98,346,890cb93c436bbdcbf758c1c5e138a71a9e9f966359c6865ab20888c01b0e817e,06f371d4a5d7ddde1761e412a573db57901255692605d487f452ca9cff9aac91,97d19f541641052cba6bcaf5cc32da09678619401c53556f50303707747c4c92,2026-09-30T17:45:28Z
SubmitPartialDecryption,65,e067cb7f6b3d743198c389f956deb636b00ef4a337ef38fa41531decc680a19a,346,890cb93c436bbdcbf758c1c5e138a71a9e9f966359c6865ab20888c01b0e817e,06f371d4a5d7ddde1761e412a573db57901255692605d487f452ca9cff9aac91,97d19f541641052cba6bcaf5cc32da09678619401c53556f50303707747c4c92,2026-09-30T17:45:28Z
SubmitPartialDecryption,82,110f4967bc11904abbe55b8d3c61b9bc3cf16047e44290b16b8cc79aaa2ba493,347,e5359296f1de33d05c5a3e1bbf95474ce9b6f9a6516c0fa9837303f0084fed12,0667be2aaba477866293f8363150aac967fac71a64212e96c89d641304fc3761,890cb93c436bbdcbf758c1c5e138a71a9e9f966359c6865ab20888c01b0e817e,2026-09-30T17:45:30Z
SubmitPartialDecryption,83,81a36d60685f648d9e01ce7f7d1ada327df40a276eeea6db3a776118d2b016e2,347,e5359296f1de33d05c5a3e1bbf95474ce9b6f9a6516c0fa9837303f0084fed12,0667be2aaba477866293f8363150aac967fac71a64212e96c89d641304fc3761,890cb93c436bbdcbf758c1c5e138a71a9e9f966359c6865ab20888c01b0e817e,2026-09-30T17:45:30Z
SubmitPartialDecryption,89,130c48bcb939185efb2bb8fbd65609ea12637fb885a121c385d173466501e1a2,347,e5359296f1de33d05c5a3e1bbf95474ce9b6f9a6516c0fa9837303f0084fed12,0667be2aaba477866293f8363150aac967fac71a64212e96c89d641304fc3761,890cb93c436bbdcbf758c1c5e138a71a9e9f966359c6865ab20888c01b0e817e,2026-09-30T17:45:30Z
SubmitPartialDecryption,86,30c8eb8eddf27ac7015c1abf5c1d62d3697296650e75580bb8e88c3506fe2ca5,347,e5359296f1de33d05c5a3e1bbf95474ce9b6f9a6516c0fa9837303f0084fed12,0667be2aaba477866293f8363150aac967fac71a64212e96c89d641304fc3761,890cb93c436bbdcbf758c1c5e138a71a9e9f966359c6865ab20888c01b0e817e,2026-09-30T17:45:30Z
SubmitPartialDecryption,87,4ca637f836c651fd9911809679f0d9ad75f4243b7639a0af3c6c21b580c5e869,347,e5359296f1de33d05c5a3e1bbf95474ce9b6f9a6516c0fa9837303f0084fed12,0667be2aaba477866293f8363150aac967fac71a64212e96c89d641304fc3761,890cb93c436bbdcbf758c1c5e138a71a9e9f966359c6865ab20888c01b0e817e,2026-09-30T17:45:30Z
SubmitPartialDecryption,88,bcbf36558e62c47489b13ec22b03c0c94fa9c36affb9b88fe486f580f7508908,347,e5359296f1de33d05c5a3e1bbf95474ce9b6f9a6516c0fa9837303f0084fed12,0667be2aaba477866293f8363150aac967fac71a64212e96c89d641304fc3761,890cb93c436bbdcbf758c1c5e138a71a9e9f966359c6865ab20888c01b0e817e,2026-09-30T17:45:30Z
SubmitPartialDecryption,91,fc88bdba879ddb8634ef7bb0e49a27789e98b04d00594d9aac0d51a7506db989,347,e5359296f1de33d05c5a3e1bbf95474ce9b6f9a6516c0fa9837303f0084fed12,0667be2aaba477866293f8363150aac967fac71a64212e96c89d641304fc3761,890cb93c436bbdcbf758c1c5e138a71a9e9f966359c6865ab20888c01b0e817e,2026-09-30T17:45:30Z
SubmitPartialDecryption,93,f4dea8ace20a31229617621596d52e9b0b4f767a1e1191a60b04e0f508966d02,347,e5359296f1de33d05c5a3e1bbf95474ce9b6f9a6516c0fa9837303f0084fed12,0667be2aaba477866293f8363150aac967fac71a64212e96c89d641304fc3761,890cb93c436bbdcbf758c1c5e138a71a9e9f966359c6865ab20888c01b0e817e,2026-09-30T17:45:30Z
SubmitPartialDecryption,94,d81509d71f91842a5e59c19ffae655b56d68eb6b6a6745a9e9878dae1e84e013,347,e5359296f1de33d05c5a3e1bbf95474ce9b6f9a6516c0fa9837303f0084fed12,0667be2aaba477866293f8363150aac967fac71a64212e96c89d641304fc3761,890cb93c436bbdcbf758c1c5e138a71a9e9f966359c6865ab20888c01b0e817e,2026-09-30T17:45:30Z
SubmitPartialDecryption,95,00652160907c6f922e3381caa1fb8fa57acdef1daa6ff93db4cdc735efb1145f,347,e5359296f1de33d05c5a3e1bbf95474ce9b6f9a6516c0fa9837303f0084fed12,0667be2aaba477866293f8363150aac967fac71a64212e96c89d641304fc3761,890cb93c436bbdcbf758c1c5e138a71a9e9f966359c6865ab20888c01b0e817e,2026-09-30T17:45:30Z
SubmitPartialDecryption,92,e571cdf88b6a6f6a127ca026b179c60f859868ea81e76ee926510100838f192c,347,e5359296f1de33d05c5a3e1bbf95474ce9b6f9a6516c0fa9837303f0084fed12,0667be2aaba477866293f8363150aac967fac71a64212e96c89d641304fc3761,890cb93c436bbdcbf758c1c5e138a71a9e9f966359c6865ab20888c01b0e817e,2026-09-30T17:45:30Z
SubmitPartialDecryption,84,e060489562d6ec1f29a181be6f972e2f5699607319eb5c6fc1794cd134ae1628,347,e5359296f1de33d05c5a3e1bbf95474ce9b6f9a6516c0fa9837303f0084fed12,0667be2aaba477866293f8363150aac967fac71a64212e96c89d641304fc3761,890cb93c436bbdcbf758c1c5e138a71a9e9f966359c6865ab20888c01b0e817e,2026-09-30T17:45:30Z
SubmitPartialDecryption,81,dc6f034f8538706f7701a606ba4f97f86d8c5873f8dd51f46f29c905f16b3fe0,347,e5359296f1de33d05c5a3e1bbf95474ce9b6f9a6516c0fa9837303f0084fed12,0667be2aaba477866293f8363150aac967fac71a64212e96c89d641304fc3761,890cb93c436bbdcbf758c1c5e138a71a9e9f966359c6865ab20888c01b0e817e,2026-09-30T17:45:30Z
SubmitPartialDecryption,90,69ed1e3d83b5c0baa7635c9776334a2ec2f24566632dd507cc86ab7fd5150003,347,e5359296f1de33d05c5a3e1bbf95474ce9b6f9a6516c0fa9837303f0084fed12,0667be2aaba477866293f8363150aac967fac71a64212e96c89d641304fc3761,890cb93c436bbdcbf758c1c5e138a71a9e9f966359c6865ab20888c01b0e817e,2026-09-30T17:45:30Z
SubmitPartialDecryption,80,1bd1560ccf7ac4ded89d14d62aa926d3ee9c9bdea8bab764121c845350bc8da4,347,e5359296f1de33d05c5a3e1bbf95474ce9b6f9a6516c0fa9837303f0084fed12,0667be2aaba477866293f8363150aac967fac71a64212e96c89d641304fc3761,890cb93c436bbdcbf758c1c5e138a71a9e9f966359c6865ab20888c01b0e817e,2026-09-30T17:45:30Z
SubmitPartialDecryption,85,532fd3a929564c4bafa3e2443818ccb57bd7eb9d3051e182f7e52cec0bde275c,347,e5359296f1de33d05c5a3e1bbf95474ce9b6f9a6516c0fa9837303f0084fed12,0667be2aaba477866293f8363150aac967fac71a64212e96c89d641304fc3761,890cb93c436bbdcbf758c1c5e138a71a9e9f966359c6865ab20888c01b0e817e,2026-09-30T17:45:30Z
SubmitPartialDecryption,99,49ed01c6fcc2f7283a37a0918e5a6f2baa4b326f2a3d7bfca469354e1f17c308,348,9e25f60ea5e9434369c4b0258bba364e6a39bee4b63c46f6a7ba5ac936187a6a,d8c78c5a7f6cb5dfdfa9c23fe2cfdde855d76bb00f84474f3e7d4f3b9c9e6f61,e5359296f1de33d05c5a3e1bbf95474ce9b6f9a6516c0fa9837303f0084fed12,2026-09-30T17:45:32Z
SubmitPartialDecryption,104,d0eccb9b6b0be8598a340c9381c555b1ef3bf22222cb2f4394b7e9c1f5b9799f,348,9e25f60ea5e9434369c4b0258bba364e6a39bee4b63c46f6a7ba5ac936187a6a,d8c78c5a7f6cb5dfdfa9c23fe2cfdde855d76bb00f84474f3e7d4f3b9c9e6f61,e5359296f1de33d05c5a3e1bbf95474ce9b6f9a6516c0fa9837303f0084fed12,2026-09-30T17:45:32Z
SubmitPartialDecryption,108,76c5e6c689de5aa150a83ca5a5ba2815441513fa2da52839ee2bd2c7a4a5ad86,348,9e25f60ea5e9434369c4b0258bba364e6a39bee4b63c46f6a7ba5ac936187a6a,d8c78c5a7f6cb5dfdfa9c23fe2cfdde855d76bb00f84474f3e7d4f3b9c9e6f61,e5359296f1de33d05c5a3e1bbf95474ce9b6f9a6516c0fa9837303f0084fed12,2026-09-30T17:45:32Z
SubmitPartialDecryption,100,d6d38e8de316f19c7702a51a0736e73ae24664009b3d76872623512caa3b5e8e,348,9e25f60ea5e9434369c4b0258bba364e6a39bee4b63c46f6a7ba5ac936187a6a,d8c78c5a7f6cb5dfdfa9c23fe2cfdde855d76bb00f84474f3e7d4f3b9c9e6f61,e5359296f1de33d05c5a3e1bbf95474ce9b6f9a6516c0fa9837303f0084fed12,2026-09-30T17:45:32Z
SubmitPartialDecryption,111,f963464518455634ee7189b2f48564f6953982d9228c5328249b4b8d0846bf49,348,9e25f60ea5e9434369c4b0258bba364e6a39bee4b63c46f6a7ba5ac936187a6a,d8c78c5a7f6cb5dfdfa9c23fe2cfdde855d76bb00f84474f3e7d4f3b9c9e6f61,e5359296f1de33d05c5a3e1bbf95474ce9b6f9a6516c0fa9837303f0084fed12,2026-09-30T17:45:32Z
SubmitPartialDecryption,105,678196f93962aadcfddc8d8cba128e76b166445a4ee6f172c923dc33b7f579f8,348,9e25f60ea5e9434369c4b0258bba364e6a39bee4b63c46f6a7ba5ac936187a6a,d8c78c5a7f6cb5dfdfa9c23fe2cfdde855d76bb00f84474f3e7d4f3b9c9e6f61,e5359296f1de33d05c5a3e1bbf95474ce9b6f9a6516c0fa9837303f0084fed12,2026-09-30T17:45:32Z
SubmitPartialDecryption,96,4ff42f8e8c7db1348eda0ed87588748a09b26a2f6b618b1a24d80b8e38339e5f,348,9e25f60ea5e9434369c4b0258bba364e6a39bee4b63c46f6a7ba5ac936187a6a,d8c78c5a7f6cb5dfdfa9c23fe2cfdde855d76bb00f84474f3e7d4f3b9c9e6f61,e5359296f1de33d05c5a3e1bbf95474ce9b6f9a6516c0fa9837303f0084fed12,2026-09-30T17:45:32Z
SubmitPartialDecryption,103,70df0fbb09ad5328b18bd9f3d08a6a2b1427560d73db3d35163a8998abe1477b,348,9e25f60ea5e9434369c4b0258bba364e6a39bee4b63c46f6a7ba5ac936187a6a,d8c78c5a7f6cb5dfdfa9c23fe2cfdde855d76bb00f84474f3e7d4f3b9c9e6f61,e5359296f1de33d05c5a3e1bbf95474ce9b6f9a6516c0fa9837303f0084fed12,2026-09-30T17:45:32Z
SubmitPartialDecryption,102,aeb75ddecf63266de1f87a325893a3ec679426ff8a1bec165c6b33a782c910e7,348,9e25f60ea5e9434369c4b0258bba364e6a39bee4b63c46f6a7ba5ac936187a6a,d8c78c5a7f6cb5dfdfa9c23fe2cfdde855d76bb00f84474f3e7d4f3b9c9e6f61,e5359296f1de33d05c5a3e1bbf95474ce9b6f9a6516c0fa9837303f0084fed12,2026-09-30T17:45:32Z
SubmitPartialDecryption,109,5f3d451a0f717bde403444fb91737263f61b8f5cfa8bc4f56b5e75ceabd19c4c,348,9e25f60ea5e9434369c4b0258bba364e6a39bee4b63c46f6a7ba5ac936187a6a,d8c78c5a7f6cb5dfdfa9c23fe2cfdde855d76bb00f84474f3e7d4f3b9c9e6f61,e5359296f1de33d05c5a3e1bbf95474ce9b6f9a6516c0fa9837303f0084fed12,2026-09-30T17:45:32Z
SubmitPartialDecryption,110,9ca6f720f01f6ef6c75e30eb206f3f03e85d158f0e8176345a229c7e50626f5e,348,9e25f60ea5e9434369c4b0258bba364e6a39bee4b63c46f6a7ba5ac936187a6a,d8c78c5a7f6cb5dfdfa9c23fe2cfdde855d76bb00f84474f3e7d4f3b9c9e6f61,e5359296f1de33d05c5a3e1bbf95474ce9b6f9a6516c0fa9837303f0084fed12,2026-09-30T17:45:32Z
SubmitPartialDecryption,106,ceb66f4a2ef4d4cd51a1cd701ee27b637281e6c7bc93001c7fed88ec745edd63,348,9e25f60ea5e9434369c4b0258bba364e6a39bee4b63c46f6a7ba5ac936187a6a,d8c78c5a7f6cb5dfdfa9c23fe2cfdde855d76bb00f84474f3e7d4f3b9c9e6f61,e5359296f1de33d05c5a3e1bbf95474ce9b6f9a6516c0fa9837303f0084fed12,2026-09-30T17:45:32Z
SubmitPartialDecryption,107,18dc6b1b569b90605f94a719627170b395c59b3cb6085d6d4cfb48ba9e36a880,348,9e25f60ea5e9434369c4b0258bba364e6a39bee4b63c46f6a7ba5ac936187a6a,d8c78c5a7f6cb5dfdfa9c23fe2cfdde855d76bb00f84474f3e7d4f3b9c9e6f61,e5359296f1de33d05c5a3e1bbf95474ce9b6f9a6516c0fa9837303f0084fed12,2026-09-30T17:45:32Z
SubmitPartialDecryption,97,9b118d847c1d4359b681a4ae28ee0694746b374d35e4bc54595ecc0688126e64,348,9e25f60ea5e9434369c4b0258bba364e6a39bee4b63c46f6a7ba5ac936187a6a,d8c78c5a7f6cb5dfdfa9c23fe2cfdde855d76bb00f84474f3e7d4f3b9c9e6f61,e5359296f1de33d05c5a3e1bbf95474ce9b6f9a6516c0fa9837303f0084fed12,2026-09-30T17:45:32Z
SubmitPartialDecryption,101,cbd4bdb8e32ef997deb56012a7fe18a99fad63a761d1c72beb5742872febb75c,348,9e25f60ea5e9434369c4b0258bba364e6a39bee4b63c46f6a7ba5ac936187a6a,d8c78c5a7f6cb5dfdfa9c23fe2cfdde855d76bb00f84474f3e7d4f3b9c9e6f61,e5359296f1de33d05c5a3e1bbf95474ce9b6f9a6516c0fa9837303f0084fed12,2026-09-30T17:45:32Z
SubmitPartialDecryption,98,f572d9dca4574aa3ac3aa1717fceeee93a707665db88038b9f6f8f8e23b4943a,348,9e25f60ea5e9434369c4b0258bba364e6a39bee4b63c46f6a7ba5ac936187a6a,d8c78c5a7f6cb5dfdfa9c23fe2cfdde855d76bb00f84474f3e7d4f3b9c9e6f61,e5359296f1de33d05c5a3e1bbf95474ce9b6f9a6516c0fa9837303f0084fed12,2026-09-30T17:45:32Z
SubmitPartialDecryption,116,a1c56cc1e10a78cd75996e623646d3e5b74b5a37c616f2aa47e206e59f4d111a,349,7573b0c101bf046e36500362a451448ebacc17394a8cddef07618ed351f31d70,67f1ae6bdee30f2bc754fd16856832e1cfd2a3985dc0b323582400de33ee6061,9e25f60ea5e9434369c4b0258bba364e6a39bee4b63c46f6a7ba5ac936187a6a,2026-09-30T17:45:34Z
SubmitPartialDecryption,127,83635e1e32030973392589e009cdff0471101e397e4a6b86528ae9ced97e42dd,349,7573b0c101bf046e36500362a451448ebacc17394a8cddef07618ed351f31d70,67f1ae6bdee30f2bc754fd16856832e1cfd2a3985dc0b323582400de33ee6061,9e25f60ea5e9434369c4b0258bba364e6a39bee4b63c46f6a7ba5ac936187a6a,2026-09-30T17:45:34Z
SubmitPartialDecryption,120,50a0c47930125603c988989396e466f3769e5b020e139081f654337d4bf573a8,349,7573b0c101bf046e36500362a451448ebacc17394a8cddef07618ed351f31d70,67f1ae6bdee30f2bc754fd16856832e1cfd2a3985dc0b323582400de33ee6061,9e25f60ea5e9434369c4b0258bba364e6a39bee4b63c46f6a7ba5ac936187a6a,2026-09-30T17:45:34Z
SubmitPartialDecryption,112,4a5c06b443b224af20b7e860fc2d0b0d5c44446e308f6b940732234c64b70bb1,349,7573b0c101bf046e36500362a451448ebacc17394a8cddef07618ed351f31d70,67f1ae6bdee30f2bc754fd16856832e1cfd2a3985dc0b323582400de33ee6061,9e25f60ea5e9434369c4b0258bba364e6a39bee4b63c46f6a7ba5ac936187a6a,2026-09-30T17:45:34Z
SubmitPartialDecryption,119,ec86ce56b2b9e2676c4eab2baf95fdb0a4da7aa9814585320260d250157e1b78,349,7573b0c101bf046e36500362a451448ebacc17394a8cddef07618ed351f31d70,67f1ae6bdee30f2bc754fd16856832e1cfd2a3985dc0b323582400de33ee6061,9e25f60ea5e9434369c4b0258bba364e6a39bee4b63c46f6a7ba5ac936187a6a,2026-09-30T17:45:34Z
SubmitPartialDecryption,123,b67ccd77d46d4a946250dc38656d41f757cd68069a32d19388c9c5aa4e83f454,349,7573b0c101bf046e36500362a451448ebacc17394a8cddef07618ed351f31d70,67f1ae6bdee30f2bc754fd16856832e1cfd2a3985dc0b323582400de33ee6061,9e25f60ea5e9434369c4b0258bba364e6a39bee4b63c46f6a7ba5ac936187a6a,2026-09-30T17:45:34Z
SubmitPartialDecryption,121,41345fa37eebdbea6fc26a2c67628764d4d3eea3a5275b2a0791c6fb77f002c5,349,7573b0c101bf046e36500362a451448ebacc17394a8cddef07618ed351f31d70,67f1ae6bdee30f2bc754fd16856832e1cfd2a3985dc0b323582400de33ee6061,9e25f60ea5e9434369c4b0258bba364e6a39bee4b63c46f6a7ba5ac936187a6a,2026-09-30T17:45:34Z
SubmitPartialDecryption,113,694725a8139e6a3b3d5f305575d4842009f0c243479df26735585413bfb1cd90,349,7573b0c101bf046e36500362a451448ebacc17394a8cddef07618ed351f31d70,67f1ae6bdee30f2bc754fd16856832e1cfd2a3985dc0b323582400de33ee6061,9e25f60ea5e9434369c4b0258bba364e6a39bee4b63c46f6a7ba5ac936187a6a,2026-09-30T17:45:34Z
SubmitPartialDecryption,124,870815c81b40266bc09b1b485c66e032d926ff393d337e618a2f6fc3b2d2f004,349,7573b0c101bf046e36500362a451448ebacc17394a8cddef07618ed351f31d70,67f1ae6bdee30f2bc754fd16856832e1cfd2a3985dc0b323582400de33ee6061,9e25f60ea5e9434369c4b0258bba364e6a39bee4b63c46f6a7ba5ac936187a6a,2026-09-30T17:45:34Z
SubmitPartialDecryption,125,a822d3fb9b016c68a638c366eb39c9d252dd157fd27271cf662ae9deed90f671,349,7573b0c101bf046e36500362a451448ebacc17394a8cddef07618ed351f31d70,67f1ae6bdee30f2bc754fd16856832e1cfd2a3985dc0b323582400de33ee6061,9e25f60ea5e9434369c4b0258bba364e6a39bee4b63c46f6a7ba5ac936187a6a,2026-09-30T17:45:34Z
SubmitPartialDecryption,126,f97038a8428de373e96b10eac0421047d0e607a00e3f4499751ca2fbd30077cd,349,7573b0c101bf046e36500362a451448ebacc17394a8cddef07618ed351f31d70,67f1ae6bdee30f2bc754fd16856832e1cfd2a3985dc0b323582400de33ee6061,9e25f60ea5e9434369c4b0258bba364e6a39bee4b63c46f6a7ba5ac936187a6a,2026-09-30T17:45:34Z
SubmitPartialDecryption,122,41b3a2f4df5744cc7bd773f03ef3f8ba70fcd73961ab05dfd3eaf2b43ac43ee1,349,7573b0c101bf046e36500362a451448ebacc17394a8cddef07618ed351f31d70,67f1ae6bdee30f2bc754fd16856832e1cfd2a3985dc0b323582400de33ee6061,9e25f60ea5e9434369c4b0258bba364e6a39bee4b63c46f6a7ba5ac936187a6a,2026-09-30T17:45:34Z
SubmitPartialDecryption,115,5811c61cf697f8bec834cf542791133ad57f0fad05a9590faf98d5fed57660c9,349,7573b0c101bf046e36500362a451448ebacc17394a8cddef07618ed351f31d70,67f1ae6bdee30f2bc754fd16856832e1cfd2a3985dc0b323582400de33ee6061,9e25f60ea5e9434369c4b0258bba364e6a39bee4b63c46f6a7ba5ac936187a6a,2026-09-30T17:45:34Z
SubmitPartialDecryption,118,e13accb93005e93e91b8c7b9ca28358cf676d629106781ff05551cacfb83ed07,349,7573b0c101bf046e36500362a451448ebacc17394a8cddef07618ed351f31d70,67f1ae6bdee30f2bc754fd16856832e1cfd2a3985dc0b323582400de33ee6061,9e25f60ea5e9434369c4b0258bba364e6a39bee4b63c46f6a7ba5ac936187a6a,2026-09-30T17:45:34Z
SubmitPartialDecryption,114,f432f1d0dc4d2a7c3bdeca8b8b0cce75e80867a3b22315dd433b6940efbce60b,349,7573b0c101bf046e36500362a451448ebacc17394a8cddef07618ed351f31d70,67f1ae6bdee30f2bc754fd16856832e1cfd2a3985dc0b323582400de33ee6061,9e25f60ea5e9434369c4b0258bba364e6a39bee4b63c46f6a7ba5ac936187a6a,2026-09-30T17:45:34Z
SubmitPartialDecryption,117,f94bdc3985610293b4b6b235823ae696cbc0100e9c752e590633cfb42e80b9c3,349,7573b0c101bf046e36500362a451448ebacc17394a8cddef07618ed351f31d70,67f1ae6bdee30f2bc754fd16856832e1cfd2a3985dc0b323582400de33ee6061,9e25f60ea5e9434369c4b0258bba364e6a39bee4b63c46f6a7ba5ac936187a6a,2026-09-30T17:45:34Z
SubmitPartialDecryption,128,1b385b03ab4fcbb6b92603ebf1204b4e81ef4c2a858bf2e5aff670a9cb2780ae,350,91f10cbec94d5825c2092f26f41d6f0254e46581e24de9477678fdd0ecb8fc96,bceb73fd9433c020f4ea97058d69c3834bac2afeb1f2ddd942ffce0a2a3f63af,7573b0c101bf046e36500362a451448ebacc17394a8cddef07618ed351f31d70,2026-09-30T17:45:36Z
SubmitPartialDecryption,138,2de8d0d4cf9017c05f3933155c5c0876981542ab45d131114a0c7d913ed980e5,350,91f10cbec94d5825c2092f26f41d6f0254e46581e24de9477678fdd0ecb8fc96,bceb73fd9433c020f4ea97058d69c3834bac2afeb1f2ddd942ffce0a2a3f63af,7573b0c101bf046e36500362a451448ebacc17394a8cddef07618ed351f31d70,2026-09-30T17:45:36Z
SubmitPartialDecryption,139,acb38ca5a410c2192d8f1d3c986df875e73c3dcc2f3399f4812e4937705e1984,350,91f10cbec94d5825c2092f26f41d6f0254e46581e24de9477678fdd0ecb8fc96,bceb73fd9433c020f4ea97058d69c3834bac2afeb1f2ddd942ffce0a2a3f63af,7573b0c101bf046e36500362a451448ebacc17394a8cddef07618ed351f31d70,2026-09-30T17:45:36Z
SubmitPartialDecryption,140,1c3fac0e5b5cdcc20ebae0a425914d0c0fec25b651c93ca3f347c628fb31643e,350,91f10cbec94d5825c2092f26f41d6f0254e46581e24de9477678fdd0ecb8fc96,bceb73fd9433c020f4ea97058d69c3834bac2afeb1f2ddd942ffce0a2a3f63af,7573b0c101bf046e36500362a451448ebacc17394a8cddef07618ed351f31d70,2026-09-30T17:45:36Z
SubmitPartialDecryption,135,23dbed09c205954c74606031925d84f26b796357f71c929910e1866e09201b00,350,91f10cbec94d5825c2092f26f41d6f0254e46581e24de9477678fdd0ecb8fc96,bceb73fd9433c020f4ea97058d69c3834bac2afeb1f2ddd942ffce0a2a3f63af,7573b0c101bf046e36500362a451448ebacc17394a8cddef07618ed351f31d70,2026-09-30T17:45:36Z
SubmitPartialDecryption,130,2363c8c33d24b59e794ee3f1aed4185835a0cff98e93fd3197de5bd1c81a272c,350,91f10cbec94d5825c2092f26f41d6f0254e46581e24de9477678fdd0ecb8fc96,bceb73fd9433c020f4ea97058d69c3834bac2afeb1f2ddd942ffce0a2a3f63af,7573b0c101bf046e36500362a451448ebacc17394a8cddef07618ed351f31d70,2026-09-30T17:45:36Z
SubmitPartialDecryption,134,9e15794036e653b0735196c0675a019879a5c04a40ceca95dc3f7b9bded138b7,350,91f10cbec94d5825c2092f26f41d6f0254e46581e24de9477678fdd0ecb8fc96,bceb73fd9433c020f4ea97058d69c3834bac2afeb1f2ddd942ffce0a2a3f63af,7573b0c101bf046e36500362a451448ebacc17394a8cddef07618ed351f31d70,2026-09-30T17:45:36Z
SubmitPartialDecryption,131,a142b670c2ef3b140ea40ccea4e568f17fa9957a4a5fbd96c93296d1aef86cc2,350,91f10cbec94d5825c2092f26f41d6f0254e46581e24de9477678fdd0ecb8fc96,bceb73fd9433c020f4ea97058d69c3834bac2afeb1f2ddd942ffce0a2a3f63af,7573b0c101bf046e36500362a451448ebacc17394a8cddef07618ed351f31d70,2026-09-30T17:45:36Z
SubmitPartialDecryption,132,e892716b506ba666df001b046e00b553fc4a2875a0981ab0842f5be7277ae3d2,350,91f10cbec94d5825c2092f26f41d6f0254e46581e24de9477678fdd0ecb8fc96,bceb73fd9433c020f4ea97058d69c3834bac2afeb1f2ddd942ffce0a2a3f63af,7573b0c101bf046e36500362a451448ebacc17394a8cddef07618ed351f31d70,2026-09-30T17:45:36Z
SubmitPartialDecryption,133,2b45aaaa27e30c6e7ddf8351b56eacdc5f81fc636128023ac798a3d88dd813d2,350,91f10cbec94d5825c2092f26f41d6f0254e46581e24de9477678fdd0ecb8fc96,bceb73fd9433c020f4ea97058d69c3834bac2afeb1f2ddd942ffce0a2a3f63af,7573b0c101bf046e36500362a451448ebacc17394a8cddef07618ed351f31d70,2026-09-30T17:45:36Z
SubmitPartialDecryption,129,61e7109acfac6789112f08f4e66e8e0d88edfd93d57b519ead7a63e358cb15d7,350,91f10cbec94d5825c2092f26f41d6f0254e46581e24de9477678fdd0ecb8fc96,bceb73fd9433c020f4ea97058d69c3834bac2afeb1f2ddd942ffce0a2a3f63af,7573b0c101bf046e36500362a451448ebacc17394a8cddef07618ed351f31d70,2026-09-30T17:45:36Z
SubmitPartialDecryption,142,adaadd01ab24203284159e64f46a8e5d8368851d9c80443020e03c11ec94c0d2,350,91f10cbec94d5825c2092f26f41d6f0254e46581e24de9477678fdd0ecb8fc96,bceb73fd9433c020f4ea97058d69c3834bac2afeb1f2ddd942ffce0a2a3f63af,7573b0c101bf046e36500362a451448ebacc17394a8cddef07618ed351f31d70,2026-09-30T17:45:36Z
SubmitPartialDecryption,137,8ecae7f54cf78cfcd797c1d5f8b333f52a1ab4a2c249b7cfe6fe4126d5275f7c,350,91f10cbec94d5825c2092f26f41d6f0254e46581e24de9477678fdd0ecb8fc96,bceb73fd9433c020f4ea97058d69c3834bac2afeb1f2ddd942ffce0a2a3f63af,7573b0c101bf046e36500362a451448ebacc17394a8cddef07618ed351f31d70,2026-09-30T17:45:36Z
SubmitPartialDecryption,136,f71e4b6a5a944f478a1b2d27388a7b6c645872f7c4c5c8fac753c4c1c1760122,350,91f10cbec94d5825c2092f26f41d6f0254e46581e24de9477678fdd0ecb8fc96,bceb73fd9433c020f4ea97058d69c3834bac2afeb1f2ddd942ffce0a2a3f63af,7573b0c101bf046e36500362a451448ebacc17394a8cddef07618ed351f31d70,2026-09-30T17:45:36Z
SubmitPartialDecryption,143,176a5c1679093708fdaf1e25cbd32aa0c5c12c2a1bfb49bad653662576a848a7,350,91f10cbec94d5825c2092f26f41d6f0254e46581e24de9477678fdd0ecb8fc96,bceb73fd9433c020f4ea97058d69c3834bac2afeb1f2ddd942ffce0a2a3f63af,7573b0c101bf046e36500362a451448ebacc17394a8cddef07618ed351f31d70,2026-09-30T17:45:36Z
SubmitPartialDecryption,141,22dc20ac5bc78cd377b9d5b39606098d718bbf23f4a2e2677863771efa0ac23c,350,91f10cbec94d5825c2092f26f41d6f0254e46581e24de9477678fdd0ecb8fc96,bceb73fd9433c020f4ea97058d69c3834bac2afeb1f2ddd942ffce0a2a3f63af,7573b0c101bf046e36500362a451448ebacc17394a8cddef07618ed351f31d70,2026-09-30T17:45:36Z
SubmitPartialDecryption,148,d87b8023d110f35c3bfd26b97ddcb8d452e2be48756d9c93bd76d6234458838c,351,8c449812025cf0b7087bda3ce14514e7348891730a804e2362c74340726df934,298904669cfc0e0e8341065ae4b68fa5cf80eacf0f5bfb608c1b412125920a10,91f10cbec94d5825c2092f26f41d6f0254e46581e24de9477678fdd0ecb8fc96,2026-09-30T17:45:38Z
SubmitPartialDecryption,153,ab2fce0726ca6254f7df61886adf9acccc26ccc6a76272eb30e1c5c8aef52167,351,8c449812025cf0b7087bda3ce14514e7348891730a804e2362c74340726df934,298904669cfc0e0e8341065ae4b68fa5cf80eacf0f5bfb608c1b412125920a10,91f10cbec94d5825c2092f26f41d6f0254e46581e24de9477678fdd0ecb8fc96,2026-09-30T17:45:38Z
SubmitPartialDecryption,144,a5e4aaccd666d54d629cc46c92f3885ffb465242e4586ad8b3ea46b8f4cb9496,351,8c449812025cf0b7087bda3ce14514e7348891730a804e2362c74340726df934,298904669cfc0e0e8341065ae4b68fa5cf80eacf0f5bfb608c1b412125920a10,91f10cbec94d5825c2092f26f41d6f0254e46581e24de9477678fdd0ecb8fc96,2026-09-30T17:45:38Z
SubmitPartialDecryption,158,493073f8d65756299b44260e97861348b104533b431717abbc9d3be3216cff06,351,8c449812025cf0b7087bda3ce14514e7348891730a804e2362c74340726df934,298904669cfc0e0e8341065ae4b68fa5cf80eacf0f5bfb608c1b412125920a10,91f10cbec94d5825c2092f26f41d6f0254e46581e24de9477678fdd0ecb8fc96,2026-09-30T17:45:38Z
SubmitPartialDecryption,156,bc2821f1005ccc7d9233b417d4fc501d8d7b291c9032cb01d0de2be1f16b3844,351,8c449812025cf0b7087bda3ce14514e7348891730a804e2362c74340726df934,298904669cfc0e0e8341065ae4b68fa5cf80eacf0f5bfb608c1b412125920a10,91f10cbec94d5825c2092f26f41d6f0254e46581e24de9477678fdd0ecb8fc96,2026-09-30T17:45:38Z
SubmitPartialDecryption,159,2befdf6e9c5ccb9a5f729451bcffb7aa493338c1fcc658a0e44eb8502f162c5a,351,8c449812025cf0b7087bda3ce14514e7348891730a804e2362c74340726df934,298904669cfc0e0e8341065ae4b68fa5cf80eacf0f5bfb608c1b412125920a10,91f10cbec94d5825c2092f26f41d6f0254e46581e24de9477678fdd0ecb8fc96,2026-09-30T17:45:38Z
SubmitPartialDecryption,149,4453d2cbce2a260d4873e9b8d0509267e6af524898117eba2c3acabfc20aefdf,351,8c449812025cf0b7087bda3ce14514e7348891730a804e2362c74340726df934,298904669cfc0e0e8341065ae4b68fa5cf80eacf0f5bfb608c1b412125920a10,91f10cbec94d5825c2092f26f41d6f0254e46581e24de9477678fdd0ecb8fc96,2026-09-30T17:45:38Z
SubmitPartialDecryption,152,5ea014f75eff057ca8055ec0de0240f7215eaa154f3ea717ffd584802c93f2c8,351,8c449812025cf0b7087bda3ce14514e7348891730a804e2362c74340726df934,298904669cfc0e0e8341065ae4b68fa5cf80eacf0f5bfb608c1b412125920a10,91f10cbec94d5825c2092f26f41d6f0254e46581e24de9477678fdd0ecb8fc96,2026-09-30T17:45:38Z
SubmitPartialDecryption,154,7236a8f6b5c395efa8e0ff098c1d1526feefc04620372eac5f0d2e8618e378f5,351,8c449812025cf0b7087bda3ce14514e7348891730a804e2362c74340726df934,298904669cfc0e0e8341065ae4b68fa5cf80eacf0f5bfb608c1b412125920a10,91f10cbec94d5825c2092f26f41d6f0254e46581e24de9477678fdd0ecb8fc96,2026-09-30T17:45:38Z
SubmitPartialDecryption,146,77d038bebf6b9816e5ec49ae9d738db9476cc6e6efe0bb986472d6d87c739e1f,351,8c449812025cf0b7087bda3ce14514e7348891730a804e2362c74340726df934,298904669cfc0e0e8341065ae4b68fa5cf80eacf0f5bfb608c1b412125920a10,91f10cbec94d5825c2092f26f41d6f0254e46581e24de9477678fdd0ecb8fc96,2026-09-30T17:45:38Z
SubmitPartialDecryption,155,bb6a59dda607bc77b03b7671cf42d99a5269ead150c3bc34a173de76ff7d7772,351,8c449812025cf0b7087bda3ce14514e7348891730a804e2362c74340726df934,298904669cfc0e0e8341065ae4b68fa5cf80eacf0f5bfb608c1b412125920a10,91f10cbec94d5825c2092f26f41d6f0254e46581e24de9477678fdd0ecb8fc96,2026-09-30T17:45:38Z
SubmitPartialDecryption,157,b73198f963630c94ed1de67fe6d53f0578cb395ca6de2d8dd71734677ffa78e5,351,8c449812025cf0b7087bda3ce14514e7348891730a804e2362c74340726df934,298904669cfc0e0e8341065ae4b68fa5cf80eacf0f5bfb608c1b412125920a10,91f10cbec94d5825c2092f26f41d6f0254e46581e24de9477678fdd0ecb8fc96,2026-09-30T17:45:38Z
SubmitPartialDecryption,151,07e0306cf1f1e3f1eff2340f9e41fa64979ca71c654f6c7967c495be0862b639,351,8c449812025cf0b7087bda3ce14514e7348891730a804e2362c74340726df934,298904669cfc0e0e8341065ae4b68fa5cf80eacf0f5bfb608c1b412125920a10,91f10cbec94d5825c2092f26f41d6f0254e46581e24de9477678fdd0ecb8fc96,2026-09-30T17:45:38Z
SubmitPartialDecryption,145,a96bfcf5beeb20cfc2190a8a47a2fc323772e8de4a561e64172c666d29f06dbb,351,8c449812025cf0b7087bda3ce14514e7348891730a804e2362c74340726df934,298904669cfc0e0e8341065ae4b68fa5cf80eacf0f5bfb608c1b412125920a10,91f10cbec94d5825c2092f26f41d6f0254e46581e24de9477678fdd0ecb8fc96,2026-09-30T17:45:38Z
SubmitPartialDecryption,147,69dbfa331b5f5e97a06b671be3222b600fc8ecb673f829cd23bee052cf5a32b3,351,8c449812025cf0b7087bda3ce14514e7348891730a804e2362c74340726df934,298904669cfc0e0e8341065ae4b68fa5cf80eacf0f5bfb608c1b412125920a10,91f10cbec94d5825c2092f26f41d6f0254e46581e24de9477678fdd0ecb8fc96,2026-09-30T17:45:38Z
SubmitPartialDecryption,150,1aeaed1af095689166157c428907fb4f87db51e49a3a39b8454fa4727c056522,351,8c449812025cf0b7087bda3ce14514e7348891730a804e2362c74340726df934,298904669cfc0e0e8341065ae4b68fa5cf80eacf0f5bfb608c1b412125920a10,91f10cbec94d5825c2092f26f41d6f0254e46581e24de9477678fdd0ecb8fc96,2026-09-30T17:45:38Z
SubmitPartialDecryption,175,ad39101b69fdcf5ce389b786d9699ee77494d5cf857414b9fdb4235910edad2d,352,c7e9f0962a1262d8db6fab2c1dd7991e313f2e956870d1116e5776fe079f48fe,713c4387b81dadfda606e59cc04fda0824e10d287f8355088be81829e0fdd7bb,8c449812025cf0b7087bda3ce14514e7348891730a804e2362c74340726df934,2026-09-30T17:45:43Z
SubmitPartialDecryption,160,5b75fa10329f9afd8558d9a18abe98e6c2dd6e0d2948e255c176f81ef73a48da,352,c7e9f0962a1262d8db6fab2c1dd7991e313f2e956870d1116e5776fe079f48fe,713c4387b81dadfda606e59cc04fda0824e10d287f8355088be81829e0fdd7bb,8c449812025cf0b7087bda3ce14514e7348891730a804e2362c74340726df934,2026-09-30T17:45:43Z
SubmitPartialDecryption,162,a18e73143a3d88f2022d772153068de96057293d7ba0db64014d536c0e5a1816,352,c7e9f0962a1262d8db6fab2c1dd7991e313f2e956870d1116e5776fe079f48fe,713c4387b81dadfda606e59cc04fda0824e10d287f8355088be81829e0fdd7bb,8c449812025cf0b7087bda3ce14514e7348891730a804e2362c74340726df934,2026-09-30T17:45:43Z
SubmitPartialDecryption,163,6ea2ea1f233118cba76552f80770b95b25110ac076eb5e5a32258506e0db1517,352,c7e9f0962a1262d8db6fab2c1dd7991e313f2e956870d1116e5776fe079f48fe,713c4387b81dadfda606e59cc04fda0824e10d287f8355088be81829e0fdd7bb,8c449812025cf0b7087bda3ce14514e7348891730a804e2362c74340726df934,2026-09-30T17:45:43Z
SubmitPartialDecryption,161,f0001ecb004a74d2c66ddd97bfbccd9810531301cdcc9bd338aca65b4e4104f9,352,c7e9f0962a1262d8db6fab2c1dd7991e313f2e956870d1116e5776fe079f48fe,713c4387b81dadfda606e59cc04fda0824e10d287f8355088be81829e0fdd7bb,8c449812025cf0b7087bda3ce14514e7348891730a804e2362c74340726df934,2026-09-30T17:45:43Z
SubmitPartialDecryption,166,e19befa87e6725f68841b5dace34c0dd06207f45c62657a818672d02ff65ddcf,352,c7e9f0962a1262d8db6fab2c1dd7991e313f2e956870d1116e5776fe079f48fe,713c4387b81dadfda606e59cc04fda0824e10d287f8355088be81829e0fdd7bb,8c449812025cf0b7087bda3ce14514e7348891730a804e2362c74340726df934,2026-09-30T17:45:43Z
SubmitPartialDecryption,174,1903b5ae8e0b68cb0bc3bbdb64748d248eb6537a4a076102e063f5a82a6e67ee,352,c7e9f0962a1262d8db6fab2c1dd7991e313f2e956870d1116e5776fe079f48fe,713c4387b81dadfda606e59cc04fda0824e10d287f8355088be81829e0fdd7bb,8c449812025cf0b7087bda3ce14514e7348891730a804e2362c74340726df934,2026-09-30T17:45:43Z
SubmitPartialDecryption,170,de3a78db09e26f7a2bd86823b71e38925ff311b5ec4dcf99a50c9590225c1dc4,352,c7e9f0962a1262d8db6fab2c1dd7991e313f2e956870d1116e5776fe079f48fe,713c4387b81dadfda606e59cc04fda0824e10d287f8355088be81829e0fdd7bb,8c449812025cf0b7087bda3ce14514e7348891730a804e2362c74340726df934,2026-09-30T17:45:43Z
SubmitPartialDecryption,171,a17a46b1123d1605d7e31c5434f55a12ccae10581a51db48b25e1d09ac28096b,352,c7e9f0962a1262d8db6fab2c1dd7991e313f2e956870d1116e5776fe079f48fe,713c4387b81dadfda606e59cc04fda0824e10d287f8355088be81829e0fdd7bb,8c449812025cf0b7087bda3ce14514e7348891730a804e2362c74340726df934,2026-09-30T17:45:43Z
SubmitPartialDecryption,173,f3ec25e7ef2462f6f895a49b33604849f9a0664f5071c679899cb5a34276e7d7,352,c7e9f0962a1262d8db6fab2c1dd7991e313f2e956870d1116e5776fe079f48fe,713c4387b81dadfda606e59cc04fda0824e10d287f8355088be81829e0fdd7bb,8c449812025cf0b7087bda3ce14514e7348891730a804e2362c74340726df934,2026-09-30T17:45:43Z
SubmitPartialDecryption,168,44aebbb171b1eba4647f9892c23bb0397d0119852793ee4aff0af2f79b831b01,352,c7e9f0962a1262d8db6fab2c1dd7991e313f2e956870d1116e5776fe079f48fe,713c4387b81dadfda606e59cc04fda0824e10d287f8355088be81829e0fdd7bb,8c449812025cf0b7087bda3ce14514e7348891730a804e2362c74340726df934,2026-09-30T17:45:43Z
SubmitPartialDecryption,164,16d72bb509e46e06bcbdec2396b474927981d55db6b282299aba18a93135c2df,352,c7e9f0962a1262d8db6fab2c1dd7991e313f2e956870d1116e5776fe079f48fe,713c4387b81dadfda606e59cc04fda0824e10d287f8355088be81829e0fdd7bb,8c449812025cf0b7087bda3ce14514e7348891730a804e2362c74340726df934,2026-09-30T17:45:43Z
SubmitPartialDecryption,165,f832ccfb71612f3bc60b4ffd71fa363b9487fdb22869c2a01dfcae82c38429da,352,c7e9f0962a1262d8db6fab2c1dd7991e313f2e956870d1116e5776fe079f48fe,713c4387b81dadfda606e59cc04fda0824e10d287f8355088be81829e0fdd7bb,8c449812025cf0b7087bda3ce14514e7348891730a804e2362c74340726df934,2026-09-30T17:45:43Z
SubmitPartialDecryption,169,9d433ecce02826c5f9b1a57f58cfb4bd1f46aa7660963f0dbe6d1f3d613c41cf,352,c7e9f0962a1262d8db6fab2c1dd7991e313f2e956870d1116e5776fe079f48fe,713c4387b81dadfda606e59cc04fda0824e10d287f8355088be81829e0fdd7bb,8c449812025cf0b7087bda3ce14514e7348891730a804e2362c74340726df934,2026-09-30T17:45:43Z
SubmitPartialDecryption,167,3e0914ad5d69337a44e447100128b7f6b4b0fed1d8cf10d86c47c547e7dd48f6,352,c7e9f0962a1262d8db6fab2c1dd7991e313f2e956870d1116e5776fe079f48fe,713c4387b81dadfda606e59cc04fda0824e10d287f8355088be81829e0fdd7bb,8c449812025cf0b7087bda3ce14514e7348891730a804e2362c74340726df934,2026-09-30T17:45:43Z
SubmitPartialDecryption,172,254ad9c115697f90297a445bf241613bcd24ccc340867a874cb2da2f5bbd213e,352,c7e9f0962a1262d8db6fab2c1dd7991e313f2e956870d1116e5776fe079f48fe,713c4387b81dadfda606e59cc04fda0824e10d287f8355088be81829e0fdd7bb,8c449812025cf0b7087bda3ce14514e7348891730a804e2362c74340726df934,2026-09-30T17:45:43Z
SubmitPartialDecryption,191,36f446f1a17e302bef1770f218ca592fe0e178bb39e190f460b949a0809abbd0,353,494cbb576ee39f16a5a2a4d5b24b22f3f38dae59e8ce8dc139dfc82a16c3051d,cb46813944f6e288e5b028656011978e41f5a2a7f7930f90c59a94e0e126c00b,c7e9f0962a1262d8db6fab2c1dd7991e313f2e956870d1116e5776fe079f48fe,2026-09-30T17:45:45Z
SubmitPartialDecryption,180,6da39f2c66a6070572bf6bfb70413db35d1c164e115d6faeff1741d6578043a4,353,494cbb576ee39f16a5a2a4d5b24b22f3f38dae59e8ce8dc139dfc82a16c3051d,cb46813944f6e288e5b028656011978e41f5a2a7f7930f90c59a94e0e126c00b,c7e9f0962a1262d8db6fab2c1dd7991e313f2e956870d1116e5776fe079f48fe,2026-09-30T17:45:45Z
SubmitPartialDecryption,176,ace4a82f67444c1cd1ddb991e28d29513bb5205b9203e90a00220105a0f505b9,353,494cbb576ee39f16a5a2a4d5b24b22f3f38dae59e8ce8dc139dfc82a16c3051d,cb46813944f6e288e5b028656011978e41f5a2a7f7930f90c59a94e0e126c00b,c7e9f0962a1262d8db6fab2c1dd7991e313f2e956870d1116e5776fe079f48fe,2026-09-30T17:45:45Z
SubmitPartialDecryption,190,640ef641be45bee127283080475c2d41dd22ab9b231bcd2b9f069eb49584aa9f,353,494cbb576ee39f16a5a2a4d5b24b22f3f38dae59e8ce8dc139dfc82a16c3051d,cb46813944f6e288e5b028656011978e41f5a2a7f7930f90c59a94e0e126c00b,c7e9f0962a1262d8db6fab2c1dd7991e313f2e956870d1116e5776fe079f48fe,2026-09-30T17:45:45Z
SubmitPartialDecryption,179,c974de05da27c19cae870c1b056e3149247562a46997a01b5c40fe9ea29bc39a,353,494cbb576ee39f16a5a2a4d5b24b22f3f38dae59e8ce8dc139dfc82a16c3051d,cb46813944f6e288e5b028656011978e41f5a2a7f7930f90c59a94e0e126c00b,c7e9f0962a1262d8db6fab2c1dd7991e313f2e956870d1116e5776fe079f48fe,2026-09-30T17:45:45Z
SubmitPartialDecryption,187,fe1b70d730d6475f5250383433443594bf5a96dc4a2c01e3fd96fd47c4598b34,353,494cbb576ee39f16a5a2a4d5b24b22f3f38dae59e8ce8dc139dfc82a16c3051d,cb46813944f6e288e5b028656011978e41f5a2a7f7930f90c59a94e0e126c00b,c7e9f0962a1262d8db6fab2c1dd7991e313f2e956870d1116e5776fe079f48fe,2026-09-30T17:45:45Z
SubmitPartialDecryption,188,694b42d017e18bde53f0ec1e635abb923fbad31efd18f9eb6a2ea02a518d63db,353,494cbb576ee39f16a5a2a4d5b24b22f3f38dae59e8ce8dc139dfc82a16c3051d,cb46813944f6e288e5b028656011978e41f5a2a7f7930f90c59a94e0e126c00b,c7e9f0962a1262d8db6fab2c1dd7991e313f2e956870d1116e5776fe079f48fe,2026-09-30T17:45:45Z
SubmitPartialDecryption,182,2016bf044b120f79dbfb43547772d372130aea1b9ac8d1facdfccbdffb344d9f,353,494cbb576ee39f16a5a2a4d5b24b22f3f38dae59e8ce8dc139dfc82a16c3051d,cb46813944f6e288e5b028656011978e41f5a2a7f7930f90c59a94e0e126c00b,c7e9f0962a1262d8db6fab2c1dd7991e313f2e956870d1116e5776fe079f48fe,2026-09-30T17:45:45Z
SubmitPartialDecryption,186,f0849547dac2170b984232246e91538ed2d2fc5e073ec1971ab83fc4be5b1709,353,494cbb576ee39f16a5a2a4d5b24b22f3f38dae59e8ce8dc139dfc82a16c3051d,cb46813944f6e288e5b028656011978e41f5a2a7f7930f90c59a94e0e126c00b,c7e9f0962a1262d8db6fab2c1dd7991e313f2e956870d1116e5776fe079f48fe,2026-09-30T17:45:45Z
SubmitPartialDecryption,177,f85b2143b0b4acb65de0e5b74ab87a7a5fb57aeec2c4649645cf688da4c031a3,353,494cbb576ee39f16a5a2a4d5b24b22f3f38dae59e8ce8dc139dfc82a16c3051d,cb46813944f6e288e5b028656011978e41f5a2a7f7930f90c59a94e0e126c00b,c7e9f0962a1262d8db6fab2c1dd7991e313f2e956870d1116e5776fe079f48fe,2026-09-30T17:45:45Z
SubmitPartialDecryption,178,194606c4575f00fb470d52e1014de68d8e11f5b14e91c5057457468c130ac8a7,353,494cbb576ee39f16a5a2a4d5b24b22f3f38dae59e8ce8dc139dfc82a16c3051d,cb46813944f6e288e5b028656011978e41f5a2a7f7930f90c59a94e0e126c00b,c7e9f0962a1262d8db6fab2c1dd7991e313f2e956870d1116e5776fe079f48fe,2026-09-30T17:45:45Z
SubmitPartialDecryption,181,196e1112d42b3b46b2e2757a8cc45a979ee47b7d26cd6591f1795b75b77ee745,353,494cbb576ee39f16a5a2a4d5b24b22f3f38dae59e8ce8dc139dfc82a16c3051d,cb46813944f6e288e5b028656011978e41f5a2a7f7930f90c59a94e0e126c00b,c7e9f0962a1262d8db6fab2c1dd7991e313f2e956870d1116e5776fe079f48fe,2026-09-30T17:45:45Z
SubmitPartialDecryption,189,a3915ee07297b44f6608069711d24d4d99fc2855e62c7b06d34b13b043ee5f5f,353,494cbb576ee39f16a5a2a4d5b24b22f3f38dae59e8ce8dc139dfc82a16c3051d,cb46813944f6e288e5b028656011978e41f5a2a7f7930f90c59a94e0e126c00b,c7e9f0962a1262d8db6fab2c1dd7991e313f2e956870d1116e5776fe079f48fe,2026-09-30T17:45:45Z
SubmitPartialDecryption,184,ef43ca64d9023734426933157cb50c58ff94783e91618cf219f9d3b11d162407,353,494cbb576ee39f16a5a2a4d5b24b22f3f38dae59e8ce8dc139dfc82a16c3051d,cb46813944f6e288e5b028656011978e41f5a2a7f7930f90c59a94e0e126c00b,c7e9f0962a1262d8db6fab2c1dd7991e313f2e956870d1116e5776fe079f48fe,2026-09-30T17:45:45Z
SubmitPartialDecryption,185,6dddf05f867af082849d051174c507f447c6019d7a43bd7ca9b95b2d46fea033,353,494cbb576ee39f16a5a2a4d5b24b22f3f38dae59e8ce8dc139dfc82a16c3051d,cb46813944f6e288e5b028656011978e41f5a2a7f7930f90c59a94e0e126c00b,c7e9f0962a1262d8db6fab2c1dd7991e313f2e956870d1116e5776fe079f48fe,2026-09-30T17:45:45Z
SubmitPartialDecryption,183,014e230c385a100205840fe905c78eb4ab05d9a301a63d4a3ef3738063af963d,353,494cbb576ee39f16a5a2a4d5b24b22f3f38dae59e8ce8dc139dfc82a16c3051d,cb46813944f6e288e5b028656011978e41f5a2a7f7930f90c59a94e0e126c00b,c7e9f0962a1262d8db6fab2c1dd7991e313f2e956870d1116e5776fe079f48fe,2026-09-30T17:45:45Z
SubmitPartialDecryption,206,d6da2f0a177d665969a098855bb13a76d9ad551e52b0c04603e71dd6b4c0496d,354,040442b03c64a6315342e274fe989f01d86ca8f04b25d09a3a07a74184077e2f,ee87e81d60f72713710cdf8ddf5f2e35f0dccba502e0a980e0ac47bae10e2620,494cbb576ee39f16a5a2a4d5b24b22f3f38dae59e8ce8dc139dfc82a16c3051d,2026-09-30T17:45:47Z
SubmitPartialDecryption,202,ef71d855bad39a7047977d2082010dede16ce18f49cc60b44c12d30860174806,354,040442b03c64a6315342e274fe989f01d86ca8f04b25d09a3a07a74184077e2f,ee87e81d60f72713710cdf8ddf5f2e35f0dccba502e0a980e0ac47bae10e2620,494cbb576ee39f16a5a2a4d5b24b22f3f38dae59e8ce8dc139dfc82a16c3051d,2026-09-30T17:45:47Z
SubmitPartialDecryption,197,ff7252bc35bc0539c7746d2771c817b4823b9ac38c68f4de2c2c9dddbaebf92e,354,040442b03c64a6315342e274fe989f01d86ca8f04b25d09a3a07a74184077e2f,ee87e81d60f72713710cdf8ddf5f2e35f0dccba502e0a980e0ac47bae10e2620,494cbb576ee39f16a5a2a4d5b24b22f3f38dae59e8ce8dc139dfc82a16c3051d,2026-09-30T17:45:47Z
SubmitPartialDecryption,207,b33bc3dc5c0fcd5a543531d0f4940a87a21fe39c3f67b98dc783c57346800b3a,354,040442b03c64a6315342e274fe989f01d86ca8f04b25d09a3a07a74184077e2f,ee87e81d60f72713710cdf8ddf5f2e35f0dccba502e0a980e0ac47bae10e2620,494cbb576ee39f16a5a2a4d5b24b22f3f38dae59e8ce8dc139dfc82a16c3051d,2026-09-30T17:45:47Z
SubmitPartialDecryption,203,25bfb3f67394051b92721784d9cfc1f6aa5e0f167d25c5f9568937a1b0900025,354,040442b03c64a6315342e274fe989f01d86ca8f04b25d09a3a07a74184077e2f,ee87e81d60f72713710cdf8ddf5f2e35f0dccba502e0a980e0ac47bae10e2620,494cbb576ee39f16a5a2a4d5b24b22f3f38dae59e8ce8dc139dfc82a16c3051d,2026-09-30T17:45:47Z
SubmitPartialDecryption,199,b0d87aac82314625a02d38ede1dc77f8bccb229a4d3ca74bc15e2177e461ad2d,354,040442b03c64a6315342e274fe989f01d86ca8f04b25d09a3a07a74184077e2f,ee87e81d60f72713710cdf8ddf5f2e35f0dccba502e0a980e0ac47bae10e2620,494cbb576ee39f16a5a2a4d5b24b22f3f38dae59e8ce8dc139dfc82a16c3051d,2026-09-30T17:45:47Z
SubmitPartialDecryption,196,8b85a8d2d0db28570eaf2b77b598ef9080fb9795dd37b4d4b34a0aeff7d20192,354,040442b03c64a6315342e274fe989f01d86ca8f04b25d09a3a07a74184077e2f,ee87e81d60f72713710cdf8ddf5f2e35f0dccba502e0a980e0ac47bae10e2620,494cbb576ee39f16a5a2a4d5b24b22f3f38dae59e8ce8dc139dfc82a16c3051d,2026-09-30T17:45:47Z
SubmitPartialDecryption,192,e29827bc790962d4cbe95f7525075ef248e4cece9b665a70addfb11a26533af3,354,040442b03c64a6315342e274fe989f01d86ca8f04b25d09a3a07a74184077e2f,ee87e81d60f72713710cdf8ddf5f2e35f0dccba502e0a980e0ac47bae10e2620,494cbb576ee39f16a5a2a4d5b24b22f3f38dae59e8ce8dc139dfc82a16c3051d,2026-09-30T17:45:47Z
SubmitPartialDecryption,204,5b0adfeb5753b7e3f5e7250dd694ca51dd622e9f4960a178f447b70a038e18f5,354,040442b03c64a6315342e274fe989f01d86ca8f04b25d09a3a07a74184077e2f,ee87e81d60f72713710cdf8ddf5f2e35f0dccba502e0a980e0ac47bae10e2620,494cbb576ee39f16a5a2a4d5b24b22f3f38dae59e8ce8dc139dfc82a16c3051d,2026-09-30T17:45:47Z
SubmitPartialDecryption,195,e1486d452c84a60df5bc4ee14c3458709231f51be165c514490a00cdd37d1e71,354,040442b03c64a6315342e274fe989f01d86ca8f04b25d09a3a07a74184077e2f,ee87e81d60f72713710cdf8ddf5f2e35f0dccba502e0a980e0ac47bae10e2620,494cbb576ee39f16a5a2a4d5b24b22f3f38dae59e8ce8dc139dfc82a16c3051d,2026-09-30T17:45:47Z
SubmitPartialDecryption,198,519d266ce3ece2e3c5cd1d26830b1b545154ae1627d2bfdbdc72c870911937fe,354,040442b03c64a6315342e274fe989f01d86ca8f04b25d09a3a07a74184077e2f,ee87e81d60f72713710cdf8ddf5f2e35f0dccba502e0a980e0ac47bae10e2620,494cbb576ee39f16a5a2a4d5b24b22f3f38dae59e8ce8dc139dfc82a16c3051d,2026-09-30T17:45:47Z
SubmitPartialDecryption,205,e861cd798c5f10246dfd59b1ad8f3d92cc2bdc25ed1bbe68b5447b8a483251b5,354,040442b03c64a6315342e274fe989f01d86ca8f04b25d09a3a07a74184077e2f,ee87e81d60f72713710cdf8ddf5f2e35f0dccba502e0a980e0ac47bae10e2620,494cbb576ee39f16a5a2a4d5b24b22f3f38dae59e8ce8dc139dfc82a16c3051d,2026-09-30T17:45:47Z
SubmitPartialDecryption,201,cdc6e42bea3316ac6dc06ccbfdc7b250c22342fdc53101a717c0371ce7861263,354,040442b03c64a6315342e274fe989f01d86ca8f04b25d09a3a07a74184077e2f,ee87e81d60f72713710cdf8ddf5f2e35f0dccba502e0a980e0ac47bae10e2620,494cbb576ee39f16a5a2a4d5b24b22f3f38dae59e8ce8dc139dfc82a16c3051d,2026-09-30T17:45:47Z
SubmitPartialDecryption,200,03cf59757c86dec46c924c9a587a62a652cac0c6ac7f7129598e8de449374161,354,040442b03c64a6315342e274fe989f01d86ca8f04b25d09a3a07a74184077e2f,ee87e81d60f72713710cdf8ddf5f2e35f0dccba502e0a980e0ac47bae10e2620,494cbb576ee39f16a5a2a4d5b24b22f3f38dae59e8ce8dc139dfc82a16c3051d,2026-09-30T17:45:47Z
SubmitPartialDecryption,193,aa058302bc25901ad44c301120b55bf5d519ebb8fc8533be3d2820d97f509336,354,040442b03c64a6315342e274fe989f01d86ca8f04b25d09a3a07a74184077e2f,ee87e81d60f72713710cdf8ddf5f2e35f0dccba502e0a980e0ac47bae10e2620,494cbb576ee39f16a5a2a4d5b24b22f3f38dae59e8ce8dc139dfc82a16c3051d,2026-09-30T17:45:47Z
SubmitPartialDecryption,194,77a564d5ccb2c6cb3bcdca4105f667d0d0b577a1d9fef2c5b1ca688ef34ff8a4,354,040442b03c64a6315342e274fe989f01d86ca8f04b25d09a3a07a74184077e2f,ee87e81d60f72713710cdf8ddf5f2e35f0dccba502e0a980e0ac47bae10e2620,494cbb576ee39f16a5a2a4d5b24b22f3f38dae59e8ce8dc139dfc82a16c3051d,2026-09-30T17:45:47Z
SubmitPartialDecryption,213,e1e12198b31550449700399b2a265b503a46a8f21e074989eeb551a2692171c7,355,ee0bc8da085063e9b0e4df26e5cda6e4a32ede1e9db9530455aa5e50f22b0704,bb96953645953c663c3e389c2abe22b651a7da58e16ad6425e23b4273ae994ad,040442b03c64a6315342e274fe989f01d86ca8f04b25d09a3a07a74184077e2f,2026-09-30T17:45:49Z
SubmitPartialDecryption,217,8c927631606697e393ee360f035b8bdafba24587e83575f70cffbdfe234db837,355,ee0bc8da085063e9b0e4df26e5cda6e4a32ede1e9db9530455aa5e50f22b0704,bb96953645953c663c3e389c2abe22b651a7da58e16ad6425e23b4273ae994ad,040442b03c64a6315342e274fe989f01d86ca8f04b25d09a3a07a74184077e2f,2026-09-30T17:45:49Z
SubmitPartialDecryption,220,5ee8fea83dc7a1169cf61be1795ed95535e1dda7d607028b8252b28cd2805e6e,355,ee0bc8da085063e9b0e4df26e5cda6e4a32ede1e9db9530455aa5e50f22b0704,bb96953645953c663c3e389c2abe22b651a7da58e16ad6425e23b4273ae994ad,040442b03c64a6315342e274fe989f01d86ca8f04b25d09a3a07a74184077e2f,2026-09-30T17:45:49Z
SubmitPartialDecryption,208,42255168e742248199c88d1485f6c154f2f6c997a9369cb4803b14019426e0d9,355,ee0bc8da085063e9b0e4df26e5cda6e4a32ede1e9db9530455aa5e50f22b0704,bb96953645953c663c3e389c2abe22b651a7da58e16ad6425e23b4273ae994ad,040442b03c64a6315342e274fe989f01d86ca8f04b25d09a3a07a74184077e2f,2026-09-30T17:45:49Z
SubmitPartialDecryption,210,e6361b8c7907fb4d03d8c35cf3a1b076922998295244eb38d22c5c45c3dcd020,355,ee0bc8da085063e9b0e4df26e5cda6e4a32ede1e9db9530455aa5e50f22b0704,bb96953645953c663c3e389c2abe22b651a7da58e16ad6425e23b4273ae994ad,040442b03c64a6315342e274fe989f01d86ca8f04b25d09a3a07a74184077e2f,2026-09-30T17:45:49Z
SubmitPartialDecryption,214,01e544f3856a7a6f8974910e6bf2a856e9960430c59913ab83e591687cc9df8d,355,ee0bc8da085063e9b0e4df26e5cda6e4a32ede1e9db9530455aa5e50f22b0704,bb96953645953c663c3e389c2abe22b651a7da58e16ad6425e23b4273ae994ad,040442b03c64a6315342e274fe989f01d86ca8f04b25d09a3a07a74184077e2f,2026-09-30T17:45:49Z
SubmitPartialDecryption,218,897d81ac5a5304bde3946984f51dd944b9f8f7f63475fda6b173104b80e73a4a,355,ee0bc8da085063e9b0e4df26e5cda6e4a32ede1e9db9530455aa5e50f22b0704,bb96953645953c663c3e389c2abe22b651a7da58e16ad6425e23b4273ae994ad,040442b03c64a6315342e274fe989f01d86ca8f04b25d09a3a07a74184077e2f,2026-09-30T17:45:49Z
SubmitPartialDecryption,222,aed22f10b39632e827e1296e0e99910c97041829cab5d24952fc09bc08077d89,355,ee0bc8da085063e9b0e4df26e5cda6e4a32ede1e9db9530455aa5e50f22b0704,bb96953645953c663c3e389c2abe22b651a7da58e16ad6425e23b4273ae994ad,040442b03c64a6315342e274fe989f01d86ca8f04b25d09a3a07a74184077e2f,2026-09-30T17:45:49Z
SubmitPartialDecryption,212,ebb4a94f5b6d258a78f1a50b8718ffa79efa9b1503cc19d97a84462e13da3781,355,ee0bc8da085063e9b0e4df26e5cda6e4a32ede1e9db9530455aa5e50f22b0704,bb96953645953c663c3e389c2abe22b651a7da58e16ad6425e23b4273ae994ad,040442b03c64a6315342e274fe989f01d86ca8f04b25d09a3a07a74184077e2f,2026-09-30T17:45:49Z
SubmitPartialDecryption,223,6f4c0d34dfb7cd197e8d09d783c41e01625a68fae0e5c47f3961d711208d08bc,355,ee0bc8da085063e9b0e4df26e5cda6e4a32ede1e9db9530455aa5e50f22b0704,bb96953645953c663c3e389c2abe22b651a7da58e16ad6425e23b4273ae994ad,040442b03c64a6315342e274fe989f01d86ca8f04b25d09a3a07a74184077e2f,2026-09-30T17:45:49Z
SubmitPartialDecryption,219,fbc0137ed1198adeb5c8e93da918c15d344094b271583a92fec90c9b5c455015,355,ee0bc8da085063e9b0e4df26e5cda6e4a32ede1e9db9530455aa5e50f22b0704,bb96953645953c663c3e389c2abe22b651a7da58e16ad6425e23b4273ae994ad,040442b03c64a6315342e274fe989f01d86ca8f04b25d09a3a07a74184077e2f,2026-09-30T17:45:49Z
SubmitPartialDecryption,216,e71865f74e2d4a7bf114cca018315144a110362fa2e1a72341f796e973e020b2,355,ee0bc8da085063e9b0e4df26e5cda6e4a32ede1e9db9530455aa5e50f22b0704,bb96953645953c663c3e389c2abe22b651a7da58e16ad6425e23b4273ae994ad,040442b03c64a6315342e274fe989f01d86ca8f04b25d09a3a07a74184077e2f,2026-09-30T17:45:49Z
SubmitPartialDecryption,209,a6d758df8ea003ac954d8b2ba4365c45299ca6ef03fe82b3949f161e0df7da4f,355,ee0bc8da085063e9b0e4df26e5cda6e4a32ede1e9db9530455aa5e50f22b0704,bb96953645953c663c3e389c2abe22b651a7da58e16ad6425e23b4273ae994ad,040442b03c64a6315342e274fe989f01d86ca8f04b25d09a3a07a74184077e2f,2026-09-30T17:45:49Z
SubmitPartialDecryption,211,268edcd734bb6633dd18ac22f2f7d569f08c02cfb8bcf2fafff8835c91189edf,355,ee0bc8da085063e9b0e4df26e5cda6e4a32ede1e9db9530455aa5e50f22b0704,bb96953645953c663c3e389c2abe22b651a7da58e16ad6425e23b4273ae994ad,040442b03c64a6315342e274fe989f01d86ca8f04b25d09a3a07a74184077e2f,2026-09-30T17:45:49Z
SubmitPartialDecryption,215,d89e03928334f2ebb72ae8f85211f953ffeaf9d31e726ff6c26bb3d5d88db826,355,ee0bc8da085063e9b0e4df26e5cda6e4a32ede1e9db9530455aa5e50f22b0704,bb96953645953c663c3e389c2abe22b651a7da58e16ad6425e23b4273ae994ad,040442b03c64a6315342e274fe989f01d86ca8f04b25d09a3a07a74184077e2f,2026-09-30T17:45:49Z
SubmitPartialDecryption,221,a4221646116a0bbc076142f233a803a4a9fbb85071ea46d403c1942e9618f6f8,355,ee0bc8da085063e9b0e4df26e5cda6e4a32ede1e9db9530455aa5e50f22b0704,bb96953645953c663c3e389c2abe22b651a7da58e16ad6425e23b4273ae994ad,040442b03c64a6315342e274fe989f01d86ca8f04b25d09a3a07a74184077e2f,2026-09-30T17:45:49Z
SubmitPartialDecryption,237,b1fb5cc29bc05ca98605ae9ca0bb9a60403a9148d082e7c3283f087e28a47a05,356,3cce48d45c675e98fee4979c3a2ef76e03f6fa2f792c4aa4fcdf1c900ee253f8,bf1b509165094369b6bf6abbc702d965201d2b22eadc94b61c747c92975381f5,ee0bc8da085063e9b0e4df26e5cda6e4a32ede1e9db9530455aa5e50f22b0704,2026-09-30T17:45:51Z
SubmitPartialDecryption,229,5ba6b03af3eb013a11a95b2c1cb16ed01eac5aa8f2dc6fa8ec39eccd6319a882,356,3cce48d45c675e98fee4979c3a2ef76e03f6fa2f792c4aa4fcdf1c900ee253f8,bf1b509165094369b6bf6abbc702d965201d2b22eadc94b61c747c92975381f5,ee0bc8da085063e9b0e4df26e5cda6e4a32ede1e9db9530455aa5e50f22b0704,2026-09-30T17:45:51Z
SubmitPartialDecryption,231,090dc4341ad151445fc74281240aba2604025a901765e537e5988fc7380c6f36,356,3cce48d45c675e98fee4979c3a2ef76e03f6fa2f792c4aa4fcdf1c900ee253f8,bf1b509165094369b6bf6abbc702d965201d2b22eadc94b61c747c92975381f5,ee0bc8da085063e9b0e4df26e5cda6e4a32ede1e9db9530455aa5e50f22b0704,2026-09-30T17:45:51Z
SubmitPartialDecryption,227,ed912933ea79dcd68a94095881d86adfff8d11a2771228700622fa933c798f4d,356,3cce48d45c675e98fee4979c3a2ef76e03f6fa2f792c4aa4fcdf1c900ee253f8,bf1b509165094369b6bf6abbc702d965201d2b22eadc94b61c747c92975381f5,ee0bc8da085063e9b0e4df26e5cda6e4a32ede1e9db9530455aa5e50f22b0704,2026-09-30T17:45:51Z
SubmitPartialDecryption,230,d05beb0d281cf1ace44640c52f662f116a8c626d22eff9155efe72c5ba36c343,356,3cce48d45c675e98fee4979c3a2ef76e03f6fa2f792c4aa4fcdf1c900ee253f8,bf1b509165094369b6bf6abbc702d965201d2b22eadc94b61c747c92975381f5,ee0bc8da085063e9b0e4df26e5cda6e4a32ede1e9db9530455aa5e50f22b0704,2026-09-30T17:45:51Z
SubmitPartialDecryption,226,4b6a3a6b715eb350b6fb87ce6785ca4fb7d4798686e7796bf6c28fbeaad92fb7,356,3cce48d45c675e98fee4979c3a2ef76e03f6fa2f792c4aa4fcdf1c900ee253f8,bf1b509165094369b6bf6abbc702d965201d2b22eadc94b61c747c92975381f5,ee0bc8da085063e9b0e4df26e5cda6e4a32ede1e9db9530455aa5e50f22b0704,2026-09-30T17:45:51Z
SubmitPartialDecryption,225,ffbeb381cb5c90bda2c27b6f9ff6140f1a9baed8da917ed5ea40dece6aa10c65,356,3cce48d45c675e98fee4979c3a2ef76e03f6fa2f792c4aa4fcdf1c900ee253f8,bf1b509165094369b6bf6abbc702d965201d2b22eadc94b61c747c92975381f5,ee0bc8da085063e9b0e4df26e5cda6e4a32ede1e9db9530455aa5e50f22b0704,2026-09-30T17:45:51Z
SubmitPartialDecryption,236,da6b2c17c5ed5dde93d24e4694863dcee62768f06e5ca5466591edc7b9e8b3c3,356,3cce48d45c675e98fee4979c3a2ef76e03f6fa2f792c4aa4fcdf1c900ee253f8,bf1b509165094369b6bf6abbc702d965201d2b22eadc94b61c747c92975381f5,ee0bc8da085063e9b0e4df26e5cda6e4a32ede1e9db9530455aa5e50f22b0704,2026-09-30T17:45:51Z
SubmitPartialDecryption,239,b2a8fb3853d2ceb5e686f12a2009b674174fe036e492cfa61934ca81bbecde8e,356,3cce48d45c675e98fee4979c3a2ef76e03f6fa2f792c4aa4fcdf1c900ee253f8,bf1b509165094369b6bf6abbc702d965201d2b22eadc94b61c747c92975381f5,ee0bc8da085063e9b0e4df26e5cda6e4a32ede1e9db9530455aa5e50f22b0704,2026-09-30T17:45:51Z
SubmitPartialDecryption,224,37494cedcd11e0e7bea39d4b6a792dfe683f8c742fa9d2db85ef39b1ac18a447,356,3cce48d45c675e98fee4979c3a2ef76e03f6fa2f792c4aa4fcdf1c900ee253f8,bf1b509165094369b6bf6abbc702d965201d2b22eadc94b61c747c92975381f5,ee0bc8da085063e9b0e4df26e5cda6e4a32ede1e9db9530455aa5e50f22b0704,2026-09-30T17:45:51Z
SubmitPartialDecryption,234,3e0df7d4d6318698704f47d5bb97a0e825176940d9b030daf72d8c87c2243bff,356,3cce48d45c675e98fee4979c3a2ef76e03f6fa2f792c4aa4fcdf1c900ee253f8,bf1b509165094369b6bf6abbc702d965201d2b22eadc94b61c747c92975381f5,ee0bc8da085063e9b0e4df26e5cda6e4a32ede1e9db9530455aa5e50f22b0704,2026-09-30T17:45:51Z
SubmitPartialDecryption,228,bd378acac1ac0813f70d67edae8b9052784880c64b2803110d0e9148e8fdd7f2,356,3cce48d45c675e98fee4979c3a2ef76e03f6fa2f792c4aa4fcdf1c900ee253f8,bf1b509165094369b6bf6abbc702d965201d2b22eadc94b61c747c92975381f5,ee0bc8da085063e9b0e4df26e5cda6e4a32ede1e9db9530455aa5e50f22b0704,2026-09-30T17:45:51Z
SubmitPartialDecryption,235,a2666b54e462ced3f72dc4328c69f83cc07b8f26186a5c788b79b8f5ef9e8544,356,3cce48d45c675e98fee4979c3a2ef76e03f6fa2f792c4aa4fcdf1c900ee253f8,bf1b509165094369b6bf6abbc702d965201d2b22eadc94b61c747c92975381f5,ee0bc8da085063e9b0e4df26e5cda6e4a32ede1e9db9530455aa5e50f22b0704,2026-09-30T17:45:51Z
SubmitPartialDecryption,238,e7254a12eeaa19255dded6e3a94214b6ba30de93d4237682d3a9487f33e64583,356,3cce48d45c675e98fee4979c3a2ef76e03f6fa2f792c4aa4fcdf1c900ee253f8,bf1b509165094369b6bf6abbc702d965201d2b22eadc94b61c747c92975381f5,ee0bc8da085063e9b0e4df26e5cda6e4a32ede1e9db9530455aa5e50f22b0704,2026-09-30T17:45:51Z
SubmitPartialDecryption,232,5f6479557596ac7da8e0921a263cca19687430456d5a2c6a5b3a5b800034cab5,356,3cce48d45c675e98fee4979c3a2ef76e03f6fa2f792c4aa4fcdf1c900ee253f8,bf1b509165094369b6bf6abbc702d965201d2b22eadc94b61c747c92975381f5,ee0bc8da085063e9b0e4df26e5cda6e4a32ede1e9db9530455aa5e50f22b0704,2026-09-30T17:45:51Z
SubmitPartialDecryption,233,e76d7edf04fffec5f419d8918bc3df164da652b9eef528a3ae7f24d422b35f99,356,3cce48d45c675e98fee4979c3a2ef76e03f6fa2f792c4aa4fcdf1c900ee253f8,bf1b509165094369b6bf6abbc702d965201d2b22eadc94b61c747c92975381f5,ee0bc8da085063e9b0e4df26e5cda6e4a32ede1e9db9530455aa5e50f22b0704,2026-09-30T17:45:51Z
SubmitPartialDecryption,250,685e15f136ae7b44e1c35e26dec01d46f2769c826c675f32edbfca1640d88062,357,fe77131cee403d516ad8030ee66a767aebec2a408183486a0ed8e17a3cae5e30,79fb5c56c9d447b782d48e7a6116563ee35700783666a80c4e9f7991d9a58ca8,3cce48d45c675e98fee4979c3a2ef76e03f6fa2f792c4aa4fcdf1c900ee253f8,2026-09-30T17:45:54Z
SubmitPartialDecryption,243,61737966d2af5b2314bb7f9228a04052f7cd42a272d99d3419ef8db98d398193,357,fe77131cee403d516ad8030ee66a767aebec2a408183486a0ed8e17a3cae5e30,79fb5c56c9d447b782d48e7a6116563ee35700783666a80c4e9f7991d9a58ca8,3cce48d45c675e98fee4979c3a2ef76e03f6fa2f792c4aa4fcdf1c900ee253f8,2026-09-30T17:45:54Z
SubmitPartialDecryption,247,91d17f497fb6b9bd6554315c017115e3d42c70705b3e4fff05328c1cd130f179,357,fe77131cee403d516ad8030ee66a767aebec2a408183486a0ed8e17a3cae5e30,79fb5c56c9d447b782d48e7a6116563ee35700783666a80c4e9f7991d9a58ca8,3cce48d45c675e98fee4979c3a2ef76e03f6fa2f792c4aa4fcdf1c900ee253f8,2026-09-30T17:45:54Z
SubmitPartialDecryption,254,5bb43cb8026f2a344b283eb3f4324ea00cbb28f28fb81a935cc46059b93c35cf,357,fe77131cee403d516ad8030ee66a767aebec2a408183486a0ed8e17a3cae5e30,79fb5c56c9d447b782d48e7a6116563ee35700783666a80c4e9f7991d9a58ca8,3cce48d45c675e98fee4979c3a2ef76e03f6fa2f792c4aa4fcdf1c900ee253f8,2026-09-30T17:45:54Z
SubmitPartialDecryption,249,d38fe8ed9580641288b07b3184f9dfb9d3698390516aa2b93d5daee07a7e967b,357,fe77131cee403d516ad8030ee66a767aebec2a408183486a0ed8e17a3cae5e30,79fb5c56c9d447b782d48e7a6116563ee35700783666a80c4e9f7991d9a58ca8,3cce48d45c675e98fee4979c3a2ef76e03f6fa2f792c4aa4fcdf1c900ee253f8,2026-09-30T17:45:54Z
SubmitPartialDecryption,244,c75364c3e869d80c28960009b934b55b25dbeddcb28ee90099bfd4b502c909fd,357,fe77131cee403d516ad8030ee66a767aebec2a408183486a0ed8e17a3cae5e30,79fb5c56c9d447b782d48e7a6116563ee35700783666a80c4e9f7991d9a58ca8,3cce48d45c675e98fee4979c3a2ef76e03f6fa2f792c4aa4fcdf1c900ee253f8,2026-09-30T17:45:54Z
SubmitPartialDecryption,246,a96e0f00c704d783a801be0e5607e84538ab893c2c617dffd1e764161f1fb0bf,357,fe77131cee403d516ad8030ee66a767aebec2a408183486a0ed8e17a3cae5e30,79fb5c56c9d447b782d48e7a6116563ee35700783666a80c4e9f7991d9a58ca8,3cce48d45c675e98fee4979c3a2ef76e03f6fa2f792c4aa4fcdf1c900ee253f8,2026-09-30T17:45:54Z
SubmitPartialDecryption,245,1520c2737d33d41ecf4c776ad444447fdac3ea69e805cc4f66a086f143bb20c3,357,fe77131cee403d516ad8030ee66a767aebec2a408183486a0ed8e17a3cae5e30,79fb5c56c9d447b782d48e7a6116563ee35700783666a80c4e9f7991d9a58ca8,3cce48d45c675e98fee4979c3a2ef76e03f6fa2f792c4aa4fcdf1c900ee253f8,2026-09-30T17:45:54Z
SubmitPartialDecryption,255,71ac229489a8d352fef53ba96a5658d7e953db117055803834d13d38d5ee5c4e,357,fe77131cee403d516ad8030ee66a767aebec2a408183486a0ed8e17a3cae5e30,79fb5c56c9d447b782d48e7a6116563ee35700783666a80c4e9f7991d9a58ca8,3cce48d45c675e98fee4979c3a2ef76e03f6fa2f792c4aa4fcdf1c900ee253f8,2026-09-30T17:45:54Z
SubmitPartialDecryption,251,7c73445036b64dc75f7805fd22427572806db35c109875867ffe276826a315d3,357,fe77131cee403d516ad8030ee66a767aebec2a408183486a0ed8e17a3cae5e30,79fb5c56c9d447b782d48e7a6116563ee35700783666a80c4e9f7991d9a58ca8,3cce48d45c675e98fee4979c3a2ef76e03f6fa2f792c4aa4fcdf1c900ee253f8,2026-09-30T17:45:54Z
SubmitPartialDecryption,252,fb07c2c8d328764d786c1cddc434814d33f200b202b0055f07e8436d52cea718,357,fe77131cee403d516ad8030ee66a767aebec2a408183486a0ed8e17a3cae5e30,79fb5c56c9d447b782d48e7a6116563ee35700783666a80c4e9f7991d9a58ca8,3cce48d45c675e98fee4979c3a2ef76e03f6fa2f792c4aa4fcdf1c900ee253f8,2026-09-30T17:45:54Z
SubmitPartialDecryption,242,43a5df197d1a6069f934083913af96117cca8b874630e68ad9899305bb6123b3,357,fe77131cee403d516ad8030ee66a767aebec2a408183486a0ed8e17a3cae5e30,79fb5c56c9d447b782d48e7a6116563ee35700783666a80c4e9f7991d9a58ca8,3cce48d45c675e98fee4979c3a2ef76e03f6fa2f792c4aa4fcdf1c900ee253f8,2026-09-30T17:45:54Z
SubmitPartialDecryption,240,81f2b2132d1d6b1a540ce66f6d51969209b387c7c0fca2bca3962835ee40720e,357,fe77131cee403d516ad8030ee66a767aebec2a408183486a0ed8e17a3cae5e30,79fb5c56c9d447b782d48e7a6116563ee35700783666a80c4e9f7991d9a58ca8,3cce48d45c675e98fee4979c3a2ef76e03f6fa2f792c4aa4fcdf1c900ee253f8,2026-09-30T17:45:54Z
SubmitPartialDecryption,248,f6712cdce276ae0639c66c3281e14f0df48d5e30bdcc55f9fa960121b8d9ed69,357,fe77131cee403d516ad8030ee66a767aebec2a408183486a0ed8e17a3cae5e30,79fb5c56c9d447b782d48e7a6116563ee35700783666a80c4e9f7991d9a58ca8,3cce48d45c675e98fee4979c3a2ef76e03f6fa2f792c4aa4fcdf1c900ee253f8,2026-09-30T17:45:54Z
SubmitPartialDecryption,253,dd838bacbee398b0fc4b081da8c9c95916a846f526aa9a64697777180492f129,357,fe77131cee403d516ad8030ee66a767aebec2a408183486a0ed8e17a3cae5e30,79fb5c56c9d447b782d48e7a6116563ee35700783666a80c4e9f7991d9a58ca8,3cce48d45c675e98fee4979c3a2ef76e03f6fa2f792c4aa4fcdf1c900ee253f8,2026-09-30T17:45:54Z
SubmitPartialDecryption,241,95040cc8311c690f6f52aa6a676e4ac27666cee201490f44030ff867e65babc3,357,fe77131cee403d516ad8030ee66a767aebec2a408183486a0ed8e17a3cae5e30,79fb5c56c9d447b782d48e7a6116563ee35700783666a80c4e9f7991d9a58ca8,3cce48d45c675e98fee4979c3a2ef76e03f6fa2f792c4aa4fcdf1c900ee253f8,2026-09-30T17:45:54Z
SubmitPartialDecryption,256,1f3a76605b6c4a567b0629034ee38bafe5a108603951bec8a0acc197faaf35c7,358,927eff9ed6c0fc1db6d9a5aae9d33f103e8fbd6b51e6bbf7794cd73a1f9aef48,e286cb8a19835bad863b626e8526b693eaf79d2528e2e4fb49920cafdb8c0dbe,fe77131cee403d516ad8030ee66a767aebec2a408183486a0ed8e17a3cae5e30,2026-09-30T17:45:56Z
SubmitPartialDecryption,264,5c0839f46d9c7b6c7ae0a6cfb7c46855c9a27f3ad311633c2a5a5948fe19b162,358,927eff9ed6c0fc1db6d9a5aae9d33f103e8fbd6b51e6bbf7794cd73a1f9aef48,e286cb8a19835bad863b626e8526b693eaf79d2528e2e4fb49920cafdb8c0dbe,fe77131cee403d516ad8030ee66a767aebec2a408183486a0ed8e17a3cae5e30,2026-09-30T17:45:56Z
SubmitPartialDecryption,269,e8c1251a4e13862f8349bd3e1ab8e003ba271092d5f081f933e940ace0c7c4a5,358,927eff9ed6c0fc1db6d9a5aae9d33f103e8fbd6b51e6bbf7794cd73a1f9aef48,e286cb8a19835bad863b626e8526b693eaf79d2528e2e4fb49920cafdb8c0dbe,fe77131cee403d516ad8030ee66a767aebec2a408183486a0ed8e17a3cae5e30,2026-09-30T17:45:56Z
SubmitPartialDecryption,258,47806a2a070781facdc75edb24193b78fa6614ac1e727dd89df2101dcbeb3599,358,927eff9ed6c0fc1db6d9a5aae9d33f103e8fbd6b51e6bbf7794cd73a1f9aef48,e286cb8a19835bad863b626e8526b693eaf79d2528e2e4fb49920cafdb8c0dbe,fe77131cee403d516ad8030ee66a767aebec2a408183486a0ed8e17a3cae5e30,2026-09-30T17:45:56Z
SubmitPartialDecryption,257,c0bc0c7a1430c64c54d3efb165ae73b56c0b8a602ac3396a5d08697eaa09dbb7,358,927eff9ed6c0fc1db6d9a5aae9d33f103e8fbd6b51e6bbf7794cd73a1f9aef48,e286cb8a19835bad863b626e8526b693eaf79d2528e2e4fb49920cafdb8c0dbe,fe77131cee403d516ad8030ee66a767aebec2a408183486a0ed8e17a3cae5e30,2026-09-30T17:45:56Z
SubmitPartialDecryption,271,9a2155870d1928e3c09187e6210402fac8675c1427493a9fccea1bd60ecc9d13,358,927eff9ed6c0fc1db6d9a5aae9d33f103e8fbd6b51e6bbf7794cd73a1f9aef48,e286cb8a19835bad863b626e8526b693eaf79d2528e2e4fb49920cafdb8c0dbe,fe77131cee403d516ad8030ee66a767aebec2a408183486a0ed8e17a3cae5e30,2026-09-30T17:45:56Z
SubmitPartialDecryption,270,dc11eec30752762445258c954019fc00253032fbe9ec4f3ff91c8879549721a6,358,927eff9ed6c0fc1db6d9a5aae9d33f103e8fbd6b51e6bbf7794cd73a1f9aef48,e286cb8a19835bad863b626e8526b693eaf79d2528e2e4fb49920cafdb8c0dbe,fe77131cee403d516ad8030ee66a767aebec2a408183486a0ed8e17a3cae5e30,2026-09-30T17:45:56Z
SubmitPartialDecryption,265,3d1754b9f6a9a8f73aee42f9f47a8aa085606c492f972a6ec0644d137bb8ce6f,358,927eff9ed6c0fc1db6d9a5aae9d33f103e8fbd6b51e6bbf7794cd73a1f9aef48,e286cb8a19835bad863b626e8526b693eaf79d2528e2e4fb49920cafdb8c0dbe,fe77131cee403d516ad8030ee66a767aebec2a408183486a0ed8e17a3cae5e30,2026-09-30T17:45:56Z
SubmitPartialDecryption,260,cae0e1b79df893320aeaf174417e6df6fdf1287cdff03e5bf8459d8339a449b7,358,927eff9ed6c0fc1db6d9a5aae9d33f103e8fbd6b51e6bbf7794cd73a1f9aef48,e286cb8a19835bad863b626e8526b693eaf79d2528e2e4fb49920cafdb8c0dbe,fe77131cee403d516ad8030ee66a767aebec2a408183486a0ed8e17a3cae5e30,2026-09-30T17:45:56Z
SubmitPartialDecryption,261,ef87d577be32cf5fd87d39d2946fde3430618e4dba887aac63a1c5abf4bc67f6,358,927eff9ed6c0fc1db6d9a5aae9d33f103e8fbd6b51e6bbf7794cd73a1f9aef48,e286cb8a19835bad863b626e8526b693eaf79d2528e2e4fb49920cafdb8c0dbe,fe77131cee403d516ad8030ee66a767aebec2a408183486a0ed8e17a3cae5e30,2026-09-30T17:45:56Z
SubmitPartialDecryption,267,95a26e6700b6b81ae90f52d9e9dfeb9540bdff93e56f3fa8433fc9ec674b6865,358,927eff9ed6c0fc1db6d9a5aae9d33f103e8fbd6b51e6bbf7794cd73a1f9aef48,e286cb8a19835bad863b626e8526b693eaf79d2528e2e4fb49920cafdb8c0dbe,fe77131cee403d516ad8030ee66a767aebec2a408183486a0ed8e17a3cae5e30,2026-09-30T17:45:56Z
SubmitPartialDecryption,259,9a0c93c27be09f3481e45dd070bc0fc13216bae3651327d56911f2e21b50e617,358,927eff9ed6c0fc1db6d9a5aae9d33f103e8fbd6b51e6bbf7794cd73a1f9aef48,e286cb8a19835bad863b626e8526b693eaf79d2528e2e4fb49920cafdb8c0dbe,fe77131cee403d516ad8030ee66a767aebec2a408183486a0ed8e17a3cae5e30,2026-09-30T17:45:56Z
SubmitPartialDecryption,262,02d32fcee2becece51509798b57300196e856289e72b7876173c030462cf4a7d,358,927eff9ed6c0fc1db6d9a5aae9d33f103e8fbd6b51e6bbf7794cd73a1f9aef48,e286cb8a19835bad863b626e8526b693eaf79d2528e2e4fb49920cafdb8c0dbe,fe77131cee403d516ad8030ee66a767aebec2a408183486a0ed8e17a3cae5e30,2026-09-30T17:45:56Z
SubmitPartialDecryption,266,6f76b69842179773a7c27b38ca26001b69d769826b5670828c87b0a1b7b59f9e,358,927eff9ed6c0fc1db6d9a5aae9d33f103e8fbd6b51e6bbf7794cd73a1f9aef48,e286cb8a19835bad863b626e8526b693eaf79d2528e2e4fb49920cafdb8c0dbe,fe77131cee403d516ad8030ee66a767aebec2a408183486a0ed8e17a3cae5e30,2026-09-30T17:45:56Z
SubmitPartialDecryption,263,b213cd3d11496c856e469b1864adee705c6fd28adda4cad294cfab2a560d2465,358,927eff9ed6c0fc1db6d9a5aae9d33f103e8fbd6b51e6bbf7794cd73a1f9aef48,e286cb8a19835bad863b626e8526b693eaf79d2528e2e4fb49920cafdb8c0dbe,fe77131cee403d516ad8030ee66a767aebec2a408183486a0ed8e17a3cae5e30,2026-09-30T17:45:56Z
SubmitPartialDecryption,268,d852ca8009c327a24265d735ab79609f13e0ed6ffa2b8a5a032d8344b59c3f57,358,927eff9ed6c0fc1db6d9a5aae9d33f103e8fbd6b51e6bbf7794cd73a1f9aef48,e286cb8a19835bad863b626e8526b693eaf79d2528e2e4fb49920cafdb8c0dbe,fe77131cee403d516ad8030ee66a767aebec2a408183486a0ed8e17a3cae5e30,2026-09-30T17:45:56Z
SubmitPartialDecryption,283,7908b1ff2a20131b6e11d70b6555eb662a9c859f535656e141aca556f38e1dd6,359,566bf9ffe49d7673b1fa96cbacd534040720f73453aad4ad8fb41bafc8d1b186,29dc00280adf52d8c48c4f3da4bdc567720c18e132e0072e30bd0e24552d7c2f,927eff9ed6c0fc1db6d9a5aae9d33f103e8fbd6b51e6bbf7794cd73a1f9aef48,2026-09-30T17:45:58Z
SubmitPartialDecryption,286,278f6c9de51f64be4583086593130189ec20d7c64dd874b9e8682155617f3203,359,566bf9ffe49d7673b1fa96cbacd534040720f73453aad4ad8fb41bafc8d1b186,29dc00280adf52d8c48c4f3da4bdc567720c18e132e0072e30bd0e24552d7c2f,927eff9ed6c0fc1db6d9a5aae9d33f103e8fbd6b51e6bbf7794cd73a1f9aef48,2026-09-30T17:45:58Z
SubmitPartialDecryption,282,0bcd724814798625f01286e2f4199a66329064e4bf69c79b103c395f6faadab1,359,566bf9ffe49d7673b1fa96cbacd534040720f73453aad4ad8fb41bafc8d1b186,29dc00280adf52d8c48c4f3da4bdc567720c18e132e0072e30bd0e24552d7c2f,927eff9ed6c0fc1db6d9a5aae9d33f103e8fbd6b51e6bbf7794cd73a1f9aef48,2026-09-30T17:45:58Z
SubmitPartialDecryption,273,1699a24c2bd657d3d37dfee700f6891cf9e5e8aa02b17c7ddc283699ce38dfe5,359,566bf9ffe49d7673b1fa96cbacd534040720f73453aad4ad8fb41bafc8d1b186,29dc00280adf52d8c48c4f3da4bdc567720c18e132e0072e30bd0e24552d7c2f,927eff9ed6c0fc1db6d9a5aae9d33f103e8fbd6b51e6bbf7794cd73a1f9aef48,2026-09-30T17:45:58Z
SubmitPartialDecryption,280,8b8256cdfbf0f72df4dd03348aef6f254d8839d5f2e4c699307ffe7479c2a9ff,359,566bf9ffe49d7673b1fa96cbacd534040720f73453aad4ad8fb41bafc8d1b186,29dc00280adf52d8c48c4f3da4bdc567720c18e132e0072e30bd0e24552d7c2f,927eff9ed6c0fc1db6d9a5aae9d33f103e8fbd6b51e6bbf7794cd73a1f9aef48,2026-09-30T17:45:58Z
SubmitPartialDecryption,275,76c736ab7808f0f76a5c88f013309972f44931200581542e76a053437fd9f83c,359,566bf9ffe49d7673b1fa96cbacd534040720f73453aad4ad8fb41bafc8d1b186,29dc00280adf52d8c48c4f3da4bdc567720c18e132e0072e30bd0e24552d7c2f,927eff9ed6c0fc1db6d9a5aae9d33f103e8fbd6b51e6bbf7794cd73a1f9aef48,2026-09-30T17:45:58Z
SubmitPartialDecryption,284,0ec6d20fa2dc86139fb3a20552040a4a7da09bfa71683d838a7cb7de57957350,359,566bf9ffe49d7673b1fa96cbacd534040720f73453aad4ad8fb41bafc8d1b186,29dc00280adf52d8c48c4f3da4bdc567720c18e132e0072e30bd0e24552d7c2f,927eff9ed6c0fc1db6d9a5aae9d33f103e8fbd6b51e6bbf7794cd73a1f9aef48,2026-09-30T17:45:58Z
SubmitPartialDecryption,285,6cbc61652b555c33445c9cd007c84082f3c790e688cb919f9291e1c03108f74a,359,566bf9ffe49d7673b1fa96cbacd534040720f73453aad4ad8fb41bafc8d1b186,29dc00280adf52d8c48c4f3da4bdc567720c18e132e0072e30bd0e24552d7c2f,927eff9ed6c0fc1db6d9a5aae9d33f103e8fbd6b51e6bbf7794cd73a1f9aef48,2026-09-30T17:45:58Z
SubmitPartialDecryption,281,cf170c267167879e63c22fa3506686594b380c2b3000d7dbc40001b26beb4376,359,566bf9ffe49d7673b1fa96cbacd534040720f73453aad4ad8fb41bafc8d1b186,29dc00280adf52d8c48c4f3da4bdc567720c18e132e0072e30bd0e24552d7c2f,927eff9ed6c0fc1db6d9a5aae9d33f103e8fbd6b51e6bbf7794cd73a1f9aef48,2026-09-30T17:45:58Z
SubmitPartialDecryption,287,3fd982936243da3ab244f1e8c18d95aecfe9d36a91f1ad86e6ffe9fe4fa856fa,359,566bf9ffe49d7673b1fa96cbacd534040720f73453aad4ad8fb41bafc8d1b186,29dc00280adf52d8c48c4f3da4bdc567720c18e132e0072e30bd0e24552d7c2f,927eff9ed6c0fc1db6d9a5aae9d33f103e8fbd6b51e6bbf7794cd73a1f9aef48,2026-09-30T17:45:58Z
SubmitPartialDecryption,276,5ad04ead1481b423237bab177010543f04865c9b2c74edbcf1dbccf8ca71eb12,359,566bf9ffe49d7673b1fa96cbacd534040720f73453aad4ad8fb41bafc8d1b186,29dc00280adf52d8c48c4f3da4bdc567720c18e132e0072e30bd0e24552d7c2f,927eff9ed6c0fc1db6d9a5aae9d33f103e8fbd6b51e6bbf7794cd73a1f9aef48,2026-09-30T17:45:58Z
SubmitPartialDecryption,277,33d1ea309dddde748c4b432aee6b4d14848f340f8cbb87842f4aa508debd3468,359,566bf9ffe49d7673b1fa96cbacd534040720f73453aad4ad8fb41bafc8d1b186,29dc00280adf52d8c48c4f3da4bdc567720c18e132e0072e30bd0e24552d7c2f,927eff9ed6c0fc1db6d9a5aae9d33f103e8fbd6b51e6bbf7794cd73a1f9aef48,2026-09-30T17:45:58Z
SubmitPartialDecryption,278,3485e202a1955ed2c1107dcf15a9ad8b3f6d0d301a7cce79fb920bce5be37c2f,359,566bf9ffe49d7673b1fa96cbacd534040720f73453aad4ad8fb41bafc8d1b186,29dc00280adf52d8c48c4f3da4bdc567720c18e132e0072e30bd0e24552d7c2f,927eff9ed6c0fc1db6d9a5aae9d33f103e8fbd6b51e6bbf7794cd73a1f9aef48,2026-09-30T17:45:58Z
SubmitPartialDecryption,274,d512ab60a2794b0058ce0a313588e40b3f3427ba0bd685071b8f611a3613638c,359,566bf9ffe49d7673b1fa96cbacd534040720f73453aad4ad8fb41bafc8d1b186,29dc00280adf52d8c48c4f3da4bdc567720c18e132e0072e30bd0e24552d7c2f,927eff9ed6c0fc1db6d9a5aae9d33f103e8fbd6b51e6bbf7794cd73a1f9aef48,2026-09-30T17:45:58Z
SubmitPartialDecryption,272,f75c0352827f4cdde883c98d89f3146ebf12d174007c87d453710a9884dae7e0,359,566bf9ffe49d7673b1fa96cbacd534040720f73453aad4ad8fb41bafc8d1b186,29dc00280adf52d8c48c4f3da4bdc567720c18e132e0072e30bd0e24552d7c2f,927eff9ed6c0fc1db6d9a5aae9d33f103e8fbd6b51e6bbf7794cd73a1f9aef48,2026-09-30T17:45:58Z
SubmitPartialDecryption,279,338cf79c704208ab14824002ecdf14fd796799ca6ff2f275acce55c4c42a1325,359,566bf9ffe49d7673b1fa96cbacd534040720f73453aad4ad8fb41bafc8d1b186,29dc00280adf52d8c48c4f3da4bdc567720c18e132e0072e30bd0e24552d7c2f,927eff9ed6c0fc1db6d9a5aae9d33f103e8fbd6b51e6bbf7794cd73a1f9aef48,2026-09-30T17:45:58Z
SubmitPartialDecryption,300,c4563e75efa4d361d620e25d4fd9b107da40648101377a1b698d81d12a9989b5,360,ef678e83f8762e9a7ec149e09b8e2f0ebbbfd29b38b7a2e88cf442a78342cd05,7c93a3d36bb575cef440c7614d306e4abf0443c42d177062101b67f520504727,566bf9ffe49d7673b1fa96cbacd534040720f73453aad4ad8fb41bafc8d1b186,2026-09-30T17:46:00Z
SubmitPartialDecryption,302,2c84abd278a58f762e9417acfda0d0cbc4ddf856edb4d23a9ba3278e2041eb0a,360,ef678e83f8762e9a7ec149e09b8e2f0ebbbfd29b38b7a2e88cf442a78342cd05,7c93a3d36bb575cef440c7614d306e4abf0443c42d177062101b67f520504727,566bf9ffe49d7673b1fa96cbacd534040720f73453aad4ad8fb41bafc8d1b186,2026-09-30T17:46:00Z
SubmitPartialDecryption,294,17a02fc678aa65c0392d017d3899a7d5fa6ad0104651614853dbc629aa701af6,360,ef678e83f8762e9a7ec149e09b8e2f0ebbbfd29b38b7a2e88cf442a78342cd05,7c93a3d36bb575cef440c7614d306e4abf0443c42d177062101b67f520504727,566bf9ffe49d7673b1fa96cbacd534040720f73453aad4ad8fb41bafc8d1b186,2026-09-30T17:46:00Z
SubmitPartialDecryption,299,4746da8e08e2421972a392fe198ad886abc0892bbadc5c35cf0062c44ace5b51,360,ef678e83f8762e9a7ec149e09b8e2f0ebbbfd29b38b7a2e88cf442a78342cd05,7c93a3d36bb575cef440c7614d306e4abf0443c42d177062101b67f520504727,566bf9ffe49d7673b1fa96cbacd534040720f73453aad4ad8fb41bafc8d1b186,2026-09-30T17:46:00Z
SubmitPartialDecryption,289,14371aa9b96df1d2474951415eb169e68d9ec9ed7a3462fd232658f25d84af0a,360,ef678e83f8762e9a7ec149e09b8e2f0ebbbfd29b38b7a2e88cf442a78342cd05,7c93a3d36bb575cef440c7614d306e4abf0443c42d177062101b67f520504727,566bf9ffe49d7673b1fa96cbacd534040720f73453aad4ad8fb41bafc8d1b186,2026-09-30T17:46:00Z
SubmitPartialDecryption,303,6a93d5d9e3b140f4efb71776549f644eccd2809a225794b65ba73e09177fd06f,360,ef678e83f8762e9a7ec149e09b8e2f0ebbbfd29b38b7a2e88cf442a78342cd05,7c93a3d36bb575cef440c7614d306e4abf0443c42d177062101b67f520504727,566bf9ffe49d7673b1fa96cbacd534040720f73453aad4ad8fb41bafc8d1b186,2026-09-30T17:46:00Z
SubmitPartialDecryption,301,a0c47cac066e03d2f49f22b2eb85ec9e73907f12751def87e0f9f59c73f85af1,360,ef678e83f8762e9a7ec149e09b8e2f0ebbbfd29b38b7a2e88cf442a78342cd05,7c93a3d36bb575cef440c7614d306e4abf0443c42d177062101b67f520504727,566bf9ffe49d7673b1fa96cbacd534040720f73453aad4ad8fb41bafc8d1b186,2026-09-30T17:46:00Z
SubmitPartialDecryption,296,f6f708faeef190a1e6f5e19321dc5c91026b95baa2df10c3b2a904fb90a358a8,360,ef678e83f8762e9a7ec149e09b8e2f0ebbbfd29b38b7a2e88cf442a78342cd05,7c93a3d36bb575cef440c7614d306e4abf0443c42d177062101b67f520504727,566bf9ffe49d7673b1fa96cbacd534040720f73453aad4ad8fb41bafc8d1b186,2026-09-30T17:46:00Z
SubmitPartialDecryption,290,5c21eacda9a37f8a52e5d18ab14d7665efc5a973451cfcefc23c0bf22cf1a84b,360,ef678e83f8762e9a7ec149e09b8e2f0ebbbfd29b38b7a2e88cf442a78342cd05,7c93a3d36bb575cef440c7614d306e4abf0443c42d177062101b67f520504727,566bf9ffe49d7673b1fa96cbacd534040720f73453aad4ad8fb41bafc8d1b186,2026-09-30T17:46:00Z
SubmitPartialDecryption,293,f422f690de42b1400c14f4b944aa835e7b969d40dedb8a8788438ceee4a853ea,360,ef678e83f8762e9a7ec149e09b8e2f0ebbbfd29b38b7a2e88cf442a78342cd05,7c93a3d36bb575cef440c7614d306e4abf0443c42d177062101b67f520504727,566bf9ffe49d7673b1fa96cbacd534040720f73453aad4ad8fb41bafc8d1b186,2026-09-30T17:46:00Z
SubmitPartialDecryption,288,6007d6c1bb4a5c6d61f143a95ce696e27dd9cecf0d65d627e4cfdb8c4f0e76df,360,ef678e83f8762e9a7ec149e09b8e2f0ebbbfd29b38b7a2e88cf442a78342cd05,7c93a3d36bb575cef440c7614d306e4abf0443c42d177062101b67f520504727,566bf9ffe49d7673b1fa96cbacd534040720f73453aad4ad8fb41bafc8d1b186,2026-09-30T17:46:00Z
SubmitPartialDecryption,292,7206e4892744ea78319af7f814b38a2092f04d4737a3672c92f81d88501f5615,360,ef678e83f8762e9a7ec149e09b8e2f0ebbbfd29b38b7a2e88cf442a78342cd05,7c93a3d36bb575cef440c7614d306e4abf0443c42d177062101b67f520504727,566bf9ffe49d7673b1fa96cbacd534040720f73453aad4ad8fb41bafc8d1b186,2026-09-30T17:46:00Z
SubmitPartialDecryption,298,ab629d06932626d43db97183472258262dbd97f0f5d72f9c758a3134d4662ee5,360,ef678e83f8762e9a7ec149e09b8e2f0ebbbfd29b38b7a2e88cf442a78342cd05,7c93a3d36bb575cef440c7614d306e4abf0443c42d177062101b67f520504727,566bf9ffe49d7673b1fa96cbacd534040720f73453aad4ad8fb41bafc8d1b186,2026-09-30T17:46:00Z
SubmitPartialDecryption,297,8496fe1cc136cff6252789a6ebae9a18216a67b005f96374e05b890358ae5dc0,360,ef678e83f8762e9a7ec149e09b8e2f0ebbbfd29b38b7a2e88cf442a78342cd05,7c93a3d36bb575cef440c7614d306e4abf0443c42d177062101b67f520504727,566bf9ffe49d7673b1fa96cbacd534040720f73453aad4ad8fb41bafc8d1b186,2026-09-30T17:46:00Z
SubmitPartialDecryption,291,13b2ba26cf151e274c0804ff525b4bb3605a26041006db8a83df55a86a74e2d6,360,ef678e83f8762e9a7ec149e09b8e2f0ebbbfd29b38b7a2e88cf442a78342cd05,7c93a3d36bb575cef440c7614d306e4abf0443c42d177062101b67f520504727,566bf9ffe49d7673b1fa96cbacd534040720f73453aad4ad8fb41bafc8d1b186,2026-09-30T17:46:00Z
SubmitPartialDecryption,295,214d508b42a8d2d1b2fd51d1b4c5bfbcd3addf2a16e53bb0a437d2599315155a,360,ef678e83f8762e9a7ec149e09b8e2f0ebbbfd29b38b7a2e88cf442a78342cd05,7c93a3d36bb575cef440c7614d306e4abf0443c42d177062101b67f520504727,566bf9ffe49d7673b1fa96cbacd534040720f73453aad4ad8fb41bafc8d1b186,2026-09-30T17:46:00Z
SubmitPartialDecryption,313,96c16a3e2ced2ab7dcdd1d17de4c77a34f122d78c56b29258a8f46e9f38f4aad,361,01931d0d390b04f3152e8fadea9439819dbd90cf3d409f64870de91576c21197,de72538e86446ee6642cd2aaa44778253ca1265983b262d239eb24835a219827,ef678e83f8762e9a7ec149e09b8e2f0ebbbfd29b38b7a2e88cf442a78342cd05,2026-09-30T17:46:02Z
SubmitPartialDecryption,307,b9262ddc2d39cd8ce343bccf1889dda5637b4f661470825ab855530476702e0b,361,01931d0d390b04f3152e8fadea9439819dbd90cf3d409f64870de91576c21197,de72538e86446ee6642cd2aaa44778253ca1265983b262d239eb24835a219827,ef678e83f8762e9a7ec149e09b8e2f0ebbbfd29b38b7a2e88cf442a78342cd05,2026-09-30T17:46:02Z
SubmitPartialDecryption,315,0717d714f6678d4e4318d8b378aaaf0a17ccaec151e4d325b73584135fa0ed36,361,01931d0d390b04f3152e8fadea9439819dbd90cf3d409f64870de91576c21197,de72538e86446ee6642cd2aaa44778253ca1265983b262d239eb24835a219827,ef678e83f8762e9a7ec149e09b8e2f0ebbbfd29b38b7a2e88cf442a78342cd05,2026-09-30T17:46:02Z
SubmitPartialDecryption,304,53929706e829d8f937ee2a68185b9a71d4aef3f14b2af4e357c0201876a8b7ef,361,01931d0d390b04f3152e8fadea9439819dbd90cf3d409f64870de91576c21197,de72538e86446ee6642cd2aaa44778253ca1265983b262d239eb24835a219827,ef678e83f8762e9a7ec149e09b8e2f0ebbbfd29b38b7a2e88cf442a78342cd05,2026-09-30T17:46:02Z
SubmitPartialDecryption,316,365e380438aabde078485744daf1db4ccc931880c27656592e0300872a231d23,361,01931d0d390b04f3152e8fadea9439819dbd90cf3d409f64870de91576c21197,de72538e86446ee6642cd2aaa44778253ca1265983b262d239eb24835a219827,ef678e83f8762e9a7ec149e09b8e2f0ebbbfd29b38b7a2e88cf442a78342cd05,2026-09-30T17:46:02Z
SubmitPartialDecryption,319,8653d22e91ac9dff9ef1efc7e64bb5788a34003e77c4b74f53549c5af3528e92,361,01931d0d390b04f3152e8fadea9439819dbd90cf3d409f64870de91576c21197,de72538e86446ee6642cd2aaa44778253ca1265983b262d239eb24835a219827,ef678e83f8762e9a7ec149e09b8e2f0ebbbfd29b38b7a2e88cf442a78342cd05,2026-09-30T17:46:02Z
SubmitPartialDecryption,312,20bcbd8a8bdb1d7bef7cc8ded253055b8b3a9406e8627d7ea1ddc43c24ce7ca3,361,01931d0d390b04f3152e8fadea9439819dbd90cf3d409f64870de91576c21197,de72538e86446ee6642cd2aaa44778253ca1265983b262d239eb24835a219827,ef678e83f8762e9a7ec149e09b8e2f0ebbbfd29b38b7a2e88cf442a78342cd05,2026-09-30T17:46:02Z
SubmitPartialDecryption,318,757f3e61440b9b634c3775a02968cc16bf4449d3dc58937d0d50dd1a15a4d3b5,361,01931d0d390b04f3152e8fadea9439819dbd90cf3d409f64870de91576c21197,de72538e86446ee6642cd2aaa44778253ca1265983b262d239eb24835a219827,ef678e83f8762e9a7ec149e09b8e2f0ebbbfd29b38b7a2e88cf442a78342cd05,2026-09-30T17:46:02Z
SubmitPartialDecryption,317,67b05385e5b8706371752a4525d00d175776597dc3053ec08766168ac11c28dc,361,01931d0d390b04f3152e8fadea9439819dbd90cf3d409f64870de91576c21197,de72538e86446ee6642cd2aaa44778253ca1265983b262d239eb24835a219827,ef678e83f8762e9a7ec149e09b8e2f0ebbbfd29b38b7a2e88cf442a78342cd05,2026-09-30T17:46:02Z
SubmitPartialDecryption,308,1aac80f1660f14c223cf74b36d7a597ddafdaf2b070e418d751557259b47c83b,361,01931d0d390b04f3152e8fadea9439819dbd90cf3d409f64870de91576c21197,de72538e86446ee6642cd2aaa44778253ca1265983b262d239eb24835a219827,ef678e83f8762e9a7ec149e09b8e2f0ebbbfd29b38b7a2e88cf442a78342cd05,2026-09-30T17:46:02Z
SubmitPartialDecryption,310,c512698bec9ae181c697ec4ef2a1f2755e340f6e68d26c47488626a01136ba55,361,01931d0d390b04f3152e8fadea9439819dbd90cf3d409f64870de91576c21197,de72538e86446ee6642cd2aaa44778253ca1265983b262d239eb24835a219827,ef678e83f8762e9a7ec149e09b8e2f0ebbbfd29b38b7a2e88cf442a78342cd05,2026-09-30T17:46:02Z
SubmitPartialDecryption,311,2ce8f5a428f07a29b1a129a856a646e0c6c73be191c7a27b1427d4e142bd1117,361,01931d0d390b04f3152e8fadea9439819dbd90cf3d409f64870de91576c21197,de72538e86446ee6642cd2aaa44778253ca1265983b262d239eb24835a219827,ef678e83f8762e9a7ec149e09b8e2f0ebbbfd29b38b7a2e88cf442a78342cd05,2026-09-30T17:46:02Z
SubmitPartialDecryption,309,6487a6120073f9f3826bef763ea8c5f2a4b8c1f4f62d49ea503d23312ee293a0,361,01931d0d390b04f3152e8fadea9439819dbd90cf3d409f64870de91576c21197,de72538e86446ee6642cd2aaa44778253ca1265983b262d239eb24835a219827,ef678e83f8762e9a7ec149e09b8e2f0ebbbfd29b38b7a2e88cf442a78342cd05,2026-09-30T17:46:02Z
SubmitPartialDecryption,306,f81a148ca2e01089875d1d2fd44f6191a734c314db01eeeb43201be1f94522c2,361,01931d0d390b04f3152e8fadea9439819dbd90cf3d409f64870de91576c21197,de72538e86446ee6642cd2aaa44778253ca1265983b262d239eb24835a219827,ef678e83f8762e9a7ec149e09b8e2f0ebbbfd29b38b7a2e88cf442a78342cd05,2026-09-30T17:46:02Z
SubmitPartialDecryption,314,1b68b61fc901ab63617627607c5729d3085ac1fa6c5f8f93d0343f6667f0f119,361,01931d0d390b04f3152e8fadea9439819dbd90cf3d409f64870de91576c21197,de72538e86446ee6642cd2aaa44778253ca1265983b262d239eb24835a219827,ef678e83f8762e9a7ec149e09b8e2f0ebbbfd29b38b7a2e88cf442a78342cd05,2026-09-30T17:46:02Z
SubmitPartialDecryption,305,132e5c0ee44924dd7cb1aaabddf9a82baf668ff0c606a9a205f9c1fe081cf78e,361,01931d0d390b04f3152e8fadea9439819dbd90cf3d409f64870de91576c21197,de72538e86446ee6642cd2aaa44778253ca1265983b262d239eb24835a219827,ef678e83f8762e9a7ec149e09b8e2f0ebbbfd29b38b7a2e88cf442a78342cd05,2026-09-30T17:46:02Z
SubmitPartialDecryption,327,af6a03efb9290ac1dcf2472d6e7eb10b2433c281a92de10e66e8ace1549793fe,362,fb4bb01a2617b0a0820653a33ef29d3b3e886ec3556b41116c6eca179b83108f,37097dafb265d97df5ca2cc41f25b355ead75dd4f53d01387d2d08a520678ba5,01931d0d390b04f3152e8fadea9439819dbd90cf3d409f64870de91576c21197,2026-09-30T17:46:04Z
SubmitPartialDecryption,335,cc802e2dd2efb1e8e44f44c3120005135ec90ac58c15b431642ec32896b0da82,362,fb4bb01a2617b0a0820653a33ef29d3b3e886ec3556b41116c6eca179b83108f,37097dafb265d97df5ca2cc41f25b355ead75dd4f53d01387d2d08a520678ba5,01931d0d390b04f3152e8fadea9439819dbd90cf3d409f64870de91576c21197,2026-09-30T17:46:04Z
SubmitPartialDecryption,334,cddf82aef3ba8a10e3033c0e1613fbb7fefabb54bfa45fb2284a816821eb95fc,362,fb4bb01a2617b0a0820653a33ef29d3b3e886ec3556b41116c6eca179b83108f,37097dafb265d97df5ca2cc41f25b355ead75dd4f53d01387d2d08a520678ba5,01931d0d390b04f3152e8fadea9439819dbd90cf3d409f64870de91576c21197,2026-09-30T17:46:04Z
SubmitPartialDecryption,326,ead1fb382ecde1c3dad58e5565eb2da295edb921084ec0da732a0ebe7cebbd31,362,fb4bb01a2617b0a0820653a33ef29d3b3e886ec3556b41116c6eca179b83108f,37097dafb265d97df5ca2cc41f25b355ead75dd4f53d01387d2d08a520678ba5,01931d0d390b04f3152e8fadea9439819dbd90cf3d409f64870de91576c21197,2026-09-30T17:46:04Z
SubmitPartialDecryption,324,b273f818874efa0e88f0d30ec6a5d81d2ec4fd464c84c7effdeed7285091985b,362,fb4bb01a2617b0a0820653a33ef29d3b3e886ec3556b41116c6eca179b83108f,37097dafb265d97df5ca2cc41f25b355ead75dd4f53d01387d2d08a520678ba5,01931d0d390b04f3152e8fadea9439819dbd90cf3d409f64870de91576c21197,2026-09-30T17:46:04Z
SubmitPartialDecryption,325,ce81e0a99ca09cf37aae18a0d7a879d46b7f51d801f84473a994f368e0ac90c6,362,fb4bb01a2617b0a0820653a33ef29d3b3e886ec3556b41116c6eca179b83108f,37097dafb265d97df5ca2cc41f25b355ead75dd4f53d01387d2d08a520678ba5,01931d0d390b04f3152e8fadea9439819dbd90cf3d409f64870de91576c21197,2026-09-30T17:46:04Z
SubmitPartialDecryption,328,810588419f38d511e21df4d86477b056c9bdeea11d07690983360913bfe75759,362,fb4bb01a2617b0a0820653a33ef29d3b3e886ec3556b41116c6eca179b83108f,37097dafb265d97df5ca2cc41f25b355ead75dd4f53d01387d2d08a520678ba5,01931d0d390b04f3152e8fadea9439819dbd90cf3d409f64870de91576c21197,2026-09-30T17:46:04Z
SubmitPartialDecryption,332,f211c717da3596e373344f74158e9a9dba4da8303ff5e884641b056a9cfa3e28,362,fb4bb01a2617b0a0820653a33ef29d3b3e886ec3556b41116c6eca179b83108f,37097dafb265d97df5ca2cc41f25b355ead75dd4f53d01387d2d08a520678ba5,01931d0d390b04f3152e8fadea9439819dbd90cf3d409f64870de91576c21197,2026-09-30T17:46:04Z
SubmitPartialDecryption,323,b1af95acd5125658120c1e7c985852bfb775b99b879097cb9d9e71f8ba9b4504,362,fb4bb01a2617b0a0820653a33ef29d3b3e886ec3556b41116c6eca179b83108f,37097dafb265d97df5ca2cc41f25b355ead75dd4f53d01387d2d08a520678ba5,01931d0d390b04f3152e8fadea9439819dbd90cf3d409f64870de91576c21197,2026-09-30T17:46:04Z
SubmitPartialDecryption,322,b496ea65018ccd84904804e9ab40ae7bc0bf7e5d0300b8286868dfa15f7dbdfc,362,fb4bb01a2617b0a0820653a33ef29d3b3e886ec3556b41116c6eca179b83108f,37097dafb265d97df5ca2cc41f25b355ead75dd4f53d01387d2d08a520678ba5,01931d0d390b04f3152e8fadea9439819dbd90cf3d409f64870de91576c21197,2026-09-30T17:46:04Z
SubmitPartialDecryption,320,b32f3de493286414d7972bc15d9e2733e06f125176d93a9577d42eed16ac72d1,362,fb4bb01a2617b0a0820653a33ef29d3b3e886ec3556b41116c6eca179b83108f,37097dafb265d97df5ca2cc41f25b355ead75dd4f53d01387d2d08a520678ba5,01931d0d390b04f3152e8fadea9439819dbd90cf3d409f64870de91576c21197,2026-09-30T17:46:04Z
SubmitPartialDecryption,330,7c49214041946baaad43e57d5377f377eeed666a0ead4d7bc01b02aa8c9da641,362,fb4bb01a2617b0a0820653a33ef29d3b3e886ec3556b41116c6eca179b83108f,37097dafb265d97df5ca2cc41f25b355ead75dd4f53d01387d2d08a520678ba5,01931d0d390b04f3152e8fadea9439819dbd90cf3d409f64870de91576c21197,2026-09-30T17:46:04Z
SubmitPartialDecryption,329,6a3e06c9b555a9b598e6aeb02b0c591a01a906cf02dbf469b3ed676f7cd3f38d,362,fb4bb01a2617b0a0820653a33ef29d3b3e886ec3556b41116c6eca179b83108f,37097dafb265d97df5ca2cc41f25b355ead75dd4f53d01387d2d08a520678ba5,01931d0d390b04f3152e8fadea9439819dbd90cf3d409f64870de91576c21197,2026-09-30T17:46:04Z
SubmitPartialDecryption,333,96e415f5219a36a6ae895f4b16e7975802225162560a0f7cc85d8cc783b0a38e,362,fb4bb01a2617b0a0820653a33ef29d3b3e886ec3556b41116c6eca179b83108f,37097dafb265d97df5ca2cc41f25b355ead75dd4f53d01387d2d08a520678ba5,01931d0d390b04f3152e8fadea9439819dbd90cf3d409f64870de91576c21197,2026-09-30T17:46:04Z
SubmitPartialDecryption,331,0382458200d619b28cb4df3365ec7e0ed00cd5ee62c9a6a5de1d75b18beadb82,362,fb4bb01a2617b0a0820653a33ef29d3b3e886ec3556b41116c6eca179b83108f,37097dafb265d97df5ca2cc41f25b355ead75dd4f53d01387d2d08a520678ba5,01931d0d390b04f3152e8fadea9439819dbd90cf3d409f64870de91576c21197,2026-09-30T17:46:04Z
SubmitPartialDecryption,321,d235c62dcd5688fa85ad3030014f5285b2b75432af1edaf1846e141895bf1581,362,fb4bb01a2617b0a0820653a33ef29d3b3e886ec3556b41116c6eca179b83108f,37097dafb265d97df5ca2cc41f25b355ead75dd4f53d01387d2d08a520678ba5,01931d0d390b04f3152e8fadea9439819dbd90cf3d409f64870de91576c21197,2026-09-30T17:46:04Z
SubmitPartialDecryption,344,d09b6bf7cb0fd2be6b360be2fbc0e6f26d6c7aa3bafca68529bb93996bfbc289,363,36527460b8576f05fd3534e98e7c1cf89f5e5a69ff95901e56f24ad655f19dd7,c258751984dd5fbb154de23a8545c0fdeda8fd790fe07ea6874f939390f40273,fb4bb01a2617b0a0820653a33ef29d3b3e886ec3556b41116c6eca179b83108f,2026-09-30T17:46:06Z
SubmitPartialDecryption,345,15e0cf7df121ea66043fed139eb387f4dfd8f3602b015e0ab165d2125cb8d796,363,36527460b8576f05fd3534e98e7c1cf89f5e5a69ff95901e56f24ad655f19dd7,c258751984dd5fbb154de23a8545c0fdeda8fd790fe07ea6874f939390f40273,fb4bb01a2617b0a0820653a33ef29d3b3e886ec3556b41116c6eca179b83108f,2026-09-30T17:46:06Z
SubmitPartialDecryption,346,86d23237463e6890938055822485c49b9ff03dead36d5a5e877897d7f75f6444,363,36527460b8576f05fd3534e98e7c1cf89f5e5a69ff95901e56f24ad655f19dd7,c258751984dd5fbb154de23a8545c0fdeda8fd790fe07ea6874f939390f40273,fb4bb01a2617b0a0820653a33ef29d3b3e886ec3556b41116c6eca179b83108f,2026-09-30T17:46:06Z
SubmitPartialDecryption,350,37e0bdfc18f105662e605998bae60119c689d64bc41883e29b639b6522f165f9,363,36527460b8576f05fd3534e98e7c1cf89f5e5a69ff95901e56f24ad655f19dd7,c258751984dd5fbb154de23a8545c0fdeda8fd790fe07ea6874f939390f40273,fb4bb01a2617b0a0820653a33ef29d3b3e886ec3556b41116c6eca179b83108f,2026-09-30T17:46:06Z
SubmitPartialDecryption,343,c73e1145d849d483917cdea78d436bddd0b6f01a596db286bf91b2297c9769bf,363,36527460b8576f05fd3534e98e7c1cf89f5e5a69ff95901e56f24ad655f19dd7,c258751984dd5fbb154de23a8545c0fdeda8fd790fe07ea6874f939390f40273,fb4bb01a2617b0a0820653a33ef29d3b3e886ec3556b41116c6eca179b83108f,2026-09-30T17:46:06Z
SubmitPartialDecryption,336,511178ddae19cbbe7d6e369d7e00338e14df74556dc780c8d9ac9157179a42cb,363,36527460b8576f05fd3534e98e7c1cf89f5e5a69ff95901e56f24ad655f19dd7,c258751984dd5fbb154de23a8545c0fdeda8fd790fe07ea6874f939390f40273,fb4bb01a2617b0a0820653a33ef29d3b3e886ec3556b41116c6eca179b83108f,2026-09-30T17:46:06Z
SubmitPartialDecryption,337,e35e7bc6971b0f4adbb80c16315c4542ab46dc81b3a32fc07a39fd75ad6d8650,363,36527460b8576f05fd3534e98e7c1cf89f5e5a69ff95901e56f24ad655f19dd7,c258751984dd5fbb154de23a8545c0fdeda8fd790fe07ea6874f939390f40273,fb4bb01a2617b0a0820653a33ef29d3b3e886ec3556b41116c6eca179b83108f,2026-09-30T17:46:06Z
SubmitPartialDecryption,349,ee6592d5aa51586893257daf6301adb5b52293d1b4469b817b06e324611d717b,363,36527460b8576f05fd3534e98e7c1cf89f5e5a69ff95901e56f24ad655f19dd7,c258751984dd5fbb154de23a8545c0fdeda8fd790fe07ea6874f939390f40273,fb4bb01a2617b0a0820653a33ef29d3b3e886ec3556b41116c6eca179b83108f,2026-09-30T17:46:06Z
SubmitPartialDecryption,339,7dd742baf74bac7ab50a7dfc636e2c122659337a2aa55fd9e4ba55651f58be88,363,36527460b8576f05fd3534e98e7c1cf89f5e5a69ff95901e56f24ad655f19dd7,c258751984dd5fbb154de23a8545c0fdeda8fd790fe07ea6874f939390f40273,fb4bb01a2617b0a0820653a33ef29d3b3e886ec3556b41116c6eca179b83108f,2026-09-30T17:46:06Z
SubmitPartialDecryption,341,43c9e3c78fc79e157a3c96fff85f5dfc01a1d8c568176861816be96446d08899,363,36527460b8576f05fd3534e98e7c1cf89f5e5a69ff95901e56f24ad655f19dd7,c258751984dd5fbb154de23a8545c0fdeda8fd790fe07ea6874f939390f40273,fb4bb01a2617b0a0820653a33ef29d3b3e886ec3556b41116c6eca179b83108f,2026-09-30T17:46:06Z
SubmitPartialDecryption,347,368d44110dec0e4a7c6180451c616dd843a965ef598edf9b54a6e990ed74d9ba,363,36527460b8576f05fd3534e98e7c1cf89f5e5a69ff95901e56f24ad655f19dd7,c258751984dd5fbb154de23a8545c0fdeda8fd790fe07ea6874f939390f40273,fb4bb01a2617b0a0820653a33ef29d3b3e886ec3556b41116c6eca179b83108f,2026-09-30T17:46:06Z
SubmitPartialDecryption,348,abcc19965e2a15311a450a32c13d0f31f908f319935c0c579a41488b03aac267,363,36527460b8576f05fd3534e98e7c1cf89f5e5a69ff95901e56f24ad655f19dd7,c258751984dd5fbb154de23a8545c0fdeda8fd790fe07ea6874f939390f40273,fb4bb01a2617b0a0820653a33ef29d3b3e886ec3556b41116c6eca179b83108f,2026-09-30T17:46:06Z
SubmitPartialDecryption,338,d02b1e883d7792d04be5c611f040a32c7b2bf1ee4fc7e525052ac4c91effe8bb,363,36527460b8576f05fd3534e98e7c1cf89f5e5a69ff95901e56f24ad655f19dd7,c258751984dd5fbb154de23a8545c0fdeda8fd790fe07ea6874f939390f40273,fb4bb01a2617b0a0820653a33ef29d3b3e886ec3556b41116c6eca179b83108f,2026-09-30T17:46:06Z
SubmitPartialDecryption,351,c50e89990e9fb01109bbf191b521830d41810e5dd4e07d7a9364f7e46ef1dcac,363,36527460b8576f05fd3534e98e7c1cf89f5e5a69ff95901e56f24ad655f19dd7,c258751984dd5fbb154de23a8545c0fdeda8fd790fe07ea6874f939390f40273,fb4bb01a2617b0a0820653a33ef29d3b3e886ec3556b41116c6eca179b83108f,2026-09-30T17:46:06Z
SubmitPartialDecryption,340,3c0ef45c59646700a9586b2316a90111bc5b5b3af56dd63026310eaa5199e96c,363,36527460b8576f05fd3534e98e7c1cf89f5e5a69ff95901e56f24ad655f19dd7,c258751984dd5fbb154de23a8545c0fdeda8fd790fe07ea6874f939390f40273,fb4bb01a2617b0a0820653a33ef29d3b3e886ec3556b41116c6eca179b83108f,2026-09-30T17:46:06Z
SubmitPartialDecryption,342,a2df6dfab54194e48cc78ce8dacc96f46382d7f7a4e25a638a7a93aebdf7783c,363,36527460b8576f05fd3534e98e7c1cf89f5e5a69ff95901e56f24ad655f19dd7,c258751984dd5fbb154de23a8545c0fdeda8fd790fe07ea6874f939390f40273,fb4bb01a2617b0a0820653a33ef29d3b3e886ec3556b41116c6eca179b83108f,2026-09-30T17:46:06Z
SubmitPartialDecryption,363,49ca4ecca8b782052821f078eb9a18f9623a2a556bf8c35744ad692db90b2e81,364,f7a02d01fe30cf2c7489ff2e22f0abe0c4485952b79cb804c464132c274dca65,efab218b96182b43097b785f6f70cb848700167d0455a139870927a4e0034d92,36527460b8576f05fd3534e98e7c1cf89f5e5a69ff95901e56f24ad655f19dd7,2026-09-30T17:46:08Z
SubmitPartialDecryption,366,928954bd2cecc0230580defcf65863ca1fd54227909887b4ff1a3cdcdd424647,364,f7a02d01fe30cf2c7489ff2e22f0abe0c4485952b79cb804c464132c274dca65,efab218b96182b43097b785f6f70cb848700167d0455a139870927a4e0034d92,36527460b8576f05fd3534e98e7c1cf89f5e5a69ff95901e56f24ad655f19dd7,2026-09-30T17:46:08Z
SubmitPartialDecryption,356,500796ac0f341463b185ef27e5d578c7019bf81aaf5b6c84769ba3c1186b5cc1,364,f7a02d01fe30cf2c7489ff2e22f0abe0c4485952b79cb804c464132c274dca65,efab218b96182b43097b785f6f70cb848700167d0455a139870927a4e0034d92,36527460b8576f05fd3534e98e7c1cf89f5e5a69ff95901e56f24ad655f19dd7,2026-09-30T17:46:08Z
SubmitPartialDecryption,364,e9fb6c256052445e59f82460ef90b21bdfe8be53b67d7d246871fa706fa2cc87,364,f7a02d01fe30cf2c7489ff2e22f0abe0c4485952b79cb804c464132c274dca65,efab218b96182b43097b785f6f70cb848700167d0455a139870927a4e0034d92,36527460b8576f05fd3534e98e7c1cf89f5e5a69ff95901e56f24ad655f19dd7,2026-09-30T17:46:08Z
SubmitPartialDecryption,359,caea047405dbad529fedbadbe7c78ddb9b56dc50b4763f11a9a4372bb88e1fe2,364,f7a02d01fe30cf2c7489ff2e22f0abe0c4485952b79cb804c464132c274dca65,efab218b96182b43097b785f6f70cb848700167d0455a139870927a4e0034d92,36527460b8576f05fd3534e98e7c1cf89f5e5a69ff95901e56f24ad655f19dd7,2026-09-30T17:46:08Z
SubmitPartialDecryption,358,b8c8e468e0a7bc9b6b7afc6f0c7283c9433d3c8281370df2680a2ad966bfe079,364,f7a02d01fe30cf2c7489ff2e22f0abe0c4485952b79cb804c464132c274dca65,efab218b96182b43097b785f6f70cb848700167d0455a139870927a4e0034d92,36527460b8576f05fd3534e98e7c1cf89f5e5a69ff95901e56f24ad655f19dd7,2026-09-30T17:46:08Z
SubmitPartialDecryption,353,7d214429eda9e2b125fffdb79cf6082d9a2f548e9e80894435bc656934f682be,364,f7a02d01fe30cf2c7489ff2e22f0abe0c4485952b79cb804c464132c274dca65,efab218b96182b43097b785f6f70cb848700167d0455a139870927a4e0034d92,36527460b8576f05fd3534e98e7c1cf89f5e5a69ff95901e56f24ad655f19dd7,2026-09-30T17:46:08Z
SubmitPartialDecryption,361,6208dcc04de9c7c0b600b9c254ba03e7c837a6a87c4756476424fcef9dbf061f,364,f7a02d01fe30cf2c7489ff2e22f0abe0c4485952b79cb804c464132c274dca65,efab218b96182b43097b785f6f70cb848700167d0455a139870927a4e0034d92,36527460b8576f05fd3534e98e7c1cf89f5e5a69ff95901e56f24ad655f19dd7,2026-09-30T17:46:08Z
SubmitPartialDecryption,357,a6ef26655ef7e403f2011a43399a3dacaf2f233626b3d5195aa11367efcc8b04,364,f7a02d01fe30cf2c7489ff2e22f0abe0c4485952b79cb804c464132c274dca65,efab218b96182b43097b785f6f70cb848700167d0455a139870927a4e0034d92,36527460b8576f05fd3534e98e7c1cf89f5e5a69ff95901e56f24ad655f19dd7,2026-09-30T17:46:08Z
SubmitPartialDecryption,355,1ada080f82216dcba7e2899dfd718fb11be9df02b2c1345f0458f1de11a7b578,364,f7a02d01fe30cf2c7489ff2e22f0abe0c4485952b79cb804c464132c274dca65,efab218b96182b43097b785f6f70cb848700167d0455a139870927a4e0034d92,36527460b8576f05fd3534e98e7c1cf89f5e5a69ff95901e56f24ad655f19dd7,2026-09-30T17:46:08Z
SubmitPartialDecryption,354,ad6248a3a9a2584ecf1772e9037f7426dd98e09fed863a6f66577e8d0ac7f164,364,f7a02d01fe30cf2c7489ff2e22f0abe0c4485952b79cb804c464132c274dca65,efab218b96182b43097b785f6f70cb848700167d0455a139870927a4e0034d92,36527460b8576f05fd3534e98e7c1cf89f5e5a69ff95901e56f24ad655f19dd7,2026-09-30T17:46:08Z
SubmitPartialDecryption,360,6d313e584cab1925527681de05b6554d25ffb3b4ccadd94dd669fb1ce0ed2fcf,364,f7a02d01fe30cf2c7489ff2e22f0abe0c4485952b79cb804c464132c274dca65,efab218b96182b43097b785f6f70cb848700167d0455a139870927a4e0034d92,36527460b8576f05fd3534e98e7c1cf89f5e5a69ff95901e56f24ad655f19dd7,2026-09-30T17:46:08Z
SubmitPartialDecryption,352,b34967847054aa80edc8161ff52f0fe89c35ac0bb6fdfcb4676cf031bc53f0fa,364,f7a02d01fe30cf2c7489ff2e22f0abe0c4485952b79cb804c464132c274dca65,efab218b96182b43097b785f6f70cb848700167d0455a139870927a4e0034d92,36527460b8576f05fd3534e98e7c1cf89f5e5a69ff95901e56f24ad655f19dd7,2026-09-30T17:46:08Z
SubmitPartialDecryption,367,6b02b18e1f0244e23d062c2d0ee16bae10d280ef4034b1880e86370a84378c35,364,f7a02d01fe30cf2c7489ff2e22f0abe0c4485952b79cb804c464132c274dca65,efab218b96182b43097b785f6f70cb848700167d0455a139870927a4e0034d92,36527460b8576f05fd3534e98e7c1cf89f5e5a69ff95901e56f24ad655f19dd7,2026-09-30T17:46:08Z
SubmitPartialDecryption,362,126dd760a131738ecbb6a87ab3ca8d6d90f3485bc959e4a15a9f9f26c9884a3c,364,f7a02d01fe30cf2c7489ff2e22f0abe0c4485952b79cb804c464132c274dca65,efab218b96182b43097b785f6f70cb848700167d0455a139870927a4e0034d92,36527460b8576f05fd3534e98e7c1cf89f5e5a69ff95901e56f24ad655f19dd7,2026-09-30T17:46:08Z
SubmitPartialDecryption,365,97e520e4686e9b2f88634ed0cfd6e9f7e89e5ff2cd4ed728a18a93c7fdaf11ff,364,f7a02d01fe30cf2c7489ff2e22f0abe0c4485952b79cb804c464132c274dca65,efab218b96182b43097b785f6f70cb848700167d0455a139870927a4e0034d92,36527460b8576f05fd3534e98e7c1cf89f5e5a69ff95901e56f24ad655f19dd7,2026-09-30T17:46:08Z
SubmitPartialDecryption,383,0c4562810d044d6091f33589b4b9c255ff1a77785125fe5c47d76de30fd5f4da,365,93e3213cee291b5834c7fe9badfe99c26e70f106f917f7ffec389767e50604a2,d52f3de8b04cd64f212deb3baa88b4afbb0ca1051fb5208e5cf43d2437795eaf,f7a02d01fe30cf2c7489ff2e22f0abe0c4485952b79cb804c464132c274dca65,2026-09-30T17:46:10Z
SubmitPartialDecryption,381,2360ca20d93a98afa44e857a77b4ed7488603efc1a60cbae47776231b64b5ac2,365,93e3213cee291b5834c7fe9badfe99c26e70f106f917f7ffec389767e50604a2,d52f3de8b04cd64f212deb3baa88b4afbb0ca1051fb5208e5cf43d2437795eaf,f7a02d01fe30cf2c7489ff2e22f0abe0c4485952b79cb804c464132c274dca65,2026-09-30T17:46:10Z
SubmitPartialDecryption,377,39a7239b16dfef625ce4476eaff2560bd21da5971e0656afd2d0fdc4e483b5e6,365,93e3213cee291b5834c7fe9badfe99c26e70f106f917f7ffec389767e50604a2,d52f3de8b04cd64f212deb3baa88b4afbb0ca1051fb5208e5cf43d2437795eaf,f7a02d01fe30cf2c7489ff2e22f0abe0c4485952b79cb804c464132c274dca65,2026-09-30T17:46:10Z
SubmitPartialDecryption,376,e3250942081b12c47169caa19dd77cf0315b69ef180ec20cd31281f982fb31f9,365,93e3213cee291b5834c7fe9badfe99c26e70f106f917f7ffec389767e50604a2,d52f3de8b04cd64f212deb3baa88b4afbb0ca1051fb5208e5cf43d2437795eaf,f7a02d01fe30cf2c7489ff2e22f0abe0c4485952b79cb804c464132c274dca65,2026-09-30T17:46:10Z
SubmitPartialDecryption,368,d416efb1bea2ffce11b6773a8ae677242d28fc51c1d64824a7958d3bebcfd863,365,93e3213cee291b5834c7fe9badfe99c26e70f106f917f7ffec389767e50604a2,d52f3de8b04cd64f212deb3baa88b4afbb0ca1051fb5208e5cf43d2437795eaf,f7a02d01fe30cf2c7489ff2e22f0abe0c4485952b79cb804c464132c274dca65,2026-09-30T17:46:10Z
SubmitPartialDecryption,382,036f1ae5f5862a0a700a1ef84bb83e8484949176e5d97394827ef0258d244f5b,365,93e3213cee291b5834c7fe9badfe99c26e70f106f917f7ffec389767e50604a2,d52f3de8b04cd64f212deb3baa88b4afbb0ca1051fb5208e5cf43d2437795eaf,f7a02d01fe30cf2c7489ff2e22f0abe0c4485952b79cb804c464132c274dca65,2026-09-30T17:46:10Z
SubmitPartialDecryption,374,9491c3f298b6c09042ac8da48d8b1ed3dd4e4fcd4db616659b04c25d350bf915,365,93e3213cee291b5834c7fe9badfe99c26e70f106f917f7ffec389767e50604a2,d52f3de8b04cd64f212deb3baa88b4afbb0ca1051fb5208e5cf43d2437795eaf,f7a02d01fe30cf2c7489ff2e22f0abe0c4485952b79cb804c464132c274dca65,2026-09-30T17:46:10Z
SubmitPartialDecryption,372,a0cd3d8a8124cd0b798ad263b5c9c181ec5b1932e6a1a32cabfb281ffe8fec61,365,93e3213cee291b5834c7fe9badfe99c26e70f106f917f7ffec389767e50604a2,d52f3de8b04cd64f212deb3baa88b4afbb0ca1051fb5208e5cf43d2437795eaf,f7a02d01fe30cf2c7489ff2e22f0abe0c4485952b79cb804c464132c274dca65,2026-09-30T17:46:10Z
SubmitPartialDecryption,375,fd017992428ba9fbc144dfa252f0c21484f958263073f623a6b364bd6e452923,365,93e3213cee291b5834c7fe9badfe99c26e70f106f917f7ffec389767e50604a2,d52f3de8b04cd64f212deb3baa88b4afbb0ca1051fb5208e5cf43d2437795eaf,f7a02d01fe30cf2c7489ff2e22f0abe0c4485952b79cb804c464132c274dca65,2026-09-30T17:46:10Z
SubmitPartialDecryption,378,8dd66b9a8eb3440fcd96681dfbb226a94cb0dd242f4f0741a39f449da4a265d1,365,93e3213cee291b5834c7fe9badfe99c26e70f106f917f7ffec389767e50604a2,d52f3de8b04cd64f212deb3baa88b4afbb0ca1051fb5208e5cf43d2437795eaf,f7a02d01fe30cf2c7489ff2e22f0abe0c4485952b79cb804c464132c274dca65,2026-09-30T17:46:10Z
SubmitPartialDecryption,371,7223a8acab0c86d9c3561eaf209c0c6564e63141803a3d3ced60e7e7f9b1515f,365,93e3213cee291b5834c7fe9badfe99c26e70f106f917f7ffec389767e50604a2,d52f3de8b04cd64f212deb3baa88b4afbb0ca1051fb5208e5cf43d2437795eaf,f7a02d01fe30cf2c7489ff2e22f0abe0c4485952b79cb804c464132c274dca65,2026-09-30T17:46:10Z
SubmitPartialDecryption,373,3e0c73eb4c2fb82bef99e07d1c60f96443f4855e0f050630f5f9eff8b081fbbb,365,93e3213cee291b5834c7fe9badfe99c26e70f106f917f7ffec389767e50604a2,d52f3de8b04cd64f212deb3baa88b4afbb0ca1051fb5208e5cf43d2437795eaf,f7a02d01fe30cf2c7489ff2e22f0abe0c4485952b79cb804c464132c274dca65,2026-09-30T17:46:10Z
SubmitPartialDecryption,369,6afd18ff7b1f4b57c2cd89a46e50329f8b724e9998c5eb5bf7c6e39963278441,365,93e3213cee291b5834c7fe9badfe99c26e70f106f917f7ffec389767e50604a2,d52f3de8b04cd64f212deb3baa88b4afbb0ca1051fb5208e5cf43d2437795eaf,f7a02d01fe30cf2c7489ff2e22f0abe0c4485952b79cb804c464132c274dca65,2026-09-30T17:46:10Z
SubmitPartialDecryption,370,5471c06bcd203d7cfe4bf66db3302b40198525ae37975e26e81cc997ed9ed53a,365,93e3213cee291b5834c7fe9badfe99c26e70f106f917f7ffec389767e50604a2,d52f3de8b04cd64f212deb3baa88b4afbb0ca1051fb5208e5cf43d2437795eaf,f7a02d01fe30cf2c7489ff2e22f0abe0c4485952b79cb804c464132c274dca65,2026-09-30T17:46:10Z
SubmitPartialDecryption,379,4617b71dfd20973c386dcb8d2a100cdb22d499f83bc106774c89514502478aa3,365,93e3213cee291b5834c7fe9badfe99c26e70f106f917f7ffec389767e50604a2,d52f3de8b04cd64f212deb3baa88b4afbb0ca1051fb5208e5cf43d2437795eaf,f7a02d01fe30cf2c7489ff2e22f0abe0c4485952b79cb804c464132c274dca65,2026-09-30T17:46:10Z
SubmitPartialDecryption,380,60f85d3433e04827d6dc1daee5b73b37287688727454ecc509da3a17e3cadd40,365,93e3213cee291b5834c7fe9badfe99c26e70f106f917f7ffec389767e50604a2,d52f3de8b04cd64f212deb3baa88b4afbb0ca1051fb5208e5cf43d2437795eaf,f7a02d01fe30cf2c7489ff2e22f0abe0c4485952b79cb804c464132c274dca65,2026-09-30T17:46:10Z
SubmitPartialDecryption,388,2bfd898eb647046c2539e1f8c163a78b61722cf1c2f32c6c5a8a4bb0e5f3278c,366,c249fa04823df009ae9af5496184762004711535edb416b42b6184e823a934e1,815108f3415acb0a4fdf6981713f2acfa2134daf7db8bf066268fd9194a305fb,93e3213cee291b5834c7fe9badfe99c26e70f106f917f7ffec389767e50604a2,2026-09-30T17:46:12Z
SubmitPartialDecryption,398,dbcc5899dac26f08677feeba4cf6c1939ad5b01e6927d60d8ebcf9816e5c6c54,366,c249fa04823df009ae9af5496184762004711535edb416b42b6184e823a934e1,815108f3415acb0a4fdf6981713f2acfa2134daf7db8bf066268fd9194a305fb,93e3213cee291b5834c7fe9badfe99c26e70f106f917f7ffec389767e50604a2,2026-09-30T17:46:12Z
SubmitPartialDecryption,399,1f8acd0f77096af78978c7e56d8ad8bb01fbd262d55314cca1a4769895cad1ac,366,c249fa04823df009ae9af5496184762004711535edb416b42b6184e823a934e1,815108f3415acb0a4fdf6981713f2acfa2134daf7db8bf066268fd9194a305fb,93e3213cee291b5834c7fe9badfe99c26e70f106f917f7ffec389767e50604a2,2026-09-30T17:46:12Z
SubmitPartialDecryption,394,a58fae593358d01fae116cf92d3e8cf07a99b70a90a5629981df67366b97457d,366,c249fa04823df009ae9af5496184762004711535edb416b42b6184e823a934e1,815108f3415acb0a4fdf6981713f2acfa2134daf7db8bf066268fd9194a305fb,93e3213cee291b5834c7fe9badfe99c26e70f106f917f7ffec389767e50604a2,2026-09-30T17:46:12Z
SubmitPartialDecryption,387,723ca070f7c8a008ec0087e1a354d304e9714090f35990505460535443744f0b,366,c249fa04823df009ae9af5496184762004711535edb416b42b6184e823a934e1,815108f3415acb0a4fdf6981713f2acfa2134daf7db8bf066268fd9194a305fb,93e3213cee291b5834c7fe9badfe99c26e70f106f917f7ffec389767e50604a2,2026-09-30T17:46:12Z
SubmitPartialDecryption,390,8078bcb70a38d939a74a83938bda3db77af78524097f4bd60f81744fb58b2684,366,c249fa04823df009ae9af5496184762004711535edb416b42b6184e823a934e1,815108f3415acb0a4fdf6981713f2acfa2134daf7db8bf066268fd9194a305fb,93e3213cee291b5834c7fe9badfe99c26e70f106f917f7ffec389767e50604a2,2026-09-30T17:46:12Z
SubmitPartialDecryption,393,e3438d46822b2973f5d0152cc3798b2b72f3d35da2534aebf28258f085e6d726,366,c249fa04823df009ae9af5496184762004711535edb416b42b6184e823a934e1,815108f3415acb0a4fdf6981713f2acfa2134daf7db8bf066268fd9194a305fb,93e3213cee291b5834c7fe9badfe99c26e70f106f917f7ffec389767e50604a2,2026-09-30T17:46:12Z
SubmitPartialDecryption,384,4cf89518aad7f73ef1887abe8327e54576712726123aafea937bdb124a92e530,366,c249fa04823df009ae9af5496184762004711535edb416b42b6184e823a934e1,815108f3415acb0a4fdf6981713f2acfa2134daf7db8bf066268fd9194a305fb,93e3213cee291b5834c7fe9badfe99c26e70f106f917f7ffec389767e50604a2,2026-09-30T17:46:12Z
SubmitPartialDecryption,385,af87de60a335911a29fba217f9dd4c4adc8e0545b7cf9fedc27a9579d9d7a653,366,c249fa04823df009ae9af5496184762004711535edb416b42b6184e823a934e1,815108f3415acb0a4fdf6981713f2acfa2134daf7db8bf066268fd9194a305fb,93e3213cee291b5834c7fe9badfe99c26e70f106f917f7ffec389767e50604a2,2026-09-30T17:46:12Z
SubmitPartialDecryption,396,38ad647c9017e18ca2275a1487aa989b2a34a46a9368d12bf46007188d31bfaa,366,c249fa04823df009ae9af5496184762004711535edb416b42b6184e823a934e1,815108f3415acb0a4fdf6981713f2acfa2134daf7db8bf066268fd9194a305fb,93e3213cee291b5834c7fe9badfe99c26e70f106f917f7ffec389767e50604a2,2026-09-30T17:46:12Z
SubmitPartialDecryption,395,d3b08d42880d15522498dfe5b888ad691077975e5021e4bb574eb9acdc1320f9,366,c249fa04823df009ae9af5496184762004711535edb416b42b6184e823a934e1,815108f3415acb0a4fdf6981713f2acfa2134daf7db8bf066268fd9194a305fb,93e3213cee291b5834c7fe9badfe99c26e70f106f917f7ffec389767e50604a2,2026-09-30T17:46:12Z
SubmitPartialDecryption,392,2a41d1bda4ac9ec835ebaa93bc1e0d7e8259e15d2930d8d97e44ce460c29f39c,366,c249fa04823df009ae9af5496184762004711535edb416b42b6184e823a934e1,815108f3415acb0a4fdf6981713f2acfa2134daf7db8bf066268fd9194a305fb,93e3213cee291b5834c7fe9badfe99c26e70f106f917f7ffec389767e50604a2,2026-09-30T17:46:12Z
SubmitPartialDecryption,397,56156c971551d5fc3850d33c99e6380d03ff1bd3d1ecabecc478b24258e3e766,366,c249fa04823df009ae9af5496184762004711535edb416b42b6184e823a934e1,815108f3415acb0a4fdf6981713f2acfa2134daf7db8bf066268fd9194a305fb,93e3213cee291b5834c7fe9badfe99c26e70f106f917f7ffec389767e50604a2,2026-09-30T17:46:12Z
SubmitPartialDecryption,391,6048785f14fae6abfa3af21c68e3368ffa7b95d65198f66934957e9f73d7a47c,366,c249fa04823df009ae9af5496184762004711535edb416b42b6184e823a934e1,815108f3415acb0a4fdf6981713f2acfa2134daf7db8bf066268fd9194a305fb,93e3213cee291b5834c7fe9badfe99c26e70f106f917f7ffec389767e50604a2,2026-09-30T17:46:12Z
SubmitPartialDecryption,386,75a30f5f9191e6c34c4b382bd354a2099607c58d8c0274b1091520a647b6603d,366,c249fa04823df009ae9af5496184762004711535edb416b42b6184e823a934e1,815108f3415acb0a4fdf6981713f2acfa2134daf7db8bf066268fd9194a305fb,93e3213cee291b5834c7fe9badfe99c26e70f106f917f7ffec389767e50604a2,2026-09-30T17:46:12Z
SubmitPartialDecryption,389,54c41269691a22f0d102fa78556f8291c3c85d5606358c84ed7c92517ec563f5,366,c249fa04823df009ae9af5496184762004711535edb416b42b6184e823a934e1,815108f3415acb0a4fdf6981713f2acfa2134daf7db8bf066268fd9194a305fb,93e3213cee291b5834c7fe9badfe99c26e70f106f917f7ffec389767e50604a2,2026-09-30T17:46:12Z
SubmitPartialDecryption,409,bd99b6c8b63b00717b87343a6d63b3f49c3aa3e02279aa9e9e322c60bdbe5c1f,367,fed3d6efd1e67ee6b763d58dc5959a6a2e4602eb0256b92630741443a52f6f04,0a474d4c340db4acfc95717078784eb8af128febd1c7ef2ff7a40df8c12a1d46,c249fa04823df009ae9af5496184762004711535edb416b42b6184e823a934e1,2026-09-30T17:46:14Z
SubmitPartialDecryption,413,b3e2e1452e3569afa6d7c6c6cecfe4fb233ded931e6bf3b6a8a2bb2190622075,367,fed3d6efd1e67ee6b763d58dc5959a6a2e4602eb0256b92630741443a52f6f04,0a474d4c340db4acfc95717078784eb8af128febd1c7ef2ff7a40df8c12a1d46,c249fa04823df009ae9af5496184762004711535edb416b42b6184e823a934e1,2026-09-30T17:46:14Z
SubmitPartialDecryption,407,46e2a4b6d241755f90edae7dd73c8f0a15d1aeb534b08bbf904691c3da3c10c2,367,fed3d6efd1e67ee6b763d58dc5959a6a2e4602eb0256b92630741443a52f6f04,0a474d4c340db4acfc95717078784eb8af128febd1c7ef2ff7a40df8c12a1d46,c249fa04823df009ae9af5496184762004711535edb416b42b6184e823a934e1,2026-09-30T17:46:14Z
SubmitPartialDecryption,411,b9108ff91f48eb78dc2138890f4488a5c5d9c2f6a424940f24e3cba18438dd45,367,fed3d6efd1e67ee6b763d58dc5959a6a2e4602eb0256b92630741443a52f6f04,0a474d4c340db4acfc95717078784eb8af128febd1c7ef2ff7a40df8c12a1d46,c249fa04823df009ae9af5496184762004711535edb416b42b6184e823a934e1,2026-09-30T17:46:14Z
SubmitPartialDecryption,410,72bc93cf93c615cdf2f0273a7c81076c55c625f34e6296f9ed9ce4afcb37f0f7,367,fed3d6efd1e67ee6b763d58dc5959a6a2e4602eb0256b92630741443a52f6f04,0a474d4c340db4acfc95717078784eb8af128febd1c7ef2ff7a40df8c12a1d46,c249fa04823df009ae9af5496184762004711535edb416b42b6184e823a934e1,2026-09-30T17:46:14Z
SubmitPartialDecryption,408,2d107788d0c6b16cedee0ea6d345f28668da7e21857ecb85f95d2bb70e9d0a9d,367,fed3d6efd1e67ee6b763d58dc5959a6a2e4602eb0256b92630741443a52f6f04,0a474d4c340db4acfc95717078784eb8af128febd1c7ef2ff7a40df8c12a1d46,c249fa04823df009ae9af5496184762004711535edb416b42b6184e823a934e1,2026-09-30T17:46:14Z
SubmitPartialDecryption,414,f45be7a063e2a7101af5d9a3a1000d73a57b99ceaa755a8816626133eeee7137,367,fed3d6efd1e67ee6b763d58dc5959a6a2e4602eb0256b92630741443a52f6f04,0a474d4c340db4acfc95717078784eb8af128febd1c7ef2ff7a40df8c12a1d46,c249fa04823df009ae9af5496184762004711535edb416b42b6184e823a934e1,2026-09-30T17:46:14Z
SubmitPartialDecryption,402,97aa9d1adf48f1216ebb56c5b9470fb4a5dec9f6e4571a29096959299127b6f2,367,fed3d6efd1e67ee6b763d58dc5959a6a2e4602eb0256b92630741443a52f6f04,0a474d4c340db4acfc95717078784eb8af128febd1c7ef2ff7a40df8c12a1d46,c249fa04823df009ae9af5496184762004711535edb416b42b6184e823a934e1,2026-09-30T17:46:14Z
SubmitPartialDecryption,400,a6cf921afa62e2b9b8b16736ae5092199d482d7848836ab4c3014a68908c96e8,367,fed3d6efd1e67ee6b763d58dc5959a6a2e4602eb0256b92630741443a52f6f04,0a474d4c340db4acfc95717078784eb8af128febd1c7ef2ff7a40df8c12a1d46,c249fa04823df009ae9af5496184762004711535edb416b42b6184e823a934e1,2026-09-30T17:46:14Z
SubmitPartialDecryption,412,4333132b779a068dd808a7438d0c73903b4f306f0c37d209672fec1033395775,367,fed3d6efd1e67ee6b763d58dc5959a6a2e4602eb0256b92630741443a52f6f04,0a474d4c340db4acfc95717078784eb8af128febd1c7ef2ff7a40df8c12a1d46,c249fa04823df009ae9af5496184762004711535edb416b42b6184e823a934e1,2026-09-30T17:46:14Z
SubmitPartialDecryption,415,71f2e50eacd8229136557d6cbdfa0328f4a88a8e36a75cc4922bb815558877a8,367,fed3d6efd1e67ee6b763d58dc5959a6a2e4602eb0256b92630741443a52f6f04,0a474d4c340db4acfc95717078784eb8af128febd1c7ef2ff7a40df8c12a1d46,c249fa04823df009ae9af5496184762004711535edb416b42b6184e823a934e1,2026-09-30T17:46:14Z
SubmitPartialDecryption,404,38bf49be81603b650c86026b13c49227dfcd9a1af043beb8fbe43fdea72ca481,367,fed3d6efd1e67ee6b763d58dc5959a6a2e4602eb0256b92630741443a52f6f04,0a474d4c340db4acfc95717078784eb8af128febd1c7ef2ff7a40df8c12a1d46,c249fa04823df009ae9af5496184762004711535edb416b42b6184e823a934e1,2026-09-30T17:46:14Z
SubmitPartialDecryption,405,6f5f2c122ff95f4626caf5198e409ebdcba941d5faad97da4c70608b50436859,367,fed3d6efd1e67ee6b763d58dc5959a6a2e4602eb0256b92630741443a52f6f04,0a474d4c340db4acfc95717078784eb8af128febd1c7ef2ff7a40df8c12a1d46,c249fa04823df009ae9af5496184762004711535edb416b42b6184e823a934e1,2026-09-30T17:46:14Z
SubmitPartialDecryption,403,c87b6027b7b69ca1a619ceacc21296eee337b0613b9d635264faf6bbac64d545,367,fed3d6efd1e67ee6b763d58dc5959a6a2e4602eb0256b92630741443a52f6f04,0a474d4c340db4acfc95717078784eb8af128febd1c7ef2ff7a40df8c12a1d46,c249fa04823df009ae9af5496184762004711535edb416b42b6184e823a934e1,2026-09-30T17:46:14Z
SubmitPartialDecryption,401,27ee19bb3a1219bf2cd59e1710eb15629d5b98a6209ba2ff69959089367e5299,367,fed3d6efd1e67ee6b763d58dc5959a6a2e4602eb0256b92630741443a52f6f04,0a474d4c340db4acfc95717078784eb8af128febd1c7ef2ff7a40df8c12a1d46,c249fa04823df009ae9af5496184762004711535edb416b42b6184e823a934e1,2026-09-30T17:46:14Z
SubmitPartialDecryption,406,dad197e73f3c863acaf2d4226dd48843640afea1f9a418c6a7059512cd82f205,367,fed3d6efd1e67ee6b763d58dc5959a6a2e4602eb0256b92630741443a52f6f04,0a474d4c340db4acfc95717078784eb8af128febd1c7ef2ff7a40df8c12a1d46,c249fa04823df009ae9af5496184762004711535edb416b42b6184e823a934e1,2026-09-30T17:46:14Z
SubmitPartialDecryption,416,05f600fcef58711eca062e119c021fc01f2a9d5dd73ec257b0f968677568015e,368,a30819635d231480dc0b6ac6fdaa6d6b6e73c463ebe860b5638ec1aba6cb0e23,9249f2b3e5a865329f24d610c236e9733ff8cbfcb03b9fd6ca6f89993f321ef8,fed3d6efd1e67ee6b763d58dc5959a6a2e4602eb0256b92630741443a52f6f04,2026-09-30T17:46:16Z
SubmitPartialDecryption,418,d18fbf00bdc22dbef476edc3c189195148cad46e4bc755cd8db0419f516aa027,368,a30819635d231480dc0b6ac6fdaa6d6b6e73c463ebe860b5638ec1aba6cb0e23,9249f2b3e5a865329f24d610c236e9733ff8cbfcb03b9fd6ca6f89993f321ef8,fed3d6efd1e67ee6b763d58dc5959a6a2e4602eb0256b92630741443a52f6f04,2026-09-30T17:46:16Z
SubmitPartialDecryption,419,42375b0b52d64b8257660fca29964456964f7699cf68f0089f19e46a22161c88,368,a30819635d231480dc0b6ac6fdaa6d6b6e73c463ebe860b5638ec1aba6cb0e23,9249f2b3e5a865329f24d610c236e9733ff8cbfcb03b9fd6ca6f89993f321ef8,fed3d6efd1e67ee6b763d58dc5959a6a2e4602eb0256b92630741443a52f6f04,2026-09-30T17:46:16Z
SubmitPartialDecryption,417,476e6dd4f027aa33be151ff67b3cc00aa26413c285963ab429f99213f79a8de9,368,a30819635d231480dc0b6ac6fdaa6d6b6e73c463ebe860b5638ec1aba6cb0e23,9249f2b3e5a865329f24d610c236e9733ff8cbfcb03b9fd6ca6f89993f321ef8,fed3d6efd1e67ee6b763d58dc5959a6a2e4602eb0256b92630741443a52f6f04,2026-09-30T17:46:16Z
PublishTally,,585b67683d74ebcd831aa096e52cc88f05304b625d608065b12e03d8977f87e4,369,aa16f0a6671f59755c542d442bc77f9211f6ffbed7c12288db1f43c94342a8a1,c378e50239a6ea9ee8cb36a22051703a33ac91654738dcdcd5557cd8a2623c8a,a30819635d231480dc0b6ac6fdaa6d6b6e73c463ebe860b5638ec1aba6cb0e23,2026-09-30T17:46:18Z
