unix_ts,iso,metric,value
1791022316,2026-10-03T18:11:55,docker.dev-peer0.org1.example.com-saksi-bulletin_1.0-ee3fe73bad456e43adfc5ba27d9e5a60983b69e8496140308fb21061ecb2ff85.cpu_pct,0.0
1791022316,2026-10-03T18:11:55,docker.dev-peer0.org1.example.com-saksi-bulletin_1.0-ee3fe73bad456e43adfc5ba27d9e5a60983b69e8496140308fb21061ecb2ff85.mem_bytes,6975127.552
1791022316,2026-10-03T18:11:55,docker.dev-peer0.org1.example.com-saksi-bulletin_1.0-ee3fe73bad456e43adfc5ba27d9e5a60983b69e8496140308fb21061ecb2ff85.blk_read_bytes,0.0
1791022316,2026-10-03T18:11:55,docker.dev-peer0.org1.example.com-saksi-bulletin_1.0-ee3fe73bad456e43adfc5ba27d9e5a60983b69e8496140308fb21061ecb2ff85.blk_write_bytes,0.0
1791022316,2026-10-03T18:11:55,docker.dev-peer0.org2.example.com-saksi-bulletin_1.0-ee3fe73bad456e43adfc5ba27d9e5a60983b69e8496140308fb21061ecb2ff85.cpu_pct,0.0
1791022316,2026-10-03T18:11:55,docker.dev-peer0.org2.example.com-saksi-bulletin_1.0-ee3fe73bad456e43adfc5ba27d9e5a60983b69e8496140308fb21061ecb2ff85.mem_bytes,7258243.072
1791022316,2026-10-03T18:11:55,docker.dev-peer0.org2.example.com-saksi-bulletin_1.0-ee3fe73bad456e43adfc5ba27d9e5a60983b69e8496140308fb21061ecb2ff85.blk_read_bytes,0.0
1791022316,2026-10-03T18:11:55,docker.dev-peer0.org2.example.com-saksi-bulletin_1.0-ee3fe73bad456e43adfc5ba27d9e5a60983b69e8496140308fb21061ecb2ff85.blk_write_bytes,0.0
1791022316,2026-10-03T18:11:55,docker.peer0.org1.example.com.cpu_pct,1.18
1791022316,2026-10-03T18:11:55,docker.peer0.org1.example.com.mem_bytes,52732887.04
1791022316,2026-10-03T18:11:55,docker.peer0.org1.example.com.blk_read_bytes,3760000.0
1791022316,2026-10-03T18:11:55,docker.peer0.org1.example.com.blk_write_bytes,4990000.0
1791022316,2026-10-03T18:11:55,docker.peer0.org2.example.com.cpu_pct,1.41
1791022316,2026-10-03T18:11:55,docker.peer0.org2.example.com.mem_bytes,44847595.52
1791022316,2026-10-03T18:11:55,docker.peer0.org2.example.com.blk_read_bytes,545000.0
1791022316,2026-10-03T18:11:55,docker.peer0.org2.example.com.blk_write_bytes,3610000.0
1791022316,2026-10-03T18:11:55,docker.orderer.example.com.cpu_pct,0.04
1791022316,2026-10-03T18:11:55,docker.orderer.example.com.mem_bytes,18748538.88
1791022316,2026-10-03T18:11:55,docker.orderer.example.com.blk_read_bytes,31400000.0
1791022316,2026-10-03T18:11:55,docker.orderer.example.com.blk_write_bytes,262000.0
1791022316,2026-10-03T18:11:55,wsl.MemTotal_kb,24608408
1791022316,2026-10-03T18:11:55,wsl.MemAvailable_kb,22966716
1791022316,2026-10-03T18:11:55,wsl.SwapTotal_kb,0
1791022316,2026-10-03T18:11:55,wsl.SwapFree_kb,0
1791022316,2026-10-03T18:11:55,wsl.Dirty_kb,196
1791022316,2026-10-03T18:11:55,wsl.load1,0.19
1791022316,2026-10-03T18:11:55,wsl.load5,4.41
1791022316,2026-10-03T18:11:55,host.c_free_bytes,49305677824
1791022316,2026-10-03T18:11:55,host.q_free_bytes,418763845632
1791022316,2026-10-03T18:11:55,host.docker_vhdx_bytes,15592325120
1791022316,2026-10-03T18:11:55,host.ubuntu_vhdx_bytes,212983611392
1791022326,2026-10-03T18:12:05,docker.dev-peer0.org1.example.com-saksi-bulletin_1.0-ee3fe73bad456e43adfc5ba27d9e5a60983b69e8496140308fb21061ecb2ff85.cpu_pct,0.0
1791022326,2026-10-03T18:12:05,docker.dev-peer0.org1.example.com-saksi-bulletin_1.0-ee3fe73bad456e43adfc5ba27d9e5a60983b69e8496140308fb21061ecb2ff85.mem_bytes,6975127.552
1791022326,2026-10-03T18:12:05,docker.dev-peer0.org1.example.com-saksi-bulletin_1.0-ee3fe73bad456e43adfc5ba27d9e5a60983b69e8496140308fb21061ecb2ff85.blk_read_bytes,0.0
1791022326,2026-10-03T18:12:05,docker.dev-peer0.org1.example.com-saksi-bulletin_1.0-ee3fe73bad456e43adfc5ba27d9e5a60983b69e8496140308fb21061ecb2ff85.blk_write_bytes,0.0
1791022326,2026-10-03T18:12:05,docker.dev-peer0.org2.example.com-saksi-bulletin_1.0-ee3fe73bad456e43adfc5ba27d9e5a60983b69e8496140308fb21061ecb2ff85.cpu_pct,0.0
1791022326,2026-10-03T18:12:05,docker.dev-peer0.org2.example.com-saksi-bulletin_1.0-ee3fe73bad456e43adfc5ba27d9e5a60983b69e8496140308fb21061ecb2ff85.mem_bytes,7000293.376
1791022326,2026-10-03T18:12:05,docker.dev-peer0.org2.example.com-saksi-bulletin_1.0-ee3fe73bad456e43adfc5ba27d9e5a60983b69e8496140308fb21061ecb2ff85.blk_read_bytes,0.0
1791022326,2026-10-03T18:12:05,docker.dev-peer0.org2.example.com-saksi-bulletin_1.0-ee3fe73bad456e43adfc5ba27d9e5a60983b69e8496140308fb21061ecb2ff85.blk_write_bytes,0.0
1791022326,2026-10-03T18:12:05,docker.peer0.org1.example.com.cpu_pct,1.07
1791022326,2026-10-03T18:12:05,docker.peer0.org1.example.com.mem_bytes,52554629.12
1791022326,2026-10-03T18:12:05,docker.peer0.org1.example.com.blk_read_bytes,3760000.0
1791022326,2026-10-03T18:12:05,docker.peer0.org1.example.com.blk_write_bytes,4990000.0
1791022326,2026-10-03T18:12:05,docker.peer0.org2.example.com.cpu_pct,1.03
1791022326,2026-10-03T18:12:05,docker.peer0.org2.example.com.mem_bytes,45099253.76
1791022326,2026-10-03T18:12:05,docker.peer0.org2.example.com.blk_read_bytes,545000.0
1791022326,2026-10-03T18:12:05,docker.peer0.org2.example.com.blk_write_bytes,3610000.0
1791022326,2026-10-03T18:12:05,docker.orderer.example.com.cpu_pct,0.03
1791022326,2026-10-03T18:12:05,docker.orderer.example.com.mem_bytes,18748538.88
1791022326,2026-10-03T18:12:05,docker.orderer.example.com.blk_read_bytes,31400000.0
1791022326,2026-10-03T18:12:05,docker.orderer.example.com.blk_write_bytes,262000.0
1791022326,2026-10-03T18:12:05,wsl.MemTotal_kb,24608408
1791022326,2026-10-03T18:12:05,wsl.MemAvailable_kb,22940464
1791022326,2026-10-03T18:12:05,wsl.SwapTotal_kb,0
1791022326,2026-10-03T18:12:05,wsl.SwapFree_kb,0
1791022326,2026-10-03T18:12:05,wsl.Dirty_kb,172420
1791022326,2026-10-03T18:12:05,wsl.load1,2.77
1791022326,2026-10-03T18:12:05,wsl.load5,4.83
1791022326,2026-10-03T18:12:05,host.c_free_bytes,49305149440
1791022326,2026-10-03T18:12:05,host.q_free_bytes,418763845632
1791022326,2026-10-03T18:12:05,host.docker_vhdx_bytes,15592325120
1791022326,2026-10-03T18:12:05,host.ubuntu_vhdx_bytes,212983611392
1791022336,2026-10-03T18:12:15,docker.dev-peer0.org1.example.com-saksi-bulletin_1.0-ee3fe73bad456e43adfc5ba27d9e5a60983b69e8496140308fb21061ecb2ff85.cpu_pct,0.0
1791022336,2026-10-03T18:12:15,docker.dev-peer0.org1.example.com-saksi-bulletin_1.0-ee3fe73bad456e43adfc5ba27d9e5a60983b69e8496140308fb21061ecb2ff85.mem_bytes,6975127.552
1791022336,2026-10-03T18:12:15,docker.dev-peer0.org1.example.com-saksi-bulletin_1.0-ee3fe73bad456e43adfc5ba27d9e5a60983b69e8496140308fb21061ecb2ff85.blk_read_bytes,0.0
1791022336,2026-10-03T18:12:15,docker.dev-peer0.org1.example.com-saksi-bulletin_1.0-ee3fe73bad456e43adfc5ba27d9e5a60983b69e8496140308fb21061ecb2ff85.blk_write_bytes,0.0
1791022336,2026-10-03T18:12:15,docker.dev-peer0.org2.example.com-saksi-bulletin_1.0-ee3fe73bad456e43adfc5ba27d9e5a60983b69e8496140308fb21061ecb2ff85.cpu_pct,0.0
1791022336,2026-10-03T18:12:15,docker.dev-peer0.org2.example.com-saksi-bulletin_1.0-ee3fe73bad456e43adfc5ba27d9e5a60983b69e8496140308fb21061ecb2ff85.mem_bytes,7000293.376
1791022336,2026-10-03T18:12:15,docker.dev-peer0.org2.example.com-saksi-bulletin_1.0-ee3fe73bad456e43adfc5ba27d9e5a60983b69e8496140308fb21061ecb2ff85.blk_read_bytes,0.0
1791022336,2026-10-03T18:12:15,docker.dev-peer0.org2.example.com-saksi-bulletin_1.0-ee3fe73bad456e43adfc5ba27d9e5a60983b69e8496140308fb21061ecb2ff85.blk_write_bytes,0.0
1791022336,2026-10-03T18:12:15,docker.peer0.org1.example.com.cpu_pct,1.03
1791022336,2026-10-03T18:12:15,docker.peer0.org1.example.com.mem_bytes,52533657.6
1791022336,2026-10-03T18:12:15,docker.peer0.org1.example.com.blk_read_bytes,3760000.0
1791022336,2026-10-03T18:12:15,docker.peer0.org1.example.com.blk_write_bytes,4990000.0
1791022336,2026-10-03T18:12:15,docker.peer0.org2.example.com.cpu_pct,0.84
1791022336,2026-10-03T18:12:15,docker.peer0.org2.example.com.mem_bytes,45214597.12
1791022336,2026-10-03T18:12:15,docker.peer0.org2.example.com.blk_read_bytes,545000.0
1791022336,2026-10-03T18:12:15,docker.peer0.org2.example.com.blk_write_bytes,3610000.0
1791022336,2026-10-03T18:12:15,docker.orderer.example.com.cpu_pct,0.04
1791022336,2026-10-03T18:12:15,docker.orderer.example.com.mem_bytes,18748538.88
1791022336,2026-10-03T18:12:15,docker.orderer.example.com.blk_read_bytes,31400000.0
1791022336,2026-10-03T18:12:15,docker.orderer.example.com.blk_write_bytes,262000.0
1791022336,2026-10-03T18:12:15,wsl.MemTotal_kb,24608408
1791022336,2026-10-03T18:12:15,wsl.MemAvailable_kb,22926052
1791022336,2026-10-03T18:12:15,wsl.SwapTotal_kb,0
1791022336,2026-10-03T18:12:15,wsl.SwapFree_kb,0
1791022336,2026-10-03T18:12:15,wsl.Dirty_kb,312448
1791022336,2026-10-03T18:12:15,wsl.load1,5.11
1791022336,2026-10-03T18:12:15,wsl.load5,5.26
1791022336,2026-10-03T18:12:15,host.c_free_bytes,49304715264
1791022336,2026-10-03T18:12:15,host.q_free_bytes,418763845632
1791022336,2026-10-03T18:12:15,host.docker_vhdx_bytes,15592325120
1791022336,2026-10-03T18:12:15,host.ubuntu_vhdx_bytes,212983611392
1791022336,2026-10-03T18:12:15,win.Memory\Available MBytes,63.325437
1791022336,2026-10-03T18:12:15,win.PhysicalDisk(0 C:)\% Disk Time,20999.0
1791022336,2026-10-03T18:12:15,win.PhysicalDisk(1 Q:)\% Disk Time,0.233503
1791022336,2026-10-03T18:12:15,win.PhysicalDisk(_Total)\% Disk Time,0.17898
1791022336,2026-10-03T18:12:15,win.PhysicalDisk(0 C:)\Current Disk Queue Length,0.206241
1791022336,2026-10-03T18:12:15,win.PhysicalDisk(1 Q:)\Current Disk Queue Length,0.0
1791022336,2026-10-03T18:12:15,win.PhysicalDisk(_Total)\Current Disk Queue Length,0.0
1791022336,2026-10-03T18:12:15,win.Process(vmmemWSL)\% Processor Time,0.0
1791022346,2026-10-03T18:12:25,docker.dev-peer0.org1.example.com-saksi-bulletin_1.0-ee3fe73bad456e43adfc5ba27d9e5a60983b69e8496140308fb21061ecb2ff85.cpu_pct,0.0
1791022346,2026-10-03T18:12:25,docker.dev-peer0.org1.example.com-saksi-bulletin_1.0-ee3fe73bad456e43adfc5ba27d9e5a60983b69e8496140308fb21061ecb2ff85.mem_bytes,6717177.856
1791022346,2026-10-03T18:12:25,docker.dev-peer0.org1.example.com-saksi-bulletin_1.0-ee3fe73bad456e43adfc5ba27d9e5a60983b69e8496140308fb21061ecb2ff85.blk_read_bytes,0.0
1791022346,2026-10-03T18:12:25,docker.dev-peer0.org1.example.com-saksi-bulletin_1.0-ee3fe73bad456e43adfc5ba27d9e5a60983b69e8496140308fb21061ecb2ff85.blk_write_bytes,0.0
1791022346,2026-10-03T18:12:25,docker.dev-peer0.org2.example.com-saksi-bulletin_1.0-ee3fe73bad456e43adfc5ba27d9e5a60983b69e8496140308fb21061ecb2ff85.cpu_pct,0.0
1791022346,2026-10-03T18:12:25,docker.dev-peer0.org2.example.com-saksi-bulletin_1.0-ee3fe73bad456e43adfc5ba27d9e5a60983b69e8496140308fb21061ecb2ff85.mem_bytes,6738149.376
1791022346,2026-10-03T18:12:25,docker.dev-peer0.org2.example.com-saksi-bulletin_1.0-ee3fe73bad456e43adfc5ba27d9e5a60983b69e8496140308fb21061ecb2ff85.blk_read_bytes,0.0
1791022346,2026-10-03T18:12:25,docker.dev-peer0.org2.example.com-saksi-bulletin_1.0-ee3fe73bad456e43adfc5ba27d9e5a60983b69e8496140308fb21061ecb2ff85.blk_write_bytes,0.0
1791022346,2026-10-03T18:12:25,docker.peer0.org1.example.com.cpu_pct,0.99
1791022346,2026-10-03T18:12:25,docker.peer0.org1.example.com.mem_bytes,50384076.8
1791022346,2026-10-03T18:12:25,docker.peer0.org1.example.com.blk_read_bytes,3760000.0
1791022346,2026-10-03T18:12:25,docker.peer0.org1.example.com.blk_write_bytes,5000000.0
1791022346,2026-10-03T18:12:25,docker.peer0.org2.example.com.cpu_pct,0.95
1791022346,2026-10-03T18:12:25,docker.peer0.org2.example.com.mem_bytes,42729472.0
1791022346,2026-10-03T18:12:25,docker.peer0.org2.example.com.blk_read_bytes,545000.0
1791022346,2026-10-03T18:12:25,docker.peer0.org2.example.com.blk_write_bytes,3610000.0
1791022346,2026-10-03T18:12:25,docker.orderer.example.com.cpu_pct,0.03
1791022346,2026-10-03T18:12:25,docker.orderer.example.com.mem_bytes,16661872.64
1791022346,2026-10-03T18:12:25,docker.orderer.example.com.blk_read_bytes,31400000.0
1791022346,2026-10-03T18:12:25,docker.orderer.example.com.blk_write_bytes,262000.0
1791022346,2026-10-03T18:12:25,wsl.MemTotal_kb,24608408
1791022346,2026-10-03T18:12:25,wsl.MemAvailable_kb,22889516
1791022346,2026-10-03T18:12:25,wsl.SwapTotal_kb,0
1791022346,2026-10-03T18:12:25,wsl.SwapFree_kb,0
1791022346,2026-10-03T18:12:25,wsl.Dirty_kb,542344
1791022346,2026-10-03T18:12:25,wsl.load1,6.79
1791022346,2026-10-03T18:12:25,wsl.load5,5.61
1791022346,2026-10-03T18:12:25,host.c_free_bytes,49305444352
1791022346,2026-10-03T18:12:25,host.q_free_bytes,418763845632
1791022346,2026-10-03T18:12:25,host.docker_vhdx_bytes,15592325120
1791022346,2026-10-03T18:12:25,host.ubuntu_vhdx_bytes,212983611392
1791022346,2026-10-03T18:12:25,win.Memory\Available MBytes,92.531668
1791022346,2026-10-03T18:12:25,win.PhysicalDisk(0 C:)\% Disk Time,20897.0
1791022346,2026-10-03T18:12:25,win.PhysicalDisk(1 Q:)\% Disk Time,1.271537
1791022346,2026-10-03T18:12:25,win.PhysicalDisk(_Total)\% Disk Time,0.315061
1791022346,2026-10-03T18:12:25,win.PhysicalDisk(0 C:)\Current Disk Queue Length,0.793299
1791022346,2026-10-03T18:12:25,win.PhysicalDisk(1 Q:)\Current Disk Queue Length,0.0
1791022346,2026-10-03T18:12:25,win.PhysicalDisk(_Total)\Current Disk Queue Length,0.0
1791022346,2026-10-03T18:12:25,win.Process(vmmemWSL)\% Processor Time,0.0
1791022356,2026-10-03T18:12:35,docker.dev-peer0.org1.example.com-saksi-bulletin_1.0-ee3fe73bad456e43adfc5ba27d9e5a60983b69e8496140308fb21061ecb2ff85.cpu_pct,0.0
1791022356,2026-10-03T18:12:35,docker.dev-peer0.org1.example.com-saksi-bulletin_1.0-ee3fe73bad456e43adfc5ba27d9e5a60983b69e8496140308fb21061ecb2ff85.mem_bytes,6717177.856
1791022356,2026-10-03T18:12:35,docker.dev-peer0.org1.example.com-saksi-bulletin_1.0-ee3fe73bad456e43adfc5ba27d9e5a60983b69e8496140308fb21061ecb2ff85.blk_read_bytes,0.0
1791022356,2026-10-03T18:12:35,docker.dev-peer0.org1.example.com-saksi-bulletin_1.0-ee3fe73bad456e43adfc5ba27d9e5a60983b69e8496140308fb21061ecb2ff85.blk_write_bytes,0.0
1791022356,2026-10-03T18:12:35,docker.dev-peer0.org2.example.com-saksi-bulletin_1.0-ee3fe73bad456e43adfc5ba27d9e5a60983b69e8496140308fb21061ecb2ff85.cpu_pct,0.0
1791022356,2026-10-03T18:12:35,docker.dev-peer0.org2.example.com-saksi-bulletin_1.0-ee3fe73bad456e43adfc5ba27d9e5a60983b69e8496140308fb21061ecb2ff85.mem_bytes,6738149.376
1791022356,2026-10-03T18:12:35,docker.dev-peer0.org2.example.com-saksi-bulletin_1.0-ee3fe73bad456e43adfc5ba27d9e5a60983b69e8496140308fb21061ecb2ff85.blk_read_bytes,0.0
1791022356,2026-10-03T18:12:35,docker.dev-peer0.org2.example.com-saksi-bulletin_1.0-ee3fe73bad456e43adfc5ba27d9e5a60983b69e8496140308fb21061ecb2ff85.blk_write_bytes,0.0
1791022356,2026-10-03T18:12:35,docker.peer0.org1.example.com.cpu_pct,0.98
1791022356,2026-10-03T18:12:35,docker.peer0.org1.example.com.mem_bytes,51422167.04
1791022356,2026-10-03T18:12:35,docker.peer0.org1.example.com.blk_read_bytes,3760000.0
1791022356,2026-10-03T18:12:35,docker.peer0.org1.example.com.blk_write_bytes,5000000.0
1791022356,2026-10-03T18:12:35,docker.peer0.org2.example.com.cpu_pct,0.99
1791022356,2026-10-03T18:12:35,docker.peer0.org2.example.com.mem_bytes,43778048.0
1791022356,2026-10-03T18:12:35,docker.peer0.org2.example.com.blk_read_bytes,545000.0
1791022356,2026-10-03T18:12:35,docker.peer0.org2.example.com.blk_write_bytes,3610000.0
1791022356,2026-10-03T18:12:35,docker.orderer.example.com.cpu_pct,0.03
1791022356,2026-10-03T18:12:35,docker.orderer.example.com.mem_bytes,16661872.64
1791022356,2026-10-03T18:12:35,docker.orderer.example.com.blk_read_bytes,31400000.0
1791022356,2026-10-03T18:12:35,docker.orderer.example.com.blk_write_bytes,262000.0
1791022356,2026-10-03T18:12:35,wsl.MemTotal_kb,24608408
1791022356,2026-10-03T18:12:35,wsl.MemAvailable_kb,22905816
1791022356,2026-10-03T18:12:35,wsl.SwapTotal_kb,0
1791022356,2026-10-03T18:12:35,wsl.SwapFree_kb,0
1791022356,2026-10-03T18:12:35,wsl.Dirty_kb,117348
1791022356,2026-10-03T18:12:35,wsl.load1,8.2
1791022356,2026-10-03T18:12:35,wsl.load5,5.96
1791022356,2026-10-03T18:12:35,host.c_free_bytes,49306066944
1791022356,2026-10-03T18:12:35,host.q_free_bytes,418763845632
1791022356,2026-10-03T18:12:35,host.docker_vhdx_bytes,15592325120
1791022356,2026-10-03T18:12:35,host.ubuntu_vhdx_bytes,212983611392
1791022356,2026-10-03T18:12:35,win.Memory\Available MBytes,94.183941
1791022356,2026-10-03T18:12:35,win.PhysicalDisk(0 C:)\% Disk Time,20598.0
1791022356,2026-10-03T18:12:35,win.PhysicalDisk(1 Q:)\% Disk Time,95.724532
1791022356,2026-10-03T18:12:35,win.PhysicalDisk(_Total)\% Disk Time,0.504402
1791022356,2026-10-03T18:12:35,win.PhysicalDisk(0 C:)\Current Disk Queue Length,48.114466
1791022356,2026-10-03T18:12:35,win.PhysicalDisk(1 Q:)\Current Disk Queue Length,0.0
1791022356,2026-10-03T18:12:35,win.PhysicalDisk(_Total)\Current Disk Queue Length,0.0
1791022356,2026-10-03T18:12:35,win.Process(vmmemWSL)\% Processor Time,0.0
1791022366,2026-10-03T18:12:45,docker.dev-peer0.org1.example.com-saksi-bulletin_1.0-ee3fe73bad456e43adfc5ba27d9e5a60983b69e8496140308fb21061ecb2ff85.cpu_pct,0.0
1791022366,2026-10-03T18:12:45,docker.dev-peer0.org1.example.com-saksi-bulletin_1.0-ee3fe73bad456e43adfc5ba27d9e5a60983b69e8496140308fb21061ecb2ff85.mem_bytes,7503609.856
1791022366,2026-10-03T18:12:45,docker.dev-peer0.org1.example.com-saksi-bulletin_1.0-ee3fe73bad456e43adfc5ba27d9e5a60983b69e8496140308fb21061ecb2ff85.blk_read_bytes,0.0
1791022366,2026-10-03T18:12:45,docker.dev-peer0.org1.example.com-saksi-bulletin_1.0-ee3fe73bad456e43adfc5ba27d9e5a60983b69e8496140308fb21061ecb2ff85.blk_write_bytes,0.0
1791022366,2026-10-03T18:12:45,docker.dev-peer0.org2.example.com-saksi-bulletin_1.0-ee3fe73bad456e43adfc5ba27d9e5a60983b69e8496140308fb21061ecb2ff85.cpu_pct,0.0
1791022366,2026-10-03T18:12:45,docker.dev-peer0.org2.example.com-saksi-bulletin_1.0-ee3fe73bad456e43adfc5ba27d9e5a60983b69e8496140308fb21061ecb2ff85.mem_bytes,7520387.072
1791022366,2026-10-03T18:12:45,docker.dev-peer0.org2.example.com-saksi-bulletin_1.0-ee3fe73bad456e43adfc5ba27d9e5a60983b69e8496140308fb21061ecb2ff85.blk_read_bytes,0.0
1791022366,2026-10-03T18:12:45,docker.dev-peer0.org2.example.com-saksi-bulletin_1.0-ee3fe73bad456e43adfc5ba27d9e5a60983b69e8496140308fb21061ecb2ff85.blk_write_bytes,0.0
1791022366,2026-10-03T18:12:45,docker.peer0.org1.example.com.cpu_pct,1.1
1791022366,2026-10-03T18:12:45,docker.peer0.org1.example.com.mem_bytes,51946455.04
1791022366,2026-10-03T18:12:45,docker.peer0.org1.example.com.blk_read_bytes,3760000.0
1791022366,2026-10-03T18:12:45,docker.peer0.org1.example.com.blk_write_bytes,5000000.0
1791022366,2026-10-03T18:12:45,docker.peer0.org2.example.com.cpu_pct,0.99
1791022366,2026-10-03T18:12:45,docker.peer0.org2.example.com.mem_bytes,44302336.0
1791022366,2026-10-03T18:12:45,docker.peer0.org2.example.com.blk_read_bytes,545000.0
1791022366,2026-10-03T18:12:45,docker.peer0.org2.example.com.blk_write_bytes,3610000.0
1791022366,2026-10-03T18:12:45,docker.orderer.example.com.cpu_pct,0.03
1791022366,2026-10-03T18:12:45,docker.orderer.example.com.mem_bytes,17186160.64
1791022366,2026-10-03T18:12:45,docker.orderer.example.com.blk_read_bytes,31400000.0
1791022366,2026-10-03T18:12:45,docker.orderer.example.com.blk_write_bytes,262000.0
1791022366,2026-10-03T18:12:45,wsl.MemTotal_kb,24608408
1791022366,2026-10-03T18:12:45,wsl.MemAvailable_kb,22906232
1791022366,2026-10-03T18:12:45,wsl.SwapTotal_kb,0
1791022366,2026-10-03T18:12:45,wsl.SwapFree_kb,0
1791022366,2026-10-03T18:12:45,wsl.Dirty_kb,345180
1791022366,2026-10-03T18:12:45,wsl.load1,9.4
1791022366,2026-10-03T18:12:45,wsl.load5,6.29
1791022366,2026-10-03T18:12:45,host.c_free_bytes,49305722880
1791022366,2026-10-03T18:12:45,host.q_free_bytes,418763845632
1791022366,2026-10-03T18:12:45,host.docker_vhdx_bytes,15592325120
1791022366,2026-10-03T18:12:45,host.ubuntu_vhdx_bytes,212983611392
1791022366,2026-10-03T18:12:45,win.Memory\Available MBytes,91.936512
1791022366,2026-10-03T18:12:45,win.PhysicalDisk(0 C:)\% Disk Time,20455.0
1791022366,2026-10-03T18:12:45,win.PhysicalDisk(1 Q:)\% Disk Time,1245.599082
1791022366,2026-10-03T18:12:45,win.PhysicalDisk(_Total)\% Disk Time,0.154715
1791022366,2026-10-03T18:12:45,win.PhysicalDisk(0 C:)\Current Disk Queue Length,622.876899
1791022366,2026-10-03T18:12:45,win.PhysicalDisk(1 Q:)\Current Disk Queue Length,0.0
1791022366,2026-10-03T18:12:45,win.PhysicalDisk(_Total)\Current Disk Queue Length,0.0
1791022366,2026-10-03T18:12:45,win.Process(vmmemWSL)\% Processor Time,0.0
1791022376,2026-10-03T18:12:55,docker.dev-peer0.org1.example.com-saksi-bulletin_1.0-ee3fe73bad456e43adfc5ba27d9e5a60983b69e8496140308fb21061ecb2ff85.cpu_pct,0.0
1791022376,2026-10-03T18:12:55,docker.dev-peer0.org1.example.com-saksi-bulletin_1.0-ee3fe73bad456e43adfc5ba27d9e5a60983b69e8496140308fb21061ecb2ff85.mem_bytes,7245660.16
1791022376,2026-10-03T18:12:55,docker.dev-peer0.org1.example.com-saksi-bulletin_1.0-ee3fe73bad456e43adfc5ba27d9e5a60983b69e8496140308fb21061ecb2ff85.blk_read_bytes,0.0
1791022376,2026-10-03T18:12:55,docker.dev-peer0.org1.example.com-saksi-bulletin_1.0-ee3fe73bad456e43adfc5ba27d9e5a60983b69e8496140308fb21061ecb2ff85.blk_write_bytes,0.0
1791022376,2026-10-03T18:12:55,docker.dev-peer0.org2.example.com-saksi-bulletin_1.0-ee3fe73bad456e43adfc5ba27d9e5a60983b69e8496140308fb21061ecb2ff85.cpu_pct,0.0
1791022376,2026-10-03T18:12:55,docker.dev-peer0.org2.example.com-saksi-bulletin_1.0-ee3fe73bad456e43adfc5ba27d9e5a60983b69e8496140308fb21061ecb2ff85.mem_bytes,7520387.072
1791022376,2026-10-03T18:12:55,docker.dev-peer0.org2.example.com-saksi-bulletin_1.0-ee3fe73bad456e43adfc5ba27d9e5a60983b69e8496140308fb21061ecb2ff85.blk_read_bytes,0.0
1791022376,2026-10-03T18:12:55,docker.dev-peer0.org2.example.com-saksi-bulletin_1.0-ee3fe73bad456e43adfc5ba27d9e5a60983b69e8496140308fb21061ecb2ff85.blk_write_bytes,0.0
1791022376,2026-10-03T18:12:55,docker.peer0.org1.example.com.cpu_pct,1.0
1791022376,2026-10-03T18:12:55,docker.peer0.org1.example.com.mem_bytes,52711915.52
1791022376,2026-10-03T18:12:55,docker.peer0.org1.example.com.blk_read_bytes,3760000.0
1791022376,2026-10-03T18:12:55,docker.peer0.org1.example.com.blk_write_bytes,5000000.0
1791022376,2026-10-03T18:12:55,docker.peer0.org2.example.com.cpu_pct,0.93
1791022376,2026-10-03T18:12:55,docker.peer0.org2.example.com.mem_bytes,44543508.48
1791022376,2026-10-03T18:12:55,docker.peer0.org2.example.com.blk_read_bytes,545000.0
1791022376,2026-10-03T18:12:55,docker.peer0.org2.example.com.blk_write_bytes,3610000.0
1791022376,2026-10-03T18:12:55,docker.orderer.example.com.cpu_pct,0.04
1791022376,2026-10-03T18:12:55,docker.orderer.example.com.mem_bytes,17186160.64
1791022376,2026-10-03T18:12:55,docker.orderer.example.com.blk_read_bytes,31400000.0
1791022376,2026-10-03T18:12:55,docker.orderer.example.com.blk_write_bytes,262000.0
1791022376,2026-10-03T18:12:55,wsl.MemTotal_kb,24608408
1791022376,2026-10-03T18:12:55,wsl.MemAvailable_kb,22901744
1791022376,2026-10-03T18:12:55,wsl.SwapTotal_kb,0
1791022376,2026-10-03T18:12:55,wsl.SwapFree_kb,0
1791022376,2026-10-03T18:12:55,wsl.Dirty_kb,574948
1791022376,2026-10-03T18:12:55,wsl.load1,10.42
1791022376,2026-10-03T18:12:55,wsl.load5,6.61
1791022376,2026-10-03T18:12:55,host.c_free_bytes,49305395200
1791022376,2026-10-03T18:12:55,host.q_free_bytes,418763845632
1791022376,2026-10-03T18:12:55,host.docker_vhdx_bytes,15592325120
1791022376,2026-10-03T18:12:55,host.ubuntu_vhdx_bytes,212983611392
1791022376,2026-10-03T18:12:55,win.Memory\Available MBytes,93.490548
1791022376,2026-10-03T18:12:55,win.PhysicalDisk(0 C:)\% Disk Time,20287.0
1791022376,2026-10-03T18:12:55,win.PhysicalDisk(1 Q:)\% Disk Time,4.422382
1791022376,2026-10-03T18:12:55,win.PhysicalDisk(_Total)\% Disk Time,0.0
1791022376,2026-10-03T18:12:55,win.PhysicalDisk(0 C:)\Current Disk Queue Length,2.211191
1791022376,2026-10-03T18:12:55,win.PhysicalDisk(1 Q:)\Current Disk Queue Length,0.0
1791022376,2026-10-03T18:12:55,win.PhysicalDisk(_Total)\Current Disk Queue Length,0.0
1791022376,2026-10-03T18:12:55,win.Process(vmmemWSL)\% Processor Time,0.0
1791022386,2026-10-03T18:13:05,docker.dev-peer0.org1.example.com-saksi-bulletin_1.0-ee3fe73bad456e43adfc5ba27d9e5a60983b69e8496140308fb21061ecb2ff85.cpu_pct,0.0
1791022386,2026-10-03T18:13:05,docker.dev-peer0.org1.example.com-saksi-bulletin_1.0-ee3fe73bad456e43adfc5ba27d9e5a60983b69e8496140308fb21061ecb2ff85.mem_bytes,6983516.16
1791022386,2026-10-03T18:13:05,docker.dev-peer0.org1.example.com-saksi-bulletin_1.0-ee3fe73bad456e43adfc5ba27d9e5a60983b69e8496140308fb21061ecb2ff85.blk_read_bytes,0.0
1791022386,2026-10-03T18:13:05,docker.dev-peer0.org1.example.com-saksi-bulletin_1.0-ee3fe73bad456e43adfc5ba27d9e5a60983b69e8496140308fb21061ecb2ff85.blk_write_bytes,0.0
1791022386,2026-10-03T18:13:05,docker.dev-peer0.org2.example.com-saksi-bulletin_1.0-ee3fe73bad456e43adfc5ba27d9e5a60983b69e8496140308fb21061ecb2ff85.cpu_pct,0.0
1791022386,2026-10-03T18:13:05,docker.dev-peer0.org2.example.com-saksi-bulletin_1.0-ee3fe73bad456e43adfc5ba27d9e5a60983b69e8496140308fb21061ecb2ff85.mem_bytes,7258243.072
1791022386,2026-10-03T18:13:05,docker.dev-peer0.org2.example.com-saksi-bulletin_1.0-ee3fe73bad456e43adfc5ba27d9e5a60983b69e8496140308fb21061ecb2ff85.blk_read_bytes,0.0
1791022386,2026-10-03T18:13:05,docker.dev-peer0.org2.example.com-saksi-bulletin_1.0-ee3fe73bad456e43adfc5ba27d9e5a60983b69e8496140308fb21061ecb2ff85.blk_write_bytes,0.0
1791022386,2026-10-03T18:13:05,docker.peer0.org1.example.com.cpu_pct,0.91
1791022386,2026-10-03T18:13:05,docker.peer0.org1.example.com.mem_bytes,53487861.76
1791022386,2026-10-03T18:13:05,docker.peer0.org1.example.com.blk_read_bytes,3760000.0
1791022386,2026-10-03T18:13:05,docker.peer0.org1.example.com.blk_write_bytes,5030000.0
1791022386,2026-10-03T18:13:05,docker.peer0.org2.example.com.cpu_pct,0.82
1791022386,2026-10-03T18:13:05,docker.peer0.org2.example.com.mem_bytes,45287997.44
1791022386,2026-10-03T18:13:05,docker.peer0.org2.example.com.blk_read_bytes,545000.0
1791022386,2026-10-03T18:13:05,docker.peer0.org2.example.com.blk_write_bytes,3610000.0
1791022386,2026-10-03T18:13:05,docker.orderer.example.com.cpu_pct,0.04
1791022386,2026-10-03T18:13:05,docker.orderer.example.com.mem_bytes,17186160.64
1791022386,2026-10-03T18:13:05,docker.orderer.example.com.blk_read_bytes,31400000.0
1791022386,2026-10-03T18:13:05,docker.orderer.example.com.blk_write_bytes,262000.0
1791022386,2026-10-03T18:13:05,wsl.MemTotal_kb,24608408
1791022386,2026-10-03T18:13:05,wsl.MemAvailable_kb,22903872
1791022386,2026-10-03T18:13:05,wsl.SwapTotal_kb,0
1791022386,2026-10-03T18:13:05,wsl.SwapFree_kb,0
1791022386,2026-10-03T18:13:05,wsl.Dirty_kb,92108
1791022386,2026-10-03T18:13:05,wsl.load1,11.28
1791022386,2026-10-03T18:13:05,wsl.load5,6.92
1791022386,2026-10-03T18:13:05,host.c_free_bytes,49305001984
1791022386,2026-10-03T18:13:05,host.q_free_bytes,418763845632
1791022386,2026-10-03T18:13:05,host.docker_vhdx_bytes,15592325120
1791022386,2026-10-03T18:13:05,host.ubuntu_vhdx_bytes,212983611392
1791022386,2026-10-03T18:13:05,win.Memory\Available MBytes,91.205059
1791022386,2026-10-03T18:13:05,win.PhysicalDisk(0 C:)\% Disk Time,20050.0
1791022386,2026-10-03T18:13:05,win.PhysicalDisk(1 Q:)\% Disk Time,0.144678
1791022386,2026-10-03T18:13:05,win.PhysicalDisk(_Total)\% Disk Time,0.0
1791022386,2026-10-03T18:13:05,win.PhysicalDisk(0 C:)\Current Disk Queue Length,0.072339
1791022386,2026-10-03T18:13:05,win.PhysicalDisk(1 Q:)\Current Disk Queue Length,0.0
1791022386,2026-10-03T18:13:05,win.PhysicalDisk(_Total)\Current Disk Queue Length,0.0
1791022386,2026-10-03T18:13:05,win.Process(vmmemWSL)\% Processor Time,0.0
1791022396,2026-10-03T18:13:15,docker.dev-peer0.org1.example.com-saksi-bulletin_1.0-ee3fe73bad456e43adfc5ba27d9e5a60983b69e8496140308fb21061ecb2ff85.cpu_pct,0.0
1791022396,2026-10-03T18:13:15,docker.dev-peer0.org1.example.com-saksi-bulletin_1.0-ee3fe73bad456e43adfc5ba27d9e5a60983b69e8496140308fb21061ecb2ff85.mem_bytes,6983516.16
1791022396,2026-10-03T18:13:15,docker.dev-peer0.org1.example.com-saksi-bulletin_1.0-ee3fe73bad456e43adfc5ba27d9e5a60983b69e8496140308fb21061ecb2ff85.blk_read_bytes,0.0
1791022396,2026-10-03T18:13:15,docker.dev-peer0.org1.example.com-saksi-bulletin_1.0-ee3fe73bad456e43adfc5ba27d9e5a60983b69e8496140308fb21061ecb2ff85.blk_write_bytes,0.0
1791022396,2026-10-03T18:13:15,docker.dev-peer0.org2.example.com-saksi-bulletin_1.0-ee3fe73bad456e43adfc5ba27d9e5a60983b69e8496140308fb21061ecb2ff85.cpu_pct,0.0
1791022396,2026-10-03T18:13:15,docker.dev-peer0.org2.example.com-saksi-bulletin_1.0-ee3fe73bad456e43adfc5ba27d9e5a60983b69e8496140308fb21061ecb2ff85.mem_bytes,7258243.072
1791022396,2026-10-03T18:13:15,docker.dev-peer0.org2.example.com-saksi-bulletin_1.0-ee3fe73bad456e43adfc5ba27d9e5a60983b69e8496140308fb21061ecb2ff85.blk_read_bytes,0.0
1791022396,2026-10-03T18:13:15,docker.dev-peer0.org2.example.com-saksi-bulletin_1.0-ee3fe73bad456e43adfc5ba27d9e5a60983b69e8496140308fb21061ecb2ff85.blk_write_bytes,0.0
1791022396,2026-10-03T18:13:15,docker.peer0.org1.example.com.cpu_pct,1.01
1791022396,2026-10-03T18:13:15,docker.peer0.org1.example.com.mem_bytes,52942602.24
1791022396,2026-10-03T18:13:15,docker.peer0.org1.example.com.blk_read_bytes,3760000.0
1791022396,2026-10-03T18:13:15,docker.peer0.org1.example.com.blk_write_bytes,5030000.0
1791022396,2026-10-03T18:13:15,docker.peer0.org2.example.com.cpu_pct,0.87
1791022396,2026-10-03T18:13:15,docker.peer0.org2.example.com.mem_bytes,45539655.68
1791022396,2026-10-03T18:13:15,docker.peer0.org2.example.com.blk_read_bytes,545000.0
1791022396,2026-10-03T18:13:15,docker.peer0.org2.example.com.blk_write_bytes,3610000.0
1791022396,2026-10-03T18:13:15,docker.orderer.example.com.cpu_pct,0.03
1791022396,2026-10-03T18:13:15,docker.orderer.example.com.mem_bytes,17186160.64
1791022396,2026-10-03T18:13:15,docker.orderer.example.com.blk_read_bytes,31400000.0
1791022396,2026-10-03T18:13:15,docker.orderer.example.com.blk_write_bytes,262000.0
1791022396,2026-10-03T18:13:15,wsl.MemTotal_kb,24608408
1791022396,2026-10-03T18:13:15,wsl.MemAvailable_kb,22911376
1791022396,2026-10-03T18:13:15,wsl.SwapTotal_kb,0
1791022396,2026-10-03T18:13:15,wsl.SwapFree_kb,0
1791022396,2026-10-03T18:13:15,wsl.Dirty_kb,322120
1791022396,2026-10-03T18:13:15,wsl.load1,12.0
1791022396,2026-10-03T18:13:15,wsl.load5,7.22
1791022396,2026-10-03T18:13:15,host.c_free_bytes,49304608768
1791022396,2026-10-03T18:13:15,host.q_free_bytes,418763845632
1791022396,2026-10-03T18:13:15,host.docker_vhdx_bytes,15592325120
1791022396,2026-10-03T18:13:15,host.ubuntu_vhdx_bytes,212983611392
1791022396,2026-10-03T18:13:15,win.Memory\Available MBytes,91.742901
1791022396,2026-10-03T18:13:15,win.PhysicalDisk(0 C:)\% Disk Time,19774.0
1791022396,2026-10-03T18:13:15,win.PhysicalDisk(1 Q:)\% Disk Time,1970.688567
1791022396,2026-10-03T18:13:15,win.PhysicalDisk(_Total)\% Disk Time,0.098374
1791022396,2026-10-03T18:13:15,win.PhysicalDisk(0 C:)\Current Disk Queue Length,985.393471
1791022396,2026-10-03T18:13:15,win.PhysicalDisk(1 Q:)\Current Disk Queue Length,0.0
1791022396,2026-10-03T18:13:15,win.PhysicalDisk(_Total)\Current Disk Queue Length,0.0
1791022396,2026-10-03T18:13:15,win.Process(vmmemWSL)\% Processor Time,0.0
1791022406,2026-10-03T18:13:25,docker.dev-peer0.org1.example.com-saksi-bulletin_1.0-ee3fe73bad456e43adfc5ba27d9e5a60983b69e8496140308fb21061ecb2ff85.cpu_pct,0.0
1791022406,2026-10-03T18:13:25,docker.dev-peer0.org1.example.com-saksi-bulletin_1.0-ee3fe73bad456e43adfc5ba27d9e5a60983b69e8496140308fb21061ecb2ff85.mem_bytes,6983516.16
1791022406,2026-10-03T18:13:25,docker.dev-peer0.org1.example.com-saksi-bulletin_1.0-ee3fe73bad456e43adfc5ba27d9e5a60983b69e8496140308fb21061ecb2ff85.blk_read_bytes,0.0
1791022406,2026-10-03T18:13:25,docker.dev-peer0.org1.example.com-saksi-bulletin_1.0-ee3fe73bad456e43adfc5ba27d9e5a60983b69e8496140308fb21061ecb2ff85.blk_write_bytes,0.0
1791022406,2026-10-03T18:13:25,docker.dev-peer0.org2.example.com-saksi-bulletin_1.0-ee3fe73bad456e43adfc5ba27d9e5a60983b69e8496140308fb21061ecb2ff85.cpu_pct,0.0
1791022406,2026-10-03T18:13:25,docker.dev-peer0.org2.example.com-saksi-bulletin_1.0-ee3fe73bad456e43adfc5ba27d9e5a60983b69e8496140308fb21061ecb2ff85.mem_bytes,7258243.072
1791022406,2026-10-03T18:13:25,docker.dev-peer0.org2.example.com-saksi-bulletin_1.0-ee3fe73bad456e43adfc5ba27d9e5a60983b69e8496140308fb21061ecb2ff85.blk_read_bytes,0.0
1791022406,2026-10-03T18:13:25,docker.dev-peer0.org2.example.com-saksi-bulletin_1.0-ee3fe73bad456e43adfc5ba27d9e5a60983b69e8496140308fb21061ecb2ff85.blk_write_bytes,0.0
1791022406,2026-10-03T18:13:25,docker.peer0.org1.example.com.cpu_pct,0.99
1791022406,2026-10-03T18:13:25,docker.peer0.org1.example.com.mem_bytes,52690944.0
1791022406,2026-10-03T18:13:25,docker.peer0.org1.example.com.blk_read_bytes,3760000.0
1791022406,2026-10-03T18:13:25,docker.peer0.org1.example.com.blk_write_bytes,5030000.0
1791022406,2026-10-03T18:13:25,docker.peer0.org2.example.com.cpu_pct,1.09
1791022406,2026-10-03T18:13:25,docker.peer0.org2.example.com.mem_bytes,45529169.92
1791022406,2026-10-03T18:13:25,docker.peer0.org2.example.com.blk_read_bytes,545000.0
1791022406,2026-10-03T18:13:25,docker.peer0.org2.example.com.blk_write_bytes,3610000.0
1791022406,2026-10-03T18:13:25,docker.orderer.example.com.cpu_pct,0.03
1791022406,2026-10-03T18:13:25,docker.orderer.example.com.mem_bytes,17186160.64
1791022406,2026-10-03T18:13:25,docker.orderer.example.com.blk_read_bytes,31400000.0
1791022406,2026-10-03T18:13:25,docker.orderer.example.com.blk_write_bytes,262000.0
1791022406,2026-10-03T18:13:25,wsl.MemTotal_kb,24608408
1791022406,2026-10-03T18:13:25,wsl.MemAvailable_kb,22900724
1791022406,2026-10-03T18:13:25,wsl.SwapTotal_kb,0
1791022406,2026-10-03T18:13:25,wsl.SwapFree_kb,0
1791022406,2026-10-03T18:13:25,wsl.Dirty_kb,552112
1791022406,2026-10-03T18:13:25,wsl.load1,11.42
1791022406,2026-10-03T18:13:25,wsl.load5,7.26
1791022406,2026-10-03T18:13:25,host.c_free_bytes,49305329664
1791022406,2026-10-03T18:13:25,host.q_free_bytes,418763845632
1791022406,2026-10-03T18:13:25,host.docker_vhdx_bytes,15592325120
1791022406,2026-10-03T18:13:25,host.ubuntu_vhdx_bytes,212983611392
1791022406,2026-10-03T18:13:25,win.Memory\Available MBytes,94.126314
1791022406,2026-10-03T18:13:25,win.PhysicalDisk(0 C:)\% Disk Time,19574.0
1791022406,2026-10-03T18:13:25,win.PhysicalDisk(1 Q:)\% Disk Time,0.124684
1791022406,2026-10-03T18:13:25,win.PhysicalDisk(_Total)\% Disk Time,0.0
1791022406,2026-10-03T18:13:25,win.PhysicalDisk(0 C:)\Current Disk Queue Length,0.062342
1791022406,2026-10-03T18:13:25,win.PhysicalDisk(1 Q:)\Current Disk Queue Length,0.0
1791022406,2026-10-03T18:13:25,win.PhysicalDisk(_Total)\Current Disk Queue Length,0.0
1791022406,2026-10-03T18:13:25,win.Process(vmmemWSL)\% Processor Time,0.0
1791022416,2026-10-03T18:13:35,docker.dev-peer0.org1.example.com-saksi-bulletin_1.0-ee3fe73bad456e43adfc5ba27d9e5a60983b69e8496140308fb21061ecb2ff85.cpu_pct,0.0
1791022416,2026-10-03T18:13:35,docker.dev-peer0.org1.example.com-saksi-bulletin_1.0-ee3fe73bad456e43adfc5ba27d9e5a60983b69e8496140308fb21061ecb2ff85.mem_bytes,6983516.16
1791022416,2026-10-03T18:13:35,docker.dev-peer0.org1.example.com-saksi-bulletin_1.0-ee3fe73bad456e43adfc5ba27d9e5a60983b69e8496140308fb21061ecb2ff85.blk_read_bytes,0.0
1791022416,2026-10-03T18:13:35,docker.dev-peer0.org1.example.com-saksi-bulletin_1.0-ee3fe73bad456e43adfc5ba27d9e5a60983b69e8496140308fb21061ecb2ff85.blk_write_bytes,0.0
1791022416,2026-10-03T18:13:35,docker.dev-peer0.org2.example.com-saksi-bulletin_1.0-ee3fe73bad456e43adfc5ba27d9e5a60983b69e8496140308fb21061ecb2ff85.cpu_pct,0.0
1791022416,2026-10-03T18:13:35,docker.dev-peer0.org2.example.com-saksi-bulletin_1.0-ee3fe73bad456e43adfc5ba27d9e5a60983b69e8496140308fb21061ecb2ff85.mem_bytes,7258243.072
1791022416,2026-10-03T18:13:35,docker.dev-peer0.org2.example.com-saksi-bulletin_1.0-ee3fe73bad456e43adfc5ba27d9e5a60983b69e8496140308fb21061ecb2ff85.blk_read_bytes,0.0
1791022416,2026-10-03T18:13:35,docker.dev-peer0.org2.example.com-saksi-bulletin_1.0-ee3fe73bad456e43adfc5ba27d9e5a60983b69e8496140308fb21061ecb2ff85.blk_write_bytes,0.0
1791022416,2026-10-03T18:13:35,docker.peer0.org1.example.com.cpu_pct,0.92
1791022416,2026-10-03T18:13:35,docker.peer0.org1.example.com.mem_bytes,53204746.24
1791022416,2026-10-03T18:13:35,docker.peer0.org1.example.com.blk_read_bytes,3760000.0
1791022416,2026-10-03T18:13:35,docker.peer0.org1.example.com.blk_write_bytes,5030000.0
1791022416,2026-10-03T18:13:35,docker.peer0.org2.example.com.cpu_pct,0.91
1791022416,2026-10-03T18:13:35,docker.peer0.org2.example.com.mem_bytes,45780828.16
1791022416,2026-10-03T18:13:35,docker.peer0.org2.example.com.blk_read_bytes,545000.0
1791022416,2026-10-03T18:13:35,docker.peer0.org2.example.com.blk_write_bytes,3610000.0
1791022416,2026-10-03T18:13:35,docker.orderer.example.com.cpu_pct,0.04
1791022416,2026-10-03T18:13:35,docker.orderer.example.com.mem_bytes,17186160.64
1791022416,2026-10-03T18:13:35,docker.orderer.example.com.blk_read_bytes,31400000.0
1791022416,2026-10-03T18:13:35,docker.orderer.example.com.blk_write_bytes,262000.0
1791022416,2026-10-03T18:13:35,wsl.MemTotal_kb,24608408
1791022416,2026-10-03T18:13:35,wsl.MemAvailable_kb,22908024
1791022416,2026-10-03T18:13:35,wsl.SwapTotal_kb,0
1791022416,2026-10-03T18:13:35,wsl.SwapFree_kb,0
1791022416,2026-10-03T18:13:35,wsl.Dirty_kb,57248
1791022416,2026-10-03T18:13:35,wsl.load1,12.12
1791022416,2026-10-03T18:13:35,wsl.load5,7.55
1791022416,2026-10-03T18:13:35,host.c_free_bytes,49306046464
1791022416,2026-10-03T18:13:35,host.q_free_bytes,418763845632
1791022416,2026-10-03T18:13:35,host.docker_vhdx_bytes,15592325120
1791022416,2026-10-03T18:13:35,host.ubuntu_vhdx_bytes,212983611392
1791022416,2026-10-03T18:13:35,win.Memory\Available MBytes,91.763902
1791022416,2026-10-03T18:13:35,win.PhysicalDisk(0 C:)\% Disk Time,19376.0
1791022416,2026-10-03T18:13:35,win.PhysicalDisk(1 Q:)\% Disk Time,0.101878
1791022416,2026-10-03T18:13:35,win.PhysicalDisk(_Total)\% Disk Time,0.0
1791022416,2026-10-03T18:13:35,win.PhysicalDisk(0 C:)\Current Disk Queue Length,0.050939
1791022416,2026-10-03T18:13:35,win.PhysicalDisk(1 Q:)\Current Disk Queue Length,0.0
1791022416,2026-10-03T18:13:35,win.PhysicalDisk(_Total)\Current Disk Queue Length,0.0
1791022416,2026-10-03T18:13:35,win.Process(vmmemWSL)\% Processor Time,0.0
1791022426,2026-10-03T18:13:45,docker.dev-peer0.org1.example.com-saksi-bulletin_1.0-ee3fe73bad456e43adfc5ba27d9e5a60983b69e8496140308fb21061ecb2ff85.cpu_pct,0.0
1791022426,2026-10-03T18:13:45,docker.dev-peer0.org1.example.com-saksi-bulletin_1.0-ee3fe73bad456e43adfc5ba27d9e5a60983b69e8496140308fb21061ecb2ff85.mem_bytes,7245660.16
1791022426,2026-10-03T18:13:45,docker.dev-peer0.org1.example.com-saksi-bulletin_1.0-ee3fe73bad456e43adfc5ba27d9e5a60983b69e8496140308fb21061ecb2ff85.blk_read_bytes,0.0
1791022426,2026-10-03T18:13:45,docker.dev-peer0.org1.example.com-saksi-bulletin_1.0-ee3fe73bad456e43adfc5ba27d9e5a60983b69e8496140308fb21061ecb2ff85.blk_write_bytes,0.0
1791022426,2026-10-03T18:13:45,docker.dev-peer0.org2.example.com-saksi-bulletin_1.0-ee3fe73bad456e43adfc5ba27d9e5a60983b69e8496140308fb21061ecb2ff85.cpu_pct,0.0
1791022426,2026-10-03T18:13:45,docker.dev-peer0.org2.example.com-saksi-bulletin_1.0-ee3fe73bad456e43adfc5ba27d9e5a60983b69e8496140308fb21061ecb2ff85.mem_bytes,7258243.072
1791022426,2026-10-03T18:13:45,docker.dev-peer0.org2.example.com-saksi-bulletin_1.0-ee3fe73bad456e43adfc5ba27d9e5a60983b69e8496140308fb21061ecb2ff85.blk_read_bytes,0.0
1791022426,2026-10-03T18:13:45,docker.dev-peer0.org2.example.com-saksi-bulletin_1.0-ee3fe73bad456e43adfc5ba27d9e5a60983b69e8496140308fb21061ecb2ff85.blk_write_bytes,0.0
1791022426,2026-10-03T18:13:45,docker.peer0.org1.example.com.cpu_pct,0.94
1791022426,2026-10-03T18:13:45,docker.peer0.org1.example.com.mem_bytes,52460257.28
1791022426,2026-10-03T18:13:45,docker.peer0.org1.example.com.blk_read_bytes,3760000.0
1791022426,2026-10-03T18:13:45,docker.peer0.org1.example.com.blk_write_bytes,5030000.0
1791022426,2026-10-03T18:13:45,docker.peer0.org2.example.com.cpu_pct,1.05
1791022426,2026-10-03T18:13:45,docker.peer0.org2.example.com.mem_bytes,45770342.4
1791022426,2026-10-03T18:13:45,docker.peer0.org2.example.com.blk_read_bytes,545000.0
1791022426,2026-10-03T18:13:45,docker.peer0.org2.example.com.blk_write_bytes,3610000.0
1791022426,2026-10-03T18:13:45,docker.orderer.example.com.cpu_pct,0.04
1791022426,2026-10-03T18:13:45,docker.orderer.example.com.mem_bytes,17951621.12
1791022426,2026-10-03T18:13:45,docker.orderer.example.com.blk_read_bytes,31400000.0
1791022426,2026-10-03T18:13:45,docker.orderer.example.com.blk_write_bytes,262000.0
1791022426,2026-10-03T18:13:45,wsl.MemTotal_kb,24608408
1791022426,2026-10-03T18:13:45,wsl.MemAvailable_kb,22910584
1791022426,2026-10-03T18:13:45,wsl.SwapTotal_kb,0
1791022426,2026-10-03T18:13:45,wsl.SwapFree_kb,0
1791022426,2026-10-03T18:13:45,wsl.Dirty_kb,287276
1791022426,2026-10-03T18:13:45,wsl.load1,12.72
1791022426,2026-10-03T18:13:45,wsl.load5,7.83
1791022426,2026-10-03T18:13:45,host.c_free_bytes,49305649152
1791022426,2026-10-03T18:13:45,host.q_free_bytes,418763845632
1791022426,2026-10-03T18:13:45,host.docker_vhdx_bytes,15592325120
1791022426,2026-10-03T18:13:45,host.ubuntu_vhdx_bytes,212983611392
1791022426,2026-10-03T18:13:45,win.Memory\Available MBytes,91.820134
1791022426,2026-10-03T18:13:45,win.PhysicalDisk(0 C:)\% Disk Time,19154.0
1791022426,2026-10-03T18:13:45,win.PhysicalDisk(1 Q:)\% Disk Time,1577.876616
1791022426,2026-10-03T18:13:45,win.PhysicalDisk(_Total)\% Disk Time,0.0
1791022426,2026-10-03T18:13:45,win.PhysicalDisk(0 C:)\Current Disk Queue Length,788.938309
1791022426,2026-10-03T18:13:45,win.PhysicalDisk(1 Q:)\Current Disk Queue Length,0.0
1791022426,2026-10-03T18:13:45,win.PhysicalDisk(_Total)\Current Disk Queue Length,0.0
1791022426,2026-10-03T18:13:45,win.Process(vmmemWSL)\% Processor Time,0.0
1791022436,2026-10-03T18:13:55,docker.dev-peer0.org1.example.com-saksi-bulletin_1.0-ee3fe73bad456e43adfc5ba27d9e5a60983b69e8496140308fb21061ecb2ff85.cpu_pct,0.0
1791022436,2026-10-03T18:13:55,docker.dev-peer0.org1.example.com-saksi-bulletin_1.0-ee3fe73bad456e43adfc5ba27d9e5a60983b69e8496140308fb21061ecb2ff85.mem_bytes,7245660.16
1791022436,2026-10-03T18:13:55,docker.dev-peer0.org1.example.com-saksi-bulletin_1.0-ee3fe73bad456e43adfc5ba27d9e5a60983b69e8496140308fb21061ecb2ff85.blk_read_bytes,0.0
1791022436,2026-10-03T18:13:55,docker.dev-peer0.org1.example.com-saksi-bulletin_1.0-ee3fe73bad456e43adfc5ba27d9e5a60983b69e8496140308fb21061ecb2ff85.blk_write_bytes,0.0
1791022436,2026-10-03T18:13:55,docker.dev-peer0.org2.example.com-saksi-bulletin_1.0-ee3fe73bad456e43adfc5ba27d9e5a60983b69e8496140308fb21061ecb2ff85.cpu_pct,0.0
1791022436,2026-10-03T18:13:55,docker.dev-peer0.org2.example.com-saksi-bulletin_1.0-ee3fe73bad456e43adfc5ba27d9e5a60983b69e8496140308fb21061ecb2ff85.mem_bytes,7258243.072
1791022436,2026-10-03T18:13:55,docker.dev-peer0.org2.example.com-saksi-bulletin_1.0-ee3fe73bad456e43adfc5ba27d9e5a60983b69e8496140308fb21061ecb2ff85.blk_read_bytes,0.0
1791022436,2026-10-03T18:13:55,docker.dev-peer0.org2.example.com-saksi-bulletin_1.0-ee3fe73bad456e43adfc5ba27d9e5a60983b69e8496140308fb21061ecb2ff85.blk_write_bytes,0.0
1791022436,2026-10-03T18:13:55,docker.peer0.org1.example.com.cpu_pct,0.93
1791022436,2026-10-03T18:13:55,docker.peer0.org1.example.com.mem_bytes,52460257.28
1791022436,2026-10-03T18:13:55,docker.peer0.org1.example.com.blk_read_bytes,3760000.0
1791022436,2026-10-03T18:13:55,docker.peer0.org1.example.com.blk_write_bytes,5030000.0
1791022436,2026-10-03T18:13:55,docker.peer0.org2.example.com.cpu_pct,0.96
1791022436,2026-10-03T18:13:55,docker.peer0.org2.example.com.mem_bytes,44994396.16
1791022436,2026-10-03T18:13:55,docker.peer0.org2.example.com.blk_read_bytes,545000.0
1791022436,2026-10-03T18:13:55,docker.peer0.org2.example.com.blk_write_bytes,3610000.0
1791022436,2026-10-03T18:13:55,docker.orderer.example.com.cpu_pct,0.03
1791022436,2026-10-03T18:13:55,docker.orderer.example.com.mem_bytes,17951621.12
1791022436,2026-10-03T18:13:55,docker.orderer.example.com.blk_read_bytes,31400000.0
1791022436,2026-10-03T18:13:55,docker.orderer.example.com.blk_write_bytes,262000.0
1791022436,2026-10-03T18:13:55,wsl.MemTotal_kb,24608408
1791022436,2026-10-03T18:13:55,wsl.MemAvailable_kb,22912304
1791022436,2026-10-03T18:13:55,wsl.SwapTotal_kb,0
1791022436,2026-10-03T18:13:55,wsl.SwapFree_kb,0
1791022436,2026-10-03T18:13:55,wsl.Dirty_kb,517232
1791022436,2026-10-03T18:13:55,wsl.load1,13.22
1791022436,2026-10-03T18:13:55,wsl.load5,8.09
1791022436,2026-10-03T18:13:55,host.c_free_bytes,49305034752
1791022436,2026-10-03T18:13:55,host.q_free_bytes,418763845632
1791022436,2026-10-03T18:13:55,host.docker_vhdx_bytes,15592325120
1791022436,2026-10-03T18:13:55,host.ubuntu_vhdx_bytes,212983611392
1791022436,2026-10-03T18:13:55,win.Memory\Available MBytes,93.672263
1791022436,2026-10-03T18:13:55,win.PhysicalDisk(0 C:)\% Disk Time,19067.0
1791022436,2026-10-03T18:13:55,win.PhysicalDisk(1 Q:)\% Disk Time,0.126611
1791022436,2026-10-03T18:13:55,win.PhysicalDisk(_Total)\% Disk Time,0.0
1791022436,2026-10-03T18:13:55,win.PhysicalDisk(0 C:)\Current Disk Queue Length,0.063305
1791022436,2026-10-03T18:13:55,win.PhysicalDisk(1 Q:)\Current Disk Queue Length,0.0
1791022436,2026-10-03T18:13:55,win.PhysicalDisk(_Total)\Current Disk Queue Length,0.0
1791022436,2026-10-03T18:13:55,win.Process(vmmemWSL)\% Processor Time,0.0
1791022446,2026-10-03T18:14:05,docker.dev-peer0.org1.example.com-saksi-bulletin_1.0-ee3fe73bad456e43adfc5ba27d9e5a60983b69e8496140308fb21061ecb2ff85.cpu_pct,0.0
1791022446,2026-10-03T18:14:05,docker.dev-peer0.org1.example.com-saksi-bulletin_1.0-ee3fe73bad456e43adfc5ba27d9e5a60983b69e8496140308fb21061ecb2ff85.mem_bytes,7245660.16
1791022446,2026-10-03T18:14:05,docker.dev-peer0.org1.example.com-saksi-bulletin_1.0-ee3fe73bad456e43adfc5ba27d9e5a60983b69e8496140308fb21061ecb2ff85.blk_read_bytes,0.0
1791022446,2026-10-03T18:14:05,docker.dev-peer0.org1.example.com-saksi-bulletin_1.0-ee3fe73bad456e43adfc5ba27d9e5a60983b69e8496140308fb21061ecb2ff85.blk_write_bytes,0.0
1791022446,2026-10-03T18:14:05,docker.dev-peer0.org2.example.com-saksi-bulletin_1.0-ee3fe73bad456e43adfc5ba27d9e5a60983b69e8496140308fb21061ecb2ff85.cpu_pct,0.0
1791022446,2026-10-03T18:14:05,docker.dev-peer0.org2.example.com-saksi-bulletin_1.0-ee3fe73bad456e43adfc5ba27d9e5a60983b69e8496140308fb21061ecb2ff85.mem_bytes,7258243.072
1791022446,2026-10-03T18:14:05,docker.dev-peer0.org2.example.com-saksi-bulletin_1.0-ee3fe73bad456e43adfc5ba27d9e5a60983b69e8496140308fb21061ecb2ff85.blk_read_bytes,0.0
1791022446,2026-10-03T18:14:05,docker.dev-peer0.org2.example.com-saksi-bulletin_1.0-ee3fe73bad456e43adfc5ba27d9e5a60983b69e8496140308fb21061ecb2ff85.blk_write_bytes,0.0
1791022446,2026-10-03T18:14:05,docker.peer0.org1.example.com.cpu_pct,0.96
1791022446,2026-10-03T18:14:05,docker.peer0.org1.example.com.mem_bytes,52974059.52
1791022446,2026-10-03T18:14:05,docker.peer0.org1.example.com.blk_read_bytes,3760000.0
1791022446,2026-10-03T18:14:05,docker.peer0.org1.example.com.blk_write_bytes,5030000.0
1791022446,2026-10-03T18:14:05,docker.peer0.org2.example.com.cpu_pct,0.99
1791022446,2026-10-03T18:14:05,docker.peer0.org2.example.com.mem_bytes,45518684.16
1791022446,2026-10-03T18:14:05,docker.peer0.org2.example.com.blk_read_bytes,545000.0
1791022446,2026-10-03T18:14:05,docker.peer0.org2.example.com.blk_write_bytes,3610000.0
1791022446,2026-10-03T18:14:05,docker.orderer.example.com.cpu_pct,0.03
1791022446,2026-10-03T18:14:05,docker.orderer.example.com.mem_bytes,17699962.88
1791022446,2026-10-03T18:14:05,docker.orderer.example.com.blk_read_bytes,31400000.0
1791022446,2026-10-03T18:14:05,docker.orderer.example.com.blk_write_bytes,262000.0
1791022446,2026-10-03T18:14:05,wsl.MemTotal_kb,24608408
1791022446,2026-10-03T18:14:05,wsl.MemAvailable_kb,22920356
1791022446,2026-10-03T18:14:05,wsl.SwapTotal_kb,0
1791022446,2026-10-03T18:14:05,wsl.SwapFree_kb,0
1791022446,2026-10-03T18:14:05,wsl.Dirty_kb,689728
1791022446,2026-10-03T18:14:05,wsl.load1,13.65
1791022446,2026-10-03T18:14:05,wsl.load5,8.36
1791022446,2026-10-03T18:14:05,host.c_free_bytes,49304707072
1791022446,2026-10-03T18:14:05,host.q_free_bytes,418763845632
1791022446,2026-10-03T18:14:05,host.docker_vhdx_bytes,15592325120
1791022446,2026-10-03T18:14:05,host.ubuntu_vhdx_bytes,212983611392
1791022446,2026-10-03T18:14:05,win.Memory\Available MBytes,92.260861
1791022446,2026-10-03T18:14:05,win.PhysicalDisk(0 C:)\% Disk Time,18795.0
1791022446,2026-10-03T18:14:05,win.PhysicalDisk(1 Q:)\% Disk Time,0.118166
1791022446,2026-10-03T18:14:05,win.PhysicalDisk(_Total)\% Disk Time,0.0
1791022446,2026-10-03T18:14:05,win.PhysicalDisk(0 C:)\Current Disk Queue Length,0.059083
1791022446,2026-10-03T18:14:05,win.PhysicalDisk(1 Q:)\Current Disk Queue Length,0.0
1791022446,2026-10-03T18:14:05,win.PhysicalDisk(_Total)\Current Disk Queue Length,0.0
1791022446,2026-10-03T18:14:05,win.Process(vmmemWSL)\% Processor Time,0.0
1791022456,2026-10-03T18:14:15,docker.dev-peer0.org1.example.com-saksi-bulletin_1.0-ee3fe73bad456e43adfc5ba27d9e5a60983b69e8496140308fb21061ecb2ff85.cpu_pct,0.0
1791022456,2026-10-03T18:14:15,docker.dev-peer0.org1.example.com-saksi-bulletin_1.0-ee3fe73bad456e43adfc5ba27d9e5a60983b69e8496140308fb21061ecb2ff85.mem_bytes,7245660.16
1791022456,2026-10-03T18:14:15,docker.dev-peer0.org1.example.com-saksi-bulletin_1.0-ee3fe73bad456e43adfc5ba27d9e5a60983b69e8496140308fb21061ecb2ff85.blk_read_bytes,0.0
1791022456,2026-10-03T18:14:15,docker.dev-peer0.org1.example.com-saksi-bulletin_1.0-ee3fe73bad456e43adfc5ba27d9e5a60983b69e8496140308fb21061ecb2ff85.blk_write_bytes,0.0
1791022456,2026-10-03T18:14:15,docker.dev-peer0.org2.example.com-saksi-bulletin_1.0-ee3fe73bad456e43adfc5ba27d9e5a60983b69e8496140308fb21061ecb2ff85.cpu_pct,0.0
1791022456,2026-10-03T18:14:15,docker.dev-peer0.org2.example.com-saksi-bulletin_1.0-ee3fe73bad456e43adfc5ba27d9e5a60983b69e8496140308fb21061ecb2ff85.mem_bytes,7258243.072
1791022456,2026-10-03T18:14:15,docker.dev-peer0.org2.example.com-saksi-bulletin_1.0-ee3fe73bad456e43adfc5ba27d9e5a60983b69e8496140308fb21061ecb2ff85.blk_read_bytes,0.0
1791022456,2026-10-03T18:14:15,docker.dev-peer0.org2.example.com-saksi-bulletin_1.0-ee3fe73bad456e43adfc5ba27d9e5a60983b69e8496140308fb21061ecb2ff85.blk_write_bytes,0.0
1791022456,2026-10-03T18:14:15,docker.peer0.org1.example.com.cpu_pct,0.86
1791022456,2026-10-03T18:14:15,docker.peer0.org1.example.com.mem_bytes,52974059.52
1791022456,2026-10-03T18:14:15,docker.peer0.org1.example.com.blk_read_bytes,3760000.0
1791022456,2026-10-03T18:14:15,docker.peer0.org1.example.com.blk_write_bytes,5030000.0
1791022456,2026-10-03T18:14:15,docker.peer0.org2.example.com.cpu_pct,0.68
1791022456,2026-10-03T18:14:15,docker.peer0.org2.example.com.mem_bytes,45256540.16
1791022456,2026-10-03T18:14:15,docker.peer0.org2.example.com.blk_read_bytes,545000.0
1791022456,2026-10-03T18:14:15,docker.peer0.org2.example.com.blk_write_bytes,3610000.0
1791022456,2026-10-03T18:14:15,docker.orderer.example.com.cpu_pct,0.04
1791022456,2026-10-03T18:14:15,docker.orderer.example.com.mem_bytes,17699962.88
1791022456,2026-10-03T18:14:15,docker.orderer.example.com.blk_read_bytes,31400000.0
1791022456,2026-10-03T18:14:15,docker.orderer.example.com.blk_write_bytes,262000.0
1791022456,2026-10-03T18:14:15,wsl.MemTotal_kb,24608408
1791022456,2026-10-03T18:14:15,wsl.MemAvailable_kb,22927900
1791022456,2026-10-03T18:14:15,wsl.SwapTotal_kb,0
1791022456,2026-10-03T18:14:15,wsl.SwapFree_kb,0
1791022456,2026-10-03T18:14:15,wsl.Dirty_kb,920088
1791022456,2026-10-03T18:14:15,wsl.load1,14.01
1791022456,2026-10-03T18:14:15,wsl.load5,8.61
1791022456,2026-10-03T18:14:15,host.c_free_bytes,49305493504
1791022456,2026-10-03T18:14:15,host.q_free_bytes,418763845632
1791022456,2026-10-03T18:14:15,host.docker_vhdx_bytes,15592325120
1791022456,2026-10-03T18:14:15,host.ubuntu_vhdx_bytes,212983611392
1791022456,2026-10-03T18:14:15,win.Memory\Available MBytes,91.711739
1791022456,2026-10-03T18:14:15,win.PhysicalDisk(0 C:)\% Disk Time,18588.0
1791022456,2026-10-03T18:14:15,win.PhysicalDisk(1 Q:)\% Disk Time,2.25658
1791022456,2026-10-03T18:14:15,win.PhysicalDisk(_Total)\% Disk Time,0.0
1791022456,2026-10-03T18:14:15,win.PhysicalDisk(0 C:)\Current Disk Queue Length,1.12829
1791022456,2026-10-03T18:14:15,win.PhysicalDisk(1 Q:)\Current Disk Queue Length,0.0
1791022456,2026-10-03T18:14:15,win.PhysicalDisk(_Total)\Current Disk Queue Length,0.0
1791022456,2026-10-03T18:14:15,win.Process(vmmemWSL)\% Processor Time,0.0
1791022466,2026-10-03T18:14:25,docker.dev-peer0.org1.example.com-saksi-bulletin_1.0-ee3fe73bad456e43adfc5ba27d9e5a60983b69e8496140308fb21061ecb2ff85.cpu_pct,0.0
1791022466,2026-10-03T18:14:25,docker.dev-peer0.org1.example.com-saksi-bulletin_1.0-ee3fe73bad456e43adfc5ba27d9e5a60983b69e8496140308fb21061ecb2ff85.mem_bytes,7245660.16
1791022466,2026-10-03T18:14:25,docker.dev-peer0.org1.example.com-saksi-bulletin_1.0-ee3fe73bad456e43adfc5ba27d9e5a60983b69e8496140308fb21061ecb2ff85.blk_read_bytes,0.0
1791022466,2026-10-03T18:14:25,docker.dev-peer0.org1.example.com-saksi-bulletin_1.0-ee3fe73bad456e43adfc5ba27d9e5a60983b69e8496140308fb21061ecb2ff85.blk_write_bytes,0.0
1791022466,2026-10-03T18:14:25,docker.dev-peer0.org2.example.com-saksi-bulletin_1.0-ee3fe73bad456e43adfc5ba27d9e5a60983b69e8496140308fb21061ecb2ff85.cpu_pct,0.0
1791022466,2026-10-03T18:14:25,docker.dev-peer0.org2.example.com-saksi-bulletin_1.0-ee3fe73bad456e43adfc5ba27d9e5a60983b69e8496140308fb21061ecb2ff85.mem_bytes,7258243.072
1791022466,2026-10-03T18:14:25,docker.dev-peer0.org2.example.com-saksi-bulletin_1.0-ee3fe73bad456e43adfc5ba27d9e5a60983b69e8496140308fb21061ecb2ff85.blk_read_bytes,0.0
1791022466,2026-10-03T18:14:25,docker.dev-peer0.org2.example.com-saksi-bulletin_1.0-ee3fe73bad456e43adfc5ba27d9e5a60983b69e8496140308fb21061ecb2ff85.blk_write_bytes,0.0
1791022466,2026-10-03T18:14:25,docker.peer0.org1.example.com.cpu_pct,1.35
1791022466,2026-10-03T18:14:25,docker.peer0.org1.example.com.mem_bytes,52953088.0
1791022466,2026-10-03T18:14:25,docker.peer0.org1.example.com.blk_read_bytes,3760000.0
1791022466,2026-10-03T18:14:25,docker.peer0.org1.example.com.blk_write_bytes,5030000.0
1791022466,2026-10-03T18:14:25,docker.peer0.org2.example.com.cpu_pct,1.11
1791022466,2026-10-03T18:14:25,docker.peer0.org2.example.com.mem_bytes,45256540.16
1791022466,2026-10-03T18:14:25,docker.peer0.org2.example.com.blk_read_bytes,545000.0
1791022466,2026-10-03T18:14:25,docker.peer0.org2.example.com.blk_write_bytes,3610000.0
1791022466,2026-10-03T18:14:25,docker.orderer.example.com.cpu_pct,0.06
1791022466,2026-10-03T18:14:25,docker.orderer.example.com.mem_bytes,17427333.12
1791022466,2026-10-03T18:14:25,docker.orderer.example.com.blk_read_bytes,31400000.0
1791022466,2026-10-03T18:14:25,docker.orderer.example.com.blk_write_bytes,262000.0
1791022466,2026-10-03T18:14:25,wsl.MemTotal_kb,24608408
1791022466,2026-10-03T18:14:25,wsl.MemAvailable_kb,22917772
1791022466,2026-10-03T18:14:25,wsl.SwapTotal_kb,0
1791022466,2026-10-03T18:14:25,wsl.SwapFree_kb,0
1791022466,2026-10-03T18:14:25,wsl.Dirty_kb,287356
1791022466,2026-10-03T18:14:25,wsl.load1,14.66
1791022466,2026-10-03T18:14:25,wsl.load5,9.02
1791022466,2026-10-03T18:14:25,host.c_free_bytes,49305100288
1791022466,2026-10-03T18:14:25,host.q_free_bytes,418763845632
1791022466,2026-10-03T18:14:25,host.docker_vhdx_bytes,15592325120
1791022466,2026-10-03T18:14:25,host.ubuntu_vhdx_bytes,212983611392
1791022466,2026-10-03T18:14:25,win.Memory\Available MBytes,93.742236
1791022466,2026-10-03T18:14:25,win.PhysicalDisk(0 C:)\% Disk Time,18405.0
1791022466,2026-10-03T18:14:25,win.PhysicalDisk(1 Q:)\% Disk Time,0.12805
1791022466,2026-10-03T18:14:25,win.PhysicalDisk(_Total)\% Disk Time,0.0
1791022466,2026-10-03T18:14:25,win.PhysicalDisk(0 C:)\Current Disk Queue Length,0.064026
1791022466,2026-10-03T18:14:25,win.PhysicalDisk(1 Q:)\Current Disk Queue Length,0.0
1791022466,2026-10-03T18:14:25,win.PhysicalDisk(_Total)\Current Disk Queue Length,0.0
1791022466,2026-10-03T18:14:25,win.Process(vmmemWSL)\% Processor Time,0.0
1791022476,2026-10-03T18:14:35,docker.dev-peer0.org1.example.com-saksi-bulletin_1.0-ee3fe73bad456e43adfc5ba27d9e5a60983b69e8496140308fb21061ecb2ff85.cpu_pct,0.0
1791022476,2026-10-03T18:14:35,docker.dev-peer0.org1.example.com-saksi-bulletin_1.0-ee3fe73bad456e43adfc5ba27d9e5a60983b69e8496140308fb21061ecb2ff85.mem_bytes,7245660.16
1791022476,2026-10-03T18:14:35,docker.dev-peer0.org1.example.com-saksi-bulletin_1.0-ee3fe73bad456e43adfc5ba27d9e5a60983b69e8496140308fb21061ecb2ff85.blk_read_bytes,0.0
1791022476,2026-10-03T18:14:35,docker.dev-peer0.org1.example.com-saksi-bulletin_1.0-ee3fe73bad456e43adfc5ba27d9e5a60983b69e8496140308fb21061ecb2ff85.blk_write_bytes,0.0
1791022476,2026-10-03T18:14:35,docker.dev-peer0.org2.example.com-saksi-bulletin_1.0-ee3fe73bad456e43adfc5ba27d9e5a60983b69e8496140308fb21061ecb2ff85.cpu_pct,0.0
1791022476,2026-10-03T18:14:35,docker.dev-peer0.org2.example.com-saksi-bulletin_1.0-ee3fe73bad456e43adfc5ba27d9e5a60983b69e8496140308fb21061ecb2ff85.mem_bytes,7258243.072
1791022476,2026-10-03T18:14:35,docker.dev-peer0.org2.example.com-saksi-bulletin_1.0-ee3fe73bad456e43adfc5ba27d9e5a60983b69e8496140308fb21061ecb2ff85.blk_read_bytes,0.0
1791022476,2026-10-03T18:14:35,docker.dev-peer0.org2.example.com-saksi-bulletin_1.0-ee3fe73bad456e43adfc5ba27d9e5a60983b69e8496140308fb21061ecb2ff85.blk_write_bytes,0.0
1791022476,2026-10-03T18:14:35,docker.peer0.org1.example.com.cpu_pct,0.85
1791022476,2026-10-03T18:14:35,docker.peer0.org1.example.com.mem_bytes,52942602.24
1791022476,2026-10-03T18:14:35,docker.peer0.org1.example.com.blk_read_bytes,3760000.0
1791022476,2026-10-03T18:14:35,docker.peer0.org1.example.com.blk_write_bytes,5030000.0
1791022476,2026-10-03T18:14:35,docker.peer0.org2.example.com.cpu_pct,1.04
1791022476,2026-10-03T18:14:35,docker.peer0.org2.example.com.mem_bytes,45246054.4
1791022476,2026-10-03T18:14:35,docker.peer0.org2.example.com.blk_read_bytes,545000.0
1791022476,2026-10-03T18:14:35,docker.peer0.org2.example.com.blk_write_bytes,3610000.0
1791022476,2026-10-03T18:14:35,docker.orderer.example.com.cpu_pct,0.03
1791022476,2026-10-03T18:14:35,docker.orderer.example.com.mem_bytes,17427333.12
1791022476,2026-10-03T18:14:35,docker.orderer.example.com.blk_read_bytes,31400000.0
1791022476,2026-10-03T18:14:35,docker.orderer.example.com.blk_write_bytes,262000.0
1791022476,2026-10-03T18:14:35,wsl.MemTotal_kb,24608408
1791022476,2026-10-03T18:14:35,wsl.MemAvailable_kb,22921960
1791022476,2026-10-03T18:14:35,wsl.SwapTotal_kb,0
1791022476,2026-10-03T18:14:35,wsl.SwapFree_kb,0
1791022476,2026-10-03T18:14:35,wsl.Dirty_kb,402320
1791022476,2026-10-03T18:14:35,wsl.load1,14.77
1791022476,2026-10-03T18:14:35,wsl.load5,9.14
1791022476,2026-10-03T18:14:35,host.c_free_bytes,49305100288
1791022476,2026-10-03T18:14:35,host.q_free_bytes,418763845632
1791022476,2026-10-03T18:14:35,host.docker_vhdx_bytes,15592325120
1791022476,2026-10-03T18:14:35,host.ubuntu_vhdx_bytes,212983611392
1791022476,2026-10-03T18:14:35,win.Memory\Available MBytes,91.956915
1791022476,2026-10-03T18:14:35,win.PhysicalDisk(0 C:)\% Disk Time,18144.0
1791022476,2026-10-03T18:14:35,win.PhysicalDisk(1 Q:)\% Disk Time,2756.157047
1791022476,2026-10-03T18:14:35,win.PhysicalDisk(_Total)\% Disk Time,0.0
1791022476,2026-10-03T18:14:35,win.PhysicalDisk(0 C:)\Current Disk Queue Length,1378.078523
1791022476,2026-10-03T18:14:35,win.PhysicalDisk(1 Q:)\Current Disk Queue Length,13.0
1791022476,2026-10-03T18:14:35,win.PhysicalDisk(_Total)\Current Disk Queue Length,0.0
1791022476,2026-10-03T18:14:35,win.Process(vmmemWSL)\% Processor Time,13.0
1791022486,2026-10-03T18:14:45,docker.dev-peer0.org1.example.com-saksi-bulletin_1.0-ee3fe73bad456e43adfc5ba27d9e5a60983b69e8496140308fb21061ecb2ff85.cpu_pct,0.0
1791022486,2026-10-03T18:14:45,docker.dev-peer0.org1.example.com-saksi-bulletin_1.0-ee3fe73bad456e43adfc5ba27d9e5a60983b69e8496140308fb21061ecb2ff85.mem_bytes,7237271.552
1791022486,2026-10-03T18:14:45,docker.dev-peer0.org1.example.com-saksi-bulletin_1.0-ee3fe73bad456e43adfc5ba27d9e5a60983b69e8496140308fb21061ecb2ff85.blk_read_bytes,0.0
1791022486,2026-10-03T18:14:45,docker.dev-peer0.org1.example.com-saksi-bulletin_1.0-ee3fe73bad456e43adfc5ba27d9e5a60983b69e8496140308fb21061ecb2ff85.blk_write_bytes,0.0
1791022486,2026-10-03T18:14:45,docker.dev-peer0.org2.example.com-saksi-bulletin_1.0-ee3fe73bad456e43adfc5ba27d9e5a60983b69e8496140308fb21061ecb2ff85.cpu_pct,0.0
1791022486,2026-10-03T18:14:45,docker.dev-peer0.org2.example.com-saksi-bulletin_1.0-ee3fe73bad456e43adfc5ba27d9e5a60983b69e8496140308fb21061ecb2ff85.mem_bytes,7507804.16
1791022486,2026-10-03T18:14:45,docker.dev-peer0.org2.example.com-saksi-bulletin_1.0-ee3fe73bad456e43adfc5ba27d9e5a60983b69e8496140308fb21061ecb2ff85.blk_read_bytes,0.0
1791022486,2026-10-03T18:14:45,docker.dev-peer0.org2.example.com-saksi-bulletin_1.0-ee3fe73bad456e43adfc5ba27d9e5a60983b69e8496140308fb21061ecb2ff85.blk_write_bytes,0.0
1791022486,2026-10-03T18:14:45,docker.peer0.org1.example.com.cpu_pct,0.8
1791022486,2026-10-03T18:14:45,docker.peer0.org1.example.com.mem_bytes,52428800.0
1791022486,2026-10-03T18:14:45,docker.peer0.org1.example.com.blk_read_bytes,3760000.0
1791022486,2026-10-03T18:14:45,docker.peer0.org1.example.com.blk_write_bytes,5030000.0
1791022486,2026-10-03T18:14:45,docker.peer0.org2.example.com.cpu_pct,0.8
1791022486,2026-10-03T18:14:45,docker.peer0.org2.example.com.mem_bytes,45246054.4
1791022486,2026-10-03T18:14:45,docker.peer0.org2.example.com.blk_read_bytes,545000.0
1791022486,2026-10-03T18:14:45,docker.peer0.org2.example.com.blk_write_bytes,3610000.0
1791022486,2026-10-03T18:14:45,docker.orderer.example.com.cpu_pct,0.04
1791022486,2026-10-03T18:14:45,docker.orderer.example.com.mem_bytes,17699962.88
1791022486,2026-10-03T18:14:45,docker.orderer.example.com.blk_read_bytes,31400000.0
1791022486,2026-10-03T18:14:45,docker.orderer.example.com.blk_write_bytes,262000.0
1791022486,2026-10-03T18:14:45,wsl.MemTotal_kb,24608408
1791022486,2026-10-03T18:14:45,wsl.MemAvailable_kb,22928648
1791022486,2026-10-03T18:14:45,wsl.SwapTotal_kb,0
1791022486,2026-10-03T18:14:45,wsl.SwapFree_kb,0
1791022486,2026-10-03T18:14:45,wsl.Dirty_kb,632304
1791022486,2026-10-03T18:14:45,wsl.load1,14.96
1791022486,2026-10-03T18:14:45,wsl.load5,9.36
1791022486,2026-10-03T18:14:45,host.c_free_bytes,49305788416
1791022486,2026-10-03T18:14:45,host.q_free_bytes,418763845632
1791022486,2026-10-03T18:14:45,host.docker_vhdx_bytes,15592325120
1791022486,2026-10-03T18:14:45,host.ubuntu_vhdx_bytes,212983611392
1791022486,2026-10-03T18:14:45,win.Memory\Available MBytes,92.201252
1791022486,2026-10-03T18:14:45,win.PhysicalDisk(0 C:)\% Disk Time,17896.0
1791022486,2026-10-03T18:14:45,win.PhysicalDisk(1 Q:)\% Disk Time,1087.541053
1791022486,2026-10-03T18:14:45,win.PhysicalDisk(_Total)\% Disk Time,0.06149
1791022486,2026-10-03T18:14:45,win.PhysicalDisk(0 C:)\Current Disk Queue Length,543.801271
1791022486,2026-10-03T18:14:45,win.PhysicalDisk(1 Q:)\Current Disk Queue Length,0.0
1791022486,2026-10-03T18:14:45,win.PhysicalDisk(_Total)\Current Disk Queue Length,0.0
1791022486,2026-10-03T18:14:45,win.Process(vmmemWSL)\% Processor Time,0.0
1791022496,2026-10-03T18:14:55,docker.dev-peer0.org1.example.com-saksi-bulletin_1.0-ee3fe73bad456e43adfc5ba27d9e5a60983b69e8496140308fb21061ecb2ff85.cpu_pct,0.0
1791022496,2026-10-03T18:14:55,docker.dev-peer0.org1.example.com-saksi-bulletin_1.0-ee3fe73bad456e43adfc5ba27d9e5a60983b69e8496140308fb21061ecb2ff85.mem_bytes,7237271.552
1791022496,2026-10-03T18:14:55,docker.dev-peer0.org1.example.com-saksi-bulletin_1.0-ee3fe73bad456e43adfc5ba27d9e5a60983b69e8496140308fb21061ecb2ff85.blk_read_bytes,0.0
1791022496,2026-10-03T18:14:55,docker.dev-peer0.org1.example.com-saksi-bulletin_1.0-ee3fe73bad456e43adfc5ba27d9e5a60983b69e8496140308fb21061ecb2ff85.blk_write_bytes,0.0
1791022496,2026-10-03T18:14:55,docker.dev-peer0.org2.example.com-saksi-bulletin_1.0-ee3fe73bad456e43adfc5ba27d9e5a60983b69e8496140308fb21061ecb2ff85.cpu_pct,0.0
1791022496,2026-10-03T18:14:55,docker.dev-peer0.org2.example.com-saksi-bulletin_1.0-ee3fe73bad456e43adfc5ba27d9e5a60983b69e8496140308fb21061ecb2ff85.mem_bytes,7507804.16
1791022496,2026-10-03T18:14:55,docker.dev-peer0.org2.example.com-saksi-bulletin_1.0-ee3fe73bad456e43adfc5ba27d9e5a60983b69e8496140308fb21061ecb2ff85.blk_read_bytes,0.0
1791022496,2026-10-03T18:14:55,docker.dev-peer0.org2.example.com-saksi-bulletin_1.0-ee3fe73bad456e43adfc5ba27d9e5a60983b69e8496140308fb21061ecb2ff85.blk_write_bytes,0.0
1791022496,2026-10-03T18:14:55,docker.peer0.org1.example.com.cpu_pct,0.82
1791022496,2026-10-03T18:14:55,docker.peer0.org1.example.com.mem_bytes,52428800.0
1791022496,2026-10-03T18:14:55,docker.peer0.org1.example.com.blk_read_bytes,3760000.0
1791022496,2026-10-03T18:14:55,docker.peer0.org1.example.com.blk_write_bytes,5030000.0
1791022496,2026-10-03T18:14:55,docker.peer0.org2.example.com.cpu_pct,1.02
1791022496,2026-10-03T18:14:55,docker.peer0.org2.example.com.mem_bytes,45497712.64
1791022496,2026-10-03T18:14:55,docker.peer0.org2.example.com.blk_read_bytes,545000.0
1791022496,2026-10-03T18:14:55,docker.peer0.org2.example.com.blk_write_bytes,3610000.0
1791022496,2026-10-03T18:14:55,docker.orderer.example.com.cpu_pct,0.03
1791022496,2026-10-03T18:14:55,docker.orderer.example.com.mem_bytes,17699962.88
1791022496,2026-10-03T18:14:55,docker.orderer.example.com.blk_read_bytes,31400000.0
1791022496,2026-10-03T18:14:55,docker.orderer.example.com.blk_write_bytes,262000.0
1791022496,2026-10-03T18:14:55,wsl.MemTotal_kb,24608408
1791022496,2026-10-03T18:14:55,wsl.MemAvailable_kb,22931788
1791022496,2026-10-03T18:14:55,wsl.SwapTotal_kb,0
1791022496,2026-10-03T18:14:55,wsl.SwapFree_kb,0
1791022496,2026-10-03T18:14:55,wsl.Dirty_kb,840444
1791022496,2026-10-03T18:14:55,wsl.load1,14.01
1791022496,2026-10-03T18:14:55,wsl.load5,9.34
1791022496,2026-10-03T18:14:55,host.c_free_bytes,49305427968
1791022496,2026-10-03T18:14:55,host.q_free_bytes,418763845632
1791022496,2026-10-03T18:14:55,host.docker_vhdx_bytes,15592325120
1791022496,2026-10-03T18:14:55,host.ubuntu_vhdx_bytes,212983611392
1791022496,2026-10-03T18:14:55,win.Memory\Available MBytes,94.282851
1791022496,2026-10-03T18:14:55,win.PhysicalDisk(0 C:)\% Disk Time,17734.0
1791022496,2026-10-03T18:14:55,win.PhysicalDisk(1 Q:)\% Disk Time,3.979668
1791022496,2026-10-03T18:14:55,win.PhysicalDisk(_Total)\% Disk Time,0.243765
1791022496,2026-10-03T18:14:55,win.PhysicalDisk(0 C:)\Current Disk Queue Length,2.111717
1791022496,2026-10-03T18:14:55,win.PhysicalDisk(1 Q:)\Current Disk Queue Length,0.0
1791022496,2026-10-03T18:14:55,win.PhysicalDisk(_Total)\Current Disk Queue Length,0.0
1791022496,2026-10-03T18:14:55,win.Process(vmmemWSL)\% Processor Time,0.0
1791022506,2026-10-03T18:15:05,docker.dev-peer0.org1.example.com-saksi-bulletin_1.0-ee3fe73bad456e43adfc5ba27d9e5a60983b69e8496140308fb21061ecb2ff85.cpu_pct,0.0
1791022506,2026-10-03T18:15:05,docker.dev-peer0.org1.example.com-saksi-bulletin_1.0-ee3fe73bad456e43adfc5ba27d9e5a60983b69e8496140308fb21061ecb2ff85.mem_bytes,7237271.552
1791022506,2026-10-03T18:15:05,docker.dev-peer0.org1.example.com-saksi-bulletin_1.0-ee3fe73bad456e43adfc5ba27d9e5a60983b69e8496140308fb21061ecb2ff85.blk_read_bytes,0.0
1791022506,2026-10-03T18:15:05,docker.dev-peer0.org1.example.com-saksi-bulletin_1.0-ee3fe73bad456e43adfc5ba27d9e5a60983b69e8496140308fb21061ecb2ff85.blk_write_bytes,0.0
1791022506,2026-10-03T18:15:05,docker.dev-peer0.org2.example.com-saksi-bulletin_1.0-ee3fe73bad456e43adfc5ba27d9e5a60983b69e8496140308fb21061ecb2ff85.cpu_pct,0.0
1791022506,2026-10-03T18:15:05,docker.dev-peer0.org2.example.com-saksi-bulletin_1.0-ee3fe73bad456e43adfc5ba27d9e5a60983b69e8496140308fb21061ecb2ff85.mem_bytes,7507804.16
1791022506,2026-10-03T18:15:05,docker.dev-peer0.org2.example.com-saksi-bulletin_1.0-ee3fe73bad456e43adfc5ba27d9e5a60983b69e8496140308fb21061ecb2ff85.blk_read_bytes,0.0
1791022506,2026-10-03T18:15:05,docker.dev-peer0.org2.example.com-saksi-bulletin_1.0-ee3fe73bad456e43adfc5ba27d9e5a60983b69e8496140308fb21061ecb2ff85.blk_write_bytes,0.0
1791022506,2026-10-03T18:15:05,docker.peer0.org1.example.com.cpu_pct,0.68
1791022506,2026-10-03T18:15:05,docker.peer0.org1.example.com.mem_bytes,52932116.48
1791022506,2026-10-03T18:15:05,docker.peer0.org1.example.com.blk_read_bytes,3760000.0
1791022506,2026-10-03T18:15:05,docker.peer0.org1.example.com.blk_write_bytes,5100000.0
1791022506,2026-10-03T18:15:05,docker.peer0.org2.example.com.cpu_pct,0.8
1791022506,2026-10-03T18:15:05,docker.peer0.org2.example.com.mem_bytes,44983910.4
1791022506,2026-10-03T18:15:05,docker.peer0.org2.example.com.blk_read_bytes,545000.0
1791022506,2026-10-03T18:15:05,docker.peer0.org2.example.com.blk_write_bytes,3610000.0
1791022506,2026-10-03T18:15:05,docker.orderer.example.com.cpu_pct,0.03
1791022506,2026-10-03T18:15:05,docker.orderer.example.com.mem_bytes,17699962.88
1791022506,2026-10-03T18:15:05,docker.orderer.example.com.blk_read_bytes,31400000.0
1791022506,2026-10-03T18:15:05,docker.orderer.example.com.blk_write_bytes,262000.0
1791022506,2026-10-03T18:15:05,wsl.MemTotal_kb,24608408
1791022506,2026-10-03T18:15:05,wsl.MemAvailable_kb,22966928
1791022506,2026-10-03T18:15:05,wsl.SwapTotal_kb,0
1791022506,2026-10-03T18:15:05,wsl.SwapFree_kb,0
1791022506,2026-10-03T18:15:05,wsl.Dirty_kb,114736
1791022506,2026-10-03T18:15:05,wsl.load1,8.93
1791022506,2026-10-03T18:15:05,wsl.load5,8.76
1791022506,2026-10-03T18:15:05,host.c_free_bytes,49304444928
1791022506,2026-10-03T18:15:05,host.q_free_bytes,418763845632
1791022506,2026-10-03T18:15:05,host.docker_vhdx_bytes,15592325120
1791022506,2026-10-03T18:15:05,host.ubuntu_vhdx_bytes,212983611392
1791022506,2026-10-03T18:15:05,win.Memory\Available MBytes,3.006218
1791022506,2026-10-03T18:15:05,win.PhysicalDisk(0 C:)\% Disk Time,17351.0
1791022506,2026-10-03T18:15:05,win.PhysicalDisk(1 Q:)\% Disk Time,11508.89932
1791022506,2026-10-03T18:15:05,win.PhysicalDisk(_Total)\% Disk Time,0.0
1791022506,2026-10-03T18:15:05,win.PhysicalDisk(0 C:)\Current Disk Queue Length,5754.449661
1791022506,2026-10-03T18:15:05,win.PhysicalDisk(1 Q:)\Current Disk Queue Length,178.0
1791022506,2026-10-03T18:15:05,win.PhysicalDisk(_Total)\Current Disk Queue Length,0.0
1791022506,2026-10-03T18:15:05,win.Process(vmmemWSL)\% Processor Time,178.0
1791022551,2026-10-03T18:15:50,docker.dev-peer0.org1.example.com-saksi-bulletin_1.0-ee3fe73bad456e43adfc5ba27d9e5a60983b69e8496140308fb21061ecb2ff85.cpu_pct,0.0
1791022551,2026-10-03T18:15:50,docker.dev-peer0.org1.example.com-saksi-bulletin_1.0-ee3fe73bad456e43adfc5ba27d9e5a60983b69e8496140308fb21061ecb2ff85.mem_bytes,6987710.464
1791022551,2026-10-03T18:15:50,docker.dev-peer0.org1.example.com-saksi-bulletin_1.0-ee3fe73bad456e43adfc5ba27d9e5a60983b69e8496140308fb21061ecb2ff85.blk_read_bytes,0.0
1791022551,2026-10-03T18:15:50,docker.dev-peer0.org1.example.com-saksi-bulletin_1.0-ee3fe73bad456e43adfc5ba27d9e5a60983b69e8496140308fb21061ecb2ff85.blk_write_bytes,0.0
1791022551,2026-10-03T18:15:50,docker.dev-peer0.org2.example.com-saksi-bulletin_1.0-ee3fe73bad456e43adfc5ba27d9e5a60983b69e8496140308fb21061ecb2ff85.cpu_pct,0.0
1791022551,2026-10-03T18:15:50,docker.dev-peer0.org2.example.com-saksi-bulletin_1.0-ee3fe73bad456e43adfc5ba27d9e5a60983b69e8496140308fb21061ecb2ff85.mem_bytes,7282360.32
1791022551,2026-10-03T18:15:50,docker.dev-peer0.org2.example.com-saksi-bulletin_1.0-ee3fe73bad456e43adfc5ba27d9e5a60983b69e8496140308fb21061ecb2ff85.blk_read_bytes,0.0
1791022551,2026-10-03T18:15:50,docker.dev-peer0.org2.example.com-saksi-bulletin_1.0-ee3fe73bad456e43adfc5ba27d9e5a60983b69e8496140308fb21061ecb2ff85.blk_write_bytes,0.0
1791022551,2026-10-03T18:15:50,docker.peer0.org1.example.com.cpu_pct,1.08
1791022551,2026-10-03T18:15:50,docker.peer0.org1.example.com.mem_bytes,52607057.92
1791022551,2026-10-03T18:15:50,docker.peer0.org1.example.com.blk_read_bytes,3760000.0
1791022551,2026-10-03T18:15:50,docker.peer0.org1.example.com.blk_write_bytes,5100000.0
1791022551,2026-10-03T18:15:50,docker.peer0.org2.example.com.cpu_pct,1.08
1791022551,2026-10-03T18:15:50,docker.peer0.org2.example.com.mem_bytes,44941967.36
1791022551,2026-10-03T18:15:50,docker.peer0.org2.example.com.blk_read_bytes,545000.0
1791022551,2026-10-03T18:15:50,docker.peer0.org2.example.com.blk_write_bytes,3610000.0
1791022551,2026-10-03T18:15:50,docker.orderer.example.com.cpu_pct,0.05
1791022551,2026-10-03T18:15:50,docker.orderer.example.com.mem_bytes,18224250.88
1791022551,2026-10-03T18:15:50,docker.orderer.example.com.blk_read_bytes,31400000.0
1791022551,2026-10-03T18:15:50,docker.orderer.example.com.blk_write_bytes,262000.0
1791022551,2026-10-03T18:15:50,wsl.MemTotal_kb,24608408
1791022551,2026-10-03T18:15:50,wsl.MemAvailable_kb,22969516
1791022551,2026-10-03T18:15:50,wsl.SwapTotal_kb,0
1791022551,2026-10-03T18:15:50,wsl.SwapFree_kb,0
1791022551,2026-10-03T18:15:50,wsl.Dirty_kb,57280
1791022551,2026-10-03T18:15:50,wsl.load1,9.66
1791022551,2026-10-03T18:15:50,wsl.load5,8.92
1791022551,2026-10-03T18:15:50,host.c_free_bytes,49304399872
1791022551,2026-10-03T18:15:50,host.q_free_bytes,418763845632
1791022551,2026-10-03T18:15:50,host.docker_vhdx_bytes,15592325120
1791022551,2026-10-03T18:15:50,host.ubuntu_vhdx_bytes,212983611392
1791022551,2026-10-03T18:15:50,win.Memory\Available MBytes,3.006218
1791022551,2026-10-03T18:15:50,win.PhysicalDisk(0 C:)\% Disk Time,17351.0
1791022551,2026-10-03T18:15:50,win.PhysicalDisk(1 Q:)\% Disk Time,11508.89932
1791022551,2026-10-03T18:15:50,win.PhysicalDisk(_Total)\% Disk Time,0.0
1791022551,2026-10-03T18:15:50,win.PhysicalDisk(0 C:)\Current Disk Queue Length,5754.449661
1791022551,2026-10-03T18:15:50,win.PhysicalDisk(1 Q:)\Current Disk Queue Length,178.0
1791022551,2026-10-03T18:15:50,win.PhysicalDisk(_Total)\Current Disk Queue Length,0.0
1791022551,2026-10-03T18:15:50,win.Process(vmmemWSL)\% Processor Time,178.0
1791022561,2026-10-03T18:16:00,docker.dev-peer0.org1.example.com-saksi-bulletin_1.0-ee3fe73bad456e43adfc5ba27d9e5a60983b69e8496140308fb21061ecb2ff85.cpu_pct,0.0
1791022561,2026-10-03T18:16:00,docker.dev-peer0.org1.example.com-saksi-bulletin_1.0-ee3fe73bad456e43adfc5ba27d9e5a60983b69e8496140308fb21061ecb2ff85.mem_bytes,6983516.16
1791022561,2026-10-03T18:16:00,docker.dev-peer0.org1.example.com-saksi-bulletin_1.0-ee3fe73bad456e43adfc5ba27d9e5a60983b69e8496140308fb21061ecb2ff85.blk_read_bytes,0.0
1791022561,2026-10-03T18:16:00,docker.dev-peer0.org1.example.com-saksi-bulletin_1.0-ee3fe73bad456e43adfc5ba27d9e5a60983b69e8496140308fb21061ecb2ff85.blk_write_bytes,0.0
1791022561,2026-10-03T18:16:00,docker.dev-peer0.org2.example.com-saksi-bulletin_1.0-ee3fe73bad456e43adfc5ba27d9e5a60983b69e8496140308fb21061ecb2ff85.cpu_pct,0.0
1791022561,2026-10-03T18:16:00,docker.dev-peer0.org2.example.com-saksi-bulletin_1.0-ee3fe73bad456e43adfc5ba27d9e5a60983b69e8496140308fb21061ecb2ff85.mem_bytes,7282360.32
1791022561,2026-10-03T18:16:00,docker.dev-peer0.org2.example.com-saksi-bulletin_1.0-ee3fe73bad456e43adfc5ba27d9e5a60983b69e8496140308fb21061ecb2ff85.blk_read_bytes,0.0
1791022561,2026-10-03T18:16:00,docker.dev-peer0.org2.example.com-saksi-bulletin_1.0-ee3fe73bad456e43adfc5ba27d9e5a60983b69e8496140308fb21061ecb2ff85.blk_write_bytes,0.0
1791022561,2026-10-03T18:16:00,docker.peer0.org1.example.com.cpu_pct,0.96
1791022561,2026-10-03T18:16:00,docker.peer0.org1.example.com.mem_bytes,52827258.88
1791022561,2026-10-03T18:16:00,docker.peer0.org1.example.com.blk_read_bytes,3760000.0
1791022561,2026-10-03T18:16:00,docker.peer0.org1.example.com.blk_write_bytes,5100000.0
1791022561,2026-10-03T18:16:00,docker.peer0.org2.example.com.cpu_pct,0.89
1791022561,2026-10-03T18:16:00,docker.peer0.org2.example.com.mem_bytes,44952453.12
1791022561,2026-10-03T18:16:00,docker.peer0.org2.example.com.blk_read_bytes,545000.0
1791022561,2026-10-03T18:16:00,docker.peer0.org2.example.com.blk_write_bytes,3610000.0
1791022561,2026-10-03T18:16:00,docker.orderer.example.com.cpu_pct,0.04
1791022561,2026-10-03T18:16:00,docker.orderer.example.com.mem_bytes,17699962.88
1791022561,2026-10-03T18:16:00,docker.orderer.example.com.blk_read_bytes,31400000.0
1791022561,2026-10-03T18:16:00,docker.orderer.example.com.blk_write_bytes,262000.0
1791022561,2026-10-03T18:16:00,wsl.MemTotal_kb,24608408
1791022561,2026-10-03T18:16:00,wsl.MemAvailable_kb,22974840
1791022561,2026-10-03T18:16:00,wsl.SwapTotal_kb,0
1791022561,2026-10-03T18:16:00,wsl.SwapFree_kb,0
1791022561,2026-10-03T18:16:00,wsl.Dirty_kb,229844
1791022561,2026-10-03T18:16:00,wsl.load1,9.69
1791022561,2026-10-03T18:16:00,wsl.load5,8.94
1791022561,2026-10-03T18:16:00,host.c_free_bytes,49305542656
1791022561,2026-10-03T18:16:00,host.q_free_bytes,418763845632
1791022561,2026-10-03T18:16:00,host.docker_vhdx_bytes,15592325120
1791022561,2026-10-03T18:16:00,host.ubuntu_vhdx_bytes,212983611392
1791022561,2026-10-03T18:16:00,win.Memory\Available MBytes,2.867035
1791022561,2026-10-03T18:16:00,win.PhysicalDisk(0 C:)\% Disk Time,17286.0
1791022561,2026-10-03T18:16:00,win.PhysicalDisk(1 Q:)\% Disk Time,12986.241503
1791022561,2026-10-03T18:16:00,win.PhysicalDisk(_Total)\% Disk Time,0.0
1791022561,2026-10-03T18:16:00,win.PhysicalDisk(0 C:)\Current Disk Queue Length,6493.120751
1791022561,2026-10-03T18:16:00,win.PhysicalDisk(1 Q:)\Current Disk Queue Length,141.0
1791022561,2026-10-03T18:16:00,win.PhysicalDisk(_Total)\Current Disk Queue Length,0.0
1791022561,2026-10-03T18:16:00,win.Process(vmmemWSL)\% Processor Time,141.0
1791022571,2026-10-03T18:16:10,docker.dev-peer0.org1.example.com-saksi-bulletin_1.0-ee3fe73bad456e43adfc5ba27d9e5a60983b69e8496140308fb21061ecb2ff85.cpu_pct,0.0
1791022571,2026-10-03T18:16:10,docker.dev-peer0.org1.example.com-saksi-bulletin_1.0-ee3fe73bad456e43adfc5ba27d9e5a60983b69e8496140308fb21061ecb2ff85.mem_bytes,6983516.16
1791022571,2026-10-03T18:16:10,docker.dev-peer0.org1.example.com-saksi-bulletin_1.0-ee3fe73bad456e43adfc5ba27d9e5a60983b69e8496140308fb21061ecb2ff85.blk_read_bytes,0.0
1791022571,2026-10-03T18:16:10,docker.dev-peer0.org1.example.com-saksi-bulletin_1.0-ee3fe73bad456e43adfc5ba27d9e5a60983b69e8496140308fb21061ecb2ff85.blk_write_bytes,0.0
1791022571,2026-10-03T18:16:10,docker.dev-peer0.org2.example.com-saksi-bulletin_1.0-ee3fe73bad456e43adfc5ba27d9e5a60983b69e8496140308fb21061ecb2ff85.cpu_pct,0.0
1791022571,2026-10-03T18:16:10,docker.dev-peer0.org2.example.com-saksi-bulletin_1.0-ee3fe73bad456e43adfc5ba27d9e5a60983b69e8496140308fb21061ecb2ff85.mem_bytes,7282360.32
1791022571,2026-10-03T18:16:10,docker.dev-peer0.org2.example.com-saksi-bulletin_1.0-ee3fe73bad456e43adfc5ba27d9e5a60983b69e8496140308fb21061ecb2ff85.blk_read_bytes,0.0
1791022571,2026-10-03T18:16:10,docker.dev-peer0.org2.example.com-saksi-bulletin_1.0-ee3fe73bad456e43adfc5ba27d9e5a60983b69e8496140308fb21061ecb2ff85.blk_write_bytes,0.0
1791022571,2026-10-03T18:16:10,docker.peer0.org1.example.com.cpu_pct,0.92
1791022571,2026-10-03T18:16:10,docker.peer0.org1.example.com.mem_bytes,53068431.36
1791022571,2026-10-03T18:16:10,docker.peer0.org1.example.com.blk_read_bytes,3760000.0
1791022571,2026-10-03T18:16:10,docker.peer0.org1.example.com.blk_write_bytes,5100000.0
1791022571,2026-10-03T18:16:10,docker.peer0.org2.example.com.cpu_pct,1.0
1791022571,2026-10-03T18:16:10,docker.peer0.org2.example.com.mem_bytes,44952453.12
1791022571,2026-10-03T18:16:10,docker.peer0.org2.example.com.blk_read_bytes,545000.0
1791022571,2026-10-03T18:16:10,docker.peer0.org2.example.com.blk_write_bytes,3610000.0
1791022571,2026-10-03T18:16:10,docker.orderer.example.com.cpu_pct,0.04
1791022571,2026-10-03T18:16:10,docker.orderer.example.com.mem_bytes,17448304.64
1791022571,2026-10-03T18:16:10,docker.orderer.example.com.blk_read_bytes,31400000.0
1791022571,2026-10-03T18:16:10,docker.orderer.example.com.blk_write_bytes,262000.0
1791022571,2026-10-03T18:16:10,wsl.MemTotal_kb,24608408
1791022571,2026-10-03T18:16:10,wsl.MemAvailable_kb,22970888
1791022571,2026-10-03T18:16:10,wsl.SwapTotal_kb,0
1791022571,2026-10-03T18:16:10,wsl.SwapFree_kb,0
1791022571,2026-10-03T18:16:10,wsl.Dirty_kb,459716
1791022571,2026-10-03T18:16:10,wsl.load1,10.66
1791022571,2026-10-03T18:16:10,wsl.load5,9.17
1791022571,2026-10-03T18:16:10,host.c_free_bytes,49305042944
1791022571,2026-10-03T18:16:10,host.q_free_bytes,418763845632
1791022571,2026-10-03T18:16:10,host.docker_vhdx_bytes,15592325120
1791022571,2026-10-03T18:16:10,host.ubuntu_vhdx_bytes,212983611392
1791022571,2026-10-03T18:16:10,win.Memory\Available MBytes,66.113197
1791022571,2026-10-03T18:16:10,win.PhysicalDisk(0 C:)\% Disk Time,16887.0
1791022571,2026-10-03T18:16:10,win.PhysicalDisk(1 Q:)\% Disk Time,37928.864381
1791022571,2026-10-03T18:16:10,win.PhysicalDisk(_Total)\% Disk Time,0.0
1791022571,2026-10-03T18:16:10,win.PhysicalDisk(0 C:)\Current Disk Queue Length,18964.432191
1791022571,2026-10-03T18:16:10,win.PhysicalDisk(1 Q:)\Current Disk Queue Length,0.0
1791022571,2026-10-03T18:16:10,win.PhysicalDisk(_Total)\Current Disk Queue Length,0.0
1791022571,2026-10-03T18:16:10,win.Process(vmmemWSL)\% Processor Time,0.0
1791022581,2026-10-03T18:16:20,docker.dev-peer0.org1.example.com-saksi-bulletin_1.0-ee3fe73bad456e43adfc5ba27d9e5a60983b69e8496140308fb21061ecb2ff85.cpu_pct,0.0
1791022581,2026-10-03T18:16:20,docker.dev-peer0.org1.example.com-saksi-bulletin_1.0-ee3fe73bad456e43adfc5ba27d9e5a60983b69e8496140308fb21061ecb2ff85.mem_bytes,6979321.856
1791022581,2026-10-03T18:16:20,docker.dev-peer0.org1.example.com-saksi-bulletin_1.0-ee3fe73bad456e43adfc5ba27d9e5a60983b69e8496140308fb21061ecb2ff85.blk_read_bytes,0.0
1791022581,2026-10-03T18:16:20,docker.dev-peer0.org1.example.com-saksi-bulletin_1.0-ee3fe73bad456e43adfc5ba27d9e5a60983b69e8496140308fb21061ecb2ff85.blk_write_bytes,0.0
1791022581,2026-10-03T18:16:20,docker.dev-peer0.org2.example.com-saksi-bulletin_1.0-ee3fe73bad456e43adfc5ba27d9e5a60983b69e8496140308fb21061ecb2ff85.cpu_pct,0.0
1791022581,2026-10-03T18:16:20,docker.dev-peer0.org2.example.com-saksi-bulletin_1.0-ee3fe73bad456e43adfc5ba27d9e5a60983b69e8496140308fb21061ecb2ff85.mem_bytes,7282360.32
1791022581,2026-10-03T18:16:20,docker.dev-peer0.org2.example.com-saksi-bulletin_1.0-ee3fe73bad456e43adfc5ba27d9e5a60983b69e8496140308fb21061ecb2ff85.blk_read_bytes,0.0
1791022581,2026-10-03T18:16:20,docker.dev-peer0.org2.example.com-saksi-bulletin_1.0-ee3fe73bad456e43adfc5ba27d9e5a60983b69e8496140308fb21061ecb2ff85.blk_write_bytes,0.0
1791022581,2026-10-03T18:16:20,docker.peer0.org1.example.com.cpu_pct,1.46
1791022581,2026-10-03T18:16:20,docker.peer0.org1.example.com.mem_bytes,53550776.32
1791022581,2026-10-03T18:16:20,docker.peer0.org1.example.com.blk_read_bytes,3760000.0
1791022581,2026-10-03T18:16:20,docker.peer0.org1.example.com.blk_write_bytes,5100000.0
1791022581,2026-10-03T18:16:20,docker.peer0.org2.example.com.cpu_pct,0.94
1791022581,2026-10-03T18:16:20,docker.peer0.org2.example.com.mem_bytes,44941967.36
1791022581,2026-10-03T18:16:20,docker.peer0.org2.example.com.blk_read_bytes,545000.0
1791022581,2026-10-03T18:16:20,docker.peer0.org2.example.com.blk_write_bytes,3610000.0
1791022581,2026-10-03T18:16:20,docker.orderer.example.com.cpu_pct,0.04
1791022581,2026-10-03T18:16:20,docker.orderer.example.com.mem_bytes,17448304.64
1791022581,2026-10-03T18:16:20,docker.orderer.example.com.blk_read_bytes,31400000.0
1791022581,2026-10-03T18:16:20,docker.orderer.example.com.blk_write_bytes,262000.0
1791022581,2026-10-03T18:16:20,wsl.MemTotal_kb,24608408
1791022581,2026-10-03T18:16:20,wsl.MemAvailable_kb,22995816
1791022581,2026-10-03T18:16:20,wsl.SwapTotal_kb,0
1791022581,2026-10-03T18:16:20,wsl.SwapFree_kb,0
1791022581,2026-10-03T18:16:20,wsl.Dirty_kb,689840
1791022581,2026-10-03T18:16:20,wsl.load1,11.56
1791022581,2026-10-03T18:16:20,wsl.load5,9.41
1791022581,2026-10-03T18:16:20,host.c_free_bytes,49304780800
1791022581,2026-10-03T18:16:20,host.q_free_bytes,418763845632
1791022581,2026-10-03T18:16:20,host.docker_vhdx_bytes,15592325120
1791022581,2026-10-03T18:16:20,host.ubuntu_vhdx_bytes,212983611392
1791022581,2026-10-03T18:16:20,win.Memory\Available MBytes,91.933431
1791022581,2026-10-03T18:16:20,win.PhysicalDisk(0 C:)\% Disk Time,16703.0
1791022581,2026-10-03T18:16:20,win.PhysicalDisk(1 Q:)\% Disk Time,92.059031
1791022581,2026-10-03T18:16:20,win.PhysicalDisk(_Total)\% Disk Time,0.0
1791022581,2026-10-03T18:16:20,win.PhysicalDisk(0 C:)\Current Disk Queue Length,46.029515
1791022581,2026-10-03T18:16:20,win.PhysicalDisk(1 Q:)\Current Disk Queue Length,0.0
1791022581,2026-10-03T18:16:20,win.PhysicalDisk(_Total)\Current Disk Queue Length,0.0
1791022581,2026-10-03T18:16:20,win.Process(vmmemWSL)\% Processor Time,0.0
1791022591,2026-10-03T18:16:30,docker.dev-peer0.org1.example.com-saksi-bulletin_1.0-ee3fe73bad456e43adfc5ba27d9e5a60983b69e8496140308fb21061ecb2ff85.cpu_pct,0.0
1791022591,2026-10-03T18:16:30,docker.dev-peer0.org1.example.com-saksi-bulletin_1.0-ee3fe73bad456e43adfc5ba27d9e5a60983b69e8496140308fb21061ecb2ff85.mem_bytes,6979321.856
1791022591,2026-10-03T18:16:30,docker.dev-peer0.org1.example.com-saksi-bulletin_1.0-ee3fe73bad456e43adfc5ba27d9e5a60983b69e8496140308fb21061ecb2ff85.blk_read_bytes,0.0
1791022591,2026-10-03T18:16:30,docker.dev-peer0.org1.example.com-saksi-bulletin_1.0-ee3fe73bad456e43adfc5ba27d9e5a60983b69e8496140308fb21061ecb2ff85.blk_write_bytes,0.0
1791022591,2026-10-03T18:16:30,docker.dev-peer0.org2.example.com-saksi-bulletin_1.0-ee3fe73bad456e43adfc5ba27d9e5a60983b69e8496140308fb21061ecb2ff85.cpu_pct,0.0
1791022591,2026-10-03T18:16:30,docker.dev-peer0.org2.example.com-saksi-bulletin_1.0-ee3fe73bad456e43adfc5ba27d9e5a60983b69e8496140308fb21061ecb2ff85.mem_bytes,7282360.32
1791022591,2026-10-03T18:16:30,docker.dev-peer0.org2.example.com-saksi-bulletin_1.0-ee3fe73bad456e43adfc5ba27d9e5a60983b69e8496140308fb21061ecb2ff85.blk_read_bytes,0.0
1791022591,2026-10-03T18:16:30,docker.dev-peer0.org2.example.com-saksi-bulletin_1.0-ee3fe73bad456e43adfc5ba27d9e5a60983b69e8496140308fb21061ecb2ff85.blk_write_bytes,0.0
1791022591,2026-10-03T18:16:30,docker.peer0.org1.example.com.cpu_pct,1.35
1791022591,2026-10-03T18:16:30,docker.peer0.org1.example.com.mem_bytes,52848230.4
1791022591,2026-10-03T18:16:30,docker.peer0.org1.example.com.blk_read_bytes,3760000.0
1791022591,2026-10-03T18:16:30,docker.peer0.org1.example.com.blk_write_bytes,5100000.0
1791022591,2026-10-03T18:16:30,docker.peer0.org2.example.com.cpu_pct,1.14
1791022591,2026-10-03T18:16:30,docker.peer0.org2.example.com.mem_bytes,45445283.84
1791022591,2026-10-03T18:16:30,docker.peer0.org2.example.com.blk_read_bytes,545000.0
1791022591,2026-10-03T18:16:30,docker.peer0.org2.example.com.blk_write_bytes,3610000.0
1791022591,2026-10-03T18:16:30,docker.orderer.example.com.cpu_pct,0.04
1791022591,2026-10-03T18:16:30,docker.orderer.example.com.mem_bytes,17448304.64
1791022591,2026-10-03T18:16:30,docker.orderer.example.com.blk_read_bytes,31400000.0
1791022591,2026-10-03T18:16:30,docker.orderer.example.com.blk_write_bytes,262000.0
1791022591,2026-10-03T18:16:30,wsl.MemTotal_kb,24608408
1791022591,2026-10-03T18:16:30,wsl.MemAvailable_kb,22995244
1791022591,2026-10-03T18:16:30,wsl.SwapTotal_kb,0
1791022591,2026-10-03T18:16:30,wsl.SwapFree_kb,0
1791022591,2026-10-03T18:16:30,wsl.Dirty_kb,862208
1791022591,2026-10-03T18:16:30,wsl.load1,12.64
1791022591,2026-10-03T18:16:30,wsl.load5,9.71
1791022591,2026-10-03T18:16:30,host.c_free_bytes,49304322048
1791022591,2026-10-03T18:16:30,host.q_free_bytes,418763845632
1791022591,2026-10-03T18:16:30,host.docker_vhdx_bytes,15592325120
1791022591,2026-10-03T18:16:30,host.ubuntu_vhdx_bytes,212983611392
1791022591,2026-10-03T18:16:30,win.Memory\Available MBytes,93.806054
1791022591,2026-10-03T18:16:30,win.PhysicalDisk(0 C:)\% Disk Time,16729.0
1791022591,2026-10-03T18:16:30,win.PhysicalDisk(1 Q:)\% Disk Time,1.877195
1791022591,2026-10-03T18:16:30,win.PhysicalDisk(_Total)\% Disk Time,0.0
1791022591,2026-10-03T18:16:30,win.PhysicalDisk(0 C:)\Current Disk Queue Length,0.938598
1791022591,2026-10-03T18:16:30,win.PhysicalDisk(1 Q:)\Current Disk Queue Length,0.0
1791022591,2026-10-03T18:16:30,win.PhysicalDisk(_Total)\Current Disk Queue Length,0.0
1791022591,2026-10-03T18:16:30,win.Process(vmmemWSL)\% Processor Time,0.0
1791022601,2026-10-03T18:16:40,docker.dev-peer0.org1.example.com-saksi-bulletin_1.0-ee3fe73bad456e43adfc5ba27d9e5a60983b69e8496140308fb21061ecb2ff85.cpu_pct,0.0
1791022601,2026-10-03T18:16:40,docker.dev-peer0.org1.example.com-saksi-bulletin_1.0-ee3fe73bad456e43adfc5ba27d9e5a60983b69e8496140308fb21061ecb2ff85.mem_bytes,6979321.856
1791022601,2026-10-03T18:16:40,docker.dev-peer0.org1.example.com-saksi-bulletin_1.0-ee3fe73bad456e43adfc5ba27d9e5a60983b69e8496140308fb21061ecb2ff85.blk_read_bytes,0.0
1791022601,2026-10-03T18:16:40,docker.dev-peer0.org1.example.com-saksi-bulletin_1.0-ee3fe73bad456e43adfc5ba27d9e5a60983b69e8496140308fb21061ecb2ff85.blk_write_bytes,0.0
1791022601,2026-10-03T18:16:40,docker.dev-peer0.org2.example.com-saksi-bulletin_1.0-ee3fe73bad456e43adfc5ba27d9e5a60983b69e8496140308fb21061ecb2ff85.cpu_pct,0.0
1791022601,2026-10-03T18:16:40,docker.dev-peer0.org2.example.com-saksi-bulletin_1.0-ee3fe73bad456e43adfc5ba27d9e5a60983b69e8496140308fb21061ecb2ff85.mem_bytes,7282360.32
1791022601,2026-10-03T18:16:40,docker.dev-peer0.org2.example.com-saksi-bulletin_1.0-ee3fe73bad456e43adfc5ba27d9e5a60983b69e8496140308fb21061ecb2ff85.blk_read_bytes,0.0
1791022601,2026-10-03T18:16:40,docker.dev-peer0.org2.example.com-saksi-bulletin_1.0-ee3fe73bad456e43adfc5ba27d9e5a60983b69e8496140308fb21061ecb2ff85.blk_write_bytes,0.0
1791022601,2026-10-03T18:16:40,docker.peer0.org1.example.com.cpu_pct,0.82
1791022601,2026-10-03T18:16:40,docker.peer0.org1.example.com.mem_bytes,52837744.64
1791022601,2026-10-03T18:16:40,docker.peer0.org1.example.com.blk_read_bytes,3760000.0
1791022601,2026-10-03T18:16:40,docker.peer0.org1.example.com.blk_write_bytes,5100000.0
1791022601,2026-10-03T18:16:40,docker.peer0.org2.example.com.cpu_pct,1.63
1791022601,2026-10-03T18:16:40,docker.peer0.org2.example.com.mem_bytes,45392855.04
1791022601,2026-10-03T18:16:40,docker.peer0.org2.example.com.blk_read_bytes,545000.0
1791022601,2026-10-03T18:16:40,docker.peer0.org2.example.com.blk_write_bytes,3610000.0
1791022601,2026-10-03T18:16:40,docker.orderer.example.com.cpu_pct,0.04
1791022601,2026-10-03T18:16:40,docker.orderer.example.com.mem_bytes,17448304.64
1791022601,2026-10-03T18:16:40,docker.orderer.example.com.blk_read_bytes,31400000.0
1791022601,2026-10-03T18:16:40,docker.orderer.example.com.blk_write_bytes,262000.0
1791022601,2026-10-03T18:16:40,wsl.MemTotal_kb,24608408
1791022601,2026-10-03T18:16:40,wsl.MemAvailable_kb,23033460
1791022601,2026-10-03T18:16:40,wsl.SwapTotal_kb,0
1791022601,2026-10-03T18:16:40,wsl.SwapFree_kb,0
1791022601,2026-10-03T18:16:40,wsl.Dirty_kb,172068
1791022601,2026-10-03T18:16:40,wsl.load1,13.16
1791022601,2026-10-03T18:16:40,wsl.load5,9.92
1791022601,2026-10-03T18:16:40,host.c_free_bytes,49305042944
1791022601,2026-10-03T18:16:40,host.q_free_bytes,418763845632
1791022601,2026-10-03T18:16:40,host.docker_vhdx_bytes,15592325120
1791022601,2026-10-03T18:16:40,host.ubuntu_vhdx_bytes,212983611392
1791022601,2026-10-03T18:16:40,win.Memory\Available MBytes,92.103881
1791022601,2026-10-03T18:16:40,win.PhysicalDisk(0 C:)\% Disk Time,16627.0
1791022601,2026-10-03T18:16:40,win.PhysicalDisk(1 Q:)\% Disk Time,2.767979
1791022601,2026-10-03T18:16:40,win.PhysicalDisk(_Total)\% Disk Time,0.0
1791022601,2026-10-03T18:16:40,win.PhysicalDisk(0 C:)\Current Disk Queue Length,1.38399
1791022601,2026-10-03T18:16:40,win.PhysicalDisk(1 Q:)\Current Disk Queue Length,0.0
1791022601,2026-10-03T18:16:40,win.PhysicalDisk(_Total)\Current Disk Queue Length,0.0
1791022601,2026-10-03T18:16:40,win.Process(vmmemWSL)\% Processor Time,0.0
1791022611,2026-10-03T18:16:50,docker.dev-peer0.org1.example.com-saksi-bulletin_1.0-ee3fe73bad456e43adfc5ba27d9e5a60983b69e8496140308fb21061ecb2ff85.cpu_pct,0.0
1791022611,2026-10-03T18:16:50,docker.dev-peer0.org1.example.com-saksi-bulletin_1.0-ee3fe73bad456e43adfc5ba27d9e5a60983b69e8496140308fb21061ecb2ff85.mem_bytes,6975127.552
1791022611,2026-10-03T18:16:50,docker.dev-peer0.org1.example.com-saksi-bulletin_1.0-ee3fe73bad456e43adfc5ba27d9e5a60983b69e8496140308fb21061ecb2ff85.blk_read_bytes,0.0
1791022611,2026-10-03T18:16:50,docker.dev-peer0.org1.example.com-saksi-bulletin_1.0-ee3fe73bad456e43adfc5ba27d9e5a60983b69e8496140308fb21061ecb2ff85.blk_write_bytes,0.0
1791022611,2026-10-03T18:16:50,docker.dev-peer0.org2.example.com-saksi-bulletin_1.0-ee3fe73bad456e43adfc5ba27d9e5a60983b69e8496140308fb21061ecb2ff85.cpu_pct,0.0
1791022611,2026-10-03T18:16:50,docker.dev-peer0.org2.example.com-saksi-bulletin_1.0-ee3fe73bad456e43adfc5ba27d9e5a60983b69e8496140308fb21061ecb2ff85.mem_bytes,7544504.32
1791022611,2026-10-03T18:16:50,docker.dev-peer0.org2.example.com-saksi-bulletin_1.0-ee3fe73bad456e43adfc5ba27d9e5a60983b69e8496140308fb21061ecb2ff85.blk_read_bytes,0.0
1791022611,2026-10-03T18:16:50,docker.dev-peer0.org2.example.com-saksi-bulletin_1.0-ee3fe73bad456e43adfc5ba27d9e5a60983b69e8496140308fb21061ecb2ff85.blk_write_bytes,0.0
1791022611,2026-10-03T18:16:50,docker.peer0.org1.example.com.cpu_pct,1.26
1791022611,2026-10-03T18:16:50,docker.peer0.org1.example.com.mem_bytes,52575600.64
1791022611,2026-10-03T18:16:50,docker.peer0.org1.example.com.blk_read_bytes,3760000.0
1791022611,2026-10-03T18:16:50,docker.peer0.org1.example.com.blk_write_bytes,5100000.0
1791022611,2026-10-03T18:16:50,docker.peer0.org2.example.com.cpu_pct,1.17
1791022611,2026-10-03T18:16:50,docker.peer0.org2.example.com.mem_bytes,45424312.32
1791022611,2026-10-03T18:16:50,docker.peer0.org2.example.com.blk_read_bytes,545000.0
1791022611,2026-10-03T18:16:50,docker.peer0.org2.example.com.blk_write_bytes,3610000.0
1791022611,2026-10-03T18:16:50,docker.orderer.example.com.cpu_pct,0.04
1791022611,2026-10-03T18:16:50,docker.orderer.example.com.mem_bytes,17710448.64
1791022611,2026-10-03T18:16:50,docker.orderer.example.com.blk_read_bytes,31400000.0
1791022611,2026-10-03T18:16:50,docker.orderer.example.com.blk_write_bytes,262000.0
1791022611,2026-10-03T18:16:50,wsl.MemTotal_kb,24608408
1791022611,2026-10-03T18:16:50,wsl.MemAvailable_kb,23019356
1791022611,2026-10-03T18:16:50,wsl.SwapTotal_kb,0
1791022611,2026-10-03T18:16:50,wsl.SwapFree_kb,0
1791022611,2026-10-03T18:16:50,wsl.Dirty_kb,402460
1791022611,2026-10-03T18:16:50,wsl.load1,12.39
1791022611,2026-10-03T18:16:50,wsl.load5,9.87
1791022611,2026-10-03T18:16:50,host.c_free_bytes,49304649728
1791022611,2026-10-03T18:16:50,host.q_free_bytes,418763845632
1791022611,2026-10-03T18:16:50,host.docker_vhdx_bytes,15592325120
1791022611,2026-10-03T18:16:50,host.ubuntu_vhdx_bytes,212983611392
1791022611,2026-10-03T18:16:50,win.Memory\Available MBytes,91.854065
1791022611,2026-10-03T18:16:50,win.PhysicalDisk(0 C:)\% Disk Time,16480.0
1791022611,2026-10-03T18:16:50,win.PhysicalDisk(1 Q:)\% Disk Time,101.510911
1791022611,2026-10-03T18:16:50,win.PhysicalDisk(_Total)\% Disk Time,0.0
1791022611,2026-10-03T18:16:50,win.PhysicalDisk(0 C:)\Current Disk Queue Length,50.755455
1791022611,2026-10-03T18:16:50,win.PhysicalDisk(1 Q:)\Current Disk Queue Length,186.0
1791022611,2026-10-03T18:16:50,win.PhysicalDisk(_Total)\Current Disk Queue Length,0.0
1791022611,2026-10-03T18:16:50,win.Process(vmmemWSL)\% Processor Time,186.0
1791022621,2026-10-03T18:17:00,docker.dev-peer0.org1.example.com-saksi-bulletin_1.0-ee3fe73bad456e43adfc5ba27d9e5a60983b69e8496140308fb21061ecb2ff85.cpu_pct,0.0
1791022621,2026-10-03T18:17:00,docker.dev-peer0.org1.example.com-saksi-bulletin_1.0-ee3fe73bad456e43adfc5ba27d9e5a60983b69e8496140308fb21061ecb2ff85.mem_bytes,6975127.552
1791022621,2026-10-03T18:17:00,docker.dev-peer0.org1.example.com-saksi-bulletin_1.0-ee3fe73bad456e43adfc5ba27d9e5a60983b69e8496140308fb21061ecb2ff85.blk_read_bytes,0.0
1791022621,2026-10-03T18:17:00,docker.dev-peer0.org1.example.com-saksi-bulletin_1.0-ee3fe73bad456e43adfc5ba27d9e5a60983b69e8496140308fb21061ecb2ff85.blk_write_bytes,0.0
1791022621,2026-10-03T18:17:00,docker.dev-peer0.org2.example.com-saksi-bulletin_1.0-ee3fe73bad456e43adfc5ba27d9e5a60983b69e8496140308fb21061ecb2ff85.cpu_pct,0.0
1791022621,2026-10-03T18:17:00,docker.dev-peer0.org2.example.com-saksi-bulletin_1.0-ee3fe73bad456e43adfc5ba27d9e5a60983b69e8496140308fb21061ecb2ff85.mem_bytes,7544504.32
1791022621,2026-10-03T18:17:00,docker.dev-peer0.org2.example.com-saksi-bulletin_1.0-ee3fe73bad456e43adfc5ba27d9e5a60983b69e8496140308fb21061ecb2ff85.blk_read_bytes,0.0
1791022621,2026-10-03T18:17:00,docker.dev-peer0.org2.example.com-saksi-bulletin_1.0-ee3fe73bad456e43adfc5ba27d9e5a60983b69e8496140308fb21061ecb2ff85.blk_write_bytes,0.0
1791022621,2026-10-03T18:17:00,docker.peer0.org1.example.com.cpu_pct,0.89
1791022621,2026-10-03T18:17:00,docker.peer0.org1.example.com.mem_bytes,52365885.44
1791022621,2026-10-03T18:17:00,docker.peer0.org1.example.com.blk_read_bytes,3760000.0
1791022621,2026-10-03T18:17:00,docker.peer0.org1.example.com.blk_write_bytes,5100000.0
1791022621,2026-10-03T18:17:00,docker.peer0.org2.example.com.cpu_pct,0.92
1791022621,2026-10-03T18:17:00,docker.peer0.org2.example.com.mem_bytes,44941967.36
1791022621,2026-10-03T18:17:00,docker.peer0.org2.example.com.blk_read_bytes,545000.0
1791022621,2026-10-03T18:17:00,docker.peer0.org2.example.com.blk_write_bytes,3610000.0
1791022621,2026-10-03T18:17:00,docker.orderer.example.com.cpu_pct,0.04
1791022621,2026-10-03T18:17:00,docker.orderer.example.com.mem_bytes,17448304.64
1791022621,2026-10-03T18:17:00,docker.orderer.example.com.blk_read_bytes,31400000.0
1791022621,2026-10-03T18:17:00,docker.orderer.example.com.blk_write_bytes,262000.0
1791022621,2026-10-03T18:17:00,wsl.MemTotal_kb,24608408
1791022621,2026-10-03T18:17:00,wsl.MemAvailable_kb,23026392
1791022621,2026-10-03T18:17:00,wsl.SwapTotal_kb,0
1791022621,2026-10-03T18:17:00,wsl.SwapFree_kb,0
1791022621,2026-10-03T18:17:00,wsl.Dirty_kb,574516
1791022621,2026-10-03T18:17:00,wsl.load1,13.75
1791022621,2026-10-03T18:17:00,wsl.load5,10.24
1791022621,2026-10-03T18:17:00,host.c_free_bytes,49305436160
1791022621,2026-10-03T18:17:00,host.q_free_bytes,418763845632
1791022621,2026-10-03T18:17:00,host.docker_vhdx_bytes,15592325120
1791022621,2026-10-03T18:17:00,host.ubuntu_vhdx_bytes,212983611392
1791022621,2026-10-03T18:17:00,win.Memory\Available MBytes,94.184827
1791022621,2026-10-03T18:17:00,win.PhysicalDisk(0 C:)\% Disk Time,16315.0
1791022621,2026-10-03T18:17:00,win.PhysicalDisk(1 Q:)\% Disk Time,1758.824419
1791022621,2026-10-03T18:17:00,win.PhysicalDisk(_Total)\% Disk Time,0.0
1791022621,2026-10-03T18:17:00,win.PhysicalDisk(0 C:)\Current Disk Queue Length,879.41221
1791022621,2026-10-03T18:17:00,win.PhysicalDisk(1 Q:)\Current Disk Queue Length,0.0
1791022621,2026-10-03T18:17:00,win.PhysicalDisk(_Total)\Current Disk Queue Length,0.0
1791022621,2026-10-03T18:17:00,win.Process(vmmemWSL)\% Processor Time,0.0
1791022631,2026-10-03T18:17:10,docker.dev-peer0.org1.example.com-saksi-bulletin_1.0-ee3fe73bad456e43adfc5ba27d9e5a60983b69e8496140308fb21061ecb2ff85.cpu_pct,0.0
1791022631,2026-10-03T18:17:10,docker.dev-peer0.org1.example.com-saksi-bulletin_1.0-ee3fe73bad456e43adfc5ba27d9e5a60983b69e8496140308fb21061ecb2ff85.mem_bytes,6975127.552
1791022631,2026-10-03T18:17:10,docker.dev-peer0.org1.example.com-saksi-bulletin_1.0-ee3fe73bad456e43adfc5ba27d9e5a60983b69e8496140308fb21061ecb2ff85.blk_read_bytes,0.0
1791022631,2026-10-03T18:17:10,docker.dev-peer0.org1.example.com-saksi-bulletin_1.0-ee3fe73bad456e43adfc5ba27d9e5a60983b69e8496140308fb21061ecb2ff85.blk_write_bytes,0.0
1791022631,2026-10-03T18:17:10,docker.dev-peer0.org2.example.com-saksi-bulletin_1.0-ee3fe73bad456e43adfc5ba27d9e5a60983b69e8496140308fb21061ecb2ff85.cpu_pct,0.0
1791022631,2026-10-03T18:17:10,docker.dev-peer0.org2.example.com-saksi-bulletin_1.0-ee3fe73bad456e43adfc5ba27d9e5a60983b69e8496140308fb21061ecb2ff85.mem_bytes,7544504.32
1791022631,2026-10-03T18:17:10,docker.dev-peer0.org2.example.com-saksi-bulletin_1.0-ee3fe73bad456e43adfc5ba27d9e5a60983b69e8496140308fb21061ecb2ff85.blk_read_bytes,0.0
1791022631,2026-10-03T18:17:10,docker.dev-peer0.org2.example.com-saksi-bulletin_1.0-ee3fe73bad456e43adfc5ba27d9e5a60983b69e8496140308fb21061ecb2ff85.blk_write_bytes,0.0
1791022631,2026-10-03T18:17:10,docker.peer0.org1.example.com.cpu_pct,1.0
1791022631,2026-10-03T18:17:10,docker.peer0.org1.example.com.mem_bytes,52617543.68
1791022631,2026-10-03T18:17:10,docker.peer0.org1.example.com.blk_read_bytes,3760000.0
1791022631,2026-10-03T18:17:10,docker.peer0.org1.example.com.blk_write_bytes,5100000.0
1791022631,2026-10-03T18:17:10,docker.peer0.org2.example.com.cpu_pct,1.0
1791022631,2026-10-03T18:17:10,docker.peer0.org2.example.com.mem_bytes,44669337.6
1791022631,2026-10-03T18:17:10,docker.peer0.org2.example.com.blk_read_bytes,545000.0
1791022631,2026-10-03T18:17:10,docker.peer0.org2.example.com.blk_write_bytes,3610000.0
1791022631,2026-10-03T18:17:10,docker.orderer.example.com.cpu_pct,0.04
1791022631,2026-10-03T18:17:10,docker.orderer.example.com.mem_bytes,17186160.64
1791022631,2026-10-03T18:17:10,docker.orderer.example.com.blk_read_bytes,31400000.0
1791022631,2026-10-03T18:17:10,docker.orderer.example.com.blk_write_bytes,262000.0
1791022631,2026-10-03T18:17:10,wsl.MemTotal_kb,24608408
1791022631,2026-10-03T18:17:10,wsl.MemAvailable_kb,23021908
1791022631,2026-10-03T18:17:10,wsl.SwapTotal_kb,0
1791022631,2026-10-03T18:17:10,wsl.SwapFree_kb,0
1791022631,2026-10-03T18:17:10,wsl.Dirty_kb,152984
1791022631,2026-10-03T18:17:10,wsl.load1,14.98
1791022631,2026-10-03T18:17:10,wsl.load5,10.61
1791022631,2026-10-03T18:17:10,host.c_free_bytes,49305042944
1791022631,2026-10-03T18:17:10,host.q_free_bytes,418763845632
1791022631,2026-10-03T18:17:10,host.docker_vhdx_bytes,15592325120
1791022631,2026-10-03T18:17:10,host.ubuntu_vhdx_bytes,212983611392
1791022631,2026-10-03T18:17:10,win.Memory\Available MBytes,92.161846
1791022631,2026-10-03T18:17:10,win.PhysicalDisk(0 C:)\% Disk Time,16025.0
1791022631,2026-10-03T18:17:10,win.PhysicalDisk(1 Q:)\% Disk Time,1.990693
1791022631,2026-10-03T18:17:10,win.PhysicalDisk(_Total)\% Disk Time,0.0
1791022631,2026-10-03T18:17:10,win.PhysicalDisk(0 C:)\Current Disk Queue Length,0.995346
1791022631,2026-10-03T18:17:10,win.PhysicalDisk(1 Q:)\Current Disk Queue Length,0.0
1791022631,2026-10-03T18:17:10,win.PhysicalDisk(_Total)\Current Disk Queue Length,0.0
1791022631,2026-10-03T18:17:10,win.Process(vmmemWSL)\% Processor Time,0.0
1791022641,2026-10-03T18:17:20,docker.dev-peer0.org1.example.com-saksi-bulletin_1.0-ee3fe73bad456e43adfc5ba27d9e5a60983b69e8496140308fb21061ecb2ff85.cpu_pct,0.0
1791022641,2026-10-03T18:17:20,docker.dev-peer0.org1.example.com-saksi-bulletin_1.0-ee3fe73bad456e43adfc5ba27d9e5a60983b69e8496140308fb21061ecb2ff85.mem_bytes,6975127.552
1791022641,2026-10-03T18:17:20,docker.dev-peer0.org1.example.com-saksi-bulletin_1.0-ee3fe73bad456e43adfc5ba27d9e5a60983b69e8496140308fb21061ecb2ff85.blk_read_bytes,0.0
1791022641,2026-10-03T18:17:20,docker.dev-peer0.org1.example.com-saksi-bulletin_1.0-ee3fe73bad456e43adfc5ba27d9e5a60983b69e8496140308fb21061ecb2ff85.blk_write_bytes,0.0
1791022641,2026-10-03T18:17:20,docker.dev-peer0.org2.example.com-saksi-bulletin_1.0-ee3fe73bad456e43adfc5ba27d9e5a60983b69e8496140308fb21061ecb2ff85.cpu_pct,0.0
1791022641,2026-10-03T18:17:20,docker.dev-peer0.org2.example.com-saksi-bulletin_1.0-ee3fe73bad456e43adfc5ba27d9e5a60983b69e8496140308fb21061ecb2ff85.mem_bytes,7544504.32
1791022641,2026-10-03T18:17:20,docker.dev-peer0.org2.example.com-saksi-bulletin_1.0-ee3fe73bad456e43adfc5ba27d9e5a60983b69e8496140308fb21061ecb2ff85.blk_read_bytes,0.0
1791022641,2026-10-03T18:17:20,docker.dev-peer0.org2.example.com-saksi-bulletin_1.0-ee3fe73bad456e43adfc5ba27d9e5a60983b69e8496140308fb21061ecb2ff85.blk_write_bytes,0.0
1791022641,2026-10-03T18:17:20,docker.peer0.org1.example.com.cpu_pct,0.84
1791022641,2026-10-03T18:17:20,docker.peer0.org1.example.com.mem_bytes,52607057.92
1791022641,2026-10-03T18:17:20,docker.peer0.org1.example.com.blk_read_bytes,3760000.0
1791022641,2026-10-03T18:17:20,docker.peer0.org1.example.com.blk_write_bytes,5100000.0
1791022641,2026-10-03T18:17:20,docker.peer0.org2.example.com.cpu_pct,0.98
1791022641,2026-10-03T18:17:20,docker.peer0.org2.example.com.mem_bytes,44669337.6
1791022641,2026-10-03T18:17:20,docker.peer0.org2.example.com.blk_read_bytes,545000.0
1791022641,2026-10-03T18:17:20,docker.peer0.org2.example.com.blk_write_bytes,3610000.0
1791022641,2026-10-03T18:17:20,docker.orderer.example.com.cpu_pct,0.04
1791022641,2026-10-03T18:17:20,docker.orderer.example.com.mem_bytes,17186160.64
1791022641,2026-10-03T18:17:20,docker.orderer.example.com.blk_read_bytes,31400000.0
1791022641,2026-10-03T18:17:20,docker.orderer.example.com.blk_write_bytes,262000.0
1791022641,2026-10-03T18:17:20,wsl.MemTotal_kb,24608408
1791022641,2026-10-03T18:17:20,wsl.MemAvailable_kb,23033392
1791022641,2026-10-03T18:17:20,wsl.SwapTotal_kb,0
1791022641,2026-10-03T18:17:20,wsl.SwapFree_kb,0
1791022641,2026-10-03T18:17:20,wsl.Dirty_kb,325508
1791022641,2026-10-03T18:17:20,wsl.load1,15.13
1791022641,2026-10-03T18:17:20,wsl.load5,10.79
1791022641,2026-10-03T18:17:20,host.c_free_bytes,49304682496
1791022641,2026-10-03T18:17:20,host.q_free_bytes,418763845632
1791022641,2026-10-03T18:17:20,host.docker_vhdx_bytes,15592325120
1791022641,2026-10-03T18:17:20,host.ubuntu_vhdx_bytes,212983611392
1791022641,2026-10-03T18:17:20,win.Memory\Available MBytes,92.18211
1791022641,2026-10-03T18:17:20,win.PhysicalDisk(0 C:)\% Disk Time,15770.0
1791022641,2026-10-03T18:17:20,win.PhysicalDisk(1 Q:)\% Disk Time,33.156342
1791022641,2026-10-03T18:17:20,win.PhysicalDisk(_Total)\% Disk Time,0.0
1791022641,2026-10-03T18:17:20,win.PhysicalDisk(0 C:)\Current Disk Queue Length,16.578171
1791022641,2026-10-03T18:17:20,win.PhysicalDisk(1 Q:)\Current Disk Queue Length,153.0
1791022641,2026-10-03T18:17:20,win.PhysicalDisk(_Total)\Current Disk Queue Length,0.0
1791022641,2026-10-03T18:17:20,win.Process(vmmemWSL)\% Processor Time,153.0
1791022651,2026-10-03T18:17:30,docker.dev-peer0.org1.example.com-saksi-bulletin_1.0-ee3fe73bad456e43adfc5ba27d9e5a60983b69e8496140308fb21061ecb2ff85.cpu_pct,0.0
1791022651,2026-10-03T18:17:30,docker.dev-peer0.org1.example.com-saksi-bulletin_1.0-ee3fe73bad456e43adfc5ba27d9e5a60983b69e8496140308fb21061ecb2ff85.mem_bytes,6975127.552
1791022651,2026-10-03T18:17:30,docker.dev-peer0.org1.example.com-saksi-bulletin_1.0-ee3fe73bad456e43adfc5ba27d9e5a60983b69e8496140308fb21061ecb2ff85.blk_read_bytes,0.0
1791022651,2026-10-03T18:17:30,docker.dev-peer0.org1.example.com-saksi-bulletin_1.0-ee3fe73bad456e43adfc5ba27d9e5a60983b69e8496140308fb21061ecb2ff85.blk_write_bytes,0.0
1791022651,2026-10-03T18:17:30,docker.dev-peer0.org2.example.com-saksi-bulletin_1.0-ee3fe73bad456e43adfc5ba27d9e5a60983b69e8496140308fb21061ecb2ff85.cpu_pct,0.0
1791022651,2026-10-03T18:17:30,docker.dev-peer0.org2.example.com-saksi-bulletin_1.0-ee3fe73bad456e43adfc5ba27d9e5a60983b69e8496140308fb21061ecb2ff85.mem_bytes,7544504.32
1791022651,2026-10-03T18:17:30,docker.dev-peer0.org2.example.com-saksi-bulletin_1.0-ee3fe73bad456e43adfc5ba27d9e5a60983b69e8496140308fb21061ecb2ff85.blk_read_bytes,0.0
1791022651,2026-10-03T18:17:30,docker.dev-peer0.org2.example.com-saksi-bulletin_1.0-ee3fe73bad456e43adfc5ba27d9e5a60983b69e8496140308fb21061ecb2ff85.blk_write_bytes,0.0
1791022651,2026-10-03T18:17:30,docker.peer0.org1.example.com.cpu_pct,1.35
1791022651,2026-10-03T18:17:30,docker.peer0.org1.example.com.mem_bytes,52848230.4
1791022651,2026-10-03T18:17:30,docker.peer0.org1.example.com.blk_read_bytes,3760000.0
1791022651,2026-10-03T18:17:30,docker.peer0.org1.example.com.blk_write_bytes,5100000.0
1791022651,2026-10-03T18:17:30,docker.peer0.org2.example.com.cpu_pct,1.13
1791022651,2026-10-03T18:17:30,docker.peer0.org2.example.com.mem_bytes,44658851.84
1791022651,2026-10-03T18:17:30,docker.peer0.org2.example.com.blk_read_bytes,545000.0
1791022651,2026-10-03T18:17:30,docker.peer0.org2.example.com.blk_write_bytes,3610000.0
1791022651,2026-10-03T18:17:30,docker.orderer.example.com.cpu_pct,0.04
1791022651,2026-10-03T18:17:30,docker.orderer.example.com.mem_bytes,17186160.64
1791022651,2026-10-03T18:17:30,docker.orderer.example.com.blk_read_bytes,31400000.0
1791022651,2026-10-03T18:17:30,docker.orderer.example.com.blk_write_bytes,262000.0
1791022651,2026-10-03T18:17:30,wsl.MemTotal_kb,24608408
1791022651,2026-10-03T18:17:30,wsl.MemAvailable_kb,23030352
1791022651,2026-10-03T18:17:30,wsl.SwapTotal_kb,0
1791022651,2026-10-03T18:17:30,wsl.SwapFree_kb,0
1791022651,2026-10-03T18:17:30,wsl.Dirty_kb,555352
1791022651,2026-10-03T18:17:30,wsl.load1,15.51
1791022651,2026-10-03T18:17:30,wsl.load5,11.01
1791022651,2026-10-03T18:17:30,host.c_free_bytes,49304231936
1791022651,2026-10-03T18:17:30,host.q_free_bytes,418763845632
1791022651,2026-10-03T18:17:30,host.docker_vhdx_bytes,15592325120
1791022651,2026-10-03T18:17:30,host.ubuntu_vhdx_bytes,212983611392
1791022651,2026-10-03T18:17:30,win.Memory\Available MBytes,93.356794
1791022651,2026-10-03T18:17:30,win.PhysicalDisk(0 C:)\% Disk Time,15530.0
1791022651,2026-10-03T18:17:30,win.PhysicalDisk(1 Q:)\% Disk Time,1194.658967
1791022651,2026-10-03T18:17:30,win.PhysicalDisk(_Total)\% Disk Time,0.0
1791022651,2026-10-03T18:17:30,win.PhysicalDisk(0 C:)\Current Disk Queue Length,597.329483
1791022651,2026-10-03T18:17:30,win.PhysicalDisk(1 Q:)\Current Disk Queue Length,0.0
1791022651,2026-10-03T18:17:30,win.PhysicalDisk(_Total)\Current Disk Queue Length,0.0
1791022651,2026-10-03T18:17:30,win.Process(vmmemWSL)\% Processor Time,0.0
1791022661,2026-10-03T18:17:40,docker.dev-peer0.org1.example.com-saksi-bulletin_1.0-ee3fe73bad456e43adfc5ba27d9e5a60983b69e8496140308fb21061ecb2ff85.cpu_pct,0.0
1791022661,2026-10-03T18:17:40,docker.dev-peer0.org1.example.com-saksi-bulletin_1.0-ee3fe73bad456e43adfc5ba27d9e5a60983b69e8496140308fb21061ecb2ff85.mem_bytes,6975127.552
1791022661,2026-10-03T18:17:40,docker.dev-peer0.org1.example.com-saksi-bulletin_1.0-ee3fe73bad456e43adfc5ba27d9e5a60983b69e8496140308fb21061ecb2ff85.blk_read_bytes,0.0
1791022661,2026-10-03T18:17:40,docker.dev-peer0.org1.example.com-saksi-bulletin_1.0-ee3fe73bad456e43adfc5ba27d9e5a60983b69e8496140308fb21061ecb2ff85.blk_write_bytes,0.0
1791022661,2026-10-03T18:17:40,docker.dev-peer0.org2.example.com-saksi-bulletin_1.0-ee3fe73bad456e43adfc5ba27d9e5a60983b69e8496140308fb21061ecb2ff85.cpu_pct,0.0
1791022661,2026-10-03T18:17:40,docker.dev-peer0.org2.example.com-saksi-bulletin_1.0-ee3fe73bad456e43adfc5ba27d9e5a60983b69e8496140308fb21061ecb2ff85.mem_bytes,7544504.32
1791022661,2026-10-03T18:17:40,docker.dev-peer0.org2.example.com-saksi-bulletin_1.0-ee3fe73bad456e43adfc5ba27d9e5a60983b69e8496140308fb21061ecb2ff85.blk_read_bytes,0.0
1791022661,2026-10-03T18:17:40,docker.dev-peer0.org2.example.com-saksi-bulletin_1.0-ee3fe73bad456e43adfc5ba27d9e5a60983b69e8496140308fb21061ecb2ff85.blk_write_bytes,0.0
1791022661,2026-10-03T18:17:40,docker.peer0.org1.example.com.cpu_pct,1.0
1791022661,2026-10-03T18:17:40,docker.peer0.org1.example.com.mem_bytes,53099888.64
1791022661,2026-10-03T18:17:40,docker.peer0.org1.example.com.blk_read_bytes,3760000.0
1791022661,2026-10-03T18:17:40,docker.peer0.org1.example.com.blk_write_bytes,5100000.0
1791022661,2026-10-03T18:17:40,docker.peer0.org2.example.com.cpu_pct,1.34
1791022661,2026-10-03T18:17:40,docker.peer0.org2.example.com.mem_bytes,44920995.84
1791022661,2026-10-03T18:17:40,docker.peer0.org2.example.com.blk_read_bytes,545000.0
1791022661,2026-10-03T18:17:40,docker.peer0.org2.example.com.blk_write_bytes,3610000.0
1791022661,2026-10-03T18:17:40,docker.orderer.example.com.cpu_pct,0.05
1791022661,2026-10-03T18:17:40,docker.orderer.example.com.mem_bytes,17186160.64
1791022661,2026-10-03T18:17:40,docker.orderer.example.com.blk_read_bytes,31400000.0
1791022661,2026-10-03T18:17:40,docker.orderer.example.com.blk_write_bytes,262000.0
1791022661,2026-10-03T18:17:40,wsl.MemTotal_kb,24608408
1791022661,2026-10-03T18:17:40,wsl.MemAvailable_kb,23037820
1791022661,2026-10-03T18:17:40,wsl.SwapTotal_kb,0
1791022661,2026-10-03T18:17:40,wsl.SwapFree_kb,0
1791022661,2026-10-03T18:17:40,wsl.Dirty_kb,121916
1791022661,2026-10-03T18:17:40,wsl.load1,15.66
1791022661,2026-10-03T18:17:40,wsl.load5,11.2
1791022661,2026-10-03T18:17:40,host.c_free_bytes,49305051136
1791022661,2026-10-03T18:17:40,host.q_free_bytes,418763845632
1791022661,2026-10-03T18:17:40,host.docker_vhdx_bytes,15592325120
1791022661,2026-10-03T18:17:40,host.ubuntu_vhdx_bytes,212983611392
1791022661,2026-10-03T18:17:40,win.Memory\Available MBytes,91.802924
1791022661,2026-10-03T18:17:40,win.PhysicalDisk(0 C:)\% Disk Time,15318.0
1791022661,2026-10-03T18:17:40,win.PhysicalDisk(1 Q:)\% Disk Time,3.808379
1791022661,2026-10-03T18:17:40,win.PhysicalDisk(_Total)\% Disk Time,0.0
1791022661,2026-10-03T18:17:40,win.PhysicalDisk(0 C:)\Current Disk Queue Length,1.90419
1791022661,2026-10-03T18:17:40,win.PhysicalDisk(1 Q:)\Current Disk Queue Length,0.0
1791022661,2026-10-03T18:17:40,win.PhysicalDisk(_Total)\Current Disk Queue Length,0.0
1791022661,2026-10-03T18:17:40,win.Process(vmmemWSL)\% Processor Time,0.0
1791022671,2026-10-03T18:17:50,docker.dev-peer0.org1.example.com-saksi-bulletin_1.0-ee3fe73bad456e43adfc5ba27d9e5a60983b69e8496140308fb21061ecb2ff85.cpu_pct,0.0
1791022671,2026-10-03T18:17:50,docker.dev-peer0.org1.example.com-saksi-bulletin_1.0-ee3fe73bad456e43adfc5ba27d9e5a60983b69e8496140308fb21061ecb2ff85.mem_bytes,6975127.552
1791022671,2026-10-03T18:17:50,docker.dev-peer0.org1.example.com-saksi-bulletin_1.0-ee3fe73bad456e43adfc5ba27d9e5a60983b69e8496140308fb21061ecb2ff85.blk_read_bytes,0.0
1791022671,2026-10-03T18:17:50,docker.dev-peer0.org1.example.com-saksi-bulletin_1.0-ee3fe73bad456e43adfc5ba27d9e5a60983b69e8496140308fb21061ecb2ff85.blk_write_bytes,0.0
1791022671,2026-10-03T18:17:50,docker.dev-peer0.org2.example.com-saksi-bulletin_1.0-ee3fe73bad456e43adfc5ba27d9e5a60983b69e8496140308fb21061ecb2ff85.cpu_pct,0.0
1791022671,2026-10-03T18:17:50,docker.dev-peer0.org2.example.com-saksi-bulletin_1.0-ee3fe73bad456e43adfc5ba27d9e5a60983b69e8496140308fb21061ecb2ff85.mem_bytes,7544504.32
1791022671,2026-10-03T18:17:50,docker.dev-peer0.org2.example.com-saksi-bulletin_1.0-ee3fe73bad456e43adfc5ba27d9e5a60983b69e8496140308fb21061ecb2ff85.blk_read_bytes,0.0
1791022671,2026-10-03T18:17:50,docker.dev-peer0.org2.example.com-saksi-bulletin_1.0-ee3fe73bad456e43adfc5ba27d9e5a60983b69e8496140308fb21061ecb2ff85.blk_write_bytes,0.0
1791022671,2026-10-03T18:17:50,docker.peer0.org1.example.com.cpu_pct,1.26
1791022671,2026-10-03T18:17:50,docker.peer0.org1.example.com.mem_bytes,52575600.64
1791022671,2026-10-03T18:17:50,docker.peer0.org1.example.com.blk_read_bytes,3760000.0
1791022671,2026-10-03T18:17:50,docker.peer0.org1.example.com.blk_write_bytes,5100000.0
1791022671,2026-10-03T18:17:50,docker.peer0.org2.example.com.cpu_pct,1.24
1791022671,2026-10-03T18:17:50,docker.peer0.org2.example.com.mem_bytes,45183139.84
1791022671,2026-10-03T18:17:50,docker.peer0.org2.example.com.blk_read_bytes,545000.0
1791022671,2026-10-03T18:17:50,docker.peer0.org2.example.com.blk_write_bytes,3610000.0
1791022671,2026-10-03T18:17:50,docker.orderer.example.com.cpu_pct,0.04
1791022671,2026-10-03T18:17:50,docker.orderer.example.com.mem_bytes,17437818.88
1791022671,2026-10-03T18:17:50,docker.orderer.example.com.blk_read_bytes,31400000.0
1791022671,2026-10-03T18:17:50,docker.orderer.example.com.blk_write_bytes,262000.0
1791022671,2026-10-03T18:17:50,wsl.MemTotal_kb,24608408
1791022671,2026-10-03T18:17:50,wsl.MemAvailable_kb,23034944
1791022671,2026-10-03T18:17:50,wsl.SwapTotal_kb,0
1791022671,2026-10-03T18:17:50,wsl.SwapFree_kb,0
1791022671,2026-10-03T18:17:50,wsl.Dirty_kb,294480
1791022671,2026-10-03T18:17:50,wsl.load1,14.85
1791022671,2026-10-03T18:17:50,wsl.load5,11.16
1791022671,2026-10-03T18:17:50,host.c_free_bytes,49305739264
1791022671,2026-10-03T18:17:50,host.q_free_bytes,418763845632
1791022671,2026-10-03T18:17:50,host.docker_vhdx_bytes,15592325120
1791022671,2026-10-03T18:17:50,host.ubuntu_vhdx_bytes,212983611392
1791022671,2026-10-03T18:17:50,win.Memory\Available MBytes,93.961045
1791022671,2026-10-03T18:17:50,win.PhysicalDisk(0 C:)\% Disk Time,15150.0
1791022671,2026-10-03T18:17:50,win.PhysicalDisk(1 Q:)\% Disk Time,2.425595
1791022671,2026-10-03T18:17:50,win.PhysicalDisk(_Total)\% Disk Time,0.0
1791022671,2026-10-03T18:17:50,win.PhysicalDisk(0 C:)\Current Disk Queue Length,1.212798
1791022671,2026-10-03T18:17:50,win.PhysicalDisk(1 Q:)\Current Disk Queue Length,0.0
1791022671,2026-10-03T18:17:50,win.PhysicalDisk(_Total)\Current Disk Queue Length,0.0
1791022671,2026-10-03T18:17:50,win.Process(vmmemWSL)\% Processor Time,0.0
1791022681,2026-10-03T18:18:00,docker.dev-peer0.org1.example.com-saksi-bulletin_1.0-ee3fe73bad456e43adfc5ba27d9e5a60983b69e8496140308fb21061ecb2ff85.cpu_pct,0.0
1791022681,2026-10-03T18:18:00,docker.dev-peer0.org1.example.com-saksi-bulletin_1.0-ee3fe73bad456e43adfc5ba27d9e5a60983b69e8496140308fb21061ecb2ff85.mem_bytes,6725566.464
1791022681,2026-10-03T18:18:00,docker.dev-peer0.org1.example.com-saksi-bulletin_1.0-ee3fe73bad456e43adfc5ba27d9e5a60983b69e8496140308fb21061ecb2ff85.blk_read_bytes,0.0
1791022681,2026-10-03T18:18:00,docker.dev-peer0.org1.example.com-saksi-bulletin_1.0-ee3fe73bad456e43adfc5ba27d9e5a60983b69e8496140308fb21061ecb2ff85.blk_write_bytes,0.0
1791022681,2026-10-03T18:18:00,docker.dev-peer0.org2.example.com-saksi-bulletin_1.0-ee3fe73bad456e43adfc5ba27d9e5a60983b69e8496140308fb21061ecb2ff85.cpu_pct,0.0
1791022681,2026-10-03T18:18:00,docker.dev-peer0.org2.example.com-saksi-bulletin_1.0-ee3fe73bad456e43adfc5ba27d9e5a60983b69e8496140308fb21061ecb2ff85.mem_bytes,7544504.32
1791022681,2026-10-03T18:18:00,docker.dev-peer0.org2.example.com-saksi-bulletin_1.0-ee3fe73bad456e43adfc5ba27d9e5a60983b69e8496140308fb21061ecb2ff85.blk_read_bytes,0.0
1791022681,2026-10-03T18:18:00,docker.dev-peer0.org2.example.com-saksi-bulletin_1.0-ee3fe73bad456e43adfc5ba27d9e5a60983b69e8496140308fb21061ecb2ff85.blk_write_bytes,0.0
1791022681,2026-10-03T18:18:00,docker.peer0.org1.example.com.cpu_pct,0.95
1791022681,2026-10-03T18:18:00,docker.peer0.org1.example.com.mem_bytes,52837744.64
1791022681,2026-10-03T18:18:00,docker.peer0.org1.example.com.blk_read_bytes,3760000.0
1791022681,2026-10-03T18:18:00,docker.peer0.org1.example.com.blk_write_bytes,5100000.0
1791022681,2026-10-03T18:18:00,docker.peer0.org2.example.com.cpu_pct,0.83
1791022681,2026-10-03T18:18:00,docker.peer0.org2.example.com.mem_bytes,45172654.08
1791022681,2026-10-03T18:18:00,docker.peer0.org2.example.com.blk_read_bytes,545000.0
1791022681,2026-10-03T18:18:00,docker.peer0.org2.example.com.blk_write_bytes,3610000.0
1791022681,2026-10-03T18:18:00,docker.orderer.example.com.cpu_pct,0.04
1791022681,2026-10-03T18:18:00,docker.orderer.example.com.mem_bytes,17186160.64
1791022681,2026-10-03T18:18:00,docker.orderer.example.com.blk_read_bytes,31400000.0
1791022681,2026-10-03T18:18:00,docker.orderer.example.com.blk_write_bytes,262000.0
1791022681,2026-10-03T18:18:00,wsl.MemTotal_kb,24608408
1791022681,2026-10-03T18:18:00,wsl.MemAvailable_kb,23037888
1791022681,2026-10-03T18:18:00,wsl.SwapTotal_kb,0
1791022681,2026-10-03T18:18:00,wsl.SwapFree_kb,0
1791022681,2026-10-03T18:18:00,wsl.Dirty_kb,524372
1791022681,2026-10-03T18:18:00,wsl.load1,15.11
1791022681,2026-10-03T18:18:00,wsl.load5,11.33
1791022681,2026-10-03T18:18:00,host.c_free_bytes,49305346048
1791022681,2026-10-03T18:18:00,host.q_free_bytes,418763845632
1791022681,2026-10-03T18:18:00,host.docker_vhdx_bytes,15592325120
1791022681,2026-10-03T18:18:00,host.ubuntu_vhdx_bytes,212983611392
1791022681,2026-10-03T18:18:00,win.Memory\Available MBytes,91.683514
1791022681,2026-10-03T18:18:00,win.PhysicalDisk(0 C:)\% Disk Time,15011.0
1791022681,2026-10-03T18:18:00,win.PhysicalDisk(1 Q:)\% Disk Time,1285.019476
1791022681,2026-10-03T18:18:00,win.PhysicalDisk(_Total)\% Disk Time,0.0
1791022681,2026-10-03T18:18:00,win.PhysicalDisk(0 C:)\Current Disk Queue Length,642.509737
1791022681,2026-10-03T18:18:00,win.PhysicalDisk(1 Q:)\Current Disk Queue Length,0.0
1791022681,2026-10-03T18:18:00,win.PhysicalDisk(_Total)\Current Disk Queue Length,0.0
1791022681,2026-10-03T18:18:00,win.Process(vmmemWSL)\% Processor Time,0.0
1791022691,2026-10-03T18:18:10,docker.dev-peer0.org1.example.com-saksi-bulletin_1.0-ee3fe73bad456e43adfc5ba27d9e5a60983b69e8496140308fb21061ecb2ff85.cpu_pct,0.0
1791022691,2026-10-03T18:18:10,docker.dev-peer0.org1.example.com-saksi-bulletin_1.0-ee3fe73bad456e43adfc5ba27d9e5a60983b69e8496140308fb21061ecb2ff85.mem_bytes,6725566.464
1791022691,2026-10-03T18:18:10,docker.dev-peer0.org1.example.com-saksi-bulletin_1.0-ee3fe73bad456e43adfc5ba27d9e5a60983b69e8496140308fb21061ecb2ff85.blk_read_bytes,0.0
1791022691,2026-10-03T18:18:10,docker.dev-peer0.org1.example.com-saksi-bulletin_1.0-ee3fe73bad456e43adfc5ba27d9e5a60983b69e8496140308fb21061ecb2ff85.blk_write_bytes,0.0
1791022691,2026-10-03T18:18:10,docker.dev-peer0.org2.example.com-saksi-bulletin_1.0-ee3fe73bad456e43adfc5ba27d9e5a60983b69e8496140308fb21061ecb2ff85.cpu_pct,0.0
1791022691,2026-10-03T18:18:10,docker.dev-peer0.org2.example.com-saksi-bulletin_1.0-ee3fe73bad456e43adfc5ba27d9e5a60983b69e8496140308fb21061ecb2ff85.mem_bytes,7544504.32
1791022691,2026-10-03T18:18:10,docker.dev-peer0.org2.example.com-saksi-bulletin_1.0-ee3fe73bad456e43adfc5ba27d9e5a60983b69e8496140308fb21061ecb2ff85.blk_read_bytes,0.0
1791022691,2026-10-03T18:18:10,docker.dev-peer0.org2.example.com-saksi-bulletin_1.0-ee3fe73bad456e43adfc5ba27d9e5a60983b69e8496140308fb21061ecb2ff85.blk_write_bytes,0.0
1791022691,2026-10-03T18:18:10,docker.peer0.org1.example.com.cpu_pct,1.02
1791022691,2026-10-03T18:18:10,docker.peer0.org1.example.com.mem_bytes,52827258.88
1791022691,2026-10-03T18:18:10,docker.peer0.org1.example.com.blk_read_bytes,3760000.0
1791022691,2026-10-03T18:18:10,docker.peer0.org1.example.com.blk_write_bytes,5100000.0
1791022691,2026-10-03T18:18:10,docker.peer0.org2.example.com.cpu_pct,1.1
1791022691,2026-10-03T18:18:10,docker.peer0.org2.example.com.mem_bytes,45162168.32
1791022691,2026-10-03T18:18:10,docker.peer0.org2.example.com.blk_read_bytes,545000.0
1791022691,2026-10-03T18:18:10,docker.peer0.org2.example.com.blk_write_bytes,3610000.0
1791022691,2026-10-03T18:18:10,docker.orderer.example.com.cpu_pct,0.04
1791022691,2026-10-03T18:18:10,docker.orderer.example.com.mem_bytes,17186160.64
1791022691,2026-10-03T18:18:10,docker.orderer.example.com.blk_read_bytes,31400000.0
1791022691,2026-10-03T18:18:10,docker.orderer.example.com.blk_write_bytes,262000.0
1791022691,2026-10-03T18:18:10,wsl.MemTotal_kb,24608408
1791022691,2026-10-03T18:18:10,wsl.MemAvailable_kb,23044988
1791022691,2026-10-03T18:18:10,wsl.SwapTotal_kb,0
1791022691,2026-10-03T18:18:10,wsl.SwapFree_kb,0
1791022691,2026-10-03T18:18:10,wsl.Dirty_kb,172312
1791022691,2026-10-03T18:18:10,wsl.load1,15.23
1791022691,2026-10-03T18:18:10,wsl.load5,11.49
1791022691,2026-10-03T18:18:10,host.c_free_bytes,49304887296
1791022691,2026-10-03T18:18:10,host.q_free_bytes,418763845632
1791022691,2026-10-03T18:18:10,host.docker_vhdx_bytes,15592325120
1791022691,2026-10-03T18:18:10,host.ubuntu_vhdx_bytes,212983611392
1791022691,2026-10-03T18:18:10,win.Memory\Available MBytes,91.528912
1791022691,2026-10-03T18:18:10,win.PhysicalDisk(0 C:)\% Disk Time,14767.0
1791022691,2026-10-03T18:18:10,win.PhysicalDisk(1 Q:)\% Disk Time,8.099423
1791022691,2026-10-03T18:18:10,win.PhysicalDisk(_Total)\% Disk Time,0.0
1791022691,2026-10-03T18:18:10,win.PhysicalDisk(0 C:)\Current Disk Queue Length,4.049711
1791022691,2026-10-03T18:18:10,win.PhysicalDisk(1 Q:)\Current Disk Queue Length,0.0
1791022691,2026-10-03T18:18:10,win.PhysicalDisk(_Total)\Current Disk Queue Length,0.0
1791022691,2026-10-03T18:18:10,win.Process(vmmemWSL)\% Processor Time,0.0
1791022701,2026-10-03T18:18:20,docker.dev-peer0.org1.example.com-saksi-bulletin_1.0-ee3fe73bad456e43adfc5ba27d9e5a60983b69e8496140308fb21061ecb2ff85.cpu_pct,0.0
1791022701,2026-10-03T18:18:20,docker.dev-peer0.org1.example.com-saksi-bulletin_1.0-ee3fe73bad456e43adfc5ba27d9e5a60983b69e8496140308fb21061ecb2ff85.mem_bytes,6725566.464
1791022701,2026-10-03T18:18:20,docker.dev-peer0.org1.example.com-saksi-bulletin_1.0-ee3fe73bad456e43adfc5ba27d9e5a60983b69e8496140308fb21061ecb2ff85.blk_read_bytes,0.0
1791022701,2026-10-03T18:18:20,docker.dev-peer0.org1.example.com-saksi-bulletin_1.0-ee3fe73bad456e43adfc5ba27d9e5a60983b69e8496140308fb21061ecb2ff85.blk_write_bytes,0.0
1791022701,2026-10-03T18:18:20,docker.dev-peer0.org2.example.com-saksi-bulletin_1.0-ee3fe73bad456e43adfc5ba27d9e5a60983b69e8496140308fb21061ecb2ff85.cpu_pct,0.0
1791022701,2026-10-03T18:18:20,docker.dev-peer0.org2.example.com-saksi-bulletin_1.0-ee3fe73bad456e43adfc5ba27d9e5a60983b69e8496140308fb21061ecb2ff85.mem_bytes,7544504.32
1791022701,2026-10-03T18:18:20,docker.dev-peer0.org2.example.com-saksi-bulletin_1.0-ee3fe73bad456e43adfc5ba27d9e5a60983b69e8496140308fb21061ecb2ff85.blk_read_bytes,0.0
1791022701,2026-10-03T18:18:20,docker.dev-peer0.org2.example.com-saksi-bulletin_1.0-ee3fe73bad456e43adfc5ba27d9e5a60983b69e8496140308fb21061ecb2ff85.blk_write_bytes,0.0
1791022701,2026-10-03T18:18:20,docker.peer0.org1.example.com.cpu_pct,0.91
1791022701,2026-10-03T18:18:20,docker.peer0.org1.example.com.mem_bytes,53089402.88
1791022701,2026-10-03T18:18:20,docker.peer0.org1.example.com.blk_read_bytes,3760000.0
1791022701,2026-10-03T18:18:20,docker.peer0.org1.example.com.blk_write_bytes,5100000.0
1791022701,2026-10-03T18:18:20,docker.peer0.org2.example.com.cpu_pct,1.0
1791022701,2026-10-03T18:18:20,docker.peer0.org2.example.com.mem_bytes,44658851.84
1791022701,2026-10-03T18:18:20,docker.peer0.org2.example.com.blk_read_bytes,545000.0
1791022701,2026-10-03T18:18:20,docker.peer0.org2.example.com.blk_write_bytes,3610000.0
1791022701,2026-10-03T18:18:20,docker.orderer.example.com.cpu_pct,0.04
1791022701,2026-10-03T18:18:20,docker.orderer.example.com.mem_bytes,17186160.64
1791022701,2026-10-03T18:18:20,docker.orderer.example.com.blk_read_bytes,31400000.0
1791022701,2026-10-03T18:18:20,docker.orderer.example.com.blk_write_bytes,262000.0
1791022701,2026-10-03T18:18:20,wsl.MemTotal_kb,24608408
1791022701,2026-10-03T18:18:20,wsl.MemAvailable_kb,23041708
1791022701,2026-10-03T18:18:20,wsl.SwapTotal_kb,0
1791022701,2026-10-03T18:18:20,wsl.SwapFree_kb,0
1791022701,2026-10-03T18:18:20,wsl.Dirty_kb,344704
1791022701,2026-10-03T18:18:20,wsl.load1,15.83
1791022701,2026-10-03T18:18:20,wsl.load5,11.74
1791022701,2026-10-03T18:18:20,host.c_free_bytes,49303969792
1791022701,2026-10-03T18:18:20,host.q_free_bytes,418763845632
1791022701,2026-10-03T18:18:20,host.docker_vhdx_bytes,15592325120
1791022701,2026-10-03T18:18:20,host.ubuntu_vhdx_bytes,212983611392
1791022701,2026-10-03T18:18:20,win.Memory\Available MBytes,93.66505
1791022701,2026-10-03T18:18:20,win.PhysicalDisk(0 C:)\% Disk Time,14586.0
1791022701,2026-10-03T18:18:20,win.PhysicalDisk(1 Q:)\% Disk Time,4.274878
1791022701,2026-10-03T18:18:20,win.PhysicalDisk(_Total)\% Disk Time,0.0
1791022701,2026-10-03T18:18:20,win.PhysicalDisk(0 C:)\Current Disk Queue Length,2.137439
1791022701,2026-10-03T18:18:20,win.PhysicalDisk(1 Q:)\Current Disk Queue Length,0.0
1791022701,2026-10-03T18:18:20,win.PhysicalDisk(_Total)\Current Disk Queue Length,0.0
1791022701,2026-10-03T18:18:20,win.Process(vmmemWSL)\% Processor Time,0.0
1791022711,2026-10-03T18:18:30,docker.dev-peer0.org1.example.com-saksi-bulletin_1.0-ee3fe73bad456e43adfc5ba27d9e5a60983b69e8496140308fb21061ecb2ff85.cpu_pct,0.0
1791022711,2026-10-03T18:18:30,docker.dev-peer0.org1.example.com-saksi-bulletin_1.0-ee3fe73bad456e43adfc5ba27d9e5a60983b69e8496140308fb21061ecb2ff85.mem_bytes,6725566.464
1791022711,2026-10-03T18:18:30,docker.dev-peer0.org1.example.com-saksi-bulletin_1.0-ee3fe73bad456e43adfc5ba27d9e5a60983b69e8496140308fb21061ecb2ff85.blk_read_bytes,0.0
1791022711,2026-10-03T18:18:30,docker.dev-peer0.org1.example.com-saksi-bulletin_1.0-ee3fe73bad456e43adfc5ba27d9e5a60983b69e8496140308fb21061ecb2ff85.blk_write_bytes,0.0
1791022711,2026-10-03T18:18:30,docker.dev-peer0.org2.example.com-saksi-bulletin_1.0-ee3fe73bad456e43adfc5ba27d9e5a60983b69e8496140308fb21061ecb2ff85.cpu_pct,0.0
1791022711,2026-10-03T18:18:30,docker.dev-peer0.org2.example.com-saksi-bulletin_1.0-ee3fe73bad456e43adfc5ba27d9e5a60983b69e8496140308fb21061ecb2ff85.mem_bytes,7286554.624
1791022711,2026-10-03T18:18:30,docker.dev-peer0.org2.example.com-saksi-bulletin_1.0-ee3fe73bad456e43adfc5ba27d9e5a60983b69e8496140308fb21061ecb2ff85.blk_read_bytes,0.0
1791022711,2026-10-03T18:18:30,docker.dev-peer0.org2.example.com-saksi-bulletin_1.0-ee3fe73bad456e43adfc5ba27d9e5a60983b69e8496140308fb21061ecb2ff85.blk_write_bytes,0.0
1791022711,2026-10-03T18:18:30,docker.peer0.org1.example.com.cpu_pct,1.08
1791022711,2026-10-03T18:18:30,docker.peer0.org1.example.com.mem_bytes,52376371.2
1791022711,2026-10-03T18:18:30,docker.peer0.org1.example.com.blk_read_bytes,3760000.0
1791022711,2026-10-03T18:18:30,docker.peer0.org1.example.com.blk_write_bytes,5100000.0
1791022711,2026-10-03T18:18:30,docker.peer0.org2.example.com.cpu_pct,1.08
1791022711,2026-10-03T18:18:30,docker.peer0.org2.example.com.mem_bytes,44931481.6
1791022711,2026-10-03T18:18:30,docker.peer0.org2.example.com.blk_read_bytes,545000.0
1791022711,2026-10-03T18:18:30,docker.peer0.org2.example.com.blk_write_bytes,3610000.0
1791022711,2026-10-03T18:18:30,docker.orderer.example.com.cpu_pct,0.04
1791022711,2026-10-03T18:18:30,docker.orderer.example.com.mem_bytes,17186160.64
1791022711,2026-10-03T18:18:30,docker.orderer.example.com.blk_read_bytes,31400000.0
1791022711,2026-10-03T18:18:30,docker.orderer.example.com.blk_write_bytes,262000.0
1791022711,2026-10-03T18:18:30,wsl.MemTotal_kb,24608408
1791022711,2026-10-03T18:18:30,wsl.MemAvailable_kb,23042968
1791022711,2026-10-03T18:18:30,wsl.SwapTotal_kb,0
1791022711,2026-10-03T18:18:30,wsl.SwapFree_kb,0
1791022711,2026-10-03T18:18:30,wsl.Dirty_kb,574792
1791022711,2026-10-03T18:18:30,wsl.load1,16.17
1791022711,2026-10-03T18:18:30,wsl.load5,11.94
1791022711,2026-10-03T18:18:30,host.c_free_bytes,49303642112
1791022711,2026-10-03T18:18:30,host.q_free_bytes,418763845632
1791022711,2026-10-03T18:18:30,host.docker_vhdx_bytes,15592325120
1791022711,2026-10-03T18:18:30,host.ubuntu_vhdx_bytes,212983611392
1791022711,2026-10-03T18:18:30,win.Memory\Available MBytes,92.283435
1791022711,2026-10-03T18:18:30,win.PhysicalDisk(0 C:)\% Disk Time,14310.0
1791022711,2026-10-03T18:18:30,win.PhysicalDisk(1 Q:)\% Disk Time,1128.230204
1791022711,2026-10-03T18:18:30,win.PhysicalDisk(_Total)\% Disk Time,0.0
1791022711,2026-10-03T18:18:30,win.PhysicalDisk(0 C:)\Current Disk Queue Length,564.115103
1791022711,2026-10-03T18:18:30,win.PhysicalDisk(1 Q:)\Current Disk Queue Length,0.0
1791022711,2026-10-03T18:18:30,win.PhysicalDisk(_Total)\Current Disk Queue Length,0.0
1791022711,2026-10-03T18:18:30,win.Process(vmmemWSL)\% Processor Time,0.0
1791022721,2026-10-03T18:18:40,docker.dev-peer0.org1.example.com-saksi-bulletin_1.0-ee3fe73bad456e43adfc5ba27d9e5a60983b69e8496140308fb21061ecb2ff85.cpu_pct,0.0
1791022721,2026-10-03T18:18:40,docker.dev-peer0.org1.example.com-saksi-bulletin_1.0-ee3fe73bad456e43adfc5ba27d9e5a60983b69e8496140308fb21061ecb2ff85.mem_bytes,6725566.464
1791022721,2026-10-03T18:18:40,docker.dev-peer0.org1.example.com-saksi-bulletin_1.0-ee3fe73bad456e43adfc5ba27d9e5a60983b69e8496140308fb21061ecb2ff85.blk_read_bytes,0.0
1791022721,2026-10-03T18:18:40,docker.dev-peer0.org1.example.com-saksi-bulletin_1.0-ee3fe73bad456e43adfc5ba27d9e5a60983b69e8496140308fb21061ecb2ff85.blk_write_bytes,0.0
1791022721,2026-10-03T18:18:40,docker.dev-peer0.org2.example.com-saksi-bulletin_1.0-ee3fe73bad456e43adfc5ba27d9e5a60983b69e8496140308fb21061ecb2ff85.cpu_pct,0.0
1791022721,2026-10-03T18:18:40,docker.dev-peer0.org2.example.com-saksi-bulletin_1.0-ee3fe73bad456e43adfc5ba27d9e5a60983b69e8496140308fb21061ecb2ff85.mem_bytes,7282360.32
1791022721,2026-10-03T18:18:40,docker.dev-peer0.org2.example.com-saksi-bulletin_1.0-ee3fe73bad456e43adfc5ba27d9e5a60983b69e8496140308fb21061ecb2ff85.blk_read_bytes,0.0
1791022721,2026-10-03T18:18:40,docker.dev-peer0.org2.example.com-saksi-bulletin_1.0-ee3fe73bad456e43adfc5ba27d9e5a60983b69e8496140308fb21061ecb2ff85.blk_write_bytes,0.0
1791022721,2026-10-03T18:18:40,docker.peer0.org1.example.com.cpu_pct,0.91
1791022721,2026-10-03T18:18:40,docker.peer0.org1.example.com.mem_bytes,52649000.96
1791022721,2026-10-03T18:18:40,docker.peer0.org1.example.com.blk_read_bytes,3760000.0
1791022721,2026-10-03T18:18:40,docker.peer0.org1.example.com.blk_write_bytes,5100000.0
1791022721,2026-10-03T18:18:40,docker.peer0.org2.example.com.cpu_pct,0.88
1791022721,2026-10-03T18:18:40,docker.peer0.org2.example.com.mem_bytes,44428165.12
1791022721,2026-10-03T18:18:40,docker.peer0.org2.example.com.blk_read_bytes,545000.0
1791022721,2026-10-03T18:18:40,docker.peer0.org2.example.com.blk_write_bytes,3610000.0
1791022721,2026-10-03T18:18:40,docker.orderer.example.com.cpu_pct,0.03
1791022721,2026-10-03T18:18:40,docker.orderer.example.com.mem_bytes,17186160.64
1791022721,2026-10-03T18:18:40,docker.orderer.example.com.blk_read_bytes,31400000.0
1791022721,2026-10-03T18:18:40,docker.orderer.example.com.blk_write_bytes,262000.0
1791022721,2026-10-03T18:18:40,wsl.MemTotal_kb,24608408
1791022721,2026-10-03T18:18:40,wsl.MemAvailable_kb,23051544
1791022721,2026-10-03T18:18:40,wsl.SwapTotal_kb,0
1791022721,2026-10-03T18:18:40,wsl.SwapFree_kb,0
1791022721,2026-10-03T18:18:40,wsl.Dirty_kb,47448
1791022721,2026-10-03T18:18:40,wsl.load1,15.44
1791022721,2026-10-03T18:18:40,wsl.load5,12.26
1791022721,2026-10-03T18:18:40,host.c_free_bytes,49303564288
1791022721,2026-10-03T18:18:40,host.q_free_bytes,418763845632
1791022721,2026-10-03T18:18:40,host.docker_vhdx_bytes,15592325120
1791022721,2026-10-03T18:18:40,host.ubuntu_vhdx_bytes,212983611392
1791022721,2026-10-03T18:18:40,win.Memory\Available MBytes,91.354632
1791022721,2026-10-03T18:18:40,win.PhysicalDisk(0 C:)\% Disk Time,13484.0
1791022721,2026-10-03T18:18:40,win.PhysicalDisk(1 Q:)\% Disk Time,2412.786048
1791022721,2026-10-03T18:18:40,win.PhysicalDisk(_Total)\% Disk Time,0.0
1791022721,2026-10-03T18:18:40,win.PhysicalDisk(0 C:)\Current Disk Queue Length,1206.393024
1791022721,2026-10-03T18:18:40,win.PhysicalDisk(1 Q:)\Current Disk Queue Length,57.0
1791022721,2026-10-03T18:18:40,win.PhysicalDisk(_Total)\Current Disk Queue Length,0.0
1791022721,2026-10-03T18:18:40,win.Process(vmmemWSL)\% Processor Time,57.0
1791022751,2026-10-03T18:19:10,docker.dev-peer0.org1.example.com-saksi-bulletin_1.0-ee3fe73bad456e43adfc5ba27d9e5a60983b69e8496140308fb21061ecb2ff85.cpu_pct,0.0
1791022751,2026-10-03T18:19:10,docker.dev-peer0.org1.example.com-saksi-bulletin_1.0-ee3fe73bad456e43adfc5ba27d9e5a60983b69e8496140308fb21061ecb2ff85.mem_bytes,6725566.464
1791022751,2026-10-03T18:19:10,docker.dev-peer0.org1.example.com-saksi-bulletin_1.0-ee3fe73bad456e43adfc5ba27d9e5a60983b69e8496140308fb21061ecb2ff85.blk_read_bytes,0.0
1791022751,2026-10-03T18:19:10,docker.dev-peer0.org1.example.com-saksi-bulletin_1.0-ee3fe73bad456e43adfc5ba27d9e5a60983b69e8496140308fb21061ecb2ff85.blk_write_bytes,0.0
1791022751,2026-10-03T18:19:10,docker.dev-peer0.org2.example.com-saksi-bulletin_1.0-ee3fe73bad456e43adfc5ba27d9e5a60983b69e8496140308fb21061ecb2ff85.cpu_pct,0.0
1791022751,2026-10-03T18:19:10,docker.dev-peer0.org2.example.com-saksi-bulletin_1.0-ee3fe73bad456e43adfc5ba27d9e5a60983b69e8496140308fb21061ecb2ff85.mem_bytes,7282360.32
1791022751,2026-10-03T18:19:10,docker.dev-peer0.org2.example.com-saksi-bulletin_1.0-ee3fe73bad456e43adfc5ba27d9e5a60983b69e8496140308fb21061ecb2ff85.blk_read_bytes,0.0
1791022751,2026-10-03T18:19:10,docker.dev-peer0.org2.example.com-saksi-bulletin_1.0-ee3fe73bad456e43adfc5ba27d9e5a60983b69e8496140308fb21061ecb2ff85.blk_write_bytes,0.0
1791022751,2026-10-03T18:19:10,docker.peer0.org1.example.com.cpu_pct,1.21
1791022751,2026-10-03T18:19:10,docker.peer0.org1.example.com.mem_bytes,53162803.2
1791022751,2026-10-03T18:19:10,docker.peer0.org1.example.com.blk_read_bytes,3760000.0
1791022751,2026-10-03T18:19:10,docker.peer0.org1.example.com.blk_write_bytes,5100000.0
1791022751,2026-10-03T18:19:10,docker.peer0.org2.example.com.cpu_pct,0.92
1791022751,2026-10-03T18:19:10,docker.peer0.org2.example.com.mem_bytes,44428165.12
1791022751,2026-10-03T18:19:10,docker.peer0.org2.example.com.blk_read_bytes,545000.0
1791022751,2026-10-03T18:19:10,docker.peer0.org2.example.com.blk_write_bytes,3610000.0
1791022751,2026-10-03T18:19:10,docker.orderer.example.com.cpu_pct,0.03
1791022751,2026-10-03T18:19:10,docker.orderer.example.com.mem_bytes,17186160.64
1791022751,2026-10-03T18:19:10,docker.orderer.example.com.blk_read_bytes,31400000.0
1791022751,2026-10-03T18:19:10,docker.orderer.example.com.blk_write_bytes,262000.0
1791022751,2026-10-03T18:19:10,wsl.MemTotal_kb,24608408
1791022751,2026-10-03T18:19:10,wsl.MemAvailable_kb,23049564
1791022751,2026-10-03T18:19:10,wsl.SwapTotal_kb,0
1791022751,2026-10-03T18:19:10,wsl.SwapFree_kb,0
1791022751,2026-10-03T18:19:10,wsl.Dirty_kb,104976
1791022751,2026-10-03T18:19:10,wsl.load1,15.89
1791022751,2026-10-03T18:19:10,wsl.load5,12.4
1791022751,2026-10-03T18:19:10,host.c_free_bytes,49305321472
1791022751,2026-10-03T18:19:10,host.q_free_bytes,418763845632
1791022751,2026-10-03T18:19:10,host.docker_vhdx_bytes,15592325120
1791022751,2026-10-03T18:19:10,host.ubuntu_vhdx_bytes,212983611392
1791022751,2026-10-03T18:19:10,win.Memory\Available MBytes,91.354632
1791022751,2026-10-03T18:19:10,win.PhysicalDisk(0 C:)\% Disk Time,13484.0
1791022751,2026-10-03T18:19:10,win.PhysicalDisk(1 Q:)\% Disk Time,2412.786048
1791022751,2026-10-03T18:19:10,win.PhysicalDisk(_Total)\% Disk Time,0.0
1791022751,2026-10-03T18:19:10,win.PhysicalDisk(0 C:)\Current Disk Queue Length,1206.393024
1791022751,2026-10-03T18:19:10,win.PhysicalDisk(1 Q:)\Current Disk Queue Length,57.0
1791022751,2026-10-03T18:19:10,win.PhysicalDisk(_Total)\Current Disk Queue Length,0.0
1791022751,2026-10-03T18:19:10,win.Process(vmmemWSL)\% Processor Time,57.0
1791022761,2026-10-03T18:19:20,docker.dev-peer0.org1.example.com-saksi-bulletin_1.0-ee3fe73bad456e43adfc5ba27d9e5a60983b69e8496140308fb21061ecb2ff85.cpu_pct,0.0
1791022761,2026-10-03T18:19:20,docker.dev-peer0.org1.example.com-saksi-bulletin_1.0-ee3fe73bad456e43adfc5ba27d9e5a60983b69e8496140308fb21061ecb2ff85.mem_bytes,6725566.464
1791022761,2026-10-03T18:19:20,docker.dev-peer0.org1.example.com-saksi-bulletin_1.0-ee3fe73bad456e43adfc5ba27d9e5a60983b69e8496140308fb21061ecb2ff85.blk_read_bytes,0.0
1791022761,2026-10-03T18:19:20,docker.dev-peer0.org1.example.com-saksi-bulletin_1.0-ee3fe73bad456e43adfc5ba27d9e5a60983b69e8496140308fb21061ecb2ff85.blk_write_bytes,0.0
1791022761,2026-10-03T18:19:20,docker.dev-peer0.org2.example.com-saksi-bulletin_1.0-ee3fe73bad456e43adfc5ba27d9e5a60983b69e8496140308fb21061ecb2ff85.cpu_pct,0.0
1791022761,2026-10-03T18:19:20,docker.dev-peer0.org2.example.com-saksi-bulletin_1.0-ee3fe73bad456e43adfc5ba27d9e5a60983b69e8496140308fb21061ecb2ff85.mem_bytes,7282360.32
1791022761,2026-10-03T18:19:20,docker.dev-peer0.org2.example.com-saksi-bulletin_1.0-ee3fe73bad456e43adfc5ba27d9e5a60983b69e8496140308fb21061ecb2ff85.blk_read_bytes,0.0
1791022761,2026-10-03T18:19:20,docker.dev-peer0.org2.example.com-saksi-bulletin_1.0-ee3fe73bad456e43adfc5ba27d9e5a60983b69e8496140308fb21061ecb2ff85.blk_write_bytes,0.0
1791022761,2026-10-03T18:19:20,docker.peer0.org1.example.com.cpu_pct,0.82
1791022761,2026-10-03T18:19:20,docker.peer0.org1.example.com.mem_bytes,53162803.2
1791022761,2026-10-03T18:19:20,docker.peer0.org1.example.com.blk_read_bytes,3760000.0
1791022761,2026-10-03T18:19:20,docker.peer0.org1.example.com.blk_write_bytes,5100000.0
1791022761,2026-10-03T18:19:20,docker.peer0.org2.example.com.cpu_pct,0.78
1791022761,2026-10-03T18:19:20,docker.peer0.org2.example.com.mem_bytes,44417679.36
1791022761,2026-10-03T18:19:20,docker.peer0.org2.example.com.blk_read_bytes,545000.0
1791022761,2026-10-03T18:19:20,docker.peer0.org2.example.com.blk_write_bytes,3610000.0
1791022761,2026-10-03T18:19:20,docker.orderer.example.com.cpu_pct,0.03
1791022761,2026-10-03T18:19:20,docker.orderer.example.com.mem_bytes,17186160.64
1791022761,2026-10-03T18:19:20,docker.orderer.example.com.blk_read_bytes,31400000.0
1791022761,2026-10-03T18:19:20,docker.orderer.example.com.blk_write_bytes,262000.0
1791022761,2026-10-03T18:19:20,wsl.MemTotal_kb,24608408
1791022761,2026-10-03T18:19:20,wsl.MemAvailable_kb,23057004
1791022761,2026-10-03T18:19:20,wsl.SwapTotal_kb,0
1791022761,2026-10-03T18:19:20,wsl.SwapFree_kb,0
1791022761,2026-10-03T18:19:20,wsl.Dirty_kb,279320
1791022761,2026-10-03T18:19:20,wsl.load1,16.23
1791022761,2026-10-03T18:19:20,wsl.load5,12.59
1791022761,2026-10-03T18:19:20,host.c_free_bytes,49304981504
1791022761,2026-10-03T18:19:20,host.q_free_bytes,418763845632
1791022761,2026-10-03T18:19:20,host.docker_vhdx_bytes,15592325120
1791022761,2026-10-03T18:19:20,host.ubuntu_vhdx_bytes,212983611392
1791022761,2026-10-03T18:19:20,win.Memory\Available MBytes,91.819954
1791022761,2026-10-03T18:19:20,win.PhysicalDisk(0 C:)\% Disk Time,13133.0
1791022761,2026-10-03T18:19:20,win.PhysicalDisk(1 Q:)\% Disk Time,4230.661157
1791022761,2026-10-03T18:19:20,win.PhysicalDisk(_Total)\% Disk Time,0.0
1791022761,2026-10-03T18:19:20,win.PhysicalDisk(0 C:)\Current Disk Queue Length,2115.330579
1791022761,2026-10-03T18:19:20,win.PhysicalDisk(1 Q:)\Current Disk Queue Length,40.0
1791022761,2026-10-03T18:19:20,win.PhysicalDisk(_Total)\Current Disk Queue Length,0.0
1791022761,2026-10-03T18:19:20,win.Process(vmmemWSL)\% Processor Time,40.0
1791022771,2026-10-03T18:19:30,docker.dev-peer0.org1.example.com-saksi-bulletin_1.0-ee3fe73bad456e43adfc5ba27d9e5a60983b69e8496140308fb21061ecb2ff85.cpu_pct,0.0
1791022771,2026-10-03T18:19:30,docker.dev-peer0.org1.example.com-saksi-bulletin_1.0-ee3fe73bad456e43adfc5ba27d9e5a60983b69e8496140308fb21061ecb2ff85.mem_bytes,6725566.464
1791022771,2026-10-03T18:19:30,docker.dev-peer0.org1.example.com-saksi-bulletin_1.0-ee3fe73bad456e43adfc5ba27d9e5a60983b69e8496140308fb21061ecb2ff85.blk_read_bytes,0.0
1791022771,2026-10-03T18:19:30,docker.dev-peer0.org1.example.com-saksi-bulletin_1.0-ee3fe73bad456e43adfc5ba27d9e5a60983b69e8496140308fb21061ecb2ff85.blk_write_bytes,0.0
1791022771,2026-10-03T18:19:30,docker.dev-peer0.org2.example.com-saksi-bulletin_1.0-ee3fe73bad456e43adfc5ba27d9e5a60983b69e8496140308fb21061ecb2ff85.cpu_pct,0.0
1791022771,2026-10-03T18:19:30,docker.dev-peer0.org2.example.com-saksi-bulletin_1.0-ee3fe73bad456e43adfc5ba27d9e5a60983b69e8496140308fb21061ecb2ff85.mem_bytes,7282360.32
1791022771,2026-10-03T18:19:30,docker.dev-peer0.org2.example.com-saksi-bulletin_1.0-ee3fe73bad456e43adfc5ba27d9e5a60983b69e8496140308fb21061ecb2ff85.blk_read_bytes,0.0
1791022771,2026-10-03T18:19:30,docker.dev-peer0.org2.example.com-saksi-bulletin_1.0-ee3fe73bad456e43adfc5ba27d9e5a60983b69e8496140308fb21061ecb2ff85.blk_write_bytes,0.0
1791022771,2026-10-03T18:19:30,docker.peer0.org1.example.com.cpu_pct,0.85
1791022771,2026-10-03T18:19:30,docker.peer0.org1.example.com.mem_bytes,53141831.68
1791022771,2026-10-03T18:19:30,docker.peer0.org1.example.com.blk_read_bytes,3760000.0
1791022771,2026-10-03T18:19:30,docker.peer0.org1.example.com.blk_write_bytes,5100000.0
1791022771,2026-10-03T18:19:30,docker.peer0.org2.example.com.cpu_pct,0.88
1791022771,2026-10-03T18:19:30,docker.peer0.org2.example.com.mem_bytes,44679823.36
1791022771,2026-10-03T18:19:30,docker.peer0.org2.example.com.blk_read_bytes,545000.0
1791022771,2026-10-03T18:19:30,docker.peer0.org2.example.com.blk_write_bytes,3610000.0
1791022771,2026-10-03T18:19:30,docker.orderer.example.com.cpu_pct,0.03
1791022771,2026-10-03T18:19:30,docker.orderer.example.com.mem_bytes,17186160.64
1791022771,2026-10-03T18:19:30,docker.orderer.example.com.blk_read_bytes,31400000.0
1791022771,2026-10-03T18:19:30,docker.orderer.example.com.blk_write_bytes,262000.0
1791022771,2026-10-03T18:19:30,wsl.MemTotal_kb,24608408
1791022771,2026-10-03T18:19:30,wsl.MemAvailable_kb,23056924
1791022771,2026-10-03T18:19:30,wsl.SwapTotal_kb,0
1791022771,2026-10-03T18:19:30,wsl.SwapFree_kb,0
1791022771,2026-10-03T18:19:30,wsl.Dirty_kb,507848
1791022771,2026-10-03T18:19:30,wsl.load1,15.33
1791022771,2026-10-03T18:19:30,wsl.load5,12.51
1791022771,2026-10-03T18:19:30,host.c_free_bytes,49296306176
1791022771,2026-10-03T18:19:30,host.q_free_bytes,418763845632
1791022771,2026-10-03T18:19:30,host.docker_vhdx_bytes,15592325120
1791022771,2026-10-03T18:19:30,host.ubuntu_vhdx_bytes,212983611392
1791022771,2026-10-03T18:19:30,win.Memory\Available MBytes,93.629596
1791022771,2026-10-03T18:19:30,win.PhysicalDisk(0 C:)\% Disk Time,12989.0
1791022771,2026-10-03T18:19:30,win.PhysicalDisk(1 Q:)\% Disk Time,11661.081186
1791022771,2026-10-03T18:19:30,win.PhysicalDisk(_Total)\% Disk Time,0.0
1791022771,2026-10-03T18:19:30,win.PhysicalDisk(0 C:)\Current Disk Queue Length,5830.540593
1791022771,2026-10-03T18:19:30,win.PhysicalDisk(1 Q:)\Current Disk Queue Length,0.0
1791022771,2026-10-03T18:19:30,win.PhysicalDisk(_Total)\Current Disk Queue Length,0.0
1791022771,2026-10-03T18:19:30,win.Process(vmmemWSL)\% Processor Time,0.0
1791022781,2026-10-03T18:19:40,docker.dev-peer0.org1.example.com-saksi-bulletin_1.0-ee3fe73bad456e43adfc5ba27d9e5a60983b69e8496140308fb21061ecb2ff85.cpu_pct,0.0
1791022781,2026-10-03T18:19:40,docker.dev-peer0.org1.example.com-saksi-bulletin_1.0-ee3fe73bad456e43adfc5ba27d9e5a60983b69e8496140308fb21061ecb2ff85.mem_bytes,6725566.464
1791022781,2026-10-03T18:19:40,docker.dev-peer0.org1.example.com-saksi-bulletin_1.0-ee3fe73bad456e43adfc5ba27d9e5a60983b69e8496140308fb21061ecb2ff85.blk_read_bytes,0.0
1791022781,2026-10-03T18:19:40,docker.dev-peer0.org1.example.com-saksi-bulletin_1.0-ee3fe73bad456e43adfc5ba27d9e5a60983b69e8496140308fb21061ecb2ff85.blk_write_bytes,0.0
1791022781,2026-10-03T18:19:40,docker.dev-peer0.org2.example.com-saksi-bulletin_1.0-ee3fe73bad456e43adfc5ba27d9e5a60983b69e8496140308fb21061ecb2ff85.cpu_pct,0.0
1791022781,2026-10-03T18:19:40,docker.dev-peer0.org2.example.com-saksi-bulletin_1.0-ee3fe73bad456e43adfc5ba27d9e5a60983b69e8496140308fb21061ecb2ff85.mem_bytes,7032799.232
1791022781,2026-10-03T18:19:40,docker.dev-peer0.org2.example.com-saksi-bulletin_1.0-ee3fe73bad456e43adfc5ba27d9e5a60983b69e8496140308fb21061ecb2ff85.blk_read_bytes,0.0
1791022781,2026-10-03T18:19:40,docker.dev-peer0.org2.example.com-saksi-bulletin_1.0-ee3fe73bad456e43adfc5ba27d9e5a60983b69e8496140308fb21061ecb2ff85.blk_write_bytes,0.0
1791022781,2026-10-03T18:19:40,docker.peer0.org1.example.com.cpu_pct,0.82
1791022781,2026-10-03T18:19:40,docker.peer0.org1.example.com.mem_bytes,52911144.96
1791022781,2026-10-03T18:19:40,docker.peer0.org1.example.com.blk_read_bytes,3760000.0
1791022781,2026-10-03T18:19:40,docker.peer0.org1.example.com.blk_write_bytes,5100000.0
1791022781,2026-10-03T18:19:40,docker.peer0.org2.example.com.cpu_pct,0.79
1791022781,2026-10-03T18:19:40,docker.peer0.org2.example.com.mem_bytes,44658851.84
1791022781,2026-10-03T18:19:40,docker.peer0.org2.example.com.blk_read_bytes,545000.0
1791022781,2026-10-03T18:19:40,docker.peer0.org2.example.com.blk_write_bytes,3610000.0
1791022781,2026-10-03T18:19:40,docker.orderer.example.com.cpu_pct,0.04
1791022781,2026-10-03T18:19:40,docker.orderer.example.com.mem_bytes,17186160.64
1791022781,2026-10-03T18:19:40,docker.orderer.example.com.blk_read_bytes,31400000.0
1791022781,2026-10-03T18:19:40,docker.orderer.example.com.blk_write_bytes,262000.0
1791022781,2026-10-03T18:19:40,wsl.MemTotal_kb,24608408
1791022781,2026-10-03T18:19:40,wsl.MemAvailable_kb,23058708
1791022781,2026-10-03T18:19:40,wsl.SwapTotal_kb,0
1791022781,2026-10-03T18:19:40,wsl.SwapFree_kb,0
1791022781,2026-10-03T18:19:40,wsl.Dirty_kb,114768
1791022781,2026-10-03T18:19:40,wsl.load1,15.99
1791022781,2026-10-03T18:19:40,wsl.load5,12.74
1791022781,2026-10-03T18:19:40,host.c_free_bytes,49295806464
1791022781,2026-10-03T18:19:40,host.q_free_bytes,418763845632
1791022781,2026-10-03T18:19:40,host.docker_vhdx_bytes,15592325120
1791022781,2026-10-03T18:19:40,host.ubuntu_vhdx_bytes,212983611392
1791022781,2026-10-03T18:19:40,win.Memory\Available MBytes,91.792186
1791022781,2026-10-03T18:19:40,win.PhysicalDisk(0 C:)\% Disk Time,12965.0
1791022781,2026-10-03T18:19:40,win.PhysicalDisk(1 Q:)\% Disk Time,5.115539
1791022781,2026-10-03T18:19:40,win.PhysicalDisk(_Total)\% Disk Time,0.0
1791022781,2026-10-03T18:19:40,win.PhysicalDisk(0 C:)\Current Disk Queue Length,2.55777
1791022781,2026-10-03T18:19:40,win.PhysicalDisk(1 Q:)\Current Disk Queue Length,0.0
1791022781,2026-10-03T18:19:40,win.PhysicalDisk(_Total)\Current Disk Queue Length,0.0
1791022781,2026-10-03T18:19:40,win.Process(vmmemWSL)\% Processor Time,0.0
1791022791,2026-10-03T18:19:50,docker.dev-peer0.org1.example.com-saksi-bulletin_1.0-ee3fe73bad456e43adfc5ba27d9e5a60983b69e8496140308fb21061ecb2ff85.cpu_pct,0.0
1791022791,2026-10-03T18:19:50,docker.dev-peer0.org1.example.com-saksi-bulletin_1.0-ee3fe73bad456e43adfc5ba27d9e5a60983b69e8496140308fb21061ecb2ff85.mem_bytes,6725566.464
1791022791,2026-10-03T18:19:50,docker.dev-peer0.org1.example.com-saksi-bulletin_1.0-ee3fe73bad456e43adfc5ba27d9e5a60983b69e8496140308fb21061ecb2ff85.blk_read_bytes,0.0
1791022791,2026-10-03T18:19:50,docker.dev-peer0.org1.example.com-saksi-bulletin_1.0-ee3fe73bad456e43adfc5ba27d9e5a60983b69e8496140308fb21061ecb2ff85.blk_write_bytes,0.0
1791022791,2026-10-03T18:19:50,docker.dev-peer0.org2.example.com-saksi-bulletin_1.0-ee3fe73bad456e43adfc5ba27d9e5a60983b69e8496140308fb21061ecb2ff85.cpu_pct,0.0
1791022791,2026-10-03T18:19:50,docker.dev-peer0.org2.example.com-saksi-bulletin_1.0-ee3fe73bad456e43adfc5ba27d9e5a60983b69e8496140308fb21061ecb2ff85.mem_bytes,7294943.232
1791022791,2026-10-03T18:19:50,docker.dev-peer0.org2.example.com-saksi-bulletin_1.0-ee3fe73bad456e43adfc5ba27d9e5a60983b69e8496140308fb21061ecb2ff85.blk_read_bytes,0.0
1791022791,2026-10-03T18:19:50,docker.dev-peer0.org2.example.com-saksi-bulletin_1.0-ee3fe73bad456e43adfc5ba27d9e5a60983b69e8496140308fb21061ecb2ff85.blk_write_bytes,0.0
1791022791,2026-10-03T18:19:50,docker.peer0.org1.example.com.cpu_pct,0.9
1791022791,2026-10-03T18:19:50,docker.peer0.org1.example.com.mem_bytes,53173288.96
1791022791,2026-10-03T18:19:50,docker.peer0.org1.example.com.blk_read_bytes,3760000.0
1791022791,2026-10-03T18:19:50,docker.peer0.org1.example.com.blk_write_bytes,5100000.0
1791022791,2026-10-03T18:19:50,docker.peer0.org2.example.com.cpu_pct,0.93
1791022791,2026-10-03T18:19:50,docker.peer0.org2.example.com.mem_bytes,44648366.08
1791022791,2026-10-03T18:19:50,docker.peer0.org2.example.com.blk_read_bytes,545000.0
1791022791,2026-10-03T18:19:50,docker.peer0.org2.example.com.blk_write_bytes,3610000.0
1791022791,2026-10-03T18:19:50,docker.orderer.example.com.cpu_pct,0.03
1791022791,2026-10-03T18:19:50,docker.orderer.example.com.mem_bytes,17186160.64
1791022791,2026-10-03T18:19:50,docker.orderer.example.com.blk_read_bytes,31400000.0
1791022791,2026-10-03T18:19:50,docker.orderer.example.com.blk_write_bytes,262000.0
1791022791,2026-10-03T18:19:50,wsl.MemTotal_kb,24608408
1791022791,2026-10-03T18:19:50,wsl.MemAvailable_kb,23048136
1791022791,2026-10-03T18:19:50,wsl.SwapTotal_kb,0
1791022791,2026-10-03T18:19:50,wsl.SwapFree_kb,0
1791022791,2026-10-03T18:19:50,wsl.Dirty_kb,287344
1791022791,2026-10-03T18:19:50,wsl.load1,16.63
1791022791,2026-10-03T18:19:50,wsl.load5,12.98
1791022791,2026-10-03T18:19:50,host.c_free_bytes,49295478784
1791022791,2026-10-03T18:19:50,host.q_free_bytes,418763845632
1791022791,2026-10-03T18:19:50,host.docker_vhdx_bytes,15592325120
1791022791,2026-10-03T18:19:50,host.ubuntu_vhdx_bytes,212983611392
1791022791,2026-10-03T18:19:50,win.Memory\Available MBytes,92.294445
1791022791,2026-10-03T18:19:50,win.PhysicalDisk(0 C:)\% Disk Time,12711.0
1791022791,2026-10-03T18:19:50,win.PhysicalDisk(1 Q:)\% Disk Time,2.229077
1791022791,2026-10-03T18:19:50,win.PhysicalDisk(_Total)\% Disk Time,0.0
1791022791,2026-10-03T18:19:50,win.PhysicalDisk(0 C:)\Current Disk Queue Length,1.114538
1791022791,2026-10-03T18:19:50,win.PhysicalDisk(1 Q:)\Current Disk Queue Length,0.0
1791022791,2026-10-03T18:19:50,win.PhysicalDisk(_Total)\Current Disk Queue Length,0.0
1791022791,2026-10-03T18:19:50,win.Process(vmmemWSL)\% Processor Time,0.0
1791022801,2026-10-03T18:20:00,docker.dev-peer0.org1.example.com-saksi-bulletin_1.0-ee3fe73bad456e43adfc5ba27d9e5a60983b69e8496140308fb21061ecb2ff85.cpu_pct,0.0
1791022801,2026-10-03T18:20:00,docker.dev-peer0.org1.example.com-saksi-bulletin_1.0-ee3fe73bad456e43adfc5ba27d9e5a60983b69e8496140308fb21061ecb2ff85.mem_bytes,6725566.464
1791022801,2026-10-03T18:20:00,docker.dev-peer0.org1.example.com-saksi-bulletin_1.0-ee3fe73bad456e43adfc5ba27d9e5a60983b69e8496140308fb21061ecb2ff85.blk_read_bytes,0.0
1791022801,2026-10-03T18:20:00,docker.dev-peer0.org1.example.com-saksi-bulletin_1.0-ee3fe73bad456e43adfc5ba27d9e5a60983b69e8496140308fb21061ecb2ff85.blk_write_bytes,0.0
1791022801,2026-10-03T18:20:00,docker.dev-peer0.org2.example.com-saksi-bulletin_1.0-ee3fe73bad456e43adfc5ba27d9e5a60983b69e8496140308fb21061ecb2ff85.cpu_pct,0.0
1791022801,2026-10-03T18:20:00,docker.dev-peer0.org2.example.com-saksi-bulletin_1.0-ee3fe73bad456e43adfc5ba27d9e5a60983b69e8496140308fb21061ecb2ff85.mem_bytes,7294943.232
1791022801,2026-10-03T18:20:00,docker.dev-peer0.org2.example.com-saksi-bulletin_1.0-ee3fe73bad456e43adfc5ba27d9e5a60983b69e8496140308fb21061ecb2ff85.blk_read_bytes,0.0
1791022801,2026-10-03T18:20:00,docker.dev-peer0.org2.example.com-saksi-bulletin_1.0-ee3fe73bad456e43adfc5ba27d9e5a60983b69e8496140308fb21061ecb2ff85.blk_write_bytes,0.0
1791022801,2026-10-03T18:20:00,docker.peer0.org1.example.com.cpu_pct,0.78
1791022801,2026-10-03T18:20:00,docker.peer0.org1.example.com.mem_bytes,52911144.96
1791022801,2026-10-03T18:20:00,docker.peer0.org1.example.com.blk_read_bytes,3760000.0
1791022801,2026-10-03T18:20:00,docker.peer0.org1.example.com.blk_write_bytes,5100000.0
1791022801,2026-10-03T18:20:00,docker.peer0.org2.example.com.cpu_pct,0.78
1791022801,2026-10-03T18:20:00,docker.peer0.org2.example.com.mem_bytes,44648366.08
1791022801,2026-10-03T18:20:00,docker.peer0.org2.example.com.blk_read_bytes,545000.0
1791022801,2026-10-03T18:20:00,docker.peer0.org2.example.com.blk_write_bytes,3610000.0
1791022801,2026-10-03T18:20:00,docker.orderer.example.com.cpu_pct,0.04
1791022801,2026-10-03T18:20:00,docker.orderer.example.com.mem_bytes,17186160.64
1791022801,2026-10-03T18:20:00,docker.orderer.example.com.blk_read_bytes,31400000.0
1791022801,2026-10-03T18:20:00,docker.orderer.example.com.blk_write_bytes,262000.0
1791022801,2026-10-03T18:20:00,wsl.MemTotal_kb,24608408
1791022801,2026-10-03T18:20:00,wsl.MemAvailable_kb,23049096
1791022801,2026-10-03T18:20:00,wsl.SwapTotal_kb,0
1791022801,2026-10-03T18:20:00,wsl.SwapFree_kb,0
1791022801,2026-10-03T18:20:00,wsl.Dirty_kb,517232
1791022801,2026-10-03T18:20:00,wsl.load1,17.02
1791022801,2026-10-03T18:20:00,wsl.load5,13.18
1791022801,2026-10-03T18:20:00,host.c_free_bytes,49296199680
1791022801,2026-10-03T18:20:00,host.q_free_bytes,418763845632
1791022801,2026-10-03T18:20:00,host.docker_vhdx_bytes,15592325120
1791022801,2026-10-03T18:20:00,host.ubuntu_vhdx_bytes,212983611392
1791022801,2026-10-03T18:20:00,win.Memory\Available MBytes,93.214409
1791022801,2026-10-03T18:20:00,win.PhysicalDisk(0 C:)\% Disk Time,12539.0
1791022801,2026-10-03T18:20:00,win.PhysicalDisk(1 Q:)\% Disk Time,985.903498
1791022801,2026-10-03T18:20:00,win.PhysicalDisk(_Total)\% Disk Time,0.0
1791022801,2026-10-03T18:20:00,win.PhysicalDisk(0 C:)\Current Disk Queue Length,492.951749
1791022801,2026-10-03T18:20:00,win.PhysicalDisk(1 Q:)\Current Disk Queue Length,0.0
1791022801,2026-10-03T18:20:00,win.PhysicalDisk(_Total)\Current Disk Queue Length,0.0
1791022801,2026-10-03T18:20:00,win.Process(vmmemWSL)\% Processor Time,0.0
1791022811,2026-10-03T18:20:10,docker.dev-peer0.org1.example.com-saksi-bulletin_1.0-ee3fe73bad456e43adfc5ba27d9e5a60983b69e8496140308fb21061ecb2ff85.cpu_pct,0.0
1791022811,2026-10-03T18:20:10,docker.dev-peer0.org1.example.com-saksi-bulletin_1.0-ee3fe73bad456e43adfc5ba27d9e5a60983b69e8496140308fb21061ecb2ff85.mem_bytes,6725566.464
1791022811,2026-10-03T18:20:10,docker.dev-peer0.org1.example.com-saksi-bulletin_1.0-ee3fe73bad456e43adfc5ba27d9e5a60983b69e8496140308fb21061ecb2ff85.blk_read_bytes,0.0
1791022811,2026-10-03T18:20:10,docker.dev-peer0.org1.example.com-saksi-bulletin_1.0-ee3fe73bad456e43adfc5ba27d9e5a60983b69e8496140308fb21061ecb2ff85.blk_write_bytes,0.0
1791022811,2026-10-03T18:20:10,docker.dev-peer0.org2.example.com-saksi-bulletin_1.0-ee3fe73bad456e43adfc5ba27d9e5a60983b69e8496140308fb21061ecb2ff85.cpu_pct,0.0
1791022811,2026-10-03T18:20:10,docker.dev-peer0.org2.example.com-saksi-bulletin_1.0-ee3fe73bad456e43adfc5ba27d9e5a60983b69e8496140308fb21061ecb2ff85.mem_bytes,7294943.232
1791022811,2026-10-03T18:20:10,docker.dev-peer0.org2.example.com-saksi-bulletin_1.0-ee3fe73bad456e43adfc5ba27d9e5a60983b69e8496140308fb21061ecb2ff85.blk_read_bytes,0.0
1791022811,2026-10-03T18:20:10,docker.dev-peer0.org2.example.com-saksi-bulletin_1.0-ee3fe73bad456e43adfc5ba27d9e5a60983b69e8496140308fb21061ecb2ff85.blk_write_bytes,0.0
1791022811,2026-10-03T18:20:10,docker.peer0.org1.example.com.cpu_pct,0.88
1791022811,2026-10-03T18:20:10,docker.peer0.org1.example.com.mem_bytes,52911144.96
1791022811,2026-10-03T18:20:10,docker.peer0.org1.example.com.blk_read_bytes,3760000.0
1791022811,2026-10-03T18:20:10,docker.peer0.org1.example.com.blk_write_bytes,5100000.0
1791022811,2026-10-03T18:20:10,docker.peer0.org2.example.com.cpu_pct,0.9
1791022811,2026-10-03T18:20:10,docker.peer0.org2.example.com.mem_bytes,44637880.32
1791022811,2026-10-03T18:20:10,docker.peer0.org2.example.com.blk_read_bytes,545000.0
1791022811,2026-10-03T18:20:10,docker.peer0.org2.example.com.blk_write_bytes,3610000.0
1791022811,2026-10-03T18:20:10,docker.orderer.example.com.cpu_pct,0.05
1791022811,2026-10-03T18:20:10,docker.orderer.example.com.mem_bytes,17186160.64
1791022811,2026-10-03T18:20:10,docker.orderer.example.com.blk_read_bytes,31400000.0
1791022811,2026-10-03T18:20:10,docker.orderer.example.com.blk_write_bytes,262000.0
1791022811,2026-10-03T18:20:10,wsl.MemTotal_kb,24608408
1791022811,2026-10-03T18:20:10,wsl.MemAvailable_kb,23048492
1791022811,2026-10-03T18:20:10,wsl.SwapTotal_kb,0
1791022811,2026-10-03T18:20:10,wsl.SwapFree_kb,0
1791022811,2026-10-03T18:20:10,wsl.Dirty_kb,114696
1791022811,2026-10-03T18:20:10,wsl.load1,17.34
1791022811,2026-10-03T18:20:10,wsl.load5,13.37
1791022811,2026-10-03T18:20:10,host.c_free_bytes,49295872000
1791022811,2026-10-03T18:20:10,host.q_free_bytes,418763845632
1791022811,2026-10-03T18:20:10,host.docker_vhdx_bytes,15592325120
1791022811,2026-10-03T18:20:10,host.ubuntu_vhdx_bytes,212983611392
1791022811,2026-10-03T18:20:10,win.Memory\Available MBytes,91.489606
1791022811,2026-10-03T18:20:10,win.PhysicalDisk(0 C:)\% Disk Time,12328.0
1791022811,2026-10-03T18:20:10,win.PhysicalDisk(1 Q:)\% Disk Time,3.286637
1791022811,2026-10-03T18:20:10,win.PhysicalDisk(_Total)\% Disk Time,0.26098
1791022811,2026-10-03T18:20:10,win.PhysicalDisk(0 C:)\Current Disk Queue Length,1.773808
1791022811,2026-10-03T18:20:10,win.PhysicalDisk(1 Q:)\Current Disk Queue Length,0.0
1791022811,2026-10-03T18:20:10,win.PhysicalDisk(_Total)\Current Disk Queue Length,0.0
1791022811,2026-10-03T18:20:10,win.Process(vmmemWSL)\% Processor Time,0.0
1791022821,2026-10-03T18:20:20,docker.dev-peer0.org1.example.com-saksi-bulletin_1.0-ee3fe73bad456e43adfc5ba27d9e5a60983b69e8496140308fb21061ecb2ff85.cpu_pct,0.0
1791022821,2026-10-03T18:20:20,docker.dev-peer0.org1.example.com-saksi-bulletin_1.0-ee3fe73bad456e43adfc5ba27d9e5a60983b69e8496140308fb21061ecb2ff85.mem_bytes,6725566.464
1791022821,2026-10-03T18:20:20,docker.dev-peer0.org1.example.com-saksi-bulletin_1.0-ee3fe73bad456e43adfc5ba27d9e5a60983b69e8496140308fb21061ecb2ff85.blk_read_bytes,0.0
1791022821,2026-10-03T18:20:20,docker.dev-peer0.org1.example.com-saksi-bulletin_1.0-ee3fe73bad456e43adfc5ba27d9e5a60983b69e8496140308fb21061ecb2ff85.blk_write_bytes,0.0
1791022821,2026-10-03T18:20:20,docker.dev-peer0.org2.example.com-saksi-bulletin_1.0-ee3fe73bad456e43adfc5ba27d9e5a60983b69e8496140308fb21061ecb2ff85.cpu_pct,0.0
1791022821,2026-10-03T18:20:20,docker.dev-peer0.org2.example.com-saksi-bulletin_1.0-ee3fe73bad456e43adfc5ba27d9e5a60983b69e8496140308fb21061ecb2ff85.mem_bytes,7294943.232
1791022821,2026-10-03T18:20:20,docker.dev-peer0.org2.example.com-saksi-bulletin_1.0-ee3fe73bad456e43adfc5ba27d9e5a60983b69e8496140308fb21061ecb2ff85.blk_read_bytes,0.0
1791022821,2026-10-03T18:20:20,docker.dev-peer0.org2.example.com-saksi-bulletin_1.0-ee3fe73bad456e43adfc5ba27d9e5a60983b69e8496140308fb21061ecb2ff85.blk_write_bytes,0.0
1791022821,2026-10-03T18:20:20,docker.peer0.org1.example.com.cpu_pct,0.85
1791022821,2026-10-03T18:20:20,docker.peer0.org1.example.com.mem_bytes,53162803.2
1791022821,2026-10-03T18:20:20,docker.peer0.org1.example.com.blk_read_bytes,3760000.0
1791022821,2026-10-03T18:20:20,docker.peer0.org1.example.com.blk_write_bytes,5100000.0
1791022821,2026-10-03T18:20:20,docker.peer0.org2.example.com.cpu_pct,0.84
1791022821,2026-10-03T18:20:20,docker.peer0.org2.example.com.mem_bytes,44900024.32
1791022821,2026-10-03T18:20:20,docker.peer0.org2.example.com.blk_read_bytes,545000.0
1791022821,2026-10-03T18:20:20,docker.peer0.org2.example.com.blk_write_bytes,3610000.0
1791022821,2026-10-03T18:20:20,docker.orderer.example.com.cpu_pct,0.04
1791022821,2026-10-03T18:20:20,docker.orderer.example.com.mem_bytes,17186160.64
1791022821,2026-10-03T18:20:20,docker.orderer.example.com.blk_read_bytes,31400000.0
1791022821,2026-10-03T18:20:20,docker.orderer.example.com.blk_write_bytes,262000.0
1791022821,2026-10-03T18:20:20,wsl.MemTotal_kb,24608408
1791022821,2026-10-03T18:20:20,wsl.MemAvailable_kb,23040540
1791022821,2026-10-03T18:20:20,wsl.SwapTotal_kb,0
1791022821,2026-10-03T18:20:20,wsl.SwapFree_kb,0
1791022821,2026-10-03T18:20:20,wsl.Dirty_kb,287232
1791022821,2026-10-03T18:20:20,wsl.load1,17.13
1791022821,2026-10-03T18:20:20,wsl.load5,13.46
1791022821,2026-10-03T18:20:20,host.c_free_bytes,49296461824
1791022821,2026-10-03T18:20:20,host.q_free_bytes,418763845632
1791022821,2026-10-03T18:20:20,host.docker_vhdx_bytes,15592325120
1791022821,2026-10-03T18:20:20,host.ubuntu_vhdx_bytes,212983611392
1791022821,2026-10-03T18:20:20,win.Memory\Available MBytes,92.781848
1791022821,2026-10-03T18:20:20,win.PhysicalDisk(0 C:)\% Disk Time,12117.0
1791022821,2026-10-03T18:20:20,win.PhysicalDisk(1 Q:)\% Disk Time,4.311021
1791022821,2026-10-03T18:20:20,win.PhysicalDisk(_Total)\% Disk Time,0.634968
1791022821,2026-10-03T18:20:20,win.PhysicalDisk(0 C:)\Current Disk Queue Length,2.472994
1791022821,2026-10-03T18:20:20,win.PhysicalDisk(1 Q:)\Current Disk Queue Length,0.0
1791022821,2026-10-03T18:20:20,win.PhysicalDisk(_Total)\Current Disk Queue Length,0.0
1791022821,2026-10-03T18:20:20,win.Process(vmmemWSL)\% Processor Time,0.0
1791022831,2026-10-03T18:20:30,docker.dev-peer0.org1.example.com-saksi-bulletin_1.0-ee3fe73bad456e43adfc5ba27d9e5a60983b69e8496140308fb21061ecb2ff85.cpu_pct,0.0
1791022831,2026-10-03T18:20:30,docker.dev-peer0.org1.example.com-saksi-bulletin_1.0-ee3fe73bad456e43adfc5ba27d9e5a60983b69e8496140308fb21061ecb2ff85.mem_bytes,6725566.464
1791022831,2026-10-03T18:20:30,docker.dev-peer0.org1.example.com-saksi-bulletin_1.0-ee3fe73bad456e43adfc5ba27d9e5a60983b69e8496140308fb21061ecb2ff85.blk_read_bytes,0.0
1791022831,2026-10-03T18:20:30,docker.dev-peer0.org1.example.com-saksi-bulletin_1.0-ee3fe73bad456e43adfc5ba27d9e5a60983b69e8496140308fb21061ecb2ff85.blk_write_bytes,0.0
1791022831,2026-10-03T18:20:30,docker.dev-peer0.org2.example.com-saksi-bulletin_1.0-ee3fe73bad456e43adfc5ba27d9e5a60983b69e8496140308fb21061ecb2ff85.cpu_pct,0.0
1791022831,2026-10-03T18:20:30,docker.dev-peer0.org2.example.com-saksi-bulletin_1.0-ee3fe73bad456e43adfc5ba27d9e5a60983b69e8496140308fb21061ecb2ff85.mem_bytes,7294943.232
1791022831,2026-10-03T18:20:30,docker.dev-peer0.org2.example.com-saksi-bulletin_1.0-ee3fe73bad456e43adfc5ba27d9e5a60983b69e8496140308fb21061ecb2ff85.blk_read_bytes,0.0
1791022831,2026-10-03T18:20:30,docker.dev-peer0.org2.example.com-saksi-bulletin_1.0-ee3fe73bad456e43adfc5ba27d9e5a60983b69e8496140308fb21061ecb2ff85.blk_write_bytes,0.0
1791022831,2026-10-03T18:20:30,docker.peer0.org1.example.com.cpu_pct,1.0
1791022831,2026-10-03T18:20:30,docker.peer0.org1.example.com.mem_bytes,53424947.2
1791022831,2026-10-03T18:20:30,docker.peer0.org1.example.com.blk_read_bytes,3760000.0
1791022831,2026-10-03T18:20:30,docker.peer0.org1.example.com.blk_write_bytes,5100000.0
1791022831,2026-10-03T18:20:30,docker.peer0.org2.example.com.cpu_pct,0.91
1791022831,2026-10-03T18:20:30,docker.peer0.org2.example.com.mem_bytes,44889538.56
1791022831,2026-10-03T18:20:30,docker.peer0.org2.example.com.blk_read_bytes,545000.0
1791022831,2026-10-03T18:20:30,docker.peer0.org2.example.com.blk_write_bytes,3610000.0
1791022831,2026-10-03T18:20:30,docker.orderer.example.com.cpu_pct,0.04
1791022831,2026-10-03T18:20:30,docker.orderer.example.com.mem_bytes,17186160.64
1791022831,2026-10-03T18:20:30,docker.orderer.example.com.blk_read_bytes,31400000.0
1791022831,2026-10-03T18:20:30,docker.orderer.example.com.blk_write_bytes,262000.0
1791022831,2026-10-03T18:20:30,wsl.MemTotal_kb,24608408
1791022831,2026-10-03T18:20:30,wsl.MemAvailable_kb,23053064
1791022831,2026-10-03T18:20:30,wsl.SwapTotal_kb,0
1791022831,2026-10-03T18:20:30,wsl.SwapFree_kb,0
1791022831,2026-10-03T18:20:30,wsl.Dirty_kb,517196
1791022831,2026-10-03T18:20:30,wsl.load1,17.36
1791022831,2026-10-03T18:20:30,wsl.load5,13.63
1791022831,2026-10-03T18:20:30,host.c_free_bytes,49296130048
1791022831,2026-10-03T18:20:30,host.q_free_bytes,418763845632
1791022831,2026-10-03T18:20:30,host.docker_vhdx_bytes,15592325120
1791022831,2026-10-03T18:20:30,host.ubuntu_vhdx_bytes,212983611392
1791022831,2026-10-03T18:20:30,win.Memory\Available MBytes,92.197733
1791022831,2026-10-03T18:20:30,win.PhysicalDisk(0 C:)\% Disk Time,11968.0
1791022831,2026-10-03T18:20:30,win.PhysicalDisk(1 Q:)\% Disk Time,977.440374
1791022831,2026-10-03T18:20:30,win.PhysicalDisk(_Total)\% Disk Time,0.175808
1791022831,2026-10-03T18:20:30,win.PhysicalDisk(0 C:)\Current Disk Queue Length,488.808091
1791022831,2026-10-03T18:20:30,win.PhysicalDisk(1 Q:)\Current Disk Queue Length,0.0
1791022831,2026-10-03T18:20:30,win.PhysicalDisk(_Total)\Current Disk Queue Length,0.0
1791022831,2026-10-03T18:20:30,win.Process(vmmemWSL)\% Processor Time,0.0
1791022841,2026-10-03T18:20:40,docker.dev-peer0.org1.example.com-saksi-bulletin_1.0-ee3fe73bad456e43adfc5ba27d9e5a60983b69e8496140308fb21061ecb2ff85.cpu_pct,0.0
1791022841,2026-10-03T18:20:40,docker.dev-peer0.org1.example.com-saksi-bulletin_1.0-ee3fe73bad456e43adfc5ba27d9e5a60983b69e8496140308fb21061ecb2ff85.mem_bytes,6725566.464
1791022841,2026-10-03T18:20:40,docker.dev-peer0.org1.example.com-saksi-bulletin_1.0-ee3fe73bad456e43adfc5ba27d9e5a60983b69e8496140308fb21061ecb2ff85.blk_read_bytes,0.0
1791022841,2026-10-03T18:20:40,docker.dev-peer0.org1.example.com-saksi-bulletin_1.0-ee3fe73bad456e43adfc5ba27d9e5a60983b69e8496140308fb21061ecb2ff85.blk_write_bytes,0.0
1791022841,2026-10-03T18:20:40,docker.dev-peer0.org2.example.com-saksi-bulletin_1.0-ee3fe73bad456e43adfc5ba27d9e5a60983b69e8496140308fb21061ecb2ff85.cpu_pct,0.0
1791022841,2026-10-03T18:20:40,docker.dev-peer0.org2.example.com-saksi-bulletin_1.0-ee3fe73bad456e43adfc5ba27d9e5a60983b69e8496140308fb21061ecb2ff85.mem_bytes,7294943.232
1791022841,2026-10-03T18:20:40,docker.dev-peer0.org2.example.com-saksi-bulletin_1.0-ee3fe73bad456e43adfc5ba27d9e5a60983b69e8496140308fb21061ecb2ff85.blk_read_bytes,0.0
1791022841,2026-10-03T18:20:40,docker.dev-peer0.org2.example.com-saksi-bulletin_1.0-ee3fe73bad456e43adfc5ba27d9e5a60983b69e8496140308fb21061ecb2ff85.blk_write_bytes,0.0
1791022841,2026-10-03T18:20:40,docker.peer0.org1.example.com.cpu_pct,1.31
1791022841,2026-10-03T18:20:40,docker.peer0.org1.example.com.mem_bytes,53435432.96
1791022841,2026-10-03T18:20:40,docker.peer0.org1.example.com.blk_read_bytes,3760000.0
1791022841,2026-10-03T18:20:40,docker.peer0.org1.example.com.blk_write_bytes,5100000.0
1791022841,2026-10-03T18:20:40,docker.peer0.org2.example.com.cpu_pct,1.37
1791022841,2026-10-03T18:20:40,docker.peer0.org2.example.com.mem_bytes,45109739.52
1791022841,2026-10-03T18:20:40,docker.peer0.org2.example.com.blk_read_bytes,545000.0
1791022841,2026-10-03T18:20:40,docker.peer0.org2.example.com.blk_write_bytes,3610000.0
1791022841,2026-10-03T18:20:40,docker.orderer.example.com.cpu_pct,0.09
1791022841,2026-10-03T18:20:40,docker.orderer.example.com.mem_bytes,17448304.64
1791022841,2026-10-03T18:20:40,docker.orderer.example.com.blk_read_bytes,31400000.0
1791022841,2026-10-03T18:20:40,docker.orderer.example.com.blk_write_bytes,262000.0
1791022841,2026-10-03T18:20:40,wsl.MemTotal_kb,24608408
1791022841,2026-10-03T18:20:40,wsl.MemAvailable_kb,23046184
1791022841,2026-10-03T18:20:40,wsl.SwapTotal_kb,0
1791022841,2026-10-03T18:20:40,wsl.SwapFree_kb,0
1791022841,2026-10-03T18:20:40,wsl.Dirty_kb,54776
1791022841,2026-10-03T18:20:40,wsl.load1,12.19
1791022841,2026-10-03T18:20:40,wsl.load5,12.84
1791022841,2026-10-03T18:20:40,host.c_free_bytes,49295671296
1791022841,2026-10-03T18:20:40,host.q_free_bytes,418763845632
1791022841,2026-10-03T18:20:40,host.docker_vhdx_bytes,15592325120
1791022841,2026-10-03T18:20:40,host.ubuntu_vhdx_bytes,212983611392
1791022841,2026-10-03T18:20:40,win.Memory\Available MBytes,2.718346
1791022841,2026-10-03T18:20:40,win.PhysicalDisk(0 C:)\% Disk Time,11261.0
1791022841,2026-10-03T18:20:40,win.PhysicalDisk(1 Q:)\% Disk Time,2572.410878
1791022841,2026-10-03T18:20:40,win.PhysicalDisk(_Total)\% Disk Time,0.0
1791022841,2026-10-03T18:20:40,win.PhysicalDisk(0 C:)\Current Disk Queue Length,1286.205439
1791022841,2026-10-03T18:20:40,win.PhysicalDisk(1 Q:)\Current Disk Queue Length,143.0
1791022841,2026-10-03T18:20:40,win.PhysicalDisk(_Total)\Current Disk Queue Length,0.0
1791022841,2026-10-03T18:20:40,win.Process(vmmemWSL)\% Processor Time,143.0
1791022874,2026-10-03T18:21:13,docker.dev-peer0.org1.example.com-saksi-bulletin_1.0-ee3fe73bad456e43adfc5ba27d9e5a60983b69e8496140308fb21061ecb2ff85.cpu_pct,0.0
1791022874,2026-10-03T18:21:13,docker.dev-peer0.org1.example.com-saksi-bulletin_1.0-ee3fe73bad456e43adfc5ba27d9e5a60983b69e8496140308fb21061ecb2ff85.mem_bytes,7008681.984
1791022874,2026-10-03T18:21:13,docker.dev-peer0.org1.example.com-saksi-bulletin_1.0-ee3fe73bad456e43adfc5ba27d9e5a60983b69e8496140308fb21061ecb2ff85.blk_read_bytes,0.0
1791022874,2026-10-03T18:21:13,docker.dev-peer0.org1.example.com-saksi-bulletin_1.0-ee3fe73bad456e43adfc5ba27d9e5a60983b69e8496140308fb21061ecb2ff85.blk_write_bytes,0.0
1791022874,2026-10-03T18:21:13,docker.dev-peer0.org2.example.com-saksi-bulletin_1.0-ee3fe73bad456e43adfc5ba27d9e5a60983b69e8496140308fb21061ecb2ff85.cpu_pct,0.0
1791022874,2026-10-03T18:21:13,docker.dev-peer0.org2.example.com-saksi-bulletin_1.0-ee3fe73bad456e43adfc5ba27d9e5a60983b69e8496140308fb21061ecb2ff85.mem_bytes,7815036.928
1791022874,2026-10-03T18:21:13,docker.dev-peer0.org2.example.com-saksi-bulletin_1.0-ee3fe73bad456e43adfc5ba27d9e5a60983b69e8496140308fb21061ecb2ff85.blk_read_bytes,0.0
1791022874,2026-10-03T18:21:13,docker.dev-peer0.org2.example.com-saksi-bulletin_1.0-ee3fe73bad456e43adfc5ba27d9e5a60983b69e8496140308fb21061ecb2ff85.blk_write_bytes,0.0
1791022874,2026-10-03T18:21:13,docker.peer0.org1.example.com.cpu_pct,2.32
1791022874,2026-10-03T18:21:13,docker.peer0.org1.example.com.mem_bytes,53341061.12
1791022874,2026-10-03T18:21:13,docker.peer0.org1.example.com.blk_read_bytes,3760000.0
1791022874,2026-10-03T18:21:13,docker.peer0.org1.example.com.blk_write_bytes,5100000.0
1791022874,2026-10-03T18:21:13,docker.peer0.org2.example.com.cpu_pct,1.25
1791022874,2026-10-03T18:21:13,docker.peer0.org2.example.com.mem_bytes,44543508.48
1791022874,2026-10-03T18:21:13,docker.peer0.org2.example.com.blk_read_bytes,545000.0
1791022874,2026-10-03T18:21:13,docker.peer0.org2.example.com.blk_write_bytes,3610000.0
1791022874,2026-10-03T18:21:13,docker.orderer.example.com.cpu_pct,0.04
1791022874,2026-10-03T18:21:13,docker.orderer.example.com.mem_bytes,17448304.64
1791022874,2026-10-03T18:21:13,docker.orderer.example.com.blk_read_bytes,31400000.0
1791022874,2026-10-03T18:21:13,docker.orderer.example.com.blk_write_bytes,262000.0
1791022874,2026-10-03T18:21:13,wsl.MemTotal_kb,24608408
1791022874,2026-10-03T18:21:13,wsl.MemAvailable_kb,23047036
1791022874,2026-10-03T18:21:13,wsl.SwapTotal_kb,0
1791022874,2026-10-03T18:21:13,wsl.SwapFree_kb,0
1791022874,2026-10-03T18:21:13,wsl.Dirty_kb,112056
1791022874,2026-10-03T18:21:13,wsl.load1,11.29
1791022874,2026-10-03T18:21:13,wsl.load5,12.64
1791022874,2026-10-03T18:21:13,host.c_free_bytes,49295671296
1791022874,2026-10-03T18:21:13,host.q_free_bytes,418763845632
1791022874,2026-10-03T18:21:13,host.docker_vhdx_bytes,15592325120
1791022874,2026-10-03T18:21:13,host.ubuntu_vhdx_bytes,212983611392
1791022874,2026-10-03T18:21:13,win.Memory\Available MBytes,2.718346
1791022874,2026-10-03T18:21:13,win.PhysicalDisk(0 C:)\% Disk Time,11261.0
1791022874,2026-10-03T18:21:13,win.PhysicalDisk(1 Q:)\% Disk Time,2572.410878
1791022874,2026-10-03T18:21:13,win.PhysicalDisk(_Total)\% Disk Time,0.0
1791022874,2026-10-03T18:21:13,win.PhysicalDisk(0 C:)\Current Disk Queue Length,1286.205439
1791022874,2026-10-03T18:21:13,win.PhysicalDisk(1 Q:)\Current Disk Queue Length,143.0
1791022874,2026-10-03T18:21:13,win.PhysicalDisk(_Total)\Current Disk Queue Length,0.0
1791022874,2026-10-03T18:21:13,win.Process(vmmemWSL)\% Processor Time,143.0
1791022884,2026-10-03T18:21:24,docker.dev-peer0.org1.example.com-saksi-bulletin_1.0-ee3fe73bad456e43adfc5ba27d9e5a60983b69e8496140308fb21061ecb2ff85.cpu_pct,0.0
1791022884,2026-10-03T18:21:24,docker.dev-peer0.org1.example.com-saksi-bulletin_1.0-ee3fe73bad456e43adfc5ba27d9e5a60983b69e8496140308fb21061ecb2ff85.mem_bytes,7004487.68
1791022884,2026-10-03T18:21:24,docker.dev-peer0.org1.example.com-saksi-bulletin_1.0-ee3fe73bad456e43adfc5ba27d9e5a60983b69e8496140308fb21061ecb2ff85.blk_read_bytes,0.0
1791022884,2026-10-03T18:21:24,docker.dev-peer0.org1.example.com-saksi-bulletin_1.0-ee3fe73bad456e43adfc5ba27d9e5a60983b69e8496140308fb21061ecb2ff85.blk_write_bytes,0.0
1791022884,2026-10-03T18:21:24,docker.dev-peer0.org2.example.com-saksi-bulletin_1.0-ee3fe73bad456e43adfc5ba27d9e5a60983b69e8496140308fb21061ecb2ff85.cpu_pct,0.0
1791022884,2026-10-03T18:21:24,docker.dev-peer0.org2.example.com-saksi-bulletin_1.0-ee3fe73bad456e43adfc5ba27d9e5a60983b69e8496140308fb21061ecb2ff85.mem_bytes,7815036.928
1791022884,2026-10-03T18:21:24,docker.dev-peer0.org2.example.com-saksi-bulletin_1.0-ee3fe73bad456e43adfc5ba27d9e5a60983b69e8496140308fb21061ecb2ff85.blk_read_bytes,0.0
1791022884,2026-10-03T18:21:24,docker.dev-peer0.org2.example.com-saksi-bulletin_1.0-ee3fe73bad456e43adfc5ba27d9e5a60983b69e8496140308fb21061ecb2ff85.blk_write_bytes,0.0
1791022884,2026-10-03T18:21:24,docker.peer0.org1.example.com.cpu_pct,1.0
1791022884,2026-10-03T18:21:24,docker.peer0.org1.example.com.mem_bytes,53498347.52
1791022884,2026-10-03T18:21:24,docker.peer0.org1.example.com.blk_read_bytes,3760000.0
1791022884,2026-10-03T18:21:24,docker.peer0.org1.example.com.blk_write_bytes,5100000.0
1791022884,2026-10-03T18:21:24,docker.peer0.org2.example.com.cpu_pct,1.07
1791022884,2026-10-03T18:21:24,docker.peer0.org2.example.com.mem_bytes,44753223.68
1791022884,2026-10-03T18:21:24,docker.peer0.org2.example.com.blk_read_bytes,545000.0
1791022884,2026-10-03T18:21:24,docker.peer0.org2.example.com.blk_write_bytes,3610000.0
1791022884,2026-10-03T18:21:24,docker.orderer.example.com.cpu_pct,0.07
1791022884,2026-10-03T18:21:24,docker.orderer.example.com.mem_bytes,17186160.64
1791022884,2026-10-03T18:21:24,docker.orderer.example.com.blk_read_bytes,31400000.0
1791022884,2026-10-03T18:21:24,docker.orderer.example.com.blk_write_bytes,262000.0
1791022884,2026-10-03T18:21:24,wsl.MemTotal_kb,24608408
1791022884,2026-10-03T18:21:24,wsl.MemAvailable_kb,23064480
1791022884,2026-10-03T18:21:24,wsl.SwapTotal_kb,0
1791022884,2026-10-03T18:21:24,wsl.SwapFree_kb,0
1791022884,2026-10-03T18:21:24,wsl.Dirty_kb,342072
1791022884,2026-10-03T18:21:24,wsl.load1,12.02
1791022884,2026-10-03T18:21:24,wsl.load5,12.75
1791022884,2026-10-03T18:21:24,host.c_free_bytes,49296486400
1791022884,2026-10-03T18:21:24,host.q_free_bytes,418763845632
1791022884,2026-10-03T18:21:24,host.docker_vhdx_bytes,15592325120
1791022884,2026-10-03T18:21:24,host.ubuntu_vhdx_bytes,212983611392
1791022884,2026-10-03T18:21:24,win.Memory\Available MBytes,2.789685
1791022884,2026-10-03T18:21:24,win.PhysicalDisk(0 C:)\% Disk Time,11258.0
1791022884,2026-10-03T18:21:24,win.PhysicalDisk(1 Q:)\% Disk Time,5081.999199
1791022884,2026-10-03T18:21:24,win.PhysicalDisk(_Total)\% Disk Time,0.0
1791022884,2026-10-03T18:21:24,win.PhysicalDisk(0 C:)\Current Disk Queue Length,2540.999599
1791022884,2026-10-03T18:21:24,win.PhysicalDisk(1 Q:)\Current Disk Queue Length,120.0
1791022884,2026-10-03T18:21:24,win.PhysicalDisk(_Total)\Current Disk Queue Length,0.0
1791022884,2026-10-03T18:21:24,win.Process(vmmemWSL)\% Processor Time,120.0
1791022894,2026-10-03T18:21:34,docker.dev-peer0.org1.example.com-saksi-bulletin_1.0-ee3fe73bad456e43adfc5ba27d9e5a60983b69e8496140308fb21061ecb2ff85.cpu_pct,0.0
1791022894,2026-10-03T18:21:34,docker.dev-peer0.org1.example.com-saksi-bulletin_1.0-ee3fe73bad456e43adfc5ba27d9e5a60983b69e8496140308fb21061ecb2ff85.mem_bytes,6774849.536
1791022894,2026-10-03T18:21:34,docker.dev-peer0.org1.example.com-saksi-bulletin_1.0-ee3fe73bad456e43adfc5ba27d9e5a60983b69e8496140308fb21061ecb2ff85.blk_read_bytes,0.0
1791022894,2026-10-03T18:21:34,docker.dev-peer0.org1.example.com-saksi-bulletin_1.0-ee3fe73bad456e43adfc5ba27d9e5a60983b69e8496140308fb21061ecb2ff85.blk_write_bytes,0.0
1791022894,2026-10-03T18:21:34,docker.dev-peer0.org2.example.com-saksi-bulletin_1.0-ee3fe73bad456e43adfc5ba27d9e5a60983b69e8496140308fb21061ecb2ff85.cpu_pct,0.0
1791022894,2026-10-03T18:21:34,docker.dev-peer0.org2.example.com-saksi-bulletin_1.0-ee3fe73bad456e43adfc5ba27d9e5a60983b69e8496140308fb21061ecb2ff85.mem_bytes,7815036.928
1791022894,2026-10-03T18:21:34,docker.dev-peer0.org2.example.com-saksi-bulletin_1.0-ee3fe73bad456e43adfc5ba27d9e5a60983b69e8496140308fb21061ecb2ff85.blk_read_bytes,0.0
1791022894,2026-10-03T18:21:34,docker.dev-peer0.org2.example.com-saksi-bulletin_1.0-ee3fe73bad456e43adfc5ba27d9e5a60983b69e8496140308fb21061ecb2ff85.blk_write_bytes,0.0
1791022894,2026-10-03T18:21:34,docker.peer0.org1.example.com.cpu_pct,1.03
1791022894,2026-10-03T18:21:34,docker.peer0.org1.example.com.mem_bytes,53204746.24
1791022894,2026-10-03T18:21:34,docker.peer0.org1.example.com.blk_read_bytes,3760000.0
1791022894,2026-10-03T18:21:34,docker.peer0.org1.example.com.blk_write_bytes,5100000.0
1791022894,2026-10-03T18:21:34,docker.peer0.org2.example.com.cpu_pct,1.02
1791022894,2026-10-03T18:21:34,docker.peer0.org2.example.com.mem_bytes,45015367.68
1791022894,2026-10-03T18:21:34,docker.peer0.org2.example.com.blk_read_bytes,545000.0
1791022894,2026-10-03T18:21:34,docker.peer0.org2.example.com.blk_write_bytes,3610000.0
1791022894,2026-10-03T18:21:34,docker.orderer.example.com.cpu_pct,0.03
1791022894,2026-10-03T18:21:34,docker.orderer.example.com.mem_bytes,17186160.64
1791022894,2026-10-03T18:21:34,docker.orderer.example.com.blk_read_bytes,31400000.0
1791022894,2026-10-03T18:21:34,docker.orderer.example.com.blk_write_bytes,262000.0
1791022894,2026-10-03T18:21:34,wsl.MemTotal_kb,24608408
1791022894,2026-10-03T18:21:34,wsl.MemAvailable_kb,23055160
1791022894,2026-10-03T18:21:34,wsl.SwapTotal_kb,0
1791022894,2026-10-03T18:21:34,wsl.SwapFree_kb,0
1791022894,2026-10-03T18:21:34,wsl.Dirty_kb,172364
1791022894,2026-10-03T18:21:34,wsl.load1,12.63
1791022894,2026-10-03T18:21:34,wsl.load5,12.86
1791022894,2026-10-03T18:21:34,host.c_free_bytes,49296060416
1791022894,2026-10-03T18:21:34,host.q_free_bytes,418763845632
1791022894,2026-10-03T18:21:34,host.docker_vhdx_bytes,15592325120
1791022894,2026-10-03T18:21:34,host.ubuntu_vhdx_bytes,212983611392
1791022894,2026-10-03T18:21:34,win.Memory\Available MBytes,44.338873
1791022894,2026-10-03T18:21:34,win.PhysicalDisk(0 C:)\% Disk Time,11135.0
1791022894,2026-10-03T18:21:34,win.PhysicalDisk(1 Q:)\% Disk Time,37652.404616
1791022894,2026-10-03T18:21:34,win.PhysicalDisk(_Total)\% Disk Time,0.0
1791022894,2026-10-03T18:21:34,win.PhysicalDisk(0 C:)\Current Disk Queue Length,18826.202308
1791022894,2026-10-03T18:21:34,win.PhysicalDisk(1 Q:)\Current Disk Queue Length,1.0
1791022894,2026-10-03T18:21:34,win.PhysicalDisk(_Total)\Current Disk Queue Length,0.0
1791022894,2026-10-03T18:21:34,win.Process(vmmemWSL)\% Processor Time,1.0
1791022904,2026-10-03T18:21:44,docker.dev-peer0.org1.example.com-saksi-bulletin_1.0-ee3fe73bad456e43adfc5ba27d9e5a60983b69e8496140308fb21061ecb2ff85.cpu_pct,0.0
1791022904,2026-10-03T18:21:44,docker.dev-peer0.org1.example.com-saksi-bulletin_1.0-ee3fe73bad456e43adfc5ba27d9e5a60983b69e8496140308fb21061ecb2ff85.mem_bytes,7036993.536
1791022904,2026-10-03T18:21:44,docker.dev-peer0.org1.example.com-saksi-bulletin_1.0-ee3fe73bad456e43adfc5ba27d9e5a60983b69e8496140308fb21061ecb2ff85.blk_read_bytes,0.0
1791022904,2026-10-03T18:21:44,docker.dev-peer0.org1.example.com-saksi-bulletin_1.0-ee3fe73bad456e43adfc5ba27d9e5a60983b69e8496140308fb21061ecb2ff85.blk_write_bytes,0.0
1791022904,2026-10-03T18:21:44,docker.dev-peer0.org2.example.com-saksi-bulletin_1.0-ee3fe73bad456e43adfc5ba27d9e5a60983b69e8496140308fb21061ecb2ff85.cpu_pct,0.0
1791022904,2026-10-03T18:21:44,docker.dev-peer0.org2.example.com-saksi-bulletin_1.0-ee3fe73bad456e43adfc5ba27d9e5a60983b69e8496140308fb21061ecb2ff85.mem_bytes,7815036.928
1791022904,2026-10-03T18:21:44,docker.dev-peer0.org2.example.com-saksi-bulletin_1.0-ee3fe73bad456e43adfc5ba27d9e5a60983b69e8496140308fb21061ecb2ff85.blk_read_bytes,0.0
1791022904,2026-10-03T18:21:44,docker.dev-peer0.org2.example.com-saksi-bulletin_1.0-ee3fe73bad456e43adfc5ba27d9e5a60983b69e8496140308fb21061ecb2ff85.blk_write_bytes,0.0
1791022904,2026-10-03T18:21:44,docker.peer0.org1.example.com.cpu_pct,1.01
1791022904,2026-10-03T18:21:44,docker.peer0.org1.example.com.mem_bytes,53466890.24
1791022904,2026-10-03T18:21:44,docker.peer0.org1.example.com.blk_read_bytes,3760000.0
1791022904,2026-10-03T18:21:44,docker.peer0.org1.example.com.blk_write_bytes,5100000.0
1791022904,2026-10-03T18:21:44,docker.peer0.org2.example.com.cpu_pct,0.92
1791022904,2026-10-03T18:21:44,docker.peer0.org2.example.com.mem_bytes,45078282.24
1791022904,2026-10-03T18:21:44,docker.peer0.org2.example.com.blk_read_bytes,545000.0
1791022904,2026-10-03T18:21:44,docker.peer0.org2.example.com.blk_write_bytes,3610000.0
1791022904,2026-10-03T18:21:44,docker.orderer.example.com.cpu_pct,0.05
1791022904,2026-10-03T18:21:44,docker.orderer.example.com.mem_bytes,17710448.64
1791022904,2026-10-03T18:21:44,docker.orderer.example.com.blk_read_bytes,31400000.0
1791022904,2026-10-03T18:21:44,docker.orderer.example.com.blk_write_bytes,262000.0
1791022904,2026-10-03T18:21:44,wsl.MemTotal_kb,24608408
1791022904,2026-10-03T18:21:44,wsl.MemAvailable_kb,23070596
1791022904,2026-10-03T18:21:44,wsl.SwapTotal_kb,0
1791022904,2026-10-03T18:21:44,wsl.SwapFree_kb,0
1791022904,2026-10-03T18:21:44,wsl.Dirty_kb,402220
1791022904,2026-10-03T18:21:44,wsl.load1,13.22
1791022904,2026-10-03T18:21:44,wsl.load5,12.98
1791022904,2026-10-03T18:21:44,host.c_free_bytes,49295732736
1791022904,2026-10-03T18:21:44,host.q_free_bytes,418763845632
1791022904,2026-10-03T18:21:44,host.docker_vhdx_bytes,15592325120
1791022904,2026-10-03T18:21:44,host.ubuntu_vhdx_bytes,212983611392
1791022904,2026-10-03T18:21:44,win.Memory\Available MBytes,92.035057
1791022904,2026-10-03T18:21:44,win.PhysicalDisk(0 C:)\% Disk Time,10744.0
1791022904,2026-10-03T18:21:44,win.PhysicalDisk(1 Q:)\% Disk Time,5.313034
1791022904,2026-10-03T18:21:44,win.PhysicalDisk(_Total)\% Disk Time,0.0
1791022904,2026-10-03T18:21:44,win.PhysicalDisk(0 C:)\Current Disk Queue Length,2.656517
1791022904,2026-10-03T18:21:44,win.PhysicalDisk(1 Q:)\Current Disk Queue Length,0.0
1791022904,2026-10-03T18:21:44,win.PhysicalDisk(_Total)\Current Disk Queue Length,0.0
1791022904,2026-10-03T18:21:44,win.Process(vmmemWSL)\% Processor Time,0.0
1791022914,2026-10-03T18:21:54,docker.dev-peer0.org1.example.com-saksi-bulletin_1.0-ee3fe73bad456e43adfc5ba27d9e5a60983b69e8496140308fb21061ecb2ff85.cpu_pct,0.0
1791022914,2026-10-03T18:21:54,docker.dev-peer0.org1.example.com-saksi-bulletin_1.0-ee3fe73bad456e43adfc5ba27d9e5a60983b69e8496140308fb21061ecb2ff85.mem_bytes,6774849.536
1791022914,2026-10-03T18:21:54,docker.dev-peer0.org1.example.com-saksi-bulletin_1.0-ee3fe73bad456e43adfc5ba27d9e5a60983b69e8496140308fb21061ecb2ff85.blk_read_bytes,0.0
1791022914,2026-10-03T18:21:54,docker.dev-peer0.org1.example.com-saksi-bulletin_1.0-ee3fe73bad456e43adfc5ba27d9e5a60983b69e8496140308fb21061ecb2ff85.blk_write_bytes,0.0
1791022914,2026-10-03T18:21:54,docker.dev-peer0.org2.example.com-saksi-bulletin_1.0-ee3fe73bad456e43adfc5ba27d9e5a60983b69e8496140308fb21061ecb2ff85.cpu_pct,0.0
1791022914,2026-10-03T18:21:54,docker.dev-peer0.org2.example.com-saksi-bulletin_1.0-ee3fe73bad456e43adfc5ba27d9e5a60983b69e8496140308fb21061ecb2ff85.mem_bytes,7557087.232
1791022914,2026-10-03T18:21:54,docker.dev-peer0.org2.example.com-saksi-bulletin_1.0-ee3fe73bad456e43adfc5ba27d9e5a60983b69e8496140308fb21061ecb2ff85.blk_read_bytes,0.0
1791022914,2026-10-03T18:21:54,docker.dev-peer0.org2.example.com-saksi-bulletin_1.0-ee3fe73bad456e43adfc5ba27d9e5a60983b69e8496140308fb21061ecb2ff85.blk_write_bytes,0.0
1791022914,2026-10-03T18:21:54,docker.peer0.org1.example.com.cpu_pct,1.06
1791022914,2026-10-03T18:21:54,docker.peer0.org1.example.com.mem_bytes,53204746.24
1791022914,2026-10-03T18:21:54,docker.peer0.org1.example.com.blk_read_bytes,3760000.0
1791022914,2026-10-03T18:21:54,docker.peer0.org1.example.com.blk_write_bytes,5100000.0
1791022914,2026-10-03T18:21:54,docker.peer0.org2.example.com.cpu_pct,1.1
1791022914,2026-10-03T18:21:54,docker.peer0.org2.example.com.mem_bytes,45340426.24
1791022914,2026-10-03T18:21:54,docker.peer0.org2.example.com.blk_read_bytes,545000.0
1791022914,2026-10-03T18:21:54,docker.peer0.org2.example.com.blk_write_bytes,3610000.0
1791022914,2026-10-03T18:21:54,docker.orderer.example.com.cpu_pct,0.04
1791022914,2026-10-03T18:21:54,docker.orderer.example.com.mem_bytes,17710448.64
1791022914,2026-10-03T18:21:54,docker.orderer.example.com.blk_read_bytes,31400000.0
1791022914,2026-10-03T18:21:54,docker.orderer.example.com.blk_write_bytes,262000.0
1791022914,2026-10-03T18:21:54,wsl.MemTotal_kb,24608408
1791022914,2026-10-03T18:21:54,wsl.MemAvailable_kb,23059716
1791022914,2026-10-03T18:21:54,wsl.SwapTotal_kb,0
1791022914,2026-10-03T18:21:54,wsl.SwapFree_kb,0
1791022914,2026-10-03T18:21:54,wsl.Dirty_kb,574812
1791022914,2026-10-03T18:21:54,wsl.load1,13.65
1791022914,2026-10-03T18:21:54,wsl.load5,13.08
1791022914,2026-10-03T18:21:54,host.c_free_bytes,49296420864
1791022914,2026-10-03T18:21:54,host.q_free_bytes,418763845632
1791022914,2026-10-03T18:21:54,host.docker_vhdx_bytes,15592325120
1791022914,2026-10-03T18:21:54,host.ubuntu_vhdx_bytes,212983611392
1791022914,2026-10-03T18:21:54,win.Memory\Available MBytes,93.696623
1791022914,2026-10-03T18:21:54,win.PhysicalDisk(0 C:)\% Disk Time,10967.0
1791022914,2026-10-03T18:21:54,win.PhysicalDisk(1 Q:)\% Disk Time,418.131888
1791022914,2026-10-03T18:21:54,win.PhysicalDisk(_Total)\% Disk Time,0.0
1791022914,2026-10-03T18:21:54,win.PhysicalDisk(0 C:)\Current Disk Queue Length,209.065943
1791022914,2026-10-03T18:21:54,win.PhysicalDisk(1 Q:)\Current Disk Queue Length,1.0
1791022914,2026-10-03T18:21:54,win.PhysicalDisk(_Total)\Current Disk Queue Length,0.0
1791022914,2026-10-03T18:21:54,win.Process(vmmemWSL)\% Processor Time,1.0
1791022924,2026-10-03T18:22:04,docker.dev-peer0.org1.example.com-saksi-bulletin_1.0-ee3fe73bad456e43adfc5ba27d9e5a60983b69e8496140308fb21061ecb2ff85.cpu_pct,0.0
1791022924,2026-10-03T18:22:04,docker.dev-peer0.org1.example.com-saksi-bulletin_1.0-ee3fe73bad456e43adfc5ba27d9e5a60983b69e8496140308fb21061ecb2ff85.mem_bytes,6774849.536
1791022924,2026-10-03T18:22:04,docker.dev-peer0.org1.example.com-saksi-bulletin_1.0-ee3fe73bad456e43adfc5ba27d9e5a60983b69e8496140308fb21061ecb2ff85.blk_read_bytes,0.0
1791022924,2026-10-03T18:22:04,docker.dev-peer0.org1.example.com-saksi-bulletin_1.0-ee3fe73bad456e43adfc5ba27d9e5a60983b69e8496140308fb21061ecb2ff85.blk_write_bytes,0.0
1791022924,2026-10-03T18:22:04,docker.dev-peer0.org2.example.com-saksi-bulletin_1.0-ee3fe73bad456e43adfc5ba27d9e5a60983b69e8496140308fb21061ecb2ff85.cpu_pct,0.0
1791022924,2026-10-03T18:22:04,docker.dev-peer0.org2.example.com-saksi-bulletin_1.0-ee3fe73bad456e43adfc5ba27d9e5a60983b69e8496140308fb21061ecb2ff85.mem_bytes,7557087.232
1791022924,2026-10-03T18:22:04,docker.dev-peer0.org2.example.com-saksi-bulletin_1.0-ee3fe73bad456e43adfc5ba27d9e5a60983b69e8496140308fb21061ecb2ff85.blk_read_bytes,0.0
1791022924,2026-10-03T18:22:04,docker.dev-peer0.org2.example.com-saksi-bulletin_1.0-ee3fe73bad456e43adfc5ba27d9e5a60983b69e8496140308fb21061ecb2ff85.blk_write_bytes,0.0
1791022924,2026-10-03T18:22:04,docker.peer0.org1.example.com.cpu_pct,0.93
1791022924,2026-10-03T18:22:04,docker.peer0.org1.example.com.mem_bytes,53718548.48
1791022924,2026-10-03T18:22:04,docker.peer0.org1.example.com.blk_read_bytes,3760000.0
1791022924,2026-10-03T18:22:04,docker.peer0.org1.example.com.blk_write_bytes,5100000.0
1791022924,2026-10-03T18:22:04,docker.peer0.org2.example.com.cpu_pct,0.87
1791022924,2026-10-03T18:22:04,docker.peer0.org2.example.com.mem_bytes,45340426.24
1791022924,2026-10-03T18:22:04,docker.peer0.org2.example.com.blk_read_bytes,545000.0
1791022924,2026-10-03T18:22:04,docker.peer0.org2.example.com.blk_write_bytes,3610000.0
1791022924,2026-10-03T18:22:04,docker.orderer.example.com.cpu_pct,0.04
1791022924,2026-10-03T18:22:04,docker.orderer.example.com.mem_bytes,17710448.64
1791022924,2026-10-03T18:22:04,docker.orderer.example.com.blk_read_bytes,31400000.0
1791022924,2026-10-03T18:22:04,docker.orderer.example.com.blk_write_bytes,262000.0
1791022924,2026-10-03T18:22:04,wsl.MemTotal_kb,24608408
1791022924,2026-10-03T18:22:04,wsl.MemAvailable_kb,23072064
1791022924,2026-10-03T18:22:04,wsl.SwapTotal_kb,0
1791022924,2026-10-03T18:22:04,wsl.SwapFree_kb,0
1791022924,2026-10-03T18:22:04,wsl.Dirty_kb,804700
1791022924,2026-10-03T18:22:04,wsl.load1,14.46
1791022924,2026-10-03T18:22:04,wsl.load5,13.27
1791022924,2026-10-03T18:22:04,host.c_free_bytes,49295994880
1791022924,2026-10-03T18:22:04,host.q_free_bytes,418763845632
1791022924,2026-10-03T18:22:04,host.docker_vhdx_bytes,15592325120
1791022924,2026-10-03T18:22:04,host.ubuntu_vhdx_bytes,212983611392
1791022924,2026-10-03T18:22:04,win.Memory\Available MBytes,91.678087
1791022924,2026-10-03T18:22:04,win.PhysicalDisk(0 C:)\% Disk Time,10922.0
1791022924,2026-10-03T18:22:04,win.PhysicalDisk(1 Q:)\% Disk Time,4.077544
1791022924,2026-10-03T18:22:04,win.PhysicalDisk(_Total)\% Disk Time,0.0
1791022924,2026-10-03T18:22:04,win.PhysicalDisk(0 C:)\Current Disk Queue Length,2.038772
1791022924,2026-10-03T18:22:04,win.PhysicalDisk(1 Q:)\Current Disk Queue Length,0.0
1791022924,2026-10-03T18:22:04,win.PhysicalDisk(_Total)\Current Disk Queue Length,0.0
1791022924,2026-10-03T18:22:04,win.Process(vmmemWSL)\% Processor Time,0.0
1791022934,2026-10-03T18:22:14,docker.dev-peer0.org1.example.com-saksi-bulletin_1.0-ee3fe73bad456e43adfc5ba27d9e5a60983b69e8496140308fb21061ecb2ff85.cpu_pct,0.0
1791022934,2026-10-03T18:22:14,docker.dev-peer0.org1.example.com-saksi-bulletin_1.0-ee3fe73bad456e43adfc5ba27d9e5a60983b69e8496140308fb21061ecb2ff85.mem_bytes,6774849.536
1791022934,2026-10-03T18:22:14,docker.dev-peer0.org1.example.com-saksi-bulletin_1.0-ee3fe73bad456e43adfc5ba27d9e5a60983b69e8496140308fb21061ecb2ff85.blk_read_bytes,0.0
1791022934,2026-10-03T18:22:14,docker.dev-peer0.org1.example.com-saksi-bulletin_1.0-ee3fe73bad456e43adfc5ba27d9e5a60983b69e8496140308fb21061ecb2ff85.blk_write_bytes,0.0
1791022934,2026-10-03T18:22:14,docker.dev-peer0.org2.example.com-saksi-bulletin_1.0-ee3fe73bad456e43adfc5ba27d9e5a60983b69e8496140308fb21061ecb2ff85.cpu_pct,0.0
1791022934,2026-10-03T18:22:14,docker.dev-peer0.org2.example.com-saksi-bulletin_1.0-ee3fe73bad456e43adfc5ba27d9e5a60983b69e8496140308fb21061ecb2ff85.mem_bytes,7557087.232
1791022934,2026-10-03T18:22:14,docker.dev-peer0.org2.example.com-saksi-bulletin_1.0-ee3fe73bad456e43adfc5ba27d9e5a60983b69e8496140308fb21061ecb2ff85.blk_read_bytes,0.0
1791022934,2026-10-03T18:22:14,docker.dev-peer0.org2.example.com-saksi-bulletin_1.0-ee3fe73bad456e43adfc5ba27d9e5a60983b69e8496140308fb21061ecb2ff85.blk_write_bytes,0.0
1791022934,2026-10-03T18:22:14,docker.peer0.org1.example.com.cpu_pct,1.06
1791022934,2026-10-03T18:22:14,docker.peer0.org1.example.com.mem_bytes,53456404.48
1791022934,2026-10-03T18:22:14,docker.peer0.org1.example.com.blk_read_bytes,3760000.0
1791022934,2026-10-03T18:22:14,docker.peer0.org1.example.com.blk_write_bytes,5100000.0
1791022934,2026-10-03T18:22:14,docker.peer0.org2.example.com.cpu_pct,1.7
1791022934,2026-10-03T18:22:14,docker.peer0.org2.example.com.mem_bytes,45350912.0
1791022934,2026-10-03T18:22:14,docker.peer0.org2.example.com.blk_read_bytes,545000.0
1791022934,2026-10-03T18:22:14,docker.peer0.org2.example.com.blk_write_bytes,3610000.0
1791022934,2026-10-03T18:22:14,docker.orderer.example.com.cpu_pct,0.04
1791022934,2026-10-03T18:22:14,docker.orderer.example.com.mem_bytes,17710448.64
1791022934,2026-10-03T18:22:14,docker.orderer.example.com.blk_read_bytes,31400000.0
1791022934,2026-10-03T18:22:14,docker.orderer.example.com.blk_write_bytes,262000.0
1791022934,2026-10-03T18:22:14,wsl.MemTotal_kb,24608408
1791022934,2026-10-03T18:22:14,wsl.MemAvailable_kb,23058784
1791022934,2026-10-03T18:22:14,wsl.SwapTotal_kb,0
1791022934,2026-10-03T18:22:14,wsl.SwapFree_kb,0
1791022934,2026-10-03T18:22:14,wsl.Dirty_kb,114748
1791022934,2026-10-03T18:22:14,wsl.load1,14.86
1791022934,2026-10-03T18:22:14,wsl.load5,13.4
1791022934,2026-10-03T18:22:14,host.c_free_bytes,49295650816
1791022934,2026-10-03T18:22:14,host.q_free_bytes,418763845632
1791022934,2026-10-03T18:22:14,host.docker_vhdx_bytes,15592325120
1791022934,2026-10-03T18:22:14,host.ubuntu_vhdx_bytes,212983611392
1791022934,2026-10-03T18:22:14,win.Memory\Available MBytes,92.585455
1791022934,2026-10-03T18:22:14,win.PhysicalDisk(0 C:)\% Disk Time,10678.0
1791022934,2026-10-03T18:22:14,win.PhysicalDisk(1 Q:)\% Disk Time,3.011113
1791022934,2026-10-03T18:22:14,win.PhysicalDisk(_Total)\% Disk Time,0.0
1791022934,2026-10-03T18:22:14,win.PhysicalDisk(0 C:)\Current Disk Queue Length,1.505557
1791022934,2026-10-03T18:22:14,win.PhysicalDisk(1 Q:)\Current Disk Queue Length,0.0
1791022934,2026-10-03T18:22:14,win.PhysicalDisk(_Total)\Current Disk Queue Length,0.0
1791022934,2026-10-03T18:22:14,win.Process(vmmemWSL)\% Processor Time,0.0
1791022944,2026-10-03T18:22:24,docker.dev-peer0.org1.example.com-saksi-bulletin_1.0-ee3fe73bad456e43adfc5ba27d9e5a60983b69e8496140308fb21061ecb2ff85.cpu_pct,0.0
1791022944,2026-10-03T18:22:24,docker.dev-peer0.org1.example.com-saksi-bulletin_1.0-ee3fe73bad456e43adfc5ba27d9e5a60983b69e8496140308fb21061ecb2ff85.mem_bytes,6774849.536
1791022944,2026-10-03T18:22:24,docker.dev-peer0.org1.example.com-saksi-bulletin_1.0-ee3fe73bad456e43adfc5ba27d9e5a60983b69e8496140308fb21061ecb2ff85.blk_read_bytes,0.0
1791022944,2026-10-03T18:22:24,docker.dev-peer0.org1.example.com-saksi-bulletin_1.0-ee3fe73bad456e43adfc5ba27d9e5a60983b69e8496140308fb21061ecb2ff85.blk_write_bytes,0.0
1791022944,2026-10-03T18:22:24,docker.dev-peer0.org2.example.com-saksi-bulletin_1.0-ee3fe73bad456e43adfc5ba27d9e5a60983b69e8496140308fb21061ecb2ff85.cpu_pct,0.0
1791022944,2026-10-03T18:22:24,docker.dev-peer0.org2.example.com-saksi-bulletin_1.0-ee3fe73bad456e43adfc5ba27d9e5a60983b69e8496140308fb21061ecb2ff85.mem_bytes,7557087.232
1791022944,2026-10-03T18:22:24,docker.dev-peer0.org2.example.com-saksi-bulletin_1.0-ee3fe73bad456e43adfc5ba27d9e5a60983b69e8496140308fb21061ecb2ff85.blk_read_bytes,0.0
1791022944,2026-10-03T18:22:24,docker.dev-peer0.org2.example.com-saksi-bulletin_1.0-ee3fe73bad456e43adfc5ba27d9e5a60983b69e8496140308fb21061ecb2ff85.blk_write_bytes,0.0
1791022944,2026-10-03T18:22:24,docker.peer0.org1.example.com.cpu_pct,1.17
1791022944,2026-10-03T18:22:24,docker.peer0.org1.example.com.mem_bytes,53708062.72
1791022944,2026-10-03T18:22:24,docker.peer0.org1.example.com.blk_read_bytes,3760000.0
1791022944,2026-10-03T18:22:24,docker.peer0.org1.example.com.blk_write_bytes,5100000.0
1791022944,2026-10-03T18:22:24,docker.peer0.org2.example.com.cpu_pct,1.11
1791022944,2026-10-03T18:22:24,docker.peer0.org2.example.com.mem_bytes,45350912.0
1791022944,2026-10-03T18:22:24,docker.peer0.org2.example.com.blk_read_bytes,545000.0
1791022944,2026-10-03T18:22:24,docker.peer0.org2.example.com.blk_write_bytes,3610000.0
1791022944,2026-10-03T18:22:24,docker.orderer.example.com.cpu_pct,0.04
1791022944,2026-10-03T18:22:24,docker.orderer.example.com.mem_bytes,17699962.88
1791022944,2026-10-03T18:22:24,docker.orderer.example.com.blk_read_bytes,31400000.0
1791022944,2026-10-03T18:22:24,docker.orderer.example.com.blk_write_bytes,262000.0
1791022944,2026-10-03T18:22:24,wsl.MemTotal_kb,24608408
1791022944,2026-10-03T18:22:24,wsl.MemAvailable_kb,23154916
1791022944,2026-10-03T18:22:24,wsl.SwapTotal_kb,0
1791022944,2026-10-03T18:22:24,wsl.SwapFree_kb,0
1791022944,2026-10-03T18:22:24,wsl.Dirty_kb,655760
1791022944,2026-10-03T18:22:24,wsl.load1,13.75
1791022944,2026-10-03T18:22:24,wsl.load5,13.22
1791022944,2026-10-03T18:22:24,host.c_free_bytes,49296240640
1791022944,2026-10-03T18:22:24,host.q_free_bytes,418763845632
1791022944,2026-10-03T18:22:24,host.docker_vhdx_bytes,15592325120
1791022944,2026-10-03T18:22:24,host.ubuntu_vhdx_bytes,212983611392
1791022944,2026-10-03T18:22:24,win.Memory\Available MBytes,92.56871
1791022944,2026-10-03T18:22:24,win.PhysicalDisk(0 C:)\% Disk Time,10453.0
1791022944,2026-10-03T18:22:24,win.PhysicalDisk(1 Q:)\% Disk Time,2.972222
1791022944,2026-10-03T18:22:24,win.PhysicalDisk(_Total)\% Disk Time,0.0
1791022944,2026-10-03T18:22:24,win.PhysicalDisk(0 C:)\Current Disk Queue Length,1.486111
1791022944,2026-10-03T18:22:24,win.PhysicalDisk(1 Q:)\Current Disk Queue Length,0.0
1791022944,2026-10-03T18:22:24,win.PhysicalDisk(_Total)\Current Disk Queue Length,0.0
1791022944,2026-10-03T18:22:24,win.Process(vmmemWSL)\% Processor Time,0.0
1791022954,2026-10-03T18:22:34,docker.dev-peer0.org1.example.com-saksi-bulletin_1.0-ee3fe73bad456e43adfc5ba27d9e5a60983b69e8496140308fb21061ecb2ff85.cpu_pct,0.0
1791022954,2026-10-03T18:22:34,docker.dev-peer0.org1.example.com-saksi-bulletin_1.0-ee3fe73bad456e43adfc5ba27d9e5a60983b69e8496140308fb21061ecb2ff85.mem_bytes,6774849.536
1791022954,2026-10-03T18:22:34,docker.dev-peer0.org1.example.com-saksi-bulletin_1.0-ee3fe73bad456e43adfc5ba27d9e5a60983b69e8496140308fb21061ecb2ff85.blk_read_bytes,0.0
1791022954,2026-10-03T18:22:34,docker.dev-peer0.org1.example.com-saksi-bulletin_1.0-ee3fe73bad456e43adfc5ba27d9e5a60983b69e8496140308fb21061ecb2ff85.blk_write_bytes,0.0
1791022954,2026-10-03T18:22:34,docker.dev-peer0.org2.example.com-saksi-bulletin_1.0-ee3fe73bad456e43adfc5ba27d9e5a60983b69e8496140308fb21061ecb2ff85.cpu_pct,0.0
1791022954,2026-10-03T18:22:34,docker.dev-peer0.org2.example.com-saksi-bulletin_1.0-ee3fe73bad456e43adfc5ba27d9e5a60983b69e8496140308fb21061ecb2ff85.mem_bytes,7557087.232
1791022954,2026-10-03T18:22:34,docker.dev-peer0.org2.example.com-saksi-bulletin_1.0-ee3fe73bad456e43adfc5ba27d9e5a60983b69e8496140308fb21061ecb2ff85.blk_read_bytes,0.0
1791022954,2026-10-03T18:22:34,docker.dev-peer0.org2.example.com-saksi-bulletin_1.0-ee3fe73bad456e43adfc5ba27d9e5a60983b69e8496140308fb21061ecb2ff85.blk_write_bytes,0.0
1791022954,2026-10-03T18:22:34,docker.peer0.org1.example.com.cpu_pct,1.27
1791022954,2026-10-03T18:22:34,docker.peer0.org1.example.com.mem_bytes,53435432.96
1791022954,2026-10-03T18:22:34,docker.peer0.org1.example.com.blk_read_bytes,3760000.0
1791022954,2026-10-03T18:22:34,docker.peer0.org1.example.com.blk_write_bytes,5100000.0
1791022954,2026-10-03T18:22:34,docker.peer0.org2.example.com.cpu_pct,1.25
1791022954,2026-10-03T18:22:34,docker.peer0.org2.example.com.mem_bytes,45581598.72
1791022954,2026-10-03T18:22:34,docker.peer0.org2.example.com.blk_read_bytes,545000.0
1791022954,2026-10-03T18:22:34,docker.peer0.org2.example.com.blk_write_bytes,3610000.0
1791022954,2026-10-03T18:22:34,docker.orderer.example.com.cpu_pct,0.04
1791022954,2026-10-03T18:22:34,docker.orderer.example.com.mem_bytes,17699962.88
1791022954,2026-10-03T18:22:34,docker.orderer.example.com.blk_read_bytes,31400000.0
1791022954,2026-10-03T18:22:34,docker.orderer.example.com.blk_write_bytes,262000.0
1791022954,2026-10-03T18:22:34,wsl.MemTotal_kb,24608408
1791022954,2026-10-03T18:22:34,wsl.MemAvailable_kb,23161228
1791022954,2026-10-03T18:22:34,wsl.SwapTotal_kb,0
1791022954,2026-10-03T18:22:34,wsl.SwapFree_kb,0
1791022954,2026-10-03T18:22:34,wsl.Dirty_kb,1367256
1791022954,2026-10-03T18:22:34,wsl.load1,11.87
1791022954,2026-10-03T18:22:34,wsl.load5,12.83
1791022954,2026-10-03T18:22:34,host.c_free_bytes,49295974400
1791022954,2026-10-03T18:22:34,host.q_free_bytes,418763845632
1791022954,2026-10-03T18:22:34,host.docker_vhdx_bytes,15592325120
1791022954,2026-10-03T18:22:34,host.ubuntu_vhdx_bytes,212983611392
1791022954,2026-10-03T18:22:34,win.Memory\Available MBytes,91.27316
1791022954,2026-10-03T18:22:34,win.PhysicalDisk(0 C:)\% Disk Time,10193.0
1791022954,2026-10-03T18:22:34,win.PhysicalDisk(1 Q:)\% Disk Time,509.402556
1791022954,2026-10-03T18:22:34,win.PhysicalDisk(_Total)\% Disk Time,0.126863
1791022954,2026-10-03T18:22:34,win.PhysicalDisk(0 C:)\Current Disk Queue Length,254.764709
1791022954,2026-10-03T18:22:34,win.PhysicalDisk(1 Q:)\Current Disk Queue Length,0.0
1791022954,2026-10-03T18:22:34,win.PhysicalDisk(_Total)\Current Disk Queue Length,0.0
1791022954,2026-10-03T18:22:34,win.Process(vmmemWSL)\% Processor Time,0.0
1791022964,2026-10-03T18:22:44,docker.dev-peer0.org1.example.com-saksi-bulletin_1.0-ee3fe73bad456e43adfc5ba27d9e5a60983b69e8496140308fb21061ecb2ff85.cpu_pct,0.0
1791022964,2026-10-03T18:22:44,docker.dev-peer0.org1.example.com-saksi-bulletin_1.0-ee3fe73bad456e43adfc5ba27d9e5a60983b69e8496140308fb21061ecb2ff85.mem_bytes,8081375.232
1791022964,2026-10-03T18:22:44,docker.dev-peer0.org1.example.com-saksi-bulletin_1.0-ee3fe73bad456e43adfc5ba27d9e5a60983b69e8496140308fb21061ecb2ff85.blk_read_bytes,0.0
1791022964,2026-10-03T18:22:44,docker.dev-peer0.org1.example.com-saksi-bulletin_1.0-ee3fe73bad456e43adfc5ba27d9e5a60983b69e8496140308fb21061ecb2ff85.blk_write_bytes,0.0
1791022964,2026-10-03T18:22:44,docker.dev-peer0.org2.example.com-saksi-bulletin_1.0-ee3fe73bad456e43adfc5ba27d9e5a60983b69e8496140308fb21061ecb2ff85.cpu_pct,0.0
1791022964,2026-10-03T18:22:44,docker.dev-peer0.org2.example.com-saksi-bulletin_1.0-ee3fe73bad456e43adfc5ba27d9e5a60983b69e8496140308fb21061ecb2ff85.mem_bytes,7578058.752
1791022964,2026-10-03T18:22:44,docker.dev-peer0.org2.example.com-saksi-bulletin_1.0-ee3fe73bad456e43adfc5ba27d9e5a60983b69e8496140308fb21061ecb2ff85.blk_read_bytes,0.0
1791022964,2026-10-03T18:22:44,docker.dev-peer0.org2.example.com-saksi-bulletin_1.0-ee3fe73bad456e43adfc5ba27d9e5a60983b69e8496140308fb21061ecb2ff85.blk_write_bytes,0.0
1791022964,2026-10-03T18:22:44,docker.peer0.org1.example.com.cpu_pct,1.15
1791022964,2026-10-03T18:22:44,docker.peer0.org1.example.com.mem_bytes,52261027.84
1791022964,2026-10-03T18:22:44,docker.peer0.org1.example.com.blk_read_bytes,3760000.0
1791022964,2026-10-03T18:22:44,docker.peer0.org1.example.com.blk_write_bytes,5100000.0
1791022964,2026-10-03T18:22:44,docker.peer0.org2.example.com.cpu_pct,1.17
1791022964,2026-10-03T18:22:44,docker.peer0.org2.example.com.mem_bytes,45686456.32
1791022964,2026-10-03T18:22:44,docker.peer0.org2.example.com.blk_read_bytes,545000.0
1791022964,2026-10-03T18:22:44,docker.peer0.org2.example.com.blk_write_bytes,3610000.0
1791022964,2026-10-03T18:22:44,docker.orderer.example.com.cpu_pct,0.06
1791022964,2026-10-03T18:22:44,docker.orderer.example.com.mem_bytes,17972592.64
1791022964,2026-10-03T18:22:44,docker.orderer.example.com.blk_read_bytes,31400000.0
1791022964,2026-10-03T18:22:44,docker.orderer.example.com.blk_write_bytes,262000.0
1791022964,2026-10-03T18:22:44,wsl.MemTotal_kb,24608408
1791022964,2026-10-03T18:22:44,wsl.MemAvailable_kb,23169392
1791022964,2026-10-03T18:22:44,wsl.SwapTotal_kb,0
1791022964,2026-10-03T18:22:44,wsl.SwapFree_kb,0
1791022964,2026-10-03T18:22:44,wsl.Dirty_kb,2073328
1791022964,2026-10-03T18:22:44,wsl.load1,10.05
1791022964,2026-10-03T18:22:44,wsl.load5,12.41
1791022964,2026-10-03T18:22:44,host.c_free_bytes,49295577088
1791022964,2026-10-03T18:22:44,host.q_free_bytes,418763845632
1791022964,2026-10-03T18:22:44,host.docker_vhdx_bytes,15592325120
1791022964,2026-10-03T18:22:44,host.ubuntu_vhdx_bytes,212983611392
1791022964,2026-10-03T18:22:44,win.Memory\Available MBytes,52.27603
1791022964,2026-10-03T18:22:44,win.PhysicalDisk(0 C:)\% Disk Time,9726.0
1791022964,2026-10-03T18:22:44,win.PhysicalDisk(1 Q:)\% Disk Time,4.410688
1791022964,2026-10-03T18:22:44,win.PhysicalDisk(_Total)\% Disk Time,0.0
1791022964,2026-10-03T18:22:44,win.PhysicalDisk(0 C:)\Current Disk Queue Length,2.205344
1791022964,2026-10-03T18:22:44,win.PhysicalDisk(1 Q:)\Current Disk Queue Length,0.0
1791022964,2026-10-03T18:22:44,win.PhysicalDisk(_Total)\Current Disk Queue Length,0.0
1791022964,2026-10-03T18:22:44,win.Process(vmmemWSL)\% Processor Time,0.0
1791022974,2026-10-03T18:22:54,docker.dev-peer0.org1.example.com-saksi-bulletin_1.0-ee3fe73bad456e43adfc5ba27d9e5a60983b69e8496140308fb21061ecb2ff85.cpu_pct,0.0
1791022974,2026-10-03T18:22:54,docker.dev-peer0.org1.example.com-saksi-bulletin_1.0-ee3fe73bad456e43adfc5ba27d9e5a60983b69e8496140308fb21061ecb2ff85.mem_bytes,7823425.536
1791022974,2026-10-03T18:22:54,docker.dev-peer0.org1.example.com-saksi-bulletin_1.0-ee3fe73bad456e43adfc5ba27d9e5a60983b69e8496140308fb21061ecb2ff85.blk_read_bytes,0.0
1791022974,2026-10-03T18:22:54,docker.dev-peer0.org1.example.com-saksi-bulletin_1.0-ee3fe73bad456e43adfc5ba27d9e5a60983b69e8496140308fb21061ecb2ff85.blk_write_bytes,0.0
1791022974,2026-10-03T18:22:54,docker.dev-peer0.org2.example.com-saksi-bulletin_1.0-ee3fe73bad456e43adfc5ba27d9e5a60983b69e8496140308fb21061ecb2ff85.cpu_pct,0.0
1791022974,2026-10-03T18:22:54,docker.dev-peer0.org2.example.com-saksi-bulletin_1.0-ee3fe73bad456e43adfc5ba27d9e5a60983b69e8496140308fb21061ecb2ff85.mem_bytes,7090470.912
1791022974,2026-10-03T18:22:54,docker.dev-peer0.org2.example.com-saksi-bulletin_1.0-ee3fe73bad456e43adfc5ba27d9e5a60983b69e8496140308fb21061ecb2ff85.blk_read_bytes,0.0
1791022974,2026-10-03T18:22:54,docker.dev-peer0.org2.example.com-saksi-bulletin_1.0-ee3fe73bad456e43adfc5ba27d9e5a60983b69e8496140308fb21061ecb2ff85.blk_write_bytes,0.0
1791022974,2026-10-03T18:22:54,docker.peer0.org1.example.com.cpu_pct,1.21
1791022974,2026-10-03T18:22:54,docker.peer0.org1.example.com.mem_bytes,52806287.36
1791022974,2026-10-03T18:22:54,docker.peer0.org1.example.com.blk_read_bytes,3760000.0
1791022974,2026-10-03T18:22:54,docker.peer0.org1.example.com.blk_write_bytes,5100000.0
1791022974,2026-10-03T18:22:54,docker.peer0.org2.example.com.cpu_pct,1.31
1791022974,2026-10-03T18:22:54,docker.peer0.org2.example.com.mem_bytes,45403340.8
1791022974,2026-10-03T18:22:54,docker.peer0.org2.example.com.blk_read_bytes,545000.0
1791022974,2026-10-03T18:22:54,docker.peer0.org2.example.com.blk_write_bytes,3610000.0
1791022974,2026-10-03T18:22:54,docker.orderer.example.com.cpu_pct,0.05
1791022974,2026-10-03T18:22:54,docker.orderer.example.com.mem_bytes,17710448.64
1791022974,2026-10-03T18:22:54,docker.orderer.example.com.blk_read_bytes,31400000.0
1791022974,2026-10-03T18:22:54,docker.orderer.example.com.blk_write_bytes,262000.0
1791022974,2026-10-03T18:22:54,wsl.MemTotal_kb,24608408
1791022974,2026-10-03T18:22:54,wsl.MemAvailable_kb,23165200
1791022974,2026-10-03T18:22:54,wsl.SwapTotal_kb,0
1791022974,2026-10-03T18:22:54,wsl.SwapFree_kb,0
1791022974,2026-10-03T18:22:54,wsl.Dirty_kb,2188424
1791022974,2026-10-03T18:22:54,wsl.load1,8.65
1791022974,2026-10-03T18:22:54,wsl.load5,12.03
1791022974,2026-10-03T18:22:54,host.c_free_bytes,49295126528
1791022974,2026-10-03T18:22:54,host.q_free_bytes,418763845632
1791022974,2026-10-03T18:22:54,host.docker_vhdx_bytes,15592325120
1791022974,2026-10-03T18:22:54,host.ubuntu_vhdx_bytes,212983611392
1791022974,2026-10-03T18:22:54,win.Memory\Available MBytes,15.828219
1791022974,2026-10-03T18:22:54,win.PhysicalDisk(0 C:)\% Disk Time,8356.0
1791022974,2026-10-03T18:22:54,win.PhysicalDisk(1 Q:)\% Disk Time,4.987754
1791022974,2026-10-03T18:22:54,win.PhysicalDisk(_Total)\% Disk Time,0.0
1791022974,2026-10-03T18:22:54,win.PhysicalDisk(0 C:)\Current Disk Queue Length,2.493876
1791022974,2026-10-03T18:22:54,win.PhysicalDisk(1 Q:)\Current Disk Queue Length,0.0
1791022974,2026-10-03T18:22:54,win.PhysicalDisk(_Total)\Current Disk Queue Length,0.0
1791022974,2026-10-03T18:22:54,win.Process(vmmemWSL)\% Processor Time,0.0
1791022984,2026-10-03T18:23:04,docker.dev-peer0.org1.example.com-saksi-bulletin_1.0-ee3fe73bad456e43adfc5ba27d9e5a60983b69e8496140308fb21061ecb2ff85.cpu_pct,0.0
1791022984,2026-10-03T18:23:04,docker.dev-peer0.org1.example.com-saksi-bulletin_1.0-ee3fe73bad456e43adfc5ba27d9e5a60983b69e8496140308fb21061ecb2ff85.mem_bytes,7823425.536
1791022984,2026-10-03T18:23:04,docker.dev-peer0.org1.example.com-saksi-bulletin_1.0-ee3fe73bad456e43adfc5ba27d9e5a60983b69e8496140308fb21061ecb2ff85.blk_read_bytes,0.0
1791022984,2026-10-03T18:23:04,docker.dev-peer0.org1.example.com-saksi-bulletin_1.0-ee3fe73bad456e43adfc5ba27d9e5a60983b69e8496140308fb21061ecb2ff85.blk_write_bytes,0.0
1791022984,2026-10-03T18:23:04,docker.dev-peer0.org2.example.com-saksi-bulletin_1.0-ee3fe73bad456e43adfc5ba27d9e5a60983b69e8496140308fb21061ecb2ff85.cpu_pct,0.0
1791022984,2026-10-03T18:23:04,docker.dev-peer0.org2.example.com-saksi-bulletin_1.0-ee3fe73bad456e43adfc5ba27d9e5a60983b69e8496140308fb21061ecb2ff85.mem_bytes,7090470.912
1791022984,2026-10-03T18:23:04,docker.dev-peer0.org2.example.com-saksi-bulletin_1.0-ee3fe73bad456e43adfc5ba27d9e5a60983b69e8496140308fb21061ecb2ff85.blk_read_bytes,0.0
1791022984,2026-10-03T18:23:04,docker.dev-peer0.org2.example.com-saksi-bulletin_1.0-ee3fe73bad456e43adfc5ba27d9e5a60983b69e8496140308fb21061ecb2ff85.blk_write_bytes,0.0
1791022984,2026-10-03T18:23:04,docker.peer0.org1.example.com.cpu_pct,1.21
1791022984,2026-10-03T18:23:04,docker.peer0.org1.example.com.mem_bytes,53057945.6
1791022984,2026-10-03T18:23:04,docker.peer0.org1.example.com.blk_read_bytes,3760000.0
1791022984,2026-10-03T18:23:04,docker.peer0.org1.example.com.blk_write_bytes,5100000.0
1791022984,2026-10-03T18:23:04,docker.peer0.org2.example.com.cpu_pct,1.16
1791022984,2026-10-03T18:23:04,docker.peer0.org2.example.com.mem_bytes,46168801.28
1791022984,2026-10-03T18:23:04,docker.peer0.org2.example.com.blk_read_bytes,545000.0
1791022984,2026-10-03T18:23:04,docker.peer0.org2.example.com.blk_write_bytes,3610000.0
1791022984,2026-10-03T18:23:04,docker.orderer.example.com.cpu_pct,0.04
1791022984,2026-10-03T18:23:04,docker.orderer.example.com.mem_bytes,17710448.64
1791022984,2026-10-03T18:23:04,docker.orderer.example.com.blk_read_bytes,31400000.0
1791022984,2026-10-03T18:23:04,docker.orderer.example.com.blk_write_bytes,262000.0
1791022984,2026-10-03T18:23:04,wsl.MemTotal_kb,24608408
1791022984,2026-10-03T18:23:04,wsl.MemAvailable_kb,23169968
1791022984,2026-10-03T18:23:04,wsl.SwapTotal_kb,0
1791022984,2026-10-03T18:23:04,wsl.SwapFree_kb,0
1791022984,2026-10-03T18:23:04,wsl.Dirty_kb,472588
1791022984,2026-10-03T18:23:04,wsl.load1,7.32
1791022984,2026-10-03T18:23:04,wsl.load5,11.63
1791022984,2026-10-03T18:23:04,host.c_free_bytes,49295847424
1791022984,2026-10-03T18:23:04,host.q_free_bytes,418763845632
1791022984,2026-10-03T18:23:04,host.docker_vhdx_bytes,15592325120
1791022984,2026-10-03T18:23:04,host.ubuntu_vhdx_bytes,212983611392
1791022984,2026-10-03T18:23:04,win.Memory\Available MBytes,15.828219
1791022984,2026-10-03T18:23:04,win.PhysicalDisk(0 C:)\% Disk Time,8356.0
1791022984,2026-10-03T18:23:04,win.PhysicalDisk(1 Q:)\% Disk Time,4.987754
1791022984,2026-10-03T18:23:04,win.PhysicalDisk(_Total)\% Disk Time,0.0
1791022984,2026-10-03T18:23:04,win.PhysicalDisk(0 C:)\Current Disk Queue Length,2.493876
1791022984,2026-10-03T18:23:04,win.PhysicalDisk(1 Q:)\Current Disk Queue Length,0.0
1791022984,2026-10-03T18:23:04,win.PhysicalDisk(_Total)\Current Disk Queue Length,0.0
1791022984,2026-10-03T18:23:04,win.Process(vmmemWSL)\% Processor Time,0.0
1791022994,2026-10-03T18:23:14,docker.dev-peer0.org1.example.com-saksi-bulletin_1.0-ee3fe73bad456e43adfc5ba27d9e5a60983b69e8496140308fb21061ecb2ff85.cpu_pct,0.0
1791022994,2026-10-03T18:23:14,docker.dev-peer0.org1.example.com-saksi-bulletin_1.0-ee3fe73bad456e43adfc5ba27d9e5a60983b69e8496140308fb21061ecb2ff85.mem_bytes,7303331.84
1791022994,2026-10-03T18:23:14,docker.dev-peer0.org1.example.com-saksi-bulletin_1.0-ee3fe73bad456e43adfc5ba27d9e5a60983b69e8496140308fb21061ecb2ff85.blk_read_bytes,0.0
1791022994,2026-10-03T18:23:14,docker.dev-peer0.org1.example.com-saksi-bulletin_1.0-ee3fe73bad456e43adfc5ba27d9e5a60983b69e8496140308fb21061ecb2ff85.blk_write_bytes,0.0
1791022994,2026-10-03T18:23:14,docker.dev-peer0.org2.example.com-saksi-bulletin_1.0-ee3fe73bad456e43adfc5ba27d9e5a60983b69e8496140308fb21061ecb2ff85.cpu_pct,0.0
1791022994,2026-10-03T18:23:14,docker.dev-peer0.org2.example.com-saksi-bulletin_1.0-ee3fe73bad456e43adfc5ba27d9e5a60983b69e8496140308fb21061ecb2ff85.mem_bytes,7090470.912
1791022994,2026-10-03T18:23:14,docker.dev-peer0.org2.example.com-saksi-bulletin_1.0-ee3fe73bad456e43adfc5ba27d9e5a60983b69e8496140308fb21061ecb2ff85.blk_read_bytes,0.0
1791022994,2026-10-03T18:23:14,docker.dev-peer0.org2.example.com-saksi-bulletin_1.0-ee3fe73bad456e43adfc5ba27d9e5a60983b69e8496140308fb21061ecb2ff85.blk_write_bytes,0.0
1791022994,2026-10-03T18:23:14,docker.peer0.org1.example.com.cpu_pct,1.36
1791022994,2026-10-03T18:23:14,docker.peer0.org1.example.com.mem_bytes,53299118.08
1791022994,2026-10-03T18:23:14,docker.peer0.org1.example.com.blk_read_bytes,3760000.0
1791022994,2026-10-03T18:23:14,docker.peer0.org1.example.com.blk_write_bytes,5100000.0
1791022994,2026-10-03T18:23:14,docker.peer0.org2.example.com.cpu_pct,1.28
1791022994,2026-10-03T18:23:14,docker.peer0.org2.example.com.mem_bytes,45906657.28
1791022994,2026-10-03T18:23:14,docker.peer0.org2.example.com.blk_read_bytes,545000.0
1791022994,2026-10-03T18:23:14,docker.peer0.org2.example.com.blk_write_bytes,3610000.0
1791022994,2026-10-03T18:23:14,docker.orderer.example.com.cpu_pct,0.03
1791022994,2026-10-03T18:23:14,docker.orderer.example.com.mem_bytes,17448304.64
1791022994,2026-10-03T18:23:14,docker.orderer.example.com.blk_read_bytes,31400000.0
1791022994,2026-10-03T18:23:14,docker.orderer.example.com.blk_write_bytes,262000.0
1791022994,2026-10-03T18:23:14,wsl.MemTotal_kb,24608408
1791022994,2026-10-03T18:23:14,wsl.MemAvailable_kb,23173952
1791022994,2026-10-03T18:23:14,wsl.SwapTotal_kb,0
1791022994,2026-10-03T18:23:14,wsl.SwapFree_kb,0
1791022994,2026-10-03T18:23:14,wsl.Dirty_kb,1182136
1791022994,2026-10-03T18:23:14,wsl.load1,6.75
1791022994,2026-10-03T18:23:14,wsl.load5,11.37
1791022994,2026-10-03T18:23:14,host.c_free_bytes,49296568320
1791022994,2026-10-03T18:23:14,host.q_free_bytes,418763845632
1791022994,2026-10-03T18:23:14,host.docker_vhdx_bytes,15592325120
1791022994,2026-10-03T18:23:14,host.ubuntu_vhdx_bytes,212983611392
1791022994,2026-10-03T18:23:14,win.Memory\Available MBytes,16.550069
1791022994,2026-10-03T18:23:14,win.PhysicalDisk(0 C:)\% Disk Time,7695.0
1791022994,2026-10-03T18:23:14,win.PhysicalDisk(1 Q:)\% Disk Time,150.125149
1791022994,2026-10-03T18:23:14,win.PhysicalDisk(_Total)\% Disk Time,0.0
1791022994,2026-10-03T18:23:14,win.PhysicalDisk(0 C:)\Current Disk Queue Length,75.062575
1791022994,2026-10-03T18:23:14,win.PhysicalDisk(1 Q:)\Current Disk Queue Length,0.0
1791022994,2026-10-03T18:23:14,win.PhysicalDisk(_Total)\Current Disk Queue Length,0.0
1791022994,2026-10-03T18:23:14,win.Process(vmmemWSL)\% Processor Time,0.0
1791023004,2026-10-03T18:23:24,docker.dev-peer0.org1.example.com-saksi-bulletin_1.0-ee3fe73bad456e43adfc5ba27d9e5a60983b69e8496140308fb21061ecb2ff85.cpu_pct,0.0
1791023004,2026-10-03T18:23:24,docker.dev-peer0.org1.example.com-saksi-bulletin_1.0-ee3fe73bad456e43adfc5ba27d9e5a60983b69e8496140308fb21061ecb2ff85.mem_bytes,7303331.84
1791023004,2026-10-03T18:23:24,docker.dev-peer0.org1.example.com-saksi-bulletin_1.0-ee3fe73bad456e43adfc5ba27d9e5a60983b69e8496140308fb21061ecb2ff85.blk_read_bytes,0.0
1791023004,2026-10-03T18:23:24,docker.dev-peer0.org1.example.com-saksi-bulletin_1.0-ee3fe73bad456e43adfc5ba27d9e5a60983b69e8496140308fb21061ecb2ff85.blk_write_bytes,0.0
1791023004,2026-10-03T18:23:24,docker.dev-peer0.org2.example.com-saksi-bulletin_1.0-ee3fe73bad456e43adfc5ba27d9e5a60983b69e8496140308fb21061ecb2ff85.cpu_pct,0.0
1791023004,2026-10-03T18:23:24,docker.dev-peer0.org2.example.com-saksi-bulletin_1.0-ee3fe73bad456e43adfc5ba27d9e5a60983b69e8496140308fb21061ecb2ff85.mem_bytes,7090470.912
1791023004,2026-10-03T18:23:24,docker.dev-peer0.org2.example.com-saksi-bulletin_1.0-ee3fe73bad456e43adfc5ba27d9e5a60983b69e8496140308fb21061ecb2ff85.blk_read_bytes,0.0
1791023004,2026-10-03T18:23:24,docker.dev-peer0.org2.example.com-saksi-bulletin_1.0-ee3fe73bad456e43adfc5ba27d9e5a60983b69e8496140308fb21061ecb2ff85.blk_write_bytes,0.0
1791023004,2026-10-03T18:23:24,docker.peer0.org1.example.com.cpu_pct,1.27
1791023004,2026-10-03T18:23:24,docker.peer0.org1.example.com.mem_bytes,53288632.32
1791023004,2026-10-03T18:23:24,docker.peer0.org1.example.com.blk_read_bytes,3760000.0
1791023004,2026-10-03T18:23:24,docker.peer0.org1.example.com.blk_write_bytes,5100000.0
1791023004,2026-10-03T18:23:24,docker.peer0.org2.example.com.cpu_pct,1.11
1791023004,2026-10-03T18:23:24,docker.peer0.org2.example.com.mem_bytes,45634027.52
1791023004,2026-10-03T18:23:24,docker.peer0.org2.example.com.blk_read_bytes,545000.0
1791023004,2026-10-03T18:23:24,docker.peer0.org2.example.com.blk_write_bytes,3610000.0
1791023004,2026-10-03T18:23:24,docker.orderer.example.com.cpu_pct,0.05
1791023004,2026-10-03T18:23:24,docker.orderer.example.com.mem_bytes,17448304.64
1791023004,2026-10-03T18:23:24,docker.orderer.example.com.blk_read_bytes,31400000.0
1791023004,2026-10-03T18:23:24,docker.orderer.example.com.blk_write_bytes,262000.0
1791023004,2026-10-03T18:23:24,wsl.MemTotal_kb,24608408
1791023004,2026-10-03T18:23:24,wsl.MemAvailable_kb,23159872
1791023004,2026-10-03T18:23:24,wsl.SwapTotal_kb,0
1791023004,2026-10-03T18:23:24,wsl.SwapFree_kb,0
1791023004,2026-10-03T18:23:24,wsl.Dirty_kb,1889300
1791023004,2026-10-03T18:23:24,wsl.load1,5.79
1791023004,2026-10-03T18:23:24,wsl.load5,11.01
1791023004,2026-10-03T18:23:24,host.c_free_bytes,49296109568
1791023004,2026-10-03T18:23:24,host.q_free_bytes,418763845632
1791023004,2026-10-03T18:23:24,host.docker_vhdx_bytes,15592325120
1791023004,2026-10-03T18:23:24,host.ubuntu_vhdx_bytes,212983611392
1791023004,2026-10-03T18:23:24,win.Memory\Available MBytes,16.056795
1791023004,2026-10-03T18:23:24,win.PhysicalDisk(0 C:)\% Disk Time,7029.0
1791023004,2026-10-03T18:23:24,win.PhysicalDisk(1 Q:)\% Disk Time,1007.561995
1791023004,2026-10-03T18:23:24,win.PhysicalDisk(_Total)\% Disk Time,0.0
1791023004,2026-10-03T18:23:24,win.PhysicalDisk(0 C:)\Current Disk Queue Length,503.780997
1791023004,2026-10-03T18:23:24,win.PhysicalDisk(1 Q:)\Current Disk Queue Length,0.0
1791023004,2026-10-03T18:23:24,win.PhysicalDisk(_Total)\Current Disk Queue Length,0.0
1791023004,2026-10-03T18:23:24,win.Process(vmmemWSL)\% Processor Time,0.0
1791023014,2026-10-03T18:23:34,wsl.MemTotal_kb,24608408
1791023014,2026-10-03T18:23:34,wsl.MemAvailable_kb,23141396
1791023014,2026-10-03T18:23:34,wsl.SwapTotal_kb,0
1791023014,2026-10-03T18:23:34,wsl.SwapFree_kb,0
1791023014,2026-10-03T18:23:34,wsl.Dirty_kb,115284
1791023014,2026-10-03T18:23:34,wsl.load1,4.77
1791023014,2026-10-03T18:23:34,wsl.load5,9.71
1791023014,2026-10-03T18:23:34,host.c_free_bytes,49295839232
1791023014,2026-10-03T18:23:34,host.q_free_bytes,418763845632
1791023014,2026-10-03T18:23:34,host.docker_vhdx_bytes,15592325120
1791023014,2026-10-03T18:23:34,host.ubuntu_vhdx_bytes,212983611392
1791023014,2026-10-03T18:23:34,win.Memory\Available MBytes,2.230945
1791023014,2026-10-03T18:23:34,win.PhysicalDisk(0 C:)\% Disk Time,5171.0
1791023014,2026-10-03T18:23:34,win.PhysicalDisk(1 Q:)\% Disk Time,19913.589285
1791023014,2026-10-03T18:23:34,win.PhysicalDisk(_Total)\% Disk Time,0.0
1791023014,2026-10-03T18:23:34,win.PhysicalDisk(0 C:)\Current Disk Queue Length,9956.794643
1791023014,2026-10-03T18:23:34,win.PhysicalDisk(1 Q:)\Current Disk Queue Length,189.0
1791023014,2026-10-03T18:23:34,win.PhysicalDisk(_Total)\Current Disk Queue Length,0.0
1791023014,2026-10-03T18:23:34,win.Process(vmmemWSL)\% Processor Time,189.0
1791023071,2026-10-03T18:24:30,docker.dev-peer0.org1.example.com-saksi-bulletin_1.0-ee3fe73bad456e43adfc5ba27d9e5a60983b69e8496140308fb21061ecb2ff85.cpu_pct,0.0
1791023071,2026-10-03T18:24:30,docker.dev-peer0.org1.example.com-saksi-bulletin_1.0-ee3fe73bad456e43adfc5ba27d9e5a60983b69e8496140308fb21061ecb2ff85.mem_bytes,7036993.536
1791023071,2026-10-03T18:24:30,docker.dev-peer0.org1.example.com-saksi-bulletin_1.0-ee3fe73bad456e43adfc5ba27d9e5a60983b69e8496140308fb21061ecb2ff85.blk_read_bytes,0.0
1791023071,2026-10-03T18:24:30,docker.dev-peer0.org1.example.com-saksi-bulletin_1.0-ee3fe73bad456e43adfc5ba27d9e5a60983b69e8496140308fb21061ecb2ff85.blk_write_bytes,0.0
1791023071,2026-10-03T18:24:30,docker.dev-peer0.org2.example.com-saksi-bulletin_1.0-ee3fe73bad456e43adfc5ba27d9e5a60983b69e8496140308fb21061ecb2ff85.cpu_pct,0.0
1791023071,2026-10-03T18:24:30,docker.dev-peer0.org2.example.com-saksi-bulletin_1.0-ee3fe73bad456e43adfc5ba27d9e5a60983b69e8496140308fb21061ecb2ff85.mem_bytes,7348420.608
1791023071,2026-10-03T18:24:30,docker.dev-peer0.org2.example.com-saksi-bulletin_1.0-ee3fe73bad456e43adfc5ba27d9e5a60983b69e8496140308fb21061ecb2ff85.blk_read_bytes,0.0
1791023071,2026-10-03T18:24:30,docker.dev-peer0.org2.example.com-saksi-bulletin_1.0-ee3fe73bad456e43adfc5ba27d9e5a60983b69e8496140308fb21061ecb2ff85.blk_write_bytes,0.0
1791023071,2026-10-03T18:24:30,docker.peer0.org1.example.com.cpu_pct,1.24
1791023071,2026-10-03T18:24:30,docker.peer0.org1.example.com.mem_bytes,52187627.52
1791023071,2026-10-03T18:24:30,docker.peer0.org1.example.com.blk_read_bytes,3760000.0
1791023071,2026-10-03T18:24:30,docker.peer0.org1.example.com.blk_write_bytes,5100000.0
1791023071,2026-10-03T18:24:30,docker.peer0.org2.example.com.cpu_pct,1.16
1791023071,2026-10-03T18:24:30,docker.peer0.org2.example.com.mem_bytes,45392855.04
1791023071,2026-10-03T18:24:30,docker.peer0.org2.example.com.blk_read_bytes,545000.0
1791023071,2026-10-03T18:24:30,docker.peer0.org2.example.com.blk_write_bytes,3610000.0
1791023071,2026-10-03T18:24:30,docker.orderer.example.com.cpu_pct,0.05
1791023071,2026-10-03T18:24:30,docker.orderer.example.com.mem_bytes,17710448.64
1791023071,2026-10-03T18:24:30,docker.orderer.example.com.blk_read_bytes,31400000.0
1791023071,2026-10-03T18:24:30,docker.orderer.example.com.blk_write_bytes,262000.0
1791023071,2026-10-03T18:24:30,wsl.MemTotal_kb,24608408
1791023071,2026-10-03T18:24:30,wsl.MemAvailable_kb,23140296
1791023071,2026-10-03T18:24:30,wsl.SwapTotal_kb,0
1791023071,2026-10-03T18:24:30,wsl.SwapFree_kb,0
1791023071,2026-10-03T18:24:30,wsl.Dirty_kb,347400
1791023071,2026-10-03T18:24:30,wsl.load1,4.46
1791023071,2026-10-03T18:24:30,wsl.load5,9.57
1791023071,2026-10-03T18:24:30,host.c_free_bytes,49295839232
1791023071,2026-10-03T18:24:30,host.q_free_bytes,418763845632
1791023071,2026-10-03T18:24:30,host.docker_vhdx_bytes,15592325120
1791023071,2026-10-03T18:24:30,host.ubuntu_vhdx_bytes,212983611392
1791023071,2026-10-03T18:24:30,win.Memory\Available MBytes,2.230945
1791023071,2026-10-03T18:24:30,win.PhysicalDisk(0 C:)\% Disk Time,5171.0
1791023071,2026-10-03T18:24:30,win.PhysicalDisk(1 Q:)\% Disk Time,19913.589285
1791023071,2026-10-03T18:24:30,win.PhysicalDisk(_Total)\% Disk Time,0.0
1791023071,2026-10-03T18:24:30,win.PhysicalDisk(0 C:)\Current Disk Queue Length,9956.794643
1791023071,2026-10-03T18:24:30,win.PhysicalDisk(1 Q:)\Current Disk Queue Length,189.0
1791023071,2026-10-03T18:24:30,win.PhysicalDisk(_Total)\Current Disk Queue Length,0.0
1791023071,2026-10-03T18:24:30,win.Process(vmmemWSL)\% Processor Time,189.0
1791023081,2026-10-03T18:24:40,docker.dev-peer0.org1.example.com-saksi-bulletin_1.0-ee3fe73bad456e43adfc5ba27d9e5a60983b69e8496140308fb21061ecb2ff85.cpu_pct,0.0
1791023081,2026-10-03T18:24:40,docker.dev-peer0.org1.example.com-saksi-bulletin_1.0-ee3fe73bad456e43adfc5ba27d9e5a60983b69e8496140308fb21061ecb2ff85.mem_bytes,7036993.536
1791023081,2026-10-03T18:24:40,docker.dev-peer0.org1.example.com-saksi-bulletin_1.0-ee3fe73bad456e43adfc5ba27d9e5a60983b69e8496140308fb21061ecb2ff85.blk_read_bytes,0.0
1791023081,2026-10-03T18:24:40,docker.dev-peer0.org1.example.com-saksi-bulletin_1.0-ee3fe73bad456e43adfc5ba27d9e5a60983b69e8496140308fb21061ecb2ff85.blk_write_bytes,0.0
1791023081,2026-10-03T18:24:40,docker.dev-peer0.org2.example.com-saksi-bulletin_1.0-ee3fe73bad456e43adfc5ba27d9e5a60983b69e8496140308fb21061ecb2ff85.cpu_pct,0.0
1791023081,2026-10-03T18:24:40,docker.dev-peer0.org2.example.com-saksi-bulletin_1.0-ee3fe73bad456e43adfc5ba27d9e5a60983b69e8496140308fb21061ecb2ff85.mem_bytes,7090470.912
1791023081,2026-10-03T18:24:40,docker.dev-peer0.org2.example.com-saksi-bulletin_1.0-ee3fe73bad456e43adfc5ba27d9e5a60983b69e8496140308fb21061ecb2ff85.blk_read_bytes,0.0
1791023081,2026-10-03T18:24:40,docker.dev-peer0.org2.example.com-saksi-bulletin_1.0-ee3fe73bad456e43adfc5ba27d9e5a60983b69e8496140308fb21061ecb2ff85.blk_write_bytes,0.0
1791023081,2026-10-03T18:24:40,docker.peer0.org1.example.com.cpu_pct,1.16
1791023081,2026-10-03T18:24:40,docker.peer0.org1.example.com.mem_bytes,52512686.08
1791023081,2026-10-03T18:24:40,docker.peer0.org1.example.com.blk_read_bytes,3760000.0
1791023081,2026-10-03T18:24:40,docker.peer0.org1.example.com.blk_write_bytes,5100000.0
1791023081,2026-10-03T18:24:40,docker.peer0.org2.example.com.cpu_pct,1.0
1791023081,2026-10-03T18:24:40,docker.peer0.org2.example.com.mem_bytes,45644513.28
1791023081,2026-10-03T18:24:40,docker.peer0.org2.example.com.blk_read_bytes,545000.0
1791023081,2026-10-03T18:24:40,docker.peer0.org2.example.com.blk_write_bytes,3610000.0
1791023081,2026-10-03T18:24:40,docker.orderer.example.com.cpu_pct,0.05
1791023081,2026-10-03T18:24:40,docker.orderer.example.com.mem_bytes,17448304.64
1791023081,2026-10-03T18:24:40,docker.orderer.example.com.blk_read_bytes,31400000.0
1791023081,2026-10-03T18:24:40,docker.orderer.example.com.blk_write_bytes,262000.0
1791023081,2026-10-03T18:24:40,wsl.MemTotal_kb,24608408
1791023081,2026-10-03T18:24:40,wsl.MemAvailable_kb,23148332
1791023081,2026-10-03T18:24:40,wsl.SwapTotal_kb,0
1791023081,2026-10-03T18:24:40,wsl.SwapFree_kb,0
1791023081,2026-10-03T18:24:40,wsl.Dirty_kb,1009600
1791023081,2026-10-03T18:24:40,wsl.load1,4.6
1791023081,2026-10-03T18:24:40,wsl.load5,9.43
1791023081,2026-10-03T18:24:40,host.c_free_bytes,49295441920
1791023081,2026-10-03T18:24:40,host.q_free_bytes,418763845632
1791023081,2026-10-03T18:24:40,host.docker_vhdx_bytes,15592325120
1791023081,2026-10-03T18:24:40,host.ubuntu_vhdx_bytes,212983611392
1791023081,2026-10-03T18:24:40,win.Memory\Available MBytes,2.623494
1791023081,2026-10-03T18:24:40,win.PhysicalDisk(0 C:)\% Disk Time,5173.0
1791023081,2026-10-03T18:24:40,win.PhysicalDisk(1 Q:)\% Disk Time,58751.040355
1791023081,2026-10-03T18:24:40,win.PhysicalDisk(_Total)\% Disk Time,0.0
1791023081,2026-10-03T18:24:40,win.PhysicalDisk(0 C:)\Current Disk Queue Length,29375.520178
1791023081,2026-10-03T18:24:40,win.PhysicalDisk(1 Q:)\Current Disk Queue Length,189.0
1791023081,2026-10-03T18:24:40,win.PhysicalDisk(_Total)\Current Disk Queue Length,0.0
1791023081,2026-10-03T18:24:40,win.Process(vmmemWSL)\% Processor Time,189.0
1791023091,2026-10-03T18:24:50,docker.dev-peer0.org1.example.com-saksi-bulletin_1.0-ee3fe73bad456e43adfc5ba27d9e5a60983b69e8496140308fb21061ecb2ff85.cpu_pct,0.0
1791023091,2026-10-03T18:24:50,docker.dev-peer0.org1.example.com-saksi-bulletin_1.0-ee3fe73bad456e43adfc5ba27d9e5a60983b69e8496140308fb21061ecb2ff85.mem_bytes,6783238.144
1791023091,2026-10-03T18:24:50,docker.dev-peer0.org1.example.com-saksi-bulletin_1.0-ee3fe73bad456e43adfc5ba27d9e5a60983b69e8496140308fb21061ecb2ff85.blk_read_bytes,0.0
1791023091,2026-10-03T18:24:50,docker.dev-peer0.org1.example.com-saksi-bulletin_1.0-ee3fe73bad456e43adfc5ba27d9e5a60983b69e8496140308fb21061ecb2ff85.blk_write_bytes,0.0
1791023091,2026-10-03T18:24:50,docker.dev-peer0.org2.example.com-saksi-bulletin_1.0-ee3fe73bad456e43adfc5ba27d9e5a60983b69e8496140308fb21061ecb2ff85.cpu_pct,0.0
1791023091,2026-10-03T18:24:50,docker.dev-peer0.org2.example.com-saksi-bulletin_1.0-ee3fe73bad456e43adfc5ba27d9e5a60983b69e8496140308fb21061ecb2ff85.mem_bytes,6828326.912
1791023091,2026-10-03T18:24:50,docker.dev-peer0.org2.example.com-saksi-bulletin_1.0-ee3fe73bad456e43adfc5ba27d9e5a60983b69e8496140308fb21061ecb2ff85.blk_read_bytes,0.0
1791023091,2026-10-03T18:24:50,docker.dev-peer0.org2.example.com-saksi-bulletin_1.0-ee3fe73bad456e43adfc5ba27d9e5a60983b69e8496140308fb21061ecb2ff85.blk_write_bytes,0.0
1791023091,2026-10-03T18:24:50,docker.peer0.org1.example.com.cpu_pct,1.17
1791023091,2026-10-03T18:24:50,docker.peer0.org1.example.com.mem_bytes,52732887.04
1791023091,2026-10-03T18:24:50,docker.peer0.org1.example.com.blk_read_bytes,3760000.0
1791023091,2026-10-03T18:24:50,docker.peer0.org1.example.com.blk_write_bytes,5100000.0
1791023091,2026-10-03T18:24:50,docker.peer0.org2.example.com.cpu_pct,1.09
1791023091,2026-10-03T18:24:50,docker.peer0.org2.example.com.mem_bytes,45392855.04
1791023091,2026-10-03T18:24:50,docker.peer0.org2.example.com.blk_read_bytes,545000.0
1791023091,2026-10-03T18:24:50,docker.peer0.org2.example.com.blk_write_bytes,3610000.0
1791023091,2026-10-03T18:24:50,docker.orderer.example.com.cpu_pct,0.05
1791023091,2026-10-03T18:24:50,docker.orderer.example.com.mem_bytes,17710448.64
1791023091,2026-10-03T18:24:50,docker.orderer.example.com.blk_read_bytes,31400000.0
1791023091,2026-10-03T18:24:50,docker.orderer.example.com.blk_write_bytes,262000.0
1791023091,2026-10-03T18:24:50,wsl.MemTotal_kb,24608408
1791023091,2026-10-03T18:24:50,wsl.MemAvailable_kb,23146036
1791023091,2026-10-03T18:24:50,wsl.SwapTotal_kb,0
1791023091,2026-10-03T18:24:50,wsl.SwapFree_kb,0
1791023091,2026-10-03T18:24:50,wsl.Dirty_kb,1715900
1791023091,2026-10-03T18:24:50,wsl.load1,4.48
1791023091,2026-10-03T18:24:50,wsl.load5,9.25
1791023091,2026-10-03T18:24:50,host.c_free_bytes,49295114240
1791023091,2026-10-03T18:24:50,host.q_free_bytes,418763845632
1791023091,2026-10-03T18:24:50,host.docker_vhdx_bytes,15592325120
1791023091,2026-10-03T18:24:50,host.ubuntu_vhdx_bytes,212983611392
1791023091,2026-10-03T18:24:50,win.Memory\Available MBytes,16.006984
1791023091,2026-10-03T18:24:50,win.PhysicalDisk(0 C:)\% Disk Time,4550.0
1791023091,2026-10-03T18:24:50,win.PhysicalDisk(1 Q:)\% Disk Time,2752.589073
1791023091,2026-10-03T18:24:50,win.PhysicalDisk(_Total)\% Disk Time,0.0
1791023091,2026-10-03T18:24:50,win.PhysicalDisk(0 C:)\Current Disk Queue Length,1376.294536
1791023091,2026-10-03T18:24:50,win.PhysicalDisk(1 Q:)\Current Disk Queue Length,0.0
1791023091,2026-10-03T18:24:50,win.PhysicalDisk(_Total)\Current Disk Queue Length,0.0
1791023091,2026-10-03T18:24:50,win.Process(vmmemWSL)\% Processor Time,0.0
1791023101,2026-10-03T18:25:00,docker.dev-peer0.org1.example.com-saksi-bulletin_1.0-ee3fe73bad456e43adfc5ba27d9e5a60983b69e8496140308fb21061ecb2ff85.cpu_pct,0.02
1791023101,2026-10-03T18:25:00,docker.dev-peer0.org1.example.com-saksi-bulletin_1.0-ee3fe73bad456e43adfc5ba27d9e5a60983b69e8496140308fb21061ecb2ff85.mem_bytes,6779043.84
1791023101,2026-10-03T18:25:00,docker.dev-peer0.org1.example.com-saksi-bulletin_1.0-ee3fe73bad456e43adfc5ba27d9e5a60983b69e8496140308fb21061ecb2ff85.blk_read_bytes,0.0
1791023101,2026-10-03T18:25:00,docker.dev-peer0.org1.example.com-saksi-bulletin_1.0-ee3fe73bad456e43adfc5ba27d9e5a60983b69e8496140308fb21061ecb2ff85.blk_write_bytes,0.0
1791023101,2026-10-03T18:25:00,docker.dev-peer0.org2.example.com-saksi-bulletin_1.0-ee3fe73bad456e43adfc5ba27d9e5a60983b69e8496140308fb21061ecb2ff85.cpu_pct,0.0
1791023101,2026-10-03T18:25:00,docker.dev-peer0.org2.example.com-saksi-bulletin_1.0-ee3fe73bad456e43adfc5ba27d9e5a60983b69e8496140308fb21061ecb2ff85.mem_bytes,6828326.912
1791023101,2026-10-03T18:25:00,docker.dev-peer0.org2.example.com-saksi-bulletin_1.0-ee3fe73bad456e43adfc5ba27d9e5a60983b69e8496140308fb21061ecb2ff85.blk_read_bytes,0.0
1791023101,2026-10-03T18:25:00,docker.dev-peer0.org2.example.com-saksi-bulletin_1.0-ee3fe73bad456e43adfc5ba27d9e5a60983b69e8496140308fb21061ecb2ff85.blk_write_bytes,0.0
1791023101,2026-10-03T18:25:00,docker.peer0.org1.example.com.cpu_pct,1.18
1791023101,2026-10-03T18:25:00,docker.peer0.org1.example.com.mem_bytes,52449771.52
1791023101,2026-10-03T18:25:00,docker.peer0.org1.example.com.blk_read_bytes,3760000.0
1791023101,2026-10-03T18:25:00,docker.peer0.org1.example.com.blk_write_bytes,5100000.0
1791023101,2026-10-03T18:25:00,docker.peer0.org2.example.com.cpu_pct,1.23
1791023101,2026-10-03T18:25:00,docker.peer0.org2.example.com.mem_bytes,45634027.52
1791023101,2026-10-03T18:25:00,docker.peer0.org2.example.com.blk_read_bytes,545000.0
1791023101,2026-10-03T18:25:00,docker.peer0.org2.example.com.blk_write_bytes,3610000.0
1791023101,2026-10-03T18:25:00,docker.orderer.example.com.cpu_pct,0.07
1791023101,2026-10-03T18:25:00,docker.orderer.example.com.mem_bytes,17972592.64
1791023101,2026-10-03T18:25:00,docker.orderer.example.com.blk_read_bytes,31400000.0
1791023101,2026-10-03T18:25:00,docker.orderer.example.com.blk_write_bytes,262000.0
1791023101,2026-10-03T18:25:00,wsl.MemTotal_kb,24608408
1791023101,2026-10-03T18:25:00,wsl.MemAvailable_kb,23124048
1791023101,2026-10-03T18:25:00,wsl.SwapTotal_kb,0
1791023101,2026-10-03T18:25:00,wsl.SwapFree_kb,0
1791023101,2026-10-03T18:25:00,wsl.Dirty_kb,217052
1791023101,2026-10-03T18:25:00,wsl.load1,3.79
1791023101,2026-10-03T18:25:00,wsl.load5,8.86
1791023101,2026-10-03T18:25:00,host.c_free_bytes,49296662528
1791023101,2026-10-03T18:25:00,host.q_free_bytes,418763845632
1791023101,2026-10-03T18:25:00,host.docker_vhdx_bytes,15592325120
1791023101,2026-10-03T18:25:00,host.ubuntu_vhdx_bytes,212983611392
1791023101,2026-10-03T18:25:00,win.Memory\Available MBytes,15.338925
1791023101,2026-10-03T18:25:00,win.PhysicalDisk(0 C:)\% Disk Time,3800.0
1791023101,2026-10-03T18:25:00,win.PhysicalDisk(1 Q:)\% Disk Time,2.652533
1791023101,2026-10-03T18:25:00,win.PhysicalDisk(_Total)\% Disk Time,0.0
1791023101,2026-10-03T18:25:00,win.PhysicalDisk(0 C:)\Current Disk Queue Length,1.326267
1791023101,2026-10-03T18:25:00,win.PhysicalDisk(1 Q:)\Current Disk Queue Length,0.0
1791023101,2026-10-03T18:25:00,win.PhysicalDisk(_Total)\Current Disk Queue Length,0.0
1791023101,2026-10-03T18:25:00,win.Process(vmmemWSL)\% Processor Time,0.0
1791023111,2026-10-03T18:25:10,docker.dev-peer0.org1.example.com-saksi-bulletin_1.0-ee3fe73bad456e43adfc5ba27d9e5a60983b69e8496140308fb21061ecb2ff85.cpu_pct,0.0
1791023111,2026-10-03T18:25:10,docker.dev-peer0.org1.example.com-saksi-bulletin_1.0-ee3fe73bad456e43adfc5ba27d9e5a60983b69e8496140308fb21061ecb2ff85.mem_bytes,6779043.84
1791023111,2026-10-03T18:25:10,docker.dev-peer0.org1.example.com-saksi-bulletin_1.0-ee3fe73bad456e43adfc5ba27d9e5a60983b69e8496140308fb21061ecb2ff85.blk_read_bytes,0.0
1791023111,2026-10-03T18:25:10,docker.dev-peer0.org1.example.com-saksi-bulletin_1.0-ee3fe73bad456e43adfc5ba27d9e5a60983b69e8496140308fb21061ecb2ff85.blk_write_bytes,0.0
1791023111,2026-10-03T18:25:10,docker.dev-peer0.org2.example.com-saksi-bulletin_1.0-ee3fe73bad456e43adfc5ba27d9e5a60983b69e8496140308fb21061ecb2ff85.cpu_pct,0.0
1791023111,2026-10-03T18:25:10,docker.dev-peer0.org2.example.com-saksi-bulletin_1.0-ee3fe73bad456e43adfc5ba27d9e5a60983b69e8496140308fb21061ecb2ff85.mem_bytes,6828326.912
1791023111,2026-10-03T18:25:10,docker.dev-peer0.org2.example.com-saksi-bulletin_1.0-ee3fe73bad456e43adfc5ba27d9e5a60983b69e8496140308fb21061ecb2ff85.blk_read_bytes,0.0
1791023111,2026-10-03T18:25:10,docker.dev-peer0.org2.example.com-saksi-bulletin_1.0-ee3fe73bad456e43adfc5ba27d9e5a60983b69e8496140308fb21061ecb2ff85.blk_write_bytes,0.0
1791023111,2026-10-03T18:25:10,docker.peer0.org1.example.com.cpu_pct,1.17
1791023111,2026-10-03T18:25:10,docker.peer0.org1.example.com.mem_bytes,52701429.76
1791023111,2026-10-03T18:25:10,docker.peer0.org1.example.com.blk_read_bytes,3760000.0
1791023111,2026-10-03T18:25:10,docker.peer0.org1.example.com.blk_write_bytes,5100000.0
1791023111,2026-10-03T18:25:10,docker.peer0.org2.example.com.cpu_pct,1.19
1791023111,2026-10-03T18:25:10,docker.peer0.org2.example.com.mem_bytes,45361397.76
1791023111,2026-10-03T18:25:10,docker.peer0.org2.example.com.blk_read_bytes,545000.0
1791023111,2026-10-03T18:25:10,docker.peer0.org2.example.com.blk_write_bytes,3610000.0
1791023111,2026-10-03T18:25:10,docker.orderer.example.com.cpu_pct,0.05
1791023111,2026-10-03T18:25:10,docker.orderer.example.com.mem_bytes,17710448.64
1791023111,2026-10-03T18:25:10,docker.orderer.example.com.blk_read_bytes,31400000.0
1791023111,2026-10-03T18:25:10,docker.orderer.example.com.blk_write_bytes,262000.0
1791023111,2026-10-03T18:25:10,wsl.MemTotal_kb,24608408
1791023111,2026-10-03T18:25:10,wsl.MemAvailable_kb,23104052
1791023111,2026-10-03T18:25:10,wsl.SwapTotal_kb,0
1791023111,2026-10-03T18:25:10,wsl.SwapFree_kb,0
1791023111,2026-10-03T18:25:10,wsl.Dirty_kb,1047252
1791023111,2026-10-03T18:25:10,wsl.load1,3.96
1791023111,2026-10-03T18:25:10,wsl.load5,8.74
1791023111,2026-10-03T18:25:10,host.c_free_bytes,49295798272
1791023111,2026-10-03T18:25:10,host.q_free_bytes,418763845632
1791023111,2026-10-03T18:25:10,host.docker_vhdx_bytes,15592325120
1791023111,2026-10-03T18:25:10,host.ubuntu_vhdx_bytes,212983611392
1791023111,2026-10-03T18:25:10,win.Memory\Available MBytes,15.909858
1791023111,2026-10-03T18:25:10,win.PhysicalDisk(0 C:)\% Disk Time,2617.0
1791023111,2026-10-03T18:25:10,win.PhysicalDisk(1 Q:)\% Disk Time,7571.531681
1791023111,2026-10-03T18:25:10,win.PhysicalDisk(_Total)\% Disk Time,0.0
1791023111,2026-10-03T18:25:10,win.PhysicalDisk(0 C:)\Current Disk Queue Length,3785.765841
1791023111,2026-10-03T18:25:10,win.PhysicalDisk(1 Q:)\Current Disk Queue Length,0.0
1791023111,2026-10-03T18:25:10,win.PhysicalDisk(_Total)\Current Disk Queue Length,0.0
1791023111,2026-10-03T18:25:10,win.Process(vmmemWSL)\% Processor Time,0.0
1791023121,2026-10-03T18:25:20,docker.dev-peer0.org1.example.com-saksi-bulletin_1.0-ee3fe73bad456e43adfc5ba27d9e5a60983b69e8496140308fb21061ecb2ff85.cpu_pct,0.0
1791023121,2026-10-03T18:25:20,docker.dev-peer0.org1.example.com-saksi-bulletin_1.0-ee3fe73bad456e43adfc5ba27d9e5a60983b69e8496140308fb21061ecb2ff85.mem_bytes,6779043.84
1791023121,2026-10-03T18:25:20,docker.dev-peer0.org1.example.com-saksi-bulletin_1.0-ee3fe73bad456e43adfc5ba27d9e5a60983b69e8496140308fb21061ecb2ff85.blk_read_bytes,0.0
1791023121,2026-10-03T18:25:20,docker.dev-peer0.org1.example.com-saksi-bulletin_1.0-ee3fe73bad456e43adfc5ba27d9e5a60983b69e8496140308fb21061ecb2ff85.blk_write_bytes,0.0
1791023121,2026-10-03T18:25:20,docker.dev-peer0.org2.example.com-saksi-bulletin_1.0-ee3fe73bad456e43adfc5ba27d9e5a60983b69e8496140308fb21061ecb2ff85.cpu_pct,0.0
1791023121,2026-10-03T18:25:20,docker.dev-peer0.org2.example.com-saksi-bulletin_1.0-ee3fe73bad456e43adfc5ba27d9e5a60983b69e8496140308fb21061ecb2ff85.mem_bytes,6828326.912
1791023121,2026-10-03T18:25:20,docker.dev-peer0.org2.example.com-saksi-bulletin_1.0-ee3fe73bad456e43adfc5ba27d9e5a60983b69e8496140308fb21061ecb2ff85.blk_read_bytes,0.0
1791023121,2026-10-03T18:25:20,docker.dev-peer0.org2.example.com-saksi-bulletin_1.0-ee3fe73bad456e43adfc5ba27d9e5a60983b69e8496140308fb21061ecb2ff85.blk_write_bytes,0.0
1791023121,2026-10-03T18:25:20,docker.peer0.org1.example.com.cpu_pct,1.2
1791023121,2026-10-03T18:25:20,docker.peer0.org1.example.com.mem_bytes,52701429.76
1791023121,2026-10-03T18:25:20,docker.peer0.org1.example.com.blk_read_bytes,3760000.0
1791023121,2026-10-03T18:25:20,docker.peer0.org1.example.com.blk_write_bytes,5100000.0
1791023121,2026-10-03T18:25:20,docker.peer0.org2.example.com.cpu_pct,1.11
1791023121,2026-10-03T18:25:20,docker.peer0.org2.example.com.mem_bytes,45361397.76
1791023121,2026-10-03T18:25:20,docker.peer0.org2.example.com.blk_read_bytes,545000.0
1791023121,2026-10-03T18:25:20,docker.peer0.org2.example.com.blk_write_bytes,3610000.0
1791023121,2026-10-03T18:25:20,docker.orderer.example.com.cpu_pct,0.05
1791023121,2026-10-03T18:25:20,docker.orderer.example.com.mem_bytes,17710448.64
1791023121,2026-10-03T18:25:20,docker.orderer.example.com.blk_read_bytes,31400000.0
1791023121,2026-10-03T18:25:20,docker.orderer.example.com.blk_write_bytes,262000.0
1791023121,2026-10-03T18:25:20,wsl.MemTotal_kb,24608408
1791023121,2026-10-03T18:25:20,wsl.MemAvailable_kb,23169852
1791023121,2026-10-03T18:25:20,wsl.SwapTotal_kb,0
1791023121,2026-10-03T18:25:20,wsl.SwapFree_kb,0
1791023121,2026-10-03T18:25:20,wsl.Dirty_kb,1466912
1791023121,2026-10-03T18:25:20,wsl.load1,3.72
1791023121,2026-10-03T18:25:20,wsl.load5,8.61
1791023121,2026-10-03T18:25:20,host.c_free_bytes,49293967360
1791023121,2026-10-03T18:25:20,host.q_free_bytes,418763845632
1791023121,2026-10-03T18:25:20,host.docker_vhdx_bytes,15592325120
1791023121,2026-10-03T18:25:20,host.ubuntu_vhdx_bytes,212983611392
1791023121,2026-10-03T18:25:20,win.Memory\Available MBytes,15.909858
1791023121,2026-10-03T18:25:20,win.PhysicalDisk(0 C:)\% Disk Time,2617.0
1791023121,2026-10-03T18:25:20,win.PhysicalDisk(1 Q:)\% Disk Time,7571.531681
1791023121,2026-10-03T18:25:20,win.PhysicalDisk(_Total)\% Disk Time,0.0
1791023121,2026-10-03T18:25:20,win.PhysicalDisk(0 C:)\Current Disk Queue Length,3785.765841
1791023121,2026-10-03T18:25:20,win.PhysicalDisk(1 Q:)\Current Disk Queue Length,0.0
1791023121,2026-10-03T18:25:20,win.PhysicalDisk(_Total)\Current Disk Queue Length,0.0
1791023121,2026-10-03T18:25:20,win.Process(vmmemWSL)\% Processor Time,0.0
1791023131,2026-10-03T18:25:30,wsl.MemTotal_kb,24608408
1791023131,2026-10-03T18:25:30,wsl.MemAvailable_kb,23180328
1791023131,2026-10-03T18:25:30,wsl.SwapTotal_kb,0
1791023131,2026-10-03T18:25:30,wsl.SwapFree_kb,0
1791023131,2026-10-03T18:25:30,wsl.Dirty_kb,601140
1791023131,2026-10-03T18:25:30,wsl.load1,3.94
1791023131,2026-10-03T18:25:30,wsl.load5,7.43
1791023131,2026-10-03T18:25:30,host.c_free_bytes,49292800000
1791023131,2026-10-03T18:25:30,host.q_free_bytes,418763845632
1791023131,2026-10-03T18:25:30,host.docker_vhdx_bytes,15592325120
1791023131,2026-10-03T18:25:30,host.ubuntu_vhdx_bytes,212983611392
1791023131,2026-10-03T18:25:30,win.Memory\Available MBytes,2.798661
1791023131,2026-10-03T18:25:30,win.PhysicalDisk(0 C:)\% Disk Time,1640.0
1791023131,2026-10-03T18:25:30,win.PhysicalDisk(1 Q:)\% Disk Time,5493.660208
1791023131,2026-10-03T18:25:30,win.PhysicalDisk(_Total)\% Disk Time,0.0
1791023131,2026-10-03T18:25:30,win.PhysicalDisk(0 C:)\Current Disk Queue Length,2746.830104
1791023131,2026-10-03T18:25:30,win.PhysicalDisk(1 Q:)\Current Disk Queue Length,194.0
1791023131,2026-10-03T18:25:30,win.PhysicalDisk(_Total)\Current Disk Queue Length,0.0
1791023131,2026-10-03T18:25:30,win.Process(vmmemWSL)\% Processor Time,194.0
1791023213,2026-10-03T18:26:52,docker.dev-peer0.org1.example.com-saksi-bulletin_1.0-ee3fe73bad456e43adfc5ba27d9e5a60983b69e8496140308fb21061ecb2ff85.cpu_pct,0.0
1791023213,2026-10-03T18:26:52,docker.dev-peer0.org1.example.com-saksi-bulletin_1.0-ee3fe73bad456e43adfc5ba27d9e5a60983b69e8496140308fb21061ecb2ff85.mem_bytes,7049576.448
1791023213,2026-10-03T18:26:52,docker.dev-peer0.org1.example.com-saksi-bulletin_1.0-ee3fe73bad456e43adfc5ba27d9e5a60983b69e8496140308fb21061ecb2ff85.blk_read_bytes,0.0
1791023213,2026-10-03T18:26:52,docker.dev-peer0.org1.example.com-saksi-bulletin_1.0-ee3fe73bad456e43adfc5ba27d9e5a60983b69e8496140308fb21061ecb2ff85.blk_write_bytes,0.0
1791023213,2026-10-03T18:26:52,docker.dev-peer0.org2.example.com-saksi-bulletin_1.0-ee3fe73bad456e43adfc5ba27d9e5a60983b69e8496140308fb21061ecb2ff85.cpu_pct,0.0
1791023213,2026-10-03T18:26:52,docker.dev-peer0.org2.example.com-saksi-bulletin_1.0-ee3fe73bad456e43adfc5ba27d9e5a60983b69e8496140308fb21061ecb2ff85.mem_bytes,7610564.608
1791023213,2026-10-03T18:26:52,docker.dev-peer0.org2.example.com-saksi-bulletin_1.0-ee3fe73bad456e43adfc5ba27d9e5a60983b69e8496140308fb21061ecb2ff85.blk_read_bytes,0.0
1791023213,2026-10-03T18:26:52,docker.dev-peer0.org2.example.com-saksi-bulletin_1.0-ee3fe73bad456e43adfc5ba27d9e5a60983b69e8496140308fb21061ecb2ff85.blk_write_bytes,0.0
1791023213,2026-10-03T18:26:52,docker.peer0.org1.example.com.cpu_pct,1.16
1791023213,2026-10-03T18:26:52,docker.peer0.org1.example.com.mem_bytes,52596572.16
1791023213,2026-10-03T18:26:52,docker.peer0.org1.example.com.blk_read_bytes,3760000.0
1791023213,2026-10-03T18:26:52,docker.peer0.org1.example.com.blk_write_bytes,5100000.0
1791023213,2026-10-03T18:26:52,docker.peer0.org2.example.com.cpu_pct,1.34
1791023213,2026-10-03T18:26:52,docker.peer0.org2.example.com.mem_bytes,45602570.24
1791023213,2026-10-03T18:26:52,docker.peer0.org2.example.com.blk_read_bytes,545000.0
1791023213,2026-10-03T18:26:52,docker.peer0.org2.example.com.blk_write_bytes,3610000.0
1791023213,2026-10-03T18:26:52,docker.orderer.example.com.cpu_pct,0.09
1791023213,2026-10-03T18:26:52,docker.orderer.example.com.mem_bytes,17427333.12
1791023213,2026-10-03T18:26:52,docker.orderer.example.com.blk_read_bytes,31400000.0
1791023213,2026-10-03T18:26:52,docker.orderer.example.com.blk_write_bytes,262000.0
1791023213,2026-10-03T18:26:52,wsl.MemTotal_kb,24608408
1791023213,2026-10-03T18:26:52,wsl.MemAvailable_kb,23182840
1791023213,2026-10-03T18:26:52,wsl.SwapTotal_kb,0
1791023213,2026-10-03T18:26:52,wsl.SwapFree_kb,0
1791023213,2026-10-03T18:26:52,wsl.Dirty_kb,1341488
1791023213,2026-10-03T18:26:52,wsl.load1,3.58
1791023213,2026-10-03T18:26:52,wsl.load5,7.24
1791023213,2026-10-03T18:26:52,host.c_free_bytes,49294405632
1791023213,2026-10-03T18:26:52,host.q_free_bytes,418763845632
1791023213,2026-10-03T18:26:52,host.docker_vhdx_bytes,15592325120
1791023213,2026-10-03T18:26:52,host.ubuntu_vhdx_bytes,212983611392
1791023213,2026-10-03T18:26:52,win.Memory\Available MBytes,18.912105
1791023213,2026-10-03T18:26:52,win.PhysicalDisk(0 C:)\% Disk Time,1545.0
1791023213,2026-10-03T18:26:52,win.PhysicalDisk(1 Q:)\% Disk Time,53795.63512
1791023213,2026-10-03T18:26:52,win.PhysicalDisk(_Total)\% Disk Time,0.0
1791023213,2026-10-03T18:26:52,win.PhysicalDisk(0 C:)\Current Disk Queue Length,26897.81756
1791023213,2026-10-03T18:26:52,win.PhysicalDisk(1 Q:)\Current Disk Queue Length,18.0
1791023213,2026-10-03T18:26:52,win.PhysicalDisk(_Total)\Current Disk Queue Length,0.0
1791023213,2026-10-03T18:26:52,win.Process(vmmemWSL)\% Processor Time,18.0
1791023223,2026-10-03T18:27:03,docker.dev-peer0.org1.example.com-saksi-bulletin_1.0-ee3fe73bad456e43adfc5ba27d9e5a60983b69e8496140308fb21061ecb2ff85.cpu_pct,0.0
1791023223,2026-10-03T18:27:03,docker.dev-peer0.org1.example.com-saksi-bulletin_1.0-ee3fe73bad456e43adfc5ba27d9e5a60983b69e8496140308fb21061ecb2ff85.mem_bytes,7049576.448
1791023223,2026-10-03T18:27:03,docker.dev-peer0.org1.example.com-saksi-bulletin_1.0-ee3fe73bad456e43adfc5ba27d9e5a60983b69e8496140308fb21061ecb2ff85.blk_read_bytes,0.0
1791023223,2026-10-03T18:27:03,docker.dev-peer0.org1.example.com-saksi-bulletin_1.0-ee3fe73bad456e43adfc5ba27d9e5a60983b69e8496140308fb21061ecb2ff85.blk_write_bytes,0.0
1791023223,2026-10-03T18:27:03,docker.dev-peer0.org2.example.com-saksi-bulletin_1.0-ee3fe73bad456e43adfc5ba27d9e5a60983b69e8496140308fb21061ecb2ff85.cpu_pct,0.0
1791023223,2026-10-03T18:27:03,docker.dev-peer0.org2.example.com-saksi-bulletin_1.0-ee3fe73bad456e43adfc5ba27d9e5a60983b69e8496140308fb21061ecb2ff85.mem_bytes,7610564.608
1791023223,2026-10-03T18:27:03,docker.dev-peer0.org2.example.com-saksi-bulletin_1.0-ee3fe73bad456e43adfc5ba27d9e5a60983b69e8496140308fb21061ecb2ff85.blk_read_bytes,0.0
1791023223,2026-10-03T18:27:03,docker.dev-peer0.org2.example.com-saksi-bulletin_1.0-ee3fe73bad456e43adfc5ba27d9e5a60983b69e8496140308fb21061ecb2ff85.blk_write_bytes,0.0
1791023223,2026-10-03T18:27:03,docker.peer0.org1.example.com.cpu_pct,1.4
1791023223,2026-10-03T18:27:03,docker.peer0.org1.example.com.mem_bytes,52858716.16
1791023223,2026-10-03T18:27:03,docker.peer0.org1.example.com.blk_read_bytes,3760000.0
1791023223,2026-10-03T18:27:03,docker.peer0.org1.example.com.blk_write_bytes,5100000.0
1791023223,2026-10-03T18:27:03,docker.peer0.org2.example.com.cpu_pct,1.41
1791023223,2026-10-03T18:27:03,docker.peer0.org2.example.com.mem_bytes,45571112.96
1791023223,2026-10-03T18:27:03,docker.peer0.org2.example.com.blk_read_bytes,545000.0
1791023223,2026-10-03T18:27:03,docker.peer0.org2.example.com.blk_write_bytes,3610000.0
1791023223,2026-10-03T18:27:03,docker.orderer.example.com.cpu_pct,0.04
1791023223,2026-10-03T18:27:03,docker.orderer.example.com.mem_bytes,17469276.16
1791023223,2026-10-03T18:27:03,docker.orderer.example.com.blk_read_bytes,31400000.0
1791023223,2026-10-03T18:27:03,docker.orderer.example.com.blk_write_bytes,262000.0
1791023223,2026-10-03T18:27:03,wsl.MemTotal_kb,24608408
1791023223,2026-10-03T18:27:03,wsl.MemAvailable_kb,23182392
1791023223,2026-10-03T18:27:03,wsl.SwapTotal_kb,0
1791023223,2026-10-03T18:27:03,wsl.SwapFree_kb,0
1791023223,2026-10-03T18:27:03,wsl.Dirty_kb,1766552
1791023223,2026-10-03T18:27:03,wsl.load1,3.18
1791023223,2026-10-03T18:27:03,wsl.load5,7.03
1791023223,2026-10-03T18:27:03,host.c_free_bytes,49294987264
1791023223,2026-10-03T18:27:03,host.q_free_bytes,418763845632
1791023223,2026-10-03T18:27:03,host.docker_vhdx_bytes,15592325120
1791023223,2026-10-03T18:27:03,host.ubuntu_vhdx_bytes,212983611392
1791023223,2026-10-03T18:27:03,win.Memory\Available MBytes,30.485664
1791023223,2026-10-03T18:27:03,win.PhysicalDisk(0 C:)\% Disk Time,1322.0
1791023223,2026-10-03T18:27:03,win.PhysicalDisk(1 Q:)\% Disk Time,1174.581164
1791023223,2026-10-03T18:27:03,win.PhysicalDisk(_Total)\% Disk Time,0.453073
1791023223,2026-10-03T18:27:03,win.PhysicalDisk(0 C:)\Current Disk Queue Length,587.517119
1791023223,2026-10-03T18:27:03,win.PhysicalDisk(1 Q:)\Current Disk Queue Length,5.0
1791023223,2026-10-03T18:27:03,win.PhysicalDisk(_Total)\Current Disk Queue Length,0.0
1791023223,2026-10-03T18:27:03,win.Process(vmmemWSL)\% Processor Time,5.0
1791023233,2026-10-03T18:27:13,docker.dev-peer0.org1.example.com-saksi-bulletin_1.0-ee3fe73bad456e43adfc5ba27d9e5a60983b69e8496140308fb21061ecb2ff85.cpu_pct,0.0
1791023233,2026-10-03T18:27:13,docker.dev-peer0.org1.example.com-saksi-bulletin_1.0-ee3fe73bad456e43adfc5ba27d9e5a60983b69e8496140308fb21061ecb2ff85.mem_bytes,7049576.448
1791023233,2026-10-03T18:27:13,docker.dev-peer0.org1.example.com-saksi-bulletin_1.0-ee3fe73bad456e43adfc5ba27d9e5a60983b69e8496140308fb21061ecb2ff85.blk_read_bytes,0.0
1791023233,2026-10-03T18:27:13,docker.dev-peer0.org1.example.com-saksi-bulletin_1.0-ee3fe73bad456e43adfc5ba27d9e5a60983b69e8496140308fb21061ecb2ff85.blk_write_bytes,0.0
1791023233,2026-10-03T18:27:13,docker.dev-peer0.org2.example.com-saksi-bulletin_1.0-ee3fe73bad456e43adfc5ba27d9e5a60983b69e8496140308fb21061ecb2ff85.cpu_pct,0.0
1791023233,2026-10-03T18:27:13,docker.dev-peer0.org2.example.com-saksi-bulletin_1.0-ee3fe73bad456e43adfc5ba27d9e5a60983b69e8496140308fb21061ecb2ff85.mem_bytes,7348420.608
1791023233,2026-10-03T18:27:13,docker.dev-peer0.org2.example.com-saksi-bulletin_1.0-ee3fe73bad456e43adfc5ba27d9e5a60983b69e8496140308fb21061ecb2ff85.blk_read_bytes,0.0
1791023233,2026-10-03T18:27:13,docker.dev-peer0.org2.example.com-saksi-bulletin_1.0-ee3fe73bad456e43adfc5ba27d9e5a60983b69e8496140308fb21061ecb2ff85.blk_write_bytes,0.0
1791023233,2026-10-03T18:27:13,docker.peer0.org1.example.com.cpu_pct,1.35
1791023233,2026-10-03T18:27:13,docker.peer0.org1.example.com.mem_bytes,52323942.4
1791023233,2026-10-03T18:27:13,docker.peer0.org1.example.com.blk_read_bytes,3760000.0
1791023233,2026-10-03T18:27:13,docker.peer0.org1.example.com.blk_write_bytes,5100000.0
1791023233,2026-10-03T18:27:13,docker.peer0.org2.example.com.cpu_pct,1.34
1791023233,2026-10-03T18:27:13,docker.peer0.org2.example.com.mem_bytes,45329940.48
1791023233,2026-10-03T18:27:13,docker.peer0.org2.example.com.blk_read_bytes,545000.0
1791023233,2026-10-03T18:27:13,docker.peer0.org2.example.com.blk_write_bytes,3610000.0
1791023233,2026-10-03T18:27:13,docker.orderer.example.com.cpu_pct,0.05
1791023233,2026-10-03T18:27:13,docker.orderer.example.com.mem_bytes,17165189.12
1791023233,2026-10-03T18:27:13,docker.orderer.example.com.blk_read_bytes,31400000.0
1791023233,2026-10-03T18:27:13,docker.orderer.example.com.blk_write_bytes,262000.0
1791023233,2026-10-03T18:27:13,wsl.MemTotal_kb,24608408
1791023233,2026-10-03T18:27:13,wsl.MemAvailable_kb,23179412
1791023233,2026-10-03T18:27:13,wsl.SwapTotal_kb,0
1791023233,2026-10-03T18:27:13,wsl.SwapFree_kb,0
1791023233,2026-10-03T18:27:13,wsl.Dirty_kb,295196
1791023233,2026-10-03T18:27:13,wsl.load1,2.91
1791023233,2026-10-03T18:27:13,wsl.load5,6.85
1791023233,2026-10-03T18:27:13,host.c_free_bytes,49294598144
1791023233,2026-10-03T18:27:13,host.q_free_bytes,418763845632
1791023233,2026-10-03T18:27:13,host.docker_vhdx_bytes,15592325120
1791023233,2026-10-03T18:27:13,host.ubuntu_vhdx_bytes,212983611392
1791023233,2026-10-03T18:27:13,win.Memory\Available MBytes,30.485664
1791023233,2026-10-03T18:27:13,win.PhysicalDisk(0 C:)\% Disk Time,1322.0
1791023233,2026-10-03T18:27:13,win.PhysicalDisk(1 Q:)\% Disk Time,1174.581164
1791023233,2026-10-03T18:27:13,win.PhysicalDisk(_Total)\% Disk Time,0.453073
1791023233,2026-10-03T18:27:13,win.PhysicalDisk(0 C:)\Current Disk Queue Length,587.517119
1791023233,2026-10-03T18:27:13,win.PhysicalDisk(1 Q:)\Current Disk Queue Length,5.0
1791023233,2026-10-03T18:27:13,win.PhysicalDisk(_Total)\Current Disk Queue Length,0.0
1791023233,2026-10-03T18:27:13,win.Process(vmmemWSL)\% Processor Time,5.0
1791023243,2026-10-03T18:27:23,docker.dev-peer0.org1.example.com-saksi-bulletin_1.0-ee3fe73bad456e43adfc5ba27d9e5a60983b69e8496140308fb21061ecb2ff85.cpu_pct,0.0
1791023243,2026-10-03T18:27:23,docker.dev-peer0.org1.example.com-saksi-bulletin_1.0-ee3fe73bad456e43adfc5ba27d9e5a60983b69e8496140308fb21061ecb2ff85.mem_bytes,7049576.448
1791023243,2026-10-03T18:27:23,docker.dev-peer0.org1.example.com-saksi-bulletin_1.0-ee3fe73bad456e43adfc5ba27d9e5a60983b69e8496140308fb21061ecb2ff85.blk_read_bytes,0.0
1791023243,2026-10-03T18:27:23,docker.dev-peer0.org1.example.com-saksi-bulletin_1.0-ee3fe73bad456e43adfc5ba27d9e5a60983b69e8496140308fb21061ecb2ff85.blk_write_bytes,0.0
1791023243,2026-10-03T18:27:23,docker.dev-peer0.org2.example.com-saksi-bulletin_1.0-ee3fe73bad456e43adfc5ba27d9e5a60983b69e8496140308fb21061ecb2ff85.cpu_pct,0.0
1791023243,2026-10-03T18:27:23,docker.dev-peer0.org2.example.com-saksi-bulletin_1.0-ee3fe73bad456e43adfc5ba27d9e5a60983b69e8496140308fb21061ecb2ff85.mem_bytes,7348420.608
1791023243,2026-10-03T18:27:23,docker.dev-peer0.org2.example.com-saksi-bulletin_1.0-ee3fe73bad456e43adfc5ba27d9e5a60983b69e8496140308fb21061ecb2ff85.blk_read_bytes,0.0
1791023243,2026-10-03T18:27:23,docker.dev-peer0.org2.example.com-saksi-bulletin_1.0-ee3fe73bad456e43adfc5ba27d9e5a60983b69e8496140308fb21061ecb2ff85.blk_write_bytes,0.0
1791023243,2026-10-03T18:27:23,docker.peer0.org1.example.com.cpu_pct,1.3
1791023243,2026-10-03T18:27:23,docker.peer0.org1.example.com.mem_bytes,52386856.96
1791023243,2026-10-03T18:27:23,docker.peer0.org1.example.com.blk_read_bytes,3760000.0
1791023243,2026-10-03T18:27:23,docker.peer0.org1.example.com.blk_write_bytes,5100000.0
1791023243,2026-10-03T18:27:23,docker.peer0.org2.example.com.cpu_pct,1.31
1791023243,2026-10-03T18:27:23,docker.peer0.org2.example.com.mem_bytes,45581598.72
1791023243,2026-10-03T18:27:23,docker.peer0.org2.example.com.blk_read_bytes,545000.0
1791023243,2026-10-03T18:27:23,docker.peer0.org2.example.com.blk_write_bytes,3610000.0
1791023243,2026-10-03T18:27:23,docker.orderer.example.com.cpu_pct,0.04
1791023243,2026-10-03T18:27:23,docker.orderer.example.com.mem_bytes,17081303.04
1791023243,2026-10-03T18:27:23,docker.orderer.example.com.blk_read_bytes,31400000.0
1791023243,2026-10-03T18:27:23,docker.orderer.example.com.blk_write_bytes,262000.0
1791023243,2026-10-03T18:27:23,wsl.MemTotal_kb,24608408
1791023243,2026-10-03T18:27:23,wsl.MemAvailable_kb,23184656
1791023243,2026-10-03T18:27:23,wsl.SwapTotal_kb,0
1791023243,2026-10-03T18:27:23,wsl.SwapFree_kb,0
1791023243,2026-10-03T18:27:23,wsl.Dirty_kb,877484
1791023243,2026-10-03T18:27:23,wsl.load1,2.76
1791023243,2026-10-03T18:27:23,wsl.load5,6.75
1791023243,2026-10-03T18:27:23,host.c_free_bytes,49293074432
1791023243,2026-10-03T18:27:23,host.q_free_bytes,418763845632
1791023243,2026-10-03T18:27:23,host.docker_vhdx_bytes,15592325120
1791023243,2026-10-03T18:27:23,host.ubuntu_vhdx_bytes,212983611392
1791023243,2026-10-03T18:27:23,win.Memory\Available MBytes,27.606069
1791023243,2026-10-03T18:27:23,win.PhysicalDisk(0 C:)\% Disk Time,1202.0
1791023243,2026-10-03T18:27:23,win.PhysicalDisk(1 Q:)\% Disk Time,512.153467
1791023243,2026-10-03T18:27:23,win.PhysicalDisk(_Total)\% Disk Time,0.0
1791023243,2026-10-03T18:27:23,win.PhysicalDisk(0 C:)\Current Disk Queue Length,256.076734
1791023243,2026-10-03T18:27:23,win.PhysicalDisk(1 Q:)\Current Disk Queue Length,2.0
1791023243,2026-10-03T18:27:23,win.PhysicalDisk(_Total)\Current Disk Queue Length,0.0
1791023243,2026-10-03T18:27:23,win.Process(vmmemWSL)\% Processor Time,2.0
1791023253,2026-10-03T18:27:33,docker.dev-peer0.org1.example.com-saksi-bulletin_1.0-ee3fe73bad456e43adfc5ba27d9e5a60983b69e8496140308fb21061ecb2ff85.cpu_pct,0.0
1791023253,2026-10-03T18:27:33,docker.dev-peer0.org1.example.com-saksi-bulletin_1.0-ee3fe73bad456e43adfc5ba27d9e5a60983b69e8496140308fb21061ecb2ff85.mem_bytes,6787432.448
1791023253,2026-10-03T18:27:33,docker.dev-peer0.org1.example.com-saksi-bulletin_1.0-ee3fe73bad456e43adfc5ba27d9e5a60983b69e8496140308fb21061ecb2ff85.blk_read_bytes,0.0
1791023253,2026-10-03T18:27:33,docker.dev-peer0.org1.example.com-saksi-bulletin_1.0-ee3fe73bad456e43adfc5ba27d9e5a60983b69e8496140308fb21061ecb2ff85.blk_write_bytes,0.0
1791023253,2026-10-03T18:27:33,docker.dev-peer0.org2.example.com-saksi-bulletin_1.0-ee3fe73bad456e43adfc5ba27d9e5a60983b69e8496140308fb21061ecb2ff85.cpu_pct,0.0
1791023253,2026-10-03T18:27:33,docker.dev-peer0.org2.example.com-saksi-bulletin_1.0-ee3fe73bad456e43adfc5ba27d9e5a60983b69e8496140308fb21061ecb2ff85.mem_bytes,7348420.608
1791023253,2026-10-03T18:27:33,docker.dev-peer0.org2.example.com-saksi-bulletin_1.0-ee3fe73bad456e43adfc5ba27d9e5a60983b69e8496140308fb21061ecb2ff85.blk_read_bytes,0.0
1791023253,2026-10-03T18:27:33,docker.dev-peer0.org2.example.com-saksi-bulletin_1.0-ee3fe73bad456e43adfc5ba27d9e5a60983b69e8496140308fb21061ecb2ff85.blk_write_bytes,0.0
1791023253,2026-10-03T18:27:33,docker.peer0.org1.example.com.cpu_pct,1.48
1791023253,2026-10-03T18:27:33,docker.peer0.org1.example.com.mem_bytes,52114227.2
1791023253,2026-10-03T18:27:33,docker.peer0.org1.example.com.blk_read_bytes,3760000.0
1791023253,2026-10-03T18:27:33,docker.peer0.org1.example.com.blk_write_bytes,5100000.0
1791023253,2026-10-03T18:27:33,docker.peer0.org2.example.com.cpu_pct,1.55
1791023253,2026-10-03T18:27:33,docker.peer0.org2.example.com.mem_bytes,45455769.6
1791023253,2026-10-03T18:27:33,docker.peer0.org2.example.com.blk_read_bytes,545000.0
1791023253,2026-10-03T18:27:33,docker.peer0.org2.example.com.blk_write_bytes,3610000.0
1791023253,2026-10-03T18:27:33,docker.orderer.example.com.cpu_pct,0.04
1791023253,2026-10-03T18:27:33,docker.orderer.example.com.mem_bytes,18161336.32
1791023253,2026-10-03T18:27:33,docker.orderer.example.com.blk_read_bytes,31400000.0
1791023253,2026-10-03T18:27:33,docker.orderer.example.com.blk_write_bytes,262000.0
1791023253,2026-10-03T18:27:33,wsl.MemTotal_kb,24608408
1791023253,2026-10-03T18:27:33,wsl.MemAvailable_kb,23226016
1791023253,2026-10-03T18:27:33,wsl.SwapTotal_kb,0
1791023253,2026-10-03T18:27:33,wsl.SwapFree_kb,0
1791023253,2026-10-03T18:27:33,wsl.Dirty_kb,960720
1791023253,2026-10-03T18:27:33,wsl.load1,2.49
1791023253,2026-10-03T18:27:33,wsl.load5,6.56
1791023253,2026-10-03T18:27:33,host.c_free_bytes,49293504512
1791023253,2026-10-03T18:27:33,host.q_free_bytes,418763845632
1791023253,2026-10-03T18:27:33,host.docker_vhdx_bytes,15592325120
1791023253,2026-10-03T18:27:33,host.ubuntu_vhdx_bytes,212983611392
1791023253,2026-10-03T18:27:33,win.Memory\Available MBytes,25.660042
1791023253,2026-10-03T18:27:33,win.PhysicalDisk(0 C:)\% Disk Time,1524.0
1791023253,2026-10-03T18:27:33,win.PhysicalDisk(1 Q:)\% Disk Time,69.888907
1791023253,2026-10-03T18:27:33,win.PhysicalDisk(_Total)\% Disk Time,0.42442
1791023253,2026-10-03T18:27:33,win.PhysicalDisk(0 C:)\Current Disk Queue Length,35.156664
1791023253,2026-10-03T18:27:33,win.PhysicalDisk(1 Q:)\Current Disk Queue Length,4.0
1791023253,2026-10-03T18:27:33,win.PhysicalDisk(_Total)\Current Disk Queue Length,0.0
1791023253,2026-10-03T18:27:33,win.Process(vmmemWSL)\% Processor Time,4.0
1791023263,2026-10-03T18:27:43,docker.dev-peer0.org1.example.com-saksi-bulletin_1.0-ee3fe73bad456e43adfc5ba27d9e5a60983b69e8496140308fb21061ecb2ff85.cpu_pct,0.0
1791023263,2026-10-03T18:27:43,docker.dev-peer0.org1.example.com-saksi-bulletin_1.0-ee3fe73bad456e43adfc5ba27d9e5a60983b69e8496140308fb21061ecb2ff85.mem_bytes,6783238.144
1791023263,2026-10-03T18:27:43,docker.dev-peer0.org1.example.com-saksi-bulletin_1.0-ee3fe73bad456e43adfc5ba27d9e5a60983b69e8496140308fb21061ecb2ff85.blk_read_bytes,0.0
1791023263,2026-10-03T18:27:43,docker.dev-peer0.org1.example.com-saksi-bulletin_1.0-ee3fe73bad456e43adfc5ba27d9e5a60983b69e8496140308fb21061ecb2ff85.blk_write_bytes,0.0
1791023263,2026-10-03T18:27:43,docker.dev-peer0.org2.example.com-saksi-bulletin_1.0-ee3fe73bad456e43adfc5ba27d9e5a60983b69e8496140308fb21061ecb2ff85.cpu_pct,0.0
1791023263,2026-10-03T18:27:43,docker.dev-peer0.org2.example.com-saksi-bulletin_1.0-ee3fe73bad456e43adfc5ba27d9e5a60983b69e8496140308fb21061ecb2ff85.mem_bytes,7348420.608
1791023263,2026-10-03T18:27:43,docker.dev-peer0.org2.example.com-saksi-bulletin_1.0-ee3fe73bad456e43adfc5ba27d9e5a60983b69e8496140308fb21061ecb2ff85.blk_read_bytes,0.0
1791023263,2026-10-03T18:27:43,docker.dev-peer0.org2.example.com-saksi-bulletin_1.0-ee3fe73bad456e43adfc5ba27d9e5a60983b69e8496140308fb21061ecb2ff85.blk_write_bytes,0.0
1791023263,2026-10-03T18:27:43,docker.peer0.org1.example.com.cpu_pct,1.47
1791023263,2026-10-03T18:27:43,docker.peer0.org1.example.com.mem_bytes,52030341.12
1791023263,2026-10-03T18:27:43,docker.peer0.org1.example.com.blk_read_bytes,3760000.0
1791023263,2026-10-03T18:27:43,docker.peer0.org1.example.com.blk_write_bytes,5100000.0
1791023263,2026-10-03T18:27:43,docker.peer0.org2.example.com.cpu_pct,1.31
1791023263,2026-10-03T18:27:43,docker.peer0.org2.example.com.mem_bytes,45193625.6
1791023263,2026-10-03T18:27:43,docker.peer0.org2.example.com.blk_read_bytes,545000.0
1791023263,2026-10-03T18:27:43,docker.peer0.org2.example.com.blk_write_bytes,3610000.0
1791023263,2026-10-03T18:27:43,docker.orderer.example.com.cpu_pct,0.05
1791023263,2026-10-03T18:27:43,docker.orderer.example.com.mem_bytes,26130513.92
1791023263,2026-10-03T18:27:43,docker.orderer.example.com.blk_read_bytes,31400000.0
1791023263,2026-10-03T18:27:43,docker.orderer.example.com.blk_write_bytes,262000.0
1791023263,2026-10-03T18:27:43,wsl.MemTotal_kb,24608408
1791023263,2026-10-03T18:27:43,wsl.MemAvailable_kb,23229900
1791023263,2026-10-03T18:27:43,wsl.SwapTotal_kb,0
1791023263,2026-10-03T18:27:43,wsl.SwapFree_kb,0
1791023263,2026-10-03T18:27:43,wsl.Dirty_kb,0
1791023263,2026-10-03T18:27:43,wsl.load1,2.42
1791023263,2026-10-03T18:27:43,wsl.load5,6.41
1791023263,2026-10-03T18:27:43,host.c_free_bytes,49293307904
1791023263,2026-10-03T18:27:43,host.q_free_bytes,418763845632
1791023263,2026-10-03T18:27:43,host.docker_vhdx_bytes,15592325120
1791023263,2026-10-03T18:27:43,host.ubuntu_vhdx_bytes,212983611392
1791023263,2026-10-03T18:27:43,win.Memory\Available MBytes,25.660042
1791023263,2026-10-03T18:27:43,win.PhysicalDisk(0 C:)\% Disk Time,1524.0
1791023263,2026-10-03T18:27:43,win.PhysicalDisk(1 Q:)\% Disk Time,69.888907
1791023263,2026-10-03T18:27:43,win.PhysicalDisk(_Total)\% Disk Time,0.42442
1791023263,2026-10-03T18:27:43,win.PhysicalDisk(0 C:)\Current Disk Queue Length,35.156664
1791023263,2026-10-03T18:27:43,win.PhysicalDisk(1 Q:)\Current Disk Queue Length,4.0
1791023263,2026-10-03T18:27:43,win.PhysicalDisk(_Total)\Current Disk Queue Length,0.0
1791023263,2026-10-03T18:27:43,win.Process(vmmemWSL)\% Processor Time,4.0
1791023273,2026-10-03T18:27:53,docker.dev-peer0.org1.example.com-saksi-bulletin_1.0-ee3fe73bad456e43adfc5ba27d9e5a60983b69e8496140308fb21061ecb2ff85.cpu_pct,0.0
1791023273,2026-10-03T18:27:53,docker.dev-peer0.org1.example.com-saksi-bulletin_1.0-ee3fe73bad456e43adfc5ba27d9e5a60983b69e8496140308fb21061ecb2ff85.mem_bytes,6779043.84
1791023273,2026-10-03T18:27:53,docker.dev-peer0.org1.example.com-saksi-bulletin_1.0-ee3fe73bad456e43adfc5ba27d9e5a60983b69e8496140308fb21061ecb2ff85.blk_read_bytes,0.0
1791023273,2026-10-03T18:27:53,docker.dev-peer0.org1.example.com-saksi-bulletin_1.0-ee3fe73bad456e43adfc5ba27d9e5a60983b69e8496140308fb21061ecb2ff85.blk_write_bytes,0.0
1791023273,2026-10-03T18:27:53,docker.dev-peer0.org2.example.com-saksi-bulletin_1.0-ee3fe73bad456e43adfc5ba27d9e5a60983b69e8496140308fb21061ecb2ff85.cpu_pct,0.0
1791023273,2026-10-03T18:27:53,docker.dev-peer0.org2.example.com-saksi-bulletin_1.0-ee3fe73bad456e43adfc5ba27d9e5a60983b69e8496140308fb21061ecb2ff85.mem_bytes,7090470.912
1791023273,2026-10-03T18:27:53,docker.dev-peer0.org2.example.com-saksi-bulletin_1.0-ee3fe73bad456e43adfc5ba27d9e5a60983b69e8496140308fb21061ecb2ff85.blk_read_bytes,0.0
1791023273,2026-10-03T18:27:53,docker.dev-peer0.org2.example.com-saksi-bulletin_1.0-ee3fe73bad456e43adfc5ba27d9e5a60983b69e8496140308fb21061ecb2ff85.blk_write_bytes,0.0
1791023273,2026-10-03T18:27:53,docker.peer0.org1.example.com.cpu_pct,1.89
1791023273,2026-10-03T18:27:53,docker.peer0.org1.example.com.mem_bytes,53036974.08
1791023273,2026-10-03T18:27:53,docker.peer0.org1.example.com.blk_read_bytes,3760000.0
1791023273,2026-10-03T18:27:53,docker.peer0.org1.example.com.blk_write_bytes,5100000.0
1791023273,2026-10-03T18:27:53,docker.peer0.org2.example.com.cpu_pct,1.55
1791023273,2026-10-03T18:27:53,docker.peer0.org2.example.com.mem_bytes,45644513.28
1791023273,2026-10-03T18:27:53,docker.peer0.org2.example.com.blk_read_bytes,545000.0
1791023273,2026-10-03T18:27:53,docker.peer0.org2.example.com.blk_write_bytes,3610000.0
1791023273,2026-10-03T18:27:53,docker.orderer.example.com.cpu_pct,0.04
1791023273,2026-10-03T18:27:53,docker.orderer.example.com.mem_bytes,27053260.8
1791023273,2026-10-03T18:27:53,docker.orderer.example.com.blk_read_bytes,31400000.0
1791023273,2026-10-03T18:27:53,docker.orderer.example.com.blk_write_bytes,262000.0
1791023273,2026-10-03T18:27:53,wsl.MemTotal_kb,24608408
1791023273,2026-10-03T18:27:53,wsl.MemAvailable_kb,23212428
1791023273,2026-10-03T18:27:53,wsl.SwapTotal_kb,0
1791023273,2026-10-03T18:27:53,wsl.SwapFree_kb,0
1791023273,2026-10-03T18:27:53,wsl.Dirty_kb,324
1791023273,2026-10-03T18:27:53,wsl.load1,2.2
1791023273,2026-10-03T18:27:53,wsl.load5,6.23
1791023273,2026-10-03T18:27:53,host.c_free_bytes,49292726272
1791023273,2026-10-03T18:27:53,host.q_free_bytes,418763845632
1791023273,2026-10-03T18:27:53,host.docker_vhdx_bytes,15592325120
1791023273,2026-10-03T18:27:53,host.ubuntu_vhdx_bytes,212983611392
1791023273,2026-10-03T18:27:53,win.Memory\Available MBytes,17.953664
1791023273,2026-10-03T18:27:53,win.PhysicalDisk(0 C:)\% Disk Time,1579.0
1791023273,2026-10-03T18:27:53,win.PhysicalDisk(1 Q:)\% Disk Time,641.015184
1791023273,2026-10-03T18:27:53,win.PhysicalDisk(_Total)\% Disk Time,0.423624
1791023273,2026-10-03T18:27:53,win.PhysicalDisk(0 C:)\Current Disk Queue Length,320.719404
1791023273,2026-10-03T18:27:53,win.PhysicalDisk(1 Q:)\Current Disk Queue Length,9.0
1791023273,2026-10-03T18:27:53,win.PhysicalDisk(_Total)\Current Disk Queue Length,0.0
1791023273,2026-10-03T18:27:53,win.Process(vmmemWSL)\% Processor Time,9.0
1791023283,2026-10-03T18:28:03,docker.dev-peer0.org1.example.com-saksi-bulletin_1.0-ee3fe73bad456e43adfc5ba27d9e5a60983b69e8496140308fb21061ecb2ff85.cpu_pct,0.0
1791023283,2026-10-03T18:28:03,docker.dev-peer0.org1.example.com-saksi-bulletin_1.0-ee3fe73bad456e43adfc5ba27d9e5a60983b69e8496140308fb21061ecb2ff85.mem_bytes,6779043.84
1791023283,2026-10-03T18:28:03,docker.dev-peer0.org1.example.com-saksi-bulletin_1.0-ee3fe73bad456e43adfc5ba27d9e5a60983b69e8496140308fb21061ecb2ff85.blk_read_bytes,0.0
1791023283,2026-10-03T18:28:03,docker.dev-peer0.org1.example.com-saksi-bulletin_1.0-ee3fe73bad456e43adfc5ba27d9e5a60983b69e8496140308fb21061ecb2ff85.blk_write_bytes,0.0
1791023283,2026-10-03T18:28:03,docker.dev-peer0.org2.example.com-saksi-bulletin_1.0-ee3fe73bad456e43adfc5ba27d9e5a60983b69e8496140308fb21061ecb2ff85.cpu_pct,0.0
1791023283,2026-10-03T18:28:03,docker.dev-peer0.org2.example.com-saksi-bulletin_1.0-ee3fe73bad456e43adfc5ba27d9e5a60983b69e8496140308fb21061ecb2ff85.mem_bytes,7090470.912
1791023283,2026-10-03T18:28:03,docker.dev-peer0.org2.example.com-saksi-bulletin_1.0-ee3fe73bad456e43adfc5ba27d9e5a60983b69e8496140308fb21061ecb2ff85.blk_read_bytes,0.0
1791023283,2026-10-03T18:28:03,docker.dev-peer0.org2.example.com-saksi-bulletin_1.0-ee3fe73bad456e43adfc5ba27d9e5a60983b69e8496140308fb21061ecb2ff85.blk_write_bytes,0.0
1791023283,2026-10-03T18:28:03,docker.peer0.org1.example.com.cpu_pct,1.27
1791023283,2026-10-03T18:28:03,docker.peer0.org1.example.com.mem_bytes,53519319.04
1791023283,2026-10-03T18:28:03,docker.peer0.org1.example.com.blk_read_bytes,3760000.0
1791023283,2026-10-03T18:28:03,docker.peer0.org1.example.com.blk_write_bytes,5140000.0
1791023283,2026-10-03T18:28:03,docker.peer0.org2.example.com.cpu_pct,1.31
1791023283,2026-10-03T18:28:03,docker.peer0.org2.example.com.mem_bytes,45885685.76
1791023283,2026-10-03T18:28:03,docker.peer0.org2.example.com.blk_read_bytes,545000.0
1791023283,2026-10-03T18:28:03,docker.peer0.org2.example.com.blk_write_bytes,3610000.0
1791023283,2026-10-03T18:28:03,docker.orderer.example.com.cpu_pct,0.06
1791023283,2026-10-03T18:28:03,docker.orderer.example.com.mem_bytes,27053260.8
1791023283,2026-10-03T18:28:03,docker.orderer.example.com.blk_read_bytes,31400000.0
1791023283,2026-10-03T18:28:03,docker.orderer.example.com.blk_write_bytes,262000.0
1791023283,2026-10-03T18:28:03,wsl.MemTotal_kb,24608408
1791023283,2026-10-03T18:28:03,wsl.MemAvailable_kb,23191732
1791023283,2026-10-03T18:28:03,wsl.SwapTotal_kb,0
1791023283,2026-10-03T18:28:03,wsl.SwapFree_kb,0
1791023283,2026-10-03T18:28:03,wsl.Dirty_kb,388
1791023283,2026-10-03T18:28:03,wsl.load1,2.16
1791023283,2026-10-03T18:28:03,wsl.load5,6.09
1791023283,2026-10-03T18:28:03,host.c_free_bytes,49292201984
1791023283,2026-10-03T18:28:03,host.q_free_bytes,418763845632
1791023283,2026-10-03T18:28:03,host.docker_vhdx_bytes,15592325120
1791023283,2026-10-03T18:28:03,host.ubuntu_vhdx_bytes,212983611392
1791023283,2026-10-03T18:28:03,win.Memory\Available MBytes,16.885085
1791023283,2026-10-03T18:28:03,win.PhysicalDisk(0 C:)\% Disk Time,1756.0
1791023283,2026-10-03T18:28:03,win.PhysicalDisk(1 Q:)\% Disk Time,2968.72486
1791023283,2026-10-03T18:28:03,win.PhysicalDisk(_Total)\% Disk Time,0.296083
1791023283,2026-10-03T18:28:03,win.PhysicalDisk(0 C:)\Current Disk Queue Length,1484.510471
1791023283,2026-10-03T18:28:03,win.PhysicalDisk(1 Q:)\Current Disk Queue Length,3.0
1791023283,2026-10-03T18:28:03,win.PhysicalDisk(_Total)\Current Disk Queue Length,0.0
1791023283,2026-10-03T18:28:03,win.Process(vmmemWSL)\% Processor Time,3.0
1791023293,2026-10-03T18:28:13,docker.dev-peer0.org1.example.com-saksi-bulletin_1.0-ee3fe73bad456e43adfc5ba27d9e5a60983b69e8496140308fb21061ecb2ff85.cpu_pct,0.0
1791023293,2026-10-03T18:28:13,docker.dev-peer0.org1.example.com-saksi-bulletin_1.0-ee3fe73bad456e43adfc5ba27d9e5a60983b69e8496140308fb21061ecb2ff85.mem_bytes,6779043.84
1791023293,2026-10-03T18:28:13,docker.dev-peer0.org1.example.com-saksi-bulletin_1.0-ee3fe73bad456e43adfc5ba27d9e5a60983b69e8496140308fb21061ecb2ff85.blk_read_bytes,0.0
1791023293,2026-10-03T18:28:13,docker.dev-peer0.org1.example.com-saksi-bulletin_1.0-ee3fe73bad456e43adfc5ba27d9e5a60983b69e8496140308fb21061ecb2ff85.blk_write_bytes,0.0
1791023293,2026-10-03T18:28:13,docker.dev-peer0.org2.example.com-saksi-bulletin_1.0-ee3fe73bad456e43adfc5ba27d9e5a60983b69e8496140308fb21061ecb2ff85.cpu_pct,0.0
1791023293,2026-10-03T18:28:13,docker.dev-peer0.org2.example.com-saksi-bulletin_1.0-ee3fe73bad456e43adfc5ba27d9e5a60983b69e8496140308fb21061ecb2ff85.mem_bytes,6836715.52
1791023293,2026-10-03T18:28:13,docker.dev-peer0.org2.example.com-saksi-bulletin_1.0-ee3fe73bad456e43adfc5ba27d9e5a60983b69e8496140308fb21061ecb2ff85.blk_read_bytes,0.0
1791023293,2026-10-03T18:28:13,docker.dev-peer0.org2.example.com-saksi-bulletin_1.0-ee3fe73bad456e43adfc5ba27d9e5a60983b69e8496140308fb21061ecb2ff85.blk_write_bytes,0.0
1791023293,2026-10-03T18:28:13,docker.peer0.org1.example.com.cpu_pct,1.52
1791023293,2026-10-03T18:28:13,docker.peer0.org1.example.com.mem_bytes,53026488.32
1791023293,2026-10-03T18:28:13,docker.peer0.org1.example.com.blk_read_bytes,3760000.0
1791023293,2026-10-03T18:28:13,docker.peer0.org1.example.com.blk_write_bytes,5140000.0
1791023293,2026-10-03T18:28:13,docker.peer0.org2.example.com.cpu_pct,1.56
1791023293,2026-10-03T18:28:13,docker.peer0.org2.example.com.mem_bytes,45875200.0
1791023293,2026-10-03T18:28:13,docker.peer0.org2.example.com.blk_read_bytes,545000.0
1791023293,2026-10-03T18:28:13,docker.peer0.org2.example.com.blk_write_bytes,3610000.0
1791023293,2026-10-03T18:28:13,docker.orderer.example.com.cpu_pct,0.04
1791023293,2026-10-03T18:28:13,docker.orderer.example.com.mem_bytes,26791116.8
1791023293,2026-10-03T18:28:13,docker.orderer.example.com.blk_read_bytes,31400000.0
1791023293,2026-10-03T18:28:13,docker.orderer.example.com.blk_write_bytes,262000.0
1791023293,2026-10-03T18:28:13,wsl.MemTotal_kb,24608408
1791023293,2026-10-03T18:28:13,wsl.MemAvailable_kb,23184220
1791023293,2026-10-03T18:28:13,wsl.SwapTotal_kb,0
1791023293,2026-10-03T18:28:13,wsl.SwapFree_kb,0
1791023293,2026-10-03T18:28:13,wsl.Dirty_kb,76
1791023293,2026-10-03T18:28:13,wsl.load1,1.91
1791023293,2026-10-03T18:28:13,wsl.load5,5.91
1791023293,2026-10-03T18:28:13,host.c_free_bytes,49292881920
1791023293,2026-10-03T18:28:13,host.q_free_bytes,418763845632
1791023293,2026-10-03T18:28:13,host.docker_vhdx_bytes,15592325120
1791023293,2026-10-03T18:28:13,host.ubuntu_vhdx_bytes,212983611392
1791023293,2026-10-03T18:28:13,win.Memory\Available MBytes,18.469983
1791023293,2026-10-03T18:28:13,win.PhysicalDisk(0 C:)\% Disk Time,1773.0
1791023293,2026-10-03T18:28:13,win.PhysicalDisk(1 Q:)\% Disk Time,811.673984
1791023293,2026-10-03T18:28:13,win.PhysicalDisk(_Total)\% Disk Time,0.435286
1791023293,2026-10-03T18:28:13,win.PhysicalDisk(0 C:)\Current Disk Queue Length,406.054635
1791023293,2026-10-03T18:28:13,win.PhysicalDisk(1 Q:)\Current Disk Queue Length,5.0
1791023293,2026-10-03T18:28:13,win.PhysicalDisk(_Total)\Current Disk Queue Length,0.0
1791023293,2026-10-03T18:28:13,win.Process(vmmemWSL)\% Processor Time,5.0
1791023303,2026-10-03T18:28:23,docker.dev-peer0.org1.example.com-saksi-bulletin_1.0-ee3fe73bad456e43adfc5ba27d9e5a60983b69e8496140308fb21061ecb2ff85.cpu_pct,0.0
1791023303,2026-10-03T18:28:23,docker.dev-peer0.org1.example.com-saksi-bulletin_1.0-ee3fe73bad456e43adfc5ba27d9e5a60983b69e8496140308fb21061ecb2ff85.mem_bytes,6779043.84
1791023303,2026-10-03T18:28:23,docker.dev-peer0.org1.example.com-saksi-bulletin_1.0-ee3fe73bad456e43adfc5ba27d9e5a60983b69e8496140308fb21061ecb2ff85.blk_read_bytes,0.0
1791023303,2026-10-03T18:28:23,docker.dev-peer0.org1.example.com-saksi-bulletin_1.0-ee3fe73bad456e43adfc5ba27d9e5a60983b69e8496140308fb21061ecb2ff85.blk_write_bytes,0.0
1791023303,2026-10-03T18:28:23,docker.dev-peer0.org2.example.com-saksi-bulletin_1.0-ee3fe73bad456e43adfc5ba27d9e5a60983b69e8496140308fb21061ecb2ff85.cpu_pct,0.0
1791023303,2026-10-03T18:28:23,docker.dev-peer0.org2.example.com-saksi-bulletin_1.0-ee3fe73bad456e43adfc5ba27d9e5a60983b69e8496140308fb21061ecb2ff85.mem_bytes,6836715.52
1791023303,2026-10-03T18:28:23,docker.dev-peer0.org2.example.com-saksi-bulletin_1.0-ee3fe73bad456e43adfc5ba27d9e5a60983b69e8496140308fb21061ecb2ff85.blk_read_bytes,0.0
1791023303,2026-10-03T18:28:23,docker.dev-peer0.org2.example.com-saksi-bulletin_1.0-ee3fe73bad456e43adfc5ba27d9e5a60983b69e8496140308fb21061ecb2ff85.blk_write_bytes,0.0
1791023303,2026-10-03T18:28:23,docker.peer0.org1.example.com.cpu_pct,1.04
1791023303,2026-10-03T18:28:23,docker.peer0.org1.example.com.mem_bytes,53026488.32
1791023303,2026-10-03T18:28:23,docker.peer0.org1.example.com.blk_read_bytes,3760000.0
1791023303,2026-10-03T18:28:23,docker.peer0.org1.example.com.blk_write_bytes,5140000.0
1791023303,2026-10-03T18:28:23,docker.peer0.org2.example.com.cpu_pct,1.24
1791023303,2026-10-03T18:28:23,docker.peer0.org2.example.com.mem_bytes,46105886.72
1791023303,2026-10-03T18:28:23,docker.peer0.org2.example.com.blk_read_bytes,545000.0
1791023303,2026-10-03T18:28:23,docker.peer0.org2.example.com.blk_write_bytes,3610000.0
1791023303,2026-10-03T18:28:23,docker.orderer.example.com.cpu_pct,0.05
1791023303,2026-10-03T18:28:23,docker.orderer.example.com.mem_bytes,27053260.8
1791023303,2026-10-03T18:28:23,docker.orderer.example.com.blk_read_bytes,31400000.0
1791023303,2026-10-03T18:28:23,docker.orderer.example.com.blk_write_bytes,262000.0
1791023303,2026-10-03T18:28:23,wsl.MemTotal_kb,24608408
1791023303,2026-10-03T18:28:23,wsl.MemAvailable_kb,23051236
1791023303,2026-10-03T18:28:23,wsl.SwapTotal_kb,0
1791023303,2026-10-03T18:28:23,wsl.SwapFree_kb,0
1791023303,2026-10-03T18:28:23,wsl.Dirty_kb,152
1791023303,2026-10-03T18:28:23,wsl.load1,3.48
1791023303,2026-10-03T18:28:23,wsl.load5,6.03
1791023303,2026-10-03T18:28:23,host.c_free_bytes,49292226560
1791023303,2026-10-03T18:28:23,host.q_free_bytes,418763845632
1791023303,2026-10-03T18:28:23,host.docker_vhdx_bytes,15592325120
1791023303,2026-10-03T18:28:23,host.ubuntu_vhdx_bytes,212983611392
1791023303,2026-10-03T18:28:23,win.Memory\Available MBytes,23.091234
1791023303,2026-10-03T18:28:23,win.PhysicalDisk(0 C:)\% Disk Time,1715.0
1791023303,2026-10-03T18:28:23,win.PhysicalDisk(1 Q:)\% Disk Time,158.087895
1791023303,2026-10-03T18:28:23,win.PhysicalDisk(_Total)\% Disk Time,0.233362
1791023303,2026-10-03T18:28:23,win.PhysicalDisk(0 C:)\Current Disk Queue Length,79.160628
1791023303,2026-10-03T18:28:23,win.PhysicalDisk(1 Q:)\Current Disk Queue Length,0.0
1791023303,2026-10-03T18:28:23,win.PhysicalDisk(_Total)\Current Disk Queue Length,0.0
1791023303,2026-10-03T18:28:23,win.Process(vmmemWSL)\% Processor Time,0.0
1791023313,2026-10-03T18:28:33,docker.dev-peer0.org1.example.com-saksi-bulletin_1.0-ee3fe73bad456e43adfc5ba27d9e5a60983b69e8496140308fb21061ecb2ff85.cpu_pct,0.0
1791023313,2026-10-03T18:28:33,docker.dev-peer0.org1.example.com-saksi-bulletin_1.0-ee3fe73bad456e43adfc5ba27d9e5a60983b69e8496140308fb21061ecb2ff85.mem_bytes,6779043.84
1791023313,2026-10-03T18:28:33,docker.dev-peer0.org1.example.com-saksi-bulletin_1.0-ee3fe73bad456e43adfc5ba27d9e5a60983b69e8496140308fb21061ecb2ff85.blk_read_bytes,0.0
1791023313,2026-10-03T18:28:33,docker.dev-peer0.org1.example.com-saksi-bulletin_1.0-ee3fe73bad456e43adfc5ba27d9e5a60983b69e8496140308fb21061ecb2ff85.blk_write_bytes,0.0
1791023313,2026-10-03T18:28:33,docker.dev-peer0.org2.example.com-saksi-bulletin_1.0-ee3fe73bad456e43adfc5ba27d9e5a60983b69e8496140308fb21061ecb2ff85.cpu_pct,0.0
1791023313,2026-10-03T18:28:33,docker.dev-peer0.org2.example.com-saksi-bulletin_1.0-ee3fe73bad456e43adfc5ba27d9e5a60983b69e8496140308fb21061ecb2ff85.mem_bytes,6836715.52
1791023313,2026-10-03T18:28:33,docker.dev-peer0.org2.example.com-saksi-bulletin_1.0-ee3fe73bad456e43adfc5ba27d9e5a60983b69e8496140308fb21061ecb2ff85.blk_read_bytes,0.0
1791023313,2026-10-03T18:28:33,docker.dev-peer0.org2.example.com-saksi-bulletin_1.0-ee3fe73bad456e43adfc5ba27d9e5a60983b69e8496140308fb21061ecb2ff85.blk_write_bytes,0.0
1791023313,2026-10-03T18:28:33,docker.peer0.org1.example.com.cpu_pct,1.42
1791023313,2026-10-03T18:28:33,docker.peer0.org1.example.com.mem_bytes,52523171.84
1791023313,2026-10-03T18:28:33,docker.peer0.org1.example.com.blk_read_bytes,3760000.0
1791023313,2026-10-03T18:28:33,docker.peer0.org1.example.com.blk_write_bytes,5140000.0
1791023313,2026-10-03T18:28:33,docker.peer0.org2.example.com.cpu_pct,1.25
1791023313,2026-10-03T18:28:33,docker.peer0.org2.example.com.mem_bytes,46105886.72
1791023313,2026-10-03T18:28:33,docker.peer0.org2.example.com.blk_read_bytes,545000.0
1791023313,2026-10-03T18:28:33,docker.peer0.org2.example.com.blk_write_bytes,3610000.0
1791023313,2026-10-03T18:28:33,docker.orderer.example.com.cpu_pct,0.04
1791023313,2026-10-03T18:28:33,docker.orderer.example.com.mem_bytes,27074232.32
1791023313,2026-10-03T18:28:33,docker.orderer.example.com.blk_read_bytes,31400000.0
1791023313,2026-10-03T18:28:33,docker.orderer.example.com.blk_write_bytes,262000.0
1791023313,2026-10-03T18:28:33,wsl.MemTotal_kb,24608408
1791023313,2026-10-03T18:28:33,wsl.MemAvailable_kb,23018188
1791023313,2026-10-03T18:28:33,wsl.SwapTotal_kb,0
1791023313,2026-10-03T18:28:33,wsl.SwapFree_kb,0
1791023313,2026-10-03T18:28:33,wsl.Dirty_kb,156
1791023313,2026-10-03T18:28:33,wsl.load1,5.41
1791023313,2026-10-03T18:28:33,wsl.load5,6.36
1791023313,2026-10-03T18:28:33,host.c_free_bytes,49291571200
1791023313,2026-10-03T18:28:33,host.q_free_bytes,418763845632
1791023313,2026-10-03T18:28:33,host.docker_vhdx_bytes,15592325120
1791023313,2026-10-03T18:28:33,host.ubuntu_vhdx_bytes,212983611392
1791023313,2026-10-03T18:28:33,win.Memory\Available MBytes,25.676955
1791023313,2026-10-03T18:28:33,win.PhysicalDisk(0 C:)\% Disk Time,1794.0
1791023313,2026-10-03T18:28:33,win.PhysicalDisk(1 Q:)\% Disk Time,13.215443
1791023313,2026-10-03T18:28:33,win.PhysicalDisk(_Total)\% Disk Time,0.0
1791023313,2026-10-03T18:28:33,win.PhysicalDisk(0 C:)\Current Disk Queue Length,6.607721
1791023313,2026-10-03T18:28:33,win.PhysicalDisk(1 Q:)\Current Disk Queue Length,0.0
1791023313,2026-10-03T18:28:33,win.PhysicalDisk(_Total)\Current Disk Queue Length,0.0
1791023313,2026-10-03T18:28:33,win.Process(vmmemWSL)\% Processor Time,0.0
1791023323,2026-10-03T18:28:43,docker.dev-peer0.org1.example.com-saksi-bulletin_1.0-ee3fe73bad456e43adfc5ba27d9e5a60983b69e8496140308fb21061ecb2ff85.cpu_pct,0.0
1791023323,2026-10-03T18:28:43,docker.dev-peer0.org1.example.com-saksi-bulletin_1.0-ee3fe73bad456e43adfc5ba27d9e5a60983b69e8496140308fb21061ecb2ff85.mem_bytes,7303331.84
1791023323,2026-10-03T18:28:43,docker.dev-peer0.org1.example.com-saksi-bulletin_1.0-ee3fe73bad456e43adfc5ba27d9e5a60983b69e8496140308fb21061ecb2ff85.blk_read_bytes,0.0
1791023323,2026-10-03T18:28:43,docker.dev-peer0.org1.example.com-saksi-bulletin_1.0-ee3fe73bad456e43adfc5ba27d9e5a60983b69e8496140308fb21061ecb2ff85.blk_write_bytes,0.0
1791023323,2026-10-03T18:28:43,docker.dev-peer0.org2.example.com-saksi-bulletin_1.0-ee3fe73bad456e43adfc5ba27d9e5a60983b69e8496140308fb21061ecb2ff85.cpu_pct,0.0
1791023323,2026-10-03T18:28:43,docker.dev-peer0.org2.example.com-saksi-bulletin_1.0-ee3fe73bad456e43adfc5ba27d9e5a60983b69e8496140308fb21061ecb2ff85.mem_bytes,7094665.216
1791023323,2026-10-03T18:28:43,docker.dev-peer0.org2.example.com-saksi-bulletin_1.0-ee3fe73bad456e43adfc5ba27d9e5a60983b69e8496140308fb21061ecb2ff85.blk_read_bytes,0.0
1791023323,2026-10-03T18:28:43,docker.dev-peer0.org2.example.com-saksi-bulletin_1.0-ee3fe73bad456e43adfc5ba27d9e5a60983b69e8496140308fb21061ecb2ff85.blk_write_bytes,0.0
1791023323,2026-10-03T18:28:43,docker.peer0.org1.example.com.cpu_pct,2.42
1791023323,2026-10-03T18:28:43,docker.peer0.org1.example.com.mem_bytes,52334428.16
1791023323,2026-10-03T18:28:43,docker.peer0.org1.example.com.blk_read_bytes,3760000.0
1791023323,2026-10-03T18:28:43,docker.peer0.org1.example.com.blk_write_bytes,5140000.0
1791023323,2026-10-03T18:28:43,docker.peer0.org2.example.com.cpu_pct,1.62
1791023323,2026-10-03T18:28:43,docker.peer0.org2.example.com.mem_bytes,46105886.72
1791023323,2026-10-03T18:28:43,docker.peer0.org2.example.com.blk_read_bytes,545000.0
1791023323,2026-10-03T18:28:43,docker.peer0.org2.example.com.blk_write_bytes,3610000.0
1791023323,2026-10-03T18:28:43,docker.orderer.example.com.cpu_pct,0.06
1791023323,2026-10-03T18:28:43,docker.orderer.example.com.mem_bytes,27063746.56
1791023323,2026-10-03T18:28:43,docker.orderer.example.com.blk_read_bytes,31400000.0
1791023323,2026-10-03T18:28:43,docker.orderer.example.com.blk_write_bytes,262000.0
1791023323,2026-10-03T18:28:43,wsl.MemTotal_kb,24608408
1791023323,2026-10-03T18:28:43,wsl.MemAvailable_kb,22998324
1791023323,2026-10-03T18:28:43,wsl.SwapTotal_kb,0
1791023323,2026-10-03T18:28:43,wsl.SwapFree_kb,0
1791023323,2026-10-03T18:28:43,wsl.Dirty_kb,92
1791023323,2026-10-03T18:28:43,wsl.load1,7.11
1791023323,2026-10-03T18:28:43,wsl.load5,6.69
1791023323,2026-10-03T18:28:43,host.c_free_bytes,49292222464
1791023323,2026-10-03T18:28:43,host.q_free_bytes,418763845632
1791023323,2026-10-03T18:28:43,host.docker_vhdx_bytes,15592325120
1791023323,2026-10-03T18:28:43,host.ubuntu_vhdx_bytes,212983611392
1791023323,2026-10-03T18:28:43,win.Memory\Available MBytes,76.896797
1791023323,2026-10-03T18:28:43,win.PhysicalDisk(0 C:)\% Disk Time,1605.0
1791023323,2026-10-03T18:28:43,win.PhysicalDisk(1 Q:)\% Disk Time,21.004876
1791023323,2026-10-03T18:28:43,win.PhysicalDisk(_Total)\% Disk Time,0.0
1791023323,2026-10-03T18:28:43,win.PhysicalDisk(0 C:)\Current Disk Queue Length,10.502439
1791023323,2026-10-03T18:28:43,win.PhysicalDisk(1 Q:)\Current Disk Queue Length,0.0
1791023323,2026-10-03T18:28:43,win.PhysicalDisk(_Total)\Current Disk Queue Length,0.0
1791023323,2026-10-03T18:28:43,win.Process(vmmemWSL)\% Processor Time,0.0
1791023333,2026-10-03T18:28:53,docker.dev-peer0.org1.example.com-saksi-bulletin_1.0-ee3fe73bad456e43adfc5ba27d9e5a60983b69e8496140308fb21061ecb2ff85.cpu_pct,0.0
1791023333,2026-10-03T18:28:53,docker.dev-peer0.org1.example.com-saksi-bulletin_1.0-ee3fe73bad456e43adfc5ba27d9e5a60983b69e8496140308fb21061ecb2ff85.mem_bytes,7303331.84
1791023333,2026-10-03T18:28:53,docker.dev-peer0.org1.example.com-saksi-bulletin_1.0-ee3fe73bad456e43adfc5ba27d9e5a60983b69e8496140308fb21061ecb2ff85.blk_read_bytes,0.0
1791023333,2026-10-03T18:28:53,docker.dev-peer0.org1.example.com-saksi-bulletin_1.0-ee3fe73bad456e43adfc5ba27d9e5a60983b69e8496140308fb21061ecb2ff85.blk_write_bytes,0.0
1791023333,2026-10-03T18:28:53,docker.dev-peer0.org2.example.com-saksi-bulletin_1.0-ee3fe73bad456e43adfc5ba27d9e5a60983b69e8496140308fb21061ecb2ff85.cpu_pct,0.0
1791023333,2026-10-03T18:28:53,docker.dev-peer0.org2.example.com-saksi-bulletin_1.0-ee3fe73bad456e43adfc5ba27d9e5a60983b69e8496140308fb21061ecb2ff85.mem_bytes,7094665.216
1791023333,2026-10-03T18:28:53,docker.dev-peer0.org2.example.com-saksi-bulletin_1.0-ee3fe73bad456e43adfc5ba27d9e5a60983b69e8496140308fb21061ecb2ff85.blk_read_bytes,0.0
1791023333,2026-10-03T18:28:53,docker.dev-peer0.org2.example.com-saksi-bulletin_1.0-ee3fe73bad456e43adfc5ba27d9e5a60983b69e8496140308fb21061ecb2ff85.blk_write_bytes,0.0
1791023333,2026-10-03T18:28:53,docker.peer0.org1.example.com.cpu_pct,1.49
1791023333,2026-10-03T18:28:53,docker.peer0.org1.example.com.mem_bytes,52355399.68
1791023333,2026-10-03T18:28:53,docker.peer0.org1.example.com.blk_read_bytes,3760000.0
1791023333,2026-10-03T18:28:53,docker.peer0.org1.example.com.blk_write_bytes,5140000.0
1791023333,2026-10-03T18:28:53,docker.peer0.org2.example.com.cpu_pct,1.28
1791023333,2026-10-03T18:28:53,docker.peer0.org2.example.com.mem_bytes,45833256.96
1791023333,2026-10-03T18:28:53,docker.peer0.org2.example.com.blk_read_bytes,545000.0
1791023333,2026-10-03T18:28:53,docker.peer0.org2.example.com.blk_write_bytes,3610000.0
1791023333,2026-10-03T18:28:53,docker.orderer.example.com.cpu_pct,0.04
1791023333,2026-10-03T18:28:53,docker.orderer.example.com.mem_bytes,27063746.56
1791023333,2026-10-03T18:28:53,docker.orderer.example.com.blk_read_bytes,31400000.0
1791023333,2026-10-03T18:28:53,docker.orderer.example.com.blk_write_bytes,262000.0
1791023333,2026-10-03T18:28:53,wsl.MemTotal_kb,24608408
1791023333,2026-10-03T18:28:53,wsl.MemAvailable_kb,23030660
1791023333,2026-10-03T18:28:53,wsl.SwapTotal_kb,0
1791023333,2026-10-03T18:28:53,wsl.SwapFree_kb,0
1791023333,2026-10-03T18:28:53,wsl.Dirty_kb,112
1791023333,2026-10-03T18:28:53,wsl.load1,8.55
1791023333,2026-10-03T18:28:53,wsl.load5,7.02
1791023333,2026-10-03T18:28:53,host.c_free_bytes,49291694080
1791023333,2026-10-03T18:28:53,host.q_free_bytes,418763845632
1791023333,2026-10-03T18:28:53,host.docker_vhdx_bytes,15592325120
1791023333,2026-10-03T18:28:53,host.ubuntu_vhdx_bytes,212983611392
1791023333,2026-10-03T18:28:53,win.Memory\Available MBytes,90.803487
1791023333,2026-10-03T18:28:53,win.PhysicalDisk(0 C:)\% Disk Time,1561.0
1791023333,2026-10-03T18:28:53,win.PhysicalDisk(1 Q:)\% Disk Time,9.41063
1791023333,2026-10-03T18:28:53,win.PhysicalDisk(_Total)\% Disk Time,0.0
1791023333,2026-10-03T18:28:53,win.PhysicalDisk(0 C:)\Current Disk Queue Length,4.705315
1791023333,2026-10-03T18:28:53,win.PhysicalDisk(1 Q:)\Current Disk Queue Length,0.0
1791023333,2026-10-03T18:28:53,win.PhysicalDisk(_Total)\Current Disk Queue Length,0.0
1791023333,2026-10-03T18:28:53,win.Process(vmmemWSL)\% Processor Time,0.0
1791023343,2026-10-03T18:29:03,docker.dev-peer0.org1.example.com-saksi-bulletin_1.0-ee3fe73bad456e43adfc5ba27d9e5a60983b69e8496140308fb21061ecb2ff85.cpu_pct,0.0
1791023343,2026-10-03T18:29:03,docker.dev-peer0.org1.example.com-saksi-bulletin_1.0-ee3fe73bad456e43adfc5ba27d9e5a60983b69e8496140308fb21061ecb2ff85.mem_bytes,7303331.84
1791023343,2026-10-03T18:29:03,docker.dev-peer0.org1.example.com-saksi-bulletin_1.0-ee3fe73bad456e43adfc5ba27d9e5a60983b69e8496140308fb21061ecb2ff85.blk_read_bytes,0.0
1791023343,2026-10-03T18:29:03,docker.dev-peer0.org1.example.com-saksi-bulletin_1.0-ee3fe73bad456e43adfc5ba27d9e5a60983b69e8496140308fb21061ecb2ff85.blk_write_bytes,0.0
1791023343,2026-10-03T18:29:03,docker.dev-peer0.org2.example.com-saksi-bulletin_1.0-ee3fe73bad456e43adfc5ba27d9e5a60983b69e8496140308fb21061ecb2ff85.cpu_pct,0.0
1791023343,2026-10-03T18:29:03,docker.dev-peer0.org2.example.com-saksi-bulletin_1.0-ee3fe73bad456e43adfc5ba27d9e5a60983b69e8496140308fb21061ecb2ff85.mem_bytes,7094665.216
1791023343,2026-10-03T18:29:03,docker.dev-peer0.org2.example.com-saksi-bulletin_1.0-ee3fe73bad456e43adfc5ba27d9e5a60983b69e8496140308fb21061ecb2ff85.blk_read_bytes,0.0
1791023343,2026-10-03T18:29:03,docker.dev-peer0.org2.example.com-saksi-bulletin_1.0-ee3fe73bad456e43adfc5ba27d9e5a60983b69e8496140308fb21061ecb2ff85.blk_write_bytes,0.0
1791023343,2026-10-03T18:29:03,docker.peer0.org1.example.com.cpu_pct,1.0
1791023343,2026-10-03T18:29:03,docker.peer0.org1.example.com.mem_bytes,52386856.96
1791023343,2026-10-03T18:29:03,docker.peer0.org1.example.com.blk_read_bytes,3760000.0
1791023343,2026-10-03T18:29:03,docker.peer0.org1.example.com.blk_write_bytes,5140000.0
1791023343,2026-10-03T18:29:03,docker.peer0.org2.example.com.cpu_pct,2.23
1791023343,2026-10-03T18:29:03,docker.peer0.org2.example.com.mem_bytes,46084915.2
1791023343,2026-10-03T18:29:03,docker.peer0.org2.example.com.blk_read_bytes,545000.0
1791023343,2026-10-03T18:29:03,docker.peer0.org2.example.com.blk_write_bytes,3610000.0
1791023343,2026-10-03T18:29:03,docker.orderer.example.com.cpu_pct,0.03
1791023343,2026-10-03T18:29:03,docker.orderer.example.com.mem_bytes,27325890.56
1791023343,2026-10-03T18:29:03,docker.orderer.example.com.blk_read_bytes,31400000.0
1791023343,2026-10-03T18:29:03,docker.orderer.example.com.blk_write_bytes,262000.0
1791023343,2026-10-03T18:29:03,wsl.MemTotal_kb,24608408
1791023343,2026-10-03T18:29:03,wsl.MemAvailable_kb,23016844
1791023343,2026-10-03T18:29:03,wsl.SwapTotal_kb,0
1791023343,2026-10-03T18:29:03,wsl.SwapFree_kb,0
1791023343,2026-10-03T18:29:03,wsl.Dirty_kb,28
1791023343,2026-10-03T18:29:03,wsl.load1,9.77
1791023343,2026-10-03T18:29:03,wsl.load5,7.33
1791023343,2026-10-03T18:29:03,host.c_free_bytes,49292201984
1791023343,2026-10-03T18:29:03,host.q_free_bytes,418763845632
1791023343,2026-10-03T18:29:03,host.docker_vhdx_bytes,15592325120
1791023343,2026-10-03T18:29:03,host.ubuntu_vhdx_bytes,212983611392
1791023343,2026-10-03T18:29:03,win.Memory\Available MBytes,90.956671
1791023343,2026-10-03T18:29:03,win.PhysicalDisk(0 C:)\% Disk Time,1576.0
1791023343,2026-10-03T18:29:03,win.PhysicalDisk(1 Q:)\% Disk Time,32.49718
1791023343,2026-10-03T18:29:03,win.PhysicalDisk(_Total)\% Disk Time,0.0
1791023343,2026-10-03T18:29:03,win.PhysicalDisk(0 C:)\Current Disk Queue Length,16.24859
1791023343,2026-10-03T18:29:03,win.PhysicalDisk(1 Q:)\Current Disk Queue Length,0.0
1791023343,2026-10-03T18:29:03,win.PhysicalDisk(_Total)\Current Disk Queue Length,0.0
1791023343,2026-10-03T18:29:03,win.Process(vmmemWSL)\% Processor Time,0.0
1791023353,2026-10-03T18:29:13,docker.dev-peer0.org1.example.com-saksi-bulletin_1.0-ee3fe73bad456e43adfc5ba27d9e5a60983b69e8496140308fb21061ecb2ff85.cpu_pct,0.0
1791023353,2026-10-03T18:29:13,docker.dev-peer0.org1.example.com-saksi-bulletin_1.0-ee3fe73bad456e43adfc5ba27d9e5a60983b69e8496140308fb21061ecb2ff85.mem_bytes,7303331.84
1791023353,2026-10-03T18:29:13,docker.dev-peer0.org1.example.com-saksi-bulletin_1.0-ee3fe73bad456e43adfc5ba27d9e5a60983b69e8496140308fb21061ecb2ff85.blk_read_bytes,0.0
1791023353,2026-10-03T18:29:13,docker.dev-peer0.org1.example.com-saksi-bulletin_1.0-ee3fe73bad456e43adfc5ba27d9e5a60983b69e8496140308fb21061ecb2ff85.blk_write_bytes,0.0
1791023353,2026-10-03T18:29:13,docker.dev-peer0.org2.example.com-saksi-bulletin_1.0-ee3fe73bad456e43adfc5ba27d9e5a60983b69e8496140308fb21061ecb2ff85.cpu_pct,0.0
1791023353,2026-10-03T18:29:13,docker.dev-peer0.org2.example.com-saksi-bulletin_1.0-ee3fe73bad456e43adfc5ba27d9e5a60983b69e8496140308fb21061ecb2ff85.mem_bytes,7094665.216
1791023353,2026-10-03T18:29:13,docker.dev-peer0.org2.example.com-saksi-bulletin_1.0-ee3fe73bad456e43adfc5ba27d9e5a60983b69e8496140308fb21061ecb2ff85.blk_read_bytes,0.0
1791023353,2026-10-03T18:29:13,docker.dev-peer0.org2.example.com-saksi-bulletin_1.0-ee3fe73bad456e43adfc5ba27d9e5a60983b69e8496140308fb21061ecb2ff85.blk_write_bytes,0.0
1791023353,2026-10-03T18:29:13,docker.peer0.org1.example.com.cpu_pct,1.41
1791023353,2026-10-03T18:29:13,docker.peer0.org1.example.com.mem_bytes,52638515.2
1791023353,2026-10-03T18:29:13,docker.peer0.org1.example.com.blk_read_bytes,3760000.0
1791023353,2026-10-03T18:29:13,docker.peer0.org1.example.com.blk_write_bytes,5140000.0
1791023353,2026-10-03T18:29:13,docker.peer0.org2.example.com.cpu_pct,1.42
1791023353,2026-10-03T18:29:13,docker.peer0.org2.example.com.mem_bytes,45843742.72
1791023353,2026-10-03T18:29:13,docker.peer0.org2.example.com.blk_read_bytes,545000.0
1791023353,2026-10-03T18:29:13,docker.peer0.org2.example.com.blk_write_bytes,3610000.0
1791023353,2026-10-03T18:29:13,docker.orderer.example.com.cpu_pct,0.03
1791023353,2026-10-03T18:29:13,docker.orderer.example.com.mem_bytes,27325890.56
1791023353,2026-10-03T18:29:13,docker.orderer.example.com.blk_read_bytes,31400000.0
1791023353,2026-10-03T18:29:13,docker.orderer.example.com.blk_write_bytes,262000.0
1791023353,2026-10-03T18:29:13,wsl.MemTotal_kb,24608408
1791023353,2026-10-03T18:29:13,wsl.MemAvailable_kb,22983344
1791023353,2026-10-03T18:29:13,wsl.SwapTotal_kb,0
1791023353,2026-10-03T18:29:13,wsl.SwapFree_kb,0
1791023353,2026-10-03T18:29:13,wsl.Dirty_kb,128
1791023353,2026-10-03T18:29:13,wsl.load1,10.73
1791023353,2026-10-03T18:29:13,wsl.load5,7.62
1791023353,2026-10-03T18:29:13,host.c_free_bytes,49291661312
1791023353,2026-10-03T18:29:13,host.q_free_bytes,418763845632
1791023353,2026-10-03T18:29:13,host.docker_vhdx_bytes,15592325120
1791023353,2026-10-03T18:29:13,host.ubuntu_vhdx_bytes,212983611392
1791023353,2026-10-03T18:29:13,win.Memory\Available MBytes,90.880749
1791023353,2026-10-03T18:29:13,win.PhysicalDisk(0 C:)\% Disk Time,1552.0
1791023353,2026-10-03T18:29:13,win.PhysicalDisk(1 Q:)\% Disk Time,5.978499
1791023353,2026-10-03T18:29:13,win.PhysicalDisk(_Total)\% Disk Time,0.0
1791023353,2026-10-03T18:29:13,win.PhysicalDisk(0 C:)\Current Disk Queue Length,2.98925
1791023353,2026-10-03T18:29:13,win.PhysicalDisk(1 Q:)\Current Disk Queue Length,0.0
1791023353,2026-10-03T18:29:13,win.PhysicalDisk(_Total)\Current Disk Queue Length,0.0
1791023353,2026-10-03T18:29:13,win.Process(vmmemWSL)\% Processor Time,0.0
1791023363,2026-10-03T18:29:23,docker.dev-peer0.org1.example.com-saksi-bulletin_1.0-ee3fe73bad456e43adfc5ba27d9e5a60983b69e8496140308fb21061ecb2ff85.cpu_pct,0.0
1791023363,2026-10-03T18:29:23,docker.dev-peer0.org1.example.com-saksi-bulletin_1.0-ee3fe73bad456e43adfc5ba27d9e5a60983b69e8496140308fb21061ecb2ff85.mem_bytes,7303331.84
1791023363,2026-10-03T18:29:23,docker.dev-peer0.org1.example.com-saksi-bulletin_1.0-ee3fe73bad456e43adfc5ba27d9e5a60983b69e8496140308fb21061ecb2ff85.blk_read_bytes,0.0
1791023363,2026-10-03T18:29:23,docker.dev-peer0.org1.example.com-saksi-bulletin_1.0-ee3fe73bad456e43adfc5ba27d9e5a60983b69e8496140308fb21061ecb2ff85.blk_write_bytes,0.0
1791023363,2026-10-03T18:29:23,docker.dev-peer0.org2.example.com-saksi-bulletin_1.0-ee3fe73bad456e43adfc5ba27d9e5a60983b69e8496140308fb21061ecb2ff85.cpu_pct,0.0
1791023363,2026-10-03T18:29:23,docker.dev-peer0.org2.example.com-saksi-bulletin_1.0-ee3fe73bad456e43adfc5ba27d9e5a60983b69e8496140308fb21061ecb2ff85.mem_bytes,7094665.216
1791023363,2026-10-03T18:29:23,docker.dev-peer0.org2.example.com-saksi-bulletin_1.0-ee3fe73bad456e43adfc5ba27d9e5a60983b69e8496140308fb21061ecb2ff85.blk_read_bytes,0.0
1791023363,2026-10-03T18:29:23,docker.dev-peer0.org2.example.com-saksi-bulletin_1.0-ee3fe73bad456e43adfc5ba27d9e5a60983b69e8496140308fb21061ecb2ff85.blk_write_bytes,0.0
1791023363,2026-10-03T18:29:23,docker.peer0.org1.example.com.cpu_pct,1.03
1791023363,2026-10-03T18:29:23,docker.peer0.org1.example.com.mem_bytes,52617543.68
1791023363,2026-10-03T18:29:23,docker.peer0.org1.example.com.blk_read_bytes,3760000.0
1791023363,2026-10-03T18:29:23,docker.peer0.org1.example.com.blk_write_bytes,5140000.0
1791023363,2026-10-03T18:29:23,docker.peer0.org2.example.com.cpu_pct,1.13
1791023363,2026-10-03T18:29:23,docker.peer0.org2.example.com.mem_bytes,45833256.96
1791023363,2026-10-03T18:29:23,docker.peer0.org2.example.com.blk_read_bytes,545000.0
1791023363,2026-10-03T18:29:23,docker.peer0.org2.example.com.blk_write_bytes,3610000.0
1791023363,2026-10-03T18:29:23,docker.orderer.example.com.cpu_pct,0.03
1791023363,2026-10-03T18:29:23,docker.orderer.example.com.mem_bytes,27325890.56
1791023363,2026-10-03T18:29:23,docker.orderer.example.com.blk_read_bytes,31400000.0
1791023363,2026-10-03T18:29:23,docker.orderer.example.com.blk_write_bytes,262000.0
1791023363,2026-10-03T18:29:23,wsl.MemTotal_kb,24608408
1791023363,2026-10-03T18:29:23,wsl.MemAvailable_kb,22974924
1791023363,2026-10-03T18:29:23,wsl.SwapTotal_kb,0
1791023363,2026-10-03T18:29:23,wsl.SwapFree_kb,0
1791023363,2026-10-03T18:29:23,wsl.Dirty_kb,128
1791023363,2026-10-03T18:29:23,wsl.load1,11.54
1791023363,2026-10-03T18:29:23,wsl.load5,7.89
1791023363,2026-10-03T18:29:23,host.c_free_bytes,49291399168
1791023363,2026-10-03T18:29:23,host.q_free_bytes,418763845632
1791023363,2026-10-03T18:29:23,host.docker_vhdx_bytes,15592325120
1791023363,2026-10-03T18:29:23,host.ubuntu_vhdx_bytes,212983611392
1791023363,2026-10-03T18:29:23,win.Memory\Available MBytes,90.437332
1791023363,2026-10-03T18:29:23,win.PhysicalDisk(0 C:)\% Disk Time,1594.0
1791023363,2026-10-03T18:29:23,win.PhysicalDisk(1 Q:)\% Disk Time,24.872165
1791023363,2026-10-03T18:29:23,win.PhysicalDisk(_Total)\% Disk Time,0.0
1791023363,2026-10-03T18:29:23,win.PhysicalDisk(0 C:)\Current Disk Queue Length,12.435752
1791023363,2026-10-03T18:29:23,win.PhysicalDisk(1 Q:)\Current Disk Queue Length,1.0
1791023363,2026-10-03T18:29:23,win.PhysicalDisk(_Total)\Current Disk Queue Length,0.0
1791023363,2026-10-03T18:29:23,win.Process(vmmemWSL)\% Processor Time,1.0
1791023373,2026-10-03T18:29:33,docker.dev-peer0.org1.example.com-saksi-bulletin_1.0-ee3fe73bad456e43adfc5ba27d9e5a60983b69e8496140308fb21061ecb2ff85.cpu_pct,0.0
1791023373,2026-10-03T18:29:33,docker.dev-peer0.org1.example.com-saksi-bulletin_1.0-ee3fe73bad456e43adfc5ba27d9e5a60983b69e8496140308fb21061ecb2ff85.mem_bytes,7303331.84
1791023373,2026-10-03T18:29:33,docker.dev-peer0.org1.example.com-saksi-bulletin_1.0-ee3fe73bad456e43adfc5ba27d9e5a60983b69e8496140308fb21061ecb2ff85.blk_read_bytes,0.0
1791023373,2026-10-03T18:29:33,docker.dev-peer0.org1.example.com-saksi-bulletin_1.0-ee3fe73bad456e43adfc5ba27d9e5a60983b69e8496140308fb21061ecb2ff85.blk_write_bytes,0.0
1791023373,2026-10-03T18:29:33,docker.dev-peer0.org2.example.com-saksi-bulletin_1.0-ee3fe73bad456e43adfc5ba27d9e5a60983b69e8496140308fb21061ecb2ff85.cpu_pct,0.0
1791023373,2026-10-03T18:29:33,docker.dev-peer0.org2.example.com-saksi-bulletin_1.0-ee3fe73bad456e43adfc5ba27d9e5a60983b69e8496140308fb21061ecb2ff85.mem_bytes,7094665.216
1791023373,2026-10-03T18:29:33,docker.dev-peer0.org2.example.com-saksi-bulletin_1.0-ee3fe73bad456e43adfc5ba27d9e5a60983b69e8496140308fb21061ecb2ff85.blk_read_bytes,0.0
1791023373,2026-10-03T18:29:33,docker.dev-peer0.org2.example.com-saksi-bulletin_1.0-ee3fe73bad456e43adfc5ba27d9e5a60983b69e8496140308fb21061ecb2ff85.blk_write_bytes,0.0
1791023373,2026-10-03T18:29:33,docker.peer0.org1.example.com.cpu_pct,1.17
1791023373,2026-10-03T18:29:33,docker.peer0.org1.example.com.mem_bytes,52617543.68
1791023373,2026-10-03T18:29:33,docker.peer0.org1.example.com.blk_read_bytes,3760000.0
1791023373,2026-10-03T18:29:33,docker.peer0.org1.example.com.blk_write_bytes,5140000.0
1791023373,2026-10-03T18:29:33,docker.peer0.org2.example.com.cpu_pct,1.31
1791023373,2026-10-03T18:29:33,docker.peer0.org2.example.com.mem_bytes,45298483.2
1791023373,2026-10-03T18:29:33,docker.peer0.org2.example.com.blk_read_bytes,545000.0
1791023373,2026-10-03T18:29:33,docker.peer0.org2.example.com.blk_write_bytes,3610000.0
1791023373,2026-10-03T18:29:33,docker.orderer.example.com.cpu_pct,0.03
1791023373,2026-10-03T18:29:33,docker.orderer.example.com.mem_bytes,27325890.56
1791023373,2026-10-03T18:29:33,docker.orderer.example.com.blk_read_bytes,31400000.0
1791023373,2026-10-03T18:29:33,docker.orderer.example.com.blk_write_bytes,262000.0
1791023373,2026-10-03T18:29:33,wsl.MemTotal_kb,24608408
1791023373,2026-10-03T18:29:33,wsl.MemAvailable_kb,22966712
1791023373,2026-10-03T18:29:33,wsl.SwapTotal_kb,0
1791023373,2026-10-03T18:29:33,wsl.SwapFree_kb,0
1791023373,2026-10-03T18:29:33,wsl.Dirty_kb,128
1791023373,2026-10-03T18:29:33,wsl.load1,12.31
1791023373,2026-10-03T18:29:33,wsl.load5,8.18
1791023373,2026-10-03T18:29:33,host.c_free_bytes,49290874880
1791023373,2026-10-03T18:29:33,host.q_free_bytes,418763845632
1791023373,2026-10-03T18:29:33,host.docker_vhdx_bytes,15592325120
1791023373,2026-10-03T18:29:33,host.ubuntu_vhdx_bytes,212983611392
1791023373,2026-10-03T18:29:33,win.Memory\Available MBytes,90.382116
1791023373,2026-10-03T18:29:33,win.PhysicalDisk(0 C:)\% Disk Time,1674.0
1791023373,2026-10-03T18:29:33,win.PhysicalDisk(1 Q:)\% Disk Time,10.034596
1791023373,2026-10-03T18:29:33,win.PhysicalDisk(_Total)\% Disk Time,0.139364
1791023373,2026-10-03T18:29:33,win.PhysicalDisk(0 C:)\Current Disk Queue Length,5.087111
1791023373,2026-10-03T18:29:33,win.PhysicalDisk(1 Q:)\Current Disk Queue Length,0.0
1791023373,2026-10-03T18:29:33,win.PhysicalDisk(_Total)\Current Disk Queue Length,0.0
1791023373,2026-10-03T18:29:33,win.Process(vmmemWSL)\% Processor Time,0.0
1791023383,2026-10-03T18:29:43,docker.dev-peer0.org1.example.com-saksi-bulletin_1.0-ee3fe73bad456e43adfc5ba27d9e5a60983b69e8496140308fb21061ecb2ff85.cpu_pct,0.0
1791023383,2026-10-03T18:29:43,docker.dev-peer0.org1.example.com-saksi-bulletin_1.0-ee3fe73bad456e43adfc5ba27d9e5a60983b69e8496140308fb21061ecb2ff85.mem_bytes,7045382.144
1791023383,2026-10-03T18:29:43,docker.dev-peer0.org1.example.com-saksi-bulletin_1.0-ee3fe73bad456e43adfc5ba27d9e5a60983b69e8496140308fb21061ecb2ff85.blk_read_bytes,0.0
1791023383,2026-10-03T18:29:43,docker.dev-peer0.org1.example.com-saksi-bulletin_1.0-ee3fe73bad456e43adfc5ba27d9e5a60983b69e8496140308fb21061ecb2ff85.blk_write_bytes,0.0
1791023383,2026-10-03T18:29:43,docker.dev-peer0.org2.example.com-saksi-bulletin_1.0-ee3fe73bad456e43adfc5ba27d9e5a60983b69e8496140308fb21061ecb2ff85.cpu_pct,0.0
1791023383,2026-10-03T18:29:43,docker.dev-peer0.org2.example.com-saksi-bulletin_1.0-ee3fe73bad456e43adfc5ba27d9e5a60983b69e8496140308fb21061ecb2ff85.mem_bytes,7094665.216
1791023383,2026-10-03T18:29:43,docker.dev-peer0.org2.example.com-saksi-bulletin_1.0-ee3fe73bad456e43adfc5ba27d9e5a60983b69e8496140308fb21061ecb2ff85.blk_read_bytes,0.0
1791023383,2026-10-03T18:29:43,docker.dev-peer0.org2.example.com-saksi-bulletin_1.0-ee3fe73bad456e43adfc5ba27d9e5a60983b69e8496140308fb21061ecb2ff85.blk_write_bytes,0.0
1791023383,2026-10-03T18:29:43,docker.peer0.org1.example.com.cpu_pct,1.14
1791023383,2026-10-03T18:29:43,docker.peer0.org1.example.com.mem_bytes,52124712.96
1791023383,2026-10-03T18:29:43,docker.peer0.org1.example.com.blk_read_bytes,3760000.0
1791023383,2026-10-03T18:29:43,docker.peer0.org1.example.com.blk_write_bytes,5140000.0
1791023383,2026-10-03T18:29:43,docker.peer0.org2.example.com.cpu_pct,1.01
1791023383,2026-10-03T18:29:43,docker.peer0.org2.example.com.mem_bytes,45308968.96
1791023383,2026-10-03T18:29:43,docker.peer0.org2.example.com.blk_read_bytes,545000.0
1791023383,2026-10-03T18:29:43,docker.peer0.org2.example.com.blk_write_bytes,3610000.0
1791023383,2026-10-03T18:29:43,docker.orderer.example.com.cpu_pct,0.04
1791023383,2026-10-03T18:29:43,docker.orderer.example.com.mem_bytes,27850178.56
1791023383,2026-10-03T18:29:43,docker.orderer.example.com.blk_read_bytes,31400000.0
1791023383,2026-10-03T18:29:43,docker.orderer.example.com.blk_write_bytes,262000.0
1791023383,2026-10-03T18:29:43,wsl.MemTotal_kb,24608408
1791023383,2026-10-03T18:29:43,wsl.MemAvailable_kb,22959552
1791023383,2026-10-03T18:29:43,wsl.SwapTotal_kb,0
1791023383,2026-10-03T18:29:43,wsl.SwapFree_kb,0
1791023383,2026-10-03T18:29:43,wsl.Dirty_kb,0
1791023383,2026-10-03T18:29:43,wsl.load1,12.95
1791023383,2026-10-03T18:29:43,wsl.load5,8.45
1791023383,2026-10-03T18:29:43,host.c_free_bytes,49291726848
1791023383,2026-10-03T18:29:43,host.q_free_bytes,418763845632
1791023383,2026-10-03T18:29:43,host.docker_vhdx_bytes,15592325120
1791023383,2026-10-03T18:29:43,host.ubuntu_vhdx_bytes,212983611392
1791023383,2026-10-03T18:29:43,win.Memory\Available MBytes,89.938438
1791023383,2026-10-03T18:29:43,win.PhysicalDisk(0 C:)\% Disk Time,1655.0
1791023383,2026-10-03T18:29:43,win.PhysicalDisk(1 Q:)\% Disk Time,1.922418
1791023383,2026-10-03T18:29:43,win.PhysicalDisk(_Total)\% Disk Time,0.0
1791023383,2026-10-03T18:29:43,win.PhysicalDisk(0 C:)\Current Disk Queue Length,0.96121
1791023383,2026-10-03T18:29:43,win.PhysicalDisk(1 Q:)\Current Disk Queue Length,0.0
1791023383,2026-10-03T18:29:43,win.PhysicalDisk(_Total)\Current Disk Queue Length,0.0
1791023383,2026-10-03T18:29:43,win.Process(vmmemWSL)\% Processor Time,0.0
1791023393,2026-10-03T18:29:53,docker.dev-peer0.org1.example.com-saksi-bulletin_1.0-ee3fe73bad456e43adfc5ba27d9e5a60983b69e8496140308fb21061ecb2ff85.cpu_pct,0.0
1791023393,2026-10-03T18:29:53,docker.dev-peer0.org1.example.com-saksi-bulletin_1.0-ee3fe73bad456e43adfc5ba27d9e5a60983b69e8496140308fb21061ecb2ff85.mem_bytes,7045382.144
1791023393,2026-10-03T18:29:53,docker.dev-peer0.org1.example.com-saksi-bulletin_1.0-ee3fe73bad456e43adfc5ba27d9e5a60983b69e8496140308fb21061ecb2ff85.blk_read_bytes,0.0
1791023393,2026-10-03T18:29:53,docker.dev-peer0.org1.example.com-saksi-bulletin_1.0-ee3fe73bad456e43adfc5ba27d9e5a60983b69e8496140308fb21061ecb2ff85.blk_write_bytes,0.0
1791023393,2026-10-03T18:29:53,docker.dev-peer0.org2.example.com-saksi-bulletin_1.0-ee3fe73bad456e43adfc5ba27d9e5a60983b69e8496140308fb21061ecb2ff85.cpu_pct,0.0
1791023393,2026-10-03T18:29:53,docker.dev-peer0.org2.example.com-saksi-bulletin_1.0-ee3fe73bad456e43adfc5ba27d9e5a60983b69e8496140308fb21061ecb2ff85.mem_bytes,6836715.52
1791023393,2026-10-03T18:29:53,docker.dev-peer0.org2.example.com-saksi-bulletin_1.0-ee3fe73bad456e43adfc5ba27d9e5a60983b69e8496140308fb21061ecb2ff85.blk_read_bytes,0.0
1791023393,2026-10-03T18:29:53,docker.dev-peer0.org2.example.com-saksi-bulletin_1.0-ee3fe73bad456e43adfc5ba27d9e5a60983b69e8496140308fb21061ecb2ff85.blk_write_bytes,0.0
1791023393,2026-10-03T18:29:53,docker.peer0.org1.example.com.cpu_pct,2.04
1791023393,2026-10-03T18:29:53,docker.peer0.org1.example.com.mem_bytes,52124712.96
1791023393,2026-10-03T18:29:53,docker.peer0.org1.example.com.blk_read_bytes,3760000.0
1791023393,2026-10-03T18:29:53,docker.peer0.org1.example.com.blk_write_bytes,5140000.0
1791023393,2026-10-03T18:29:53,docker.peer0.org2.example.com.cpu_pct,1.27
1791023393,2026-10-03T18:29:53,docker.peer0.org2.example.com.mem_bytes,45571112.96
1791023393,2026-10-03T18:29:53,docker.peer0.org2.example.com.blk_read_bytes,545000.0
1791023393,2026-10-03T18:29:53,docker.peer0.org2.example.com.blk_write_bytes,3610000.0
1791023393,2026-10-03T18:29:53,docker.orderer.example.com.cpu_pct,0.03
1791023393,2026-10-03T18:29:53,docker.orderer.example.com.mem_bytes,27346862.08
1791023393,2026-10-03T18:29:53,docker.orderer.example.com.blk_read_bytes,31400000.0
1791023393,2026-10-03T18:29:53,docker.orderer.example.com.blk_write_bytes,262000.0
1791023393,2026-10-03T18:29:53,wsl.MemTotal_kb,24608408
1791023393,2026-10-03T18:29:53,wsl.MemAvailable_kb,22998432
1791023393,2026-10-03T18:29:53,wsl.SwapTotal_kb,0
1791023393,2026-10-03T18:29:53,wsl.SwapFree_kb,0
1791023393,2026-10-03T18:29:53,wsl.Dirty_kb,24
1791023393,2026-10-03T18:29:53,wsl.load1,13.42
1791023393,2026-10-03T18:29:53,wsl.load5,8.7
1791023393,2026-10-03T18:29:53,host.c_free_bytes,49291268096
1791023393,2026-10-03T18:29:53,host.q_free_bytes,418763845632
1791023393,2026-10-03T18:29:53,host.docker_vhdx_bytes,15592325120
1791023393,2026-10-03T18:29:53,host.ubuntu_vhdx_bytes,212983611392
1791023393,2026-10-03T18:29:53,win.Memory\Available MBytes,90.057694
1791023393,2026-10-03T18:29:53,win.PhysicalDisk(0 C:)\% Disk Time,1664.0
1791023393,2026-10-03T18:29:53,win.PhysicalDisk(1 Q:)\% Disk Time,2.722076
1791023393,2026-10-03T18:29:53,win.PhysicalDisk(_Total)\% Disk Time,0.0
1791023393,2026-10-03T18:29:53,win.PhysicalDisk(0 C:)\Current Disk Queue Length,1.361038
1791023393,2026-10-03T18:29:53,win.PhysicalDisk(1 Q:)\Current Disk Queue Length,0.0
1791023393,2026-10-03T18:29:53,win.PhysicalDisk(_Total)\Current Disk Queue Length,0.0
1791023393,2026-10-03T18:29:53,win.Process(vmmemWSL)\% Processor Time,0.0
1791023403,2026-10-03T18:30:03,docker.dev-peer0.org1.example.com-saksi-bulletin_1.0-ee3fe73bad456e43adfc5ba27d9e5a60983b69e8496140308fb21061ecb2ff85.cpu_pct,0.0
1791023403,2026-10-03T18:30:03,docker.dev-peer0.org1.example.com-saksi-bulletin_1.0-ee3fe73bad456e43adfc5ba27d9e5a60983b69e8496140308fb21061ecb2ff85.mem_bytes,7045382.144
1791023403,2026-10-03T18:30:03,docker.dev-peer0.org1.example.com-saksi-bulletin_1.0-ee3fe73bad456e43adfc5ba27d9e5a60983b69e8496140308fb21061ecb2ff85.blk_read_bytes,0.0
1791023403,2026-10-03T18:30:03,docker.dev-peer0.org1.example.com-saksi-bulletin_1.0-ee3fe73bad456e43adfc5ba27d9e5a60983b69e8496140308fb21061ecb2ff85.blk_write_bytes,0.0
1791023403,2026-10-03T18:30:03,docker.dev-peer0.org2.example.com-saksi-bulletin_1.0-ee3fe73bad456e43adfc5ba27d9e5a60983b69e8496140308fb21061ecb2ff85.cpu_pct,0.0
1791023403,2026-10-03T18:30:03,docker.dev-peer0.org2.example.com-saksi-bulletin_1.0-ee3fe73bad456e43adfc5ba27d9e5a60983b69e8496140308fb21061ecb2ff85.mem_bytes,6836715.52
1791023403,2026-10-03T18:30:03,docker.dev-peer0.org2.example.com-saksi-bulletin_1.0-ee3fe73bad456e43adfc5ba27d9e5a60983b69e8496140308fb21061ecb2ff85.blk_read_bytes,0.0
1791023403,2026-10-03T18:30:03,docker.dev-peer0.org2.example.com-saksi-bulletin_1.0-ee3fe73bad456e43adfc5ba27d9e5a60983b69e8496140308fb21061ecb2ff85.blk_write_bytes,0.0
1791023403,2026-10-03T18:30:03,docker.peer0.org1.example.com.cpu_pct,1.01
1791023403,2026-10-03T18:30:03,docker.peer0.org1.example.com.mem_bytes,51925483.52
1791023403,2026-10-03T18:30:03,docker.peer0.org1.example.com.blk_read_bytes,3760000.0
1791023403,2026-10-03T18:30:03,docker.peer0.org1.example.com.blk_write_bytes,5140000.0
1791023403,2026-10-03T18:30:03,docker.peer0.org2.example.com.cpu_pct,1.11
1791023403,2026-10-03T18:30:03,docker.peer0.org2.example.com.mem_bytes,45560627.2
1791023403,2026-10-03T18:30:03,docker.peer0.org2.example.com.blk_read_bytes,545000.0
1791023403,2026-10-03T18:30:03,docker.peer0.org2.example.com.blk_write_bytes,3610000.0
1791023403,2026-10-03T18:30:03,docker.orderer.example.com.cpu_pct,0.03
1791023403,2026-10-03T18:30:03,docker.orderer.example.com.mem_bytes,27095203.84
1791023403,2026-10-03T18:30:03,docker.orderer.example.com.blk_read_bytes,31400000.0
1791023403,2026-10-03T18:30:03,docker.orderer.example.com.blk_write_bytes,262000.0
1791023403,2026-10-03T18:30:03,wsl.MemTotal_kb,24608408
1791023403,2026-10-03T18:30:03,wsl.MemAvailable_kb,22981984
1791023403,2026-10-03T18:30:03,wsl.SwapTotal_kb,0
1791023403,2026-10-03T18:30:03,wsl.SwapFree_kb,0
1791023403,2026-10-03T18:30:03,wsl.Dirty_kb,24
1791023403,2026-10-03T18:30:03,wsl.load1,13.96
1791023403,2026-10-03T18:30:03,wsl.load5,8.97
1791023403,2026-10-03T18:30:03,host.c_free_bytes,49292054528
1791023403,2026-10-03T18:30:03,host.q_free_bytes,418763845632
1791023403,2026-10-03T18:30:03,host.docker_vhdx_bytes,15592325120
1791023403,2026-10-03T18:30:03,host.ubuntu_vhdx_bytes,212983611392
1791023403,2026-10-03T18:30:03,win.Memory\Available MBytes,90.052206
1791023403,2026-10-03T18:30:03,win.PhysicalDisk(0 C:)\% Disk Time,1639.0
1791023403,2026-10-03T18:30:03,win.PhysicalDisk(1 Q:)\% Disk Time,2.519053
1791023403,2026-10-03T18:30:03,win.PhysicalDisk(_Total)\% Disk Time,0.0
1791023403,2026-10-03T18:30:03,win.PhysicalDisk(0 C:)\Current Disk Queue Length,1.259526
1791023403,2026-10-03T18:30:03,win.PhysicalDisk(1 Q:)\Current Disk Queue Length,0.0
1791023403,2026-10-03T18:30:03,win.PhysicalDisk(_Total)\Current Disk Queue Length,0.0
1791023403,2026-10-03T18:30:03,win.Process(vmmemWSL)\% Processor Time,0.0
1791023413,2026-10-03T18:30:13,docker.dev-peer0.org1.example.com-saksi-bulletin_1.0-ee3fe73bad456e43adfc5ba27d9e5a60983b69e8496140308fb21061ecb2ff85.cpu_pct,0.0
1791023413,2026-10-03T18:30:13,docker.dev-peer0.org1.example.com-saksi-bulletin_1.0-ee3fe73bad456e43adfc5ba27d9e5a60983b69e8496140308fb21061ecb2ff85.mem_bytes,7045382.144
1791023413,2026-10-03T18:30:13,docker.dev-peer0.org1.example.com-saksi-bulletin_1.0-ee3fe73bad456e43adfc5ba27d9e5a60983b69e8496140308fb21061ecb2ff85.blk_read_bytes,0.0
1791023413,2026-10-03T18:30:13,docker.dev-peer0.org1.example.com-saksi-bulletin_1.0-ee3fe73bad456e43adfc5ba27d9e5a60983b69e8496140308fb21061ecb2ff85.blk_write_bytes,0.0
1791023413,2026-10-03T18:30:13,docker.dev-peer0.org2.example.com-saksi-bulletin_1.0-ee3fe73bad456e43adfc5ba27d9e5a60983b69e8496140308fb21061ecb2ff85.cpu_pct,0.0
1791023413,2026-10-03T18:30:13,docker.dev-peer0.org2.example.com-saksi-bulletin_1.0-ee3fe73bad456e43adfc5ba27d9e5a60983b69e8496140308fb21061ecb2ff85.mem_bytes,6836715.52
1791023413,2026-10-03T18:30:13,docker.dev-peer0.org2.example.com-saksi-bulletin_1.0-ee3fe73bad456e43adfc5ba27d9e5a60983b69e8496140308fb21061ecb2ff85.blk_read_bytes,0.0
1791023413,2026-10-03T18:30:13,docker.dev-peer0.org2.example.com-saksi-bulletin_1.0-ee3fe73bad456e43adfc5ba27d9e5a60983b69e8496140308fb21061ecb2ff85.blk_write_bytes,0.0
1791023413,2026-10-03T18:30:13,docker.peer0.org1.example.com.cpu_pct,1.23
1791023413,2026-10-03T18:30:13,docker.peer0.org1.example.com.mem_bytes,52187627.52
1791023413,2026-10-03T18:30:13,docker.peer0.org1.example.com.blk_read_bytes,3760000.0
1791023413,2026-10-03T18:30:13,docker.peer0.org1.example.com.blk_write_bytes,5140000.0
1791023413,2026-10-03T18:30:13,docker.peer0.org2.example.com.cpu_pct,1.26
1791023413,2026-10-03T18:30:13,docker.peer0.org2.example.com.mem_bytes,45812285.44
1791023413,2026-10-03T18:30:13,docker.peer0.org2.example.com.blk_read_bytes,545000.0
1791023413,2026-10-03T18:30:13,docker.peer0.org2.example.com.blk_write_bytes,3610000.0
1791023413,2026-10-03T18:30:13,docker.orderer.example.com.cpu_pct,0.03
1791023413,2026-10-03T18:30:13,docker.orderer.example.com.mem_bytes,27095203.84
1791023413,2026-10-03T18:30:13,docker.orderer.example.com.blk_read_bytes,31400000.0
1791023413,2026-10-03T18:30:13,docker.orderer.example.com.blk_write_bytes,262000.0
1791023413,2026-10-03T18:30:13,wsl.MemTotal_kb,24608408
1791023413,2026-10-03T18:30:13,wsl.MemAvailable_kb,22972584
1791023413,2026-10-03T18:30:13,wsl.SwapTotal_kb,0
1791023413,2026-10-03T18:30:13,wsl.SwapFree_kb,0
1791023413,2026-10-03T18:30:13,wsl.Dirty_kb,124
1791023413,2026-10-03T18:30:13,wsl.load1,13.17
1791023413,2026-10-03T18:30:13,wsl.load5,8.96
1791023413,2026-10-03T18:30:13,host.c_free_bytes,49291661312
1791023413,2026-10-03T18:30:13,host.q_free_bytes,418763845632
1791023413,2026-10-03T18:30:13,host.docker_vhdx_bytes,15592325120
1791023413,2026-10-03T18:30:13,host.ubuntu_vhdx_bytes,212983611392
1791023413,2026-10-03T18:30:13,win.Memory\Available MBytes,89.116113
1791023413,2026-10-03T18:30:13,win.PhysicalDisk(0 C:)\% Disk Time,1611.0
1791023413,2026-10-03T18:30:13,win.PhysicalDisk(1 Q:)\% Disk Time,3.075132
1791023413,2026-10-03T18:30:13,win.PhysicalDisk(_Total)\% Disk Time,0.0
1791023413,2026-10-03T18:30:13,win.PhysicalDisk(0 C:)\Current Disk Queue Length,1.537566
1791023413,2026-10-03T18:30:13,win.PhysicalDisk(1 Q:)\Current Disk Queue Length,0.0
1791023413,2026-10-03T18:30:13,win.PhysicalDisk(_Total)\Current Disk Queue Length,0.0
1791023413,2026-10-03T18:30:13,win.Process(vmmemWSL)\% Processor Time,0.0
1791023423,2026-10-03T18:30:23,docker.dev-peer0.org1.example.com-saksi-bulletin_1.0-ee3fe73bad456e43adfc5ba27d9e5a60983b69e8496140308fb21061ecb2ff85.cpu_pct,0.0
1791023423,2026-10-03T18:30:23,docker.dev-peer0.org1.example.com-saksi-bulletin_1.0-ee3fe73bad456e43adfc5ba27d9e5a60983b69e8496140308fb21061ecb2ff85.mem_bytes,7045382.144
1791023423,2026-10-03T18:30:23,docker.dev-peer0.org1.example.com-saksi-bulletin_1.0-ee3fe73bad456e43adfc5ba27d9e5a60983b69e8496140308fb21061ecb2ff85.blk_read_bytes,0.0
1791023423,2026-10-03T18:30:23,docker.dev-peer0.org1.example.com-saksi-bulletin_1.0-ee3fe73bad456e43adfc5ba27d9e5a60983b69e8496140308fb21061ecb2ff85.blk_write_bytes,0.0
1791023423,2026-10-03T18:30:23,docker.dev-peer0.org2.example.com-saksi-bulletin_1.0-ee3fe73bad456e43adfc5ba27d9e5a60983b69e8496140308fb21061ecb2ff85.cpu_pct,0.0
1791023423,2026-10-03T18:30:23,docker.dev-peer0.org2.example.com-saksi-bulletin_1.0-ee3fe73bad456e43adfc5ba27d9e5a60983b69e8496140308fb21061ecb2ff85.mem_bytes,6836715.52
1791023423,2026-10-03T18:30:23,docker.dev-peer0.org2.example.com-saksi-bulletin_1.0-ee3fe73bad456e43adfc5ba27d9e5a60983b69e8496140308fb21061ecb2ff85.blk_read_bytes,0.0
1791023423,2026-10-03T18:30:23,docker.dev-peer0.org2.example.com-saksi-bulletin_1.0-ee3fe73bad456e43adfc5ba27d9e5a60983b69e8496140308fb21061ecb2ff85.blk_write_bytes,0.0
1791023423,2026-10-03T18:30:23,docker.peer0.org1.example.com.cpu_pct,0.98
1791023423,2026-10-03T18:30:23,docker.peer0.org1.example.com.mem_bytes,52449771.52
1791023423,2026-10-03T18:30:23,docker.peer0.org1.example.com.blk_read_bytes,3760000.0
1791023423,2026-10-03T18:30:23,docker.peer0.org1.example.com.blk_write_bytes,5140000.0
1791023423,2026-10-03T18:30:23,docker.peer0.org2.example.com.cpu_pct,1.46
1791023423,2026-10-03T18:30:23,docker.peer0.org2.example.com.mem_bytes,46084915.2
1791023423,2026-10-03T18:30:23,docker.peer0.org2.example.com.blk_read_bytes,545000.0
1791023423,2026-10-03T18:30:23,docker.peer0.org2.example.com.blk_write_bytes,3610000.0
1791023423,2026-10-03T18:30:23,docker.orderer.example.com.cpu_pct,0.04
1791023423,2026-10-03T18:30:23,docker.orderer.example.com.mem_bytes,27357347.84
1791023423,2026-10-03T18:30:23,docker.orderer.example.com.blk_read_bytes,31400000.0
1791023423,2026-10-03T18:30:23,docker.orderer.example.com.blk_write_bytes,262000.0
1791023423,2026-10-03T18:30:23,wsl.MemTotal_kb,24608408
1791023423,2026-10-03T18:30:23,wsl.MemAvailable_kb,22965636
1791023423,2026-10-03T18:30:23,wsl.SwapTotal_kb,0
1791023423,2026-10-03T18:30:23,wsl.SwapFree_kb,0
1791023423,2026-10-03T18:30:23,wsl.Dirty_kb,92
1791023423,2026-10-03T18:30:23,wsl.load1,13.4
1791023423,2026-10-03T18:30:23,wsl.load5,9.08
1791023423,2026-10-03T18:30:23,host.c_free_bytes,49291333632
1791023423,2026-10-03T18:30:23,host.q_free_bytes,418763845632
1791023423,2026-10-03T18:30:23,host.docker_vhdx_bytes,15592325120
1791023423,2026-10-03T18:30:23,host.ubuntu_vhdx_bytes,212983611392
1791023423,2026-10-03T18:30:23,win.Memory\Available MBytes,90.19884
1791023423,2026-10-03T18:30:23,win.PhysicalDisk(0 C:)\% Disk Time,1622.0
1791023423,2026-10-03T18:30:23,win.PhysicalDisk(1 Q:)\% Disk Time,2.20827
1791023423,2026-10-03T18:30:23,win.PhysicalDisk(_Total)\% Disk Time,0.0
1791023423,2026-10-03T18:30:23,win.PhysicalDisk(0 C:)\Current Disk Queue Length,1.104134
1791023423,2026-10-03T18:30:23,win.PhysicalDisk(1 Q:)\Current Disk Queue Length,0.0
1791023423,2026-10-03T18:30:23,win.PhysicalDisk(_Total)\Current Disk Queue Length,0.0
1791023423,2026-10-03T18:30:23,win.Process(vmmemWSL)\% Processor Time,0.0
1791023433,2026-10-03T18:30:33,docker.dev-peer0.org1.example.com-saksi-bulletin_1.0-ee3fe73bad456e43adfc5ba27d9e5a60983b69e8496140308fb21061ecb2ff85.cpu_pct,0.0
1791023433,2026-10-03T18:30:33,docker.dev-peer0.org1.example.com-saksi-bulletin_1.0-ee3fe73bad456e43adfc5ba27d9e5a60983b69e8496140308fb21061ecb2ff85.mem_bytes,7045382.144
1791023433,2026-10-03T18:30:33,docker.dev-peer0.org1.example.com-saksi-bulletin_1.0-ee3fe73bad456e43adfc5ba27d9e5a60983b69e8496140308fb21061ecb2ff85.blk_read_bytes,0.0
1791023433,2026-10-03T18:30:33,docker.dev-peer0.org1.example.com-saksi-bulletin_1.0-ee3fe73bad456e43adfc5ba27d9e5a60983b69e8496140308fb21061ecb2ff85.blk_write_bytes,0.0
1791023433,2026-10-03T18:30:33,docker.dev-peer0.org2.example.com-saksi-bulletin_1.0-ee3fe73bad456e43adfc5ba27d9e5a60983b69e8496140308fb21061ecb2ff85.cpu_pct,0.0
1791023433,2026-10-03T18:30:33,docker.dev-peer0.org2.example.com-saksi-bulletin_1.0-ee3fe73bad456e43adfc5ba27d9e5a60983b69e8496140308fb21061ecb2ff85.mem_bytes,6836715.52
1791023433,2026-10-03T18:30:33,docker.dev-peer0.org2.example.com-saksi-bulletin_1.0-ee3fe73bad456e43adfc5ba27d9e5a60983b69e8496140308fb21061ecb2ff85.blk_read_bytes,0.0
1791023433,2026-10-03T18:30:33,docker.dev-peer0.org2.example.com-saksi-bulletin_1.0-ee3fe73bad456e43adfc5ba27d9e5a60983b69e8496140308fb21061ecb2ff85.blk_write_bytes,0.0
1791023433,2026-10-03T18:30:33,docker.peer0.org1.example.com.cpu_pct,1.19
1791023433,2026-10-03T18:30:33,docker.peer0.org1.example.com.mem_bytes,52156170.24
1791023433,2026-10-03T18:30:33,docker.peer0.org1.example.com.blk_read_bytes,3760000.0
1791023433,2026-10-03T18:30:33,docker.peer0.org1.example.com.blk_write_bytes,5140000.0
1791023433,2026-10-03T18:30:33,docker.peer0.org2.example.com.cpu_pct,1.18
1791023433,2026-10-03T18:30:33,docker.peer0.org2.example.com.mem_bytes,46063943.68
1791023433,2026-10-03T18:30:33,docker.peer0.org2.example.com.blk_read_bytes,545000.0
1791023433,2026-10-03T18:30:33,docker.peer0.org2.example.com.blk_write_bytes,3610000.0
1791023433,2026-10-03T18:30:33,docker.orderer.example.com.cpu_pct,0.03
1791023433,2026-10-03T18:30:33,docker.orderer.example.com.mem_bytes,27357347.84
1791023433,2026-10-03T18:30:33,docker.orderer.example.com.blk_read_bytes,31400000.0
1791023433,2026-10-03T18:30:33,docker.orderer.example.com.blk_write_bytes,262000.0
1791023433,2026-10-03T18:30:33,wsl.MemTotal_kb,24608408
1791023433,2026-10-03T18:30:33,wsl.MemAvailable_kb,22961988
1791023433,2026-10-03T18:30:33,wsl.SwapTotal_kb,0
1791023433,2026-10-03T18:30:33,wsl.SwapFree_kb,0
1791023433,2026-10-03T18:30:33,wsl.Dirty_kb,116
1791023433,2026-10-03T18:30:33,wsl.load1,13.12
1791023433,2026-10-03T18:30:33,wsl.load5,9.21
1791023433,2026-10-03T18:30:33,host.c_free_bytes,49290874880
1791023433,2026-10-03T18:30:33,host.q_free_bytes,418763845632
1791023433,2026-10-03T18:30:33,host.docker_vhdx_bytes,15592325120
1791023433,2026-10-03T18:30:33,host.ubuntu_vhdx_bytes,212983611392
1791023433,2026-10-03T18:30:33,win.Memory\Available MBytes,89.383728
1791023433,2026-10-03T18:30:33,win.PhysicalDisk(0 C:)\% Disk Time,1609.0
1791023433,2026-10-03T18:30:33,win.PhysicalDisk(1 Q:)\% Disk Time,3.201432
1791023433,2026-10-03T18:30:33,win.PhysicalDisk(_Total)\% Disk Time,0.0
1791023433,2026-10-03T18:30:33,win.PhysicalDisk(0 C:)\Current Disk Queue Length,1.600716
1791023433,2026-10-03T18:30:33,win.PhysicalDisk(1 Q:)\Current Disk Queue Length,0.0
1791023433,2026-10-03T18:30:33,win.PhysicalDisk(_Total)\Current Disk Queue Length,0.0
1791023433,2026-10-03T18:30:33,win.Process(vmmemWSL)\% Processor Time,0.0
1791023443,2026-10-03T18:30:43,docker.dev-peer0.org1.example.com-saksi-bulletin_1.0-ee3fe73bad456e43adfc5ba27d9e5a60983b69e8496140308fb21061ecb2ff85.cpu_pct,0.0
1791023443,2026-10-03T18:30:43,docker.dev-peer0.org1.example.com-saksi-bulletin_1.0-ee3fe73bad456e43adfc5ba27d9e5a60983b69e8496140308fb21061ecb2ff85.mem_bytes,7045382.144
1791023443,2026-10-03T18:30:43,docker.dev-peer0.org1.example.com-saksi-bulletin_1.0-ee3fe73bad456e43adfc5ba27d9e5a60983b69e8496140308fb21061ecb2ff85.blk_read_bytes,0.0
1791023443,2026-10-03T18:30:43,docker.dev-peer0.org1.example.com-saksi-bulletin_1.0-ee3fe73bad456e43adfc5ba27d9e5a60983b69e8496140308fb21061ecb2ff85.blk_write_bytes,0.0
1791023443,2026-10-03T18:30:43,docker.dev-peer0.org2.example.com-saksi-bulletin_1.0-ee3fe73bad456e43adfc5ba27d9e5a60983b69e8496140308fb21061ecb2ff85.cpu_pct,0.0
1791023443,2026-10-03T18:30:43,docker.dev-peer0.org2.example.com-saksi-bulletin_1.0-ee3fe73bad456e43adfc5ba27d9e5a60983b69e8496140308fb21061ecb2ff85.mem_bytes,7361003.52
1791023443,2026-10-03T18:30:43,docker.dev-peer0.org2.example.com-saksi-bulletin_1.0-ee3fe73bad456e43adfc5ba27d9e5a60983b69e8496140308fb21061ecb2ff85.blk_read_bytes,0.0
1791023443,2026-10-03T18:30:43,docker.dev-peer0.org2.example.com-saksi-bulletin_1.0-ee3fe73bad456e43adfc5ba27d9e5a60983b69e8496140308fb21061ecb2ff85.blk_write_bytes,0.0
1791023443,2026-10-03T18:30:43,docker.peer0.org1.example.com.cpu_pct,0.98
1791023443,2026-10-03T18:30:43,docker.peer0.org1.example.com.mem_bytes,52166656.0
1791023443,2026-10-03T18:30:43,docker.peer0.org1.example.com.blk_read_bytes,3760000.0
1791023443,2026-10-03T18:30:43,docker.peer0.org1.example.com.blk_write_bytes,5140000.0
1791023443,2026-10-03T18:30:43,docker.peer0.org2.example.com.cpu_pct,1.03
1791023443,2026-10-03T18:30:43,docker.peer0.org2.example.com.mem_bytes,45822771.2
1791023443,2026-10-03T18:30:43,docker.peer0.org2.example.com.blk_read_bytes,545000.0
1791023443,2026-10-03T18:30:43,docker.peer0.org2.example.com.blk_write_bytes,3610000.0
1791023443,2026-10-03T18:30:43,docker.orderer.example.com.cpu_pct,0.05
1791023443,2026-10-03T18:30:43,docker.orderer.example.com.mem_bytes,27609006.08
1791023443,2026-10-03T18:30:43,docker.orderer.example.com.blk_read_bytes,31400000.0
1791023443,2026-10-03T18:30:43,docker.orderer.example.com.blk_write_bytes,262000.0
1791023443,2026-10-03T18:30:43,wsl.MemTotal_kb,24608408
1791023443,2026-10-03T18:30:43,wsl.MemAvailable_kb,22955700
1791023443,2026-10-03T18:30:43,wsl.SwapTotal_kb,0
1791023443,2026-10-03T18:30:43,wsl.SwapFree_kb,0
1791023443,2026-10-03T18:30:43,wsl.Dirty_kb,32
1791023443,2026-10-03T18:30:43,wsl.load1,12.46
1791023443,2026-10-03T18:30:43,wsl.load5,9.19
1791023443,2026-10-03T18:30:43,host.c_free_bytes,49290547200
1791023443,2026-10-03T18:30:43,host.q_free_bytes,418763845632
1791023443,2026-10-03T18:30:43,host.docker_vhdx_bytes,15592325120
1791023443,2026-10-03T18:30:43,host.ubuntu_vhdx_bytes,212983611392
1791023443,2026-10-03T18:30:43,win.Memory\Available MBytes,89.81373
1791023443,2026-10-03T18:30:43,win.PhysicalDisk(0 C:)\% Disk Time,1566.0
1791023443,2026-10-03T18:30:43,win.PhysicalDisk(1 Q:)\% Disk Time,8.696328
1791023443,2026-10-03T18:30:43,win.PhysicalDisk(_Total)\% Disk Time,0.0
1791023443,2026-10-03T18:30:43,win.PhysicalDisk(0 C:)\Current Disk Queue Length,4.348164
1791023443,2026-10-03T18:30:43,win.PhysicalDisk(1 Q:)\Current Disk Queue Length,0.0
1791023443,2026-10-03T18:30:43,win.PhysicalDisk(_Total)\Current Disk Queue Length,0.0
1791023443,2026-10-03T18:30:43,win.Process(vmmemWSL)\% Processor Time,0.0
1791023453,2026-10-03T18:30:53,docker.dev-peer0.org1.example.com-saksi-bulletin_1.0-ee3fe73bad456e43adfc5ba27d9e5a60983b69e8496140308fb21061ecb2ff85.cpu_pct,0.0
1791023453,2026-10-03T18:30:53,docker.dev-peer0.org1.example.com-saksi-bulletin_1.0-ee3fe73bad456e43adfc5ba27d9e5a60983b69e8496140308fb21061ecb2ff85.mem_bytes,7045382.144
1791023453,2026-10-03T18:30:53,docker.dev-peer0.org1.example.com-saksi-bulletin_1.0-ee3fe73bad456e43adfc5ba27d9e5a60983b69e8496140308fb21061ecb2ff85.blk_read_bytes,0.0
1791023453,2026-10-03T18:30:53,docker.dev-peer0.org1.example.com-saksi-bulletin_1.0-ee3fe73bad456e43adfc5ba27d9e5a60983b69e8496140308fb21061ecb2ff85.blk_write_bytes,0.0
1791023453,2026-10-03T18:30:53,docker.dev-peer0.org2.example.com-saksi-bulletin_1.0-ee3fe73bad456e43adfc5ba27d9e5a60983b69e8496140308fb21061ecb2ff85.cpu_pct,0.0
1791023453,2026-10-03T18:30:53,docker.dev-peer0.org2.example.com-saksi-bulletin_1.0-ee3fe73bad456e43adfc5ba27d9e5a60983b69e8496140308fb21061ecb2ff85.mem_bytes,7102005.248
1791023453,2026-10-03T18:30:53,docker.dev-peer0.org2.example.com-saksi-bulletin_1.0-ee3fe73bad456e43adfc5ba27d9e5a60983b69e8496140308fb21061ecb2ff85.blk_read_bytes,0.0
1791023453,2026-10-03T18:30:53,docker.dev-peer0.org2.example.com-saksi-bulletin_1.0-ee3fe73bad456e43adfc5ba27d9e5a60983b69e8496140308fb21061ecb2ff85.blk_write_bytes,0.0
1791023453,2026-10-03T18:30:53,docker.peer0.org1.example.com.cpu_pct,1.26
1791023453,2026-10-03T18:30:53,docker.peer0.org1.example.com.mem_bytes,52166656.0
1791023453,2026-10-03T18:30:53,docker.peer0.org1.example.com.blk_read_bytes,3760000.0
1791023453,2026-10-03T18:30:53,docker.peer0.org1.example.com.blk_write_bytes,5140000.0
1791023453,2026-10-03T18:30:53,docker.peer0.org2.example.com.cpu_pct,1.41
1791023453,2026-10-03T18:30:53,docker.peer0.org2.example.com.mem_bytes,45812285.44
1791023453,2026-10-03T18:30:53,docker.peer0.org2.example.com.blk_read_bytes,545000.0
1791023453,2026-10-03T18:30:53,docker.peer0.org2.example.com.blk_write_bytes,3610000.0
1791023453,2026-10-03T18:30:53,docker.orderer.example.com.cpu_pct,0.03
1791023453,2026-10-03T18:30:53,docker.orderer.example.com.mem_bytes,27084718.08
1791023453,2026-10-03T18:30:53,docker.orderer.example.com.blk_read_bytes,31400000.0
1791023453,2026-10-03T18:30:53,docker.orderer.example.com.blk_write_bytes,262000.0
1791023453,2026-10-03T18:30:53,wsl.MemTotal_kb,24608408
1791023453,2026-10-03T18:30:53,wsl.MemAvailable_kb,22946392
1791023453,2026-10-03T18:30:53,wsl.SwapTotal_kb,0
1791023453,2026-10-03T18:30:53,wsl.SwapFree_kb,0
1791023453,2026-10-03T18:30:53,wsl.Dirty_kb,32
1791023453,2026-10-03T18:30:53,wsl.load1,13.0
1791023453,2026-10-03T18:30:53,wsl.load5,9.41
1791023453,2026-10-03T18:30:53,host.c_free_bytes,49292185600
1791023453,2026-10-03T18:30:53,host.q_free_bytes,418763845632
1791023453,2026-10-03T18:30:53,host.docker_vhdx_bytes,15592325120
1791023453,2026-10-03T18:30:53,host.ubuntu_vhdx_bytes,212983611392
1791023453,2026-10-03T18:30:53,win.Memory\Available MBytes,90.134425
1791023453,2026-10-03T18:30:53,win.PhysicalDisk(0 C:)\% Disk Time,1604.0
1791023453,2026-10-03T18:30:53,win.PhysicalDisk(1 Q:)\% Disk Time,2.426918
1791023453,2026-10-03T18:30:53,win.PhysicalDisk(_Total)\% Disk Time,0.0
1791023453,2026-10-03T18:30:53,win.PhysicalDisk(0 C:)\Current Disk Queue Length,1.213459
1791023453,2026-10-03T18:30:53,win.PhysicalDisk(1 Q:)\Current Disk Queue Length,0.0
1791023453,2026-10-03T18:30:53,win.PhysicalDisk(_Total)\Current Disk Queue Length,0.0
1791023453,2026-10-03T18:30:53,win.Process(vmmemWSL)\% Processor Time,0.0
1791023463,2026-10-03T18:31:03,docker.dev-peer0.org1.example.com-saksi-bulletin_1.0-ee3fe73bad456e43adfc5ba27d9e5a60983b69e8496140308fb21061ecb2ff85.cpu_pct,0.0
1791023463,2026-10-03T18:31:03,docker.dev-peer0.org1.example.com-saksi-bulletin_1.0-ee3fe73bad456e43adfc5ba27d9e5a60983b69e8496140308fb21061ecb2ff85.mem_bytes,7045382.144
1791023463,2026-10-03T18:31:03,docker.dev-peer0.org1.example.com-saksi-bulletin_1.0-ee3fe73bad456e43adfc5ba27d9e5a60983b69e8496140308fb21061ecb2ff85.blk_read_bytes,0.0
1791023463,2026-10-03T18:31:03,docker.dev-peer0.org1.example.com-saksi-bulletin_1.0-ee3fe73bad456e43adfc5ba27d9e5a60983b69e8496140308fb21061ecb2ff85.blk_write_bytes,0.0
1791023463,2026-10-03T18:31:03,docker.dev-peer0.org2.example.com-saksi-bulletin_1.0-ee3fe73bad456e43adfc5ba27d9e5a60983b69e8496140308fb21061ecb2ff85.cpu_pct,0.0
1791023463,2026-10-03T18:31:03,docker.dev-peer0.org2.example.com-saksi-bulletin_1.0-ee3fe73bad456e43adfc5ba27d9e5a60983b69e8496140308fb21061ecb2ff85.mem_bytes,7102005.248
1791023463,2026-10-03T18:31:03,docker.dev-peer0.org2.example.com-saksi-bulletin_1.0-ee3fe73bad456e43adfc5ba27d9e5a60983b69e8496140308fb21061ecb2ff85.blk_read_bytes,0.0
1791023463,2026-10-03T18:31:03,docker.dev-peer0.org2.example.com-saksi-bulletin_1.0-ee3fe73bad456e43adfc5ba27d9e5a60983b69e8496140308fb21061ecb2ff85.blk_write_bytes,0.0
1791023463,2026-10-03T18:31:03,docker.peer0.org1.example.com.cpu_pct,1.1
1791023463,2026-10-03T18:31:03,docker.peer0.org1.example.com.mem_bytes,52177141.76
1791023463,2026-10-03T18:31:03,docker.peer0.org1.example.com.blk_read_bytes,3760000.0
1791023463,2026-10-03T18:31:03,docker.peer0.org1.example.com.blk_write_bytes,5140000.0
1791023463,2026-10-03T18:31:03,docker.peer0.org2.example.com.cpu_pct,1.15
1791023463,2026-10-03T18:31:03,docker.peer0.org2.example.com.mem_bytes,45833256.96
1791023463,2026-10-03T18:31:03,docker.peer0.org2.example.com.blk_read_bytes,545000.0
1791023463,2026-10-03T18:31:03,docker.peer0.org2.example.com.blk_write_bytes,3610000.0
1791023463,2026-10-03T18:31:03,docker.orderer.example.com.cpu_pct,0.03
1791023463,2026-10-03T18:31:03,docker.orderer.example.com.mem_bytes,27346862.08
1791023463,2026-10-03T18:31:03,docker.orderer.example.com.blk_read_bytes,31400000.0
1791023463,2026-10-03T18:31:03,docker.orderer.example.com.blk_write_bytes,262000.0
1791023463,2026-10-03T18:31:03,wsl.MemTotal_kb,24608408
1791023463,2026-10-03T18:31:03,wsl.MemAvailable_kb,22943436
1791023463,2026-10-03T18:31:03,wsl.SwapTotal_kb,0
1791023463,2026-10-03T18:31:03,wsl.SwapFree_kb,0
1791023463,2026-10-03T18:31:03,wsl.Dirty_kb,0
1791023463,2026-10-03T18:31:03,wsl.load1,13.46
1791023463,2026-10-03T18:31:03,wsl.load5,9.63
1791023463,2026-10-03T18:31:03,host.c_free_bytes,49291923456
1791023463,2026-10-03T18:31:03,host.q_free_bytes,418763845632
1791023463,2026-10-03T18:31:03,host.docker_vhdx_bytes,15592325120
1791023463,2026-10-03T18:31:03,host.ubuntu_vhdx_bytes,212983611392
1791023463,2026-10-03T18:31:03,win.Memory\Available MBytes,89.465256
1791023463,2026-10-03T18:31:03,win.PhysicalDisk(0 C:)\% Disk Time,1598.0
1791023463,2026-10-03T18:31:03,win.PhysicalDisk(1 Q:)\% Disk Time,3.540672
1791023463,2026-10-03T18:31:03,win.PhysicalDisk(_Total)\% Disk Time,0.0
1791023463,2026-10-03T18:31:03,win.PhysicalDisk(0 C:)\Current Disk Queue Length,1.770335
1791023463,2026-10-03T18:31:03,win.PhysicalDisk(1 Q:)\Current Disk Queue Length,0.0
1791023463,2026-10-03T18:31:03,win.PhysicalDisk(_Total)\Current Disk Queue Length,0.0
1791023463,2026-10-03T18:31:03,win.Process(vmmemWSL)\% Processor Time,0.0
1791023474,2026-10-03T18:31:13,docker.dev-peer0.org1.example.com-saksi-bulletin_1.0-ee3fe73bad456e43adfc5ba27d9e5a60983b69e8496140308fb21061ecb2ff85.cpu_pct,0.0
1791023474,2026-10-03T18:31:13,docker.dev-peer0.org1.example.com-saksi-bulletin_1.0-ee3fe73bad456e43adfc5ba27d9e5a60983b69e8496140308fb21061ecb2ff85.mem_bytes,7045382.144
1791023474,2026-10-03T18:31:13,docker.dev-peer0.org1.example.com-saksi-bulletin_1.0-ee3fe73bad456e43adfc5ba27d9e5a60983b69e8496140308fb21061ecb2ff85.blk_read_bytes,0.0
1791023474,2026-10-03T18:31:13,docker.dev-peer0.org1.example.com-saksi-bulletin_1.0-ee3fe73bad456e43adfc5ba27d9e5a60983b69e8496140308fb21061ecb2ff85.blk_write_bytes,0.0
1791023474,2026-10-03T18:31:13,docker.dev-peer0.org2.example.com-saksi-bulletin_1.0-ee3fe73bad456e43adfc5ba27d9e5a60983b69e8496140308fb21061ecb2ff85.cpu_pct,0.0
1791023474,2026-10-03T18:31:13,docker.dev-peer0.org2.example.com-saksi-bulletin_1.0-ee3fe73bad456e43adfc5ba27d9e5a60983b69e8496140308fb21061ecb2ff85.mem_bytes,7098859.52
1791023474,2026-10-03T18:31:13,docker.dev-peer0.org2.example.com-saksi-bulletin_1.0-ee3fe73bad456e43adfc5ba27d9e5a60983b69e8496140308fb21061ecb2ff85.blk_read_bytes,0.0
1791023474,2026-10-03T18:31:13,docker.dev-peer0.org2.example.com-saksi-bulletin_1.0-ee3fe73bad456e43adfc5ba27d9e5a60983b69e8496140308fb21061ecb2ff85.blk_write_bytes,0.0
1791023474,2026-10-03T18:31:13,docker.peer0.org1.example.com.cpu_pct,1.53
1791023474,2026-10-03T18:31:13,docker.peer0.org1.example.com.mem_bytes,52690944.0
1791023474,2026-10-03T18:31:13,docker.peer0.org1.example.com.blk_read_bytes,3760000.0
1791023474,2026-10-03T18:31:13,docker.peer0.org1.example.com.blk_write_bytes,5140000.0
1791023474,2026-10-03T18:31:13,docker.peer0.org2.example.com.cpu_pct,1.2
1791023474,2026-10-03T18:31:13,docker.peer0.org2.example.com.mem_bytes,46336573.44
1791023474,2026-10-03T18:31:13,docker.peer0.org2.example.com.blk_read_bytes,545000.0
1791023474,2026-10-03T18:31:13,docker.peer0.org2.example.com.blk_write_bytes,3610000.0
1791023474,2026-10-03T18:31:13,docker.orderer.example.com.cpu_pct,0.03
1791023474,2026-10-03T18:31:13,docker.orderer.example.com.mem_bytes,27084718.08
1791023474,2026-10-03T18:31:13,docker.orderer.example.com.blk_read_bytes,31400000.0
1791023474,2026-10-03T18:31:13,docker.orderer.example.com.blk_write_bytes,262000.0
1791023474,2026-10-03T18:31:13,wsl.MemTotal_kb,24608408
1791023474,2026-10-03T18:31:13,wsl.MemAvailable_kb,22939356
1791023474,2026-10-03T18:31:13,wsl.SwapTotal_kb,0
1791023474,2026-10-03T18:31:13,wsl.SwapFree_kb,0
1791023474,2026-10-03T18:31:13,wsl.Dirty_kb,32
1791023474,2026-10-03T18:31:13,wsl.load1,13.85
1791023474,2026-10-03T18:31:13,wsl.load5,9.84
1791023474,2026-10-03T18:31:13,host.c_free_bytes,49291595776
1791023474,2026-10-03T18:31:13,host.q_free_bytes,418763845632
1791023474,2026-10-03T18:31:13,host.docker_vhdx_bytes,15592325120
1791023474,2026-10-03T18:31:13,host.ubuntu_vhdx_bytes,212983611392
1791023474,2026-10-03T18:31:13,win.Memory\Available MBytes,89.688269
1791023474,2026-10-03T18:31:13,win.PhysicalDisk(0 C:)\% Disk Time,1613.0
1791023474,2026-10-03T18:31:13,win.PhysicalDisk(1 Q:)\% Disk Time,4.109269
1791023474,2026-10-03T18:31:13,win.PhysicalDisk(_Total)\% Disk Time,0.0
1791023474,2026-10-03T18:31:13,win.PhysicalDisk(0 C:)\Current Disk Queue Length,2.054635
1791023474,2026-10-03T18:31:13,win.PhysicalDisk(1 Q:)\Current Disk Queue Length,0.0
1791023474,2026-10-03T18:31:13,win.PhysicalDisk(_Total)\Current Disk Queue Length,0.0
1791023474,2026-10-03T18:31:13,win.Process(vmmemWSL)\% Processor Time,0.0
1791023484,2026-10-03T18:31:23,docker.dev-peer0.org1.example.com-saksi-bulletin_1.0-ee3fe73bad456e43adfc5ba27d9e5a60983b69e8496140308fb21061ecb2ff85.cpu_pct,0.0
1791023484,2026-10-03T18:31:23,docker.dev-peer0.org1.example.com-saksi-bulletin_1.0-ee3fe73bad456e43adfc5ba27d9e5a60983b69e8496140308fb21061ecb2ff85.mem_bytes,7045382.144
1791023484,2026-10-03T18:31:23,docker.dev-peer0.org1.example.com-saksi-bulletin_1.0-ee3fe73bad456e43adfc5ba27d9e5a60983b69e8496140308fb21061ecb2ff85.blk_read_bytes,0.0
1791023484,2026-10-03T18:31:23,docker.dev-peer0.org1.example.com-saksi-bulletin_1.0-ee3fe73bad456e43adfc5ba27d9e5a60983b69e8496140308fb21061ecb2ff85.blk_write_bytes,0.0
1791023484,2026-10-03T18:31:23,docker.dev-peer0.org2.example.com-saksi-bulletin_1.0-ee3fe73bad456e43adfc5ba27d9e5a60983b69e8496140308fb21061ecb2ff85.cpu_pct,0.0
1791023484,2026-10-03T18:31:23,docker.dev-peer0.org2.example.com-saksi-bulletin_1.0-ee3fe73bad456e43adfc5ba27d9e5a60983b69e8496140308fb21061ecb2ff85.mem_bytes,7098859.52
1791023484,2026-10-03T18:31:23,docker.dev-peer0.org2.example.com-saksi-bulletin_1.0-ee3fe73bad456e43adfc5ba27d9e5a60983b69e8496140308fb21061ecb2ff85.blk_read_bytes,0.0
1791023484,2026-10-03T18:31:23,docker.dev-peer0.org2.example.com-saksi-bulletin_1.0-ee3fe73bad456e43adfc5ba27d9e5a60983b69e8496140308fb21061ecb2ff85.blk_write_bytes,0.0
1791023484,2026-10-03T18:31:23,docker.peer0.org1.example.com.cpu_pct,0.96
1791023484,2026-10-03T18:31:23,docker.peer0.org1.example.com.mem_bytes,52669972.48
1791023484,2026-10-03T18:31:23,docker.peer0.org1.example.com.blk_read_bytes,3760000.0
1791023484,2026-10-03T18:31:23,docker.peer0.org1.example.com.blk_write_bytes,5140000.0
1791023484,2026-10-03T18:31:23,docker.peer0.org2.example.com.cpu_pct,0.97
1791023484,2026-10-03T18:31:23,docker.peer0.org2.example.com.mem_bytes,46326087.68
1791023484,2026-10-03T18:31:23,docker.peer0.org2.example.com.blk_read_bytes,545000.0
1791023484,2026-10-03T18:31:23,docker.peer0.org2.example.com.blk_write_bytes,3610000.0
1791023484,2026-10-03T18:31:23,docker.orderer.example.com.cpu_pct,0.04
1791023484,2026-10-03T18:31:23,docker.orderer.example.com.mem_bytes,27147632.64
1791023484,2026-10-03T18:31:23,docker.orderer.example.com.blk_read_bytes,31400000.0
1791023484,2026-10-03T18:31:23,docker.orderer.example.com.blk_write_bytes,262000.0
1791023484,2026-10-03T18:31:23,wsl.MemTotal_kb,24608408
1791023484,2026-10-03T18:31:23,wsl.MemAvailable_kb,22903196
1791023484,2026-10-03T18:31:23,wsl.SwapTotal_kb,0
1791023484,2026-10-03T18:31:23,wsl.SwapFree_kb,0
1791023484,2026-10-03T18:31:23,wsl.Dirty_kb,32
1791023484,2026-10-03T18:31:23,wsl.load1,14.58
1791023484,2026-10-03T18:31:23,wsl.load5,10.13
1791023484,2026-10-03T18:31:23,host.c_free_bytes,49291120640
1791023484,2026-10-03T18:31:23,host.q_free_bytes,418763845632
1791023484,2026-10-03T18:31:23,host.docker_vhdx_bytes,15592325120
1791023484,2026-10-03T18:31:23,host.ubuntu_vhdx_bytes,212983611392
1791023484,2026-10-03T18:31:23,win.Memory\Available MBytes,90.397224
1791023484,2026-10-03T18:31:23,win.PhysicalDisk(0 C:)\% Disk Time,1574.0
1791023484,2026-10-03T18:31:23,win.PhysicalDisk(1 Q:)\% Disk Time,10.681297
1791023484,2026-10-03T18:31:23,win.PhysicalDisk(_Total)\% Disk Time,0.0
1791023484,2026-10-03T18:31:23,win.PhysicalDisk(0 C:)\Current Disk Queue Length,5.340648
1791023484,2026-10-03T18:31:23,win.PhysicalDisk(1 Q:)\Current Disk Queue Length,4.0
1791023484,2026-10-03T18:31:23,win.PhysicalDisk(_Total)\Current Disk Queue Length,0.0
1791023484,2026-10-03T18:31:23,win.Process(vmmemWSL)\% Processor Time,4.0
1791023494,2026-10-03T18:31:33,docker.dev-peer0.org1.example.com-saksi-bulletin_1.0-ee3fe73bad456e43adfc5ba27d9e5a60983b69e8496140308fb21061ecb2ff85.cpu_pct,0.0
1791023494,2026-10-03T18:31:33,docker.dev-peer0.org1.example.com-saksi-bulletin_1.0-ee3fe73bad456e43adfc5ba27d9e5a60983b69e8496140308fb21061ecb2ff85.mem_bytes,7045382.144
1791023494,2026-10-03T18:31:33,docker.dev-peer0.org1.example.com-saksi-bulletin_1.0-ee3fe73bad456e43adfc5ba27d9e5a60983b69e8496140308fb21061ecb2ff85.blk_read_bytes,0.0
1791023494,2026-10-03T18:31:33,docker.dev-peer0.org1.example.com-saksi-bulletin_1.0-ee3fe73bad456e43adfc5ba27d9e5a60983b69e8496140308fb21061ecb2ff85.blk_write_bytes,0.0
1791023494,2026-10-03T18:31:33,docker.dev-peer0.org2.example.com-saksi-bulletin_1.0-ee3fe73bad456e43adfc5ba27d9e5a60983b69e8496140308fb21061ecb2ff85.cpu_pct,0.0
1791023494,2026-10-03T18:31:33,docker.dev-peer0.org2.example.com-saksi-bulletin_1.0-ee3fe73bad456e43adfc5ba27d9e5a60983b69e8496140308fb21061ecb2ff85.mem_bytes,7098859.52
1791023494,2026-10-03T18:31:33,docker.dev-peer0.org2.example.com-saksi-bulletin_1.0-ee3fe73bad456e43adfc5ba27d9e5a60983b69e8496140308fb21061ecb2ff85.blk_read_bytes,0.0
1791023494,2026-10-03T18:31:33,docker.dev-peer0.org2.example.com-saksi-bulletin_1.0-ee3fe73bad456e43adfc5ba27d9e5a60983b69e8496140308fb21061ecb2ff85.blk_write_bytes,0.0
1791023494,2026-10-03T18:31:33,docker.peer0.org1.example.com.cpu_pct,1.16
1791023494,2026-10-03T18:31:33,docker.peer0.org1.example.com.mem_bytes,52397342.72
1791023494,2026-10-03T18:31:33,docker.peer0.org1.example.com.blk_read_bytes,3760000.0
1791023494,2026-10-03T18:31:33,docker.peer0.org1.example.com.blk_write_bytes,5140000.0
1791023494,2026-10-03T18:31:33,docker.peer0.org2.example.com.cpu_pct,1.15
1791023494,2026-10-03T18:31:33,docker.peer0.org2.example.com.mem_bytes,46315601.92
1791023494,2026-10-03T18:31:33,docker.peer0.org2.example.com.blk_read_bytes,545000.0
1791023494,2026-10-03T18:31:33,docker.peer0.org2.example.com.blk_write_bytes,3610000.0
1791023494,2026-10-03T18:31:33,docker.orderer.example.com.cpu_pct,0.07
1791023494,2026-10-03T18:31:33,docker.orderer.example.com.mem_bytes,27147632.64
1791023494,2026-10-03T18:31:33,docker.orderer.example.com.blk_read_bytes,31400000.0
1791023494,2026-10-03T18:31:33,docker.orderer.example.com.blk_write_bytes,262000.0
1791023494,2026-10-03T18:31:33,wsl.MemTotal_kb,24608408
1791023494,2026-10-03T18:31:33,wsl.MemAvailable_kb,22899488
1791023494,2026-10-03T18:31:33,wsl.SwapTotal_kb,0
1791023494,2026-10-03T18:31:33,wsl.SwapFree_kb,0
1791023494,2026-10-03T18:31:33,wsl.Dirty_kb,32
1791023494,2026-10-03T18:31:33,wsl.load1,13.7
1791023494,2026-10-03T18:31:33,wsl.load5,10.07
1791023494,2026-10-03T18:31:33,host.c_free_bytes,49290792960
1791023494,2026-10-03T18:31:33,host.q_free_bytes,418763845632
1791023494,2026-10-03T18:31:33,host.docker_vhdx_bytes,15592325120
1791023494,2026-10-03T18:31:33,host.ubuntu_vhdx_bytes,212983611392
1791023494,2026-10-03T18:31:33,win.Memory\Available MBytes,89.799331
1791023494,2026-10-03T18:31:33,win.PhysicalDisk(0 C:)\% Disk Time,1593.0
1791023494,2026-10-03T18:31:33,win.PhysicalDisk(1 Q:)\% Disk Time,28.29071
1791023494,2026-10-03T18:31:33,win.PhysicalDisk(_Total)\% Disk Time,0.0
1791023494,2026-10-03T18:31:33,win.PhysicalDisk(0 C:)\Current Disk Queue Length,14.145355
1791023494,2026-10-03T18:31:33,win.PhysicalDisk(1 Q:)\Current Disk Queue Length,0.0
1791023494,2026-10-03T18:31:33,win.PhysicalDisk(_Total)\Current Disk Queue Length,0.0
1791023494,2026-10-03T18:31:33,win.Process(vmmemWSL)\% Processor Time,0.0
1791023504,2026-10-03T18:31:43,docker.dev-peer0.org1.example.com-saksi-bulletin_1.0-ee3fe73bad456e43adfc5ba27d9e5a60983b69e8496140308fb21061ecb2ff85.cpu_pct,0.0
1791023504,2026-10-03T18:31:43,docker.dev-peer0.org1.example.com-saksi-bulletin_1.0-ee3fe73bad456e43adfc5ba27d9e5a60983b69e8496140308fb21061ecb2ff85.mem_bytes,6779043.84
1791023504,2026-10-03T18:31:43,docker.dev-peer0.org1.example.com-saksi-bulletin_1.0-ee3fe73bad456e43adfc5ba27d9e5a60983b69e8496140308fb21061ecb2ff85.blk_read_bytes,0.0
1791023504,2026-10-03T18:31:43,docker.dev-peer0.org1.example.com-saksi-bulletin_1.0-ee3fe73bad456e43adfc5ba27d9e5a60983b69e8496140308fb21061ecb2ff85.blk_write_bytes,0.0
1791023504,2026-10-03T18:31:43,docker.dev-peer0.org2.example.com-saksi-bulletin_1.0-ee3fe73bad456e43adfc5ba27d9e5a60983b69e8496140308fb21061ecb2ff85.cpu_pct,0.0
1791023504,2026-10-03T18:31:43,docker.dev-peer0.org2.example.com-saksi-bulletin_1.0-ee3fe73bad456e43adfc5ba27d9e5a60983b69e8496140308fb21061ecb2ff85.mem_bytes,7361003.52
1791023504,2026-10-03T18:31:43,docker.dev-peer0.org2.example.com-saksi-bulletin_1.0-ee3fe73bad456e43adfc5ba27d9e5a60983b69e8496140308fb21061ecb2ff85.blk_read_bytes,0.0
1791023504,2026-10-03T18:31:43,docker.dev-peer0.org2.example.com-saksi-bulletin_1.0-ee3fe73bad456e43adfc5ba27d9e5a60983b69e8496140308fb21061ecb2ff85.blk_write_bytes,0.0
1791023504,2026-10-03T18:31:43,docker.peer0.org1.example.com.cpu_pct,1.18
1791023504,2026-10-03T18:31:43,docker.peer0.org1.example.com.mem_bytes,52397342.72
1791023504,2026-10-03T18:31:43,docker.peer0.org1.example.com.blk_read_bytes,3760000.0
1791023504,2026-10-03T18:31:43,docker.peer0.org1.example.com.blk_write_bytes,5140000.0
1791023504,2026-10-03T18:31:43,docker.peer0.org2.example.com.cpu_pct,0.94
1791023504,2026-10-03T18:31:43,docker.peer0.org2.example.com.mem_bytes,46315601.92
1791023504,2026-10-03T18:31:43,docker.peer0.org2.example.com.blk_read_bytes,545000.0
1791023504,2026-10-03T18:31:43,docker.peer0.org2.example.com.blk_write_bytes,3610000.0
1791023504,2026-10-03T18:31:43,docker.orderer.example.com.cpu_pct,0.04
1791023504,2026-10-03T18:31:43,docker.orderer.example.com.mem_bytes,27168604.16
1791023504,2026-10-03T18:31:43,docker.orderer.example.com.blk_read_bytes,31400000.0
1791023504,2026-10-03T18:31:43,docker.orderer.example.com.blk_write_bytes,262000.0
1791023504,2026-10-03T18:31:43,wsl.MemTotal_kb,24608408
1791023504,2026-10-03T18:31:43,wsl.MemAvailable_kb,22893112
1791023504,2026-10-03T18:31:43,wsl.SwapTotal_kb,0
1791023504,2026-10-03T18:31:43,wsl.SwapFree_kb,0
1791023504,2026-10-03T18:31:43,wsl.Dirty_kb,92
1791023504,2026-10-03T18:31:43,wsl.load1,14.05
1791023504,2026-10-03T18:31:43,wsl.load5,10.27
1791023504,2026-10-03T18:31:43,host.c_free_bytes,49291513856
1791023504,2026-10-03T18:31:43,host.q_free_bytes,418763845632
1791023504,2026-10-03T18:31:43,host.docker_vhdx_bytes,15592325120
1791023504,2026-10-03T18:31:43,host.ubuntu_vhdx_bytes,212983611392
1791023504,2026-10-03T18:31:43,win.Memory\Available MBytes,89.766828
1791023504,2026-10-03T18:31:43,win.PhysicalDisk(0 C:)\% Disk Time,1592.0
1791023504,2026-10-03T18:31:43,win.PhysicalDisk(1 Q:)\% Disk Time,8.662989
1791023504,2026-10-03T18:31:43,win.PhysicalDisk(_Total)\% Disk Time,0.0
1791023504,2026-10-03T18:31:43,win.PhysicalDisk(0 C:)\Current Disk Queue Length,4.331495
1791023504,2026-10-03T18:31:43,win.PhysicalDisk(1 Q:)\Current Disk Queue Length,0.0
1791023504,2026-10-03T18:31:43,win.PhysicalDisk(_Total)\Current Disk Queue Length,0.0
1791023504,2026-10-03T18:31:43,win.Process(vmmemWSL)\% Processor Time,0.0
1791023514,2026-10-03T18:31:53,docker.dev-peer0.org1.example.com-saksi-bulletin_1.0-ee3fe73bad456e43adfc5ba27d9e5a60983b69e8496140308fb21061ecb2ff85.cpu_pct,0.0
1791023514,2026-10-03T18:31:53,docker.dev-peer0.org1.example.com-saksi-bulletin_1.0-ee3fe73bad456e43adfc5ba27d9e5a60983b69e8496140308fb21061ecb2ff85.mem_bytes,6779043.84
1791023514,2026-10-03T18:31:53,docker.dev-peer0.org1.example.com-saksi-bulletin_1.0-ee3fe73bad456e43adfc5ba27d9e5a60983b69e8496140308fb21061ecb2ff85.blk_read_bytes,0.0
1791023514,2026-10-03T18:31:53,docker.dev-peer0.org1.example.com-saksi-bulletin_1.0-ee3fe73bad456e43adfc5ba27d9e5a60983b69e8496140308fb21061ecb2ff85.blk_write_bytes,0.0
1791023514,2026-10-03T18:31:53,docker.dev-peer0.org2.example.com-saksi-bulletin_1.0-ee3fe73bad456e43adfc5ba27d9e5a60983b69e8496140308fb21061ecb2ff85.cpu_pct,0.0
1791023514,2026-10-03T18:31:53,docker.dev-peer0.org2.example.com-saksi-bulletin_1.0-ee3fe73bad456e43adfc5ba27d9e5a60983b69e8496140308fb21061ecb2ff85.mem_bytes,6839861.248
1791023514,2026-10-03T18:31:53,docker.dev-peer0.org2.example.com-saksi-bulletin_1.0-ee3fe73bad456e43adfc5ba27d9e5a60983b69e8496140308fb21061ecb2ff85.blk_read_bytes,0.0
1791023514,2026-10-03T18:31:53,docker.dev-peer0.org2.example.com-saksi-bulletin_1.0-ee3fe73bad456e43adfc5ba27d9e5a60983b69e8496140308fb21061ecb2ff85.blk_write_bytes,0.0
1791023514,2026-10-03T18:31:53,docker.peer0.org1.example.com.cpu_pct,2.67
1791023514,2026-10-03T18:31:53,docker.peer0.org1.example.com.mem_bytes,52921630.72
1791023514,2026-10-03T18:31:53,docker.peer0.org1.example.com.blk_read_bytes,3760000.0
1791023514,2026-10-03T18:31:53,docker.peer0.org1.example.com.blk_write_bytes,5140000.0
1791023514,2026-10-03T18:31:53,docker.peer0.org2.example.com.cpu_pct,1.23
1791023514,2026-10-03T18:31:53,docker.peer0.org2.example.com.mem_bytes,46294630.4
1791023514,2026-10-03T18:31:53,docker.peer0.org2.example.com.blk_read_bytes,545000.0
1791023514,2026-10-03T18:31:53,docker.peer0.org2.example.com.blk_write_bytes,3610000.0
1791023514,2026-10-03T18:31:53,docker.orderer.example.com.cpu_pct,0.04
1791023514,2026-10-03T18:31:53,docker.orderer.example.com.mem_bytes,27168604.16
1791023514,2026-10-03T18:31:53,docker.orderer.example.com.blk_read_bytes,31400000.0
1791023514,2026-10-03T18:31:53,docker.orderer.example.com.blk_write_bytes,262000.0
1791023514,2026-10-03T18:31:53,wsl.MemTotal_kb,24608408
1791023514,2026-10-03T18:31:53,wsl.MemAvailable_kb,22892524
1791023514,2026-10-03T18:31:53,wsl.SwapTotal_kb,0
1791023514,2026-10-03T18:31:53,wsl.SwapFree_kb,0
1791023514,2026-10-03T18:31:53,wsl.Dirty_kb,116
1791023514,2026-10-03T18:31:53,wsl.load1,14.42
1791023514,2026-10-03T18:31:53,wsl.load5,10.47
1791023514,2026-10-03T18:31:53,host.c_free_bytes,49292169216
1791023514,2026-10-03T18:31:53,host.q_free_bytes,418763845632
1791023514,2026-10-03T18:31:53,host.docker_vhdx_bytes,15592325120
1791023514,2026-10-03T18:31:53,host.ubuntu_vhdx_bytes,212983611392
1791023514,2026-10-03T18:31:53,win.Memory\Available MBytes,89.480107
1791023514,2026-10-03T18:31:53,win.PhysicalDisk(0 C:)\% Disk Time,1630.0
1791023514,2026-10-03T18:31:53,win.PhysicalDisk(1 Q:)\% Disk Time,2.10525
1791023514,2026-10-03T18:31:53,win.PhysicalDisk(_Total)\% Disk Time,0.0
1791023514,2026-10-03T18:31:53,win.PhysicalDisk(0 C:)\Current Disk Queue Length,1.052625
1791023514,2026-10-03T18:31:53,win.PhysicalDisk(1 Q:)\Current Disk Queue Length,0.0
1791023514,2026-10-03T18:31:53,win.PhysicalDisk(_Total)\Current Disk Queue Length,0.0
1791023514,2026-10-03T18:31:53,win.Process(vmmemWSL)\% Processor Time,0.0
1791023524,2026-10-03T18:32:03,docker.dev-peer0.org1.example.com-saksi-bulletin_1.0-ee3fe73bad456e43adfc5ba27d9e5a60983b69e8496140308fb21061ecb2ff85.cpu_pct,0.0
1791023524,2026-10-03T18:32:03,docker.dev-peer0.org1.example.com-saksi-bulletin_1.0-ee3fe73bad456e43adfc5ba27d9e5a60983b69e8496140308fb21061ecb2ff85.mem_bytes,6779043.84
1791023524,2026-10-03T18:32:03,docker.dev-peer0.org1.example.com-saksi-bulletin_1.0-ee3fe73bad456e43adfc5ba27d9e5a60983b69e8496140308fb21061ecb2ff85.blk_read_bytes,0.0
1791023524,2026-10-03T18:32:03,docker.dev-peer0.org1.example.com-saksi-bulletin_1.0-ee3fe73bad456e43adfc5ba27d9e5a60983b69e8496140308fb21061ecb2ff85.blk_write_bytes,0.0
1791023524,2026-10-03T18:32:03,docker.dev-peer0.org2.example.com-saksi-bulletin_1.0-ee3fe73bad456e43adfc5ba27d9e5a60983b69e8496140308fb21061ecb2ff85.cpu_pct,0.0
1791023524,2026-10-03T18:32:03,docker.dev-peer0.org2.example.com-saksi-bulletin_1.0-ee3fe73bad456e43adfc5ba27d9e5a60983b69e8496140308fb21061ecb2ff85.mem_bytes,6839861.248
1791023524,2026-10-03T18:32:03,docker.dev-peer0.org2.example.com-saksi-bulletin_1.0-ee3fe73bad456e43adfc5ba27d9e5a60983b69e8496140308fb21061ecb2ff85.blk_read_bytes,0.0
1791023524,2026-10-03T18:32:03,docker.dev-peer0.org2.example.com-saksi-bulletin_1.0-ee3fe73bad456e43adfc5ba27d9e5a60983b69e8496140308fb21061ecb2ff85.blk_write_bytes,0.0
1791023524,2026-10-03T18:32:03,docker.peer0.org1.example.com.cpu_pct,1.0
1791023524,2026-10-03T18:32:03,docker.peer0.org1.example.com.mem_bytes,52911144.96
1791023524,2026-10-03T18:32:03,docker.peer0.org1.example.com.blk_read_bytes,3760000.0
1791023524,2026-10-03T18:32:03,docker.peer0.org1.example.com.blk_write_bytes,5140000.0
1791023524,2026-10-03T18:32:03,docker.peer0.org2.example.com.cpu_pct,0.99
1791023524,2026-10-03T18:32:03,docker.peer0.org2.example.com.mem_bytes,46556774.4
1791023524,2026-10-03T18:32:03,docker.peer0.org2.example.com.blk_read_bytes,545000.0
1791023524,2026-10-03T18:32:03,docker.peer0.org2.example.com.blk_write_bytes,3610000.0
1791023524,2026-10-03T18:32:03,docker.orderer.example.com.cpu_pct,0.03
1791023524,2026-10-03T18:32:03,docker.orderer.example.com.mem_bytes,27168604.16
1791023524,2026-10-03T18:32:03,docker.orderer.example.com.blk_read_bytes,31400000.0
1791023524,2026-10-03T18:32:03,docker.orderer.example.com.blk_write_bytes,262000.0
1791023524,2026-10-03T18:32:03,wsl.MemTotal_kb,24608408
1791023524,2026-10-03T18:32:03,wsl.MemAvailable_kb,22889596
1791023524,2026-10-03T18:32:03,wsl.SwapTotal_kb,0
1791023524,2026-10-03T18:32:03,wsl.SwapFree_kb,0
1791023524,2026-10-03T18:32:03,wsl.Dirty_kb,116
1791023524,2026-10-03T18:32:03,wsl.load1,14.55
1791023524,2026-10-03T18:32:03,wsl.load5,10.57
1791023524,2026-10-03T18:32:03,host.c_free_bytes,49291841536
1791023524,2026-10-03T18:32:03,host.q_free_bytes,418763845632
1791023524,2026-10-03T18:32:03,host.docker_vhdx_bytes,15592325120
1791023524,2026-10-03T18:32:03,host.ubuntu_vhdx_bytes,212983611392
1791023524,2026-10-03T18:32:03,win.Memory\Available MBytes,89.399366
1791023524,2026-10-03T18:32:03,win.PhysicalDisk(0 C:)\% Disk Time,1626.0
1791023524,2026-10-03T18:32:03,win.PhysicalDisk(1 Q:)\% Disk Time,5.446088
1791023524,2026-10-03T18:32:03,win.PhysicalDisk(_Total)\% Disk Time,0.0
1791023524,2026-10-03T18:32:03,win.PhysicalDisk(0 C:)\Current Disk Queue Length,2.723045
1791023524,2026-10-03T18:32:03,win.PhysicalDisk(1 Q:)\Current Disk Queue Length,0.0
1791023524,2026-10-03T18:32:03,win.PhysicalDisk(_Total)\Current Disk Queue Length,0.0
1791023524,2026-10-03T18:32:03,win.Process(vmmemWSL)\% Processor Time,0.0
1791023534,2026-10-03T18:32:13,docker.dev-peer0.org1.example.com-saksi-bulletin_1.0-ee3fe73bad456e43adfc5ba27d9e5a60983b69e8496140308fb21061ecb2ff85.cpu_pct,0.0
1791023534,2026-10-03T18:32:13,docker.dev-peer0.org1.example.com-saksi-bulletin_1.0-ee3fe73bad456e43adfc5ba27d9e5a60983b69e8496140308fb21061ecb2ff85.mem_bytes,6779043.84
1791023534,2026-10-03T18:32:13,docker.dev-peer0.org1.example.com-saksi-bulletin_1.0-ee3fe73bad456e43adfc5ba27d9e5a60983b69e8496140308fb21061ecb2ff85.blk_read_bytes,0.0
1791023534,2026-10-03T18:32:13,docker.dev-peer0.org1.example.com-saksi-bulletin_1.0-ee3fe73bad456e43adfc5ba27d9e5a60983b69e8496140308fb21061ecb2ff85.blk_write_bytes,0.0
1791023534,2026-10-03T18:32:13,docker.dev-peer0.org2.example.com-saksi-bulletin_1.0-ee3fe73bad456e43adfc5ba27d9e5a60983b69e8496140308fb21061ecb2ff85.cpu_pct,0.0
1791023534,2026-10-03T18:32:13,docker.dev-peer0.org2.example.com-saksi-bulletin_1.0-ee3fe73bad456e43adfc5ba27d9e5a60983b69e8496140308fb21061ecb2ff85.mem_bytes,6839861.248
1791023534,2026-10-03T18:32:13,docker.dev-peer0.org2.example.com-saksi-bulletin_1.0-ee3fe73bad456e43adfc5ba27d9e5a60983b69e8496140308fb21061ecb2ff85.blk_read_bytes,0.0
1791023534,2026-10-03T18:32:13,docker.dev-peer0.org2.example.com-saksi-bulletin_1.0-ee3fe73bad456e43adfc5ba27d9e5a60983b69e8496140308fb21061ecb2ff85.blk_write_bytes,0.0
1791023534,2026-10-03T18:32:13,docker.peer0.org1.example.com.cpu_pct,1.19
1791023534,2026-10-03T18:32:13,docker.peer0.org1.example.com.mem_bytes,52911144.96
1791023534,2026-10-03T18:32:13,docker.peer0.org1.example.com.blk_read_bytes,3760000.0
1791023534,2026-10-03T18:32:13,docker.peer0.org1.example.com.blk_write_bytes,5140000.0
1791023534,2026-10-03T18:32:13,docker.peer0.org2.example.com.cpu_pct,1.18
1791023534,2026-10-03T18:32:13,docker.peer0.org2.example.com.mem_bytes,46347059.2
1791023534,2026-10-03T18:32:13,docker.peer0.org2.example.com.blk_read_bytes,545000.0
1791023534,2026-10-03T18:32:13,docker.peer0.org2.example.com.blk_write_bytes,3610000.0
1791023534,2026-10-03T18:32:13,docker.orderer.example.com.cpu_pct,0.03
1791023534,2026-10-03T18:32:13,docker.orderer.example.com.mem_bytes,27430748.16
1791023534,2026-10-03T18:32:13,docker.orderer.example.com.blk_read_bytes,31400000.0
1791023534,2026-10-03T18:32:13,docker.orderer.example.com.blk_write_bytes,262000.0
1791023534,2026-10-03T18:32:13,wsl.MemTotal_kb,24608408
1791023534,2026-10-03T18:32:13,wsl.MemAvailable_kb,22888588
1791023534,2026-10-03T18:32:13,wsl.SwapTotal_kb,0
1791023534,2026-10-03T18:32:13,wsl.SwapFree_kb,0
1791023534,2026-10-03T18:32:13,wsl.Dirty_kb,32
1791023534,2026-10-03T18:32:13,wsl.load1,14.07
1791023534,2026-10-03T18:32:13,wsl.load5,10.64
1791023534,2026-10-03T18:32:13,host.c_free_bytes,49291448320
1791023534,2026-10-03T18:32:13,host.q_free_bytes,418763845632
1791023534,2026-10-03T18:32:13,host.docker_vhdx_bytes,15592325120
1791023534,2026-10-03T18:32:13,host.ubuntu_vhdx_bytes,212983611392
1791023534,2026-10-03T18:32:13,win.Memory\Available MBytes,89.992811
1791023534,2026-10-03T18:32:13,win.PhysicalDisk(0 C:)\% Disk Time,1686.0
1791023534,2026-10-03T18:32:13,win.PhysicalDisk(1 Q:)\% Disk Time,7.309506
1791023534,2026-10-03T18:32:13,win.PhysicalDisk(_Total)\% Disk Time,0.0
1791023534,2026-10-03T18:32:13,win.PhysicalDisk(0 C:)\Current Disk Queue Length,3.654752
1791023534,2026-10-03T18:32:13,win.PhysicalDisk(1 Q:)\Current Disk Queue Length,1.0
1791023534,2026-10-03T18:32:13,win.PhysicalDisk(_Total)\Current Disk Queue Length,0.0
1791023534,2026-10-03T18:32:13,win.Process(vmmemWSL)\% Processor Time,1.0
1791023544,2026-10-03T18:32:23,docker.dev-peer0.org1.example.com-saksi-bulletin_1.0-ee3fe73bad456e43adfc5ba27d9e5a60983b69e8496140308fb21061ecb2ff85.cpu_pct,0.0
1791023544,2026-10-03T18:32:23,docker.dev-peer0.org1.example.com-saksi-bulletin_1.0-ee3fe73bad456e43adfc5ba27d9e5a60983b69e8496140308fb21061ecb2ff85.mem_bytes,6779043.84
1791023544,2026-10-03T18:32:23,docker.dev-peer0.org1.example.com-saksi-bulletin_1.0-ee3fe73bad456e43adfc5ba27d9e5a60983b69e8496140308fb21061ecb2ff85.blk_read_bytes,0.0
1791023544,2026-10-03T18:32:23,docker.dev-peer0.org1.example.com-saksi-bulletin_1.0-ee3fe73bad456e43adfc5ba27d9e5a60983b69e8496140308fb21061ecb2ff85.blk_write_bytes,0.0
1791023544,2026-10-03T18:32:23,docker.dev-peer0.org2.example.com-saksi-bulletin_1.0-ee3fe73bad456e43adfc5ba27d9e5a60983b69e8496140308fb21061ecb2ff85.cpu_pct,0.0
1791023544,2026-10-03T18:32:23,docker.dev-peer0.org2.example.com-saksi-bulletin_1.0-ee3fe73bad456e43adfc5ba27d9e5a60983b69e8496140308fb21061ecb2ff85.mem_bytes,6839861.248
1791023544,2026-10-03T18:32:23,docker.dev-peer0.org2.example.com-saksi-bulletin_1.0-ee3fe73bad456e43adfc5ba27d9e5a60983b69e8496140308fb21061ecb2ff85.blk_read_bytes,0.0
1791023544,2026-10-03T18:32:23,docker.dev-peer0.org2.example.com-saksi-bulletin_1.0-ee3fe73bad456e43adfc5ba27d9e5a60983b69e8496140308fb21061ecb2ff85.blk_write_bytes,0.0
1791023544,2026-10-03T18:32:23,docker.peer0.org1.example.com.cpu_pct,1.06
1791023544,2026-10-03T18:32:23,docker.peer0.org1.example.com.mem_bytes,52900659.2
1791023544,2026-10-03T18:32:23,docker.peer0.org1.example.com.blk_read_bytes,3760000.0
1791023544,2026-10-03T18:32:23,docker.peer0.org1.example.com.blk_write_bytes,5140000.0
1791023544,2026-10-03T18:32:23,docker.peer0.org2.example.com.cpu_pct,0.98
1791023544,2026-10-03T18:32:23,docker.peer0.org2.example.com.mem_bytes,46347059.2
1791023544,2026-10-03T18:32:23,docker.peer0.org2.example.com.blk_read_bytes,545000.0
1791023544,2026-10-03T18:32:23,docker.peer0.org2.example.com.blk_write_bytes,3610000.0
1791023544,2026-10-03T18:32:23,docker.orderer.example.com.cpu_pct,0.03
1791023544,2026-10-03T18:32:23,docker.orderer.example.com.mem_bytes,26906460.16
1791023544,2026-10-03T18:32:23,docker.orderer.example.com.blk_read_bytes,31400000.0
1791023544,2026-10-03T18:32:23,docker.orderer.example.com.blk_write_bytes,262000.0
1791023544,2026-10-03T18:32:23,wsl.MemTotal_kb,24608408
1791023544,2026-10-03T18:32:23,wsl.MemAvailable_kb,22891444
1791023544,2026-10-03T18:32:23,wsl.SwapTotal_kb,0
1791023544,2026-10-03T18:32:23,wsl.SwapFree_kb,0
1791023544,2026-10-03T18:32:23,wsl.Dirty_kb,0
1791023544,2026-10-03T18:32:23,wsl.load1,14.37
1791023544,2026-10-03T18:32:23,wsl.load5,10.82
1791023544,2026-10-03T18:32:23,host.c_free_bytes,49291120640
1791023544,2026-10-03T18:32:23,host.q_free_bytes,418763845632
1791023544,2026-10-03T18:32:23,host.docker_vhdx_bytes,15592325120
1791023544,2026-10-03T18:32:23,host.ubuntu_vhdx_bytes,212983611392
1791023544,2026-10-03T18:32:23,win.Memory\Available MBytes,90.102977
1791023544,2026-10-03T18:32:23,win.PhysicalDisk(0 C:)\% Disk Time,1643.0
1791023544,2026-10-03T18:32:23,win.PhysicalDisk(1 Q:)\% Disk Time,3.145834
1791023544,2026-10-03T18:32:23,win.PhysicalDisk(_Total)\% Disk Time,0.0
1791023544,2026-10-03T18:32:23,win.PhysicalDisk(0 C:)\Current Disk Queue Length,1.572917
1791023544,2026-10-03T18:32:23,win.PhysicalDisk(1 Q:)\Current Disk Queue Length,0.0
1791023544,2026-10-03T18:32:23,win.PhysicalDisk(_Total)\Current Disk Queue Length,0.0
1791023544,2026-10-03T18:32:23,win.Process(vmmemWSL)\% Processor Time,0.0
1791023554,2026-10-03T18:32:33,docker.dev-peer0.org1.example.com-saksi-bulletin_1.0-ee3fe73bad456e43adfc5ba27d9e5a60983b69e8496140308fb21061ecb2ff85.cpu_pct,0.0
1791023554,2026-10-03T18:32:33,docker.dev-peer0.org1.example.com-saksi-bulletin_1.0-ee3fe73bad456e43adfc5ba27d9e5a60983b69e8496140308fb21061ecb2ff85.mem_bytes,6779043.84
1791023554,2026-10-03T18:32:33,docker.dev-peer0.org1.example.com-saksi-bulletin_1.0-ee3fe73bad456e43adfc5ba27d9e5a60983b69e8496140308fb21061ecb2ff85.blk_read_bytes,0.0
1791023554,2026-10-03T18:32:33,docker.dev-peer0.org1.example.com-saksi-bulletin_1.0-ee3fe73bad456e43adfc5ba27d9e5a60983b69e8496140308fb21061ecb2ff85.blk_write_bytes,0.0
1791023554,2026-10-03T18:32:33,docker.dev-peer0.org2.example.com-saksi-bulletin_1.0-ee3fe73bad456e43adfc5ba27d9e5a60983b69e8496140308fb21061ecb2ff85.cpu_pct,0.0
1791023554,2026-10-03T18:32:33,docker.dev-peer0.org2.example.com-saksi-bulletin_1.0-ee3fe73bad456e43adfc5ba27d9e5a60983b69e8496140308fb21061ecb2ff85.mem_bytes,6839861.248
1791023554,2026-10-03T18:32:33,docker.dev-peer0.org2.example.com-saksi-bulletin_1.0-ee3fe73bad456e43adfc5ba27d9e5a60983b69e8496140308fb21061ecb2ff85.blk_read_bytes,0.0
1791023554,2026-10-03T18:32:33,docker.dev-peer0.org2.example.com-saksi-bulletin_1.0-ee3fe73bad456e43adfc5ba27d9e5a60983b69e8496140308fb21061ecb2ff85.blk_write_bytes,0.0
1791023554,2026-10-03T18:32:33,docker.peer0.org1.example.com.cpu_pct,1.21
1791023554,2026-10-03T18:32:33,docker.peer0.org1.example.com.mem_bytes,53162803.2
1791023554,2026-10-03T18:32:33,docker.peer0.org1.example.com.blk_read_bytes,3760000.0
1791023554,2026-10-03T18:32:33,docker.peer0.org1.example.com.blk_write_bytes,5140000.0
1791023554,2026-10-03T18:32:33,docker.peer0.org2.example.com.cpu_pct,1.25
1791023554,2026-10-03T18:32:33,docker.peer0.org2.example.com.mem_bytes,46063943.68
1791023554,2026-10-03T18:32:33,docker.peer0.org2.example.com.blk_read_bytes,545000.0
1791023554,2026-10-03T18:32:33,docker.peer0.org2.example.com.blk_write_bytes,3610000.0
1791023554,2026-10-03T18:32:33,docker.orderer.example.com.cpu_pct,0.03
1791023554,2026-10-03T18:32:33,docker.orderer.example.com.mem_bytes,26906460.16
1791023554,2026-10-03T18:32:33,docker.orderer.example.com.blk_read_bytes,31400000.0
1791023554,2026-10-03T18:32:33,docker.orderer.example.com.blk_write_bytes,262000.0
1791023554,2026-10-03T18:32:33,wsl.MemTotal_kb,24608408
1791023554,2026-10-03T18:32:33,wsl.MemAvailable_kb,22888260
1791023554,2026-10-03T18:32:33,wsl.SwapTotal_kb,0
1791023554,2026-10-03T18:32:33,wsl.SwapFree_kb,0
1791023554,2026-10-03T18:32:33,wsl.Dirty_kb,24
1791023554,2026-10-03T18:32:33,wsl.load1,14.62
1791023554,2026-10-03T18:32:33,wsl.load5,10.99
1791023554,2026-10-03T18:32:33,host.c_free_bytes,49290203136
1791023554,2026-10-03T18:32:33,host.q_free_bytes,418763845632
1791023554,2026-10-03T18:32:33,host.docker_vhdx_bytes,15592325120
1791023554,2026-10-03T18:32:33,host.ubuntu_vhdx_bytes,212983611392
1791023554,2026-10-03T18:32:33,win.Memory\Available MBytes,89.958549
1791023554,2026-10-03T18:32:33,win.PhysicalDisk(0 C:)\% Disk Time,1652.0
1791023554,2026-10-03T18:32:33,win.PhysicalDisk(1 Q:)\% Disk Time,4.542304
1791023554,2026-10-03T18:32:33,win.PhysicalDisk(_Total)\% Disk Time,0.0
1791023554,2026-10-03T18:32:33,win.PhysicalDisk(0 C:)\Current Disk Queue Length,2.271152
1791023554,2026-10-03T18:32:33,win.PhysicalDisk(1 Q:)\Current Disk Queue Length,0.0
1791023554,2026-10-03T18:32:33,win.PhysicalDisk(_Total)\Current Disk Queue Length,0.0
1791023554,2026-10-03T18:32:33,win.Process(vmmemWSL)\% Processor Time,0.0
1791023564,2026-10-03T18:32:43,docker.dev-peer0.org1.example.com-saksi-bulletin_1.0-ee3fe73bad456e43adfc5ba27d9e5a60983b69e8496140308fb21061ecb2ff85.cpu_pct,0.0
1791023564,2026-10-03T18:32:43,docker.dev-peer0.org1.example.com-saksi-bulletin_1.0-ee3fe73bad456e43adfc5ba27d9e5a60983b69e8496140308fb21061ecb2ff85.mem_bytes,7036993.536
1791023564,2026-10-03T18:32:43,docker.dev-peer0.org1.example.com-saksi-bulletin_1.0-ee3fe73bad456e43adfc5ba27d9e5a60983b69e8496140308fb21061ecb2ff85.blk_read_bytes,0.0
1791023564,2026-10-03T18:32:43,docker.dev-peer0.org1.example.com-saksi-bulletin_1.0-ee3fe73bad456e43adfc5ba27d9e5a60983b69e8496140308fb21061ecb2ff85.blk_write_bytes,0.0
1791023564,2026-10-03T18:32:43,docker.dev-peer0.org2.example.com-saksi-bulletin_1.0-ee3fe73bad456e43adfc5ba27d9e5a60983b69e8496140308fb21061ecb2ff85.cpu_pct,0.0
1791023564,2026-10-03T18:32:43,docker.dev-peer0.org2.example.com-saksi-bulletin_1.0-ee3fe73bad456e43adfc5ba27d9e5a60983b69e8496140308fb21061ecb2ff85.mem_bytes,7098859.52
1791023564,2026-10-03T18:32:43,docker.dev-peer0.org2.example.com-saksi-bulletin_1.0-ee3fe73bad456e43adfc5ba27d9e5a60983b69e8496140308fb21061ecb2ff85.blk_read_bytes,0.0
1791023564,2026-10-03T18:32:43,docker.dev-peer0.org2.example.com-saksi-bulletin_1.0-ee3fe73bad456e43adfc5ba27d9e5a60983b69e8496140308fb21061ecb2ff85.blk_write_bytes,0.0
1791023564,2026-10-03T18:32:43,docker.peer0.org1.example.com.cpu_pct,1.11
1791023564,2026-10-03T18:32:43,docker.peer0.org1.example.com.mem_bytes,52900659.2
1791023564,2026-10-03T18:32:43,docker.peer0.org1.example.com.blk_read_bytes,3760000.0
1791023564,2026-10-03T18:32:43,docker.peer0.org1.example.com.blk_write_bytes,5140000.0
1791023564,2026-10-03T18:32:43,docker.peer0.org2.example.com.cpu_pct,1.06
1791023564,2026-10-03T18:32:43,docker.peer0.org2.example.com.mem_bytes,46315601.92
1791023564,2026-10-03T18:32:43,docker.peer0.org2.example.com.blk_read_bytes,545000.0
1791023564,2026-10-03T18:32:43,docker.peer0.org2.example.com.blk_write_bytes,3610000.0
1791023564,2026-10-03T18:32:43,docker.orderer.example.com.cpu_pct,0.05
1791023564,2026-10-03T18:32:43,docker.orderer.example.com.mem_bytes,27430748.16
1791023564,2026-10-03T18:32:43,docker.orderer.example.com.blk_read_bytes,31400000.0
1791023564,2026-10-03T18:32:43,docker.orderer.example.com.blk_write_bytes,262000.0
1791023564,2026-10-03T18:32:43,wsl.MemTotal_kb,24608408
1791023564,2026-10-03T18:32:43,wsl.MemAvailable_kb,22882024
1791023564,2026-10-03T18:32:43,wsl.SwapTotal_kb,0
1791023564,2026-10-03T18:32:43,wsl.SwapFree_kb,0
1791023564,2026-10-03T18:32:43,wsl.Dirty_kb,124
1791023564,2026-10-03T18:32:43,wsl.load1,15.23
1791023564,2026-10-03T18:32:43,wsl.load5,11.24
1791023564,2026-10-03T18:32:43,host.c_free_bytes,49290989568
1791023564,2026-10-03T18:32:43,host.q_free_bytes,418763845632
1791023564,2026-10-03T18:32:43,host.docker_vhdx_bytes,15592325120
1791023564,2026-10-03T18:32:43,host.ubuntu_vhdx_bytes,212983611392
1791023564,2026-10-03T18:32:43,win.Memory\Available MBytes,89.589157
1791023564,2026-10-03T18:32:43,win.PhysicalDisk(0 C:)\% Disk Time,1580.0
1791023564,2026-10-03T18:32:43,win.PhysicalDisk(1 Q:)\% Disk Time,2.033209
1791023564,2026-10-03T18:32:43,win.PhysicalDisk(_Total)\% Disk Time,0.0
1791023564,2026-10-03T18:32:43,win.PhysicalDisk(0 C:)\Current Disk Queue Length,1.016605
1791023564,2026-10-03T18:32:43,win.PhysicalDisk(1 Q:)\Current Disk Queue Length,0.0
1791023564,2026-10-03T18:32:43,win.PhysicalDisk(_Total)\Current Disk Queue Length,0.0
1791023564,2026-10-03T18:32:43,win.Process(vmmemWSL)\% Processor Time,0.0
1791023574,2026-10-03T18:32:53,docker.dev-peer0.org1.example.com-saksi-bulletin_1.0-ee3fe73bad456e43adfc5ba27d9e5a60983b69e8496140308fb21061ecb2ff85.cpu_pct,0.0
1791023574,2026-10-03T18:32:53,docker.dev-peer0.org1.example.com-saksi-bulletin_1.0-ee3fe73bad456e43adfc5ba27d9e5a60983b69e8496140308fb21061ecb2ff85.mem_bytes,6779043.84
1791023574,2026-10-03T18:32:53,docker.dev-peer0.org1.example.com-saksi-bulletin_1.0-ee3fe73bad456e43adfc5ba27d9e5a60983b69e8496140308fb21061ecb2ff85.blk_read_bytes,0.0
1791023574,2026-10-03T18:32:53,docker.dev-peer0.org1.example.com-saksi-bulletin_1.0-ee3fe73bad456e43adfc5ba27d9e5a60983b69e8496140308fb21061ecb2ff85.blk_write_bytes,0.0
1791023574,2026-10-03T18:32:53,docker.dev-peer0.org2.example.com-saksi-bulletin_1.0-ee3fe73bad456e43adfc5ba27d9e5a60983b69e8496140308fb21061ecb2ff85.cpu_pct,0.0
1791023574,2026-10-03T18:32:53,docker.dev-peer0.org2.example.com-saksi-bulletin_1.0-ee3fe73bad456e43adfc5ba27d9e5a60983b69e8496140308fb21061ecb2ff85.mem_bytes,7098859.52
1791023574,2026-10-03T18:32:53,docker.dev-peer0.org2.example.com-saksi-bulletin_1.0-ee3fe73bad456e43adfc5ba27d9e5a60983b69e8496140308fb21061ecb2ff85.blk_read_bytes,0.0
1791023574,2026-10-03T18:32:53,docker.dev-peer0.org2.example.com-saksi-bulletin_1.0-ee3fe73bad456e43adfc5ba27d9e5a60983b69e8496140308fb21061ecb2ff85.blk_write_bytes,0.0
1791023574,2026-10-03T18:32:53,docker.peer0.org1.example.com.cpu_pct,1.12
1791023574,2026-10-03T18:32:53,docker.peer0.org1.example.com.mem_bytes,52942602.24
1791023574,2026-10-03T18:32:53,docker.peer0.org1.example.com.blk_read_bytes,3760000.0
1791023574,2026-10-03T18:32:53,docker.peer0.org1.example.com.blk_write_bytes,5140000.0
1791023574,2026-10-03T18:32:53,docker.peer0.org2.example.com.cpu_pct,1.15
1791023574,2026-10-03T18:32:53,docker.peer0.org2.example.com.mem_bytes,46305116.16
1791023574,2026-10-03T18:32:53,docker.peer0.org2.example.com.blk_read_bytes,545000.0
1791023574,2026-10-03T18:32:53,docker.peer0.org2.example.com.blk_write_bytes,3610000.0
1791023574,2026-10-03T18:32:53,docker.orderer.example.com.cpu_pct,0.03
1791023574,2026-10-03T18:32:53,docker.orderer.example.com.mem_bytes,27168604.16
1791023574,2026-10-03T18:32:53,docker.orderer.example.com.blk_read_bytes,31400000.0
1791023574,2026-10-03T18:32:53,docker.orderer.example.com.blk_write_bytes,262000.0
1791023574,2026-10-03T18:32:53,wsl.MemTotal_kb,24608408
1791023574,2026-10-03T18:32:53,wsl.MemAvailable_kb,22878632
1791023574,2026-10-03T18:32:53,wsl.SwapTotal_kb,0
1791023574,2026-10-03T18:32:53,wsl.SwapFree_kb,0
1791023574,2026-10-03T18:32:53,wsl.Dirty_kb,124
1791023574,2026-10-03T18:32:53,wsl.load1,14.14
1791023574,2026-10-03T18:32:53,wsl.load5,11.15
1791023574,2026-10-03T18:32:53,host.c_free_bytes,49290530816
1791023574,2026-10-03T18:32:53,host.q_free_bytes,418763845632
1791023574,2026-10-03T18:32:53,host.docker_vhdx_bytes,15592325120
1791023574,2026-10-03T18:32:53,host.ubuntu_vhdx_bytes,212983611392
1791023574,2026-10-03T18:32:53,win.Memory\Available MBytes,89.985931
1791023574,2026-10-03T18:32:53,win.PhysicalDisk(0 C:)\% Disk Time,1582.0
1791023574,2026-10-03T18:32:53,win.PhysicalDisk(1 Q:)\% Disk Time,2.465474
1791023574,2026-10-03T18:32:53,win.PhysicalDisk(_Total)\% Disk Time,0.0
1791023574,2026-10-03T18:32:53,win.PhysicalDisk(0 C:)\Current Disk Queue Length,1.232737
1791023574,2026-10-03T18:32:53,win.PhysicalDisk(1 Q:)\Current Disk Queue Length,0.0
1791023574,2026-10-03T18:32:53,win.PhysicalDisk(_Total)\Current Disk Queue Length,0.0
1791023574,2026-10-03T18:32:53,win.Process(vmmemWSL)\% Processor Time,0.0
1791023584,2026-10-03T18:33:03,docker.dev-peer0.org1.example.com-saksi-bulletin_1.0-ee3fe73bad456e43adfc5ba27d9e5a60983b69e8496140308fb21061ecb2ff85.cpu_pct,0.0
1791023584,2026-10-03T18:33:03,docker.dev-peer0.org1.example.com-saksi-bulletin_1.0-ee3fe73bad456e43adfc5ba27d9e5a60983b69e8496140308fb21061ecb2ff85.mem_bytes,6779043.84
1791023584,2026-10-03T18:33:03,docker.dev-peer0.org1.example.com-saksi-bulletin_1.0-ee3fe73bad456e43adfc5ba27d9e5a60983b69e8496140308fb21061ecb2ff85.blk_read_bytes,0.0
1791023584,2026-10-03T18:33:03,docker.dev-peer0.org1.example.com-saksi-bulletin_1.0-ee3fe73bad456e43adfc5ba27d9e5a60983b69e8496140308fb21061ecb2ff85.blk_write_bytes,0.0
1791023584,2026-10-03T18:33:03,docker.dev-peer0.org2.example.com-saksi-bulletin_1.0-ee3fe73bad456e43adfc5ba27d9e5a60983b69e8496140308fb21061ecb2ff85.cpu_pct,0.0
1791023584,2026-10-03T18:33:03,docker.dev-peer0.org2.example.com-saksi-bulletin_1.0-ee3fe73bad456e43adfc5ba27d9e5a60983b69e8496140308fb21061ecb2ff85.mem_bytes,7098859.52
1791023584,2026-10-03T18:33:03,docker.dev-peer0.org2.example.com-saksi-bulletin_1.0-ee3fe73bad456e43adfc5ba27d9e5a60983b69e8496140308fb21061ecb2ff85.blk_read_bytes,0.0
1791023584,2026-10-03T18:33:03,docker.dev-peer0.org2.example.com-saksi-bulletin_1.0-ee3fe73bad456e43adfc5ba27d9e5a60983b69e8496140308fb21061ecb2ff85.blk_write_bytes,0.0
1791023584,2026-10-03T18:33:03,docker.peer0.org1.example.com.cpu_pct,1.1
1791023584,2026-10-03T18:33:03,docker.peer0.org1.example.com.mem_bytes,53257175.04
1791023584,2026-10-03T18:33:03,docker.peer0.org1.example.com.blk_read_bytes,3760000.0
1791023584,2026-10-03T18:33:03,docker.peer0.org1.example.com.blk_write_bytes,5140000.0
1791023584,2026-10-03T18:33:03,docker.peer0.org2.example.com.cpu_pct,0.87
1791023584,2026-10-03T18:33:03,docker.peer0.org2.example.com.mem_bytes,46294630.4
1791023584,2026-10-03T18:33:03,docker.peer0.org2.example.com.blk_read_bytes,545000.0
1791023584,2026-10-03T18:33:03,docker.peer0.org2.example.com.blk_write_bytes,3610000.0
1791023584,2026-10-03T18:33:03,docker.orderer.example.com.cpu_pct,0.03
1791023584,2026-10-03T18:33:03,docker.orderer.example.com.mem_bytes,27158118.4
1791023584,2026-10-03T18:33:03,docker.orderer.example.com.blk_read_bytes,31400000.0
1791023584,2026-10-03T18:33:03,docker.orderer.example.com.blk_write_bytes,262000.0
1791023584,2026-10-03T18:33:03,wsl.MemTotal_kb,24608408
1791023584,2026-10-03T18:33:03,wsl.MemAvailable_kb,22881520
1791023584,2026-10-03T18:33:03,wsl.SwapTotal_kb,0
1791023584,2026-10-03T18:33:03,wsl.SwapFree_kb,0
1791023584,2026-10-03T18:33:03,wsl.Dirty_kb,92
1791023584,2026-10-03T18:33:03,wsl.load1,14.59
1791023584,2026-10-03T18:33:03,wsl.load5,11.34
1791023584,2026-10-03T18:33:03,host.c_free_bytes,49291317248
1791023584,2026-10-03T18:33:03,host.q_free_bytes,418763845632
1791023584,2026-10-03T18:33:03,host.docker_vhdx_bytes,15592325120
1791023584,2026-10-03T18:33:03,host.ubuntu_vhdx_bytes,212983611392
1791023584,2026-10-03T18:33:03,win.Memory\Available MBytes,89.849306
1791023584,2026-10-03T18:33:03,win.PhysicalDisk(0 C:)\% Disk Time,1593.0
1791023584,2026-10-03T18:33:03,win.PhysicalDisk(1 Q:)\% Disk Time,4.311262
1791023584,2026-10-03T18:33:03,win.PhysicalDisk(_Total)\% Disk Time,0.0
1791023584,2026-10-03T18:33:03,win.PhysicalDisk(0 C:)\Current Disk Queue Length,2.155631
1791023584,2026-10-03T18:33:03,win.PhysicalDisk(1 Q:)\Current Disk Queue Length,0.0
1791023584,2026-10-03T18:33:03,win.PhysicalDisk(_Total)\Current Disk Queue Length,0.0
1791023584,2026-10-03T18:33:03,win.Process(vmmemWSL)\% Processor Time,0.0
1791023594,2026-10-03T18:33:13,docker.dev-peer0.org1.example.com-saksi-bulletin_1.0-ee3fe73bad456e43adfc5ba27d9e5a60983b69e8496140308fb21061ecb2ff85.cpu_pct,0.0
1791023594,2026-10-03T18:33:13,docker.dev-peer0.org1.example.com-saksi-bulletin_1.0-ee3fe73bad456e43adfc5ba27d9e5a60983b69e8496140308fb21061ecb2ff85.mem_bytes,6779043.84
1791023594,2026-10-03T18:33:13,docker.dev-peer0.org1.example.com-saksi-bulletin_1.0-ee3fe73bad456e43adfc5ba27d9e5a60983b69e8496140308fb21061ecb2ff85.blk_read_bytes,0.0
1791023594,2026-10-03T18:33:13,docker.dev-peer0.org1.example.com-saksi-bulletin_1.0-ee3fe73bad456e43adfc5ba27d9e5a60983b69e8496140308fb21061ecb2ff85.blk_write_bytes,0.0
1791023594,2026-10-03T18:33:13,docker.dev-peer0.org2.example.com-saksi-bulletin_1.0-ee3fe73bad456e43adfc5ba27d9e5a60983b69e8496140308fb21061ecb2ff85.cpu_pct,0.0
1791023594,2026-10-03T18:33:13,docker.dev-peer0.org2.example.com-saksi-bulletin_1.0-ee3fe73bad456e43adfc5ba27d9e5a60983b69e8496140308fb21061ecb2ff85.mem_bytes,7098859.52
1791023594,2026-10-03T18:33:13,docker.dev-peer0.org2.example.com-saksi-bulletin_1.0-ee3fe73bad456e43adfc5ba27d9e5a60983b69e8496140308fb21061ecb2ff85.blk_read_bytes,0.0
1791023594,2026-10-03T18:33:13,docker.dev-peer0.org2.example.com-saksi-bulletin_1.0-ee3fe73bad456e43adfc5ba27d9e5a60983b69e8496140308fb21061ecb2ff85.blk_write_bytes,0.0
1791023594,2026-10-03T18:33:13,docker.peer0.org1.example.com.cpu_pct,1.15
1791023594,2026-10-03T18:33:13,docker.peer0.org1.example.com.mem_bytes,53257175.04
1791023594,2026-10-03T18:33:13,docker.peer0.org1.example.com.blk_read_bytes,3760000.0
1791023594,2026-10-03T18:33:13,docker.peer0.org1.example.com.blk_write_bytes,5140000.0
1791023594,2026-10-03T18:33:13,docker.peer0.org2.example.com.cpu_pct,1.12
1791023594,2026-10-03T18:33:13,docker.peer0.org2.example.com.mem_bytes,46546288.64
1791023594,2026-10-03T18:33:13,docker.peer0.org2.example.com.blk_read_bytes,545000.0
1791023594,2026-10-03T18:33:13,docker.peer0.org2.example.com.blk_write_bytes,3610000.0
1791023594,2026-10-03T18:33:13,docker.orderer.example.com.cpu_pct,0.03
1791023594,2026-10-03T18:33:13,docker.orderer.example.com.mem_bytes,27168604.16
1791023594,2026-10-03T18:33:13,docker.orderer.example.com.blk_read_bytes,31400000.0
1791023594,2026-10-03T18:33:13,docker.orderer.example.com.blk_write_bytes,262000.0
1791023594,2026-10-03T18:33:13,wsl.MemTotal_kb,24608408
1791023594,2026-10-03T18:33:13,wsl.MemAvailable_kb,22877360
1791023594,2026-10-03T18:33:13,wsl.SwapTotal_kb,0
1791023594,2026-10-03T18:33:13,wsl.SwapFree_kb,0
1791023594,2026-10-03T18:33:13,wsl.Dirty_kb,32
1791023594,2026-10-03T18:33:13,wsl.load1,14.81
1791023594,2026-10-03T18:33:13,wsl.load5,11.49
1791023594,2026-10-03T18:33:13,host.c_free_bytes,49290924032
1791023594,2026-10-03T18:33:13,host.q_free_bytes,418763845632
1791023594,2026-10-03T18:33:13,host.docker_vhdx_bytes,15592325120
1791023594,2026-10-03T18:33:13,host.ubuntu_vhdx_bytes,212983611392
1791023594,2026-10-03T18:33:13,win.Memory\Available MBytes,89.86236
1791023594,2026-10-03T18:33:13,win.PhysicalDisk(0 C:)\% Disk Time,1611.0
1791023594,2026-10-03T18:33:13,win.PhysicalDisk(1 Q:)\% Disk Time,2.434917
1791023594,2026-10-03T18:33:13,win.PhysicalDisk(_Total)\% Disk Time,0.0
1791023594,2026-10-03T18:33:13,win.PhysicalDisk(0 C:)\Current Disk Queue Length,1.217458
1791023594,2026-10-03T18:33:13,win.PhysicalDisk(1 Q:)\Current Disk Queue Length,0.0
1791023594,2026-10-03T18:33:13,win.PhysicalDisk(_Total)\Current Disk Queue Length,0.0
1791023594,2026-10-03T18:33:13,win.Process(vmmemWSL)\% Processor Time,0.0
1791023604,2026-10-03T18:33:23,docker.dev-peer0.org1.example.com-saksi-bulletin_1.0-ee3fe73bad456e43adfc5ba27d9e5a60983b69e8496140308fb21061ecb2ff85.cpu_pct,0.0
1791023604,2026-10-03T18:33:23,docker.dev-peer0.org1.example.com-saksi-bulletin_1.0-ee3fe73bad456e43adfc5ba27d9e5a60983b69e8496140308fb21061ecb2ff85.mem_bytes,6779043.84
1791023604,2026-10-03T18:33:23,docker.dev-peer0.org1.example.com-saksi-bulletin_1.0-ee3fe73bad456e43adfc5ba27d9e5a60983b69e8496140308fb21061ecb2ff85.blk_read_bytes,0.0
1791023604,2026-10-03T18:33:23,docker.dev-peer0.org1.example.com-saksi-bulletin_1.0-ee3fe73bad456e43adfc5ba27d9e5a60983b69e8496140308fb21061ecb2ff85.blk_write_bytes,0.0
1791023604,2026-10-03T18:33:23,docker.dev-peer0.org2.example.com-saksi-bulletin_1.0-ee3fe73bad456e43adfc5ba27d9e5a60983b69e8496140308fb21061ecb2ff85.cpu_pct,0.0
1791023604,2026-10-03T18:33:23,docker.dev-peer0.org2.example.com-saksi-bulletin_1.0-ee3fe73bad456e43adfc5ba27d9e5a60983b69e8496140308fb21061ecb2ff85.mem_bytes,7098859.52
1791023604,2026-10-03T18:33:23,docker.dev-peer0.org2.example.com-saksi-bulletin_1.0-ee3fe73bad456e43adfc5ba27d9e5a60983b69e8496140308fb21061ecb2ff85.blk_read_bytes,0.0
1791023604,2026-10-03T18:33:23,docker.dev-peer0.org2.example.com-saksi-bulletin_1.0-ee3fe73bad456e43adfc5ba27d9e5a60983b69e8496140308fb21061ecb2ff85.blk_write_bytes,0.0
1791023604,2026-10-03T18:33:23,docker.peer0.org1.example.com.cpu_pct,1.1
1791023604,2026-10-03T18:33:23,docker.peer0.org1.example.com.mem_bytes,53257175.04
1791023604,2026-10-03T18:33:23,docker.peer0.org1.example.com.blk_read_bytes,3760000.0
1791023604,2026-10-03T18:33:23,docker.peer0.org1.example.com.blk_write_bytes,5140000.0
1791023604,2026-10-03T18:33:23,docker.peer0.org2.example.com.cpu_pct,0.96
1791023604,2026-10-03T18:33:23,docker.peer0.org2.example.com.mem_bytes,46284144.64
1791023604,2026-10-03T18:33:23,docker.peer0.org2.example.com.blk_read_bytes,545000.0
1791023604,2026-10-03T18:33:23,docker.peer0.org2.example.com.blk_write_bytes,3610000.0
1791023604,2026-10-03T18:33:23,docker.orderer.example.com.cpu_pct,0.03
1791023604,2026-10-03T18:33:23,docker.orderer.example.com.mem_bytes,27158118.4
1791023604,2026-10-03T18:33:23,docker.orderer.example.com.blk_read_bytes,31400000.0
1791023604,2026-10-03T18:33:23,docker.orderer.example.com.blk_write_bytes,262000.0
1791023604,2026-10-03T18:33:23,wsl.MemTotal_kb,24608408
1791023604,2026-10-03T18:33:23,wsl.MemAvailable_kb,22879436
1791023604,2026-10-03T18:33:23,wsl.SwapTotal_kb,0
1791023604,2026-10-03T18:33:23,wsl.SwapFree_kb,0
1791023604,2026-10-03T18:33:23,wsl.Dirty_kb,32
1791023604,2026-10-03T18:33:23,wsl.load1,14.99
1791023604,2026-10-03T18:33:23,wsl.load5,11.64
1791023604,2026-10-03T18:33:23,host.c_free_bytes,49290596352
1791023604,2026-10-03T18:33:23,host.q_free_bytes,418763845632
1791023604,2026-10-03T18:33:23,host.docker_vhdx_bytes,15592325120
1791023604,2026-10-03T18:33:23,host.ubuntu_vhdx_bytes,212983611392
1791023604,2026-10-03T18:33:23,win.Memory\Available MBytes,90.140282
1791023604,2026-10-03T18:33:23,win.PhysicalDisk(0 C:)\% Disk Time,1648.0
1791023604,2026-10-03T18:33:23,win.PhysicalDisk(1 Q:)\% Disk Time,3.957092
1791023604,2026-10-03T18:33:23,win.PhysicalDisk(_Total)\% Disk Time,0.0
1791023604,2026-10-03T18:33:23,win.PhysicalDisk(0 C:)\Current Disk Queue Length,1.978546
1791023604,2026-10-03T18:33:23,win.PhysicalDisk(1 Q:)\Current Disk Queue Length,0.0
1791023604,2026-10-03T18:33:23,win.PhysicalDisk(_Total)\Current Disk Queue Length,0.0
1791023604,2026-10-03T18:33:23,win.Process(vmmemWSL)\% Processor Time,0.0
1791023614,2026-10-03T18:33:33,docker.dev-peer0.org1.example.com-saksi-bulletin_1.0-ee3fe73bad456e43adfc5ba27d9e5a60983b69e8496140308fb21061ecb2ff85.cpu_pct,0.0
1791023614,2026-10-03T18:33:33,docker.dev-peer0.org1.example.com-saksi-bulletin_1.0-ee3fe73bad456e43adfc5ba27d9e5a60983b69e8496140308fb21061ecb2ff85.mem_bytes,6779043.84
1791023614,2026-10-03T18:33:33,docker.dev-peer0.org1.example.com-saksi-bulletin_1.0-ee3fe73bad456e43adfc5ba27d9e5a60983b69e8496140308fb21061ecb2ff85.blk_read_bytes,0.0
1791023614,2026-10-03T18:33:33,docker.dev-peer0.org1.example.com-saksi-bulletin_1.0-ee3fe73bad456e43adfc5ba27d9e5a60983b69e8496140308fb21061ecb2ff85.blk_write_bytes,0.0
1791023614,2026-10-03T18:33:33,docker.dev-peer0.org2.example.com-saksi-bulletin_1.0-ee3fe73bad456e43adfc5ba27d9e5a60983b69e8496140308fb21061ecb2ff85.cpu_pct,0.0
1791023614,2026-10-03T18:33:33,docker.dev-peer0.org2.example.com-saksi-bulletin_1.0-ee3fe73bad456e43adfc5ba27d9e5a60983b69e8496140308fb21061ecb2ff85.mem_bytes,7098859.52
1791023614,2026-10-03T18:33:33,docker.dev-peer0.org2.example.com-saksi-bulletin_1.0-ee3fe73bad456e43adfc5ba27d9e5a60983b69e8496140308fb21061ecb2ff85.blk_read_bytes,0.0
1791023614,2026-10-03T18:33:33,docker.dev-peer0.org2.example.com-saksi-bulletin_1.0-ee3fe73bad456e43adfc5ba27d9e5a60983b69e8496140308fb21061ecb2ff85.blk_write_bytes,0.0
1791023614,2026-10-03T18:33:33,docker.peer0.org1.example.com.cpu_pct,1.49
1791023614,2026-10-03T18:33:33,docker.peer0.org1.example.com.mem_bytes,53005516.8
1791023614,2026-10-03T18:33:33,docker.peer0.org1.example.com.blk_read_bytes,3760000.0
1791023614,2026-10-03T18:33:33,docker.peer0.org1.example.com.blk_write_bytes,5140000.0
1791023614,2026-10-03T18:33:33,docker.peer0.org2.example.com.cpu_pct,1.22
1791023614,2026-10-03T18:33:33,docker.peer0.org2.example.com.mem_bytes,46284144.64
1791023614,2026-10-03T18:33:33,docker.peer0.org2.example.com.blk_read_bytes,545000.0
1791023614,2026-10-03T18:33:33,docker.peer0.org2.example.com.blk_write_bytes,3610000.0
1791023614,2026-10-03T18:33:33,docker.orderer.example.com.cpu_pct,0.03
1791023614,2026-10-03T18:33:33,docker.orderer.example.com.mem_bytes,27158118.4
1791023614,2026-10-03T18:33:33,docker.orderer.example.com.blk_read_bytes,31400000.0
1791023614,2026-10-03T18:33:33,docker.orderer.example.com.blk_write_bytes,262000.0
1791023614,2026-10-03T18:33:33,wsl.MemTotal_kb,24608408
1791023614,2026-10-03T18:33:33,wsl.MemAvailable_kb,22881116
1791023614,2026-10-03T18:33:33,wsl.SwapTotal_kb,0
1791023614,2026-10-03T18:33:33,wsl.SwapFree_kb,0
1791023614,2026-10-03T18:33:33,wsl.Dirty_kb,32
1791023614,2026-10-03T18:33:33,wsl.load1,15.15
1791023614,2026-10-03T18:33:33,wsl.load5,11.79
1791023614,2026-10-03T18:33:33,host.c_free_bytes,49291251712
1791023614,2026-10-03T18:33:33,host.q_free_bytes,418763845632
1791023614,2026-10-03T18:33:33,host.docker_vhdx_bytes,15592325120
1791023614,2026-10-03T18:33:33,host.ubuntu_vhdx_bytes,212983611392
1791023614,2026-10-03T18:33:33,win.Memory\Available MBytes,89.804252
1791023614,2026-10-03T18:33:33,win.PhysicalDisk(0 C:)\% Disk Time,1650.0
1791023614,2026-10-03T18:33:33,win.PhysicalDisk(1 Q:)\% Disk Time,5.862296
1791023614,2026-10-03T18:33:33,win.PhysicalDisk(_Total)\% Disk Time,0.0
1791023614,2026-10-03T18:33:33,win.PhysicalDisk(0 C:)\Current Disk Queue Length,2.931148
1791023614,2026-10-03T18:33:33,win.PhysicalDisk(1 Q:)\Current Disk Queue Length,0.0
1791023614,2026-10-03T18:33:33,win.PhysicalDisk(_Total)\Current Disk Queue Length,0.0
1791023614,2026-10-03T18:33:33,win.Process(vmmemWSL)\% Processor Time,0.0
1791023624,2026-10-03T18:33:43,docker.dev-peer0.org1.example.com-saksi-bulletin_1.0-ee3fe73bad456e43adfc5ba27d9e5a60983b69e8496140308fb21061ecb2ff85.cpu_pct,0.0
1791023624,2026-10-03T18:33:43,docker.dev-peer0.org1.example.com-saksi-bulletin_1.0-ee3fe73bad456e43adfc5ba27d9e5a60983b69e8496140308fb21061ecb2ff85.mem_bytes,7041187.84
1791023624,2026-10-03T18:33:43,docker.dev-peer0.org1.example.com-saksi-bulletin_1.0-ee3fe73bad456e43adfc5ba27d9e5a60983b69e8496140308fb21061ecb2ff85.blk_read_bytes,0.0
1791023624,2026-10-03T18:33:43,docker.dev-peer0.org1.example.com-saksi-bulletin_1.0-ee3fe73bad456e43adfc5ba27d9e5a60983b69e8496140308fb21061ecb2ff85.blk_write_bytes,0.0
1791023624,2026-10-03T18:33:43,docker.dev-peer0.org2.example.com-saksi-bulletin_1.0-ee3fe73bad456e43adfc5ba27d9e5a60983b69e8496140308fb21061ecb2ff85.cpu_pct,0.0
1791023624,2026-10-03T18:33:43,docker.dev-peer0.org2.example.com-saksi-bulletin_1.0-ee3fe73bad456e43adfc5ba27d9e5a60983b69e8496140308fb21061ecb2ff85.mem_bytes,7094665.216
1791023624,2026-10-03T18:33:43,docker.dev-peer0.org2.example.com-saksi-bulletin_1.0-ee3fe73bad456e43adfc5ba27d9e5a60983b69e8496140308fb21061ecb2ff85.blk_read_bytes,0.0
1791023624,2026-10-03T18:33:43,docker.dev-peer0.org2.example.com-saksi-bulletin_1.0-ee3fe73bad456e43adfc5ba27d9e5a60983b69e8496140308fb21061ecb2ff85.blk_write_bytes,0.0
1791023624,2026-10-03T18:33:43,docker.peer0.org1.example.com.cpu_pct,0.96
1791023624,2026-10-03T18:33:43,docker.peer0.org1.example.com.mem_bytes,53005516.8
1791023624,2026-10-03T18:33:43,docker.peer0.org1.example.com.blk_read_bytes,3760000.0
1791023624,2026-10-03T18:33:43,docker.peer0.org1.example.com.blk_write_bytes,5140000.0
1791023624,2026-10-03T18:33:43,docker.peer0.org2.example.com.cpu_pct,0.87
1791023624,2026-10-03T18:33:43,docker.peer0.org2.example.com.mem_bytes,46042972.16
1791023624,2026-10-03T18:33:43,docker.peer0.org2.example.com.blk_read_bytes,545000.0
1791023624,2026-10-03T18:33:43,docker.peer0.org2.example.com.blk_write_bytes,3610000.0
1791023624,2026-10-03T18:33:43,docker.orderer.example.com.cpu_pct,0.05
1791023624,2026-10-03T18:33:43,docker.orderer.example.com.mem_bytes,27420262.4
1791023624,2026-10-03T18:33:43,docker.orderer.example.com.blk_read_bytes,31400000.0
1791023624,2026-10-03T18:33:43,docker.orderer.example.com.blk_write_bytes,262000.0
1791023624,2026-10-03T18:33:43,wsl.MemTotal_kb,24608408
1791023624,2026-10-03T18:33:43,wsl.MemAvailable_kb,22881632
1791023624,2026-10-03T18:33:43,wsl.SwapTotal_kb,0
1791023624,2026-10-03T18:33:43,wsl.SwapFree_kb,0
1791023624,2026-10-03T18:33:43,wsl.Dirty_kb,32
1791023624,2026-10-03T18:33:43,wsl.load1,15.21
1791023624,2026-10-03T18:33:43,wsl.load5,11.86
1791023624,2026-10-03T18:33:43,host.c_free_bytes,49290924032
1791023624,2026-10-03T18:33:43,host.q_free_bytes,418763845632
1791023624,2026-10-03T18:33:43,host.docker_vhdx_bytes,15592325120
1791023624,2026-10-03T18:33:43,host.ubuntu_vhdx_bytes,212983611392
1791023624,2026-10-03T18:33:43,win.Memory\Available MBytes,89.459058
1791023624,2026-10-03T18:33:43,win.PhysicalDisk(0 C:)\% Disk Time,1652.0
1791023624,2026-10-03T18:33:43,win.PhysicalDisk(1 Q:)\% Disk Time,2.078723
1791023624,2026-10-03T18:33:43,win.PhysicalDisk(_Total)\% Disk Time,0.0
1791023624,2026-10-03T18:33:43,win.PhysicalDisk(0 C:)\Current Disk Queue Length,1.039362
1791023624,2026-10-03T18:33:43,win.PhysicalDisk(1 Q:)\Current Disk Queue Length,0.0
1791023624,2026-10-03T18:33:43,win.PhysicalDisk(_Total)\Current Disk Queue Length,0.0
1791023624,2026-10-03T18:33:43,win.Process(vmmemWSL)\% Processor Time,0.0
1791023634,2026-10-03T18:33:53,docker.dev-peer0.org1.example.com-saksi-bulletin_1.0-ee3fe73bad456e43adfc5ba27d9e5a60983b69e8496140308fb21061ecb2ff85.cpu_pct,0.0
1791023634,2026-10-03T18:33:53,docker.dev-peer0.org1.example.com-saksi-bulletin_1.0-ee3fe73bad456e43adfc5ba27d9e5a60983b69e8496140308fb21061ecb2ff85.mem_bytes,7041187.84
1791023634,2026-10-03T18:33:53,docker.dev-peer0.org1.example.com-saksi-bulletin_1.0-ee3fe73bad456e43adfc5ba27d9e5a60983b69e8496140308fb21061ecb2ff85.blk_read_bytes,0.0
1791023634,2026-10-03T18:33:53,docker.dev-peer0.org1.example.com-saksi-bulletin_1.0-ee3fe73bad456e43adfc5ba27d9e5a60983b69e8496140308fb21061ecb2ff85.blk_write_bytes,0.0
1791023634,2026-10-03T18:33:53,docker.dev-peer0.org2.example.com-saksi-bulletin_1.0-ee3fe73bad456e43adfc5ba27d9e5a60983b69e8496140308fb21061ecb2ff85.cpu_pct,0.0
1791023634,2026-10-03T18:33:53,docker.dev-peer0.org2.example.com-saksi-bulletin_1.0-ee3fe73bad456e43adfc5ba27d9e5a60983b69e8496140308fb21061ecb2ff85.mem_bytes,7094665.216
1791023634,2026-10-03T18:33:53,docker.dev-peer0.org2.example.com-saksi-bulletin_1.0-ee3fe73bad456e43adfc5ba27d9e5a60983b69e8496140308fb21061ecb2ff85.blk_read_bytes,0.0
1791023634,2026-10-03T18:33:53,docker.dev-peer0.org2.example.com-saksi-bulletin_1.0-ee3fe73bad456e43adfc5ba27d9e5a60983b69e8496140308fb21061ecb2ff85.blk_write_bytes,0.0
1791023634,2026-10-03T18:33:53,docker.peer0.org1.example.com.cpu_pct,2.37
1791023634,2026-10-03T18:33:53,docker.peer0.org1.example.com.mem_bytes,52732887.04
1791023634,2026-10-03T18:33:53,docker.peer0.org1.example.com.blk_read_bytes,3760000.0
1791023634,2026-10-03T18:33:53,docker.peer0.org1.example.com.blk_write_bytes,5140000.0
1791023634,2026-10-03T18:33:53,docker.peer0.org2.example.com.cpu_pct,1.16
1791023634,2026-10-03T18:33:53,docker.peer0.org2.example.com.mem_bytes,46315601.92
1791023634,2026-10-03T18:33:53,docker.peer0.org2.example.com.blk_read_bytes,545000.0
1791023634,2026-10-03T18:33:53,docker.peer0.org2.example.com.blk_write_bytes,3610000.0
1791023634,2026-10-03T18:33:53,docker.orderer.example.com.cpu_pct,0.03
1791023634,2026-10-03T18:33:53,docker.orderer.example.com.mem_bytes,27420262.4
1791023634,2026-10-03T18:33:53,docker.orderer.example.com.blk_read_bytes,31400000.0
1791023634,2026-10-03T18:33:53,docker.orderer.example.com.blk_write_bytes,262000.0
1791023634,2026-10-03T18:33:53,wsl.MemTotal_kb,24608408
1791023634,2026-10-03T18:33:53,wsl.MemAvailable_kb,22874108
1791023634,2026-10-03T18:33:53,wsl.SwapTotal_kb,0
1791023634,2026-10-03T18:33:53,wsl.SwapFree_kb,0
1791023634,2026-10-03T18:33:53,wsl.Dirty_kb,32
1791023634,2026-10-03T18:33:53,wsl.load1,14.37
1791023634,2026-10-03T18:33:53,wsl.load5,11.82
1791023634,2026-10-03T18:33:53,host.c_free_bytes,49290457088
1791023634,2026-10-03T18:33:53,host.q_free_bytes,418763845632
1791023634,2026-10-03T18:33:53,host.docker_vhdx_bytes,15592325120
1791023634,2026-10-03T18:33:53,host.ubuntu_vhdx_bytes,212983611392
1791023634,2026-10-03T18:33:53,win.Memory\Available MBytes,90.075644
1791023634,2026-10-03T18:33:53,win.PhysicalDisk(0 C:)\% Disk Time,1633.0
1791023634,2026-10-03T18:33:53,win.PhysicalDisk(1 Q:)\% Disk Time,5.32376
1791023634,2026-10-03T18:33:53,win.PhysicalDisk(_Total)\% Disk Time,0.0
1791023634,2026-10-03T18:33:53,win.PhysicalDisk(0 C:)\Current Disk Queue Length,2.66188
1791023634,2026-10-03T18:33:53,win.PhysicalDisk(1 Q:)\Current Disk Queue Length,0.0
1791023634,2026-10-03T18:33:53,win.PhysicalDisk(_Total)\Current Disk Queue Length,0.0
1791023634,2026-10-03T18:33:53,win.Process(vmmemWSL)\% Processor Time,0.0
1791023644,2026-10-03T18:34:03,docker.dev-peer0.org1.example.com-saksi-bulletin_1.0-ee3fe73bad456e43adfc5ba27d9e5a60983b69e8496140308fb21061ecb2ff85.cpu_pct,0.0
1791023644,2026-10-03T18:34:03,docker.dev-peer0.org1.example.com-saksi-bulletin_1.0-ee3fe73bad456e43adfc5ba27d9e5a60983b69e8496140308fb21061ecb2ff85.mem_bytes,7041187.84
1791023644,2026-10-03T18:34:03,docker.dev-peer0.org1.example.com-saksi-bulletin_1.0-ee3fe73bad456e43adfc5ba27d9e5a60983b69e8496140308fb21061ecb2ff85.blk_read_bytes,0.0
1791023644,2026-10-03T18:34:03,docker.dev-peer0.org1.example.com-saksi-bulletin_1.0-ee3fe73bad456e43adfc5ba27d9e5a60983b69e8496140308fb21061ecb2ff85.blk_write_bytes,0.0
1791023644,2026-10-03T18:34:03,docker.dev-peer0.org2.example.com-saksi-bulletin_1.0-ee3fe73bad456e43adfc5ba27d9e5a60983b69e8496140308fb21061ecb2ff85.cpu_pct,0.0
1791023644,2026-10-03T18:34:03,docker.dev-peer0.org2.example.com-saksi-bulletin_1.0-ee3fe73bad456e43adfc5ba27d9e5a60983b69e8496140308fb21061ecb2ff85.mem_bytes,7094665.216
1791023644,2026-10-03T18:34:03,docker.dev-peer0.org2.example.com-saksi-bulletin_1.0-ee3fe73bad456e43adfc5ba27d9e5a60983b69e8496140308fb21061ecb2ff85.blk_read_bytes,0.0
1791023644,2026-10-03T18:34:03,docker.dev-peer0.org2.example.com-saksi-bulletin_1.0-ee3fe73bad456e43adfc5ba27d9e5a60983b69e8496140308fb21061ecb2ff85.blk_write_bytes,0.0
1791023644,2026-10-03T18:34:03,docker.peer0.org1.example.com.cpu_pct,1.29
1791023644,2026-10-03T18:34:03,docker.peer0.org1.example.com.mem_bytes,52732887.04
1791023644,2026-10-03T18:34:03,docker.peer0.org1.example.com.blk_read_bytes,3760000.0
1791023644,2026-10-03T18:34:03,docker.peer0.org1.example.com.blk_write_bytes,5140000.0
1791023644,2026-10-03T18:34:03,docker.peer0.org2.example.com.cpu_pct,0.97
1791023644,2026-10-03T18:34:03,docker.peer0.org2.example.com.mem_bytes,46074429.44
1791023644,2026-10-03T18:34:03,docker.peer0.org2.example.com.blk_read_bytes,545000.0
1791023644,2026-10-03T18:34:03,docker.peer0.org2.example.com.blk_write_bytes,3610000.0
1791023644,2026-10-03T18:34:03,docker.orderer.example.com.cpu_pct,0.04
1791023644,2026-10-03T18:34:03,docker.orderer.example.com.mem_bytes,27420262.4
1791023644,2026-10-03T18:34:03,docker.orderer.example.com.blk_read_bytes,31400000.0
1791023644,2026-10-03T18:34:03,docker.orderer.example.com.blk_write_bytes,262000.0
1791023644,2026-10-03T18:34:03,wsl.MemTotal_kb,24608408
1791023644,2026-10-03T18:34:03,wsl.MemAvailable_kb,22880088
1791023644,2026-10-03T18:34:03,wsl.SwapTotal_kb,0
1791023644,2026-10-03T18:34:03,wsl.SwapFree_kb,0
1791023644,2026-10-03T18:34:03,wsl.Dirty_kb,32
1791023644,2026-10-03T18:34:03,wsl.load1,14.62
1791023644,2026-10-03T18:34:03,wsl.load5,11.96
1791023644,2026-10-03T18:34:03,host.c_free_bytes,49291087872
1791023644,2026-10-03T18:34:03,host.q_free_bytes,418763845632
1791023644,2026-10-03T18:34:03,host.docker_vhdx_bytes,15592325120
1791023644,2026-10-03T18:34:03,host.ubuntu_vhdx_bytes,212983611392
1791023644,2026-10-03T18:34:03,win.Memory\Available MBytes,89.765299
1791023644,2026-10-03T18:34:03,win.PhysicalDisk(0 C:)\% Disk Time,1583.0
1791023644,2026-10-03T18:34:03,win.PhysicalDisk(1 Q:)\% Disk Time,3.252049
1791023644,2026-10-03T18:34:03,win.PhysicalDisk(_Total)\% Disk Time,0.0
1791023644,2026-10-03T18:34:03,win.PhysicalDisk(0 C:)\Current Disk Queue Length,1.626024
1791023644,2026-10-03T18:34:03,win.PhysicalDisk(1 Q:)\Current Disk Queue Length,0.0
1791023644,2026-10-03T18:34:03,win.PhysicalDisk(_Total)\Current Disk Queue Length,0.0
1791023644,2026-10-03T18:34:03,win.Process(vmmemWSL)\% Processor Time,0.0
1791023654,2026-10-03T18:34:13,docker.dev-peer0.org1.example.com-saksi-bulletin_1.0-ee3fe73bad456e43adfc5ba27d9e5a60983b69e8496140308fb21061ecb2ff85.cpu_pct,0.0
1791023654,2026-10-03T18:34:13,docker.dev-peer0.org1.example.com-saksi-bulletin_1.0-ee3fe73bad456e43adfc5ba27d9e5a60983b69e8496140308fb21061ecb2ff85.mem_bytes,7041187.84
1791023654,2026-10-03T18:34:13,docker.dev-peer0.org1.example.com-saksi-bulletin_1.0-ee3fe73bad456e43adfc5ba27d9e5a60983b69e8496140308fb21061ecb2ff85.blk_read_bytes,0.0
1791023654,2026-10-03T18:34:13,docker.dev-peer0.org1.example.com-saksi-bulletin_1.0-ee3fe73bad456e43adfc5ba27d9e5a60983b69e8496140308fb21061ecb2ff85.blk_write_bytes,0.0
1791023654,2026-10-03T18:34:13,docker.dev-peer0.org2.example.com-saksi-bulletin_1.0-ee3fe73bad456e43adfc5ba27d9e5a60983b69e8496140308fb21061ecb2ff85.cpu_pct,0.0
1791023654,2026-10-03T18:34:13,docker.dev-peer0.org2.example.com-saksi-bulletin_1.0-ee3fe73bad456e43adfc5ba27d9e5a60983b69e8496140308fb21061ecb2ff85.mem_bytes,7094665.216
1791023654,2026-10-03T18:34:13,docker.dev-peer0.org2.example.com-saksi-bulletin_1.0-ee3fe73bad456e43adfc5ba27d9e5a60983b69e8496140308fb21061ecb2ff85.blk_read_bytes,0.0
1791023654,2026-10-03T18:34:13,docker.dev-peer0.org2.example.com-saksi-bulletin_1.0-ee3fe73bad456e43adfc5ba27d9e5a60983b69e8496140308fb21061ecb2ff85.blk_write_bytes,0.0
1791023654,2026-10-03T18:34:13,docker.peer0.org1.example.com.cpu_pct,1.12
1791023654,2026-10-03T18:34:13,docker.peer0.org1.example.com.mem_bytes,52984545.28
1791023654,2026-10-03T18:34:13,docker.peer0.org1.example.com.blk_read_bytes,3760000.0
1791023654,2026-10-03T18:34:13,docker.peer0.org1.example.com.blk_write_bytes,5140000.0
1791023654,2026-10-03T18:34:13,docker.peer0.org2.example.com.cpu_pct,1.02
1791023654,2026-10-03T18:34:13,docker.peer0.org2.example.com.mem_bytes,45812285.44
1791023654,2026-10-03T18:34:13,docker.peer0.org2.example.com.blk_read_bytes,545000.0
1791023654,2026-10-03T18:34:13,docker.peer0.org2.example.com.blk_write_bytes,3610000.0
1791023654,2026-10-03T18:34:13,docker.orderer.example.com.cpu_pct,0.03
1791023654,2026-10-03T18:34:13,docker.orderer.example.com.mem_bytes,27158118.4
1791023654,2026-10-03T18:34:13,docker.orderer.example.com.blk_read_bytes,31400000.0
1791023654,2026-10-03T18:34:13,docker.orderer.example.com.blk_write_bytes,262000.0
1791023654,2026-10-03T18:34:13,wsl.MemTotal_kb,24608408
1791023654,2026-10-03T18:34:13,wsl.MemAvailable_kb,22881064
1791023654,2026-10-03T18:34:13,wsl.SwapTotal_kb,0
1791023654,2026-10-03T18:34:13,wsl.SwapFree_kb,0
1791023654,2026-10-03T18:34:13,wsl.Dirty_kb,92
1791023654,2026-10-03T18:34:13,wsl.load1,14.83
1791023654,2026-10-03T18:34:13,wsl.load5,12.09
1791023654,2026-10-03T18:34:13,host.c_free_bytes,49290596352
1791023654,2026-10-03T18:34:13,host.q_free_bytes,418763845632
1791023654,2026-10-03T18:34:13,host.docker_vhdx_bytes,15592325120
1791023654,2026-10-03T18:34:13,host.ubuntu_vhdx_bytes,212983611392
1791023654,2026-10-03T18:34:13,win.Memory\Available MBytes,90.169777
1791023654,2026-10-03T18:34:13,win.PhysicalDisk(0 C:)\% Disk Time,1573.0
1791023654,2026-10-03T18:34:13,win.PhysicalDisk(1 Q:)\% Disk Time,3.470956
1791023654,2026-10-03T18:34:13,win.PhysicalDisk(_Total)\% Disk Time,0.0
1791023654,2026-10-03T18:34:13,win.PhysicalDisk(0 C:)\Current Disk Queue Length,1.735478
1791023654,2026-10-03T18:34:13,win.PhysicalDisk(1 Q:)\Current Disk Queue Length,0.0
1791023654,2026-10-03T18:34:13,win.PhysicalDisk(_Total)\Current Disk Queue Length,0.0
1791023654,2026-10-03T18:34:13,win.Process(vmmemWSL)\% Processor Time,0.0
1791023664,2026-10-03T18:34:23,docker.dev-peer0.org1.example.com-saksi-bulletin_1.0-ee3fe73bad456e43adfc5ba27d9e5a60983b69e8496140308fb21061ecb2ff85.cpu_pct,0.0
1791023664,2026-10-03T18:34:23,docker.dev-peer0.org1.example.com-saksi-bulletin_1.0-ee3fe73bad456e43adfc5ba27d9e5a60983b69e8496140308fb21061ecb2ff85.mem_bytes,7041187.84
1791023664,2026-10-03T18:34:23,docker.dev-peer0.org1.example.com-saksi-bulletin_1.0-ee3fe73bad456e43adfc5ba27d9e5a60983b69e8496140308fb21061ecb2ff85.blk_read_bytes,0.0
1791023664,2026-10-03T18:34:23,docker.dev-peer0.org1.example.com-saksi-bulletin_1.0-ee3fe73bad456e43adfc5ba27d9e5a60983b69e8496140308fb21061ecb2ff85.blk_write_bytes,0.0
1791023664,2026-10-03T18:34:23,docker.dev-peer0.org2.example.com-saksi-bulletin_1.0-ee3fe73bad456e43adfc5ba27d9e5a60983b69e8496140308fb21061ecb2ff85.cpu_pct,0.0
1791023664,2026-10-03T18:34:23,docker.dev-peer0.org2.example.com-saksi-bulletin_1.0-ee3fe73bad456e43adfc5ba27d9e5a60983b69e8496140308fb21061ecb2ff85.mem_bytes,7094665.216
1791023664,2026-10-03T18:34:23,docker.dev-peer0.org2.example.com-saksi-bulletin_1.0-ee3fe73bad456e43adfc5ba27d9e5a60983b69e8496140308fb21061ecb2ff85.blk_read_bytes,0.0
1791023664,2026-10-03T18:34:23,docker.dev-peer0.org2.example.com-saksi-bulletin_1.0-ee3fe73bad456e43adfc5ba27d9e5a60983b69e8496140308fb21061ecb2ff85.blk_write_bytes,0.0
1791023664,2026-10-03T18:34:23,docker.peer0.org1.example.com.cpu_pct,0.86
1791023664,2026-10-03T18:34:23,docker.peer0.org1.example.com.mem_bytes,52701429.76
1791023664,2026-10-03T18:34:23,docker.peer0.org1.example.com.blk_read_bytes,3760000.0
1791023664,2026-10-03T18:34:23,docker.peer0.org1.example.com.blk_write_bytes,5140000.0
1791023664,2026-10-03T18:34:23,docker.peer0.org2.example.com.cpu_pct,0.84
1791023664,2026-10-03T18:34:23,docker.peer0.org2.example.com.mem_bytes,45539655.68
1791023664,2026-10-03T18:34:23,docker.peer0.org2.example.com.blk_read_bytes,545000.0
1791023664,2026-10-03T18:34:23,docker.peer0.org2.example.com.blk_write_bytes,3610000.0
1791023664,2026-10-03T18:34:23,docker.orderer.example.com.cpu_pct,0.03
1791023664,2026-10-03T18:34:23,docker.orderer.example.com.mem_bytes,27420262.4
1791023664,2026-10-03T18:34:23,docker.orderer.example.com.blk_read_bytes,31400000.0
1791023664,2026-10-03T18:34:23,docker.orderer.example.com.blk_write_bytes,262000.0
1791023664,2026-10-03T18:34:23,wsl.MemTotal_kb,24608408
1791023664,2026-10-03T18:34:23,wsl.MemAvailable_kb,22725584
1791023664,2026-10-03T18:34:23,wsl.SwapTotal_kb,0
1791023664,2026-10-03T18:34:23,wsl.SwapFree_kb,0
1791023664,2026-10-03T18:34:23,wsl.Dirty_kb,116
1791023664,2026-10-03T18:34:23,wsl.load1,16.7
1791023664,2026-10-03T18:34:23,wsl.load5,12.57
1791023664,2026-10-03T18:34:23,host.c_free_bytes,49291317248
1791023664,2026-10-03T18:34:23,host.q_free_bytes,418763845632
1791023664,2026-10-03T18:34:23,host.docker_vhdx_bytes,15592325120
1791023664,2026-10-03T18:34:23,host.ubuntu_vhdx_bytes,212983611392
1791023664,2026-10-03T18:34:23,win.Memory\Available MBytes,89.552617
1791023664,2026-10-03T18:34:23,win.PhysicalDisk(0 C:)\% Disk Time,1564.0
1791023664,2026-10-03T18:34:23,win.PhysicalDisk(1 Q:)\% Disk Time,4.697141
1791023664,2026-10-03T18:34:23,win.PhysicalDisk(_Total)\% Disk Time,0.0
1791023664,2026-10-03T18:34:23,win.PhysicalDisk(0 C:)\Current Disk Queue Length,2.348571
1791023664,2026-10-03T18:34:23,win.PhysicalDisk(1 Q:)\Current Disk Queue Length,0.0
1791023664,2026-10-03T18:34:23,win.PhysicalDisk(_Total)\Current Disk Queue Length,0.0
1791023664,2026-10-03T18:34:23,win.Process(vmmemWSL)\% Processor Time,0.0
1791023674,2026-10-03T18:34:33,docker.dev-peer0.org1.example.com-saksi-bulletin_1.0-ee3fe73bad456e43adfc5ba27d9e5a60983b69e8496140308fb21061ecb2ff85.cpu_pct,0.0
1791023674,2026-10-03T18:34:33,docker.dev-peer0.org1.example.com-saksi-bulletin_1.0-ee3fe73bad456e43adfc5ba27d9e5a60983b69e8496140308fb21061ecb2ff85.mem_bytes,7041187.84
1791023674,2026-10-03T18:34:33,docker.dev-peer0.org1.example.com-saksi-bulletin_1.0-ee3fe73bad456e43adfc5ba27d9e5a60983b69e8496140308fb21061ecb2ff85.blk_read_bytes,0.0
1791023674,2026-10-03T18:34:33,docker.dev-peer0.org1.example.com-saksi-bulletin_1.0-ee3fe73bad456e43adfc5ba27d9e5a60983b69e8496140308fb21061ecb2ff85.blk_write_bytes,0.0
1791023674,2026-10-03T18:34:33,docker.dev-peer0.org2.example.com-saksi-bulletin_1.0-ee3fe73bad456e43adfc5ba27d9e5a60983b69e8496140308fb21061ecb2ff85.cpu_pct,0.0
1791023674,2026-10-03T18:34:33,docker.dev-peer0.org2.example.com-saksi-bulletin_1.0-ee3fe73bad456e43adfc5ba27d9e5a60983b69e8496140308fb21061ecb2ff85.mem_bytes,7094665.216
1791023674,2026-10-03T18:34:33,docker.dev-peer0.org2.example.com-saksi-bulletin_1.0-ee3fe73bad456e43adfc5ba27d9e5a60983b69e8496140308fb21061ecb2ff85.blk_read_bytes,0.0
1791023674,2026-10-03T18:34:33,docker.dev-peer0.org2.example.com-saksi-bulletin_1.0-ee3fe73bad456e43adfc5ba27d9e5a60983b69e8496140308fb21061ecb2ff85.blk_write_bytes,0.0
1791023674,2026-10-03T18:34:33,docker.peer0.org1.example.com.cpu_pct,1.15
1791023674,2026-10-03T18:34:33,docker.peer0.org1.example.com.mem_bytes,53215232.0
1791023674,2026-10-03T18:34:33,docker.peer0.org1.example.com.blk_read_bytes,3760000.0
1791023674,2026-10-03T18:34:33,docker.peer0.org1.example.com.blk_write_bytes,5140000.0
1791023674,2026-10-03T18:34:33,docker.peer0.org2.example.com.cpu_pct,1.13
1791023674,2026-10-03T18:34:33,docker.peer0.org2.example.com.mem_bytes,45791313.92
1791023674,2026-10-03T18:34:33,docker.peer0.org2.example.com.blk_read_bytes,545000.0
1791023674,2026-10-03T18:34:33,docker.peer0.org2.example.com.blk_write_bytes,3610000.0
1791023674,2026-10-03T18:34:33,docker.orderer.example.com.cpu_pct,0.03
1791023674,2026-10-03T18:34:33,docker.orderer.example.com.mem_bytes,27420262.4
1791023674,2026-10-03T18:34:33,docker.orderer.example.com.blk_read_bytes,31400000.0
1791023674,2026-10-03T18:34:33,docker.orderer.example.com.blk_write_bytes,262000.0
1791023674,2026-10-03T18:34:33,wsl.MemTotal_kb,24608408
1791023674,2026-10-03T18:34:33,wsl.MemAvailable_kb,22730436
1791023674,2026-10-03T18:34:33,wsl.SwapTotal_kb,0
1791023674,2026-10-03T18:34:33,wsl.SwapFree_kb,0
1791023674,2026-10-03T18:34:33,wsl.Dirty_kb,124
1791023674,2026-10-03T18:34:33,wsl.load1,16.59
1791023674,2026-10-03T18:34:33,wsl.load5,12.68
1791023674,2026-10-03T18:34:33,host.c_free_bytes,49290989568
1791023674,2026-10-03T18:34:33,host.q_free_bytes,418763845632
1791023674,2026-10-03T18:34:33,host.docker_vhdx_bytes,15592325120
1791023674,2026-10-03T18:34:33,host.ubuntu_vhdx_bytes,212983611392
1791023674,2026-10-03T18:34:33,win.Memory\Available MBytes,89.548
1791023674,2026-10-03T18:34:33,win.PhysicalDisk(0 C:)\% Disk Time,1556.0
1791023674,2026-10-03T18:34:33,win.PhysicalDisk(1 Q:)\% Disk Time,2.834058
1791023674,2026-10-03T18:34:33,win.PhysicalDisk(_Total)\% Disk Time,0.0
1791023674,2026-10-03T18:34:33,win.PhysicalDisk(0 C:)\Current Disk Queue Length,1.417029
1791023674,2026-10-03T18:34:33,win.PhysicalDisk(1 Q:)\Current Disk Queue Length,0.0
1791023674,2026-10-03T18:34:33,win.PhysicalDisk(_Total)\Current Disk Queue Length,0.0
1791023674,2026-10-03T18:34:33,win.Process(vmmemWSL)\% Processor Time,0.0
1791023684,2026-10-03T18:34:43,docker.dev-peer0.org1.example.com-saksi-bulletin_1.0-ee3fe73bad456e43adfc5ba27d9e5a60983b69e8496140308fb21061ecb2ff85.cpu_pct,0.0
1791023684,2026-10-03T18:34:43,docker.dev-peer0.org1.example.com-saksi-bulletin_1.0-ee3fe73bad456e43adfc5ba27d9e5a60983b69e8496140308fb21061ecb2ff85.mem_bytes,7303331.84
1791023684,2026-10-03T18:34:43,docker.dev-peer0.org1.example.com-saksi-bulletin_1.0-ee3fe73bad456e43adfc5ba27d9e5a60983b69e8496140308fb21061ecb2ff85.blk_read_bytes,0.0
1791023684,2026-10-03T18:34:43,docker.dev-peer0.org1.example.com-saksi-bulletin_1.0-ee3fe73bad456e43adfc5ba27d9e5a60983b69e8496140308fb21061ecb2ff85.blk_write_bytes,0.0
1791023684,2026-10-03T18:34:43,docker.dev-peer0.org2.example.com-saksi-bulletin_1.0-ee3fe73bad456e43adfc5ba27d9e5a60983b69e8496140308fb21061ecb2ff85.cpu_pct,0.0
1791023684,2026-10-03T18:34:43,docker.dev-peer0.org2.example.com-saksi-bulletin_1.0-ee3fe73bad456e43adfc5ba27d9e5a60983b69e8496140308fb21061ecb2ff85.mem_bytes,7876902.912
1791023684,2026-10-03T18:34:43,docker.dev-peer0.org2.example.com-saksi-bulletin_1.0-ee3fe73bad456e43adfc5ba27d9e5a60983b69e8496140308fb21061ecb2ff85.blk_read_bytes,0.0
1791023684,2026-10-03T18:34:43,docker.dev-peer0.org2.example.com-saksi-bulletin_1.0-ee3fe73bad456e43adfc5ba27d9e5a60983b69e8496140308fb21061ecb2ff85.blk_write_bytes,0.0
1791023684,2026-10-03T18:34:43,docker.peer0.org1.example.com.cpu_pct,0.97
1791023684,2026-10-03T18:34:43,docker.peer0.org1.example.com.mem_bytes,52743372.8
1791023684,2026-10-03T18:34:43,docker.peer0.org1.example.com.blk_read_bytes,3760000.0
1791023684,2026-10-03T18:34:43,docker.peer0.org1.example.com.blk_write_bytes,5140000.0
1791023684,2026-10-03T18:34:43,docker.peer0.org2.example.com.cpu_pct,1.04
1791023684,2026-10-03T18:34:43,docker.peer0.org2.example.com.mem_bytes,46053457.92
1791023684,2026-10-03T18:34:43,docker.peer0.org2.example.com.blk_read_bytes,545000.0
1791023684,2026-10-03T18:34:43,docker.peer0.org2.example.com.blk_write_bytes,3610000.0
1791023684,2026-10-03T18:34:43,docker.orderer.example.com.cpu_pct,0.05
1791023684,2026-10-03T18:34:43,docker.orderer.example.com.mem_bytes,27420262.4
1791023684,2026-10-03T18:34:43,docker.orderer.example.com.blk_read_bytes,31400000.0
1791023684,2026-10-03T18:34:43,docker.orderer.example.com.blk_write_bytes,262000.0
1791023684,2026-10-03T18:34:43,wsl.MemTotal_kb,24608408
1791023684,2026-10-03T18:34:43,wsl.MemAvailable_kb,22735760
1791023684,2026-10-03T18:34:43,wsl.SwapTotal_kb,0
1791023684,2026-10-03T18:34:43,wsl.SwapFree_kb,0
1791023684,2026-10-03T18:34:43,wsl.Dirty_kb,40
1791023684,2026-10-03T18:34:43,wsl.load1,15.39
1791023684,2026-10-03T18:34:43,wsl.load5,12.55
1791023684,2026-10-03T18:34:43,host.c_free_bytes,49290530816
1791023684,2026-10-03T18:34:43,host.q_free_bytes,418763845632
1791023684,2026-10-03T18:34:43,host.docker_vhdx_bytes,15592325120
1791023684,2026-10-03T18:34:43,host.ubuntu_vhdx_bytes,212983611392
1791023684,2026-10-03T18:34:43,win.Memory\Available MBytes,89.055754
1791023684,2026-10-03T18:34:43,win.PhysicalDisk(0 C:)\% Disk Time,1633.0
1791023684,2026-10-03T18:34:43,win.PhysicalDisk(1 Q:)\% Disk Time,9.934372
1791023684,2026-10-03T18:34:43,win.PhysicalDisk(_Total)\% Disk Time,0.0
1791023684,2026-10-03T18:34:43,win.PhysicalDisk(0 C:)\Current Disk Queue Length,4.967186
1791023684,2026-10-03T18:34:43,win.PhysicalDisk(1 Q:)\Current Disk Queue Length,0.0
1791023684,2026-10-03T18:34:43,win.PhysicalDisk(_Total)\Current Disk Queue Length,0.0
1791023684,2026-10-03T18:34:43,win.Process(vmmemWSL)\% Processor Time,0.0
1791023694,2026-10-03T18:34:53,docker.dev-peer0.org1.example.com-saksi-bulletin_1.0-ee3fe73bad456e43adfc5ba27d9e5a60983b69e8496140308fb21061ecb2ff85.cpu_pct,0.0
1791023694,2026-10-03T18:34:53,docker.dev-peer0.org1.example.com-saksi-bulletin_1.0-ee3fe73bad456e43adfc5ba27d9e5a60983b69e8496140308fb21061ecb2ff85.mem_bytes,7299137.536
1791023694,2026-10-03T18:34:53,docker.dev-peer0.org1.example.com-saksi-bulletin_1.0-ee3fe73bad456e43adfc5ba27d9e5a60983b69e8496140308fb21061ecb2ff85.blk_read_bytes,0.0
1791023694,2026-10-03T18:34:53,docker.dev-peer0.org1.example.com-saksi-bulletin_1.0-ee3fe73bad456e43adfc5ba27d9e5a60983b69e8496140308fb21061ecb2ff85.blk_write_bytes,0.0
1791023694,2026-10-03T18:34:53,docker.dev-peer0.org2.example.com-saksi-bulletin_1.0-ee3fe73bad456e43adfc5ba27d9e5a60983b69e8496140308fb21061ecb2ff85.cpu_pct,0.0
1791023694,2026-10-03T18:34:53,docker.dev-peer0.org2.example.com-saksi-bulletin_1.0-ee3fe73bad456e43adfc5ba27d9e5a60983b69e8496140308fb21061ecb2ff85.mem_bytes,7618953.216
1791023694,2026-10-03T18:34:53,docker.dev-peer0.org2.example.com-saksi-bulletin_1.0-ee3fe73bad456e43adfc5ba27d9e5a60983b69e8496140308fb21061ecb2ff85.blk_read_bytes,0.0
1791023694,2026-10-03T18:34:53,docker.dev-peer0.org2.example.com-saksi-bulletin_1.0-ee3fe73bad456e43adfc5ba27d9e5a60983b69e8496140308fb21061ecb2ff85.blk_write_bytes,0.0
1791023694,2026-10-03T18:34:53,docker.peer0.org1.example.com.cpu_pct,1.26
1791023694,2026-10-03T18:34:53,docker.peer0.org1.example.com.mem_bytes,52470743.04
1791023694,2026-10-03T18:34:53,docker.peer0.org1.example.com.blk_read_bytes,3760000.0
1791023694,2026-10-03T18:34:53,docker.peer0.org1.example.com.blk_write_bytes,5140000.0
1791023694,2026-10-03T18:34:53,docker.peer0.org2.example.com.cpu_pct,1.13
1791023694,2026-10-03T18:34:53,docker.peer0.org2.example.com.mem_bytes,46053457.92
1791023694,2026-10-03T18:34:53,docker.peer0.org2.example.com.blk_read_bytes,545000.0
1791023694,2026-10-03T18:34:53,docker.peer0.org2.example.com.blk_write_bytes,3610000.0
1791023694,2026-10-03T18:34:53,docker.orderer.example.com.cpu_pct,0.03
1791023694,2026-10-03T18:34:53,docker.orderer.example.com.mem_bytes,27420262.4
1791023694,2026-10-03T18:34:53,docker.orderer.example.com.blk_read_bytes,31400000.0
1791023694,2026-10-03T18:34:53,docker.orderer.example.com.blk_write_bytes,262000.0
1791023694,2026-10-03T18:34:53,wsl.MemTotal_kb,24608408
1791023694,2026-10-03T18:34:53,wsl.MemAvailable_kb,22731020
1791023694,2026-10-03T18:34:53,wsl.SwapTotal_kb,0
1791023694,2026-10-03T18:34:53,wsl.SwapFree_kb,0
1791023694,2026-10-03T18:34:53,wsl.Dirty_kb,8
1791023694,2026-10-03T18:34:53,wsl.load1,15.49
1791023694,2026-10-03T18:34:53,wsl.load5,12.66
1791023694,2026-10-03T18:34:53,host.c_free_bytes,49290268672
1791023694,2026-10-03T18:34:53,host.q_free_bytes,418763845632
1791023694,2026-10-03T18:34:53,host.docker_vhdx_bytes,15592325120
1791023694,2026-10-03T18:34:53,host.ubuntu_vhdx_bytes,212983611392
1791023694,2026-10-03T18:34:53,win.Memory\Available MBytes,89.673792
1791023694,2026-10-03T18:34:53,win.PhysicalDisk(0 C:)\% Disk Time,1611.0
1791023694,2026-10-03T18:34:53,win.PhysicalDisk(1 Q:)\% Disk Time,11.061486
1791023694,2026-10-03T18:34:53,win.PhysicalDisk(_Total)\% Disk Time,0.702457
1791023694,2026-10-03T18:34:53,win.PhysicalDisk(0 C:)\Current Disk Queue Length,5.881971
1791023694,2026-10-03T18:34:53,win.PhysicalDisk(1 Q:)\Current Disk Queue Length,0.0
1791023694,2026-10-03T18:34:53,win.PhysicalDisk(_Total)\Current Disk Queue Length,0.0
1791023694,2026-10-03T18:34:53,win.Process(vmmemWSL)\% Processor Time,0.0
1791023704,2026-10-03T18:35:03,docker.dev-peer0.org1.example.com-saksi-bulletin_1.0-ee3fe73bad456e43adfc5ba27d9e5a60983b69e8496140308fb21061ecb2ff85.cpu_pct,0.0
1791023704,2026-10-03T18:35:03,docker.dev-peer0.org1.example.com-saksi-bulletin_1.0-ee3fe73bad456e43adfc5ba27d9e5a60983b69e8496140308fb21061ecb2ff85.mem_bytes,7299137.536
1791023704,2026-10-03T18:35:03,docker.dev-peer0.org1.example.com-saksi-bulletin_1.0-ee3fe73bad456e43adfc5ba27d9e5a60983b69e8496140308fb21061ecb2ff85.blk_read_bytes,0.0
1791023704,2026-10-03T18:35:03,docker.dev-peer0.org1.example.com-saksi-bulletin_1.0-ee3fe73bad456e43adfc5ba27d9e5a60983b69e8496140308fb21061ecb2ff85.blk_write_bytes,0.0
1791023704,2026-10-03T18:35:03,docker.dev-peer0.org2.example.com-saksi-bulletin_1.0-ee3fe73bad456e43adfc5ba27d9e5a60983b69e8496140308fb21061ecb2ff85.cpu_pct,0.0
1791023704,2026-10-03T18:35:03,docker.dev-peer0.org2.example.com-saksi-bulletin_1.0-ee3fe73bad456e43adfc5ba27d9e5a60983b69e8496140308fb21061ecb2ff85.mem_bytes,7618953.216
1791023704,2026-10-03T18:35:03,docker.dev-peer0.org2.example.com-saksi-bulletin_1.0-ee3fe73bad456e43adfc5ba27d9e5a60983b69e8496140308fb21061ecb2ff85.blk_read_bytes,0.0
1791023704,2026-10-03T18:35:03,docker.dev-peer0.org2.example.com-saksi-bulletin_1.0-ee3fe73bad456e43adfc5ba27d9e5a60983b69e8496140308fb21061ecb2ff85.blk_write_bytes,0.0
1791023704,2026-10-03T18:35:03,docker.peer0.org1.example.com.cpu_pct,1.26
1791023704,2026-10-03T18:35:03,docker.peer0.org1.example.com.mem_bytes,52460257.28
1791023704,2026-10-03T18:35:03,docker.peer0.org1.example.com.blk_read_bytes,3760000.0
1791023704,2026-10-03T18:35:03,docker.peer0.org1.example.com.blk_write_bytes,5140000.0
1791023704,2026-10-03T18:35:03,docker.peer0.org2.example.com.cpu_pct,1.17
1791023704,2026-10-03T18:35:03,docker.peer0.org2.example.com.mem_bytes,46042972.16
1791023704,2026-10-03T18:35:03,docker.peer0.org2.example.com.blk_read_bytes,545000.0
1791023704,2026-10-03T18:35:03,docker.peer0.org2.example.com.blk_write_bytes,3610000.0
1791023704,2026-10-03T18:35:03,docker.orderer.example.com.cpu_pct,0.03
1791023704,2026-10-03T18:35:03,docker.orderer.example.com.mem_bytes,27420262.4
1791023704,2026-10-03T18:35:03,docker.orderer.example.com.blk_read_bytes,31400000.0
1791023704,2026-10-03T18:35:03,docker.orderer.example.com.blk_write_bytes,262000.0
1791023704,2026-10-03T18:35:03,wsl.MemTotal_kb,24608408
1791023704,2026-10-03T18:35:03,wsl.MemAvailable_kb,22727144
1791023704,2026-10-03T18:35:03,wsl.SwapTotal_kb,0
1791023704,2026-10-03T18:35:03,wsl.SwapFree_kb,0
1791023704,2026-10-03T18:35:03,wsl.Dirty_kb,24
1791023704,2026-10-03T18:35:03,wsl.load1,14.46
1791023704,2026-10-03T18:35:03,wsl.load5,12.53
1791023704,2026-10-03T18:35:03,host.c_free_bytes,49289809920
1791023704,2026-10-03T18:35:03,host.q_free_bytes,418763845632
1791023704,2026-10-03T18:35:03,host.docker_vhdx_bytes,15592325120
1791023704,2026-10-03T18:35:03,host.ubuntu_vhdx_bytes,212983611392
1791023704,2026-10-03T18:35:03,win.Memory\Available MBytes,90.16908
1791023704,2026-10-03T18:35:03,win.PhysicalDisk(0 C:)\% Disk Time,1631.0
1791023704,2026-10-03T18:35:03,win.PhysicalDisk(1 Q:)\% Disk Time,0.183908
1791023704,2026-10-03T18:35:03,win.PhysicalDisk(_Total)\% Disk Time,0.120035
1791023704,2026-10-03T18:35:03,win.PhysicalDisk(0 C:)\Current Disk Queue Length,0.151972
1791023704,2026-10-03T18:35:03,win.PhysicalDisk(1 Q:)\Current Disk Queue Length,0.0
1791023704,2026-10-03T18:35:03,win.PhysicalDisk(_Total)\Current Disk Queue Length,0.0
1791023704,2026-10-03T18:35:03,win.Process(vmmemWSL)\% Processor Time,0.0
1791023714,2026-10-03T18:35:13,docker.dev-peer0.org1.example.com-saksi-bulletin_1.0-ee3fe73bad456e43adfc5ba27d9e5a60983b69e8496140308fb21061ecb2ff85.cpu_pct,0.0
1791023714,2026-10-03T18:35:13,docker.dev-peer0.org1.example.com-saksi-bulletin_1.0-ee3fe73bad456e43adfc5ba27d9e5a60983b69e8496140308fb21061ecb2ff85.mem_bytes,7299137.536
1791023714,2026-10-03T18:35:13,docker.dev-peer0.org1.example.com-saksi-bulletin_1.0-ee3fe73bad456e43adfc5ba27d9e5a60983b69e8496140308fb21061ecb2ff85.blk_read_bytes,0.0
1791023714,2026-10-03T18:35:13,docker.dev-peer0.org1.example.com-saksi-bulletin_1.0-ee3fe73bad456e43adfc5ba27d9e5a60983b69e8496140308fb21061ecb2ff85.blk_write_bytes,0.0
1791023714,2026-10-03T18:35:13,docker.dev-peer0.org2.example.com-saksi-bulletin_1.0-ee3fe73bad456e43adfc5ba27d9e5a60983b69e8496140308fb21061ecb2ff85.cpu_pct,0.0
1791023714,2026-10-03T18:35:13,docker.dev-peer0.org2.example.com-saksi-bulletin_1.0-ee3fe73bad456e43adfc5ba27d9e5a60983b69e8496140308fb21061ecb2ff85.mem_bytes,7361003.52
1791023714,2026-10-03T18:35:13,docker.dev-peer0.org2.example.com-saksi-bulletin_1.0-ee3fe73bad456e43adfc5ba27d9e5a60983b69e8496140308fb21061ecb2ff85.blk_read_bytes,0.0
1791023714,2026-10-03T18:35:13,docker.dev-peer0.org2.example.com-saksi-bulletin_1.0-ee3fe73bad456e43adfc5ba27d9e5a60983b69e8496140308fb21061ecb2ff85.blk_write_bytes,0.0
1791023714,2026-10-03T18:35:13,docker.peer0.org1.example.com.cpu_pct,1.23
1791023714,2026-10-03T18:35:13,docker.peer0.org1.example.com.mem_bytes,52722401.28
1791023714,2026-10-03T18:35:13,docker.peer0.org1.example.com.blk_read_bytes,3760000.0
1791023714,2026-10-03T18:35:13,docker.peer0.org1.example.com.blk_write_bytes,5140000.0
1791023714,2026-10-03T18:35:13,docker.peer0.org2.example.com.cpu_pct,1.17
1791023714,2026-10-03T18:35:13,docker.peer0.org2.example.com.mem_bytes,46063943.68
1791023714,2026-10-03T18:35:13,docker.peer0.org2.example.com.blk_read_bytes,545000.0
1791023714,2026-10-03T18:35:13,docker.peer0.org2.example.com.blk_write_bytes,3610000.0
1791023714,2026-10-03T18:35:13,docker.orderer.example.com.cpu_pct,0.04
1791023714,2026-10-03T18:35:13,docker.orderer.example.com.mem_bytes,27682406.4
1791023714,2026-10-03T18:35:13,docker.orderer.example.com.blk_read_bytes,31400000.0
1791023714,2026-10-03T18:35:13,docker.orderer.example.com.blk_write_bytes,262000.0
1791023714,2026-10-03T18:35:13,wsl.MemTotal_kb,24608408
1791023714,2026-10-03T18:35:13,wsl.MemAvailable_kb,22731144
1791023714,2026-10-03T18:35:13,wsl.SwapTotal_kb,0
1791023714,2026-10-03T18:35:13,wsl.SwapFree_kb,0
1791023714,2026-10-03T18:35:13,wsl.Dirty_kb,128
1791023714,2026-10-03T18:35:13,wsl.load1,14.7
1791023714,2026-10-03T18:35:13,wsl.load5,12.64
1791023714,2026-10-03T18:35:13,host.c_free_bytes,49291694080
1791023714,2026-10-03T18:35:13,host.q_free_bytes,418763845632
1791023714,2026-10-03T18:35:13,host.docker_vhdx_bytes,15592325120
1791023714,2026-10-03T18:35:13,host.ubuntu_vhdx_bytes,212983611392
1791023714,2026-10-03T18:35:13,win.Memory\Available MBytes,89.648555
1791023714,2026-10-03T18:35:13,win.PhysicalDisk(0 C:)\% Disk Time,1589.0
1791023714,2026-10-03T18:35:13,win.PhysicalDisk(1 Q:)\% Disk Time,0.130172
1791023714,2026-10-03T18:35:13,win.PhysicalDisk(_Total)\% Disk Time,0.0
1791023714,2026-10-03T18:35:13,win.PhysicalDisk(0 C:)\Current Disk Queue Length,0.065086
1791023714,2026-10-03T18:35:13,win.PhysicalDisk(1 Q:)\Current Disk Queue Length,0.0
1791023714,2026-10-03T18:35:13,win.PhysicalDisk(_Total)\Current Disk Queue Length,0.0
1791023714,2026-10-03T18:35:13,win.Process(vmmemWSL)\% Processor Time,0.0
1791023724,2026-10-03T18:35:23,docker.dev-peer0.org1.example.com-saksi-bulletin_1.0-ee3fe73bad456e43adfc5ba27d9e5a60983b69e8496140308fb21061ecb2ff85.cpu_pct,0.0
1791023724,2026-10-03T18:35:23,docker.dev-peer0.org1.example.com-saksi-bulletin_1.0-ee3fe73bad456e43adfc5ba27d9e5a60983b69e8496140308fb21061ecb2ff85.mem_bytes,7041187.84
1791023724,2026-10-03T18:35:23,docker.dev-peer0.org1.example.com-saksi-bulletin_1.0-ee3fe73bad456e43adfc5ba27d9e5a60983b69e8496140308fb21061ecb2ff85.blk_read_bytes,0.0
1791023724,2026-10-03T18:35:23,docker.dev-peer0.org1.example.com-saksi-bulletin_1.0-ee3fe73bad456e43adfc5ba27d9e5a60983b69e8496140308fb21061ecb2ff85.blk_write_bytes,0.0
1791023724,2026-10-03T18:35:23,docker.dev-peer0.org2.example.com-saksi-bulletin_1.0-ee3fe73bad456e43adfc5ba27d9e5a60983b69e8496140308fb21061ecb2ff85.cpu_pct,0.0
1791023724,2026-10-03T18:35:23,docker.dev-peer0.org2.example.com-saksi-bulletin_1.0-ee3fe73bad456e43adfc5ba27d9e5a60983b69e8496140308fb21061ecb2ff85.mem_bytes,7361003.52
1791023724,2026-10-03T18:35:23,docker.dev-peer0.org2.example.com-saksi-bulletin_1.0-ee3fe73bad456e43adfc5ba27d9e5a60983b69e8496140308fb21061ecb2ff85.blk_read_bytes,0.0
1791023724,2026-10-03T18:35:23,docker.dev-peer0.org2.example.com-saksi-bulletin_1.0-ee3fe73bad456e43adfc5ba27d9e5a60983b69e8496140308fb21061ecb2ff85.blk_write_bytes,0.0
1791023724,2026-10-03T18:35:23,docker.peer0.org1.example.com.cpu_pct,1.22
1791023724,2026-10-03T18:35:23,docker.peer0.org1.example.com.mem_bytes,52722401.28
1791023724,2026-10-03T18:35:23,docker.peer0.org1.example.com.blk_read_bytes,3760000.0
1791023724,2026-10-03T18:35:23,docker.peer0.org1.example.com.blk_write_bytes,5140000.0
1791023724,2026-10-03T18:35:23,docker.peer0.org2.example.com.cpu_pct,1.13
1791023724,2026-10-03T18:35:23,docker.peer0.org2.example.com.mem_bytes,46326087.68
1791023724,2026-10-03T18:35:23,docker.peer0.org2.example.com.blk_read_bytes,545000.0
1791023724,2026-10-03T18:35:23,docker.peer0.org2.example.com.blk_write_bytes,3610000.0
1791023724,2026-10-03T18:35:23,docker.orderer.example.com.cpu_pct,0.03
1791023724,2026-10-03T18:35:23,docker.orderer.example.com.mem_bytes,27682406.4
1791023724,2026-10-03T18:35:23,docker.orderer.example.com.blk_read_bytes,31400000.0
1791023724,2026-10-03T18:35:23,docker.orderer.example.com.blk_write_bytes,262000.0
1791023724,2026-10-03T18:35:23,wsl.MemTotal_kb,24608408
1791023724,2026-10-03T18:35:23,wsl.MemAvailable_kb,22730424
1791023724,2026-10-03T18:35:23,wsl.SwapTotal_kb,0
1791023724,2026-10-03T18:35:23,wsl.SwapFree_kb,0
1791023724,2026-10-03T18:35:23,wsl.Dirty_kb,128
1791023724,2026-10-03T18:35:23,wsl.load1,15.05
1791023724,2026-10-03T18:35:23,wsl.load5,12.78
1791023724,2026-10-03T18:35:23,host.c_free_bytes,49291304960
1791023724,2026-10-03T18:35:23,host.q_free_bytes,418763845632
1791023724,2026-10-03T18:35:23,host.docker_vhdx_bytes,15592325120
1791023724,2026-10-03T18:35:23,host.ubuntu_vhdx_bytes,212983611392
1791023724,2026-10-03T18:35:23,win.Memory\Available MBytes,90.113012
1791023724,2026-10-03T18:35:23,win.PhysicalDisk(0 C:)\% Disk Time,1588.0
1791023724,2026-10-03T18:35:23,win.PhysicalDisk(1 Q:)\% Disk Time,0.127542
1791023724,2026-10-03T18:35:23,win.PhysicalDisk(_Total)\% Disk Time,0.063149
1791023724,2026-10-03T18:35:23,win.PhysicalDisk(0 C:)\Current Disk Queue Length,0.095345
1791023724,2026-10-03T18:35:23,win.PhysicalDisk(1 Q:)\Current Disk Queue Length,0.0
1791023724,2026-10-03T18:35:23,win.PhysicalDisk(_Total)\Current Disk Queue Length,0.0
1791023724,2026-10-03T18:35:23,win.Process(vmmemWSL)\% Processor Time,0.0
1791023734,2026-10-03T18:35:33,docker.dev-peer0.org1.example.com-saksi-bulletin_1.0-ee3fe73bad456e43adfc5ba27d9e5a60983b69e8496140308fb21061ecb2ff85.cpu_pct,0.0
1791023734,2026-10-03T18:35:33,docker.dev-peer0.org1.example.com-saksi-bulletin_1.0-ee3fe73bad456e43adfc5ba27d9e5a60983b69e8496140308fb21061ecb2ff85.mem_bytes,7041187.84
1791023734,2026-10-03T18:35:33,docker.dev-peer0.org1.example.com-saksi-bulletin_1.0-ee3fe73bad456e43adfc5ba27d9e5a60983b69e8496140308fb21061ecb2ff85.blk_read_bytes,0.0
1791023734,2026-10-03T18:35:33,docker.dev-peer0.org1.example.com-saksi-bulletin_1.0-ee3fe73bad456e43adfc5ba27d9e5a60983b69e8496140308fb21061ecb2ff85.blk_write_bytes,0.0
1791023734,2026-10-03T18:35:33,docker.dev-peer0.org2.example.com-saksi-bulletin_1.0-ee3fe73bad456e43adfc5ba27d9e5a60983b69e8496140308fb21061ecb2ff85.cpu_pct,0.0
1791023734,2026-10-03T18:35:33,docker.dev-peer0.org2.example.com-saksi-bulletin_1.0-ee3fe73bad456e43adfc5ba27d9e5a60983b69e8496140308fb21061ecb2ff85.mem_bytes,7361003.52
1791023734,2026-10-03T18:35:33,docker.dev-peer0.org2.example.com-saksi-bulletin_1.0-ee3fe73bad456e43adfc5ba27d9e5a60983b69e8496140308fb21061ecb2ff85.blk_read_bytes,0.0
1791023734,2026-10-03T18:35:33,docker.dev-peer0.org2.example.com-saksi-bulletin_1.0-ee3fe73bad456e43adfc5ba27d9e5a60983b69e8496140308fb21061ecb2ff85.blk_write_bytes,0.0
1791023734,2026-10-03T18:35:33,docker.peer0.org1.example.com.cpu_pct,1.22
1791023734,2026-10-03T18:35:33,docker.peer0.org1.example.com.mem_bytes,52732887.04
1791023734,2026-10-03T18:35:33,docker.peer0.org1.example.com.blk_read_bytes,3760000.0
1791023734,2026-10-03T18:35:33,docker.peer0.org1.example.com.blk_write_bytes,5140000.0
1791023734,2026-10-03T18:35:33,docker.peer0.org2.example.com.cpu_pct,1.16
1791023734,2026-10-03T18:35:33,docker.peer0.org2.example.com.mem_bytes,46074429.44
1791023734,2026-10-03T18:35:33,docker.peer0.org2.example.com.blk_read_bytes,545000.0
1791023734,2026-10-03T18:35:33,docker.peer0.org2.example.com.blk_write_bytes,3610000.0
1791023734,2026-10-03T18:35:33,docker.orderer.example.com.cpu_pct,0.03
1791023734,2026-10-03T18:35:33,docker.orderer.example.com.mem_bytes,27682406.4
1791023734,2026-10-03T18:35:33,docker.orderer.example.com.blk_read_bytes,31400000.0
1791023734,2026-10-03T18:35:33,docker.orderer.example.com.blk_write_bytes,262000.0
1791023734,2026-10-03T18:35:33,wsl.MemTotal_kb,24608408
1791023734,2026-10-03T18:35:33,wsl.MemAvailable_kb,22737476
1791023734,2026-10-03T18:35:33,wsl.SwapTotal_kb,0
1791023734,2026-10-03T18:35:33,wsl.SwapFree_kb,0
1791023734,2026-10-03T18:35:33,wsl.Dirty_kb,120
1791023734,2026-10-03T18:35:33,wsl.load1,15.19
1791023734,2026-10-03T18:35:33,wsl.load5,12.89
1791023734,2026-10-03T18:35:33,host.c_free_bytes,49290924032
1791023734,2026-10-03T18:35:33,host.q_free_bytes,418763845632
1791023734,2026-10-03T18:35:33,host.docker_vhdx_bytes,15592325120
1791023734,2026-10-03T18:35:33,host.ubuntu_vhdx_bytes,212983611392
1791023734,2026-10-03T18:35:33,win.Memory\Available MBytes,89.318819
1791023734,2026-10-03T18:35:33,win.PhysicalDisk(0 C:)\% Disk Time,1601.0
1791023734,2026-10-03T18:35:33,win.PhysicalDisk(1 Q:)\% Disk Time,0.216473
1791023734,2026-10-03T18:35:33,win.PhysicalDisk(_Total)\% Disk Time,0.0
1791023734,2026-10-03T18:35:33,win.PhysicalDisk(0 C:)\Current Disk Queue Length,0.108237
1791023734,2026-10-03T18:35:33,win.PhysicalDisk(1 Q:)\Current Disk Queue Length,0.0
1791023734,2026-10-03T18:35:33,win.PhysicalDisk(_Total)\Current Disk Queue Length,0.0
1791023734,2026-10-03T18:35:33,win.Process(vmmemWSL)\% Processor Time,0.0
1791023744,2026-10-03T18:35:43,docker.dev-peer0.org1.example.com-saksi-bulletin_1.0-ee3fe73bad456e43adfc5ba27d9e5a60983b69e8496140308fb21061ecb2ff85.cpu_pct,0.0
1791023744,2026-10-03T18:35:43,docker.dev-peer0.org1.example.com-saksi-bulletin_1.0-ee3fe73bad456e43adfc5ba27d9e5a60983b69e8496140308fb21061ecb2ff85.mem_bytes,7303331.84
1791023744,2026-10-03T18:35:43,docker.dev-peer0.org1.example.com-saksi-bulletin_1.0-ee3fe73bad456e43adfc5ba27d9e5a60983b69e8496140308fb21061ecb2ff85.blk_read_bytes,0.0
1791023744,2026-10-03T18:35:43,docker.dev-peer0.org1.example.com-saksi-bulletin_1.0-ee3fe73bad456e43adfc5ba27d9e5a60983b69e8496140308fb21061ecb2ff85.blk_write_bytes,0.0
1791023744,2026-10-03T18:35:43,docker.dev-peer0.org2.example.com-saksi-bulletin_1.0-ee3fe73bad456e43adfc5ba27d9e5a60983b69e8496140308fb21061ecb2ff85.cpu_pct,0.0
1791023744,2026-10-03T18:35:43,docker.dev-peer0.org2.example.com-saksi-bulletin_1.0-ee3fe73bad456e43adfc5ba27d9e5a60983b69e8496140308fb21061ecb2ff85.mem_bytes,7361003.52
1791023744,2026-10-03T18:35:43,docker.dev-peer0.org2.example.com-saksi-bulletin_1.0-ee3fe73bad456e43adfc5ba27d9e5a60983b69e8496140308fb21061ecb2ff85.blk_read_bytes,0.0
1791023744,2026-10-03T18:35:43,docker.dev-peer0.org2.example.com-saksi-bulletin_1.0-ee3fe73bad456e43adfc5ba27d9e5a60983b69e8496140308fb21061ecb2ff85.blk_write_bytes,0.0
1791023744,2026-10-03T18:35:43,docker.peer0.org1.example.com.cpu_pct,1.29
1791023744,2026-10-03T18:35:43,docker.peer0.org1.example.com.mem_bytes,52753858.56
1791023744,2026-10-03T18:35:43,docker.peer0.org1.example.com.blk_read_bytes,3760000.0
1791023744,2026-10-03T18:35:43,docker.peer0.org1.example.com.blk_write_bytes,5140000.0
1791023744,2026-10-03T18:35:43,docker.peer0.org2.example.com.cpu_pct,0.91
1791023744,2026-10-03T18:35:43,docker.peer0.org2.example.com.mem_bytes,45801799.68
1791023744,2026-10-03T18:35:43,docker.peer0.org2.example.com.blk_read_bytes,545000.0
1791023744,2026-10-03T18:35:43,docker.peer0.org2.example.com.blk_write_bytes,3610000.0
1791023744,2026-10-03T18:35:43,docker.orderer.example.com.cpu_pct,0.04
1791023744,2026-10-03T18:35:43,docker.orderer.example.com.mem_bytes,27934064.64
1791023744,2026-10-03T18:35:43,docker.orderer.example.com.blk_read_bytes,31400000.0
1791023744,2026-10-03T18:35:43,docker.orderer.example.com.blk_write_bytes,262000.0
1791023744,2026-10-03T18:35:43,wsl.MemTotal_kb,24608408
1791023744,2026-10-03T18:35:43,wsl.MemAvailable_kb,22743440
1791023744,2026-10-03T18:35:43,wsl.SwapTotal_kb,0
1791023744,2026-10-03T18:35:43,wsl.SwapFree_kb,0
1791023744,2026-10-03T18:35:43,wsl.Dirty_kb,32
1791023744,2026-10-03T18:35:43,wsl.load1,15.32
1791023744,2026-10-03T18:35:43,wsl.load5,12.99
1791023744,2026-10-03T18:35:43,host.c_free_bytes,49290526720
1791023744,2026-10-03T18:35:43,host.q_free_bytes,418763845632
1791023744,2026-10-03T18:35:43,host.docker_vhdx_bytes,15592325120
1791023744,2026-10-03T18:35:43,host.ubuntu_vhdx_bytes,212983611392
1791023744,2026-10-03T18:35:43,win.Memory\Available MBytes,90.140806
1791023744,2026-10-03T18:35:43,win.PhysicalDisk(0 C:)\% Disk Time,1576.0
1791023744,2026-10-03T18:35:43,win.PhysicalDisk(1 Q:)\% Disk Time,0.135507
1791023744,2026-10-03T18:35:43,win.PhysicalDisk(_Total)\% Disk Time,0.0
1791023744,2026-10-03T18:35:43,win.PhysicalDisk(0 C:)\Current Disk Queue Length,0.067754
1791023744,2026-10-03T18:35:43,win.PhysicalDisk(1 Q:)\Current Disk Queue Length,0.0
1791023744,2026-10-03T18:35:43,win.PhysicalDisk(_Total)\Current Disk Queue Length,0.0
1791023744,2026-10-03T18:35:43,win.Process(vmmemWSL)\% Processor Time,0.0
1791023754,2026-10-03T18:35:53,docker.dev-peer0.org1.example.com-saksi-bulletin_1.0-ee3fe73bad456e43adfc5ba27d9e5a60983b69e8496140308fb21061ecb2ff85.cpu_pct,0.0
1791023754,2026-10-03T18:35:53,docker.dev-peer0.org1.example.com-saksi-bulletin_1.0-ee3fe73bad456e43adfc5ba27d9e5a60983b69e8496140308fb21061ecb2ff85.mem_bytes,7041187.84
1791023754,2026-10-03T18:35:53,docker.dev-peer0.org1.example.com-saksi-bulletin_1.0-ee3fe73bad456e43adfc5ba27d9e5a60983b69e8496140308fb21061ecb2ff85.blk_read_bytes,0.0
1791023754,2026-10-03T18:35:53,docker.dev-peer0.org1.example.com-saksi-bulletin_1.0-ee3fe73bad456e43adfc5ba27d9e5a60983b69e8496140308fb21061ecb2ff85.blk_write_bytes,0.0
1791023754,2026-10-03T18:35:53,docker.dev-peer0.org2.example.com-saksi-bulletin_1.0-ee3fe73bad456e43adfc5ba27d9e5a60983b69e8496140308fb21061ecb2ff85.cpu_pct,0.0
1791023754,2026-10-03T18:35:53,docker.dev-peer0.org2.example.com-saksi-bulletin_1.0-ee3fe73bad456e43adfc5ba27d9e5a60983b69e8496140308fb21061ecb2ff85.mem_bytes,7361003.52
1791023754,2026-10-03T18:35:53,docker.dev-peer0.org2.example.com-saksi-bulletin_1.0-ee3fe73bad456e43adfc5ba27d9e5a60983b69e8496140308fb21061ecb2ff85.blk_read_bytes,0.0
1791023754,2026-10-03T18:35:53,docker.dev-peer0.org2.example.com-saksi-bulletin_1.0-ee3fe73bad456e43adfc5ba27d9e5a60983b69e8496140308fb21061ecb2ff85.blk_write_bytes,0.0
1791023754,2026-10-03T18:35:53,docker.peer0.org1.example.com.cpu_pct,2.48
1791023754,2026-10-03T18:35:53,docker.peer0.org1.example.com.mem_bytes,52743372.8
1791023754,2026-10-03T18:35:53,docker.peer0.org1.example.com.blk_read_bytes,3760000.0
1791023754,2026-10-03T18:35:53,docker.peer0.org1.example.com.blk_write_bytes,5140000.0
1791023754,2026-10-03T18:35:53,docker.peer0.org2.example.com.cpu_pct,1.17
1791023754,2026-10-03T18:35:53,docker.peer0.org2.example.com.mem_bytes,46126858.24
1791023754,2026-10-03T18:35:53,docker.peer0.org2.example.com.blk_read_bytes,545000.0
1791023754,2026-10-03T18:35:53,docker.peer0.org2.example.com.blk_write_bytes,3610000.0
1791023754,2026-10-03T18:35:53,docker.orderer.example.com.cpu_pct,0.03
1791023754,2026-10-03T18:35:53,docker.orderer.example.com.mem_bytes,27934064.64
1791023754,2026-10-03T18:35:53,docker.orderer.example.com.blk_read_bytes,31400000.0
1791023754,2026-10-03T18:35:53,docker.orderer.example.com.blk_write_bytes,262000.0
1791023754,2026-10-03T18:35:53,wsl.MemTotal_kb,24608408
1791023754,2026-10-03T18:35:53,wsl.MemAvailable_kb,22736588
1791023754,2026-10-03T18:35:53,wsl.SwapTotal_kb,0
1791023754,2026-10-03T18:35:53,wsl.SwapFree_kb,0
1791023754,2026-10-03T18:35:53,wsl.Dirty_kb,32
1791023754,2026-10-03T18:35:53,wsl.load1,15.5
1791023754,2026-10-03T18:35:53,wsl.load5,13.11
1791023754,2026-10-03T18:35:53,host.c_free_bytes,49281748992
1791023754,2026-10-03T18:35:53,host.q_free_bytes,418763845632
1791023754,2026-10-03T18:35:53,host.docker_vhdx_bytes,15592325120
1791023754,2026-10-03T18:35:53,host.ubuntu_vhdx_bytes,212983611392
1791023754,2026-10-03T18:35:53,win.Memory\Available MBytes,89.504567
1791023754,2026-10-03T18:35:53,win.PhysicalDisk(0 C:)\% Disk Time,1575.0
1791023754,2026-10-03T18:35:53,win.PhysicalDisk(1 Q:)\% Disk Time,0.217003
1791023754,2026-10-03T18:35:53,win.PhysicalDisk(_Total)\% Disk Time,0.0
1791023754,2026-10-03T18:35:53,win.PhysicalDisk(0 C:)\Current Disk Queue Length,0.108501
1791023754,2026-10-03T18:35:53,win.PhysicalDisk(1 Q:)\Current Disk Queue Length,0.0
1791023754,2026-10-03T18:35:53,win.PhysicalDisk(_Total)\Current Disk Queue Length,0.0
1791023754,2026-10-03T18:35:53,win.Process(vmmemWSL)\% Processor Time,0.0
1791023764,2026-10-03T18:36:03,docker.dev-peer0.org1.example.com-saksi-bulletin_1.0-ee3fe73bad456e43adfc5ba27d9e5a60983b69e8496140308fb21061ecb2ff85.cpu_pct,0.0
1791023764,2026-10-03T18:36:03,docker.dev-peer0.org1.example.com-saksi-bulletin_1.0-ee3fe73bad456e43adfc5ba27d9e5a60983b69e8496140308fb21061ecb2ff85.mem_bytes,7041187.84
1791023764,2026-10-03T18:36:03,docker.dev-peer0.org1.example.com-saksi-bulletin_1.0-ee3fe73bad456e43adfc5ba27d9e5a60983b69e8496140308fb21061ecb2ff85.blk_read_bytes,0.0
1791023764,2026-10-03T18:36:03,docker.dev-peer0.org1.example.com-saksi-bulletin_1.0-ee3fe73bad456e43adfc5ba27d9e5a60983b69e8496140308fb21061ecb2ff85.blk_write_bytes,0.0
1791023764,2026-10-03T18:36:03,docker.dev-peer0.org2.example.com-saksi-bulletin_1.0-ee3fe73bad456e43adfc5ba27d9e5a60983b69e8496140308fb21061ecb2ff85.cpu_pct,0.0
1791023764,2026-10-03T18:36:03,docker.dev-peer0.org2.example.com-saksi-bulletin_1.0-ee3fe73bad456e43adfc5ba27d9e5a60983b69e8496140308fb21061ecb2ff85.mem_bytes,7361003.52
1791023764,2026-10-03T18:36:03,docker.dev-peer0.org2.example.com-saksi-bulletin_1.0-ee3fe73bad456e43adfc5ba27d9e5a60983b69e8496140308fb21061ecb2ff85.blk_read_bytes,0.0
1791023764,2026-10-03T18:36:03,docker.dev-peer0.org2.example.com-saksi-bulletin_1.0-ee3fe73bad456e43adfc5ba27d9e5a60983b69e8496140308fb21061ecb2ff85.blk_write_bytes,0.0
1791023764,2026-10-03T18:36:03,docker.peer0.org1.example.com.cpu_pct,1.07
1791023764,2026-10-03T18:36:03,docker.peer0.org1.example.com.mem_bytes,53005516.8
1791023764,2026-10-03T18:36:03,docker.peer0.org1.example.com.blk_read_bytes,3760000.0
1791023764,2026-10-03T18:36:03,docker.peer0.org1.example.com.blk_write_bytes,5140000.0
1791023764,2026-10-03T18:36:03,docker.peer0.org2.example.com.cpu_pct,1.11
1791023764,2026-10-03T18:36:03,docker.peer0.org2.example.com.mem_bytes,46116372.48
1791023764,2026-10-03T18:36:03,docker.peer0.org2.example.com.blk_read_bytes,545000.0
1791023764,2026-10-03T18:36:03,docker.peer0.org2.example.com.blk_write_bytes,3610000.0
1791023764,2026-10-03T18:36:03,docker.orderer.example.com.cpu_pct,0.03
1791023764,2026-10-03T18:36:03,docker.orderer.example.com.mem_bytes,27934064.64
1791023764,2026-10-03T18:36:03,docker.orderer.example.com.blk_read_bytes,31400000.0
1791023764,2026-10-03T18:36:03,docker.orderer.example.com.blk_write_bytes,262000.0
1791023764,2026-10-03T18:36:03,wsl.MemTotal_kb,24608408
1791023764,2026-10-03T18:36:03,wsl.MemAvailable_kb,22758876
1791023764,2026-10-03T18:36:03,wsl.SwapTotal_kb,0
1791023764,2026-10-03T18:36:03,wsl.SwapFree_kb,0
1791023764,2026-10-03T18:36:03,wsl.Dirty_kb,0
1791023764,2026-10-03T18:36:03,wsl.load1,15.58
1791023764,2026-10-03T18:36:03,wsl.load5,13.21
1791023764,2026-10-03T18:36:03,host.c_free_bytes,49281486848
1791023764,2026-10-03T18:36:03,host.q_free_bytes,418763845632
1791023764,2026-10-03T18:36:03,host.docker_vhdx_bytes,15592325120
1791023764,2026-10-03T18:36:03,host.ubuntu_vhdx_bytes,212983611392
1791023764,2026-10-03T18:36:03,win.Memory\Available MBytes,89.97657
1791023764,2026-10-03T18:36:03,win.PhysicalDisk(0 C:)\% Disk Time,1594.0
1791023764,2026-10-03T18:36:03,win.PhysicalDisk(1 Q:)\% Disk Time,0.145592
1791023764,2026-10-03T18:36:03,win.PhysicalDisk(_Total)\% Disk Time,0.0
1791023764,2026-10-03T18:36:03,win.PhysicalDisk(0 C:)\Current Disk Queue Length,0.072796
1791023764,2026-10-03T18:36:03,win.PhysicalDisk(1 Q:)\Current Disk Queue Length,0.0
1791023764,2026-10-03T18:36:03,win.PhysicalDisk(_Total)\Current Disk Queue Length,0.0
1791023764,2026-10-03T18:36:03,win.Process(vmmemWSL)\% Processor Time,0.0
1791023774,2026-10-03T18:36:13,docker.dev-peer0.org1.example.com-saksi-bulletin_1.0-ee3fe73bad456e43adfc5ba27d9e5a60983b69e8496140308fb21061ecb2ff85.cpu_pct,0.0
1791023774,2026-10-03T18:36:13,docker.dev-peer0.org1.example.com-saksi-bulletin_1.0-ee3fe73bad456e43adfc5ba27d9e5a60983b69e8496140308fb21061ecb2ff85.mem_bytes,7041187.84
1791023774,2026-10-03T18:36:13,docker.dev-peer0.org1.example.com-saksi-bulletin_1.0-ee3fe73bad456e43adfc5ba27d9e5a60983b69e8496140308fb21061ecb2ff85.blk_read_bytes,0.0
1791023774,2026-10-03T18:36:13,docker.dev-peer0.org1.example.com-saksi-bulletin_1.0-ee3fe73bad456e43adfc5ba27d9e5a60983b69e8496140308fb21061ecb2ff85.blk_write_bytes,0.0
1791023774,2026-10-03T18:36:13,docker.dev-peer0.org2.example.com-saksi-bulletin_1.0-ee3fe73bad456e43adfc5ba27d9e5a60983b69e8496140308fb21061ecb2ff85.cpu_pct,0.0
1791023774,2026-10-03T18:36:13,docker.dev-peer0.org2.example.com-saksi-bulletin_1.0-ee3fe73bad456e43adfc5ba27d9e5a60983b69e8496140308fb21061ecb2ff85.mem_bytes,7098859.52
1791023774,2026-10-03T18:36:13,docker.dev-peer0.org2.example.com-saksi-bulletin_1.0-ee3fe73bad456e43adfc5ba27d9e5a60983b69e8496140308fb21061ecb2ff85.blk_read_bytes,0.0
1791023774,2026-10-03T18:36:13,docker.dev-peer0.org2.example.com-saksi-bulletin_1.0-ee3fe73bad456e43adfc5ba27d9e5a60983b69e8496140308fb21061ecb2ff85.blk_write_bytes,0.0
1791023774,2026-10-03T18:36:13,docker.peer0.org1.example.com.cpu_pct,1.33
1791023774,2026-10-03T18:36:13,docker.peer0.org1.example.com.mem_bytes,52743372.8
1791023774,2026-10-03T18:36:13,docker.peer0.org1.example.com.blk_read_bytes,3760000.0
1791023774,2026-10-03T18:36:13,docker.peer0.org1.example.com.blk_write_bytes,5140000.0
1791023774,2026-10-03T18:36:13,docker.peer0.org2.example.com.cpu_pct,1.32
1791023774,2026-10-03T18:36:13,docker.peer0.org2.example.com.mem_bytes,46378516.48
1791023774,2026-10-03T18:36:13,docker.peer0.org2.example.com.blk_read_bytes,545000.0
1791023774,2026-10-03T18:36:13,docker.peer0.org2.example.com.blk_write_bytes,3610000.0
1791023774,2026-10-03T18:36:13,docker.orderer.example.com.cpu_pct,0.04
1791023774,2026-10-03T18:36:13,docker.orderer.example.com.mem_bytes,27158118.4
1791023774,2026-10-03T18:36:13,docker.orderer.example.com.blk_read_bytes,31400000.0
1791023774,2026-10-03T18:36:13,docker.orderer.example.com.blk_write_bytes,262000.0
1791023774,2026-10-03T18:36:13,wsl.MemTotal_kb,24608408
1791023774,2026-10-03T18:36:13,wsl.MemAvailable_kb,22755652
1791023774,2026-10-03T18:36:13,wsl.SwapTotal_kb,0
1791023774,2026-10-03T18:36:13,wsl.SwapFree_kb,0
1791023774,2026-10-03T18:36:13,wsl.Dirty_kb,32
1791023774,2026-10-03T18:36:13,wsl.load1,15.64
1791023774,2026-10-03T18:36:13,wsl.load5,13.3
1791023774,2026-10-03T18:36:13,host.c_free_bytes,49283158016
1791023774,2026-10-03T18:36:13,host.q_free_bytes,418763845632
1791023774,2026-10-03T18:36:13,host.docker_vhdx_bytes,15592325120
1791023774,2026-10-03T18:36:13,host.ubuntu_vhdx_bytes,212983611392
1791023774,2026-10-03T18:36:13,win.Memory\Available MBytes,89.72691
1791023774,2026-10-03T18:36:13,win.PhysicalDisk(0 C:)\% Disk Time,1570.0
1791023774,2026-10-03T18:36:13,win.PhysicalDisk(1 Q:)\% Disk Time,0.190176
1791023774,2026-10-03T18:36:13,win.PhysicalDisk(_Total)\% Disk Time,0.0
1791023774,2026-10-03T18:36:13,win.PhysicalDisk(0 C:)\Current Disk Queue Length,0.095087
1791023774,2026-10-03T18:36:13,win.PhysicalDisk(1 Q:)\Current Disk Queue Length,0.0
1791023774,2026-10-03T18:36:13,win.PhysicalDisk(_Total)\Current Disk Queue Length,0.0
1791023774,2026-10-03T18:36:13,win.Process(vmmemWSL)\% Processor Time,0.0
1791023784,2026-10-03T18:36:23,docker.dev-peer0.org1.example.com-saksi-bulletin_1.0-ee3fe73bad456e43adfc5ba27d9e5a60983b69e8496140308fb21061ecb2ff85.cpu_pct,0.0
1791023784,2026-10-03T18:36:23,docker.dev-peer0.org1.example.com-saksi-bulletin_1.0-ee3fe73bad456e43adfc5ba27d9e5a60983b69e8496140308fb21061ecb2ff85.mem_bytes,7041187.84
1791023784,2026-10-03T18:36:23,docker.dev-peer0.org1.example.com-saksi-bulletin_1.0-ee3fe73bad456e43adfc5ba27d9e5a60983b69e8496140308fb21061ecb2ff85.blk_read_bytes,0.0
1791023784,2026-10-03T18:36:23,docker.dev-peer0.org1.example.com-saksi-bulletin_1.0-ee3fe73bad456e43adfc5ba27d9e5a60983b69e8496140308fb21061ecb2ff85.blk_write_bytes,0.0
1791023784,2026-10-03T18:36:23,docker.dev-peer0.org2.example.com-saksi-bulletin_1.0-ee3fe73bad456e43adfc5ba27d9e5a60983b69e8496140308fb21061ecb2ff85.cpu_pct,0.0
1791023784,2026-10-03T18:36:23,docker.dev-peer0.org2.example.com-saksi-bulletin_1.0-ee3fe73bad456e43adfc5ba27d9e5a60983b69e8496140308fb21061ecb2ff85.mem_bytes,7098859.52
1791023784,2026-10-03T18:36:23,docker.dev-peer0.org2.example.com-saksi-bulletin_1.0-ee3fe73bad456e43adfc5ba27d9e5a60983b69e8496140308fb21061ecb2ff85.blk_read_bytes,0.0
1791023784,2026-10-03T18:36:23,docker.dev-peer0.org2.example.com-saksi-bulletin_1.0-ee3fe73bad456e43adfc5ba27d9e5a60983b69e8496140308fb21061ecb2ff85.blk_write_bytes,0.0
1791023784,2026-10-03T18:36:23,docker.peer0.org1.example.com.cpu_pct,1.0
1791023784,2026-10-03T18:36:23,docker.peer0.org1.example.com.mem_bytes,52995031.04
1791023784,2026-10-03T18:36:23,docker.peer0.org1.example.com.blk_read_bytes,3760000.0
1791023784,2026-10-03T18:36:23,docker.peer0.org1.example.com.blk_write_bytes,5140000.0
1791023784,2026-10-03T18:36:23,docker.peer0.org2.example.com.cpu_pct,0.93
1791023784,2026-10-03T18:36:23,docker.peer0.org2.example.com.mem_bytes,46357544.96
1791023784,2026-10-03T18:36:23,docker.peer0.org2.example.com.blk_read_bytes,545000.0
1791023784,2026-10-03T18:36:23,docker.peer0.org2.example.com.blk_write_bytes,3610000.0
1791023784,2026-10-03T18:36:23,docker.orderer.example.com.cpu_pct,0.03
1791023784,2026-10-03T18:36:23,docker.orderer.example.com.mem_bytes,27158118.4
1791023784,2026-10-03T18:36:23,docker.orderer.example.com.blk_read_bytes,31400000.0
1791023784,2026-10-03T18:36:23,docker.orderer.example.com.blk_write_bytes,262000.0
1791023784,2026-10-03T18:36:23,wsl.MemTotal_kb,24608408
1791023784,2026-10-03T18:36:23,wsl.MemAvailable_kb,22757332
1791023784,2026-10-03T18:36:23,wsl.SwapTotal_kb,0
1791023784,2026-10-03T18:36:23,wsl.SwapFree_kb,0
1791023784,2026-10-03T18:36:23,wsl.Dirty_kb,32
1791023784,2026-10-03T18:36:23,wsl.load1,15.67
1791023784,2026-10-03T18:36:23,wsl.load5,13.34
1791023784,2026-10-03T18:36:23,host.c_free_bytes,49282863104
1791023784,2026-10-03T18:36:23,host.q_free_bytes,418763845632
1791023784,2026-10-03T18:36:23,host.docker_vhdx_bytes,15592325120
1791023784,2026-10-03T18:36:23,host.ubuntu_vhdx_bytes,212983611392
1791023784,2026-10-03T18:36:23,win.Memory\Available MBytes,89.475796
1791023784,2026-10-03T18:36:23,win.PhysicalDisk(0 C:)\% Disk Time,1554.0
1791023784,2026-10-03T18:36:23,win.PhysicalDisk(1 Q:)\% Disk Time,0.148934
1791023784,2026-10-03T18:36:23,win.PhysicalDisk(_Total)\% Disk Time,0.0
1791023784,2026-10-03T18:36:23,win.PhysicalDisk(0 C:)\Current Disk Queue Length,0.074468
1791023784,2026-10-03T18:36:23,win.PhysicalDisk(1 Q:)\Current Disk Queue Length,0.0
1791023784,2026-10-03T18:36:23,win.PhysicalDisk(_Total)\Current Disk Queue Length,0.0
1791023784,2026-10-03T18:36:23,win.Process(vmmemWSL)\% Processor Time,0.0
1791023794,2026-10-03T18:36:33,docker.dev-peer0.org1.example.com-saksi-bulletin_1.0-ee3fe73bad456e43adfc5ba27d9e5a60983b69e8496140308fb21061ecb2ff85.cpu_pct,0.0
1791023794,2026-10-03T18:36:33,docker.dev-peer0.org1.example.com-saksi-bulletin_1.0-ee3fe73bad456e43adfc5ba27d9e5a60983b69e8496140308fb21061ecb2ff85.mem_bytes,7041187.84
1791023794,2026-10-03T18:36:33,docker.dev-peer0.org1.example.com-saksi-bulletin_1.0-ee3fe73bad456e43adfc5ba27d9e5a60983b69e8496140308fb21061ecb2ff85.blk_read_bytes,0.0
1791023794,2026-10-03T18:36:33,docker.dev-peer0.org1.example.com-saksi-bulletin_1.0-ee3fe73bad456e43adfc5ba27d9e5a60983b69e8496140308fb21061ecb2ff85.blk_write_bytes,0.0
1791023794,2026-10-03T18:36:33,docker.dev-peer0.org2.example.com-saksi-bulletin_1.0-ee3fe73bad456e43adfc5ba27d9e5a60983b69e8496140308fb21061ecb2ff85.cpu_pct,0.0
1791023794,2026-10-03T18:36:33,docker.dev-peer0.org2.example.com-saksi-bulletin_1.0-ee3fe73bad456e43adfc5ba27d9e5a60983b69e8496140308fb21061ecb2ff85.mem_bytes,7098859.52
1791023794,2026-10-03T18:36:33,docker.dev-peer0.org2.example.com-saksi-bulletin_1.0-ee3fe73bad456e43adfc5ba27d9e5a60983b69e8496140308fb21061ecb2ff85.blk_read_bytes,0.0
1791023794,2026-10-03T18:36:33,docker.dev-peer0.org2.example.com-saksi-bulletin_1.0-ee3fe73bad456e43adfc5ba27d9e5a60983b69e8496140308fb21061ecb2ff85.blk_write_bytes,0.0
1791023794,2026-10-03T18:36:33,docker.peer0.org1.example.com.cpu_pct,1.21
1791023794,2026-10-03T18:36:33,docker.peer0.org1.example.com.mem_bytes,53246689.28
1791023794,2026-10-03T18:36:33,docker.peer0.org1.example.com.blk_read_bytes,3760000.0
1791023794,2026-10-03T18:36:33,docker.peer0.org1.example.com.blk_write_bytes,5140000.0
1791023794,2026-10-03T18:36:33,docker.peer0.org2.example.com.cpu_pct,1.18
1791023794,2026-10-03T18:36:33,docker.peer0.org2.example.com.mem_bytes,46619688.96
1791023794,2026-10-03T18:36:33,docker.peer0.org2.example.com.blk_read_bytes,545000.0
1791023794,2026-10-03T18:36:33,docker.peer0.org2.example.com.blk_write_bytes,3610000.0
1791023794,2026-10-03T18:36:33,docker.orderer.example.com.cpu_pct,0.03
1791023794,2026-10-03T18:36:33,docker.orderer.example.com.mem_bytes,27158118.4
1791023794,2026-10-03T18:36:33,docker.orderer.example.com.blk_read_bytes,31400000.0
1791023794,2026-10-03T18:36:33,docker.orderer.example.com.blk_write_bytes,262000.0
1791023794,2026-10-03T18:36:33,wsl.MemTotal_kb,24608408
1791023794,2026-10-03T18:36:33,wsl.MemAvailable_kb,22758716
1791023794,2026-10-03T18:36:33,wsl.SwapTotal_kb,0
1791023794,2026-10-03T18:36:33,wsl.SwapFree_kb,0
1791023794,2026-10-03T18:36:33,wsl.Dirty_kb,32
1791023794,2026-10-03T18:36:33,wsl.load1,14.8
1791023794,2026-10-03T18:36:33,wsl.load5,13.25
1791023794,2026-10-03T18:36:33,host.c_free_bytes,49282469888
1791023794,2026-10-03T18:36:33,host.q_free_bytes,418763845632
1791023794,2026-10-03T18:36:33,host.docker_vhdx_bytes,15592325120
1791023794,2026-10-03T18:36:33,host.ubuntu_vhdx_bytes,212983611392
1791023794,2026-10-03T18:36:33,win.Memory\Available MBytes,90.066241
1791023794,2026-10-03T18:36:33,win.PhysicalDisk(0 C:)\% Disk Time,1536.0
1791023794,2026-10-03T18:36:33,win.PhysicalDisk(1 Q:)\% Disk Time,0.262734
1791023794,2026-10-03T18:36:33,win.PhysicalDisk(_Total)\% Disk Time,0.0
1791023794,2026-10-03T18:36:33,win.PhysicalDisk(0 C:)\Current Disk Queue Length,0.131367
1791023794,2026-10-03T18:36:33,win.PhysicalDisk(1 Q:)\Current Disk Queue Length,0.0
1791023794,2026-10-03T18:36:33,win.PhysicalDisk(_Total)\Current Disk Queue Length,0.0
1791023794,2026-10-03T18:36:33,win.Process(vmmemWSL)\% Processor Time,0.0
1791023804,2026-10-03T18:36:43,docker.dev-peer0.org1.example.com-saksi-bulletin_1.0-ee3fe73bad456e43adfc5ba27d9e5a60983b69e8496140308fb21061ecb2ff85.cpu_pct,0.0
1791023804,2026-10-03T18:36:43,docker.dev-peer0.org1.example.com-saksi-bulletin_1.0-ee3fe73bad456e43adfc5ba27d9e5a60983b69e8496140308fb21061ecb2ff85.mem_bytes,7303331.84
1791023804,2026-10-03T18:36:43,docker.dev-peer0.org1.example.com-saksi-bulletin_1.0-ee3fe73bad456e43adfc5ba27d9e5a60983b69e8496140308fb21061ecb2ff85.blk_read_bytes,0.0
1791023804,2026-10-03T18:36:43,docker.dev-peer0.org1.example.com-saksi-bulletin_1.0-ee3fe73bad456e43adfc5ba27d9e5a60983b69e8496140308fb21061ecb2ff85.blk_write_bytes,0.0
1791023804,2026-10-03T18:36:43,docker.dev-peer0.org2.example.com-saksi-bulletin_1.0-ee3fe73bad456e43adfc5ba27d9e5a60983b69e8496140308fb21061ecb2ff85.cpu_pct,0.0
1791023804,2026-10-03T18:36:43,docker.dev-peer0.org2.example.com-saksi-bulletin_1.0-ee3fe73bad456e43adfc5ba27d9e5a60983b69e8496140308fb21061ecb2ff85.mem_bytes,7614758.912
1791023804,2026-10-03T18:36:43,docker.dev-peer0.org2.example.com-saksi-bulletin_1.0-ee3fe73bad456e43adfc5ba27d9e5a60983b69e8496140308fb21061ecb2ff85.blk_read_bytes,0.0
1791023804,2026-10-03T18:36:43,docker.dev-peer0.org2.example.com-saksi-bulletin_1.0-ee3fe73bad456e43adfc5ba27d9e5a60983b69e8496140308fb21061ecb2ff85.blk_write_bytes,0.0
1791023804,2026-10-03T18:36:43,docker.peer0.org1.example.com.cpu_pct,1.01
1791023804,2026-10-03T18:36:43,docker.peer0.org1.example.com.mem_bytes,53267660.8
1791023804,2026-10-03T18:36:43,docker.peer0.org1.example.com.blk_read_bytes,3760000.0
1791023804,2026-10-03T18:36:43,docker.peer0.org1.example.com.blk_write_bytes,5140000.0
1791023804,2026-10-03T18:36:43,docker.peer0.org2.example.com.cpu_pct,0.95
1791023804,2026-10-03T18:36:43,docker.peer0.org2.example.com.mem_bytes,46147829.76
1791023804,2026-10-03T18:36:43,docker.peer0.org2.example.com.blk_read_bytes,545000.0
1791023804,2026-10-03T18:36:43,docker.peer0.org2.example.com.blk_write_bytes,3610000.0
1791023804,2026-10-03T18:36:43,docker.orderer.example.com.cpu_pct,0.04
1791023804,2026-10-03T18:36:43,docker.orderer.example.com.mem_bytes,27692892.16
1791023804,2026-10-03T18:36:43,docker.orderer.example.com.blk_read_bytes,31400000.0
1791023804,2026-10-03T18:36:43,docker.orderer.example.com.blk_write_bytes,262000.0
1791023804,2026-10-03T18:36:43,wsl.MemTotal_kb,24608408
1791023804,2026-10-03T18:36:43,wsl.MemAvailable_kb,22759640
1791023804,2026-10-03T18:36:43,wsl.SwapTotal_kb,0
1791023804,2026-10-03T18:36:43,wsl.SwapFree_kb,0
1791023804,2026-10-03T18:36:43,wsl.Dirty_kb,92
1791023804,2026-10-03T18:36:43,wsl.load1,15.06
1791023804,2026-10-03T18:36:43,wsl.load5,13.36
1791023804,2026-10-03T18:36:43,host.c_free_bytes,49282142208
1791023804,2026-10-03T18:36:43,host.q_free_bytes,418763845632
1791023804,2026-10-03T18:36:43,host.docker_vhdx_bytes,15592325120
1791023804,2026-10-03T18:36:43,host.ubuntu_vhdx_bytes,212983611392
1791023804,2026-10-03T18:36:43,win.Memory\Available MBytes,89.674939
1791023804,2026-10-03T18:36:43,win.PhysicalDisk(0 C:)\% Disk Time,1540.0
1791023804,2026-10-03T18:36:43,win.PhysicalDisk(1 Q:)\% Disk Time,0.124675
1791023804,2026-10-03T18:36:43,win.PhysicalDisk(_Total)\% Disk Time,0.0
1791023804,2026-10-03T18:36:43,win.PhysicalDisk(0 C:)\Current Disk Queue Length,0.062337
1791023804,2026-10-03T18:36:43,win.PhysicalDisk(1 Q:)\Current Disk Queue Length,0.0
1791023804,2026-10-03T18:36:43,win.PhysicalDisk(_Total)\Current Disk Queue Length,0.0
1791023804,2026-10-03T18:36:43,win.Process(vmmemWSL)\% Processor Time,0.0
1791023814,2026-10-03T18:36:53,docker.dev-peer0.org1.example.com-saksi-bulletin_1.0-ee3fe73bad456e43adfc5ba27d9e5a60983b69e8496140308fb21061ecb2ff85.cpu_pct,0.0
1791023814,2026-10-03T18:36:53,docker.dev-peer0.org1.example.com-saksi-bulletin_1.0-ee3fe73bad456e43adfc5ba27d9e5a60983b69e8496140308fb21061ecb2ff85.mem_bytes,7303331.84
1791023814,2026-10-03T18:36:53,docker.dev-peer0.org1.example.com-saksi-bulletin_1.0-ee3fe73bad456e43adfc5ba27d9e5a60983b69e8496140308fb21061ecb2ff85.blk_read_bytes,0.0
1791023814,2026-10-03T18:36:53,docker.dev-peer0.org1.example.com-saksi-bulletin_1.0-ee3fe73bad456e43adfc5ba27d9e5a60983b69e8496140308fb21061ecb2ff85.blk_write_bytes,0.0
1791023814,2026-10-03T18:36:53,docker.dev-peer0.org2.example.com-saksi-bulletin_1.0-ee3fe73bad456e43adfc5ba27d9e5a60983b69e8496140308fb21061ecb2ff85.cpu_pct,0.0
1791023814,2026-10-03T18:36:53,docker.dev-peer0.org2.example.com-saksi-bulletin_1.0-ee3fe73bad456e43adfc5ba27d9e5a60983b69e8496140308fb21061ecb2ff85.mem_bytes,7614758.912
1791023814,2026-10-03T18:36:53,docker.dev-peer0.org2.example.com-saksi-bulletin_1.0-ee3fe73bad456e43adfc5ba27d9e5a60983b69e8496140308fb21061ecb2ff85.blk_read_bytes,0.0
1791023814,2026-10-03T18:36:53,docker.dev-peer0.org2.example.com-saksi-bulletin_1.0-ee3fe73bad456e43adfc5ba27d9e5a60983b69e8496140308fb21061ecb2ff85.blk_write_bytes,0.0
1791023814,2026-10-03T18:36:53,docker.peer0.org1.example.com.cpu_pct,1.27
1791023814,2026-10-03T18:36:53,docker.peer0.org1.example.com.mem_bytes,53267660.8
1791023814,2026-10-03T18:36:53,docker.peer0.org1.example.com.blk_read_bytes,3760000.0
1791023814,2026-10-03T18:36:53,docker.peer0.org1.example.com.blk_write_bytes,5140000.0
1791023814,2026-10-03T18:36:53,docker.peer0.org2.example.com.cpu_pct,1.19
1791023814,2026-10-03T18:36:53,docker.peer0.org2.example.com.mem_bytes,46179287.04
1791023814,2026-10-03T18:36:53,docker.peer0.org2.example.com.blk_read_bytes,545000.0
1791023814,2026-10-03T18:36:53,docker.peer0.org2.example.com.blk_write_bytes,3610000.0
1791023814,2026-10-03T18:36:53,docker.orderer.example.com.cpu_pct,0.04
1791023814,2026-10-03T18:36:53,docker.orderer.example.com.mem_bytes,27692892.16
1791023814,2026-10-03T18:36:53,docker.orderer.example.com.blk_read_bytes,31400000.0
1791023814,2026-10-03T18:36:53,docker.orderer.example.com.blk_write_bytes,262000.0
1791023814,2026-10-03T18:36:53,wsl.MemTotal_kb,24608408
1791023814,2026-10-03T18:36:53,wsl.MemAvailable_kb,22756068
1791023814,2026-10-03T18:36:53,wsl.SwapTotal_kb,0
1791023814,2026-10-03T18:36:53,wsl.SwapFree_kb,0
1791023814,2026-10-03T18:36:53,wsl.Dirty_kb,116
1791023814,2026-10-03T18:36:53,wsl.load1,15.68
1791023814,2026-10-03T18:36:53,wsl.load5,13.54
1791023814,2026-10-03T18:36:53,host.c_free_bytes,49281748992
1791023814,2026-10-03T18:36:53,host.q_free_bytes,418763845632
1791023814,2026-10-03T18:36:53,host.docker_vhdx_bytes,15592325120
1791023814,2026-10-03T18:36:53,host.ubuntu_vhdx_bytes,212983611392
1791023814,2026-10-03T18:36:53,win.Memory\Available MBytes,89.967147
1791023814,2026-10-03T18:36:53,win.PhysicalDisk(0 C:)\% Disk Time,1582.0
1791023814,2026-10-03T18:36:53,win.PhysicalDisk(1 Q:)\% Disk Time,0.17054
1791023814,2026-10-03T18:36:53,win.PhysicalDisk(_Total)\% Disk Time,0.0
1791023814,2026-10-03T18:36:53,win.PhysicalDisk(0 C:)\Current Disk Queue Length,0.08527
1791023814,2026-10-03T18:36:53,win.PhysicalDisk(1 Q:)\Current Disk Queue Length,0.0
1791023814,2026-10-03T18:36:53,win.PhysicalDisk(_Total)\Current Disk Queue Length,0.0
1791023814,2026-10-03T18:36:53,win.Process(vmmemWSL)\% Processor Time,0.0
1791023824,2026-10-03T18:37:03,docker.dev-peer0.org1.example.com-saksi-bulletin_1.0-ee3fe73bad456e43adfc5ba27d9e5a60983b69e8496140308fb21061ecb2ff85.cpu_pct,0.0
1791023824,2026-10-03T18:37:03,docker.dev-peer0.org1.example.com-saksi-bulletin_1.0-ee3fe73bad456e43adfc5ba27d9e5a60983b69e8496140308fb21061ecb2ff85.mem_bytes,7303331.84
1791023824,2026-10-03T18:37:03,docker.dev-peer0.org1.example.com-saksi-bulletin_1.0-ee3fe73bad456e43adfc5ba27d9e5a60983b69e8496140308fb21061ecb2ff85.blk_read_bytes,0.0
1791023824,2026-10-03T18:37:03,docker.dev-peer0.org1.example.com-saksi-bulletin_1.0-ee3fe73bad456e43adfc5ba27d9e5a60983b69e8496140308fb21061ecb2ff85.blk_write_bytes,0.0
1791023824,2026-10-03T18:37:03,docker.dev-peer0.org2.example.com-saksi-bulletin_1.0-ee3fe73bad456e43adfc5ba27d9e5a60983b69e8496140308fb21061ecb2ff85.cpu_pct,0.0
1791023824,2026-10-03T18:37:03,docker.dev-peer0.org2.example.com-saksi-bulletin_1.0-ee3fe73bad456e43adfc5ba27d9e5a60983b69e8496140308fb21061ecb2ff85.mem_bytes,7614758.912
1791023824,2026-10-03T18:37:03,docker.dev-peer0.org2.example.com-saksi-bulletin_1.0-ee3fe73bad456e43adfc5ba27d9e5a60983b69e8496140308fb21061ecb2ff85.blk_read_bytes,0.0
1791023824,2026-10-03T18:37:03,docker.dev-peer0.org2.example.com-saksi-bulletin_1.0-ee3fe73bad456e43adfc5ba27d9e5a60983b69e8496140308fb21061ecb2ff85.blk_write_bytes,0.0
1791023824,2026-10-03T18:37:03,docker.peer0.org1.example.com.cpu_pct,0.93
1791023824,2026-10-03T18:37:03,docker.peer0.org1.example.com.mem_bytes,53257175.04
1791023824,2026-10-03T18:37:03,docker.peer0.org1.example.com.blk_read_bytes,3760000.0
1791023824,2026-10-03T18:37:03,docker.peer0.org1.example.com.blk_write_bytes,5140000.0
1791023824,2026-10-03T18:37:03,docker.peer0.org2.example.com.cpu_pct,1.37
1791023824,2026-10-03T18:37:03,docker.peer0.org2.example.com.mem_bytes,46441431.04
1791023824,2026-10-03T18:37:03,docker.peer0.org2.example.com.blk_read_bytes,545000.0
1791023824,2026-10-03T18:37:03,docker.peer0.org2.example.com.blk_write_bytes,3610000.0
1791023824,2026-10-03T18:37:03,docker.orderer.example.com.cpu_pct,0.03
1791023824,2026-10-03T18:37:03,docker.orderer.example.com.mem_bytes,27692892.16
1791023824,2026-10-03T18:37:03,docker.orderer.example.com.blk_read_bytes,31400000.0
1791023824,2026-10-03T18:37:03,docker.orderer.example.com.blk_write_bytes,262000.0
1791023824,2026-10-03T18:37:03,wsl.MemTotal_kb,24608408
1791023824,2026-10-03T18:37:03,wsl.MemAvailable_kb,22762132
1791023824,2026-10-03T18:37:03,wsl.SwapTotal_kb,0
1791023824,2026-10-03T18:37:03,wsl.SwapFree_kb,0
1791023824,2026-10-03T18:37:03,wsl.Dirty_kb,116
1791023824,2026-10-03T18:37:03,wsl.load1,15.81
1791023824,2026-10-03T18:37:03,wsl.load5,13.64
1791023824,2026-10-03T18:37:03,host.c_free_bytes,49282469888
1791023824,2026-10-03T18:37:03,host.q_free_bytes,418763845632
1791023824,2026-10-03T18:37:03,host.docker_vhdx_bytes,15592325120
1791023824,2026-10-03T18:37:03,host.ubuntu_vhdx_bytes,212983611392
1791023824,2026-10-03T18:37:03,win.Memory\Available MBytes,89.117903
1791023824,2026-10-03T18:37:03,win.PhysicalDisk(0 C:)\% Disk Time,1555.0
1791023824,2026-10-03T18:37:03,win.PhysicalDisk(1 Q:)\% Disk Time,0.150581
1791023824,2026-10-03T18:37:03,win.PhysicalDisk(_Total)\% Disk Time,0.0
1791023824,2026-10-03T18:37:03,win.PhysicalDisk(0 C:)\Current Disk Queue Length,0.075291
1791023824,2026-10-03T18:37:03,win.PhysicalDisk(1 Q:)\Current Disk Queue Length,0.0
1791023824,2026-10-03T18:37:03,win.PhysicalDisk(_Total)\Current Disk Queue Length,0.0
1791023824,2026-10-03T18:37:03,win.Process(vmmemWSL)\% Processor Time,0.0
1791023834,2026-10-03T18:37:13,docker.dev-peer0.org1.example.com-saksi-bulletin_1.0-ee3fe73bad456e43adfc5ba27d9e5a60983b69e8496140308fb21061ecb2ff85.cpu_pct,0.0
1791023834,2026-10-03T18:37:13,docker.dev-peer0.org1.example.com-saksi-bulletin_1.0-ee3fe73bad456e43adfc5ba27d9e5a60983b69e8496140308fb21061ecb2ff85.mem_bytes,7041187.84
1791023834,2026-10-03T18:37:13,docker.dev-peer0.org1.example.com-saksi-bulletin_1.0-ee3fe73bad456e43adfc5ba27d9e5a60983b69e8496140308fb21061ecb2ff85.blk_read_bytes,0.0
1791023834,2026-10-03T18:37:13,docker.dev-peer0.org1.example.com-saksi-bulletin_1.0-ee3fe73bad456e43adfc5ba27d9e5a60983b69e8496140308fb21061ecb2ff85.blk_write_bytes,0.0
1791023834,2026-10-03T18:37:13,docker.dev-peer0.org2.example.com-saksi-bulletin_1.0-ee3fe73bad456e43adfc5ba27d9e5a60983b69e8496140308fb21061ecb2ff85.cpu_pct,0.0
1791023834,2026-10-03T18:37:13,docker.dev-peer0.org2.example.com-saksi-bulletin_1.0-ee3fe73bad456e43adfc5ba27d9e5a60983b69e8496140308fb21061ecb2ff85.mem_bytes,7614758.912
1791023834,2026-10-03T18:37:13,docker.dev-peer0.org2.example.com-saksi-bulletin_1.0-ee3fe73bad456e43adfc5ba27d9e5a60983b69e8496140308fb21061ecb2ff85.blk_read_bytes,0.0
1791023834,2026-10-03T18:37:13,docker.dev-peer0.org2.example.com-saksi-bulletin_1.0-ee3fe73bad456e43adfc5ba27d9e5a60983b69e8496140308fb21061ecb2ff85.blk_write_bytes,0.0
1791023834,2026-10-03T18:37:13,docker.peer0.org1.example.com.cpu_pct,1.17
1791023834,2026-10-03T18:37:13,docker.peer0.org1.example.com.mem_bytes,53246689.28
1791023834,2026-10-03T18:37:13,docker.peer0.org1.example.com.blk_read_bytes,3760000.0
1791023834,2026-10-03T18:37:13,docker.peer0.org1.example.com.blk_write_bytes,5140000.0
1791023834,2026-10-03T18:37:13,docker.peer0.org2.example.com.cpu_pct,1.16
1791023834,2026-10-03T18:37:13,docker.peer0.org2.example.com.mem_bytes,46168801.28
1791023834,2026-10-03T18:37:13,docker.peer0.org2.example.com.blk_read_bytes,545000.0
1791023834,2026-10-03T18:37:13,docker.peer0.org2.example.com.blk_write_bytes,3610000.0
1791023834,2026-10-03T18:37:13,docker.orderer.example.com.cpu_pct,0.04
1791023834,2026-10-03T18:37:13,docker.orderer.example.com.mem_bytes,27692892.16
1791023834,2026-10-03T18:37:13,docker.orderer.example.com.blk_read_bytes,31400000.0
1791023834,2026-10-03T18:37:13,docker.orderer.example.com.blk_write_bytes,262000.0
1791023834,2026-10-03T18:37:13,wsl.MemTotal_kb,24608408
1791023834,2026-10-03T18:37:13,wsl.MemAvailable_kb,22760212
1791023834,2026-10-03T18:37:13,wsl.SwapTotal_kb,0
1791023834,2026-10-03T18:37:13,wsl.SwapFree_kb,0
1791023834,2026-10-03T18:37:13,wsl.Dirty_kb,32
1791023834,2026-10-03T18:37:13,wsl.load1,15.84
1791023834,2026-10-03T18:37:13,wsl.load5,13.72
1791023834,2026-10-03T18:37:13,host.c_free_bytes,49282076672
1791023834,2026-10-03T18:37:13,host.q_free_bytes,418763845632
1791023834,2026-10-03T18:37:13,host.docker_vhdx_bytes,15592325120
1791023834,2026-10-03T18:37:13,host.ubuntu_vhdx_bytes,212983611392
1791023834,2026-10-03T18:37:13,win.Memory\Available MBytes,89.723295
1791023834,2026-10-03T18:37:13,win.PhysicalDisk(0 C:)\% Disk Time,1586.0
1791023834,2026-10-03T18:37:13,win.PhysicalDisk(1 Q:)\% Disk Time,0.183737
1791023834,2026-10-03T18:37:13,win.PhysicalDisk(_Total)\% Disk Time,0.0
1791023834,2026-10-03T18:37:13,win.PhysicalDisk(0 C:)\Current Disk Queue Length,0.091869
1791023834,2026-10-03T18:37:13,win.PhysicalDisk(1 Q:)\Current Disk Queue Length,0.0
1791023834,2026-10-03T18:37:13,win.PhysicalDisk(_Total)\Current Disk Queue Length,0.0
1791023834,2026-10-03T18:37:13,win.Process(vmmemWSL)\% Processor Time,0.0
1791023844,2026-10-03T18:37:23,docker.dev-peer0.org1.example.com-saksi-bulletin_1.0-ee3fe73bad456e43adfc5ba27d9e5a60983b69e8496140308fb21061ecb2ff85.cpu_pct,0.0
1791023844,2026-10-03T18:37:23,docker.dev-peer0.org1.example.com-saksi-bulletin_1.0-ee3fe73bad456e43adfc5ba27d9e5a60983b69e8496140308fb21061ecb2ff85.mem_bytes,7041187.84
1791023844,2026-10-03T18:37:23,docker.dev-peer0.org1.example.com-saksi-bulletin_1.0-ee3fe73bad456e43adfc5ba27d9e5a60983b69e8496140308fb21061ecb2ff85.blk_read_bytes,0.0
1791023844,2026-10-03T18:37:23,docker.dev-peer0.org1.example.com-saksi-bulletin_1.0-ee3fe73bad456e43adfc5ba27d9e5a60983b69e8496140308fb21061ecb2ff85.blk_write_bytes,0.0
1791023844,2026-10-03T18:37:23,docker.dev-peer0.org2.example.com-saksi-bulletin_1.0-ee3fe73bad456e43adfc5ba27d9e5a60983b69e8496140308fb21061ecb2ff85.cpu_pct,0.0
1791023844,2026-10-03T18:37:23,docker.dev-peer0.org2.example.com-saksi-bulletin_1.0-ee3fe73bad456e43adfc5ba27d9e5a60983b69e8496140308fb21061ecb2ff85.mem_bytes,7614758.912
1791023844,2026-10-03T18:37:23,docker.dev-peer0.org2.example.com-saksi-bulletin_1.0-ee3fe73bad456e43adfc5ba27d9e5a60983b69e8496140308fb21061ecb2ff85.blk_read_bytes,0.0
1791023844,2026-10-03T18:37:23,docker.dev-peer0.org2.example.com-saksi-bulletin_1.0-ee3fe73bad456e43adfc5ba27d9e5a60983b69e8496140308fb21061ecb2ff85.blk_write_bytes,0.0
1791023844,2026-10-03T18:37:23,docker.peer0.org1.example.com.cpu_pct,1.06
1791023844,2026-10-03T18:37:23,docker.peer0.org1.example.com.mem_bytes,53236203.52
1791023844,2026-10-03T18:37:23,docker.peer0.org1.example.com.blk_read_bytes,3760000.0
1791023844,2026-10-03T18:37:23,docker.peer0.org1.example.com.blk_write_bytes,5140000.0
1791023844,2026-10-03T18:37:23,docker.peer0.org2.example.com.cpu_pct,0.9
1791023844,2026-10-03T18:37:23,docker.peer0.org2.example.com.mem_bytes,45885685.76
1791023844,2026-10-03T18:37:23,docker.peer0.org2.example.com.blk_read_bytes,545000.0
1791023844,2026-10-03T18:37:23,docker.peer0.org2.example.com.blk_write_bytes,3610000.0
1791023844,2026-10-03T18:37:23,docker.orderer.example.com.cpu_pct,0.03
1791023844,2026-10-03T18:37:23,docker.orderer.example.com.mem_bytes,27692892.16
1791023844,2026-10-03T18:37:23,docker.orderer.example.com.blk_read_bytes,31400000.0
1791023844,2026-10-03T18:37:23,docker.orderer.example.com.blk_write_bytes,262000.0
1791023844,2026-10-03T18:37:23,wsl.MemTotal_kb,24608408
1791023844,2026-10-03T18:37:23,wsl.MemAvailable_kb,22760724
1791023844,2026-10-03T18:37:23,wsl.SwapTotal_kb,0
1791023844,2026-10-03T18:37:23,wsl.SwapFree_kb,0
1791023844,2026-10-03T18:37:23,wsl.Dirty_kb,0
1791023844,2026-10-03T18:37:23,wsl.load1,14.76
1791023844,2026-10-03T18:37:23,wsl.load5,13.55
1791023844,2026-10-03T18:37:23,host.c_free_bytes,49282797568
1791023844,2026-10-03T18:37:23,host.q_free_bytes,418763845632
1791023844,2026-10-03T18:37:23,host.docker_vhdx_bytes,15592325120
1791023844,2026-10-03T18:37:23,host.ubuntu_vhdx_bytes,212983611392
1791023844,2026-10-03T18:37:23,win.Memory\Available MBytes,89.608968
1791023844,2026-10-03T18:37:23,win.PhysicalDisk(0 C:)\% Disk Time,1642.0
1791023844,2026-10-03T18:37:23,win.PhysicalDisk(1 Q:)\% Disk Time,0.165753
1791023844,2026-10-03T18:37:23,win.PhysicalDisk(_Total)\% Disk Time,0.0
1791023844,2026-10-03T18:37:23,win.PhysicalDisk(0 C:)\Current Disk Queue Length,0.082876
1791023844,2026-10-03T18:37:23,win.PhysicalDisk(1 Q:)\Current Disk Queue Length,0.0
1791023844,2026-10-03T18:37:23,win.PhysicalDisk(_Total)\Current Disk Queue Length,0.0
1791023844,2026-10-03T18:37:23,win.Process(vmmemWSL)\% Processor Time,0.0
1791023854,2026-10-03T18:37:33,docker.dev-peer0.org1.example.com-saksi-bulletin_1.0-ee3fe73bad456e43adfc5ba27d9e5a60983b69e8496140308fb21061ecb2ff85.cpu_pct,0.0
1791023854,2026-10-03T18:37:33,docker.dev-peer0.org1.example.com-saksi-bulletin_1.0-ee3fe73bad456e43adfc5ba27d9e5a60983b69e8496140308fb21061ecb2ff85.mem_bytes,7041187.84
1791023854,2026-10-03T18:37:33,docker.dev-peer0.org1.example.com-saksi-bulletin_1.0-ee3fe73bad456e43adfc5ba27d9e5a60983b69e8496140308fb21061ecb2ff85.blk_read_bytes,0.0
1791023854,2026-10-03T18:37:33,docker.dev-peer0.org1.example.com-saksi-bulletin_1.0-ee3fe73bad456e43adfc5ba27d9e5a60983b69e8496140308fb21061ecb2ff85.blk_write_bytes,0.0
1791023854,2026-10-03T18:37:33,docker.dev-peer0.org2.example.com-saksi-bulletin_1.0-ee3fe73bad456e43adfc5ba27d9e5a60983b69e8496140308fb21061ecb2ff85.cpu_pct,0.0
1791023854,2026-10-03T18:37:33,docker.dev-peer0.org2.example.com-saksi-bulletin_1.0-ee3fe73bad456e43adfc5ba27d9e5a60983b69e8496140308fb21061ecb2ff85.mem_bytes,7614758.912
1791023854,2026-10-03T18:37:33,docker.dev-peer0.org2.example.com-saksi-bulletin_1.0-ee3fe73bad456e43adfc5ba27d9e5a60983b69e8496140308fb21061ecb2ff85.blk_read_bytes,0.0
1791023854,2026-10-03T18:37:33,docker.dev-peer0.org2.example.com-saksi-bulletin_1.0-ee3fe73bad456e43adfc5ba27d9e5a60983b69e8496140308fb21061ecb2ff85.blk_write_bytes,0.0
1791023854,2026-10-03T18:37:33,docker.peer0.org1.example.com.cpu_pct,1.14
1791023854,2026-10-03T18:37:33,docker.peer0.org1.example.com.mem_bytes,53236203.52
1791023854,2026-10-03T18:37:33,docker.peer0.org1.example.com.blk_read_bytes,3760000.0
1791023854,2026-10-03T18:37:33,docker.peer0.org1.example.com.blk_write_bytes,5140000.0
1791023854,2026-10-03T18:37:33,docker.peer0.org2.example.com.cpu_pct,1.17
1791023854,2026-10-03T18:37:33,docker.peer0.org2.example.com.mem_bytes,45885685.76
1791023854,2026-10-03T18:37:33,docker.peer0.org2.example.com.blk_read_bytes,545000.0
1791023854,2026-10-03T18:37:33,docker.peer0.org2.example.com.blk_write_bytes,3610000.0
1791023854,2026-10-03T18:37:33,docker.orderer.example.com.cpu_pct,0.03
1791023854,2026-10-03T18:37:33,docker.orderer.example.com.mem_bytes,27692892.16
1791023854,2026-10-03T18:37:33,docker.orderer.example.com.blk_read_bytes,31400000.0
1791023854,2026-10-03T18:37:33,docker.orderer.example.com.blk_write_bytes,262000.0
1791023854,2026-10-03T18:37:33,wsl.MemTotal_kb,24608408
1791023854,2026-10-03T18:37:33,wsl.MemAvailable_kb,22772212
1791023854,2026-10-03T18:37:33,wsl.SwapTotal_kb,0
1791023854,2026-10-03T18:37:33,wsl.SwapFree_kb,0
1791023854,2026-10-03T18:37:33,wsl.Dirty_kb,24
1791023854,2026-10-03T18:37:33,wsl.load1,14.95
1791023854,2026-10-03T18:37:33,wsl.load5,13.63
1791023854,2026-10-03T18:37:33,host.c_free_bytes,49282404352
1791023854,2026-10-03T18:37:33,host.q_free_bytes,418763845632
1791023854,2026-10-03T18:37:33,host.docker_vhdx_bytes,15592325120
1791023854,2026-10-03T18:37:33,host.ubuntu_vhdx_bytes,212983611392
1791023854,2026-10-03T18:37:33,win.Memory\Available MBytes,89.469132
1791023854,2026-10-03T18:37:33,win.PhysicalDisk(0 C:)\% Disk Time,1629.0
1791023854,2026-10-03T18:37:33,win.PhysicalDisk(1 Q:)\% Disk Time,0.140067
1791023854,2026-10-03T18:37:33,win.PhysicalDisk(_Total)\% Disk Time,0.0
1791023854,2026-10-03T18:37:33,win.PhysicalDisk(0 C:)\Current Disk Queue Length,0.070033
1791023854,2026-10-03T18:37:33,win.PhysicalDisk(1 Q:)\Current Disk Queue Length,0.0
1791023854,2026-10-03T18:37:33,win.PhysicalDisk(_Total)\Current Disk Queue Length,0.0
1791023854,2026-10-03T18:37:33,win.Process(vmmemWSL)\% Processor Time,0.0
1791023864,2026-10-03T18:37:43,docker.dev-peer0.org1.example.com-saksi-bulletin_1.0-ee3fe73bad456e43adfc5ba27d9e5a60983b69e8496140308fb21061ecb2ff85.cpu_pct,0.0
1791023864,2026-10-03T18:37:43,docker.dev-peer0.org1.example.com-saksi-bulletin_1.0-ee3fe73bad456e43adfc5ba27d9e5a60983b69e8496140308fb21061ecb2ff85.mem_bytes,7303331.84
1791023864,2026-10-03T18:37:43,docker.dev-peer0.org1.example.com-saksi-bulletin_1.0-ee3fe73bad456e43adfc5ba27d9e5a60983b69e8496140308fb21061ecb2ff85.blk_read_bytes,0.0
1791023864,2026-10-03T18:37:43,docker.dev-peer0.org1.example.com-saksi-bulletin_1.0-ee3fe73bad456e43adfc5ba27d9e5a60983b69e8496140308fb21061ecb2ff85.blk_write_bytes,0.0
1791023864,2026-10-03T18:37:43,docker.dev-peer0.org2.example.com-saksi-bulletin_1.0-ee3fe73bad456e43adfc5ba27d9e5a60983b69e8496140308fb21061ecb2ff85.cpu_pct,0.0
1791023864,2026-10-03T18:37:43,docker.dev-peer0.org2.example.com-saksi-bulletin_1.0-ee3fe73bad456e43adfc5ba27d9e5a60983b69e8496140308fb21061ecb2ff85.mem_bytes,7356809.216
1791023864,2026-10-03T18:37:43,docker.dev-peer0.org2.example.com-saksi-bulletin_1.0-ee3fe73bad456e43adfc5ba27d9e5a60983b69e8496140308fb21061ecb2ff85.blk_read_bytes,0.0
1791023864,2026-10-03T18:37:43,docker.dev-peer0.org2.example.com-saksi-bulletin_1.0-ee3fe73bad456e43adfc5ba27d9e5a60983b69e8496140308fb21061ecb2ff85.blk_write_bytes,0.0
1791023864,2026-10-03T18:37:43,docker.peer0.org1.example.com.cpu_pct,0.92
1791023864,2026-10-03T18:37:43,docker.peer0.org1.example.com.mem_bytes,53236203.52
1791023864,2026-10-03T18:37:43,docker.peer0.org1.example.com.blk_read_bytes,3760000.0
1791023864,2026-10-03T18:37:43,docker.peer0.org1.example.com.blk_write_bytes,5140000.0
1791023864,2026-10-03T18:37:43,docker.peer0.org2.example.com.cpu_pct,0.86
1791023864,2026-10-03T18:37:43,docker.peer0.org2.example.com.mem_bytes,46137344.0
1791023864,2026-10-03T18:37:43,docker.peer0.org2.example.com.blk_read_bytes,545000.0
1791023864,2026-10-03T18:37:43,docker.peer0.org2.example.com.blk_write_bytes,3610000.0
1791023864,2026-10-03T18:37:43,docker.orderer.example.com.cpu_pct,0.04
1791023864,2026-10-03T18:37:43,docker.orderer.example.com.mem_bytes,28458352.64
1791023864,2026-10-03T18:37:43,docker.orderer.example.com.blk_read_bytes,31400000.0
1791023864,2026-10-03T18:37:43,docker.orderer.example.com.blk_write_bytes,262000.0
1791023864,2026-10-03T18:37:43,wsl.MemTotal_kb,24608408
1791023864,2026-10-03T18:37:43,wsl.MemAvailable_kb,22774168
1791023864,2026-10-03T18:37:43,wsl.SwapTotal_kb,0
1791023864,2026-10-03T18:37:43,wsl.SwapFree_kb,0
1791023864,2026-10-03T18:37:43,wsl.Dirty_kb,32
1791023864,2026-10-03T18:37:43,wsl.load1,15.11
1791023864,2026-10-03T18:37:43,wsl.load5,13.71
1791023864,2026-10-03T18:37:43,host.c_free_bytes,49282011136
1791023864,2026-10-03T18:37:43,host.q_free_bytes,418763845632
1791023864,2026-10-03T18:37:43,host.docker_vhdx_bytes,15592325120
1791023864,2026-10-03T18:37:43,host.ubuntu_vhdx_bytes,212983611392
1791023864,2026-10-03T18:37:43,win.Memory\Available MBytes,89.751882
1791023864,2026-10-03T18:37:43,win.PhysicalDisk(0 C:)\% Disk Time,1640.0
1791023864,2026-10-03T18:37:43,win.PhysicalDisk(1 Q:)\% Disk Time,0.231413
1791023864,2026-10-03T18:37:43,win.PhysicalDisk(_Total)\% Disk Time,0.0
1791023864,2026-10-03T18:37:43,win.PhysicalDisk(0 C:)\Current Disk Queue Length,0.115707
1791023864,2026-10-03T18:37:43,win.PhysicalDisk(1 Q:)\Current Disk Queue Length,0.0
1791023864,2026-10-03T18:37:43,win.PhysicalDisk(_Total)\Current Disk Queue Length,0.0
1791023864,2026-10-03T18:37:43,win.Process(vmmemWSL)\% Processor Time,0.0
1791023874,2026-10-03T18:37:53,docker.dev-peer0.org1.example.com-saksi-bulletin_1.0-ee3fe73bad456e43adfc5ba27d9e5a60983b69e8496140308fb21061ecb2ff85.cpu_pct,0.0
1791023874,2026-10-03T18:37:53,docker.dev-peer0.org1.example.com-saksi-bulletin_1.0-ee3fe73bad456e43adfc5ba27d9e5a60983b69e8496140308fb21061ecb2ff85.mem_bytes,7303331.84
1791023874,2026-10-03T18:37:53,docker.dev-peer0.org1.example.com-saksi-bulletin_1.0-ee3fe73bad456e43adfc5ba27d9e5a60983b69e8496140308fb21061ecb2ff85.blk_read_bytes,0.0
1791023874,2026-10-03T18:37:53,docker.dev-peer0.org1.example.com-saksi-bulletin_1.0-ee3fe73bad456e43adfc5ba27d9e5a60983b69e8496140308fb21061ecb2ff85.blk_write_bytes,0.0
1791023874,2026-10-03T18:37:53,docker.dev-peer0.org2.example.com-saksi-bulletin_1.0-ee3fe73bad456e43adfc5ba27d9e5a60983b69e8496140308fb21061ecb2ff85.cpu_pct,0.0
1791023874,2026-10-03T18:37:53,docker.dev-peer0.org2.example.com-saksi-bulletin_1.0-ee3fe73bad456e43adfc5ba27d9e5a60983b69e8496140308fb21061ecb2ff85.mem_bytes,7356809.216
1791023874,2026-10-03T18:37:53,docker.dev-peer0.org2.example.com-saksi-bulletin_1.0-ee3fe73bad456e43adfc5ba27d9e5a60983b69e8496140308fb21061ecb2ff85.blk_read_bytes,0.0
1791023874,2026-10-03T18:37:53,docker.dev-peer0.org2.example.com-saksi-bulletin_1.0-ee3fe73bad456e43adfc5ba27d9e5a60983b69e8496140308fb21061ecb2ff85.blk_write_bytes,0.0
1791023874,2026-10-03T18:37:53,docker.peer0.org1.example.com.cpu_pct,2.45
1791023874,2026-10-03T18:37:53,docker.peer0.org1.example.com.mem_bytes,53236203.52
1791023874,2026-10-03T18:37:53,docker.peer0.org1.example.com.blk_read_bytes,3760000.0
1791023874,2026-10-03T18:37:53,docker.peer0.org1.example.com.blk_write_bytes,5140000.0
1791023874,2026-10-03T18:37:53,docker.peer0.org2.example.com.cpu_pct,1.54
1791023874,2026-10-03T18:37:53,docker.peer0.org2.example.com.mem_bytes,46126858.24
1791023874,2026-10-03T18:37:53,docker.peer0.org2.example.com.blk_read_bytes,545000.0
1791023874,2026-10-03T18:37:53,docker.peer0.org2.example.com.blk_write_bytes,3610000.0
1791023874,2026-10-03T18:37:53,docker.orderer.example.com.cpu_pct,0.05
1791023874,2026-10-03T18:37:53,docker.orderer.example.com.mem_bytes,28458352.64
1791023874,2026-10-03T18:37:53,docker.orderer.example.com.blk_read_bytes,31400000.0
1791023874,2026-10-03T18:37:53,docker.orderer.example.com.blk_write_bytes,262000.0
1791023874,2026-10-03T18:37:53,wsl.MemTotal_kb,24608408
1791023874,2026-10-03T18:37:53,wsl.MemAvailable_kb,22767540
1791023874,2026-10-03T18:37:53,wsl.SwapTotal_kb,0
1791023874,2026-10-03T18:37:53,wsl.SwapFree_kb,0
1791023874,2026-10-03T18:37:53,wsl.Dirty_kb,32
1791023874,2026-10-03T18:37:53,wsl.load1,15.18
1791023874,2026-10-03T18:37:53,wsl.load5,13.75
1791023874,2026-10-03T18:37:53,host.c_free_bytes,49282797568
1791023874,2026-10-03T18:37:53,host.q_free_bytes,418763845632
1791023874,2026-10-03T18:37:53,host.docker_vhdx_bytes,15592325120
1791023874,2026-10-03T18:37:53,host.ubuntu_vhdx_bytes,212983611392
1791023874,2026-10-03T18:37:53,win.Memory\Available MBytes,89.590865
1791023874,2026-10-03T18:37:53,win.PhysicalDisk(0 C:)\% Disk Time,1593.0
1791023874,2026-10-03T18:37:53,win.PhysicalDisk(1 Q:)\% Disk Time,0.118668
1791023874,2026-10-03T18:37:53,win.PhysicalDisk(_Total)\% Disk Time,0.0
1791023874,2026-10-03T18:37:53,win.PhysicalDisk(0 C:)\Current Disk Queue Length,0.059334
1791023874,2026-10-03T18:37:53,win.PhysicalDisk(1 Q:)\Current Disk Queue Length,0.0
1791023874,2026-10-03T18:37:53,win.PhysicalDisk(_Total)\Current Disk Queue Length,0.0
1791023874,2026-10-03T18:37:53,win.Process(vmmemWSL)\% Processor Time,0.0
1791023884,2026-10-03T18:38:03,docker.dev-peer0.org1.example.com-saksi-bulletin_1.0-ee3fe73bad456e43adfc5ba27d9e5a60983b69e8496140308fb21061ecb2ff85.cpu_pct,0.0
1791023884,2026-10-03T18:38:03,docker.dev-peer0.org1.example.com-saksi-bulletin_1.0-ee3fe73bad456e43adfc5ba27d9e5a60983b69e8496140308fb21061ecb2ff85.mem_bytes,7303331.84
1791023884,2026-10-03T18:38:03,docker.dev-peer0.org1.example.com-saksi-bulletin_1.0-ee3fe73bad456e43adfc5ba27d9e5a60983b69e8496140308fb21061ecb2ff85.blk_read_bytes,0.0
1791023884,2026-10-03T18:38:03,docker.dev-peer0.org1.example.com-saksi-bulletin_1.0-ee3fe73bad456e43adfc5ba27d9e5a60983b69e8496140308fb21061ecb2ff85.blk_write_bytes,0.0
1791023884,2026-10-03T18:38:03,docker.dev-peer0.org2.example.com-saksi-bulletin_1.0-ee3fe73bad456e43adfc5ba27d9e5a60983b69e8496140308fb21061ecb2ff85.cpu_pct,0.0
1791023884,2026-10-03T18:38:03,docker.dev-peer0.org2.example.com-saksi-bulletin_1.0-ee3fe73bad456e43adfc5ba27d9e5a60983b69e8496140308fb21061ecb2ff85.mem_bytes,7356809.216
1791023884,2026-10-03T18:38:03,docker.dev-peer0.org2.example.com-saksi-bulletin_1.0-ee3fe73bad456e43adfc5ba27d9e5a60983b69e8496140308fb21061ecb2ff85.blk_read_bytes,0.0
1791023884,2026-10-03T18:38:03,docker.dev-peer0.org2.example.com-saksi-bulletin_1.0-ee3fe73bad456e43adfc5ba27d9e5a60983b69e8496140308fb21061ecb2ff85.blk_write_bytes,0.0
1791023884,2026-10-03T18:38:03,docker.peer0.org1.example.com.cpu_pct,1.23
1791023884,2026-10-03T18:38:03,docker.peer0.org1.example.com.mem_bytes,53131345.92
1791023884,2026-10-03T18:38:03,docker.peer0.org1.example.com.blk_read_bytes,3760000.0
1791023884,2026-10-03T18:38:03,docker.peer0.org1.example.com.blk_write_bytes,5140000.0
1791023884,2026-10-03T18:38:03,docker.peer0.org2.example.com.cpu_pct,1.06
1791023884,2026-10-03T18:38:03,docker.peer0.org2.example.com.mem_bytes,46378516.48
1791023884,2026-10-03T18:38:03,docker.peer0.org2.example.com.blk_read_bytes,545000.0
1791023884,2026-10-03T18:38:03,docker.peer0.org2.example.com.blk_write_bytes,3610000.0
1791023884,2026-10-03T18:38:03,docker.orderer.example.com.cpu_pct,0.03
1791023884,2026-10-03T18:38:03,docker.orderer.example.com.mem_bytes,28458352.64
1791023884,2026-10-03T18:38:03,docker.orderer.example.com.blk_read_bytes,31400000.0
1791023884,2026-10-03T18:38:03,docker.orderer.example.com.blk_write_bytes,262000.0
1791023884,2026-10-03T18:38:03,wsl.MemTotal_kb,24608408
1791023884,2026-10-03T18:38:03,wsl.MemAvailable_kb,23106344
1791023884,2026-10-03T18:38:03,wsl.SwapTotal_kb,0
1791023884,2026-10-03T18:38:03,wsl.SwapFree_kb,0
1791023884,2026-10-03T18:38:03,wsl.Dirty_kb,4
1791023884,2026-10-03T18:38:03,wsl.load1,14.56
1791023884,2026-10-03T18:38:03,wsl.load5,13.7
1791023884,2026-10-03T18:38:03,host.c_free_bytes,49282404352
1791023884,2026-10-03T18:38:03,host.q_free_bytes,418763845632
1791023884,2026-10-03T18:38:03,host.docker_vhdx_bytes,15592325120
1791023884,2026-10-03T18:38:03,host.ubuntu_vhdx_bytes,212983611392
1791023884,2026-10-03T18:38:03,win.Memory\Available MBytes,89.997086
1791023884,2026-10-03T18:38:03,win.PhysicalDisk(0 C:)\% Disk Time,1598.0
1791023884,2026-10-03T18:38:03,win.PhysicalDisk(1 Q:)\% Disk Time,0.149785
1791023884,2026-10-03T18:38:03,win.PhysicalDisk(_Total)\% Disk Time,0.0
1791023884,2026-10-03T18:38:03,win.PhysicalDisk(0 C:)\Current Disk Queue Length,0.074893
1791023884,2026-10-03T18:38:03,win.PhysicalDisk(1 Q:)\Current Disk Queue Length,0.0
1791023884,2026-10-03T18:38:03,win.PhysicalDisk(_Total)\Current Disk Queue Length,0.0
1791023884,2026-10-03T18:38:03,win.Process(vmmemWSL)\% Processor Time,0.0
1791023894,2026-10-03T18:38:13,docker.dev-peer0.org1.example.com-saksi-bulletin_1.0-ee3fe73bad456e43adfc5ba27d9e5a60983b69e8496140308fb21061ecb2ff85.cpu_pct,0.0
1791023894,2026-10-03T18:38:13,docker.dev-peer0.org1.example.com-saksi-bulletin_1.0-ee3fe73bad456e43adfc5ba27d9e5a60983b69e8496140308fb21061ecb2ff85.mem_bytes,7299137.536
1791023894,2026-10-03T18:38:13,docker.dev-peer0.org1.example.com-saksi-bulletin_1.0-ee3fe73bad456e43adfc5ba27d9e5a60983b69e8496140308fb21061ecb2ff85.blk_read_bytes,0.0
1791023894,2026-10-03T18:38:13,docker.dev-peer0.org1.example.com-saksi-bulletin_1.0-ee3fe73bad456e43adfc5ba27d9e5a60983b69e8496140308fb21061ecb2ff85.blk_write_bytes,0.0
1791023894,2026-10-03T18:38:13,docker.dev-peer0.org2.example.com-saksi-bulletin_1.0-ee3fe73bad456e43adfc5ba27d9e5a60983b69e8496140308fb21061ecb2ff85.cpu_pct,0.0
1791023894,2026-10-03T18:38:13,docker.dev-peer0.org2.example.com-saksi-bulletin_1.0-ee3fe73bad456e43adfc5ba27d9e5a60983b69e8496140308fb21061ecb2ff85.mem_bytes,7098859.52
1791023894,2026-10-03T18:38:13,docker.dev-peer0.org2.example.com-saksi-bulletin_1.0-ee3fe73bad456e43adfc5ba27d9e5a60983b69e8496140308fb21061ecb2ff85.blk_read_bytes,0.0
1791023894,2026-10-03T18:38:13,docker.dev-peer0.org2.example.com-saksi-bulletin_1.0-ee3fe73bad456e43adfc5ba27d9e5a60983b69e8496140308fb21061ecb2ff85.blk_write_bytes,0.0
1791023894,2026-10-03T18:38:13,docker.peer0.org1.example.com.cpu_pct,1.46
1791023894,2026-10-03T18:38:13,docker.peer0.org1.example.com.mem_bytes,53131345.92
1791023894,2026-10-03T18:38:13,docker.peer0.org1.example.com.blk_read_bytes,3760000.0
1791023894,2026-10-03T18:38:13,docker.peer0.org1.example.com.blk_write_bytes,5140000.0
1791023894,2026-10-03T18:38:13,docker.peer0.org2.example.com.cpu_pct,1.34
1791023894,2026-10-03T18:38:13,docker.peer0.org2.example.com.mem_bytes,46147829.76
1791023894,2026-10-03T18:38:13,docker.peer0.org2.example.com.blk_read_bytes,545000.0
1791023894,2026-10-03T18:38:13,docker.peer0.org2.example.com.blk_write_bytes,3610000.0
1791023894,2026-10-03T18:38:13,docker.orderer.example.com.cpu_pct,0.04
1791023894,2026-10-03T18:38:13,docker.orderer.example.com.mem_bytes,27420262.4
1791023894,2026-10-03T18:38:13,docker.orderer.example.com.blk_read_bytes,31400000.0
1791023894,2026-10-03T18:38:13,docker.orderer.example.com.blk_write_bytes,262000.0
1791023894,2026-10-03T18:38:13,wsl.MemTotal_kb,24608408
1791023894,2026-10-03T18:38:13,wsl.MemAvailable_kb,23118252
1791023894,2026-10-03T18:38:13,wsl.SwapTotal_kb,0
1791023894,2026-10-03T18:38:13,wsl.SwapFree_kb,0
1791023894,2026-10-03T18:38:13,wsl.Dirty_kb,144
1791023894,2026-10-03T18:38:13,wsl.load1,13.47
1791023894,2026-10-03T18:38:13,wsl.load5,13.49
1791023894,2026-10-03T18:38:13,host.c_free_bytes,49282076672
1791023894,2026-10-03T18:38:13,host.q_free_bytes,418763845632
1791023894,2026-10-03T18:38:13,host.docker_vhdx_bytes,15592325120
1791023894,2026-10-03T18:38:13,host.ubuntu_vhdx_bytes,212983611392
1791023894,2026-10-03T18:38:13,win.Memory\Available MBytes,89.641002
1791023894,2026-10-03T18:38:13,win.PhysicalDisk(0 C:)\% Disk Time,1590.0
1791023894,2026-10-03T18:38:13,win.PhysicalDisk(1 Q:)\% Disk Time,0.251908
1791023894,2026-10-03T18:38:13,win.PhysicalDisk(_Total)\% Disk Time,0.0
1791023894,2026-10-03T18:38:13,win.PhysicalDisk(0 C:)\Current Disk Queue Length,0.125954
1791023894,2026-10-03T18:38:13,win.PhysicalDisk(1 Q:)\Current Disk Queue Length,0.0
1791023894,2026-10-03T18:38:13,win.PhysicalDisk(_Total)\Current Disk Queue Length,0.0
1791023894,2026-10-03T18:38:13,win.Process(vmmemWSL)\% Processor Time,0.0
1791023904,2026-10-03T18:38:23,docker.dev-peer0.org1.example.com-saksi-bulletin_1.0-ee3fe73bad456e43adfc5ba27d9e5a60983b69e8496140308fb21061ecb2ff85.cpu_pct,0.0
1791023904,2026-10-03T18:38:23,docker.dev-peer0.org1.example.com-saksi-bulletin_1.0-ee3fe73bad456e43adfc5ba27d9e5a60983b69e8496140308fb21061ecb2ff85.mem_bytes,7036993.536
1791023904,2026-10-03T18:38:23,docker.dev-peer0.org1.example.com-saksi-bulletin_1.0-ee3fe73bad456e43adfc5ba27d9e5a60983b69e8496140308fb21061ecb2ff85.blk_read_bytes,0.0
1791023904,2026-10-03T18:38:23,docker.dev-peer0.org1.example.com-saksi-bulletin_1.0-ee3fe73bad456e43adfc5ba27d9e5a60983b69e8496140308fb21061ecb2ff85.blk_write_bytes,0.0
1791023904,2026-10-03T18:38:23,docker.dev-peer0.org2.example.com-saksi-bulletin_1.0-ee3fe73bad456e43adfc5ba27d9e5a60983b69e8496140308fb21061ecb2ff85.cpu_pct,0.0
1791023904,2026-10-03T18:38:23,docker.dev-peer0.org2.example.com-saksi-bulletin_1.0-ee3fe73bad456e43adfc5ba27d9e5a60983b69e8496140308fb21061ecb2ff85.mem_bytes,7098859.52
1791023904,2026-10-03T18:38:23,docker.dev-peer0.org2.example.com-saksi-bulletin_1.0-ee3fe73bad456e43adfc5ba27d9e5a60983b69e8496140308fb21061ecb2ff85.blk_read_bytes,0.0
1791023904,2026-10-03T18:38:23,docker.dev-peer0.org2.example.com-saksi-bulletin_1.0-ee3fe73bad456e43adfc5ba27d9e5a60983b69e8496140308fb21061ecb2ff85.blk_write_bytes,0.0
1791023904,2026-10-03T18:38:23,docker.peer0.org1.example.com.cpu_pct,1.16
1791023904,2026-10-03T18:38:23,docker.peer0.org1.example.com.mem_bytes,52858716.16
1791023904,2026-10-03T18:38:23,docker.peer0.org1.example.com.blk_read_bytes,3760000.0
1791023904,2026-10-03T18:38:23,docker.peer0.org1.example.com.blk_write_bytes,5140000.0
1791023904,2026-10-03T18:38:23,docker.peer0.org2.example.com.cpu_pct,1.06
1791023904,2026-10-03T18:38:23,docker.peer0.org2.example.com.mem_bytes,46389002.24
1791023904,2026-10-03T18:38:23,docker.peer0.org2.example.com.blk_read_bytes,545000.0
1791023904,2026-10-03T18:38:23,docker.peer0.org2.example.com.blk_write_bytes,3610000.0
1791023904,2026-10-03T18:38:23,docker.orderer.example.com.cpu_pct,0.04
1791023904,2026-10-03T18:38:23,docker.orderer.example.com.mem_bytes,27420262.4
1791023904,2026-10-03T18:38:23,docker.orderer.example.com.blk_read_bytes,31400000.0
1791023904,2026-10-03T18:38:23,docker.orderer.example.com.blk_write_bytes,262000.0
1791023904,2026-10-03T18:38:23,wsl.MemTotal_kb,24608408
1791023904,2026-10-03T18:38:23,wsl.MemAvailable_kb,23117376
1791023904,2026-10-03T18:38:23,wsl.SwapTotal_kb,0
1791023904,2026-10-03T18:38:23,wsl.SwapFree_kb,0
1791023904,2026-10-03T18:38:23,wsl.Dirty_kb,220
1791023904,2026-10-03T18:38:23,wsl.load1,11.62
1791023904,2026-10-03T18:38:23,wsl.load5,13.1
1791023904,2026-10-03T18:38:23,host.c_free_bytes,49282699264
1791023904,2026-10-03T18:38:23,host.q_free_bytes,418763845632
1791023904,2026-10-03T18:38:23,host.docker_vhdx_bytes,15592325120
1791023904,2026-10-03T18:38:23,host.ubuntu_vhdx_bytes,212983611392
1791023904,2026-10-03T18:38:23,win.Memory\Available MBytes,59.189102
1791023904,2026-10-03T18:38:23,win.PhysicalDisk(0 C:)\% Disk Time,1639.0
1791023904,2026-10-03T18:38:23,win.PhysicalDisk(1 Q:)\% Disk Time,0.362637
1791023904,2026-10-03T18:38:23,win.PhysicalDisk(_Total)\% Disk Time,0.0
1791023904,2026-10-03T18:38:23,win.PhysicalDisk(0 C:)\Current Disk Queue Length,0.181319
1791023904,2026-10-03T18:38:23,win.PhysicalDisk(1 Q:)\Current Disk Queue Length,0.0
1791023904,2026-10-03T18:38:23,win.PhysicalDisk(_Total)\Current Disk Queue Length,0.0
1791023904,2026-10-03T18:38:23,win.Process(vmmemWSL)\% Processor Time,0.0
1791023914,2026-10-03T18:38:33,docker.dev-peer0.org1.example.com-saksi-bulletin_1.0-ee3fe73bad456e43adfc5ba27d9e5a60983b69e8496140308fb21061ecb2ff85.cpu_pct,0.0
1791023914,2026-10-03T18:38:33,docker.dev-peer0.org1.example.com-saksi-bulletin_1.0-ee3fe73bad456e43adfc5ba27d9e5a60983b69e8496140308fb21061ecb2ff85.mem_bytes,7036993.536
1791023914,2026-10-03T18:38:33,docker.dev-peer0.org1.example.com-saksi-bulletin_1.0-ee3fe73bad456e43adfc5ba27d9e5a60983b69e8496140308fb21061ecb2ff85.blk_read_bytes,0.0
1791023914,2026-10-03T18:38:33,docker.dev-peer0.org1.example.com-saksi-bulletin_1.0-ee3fe73bad456e43adfc5ba27d9e5a60983b69e8496140308fb21061ecb2ff85.blk_write_bytes,0.0
1791023914,2026-10-03T18:38:33,docker.dev-peer0.org2.example.com-saksi-bulletin_1.0-ee3fe73bad456e43adfc5ba27d9e5a60983b69e8496140308fb21061ecb2ff85.cpu_pct,0.0
1791023914,2026-10-03T18:38:33,docker.dev-peer0.org2.example.com-saksi-bulletin_1.0-ee3fe73bad456e43adfc5ba27d9e5a60983b69e8496140308fb21061ecb2ff85.mem_bytes,7098859.52
1791023914,2026-10-03T18:38:33,docker.dev-peer0.org2.example.com-saksi-bulletin_1.0-ee3fe73bad456e43adfc5ba27d9e5a60983b69e8496140308fb21061ecb2ff85.blk_read_bytes,0.0
1791023914,2026-10-03T18:38:33,docker.dev-peer0.org2.example.com-saksi-bulletin_1.0-ee3fe73bad456e43adfc5ba27d9e5a60983b69e8496140308fb21061ecb2ff85.blk_write_bytes,0.0
1791023914,2026-10-03T18:38:33,docker.peer0.org1.example.com.cpu_pct,1.52
1791023914,2026-10-03T18:38:33,docker.peer0.org1.example.com.mem_bytes,52848230.4
1791023914,2026-10-03T18:38:33,docker.peer0.org1.example.com.blk_read_bytes,3760000.0
1791023914,2026-10-03T18:38:33,docker.peer0.org1.example.com.blk_write_bytes,5140000.0
1791023914,2026-10-03T18:38:33,docker.peer0.org2.example.com.cpu_pct,1.55
1791023914,2026-10-03T18:38:33,docker.peer0.org2.example.com.mem_bytes,45592084.48
1791023914,2026-10-03T18:38:33,docker.peer0.org2.example.com.blk_read_bytes,545000.0
1791023914,2026-10-03T18:38:33,docker.peer0.org2.example.com.blk_write_bytes,3610000.0
1791023914,2026-10-03T18:38:33,docker.orderer.example.com.cpu_pct,0.05
1791023914,2026-10-03T18:38:33,docker.orderer.example.com.mem_bytes,27420262.4
1791023914,2026-10-03T18:38:33,docker.orderer.example.com.blk_read_bytes,31400000.0
1791023914,2026-10-03T18:38:33,docker.orderer.example.com.blk_write_bytes,262000.0
1791023914,2026-10-03T18:38:33,wsl.MemTotal_kb,24608408
1791023914,2026-10-03T18:38:33,wsl.MemAvailable_kb,23118016
1791023914,2026-10-03T18:38:33,wsl.SwapTotal_kb,0
1791023914,2026-10-03T18:38:33,wsl.SwapFree_kb,0
1791023914,2026-10-03T18:38:33,wsl.Dirty_kb,216
1791023914,2026-10-03T18:38:33,wsl.load1,9.83
1791023914,2026-10-03T18:38:33,wsl.load5,12.67
1791023914,2026-10-03T18:38:33,host.c_free_bytes,49282338816
1791023914,2026-10-03T18:38:33,host.q_free_bytes,418763845632
1791023914,2026-10-03T18:38:33,host.docker_vhdx_bytes,15592325120
1791023914,2026-10-03T18:38:33,host.ubuntu_vhdx_bytes,212983611392
1791023914,2026-10-03T18:38:33,win.Memory\Available MBytes,17.75869
1791023914,2026-10-03T18:38:33,win.PhysicalDisk(0 C:)\% Disk Time,1838.0
1791023914,2026-10-03T18:38:33,win.PhysicalDisk(1 Q:)\% Disk Time,0.136866
1791023914,2026-10-03T18:38:33,win.PhysicalDisk(_Total)\% Disk Time,0.0
1791023914,2026-10-03T18:38:33,win.PhysicalDisk(0 C:)\Current Disk Queue Length,0.068433
1791023914,2026-10-03T18:38:33,win.PhysicalDisk(1 Q:)\Current Disk Queue Length,0.0
1791023914,2026-10-03T18:38:33,win.PhysicalDisk(_Total)\Current Disk Queue Length,0.0
1791023914,2026-10-03T18:38:33,win.Process(vmmemWSL)\% Processor Time,0.0
1791023924,2026-10-03T18:38:43,docker.dev-peer0.org1.example.com-saksi-bulletin_1.0-ee3fe73bad456e43adfc5ba27d9e5a60983b69e8496140308fb21061ecb2ff85.cpu_pct,0.0
1791023924,2026-10-03T18:38:43,docker.dev-peer0.org1.example.com-saksi-bulletin_1.0-ee3fe73bad456e43adfc5ba27d9e5a60983b69e8496140308fb21061ecb2ff85.mem_bytes,7823425.536
1791023924,2026-10-03T18:38:43,docker.dev-peer0.org1.example.com-saksi-bulletin_1.0-ee3fe73bad456e43adfc5ba27d9e5a60983b69e8496140308fb21061ecb2ff85.blk_read_bytes,0.0
1791023924,2026-10-03T18:38:43,docker.dev-peer0.org1.example.com-saksi-bulletin_1.0-ee3fe73bad456e43adfc5ba27d9e5a60983b69e8496140308fb21061ecb2ff85.blk_write_bytes,0.0
1791023924,2026-10-03T18:38:43,docker.dev-peer0.org2.example.com-saksi-bulletin_1.0-ee3fe73bad456e43adfc5ba27d9e5a60983b69e8496140308fb21061ecb2ff85.cpu_pct,0.0
1791023924,2026-10-03T18:38:43,docker.dev-peer0.org2.example.com-saksi-bulletin_1.0-ee3fe73bad456e43adfc5ba27d9e5a60983b69e8496140308fb21061ecb2ff85.mem_bytes,7352614.912
1791023924,2026-10-03T18:38:43,docker.dev-peer0.org2.example.com-saksi-bulletin_1.0-ee3fe73bad456e43adfc5ba27d9e5a60983b69e8496140308fb21061ecb2ff85.blk_read_bytes,0.0
1791023924,2026-10-03T18:38:43,docker.dev-peer0.org2.example.com-saksi-bulletin_1.0-ee3fe73bad456e43adfc5ba27d9e5a60983b69e8496140308fb21061ecb2ff85.blk_write_bytes,0.0
1791023924,2026-10-03T18:38:43,docker.peer0.org1.example.com.cpu_pct,1.07
1791023924,2026-10-03T18:38:43,docker.peer0.org1.example.com.mem_bytes,53152317.44
1791023924,2026-10-03T18:38:43,docker.peer0.org1.example.com.blk_read_bytes,3760000.0
1791023924,2026-10-03T18:38:43,docker.peer0.org1.example.com.blk_write_bytes,5140000.0
1791023924,2026-10-03T18:38:43,docker.peer0.org2.example.com.cpu_pct,1.07
1791023924,2026-10-03T18:38:43,docker.peer0.org2.example.com.mem_bytes,45833256.96
1791023924,2026-10-03T18:38:43,docker.peer0.org2.example.com.blk_read_bytes,545000.0
1791023924,2026-10-03T18:38:43,docker.peer0.org2.example.com.blk_write_bytes,3610000.0
1791023924,2026-10-03T18:38:43,docker.orderer.example.com.cpu_pct,0.06
1791023924,2026-10-03T18:38:43,docker.orderer.example.com.mem_bytes,27682406.4
1791023924,2026-10-03T18:38:43,docker.orderer.example.com.blk_read_bytes,31400000.0
1791023924,2026-10-03T18:38:43,docker.orderer.example.com.blk_write_bytes,262000.0
1791023924,2026-10-03T18:38:43,wsl.MemTotal_kb,24608408
1791023924,2026-10-03T18:38:43,wsl.MemAvailable_kb,23124748
1791023924,2026-10-03T18:38:43,wsl.SwapTotal_kb,0
1791023924,2026-10-03T18:38:43,wsl.SwapFree_kb,0
1791023924,2026-10-03T18:38:43,wsl.Dirty_kb,32
1791023924,2026-10-03T18:38:43,wsl.load1,8.32
1791023924,2026-10-03T18:38:43,wsl.load5,12.25
1791023924,2026-10-03T18:38:43,host.c_free_bytes,49281945600
1791023924,2026-10-03T18:38:43,host.q_free_bytes,418763845632
1791023924,2026-10-03T18:38:43,host.docker_vhdx_bytes,15592325120
1791023924,2026-10-03T18:38:43,host.ubuntu_vhdx_bytes,212983611392
1791023924,2026-10-03T18:38:43,win.Memory\Available MBytes,9.445319
1791023924,2026-10-03T18:38:43,win.PhysicalDisk(0 C:)\% Disk Time,1796.0
1791023924,2026-10-03T18:38:43,win.PhysicalDisk(1 Q:)\% Disk Time,7.635367
1791023924,2026-10-03T18:38:43,win.PhysicalDisk(_Total)\% Disk Time,0.0
1791023924,2026-10-03T18:38:43,win.PhysicalDisk(0 C:)\Current Disk Queue Length,3.817684
1791023924,2026-10-03T18:38:43,win.PhysicalDisk(1 Q:)\Current Disk Queue Length,0.0
1791023924,2026-10-03T18:38:43,win.PhysicalDisk(_Total)\Current Disk Queue Length,0.0
1791023924,2026-10-03T18:38:43,win.Process(vmmemWSL)\% Processor Time,0.0
1791023934,2026-10-03T18:38:53,docker.dev-peer0.org1.example.com-saksi-bulletin_1.0-ee3fe73bad456e43adfc5ba27d9e5a60983b69e8496140308fb21061ecb2ff85.cpu_pct,0.0
1791023934,2026-10-03T18:38:53,docker.dev-peer0.org1.example.com-saksi-bulletin_1.0-ee3fe73bad456e43adfc5ba27d9e5a60983b69e8496140308fb21061ecb2ff85.mem_bytes,7561281.536
1791023934,2026-10-03T18:38:53,docker.dev-peer0.org1.example.com-saksi-bulletin_1.0-ee3fe73bad456e43adfc5ba27d9e5a60983b69e8496140308fb21061ecb2ff85.blk_read_bytes,0.0
1791023934,2026-10-03T18:38:53,docker.dev-peer0.org1.example.com-saksi-bulletin_1.0-ee3fe73bad456e43adfc5ba27d9e5a60983b69e8496140308fb21061ecb2ff85.blk_write_bytes,0.0
1791023934,2026-10-03T18:38:53,docker.dev-peer0.org2.example.com-saksi-bulletin_1.0-ee3fe73bad456e43adfc5ba27d9e5a60983b69e8496140308fb21061ecb2ff85.cpu_pct,0.0
1791023934,2026-10-03T18:38:53,docker.dev-peer0.org2.example.com-saksi-bulletin_1.0-ee3fe73bad456e43adfc5ba27d9e5a60983b69e8496140308fb21061ecb2ff85.mem_bytes,7352614.912
1791023934,2026-10-03T18:38:53,docker.dev-peer0.org2.example.com-saksi-bulletin_1.0-ee3fe73bad456e43adfc5ba27d9e5a60983b69e8496140308fb21061ecb2ff85.blk_read_bytes,0.0
1791023934,2026-10-03T18:38:53,docker.dev-peer0.org2.example.com-saksi-bulletin_1.0-ee3fe73bad456e43adfc5ba27d9e5a60983b69e8496140308fb21061ecb2ff85.blk_write_bytes,0.0
1791023934,2026-10-03T18:38:53,docker.peer0.org1.example.com.cpu_pct,1.37
1791023934,2026-10-03T18:38:53,docker.peer0.org1.example.com.mem_bytes,53120860.16
1791023934,2026-10-03T18:38:53,docker.peer0.org1.example.com.blk_read_bytes,3760000.0
1791023934,2026-10-03T18:38:53,docker.peer0.org1.example.com.blk_write_bytes,5140000.0
1791023934,2026-10-03T18:38:53,docker.peer0.org2.example.com.cpu_pct,1.43
1791023934,2026-10-03T18:38:53,docker.peer0.org2.example.com.mem_bytes,45822771.2
1791023934,2026-10-03T18:38:53,docker.peer0.org2.example.com.blk_read_bytes,545000.0
1791023934,2026-10-03T18:38:53,docker.peer0.org2.example.com.blk_write_bytes,3610000.0
1791023934,2026-10-03T18:38:53,docker.orderer.example.com.cpu_pct,0.05
1791023934,2026-10-03T18:38:53,docker.orderer.example.com.mem_bytes,27682406.4
1791023934,2026-10-03T18:38:53,docker.orderer.example.com.blk_read_bytes,31400000.0
1791023934,2026-10-03T18:38:53,docker.orderer.example.com.blk_write_bytes,262000.0
1791023934,2026-10-03T18:38:53,wsl.MemTotal_kb,24608408
1791023934,2026-10-03T18:38:53,wsl.MemAvailable_kb,23123092
1791023934,2026-10-03T18:38:53,wsl.SwapTotal_kb,0
1791023934,2026-10-03T18:38:53,wsl.SwapFree_kb,0
1791023934,2026-10-03T18:38:53,wsl.Dirty_kb,56
1791023934,2026-10-03T18:38:53,wsl.load1,7.43
1791023934,2026-10-03T18:38:53,wsl.load5,11.93
1791023934,2026-10-03T18:38:53,host.c_free_bytes,49282732032
1791023934,2026-10-03T18:38:53,host.q_free_bytes,418763845632
1791023934,2026-10-03T18:38:53,host.docker_vhdx_bytes,15592325120
1791023934,2026-10-03T18:38:53,host.ubuntu_vhdx_bytes,212983611392
1791023934,2026-10-03T18:38:53,win.Memory\Available MBytes,5.59685
1791023934,2026-10-03T18:38:53,win.PhysicalDisk(0 C:)\% Disk Time,1808.0
1791023934,2026-10-03T18:38:53,win.PhysicalDisk(1 Q:)\% Disk Time,0.127988
1791023934,2026-10-03T18:38:53,win.PhysicalDisk(_Total)\% Disk Time,0.0
1791023934,2026-10-03T18:38:53,win.PhysicalDisk(0 C:)\Current Disk Queue Length,0.063994
1791023934,2026-10-03T18:38:53,win.PhysicalDisk(1 Q:)\Current Disk Queue Length,0.0
1791023934,2026-10-03T18:38:53,win.PhysicalDisk(_Total)\Current Disk Queue Length,0.0
1791023934,2026-10-03T18:38:53,win.Process(vmmemWSL)\% Processor Time,0.0
