event,ref,tx_id,block_number,block_hash,data_hash,previous_hash,timestamp
CreateElection,,5b9e6618aebde77a141f581839b851ad78bcf9cbf9c44888ffc74887cc565e96,97,ff25c55ef6b855a33dbc51f728db21fd93047867e02c1c5500ed96773710ff4a,612ea82e1001addfa11509d5e1b02a6f24ede060ffc8a9303e7f4d52e25da992,c80a8120770349d982e3541245780ec7e14023ae78d4a3991b31cd2eeefe2809,2026-09-30T17:57:00Z
PublishDKGTranscript,,b41ed25500513f6ba79bd399ab4c0edee101fdfd1ef3596c912684dce08124d1,98,22783090fcc221f329b56854e2b2685e886bb721d68551d1fcdddb043237dca5,9d7f8bd98c109e58fc07a48d771711f93a0b0d671c772683699d2999e5df0ff8,ff25c55ef6b855a33dbc51f728db21fd93047867e02c1c5500ed96773710ff4a,2026-09-30T17:57:02Z
CloseElection,,054c5ceb5819f6d6921ff818233a1b8e65e8362eca45fd2f8bdd3bf9199eaa51,159,1c4eab173cdc7c388503b18e47289467a364334e39291d74bbcf55c5a649d893,33d44ec7d2690e69a0b4570ab94ce4544f71000d936cb812e45079aaf9de1a93,6d1771ac29a93e22bf5fdcb57f2a0b8179e133edc1cd84028cec8f9b828ebd6b,2026-09-30T17:57:20Z
SubmitPartialDecryption,14,a26e3ecca76a79e1ef7dabb0940ea7f5223c45e1f2939758a0662953719bd050,160,bd9b5a2fedc4738bb84319cd23df9e0aa2d5795f3935b2a7ef85e759ff4827d6,bbb18d7a415e9c3e174ef1f2ea347f45848313ea6dbcfb83d2b75840d3e704e3,1c4eab173cdc7c388503b18e47289467a364334e39291d74bbcf55c5a649d893,2026-09-30T17:57:22Z
SubmitPartialDecryption,11,749956f47e1a040d934a2eff73eed3dff323cd2e225ee25357ce891f8ecb655d,160,bd9b5a2fedc4738bb84319cd23df9e0aa2d5795f3935b2a7ef85e759ff4827d6,bbb18d7a415e9c3e174ef1f2ea347f45848313ea6dbcfb83d2b75840d3e704e3,1c4eab173cdc7c388503b18e47289467a364334e39291d74bbcf55c5a649d893,2026-09-30T17:57:22Z
SubmitPartialDecryption,5,35c361449ceef04bb09c2930311ecdf7c7a3f3249395e2c568a09a5e8309d066,160,bd9b5a2fedc4738bb84319cd23df9e0aa2d5795f3935b2a7ef85e759ff4827d6,bbb18d7a415e9c3e174ef1f2ea347f45848313ea6dbcfb83d2b75840d3e704e3,1c4eab173cdc7c388503b18e47289467a364334e39291d74bbcf55c5a649d893,2026-09-30T17:57:22Z
SubmitPartialDecryption,8,82f7e10a21582ed2acebeaad0306ac6f96ab6e88ffb2e3cacebe6c8f66367539,160,bd9b5a2fedc4738bb84319cd23df9e0aa2d5795f3935b2a7ef85e759ff4827d6,bbb18d7a415e9c3e174ef1f2ea347f45848313ea6dbcfb83d2b75840d3e704e3,1c4eab173cdc7c388503b18e47289467a364334e39291d74bbcf55c5a649d893,2026-09-30T17:57:22Z
SubmitPartialDecryption,4,bd3267439ae6ab7d50593f2151d3a45945cc6413d1ec786446a73a6fcf0852b8,160,bd9b5a2fedc4738bb84319cd23df9e0aa2d5795f3935b2a7ef85e759ff4827d6,bbb18d7a415e9c3e174ef1f2ea347f45848313ea6dbcfb83d2b75840d3e704e3,1c4eab173cdc7c388503b18e47289467a364334e39291d74bbcf55c5a649d893,2026-09-30T17:57:22Z
SubmitPartialDecryption,15,7a9d7afe3818781ed813febdb1569238360dbcdf8c68380bf5cadae14cf4609c,160,bd9b5a2fedc4738bb84319cd23df9e0aa2d5795f3935b2a7ef85e759ff4827d6,bbb18d7a415e9c3e174ef1f2ea347f45848313ea6dbcfb83d2b75840d3e704e3,1c4eab173cdc7c388503b18e47289467a364334e39291d74bbcf55c5a649d893,2026-09-30T17:57:22Z
SubmitPartialDecryption,13,28f9a3afaca2834801c384df4468d0d5867a0bbb36ca5773986448be3526bbda,160,bd9b5a2fedc4738bb84319cd23df9e0aa2d5795f3935b2a7ef85e759ff4827d6,bbb18d7a415e9c3e174ef1f2ea347f45848313ea6dbcfb83d2b75840d3e704e3,1c4eab173cdc7c388503b18e47289467a364334e39291d74bbcf55c5a649d893,2026-09-30T17:57:22Z
SubmitPartialDecryption,7,bf59bde08cefa72fd2349f3bb549a8f194a1fd910b147f58459b322edf170bea,160,bd9b5a2fedc4738bb84319cd23df9e0aa2d5795f3935b2a7ef85e759ff4827d6,bbb18d7a415e9c3e174ef1f2ea347f45848313ea6dbcfb83d2b75840d3e704e3,1c4eab173cdc7c388503b18e47289467a364334e39291d74bbcf55c5a649d893,2026-09-30T17:57:22Z
SubmitPartialDecryption,10,96fcab63864ea878d4aed99e6769011d940f943dbb1581367ea1bf09e9fbaf6e,160,bd9b5a2fedc4738bb84319cd23df9e0aa2d5795f3935b2a7ef85e759ff4827d6,bbb18d7a415e9c3e174ef1f2ea347f45848313ea6dbcfb83d2b75840d3e704e3,1c4eab173cdc7c388503b18e47289467a364334e39291d74bbcf55c5a649d893,2026-09-30T17:57:22Z
SubmitPartialDecryption,12,bbdfbad501e8f0f4fcff39085c05309f1a52308b7c8500185e72aa9895904cd5,160,bd9b5a2fedc4738bb84319cd23df9e0aa2d5795f3935b2a7ef85e759ff4827d6,bbb18d7a415e9c3e174ef1f2ea347f45848313ea6dbcfb83d2b75840d3e704e3,1c4eab173cdc7c388503b18e47289467a364334e39291d74bbcf55c5a649d893,2026-09-30T17:57:22Z
SubmitPartialDecryption,3,9e53f3f71c1a31da4d14fa04b4c92b7c0e6e67648d3f1ab9d02856d46e7b6d40,160,bd9b5a2fedc4738bb84319cd23df9e0aa2d5795f3935b2a7ef85e759ff4827d6,bbb18d7a415e9c3e174ef1f2ea347f45848313ea6dbcfb83d2b75840d3e704e3,1c4eab173cdc7c388503b18e47289467a364334e39291d74bbcf55c5a649d893,2026-09-30T17:57:22Z
SubmitPartialDecryption,6,cd25d0d561251c1be22f46bb577f06154f50f099e08ef371f11ac0d521acac48,160,bd9b5a2fedc4738bb84319cd23df9e0aa2d5795f3935b2a7ef85e759ff4827d6,bbb18d7a415e9c3e174ef1f2ea347f45848313ea6dbcfb83d2b75840d3e704e3,1c4eab173cdc7c388503b18e47289467a364334e39291d74bbcf55c5a649d893,2026-09-30T17:57:22Z
SubmitPartialDecryption,9,b80492bd4a3541fbce4cf86a4b311a066df050b26efa068ea5b5d30629ce9c48,160,bd9b5a2fedc4738bb84319cd23df9e0aa2d5795f3935b2a7ef85e759ff4827d6,bbb18d7a415e9c3e174ef1f2ea347f45848313ea6dbcfb83d2b75840d3e704e3,1c4eab173cdc7c388503b18e47289467a364334e39291d74bbcf55c5a649d893,2026-09-30T17:57:22Z
SubmitPartialDecryption,2,1c53208691fd6fa22a8f7f94b0a6672df2812b8f3443c9bfb40cf0c2733d1f01,160,bd9b5a2fedc4738bb84319cd23df9e0aa2d5795f3935b2a7ef85e759ff4827d6,bbb18d7a415e9c3e174ef1f2ea347f45848313ea6dbcfb83d2b75840d3e704e3,1c4eab173cdc7c388503b18e47289467a364334e39291d74bbcf55c5a649d893,2026-09-30T17:57:22Z
SubmitPartialDecryption,0,e14084e5f41633e91acaf70d407f0c848b0a83e2b228463d85353601a4a44890,160,bd9b5a2fedc4738bb84319cd23df9e0aa2d5795f3935b2a7ef85e759ff4827d6,bbb18d7a415e9c3e174ef1f2ea347f45848313ea6dbcfb83d2b75840d3e704e3,1c4eab173cdc7c388503b18e47289467a364334e39291d74bbcf55c5a649d893,2026-09-30T17:57:22Z
SubmitPartialDecryption,1,03eaa363e69cb7d94fdccbbf33ffd2136a6bc1d93a67c53da77a3f3c0b029bc6,160,bd9b5a2fedc4738bb84319cd23df9e0aa2d5795f3935b2a7ef85e759ff4827d6,bbb18d7a415e9c3e174ef1f2ea347f45848313ea6dbcfb83d2b75840d3e704e3,1c4eab173cdc7c388503b18e47289467a364334e39291d74bbcf55c5a649d893,2026-09-30T17:57:22Z
SubmitPartialDecryption,26,474038d809b9095503e756be62cf3887097224b1023b510f9f892b0ddd85465e,161,31625c3b1b67be7a19d65faecaea5aee5649469d3bb148134f5a853dde350bd5,df478f2714bf966b7816bcaf5b81c5f67655f6ccf1e5038e27d552073e688142,bd9b5a2fedc4738bb84319cd23df9e0aa2d5795f3935b2a7ef85e759ff4827d6,2026-09-30T17:57:24Z
SubmitPartialDecryption,22,5324f2c4919d8f0f8cbc17c3ac7bcdc390ad4d631e2d5a122effc4e60010d055,161,31625c3b1b67be7a19d65faecaea5aee5649469d3bb148134f5a853dde350bd5,df478f2714bf966b7816bcaf5b81c5f67655f6ccf1e5038e27d552073e688142,bd9b5a2fedc4738bb84319cd23df9e0aa2d5795f3935b2a7ef85e759ff4827d6,2026-09-30T17:57:24Z
SubmitPartialDecryption,29,8cf56a2683963d2bed5c3eb5287cf2a44f24c792f84caa341e8fe498a97a2a9f,161,31625c3b1b67be7a19d65faecaea5aee5649469d3bb148134f5a853dde350bd5,df478f2714bf966b7816bcaf5b81c5f67655f6ccf1e5038e27d552073e688142,bd9b5a2fedc4738bb84319cd23df9e0aa2d5795f3935b2a7ef85e759ff4827d6,2026-09-30T17:57:24Z
SubmitPartialDecryption,31,3e6c13fbaac45e91c999ab97ce51425f3b5b9ab2138b58279847138e298849ac,161,31625c3b1b67be7a19d65faecaea5aee5649469d3bb148134f5a853dde350bd5,df478f2714bf966b7816bcaf5b81c5f67655f6ccf1e5038e27d552073e688142,bd9b5a2fedc4738bb84319cd23df9e0aa2d5795f3935b2a7ef85e759ff4827d6,2026-09-30T17:57:24Z
SubmitPartialDecryption,16,4997ee82d2c1d065b4a96564b47e559e604d77b24921c9ce0927bb50f8c81609,161,31625c3b1b67be7a19d65faecaea5aee5649469d3bb148134f5a853dde350bd5,df478f2714bf966b7816bcaf5b81c5f67655f6ccf1e5038e27d552073e688142,bd9b5a2fedc4738bb84319cd23df9e0aa2d5795f3935b2a7ef85e759ff4827d6,2026-09-30T17:57:24Z
SubmitPartialDecryption,25,9af27e4cbd192199ee20b0a89cb450b01884e643036bc7fde0a85eee1e643647,161,31625c3b1b67be7a19d65faecaea5aee5649469d3bb148134f5a853dde350bd5,df478f2714bf966b7816bcaf5b81c5f67655f6ccf1e5038e27d552073e688142,bd9b5a2fedc4738bb84319cd23df9e0aa2d5795f3935b2a7ef85e759ff4827d6,2026-09-30T17:57:24Z
SubmitPartialDecryption,23,617693b03d9b358dba5685d2b08306c6a4ff40d491fcc0c0237684f157b4ac0b,161,31625c3b1b67be7a19d65faecaea5aee5649469d3bb148134f5a853dde350bd5,df478f2714bf966b7816bcaf5b81c5f67655f6ccf1e5038e27d552073e688142,bd9b5a2fedc4738bb84319cd23df9e0aa2d5795f3935b2a7ef85e759ff4827d6,2026-09-30T17:57:24Z
SubmitPartialDecryption,21,b8157dc75eaa82404d40235ebb33703d779436075259d7df36688ba8917b72af,161,31625c3b1b67be7a19d65faecaea5aee5649469d3bb148134f5a853dde350bd5,df478f2714bf966b7816bcaf5b81c5f67655f6ccf1e5038e27d552073e688142,bd9b5a2fedc4738bb84319cd23df9e0aa2d5795f3935b2a7ef85e759ff4827d6,2026-09-30T17:57:24Z
SubmitPartialDecryption,24,b008d6a4700ad47fbc930002dbe9e5a7979848a2c8555fbe18f61e2e09e199ea,161,31625c3b1b67be7a19d65faecaea5aee5649469d3bb148134f5a853dde350bd5,df478f2714bf966b7816bcaf5b81c5f67655f6ccf1e5038e27d552073e688142,bd9b5a2fedc4738bb84319cd23df9e0aa2d5795f3935b2a7ef85e759ff4827d6,2026-09-30T17:57:24Z
SubmitPartialDecryption,30,9e5235b371f9f7beec4ed131130bafe0d666145a6fe23f65d15b9c22a5306276,161,31625c3b1b67be7a19d65faecaea5aee5649469d3bb148134f5a853dde350bd5,df478f2714bf966b7816bcaf5b81c5f67655f6ccf1e5038e27d552073e688142,bd9b5a2fedc4738bb84319cd23df9e0aa2d5795f3935b2a7ef85e759ff4827d6,2026-09-30T17:57:24Z
SubmitPartialDecryption,27,2b123e3c3f34814040bacadc5d1c7a66856adea0c53dc4abc9d31dd143a5dbe8,161,31625c3b1b67be7a19d65faecaea5aee5649469d3bb148134f5a853dde350bd5,df478f2714bf966b7816bcaf5b81c5f67655f6ccf1e5038e27d552073e688142,bd9b5a2fedc4738bb84319cd23df9e0aa2d5795f3935b2a7ef85e759ff4827d6,2026-09-30T17:57:24Z
SubmitPartialDecryption,17,ae8cedd594f3b0bbf85450ba7a9c0bd7b976328242e9cd6d0b42a7018fd87559,161,31625c3b1b67be7a19d65faecaea5aee5649469d3bb148134f5a853dde350bd5,df478f2714bf966b7816bcaf5b81c5f67655f6ccf1e5038e27d552073e688142,bd9b5a2fedc4738bb84319cd23df9e0aa2d5795f3935b2a7ef85e759ff4827d6,2026-09-30T17:57:24Z
SubmitPartialDecryption,28,9d7950598bb1b6b5c78556e1ea372b087b488856c9f3ba7957ce9148e1a2d53d,161,31625c3b1b67be7a19d65faecaea5aee5649469d3bb148134f5a853dde350bd5,df478f2714bf966b7816bcaf5b81c5f67655f6ccf1e5038e27d552073e688142,bd9b5a2fedc4738bb84319cd23df9e0aa2d5795f3935b2a7ef85e759ff4827d6,2026-09-30T17:57:24Z
SubmitPartialDecryption,18,7601619a5c6c3daaa920c740b50a7d5f1a6f7eb64019882d4ad3d0403aca6b1a,161,31625c3b1b67be7a19d65faecaea5aee5649469d3bb148134f5a853dde350bd5,df478f2714bf966b7816bcaf5b81c5f67655f6ccf1e5038e27d552073e688142,bd9b5a2fedc4738bb84319cd23df9e0aa2d5795f3935b2a7ef85e759ff4827d6,2026-09-30T17:57:24Z
SubmitPartialDecryption,20,217c0524f9fe5dc25351dcb712b3c0af5a07d1488aedea883ea8f8cdb475a4e4,161,31625c3b1b67be7a19d65faecaea5aee5649469d3bb148134f5a853dde350bd5,df478f2714bf966b7816bcaf5b81c5f67655f6ccf1e5038e27d552073e688142,bd9b5a2fedc4738bb84319cd23df9e0aa2d5795f3935b2a7ef85e759ff4827d6,2026-09-30T17:57:24Z
SubmitPartialDecryption,19,393540a4ed68dc9ed1a9c4182d07cfa6a913b24cd673877c86701eb256d32048,161,31625c3b1b67be7a19d65faecaea5aee5649469d3bb148134f5a853dde350bd5,df478f2714bf966b7816bcaf5b81c5f67655f6ccf1e5038e27d552073e688142,bd9b5a2fedc4738bb84319cd23df9e0aa2d5795f3935b2a7ef85e759ff4827d6,2026-09-30T17:57:24Z
SubmitPartialDecryption,41,51373a5defdb764fe662fee84e978eff1a35ad123adb8121e1495f08232cfbd4,162,f294ad8c1d0e8307e79b05502356fc82240257620382a53acbef493b42b7f4f3,424f320c69ebbff022c1fba5f3a3c08275df277ff5a670cfaede22e839371d1b,31625c3b1b67be7a19d65faecaea5aee5649469d3bb148134f5a853dde350bd5,2026-09-30T17:57:26Z
SubmitPartialDecryption,46,b80ac2d6e868642e73c8f1f755ab4b37ef27c45753ddfbf49dc0401649793392,162,f294ad8c1d0e8307e79b05502356fc82240257620382a53acbef493b42b7f4f3,424f320c69ebbff022c1fba5f3a3c08275df277ff5a670cfaede22e839371d1b,31625c3b1b67be7a19d65faecaea5aee5649469d3bb148134f5a853dde350bd5,2026-09-30T17:57:26Z
SubmitPartialDecryption,32,56eedb151a3703dfb9e049a789691e106eed8e7ff5e60d4818209e7dcf6dadd5,162,f294ad8c1d0e8307e79b05502356fc82240257620382a53acbef493b42b7f4f3,424f320c69ebbff022c1fba5f3a3c08275df277ff5a670cfaede22e839371d1b,31625c3b1b67be7a19d65faecaea5aee5649469d3bb148134f5a853dde350bd5,2026-09-30T17:57:26Z
SubmitPartialDecryption,36,e3936f4373da292da9244f55937689d8a522c09ef8472df767983516f13b038c,162,f294ad8c1d0e8307e79b05502356fc82240257620382a53acbef493b42b7f4f3,424f320c69ebbff022c1fba5f3a3c08275df277ff5a670cfaede22e839371d1b,31625c3b1b67be7a19d65faecaea5aee5649469d3bb148134f5a853dde350bd5,2026-09-30T17:57:26Z
SubmitPartialDecryption,37,87e46da0bbb59c26c8a2924a3cadd0b69eedf84a95144e49c94fb910ff3317ce,162,f294ad8c1d0e8307e79b05502356fc82240257620382a53acbef493b42b7f4f3,424f320c69ebbff022c1fba5f3a3c08275df277ff5a670cfaede22e839371d1b,31625c3b1b67be7a19d65faecaea5aee5649469d3bb148134f5a853dde350bd5,2026-09-30T17:57:26Z
SubmitPartialDecryption,43,cdb74d0f966ef094ec58e016eb83fad2cb513c5d7421c957a08688b394a72eb7,162,f294ad8c1d0e8307e79b05502356fc82240257620382a53acbef493b42b7f4f3,424f320c69ebbff022c1fba5f3a3c08275df277ff5a670cfaede22e839371d1b,31625c3b1b67be7a19d65faecaea5aee5649469d3bb148134f5a853dde350bd5,2026-09-30T17:57:26Z
SubmitPartialDecryption,38,068cd6d7a577908f19e46218f6af8ade64f1cc8d207d7ef6876318f344d942d8,162,f294ad8c1d0e8307e79b05502356fc82240257620382a53acbef493b42b7f4f3,424f320c69ebbff022c1fba5f3a3c08275df277ff5a670cfaede22e839371d1b,31625c3b1b67be7a19d65faecaea5aee5649469d3bb148134f5a853dde350bd5,2026-09-30T17:57:26Z
SubmitPartialDecryption,40,55a606a0491aab044ecf96457f64937f02a172a420e98245ca7053af47338e93,162,f294ad8c1d0e8307e79b05502356fc82240257620382a53acbef493b42b7f4f3,424f320c69ebbff022c1fba5f3a3c08275df277ff5a670cfaede22e839371d1b,31625c3b1b67be7a19d65faecaea5aee5649469d3bb148134f5a853dde350bd5,2026-09-30T17:57:26Z
SubmitPartialDecryption,42,f7b268349966c8d1baf93e52a01d355021f7fad8147b9e4be4da7adf467b739a,162,f294ad8c1d0e8307e79b05502356fc82240257620382a53acbef493b42b7f4f3,424f320c69ebbff022c1fba5f3a3c08275df277ff5a670cfaede22e839371d1b,31625c3b1b67be7a19d65faecaea5aee5649469d3bb148134f5a853dde350bd5,2026-09-30T17:57:26Z
SubmitPartialDecryption,35,98a593e545f0ab31179f960fe6bf830ed244af2c104f2900b491b4cbc89eb843,162,f294ad8c1d0e8307e79b05502356fc82240257620382a53acbef493b42b7f4f3,424f320c69ebbff022c1fba5f3a3c08275df277ff5a670cfaede22e839371d1b,31625c3b1b67be7a19d65faecaea5aee5649469d3bb148134f5a853dde350bd5,2026-09-30T17:57:26Z
SubmitPartialDecryption,34,a3dccb0ae226c96faa7d7b1f0f234e77d88251c8ade8498f7f0bd91614c37ad0,162,f294ad8c1d0e8307e79b05502356fc82240257620382a53acbef493b42b7f4f3,424f320c69ebbff022c1fba5f3a3c08275df277ff5a670cfaede22e839371d1b,31625c3b1b67be7a19d65faecaea5aee5649469d3bb148134f5a853dde350bd5,2026-09-30T17:57:26Z
SubmitPartialDecryption,44,ea1556c2ab0812ff9e3d09c12ba3605e22d48df7b820864b9b6a403119511cce,162,f294ad8c1d0e8307e79b05502356fc82240257620382a53acbef493b42b7f4f3,424f320c69ebbff022c1fba5f3a3c08275df277ff5a670cfaede22e839371d1b,31625c3b1b67be7a19d65faecaea5aee5649469d3bb148134f5a853dde350bd5,2026-09-30T17:57:26Z
SubmitPartialDecryption,45,7b8025c8613a8a823f2f0f5bc9ade57ec217492cd6e856c87b17c547002053b4,162,f294ad8c1d0e8307e79b05502356fc82240257620382a53acbef493b42b7f4f3,424f320c69ebbff022c1fba5f3a3c08275df277ff5a670cfaede22e839371d1b,31625c3b1b67be7a19d65faecaea5aee5649469d3bb148134f5a853dde350bd5,2026-09-30T17:57:26Z
SubmitPartialDecryption,33,c019072acbba7c8ce41f5108919a27a1ac315e4d030a9ef70135d03a5bebaf62,162,f294ad8c1d0e8307e79b05502356fc82240257620382a53acbef493b42b7f4f3,424f320c69ebbff022c1fba5f3a3c08275df277ff5a670cfaede22e839371d1b,31625c3b1b67be7a19d65faecaea5aee5649469d3bb148134f5a853dde350bd5,2026-09-30T17:57:26Z
SubmitPartialDecryption,39,e1a94369b8ff376191db92ae45d7b751791f8e884f666698f6cb51b0ab3af5a4,162,f294ad8c1d0e8307e79b05502356fc82240257620382a53acbef493b42b7f4f3,424f320c69ebbff022c1fba5f3a3c08275df277ff5a670cfaede22e839371d1b,31625c3b1b67be7a19d65faecaea5aee5649469d3bb148134f5a853dde350bd5,2026-09-30T17:57:26Z
SubmitPartialDecryption,47,afe95c4d1f9bf2c11aa2c110cf7b682d82acb644a13be676789ba1b7111df260,162,f294ad8c1d0e8307e79b05502356fc82240257620382a53acbef493b42b7f4f3,424f320c69ebbff022c1fba5f3a3c08275df277ff5a670cfaede22e839371d1b,31625c3b1b67be7a19d65faecaea5aee5649469d3bb148134f5a853dde350bd5,2026-09-30T17:57:26Z
SubmitPartialDecryption,62,f540ad5714c601e55fcc2fbeca2fb9efa3d36cf4518b42223dba90fcc3c77d81,163,528492e1afdcb968be877c2858834ce5a48ed4b0a479a5cacb9e426784a79000,e7eae9a0ad438183c65ffc5acba6976b8028b8affc1eff8e619585aaebc712c2,f294ad8c1d0e8307e79b05502356fc82240257620382a53acbef493b42b7f4f3,2026-09-30T17:57:28Z
SubmitPartialDecryption,53,20abb8ccd3f66026fa2832408d6ebf1b7ce4e09f92764ea7c5a472c146ba3891,163,528492e1afdcb968be877c2858834ce5a48ed4b0a479a5cacb9e426784a79000,e7eae9a0ad438183c65ffc5acba6976b8028b8affc1eff8e619585aaebc712c2,f294ad8c1d0e8307e79b05502356fc82240257620382a53acbef493b42b7f4f3,2026-09-30T17:57:28Z
SubmitPartialDecryption,58,ee8e47c300e5909af65d7fd8bb8a2f423bf273f1f32695a343bcfbfbe3d030e4,163,528492e1afdcb968be877c2858834ce5a48ed4b0a479a5cacb9e426784a79000,e7eae9a0ad438183c65ffc5acba6976b8028b8affc1eff8e619585aaebc712c2,f294ad8c1d0e8307e79b05502356fc82240257620382a53acbef493b42b7f4f3,2026-09-30T17:57:28Z
SubmitPartialDecryption,50,f071867ce761b99a1f140e60e6124d8703c084c72ca621a8368ac135270cb531,163,528492e1afdcb968be877c2858834ce5a48ed4b0a479a5cacb9e426784a79000,e7eae9a0ad438183c65ffc5acba6976b8028b8affc1eff8e619585aaebc712c2,f294ad8c1d0e8307e79b05502356fc82240257620382a53acbef493b42b7f4f3,2026-09-30T17:57:28Z
SubmitPartialDecryption,61,d48f285179403b406866a15f66bcf45c0ce9d4bef6ba537e0c3af825e30287f3,163,528492e1afdcb968be877c2858834ce5a48ed4b0a479a5cacb9e426784a79000,e7eae9a0ad438183c65ffc5acba6976b8028b8affc1eff8e619585aaebc712c2,f294ad8c1d0e8307e79b05502356fc82240257620382a53acbef493b42b7f4f3,2026-09-30T17:57:28Z
SubmitPartialDecryption,63,66e24dc8a18071cf727f8ea0560f3917834bb1290936fe44529c6f895906ed18,163,528492e1afdcb968be877c2858834ce5a48ed4b0a479a5cacb9e426784a79000,e7eae9a0ad438183c65ffc5acba6976b8028b8affc1eff8e619585aaebc712c2,f294ad8c1d0e8307e79b05502356fc82240257620382a53acbef493b42b7f4f3,2026-09-30T17:57:28Z
SubmitPartialDecryption,52,85066ffb89be9bed22c5ac19249a9c7868b6c1070acd6dd203f9a8c32cb4c2bf,163,528492e1afdcb968be877c2858834ce5a48ed4b0a479a5cacb9e426784a79000,e7eae9a0ad438183c65ffc5acba6976b8028b8affc1eff8e619585aaebc712c2,f294ad8c1d0e8307e79b05502356fc82240257620382a53acbef493b42b7f4f3,2026-09-30T17:57:28Z
SubmitPartialDecryption,51,149f9e044a1f59ed61249a74a7341c33027d98d279de9dfaf4b73f6976fb6499,163,528492e1afdcb968be877c2858834ce5a48ed4b0a479a5cacb9e426784a79000,e7eae9a0ad438183c65ffc5acba6976b8028b8affc1eff8e619585aaebc712c2,f294ad8c1d0e8307e79b05502356fc82240257620382a53acbef493b42b7f4f3,2026-09-30T17:57:28Z
SubmitPartialDecryption,57,0deb2fba4bdc6511b3d999bf7434a1a20e72b4c1388db9fc65abb0e452ac4df7,163,528492e1afdcb968be877c2858834ce5a48ed4b0a479a5cacb9e426784a79000,e7eae9a0ad438183c65ffc5acba6976b8028b8affc1eff8e619585aaebc712c2,f294ad8c1d0e8307e79b05502356fc82240257620382a53acbef493b42b7f4f3,2026-09-30T17:57:28Z
SubmitPartialDecryption,56,5c55d8617c21e4ae14fdf624d5e7e71fd35899decc6b27e7d83fb105f54e3226,163,528492e1afdcb968be877c2858834ce5a48ed4b0a479a5cacb9e426784a79000,e7eae9a0ad438183c65ffc5acba6976b8028b8affc1eff8e619585aaebc712c2,f294ad8c1d0e8307e79b05502356fc82240257620382a53acbef493b42b7f4f3,2026-09-30T17:57:28Z
SubmitPartialDecryption,49,31f129d42e06c29178fcd661dec5da9dc0569d894c91f3f854d068d61b0ec510,163,528492e1afdcb968be877c2858834ce5a48ed4b0a479a5cacb9e426784a79000,e7eae9a0ad438183c65ffc5acba6976b8028b8affc1eff8e619585aaebc712c2,f294ad8c1d0e8307e79b05502356fc82240257620382a53acbef493b42b7f4f3,2026-09-30T17:57:28Z
SubmitPartialDecryption,55,3c3e71f846e028e6dd271418533c3a4ba2283466d81475e4204ffa68b653c0c9,163,528492e1afdcb968be877c2858834ce5a48ed4b0a479a5cacb9e426784a79000,e7eae9a0ad438183c65ffc5acba6976b8028b8affc1eff8e619585aaebc712c2,f294ad8c1d0e8307e79b05502356fc82240257620382a53acbef493b42b7f4f3,2026-09-30T17:57:28Z
SubmitPartialDecryption,59,630ebe3cb8af22608aaa35eae023b78fd3ad7e70c153ea95a5a720215d2e3e5c,163,528492e1afdcb968be877c2858834ce5a48ed4b0a479a5cacb9e426784a79000,e7eae9a0ad438183c65ffc5acba6976b8028b8affc1eff8e619585aaebc712c2,f294ad8c1d0e8307e79b05502356fc82240257620382a53acbef493b42b7f4f3,2026-09-30T17:57:28Z
SubmitPartialDecryption,54,101e7c87e78b820538efad75fb1fa118a25e945263258a00d2d1d3b888039f63,163,528492e1afdcb968be877c2858834ce5a48ed4b0a479a5cacb9e426784a79000,e7eae9a0ad438183c65ffc5acba6976b8028b8affc1eff8e619585aaebc712c2,f294ad8c1d0e8307e79b05502356fc82240257620382a53acbef493b42b7f4f3,2026-09-30T17:57:28Z
SubmitPartialDecryption,48,5aee6dd2f16521aee31251173f0cbe05308e2afd6a01053d7cbb87b462d718bd,163,528492e1afdcb968be877c2858834ce5a48ed4b0a479a5cacb9e426784a79000,e7eae9a0ad438183c65ffc5acba6976b8028b8affc1eff8e619585aaebc712c2,f294ad8c1d0e8307e79b05502356fc82240257620382a53acbef493b42b7f4f3,2026-09-30T17:57:28Z
SubmitPartialDecryption,60,a874ea644cbe7e170295f6e6c86384cd3d8c099dc9edf649b534a380873da94d,163,528492e1afdcb968be877c2858834ce5a48ed4b0a479a5cacb9e426784a79000,e7eae9a0ad438183c65ffc5acba6976b8028b8affc1eff8e619585aaebc712c2,f294ad8c1d0e8307e79b05502356fc82240257620382a53acbef493b42b7f4f3,2026-09-30T17:57:28Z
SubmitPartialDecryption,68,3d7ce207e86c7c42ca0832d0c283d1c75f78bad25bcbfc85fb33901b83d1de3a,164,3c9e3c00584284942c4b825e623b3706aa0ddf6b52aa4fb394c397d5669abe4e,2b34cc4a538ab70c902055fe625f9fdb6e6e8fc2a227bc97a53ad4833557c39e,528492e1afdcb968be877c2858834ce5a48ed4b0a479a5cacb9e426784a79000,2026-09-30T17:57:30Z
SubmitPartialDecryption,74,7e0010c152eced4418299684a6810b943ca259c476566d6b1e19a6c8500843a1,164,3c9e3c00584284942c4b825e623b3706aa0ddf6b52aa4fb394c397d5669abe4e,2b34cc4a538ab70c902055fe625f9fdb6e6e8fc2a227bc97a53ad4833557c39e,528492e1afdcb968be877c2858834ce5a48ed4b0a479a5cacb9e426784a79000,2026-09-30T17:57:30Z
SubmitPartialDecryption,64,d6a3655ee2087c6f1497c7c2f50788e7f33717bca69a5ff4318bf2a8f8eb55f6,164,3c9e3c00584284942c4b825e623b3706aa0ddf6b52aa4fb394c397d5669abe4e,2b34cc4a538ab70c902055fe625f9fdb6e6e8fc2a227bc97a53ad4833557c39e,528492e1afdcb968be877c2858834ce5a48ed4b0a479a5cacb9e426784a79000,2026-09-30T17:57:30Z
SubmitPartialDecryption,67,07725ee6c1426dc61c1f388c2ec3e5d7b04b3ed1175a5d7a0092326ff79dbee7,164,3c9e3c00584284942c4b825e623b3706aa0ddf6b52aa4fb394c397d5669abe4e,2b34cc4a538ab70c902055fe625f9fdb6e6e8fc2a227bc97a53ad4833557c39e,528492e1afdcb968be877c2858834ce5a48ed4b0a479a5cacb9e426784a79000,2026-09-30T17:57:30Z
SubmitPartialDecryption,66,b7b04431d8a45acc9c28951c32ee9a6e4cfd3b9600316868f023ee4eafb441ca,164,3c9e3c00584284942c4b825e623b3706aa0ddf6b52aa4fb394c397d5669abe4e,2b34cc4a538ab70c902055fe625f9fdb6e6e8fc2a227bc97a53ad4833557c39e,528492e1afdcb968be877c2858834ce5a48ed4b0a479a5cacb9e426784a79000,2026-09-30T17:57:30Z
SubmitPartialDecryption,73,11f1adf502e38f4deeefa51b1160ccdc4c3fdd906e916a34ce1fbefa333a2d12,164,3c9e3c00584284942c4b825e623b3706aa0ddf6b52aa4fb394c397d5669abe4e,2b34cc4a538ab70c902055fe625f9fdb6e6e8fc2a227bc97a53ad4833557c39e,528492e1afdcb968be877c2858834ce5a48ed4b0a479a5cacb9e426784a79000,2026-09-30T17:57:30Z
SubmitPartialDecryption,69,db6a4517910b03ee8a405cd99f38987830e6a62e05971fc76bfb849ee3c0f9b2,164,3c9e3c00584284942c4b825e623b3706aa0ddf6b52aa4fb394c397d5669abe4e,2b34cc4a538ab70c902055fe625f9fdb6e6e8fc2a227bc97a53ad4833557c39e,528492e1afdcb968be877c2858834ce5a48ed4b0a479a5cacb9e426784a79000,2026-09-30T17:57:30Z
SubmitPartialDecryption,76,7149bf637f5b1987b2646a18b76efd21f2b6a2cb6be74d8ddd9fecce78f50101,164,3c9e3c00584284942c4b825e623b3706aa0ddf6b52aa4fb394c397d5669abe4e,2b34cc4a538ab70c902055fe625f9fdb6e6e8fc2a227bc97a53ad4833557c39e,528492e1afdcb968be877c2858834ce5a48ed4b0a479a5cacb9e426784a79000,2026-09-30T17:57:30Z
SubmitPartialDecryption,77,be108ffbd749413d410fd357605d15db8b1332e8fa383394e09c38cf5ec7d030,164,3c9e3c00584284942c4b825e623b3706aa0ddf6b52aa4fb394c397d5669abe4e,2b34cc4a538ab70c902055fe625f9fdb6e6e8fc2a227bc97a53ad4833557c39e,528492e1afdcb968be877c2858834ce5a48ed4b0a479a5cacb9e426784a79000,2026-09-30T17:57:30Z
SubmitPartialDecryption,65,d958a4a3128443318f62bd7b4cedeabba9b08e8a762bfc17a2de049883a091d4,164,3c9e3c00584284942c4b825e623b3706aa0ddf6b52aa4fb394c397d5669abe4e,2b34cc4a538ab70c902055fe625f9fdb6e6e8fc2a227bc97a53ad4833557c39e,528492e1afdcb968be877c2858834ce5a48ed4b0a479a5cacb9e426784a79000,2026-09-30T17:57:30Z
SubmitPartialDecryption,70,94db55d55f232f38953e7c54dba09eaef3b27ec00f26f00c680c7a1dc61c0ca4,164,3c9e3c00584284942c4b825e623b3706aa0ddf6b52aa4fb394c397d5669abe4e,2b34cc4a538ab70c902055fe625f9fdb6e6e8fc2a227bc97a53ad4833557c39e,528492e1afdcb968be877c2858834ce5a48ed4b0a479a5cacb9e426784a79000,2026-09-30T17:57:30Z
SubmitPartialDecryption,71,70a51ad645c34225d60e8e0d3626bf3168613490cb30eab243b8f6f4f36b5c06,164,3c9e3c00584284942c4b825e623b3706aa0ddf6b52aa4fb394c397d5669abe4e,2b34cc4a538ab70c902055fe625f9fdb6e6e8fc2a227bc97a53ad4833557c39e,528492e1afdcb968be877c2858834ce5a48ed4b0a479a5cacb9e426784a79000,2026-09-30T17:57:30Z
SubmitPartialDecryption,75,aa08e6257faccbd75bbf9e4534bf5eb81e8be4be97c11777c68a7d809d306653,164,3c9e3c00584284942c4b825e623b3706aa0ddf6b52aa4fb394c397d5669abe4e,2b34cc4a538ab70c902055fe625f9fdb6e6e8fc2a227bc97a53ad4833557c39e,528492e1afdcb968be877c2858834ce5a48ed4b0a479a5cacb9e426784a79000,2026-09-30T17:57:30Z
SubmitPartialDecryption,72,6e68b346b30f9347dd2b58382d65fc02ec15489c41170d19658dfa57e662f398,164,3c9e3c00584284942c4b825e623b3706aa0ddf6b52aa4fb394c397d5669abe4e,2b34cc4a538ab70c902055fe625f9fdb6e6e8fc2a227bc97a53ad4833557c39e,528492e1afdcb968be877c2858834ce5a48ed4b0a479a5cacb9e426784a79000,2026-09-30T17:57:30Z
SubmitPartialDecryption,79,5070ebe25278be9341c6a472dff93bdce6813f1ce1b7cfc5b8a9b43489948401,164,3c9e3c00584284942c4b825e623b3706aa0ddf6b52aa4fb394c397d5669abe4e,2b34cc4a538ab70c902055fe625f9fdb6e6e8fc2a227bc97a53ad4833557c39e,528492e1afdcb968be877c2858834ce5a48ed4b0a479a5cacb9e426784a79000,2026-09-30T17:57:30Z
SubmitPartialDecryption,78,6188d667476f604284d9511df798cfedd6550e6bb1f011e9cd48417979d3f468,164,3c9e3c00584284942c4b825e623b3706aa0ddf6b52aa4fb394c397d5669abe4e,2b34cc4a538ab70c902055fe625f9fdb6e6e8fc2a227bc97a53ad4833557c39e,528492e1afdcb968be877c2858834ce5a48ed4b0a479a5cacb9e426784a79000,2026-09-30T17:57:30Z
SubmitPartialDecryption,90,6a6544d3730bd1fb290abe52d7e013e0d842c765cc28fc3d430c72b4949836aa,165,94d19fba7ff91decf636da9e97f04ab3692a2aae3f42b233cf227e36e0b3a8e7,c3f6bda1e78b914843e39812a9643200a8d2f7c84de8a835856ca8b94acf9a82,3c9e3c00584284942c4b825e623b3706aa0ddf6b52aa4fb394c397d5669abe4e,2026-09-30T17:57:32Z
SubmitPartialDecryption,87,9b62c52afaaa78b41c3020c9849989c9a6e95321dbfaee58d32a383c8e680512,165,94d19fba7ff91decf636da9e97f04ab3692a2aae3f42b233cf227e36e0b3a8e7,c3f6bda1e78b914843e39812a9643200a8d2f7c84de8a835856ca8b94acf9a82,3c9e3c00584284942c4b825e623b3706aa0ddf6b52aa4fb394c397d5669abe4e,2026-09-30T17:57:32Z
SubmitPartialDecryption,85,4648cb55b71cd32664085b73431e3156f2f42962b9842522f7afa4c2d3bc0fc7,165,94d19fba7ff91decf636da9e97f04ab3692a2aae3f42b233cf227e36e0b3a8e7,c3f6bda1e78b914843e39812a9643200a8d2f7c84de8a835856ca8b94acf9a82,3c9e3c00584284942c4b825e623b3706aa0ddf6b52aa4fb394c397d5669abe4e,2026-09-30T17:57:32Z
SubmitPartialDecryption,88,0cfc2a38c462f1874442ca8a87189e9e469fa556c22f41e28b1bc11c617ea342,165,94d19fba7ff91decf636da9e97f04ab3692a2aae3f42b233cf227e36e0b3a8e7,c3f6bda1e78b914843e39812a9643200a8d2f7c84de8a835856ca8b94acf9a82,3c9e3c00584284942c4b825e623b3706aa0ddf6b52aa4fb394c397d5669abe4e,2026-09-30T17:57:32Z
SubmitPartialDecryption,95,2c82027d63203653d19571be5a0e4df0be4807e8ce7d6e48d5dca3367883252a,165,94d19fba7ff91decf636da9e97f04ab3692a2aae3f42b233cf227e36e0b3a8e7,c3f6bda1e78b914843e39812a9643200a8d2f7c84de8a835856ca8b94acf9a82,3c9e3c00584284942c4b825e623b3706aa0ddf6b52aa4fb394c397d5669abe4e,2026-09-30T17:57:32Z
SubmitPartialDecryption,84,4659fb0b518f366fe2295f8e0154ab09ae27c42cc6546b5187242e543a2b0b79,165,94d19fba7ff91decf636da9e97f04ab3692a2aae3f42b233cf227e36e0b3a8e7,c3f6bda1e78b914843e39812a9643200a8d2f7c84de8a835856ca8b94acf9a82,3c9e3c00584284942c4b825e623b3706aa0ddf6b52aa4fb394c397d5669abe4e,2026-09-30T17:57:32Z
SubmitPartialDecryption,86,7b781d34791cfe3adf9301cb7a6269d8b59680ae3478e6c1256a3042888bbce8,165,94d19fba7ff91decf636da9e97f04ab3692a2aae3f42b233cf227e36e0b3a8e7,c3f6bda1e78b914843e39812a9643200a8d2f7c84de8a835856ca8b94acf9a82,3c9e3c00584284942c4b825e623b3706aa0ddf6b52aa4fb394c397d5669abe4e,2026-09-30T17:57:32Z
SubmitPartialDecryption,89,157f2df76bde13cec1a138c33bcdc932c257f5161e1f10dcc9e57f2c4dbe0d94,165,94d19fba7ff91decf636da9e97f04ab3692a2aae3f42b233cf227e36e0b3a8e7,c3f6bda1e78b914843e39812a9643200a8d2f7c84de8a835856ca8b94acf9a82,3c9e3c00584284942c4b825e623b3706aa0ddf6b52aa4fb394c397d5669abe4e,2026-09-30T17:57:32Z
SubmitPartialDecryption,81,53fb5e00a60eba7bffc88e05e40e7be32693c5d8149937599f0c3ac8e754313c,165,94d19fba7ff91decf636da9e97f04ab3692a2aae3f42b233cf227e36e0b3a8e7,c3f6bda1e78b914843e39812a9643200a8d2f7c84de8a835856ca8b94acf9a82,3c9e3c00584284942c4b825e623b3706aa0ddf6b52aa4fb394c397d5669abe4e,2026-09-30T17:57:32Z
SubmitPartialDecryption,92,38c6ccad1d686804bfbe8eaee7c1ee51a5e400584266c3661bdc7c0ab30c5529,165,94d19fba7ff91decf636da9e97f04ab3692a2aae3f42b233cf227e36e0b3a8e7,c3f6bda1e78b914843e39812a9643200a8d2f7c84de8a835856ca8b94acf9a82,3c9e3c00584284942c4b825e623b3706aa0ddf6b52aa4fb394c397d5669abe4e,2026-09-30T17:57:32Z
SubmitPartialDecryption,93,a078d5cd6ee7c99d4bfa49fd34289897d4afab16b10b9fb4e7f74f6f6ff17810,165,94d19fba7ff91decf636da9e97f04ab3692a2aae3f42b233cf227e36e0b3a8e7,c3f6bda1e78b914843e39812a9643200a8d2f7c84de8a835856ca8b94acf9a82,3c9e3c00584284942c4b825e623b3706aa0ddf6b52aa4fb394c397d5669abe4e,2026-09-30T17:57:32Z
SubmitPartialDecryption,94,7f45530b0540d86d9c42418411b7d1d936e916fce035d205a66347edd3db953f,165,94d19fba7ff91decf636da9e97f04ab3692a2aae3f42b233cf227e36e0b3a8e7,c3f6bda1e78b914843e39812a9643200a8d2f7c84de8a835856ca8b94acf9a82,3c9e3c00584284942c4b825e623b3706aa0ddf6b52aa4fb394c397d5669abe4e,2026-09-30T17:57:32Z
SubmitPartialDecryption,82,e29a7d36e2a261031b39a345065b970f87ffeb7164ac3bc0ae5a515722ecc63a,165,94d19fba7ff91decf636da9e97f04ab3692a2aae3f42b233cf227e36e0b3a8e7,c3f6bda1e78b914843e39812a9643200a8d2f7c84de8a835856ca8b94acf9a82,3c9e3c00584284942c4b825e623b3706aa0ddf6b52aa4fb394c397d5669abe4e,2026-09-30T17:57:32Z
SubmitPartialDecryption,80,0bb81ff8ad60a6f269fc21282abc817d66beead3052daa0e4ef4652f1d1f65d3,165,94d19fba7ff91decf636da9e97f04ab3692a2aae3f42b233cf227e36e0b3a8e7,c3f6bda1e78b914843e39812a9643200a8d2f7c84de8a835856ca8b94acf9a82,3c9e3c00584284942c4b825e623b3706aa0ddf6b52aa4fb394c397d5669abe4e,2026-09-30T17:57:32Z
SubmitPartialDecryption,91,c712ad144e6adfd533b38363ce91ff0ff787387e1a47d0805911ec7d51e7e402,165,94d19fba7ff91decf636da9e97f04ab3692a2aae3f42b233cf227e36e0b3a8e7,c3f6bda1e78b914843e39812a9643200a8d2f7c84de8a835856ca8b94acf9a82,3c9e3c00584284942c4b825e623b3706aa0ddf6b52aa4fb394c397d5669abe4e,2026-09-30T17:57:32Z
SubmitPartialDecryption,83,4663c12e44b4b9878edde0b5736c7189c0fe47e3c7ba760dfd8f837beabb6fcd,165,94d19fba7ff91decf636da9e97f04ab3692a2aae3f42b233cf227e36e0b3a8e7,c3f6bda1e78b914843e39812a9643200a8d2f7c84de8a835856ca8b94acf9a82,3c9e3c00584284942c4b825e623b3706aa0ddf6b52aa4fb394c397d5669abe4e,2026-09-30T17:57:32Z
SubmitPartialDecryption,97,c0c5585ec46ac651c6a039569c10524bbca047d86eef7fc5f48e0d9623a15459,166,c9c560203ae1958111ecef342e73bb318b0a00b94a276ccd5257fa4f85758de6,e6335b134f26f3175111638ef9fc16c92ac3c6d72d57d01bf8577dea73710fbb,94d19fba7ff91decf636da9e97f04ab3692a2aae3f42b233cf227e36e0b3a8e7,2026-09-30T17:57:34Z
SubmitPartialDecryption,104,8913dc8db251ace88492c85cffff06e9caea56b51278ffb46adf06279e5a9d86,166,c9c560203ae1958111ecef342e73bb318b0a00b94a276ccd5257fa4f85758de6,e6335b134f26f3175111638ef9fc16c92ac3c6d72d57d01bf8577dea73710fbb,94d19fba7ff91decf636da9e97f04ab3692a2aae3f42b233cf227e36e0b3a8e7,2026-09-30T17:57:34Z
SubmitPartialDecryption,103,1aa7db30278f52e97b9ef1b49e1dcdedaffc68545954988d9c8d00d13457633c,166,c9c560203ae1958111ecef342e73bb318b0a00b94a276ccd5257fa4f85758de6,e6335b134f26f3175111638ef9fc16c92ac3c6d72d57d01bf8577dea73710fbb,94d19fba7ff91decf636da9e97f04ab3692a2aae3f42b233cf227e36e0b3a8e7,2026-09-30T17:57:34Z
SubmitPartialDecryption,100,9da6cf438abca2a613b1cac4e9c96d689443d6f3388482fc8ee6da8cc703304b,166,c9c560203ae1958111ecef342e73bb318b0a00b94a276ccd5257fa4f85758de6,e6335b134f26f3175111638ef9fc16c92ac3c6d72d57d01bf8577dea73710fbb,94d19fba7ff91decf636da9e97f04ab3692a2aae3f42b233cf227e36e0b3a8e7,2026-09-30T17:57:34Z
SubmitPartialDecryption,108,2f7979339a9c521b873569a1a012b2eaaf6133d7ff336971929846fc3d7f334f,166,c9c560203ae1958111ecef342e73bb318b0a00b94a276ccd5257fa4f85758de6,e6335b134f26f3175111638ef9fc16c92ac3c6d72d57d01bf8577dea73710fbb,94d19fba7ff91decf636da9e97f04ab3692a2aae3f42b233cf227e36e0b3a8e7,2026-09-30T17:57:34Z
SubmitPartialDecryption,101,4a85da61928d3d5b2fc5eb047da972d465c0f548be6a63ec964ac39b1ce24cc2,166,c9c560203ae1958111ecef342e73bb318b0a00b94a276ccd5257fa4f85758de6,e6335b134f26f3175111638ef9fc16c92ac3c6d72d57d01bf8577dea73710fbb,94d19fba7ff91decf636da9e97f04ab3692a2aae3f42b233cf227e36e0b3a8e7,2026-09-30T17:57:34Z
SubmitPartialDecryption,96,3c5edb4bd4d76a11611449b9809b0201cb878e817b3cde4212985d89a8705d8b,166,c9c560203ae1958111ecef342e73bb318b0a00b94a276ccd5257fa4f85758de6,e6335b134f26f3175111638ef9fc16c92ac3c6d72d57d01bf8577dea73710fbb,94d19fba7ff91decf636da9e97f04ab3692a2aae3f42b233cf227e36e0b3a8e7,2026-09-30T17:57:34Z
SubmitPartialDecryption,106,99cdc6e070a9085f7bb60f731b02c584dccaf9748a5e614300f3afb35bac06da,166,c9c560203ae1958111ecef342e73bb318b0a00b94a276ccd5257fa4f85758de6,e6335b134f26f3175111638ef9fc16c92ac3c6d72d57d01bf8577dea73710fbb,94d19fba7ff91decf636da9e97f04ab3692a2aae3f42b233cf227e36e0b3a8e7,2026-09-30T17:57:34Z
SubmitPartialDecryption,107,98da7ca58fde138d73083528336526a43a6f1835facb97bb31136a5fef497aef,166,c9c560203ae1958111ecef342e73bb318b0a00b94a276ccd5257fa4f85758de6,e6335b134f26f3175111638ef9fc16c92ac3c6d72d57d01bf8577dea73710fbb,94d19fba7ff91decf636da9e97f04ab3692a2aae3f42b233cf227e36e0b3a8e7,2026-09-30T17:57:34Z
SubmitPartialDecryption,105,61ebb8e36871f4dea6019967ca401e2a9787098c1e88b5ba66a27e3a67bea9ee,166,c9c560203ae1958111ecef342e73bb318b0a00b94a276ccd5257fa4f85758de6,e6335b134f26f3175111638ef9fc16c92ac3c6d72d57d01bf8577dea73710fbb,94d19fba7ff91decf636da9e97f04ab3692a2aae3f42b233cf227e36e0b3a8e7,2026-09-30T17:57:34Z
SubmitPartialDecryption,111,f277e3559c32b0635997ddc7c75c6bc546447b9f109455b283153f9750038991,166,c9c560203ae1958111ecef342e73bb318b0a00b94a276ccd5257fa4f85758de6,e6335b134f26f3175111638ef9fc16c92ac3c6d72d57d01bf8577dea73710fbb,94d19fba7ff91decf636da9e97f04ab3692a2aae3f42b233cf227e36e0b3a8e7,2026-09-30T17:57:34Z
SubmitPartialDecryption,99,7c7e07077661531fcebedd91715ced8715f73dcfbc00ca16710caab427d04eb5,166,c9c560203ae1958111ecef342e73bb318b0a00b94a276ccd5257fa4f85758de6,e6335b134f26f3175111638ef9fc16c92ac3c6d72d57d01bf8577dea73710fbb,94d19fba7ff91decf636da9e97f04ab3692a2aae3f42b233cf227e36e0b3a8e7,2026-09-30T17:57:34Z
SubmitPartialDecryption,109,2299cb4e6392b6c17ade7b6ab2b3d302de4eddf9dd4f2c96ce63525329a1088c,166,c9c560203ae1958111ecef342e73bb318b0a00b94a276ccd5257fa4f85758de6,e6335b134f26f3175111638ef9fc16c92ac3c6d72d57d01bf8577dea73710fbb,94d19fba7ff91decf636da9e97f04ab3692a2aae3f42b233cf227e36e0b3a8e7,2026-09-30T17:57:34Z
SubmitPartialDecryption,98,aa93a5eaf83b450d4f01dc78e25f2b3354fa2675c2a462eff527b242afd1aebf,166,c9c560203ae1958111ecef342e73bb318b0a00b94a276ccd5257fa4f85758de6,e6335b134f26f3175111638ef9fc16c92ac3c6d72d57d01bf8577dea73710fbb,94d19fba7ff91decf636da9e97f04ab3692a2aae3f42b233cf227e36e0b3a8e7,2026-09-30T17:57:34Z
SubmitPartialDecryption,110,88f0bc468dfbdcef74d78a8f0842b09a0224cb181a07de4cf099e18744fcf994,166,c9c560203ae1958111ecef342e73bb318b0a00b94a276ccd5257fa4f85758de6,e6335b134f26f3175111638ef9fc16c92ac3c6d72d57d01bf8577dea73710fbb,94d19fba7ff91decf636da9e97f04ab3692a2aae3f42b233cf227e36e0b3a8e7,2026-09-30T17:57:34Z
SubmitPartialDecryption,102,c9396133fe65383f73b8167dc94e86b1c0f1757159a424782a8dfefebc0f872f,166,c9c560203ae1958111ecef342e73bb318b0a00b94a276ccd5257fa4f85758de6,e6335b134f26f3175111638ef9fc16c92ac3c6d72d57d01bf8577dea73710fbb,94d19fba7ff91decf636da9e97f04ab3692a2aae3f42b233cf227e36e0b3a8e7,2026-09-30T17:57:34Z
SubmitPartialDecryption,114,fd412cd88a75c4201040d676027393996a10331daadedabbf67cda0619be8b43,167,d6c8feb591d8eaef2d17aadee643de7b41f7f71a67c7139c6182ba9881597b94,9cdfcc5a8d0e584bd9b79a2297c03dc2ef6295d1a20dc0117018c4e2ce4b1450,c9c560203ae1958111ecef342e73bb318b0a00b94a276ccd5257fa4f85758de6,2026-09-30T17:57:37Z
SubmitPartialDecryption,123,907790f9afc9e8dcb030fa9f556a0a60c5b0fc4f0065c8285310253b167cbc48,167,d6c8feb591d8eaef2d17aadee643de7b41f7f71a67c7139c6182ba9881597b94,9cdfcc5a8d0e584bd9b79a2297c03dc2ef6295d1a20dc0117018c4e2ce4b1450,c9c560203ae1958111ecef342e73bb318b0a00b94a276ccd5257fa4f85758de6,2026-09-30T17:57:37Z
SubmitPartialDecryption,118,4926e5a0d35551ae10fef2ead2517e7dfea209b528e2a1f67a9eaf5a6a1f542c,167,d6c8feb591d8eaef2d17aadee643de7b41f7f71a67c7139c6182ba9881597b94,9cdfcc5a8d0e584bd9b79a2297c03dc2ef6295d1a20dc0117018c4e2ce4b1450,c9c560203ae1958111ecef342e73bb318b0a00b94a276ccd5257fa4f85758de6,2026-09-30T17:57:37Z
SubmitPartialDecryption,117,74ec1be19409dffebc2a7afe844153124daf259a7a2f7f7b3ca514c5f3835824,167,d6c8feb591d8eaef2d17aadee643de7b41f7f71a67c7139c6182ba9881597b94,9cdfcc5a8d0e584bd9b79a2297c03dc2ef6295d1a20dc0117018c4e2ce4b1450,c9c560203ae1958111ecef342e73bb318b0a00b94a276ccd5257fa4f85758de6,2026-09-30T17:57:37Z
SubmitPartialDecryption,122,cac207986058e67336e1265622badaa346c8c4268be3e7614cf3d3788f92fe1a,167,d6c8feb591d8eaef2d17aadee643de7b41f7f71a67c7139c6182ba9881597b94,9cdfcc5a8d0e584bd9b79a2297c03dc2ef6295d1a20dc0117018c4e2ce4b1450,c9c560203ae1958111ecef342e73bb318b0a00b94a276ccd5257fa4f85758de6,2026-09-30T17:57:37Z
SubmitPartialDecryption,112,d07504778fab1e5971a50d0eafde3e62deba95f2cdd1610c3494c3240b15f5d4,167,d6c8feb591d8eaef2d17aadee643de7b41f7f71a67c7139c6182ba9881597b94,9cdfcc5a8d0e584bd9b79a2297c03dc2ef6295d1a20dc0117018c4e2ce4b1450,c9c560203ae1958111ecef342e73bb318b0a00b94a276ccd5257fa4f85758de6,2026-09-30T17:57:37Z
SubmitPartialDecryption,119,d8fbb6868faad2c73ad11cd5c47ac4524dd268050cd11cd339c285c77175b7f0,167,d6c8feb591d8eaef2d17aadee643de7b41f7f71a67c7139c6182ba9881597b94,9cdfcc5a8d0e584bd9b79a2297c03dc2ef6295d1a20dc0117018c4e2ce4b1450,c9c560203ae1958111ecef342e73bb318b0a00b94a276ccd5257fa4f85758de6,2026-09-30T17:57:37Z
SubmitPartialDecryption,115,cc6dd969348e79185bd2cb735ddd78357da9ccb67a44707b70815f7b9a618b40,167,d6c8feb591d8eaef2d17aadee643de7b41f7f71a67c7139c6182ba9881597b94,9cdfcc5a8d0e584bd9b79a2297c03dc2ef6295d1a20dc0117018c4e2ce4b1450,c9c560203ae1958111ecef342e73bb318b0a00b94a276ccd5257fa4f85758de6,2026-09-30T17:57:37Z
SubmitPartialDecryption,113,be0331f434e9dff6b2e7b21a4fe549041d5892fe55f6ca4cff40b4d803ce52f1,167,d6c8feb591d8eaef2d17aadee643de7b41f7f71a67c7139c6182ba9881597b94,9cdfcc5a8d0e584bd9b79a2297c03dc2ef6295d1a20dc0117018c4e2ce4b1450,c9c560203ae1958111ecef342e73bb318b0a00b94a276ccd5257fa4f85758de6,2026-09-30T17:57:37Z
SubmitPartialDecryption,120,ca2ac18ccdd6636cd392aa754e49bfdc71fa6e6a5464d9ddd7580962b69853e7,167,d6c8feb591d8eaef2d17aadee643de7b41f7f71a67c7139c6182ba9881597b94,9cdfcc5a8d0e584bd9b79a2297c03dc2ef6295d1a20dc0117018c4e2ce4b1450,c9c560203ae1958111ecef342e73bb318b0a00b94a276ccd5257fa4f85758de6,2026-09-30T17:57:37Z
SubmitPartialDecryption,125,b757fe2985990d44bf8a1151b4da7e4cd9d4362c27ede4f872d94a6ac1e138d3,167,d6c8feb591d8eaef2d17aadee643de7b41f7f71a67c7139c6182ba9881597b94,9cdfcc5a8d0e584bd9b79a2297c03dc2ef6295d1a20dc0117018c4e2ce4b1450,c9c560203ae1958111ecef342e73bb318b0a00b94a276ccd5257fa4f85758de6,2026-09-30T17:57:37Z
SubmitPartialDecryption,126,8a9ff536433549a6455068946938b82921b4263b0c9551a2a245224d22acbcc4,167,d6c8feb591d8eaef2d17aadee643de7b41f7f71a67c7139c6182ba9881597b94,9cdfcc5a8d0e584bd9b79a2297c03dc2ef6295d1a20dc0117018c4e2ce4b1450,c9c560203ae1958111ecef342e73bb318b0a00b94a276ccd5257fa4f85758de6,2026-09-30T17:57:37Z
SubmitPartialDecryption,127,f1a708d1c8f773a5a4641d6318cee92b5b9ed9b6774bd78eba65c5a5a6271445,167,d6c8feb591d8eaef2d17aadee643de7b41f7f71a67c7139c6182ba9881597b94,9cdfcc5a8d0e584bd9b79a2297c03dc2ef6295d1a20dc0117018c4e2ce4b1450,c9c560203ae1958111ecef342e73bb318b0a00b94a276ccd5257fa4f85758de6,2026-09-30T17:57:37Z
SubmitPartialDecryption,121,b85222f92a6e24a6547d2963ef924908ff5d2845ae4f4344dcb784fa47ccaa3b,167,d6c8feb591d8eaef2d17aadee643de7b41f7f71a67c7139c6182ba9881597b94,9cdfcc5a8d0e584bd9b79a2297c03dc2ef6295d1a20dc0117018c4e2ce4b1450,c9c560203ae1958111ecef342e73bb318b0a00b94a276ccd5257fa4f85758de6,2026-09-30T17:57:37Z
SubmitPartialDecryption,116,57e5937708ea1656369cea2242772a53db32d34e415e514e592deb076c5b089e,167,d6c8feb591d8eaef2d17aadee643de7b41f7f71a67c7139c6182ba9881597b94,9cdfcc5a8d0e584bd9b79a2297c03dc2ef6295d1a20dc0117018c4e2ce4b1450,c9c560203ae1958111ecef342e73bb318b0a00b94a276ccd5257fa4f85758de6,2026-09-30T17:57:37Z
SubmitPartialDecryption,124,0034ac23e6c6a7869b10f446898c50c0a5c7b756c7727bc082974a7d593dcd4c,167,d6c8feb591d8eaef2d17aadee643de7b41f7f71a67c7139c6182ba9881597b94,9cdfcc5a8d0e584bd9b79a2297c03dc2ef6295d1a20dc0117018c4e2ce4b1450,c9c560203ae1958111ecef342e73bb318b0a00b94a276ccd5257fa4f85758de6,2026-09-30T17:57:37Z
SubmitPartialDecryption,128,017983ab83b17f15d0bf5a333b49cd14696279f18aef4f613a9c1c10ee7d7b58,168,67ad9381bfe351ee85a4d86a66cefbb7463e66b553d48ed4089629c7d398dfb0,0ca715d6821926af62afd5ecd17d6a15d908242eb0729190e0c7490e77f01f36,d6c8feb591d8eaef2d17aadee643de7b41f7f71a67c7139c6182ba9881597b94,2026-09-30T17:57:39Z
SubmitPartialDecryption,136,d88ea5c84a137c0d3ebeadf8bcd46448b92a80ca56679b2e96f78ddad8e4053c,168,67ad9381bfe351ee85a4d86a66cefbb7463e66b553d48ed4089629c7d398dfb0,0ca715d6821926af62afd5ecd17d6a15d908242eb0729190e0c7490e77f01f36,d6c8feb591d8eaef2d17aadee643de7b41f7f71a67c7139c6182ba9881597b94,2026-09-30T17:57:39Z
SubmitPartialDecryption,139,71de1c90883bb597f69b1f010d34c007575a4de314606c788f3c32ba870e7e87,168,67ad9381bfe351ee85a4d86a66cefbb7463e66b553d48ed4089629c7d398dfb0,0ca715d6821926af62afd5ecd17d6a15d908242eb0729190e0c7490e77f01f36,d6c8feb591d8eaef2d17aadee643de7b41f7f71a67c7139c6182ba9881597b94,2026-09-30T17:57:39Z
SubmitPartialDecryption,132,15ab24dab7fac917bc916d6c1e8291d3785a3c820f0afb9cdb85f7ecd4e96692,168,67ad9381bfe351ee85a4d86a66cefbb7463e66b553d48ed4089629c7d398dfb0,0ca715d6821926af62afd5ecd17d6a15d908242eb0729190e0c7490e77f01f36,d6c8feb591d8eaef2d17aadee643de7b41f7f71a67c7139c6182ba9881597b94,2026-09-30T17:57:39Z
SubmitPartialDecryption,137,37ca42681ab410cc66d1fb295b52bf05da063dda78d0a4e8cf921e3455e4088d,168,67ad9381bfe351ee85a4d86a66cefbb7463e66b553d48ed4089629c7d398dfb0,0ca715d6821926af62afd5ecd17d6a15d908242eb0729190e0c7490e77f01f36,d6c8feb591d8eaef2d17aadee643de7b41f7f71a67c7139c6182ba9881597b94,2026-09-30T17:57:39Z
SubmitPartialDecryption,140,8e0f499cf6c02022e9af194c04d7b2a640582b3b19176e26cfda9a1f2a46695d,168,67ad9381bfe351ee85a4d86a66cefbb7463e66b553d48ed4089629c7d398dfb0,0ca715d6821926af62afd5ecd17d6a15d908242eb0729190e0c7490e77f01f36,d6c8feb591d8eaef2d17aadee643de7b41f7f71a67c7139c6182ba9881597b94,2026-09-30T17:57:39Z
SubmitPartialDecryption,134,da68337d54fde404894b0e87f4438708aad2f39cd83c77796e15727d7a1d694a,168,67ad9381bfe351ee85a4d86a66cefbb7463e66b553d48ed4089629c7d398dfb0,0ca715d6821926af62afd5ecd17d6a15d908242eb0729190e0c7490e77f01f36,d6c8feb591d8eaef2d17aadee643de7b41f7f71a67c7139c6182ba9881597b94,2026-09-30T17:57:39Z
SubmitPartialDecryption,141,b7241da158dcb093816b04bda964d3a01eafbde90a0767d745c70593ded68e51,168,67ad9381bfe351ee85a4d86a66cefbb7463e66b553d48ed4089629c7d398dfb0,0ca715d6821926af62afd5ecd17d6a15d908242eb0729190e0c7490e77f01f36,d6c8feb591d8eaef2d17aadee643de7b41f7f71a67c7139c6182ba9881597b94,2026-09-30T17:57:39Z
SubmitPartialDecryption,129,462c093dac3ff63d7eb31ea00eb183863e413e9641e268931e529ac995e52e6e,168,67ad9381bfe351ee85a4d86a66cefbb7463e66b553d48ed4089629c7d398dfb0,0ca715d6821926af62afd5ecd17d6a15d908242eb0729190e0c7490e77f01f36,d6c8feb591d8eaef2d17aadee643de7b41f7f71a67c7139c6182ba9881597b94,2026-09-30T17:57:39Z
SubmitPartialDecryption,143,844cce56bcc2c3d40539c78f14af2c80d7f8cd41b6abc198b617a31354b50f82,168,67ad9381bfe351ee85a4d86a66cefbb7463e66b553d48ed4089629c7d398dfb0,0ca715d6821926af62afd5ecd17d6a15d908242eb0729190e0c7490e77f01f36,d6c8feb591d8eaef2d17aadee643de7b41f7f71a67c7139c6182ba9881597b94,2026-09-30T17:57:39Z
SubmitPartialDecryption,135,1ddf46b1a90933e8421cc906b11415276c6fde4957aca0b843470a53294f7338,168,67ad9381bfe351ee85a4d86a66cefbb7463e66b553d48ed4089629c7d398dfb0,0ca715d6821926af62afd5ecd17d6a15d908242eb0729190e0c7490e77f01f36,d6c8feb591d8eaef2d17aadee643de7b41f7f71a67c7139c6182ba9881597b94,2026-09-30T17:57:39Z
SubmitPartialDecryption,138,ecb27c574d7f20225c64c70ffeb62eca804a15cb35929bf4304a43aaac584f1e,168,67ad9381bfe351ee85a4d86a66cefbb7463e66b553d48ed4089629c7d398dfb0,0ca715d6821926af62afd5ecd17d6a15d908242eb0729190e0c7490e77f01f36,d6c8feb591d8eaef2d17aadee643de7b41f7f71a67c7139c6182ba9881597b94,2026-09-30T17:57:39Z
SubmitPartialDecryption,130,70fab98b083428bc4aa625933a463a6151b3bf5ee4236f0ec2ff405e597e1f5a,168,67ad9381bfe351ee85a4d86a66cefbb7463e66b553d48ed4089629c7d398dfb0,0ca715d6821926af62afd5ecd17d6a15d908242eb0729190e0c7490e77f01f36,d6c8feb591d8eaef2d17aadee643de7b41f7f71a67c7139c6182ba9881597b94,2026-09-30T17:57:39Z
SubmitPartialDecryption,131,0dbc2694512e7ec9c65df6d3ccd20a56af31388668eea7dc9bfe1da079d6ee4d,168,67ad9381bfe351ee85a4d86a66cefbb7463e66b553d48ed4089629c7d398dfb0,0ca715d6821926af62afd5ecd17d6a15d908242eb0729190e0c7490e77f01f36,d6c8feb591d8eaef2d17aadee643de7b41f7f71a67c7139c6182ba9881597b94,2026-09-30T17:57:39Z
SubmitPartialDecryption,133,862533d486637ce30e7fa66f29616785a8c925af1a22b8ebaab292949e23d88d,168,67ad9381bfe351ee85a4d86a66cefbb7463e66b553d48ed4089629c7d398dfb0,0ca715d6821926af62afd5ecd17d6a15d908242eb0729190e0c7490e77f01f36,d6c8feb591d8eaef2d17aadee643de7b41f7f71a67c7139c6182ba9881597b94,2026-09-30T17:57:39Z
SubmitPartialDecryption,142,88ff5f45115cd2b289f3b4b4c97866dfb3967dc150d443f6cd3abdf69c3468c6,168,67ad9381bfe351ee85a4d86a66cefbb7463e66b553d48ed4089629c7d398dfb0,0ca715d6821926af62afd5ecd17d6a15d908242eb0729190e0c7490e77f01f36,d6c8feb591d8eaef2d17aadee643de7b41f7f71a67c7139c6182ba9881597b94,2026-09-30T17:57:39Z
SubmitPartialDecryption,145,7aa09b596911b3670f83152295a2933de37fa61655b78343ef05c2766e39ffa8,169,36c482d3e5cf4aac16599518e42444797a2bed7063500d2fbe4837af73d7e139,c4335a633c9177b5a9fc5e18b3558acb52bb9c8588d98a86ff2185a564984c85,67ad9381bfe351ee85a4d86a66cefbb7463e66b553d48ed4089629c7d398dfb0,2026-09-30T17:57:41Z
SubmitPartialDecryption,156,eb2e478a016b89177697e9499690f5a107a49fd9ad673d43e98541932e36b743,169,36c482d3e5cf4aac16599518e42444797a2bed7063500d2fbe4837af73d7e139,c4335a633c9177b5a9fc5e18b3558acb52bb9c8588d98a86ff2185a564984c85,67ad9381bfe351ee85a4d86a66cefbb7463e66b553d48ed4089629c7d398dfb0,2026-09-30T17:57:41Z
SubmitPartialDecryption,146,dc741496c4ae434e862b5b0b1d53c6cd9c3b79fb628e42fa56c649d769973268,169,36c482d3e5cf4aac16599518e42444797a2bed7063500d2fbe4837af73d7e139,c4335a633c9177b5a9fc5e18b3558acb52bb9c8588d98a86ff2185a564984c85,67ad9381bfe351ee85a4d86a66cefbb7463e66b553d48ed4089629c7d398dfb0,2026-09-30T17:57:41Z
SubmitPartialDecryption,151,36bca3d3361ee0674b71fd0b0b7bfd84c1e534193ed79834ef6fd862cb8f9896,169,36c482d3e5cf4aac16599518e42444797a2bed7063500d2fbe4837af73d7e139,c4335a633c9177b5a9fc5e18b3558acb52bb9c8588d98a86ff2185a564984c85,67ad9381bfe351ee85a4d86a66cefbb7463e66b553d48ed4089629c7d398dfb0,2026-09-30T17:57:41Z
SubmitPartialDecryption,157,7a9efa9a27bb09f8eef44c40ac74c5b8d82e80cee34d87a48d3195bf22f54fc2,169,36c482d3e5cf4aac16599518e42444797a2bed7063500d2fbe4837af73d7e139,c4335a633c9177b5a9fc5e18b3558acb52bb9c8588d98a86ff2185a564984c85,67ad9381bfe351ee85a4d86a66cefbb7463e66b553d48ed4089629c7d398dfb0,2026-09-30T17:57:41Z
SubmitPartialDecryption,153,fd30206a12cff805e5d4e432a938df177c1fa4b62a667483969179cf5600647b,169,36c482d3e5cf4aac16599518e42444797a2bed7063500d2fbe4837af73d7e139,c4335a633c9177b5a9fc5e18b3558acb52bb9c8588d98a86ff2185a564984c85,67ad9381bfe351ee85a4d86a66cefbb7463e66b553d48ed4089629c7d398dfb0,2026-09-30T17:57:41Z
SubmitPartialDecryption,154,4717f6d533f2a886af15f89807fe805343b83afb9eb0cb7d30f7e419016a4185,169,36c482d3e5cf4aac16599518e42444797a2bed7063500d2fbe4837af73d7e139,c4335a633c9177b5a9fc5e18b3558acb52bb9c8588d98a86ff2185a564984c85,67ad9381bfe351ee85a4d86a66cefbb7463e66b553d48ed4089629c7d398dfb0,2026-09-30T17:57:41Z
SubmitPartialDecryption,147,f8d147f0255d96b3597c288339b05d6f996ce59e32c614be621f7e645f22887d,169,36c482d3e5cf4aac16599518e42444797a2bed7063500d2fbe4837af73d7e139,c4335a633c9177b5a9fc5e18b3558acb52bb9c8588d98a86ff2185a564984c85,67ad9381bfe351ee85a4d86a66cefbb7463e66b553d48ed4089629c7d398dfb0,2026-09-30T17:57:41Z
SubmitPartialDecryption,148,f443954d1235212988167cb7d58901cc3313a7a773b4b771f4a1b0d354277088,169,36c482d3e5cf4aac16599518e42444797a2bed7063500d2fbe4837af73d7e139,c4335a633c9177b5a9fc5e18b3558acb52bb9c8588d98a86ff2185a564984c85,67ad9381bfe351ee85a4d86a66cefbb7463e66b553d48ed4089629c7d398dfb0,2026-09-30T17:57:41Z
SubmitPartialDecryption,150,940338afdd41b6f7f931980b38e5ace0b3ac8ada0f181fe9c7ea9d9e1266fcc4,169,36c482d3e5cf4aac16599518e42444797a2bed7063500d2fbe4837af73d7e139,c4335a633c9177b5a9fc5e18b3558acb52bb9c8588d98a86ff2185a564984c85,67ad9381bfe351ee85a4d86a66cefbb7463e66b553d48ed4089629c7d398dfb0,2026-09-30T17:57:41Z
SubmitPartialDecryption,155,6feddaf0ddee75f7427dd44c1b684899b7f4bb3058ecf4af3406d9aea70d7ffb,169,36c482d3e5cf4aac16599518e42444797a2bed7063500d2fbe4837af73d7e139,c4335a633c9177b5a9fc5e18b3558acb52bb9c8588d98a86ff2185a564984c85,67ad9381bfe351ee85a4d86a66cefbb7463e66b553d48ed4089629c7d398dfb0,2026-09-30T17:57:41Z
SubmitPartialDecryption,149,e26fae467a141399ea5701d6174bf8ccdfb512e6ae85c645ff90f284abbe68ad,169,36c482d3e5cf4aac16599518e42444797a2bed7063500d2fbe4837af73d7e139,c4335a633c9177b5a9fc5e18b3558acb52bb9c8588d98a86ff2185a564984c85,67ad9381bfe351ee85a4d86a66cefbb7463e66b553d48ed4089629c7d398dfb0,2026-09-30T17:57:41Z
SubmitPartialDecryption,152,eb2b56f7f2a0bb9d2e2c2cafe432e683bbc286e687a46dc9fc52fa761efc2241,169,36c482d3e5cf4aac16599518e42444797a2bed7063500d2fbe4837af73d7e139,c4335a633c9177b5a9fc5e18b3558acb52bb9c8588d98a86ff2185a564984c85,67ad9381bfe351ee85a4d86a66cefbb7463e66b553d48ed4089629c7d398dfb0,2026-09-30T17:57:41Z
SubmitPartialDecryption,159,c109f7bf6c19efc21f28f1d8c1a1f60992ef6698e09c9c63cb80ad630c5abbb6,169,36c482d3e5cf4aac16599518e42444797a2bed7063500d2fbe4837af73d7e139,c4335a633c9177b5a9fc5e18b3558acb52bb9c8588d98a86ff2185a564984c85,67ad9381bfe351ee85a4d86a66cefbb7463e66b553d48ed4089629c7d398dfb0,2026-09-30T17:57:41Z
SubmitPartialDecryption,144,441f4bc164785f42f5d8042e50638aad269cb610faccd390464bef82267e18ab,169,36c482d3e5cf4aac16599518e42444797a2bed7063500d2fbe4837af73d7e139,c4335a633c9177b5a9fc5e18b3558acb52bb9c8588d98a86ff2185a564984c85,67ad9381bfe351ee85a4d86a66cefbb7463e66b553d48ed4089629c7d398dfb0,2026-09-30T17:57:41Z
SubmitPartialDecryption,158,ec03c27c4ec45c7cf489867aa829f54ca6a84d5351ddec4204f70ef4823877c9,169,36c482d3e5cf4aac16599518e42444797a2bed7063500d2fbe4837af73d7e139,c4335a633c9177b5a9fc5e18b3558acb52bb9c8588d98a86ff2185a564984c85,67ad9381bfe351ee85a4d86a66cefbb7463e66b553d48ed4089629c7d398dfb0,2026-09-30T17:57:41Z
SubmitPartialDecryption,173,c36f0f6332d04e431a5de92dbf6def3df480f63f4ef4cfca32d77d2bd9c7fd58,170,8e778ed2c0eb6e4b542ff2623071fbee3fbe0be8b777559f3cd8a7ecea99560c,01745e94d3f23433c63253a493c7f6c6c091c81009b2ff73eb6faf6097b9301a,36c482d3e5cf4aac16599518e42444797a2bed7063500d2fbe4837af73d7e139,2026-09-30T17:57:43Z
SubmitPartialDecryption,164,8195e624ce48ea6e085221df27d0e5a9f4820f2f6d4cafcec02d8d49a8106238,170,8e778ed2c0eb6e4b542ff2623071fbee3fbe0be8b777559f3cd8a7ecea99560c,01745e94d3f23433c63253a493c7f6c6c091c81009b2ff73eb6faf6097b9301a,36c482d3e5cf4aac16599518e42444797a2bed7063500d2fbe4837af73d7e139,2026-09-30T17:57:43Z
SubmitPartialDecryption,170,1621c944e57629fa33805d7d99af9d6a7ff96c37cbdf979299c7f3e82e130ce4,170,8e778ed2c0eb6e4b542ff2623071fbee3fbe0be8b777559f3cd8a7ecea99560c,01745e94d3f23433c63253a493c7f6c6c091c81009b2ff73eb6faf6097b9301a,36c482d3e5cf4aac16599518e42444797a2bed7063500d2fbe4837af73d7e139,2026-09-30T17:57:43Z
SubmitPartialDecryption,167,a44f45458a69f278808f0d20a9953a104c81d7d4ba98e9f33e3e36251dad8456,170,8e778ed2c0eb6e4b542ff2623071fbee3fbe0be8b777559f3cd8a7ecea99560c,01745e94d3f23433c63253a493c7f6c6c091c81009b2ff73eb6faf6097b9301a,36c482d3e5cf4aac16599518e42444797a2bed7063500d2fbe4837af73d7e139,2026-09-30T17:57:43Z
SubmitPartialDecryption,163,04e87dd01faf0b826200b401b86fa6c20cce4cefe3393f98b24f97e74293f37a,170,8e778ed2c0eb6e4b542ff2623071fbee3fbe0be8b777559f3cd8a7ecea99560c,01745e94d3f23433c63253a493c7f6c6c091c81009b2ff73eb6faf6097b9301a,36c482d3e5cf4aac16599518e42444797a2bed7063500d2fbe4837af73d7e139,2026-09-30T17:57:43Z
SubmitPartialDecryption,171,2b9768a6888a3706d3437011a229f027a94cc653cf50961baa51946919faeb19,170,8e778ed2c0eb6e4b542ff2623071fbee3fbe0be8b777559f3cd8a7ecea99560c,01745e94d3f23433c63253a493c7f6c6c091c81009b2ff73eb6faf6097b9301a,36c482d3e5cf4aac16599518e42444797a2bed7063500d2fbe4837af73d7e139,2026-09-30T17:57:43Z
SubmitPartialDecryption,160,457021c839903152d935893e9c2c831e8930d26590be76c84e85ae3b4f37aba5,170,8e778ed2c0eb6e4b542ff2623071fbee3fbe0be8b777559f3cd8a7ecea99560c,01745e94d3f23433c63253a493c7f6c6c091c81009b2ff73eb6faf6097b9301a,36c482d3e5cf4aac16599518e42444797a2bed7063500d2fbe4837af73d7e139,2026-09-30T17:57:43Z
SubmitPartialDecryption,166,9b35d014856f1a8fca44c093bd7fc47accfa919e41f550ee6b47897e2767702f,170,8e778ed2c0eb6e4b542ff2623071fbee3fbe0be8b777559f3cd8a7ecea99560c,01745e94d3f23433c63253a493c7f6c6c091c81009b2ff73eb6faf6097b9301a,36c482d3e5cf4aac16599518e42444797a2bed7063500d2fbe4837af73d7e139,2026-09-30T17:57:43Z
SubmitPartialDecryption,169,25e096affa800f58e8771973bd534f15a58592b98edd01c5898445dcb14c541a,170,8e778ed2c0eb6e4b542ff2623071fbee3fbe0be8b777559f3cd8a7ecea99560c,01745e94d3f23433c63253a493c7f6c6c091c81009b2ff73eb6faf6097b9301a,36c482d3e5cf4aac16599518e42444797a2bed7063500d2fbe4837af73d7e139,2026-09-30T17:57:43Z
SubmitPartialDecryption,161,85b6671b2cddba25f9ec360e13de82254adf14cee1864a445f6fb7be00f39c30,170,8e778ed2c0eb6e4b542ff2623071fbee3fbe0be8b777559f3cd8a7ecea99560c,01745e94d3f23433c63253a493c7f6c6c091c81009b2ff73eb6faf6097b9301a,36c482d3e5cf4aac16599518e42444797a2bed7063500d2fbe4837af73d7e139,2026-09-30T17:57:43Z
SubmitPartialDecryption,168,94f38bff98f113ca578aac271eb2c56c77425d69b2a9881d92f2875242fef94f,170,8e778ed2c0eb6e4b542ff2623071fbee3fbe0be8b777559f3cd8a7ecea99560c,01745e94d3f23433c63253a493c7f6c6c091c81009b2ff73eb6faf6097b9301a,36c482d3e5cf4aac16599518e42444797a2bed7063500d2fbe4837af73d7e139,2026-09-30T17:57:43Z
SubmitPartialDecryption,162,7d9939217687f20024563d8b3362faad6f15b293aeeff63f11ae3861ce2d35ae,170,8e778ed2c0eb6e4b542ff2623071fbee3fbe0be8b777559f3cd8a7ecea99560c,01745e94d3f23433c63253a493c7f6c6c091c81009b2ff73eb6faf6097b9301a,36c482d3e5cf4aac16599518e42444797a2bed7063500d2fbe4837af73d7e139,2026-09-30T17:57:43Z
SubmitPartialDecryption,174,24db91d1716a22e0352b34e288f7d76aa946749c46c758e7f9c1ae44ad7a7331,170,8e778ed2c0eb6e4b542ff2623071fbee3fbe0be8b777559f3cd8a7ecea99560c,01745e94d3f23433c63253a493c7f6c6c091c81009b2ff73eb6faf6097b9301a,36c482d3e5cf4aac16599518e42444797a2bed7063500d2fbe4837af73d7e139,2026-09-30T17:57:43Z
SubmitPartialDecryption,172,6838914763da45a6adcdcdcfc1eb213e77ee5a47e09b69026cf5531e0288553b,170,8e778ed2c0eb6e4b542ff2623071fbee3fbe0be8b777559f3cd8a7ecea99560c,01745e94d3f23433c63253a493c7f6c6c091c81009b2ff73eb6faf6097b9301a,36c482d3e5cf4aac16599518e42444797a2bed7063500d2fbe4837af73d7e139,2026-09-30T17:57:43Z
SubmitPartialDecryption,175,cd92fb8064cbd0bb2b205064991e32f2c6822a983e726cbda9c281f85435cc68,170,8e778ed2c0eb6e4b542ff2623071fbee3fbe0be8b777559f3cd8a7ecea99560c,01745e94d3f23433c63253a493c7f6c6c091c81009b2ff73eb6faf6097b9301a,36c482d3e5cf4aac16599518e42444797a2bed7063500d2fbe4837af73d7e139,2026-09-30T17:57:43Z
SubmitPartialDecryption,165,bf951bf7c3be989ebd84b8fd39ebb10ad5bfd0295148775d80581d5f678acb2a,170,8e778ed2c0eb6e4b542ff2623071fbee3fbe0be8b777559f3cd8a7ecea99560c,01745e94d3f23433c63253a493c7f6c6c091c81009b2ff73eb6faf6097b9301a,36c482d3e5cf4aac16599518e42444797a2bed7063500d2fbe4837af73d7e139,2026-09-30T17:57:43Z
SubmitPartialDecryption,183,9d9723c462976264c53d263f74f6c743227fe910e133006c437b328132226af4,171,4b4a04e65acb6e4ad66def4e0cf955de151f5d0e219288a446543b5c40511d89,58e42064d97a0c581e2db92b773b3a7b28d6ee640aea7b4231bf068f605deb26,8e778ed2c0eb6e4b542ff2623071fbee3fbe0be8b777559f3cd8a7ecea99560c,2026-09-30T17:57:45Z
SubmitPartialDecryption,190,88e0766813bcd980db9816b5b000bf9755d1e534e51240e8b85a75c1faf044dc,171,4b4a04e65acb6e4ad66def4e0cf955de151f5d0e219288a446543b5c40511d89,58e42064d97a0c581e2db92b773b3a7b28d6ee640aea7b4231bf068f605deb26,8e778ed2c0eb6e4b542ff2623071fbee3fbe0be8b777559f3cd8a7ecea99560c,2026-09-30T17:57:45Z
SubmitPartialDecryption,185,c00a7c06d4b4e129e113b3d46584d3b6bbf48cdc6d22ca00f1a314d0330209c5,171,4b4a04e65acb6e4ad66def4e0cf955de151f5d0e219288a446543b5c40511d89,58e42064d97a0c581e2db92b773b3a7b28d6ee640aea7b4231bf068f605deb26,8e778ed2c0eb6e4b542ff2623071fbee3fbe0be8b777559f3cd8a7ecea99560c,2026-09-30T17:57:45Z
SubmitPartialDecryption,182,27a84e5cbbde5f66f2b8d3dd865608e07a9d459ca92060c5228acd0eb89fa881,171,4b4a04e65acb6e4ad66def4e0cf955de151f5d0e219288a446543b5c40511d89,58e42064d97a0c581e2db92b773b3a7b28d6ee640aea7b4231bf068f605deb26,8e778ed2c0eb6e4b542ff2623071fbee3fbe0be8b777559f3cd8a7ecea99560c,2026-09-30T17:57:45Z
SubmitPartialDecryption,178,825e7e661869d722cda49fe8e41a13c02c1fd60eac4a6b21f2f17e5f12880d37,171,4b4a04e65acb6e4ad66def4e0cf955de151f5d0e219288a446543b5c40511d89,58e42064d97a0c581e2db92b773b3a7b28d6ee640aea7b4231bf068f605deb26,8e778ed2c0eb6e4b542ff2623071fbee3fbe0be8b777559f3cd8a7ecea99560c,2026-09-30T17:57:45Z
SubmitPartialDecryption,191,5188ac512ec30a62276d80ff26aa5b940a4ade8c0f24a09f09b807d63513415b,171,4b4a04e65acb6e4ad66def4e0cf955de151f5d0e219288a446543b5c40511d89,58e42064d97a0c581e2db92b773b3a7b28d6ee640aea7b4231bf068f605deb26,8e778ed2c0eb6e4b542ff2623071fbee3fbe0be8b777559f3cd8a7ecea99560c,2026-09-30T17:57:45Z
SubmitPartialDecryption,179,baff9d4cf6f607202b4c78d9e2d3b90c6fb3aa92d896b006a480e836167ce146,171,4b4a04e65acb6e4ad66def4e0cf955de151f5d0e219288a446543b5c40511d89,58e42064d97a0c581e2db92b773b3a7b28d6ee640aea7b4231bf068f605deb26,8e778ed2c0eb6e4b542ff2623071fbee3fbe0be8b777559f3cd8a7ecea99560c,2026-09-30T17:57:45Z
SubmitPartialDecryption,181,2a6a068fd746cfcfe548274b5740cd21ad7d915908eb1a8f5d23ba189e0bc03e,171,4b4a04e65acb6e4ad66def4e0cf955de151f5d0e219288a446543b5c40511d89,58e42064d97a0c581e2db92b773b3a7b28d6ee640aea7b4231bf068f605deb26,8e778ed2c0eb6e4b542ff2623071fbee3fbe0be8b777559f3cd8a7ecea99560c,2026-09-30T17:57:45Z
SubmitPartialDecryption,188,a1623498fe09ba3cec60a8933177bf4647d386c35bc619f1affe35169c195f75,171,4b4a04e65acb6e4ad66def4e0cf955de151f5d0e219288a446543b5c40511d89,58e42064d97a0c581e2db92b773b3a7b28d6ee640aea7b4231bf068f605deb26,8e778ed2c0eb6e4b542ff2623071fbee3fbe0be8b777559f3cd8a7ecea99560c,2026-09-30T17:57:45Z
SubmitPartialDecryption,184,18abcc99f3f17ed8deb18b203dfee31c64f6fee823334ba1daeb038001b856e2,171,4b4a04e65acb6e4ad66def4e0cf955de151f5d0e219288a446543b5c40511d89,58e42064d97a0c581e2db92b773b3a7b28d6ee640aea7b4231bf068f605deb26,8e778ed2c0eb6e4b542ff2623071fbee3fbe0be8b777559f3cd8a7ecea99560c,2026-09-30T17:57:45Z
SubmitPartialDecryption,187,ad63767d18a5da57b25c33528de448332933b7b4ddd534e3561c1577b79df25f,171,4b4a04e65acb6e4ad66def4e0cf955de151f5d0e219288a446543b5c40511d89,58e42064d97a0c581e2db92b773b3a7b28d6ee640aea7b4231bf068f605deb26,8e778ed2c0eb6e4b542ff2623071fbee3fbe0be8b777559f3cd8a7ecea99560c,2026-09-30T17:57:45Z
SubmitPartialDecryption,189,79277c15b7c7f3c27713df01717b88402cfbfca86196f66e8999034cd13af34b,171,4b4a04e65acb6e4ad66def4e0cf955de151f5d0e219288a446543b5c40511d89,58e42064d97a0c581e2db92b773b3a7b28d6ee640aea7b4231bf068f605deb26,8e778ed2c0eb6e4b542ff2623071fbee3fbe0be8b777559f3cd8a7ecea99560c,2026-09-30T17:57:45Z
SubmitPartialDecryption,177,ea77e6b343bc2bc0764a96dbe5ab8451d43e9da062821c65594589fcdab90ca6,171,4b4a04e65acb6e4ad66def4e0cf955de151f5d0e219288a446543b5c40511d89,58e42064d97a0c581e2db92b773b3a7b28d6ee640aea7b4231bf068f605deb26,8e778ed2c0eb6e4b542ff2623071fbee3fbe0be8b777559f3cd8a7ecea99560c,2026-09-30T17:57:45Z
SubmitPartialDecryption,180,cb95a6e0026c291e635f7bbe9c906a3a447ab0e173c6c3533cb3603b3d1a3e80,171,4b4a04e65acb6e4ad66def4e0cf955de151f5d0e219288a446543b5c40511d89,58e42064d97a0c581e2db92b773b3a7b28d6ee640aea7b4231bf068f605deb26,8e778ed2c0eb6e4b542ff2623071fbee3fbe0be8b777559f3cd8a7ecea99560c,2026-09-30T17:57:45Z
SubmitPartialDecryption,186,30a2a2e8db1ab8ead162be13a4e5f5e4921c1ec18babee4f58aa2b20fea1e4ba,171,4b4a04e65acb6e4ad66def4e0cf955de151f5d0e219288a446543b5c40511d89,58e42064d97a0c581e2db92b773b3a7b28d6ee640aea7b4231bf068f605deb26,8e778ed2c0eb6e4b542ff2623071fbee3fbe0be8b777559f3cd8a7ecea99560c,2026-09-30T17:57:45Z
SubmitPartialDecryption,176,01632737c86804b6d264c6e67bff13d2200c527c9b3d4a23a9be04daa1ab6cf3,171,4b4a04e65acb6e4ad66def4e0cf955de151f5d0e219288a446543b5c40511d89,58e42064d97a0c581e2db92b773b3a7b28d6ee640aea7b4231bf068f605deb26,8e778ed2c0eb6e4b542ff2623071fbee3fbe0be8b777559f3cd8a7ecea99560c,2026-09-30T17:57:45Z
SubmitPartialDecryption,198,8a74b9e289dda4aee4608c70dd2706daa31b50844a017533c9c617767b0d2121,172,c3d08e2c03d8e283e9235e899bcd83593c0e1c8fd2b6f06c2e8af9525bdb41e4,b11c530ebda788d6441fd60db74ce8c3179a4f97bf9bc82bf45e0d6a0bce49c0,4b4a04e65acb6e4ad66def4e0cf955de151f5d0e219288a446543b5c40511d89,2026-09-30T17:57:47Z
SubmitPartialDecryption,201,cb2f706f19efd1a173fd044db2c897f07c590838bcee17e40f55369c7708bb9a,172,c3d08e2c03d8e283e9235e899bcd83593c0e1c8fd2b6f06c2e8af9525bdb41e4,b11c530ebda788d6441fd60db74ce8c3179a4f97bf9bc82bf45e0d6a0bce49c0,4b4a04e65acb6e4ad66def4e0cf955de151f5d0e219288a446543b5c40511d89,2026-09-30T17:57:47Z
SubmitPartialDecryption,206,f5864fbbe090a1fd74a9ea7fa6141b412dff814c65a42da5a0bd4d8c5b1594e1,172,c3d08e2c03d8e283e9235e899bcd83593c0e1c8fd2b6f06c2e8af9525bdb41e4,b11c530ebda788d6441fd60db74ce8c3179a4f97bf9bc82bf45e0d6a0bce49c0,4b4a04e65acb6e4ad66def4e0cf955de151f5d0e219288a446543b5c40511d89,2026-09-30T17:57:47Z
SubmitPartialDecryption,193,68ba3685f555dd45a7f8ac856aa5c1f4fe8d8222328d2d4a76b840790af4428d,172,c3d08e2c03d8e283e9235e899bcd83593c0e1c8fd2b6f06c2e8af9525bdb41e4,b11c530ebda788d6441fd60db74ce8c3179a4f97bf9bc82bf45e0d6a0bce49c0,4b4a04e65acb6e4ad66def4e0cf955de151f5d0e219288a446543b5c40511d89,2026-09-30T17:57:47Z
SubmitPartialDecryption,200,bc9d0ed779f20f52a40596ba5df033be166233c96c15ddfd132a21d99665811c,172,c3d08e2c03d8e283e9235e899bcd83593c0e1c8fd2b6f06c2e8af9525bdb41e4,b11c530ebda788d6441fd60db74ce8c3179a4f97bf9bc82bf45e0d6a0bce49c0,4b4a04e65acb6e4ad66def4e0cf955de151f5d0e219288a446543b5c40511d89,2026-09-30T17:57:47Z
SubmitPartialDecryption,192,7da6538beb4ea08d4a7293a1c9023e367773a1eb9b3a5793b718fd1d87750057,172,c3d08e2c03d8e283e9235e899bcd83593c0e1c8fd2b6f06c2e8af9525bdb41e4,b11c530ebda788d6441fd60db74ce8c3179a4f97bf9bc82bf45e0d6a0bce49c0,4b4a04e65acb6e4ad66def4e0cf955de151f5d0e219288a446543b5c40511d89,2026-09-30T17:57:47Z
SubmitPartialDecryption,197,ec5e3176bad4f803417e23dbbb1e84f705f79f2f70a0fde27cebd9a9be5f21ff,172,c3d08e2c03d8e283e9235e899bcd83593c0e1c8fd2b6f06c2e8af9525bdb41e4,b11c530ebda788d6441fd60db74ce8c3179a4f97bf9bc82bf45e0d6a0bce49c0,4b4a04e65acb6e4ad66def4e0cf955de151f5d0e219288a446543b5c40511d89,2026-09-30T17:57:47Z
SubmitPartialDecryption,194,534bea23dfd16708d465f4b186c4ea66e8754765847b4707211e9decae1beb0a,172,c3d08e2c03d8e283e9235e899bcd83593c0e1c8fd2b6f06c2e8af9525bdb41e4,b11c530ebda788d6441fd60db74ce8c3179a4f97bf9bc82bf45e0d6a0bce49c0,4b4a04e65acb6e4ad66def4e0cf955de151f5d0e219288a446543b5c40511d89,2026-09-30T17:57:47Z
SubmitPartialDecryption,203,48befa370d35070888c766b59191a1225094ca7c9f3d1c31736146c4f8eb3945,172,c3d08e2c03d8e283e9235e899bcd83593c0e1c8fd2b6f06c2e8af9525bdb41e4,b11c530ebda788d6441fd60db74ce8c3179a4f97bf9bc82bf45e0d6a0bce49c0,4b4a04e65acb6e4ad66def4e0cf955de151f5d0e219288a446543b5c40511d89,2026-09-30T17:57:47Z
SubmitPartialDecryption,204,478e53339173c03ee41e9214f802ad7c2dddc7f6b08a8cd6c753f1a97016e38e,172,c3d08e2c03d8e283e9235e899bcd83593c0e1c8fd2b6f06c2e8af9525bdb41e4,b11c530ebda788d6441fd60db74ce8c3179a4f97bf9bc82bf45e0d6a0bce49c0,4b4a04e65acb6e4ad66def4e0cf955de151f5d0e219288a446543b5c40511d89,2026-09-30T17:57:47Z
SubmitPartialDecryption,196,3da6e2ac4ae251229d5dd5e594a326b13625d5d74d65660585fa7bcf42c9d613,172,c3d08e2c03d8e283e9235e899bcd83593c0e1c8fd2b6f06c2e8af9525bdb41e4,b11c530ebda788d6441fd60db74ce8c3179a4f97bf9bc82bf45e0d6a0bce49c0,4b4a04e65acb6e4ad66def4e0cf955de151f5d0e219288a446543b5c40511d89,2026-09-30T17:57:47Z
SubmitPartialDecryption,199,672a637da84c0f1e740c037137d1fd222eac20b152eaf752c6f5c940deaca30e,172,c3d08e2c03d8e283e9235e899bcd83593c0e1c8fd2b6f06c2e8af9525bdb41e4,b11c530ebda788d6441fd60db74ce8c3179a4f97bf9bc82bf45e0d6a0bce49c0,4b4a04e65acb6e4ad66def4e0cf955de151f5d0e219288a446543b5c40511d89,2026-09-30T17:57:47Z
SubmitPartialDecryption,202,b8ee58434900f3694b215035324d2345ec58a2ad872d0aadf8dd720bce11787e,172,c3d08e2c03d8e283e9235e899bcd83593c0e1c8fd2b6f06c2e8af9525bdb41e4,b11c530ebda788d6441fd60db74ce8c3179a4f97bf9bc82bf45e0d6a0bce49c0,4b4a04e65acb6e4ad66def4e0cf955de151f5d0e219288a446543b5c40511d89,2026-09-30T17:57:47Z
SubmitPartialDecryption,195,74b28beaf56e6c221e7cd352fdb0450796159de23e6ae946f02d843830e40cea,172,c3d08e2c03d8e283e9235e899bcd83593c0e1c8fd2b6f06c2e8af9525bdb41e4,b11c530ebda788d6441fd60db74ce8c3179a4f97bf9bc82bf45e0d6a0bce49c0,4b4a04e65acb6e4ad66def4e0cf955de151f5d0e219288a446543b5c40511d89,2026-09-30T17:57:47Z
SubmitPartialDecryption,205,4b4607602c15bdaf0d763cdf74a00606e046d0e2c9eb08bdfb0cc3f684bdf041,172,c3d08e2c03d8e283e9235e899bcd83593c0e1c8fd2b6f06c2e8af9525bdb41e4,b11c530ebda788d6441fd60db74ce8c3179a4f97bf9bc82bf45e0d6a0bce49c0,4b4a04e65acb6e4ad66def4e0cf955de151f5d0e219288a446543b5c40511d89,2026-09-30T17:57:47Z
SubmitPartialDecryption,207,fcb408d48cac9fc27d80e0454ea1d6a3fb6eac7b6787a716bdd6ae2e9fa9f8f3,172,c3d08e2c03d8e283e9235e899bcd83593c0e1c8fd2b6f06c2e8af9525bdb41e4,b11c530ebda788d6441fd60db74ce8c3179a4f97bf9bc82bf45e0d6a0bce49c0,4b4a04e65acb6e4ad66def4e0cf955de151f5d0e219288a446543b5c40511d89,2026-09-30T17:57:47Z
SubmitPartialDecryption,216,c6bb3cb8248eda66d47ec82cd5d8dfc55f406b603ba76579392dd26a8b52c77b,173,2c6e45592f9d0fa9b66b01f1b92c710187b8baa1e553f5f934d8b5f895e7e7c7,d4d4f4a31abf0de1ececf09443b5beeae49e2c61cd0cca649974e98b7f0716af,c3d08e2c03d8e283e9235e899bcd83593c0e1c8fd2b6f06c2e8af9525bdb41e4,2026-09-30T17:57:49Z
SubmitPartialDecryption,221,ffed2dbf10990136a3fb4aafe14f58bb8780e92fbe24a8a526346ddfa3e86c61,173,2c6e45592f9d0fa9b66b01f1b92c710187b8baa1e553f5f934d8b5f895e7e7c7,d4d4f4a31abf0de1ececf09443b5beeae49e2c61cd0cca649974e98b7f0716af,c3d08e2c03d8e283e9235e899bcd83593c0e1c8fd2b6f06c2e8af9525bdb41e4,2026-09-30T17:57:49Z
SubmitPartialDecryption,220,372058c109ef79e96718ebe0e634918972bad80850033edf738262b2d589c38c,173,2c6e45592f9d0fa9b66b01f1b92c710187b8baa1e553f5f934d8b5f895e7e7c7,d4d4f4a31abf0de1ececf09443b5beeae49e2c61cd0cca649974e98b7f0716af,c3d08e2c03d8e283e9235e899bcd83593c0e1c8fd2b6f06c2e8af9525bdb41e4,2026-09-30T17:57:49Z
SubmitPartialDecryption,217,41359f007868a87f48e3281b7022b364d7b697399fa0c64adce28eb54c266888,173,2c6e45592f9d0fa9b66b01f1b92c710187b8baa1e553f5f934d8b5f895e7e7c7,d4d4f4a31abf0de1ececf09443b5beeae49e2c61cd0cca649974e98b7f0716af,c3d08e2c03d8e283e9235e899bcd83593c0e1c8fd2b6f06c2e8af9525bdb41e4,2026-09-30T17:57:49Z
SubmitPartialDecryption,218,3d725d40de9b6a76d284f47cda6d60fa4a91f7f618626505d311a9deda66cac6,173,2c6e45592f9d0fa9b66b01f1b92c710187b8baa1e553f5f934d8b5f895e7e7c7,d4d4f4a31abf0de1ececf09443b5beeae49e2c61cd0cca649974e98b7f0716af,c3d08e2c03d8e283e9235e899bcd83593c0e1c8fd2b6f06c2e8af9525bdb41e4,2026-09-30T17:57:49Z
SubmitPartialDecryption,215,cc5624c0ced061ac6eff7ed890d69df49ec5ad4f81663256809e3f697b0ae189,173,2c6e45592f9d0fa9b66b01f1b92c710187b8baa1e553f5f934d8b5f895e7e7c7,d4d4f4a31abf0de1ececf09443b5beeae49e2c61cd0cca649974e98b7f0716af,c3d08e2c03d8e283e9235e899bcd83593c0e1c8fd2b6f06c2e8af9525bdb41e4,2026-09-30T17:57:49Z
SubmitPartialDecryption,214,9c3163b5f4833555aa953d1f18c29d23410c6f5cb9ed9b2391f993344a7e286a,173,2c6e45592f9d0fa9b66b01f1b92c710187b8baa1e553f5f934d8b5f895e7e7c7,d4d4f4a31abf0de1ececf09443b5beeae49e2c61cd0cca649974e98b7f0716af,c3d08e2c03d8e283e9235e899bcd83593c0e1c8fd2b6f06c2e8af9525bdb41e4,2026-09-30T17:57:49Z
SubmitPartialDecryption,209,303f1f7d1837a4e4b1741f09a00e8388da28780bcd23c1a55011b26bb9023a74,173,2c6e45592f9d0fa9b66b01f1b92c710187b8baa1e553f5f934d8b5f895e7e7c7,d4d4f4a31abf0de1ececf09443b5beeae49e2c61cd0cca649974e98b7f0716af,c3d08e2c03d8e283e9235e899bcd83593c0e1c8fd2b6f06c2e8af9525bdb41e4,2026-09-30T17:57:49Z
SubmitPartialDecryption,208,df3788dfd73455ca848e7b40f8863ebd5310da8ad64999cb58c7d6c8c215f472,173,2c6e45592f9d0fa9b66b01f1b92c710187b8baa1e553f5f934d8b5f895e7e7c7,d4d4f4a31abf0de1ececf09443b5beeae49e2c61cd0cca649974e98b7f0716af,c3d08e2c03d8e283e9235e899bcd83593c0e1c8fd2b6f06c2e8af9525bdb41e4,2026-09-30T17:57:49Z
SubmitPartialDecryption,223,49188173c425e871bd8b76ecdc8833d78f95cb7a7eaa8c65c2f41af21787f3de,173,2c6e45592f9d0fa9b66b01f1b92c710187b8baa1e553f5f934d8b5f895e7e7c7,d4d4f4a31abf0de1ececf09443b5beeae49e2c61cd0cca649974e98b7f0716af,c3d08e2c03d8e283e9235e899bcd83593c0e1c8fd2b6f06c2e8af9525bdb41e4,2026-09-30T17:57:49Z
SubmitPartialDecryption,222,78765c40a05dc02dd56d648bdb3130d947adb3a00cfd1eb981f7fc8f125f176f,173,2c6e45592f9d0fa9b66b01f1b92c710187b8baa1e553f5f934d8b5f895e7e7c7,d4d4f4a31abf0de1ececf09443b5beeae49e2c61cd0cca649974e98b7f0716af,c3d08e2c03d8e283e9235e899bcd83593c0e1c8fd2b6f06c2e8af9525bdb41e4,2026-09-30T17:57:49Z
SubmitPartialDecryption,219,74ae9dbddad6135dd07710c49d3f65feb7cf5eab457a512a18912ace31a8515e,173,2c6e45592f9d0fa9b66b01f1b92c710187b8baa1e553f5f934d8b5f895e7e7c7,d4d4f4a31abf0de1ececf09443b5beeae49e2c61cd0cca649974e98b7f0716af,c3d08e2c03d8e283e9235e899bcd83593c0e1c8fd2b6f06c2e8af9525bdb41e4,2026-09-30T17:57:49Z
SubmitPartialDecryption,210,f58b6619138fe85b4d686732a45779bf6229a3cc91b4940e967c587a82b035ec,173,2c6e45592f9d0fa9b66b01f1b92c710187b8baa1e553f5f934d8b5f895e7e7c7,d4d4f4a31abf0de1ececf09443b5beeae49e2c61cd0cca649974e98b7f0716af,c3d08e2c03d8e283e9235e899bcd83593c0e1c8fd2b6f06c2e8af9525bdb41e4,2026-09-30T17:57:49Z
SubmitPartialDecryption,213,e2cc256a28788e26da7350891e32cb98e8b3344b15fc7df7e4f093f9562bb6cc,173,2c6e45592f9d0fa9b66b01f1b92c710187b8baa1e553f5f934d8b5f895e7e7c7,d4d4f4a31abf0de1ececf09443b5beeae49e2c61cd0cca649974e98b7f0716af,c3d08e2c03d8e283e9235e899bcd83593c0e1c8fd2b6f06c2e8af9525bdb41e4,2026-09-30T17:57:49Z
SubmitPartialDecryption,212,e32058686e412f6574068d3a6fe74640b4f614f9f3fb30875425463e1556ae0c,173,2c6e45592f9d0fa9b66b01f1b92c710187b8baa1e553f5f934d8b5f895e7e7c7,d4d4f4a31abf0de1ececf09443b5beeae49e2c61cd0cca649974e98b7f0716af,c3d08e2c03d8e283e9235e899bcd83593c0e1c8fd2b6f06c2e8af9525bdb41e4,2026-09-30T17:57:49Z
SubmitPartialDecryption,211,3dd9f51a4a021b8abb7da9c36101577d3c4e4bbb2849d740df988079f3efe75c,173,2c6e45592f9d0fa9b66b01f1b92c710187b8baa1e553f5f934d8b5f895e7e7c7,d4d4f4a31abf0de1ececf09443b5beeae49e2c61cd0cca649974e98b7f0716af,c3d08e2c03d8e283e9235e899bcd83593c0e1c8fd2b6f06c2e8af9525bdb41e4,2026-09-30T17:57:49Z
SubmitPartialDecryption,233,2d035a80027aa6a98783a9d8794eabbce4004d14a36260b20f972894e53aeee3,174,d08ee661e88f98ecb22f821d373a35c553a9d59815754867b5327296957383a7,4d478a2ddaea5b35823e02a06bfbe8e4794c483a25b4249f3d0de986a1c64394,2c6e45592f9d0fa9b66b01f1b92c710187b8baa1e553f5f934d8b5f895e7e7c7,2026-09-30T17:57:51Z
SubmitPartialDecryption,231,c17ef758571546520e01328e87940d973b8b01270d397851274c84100ccd5364,174,d08ee661e88f98ecb22f821d373a35c553a9d59815754867b5327296957383a7,4d478a2ddaea5b35823e02a06bfbe8e4794c483a25b4249f3d0de986a1c64394,2c6e45592f9d0fa9b66b01f1b92c710187b8baa1e553f5f934d8b5f895e7e7c7,2026-09-30T17:57:51Z
SubmitPartialDecryption,239,2f6cf081fb910e8e085b367a15c9f457ac301c521817ba6f00b9562ac633a153,174,d08ee661e88f98ecb22f821d373a35c553a9d59815754867b5327296957383a7,4d478a2ddaea5b35823e02a06bfbe8e4794c483a25b4249f3d0de986a1c64394,2c6e45592f9d0fa9b66b01f1b92c710187b8baa1e553f5f934d8b5f895e7e7c7,2026-09-30T17:57:51Z
SubmitPartialDecryption,237,92dbe03bb0f51b1c756c3a5dadf5f0dfbc8ab24fa5818ead690e84a1222b56bc,174,d08ee661e88f98ecb22f821d373a35c553a9d59815754867b5327296957383a7,4d478a2ddaea5b35823e02a06bfbe8e4794c483a25b4249f3d0de986a1c64394,2c6e45592f9d0fa9b66b01f1b92c710187b8baa1e553f5f934d8b5f895e7e7c7,2026-09-30T17:57:51Z
SubmitPartialDecryption,232,b803520a33efb8d878a811ccfdd13edb19d2434839d5fb25705da9d606d3c819,174,d08ee661e88f98ecb22f821d373a35c553a9d59815754867b5327296957383a7,4d478a2ddaea5b35823e02a06bfbe8e4794c483a25b4249f3d0de986a1c64394,2c6e45592f9d0fa9b66b01f1b92c710187b8baa1e553f5f934d8b5f895e7e7c7,2026-09-30T17:57:51Z
SubmitPartialDecryption,224,0e5e006cb7c9ab9f1df9b693379f2dd1880cf5b1c863bf572902384b5e931d41,174,d08ee661e88f98ecb22f821d373a35c553a9d59815754867b5327296957383a7,4d478a2ddaea5b35823e02a06bfbe8e4794c483a25b4249f3d0de986a1c64394,2c6e45592f9d0fa9b66b01f1b92c710187b8baa1e553f5f934d8b5f895e7e7c7,2026-09-30T17:57:51Z
SubmitPartialDecryption,234,4e183478cdbb52dc8703d0a85561850ad8e8dc1bf1c738fbac5bb7d4ad1cac3c,174,d08ee661e88f98ecb22f821d373a35c553a9d59815754867b5327296957383a7,4d478a2ddaea5b35823e02a06bfbe8e4794c483a25b4249f3d0de986a1c64394,2c6e45592f9d0fa9b66b01f1b92c710187b8baa1e553f5f934d8b5f895e7e7c7,2026-09-30T17:57:51Z
SubmitPartialDecryption,226,f4f90d2f3e225fb8a6c816c0c71483d9c9f6b9bc843e32fc34f9cdc1682cbc9e,174,d08ee661e88f98ecb22f821d373a35c553a9d59815754867b5327296957383a7,4d478a2ddaea5b35823e02a06bfbe8e4794c483a25b4249f3d0de986a1c64394,2c6e45592f9d0fa9b66b01f1b92c710187b8baa1e553f5f934d8b5f895e7e7c7,2026-09-30T17:57:51Z
SubmitPartialDecryption,236,811a00d6e025518fcdc78e32db5e8da741450342150d1912ba7b879b0049b47f,174,d08ee661e88f98ecb22f821d373a35c553a9d59815754867b5327296957383a7,4d478a2ddaea5b35823e02a06bfbe8e4794c483a25b4249f3d0de986a1c64394,2c6e45592f9d0fa9b66b01f1b92c710187b8baa1e553f5f934d8b5f895e7e7c7,2026-09-30T17:57:51Z
SubmitPartialDecryption,235,d45bd6b52b79b406ce71b26a7e59055d7e20d98e1bbd9a52402c09575389d21c,174,d08ee661e88f98ecb22f821d373a35c553a9d59815754867b5327296957383a7,4d478a2ddaea5b35823e02a06bfbe8e4794c483a25b4249f3d0de986a1c64394,2c6e45592f9d0fa9b66b01f1b92c710187b8baa1e553f5f934d8b5f895e7e7c7,2026-09-30T17:57:51Z
SubmitPartialDecryption,238,d34e55747cf2d939d8e7168af05a7913747975beac324aaf5c6b7fb0e2730535,174,d08ee661e88f98ecb22f821d373a35c553a9d59815754867b5327296957383a7,4d478a2ddaea5b35823e02a06bfbe8e4794c483a25b4249f3d0de986a1c64394,2c6e45592f9d0fa9b66b01f1b92c710187b8baa1e553f5f934d8b5f895e7e7c7,2026-09-30T17:57:51Z
SubmitPartialDecryption,230,9c41c92788fcf4b403f05e497995015b14f1f5ca32f0a51753c5e5cc5bc9770b,174,d08ee661e88f98ecb22f821d373a35c553a9d59815754867b5327296957383a7,4d478a2ddaea5b35823e02a06bfbe8e4794c483a25b4249f3d0de986a1c64394,2c6e45592f9d0fa9b66b01f1b92c710187b8baa1e553f5f934d8b5f895e7e7c7,2026-09-30T17:57:51Z
SubmitPartialDecryption,225,fb3760a1afce80c9d4c742cc0890a0529bfc9e50772fd7b586e05e14fa4a2907,174,d08ee661e88f98ecb22f821d373a35c553a9d59815754867b5327296957383a7,4d478a2ddaea5b35823e02a06bfbe8e4794c483a25b4249f3d0de986a1c64394,2c6e45592f9d0fa9b66b01f1b92c710187b8baa1e553f5f934d8b5f895e7e7c7,2026-09-30T17:57:51Z
SubmitPartialDecryption,229,54f2a58e4a3a34aceb47ecece42b2b34de13c1451a7e5d2454a5434029193fb7,174,d08ee661e88f98ecb22f821d373a35c553a9d59815754867b5327296957383a7,4d478a2ddaea5b35823e02a06bfbe8e4794c483a25b4249f3d0de986a1c64394,2c6e45592f9d0fa9b66b01f1b92c710187b8baa1e553f5f934d8b5f895e7e7c7,2026-09-30T17:57:51Z
SubmitPartialDecryption,228,8fb5dea680a81436946cbe42c6728359293551f70b8dbfc5222b5f8d4c1ba598,174,d08ee661e88f98ecb22f821d373a35c553a9d59815754867b5327296957383a7,4d478a2ddaea5b35823e02a06bfbe8e4794c483a25b4249f3d0de986a1c64394,2c6e45592f9d0fa9b66b01f1b92c710187b8baa1e553f5f934d8b5f895e7e7c7,2026-09-30T17:57:51Z
SubmitPartialDecryption,227,65afa45575552ea108a03db831d9f37f2945c098b2259ad969e40d9d94bcee4c,174,d08ee661e88f98ecb22f821d373a35c553a9d59815754867b5327296957383a7,4d478a2ddaea5b35823e02a06bfbe8e4794c483a25b4249f3d0de986a1c64394,2c6e45592f9d0fa9b66b01f1b92c710187b8baa1e553f5f934d8b5f895e7e7c7,2026-09-30T17:57:51Z
SubmitPartialDecryption,249,d45ca23421b86781419207d1e9f0865b1ee3e355432e0e0b81efdf691befe36a,175,05587d69569f005a1b907f41fa9b0e3e948da636fcb09745047d216a5a4d95f1,d09bbe18b6f82946e9af15a34f04456dab314b24cddd6521d38e6e27eaaa6061,d08ee661e88f98ecb22f821d373a35c553a9d59815754867b5327296957383a7,2026-09-30T17:57:53Z
SubmitPartialDecryption,247,29db1a2d0bb514801db4360036fa2add2c6ef3b475a976df42028f6939253c3e,175,05587d69569f005a1b907f41fa9b0e3e948da636fcb09745047d216a5a4d95f1,d09bbe18b6f82946e9af15a34f04456dab314b24cddd6521d38e6e27eaaa6061,d08ee661e88f98ecb22f821d373a35c553a9d59815754867b5327296957383a7,2026-09-30T17:57:53Z
SubmitPartialDecryption,241,72679e49e9d911fd0528298eb7d1f9d986614e9b6ce9aba955dba90ffebae9ca,175,05587d69569f005a1b907f41fa9b0e3e948da636fcb09745047d216a5a4d95f1,d09bbe18b6f82946e9af15a34f04456dab314b24cddd6521d38e6e27eaaa6061,d08ee661e88f98ecb22f821d373a35c553a9d59815754867b5327296957383a7,2026-09-30T17:57:53Z
SubmitPartialDecryption,251,8f819b8b35009dd1aabf49044d02a4bf3173b7e94a8c285178306323e1637a75,175,05587d69569f005a1b907f41fa9b0e3e948da636fcb09745047d216a5a4d95f1,d09bbe18b6f82946e9af15a34f04456dab314b24cddd6521d38e6e27eaaa6061,d08ee661e88f98ecb22f821d373a35c553a9d59815754867b5327296957383a7,2026-09-30T17:57:53Z
SubmitPartialDecryption,242,c44dea381c1b8343749a1e80059d2d4ff93a8a4fa510b00aa01c09c4a2806007,175,05587d69569f005a1b907f41fa9b0e3e948da636fcb09745047d216a5a4d95f1,d09bbe18b6f82946e9af15a34f04456dab314b24cddd6521d38e6e27eaaa6061,d08ee661e88f98ecb22f821d373a35c553a9d59815754867b5327296957383a7,2026-09-30T17:57:53Z
SubmitPartialDecryption,253,250e864e5c7fc56ac6b2a9b4a893ea25d4be7ed65edd92c76552c10f1aa754ba,175,05587d69569f005a1b907f41fa9b0e3e948da636fcb09745047d216a5a4d95f1,d09bbe18b6f82946e9af15a34f04456dab314b24cddd6521d38e6e27eaaa6061,d08ee661e88f98ecb22f821d373a35c553a9d59815754867b5327296957383a7,2026-09-30T17:57:53Z
SubmitPartialDecryption,246,30681872a34ad21ff773e0ce44f641015ba7e27c00f54cd1fb7bca132521a7ee,175,05587d69569f005a1b907f41fa9b0e3e948da636fcb09745047d216a5a4d95f1,d09bbe18b6f82946e9af15a34f04456dab314b24cddd6521d38e6e27eaaa6061,d08ee661e88f98ecb22f821d373a35c553a9d59815754867b5327296957383a7,2026-09-30T17:57:53Z
SubmitPartialDecryption,254,df21bc68ed860a928a5ae899c4be60163805e657367130bce5460544af73b14c,175,05587d69569f005a1b907f41fa9b0e3e948da636fcb09745047d216a5a4d95f1,d09bbe18b6f82946e9af15a34f04456dab314b24cddd6521d38e6e27eaaa6061,d08ee661e88f98ecb22f821d373a35c553a9d59815754867b5327296957383a7,2026-09-30T17:57:53Z
SubmitPartialDecryption,245,52d2af5021794890902d8ccf5fa1a41848574551088579c12188312a2a547abf,175,05587d69569f005a1b907f41fa9b0e3e948da636fcb09745047d216a5a4d95f1,d09bbe18b6f82946e9af15a34f04456dab314b24cddd6521d38e6e27eaaa6061,d08ee661e88f98ecb22f821d373a35c553a9d59815754867b5327296957383a7,2026-09-30T17:57:53Z
SubmitPartialDecryption,244,3b3604fce7e933f69397bfa1534d5a28bde24b2167fc7ff1d1ba2c8c218ce1ad,175,05587d69569f005a1b907f41fa9b0e3e948da636fcb09745047d216a5a4d95f1,d09bbe18b6f82946e9af15a34f04456dab314b24cddd6521d38e6e27eaaa6061,d08ee661e88f98ecb22f821d373a35c553a9d59815754867b5327296957383a7,2026-09-30T17:57:53Z
SubmitPartialDecryption,248,7202ecb7a948a053777e698cbe2009870dd0fb38599c040342ee6432e5ebde20,175,05587d69569f005a1b907f41fa9b0e3e948da636fcb09745047d216a5a4d95f1,d09bbe18b6f82946e9af15a34f04456dab314b24cddd6521d38e6e27eaaa6061,d08ee661e88f98ecb22f821d373a35c553a9d59815754867b5327296957383a7,2026-09-30T17:57:53Z
SubmitPartialDecryption,243,c5fc68c34ba5236655dd54074e62f440accbe463aaf47bf4927b1a3a97fed9b4,175,05587d69569f005a1b907f41fa9b0e3e948da636fcb09745047d216a5a4d95f1,d09bbe18b6f82946e9af15a34f04456dab314b24cddd6521d38e6e27eaaa6061,d08ee661e88f98ecb22f821d373a35c553a9d59815754867b5327296957383a7,2026-09-30T17:57:53Z
SubmitPartialDecryption,250,42c5c22223d0f42b14a0687c58b0bce354d28d2c82fe85d41c61b92c0a1b9b9f,175,05587d69569f005a1b907f41fa9b0e3e948da636fcb09745047d216a5a4d95f1,d09bbe18b6f82946e9af15a34f04456dab314b24cddd6521d38e6e27eaaa6061,d08ee661e88f98ecb22f821d373a35c553a9d59815754867b5327296957383a7,2026-09-30T17:57:53Z
SubmitPartialDecryption,252,b5a7ea7e386ee3a0fdd63942362741dd03a5eeb60a3759b2c2d7fbcface6dc54,175,05587d69569f005a1b907f41fa9b0e3e948da636fcb09745047d216a5a4d95f1,d09bbe18b6f82946e9af15a34f04456dab314b24cddd6521d38e6e27eaaa6061,d08ee661e88f98ecb22f821d373a35c553a9d59815754867b5327296957383a7,2026-09-30T17:57:53Z
SubmitPartialDecryption,240,79e910c5eba979a3bd9dc09ae123c094e6a8b8ce86897ece75f68ca198674fc4,175,05587d69569f005a1b907f41fa9b0e3e948da636fcb09745047d216a5a4d95f1,d09bbe18b6f82946e9af15a34f04456dab314b24cddd6521d38e6e27eaaa6061,d08ee661e88f98ecb22f821d373a35c553a9d59815754867b5327296957383a7,2026-09-30T17:57:53Z
SubmitPartialDecryption,255,a066060d3b63aa3e0546a6fe34057b93cc130db28a4c719b35dfbb791ff3854e,175,05587d69569f005a1b907f41fa9b0e3e948da636fcb09745047d216a5a4d95f1,d09bbe18b6f82946e9af15a34f04456dab314b24cddd6521d38e6e27eaaa6061,d08ee661e88f98ecb22f821d373a35c553a9d59815754867b5327296957383a7,2026-09-30T17:57:53Z
SubmitPartialDecryption,265,9027a5efb79ca25d582ad3344cd8a5edb64c6e495df32810357bd17216bda807,176,3f844644e03e12a80b542bc191997ac2185497a0cde05657763dc69357cad1c4,940722038b7fe6b624fd889ae332d88d2c8fa088ae5fde60a2d89453a0ecccff,05587d69569f005a1b907f41fa9b0e3e948da636fcb09745047d216a5a4d95f1,2026-09-30T17:57:55Z
SubmitPartialDecryption,257,762740e070f8dfd0d60925b79f61ab7d977504aed8730a97110255be0b83f0e3,176,3f844644e03e12a80b542bc191997ac2185497a0cde05657763dc69357cad1c4,940722038b7fe6b624fd889ae332d88d2c8fa088ae5fde60a2d89453a0ecccff,05587d69569f005a1b907f41fa9b0e3e948da636fcb09745047d216a5a4d95f1,2026-09-30T17:57:55Z
SubmitPartialDecryption,259,626320d8646d8d4e14b4bda9fb005652665eb0ad17a4622588dd0eb552ddc1a4,176,3f844644e03e12a80b542bc191997ac2185497a0cde05657763dc69357cad1c4,940722038b7fe6b624fd889ae332d88d2c8fa088ae5fde60a2d89453a0ecccff,05587d69569f005a1b907f41fa9b0e3e948da636fcb09745047d216a5a4d95f1,2026-09-30T17:57:55Z
SubmitPartialDecryption,261,2633133700241c1fa688cf60aa272a3d5fbcfd0430c8364555610387fa1c8590,176,3f844644e03e12a80b542bc191997ac2185497a0cde05657763dc69357cad1c4,940722038b7fe6b624fd889ae332d88d2c8fa088ae5fde60a2d89453a0ecccff,05587d69569f005a1b907f41fa9b0e3e948da636fcb09745047d216a5a4d95f1,2026-09-30T17:57:55Z
SubmitPartialDecryption,262,cb3f3d2752afb0dccb9f6cdc8f1d222713a3d0f99b3b2673fb611e85a92d5f6d,176,3f844644e03e12a80b542bc191997ac2185497a0cde05657763dc69357cad1c4,940722038b7fe6b624fd889ae332d88d2c8fa088ae5fde60a2d89453a0ecccff,05587d69569f005a1b907f41fa9b0e3e948da636fcb09745047d216a5a4d95f1,2026-09-30T17:57:55Z
SubmitPartialDecryption,270,437de6b9231dafeca0c07898f7270e6a999b32adc02c64ba25304458770b39c3,176,3f844644e03e12a80b542bc191997ac2185497a0cde05657763dc69357cad1c4,940722038b7fe6b624fd889ae332d88d2c8fa088ae5fde60a2d89453a0ecccff,05587d69569f005a1b907f41fa9b0e3e948da636fcb09745047d216a5a4d95f1,2026-09-30T17:57:55Z
SubmitPartialDecryption,266,045e0b7ddc137febf3d6e50d4072ef9e829c1240c2f3359d58300c7ab9060ff1,176,3f844644e03e12a80b542bc191997ac2185497a0cde05657763dc69357cad1c4,940722038b7fe6b624fd889ae332d88d2c8fa088ae5fde60a2d89453a0ecccff,05587d69569f005a1b907f41fa9b0e3e948da636fcb09745047d216a5a4d95f1,2026-09-30T17:57:55Z
SubmitPartialDecryption,269,f9f94eaa526a8377b8782a60e94dad8edfdb81e8320e16e6e1b5f22894e622fc,176,3f844644e03e12a80b542bc191997ac2185497a0cde05657763dc69357cad1c4,940722038b7fe6b624fd889ae332d88d2c8fa088ae5fde60a2d89453a0ecccff,05587d69569f005a1b907f41fa9b0e3e948da636fcb09745047d216a5a4d95f1,2026-09-30T17:57:55Z
SubmitPartialDecryption,267,d7d27c910074f27e465f5c47a2c638a2060c428e50c024568cd028e574d3769c,176,3f844644e03e12a80b542bc191997ac2185497a0cde05657763dc69357cad1c4,940722038b7fe6b624fd889ae332d88d2c8fa088ae5fde60a2d89453a0ecccff,05587d69569f005a1b907f41fa9b0e3e948da636fcb09745047d216a5a4d95f1,2026-09-30T17:57:55Z
SubmitPartialDecryption,256,8ce438e354d399157119e3d99315943a095ab818bd063cb34e0d610dcbbdc11d,176,3f844644e03e12a80b542bc191997ac2185497a0cde05657763dc69357cad1c4,940722038b7fe6b624fd889ae332d88d2c8fa088ae5fde60a2d89453a0ecccff,05587d69569f005a1b907f41fa9b0e3e948da636fcb09745047d216a5a4d95f1,2026-09-30T17:57:55Z
SubmitPartialDecryption,264,dbaf40e4eb597c3a6f54356bc7fc8adb8ee762c038ee5cfb0aa8ac10c2630520,176,3f844644e03e12a80b542bc191997ac2185497a0cde05657763dc69357cad1c4,940722038b7fe6b624fd889ae332d88d2c8fa088ae5fde60a2d89453a0ecccff,05587d69569f005a1b907f41fa9b0e3e948da636fcb09745047d216a5a4d95f1,2026-09-30T17:57:55Z
SubmitPartialDecryption,258,68df5a5b3234fc0e91f5490db6d4710674f964e54a2b4ddf50d329e1919a9f10,176,3f844644e03e12a80b542bc191997ac2185497a0cde05657763dc69357cad1c4,940722038b7fe6b624fd889ae332d88d2c8fa088ae5fde60a2d89453a0ecccff,05587d69569f005a1b907f41fa9b0e3e948da636fcb09745047d216a5a4d95f1,2026-09-30T17:57:55Z
SubmitPartialDecryption,271,f413950f1c8656cddcd9b7d63f0276d12a441364997faf3c0f0625fab2e16c4a,176,3f844644e03e12a80b542bc191997ac2185497a0cde05657763dc69357cad1c4,940722038b7fe6b624fd889ae332d88d2c8fa088ae5fde60a2d89453a0ecccff,05587d69569f005a1b907f41fa9b0e3e948da636fcb09745047d216a5a4d95f1,2026-09-30T17:57:55Z
SubmitPartialDecryption,263,415dbb1b82d3406a203e2cf20dd035ef3a0dd5acd4679522e7821bfd355c9d11,176,3f844644e03e12a80b542bc191997ac2185497a0cde05657763dc69357cad1c4,940722038b7fe6b624fd889ae332d88d2c8fa088ae5fde60a2d89453a0ecccff,05587d69569f005a1b907f41fa9b0e3e948da636fcb09745047d216a5a4d95f1,2026-09-30T17:57:55Z
SubmitPartialDecryption,268,82e71825c258cd53ba040b2e8e9f712bc77f753953d561f24ebd3b0cbf03f5f3,176,3f844644e03e12a80b542bc191997ac2185497a0cde05657763dc69357cad1c4,940722038b7fe6b624fd889ae332d88d2c8fa088ae5fde60a2d89453a0ecccff,05587d69569f005a1b907f41fa9b0e3e948da636fcb09745047d216a5a4d95f1,2026-09-30T17:57:55Z
SubmitPartialDecryption,260,195dc2ca571ef023fc1ab75128cadd4350f02e3b7d22b919b2087181af9125ef,176,3f844644e03e12a80b542bc191997ac2185497a0cde05657763dc69357cad1c4,940722038b7fe6b624fd889ae332d88d2c8fa088ae5fde60a2d89453a0ecccff,05587d69569f005a1b907f41fa9b0e3e948da636fcb09745047d216a5a4d95f1,2026-09-30T17:57:55Z
SubmitPartialDecryption,281,011fb9c57d94e948fddaccdd3e48a6b7ac140a7e965ff6e74d30fd10f0006855,177,b85aa6457b5261b2e2fcd917089dffa4dbe8fac79e4ae88dbf8f4da4b4647591,1671fe12cadf4e5c50f02831f822e37bc616cce139c50db3c58e36b2288ef2f6,3f844644e03e12a80b542bc191997ac2185497a0cde05657763dc69357cad1c4,2026-09-30T17:57:57Z
SubmitPartialDecryption,284,597f64b9ef605d5141030653820d19acb918cfdacbf609276d3655064b26d9a3,177,b85aa6457b5261b2e2fcd917089dffa4dbe8fac79e4ae88dbf8f4da4b4647591,1671fe12cadf4e5c50f02831f822e37bc616cce139c50db3c58e36b2288ef2f6,3f844644e03e12a80b542bc191997ac2185497a0cde05657763dc69357cad1c4,2026-09-30T17:57:57Z
SubmitPartialDecryption,274,435e6949fbb497443feb094dfbe396f89177454a86076a8eefd755b01c14535e,177,b85aa6457b5261b2e2fcd917089dffa4dbe8fac79e4ae88dbf8f4da4b4647591,1671fe12cadf4e5c50f02831f822e37bc616cce139c50db3c58e36b2288ef2f6,3f844644e03e12a80b542bc191997ac2185497a0cde05657763dc69357cad1c4,2026-09-30T17:57:57Z
SubmitPartialDecryption,285,019a758aa4e9db1fea64d73295d5426b9dd700878ada87da5d60fd96afd5b842,177,b85aa6457b5261b2e2fcd917089dffa4dbe8fac79e4ae88dbf8f4da4b4647591,1671fe12cadf4e5c50f02831f822e37bc616cce139c50db3c58e36b2288ef2f6,3f844644e03e12a80b542bc191997ac2185497a0cde05657763dc69357cad1c4,2026-09-30T17:57:57Z
SubmitPartialDecryption,275,516e028d437c595ec26011d84c57c35270bfeeb25eeab1a678dbf4ac5d91709c,177,b85aa6457b5261b2e2fcd917089dffa4dbe8fac79e4ae88dbf8f4da4b4647591,1671fe12cadf4e5c50f02831f822e37bc616cce139c50db3c58e36b2288ef2f6,3f844644e03e12a80b542bc191997ac2185497a0cde05657763dc69357cad1c4,2026-09-30T17:57:57Z
SubmitPartialDecryption,282,796c1cbe0620d8c9c07d5e059e4f13293da02e19ae7e3ba209bbadfb78bfd449,177,b85aa6457b5261b2e2fcd917089dffa4dbe8fac79e4ae88dbf8f4da4b4647591,1671fe12cadf4e5c50f02831f822e37bc616cce139c50db3c58e36b2288ef2f6,3f844644e03e12a80b542bc191997ac2185497a0cde05657763dc69357cad1c4,2026-09-30T17:57:57Z
SubmitPartialDecryption,277,257a988e4df6ac63e8b0b88f8ba07e5a67ebd8acc26a4199d1092ba5f5c1d972,177,b85aa6457b5261b2e2fcd917089dffa4dbe8fac79e4ae88dbf8f4da4b4647591,1671fe12cadf4e5c50f02831f822e37bc616cce139c50db3c58e36b2288ef2f6,3f844644e03e12a80b542bc191997ac2185497a0cde05657763dc69357cad1c4,2026-09-30T17:57:57Z
SubmitPartialDecryption,287,2618a039c577c886808e382d6c5eb9512e335fc6001fb4a38fb9741c59d4b997,177,b85aa6457b5261b2e2fcd917089dffa4dbe8fac79e4ae88dbf8f4da4b4647591,1671fe12cadf4e5c50f02831f822e37bc616cce139c50db3c58e36b2288ef2f6,3f844644e03e12a80b542bc191997ac2185497a0cde05657763dc69357cad1c4,2026-09-30T17:57:57Z
SubmitPartialDecryption,280,eb9136f75397ba260528263eb9af748d572a78de9f857cc589d070d0bb735af2,177,b85aa6457b5261b2e2fcd917089dffa4dbe8fac79e4ae88dbf8f4da4b4647591,1671fe12cadf4e5c50f02831f822e37bc616cce139c50db3c58e36b2288ef2f6,3f844644e03e12a80b542bc191997ac2185497a0cde05657763dc69357cad1c4,2026-09-30T17:57:57Z
SubmitPartialDecryption,276,55f1b948f39f3a46e4605ee08a31e1036037ed7bd000be450661dc1183268178,177,b85aa6457b5261b2e2fcd917089dffa4dbe8fac79e4ae88dbf8f4da4b4647591,1671fe12cadf4e5c50f02831f822e37bc616cce139c50db3c58e36b2288ef2f6,3f844644e03e12a80b542bc191997ac2185497a0cde05657763dc69357cad1c4,2026-09-30T17:57:57Z
SubmitPartialDecryption,272,18776ff6aed4e7eec41b61619844d2c98bdb1fe2a7e6579408f0062db39d3e9f,177,b85aa6457b5261b2e2fcd917089dffa4dbe8fac79e4ae88dbf8f4da4b4647591,1671fe12cadf4e5c50f02831f822e37bc616cce139c50db3c58e36b2288ef2f6,3f844644e03e12a80b542bc191997ac2185497a0cde05657763dc69357cad1c4,2026-09-30T17:57:57Z
SubmitPartialDecryption,279,08fecde411ba5ae680c1539ffd74236dbe560b54d628c699ae9b0f9b52ff552d,177,b85aa6457b5261b2e2fcd917089dffa4dbe8fac79e4ae88dbf8f4da4b4647591,1671fe12cadf4e5c50f02831f822e37bc616cce139c50db3c58e36b2288ef2f6,3f844644e03e12a80b542bc191997ac2185497a0cde05657763dc69357cad1c4,2026-09-30T17:57:57Z
SubmitPartialDecryption,273,6d05ab2b4957af5e50eb4ce812535584c27e889d119f71c5f234e9c87109d82e,177,b85aa6457b5261b2e2fcd917089dffa4dbe8fac79e4ae88dbf8f4da4b4647591,1671fe12cadf4e5c50f02831f822e37bc616cce139c50db3c58e36b2288ef2f6,3f844644e03e12a80b542bc191997ac2185497a0cde05657763dc69357cad1c4,2026-09-30T17:57:57Z
SubmitPartialDecryption,283,c0c0a2074d95181922ec8338785bfa0dcfc01d88034f1abfaaa146def44d1a14,177,b85aa6457b5261b2e2fcd917089dffa4dbe8fac79e4ae88dbf8f4da4b4647591,1671fe12cadf4e5c50f02831f822e37bc616cce139c50db3c58e36b2288ef2f6,3f844644e03e12a80b542bc191997ac2185497a0cde05657763dc69357cad1c4,2026-09-30T17:57:57Z
SubmitPartialDecryption,278,4522dca12f736eeee16a18986cbdc1b3837acd153a8bd324faa348859fcda2dd,177,b85aa6457b5261b2e2fcd917089dffa4dbe8fac79e4ae88dbf8f4da4b4647591,1671fe12cadf4e5c50f02831f822e37bc616cce139c50db3c58e36b2288ef2f6,3f844644e03e12a80b542bc191997ac2185497a0cde05657763dc69357cad1c4,2026-09-30T17:57:57Z
SubmitPartialDecryption,286,b3aeb147fcca7bad364632f0f862426a7dba7edbe04c66f5c91017ea7df2cd5e,177,b85aa6457b5261b2e2fcd917089dffa4dbe8fac79e4ae88dbf8f4da4b4647591,1671fe12cadf4e5c50f02831f822e37bc616cce139c50db3c58e36b2288ef2f6,3f844644e03e12a80b542bc191997ac2185497a0cde05657763dc69357cad1c4,2026-09-30T17:57:57Z
SubmitPartialDecryption,289,2086e7d8e5b2ba26beda5bbe36e2fee1a7eb763421949de99030981f7c1b90ff,178,1d9ad3c708cf21c71bbf01942836216d01dff1c9234ab65d1e15caf539c28bd2,018e76f2302c49e6fa3bf40254aeb77e34a711420021644b92d2b8e277ac3e70,b85aa6457b5261b2e2fcd917089dffa4dbe8fac79e4ae88dbf8f4da4b4647591,2026-09-30T17:57:59Z
SubmitPartialDecryption,295,b3690b0c00f4a89508e7540ee2b4b83f96d767583e3cdc7fb83798512202045f,178,1d9ad3c708cf21c71bbf01942836216d01dff1c9234ab65d1e15caf539c28bd2,018e76f2302c49e6fa3bf40254aeb77e34a711420021644b92d2b8e277ac3e70,b85aa6457b5261b2e2fcd917089dffa4dbe8fac79e4ae88dbf8f4da4b4647591,2026-09-30T17:57:59Z
SubmitPartialDecryption,288,dfbe9161de2ca97366c6b8585cc53f7cd2269d1a78407b0f865b98339bf1f887,178,1d9ad3c708cf21c71bbf01942836216d01dff1c9234ab65d1e15caf539c28bd2,018e76f2302c49e6fa3bf40254aeb77e34a711420021644b92d2b8e277ac3e70,b85aa6457b5261b2e2fcd917089dffa4dbe8fac79e4ae88dbf8f4da4b4647591,2026-09-30T17:57:59Z
SubmitPartialDecryption,302,bb75bb87a55ae1918c9005e8bb0c7de67c2697556ecb3250e8ef834e5f2919c5,178,1d9ad3c708cf21c71bbf01942836216d01dff1c9234ab65d1e15caf539c28bd2,018e76f2302c49e6fa3bf40254aeb77e34a711420021644b92d2b8e277ac3e70,b85aa6457b5261b2e2fcd917089dffa4dbe8fac79e4ae88dbf8f4da4b4647591,2026-09-30T17:57:59Z
SubmitPartialDecryption,293,ef37cb53487123d66b316a5a6bd639558a7f040518fae1ec04a0fd4492e0c038,178,1d9ad3c708cf21c71bbf01942836216d01dff1c9234ab65d1e15caf539c28bd2,018e76f2302c49e6fa3bf40254aeb77e34a711420021644b92d2b8e277ac3e70,b85aa6457b5261b2e2fcd917089dffa4dbe8fac79e4ae88dbf8f4da4b4647591,2026-09-30T17:57:59Z
SubmitPartialDecryption,296,7a811d35cd3c016737b4efc227bc76ca7117305a1de5408113db272614740ea3,178,1d9ad3c708cf21c71bbf01942836216d01dff1c9234ab65d1e15caf539c28bd2,018e76f2302c49e6fa3bf40254aeb77e34a711420021644b92d2b8e277ac3e70,b85aa6457b5261b2e2fcd917089dffa4dbe8fac79e4ae88dbf8f4da4b4647591,2026-09-30T17:57:59Z
SubmitPartialDecryption,301,344e847ef68acb7736a46f267b024f7934d99ef9829b3aad680b75b4a567310e,178,1d9ad3c708cf21c71bbf01942836216d01dff1c9234ab65d1e15caf539c28bd2,018e76f2302c49e6fa3bf40254aeb77e34a711420021644b92d2b8e277ac3e70,b85aa6457b5261b2e2fcd917089dffa4dbe8fac79e4ae88dbf8f4da4b4647591,2026-09-30T17:57:59Z
SubmitPartialDecryption,290,359284781a5686bd590cc6871cdd7f38e93a7a55163bbf839192de6fce3e1f87,178,1d9ad3c708cf21c71bbf01942836216d01dff1c9234ab65d1e15caf539c28bd2,018e76f2302c49e6fa3bf40254aeb77e34a711420021644b92d2b8e277ac3e70,b85aa6457b5261b2e2fcd917089dffa4dbe8fac79e4ae88dbf8f4da4b4647591,2026-09-30T17:57:59Z
SubmitPartialDecryption,300,f56aacd7f7cfbc179e090e36e0b45514121b5a87094b4a7489c371418aa16f07,178,1d9ad3c708cf21c71bbf01942836216d01dff1c9234ab65d1e15caf539c28bd2,018e76f2302c49e6fa3bf40254aeb77e34a711420021644b92d2b8e277ac3e70,b85aa6457b5261b2e2fcd917089dffa4dbe8fac79e4ae88dbf8f4da4b4647591,2026-09-30T17:57:59Z
SubmitPartialDecryption,291,e9222242f62f37938b7821b56191a281ec77f083f9ee71d4175e5bacbd2a50fc,178,1d9ad3c708cf21c71bbf01942836216d01dff1c9234ab65d1e15caf539c28bd2,018e76f2302c49e6fa3bf40254aeb77e34a711420021644b92d2b8e277ac3e70,b85aa6457b5261b2e2fcd917089dffa4dbe8fac79e4ae88dbf8f4da4b4647591,2026-09-30T17:57:59Z
SubmitPartialDecryption,303,b113fd8d887722231c8f6c7e12375b6f1c1b87582371eda73ffd34a7fa8afbad,178,1d9ad3c708cf21c71bbf01942836216d01dff1c9234ab65d1e15caf539c28bd2,018e76f2302c49e6fa3bf40254aeb77e34a711420021644b92d2b8e277ac3e70,b85aa6457b5261b2e2fcd917089dffa4dbe8fac79e4ae88dbf8f4da4b4647591,2026-09-30T17:57:59Z
SubmitPartialDecryption,292,c04a34ba8fe5101c87d4b86e0eb120d33df046fb29961fff0266fdf2c26731d5,178,1d9ad3c708cf21c71bbf01942836216d01dff1c9234ab65d1e15caf539c28bd2,018e76f2302c49e6fa3bf40254aeb77e34a711420021644b92d2b8e277ac3e70,b85aa6457b5261b2e2fcd917089dffa4dbe8fac79e4ae88dbf8f4da4b4647591,2026-09-30T17:57:59Z
SubmitPartialDecryption,297,399336bd47e55de19150c92768a0ec13cc22cf4a1a7d170bde24789f98876ea0,178,1d9ad3c708cf21c71bbf01942836216d01dff1c9234ab65d1e15caf539c28bd2,018e76f2302c49e6fa3bf40254aeb77e34a711420021644b92d2b8e277ac3e70,b85aa6457b5261b2e2fcd917089dffa4dbe8fac79e4ae88dbf8f4da4b4647591,2026-09-30T17:57:59Z
SubmitPartialDecryption,294,907885a2b6c308d67bda065ef7820b564aee4339db01238df5957727417a70dd,178,1d9ad3c708cf21c71bbf01942836216d01dff1c9234ab65d1e15caf539c28bd2,018e76f2302c49e6fa3bf40254aeb77e34a711420021644b92d2b8e277ac3e70,b85aa6457b5261b2e2fcd917089dffa4dbe8fac79e4ae88dbf8f4da4b4647591,2026-09-30T17:57:59Z
SubmitPartialDecryption,299,b9e0261c5ded25cbc2aad860613a909651b4bf5b1bae22cb2f00f44a75730ba7,178,1d9ad3c708cf21c71bbf01942836216d01dff1c9234ab65d1e15caf539c28bd2,018e76f2302c49e6fa3bf40254aeb77e34a711420021644b92d2b8e277ac3e70,b85aa6457b5261b2e2fcd917089dffa4dbe8fac79e4ae88dbf8f4da4b4647591,2026-09-30T17:57:59Z
SubmitPartialDecryption,298,687094f4aa62c8eaef782ba17ebc9ee0a03f9ddf091b9baaba0974e80664b069,178,1d9ad3c708cf21c71bbf01942836216d01dff1c9234ab65d1e15caf539c28bd2,018e76f2302c49e6fa3bf40254aeb77e34a711420021644b92d2b8e277ac3e70,b85aa6457b5261b2e2fcd917089dffa4dbe8fac79e4ae88dbf8f4da4b4647591,2026-09-30T17:57:59Z
SubmitPartialDecryption,305,28af3859c5492859c643a5205cfac9d258995331a11ef025b0dbeecd226591d9,179,084e381a23585be8f5fba098885efbb111e87ce04048892463ff01c15efb49a1,99557fcd5f238a12140028bf306a1f7eb359843af91e4bf5d3580df07deedc2e,1d9ad3c708cf21c71bbf01942836216d01dff1c9234ab65d1e15caf539c28bd2,2026-09-30T17:58:01Z
SubmitPartialDecryption,304,3aee944476f677b2f2b2889f41063202931e87a078bfde0aeab965319585f8be,179,084e381a23585be8f5fba098885efbb111e87ce04048892463ff01c15efb49a1,99557fcd5f238a12140028bf306a1f7eb359843af91e4bf5d3580df07deedc2e,1d9ad3c708cf21c71bbf01942836216d01dff1c9234ab65d1e15caf539c28bd2,2026-09-30T17:58:01Z
SubmitPartialDecryption,319,70a8897b7b36c9d1fce658ae6391d6f66958ccaf608deee5669f15012c02f551,179,084e381a23585be8f5fba098885efbb111e87ce04048892463ff01c15efb49a1,99557fcd5f238a12140028bf306a1f7eb359843af91e4bf5d3580df07deedc2e,1d9ad3c708cf21c71bbf01942836216d01dff1c9234ab65d1e15caf539c28bd2,2026-09-30T17:58:01Z
SubmitPartialDecryption,310,22c6501d1d5ea42545affbb7048fa40428393bd6e2fbad77da6289cb626c3666,179,084e381a23585be8f5fba098885efbb111e87ce04048892463ff01c15efb49a1,99557fcd5f238a12140028bf306a1f7eb359843af91e4bf5d3580df07deedc2e,1d9ad3c708cf21c71bbf01942836216d01dff1c9234ab65d1e15caf539c28bd2,2026-09-30T17:58:01Z
SubmitPartialDecryption,311,4856a73f81d3a244fef9013de4c366d65c93d5fa3aa6fd64eadb5c5410c2036d,179,084e381a23585be8f5fba098885efbb111e87ce04048892463ff01c15efb49a1,99557fcd5f238a12140028bf306a1f7eb359843af91e4bf5d3580df07deedc2e,1d9ad3c708cf21c71bbf01942836216d01dff1c9234ab65d1e15caf539c28bd2,2026-09-30T17:58:01Z
SubmitPartialDecryption,312,af6e737d51702fd52dfbf443db525dd622097689e3f27020cb4bce469987647f,179,084e381a23585be8f5fba098885efbb111e87ce04048892463ff01c15efb49a1,99557fcd5f238a12140028bf306a1f7eb359843af91e4bf5d3580df07deedc2e,1d9ad3c708cf21c71bbf01942836216d01dff1c9234ab65d1e15caf539c28bd2,2026-09-30T17:58:01Z
SubmitPartialDecryption,318,1638b4ae44ef4ac378926ffd7e74efb03747842829a1a5b4eba8a5f0ff2190d7,179,084e381a23585be8f5fba098885efbb111e87ce04048892463ff01c15efb49a1,99557fcd5f238a12140028bf306a1f7eb359843af91e4bf5d3580df07deedc2e,1d9ad3c708cf21c71bbf01942836216d01dff1c9234ab65d1e15caf539c28bd2,2026-09-30T17:58:01Z
SubmitPartialDecryption,316,0b2d7cbd29dc633cd9a229952a0555cbe6330c7129cd395c72ab84d6bcb9312d,179,084e381a23585be8f5fba098885efbb111e87ce04048892463ff01c15efb49a1,99557fcd5f238a12140028bf306a1f7eb359843af91e4bf5d3580df07deedc2e,1d9ad3c708cf21c71bbf01942836216d01dff1c9234ab65d1e15caf539c28bd2,2026-09-30T17:58:01Z
SubmitPartialDecryption,317,40ae880427cfdc4b60d60fd482bd0115ae2c2efd4b7700cfdaca41c93fab7cd1,179,084e381a23585be8f5fba098885efbb111e87ce04048892463ff01c15efb49a1,99557fcd5f238a12140028bf306a1f7eb359843af91e4bf5d3580df07deedc2e,1d9ad3c708cf21c71bbf01942836216d01dff1c9234ab65d1e15caf539c28bd2,2026-09-30T17:58:01Z
SubmitPartialDecryption,308,7a1141eda866e64f4cd3daa6fbc0fe2940af089407f41ca829577b4e54ca16c7,179,084e381a23585be8f5fba098885efbb111e87ce04048892463ff01c15efb49a1,99557fcd5f238a12140028bf306a1f7eb359843af91e4bf5d3580df07deedc2e,1d9ad3c708cf21c71bbf01942836216d01dff1c9234ab65d1e15caf539c28bd2,2026-09-30T17:58:01Z
SubmitPartialDecryption,313,7ec152fcab9508c1322ccefd344933d3a9376868e1de30f7e776a6a01a619fe8,179,084e381a23585be8f5fba098885efbb111e87ce04048892463ff01c15efb49a1,99557fcd5f238a12140028bf306a1f7eb359843af91e4bf5d3580df07deedc2e,1d9ad3c708cf21c71bbf01942836216d01dff1c9234ab65d1e15caf539c28bd2,2026-09-30T17:58:01Z
SubmitPartialDecryption,309,42340d664242ebe032ee409bc3dc4ed170b94bfada1b3946d50fe033d8005864,179,084e381a23585be8f5fba098885efbb111e87ce04048892463ff01c15efb49a1,99557fcd5f238a12140028bf306a1f7eb359843af91e4bf5d3580df07deedc2e,1d9ad3c708cf21c71bbf01942836216d01dff1c9234ab65d1e15caf539c28bd2,2026-09-30T17:58:01Z
SubmitPartialDecryption,314,4ac12eab44b13ce65914cfebcd9a167e5ba7c288eb204b99b98efd8a1590a7b2,179,084e381a23585be8f5fba098885efbb111e87ce04048892463ff01c15efb49a1,99557fcd5f238a12140028bf306a1f7eb359843af91e4bf5d3580df07deedc2e,1d9ad3c708cf21c71bbf01942836216d01dff1c9234ab65d1e15caf539c28bd2,2026-09-30T17:58:01Z
SubmitPartialDecryption,307,275a69abe32184e307bd266567e16c1783ad512d33efea0f468a2657141ea83e,179,084e381a23585be8f5fba098885efbb111e87ce04048892463ff01c15efb49a1,99557fcd5f238a12140028bf306a1f7eb359843af91e4bf5d3580df07deedc2e,1d9ad3c708cf21c71bbf01942836216d01dff1c9234ab65d1e15caf539c28bd2,2026-09-30T17:58:01Z
SubmitPartialDecryption,306,9cd4750675cef649f7f3a79341a24e49f83db91cc3292bcd66b2415753fdaedc,179,084e381a23585be8f5fba098885efbb111e87ce04048892463ff01c15efb49a1,99557fcd5f238a12140028bf306a1f7eb359843af91e4bf5d3580df07deedc2e,1d9ad3c708cf21c71bbf01942836216d01dff1c9234ab65d1e15caf539c28bd2,2026-09-30T17:58:01Z
SubmitPartialDecryption,315,b9cecf7db8316933aca2214ea051710d2786c602dd373e4587d4ed4e2794ad31,179,084e381a23585be8f5fba098885efbb111e87ce04048892463ff01c15efb49a1,99557fcd5f238a12140028bf306a1f7eb359843af91e4bf5d3580df07deedc2e,1d9ad3c708cf21c71bbf01942836216d01dff1c9234ab65d1e15caf539c28bd2,2026-09-30T17:58:01Z
SubmitPartialDecryption,323,31b5bfb3cce7f823abea6dad7d6462e637201c19f1da991419af2ec610738632,180,73f900b5a8e9216138006f981b1bc14f2547659d32eb9c55a86579469df70e14,1e300ff52ad01d176f4c0e1f72fe9c6ecd1282fadf54ae33954781dfc2cfbeee,084e381a23585be8f5fba098885efbb111e87ce04048892463ff01c15efb49a1,2026-09-30T17:58:03Z
SubmitPartialDecryption,325,cc1f651c44d1fa53b1025a4fcc1209e382eb13ed6c4dd36b16dcd5fb33433bb8,180,73f900b5a8e9216138006f981b1bc14f2547659d32eb9c55a86579469df70e14,1e300ff52ad01d176f4c0e1f72fe9c6ecd1282fadf54ae33954781dfc2cfbeee,084e381a23585be8f5fba098885efbb111e87ce04048892463ff01c15efb49a1,2026-09-30T17:58:03Z
SubmitPartialDecryption,331,63a4cc1539d348ec3d83b9d4639b48822f3f3a79385fde1a66c21c8bbd410d96,180,73f900b5a8e9216138006f981b1bc14f2547659d32eb9c55a86579469df70e14,1e300ff52ad01d176f4c0e1f72fe9c6ecd1282fadf54ae33954781dfc2cfbeee,084e381a23585be8f5fba098885efbb111e87ce04048892463ff01c15efb49a1,2026-09-30T17:58:03Z
SubmitPartialDecryption,324,0c289b910cbd2ebba8b781cb131c39f472d6fc28451334fb8b8a3c1a1fd849ce,180,73f900b5a8e9216138006f981b1bc14f2547659d32eb9c55a86579469df70e14,1e300ff52ad01d176f4c0e1f72fe9c6ecd1282fadf54ae33954781dfc2cfbeee,084e381a23585be8f5fba098885efbb111e87ce04048892463ff01c15efb49a1,2026-09-30T17:58:03Z
SubmitPartialDecryption,328,2fe26b89b51eec9432b9aae6acfd920049b82d868405847e4f134faa6d6ab132,180,73f900b5a8e9216138006f981b1bc14f2547659d32eb9c55a86579469df70e14,1e300ff52ad01d176f4c0e1f72fe9c6ecd1282fadf54ae33954781dfc2cfbeee,084e381a23585be8f5fba098885efbb111e87ce04048892463ff01c15efb49a1,2026-09-30T17:58:03Z
SubmitPartialDecryption,334,8d1a7b430dd78189f83b397e4a3b7313001af9c19f1113c908ceaf6752a9711d,180,73f900b5a8e9216138006f981b1bc14f2547659d32eb9c55a86579469df70e14,1e300ff52ad01d176f4c0e1f72fe9c6ecd1282fadf54ae33954781dfc2cfbeee,084e381a23585be8f5fba098885efbb111e87ce04048892463ff01c15efb49a1,2026-09-30T17:58:03Z
SubmitPartialDecryption,320,271a08a9e70fef374dcd7b6b187bd1368877640b73e367c07c398f5b082d0e17,180,73f900b5a8e9216138006f981b1bc14f2547659d32eb9c55a86579469df70e14,1e300ff52ad01d176f4c0e1f72fe9c6ecd1282fadf54ae33954781dfc2cfbeee,084e381a23585be8f5fba098885efbb111e87ce04048892463ff01c15efb49a1,2026-09-30T17:58:03Z
SubmitPartialDecryption,330,05bf52d5067043ccabde7829d0bec716a0dd730c3b5bc23bd7299588125853f7,180,73f900b5a8e9216138006f981b1bc14f2547659d32eb9c55a86579469df70e14,1e300ff52ad01d176f4c0e1f72fe9c6ecd1282fadf54ae33954781dfc2cfbeee,084e381a23585be8f5fba098885efbb111e87ce04048892463ff01c15efb49a1,2026-09-30T17:58:03Z
SubmitPartialDecryption,335,dde8138425f89757a44146aa83e1c1582ab5cef5fa36c935b10bd54732e49edf,180,73f900b5a8e9216138006f981b1bc14f2547659d32eb9c55a86579469df70e14,1e300ff52ad01d176f4c0e1f72fe9c6ecd1282fadf54ae33954781dfc2cfbeee,084e381a23585be8f5fba098885efbb111e87ce04048892463ff01c15efb49a1,2026-09-30T17:58:03Z
SubmitPartialDecryption,327,566f43ce152b7b0321492e78fb6ccf6649323c0ce65f6113642c1deb94728fc5,180,73f900b5a8e9216138006f981b1bc14f2547659d32eb9c55a86579469df70e14,1e300ff52ad01d176f4c0e1f72fe9c6ecd1282fadf54ae33954781dfc2cfbeee,084e381a23585be8f5fba098885efbb111e87ce04048892463ff01c15efb49a1,2026-09-30T17:58:03Z
SubmitPartialDecryption,326,7193dc60ea28f68c357d1100a62920fde7b59b89c01da43a46c0c86762183e01,180,73f900b5a8e9216138006f981b1bc14f2547659d32eb9c55a86579469df70e14,1e300ff52ad01d176f4c0e1f72fe9c6ecd1282fadf54ae33954781dfc2cfbeee,084e381a23585be8f5fba098885efbb111e87ce04048892463ff01c15efb49a1,2026-09-30T17:58:03Z
SubmitPartialDecryption,321,c321b889a31006f2887c18e39de7b6461b4925e25d0793099e0a5c1004869ac2,180,73f900b5a8e9216138006f981b1bc14f2547659d32eb9c55a86579469df70e14,1e300ff52ad01d176f4c0e1f72fe9c6ecd1282fadf54ae33954781dfc2cfbeee,084e381a23585be8f5fba098885efbb111e87ce04048892463ff01c15efb49a1,2026-09-30T17:58:03Z
SubmitPartialDecryption,322,346f262940c6db147a7d0b8102d74047402d6cfddd622e379df6a24dd2861f8a,180,73f900b5a8e9216138006f981b1bc14f2547659d32eb9c55a86579469df70e14,1e300ff52ad01d176f4c0e1f72fe9c6ecd1282fadf54ae33954781dfc2cfbeee,084e381a23585be8f5fba098885efbb111e87ce04048892463ff01c15efb49a1,2026-09-30T17:58:03Z
SubmitPartialDecryption,329,bf774078038fe426f0428d368794dfe95cbc0bd205431bf9dbba618b10ec6b46,180,73f900b5a8e9216138006f981b1bc14f2547659d32eb9c55a86579469df70e14,1e300ff52ad01d176f4c0e1f72fe9c6ecd1282fadf54ae33954781dfc2cfbeee,084e381a23585be8f5fba098885efbb111e87ce04048892463ff01c15efb49a1,2026-09-30T17:58:03Z
SubmitPartialDecryption,333,26bc1c210e6391fabf91143ce73afb95836627d36a33c2709f12574086231520,180,73f900b5a8e9216138006f981b1bc14f2547659d32eb9c55a86579469df70e14,1e300ff52ad01d176f4c0e1f72fe9c6ecd1282fadf54ae33954781dfc2cfbeee,084e381a23585be8f5fba098885efbb111e87ce04048892463ff01c15efb49a1,2026-09-30T17:58:03Z
SubmitPartialDecryption,332,edd5c81109d394e5b3ef1d456057da8d7a9e74bb9bce2faba1cde4a662039c4e,180,73f900b5a8e9216138006f981b1bc14f2547659d32eb9c55a86579469df70e14,1e300ff52ad01d176f4c0e1f72fe9c6ecd1282fadf54ae33954781dfc2cfbeee,084e381a23585be8f5fba098885efbb111e87ce04048892463ff01c15efb49a1,2026-09-30T17:58:03Z
SubmitPartialDecryption,341,6997962cc928020472bc19986cca14b7c08eb4eacefcfc0d80ea367948b5667a,181,bb7098a7537e6b4bbdf0aa3099383711289cb8d7bf7c4943f65c1449c43d40c7,bce958359538287698c9c8d43a9a4b761136b27e0b8b5296cb9d246876ce6e96,73f900b5a8e9216138006f981b1bc14f2547659d32eb9c55a86579469df70e14,2026-09-30T17:58:05Z
SubmitPartialDecryption,344,95516e9296b38869046a7d095351ff33a15b4c13aa78fc1c8e0f5497a38b493f,181,bb7098a7537e6b4bbdf0aa3099383711289cb8d7bf7c4943f65c1449c43d40c7,bce958359538287698c9c8d43a9a4b761136b27e0b8b5296cb9d246876ce6e96,73f900b5a8e9216138006f981b1bc14f2547659d32eb9c55a86579469df70e14,2026-09-30T17:58:05Z
SubmitPartialDecryption,338,58b2c59a9ff1fea21b3602dbb1307640363644f23bb00415947d860319b4f19c,181,bb7098a7537e6b4bbdf0aa3099383711289cb8d7bf7c4943f65c1449c43d40c7,bce958359538287698c9c8d43a9a4b761136b27e0b8b5296cb9d246876ce6e96,73f900b5a8e9216138006f981b1bc14f2547659d32eb9c55a86579469df70e14,2026-09-30T17:58:05Z
SubmitPartialDecryption,347,64a2c4f36e6bec60850761c8511db89adcc6d492ee9f204fe1621e823dfe6cb0,181,bb7098a7537e6b4bbdf0aa3099383711289cb8d7bf7c4943f65c1449c43d40c7,bce958359538287698c9c8d43a9a4b761136b27e0b8b5296cb9d246876ce6e96,73f900b5a8e9216138006f981b1bc14f2547659d32eb9c55a86579469df70e14,2026-09-30T17:58:05Z
SubmitPartialDecryption,336,fff1df73dd6b34c1bf8c71afe0599863060bc19a63338204ce872d45bde852fe,181,bb7098a7537e6b4bbdf0aa3099383711289cb8d7bf7c4943f65c1449c43d40c7,bce958359538287698c9c8d43a9a4b761136b27e0b8b5296cb9d246876ce6e96,73f900b5a8e9216138006f981b1bc14f2547659d32eb9c55a86579469df70e14,2026-09-30T17:58:05Z
SubmitPartialDecryption,351,dce72423e38e13ae961674e690441a2adaddfc5c60fe0a328ed5aa8772f4b50d,181,bb7098a7537e6b4bbdf0aa3099383711289cb8d7bf7c4943f65c1449c43d40c7,bce958359538287698c9c8d43a9a4b761136b27e0b8b5296cb9d246876ce6e96,73f900b5a8e9216138006f981b1bc14f2547659d32eb9c55a86579469df70e14,2026-09-30T17:58:05Z
SubmitPartialDecryption,340,41e407056e0f4b5dee3821f74cff772032c8bfb3b4631042b1bd7c843b510ead,181,bb7098a7537e6b4bbdf0aa3099383711289cb8d7bf7c4943f65c1449c43d40c7,bce958359538287698c9c8d43a9a4b761136b27e0b8b5296cb9d246876ce6e96,73f900b5a8e9216138006f981b1bc14f2547659d32eb9c55a86579469df70e14,2026-09-30T17:58:05Z
SubmitPartialDecryption,337,9f736f26ce45800a62b34b6e7197bf7e1520d61427b5368079efc0c88535addb,181,bb7098a7537e6b4bbdf0aa3099383711289cb8d7bf7c4943f65c1449c43d40c7,bce958359538287698c9c8d43a9a4b761136b27e0b8b5296cb9d246876ce6e96,73f900b5a8e9216138006f981b1bc14f2547659d32eb9c55a86579469df70e14,2026-09-30T17:58:05Z
SubmitPartialDecryption,339,a1cff538637f44034e087e5ba5428c73fbeb4b928f893e88a0dc8d575af37934,181,bb7098a7537e6b4bbdf0aa3099383711289cb8d7bf7c4943f65c1449c43d40c7,bce958359538287698c9c8d43a9a4b761136b27e0b8b5296cb9d246876ce6e96,73f900b5a8e9216138006f981b1bc14f2547659d32eb9c55a86579469df70e14,2026-09-30T17:58:05Z
SubmitPartialDecryption,345,a7e837dc3bacea78f1472074a5ab4b096a2378b74447f9ecda7c1f5bc270e865,181,bb7098a7537e6b4bbdf0aa3099383711289cb8d7bf7c4943f65c1449c43d40c7,bce958359538287698c9c8d43a9a4b761136b27e0b8b5296cb9d246876ce6e96,73f900b5a8e9216138006f981b1bc14f2547659d32eb9c55a86579469df70e14,2026-09-30T17:58:05Z
SubmitPartialDecryption,343,449e42f8a59c03c75d259d514ea6fe521eade9590d0866807d5ff20ea097802d,181,bb7098a7537e6b4bbdf0aa3099383711289cb8d7bf7c4943f65c1449c43d40c7,bce958359538287698c9c8d43a9a4b761136b27e0b8b5296cb9d246876ce6e96,73f900b5a8e9216138006f981b1bc14f2547659d32eb9c55a86579469df70e14,2026-09-30T17:58:05Z
SubmitPartialDecryption,342,d2e44e8713affeb2a5babc1923866a1a5f1b50ba608701bca9373cc2555f33a9,181,bb7098a7537e6b4bbdf0aa3099383711289cb8d7bf7c4943f65c1449c43d40c7,bce958359538287698c9c8d43a9a4b761136b27e0b8b5296cb9d246876ce6e96,73f900b5a8e9216138006f981b1bc14f2547659d32eb9c55a86579469df70e14,2026-09-30T17:58:05Z
SubmitPartialDecryption,349,36fec590be0d6fa23ac7249223fd0f892411b8f3301f36f226105bcbff76e090,181,bb7098a7537e6b4bbdf0aa3099383711289cb8d7bf7c4943f65c1449c43d40c7,bce958359538287698c9c8d43a9a4b761136b27e0b8b5296cb9d246876ce6e96,73f900b5a8e9216138006f981b1bc14f2547659d32eb9c55a86579469df70e14,2026-09-30T17:58:05Z
SubmitPartialDecryption,350,32f06836ce65759c6dce57f34ddeb74a47a31da25d64b4eaa2532bc1a7023d89,181,bb7098a7537e6b4bbdf0aa3099383711289cb8d7bf7c4943f65c1449c43d40c7,bce958359538287698c9c8d43a9a4b761136b27e0b8b5296cb9d246876ce6e96,73f900b5a8e9216138006f981b1bc14f2547659d32eb9c55a86579469df70e14,2026-09-30T17:58:05Z
SubmitPartialDecryption,346,e43e5c8426b422888c3968b488cb6bbfb195f4b43b20bb49cb4d9a42b4000505,181,bb7098a7537e6b4bbdf0aa3099383711289cb8d7bf7c4943f65c1449c43d40c7,bce958359538287698c9c8d43a9a4b761136b27e0b8b5296cb9d246876ce6e96,73f900b5a8e9216138006f981b1bc14f2547659d32eb9c55a86579469df70e14,2026-09-30T17:58:05Z
SubmitPartialDecryption,348,933f7f859f004f153c6722aeff53941364e77658e7e4f8c7d5cf7d67ad614723,181,bb7098a7537e6b4bbdf0aa3099383711289cb8d7bf7c4943f65c1449c43d40c7,bce958359538287698c9c8d43a9a4b761136b27e0b8b5296cb9d246876ce6e96,73f900b5a8e9216138006f981b1bc14f2547659d32eb9c55a86579469df70e14,2026-09-30T17:58:05Z
SubmitPartialDecryption,352,b5d8a985a0083a67b99e57fde976958101f5ea99a0b949dc452efd6df7d43e94,182,86ab4631c31fafc1a3ae3d1b0f13129ce0427cb75a663ae3a316905bf595a11c,91d7409373b857c326b63625bb62b19db3853ef0f0e087c6eebafa369c4cfad9,bb7098a7537e6b4bbdf0aa3099383711289cb8d7bf7c4943f65c1449c43d40c7,2026-09-30T17:58:07Z
SubmitPartialDecryption,361,3e92dae5cb6a1ff961f86e1d6f59bbf5e9538e87b6cf7b453741ba780ce9e5a0,182,86ab4631c31fafc1a3ae3d1b0f13129ce0427cb75a663ae3a316905bf595a11c,91d7409373b857c326b63625bb62b19db3853ef0f0e087c6eebafa369c4cfad9,bb7098a7537e6b4bbdf0aa3099383711289cb8d7bf7c4943f65c1449c43d40c7,2026-09-30T17:58:07Z
SubmitPartialDecryption,365,d25faa6d01af85f3e24a27e421b6332dc2eb4db68849405b7e813a434f2ba1d5,182,86ab4631c31fafc1a3ae3d1b0f13129ce0427cb75a663ae3a316905bf595a11c,91d7409373b857c326b63625bb62b19db3853ef0f0e087c6eebafa369c4cfad9,bb7098a7537e6b4bbdf0aa3099383711289cb8d7bf7c4943f65c1449c43d40c7,2026-09-30T17:58:07Z
SubmitPartialDecryption,366,7fb8679ac9876e1df93c91404d99544e8257667db8bd592639c2650ad2a9a8c4,182,86ab4631c31fafc1a3ae3d1b0f13129ce0427cb75a663ae3a316905bf595a11c,91d7409373b857c326b63625bb62b19db3853ef0f0e087c6eebafa369c4cfad9,bb7098a7537e6b4bbdf0aa3099383711289cb8d7bf7c4943f65c1449c43d40c7,2026-09-30T17:58:07Z
SubmitPartialDecryption,364,a7074e2d5164827b8fab3c3a1f6953dfe2889006216572b31b41987d990bf892,182,86ab4631c31fafc1a3ae3d1b0f13129ce0427cb75a663ae3a316905bf595a11c,91d7409373b857c326b63625bb62b19db3853ef0f0e087c6eebafa369c4cfad9,bb7098a7537e6b4bbdf0aa3099383711289cb8d7bf7c4943f65c1449c43d40c7,2026-09-30T17:58:07Z
SubmitPartialDecryption,360,46d43cbd6a1dc44e5cdcff08b5d6ce4c1e98d51c6b8b7b45dcefaa2bb88f906f,182,86ab4631c31fafc1a3ae3d1b0f13129ce0427cb75a663ae3a316905bf595a11c,91d7409373b857c326b63625bb62b19db3853ef0f0e087c6eebafa369c4cfad9,bb7098a7537e6b4bbdf0aa3099383711289cb8d7bf7c4943f65c1449c43d40c7,2026-09-30T17:58:07Z
SubmitPartialDecryption,358,a02e0b5c093573bbd49725c3e57e5d227a431148de571ca7eae283c31682e6c3,182,86ab4631c31fafc1a3ae3d1b0f13129ce0427cb75a663ae3a316905bf595a11c,91d7409373b857c326b63625bb62b19db3853ef0f0e087c6eebafa369c4cfad9,bb7098a7537e6b4bbdf0aa3099383711289cb8d7bf7c4943f65c1449c43d40c7,2026-09-30T17:58:07Z
SubmitPartialDecryption,362,7bf8ada84b6541330b0790e9da80d308340e646895380c1d6877abc5feb228f2,182,86ab4631c31fafc1a3ae3d1b0f13129ce0427cb75a663ae3a316905bf595a11c,91d7409373b857c326b63625bb62b19db3853ef0f0e087c6eebafa369c4cfad9,bb7098a7537e6b4bbdf0aa3099383711289cb8d7bf7c4943f65c1449c43d40c7,2026-09-30T17:58:07Z
SubmitPartialDecryption,354,c498affb2bc93a3697d4cb55f88e79eba5d08e3ad1a2638058a7bc694b68f2ad,182,86ab4631c31fafc1a3ae3d1b0f13129ce0427cb75a663ae3a316905bf595a11c,91d7409373b857c326b63625bb62b19db3853ef0f0e087c6eebafa369c4cfad9,bb7098a7537e6b4bbdf0aa3099383711289cb8d7bf7c4943f65c1449c43d40c7,2026-09-30T17:58:07Z
SubmitPartialDecryption,353,d7fb1fa2025a8270247804f54823a5e7ea0f13df60c75bfac8cb1c1ca7d7b48c,182,86ab4631c31fafc1a3ae3d1b0f13129ce0427cb75a663ae3a316905bf595a11c,91d7409373b857c326b63625bb62b19db3853ef0f0e087c6eebafa369c4cfad9,bb7098a7537e6b4bbdf0aa3099383711289cb8d7bf7c4943f65c1449c43d40c7,2026-09-30T17:58:07Z
SubmitPartialDecryption,355,ffa27c755c4191ec6cb18ca54a013c1ad2a4b70ab8535ab548b2ba24a2f7bc71,182,86ab4631c31fafc1a3ae3d1b0f13129ce0427cb75a663ae3a316905bf595a11c,91d7409373b857c326b63625bb62b19db3853ef0f0e087c6eebafa369c4cfad9,bb7098a7537e6b4bbdf0aa3099383711289cb8d7bf7c4943f65c1449c43d40c7,2026-09-30T17:58:07Z
SubmitPartialDecryption,357,e92d4846885b098b3fb70269e758b16e4ed75cfc7b2be82adc948c11ded18b97,182,86ab4631c31fafc1a3ae3d1b0f13129ce0427cb75a663ae3a316905bf595a11c,91d7409373b857c326b63625bb62b19db3853ef0f0e087c6eebafa369c4cfad9,bb7098a7537e6b4bbdf0aa3099383711289cb8d7bf7c4943f65c1449c43d40c7,2026-09-30T17:58:07Z
SubmitPartialDecryption,367,1ea57335a01993fb692c8a03dbf40c39d9527038405315c15e28cab56f03edfe,182,86ab4631c31fafc1a3ae3d1b0f13129ce0427cb75a663ae3a316905bf595a11c,91d7409373b857c326b63625bb62b19db3853ef0f0e087c6eebafa369c4cfad9,bb7098a7537e6b4bbdf0aa3099383711289cb8d7bf7c4943f65c1449c43d40c7,2026-09-30T17:58:07Z
SubmitPartialDecryption,356,ff4b599c8a6de479f189732b069041f6580dce30bdbd3942af944274c0e2ba9e,182,86ab4631c31fafc1a3ae3d1b0f13129ce0427cb75a663ae3a316905bf595a11c,91d7409373b857c326b63625bb62b19db3853ef0f0e087c6eebafa369c4cfad9,bb7098a7537e6b4bbdf0aa3099383711289cb8d7bf7c4943f65c1449c43d40c7,2026-09-30T17:58:07Z
SubmitPartialDecryption,359,4c8e69ebf394c9b6a8bb9e098ab827b7a47d8c836fb05f1d839ebf7d44df1fbc,182,86ab4631c31fafc1a3ae3d1b0f13129ce0427cb75a663ae3a316905bf595a11c,91d7409373b857c326b63625bb62b19db3853ef0f0e087c6eebafa369c4cfad9,bb7098a7537e6b4bbdf0aa3099383711289cb8d7bf7c4943f65c1449c43d40c7,2026-09-30T17:58:07Z
SubmitPartialDecryption,363,fcf23224c209116f636a6ed7e89ff73a0ca6de99ca2dbc4efbfb505551bf154b,182,86ab4631c31fafc1a3ae3d1b0f13129ce0427cb75a663ae3a316905bf595a11c,91d7409373b857c326b63625bb62b19db3853ef0f0e087c6eebafa369c4cfad9,bb7098a7537e6b4bbdf0aa3099383711289cb8d7bf7c4943f65c1449c43d40c7,2026-09-30T17:58:07Z
SubmitPartialDecryption,376,43a240aa480eaffc28e615522524500bf8e549240fb1993f6cb59609e79562b1,183,4a490ae5d695a88f63a47642a4d8995c3dda0df11475ec11a031e1b61dfe2072,b53d2968461247918ca5d78f4b9190c0b87188a2b00b2dfc7de6405e660174ee,86ab4631c31fafc1a3ae3d1b0f13129ce0427cb75a663ae3a316905bf595a11c,2026-09-30T17:58:09Z
SubmitPartialDecryption,381,fbb76e1b6b784986ec78875a0daf7c19f97eb1daa039e598f51f6640e5512887,183,4a490ae5d695a88f63a47642a4d8995c3dda0df11475ec11a031e1b61dfe2072,b53d2968461247918ca5d78f4b9190c0b87188a2b00b2dfc7de6405e660174ee,86ab4631c31fafc1a3ae3d1b0f13129ce0427cb75a663ae3a316905bf595a11c,2026-09-30T17:58:09Z
SubmitPartialDecryption,379,5951f525de9c624fe3e7adad67c8f3463fc4e21a049681ae445be8d1fe239ac4,183,4a490ae5d695a88f63a47642a4d8995c3dda0df11475ec11a031e1b61dfe2072,b53d2968461247918ca5d78f4b9190c0b87188a2b00b2dfc7de6405e660174ee,86ab4631c31fafc1a3ae3d1b0f13129ce0427cb75a663ae3a316905bf595a11c,2026-09-30T17:58:09Z
SubmitPartialDecryption,380,e639e670cb308f2db6563fb8f3df1cf32858a0cb6178cde5fe923aa0f28de943,183,4a490ae5d695a88f63a47642a4d8995c3dda0df11475ec11a031e1b61dfe2072,b53d2968461247918ca5d78f4b9190c0b87188a2b00b2dfc7de6405e660174ee,86ab4631c31fafc1a3ae3d1b0f13129ce0427cb75a663ae3a316905bf595a11c,2026-09-30T17:58:09Z
SubmitPartialDecryption,375,9177c705d2ab6bddef15bc1ecd74ed18c7fc4c4c4501abad829b0ad204b6bb99,183,4a490ae5d695a88f63a47642a4d8995c3dda0df11475ec11a031e1b61dfe2072,b53d2968461247918ca5d78f4b9190c0b87188a2b00b2dfc7de6405e660174ee,86ab4631c31fafc1a3ae3d1b0f13129ce0427cb75a663ae3a316905bf595a11c,2026-09-30T17:58:09Z
SubmitPartialDecryption,378,7614482a27fed49dcbc96abbd7be81928886bd994db721105654888932d2a088,183,4a490ae5d695a88f63a47642a4d8995c3dda0df11475ec11a031e1b61dfe2072,b53d2968461247918ca5d78f4b9190c0b87188a2b00b2dfc7de6405e660174ee,86ab4631c31fafc1a3ae3d1b0f13129ce0427cb75a663ae3a316905bf595a11c,2026-09-30T17:58:09Z
SubmitPartialDecryption,372,9ca0dc3ea7d60ca6849d0061cd411435b63c0175250e859177d89ac710949691,183,4a490ae5d695a88f63a47642a4d8995c3dda0df11475ec11a031e1b61dfe2072,b53d2968461247918ca5d78f4b9190c0b87188a2b00b2dfc7de6405e660174ee,86ab4631c31fafc1a3ae3d1b0f13129ce0427cb75a663ae3a316905bf595a11c,2026-09-30T17:58:09Z
SubmitPartialDecryption,377,b59e32023b7af8ab0dac54c68eea68b6bcd60f08a9261c109fa835e5c3d41a60,183,4a490ae5d695a88f63a47642a4d8995c3dda0df11475ec11a031e1b61dfe2072,b53d2968461247918ca5d78f4b9190c0b87188a2b00b2dfc7de6405e660174ee,86ab4631c31fafc1a3ae3d1b0f13129ce0427cb75a663ae3a316905bf595a11c,2026-09-30T17:58:09Z
SubmitPartialDecryption,371,d2f99db14f5d8f12416cba4639487012aadb5957328ed4e9cd4bad9f9461d255,183,4a490ae5d695a88f63a47642a4d8995c3dda0df11475ec11a031e1b61dfe2072,b53d2968461247918ca5d78f4b9190c0b87188a2b00b2dfc7de6405e660174ee,86ab4631c31fafc1a3ae3d1b0f13129ce0427cb75a663ae3a316905bf595a11c,2026-09-30T17:58:09Z
SubmitPartialDecryption,374,473814e785bfb54df0103c10214e20c03027cfa92de67b8c700f15975b4a68fe,183,4a490ae5d695a88f63a47642a4d8995c3dda0df11475ec11a031e1b61dfe2072,b53d2968461247918ca5d78f4b9190c0b87188a2b00b2dfc7de6405e660174ee,86ab4631c31fafc1a3ae3d1b0f13129ce0427cb75a663ae3a316905bf595a11c,2026-09-30T17:58:09Z
SubmitPartialDecryption,373,8eac4aeec340e8c29961190884d8bb5f2dc41a22d0eea4b112ef5ad91e7aeed7,183,4a490ae5d695a88f63a47642a4d8995c3dda0df11475ec11a031e1b61dfe2072,b53d2968461247918ca5d78f4b9190c0b87188a2b00b2dfc7de6405e660174ee,86ab4631c31fafc1a3ae3d1b0f13129ce0427cb75a663ae3a316905bf595a11c,2026-09-30T17:58:09Z
SubmitPartialDecryption,382,9279fd949134b6d8a75b1d2d10eaa239be2e5046aafdbe80ba93194b49b7ae52,183,4a490ae5d695a88f63a47642a4d8995c3dda0df11475ec11a031e1b61dfe2072,b53d2968461247918ca5d78f4b9190c0b87188a2b00b2dfc7de6405e660174ee,86ab4631c31fafc1a3ae3d1b0f13129ce0427cb75a663ae3a316905bf595a11c,2026-09-30T17:58:09Z
SubmitPartialDecryption,383,33c9b4a2ea2c6b7f9f407d91fa49195d0ce7a91a3f17bf9a9cb7e2384159719f,183,4a490ae5d695a88f63a47642a4d8995c3dda0df11475ec11a031e1b61dfe2072,b53d2968461247918ca5d78f4b9190c0b87188a2b00b2dfc7de6405e660174ee,86ab4631c31fafc1a3ae3d1b0f13129ce0427cb75a663ae3a316905bf595a11c,2026-09-30T17:58:09Z
SubmitPartialDecryption,369,87c0cb575cf5f973e4788ed4144172ab045169fc1fa361b98e40fbda3cbda23b,183,4a490ae5d695a88f63a47642a4d8995c3dda0df11475ec11a031e1b61dfe2072,b53d2968461247918ca5d78f4b9190c0b87188a2b00b2dfc7de6405e660174ee,86ab4631c31fafc1a3ae3d1b0f13129ce0427cb75a663ae3a316905bf595a11c,2026-09-30T17:58:09Z
SubmitPartialDecryption,368,65e646a8cf465dada1e96c6fb06521200b978f98f3dee82e5394c6c24e9f9d33,183,4a490ae5d695a88f63a47642a4d8995c3dda0df11475ec11a031e1b61dfe2072,b53d2968461247918ca5d78f4b9190c0b87188a2b00b2dfc7de6405e660174ee,86ab4631c31fafc1a3ae3d1b0f13129ce0427cb75a663ae3a316905bf595a11c,2026-09-30T17:58:09Z
SubmitPartialDecryption,370,8002216c58e4f86108fec588264b77b438a61c2b06290a0cc1ed727671edc895,183,4a490ae5d695a88f63a47642a4d8995c3dda0df11475ec11a031e1b61dfe2072,b53d2968461247918ca5d78f4b9190c0b87188a2b00b2dfc7de6405e660174ee,86ab4631c31fafc1a3ae3d1b0f13129ce0427cb75a663ae3a316905bf595a11c,2026-09-30T17:58:09Z
SubmitPartialDecryption,397,968b0e12ef071cde5d980cd99ae6fbac46c541ed97136a046db6ae5e9c74a9e8,184,77f2eccc18c2a78f5513eefa9a571d018158a43bab4592f1e2e1ab62975adaad,a00dd68bd3207900d552d9d8cc3f9a4496726b87a7fe3de0bc2e9c6cffe31b8b,4a490ae5d695a88f63a47642a4d8995c3dda0df11475ec11a031e1b61dfe2072,2026-09-30T17:58:12Z
SubmitPartialDecryption,390,afc012e0669a64339770497ebf17f0095f156e25b6fac7c72c921c3f50393388,184,77f2eccc18c2a78f5513eefa9a571d018158a43bab4592f1e2e1ab62975adaad,a00dd68bd3207900d552d9d8cc3f9a4496726b87a7fe3de0bc2e9c6cffe31b8b,4a490ae5d695a88f63a47642a4d8995c3dda0df11475ec11a031e1b61dfe2072,2026-09-30T17:58:12Z
SubmitPartialDecryption,385,a0142949a9c67b6372317c19e89509535759774b00f86ed0bcc36a8215132c3e,184,77f2eccc18c2a78f5513eefa9a571d018158a43bab4592f1e2e1ab62975adaad,a00dd68bd3207900d552d9d8cc3f9a4496726b87a7fe3de0bc2e9c6cffe31b8b,4a490ae5d695a88f63a47642a4d8995c3dda0df11475ec11a031e1b61dfe2072,2026-09-30T17:58:12Z
SubmitPartialDecryption,398,43552997034ca17c5725d1e73f796aa34d270fd5b39b817f9df161f5081a0c44,184,77f2eccc18c2a78f5513eefa9a571d018158a43bab4592f1e2e1ab62975adaad,a00dd68bd3207900d552d9d8cc3f9a4496726b87a7fe3de0bc2e9c6cffe31b8b,4a490ae5d695a88f63a47642a4d8995c3dda0df11475ec11a031e1b61dfe2072,2026-09-30T17:58:12Z
SubmitPartialDecryption,392,12a7c5c052f5dfc1aa50a57a09980f4d6bb9b30630d9a7819644537da7a3bdd6,184,77f2eccc18c2a78f5513eefa9a571d018158a43bab4592f1e2e1ab62975adaad,a00dd68bd3207900d552d9d8cc3f9a4496726b87a7fe3de0bc2e9c6cffe31b8b,4a490ae5d695a88f63a47642a4d8995c3dda0df11475ec11a031e1b61dfe2072,2026-09-30T17:58:12Z
SubmitPartialDecryption,395,6ed80f68f41104b12e35ce9aa683b714fedf0be7a18ab46b90b38a17bec4a46e,184,77f2eccc18c2a78f5513eefa9a571d018158a43bab4592f1e2e1ab62975adaad,a00dd68bd3207900d552d9d8cc3f9a4496726b87a7fe3de0bc2e9c6cffe31b8b,4a490ae5d695a88f63a47642a4d8995c3dda0df11475ec11a031e1b61dfe2072,2026-09-30T17:58:12Z
SubmitPartialDecryption,396,e4e2551e5683c759aa8e0ee3ef82c0cfa56a936866944601b5a5f6716506588c,184,77f2eccc18c2a78f5513eefa9a571d018158a43bab4592f1e2e1ab62975adaad,a00dd68bd3207900d552d9d8cc3f9a4496726b87a7fe3de0bc2e9c6cffe31b8b,4a490ae5d695a88f63a47642a4d8995c3dda0df11475ec11a031e1b61dfe2072,2026-09-30T17:58:12Z
SubmitPartialDecryption,389,879c83166e2a522a6da1733222bc000660f3ccae7225850c4259d636c689b027,184,77f2eccc18c2a78f5513eefa9a571d018158a43bab4592f1e2e1ab62975adaad,a00dd68bd3207900d552d9d8cc3f9a4496726b87a7fe3de0bc2e9c6cffe31b8b,4a490ae5d695a88f63a47642a4d8995c3dda0df11475ec11a031e1b61dfe2072,2026-09-30T17:58:12Z
SubmitPartialDecryption,386,58d46214556511da6ce19d0cd31fb0dda60a0efbcb9da0fc8873efb2bc1f5d87,184,77f2eccc18c2a78f5513eefa9a571d018158a43bab4592f1e2e1ab62975adaad,a00dd68bd3207900d552d9d8cc3f9a4496726b87a7fe3de0bc2e9c6cffe31b8b,4a490ae5d695a88f63a47642a4d8995c3dda0df11475ec11a031e1b61dfe2072,2026-09-30T17:58:12Z
SubmitPartialDecryption,399,3ad75f4880c51a99a5a9b651472f913ce7da71a803c99cafb655d51d0f192ff8,184,77f2eccc18c2a78f5513eefa9a571d018158a43bab4592f1e2e1ab62975adaad,a00dd68bd3207900d552d9d8cc3f9a4496726b87a7fe3de0bc2e9c6cffe31b8b,4a490ae5d695a88f63a47642a4d8995c3dda0df11475ec11a031e1b61dfe2072,2026-09-30T17:58:12Z
SubmitPartialDecryption,387,cbf483ae3999d194938451b67dcfc7cdd3ad03b1da6b7166fbe43cc2564781d9,184,77f2eccc18c2a78f5513eefa9a571d018158a43bab4592f1e2e1ab62975adaad,a00dd68bd3207900d552d9d8cc3f9a4496726b87a7fe3de0bc2e9c6cffe31b8b,4a490ae5d695a88f63a47642a4d8995c3dda0df11475ec11a031e1b61dfe2072,2026-09-30T17:58:12Z
SubmitPartialDecryption,384,98a2899de5a8f130499de02d5b72ce9d772f1fd931538986a5973547572c7d0a,184,77f2eccc18c2a78f5513eefa9a571d018158a43bab4592f1e2e1ab62975adaad,a00dd68bd3207900d552d9d8cc3f9a4496726b87a7fe3de0bc2e9c6cffe31b8b,4a490ae5d695a88f63a47642a4d8995c3dda0df11475ec11a031e1b61dfe2072,2026-09-30T17:58:12Z
SubmitPartialDecryption,393,cdfb1497ab2a240db9ad044cd04aba6253843eed8980c94b1b09547c32315864,184,77f2eccc18c2a78f5513eefa9a571d018158a43bab4592f1e2e1ab62975adaad,a00dd68bd3207900d552d9d8cc3f9a4496726b87a7fe3de0bc2e9c6cffe31b8b,4a490ae5d695a88f63a47642a4d8995c3dda0df11475ec11a031e1b61dfe2072,2026-09-30T17:58:12Z
SubmitPartialDecryption,391,73c43a260a8631be9db1a850f6b3f813f36c834772eba511bbbe3c65ba08da4b,184,77f2eccc18c2a78f5513eefa9a571d018158a43bab4592f1e2e1ab62975adaad,a00dd68bd3207900d552d9d8cc3f9a4496726b87a7fe3de0bc2e9c6cffe31b8b,4a490ae5d695a88f63a47642a4d8995c3dda0df11475ec11a031e1b61dfe2072,2026-09-30T17:58:12Z
SubmitPartialDecryption,394,92e6d31944154831d8c8dadd9a6f8fe898313b848fe1b1a05a2636e49d10901c,184,77f2eccc18c2a78f5513eefa9a571d018158a43bab4592f1e2e1ab62975adaad,a00dd68bd3207900d552d9d8cc3f9a4496726b87a7fe3de0bc2e9c6cffe31b8b,4a490ae5d695a88f63a47642a4d8995c3dda0df11475ec11a031e1b61dfe2072,2026-09-30T17:58:12Z
SubmitPartialDecryption,388,145a9a16b6f45a02f942578c4e66d58698d40a5d4ebdf0bfe5d7b3f2776dc918,184,77f2eccc18c2a78f5513eefa9a571d018158a43bab4592f1e2e1ab62975adaad,a00dd68bd3207900d552d9d8cc3f9a4496726b87a7fe3de0bc2e9c6cffe31b8b,4a490ae5d695a88f63a47642a4d8995c3dda0df11475ec11a031e1b61dfe2072,2026-09-30T17:58:12Z
SubmitPartialDecryption,410,9c1e25a140def4d91512bd3eca65ae3a7be490416b09d72c573507ce9cd4c304,185,d27a72b93b02afde3310bd43e49d4b8ccf8fd5bdd2cce59a5a4bd5560262af27,f3877c087e7505a92707768ee4e1bed03f7fd1f6d80e381c902214bb1367f960,77f2eccc18c2a78f5513eefa9a571d018158a43bab4592f1e2e1ab62975adaad,2026-09-30T17:58:14Z
SubmitPartialDecryption,409,2efebd83417522e15d0a034d6fdbf4cb11bc34166b8ebc764e3203b77f2e1a5c,185,d27a72b93b02afde3310bd43e49d4b8ccf8fd5bdd2cce59a5a4bd5560262af27,f3877c087e7505a92707768ee4e1bed03f7fd1f6d80e381c902214bb1367f960,77f2eccc18c2a78f5513eefa9a571d018158a43bab4592f1e2e1ab62975adaad,2026-09-30T17:58:14Z
SubmitPartialDecryption,400,d6bb2e0c3fd5e655c357500f60dc643dadaa9f438b14c14e6321c8280056a4b3,185,d27a72b93b02afde3310bd43e49d4b8ccf8fd5bdd2cce59a5a4bd5560262af27,f3877c087e7505a92707768ee4e1bed03f7fd1f6d80e381c902214bb1367f960,77f2eccc18c2a78f5513eefa9a571d018158a43bab4592f1e2e1ab62975adaad,2026-09-30T17:58:14Z
SubmitPartialDecryption,414,7405223cbf9c17de1b5055e062de42be06bfd4d15655fa6621862665744ade74,185,d27a72b93b02afde3310bd43e49d4b8ccf8fd5bdd2cce59a5a4bd5560262af27,f3877c087e7505a92707768ee4e1bed03f7fd1f6d80e381c902214bb1367f960,77f2eccc18c2a78f5513eefa9a571d018158a43bab4592f1e2e1ab62975adaad,2026-09-30T17:58:14Z
SubmitPartialDecryption,402,40d3a571fc43274d3ab014e196c34a93beda2b88bfee6ae6ff66e0a26e8f6fbb,185,d27a72b93b02afde3310bd43e49d4b8ccf8fd5bdd2cce59a5a4bd5560262af27,f3877c087e7505a92707768ee4e1bed03f7fd1f6d80e381c902214bb1367f960,77f2eccc18c2a78f5513eefa9a571d018158a43bab4592f1e2e1ab62975adaad,2026-09-30T17:58:14Z
SubmitPartialDecryption,407,4921944d857843c37026c9629808f0aec773bd5e925bb66a3340d9bcc7d4cdd5,185,d27a72b93b02afde3310bd43e49d4b8ccf8fd5bdd2cce59a5a4bd5560262af27,f3877c087e7505a92707768ee4e1bed03f7fd1f6d80e381c902214bb1367f960,77f2eccc18c2a78f5513eefa9a571d018158a43bab4592f1e2e1ab62975adaad,2026-09-30T17:58:14Z
SubmitPartialDecryption,401,f3c608d93ea4aae75ef6c432d9a61e54c6d084a3186cbb381776474e7595fc31,185,d27a72b93b02afde3310bd43e49d4b8ccf8fd5bdd2cce59a5a4bd5560262af27,f3877c087e7505a92707768ee4e1bed03f7fd1f6d80e381c902214bb1367f960,77f2eccc18c2a78f5513eefa9a571d018158a43bab4592f1e2e1ab62975adaad,2026-09-30T17:58:14Z
SubmitPartialDecryption,412,32510d8e4275fac368a8dc6af4976d48a6590de618761ec19c2f7e7b6cc91fef,185,d27a72b93b02afde3310bd43e49d4b8ccf8fd5bdd2cce59a5a4bd5560262af27,f3877c087e7505a92707768ee4e1bed03f7fd1f6d80e381c902214bb1367f960,77f2eccc18c2a78f5513eefa9a571d018158a43bab4592f1e2e1ab62975adaad,2026-09-30T17:58:14Z
SubmitPartialDecryption,404,0b84b5b69c6526fd44251fa5269ca7dfc5612f2c6b7092a1c90771dbaf6bd31f,185,d27a72b93b02afde3310bd43e49d4b8ccf8fd5bdd2cce59a5a4bd5560262af27,f3877c087e7505a92707768ee4e1bed03f7fd1f6d80e381c902214bb1367f960,77f2eccc18c2a78f5513eefa9a571d018158a43bab4592f1e2e1ab62975adaad,2026-09-30T17:58:14Z
SubmitPartialDecryption,408,aba12ea8d3ea284f6a643309f8a9a259d46ecf2562cafbdb35f4d4711539758d,185,d27a72b93b02afde3310bd43e49d4b8ccf8fd5bdd2cce59a5a4bd5560262af27,f3877c087e7505a92707768ee4e1bed03f7fd1f6d80e381c902214bb1367f960,77f2eccc18c2a78f5513eefa9a571d018158a43bab4592f1e2e1ab62975adaad,2026-09-30T17:58:14Z
SubmitPartialDecryption,405,1002027049ef7186aa04d7c1bec4b0716bfd3f28b68f0871af467400b163b0cd,185,d27a72b93b02afde3310bd43e49d4b8ccf8fd5bdd2cce59a5a4bd5560262af27,f3877c087e7505a92707768ee4e1bed03f7fd1f6d80e381c902214bb1367f960,77f2eccc18c2a78f5513eefa9a571d018158a43bab4592f1e2e1ab62975adaad,2026-09-30T17:58:14Z
SubmitPartialDecryption,403,29a87cefd413c2c71bd43a51b8d0d412c4de71c9355ecc4a7ad80151001bce31,185,d27a72b93b02afde3310bd43e49d4b8ccf8fd5bdd2cce59a5a4bd5560262af27,f3877c087e7505a92707768ee4e1bed03f7fd1f6d80e381c902214bb1367f960,77f2eccc18c2a78f5513eefa9a571d018158a43bab4592f1e2e1ab62975adaad,2026-09-30T17:58:14Z
SubmitPartialDecryption,406,5ff7be73666171f1d3347f4e691b2b1a1a4e6062fd5e9f937db25800d787ccea,185,d27a72b93b02afde3310bd43e49d4b8ccf8fd5bdd2cce59a5a4bd5560262af27,f3877c087e7505a92707768ee4e1bed03f7fd1f6d80e381c902214bb1367f960,77f2eccc18c2a78f5513eefa9a571d018158a43bab4592f1e2e1ab62975adaad,2026-09-30T17:58:14Z
SubmitPartialDecryption,411,692322fccb3cbd5dca7707965125b8e4ad77c791b1557093a31c5f5c1a61f9e1,185,d27a72b93b02afde3310bd43e49d4b8ccf8fd5bdd2cce59a5a4bd5560262af27,f3877c087e7505a92707768ee4e1bed03f7fd1f6d80e381c902214bb1367f960,77f2eccc18c2a78f5513eefa9a571d018158a43bab4592f1e2e1ab62975adaad,2026-09-30T17:58:14Z
SubmitPartialDecryption,413,9c6e5e1bc9c57e32f622e1e32eb55dff0475877fb1c2061bbe51d0f5d7481bf7,185,d27a72b93b02afde3310bd43e49d4b8ccf8fd5bdd2cce59a5a4bd5560262af27,f3877c087e7505a92707768ee4e1bed03f7fd1f6d80e381c902214bb1367f960,77f2eccc18c2a78f5513eefa9a571d018158a43bab4592f1e2e1ab62975adaad,2026-09-30T17:58:14Z
SubmitPartialDecryption,415,433d750c638507636c2444d1647e38ab3f145bf6d85f197c4b71b7361d7f292f,185,d27a72b93b02afde3310bd43e49d4b8ccf8fd5bdd2cce59a5a4bd5560262af27,f3877c087e7505a92707768ee4e1bed03f7fd1f6d80e381c902214bb1367f960,77f2eccc18c2a78f5513eefa9a571d018158a43bab4592f1e2e1ab62975adaad,2026-09-30T17:58:14Z
SubmitPartialDecryption,418,20a50bcb9b908f2cb8d2c4ef1f054e84cea2f851d2d0fa5505014726db078a66,186,0de90a5e3723a27cd2112019a72bcd12ea16b8e1d09719a7a5e89052b0da9705,a234a807c26b4b97e32f0472eb1d8ce3774b2afb04a0935aa34c331f7d304427,d27a72b93b02afde3310bd43e49d4b8ccf8fd5bdd2cce59a5a4bd5560262af27,2026-09-30T17:58:16Z
SubmitPartialDecryption,417,df87dbb2fb22955341a4b4882724bb5f31c34ef908da6208c0379d12159e73b9,186,0de90a5e3723a27cd2112019a72bcd12ea16b8e1d09719a7a5e89052b0da9705,a234a807c26b4b97e32f0472eb1d8ce3774b2afb04a0935aa34c331f7d304427,d27a72b93b02afde3310bd43e49d4b8ccf8fd5bdd2cce59a5a4bd5560262af27,2026-09-30T17:58:16Z
SubmitPartialDecryption,416,a4df633619c5d53e67a30f6d8b78c2d112510247ff63cf06f0824d8fd933b6de,186,0de90a5e3723a27cd2112019a72bcd12ea16b8e1d09719a7a5e89052b0da9705,a234a807c26b4b97e32f0472eb1d8ce3774b2afb04a0935aa34c331f7d304427,d27a72b93b02afde3310bd43e49d4b8ccf8fd5bdd2cce59a5a4bd5560262af27,2026-09-30T17:58:16Z
SubmitPartialDecryption,419,21ac6bde07e808ddf26ede69375621ce6e3c0aec4dded6e329f5673c577c864f,186,0de90a5e3723a27cd2112019a72bcd12ea16b8e1d09719a7a5e89052b0da9705,a234a807c26b4b97e32f0472eb1d8ce3774b2afb04a0935aa34c331f7d304427,d27a72b93b02afde3310bd43e49d4b8ccf8fd5bdd2cce59a5a4bd5560262af27,2026-09-30T17:58:16Z
PublishTally,,223a22b0b62abab0335131f9d3aa66f3054db6462a7d2ba7e3a495f638e497f9,187,4cece8d181a944a7d231135f23112b7ee7406a13e496d1bd530d9930484fbcbf,827487365093ee26c7a0c0fd3cf0784d64b0d8e2a99e552a918179c23197589a,0de90a5e3723a27cd2112019a72bcd12ea16b8e1d09719a7a5e89052b0da9705,2026-09-30T17:58:18Z
