event,ref,tx_id,block_number,block_hash,data_hash,previous_hash,timestamp
CreateElection,,cdbf3c174dc17c23b15e4722a98ed7df8e3c2d4a8fe591866c2e2410024ab0b4,552,96026e1ba6acd9667f82948d8e4b21f8960b2226349734ec18f1e283456b07c4,4be3bbe7e34bfb2a1475f16a4b5d841e9f1173d574b15632969bfcc166f1e525,de7176c0a18605bfdc461455094b6315761c862728a0f9c9715327acc6401689,2026-09-30T17:49:51Z
PublishDKGTranscript,,5d5881becd3c6d5e36c9981a009b78297ba9736863cc5b66cc0656aea21e305a,553,57ae89a7d483c510779148f513a81ec50d9f3bb345bb48f30046f6810b50f815,3f264326ca4d1b86a4298d9d72b4fd1eef6ee37c8a099a6c939cc4b301812853,96026e1ba6acd9667f82948d8e4b21f8960b2226349734ec18f1e283456b07c4,2026-09-30T17:49:53Z
CloseElection,,7d3cf58623d5cdec0d20f6ff1cb82808e2ccbd4d613bfb5e216395282eb7d71f,614,e4a1294367eb02831221232c27548dcd39911edccb4a77314912177b6050170b,e41f5a7f954a05cd55b527fa3872650c4dd0b71915240aa2d12c99e5a5c73f38,eee99ae97e36a387dd7938ac116bd725cd25451b5f95513990cef4311f0576a9,2026-09-30T17:50:12Z
SubmitPartialDecryption,6,b25cff5b47bb4ed211d2dffad312c500645ca94c17246d3817fc562a08f27ca7,615,f4a711c7120f3e76afc571d4832e753e3cbc33984b0e63b2782a5587072f0b5c,8ece13dbc23e25d34e7c6ee9405a6d8fb92374e269ce0346da9c720f6b24bf6f,e4a1294367eb02831221232c27548dcd39911edccb4a77314912177b6050170b,2026-09-30T17:50:14Z
SubmitPartialDecryption,2,f1c9a440e5cec659375f01a479ab216f3e33adc45d1e7f667ee8ecae64420006,615,f4a711c7120f3e76afc571d4832e753e3cbc33984b0e63b2782a5587072f0b5c,8ece13dbc23e25d34e7c6ee9405a6d8fb92374e269ce0346da9c720f6b24bf6f,e4a1294367eb02831221232c27548dcd39911edccb4a77314912177b6050170b,2026-09-30T17:50:14Z
SubmitPartialDecryption,4,0141b0c29d64cc9e7c0a579dec105755ecac6eb8ad0be4f8cb262e776ec312be,615,f4a711c7120f3e76afc571d4832e753e3cbc33984b0e63b2782a5587072f0b5c,8ece13dbc23e25d34e7c6ee9405a6d8fb92374e269ce0346da9c720f6b24bf6f,e4a1294367eb02831221232c27548dcd39911edccb4a77314912177b6050170b,2026-09-30T17:50:14Z
SubmitPartialDecryption,5,1292ee17a65f7372d9be9b6d01322f5971a271efd03331051cc69437c62d72bb,615,f4a711c7120f3e76afc571d4832e753e3cbc33984b0e63b2782a5587072f0b5c,8ece13dbc23e25d34e7c6ee9405a6d8fb92374e269ce0346da9c720f6b24bf6f,e4a1294367eb02831221232c27548dcd39911edccb4a77314912177b6050170b,2026-09-30T17:50:14Z
SubmitPartialDecryption,7,02a0d328b2362eec7634cd8fcaa28947087974bf3363a66d618e9fc98ae03f29,615,f4a711c7120f3e76afc571d4832e753e3cbc33984b0e63b2782a5587072f0b5c,8ece13dbc23e25d34e7c6ee9405a6d8fb92374e269ce0346da9c720f6b24bf6f,e4a1294367eb02831221232c27548dcd39911edccb4a77314912177b6050170b,2026-09-30T17:50:14Z
SubmitPartialDecryption,8,369924e498b565ceb1398b4c2f0851c721979f953ffd915bb403be672e55bdca,615,f4a711c7120f3e76afc571d4832e753e3cbc33984b0e63b2782a5587072f0b5c,8ece13dbc23e25d34e7c6ee9405a6d8fb92374e269ce0346da9c720f6b24bf6f,e4a1294367eb02831221232c27548dcd39911edccb4a77314912177b6050170b,2026-09-30T17:50:14Z
SubmitPartialDecryption,3,c19883d4bb9c2e4e686ba05f4cc22a1960bfca22dfc621866c2a1e7228f82306,615,f4a711c7120f3e76afc571d4832e753e3cbc33984b0e63b2782a5587072f0b5c,8ece13dbc23e25d34e7c6ee9405a6d8fb92374e269ce0346da9c720f6b24bf6f,e4a1294367eb02831221232c27548dcd39911edccb4a77314912177b6050170b,2026-09-30T17:50:14Z
SubmitPartialDecryption,11,274188c43f1470b00f585c96d15bb8ec7339efedcc65becf1e80423110b644c4,615,f4a711c7120f3e76afc571d4832e753e3cbc33984b0e63b2782a5587072f0b5c,8ece13dbc23e25d34e7c6ee9405a6d8fb92374e269ce0346da9c720f6b24bf6f,e4a1294367eb02831221232c27548dcd39911edccb4a77314912177b6050170b,2026-09-30T17:50:14Z
SubmitPartialDecryption,13,003a7e06efc5a239fdb02e38621df9c6e7f3907345ea0e67194f31025f4f823e,615,f4a711c7120f3e76afc571d4832e753e3cbc33984b0e63b2782a5587072f0b5c,8ece13dbc23e25d34e7c6ee9405a6d8fb92374e269ce0346da9c720f6b24bf6f,e4a1294367eb02831221232c27548dcd39911edccb4a77314912177b6050170b,2026-09-30T17:50:14Z
SubmitPartialDecryption,15,c63a4ea2e123034270b1b8a2c63521b85554754ae89837582e2c8339709a0ae4,615,f4a711c7120f3e76afc571d4832e753e3cbc33984b0e63b2782a5587072f0b5c,8ece13dbc23e25d34e7c6ee9405a6d8fb92374e269ce0346da9c720f6b24bf6f,e4a1294367eb02831221232c27548dcd39911edccb4a77314912177b6050170b,2026-09-30T17:50:14Z
SubmitPartialDecryption,10,0d6aca177885daace5d2a5ae1f53e3803df2c95d2456bceb02e075d2d4689de6,615,f4a711c7120f3e76afc571d4832e753e3cbc33984b0e63b2782a5587072f0b5c,8ece13dbc23e25d34e7c6ee9405a6d8fb92374e269ce0346da9c720f6b24bf6f,e4a1294367eb02831221232c27548dcd39911edccb4a77314912177b6050170b,2026-09-30T17:50:14Z
SubmitPartialDecryption,12,b10060258696c08c6b74ea56911cdc3933312365c847d48da3540b73fd8eff1d,615,f4a711c7120f3e76afc571d4832e753e3cbc33984b0e63b2782a5587072f0b5c,8ece13dbc23e25d34e7c6ee9405a6d8fb92374e269ce0346da9c720f6b24bf6f,e4a1294367eb02831221232c27548dcd39911edccb4a77314912177b6050170b,2026-09-30T17:50:14Z
SubmitPartialDecryption,0,78fd7b728dc70298cd9a725e3b45c78f4636119114896199c21c8708ed182838,615,f4a711c7120f3e76afc571d4832e753e3cbc33984b0e63b2782a5587072f0b5c,8ece13dbc23e25d34e7c6ee9405a6d8fb92374e269ce0346da9c720f6b24bf6f,e4a1294367eb02831221232c27548dcd39911edccb4a77314912177b6050170b,2026-09-30T17:50:14Z
SubmitPartialDecryption,9,5f1d2534a777649d228c48da2826fe43ad2bd6b0e79becc4a5e8b91b270c4cb2,615,f4a711c7120f3e76afc571d4832e753e3cbc33984b0e63b2782a5587072f0b5c,8ece13dbc23e25d34e7c6ee9405a6d8fb92374e269ce0346da9c720f6b24bf6f,e4a1294367eb02831221232c27548dcd39911edccb4a77314912177b6050170b,2026-09-30T17:50:14Z
SubmitPartialDecryption,1,2e9bd81887717bcd7caec64742e560c2acf3f092ce8c86507e3e55ec3914b4b1,615,f4a711c7120f3e76afc571d4832e753e3cbc33984b0e63b2782a5587072f0b5c,8ece13dbc23e25d34e7c6ee9405a6d8fb92374e269ce0346da9c720f6b24bf6f,e4a1294367eb02831221232c27548dcd39911edccb4a77314912177b6050170b,2026-09-30T17:50:14Z
SubmitPartialDecryption,14,87ceae33f7b969adec14dd85696be687d8ee39ee1dd790ef2588ec5507e69f2e,615,f4a711c7120f3e76afc571d4832e753e3cbc33984b0e63b2782a5587072f0b5c,8ece13dbc23e25d34e7c6ee9405a6d8fb92374e269ce0346da9c720f6b24bf6f,e4a1294367eb02831221232c27548dcd39911edccb4a77314912177b6050170b,2026-09-30T17:50:14Z
SubmitPartialDecryption,18,441380ddf6aec6140dc5189eee846d380c0d62f152d436a31e5393c807ffe3de,616,62af68282b97bfbcc92f5574b4d8daed2d6fab03e5a1bb844a4147e39fb2c0c7,f7adc1506bbaa94eecc7e302bcb6da82cf305f49e23b75c4b614724b2ee35362,f4a711c7120f3e76afc571d4832e753e3cbc33984b0e63b2782a5587072f0b5c,2026-09-30T17:50:16Z
SubmitPartialDecryption,25,0dd6ff5dc4325c47c8b6473ca599e82a169d581d218e855596bfb5fae23efa8e,616,62af68282b97bfbcc92f5574b4d8daed2d6fab03e5a1bb844a4147e39fb2c0c7,f7adc1506bbaa94eecc7e302bcb6da82cf305f49e23b75c4b614724b2ee35362,f4a711c7120f3e76afc571d4832e753e3cbc33984b0e63b2782a5587072f0b5c,2026-09-30T17:50:16Z
SubmitPartialDecryption,22,25d27d8dd2ef720c0f98da432c0af7dae898db31edc5450988106d18c2f0dac7,616,62af68282b97bfbcc92f5574b4d8daed2d6fab03e5a1bb844a4147e39fb2c0c7,f7adc1506bbaa94eecc7e302bcb6da82cf305f49e23b75c4b614724b2ee35362,f4a711c7120f3e76afc571d4832e753e3cbc33984b0e63b2782a5587072f0b5c,2026-09-30T17:50:16Z
SubmitPartialDecryption,21,6a7ab1ae0ecf4cb64191632629541c06f71ecf03be09eb31fe3c0a46ae67a464,616,62af68282b97bfbcc92f5574b4d8daed2d6fab03e5a1bb844a4147e39fb2c0c7,f7adc1506bbaa94eecc7e302bcb6da82cf305f49e23b75c4b614724b2ee35362,f4a711c7120f3e76afc571d4832e753e3cbc33984b0e63b2782a5587072f0b5c,2026-09-30T17:50:16Z
SubmitPartialDecryption,23,b257ebc32836af8cdf3d24aa030fec2cec8f10c5c75ea180d2571c4ec81f00d9,616,62af68282b97bfbcc92f5574b4d8daed2d6fab03e5a1bb844a4147e39fb2c0c7,f7adc1506bbaa94eecc7e302bcb6da82cf305f49e23b75c4b614724b2ee35362,f4a711c7120f3e76afc571d4832e753e3cbc33984b0e63b2782a5587072f0b5c,2026-09-30T17:50:16Z
SubmitPartialDecryption,20,4e227d2fa06f706496e236ccc3e5261f3d5f8ab0880dd3b8c65c57b12adc8ed7,616,62af68282b97bfbcc92f5574b4d8daed2d6fab03e5a1bb844a4147e39fb2c0c7,f7adc1506bbaa94eecc7e302bcb6da82cf305f49e23b75c4b614724b2ee35362,f4a711c7120f3e76afc571d4832e753e3cbc33984b0e63b2782a5587072f0b5c,2026-09-30T17:50:16Z
SubmitPartialDecryption,16,7db83aa3543c8ee709ec7710b962712fe6e05b0fd68d9b6932f948593f9adc76,616,62af68282b97bfbcc92f5574b4d8daed2d6fab03e5a1bb844a4147e39fb2c0c7,f7adc1506bbaa94eecc7e302bcb6da82cf305f49e23b75c4b614724b2ee35362,f4a711c7120f3e76afc571d4832e753e3cbc33984b0e63b2782a5587072f0b5c,2026-09-30T17:50:16Z
SubmitPartialDecryption,26,e61c22f78e59437a5756a52d49ef2dc7f2370283802f0d69484a13d88e01bc94,616,62af68282b97bfbcc92f5574b4d8daed2d6fab03e5a1bb844a4147e39fb2c0c7,f7adc1506bbaa94eecc7e302bcb6da82cf305f49e23b75c4b614724b2ee35362,f4a711c7120f3e76afc571d4832e753e3cbc33984b0e63b2782a5587072f0b5c,2026-09-30T17:50:16Z
SubmitPartialDecryption,27,1fc0d547b717b49514aa2456a36beab3c2e9d86b47a94754034025b8bfb089a3,616,62af68282b97bfbcc92f5574b4d8daed2d6fab03e5a1bb844a4147e39fb2c0c7,f7adc1506bbaa94eecc7e302bcb6da82cf305f49e23b75c4b614724b2ee35362,f4a711c7120f3e76afc571d4832e753e3cbc33984b0e63b2782a5587072f0b5c,2026-09-30T17:50:16Z
SubmitPartialDecryption,28,b302e466d889ccd88ae2b132598dde98837073e654e130bd73dee6b507754eb5,616,62af68282b97bfbcc92f5574b4d8daed2d6fab03e5a1bb844a4147e39fb2c0c7,f7adc1506bbaa94eecc7e302bcb6da82cf305f49e23b75c4b614724b2ee35362,f4a711c7120f3e76afc571d4832e753e3cbc33984b0e63b2782a5587072f0b5c,2026-09-30T17:50:16Z
SubmitPartialDecryption,19,6e22b27e2e91d5ca24e19ee6183a1858e20d03947e4774b8eef0757579eea316,616,62af68282b97bfbcc92f5574b4d8daed2d6fab03e5a1bb844a4147e39fb2c0c7,f7adc1506bbaa94eecc7e302bcb6da82cf305f49e23b75c4b614724b2ee35362,f4a711c7120f3e76afc571d4832e753e3cbc33984b0e63b2782a5587072f0b5c,2026-09-30T17:50:16Z
SubmitPartialDecryption,17,2dfd4afc03bdaedbf8dcb7a9e2b2b7e6ff7709ec2bb18353fb2261d083181a86,616,62af68282b97bfbcc92f5574b4d8daed2d6fab03e5a1bb844a4147e39fb2c0c7,f7adc1506bbaa94eecc7e302bcb6da82cf305f49e23b75c4b614724b2ee35362,f4a711c7120f3e76afc571d4832e753e3cbc33984b0e63b2782a5587072f0b5c,2026-09-30T17:50:16Z
SubmitPartialDecryption,29,a2d1726d8e25d761badb992e0aa4396a67e1e911c46b9d89fd8d63db7f916808,616,62af68282b97bfbcc92f5574b4d8daed2d6fab03e5a1bb844a4147e39fb2c0c7,f7adc1506bbaa94eecc7e302bcb6da82cf305f49e23b75c4b614724b2ee35362,f4a711c7120f3e76afc571d4832e753e3cbc33984b0e63b2782a5587072f0b5c,2026-09-30T17:50:16Z
SubmitPartialDecryption,30,7402d6a8d657d18db2466d8de9cda1902b909cba98d3fbee1ca418d2bfcf7220,616,62af68282b97bfbcc92f5574b4d8daed2d6fab03e5a1bb844a4147e39fb2c0c7,f7adc1506bbaa94eecc7e302bcb6da82cf305f49e23b75c4b614724b2ee35362,f4a711c7120f3e76afc571d4832e753e3cbc33984b0e63b2782a5587072f0b5c,2026-09-30T17:50:16Z
SubmitPartialDecryption,31,a1a90612106f5d68a4a50d300d1171b0daa0b75a7a27f0dcc4a2e2c0becbbd28,616,62af68282b97bfbcc92f5574b4d8daed2d6fab03e5a1bb844a4147e39fb2c0c7,f7adc1506bbaa94eecc7e302bcb6da82cf305f49e23b75c4b614724b2ee35362,f4a711c7120f3e76afc571d4832e753e3cbc33984b0e63b2782a5587072f0b5c,2026-09-30T17:50:16Z
SubmitPartialDecryption,24,61e296555ddf4fca61ff07dfff33ea87e0b6d6238d44d6525e150e73e2713999,616,62af68282b97bfbcc92f5574b4d8daed2d6fab03e5a1bb844a4147e39fb2c0c7,f7adc1506bbaa94eecc7e302bcb6da82cf305f49e23b75c4b614724b2ee35362,f4a711c7120f3e76afc571d4832e753e3cbc33984b0e63b2782a5587072f0b5c,2026-09-30T17:50:16Z
SubmitPartialDecryption,34,b1902867a9de346e5753e2f6ea32abcb39ed5f0ae7b5c2effa939a86140d613c,617,d6e6a7b0bbb3db86d641d046b9cc35d60c199d2a8f63b2869d5a8baedc7b9bf9,076775969727a095a04223338686ce9051dcfebf944a164c731d420d870c3ca8,62af68282b97bfbcc92f5574b4d8daed2d6fab03e5a1bb844a4147e39fb2c0c7,2026-09-30T17:50:18Z
SubmitPartialDecryption,40,e16c39e46fffeafae6894eb17127ee7eca56149391cae60b425243f1d4569f6e,617,d6e6a7b0bbb3db86d641d046b9cc35d60c199d2a8f63b2869d5a8baedc7b9bf9,076775969727a095a04223338686ce9051dcfebf944a164c731d420d870c3ca8,62af68282b97bfbcc92f5574b4d8daed2d6fab03e5a1bb844a4147e39fb2c0c7,2026-09-30T17:50:18Z
SubmitPartialDecryption,45,b448315f8ca6e39318582ee1ebdf4fd0017c8bbe55135eb3eef0631cb7ec0177,617,d6e6a7b0bbb3db86d641d046b9cc35d60c199d2a8f63b2869d5a8baedc7b9bf9,076775969727a095a04223338686ce9051dcfebf944a164c731d420d870c3ca8,62af68282b97bfbcc92f5574b4d8daed2d6fab03e5a1bb844a4147e39fb2c0c7,2026-09-30T17:50:18Z
SubmitPartialDecryption,36,b16f73b5140ca11753af1db92dcb46529a88002ea8d67c1162dcd6dd0fde63f3,617,d6e6a7b0bbb3db86d641d046b9cc35d60c199d2a8f63b2869d5a8baedc7b9bf9,076775969727a095a04223338686ce9051dcfebf944a164c731d420d870c3ca8,62af68282b97bfbcc92f5574b4d8daed2d6fab03e5a1bb844a4147e39fb2c0c7,2026-09-30T17:50:18Z
SubmitPartialDecryption,44,038501dc61964f9c80997e7fab1ec0ac2c41811b582a57a6de7fec7f99b35930,617,d6e6a7b0bbb3db86d641d046b9cc35d60c199d2a8f63b2869d5a8baedc7b9bf9,076775969727a095a04223338686ce9051dcfebf944a164c731d420d870c3ca8,62af68282b97bfbcc92f5574b4d8daed2d6fab03e5a1bb844a4147e39fb2c0c7,2026-09-30T17:50:18Z
SubmitPartialDecryption,38,b605f79ee3532bd17d5b2c4c22edd81a06612d181511d6f840ad6e5e58b09527,617,d6e6a7b0bbb3db86d641d046b9cc35d60c199d2a8f63b2869d5a8baedc7b9bf9,076775969727a095a04223338686ce9051dcfebf944a164c731d420d870c3ca8,62af68282b97bfbcc92f5574b4d8daed2d6fab03e5a1bb844a4147e39fb2c0c7,2026-09-30T17:50:18Z
SubmitPartialDecryption,33,3d57289d33aa5aa816097ff5a3bc24384729246cb2c4f2239aebde48580b44dc,617,d6e6a7b0bbb3db86d641d046b9cc35d60c199d2a8f63b2869d5a8baedc7b9bf9,076775969727a095a04223338686ce9051dcfebf944a164c731d420d870c3ca8,62af68282b97bfbcc92f5574b4d8daed2d6fab03e5a1bb844a4147e39fb2c0c7,2026-09-30T17:50:18Z
SubmitPartialDecryption,35,db9bf121c3e2db39489b5b0c83b113bd5b4ebf13728b4054cd21d80695c49584,617,d6e6a7b0bbb3db86d641d046b9cc35d60c199d2a8f63b2869d5a8baedc7b9bf9,076775969727a095a04223338686ce9051dcfebf944a164c731d420d870c3ca8,62af68282b97bfbcc92f5574b4d8daed2d6fab03e5a1bb844a4147e39fb2c0c7,2026-09-30T17:50:18Z
SubmitPartialDecryption,43,1912e2abdbd1f51b9970a7658b62761124f825ccb4e5923a6a4b197489abd056,617,d6e6a7b0bbb3db86d641d046b9cc35d60c199d2a8f63b2869d5a8baedc7b9bf9,076775969727a095a04223338686ce9051dcfebf944a164c731d420d870c3ca8,62af68282b97bfbcc92f5574b4d8daed2d6fab03e5a1bb844a4147e39fb2c0c7,2026-09-30T17:50:18Z
SubmitPartialDecryption,46,7e6e4aa748fcf9d4ff536aa129bcf8faa70dfa23d1bfa94c4b70464f4b23fe5f,617,d6e6a7b0bbb3db86d641d046b9cc35d60c199d2a8f63b2869d5a8baedc7b9bf9,076775969727a095a04223338686ce9051dcfebf944a164c731d420d870c3ca8,62af68282b97bfbcc92f5574b4d8daed2d6fab03e5a1bb844a4147e39fb2c0c7,2026-09-30T17:50:18Z
SubmitPartialDecryption,47,5273b7033ac235bf561598472508871447f6fce315b3ec0ee8ee2af2c2803786,617,d6e6a7b0bbb3db86d641d046b9cc35d60c199d2a8f63b2869d5a8baedc7b9bf9,076775969727a095a04223338686ce9051dcfebf944a164c731d420d870c3ca8,62af68282b97bfbcc92f5574b4d8daed2d6fab03e5a1bb844a4147e39fb2c0c7,2026-09-30T17:50:18Z
SubmitPartialDecryption,37,26f17030365e3421afd86ec8644e16baf95810fa88c85fcc46ce73f80291a80b,617,d6e6a7b0bbb3db86d641d046b9cc35d60c199d2a8f63b2869d5a8baedc7b9bf9,076775969727a095a04223338686ce9051dcfebf944a164c731d420d870c3ca8,62af68282b97bfbcc92f5574b4d8daed2d6fab03e5a1bb844a4147e39fb2c0c7,2026-09-30T17:50:18Z
SubmitPartialDecryption,32,74001a79302002912f50df1d2aa4655dec52edfbbd90fb4c7a42d12c1eab7087,617,d6e6a7b0bbb3db86d641d046b9cc35d60c199d2a8f63b2869d5a8baedc7b9bf9,076775969727a095a04223338686ce9051dcfebf944a164c731d420d870c3ca8,62af68282b97bfbcc92f5574b4d8daed2d6fab03e5a1bb844a4147e39fb2c0c7,2026-09-30T17:50:18Z
SubmitPartialDecryption,41,e85d5d4bcc7193d4cbbebdf724c7c450a6ffd1125b4210454c259719ccccce88,617,d6e6a7b0bbb3db86d641d046b9cc35d60c199d2a8f63b2869d5a8baedc7b9bf9,076775969727a095a04223338686ce9051dcfebf944a164c731d420d870c3ca8,62af68282b97bfbcc92f5574b4d8daed2d6fab03e5a1bb844a4147e39fb2c0c7,2026-09-30T17:50:18Z
SubmitPartialDecryption,42,5bd47899c65c290f0c5b3fe1266bf706c78126ba1f6b8d95d4855a8f48d67099,617,d6e6a7b0bbb3db86d641d046b9cc35d60c199d2a8f63b2869d5a8baedc7b9bf9,076775969727a095a04223338686ce9051dcfebf944a164c731d420d870c3ca8,62af68282b97bfbcc92f5574b4d8daed2d6fab03e5a1bb844a4147e39fb2c0c7,2026-09-30T17:50:18Z
SubmitPartialDecryption,39,95ae9ccbb63eadfdf874165eb239d35af59eba997eac7ee874bf0f25085cddd8,617,d6e6a7b0bbb3db86d641d046b9cc35d60c199d2a8f63b2869d5a8baedc7b9bf9,076775969727a095a04223338686ce9051dcfebf944a164c731d420d870c3ca8,62af68282b97bfbcc92f5574b4d8daed2d6fab03e5a1bb844a4147e39fb2c0c7,2026-09-30T17:50:18Z
SubmitPartialDecryption,60,1206f917be1647c5a32475532be2c2fe4190f43e5d711501326f47afa697ab86,618,02d6e4098370b8688ab011b9a51fccc5fe4075e040ce4477259f73b8e5094c28,01b07bc09da5b9e97a6427c6911c2f4e08dfc21984f19f7e5fd8d563e04b7dd7,d6e6a7b0bbb3db86d641d046b9cc35d60c199d2a8f63b2869d5a8baedc7b9bf9,2026-09-30T17:50:20Z
SubmitPartialDecryption,52,749ac3d6b7c5b53c141119dd332574146d23ce2f909e1cd5911bf08a30403586,618,02d6e4098370b8688ab011b9a51fccc5fe4075e040ce4477259f73b8e5094c28,01b07bc09da5b9e97a6427c6911c2f4e08dfc21984f19f7e5fd8d563e04b7dd7,d6e6a7b0bbb3db86d641d046b9cc35d60c199d2a8f63b2869d5a8baedc7b9bf9,2026-09-30T17:50:20Z
SubmitPartialDecryption,56,38dab6c058f556db5f0c432902b833a0fdf54a59edca1a63004dc0aa7dcb0782,618,02d6e4098370b8688ab011b9a51fccc5fe4075e040ce4477259f73b8e5094c28,01b07bc09da5b9e97a6427c6911c2f4e08dfc21984f19f7e5fd8d563e04b7dd7,d6e6a7b0bbb3db86d641d046b9cc35d60c199d2a8f63b2869d5a8baedc7b9bf9,2026-09-30T17:50:20Z
SubmitPartialDecryption,58,a36f61f956ffe5cced0e2f9ce929376eca5f6bb7ef92273e2e813e6097da4e31,618,02d6e4098370b8688ab011b9a51fccc5fe4075e040ce4477259f73b8e5094c28,01b07bc09da5b9e97a6427c6911c2f4e08dfc21984f19f7e5fd8d563e04b7dd7,d6e6a7b0bbb3db86d641d046b9cc35d60c199d2a8f63b2869d5a8baedc7b9bf9,2026-09-30T17:50:20Z
SubmitPartialDecryption,55,ec2c0d2f6113dd849b2ece0ca576f3321b2b8c586f1a3223e5774909bcd7dc9c,618,02d6e4098370b8688ab011b9a51fccc5fe4075e040ce4477259f73b8e5094c28,01b07bc09da5b9e97a6427c6911c2f4e08dfc21984f19f7e5fd8d563e04b7dd7,d6e6a7b0bbb3db86d641d046b9cc35d60c199d2a8f63b2869d5a8baedc7b9bf9,2026-09-30T17:50:20Z
SubmitPartialDecryption,49,becd2c81b4ff91cd52b9875f79bbd559a665d56e265a824cf83221feba8ecba4,618,02d6e4098370b8688ab011b9a51fccc5fe4075e040ce4477259f73b8e5094c28,01b07bc09da5b9e97a6427c6911c2f4e08dfc21984f19f7e5fd8d563e04b7dd7,d6e6a7b0bbb3db86d641d046b9cc35d60c199d2a8f63b2869d5a8baedc7b9bf9,2026-09-30T17:50:20Z
SubmitPartialDecryption,54,91204a4af4a0b1fe997e673fbd8fe5dc7594f932b96c512af0fadeb103e467f5,618,02d6e4098370b8688ab011b9a51fccc5fe4075e040ce4477259f73b8e5094c28,01b07bc09da5b9e97a6427c6911c2f4e08dfc21984f19f7e5fd8d563e04b7dd7,d6e6a7b0bbb3db86d641d046b9cc35d60c199d2a8f63b2869d5a8baedc7b9bf9,2026-09-30T17:50:20Z
SubmitPartialDecryption,48,f994e59178f59cc9b14bdbea7bb2f7b36f6e6128ddafddedb1899fe50445a182,618,02d6e4098370b8688ab011b9a51fccc5fe4075e040ce4477259f73b8e5094c28,01b07bc09da5b9e97a6427c6911c2f4e08dfc21984f19f7e5fd8d563e04b7dd7,d6e6a7b0bbb3db86d641d046b9cc35d60c199d2a8f63b2869d5a8baedc7b9bf9,2026-09-30T17:50:20Z
SubmitPartialDecryption,57,e1f3d462dfb4af060562a2b62362f4e322184cded099bc197dfae9ffa680ebda,618,02d6e4098370b8688ab011b9a51fccc5fe4075e040ce4477259f73b8e5094c28,01b07bc09da5b9e97a6427c6911c2f4e08dfc21984f19f7e5fd8d563e04b7dd7,d6e6a7b0bbb3db86d641d046b9cc35d60c199d2a8f63b2869d5a8baedc7b9bf9,2026-09-30T17:50:20Z
SubmitPartialDecryption,61,32792501ca0ce6f0d5979d8cc55b9ee486e8d35ed0a4f71e468bbbedb7d392e4,618,02d6e4098370b8688ab011b9a51fccc5fe4075e040ce4477259f73b8e5094c28,01b07bc09da5b9e97a6427c6911c2f4e08dfc21984f19f7e5fd8d563e04b7dd7,d6e6a7b0bbb3db86d641d046b9cc35d60c199d2a8f63b2869d5a8baedc7b9bf9,2026-09-30T17:50:20Z
SubmitPartialDecryption,50,3cabce82032a83ab53a962772449a97594b9c3ea0814716b029fee2f727faf35,618,02d6e4098370b8688ab011b9a51fccc5fe4075e040ce4477259f73b8e5094c28,01b07bc09da5b9e97a6427c6911c2f4e08dfc21984f19f7e5fd8d563e04b7dd7,d6e6a7b0bbb3db86d641d046b9cc35d60c199d2a8f63b2869d5a8baedc7b9bf9,2026-09-30T17:50:20Z
SubmitPartialDecryption,63,f6a5c5c43009464007c8cb2b99f3c7dbe3b0665f0833eee283a760f8fa6e441d,618,02d6e4098370b8688ab011b9a51fccc5fe4075e040ce4477259f73b8e5094c28,01b07bc09da5b9e97a6427c6911c2f4e08dfc21984f19f7e5fd8d563e04b7dd7,d6e6a7b0bbb3db86d641d046b9cc35d60c199d2a8f63b2869d5a8baedc7b9bf9,2026-09-30T17:50:20Z
SubmitPartialDecryption,51,2108702ea8c66f36c5e7897ff99b873627cb1a36f777f4e0ca095d5b676139e9,618,02d6e4098370b8688ab011b9a51fccc5fe4075e040ce4477259f73b8e5094c28,01b07bc09da5b9e97a6427c6911c2f4e08dfc21984f19f7e5fd8d563e04b7dd7,d6e6a7b0bbb3db86d641d046b9cc35d60c199d2a8f63b2869d5a8baedc7b9bf9,2026-09-30T17:50:20Z
SubmitPartialDecryption,62,04d7c7a72e3d5bd7b79a62117999b9b47a35171baef1c3a62193f4ce8c15346c,618,02d6e4098370b8688ab011b9a51fccc5fe4075e040ce4477259f73b8e5094c28,01b07bc09da5b9e97a6427c6911c2f4e08dfc21984f19f7e5fd8d563e04b7dd7,d6e6a7b0bbb3db86d641d046b9cc35d60c199d2a8f63b2869d5a8baedc7b9bf9,2026-09-30T17:50:20Z
SubmitPartialDecryption,59,bc75d55b5a059f8441d57775cc0e4be5f5e161be4ea6396b010d56fcbc7a47fb,618,02d6e4098370b8688ab011b9a51fccc5fe4075e040ce4477259f73b8e5094c28,01b07bc09da5b9e97a6427c6911c2f4e08dfc21984f19f7e5fd8d563e04b7dd7,d6e6a7b0bbb3db86d641d046b9cc35d60c199d2a8f63b2869d5a8baedc7b9bf9,2026-09-30T17:50:20Z
SubmitPartialDecryption,53,ce20540ab984be039faf4f1172a61c239462660c6d89aaf5edcb127cf2a9afe8,618,02d6e4098370b8688ab011b9a51fccc5fe4075e040ce4477259f73b8e5094c28,01b07bc09da5b9e97a6427c6911c2f4e08dfc21984f19f7e5fd8d563e04b7dd7,d6e6a7b0bbb3db86d641d046b9cc35d60c199d2a8f63b2869d5a8baedc7b9bf9,2026-09-30T17:50:20Z
SubmitPartialDecryption,79,2ef47567825342c03be3e99e714b54efe602319ef20691c7dc8c6723ee6a42e8,619,971537c5beadd4ec02c580f13f43f69f0122b049cdbbcf1cc0484d1650ddaa57,eb65b0e2e9680e8d991211a62cf5ad29695e7df6559a91a511f1029cf4ea571e,02d6e4098370b8688ab011b9a51fccc5fe4075e040ce4477259f73b8e5094c28,2026-09-30T17:50:22Z
SubmitPartialDecryption,69,9afafadb54afcb0c62c50eb11bfe95a2266fdd5d50670a7d044a872ac08d59ec,619,971537c5beadd4ec02c580f13f43f69f0122b049cdbbcf1cc0484d1650ddaa57,eb65b0e2e9680e8d991211a62cf5ad29695e7df6559a91a511f1029cf4ea571e,02d6e4098370b8688ab011b9a51fccc5fe4075e040ce4477259f73b8e5094c28,2026-09-30T17:50:22Z
SubmitPartialDecryption,68,0fc2b3433b1535b57ea849d944e1161ffe32248e81da6210b6906dcce51416c8,619,971537c5beadd4ec02c580f13f43f69f0122b049cdbbcf1cc0484d1650ddaa57,eb65b0e2e9680e8d991211a62cf5ad29695e7df6559a91a511f1029cf4ea571e,02d6e4098370b8688ab011b9a51fccc5fe4075e040ce4477259f73b8e5094c28,2026-09-30T17:50:22Z
SubmitPartialDecryption,72,d6e1ef3fe3d37f8cfd2ef16d7052d5524c84442cecc1ca232e030f2bfff1c419,619,971537c5beadd4ec02c580f13f43f69f0122b049cdbbcf1cc0484d1650ddaa57,eb65b0e2e9680e8d991211a62cf5ad29695e7df6559a91a511f1029cf4ea571e,02d6e4098370b8688ab011b9a51fccc5fe4075e040ce4477259f73b8e5094c28,2026-09-30T17:50:22Z
SubmitPartialDecryption,70,f00cae2d942c11371fb74cdd3e67a4177a8e79cea386f4467493d3c09033aff3,619,971537c5beadd4ec02c580f13f43f69f0122b049cdbbcf1cc0484d1650ddaa57,eb65b0e2e9680e8d991211a62cf5ad29695e7df6559a91a511f1029cf4ea571e,02d6e4098370b8688ab011b9a51fccc5fe4075e040ce4477259f73b8e5094c28,2026-09-30T17:50:22Z
SubmitPartialDecryption,75,2d3462a98b6e9d67a63dd9e4f8a244ec6954d305489452beff3f107c567a7137,619,971537c5beadd4ec02c580f13f43f69f0122b049cdbbcf1cc0484d1650ddaa57,eb65b0e2e9680e8d991211a62cf5ad29695e7df6559a91a511f1029cf4ea571e,02d6e4098370b8688ab011b9a51fccc5fe4075e040ce4477259f73b8e5094c28,2026-09-30T17:50:22Z
SubmitPartialDecryption,77,9b0f0f849699c14ef4ffc938b77eafdab6afe7ef6a798637987b070663de11fc,619,971537c5beadd4ec02c580f13f43f69f0122b049cdbbcf1cc0484d1650ddaa57,eb65b0e2e9680e8d991211a62cf5ad29695e7df6559a91a511f1029cf4ea571e,02d6e4098370b8688ab011b9a51fccc5fe4075e040ce4477259f73b8e5094c28,2026-09-30T17:50:22Z
SubmitPartialDecryption,71,cb0a973ccfbae616ec7ea364a0363c2d3225bdef55fa0f94f24de86f098645f4,619,971537c5beadd4ec02c580f13f43f69f0122b049cdbbcf1cc0484d1650ddaa57,eb65b0e2e9680e8d991211a62cf5ad29695e7df6559a91a511f1029cf4ea571e,02d6e4098370b8688ab011b9a51fccc5fe4075e040ce4477259f73b8e5094c28,2026-09-30T17:50:22Z
SubmitPartialDecryption,64,175ca5411f955157ec6d0c11ecf8f9767fad716e1006f99d5ffd2ef27b24a120,619,971537c5beadd4ec02c580f13f43f69f0122b049cdbbcf1cc0484d1650ddaa57,eb65b0e2e9680e8d991211a62cf5ad29695e7df6559a91a511f1029cf4ea571e,02d6e4098370b8688ab011b9a51fccc5fe4075e040ce4477259f73b8e5094c28,2026-09-30T17:50:22Z
SubmitPartialDecryption,67,7d631c408775ea357fbdb4ffcd3f486e0b75c74e2b447812551c607e171e75a0,619,971537c5beadd4ec02c580f13f43f69f0122b049cdbbcf1cc0484d1650ddaa57,eb65b0e2e9680e8d991211a62cf5ad29695e7df6559a91a511f1029cf4ea571e,02d6e4098370b8688ab011b9a51fccc5fe4075e040ce4477259f73b8e5094c28,2026-09-30T17:50:22Z
SubmitPartialDecryption,76,f2bbd105da07b0d5e5c60f86889f327734d98d90f4ce4ffad390e79f3b870f77,619,971537c5beadd4ec02c580f13f43f69f0122b049cdbbcf1cc0484d1650ddaa57,eb65b0e2e9680e8d991211a62cf5ad29695e7df6559a91a511f1029cf4ea571e,02d6e4098370b8688ab011b9a51fccc5fe4075e040ce4477259f73b8e5094c28,2026-09-30T17:50:22Z
SubmitPartialDecryption,78,ea964d83ed905ccf4347d6becd14bf4605207dce14c2a4cc0ea66c7513b4b177,619,971537c5beadd4ec02c580f13f43f69f0122b049cdbbcf1cc0484d1650ddaa57,eb65b0e2e9680e8d991211a62cf5ad29695e7df6559a91a511f1029cf4ea571e,02d6e4098370b8688ab011b9a51fccc5fe4075e040ce4477259f73b8e5094c28,2026-09-30T17:50:22Z
SubmitPartialDecryption,66,91620a371571642942db830beff8ef75715f06d76b318b38eab9bd04e9a43f7a,619,971537c5beadd4ec02c580f13f43f69f0122b049cdbbcf1cc0484d1650ddaa57,eb65b0e2e9680e8d991211a62cf5ad29695e7df6559a91a511f1029cf4ea571e,02d6e4098370b8688ab011b9a51fccc5fe4075e040ce4477259f73b8e5094c28,2026-09-30T17:50:22Z
SubmitPartialDecryption,74,eaf69a0b66b6cd7c6d35499b9a279ee96a863a491316b8109762e2da6d7897e4,619,971537c5beadd4ec02c580f13f43f69f0122b049cdbbcf1cc0484d1650ddaa57,eb65b0e2e9680e8d991211a62cf5ad29695e7df6559a91a511f1029cf4ea571e,02d6e4098370b8688ab011b9a51fccc5fe4075e040ce4477259f73b8e5094c28,2026-09-30T17:50:22Z
SubmitPartialDecryption,65,8aee8f672c778dc7106abf7ff7aacad9e87853d4ea87558cdd6ad3267d7884f6,619,971537c5beadd4ec02c580f13f43f69f0122b049cdbbcf1cc0484d1650ddaa57,eb65b0e2e9680e8d991211a62cf5ad29695e7df6559a91a511f1029cf4ea571e,02d6e4098370b8688ab011b9a51fccc5fe4075e040ce4477259f73b8e5094c28,2026-09-30T17:50:22Z
SubmitPartialDecryption,73,a50bfd819847d9e63e297ad91980cab1d308e5b8181d0222192085a9a7c84fdb,619,971537c5beadd4ec02c580f13f43f69f0122b049cdbbcf1cc0484d1650ddaa57,eb65b0e2e9680e8d991211a62cf5ad29695e7df6559a91a511f1029cf4ea571e,02d6e4098370b8688ab011b9a51fccc5fe4075e040ce4477259f73b8e5094c28,2026-09-30T17:50:22Z
SubmitPartialDecryption,80,30823b3e30f3d364d8dc8f958c2f7f024547d8edbbddab9a7822047a63debf45,620,fc1a65809fe9961d4007b850d7e4ed84c60bf450b711e3f07f08a4999dc77fb6,ba5f15df92b888b414b49e5f75acc296409d479e8cabafced516d6912e1a94b9,971537c5beadd4ec02c580f13f43f69f0122b049cdbbcf1cc0484d1650ddaa57,2026-09-30T17:50:24Z
SubmitPartialDecryption,82,3d51739f3fea0c510d6067c5438781906d5586fe52ea57282f04992e16a41d90,620,fc1a65809fe9961d4007b850d7e4ed84c60bf450b711e3f07f08a4999dc77fb6,ba5f15df92b888b414b49e5f75acc296409d479e8cabafced516d6912e1a94b9,971537c5beadd4ec02c580f13f43f69f0122b049cdbbcf1cc0484d1650ddaa57,2026-09-30T17:50:24Z
SubmitPartialDecryption,83,2e4f94ebc692e833e5dd0682cc77d4264a42783468fb90c1930d52569f9ae87f,620,fc1a65809fe9961d4007b850d7e4ed84c60bf450b711e3f07f08a4999dc77fb6,ba5f15df92b888b414b49e5f75acc296409d479e8cabafced516d6912e1a94b9,971537c5beadd4ec02c580f13f43f69f0122b049cdbbcf1cc0484d1650ddaa57,2026-09-30T17:50:24Z
SubmitPartialDecryption,90,c85d25adabfc1eced86be2fec452c2579f414e82b5ad4a06b98be7964a62b7a0,620,fc1a65809fe9961d4007b850d7e4ed84c60bf450b711e3f07f08a4999dc77fb6,ba5f15df92b888b414b49e5f75acc296409d479e8cabafced516d6912e1a94b9,971537c5beadd4ec02c580f13f43f69f0122b049cdbbcf1cc0484d1650ddaa57,2026-09-30T17:50:24Z
SubmitPartialDecryption,94,532145a0b0dadfe6c3014b7eae843b72cd35b297ee2370f68e834d28ef0097e6,620,fc1a65809fe9961d4007b850d7e4ed84c60bf450b711e3f07f08a4999dc77fb6,ba5f15df92b888b414b49e5f75acc296409d479e8cabafced516d6912e1a94b9,971537c5beadd4ec02c580f13f43f69f0122b049cdbbcf1cc0484d1650ddaa57,2026-09-30T17:50:24Z
SubmitPartialDecryption,81,13bfe49a541edd46c87b4d957a62975c146c42838538434e12412ae0cb05f15a,620,fc1a65809fe9961d4007b850d7e4ed84c60bf450b711e3f07f08a4999dc77fb6,ba5f15df92b888b414b49e5f75acc296409d479e8cabafced516d6912e1a94b9,971537c5beadd4ec02c580f13f43f69f0122b049cdbbcf1cc0484d1650ddaa57,2026-09-30T17:50:24Z
SubmitPartialDecryption,95,20f54cc58aeed75e66ee53282d10c38bc5bd72ba46a4be4054a4187b9f886f2f,620,fc1a65809fe9961d4007b850d7e4ed84c60bf450b711e3f07f08a4999dc77fb6,ba5f15df92b888b414b49e5f75acc296409d479e8cabafced516d6912e1a94b9,971537c5beadd4ec02c580f13f43f69f0122b049cdbbcf1cc0484d1650ddaa57,2026-09-30T17:50:24Z
SubmitPartialDecryption,87,3289ef0a1e45ae22e2b8bb0bd1f8fcac81d3c11c2700643aab7d3b117adeaf79,620,fc1a65809fe9961d4007b850d7e4ed84c60bf450b711e3f07f08a4999dc77fb6,ba5f15df92b888b414b49e5f75acc296409d479e8cabafced516d6912e1a94b9,971537c5beadd4ec02c580f13f43f69f0122b049cdbbcf1cc0484d1650ddaa57,2026-09-30T17:50:24Z
SubmitPartialDecryption,91,484b3e150dbb8017d0b9677fe412eecabf4625d6ee712594cfc345219a62186b,620,fc1a65809fe9961d4007b850d7e4ed84c60bf450b711e3f07f08a4999dc77fb6,ba5f15df92b888b414b49e5f75acc296409d479e8cabafced516d6912e1a94b9,971537c5beadd4ec02c580f13f43f69f0122b049cdbbcf1cc0484d1650ddaa57,2026-09-30T17:50:24Z
SubmitPartialDecryption,86,d4a4ee866dda87e9a40c9df51b3c318f54a7b94d41f1fc303d050926f850cd08,620,fc1a65809fe9961d4007b850d7e4ed84c60bf450b711e3f07f08a4999dc77fb6,ba5f15df92b888b414b49e5f75acc296409d479e8cabafced516d6912e1a94b9,971537c5beadd4ec02c580f13f43f69f0122b049cdbbcf1cc0484d1650ddaa57,2026-09-30T17:50:24Z
SubmitPartialDecryption,84,22f3e4ffa4e238bdff94428225c91851836958a19b8cf5d066380422bba2befe,620,fc1a65809fe9961d4007b850d7e4ed84c60bf450b711e3f07f08a4999dc77fb6,ba5f15df92b888b414b49e5f75acc296409d479e8cabafced516d6912e1a94b9,971537c5beadd4ec02c580f13f43f69f0122b049cdbbcf1cc0484d1650ddaa57,2026-09-30T17:50:24Z
SubmitPartialDecryption,88,5d292df03c172db0b5895ef2d1f2c158aaebfc3c685f1be60b99e560a6537bac,620,fc1a65809fe9961d4007b850d7e4ed84c60bf450b711e3f07f08a4999dc77fb6,ba5f15df92b888b414b49e5f75acc296409d479e8cabafced516d6912e1a94b9,971537c5beadd4ec02c580f13f43f69f0122b049cdbbcf1cc0484d1650ddaa57,2026-09-30T17:50:24Z
SubmitPartialDecryption,92,cc714cfeb293c2bb9f09e354e470d65d563b420e351d41fb95a7d3cc09884fa4,620,fc1a65809fe9961d4007b850d7e4ed84c60bf450b711e3f07f08a4999dc77fb6,ba5f15df92b888b414b49e5f75acc296409d479e8cabafced516d6912e1a94b9,971537c5beadd4ec02c580f13f43f69f0122b049cdbbcf1cc0484d1650ddaa57,2026-09-30T17:50:24Z
SubmitPartialDecryption,85,d8272ad60c4b3c8fbf2e6a525bab7dd9ac6e3a5b09c9fdfa09c5be288286770c,620,fc1a65809fe9961d4007b850d7e4ed84c60bf450b711e3f07f08a4999dc77fb6,ba5f15df92b888b414b49e5f75acc296409d479e8cabafced516d6912e1a94b9,971537c5beadd4ec02c580f13f43f69f0122b049cdbbcf1cc0484d1650ddaa57,2026-09-30T17:50:24Z
SubmitPartialDecryption,93,0f882ced0854634c83d5dad19ec731547463bccb587243986b87f3cb234d44f1,620,fc1a65809fe9961d4007b850d7e4ed84c60bf450b711e3f07f08a4999dc77fb6,ba5f15df92b888b414b49e5f75acc296409d479e8cabafced516d6912e1a94b9,971537c5beadd4ec02c580f13f43f69f0122b049cdbbcf1cc0484d1650ddaa57,2026-09-30T17:50:24Z
SubmitPartialDecryption,89,e0dec68864e730c001b3517af4905b5008c190da6da8eb64b1d2cd62d14a3b54,620,fc1a65809fe9961d4007b850d7e4ed84c60bf450b711e3f07f08a4999dc77fb6,ba5f15df92b888b414b49e5f75acc296409d479e8cabafced516d6912e1a94b9,971537c5beadd4ec02c580f13f43f69f0122b049cdbbcf1cc0484d1650ddaa57,2026-09-30T17:50:24Z
SubmitPartialDecryption,105,6d00cd47711efb3933da2cdda049803f1acce0a757c5e1fdd3bb8399661438f0,621,e4b7238f1bd6ff21fb622a02c0caf8395901bf0fb41e1e2b6b1cc1fbc3289487,41427c3e9960908499d434c821ed83f6f3e4462108194ea694f185875f7d6f9d,fc1a65809fe9961d4007b850d7e4ed84c60bf450b711e3f07f08a4999dc77fb6,2026-09-30T17:50:26Z
SubmitPartialDecryption,107,5cc2823a078318b03de772c6045fcb7d63988f69dce4871bb4bb40990cb5b018,621,e4b7238f1bd6ff21fb622a02c0caf8395901bf0fb41e1e2b6b1cc1fbc3289487,41427c3e9960908499d434c821ed83f6f3e4462108194ea694f185875f7d6f9d,fc1a65809fe9961d4007b850d7e4ed84c60bf450b711e3f07f08a4999dc77fb6,2026-09-30T17:50:26Z
SubmitPartialDecryption,103,0c9fabe9709900573e2493bfcd1ad45203558d92c040a295c47920127677685b,621,e4b7238f1bd6ff21fb622a02c0caf8395901bf0fb41e1e2b6b1cc1fbc3289487,41427c3e9960908499d434c821ed83f6f3e4462108194ea694f185875f7d6f9d,fc1a65809fe9961d4007b850d7e4ed84c60bf450b711e3f07f08a4999dc77fb6,2026-09-30T17:50:26Z
SubmitPartialDecryption,101,d6911c0202b3793e73ea6f0ab0ea0c64d1c16fce7119b368d3619d1fcf1dd710,621,e4b7238f1bd6ff21fb622a02c0caf8395901bf0fb41e1e2b6b1cc1fbc3289487,41427c3e9960908499d434c821ed83f6f3e4462108194ea694f185875f7d6f9d,fc1a65809fe9961d4007b850d7e4ed84c60bf450b711e3f07f08a4999dc77fb6,2026-09-30T17:50:26Z
SubmitPartialDecryption,99,381512db8c1a2587853c282e7353c2891dcd70a92ad49ee028ca550f8d71e329,621,e4b7238f1bd6ff21fb622a02c0caf8395901bf0fb41e1e2b6b1cc1fbc3289487,41427c3e9960908499d434c821ed83f6f3e4462108194ea694f185875f7d6f9d,fc1a65809fe9961d4007b850d7e4ed84c60bf450b711e3f07f08a4999dc77fb6,2026-09-30T17:50:26Z
SubmitPartialDecryption,98,53b0182f70d2b559eee65512c7e9e266d696e92edfea5569e9ce1e59f67d4173,621,e4b7238f1bd6ff21fb622a02c0caf8395901bf0fb41e1e2b6b1cc1fbc3289487,41427c3e9960908499d434c821ed83f6f3e4462108194ea694f185875f7d6f9d,fc1a65809fe9961d4007b850d7e4ed84c60bf450b711e3f07f08a4999dc77fb6,2026-09-30T17:50:26Z
SubmitPartialDecryption,110,c94fe3091bade634060ecafe0e02706a343802c311a91728eaf88b8a4ad682c0,621,e4b7238f1bd6ff21fb622a02c0caf8395901bf0fb41e1e2b6b1cc1fbc3289487,41427c3e9960908499d434c821ed83f6f3e4462108194ea694f185875f7d6f9d,fc1a65809fe9961d4007b850d7e4ed84c60bf450b711e3f07f08a4999dc77fb6,2026-09-30T17:50:26Z
SubmitPartialDecryption,106,59ed57aea858a4dbaaed4d6cb9a9ba148c8d4400b8f77dbe2e54d0fd2c8a5cb1,621,e4b7238f1bd6ff21fb622a02c0caf8395901bf0fb41e1e2b6b1cc1fbc3289487,41427c3e9960908499d434c821ed83f6f3e4462108194ea694f185875f7d6f9d,fc1a65809fe9961d4007b850d7e4ed84c60bf450b711e3f07f08a4999dc77fb6,2026-09-30T17:50:26Z
SubmitPartialDecryption,108,d7c4becf3ac3364be0436402a199217c6d31f3b6d580bc88c9773003fcb33cdf,621,e4b7238f1bd6ff21fb622a02c0caf8395901bf0fb41e1e2b6b1cc1fbc3289487,41427c3e9960908499d434c821ed83f6f3e4462108194ea694f185875f7d6f9d,fc1a65809fe9961d4007b850d7e4ed84c60bf450b711e3f07f08a4999dc77fb6,2026-09-30T17:50:26Z
SubmitPartialDecryption,100,1c3b2d6d3e0b95076a75bbbf4f436873a0902f1019b84b3ebb6ffcf7b63ff506,621,e4b7238f1bd6ff21fb622a02c0caf8395901bf0fb41e1e2b6b1cc1fbc3289487,41427c3e9960908499d434c821ed83f6f3e4462108194ea694f185875f7d6f9d,fc1a65809fe9961d4007b850d7e4ed84c60bf450b711e3f07f08a4999dc77fb6,2026-09-30T17:50:26Z
SubmitPartialDecryption,102,153c0e6ec7cd3694f6ad70067c9c60370d2edf58015a1351404bc9fe3e619749,621,e4b7238f1bd6ff21fb622a02c0caf8395901bf0fb41e1e2b6b1cc1fbc3289487,41427c3e9960908499d434c821ed83f6f3e4462108194ea694f185875f7d6f9d,fc1a65809fe9961d4007b850d7e4ed84c60bf450b711e3f07f08a4999dc77fb6,2026-09-30T17:50:26Z
SubmitPartialDecryption,96,19f093637063875c69e8129723ab8d93ade64303abd718d7e3b9e987e4ce9a12,621,e4b7238f1bd6ff21fb622a02c0caf8395901bf0fb41e1e2b6b1cc1fbc3289487,41427c3e9960908499d434c821ed83f6f3e4462108194ea694f185875f7d6f9d,fc1a65809fe9961d4007b850d7e4ed84c60bf450b711e3f07f08a4999dc77fb6,2026-09-30T17:50:26Z
SubmitPartialDecryption,97,2c5de43037c9a85987178d4064aa321e9cd8310820e4f733144e020e633388d4,621,e4b7238f1bd6ff21fb622a02c0caf8395901bf0fb41e1e2b6b1cc1fbc3289487,41427c3e9960908499d434c821ed83f6f3e4462108194ea694f185875f7d6f9d,fc1a65809fe9961d4007b850d7e4ed84c60bf450b711e3f07f08a4999dc77fb6,2026-09-30T17:50:26Z
SubmitPartialDecryption,111,4f3801408842683d0a1d48bea475e8ac92b24deb5c9696cd2f4716ac0a0ab99a,621,e4b7238f1bd6ff21fb622a02c0caf8395901bf0fb41e1e2b6b1cc1fbc3289487,41427c3e9960908499d434c821ed83f6f3e4462108194ea694f185875f7d6f9d,fc1a65809fe9961d4007b850d7e4ed84c60bf450b711e3f07f08a4999dc77fb6,2026-09-30T17:50:26Z
SubmitPartialDecryption,104,5ff6d01285cab54a029663f411dda0e5dc5c2168a9d21808c44ad0572a73136f,621,e4b7238f1bd6ff21fb622a02c0caf8395901bf0fb41e1e2b6b1cc1fbc3289487,41427c3e9960908499d434c821ed83f6f3e4462108194ea694f185875f7d6f9d,fc1a65809fe9961d4007b850d7e4ed84c60bf450b711e3f07f08a4999dc77fb6,2026-09-30T17:50:26Z
SubmitPartialDecryption,109,72d0f3f507130a8d960844c693d72bd134562ee7b4aec16920cc03daa8bc4354,621,e4b7238f1bd6ff21fb622a02c0caf8395901bf0fb41e1e2b6b1cc1fbc3289487,41427c3e9960908499d434c821ed83f6f3e4462108194ea694f185875f7d6f9d,fc1a65809fe9961d4007b850d7e4ed84c60bf450b711e3f07f08a4999dc77fb6,2026-09-30T17:50:26Z
SubmitPartialDecryption,125,a42eaf4ca56e05be9bb6fcfa4dc7ab690ee603b1c13ead66ad86bc891a053311,622,a4abf2f3d9ba54aa7d28e12aa1fa325fde0343616f164e4522329066f04cfc92,131577727b41418bd0954cb5b517457d13f7d0a73e75ecad6d71b0737d518de4,e4b7238f1bd6ff21fb622a02c0caf8395901bf0fb41e1e2b6b1cc1fbc3289487,2026-09-30T17:50:28Z
SubmitPartialDecryption,126,7df1262900c8dd6cf13baa4e92b9b3f930addac30bda12c39aa9009937526fb2,622,a4abf2f3d9ba54aa7d28e12aa1fa325fde0343616f164e4522329066f04cfc92,131577727b41418bd0954cb5b517457d13f7d0a73e75ecad6d71b0737d518de4,e4b7238f1bd6ff21fb622a02c0caf8395901bf0fb41e1e2b6b1cc1fbc3289487,2026-09-30T17:50:28Z
SubmitPartialDecryption,116,250ada199be0a02f7f5581f2c9a9c77f26537a181077b8d1ed7bb99f5ffe68c7,622,a4abf2f3d9ba54aa7d28e12aa1fa325fde0343616f164e4522329066f04cfc92,131577727b41418bd0954cb5b517457d13f7d0a73e75ecad6d71b0737d518de4,e4b7238f1bd6ff21fb622a02c0caf8395901bf0fb41e1e2b6b1cc1fbc3289487,2026-09-30T17:50:28Z
SubmitPartialDecryption,115,9c8deb4be128f007ea9ce3891530c89e6e076c244e1023b4603dde4d29c7d5f5,622,a4abf2f3d9ba54aa7d28e12aa1fa325fde0343616f164e4522329066f04cfc92,131577727b41418bd0954cb5b517457d13f7d0a73e75ecad6d71b0737d518de4,e4b7238f1bd6ff21fb622a02c0caf8395901bf0fb41e1e2b6b1cc1fbc3289487,2026-09-30T17:50:28Z
SubmitPartialDecryption,118,b63a516fa0fc2e3bbc85050eaa5a2292f66ccaa673bac0087763de69624b212a,622,a4abf2f3d9ba54aa7d28e12aa1fa325fde0343616f164e4522329066f04cfc92,131577727b41418bd0954cb5b517457d13f7d0a73e75ecad6d71b0737d518de4,e4b7238f1bd6ff21fb622a02c0caf8395901bf0fb41e1e2b6b1cc1fbc3289487,2026-09-30T17:50:28Z
SubmitPartialDecryption,120,bcedd9a16c992d4d2ec671603a40917028351c2be7b4c729ce6ba6f98a795d77,622,a4abf2f3d9ba54aa7d28e12aa1fa325fde0343616f164e4522329066f04cfc92,131577727b41418bd0954cb5b517457d13f7d0a73e75ecad6d71b0737d518de4,e4b7238f1bd6ff21fb622a02c0caf8395901bf0fb41e1e2b6b1cc1fbc3289487,2026-09-30T17:50:28Z
SubmitPartialDecryption,114,0fd183798884159089e84900d19fb5f87fd62cc4684fcc930db9aa7f7077c05f,622,a4abf2f3d9ba54aa7d28e12aa1fa325fde0343616f164e4522329066f04cfc92,131577727b41418bd0954cb5b517457d13f7d0a73e75ecad6d71b0737d518de4,e4b7238f1bd6ff21fb622a02c0caf8395901bf0fb41e1e2b6b1cc1fbc3289487,2026-09-30T17:50:28Z
SubmitPartialDecryption,112,623dce1cc437c99dd8eb8b11d8b17878e923f05b016f52941e9efd3307a5ac9a,622,a4abf2f3d9ba54aa7d28e12aa1fa325fde0343616f164e4522329066f04cfc92,131577727b41418bd0954cb5b517457d13f7d0a73e75ecad6d71b0737d518de4,e4b7238f1bd6ff21fb622a02c0caf8395901bf0fb41e1e2b6b1cc1fbc3289487,2026-09-30T17:50:28Z
SubmitPartialDecryption,113,2949291ff696188447f2176e8f3d2739a43ab5f0a86158cfaa4bfbf48b94d4bc,622,a4abf2f3d9ba54aa7d28e12aa1fa325fde0343616f164e4522329066f04cfc92,131577727b41418bd0954cb5b517457d13f7d0a73e75ecad6d71b0737d518de4,e4b7238f1bd6ff21fb622a02c0caf8395901bf0fb41e1e2b6b1cc1fbc3289487,2026-09-30T17:50:28Z
SubmitPartialDecryption,124,51b09a2ccdd9f47732720dcfdc5a81ce973c7e759a113c01cd0d5db5e039e379,622,a4abf2f3d9ba54aa7d28e12aa1fa325fde0343616f164e4522329066f04cfc92,131577727b41418bd0954cb5b517457d13f7d0a73e75ecad6d71b0737d518de4,e4b7238f1bd6ff21fb622a02c0caf8395901bf0fb41e1e2b6b1cc1fbc3289487,2026-09-30T17:50:28Z
SubmitPartialDecryption,122,4cb7c3bc0ecb44123ec1af13e08f2a9467aed2607ed2b1b36c469c2f751f2c72,622,a4abf2f3d9ba54aa7d28e12aa1fa325fde0343616f164e4522329066f04cfc92,131577727b41418bd0954cb5b517457d13f7d0a73e75ecad6d71b0737d518de4,e4b7238f1bd6ff21fb622a02c0caf8395901bf0fb41e1e2b6b1cc1fbc3289487,2026-09-30T17:50:28Z
SubmitPartialDecryption,121,a07943c1678eb11827a5f174e46dc0abf23ed8fc2593ab279814ac37dc8e417d,622,a4abf2f3d9ba54aa7d28e12aa1fa325fde0343616f164e4522329066f04cfc92,131577727b41418bd0954cb5b517457d13f7d0a73e75ecad6d71b0737d518de4,e4b7238f1bd6ff21fb622a02c0caf8395901bf0fb41e1e2b6b1cc1fbc3289487,2026-09-30T17:50:28Z
SubmitPartialDecryption,117,9fd5f16a5c39f5dcd92f82132bac13a7ae276820fcb6c78651098dbf046384cb,622,a4abf2f3d9ba54aa7d28e12aa1fa325fde0343616f164e4522329066f04cfc92,131577727b41418bd0954cb5b517457d13f7d0a73e75ecad6d71b0737d518de4,e4b7238f1bd6ff21fb622a02c0caf8395901bf0fb41e1e2b6b1cc1fbc3289487,2026-09-30T17:50:28Z
SubmitPartialDecryption,127,789276676e019ea8908a151dab9f0d1407b3d5380f4ed785fb2bd88b62964d80,622,a4abf2f3d9ba54aa7d28e12aa1fa325fde0343616f164e4522329066f04cfc92,131577727b41418bd0954cb5b517457d13f7d0a73e75ecad6d71b0737d518de4,e4b7238f1bd6ff21fb622a02c0caf8395901bf0fb41e1e2b6b1cc1fbc3289487,2026-09-30T17:50:28Z
SubmitPartialDecryption,123,c201bddcbc7d6b9a04305155a3cb80b58f83b4082c6abe0d67b7789323c79727,622,a4abf2f3d9ba54aa7d28e12aa1fa325fde0343616f164e4522329066f04cfc92,131577727b41418bd0954cb5b517457d13f7d0a73e75ecad6d71b0737d518de4,e4b7238f1bd6ff21fb622a02c0caf8395901bf0fb41e1e2b6b1cc1fbc3289487,2026-09-30T17:50:28Z
SubmitPartialDecryption,119,65cbe1279d7adbd7bc1ba034855fe007a81766d730f30289d8b4d3eee21a10d7,622,a4abf2f3d9ba54aa7d28e12aa1fa325fde0343616f164e4522329066f04cfc92,131577727b41418bd0954cb5b517457d13f7d0a73e75ecad6d71b0737d518de4,e4b7238f1bd6ff21fb622a02c0caf8395901bf0fb41e1e2b6b1cc1fbc3289487,2026-09-30T17:50:28Z
SubmitPartialDecryption,136,fd4bca1c660a0b086b84028e3d337e50c07fcdd52da597b847c3769e0366f7c7,623,4ebf5e06a62d5eceea2357f3ebf805f6aefed3814e11290b759d33ee291f70fa,4aa315d84cad319ba76c5b27935af64bf89c82f31f1f29010d4bdea0e88ebbb1,a4abf2f3d9ba54aa7d28e12aa1fa325fde0343616f164e4522329066f04cfc92,2026-09-30T17:50:30Z
SubmitPartialDecryption,132,ec6ae8c5bdc9e3eabed41efe0460cdfa6ca80eb829c232c592fe0dfec985e3c3,623,4ebf5e06a62d5eceea2357f3ebf805f6aefed3814e11290b759d33ee291f70fa,4aa315d84cad319ba76c5b27935af64bf89c82f31f1f29010d4bdea0e88ebbb1,a4abf2f3d9ba54aa7d28e12aa1fa325fde0343616f164e4522329066f04cfc92,2026-09-30T17:50:30Z
SubmitPartialDecryption,131,fbb93910baba8cbbdec1b32afa360e9f843fd9127062bc949f74840e2c4bace5,623,4ebf5e06a62d5eceea2357f3ebf805f6aefed3814e11290b759d33ee291f70fa,4aa315d84cad319ba76c5b27935af64bf89c82f31f1f29010d4bdea0e88ebbb1,a4abf2f3d9ba54aa7d28e12aa1fa325fde0343616f164e4522329066f04cfc92,2026-09-30T17:50:30Z
SubmitPartialDecryption,142,8e426a615b820cdaf9027d16155c64b1528c91fc0cc378214774db7f917b15fc,623,4ebf5e06a62d5eceea2357f3ebf805f6aefed3814e11290b759d33ee291f70fa,4aa315d84cad319ba76c5b27935af64bf89c82f31f1f29010d4bdea0e88ebbb1,a4abf2f3d9ba54aa7d28e12aa1fa325fde0343616f164e4522329066f04cfc92,2026-09-30T17:50:30Z
SubmitPartialDecryption,143,7c1d6576f30a015b4ac911ab329d65737afaefc4779a2d71f2a87d55e258f057,623,4ebf5e06a62d5eceea2357f3ebf805f6aefed3814e11290b759d33ee291f70fa,4aa315d84cad319ba76c5b27935af64bf89c82f31f1f29010d4bdea0e88ebbb1,a4abf2f3d9ba54aa7d28e12aa1fa325fde0343616f164e4522329066f04cfc92,2026-09-30T17:50:30Z
SubmitPartialDecryption,139,d8700018f0f1f3bf5b6331318bd142fff08fe14979fac278f856737907e6da73,623,4ebf5e06a62d5eceea2357f3ebf805f6aefed3814e11290b759d33ee291f70fa,4aa315d84cad319ba76c5b27935af64bf89c82f31f1f29010d4bdea0e88ebbb1,a4abf2f3d9ba54aa7d28e12aa1fa325fde0343616f164e4522329066f04cfc92,2026-09-30T17:50:30Z
SubmitPartialDecryption,141,7877c4d907c5f61e4a2289cfb2329d743e52bc972602e8d8beadf26c6da20319,623,4ebf5e06a62d5eceea2357f3ebf805f6aefed3814e11290b759d33ee291f70fa,4aa315d84cad319ba76c5b27935af64bf89c82f31f1f29010d4bdea0e88ebbb1,a4abf2f3d9ba54aa7d28e12aa1fa325fde0343616f164e4522329066f04cfc92,2026-09-30T17:50:30Z
SubmitPartialDecryption,134,7f15c1595bdc0de4e90722a6aad06c4a5e6694878c6b29ad3c8819f380c6860c,623,4ebf5e06a62d5eceea2357f3ebf805f6aefed3814e11290b759d33ee291f70fa,4aa315d84cad319ba76c5b27935af64bf89c82f31f1f29010d4bdea0e88ebbb1,a4abf2f3d9ba54aa7d28e12aa1fa325fde0343616f164e4522329066f04cfc92,2026-09-30T17:50:30Z
SubmitPartialDecryption,128,e2cf61bc31849cd60f181d901dd8cabc68dd73f739ab1268f2c385d85eedc5ab,623,4ebf5e06a62d5eceea2357f3ebf805f6aefed3814e11290b759d33ee291f70fa,4aa315d84cad319ba76c5b27935af64bf89c82f31f1f29010d4bdea0e88ebbb1,a4abf2f3d9ba54aa7d28e12aa1fa325fde0343616f164e4522329066f04cfc92,2026-09-30T17:50:30Z
SubmitPartialDecryption,137,09d5820dd6788c11e3d3b3cff4d61c33e05d9e11d86665c982afc5bf3aa84f1d,623,4ebf5e06a62d5eceea2357f3ebf805f6aefed3814e11290b759d33ee291f70fa,4aa315d84cad319ba76c5b27935af64bf89c82f31f1f29010d4bdea0e88ebbb1,a4abf2f3d9ba54aa7d28e12aa1fa325fde0343616f164e4522329066f04cfc92,2026-09-30T17:50:30Z
SubmitPartialDecryption,130,7f8051109c439e816935feabc570f7fe0463e673d359ecd2c2b974a4e15cf8eb,623,4ebf5e06a62d5eceea2357f3ebf805f6aefed3814e11290b759d33ee291f70fa,4aa315d84cad319ba76c5b27935af64bf89c82f31f1f29010d4bdea0e88ebbb1,a4abf2f3d9ba54aa7d28e12aa1fa325fde0343616f164e4522329066f04cfc92,2026-09-30T17:50:30Z
SubmitPartialDecryption,140,2097e5a5257895ff829c2da1a77440f82044af728052d5ac0e07d263cb9126c8,623,4ebf5e06a62d5eceea2357f3ebf805f6aefed3814e11290b759d33ee291f70fa,4aa315d84cad319ba76c5b27935af64bf89c82f31f1f29010d4bdea0e88ebbb1,a4abf2f3d9ba54aa7d28e12aa1fa325fde0343616f164e4522329066f04cfc92,2026-09-30T17:50:30Z
SubmitPartialDecryption,135,1710c218c89dae622cbefa5366338e03e25d9c002259ed3ba156280ca4728228,623,4ebf5e06a62d5eceea2357f3ebf805f6aefed3814e11290b759d33ee291f70fa,4aa315d84cad319ba76c5b27935af64bf89c82f31f1f29010d4bdea0e88ebbb1,a4abf2f3d9ba54aa7d28e12aa1fa325fde0343616f164e4522329066f04cfc92,2026-09-30T17:50:30Z
SubmitPartialDecryption,133,45c6e7a855c3f515ab804a3a1b747a96d3de75dd9df5a1be9aeff3f93ae44c81,623,4ebf5e06a62d5eceea2357f3ebf805f6aefed3814e11290b759d33ee291f70fa,4aa315d84cad319ba76c5b27935af64bf89c82f31f1f29010d4bdea0e88ebbb1,a4abf2f3d9ba54aa7d28e12aa1fa325fde0343616f164e4522329066f04cfc92,2026-09-30T17:50:30Z
SubmitPartialDecryption,138,2e4ae8332231b5a92b2fd3c858bae9d1c0271a61cdba0564bc3bd026fd75b405,623,4ebf5e06a62d5eceea2357f3ebf805f6aefed3814e11290b759d33ee291f70fa,4aa315d84cad319ba76c5b27935af64bf89c82f31f1f29010d4bdea0e88ebbb1,a4abf2f3d9ba54aa7d28e12aa1fa325fde0343616f164e4522329066f04cfc92,2026-09-30T17:50:30Z
SubmitPartialDecryption,129,d2c93104bc58f92b251b8b469d67758b158c20d2158b301278909475fa4132f4,623,4ebf5e06a62d5eceea2357f3ebf805f6aefed3814e11290b759d33ee291f70fa,4aa315d84cad319ba76c5b27935af64bf89c82f31f1f29010d4bdea0e88ebbb1,a4abf2f3d9ba54aa7d28e12aa1fa325fde0343616f164e4522329066f04cfc92,2026-09-30T17:50:30Z
SubmitPartialDecryption,146,a6b9fd5592f75e6a410725005fe01572588333e753c011554d0509c335755084,624,bee211d3b696ba61f623da2060a1b32045fb70bdb4f8ff146731d2c076efffab,709490f63fbb8113bd9522c44838c5a27f95e095de33c753ae3d00b546466136,4ebf5e06a62d5eceea2357f3ebf805f6aefed3814e11290b759d33ee291f70fa,2026-09-30T17:50:32Z
SubmitPartialDecryption,144,33b43b58c0248ece89cc6d8d45e7a434dbdd5bf7c5a2461cb88b3033a5c0d9df,624,bee211d3b696ba61f623da2060a1b32045fb70bdb4f8ff146731d2c076efffab,709490f63fbb8113bd9522c44838c5a27f95e095de33c753ae3d00b546466136,4ebf5e06a62d5eceea2357f3ebf805f6aefed3814e11290b759d33ee291f70fa,2026-09-30T17:50:32Z
SubmitPartialDecryption,148,90ad1afffc6598a745fe71cc42c53f437d82ee4990f73f37fa2972a94961443c,624,bee211d3b696ba61f623da2060a1b32045fb70bdb4f8ff146731d2c076efffab,709490f63fbb8113bd9522c44838c5a27f95e095de33c753ae3d00b546466136,4ebf5e06a62d5eceea2357f3ebf805f6aefed3814e11290b759d33ee291f70fa,2026-09-30T17:50:32Z
SubmitPartialDecryption,154,7dc93c4d2e3e1752e3246d6bc1debd6968a99599dd4fa41d8b331716d026934e,624,bee211d3b696ba61f623da2060a1b32045fb70bdb4f8ff146731d2c076efffab,709490f63fbb8113bd9522c44838c5a27f95e095de33c753ae3d00b546466136,4ebf5e06a62d5eceea2357f3ebf805f6aefed3814e11290b759d33ee291f70fa,2026-09-30T17:50:32Z
SubmitPartialDecryption,152,0c3ceba94d9ac14bdb349b95d2504fc3abbf6a084bab5fca8931e05fba802f4f,624,bee211d3b696ba61f623da2060a1b32045fb70bdb4f8ff146731d2c076efffab,709490f63fbb8113bd9522c44838c5a27f95e095de33c753ae3d00b546466136,4ebf5e06a62d5eceea2357f3ebf805f6aefed3814e11290b759d33ee291f70fa,2026-09-30T17:50:32Z
SubmitPartialDecryption,153,31458c6eecf5506d0285cbfd3c5b2a6f98c0ba7435808c5794a5541b18edcee6,624,bee211d3b696ba61f623da2060a1b32045fb70bdb4f8ff146731d2c076efffab,709490f63fbb8113bd9522c44838c5a27f95e095de33c753ae3d00b546466136,4ebf5e06a62d5eceea2357f3ebf805f6aefed3814e11290b759d33ee291f70fa,2026-09-30T17:50:32Z
SubmitPartialDecryption,150,0bd5f8a47cc888bcf73fe93a3d8f4224f5d6acf8429858a7d35d6c329ad088d0,624,bee211d3b696ba61f623da2060a1b32045fb70bdb4f8ff146731d2c076efffab,709490f63fbb8113bd9522c44838c5a27f95e095de33c753ae3d00b546466136,4ebf5e06a62d5eceea2357f3ebf805f6aefed3814e11290b759d33ee291f70fa,2026-09-30T17:50:32Z
SubmitPartialDecryption,151,69acf6bfeb199ce05622d857fdff53fa3e95f31b0942ea2f8843a3db0afdf19c,624,bee211d3b696ba61f623da2060a1b32045fb70bdb4f8ff146731d2c076efffab,709490f63fbb8113bd9522c44838c5a27f95e095de33c753ae3d00b546466136,4ebf5e06a62d5eceea2357f3ebf805f6aefed3814e11290b759d33ee291f70fa,2026-09-30T17:50:32Z
SubmitPartialDecryption,145,07c7c14799d1f8c2cd4a4b6b49c9c968b55771316bae7520ef27e42da4524552,624,bee211d3b696ba61f623da2060a1b32045fb70bdb4f8ff146731d2c076efffab,709490f63fbb8113bd9522c44838c5a27f95e095de33c753ae3d00b546466136,4ebf5e06a62d5eceea2357f3ebf805f6aefed3814e11290b759d33ee291f70fa,2026-09-30T17:50:32Z
SubmitPartialDecryption,157,fa5a2440f59ea62386bda0b27dba7cd2cda71902f8386e7c90bcfc87981092d1,624,bee211d3b696ba61f623da2060a1b32045fb70bdb4f8ff146731d2c076efffab,709490f63fbb8113bd9522c44838c5a27f95e095de33c753ae3d00b546466136,4ebf5e06a62d5eceea2357f3ebf805f6aefed3814e11290b759d33ee291f70fa,2026-09-30T17:50:32Z
SubmitPartialDecryption,149,ed69a4ac3248d66915a747fe0c0db6da628efa3bc01ecdea7f3115a03fa07cca,624,bee211d3b696ba61f623da2060a1b32045fb70bdb4f8ff146731d2c076efffab,709490f63fbb8113bd9522c44838c5a27f95e095de33c753ae3d00b546466136,4ebf5e06a62d5eceea2357f3ebf805f6aefed3814e11290b759d33ee291f70fa,2026-09-30T17:50:32Z
SubmitPartialDecryption,156,526b786692e45e892d2ff79340dbe6c7d499c2d6b08a1df4fe47500ecb4f8a97,624,bee211d3b696ba61f623da2060a1b32045fb70bdb4f8ff146731d2c076efffab,709490f63fbb8113bd9522c44838c5a27f95e095de33c753ae3d00b546466136,4ebf5e06a62d5eceea2357f3ebf805f6aefed3814e11290b759d33ee291f70fa,2026-09-30T17:50:32Z
SubmitPartialDecryption,158,968eb2f2cdc8910ce157b1b0be39ac6ed6a1d1a463bdba6a7252cfda7fd86753,624,bee211d3b696ba61f623da2060a1b32045fb70bdb4f8ff146731d2c076efffab,709490f63fbb8113bd9522c44838c5a27f95e095de33c753ae3d00b546466136,4ebf5e06a62d5eceea2357f3ebf805f6aefed3814e11290b759d33ee291f70fa,2026-09-30T17:50:32Z
SubmitPartialDecryption,159,77210d2f5288808b0c358d5962316562512118540ffc84481de53fd6af729d3e,624,bee211d3b696ba61f623da2060a1b32045fb70bdb4f8ff146731d2c076efffab,709490f63fbb8113bd9522c44838c5a27f95e095de33c753ae3d00b546466136,4ebf5e06a62d5eceea2357f3ebf805f6aefed3814e11290b759d33ee291f70fa,2026-09-30T17:50:32Z
SubmitPartialDecryption,147,4d3c18b9670f8f3929762296019f4e38a7ab6f56047e8d983d53b04814ac6e26,624,bee211d3b696ba61f623da2060a1b32045fb70bdb4f8ff146731d2c076efffab,709490f63fbb8113bd9522c44838c5a27f95e095de33c753ae3d00b546466136,4ebf5e06a62d5eceea2357f3ebf805f6aefed3814e11290b759d33ee291f70fa,2026-09-30T17:50:32Z
SubmitPartialDecryption,155,56ea012043fe16f4da8d96c27f24c01d9d53ee295b342cb293c9ad05e4aadf3c,624,bee211d3b696ba61f623da2060a1b32045fb70bdb4f8ff146731d2c076efffab,709490f63fbb8113bd9522c44838c5a27f95e095de33c753ae3d00b546466136,4ebf5e06a62d5eceea2357f3ebf805f6aefed3814e11290b759d33ee291f70fa,2026-09-30T17:50:32Z
SubmitPartialDecryption,164,77a930b9fa5e6574be6f77a293ab4e7cd20fdbfd6f06e4142e7770260a2d32b4,625,6a80ddabc2fb1714af30d9491db97d152efbcf480d3c9e9d52e36be4caa0c5df,3356a08a42ce5550897581df93ecc6c82865596b535dc4b7383282028435a843,bee211d3b696ba61f623da2060a1b32045fb70bdb4f8ff146731d2c076efffab,2026-09-30T17:50:34Z
SubmitPartialDecryption,160,79714a2385000c4834a787a7d85f7ece9159ca4e9f1dee0b49cababcb0d8f1e0,625,6a80ddabc2fb1714af30d9491db97d152efbcf480d3c9e9d52e36be4caa0c5df,3356a08a42ce5550897581df93ecc6c82865596b535dc4b7383282028435a843,bee211d3b696ba61f623da2060a1b32045fb70bdb4f8ff146731d2c076efffab,2026-09-30T17:50:34Z
SubmitPartialDecryption,173,b2a25d8ad8aa85b86ed45324b0393f228cf47e3bddc12807f6dba6de43993bd3,625,6a80ddabc2fb1714af30d9491db97d152efbcf480d3c9e9d52e36be4caa0c5df,3356a08a42ce5550897581df93ecc6c82865596b535dc4b7383282028435a843,bee211d3b696ba61f623da2060a1b32045fb70bdb4f8ff146731d2c076efffab,2026-09-30T17:50:34Z
SubmitPartialDecryption,172,61d35d5d00e629d64792e6720c279728ef525efd2060da8610c6e90784783349,625,6a80ddabc2fb1714af30d9491db97d152efbcf480d3c9e9d52e36be4caa0c5df,3356a08a42ce5550897581df93ecc6c82865596b535dc4b7383282028435a843,bee211d3b696ba61f623da2060a1b32045fb70bdb4f8ff146731d2c076efffab,2026-09-30T17:50:34Z
SubmitPartialDecryption,165,f855210bedaf905dbd59238e434f585493bcf0c6597d1539badf40b2f75c8263,625,6a80ddabc2fb1714af30d9491db97d152efbcf480d3c9e9d52e36be4caa0c5df,3356a08a42ce5550897581df93ecc6c82865596b535dc4b7383282028435a843,bee211d3b696ba61f623da2060a1b32045fb70bdb4f8ff146731d2c076efffab,2026-09-30T17:50:34Z
SubmitPartialDecryption,163,75c78d06e4879fa01a0ddda7cc965dc3fb42d7d45cb8b4e3b8fbf531a9b10b9b,625,6a80ddabc2fb1714af30d9491db97d152efbcf480d3c9e9d52e36be4caa0c5df,3356a08a42ce5550897581df93ecc6c82865596b535dc4b7383282028435a843,bee211d3b696ba61f623da2060a1b32045fb70bdb4f8ff146731d2c076efffab,2026-09-30T17:50:34Z
SubmitPartialDecryption,175,5df2a273aa7cdd1dd8a4fc099742128da7bbe35ffcb337b3b15cc7e398b8c7c6,625,6a80ddabc2fb1714af30d9491db97d152efbcf480d3c9e9d52e36be4caa0c5df,3356a08a42ce5550897581df93ecc6c82865596b535dc4b7383282028435a843,bee211d3b696ba61f623da2060a1b32045fb70bdb4f8ff146731d2c076efffab,2026-09-30T17:50:34Z
SubmitPartialDecryption,166,8a4c28be1fa1592c79cb8a4574194f2b563b3302b8b68bb51871978577a7ecec,625,6a80ddabc2fb1714af30d9491db97d152efbcf480d3c9e9d52e36be4caa0c5df,3356a08a42ce5550897581df93ecc6c82865596b535dc4b7383282028435a843,bee211d3b696ba61f623da2060a1b32045fb70bdb4f8ff146731d2c076efffab,2026-09-30T17:50:34Z
SubmitPartialDecryption,171,3d6214afcadb850cca592943e939b39b168e3cc2c4d302a037c9447248e054c2,625,6a80ddabc2fb1714af30d9491db97d152efbcf480d3c9e9d52e36be4caa0c5df,3356a08a42ce5550897581df93ecc6c82865596b535dc4b7383282028435a843,bee211d3b696ba61f623da2060a1b32045fb70bdb4f8ff146731d2c076efffab,2026-09-30T17:50:34Z
SubmitPartialDecryption,174,31e1a690ae0438a4f92ebc711f421ca571195e7ff023b5cafaa0a751ade270ee,625,6a80ddabc2fb1714af30d9491db97d152efbcf480d3c9e9d52e36be4caa0c5df,3356a08a42ce5550897581df93ecc6c82865596b535dc4b7383282028435a843,bee211d3b696ba61f623da2060a1b32045fb70bdb4f8ff146731d2c076efffab,2026-09-30T17:50:34Z
SubmitPartialDecryption,170,df5f8989305cd21e2326a3b2f87e7fb3f95cc2200282999777c0d744185f1256,625,6a80ddabc2fb1714af30d9491db97d152efbcf480d3c9e9d52e36be4caa0c5df,3356a08a42ce5550897581df93ecc6c82865596b535dc4b7383282028435a843,bee211d3b696ba61f623da2060a1b32045fb70bdb4f8ff146731d2c076efffab,2026-09-30T17:50:34Z
SubmitPartialDecryption,168,2ebaebdee231627a078f376f64c9985ded995d66838d21b651a5fd8eee206b3b,625,6a80ddabc2fb1714af30d9491db97d152efbcf480d3c9e9d52e36be4caa0c5df,3356a08a42ce5550897581df93ecc6c82865596b535dc4b7383282028435a843,bee211d3b696ba61f623da2060a1b32045fb70bdb4f8ff146731d2c076efffab,2026-09-30T17:50:34Z
SubmitPartialDecryption,167,3bfd0cac49682bcca843ad3401af82ba5e961de9525e8d292bea2fc0af0a4a4b,625,6a80ddabc2fb1714af30d9491db97d152efbcf480d3c9e9d52e36be4caa0c5df,3356a08a42ce5550897581df93ecc6c82865596b535dc4b7383282028435a843,bee211d3b696ba61f623da2060a1b32045fb70bdb4f8ff146731d2c076efffab,2026-09-30T17:50:34Z
SubmitPartialDecryption,161,2e718c7d38eb9e089132e142c1715b3d6ef7f7a9a244c5c1065f5e1b3a97018c,625,6a80ddabc2fb1714af30d9491db97d152efbcf480d3c9e9d52e36be4caa0c5df,3356a08a42ce5550897581df93ecc6c82865596b535dc4b7383282028435a843,bee211d3b696ba61f623da2060a1b32045fb70bdb4f8ff146731d2c076efffab,2026-09-30T17:50:34Z
SubmitPartialDecryption,162,b8a43f7a5e4be52dd558de9a87f90550eef65ea2679989398ff7a376f9a4db3d,625,6a80ddabc2fb1714af30d9491db97d152efbcf480d3c9e9d52e36be4caa0c5df,3356a08a42ce5550897581df93ecc6c82865596b535dc4b7383282028435a843,bee211d3b696ba61f623da2060a1b32045fb70bdb4f8ff146731d2c076efffab,2026-09-30T17:50:34Z
SubmitPartialDecryption,169,dada97f2d09ec7847714df440be26dd99573112725269a7e300343745fe18e7a,625,6a80ddabc2fb1714af30d9491db97d152efbcf480d3c9e9d52e36be4caa0c5df,3356a08a42ce5550897581df93ecc6c82865596b535dc4b7383282028435a843,bee211d3b696ba61f623da2060a1b32045fb70bdb4f8ff146731d2c076efffab,2026-09-30T17:50:34Z
SubmitPartialDecryption,180,1f86fde2adb2d689dcc258e81c0a88278100a7db43165d779083a86782eab52b,626,ac213dbb3e6e779c443041c376cda57a2216f041cc022c337c8ef160f79da769,9b716a2be8b6091952d49dca809113c76142e62f73904388dc8a077338f9ed9c,6a80ddabc2fb1714af30d9491db97d152efbcf480d3c9e9d52e36be4caa0c5df,2026-09-30T17:50:36Z
SubmitPartialDecryption,177,377ffa2bfaa0558f17d19596bbbfb1c257dbc81add1bd9c66c14af9ccf473158,626,ac213dbb3e6e779c443041c376cda57a2216f041cc022c337c8ef160f79da769,9b716a2be8b6091952d49dca809113c76142e62f73904388dc8a077338f9ed9c,6a80ddabc2fb1714af30d9491db97d152efbcf480d3c9e9d52e36be4caa0c5df,2026-09-30T17:50:36Z
SubmitPartialDecryption,182,2c2828b091d30d91759a152a901d9ef89edfc8ba25164702b58f73fce6d30dd7,626,ac213dbb3e6e779c443041c376cda57a2216f041cc022c337c8ef160f79da769,9b716a2be8b6091952d49dca809113c76142e62f73904388dc8a077338f9ed9c,6a80ddabc2fb1714af30d9491db97d152efbcf480d3c9e9d52e36be4caa0c5df,2026-09-30T17:50:36Z
SubmitPartialDecryption,176,4f5061c56ad7b00a6e98662af9b191393b758193087bf01452171480b3e339df,626,ac213dbb3e6e779c443041c376cda57a2216f041cc022c337c8ef160f79da769,9b716a2be8b6091952d49dca809113c76142e62f73904388dc8a077338f9ed9c,6a80ddabc2fb1714af30d9491db97d152efbcf480d3c9e9d52e36be4caa0c5df,2026-09-30T17:50:36Z
SubmitPartialDecryption,191,c2b5a6beb739bdcbac3a13eb28488321394082deb33edbcf535d5eda252394ac,626,ac213dbb3e6e779c443041c376cda57a2216f041cc022c337c8ef160f79da769,9b716a2be8b6091952d49dca809113c76142e62f73904388dc8a077338f9ed9c,6a80ddabc2fb1714af30d9491db97d152efbcf480d3c9e9d52e36be4caa0c5df,2026-09-30T17:50:36Z
SubmitPartialDecryption,186,34a66d6c14bcdb9fb0d0982522ed17fdfd82bff85c75a48665d6e7242a699fac,626,ac213dbb3e6e779c443041c376cda57a2216f041cc022c337c8ef160f79da769,9b716a2be8b6091952d49dca809113c76142e62f73904388dc8a077338f9ed9c,6a80ddabc2fb1714af30d9491db97d152efbcf480d3c9e9d52e36be4caa0c5df,2026-09-30T17:50:36Z
SubmitPartialDecryption,189,8acfe13bb04a36cbd6c91cf53a19a9c6c71faeddff836301c16ff97ac5a17533,626,ac213dbb3e6e779c443041c376cda57a2216f041cc022c337c8ef160f79da769,9b716a2be8b6091952d49dca809113c76142e62f73904388dc8a077338f9ed9c,6a80ddabc2fb1714af30d9491db97d152efbcf480d3c9e9d52e36be4caa0c5df,2026-09-30T17:50:36Z
SubmitPartialDecryption,187,2c8707a96ad682f9b2a2df4d0593045a408b658b70e62ee34c77fde5a1717b18,626,ac213dbb3e6e779c443041c376cda57a2216f041cc022c337c8ef160f79da769,9b716a2be8b6091952d49dca809113c76142e62f73904388dc8a077338f9ed9c,6a80ddabc2fb1714af30d9491db97d152efbcf480d3c9e9d52e36be4caa0c5df,2026-09-30T17:50:36Z
SubmitPartialDecryption,190,060ac0c50823615b28d2e3275e009f5efddbb9db1332ecccb9dcc45720c0d9eb,626,ac213dbb3e6e779c443041c376cda57a2216f041cc022c337c8ef160f79da769,9b716a2be8b6091952d49dca809113c76142e62f73904388dc8a077338f9ed9c,6a80ddabc2fb1714af30d9491db97d152efbcf480d3c9e9d52e36be4caa0c5df,2026-09-30T17:50:36Z
SubmitPartialDecryption,179,f594730b1664aecc19b3f4e2c760fd08cb6eccfd425846fd90620f04a3e580f6,626,ac213dbb3e6e779c443041c376cda57a2216f041cc022c337c8ef160f79da769,9b716a2be8b6091952d49dca809113c76142e62f73904388dc8a077338f9ed9c,6a80ddabc2fb1714af30d9491db97d152efbcf480d3c9e9d52e36be4caa0c5df,2026-09-30T17:50:36Z
SubmitPartialDecryption,183,30db4d8a689a6acf4d7fcc4725bac0bc36cbee5051a32bbcfe2a79fa3f40b5e4,626,ac213dbb3e6e779c443041c376cda57a2216f041cc022c337c8ef160f79da769,9b716a2be8b6091952d49dca809113c76142e62f73904388dc8a077338f9ed9c,6a80ddabc2fb1714af30d9491db97d152efbcf480d3c9e9d52e36be4caa0c5df,2026-09-30T17:50:36Z
SubmitPartialDecryption,184,825af3581ab7a88e451042255298ad0b426e7786ec44937e3a2e7e5e57a76c78,626,ac213dbb3e6e779c443041c376cda57a2216f041cc022c337c8ef160f79da769,9b716a2be8b6091952d49dca809113c76142e62f73904388dc8a077338f9ed9c,6a80ddabc2fb1714af30d9491db97d152efbcf480d3c9e9d52e36be4caa0c5df,2026-09-30T17:50:36Z
SubmitPartialDecryption,185,7e26b871c4b180c18a265dbca6e1f623d9fba428d7105e92a347a4f01cfe720a,626,ac213dbb3e6e779c443041c376cda57a2216f041cc022c337c8ef160f79da769,9b716a2be8b6091952d49dca809113c76142e62f73904388dc8a077338f9ed9c,6a80ddabc2fb1714af30d9491db97d152efbcf480d3c9e9d52e36be4caa0c5df,2026-09-30T17:50:36Z
SubmitPartialDecryption,188,c57dcb94eb89f235cc51fee34d83491d38cef27855146691f7533682d993b43b,626,ac213dbb3e6e779c443041c376cda57a2216f041cc022c337c8ef160f79da769,9b716a2be8b6091952d49dca809113c76142e62f73904388dc8a077338f9ed9c,6a80ddabc2fb1714af30d9491db97d152efbcf480d3c9e9d52e36be4caa0c5df,2026-09-30T17:50:36Z
SubmitPartialDecryption,178,a2de70666eb04b5183b693a8b5ee83d5aa7bab78da26f2d21128e130f7cc6c89,626,ac213dbb3e6e779c443041c376cda57a2216f041cc022c337c8ef160f79da769,9b716a2be8b6091952d49dca809113c76142e62f73904388dc8a077338f9ed9c,6a80ddabc2fb1714af30d9491db97d152efbcf480d3c9e9d52e36be4caa0c5df,2026-09-30T17:50:36Z
SubmitPartialDecryption,181,ea8053a5b229c30715a7798d1837545438e3463e773bff381d39932adc64dddd,626,ac213dbb3e6e779c443041c376cda57a2216f041cc022c337c8ef160f79da769,9b716a2be8b6091952d49dca809113c76142e62f73904388dc8a077338f9ed9c,6a80ddabc2fb1714af30d9491db97d152efbcf480d3c9e9d52e36be4caa0c5df,2026-09-30T17:50:36Z
SubmitPartialDecryption,205,f30b98158f17188e624e08cd3b131481c7d4b995740506582cb6dad4f5d044db,627,5dd0138afdfad75ca977f7ca95a52756cde8f6c2bf7b9dc4aae01383a34c2fb5,cfc7ee066b143f15a763597afda1fe4fafbd06874b15dad7338399543599e51c,ac213dbb3e6e779c443041c376cda57a2216f041cc022c337c8ef160f79da769,2026-09-30T17:50:38Z
SubmitPartialDecryption,203,629390152c84e1cad60894257e6d1883eb034ae6f979f2710285b8b93c1a8a9a,627,5dd0138afdfad75ca977f7ca95a52756cde8f6c2bf7b9dc4aae01383a34c2fb5,cfc7ee066b143f15a763597afda1fe4fafbd06874b15dad7338399543599e51c,ac213dbb3e6e779c443041c376cda57a2216f041cc022c337c8ef160f79da769,2026-09-30T17:50:38Z
SubmitPartialDecryption,192,f2e468a33ba6ae4ac547ad3b7f238f35eb47753282c747c74d5b74801553fac1,627,5dd0138afdfad75ca977f7ca95a52756cde8f6c2bf7b9dc4aae01383a34c2fb5,cfc7ee066b143f15a763597afda1fe4fafbd06874b15dad7338399543599e51c,ac213dbb3e6e779c443041c376cda57a2216f041cc022c337c8ef160f79da769,2026-09-30T17:50:38Z
SubmitPartialDecryption,207,9d3d3cba230699636fad1f07158c7792e277baf308f539fb08a4a4a1450dbb7b,627,5dd0138afdfad75ca977f7ca95a52756cde8f6c2bf7b9dc4aae01383a34c2fb5,cfc7ee066b143f15a763597afda1fe4fafbd06874b15dad7338399543599e51c,ac213dbb3e6e779c443041c376cda57a2216f041cc022c337c8ef160f79da769,2026-09-30T17:50:38Z
SubmitPartialDecryption,194,0354966f96fb584254f441d45eabc61c187338080b50b62e82e3a10d114873a8,627,5dd0138afdfad75ca977f7ca95a52756cde8f6c2bf7b9dc4aae01383a34c2fb5,cfc7ee066b143f15a763597afda1fe4fafbd06874b15dad7338399543599e51c,ac213dbb3e6e779c443041c376cda57a2216f041cc022c337c8ef160f79da769,2026-09-30T17:50:38Z
SubmitPartialDecryption,193,f479756e1fd5800f8491bcbf9d839898c0594256d78d74562c0dc8fd221a633f,627,5dd0138afdfad75ca977f7ca95a52756cde8f6c2bf7b9dc4aae01383a34c2fb5,cfc7ee066b143f15a763597afda1fe4fafbd06874b15dad7338399543599e51c,ac213dbb3e6e779c443041c376cda57a2216f041cc022c337c8ef160f79da769,2026-09-30T17:50:38Z
SubmitPartialDecryption,196,0a238f32d2358e4e71aba1883d0dd724243d25931b6ec4f5e0b530ab0be93486,627,5dd0138afdfad75ca977f7ca95a52756cde8f6c2bf7b9dc4aae01383a34c2fb5,cfc7ee066b143f15a763597afda1fe4fafbd06874b15dad7338399543599e51c,ac213dbb3e6e779c443041c376cda57a2216f041cc022c337c8ef160f79da769,2026-09-30T17:50:38Z
SubmitPartialDecryption,204,5b483b8d45d85b99e37a904ed2b433d5ae924b789720dce8be86990348324c0d,627,5dd0138afdfad75ca977f7ca95a52756cde8f6c2bf7b9dc4aae01383a34c2fb5,cfc7ee066b143f15a763597afda1fe4fafbd06874b15dad7338399543599e51c,ac213dbb3e6e779c443041c376cda57a2216f041cc022c337c8ef160f79da769,2026-09-30T17:50:38Z
SubmitPartialDecryption,195,e29fa40263a69bc2eb279645fdb9ebb3f92e888f9f22e0713add3199252d55ad,627,5dd0138afdfad75ca977f7ca95a52756cde8f6c2bf7b9dc4aae01383a34c2fb5,cfc7ee066b143f15a763597afda1fe4fafbd06874b15dad7338399543599e51c,ac213dbb3e6e779c443041c376cda57a2216f041cc022c337c8ef160f79da769,2026-09-30T17:50:38Z
SubmitPartialDecryption,198,1e8678079ba14ec36639a30dd1ca4464f406ce5dad66af586d06369a5ac3edd2,627,5dd0138afdfad75ca977f7ca95a52756cde8f6c2bf7b9dc4aae01383a34c2fb5,cfc7ee066b143f15a763597afda1fe4fafbd06874b15dad7338399543599e51c,ac213dbb3e6e779c443041c376cda57a2216f041cc022c337c8ef160f79da769,2026-09-30T17:50:38Z
SubmitPartialDecryption,202,2b3f7e26b05cdae1058e9d4b4b8df4d2fd343f6b2fbd19d3b963872b39b96e16,627,5dd0138afdfad75ca977f7ca95a52756cde8f6c2bf7b9dc4aae01383a34c2fb5,cfc7ee066b143f15a763597afda1fe4fafbd06874b15dad7338399543599e51c,ac213dbb3e6e779c443041c376cda57a2216f041cc022c337c8ef160f79da769,2026-09-30T17:50:38Z
SubmitPartialDecryption,201,47555428486ca58ae15692e5746338389b34f0d934bd6439a581bba153b91a83,627,5dd0138afdfad75ca977f7ca95a52756cde8f6c2bf7b9dc4aae01383a34c2fb5,cfc7ee066b143f15a763597afda1fe4fafbd06874b15dad7338399543599e51c,ac213dbb3e6e779c443041c376cda57a2216f041cc022c337c8ef160f79da769,2026-09-30T17:50:38Z
SubmitPartialDecryption,199,e716d2f2b97cce2253e871ab6bad8b0f125eb02c54e4380795bf587dd717ddf4,627,5dd0138afdfad75ca977f7ca95a52756cde8f6c2bf7b9dc4aae01383a34c2fb5,cfc7ee066b143f15a763597afda1fe4fafbd06874b15dad7338399543599e51c,ac213dbb3e6e779c443041c376cda57a2216f041cc022c337c8ef160f79da769,2026-09-30T17:50:38Z
SubmitPartialDecryption,200,67590945a8b65abfa13b56d77588532aff9ea4c9daa0afa6d24341ddd2e5f2f6,627,5dd0138afdfad75ca977f7ca95a52756cde8f6c2bf7b9dc4aae01383a34c2fb5,cfc7ee066b143f15a763597afda1fe4fafbd06874b15dad7338399543599e51c,ac213dbb3e6e779c443041c376cda57a2216f041cc022c337c8ef160f79da769,2026-09-30T17:50:38Z
SubmitPartialDecryption,197,8566c51c44f3c5c899168d0f5766d75056668ed2be3dc1180cecc357a94e166b,627,5dd0138afdfad75ca977f7ca95a52756cde8f6c2bf7b9dc4aae01383a34c2fb5,cfc7ee066b143f15a763597afda1fe4fafbd06874b15dad7338399543599e51c,ac213dbb3e6e779c443041c376cda57a2216f041cc022c337c8ef160f79da769,2026-09-30T17:50:38Z
SubmitPartialDecryption,206,585f069d0b5e14385c01fb2c3bc72fd47c22f770aba34fcce7b87eb3bd12338c,627,5dd0138afdfad75ca977f7ca95a52756cde8f6c2bf7b9dc4aae01383a34c2fb5,cfc7ee066b143f15a763597afda1fe4fafbd06874b15dad7338399543599e51c,ac213dbb3e6e779c443041c376cda57a2216f041cc022c337c8ef160f79da769,2026-09-30T17:50:38Z
SubmitPartialDecryption,209,9a0c560fde53c1031140066659d219382c19d1ba394bd76c8dc523bf4aeed998,628,1e635249999b7884efe081ddbd976842098cc9ac148f8d23ef8d24ee18b1505e,affa8d4e29791a9603cbd22d6a39e26051bf19837cf2f283ab9109b404045355,5dd0138afdfad75ca977f7ca95a52756cde8f6c2bf7b9dc4aae01383a34c2fb5,2026-09-30T17:50:41Z
SubmitPartialDecryption,212,68653d7556f5468e253942168f58e62770eec212b167f70a24f5dfe31fb8f96b,628,1e635249999b7884efe081ddbd976842098cc9ac148f8d23ef8d24ee18b1505e,affa8d4e29791a9603cbd22d6a39e26051bf19837cf2f283ab9109b404045355,5dd0138afdfad75ca977f7ca95a52756cde8f6c2bf7b9dc4aae01383a34c2fb5,2026-09-30T17:50:41Z
SubmitPartialDecryption,223,b902ff23bb3c35215eccdf2f6741f14ff16ff7d84db8c20a8f09de916f0e443c,628,1e635249999b7884efe081ddbd976842098cc9ac148f8d23ef8d24ee18b1505e,affa8d4e29791a9603cbd22d6a39e26051bf19837cf2f283ab9109b404045355,5dd0138afdfad75ca977f7ca95a52756cde8f6c2bf7b9dc4aae01383a34c2fb5,2026-09-30T17:50:41Z
SubmitPartialDecryption,208,2e0dfffe7843f670ea0bcec0b73ad95a6f4fc6e28c27e3be97232b7b1d9a4f6c,628,1e635249999b7884efe081ddbd976842098cc9ac148f8d23ef8d24ee18b1505e,affa8d4e29791a9603cbd22d6a39e26051bf19837cf2f283ab9109b404045355,5dd0138afdfad75ca977f7ca95a52756cde8f6c2bf7b9dc4aae01383a34c2fb5,2026-09-30T17:50:41Z
SubmitPartialDecryption,210,1f0b782af597ccf6999abd4be9104f03d7ab6641d69fa2e218f74a512d319e53,628,1e635249999b7884efe081ddbd976842098cc9ac148f8d23ef8d24ee18b1505e,affa8d4e29791a9603cbd22d6a39e26051bf19837cf2f283ab9109b404045355,5dd0138afdfad75ca977f7ca95a52756cde8f6c2bf7b9dc4aae01383a34c2fb5,2026-09-30T17:50:41Z
SubmitPartialDecryption,211,7c4609af1bb8863d83750134053954dfe51dff20294194e8d658f7f00a050eff,628,1e635249999b7884efe081ddbd976842098cc9ac148f8d23ef8d24ee18b1505e,affa8d4e29791a9603cbd22d6a39e26051bf19837cf2f283ab9109b404045355,5dd0138afdfad75ca977f7ca95a52756cde8f6c2bf7b9dc4aae01383a34c2fb5,2026-09-30T17:50:41Z
SubmitPartialDecryption,215,bf5543936b1c6ac8f4039158ae603df1f2f6f0b25a3bd60b7f076eb103a71785,628,1e635249999b7884efe081ddbd976842098cc9ac148f8d23ef8d24ee18b1505e,affa8d4e29791a9603cbd22d6a39e26051bf19837cf2f283ab9109b404045355,5dd0138afdfad75ca977f7ca95a52756cde8f6c2bf7b9dc4aae01383a34c2fb5,2026-09-30T17:50:41Z
SubmitPartialDecryption,213,3a8dbabaf7c12a187807d9b8d8773dc9ed4839f8d0ede686cae82473fd0874c4,628,1e635249999b7884efe081ddbd976842098cc9ac148f8d23ef8d24ee18b1505e,affa8d4e29791a9603cbd22d6a39e26051bf19837cf2f283ab9109b404045355,5dd0138afdfad75ca977f7ca95a52756cde8f6c2bf7b9dc4aae01383a34c2fb5,2026-09-30T17:50:41Z
SubmitPartialDecryption,222,065faafcffc1046b361c2b2a2e391f1c314b2cca105a34c30ad700462658a1af,628,1e635249999b7884efe081ddbd976842098cc9ac148f8d23ef8d24ee18b1505e,affa8d4e29791a9603cbd22d6a39e26051bf19837cf2f283ab9109b404045355,5dd0138afdfad75ca977f7ca95a52756cde8f6c2bf7b9dc4aae01383a34c2fb5,2026-09-30T17:50:41Z
SubmitPartialDecryption,217,d6f23963e2d694e5211afff1e8889819c9a0852dd7868438eb94312de6e42fc3,628,1e635249999b7884efe081ddbd976842098cc9ac148f8d23ef8d24ee18b1505e,affa8d4e29791a9603cbd22d6a39e26051bf19837cf2f283ab9109b404045355,5dd0138afdfad75ca977f7ca95a52756cde8f6c2bf7b9dc4aae01383a34c2fb5,2026-09-30T17:50:41Z
SubmitPartialDecryption,220,018a9e24671d7b9a1fa0b2c83943ffbc23497833ac7e7aac9c9fc6bf4b0eeef0,628,1e635249999b7884efe081ddbd976842098cc9ac148f8d23ef8d24ee18b1505e,affa8d4e29791a9603cbd22d6a39e26051bf19837cf2f283ab9109b404045355,5dd0138afdfad75ca977f7ca95a52756cde8f6c2bf7b9dc4aae01383a34c2fb5,2026-09-30T17:50:41Z
SubmitPartialDecryption,221,f88000fe8d2e1cd75d61f8215edfd96f5392c8670e2f8939d308592e25ca6c52,628,1e635249999b7884efe081ddbd976842098cc9ac148f8d23ef8d24ee18b1505e,affa8d4e29791a9603cbd22d6a39e26051bf19837cf2f283ab9109b404045355,5dd0138afdfad75ca977f7ca95a52756cde8f6c2bf7b9dc4aae01383a34c2fb5,2026-09-30T17:50:41Z
SubmitPartialDecryption,214,608d32c491276d312bdfec871d85750e9eda8b08b9f096a1510dfca8cfad5247,628,1e635249999b7884efe081ddbd976842098cc9ac148f8d23ef8d24ee18b1505e,affa8d4e29791a9603cbd22d6a39e26051bf19837cf2f283ab9109b404045355,5dd0138afdfad75ca977f7ca95a52756cde8f6c2bf7b9dc4aae01383a34c2fb5,2026-09-30T17:50:41Z
SubmitPartialDecryption,218,a08ea646055e68a7ed0768b731c6ff8507d9b83e280ac05ee4406a75f65d4755,628,1e635249999b7884efe081ddbd976842098cc9ac148f8d23ef8d24ee18b1505e,affa8d4e29791a9603cbd22d6a39e26051bf19837cf2f283ab9109b404045355,5dd0138afdfad75ca977f7ca95a52756cde8f6c2bf7b9dc4aae01383a34c2fb5,2026-09-30T17:50:41Z
SubmitPartialDecryption,216,74eea52ba7d6b028180b9c81fa9a7891d3070e03a98b43e824dbee964f90ad6b,628,1e635249999b7884efe081ddbd976842098cc9ac148f8d23ef8d24ee18b1505e,affa8d4e29791a9603cbd22d6a39e26051bf19837cf2f283ab9109b404045355,5dd0138afdfad75ca977f7ca95a52756cde8f6c2bf7b9dc4aae01383a34c2fb5,2026-09-30T17:50:41Z
SubmitPartialDecryption,219,4192f9203c3b1fbc69381a3289b05c280a9f8a60339145c83e6cc8f7d0390b57,628,1e635249999b7884efe081ddbd976842098cc9ac148f8d23ef8d24ee18b1505e,affa8d4e29791a9603cbd22d6a39e26051bf19837cf2f283ab9109b404045355,5dd0138afdfad75ca977f7ca95a52756cde8f6c2bf7b9dc4aae01383a34c2fb5,2026-09-30T17:50:41Z
SubmitPartialDecryption,226,3b17c085409ae8da9cbf157372afa0c833aea9533763b6ad02937ecf7d878df2,629,02b8ed3d4080e778589dfbf9f40f349d45d52975030d70f33193178150d8df76,8af2de3a9d13f7e8b77021bce6eb60dc9503494511d7d48763e5258191edc5d0,1e635249999b7884efe081ddbd976842098cc9ac148f8d23ef8d24ee18b1505e,2026-09-30T17:50:43Z
SubmitPartialDecryption,231,df351559b75f69d273a495c898cc41460845a31d51af09cc346ae54d81483e86,629,02b8ed3d4080e778589dfbf9f40f349d45d52975030d70f33193178150d8df76,8af2de3a9d13f7e8b77021bce6eb60dc9503494511d7d48763e5258191edc5d0,1e635249999b7884efe081ddbd976842098cc9ac148f8d23ef8d24ee18b1505e,2026-09-30T17:50:43Z
SubmitPartialDecryption,233,4ed341f1cc5f07ee1bd357b9b849be6d147bf872c13a195ef5f2732e20194c76,629,02b8ed3d4080e778589dfbf9f40f349d45d52975030d70f33193178150d8df76,8af2de3a9d13f7e8b77021bce6eb60dc9503494511d7d48763e5258191edc5d0,1e635249999b7884efe081ddbd976842098cc9ac148f8d23ef8d24ee18b1505e,2026-09-30T17:50:43Z
SubmitPartialDecryption,235,b10c1fb8c78cc667d834da277f407be2360f6004ddcf0884822206cd6b7c93d3,629,02b8ed3d4080e778589dfbf9f40f349d45d52975030d70f33193178150d8df76,8af2de3a9d13f7e8b77021bce6eb60dc9503494511d7d48763e5258191edc5d0,1e635249999b7884efe081ddbd976842098cc9ac148f8d23ef8d24ee18b1505e,2026-09-30T17:50:43Z
SubmitPartialDecryption,229,15b38c2083f0d624f5a6d1591de88fdedcb38908faf9eaee77391124708a748f,629,02b8ed3d4080e778589dfbf9f40f349d45d52975030d70f33193178150d8df76,8af2de3a9d13f7e8b77021bce6eb60dc9503494511d7d48763e5258191edc5d0,1e635249999b7884efe081ddbd976842098cc9ac148f8d23ef8d24ee18b1505e,2026-09-30T17:50:43Z
SubmitPartialDecryption,230,1d7ce7c17ee689c78a3a8a10207d38a063062da158a7be63ee8839cd6dd9d9bc,629,02b8ed3d4080e778589dfbf9f40f349d45d52975030d70f33193178150d8df76,8af2de3a9d13f7e8b77021bce6eb60dc9503494511d7d48763e5258191edc5d0,1e635249999b7884efe081ddbd976842098cc9ac148f8d23ef8d24ee18b1505e,2026-09-30T17:50:43Z
SubmitPartialDecryption,237,a4732a4f455b35331a3287e0eab1b231ccb3ef8e9351f291ebd7597b37d92e3b,629,02b8ed3d4080e778589dfbf9f40f349d45d52975030d70f33193178150d8df76,8af2de3a9d13f7e8b77021bce6eb60dc9503494511d7d48763e5258191edc5d0,1e635249999b7884efe081ddbd976842098cc9ac148f8d23ef8d24ee18b1505e,2026-09-30T17:50:43Z
SubmitPartialDecryption,239,4577c608061ada6dea411ebacee3b1df6ec2a2ba6b28f9d900e8adc88579ec6c,629,02b8ed3d4080e778589dfbf9f40f349d45d52975030d70f33193178150d8df76,8af2de3a9d13f7e8b77021bce6eb60dc9503494511d7d48763e5258191edc5d0,1e635249999b7884efe081ddbd976842098cc9ac148f8d23ef8d24ee18b1505e,2026-09-30T17:50:43Z
SubmitPartialDecryption,234,8b13893fe02b45ff20512bd9d61d4446010be723311f93d1bab0d811957b414f,629,02b8ed3d4080e778589dfbf9f40f349d45d52975030d70f33193178150d8df76,8af2de3a9d13f7e8b77021bce6eb60dc9503494511d7d48763e5258191edc5d0,1e635249999b7884efe081ddbd976842098cc9ac148f8d23ef8d24ee18b1505e,2026-09-30T17:50:43Z
SubmitPartialDecryption,238,1507ff113296e286576816eea206f2589ebcfa9d198c9634ec2a5da50d8ee405,629,02b8ed3d4080e778589dfbf9f40f349d45d52975030d70f33193178150d8df76,8af2de3a9d13f7e8b77021bce6eb60dc9503494511d7d48763e5258191edc5d0,1e635249999b7884efe081ddbd976842098cc9ac148f8d23ef8d24ee18b1505e,2026-09-30T17:50:43Z
SubmitPartialDecryption,225,32af1277eeb0ec602ccfeb5bb1d5342c3f742c69bb9f458779aaf25321ce03d4,629,02b8ed3d4080e778589dfbf9f40f349d45d52975030d70f33193178150d8df76,8af2de3a9d13f7e8b77021bce6eb60dc9503494511d7d48763e5258191edc5d0,1e635249999b7884efe081ddbd976842098cc9ac148f8d23ef8d24ee18b1505e,2026-09-30T17:50:43Z
SubmitPartialDecryption,236,a0ec2e884522c5b032ef948aa041ea1cf37791589f706b4db9256caa531dc1b8,629,02b8ed3d4080e778589dfbf9f40f349d45d52975030d70f33193178150d8df76,8af2de3a9d13f7e8b77021bce6eb60dc9503494511d7d48763e5258191edc5d0,1e635249999b7884efe081ddbd976842098cc9ac148f8d23ef8d24ee18b1505e,2026-09-30T17:50:43Z
SubmitPartialDecryption,224,9f8be11a3c4cddf143d3df76a52dd262507f56c350a4f6484c7f231d2062d9d7,629,02b8ed3d4080e778589dfbf9f40f349d45d52975030d70f33193178150d8df76,8af2de3a9d13f7e8b77021bce6eb60dc9503494511d7d48763e5258191edc5d0,1e635249999b7884efe081ddbd976842098cc9ac148f8d23ef8d24ee18b1505e,2026-09-30T17:50:43Z
SubmitPartialDecryption,227,3b8a0b282830919171518ab9a2342e8783731cf9a5ad19e87967ff00742cfb7e,629,02b8ed3d4080e778589dfbf9f40f349d45d52975030d70f33193178150d8df76,8af2de3a9d13f7e8b77021bce6eb60dc9503494511d7d48763e5258191edc5d0,1e635249999b7884efe081ddbd976842098cc9ac148f8d23ef8d24ee18b1505e,2026-09-30T17:50:43Z
SubmitPartialDecryption,232,bbe170952f7d46183aa9615d472ceba105182a25b5fd046864b4c636d94eeeed,629,02b8ed3d4080e778589dfbf9f40f349d45d52975030d70f33193178150d8df76,8af2de3a9d13f7e8b77021bce6eb60dc9503494511d7d48763e5258191edc5d0,1e635249999b7884efe081ddbd976842098cc9ac148f8d23ef8d24ee18b1505e,2026-09-30T17:50:43Z
SubmitPartialDecryption,228,6edd6c3f27362d114562f8e28c1bfbc60e73e3e627cde88b12469402671f64cc,629,02b8ed3d4080e778589dfbf9f40f349d45d52975030d70f33193178150d8df76,8af2de3a9d13f7e8b77021bce6eb60dc9503494511d7d48763e5258191edc5d0,1e635249999b7884efe081ddbd976842098cc9ac148f8d23ef8d24ee18b1505e,2026-09-30T17:50:43Z
SubmitPartialDecryption,249,979f86e5056dd2951ddeff27d1f0b175e6a5b6eb4a56906388a7e5ef056e6b95,630,0d51eff738bf9f1f1b884ea6e5fa60699c5fefb31f9bbdd1226a89c82bc87b59,acd92e53e71355c072ddc8c27feee07adea16bd9bfb1226573a324672a4f5759,02b8ed3d4080e778589dfbf9f40f349d45d52975030d70f33193178150d8df76,2026-09-30T17:50:45Z
SubmitPartialDecryption,250,565c0fc0141a8e37c96bbd9fb19f605e17dcd3e5abed1c535cc41eae64f70a72,630,0d51eff738bf9f1f1b884ea6e5fa60699c5fefb31f9bbdd1226a89c82bc87b59,acd92e53e71355c072ddc8c27feee07adea16bd9bfb1226573a324672a4f5759,02b8ed3d4080e778589dfbf9f40f349d45d52975030d70f33193178150d8df76,2026-09-30T17:50:45Z
SubmitPartialDecryption,243,5e05ba6b7c75f1ceaa277b0bef9a72d30f9a58f4df88a5ef9a7ac3bb94527de1,630,0d51eff738bf9f1f1b884ea6e5fa60699c5fefb31f9bbdd1226a89c82bc87b59,acd92e53e71355c072ddc8c27feee07adea16bd9bfb1226573a324672a4f5759,02b8ed3d4080e778589dfbf9f40f349d45d52975030d70f33193178150d8df76,2026-09-30T17:50:45Z
SubmitPartialDecryption,251,b98dc688ecf52c330ff1f0164ca0d3fd87c6219d094ea826b50b3d6335b0353c,630,0d51eff738bf9f1f1b884ea6e5fa60699c5fefb31f9bbdd1226a89c82bc87b59,acd92e53e71355c072ddc8c27feee07adea16bd9bfb1226573a324672a4f5759,02b8ed3d4080e778589dfbf9f40f349d45d52975030d70f33193178150d8df76,2026-09-30T17:50:45Z
SubmitPartialDecryption,246,4f77690f7984f03feb477dbe889863cb07b1cbc222c479f52830b5c53720b775,630,0d51eff738bf9f1f1b884ea6e5fa60699c5fefb31f9bbdd1226a89c82bc87b59,acd92e53e71355c072ddc8c27feee07adea16bd9bfb1226573a324672a4f5759,02b8ed3d4080e778589dfbf9f40f349d45d52975030d70f33193178150d8df76,2026-09-30T17:50:45Z
SubmitPartialDecryption,253,2a338e2b0f0b6ea8ad6c4270217d7b2ddfbcd5426d50034e231f25cc712e2909,630,0d51eff738bf9f1f1b884ea6e5fa60699c5fefb31f9bbdd1226a89c82bc87b59,acd92e53e71355c072ddc8c27feee07adea16bd9bfb1226573a324672a4f5759,02b8ed3d4080e778589dfbf9f40f349d45d52975030d70f33193178150d8df76,2026-09-30T17:50:45Z
SubmitPartialDecryption,245,2b63e599ce2dad9424c22664bee45cdc94063903d3020ade6a38434233c327e2,630,0d51eff738bf9f1f1b884ea6e5fa60699c5fefb31f9bbdd1226a89c82bc87b59,acd92e53e71355c072ddc8c27feee07adea16bd9bfb1226573a324672a4f5759,02b8ed3d4080e778589dfbf9f40f349d45d52975030d70f33193178150d8df76,2026-09-30T17:50:45Z
SubmitPartialDecryption,252,6debec4e9d388984e8afb8a798dd87c0921629ae141895475c525bee985aba5b,630,0d51eff738bf9f1f1b884ea6e5fa60699c5fefb31f9bbdd1226a89c82bc87b59,acd92e53e71355c072ddc8c27feee07adea16bd9bfb1226573a324672a4f5759,02b8ed3d4080e778589dfbf9f40f349d45d52975030d70f33193178150d8df76,2026-09-30T17:50:45Z
SubmitPartialDecryption,247,2d00defec9e0e8924b80562a35aaf0e4691e3c2e1339cf301f590bd260f61c38,630,0d51eff738bf9f1f1b884ea6e5fa60699c5fefb31f9bbdd1226a89c82bc87b59,acd92e53e71355c072ddc8c27feee07adea16bd9bfb1226573a324672a4f5759,02b8ed3d4080e778589dfbf9f40f349d45d52975030d70f33193178150d8df76,2026-09-30T17:50:45Z
SubmitPartialDecryption,244,13e0a44b6b60c93160bff830d6000e00ed52e7366395d211355a482d6c02f870,630,0d51eff738bf9f1f1b884ea6e5fa60699c5fefb31f9bbdd1226a89c82bc87b59,acd92e53e71355c072ddc8c27feee07adea16bd9bfb1226573a324672a4f5759,02b8ed3d4080e778589dfbf9f40f349d45d52975030d70f33193178150d8df76,2026-09-30T17:50:45Z
SubmitPartialDecryption,241,23d0ed9724a484fdaac6653b793e5fe9ed6ddb149495b796116a6c65a3cc745e,630,0d51eff738bf9f1f1b884ea6e5fa60699c5fefb31f9bbdd1226a89c82bc87b59,acd92e53e71355c072ddc8c27feee07adea16bd9bfb1226573a324672a4f5759,02b8ed3d4080e778589dfbf9f40f349d45d52975030d70f33193178150d8df76,2026-09-30T17:50:45Z
SubmitPartialDecryption,254,860e1c6e0af4dfe5c4f097f798211c08cbd71269a7c1ea84e2cda805346cbf3c,630,0d51eff738bf9f1f1b884ea6e5fa60699c5fefb31f9bbdd1226a89c82bc87b59,acd92e53e71355c072ddc8c27feee07adea16bd9bfb1226573a324672a4f5759,02b8ed3d4080e778589dfbf9f40f349d45d52975030d70f33193178150d8df76,2026-09-30T17:50:45Z
SubmitPartialDecryption,242,f4f8d83a1b63c5bb61afb3109de7959059d749b837da52ad68635a0ee24fb214,630,0d51eff738bf9f1f1b884ea6e5fa60699c5fefb31f9bbdd1226a89c82bc87b59,acd92e53e71355c072ddc8c27feee07adea16bd9bfb1226573a324672a4f5759,02b8ed3d4080e778589dfbf9f40f349d45d52975030d70f33193178150d8df76,2026-09-30T17:50:45Z
SubmitPartialDecryption,248,05518bc59b37072b7fd609f3cbf5359bf1f66879b224ae5eff7e296c02906b87,630,0d51eff738bf9f1f1b884ea6e5fa60699c5fefb31f9bbdd1226a89c82bc87b59,acd92e53e71355c072ddc8c27feee07adea16bd9bfb1226573a324672a4f5759,02b8ed3d4080e778589dfbf9f40f349d45d52975030d70f33193178150d8df76,2026-09-30T17:50:45Z
SubmitPartialDecryption,240,71c0a304772feeb39076ad8bdef5a6dce305962708379667f3cf6af57384a457,630,0d51eff738bf9f1f1b884ea6e5fa60699c5fefb31f9bbdd1226a89c82bc87b59,acd92e53e71355c072ddc8c27feee07adea16bd9bfb1226573a324672a4f5759,02b8ed3d4080e778589dfbf9f40f349d45d52975030d70f33193178150d8df76,2026-09-30T17:50:45Z
SubmitPartialDecryption,255,39b62237bbc9b5616d410299646c2e7e78dad693809b40ff7514be68255c5ab2,630,0d51eff738bf9f1f1b884ea6e5fa60699c5fefb31f9bbdd1226a89c82bc87b59,acd92e53e71355c072ddc8c27feee07adea16bd9bfb1226573a324672a4f5759,02b8ed3d4080e778589dfbf9f40f349d45d52975030d70f33193178150d8df76,2026-09-30T17:50:45Z
SubmitPartialDecryption,262,7831724d1132764f16a853e3799338b1da1f8a4ed04c1474402f5b109ffe862c,631,96de5ce8f57995d504e5715b957683c95869267ad2d00cea7c908b35166ca1cc,c7e59f5eb2c0e4123dc452ca4cce5cc38996f59e6b5f7e88abb39b8c03b787a0,0d51eff738bf9f1f1b884ea6e5fa60699c5fefb31f9bbdd1226a89c82bc87b59,2026-09-30T17:50:47Z
SubmitPartialDecryption,258,7f5c738f301821e57545a61d901caaa467441bdacb7aef3ca7decd4af1f75e4b,631,96de5ce8f57995d504e5715b957683c95869267ad2d00cea7c908b35166ca1cc,c7e59f5eb2c0e4123dc452ca4cce5cc38996f59e6b5f7e88abb39b8c03b787a0,0d51eff738bf9f1f1b884ea6e5fa60699c5fefb31f9bbdd1226a89c82bc87b59,2026-09-30T17:50:47Z
SubmitPartialDecryption,269,a3c1beffdf2f8a97adf4a20aa125951752720be24e325fe7f67f8160aba064dd,631,96de5ce8f57995d504e5715b957683c95869267ad2d00cea7c908b35166ca1cc,c7e59f5eb2c0e4123dc452ca4cce5cc38996f59e6b5f7e88abb39b8c03b787a0,0d51eff738bf9f1f1b884ea6e5fa60699c5fefb31f9bbdd1226a89c82bc87b59,2026-09-30T17:50:47Z
SubmitPartialDecryption,263,10cc04f3975cd371ab9dc86d4a2bfc9f3dafbbead3283981cc7c2fdb008055ec,631,96de5ce8f57995d504e5715b957683c95869267ad2d00cea7c908b35166ca1cc,c7e59f5eb2c0e4123dc452ca4cce5cc38996f59e6b5f7e88abb39b8c03b787a0,0d51eff738bf9f1f1b884ea6e5fa60699c5fefb31f9bbdd1226a89c82bc87b59,2026-09-30T17:50:47Z
SubmitPartialDecryption,267,8278c057472704659d9a6133b84b69c0bebf0bcd9e5e832a46d17c215dd22331,631,96de5ce8f57995d504e5715b957683c95869267ad2d00cea7c908b35166ca1cc,c7e59f5eb2c0e4123dc452ca4cce5cc38996f59e6b5f7e88abb39b8c03b787a0,0d51eff738bf9f1f1b884ea6e5fa60699c5fefb31f9bbdd1226a89c82bc87b59,2026-09-30T17:50:47Z
SubmitPartialDecryption,264,88c63d87f4256421c6a5ebd4ae0e4439e9d6911de5440ee81ff915387946984f,631,96de5ce8f57995d504e5715b957683c95869267ad2d00cea7c908b35166ca1cc,c7e59f5eb2c0e4123dc452ca4cce5cc38996f59e6b5f7e88abb39b8c03b787a0,0d51eff738bf9f1f1b884ea6e5fa60699c5fefb31f9bbdd1226a89c82bc87b59,2026-09-30T17:50:47Z
SubmitPartialDecryption,266,2f22b2f3f19c2a8889b2b9d07ddb3c49b52a9c0e08468042a592b0dd73be3056,631,96de5ce8f57995d504e5715b957683c95869267ad2d00cea7c908b35166ca1cc,c7e59f5eb2c0e4123dc452ca4cce5cc38996f59e6b5f7e88abb39b8c03b787a0,0d51eff738bf9f1f1b884ea6e5fa60699c5fefb31f9bbdd1226a89c82bc87b59,2026-09-30T17:50:47Z
SubmitPartialDecryption,261,70b2e6149b6d1a5c682ef6933ffcad5ecf494b70df03524759fc065a21281f81,631,96de5ce8f57995d504e5715b957683c95869267ad2d00cea7c908b35166ca1cc,c7e59f5eb2c0e4123dc452ca4cce5cc38996f59e6b5f7e88abb39b8c03b787a0,0d51eff738bf9f1f1b884ea6e5fa60699c5fefb31f9bbdd1226a89c82bc87b59,2026-09-30T17:50:47Z
SubmitPartialDecryption,256,27ce35e96ef695b5472379687c5a7859f3f954e1b225e8b15b57e767492c62ee,631,96de5ce8f57995d504e5715b957683c95869267ad2d00cea7c908b35166ca1cc,c7e59f5eb2c0e4123dc452ca4cce5cc38996f59e6b5f7e88abb39b8c03b787a0,0d51eff738bf9f1f1b884ea6e5fa60699c5fefb31f9bbdd1226a89c82bc87b59,2026-09-30T17:50:47Z
SubmitPartialDecryption,265,a8c3c361ab3d12ff2e5b4a05d3c99f86df9be9b8bb987687e5bc34df48f317e8,631,96de5ce8f57995d504e5715b957683c95869267ad2d00cea7c908b35166ca1cc,c7e59f5eb2c0e4123dc452ca4cce5cc38996f59e6b5f7e88abb39b8c03b787a0,0d51eff738bf9f1f1b884ea6e5fa60699c5fefb31f9bbdd1226a89c82bc87b59,2026-09-30T17:50:47Z
SubmitPartialDecryption,268,47a0737cdfbc117584ea77a8a8b206695cc9bd2d3ddce46c4e64c9139cbee05c,631,96de5ce8f57995d504e5715b957683c95869267ad2d00cea7c908b35166ca1cc,c7e59f5eb2c0e4123dc452ca4cce5cc38996f59e6b5f7e88abb39b8c03b787a0,0d51eff738bf9f1f1b884ea6e5fa60699c5fefb31f9bbdd1226a89c82bc87b59,2026-09-30T17:50:47Z
SubmitPartialDecryption,257,4cfa5ec3a656aebd79e685b42662dc4c54481506ecdd47956543c9216f6573e6,631,96de5ce8f57995d504e5715b957683c95869267ad2d00cea7c908b35166ca1cc,c7e59f5eb2c0e4123dc452ca4cce5cc38996f59e6b5f7e88abb39b8c03b787a0,0d51eff738bf9f1f1b884ea6e5fa60699c5fefb31f9bbdd1226a89c82bc87b59,2026-09-30T17:50:47Z
SubmitPartialDecryption,260,60f60a24b89be01d70632663dc49d77d69baa6035153e939979c41af42b9b6c6,631,96de5ce8f57995d504e5715b957683c95869267ad2d00cea7c908b35166ca1cc,c7e59f5eb2c0e4123dc452ca4cce5cc38996f59e6b5f7e88abb39b8c03b787a0,0d51eff738bf9f1f1b884ea6e5fa60699c5fefb31f9bbdd1226a89c82bc87b59,2026-09-30T17:50:47Z
SubmitPartialDecryption,270,eb732ab68651720df7eab0c0eed461ad2ca9b0e995ef662a58d35544ccdc0b3e,631,96de5ce8f57995d504e5715b957683c95869267ad2d00cea7c908b35166ca1cc,c7e59f5eb2c0e4123dc452ca4cce5cc38996f59e6b5f7e88abb39b8c03b787a0,0d51eff738bf9f1f1b884ea6e5fa60699c5fefb31f9bbdd1226a89c82bc87b59,2026-09-30T17:50:47Z
SubmitPartialDecryption,259,9f844cb6b057e5bb672a155d7f0a04512d1336905aeb43a5c78b63c766fcf39a,631,96de5ce8f57995d504e5715b957683c95869267ad2d00cea7c908b35166ca1cc,c7e59f5eb2c0e4123dc452ca4cce5cc38996f59e6b5f7e88abb39b8c03b787a0,0d51eff738bf9f1f1b884ea6e5fa60699c5fefb31f9bbdd1226a89c82bc87b59,2026-09-30T17:50:47Z
SubmitPartialDecryption,271,c9d62e127f76062f18448886799417a4edc5f377b5a33776f0846cb535a36bbd,631,96de5ce8f57995d504e5715b957683c95869267ad2d00cea7c908b35166ca1cc,c7e59f5eb2c0e4123dc452ca4cce5cc38996f59e6b5f7e88abb39b8c03b787a0,0d51eff738bf9f1f1b884ea6e5fa60699c5fefb31f9bbdd1226a89c82bc87b59,2026-09-30T17:50:47Z
SubmitPartialDecryption,280,f8fefc85ec08cc9958846577c68659c088be1c004ba54b732653a07cba357af2,632,091a3359540162f8e0fd67c5db8874273c3748f54df2309865df7dc7e2b7ed85,da65af1f7ae9686bd45f7b93a09b22219637216e851b8fc5fa3f2bc4fefb976c,96de5ce8f57995d504e5715b957683c95869267ad2d00cea7c908b35166ca1cc,2026-09-30T17:50:49Z
SubmitPartialDecryption,273,6dc83344245db27e45847bcb90aa3ced38ab3fbc42eff2a706c8fcfb4f8606b5,632,091a3359540162f8e0fd67c5db8874273c3748f54df2309865df7dc7e2b7ed85,da65af1f7ae9686bd45f7b93a09b22219637216e851b8fc5fa3f2bc4fefb976c,96de5ce8f57995d504e5715b957683c95869267ad2d00cea7c908b35166ca1cc,2026-09-30T17:50:49Z
SubmitPartialDecryption,272,ac5837002caf85b9d292642a515b566a5842f63e7deb2550e2b7b2258385b365,632,091a3359540162f8e0fd67c5db8874273c3748f54df2309865df7dc7e2b7ed85,da65af1f7ae9686bd45f7b93a09b22219637216e851b8fc5fa3f2bc4fefb976c,96de5ce8f57995d504e5715b957683c95869267ad2d00cea7c908b35166ca1cc,2026-09-30T17:50:49Z
SubmitPartialDecryption,281,8096770f43861ac0c2307c265f3e841b0eda597c3d3d03627294f928c6ccdee7,632,091a3359540162f8e0fd67c5db8874273c3748f54df2309865df7dc7e2b7ed85,da65af1f7ae9686bd45f7b93a09b22219637216e851b8fc5fa3f2bc4fefb976c,96de5ce8f57995d504e5715b957683c95869267ad2d00cea7c908b35166ca1cc,2026-09-30T17:50:49Z
SubmitPartialDecryption,285,97bbf77eb22a43e2556c5ee89a6d784a3b78eed5c9571504ed97188610a2365d,632,091a3359540162f8e0fd67c5db8874273c3748f54df2309865df7dc7e2b7ed85,da65af1f7ae9686bd45f7b93a09b22219637216e851b8fc5fa3f2bc4fefb976c,96de5ce8f57995d504e5715b957683c95869267ad2d00cea7c908b35166ca1cc,2026-09-30T17:50:49Z
SubmitPartialDecryption,279,0875838167a7d1879df700b7d08f5f6fc02d8b542e24070b2f8f598dd48183ca,632,091a3359540162f8e0fd67c5db8874273c3748f54df2309865df7dc7e2b7ed85,da65af1f7ae9686bd45f7b93a09b22219637216e851b8fc5fa3f2bc4fefb976c,96de5ce8f57995d504e5715b957683c95869267ad2d00cea7c908b35166ca1cc,2026-09-30T17:50:49Z
SubmitPartialDecryption,286,6721998466799ab31e2fef5f6aae275ddd8f87f4003b27f1f90ff2eb70f0eae3,632,091a3359540162f8e0fd67c5db8874273c3748f54df2309865df7dc7e2b7ed85,da65af1f7ae9686bd45f7b93a09b22219637216e851b8fc5fa3f2bc4fefb976c,96de5ce8f57995d504e5715b957683c95869267ad2d00cea7c908b35166ca1cc,2026-09-30T17:50:49Z
SubmitPartialDecryption,275,c7ae0290d92f27dceeb5fa487d6f7da3d8aaf03393b87bdb6a0a663b598dac93,632,091a3359540162f8e0fd67c5db8874273c3748f54df2309865df7dc7e2b7ed85,da65af1f7ae9686bd45f7b93a09b22219637216e851b8fc5fa3f2bc4fefb976c,96de5ce8f57995d504e5715b957683c95869267ad2d00cea7c908b35166ca1cc,2026-09-30T17:50:49Z
SubmitPartialDecryption,283,aacdeed4d41c7323590f8d266c0ac571a5ead1b880cd3aa4b915399c701dbcab,632,091a3359540162f8e0fd67c5db8874273c3748f54df2309865df7dc7e2b7ed85,da65af1f7ae9686bd45f7b93a09b22219637216e851b8fc5fa3f2bc4fefb976c,96de5ce8f57995d504e5715b957683c95869267ad2d00cea7c908b35166ca1cc,2026-09-30T17:50:49Z
SubmitPartialDecryption,277,c40df778ecfc6bb75ec89635faf84b86975d0957cb71972088ad899066b73f74,632,091a3359540162f8e0fd67c5db8874273c3748f54df2309865df7dc7e2b7ed85,da65af1f7ae9686bd45f7b93a09b22219637216e851b8fc5fa3f2bc4fefb976c,96de5ce8f57995d504e5715b957683c95869267ad2d00cea7c908b35166ca1cc,2026-09-30T17:50:49Z
SubmitPartialDecryption,276,48e6e8d3d091e2ef909f89f6b9bfdaf4c336157af42e24a324cd3e86cd2afdaa,632,091a3359540162f8e0fd67c5db8874273c3748f54df2309865df7dc7e2b7ed85,da65af1f7ae9686bd45f7b93a09b22219637216e851b8fc5fa3f2bc4fefb976c,96de5ce8f57995d504e5715b957683c95869267ad2d00cea7c908b35166ca1cc,2026-09-30T17:50:49Z
SubmitPartialDecryption,284,960797aed60cf4b1685ca132d1ba6e1f4c2e0ac559bb77da6c7f716449f44490,632,091a3359540162f8e0fd67c5db8874273c3748f54df2309865df7dc7e2b7ed85,da65af1f7ae9686bd45f7b93a09b22219637216e851b8fc5fa3f2bc4fefb976c,96de5ce8f57995d504e5715b957683c95869267ad2d00cea7c908b35166ca1cc,2026-09-30T17:50:49Z
SubmitPartialDecryption,287,6c61ac961fa41b0cd56d83c2503174145afce89a1c83bcfc0aaa814d50fbf169,632,091a3359540162f8e0fd67c5db8874273c3748f54df2309865df7dc7e2b7ed85,da65af1f7ae9686bd45f7b93a09b22219637216e851b8fc5fa3f2bc4fefb976c,96de5ce8f57995d504e5715b957683c95869267ad2d00cea7c908b35166ca1cc,2026-09-30T17:50:49Z
SubmitPartialDecryption,278,4e653c3d1e9d61896187e16fa202ca05fa40bae95cc076a2c254db9feb0bf092,632,091a3359540162f8e0fd67c5db8874273c3748f54df2309865df7dc7e2b7ed85,da65af1f7ae9686bd45f7b93a09b22219637216e851b8fc5fa3f2bc4fefb976c,96de5ce8f57995d504e5715b957683c95869267ad2d00cea7c908b35166ca1cc,2026-09-30T17:50:49Z
SubmitPartialDecryption,282,fa5ee92ea81d59aa1be653204a3adb69560a43586dca38411daa423a1a3048b1,632,091a3359540162f8e0fd67c5db8874273c3748f54df2309865df7dc7e2b7ed85,da65af1f7ae9686bd45f7b93a09b22219637216e851b8fc5fa3f2bc4fefb976c,96de5ce8f57995d504e5715b957683c95869267ad2d00cea7c908b35166ca1cc,2026-09-30T17:50:49Z
SubmitPartialDecryption,274,9374278dbfe75475fc0ff22387deb0ff125493e14d8a4d8f43fbae4bf907964b,632,091a3359540162f8e0fd67c5db8874273c3748f54df2309865df7dc7e2b7ed85,da65af1f7ae9686bd45f7b93a09b22219637216e851b8fc5fa3f2bc4fefb976c,96de5ce8f57995d504e5715b957683c95869267ad2d00cea7c908b35166ca1cc,2026-09-30T17:50:49Z
SubmitPartialDecryption,293,d5d34ef0c67844b0395550e2738c0f5f59c9682d6e11b90aa1761197f8a4aeae,633,1f83f0a05ed51d3afdbf2ee83679f972fa347fbe837dc56f3632ae289549fc3e,c8f168404a37df7b1996923c1389db4b57d559ab2a2ca071e3b756caa20b1bd0,091a3359540162f8e0fd67c5db8874273c3748f54df2309865df7dc7e2b7ed85,2026-09-30T17:50:51Z
SubmitPartialDecryption,289,479c393d2644109c678f0ea972ab5c0d28fce639da424420cee2bafc68d9904e,633,1f83f0a05ed51d3afdbf2ee83679f972fa347fbe837dc56f3632ae289549fc3e,c8f168404a37df7b1996923c1389db4b57d559ab2a2ca071e3b756caa20b1bd0,091a3359540162f8e0fd67c5db8874273c3748f54df2309865df7dc7e2b7ed85,2026-09-30T17:50:51Z
SubmitPartialDecryption,296,efa5471c831686af72c6590af9e368af2304a415e86e89441707664a200781b0,633,1f83f0a05ed51d3afdbf2ee83679f972fa347fbe837dc56f3632ae289549fc3e,c8f168404a37df7b1996923c1389db4b57d559ab2a2ca071e3b756caa20b1bd0,091a3359540162f8e0fd67c5db8874273c3748f54df2309865df7dc7e2b7ed85,2026-09-30T17:50:51Z
SubmitPartialDecryption,300,c25379c82229540300af05fffe45363dd49d2fd3a759b70ec8aef77b5b28e895,633,1f83f0a05ed51d3afdbf2ee83679f972fa347fbe837dc56f3632ae289549fc3e,c8f168404a37df7b1996923c1389db4b57d559ab2a2ca071e3b756caa20b1bd0,091a3359540162f8e0fd67c5db8874273c3748f54df2309865df7dc7e2b7ed85,2026-09-30T17:50:51Z
SubmitPartialDecryption,291,9e120dc51f6019e7411487ae250d70579165435a829cfed05a6b60c2ce87f104,633,1f83f0a05ed51d3afdbf2ee83679f972fa347fbe837dc56f3632ae289549fc3e,c8f168404a37df7b1996923c1389db4b57d559ab2a2ca071e3b756caa20b1bd0,091a3359540162f8e0fd67c5db8874273c3748f54df2309865df7dc7e2b7ed85,2026-09-30T17:50:51Z
SubmitPartialDecryption,298,73430e3a8b4b475aa9814259ed9aee9281560840c7f5b0aebb9cf7df80115f7a,633,1f83f0a05ed51d3afdbf2ee83679f972fa347fbe837dc56f3632ae289549fc3e,c8f168404a37df7b1996923c1389db4b57d559ab2a2ca071e3b756caa20b1bd0,091a3359540162f8e0fd67c5db8874273c3748f54df2309865df7dc7e2b7ed85,2026-09-30T17:50:51Z
SubmitPartialDecryption,301,40017bade16d0969929c77d59ca88d4b6e3e5f46adef925bb2695e77f67ede48,633,1f83f0a05ed51d3afdbf2ee83679f972fa347fbe837dc56f3632ae289549fc3e,c8f168404a37df7b1996923c1389db4b57d559ab2a2ca071e3b756caa20b1bd0,091a3359540162f8e0fd67c5db8874273c3748f54df2309865df7dc7e2b7ed85,2026-09-30T17:50:51Z
SubmitPartialDecryption,290,836f3a78fcf5b44b0c0aae66b5d038fe72ee677b332c486ab8e91575e070f22b,633,1f83f0a05ed51d3afdbf2ee83679f972fa347fbe837dc56f3632ae289549fc3e,c8f168404a37df7b1996923c1389db4b57d559ab2a2ca071e3b756caa20b1bd0,091a3359540162f8e0fd67c5db8874273c3748f54df2309865df7dc7e2b7ed85,2026-09-30T17:50:51Z
SubmitPartialDecryption,299,8f2571039f4593399175d922e54e3e1259012b18a71f5af271d58aa3d506423f,633,1f83f0a05ed51d3afdbf2ee83679f972fa347fbe837dc56f3632ae289549fc3e,c8f168404a37df7b1996923c1389db4b57d559ab2a2ca071e3b756caa20b1bd0,091a3359540162f8e0fd67c5db8874273c3748f54df2309865df7dc7e2b7ed85,2026-09-30T17:50:51Z
SubmitPartialDecryption,303,f053a7f3fda5337d3c0c12a3e125d3b405095a1cb6a40d546abc029238922d39,633,1f83f0a05ed51d3afdbf2ee83679f972fa347fbe837dc56f3632ae289549fc3e,c8f168404a37df7b1996923c1389db4b57d559ab2a2ca071e3b756caa20b1bd0,091a3359540162f8e0fd67c5db8874273c3748f54df2309865df7dc7e2b7ed85,2026-09-30T17:50:51Z
SubmitPartialDecryption,295,be0dcb3ab30490cd83f305f967bd30bf698199cbac87624ebd3e27aa0bb6e171,633,1f83f0a05ed51d3afdbf2ee83679f972fa347fbe837dc56f3632ae289549fc3e,c8f168404a37df7b1996923c1389db4b57d559ab2a2ca071e3b756caa20b1bd0,091a3359540162f8e0fd67c5db8874273c3748f54df2309865df7dc7e2b7ed85,2026-09-30T17:50:51Z
SubmitPartialDecryption,292,662b0790346396d9366ea69edd614fce30be49c673e69161bbdcd68f7a3482c1,633,1f83f0a05ed51d3afdbf2ee83679f972fa347fbe837dc56f3632ae289549fc3e,c8f168404a37df7b1996923c1389db4b57d559ab2a2ca071e3b756caa20b1bd0,091a3359540162f8e0fd67c5db8874273c3748f54df2309865df7dc7e2b7ed85,2026-09-30T17:50:51Z
SubmitPartialDecryption,302,0b5ac3a4b9814c3c3cf65b1bf6d0215885979ecd3d28ca45dffd3e18112bf72d,633,1f83f0a05ed51d3afdbf2ee83679f972fa347fbe837dc56f3632ae289549fc3e,c8f168404a37df7b1996923c1389db4b57d559ab2a2ca071e3b756caa20b1bd0,091a3359540162f8e0fd67c5db8874273c3748f54df2309865df7dc7e2b7ed85,2026-09-30T17:50:51Z
SubmitPartialDecryption,288,7b5c0af525c8feb21e8e2660fddc3b8c2c1053c68abf9c1c30d0452582333667,633,1f83f0a05ed51d3afdbf2ee83679f972fa347fbe837dc56f3632ae289549fc3e,c8f168404a37df7b1996923c1389db4b57d559ab2a2ca071e3b756caa20b1bd0,091a3359540162f8e0fd67c5db8874273c3748f54df2309865df7dc7e2b7ed85,2026-09-30T17:50:51Z
SubmitPartialDecryption,297,7ea8da18d9be1c7167355bf146f73e3cd7e2b16e4e5fa9d5f185b58852fcc0c7,633,1f83f0a05ed51d3afdbf2ee83679f972fa347fbe837dc56f3632ae289549fc3e,c8f168404a37df7b1996923c1389db4b57d559ab2a2ca071e3b756caa20b1bd0,091a3359540162f8e0fd67c5db8874273c3748f54df2309865df7dc7e2b7ed85,2026-09-30T17:50:51Z
SubmitPartialDecryption,294,4288cf0d45d6c671d16dcc904d1b02df58e2f9ed37e87953e882c7a23067fcbb,633,1f83f0a05ed51d3afdbf2ee83679f972fa347fbe837dc56f3632ae289549fc3e,c8f168404a37df7b1996923c1389db4b57d559ab2a2ca071e3b756caa20b1bd0,091a3359540162f8e0fd67c5db8874273c3748f54df2309865df7dc7e2b7ed85,2026-09-30T17:50:51Z
SubmitPartialDecryption,307,7f1ac34d4b81517f0da07c24504a979bb82d19ac355ed6ba5c2204d5b0bb4ee1,634,5d722f53abc7720df88dd0cf8e99031f628f13bb20c5946a2558020f8c333d65,9ca8cb6acf73c251dcd416c0cd82298572dd297c95d400c3e867e0c68bfe7ee7,1f83f0a05ed51d3afdbf2ee83679f972fa347fbe837dc56f3632ae289549fc3e,2026-09-30T17:50:53Z
SubmitPartialDecryption,318,17fc1d1a57f0f7a8c4ce38c96c77c134bdd989df2bfdc355b030446e744a9fba,634,5d722f53abc7720df88dd0cf8e99031f628f13bb20c5946a2558020f8c333d65,9ca8cb6acf73c251dcd416c0cd82298572dd297c95d400c3e867e0c68bfe7ee7,1f83f0a05ed51d3afdbf2ee83679f972fa347fbe837dc56f3632ae289549fc3e,2026-09-30T17:50:53Z
SubmitPartialDecryption,304,8e5730733ec65e63e14d971606d81375969250a73451e86f4b3b5a8806289e38,634,5d722f53abc7720df88dd0cf8e99031f628f13bb20c5946a2558020f8c333d65,9ca8cb6acf73c251dcd416c0cd82298572dd297c95d400c3e867e0c68bfe7ee7,1f83f0a05ed51d3afdbf2ee83679f972fa347fbe837dc56f3632ae289549fc3e,2026-09-30T17:50:53Z
SubmitPartialDecryption,308,7a9aaab4db175c51093cc84f430bf63796563ed175fcd82e6541324c57bf68cb,634,5d722f53abc7720df88dd0cf8e99031f628f13bb20c5946a2558020f8c333d65,9ca8cb6acf73c251dcd416c0cd82298572dd297c95d400c3e867e0c68bfe7ee7,1f83f0a05ed51d3afdbf2ee83679f972fa347fbe837dc56f3632ae289549fc3e,2026-09-30T17:50:53Z
SubmitPartialDecryption,311,9f581ca3c79dd9bea4a5a4944dc1c66721bacff1eaea1b7b59f9c165cd7ecfb9,634,5d722f53abc7720df88dd0cf8e99031f628f13bb20c5946a2558020f8c333d65,9ca8cb6acf73c251dcd416c0cd82298572dd297c95d400c3e867e0c68bfe7ee7,1f83f0a05ed51d3afdbf2ee83679f972fa347fbe837dc56f3632ae289549fc3e,2026-09-30T17:50:53Z
SubmitPartialDecryption,317,7ebf7bbfa40f7211deb008b25a3a2438584dcf38f82a45f276d0e5a405ca249c,634,5d722f53abc7720df88dd0cf8e99031f628f13bb20c5946a2558020f8c333d65,9ca8cb6acf73c251dcd416c0cd82298572dd297c95d400c3e867e0c68bfe7ee7,1f83f0a05ed51d3afdbf2ee83679f972fa347fbe837dc56f3632ae289549fc3e,2026-09-30T17:50:53Z
SubmitPartialDecryption,316,455b41924d915f8a54c615ac3be70bf516340d73dba41dac19a0285091f6f58a,634,5d722f53abc7720df88dd0cf8e99031f628f13bb20c5946a2558020f8c333d65,9ca8cb6acf73c251dcd416c0cd82298572dd297c95d400c3e867e0c68bfe7ee7,1f83f0a05ed51d3afdbf2ee83679f972fa347fbe837dc56f3632ae289549fc3e,2026-09-30T17:50:53Z
SubmitPartialDecryption,310,de2e651e0912d74ba38c57e6f6f4bb710ee5ca184e5fa498bf42b44c5013375a,634,5d722f53abc7720df88dd0cf8e99031f628f13bb20c5946a2558020f8c333d65,9ca8cb6acf73c251dcd416c0cd82298572dd297c95d400c3e867e0c68bfe7ee7,1f83f0a05ed51d3afdbf2ee83679f972fa347fbe837dc56f3632ae289549fc3e,2026-09-30T17:50:53Z
SubmitPartialDecryption,314,52ec9ad0281b26acb7763e22acaa9e4380123ba422b7d7d3c3b719fd5b97522d,634,5d722f53abc7720df88dd0cf8e99031f628f13bb20c5946a2558020f8c333d65,9ca8cb6acf73c251dcd416c0cd82298572dd297c95d400c3e867e0c68bfe7ee7,1f83f0a05ed51d3afdbf2ee83679f972fa347fbe837dc56f3632ae289549fc3e,2026-09-30T17:50:53Z
SubmitPartialDecryption,312,1ab1593e5573e7f38f90322227cd382011e4483cfab916a560e55d4c77dd47ae,634,5d722f53abc7720df88dd0cf8e99031f628f13bb20c5946a2558020f8c333d65,9ca8cb6acf73c251dcd416c0cd82298572dd297c95d400c3e867e0c68bfe7ee7,1f83f0a05ed51d3afdbf2ee83679f972fa347fbe837dc56f3632ae289549fc3e,2026-09-30T17:50:53Z
SubmitPartialDecryption,313,b7b0ed92c6d9dc72d956f662768232b1d319f96e741d670231a1458b6e737b3b,634,5d722f53abc7720df88dd0cf8e99031f628f13bb20c5946a2558020f8c333d65,9ca8cb6acf73c251dcd416c0cd82298572dd297c95d400c3e867e0c68bfe7ee7,1f83f0a05ed51d3afdbf2ee83679f972fa347fbe837dc56f3632ae289549fc3e,2026-09-30T17:50:53Z
SubmitPartialDecryption,306,26cb874101649e25d7448756a1740299d9082f5acd6ba7fb61746913c5b7af5e,634,5d722f53abc7720df88dd0cf8e99031f628f13bb20c5946a2558020f8c333d65,9ca8cb6acf73c251dcd416c0cd82298572dd297c95d400c3e867e0c68bfe7ee7,1f83f0a05ed51d3afdbf2ee83679f972fa347fbe837dc56f3632ae289549fc3e,2026-09-30T17:50:53Z
SubmitPartialDecryption,309,88549db9d3305fbf6a79fa1f5c81bcdba173cf0b83d858ab43fccab94dd627c2,634,5d722f53abc7720df88dd0cf8e99031f628f13bb20c5946a2558020f8c333d65,9ca8cb6acf73c251dcd416c0cd82298572dd297c95d400c3e867e0c68bfe7ee7,1f83f0a05ed51d3afdbf2ee83679f972fa347fbe837dc56f3632ae289549fc3e,2026-09-30T17:50:53Z
SubmitPartialDecryption,319,e37fa23f7b12095c92e828f8f97fd0e65c47fa1ec18b65e246a42f46d460250e,634,5d722f53abc7720df88dd0cf8e99031f628f13bb20c5946a2558020f8c333d65,9ca8cb6acf73c251dcd416c0cd82298572dd297c95d400c3e867e0c68bfe7ee7,1f83f0a05ed51d3afdbf2ee83679f972fa347fbe837dc56f3632ae289549fc3e,2026-09-30T17:50:53Z
SubmitPartialDecryption,315,c5996ff0bcdfc53bad53a33ccfdc780f7126d65e12c27a253a2f81e96d1e3691,634,5d722f53abc7720df88dd0cf8e99031f628f13bb20c5946a2558020f8c333d65,9ca8cb6acf73c251dcd416c0cd82298572dd297c95d400c3e867e0c68bfe7ee7,1f83f0a05ed51d3afdbf2ee83679f972fa347fbe837dc56f3632ae289549fc3e,2026-09-30T17:50:53Z
SubmitPartialDecryption,305,b8120b8c6bea96d78f2c69fd91ae8fdf68061505954381db878ef09e58d27e3f,634,5d722f53abc7720df88dd0cf8e99031f628f13bb20c5946a2558020f8c333d65,9ca8cb6acf73c251dcd416c0cd82298572dd297c95d400c3e867e0c68bfe7ee7,1f83f0a05ed51d3afdbf2ee83679f972fa347fbe837dc56f3632ae289549fc3e,2026-09-30T17:50:53Z
SubmitPartialDecryption,322,8d4dfa05e0942ed97c81c9f7e50548d56b7816fc91e178b36caca1b2afad2611,635,72099031213cb8d0565571d0732d52d3b696983430c4b008aa06711a8465893c,ea8fb99315ce1a04746978d33355f17e1f02d31c27f46747c3d837fdce622eb8,5d722f53abc7720df88dd0cf8e99031f628f13bb20c5946a2558020f8c333d65,2026-09-30T17:50:55Z
SubmitPartialDecryption,328,3a033030ff73a1ec1fc167363026037e279b14dd3e9ac47bc0a40c2edfdfe7e0,635,72099031213cb8d0565571d0732d52d3b696983430c4b008aa06711a8465893c,ea8fb99315ce1a04746978d33355f17e1f02d31c27f46747c3d837fdce622eb8,5d722f53abc7720df88dd0cf8e99031f628f13bb20c5946a2558020f8c333d65,2026-09-30T17:50:55Z
SubmitPartialDecryption,334,075c40990ae579bad2053157d19e62aa894f4d100178c2c35c9245bbb44cbbf3,635,72099031213cb8d0565571d0732d52d3b696983430c4b008aa06711a8465893c,ea8fb99315ce1a04746978d33355f17e1f02d31c27f46747c3d837fdce622eb8,5d722f53abc7720df88dd0cf8e99031f628f13bb20c5946a2558020f8c333d65,2026-09-30T17:50:55Z
SubmitPartialDecryption,333,150abdbaf937de99fc7f4e8ce5483bbff8a8d938b8ace0e11fbd17fa2be3567f,635,72099031213cb8d0565571d0732d52d3b696983430c4b008aa06711a8465893c,ea8fb99315ce1a04746978d33355f17e1f02d31c27f46747c3d837fdce622eb8,5d722f53abc7720df88dd0cf8e99031f628f13bb20c5946a2558020f8c333d65,2026-09-30T17:50:55Z
SubmitPartialDecryption,331,869e812ff17971c74c7282f5c225bb7ca92eee7b183fd1db2114e7e92f9e6371,635,72099031213cb8d0565571d0732d52d3b696983430c4b008aa06711a8465893c,ea8fb99315ce1a04746978d33355f17e1f02d31c27f46747c3d837fdce622eb8,5d722f53abc7720df88dd0cf8e99031f628f13bb20c5946a2558020f8c333d65,2026-09-30T17:50:55Z
SubmitPartialDecryption,329,368a271f6499fcd003634f0f7fb9d5e9e1ae082e78c295dd97bb17be56c7532e,635,72099031213cb8d0565571d0732d52d3b696983430c4b008aa06711a8465893c,ea8fb99315ce1a04746978d33355f17e1f02d31c27f46747c3d837fdce622eb8,5d722f53abc7720df88dd0cf8e99031f628f13bb20c5946a2558020f8c333d65,2026-09-30T17:50:55Z
SubmitPartialDecryption,327,d9335ad2b837da77623354e04c94e12b2c34d16cd51f498295588bb5c1fb2110,635,72099031213cb8d0565571d0732d52d3b696983430c4b008aa06711a8465893c,ea8fb99315ce1a04746978d33355f17e1f02d31c27f46747c3d837fdce622eb8,5d722f53abc7720df88dd0cf8e99031f628f13bb20c5946a2558020f8c333d65,2026-09-30T17:50:55Z
SubmitPartialDecryption,325,7dfed8c5815bf5b9ab5c2f04ef3bbdb1a209dff13a5356b329deb07bf529526c,635,72099031213cb8d0565571d0732d52d3b696983430c4b008aa06711a8465893c,ea8fb99315ce1a04746978d33355f17e1f02d31c27f46747c3d837fdce622eb8,5d722f53abc7720df88dd0cf8e99031f628f13bb20c5946a2558020f8c333d65,2026-09-30T17:50:55Z
SubmitPartialDecryption,323,008476cedf1e12a9a09b74125e4bae4002c55612ae6b5f39a87167fc47097e27,635,72099031213cb8d0565571d0732d52d3b696983430c4b008aa06711a8465893c,ea8fb99315ce1a04746978d33355f17e1f02d31c27f46747c3d837fdce622eb8,5d722f53abc7720df88dd0cf8e99031f628f13bb20c5946a2558020f8c333d65,2026-09-30T17:50:55Z
SubmitPartialDecryption,321,d0beaec180d7b4edcd36c70a106263e1b220304bc39bd01fb204beaf5fbc6522,635,72099031213cb8d0565571d0732d52d3b696983430c4b008aa06711a8465893c,ea8fb99315ce1a04746978d33355f17e1f02d31c27f46747c3d837fdce622eb8,5d722f53abc7720df88dd0cf8e99031f628f13bb20c5946a2558020f8c333d65,2026-09-30T17:50:55Z
SubmitPartialDecryption,324,438057a624aa493fb7bfd4b66abd09a70251f36695a7ff32bbade86778812887,635,72099031213cb8d0565571d0732d52d3b696983430c4b008aa06711a8465893c,ea8fb99315ce1a04746978d33355f17e1f02d31c27f46747c3d837fdce622eb8,5d722f53abc7720df88dd0cf8e99031f628f13bb20c5946a2558020f8c333d65,2026-09-30T17:50:55Z
SubmitPartialDecryption,335,1ecbe6b261bde4806e91156fbefd5790d8075fff636cf2c9557cde324753cf67,635,72099031213cb8d0565571d0732d52d3b696983430c4b008aa06711a8465893c,ea8fb99315ce1a04746978d33355f17e1f02d31c27f46747c3d837fdce622eb8,5d722f53abc7720df88dd0cf8e99031f628f13bb20c5946a2558020f8c333d65,2026-09-30T17:50:55Z
SubmitPartialDecryption,326,e21437814e90ee8b9cbdf0ebd73cac0bbe516df8dccaecc7127372ef69f6c4d3,635,72099031213cb8d0565571d0732d52d3b696983430c4b008aa06711a8465893c,ea8fb99315ce1a04746978d33355f17e1f02d31c27f46747c3d837fdce622eb8,5d722f53abc7720df88dd0cf8e99031f628f13bb20c5946a2558020f8c333d65,2026-09-30T17:50:55Z
SubmitPartialDecryption,320,1c024abd58ba1c5c40c04ddc322f59710c3bb801aab4311f22a8cb3ff5dfaf6d,635,72099031213cb8d0565571d0732d52d3b696983430c4b008aa06711a8465893c,ea8fb99315ce1a04746978d33355f17e1f02d31c27f46747c3d837fdce622eb8,5d722f53abc7720df88dd0cf8e99031f628f13bb20c5946a2558020f8c333d65,2026-09-30T17:50:55Z
SubmitPartialDecryption,330,7af8c765548b699ff826ded8b03fb655a7ece354eb061562cd28773c7234300a,635,72099031213cb8d0565571d0732d52d3b696983430c4b008aa06711a8465893c,ea8fb99315ce1a04746978d33355f17e1f02d31c27f46747c3d837fdce622eb8,5d722f53abc7720df88dd0cf8e99031f628f13bb20c5946a2558020f8c333d65,2026-09-30T17:50:55Z
SubmitPartialDecryption,332,b6863414edb45fc304c03182b4521ee2eca114871324c8b7856666779d12e9e6,635,72099031213cb8d0565571d0732d52d3b696983430c4b008aa06711a8465893c,ea8fb99315ce1a04746978d33355f17e1f02d31c27f46747c3d837fdce622eb8,5d722f53abc7720df88dd0cf8e99031f628f13bb20c5946a2558020f8c333d65,2026-09-30T17:50:55Z
SubmitPartialDecryption,345,b2d545620790fe501b8e123a905effb75e61cf35fa093ce3e1540e08b176ddbf,636,01dfb8121635021863cc7f4fad49f380b4df20076f1a1a5ecf5b73e2584cde1c,88101f7c0cd71b38fd4cdef6c939a66c811df40037c05160e32de8498acdf12e,72099031213cb8d0565571d0732d52d3b696983430c4b008aa06711a8465893c,2026-09-30T17:50:57Z
SubmitPartialDecryption,344,fd05811bcbd7686ef64b1bae794392c47a3570e892cabecc2119c4c44f24e79f,636,01dfb8121635021863cc7f4fad49f380b4df20076f1a1a5ecf5b73e2584cde1c,88101f7c0cd71b38fd4cdef6c939a66c811df40037c05160e32de8498acdf12e,72099031213cb8d0565571d0732d52d3b696983430c4b008aa06711a8465893c,2026-09-30T17:50:57Z
SubmitPartialDecryption,349,4aac864e9e67f380a9ac23da3a016a7ed347f0225b577469c34be1cacb62fa8a,636,01dfb8121635021863cc7f4fad49f380b4df20076f1a1a5ecf5b73e2584cde1c,88101f7c0cd71b38fd4cdef6c939a66c811df40037c05160e32de8498acdf12e,72099031213cb8d0565571d0732d52d3b696983430c4b008aa06711a8465893c,2026-09-30T17:50:57Z
SubmitPartialDecryption,346,57a6977921d089be90855e5ed9de2d6fb805c4089c2eb7611a66cd1bc2ded295,636,01dfb8121635021863cc7f4fad49f380b4df20076f1a1a5ecf5b73e2584cde1c,88101f7c0cd71b38fd4cdef6c939a66c811df40037c05160e32de8498acdf12e,72099031213cb8d0565571d0732d52d3b696983430c4b008aa06711a8465893c,2026-09-30T17:50:57Z
SubmitPartialDecryption,336,d4d1fd4a5ae8cea7459ef20adff39a207db5a605be0df4df8572b34bae09ce89,636,01dfb8121635021863cc7f4fad49f380b4df20076f1a1a5ecf5b73e2584cde1c,88101f7c0cd71b38fd4cdef6c939a66c811df40037c05160e32de8498acdf12e,72099031213cb8d0565571d0732d52d3b696983430c4b008aa06711a8465893c,2026-09-30T17:50:57Z
SubmitPartialDecryption,341,db0c6e411f76905841954906d094f3f6952ac795483d73cc148e5755a2fa872e,636,01dfb8121635021863cc7f4fad49f380b4df20076f1a1a5ecf5b73e2584cde1c,88101f7c0cd71b38fd4cdef6c939a66c811df40037c05160e32de8498acdf12e,72099031213cb8d0565571d0732d52d3b696983430c4b008aa06711a8465893c,2026-09-30T17:50:57Z
SubmitPartialDecryption,339,e8e273e27917f07856cbf48478d1d2889fc5df85e8c1c77e5c81a81226576ebf,636,01dfb8121635021863cc7f4fad49f380b4df20076f1a1a5ecf5b73e2584cde1c,88101f7c0cd71b38fd4cdef6c939a66c811df40037c05160e32de8498acdf12e,72099031213cb8d0565571d0732d52d3b696983430c4b008aa06711a8465893c,2026-09-30T17:50:57Z
SubmitPartialDecryption,351,31cda2387e60c8ccbe1037757d1cb79a859fe02d8db1fa96de5290347fe81bd6,636,01dfb8121635021863cc7f4fad49f380b4df20076f1a1a5ecf5b73e2584cde1c,88101f7c0cd71b38fd4cdef6c939a66c811df40037c05160e32de8498acdf12e,72099031213cb8d0565571d0732d52d3b696983430c4b008aa06711a8465893c,2026-09-30T17:50:57Z
SubmitPartialDecryption,338,6412d03bcb887c1cc2f1aef3f62bf03e71e08b0f80300aa7fb9810c9baf0aacb,636,01dfb8121635021863cc7f4fad49f380b4df20076f1a1a5ecf5b73e2584cde1c,88101f7c0cd71b38fd4cdef6c939a66c811df40037c05160e32de8498acdf12e,72099031213cb8d0565571d0732d52d3b696983430c4b008aa06711a8465893c,2026-09-30T17:50:57Z
SubmitPartialDecryption,348,b7afb97bd83344c5f17c58e2d7e72ffac45b7841bddb00d93eaffb4a084bacc7,636,01dfb8121635021863cc7f4fad49f380b4df20076f1a1a5ecf5b73e2584cde1c,88101f7c0cd71b38fd4cdef6c939a66c811df40037c05160e32de8498acdf12e,72099031213cb8d0565571d0732d52d3b696983430c4b008aa06711a8465893c,2026-09-30T17:50:57Z
SubmitPartialDecryption,350,3f5e51f0efeb6bbf88b559ed54dbe30066d1b04a69faf7352418851dcaf49468,636,01dfb8121635021863cc7f4fad49f380b4df20076f1a1a5ecf5b73e2584cde1c,88101f7c0cd71b38fd4cdef6c939a66c811df40037c05160e32de8498acdf12e,72099031213cb8d0565571d0732d52d3b696983430c4b008aa06711a8465893c,2026-09-30T17:50:57Z
SubmitPartialDecryption,340,9c0d2bcfd68cf0596334dea0e4bc9410a74ca19efab40f22a1d6e65c88d8a41c,636,01dfb8121635021863cc7f4fad49f380b4df20076f1a1a5ecf5b73e2584cde1c,88101f7c0cd71b38fd4cdef6c939a66c811df40037c05160e32de8498acdf12e,72099031213cb8d0565571d0732d52d3b696983430c4b008aa06711a8465893c,2026-09-30T17:50:57Z
SubmitPartialDecryption,343,dd63a2fe383a6745e2a7ae2490141f299e911e26e4b4d6917c77ce4fead6763d,636,01dfb8121635021863cc7f4fad49f380b4df20076f1a1a5ecf5b73e2584cde1c,88101f7c0cd71b38fd4cdef6c939a66c811df40037c05160e32de8498acdf12e,72099031213cb8d0565571d0732d52d3b696983430c4b008aa06711a8465893c,2026-09-30T17:50:57Z
SubmitPartialDecryption,337,a82a0bc2dafeee8a18ed8d62f2baadee8d48bbcdbb824ed6ac4c8905b274dde3,636,01dfb8121635021863cc7f4fad49f380b4df20076f1a1a5ecf5b73e2584cde1c,88101f7c0cd71b38fd4cdef6c939a66c811df40037c05160e32de8498acdf12e,72099031213cb8d0565571d0732d52d3b696983430c4b008aa06711a8465893c,2026-09-30T17:50:57Z
SubmitPartialDecryption,342,23801dfbfdf69f7e760da0f2ef5da795076e6221cc20dedf46d107a9c0e44cb6,636,01dfb8121635021863cc7f4fad49f380b4df20076f1a1a5ecf5b73e2584cde1c,88101f7c0cd71b38fd4cdef6c939a66c811df40037c05160e32de8498acdf12e,72099031213cb8d0565571d0732d52d3b696983430c4b008aa06711a8465893c,2026-09-30T17:50:57Z
SubmitPartialDecryption,347,2e7814f7875c43e4508c2baf8157527968b78d88643d2cf0f00e88607139b587,636,01dfb8121635021863cc7f4fad49f380b4df20076f1a1a5ecf5b73e2584cde1c,88101f7c0cd71b38fd4cdef6c939a66c811df40037c05160e32de8498acdf12e,72099031213cb8d0565571d0732d52d3b696983430c4b008aa06711a8465893c,2026-09-30T17:50:57Z
SubmitPartialDecryption,355,bdf7dffb9a87a8d8f19c16e299dd524087916704e1c0121f3f5b5c1ba726ba49,637,68c1df2397defc9528d64c9c35e5d245187aa4d1c2e625e090d20769d3ed05c0,193d10409ec07cfbad69912204ad3b31b3c67d7c45ed881c656d5842fb11b437,01dfb8121635021863cc7f4fad49f380b4df20076f1a1a5ecf5b73e2584cde1c,2026-09-30T17:50:59Z
SubmitPartialDecryption,363,b75ccc3e495a54b548fa4927be5552ac82eec065ce73662ad66b7d2b657ce825,637,68c1df2397defc9528d64c9c35e5d245187aa4d1c2e625e090d20769d3ed05c0,193d10409ec07cfbad69912204ad3b31b3c67d7c45ed881c656d5842fb11b437,01dfb8121635021863cc7f4fad49f380b4df20076f1a1a5ecf5b73e2584cde1c,2026-09-30T17:50:59Z
SubmitPartialDecryption,352,50cdf01815e686d2790674aa5548ede5d7a2b85de9535d110a55c629972b518d,637,68c1df2397defc9528d64c9c35e5d245187aa4d1c2e625e090d20769d3ed05c0,193d10409ec07cfbad69912204ad3b31b3c67d7c45ed881c656d5842fb11b437,01dfb8121635021863cc7f4fad49f380b4df20076f1a1a5ecf5b73e2584cde1c,2026-09-30T17:50:59Z
SubmitPartialDecryption,364,aac8a5e56f6ec2873e64495335b4edb8e0f1208e28699beed0e44e8398f63a6c,637,68c1df2397defc9528d64c9c35e5d245187aa4d1c2e625e090d20769d3ed05c0,193d10409ec07cfbad69912204ad3b31b3c67d7c45ed881c656d5842fb11b437,01dfb8121635021863cc7f4fad49f380b4df20076f1a1a5ecf5b73e2584cde1c,2026-09-30T17:50:59Z
SubmitPartialDecryption,361,b678f7e15df5f790805c51692e09a56ab57c6a17133acdfa564c58b3d9865aa4,637,68c1df2397defc9528d64c9c35e5d245187aa4d1c2e625e090d20769d3ed05c0,193d10409ec07cfbad69912204ad3b31b3c67d7c45ed881c656d5842fb11b437,01dfb8121635021863cc7f4fad49f380b4df20076f1a1a5ecf5b73e2584cde1c,2026-09-30T17:50:59Z
SubmitPartialDecryption,357,1a086e052c928b2b6d95d77da444274a9ea9c7979acddad1a1896e7bb9b4e5a3,637,68c1df2397defc9528d64c9c35e5d245187aa4d1c2e625e090d20769d3ed05c0,193d10409ec07cfbad69912204ad3b31b3c67d7c45ed881c656d5842fb11b437,01dfb8121635021863cc7f4fad49f380b4df20076f1a1a5ecf5b73e2584cde1c,2026-09-30T17:50:59Z
SubmitPartialDecryption,362,6e31740a7c0725adfdd8bd2ebbbfb4c91c8468bed690de61c82c583588a7d31f,637,68c1df2397defc9528d64c9c35e5d245187aa4d1c2e625e090d20769d3ed05c0,193d10409ec07cfbad69912204ad3b31b3c67d7c45ed881c656d5842fb11b437,01dfb8121635021863cc7f4fad49f380b4df20076f1a1a5ecf5b73e2584cde1c,2026-09-30T17:50:59Z
SubmitPartialDecryption,366,300303a0666ad2473e16a6060af1d6dbb2519ed290f4ed6ac26552098e0549dd,637,68c1df2397defc9528d64c9c35e5d245187aa4d1c2e625e090d20769d3ed05c0,193d10409ec07cfbad69912204ad3b31b3c67d7c45ed881c656d5842fb11b437,01dfb8121635021863cc7f4fad49f380b4df20076f1a1a5ecf5b73e2584cde1c,2026-09-30T17:50:59Z
SubmitPartialDecryption,360,b4721d0dddc92623534ffd217f39a3b20d7531ac251ec1118b7b7dd53a348cf5,637,68c1df2397defc9528d64c9c35e5d245187aa4d1c2e625e090d20769d3ed05c0,193d10409ec07cfbad69912204ad3b31b3c67d7c45ed881c656d5842fb11b437,01dfb8121635021863cc7f4fad49f380b4df20076f1a1a5ecf5b73e2584cde1c,2026-09-30T17:50:59Z
SubmitPartialDecryption,354,475a4f58e725d7236ab3672580e2790c1cc008cfb20ac8d8ee85e3a6c0ef8f60,637,68c1df2397defc9528d64c9c35e5d245187aa4d1c2e625e090d20769d3ed05c0,193d10409ec07cfbad69912204ad3b31b3c67d7c45ed881c656d5842fb11b437,01dfb8121635021863cc7f4fad49f380b4df20076f1a1a5ecf5b73e2584cde1c,2026-09-30T17:50:59Z
SubmitPartialDecryption,356,ebab1e9679ac458b8edbdba076743f1ae5d976a1a7e445e66f89c2b0794536fc,637,68c1df2397defc9528d64c9c35e5d245187aa4d1c2e625e090d20769d3ed05c0,193d10409ec07cfbad69912204ad3b31b3c67d7c45ed881c656d5842fb11b437,01dfb8121635021863cc7f4fad49f380b4df20076f1a1a5ecf5b73e2584cde1c,2026-09-30T17:50:59Z
SubmitPartialDecryption,367,4e32ecf560da7727b3a4e64889f910e9f47ad4d7d02dd4e28e480655f1e3185a,637,68c1df2397defc9528d64c9c35e5d245187aa4d1c2e625e090d20769d3ed05c0,193d10409ec07cfbad69912204ad3b31b3c67d7c45ed881c656d5842fb11b437,01dfb8121635021863cc7f4fad49f380b4df20076f1a1a5ecf5b73e2584cde1c,2026-09-30T17:50:59Z
SubmitPartialDecryption,365,be5e6b73d92a82db14dcb6e4921f0553d6fa93e17f51352d35c0a6dac1febf3a,637,68c1df2397defc9528d64c9c35e5d245187aa4d1c2e625e090d20769d3ed05c0,193d10409ec07cfbad69912204ad3b31b3c67d7c45ed881c656d5842fb11b437,01dfb8121635021863cc7f4fad49f380b4df20076f1a1a5ecf5b73e2584cde1c,2026-09-30T17:50:59Z
SubmitPartialDecryption,353,a01a68ab5fdc2fe91c5b0ca0897942fdd728c2ff7d3d0eefa7a4cefa9abb78de,637,68c1df2397defc9528d64c9c35e5d245187aa4d1c2e625e090d20769d3ed05c0,193d10409ec07cfbad69912204ad3b31b3c67d7c45ed881c656d5842fb11b437,01dfb8121635021863cc7f4fad49f380b4df20076f1a1a5ecf5b73e2584cde1c,2026-09-30T17:50:59Z
SubmitPartialDecryption,358,d158ad4de0ac1ddc3496c976984b9c779c0d66a8ccecb414dd668620966ce916,637,68c1df2397defc9528d64c9c35e5d245187aa4d1c2e625e090d20769d3ed05c0,193d10409ec07cfbad69912204ad3b31b3c67d7c45ed881c656d5842fb11b437,01dfb8121635021863cc7f4fad49f380b4df20076f1a1a5ecf5b73e2584cde1c,2026-09-30T17:50:59Z
SubmitPartialDecryption,359,02661f95fbd3985da93be65350e81e995db835ea69db2c56efe9d6f062a9d934,637,68c1df2397defc9528d64c9c35e5d245187aa4d1c2e625e090d20769d3ed05c0,193d10409ec07cfbad69912204ad3b31b3c67d7c45ed881c656d5842fb11b437,01dfb8121635021863cc7f4fad49f380b4df20076f1a1a5ecf5b73e2584cde1c,2026-09-30T17:50:59Z
SubmitPartialDecryption,375,b100e98422669003ccb7a83f561d7ffed115863343da082d517654728c3b1716,638,aa750a6d65c085b9e6d5a7b61c960c0110a38737113a063825cdc8fc77b66ccc,108b42738d2bea5ae56ef16dc48f1a3604e4cb5533ace304a964337e8ebed4cf,68c1df2397defc9528d64c9c35e5d245187aa4d1c2e625e090d20769d3ed05c0,2026-09-30T17:51:01Z
SubmitPartialDecryption,383,cf5d6c82df19263f99400194f7e4dab75492dd7c24771559c4247aab3f663b97,638,aa750a6d65c085b9e6d5a7b61c960c0110a38737113a063825cdc8fc77b66ccc,108b42738d2bea5ae56ef16dc48f1a3604e4cb5533ace304a964337e8ebed4cf,68c1df2397defc9528d64c9c35e5d245187aa4d1c2e625e090d20769d3ed05c0,2026-09-30T17:51:01Z
SubmitPartialDecryption,369,6df3463f59c95d30d0b0fea67426fe171761c226450d0d3e056491b5dd177ee0,638,aa750a6d65c085b9e6d5a7b61c960c0110a38737113a063825cdc8fc77b66ccc,108b42738d2bea5ae56ef16dc48f1a3604e4cb5533ace304a964337e8ebed4cf,68c1df2397defc9528d64c9c35e5d245187aa4d1c2e625e090d20769d3ed05c0,2026-09-30T17:51:01Z
SubmitPartialDecryption,378,0c2bb2538cac2b39b2f598f3056444d2317d345978264e42b959cfbcb1add3a4,638,aa750a6d65c085b9e6d5a7b61c960c0110a38737113a063825cdc8fc77b66ccc,108b42738d2bea5ae56ef16dc48f1a3604e4cb5533ace304a964337e8ebed4cf,68c1df2397defc9528d64c9c35e5d245187aa4d1c2e625e090d20769d3ed05c0,2026-09-30T17:51:01Z
SubmitPartialDecryption,371,cbf5535d43d1807ac0649341a9239ccd0190bdd83903b8a6be517f24fe47c916,638,aa750a6d65c085b9e6d5a7b61c960c0110a38737113a063825cdc8fc77b66ccc,108b42738d2bea5ae56ef16dc48f1a3604e4cb5533ace304a964337e8ebed4cf,68c1df2397defc9528d64c9c35e5d245187aa4d1c2e625e090d20769d3ed05c0,2026-09-30T17:51:01Z
SubmitPartialDecryption,374,1257baf0167c7d073ef7100cce278625c2f1c9e1db5137d204cb5076fb7f01ba,638,aa750a6d65c085b9e6d5a7b61c960c0110a38737113a063825cdc8fc77b66ccc,108b42738d2bea5ae56ef16dc48f1a3604e4cb5533ace304a964337e8ebed4cf,68c1df2397defc9528d64c9c35e5d245187aa4d1c2e625e090d20769d3ed05c0,2026-09-30T17:51:01Z
SubmitPartialDecryption,370,31783010865836cdf593011123389fd229b3b3f32b095c17bd3edcb576ffb07d,638,aa750a6d65c085b9e6d5a7b61c960c0110a38737113a063825cdc8fc77b66ccc,108b42738d2bea5ae56ef16dc48f1a3604e4cb5533ace304a964337e8ebed4cf,68c1df2397defc9528d64c9c35e5d245187aa4d1c2e625e090d20769d3ed05c0,2026-09-30T17:51:01Z
SubmitPartialDecryption,380,623de2a8e2c45367382c37b480c4057f061eeac153b5800e02827bb9033f2b40,638,aa750a6d65c085b9e6d5a7b61c960c0110a38737113a063825cdc8fc77b66ccc,108b42738d2bea5ae56ef16dc48f1a3604e4cb5533ace304a964337e8ebed4cf,68c1df2397defc9528d64c9c35e5d245187aa4d1c2e625e090d20769d3ed05c0,2026-09-30T17:51:01Z
SubmitPartialDecryption,376,65a53b884ffa66b7cf98bbe76b75cbfa4358eefb677fdf030ff80b0d730d93ea,638,aa750a6d65c085b9e6d5a7b61c960c0110a38737113a063825cdc8fc77b66ccc,108b42738d2bea5ae56ef16dc48f1a3604e4cb5533ace304a964337e8ebed4cf,68c1df2397defc9528d64c9c35e5d245187aa4d1c2e625e090d20769d3ed05c0,2026-09-30T17:51:01Z
SubmitPartialDecryption,381,e4e82c31a534bcb1ef235cfee1204356d31b4541864ca235ff39d077685b2d9a,638,aa750a6d65c085b9e6d5a7b61c960c0110a38737113a063825cdc8fc77b66ccc,108b42738d2bea5ae56ef16dc48f1a3604e4cb5533ace304a964337e8ebed4cf,68c1df2397defc9528d64c9c35e5d245187aa4d1c2e625e090d20769d3ed05c0,2026-09-30T17:51:01Z
SubmitPartialDecryption,372,179df74d2031121d8079d371c1886ef55e1f03a3109bc7e0b09d505fdd139d16,638,aa750a6d65c085b9e6d5a7b61c960c0110a38737113a063825cdc8fc77b66ccc,108b42738d2bea5ae56ef16dc48f1a3604e4cb5533ace304a964337e8ebed4cf,68c1df2397defc9528d64c9c35e5d245187aa4d1c2e625e090d20769d3ed05c0,2026-09-30T17:51:01Z
SubmitPartialDecryption,368,a55c78485550a993d0a95980973f5542560ef7d0aed35640d58dc7015526650a,638,aa750a6d65c085b9e6d5a7b61c960c0110a38737113a063825cdc8fc77b66ccc,108b42738d2bea5ae56ef16dc48f1a3604e4cb5533ace304a964337e8ebed4cf,68c1df2397defc9528d64c9c35e5d245187aa4d1c2e625e090d20769d3ed05c0,2026-09-30T17:51:01Z
SubmitPartialDecryption,377,b31545ab155136228fd0a539324e73474b3eef68e9a0764e9292867bb4aaa3dc,638,aa750a6d65c085b9e6d5a7b61c960c0110a38737113a063825cdc8fc77b66ccc,108b42738d2bea5ae56ef16dc48f1a3604e4cb5533ace304a964337e8ebed4cf,68c1df2397defc9528d64c9c35e5d245187aa4d1c2e625e090d20769d3ed05c0,2026-09-30T17:51:01Z
SubmitPartialDecryption,379,91555a4c7a7aec6cd010d4bd615506f2b5b58fc826c319a9478a6478d0f17056,638,aa750a6d65c085b9e6d5a7b61c960c0110a38737113a063825cdc8fc77b66ccc,108b42738d2bea5ae56ef16dc48f1a3604e4cb5533ace304a964337e8ebed4cf,68c1df2397defc9528d64c9c35e5d245187aa4d1c2e625e090d20769d3ed05c0,2026-09-30T17:51:01Z
SubmitPartialDecryption,373,fe95bf383f7acbaec1fc3627870fd5e59727f438ae79bff45077e7698423a647,638,aa750a6d65c085b9e6d5a7b61c960c0110a38737113a063825cdc8fc77b66ccc,108b42738d2bea5ae56ef16dc48f1a3604e4cb5533ace304a964337e8ebed4cf,68c1df2397defc9528d64c9c35e5d245187aa4d1c2e625e090d20769d3ed05c0,2026-09-30T17:51:01Z
SubmitPartialDecryption,382,598c574b2130f740456fc49547963a0e2c51559ea72aaea1e60d866753de64ea,638,aa750a6d65c085b9e6d5a7b61c960c0110a38737113a063825cdc8fc77b66ccc,108b42738d2bea5ae56ef16dc48f1a3604e4cb5533ace304a964337e8ebed4cf,68c1df2397defc9528d64c9c35e5d245187aa4d1c2e625e090d20769d3ed05c0,2026-09-30T17:51:01Z
SubmitPartialDecryption,386,bd646219f6f6055a050cdfec4b1a6ce182969834394028e1d02581c001440326,639,8c6cdf8db941fbdf7d5c58decf804ef4913e6f3e2d89851e84dc3f93fdca14aa,023523a5f5b85766adf032af864cc054724120f13c37b4a62fee0870134cf102,aa750a6d65c085b9e6d5a7b61c960c0110a38737113a063825cdc8fc77b66ccc,2026-09-30T17:51:03Z
SubmitPartialDecryption,391,16bb9aa576e0d043b91d2a87d34f86d07083ffa871f5130bfa65e3a9c6877244,639,8c6cdf8db941fbdf7d5c58decf804ef4913e6f3e2d89851e84dc3f93fdca14aa,023523a5f5b85766adf032af864cc054724120f13c37b4a62fee0870134cf102,aa750a6d65c085b9e6d5a7b61c960c0110a38737113a063825cdc8fc77b66ccc,2026-09-30T17:51:03Z
SubmitPartialDecryption,396,60df54ff5b58b16e01eb2c1bbde5fad0970b28586c08d2ef12435816ef008874,639,8c6cdf8db941fbdf7d5c58decf804ef4913e6f3e2d89851e84dc3f93fdca14aa,023523a5f5b85766adf032af864cc054724120f13c37b4a62fee0870134cf102,aa750a6d65c085b9e6d5a7b61c960c0110a38737113a063825cdc8fc77b66ccc,2026-09-30T17:51:03Z
SubmitPartialDecryption,397,7739ec19da887d430bd0f706a138bedd4dddca73a26b2fe05250789bbf3ec206,639,8c6cdf8db941fbdf7d5c58decf804ef4913e6f3e2d89851e84dc3f93fdca14aa,023523a5f5b85766adf032af864cc054724120f13c37b4a62fee0870134cf102,aa750a6d65c085b9e6d5a7b61c960c0110a38737113a063825cdc8fc77b66ccc,2026-09-30T17:51:03Z
SubmitPartialDecryption,387,26c39a4cca0daabeebafa165eeedf48d3074a0d2fd599b057c3a89521a2f1579,639,8c6cdf8db941fbdf7d5c58decf804ef4913e6f3e2d89851e84dc3f93fdca14aa,023523a5f5b85766adf032af864cc054724120f13c37b4a62fee0870134cf102,aa750a6d65c085b9e6d5a7b61c960c0110a38737113a063825cdc8fc77b66ccc,2026-09-30T17:51:03Z
SubmitPartialDecryption,389,6866fdabdd9760f53f2b56d4e9b131ca7f22ce22a54a327353e3756d3cc94bc3,639,8c6cdf8db941fbdf7d5c58decf804ef4913e6f3e2d89851e84dc3f93fdca14aa,023523a5f5b85766adf032af864cc054724120f13c37b4a62fee0870134cf102,aa750a6d65c085b9e6d5a7b61c960c0110a38737113a063825cdc8fc77b66ccc,2026-09-30T17:51:03Z
SubmitPartialDecryption,385,44b6ea194ad29f6706b77cb13c78a6dd6eac366dbaa4e897aa9ca748c6744cde,639,8c6cdf8db941fbdf7d5c58decf804ef4913e6f3e2d89851e84dc3f93fdca14aa,023523a5f5b85766adf032af864cc054724120f13c37b4a62fee0870134cf102,aa750a6d65c085b9e6d5a7b61c960c0110a38737113a063825cdc8fc77b66ccc,2026-09-30T17:51:03Z
SubmitPartialDecryption,394,6d451ebb0082046f49d5afb4d5eab62e28f5110f5b1efbbe82a94ae52c35517a,639,8c6cdf8db941fbdf7d5c58decf804ef4913e6f3e2d89851e84dc3f93fdca14aa,023523a5f5b85766adf032af864cc054724120f13c37b4a62fee0870134cf102,aa750a6d65c085b9e6d5a7b61c960c0110a38737113a063825cdc8fc77b66ccc,2026-09-30T17:51:03Z
SubmitPartialDecryption,395,ee6439cb29fcdbcbcda07fd67810d6714c3e87b1c5bc2c0d921f376dba3eadf9,639,8c6cdf8db941fbdf7d5c58decf804ef4913e6f3e2d89851e84dc3f93fdca14aa,023523a5f5b85766adf032af864cc054724120f13c37b4a62fee0870134cf102,aa750a6d65c085b9e6d5a7b61c960c0110a38737113a063825cdc8fc77b66ccc,2026-09-30T17:51:03Z
SubmitPartialDecryption,388,990f79864366e9d928d9bb5f4e0716a0e45fd07f73bd29757d0caecc8d603d87,639,8c6cdf8db941fbdf7d5c58decf804ef4913e6f3e2d89851e84dc3f93fdca14aa,023523a5f5b85766adf032af864cc054724120f13c37b4a62fee0870134cf102,aa750a6d65c085b9e6d5a7b61c960c0110a38737113a063825cdc8fc77b66ccc,2026-09-30T17:51:03Z
SubmitPartialDecryption,384,000f45c1427298b1206bc94e4f74b27b0f902eebc727a9a32ff075cd6e76de92,639,8c6cdf8db941fbdf7d5c58decf804ef4913e6f3e2d89851e84dc3f93fdca14aa,023523a5f5b85766adf032af864cc054724120f13c37b4a62fee0870134cf102,aa750a6d65c085b9e6d5a7b61c960c0110a38737113a063825cdc8fc77b66ccc,2026-09-30T17:51:03Z
SubmitPartialDecryption,399,b88396c9d9b3c847e81a8fee645dd1ac07f956bd3daa463a241eea39d2381251,639,8c6cdf8db941fbdf7d5c58decf804ef4913e6f3e2d89851e84dc3f93fdca14aa,023523a5f5b85766adf032af864cc054724120f13c37b4a62fee0870134cf102,aa750a6d65c085b9e6d5a7b61c960c0110a38737113a063825cdc8fc77b66ccc,2026-09-30T17:51:03Z
SubmitPartialDecryption,393,83394679e814c316cdd304c9caa6fa9f2fe9ebfde1751e2e8db64dd9d15db448,639,8c6cdf8db941fbdf7d5c58decf804ef4913e6f3e2d89851e84dc3f93fdca14aa,023523a5f5b85766adf032af864cc054724120f13c37b4a62fee0870134cf102,aa750a6d65c085b9e6d5a7b61c960c0110a38737113a063825cdc8fc77b66ccc,2026-09-30T17:51:03Z
SubmitPartialDecryption,390,ca8f599eb9081e4e6db8d6dc75f2ab58cb3ea6333852792287b836d917108bb3,639,8c6cdf8db941fbdf7d5c58decf804ef4913e6f3e2d89851e84dc3f93fdca14aa,023523a5f5b85766adf032af864cc054724120f13c37b4a62fee0870134cf102,aa750a6d65c085b9e6d5a7b61c960c0110a38737113a063825cdc8fc77b66ccc,2026-09-30T17:51:03Z
SubmitPartialDecryption,398,1b9312a9862ddaad17cfbb27f9028497a1b40e3e6048dcca374f865abcbad8b3,639,8c6cdf8db941fbdf7d5c58decf804ef4913e6f3e2d89851e84dc3f93fdca14aa,023523a5f5b85766adf032af864cc054724120f13c37b4a62fee0870134cf102,aa750a6d65c085b9e6d5a7b61c960c0110a38737113a063825cdc8fc77b66ccc,2026-09-30T17:51:03Z
SubmitPartialDecryption,392,a722f1c71c0e5025ac57693681727336676c8bb0875032fbf0a076d922b232c2,639,8c6cdf8db941fbdf7d5c58decf804ef4913e6f3e2d89851e84dc3f93fdca14aa,023523a5f5b85766adf032af864cc054724120f13c37b4a62fee0870134cf102,aa750a6d65c085b9e6d5a7b61c960c0110a38737113a063825cdc8fc77b66ccc,2026-09-30T17:51:03Z
SubmitPartialDecryption,403,0a6ccbd25d7b03596e97991bce9ef1d7455724d5c5c8dcd61ab2ae4d0d7398d8,640,67263123968578ae75fb3bf112877ff76101865719944cfbcd029d713f6769d3,6aa8e77a23f73433e520b5c42cbcd45d64e2624394691f97e5494f760630e0c9,8c6cdf8db941fbdf7d5c58decf804ef4913e6f3e2d89851e84dc3f93fdca14aa,2026-09-30T17:51:05Z
SubmitPartialDecryption,412,8c4e83d592e24337316f9c9bb924e5328fb0380e1b01bb27892f42e18f65b958,640,67263123968578ae75fb3bf112877ff76101865719944cfbcd029d713f6769d3,6aa8e77a23f73433e520b5c42cbcd45d64e2624394691f97e5494f760630e0c9,8c6cdf8db941fbdf7d5c58decf804ef4913e6f3e2d89851e84dc3f93fdca14aa,2026-09-30T17:51:05Z
SubmitPartialDecryption,411,44d9a20a641ddb866ae40443ca0e048b82a4c7be934e6a898f193ce6aa42c150,640,67263123968578ae75fb3bf112877ff76101865719944cfbcd029d713f6769d3,6aa8e77a23f73433e520b5c42cbcd45d64e2624394691f97e5494f760630e0c9,8c6cdf8db941fbdf7d5c58decf804ef4913e6f3e2d89851e84dc3f93fdca14aa,2026-09-30T17:51:05Z
SubmitPartialDecryption,408,7e373fc6d0a1a264356e17418833fb9f05fc52f071511723bc857090fefb108d,640,67263123968578ae75fb3bf112877ff76101865719944cfbcd029d713f6769d3,6aa8e77a23f73433e520b5c42cbcd45d64e2624394691f97e5494f760630e0c9,8c6cdf8db941fbdf7d5c58decf804ef4913e6f3e2d89851e84dc3f93fdca14aa,2026-09-30T17:51:05Z
SubmitPartialDecryption,407,09974f3cc4a57c4f77acb4c01e2e83e7ba47e1ca238c7014d84f6d359ee51422,640,67263123968578ae75fb3bf112877ff76101865719944cfbcd029d713f6769d3,6aa8e77a23f73433e520b5c42cbcd45d64e2624394691f97e5494f760630e0c9,8c6cdf8db941fbdf7d5c58decf804ef4913e6f3e2d89851e84dc3f93fdca14aa,2026-09-30T17:51:05Z
SubmitPartialDecryption,410,b528574cf4bab161cb395bd8c571d691a903470629c133b564c3128e8e8fdb42,640,67263123968578ae75fb3bf112877ff76101865719944cfbcd029d713f6769d3,6aa8e77a23f73433e520b5c42cbcd45d64e2624394691f97e5494f760630e0c9,8c6cdf8db941fbdf7d5c58decf804ef4913e6f3e2d89851e84dc3f93fdca14aa,2026-09-30T17:51:05Z
SubmitPartialDecryption,400,82160fbf2b18d150c143c8294b6be2323690c8a7c3b8abd5e50dccb5e066028f,640,67263123968578ae75fb3bf112877ff76101865719944cfbcd029d713f6769d3,6aa8e77a23f73433e520b5c42cbcd45d64e2624394691f97e5494f760630e0c9,8c6cdf8db941fbdf7d5c58decf804ef4913e6f3e2d89851e84dc3f93fdca14aa,2026-09-30T17:51:05Z
SubmitPartialDecryption,409,ac5849c32cbe6ef030304d9cd035a53d93411fb473b64e276a51f8cdf66cec94,640,67263123968578ae75fb3bf112877ff76101865719944cfbcd029d713f6769d3,6aa8e77a23f73433e520b5c42cbcd45d64e2624394691f97e5494f760630e0c9,8c6cdf8db941fbdf7d5c58decf804ef4913e6f3e2d89851e84dc3f93fdca14aa,2026-09-30T17:51:05Z
SubmitPartialDecryption,404,9a31d0c5d8f997beda67835a915ab129f48a08e5907e2494f309a45ba0378563,640,67263123968578ae75fb3bf112877ff76101865719944cfbcd029d713f6769d3,6aa8e77a23f73433e520b5c42cbcd45d64e2624394691f97e5494f760630e0c9,8c6cdf8db941fbdf7d5c58decf804ef4913e6f3e2d89851e84dc3f93fdca14aa,2026-09-30T17:51:05Z
SubmitPartialDecryption,414,d70d4edb8f6aac66dbd284094e83f0f2429e40c6ecbd86f6e8feff983fa03d29,640,67263123968578ae75fb3bf112877ff76101865719944cfbcd029d713f6769d3,6aa8e77a23f73433e520b5c42cbcd45d64e2624394691f97e5494f760630e0c9,8c6cdf8db941fbdf7d5c58decf804ef4913e6f3e2d89851e84dc3f93fdca14aa,2026-09-30T17:51:05Z
SubmitPartialDecryption,415,e22c4fd5902d8b5a75f00fcd7177012c49d9cea27f596886a4f58e99f021acdd,640,67263123968578ae75fb3bf112877ff76101865719944cfbcd029d713f6769d3,6aa8e77a23f73433e520b5c42cbcd45d64e2624394691f97e5494f760630e0c9,8c6cdf8db941fbdf7d5c58decf804ef4913e6f3e2d89851e84dc3f93fdca14aa,2026-09-30T17:51:05Z
SubmitPartialDecryption,405,a2c0de7790587d0d3f6b397e892bfa602ff62c119a8e01ea3ab6688dcaed66fa,640,67263123968578ae75fb3bf112877ff76101865719944cfbcd029d713f6769d3,6aa8e77a23f73433e520b5c42cbcd45d64e2624394691f97e5494f760630e0c9,8c6cdf8db941fbdf7d5c58decf804ef4913e6f3e2d89851e84dc3f93fdca14aa,2026-09-30T17:51:05Z
SubmitPartialDecryption,406,f1d56d099a7d1976f5323e0418b1f56e979ada5629f5e4639400d83b0c44153b,640,67263123968578ae75fb3bf112877ff76101865719944cfbcd029d713f6769d3,6aa8e77a23f73433e520b5c42cbcd45d64e2624394691f97e5494f760630e0c9,8c6cdf8db941fbdf7d5c58decf804ef4913e6f3e2d89851e84dc3f93fdca14aa,2026-09-30T17:51:05Z
SubmitPartialDecryption,402,d098201f6806f4241153838000d3354f7e59fc4dcbb7d729c5876c4045e98ad8,640,67263123968578ae75fb3bf112877ff76101865719944cfbcd029d713f6769d3,6aa8e77a23f73433e520b5c42cbcd45d64e2624394691f97e5494f760630e0c9,8c6cdf8db941fbdf7d5c58decf804ef4913e6f3e2d89851e84dc3f93fdca14aa,2026-09-30T17:51:05Z
SubmitPartialDecryption,413,d752434ced32b872aac25c833bf2b9b40646936eb3f6ebb6ba52fd99d098b181,640,67263123968578ae75fb3bf112877ff76101865719944cfbcd029d713f6769d3,6aa8e77a23f73433e520b5c42cbcd45d64e2624394691f97e5494f760630e0c9,8c6cdf8db941fbdf7d5c58decf804ef4913e6f3e2d89851e84dc3f93fdca14aa,2026-09-30T17:51:05Z
SubmitPartialDecryption,401,ebc4a5e878f74be11e9d4ce93675b06291510401e75399ee2c3b3baf1f8d447a,640,67263123968578ae75fb3bf112877ff76101865719944cfbcd029d713f6769d3,6aa8e77a23f73433e520b5c42cbcd45d64e2624394691f97e5494f760630e0c9,8c6cdf8db941fbdf7d5c58decf804ef4913e6f3e2d89851e84dc3f93fdca14aa,2026-09-30T17:51:05Z
SubmitPartialDecryption,416,91a23e11ac9e5c8a9fcdb654fe4ce55561f01f2295bb9393a4bc87f153eff728,641,fcca8c16b0437428fbba24376596e84d349b9d9ff609fe509a98d777bd724518,8a83d1ed092e95d03bbabaf1705e89d22beec946587e413a975b05c5e158183b,67263123968578ae75fb3bf112877ff76101865719944cfbcd029d713f6769d3,2026-09-30T17:51:07Z
SubmitPartialDecryption,417,54414bcb7dfd4d615a309f7d97d7565659b5a2e1123e30881b739b4466939c19,641,fcca8c16b0437428fbba24376596e84d349b9d9ff609fe509a98d777bd724518,8a83d1ed092e95d03bbabaf1705e89d22beec946587e413a975b05c5e158183b,67263123968578ae75fb3bf112877ff76101865719944cfbcd029d713f6769d3,2026-09-30T17:51:07Z
SubmitPartialDecryption,418,a0daeb5d16e9a57b189c9c57739ed3960aeab8e94209a92c46146f385e6009a6,641,fcca8c16b0437428fbba24376596e84d349b9d9ff609fe509a98d777bd724518,8a83d1ed092e95d03bbabaf1705e89d22beec946587e413a975b05c5e158183b,67263123968578ae75fb3bf112877ff76101865719944cfbcd029d713f6769d3,2026-09-30T17:51:07Z
SubmitPartialDecryption,419,4bece3812dd43a08be2eff1710d5c7777cf614ef2c68c09d4dde5a5fb3212c6b,641,fcca8c16b0437428fbba24376596e84d349b9d9ff609fe509a98d777bd724518,8a83d1ed092e95d03bbabaf1705e89d22beec946587e413a975b05c5e158183b,67263123968578ae75fb3bf112877ff76101865719944cfbcd029d713f6769d3,2026-09-30T17:51:07Z
PublishTally,,6d2e5c88234e0f0d121e1ae875bd94c1fbd9755fad79f215aa6fbc306fe95755,642,9adce2d37d309f59019acd9d421c6e231d51c5ba33cbfa867c48cea6bb157b2a,433fb6a1e79f2c81d589e008d412502ab96ed0e13e4a3e3a563e49c6f45ba2dc,fcca8c16b0437428fbba24376596e84d349b9d9ff609fe509a98d777bd724518,2026-09-30T17:51:09Z
