event,ref,tx_id,block_number,block_hash,data_hash,previous_hash,timestamp
CreateElection,,e763537e5fa7e6ecb1d3fe0238b136811a3d3814010a20d7aed290070faf04e7,552,4f03394d58593b3f352e69f3f1b9ddfca21a56ac53670f53dae5a2db484b627a,9898773db7c098e2c59ea9ca8e3feb49be152bbf8944ad62af265c7fa07b2461,4bbb014f35d13ea65806baa3b75a1b53b05239af8d80f81095bba204914a4b29,2026-09-30T18:05:03Z
PublishDKGTranscript,,08785e8a921d878f7d789af6a436f5e5250715f37f323fa138df20d4d8268d80,553,9f7ac6536e397ec4d62202be0871a52a960b55b7c9512e8331560307b15b9670,ab65ed1b5577b740afde2dafe18b49168f086d79504d4808a580f8ea3e829d07,4f03394d58593b3f352e69f3f1b9ddfca21a56ac53670f53dae5a2db484b627a,2026-09-30T18:05:05Z
CloseElection,,0d18ea3844eca8a5ac2a202d458cff62ecd11bb16239549e30518b78eaf6bb5f,614,68a5d73589d11a790b7e7a0177e8facf5121f57a30f7839b96401b5ea85a135e,2f4f23178ffd8479df6aad8f8b364d1e8290ae14831e67824ac4d2bfc6bcd003,2e8db6e6a00610b4ed031e9914b3928fd15c6100152579faa1b85582b97c346a,2026-09-30T18:05:20Z
SubmitPartialDecryption,12,bbfbdd8a53dcd7fdf8467fc0abacd17d89cf6f0013ee61b74702dadd13222b52,615,2177d9c1adc5d263e6e34f0201586dcbd1810924bf7d0905ad1db959eb6c335e,e9571bc5cdc9116ba9d1a786bab4badc55d3319067bfd84c0da84662811181b7,68a5d73589d11a790b7e7a0177e8facf5121f57a30f7839b96401b5ea85a135e,2026-09-30T18:05:22Z
SubmitPartialDecryption,7,8ca6bfbd455342eb607d7e420df5da9fe47c3e4b5ed9acb81edfc480c4fbfe07,615,2177d9c1adc5d263e6e34f0201586dcbd1810924bf7d0905ad1db959eb6c335e,e9571bc5cdc9116ba9d1a786bab4badc55d3319067bfd84c0da84662811181b7,68a5d73589d11a790b7e7a0177e8facf5121f57a30f7839b96401b5ea85a135e,2026-09-30T18:05:22Z
SubmitPartialDecryption,0,e73b22555d06193add3c87e51cbc374b40348205a3e8ec3154adff6c707731c9,615,2177d9c1adc5d263e6e34f0201586dcbd1810924bf7d0905ad1db959eb6c335e,e9571bc5cdc9116ba9d1a786bab4badc55d3319067bfd84c0da84662811181b7,68a5d73589d11a790b7e7a0177e8facf5121f57a30f7839b96401b5ea85a135e,2026-09-30T18:05:22Z
SubmitPartialDecryption,3,6b2e6b89b3db3134a37164db011c36238ab9e9f757a0f247ae1585450b9c78e1,615,2177d9c1adc5d263e6e34f0201586dcbd1810924bf7d0905ad1db959eb6c335e,e9571bc5cdc9116ba9d1a786bab4badc55d3319067bfd84c0da84662811181b7,68a5d73589d11a790b7e7a0177e8facf5121f57a30f7839b96401b5ea85a135e,2026-09-30T18:05:22Z
SubmitPartialDecryption,15,15bf7280782d7898c245ec2b181783a33daab8dd77b94d5c4f8a03074bed86c8,615,2177d9c1adc5d263e6e34f0201586dcbd1810924bf7d0905ad1db959eb6c335e,e9571bc5cdc9116ba9d1a786bab4badc55d3319067bfd84c0da84662811181b7,68a5d73589d11a790b7e7a0177e8facf5121f57a30f7839b96401b5ea85a135e,2026-09-30T18:05:22Z
SubmitPartialDecryption,10,28fafef56a02d9cbf3b0c6489d6d55c785e45e8d510479465b2bb362d47d04f7,615,2177d9c1adc5d263e6e34f0201586dcbd1810924bf7d0905ad1db959eb6c335e,e9571bc5cdc9116ba9d1a786bab4badc55d3319067bfd84c0da84662811181b7,68a5d73589d11a790b7e7a0177e8facf5121f57a30f7839b96401b5ea85a135e,2026-09-30T18:05:22Z
SubmitPartialDecryption,2,574c5fd5f60842bcea113a96907af1e0b856d8cacb9a8925d73dfdd17f280973,615,2177d9c1adc5d263e6e34f0201586dcbd1810924bf7d0905ad1db959eb6c335e,e9571bc5cdc9116ba9d1a786bab4badc55d3319067bfd84c0da84662811181b7,68a5d73589d11a790b7e7a0177e8facf5121f57a30f7839b96401b5ea85a135e,2026-09-30T18:05:22Z
SubmitPartialDecryption,13,cb3e64669292a66bf959eca36c870dfa14088a4a3883a00eb4db64ceadcead6f,615,2177d9c1adc5d263e6e34f0201586dcbd1810924bf7d0905ad1db959eb6c335e,e9571bc5cdc9116ba9d1a786bab4badc55d3319067bfd84c0da84662811181b7,68a5d73589d11a790b7e7a0177e8facf5121f57a30f7839b96401b5ea85a135e,2026-09-30T18:05:22Z
SubmitPartialDecryption,14,04b123a71b22ae1989ab81be9ff4ac0f7f06c5311222a2295b5eaa3ff039b171,615,2177d9c1adc5d263e6e34f0201586dcbd1810924bf7d0905ad1db959eb6c335e,e9571bc5cdc9116ba9d1a786bab4badc55d3319067bfd84c0da84662811181b7,68a5d73589d11a790b7e7a0177e8facf5121f57a30f7839b96401b5ea85a135e,2026-09-30T18:05:22Z
SubmitPartialDecryption,4,caee2fed5a8852685972fba2b111e8b2bc9f25afe875cc932f1f79aaf1e2165c,615,2177d9c1adc5d263e6e34f0201586dcbd1810924bf7d0905ad1db959eb6c335e,e9571bc5cdc9116ba9d1a786bab4badc55d3319067bfd84c0da84662811181b7,68a5d73589d11a790b7e7a0177e8facf5121f57a30f7839b96401b5ea85a135e,2026-09-30T18:05:22Z
SubmitPartialDecryption,9,b6dee8b4899038b3533e3cd96a34a7eab43d089aecff88c513fc708501bdd17f,615,2177d9c1adc5d263e6e34f0201586dcbd1810924bf7d0905ad1db959eb6c335e,e9571bc5cdc9116ba9d1a786bab4badc55d3319067bfd84c0da84662811181b7,68a5d73589d11a790b7e7a0177e8facf5121f57a30f7839b96401b5ea85a135e,2026-09-30T18:05:22Z
SubmitPartialDecryption,8,b980bb712fbc462a3ec9adfb9a12affdf16a8f6dd835c737d7eebbfa28ccb0ca,615,2177d9c1adc5d263e6e34f0201586dcbd1810924bf7d0905ad1db959eb6c335e,e9571bc5cdc9116ba9d1a786bab4badc55d3319067bfd84c0da84662811181b7,68a5d73589d11a790b7e7a0177e8facf5121f57a30f7839b96401b5ea85a135e,2026-09-30T18:05:22Z
SubmitPartialDecryption,11,2bf84821d91030856f9d66e527568dcfab01b98a08e16a29fb82616d1acdfd7d,615,2177d9c1adc5d263e6e34f0201586dcbd1810924bf7d0905ad1db959eb6c335e,e9571bc5cdc9116ba9d1a786bab4badc55d3319067bfd84c0da84662811181b7,68a5d73589d11a790b7e7a0177e8facf5121f57a30f7839b96401b5ea85a135e,2026-09-30T18:05:22Z
SubmitPartialDecryption,1,717197e2d99c7c482f3dc9c808d4396846e4154988275f4e907d0779d0e91f4a,615,2177d9c1adc5d263e6e34f0201586dcbd1810924bf7d0905ad1db959eb6c335e,e9571bc5cdc9116ba9d1a786bab4badc55d3319067bfd84c0da84662811181b7,68a5d73589d11a790b7e7a0177e8facf5121f57a30f7839b96401b5ea85a135e,2026-09-30T18:05:22Z
SubmitPartialDecryption,6,d6810d372405362b23479e4bdb3d9968e4f9d9527dedb64cf3d750d32feab232,615,2177d9c1adc5d263e6e34f0201586dcbd1810924bf7d0905ad1db959eb6c335e,e9571bc5cdc9116ba9d1a786bab4badc55d3319067bfd84c0da84662811181b7,68a5d73589d11a790b7e7a0177e8facf5121f57a30f7839b96401b5ea85a135e,2026-09-30T18:05:22Z
SubmitPartialDecryption,5,6b559e97d6479c9f20025e081883f277b768cb7007d1f3d2b911842f12d146c0,615,2177d9c1adc5d263e6e34f0201586dcbd1810924bf7d0905ad1db959eb6c335e,e9571bc5cdc9116ba9d1a786bab4badc55d3319067bfd84c0da84662811181b7,68a5d73589d11a790b7e7a0177e8facf5121f57a30f7839b96401b5ea85a135e,2026-09-30T18:05:22Z
SubmitPartialDecryption,29,d892e19b3f46d27f2572096abfac1061055e641300269de44f4b087a6369189c,616,51065d1aee7c486d9f4ff59d88b5f58be14b1b47cb4690867c9d320aedb54a31,4fcdbcdde71a166a709c6f26cf58c4cb0c2364137032a2dcef0d4d2f16e4b115,2177d9c1adc5d263e6e34f0201586dcbd1810924bf7d0905ad1db959eb6c335e,2026-09-30T18:05:24Z
SubmitPartialDecryption,16,90a3ff5b935dc9efa2641cf0a6b08a9b539ac3c392326c0874e423e48f0b710b,616,51065d1aee7c486d9f4ff59d88b5f58be14b1b47cb4690867c9d320aedb54a31,4fcdbcdde71a166a709c6f26cf58c4cb0c2364137032a2dcef0d4d2f16e4b115,2177d9c1adc5d263e6e34f0201586dcbd1810924bf7d0905ad1db959eb6c335e,2026-09-30T18:05:24Z
SubmitPartialDecryption,18,2aefa57aa8c1e09f0c76317f2e91ef0d4d5bc630e327244a34cae8f52e816352,616,51065d1aee7c486d9f4ff59d88b5f58be14b1b47cb4690867c9d320aedb54a31,4fcdbcdde71a166a709c6f26cf58c4cb0c2364137032a2dcef0d4d2f16e4b115,2177d9c1adc5d263e6e34f0201586dcbd1810924bf7d0905ad1db959eb6c335e,2026-09-30T18:05:24Z
SubmitPartialDecryption,26,3b4cae586fba8732bef1e42b696ec15417eb1368786cfb55eb3ac5bdf86e69a8,616,51065d1aee7c486d9f4ff59d88b5f58be14b1b47cb4690867c9d320aedb54a31,4fcdbcdde71a166a709c6f26cf58c4cb0c2364137032a2dcef0d4d2f16e4b115,2177d9c1adc5d263e6e34f0201586dcbd1810924bf7d0905ad1db959eb6c335e,2026-09-30T18:05:24Z
SubmitPartialDecryption,30,65a8de99aa866218004decc3a941c95cbb901228c8116a764767603217b38694,616,51065d1aee7c486d9f4ff59d88b5f58be14b1b47cb4690867c9d320aedb54a31,4fcdbcdde71a166a709c6f26cf58c4cb0c2364137032a2dcef0d4d2f16e4b115,2177d9c1adc5d263e6e34f0201586dcbd1810924bf7d0905ad1db959eb6c335e,2026-09-30T18:05:24Z
SubmitPartialDecryption,25,88a77484fe6213bf6aba6e9261abadad805c05cdc8a3bfb2fa7999d4c7ad5351,616,51065d1aee7c486d9f4ff59d88b5f58be14b1b47cb4690867c9d320aedb54a31,4fcdbcdde71a166a709c6f26cf58c4cb0c2364137032a2dcef0d4d2f16e4b115,2177d9c1adc5d263e6e34f0201586dcbd1810924bf7d0905ad1db959eb6c335e,2026-09-30T18:05:24Z
SubmitPartialDecryption,20,713887c081637a2fe56739df5a8e9e11a90b2851941be2d6b6da8d4439aa7772,616,51065d1aee7c486d9f4ff59d88b5f58be14b1b47cb4690867c9d320aedb54a31,4fcdbcdde71a166a709c6f26cf58c4cb0c2364137032a2dcef0d4d2f16e4b115,2177d9c1adc5d263e6e34f0201586dcbd1810924bf7d0905ad1db959eb6c335e,2026-09-30T18:05:24Z
SubmitPartialDecryption,24,be24cf010f841345cce5973a18da1b47083f1664736749bf666504407ec8365d,616,51065d1aee7c486d9f4ff59d88b5f58be14b1b47cb4690867c9d320aedb54a31,4fcdbcdde71a166a709c6f26cf58c4cb0c2364137032a2dcef0d4d2f16e4b115,2177d9c1adc5d263e6e34f0201586dcbd1810924bf7d0905ad1db959eb6c335e,2026-09-30T18:05:24Z
SubmitPartialDecryption,17,7a01fb4de373a3dd01cf104b2cf0a7a44969dcf2e57cd59b841171f6c4b0ef3a,616,51065d1aee7c486d9f4ff59d88b5f58be14b1b47cb4690867c9d320aedb54a31,4fcdbcdde71a166a709c6f26cf58c4cb0c2364137032a2dcef0d4d2f16e4b115,2177d9c1adc5d263e6e34f0201586dcbd1810924bf7d0905ad1db959eb6c335e,2026-09-30T18:05:24Z
SubmitPartialDecryption,27,fcfbf75584dd14ff94ce96890b4755f23bde3502d6b299949de73dd513365729,616,51065d1aee7c486d9f4ff59d88b5f58be14b1b47cb4690867c9d320aedb54a31,4fcdbcdde71a166a709c6f26cf58c4cb0c2364137032a2dcef0d4d2f16e4b115,2177d9c1adc5d263e6e34f0201586dcbd1810924bf7d0905ad1db959eb6c335e,2026-09-30T18:05:24Z
SubmitPartialDecryption,22,0a8c8ac2a413ab54ff77dd30d9c1e22cc97e0f150bec6b2e764a17f77ba00d38,616,51065d1aee7c486d9f4ff59d88b5f58be14b1b47cb4690867c9d320aedb54a31,4fcdbcdde71a166a709c6f26cf58c4cb0c2364137032a2dcef0d4d2f16e4b115,2177d9c1adc5d263e6e34f0201586dcbd1810924bf7d0905ad1db959eb6c335e,2026-09-30T18:05:24Z
SubmitPartialDecryption,23,4b946e4b41de0d0f6f2692170cbacf8e3258eceff128f1ab5a42ed74e408df21,616,51065d1aee7c486d9f4ff59d88b5f58be14b1b47cb4690867c9d320aedb54a31,4fcdbcdde71a166a709c6f26cf58c4cb0c2364137032a2dcef0d4d2f16e4b115,2177d9c1adc5d263e6e34f0201586dcbd1810924bf7d0905ad1db959eb6c335e,2026-09-30T18:05:24Z
SubmitPartialDecryption,31,797a413c0c58c14a2ae8ceb3716a0f88d51569e0e8e64b923cf7c7caeb253c4c,616,51065d1aee7c486d9f4ff59d88b5f58be14b1b47cb4690867c9d320aedb54a31,4fcdbcdde71a166a709c6f26cf58c4cb0c2364137032a2dcef0d4d2f16e4b115,2177d9c1adc5d263e6e34f0201586dcbd1810924bf7d0905ad1db959eb6c335e,2026-09-30T18:05:24Z
SubmitPartialDecryption,19,479f367ebdb1bfa5f07d52b28b12b11303bf3cedb1eb0edabd1c669a07928096,616,51065d1aee7c486d9f4ff59d88b5f58be14b1b47cb4690867c9d320aedb54a31,4fcdbcdde71a166a709c6f26cf58c4cb0c2364137032a2dcef0d4d2f16e4b115,2177d9c1adc5d263e6e34f0201586dcbd1810924bf7d0905ad1db959eb6c335e,2026-09-30T18:05:24Z
SubmitPartialDecryption,28,6b55b5c41471233b22466b7b8edc3ed2438d65bbd21aeb39a668fb975a263692,616,51065d1aee7c486d9f4ff59d88b5f58be14b1b47cb4690867c9d320aedb54a31,4fcdbcdde71a166a709c6f26cf58c4cb0c2364137032a2dcef0d4d2f16e4b115,2177d9c1adc5d263e6e34f0201586dcbd1810924bf7d0905ad1db959eb6c335e,2026-09-30T18:05:24Z
SubmitPartialDecryption,21,61924502ee526f091cbf15afb99a80873ee86ea21b0e9acf6c4e016e20858399,616,51065d1aee7c486d9f4ff59d88b5f58be14b1b47cb4690867c9d320aedb54a31,4fcdbcdde71a166a709c6f26cf58c4cb0c2364137032a2dcef0d4d2f16e4b115,2177d9c1adc5d263e6e34f0201586dcbd1810924bf7d0905ad1db959eb6c335e,2026-09-30T18:05:24Z
SubmitPartialDecryption,42,fa40569abaad75cff461a1128df16fff6770d0d6faf778d018087de20b5ab635,617,8429b587a4b034edfbe983f7a0e5219ef9e879a808201229e548b11883a9e2b1,ebd433db475c2515fbe6eeaece46133a88d29222fca1f65a81d2f656be7dd4e8,51065d1aee7c486d9f4ff59d88b5f58be14b1b47cb4690867c9d320aedb54a31,2026-09-30T18:05:26Z
SubmitPartialDecryption,32,f7e404f815886a27e47a770bc5ba7b9fe873b1050ffc6c530f70d7e516325a5d,617,8429b587a4b034edfbe983f7a0e5219ef9e879a808201229e548b11883a9e2b1,ebd433db475c2515fbe6eeaece46133a88d29222fca1f65a81d2f656be7dd4e8,51065d1aee7c486d9f4ff59d88b5f58be14b1b47cb4690867c9d320aedb54a31,2026-09-30T18:05:26Z
SubmitPartialDecryption,41,e31191aec6ba61e73d81fdc4fd26f0a81c951ce752546eaf480ee34ac703c9d3,617,8429b587a4b034edfbe983f7a0e5219ef9e879a808201229e548b11883a9e2b1,ebd433db475c2515fbe6eeaece46133a88d29222fca1f65a81d2f656be7dd4e8,51065d1aee7c486d9f4ff59d88b5f58be14b1b47cb4690867c9d320aedb54a31,2026-09-30T18:05:26Z
SubmitPartialDecryption,46,21e93c91725fc604e357d59f2314d1d48d9f5b4b5fda9a27ac4662b722895edf,617,8429b587a4b034edfbe983f7a0e5219ef9e879a808201229e548b11883a9e2b1,ebd433db475c2515fbe6eeaece46133a88d29222fca1f65a81d2f656be7dd4e8,51065d1aee7c486d9f4ff59d88b5f58be14b1b47cb4690867c9d320aedb54a31,2026-09-30T18:05:26Z
SubmitPartialDecryption,43,3045ed66f99b2902686a76ff35a902854997f4b603e2d4a5ba5f896a5e626c48,617,8429b587a4b034edfbe983f7a0e5219ef9e879a808201229e548b11883a9e2b1,ebd433db475c2515fbe6eeaece46133a88d29222fca1f65a81d2f656be7dd4e8,51065d1aee7c486d9f4ff59d88b5f58be14b1b47cb4690867c9d320aedb54a31,2026-09-30T18:05:26Z
SubmitPartialDecryption,40,ea971694dcf03ea07ce670127337b77bb19b7d40b58a27677dae403aefca3ca1,617,8429b587a4b034edfbe983f7a0e5219ef9e879a808201229e548b11883a9e2b1,ebd433db475c2515fbe6eeaece46133a88d29222fca1f65a81d2f656be7dd4e8,51065d1aee7c486d9f4ff59d88b5f58be14b1b47cb4690867c9d320aedb54a31,2026-09-30T18:05:26Z
SubmitPartialDecryption,44,6163daa64585ec2fbcfa03f6cc31b85e3eac920f3233274448e2affa41061272,617,8429b587a4b034edfbe983f7a0e5219ef9e879a808201229e548b11883a9e2b1,ebd433db475c2515fbe6eeaece46133a88d29222fca1f65a81d2f656be7dd4e8,51065d1aee7c486d9f4ff59d88b5f58be14b1b47cb4690867c9d320aedb54a31,2026-09-30T18:05:26Z
SubmitPartialDecryption,37,c8066fe1885df81f559f34ee1f6871aff25849ca4796be67192af9324d608ff0,617,8429b587a4b034edfbe983f7a0e5219ef9e879a808201229e548b11883a9e2b1,ebd433db475c2515fbe6eeaece46133a88d29222fca1f65a81d2f656be7dd4e8,51065d1aee7c486d9f4ff59d88b5f58be14b1b47cb4690867c9d320aedb54a31,2026-09-30T18:05:26Z
SubmitPartialDecryption,33,6a3412c44351aa8df67060463b34d72e47fffdd7c824921bb627a0713721b02d,617,8429b587a4b034edfbe983f7a0e5219ef9e879a808201229e548b11883a9e2b1,ebd433db475c2515fbe6eeaece46133a88d29222fca1f65a81d2f656be7dd4e8,51065d1aee7c486d9f4ff59d88b5f58be14b1b47cb4690867c9d320aedb54a31,2026-09-30T18:05:26Z
SubmitPartialDecryption,39,6bcb1918bb29e64631a4433043f48d8aa00f541dfcf525a6c1eacc3d96b43ba7,617,8429b587a4b034edfbe983f7a0e5219ef9e879a808201229e548b11883a9e2b1,ebd433db475c2515fbe6eeaece46133a88d29222fca1f65a81d2f656be7dd4e8,51065d1aee7c486d9f4ff59d88b5f58be14b1b47cb4690867c9d320aedb54a31,2026-09-30T18:05:26Z
SubmitPartialDecryption,47,9f129064527afba0c5fb1c40408b314ddfa270b67299c00b80a3972207f6d1dc,617,8429b587a4b034edfbe983f7a0e5219ef9e879a808201229e548b11883a9e2b1,ebd433db475c2515fbe6eeaece46133a88d29222fca1f65a81d2f656be7dd4e8,51065d1aee7c486d9f4ff59d88b5f58be14b1b47cb4690867c9d320aedb54a31,2026-09-30T18:05:26Z
SubmitPartialDecryption,36,bc3c6d15b87532cac677b289336ae157042e716b844a91ec3c50a4f7ca0849fc,617,8429b587a4b034edfbe983f7a0e5219ef9e879a808201229e548b11883a9e2b1,ebd433db475c2515fbe6eeaece46133a88d29222fca1f65a81d2f656be7dd4e8,51065d1aee7c486d9f4ff59d88b5f58be14b1b47cb4690867c9d320aedb54a31,2026-09-30T18:05:26Z
SubmitPartialDecryption,35,b98710e392b899038b934716fa90633ba840dc3f64e24ab9ecaf37d619e78954,617,8429b587a4b034edfbe983f7a0e5219ef9e879a808201229e548b11883a9e2b1,ebd433db475c2515fbe6eeaece46133a88d29222fca1f65a81d2f656be7dd4e8,51065d1aee7c486d9f4ff59d88b5f58be14b1b47cb4690867c9d320aedb54a31,2026-09-30T18:05:26Z
SubmitPartialDecryption,38,5bd6e77bfb306d292d416334e46b661019b64b13f2417faf45a4408ef0cc5371,617,8429b587a4b034edfbe983f7a0e5219ef9e879a808201229e548b11883a9e2b1,ebd433db475c2515fbe6eeaece46133a88d29222fca1f65a81d2f656be7dd4e8,51065d1aee7c486d9f4ff59d88b5f58be14b1b47cb4690867c9d320aedb54a31,2026-09-30T18:05:26Z
SubmitPartialDecryption,45,14eaa1c78e6028e0a80d209000c58729649801920e2b1a700646f947b70defa0,617,8429b587a4b034edfbe983f7a0e5219ef9e879a808201229e548b11883a9e2b1,ebd433db475c2515fbe6eeaece46133a88d29222fca1f65a81d2f656be7dd4e8,51065d1aee7c486d9f4ff59d88b5f58be14b1b47cb4690867c9d320aedb54a31,2026-09-30T18:05:26Z
SubmitPartialDecryption,34,f0b8113c62fbc6dec0b047308e639974673e0bc93dbdc65e28bd73f70103832d,617,8429b587a4b034edfbe983f7a0e5219ef9e879a808201229e548b11883a9e2b1,ebd433db475c2515fbe6eeaece46133a88d29222fca1f65a81d2f656be7dd4e8,51065d1aee7c486d9f4ff59d88b5f58be14b1b47cb4690867c9d320aedb54a31,2026-09-30T18:05:26Z
SubmitPartialDecryption,51,18be7172947563afd8f4fc0e3f0076ee8a5b9482c81eb57581f99b8e07036062,618,ab520fba6d7f8c6ce2a5e076f9d018f347f06e31c51918df4f56363ea026f2e3,486e57bf6ec19ec64efbc2d23417ced1bd0312c48dd6bbaa3ab168a476e019a8,8429b587a4b034edfbe983f7a0e5219ef9e879a808201229e548b11883a9e2b1,2026-09-30T18:05:28Z
SubmitPartialDecryption,50,40130ccf1a7972a2df65ab5315fa67189997657d1c8b0b86b1c541ccdc833e55,618,ab520fba6d7f8c6ce2a5e076f9d018f347f06e31c51918df4f56363ea026f2e3,486e57bf6ec19ec64efbc2d23417ced1bd0312c48dd6bbaa3ab168a476e019a8,8429b587a4b034edfbe983f7a0e5219ef9e879a808201229e548b11883a9e2b1,2026-09-30T18:05:28Z
SubmitPartialDecryption,59,bbab9a9a5a9462de891550c02ac3655d754d0cd3c7e5f9c61aa1a396da6fedcd,618,ab520fba6d7f8c6ce2a5e076f9d018f347f06e31c51918df4f56363ea026f2e3,486e57bf6ec19ec64efbc2d23417ced1bd0312c48dd6bbaa3ab168a476e019a8,8429b587a4b034edfbe983f7a0e5219ef9e879a808201229e548b11883a9e2b1,2026-09-30T18:05:28Z
SubmitPartialDecryption,63,d3efbdfe8bb3dc551cdb8b845fb33f517769d36aef6b5262f6d4449ec3e463f6,618,ab520fba6d7f8c6ce2a5e076f9d018f347f06e31c51918df4f56363ea026f2e3,486e57bf6ec19ec64efbc2d23417ced1bd0312c48dd6bbaa3ab168a476e019a8,8429b587a4b034edfbe983f7a0e5219ef9e879a808201229e548b11883a9e2b1,2026-09-30T18:05:28Z
SubmitPartialDecryption,56,509814e7b46918c116370c91cf58b1a803d45187c3238dda0b058aac6f3544df,618,ab520fba6d7f8c6ce2a5e076f9d018f347f06e31c51918df4f56363ea026f2e3,486e57bf6ec19ec64efbc2d23417ced1bd0312c48dd6bbaa3ab168a476e019a8,8429b587a4b034edfbe983f7a0e5219ef9e879a808201229e548b11883a9e2b1,2026-09-30T18:05:28Z
SubmitPartialDecryption,60,db371d3ecf548df31245f0336b1f7b44b5e197c645c37da5cdc80639d87176ec,618,ab520fba6d7f8c6ce2a5e076f9d018f347f06e31c51918df4f56363ea026f2e3,486e57bf6ec19ec64efbc2d23417ced1bd0312c48dd6bbaa3ab168a476e019a8,8429b587a4b034edfbe983f7a0e5219ef9e879a808201229e548b11883a9e2b1,2026-09-30T18:05:28Z
SubmitPartialDecryption,48,4bcdbc01744103caa524045eab345b8dcfe81c3c29f95e3927c6d63beaaf939a,618,ab520fba6d7f8c6ce2a5e076f9d018f347f06e31c51918df4f56363ea026f2e3,486e57bf6ec19ec64efbc2d23417ced1bd0312c48dd6bbaa3ab168a476e019a8,8429b587a4b034edfbe983f7a0e5219ef9e879a808201229e548b11883a9e2b1,2026-09-30T18:05:28Z
SubmitPartialDecryption,52,53f34cbdaa989cb3da1d9a568141bc94d5d14c6c9db1bd0c2f1346329e2d7c31,618,ab520fba6d7f8c6ce2a5e076f9d018f347f06e31c51918df4f56363ea026f2e3,486e57bf6ec19ec64efbc2d23417ced1bd0312c48dd6bbaa3ab168a476e019a8,8429b587a4b034edfbe983f7a0e5219ef9e879a808201229e548b11883a9e2b1,2026-09-30T18:05:28Z
SubmitPartialDecryption,58,f763e9470ed4a323608f9f705626111dbcac8c18517c5316eeb69e924f217ecb,618,ab520fba6d7f8c6ce2a5e076f9d018f347f06e31c51918df4f56363ea026f2e3,486e57bf6ec19ec64efbc2d23417ced1bd0312c48dd6bbaa3ab168a476e019a8,8429b587a4b034edfbe983f7a0e5219ef9e879a808201229e548b11883a9e2b1,2026-09-30T18:05:28Z
SubmitPartialDecryption,57,590799f4024844860d7eaf70e4fc31653949a6a79726b091a5c8b823c01ef50b,618,ab520fba6d7f8c6ce2a5e076f9d018f347f06e31c51918df4f56363ea026f2e3,486e57bf6ec19ec64efbc2d23417ced1bd0312c48dd6bbaa3ab168a476e019a8,8429b587a4b034edfbe983f7a0e5219ef9e879a808201229e548b11883a9e2b1,2026-09-30T18:05:28Z
SubmitPartialDecryption,62,9fb3028426a56899864e24dc23e9d5310df9c179755cfd633a00b929e997fa09,618,ab520fba6d7f8c6ce2a5e076f9d018f347f06e31c51918df4f56363ea026f2e3,486e57bf6ec19ec64efbc2d23417ced1bd0312c48dd6bbaa3ab168a476e019a8,8429b587a4b034edfbe983f7a0e5219ef9e879a808201229e548b11883a9e2b1,2026-09-30T18:05:28Z
SubmitPartialDecryption,55,fd08932609ce331a5e255fa0e945a269d2e8504fa437d423f619e486360d2168,618,ab520fba6d7f8c6ce2a5e076f9d018f347f06e31c51918df4f56363ea026f2e3,486e57bf6ec19ec64efbc2d23417ced1bd0312c48dd6bbaa3ab168a476e019a8,8429b587a4b034edfbe983f7a0e5219ef9e879a808201229e548b11883a9e2b1,2026-09-30T18:05:28Z
SubmitPartialDecryption,61,a46bd865bef2cdcd089daf566a2a431f56d2f41cec774ff7a2af946072f87cf0,618,ab520fba6d7f8c6ce2a5e076f9d018f347f06e31c51918df4f56363ea026f2e3,486e57bf6ec19ec64efbc2d23417ced1bd0312c48dd6bbaa3ab168a476e019a8,8429b587a4b034edfbe983f7a0e5219ef9e879a808201229e548b11883a9e2b1,2026-09-30T18:05:28Z
SubmitPartialDecryption,54,9a6a50d5165cc50ca8cd87f81557c57a58bb12a092df5803bf26c2180a1c9299,618,ab520fba6d7f8c6ce2a5e076f9d018f347f06e31c51918df4f56363ea026f2e3,486e57bf6ec19ec64efbc2d23417ced1bd0312c48dd6bbaa3ab168a476e019a8,8429b587a4b034edfbe983f7a0e5219ef9e879a808201229e548b11883a9e2b1,2026-09-30T18:05:28Z
SubmitPartialDecryption,49,8555d0b4d1a6a58ccfd0ee124546047673694ff732bd1c4a17be81e59cc042c9,618,ab520fba6d7f8c6ce2a5e076f9d018f347f06e31c51918df4f56363ea026f2e3,486e57bf6ec19ec64efbc2d23417ced1bd0312c48dd6bbaa3ab168a476e019a8,8429b587a4b034edfbe983f7a0e5219ef9e879a808201229e548b11883a9e2b1,2026-09-30T18:05:28Z
SubmitPartialDecryption,53,e0f4ae7f2a88190e7c360699ce67aca9b82b00e9326fe2c26bb8178da37ad09d,618,ab520fba6d7f8c6ce2a5e076f9d018f347f06e31c51918df4f56363ea026f2e3,486e57bf6ec19ec64efbc2d23417ced1bd0312c48dd6bbaa3ab168a476e019a8,8429b587a4b034edfbe983f7a0e5219ef9e879a808201229e548b11883a9e2b1,2026-09-30T18:05:28Z
SubmitPartialDecryption,66,155fadd629263578aefaa3fb20c7d47708f1c1001fff3bc3f29197f15d42a5d2,619,29aff27f93dfc5a0ece6d9fdd98084494c71a39670641ca7e5f8856c10b58656,621ac42f92c0aded89d585d05c2bff7f1eae64780da536ecf83f0a0886bea631,ab520fba6d7f8c6ce2a5e076f9d018f347f06e31c51918df4f56363ea026f2e3,2026-09-30T18:05:30Z
SubmitPartialDecryption,71,784ce6c8978e9a96510c2c40658a1dfacbd7b3d8cffd5776bc840c3dd0e4167d,619,29aff27f93dfc5a0ece6d9fdd98084494c71a39670641ca7e5f8856c10b58656,621ac42f92c0aded89d585d05c2bff7f1eae64780da536ecf83f0a0886bea631,ab520fba6d7f8c6ce2a5e076f9d018f347f06e31c51918df4f56363ea026f2e3,2026-09-30T18:05:30Z
SubmitPartialDecryption,64,d2fa73ec792e2ccb4d56e97925d7fcef0b47c9f397cd507b60ba01f7712acffa,619,29aff27f93dfc5a0ece6d9fdd98084494c71a39670641ca7e5f8856c10b58656,621ac42f92c0aded89d585d05c2bff7f1eae64780da536ecf83f0a0886bea631,ab520fba6d7f8c6ce2a5e076f9d018f347f06e31c51918df4f56363ea026f2e3,2026-09-30T18:05:30Z
SubmitPartialDecryption,65,7da415b069c99d0c85af099d0dab31c9281ceecc83515cfb4a1f8d5bce036cfe,619,29aff27f93dfc5a0ece6d9fdd98084494c71a39670641ca7e5f8856c10b58656,621ac42f92c0aded89d585d05c2bff7f1eae64780da536ecf83f0a0886bea631,ab520fba6d7f8c6ce2a5e076f9d018f347f06e31c51918df4f56363ea026f2e3,2026-09-30T18:05:30Z
SubmitPartialDecryption,74,d7ece7fb16d9725de7068915714b5e4556e02a8218bcc3e4d0ab8b3172189cc1,619,29aff27f93dfc5a0ece6d9fdd98084494c71a39670641ca7e5f8856c10b58656,621ac42f92c0aded89d585d05c2bff7f1eae64780da536ecf83f0a0886bea631,ab520fba6d7f8c6ce2a5e076f9d018f347f06e31c51918df4f56363ea026f2e3,2026-09-30T18:05:30Z
SubmitPartialDecryption,78,7ee6d9952897b11ce4b919c25c20cc9a51ef7da1e17c3cb7ebc4f2e31a3f28bf,619,29aff27f93dfc5a0ece6d9fdd98084494c71a39670641ca7e5f8856c10b58656,621ac42f92c0aded89d585d05c2bff7f1eae64780da536ecf83f0a0886bea631,ab520fba6d7f8c6ce2a5e076f9d018f347f06e31c51918df4f56363ea026f2e3,2026-09-30T18:05:30Z
SubmitPartialDecryption,79,64e575aa03208c5d73cd4b4b33c5cf14f9d64fb2c100c754f66423b3252cda65,619,29aff27f93dfc5a0ece6d9fdd98084494c71a39670641ca7e5f8856c10b58656,621ac42f92c0aded89d585d05c2bff7f1eae64780da536ecf83f0a0886bea631,ab520fba6d7f8c6ce2a5e076f9d018f347f06e31c51918df4f56363ea026f2e3,2026-09-30T18:05:30Z
SubmitPartialDecryption,70,3622905e3a91a57334c262e0fa76af6ccb90f4206ed8c8e0d010ee137c10a0c0,619,29aff27f93dfc5a0ece6d9fdd98084494c71a39670641ca7e5f8856c10b58656,621ac42f92c0aded89d585d05c2bff7f1eae64780da536ecf83f0a0886bea631,ab520fba6d7f8c6ce2a5e076f9d018f347f06e31c51918df4f56363ea026f2e3,2026-09-30T18:05:30Z
SubmitPartialDecryption,73,b54601f53c3d75fd3860f134eb94a007248ca582f5c1863f3f584455c36b4642,619,29aff27f93dfc5a0ece6d9fdd98084494c71a39670641ca7e5f8856c10b58656,621ac42f92c0aded89d585d05c2bff7f1eae64780da536ecf83f0a0886bea631,ab520fba6d7f8c6ce2a5e076f9d018f347f06e31c51918df4f56363ea026f2e3,2026-09-30T18:05:30Z
SubmitPartialDecryption,77,3d2cc94341bfb5c975d6ef53ad9a4932371c859a97c6a3513b8f5aea3d16d5a8,619,29aff27f93dfc5a0ece6d9fdd98084494c71a39670641ca7e5f8856c10b58656,621ac42f92c0aded89d585d05c2bff7f1eae64780da536ecf83f0a0886bea631,ab520fba6d7f8c6ce2a5e076f9d018f347f06e31c51918df4f56363ea026f2e3,2026-09-30T18:05:30Z
SubmitPartialDecryption,76,7ba01d69aea14eb22d1402b9c2d0533f1acd0f6ff9c4ba85cc35598f9ddd455e,619,29aff27f93dfc5a0ece6d9fdd98084494c71a39670641ca7e5f8856c10b58656,621ac42f92c0aded89d585d05c2bff7f1eae64780da536ecf83f0a0886bea631,ab520fba6d7f8c6ce2a5e076f9d018f347f06e31c51918df4f56363ea026f2e3,2026-09-30T18:05:30Z
SubmitPartialDecryption,69,3ed64253fa8b2431f3e773cb43b93e3b7e242b3c3a24a86803160dd9113dbf40,619,29aff27f93dfc5a0ece6d9fdd98084494c71a39670641ca7e5f8856c10b58656,621ac42f92c0aded89d585d05c2bff7f1eae64780da536ecf83f0a0886bea631,ab520fba6d7f8c6ce2a5e076f9d018f347f06e31c51918df4f56363ea026f2e3,2026-09-30T18:05:30Z
SubmitPartialDecryption,68,c53bf749f86349b4821fdc940421c03ecb8931c7b9754f33fca93a773918a60b,619,29aff27f93dfc5a0ece6d9fdd98084494c71a39670641ca7e5f8856c10b58656,621ac42f92c0aded89d585d05c2bff7f1eae64780da536ecf83f0a0886bea631,ab520fba6d7f8c6ce2a5e076f9d018f347f06e31c51918df4f56363ea026f2e3,2026-09-30T18:05:30Z
SubmitPartialDecryption,75,e914d3593e0687d0a1cffb1f6b6abcd7c4b9ebe5bcea94fdd585828938dcbaf6,619,29aff27f93dfc5a0ece6d9fdd98084494c71a39670641ca7e5f8856c10b58656,621ac42f92c0aded89d585d05c2bff7f1eae64780da536ecf83f0a0886bea631,ab520fba6d7f8c6ce2a5e076f9d018f347f06e31c51918df4f56363ea026f2e3,2026-09-30T18:05:30Z
SubmitPartialDecryption,67,bb50c2bca52f6b77e3964bdbc9af603ad0a9589dc07b638a8b4650239b11103c,619,29aff27f93dfc5a0ece6d9fdd98084494c71a39670641ca7e5f8856c10b58656,621ac42f92c0aded89d585d05c2bff7f1eae64780da536ecf83f0a0886bea631,ab520fba6d7f8c6ce2a5e076f9d018f347f06e31c51918df4f56363ea026f2e3,2026-09-30T18:05:30Z
SubmitPartialDecryption,72,59676961772d0b7a7d3467dde879bc7ef817f3fa46c344941548c0fd82692eb6,619,29aff27f93dfc5a0ece6d9fdd98084494c71a39670641ca7e5f8856c10b58656,621ac42f92c0aded89d585d05c2bff7f1eae64780da536ecf83f0a0886bea631,ab520fba6d7f8c6ce2a5e076f9d018f347f06e31c51918df4f56363ea026f2e3,2026-09-30T18:05:30Z
SubmitPartialDecryption,84,8e187402f9c82b23230756b4705399db730821e05a0b64ea3134467ba67362c6,620,1c62983093f76218ef1a83c6878ebe192ff94ce031368a6e44b8a193852fe636,eab047c01bc8e7961735d241cfcb97c9c6f0de9dfa493373b07d0c0bbc7b9463,29aff27f93dfc5a0ece6d9fdd98084494c71a39670641ca7e5f8856c10b58656,2026-09-30T18:05:32Z
SubmitPartialDecryption,81,fd88eabed78eb92da0f72f67062bc392a934651202d772f405035235f5a9050c,620,1c62983093f76218ef1a83c6878ebe192ff94ce031368a6e44b8a193852fe636,eab047c01bc8e7961735d241cfcb97c9c6f0de9dfa493373b07d0c0bbc7b9463,29aff27f93dfc5a0ece6d9fdd98084494c71a39670641ca7e5f8856c10b58656,2026-09-30T18:05:32Z
SubmitPartialDecryption,90,c506db0838da12ea02075398657837f0317c44434152870492c0b40e04d291c2,620,1c62983093f76218ef1a83c6878ebe192ff94ce031368a6e44b8a193852fe636,eab047c01bc8e7961735d241cfcb97c9c6f0de9dfa493373b07d0c0bbc7b9463,29aff27f93dfc5a0ece6d9fdd98084494c71a39670641ca7e5f8856c10b58656,2026-09-30T18:05:32Z
SubmitPartialDecryption,83,edb589e3a3f3697bab6f0d1493afe00e6be1b3e75df706bbeed5e0657b329d75,620,1c62983093f76218ef1a83c6878ebe192ff94ce031368a6e44b8a193852fe636,eab047c01bc8e7961735d241cfcb97c9c6f0de9dfa493373b07d0c0bbc7b9463,29aff27f93dfc5a0ece6d9fdd98084494c71a39670641ca7e5f8856c10b58656,2026-09-30T18:05:32Z
SubmitPartialDecryption,93,99729e9158c5b3e3fc611cfc42fe6a4e3e1d778b029cdbeee3d13b5ff56e1ab3,620,1c62983093f76218ef1a83c6878ebe192ff94ce031368a6e44b8a193852fe636,eab047c01bc8e7961735d241cfcb97c9c6f0de9dfa493373b07d0c0bbc7b9463,29aff27f93dfc5a0ece6d9fdd98084494c71a39670641ca7e5f8856c10b58656,2026-09-30T18:05:32Z
SubmitPartialDecryption,92,c48978a6aef43a0e32bca6ffec621adaaa7af81e1eb5e017ff0b7c49587c9917,620,1c62983093f76218ef1a83c6878ebe192ff94ce031368a6e44b8a193852fe636,eab047c01bc8e7961735d241cfcb97c9c6f0de9dfa493373b07d0c0bbc7b9463,29aff27f93dfc5a0ece6d9fdd98084494c71a39670641ca7e5f8856c10b58656,2026-09-30T18:05:32Z
SubmitPartialDecryption,89,9ae6a1870979532cc95c0d55711ed75f7dd2f59e440d6e0a4d83da596a6b3a67,620,1c62983093f76218ef1a83c6878ebe192ff94ce031368a6e44b8a193852fe636,eab047c01bc8e7961735d241cfcb97c9c6f0de9dfa493373b07d0c0bbc7b9463,29aff27f93dfc5a0ece6d9fdd98084494c71a39670641ca7e5f8856c10b58656,2026-09-30T18:05:32Z
SubmitPartialDecryption,88,e1726eda112974513efd4e5994077898cf1d087204882befd96e15fc4dd2bbd4,620,1c62983093f76218ef1a83c6878ebe192ff94ce031368a6e44b8a193852fe636,eab047c01bc8e7961735d241cfcb97c9c6f0de9dfa493373b07d0c0bbc7b9463,29aff27f93dfc5a0ece6d9fdd98084494c71a39670641ca7e5f8856c10b58656,2026-09-30T18:05:32Z
SubmitPartialDecryption,94,6b5acc4d4fdab94c8be919b16fa88b9b33d1b8ab3afcb54319bf15b619c36d07,620,1c62983093f76218ef1a83c6878ebe192ff94ce031368a6e44b8a193852fe636,eab047c01bc8e7961735d241cfcb97c9c6f0de9dfa493373b07d0c0bbc7b9463,29aff27f93dfc5a0ece6d9fdd98084494c71a39670641ca7e5f8856c10b58656,2026-09-30T18:05:32Z
SubmitPartialDecryption,82,c48d71dc8c44c095502b65116647fcd39d2b9630082e25a7c3431b786bba9985,620,1c62983093f76218ef1a83c6878ebe192ff94ce031368a6e44b8a193852fe636,eab047c01bc8e7961735d241cfcb97c9c6f0de9dfa493373b07d0c0bbc7b9463,29aff27f93dfc5a0ece6d9fdd98084494c71a39670641ca7e5f8856c10b58656,2026-09-30T18:05:32Z
SubmitPartialDecryption,86,c60121ee98f881d3c2a49f3a1a414b29b4bec92d9703d97a454392b4dcaa3cbe,620,1c62983093f76218ef1a83c6878ebe192ff94ce031368a6e44b8a193852fe636,eab047c01bc8e7961735d241cfcb97c9c6f0de9dfa493373b07d0c0bbc7b9463,29aff27f93dfc5a0ece6d9fdd98084494c71a39670641ca7e5f8856c10b58656,2026-09-30T18:05:32Z
SubmitPartialDecryption,95,d705b4233eaa4e3c1732973e03d45ec020944d5099b30c7d1e1b6d8485679d73,620,1c62983093f76218ef1a83c6878ebe192ff94ce031368a6e44b8a193852fe636,eab047c01bc8e7961735d241cfcb97c9c6f0de9dfa493373b07d0c0bbc7b9463,29aff27f93dfc5a0ece6d9fdd98084494c71a39670641ca7e5f8856c10b58656,2026-09-30T18:05:32Z
SubmitPartialDecryption,91,b188ef8691116b267aee1f394793671380f0f8e15e64ab520ba24e02de0f7fd5,620,1c62983093f76218ef1a83c6878ebe192ff94ce031368a6e44b8a193852fe636,eab047c01bc8e7961735d241cfcb97c9c6f0de9dfa493373b07d0c0bbc7b9463,29aff27f93dfc5a0ece6d9fdd98084494c71a39670641ca7e5f8856c10b58656,2026-09-30T18:05:32Z
SubmitPartialDecryption,87,6ef013d7fbb5039e101e4f22f95e3d05c3be854d7a7a7b1b15753f87e5edc8ad,620,1c62983093f76218ef1a83c6878ebe192ff94ce031368a6e44b8a193852fe636,eab047c01bc8e7961735d241cfcb97c9c6f0de9dfa493373b07d0c0bbc7b9463,29aff27f93dfc5a0ece6d9fdd98084494c71a39670641ca7e5f8856c10b58656,2026-09-30T18:05:32Z
SubmitPartialDecryption,85,6bd529d9ae16cac0449e9b60c36345946ac936ae38ab9189770c12cc920df3a3,620,1c62983093f76218ef1a83c6878ebe192ff94ce031368a6e44b8a193852fe636,eab047c01bc8e7961735d241cfcb97c9c6f0de9dfa493373b07d0c0bbc7b9463,29aff27f93dfc5a0ece6d9fdd98084494c71a39670641ca7e5f8856c10b58656,2026-09-30T18:05:32Z
SubmitPartialDecryption,80,a66caa9d7c00e8a8e337345f0a165f0d5a9993b4a66422db338177cabc5e431f,620,1c62983093f76218ef1a83c6878ebe192ff94ce031368a6e44b8a193852fe636,eab047c01bc8e7961735d241cfcb97c9c6f0de9dfa493373b07d0c0bbc7b9463,29aff27f93dfc5a0ece6d9fdd98084494c71a39670641ca7e5f8856c10b58656,2026-09-30T18:05:32Z
SubmitPartialDecryption,109,2c996fad60efc5ee01928aa628e73de6b6976b439be7c05a158dbe976861171e,621,ba7844158b8ac0e85ff0a802d938068cfc110c4231a5c8f66fd3a0dfac4d8cc7,c4e03eae5ed7776a4f9084efc0967a7a6b1c75bf813c7ae92c0bdb892b17e8a1,1c62983093f76218ef1a83c6878ebe192ff94ce031368a6e44b8a193852fe636,2026-09-30T18:05:34Z
SubmitPartialDecryption,106,0576ffd22d722ac6d5ec2ce16f37d4aa845feb2b911c4e8460a2486d21730044,621,ba7844158b8ac0e85ff0a802d938068cfc110c4231a5c8f66fd3a0dfac4d8cc7,c4e03eae5ed7776a4f9084efc0967a7a6b1c75bf813c7ae92c0bdb892b17e8a1,1c62983093f76218ef1a83c6878ebe192ff94ce031368a6e44b8a193852fe636,2026-09-30T18:05:34Z
SubmitPartialDecryption,97,999f067ae85a8e56d55873f0c1921ae5e21c9fead290a48a9d3981a7de61f8e9,621,ba7844158b8ac0e85ff0a802d938068cfc110c4231a5c8f66fd3a0dfac4d8cc7,c4e03eae5ed7776a4f9084efc0967a7a6b1c75bf813c7ae92c0bdb892b17e8a1,1c62983093f76218ef1a83c6878ebe192ff94ce031368a6e44b8a193852fe636,2026-09-30T18:05:34Z
SubmitPartialDecryption,104,8227ebb7c7d2060a6367410aac42e4f0f1cdf0d685eba87c12fd0a516f72157f,621,ba7844158b8ac0e85ff0a802d938068cfc110c4231a5c8f66fd3a0dfac4d8cc7,c4e03eae5ed7776a4f9084efc0967a7a6b1c75bf813c7ae92c0bdb892b17e8a1,1c62983093f76218ef1a83c6878ebe192ff94ce031368a6e44b8a193852fe636,2026-09-30T18:05:34Z
SubmitPartialDecryption,108,c0229142502881f51f5af5869db58bc5a9cc39f68286fd07b69442e728defd13,621,ba7844158b8ac0e85ff0a802d938068cfc110c4231a5c8f66fd3a0dfac4d8cc7,c4e03eae5ed7776a4f9084efc0967a7a6b1c75bf813c7ae92c0bdb892b17e8a1,1c62983093f76218ef1a83c6878ebe192ff94ce031368a6e44b8a193852fe636,2026-09-30T18:05:34Z
SubmitPartialDecryption,100,1af26605cf1b409b704feab59a9b74cdb628360a5aebd01e536a9bcd0dd548e1,621,ba7844158b8ac0e85ff0a802d938068cfc110c4231a5c8f66fd3a0dfac4d8cc7,c4e03eae5ed7776a4f9084efc0967a7a6b1c75bf813c7ae92c0bdb892b17e8a1,1c62983093f76218ef1a83c6878ebe192ff94ce031368a6e44b8a193852fe636,2026-09-30T18:05:34Z
SubmitPartialDecryption,105,74f9b45da399be2d6b0c20deda9b6cb47d325add079c69bec0abeedc29f53ec3,621,ba7844158b8ac0e85ff0a802d938068cfc110c4231a5c8f66fd3a0dfac4d8cc7,c4e03eae5ed7776a4f9084efc0967a7a6b1c75bf813c7ae92c0bdb892b17e8a1,1c62983093f76218ef1a83c6878ebe192ff94ce031368a6e44b8a193852fe636,2026-09-30T18:05:34Z
SubmitPartialDecryption,98,a174e93c16b4aa952d91af714cdd2a758884659bd55cdc95a3ea093ef156ff4b,621,ba7844158b8ac0e85ff0a802d938068cfc110c4231a5c8f66fd3a0dfac4d8cc7,c4e03eae5ed7776a4f9084efc0967a7a6b1c75bf813c7ae92c0bdb892b17e8a1,1c62983093f76218ef1a83c6878ebe192ff94ce031368a6e44b8a193852fe636,2026-09-30T18:05:34Z
SubmitPartialDecryption,101,2a9e2edd13e20a9896040cca21bea9efe478fd6d7132714d673867f7a9f659fa,621,ba7844158b8ac0e85ff0a802d938068cfc110c4231a5c8f66fd3a0dfac4d8cc7,c4e03eae5ed7776a4f9084efc0967a7a6b1c75bf813c7ae92c0bdb892b17e8a1,1c62983093f76218ef1a83c6878ebe192ff94ce031368a6e44b8a193852fe636,2026-09-30T18:05:34Z
SubmitPartialDecryption,110,9ee778ba6488d0e04b8d3f4c72408b0a399341cb49c1dc738f97259d1d3c0572,621,ba7844158b8ac0e85ff0a802d938068cfc110c4231a5c8f66fd3a0dfac4d8cc7,c4e03eae5ed7776a4f9084efc0967a7a6b1c75bf813c7ae92c0bdb892b17e8a1,1c62983093f76218ef1a83c6878ebe192ff94ce031368a6e44b8a193852fe636,2026-09-30T18:05:34Z
SubmitPartialDecryption,96,cfea4120264bcf6ba3885aecd3744c46ba0d59cc3cb39bd7b2fc57c5628fd069,621,ba7844158b8ac0e85ff0a802d938068cfc110c4231a5c8f66fd3a0dfac4d8cc7,c4e03eae5ed7776a4f9084efc0967a7a6b1c75bf813c7ae92c0bdb892b17e8a1,1c62983093f76218ef1a83c6878ebe192ff94ce031368a6e44b8a193852fe636,2026-09-30T18:05:34Z
SubmitPartialDecryption,103,bee593332c40520e02310b8e76b052226331a2472825ebfeec0665ae49b79468,621,ba7844158b8ac0e85ff0a802d938068cfc110c4231a5c8f66fd3a0dfac4d8cc7,c4e03eae5ed7776a4f9084efc0967a7a6b1c75bf813c7ae92c0bdb892b17e8a1,1c62983093f76218ef1a83c6878ebe192ff94ce031368a6e44b8a193852fe636,2026-09-30T18:05:34Z
SubmitPartialDecryption,107,c67c1a0c768b12bab84f61e5d04bdd899fb3a7741943ccdf4bb76c8949c32d3d,621,ba7844158b8ac0e85ff0a802d938068cfc110c4231a5c8f66fd3a0dfac4d8cc7,c4e03eae5ed7776a4f9084efc0967a7a6b1c75bf813c7ae92c0bdb892b17e8a1,1c62983093f76218ef1a83c6878ebe192ff94ce031368a6e44b8a193852fe636,2026-09-30T18:05:34Z
SubmitPartialDecryption,99,5557ce8e191111b6a89b7c78634d22f43cc5fc8198f3d822543cfb4d0ed59e64,621,ba7844158b8ac0e85ff0a802d938068cfc110c4231a5c8f66fd3a0dfac4d8cc7,c4e03eae5ed7776a4f9084efc0967a7a6b1c75bf813c7ae92c0bdb892b17e8a1,1c62983093f76218ef1a83c6878ebe192ff94ce031368a6e44b8a193852fe636,2026-09-30T18:05:34Z
SubmitPartialDecryption,111,f10dd2e73818cc91fb2678ea457e7a806afcf9f075bf9b4fcdb694fd9de01b03,621,ba7844158b8ac0e85ff0a802d938068cfc110c4231a5c8f66fd3a0dfac4d8cc7,c4e03eae5ed7776a4f9084efc0967a7a6b1c75bf813c7ae92c0bdb892b17e8a1,1c62983093f76218ef1a83c6878ebe192ff94ce031368a6e44b8a193852fe636,2026-09-30T18:05:34Z
SubmitPartialDecryption,102,441c3e1be6d1babe976c8b320b3e4fce30da6df6dd51277ef1bf34d905bb0ff0,621,ba7844158b8ac0e85ff0a802d938068cfc110c4231a5c8f66fd3a0dfac4d8cc7,c4e03eae5ed7776a4f9084efc0967a7a6b1c75bf813c7ae92c0bdb892b17e8a1,1c62983093f76218ef1a83c6878ebe192ff94ce031368a6e44b8a193852fe636,2026-09-30T18:05:34Z
SubmitPartialDecryption,115,de602db446e2b15e471554d9a2d146f125ee66233ae285708f89a1eee893edea,622,dc7754d050dfb8ff926a3bf966104496aeb6622331bb89527ac8764e6fe4e44f,46b487153d4dc43b25cf35c7f87adf43d4dc193e95e84fa2c15651ae5cacbd8c,ba7844158b8ac0e85ff0a802d938068cfc110c4231a5c8f66fd3a0dfac4d8cc7,2026-09-30T18:05:36Z
SubmitPartialDecryption,114,e1b357d03bc7a59af3d79fe2bd1b9af8f1d9dc72f797697067be88b36a05a694,622,dc7754d050dfb8ff926a3bf966104496aeb6622331bb89527ac8764e6fe4e44f,46b487153d4dc43b25cf35c7f87adf43d4dc193e95e84fa2c15651ae5cacbd8c,ba7844158b8ac0e85ff0a802d938068cfc110c4231a5c8f66fd3a0dfac4d8cc7,2026-09-30T18:05:36Z
SubmitPartialDecryption,119,335bfe7626637f8841b384e16e4809f187f10a30946aaf4879daa87b2c8eae42,622,dc7754d050dfb8ff926a3bf966104496aeb6622331bb89527ac8764e6fe4e44f,46b487153d4dc43b25cf35c7f87adf43d4dc193e95e84fa2c15651ae5cacbd8c,ba7844158b8ac0e85ff0a802d938068cfc110c4231a5c8f66fd3a0dfac4d8cc7,2026-09-30T18:05:36Z
SubmitPartialDecryption,125,3207b4d83577ec30cfe83deccb08fecd69634db2e1cdd72b38169a4b54c15d18,622,dc7754d050dfb8ff926a3bf966104496aeb6622331bb89527ac8764e6fe4e44f,46b487153d4dc43b25cf35c7f87adf43d4dc193e95e84fa2c15651ae5cacbd8c,ba7844158b8ac0e85ff0a802d938068cfc110c4231a5c8f66fd3a0dfac4d8cc7,2026-09-30T18:05:37Z
SubmitPartialDecryption,126,0d7f8679a685ff6f4149d1923d69c496a6e5e612ffb382a268dcb63d29041ece,622,dc7754d050dfb8ff926a3bf966104496aeb6622331bb89527ac8764e6fe4e44f,46b487153d4dc43b25cf35c7f87adf43d4dc193e95e84fa2c15651ae5cacbd8c,ba7844158b8ac0e85ff0a802d938068cfc110c4231a5c8f66fd3a0dfac4d8cc7,2026-09-30T18:05:37Z
SubmitPartialDecryption,120,6431d65017d682089bd519ac90cc3ee3f947c582c9231bf44e9c1e7e3d83367f,622,dc7754d050dfb8ff926a3bf966104496aeb6622331bb89527ac8764e6fe4e44f,46b487153d4dc43b25cf35c7f87adf43d4dc193e95e84fa2c15651ae5cacbd8c,ba7844158b8ac0e85ff0a802d938068cfc110c4231a5c8f66fd3a0dfac4d8cc7,2026-09-30T18:05:36Z
SubmitPartialDecryption,121,a8819c7bafda1e79830b3e4d6527530f163272122672d3bb7d9860a969aa7067,622,dc7754d050dfb8ff926a3bf966104496aeb6622331bb89527ac8764e6fe4e44f,46b487153d4dc43b25cf35c7f87adf43d4dc193e95e84fa2c15651ae5cacbd8c,ba7844158b8ac0e85ff0a802d938068cfc110c4231a5c8f66fd3a0dfac4d8cc7,2026-09-30T18:05:36Z
SubmitPartialDecryption,117,12f99ed9cd07fc5652c5666fd45bc66a0e96a94113fd4459f1c5e99bc5d0f640,622,dc7754d050dfb8ff926a3bf966104496aeb6622331bb89527ac8764e6fe4e44f,46b487153d4dc43b25cf35c7f87adf43d4dc193e95e84fa2c15651ae5cacbd8c,ba7844158b8ac0e85ff0a802d938068cfc110c4231a5c8f66fd3a0dfac4d8cc7,2026-09-30T18:05:36Z
SubmitPartialDecryption,113,b3a84d1fcb7c067e8df06e5c5561d144c3c8f24e9e5e889bbf530fe32dd6d156,622,dc7754d050dfb8ff926a3bf966104496aeb6622331bb89527ac8764e6fe4e44f,46b487153d4dc43b25cf35c7f87adf43d4dc193e95e84fa2c15651ae5cacbd8c,ba7844158b8ac0e85ff0a802d938068cfc110c4231a5c8f66fd3a0dfac4d8cc7,2026-09-30T18:05:36Z
SubmitPartialDecryption,124,37c4838d4379dc76cf7a4a7cf2f9ed243ce4d8c65ac3cacda886a16305c2bc5f,622,dc7754d050dfb8ff926a3bf966104496aeb6622331bb89527ac8764e6fe4e44f,46b487153d4dc43b25cf35c7f87adf43d4dc193e95e84fa2c15651ae5cacbd8c,ba7844158b8ac0e85ff0a802d938068cfc110c4231a5c8f66fd3a0dfac4d8cc7,2026-09-30T18:05:37Z
SubmitPartialDecryption,118,f66a7273a366aa75d827f8a8d8bdff67261d05ae754ff95f0a40ff2de712be58,622,dc7754d050dfb8ff926a3bf966104496aeb6622331bb89527ac8764e6fe4e44f,46b487153d4dc43b25cf35c7f87adf43d4dc193e95e84fa2c15651ae5cacbd8c,ba7844158b8ac0e85ff0a802d938068cfc110c4231a5c8f66fd3a0dfac4d8cc7,2026-09-30T18:05:36Z
SubmitPartialDecryption,122,fd66ae4a734d3b6f5a0af9208a076d3cdf374ae19d5d38c83319f67fcf41e07c,622,dc7754d050dfb8ff926a3bf966104496aeb6622331bb89527ac8764e6fe4e44f,46b487153d4dc43b25cf35c7f87adf43d4dc193e95e84fa2c15651ae5cacbd8c,ba7844158b8ac0e85ff0a802d938068cfc110c4231a5c8f66fd3a0dfac4d8cc7,2026-09-30T18:05:36Z
SubmitPartialDecryption,127,d2e5f0ab13343f645d43e4819c2b5b64d045690a36a2ffbd0f0b48e2c1bd9609,622,dc7754d050dfb8ff926a3bf966104496aeb6622331bb89527ac8764e6fe4e44f,46b487153d4dc43b25cf35c7f87adf43d4dc193e95e84fa2c15651ae5cacbd8c,ba7844158b8ac0e85ff0a802d938068cfc110c4231a5c8f66fd3a0dfac4d8cc7,2026-09-30T18:05:37Z
SubmitPartialDecryption,112,f0b02cee8963af55c47728c2a5d6edb8ef700e528dbf1a8ac4b39319b84024e4,622,dc7754d050dfb8ff926a3bf966104496aeb6622331bb89527ac8764e6fe4e44f,46b487153d4dc43b25cf35c7f87adf43d4dc193e95e84fa2c15651ae5cacbd8c,ba7844158b8ac0e85ff0a802d938068cfc110c4231a5c8f66fd3a0dfac4d8cc7,2026-09-30T18:05:36Z
SubmitPartialDecryption,123,cbba6c38b6455efc307703587af5bc25cf7ab4d713ceded4678e13b37c7528c7,622,dc7754d050dfb8ff926a3bf966104496aeb6622331bb89527ac8764e6fe4e44f,46b487153d4dc43b25cf35c7f87adf43d4dc193e95e84fa2c15651ae5cacbd8c,ba7844158b8ac0e85ff0a802d938068cfc110c4231a5c8f66fd3a0dfac4d8cc7,2026-09-30T18:05:37Z
SubmitPartialDecryption,116,ee3a1ef9f6dfc8719e6bc47a69f97ca2e6ab88c80b3e874cab69958526e97e64,622,dc7754d050dfb8ff926a3bf966104496aeb6622331bb89527ac8764e6fe4e44f,46b487153d4dc43b25cf35c7f87adf43d4dc193e95e84fa2c15651ae5cacbd8c,ba7844158b8ac0e85ff0a802d938068cfc110c4231a5c8f66fd3a0dfac4d8cc7,2026-09-30T18:05:36Z
SubmitPartialDecryption,133,ce62089f0b88709666af9c070558cfa36d48f70d071d6018988b04d2f5bf6f6f,623,d592e766dea56bb95895ddf97a5d39c50f1a0a15b3a013c22f782056f1638413,587ff99f40c6b64ef90703088a5a3499ce928fd69a4164c2a3cb65026c56561a,dc7754d050dfb8ff926a3bf966104496aeb6622331bb89527ac8764e6fe4e44f,2026-09-30T18:05:39Z
SubmitPartialDecryption,138,0d27037b39247dd85e41f0f5f7935be78f0ee336c044f8d449b63c9bca77529c,623,d592e766dea56bb95895ddf97a5d39c50f1a0a15b3a013c22f782056f1638413,587ff99f40c6b64ef90703088a5a3499ce928fd69a4164c2a3cb65026c56561a,dc7754d050dfb8ff926a3bf966104496aeb6622331bb89527ac8764e6fe4e44f,2026-09-30T18:05:39Z
SubmitPartialDecryption,132,ae188dd4b1222e2fc9c8b44969ba8dc8cffa21ecf44c429e15800010c431cffb,623,d592e766dea56bb95895ddf97a5d39c50f1a0a15b3a013c22f782056f1638413,587ff99f40c6b64ef90703088a5a3499ce928fd69a4164c2a3cb65026c56561a,dc7754d050dfb8ff926a3bf966104496aeb6622331bb89527ac8764e6fe4e44f,2026-09-30T18:05:39Z
SubmitPartialDecryption,137,b1bcc6e0a17fdc8de3fcd9d5d6fed58212ba43ce8c937f19366fbe73f20958ed,623,d592e766dea56bb95895ddf97a5d39c50f1a0a15b3a013c22f782056f1638413,587ff99f40c6b64ef90703088a5a3499ce928fd69a4164c2a3cb65026c56561a,dc7754d050dfb8ff926a3bf966104496aeb6622331bb89527ac8764e6fe4e44f,2026-09-30T18:05:39Z
SubmitPartialDecryption,136,91562fa9a25a980fb523a27af4e089625a74f7bd0059ed34bc8d4442f2a0c3ba,623,d592e766dea56bb95895ddf97a5d39c50f1a0a15b3a013c22f782056f1638413,587ff99f40c6b64ef90703088a5a3499ce928fd69a4164c2a3cb65026c56561a,dc7754d050dfb8ff926a3bf966104496aeb6622331bb89527ac8764e6fe4e44f,2026-09-30T18:05:39Z
SubmitPartialDecryption,130,6b8c26116651ed1d1532658e3d52e8293310019b9eaddccb50e7136d68d4d267,623,d592e766dea56bb95895ddf97a5d39c50f1a0a15b3a013c22f782056f1638413,587ff99f40c6b64ef90703088a5a3499ce928fd69a4164c2a3cb65026c56561a,dc7754d050dfb8ff926a3bf966104496aeb6622331bb89527ac8764e6fe4e44f,2026-09-30T18:05:39Z
SubmitPartialDecryption,131,3b540b5611373819a8032cbc31b92c4c9bff27f4489b8a833155f123d8876d18,623,d592e766dea56bb95895ddf97a5d39c50f1a0a15b3a013c22f782056f1638413,587ff99f40c6b64ef90703088a5a3499ce928fd69a4164c2a3cb65026c56561a,dc7754d050dfb8ff926a3bf966104496aeb6622331bb89527ac8764e6fe4e44f,2026-09-30T18:05:39Z
SubmitPartialDecryption,128,de8a1a39240b31976e65fac7044555e980c1b838c60f80313329a159536fad31,623,d592e766dea56bb95895ddf97a5d39c50f1a0a15b3a013c22f782056f1638413,587ff99f40c6b64ef90703088a5a3499ce928fd69a4164c2a3cb65026c56561a,dc7754d050dfb8ff926a3bf966104496aeb6622331bb89527ac8764e6fe4e44f,2026-09-30T18:05:39Z
SubmitPartialDecryption,141,fa08b1e2b83f2851a7ea600f8ead0b2d7295440e027b96d2fd5e859d9ca7fcde,623,d592e766dea56bb95895ddf97a5d39c50f1a0a15b3a013c22f782056f1638413,587ff99f40c6b64ef90703088a5a3499ce928fd69a4164c2a3cb65026c56561a,dc7754d050dfb8ff926a3bf966104496aeb6622331bb89527ac8764e6fe4e44f,2026-09-30T18:05:39Z
SubmitPartialDecryption,134,ea52fe81db8af3e747b9e445c9c5107c4258b6ccb0cd4c35e33ad2e130610cde,623,d592e766dea56bb95895ddf97a5d39c50f1a0a15b3a013c22f782056f1638413,587ff99f40c6b64ef90703088a5a3499ce928fd69a4164c2a3cb65026c56561a,dc7754d050dfb8ff926a3bf966104496aeb6622331bb89527ac8764e6fe4e44f,2026-09-30T18:05:39Z
SubmitPartialDecryption,139,94424478f02f4acf391c8c555e9dd9817d10c66fc4552973478b0ea2c8455769,623,d592e766dea56bb95895ddf97a5d39c50f1a0a15b3a013c22f782056f1638413,587ff99f40c6b64ef90703088a5a3499ce928fd69a4164c2a3cb65026c56561a,dc7754d050dfb8ff926a3bf966104496aeb6622331bb89527ac8764e6fe4e44f,2026-09-30T18:05:39Z
SubmitPartialDecryption,129,ce68fd79e560517991bf03a27acb04c4e7035deae5303c15dd1a94daa997e41e,623,d592e766dea56bb95895ddf97a5d39c50f1a0a15b3a013c22f782056f1638413,587ff99f40c6b64ef90703088a5a3499ce928fd69a4164c2a3cb65026c56561a,dc7754d050dfb8ff926a3bf966104496aeb6622331bb89527ac8764e6fe4e44f,2026-09-30T18:05:39Z
SubmitPartialDecryption,135,465d7408925ccfcbe0011feecdbe2a77394f4b5faa377db104acad05e1932960,623,d592e766dea56bb95895ddf97a5d39c50f1a0a15b3a013c22f782056f1638413,587ff99f40c6b64ef90703088a5a3499ce928fd69a4164c2a3cb65026c56561a,dc7754d050dfb8ff926a3bf966104496aeb6622331bb89527ac8764e6fe4e44f,2026-09-30T18:05:39Z
SubmitPartialDecryption,143,9f9ddeec1a14b3d91eac7e1189e6ee109b5b2fec6d2d21f6c7ba6d6d073c5e5f,623,d592e766dea56bb95895ddf97a5d39c50f1a0a15b3a013c22f782056f1638413,587ff99f40c6b64ef90703088a5a3499ce928fd69a4164c2a3cb65026c56561a,dc7754d050dfb8ff926a3bf966104496aeb6622331bb89527ac8764e6fe4e44f,2026-09-30T18:05:39Z
SubmitPartialDecryption,140,070abd431f03eb13e5f629df49fba217d1e38ae4e589840b4122cdd5c393c80d,623,d592e766dea56bb95895ddf97a5d39c50f1a0a15b3a013c22f782056f1638413,587ff99f40c6b64ef90703088a5a3499ce928fd69a4164c2a3cb65026c56561a,dc7754d050dfb8ff926a3bf966104496aeb6622331bb89527ac8764e6fe4e44f,2026-09-30T18:05:39Z
SubmitPartialDecryption,142,2279d61ad9fc9e0b0a0088f3fb5aeb931bd354961dcdb02a2ae974dd1d2f84c0,623,d592e766dea56bb95895ddf97a5d39c50f1a0a15b3a013c22f782056f1638413,587ff99f40c6b64ef90703088a5a3499ce928fd69a4164c2a3cb65026c56561a,dc7754d050dfb8ff926a3bf966104496aeb6622331bb89527ac8764e6fe4e44f,2026-09-30T18:05:39Z
SubmitPartialDecryption,150,2961fb092cdf66103d9ef515e96ca558d6c0d803f595c74f3db6e4e1b6d2be58,624,5dff040a5f78b56b35a1416ab8f2d2955b18bb16d8837bb22171eaa6b54cf50c,5c758d23b1a1dc23608fb36b52e57ad1321c508b7016d52c86adc0820eeaca02,d592e766dea56bb95895ddf97a5d39c50f1a0a15b3a013c22f782056f1638413,2026-09-30T18:05:41Z
SubmitPartialDecryption,149,14175810c1e52d5adc33b405e43e05be0731a380bb32b01d94eaa08c3d78e4c2,624,5dff040a5f78b56b35a1416ab8f2d2955b18bb16d8837bb22171eaa6b54cf50c,5c758d23b1a1dc23608fb36b52e57ad1321c508b7016d52c86adc0820eeaca02,d592e766dea56bb95895ddf97a5d39c50f1a0a15b3a013c22f782056f1638413,2026-09-30T18:05:41Z
SubmitPartialDecryption,144,fa3fedf47832a1f01095ce4590b278875c4470be9719296f87623cfc2ed620e8,624,5dff040a5f78b56b35a1416ab8f2d2955b18bb16d8837bb22171eaa6b54cf50c,5c758d23b1a1dc23608fb36b52e57ad1321c508b7016d52c86adc0820eeaca02,d592e766dea56bb95895ddf97a5d39c50f1a0a15b3a013c22f782056f1638413,2026-09-30T18:05:41Z
SubmitPartialDecryption,158,31de7ca5b1be432b8eb43974bb5ef8dc3c77bd0d59565516fd30d638068eb1a5,624,5dff040a5f78b56b35a1416ab8f2d2955b18bb16d8837bb22171eaa6b54cf50c,5c758d23b1a1dc23608fb36b52e57ad1321c508b7016d52c86adc0820eeaca02,d592e766dea56bb95895ddf97a5d39c50f1a0a15b3a013c22f782056f1638413,2026-09-30T18:05:41Z
SubmitPartialDecryption,154,32c4753c0a9bf269c516ee191f8575e4e28482eee8daf7002dd88c271ae1a666,624,5dff040a5f78b56b35a1416ab8f2d2955b18bb16d8837bb22171eaa6b54cf50c,5c758d23b1a1dc23608fb36b52e57ad1321c508b7016d52c86adc0820eeaca02,d592e766dea56bb95895ddf97a5d39c50f1a0a15b3a013c22f782056f1638413,2026-09-30T18:05:41Z
SubmitPartialDecryption,152,996906c30e3547cb4212fba91182c02b19d6b1e147c8de20a7e39550f40c9026,624,5dff040a5f78b56b35a1416ab8f2d2955b18bb16d8837bb22171eaa6b54cf50c,5c758d23b1a1dc23608fb36b52e57ad1321c508b7016d52c86adc0820eeaca02,d592e766dea56bb95895ddf97a5d39c50f1a0a15b3a013c22f782056f1638413,2026-09-30T18:05:41Z
SubmitPartialDecryption,153,91d83527a2dd8425922a71395a8456417987e3d0a7110492f02a2b43cde1176b,624,5dff040a5f78b56b35a1416ab8f2d2955b18bb16d8837bb22171eaa6b54cf50c,5c758d23b1a1dc23608fb36b52e57ad1321c508b7016d52c86adc0820eeaca02,d592e766dea56bb95895ddf97a5d39c50f1a0a15b3a013c22f782056f1638413,2026-09-30T18:05:41Z
SubmitPartialDecryption,157,a1377b722ca2b85af21d00e34a9a550e84871f7eecd24feb5305f8a35ace04ba,624,5dff040a5f78b56b35a1416ab8f2d2955b18bb16d8837bb22171eaa6b54cf50c,5c758d23b1a1dc23608fb36b52e57ad1321c508b7016d52c86adc0820eeaca02,d592e766dea56bb95895ddf97a5d39c50f1a0a15b3a013c22f782056f1638413,2026-09-30T18:05:41Z
SubmitPartialDecryption,159,99d9d23e46c9aa964ce7c290a4d461a88c5bb6303dbb8a6d3c4f35a710bbba1e,624,5dff040a5f78b56b35a1416ab8f2d2955b18bb16d8837bb22171eaa6b54cf50c,5c758d23b1a1dc23608fb36b52e57ad1321c508b7016d52c86adc0820eeaca02,d592e766dea56bb95895ddf97a5d39c50f1a0a15b3a013c22f782056f1638413,2026-09-30T18:05:41Z
SubmitPartialDecryption,145,fdc78b2d4ce07cf6f4a004d4adde347cebe90b5c9c57d601a064ebb968bdcdd2,624,5dff040a5f78b56b35a1416ab8f2d2955b18bb16d8837bb22171eaa6b54cf50c,5c758d23b1a1dc23608fb36b52e57ad1321c508b7016d52c86adc0820eeaca02,d592e766dea56bb95895ddf97a5d39c50f1a0a15b3a013c22f782056f1638413,2026-09-30T18:05:41Z
SubmitPartialDecryption,148,7403de2c8adf75c14618b1e52cf6fed2b874900cf63ebefea1d5af279be453f2,624,5dff040a5f78b56b35a1416ab8f2d2955b18bb16d8837bb22171eaa6b54cf50c,5c758d23b1a1dc23608fb36b52e57ad1321c508b7016d52c86adc0820eeaca02,d592e766dea56bb95895ddf97a5d39c50f1a0a15b3a013c22f782056f1638413,2026-09-30T18:05:41Z
SubmitPartialDecryption,147,63525c31426259b66f0c02bcfe8b0b3c50011e8bb93de33e7ba2cc8b93dc54a3,624,5dff040a5f78b56b35a1416ab8f2d2955b18bb16d8837bb22171eaa6b54cf50c,5c758d23b1a1dc23608fb36b52e57ad1321c508b7016d52c86adc0820eeaca02,d592e766dea56bb95895ddf97a5d39c50f1a0a15b3a013c22f782056f1638413,2026-09-30T18:05:41Z
SubmitPartialDecryption,155,1c3e4c88adf3c9d00611394053553706d06ebdb8897210b9bceea1831defc05d,624,5dff040a5f78b56b35a1416ab8f2d2955b18bb16d8837bb22171eaa6b54cf50c,5c758d23b1a1dc23608fb36b52e57ad1321c508b7016d52c86adc0820eeaca02,d592e766dea56bb95895ddf97a5d39c50f1a0a15b3a013c22f782056f1638413,2026-09-30T18:05:41Z
SubmitPartialDecryption,146,0aecac708a6ebe71b78d2baf25730c6842d9cfaa30fa0ef50d7bdf7729012f7c,624,5dff040a5f78b56b35a1416ab8f2d2955b18bb16d8837bb22171eaa6b54cf50c,5c758d23b1a1dc23608fb36b52e57ad1321c508b7016d52c86adc0820eeaca02,d592e766dea56bb95895ddf97a5d39c50f1a0a15b3a013c22f782056f1638413,2026-09-30T18:05:41Z
SubmitPartialDecryption,151,b21b93a7010e0139e6a0975ff5d0401f935d3071a989fb61f15059de083ee127,624,5dff040a5f78b56b35a1416ab8f2d2955b18bb16d8837bb22171eaa6b54cf50c,5c758d23b1a1dc23608fb36b52e57ad1321c508b7016d52c86adc0820eeaca02,d592e766dea56bb95895ddf97a5d39c50f1a0a15b3a013c22f782056f1638413,2026-09-30T18:05:41Z
SubmitPartialDecryption,156,ec8b93a14261a4cd8ec63bcd9c1b11125cb4b35b39a7238ef2814f7c2be17c8e,624,5dff040a5f78b56b35a1416ab8f2d2955b18bb16d8837bb22171eaa6b54cf50c,5c758d23b1a1dc23608fb36b52e57ad1321c508b7016d52c86adc0820eeaca02,d592e766dea56bb95895ddf97a5d39c50f1a0a15b3a013c22f782056f1638413,2026-09-30T18:05:41Z
SubmitPartialDecryption,163,b6495a8631c894c1451e2d591a476465523cf27ecfc07108d8f32f0adecd77ca,625,2272c3dea23f4a9945106a9c170d8f511584fe4e210fe14dee975b0d85e564ce,a59ed65402bd2f51a837974ff52b02da360f2112910c20a3011bd80a23668922,5dff040a5f78b56b35a1416ab8f2d2955b18bb16d8837bb22171eaa6b54cf50c,2026-09-30T18:05:43Z
SubmitPartialDecryption,169,707d2916262db0f9f2ef53008f1f075a098d3d69085d86e5ffc2366d8b99254b,625,2272c3dea23f4a9945106a9c170d8f511584fe4e210fe14dee975b0d85e564ce,a59ed65402bd2f51a837974ff52b02da360f2112910c20a3011bd80a23668922,5dff040a5f78b56b35a1416ab8f2d2955b18bb16d8837bb22171eaa6b54cf50c,2026-09-30T18:05:43Z
SubmitPartialDecryption,168,b7e6d63911a2bcfbab6fc7f631a6f6ecfbcdab4e676fc31ea34ad6ede35e2482,625,2272c3dea23f4a9945106a9c170d8f511584fe4e210fe14dee975b0d85e564ce,a59ed65402bd2f51a837974ff52b02da360f2112910c20a3011bd80a23668922,5dff040a5f78b56b35a1416ab8f2d2955b18bb16d8837bb22171eaa6b54cf50c,2026-09-30T18:05:43Z
SubmitPartialDecryption,161,cf67e39653f2844bc42e10ebcb7023e99867e11d1042504e6a60458843d5de40,625,2272c3dea23f4a9945106a9c170d8f511584fe4e210fe14dee975b0d85e564ce,a59ed65402bd2f51a837974ff52b02da360f2112910c20a3011bd80a23668922,5dff040a5f78b56b35a1416ab8f2d2955b18bb16d8837bb22171eaa6b54cf50c,2026-09-30T18:05:43Z
SubmitPartialDecryption,167,7a0108c60b983a3c10c0324f269ce72724ee9af81a6e6717e9dd124b3ad4c3ac,625,2272c3dea23f4a9945106a9c170d8f511584fe4e210fe14dee975b0d85e564ce,a59ed65402bd2f51a837974ff52b02da360f2112910c20a3011bd80a23668922,5dff040a5f78b56b35a1416ab8f2d2955b18bb16d8837bb22171eaa6b54cf50c,2026-09-30T18:05:43Z
SubmitPartialDecryption,171,9c85a42761ae947cf471eef59c844a97370cf08b5528192605503556f717f698,625,2272c3dea23f4a9945106a9c170d8f511584fe4e210fe14dee975b0d85e564ce,a59ed65402bd2f51a837974ff52b02da360f2112910c20a3011bd80a23668922,5dff040a5f78b56b35a1416ab8f2d2955b18bb16d8837bb22171eaa6b54cf50c,2026-09-30T18:05:43Z
SubmitPartialDecryption,166,962d3028bdd4e19d888af14dd04129cf848be099717764ff899fe3aca6a1ff38,625,2272c3dea23f4a9945106a9c170d8f511584fe4e210fe14dee975b0d85e564ce,a59ed65402bd2f51a837974ff52b02da360f2112910c20a3011bd80a23668922,5dff040a5f78b56b35a1416ab8f2d2955b18bb16d8837bb22171eaa6b54cf50c,2026-09-30T18:05:43Z
SubmitPartialDecryption,175,6b3dce87ad25a8524dc7e2194c69185a121cd08f5ff5637b5acb8ee8d3311aef,625,2272c3dea23f4a9945106a9c170d8f511584fe4e210fe14dee975b0d85e564ce,a59ed65402bd2f51a837974ff52b02da360f2112910c20a3011bd80a23668922,5dff040a5f78b56b35a1416ab8f2d2955b18bb16d8837bb22171eaa6b54cf50c,2026-09-30T18:05:43Z
SubmitPartialDecryption,164,822d41291fc247db30df11feb32cf365440a2dcc77673323c1463a7d4ee37bbe,625,2272c3dea23f4a9945106a9c170d8f511584fe4e210fe14dee975b0d85e564ce,a59ed65402bd2f51a837974ff52b02da360f2112910c20a3011bd80a23668922,5dff040a5f78b56b35a1416ab8f2d2955b18bb16d8837bb22171eaa6b54cf50c,2026-09-30T18:05:43Z
SubmitPartialDecryption,173,984d9d31a3a809210217c55c7eabaffa6ed6d40558a0469b35273c0eb8c31f67,625,2272c3dea23f4a9945106a9c170d8f511584fe4e210fe14dee975b0d85e564ce,a59ed65402bd2f51a837974ff52b02da360f2112910c20a3011bd80a23668922,5dff040a5f78b56b35a1416ab8f2d2955b18bb16d8837bb22171eaa6b54cf50c,2026-09-30T18:05:43Z
SubmitPartialDecryption,170,ad4e3f564d96dbf5147b14c92ebf19554110d16ec39dfb08a4780386366efe14,625,2272c3dea23f4a9945106a9c170d8f511584fe4e210fe14dee975b0d85e564ce,a59ed65402bd2f51a837974ff52b02da360f2112910c20a3011bd80a23668922,5dff040a5f78b56b35a1416ab8f2d2955b18bb16d8837bb22171eaa6b54cf50c,2026-09-30T18:05:43Z
SubmitPartialDecryption,160,13473cd00ff99820b6b724199f0c1af26cec98b063055a395ac0ee9e9a7d63fb,625,2272c3dea23f4a9945106a9c170d8f511584fe4e210fe14dee975b0d85e564ce,a59ed65402bd2f51a837974ff52b02da360f2112910c20a3011bd80a23668922,5dff040a5f78b56b35a1416ab8f2d2955b18bb16d8837bb22171eaa6b54cf50c,2026-09-30T18:05:43Z
SubmitPartialDecryption,174,4ec17b67d2524cc90cab2f57fd6971ae49210ef2787edbaf5b2e4bf767f92b5a,625,2272c3dea23f4a9945106a9c170d8f511584fe4e210fe14dee975b0d85e564ce,a59ed65402bd2f51a837974ff52b02da360f2112910c20a3011bd80a23668922,5dff040a5f78b56b35a1416ab8f2d2955b18bb16d8837bb22171eaa6b54cf50c,2026-09-30T18:05:43Z
SubmitPartialDecryption,162,f0fe6d7fa9279ca1677d24f50b0d33bd3e65ea5abf29ceb188d4565f6684e1de,625,2272c3dea23f4a9945106a9c170d8f511584fe4e210fe14dee975b0d85e564ce,a59ed65402bd2f51a837974ff52b02da360f2112910c20a3011bd80a23668922,5dff040a5f78b56b35a1416ab8f2d2955b18bb16d8837bb22171eaa6b54cf50c,2026-09-30T18:05:43Z
SubmitPartialDecryption,172,c2b1ee1c365b878b7e6cb333fc62237ae3ea0bf4abc5cb98f5b001380f0101c3,625,2272c3dea23f4a9945106a9c170d8f511584fe4e210fe14dee975b0d85e564ce,a59ed65402bd2f51a837974ff52b02da360f2112910c20a3011bd80a23668922,5dff040a5f78b56b35a1416ab8f2d2955b18bb16d8837bb22171eaa6b54cf50c,2026-09-30T18:05:43Z
SubmitPartialDecryption,165,e7c5692dbb223f1ce6a1a6446ec2685d53108142f5fd097ce485c0f4c11592f9,625,2272c3dea23f4a9945106a9c170d8f511584fe4e210fe14dee975b0d85e564ce,a59ed65402bd2f51a837974ff52b02da360f2112910c20a3011bd80a23668922,5dff040a5f78b56b35a1416ab8f2d2955b18bb16d8837bb22171eaa6b54cf50c,2026-09-30T18:05:43Z
SubmitPartialDecryption,178,5532b121957522acc738111f6c09e9e5dadfef58df86f1419e4ee930699a8ed1,626,e1ead2c036382fca85f591a7ea8fa4eb0dac08b030cd9476cc91d229087c49a7,3e67ce01339030270c6e1edf4bda86a790e2f8691d1e8e89f4ef0754d442f361,2272c3dea23f4a9945106a9c170d8f511584fe4e210fe14dee975b0d85e564ce,2026-09-30T18:05:45Z
SubmitPartialDecryption,176,58452f8290511cabec78d128993926378b7cfcbe3ebadad9809070a882f61398,626,e1ead2c036382fca85f591a7ea8fa4eb0dac08b030cd9476cc91d229087c49a7,3e67ce01339030270c6e1edf4bda86a790e2f8691d1e8e89f4ef0754d442f361,2272c3dea23f4a9945106a9c170d8f511584fe4e210fe14dee975b0d85e564ce,2026-09-30T18:05:45Z
SubmitPartialDecryption,177,9a54973b810543122d7ac416eb3edb9058303689192423f23806aa9f0a12d570,626,e1ead2c036382fca85f591a7ea8fa4eb0dac08b030cd9476cc91d229087c49a7,3e67ce01339030270c6e1edf4bda86a790e2f8691d1e8e89f4ef0754d442f361,2272c3dea23f4a9945106a9c170d8f511584fe4e210fe14dee975b0d85e564ce,2026-09-30T18:05:45Z
SubmitPartialDecryption,185,abc79023404fdc29e7a8737d2c0bb9c19e85c908c6bd7b9adc4d1c38eb673efe,626,e1ead2c036382fca85f591a7ea8fa4eb0dac08b030cd9476cc91d229087c49a7,3e67ce01339030270c6e1edf4bda86a790e2f8691d1e8e89f4ef0754d442f361,2272c3dea23f4a9945106a9c170d8f511584fe4e210fe14dee975b0d85e564ce,2026-09-30T18:05:45Z
SubmitPartialDecryption,186,978357eef58f5d7ce987468b9ea6ec43805a5a7f7ee8ed4264481dfec484729e,626,e1ead2c036382fca85f591a7ea8fa4eb0dac08b030cd9476cc91d229087c49a7,3e67ce01339030270c6e1edf4bda86a790e2f8691d1e8e89f4ef0754d442f361,2272c3dea23f4a9945106a9c170d8f511584fe4e210fe14dee975b0d85e564ce,2026-09-30T18:05:45Z
SubmitPartialDecryption,181,3a90a827e040326e2987520c26a16b9b7f2a59d1c8e0999b3a9802605b2a071c,626,e1ead2c036382fca85f591a7ea8fa4eb0dac08b030cd9476cc91d229087c49a7,3e67ce01339030270c6e1edf4bda86a790e2f8691d1e8e89f4ef0754d442f361,2272c3dea23f4a9945106a9c170d8f511584fe4e210fe14dee975b0d85e564ce,2026-09-30T18:05:45Z
SubmitPartialDecryption,180,bc062e795171600c123c431c79077d6cdb9fec14136b070d8521372ad857295a,626,e1ead2c036382fca85f591a7ea8fa4eb0dac08b030cd9476cc91d229087c49a7,3e67ce01339030270c6e1edf4bda86a790e2f8691d1e8e89f4ef0754d442f361,2272c3dea23f4a9945106a9c170d8f511584fe4e210fe14dee975b0d85e564ce,2026-09-30T18:05:45Z
SubmitPartialDecryption,188,259e088946069656792fb638faa3108dfbb15751a3bdc14af3a9007ca82fd711,626,e1ead2c036382fca85f591a7ea8fa4eb0dac08b030cd9476cc91d229087c49a7,3e67ce01339030270c6e1edf4bda86a790e2f8691d1e8e89f4ef0754d442f361,2272c3dea23f4a9945106a9c170d8f511584fe4e210fe14dee975b0d85e564ce,2026-09-30T18:05:45Z
SubmitPartialDecryption,184,0b8bc9dfb44b2ad2c3eb835b391025ac398ba1a3e67f74e654d060743f6200dd,626,e1ead2c036382fca85f591a7ea8fa4eb0dac08b030cd9476cc91d229087c49a7,3e67ce01339030270c6e1edf4bda86a790e2f8691d1e8e89f4ef0754d442f361,2272c3dea23f4a9945106a9c170d8f511584fe4e210fe14dee975b0d85e564ce,2026-09-30T18:05:45Z
SubmitPartialDecryption,187,6a4177a7276d1768140dc484652ef3418f2d3072396667694ff1beac056d186e,626,e1ead2c036382fca85f591a7ea8fa4eb0dac08b030cd9476cc91d229087c49a7,3e67ce01339030270c6e1edf4bda86a790e2f8691d1e8e89f4ef0754d442f361,2272c3dea23f4a9945106a9c170d8f511584fe4e210fe14dee975b0d85e564ce,2026-09-30T18:05:45Z
SubmitPartialDecryption,190,6f312755790d5d6937bb3b5af2ad7a43e5049acec1503c17eff0a7cfe2415739,626,e1ead2c036382fca85f591a7ea8fa4eb0dac08b030cd9476cc91d229087c49a7,3e67ce01339030270c6e1edf4bda86a790e2f8691d1e8e89f4ef0754d442f361,2272c3dea23f4a9945106a9c170d8f511584fe4e210fe14dee975b0d85e564ce,2026-09-30T18:05:45Z
SubmitPartialDecryption,179,f091e94622aa0d6d43c91059d9953093119aa3aa12179c6a31b27af9704b3f50,626,e1ead2c036382fca85f591a7ea8fa4eb0dac08b030cd9476cc91d229087c49a7,3e67ce01339030270c6e1edf4bda86a790e2f8691d1e8e89f4ef0754d442f361,2272c3dea23f4a9945106a9c170d8f511584fe4e210fe14dee975b0d85e564ce,2026-09-30T18:05:45Z
SubmitPartialDecryption,191,b24657408af91cadedeeec7b15624306b5f7ff22e410fc880f262935d88cf4c0,626,e1ead2c036382fca85f591a7ea8fa4eb0dac08b030cd9476cc91d229087c49a7,3e67ce01339030270c6e1edf4bda86a790e2f8691d1e8e89f4ef0754d442f361,2272c3dea23f4a9945106a9c170d8f511584fe4e210fe14dee975b0d85e564ce,2026-09-30T18:05:45Z
SubmitPartialDecryption,182,05fbfe002c39b9e1ca1713a0e72fd23a15cad1c10d795db70dda2bda6e1b9754,626,e1ead2c036382fca85f591a7ea8fa4eb0dac08b030cd9476cc91d229087c49a7,3e67ce01339030270c6e1edf4bda86a790e2f8691d1e8e89f4ef0754d442f361,2272c3dea23f4a9945106a9c170d8f511584fe4e210fe14dee975b0d85e564ce,2026-09-30T18:05:45Z
SubmitPartialDecryption,183,01e4d4e55772a6ec016342d42e43069e10245129e500b8c6df258213f008cad4,626,e1ead2c036382fca85f591a7ea8fa4eb0dac08b030cd9476cc91d229087c49a7,3e67ce01339030270c6e1edf4bda86a790e2f8691d1e8e89f4ef0754d442f361,2272c3dea23f4a9945106a9c170d8f511584fe4e210fe14dee975b0d85e564ce,2026-09-30T18:05:45Z
SubmitPartialDecryption,189,53162b8da0d05bb23585f04d1b56857c0521d711563d2bd363810e5bbd1ba7ae,626,e1ead2c036382fca85f591a7ea8fa4eb0dac08b030cd9476cc91d229087c49a7,3e67ce01339030270c6e1edf4bda86a790e2f8691d1e8e89f4ef0754d442f361,2272c3dea23f4a9945106a9c170d8f511584fe4e210fe14dee975b0d85e564ce,2026-09-30T18:05:45Z
SubmitPartialDecryption,204,7d8e987fd1163d60250557a69be4b8b101994c9e4b6b66ba613fc683e11b72f7,627,e9f17fe5a4c3022fe4bc35b91e393cdae8c039487cea88205a50c235d6a7beb8,3e4a178ac15a4cce226100939faddd558ddd61b0855eefeaf57af0fca3bdaf3c,e1ead2c036382fca85f591a7ea8fa4eb0dac08b030cd9476cc91d229087c49a7,2026-09-30T18:05:47Z
SubmitPartialDecryption,200,3ccb8c139f5387e73ae39665038a6a8a050a9bde436d3a87226c9ce732b112dd,627,e9f17fe5a4c3022fe4bc35b91e393cdae8c039487cea88205a50c235d6a7beb8,3e4a178ac15a4cce226100939faddd558ddd61b0855eefeaf57af0fca3bdaf3c,e1ead2c036382fca85f591a7ea8fa4eb0dac08b030cd9476cc91d229087c49a7,2026-09-30T18:05:47Z
SubmitPartialDecryption,192,cfb5d14d3a59ab925250578de68512980a9657ec2596b22f18de5d277e7929e2,627,e9f17fe5a4c3022fe4bc35b91e393cdae8c039487cea88205a50c235d6a7beb8,3e4a178ac15a4cce226100939faddd558ddd61b0855eefeaf57af0fca3bdaf3c,e1ead2c036382fca85f591a7ea8fa4eb0dac08b030cd9476cc91d229087c49a7,2026-09-30T18:05:47Z
SubmitPartialDecryption,201,23e87e0ec57c6a576968fec37715ea95741b6c7cf80e2248ca3f6aef8bfd6d9e,627,e9f17fe5a4c3022fe4bc35b91e393cdae8c039487cea88205a50c235d6a7beb8,3e4a178ac15a4cce226100939faddd558ddd61b0855eefeaf57af0fca3bdaf3c,e1ead2c036382fca85f591a7ea8fa4eb0dac08b030cd9476cc91d229087c49a7,2026-09-30T18:05:47Z
SubmitPartialDecryption,202,de2d94aee14ef5529d6d64446000bfb8b60c80f5f74bd321fdead17421394557,627,e9f17fe5a4c3022fe4bc35b91e393cdae8c039487cea88205a50c235d6a7beb8,3e4a178ac15a4cce226100939faddd558ddd61b0855eefeaf57af0fca3bdaf3c,e1ead2c036382fca85f591a7ea8fa4eb0dac08b030cd9476cc91d229087c49a7,2026-09-30T18:05:47Z
SubmitPartialDecryption,193,e7411ac26f2493bf198de522fb15a46430b25d4c8ff6ff939514b8064740ab7b,627,e9f17fe5a4c3022fe4bc35b91e393cdae8c039487cea88205a50c235d6a7beb8,3e4a178ac15a4cce226100939faddd558ddd61b0855eefeaf57af0fca3bdaf3c,e1ead2c036382fca85f591a7ea8fa4eb0dac08b030cd9476cc91d229087c49a7,2026-09-30T18:05:47Z
SubmitPartialDecryption,207,698e6ca3d8a09401417e1d91654bbdcb90c230a170cc16b046cc37984677a768,627,e9f17fe5a4c3022fe4bc35b91e393cdae8c039487cea88205a50c235d6a7beb8,3e4a178ac15a4cce226100939faddd558ddd61b0855eefeaf57af0fca3bdaf3c,e1ead2c036382fca85f591a7ea8fa4eb0dac08b030cd9476cc91d229087c49a7,2026-09-30T18:05:47Z
SubmitPartialDecryption,205,4829d1fef9217bf27a852f55b156094a6115c12a9c145a90ad0e092801cff4c4,627,e9f17fe5a4c3022fe4bc35b91e393cdae8c039487cea88205a50c235d6a7beb8,3e4a178ac15a4cce226100939faddd558ddd61b0855eefeaf57af0fca3bdaf3c,e1ead2c036382fca85f591a7ea8fa4eb0dac08b030cd9476cc91d229087c49a7,2026-09-30T18:05:47Z
SubmitPartialDecryption,195,e4c5ac6c787b82be0821d284265feab0c5ea97e45af8f12e06eea8e592eae96c,627,e9f17fe5a4c3022fe4bc35b91e393cdae8c039487cea88205a50c235d6a7beb8,3e4a178ac15a4cce226100939faddd558ddd61b0855eefeaf57af0fca3bdaf3c,e1ead2c036382fca85f591a7ea8fa4eb0dac08b030cd9476cc91d229087c49a7,2026-09-30T18:05:47Z
SubmitPartialDecryption,199,2567b294a91bc6cce0abbdb94e04a170629ebd3840ea00b73a6ced336e80c3fe,627,e9f17fe5a4c3022fe4bc35b91e393cdae8c039487cea88205a50c235d6a7beb8,3e4a178ac15a4cce226100939faddd558ddd61b0855eefeaf57af0fca3bdaf3c,e1ead2c036382fca85f591a7ea8fa4eb0dac08b030cd9476cc91d229087c49a7,2026-09-30T18:05:47Z
SubmitPartialDecryption,194,2a554b5402d35224855969feb51178982821aa5b15dede34c5cf53398ca41c5f,627,e9f17fe5a4c3022fe4bc35b91e393cdae8c039487cea88205a50c235d6a7beb8,3e4a178ac15a4cce226100939faddd558ddd61b0855eefeaf57af0fca3bdaf3c,e1ead2c036382fca85f591a7ea8fa4eb0dac08b030cd9476cc91d229087c49a7,2026-09-30T18:05:47Z
SubmitPartialDecryption,196,639873ba4e2e5b7f4f351cb8e3889845472ec33b60e51903cba5550a382c9bf0,627,e9f17fe5a4c3022fe4bc35b91e393cdae8c039487cea88205a50c235d6a7beb8,3e4a178ac15a4cce226100939faddd558ddd61b0855eefeaf57af0fca3bdaf3c,e1ead2c036382fca85f591a7ea8fa4eb0dac08b030cd9476cc91d229087c49a7,2026-09-30T18:05:47Z
SubmitPartialDecryption,203,3876a955f6e2938173d421dc4bef4d40d7e2fba832c3f894705647a7245cae13,627,e9f17fe5a4c3022fe4bc35b91e393cdae8c039487cea88205a50c235d6a7beb8,3e4a178ac15a4cce226100939faddd558ddd61b0855eefeaf57af0fca3bdaf3c,e1ead2c036382fca85f591a7ea8fa4eb0dac08b030cd9476cc91d229087c49a7,2026-09-30T18:05:47Z
SubmitPartialDecryption,198,8de708493b335c969e67ede35f1178eb2e60693ca2b0351e1175fa7922ac5bd3,627,e9f17fe5a4c3022fe4bc35b91e393cdae8c039487cea88205a50c235d6a7beb8,3e4a178ac15a4cce226100939faddd558ddd61b0855eefeaf57af0fca3bdaf3c,e1ead2c036382fca85f591a7ea8fa4eb0dac08b030cd9476cc91d229087c49a7,2026-09-30T18:05:47Z
SubmitPartialDecryption,206,a0c7bfe55f5cc835a8f2c1f5d8d94c3b6bf15f70c513082e59becd542d7e7555,627,e9f17fe5a4c3022fe4bc35b91e393cdae8c039487cea88205a50c235d6a7beb8,3e4a178ac15a4cce226100939faddd558ddd61b0855eefeaf57af0fca3bdaf3c,e1ead2c036382fca85f591a7ea8fa4eb0dac08b030cd9476cc91d229087c49a7,2026-09-30T18:05:47Z
SubmitPartialDecryption,197,9701f21cbf188d8ef02c7408c8cfd00ee57db4e535cd2f80868308c14a4907d4,627,e9f17fe5a4c3022fe4bc35b91e393cdae8c039487cea88205a50c235d6a7beb8,3e4a178ac15a4cce226100939faddd558ddd61b0855eefeaf57af0fca3bdaf3c,e1ead2c036382fca85f591a7ea8fa4eb0dac08b030cd9476cc91d229087c49a7,2026-09-30T18:05:47Z
SubmitPartialDecryption,208,880a9b5d9320f964c7c20ed1330a0bb563469e0debfe5f09abb2ec754079a96e,628,c444f130793d3abbd24709b31ad05c55f4040e5c3281150f9b6bb25692f5935c,e34e92f0fc7cc2143ae887644824952a8ab151ee2a89dc1beda69fedd9ca3e4b,e9f17fe5a4c3022fe4bc35b91e393cdae8c039487cea88205a50c235d6a7beb8,2026-09-30T18:05:49Z
SubmitPartialDecryption,223,4bda3ee325c2ec565bab99d9a0665c4d214da38940328e2f01e598d8b6ff1ce1,628,c444f130793d3abbd24709b31ad05c55f4040e5c3281150f9b6bb25692f5935c,e34e92f0fc7cc2143ae887644824952a8ab151ee2a89dc1beda69fedd9ca3e4b,e9f17fe5a4c3022fe4bc35b91e393cdae8c039487cea88205a50c235d6a7beb8,2026-09-30T18:05:49Z
SubmitPartialDecryption,213,f27c07d571f466bceccc45c4549cd4115fe726e76e219449a5d157db5fa40a56,628,c444f130793d3abbd24709b31ad05c55f4040e5c3281150f9b6bb25692f5935c,e34e92f0fc7cc2143ae887644824952a8ab151ee2a89dc1beda69fedd9ca3e4b,e9f17fe5a4c3022fe4bc35b91e393cdae8c039487cea88205a50c235d6a7beb8,2026-09-30T18:05:49Z
SubmitPartialDecryption,211,23d8f964587b8c1dbe748015dd74a13dd841da00a810412f98f8f4d0e862188c,628,c444f130793d3abbd24709b31ad05c55f4040e5c3281150f9b6bb25692f5935c,e34e92f0fc7cc2143ae887644824952a8ab151ee2a89dc1beda69fedd9ca3e4b,e9f17fe5a4c3022fe4bc35b91e393cdae8c039487cea88205a50c235d6a7beb8,2026-09-30T18:05:49Z
SubmitPartialDecryption,210,87ef54d96b658c98702fc95ee2d552cccca29e2a3cc14eeb0f04fb502aa0ba20,628,c444f130793d3abbd24709b31ad05c55f4040e5c3281150f9b6bb25692f5935c,e34e92f0fc7cc2143ae887644824952a8ab151ee2a89dc1beda69fedd9ca3e4b,e9f17fe5a4c3022fe4bc35b91e393cdae8c039487cea88205a50c235d6a7beb8,2026-09-30T18:05:49Z
SubmitPartialDecryption,214,f252f63e4f69748babf3459704c20a8bdec50f75fc13623a1c8d4ed02a707a1e,628,c444f130793d3abbd24709b31ad05c55f4040e5c3281150f9b6bb25692f5935c,e34e92f0fc7cc2143ae887644824952a8ab151ee2a89dc1beda69fedd9ca3e4b,e9f17fe5a4c3022fe4bc35b91e393cdae8c039487cea88205a50c235d6a7beb8,2026-09-30T18:05:49Z
SubmitPartialDecryption,212,c62628071cd208b28fc59210f0358edd158fc354324708d1eff5183d35a39a33,628,c444f130793d3abbd24709b31ad05c55f4040e5c3281150f9b6bb25692f5935c,e34e92f0fc7cc2143ae887644824952a8ab151ee2a89dc1beda69fedd9ca3e4b,e9f17fe5a4c3022fe4bc35b91e393cdae8c039487cea88205a50c235d6a7beb8,2026-09-30T18:05:49Z
SubmitPartialDecryption,219,7da715f3501486eb7fcc4e360d8ef879429bebf5672d3a93a6b68d98d82964c1,628,c444f130793d3abbd24709b31ad05c55f4040e5c3281150f9b6bb25692f5935c,e34e92f0fc7cc2143ae887644824952a8ab151ee2a89dc1beda69fedd9ca3e4b,e9f17fe5a4c3022fe4bc35b91e393cdae8c039487cea88205a50c235d6a7beb8,2026-09-30T18:05:49Z
SubmitPartialDecryption,218,b4d14d57f8e1b4369bb613d37773470ce7a842fd80d9e964df442af648f5f11b,628,c444f130793d3abbd24709b31ad05c55f4040e5c3281150f9b6bb25692f5935c,e34e92f0fc7cc2143ae887644824952a8ab151ee2a89dc1beda69fedd9ca3e4b,e9f17fe5a4c3022fe4bc35b91e393cdae8c039487cea88205a50c235d6a7beb8,2026-09-30T18:05:49Z
SubmitPartialDecryption,222,e210db05bafdf7364d1c916ff731be23a05244c6270000b0c1f2ef0212f38846,628,c444f130793d3abbd24709b31ad05c55f4040e5c3281150f9b6bb25692f5935c,e34e92f0fc7cc2143ae887644824952a8ab151ee2a89dc1beda69fedd9ca3e4b,e9f17fe5a4c3022fe4bc35b91e393cdae8c039487cea88205a50c235d6a7beb8,2026-09-30T18:05:49Z
SubmitPartialDecryption,217,e9e01630c757e6a67ae99f5984753eec7cccd964b29e92e5514086c6f77d35a0,628,c444f130793d3abbd24709b31ad05c55f4040e5c3281150f9b6bb25692f5935c,e34e92f0fc7cc2143ae887644824952a8ab151ee2a89dc1beda69fedd9ca3e4b,e9f17fe5a4c3022fe4bc35b91e393cdae8c039487cea88205a50c235d6a7beb8,2026-09-30T18:05:49Z
SubmitPartialDecryption,216,7f561516a3177b5589bfbc68aa8ea477b00ab56613d8c84860dae21b0891a4bc,628,c444f130793d3abbd24709b31ad05c55f4040e5c3281150f9b6bb25692f5935c,e34e92f0fc7cc2143ae887644824952a8ab151ee2a89dc1beda69fedd9ca3e4b,e9f17fe5a4c3022fe4bc35b91e393cdae8c039487cea88205a50c235d6a7beb8,2026-09-30T18:05:49Z
SubmitPartialDecryption,221,9479ede46d6b61bbe29f45eb50a0cb5a3cd4c9f70222c11b5bc1535a0e3b3dd2,628,c444f130793d3abbd24709b31ad05c55f4040e5c3281150f9b6bb25692f5935c,e34e92f0fc7cc2143ae887644824952a8ab151ee2a89dc1beda69fedd9ca3e4b,e9f17fe5a4c3022fe4bc35b91e393cdae8c039487cea88205a50c235d6a7beb8,2026-09-30T18:05:49Z
SubmitPartialDecryption,220,6331ac9b048bb90af49fac36eee346a4e4869e3b436f54c4f6ac761d7c59810d,628,c444f130793d3abbd24709b31ad05c55f4040e5c3281150f9b6bb25692f5935c,e34e92f0fc7cc2143ae887644824952a8ab151ee2a89dc1beda69fedd9ca3e4b,e9f17fe5a4c3022fe4bc35b91e393cdae8c039487cea88205a50c235d6a7beb8,2026-09-30T18:05:49Z
SubmitPartialDecryption,209,c8638811c6ac527a8155ffa90e2e686841dafc11a9cb6659cd87f6813a706f98,628,c444f130793d3abbd24709b31ad05c55f4040e5c3281150f9b6bb25692f5935c,e34e92f0fc7cc2143ae887644824952a8ab151ee2a89dc1beda69fedd9ca3e4b,e9f17fe5a4c3022fe4bc35b91e393cdae8c039487cea88205a50c235d6a7beb8,2026-09-30T18:05:49Z
SubmitPartialDecryption,215,db575e5bbacccbb020e8daddab878348237c6c1f5a3b3764bac7a56d0af98397,628,c444f130793d3abbd24709b31ad05c55f4040e5c3281150f9b6bb25692f5935c,e34e92f0fc7cc2143ae887644824952a8ab151ee2a89dc1beda69fedd9ca3e4b,e9f17fe5a4c3022fe4bc35b91e393cdae8c039487cea88205a50c235d6a7beb8,2026-09-30T18:05:49Z
SubmitPartialDecryption,237,30ff598ac3192e615376fb5e7f36e3624534a9224f6ce03d7e1c995f8c749f0e,629,209cdb3e31810cf22697eec906a91f01d4abbf70bcdb2c00192969f96fe1c6e3,017ccdf14dd179ce2d9cc8429b57dae9b576e480d23927369d5e6b82cc80d84b,c444f130793d3abbd24709b31ad05c55f4040e5c3281150f9b6bb25692f5935c,2026-09-30T18:05:51Z
SubmitPartialDecryption,230,4e273ee99137fc4282e7e8a443815bad4ec7d6b6defac7140bf04533c604e8ae,629,209cdb3e31810cf22697eec906a91f01d4abbf70bcdb2c00192969f96fe1c6e3,017ccdf14dd179ce2d9cc8429b57dae9b576e480d23927369d5e6b82cc80d84b,c444f130793d3abbd24709b31ad05c55f4040e5c3281150f9b6bb25692f5935c,2026-09-30T18:05:51Z
SubmitPartialDecryption,239,ae382fe75afa3d99f150dc28f83ec2d190278e7912e13ab3debefdfeff5529f0,629,209cdb3e31810cf22697eec906a91f01d4abbf70bcdb2c00192969f96fe1c6e3,017ccdf14dd179ce2d9cc8429b57dae9b576e480d23927369d5e6b82cc80d84b,c444f130793d3abbd24709b31ad05c55f4040e5c3281150f9b6bb25692f5935c,2026-09-30T18:05:51Z
SubmitPartialDecryption,233,0e4aca7bdd7bfd841da7a5ed267195344e261ed41f35199394bcc51cbda6177a,629,209cdb3e31810cf22697eec906a91f01d4abbf70bcdb2c00192969f96fe1c6e3,017ccdf14dd179ce2d9cc8429b57dae9b576e480d23927369d5e6b82cc80d84b,c444f130793d3abbd24709b31ad05c55f4040e5c3281150f9b6bb25692f5935c,2026-09-30T18:05:51Z
SubmitPartialDecryption,229,ef49ab160b03a5b1d84e5d08177d60ad9eb7b4dd9427c4aaeeae564f058bce8b,629,209cdb3e31810cf22697eec906a91f01d4abbf70bcdb2c00192969f96fe1c6e3,017ccdf14dd179ce2d9cc8429b57dae9b576e480d23927369d5e6b82cc80d84b,c444f130793d3abbd24709b31ad05c55f4040e5c3281150f9b6bb25692f5935c,2026-09-30T18:05:51Z
SubmitPartialDecryption,236,05a0ef7faff52f44a0e46e2d5a2e6f4bbe05b4fb38d9f5e392653b19b84a2e70,629,209cdb3e31810cf22697eec906a91f01d4abbf70bcdb2c00192969f96fe1c6e3,017ccdf14dd179ce2d9cc8429b57dae9b576e480d23927369d5e6b82cc80d84b,c444f130793d3abbd24709b31ad05c55f4040e5c3281150f9b6bb25692f5935c,2026-09-30T18:05:51Z
SubmitPartialDecryption,224,070159a15a2ea6a7bcce326702ffd60eaf4a303ce55fae92123a36aa710c0074,629,209cdb3e31810cf22697eec906a91f01d4abbf70bcdb2c00192969f96fe1c6e3,017ccdf14dd179ce2d9cc8429b57dae9b576e480d23927369d5e6b82cc80d84b,c444f130793d3abbd24709b31ad05c55f4040e5c3281150f9b6bb25692f5935c,2026-09-30T18:05:51Z
SubmitPartialDecryption,231,82d545d02d38a331c7256c7e717366ccec2d7b1a39180c1a897e3944053c45b8,629,209cdb3e31810cf22697eec906a91f01d4abbf70bcdb2c00192969f96fe1c6e3,017ccdf14dd179ce2d9cc8429b57dae9b576e480d23927369d5e6b82cc80d84b,c444f130793d3abbd24709b31ad05c55f4040e5c3281150f9b6bb25692f5935c,2026-09-30T18:05:51Z
SubmitPartialDecryption,228,f3733d89ace41a4af3059cb55c1a14a6bfc55d43b40d85130b68137b9780c1b1,629,209cdb3e31810cf22697eec906a91f01d4abbf70bcdb2c00192969f96fe1c6e3,017ccdf14dd179ce2d9cc8429b57dae9b576e480d23927369d5e6b82cc80d84b,c444f130793d3abbd24709b31ad05c55f4040e5c3281150f9b6bb25692f5935c,2026-09-30T18:05:51Z
SubmitPartialDecryption,225,2ae54499f28102341319e7ed72d6308fdddcc9ca238b7181c8b6825d0568385b,629,209cdb3e31810cf22697eec906a91f01d4abbf70bcdb2c00192969f96fe1c6e3,017ccdf14dd179ce2d9cc8429b57dae9b576e480d23927369d5e6b82cc80d84b,c444f130793d3abbd24709b31ad05c55f4040e5c3281150f9b6bb25692f5935c,2026-09-30T18:05:51Z
SubmitPartialDecryption,226,38b10bf2e7451421421870c50ae0918652b12cf221fa4eae2964eb0e91b87de1,629,209cdb3e31810cf22697eec906a91f01d4abbf70bcdb2c00192969f96fe1c6e3,017ccdf14dd179ce2d9cc8429b57dae9b576e480d23927369d5e6b82cc80d84b,c444f130793d3abbd24709b31ad05c55f4040e5c3281150f9b6bb25692f5935c,2026-09-30T18:05:51Z
SubmitPartialDecryption,235,27f664bcb8eb8925e9582b1ff096561129358d1e8335405fcf6da7cb8c7f9278,629,209cdb3e31810cf22697eec906a91f01d4abbf70bcdb2c00192969f96fe1c6e3,017ccdf14dd179ce2d9cc8429b57dae9b576e480d23927369d5e6b82cc80d84b,c444f130793d3abbd24709b31ad05c55f4040e5c3281150f9b6bb25692f5935c,2026-09-30T18:05:51Z
SubmitPartialDecryption,232,5a13f53bb7e11850d6ac1dcdbc44f6cb8d13d697069a70a6fce61329c2feed74,629,209cdb3e31810cf22697eec906a91f01d4abbf70bcdb2c00192969f96fe1c6e3,017ccdf14dd179ce2d9cc8429b57dae9b576e480d23927369d5e6b82cc80d84b,c444f130793d3abbd24709b31ad05c55f4040e5c3281150f9b6bb25692f5935c,2026-09-30T18:05:51Z
SubmitPartialDecryption,234,da329ea0308df06ab5b988ac74efc022ada396078235f13ad67af560af4a96ba,629,209cdb3e31810cf22697eec906a91f01d4abbf70bcdb2c00192969f96fe1c6e3,017ccdf14dd179ce2d9cc8429b57dae9b576e480d23927369d5e6b82cc80d84b,c444f130793d3abbd24709b31ad05c55f4040e5c3281150f9b6bb25692f5935c,2026-09-30T18:05:51Z
SubmitPartialDecryption,227,0ee66966421fd22c07e21ea6f2c683476f2143ad112301fab5d4b5adac3aa940,629,209cdb3e31810cf22697eec906a91f01d4abbf70bcdb2c00192969f96fe1c6e3,017ccdf14dd179ce2d9cc8429b57dae9b576e480d23927369d5e6b82cc80d84b,c444f130793d3abbd24709b31ad05c55f4040e5c3281150f9b6bb25692f5935c,2026-09-30T18:05:51Z
SubmitPartialDecryption,238,eb60a6009ca0c680611a89e200c4b21d42fff013a85a2f9b3b3d4b8fe1d9e8f2,629,209cdb3e31810cf22697eec906a91f01d4abbf70bcdb2c00192969f96fe1c6e3,017ccdf14dd179ce2d9cc8429b57dae9b576e480d23927369d5e6b82cc80d84b,c444f130793d3abbd24709b31ad05c55f4040e5c3281150f9b6bb25692f5935c,2026-09-30T18:05:51Z
SubmitPartialDecryption,253,1a8b01e2af2a7f99090cb78a9149cf87ad445b64c2a606ad2d244b51f111b1f1,630,2f44abf974cd509423ede3102c29c01007f49c8277b94479439fa0b0e8754871,98fbffde0e548483db6b7f64390da017bd22ad2be68265aba99dd690a51cdf35,209cdb3e31810cf22697eec906a91f01d4abbf70bcdb2c00192969f96fe1c6e3,2026-09-30T18:05:53Z
SubmitPartialDecryption,254,743b36bf459354b9b5ba5a3878c2074a77177a7a65bdd6cfef9b47924f208902,630,2f44abf974cd509423ede3102c29c01007f49c8277b94479439fa0b0e8754871,98fbffde0e548483db6b7f64390da017bd22ad2be68265aba99dd690a51cdf35,209cdb3e31810cf22697eec906a91f01d4abbf70bcdb2c00192969f96fe1c6e3,2026-09-30T18:05:53Z
SubmitPartialDecryption,247,317d2cdc6dff86cb6eeb0a28c43e8a0b4954b1685555ed99256cc2d2f9b8b40f,630,2f44abf974cd509423ede3102c29c01007f49c8277b94479439fa0b0e8754871,98fbffde0e548483db6b7f64390da017bd22ad2be68265aba99dd690a51cdf35,209cdb3e31810cf22697eec906a91f01d4abbf70bcdb2c00192969f96fe1c6e3,2026-09-30T18:05:53Z
SubmitPartialDecryption,249,77c63ae80dba9a1bef0e14c9643f406d8cc12a4fbf8f2823d38478ed3ababd11,630,2f44abf974cd509423ede3102c29c01007f49c8277b94479439fa0b0e8754871,98fbffde0e548483db6b7f64390da017bd22ad2be68265aba99dd690a51cdf35,209cdb3e31810cf22697eec906a91f01d4abbf70bcdb2c00192969f96fe1c6e3,2026-09-30T18:05:53Z
SubmitPartialDecryption,241,b779e02b2604dd80d8a70917ab844c3e0996e8096148c603c13b36dbda0e255e,630,2f44abf974cd509423ede3102c29c01007f49c8277b94479439fa0b0e8754871,98fbffde0e548483db6b7f64390da017bd22ad2be68265aba99dd690a51cdf35,209cdb3e31810cf22697eec906a91f01d4abbf70bcdb2c00192969f96fe1c6e3,2026-09-30T18:05:53Z
SubmitPartialDecryption,243,cdfdb958b414a65ee638ceea889bf5e6f7d8e2530dd6549ed1999e03c822a05c,630,2f44abf974cd509423ede3102c29c01007f49c8277b94479439fa0b0e8754871,98fbffde0e548483db6b7f64390da017bd22ad2be68265aba99dd690a51cdf35,209cdb3e31810cf22697eec906a91f01d4abbf70bcdb2c00192969f96fe1c6e3,2026-09-30T18:05:53Z
SubmitPartialDecryption,246,7715a7004332143c5cc7386f9285c79212428375bcd0e470217ac7a3628a0941,630,2f44abf974cd509423ede3102c29c01007f49c8277b94479439fa0b0e8754871,98fbffde0e548483db6b7f64390da017bd22ad2be68265aba99dd690a51cdf35,209cdb3e31810cf22697eec906a91f01d4abbf70bcdb2c00192969f96fe1c6e3,2026-09-30T18:05:53Z
SubmitPartialDecryption,245,2c81b6222dfb049c6d17f9f9da3dfb1716ee74d5435ba059351ba8d9d572f01d,630,2f44abf974cd509423ede3102c29c01007f49c8277b94479439fa0b0e8754871,98fbffde0e548483db6b7f64390da017bd22ad2be68265aba99dd690a51cdf35,209cdb3e31810cf22697eec906a91f01d4abbf70bcdb2c00192969f96fe1c6e3,2026-09-30T18:05:53Z
SubmitPartialDecryption,248,19693f09326c52056bca73227a1761d59fcc5fcac0410aa2cefce658286ee713,630,2f44abf974cd509423ede3102c29c01007f49c8277b94479439fa0b0e8754871,98fbffde0e548483db6b7f64390da017bd22ad2be68265aba99dd690a51cdf35,209cdb3e31810cf22697eec906a91f01d4abbf70bcdb2c00192969f96fe1c6e3,2026-09-30T18:05:53Z
SubmitPartialDecryption,244,fefcd4c6d337ea9dd99722e92570e9d51822bd87b24d95235a791f240aa6f083,630,2f44abf974cd509423ede3102c29c01007f49c8277b94479439fa0b0e8754871,98fbffde0e548483db6b7f64390da017bd22ad2be68265aba99dd690a51cdf35,209cdb3e31810cf22697eec906a91f01d4abbf70bcdb2c00192969f96fe1c6e3,2026-09-30T18:05:53Z
SubmitPartialDecryption,240,da7190e3fe1d709d849dbb95cf47d0ca24e837ede89884221eaf4b532d69a604,630,2f44abf974cd509423ede3102c29c01007f49c8277b94479439fa0b0e8754871,98fbffde0e548483db6b7f64390da017bd22ad2be68265aba99dd690a51cdf35,209cdb3e31810cf22697eec906a91f01d4abbf70bcdb2c00192969f96fe1c6e3,2026-09-30T18:05:53Z
SubmitPartialDecryption,242,b547b6bca02fb926d2e63088c86660c1d65b45199f89574ad7214b4c0c8a436f,630,2f44abf974cd509423ede3102c29c01007f49c8277b94479439fa0b0e8754871,98fbffde0e548483db6b7f64390da017bd22ad2be68265aba99dd690a51cdf35,209cdb3e31810cf22697eec906a91f01d4abbf70bcdb2c00192969f96fe1c6e3,2026-09-30T18:05:53Z
SubmitPartialDecryption,250,c678111d4bf538a1a50a5908046c3ae0f2e999eb715403f4ae2cda765be940a3,630,2f44abf974cd509423ede3102c29c01007f49c8277b94479439fa0b0e8754871,98fbffde0e548483db6b7f64390da017bd22ad2be68265aba99dd690a51cdf35,209cdb3e31810cf22697eec906a91f01d4abbf70bcdb2c00192969f96fe1c6e3,2026-09-30T18:05:53Z
SubmitPartialDecryption,251,faa087a910d73cc827925c82b164ab5c1c8483f367ec30ea390c1a2d80bd80f3,630,2f44abf974cd509423ede3102c29c01007f49c8277b94479439fa0b0e8754871,98fbffde0e548483db6b7f64390da017bd22ad2be68265aba99dd690a51cdf35,209cdb3e31810cf22697eec906a91f01d4abbf70bcdb2c00192969f96fe1c6e3,2026-09-30T18:05:53Z
SubmitPartialDecryption,252,16ad0d36728e6f4b2182a5359cedf8de50d10199ab1551665ef23f694b9d9f1d,630,2f44abf974cd509423ede3102c29c01007f49c8277b94479439fa0b0e8754871,98fbffde0e548483db6b7f64390da017bd22ad2be68265aba99dd690a51cdf35,209cdb3e31810cf22697eec906a91f01d4abbf70bcdb2c00192969f96fe1c6e3,2026-09-30T18:05:53Z
SubmitPartialDecryption,255,a2cd5a190bf70b11e4dc62fa2386d701b4af7cf00cab9ac9bf7647c8dbbee550,630,2f44abf974cd509423ede3102c29c01007f49c8277b94479439fa0b0e8754871,98fbffde0e548483db6b7f64390da017bd22ad2be68265aba99dd690a51cdf35,209cdb3e31810cf22697eec906a91f01d4abbf70bcdb2c00192969f96fe1c6e3,2026-09-30T18:05:53Z
SubmitPartialDecryption,256,aa02bba5d16352ad8469d3646bbaf348e9a1200a82f8d450e7ddaa082099b123,631,82c8190ebfb8290bc2ebfd9b8998c94548c8aee59a7aaf462a4e93820f701198,5ca1c654debdbce9ca33e42d5406636f3a2541cc067995e06e5edaa2af5730cc,2f44abf974cd509423ede3102c29c01007f49c8277b94479439fa0b0e8754871,2026-09-30T18:05:55Z
SubmitPartialDecryption,258,e350d8b9438b63d21024c9bfc6c29310cc6e1d9e1f696dabeca97fdebdcf31c5,631,82c8190ebfb8290bc2ebfd9b8998c94548c8aee59a7aaf462a4e93820f701198,5ca1c654debdbce9ca33e42d5406636f3a2541cc067995e06e5edaa2af5730cc,2f44abf974cd509423ede3102c29c01007f49c8277b94479439fa0b0e8754871,2026-09-30T18:05:55Z
SubmitPartialDecryption,267,ff1d1c36f120a2264f26321c6bc37c3a2916bf090c36397efbf9aa9225cb0f69,631,82c8190ebfb8290bc2ebfd9b8998c94548c8aee59a7aaf462a4e93820f701198,5ca1c654debdbce9ca33e42d5406636f3a2541cc067995e06e5edaa2af5730cc,2f44abf974cd509423ede3102c29c01007f49c8277b94479439fa0b0e8754871,2026-09-30T18:05:55Z
SubmitPartialDecryption,259,11620098807e5d458bf940d90b9f4e23c71d9e58513ac5a9eac006f11d2d2cd3,631,82c8190ebfb8290bc2ebfd9b8998c94548c8aee59a7aaf462a4e93820f701198,5ca1c654debdbce9ca33e42d5406636f3a2541cc067995e06e5edaa2af5730cc,2f44abf974cd509423ede3102c29c01007f49c8277b94479439fa0b0e8754871,2026-09-30T18:05:55Z
SubmitPartialDecryption,271,7186ef2148e825246a01cde31395e3193fab2e68e7b120fee056e53aae8f6b13,631,82c8190ebfb8290bc2ebfd9b8998c94548c8aee59a7aaf462a4e93820f701198,5ca1c654debdbce9ca33e42d5406636f3a2541cc067995e06e5edaa2af5730cc,2f44abf974cd509423ede3102c29c01007f49c8277b94479439fa0b0e8754871,2026-09-30T18:05:55Z
SubmitPartialDecryption,257,8862876d2a1a4656e10caa401ed9ca5ba53778fb8748c1a314b63e51779b5ab8,631,82c8190ebfb8290bc2ebfd9b8998c94548c8aee59a7aaf462a4e93820f701198,5ca1c654debdbce9ca33e42d5406636f3a2541cc067995e06e5edaa2af5730cc,2f44abf974cd509423ede3102c29c01007f49c8277b94479439fa0b0e8754871,2026-09-30T18:05:55Z
SubmitPartialDecryption,260,054ae9d24b74b05f53a2cd4ee8d604825527e1dbe0f345c103ed5cb36ca4f2a1,631,82c8190ebfb8290bc2ebfd9b8998c94548c8aee59a7aaf462a4e93820f701198,5ca1c654debdbce9ca33e42d5406636f3a2541cc067995e06e5edaa2af5730cc,2f44abf974cd509423ede3102c29c01007f49c8277b94479439fa0b0e8754871,2026-09-30T18:05:55Z
SubmitPartialDecryption,263,eb00a42a45f7bdbbe88a940bf02f03cba64e64525f3068b4998abe3b9d8ba96d,631,82c8190ebfb8290bc2ebfd9b8998c94548c8aee59a7aaf462a4e93820f701198,5ca1c654debdbce9ca33e42d5406636f3a2541cc067995e06e5edaa2af5730cc,2f44abf974cd509423ede3102c29c01007f49c8277b94479439fa0b0e8754871,2026-09-30T18:05:55Z
SubmitPartialDecryption,262,7b292134ec389bb5f279f6013cc86a9778e174f7d84bd8a810c42e538879830f,631,82c8190ebfb8290bc2ebfd9b8998c94548c8aee59a7aaf462a4e93820f701198,5ca1c654debdbce9ca33e42d5406636f3a2541cc067995e06e5edaa2af5730cc,2f44abf974cd509423ede3102c29c01007f49c8277b94479439fa0b0e8754871,2026-09-30T18:05:55Z
SubmitPartialDecryption,266,1078be428d9790d6fc8dee21ecfab6a74618d86f3eec829916187b5e2e26ccea,631,82c8190ebfb8290bc2ebfd9b8998c94548c8aee59a7aaf462a4e93820f701198,5ca1c654debdbce9ca33e42d5406636f3a2541cc067995e06e5edaa2af5730cc,2f44abf974cd509423ede3102c29c01007f49c8277b94479439fa0b0e8754871,2026-09-30T18:05:55Z
SubmitPartialDecryption,268,5960228652f9a84301b223b677e58ddf7112004a5c9cd418df56644aa8e9019f,631,82c8190ebfb8290bc2ebfd9b8998c94548c8aee59a7aaf462a4e93820f701198,5ca1c654debdbce9ca33e42d5406636f3a2541cc067995e06e5edaa2af5730cc,2f44abf974cd509423ede3102c29c01007f49c8277b94479439fa0b0e8754871,2026-09-30T18:05:55Z
SubmitPartialDecryption,265,f77e14ed9dd17940e3ab64f0bd34ee9444f582e63ad26df5aa46d1ebfd2fb458,631,82c8190ebfb8290bc2ebfd9b8998c94548c8aee59a7aaf462a4e93820f701198,5ca1c654debdbce9ca33e42d5406636f3a2541cc067995e06e5edaa2af5730cc,2f44abf974cd509423ede3102c29c01007f49c8277b94479439fa0b0e8754871,2026-09-30T18:05:55Z
SubmitPartialDecryption,261,b4c9ba251e610c94e54b316a4962305fd6575b0b80022bb6d97f2588fa7efd1b,631,82c8190ebfb8290bc2ebfd9b8998c94548c8aee59a7aaf462a4e93820f701198,5ca1c654debdbce9ca33e42d5406636f3a2541cc067995e06e5edaa2af5730cc,2f44abf974cd509423ede3102c29c01007f49c8277b94479439fa0b0e8754871,2026-09-30T18:05:55Z
SubmitPartialDecryption,269,5edfacd7abe31fc5f4e1892a94f6857e86c0b5fd167ecfdca44951358c2904dc,631,82c8190ebfb8290bc2ebfd9b8998c94548c8aee59a7aaf462a4e93820f701198,5ca1c654debdbce9ca33e42d5406636f3a2541cc067995e06e5edaa2af5730cc,2f44abf974cd509423ede3102c29c01007f49c8277b94479439fa0b0e8754871,2026-09-30T18:05:55Z
SubmitPartialDecryption,270,d4d6c62585159c094a25af22c87b8cb0eca145346f28870bfc925c4f66549b4b,631,82c8190ebfb8290bc2ebfd9b8998c94548c8aee59a7aaf462a4e93820f701198,5ca1c654debdbce9ca33e42d5406636f3a2541cc067995e06e5edaa2af5730cc,2f44abf974cd509423ede3102c29c01007f49c8277b94479439fa0b0e8754871,2026-09-30T18:05:55Z
SubmitPartialDecryption,264,5aa63a3b1c0376b5eb869fb6b2b87543cba75d106cf8e14150a97da19426d319,631,82c8190ebfb8290bc2ebfd9b8998c94548c8aee59a7aaf462a4e93820f701198,5ca1c654debdbce9ca33e42d5406636f3a2541cc067995e06e5edaa2af5730cc,2f44abf974cd509423ede3102c29c01007f49c8277b94479439fa0b0e8754871,2026-09-30T18:05:55Z
SubmitPartialDecryption,279,505b813e174b6e3fdfe2368103cab7b7ef22311d8171a92e0dd976253b3b4bf5,632,40321699d7fc01dac404c08a1bb430ab1c0ed76d218903b17688c26e424a8e40,d7ed662617a5b2f5758ab27847863746d5e033b68c16df405b7524a14ee86047,82c8190ebfb8290bc2ebfd9b8998c94548c8aee59a7aaf462a4e93820f701198,2026-09-30T18:05:57Z
SubmitPartialDecryption,276,0740c1110cc0c2522d9e84718f33bde7455ddcd1e16eb0f30f497adf3326b694,632,40321699d7fc01dac404c08a1bb430ab1c0ed76d218903b17688c26e424a8e40,d7ed662617a5b2f5758ab27847863746d5e033b68c16df405b7524a14ee86047,82c8190ebfb8290bc2ebfd9b8998c94548c8aee59a7aaf462a4e93820f701198,2026-09-30T18:05:57Z
SubmitPartialDecryption,281,c6c628b481ad572305db7563a7aa3cb8f341a323efd38832c7bffe9f35244622,632,40321699d7fc01dac404c08a1bb430ab1c0ed76d218903b17688c26e424a8e40,d7ed662617a5b2f5758ab27847863746d5e033b68c16df405b7524a14ee86047,82c8190ebfb8290bc2ebfd9b8998c94548c8aee59a7aaf462a4e93820f701198,2026-09-30T18:05:57Z
SubmitPartialDecryption,273,2253f271dae4266bcd4994d1a5f153e287a6053bbd43b742827c9d93f25d848b,632,40321699d7fc01dac404c08a1bb430ab1c0ed76d218903b17688c26e424a8e40,d7ed662617a5b2f5758ab27847863746d5e033b68c16df405b7524a14ee86047,82c8190ebfb8290bc2ebfd9b8998c94548c8aee59a7aaf462a4e93820f701198,2026-09-30T18:05:57Z
SubmitPartialDecryption,275,b85f91450cc87b214fd876b54fe289ea58e64f70405976ea1d7cc02a8e66de3e,632,40321699d7fc01dac404c08a1bb430ab1c0ed76d218903b17688c26e424a8e40,d7ed662617a5b2f5758ab27847863746d5e033b68c16df405b7524a14ee86047,82c8190ebfb8290bc2ebfd9b8998c94548c8aee59a7aaf462a4e93820f701198,2026-09-30T18:05:57Z
SubmitPartialDecryption,282,a88a1a3c1ffa89ca39091d44cda76af5d6598bdb5e5228c795495d5ba128a4cd,632,40321699d7fc01dac404c08a1bb430ab1c0ed76d218903b17688c26e424a8e40,d7ed662617a5b2f5758ab27847863746d5e033b68c16df405b7524a14ee86047,82c8190ebfb8290bc2ebfd9b8998c94548c8aee59a7aaf462a4e93820f701198,2026-09-30T18:05:57Z
SubmitPartialDecryption,278,21b2df789e0dba40a23b2257357d8d88e00fea109fb830bc288ecfe181cebc54,632,40321699d7fc01dac404c08a1bb430ab1c0ed76d218903b17688c26e424a8e40,d7ed662617a5b2f5758ab27847863746d5e033b68c16df405b7524a14ee86047,82c8190ebfb8290bc2ebfd9b8998c94548c8aee59a7aaf462a4e93820f701198,2026-09-30T18:05:57Z
SubmitPartialDecryption,280,769f131f0335ad434bab0c33d108b59e6c0cc13b159ce065b9711fc0971ca9b8,632,40321699d7fc01dac404c08a1bb430ab1c0ed76d218903b17688c26e424a8e40,d7ed662617a5b2f5758ab27847863746d5e033b68c16df405b7524a14ee86047,82c8190ebfb8290bc2ebfd9b8998c94548c8aee59a7aaf462a4e93820f701198,2026-09-30T18:05:57Z
SubmitPartialDecryption,284,68f551f591d06b6f8237cfed1e0220fab51d1861d0a9315a12f9b3deb1e27c45,632,40321699d7fc01dac404c08a1bb430ab1c0ed76d218903b17688c26e424a8e40,d7ed662617a5b2f5758ab27847863746d5e033b68c16df405b7524a14ee86047,82c8190ebfb8290bc2ebfd9b8998c94548c8aee59a7aaf462a4e93820f701198,2026-09-30T18:05:57Z
SubmitPartialDecryption,285,34acf651afa6848a1b8c20f53d63f6c233389a7141f31cdbaa0a0cd64efea1a4,632,40321699d7fc01dac404c08a1bb430ab1c0ed76d218903b17688c26e424a8e40,d7ed662617a5b2f5758ab27847863746d5e033b68c16df405b7524a14ee86047,82c8190ebfb8290bc2ebfd9b8998c94548c8aee59a7aaf462a4e93820f701198,2026-09-30T18:05:57Z
SubmitPartialDecryption,283,46a64064e575e4b5ce4c1f3c450cc24eabf9d4b2ea7c3d486565e3b44bc8dfd0,632,40321699d7fc01dac404c08a1bb430ab1c0ed76d218903b17688c26e424a8e40,d7ed662617a5b2f5758ab27847863746d5e033b68c16df405b7524a14ee86047,82c8190ebfb8290bc2ebfd9b8998c94548c8aee59a7aaf462a4e93820f701198,2026-09-30T18:05:57Z
SubmitPartialDecryption,277,c8867d920915e73460d5b25bb538196f753f274503508296bd8ca19f4e4df679,632,40321699d7fc01dac404c08a1bb430ab1c0ed76d218903b17688c26e424a8e40,d7ed662617a5b2f5758ab27847863746d5e033b68c16df405b7524a14ee86047,82c8190ebfb8290bc2ebfd9b8998c94548c8aee59a7aaf462a4e93820f701198,2026-09-30T18:05:57Z
SubmitPartialDecryption,287,cc4342337cd8d56443ae34a03e9f1a8d95d316c9ebe655e91dd2b30e8498daba,632,40321699d7fc01dac404c08a1bb430ab1c0ed76d218903b17688c26e424a8e40,d7ed662617a5b2f5758ab27847863746d5e033b68c16df405b7524a14ee86047,82c8190ebfb8290bc2ebfd9b8998c94548c8aee59a7aaf462a4e93820f701198,2026-09-30T18:05:57Z
SubmitPartialDecryption,272,756836b848cf97cb0df83f6d86cfb218b731c799f2485a9fd44fcf06271275b8,632,40321699d7fc01dac404c08a1bb430ab1c0ed76d218903b17688c26e424a8e40,d7ed662617a5b2f5758ab27847863746d5e033b68c16df405b7524a14ee86047,82c8190ebfb8290bc2ebfd9b8998c94548c8aee59a7aaf462a4e93820f701198,2026-09-30T18:05:57Z
SubmitPartialDecryption,286,ccc6807be05d0654e1f780d0e6e558cbc27628dfbece8b19a9dd920b5493be35,632,40321699d7fc01dac404c08a1bb430ab1c0ed76d218903b17688c26e424a8e40,d7ed662617a5b2f5758ab27847863746d5e033b68c16df405b7524a14ee86047,82c8190ebfb8290bc2ebfd9b8998c94548c8aee59a7aaf462a4e93820f701198,2026-09-30T18:05:57Z
SubmitPartialDecryption,274,fa659bcba63028b7854f9a1cf8a036a8ea8dbfe3f526a513d76ea447484b4a3c,632,40321699d7fc01dac404c08a1bb430ab1c0ed76d218903b17688c26e424a8e40,d7ed662617a5b2f5758ab27847863746d5e033b68c16df405b7524a14ee86047,82c8190ebfb8290bc2ebfd9b8998c94548c8aee59a7aaf462a4e93820f701198,2026-09-30T18:05:57Z
SubmitPartialDecryption,289,37499c7b0fef00a0c1c1dccf3705060f0de613f250f901b76cb3e5513b3a4c35,633,163ee771795d195d8b1a1a263c34b69d078126a64e350817e92257dab2ca38b7,0daf9d35a02699d2320bb24c0c59861a1d8405370d82b388eb0fabc7b31b819f,40321699d7fc01dac404c08a1bb430ab1c0ed76d218903b17688c26e424a8e40,2026-09-30T18:05:59Z
SubmitPartialDecryption,293,50f5978c0d7194f99df4cc55aab6a7f686fead0025b5af6daedfcfd6d47c823a,633,163ee771795d195d8b1a1a263c34b69d078126a64e350817e92257dab2ca38b7,0daf9d35a02699d2320bb24c0c59861a1d8405370d82b388eb0fabc7b31b819f,40321699d7fc01dac404c08a1bb430ab1c0ed76d218903b17688c26e424a8e40,2026-09-30T18:05:59Z
SubmitPartialDecryption,288,063bba0bb15753673515bf4e177b499ad782bcccdf7aa75b393f41cbcfbf666f,633,163ee771795d195d8b1a1a263c34b69d078126a64e350817e92257dab2ca38b7,0daf9d35a02699d2320bb24c0c59861a1d8405370d82b388eb0fabc7b31b819f,40321699d7fc01dac404c08a1bb430ab1c0ed76d218903b17688c26e424a8e40,2026-09-30T18:05:59Z
SubmitPartialDecryption,302,7e28a81cce95281f424c0046a25a3957ff7f4ac5f22df97c93cf9937109cd0f6,633,163ee771795d195d8b1a1a263c34b69d078126a64e350817e92257dab2ca38b7,0daf9d35a02699d2320bb24c0c59861a1d8405370d82b388eb0fabc7b31b819f,40321699d7fc01dac404c08a1bb430ab1c0ed76d218903b17688c26e424a8e40,2026-09-30T18:05:59Z
SubmitPartialDecryption,296,a933fde9524dc8d40ae070251e0e9ee3612ec16a28da313d6a2d24eecde0d361,633,163ee771795d195d8b1a1a263c34b69d078126a64e350817e92257dab2ca38b7,0daf9d35a02699d2320bb24c0c59861a1d8405370d82b388eb0fabc7b31b819f,40321699d7fc01dac404c08a1bb430ab1c0ed76d218903b17688c26e424a8e40,2026-09-30T18:05:59Z
SubmitPartialDecryption,299,e313f081412f3407a5a369e559475ce514c5ffa082be7c84467e96eb6e0c8560,633,163ee771795d195d8b1a1a263c34b69d078126a64e350817e92257dab2ca38b7,0daf9d35a02699d2320bb24c0c59861a1d8405370d82b388eb0fabc7b31b819f,40321699d7fc01dac404c08a1bb430ab1c0ed76d218903b17688c26e424a8e40,2026-09-30T18:05:59Z
SubmitPartialDecryption,297,139006ff4800e6937a802da55d32b58c5a8b301de508af244fce4f36d4ddb642,633,163ee771795d195d8b1a1a263c34b69d078126a64e350817e92257dab2ca38b7,0daf9d35a02699d2320bb24c0c59861a1d8405370d82b388eb0fabc7b31b819f,40321699d7fc01dac404c08a1bb430ab1c0ed76d218903b17688c26e424a8e40,2026-09-30T18:05:59Z
SubmitPartialDecryption,290,9039d5e383289e201241450f13729f758df33b96841e3bde7dc46b45b0b23daf,633,163ee771795d195d8b1a1a263c34b69d078126a64e350817e92257dab2ca38b7,0daf9d35a02699d2320bb24c0c59861a1d8405370d82b388eb0fabc7b31b819f,40321699d7fc01dac404c08a1bb430ab1c0ed76d218903b17688c26e424a8e40,2026-09-30T18:05:59Z
SubmitPartialDecryption,298,18549526812e5928ceceacd2afdb88410b517d2a6b0111c6b7b89878f30204aa,633,163ee771795d195d8b1a1a263c34b69d078126a64e350817e92257dab2ca38b7,0daf9d35a02699d2320bb24c0c59861a1d8405370d82b388eb0fabc7b31b819f,40321699d7fc01dac404c08a1bb430ab1c0ed76d218903b17688c26e424a8e40,2026-09-30T18:05:59Z
SubmitPartialDecryption,301,6ec9ac7da63ed316e3305cd1be0c6bb4ccad3cba92c2173a14365e0ea36aa3be,633,163ee771795d195d8b1a1a263c34b69d078126a64e350817e92257dab2ca38b7,0daf9d35a02699d2320bb24c0c59861a1d8405370d82b388eb0fabc7b31b819f,40321699d7fc01dac404c08a1bb430ab1c0ed76d218903b17688c26e424a8e40,2026-09-30T18:05:59Z
SubmitPartialDecryption,303,8349a8a6c964d1c8a73d2ea3fe66f4908935ff2ba741e1c1f75958227a655477,633,163ee771795d195d8b1a1a263c34b69d078126a64e350817e92257dab2ca38b7,0daf9d35a02699d2320bb24c0c59861a1d8405370d82b388eb0fabc7b31b819f,40321699d7fc01dac404c08a1bb430ab1c0ed76d218903b17688c26e424a8e40,2026-09-30T18:05:59Z
SubmitPartialDecryption,300,f09be7f23fa9a2ff600c490d144955e899af7975ed774de0db2b9f461e752e89,633,163ee771795d195d8b1a1a263c34b69d078126a64e350817e92257dab2ca38b7,0daf9d35a02699d2320bb24c0c59861a1d8405370d82b388eb0fabc7b31b819f,40321699d7fc01dac404c08a1bb430ab1c0ed76d218903b17688c26e424a8e40,2026-09-30T18:05:59Z
SubmitPartialDecryption,291,92f35e811fd80c1989ab81f0fe4e781dc74fb4c29bf6dc9ab6279dc86e552eeb,633,163ee771795d195d8b1a1a263c34b69d078126a64e350817e92257dab2ca38b7,0daf9d35a02699d2320bb24c0c59861a1d8405370d82b388eb0fabc7b31b819f,40321699d7fc01dac404c08a1bb430ab1c0ed76d218903b17688c26e424a8e40,2026-09-30T18:05:59Z
SubmitPartialDecryption,292,846a7340cd4865e9106c8b274c9302babbfe795542ef45a256c7c78dea899cbc,633,163ee771795d195d8b1a1a263c34b69d078126a64e350817e92257dab2ca38b7,0daf9d35a02699d2320bb24c0c59861a1d8405370d82b388eb0fabc7b31b819f,40321699d7fc01dac404c08a1bb430ab1c0ed76d218903b17688c26e424a8e40,2026-09-30T18:05:59Z
SubmitPartialDecryption,295,ecab5e20f119fd03e9bc82484b96fd81530c3db8e54c198bd331758e7fabaee4,633,163ee771795d195d8b1a1a263c34b69d078126a64e350817e92257dab2ca38b7,0daf9d35a02699d2320bb24c0c59861a1d8405370d82b388eb0fabc7b31b819f,40321699d7fc01dac404c08a1bb430ab1c0ed76d218903b17688c26e424a8e40,2026-09-30T18:05:59Z
SubmitPartialDecryption,294,c395de778adff524bb80605e610ea951447b73fe2588f548bd8b0e80d277d2d1,633,163ee771795d195d8b1a1a263c34b69d078126a64e350817e92257dab2ca38b7,0daf9d35a02699d2320bb24c0c59861a1d8405370d82b388eb0fabc7b31b819f,40321699d7fc01dac404c08a1bb430ab1c0ed76d218903b17688c26e424a8e40,2026-09-30T18:05:59Z
SubmitPartialDecryption,305,39877b622796dbd3f62c00eabbdeac08eaadba7f82d1b9a0148054b5ee14ac21,634,eeec845b6633edbef07676a91db1ee459cffedfc3df412bdb23d1c9be2ee7acb,743245efff764f7e75c41d74300cabc7c353843277be626cf6a4ac064db65b1d,163ee771795d195d8b1a1a263c34b69d078126a64e350817e92257dab2ca38b7,2026-09-30T18:06:01Z
SubmitPartialDecryption,308,1635c73bb5ef0f6d163cec7518bd017c7e4f6e14c44ecbf22eebd5d83944c885,634,eeec845b6633edbef07676a91db1ee459cffedfc3df412bdb23d1c9be2ee7acb,743245efff764f7e75c41d74300cabc7c353843277be626cf6a4ac064db65b1d,163ee771795d195d8b1a1a263c34b69d078126a64e350817e92257dab2ca38b7,2026-09-30T18:06:01Z
SubmitPartialDecryption,304,533e034d5cecd134ba9cbb90da8085d3ba0841255bffd06c039cb89e9ac20536,634,eeec845b6633edbef07676a91db1ee459cffedfc3df412bdb23d1c9be2ee7acb,743245efff764f7e75c41d74300cabc7c353843277be626cf6a4ac064db65b1d,163ee771795d195d8b1a1a263c34b69d078126a64e350817e92257dab2ca38b7,2026-09-30T18:06:01Z
SubmitPartialDecryption,313,7e6ae4ce177d2c151fea73bf0e2aee9e88e4671fe153eae25f07803a826559a1,634,eeec845b6633edbef07676a91db1ee459cffedfc3df412bdb23d1c9be2ee7acb,743245efff764f7e75c41d74300cabc7c353843277be626cf6a4ac064db65b1d,163ee771795d195d8b1a1a263c34b69d078126a64e350817e92257dab2ca38b7,2026-09-30T18:06:01Z
SubmitPartialDecryption,307,6684e0a0de5531a2dbecca4f80a410823d5b4288b16939c28f1825af145df9b9,634,eeec845b6633edbef07676a91db1ee459cffedfc3df412bdb23d1c9be2ee7acb,743245efff764f7e75c41d74300cabc7c353843277be626cf6a4ac064db65b1d,163ee771795d195d8b1a1a263c34b69d078126a64e350817e92257dab2ca38b7,2026-09-30T18:06:01Z
SubmitPartialDecryption,310,abe6ab46e1aff0b5f0acdc6fd62243b9bb35d3432e6c99b23d7f31a2d47891fb,634,eeec845b6633edbef07676a91db1ee459cffedfc3df412bdb23d1c9be2ee7acb,743245efff764f7e75c41d74300cabc7c353843277be626cf6a4ac064db65b1d,163ee771795d195d8b1a1a263c34b69d078126a64e350817e92257dab2ca38b7,2026-09-30T18:06:01Z
SubmitPartialDecryption,306,0951fea4740ce941ff8fa38d13e74b1ec308ef9d745d1a3ce0924d4da99af9f1,634,eeec845b6633edbef07676a91db1ee459cffedfc3df412bdb23d1c9be2ee7acb,743245efff764f7e75c41d74300cabc7c353843277be626cf6a4ac064db65b1d,163ee771795d195d8b1a1a263c34b69d078126a64e350817e92257dab2ca38b7,2026-09-30T18:06:01Z
SubmitPartialDecryption,319,dcf8aa75d5d341407429e24cf0671ae7de4d74d6732115e33687ad7e16988acf,634,eeec845b6633edbef07676a91db1ee459cffedfc3df412bdb23d1c9be2ee7acb,743245efff764f7e75c41d74300cabc7c353843277be626cf6a4ac064db65b1d,163ee771795d195d8b1a1a263c34b69d078126a64e350817e92257dab2ca38b7,2026-09-30T18:06:01Z
SubmitPartialDecryption,315,ab0139f316c77f7cb796b3fea66674e0086de18916392d2d605e539ece76476f,634,eeec845b6633edbef07676a91db1ee459cffedfc3df412bdb23d1c9be2ee7acb,743245efff764f7e75c41d74300cabc7c353843277be626cf6a4ac064db65b1d,163ee771795d195d8b1a1a263c34b69d078126a64e350817e92257dab2ca38b7,2026-09-30T18:06:01Z
SubmitPartialDecryption,314,5bf78fb248013903e7ae689fdd694e6214092f5399b151f7efff9651f03f90b2,634,eeec845b6633edbef07676a91db1ee459cffedfc3df412bdb23d1c9be2ee7acb,743245efff764f7e75c41d74300cabc7c353843277be626cf6a4ac064db65b1d,163ee771795d195d8b1a1a263c34b69d078126a64e350817e92257dab2ca38b7,2026-09-30T18:06:01Z
SubmitPartialDecryption,312,2f054011b46bae1703b1ef0201220e32d626e3fa4eff18bde0e879282ba6495a,634,eeec845b6633edbef07676a91db1ee459cffedfc3df412bdb23d1c9be2ee7acb,743245efff764f7e75c41d74300cabc7c353843277be626cf6a4ac064db65b1d,163ee771795d195d8b1a1a263c34b69d078126a64e350817e92257dab2ca38b7,2026-09-30T18:06:01Z
SubmitPartialDecryption,317,3b669e6ea8210d6e10979c7ed7e4b48cec685ec5aea7e8951a67fb154bff41a8,634,eeec845b6633edbef07676a91db1ee459cffedfc3df412bdb23d1c9be2ee7acb,743245efff764f7e75c41d74300cabc7c353843277be626cf6a4ac064db65b1d,163ee771795d195d8b1a1a263c34b69d078126a64e350817e92257dab2ca38b7,2026-09-30T18:06:01Z
SubmitPartialDecryption,311,472919bc3cff7d119407041ed902ad53bc5a8be752a11777d6c89d5536ef8aa4,634,eeec845b6633edbef07676a91db1ee459cffedfc3df412bdb23d1c9be2ee7acb,743245efff764f7e75c41d74300cabc7c353843277be626cf6a4ac064db65b1d,163ee771795d195d8b1a1a263c34b69d078126a64e350817e92257dab2ca38b7,2026-09-30T18:06:01Z
SubmitPartialDecryption,309,011491236f9b8083add53899d5dd0c2bf964db1298ab1ec9d2a8fdf12893414c,634,eeec845b6633edbef07676a91db1ee459cffedfc3df412bdb23d1c9be2ee7acb,743245efff764f7e75c41d74300cabc7c353843277be626cf6a4ac064db65b1d,163ee771795d195d8b1a1a263c34b69d078126a64e350817e92257dab2ca38b7,2026-09-30T18:06:01Z
SubmitPartialDecryption,316,3ddf807ff4e9d25a5e7c8db21c4f410c84df24b696debde6c3a25ab0d9063889,634,eeec845b6633edbef07676a91db1ee459cffedfc3df412bdb23d1c9be2ee7acb,743245efff764f7e75c41d74300cabc7c353843277be626cf6a4ac064db65b1d,163ee771795d195d8b1a1a263c34b69d078126a64e350817e92257dab2ca38b7,2026-09-30T18:06:01Z
SubmitPartialDecryption,318,046702e4dc0ab94b5e664b80639700b3d7b4c5408394c5fa13742452e56f78ac,634,eeec845b6633edbef07676a91db1ee459cffedfc3df412bdb23d1c9be2ee7acb,743245efff764f7e75c41d74300cabc7c353843277be626cf6a4ac064db65b1d,163ee771795d195d8b1a1a263c34b69d078126a64e350817e92257dab2ca38b7,2026-09-30T18:06:01Z
SubmitPartialDecryption,320,e9646c49b335715b4fa5f843a94d818226d343c614596c3eccabc36afdfd109f,635,c2713aa465195e7eb6d82e364572a3820162926e123eaf09edc93ef29b126bf2,66991247fa5a4568cf56ed7d3b2a3d3398dc5b93a65cfedf6371c48b48893f32,eeec845b6633edbef07676a91db1ee459cffedfc3df412bdb23d1c9be2ee7acb,2026-09-30T18:06:03Z
SubmitPartialDecryption,326,fd4660ff9e5bc620e88b93a35d9deaaa65f8afefe7110ecb273e6653b5a3a71c,635,c2713aa465195e7eb6d82e364572a3820162926e123eaf09edc93ef29b126bf2,66991247fa5a4568cf56ed7d3b2a3d3398dc5b93a65cfedf6371c48b48893f32,eeec845b6633edbef07676a91db1ee459cffedfc3df412bdb23d1c9be2ee7acb,2026-09-30T18:06:03Z
SubmitPartialDecryption,324,ce68051cd6227197f7973eda99fb763e4bbf29217c725a274f9c216ce3abb059,635,c2713aa465195e7eb6d82e364572a3820162926e123eaf09edc93ef29b126bf2,66991247fa5a4568cf56ed7d3b2a3d3398dc5b93a65cfedf6371c48b48893f32,eeec845b6633edbef07676a91db1ee459cffedfc3df412bdb23d1c9be2ee7acb,2026-09-30T18:06:03Z
SubmitPartialDecryption,328,f6c7da2eeac2cb76236bf63a7711a96f878079aff98156e4f0cc754f2b2cd814,635,c2713aa465195e7eb6d82e364572a3820162926e123eaf09edc93ef29b126bf2,66991247fa5a4568cf56ed7d3b2a3d3398dc5b93a65cfedf6371c48b48893f32,eeec845b6633edbef07676a91db1ee459cffedfc3df412bdb23d1c9be2ee7acb,2026-09-30T18:06:03Z
SubmitPartialDecryption,331,77c6480ef7c50f102ae5be0af898643f77b7ad1b1a600d368622c91ca2704896,635,c2713aa465195e7eb6d82e364572a3820162926e123eaf09edc93ef29b126bf2,66991247fa5a4568cf56ed7d3b2a3d3398dc5b93a65cfedf6371c48b48893f32,eeec845b6633edbef07676a91db1ee459cffedfc3df412bdb23d1c9be2ee7acb,2026-09-30T18:06:03Z
SubmitPartialDecryption,330,e93a09fc2464f6143f3f7ed8605a601addc59398fc201a4fc4c0f10a6a0eca83,635,c2713aa465195e7eb6d82e364572a3820162926e123eaf09edc93ef29b126bf2,66991247fa5a4568cf56ed7d3b2a3d3398dc5b93a65cfedf6371c48b48893f32,eeec845b6633edbef07676a91db1ee459cffedfc3df412bdb23d1c9be2ee7acb,2026-09-30T18:06:03Z
SubmitPartialDecryption,329,ea72d3ff38dece97f3669fae1169d607653c5863e18a1b71bb527cc2a23b1836,635,c2713aa465195e7eb6d82e364572a3820162926e123eaf09edc93ef29b126bf2,66991247fa5a4568cf56ed7d3b2a3d3398dc5b93a65cfedf6371c48b48893f32,eeec845b6633edbef07676a91db1ee459cffedfc3df412bdb23d1c9be2ee7acb,2026-09-30T18:06:03Z
SubmitPartialDecryption,323,02667452f6604ef8c8a31ec57b0459bdc8306ee1134ebf644b870b0b28176adc,635,c2713aa465195e7eb6d82e364572a3820162926e123eaf09edc93ef29b126bf2,66991247fa5a4568cf56ed7d3b2a3d3398dc5b93a65cfedf6371c48b48893f32,eeec845b6633edbef07676a91db1ee459cffedfc3df412bdb23d1c9be2ee7acb,2026-09-30T18:06:03Z
SubmitPartialDecryption,327,0d36b768b829e18911cb1e05312b11efdf6485bac648558ee28245c2727e9f21,635,c2713aa465195e7eb6d82e364572a3820162926e123eaf09edc93ef29b126bf2,66991247fa5a4568cf56ed7d3b2a3d3398dc5b93a65cfedf6371c48b48893f32,eeec845b6633edbef07676a91db1ee459cffedfc3df412bdb23d1c9be2ee7acb,2026-09-30T18:06:03Z
SubmitPartialDecryption,325,fee9a988d6aced41689b9c43fca5c1488ae217d686ef1dcd01ed790faed12930,635,c2713aa465195e7eb6d82e364572a3820162926e123eaf09edc93ef29b126bf2,66991247fa5a4568cf56ed7d3b2a3d3398dc5b93a65cfedf6371c48b48893f32,eeec845b6633edbef07676a91db1ee459cffedfc3df412bdb23d1c9be2ee7acb,2026-09-30T18:06:03Z
SubmitPartialDecryption,321,735d3c73ce763a64e76ccba8ea02d5fb116788c048efaa9e12863c59f10c3bbf,635,c2713aa465195e7eb6d82e364572a3820162926e123eaf09edc93ef29b126bf2,66991247fa5a4568cf56ed7d3b2a3d3398dc5b93a65cfedf6371c48b48893f32,eeec845b6633edbef07676a91db1ee459cffedfc3df412bdb23d1c9be2ee7acb,2026-09-30T18:06:03Z
SubmitPartialDecryption,333,324c96aa248b30f51a3f98de9eb6bb641a120b2d6cc717e8c967c5064321aa3e,635,c2713aa465195e7eb6d82e364572a3820162926e123eaf09edc93ef29b126bf2,66991247fa5a4568cf56ed7d3b2a3d3398dc5b93a65cfedf6371c48b48893f32,eeec845b6633edbef07676a91db1ee459cffedfc3df412bdb23d1c9be2ee7acb,2026-09-30T18:06:03Z
SubmitPartialDecryption,322,6a1577877516f3d4bd92ff9139cf781bd6f4072b79e4059bcbd48d8a3e42934c,635,c2713aa465195e7eb6d82e364572a3820162926e123eaf09edc93ef29b126bf2,66991247fa5a4568cf56ed7d3b2a3d3398dc5b93a65cfedf6371c48b48893f32,eeec845b6633edbef07676a91db1ee459cffedfc3df412bdb23d1c9be2ee7acb,2026-09-30T18:06:03Z
SubmitPartialDecryption,335,c3df5d94b3236ac0cb682501b30b4da15831dd2c48f724004a68ab908b34279f,635,c2713aa465195e7eb6d82e364572a3820162926e123eaf09edc93ef29b126bf2,66991247fa5a4568cf56ed7d3b2a3d3398dc5b93a65cfedf6371c48b48893f32,eeec845b6633edbef07676a91db1ee459cffedfc3df412bdb23d1c9be2ee7acb,2026-09-30T18:06:03Z
SubmitPartialDecryption,334,ac6df771a74683911dbc7529ee8bb5589bbf8837932be37b57b98cee286d9e95,635,c2713aa465195e7eb6d82e364572a3820162926e123eaf09edc93ef29b126bf2,66991247fa5a4568cf56ed7d3b2a3d3398dc5b93a65cfedf6371c48b48893f32,eeec845b6633edbef07676a91db1ee459cffedfc3df412bdb23d1c9be2ee7acb,2026-09-30T18:06:03Z
SubmitPartialDecryption,332,8d357bfa148f25988ff3480bc8c977bc2979243469d4cc9c9a8c95920e6c3564,635,c2713aa465195e7eb6d82e364572a3820162926e123eaf09edc93ef29b126bf2,66991247fa5a4568cf56ed7d3b2a3d3398dc5b93a65cfedf6371c48b48893f32,eeec845b6633edbef07676a91db1ee459cffedfc3df412bdb23d1c9be2ee7acb,2026-09-30T18:06:03Z
SubmitPartialDecryption,338,24317735001cabb8bfa8d272de750d509b6d442bb04d6a2489be97ed783f2172,636,7a8513504b4e1cdd50528077b303004a535d3906fa1806ca99bbca07ec813aa0,f5f6210c03cfa5fe503c585c43df7860bbbc1c1c1565ccf1d101f92bcab77efe,c2713aa465195e7eb6d82e364572a3820162926e123eaf09edc93ef29b126bf2,2026-09-30T18:06:05Z
SubmitPartialDecryption,341,8619e24db67a477bd1ae0a2e5050db5418e0c7d2827cdb5dd81b2baaa4bd1441,636,7a8513504b4e1cdd50528077b303004a535d3906fa1806ca99bbca07ec813aa0,f5f6210c03cfa5fe503c585c43df7860bbbc1c1c1565ccf1d101f92bcab77efe,c2713aa465195e7eb6d82e364572a3820162926e123eaf09edc93ef29b126bf2,2026-09-30T18:06:05Z
SubmitPartialDecryption,342,0456a42f838f41fa1e4b83abb909eb1134b24614d5679e46b08e5fd4ef5a2505,636,7a8513504b4e1cdd50528077b303004a535d3906fa1806ca99bbca07ec813aa0,f5f6210c03cfa5fe503c585c43df7860bbbc1c1c1565ccf1d101f92bcab77efe,c2713aa465195e7eb6d82e364572a3820162926e123eaf09edc93ef29b126bf2,2026-09-30T18:06:05Z
SubmitPartialDecryption,340,d8e9a7cad7235f1ca9851e13c8b17a3b2750fd16f6586fbaa13930f84580f839,636,7a8513504b4e1cdd50528077b303004a535d3906fa1806ca99bbca07ec813aa0,f5f6210c03cfa5fe503c585c43df7860bbbc1c1c1565ccf1d101f92bcab77efe,c2713aa465195e7eb6d82e364572a3820162926e123eaf09edc93ef29b126bf2,2026-09-30T18:06:05Z
SubmitPartialDecryption,339,cc6d7f500d20e55ee37f18aacd300b0743ec878732501ba1b85679edd3b12167,636,7a8513504b4e1cdd50528077b303004a535d3906fa1806ca99bbca07ec813aa0,f5f6210c03cfa5fe503c585c43df7860bbbc1c1c1565ccf1d101f92bcab77efe,c2713aa465195e7eb6d82e364572a3820162926e123eaf09edc93ef29b126bf2,2026-09-30T18:06:05Z
SubmitPartialDecryption,350,3b21ed4b0cb726cc157cefaf782b9c6da4b1d1ab5a77527d232d9654871a2a7c,636,7a8513504b4e1cdd50528077b303004a535d3906fa1806ca99bbca07ec813aa0,f5f6210c03cfa5fe503c585c43df7860bbbc1c1c1565ccf1d101f92bcab77efe,c2713aa465195e7eb6d82e364572a3820162926e123eaf09edc93ef29b126bf2,2026-09-30T18:06:05Z
SubmitPartialDecryption,346,01207224895c4563ec6e55b5528395163005b2cfe358965fcae5266b529c7e7c,636,7a8513504b4e1cdd50528077b303004a535d3906fa1806ca99bbca07ec813aa0,f5f6210c03cfa5fe503c585c43df7860bbbc1c1c1565ccf1d101f92bcab77efe,c2713aa465195e7eb6d82e364572a3820162926e123eaf09edc93ef29b126bf2,2026-09-30T18:06:05Z
SubmitPartialDecryption,351,5b5299720402cdf9d7915f7c3cedc0d386a088820053cf8415ef6ccdb4b3878f,636,7a8513504b4e1cdd50528077b303004a535d3906fa1806ca99bbca07ec813aa0,f5f6210c03cfa5fe503c585c43df7860bbbc1c1c1565ccf1d101f92bcab77efe,c2713aa465195e7eb6d82e364572a3820162926e123eaf09edc93ef29b126bf2,2026-09-30T18:06:05Z
SubmitPartialDecryption,336,3f9ec261c0452d1f867a29b279c06eac9e8a9ead0498e50b209629fedd6930b0,636,7a8513504b4e1cdd50528077b303004a535d3906fa1806ca99bbca07ec813aa0,f5f6210c03cfa5fe503c585c43df7860bbbc1c1c1565ccf1d101f92bcab77efe,c2713aa465195e7eb6d82e364572a3820162926e123eaf09edc93ef29b126bf2,2026-09-30T18:06:05Z
SubmitPartialDecryption,348,78c4456e88459289488e85d8d8c6aa52a8ab19a51de192e354b7f18d01b373a9,636,7a8513504b4e1cdd50528077b303004a535d3906fa1806ca99bbca07ec813aa0,f5f6210c03cfa5fe503c585c43df7860bbbc1c1c1565ccf1d101f92bcab77efe,c2713aa465195e7eb6d82e364572a3820162926e123eaf09edc93ef29b126bf2,2026-09-30T18:06:05Z
SubmitPartialDecryption,343,15089e36b85b51ed608ae3b86da137bef5b97e217032293786626fc9c9f95d98,636,7a8513504b4e1cdd50528077b303004a535d3906fa1806ca99bbca07ec813aa0,f5f6210c03cfa5fe503c585c43df7860bbbc1c1c1565ccf1d101f92bcab77efe,c2713aa465195e7eb6d82e364572a3820162926e123eaf09edc93ef29b126bf2,2026-09-30T18:06:05Z
SubmitPartialDecryption,349,f2bad85baad7f5a5bbc9deae308b3c6a0ec04806b1eb2c6a4409e6610ab83f5c,636,7a8513504b4e1cdd50528077b303004a535d3906fa1806ca99bbca07ec813aa0,f5f6210c03cfa5fe503c585c43df7860bbbc1c1c1565ccf1d101f92bcab77efe,c2713aa465195e7eb6d82e364572a3820162926e123eaf09edc93ef29b126bf2,2026-09-30T18:06:05Z
SubmitPartialDecryption,344,cc637d82f311ce30589ee4cdbd29d9f1c9540f16c6001a058adf6ac7b794398d,636,7a8513504b4e1cdd50528077b303004a535d3906fa1806ca99bbca07ec813aa0,f5f6210c03cfa5fe503c585c43df7860bbbc1c1c1565ccf1d101f92bcab77efe,c2713aa465195e7eb6d82e364572a3820162926e123eaf09edc93ef29b126bf2,2026-09-30T18:06:05Z
SubmitPartialDecryption,337,f4256b94f744b418a3fea710ff230169c817d98ccb4bce09f5151b1b95313a74,636,7a8513504b4e1cdd50528077b303004a535d3906fa1806ca99bbca07ec813aa0,f5f6210c03cfa5fe503c585c43df7860bbbc1c1c1565ccf1d101f92bcab77efe,c2713aa465195e7eb6d82e364572a3820162926e123eaf09edc93ef29b126bf2,2026-09-30T18:06:05Z
SubmitPartialDecryption,345,16a1aac37c44dc7718a32e62aae5b2a8505ab3d302d3d3da1912c9c2e7fe02e6,636,7a8513504b4e1cdd50528077b303004a535d3906fa1806ca99bbca07ec813aa0,f5f6210c03cfa5fe503c585c43df7860bbbc1c1c1565ccf1d101f92bcab77efe,c2713aa465195e7eb6d82e364572a3820162926e123eaf09edc93ef29b126bf2,2026-09-30T18:06:05Z
SubmitPartialDecryption,347,2d3cb3079bef7831715dd4efe2ff9a7e0c11b9af780fb1059ecca1441306ceee,636,7a8513504b4e1cdd50528077b303004a535d3906fa1806ca99bbca07ec813aa0,f5f6210c03cfa5fe503c585c43df7860bbbc1c1c1565ccf1d101f92bcab77efe,c2713aa465195e7eb6d82e364572a3820162926e123eaf09edc93ef29b126bf2,2026-09-30T18:06:05Z
SubmitPartialDecryption,357,41ace4c8890e8bc7c50b107a8141a552c4191a1f9ab55576e0f9f6f435d55701,637,fc3ebefb3aef569ba646f86b5da35cfe74902f6144dc489ca0460a867c01f818,5d4ca0598fdc77b32aeda7a3409869167e36794205fbcad841a72a728ec53d6a,7a8513504b4e1cdd50528077b303004a535d3906fa1806ca99bbca07ec813aa0,2026-09-30T18:06:07Z
SubmitPartialDecryption,362,f470116deff711ee69824fae5a44bec1226f71f8e357ea32cad2c0fabf6fb43b,637,fc3ebefb3aef569ba646f86b5da35cfe74902f6144dc489ca0460a867c01f818,5d4ca0598fdc77b32aeda7a3409869167e36794205fbcad841a72a728ec53d6a,7a8513504b4e1cdd50528077b303004a535d3906fa1806ca99bbca07ec813aa0,2026-09-30T18:06:07Z
SubmitPartialDecryption,355,9fd2145c36192c91c42eee86971a8816b3fb8f0cf5e238286940471137bc2314,637,fc3ebefb3aef569ba646f86b5da35cfe74902f6144dc489ca0460a867c01f818,5d4ca0598fdc77b32aeda7a3409869167e36794205fbcad841a72a728ec53d6a,7a8513504b4e1cdd50528077b303004a535d3906fa1806ca99bbca07ec813aa0,2026-09-30T18:06:07Z
SubmitPartialDecryption,358,b27f172fcb5ddab18f1e7f6e8fdf00ab7c2c69e09e54113c1e56a014b9363e64,637,fc3ebefb3aef569ba646f86b5da35cfe74902f6144dc489ca0460a867c01f818,5d4ca0598fdc77b32aeda7a3409869167e36794205fbcad841a72a728ec53d6a,7a8513504b4e1cdd50528077b303004a535d3906fa1806ca99bbca07ec813aa0,2026-09-30T18:06:07Z
SubmitPartialDecryption,367,f790eecbc83e1f02d78a346bf187322f03598cb105392736dc3f302e7fe60b09,637,fc3ebefb3aef569ba646f86b5da35cfe74902f6144dc489ca0460a867c01f818,5d4ca0598fdc77b32aeda7a3409869167e36794205fbcad841a72a728ec53d6a,7a8513504b4e1cdd50528077b303004a535d3906fa1806ca99bbca07ec813aa0,2026-09-30T18:06:07Z
SubmitPartialDecryption,360,086169efb73eced3f7f38fdc51c5cf4e8b6b7b6603e4159ffb5c842ee93c9a3e,637,fc3ebefb3aef569ba646f86b5da35cfe74902f6144dc489ca0460a867c01f818,5d4ca0598fdc77b32aeda7a3409869167e36794205fbcad841a72a728ec53d6a,7a8513504b4e1cdd50528077b303004a535d3906fa1806ca99bbca07ec813aa0,2026-09-30T18:06:07Z
SubmitPartialDecryption,354,e38337bf454c2a07a5827f5436daef8422d4781f69bb1d835ddd0e562165ce6d,637,fc3ebefb3aef569ba646f86b5da35cfe74902f6144dc489ca0460a867c01f818,5d4ca0598fdc77b32aeda7a3409869167e36794205fbcad841a72a728ec53d6a,7a8513504b4e1cdd50528077b303004a535d3906fa1806ca99bbca07ec813aa0,2026-09-30T18:06:07Z
SubmitPartialDecryption,363,eb8c6e8909ada3345fc9bb472bb2058a338f5627eda70d957a8d1dbb98653500,637,fc3ebefb3aef569ba646f86b5da35cfe74902f6144dc489ca0460a867c01f818,5d4ca0598fdc77b32aeda7a3409869167e36794205fbcad841a72a728ec53d6a,7a8513504b4e1cdd50528077b303004a535d3906fa1806ca99bbca07ec813aa0,2026-09-30T18:06:07Z
SubmitPartialDecryption,352,90fce0000aee9c4085eba4b864a78d76a4463db7c9cd0aa88bba381f40147a3d,637,fc3ebefb3aef569ba646f86b5da35cfe74902f6144dc489ca0460a867c01f818,5d4ca0598fdc77b32aeda7a3409869167e36794205fbcad841a72a728ec53d6a,7a8513504b4e1cdd50528077b303004a535d3906fa1806ca99bbca07ec813aa0,2026-09-30T18:06:07Z
SubmitPartialDecryption,353,ba93645d1017ef2b75372c233b5ecf1ca06f0d215f605163402a3568fc5d7b6d,637,fc3ebefb3aef569ba646f86b5da35cfe74902f6144dc489ca0460a867c01f818,5d4ca0598fdc77b32aeda7a3409869167e36794205fbcad841a72a728ec53d6a,7a8513504b4e1cdd50528077b303004a535d3906fa1806ca99bbca07ec813aa0,2026-09-30T18:06:07Z
SubmitPartialDecryption,361,7d6eec0f337075d2cd076e7a33448557acc8ad723782c83092e0b82f6a6500b0,637,fc3ebefb3aef569ba646f86b5da35cfe74902f6144dc489ca0460a867c01f818,5d4ca0598fdc77b32aeda7a3409869167e36794205fbcad841a72a728ec53d6a,7a8513504b4e1cdd50528077b303004a535d3906fa1806ca99bbca07ec813aa0,2026-09-30T18:06:07Z
SubmitPartialDecryption,364,80d5d2863560c2da1aba832d51f7bdca7e6a02fa1e1e5ee9b91d1056244a4375,637,fc3ebefb3aef569ba646f86b5da35cfe74902f6144dc489ca0460a867c01f818,5d4ca0598fdc77b32aeda7a3409869167e36794205fbcad841a72a728ec53d6a,7a8513504b4e1cdd50528077b303004a535d3906fa1806ca99bbca07ec813aa0,2026-09-30T18:06:07Z
SubmitPartialDecryption,356,326490c5973cf09b00dec559582ac91e94c5ebf17de08162fbaf044c3d41ebab,637,fc3ebefb3aef569ba646f86b5da35cfe74902f6144dc489ca0460a867c01f818,5d4ca0598fdc77b32aeda7a3409869167e36794205fbcad841a72a728ec53d6a,7a8513504b4e1cdd50528077b303004a535d3906fa1806ca99bbca07ec813aa0,2026-09-30T18:06:07Z
SubmitPartialDecryption,366,d42882b835fb69214f5250ec8f7a964de030ff1eda00beb1d8d62afa89fc363b,637,fc3ebefb3aef569ba646f86b5da35cfe74902f6144dc489ca0460a867c01f818,5d4ca0598fdc77b32aeda7a3409869167e36794205fbcad841a72a728ec53d6a,7a8513504b4e1cdd50528077b303004a535d3906fa1806ca99bbca07ec813aa0,2026-09-30T18:06:07Z
SubmitPartialDecryption,359,9562c7c53d396ab9b8a12f3bd457f5c7feb4b3b2f62659131230274bac8632f2,637,fc3ebefb3aef569ba646f86b5da35cfe74902f6144dc489ca0460a867c01f818,5d4ca0598fdc77b32aeda7a3409869167e36794205fbcad841a72a728ec53d6a,7a8513504b4e1cdd50528077b303004a535d3906fa1806ca99bbca07ec813aa0,2026-09-30T18:06:07Z
SubmitPartialDecryption,365,ab54ab59247620162b22b14f042786578e7f572615d80f2b47f32e874749c096,637,fc3ebefb3aef569ba646f86b5da35cfe74902f6144dc489ca0460a867c01f818,5d4ca0598fdc77b32aeda7a3409869167e36794205fbcad841a72a728ec53d6a,7a8513504b4e1cdd50528077b303004a535d3906fa1806ca99bbca07ec813aa0,2026-09-30T18:06:07Z
SubmitPartialDecryption,372,c29930afa71041c9a93a46dcda457fbd944eac082fba2958d444b13657654524,638,f69efcbcf4e070aa24965c8be1545fe6d10733ba13d0d5983fb209a517d43aff,298f765ae8b2e4061ae8886f3faa87eab608afc2146baa1bdccc0d3c3b8bc633,fc3ebefb3aef569ba646f86b5da35cfe74902f6144dc489ca0460a867c01f818,2026-09-30T18:06:09Z
SubmitPartialDecryption,368,71a64a139945fdccc5c29924b155817fd62397fcc89be05767858634e67246d8,638,f69efcbcf4e070aa24965c8be1545fe6d10733ba13d0d5983fb209a517d43aff,298f765ae8b2e4061ae8886f3faa87eab608afc2146baa1bdccc0d3c3b8bc633,fc3ebefb3aef569ba646f86b5da35cfe74902f6144dc489ca0460a867c01f818,2026-09-30T18:06:09Z
SubmitPartialDecryption,371,fd22a45d7c78c64dc1ea049557798ef680425a9bce592110d3f08c8a59582c04,638,f69efcbcf4e070aa24965c8be1545fe6d10733ba13d0d5983fb209a517d43aff,298f765ae8b2e4061ae8886f3faa87eab608afc2146baa1bdccc0d3c3b8bc633,fc3ebefb3aef569ba646f86b5da35cfe74902f6144dc489ca0460a867c01f818,2026-09-30T18:06:09Z
SubmitPartialDecryption,382,ac68736764d14a49f80e07e618df454c8ff01d56020cdafd2350133fdedd2cca,638,f69efcbcf4e070aa24965c8be1545fe6d10733ba13d0d5983fb209a517d43aff,298f765ae8b2e4061ae8886f3faa87eab608afc2146baa1bdccc0d3c3b8bc633,fc3ebefb3aef569ba646f86b5da35cfe74902f6144dc489ca0460a867c01f818,2026-09-30T18:06:09Z
SubmitPartialDecryption,383,c7e9bf92812ef3c0dcec97a56622aeddd73e68b0f34d6f5cf70058dee069c1d7,638,f69efcbcf4e070aa24965c8be1545fe6d10733ba13d0d5983fb209a517d43aff,298f765ae8b2e4061ae8886f3faa87eab608afc2146baa1bdccc0d3c3b8bc633,fc3ebefb3aef569ba646f86b5da35cfe74902f6144dc489ca0460a867c01f818,2026-09-30T18:06:09Z
SubmitPartialDecryption,379,13a95aa89ead6d6ab6faffeac896e3f25569c1a384d533b28fbb4f93b72641eb,638,f69efcbcf4e070aa24965c8be1545fe6d10733ba13d0d5983fb209a517d43aff,298f765ae8b2e4061ae8886f3faa87eab608afc2146baa1bdccc0d3c3b8bc633,fc3ebefb3aef569ba646f86b5da35cfe74902f6144dc489ca0460a867c01f818,2026-09-30T18:06:09Z
SubmitPartialDecryption,375,d6ad5a7f22af02482c0acaca4c6f140de4b364e08c51616cd01d178316442b15,638,f69efcbcf4e070aa24965c8be1545fe6d10733ba13d0d5983fb209a517d43aff,298f765ae8b2e4061ae8886f3faa87eab608afc2146baa1bdccc0d3c3b8bc633,fc3ebefb3aef569ba646f86b5da35cfe74902f6144dc489ca0460a867c01f818,2026-09-30T18:06:09Z
SubmitPartialDecryption,376,e6c51bb992c13a34d86fc50f7ca7444fb8329836d149ff11dc8233204fb344a2,638,f69efcbcf4e070aa24965c8be1545fe6d10733ba13d0d5983fb209a517d43aff,298f765ae8b2e4061ae8886f3faa87eab608afc2146baa1bdccc0d3c3b8bc633,fc3ebefb3aef569ba646f86b5da35cfe74902f6144dc489ca0460a867c01f818,2026-09-30T18:06:09Z
SubmitPartialDecryption,377,e0309e3c473ff7b20bbe8966708df4e328b3f1ca27ff445f5d0a8c466d2c5ad8,638,f69efcbcf4e070aa24965c8be1545fe6d10733ba13d0d5983fb209a517d43aff,298f765ae8b2e4061ae8886f3faa87eab608afc2146baa1bdccc0d3c3b8bc633,fc3ebefb3aef569ba646f86b5da35cfe74902f6144dc489ca0460a867c01f818,2026-09-30T18:06:09Z
SubmitPartialDecryption,378,d0c5cc50a92ff8f33bee60c13003e88285a0ffe7d2660023adcc2c591c48a6ca,638,f69efcbcf4e070aa24965c8be1545fe6d10733ba13d0d5983fb209a517d43aff,298f765ae8b2e4061ae8886f3faa87eab608afc2146baa1bdccc0d3c3b8bc633,fc3ebefb3aef569ba646f86b5da35cfe74902f6144dc489ca0460a867c01f818,2026-09-30T18:06:09Z
SubmitPartialDecryption,374,3b8cac7e04619efe732030e527d79e6873f603fdd63185d6e823772433eaafd0,638,f69efcbcf4e070aa24965c8be1545fe6d10733ba13d0d5983fb209a517d43aff,298f765ae8b2e4061ae8886f3faa87eab608afc2146baa1bdccc0d3c3b8bc633,fc3ebefb3aef569ba646f86b5da35cfe74902f6144dc489ca0460a867c01f818,2026-09-30T18:06:09Z
SubmitPartialDecryption,369,f3b74d27228ea8bfe9cb12ef8a32f9c20d1a17a4c0025a09fd32234f318102d3,638,f69efcbcf4e070aa24965c8be1545fe6d10733ba13d0d5983fb209a517d43aff,298f765ae8b2e4061ae8886f3faa87eab608afc2146baa1bdccc0d3c3b8bc633,fc3ebefb3aef569ba646f86b5da35cfe74902f6144dc489ca0460a867c01f818,2026-09-30T18:06:09Z
SubmitPartialDecryption,370,5ef15e5b60c50dc2f6ffc432a9957f82463982c1cafd2f958b2a6bbe8cd9941c,638,f69efcbcf4e070aa24965c8be1545fe6d10733ba13d0d5983fb209a517d43aff,298f765ae8b2e4061ae8886f3faa87eab608afc2146baa1bdccc0d3c3b8bc633,fc3ebefb3aef569ba646f86b5da35cfe74902f6144dc489ca0460a867c01f818,2026-09-30T18:06:09Z
SubmitPartialDecryption,381,450403ffa374265e3ccb3a437dcbb19f2d0305f11025224464d41138d2c17b14,638,f69efcbcf4e070aa24965c8be1545fe6d10733ba13d0d5983fb209a517d43aff,298f765ae8b2e4061ae8886f3faa87eab608afc2146baa1bdccc0d3c3b8bc633,fc3ebefb3aef569ba646f86b5da35cfe74902f6144dc489ca0460a867c01f818,2026-09-30T18:06:09Z
SubmitPartialDecryption,380,c5826eeebc524245c33f1b8a7d76ca277c581537de79fd1329fbe210d3a76eb0,638,f69efcbcf4e070aa24965c8be1545fe6d10733ba13d0d5983fb209a517d43aff,298f765ae8b2e4061ae8886f3faa87eab608afc2146baa1bdccc0d3c3b8bc633,fc3ebefb3aef569ba646f86b5da35cfe74902f6144dc489ca0460a867c01f818,2026-09-30T18:06:09Z
SubmitPartialDecryption,373,1210f747a20c3710badd812b63a5d7dd3a8c804c11eda78d3653db2a415c5190,638,f69efcbcf4e070aa24965c8be1545fe6d10733ba13d0d5983fb209a517d43aff,298f765ae8b2e4061ae8886f3faa87eab608afc2146baa1bdccc0d3c3b8bc633,fc3ebefb3aef569ba646f86b5da35cfe74902f6144dc489ca0460a867c01f818,2026-09-30T18:06:09Z
SubmitPartialDecryption,385,77a8ef298506b8599b84fae5693b548983e15dba4727b1e90580817f2b0a37aa,639,ef99a0cbb880e488b3d1861aceb6a8cadeb272c12b630f6b489d415f3c297206,049bfdf65a565233d5bc13dc7a26de559a9f58fe7ff1d6c34bdacfd01218620f,f69efcbcf4e070aa24965c8be1545fe6d10733ba13d0d5983fb209a517d43aff,2026-09-30T18:06:11Z
SubmitPartialDecryption,390,c2cd96237c8f66fa1c2fbf94a5764963edbfd44d348b832b9af6e9ccd42a3373,639,ef99a0cbb880e488b3d1861aceb6a8cadeb272c12b630f6b489d415f3c297206,049bfdf65a565233d5bc13dc7a26de559a9f58fe7ff1d6c34bdacfd01218620f,f69efcbcf4e070aa24965c8be1545fe6d10733ba13d0d5983fb209a517d43aff,2026-09-30T18:06:11Z
SubmitPartialDecryption,395,c73a2d089e0bf5732773d0a74ef50e2ccf3f1672cc8c38e4645ce545f4678d2a,639,ef99a0cbb880e488b3d1861aceb6a8cadeb272c12b630f6b489d415f3c297206,049bfdf65a565233d5bc13dc7a26de559a9f58fe7ff1d6c34bdacfd01218620f,f69efcbcf4e070aa24965c8be1545fe6d10733ba13d0d5983fb209a517d43aff,2026-09-30T18:06:11Z
SubmitPartialDecryption,384,0a107d837300867682256c7349cc7fbff522285626a1475b860b14453c37add9,639,ef99a0cbb880e488b3d1861aceb6a8cadeb272c12b630f6b489d415f3c297206,049bfdf65a565233d5bc13dc7a26de559a9f58fe7ff1d6c34bdacfd01218620f,f69efcbcf4e070aa24965c8be1545fe6d10733ba13d0d5983fb209a517d43aff,2026-09-30T18:06:11Z
SubmitPartialDecryption,394,ffc77f4777c2e18d25a0fb53aa1a70b5dc4f02e84545476d16cd191e0f6dbbc3,639,ef99a0cbb880e488b3d1861aceb6a8cadeb272c12b630f6b489d415f3c297206,049bfdf65a565233d5bc13dc7a26de559a9f58fe7ff1d6c34bdacfd01218620f,f69efcbcf4e070aa24965c8be1545fe6d10733ba13d0d5983fb209a517d43aff,2026-09-30T18:06:11Z
SubmitPartialDecryption,388,24806974b51d160d294ff45810617d03531f98f4c2e7001d7672b1712817af92,639,ef99a0cbb880e488b3d1861aceb6a8cadeb272c12b630f6b489d415f3c297206,049bfdf65a565233d5bc13dc7a26de559a9f58fe7ff1d6c34bdacfd01218620f,f69efcbcf4e070aa24965c8be1545fe6d10733ba13d0d5983fb209a517d43aff,2026-09-30T18:06:11Z
SubmitPartialDecryption,392,73383dc7fcf8735f4f30fe83a7d889b8c6ed2661ec2a1152fad258bc69be018f,639,ef99a0cbb880e488b3d1861aceb6a8cadeb272c12b630f6b489d415f3c297206,049bfdf65a565233d5bc13dc7a26de559a9f58fe7ff1d6c34bdacfd01218620f,f69efcbcf4e070aa24965c8be1545fe6d10733ba13d0d5983fb209a517d43aff,2026-09-30T18:06:11Z
SubmitPartialDecryption,398,d30dccca08a404f6eb4e90d82d45fdd6eda01411b5f0e56389b0bd8200fa4d15,639,ef99a0cbb880e488b3d1861aceb6a8cadeb272c12b630f6b489d415f3c297206,049bfdf65a565233d5bc13dc7a26de559a9f58fe7ff1d6c34bdacfd01218620f,f69efcbcf4e070aa24965c8be1545fe6d10733ba13d0d5983fb209a517d43aff,2026-09-30T18:06:11Z
SubmitPartialDecryption,397,5e77d804f7883c4de18218e122ac5cc313b42e57208a4bb5dba935697aaab426,639,ef99a0cbb880e488b3d1861aceb6a8cadeb272c12b630f6b489d415f3c297206,049bfdf65a565233d5bc13dc7a26de559a9f58fe7ff1d6c34bdacfd01218620f,f69efcbcf4e070aa24965c8be1545fe6d10733ba13d0d5983fb209a517d43aff,2026-09-30T18:06:11Z
SubmitPartialDecryption,387,b3bf83dc76d6bf5b5dfa19d6ea979dd23000b1ea8eee499256ab81b45fc384a7,639,ef99a0cbb880e488b3d1861aceb6a8cadeb272c12b630f6b489d415f3c297206,049bfdf65a565233d5bc13dc7a26de559a9f58fe7ff1d6c34bdacfd01218620f,f69efcbcf4e070aa24965c8be1545fe6d10733ba13d0d5983fb209a517d43aff,2026-09-30T18:06:11Z
SubmitPartialDecryption,396,0c5f0132628c5f3ae99315b7cb47d6a52273b248736a5fff3db694fc038924b9,639,ef99a0cbb880e488b3d1861aceb6a8cadeb272c12b630f6b489d415f3c297206,049bfdf65a565233d5bc13dc7a26de559a9f58fe7ff1d6c34bdacfd01218620f,f69efcbcf4e070aa24965c8be1545fe6d10733ba13d0d5983fb209a517d43aff,2026-09-30T18:06:11Z
SubmitPartialDecryption,391,12316d60eb4d5734e47055e9c74a167f3cf2236975563782d7fbae68983cbe3a,639,ef99a0cbb880e488b3d1861aceb6a8cadeb272c12b630f6b489d415f3c297206,049bfdf65a565233d5bc13dc7a26de559a9f58fe7ff1d6c34bdacfd01218620f,f69efcbcf4e070aa24965c8be1545fe6d10733ba13d0d5983fb209a517d43aff,2026-09-30T18:06:11Z
SubmitPartialDecryption,399,7382d7662b77776699c0587e0c178c3bc081f878aa18844f54c1dbc3be44bbb0,639,ef99a0cbb880e488b3d1861aceb6a8cadeb272c12b630f6b489d415f3c297206,049bfdf65a565233d5bc13dc7a26de559a9f58fe7ff1d6c34bdacfd01218620f,f69efcbcf4e070aa24965c8be1545fe6d10733ba13d0d5983fb209a517d43aff,2026-09-30T18:06:11Z
SubmitPartialDecryption,389,2e826ebfda95638c946cf2a93d2bc7680677fa9480f0a949f950b3284eca87e2,639,ef99a0cbb880e488b3d1861aceb6a8cadeb272c12b630f6b489d415f3c297206,049bfdf65a565233d5bc13dc7a26de559a9f58fe7ff1d6c34bdacfd01218620f,f69efcbcf4e070aa24965c8be1545fe6d10733ba13d0d5983fb209a517d43aff,2026-09-30T18:06:11Z
SubmitPartialDecryption,386,c71fca3287bc5b324533bc45bcb5809584f56ca26aafb2c90716e15b4ed185bf,639,ef99a0cbb880e488b3d1861aceb6a8cadeb272c12b630f6b489d415f3c297206,049bfdf65a565233d5bc13dc7a26de559a9f58fe7ff1d6c34bdacfd01218620f,f69efcbcf4e070aa24965c8be1545fe6d10733ba13d0d5983fb209a517d43aff,2026-09-30T18:06:11Z
SubmitPartialDecryption,393,d1e2c5ae8071bc5ae6ab38145851d6ecc9bcc38c4354ff3ef1aab8a700e16453,639,ef99a0cbb880e488b3d1861aceb6a8cadeb272c12b630f6b489d415f3c297206,049bfdf65a565233d5bc13dc7a26de559a9f58fe7ff1d6c34bdacfd01218620f,f69efcbcf4e070aa24965c8be1545fe6d10733ba13d0d5983fb209a517d43aff,2026-09-30T18:06:11Z
SubmitPartialDecryption,406,bd600c36bcd0bcf1294d25b65b2f0cc943beedf907c9b56bb8cfbf3df703ee19,640,73d5c3a8faae467e3cb82a31bfc7df28a53308acf7fced5cdfef3c91259d5079,f631c0ad8adfefc16ed9b04f31215a7ca604e1759f55c11504010c4c65bf9a23,ef99a0cbb880e488b3d1861aceb6a8cadeb272c12b630f6b489d415f3c297206,2026-09-30T18:06:14Z
SubmitPartialDecryption,401,16a2d812ebafc2d09170b46c23a91026d530fbdc42faba9c267969e757b10d84,640,73d5c3a8faae467e3cb82a31bfc7df28a53308acf7fced5cdfef3c91259d5079,f631c0ad8adfefc16ed9b04f31215a7ca604e1759f55c11504010c4c65bf9a23,ef99a0cbb880e488b3d1861aceb6a8cadeb272c12b630f6b489d415f3c297206,2026-09-30T18:06:14Z
SubmitPartialDecryption,413,76a4c66cc76256e310c71e1852be3ef01971b2ef2dd871b61271b1a70eeea5df,640,73d5c3a8faae467e3cb82a31bfc7df28a53308acf7fced5cdfef3c91259d5079,f631c0ad8adfefc16ed9b04f31215a7ca604e1759f55c11504010c4c65bf9a23,ef99a0cbb880e488b3d1861aceb6a8cadeb272c12b630f6b489d415f3c297206,2026-09-30T18:06:14Z
SubmitPartialDecryption,411,42c49d059cd470d11aa04466b95c50ab148e0cc4ed44919406709eaf4b52a86b,640,73d5c3a8faae467e3cb82a31bfc7df28a53308acf7fced5cdfef3c91259d5079,f631c0ad8adfefc16ed9b04f31215a7ca604e1759f55c11504010c4c65bf9a23,ef99a0cbb880e488b3d1861aceb6a8cadeb272c12b630f6b489d415f3c297206,2026-09-30T18:06:14Z
SubmitPartialDecryption,414,ed2ad3fc5e4ad12ac334f5be5701a39cac9ed601e1e811e281ab5972d97977aa,640,73d5c3a8faae467e3cb82a31bfc7df28a53308acf7fced5cdfef3c91259d5079,f631c0ad8adfefc16ed9b04f31215a7ca604e1759f55c11504010c4c65bf9a23,ef99a0cbb880e488b3d1861aceb6a8cadeb272c12b630f6b489d415f3c297206,2026-09-30T18:06:14Z
SubmitPartialDecryption,408,8dde39502ac5b8600e5fa93c407f6b636954f363d22d5472b29ee861533ed645,640,73d5c3a8faae467e3cb82a31bfc7df28a53308acf7fced5cdfef3c91259d5079,f631c0ad8adfefc16ed9b04f31215a7ca604e1759f55c11504010c4c65bf9a23,ef99a0cbb880e488b3d1861aceb6a8cadeb272c12b630f6b489d415f3c297206,2026-09-30T18:06:14Z
SubmitPartialDecryption,407,82eaf24a2174e55e4af9cb98199c40afc63004a0c5ff75dd6014f0148ae2dab5,640,73d5c3a8faae467e3cb82a31bfc7df28a53308acf7fced5cdfef3c91259d5079,f631c0ad8adfefc16ed9b04f31215a7ca604e1759f55c11504010c4c65bf9a23,ef99a0cbb880e488b3d1861aceb6a8cadeb272c12b630f6b489d415f3c297206,2026-09-30T18:06:14Z
SubmitPartialDecryption,415,a6fff5161dd32179380b39f078af49b948ef9bec9454f1732e00693efe5c2f7f,640,73d5c3a8faae467e3cb82a31bfc7df28a53308acf7fced5cdfef3c91259d5079,f631c0ad8adfefc16ed9b04f31215a7ca604e1759f55c11504010c4c65bf9a23,ef99a0cbb880e488b3d1861aceb6a8cadeb272c12b630f6b489d415f3c297206,2026-09-30T18:06:14Z
SubmitPartialDecryption,400,03e6a4536b35eb12a3d3994d3f9f51553d2c3e4de1f81d812be2a803e1b32815,640,73d5c3a8faae467e3cb82a31bfc7df28a53308acf7fced5cdfef3c91259d5079,f631c0ad8adfefc16ed9b04f31215a7ca604e1759f55c11504010c4c65bf9a23,ef99a0cbb880e488b3d1861aceb6a8cadeb272c12b630f6b489d415f3c297206,2026-09-30T18:06:14Z
SubmitPartialDecryption,402,b888d9378d5cb3845b725a3139236e9465b4cb2e49eb09b6e77d9caf3dc9c1cd,640,73d5c3a8faae467e3cb82a31bfc7df28a53308acf7fced5cdfef3c91259d5079,f631c0ad8adfefc16ed9b04f31215a7ca604e1759f55c11504010c4c65bf9a23,ef99a0cbb880e488b3d1861aceb6a8cadeb272c12b630f6b489d415f3c297206,2026-09-30T18:06:14Z
SubmitPartialDecryption,409,52edf42d0a5a360b3105750d960ef179f63fd69e14dde46fb87ce705782576c0,640,73d5c3a8faae467e3cb82a31bfc7df28a53308acf7fced5cdfef3c91259d5079,f631c0ad8adfefc16ed9b04f31215a7ca604e1759f55c11504010c4c65bf9a23,ef99a0cbb880e488b3d1861aceb6a8cadeb272c12b630f6b489d415f3c297206,2026-09-30T18:06:14Z
SubmitPartialDecryption,410,374b4edc7f3a7d00f8b73ae1cda6a3a5435543b976d3770bb66d83b8fe91ebf5,640,73d5c3a8faae467e3cb82a31bfc7df28a53308acf7fced5cdfef3c91259d5079,f631c0ad8adfefc16ed9b04f31215a7ca604e1759f55c11504010c4c65bf9a23,ef99a0cbb880e488b3d1861aceb6a8cadeb272c12b630f6b489d415f3c297206,2026-09-30T18:06:14Z
SubmitPartialDecryption,412,5e6d0366698e340556dac618df10568c84154efd51abfda8eaf2a6e1fdef145e,640,73d5c3a8faae467e3cb82a31bfc7df28a53308acf7fced5cdfef3c91259d5079,f631c0ad8adfefc16ed9b04f31215a7ca604e1759f55c11504010c4c65bf9a23,ef99a0cbb880e488b3d1861aceb6a8cadeb272c12b630f6b489d415f3c297206,2026-09-30T18:06:14Z
SubmitPartialDecryption,403,0674ba71201c4667b9381df9d74826206db43ac42077861ebf017d9e64f6ba2d,640,73d5c3a8faae467e3cb82a31bfc7df28a53308acf7fced5cdfef3c91259d5079,f631c0ad8adfefc16ed9b04f31215a7ca604e1759f55c11504010c4c65bf9a23,ef99a0cbb880e488b3d1861aceb6a8cadeb272c12b630f6b489d415f3c297206,2026-09-30T18:06:14Z
SubmitPartialDecryption,404,c8944b978739c52dc45f7f85d4884917d36fd12047d14aa0fc733f0cfd28efe2,640,73d5c3a8faae467e3cb82a31bfc7df28a53308acf7fced5cdfef3c91259d5079,f631c0ad8adfefc16ed9b04f31215a7ca604e1759f55c11504010c4c65bf9a23,ef99a0cbb880e488b3d1861aceb6a8cadeb272c12b630f6b489d415f3c297206,2026-09-30T18:06:14Z
SubmitPartialDecryption,405,0ae642b144b56b5298d29ba9a187ff32e8465abb49dad6b88e7d54a3262c1a4d,640,73d5c3a8faae467e3cb82a31bfc7df28a53308acf7fced5cdfef3c91259d5079,f631c0ad8adfefc16ed9b04f31215a7ca604e1759f55c11504010c4c65bf9a23,ef99a0cbb880e488b3d1861aceb6a8cadeb272c12b630f6b489d415f3c297206,2026-09-30T18:06:14Z
SubmitPartialDecryption,418,750b50438eb9bd243e546cb713138711aab6404264d970566524a4829fa90ac1,641,6c5ef38c860811fc7aa38bfc543e040b9d76b9862e51fcb58a801afc78cb763f,23b4afadc5717dbc66438044f18f0f6cf98d18ee9474f59c7823578bc5ea74f7,73d5c3a8faae467e3cb82a31bfc7df28a53308acf7fced5cdfef3c91259d5079,2026-09-30T18:06:16Z
SubmitPartialDecryption,416,5d913d7dbe35fb63f6660851a6af149d5a3b34e834a00d10fbf20b9781a94361,641,6c5ef38c860811fc7aa38bfc543e040b9d76b9862e51fcb58a801afc78cb763f,23b4afadc5717dbc66438044f18f0f6cf98d18ee9474f59c7823578bc5ea74f7,73d5c3a8faae467e3cb82a31bfc7df28a53308acf7fced5cdfef3c91259d5079,2026-09-30T18:06:16Z
SubmitPartialDecryption,417,58f7489835477cc5ca84c8c8dad05e8c2f055420888b82e6ed5917ac16ee1553,641,6c5ef38c860811fc7aa38bfc543e040b9d76b9862e51fcb58a801afc78cb763f,23b4afadc5717dbc66438044f18f0f6cf98d18ee9474f59c7823578bc5ea74f7,73d5c3a8faae467e3cb82a31bfc7df28a53308acf7fced5cdfef3c91259d5079,2026-09-30T18:06:16Z
SubmitPartialDecryption,419,8d8751429b62aafc5d1eacf9479defcb8ca699f52099d2e0b8fa1d14161f4765,641,6c5ef38c860811fc7aa38bfc543e040b9d76b9862e51fcb58a801afc78cb763f,23b4afadc5717dbc66438044f18f0f6cf98d18ee9474f59c7823578bc5ea74f7,73d5c3a8faae467e3cb82a31bfc7df28a53308acf7fced5cdfef3c91259d5079,2026-09-30T18:06:16Z
PublishTally,,47b3f98eb117456962e628421b838bfbd36529aac01843d3b44f31c82bc0ff62,642,b0c0d88fbab78b36d6ef0c75f7f796554c7f1285272fde4bcb0c3fa9a3025dfe,0e1c6263a735c6a8d99dbc4bd55b7a09338dd49478a6b9af7c8afec1e628d58b,6c5ef38c860811fc7aa38bfc543e040b9d76b9862e51fcb58a801afc78cb763f,2026-09-30T18:06:18Z
