unix_ts,iso,metric,value
1791387186,2026-10-07T23:33:05,docker.dev-peer0.org1.example.com-saksi-bulletin_1.0-ee3fe73bad456e43adfc5ba27d9e5a60983b69e8496140308fb21061ecb2ff85.cpu_pct,0.0
1791387186,2026-10-07T23:33:05,docker.dev-peer0.org1.example.com-saksi-bulletin_1.0-ee3fe73bad456e43adfc5ba27d9e5a60983b69e8496140308fb21061ecb2ff85.mem_bytes,7241465.856
1791387186,2026-10-07T23:33:05,docker.dev-peer0.org1.example.com-saksi-bulletin_1.0-ee3fe73bad456e43adfc5ba27d9e5a60983b69e8496140308fb21061ecb2ff85.blk_read_bytes,0.0
1791387186,2026-10-07T23:33:05,docker.dev-peer0.org1.example.com-saksi-bulletin_1.0-ee3fe73bad456e43adfc5ba27d9e5a60983b69e8496140308fb21061ecb2ff85.blk_write_bytes,0.0
1791387186,2026-10-07T23:33:05,docker.dev-peer0.org2.example.com-saksi-bulletin_1.0-ee3fe73bad456e43adfc5ba27d9e5a60983b69e8496140308fb21061ecb2ff85.cpu_pct,0.0
1791387186,2026-10-07T23:33:05,docker.dev-peer0.org2.example.com-saksi-bulletin_1.0-ee3fe73bad456e43adfc5ba27d9e5a60983b69e8496140308fb21061ecb2ff85.mem_bytes,7520387.072
1791387186,2026-10-07T23:33:05,docker.dev-peer0.org2.example.com-saksi-bulletin_1.0-ee3fe73bad456e43adfc5ba27d9e5a60983b69e8496140308fb21061ecb2ff85.blk_read_bytes,0.0
1791387186,2026-10-07T23:33:05,docker.dev-peer0.org2.example.com-saksi-bulletin_1.0-ee3fe73bad456e43adfc5ba27d9e5a60983b69e8496140308fb21061ecb2ff85.blk_write_bytes,0.0
1791387186,2026-10-07T23:33:05,docker.peer0.org1.example.com.cpu_pct,1.54
1791387186,2026-10-07T23:33:05,docker.peer0.org1.example.com.mem_bytes,41146122.24
1791387186,2026-10-07T23:33:05,docker.peer0.org1.example.com.blk_read_bytes,3330000.0
1791387186,2026-10-07T23:33:05,docker.peer0.org1.example.com.blk_write_bytes,3610000.0
1791387186,2026-10-07T23:33:05,docker.orderer.example.com.cpu_pct,0.04
1791387186,2026-10-07T23:33:05,docker.orderer.example.com.mem_bytes,13285457.92
1791387186,2026-10-07T23:33:05,docker.orderer.example.com.blk_read_bytes,0.0
1791387186,2026-10-07T23:33:05,docker.orderer.example.com.blk_write_bytes,262000.0
1791387186,2026-10-07T23:33:05,docker.peer0.org2.example.com.cpu_pct,1.48
1791387186,2026-10-07T23:33:05,docker.peer0.org2.example.com.mem_bytes,40024145.92
1791387186,2026-10-07T23:33:05,docker.peer0.org2.example.com.blk_read_bytes,0.0
1791387186,2026-10-07T23:33:05,docker.peer0.org2.example.com.blk_write_bytes,3610000.0
1791387186,2026-10-07T23:33:05,wsl.MemTotal_kb,24608408
1791387186,2026-10-07T23:33:05,wsl.MemAvailable_kb,23150220
1791387186,2026-10-07T23:33:05,wsl.SwapTotal_kb,0
1791387186,2026-10-07T23:33:05,wsl.SwapFree_kb,0
1791387186,2026-10-07T23:33:05,wsl.Dirty_kb,272
1791387186,2026-10-07T23:33:05,wsl.load1,0.25
1791387186,2026-10-07T23:33:05,wsl.load5,0.14
1791387186,2026-10-07T23:33:05,host.c_free_bytes,45133553664
1791387186,2026-10-07T23:33:05,host.q_free_bytes,382209675264
1791387186,2026-10-07T23:33:05,host.docker_vhdx_bytes,15613296640
1791387186,2026-10-07T23:33:05,host.ubuntu_vhdx_bytes,212983611392
1791387196,2026-10-07T23:33:15,docker.dev-peer0.org1.example.com-saksi-bulletin_1.0-ee3fe73bad456e43adfc5ba27d9e5a60983b69e8496140308fb21061ecb2ff85.cpu_pct,0.0
1791387196,2026-10-07T23:33:15,docker.dev-peer0.org1.example.com-saksi-bulletin_1.0-ee3fe73bad456e43adfc5ba27d9e5a60983b69e8496140308fb21061ecb2ff85.mem_bytes,7241465.856
1791387196,2026-10-07T23:33:15,docker.dev-peer0.org1.example.com-saksi-bulletin_1.0-ee3fe73bad456e43adfc5ba27d9e5a60983b69e8496140308fb21061ecb2ff85.blk_read_bytes,0.0
1791387196,2026-10-07T23:33:15,docker.dev-peer0.org1.example.com-saksi-bulletin_1.0-ee3fe73bad456e43adfc5ba27d9e5a60983b69e8496140308fb21061ecb2ff85.blk_write_bytes,0.0
1791387196,2026-10-07T23:33:15,docker.dev-peer0.org2.example.com-saksi-bulletin_1.0-ee3fe73bad456e43adfc5ba27d9e5a60983b69e8496140308fb21061ecb2ff85.cpu_pct,0.0
1791387196,2026-10-07T23:33:15,docker.dev-peer0.org2.example.com-saksi-bulletin_1.0-ee3fe73bad456e43adfc5ba27d9e5a60983b69e8496140308fb21061ecb2ff85.mem_bytes,7004487.68
1791387196,2026-10-07T23:33:15,docker.dev-peer0.org2.example.com-saksi-bulletin_1.0-ee3fe73bad456e43adfc5ba27d9e5a60983b69e8496140308fb21061ecb2ff85.blk_read_bytes,0.0
1791387196,2026-10-07T23:33:15,docker.dev-peer0.org2.example.com-saksi-bulletin_1.0-ee3fe73bad456e43adfc5ba27d9e5a60983b69e8496140308fb21061ecb2ff85.blk_write_bytes,0.0
1791387196,2026-10-07T23:33:15,docker.peer0.org1.example.com.cpu_pct,1.45
1791387196,2026-10-07T23:33:15,docker.peer0.org1.example.com.mem_bytes,40810577.92
1791387196,2026-10-07T23:33:15,docker.peer0.org1.example.com.blk_read_bytes,3330000.0
1791387196,2026-10-07T23:33:15,docker.peer0.org1.example.com.blk_write_bytes,3610000.0
1791387196,2026-10-07T23:33:15,docker.orderer.example.com.cpu_pct,0.04
1791387196,2026-10-07T23:33:15,docker.orderer.example.com.mem_bytes,12771655.68
1791387196,2026-10-07T23:33:15,docker.orderer.example.com.blk_read_bytes,0.0
1791387196,2026-10-07T23:33:15,docker.orderer.example.com.blk_write_bytes,262000.0
1791387196,2026-10-07T23:33:15,docker.peer0.org2.example.com.cpu_pct,1.6
1791387196,2026-10-07T23:33:15,docker.peer0.org2.example.com.mem_bytes,40108032.0
1791387196,2026-10-07T23:33:15,docker.peer0.org2.example.com.blk_read_bytes,0.0
1791387196,2026-10-07T23:33:15,docker.peer0.org2.example.com.blk_write_bytes,3610000.0
1791387196,2026-10-07T23:33:15,wsl.MemTotal_kb,24608408
1791387196,2026-10-07T23:33:15,wsl.MemAvailable_kb,23097000
1791387196,2026-10-07T23:33:15,wsl.SwapTotal_kb,0
1791387196,2026-10-07T23:33:15,wsl.SwapFree_kb,0
1791387196,2026-10-07T23:33:15,wsl.Dirty_kb,96176
1791387196,2026-10-07T23:33:15,wsl.load1,0.66
1791387196,2026-10-07T23:33:15,wsl.load5,0.24
1791387196,2026-10-07T23:33:15,host.c_free_bytes,45133123584
1791387196,2026-10-07T23:33:15,host.q_free_bytes,382209675264
1791387196,2026-10-07T23:33:15,host.docker_vhdx_bytes,15613296640
1791387196,2026-10-07T23:33:15,host.ubuntu_vhdx_bytes,212983611392
1791387206,2026-10-07T23:33:25,docker.dev-peer0.org1.example.com-saksi-bulletin_1.0-ee3fe73bad456e43adfc5ba27d9e5a60983b69e8496140308fb21061ecb2ff85.cpu_pct,0.0
1791387206,2026-10-07T23:33:25,docker.dev-peer0.org1.example.com-saksi-bulletin_1.0-ee3fe73bad456e43adfc5ba27d9e5a60983b69e8496140308fb21061ecb2ff85.mem_bytes,7241465.856
1791387206,2026-10-07T23:33:25,docker.dev-peer0.org1.example.com-saksi-bulletin_1.0-ee3fe73bad456e43adfc5ba27d9e5a60983b69e8496140308fb21061ecb2ff85.blk_read_bytes,0.0
1791387206,2026-10-07T23:33:25,docker.dev-peer0.org1.example.com-saksi-bulletin_1.0-ee3fe73bad456e43adfc5ba27d9e5a60983b69e8496140308fb21061ecb2ff85.blk_write_bytes,0.0
1791387206,2026-10-07T23:33:25,docker.dev-peer0.org2.example.com-saksi-bulletin_1.0-ee3fe73bad456e43adfc5ba27d9e5a60983b69e8496140308fb21061ecb2ff85.cpu_pct,0.0
1791387206,2026-10-07T23:33:25,docker.dev-peer0.org2.example.com-saksi-bulletin_1.0-ee3fe73bad456e43adfc5ba27d9e5a60983b69e8496140308fb21061ecb2ff85.mem_bytes,6996099.072
1791387206,2026-10-07T23:33:25,docker.dev-peer0.org2.example.com-saksi-bulletin_1.0-ee3fe73bad456e43adfc5ba27d9e5a60983b69e8496140308fb21061ecb2ff85.blk_read_bytes,0.0
1791387206,2026-10-07T23:33:25,docker.dev-peer0.org2.example.com-saksi-bulletin_1.0-ee3fe73bad456e43adfc5ba27d9e5a60983b69e8496140308fb21061ecb2ff85.blk_write_bytes,0.0
1791387206,2026-10-07T23:33:25,docker.peer0.org1.example.com.cpu_pct,2.0
1791387206,2026-10-07T23:33:25,docker.peer0.org1.example.com.mem_bytes,40558919.68
1791387206,2026-10-07T23:33:25,docker.peer0.org1.example.com.blk_read_bytes,3330000.0
1791387206,2026-10-07T23:33:25,docker.peer0.org1.example.com.blk_write_bytes,3610000.0
1791387206,2026-10-07T23:33:25,docker.orderer.example.com.cpu_pct,0.14
1791387206,2026-10-07T23:33:25,docker.orderer.example.com.mem_bytes,12519997.44
1791387206,2026-10-07T23:33:25,docker.orderer.example.com.blk_read_bytes,0.0
1791387206,2026-10-07T23:33:25,docker.orderer.example.com.blk_write_bytes,262000.0
1791387206,2026-10-07T23:33:25,docker.peer0.org2.example.com.cpu_pct,1.4
1791387206,2026-10-07T23:33:25,docker.peer0.org2.example.com.mem_bytes,40370176.0
1791387206,2026-10-07T23:33:25,docker.peer0.org2.example.com.blk_read_bytes,0.0
1791387206,2026-10-07T23:33:25,docker.peer0.org2.example.com.blk_write_bytes,3610000.0
1791387206,2026-10-07T23:33:25,wsl.MemTotal_kb,24608408
1791387206,2026-10-07T23:33:25,wsl.MemAvailable_kb,23077072
1791387206,2026-10-07T23:33:25,wsl.SwapTotal_kb,0
1791387206,2026-10-07T23:33:25,wsl.SwapFree_kb,0
1791387206,2026-10-07T23:33:25,wsl.Dirty_kb,268064
1791387206,2026-10-07T23:33:25,wsl.load1,3.09
1791387206,2026-10-07T23:33:25,wsl.load5,0.77
1791387206,2026-10-07T23:33:25,host.c_free_bytes,45128900608
1791387206,2026-10-07T23:33:25,host.q_free_bytes,382209671168
1791387206,2026-10-07T23:33:25,host.docker_vhdx_bytes,15613296640
1791387206,2026-10-07T23:33:25,host.ubuntu_vhdx_bytes,212983611392
1791387206,2026-10-07T23:33:25,win.Processor(_Total)\% Processor Time,58.173742
1791387206,2026-10-07T23:33:25,win.Memory\Available MBytes,13892.0
1791387206,2026-10-07T23:33:25,win.PhysicalDisk(0 C:)\% Disk Time,1.244445
1791387206,2026-10-07T23:33:25,win.PhysicalDisk(1 Q:)\% Disk Time,3.537865
1791387206,2026-10-07T23:33:25,win.PhysicalDisk(_Total)\% Disk Time,2.391155
1791387206,2026-10-07T23:33:25,win.PhysicalDisk(0 C:)\Current Disk Queue Length,0.0
1791387206,2026-10-07T23:33:25,win.PhysicalDisk(1 Q:)\Current Disk Queue Length,0.0
1791387206,2026-10-07T23:33:25,win.PhysicalDisk(_Total)\Current Disk Queue Length,0.0
1791387206,2026-10-07T23:33:25,win.Process(vmmemWSL)\% Processor Time,690.289328
1791387216,2026-10-07T23:33:35,docker.dev-peer0.org1.example.com-saksi-bulletin_1.0-ee3fe73bad456e43adfc5ba27d9e5a60983b69e8496140308fb21061ecb2ff85.cpu_pct,0.0
1791387216,2026-10-07T23:33:35,docker.dev-peer0.org1.example.com-saksi-bulletin_1.0-ee3fe73bad456e43adfc5ba27d9e5a60983b69e8496140308fb21061ecb2ff85.mem_bytes,7241465.856
1791387216,2026-10-07T23:33:35,docker.dev-peer0.org1.example.com-saksi-bulletin_1.0-ee3fe73bad456e43adfc5ba27d9e5a60983b69e8496140308fb21061ecb2ff85.blk_read_bytes,0.0
1791387216,2026-10-07T23:33:35,docker.dev-peer0.org1.example.com-saksi-bulletin_1.0-ee3fe73bad456e43adfc5ba27d9e5a60983b69e8496140308fb21061ecb2ff85.blk_write_bytes,0.0
1791387216,2026-10-07T23:33:35,docker.dev-peer0.org2.example.com-saksi-bulletin_1.0-ee3fe73bad456e43adfc5ba27d9e5a60983b69e8496140308fb21061ecb2ff85.cpu_pct,0.0
1791387216,2026-10-07T23:33:35,docker.dev-peer0.org2.example.com-saksi-bulletin_1.0-ee3fe73bad456e43adfc5ba27d9e5a60983b69e8496140308fb21061ecb2ff85.mem_bytes,6996099.072
1791387216,2026-10-07T23:33:35,docker.dev-peer0.org2.example.com-saksi-bulletin_1.0-ee3fe73bad456e43adfc5ba27d9e5a60983b69e8496140308fb21061ecb2ff85.blk_read_bytes,0.0
1791387216,2026-10-07T23:33:35,docker.dev-peer0.org2.example.com-saksi-bulletin_1.0-ee3fe73bad456e43adfc5ba27d9e5a60983b69e8496140308fb21061ecb2ff85.blk_write_bytes,0.0
1791387216,2026-10-07T23:33:35,docker.peer0.org1.example.com.cpu_pct,1.33
1791387216,2026-10-07T23:33:35,docker.peer0.org1.example.com.mem_bytes,40779120.64
1791387216,2026-10-07T23:33:35,docker.peer0.org1.example.com.blk_read_bytes,3330000.0
1791387216,2026-10-07T23:33:35,docker.peer0.org1.example.com.blk_write_bytes,3610000.0
1791387216,2026-10-07T23:33:35,docker.orderer.example.com.cpu_pct,0.04
1791387216,2026-10-07T23:33:35,docker.orderer.example.com.mem_bytes,12519997.44
1791387216,2026-10-07T23:33:35,docker.orderer.example.com.blk_read_bytes,0.0
1791387216,2026-10-07T23:33:35,docker.orderer.example.com.blk_write_bytes,262000.0
1791387216,2026-10-07T23:33:35,docker.peer0.org2.example.com.cpu_pct,2.32
1791387216,2026-10-07T23:33:35,docker.peer0.org2.example.com.mem_bytes,40359690.24
1791387216,2026-10-07T23:33:35,docker.peer0.org2.example.com.blk_read_bytes,0.0
1791387216,2026-10-07T23:33:35,docker.peer0.org2.example.com.blk_write_bytes,3610000.0
1791387216,2026-10-07T23:33:35,wsl.MemTotal_kb,24608408
1791387216,2026-10-07T23:33:35,wsl.MemAvailable_kb,23067212
1791387216,2026-10-07T23:33:35,wsl.SwapTotal_kb,0
1791387216,2026-10-07T23:33:35,wsl.SwapFree_kb,0
1791387216,2026-10-07T23:33:35,wsl.Dirty_kb,323056
1791387216,2026-10-07T23:33:35,wsl.load1,5.16
1791387216,2026-10-07T23:33:35,wsl.load5,1.29
1791387216,2026-10-07T23:33:35,host.c_free_bytes,45129441280
1791387216,2026-10-07T23:33:35,host.q_free_bytes,382209589248
1791387216,2026-10-07T23:33:35,host.docker_vhdx_bytes,15613296640
1791387216,2026-10-07T23:33:35,host.ubuntu_vhdx_bytes,212983611392
1791387216,2026-10-07T23:33:35,win.Processor(_Total)\% Processor Time,94.651295
1791387216,2026-10-07T23:33:35,win.Memory\Available MBytes,13785.0
1791387216,2026-10-07T23:33:35,win.PhysicalDisk(0 C:)\% Disk Time,2.605387
1791387216,2026-10-07T23:33:35,win.PhysicalDisk(1 Q:)\% Disk Time,0.020255
1791387216,2026-10-07T23:33:35,win.PhysicalDisk(_Total)\% Disk Time,1.312821
1791387216,2026-10-07T23:33:35,win.PhysicalDisk(0 C:)\Current Disk Queue Length,0.0
1791387216,2026-10-07T23:33:35,win.PhysicalDisk(1 Q:)\Current Disk Queue Length,0.0
1791387216,2026-10-07T23:33:35,win.PhysicalDisk(_Total)\Current Disk Queue Length,0.0
1791387216,2026-10-07T23:33:35,win.Process(vmmemWSL)\% Processor Time,1177.845332
1791387226,2026-10-07T23:33:45,docker.dev-peer0.org1.example.com-saksi-bulletin_1.0-ee3fe73bad456e43adfc5ba27d9e5a60983b69e8496140308fb21061ecb2ff85.cpu_pct,0.0
1791387226,2026-10-07T23:33:45,docker.dev-peer0.org1.example.com-saksi-bulletin_1.0-ee3fe73bad456e43adfc5ba27d9e5a60983b69e8496140308fb21061ecb2ff85.mem_bytes,7241465.856
1791387226,2026-10-07T23:33:45,docker.dev-peer0.org1.example.com-saksi-bulletin_1.0-ee3fe73bad456e43adfc5ba27d9e5a60983b69e8496140308fb21061ecb2ff85.blk_read_bytes,0.0
1791387226,2026-10-07T23:33:45,docker.dev-peer0.org1.example.com-saksi-bulletin_1.0-ee3fe73bad456e43adfc5ba27d9e5a60983b69e8496140308fb21061ecb2ff85.blk_write_bytes,0.0
1791387226,2026-10-07T23:33:45,docker.dev-peer0.org2.example.com-saksi-bulletin_1.0-ee3fe73bad456e43adfc5ba27d9e5a60983b69e8496140308fb21061ecb2ff85.cpu_pct,0.0
1791387226,2026-10-07T23:33:45,docker.dev-peer0.org2.example.com-saksi-bulletin_1.0-ee3fe73bad456e43adfc5ba27d9e5a60983b69e8496140308fb21061ecb2ff85.mem_bytes,6996099.072
1791387226,2026-10-07T23:33:45,docker.dev-peer0.org2.example.com-saksi-bulletin_1.0-ee3fe73bad456e43adfc5ba27d9e5a60983b69e8496140308fb21061ecb2ff85.blk_read_bytes,0.0
1791387226,2026-10-07T23:33:45,docker.dev-peer0.org2.example.com-saksi-bulletin_1.0-ee3fe73bad456e43adfc5ba27d9e5a60983b69e8496140308fb21061ecb2ff85.blk_write_bytes,0.0
1791387226,2026-10-07T23:33:45,docker.peer0.org1.example.com.cpu_pct,1.47
1791387226,2026-10-07T23:33:45,docker.peer0.org1.example.com.mem_bytes,41030778.88
1791387226,2026-10-07T23:33:45,docker.peer0.org1.example.com.blk_read_bytes,3330000.0
1791387226,2026-10-07T23:33:45,docker.peer0.org1.example.com.blk_write_bytes,3610000.0
1791387226,2026-10-07T23:33:45,docker.orderer.example.com.cpu_pct,0.04
1791387226,2026-10-07T23:33:45,docker.orderer.example.com.mem_bytes,12782141.44
1791387226,2026-10-07T23:33:45,docker.orderer.example.com.blk_read_bytes,0.0
1791387226,2026-10-07T23:33:45,docker.orderer.example.com.blk_write_bytes,262000.0
1791387226,2026-10-07T23:33:45,docker.peer0.org2.example.com.cpu_pct,2.45
1791387226,2026-10-07T23:33:45,docker.peer0.org2.example.com.mem_bytes,40883978.24
1791387226,2026-10-07T23:33:45,docker.peer0.org2.example.com.blk_read_bytes,0.0
1791387226,2026-10-07T23:33:45,docker.peer0.org2.example.com.blk_write_bytes,3610000.0
1791387226,2026-10-07T23:33:45,wsl.MemTotal_kb,24608408
1791387226,2026-10-07T23:33:45,wsl.MemAvailable_kb,23070164
1791387226,2026-10-07T23:33:45,wsl.SwapTotal_kb,0
1791387226,2026-10-07T23:33:45,wsl.SwapFree_kb,0
1791387226,2026-10-07T23:33:45,wsl.Dirty_kb,495448
1791387226,2026-10-07T23:33:45,wsl.load1,6.98
1791387226,2026-10-07T23:33:45,wsl.load5,1.81
1791387226,2026-10-07T23:33:45,host.c_free_bytes,45128773632
1791387226,2026-10-07T23:33:45,host.q_free_bytes,382209589248
1791387226,2026-10-07T23:33:45,host.docker_vhdx_bytes,15613296640
1791387226,2026-10-07T23:33:45,host.ubuntu_vhdx_bytes,212983611392
1791387226,2026-10-07T23:33:45,win.Processor(_Total)\% Processor Time,95.595568
1791387226,2026-10-07T23:33:45,win.Memory\Available MBytes,13718.0
1791387226,2026-10-07T23:33:45,win.PhysicalDisk(0 C:)\% Disk Time,802.629688
1791387226,2026-10-07T23:33:45,win.PhysicalDisk(1 Q:)\% Disk Time,0.541488
1791387226,2026-10-07T23:33:45,win.PhysicalDisk(_Total)\% Disk Time,401.585588
1791387226,2026-10-07T23:33:45,win.PhysicalDisk(0 C:)\Current Disk Queue Length,0.0
1791387226,2026-10-07T23:33:45,win.PhysicalDisk(1 Q:)\Current Disk Queue Length,0.0
1791387226,2026-10-07T23:33:45,win.PhysicalDisk(_Total)\Current Disk Queue Length,0.0
1791387226,2026-10-07T23:33:45,win.Process(vmmemWSL)\% Processor Time,1195.198899
1791387236,2026-10-07T23:33:55,docker.dev-peer0.org1.example.com-saksi-bulletin_1.0-ee3fe73bad456e43adfc5ba27d9e5a60983b69e8496140308fb21061ecb2ff85.cpu_pct,0.0
1791387236,2026-10-07T23:33:55,docker.dev-peer0.org1.example.com-saksi-bulletin_1.0-ee3fe73bad456e43adfc5ba27d9e5a60983b69e8496140308fb21061ecb2ff85.mem_bytes,7241465.856
1791387236,2026-10-07T23:33:55,docker.dev-peer0.org1.example.com-saksi-bulletin_1.0-ee3fe73bad456e43adfc5ba27d9e5a60983b69e8496140308fb21061ecb2ff85.blk_read_bytes,0.0
1791387236,2026-10-07T23:33:55,docker.dev-peer0.org1.example.com-saksi-bulletin_1.0-ee3fe73bad456e43adfc5ba27d9e5a60983b69e8496140308fb21061ecb2ff85.blk_write_bytes,0.0
1791387236,2026-10-07T23:33:55,docker.dev-peer0.org2.example.com-saksi-bulletin_1.0-ee3fe73bad456e43adfc5ba27d9e5a60983b69e8496140308fb21061ecb2ff85.cpu_pct,0.0
1791387236,2026-10-07T23:33:55,docker.dev-peer0.org2.example.com-saksi-bulletin_1.0-ee3fe73bad456e43adfc5ba27d9e5a60983b69e8496140308fb21061ecb2ff85.mem_bytes,7000293.376
1791387236,2026-10-07T23:33:55,docker.dev-peer0.org2.example.com-saksi-bulletin_1.0-ee3fe73bad456e43adfc5ba27d9e5a60983b69e8496140308fb21061ecb2ff85.blk_read_bytes,0.0
1791387236,2026-10-07T23:33:55,docker.dev-peer0.org2.example.com-saksi-bulletin_1.0-ee3fe73bad456e43adfc5ba27d9e5a60983b69e8496140308fb21061ecb2ff85.blk_write_bytes,0.0
1791387236,2026-10-07T23:33:55,docker.peer0.org1.example.com.cpu_pct,1.42
1791387236,2026-10-07T23:33:55,docker.peer0.org1.example.com.mem_bytes,41523609.6
1791387236,2026-10-07T23:33:55,docker.peer0.org1.example.com.blk_read_bytes,3330000.0
1791387236,2026-10-07T23:33:55,docker.peer0.org1.example.com.blk_write_bytes,3610000.0
1791387236,2026-10-07T23:33:55,docker.orderer.example.com.cpu_pct,0.06
1791387236,2026-10-07T23:33:55,docker.orderer.example.com.mem_bytes,13306429.44
1791387236,2026-10-07T23:33:55,docker.orderer.example.com.blk_read_bytes,0.0
1791387236,2026-10-07T23:33:55,docker.orderer.example.com.blk_write_bytes,262000.0
1791387236,2026-10-07T23:33:55,docker.peer0.org2.example.com.cpu_pct,1.9
1791387236,2026-10-07T23:33:55,docker.peer0.org2.example.com.mem_bytes,40883978.24
1791387236,2026-10-07T23:33:55,docker.peer0.org2.example.com.blk_read_bytes,0.0
1791387236,2026-10-07T23:33:55,docker.peer0.org2.example.com.blk_write_bytes,3610000.0
1791387236,2026-10-07T23:33:55,wsl.MemTotal_kb,24608408
1791387236,2026-10-07T23:33:55,wsl.MemAvailable_kb,23070288
1791387236,2026-10-07T23:33:55,wsl.SwapTotal_kb,0
1791387236,2026-10-07T23:33:55,wsl.SwapFree_kb,0
1791387236,2026-10-07T23:33:55,wsl.Dirty_kb,118776
1791387236,2026-10-07T23:33:55,wsl.load1,8.51
1791387236,2026-10-07T23:33:55,wsl.load5,2.31
1791387236,2026-10-07T23:33:55,host.c_free_bytes,44659654656
1791387236,2026-10-07T23:33:55,host.q_free_bytes,382209589248
1791387236,2026-10-07T23:33:55,host.docker_vhdx_bytes,15613296640
1791387236,2026-10-07T23:33:55,host.ubuntu_vhdx_bytes,212983611392
1791387236,2026-10-07T23:33:55,win.Processor(_Total)\% Processor Time,95.086919
1791387236,2026-10-07T23:33:55,win.Memory\Available MBytes,13513.0
1791387236,2026-10-07T23:33:55,win.PhysicalDisk(0 C:)\% Disk Time,1.696703
1791387236,2026-10-07T23:33:55,win.PhysicalDisk(1 Q:)\% Disk Time,0.051075
1791387236,2026-10-07T23:33:55,win.PhysicalDisk(_Total)\% Disk Time,0.873889
1791387236,2026-10-07T23:33:55,win.PhysicalDisk(0 C:)\Current Disk Queue Length,0.0
1791387236,2026-10-07T23:33:55,win.PhysicalDisk(1 Q:)\Current Disk Queue Length,0.0
1791387236,2026-10-07T23:33:55,win.PhysicalDisk(_Total)\Current Disk Queue Length,0.0
1791387236,2026-10-07T23:33:55,win.Process(vmmemWSL)\% Processor Time,1216.416486
1791387246,2026-10-07T23:34:05,docker.dev-peer0.org1.example.com-saksi-bulletin_1.0-ee3fe73bad456e43adfc5ba27d9e5a60983b69e8496140308fb21061ecb2ff85.cpu_pct,0.0
1791387246,2026-10-07T23:34:05,docker.dev-peer0.org1.example.com-saksi-bulletin_1.0-ee3fe73bad456e43adfc5ba27d9e5a60983b69e8496140308fb21061ecb2ff85.mem_bytes,7241465.856
1791387246,2026-10-07T23:34:05,docker.dev-peer0.org1.example.com-saksi-bulletin_1.0-ee3fe73bad456e43adfc5ba27d9e5a60983b69e8496140308fb21061ecb2ff85.blk_read_bytes,0.0
1791387246,2026-10-07T23:34:05,docker.dev-peer0.org1.example.com-saksi-bulletin_1.0-ee3fe73bad456e43adfc5ba27d9e5a60983b69e8496140308fb21061ecb2ff85.blk_write_bytes,0.0
1791387246,2026-10-07T23:34:05,docker.dev-peer0.org2.example.com-saksi-bulletin_1.0-ee3fe73bad456e43adfc5ba27d9e5a60983b69e8496140308fb21061ecb2ff85.cpu_pct,0.0
1791387246,2026-10-07T23:34:05,docker.dev-peer0.org2.example.com-saksi-bulletin_1.0-ee3fe73bad456e43adfc5ba27d9e5a60983b69e8496140308fb21061ecb2ff85.mem_bytes,7000293.376
1791387246,2026-10-07T23:34:05,docker.dev-peer0.org2.example.com-saksi-bulletin_1.0-ee3fe73bad456e43adfc5ba27d9e5a60983b69e8496140308fb21061ecb2ff85.blk_read_bytes,0.0
1791387246,2026-10-07T23:34:05,docker.dev-peer0.org2.example.com-saksi-bulletin_1.0-ee3fe73bad456e43adfc5ba27d9e5a60983b69e8496140308fb21061ecb2ff85.blk_write_bytes,0.0
1791387246,2026-10-07T23:34:05,docker.peer0.org1.example.com.cpu_pct,2.05
1791387246,2026-10-07T23:34:05,docker.peer0.org1.example.com.mem_bytes,41513123.84
1791387246,2026-10-07T23:34:05,docker.peer0.org1.example.com.blk_read_bytes,3330000.0
1791387246,2026-10-07T23:34:05,docker.peer0.org1.example.com.blk_write_bytes,3610000.0
1791387246,2026-10-07T23:34:05,docker.orderer.example.com.cpu_pct,0.08
1791387246,2026-10-07T23:34:05,docker.orderer.example.com.mem_bytes,13306429.44
1791387246,2026-10-07T23:34:05,docker.orderer.example.com.blk_read_bytes,0.0
1791387246,2026-10-07T23:34:05,docker.orderer.example.com.blk_write_bytes,262000.0
1791387246,2026-10-07T23:34:05,docker.peer0.org2.example.com.cpu_pct,1.84
1791387246,2026-10-07T23:34:05,docker.peer0.org2.example.com.mem_bytes,41135636.48
1791387246,2026-10-07T23:34:05,docker.peer0.org2.example.com.blk_read_bytes,0.0
1791387246,2026-10-07T23:34:05,docker.peer0.org2.example.com.blk_write_bytes,3610000.0
1791387246,2026-10-07T23:34:05,wsl.MemTotal_kb,24608408
1791387246,2026-10-07T23:34:05,wsl.MemAvailable_kb,23051280
1791387246,2026-10-07T23:34:05,wsl.SwapTotal_kb,0
1791387246,2026-10-07T23:34:05,wsl.SwapFree_kb,0
1791387246,2026-10-07T23:34:05,wsl.Dirty_kb,35268
1791387246,2026-10-07T23:34:05,wsl.load1,9.82
1791387246,2026-10-07T23:34:05,wsl.load5,2.8
1791387246,2026-10-07T23:34:05,host.c_free_bytes,44424441856
1791387246,2026-10-07T23:34:05,host.q_free_bytes,382209589248
1791387246,2026-10-07T23:34:05,host.docker_vhdx_bytes,15613296640
1791387246,2026-10-07T23:34:05,host.ubuntu_vhdx_bytes,212983611392
1791387246,2026-10-07T23:34:05,win.Processor(_Total)\% Processor Time,76.875908
1791387246,2026-10-07T23:34:05,win.Memory\Available MBytes,13421.0
1791387246,2026-10-07T23:34:05,win.PhysicalDisk(0 C:)\% Disk Time,4406.024877
1791387246,2026-10-07T23:34:05,win.PhysicalDisk(1 Q:)\% Disk Time,0.0
1791387246,2026-10-07T23:34:05,win.PhysicalDisk(_Total)\% Disk Time,2203.012438
1791387246,2026-10-07T23:34:05,win.PhysicalDisk(0 C:)\Current Disk Queue Length,0.0
1791387246,2026-10-07T23:34:05,win.PhysicalDisk(1 Q:)\Current Disk Queue Length,0.0
1791387246,2026-10-07T23:34:05,win.PhysicalDisk(_Total)\Current Disk Queue Length,0.0
1791387246,2026-10-07T23:34:05,win.Process(vmmemWSL)\% Processor Time,928.936177
1791387256,2026-10-07T23:34:15,docker.dev-peer0.org1.example.com-saksi-bulletin_1.0-ee3fe73bad456e43adfc5ba27d9e5a60983b69e8496140308fb21061ecb2ff85.cpu_pct,0.0
1791387256,2026-10-07T23:34:15,docker.dev-peer0.org1.example.com-saksi-bulletin_1.0-ee3fe73bad456e43adfc5ba27d9e5a60983b69e8496140308fb21061ecb2ff85.mem_bytes,7241465.856
1791387256,2026-10-07T23:34:15,docker.dev-peer0.org1.example.com-saksi-bulletin_1.0-ee3fe73bad456e43adfc5ba27d9e5a60983b69e8496140308fb21061ecb2ff85.blk_read_bytes,0.0
1791387256,2026-10-07T23:34:15,docker.dev-peer0.org1.example.com-saksi-bulletin_1.0-ee3fe73bad456e43adfc5ba27d9e5a60983b69e8496140308fb21061ecb2ff85.blk_write_bytes,0.0
1791387256,2026-10-07T23:34:15,docker.dev-peer0.org2.example.com-saksi-bulletin_1.0-ee3fe73bad456e43adfc5ba27d9e5a60983b69e8496140308fb21061ecb2ff85.cpu_pct,0.0
1791387256,2026-10-07T23:34:15,docker.dev-peer0.org2.example.com-saksi-bulletin_1.0-ee3fe73bad456e43adfc5ba27d9e5a60983b69e8496140308fb21061ecb2ff85.mem_bytes,7000293.376
1791387256,2026-10-07T23:34:15,docker.dev-peer0.org2.example.com-saksi-bulletin_1.0-ee3fe73bad456e43adfc5ba27d9e5a60983b69e8496140308fb21061ecb2ff85.blk_read_bytes,0.0
1791387256,2026-10-07T23:34:15,docker.dev-peer0.org2.example.com-saksi-bulletin_1.0-ee3fe73bad456e43adfc5ba27d9e5a60983b69e8496140308fb21061ecb2ff85.blk_write_bytes,0.0
1791387256,2026-10-07T23:34:15,docker.peer0.org1.example.com.cpu_pct,1.73
1791387256,2026-10-07T23:34:15,docker.peer0.org1.example.com.mem_bytes,41502638.08
1791387256,2026-10-07T23:34:15,docker.peer0.org1.example.com.blk_read_bytes,3330000.0
1791387256,2026-10-07T23:34:15,docker.peer0.org1.example.com.blk_write_bytes,3610000.0
1791387256,2026-10-07T23:34:15,docker.orderer.example.com.cpu_pct,0.04
1791387256,2026-10-07T23:34:15,docker.orderer.example.com.mem_bytes,13044285.44
1791387256,2026-10-07T23:34:15,docker.orderer.example.com.blk_read_bytes,0.0
1791387256,2026-10-07T23:34:15,docker.orderer.example.com.blk_write_bytes,262000.0
1791387256,2026-10-07T23:34:15,docker.peer0.org2.example.com.cpu_pct,1.68
1791387256,2026-10-07T23:34:15,docker.peer0.org2.example.com.mem_bytes,41125150.72
1791387256,2026-10-07T23:34:15,docker.peer0.org2.example.com.blk_read_bytes,0.0
1791387256,2026-10-07T23:34:15,docker.peer0.org2.example.com.blk_write_bytes,3610000.0
1791387256,2026-10-07T23:34:15,wsl.MemTotal_kb,24608408
1791387256,2026-10-07T23:34:15,wsl.MemAvailable_kb,23064376
1791387256,2026-10-07T23:34:15,wsl.SwapTotal_kb,0
1791387256,2026-10-07T23:34:15,wsl.SwapFree_kb,0
1791387256,2026-10-07T23:34:15,wsl.Dirty_kb,207704
1791387256,2026-10-07T23:34:15,wsl.load1,10.77
1791387256,2026-10-07T23:34:15,wsl.load5,3.23
1791387256,2026-10-07T23:34:15,host.c_free_bytes,44424085504
1791387256,2026-10-07T23:34:15,host.q_free_bytes,382209552384
1791387256,2026-10-07T23:34:15,host.docker_vhdx_bytes,15613296640
1791387256,2026-10-07T23:34:15,host.ubuntu_vhdx_bytes,212983611392
1791387256,2026-10-07T23:34:15,win.Processor(_Total)\% Processor Time,93.849694
1791387256,2026-10-07T23:34:15,win.Memory\Available MBytes,13057.0
1791387256,2026-10-07T23:34:15,win.PhysicalDisk(0 C:)\% Disk Time,2132.796227
1791387256,2026-10-07T23:34:15,win.PhysicalDisk(1 Q:)\% Disk Time,0.048145
1791387256,2026-10-07T23:34:15,win.PhysicalDisk(_Total)\% Disk Time,1066.422186
1791387256,2026-10-07T23:34:15,win.PhysicalDisk(0 C:)\Current Disk Queue Length,8.0
1791387256,2026-10-07T23:34:15,win.PhysicalDisk(1 Q:)\Current Disk Queue Length,0.0
1791387256,2026-10-07T23:34:15,win.PhysicalDisk(_Total)\Current Disk Queue Length,8.0
1791387256,2026-10-07T23:34:15,win.Process(vmmemWSL)\% Processor Time,1236.065453
1791387266,2026-10-07T23:34:25,docker.dev-peer0.org1.example.com-saksi-bulletin_1.0-ee3fe73bad456e43adfc5ba27d9e5a60983b69e8496140308fb21061ecb2ff85.cpu_pct,0.0
1791387266,2026-10-07T23:34:25,docker.dev-peer0.org1.example.com-saksi-bulletin_1.0-ee3fe73bad456e43adfc5ba27d9e5a60983b69e8496140308fb21061ecb2ff85.mem_bytes,7241465.856
1791387266,2026-10-07T23:34:25,docker.dev-peer0.org1.example.com-saksi-bulletin_1.0-ee3fe73bad456e43adfc5ba27d9e5a60983b69e8496140308fb21061ecb2ff85.blk_read_bytes,0.0
1791387266,2026-10-07T23:34:25,docker.dev-peer0.org1.example.com-saksi-bulletin_1.0-ee3fe73bad456e43adfc5ba27d9e5a60983b69e8496140308fb21061ecb2ff85.blk_write_bytes,0.0
1791387266,2026-10-07T23:34:25,docker.dev-peer0.org2.example.com-saksi-bulletin_1.0-ee3fe73bad456e43adfc5ba27d9e5a60983b69e8496140308fb21061ecb2ff85.cpu_pct,0.0
1791387266,2026-10-07T23:34:25,docker.dev-peer0.org2.example.com-saksi-bulletin_1.0-ee3fe73bad456e43adfc5ba27d9e5a60983b69e8496140308fb21061ecb2ff85.mem_bytes,7000293.376
1791387266,2026-10-07T23:34:25,docker.dev-peer0.org2.example.com-saksi-bulletin_1.0-ee3fe73bad456e43adfc5ba27d9e5a60983b69e8496140308fb21061ecb2ff85.blk_read_bytes,0.0
1791387266,2026-10-07T23:34:25,docker.dev-peer0.org2.example.com-saksi-bulletin_1.0-ee3fe73bad456e43adfc5ba27d9e5a60983b69e8496140308fb21061ecb2ff85.blk_write_bytes,0.0
1791387266,2026-10-07T23:34:25,docker.peer0.org1.example.com.cpu_pct,1.57
1791387266,2026-10-07T23:34:25,docker.peer0.org1.example.com.mem_bytes,41513123.84
1791387266,2026-10-07T23:34:25,docker.peer0.org1.example.com.blk_read_bytes,3330000.0
1791387266,2026-10-07T23:34:25,docker.peer0.org1.example.com.blk_write_bytes,3610000.0
1791387266,2026-10-07T23:34:25,docker.orderer.example.com.cpu_pct,0.06
1791387266,2026-10-07T23:34:25,docker.orderer.example.com.mem_bytes,13033799.68
1791387266,2026-10-07T23:34:25,docker.orderer.example.com.blk_read_bytes,0.0
1791387266,2026-10-07T23:34:25,docker.orderer.example.com.blk_write_bytes,262000.0
1791387266,2026-10-07T23:34:25,docker.peer0.org2.example.com.cpu_pct,1.52
1791387266,2026-10-07T23:34:25,docker.peer0.org2.example.com.mem_bytes,41125150.72
1791387266,2026-10-07T23:34:25,docker.peer0.org2.example.com.blk_read_bytes,0.0
1791387266,2026-10-07T23:34:25,docker.peer0.org2.example.com.blk_write_bytes,3610000.0
1791387266,2026-10-07T23:34:25,wsl.MemTotal_kb,24608408
1791387266,2026-10-07T23:34:25,wsl.MemAvailable_kb,23045248
1791387266,2026-10-07T23:34:25,wsl.SwapTotal_kb,0
1791387266,2026-10-07T23:34:25,wsl.SwapFree_kb,0
1791387266,2026-10-07T23:34:25,wsl.Dirty_kb,380060
1791387266,2026-10-07T23:34:25,wsl.load1,10.47
1791387266,2026-10-07T23:34:25,wsl.load5,3.41
1791387266,2026-10-07T23:34:25,host.c_free_bytes,44423634944
1791387266,2026-10-07T23:34:25,host.q_free_bytes,382209552384
1791387266,2026-10-07T23:34:25,host.docker_vhdx_bytes,15613296640
1791387266,2026-10-07T23:34:25,host.ubuntu_vhdx_bytes,212983611392
1791387266,2026-10-07T23:34:25,win.Processor(_Total)\% Processor Time,94.511825
1791387266,2026-10-07T23:34:25,win.Memory\Available MBytes,13076.0
1791387266,2026-10-07T23:34:25,win.PhysicalDisk(0 C:)\% Disk Time,57.983953
1791387266,2026-10-07T23:34:25,win.PhysicalDisk(1 Q:)\% Disk Time,0.078502
1791387266,2026-10-07T23:34:25,win.PhysicalDisk(_Total)\% Disk Time,29.031227
1791387266,2026-10-07T23:34:25,win.PhysicalDisk(0 C:)\Current Disk Queue Length,0.0
1791387266,2026-10-07T23:34:25,win.PhysicalDisk(1 Q:)\Current Disk Queue Length,0.0
1791387266,2026-10-07T23:34:25,win.PhysicalDisk(_Total)\Current Disk Queue Length,0.0
1791387266,2026-10-07T23:34:25,win.Process(vmmemWSL)\% Processor Time,1228.415437
1791387276,2026-10-07T23:34:35,docker.dev-peer0.org1.example.com-saksi-bulletin_1.0-ee3fe73bad456e43adfc5ba27d9e5a60983b69e8496140308fb21061ecb2ff85.cpu_pct,0.0
1791387276,2026-10-07T23:34:35,docker.dev-peer0.org1.example.com-saksi-bulletin_1.0-ee3fe73bad456e43adfc5ba27d9e5a60983b69e8496140308fb21061ecb2ff85.mem_bytes,7241465.856
1791387276,2026-10-07T23:34:35,docker.dev-peer0.org1.example.com-saksi-bulletin_1.0-ee3fe73bad456e43adfc5ba27d9e5a60983b69e8496140308fb21061ecb2ff85.blk_read_bytes,0.0
1791387276,2026-10-07T23:34:35,docker.dev-peer0.org1.example.com-saksi-bulletin_1.0-ee3fe73bad456e43adfc5ba27d9e5a60983b69e8496140308fb21061ecb2ff85.blk_write_bytes,0.0
1791387276,2026-10-07T23:34:35,docker.dev-peer0.org2.example.com-saksi-bulletin_1.0-ee3fe73bad456e43adfc5ba27d9e5a60983b69e8496140308fb21061ecb2ff85.cpu_pct,0.0
1791387276,2026-10-07T23:34:35,docker.dev-peer0.org2.example.com-saksi-bulletin_1.0-ee3fe73bad456e43adfc5ba27d9e5a60983b69e8496140308fb21061ecb2ff85.mem_bytes,7000293.376
1791387276,2026-10-07T23:34:35,docker.dev-peer0.org2.example.com-saksi-bulletin_1.0-ee3fe73bad456e43adfc5ba27d9e5a60983b69e8496140308fb21061ecb2ff85.blk_read_bytes,0.0
1791387276,2026-10-07T23:34:35,docker.dev-peer0.org2.example.com-saksi-bulletin_1.0-ee3fe73bad456e43adfc5ba27d9e5a60983b69e8496140308fb21061ecb2ff85.blk_write_bytes,0.0
1791387276,2026-10-07T23:34:35,docker.peer0.org1.example.com.cpu_pct,2.04
1791387276,2026-10-07T23:34:35,docker.peer0.org1.example.com.mem_bytes,41240494.08
1791387276,2026-10-07T23:34:35,docker.peer0.org1.example.com.blk_read_bytes,3330000.0
1791387276,2026-10-07T23:34:35,docker.peer0.org1.example.com.blk_write_bytes,3610000.0
1791387276,2026-10-07T23:34:35,docker.orderer.example.com.cpu_pct,0.05
1791387276,2026-10-07T23:34:35,docker.orderer.example.com.mem_bytes,12771655.68
1791387276,2026-10-07T23:34:35,docker.orderer.example.com.blk_read_bytes,0.0
1791387276,2026-10-07T23:34:35,docker.orderer.example.com.blk_write_bytes,262000.0
1791387276,2026-10-07T23:34:35,docker.peer0.org2.example.com.cpu_pct,1.94
1791387276,2026-10-07T23:34:35,docker.peer0.org2.example.com.mem_bytes,41114664.96
1791387276,2026-10-07T23:34:35,docker.peer0.org2.example.com.blk_read_bytes,0.0
1791387276,2026-10-07T23:34:35,docker.peer0.org2.example.com.blk_write_bytes,3610000.0
1791387276,2026-10-07T23:34:35,wsl.MemTotal_kb,24608408
1791387276,2026-10-07T23:34:35,wsl.MemAvailable_kb,23043352
1791387276,2026-10-07T23:34:35,wsl.SwapTotal_kb,0
1791387276,2026-10-07T23:34:35,wsl.SwapFree_kb,0
1791387276,2026-10-07T23:34:35,wsl.Dirty_kb,5700
1791387276,2026-10-07T23:34:35,wsl.load1,10.22
1791387276,2026-10-07T23:34:35,wsl.load5,3.58
1791387276,2026-10-07T23:34:35,host.c_free_bytes,43954573312
1791387276,2026-10-07T23:34:35,host.q_free_bytes,382209552384
1791387276,2026-10-07T23:34:35,host.docker_vhdx_bytes,15613296640
1791387276,2026-10-07T23:34:35,host.ubuntu_vhdx_bytes,212983611392
1791387276,2026-10-07T23:34:35,win.Processor(_Total)\% Processor Time,94.551926
1791387276,2026-10-07T23:34:35,win.Memory\Available MBytes,13040.0
1791387276,2026-10-07T23:34:35,win.PhysicalDisk(0 C:)\% Disk Time,0.701155
1791387276,2026-10-07T23:34:35,win.PhysicalDisk(1 Q:)\% Disk Time,0.014233
1791387276,2026-10-07T23:34:35,win.PhysicalDisk(_Total)\% Disk Time,0.357694
1791387276,2026-10-07T23:34:35,win.PhysicalDisk(0 C:)\Current Disk Queue Length,0.0
1791387276,2026-10-07T23:34:35,win.PhysicalDisk(1 Q:)\Current Disk Queue Length,0.0
1791387276,2026-10-07T23:34:35,win.PhysicalDisk(_Total)\Current Disk Queue Length,0.0
1791387276,2026-10-07T23:34:35,win.Process(vmmemWSL)\% Processor Time,1238.703484
1791387286,2026-10-07T23:34:45,docker.dev-peer0.org1.example.com-saksi-bulletin_1.0-ee3fe73bad456e43adfc5ba27d9e5a60983b69e8496140308fb21061ecb2ff85.cpu_pct,0.0
1791387286,2026-10-07T23:34:45,docker.dev-peer0.org1.example.com-saksi-bulletin_1.0-ee3fe73bad456e43adfc5ba27d9e5a60983b69e8496140308fb21061ecb2ff85.mem_bytes,7241465.856
1791387286,2026-10-07T23:34:45,docker.dev-peer0.org1.example.com-saksi-bulletin_1.0-ee3fe73bad456e43adfc5ba27d9e5a60983b69e8496140308fb21061ecb2ff85.blk_read_bytes,0.0
1791387286,2026-10-07T23:34:45,docker.dev-peer0.org1.example.com-saksi-bulletin_1.0-ee3fe73bad456e43adfc5ba27d9e5a60983b69e8496140308fb21061ecb2ff85.blk_write_bytes,0.0
1791387286,2026-10-07T23:34:45,docker.dev-peer0.org2.example.com-saksi-bulletin_1.0-ee3fe73bad456e43adfc5ba27d9e5a60983b69e8496140308fb21061ecb2ff85.cpu_pct,0.0
1791387286,2026-10-07T23:34:45,docker.dev-peer0.org2.example.com-saksi-bulletin_1.0-ee3fe73bad456e43adfc5ba27d9e5a60983b69e8496140308fb21061ecb2ff85.mem_bytes,6996099.072
1791387286,2026-10-07T23:34:45,docker.dev-peer0.org2.example.com-saksi-bulletin_1.0-ee3fe73bad456e43adfc5ba27d9e5a60983b69e8496140308fb21061ecb2ff85.blk_read_bytes,0.0
1791387286,2026-10-07T23:34:45,docker.dev-peer0.org2.example.com-saksi-bulletin_1.0-ee3fe73bad456e43adfc5ba27d9e5a60983b69e8496140308fb21061ecb2ff85.blk_write_bytes,0.0
1791387286,2026-10-07T23:34:45,docker.peer0.org1.example.com.cpu_pct,1.39
1791387286,2026-10-07T23:34:45,docker.peer0.org1.example.com.mem_bytes,41502638.08
1791387286,2026-10-07T23:34:45,docker.peer0.org1.example.com.blk_read_bytes,3330000.0
1791387286,2026-10-07T23:34:45,docker.peer0.org1.example.com.blk_write_bytes,3610000.0
1791387286,2026-10-07T23:34:45,docker.orderer.example.com.cpu_pct,0.06
1791387286,2026-10-07T23:34:45,docker.orderer.example.com.mem_bytes,12771655.68
1791387286,2026-10-07T23:34:45,docker.orderer.example.com.blk_read_bytes,0.0
1791387286,2026-10-07T23:34:45,docker.orderer.example.com.blk_write_bytes,262000.0
1791387286,2026-10-07T23:34:45,docker.peer0.org2.example.com.cpu_pct,1.91
1791387286,2026-10-07T23:34:45,docker.peer0.org2.example.com.mem_bytes,40863006.72
1791387286,2026-10-07T23:34:45,docker.peer0.org2.example.com.blk_read_bytes,0.0
1791387286,2026-10-07T23:34:45,docker.peer0.org2.example.com.blk_write_bytes,3610000.0
1791387286,2026-10-07T23:34:45,wsl.MemTotal_kb,24608408
1791387286,2026-10-07T23:34:45,wsl.MemAvailable_kb,23045388
1791387286,2026-10-07T23:34:45,wsl.SwapTotal_kb,0
1791387286,2026-10-07T23:34:45,wsl.SwapFree_kb,0
1791387286,2026-10-07T23:34:45,wsl.Dirty_kb,152812
1791387286,2026-10-07T23:34:45,wsl.load1,11.19
1791387286,2026-10-07T23:34:45,wsl.load5,4.0
1791387286,2026-10-07T23:34:45,host.c_free_bytes,43720007680
1791387286,2026-10-07T23:34:45,host.q_free_bytes,382209552384
1791387286,2026-10-07T23:34:45,host.docker_vhdx_bytes,15613296640
1791387286,2026-10-07T23:34:45,host.ubuntu_vhdx_bytes,212983611392
1791387286,2026-10-07T23:34:45,win.Processor(_Total)\% Processor Time,92.906541
1791387286,2026-10-07T23:34:45,win.Memory\Available MBytes,12501.0
1791387286,2026-10-07T23:34:45,win.PhysicalDisk(0 C:)\% Disk Time,291.644461
1791387286,2026-10-07T23:34:45,win.PhysicalDisk(1 Q:)\% Disk Time,0.048918
1791387286,2026-10-07T23:34:45,win.PhysicalDisk(_Total)\% Disk Time,145.84669
1791387286,2026-10-07T23:34:45,win.PhysicalDisk(0 C:)\Current Disk Queue Length,186.0
1791387286,2026-10-07T23:34:45,win.PhysicalDisk(1 Q:)\Current Disk Queue Length,0.0
1791387286,2026-10-07T23:34:45,win.PhysicalDisk(_Total)\Current Disk Queue Length,186.0
1791387286,2026-10-07T23:34:45,win.Process(vmmemWSL)\% Processor Time,1253.74945
1791387296,2026-10-07T23:34:55,docker.dev-peer0.org1.example.com-saksi-bulletin_1.0-ee3fe73bad456e43adfc5ba27d9e5a60983b69e8496140308fb21061ecb2ff85.cpu_pct,0.0
1791387296,2026-10-07T23:34:55,docker.dev-peer0.org1.example.com-saksi-bulletin_1.0-ee3fe73bad456e43adfc5ba27d9e5a60983b69e8496140308fb21061ecb2ff85.mem_bytes,7495221.248
1791387296,2026-10-07T23:34:55,docker.dev-peer0.org1.example.com-saksi-bulletin_1.0-ee3fe73bad456e43adfc5ba27d9e5a60983b69e8496140308fb21061ecb2ff85.blk_read_bytes,0.0
1791387296,2026-10-07T23:34:55,docker.dev-peer0.org1.example.com-saksi-bulletin_1.0-ee3fe73bad456e43adfc5ba27d9e5a60983b69e8496140308fb21061ecb2ff85.blk_write_bytes,0.0
1791387296,2026-10-07T23:34:55,docker.dev-peer0.org2.example.com-saksi-bulletin_1.0-ee3fe73bad456e43adfc5ba27d9e5a60983b69e8496140308fb21061ecb2ff85.cpu_pct,0.0
1791387296,2026-10-07T23:34:55,docker.dev-peer0.org2.example.com-saksi-bulletin_1.0-ee3fe73bad456e43adfc5ba27d9e5a60983b69e8496140308fb21061ecb2ff85.mem_bytes,7254048.768
1791387296,2026-10-07T23:34:55,docker.dev-peer0.org2.example.com-saksi-bulletin_1.0-ee3fe73bad456e43adfc5ba27d9e5a60983b69e8496140308fb21061ecb2ff85.blk_read_bytes,0.0
1791387296,2026-10-07T23:34:55,docker.dev-peer0.org2.example.com-saksi-bulletin_1.0-ee3fe73bad456e43adfc5ba27d9e5a60983b69e8496140308fb21061ecb2ff85.blk_write_bytes,0.0
1791387296,2026-10-07T23:34:55,docker.peer0.org1.example.com.cpu_pct,1.57
1791387296,2026-10-07T23:34:55,docker.peer0.org1.example.com.mem_bytes,41492152.32
1791387296,2026-10-07T23:34:55,docker.peer0.org1.example.com.blk_read_bytes,3330000.0
1791387296,2026-10-07T23:34:55,docker.peer0.org1.example.com.blk_write_bytes,3610000.0
1791387296,2026-10-07T23:34:55,docker.orderer.example.com.cpu_pct,0.03
1791387296,2026-10-07T23:34:55,docker.orderer.example.com.mem_bytes,13295943.68
1791387296,2026-10-07T23:34:55,docker.orderer.example.com.blk_read_bytes,0.0
1791387296,2026-10-07T23:34:55,docker.orderer.example.com.blk_write_bytes,262000.0
1791387296,2026-10-07T23:34:55,docker.peer0.org2.example.com.cpu_pct,2.29
1791387296,2026-10-07T23:34:55,docker.peer0.org2.example.com.mem_bytes,40202403.84
1791387296,2026-10-07T23:34:55,docker.peer0.org2.example.com.blk_read_bytes,0.0
1791387296,2026-10-07T23:34:55,docker.peer0.org2.example.com.blk_write_bytes,3610000.0
1791387296,2026-10-07T23:34:55,wsl.MemTotal_kb,24608408
1791387296,2026-10-07T23:34:55,wsl.MemAvailable_kb,23033032
1791387296,2026-10-07T23:34:55,wsl.SwapTotal_kb,0
1791387296,2026-10-07T23:34:55,wsl.SwapFree_kb,0
1791387296,2026-10-07T23:34:55,wsl.Dirty_kb,325428
1791387296,2026-10-07T23:34:55,wsl.load1,10.95
1791387296,2026-10-07T23:34:55,wsl.load5,4.2
1791387296,2026-10-07T23:34:55,host.c_free_bytes,43719450624
1791387296,2026-10-07T23:34:55,host.q_free_bytes,382209552384
1791387296,2026-10-07T23:34:55,host.docker_vhdx_bytes,15613296640
1791387296,2026-10-07T23:34:55,host.ubuntu_vhdx_bytes,212983611392
1791387296,2026-10-07T23:34:55,win.Processor(_Total)\% Processor Time,84.307192
1791387296,2026-10-07T23:34:55,win.Memory\Available MBytes,12711.0
1791387296,2026-10-07T23:34:55,win.PhysicalDisk(0 C:)\% Disk Time,4389.98786
1791387296,2026-10-07T23:34:55,win.PhysicalDisk(1 Q:)\% Disk Time,0.003835
1791387296,2026-10-07T23:34:55,win.PhysicalDisk(_Total)\% Disk Time,2194.995847
1791387296,2026-10-07T23:34:55,win.PhysicalDisk(0 C:)\Current Disk Queue Length,0.0
1791387296,2026-10-07T23:34:55,win.PhysicalDisk(1 Q:)\Current Disk Queue Length,0.0
1791387296,2026-10-07T23:34:55,win.PhysicalDisk(_Total)\Current Disk Queue Length,0.0
1791387296,2026-10-07T23:34:55,win.Process(vmmemWSL)\% Processor Time,1100.562957
1791387306,2026-10-07T23:35:05,docker.dev-peer0.org1.example.com-saksi-bulletin_1.0-ee3fe73bad456e43adfc5ba27d9e5a60983b69e8496140308fb21061ecb2ff85.cpu_pct,0.0
1791387306,2026-10-07T23:35:05,docker.dev-peer0.org1.example.com-saksi-bulletin_1.0-ee3fe73bad456e43adfc5ba27d9e5a60983b69e8496140308fb21061ecb2ff85.mem_bytes,7495221.248
1791387306,2026-10-07T23:35:05,docker.dev-peer0.org1.example.com-saksi-bulletin_1.0-ee3fe73bad456e43adfc5ba27d9e5a60983b69e8496140308fb21061ecb2ff85.blk_read_bytes,0.0
1791387306,2026-10-07T23:35:05,docker.dev-peer0.org1.example.com-saksi-bulletin_1.0-ee3fe73bad456e43adfc5ba27d9e5a60983b69e8496140308fb21061ecb2ff85.blk_write_bytes,0.0
1791387306,2026-10-07T23:35:05,docker.dev-peer0.org2.example.com-saksi-bulletin_1.0-ee3fe73bad456e43adfc5ba27d9e5a60983b69e8496140308fb21061ecb2ff85.cpu_pct,0.0
1791387306,2026-10-07T23:35:05,docker.dev-peer0.org2.example.com-saksi-bulletin_1.0-ee3fe73bad456e43adfc5ba27d9e5a60983b69e8496140308fb21061ecb2ff85.mem_bytes,7000293.376
1791387306,2026-10-07T23:35:05,docker.dev-peer0.org2.example.com-saksi-bulletin_1.0-ee3fe73bad456e43adfc5ba27d9e5a60983b69e8496140308fb21061ecb2ff85.blk_read_bytes,0.0
1791387306,2026-10-07T23:35:05,docker.dev-peer0.org2.example.com-saksi-bulletin_1.0-ee3fe73bad456e43adfc5ba27d9e5a60983b69e8496140308fb21061ecb2ff85.blk_write_bytes,0.0
1791387306,2026-10-07T23:35:05,docker.peer0.org1.example.com.cpu_pct,1.54
1791387306,2026-10-07T23:35:05,docker.peer0.org1.example.com.mem_bytes,41764782.08
1791387306,2026-10-07T23:35:05,docker.peer0.org1.example.com.blk_read_bytes,3330000.0
1791387306,2026-10-07T23:35:05,docker.peer0.org1.example.com.blk_write_bytes,3610000.0
1791387306,2026-10-07T23:35:05,docker.orderer.example.com.cpu_pct,0.05
1791387306,2026-10-07T23:35:05,docker.orderer.example.com.mem_bytes,13033799.68
1791387306,2026-10-07T23:35:05,docker.orderer.example.com.blk_read_bytes,0.0
1791387306,2026-10-07T23:35:05,docker.orderer.example.com.blk_write_bytes,262000.0
1791387306,2026-10-07T23:35:05,docker.peer0.org2.example.com.cpu_pct,1.31
1791387306,2026-10-07T23:35:05,docker.peer0.org2.example.com.mem_bytes,40443576.32
1791387306,2026-10-07T23:35:05,docker.peer0.org2.example.com.blk_read_bytes,0.0
1791387306,2026-10-07T23:35:05,docker.peer0.org2.example.com.blk_write_bytes,3610000.0
1791387306,2026-10-07T23:35:05,wsl.MemTotal_kb,24608408
1791387306,2026-10-07T23:35:05,wsl.MemAvailable_kb,23112876
1791387306,2026-10-07T23:35:05,wsl.SwapTotal_kb,0
1791387306,2026-10-07T23:35:05,wsl.SwapFree_kb,0
1791387306,2026-10-07T23:35:05,wsl.Dirty_kb,678368
1791387306,2026-10-07T23:35:05,wsl.load1,10.44
1791387306,2026-10-07T23:35:05,wsl.load5,4.32
1791387306,2026-10-07T23:35:05,host.c_free_bytes,43718590464
1791387306,2026-10-07T23:35:05,host.q_free_bytes,382209552384
1791387306,2026-10-07T23:35:05,host.docker_vhdx_bytes,15613296640
1791387306,2026-10-07T23:35:05,host.ubuntu_vhdx_bytes,212983611392
1791387306,2026-10-07T23:35:05,win.Processor(_Total)\% Processor Time,94.76544
1791387306,2026-10-07T23:35:05,win.Memory\Available MBytes,12497.0
1791387306,2026-10-07T23:35:05,win.PhysicalDisk(0 C:)\% Disk Time,0.277628
1791387306,2026-10-07T23:35:05,win.PhysicalDisk(1 Q:)\% Disk Time,0.0
1791387306,2026-10-07T23:35:05,win.PhysicalDisk(_Total)\% Disk Time,0.138814
1791387306,2026-10-07T23:35:05,win.PhysicalDisk(0 C:)\Current Disk Queue Length,0.0
1791387306,2026-10-07T23:35:05,win.PhysicalDisk(1 Q:)\Current Disk Queue Length,0.0
1791387306,2026-10-07T23:35:05,win.PhysicalDisk(_Total)\Current Disk Queue Length,0.0
1791387306,2026-10-07T23:35:05,win.Process(vmmemWSL)\% Processor Time,1262.064891
1791387316,2026-10-07T23:35:15,docker.dev-peer0.org1.example.com-saksi-bulletin_1.0-ee3fe73bad456e43adfc5ba27d9e5a60983b69e8496140308fb21061ecb2ff85.cpu_pct,0.0
1791387316,2026-10-07T23:35:15,docker.dev-peer0.org1.example.com-saksi-bulletin_1.0-ee3fe73bad456e43adfc5ba27d9e5a60983b69e8496140308fb21061ecb2ff85.mem_bytes,6979321.856
1791387316,2026-10-07T23:35:15,docker.dev-peer0.org1.example.com-saksi-bulletin_1.0-ee3fe73bad456e43adfc5ba27d9e5a60983b69e8496140308fb21061ecb2ff85.blk_read_bytes,0.0
1791387316,2026-10-07T23:35:15,docker.dev-peer0.org1.example.com-saksi-bulletin_1.0-ee3fe73bad456e43adfc5ba27d9e5a60983b69e8496140308fb21061ecb2ff85.blk_write_bytes,0.0
1791387316,2026-10-07T23:35:15,docker.dev-peer0.org2.example.com-saksi-bulletin_1.0-ee3fe73bad456e43adfc5ba27d9e5a60983b69e8496140308fb21061ecb2ff85.cpu_pct,0.0
1791387316,2026-10-07T23:35:15,docker.dev-peer0.org2.example.com-saksi-bulletin_1.0-ee3fe73bad456e43adfc5ba27d9e5a60983b69e8496140308fb21061ecb2ff85.mem_bytes,7000293.376
1791387316,2026-10-07T23:35:15,docker.dev-peer0.org2.example.com-saksi-bulletin_1.0-ee3fe73bad456e43adfc5ba27d9e5a60983b69e8496140308fb21061ecb2ff85.blk_read_bytes,0.0
1791387316,2026-10-07T23:35:15,docker.dev-peer0.org2.example.com-saksi-bulletin_1.0-ee3fe73bad456e43adfc5ba27d9e5a60983b69e8496140308fb21061ecb2ff85.blk_write_bytes,0.0
1791387316,2026-10-07T23:35:15,docker.peer0.org1.example.com.cpu_pct,1.51
1791387316,2026-10-07T23:35:15,docker.peer0.org1.example.com.mem_bytes,41701867.52
1791387316,2026-10-07T23:35:15,docker.peer0.org1.example.com.blk_read_bytes,3330000.0
1791387316,2026-10-07T23:35:15,docker.peer0.org1.example.com.blk_write_bytes,3610000.0
1791387316,2026-10-07T23:35:15,docker.orderer.example.com.cpu_pct,0.04
1791387316,2026-10-07T23:35:15,docker.orderer.example.com.mem_bytes,13033799.68
1791387316,2026-10-07T23:35:15,docker.orderer.example.com.blk_read_bytes,0.0
1791387316,2026-10-07T23:35:15,docker.orderer.example.com.blk_write_bytes,262000.0
1791387316,2026-10-07T23:35:15,docker.peer0.org2.example.com.cpu_pct,1.47
1791387316,2026-10-07T23:35:15,docker.peer0.org2.example.com.mem_bytes,40443576.32
1791387316,2026-10-07T23:35:15,docker.peer0.org2.example.com.blk_read_bytes,0.0
1791387316,2026-10-07T23:35:15,docker.peer0.org2.example.com.blk_write_bytes,3610000.0
1791387316,2026-10-07T23:35:15,host.c_free_bytes,43249209344
1791387316,2026-10-07T23:35:15,host.q_free_bytes,382209552384
1791387316,2026-10-07T23:35:15,host.docker_vhdx_bytes,15613296640
1791387316,2026-10-07T23:35:15,host.ubuntu_vhdx_bytes,212983611392
1791387316,2026-10-07T23:35:15,win.Processor(_Total)\% Processor Time,11.827244
1791387316,2026-10-07T23:35:15,win.Memory\Available MBytes,11720.0
1791387316,2026-10-07T23:35:15,win.PhysicalDisk(0 C:)\% Disk Time,780.040436
1791387316,2026-10-07T23:35:15,win.PhysicalDisk(1 Q:)\% Disk Time,0.0
1791387316,2026-10-07T23:35:15,win.PhysicalDisk(_Total)\% Disk Time,390.020218
1791387316,2026-10-07T23:35:15,win.PhysicalDisk(0 C:)\Current Disk Queue Length,8.0
1791387316,2026-10-07T23:35:15,win.PhysicalDisk(1 Q:)\Current Disk Queue Length,0.0
1791387316,2026-10-07T23:35:15,win.PhysicalDisk(_Total)\Current Disk Queue Length,8.0
1791387316,2026-10-07T23:35:15,win.Process(vmmemWSL)\% Processor Time,24.186311
1791387354,2026-10-07T23:35:54,docker.dev-peer0.org1.example.com-saksi-bulletin_1.0-ee3fe73bad456e43adfc5ba27d9e5a60983b69e8496140308fb21061ecb2ff85.cpu_pct,0.0
1791387354,2026-10-07T23:35:54,docker.dev-peer0.org1.example.com-saksi-bulletin_1.0-ee3fe73bad456e43adfc5ba27d9e5a60983b69e8496140308fb21061ecb2ff85.mem_bytes,7241465.856
1791387354,2026-10-07T23:35:54,docker.dev-peer0.org1.example.com-saksi-bulletin_1.0-ee3fe73bad456e43adfc5ba27d9e5a60983b69e8496140308fb21061ecb2ff85.blk_read_bytes,0.0
1791387354,2026-10-07T23:35:54,docker.dev-peer0.org1.example.com-saksi-bulletin_1.0-ee3fe73bad456e43adfc5ba27d9e5a60983b69e8496140308fb21061ecb2ff85.blk_write_bytes,0.0
1791387354,2026-10-07T23:35:54,docker.dev-peer0.org2.example.com-saksi-bulletin_1.0-ee3fe73bad456e43adfc5ba27d9e5a60983b69e8496140308fb21061ecb2ff85.cpu_pct,0.0
1791387354,2026-10-07T23:35:54,docker.dev-peer0.org2.example.com-saksi-bulletin_1.0-ee3fe73bad456e43adfc5ba27d9e5a60983b69e8496140308fb21061ecb2ff85.mem_bytes,7262437.376
1791387354,2026-10-07T23:35:54,docker.dev-peer0.org2.example.com-saksi-bulletin_1.0-ee3fe73bad456e43adfc5ba27d9e5a60983b69e8496140308fb21061ecb2ff85.blk_read_bytes,0.0
1791387354,2026-10-07T23:35:54,docker.dev-peer0.org2.example.com-saksi-bulletin_1.0-ee3fe73bad456e43adfc5ba27d9e5a60983b69e8496140308fb21061ecb2ff85.blk_write_bytes,0.0
1791387354,2026-10-07T23:35:54,docker.peer0.org1.example.com.cpu_pct,1.59
1791387354,2026-10-07T23:35:54,docker.peer0.org1.example.com.mem_bytes,40454062.08
1791387354,2026-10-07T23:35:54,docker.peer0.org1.example.com.blk_read_bytes,3330000.0
1791387354,2026-10-07T23:35:54,docker.peer0.org1.example.com.blk_write_bytes,3610000.0
1791387354,2026-10-07T23:35:54,docker.orderer.example.com.cpu_pct,0.08
1791387354,2026-10-07T23:35:54,docker.orderer.example.com.mem_bytes,13820231.68
1791387354,2026-10-07T23:35:54,docker.orderer.example.com.blk_read_bytes,0.0
1791387354,2026-10-07T23:35:54,docker.orderer.example.com.blk_write_bytes,262000.0
1791387354,2026-10-07T23:35:54,docker.peer0.org2.example.com.cpu_pct,1.6
1791387354,2026-10-07T23:35:54,docker.peer0.org2.example.com.mem_bytes,40873492.48
1791387354,2026-10-07T23:35:54,docker.peer0.org2.example.com.blk_read_bytes,0.0
1791387354,2026-10-07T23:35:54,docker.peer0.org2.example.com.blk_write_bytes,3610000.0
1791387354,2026-10-07T23:35:54,wsl.MemTotal_kb,24608408
1791387354,2026-10-07T23:35:54,wsl.MemAvailable_kb,23120644
1791387354,2026-10-07T23:35:54,wsl.SwapTotal_kb,0
1791387354,2026-10-07T23:35:54,wsl.SwapFree_kb,0
1791387354,2026-10-07T23:35:54,wsl.Dirty_kb,511108
1791387354,2026-10-07T23:35:54,wsl.load1,7.12
1791387354,2026-10-07T23:35:54,wsl.load5,4.38
1791387354,2026-10-07T23:35:54,host.c_free_bytes,43248947200
1791387354,2026-10-07T23:35:54,host.q_free_bytes,382209552384
1791387354,2026-10-07T23:35:54,host.docker_vhdx_bytes,15613296640
1791387354,2026-10-07T23:35:54,host.ubuntu_vhdx_bytes,212983611392
1791387354,2026-10-07T23:35:54,win.Processor(_Total)\% Processor Time,12.203187
1791387354,2026-10-07T23:35:54,win.Memory\Available MBytes,11808.0
1791387354,2026-10-07T23:35:54,win.PhysicalDisk(0 C:)\% Disk Time,992.553933
1791387354,2026-10-07T23:35:54,win.PhysicalDisk(1 Q:)\% Disk Time,0.0
1791387354,2026-10-07T23:35:54,win.PhysicalDisk(_Total)\% Disk Time,496.276967
1791387354,2026-10-07T23:35:54,win.PhysicalDisk(0 C:)\Current Disk Queue Length,13.0
1791387354,2026-10-07T23:35:54,win.PhysicalDisk(1 Q:)\Current Disk Queue Length,0.0
1791387354,2026-10-07T23:35:54,win.PhysicalDisk(_Total)\Current Disk Queue Length,13.0
1791387354,2026-10-07T23:35:54,win.Process(vmmemWSL)\% Processor Time,23.412484
1791387364,2026-10-07T23:36:04,docker.dev-peer0.org1.example.com-saksi-bulletin_1.0-ee3fe73bad456e43adfc5ba27d9e5a60983b69e8496140308fb21061ecb2ff85.cpu_pct,0.0
1791387364,2026-10-07T23:36:04,docker.dev-peer0.org1.example.com-saksi-bulletin_1.0-ee3fe73bad456e43adfc5ba27d9e5a60983b69e8496140308fb21061ecb2ff85.mem_bytes,7241465.856
1791387364,2026-10-07T23:36:04,docker.dev-peer0.org1.example.com-saksi-bulletin_1.0-ee3fe73bad456e43adfc5ba27d9e5a60983b69e8496140308fb21061ecb2ff85.blk_read_bytes,0.0
1791387364,2026-10-07T23:36:04,docker.dev-peer0.org1.example.com-saksi-bulletin_1.0-ee3fe73bad456e43adfc5ba27d9e5a60983b69e8496140308fb21061ecb2ff85.blk_write_bytes,0.0
1791387364,2026-10-07T23:36:04,docker.dev-peer0.org2.example.com-saksi-bulletin_1.0-ee3fe73bad456e43adfc5ba27d9e5a60983b69e8496140308fb21061ecb2ff85.cpu_pct,0.0
1791387364,2026-10-07T23:36:04,docker.dev-peer0.org2.example.com-saksi-bulletin_1.0-ee3fe73bad456e43adfc5ba27d9e5a60983b69e8496140308fb21061ecb2ff85.mem_bytes,7008681.984
1791387364,2026-10-07T23:36:04,docker.dev-peer0.org2.example.com-saksi-bulletin_1.0-ee3fe73bad456e43adfc5ba27d9e5a60983b69e8496140308fb21061ecb2ff85.blk_read_bytes,0.0
1791387364,2026-10-07T23:36:04,docker.dev-peer0.org2.example.com-saksi-bulletin_1.0-ee3fe73bad456e43adfc5ba27d9e5a60983b69e8496140308fb21061ecb2ff85.blk_write_bytes,0.0
1791387364,2026-10-07T23:36:04,docker.peer0.org1.example.com.cpu_pct,1.57
1791387364,2026-10-07T23:36:04,docker.peer0.org1.example.com.mem_bytes,40967864.32
1791387364,2026-10-07T23:36:04,docker.peer0.org1.example.com.blk_read_bytes,3330000.0
1791387364,2026-10-07T23:36:04,docker.peer0.org1.example.com.blk_write_bytes,3610000.0
1791387364,2026-10-07T23:36:04,docker.orderer.example.com.cpu_pct,0.05
1791387364,2026-10-07T23:36:04,docker.orderer.example.com.mem_bytes,13295943.68
1791387364,2026-10-07T23:36:04,docker.orderer.example.com.blk_read_bytes,0.0
1791387364,2026-10-07T23:36:04,docker.orderer.example.com.blk_write_bytes,262000.0
1791387364,2026-10-07T23:36:04,docker.peer0.org2.example.com.cpu_pct,1.72
1791387364,2026-10-07T23:36:04,docker.peer0.org2.example.com.mem_bytes,41135636.48
1791387364,2026-10-07T23:36:04,docker.peer0.org2.example.com.blk_read_bytes,0.0
1791387364,2026-10-07T23:36:04,docker.peer0.org2.example.com.blk_write_bytes,3610000.0
1791387364,2026-10-07T23:36:04,wsl.MemTotal_kb,24608408
1791387364,2026-10-07T23:36:04,wsl.MemAvailable_kb,23147488
1791387364,2026-10-07T23:36:04,wsl.SwapTotal_kb,0
1791387364,2026-10-07T23:36:04,wsl.SwapFree_kb,0
1791387364,2026-10-07T23:36:04,wsl.Dirty_kb,715468
1791387364,2026-10-07T23:36:04,wsl.load1,6.87
1791387364,2026-10-07T23:36:04,wsl.load5,4.38
1791387364,2026-10-07T23:36:04,host.c_free_bytes,43248820224
1791387364,2026-10-07T23:36:04,host.q_free_bytes,382209552384
1791387364,2026-10-07T23:36:04,host.docker_vhdx_bytes,15613296640
1791387364,2026-10-07T23:36:04,host.ubuntu_vhdx_bytes,212983611392
1791387364,2026-10-07T23:36:04,win.Processor(_Total)\% Processor Time,12.203187
1791387364,2026-10-07T23:36:04,win.Memory\Available MBytes,11808.0
1791387364,2026-10-07T23:36:04,win.PhysicalDisk(0 C:)\% Disk Time,992.553933
1791387364,2026-10-07T23:36:04,win.PhysicalDisk(1 Q:)\% Disk Time,0.0
1791387364,2026-10-07T23:36:04,win.PhysicalDisk(_Total)\% Disk Time,496.276967
1791387364,2026-10-07T23:36:04,win.PhysicalDisk(0 C:)\Current Disk Queue Length,13.0
1791387364,2026-10-07T23:36:04,win.PhysicalDisk(1 Q:)\Current Disk Queue Length,0.0
1791387364,2026-10-07T23:36:04,win.PhysicalDisk(_Total)\Current Disk Queue Length,13.0
1791387364,2026-10-07T23:36:04,win.Process(vmmemWSL)\% Processor Time,23.412484
1791387374,2026-10-07T23:36:14,docker.dev-peer0.org1.example.com-saksi-bulletin_1.0-ee3fe73bad456e43adfc5ba27d9e5a60983b69e8496140308fb21061ecb2ff85.cpu_pct,0.0
1791387374,2026-10-07T23:36:14,docker.dev-peer0.org1.example.com-saksi-bulletin_1.0-ee3fe73bad456e43adfc5ba27d9e5a60983b69e8496140308fb21061ecb2ff85.mem_bytes,7241465.856
1791387374,2026-10-07T23:36:14,docker.dev-peer0.org1.example.com-saksi-bulletin_1.0-ee3fe73bad456e43adfc5ba27d9e5a60983b69e8496140308fb21061ecb2ff85.blk_read_bytes,0.0
1791387374,2026-10-07T23:36:14,docker.dev-peer0.org1.example.com-saksi-bulletin_1.0-ee3fe73bad456e43adfc5ba27d9e5a60983b69e8496140308fb21061ecb2ff85.blk_write_bytes,0.0
1791387374,2026-10-07T23:36:14,docker.dev-peer0.org2.example.com-saksi-bulletin_1.0-ee3fe73bad456e43adfc5ba27d9e5a60983b69e8496140308fb21061ecb2ff85.cpu_pct,0.0
1791387374,2026-10-07T23:36:14,docker.dev-peer0.org2.example.com-saksi-bulletin_1.0-ee3fe73bad456e43adfc5ba27d9e5a60983b69e8496140308fb21061ecb2ff85.mem_bytes,7008681.984
1791387374,2026-10-07T23:36:14,docker.dev-peer0.org2.example.com-saksi-bulletin_1.0-ee3fe73bad456e43adfc5ba27d9e5a60983b69e8496140308fb21061ecb2ff85.blk_read_bytes,0.0
1791387374,2026-10-07T23:36:14,docker.dev-peer0.org2.example.com-saksi-bulletin_1.0-ee3fe73bad456e43adfc5ba27d9e5a60983b69e8496140308fb21061ecb2ff85.blk_write_bytes,0.0
1791387374,2026-10-07T23:36:14,docker.peer0.org1.example.com.cpu_pct,1.63
1791387374,2026-10-07T23:36:14,docker.peer0.org1.example.com.mem_bytes,41471180.8
1791387374,2026-10-07T23:36:14,docker.peer0.org1.example.com.blk_read_bytes,3330000.0
1791387374,2026-10-07T23:36:14,docker.peer0.org1.example.com.blk_write_bytes,3610000.0
1791387374,2026-10-07T23:36:14,docker.orderer.example.com.cpu_pct,0.07
1791387374,2026-10-07T23:36:14,docker.orderer.example.com.mem_bytes,13295943.68
1791387374,2026-10-07T23:36:14,docker.orderer.example.com.blk_read_bytes,0.0
1791387374,2026-10-07T23:36:14,docker.orderer.example.com.blk_write_bytes,262000.0
1791387374,2026-10-07T23:36:14,docker.peer0.org2.example.com.cpu_pct,1.82
1791387374,2026-10-07T23:36:14,docker.peer0.org2.example.com.mem_bytes,40863006.72
1791387374,2026-10-07T23:36:14,docker.peer0.org2.example.com.blk_read_bytes,0.0
1791387374,2026-10-07T23:36:14,docker.peer0.org2.example.com.blk_write_bytes,3610000.0
1791387374,2026-10-07T23:36:14,wsl.MemTotal_kb,24608408
1791387374,2026-10-07T23:36:14,wsl.MemAvailable_kb,23138196
1791387374,2026-10-07T23:36:14,wsl.SwapTotal_kb,0
1791387374,2026-10-07T23:36:14,wsl.SwapFree_kb,0
1791387374,2026-10-07T23:36:14,wsl.Dirty_kb,610604
1791387374,2026-10-07T23:36:14,wsl.load1,6.46
1791387374,2026-10-07T23:36:14,wsl.load5,4.43
1791387374,2026-10-07T23:36:14,host.c_free_bytes,43248947200
1791387374,2026-10-07T23:36:14,host.q_free_bytes,382209552384
1791387374,2026-10-07T23:36:14,host.docker_vhdx_bytes,15613296640
1791387374,2026-10-07T23:36:14,host.ubuntu_vhdx_bytes,212983611392
1791387374,2026-10-07T23:36:14,win.Processor(_Total)\% Processor Time,16.996802
1791387374,2026-10-07T23:36:14,win.Memory\Available MBytes,11657.0
1791387374,2026-10-07T23:36:14,win.PhysicalDisk(0 C:)\% Disk Time,1101.350472
1791387374,2026-10-07T23:36:14,win.PhysicalDisk(1 Q:)\% Disk Time,0.0
1791387374,2026-10-07T23:36:14,win.PhysicalDisk(_Total)\% Disk Time,550.675236
1791387374,2026-10-07T23:36:14,win.PhysicalDisk(0 C:)\Current Disk Queue Length,11.0
1791387374,2026-10-07T23:36:14,win.PhysicalDisk(1 Q:)\Current Disk Queue Length,0.0
1791387374,2026-10-07T23:36:14,win.PhysicalDisk(_Total)\Current Disk Queue Length,11.0
1791387374,2026-10-07T23:36:14,win.Process(vmmemWSL)\% Processor Time,24.662916
1791387389,2026-10-07T23:36:28,docker.dev-peer0.org1.example.com-saksi-bulletin_1.0-ee3fe73bad456e43adfc5ba27d9e5a60983b69e8496140308fb21061ecb2ff85.cpu_pct,0.0
1791387389,2026-10-07T23:36:28,docker.dev-peer0.org1.example.com-saksi-bulletin_1.0-ee3fe73bad456e43adfc5ba27d9e5a60983b69e8496140308fb21061ecb2ff85.mem_bytes,7241465.856
1791387389,2026-10-07T23:36:28,docker.dev-peer0.org1.example.com-saksi-bulletin_1.0-ee3fe73bad456e43adfc5ba27d9e5a60983b69e8496140308fb21061ecb2ff85.blk_read_bytes,0.0
1791387389,2026-10-07T23:36:28,docker.dev-peer0.org1.example.com-saksi-bulletin_1.0-ee3fe73bad456e43adfc5ba27d9e5a60983b69e8496140308fb21061ecb2ff85.blk_write_bytes,0.0
1791387389,2026-10-07T23:36:28,docker.dev-peer0.org2.example.com-saksi-bulletin_1.0-ee3fe73bad456e43adfc5ba27d9e5a60983b69e8496140308fb21061ecb2ff85.cpu_pct,0.0
1791387389,2026-10-07T23:36:28,docker.dev-peer0.org2.example.com-saksi-bulletin_1.0-ee3fe73bad456e43adfc5ba27d9e5a60983b69e8496140308fb21061ecb2ff85.mem_bytes,7008681.984
1791387389,2026-10-07T23:36:28,docker.dev-peer0.org2.example.com-saksi-bulletin_1.0-ee3fe73bad456e43adfc5ba27d9e5a60983b69e8496140308fb21061ecb2ff85.blk_read_bytes,0.0
1791387389,2026-10-07T23:36:28,docker.dev-peer0.org2.example.com-saksi-bulletin_1.0-ee3fe73bad456e43adfc5ba27d9e5a60983b69e8496140308fb21061ecb2ff85.blk_write_bytes,0.0
1791387389,2026-10-07T23:36:28,docker.peer0.org1.example.com.cpu_pct,1.59
1791387389,2026-10-07T23:36:28,docker.peer0.org1.example.com.mem_bytes,41450209.28
1791387389,2026-10-07T23:36:28,docker.peer0.org1.example.com.blk_read_bytes,3330000.0
1791387389,2026-10-07T23:36:28,docker.peer0.org1.example.com.blk_write_bytes,3610000.0
1791387389,2026-10-07T23:36:28,docker.orderer.example.com.cpu_pct,0.05
1791387389,2026-10-07T23:36:28,docker.orderer.example.com.mem_bytes,13285457.92
1791387389,2026-10-07T23:36:28,docker.orderer.example.com.blk_read_bytes,0.0
1791387389,2026-10-07T23:36:28,docker.orderer.example.com.blk_write_bytes,262000.0
1791387389,2026-10-07T23:36:28,docker.peer0.org2.example.com.cpu_pct,1.74
1791387389,2026-10-07T23:36:28,docker.peer0.org2.example.com.mem_bytes,41083207.68
1791387389,2026-10-07T23:36:28,docker.peer0.org2.example.com.blk_read_bytes,0.0
1791387389,2026-10-07T23:36:28,docker.peer0.org2.example.com.blk_write_bytes,3610000.0
1791387389,2026-10-07T23:36:28,wsl.MemTotal_kb,24608408
1791387389,2026-10-07T23:36:28,wsl.MemAvailable_kb,23136144
1791387389,2026-10-07T23:36:28,wsl.SwapTotal_kb,0
1791387389,2026-10-07T23:36:28,wsl.SwapFree_kb,0
1791387389,2026-10-07T23:36:28,wsl.Dirty_kb,262052
1791387389,2026-10-07T23:36:28,wsl.load1,6.18
1791387389,2026-10-07T23:36:28,wsl.load5,4.41
1791387389,2026-10-07T23:36:28,host.c_free_bytes,42779185152
1791387389,2026-10-07T23:36:28,host.q_free_bytes,382209552384
1791387389,2026-10-07T23:36:28,host.docker_vhdx_bytes,15613296640
1791387389,2026-10-07T23:36:28,host.ubuntu_vhdx_bytes,212983611392
1791387389,2026-10-07T23:36:28,win.Processor(_Total)\% Processor Time,16.996802
1791387389,2026-10-07T23:36:28,win.Memory\Available MBytes,11657.0
1791387389,2026-10-07T23:36:28,win.PhysicalDisk(0 C:)\% Disk Time,1101.350472
1791387389,2026-10-07T23:36:28,win.PhysicalDisk(1 Q:)\% Disk Time,0.0
1791387389,2026-10-07T23:36:28,win.PhysicalDisk(_Total)\% Disk Time,550.675236
1791387389,2026-10-07T23:36:28,win.PhysicalDisk(0 C:)\Current Disk Queue Length,11.0
1791387389,2026-10-07T23:36:28,win.PhysicalDisk(1 Q:)\Current Disk Queue Length,0.0
1791387389,2026-10-07T23:36:28,win.PhysicalDisk(_Total)\Current Disk Queue Length,11.0
1791387389,2026-10-07T23:36:28,win.Process(vmmemWSL)\% Processor Time,24.662916
1791387399,2026-10-07T23:36:38,docker.dev-peer0.org1.example.com-saksi-bulletin_1.0-ee3fe73bad456e43adfc5ba27d9e5a60983b69e8496140308fb21061ecb2ff85.cpu_pct,0.0
1791387399,2026-10-07T23:36:38,docker.dev-peer0.org1.example.com-saksi-bulletin_1.0-ee3fe73bad456e43adfc5ba27d9e5a60983b69e8496140308fb21061ecb2ff85.mem_bytes,7241465.856
1791387399,2026-10-07T23:36:38,docker.dev-peer0.org1.example.com-saksi-bulletin_1.0-ee3fe73bad456e43adfc5ba27d9e5a60983b69e8496140308fb21061ecb2ff85.blk_read_bytes,0.0
1791387399,2026-10-07T23:36:38,docker.dev-peer0.org1.example.com-saksi-bulletin_1.0-ee3fe73bad456e43adfc5ba27d9e5a60983b69e8496140308fb21061ecb2ff85.blk_write_bytes,0.0
1791387399,2026-10-07T23:36:38,docker.dev-peer0.org2.example.com-saksi-bulletin_1.0-ee3fe73bad456e43adfc5ba27d9e5a60983b69e8496140308fb21061ecb2ff85.cpu_pct,0.0
1791387399,2026-10-07T23:36:38,docker.dev-peer0.org2.example.com-saksi-bulletin_1.0-ee3fe73bad456e43adfc5ba27d9e5a60983b69e8496140308fb21061ecb2ff85.mem_bytes,7008681.984
1791387399,2026-10-07T23:36:38,docker.dev-peer0.org2.example.com-saksi-bulletin_1.0-ee3fe73bad456e43adfc5ba27d9e5a60983b69e8496140308fb21061ecb2ff85.blk_read_bytes,0.0
1791387399,2026-10-07T23:36:38,docker.dev-peer0.org2.example.com-saksi-bulletin_1.0-ee3fe73bad456e43adfc5ba27d9e5a60983b69e8496140308fb21061ecb2ff85.blk_write_bytes,0.0
1791387399,2026-10-07T23:36:38,docker.peer0.org1.example.com.cpu_pct,1.48
1791387399,2026-10-07T23:36:38,docker.peer0.org1.example.com.mem_bytes,41324380.16
1791387399,2026-10-07T23:36:38,docker.peer0.org1.example.com.blk_read_bytes,3330000.0
1791387399,2026-10-07T23:36:38,docker.peer0.org1.example.com.blk_write_bytes,3610000.0
1791387399,2026-10-07T23:36:38,docker.orderer.example.com.cpu_pct,0.05
1791387399,2026-10-07T23:36:38,docker.orderer.example.com.mem_bytes,13547601.92
1791387399,2026-10-07T23:36:38,docker.orderer.example.com.blk_read_bytes,0.0
1791387399,2026-10-07T23:36:38,docker.orderer.example.com.blk_write_bytes,262000.0
1791387399,2026-10-07T23:36:38,docker.peer0.org2.example.com.cpu_pct,2.07
1791387399,2026-10-07T23:36:38,docker.peer0.org2.example.com.mem_bytes,40842035.2
1791387399,2026-10-07T23:36:38,docker.peer0.org2.example.com.blk_read_bytes,0.0
1791387399,2026-10-07T23:36:38,docker.peer0.org2.example.com.blk_write_bytes,3610000.0
1791387399,2026-10-07T23:36:38,wsl.MemTotal_kb,24608408
1791387399,2026-10-07T23:36:38,wsl.MemAvailable_kb,23148380
1791387399,2026-10-07T23:36:38,wsl.SwapTotal_kb,0
1791387399,2026-10-07T23:36:38,wsl.SwapFree_kb,0
1791387399,2026-10-07T23:36:38,wsl.Dirty_kb,633488
1791387399,2026-10-07T23:36:38,wsl.load1,5.38
1791387399,2026-10-07T23:36:38,wsl.load5,4.3
1791387399,2026-10-07T23:36:38,host.c_free_bytes,42543820800
1791387399,2026-10-07T23:36:38,host.q_free_bytes,382209552384
1791387399,2026-10-07T23:36:38,host.docker_vhdx_bytes,15613296640
1791387399,2026-10-07T23:36:38,host.ubuntu_vhdx_bytes,212983611392
1791387399,2026-10-07T23:36:38,win.Processor(_Total)\% Processor Time,16.118048
1791387399,2026-10-07T23:36:38,win.Memory\Available MBytes,11678.0
1791387399,2026-10-07T23:36:38,win.PhysicalDisk(0 C:)\% Disk Time,1176.526408
1791387399,2026-10-07T23:36:38,win.PhysicalDisk(1 Q:)\% Disk Time,0.0
1791387399,2026-10-07T23:36:38,win.PhysicalDisk(_Total)\% Disk Time,588.263204
1791387399,2026-10-07T23:36:38,win.PhysicalDisk(0 C:)\Current Disk Queue Length,3.0
1791387399,2026-10-07T23:36:38,win.PhysicalDisk(1 Q:)\Current Disk Queue Length,0.0
1791387399,2026-10-07T23:36:38,win.PhysicalDisk(_Total)\Current Disk Queue Length,3.0
1791387399,2026-10-07T23:36:38,win.Process(vmmemWSL)\% Processor Time,19.518779
1791387409,2026-10-07T23:36:48,docker.dev-peer0.org1.example.com-saksi-bulletin_1.0-ee3fe73bad456e43adfc5ba27d9e5a60983b69e8496140308fb21061ecb2ff85.cpu_pct,0.0
1791387409,2026-10-07T23:36:48,docker.dev-peer0.org1.example.com-saksi-bulletin_1.0-ee3fe73bad456e43adfc5ba27d9e5a60983b69e8496140308fb21061ecb2ff85.mem_bytes,7241465.856
1791387409,2026-10-07T23:36:48,docker.dev-peer0.org1.example.com-saksi-bulletin_1.0-ee3fe73bad456e43adfc5ba27d9e5a60983b69e8496140308fb21061ecb2ff85.blk_read_bytes,0.0
1791387409,2026-10-07T23:36:48,docker.dev-peer0.org1.example.com-saksi-bulletin_1.0-ee3fe73bad456e43adfc5ba27d9e5a60983b69e8496140308fb21061ecb2ff85.blk_write_bytes,0.0
1791387409,2026-10-07T23:36:48,docker.dev-peer0.org2.example.com-saksi-bulletin_1.0-ee3fe73bad456e43adfc5ba27d9e5a60983b69e8496140308fb21061ecb2ff85.cpu_pct,0.0
1791387409,2026-10-07T23:36:48,docker.dev-peer0.org2.example.com-saksi-bulletin_1.0-ee3fe73bad456e43adfc5ba27d9e5a60983b69e8496140308fb21061ecb2ff85.mem_bytes,6770655.232
1791387409,2026-10-07T23:36:48,docker.dev-peer0.org2.example.com-saksi-bulletin_1.0-ee3fe73bad456e43adfc5ba27d9e5a60983b69e8496140308fb21061ecb2ff85.blk_read_bytes,0.0
1791387409,2026-10-07T23:36:48,docker.dev-peer0.org2.example.com-saksi-bulletin_1.0-ee3fe73bad456e43adfc5ba27d9e5a60983b69e8496140308fb21061ecb2ff85.blk_write_bytes,0.0
1791387409,2026-10-07T23:36:48,docker.peer0.org1.example.com.cpu_pct,1.53
1791387409,2026-10-07T23:36:48,docker.peer0.org1.example.com.mem_bytes,41555066.88
1791387409,2026-10-07T23:36:48,docker.peer0.org1.example.com.blk_read_bytes,3330000.0
1791387409,2026-10-07T23:36:48,docker.peer0.org1.example.com.blk_write_bytes,3610000.0
1791387409,2026-10-07T23:36:48,docker.orderer.example.com.cpu_pct,0.04
1791387409,2026-10-07T23:36:48,docker.orderer.example.com.mem_bytes,13547601.92
1791387409,2026-10-07T23:36:48,docker.orderer.example.com.blk_read_bytes,0.0
1791387409,2026-10-07T23:36:48,docker.orderer.example.com.blk_write_bytes,262000.0
1791387409,2026-10-07T23:36:48,docker.peer0.org2.example.com.cpu_pct,1.5
1791387409,2026-10-07T23:36:48,docker.peer0.org2.example.com.mem_bytes,41062236.16
1791387409,2026-10-07T23:36:48,docker.peer0.org2.example.com.blk_read_bytes,0.0
1791387409,2026-10-07T23:36:48,docker.peer0.org2.example.com.blk_write_bytes,3610000.0
1791387409,2026-10-07T23:36:48,wsl.MemTotal_kb,24608408
1791387409,2026-10-07T23:36:48,wsl.MemAvailable_kb,23145916
1791387409,2026-10-07T23:36:48,wsl.SwapTotal_kb,0
1791387409,2026-10-07T23:36:48,wsl.SwapFree_kb,0
1791387409,2026-10-07T23:36:48,wsl.Dirty_kb,806308
1791387409,2026-10-07T23:36:48,wsl.load1,4.87
1791387409,2026-10-07T23:36:48,wsl.load5,4.22
1791387409,2026-10-07T23:36:48,host.c_free_bytes,42544537600
1791387409,2026-10-07T23:36:48,host.q_free_bytes,382209552384
1791387409,2026-10-07T23:36:48,host.docker_vhdx_bytes,15613296640
1791387409,2026-10-07T23:36:48,host.ubuntu_vhdx_bytes,212983611392
1791387409,2026-10-07T23:36:48,win.Processor(_Total)\% Processor Time,21.201076
1791387409,2026-10-07T23:36:48,win.Memory\Available MBytes,11405.0
1791387409,2026-10-07T23:36:48,win.PhysicalDisk(0 C:)\% Disk Time,703.565593
1791387409,2026-10-07T23:36:48,win.PhysicalDisk(1 Q:)\% Disk Time,0.0
1791387409,2026-10-07T23:36:48,win.PhysicalDisk(_Total)\% Disk Time,351.782797
1791387409,2026-10-07T23:36:48,win.PhysicalDisk(0 C:)\Current Disk Queue Length,0.0
1791387409,2026-10-07T23:36:48,win.PhysicalDisk(1 Q:)\Current Disk Queue Length,0.0
1791387409,2026-10-07T23:36:48,win.PhysicalDisk(_Total)\Current Disk Queue Length,0.0
1791387409,2026-10-07T23:36:48,win.Process(vmmemWSL)\% Processor Time,93.657258
1791387419,2026-10-07T23:36:58,docker.dev-peer0.org1.example.com-saksi-bulletin_1.0-ee3fe73bad456e43adfc5ba27d9e5a60983b69e8496140308fb21061ecb2ff85.cpu_pct,0.0
1791387419,2026-10-07T23:36:58,docker.dev-peer0.org1.example.com-saksi-bulletin_1.0-ee3fe73bad456e43adfc5ba27d9e5a60983b69e8496140308fb21061ecb2ff85.mem_bytes,8023703.552
1791387419,2026-10-07T23:36:58,docker.dev-peer0.org1.example.com-saksi-bulletin_1.0-ee3fe73bad456e43adfc5ba27d9e5a60983b69e8496140308fb21061ecb2ff85.blk_read_bytes,0.0
1791387419,2026-10-07T23:36:58,docker.dev-peer0.org1.example.com-saksi-bulletin_1.0-ee3fe73bad456e43adfc5ba27d9e5a60983b69e8496140308fb21061ecb2ff85.blk_write_bytes,0.0
1791387419,2026-10-07T23:36:58,docker.dev-peer0.org2.example.com-saksi-bulletin_1.0-ee3fe73bad456e43adfc5ba27d9e5a60983b69e8496140308fb21061ecb2ff85.cpu_pct,0.0
1791387419,2026-10-07T23:36:58,docker.dev-peer0.org2.example.com-saksi-bulletin_1.0-ee3fe73bad456e43adfc5ba27d9e5a60983b69e8496140308fb21061ecb2ff85.mem_bytes,7299137.536
1791387419,2026-10-07T23:36:58,docker.dev-peer0.org2.example.com-saksi-bulletin_1.0-ee3fe73bad456e43adfc5ba27d9e5a60983b69e8496140308fb21061ecb2ff85.blk_read_bytes,0.0
1791387419,2026-10-07T23:36:58,docker.dev-peer0.org2.example.com-saksi-bulletin_1.0-ee3fe73bad456e43adfc5ba27d9e5a60983b69e8496140308fb21061ecb2ff85.blk_write_bytes,0.0
1791387419,2026-10-07T23:36:58,docker.peer0.org1.example.com.cpu_pct,1.54
1791387419,2026-10-07T23:36:58,docker.peer0.org1.example.com.mem_bytes,41827696.64
1791387419,2026-10-07T23:36:58,docker.peer0.org1.example.com.blk_read_bytes,3330000.0
1791387419,2026-10-07T23:36:58,docker.peer0.org1.example.com.blk_write_bytes,3610000.0
1791387419,2026-10-07T23:36:58,docker.orderer.example.com.cpu_pct,0.05
1791387419,2026-10-07T23:36:58,docker.orderer.example.com.mem_bytes,14071889.92
1791387419,2026-10-07T23:36:58,docker.orderer.example.com.blk_read_bytes,0.0
1791387419,2026-10-07T23:36:58,docker.orderer.example.com.blk_write_bytes,262000.0
1791387419,2026-10-07T23:36:58,docker.peer0.org2.example.com.cpu_pct,1.46
1791387419,2026-10-07T23:36:58,docker.peer0.org2.example.com.mem_bytes,40328232.96
1791387419,2026-10-07T23:36:58,docker.peer0.org2.example.com.blk_read_bytes,0.0
1791387419,2026-10-07T23:36:58,docker.peer0.org2.example.com.blk_write_bytes,3610000.0
1791387419,2026-10-07T23:36:58,wsl.MemTotal_kb,24608408
1791387419,2026-10-07T23:36:58,wsl.MemAvailable_kb,23143960
1791387419,2026-10-07T23:36:58,wsl.SwapTotal_kb,0
1791387419,2026-10-07T23:36:58,wsl.SwapFree_kb,0
1791387419,2026-10-07T23:36:58,wsl.Dirty_kb,747816
1791387419,2026-10-07T23:36:58,wsl.load1,4.74
1791387419,2026-10-07T23:36:58,wsl.load5,4.22
1791387419,2026-10-07T23:36:58,host.c_free_bytes,42309349376
1791387419,2026-10-07T23:36:58,host.q_free_bytes,382209552384
1791387419,2026-10-07T23:36:58,host.docker_vhdx_bytes,15613296640
1791387419,2026-10-07T23:36:58,host.ubuntu_vhdx_bytes,212983611392
1791387419,2026-10-07T23:36:58,win.Processor(_Total)\% Processor Time,24.860431
1791387419,2026-10-07T23:36:58,win.Memory\Available MBytes,10716.0
1791387419,2026-10-07T23:36:58,win.PhysicalDisk(0 C:)\% Disk Time,13.098559
1791387419,2026-10-07T23:36:58,win.PhysicalDisk(1 Q:)\% Disk Time,0.00875
1791387419,2026-10-07T23:36:58,win.PhysicalDisk(_Total)\% Disk Time,6.553654
1791387419,2026-10-07T23:36:58,win.PhysicalDisk(0 C:)\Current Disk Queue Length,0.0
1791387419,2026-10-07T23:36:58,win.PhysicalDisk(1 Q:)\Current Disk Queue Length,0.0
1791387419,2026-10-07T23:36:58,win.PhysicalDisk(_Total)\Current Disk Queue Length,0.0
1791387419,2026-10-07T23:36:58,win.Process(vmmemWSL)\% Processor Time,166.846875
1791387429,2026-10-07T23:37:08,docker.dev-peer0.org1.example.com-saksi-bulletin_1.0-ee3fe73bad456e43adfc5ba27d9e5a60983b69e8496140308fb21061ecb2ff85.cpu_pct,0.0
1791387429,2026-10-07T23:37:08,docker.dev-peer0.org1.example.com-saksi-bulletin_1.0-ee3fe73bad456e43adfc5ba27d9e5a60983b69e8496140308fb21061ecb2ff85.mem_bytes,7761559.552
1791387429,2026-10-07T23:37:08,docker.dev-peer0.org1.example.com-saksi-bulletin_1.0-ee3fe73bad456e43adfc5ba27d9e5a60983b69e8496140308fb21061ecb2ff85.blk_read_bytes,0.0
1791387429,2026-10-07T23:37:08,docker.dev-peer0.org1.example.com-saksi-bulletin_1.0-ee3fe73bad456e43adfc5ba27d9e5a60983b69e8496140308fb21061ecb2ff85.blk_write_bytes,0.0
1791387429,2026-10-07T23:37:08,docker.dev-peer0.org2.example.com-saksi-bulletin_1.0-ee3fe73bad456e43adfc5ba27d9e5a60983b69e8496140308fb21061ecb2ff85.cpu_pct,0.0
1791387429,2026-10-07T23:37:08,docker.dev-peer0.org2.example.com-saksi-bulletin_1.0-ee3fe73bad456e43adfc5ba27d9e5a60983b69e8496140308fb21061ecb2ff85.mem_bytes,7032799.232
1791387429,2026-10-07T23:37:08,docker.dev-peer0.org2.example.com-saksi-bulletin_1.0-ee3fe73bad456e43adfc5ba27d9e5a60983b69e8496140308fb21061ecb2ff85.blk_read_bytes,0.0
1791387429,2026-10-07T23:37:08,docker.dev-peer0.org2.example.com-saksi-bulletin_1.0-ee3fe73bad456e43adfc5ba27d9e5a60983b69e8496140308fb21061ecb2ff85.blk_write_bytes,0.0
1791387429,2026-10-07T23:37:08,docker.peer0.org1.example.com.cpu_pct,1.82
1791387429,2026-10-07T23:37:08,docker.peer0.org1.example.com.mem_bytes,41827696.64
1791387429,2026-10-07T23:37:08,docker.peer0.org1.example.com.blk_read_bytes,3330000.0
1791387429,2026-10-07T23:37:08,docker.peer0.org1.example.com.blk_write_bytes,3610000.0
1791387429,2026-10-07T23:37:08,docker.orderer.example.com.cpu_pct,0.06
1791387429,2026-10-07T23:37:08,docker.orderer.example.com.mem_bytes,14071889.92
1791387429,2026-10-07T23:37:08,docker.orderer.example.com.blk_read_bytes,0.0
1791387429,2026-10-07T23:37:08,docker.orderer.example.com.blk_write_bytes,262000.0
1791387429,2026-10-07T23:37:08,docker.peer0.org2.example.com.cpu_pct,1.19
1791387429,2026-10-07T23:37:08,docker.peer0.org2.example.com.mem_bytes,40852520.96
1791387429,2026-10-07T23:37:08,docker.peer0.org2.example.com.blk_read_bytes,0.0
1791387429,2026-10-07T23:37:08,docker.peer0.org2.example.com.blk_write_bytes,3610000.0
1791387429,2026-10-07T23:37:08,host.c_free_bytes,42308775936
1791387429,2026-10-07T23:37:08,host.q_free_bytes,382209552384
1791387429,2026-10-07T23:37:08,host.docker_vhdx_bytes,15613296640
1791387429,2026-10-07T23:37:08,host.ubuntu_vhdx_bytes,212983611392
1791387429,2026-10-07T23:37:08,win.Processor(_Total)\% Processor Time,16.531737
1791387429,2026-10-07T23:37:08,win.Memory\Available MBytes,10604.0
1791387429,2026-10-07T23:37:08,win.PhysicalDisk(0 C:)\% Disk Time,1685.547054
1791387429,2026-10-07T23:37:08,win.PhysicalDisk(1 Q:)\% Disk Time,0.0
1791387429,2026-10-07T23:37:08,win.PhysicalDisk(_Total)\% Disk Time,842.773527
1791387429,2026-10-07T23:37:08,win.PhysicalDisk(0 C:)\Current Disk Queue Length,13.0
1791387429,2026-10-07T23:37:08,win.PhysicalDisk(1 Q:)\Current Disk Queue Length,0.0
1791387429,2026-10-07T23:37:08,win.PhysicalDisk(_Total)\Current Disk Queue Length,13.0
1791387429,2026-10-07T23:37:08,win.Process(vmmemWSL)\% Processor Time,29.500704
1791387474,2026-10-07T23:37:53,docker.dev-peer0.org1.example.com-saksi-bulletin_1.0-ee3fe73bad456e43adfc5ba27d9e5a60983b69e8496140308fb21061ecb2ff85.cpu_pct,0.05
1791387474,2026-10-07T23:37:53,docker.dev-peer0.org1.example.com-saksi-bulletin_1.0-ee3fe73bad456e43adfc5ba27d9e5a60983b69e8496140308fb21061ecb2ff85.mem_bytes,7778336.768
1791387474,2026-10-07T23:37:53,docker.dev-peer0.org1.example.com-saksi-bulletin_1.0-ee3fe73bad456e43adfc5ba27d9e5a60983b69e8496140308fb21061ecb2ff85.blk_read_bytes,0.0
1791387474,2026-10-07T23:37:53,docker.dev-peer0.org1.example.com-saksi-bulletin_1.0-ee3fe73bad456e43adfc5ba27d9e5a60983b69e8496140308fb21061ecb2ff85.blk_write_bytes,0.0
1791387474,2026-10-07T23:37:53,docker.dev-peer0.org2.example.com-saksi-bulletin_1.0-ee3fe73bad456e43adfc5ba27d9e5a60983b69e8496140308fb21061ecb2ff85.cpu_pct,0.0
1791387474,2026-10-07T23:37:53,docker.dev-peer0.org2.example.com-saksi-bulletin_1.0-ee3fe73bad456e43adfc5ba27d9e5a60983b69e8496140308fb21061ecb2ff85.mem_bytes,7294943.232
1791387474,2026-10-07T23:37:53,docker.dev-peer0.org2.example.com-saksi-bulletin_1.0-ee3fe73bad456e43adfc5ba27d9e5a60983b69e8496140308fb21061ecb2ff85.blk_read_bytes,0.0
1791387474,2026-10-07T23:37:53,docker.dev-peer0.org2.example.com-saksi-bulletin_1.0-ee3fe73bad456e43adfc5ba27d9e5a60983b69e8496140308fb21061ecb2ff85.blk_write_bytes,0.0
1791387474,2026-10-07T23:37:53,docker.peer0.org1.example.com.cpu_pct,1.72
1791387474,2026-10-07T23:37:53,docker.peer0.org1.example.com.mem_bytes,41555066.88
1791387474,2026-10-07T23:37:53,docker.peer0.org1.example.com.blk_read_bytes,3330000.0
1791387474,2026-10-07T23:37:53,docker.peer0.org1.example.com.blk_write_bytes,3610000.0
1791387474,2026-10-07T23:37:53,docker.orderer.example.com.cpu_pct,0.06
1791387474,2026-10-07T23:37:53,docker.orderer.example.com.mem_bytes,13295943.68
1791387474,2026-10-07T23:37:53,docker.orderer.example.com.blk_read_bytes,0.0
1791387474,2026-10-07T23:37:53,docker.orderer.example.com.blk_write_bytes,262000.0
1791387474,2026-10-07T23:37:53,docker.peer0.org2.example.com.cpu_pct,1.76
1791387474,2026-10-07T23:37:53,docker.peer0.org2.example.com.mem_bytes,41355837.44
1791387474,2026-10-07T23:37:53,docker.peer0.org2.example.com.blk_read_bytes,0.0
1791387474,2026-10-07T23:37:53,docker.peer0.org2.example.com.blk_write_bytes,3610000.0
1791387474,2026-10-07T23:37:53,wsl.MemTotal_kb,24608408
1791387474,2026-10-07T23:37:53,wsl.MemAvailable_kb,23116988
1791387474,2026-10-07T23:37:53,wsl.SwapTotal_kb,0
1791387474,2026-10-07T23:37:53,wsl.SwapFree_kb,0
1791387474,2026-10-07T23:37:53,wsl.Dirty_kb,617520
1791387474,2026-10-07T23:37:53,wsl.load1,6.99
1791387474,2026-10-07T23:37:53,wsl.load5,4.91
1791387474,2026-10-07T23:37:53,host.c_free_bytes,42308050944
1791387474,2026-10-07T23:37:53,host.q_free_bytes,382209552384
1791387474,2026-10-07T23:37:53,host.docker_vhdx_bytes,15613296640
1791387474,2026-10-07T23:37:53,host.ubuntu_vhdx_bytes,212983611392
1791387474,2026-10-07T23:37:53,win.Processor(_Total)\% Processor Time,17.476185
1791387474,2026-10-07T23:37:53,win.Memory\Available MBytes,10593.0
1791387474,2026-10-07T23:37:53,win.PhysicalDisk(0 C:)\% Disk Time,1581.368348
1791387474,2026-10-07T23:37:53,win.PhysicalDisk(1 Q:)\% Disk Time,0.0
1791387474,2026-10-07T23:37:53,win.PhysicalDisk(_Total)\% Disk Time,790.684174
1791387474,2026-10-07T23:37:53,win.PhysicalDisk(0 C:)\Current Disk Queue Length,7.0
1791387474,2026-10-07T23:37:53,win.PhysicalDisk(1 Q:)\Current Disk Queue Length,0.0
1791387474,2026-10-07T23:37:53,win.PhysicalDisk(_Total)\Current Disk Queue Length,7.0
1791387474,2026-10-07T23:37:53,win.Process(vmmemWSL)\% Processor Time,27.137527
1791387484,2026-10-07T23:38:03,docker.dev-peer0.org1.example.com-saksi-bulletin_1.0-ee3fe73bad456e43adfc5ba27d9e5a60983b69e8496140308fb21061ecb2ff85.cpu_pct,0.0
1791387484,2026-10-07T23:38:03,docker.dev-peer0.org1.example.com-saksi-bulletin_1.0-ee3fe73bad456e43adfc5ba27d9e5a60983b69e8496140308fb21061ecb2ff85.mem_bytes,7774142.464
1791387484,2026-10-07T23:38:03,docker.dev-peer0.org1.example.com-saksi-bulletin_1.0-ee3fe73bad456e43adfc5ba27d9e5a60983b69e8496140308fb21061ecb2ff85.blk_read_bytes,0.0
1791387484,2026-10-07T23:38:03,docker.dev-peer0.org1.example.com-saksi-bulletin_1.0-ee3fe73bad456e43adfc5ba27d9e5a60983b69e8496140308fb21061ecb2ff85.blk_write_bytes,0.0
1791387484,2026-10-07T23:38:03,docker.dev-peer0.org2.example.com-saksi-bulletin_1.0-ee3fe73bad456e43adfc5ba27d9e5a60983b69e8496140308fb21061ecb2ff85.cpu_pct,0.0
1791387484,2026-10-07T23:38:03,docker.dev-peer0.org2.example.com-saksi-bulletin_1.0-ee3fe73bad456e43adfc5ba27d9e5a60983b69e8496140308fb21061ecb2ff85.mem_bytes,7032799.232
1791387484,2026-10-07T23:38:03,docker.dev-peer0.org2.example.com-saksi-bulletin_1.0-ee3fe73bad456e43adfc5ba27d9e5a60983b69e8496140308fb21061ecb2ff85.blk_read_bytes,0.0
1791387484,2026-10-07T23:38:03,docker.dev-peer0.org2.example.com-saksi-bulletin_1.0-ee3fe73bad456e43adfc5ba27d9e5a60983b69e8496140308fb21061ecb2ff85.blk_write_bytes,0.0
1791387484,2026-10-07T23:38:03,docker.peer0.org1.example.com.cpu_pct,1.74
1791387484,2026-10-07T23:38:03,docker.peer0.org1.example.com.mem_bytes,41041264.64
1791387484,2026-10-07T23:38:03,docker.peer0.org1.example.com.blk_read_bytes,3330000.0
1791387484,2026-10-07T23:38:03,docker.peer0.org1.example.com.blk_write_bytes,3610000.0
1791387484,2026-10-07T23:38:03,docker.orderer.example.com.cpu_pct,0.06
1791387484,2026-10-07T23:38:03,docker.orderer.example.com.mem_bytes,13295943.68
1791387484,2026-10-07T23:38:03,docker.orderer.example.com.blk_read_bytes,0.0
1791387484,2026-10-07T23:38:03,docker.orderer.example.com.blk_write_bytes,262000.0
1791387484,2026-10-07T23:38:03,docker.peer0.org2.example.com.cpu_pct,1.8
1791387484,2026-10-07T23:38:03,docker.peer0.org2.example.com.mem_bytes,40988835.84
1791387484,2026-10-07T23:38:03,docker.peer0.org2.example.com.blk_read_bytes,0.0
1791387484,2026-10-07T23:38:03,docker.peer0.org2.example.com.blk_write_bytes,3610000.0
1791387484,2026-10-07T23:38:03,wsl.MemTotal_kb,24608408
1791387484,2026-10-07T23:38:03,wsl.MemAvailable_kb,23115692
1791387484,2026-10-07T23:38:03,wsl.SwapTotal_kb,0
1791387484,2026-10-07T23:38:03,wsl.SwapFree_kb,0
1791387484,2026-10-07T23:38:03,wsl.Dirty_kb,66900
1791387484,2026-10-07T23:38:03,wsl.load1,6.67
1791387484,2026-10-07T23:38:03,wsl.load5,4.87
1791387484,2026-10-07T23:38:03,host.c_free_bytes,45574815744
1791387484,2026-10-07T23:38:03,host.q_free_bytes,382209552384
1791387484,2026-10-07T23:38:03,host.docker_vhdx_bytes,15613296640
1791387484,2026-10-07T23:38:03,host.ubuntu_vhdx_bytes,212983611392
1791387484,2026-10-07T23:38:03,win.Processor(_Total)\% Processor Time,17.476185
1791387484,2026-10-07T23:38:03,win.Memory\Available MBytes,10593.0
1791387484,2026-10-07T23:38:03,win.PhysicalDisk(0 C:)\% Disk Time,1581.368348
1791387484,2026-10-07T23:38:03,win.PhysicalDisk(1 Q:)\% Disk Time,0.0
1791387484,2026-10-07T23:38:03,win.PhysicalDisk(_Total)\% Disk Time,790.684174
1791387484,2026-10-07T23:38:03,win.PhysicalDisk(0 C:)\Current Disk Queue Length,7.0
1791387484,2026-10-07T23:38:03,win.PhysicalDisk(1 Q:)\Current Disk Queue Length,0.0
1791387484,2026-10-07T23:38:03,win.PhysicalDisk(_Total)\Current Disk Queue Length,7.0
1791387484,2026-10-07T23:38:03,win.Process(vmmemWSL)\% Processor Time,27.137527
1791387494,2026-10-07T23:38:13,docker.dev-peer0.org1.example.com-saksi-bulletin_1.0-ee3fe73bad456e43adfc5ba27d9e5a60983b69e8496140308fb21061ecb2ff85.cpu_pct,0.0
1791387494,2026-10-07T23:38:13,docker.dev-peer0.org1.example.com-saksi-bulletin_1.0-ee3fe73bad456e43adfc5ba27d9e5a60983b69e8496140308fb21061ecb2ff85.mem_bytes,8814329.856
1791387494,2026-10-07T23:38:13,docker.dev-peer0.org1.example.com-saksi-bulletin_1.0-ee3fe73bad456e43adfc5ba27d9e5a60983b69e8496140308fb21061ecb2ff85.blk_read_bytes,4440000.0
1791387494,2026-10-07T23:38:13,docker.dev-peer0.org1.example.com-saksi-bulletin_1.0-ee3fe73bad456e43adfc5ba27d9e5a60983b69e8496140308fb21061ecb2ff85.blk_write_bytes,0.0
1791387494,2026-10-07T23:38:13,docker.dev-peer0.org2.example.com-saksi-bulletin_1.0-ee3fe73bad456e43adfc5ba27d9e5a60983b69e8496140308fb21061ecb2ff85.cpu_pct,0.03
1791387494,2026-10-07T23:38:13,docker.dev-peer0.org2.example.com-saksi-bulletin_1.0-ee3fe73bad456e43adfc5ba27d9e5a60983b69e8496140308fb21061ecb2ff85.mem_bytes,7032799.232
1791387494,2026-10-07T23:38:13,docker.dev-peer0.org2.example.com-saksi-bulletin_1.0-ee3fe73bad456e43adfc5ba27d9e5a60983b69e8496140308fb21061ecb2ff85.blk_read_bytes,0.0
1791387494,2026-10-07T23:38:13,docker.dev-peer0.org2.example.com-saksi-bulletin_1.0-ee3fe73bad456e43adfc5ba27d9e5a60983b69e8496140308fb21061ecb2ff85.blk_write_bytes,0.0
1791387494,2026-10-07T23:38:13,docker.peer0.org1.example.com.cpu_pct,1.58
1791387494,2026-10-07T23:38:13,docker.peer0.org1.example.com.mem_bytes,40883978.24
1791387494,2026-10-07T23:38:13,docker.peer0.org1.example.com.blk_read_bytes,6040000.0
1791387494,2026-10-07T23:38:13,docker.peer0.org1.example.com.blk_write_bytes,3630000.0
1791387494,2026-10-07T23:38:13,docker.orderer.example.com.cpu_pct,0.06
1791387494,2026-10-07T23:38:13,docker.orderer.example.com.mem_bytes,14375976.96
1791387494,2026-10-07T23:38:13,docker.orderer.example.com.blk_read_bytes,4260000.0
1791387494,2026-10-07T23:38:13,docker.orderer.example.com.blk_write_bytes,283000.0
1791387494,2026-10-07T23:38:13,docker.peer0.org2.example.com.cpu_pct,1.73
1791387494,2026-10-07T23:38:13,docker.peer0.org2.example.com.mem_bytes,41576038.4
1791387494,2026-10-07T23:38:13,docker.peer0.org2.example.com.blk_read_bytes,160000.0
1791387494,2026-10-07T23:38:13,docker.peer0.org2.example.com.blk_write_bytes,3630000.0
1791387494,2026-10-07T23:38:13,wsl.MemTotal_kb,24608408
1791387494,2026-10-07T23:38:13,wsl.MemAvailable_kb,23093176
1791387494,2026-10-07T23:38:13,wsl.SwapTotal_kb,0
1791387494,2026-10-07T23:38:13,wsl.SwapFree_kb,0
1791387494,2026-10-07T23:38:13,wsl.Dirty_kb,135328
1791387494,2026-10-07T23:38:13,wsl.load1,5.72
1791387494,2026-10-07T23:38:13,wsl.load5,4.73
1791387494,2026-10-07T23:38:13,host.c_free_bytes,45338808320
1791387494,2026-10-07T23:38:13,host.q_free_bytes,382209552384
1791387494,2026-10-07T23:38:13,host.docker_vhdx_bytes,15613296640
1791387494,2026-10-07T23:38:13,host.ubuntu_vhdx_bytes,212983611392
1791387494,2026-10-07T23:38:13,win.Processor(_Total)\% Processor Time,15.906527
1791387494,2026-10-07T23:38:13,win.Memory\Available MBytes,10542.0
1791387494,2026-10-07T23:38:13,win.PhysicalDisk(0 C:)\% Disk Time,1573.317237
1791387494,2026-10-07T23:38:13,win.PhysicalDisk(1 Q:)\% Disk Time,0.0
1791387494,2026-10-07T23:38:13,win.PhysicalDisk(_Total)\% Disk Time,786.658618
1791387494,2026-10-07T23:38:13,win.PhysicalDisk(0 C:)\Current Disk Queue Length,10.0
1791387494,2026-10-07T23:38:13,win.PhysicalDisk(1 Q:)\Current Disk Queue Length,0.0
1791387494,2026-10-07T23:38:13,win.PhysicalDisk(_Total)\Current Disk Queue Length,10.0
1791387494,2026-10-07T23:38:13,win.Process(vmmemWSL)\% Processor Time,20.750337
1791387504,2026-10-07T23:38:23,docker.dev-peer0.org1.example.com-saksi-bulletin_1.0-ee3fe73bad456e43adfc5ba27d9e5a60983b69e8496140308fb21061ecb2ff85.cpu_pct,433.81
1791387504,2026-10-07T23:38:23,docker.dev-peer0.org1.example.com-saksi-bulletin_1.0-ee3fe73bad456e43adfc5ba27d9e5a60983b69e8496140308fb21061ecb2ff85.mem_bytes,18633195.52
1791387504,2026-10-07T23:38:23,docker.dev-peer0.org1.example.com-saksi-bulletin_1.0-ee3fe73bad456e43adfc5ba27d9e5a60983b69e8496140308fb21061ecb2ff85.blk_read_bytes,4440000.0
1791387504,2026-10-07T23:38:23,docker.dev-peer0.org1.example.com-saksi-bulletin_1.0-ee3fe73bad456e43adfc5ba27d9e5a60983b69e8496140308fb21061ecb2ff85.blk_write_bytes,0.0
1791387504,2026-10-07T23:38:23,docker.dev-peer0.org2.example.com-saksi-bulletin_1.0-ee3fe73bad456e43adfc5ba27d9e5a60983b69e8496140308fb21061ecb2ff85.cpu_pct,0.0
1791387504,2026-10-07T23:38:23,docker.dev-peer0.org2.example.com-saksi-bulletin_1.0-ee3fe73bad456e43adfc5ba27d9e5a60983b69e8496140308fb21061ecb2ff85.mem_bytes,6774849.536
1791387504,2026-10-07T23:38:23,docker.dev-peer0.org2.example.com-saksi-bulletin_1.0-ee3fe73bad456e43adfc5ba27d9e5a60983b69e8496140308fb21061ecb2ff85.blk_read_bytes,0.0
1791387504,2026-10-07T23:38:23,docker.dev-peer0.org2.example.com-saksi-bulletin_1.0-ee3fe73bad456e43adfc5ba27d9e5a60983b69e8496140308fb21061ecb2ff85.blk_write_bytes,0.0
1791387504,2026-10-07T23:38:23,docker.peer0.org1.example.com.cpu_pct,345.41
1791387504,2026-10-07T23:38:23,docker.peer0.org1.example.com.mem_bytes,146800640.0
1791387504,2026-10-07T23:38:23,docker.peer0.org1.example.com.blk_read_bytes,7830000.0
1791387504,2026-10-07T23:38:23,docker.peer0.org1.example.com.blk_write_bytes,45100000.0
1791387504,2026-10-07T23:38:23,docker.orderer.example.com.cpu_pct,83.79
1791387504,2026-10-07T23:38:23,docker.orderer.example.com.mem_bytes,147849216.0
1791387504,2026-10-07T23:38:23,docker.orderer.example.com.blk_read_bytes,6110000.0
1791387504,2026-10-07T23:38:23,docker.orderer.example.com.blk_write_bytes,74700000.0
1791387504,2026-10-07T23:38:23,docker.peer0.org2.example.com.cpu_pct,100.01
1791387504,2026-10-07T23:38:23,docker.peer0.org2.example.com.mem_bytes,135266304.0
1791387504,2026-10-07T23:38:23,docker.peer0.org2.example.com.blk_read_bytes,197000.0
1791387504,2026-10-07T23:38:23,docker.peer0.org2.example.com.blk_write_bytes,67700000.0
1791387504,2026-10-07T23:38:23,wsl.MemTotal_kb,24608408
1791387504,2026-10-07T23:38:23,wsl.MemAvailable_kb,22795020
1791387504,2026-10-07T23:38:23,wsl.SwapTotal_kb,0
1791387504,2026-10-07T23:38:23,wsl.SwapFree_kb,0
1791387504,2026-10-07T23:38:23,wsl.Dirty_kb,145364
1791387504,2026-10-07T23:38:23,wsl.load1,6.76
1791387504,2026-10-07T23:38:23,wsl.load5,4.97
1791387504,2026-10-07T23:38:23,host.c_free_bytes,45330444288
1791387504,2026-10-07T23:38:23,host.q_free_bytes,382175997952
1791387504,2026-10-07T23:38:23,host.docker_vhdx_bytes,15646851072
1791387504,2026-10-07T23:38:23,host.ubuntu_vhdx_bytes,212983611392
1791387504,2026-10-07T23:38:23,win.Processor(_Total)\% Processor Time,21.027309
1791387504,2026-10-07T23:38:23,win.Memory\Available MBytes,10540.0
1791387504,2026-10-07T23:38:23,win.PhysicalDisk(0 C:)\% Disk Time,1684.632055
1791387504,2026-10-07T23:38:23,win.PhysicalDisk(1 Q:)\% Disk Time,0.0
1791387504,2026-10-07T23:38:23,win.PhysicalDisk(_Total)\% Disk Time,842.316028
1791387504,2026-10-07T23:38:23,win.PhysicalDisk(0 C:)\Current Disk Queue Length,19.0
1791387504,2026-10-07T23:38:23,win.PhysicalDisk(1 Q:)\Current Disk Queue Length,0.0
1791387504,2026-10-07T23:38:23,win.PhysicalDisk(_Total)\Current Disk Queue Length,19.0
1791387504,2026-10-07T23:38:23,win.Process(vmmemWSL)\% Processor Time,34.648098
1791387514,2026-10-07T23:38:33,docker.dev-peer0.org1.example.com-saksi-bulletin_1.0-ee3fe73bad456e43adfc5ba27d9e5a60983b69e8496140308fb21061ecb2ff85.cpu_pct,434.35
1791387514,2026-10-07T23:38:33,docker.dev-peer0.org1.example.com-saksi-bulletin_1.0-ee3fe73bad456e43adfc5ba27d9e5a60983b69e8496140308fb21061ecb2ff85.mem_bytes,21432893.44
1791387514,2026-10-07T23:38:33,docker.dev-peer0.org1.example.com-saksi-bulletin_1.0-ee3fe73bad456e43adfc5ba27d9e5a60983b69e8496140308fb21061ecb2ff85.blk_read_bytes,4440000.0
1791387514,2026-10-07T23:38:33,docker.dev-peer0.org1.example.com-saksi-bulletin_1.0-ee3fe73bad456e43adfc5ba27d9e5a60983b69e8496140308fb21061ecb2ff85.blk_write_bytes,0.0
1791387514,2026-10-07T23:38:33,docker.dev-peer0.org2.example.com-saksi-bulletin_1.0-ee3fe73bad456e43adfc5ba27d9e5a60983b69e8496140308fb21061ecb2ff85.cpu_pct,0.0
1791387514,2026-10-07T23:38:33,docker.dev-peer0.org2.example.com-saksi-bulletin_1.0-ee3fe73bad456e43adfc5ba27d9e5a60983b69e8496140308fb21061ecb2ff85.mem_bytes,6774849.536
1791387514,2026-10-07T23:38:33,docker.dev-peer0.org2.example.com-saksi-bulletin_1.0-ee3fe73bad456e43adfc5ba27d9e5a60983b69e8496140308fb21061ecb2ff85.blk_read_bytes,0.0
1791387514,2026-10-07T23:38:33,docker.dev-peer0.org2.example.com-saksi-bulletin_1.0-ee3fe73bad456e43adfc5ba27d9e5a60983b69e8496140308fb21061ecb2ff85.blk_write_bytes,0.0
1791387514,2026-10-07T23:38:33,docker.peer0.org1.example.com.cpu_pct,340.89
1791387514,2026-10-07T23:38:33,docker.peer0.org1.example.com.mem_bytes,175321907.2
1791387514,2026-10-07T23:38:33,docker.peer0.org1.example.com.blk_read_bytes,10700000.0
1791387514,2026-10-07T23:38:33,docker.peer0.org1.example.com.blk_write_bytes,260000000.0
1791387514,2026-10-07T23:38:33,docker.orderer.example.com.cpu_pct,85.57
1791387514,2026-10-07T23:38:33,docker.orderer.example.com.mem_bytes,393425715.2
1791387514,2026-10-07T23:38:33,docker.orderer.example.com.blk_read_bytes,6120000.0
1791387514,2026-10-07T23:38:33,docker.orderer.example.com.blk_write_bytes,234000000.0
1791387514,2026-10-07T23:38:33,docker.peer0.org2.example.com.cpu_pct,99.43
1791387514,2026-10-07T23:38:33,docker.peer0.org2.example.com.mem_bytes,168820736.0
1791387514,2026-10-07T23:38:33,docker.peer0.org2.example.com.blk_read_bytes,209000.0
1791387514,2026-10-07T23:38:33,docker.peer0.org2.example.com.blk_write_bytes,260000000.0
1791387514,2026-10-07T23:38:33,wsl.MemTotal_kb,24608408
1791387514,2026-10-07T23:38:33,wsl.MemAvailable_kb,22601904
1791387514,2026-10-07T23:38:33,wsl.SwapTotal_kb,0
1791387514,2026-10-07T23:38:33,wsl.SwapFree_kb,0
1791387514,2026-10-07T23:38:33,wsl.Dirty_kb,165456
1791387514,2026-10-07T23:38:33,wsl.load1,8.48
1791387514,2026-10-07T23:38:33,wsl.load5,5.41
1791387514,2026-10-07T23:38:33,host.c_free_bytes,45339983872
1791387514,2026-10-07T23:38:33,host.q_free_bytes,381706235904
1791387514,2026-10-07T23:38:33,host.docker_vhdx_bytes,16116613120
1791387514,2026-10-07T23:38:33,host.ubuntu_vhdx_bytes,212983611392
1791387514,2026-10-07T23:38:33,win.Processor(_Total)\% Processor Time,21.685688
1791387514,2026-10-07T23:38:33,win.Memory\Available MBytes,10518.0
1791387514,2026-10-07T23:38:33,win.PhysicalDisk(0 C:)\% Disk Time,77.692892
1791387514,2026-10-07T23:38:33,win.PhysicalDisk(1 Q:)\% Disk Time,0.254936
1791387514,2026-10-07T23:38:33,win.PhysicalDisk(_Total)\% Disk Time,38.973914
1791387514,2026-10-07T23:38:33,win.PhysicalDisk(0 C:)\Current Disk Queue Length,0.0
1791387514,2026-10-07T23:38:33,win.PhysicalDisk(1 Q:)\Current Disk Queue Length,0.0
1791387514,2026-10-07T23:38:33,win.PhysicalDisk(_Total)\Current Disk Queue Length,0.0
1791387514,2026-10-07T23:38:33,win.Process(vmmemWSL)\% Processor Time,113.854934
1791387524,2026-10-07T23:38:44,docker.dev-peer0.org1.example.com-saksi-bulletin_1.0-ee3fe73bad456e43adfc5ba27d9e5a60983b69e8496140308fb21061ecb2ff85.cpu_pct,427.69
1791387524,2026-10-07T23:38:44,docker.dev-peer0.org1.example.com-saksi-bulletin_1.0-ee3fe73bad456e43adfc5ba27d9e5a60983b69e8496140308fb21061ecb2ff85.mem_bytes,19891486.72
1791387524,2026-10-07T23:38:44,docker.dev-peer0.org1.example.com-saksi-bulletin_1.0-ee3fe73bad456e43adfc5ba27d9e5a60983b69e8496140308fb21061ecb2ff85.blk_read_bytes,4440000.0
1791387524,2026-10-07T23:38:44,docker.dev-peer0.org1.example.com-saksi-bulletin_1.0-ee3fe73bad456e43adfc5ba27d9e5a60983b69e8496140308fb21061ecb2ff85.blk_write_bytes,0.0
1791387524,2026-10-07T23:38:44,docker.dev-peer0.org2.example.com-saksi-bulletin_1.0-ee3fe73bad456e43adfc5ba27d9e5a60983b69e8496140308fb21061ecb2ff85.cpu_pct,0.0
1791387524,2026-10-07T23:38:44,docker.dev-peer0.org2.example.com-saksi-bulletin_1.0-ee3fe73bad456e43adfc5ba27d9e5a60983b69e8496140308fb21061ecb2ff85.mem_bytes,6774849.536
1791387524,2026-10-07T23:38:44,docker.dev-peer0.org2.example.com-saksi-bulletin_1.0-ee3fe73bad456e43adfc5ba27d9e5a60983b69e8496140308fb21061ecb2ff85.blk_read_bytes,0.0
1791387524,2026-10-07T23:38:44,docker.dev-peer0.org2.example.com-saksi-bulletin_1.0-ee3fe73bad456e43adfc5ba27d9e5a60983b69e8496140308fb21061ecb2ff85.blk_write_bytes,0.0
1791387524,2026-10-07T23:38:44,docker.peer0.org1.example.com.cpu_pct,357.42
1791387524,2026-10-07T23:38:44,docker.peer0.org1.example.com.mem_bytes,205520896.0
1791387524,2026-10-07T23:38:44,docker.peer0.org1.example.com.blk_read_bytes,10700000.0
1791387524,2026-10-07T23:38:44,docker.peer0.org1.example.com.blk_write_bytes,573000000.0
1791387524,2026-10-07T23:38:44,docker.orderer.example.com.cpu_pct,85.42
1791387524,2026-10-07T23:38:44,docker.orderer.example.com.mem_bytes,657037721.6
1791387524,2026-10-07T23:38:44,docker.orderer.example.com.blk_read_bytes,6130000.0
1791387524,2026-10-07T23:38:44,docker.orderer.example.com.blk_write_bytes,402000000.0
1791387524,2026-10-07T23:38:44,docker.peer0.org2.example.com.cpu_pct,101.67
1791387524,2026-10-07T23:38:44,docker.peer0.org2.example.com.mem_bytes,181823078.4
1791387524,2026-10-07T23:38:44,docker.peer0.org2.example.com.blk_read_bytes,360000.0
1791387524,2026-10-07T23:38:44,docker.peer0.org2.example.com.blk_write_bytes,514000000.0
1791387524,2026-10-07T23:38:44,wsl.MemTotal_kb,24608408
1791387524,2026-10-07T23:38:44,wsl.MemAvailable_kb,22407544
1791387524,2026-10-07T23:38:44,wsl.SwapTotal_kb,0
1791387524,2026-10-07T23:38:44,wsl.SwapFree_kb,0
1791387524,2026-10-07T23:38:44,wsl.Dirty_kb,59956
1791387524,2026-10-07T23:38:44,wsl.load1,11.4
1791387524,2026-10-07T23:38:44,wsl.load5,6.14
1791387524,2026-10-07T23:38:44,host.c_free_bytes,45339484160
1791387524,2026-10-07T23:38:44,host.q_free_bytes,381001592832
1791387524,2026-10-07T23:38:44,host.docker_vhdx_bytes,16821256192
1791387524,2026-10-07T23:38:44,host.ubuntu_vhdx_bytes,212983611392
1791387524,2026-10-07T23:38:44,win.Processor(_Total)\% Processor Time,87.229269
1791387524,2026-10-07T23:38:44,win.Memory\Available MBytes,9386.0
1791387524,2026-10-07T23:38:44,win.PhysicalDisk(0 C:)\% Disk Time,163.32348
1791387524,2026-10-07T23:38:44,win.PhysicalDisk(1 Q:)\% Disk Time,7.847755
1791387524,2026-10-07T23:38:44,win.PhysicalDisk(_Total)\% Disk Time,85.585617
1791387524,2026-10-07T23:38:44,win.PhysicalDisk(0 C:)\Current Disk Queue Length,1.0
1791387524,2026-10-07T23:38:44,win.PhysicalDisk(1 Q:)\Current Disk Queue Length,0.0
1791387524,2026-10-07T23:38:44,win.PhysicalDisk(_Total)\Current Disk Queue Length,1.0
1791387524,2026-10-07T23:38:44,win.Process(vmmemWSL)\% Processor Time,1087.013423
1791387534,2026-10-07T23:38:54,docker.dev-peer0.org1.example.com-saksi-bulletin_1.0-ee3fe73bad456e43adfc5ba27d9e5a60983b69e8496140308fb21061ecb2ff85.cpu_pct,434.4
1791387534,2026-10-07T23:38:54,docker.dev-peer0.org1.example.com-saksi-bulletin_1.0-ee3fe73bad456e43adfc5ba27d9e5a60983b69e8496140308fb21061ecb2ff85.mem_bytes,19073597.44
1791387534,2026-10-07T23:38:54,docker.dev-peer0.org1.example.com-saksi-bulletin_1.0-ee3fe73bad456e43adfc5ba27d9e5a60983b69e8496140308fb21061ecb2ff85.blk_read_bytes,4440000.0
1791387534,2026-10-07T23:38:54,docker.dev-peer0.org1.example.com-saksi-bulletin_1.0-ee3fe73bad456e43adfc5ba27d9e5a60983b69e8496140308fb21061ecb2ff85.blk_write_bytes,0.0
1791387534,2026-10-07T23:38:54,docker.dev-peer0.org2.example.com-saksi-bulletin_1.0-ee3fe73bad456e43adfc5ba27d9e5a60983b69e8496140308fb21061ecb2ff85.cpu_pct,0.25
1791387534,2026-10-07T23:38:54,docker.dev-peer0.org2.example.com-saksi-bulletin_1.0-ee3fe73bad456e43adfc5ba27d9e5a60983b69e8496140308fb21061ecb2ff85.mem_bytes,7036993.536
1791387534,2026-10-07T23:38:54,docker.dev-peer0.org2.example.com-saksi-bulletin_1.0-ee3fe73bad456e43adfc5ba27d9e5a60983b69e8496140308fb21061ecb2ff85.blk_read_bytes,0.0
1791387534,2026-10-07T23:38:54,docker.dev-peer0.org2.example.com-saksi-bulletin_1.0-ee3fe73bad456e43adfc5ba27d9e5a60983b69e8496140308fb21061ecb2ff85.blk_write_bytes,0.0
1791387534,2026-10-07T23:38:54,docker.peer0.org1.example.com.cpu_pct,348.84
1791387534,2026-10-07T23:38:54,docker.peer0.org1.example.com.mem_bytes,205625753.6
1791387534,2026-10-07T23:38:54,docker.peer0.org1.example.com.blk_read_bytes,10800000.0
1791387534,2026-10-07T23:38:54,docker.peer0.org1.example.com.blk_write_bytes,913000000.0
1791387534,2026-10-07T23:38:54,docker.orderer.example.com.cpu_pct,89.64
1791387534,2026-10-07T23:38:54,docker.orderer.example.com.mem_bytes,842425958.4
1791387534,2026-10-07T23:38:54,docker.orderer.example.com.blk_read_bytes,6130000.0
1791387534,2026-10-07T23:38:54,docker.orderer.example.com.blk_write_bytes,562000000.0
1791387534,2026-10-07T23:38:54,docker.peer0.org2.example.com.cpu_pct,98.13
1791387534,2026-10-07T23:38:54,docker.peer0.org2.example.com.mem_bytes,180355072.0
1791387534,2026-10-07T23:38:54,docker.peer0.org2.example.com.blk_read_bytes,373000.0
1791387534,2026-10-07T23:38:54,docker.peer0.org2.example.com.blk_write_bytes,913000000.0
1791387534,2026-10-07T23:38:54,wsl.MemTotal_kb,24608408
1791387534,2026-10-07T23:38:54,wsl.MemAvailable_kb,22614944
1791387534,2026-10-07T23:38:54,wsl.SwapTotal_kb,0
1791387534,2026-10-07T23:38:54,wsl.SwapFree_kb,0
1791387534,2026-10-07T23:38:54,wsl.Dirty_kb,31444
1791387534,2026-10-07T23:38:54,wsl.load1,12.43
1791387534,2026-10-07T23:38:54,wsl.load5,6.53
1791387534,2026-10-07T23:38:54,host.c_free_bytes,45339484160
1791387534,2026-10-07T23:38:54,host.q_free_bytes,380464721920
1791387534,2026-10-07T23:38:54,host.docker_vhdx_bytes,17358127104
1791387534,2026-10-07T23:38:54,host.ubuntu_vhdx_bytes,212983611392
1791387534,2026-10-07T23:38:54,win.Processor(_Total)\% Processor Time,85.278223
1791387534,2026-10-07T23:38:54,win.Memory\Available MBytes,8780.0
1791387534,2026-10-07T23:38:54,win.PhysicalDisk(0 C:)\% Disk Time,970.265684
1791387534,2026-10-07T23:38:54,win.PhysicalDisk(1 Q:)\% Disk Time,9.555434
1791387534,2026-10-07T23:38:54,win.PhysicalDisk(_Total)\% Disk Time,489.910559
1791387534,2026-10-07T23:38:54,win.PhysicalDisk(0 C:)\Current Disk Queue Length,23.0
1791387534,2026-10-07T23:38:54,win.PhysicalDisk(1 Q:)\Current Disk Queue Length,0.0
1791387534,2026-10-07T23:38:54,win.PhysicalDisk(_Total)\Current Disk Queue Length,23.0
1791387534,2026-10-07T23:38:54,win.Process(vmmemWSL)\% Processor Time,1049.828446
1791387544,2026-10-07T23:39:04,docker.dev-peer0.org1.example.com-saksi-bulletin_1.0-ee3fe73bad456e43adfc5ba27d9e5a60983b69e8496140308fb21061ecb2ff85.cpu_pct,398.97
1791387544,2026-10-07T23:39:04,docker.dev-peer0.org1.example.com-saksi-bulletin_1.0-ee3fe73bad456e43adfc5ba27d9e5a60983b69e8496140308fb21061ecb2ff85.mem_bytes,21044920.32
1791387544,2026-10-07T23:39:04,docker.dev-peer0.org1.example.com-saksi-bulletin_1.0-ee3fe73bad456e43adfc5ba27d9e5a60983b69e8496140308fb21061ecb2ff85.blk_read_bytes,4440000.0
1791387544,2026-10-07T23:39:04,docker.dev-peer0.org1.example.com-saksi-bulletin_1.0-ee3fe73bad456e43adfc5ba27d9e5a60983b69e8496140308fb21061ecb2ff85.blk_write_bytes,0.0
1791387544,2026-10-07T23:39:04,docker.dev-peer0.org2.example.com-saksi-bulletin_1.0-ee3fe73bad456e43adfc5ba27d9e5a60983b69e8496140308fb21061ecb2ff85.cpu_pct,0.0
1791387544,2026-10-07T23:39:04,docker.dev-peer0.org2.example.com-saksi-bulletin_1.0-ee3fe73bad456e43adfc5ba27d9e5a60983b69e8496140308fb21061ecb2ff85.mem_bytes,6774849.536
1791387544,2026-10-07T23:39:04,docker.dev-peer0.org2.example.com-saksi-bulletin_1.0-ee3fe73bad456e43adfc5ba27d9e5a60983b69e8496140308fb21061ecb2ff85.blk_read_bytes,0.0
1791387544,2026-10-07T23:39:04,docker.dev-peer0.org2.example.com-saksi-bulletin_1.0-ee3fe73bad456e43adfc5ba27d9e5a60983b69e8496140308fb21061ecb2ff85.blk_write_bytes,0.0
1791387544,2026-10-07T23:39:04,docker.peer0.org1.example.com.cpu_pct,365.0
1791387544,2026-10-07T23:39:04,docker.peer0.org1.example.com.mem_bytes,228274995.2
1791387544,2026-10-07T23:39:04,docker.peer0.org1.example.com.blk_read_bytes,10800000.0
1791387544,2026-10-07T23:39:04,docker.peer0.org1.example.com.blk_write_bytes,1400000000.0
1791387544,2026-10-07T23:39:04,docker.orderer.example.com.cpu_pct,81.34
1791387544,2026-10-07T23:39:04,docker.orderer.example.com.mem_bytes,587831705.6
1791387544,2026-10-07T23:39:04,docker.orderer.example.com.blk_read_bytes,9240000.0
1791387544,2026-10-07T23:39:04,docker.orderer.example.com.blk_write_bytes,718000000.0
1791387544,2026-10-07T23:39:04,docker.peer0.org2.example.com.cpu_pct,97.62
1791387544,2026-10-07T23:39:04,docker.peer0.org2.example.com.mem_bytes,208876339.2
1791387544,2026-10-07T23:39:04,docker.peer0.org2.example.com.blk_read_bytes,401000.0
1791387544,2026-10-07T23:39:04,docker.peer0.org2.example.com.blk_write_bytes,1310000000.0
1791387544,2026-10-07T23:39:04,wsl.MemTotal_kb,24608408
1791387544,2026-10-07T23:39:04,wsl.MemAvailable_kb,22649804
1791387544,2026-10-07T23:39:04,wsl.SwapTotal_kb,0
1791387544,2026-10-07T23:39:04,wsl.SwapFree_kb,0
1791387544,2026-10-07T23:39:04,wsl.Dirty_kb,49684
1791387544,2026-10-07T23:39:04,wsl.load1,14.14
1791387544,2026-10-07T23:39:04,wsl.load5,7.09
1791387544,2026-10-07T23:39:04,host.c_free_bytes,45338857472
1791387544,2026-10-07T23:39:04,host.q_free_bytes,379894296576
1791387544,2026-10-07T23:39:04,host.docker_vhdx_bytes,17928552448
1791387544,2026-10-07T23:39:04,host.ubuntu_vhdx_bytes,212983611392
1791387544,2026-10-07T23:39:04,win.Processor(_Total)\% Processor Time,85.278223
1791387544,2026-10-07T23:39:04,win.Memory\Available MBytes,8780.0
1791387544,2026-10-07T23:39:04,win.PhysicalDisk(0 C:)\% Disk Time,970.265684
1791387544,2026-10-07T23:39:04,win.PhysicalDisk(1 Q:)\% Disk Time,9.555434
1791387544,2026-10-07T23:39:04,win.PhysicalDisk(_Total)\% Disk Time,489.910559
1791387544,2026-10-07T23:39:04,win.PhysicalDisk(0 C:)\Current Disk Queue Length,23.0
1791387544,2026-10-07T23:39:04,win.PhysicalDisk(1 Q:)\Current Disk Queue Length,0.0
1791387544,2026-10-07T23:39:04,win.PhysicalDisk(_Total)\Current Disk Queue Length,23.0
1791387544,2026-10-07T23:39:04,win.Process(vmmemWSL)\% Processor Time,1049.828446
1791387554,2026-10-07T23:39:14,docker.dev-peer0.org1.example.com-saksi-bulletin_1.0-ee3fe73bad456e43adfc5ba27d9e5a60983b69e8496140308fb21061ecb2ff85.cpu_pct,422.6
1791387554,2026-10-07T23:39:14,docker.dev-peer0.org1.example.com-saksi-bulletin_1.0-ee3fe73bad456e43adfc5ba27d9e5a60983b69e8496140308fb21061ecb2ff85.mem_bytes,19482542.08
1791387554,2026-10-07T23:39:14,docker.dev-peer0.org1.example.com-saksi-bulletin_1.0-ee3fe73bad456e43adfc5ba27d9e5a60983b69e8496140308fb21061ecb2ff85.blk_read_bytes,4440000.0
1791387554,2026-10-07T23:39:14,docker.dev-peer0.org1.example.com-saksi-bulletin_1.0-ee3fe73bad456e43adfc5ba27d9e5a60983b69e8496140308fb21061ecb2ff85.blk_write_bytes,0.0
1791387554,2026-10-07T23:39:14,docker.dev-peer0.org2.example.com-saksi-bulletin_1.0-ee3fe73bad456e43adfc5ba27d9e5a60983b69e8496140308fb21061ecb2ff85.cpu_pct,0.03
1791387554,2026-10-07T23:39:14,docker.dev-peer0.org2.example.com-saksi-bulletin_1.0-ee3fe73bad456e43adfc5ba27d9e5a60983b69e8496140308fb21061ecb2ff85.mem_bytes,6774849.536
1791387554,2026-10-07T23:39:14,docker.dev-peer0.org2.example.com-saksi-bulletin_1.0-ee3fe73bad456e43adfc5ba27d9e5a60983b69e8496140308fb21061ecb2ff85.blk_read_bytes,0.0
1791387554,2026-10-07T23:39:14,docker.dev-peer0.org2.example.com-saksi-bulletin_1.0-ee3fe73bad456e43adfc5ba27d9e5a60983b69e8496140308fb21061ecb2ff85.blk_write_bytes,0.0
1791387554,2026-10-07T23:39:14,docker.peer0.org1.example.com.cpu_pct,364.85
1791387554,2026-10-07T23:39:14,docker.peer0.org1.example.com.mem_bytes,224500121.6
1791387554,2026-10-07T23:39:14,docker.peer0.org1.example.com.blk_read_bytes,10900000.0
1791387554,2026-10-07T23:39:14,docker.peer0.org1.example.com.blk_write_bytes,1880000000.0
1791387554,2026-10-07T23:39:14,docker.orderer.example.com.cpu_pct,78.24
1791387554,2026-10-07T23:39:14,docker.orderer.example.com.mem_bytes,809186099.2
1791387554,2026-10-07T23:39:14,docker.orderer.example.com.blk_read_bytes,9250000.0
1791387554,2026-10-07T23:39:14,docker.orderer.example.com.blk_write_bytes,870000000.0
1791387554,2026-10-07T23:39:14,docker.peer0.org2.example.com.cpu_pct,134.05
1791387554,2026-10-07T23:39:14,docker.peer0.org2.example.com.mem_bytes,214014361.6
1791387554,2026-10-07T23:39:14,docker.peer0.org2.example.com.blk_read_bytes,406000.0
1791387554,2026-10-07T23:39:14,docker.peer0.org2.example.com.blk_write_bytes,1880000000.0
1791387554,2026-10-07T23:39:14,wsl.MemTotal_kb,24608408
1791387554,2026-10-07T23:39:14,wsl.MemAvailable_kb,22471608
1791387554,2026-10-07T23:39:14,wsl.SwapTotal_kb,0
1791387554,2026-10-07T23:39:14,wsl.SwapFree_kb,0
1791387554,2026-10-07T23:39:14,wsl.Dirty_kb,8132
1791387554,2026-10-07T23:39:14,wsl.load1,15.71
1791387554,2026-10-07T23:39:14,wsl.load5,7.66
1791387554,2026-10-07T23:39:14,host.c_free_bytes,45339643904
1791387554,2026-10-07T23:39:14,host.q_free_bytes,379323871232
1791387554,2026-10-07T23:39:14,host.docker_vhdx_bytes,18498977792
1791387554,2026-10-07T23:39:14,host.ubuntu_vhdx_bytes,212983611392
1791387554,2026-10-07T23:39:14,win.Processor(_Total)\% Processor Time,86.063406
1791387554,2026-10-07T23:39:14,win.Memory\Available MBytes,8176.0
1791387554,2026-10-07T23:39:14,win.PhysicalDisk(0 C:)\% Disk Time,1060.473094
1791387554,2026-10-07T23:39:14,win.PhysicalDisk(1 Q:)\% Disk Time,10.082741
1791387554,2026-10-07T23:39:14,win.PhysicalDisk(_Total)\% Disk Time,535.277917
1791387554,2026-10-07T23:39:14,win.PhysicalDisk(0 C:)\Current Disk Queue Length,13.0
1791387554,2026-10-07T23:39:14,win.PhysicalDisk(1 Q:)\Current Disk Queue Length,0.0
1791387554,2026-10-07T23:39:14,win.PhysicalDisk(_Total)\Current Disk Queue Length,13.0
1791387554,2026-10-07T23:39:14,win.Process(vmmemWSL)\% Processor Time,1046.472602
1791387564,2026-10-07T23:39:24,docker.dev-peer0.org1.example.com-saksi-bulletin_1.0-ee3fe73bad456e43adfc5ba27d9e5a60983b69e8496140308fb21061ecb2ff85.cpu_pct,444.71
1791387564,2026-10-07T23:39:24,docker.dev-peer0.org1.example.com-saksi-bulletin_1.0-ee3fe73bad456e43adfc5ba27d9e5a60983b69e8496140308fb21061ecb2ff85.mem_bytes,18895339.52
1791387564,2026-10-07T23:39:24,docker.dev-peer0.org1.example.com-saksi-bulletin_1.0-ee3fe73bad456e43adfc5ba27d9e5a60983b69e8496140308fb21061ecb2ff85.blk_read_bytes,4440000.0
1791387564,2026-10-07T23:39:24,docker.dev-peer0.org1.example.com-saksi-bulletin_1.0-ee3fe73bad456e43adfc5ba27d9e5a60983b69e8496140308fb21061ecb2ff85.blk_write_bytes,0.0
1791387564,2026-10-07T23:39:24,docker.dev-peer0.org2.example.com-saksi-bulletin_1.0-ee3fe73bad456e43adfc5ba27d9e5a60983b69e8496140308fb21061ecb2ff85.cpu_pct,0.0
1791387564,2026-10-07T23:39:24,docker.dev-peer0.org2.example.com-saksi-bulletin_1.0-ee3fe73bad456e43adfc5ba27d9e5a60983b69e8496140308fb21061ecb2ff85.mem_bytes,6774849.536
1791387564,2026-10-07T23:39:24,docker.dev-peer0.org2.example.com-saksi-bulletin_1.0-ee3fe73bad456e43adfc5ba27d9e5a60983b69e8496140308fb21061ecb2ff85.blk_read_bytes,0.0
1791387564,2026-10-07T23:39:24,docker.dev-peer0.org2.example.com-saksi-bulletin_1.0-ee3fe73bad456e43adfc5ba27d9e5a60983b69e8496140308fb21061ecb2ff85.blk_write_bytes,0.0
1791387564,2026-10-07T23:39:24,docker.peer0.org1.example.com.cpu_pct,353.26
1791387564,2026-10-07T23:39:24,docker.peer0.org1.example.com.mem_bytes,240753049.6
1791387564,2026-10-07T23:39:24,docker.peer0.org1.example.com.blk_read_bytes,10900000.0
1791387564,2026-10-07T23:39:24,docker.peer0.org1.example.com.blk_write_bytes,2440000000.0
1791387564,2026-10-07T23:39:24,docker.orderer.example.com.cpu_pct,87.72
1791387564,2026-10-07T23:39:24,docker.orderer.example.com.mem_bytes,1051721728.0
1791387564,2026-10-07T23:39:24,docker.orderer.example.com.blk_read_bytes,9260000.0
1791387564,2026-10-07T23:39:24,docker.orderer.example.com.blk_write_bytes,1030000000.0
1791387564,2026-10-07T23:39:24,docker.peer0.org2.example.com.cpu_pct,98.28
1791387564,2026-10-07T23:39:24,docker.peer0.org2.example.com.mem_bytes,215796940.8
1791387564,2026-10-07T23:39:24,docker.peer0.org2.example.com.blk_read_bytes,418000.0
1791387564,2026-10-07T23:39:24,docker.peer0.org2.example.com.blk_write_bytes,2430000000.0
1791387564,2026-10-07T23:39:24,wsl.MemTotal_kb,24608408
1791387564,2026-10-07T23:39:24,wsl.MemAvailable_kb,22330084
1791387564,2026-10-07T23:39:24,wsl.SwapTotal_kb,0
1791387564,2026-10-07T23:39:24,wsl.SwapFree_kb,0
1791387564,2026-10-07T23:39:24,wsl.Dirty_kb,30044
1791387564,2026-10-07T23:39:24,wsl.load1,16.29
1791387564,2026-10-07T23:39:24,wsl.load5,8.04
1791387564,2026-10-07T23:39:24,host.c_free_bytes,45341212672
1791387564,2026-10-07T23:39:24,host.q_free_bytes,378384347136
1791387564,2026-10-07T23:39:24,host.docker_vhdx_bytes,19438501888
1791387564,2026-10-07T23:39:24,host.ubuntu_vhdx_bytes,212983611392
1791387564,2026-10-07T23:39:24,win.Processor(_Total)\% Processor Time,87.934857
1791387564,2026-10-07T23:39:24,win.Memory\Available MBytes,8133.0
1791387564,2026-10-07T23:39:24,win.PhysicalDisk(0 C:)\% Disk Time,722.697714
1791387564,2026-10-07T23:39:24,win.PhysicalDisk(1 Q:)\% Disk Time,11.578414
1791387564,2026-10-07T23:39:24,win.PhysicalDisk(_Total)\% Disk Time,367.138064
1791387564,2026-10-07T23:39:24,win.PhysicalDisk(0 C:)\Current Disk Queue Length,1.0
1791387564,2026-10-07T23:39:24,win.PhysicalDisk(1 Q:)\Current Disk Queue Length,0.0
1791387564,2026-10-07T23:39:24,win.PhysicalDisk(_Total)\Current Disk Queue Length,1.0
1791387564,2026-10-07T23:39:24,win.Process(vmmemWSL)\% Processor Time,1053.07134
1791387574,2026-10-07T23:39:34,docker.dev-peer0.org1.example.com-saksi-bulletin_1.0-ee3fe73bad456e43adfc5ba27d9e5a60983b69e8496140308fb21061ecb2ff85.cpu_pct,411.31
1791387574,2026-10-07T23:39:34,docker.dev-peer0.org1.example.com-saksi-bulletin_1.0-ee3fe73bad456e43adfc5ba27d9e5a60983b69e8496140308fb21061ecb2ff85.mem_bytes,21254635.52
1791387574,2026-10-07T23:39:34,docker.dev-peer0.org1.example.com-saksi-bulletin_1.0-ee3fe73bad456e43adfc5ba27d9e5a60983b69e8496140308fb21061ecb2ff85.blk_read_bytes,4440000.0
1791387574,2026-10-07T23:39:34,docker.dev-peer0.org1.example.com-saksi-bulletin_1.0-ee3fe73bad456e43adfc5ba27d9e5a60983b69e8496140308fb21061ecb2ff85.blk_write_bytes,0.0
1791387574,2026-10-07T23:39:34,docker.dev-peer0.org2.example.com-saksi-bulletin_1.0-ee3fe73bad456e43adfc5ba27d9e5a60983b69e8496140308fb21061ecb2ff85.cpu_pct,0.0
1791387574,2026-10-07T23:39:34,docker.dev-peer0.org2.example.com-saksi-bulletin_1.0-ee3fe73bad456e43adfc5ba27d9e5a60983b69e8496140308fb21061ecb2ff85.mem_bytes,6774849.536
1791387574,2026-10-07T23:39:34,docker.dev-peer0.org2.example.com-saksi-bulletin_1.0-ee3fe73bad456e43adfc5ba27d9e5a60983b69e8496140308fb21061ecb2ff85.blk_read_bytes,0.0
1791387574,2026-10-07T23:39:34,docker.dev-peer0.org2.example.com-saksi-bulletin_1.0-ee3fe73bad456e43adfc5ba27d9e5a60983b69e8496140308fb21061ecb2ff85.blk_write_bytes,0.0
1791387574,2026-10-07T23:39:34,docker.peer0.org1.example.com.cpu_pct,371.74
1791387574,2026-10-07T23:39:34,docker.peer0.org1.example.com.mem_bytes,261305139.2
1791387574,2026-10-07T23:39:34,docker.peer0.org1.example.com.blk_read_bytes,11000000.0
1791387574,2026-10-07T23:39:34,docker.peer0.org1.example.com.blk_write_bytes,3150000000.0
1791387574,2026-10-07T23:39:34,docker.orderer.example.com.cpu_pct,79.11
1791387574,2026-10-07T23:39:34,docker.orderer.example.com.mem_bytes,742496665.6
1791387574,2026-10-07T23:39:34,docker.orderer.example.com.blk_read_bytes,9270000.0
1791387574,2026-10-07T23:39:34,docker.orderer.example.com.blk_write_bytes,1180000000.0
1791387574,2026-10-07T23:39:34,docker.peer0.org2.example.com.cpu_pct,151.99
1791387574,2026-10-07T23:39:34,docker.peer0.org2.example.com.mem_bytes,237292748.8
1791387574,2026-10-07T23:39:34,docker.peer0.org2.example.com.blk_read_bytes,426000.0
1791387574,2026-10-07T23:39:34,docker.peer0.org2.example.com.blk_write_bytes,3150000000.0
1791387574,2026-10-07T23:39:34,wsl.MemTotal_kb,24608408
1791387574,2026-10-07T23:39:34,wsl.MemAvailable_kb,22684848
1791387574,2026-10-07T23:39:34,wsl.SwapTotal_kb,0
1791387574,2026-10-07T23:39:34,wsl.SwapFree_kb,0
1791387574,2026-10-07T23:39:34,wsl.Dirty_kb,47324
1791387574,2026-10-07T23:39:34,wsl.load1,16.8
1791387574,2026-10-07T23:39:34,wsl.load5,8.42
1791387574,2026-10-07T23:39:34,host.c_free_bytes,45339955200
1791387574,2026-10-07T23:39:34,host.q_free_bytes,377579040768
1791387574,2026-10-07T23:39:34,host.docker_vhdx_bytes,20243808256
1791387574,2026-10-07T23:39:34,host.ubuntu_vhdx_bytes,212983611392
1791387574,2026-10-07T23:39:34,win.Processor(_Total)\% Processor Time,87.652732
1791387574,2026-10-07T23:39:34,win.Memory\Available MBytes,7613.0
1791387574,2026-10-07T23:39:34,win.PhysicalDisk(0 C:)\% Disk Time,38.648683
1791387574,2026-10-07T23:39:34,win.PhysicalDisk(1 Q:)\% Disk Time,12.341124
1791387574,2026-10-07T23:39:34,win.PhysicalDisk(_Total)\% Disk Time,25.494903
1791387574,2026-10-07T23:39:34,win.PhysicalDisk(0 C:)\Current Disk Queue Length,0.0
1791387574,2026-10-07T23:39:34,win.PhysicalDisk(1 Q:)\Current Disk Queue Length,1.0
1791387574,2026-10-07T23:39:34,win.PhysicalDisk(_Total)\Current Disk Queue Length,1.0
1791387574,2026-10-07T23:39:34,win.Process(vmmemWSL)\% Processor Time,1031.284446
1791387584,2026-10-07T23:39:44,docker.dev-peer0.org1.example.com-saksi-bulletin_1.0-ee3fe73bad456e43adfc5ba27d9e5a60983b69e8496140308fb21061ecb2ff85.cpu_pct,426.18
1791387584,2026-10-07T23:39:44,docker.dev-peer0.org1.example.com-saksi-bulletin_1.0-ee3fe73bad456e43adfc5ba27d9e5a60983b69e8496140308fb21061ecb2ff85.mem_bytes,20635975.68
1791387584,2026-10-07T23:39:44,docker.dev-peer0.org1.example.com-saksi-bulletin_1.0-ee3fe73bad456e43adfc5ba27d9e5a60983b69e8496140308fb21061ecb2ff85.blk_read_bytes,4440000.0
1791387584,2026-10-07T23:39:44,docker.dev-peer0.org1.example.com-saksi-bulletin_1.0-ee3fe73bad456e43adfc5ba27d9e5a60983b69e8496140308fb21061ecb2ff85.blk_write_bytes,0.0
1791387584,2026-10-07T23:39:44,docker.dev-peer0.org2.example.com-saksi-bulletin_1.0-ee3fe73bad456e43adfc5ba27d9e5a60983b69e8496140308fb21061ecb2ff85.cpu_pct,0.0
1791387584,2026-10-07T23:39:44,docker.dev-peer0.org2.example.com-saksi-bulletin_1.0-ee3fe73bad456e43adfc5ba27d9e5a60983b69e8496140308fb21061ecb2ff85.mem_bytes,6774849.536
1791387584,2026-10-07T23:39:44,docker.dev-peer0.org2.example.com-saksi-bulletin_1.0-ee3fe73bad456e43adfc5ba27d9e5a60983b69e8496140308fb21061ecb2ff85.blk_read_bytes,0.0
1791387584,2026-10-07T23:39:44,docker.dev-peer0.org2.example.com-saksi-bulletin_1.0-ee3fe73bad456e43adfc5ba27d9e5a60983b69e8496140308fb21061ecb2ff85.blk_write_bytes,0.0
1791387584,2026-10-07T23:39:44,docker.peer0.org1.example.com.cpu_pct,378.7
1791387584,2026-10-07T23:39:44,docker.peer0.org1.example.com.mem_bytes,245052211.2
1791387584,2026-10-07T23:39:44,docker.peer0.org1.example.com.blk_read_bytes,11000000.0
1791387584,2026-10-07T23:39:44,docker.peer0.org1.example.com.blk_write_bytes,3770000000.0
1791387584,2026-10-07T23:39:44,docker.orderer.example.com.cpu_pct,87.23
1791387584,2026-10-07T23:39:44,docker.orderer.example.com.mem_bytes,984717721.6
1791387584,2026-10-07T23:39:44,docker.orderer.example.com.blk_read_bytes,9270000.0
1791387584,2026-10-07T23:39:44,docker.orderer.example.com.blk_write_bytes,1330000000.0
1791387584,2026-10-07T23:39:44,docker.peer0.org2.example.com.cpu_pct,138.7
1791387584,2026-10-07T23:39:44,docker.peer0.org2.example.com.mem_bytes,206569472.0
1791387584,2026-10-07T23:39:44,docker.peer0.org2.example.com.blk_read_bytes,434000.0
1791387584,2026-10-07T23:39:44,docker.peer0.org2.example.com.blk_write_bytes,3770000000.0
1791387584,2026-10-07T23:39:44,wsl.MemTotal_kb,24608408
1791387584,2026-10-07T23:39:44,wsl.MemAvailable_kb,22552248
1791387584,2026-10-07T23:39:44,wsl.SwapTotal_kb,0
1791387584,2026-10-07T23:39:44,wsl.SwapFree_kb,0
1791387584,2026-10-07T23:39:44,wsl.Dirty_kb,7440
1791387584,2026-10-07T23:39:44,wsl.load1,17.76
1791387584,2026-10-07T23:39:44,wsl.load5,8.9
1791387584,2026-10-07T23:39:44,host.c_free_bytes,45339308032
1791387584,2026-10-07T23:39:44,host.q_free_bytes,377042169856
1791387584,2026-10-07T23:39:44,host.docker_vhdx_bytes,20780679168
1791387584,2026-10-07T23:39:44,host.ubuntu_vhdx_bytes,212983611392
1791387584,2026-10-07T23:39:44,win.Processor(_Total)\% Processor Time,88.387493
1791387584,2026-10-07T23:39:44,win.Memory\Available MBytes,6998.0
1791387584,2026-10-07T23:39:44,win.PhysicalDisk(0 C:)\% Disk Time,24.962543
1791387584,2026-10-07T23:39:44,win.PhysicalDisk(1 Q:)\% Disk Time,13.963777
1791387584,2026-10-07T23:39:44,win.PhysicalDisk(_Total)\% Disk Time,19.463161
1791387584,2026-10-07T23:39:44,win.PhysicalDisk(0 C:)\Current Disk Queue Length,0.0
1791387584,2026-10-07T23:39:44,win.PhysicalDisk(1 Q:)\Current Disk Queue Length,1.0
1791387584,2026-10-07T23:39:44,win.PhysicalDisk(_Total)\Current Disk Queue Length,1.0
1791387584,2026-10-07T23:39:44,win.Process(vmmemWSL)\% Processor Time,1049.903201
1791387594,2026-10-07T23:39:54,docker.dev-peer0.org1.example.com-saksi-bulletin_1.0-ee3fe73bad456e43adfc5ba27d9e5a60983b69e8496140308fb21061ecb2ff85.cpu_pct,442.51
1791387594,2026-10-07T23:39:54,docker.dev-peer0.org1.example.com-saksi-bulletin_1.0-ee3fe73bad456e43adfc5ba27d9e5a60983b69e8496140308fb21061ecb2ff85.mem_bytes,21202206.72
1791387594,2026-10-07T23:39:54,docker.dev-peer0.org1.example.com-saksi-bulletin_1.0-ee3fe73bad456e43adfc5ba27d9e5a60983b69e8496140308fb21061ecb2ff85.blk_read_bytes,4440000.0
1791387594,2026-10-07T23:39:54,docker.dev-peer0.org1.example.com-saksi-bulletin_1.0-ee3fe73bad456e43adfc5ba27d9e5a60983b69e8496140308fb21061ecb2ff85.blk_write_bytes,0.0
1791387594,2026-10-07T23:39:54,docker.dev-peer0.org2.example.com-saksi-bulletin_1.0-ee3fe73bad456e43adfc5ba27d9e5a60983b69e8496140308fb21061ecb2ff85.cpu_pct,0.03
1791387594,2026-10-07T23:39:54,docker.dev-peer0.org2.example.com-saksi-bulletin_1.0-ee3fe73bad456e43adfc5ba27d9e5a60983b69e8496140308fb21061ecb2ff85.mem_bytes,7036993.536
1791387594,2026-10-07T23:39:54,docker.dev-peer0.org2.example.com-saksi-bulletin_1.0-ee3fe73bad456e43adfc5ba27d9e5a60983b69e8496140308fb21061ecb2ff85.blk_read_bytes,0.0
1791387594,2026-10-07T23:39:54,docker.dev-peer0.org2.example.com-saksi-bulletin_1.0-ee3fe73bad456e43adfc5ba27d9e5a60983b69e8496140308fb21061ecb2ff85.blk_write_bytes,0.0
1791387594,2026-10-07T23:39:54,docker.peer0.org1.example.com.cpu_pct,359.24
1791387594,2026-10-07T23:39:54,docker.peer0.org1.example.com.mem_bytes,255013683.2
1791387594,2026-10-07T23:39:54,docker.peer0.org1.example.com.blk_read_bytes,11000000.0
1791387594,2026-10-07T23:39:54,docker.peer0.org1.example.com.blk_write_bytes,4410000000.0
1791387594,2026-10-07T23:39:54,docker.orderer.example.com.cpu_pct,83.41
1791387594,2026-10-07T23:39:54,docker.orderer.example.com.mem_bytes,1214402002.944
1791387594,2026-10-07T23:39:54,docker.orderer.example.com.blk_read_bytes,9270000.0
1791387594,2026-10-07T23:39:54,docker.orderer.example.com.blk_write_bytes,1490000000.0
1791387594,2026-10-07T23:39:54,docker.peer0.org2.example.com.cpu_pct,121.29
1791387594,2026-10-07T23:39:54,docker.peer0.org2.example.com.mem_bytes,242640486.4
1791387594,2026-10-07T23:39:54,docker.peer0.org2.example.com.blk_read_bytes,442000.0
1791387594,2026-10-07T23:39:54,docker.peer0.org2.example.com.blk_write_bytes,4410000000.0
1791387594,2026-10-07T23:39:54,wsl.MemTotal_kb,24608408
1791387594,2026-10-07T23:39:54,wsl.MemAvailable_kb,22337516
1791387594,2026-10-07T23:39:54,wsl.SwapTotal_kb,0
1791387594,2026-10-07T23:39:54,wsl.SwapFree_kb,0
1791387594,2026-10-07T23:39:54,wsl.Dirty_kb,27660
1791387594,2026-10-07T23:39:54,wsl.load1,17.61
1791387594,2026-10-07T23:39:54,wsl.load5,9.15
1791387594,2026-10-07T23:39:54,host.c_free_bytes,45338783744
1791387594,2026-10-07T23:39:54,host.q_free_bytes,376303972352
1791387594,2026-10-07T23:39:54,host.docker_vhdx_bytes,21518876672
1791387594,2026-10-07T23:39:54,host.ubuntu_vhdx_bytes,212983611392
1791387594,2026-10-07T23:39:54,win.Processor(_Total)\% Processor Time,87.664595
1791387594,2026-10-07T23:39:54,win.Memory\Available MBytes,6809.0
1791387594,2026-10-07T23:39:54,win.PhysicalDisk(0 C:)\% Disk Time,51.528149
1791387594,2026-10-07T23:39:54,win.PhysicalDisk(1 Q:)\% Disk Time,13.692776
1791387594,2026-10-07T23:39:54,win.PhysicalDisk(_Total)\% Disk Time,32.610462
1791387594,2026-10-07T23:39:54,win.PhysicalDisk(0 C:)\Current Disk Queue Length,0.0
1791387594,2026-10-07T23:39:54,win.PhysicalDisk(1 Q:)\Current Disk Queue Length,0.0
1791387594,2026-10-07T23:39:54,win.PhysicalDisk(_Total)\Current Disk Queue Length,0.0
1791387594,2026-10-07T23:39:54,win.Process(vmmemWSL)\% Processor Time,1073.892115
1791387604,2026-10-07T23:40:04,docker.dev-peer0.org1.example.com-saksi-bulletin_1.0-ee3fe73bad456e43adfc5ba27d9e5a60983b69e8496140308fb21061ecb2ff85.cpu_pct,419.83
1791387604,2026-10-07T23:40:04,docker.dev-peer0.org1.example.com-saksi-bulletin_1.0-ee3fe73bad456e43adfc5ba27d9e5a60983b69e8496140308fb21061ecb2ff85.mem_bytes,20331888.64
1791387604,2026-10-07T23:40:04,docker.dev-peer0.org1.example.com-saksi-bulletin_1.0-ee3fe73bad456e43adfc5ba27d9e5a60983b69e8496140308fb21061ecb2ff85.blk_read_bytes,4440000.0
1791387604,2026-10-07T23:40:04,docker.dev-peer0.org1.example.com-saksi-bulletin_1.0-ee3fe73bad456e43adfc5ba27d9e5a60983b69e8496140308fb21061ecb2ff85.blk_write_bytes,0.0
1791387604,2026-10-07T23:40:04,docker.dev-peer0.org2.example.com-saksi-bulletin_1.0-ee3fe73bad456e43adfc5ba27d9e5a60983b69e8496140308fb21061ecb2ff85.cpu_pct,0.0
1791387604,2026-10-07T23:40:04,docker.dev-peer0.org2.example.com-saksi-bulletin_1.0-ee3fe73bad456e43adfc5ba27d9e5a60983b69e8496140308fb21061ecb2ff85.mem_bytes,6774849.536
1791387604,2026-10-07T23:40:04,docker.dev-peer0.org2.example.com-saksi-bulletin_1.0-ee3fe73bad456e43adfc5ba27d9e5a60983b69e8496140308fb21061ecb2ff85.blk_read_bytes,0.0
1791387604,2026-10-07T23:40:04,docker.dev-peer0.org2.example.com-saksi-bulletin_1.0-ee3fe73bad456e43adfc5ba27d9e5a60983b69e8496140308fb21061ecb2ff85.blk_write_bytes,0.0
1791387604,2026-10-07T23:40:04,docker.peer0.org1.example.com.cpu_pct,370.84
1791387604,2026-10-07T23:40:04,docker.peer0.org1.example.com.mem_bytes,263716864.0
1791387604,2026-10-07T23:40:04,docker.peer0.org1.example.com.blk_read_bytes,11000000.0
1791387604,2026-10-07T23:40:04,docker.peer0.org1.example.com.blk_write_bytes,5090000000.0
1791387604,2026-10-07T23:40:04,docker.orderer.example.com.cpu_pct,83.59
1791387604,2026-10-07T23:40:04,docker.orderer.example.com.mem_bytes,1315333734.4
1791387604,2026-10-07T23:40:04,docker.orderer.example.com.blk_read_bytes,9280000.0
1791387604,2026-10-07T23:40:04,docker.orderer.example.com.blk_write_bytes,1650000000.0
1791387604,2026-10-07T23:40:04,docker.peer0.org2.example.com.cpu_pct,148.98
1791387604,2026-10-07T23:40:04,docker.peer0.org2.example.com.mem_bytes,246520217.6
1791387604,2026-10-07T23:40:04,docker.peer0.org2.example.com.blk_read_bytes,442000.0
1791387604,2026-10-07T23:40:04,docker.peer0.org2.example.com.blk_write_bytes,5090000000.0
1791387604,2026-10-07T23:40:04,wsl.MemTotal_kb,24608408
1791387604,2026-10-07T23:40:04,wsl.MemAvailable_kb,22305744
1791387604,2026-10-07T23:40:04,wsl.SwapTotal_kb,0
1791387604,2026-10-07T23:40:04,wsl.SwapFree_kb,0
1791387604,2026-10-07T23:40:04,wsl.Dirty_kb,47536
1791387604,2026-10-07T23:40:04,wsl.load1,18.52
1791387604,2026-10-07T23:40:04,wsl.load5,9.63
1791387604,2026-10-07T23:40:04,host.c_free_bytes,45339430912
1791387604,2026-10-07T23:40:04,host.q_free_bytes,375834210304
1791387604,2026-10-07T23:40:04,host.docker_vhdx_bytes,21988638720
1791387604,2026-10-07T23:40:04,host.ubuntu_vhdx_bytes,212983611392
1791387604,2026-10-07T23:40:04,win.Processor(_Total)\% Processor Time,87.023384
1791387604,2026-10-07T23:40:04,win.Memory\Available MBytes,6591.0
1791387604,2026-10-07T23:40:04,win.PhysicalDisk(0 C:)\% Disk Time,21.213215
1791387604,2026-10-07T23:40:04,win.PhysicalDisk(1 Q:)\% Disk Time,14.489188
1791387604,2026-10-07T23:40:04,win.PhysicalDisk(_Total)\% Disk Time,17.851201
1791387604,2026-10-07T23:40:04,win.PhysicalDisk(0 C:)\Current Disk Queue Length,0.0
1791387604,2026-10-07T23:40:04,win.PhysicalDisk(1 Q:)\Current Disk Queue Length,0.0
1791387604,2026-10-07T23:40:04,win.PhysicalDisk(_Total)\Current Disk Queue Length,0.0
1791387604,2026-10-07T23:40:04,win.Process(vmmemWSL)\% Processor Time,1068.414474
1791387614,2026-10-07T23:40:14,docker.dev-peer0.org1.example.com-saksi-bulletin_1.0-ee3fe73bad456e43adfc5ba27d9e5a60983b69e8496140308fb21061ecb2ff85.cpu_pct,297.78
1791387614,2026-10-07T23:40:14,docker.dev-peer0.org1.example.com-saksi-bulletin_1.0-ee3fe73bad456e43adfc5ba27d9e5a60983b69e8496140308fb21061ecb2ff85.mem_bytes,20929576.96
1791387614,2026-10-07T23:40:14,docker.dev-peer0.org1.example.com-saksi-bulletin_1.0-ee3fe73bad456e43adfc5ba27d9e5a60983b69e8496140308fb21061ecb2ff85.blk_read_bytes,4440000.0
1791387614,2026-10-07T23:40:14,docker.dev-peer0.org1.example.com-saksi-bulletin_1.0-ee3fe73bad456e43adfc5ba27d9e5a60983b69e8496140308fb21061ecb2ff85.blk_write_bytes,0.0
1791387614,2026-10-07T23:40:14,docker.dev-peer0.org2.example.com-saksi-bulletin_1.0-ee3fe73bad456e43adfc5ba27d9e5a60983b69e8496140308fb21061ecb2ff85.cpu_pct,0.01
1791387614,2026-10-07T23:40:14,docker.dev-peer0.org2.example.com-saksi-bulletin_1.0-ee3fe73bad456e43adfc5ba27d9e5a60983b69e8496140308fb21061ecb2ff85.mem_bytes,6774849.536
1791387614,2026-10-07T23:40:14,docker.dev-peer0.org2.example.com-saksi-bulletin_1.0-ee3fe73bad456e43adfc5ba27d9e5a60983b69e8496140308fb21061ecb2ff85.blk_read_bytes,0.0
1791387614,2026-10-07T23:40:14,docker.dev-peer0.org2.example.com-saksi-bulletin_1.0-ee3fe73bad456e43adfc5ba27d9e5a60983b69e8496140308fb21061ecb2ff85.blk_write_bytes,0.0
1791387614,2026-10-07T23:40:14,docker.peer0.org1.example.com.cpu_pct,289.52
1791387614,2026-10-07T23:40:14,docker.peer0.org1.example.com.mem_bytes,276299776.0
1791387614,2026-10-07T23:40:14,docker.peer0.org1.example.com.blk_read_bytes,11000000.0
1791387614,2026-10-07T23:40:14,docker.peer0.org1.example.com.blk_write_bytes,5650000000.0
1791387614,2026-10-07T23:40:14,docker.orderer.example.com.cpu_pct,58.69
1791387614,2026-10-07T23:40:14,docker.orderer.example.com.mem_bytes,1112396529.664
1791387614,2026-10-07T23:40:14,docker.orderer.example.com.blk_read_bytes,9280000.0
1791387614,2026-10-07T23:40:14,docker.orderer.example.com.blk_write_bytes,1780000000.0
1791387614,2026-10-07T23:40:14,docker.peer0.org2.example.com.cpu_pct,116.45
1791387614,2026-10-07T23:40:14,docker.peer0.org2.example.com.mem_bytes,243898777.6
1791387614,2026-10-07T23:40:14,docker.peer0.org2.example.com.blk_read_bytes,459000.0
1791387614,2026-10-07T23:40:14,docker.peer0.org2.example.com.blk_write_bytes,5650000000.0
1791387614,2026-10-07T23:40:14,wsl.MemTotal_kb,24608408
1791387614,2026-10-07T23:40:14,wsl.MemAvailable_kb,22631520
1791387614,2026-10-07T23:40:14,wsl.SwapTotal_kb,0
1791387614,2026-10-07T23:40:14,wsl.SwapFree_kb,0
1791387614,2026-10-07T23:40:14,wsl.Dirty_kb,4852
1791387614,2026-10-07T23:40:14,wsl.load1,18.72
1791387614,2026-10-07T23:40:14,wsl.load5,9.97
1791387614,2026-10-07T23:40:14,host.c_free_bytes,45340872704
1791387614,2026-10-07T23:40:14,host.q_free_bytes,375196676096
1791387614,2026-10-07T23:40:14,host.docker_vhdx_bytes,22626172928
1791387614,2026-10-07T23:40:14,host.ubuntu_vhdx_bytes,212983611392
1791387614,2026-10-07T23:40:14,win.Processor(_Total)\% Processor Time,87.784667
1791387614,2026-10-07T23:40:14,win.Memory\Available MBytes,5959.0
1791387614,2026-10-07T23:40:14,win.PhysicalDisk(0 C:)\% Disk Time,17.238268
1791387614,2026-10-07T23:40:14,win.PhysicalDisk(1 Q:)\% Disk Time,14.597829
1791387614,2026-10-07T23:40:14,win.PhysicalDisk(_Total)\% Disk Time,15.918049
1791387614,2026-10-07T23:40:14,win.PhysicalDisk(0 C:)\Current Disk Queue Length,0.0
1791387614,2026-10-07T23:40:14,win.PhysicalDisk(1 Q:)\Current Disk Queue Length,0.0
1791387614,2026-10-07T23:40:14,win.PhysicalDisk(_Total)\Current Disk Queue Length,0.0
1791387614,2026-10-07T23:40:14,win.Process(vmmemWSL)\% Processor Time,1083.606302
1791387624,2026-10-07T23:40:24,docker.dev-peer0.org1.example.com-saksi-bulletin_1.0-ee3fe73bad456e43adfc5ba27d9e5a60983b69e8496140308fb21061ecb2ff85.cpu_pct,442.82
1791387624,2026-10-07T23:40:24,docker.dev-peer0.org1.example.com-saksi-bulletin_1.0-ee3fe73bad456e43adfc5ba27d9e5a60983b69e8496140308fb21061ecb2ff85.mem_bytes,20919091.2
1791387624,2026-10-07T23:40:24,docker.dev-peer0.org1.example.com-saksi-bulletin_1.0-ee3fe73bad456e43adfc5ba27d9e5a60983b69e8496140308fb21061ecb2ff85.blk_read_bytes,4440000.0
1791387624,2026-10-07T23:40:24,docker.dev-peer0.org1.example.com-saksi-bulletin_1.0-ee3fe73bad456e43adfc5ba27d9e5a60983b69e8496140308fb21061ecb2ff85.blk_write_bytes,0.0
1791387624,2026-10-07T23:40:24,docker.dev-peer0.org2.example.com-saksi-bulletin_1.0-ee3fe73bad456e43adfc5ba27d9e5a60983b69e8496140308fb21061ecb2ff85.cpu_pct,0.0
1791387624,2026-10-07T23:40:24,docker.dev-peer0.org2.example.com-saksi-bulletin_1.0-ee3fe73bad456e43adfc5ba27d9e5a60983b69e8496140308fb21061ecb2ff85.mem_bytes,6774849.536
1791387624,2026-10-07T23:40:24,docker.dev-peer0.org2.example.com-saksi-bulletin_1.0-ee3fe73bad456e43adfc5ba27d9e5a60983b69e8496140308fb21061ecb2ff85.blk_read_bytes,0.0
1791387624,2026-10-07T23:40:24,docker.dev-peer0.org2.example.com-saksi-bulletin_1.0-ee3fe73bad456e43adfc5ba27d9e5a60983b69e8496140308fb21061ecb2ff85.blk_write_bytes,0.0
1791387624,2026-10-07T23:40:24,docker.peer0.org1.example.com.cpu_pct,350.66
1791387624,2026-10-07T23:40:24,docker.peer0.org1.example.com.mem_bytes,279130931.2
1791387624,2026-10-07T23:40:24,docker.peer0.org1.example.com.blk_read_bytes,11000000.0
1791387624,2026-10-07T23:40:24,docker.peer0.org1.example.com.blk_write_bytes,6260000000.0
1791387624,2026-10-07T23:40:24,docker.orderer.example.com.cpu_pct,84.64
1791387624,2026-10-07T23:40:24,docker.orderer.example.com.mem_bytes,1342177280.0
1791387624,2026-10-07T23:40:24,docker.orderer.example.com.blk_read_bytes,9290000.0
1791387624,2026-10-07T23:40:24,docker.orderer.example.com.blk_write_bytes,1940000000.0
1791387624,2026-10-07T23:40:24,docker.peer0.org2.example.com.cpu_pct,117.85
1791387624,2026-10-07T23:40:24,docker.peer0.org2.example.com.mem_bytes,259417702.4
1791387624,2026-10-07T23:40:24,docker.peer0.org2.example.com.blk_read_bytes,463000.0
1791387624,2026-10-07T23:40:24,docker.peer0.org2.example.com.blk_write_bytes,6260000000.0
1791387624,2026-10-07T23:40:24,wsl.MemTotal_kb,24608408
1791387624,2026-10-07T23:40:24,wsl.MemAvailable_kb,22443040
1791387624,2026-10-07T23:40:24,wsl.SwapTotal_kb,0
1791387624,2026-10-07T23:40:24,wsl.SwapFree_kb,0
1791387624,2026-10-07T23:40:24,wsl.Dirty_kb,24680
1791387624,2026-10-07T23:40:24,wsl.load1,18.7
1791387624,2026-10-07T23:40:24,wsl.load5,10.25
1791387624,2026-10-07T23:40:24,host.c_free_bytes,45341458432
1791387624,2026-10-07T23:40:24,host.q_free_bytes,374492033024
1791387624,2026-10-07T23:40:24,host.docker_vhdx_bytes,23330816000
1791387624,2026-10-07T23:40:24,host.ubuntu_vhdx_bytes,212983611392
1791387624,2026-10-07T23:40:24,win.Processor(_Total)\% Processor Time,87.846734
1791387624,2026-10-07T23:40:24,win.Memory\Available MBytes,5489.0
1791387624,2026-10-07T23:40:24,win.PhysicalDisk(0 C:)\% Disk Time,27.640925
1791387624,2026-10-07T23:40:24,win.PhysicalDisk(1 Q:)\% Disk Time,12.774151
1791387624,2026-10-07T23:40:24,win.PhysicalDisk(_Total)\% Disk Time,20.207538
1791387624,2026-10-07T23:40:24,win.PhysicalDisk(0 C:)\Current Disk Queue Length,2.0
1791387624,2026-10-07T23:40:24,win.PhysicalDisk(1 Q:)\Current Disk Queue Length,0.0
1791387624,2026-10-07T23:40:24,win.PhysicalDisk(_Total)\Current Disk Queue Length,2.0
1791387624,2026-10-07T23:40:24,win.Process(vmmemWSL)\% Processor Time,1098.202633
1791387634,2026-10-07T23:40:34,docker.dev-peer0.org1.example.com-saksi-bulletin_1.0-ee3fe73bad456e43adfc5ba27d9e5a60983b69e8496140308fb21061ecb2ff85.cpu_pct,422.55
1791387634,2026-10-07T23:40:34,docker.dev-peer0.org1.example.com-saksi-bulletin_1.0-ee3fe73bad456e43adfc5ba27d9e5a60983b69e8496140308fb21061ecb2ff85.mem_bytes,20237516.8
1791387634,2026-10-07T23:40:34,docker.dev-peer0.org1.example.com-saksi-bulletin_1.0-ee3fe73bad456e43adfc5ba27d9e5a60983b69e8496140308fb21061ecb2ff85.blk_read_bytes,4440000.0
1791387634,2026-10-07T23:40:34,docker.dev-peer0.org1.example.com-saksi-bulletin_1.0-ee3fe73bad456e43adfc5ba27d9e5a60983b69e8496140308fb21061ecb2ff85.blk_write_bytes,0.0
1791387634,2026-10-07T23:40:34,docker.dev-peer0.org2.example.com-saksi-bulletin_1.0-ee3fe73bad456e43adfc5ba27d9e5a60983b69e8496140308fb21061ecb2ff85.cpu_pct,0.0
1791387634,2026-10-07T23:40:34,docker.dev-peer0.org2.example.com-saksi-bulletin_1.0-ee3fe73bad456e43adfc5ba27d9e5a60983b69e8496140308fb21061ecb2ff85.mem_bytes,6774849.536
1791387634,2026-10-07T23:40:34,docker.dev-peer0.org2.example.com-saksi-bulletin_1.0-ee3fe73bad456e43adfc5ba27d9e5a60983b69e8496140308fb21061ecb2ff85.blk_read_bytes,0.0
1791387634,2026-10-07T23:40:34,docker.dev-peer0.org2.example.com-saksi-bulletin_1.0-ee3fe73bad456e43adfc5ba27d9e5a60983b69e8496140308fb21061ecb2ff85.blk_write_bytes,0.0
1791387634,2026-10-07T23:40:34,docker.peer0.org1.example.com.cpu_pct,366.05
1791387634,2026-10-07T23:40:34,docker.peer0.org1.example.com.mem_bytes,307232768.0
1791387634,2026-10-07T23:40:34,docker.peer0.org1.example.com.blk_read_bytes,11000000.0
1791387634,2026-10-07T23:40:34,docker.peer0.org1.example.com.blk_write_bytes,6930000000.0
1791387634,2026-10-07T23:40:34,docker.orderer.example.com.cpu_pct,80.95
1791387634,2026-10-07T23:40:34,docker.orderer.example.com.mem_bytes,1568736804.864
1791387634,2026-10-07T23:40:34,docker.orderer.example.com.blk_read_bytes,9290000.0
1791387634,2026-10-07T23:40:34,docker.orderer.example.com.blk_write_bytes,2089999999.9999998
1791387634,2026-10-07T23:40:34,docker.peer0.org2.example.com.cpu_pct,120.25
1791387634,2026-10-07T23:40:34,docker.peer0.org2.example.com.mem_bytes,267701452.8
1791387634,2026-10-07T23:40:34,docker.peer0.org2.example.com.blk_read_bytes,471000.0
1791387634,2026-10-07T23:40:34,docker.peer0.org2.example.com.blk_write_bytes,6930000000.0
1791387634,2026-10-07T23:40:34,wsl.MemTotal_kb,24608408
1791387634,2026-10-07T23:40:34,wsl.MemAvailable_kb,22263460
1791387634,2026-10-07T23:40:34,wsl.SwapTotal_kb,0
1791387634,2026-10-07T23:40:34,wsl.SwapFree_kb,0
1791387634,2026-10-07T23:40:34,wsl.Dirty_kb,45268
1791387634,2026-10-07T23:40:34,wsl.load1,17.94
1791387634,2026-10-07T23:40:34,wsl.load5,10.37
1791387634,2026-10-07T23:40:34,host.c_free_bytes,45340864512
1791387634,2026-10-07T23:40:34,host.q_free_bytes,373753835520
1791387634,2026-10-07T23:40:34,host.docker_vhdx_bytes,24069013504
1791387634,2026-10-07T23:40:34,host.ubuntu_vhdx_bytes,212983611392
1791387634,2026-10-07T23:40:34,win.Processor(_Total)\% Processor Time,77.943154
1791387634,2026-10-07T23:40:34,win.Memory\Available MBytes,5487.0
1791387634,2026-10-07T23:40:34,win.PhysicalDisk(0 C:)\% Disk Time,124.982069
1791387634,2026-10-07T23:40:34,win.PhysicalDisk(1 Q:)\% Disk Time,21.128939
1791387634,2026-10-07T23:40:34,win.PhysicalDisk(_Total)\% Disk Time,73.055504
1791387634,2026-10-07T23:40:34,win.PhysicalDisk(0 C:)\Current Disk Queue Length,0.0
1791387634,2026-10-07T23:40:34,win.PhysicalDisk(1 Q:)\Current Disk Queue Length,0.0
1791387634,2026-10-07T23:40:34,win.PhysicalDisk(_Total)\Current Disk Queue Length,0.0
1791387634,2026-10-07T23:40:34,win.Process(vmmemWSL)\% Processor Time,947.176774
1791387644,2026-10-07T23:40:44,docker.dev-peer0.org1.example.com-saksi-bulletin_1.0-ee3fe73bad456e43adfc5ba27d9e5a60983b69e8496140308fb21061ecb2ff85.cpu_pct,398.18
1791387644,2026-10-07T23:40:44,docker.dev-peer0.org1.example.com-saksi-bulletin_1.0-ee3fe73bad456e43adfc5ba27d9e5a60983b69e8496140308fb21061ecb2ff85.mem_bytes,20656947.2
1791387644,2026-10-07T23:40:44,docker.dev-peer0.org1.example.com-saksi-bulletin_1.0-ee3fe73bad456e43adfc5ba27d9e5a60983b69e8496140308fb21061ecb2ff85.blk_read_bytes,4440000.0
1791387644,2026-10-07T23:40:44,docker.dev-peer0.org1.example.com-saksi-bulletin_1.0-ee3fe73bad456e43adfc5ba27d9e5a60983b69e8496140308fb21061ecb2ff85.blk_write_bytes,0.0
1791387644,2026-10-07T23:40:44,docker.dev-peer0.org2.example.com-saksi-bulletin_1.0-ee3fe73bad456e43adfc5ba27d9e5a60983b69e8496140308fb21061ecb2ff85.cpu_pct,0.0
1791387644,2026-10-07T23:40:44,docker.dev-peer0.org2.example.com-saksi-bulletin_1.0-ee3fe73bad456e43adfc5ba27d9e5a60983b69e8496140308fb21061ecb2ff85.mem_bytes,6774849.536
1791387644,2026-10-07T23:40:44,docker.dev-peer0.org2.example.com-saksi-bulletin_1.0-ee3fe73bad456e43adfc5ba27d9e5a60983b69e8496140308fb21061ecb2ff85.blk_read_bytes,0.0
1791387644,2026-10-07T23:40:44,docker.dev-peer0.org2.example.com-saksi-bulletin_1.0-ee3fe73bad456e43adfc5ba27d9e5a60983b69e8496140308fb21061ecb2ff85.blk_write_bytes,0.0
1791387644,2026-10-07T23:40:44,docker.peer0.org1.example.com.cpu_pct,364.57
1791387644,2026-10-07T23:40:44,docker.peer0.org1.example.com.mem_bytes,278082355.2
1791387644,2026-10-07T23:40:44,docker.peer0.org1.example.com.blk_read_bytes,11000000.0
1791387644,2026-10-07T23:40:44,docker.peer0.org1.example.com.blk_write_bytes,7610000000.0
1791387644,2026-10-07T23:40:44,docker.orderer.example.com.cpu_pct,81.48
1791387644,2026-10-07T23:40:44,docker.orderer.example.com.mem_bytes,1267015352.32
1791387644,2026-10-07T23:40:44,docker.orderer.example.com.blk_read_bytes,9300000.0
1791387644,2026-10-07T23:40:44,docker.orderer.example.com.blk_write_bytes,2250000000.0
1791387644,2026-10-07T23:40:44,docker.peer0.org2.example.com.cpu_pct,146.36
1791387644,2026-10-07T23:40:44,docker.peer0.org2.example.com.mem_bytes,261514854.4
1791387644,2026-10-07T23:40:44,docker.peer0.org2.example.com.blk_read_bytes,479000.0
1791387644,2026-10-07T23:40:44,docker.peer0.org2.example.com.blk_write_bytes,7610000000.0
1791387644,2026-10-07T23:40:44,wsl.MemTotal_kb,24608408
1791387644,2026-10-07T23:40:44,wsl.MemAvailable_kb,22661444
1791387644,2026-10-07T23:40:44,wsl.SwapTotal_kb,0
1791387644,2026-10-07T23:40:44,wsl.SwapFree_kb,0
1791387644,2026-10-07T23:40:44,wsl.Dirty_kb,6472
1791387644,2026-10-07T23:40:44,wsl.load1,17.86
1791387644,2026-10-07T23:40:44,wsl.load5,10.61
1791387644,2026-10-07T23:40:44,host.c_free_bytes,45341515776
1791387644,2026-10-07T23:40:44,host.q_free_bytes,373049192448
1791387644,2026-10-07T23:40:44,host.docker_vhdx_bytes,24773656576
1791387644,2026-10-07T23:40:44,host.ubuntu_vhdx_bytes,212983611392
1791387644,2026-10-07T23:40:44,win.Processor(_Total)\% Processor Time,87.876471
1791387644,2026-10-07T23:40:44,win.Memory\Available MBytes,5026.0
1791387644,2026-10-07T23:40:44,win.PhysicalDisk(0 C:)\% Disk Time,18.516312
1791387644,2026-10-07T23:40:44,win.PhysicalDisk(1 Q:)\% Disk Time,14.295198
1791387644,2026-10-07T23:40:44,win.PhysicalDisk(_Total)\% Disk Time,16.405755
1791387644,2026-10-07T23:40:44,win.PhysicalDisk(0 C:)\Current Disk Queue Length,4.0
1791387644,2026-10-07T23:40:44,win.PhysicalDisk(1 Q:)\Current Disk Queue Length,0.0
1791387644,2026-10-07T23:40:44,win.PhysicalDisk(_Total)\Current Disk Queue Length,4.0
1791387644,2026-10-07T23:40:44,win.Process(vmmemWSL)\% Processor Time,1048.065882
1791387654,2026-10-07T23:40:54,docker.dev-peer0.org1.example.com-saksi-bulletin_1.0-ee3fe73bad456e43adfc5ba27d9e5a60983b69e8496140308fb21061ecb2ff85.cpu_pct,454.48
1791387654,2026-10-07T23:40:54,docker.dev-peer0.org1.example.com-saksi-bulletin_1.0-ee3fe73bad456e43adfc5ba27d9e5a60983b69e8496140308fb21061ecb2ff85.mem_bytes,21999124.48
1791387654,2026-10-07T23:40:54,docker.dev-peer0.org1.example.com-saksi-bulletin_1.0-ee3fe73bad456e43adfc5ba27d9e5a60983b69e8496140308fb21061ecb2ff85.blk_read_bytes,4440000.0
1791387654,2026-10-07T23:40:54,docker.dev-peer0.org1.example.com-saksi-bulletin_1.0-ee3fe73bad456e43adfc5ba27d9e5a60983b69e8496140308fb21061ecb2ff85.blk_write_bytes,0.0
1791387654,2026-10-07T23:40:54,docker.dev-peer0.org2.example.com-saksi-bulletin_1.0-ee3fe73bad456e43adfc5ba27d9e5a60983b69e8496140308fb21061ecb2ff85.cpu_pct,0.27
1791387654,2026-10-07T23:40:54,docker.dev-peer0.org2.example.com-saksi-bulletin_1.0-ee3fe73bad456e43adfc5ba27d9e5a60983b69e8496140308fb21061ecb2ff85.mem_bytes,7028604.928
1791387654,2026-10-07T23:40:54,docker.dev-peer0.org2.example.com-saksi-bulletin_1.0-ee3fe73bad456e43adfc5ba27d9e5a60983b69e8496140308fb21061ecb2ff85.blk_read_bytes,0.0
1791387654,2026-10-07T23:40:54,docker.dev-peer0.org2.example.com-saksi-bulletin_1.0-ee3fe73bad456e43adfc5ba27d9e5a60983b69e8496140308fb21061ecb2ff85.blk_write_bytes,0.0
1791387654,2026-10-07T23:40:54,docker.peer0.org1.example.com.cpu_pct,351.51
1791387654,2026-10-07T23:40:54,docker.peer0.org1.example.com.mem_bytes,287624396.8
1791387654,2026-10-07T23:40:54,docker.peer0.org1.example.com.blk_read_bytes,11000000.0
1791387654,2026-10-07T23:40:54,docker.peer0.org1.example.com.blk_write_bytes,8199999999.999999
1791387654,2026-10-07T23:40:54,docker.orderer.example.com.cpu_pct,87.75
1791387654,2026-10-07T23:40:54,docker.orderer.example.com.mem_bytes,1496796102.656
1791387654,2026-10-07T23:40:54,docker.orderer.example.com.blk_read_bytes,9300000.0
1791387654,2026-10-07T23:40:54,docker.orderer.example.com.blk_write_bytes,2400000000.0
1791387654,2026-10-07T23:40:54,docker.peer0.org2.example.com.cpu_pct,98.12
1791387654,2026-10-07T23:40:54,docker.peer0.org2.example.com.mem_bytes,261934284.8
1791387654,2026-10-07T23:40:54,docker.peer0.org2.example.com.blk_read_bytes,496000.0
1791387654,2026-10-07T23:40:54,docker.peer0.org2.example.com.blk_write_bytes,8199999999.999999
1791387654,2026-10-07T23:40:54,wsl.MemTotal_kb,24608408
1791387654,2026-10-07T23:40:54,wsl.MemAvailable_kb,22534408
1791387654,2026-10-07T23:40:54,wsl.SwapTotal_kb,0
1791387654,2026-10-07T23:40:54,wsl.SwapFree_kb,0
1791387654,2026-10-07T23:40:54,wsl.Dirty_kb,26400
1791387654,2026-10-07T23:40:54,wsl.load1,18.71
1791387654,2026-10-07T23:40:54,wsl.load5,11.03
1791387654,2026-10-07T23:40:54,host.c_free_bytes,45340803072
1791387654,2026-10-07T23:40:54,host.q_free_bytes,372646539264
1791387654,2026-10-07T23:40:54,host.docker_vhdx_bytes,25176309760
1791387654,2026-10-07T23:40:54,host.ubuntu_vhdx_bytes,212983611392
1791387654,2026-10-07T23:40:54,win.Processor(_Total)\% Processor Time,88.268955
1791387654,2026-10-07T23:40:54,win.Memory\Available MBytes,4406.0
1791387654,2026-10-07T23:40:54,win.PhysicalDisk(0 C:)\% Disk Time,24.330551
1791387654,2026-10-07T23:40:54,win.PhysicalDisk(1 Q:)\% Disk Time,14.081323
1791387654,2026-10-07T23:40:54,win.PhysicalDisk(_Total)\% Disk Time,19.205936
1791387654,2026-10-07T23:40:54,win.PhysicalDisk(0 C:)\Current Disk Queue Length,0.0
1791387654,2026-10-07T23:40:54,win.PhysicalDisk(1 Q:)\Current Disk Queue Length,0.0
1791387654,2026-10-07T23:40:54,win.PhysicalDisk(_Total)\Current Disk Queue Length,0.0
1791387654,2026-10-07T23:40:54,win.Process(vmmemWSL)\% Processor Time,1055.248342
1791387664,2026-10-07T23:41:04,docker.dev-peer0.org1.example.com-saksi-bulletin_1.0-ee3fe73bad456e43adfc5ba27d9e5a60983b69e8496140308fb21061ecb2ff85.cpu_pct,419.2
1791387664,2026-10-07T23:41:04,docker.dev-peer0.org1.example.com-saksi-bulletin_1.0-ee3fe73bad456e43adfc5ba27d9e5a60983b69e8496140308fb21061ecb2ff85.mem_bytes,19681771.52
1791387664,2026-10-07T23:41:04,docker.dev-peer0.org1.example.com-saksi-bulletin_1.0-ee3fe73bad456e43adfc5ba27d9e5a60983b69e8496140308fb21061ecb2ff85.blk_read_bytes,4440000.0
1791387664,2026-10-07T23:41:04,docker.dev-peer0.org1.example.com-saksi-bulletin_1.0-ee3fe73bad456e43adfc5ba27d9e5a60983b69e8496140308fb21061ecb2ff85.blk_write_bytes,0.0
1791387664,2026-10-07T23:41:04,docker.dev-peer0.org2.example.com-saksi-bulletin_1.0-ee3fe73bad456e43adfc5ba27d9e5a60983b69e8496140308fb21061ecb2ff85.cpu_pct,0.0
1791387664,2026-10-07T23:41:04,docker.dev-peer0.org2.example.com-saksi-bulletin_1.0-ee3fe73bad456e43adfc5ba27d9e5a60983b69e8496140308fb21061ecb2ff85.mem_bytes,7028604.928
1791387664,2026-10-07T23:41:04,docker.dev-peer0.org2.example.com-saksi-bulletin_1.0-ee3fe73bad456e43adfc5ba27d9e5a60983b69e8496140308fb21061ecb2ff85.blk_read_bytes,0.0
1791387664,2026-10-07T23:41:04,docker.dev-peer0.org2.example.com-saksi-bulletin_1.0-ee3fe73bad456e43adfc5ba27d9e5a60983b69e8496140308fb21061ecb2ff85.blk_write_bytes,0.0
1791387664,2026-10-07T23:41:04,docker.peer0.org1.example.com.cpu_pct,372.76
1791387664,2026-10-07T23:41:04,docker.peer0.org1.example.com.mem_bytes,303143321.6
1791387664,2026-10-07T23:41:04,docker.peer0.org1.example.com.blk_read_bytes,11000000.0
1791387664,2026-10-07T23:41:04,docker.peer0.org1.example.com.blk_write_bytes,8900000000.0
1791387664,2026-10-07T23:41:04,docker.orderer.example.com.cpu_pct,82.6
1791387664,2026-10-07T23:41:04,docker.orderer.example.com.mem_bytes,1731945562.112
1791387664,2026-10-07T23:41:04,docker.orderer.example.com.blk_read_bytes,9310000.0
1791387664,2026-10-07T23:41:04,docker.orderer.example.com.blk_write_bytes,2560000000.0
1791387664,2026-10-07T23:41:04,docker.peer0.org2.example.com.cpu_pct,131.16
1791387664,2026-10-07T23:41:04,docker.peer0.org2.example.com.mem_bytes,285212672.0
1791387664,2026-10-07T23:41:04,docker.peer0.org2.example.com.blk_read_bytes,504000.0
1791387664,2026-10-07T23:41:04,docker.peer0.org2.example.com.blk_write_bytes,8890000000.0
1791387664,2026-10-07T23:41:04,wsl.MemTotal_kb,24608408
1791387664,2026-10-07T23:41:04,wsl.MemAvailable_kb,22357912
1791387664,2026-10-07T23:41:04,wsl.SwapTotal_kb,0
1791387664,2026-10-07T23:41:04,wsl.SwapFree_kb,0
1791387664,2026-10-07T23:41:04,wsl.Dirty_kb,49552
1791387664,2026-10-07T23:41:04,wsl.load1,18.91
1791387664,2026-10-07T23:41:04,wsl.load5,11.33
1791387664,2026-10-07T23:41:04,host.c_free_bytes,45340213248
1791387664,2026-10-07T23:41:04,host.q_free_bytes,372009005056
1791387664,2026-10-07T23:41:04,host.docker_vhdx_bytes,25813843968
1791387664,2026-10-07T23:41:04,host.ubuntu_vhdx_bytes,212983611392
1791387664,2026-10-07T23:41:04,win.Processor(_Total)\% Processor Time,87.549351
1791387664,2026-10-07T23:41:04,win.Memory\Available MBytes,4371.0
1791387664,2026-10-07T23:41:04,win.PhysicalDisk(0 C:)\% Disk Time,12.522141
1791387664,2026-10-07T23:41:04,win.PhysicalDisk(1 Q:)\% Disk Time,14.518729
1791387664,2026-10-07T23:41:04,win.PhysicalDisk(_Total)\% Disk Time,13.520435
1791387664,2026-10-07T23:41:04,win.PhysicalDisk(0 C:)\Current Disk Queue Length,0.0
1791387664,2026-10-07T23:41:04,win.PhysicalDisk(1 Q:)\Current Disk Queue Length,0.0
1791387664,2026-10-07T23:41:04,win.PhysicalDisk(_Total)\Current Disk Queue Length,0.0
1791387664,2026-10-07T23:41:04,win.Process(vmmemWSL)\% Processor Time,1068.747361
1791387674,2026-10-07T23:41:14,docker.dev-peer0.org1.example.com-saksi-bulletin_1.0-ee3fe73bad456e43adfc5ba27d9e5a60983b69e8496140308fb21061ecb2ff85.cpu_pct,395.34
1791387674,2026-10-07T23:41:14,docker.dev-peer0.org1.example.com-saksi-bulletin_1.0-ee3fe73bad456e43adfc5ba27d9e5a60983b69e8496140308fb21061ecb2ff85.mem_bytes,20929576.96
1791387674,2026-10-07T23:41:14,docker.dev-peer0.org1.example.com-saksi-bulletin_1.0-ee3fe73bad456e43adfc5ba27d9e5a60983b69e8496140308fb21061ecb2ff85.blk_read_bytes,4440000.0
1791387674,2026-10-07T23:41:14,docker.dev-peer0.org1.example.com-saksi-bulletin_1.0-ee3fe73bad456e43adfc5ba27d9e5a60983b69e8496140308fb21061ecb2ff85.blk_write_bytes,0.0
1791387674,2026-10-07T23:41:14,docker.dev-peer0.org2.example.com-saksi-bulletin_1.0-ee3fe73bad456e43adfc5ba27d9e5a60983b69e8496140308fb21061ecb2ff85.cpu_pct,0.01
1791387674,2026-10-07T23:41:14,docker.dev-peer0.org2.example.com-saksi-bulletin_1.0-ee3fe73bad456e43adfc5ba27d9e5a60983b69e8496140308fb21061ecb2ff85.mem_bytes,6774849.536
1791387674,2026-10-07T23:41:14,docker.dev-peer0.org2.example.com-saksi-bulletin_1.0-ee3fe73bad456e43adfc5ba27d9e5a60983b69e8496140308fb21061ecb2ff85.blk_read_bytes,0.0
1791387674,2026-10-07T23:41:14,docker.dev-peer0.org2.example.com-saksi-bulletin_1.0-ee3fe73bad456e43adfc5ba27d9e5a60983b69e8496140308fb21061ecb2ff85.blk_write_bytes,0.0
1791387674,2026-10-07T23:41:14,docker.peer0.org1.example.com.cpu_pct,388.05
1791387674,2026-10-07T23:41:14,docker.peer0.org1.example.com.mem_bytes,278501785.6
1791387674,2026-10-07T23:41:14,docker.peer0.org1.example.com.blk_read_bytes,11000000.0
1791387674,2026-10-07T23:41:14,docker.peer0.org1.example.com.blk_write_bytes,9580000000.0
1791387674,2026-10-07T23:41:14,docker.orderer.example.com.cpu_pct,76.53
1791387674,2026-10-07T23:41:14,docker.orderer.example.com.mem_bytes,1939177734.144
1791387674,2026-10-07T23:41:14,docker.orderer.example.com.blk_read_bytes,9310000.0
1791387674,2026-10-07T23:41:14,docker.orderer.example.com.blk_write_bytes,2710000000.0
1791387674,2026-10-07T23:41:14,docker.peer0.org2.example.com.cpu_pct,156.39
1791387674,2026-10-07T23:41:14,docker.peer0.org2.example.com.mem_bytes,265289728.0
1791387674,2026-10-07T23:41:14,docker.peer0.org2.example.com.blk_read_bytes,504000.0
1791387674,2026-10-07T23:41:14,docker.peer0.org2.example.com.blk_write_bytes,9580000000.0
1791387674,2026-10-07T23:41:14,wsl.MemTotal_kb,24608408
1791387674,2026-10-07T23:41:14,wsl.MemAvailable_kb,22257748
1791387674,2026-10-07T23:41:14,wsl.SwapTotal_kb,0
1791387674,2026-10-07T23:41:14,wsl.SwapFree_kb,0
1791387674,2026-10-07T23:41:14,wsl.Dirty_kb,5916
1791387674,2026-10-07T23:41:14,wsl.load1,18.57
1791387674,2026-10-07T23:41:14,wsl.load5,11.5
1791387674,2026-10-07T23:41:14,host.c_free_bytes,45339815936
1791387674,2026-10-07T23:41:14,host.q_free_bytes,371639906304
1791387674,2026-10-07T23:41:14,host.docker_vhdx_bytes,26182942720
1791387674,2026-10-07T23:41:14,host.ubuntu_vhdx_bytes,212983611392
1791387674,2026-10-07T23:41:14,win.Processor(_Total)\% Processor Time,87.845205
1791387674,2026-10-07T23:41:14,win.Memory\Available MBytes,4152.0
1791387674,2026-10-07T23:41:14,win.PhysicalDisk(0 C:)\% Disk Time,17.906635
1791387674,2026-10-07T23:41:14,win.PhysicalDisk(1 Q:)\% Disk Time,14.246535
1791387674,2026-10-07T23:41:14,win.PhysicalDisk(_Total)\% Disk Time,16.076585
1791387674,2026-10-07T23:41:14,win.PhysicalDisk(0 C:)\Current Disk Queue Length,0.0
1791387674,2026-10-07T23:41:14,win.PhysicalDisk(1 Q:)\Current Disk Queue Length,0.0
1791387674,2026-10-07T23:41:14,win.PhysicalDisk(_Total)\Current Disk Queue Length,0.0
1791387674,2026-10-07T23:41:14,win.Process(vmmemWSL)\% Processor Time,1058.471203
1791387684,2026-10-07T23:41:24,docker.dev-peer0.org1.example.com-saksi-bulletin_1.0-ee3fe73bad456e43adfc5ba27d9e5a60983b69e8496140308fb21061ecb2ff85.cpu_pct,415.93
1791387684,2026-10-07T23:41:24,docker.dev-peer0.org1.example.com-saksi-bulletin_1.0-ee3fe73bad456e43adfc5ba27d9e5a60983b69e8496140308fb21061ecb2ff85.mem_bytes,20761804.8
1791387684,2026-10-07T23:41:24,docker.dev-peer0.org1.example.com-saksi-bulletin_1.0-ee3fe73bad456e43adfc5ba27d9e5a60983b69e8496140308fb21061ecb2ff85.blk_read_bytes,4440000.0
1791387684,2026-10-07T23:41:24,docker.dev-peer0.org1.example.com-saksi-bulletin_1.0-ee3fe73bad456e43adfc5ba27d9e5a60983b69e8496140308fb21061ecb2ff85.blk_write_bytes,0.0
1791387684,2026-10-07T23:41:24,docker.dev-peer0.org2.example.com-saksi-bulletin_1.0-ee3fe73bad456e43adfc5ba27d9e5a60983b69e8496140308fb21061ecb2ff85.cpu_pct,0.0
1791387684,2026-10-07T23:41:24,docker.dev-peer0.org2.example.com-saksi-bulletin_1.0-ee3fe73bad456e43adfc5ba27d9e5a60983b69e8496140308fb21061ecb2ff85.mem_bytes,6774849.536
1791387684,2026-10-07T23:41:24,docker.dev-peer0.org2.example.com-saksi-bulletin_1.0-ee3fe73bad456e43adfc5ba27d9e5a60983b69e8496140308fb21061ecb2ff85.blk_read_bytes,0.0
1791387684,2026-10-07T23:41:24,docker.dev-peer0.org2.example.com-saksi-bulletin_1.0-ee3fe73bad456e43adfc5ba27d9e5a60983b69e8496140308fb21061ecb2ff85.blk_write_bytes,0.0
1791387684,2026-10-07T23:41:24,docker.peer0.org1.example.com.cpu_pct,357.56
1791387684,2026-10-07T23:41:24,docker.peer0.org1.example.com.mem_bytes,289931264.0
1791387684,2026-10-07T23:41:24,docker.peer0.org1.example.com.blk_read_bytes,11000000.0
1791387684,2026-10-07T23:41:24,docker.peer0.org1.example.com.blk_write_bytes,10300000000.0
1791387684,2026-10-07T23:41:24,docker.orderer.example.com.cpu_pct,85.29
1791387684,2026-10-07T23:41:24,docker.orderer.example.com.mem_bytes,1638530023.424
1791387684,2026-10-07T23:41:24,docker.orderer.example.com.blk_read_bytes,9310000.0
1791387684,2026-10-07T23:41:24,docker.orderer.example.com.blk_write_bytes,2860000000.0
1791387684,2026-10-07T23:41:24,docker.peer0.org2.example.com.cpu_pct,129.17
1791387684,2026-10-07T23:41:24,docker.peer0.org2.example.com.mem_bytes,272210329.6
1791387684,2026-10-07T23:41:24,docker.peer0.org2.example.com.blk_read_bytes,508000.0
1791387684,2026-10-07T23:41:24,docker.peer0.org2.example.com.blk_write_bytes,10300000000.0
1791387684,2026-10-07T23:41:24,wsl.MemTotal_kb,24608408
1791387684,2026-10-07T23:41:24,wsl.MemAvailable_kb,22624640
1791387684,2026-10-07T23:41:24,wsl.SwapTotal_kb,0
1791387684,2026-10-07T23:41:24,wsl.SwapFree_kb,0
1791387684,2026-10-07T23:41:24,wsl.Dirty_kb,25764
1791387684,2026-10-07T23:41:24,wsl.load1,17.65
1791387684,2026-10-07T23:41:24,wsl.load5,11.53
1791387684,2026-10-07T23:41:24,host.c_free_bytes,45341265920
1791387684,2026-10-07T23:41:24,host.q_free_bytes,371405025280
1791387684,2026-10-07T23:41:24,host.docker_vhdx_bytes,26417823744
1791387684,2026-10-07T23:41:24,host.ubuntu_vhdx_bytes,212983611392
1791387684,2026-10-07T23:41:24,win.Processor(_Total)\% Processor Time,87.661276
1791387684,2026-10-07T23:41:24,win.Memory\Available MBytes,3679.0
1791387684,2026-10-07T23:41:24,win.PhysicalDisk(0 C:)\% Disk Time,75.233168
1791387684,2026-10-07T23:41:24,win.PhysicalDisk(1 Q:)\% Disk Time,13.47972
1791387684,2026-10-07T23:41:24,win.PhysicalDisk(_Total)\% Disk Time,44.356445
1791387684,2026-10-07T23:41:24,win.PhysicalDisk(0 C:)\Current Disk Queue Length,2.0
1791387684,2026-10-07T23:41:24,win.PhysicalDisk(1 Q:)\Current Disk Queue Length,0.0
1791387684,2026-10-07T23:41:24,win.PhysicalDisk(_Total)\Current Disk Queue Length,2.0
1791387684,2026-10-07T23:41:24,win.Process(vmmemWSL)\% Processor Time,1082.688928
1791387694,2026-10-07T23:41:34,docker.dev-peer0.org1.example.com-saksi-bulletin_1.0-ee3fe73bad456e43adfc5ba27d9e5a60983b69e8496140308fb21061ecb2ff85.cpu_pct,424.32
1791387694,2026-10-07T23:41:34,docker.dev-peer0.org1.example.com-saksi-bulletin_1.0-ee3fe73bad456e43adfc5ba27d9e5a60983b69e8496140308fb21061ecb2ff85.mem_bytes,20048773.12
1791387694,2026-10-07T23:41:34,docker.dev-peer0.org1.example.com-saksi-bulletin_1.0-ee3fe73bad456e43adfc5ba27d9e5a60983b69e8496140308fb21061ecb2ff85.blk_read_bytes,4440000.0
1791387694,2026-10-07T23:41:34,docker.dev-peer0.org1.example.com-saksi-bulletin_1.0-ee3fe73bad456e43adfc5ba27d9e5a60983b69e8496140308fb21061ecb2ff85.blk_write_bytes,0.0
1791387694,2026-10-07T23:41:34,docker.dev-peer0.org2.example.com-saksi-bulletin_1.0-ee3fe73bad456e43adfc5ba27d9e5a60983b69e8496140308fb21061ecb2ff85.cpu_pct,0.0
1791387694,2026-10-07T23:41:34,docker.dev-peer0.org2.example.com-saksi-bulletin_1.0-ee3fe73bad456e43adfc5ba27d9e5a60983b69e8496140308fb21061ecb2ff85.mem_bytes,6774849.536
1791387694,2026-10-07T23:41:34,docker.dev-peer0.org2.example.com-saksi-bulletin_1.0-ee3fe73bad456e43adfc5ba27d9e5a60983b69e8496140308fb21061ecb2ff85.blk_read_bytes,0.0
1791387694,2026-10-07T23:41:34,docker.dev-peer0.org2.example.com-saksi-bulletin_1.0-ee3fe73bad456e43adfc5ba27d9e5a60983b69e8496140308fb21061ecb2ff85.blk_write_bytes,0.0
1791387694,2026-10-07T23:41:34,docker.peer0.org1.example.com.cpu_pct,355.11
1791387694,2026-10-07T23:41:34,docker.peer0.org1.example.com.mem_bytes,305240473.6
1791387694,2026-10-07T23:41:34,docker.peer0.org1.example.com.blk_read_bytes,11000000.0
1791387694,2026-10-07T23:41:34,docker.peer0.org1.example.com.blk_write_bytes,11100000000.0
1791387694,2026-10-07T23:41:34,docker.orderer.example.com.cpu_pct,84.71
1791387694,2026-10-07T23:41:34,docker.orderer.example.com.mem_bytes,1860794580.992
1791387694,2026-10-07T23:41:34,docker.orderer.example.com.blk_read_bytes,9330000.0
1791387694,2026-10-07T23:41:34,docker.orderer.example.com.blk_write_bytes,3010000000.0
1791387694,2026-10-07T23:41:34,docker.peer0.org2.example.com.cpu_pct,122.61
1791387694,2026-10-07T23:41:34,docker.peer0.org2.example.com.mem_bytes,290036121.6
1791387694,2026-10-07T23:41:34,docker.peer0.org2.example.com.blk_read_bytes,516000.0
1791387694,2026-10-07T23:41:34,docker.peer0.org2.example.com.blk_write_bytes,11100000000.0
1791387694,2026-10-07T23:41:34,wsl.MemTotal_kb,24608408
1791387694,2026-10-07T23:41:34,wsl.MemAvailable_kb,22412364
1791387694,2026-10-07T23:41:34,wsl.SwapTotal_kb,0
1791387694,2026-10-07T23:41:34,wsl.SwapFree_kb,0
1791387694,2026-10-07T23:41:34,wsl.Dirty_kb,47412
1791387694,2026-10-07T23:41:34,wsl.load1,17.21
1791387694,2026-10-07T23:41:34,wsl.load5,11.64
1791387694,2026-10-07T23:41:34,host.c_free_bytes,45340778496
1791387694,2026-10-07T23:41:34,host.q_free_bytes,370834599936
1791387694,2026-10-07T23:41:34,host.docker_vhdx_bytes,26988249088
1791387694,2026-10-07T23:41:34,host.ubuntu_vhdx_bytes,212983611392
1791387694,2026-10-07T23:41:34,win.Processor(_Total)\% Processor Time,86.983915
1791387694,2026-10-07T23:41:34,win.Memory\Available MBytes,3337.0
1791387694,2026-10-07T23:41:34,win.PhysicalDisk(0 C:)\% Disk Time,112.429107
1791387694,2026-10-07T23:41:34,win.PhysicalDisk(1 Q:)\% Disk Time,15.155323
1791387694,2026-10-07T23:41:34,win.PhysicalDisk(_Total)\% Disk Time,63.792215
1791387694,2026-10-07T23:41:34,win.PhysicalDisk(0 C:)\Current Disk Queue Length,0.0
1791387694,2026-10-07T23:41:34,win.PhysicalDisk(1 Q:)\Current Disk Queue Length,0.0
1791387694,2026-10-07T23:41:34,win.PhysicalDisk(_Total)\Current Disk Queue Length,0.0
1791387694,2026-10-07T23:41:34,win.Process(vmmemWSL)\% Processor Time,1069.387501
1791387704,2026-10-07T23:41:44,docker.dev-peer0.org1.example.com-saksi-bulletin_1.0-ee3fe73bad456e43adfc5ba27d9e5a60983b69e8496140308fb21061ecb2ff85.cpu_pct,417.95
1791387704,2026-10-07T23:41:44,docker.dev-peer0.org1.example.com-saksi-bulletin_1.0-ee3fe73bad456e43adfc5ba27d9e5a60983b69e8496140308fb21061ecb2ff85.mem_bytes,20814233.6
1791387704,2026-10-07T23:41:44,docker.dev-peer0.org1.example.com-saksi-bulletin_1.0-ee3fe73bad456e43adfc5ba27d9e5a60983b69e8496140308fb21061ecb2ff85.blk_read_bytes,4440000.0
1791387704,2026-10-07T23:41:44,docker.dev-peer0.org1.example.com-saksi-bulletin_1.0-ee3fe73bad456e43adfc5ba27d9e5a60983b69e8496140308fb21061ecb2ff85.blk_write_bytes,0.0
1791387704,2026-10-07T23:41:44,docker.dev-peer0.org2.example.com-saksi-bulletin_1.0-ee3fe73bad456e43adfc5ba27d9e5a60983b69e8496140308fb21061ecb2ff85.cpu_pct,0.0
1791387704,2026-10-07T23:41:44,docker.dev-peer0.org2.example.com-saksi-bulletin_1.0-ee3fe73bad456e43adfc5ba27d9e5a60983b69e8496140308fb21061ecb2ff85.mem_bytes,6774849.536
1791387704,2026-10-07T23:41:44,docker.dev-peer0.org2.example.com-saksi-bulletin_1.0-ee3fe73bad456e43adfc5ba27d9e5a60983b69e8496140308fb21061ecb2ff85.blk_read_bytes,0.0
1791387704,2026-10-07T23:41:44,docker.dev-peer0.org2.example.com-saksi-bulletin_1.0-ee3fe73bad456e43adfc5ba27d9e5a60983b69e8496140308fb21061ecb2ff85.blk_write_bytes,0.0
1791387704,2026-10-07T23:41:44,docker.peer0.org1.example.com.cpu_pct,378.17
1791387704,2026-10-07T23:41:44,docker.peer0.org1.example.com.mem_bytes,300521881.6
1791387704,2026-10-07T23:41:44,docker.peer0.org1.example.com.blk_read_bytes,11000000.0
1791387704,2026-10-07T23:41:44,docker.peer0.org1.example.com.blk_write_bytes,12100000000.0
1791387704,2026-10-07T23:41:44,docker.orderer.example.com.cpu_pct,80.51
1791387704,2026-10-07T23:41:44,docker.orderer.example.com.mem_bytes,2077690429.44
1791387704,2026-10-07T23:41:44,docker.orderer.example.com.blk_read_bytes,9330000.0
1791387704,2026-10-07T23:41:44,docker.orderer.example.com.blk_write_bytes,3150000000.0
1791387704,2026-10-07T23:41:44,docker.peer0.org2.example.com.cpu_pct,137.52
1791387704,2026-10-07T23:41:44,docker.peer0.org2.example.com.mem_bytes,267596595.2
1791387704,2026-10-07T23:41:44,docker.peer0.org2.example.com.blk_read_bytes,524000.0
1791387704,2026-10-07T23:41:44,docker.peer0.org2.example.com.blk_write_bytes,12100000000.0
1791387704,2026-10-07T23:41:44,wsl.MemTotal_kb,24608408
1791387704,2026-10-07T23:41:44,wsl.MemAvailable_kb,22330092
1791387704,2026-10-07T23:41:44,wsl.SwapTotal_kb,0
1791387704,2026-10-07T23:41:44,wsl.SwapFree_kb,0
1791387704,2026-10-07T23:41:44,wsl.Dirty_kb,9384
1791387704,2026-10-07T23:41:44,wsl.load1,17.47
1791387704,2026-10-07T23:41:44,wsl.load5,11.87
1791387704,2026-10-07T23:41:44,host.c_free_bytes,45340110848
1791387704,2026-10-07T23:41:44,host.q_free_bytes,370029293568
1791387704,2026-10-07T23:41:44,host.docker_vhdx_bytes,27793555456
1791387704,2026-10-07T23:41:44,host.ubuntu_vhdx_bytes,212983611392
1791387704,2026-10-07T23:41:44,win.Processor(_Total)\% Processor Time,87.426826
1791387704,2026-10-07T23:41:44,win.Memory\Available MBytes,3480.0
1791387704,2026-10-07T23:41:44,win.PhysicalDisk(0 C:)\% Disk Time,215.657006
1791387704,2026-10-07T23:41:44,win.PhysicalDisk(1 Q:)\% Disk Time,15.817254
1791387704,2026-10-07T23:41:44,win.PhysicalDisk(_Total)\% Disk Time,115.737129
1791387704,2026-10-07T23:41:44,win.PhysicalDisk(0 C:)\Current Disk Queue Length,2.0
1791387704,2026-10-07T23:41:44,win.PhysicalDisk(1 Q:)\Current Disk Queue Length,0.0
1791387704,2026-10-07T23:41:44,win.PhysicalDisk(_Total)\Current Disk Queue Length,2.0
1791387704,2026-10-07T23:41:44,win.Process(vmmemWSL)\% Processor Time,1054.509212
1791387714,2026-10-07T23:41:54,docker.dev-peer0.org1.example.com-saksi-bulletin_1.0-ee3fe73bad456e43adfc5ba27d9e5a60983b69e8496140308fb21061ecb2ff85.cpu_pct,292.95
1791387714,2026-10-07T23:41:54,docker.dev-peer0.org1.example.com-saksi-bulletin_1.0-ee3fe73bad456e43adfc5ba27d9e5a60983b69e8496140308fb21061ecb2ff85.mem_bytes,21726494.72
1791387714,2026-10-07T23:41:54,docker.dev-peer0.org1.example.com-saksi-bulletin_1.0-ee3fe73bad456e43adfc5ba27d9e5a60983b69e8496140308fb21061ecb2ff85.blk_read_bytes,4440000.0
1791387714,2026-10-07T23:41:54,docker.dev-peer0.org1.example.com-saksi-bulletin_1.0-ee3fe73bad456e43adfc5ba27d9e5a60983b69e8496140308fb21061ecb2ff85.blk_write_bytes,0.0
1791387714,2026-10-07T23:41:54,docker.dev-peer0.org2.example.com-saksi-bulletin_1.0-ee3fe73bad456e43adfc5ba27d9e5a60983b69e8496140308fb21061ecb2ff85.cpu_pct,0.04
1791387714,2026-10-07T23:41:54,docker.dev-peer0.org2.example.com-saksi-bulletin_1.0-ee3fe73bad456e43adfc5ba27d9e5a60983b69e8496140308fb21061ecb2ff85.mem_bytes,6774849.536
1791387714,2026-10-07T23:41:54,docker.dev-peer0.org2.example.com-saksi-bulletin_1.0-ee3fe73bad456e43adfc5ba27d9e5a60983b69e8496140308fb21061ecb2ff85.blk_read_bytes,0.0
1791387714,2026-10-07T23:41:54,docker.dev-peer0.org2.example.com-saksi-bulletin_1.0-ee3fe73bad456e43adfc5ba27d9e5a60983b69e8496140308fb21061ecb2ff85.blk_write_bytes,0.0
1791387714,2026-10-07T23:41:54,docker.peer0.org1.example.com.cpu_pct,264.77
1791387714,2026-10-07T23:41:54,docker.peer0.org1.example.com.mem_bytes,302304460.8
1791387714,2026-10-07T23:41:54,docker.peer0.org1.example.com.blk_read_bytes,11000000.0
1791387714,2026-10-07T23:41:54,docker.peer0.org1.example.com.blk_write_bytes,13000000000.0
1791387714,2026-10-07T23:41:54,docker.orderer.example.com.cpu_pct,56.4
1791387714,2026-10-07T23:41:54,docker.orderer.example.com.mem_bytes,2253784088.576
1791387714,2026-10-07T23:41:54,docker.orderer.example.com.blk_read_bytes,9340000.0
1791387714,2026-10-07T23:41:54,docker.orderer.example.com.blk_write_bytes,3280000000.0
1791387714,2026-10-07T23:41:54,docker.peer0.org2.example.com.cpu_pct,107.91
1791387714,2026-10-07T23:41:54,docker.peer0.org2.example.com.mem_bytes,272944332.8
1791387714,2026-10-07T23:41:54,docker.peer0.org2.example.com.blk_read_bytes,537000.0
1791387714,2026-10-07T23:41:54,docker.peer0.org2.example.com.blk_write_bytes,13000000000.0
1791387714,2026-10-07T23:41:54,wsl.MemTotal_kb,24608408
1791387714,2026-10-07T23:41:54,wsl.MemAvailable_kb,22136148
1791387714,2026-10-07T23:41:54,wsl.SwapTotal_kb,0
1791387714,2026-10-07T23:41:54,wsl.SwapFree_kb,0
1791387714,2026-10-07T23:41:54,wsl.Dirty_kb,23328
1791387714,2026-10-07T23:41:54,wsl.load1,18.09
1791387714,2026-10-07T23:41:54,wsl.load5,12.18
1791387714,2026-10-07T23:41:54,host.c_free_bytes,45339656192
1791387714,2026-10-07T23:41:54,host.q_free_bytes,369358204928
1791387714,2026-10-07T23:41:54,host.docker_vhdx_bytes,28464644096
1791387714,2026-10-07T23:41:54,host.ubuntu_vhdx_bytes,212983611392
1791387714,2026-10-07T23:41:54,win.Processor(_Total)\% Processor Time,86.414885
1791387714,2026-10-07T23:41:54,win.Memory\Available MBytes,3133.0
1791387714,2026-10-07T23:41:54,win.PhysicalDisk(0 C:)\% Disk Time,13.825075
1791387714,2026-10-07T23:41:54,win.PhysicalDisk(1 Q:)\% Disk Time,17.134576
1791387714,2026-10-07T23:41:54,win.PhysicalDisk(_Total)\% Disk Time,15.479826
1791387714,2026-10-07T23:41:54,win.PhysicalDisk(0 C:)\Current Disk Queue Length,0.0
1791387714,2026-10-07T23:41:54,win.PhysicalDisk(1 Q:)\Current Disk Queue Length,1.0
1791387714,2026-10-07T23:41:54,win.PhysicalDisk(_Total)\Current Disk Queue Length,1.0
1791387714,2026-10-07T23:41:54,win.Process(vmmemWSL)\% Processor Time,1049.074848
1791387724,2026-10-07T23:42:04,docker.dev-peer0.org1.example.com-saksi-bulletin_1.0-ee3fe73bad456e43adfc5ba27d9e5a60983b69e8496140308fb21061ecb2ff85.cpu_pct,269.25
1791387724,2026-10-07T23:42:04,docker.dev-peer0.org1.example.com-saksi-bulletin_1.0-ee3fe73bad456e43adfc5ba27d9e5a60983b69e8496140308fb21061ecb2ff85.mem_bytes,21013463.04
1791387724,2026-10-07T23:42:04,docker.dev-peer0.org1.example.com-saksi-bulletin_1.0-ee3fe73bad456e43adfc5ba27d9e5a60983b69e8496140308fb21061ecb2ff85.blk_read_bytes,4440000.0
1791387724,2026-10-07T23:42:04,docker.dev-peer0.org1.example.com-saksi-bulletin_1.0-ee3fe73bad456e43adfc5ba27d9e5a60983b69e8496140308fb21061ecb2ff85.blk_write_bytes,0.0
1791387724,2026-10-07T23:42:04,docker.dev-peer0.org2.example.com-saksi-bulletin_1.0-ee3fe73bad456e43adfc5ba27d9e5a60983b69e8496140308fb21061ecb2ff85.cpu_pct,0.0
1791387724,2026-10-07T23:42:04,docker.dev-peer0.org2.example.com-saksi-bulletin_1.0-ee3fe73bad456e43adfc5ba27d9e5a60983b69e8496140308fb21061ecb2ff85.mem_bytes,6774849.536
1791387724,2026-10-07T23:42:04,docker.dev-peer0.org2.example.com-saksi-bulletin_1.0-ee3fe73bad456e43adfc5ba27d9e5a60983b69e8496140308fb21061ecb2ff85.blk_read_bytes,0.0
1791387724,2026-10-07T23:42:04,docker.dev-peer0.org2.example.com-saksi-bulletin_1.0-ee3fe73bad456e43adfc5ba27d9e5a60983b69e8496140308fb21061ecb2ff85.blk_write_bytes,0.0
1791387724,2026-10-07T23:42:04,docker.peer0.org1.example.com.cpu_pct,262.94
1791387724,2026-10-07T23:42:04,docker.peer0.org1.example.com.mem_bytes,306813337.6
1791387724,2026-10-07T23:42:04,docker.peer0.org1.example.com.blk_read_bytes,11100000.0
1791387724,2026-10-07T23:42:04,docker.peer0.org1.example.com.blk_write_bytes,13700000000.0
1791387724,2026-10-07T23:42:04,docker.orderer.example.com.cpu_pct,56.35
1791387724,2026-10-07T23:42:04,docker.orderer.example.com.mem_bytes,1876900708.352
1791387724,2026-10-07T23:42:04,docker.orderer.example.com.blk_read_bytes,9350000.0
1791387724,2026-10-07T23:42:04,docker.orderer.example.com.blk_write_bytes,3380000000.0
1791387724,2026-10-07T23:42:04,docker.peer0.org2.example.com.cpu_pct,107.83
1791387724,2026-10-07T23:42:04,docker.peer0.org2.example.com.mem_bytes,282591232.0
1791387724,2026-10-07T23:42:04,docker.peer0.org2.example.com.blk_read_bytes,553000.0
1791387724,2026-10-07T23:42:04,docker.peer0.org2.example.com.blk_write_bytes,13800000000.0
1791387724,2026-10-07T23:42:04,wsl.MemTotal_kb,24608408
1791387724,2026-10-07T23:42:04,wsl.MemAvailable_kb,22512864
1791387724,2026-10-07T23:42:04,wsl.SwapTotal_kb,0
1791387724,2026-10-07T23:42:04,wsl.SwapFree_kb,0
1791387724,2026-10-07T23:42:04,wsl.Dirty_kb,35136
1791387724,2026-10-07T23:42:04,wsl.load1,18.85
1791387724,2026-10-07T23:42:04,wsl.load5,12.53
1791387724,2026-10-07T23:42:04,host.c_free_bytes,45340180480
1791387724,2026-10-07T23:42:04,host.q_free_bytes,368452235264
1791387724,2026-10-07T23:42:04,host.docker_vhdx_bytes,29370613760
1791387724,2026-10-07T23:42:04,host.ubuntu_vhdx_bytes,212983611392
1791387724,2026-10-07T23:42:04,win.Processor(_Total)\% Processor Time,89.102708
1791387724,2026-10-07T23:42:04,win.Memory\Available MBytes,2742.0
1791387724,2026-10-07T23:42:04,win.PhysicalDisk(0 C:)\% Disk Time,108.776577
1791387724,2026-10-07T23:42:04,win.PhysicalDisk(1 Q:)\% Disk Time,19.469269
1791387724,2026-10-07T23:42:04,win.PhysicalDisk(_Total)\% Disk Time,64.122923
1791387724,2026-10-07T23:42:04,win.PhysicalDisk(0 C:)\Current Disk Queue Length,5.0
1791387724,2026-10-07T23:42:04,win.PhysicalDisk(1 Q:)\Current Disk Queue Length,0.0
1791387724,2026-10-07T23:42:04,win.PhysicalDisk(_Total)\Current Disk Queue Length,5.0
1791387724,2026-10-07T23:42:04,win.Process(vmmemWSL)\% Processor Time,1035.691202
1791387734,2026-10-07T23:42:14,docker.dev-peer0.org1.example.com-saksi-bulletin_1.0-ee3fe73bad456e43adfc5ba27d9e5a60983b69e8496140308fb21061ecb2ff85.cpu_pct,287.68
1791387734,2026-10-07T23:42:14,docker.dev-peer0.org1.example.com-saksi-bulletin_1.0-ee3fe73bad456e43adfc5ba27d9e5a60983b69e8496140308fb21061ecb2ff85.mem_bytes,21642608.64
1791387734,2026-10-07T23:42:14,docker.dev-peer0.org1.example.com-saksi-bulletin_1.0-ee3fe73bad456e43adfc5ba27d9e5a60983b69e8496140308fb21061ecb2ff85.blk_read_bytes,4440000.0
1791387734,2026-10-07T23:42:14,docker.dev-peer0.org1.example.com-saksi-bulletin_1.0-ee3fe73bad456e43adfc5ba27d9e5a60983b69e8496140308fb21061ecb2ff85.blk_write_bytes,0.0
1791387734,2026-10-07T23:42:14,docker.dev-peer0.org2.example.com-saksi-bulletin_1.0-ee3fe73bad456e43adfc5ba27d9e5a60983b69e8496140308fb21061ecb2ff85.cpu_pct,0.0
1791387734,2026-10-07T23:42:14,docker.dev-peer0.org2.example.com-saksi-bulletin_1.0-ee3fe73bad456e43adfc5ba27d9e5a60983b69e8496140308fb21061ecb2ff85.mem_bytes,6774849.536
1791387734,2026-10-07T23:42:14,docker.dev-peer0.org2.example.com-saksi-bulletin_1.0-ee3fe73bad456e43adfc5ba27d9e5a60983b69e8496140308fb21061ecb2ff85.blk_read_bytes,0.0
1791387734,2026-10-07T23:42:14,docker.dev-peer0.org2.example.com-saksi-bulletin_1.0-ee3fe73bad456e43adfc5ba27d9e5a60983b69e8496140308fb21061ecb2ff85.blk_write_bytes,0.0
1791387734,2026-10-07T23:42:14,docker.peer0.org1.example.com.cpu_pct,268.64
1791387734,2026-10-07T23:42:14,docker.peer0.org1.example.com.mem_bytes,309015347.2
1791387734,2026-10-07T23:42:14,docker.peer0.org1.example.com.blk_read_bytes,11100000.0
1791387734,2026-10-07T23:42:14,docker.peer0.org1.example.com.blk_write_bytes,14500000000.0
1791387734,2026-10-07T23:42:14,docker.orderer.example.com.cpu_pct,56.06
1791387734,2026-10-07T23:42:14,docker.orderer.example.com.mem_bytes,2037961981.952
1791387734,2026-10-07T23:42:14,docker.orderer.example.com.blk_read_bytes,9350000.0
1791387734,2026-10-07T23:42:14,docker.orderer.example.com.blk_write_bytes,3490000000.0
1791387734,2026-10-07T23:42:14,docker.peer0.org2.example.com.cpu_pct,107.75
1791387734,2026-10-07T23:42:14,docker.peer0.org2.example.com.mem_bytes,280074649.6
1791387734,2026-10-07T23:42:14,docker.peer0.org2.example.com.blk_read_bytes,565000.0
1791387734,2026-10-07T23:42:14,docker.peer0.org2.example.com.blk_write_bytes,14600000000.0
1791387734,2026-10-07T23:42:14,wsl.MemTotal_kb,24608408
1791387734,2026-10-07T23:42:14,wsl.MemAvailable_kb,22483260
1791387734,2026-10-07T23:42:14,wsl.SwapTotal_kb,0
1791387734,2026-10-07T23:42:14,wsl.SwapFree_kb,0
1791387734,2026-10-07T23:42:14,wsl.Dirty_kb,4088
1791387734,2026-10-07T23:42:14,wsl.load1,19.13
1791387734,2026-10-07T23:42:14,wsl.load5,12.81
1791387734,2026-10-07T23:42:14,host.c_free_bytes,45340737536
1791387734,2026-10-07T23:42:14,host.q_free_bytes,367546265600
1791387734,2026-10-07T23:42:14,host.docker_vhdx_bytes,30276583424
1791387734,2026-10-07T23:42:14,host.ubuntu_vhdx_bytes,212983611392
1791387734,2026-10-07T23:42:14,win.Processor(_Total)\% Processor Time,76.480476
1791387734,2026-10-07T23:42:14,win.Memory\Available MBytes,2432.0
1791387734,2026-10-07T23:42:14,win.PhysicalDisk(0 C:)\% Disk Time,345.966037
1791387734,2026-10-07T23:42:14,win.PhysicalDisk(1 Q:)\% Disk Time,40.595524
1791387734,2026-10-07T23:42:14,win.PhysicalDisk(_Total)\% Disk Time,193.280781
1791387734,2026-10-07T23:42:14,win.PhysicalDisk(0 C:)\Current Disk Queue Length,4.0
1791387734,2026-10-07T23:42:14,win.PhysicalDisk(1 Q:)\Current Disk Queue Length,1.0
1791387734,2026-10-07T23:42:14,win.PhysicalDisk(_Total)\Current Disk Queue Length,5.0
1791387734,2026-10-07T23:42:14,win.Process(vmmemWSL)\% Processor Time,883.156647
1791387744,2026-10-07T23:42:24,docker.dev-peer0.org1.example.com-saksi-bulletin_1.0-ee3fe73bad456e43adfc5ba27d9e5a60983b69e8496140308fb21061ecb2ff85.cpu_pct,294.05
1791387744,2026-10-07T23:42:24,docker.dev-peer0.org1.example.com-saksi-bulletin_1.0-ee3fe73bad456e43adfc5ba27d9e5a60983b69e8496140308fb21061ecb2ff85.mem_bytes,20635975.68
1791387744,2026-10-07T23:42:24,docker.dev-peer0.org1.example.com-saksi-bulletin_1.0-ee3fe73bad456e43adfc5ba27d9e5a60983b69e8496140308fb21061ecb2ff85.blk_read_bytes,4440000.0
1791387744,2026-10-07T23:42:24,docker.dev-peer0.org1.example.com-saksi-bulletin_1.0-ee3fe73bad456e43adfc5ba27d9e5a60983b69e8496140308fb21061ecb2ff85.blk_write_bytes,0.0
1791387744,2026-10-07T23:42:24,docker.dev-peer0.org2.example.com-saksi-bulletin_1.0-ee3fe73bad456e43adfc5ba27d9e5a60983b69e8496140308fb21061ecb2ff85.cpu_pct,0.0
1791387744,2026-10-07T23:42:24,docker.dev-peer0.org2.example.com-saksi-bulletin_1.0-ee3fe73bad456e43adfc5ba27d9e5a60983b69e8496140308fb21061ecb2ff85.mem_bytes,6774849.536
1791387744,2026-10-07T23:42:24,docker.dev-peer0.org2.example.com-saksi-bulletin_1.0-ee3fe73bad456e43adfc5ba27d9e5a60983b69e8496140308fb21061ecb2ff85.blk_read_bytes,0.0
1791387744,2026-10-07T23:42:24,docker.dev-peer0.org2.example.com-saksi-bulletin_1.0-ee3fe73bad456e43adfc5ba27d9e5a60983b69e8496140308fb21061ecb2ff85.blk_write_bytes,0.0
1791387744,2026-10-07T23:42:24,docker.peer0.org1.example.com.cpu_pct,274.11
1791387744,2026-10-07T23:42:24,docker.peer0.org1.example.com.mem_bytes,309225062.4
1791387744,2026-10-07T23:42:24,docker.peer0.org1.example.com.blk_read_bytes,11100000.0
1791387744,2026-10-07T23:42:24,docker.peer0.org1.example.com.blk_write_bytes,15300000000.0
1791387744,2026-10-07T23:42:24,docker.orderer.example.com.cpu_pct,56.81
1791387744,2026-10-07T23:42:24,docker.orderer.example.com.mem_bytes,2191507062.784
1791387744,2026-10-07T23:42:24,docker.orderer.example.com.blk_read_bytes,9350000.0
1791387744,2026-10-07T23:42:24,docker.orderer.example.com.blk_write_bytes,3590000000.0
1791387744,2026-10-07T23:42:24,docker.peer0.org2.example.com.cpu_pct,112.82
1791387744,2026-10-07T23:42:24,docker.peer0.org2.example.com.mem_bytes,303667609.6
1791387744,2026-10-07T23:42:24,docker.peer0.org2.example.com.blk_read_bytes,578000.0
1791387744,2026-10-07T23:42:24,docker.peer0.org2.example.com.blk_write_bytes,15300000000.0
1791387744,2026-10-07T23:42:24,wsl.MemTotal_kb,24608408
1791387744,2026-10-07T23:42:24,wsl.MemAvailable_kb,22397648
1791387744,2026-10-07T23:42:24,wsl.SwapTotal_kb,0
1791387744,2026-10-07T23:42:24,wsl.SwapFree_kb,0
1791387744,2026-10-07T23:42:24,wsl.Dirty_kb,17320
1791387744,2026-10-07T23:42:24,wsl.load1,18.95
1791387744,2026-10-07T23:42:24,wsl.load5,12.98
1791387744,2026-10-07T23:42:24,host.c_free_bytes,45341220864
1791387744,2026-10-07T23:42:24,host.q_free_bytes,366740959232
1791387744,2026-10-07T23:42:24,host.docker_vhdx_bytes,31081889792
1791387744,2026-10-07T23:42:24,host.ubuntu_vhdx_bytes,212983611392
1791387744,2026-10-07T23:42:24,win.Processor(_Total)\% Processor Time,67.929005
1791387744,2026-10-07T23:42:24,win.Memory\Available MBytes,2491.0
1791387744,2026-10-07T23:42:24,win.PhysicalDisk(0 C:)\% Disk Time,305.723058
1791387744,2026-10-07T23:42:24,win.PhysicalDisk(1 Q:)\% Disk Time,37.416442
1791387744,2026-10-07T23:42:24,win.PhysicalDisk(_Total)\% Disk Time,171.56975
1791387744,2026-10-07T23:42:24,win.PhysicalDisk(0 C:)\Current Disk Queue Length,3.0
1791387744,2026-10-07T23:42:24,win.PhysicalDisk(1 Q:)\Current Disk Queue Length,0.0
1791387744,2026-10-07T23:42:24,win.PhysicalDisk(_Total)\Current Disk Queue Length,3.0
1791387744,2026-10-07T23:42:24,win.Process(vmmemWSL)\% Processor Time,773.29116
1791387754,2026-10-07T23:42:34,docker.dev-peer0.org1.example.com-saksi-bulletin_1.0-ee3fe73bad456e43adfc5ba27d9e5a60983b69e8496140308fb21061ecb2ff85.cpu_pct,276.24
1791387754,2026-10-07T23:42:34,docker.dev-peer0.org1.example.com-saksi-bulletin_1.0-ee3fe73bad456e43adfc5ba27d9e5a60983b69e8496140308fb21061ecb2ff85.mem_bytes,20394803.2
1791387754,2026-10-07T23:42:34,docker.dev-peer0.org1.example.com-saksi-bulletin_1.0-ee3fe73bad456e43adfc5ba27d9e5a60983b69e8496140308fb21061ecb2ff85.blk_read_bytes,4440000.0
1791387754,2026-10-07T23:42:34,docker.dev-peer0.org1.example.com-saksi-bulletin_1.0-ee3fe73bad456e43adfc5ba27d9e5a60983b69e8496140308fb21061ecb2ff85.blk_write_bytes,0.0
1791387754,2026-10-07T23:42:34,docker.dev-peer0.org2.example.com-saksi-bulletin_1.0-ee3fe73bad456e43adfc5ba27d9e5a60983b69e8496140308fb21061ecb2ff85.cpu_pct,0.0
1791387754,2026-10-07T23:42:34,docker.dev-peer0.org2.example.com-saksi-bulletin_1.0-ee3fe73bad456e43adfc5ba27d9e5a60983b69e8496140308fb21061ecb2ff85.mem_bytes,6774849.536
1791387754,2026-10-07T23:42:34,docker.dev-peer0.org2.example.com-saksi-bulletin_1.0-ee3fe73bad456e43adfc5ba27d9e5a60983b69e8496140308fb21061ecb2ff85.blk_read_bytes,0.0
1791387754,2026-10-07T23:42:34,docker.dev-peer0.org2.example.com-saksi-bulletin_1.0-ee3fe73bad456e43adfc5ba27d9e5a60983b69e8496140308fb21061ecb2ff85.blk_write_bytes,0.0
1791387754,2026-10-07T23:42:34,docker.peer0.org1.example.com.cpu_pct,263.17
1791387754,2026-10-07T23:42:34,docker.peer0.org1.example.com.mem_bytes,320130252.8
1791387754,2026-10-07T23:42:34,docker.peer0.org1.example.com.blk_read_bytes,11100000.0
1791387754,2026-10-07T23:42:34,docker.peer0.org1.example.com.blk_write_bytes,16000000000.0
1791387754,2026-10-07T23:42:34,docker.orderer.example.com.cpu_pct,61.06
1791387754,2026-10-07T23:42:34,docker.orderer.example.com.mem_bytes,2347199627.264
1791387754,2026-10-07T23:42:34,docker.orderer.example.com.blk_read_bytes,9360000.0
1791387754,2026-10-07T23:42:34,docker.orderer.example.com.blk_write_bytes,3700000000.0
1791387754,2026-10-07T23:42:34,docker.peer0.org2.example.com.cpu_pct,109.85
1791387754,2026-10-07T23:42:34,docker.peer0.org2.example.com.mem_bytes,307966771.2
1791387754,2026-10-07T23:42:34,docker.peer0.org2.example.com.blk_read_bytes,586000.0
1791387754,2026-10-07T23:42:34,docker.peer0.org2.example.com.blk_write_bytes,16100000000.000002
1791387754,2026-10-07T23:42:34,wsl.MemTotal_kb,24608408
1791387754,2026-10-07T23:42:34,wsl.MemAvailable_kb,22250800
1791387754,2026-10-07T23:42:34,wsl.SwapTotal_kb,0
1791387754,2026-10-07T23:42:34,wsl.SwapFree_kb,0
1791387754,2026-10-07T23:42:34,wsl.Dirty_kb,31092
1791387754,2026-10-07T23:42:34,wsl.load1,18.43
1791387754,2026-10-07T23:42:34,wsl.load5,13.08
1791387754,2026-10-07T23:42:34,host.c_free_bytes,45340815360
1791387754,2026-10-07T23:42:34,host.q_free_bytes,365935652864
1791387754,2026-10-07T23:42:34,host.docker_vhdx_bytes,31887196160
1791387754,2026-10-07T23:42:34,host.ubuntu_vhdx_bytes,212983611392
1791387754,2026-10-07T23:42:34,win.Processor(_Total)\% Processor Time,68.706714
1791387754,2026-10-07T23:42:34,win.Memory\Available MBytes,2542.0
1791387754,2026-10-07T23:42:34,win.PhysicalDisk(0 C:)\% Disk Time,290.271053
1791387754,2026-10-07T23:42:34,win.PhysicalDisk(1 Q:)\% Disk Time,40.304983
1791387754,2026-10-07T23:42:34,win.PhysicalDisk(_Total)\% Disk Time,165.288018
1791387754,2026-10-07T23:42:34,win.PhysicalDisk(0 C:)\Current Disk Queue Length,0.0
1791387754,2026-10-07T23:42:34,win.PhysicalDisk(1 Q:)\Current Disk Queue Length,2.0
1791387754,2026-10-07T23:42:34,win.PhysicalDisk(_Total)\Current Disk Queue Length,2.0
1791387754,2026-10-07T23:42:34,win.Process(vmmemWSL)\% Processor Time,798.266655
1791387764,2026-10-07T23:42:44,docker.dev-peer0.org1.example.com-saksi-bulletin_1.0-ee3fe73bad456e43adfc5ba27d9e5a60983b69e8496140308fb21061ecb2ff85.cpu_pct,264.65
1791387764,2026-10-07T23:42:44,docker.dev-peer0.org1.example.com-saksi-bulletin_1.0-ee3fe73bad456e43adfc5ba27d9e5a60983b69e8496140308fb21061ecb2ff85.mem_bytes,21097349.12
1791387764,2026-10-07T23:42:44,docker.dev-peer0.org1.example.com-saksi-bulletin_1.0-ee3fe73bad456e43adfc5ba27d9e5a60983b69e8496140308fb21061ecb2ff85.blk_read_bytes,4440000.0
1791387764,2026-10-07T23:42:44,docker.dev-peer0.org1.example.com-saksi-bulletin_1.0-ee3fe73bad456e43adfc5ba27d9e5a60983b69e8496140308fb21061ecb2ff85.blk_write_bytes,0.0
1791387764,2026-10-07T23:42:44,docker.dev-peer0.org2.example.com-saksi-bulletin_1.0-ee3fe73bad456e43adfc5ba27d9e5a60983b69e8496140308fb21061ecb2ff85.cpu_pct,0.0
1791387764,2026-10-07T23:42:44,docker.dev-peer0.org2.example.com-saksi-bulletin_1.0-ee3fe73bad456e43adfc5ba27d9e5a60983b69e8496140308fb21061ecb2ff85.mem_bytes,6774849.536
1791387764,2026-10-07T23:42:44,docker.dev-peer0.org2.example.com-saksi-bulletin_1.0-ee3fe73bad456e43adfc5ba27d9e5a60983b69e8496140308fb21061ecb2ff85.blk_read_bytes,0.0
1791387764,2026-10-07T23:42:44,docker.dev-peer0.org2.example.com-saksi-bulletin_1.0-ee3fe73bad456e43adfc5ba27d9e5a60983b69e8496140308fb21061ecb2ff85.blk_write_bytes,0.0
1791387764,2026-10-07T23:42:44,docker.peer0.org1.example.com.cpu_pct,250.05
1791387764,2026-10-07T23:42:44,docker.peer0.org1.example.com.mem_bytes,314258227.2
1791387764,2026-10-07T23:42:44,docker.peer0.org1.example.com.blk_read_bytes,11100000.0
1791387764,2026-10-07T23:42:44,docker.peer0.org1.example.com.blk_write_bytes,16800000000.0
1791387764,2026-10-07T23:42:44,docker.orderer.example.com.cpu_pct,48.66
1791387764,2026-10-07T23:42:44,docker.orderer.example.com.mem_bytes,2502892191.744
1791387764,2026-10-07T23:42:44,docker.orderer.example.com.blk_read_bytes,9360000.0
1791387764,2026-10-07T23:42:44,docker.orderer.example.com.blk_write_bytes,3800000000.0
1791387764,2026-10-07T23:42:44,docker.peer0.org2.example.com.cpu_pct,104.37
1791387764,2026-10-07T23:42:44,docker.peer0.org2.example.com.mem_bytes,291504128.0
1791387764,2026-10-07T23:42:44,docker.peer0.org2.example.com.blk_read_bytes,590000.0
1791387764,2026-10-07T23:42:44,docker.peer0.org2.example.com.blk_write_bytes,16800000000.0
1791387764,2026-10-07T23:42:44,wsl.MemTotal_kb,24608408
1791387764,2026-10-07T23:42:44,wsl.MemAvailable_kb,22162604
1791387764,2026-10-07T23:42:44,wsl.SwapTotal_kb,0
1791387764,2026-10-07T23:42:44,wsl.SwapFree_kb,0
1791387764,2026-10-07T23:42:44,wsl.Dirty_kb,4516
1791387764,2026-10-07T23:42:44,wsl.load1,18.91
1791387764,2026-10-07T23:42:44,wsl.load5,13.34
1791387764,2026-10-07T23:42:44,host.c_free_bytes,45341097984
1791387764,2026-10-07T23:42:44,host.q_free_bytes,365465890816
1791387764,2026-10-07T23:42:44,host.docker_vhdx_bytes,32356958208
1791387764,2026-10-07T23:42:44,host.ubuntu_vhdx_bytes,212983611392
1791387764,2026-10-07T23:42:44,win.Processor(_Total)\% Processor Time,67.416595
1791387764,2026-10-07T23:42:44,win.Memory\Available MBytes,2291.0
1791387764,2026-10-07T23:42:44,win.PhysicalDisk(0 C:)\% Disk Time,2.500189
1791387764,2026-10-07T23:42:44,win.PhysicalDisk(1 Q:)\% Disk Time,37.506702
1791387764,2026-10-07T23:42:44,win.PhysicalDisk(_Total)\% Disk Time,20.003445
1791387764,2026-10-07T23:42:44,win.PhysicalDisk(0 C:)\Current Disk Queue Length,0.0
1791387764,2026-10-07T23:42:44,win.PhysicalDisk(1 Q:)\Current Disk Queue Length,1.0
1791387764,2026-10-07T23:42:44,win.PhysicalDisk(_Total)\Current Disk Queue Length,1.0
1791387764,2026-10-07T23:42:44,win.Process(vmmemWSL)\% Processor Time,807.373635
1791387774,2026-10-07T23:42:54,docker.dev-peer0.org1.example.com-saksi-bulletin_1.0-ee3fe73bad456e43adfc5ba27d9e5a60983b69e8496140308fb21061ecb2ff85.cpu_pct,291.82
1791387774,2026-10-07T23:42:54,docker.dev-peer0.org1.example.com-saksi-bulletin_1.0-ee3fe73bad456e43adfc5ba27d9e5a60983b69e8496140308fb21061ecb2ff85.mem_bytes,20656947.2
1791387774,2026-10-07T23:42:54,docker.dev-peer0.org1.example.com-saksi-bulletin_1.0-ee3fe73bad456e43adfc5ba27d9e5a60983b69e8496140308fb21061ecb2ff85.blk_read_bytes,4440000.0
1791387774,2026-10-07T23:42:54,docker.dev-peer0.org1.example.com-saksi-bulletin_1.0-ee3fe73bad456e43adfc5ba27d9e5a60983b69e8496140308fb21061ecb2ff85.blk_write_bytes,0.0
1791387774,2026-10-07T23:42:54,docker.dev-peer0.org2.example.com-saksi-bulletin_1.0-ee3fe73bad456e43adfc5ba27d9e5a60983b69e8496140308fb21061ecb2ff85.cpu_pct,0.25
1791387774,2026-10-07T23:42:54,docker.dev-peer0.org2.example.com-saksi-bulletin_1.0-ee3fe73bad456e43adfc5ba27d9e5a60983b69e8496140308fb21061ecb2ff85.mem_bytes,6770655.232
1791387774,2026-10-07T23:42:54,docker.dev-peer0.org2.example.com-saksi-bulletin_1.0-ee3fe73bad456e43adfc5ba27d9e5a60983b69e8496140308fb21061ecb2ff85.blk_read_bytes,0.0
1791387774,2026-10-07T23:42:54,docker.dev-peer0.org2.example.com-saksi-bulletin_1.0-ee3fe73bad456e43adfc5ba27d9e5a60983b69e8496140308fb21061ecb2ff85.blk_write_bytes,0.0
1791387774,2026-10-07T23:42:54,docker.peer0.org1.example.com.cpu_pct,275.95
1791387774,2026-10-07T23:42:54,docker.peer0.org1.example.com.mem_bytes,319920537.6
1791387774,2026-10-07T23:42:54,docker.peer0.org1.example.com.blk_read_bytes,11100000.0
1791387774,2026-10-07T23:42:54,docker.peer0.org1.example.com.blk_write_bytes,17600000000.0
1791387774,2026-10-07T23:42:54,docker.orderer.example.com.cpu_pct,58.55
1791387774,2026-10-07T23:42:54,docker.orderer.example.com.mem_bytes,2121713844.224
1791387774,2026-10-07T23:42:54,docker.orderer.example.com.blk_read_bytes,9360000.0
1791387774,2026-10-07T23:42:54,docker.orderer.example.com.blk_write_bytes,3910000000.0
1791387774,2026-10-07T23:42:54,docker.peer0.org2.example.com.cpu_pct,109.71
1791387774,2026-10-07T23:42:54,docker.peer0.org2.example.com.mem_bytes,300207308.8
1791387774,2026-10-07T23:42:54,docker.peer0.org2.example.com.blk_read_bytes,598000.0
1791387774,2026-10-07T23:42:54,docker.peer0.org2.example.com.blk_write_bytes,17600000000.0
1791387774,2026-10-07T23:42:54,wsl.MemTotal_kb,24608408
1791387774,2026-10-07T23:42:54,wsl.MemAvailable_kb,22579888
1791387774,2026-10-07T23:42:54,wsl.SwapTotal_kb,0
1791387774,2026-10-07T23:42:54,wsl.SwapFree_kb,0
1791387774,2026-10-07T23:42:54,wsl.Dirty_kb,18884
1791387774,2026-10-07T23:42:54,wsl.load1,17.59
1791387774,2026-10-07T23:42:54,wsl.load5,13.23
1791387774,2026-10-07T23:42:54,host.c_free_bytes,39425937408
1791387774,2026-10-07T23:42:54,host.q_free_bytes,364962574336
1791387774,2026-10-07T23:42:54,host.docker_vhdx_bytes,32860274688
1791387774,2026-10-07T23:42:54,host.ubuntu_vhdx_bytes,212983611392
1791387774,2026-10-07T23:42:54,win.Processor(_Total)\% Processor Time,67.176209
1791387774,2026-10-07T23:42:54,win.Memory\Available MBytes,2047.0
1791387774,2026-10-07T23:42:54,win.PhysicalDisk(0 C:)\% Disk Time,6.230057
1791387774,2026-10-07T23:42:54,win.PhysicalDisk(1 Q:)\% Disk Time,36.371356
1791387774,2026-10-07T23:42:54,win.PhysicalDisk(_Total)\% Disk Time,21.300706
1791387774,2026-10-07T23:42:54,win.PhysicalDisk(0 C:)\Current Disk Queue Length,0.0
1791387774,2026-10-07T23:42:54,win.PhysicalDisk(1 Q:)\Current Disk Queue Length,0.0
1791387774,2026-10-07T23:42:54,win.PhysicalDisk(_Total)\Current Disk Queue Length,0.0
1791387774,2026-10-07T23:42:54,win.Process(vmmemWSL)\% Processor Time,787.146869
1791387784,2026-10-07T23:43:04,docker.dev-peer0.org1.example.com-saksi-bulletin_1.0-ee3fe73bad456e43adfc5ba27d9e5a60983b69e8496140308fb21061ecb2ff85.cpu_pct,286.37
1791387784,2026-10-07T23:43:04,docker.dev-peer0.org1.example.com-saksi-bulletin_1.0-ee3fe73bad456e43adfc5ba27d9e5a60983b69e8496140308fb21061ecb2ff85.mem_bytes,19178455.04
1791387784,2026-10-07T23:43:04,docker.dev-peer0.org1.example.com-saksi-bulletin_1.0-ee3fe73bad456e43adfc5ba27d9e5a60983b69e8496140308fb21061ecb2ff85.blk_read_bytes,4440000.0
1791387784,2026-10-07T23:43:04,docker.dev-peer0.org1.example.com-saksi-bulletin_1.0-ee3fe73bad456e43adfc5ba27d9e5a60983b69e8496140308fb21061ecb2ff85.blk_write_bytes,0.0
1791387784,2026-10-07T23:43:04,docker.dev-peer0.org2.example.com-saksi-bulletin_1.0-ee3fe73bad456e43adfc5ba27d9e5a60983b69e8496140308fb21061ecb2ff85.cpu_pct,0.0
1791387784,2026-10-07T23:43:04,docker.dev-peer0.org2.example.com-saksi-bulletin_1.0-ee3fe73bad456e43adfc5ba27d9e5a60983b69e8496140308fb21061ecb2ff85.mem_bytes,6770655.232
1791387784,2026-10-07T23:43:04,docker.dev-peer0.org2.example.com-saksi-bulletin_1.0-ee3fe73bad456e43adfc5ba27d9e5a60983b69e8496140308fb21061ecb2ff85.blk_read_bytes,0.0
1791387784,2026-10-07T23:43:04,docker.dev-peer0.org2.example.com-saksi-bulletin_1.0-ee3fe73bad456e43adfc5ba27d9e5a60983b69e8496140308fb21061ecb2ff85.blk_write_bytes,0.0
1791387784,2026-10-07T23:43:04,docker.peer0.org1.example.com.cpu_pct,260.65
1791387784,2026-10-07T23:43:04,docker.peer0.org1.example.com.mem_bytes,328414003.2
1791387784,2026-10-07T23:43:04,docker.peer0.org1.example.com.blk_read_bytes,11100000.0
1791387784,2026-10-07T23:43:04,docker.peer0.org1.example.com.blk_write_bytes,18200000000.0
1791387784,2026-10-07T23:43:04,docker.orderer.example.com.cpu_pct,54.05
1791387784,2026-10-07T23:43:04,docker.orderer.example.com.mem_bytes,2269890215.936
1791387784,2026-10-07T23:43:04,docker.orderer.example.com.blk_read_bytes,9360000.0
1791387784,2026-10-07T23:43:04,docker.orderer.example.com.blk_write_bytes,4000000000.0
1791387784,2026-10-07T23:43:04,docker.peer0.org2.example.com.cpu_pct,98.9
1791387784,2026-10-07T23:43:04,docker.peer0.org2.example.com.mem_bytes,313838796.8
1791387784,2026-10-07T23:43:04,docker.peer0.org2.example.com.blk_read_bytes,614000.0
1791387784,2026-10-07T23:43:04,docker.peer0.org2.example.com.blk_write_bytes,18300000000.0
1791387784,2026-10-07T23:43:04,wsl.MemTotal_kb,24608408
1791387784,2026-10-07T23:43:04,wsl.MemAvailable_kb,22507900
1791387784,2026-10-07T23:43:04,wsl.SwapTotal_kb,0
1791387784,2026-10-07T23:43:04,wsl.SwapFree_kb,0
1791387784,2026-10-07T23:43:04,wsl.Dirty_kb,29152
1791387784,2026-10-07T23:43:04,wsl.load1,16.74
1791387784,2026-10-07T23:43:04,wsl.load5,13.13
1791387784,2026-10-07T23:43:04,host.c_free_bytes,39425413120
1791387784,2026-10-07T23:43:04,host.q_free_bytes,364257931264
1791387784,2026-10-07T23:43:04,host.docker_vhdx_bytes,33564917760
1791387784,2026-10-07T23:43:04,host.ubuntu_vhdx_bytes,212983611392
1791387784,2026-10-07T23:43:04,win.Processor(_Total)\% Processor Time,69.52772
1791387784,2026-10-07T23:43:04,win.Memory\Available MBytes,1765.0
1791387784,2026-10-07T23:43:04,win.PhysicalDisk(0 C:)\% Disk Time,0.545638
1791387784,2026-10-07T23:43:04,win.PhysicalDisk(1 Q:)\% Disk Time,36.716366
1791387784,2026-10-07T23:43:04,win.PhysicalDisk(_Total)\% Disk Time,18.631002
1791387784,2026-10-07T23:43:04,win.PhysicalDisk(0 C:)\Current Disk Queue Length,0.0
1791387784,2026-10-07T23:43:04,win.PhysicalDisk(1 Q:)\Current Disk Queue Length,1.0
1791387784,2026-10-07T23:43:04,win.PhysicalDisk(_Total)\Current Disk Queue Length,1.0
1791387784,2026-10-07T23:43:04,win.Process(vmmemWSL)\% Processor Time,782.648239
1791387794,2026-10-07T23:43:14,docker.dev-peer0.org1.example.com-saksi-bulletin_1.0-ee3fe73bad456e43adfc5ba27d9e5a60983b69e8496140308fb21061ecb2ff85.cpu_pct,268.09
1791387794,2026-10-07T23:43:14,docker.dev-peer0.org1.example.com-saksi-bulletin_1.0-ee3fe73bad456e43adfc5ba27d9e5a60983b69e8496140308fb21061ecb2ff85.mem_bytes,21999124.48
1791387794,2026-10-07T23:43:14,docker.dev-peer0.org1.example.com-saksi-bulletin_1.0-ee3fe73bad456e43adfc5ba27d9e5a60983b69e8496140308fb21061ecb2ff85.blk_read_bytes,4440000.0
1791387794,2026-10-07T23:43:14,docker.dev-peer0.org1.example.com-saksi-bulletin_1.0-ee3fe73bad456e43adfc5ba27d9e5a60983b69e8496140308fb21061ecb2ff85.blk_write_bytes,0.0
1791387794,2026-10-07T23:43:14,docker.dev-peer0.org2.example.com-saksi-bulletin_1.0-ee3fe73bad456e43adfc5ba27d9e5a60983b69e8496140308fb21061ecb2ff85.cpu_pct,0.02
1791387794,2026-10-07T23:43:14,docker.dev-peer0.org2.example.com-saksi-bulletin_1.0-ee3fe73bad456e43adfc5ba27d9e5a60983b69e8496140308fb21061ecb2ff85.mem_bytes,6770655.232
1791387794,2026-10-07T23:43:14,docker.dev-peer0.org2.example.com-saksi-bulletin_1.0-ee3fe73bad456e43adfc5ba27d9e5a60983b69e8496140308fb21061ecb2ff85.blk_read_bytes,0.0
1791387794,2026-10-07T23:43:14,docker.dev-peer0.org2.example.com-saksi-bulletin_1.0-ee3fe73bad456e43adfc5ba27d9e5a60983b69e8496140308fb21061ecb2ff85.blk_write_bytes,0.0
1791387794,2026-10-07T23:43:14,docker.peer0.org1.example.com.cpu_pct,255.13
1791387794,2026-10-07T23:43:14,docker.peer0.org1.example.com.mem_bytes,321493401.6
1791387794,2026-10-07T23:43:14,docker.peer0.org1.example.com.blk_read_bytes,11100000.0
1791387794,2026-10-07T23:43:14,docker.peer0.org1.example.com.blk_write_bytes,19000000000.0
1791387794,2026-10-07T23:43:14,docker.orderer.example.com.cpu_pct,53.9
1791387794,2026-10-07T23:43:14,docker.orderer.example.com.mem_bytes,2416992845.824
1791387794,2026-10-07T23:43:14,docker.orderer.example.com.blk_read_bytes,9360000.0
1791387794,2026-10-07T23:43:14,docker.orderer.example.com.blk_write_bytes,4099999999.9999995
1791387794,2026-10-07T23:43:14,docker.peer0.org2.example.com.cpu_pct,95.67
1791387794,2026-10-07T23:43:14,docker.peer0.org2.example.com.mem_bytes,301151027.2
1791387794,2026-10-07T23:43:14,docker.peer0.org2.example.com.blk_read_bytes,631000.0
1791387794,2026-10-07T23:43:14,docker.peer0.org2.example.com.blk_write_bytes,19100000000.0
1791387794,2026-10-07T23:43:14,wsl.MemTotal_kb,24608408
1791387794,2026-10-07T23:43:14,wsl.MemAvailable_kb,22401608
1791387794,2026-10-07T23:43:14,wsl.SwapTotal_kb,0
1791387794,2026-10-07T23:43:14,wsl.SwapFree_kb,0
1791387794,2026-10-07T23:43:14,wsl.Dirty_kb,4076
1791387794,2026-10-07T23:43:14,wsl.load1,16.88
1791387794,2026-10-07T23:43:14,wsl.load5,13.36
1791387794,2026-10-07T23:43:14,host.c_free_bytes,39424561152
1791387794,2026-10-07T23:43:14,host.q_free_bytes,363586842624
1791387794,2026-10-07T23:43:14,host.docker_vhdx_bytes,34236006400
1791387794,2026-10-07T23:43:14,host.ubuntu_vhdx_bytes,212983611392
1791387794,2026-10-07T23:43:14,win.Processor(_Total)\% Processor Time,70.852951
1791387794,2026-10-07T23:43:14,win.Memory\Available MBytes,1892.0
1791387794,2026-10-07T23:43:14,win.PhysicalDisk(0 C:)\% Disk Time,0.619574
1791387794,2026-10-07T23:43:14,win.PhysicalDisk(1 Q:)\% Disk Time,36.667013
1791387794,2026-10-07T23:43:14,win.PhysicalDisk(_Total)\% Disk Time,18.643293
1791387794,2026-10-07T23:43:14,win.PhysicalDisk(0 C:)\Current Disk Queue Length,0.0
1791387794,2026-10-07T23:43:14,win.PhysicalDisk(1 Q:)\Current Disk Queue Length,1.0
1791387794,2026-10-07T23:43:14,win.PhysicalDisk(_Total)\Current Disk Queue Length,1.0
1791387794,2026-10-07T23:43:14,win.Process(vmmemWSL)\% Processor Time,773.51259
1791387804,2026-10-07T23:43:24,docker.dev-peer0.org1.example.com-saksi-bulletin_1.0-ee3fe73bad456e43adfc5ba27d9e5a60983b69e8496140308fb21061ecb2ff85.cpu_pct,258.35
1791387804,2026-10-07T23:43:24,docker.dev-peer0.org1.example.com-saksi-bulletin_1.0-ee3fe73bad456e43adfc5ba27d9e5a60983b69e8496140308fb21061ecb2ff85.mem_bytes,20101201.92
1791387804,2026-10-07T23:43:24,docker.dev-peer0.org1.example.com-saksi-bulletin_1.0-ee3fe73bad456e43adfc5ba27d9e5a60983b69e8496140308fb21061ecb2ff85.blk_read_bytes,4440000.0
1791387804,2026-10-07T23:43:24,docker.dev-peer0.org1.example.com-saksi-bulletin_1.0-ee3fe73bad456e43adfc5ba27d9e5a60983b69e8496140308fb21061ecb2ff85.blk_write_bytes,0.0
1791387804,2026-10-07T23:43:24,docker.dev-peer0.org2.example.com-saksi-bulletin_1.0-ee3fe73bad456e43adfc5ba27d9e5a60983b69e8496140308fb21061ecb2ff85.cpu_pct,0.0
1791387804,2026-10-07T23:43:24,docker.dev-peer0.org2.example.com-saksi-bulletin_1.0-ee3fe73bad456e43adfc5ba27d9e5a60983b69e8496140308fb21061ecb2ff85.mem_bytes,6770655.232
1791387804,2026-10-07T23:43:24,docker.dev-peer0.org2.example.com-saksi-bulletin_1.0-ee3fe73bad456e43adfc5ba27d9e5a60983b69e8496140308fb21061ecb2ff85.blk_read_bytes,0.0
1791387804,2026-10-07T23:43:24,docker.dev-peer0.org2.example.com-saksi-bulletin_1.0-ee3fe73bad456e43adfc5ba27d9e5a60983b69e8496140308fb21061ecb2ff85.blk_write_bytes,0.0
1791387804,2026-10-07T23:43:24,docker.peer0.org1.example.com.cpu_pct,250.88
1791387804,2026-10-07T23:43:24,docker.peer0.org1.example.com.mem_bytes,334810316.8
1791387804,2026-10-07T23:43:24,docker.peer0.org1.example.com.blk_read_bytes,11100000.0
1791387804,2026-10-07T23:43:24,docker.peer0.org1.example.com.blk_write_bytes,19600000000.0
1791387804,2026-10-07T23:43:24,docker.orderer.example.com.cpu_pct,51.24
1791387804,2026-10-07T23:43:24,docker.orderer.example.com.mem_bytes,2540473155.584
1791387804,2026-10-07T23:43:24,docker.orderer.example.com.blk_read_bytes,9360000.0
1791387804,2026-10-07T23:43:24,docker.orderer.example.com.blk_write_bytes,4190000000.0000005
1791387804,2026-10-07T23:43:24,docker.peer0.org2.example.com.cpu_pct,102.71
1791387804,2026-10-07T23:43:24,docker.peer0.org2.example.com.mem_bytes,316460236.8
1791387804,2026-10-07T23:43:24,docker.peer0.org2.example.com.blk_read_bytes,643000.0
1791387804,2026-10-07T23:43:24,docker.peer0.org2.example.com.blk_write_bytes,19700000000.0
1791387804,2026-10-07T23:43:24,wsl.MemTotal_kb,24608408
1791387804,2026-10-07T23:43:24,wsl.MemAvailable_kb,22319708
1791387804,2026-10-07T23:43:24,wsl.SwapTotal_kb,0
1791387804,2026-10-07T23:43:24,wsl.SwapFree_kb,0
1791387804,2026-10-07T23:43:24,wsl.Dirty_kb,14704
1791387804,2026-10-07T23:43:24,wsl.load1,16.25
1791387804,2026-10-07T23:43:24,wsl.load5,13.29
1791387804,2026-10-07T23:43:24,host.c_free_bytes,39426289664
1791387804,2026-10-07T23:43:24,host.q_free_bytes,362982862848
1791387804,2026-10-07T23:43:24,host.docker_vhdx_bytes,34839986176
1791387804,2026-10-07T23:43:24,host.ubuntu_vhdx_bytes,212983611392
1791387804,2026-10-07T23:43:24,win.Processor(_Total)\% Processor Time,61.584721
1791387804,2026-10-07T23:43:24,win.Memory\Available MBytes,1822.0
1791387804,2026-10-07T23:43:24,win.PhysicalDisk(0 C:)\% Disk Time,0.405376
1791387804,2026-10-07T23:43:24,win.PhysicalDisk(1 Q:)\% Disk Time,46.23199
1791387804,2026-10-07T23:43:24,win.PhysicalDisk(_Total)\% Disk Time,23.318684
1791387804,2026-10-07T23:43:24,win.PhysicalDisk(0 C:)\Current Disk Queue Length,0.0
1791387804,2026-10-07T23:43:24,win.PhysicalDisk(1 Q:)\Current Disk Queue Length,1.0
1791387804,2026-10-07T23:43:24,win.PhysicalDisk(_Total)\Current Disk Queue Length,1.0
1791387804,2026-10-07T23:43:24,win.Process(vmmemWSL)\% Processor Time,703.610267
1791387814,2026-10-07T23:43:34,docker.dev-peer0.org1.example.com-saksi-bulletin_1.0-ee3fe73bad456e43adfc5ba27d9e5a60983b69e8496140308fb21061ecb2ff85.cpu_pct,295.0
1791387814,2026-10-07T23:43:34,docker.dev-peer0.org1.example.com-saksi-bulletin_1.0-ee3fe73bad456e43adfc5ba27d9e5a60983b69e8496140308fb21061ecb2ff85.mem_bytes,21013463.04
1791387814,2026-10-07T23:43:34,docker.dev-peer0.org1.example.com-saksi-bulletin_1.0-ee3fe73bad456e43adfc5ba27d9e5a60983b69e8496140308fb21061ecb2ff85.blk_read_bytes,4440000.0
1791387814,2026-10-07T23:43:34,docker.dev-peer0.org1.example.com-saksi-bulletin_1.0-ee3fe73bad456e43adfc5ba27d9e5a60983b69e8496140308fb21061ecb2ff85.blk_write_bytes,0.0
1791387814,2026-10-07T23:43:34,docker.dev-peer0.org2.example.com-saksi-bulletin_1.0-ee3fe73bad456e43adfc5ba27d9e5a60983b69e8496140308fb21061ecb2ff85.cpu_pct,0.0
1791387814,2026-10-07T23:43:34,docker.dev-peer0.org2.example.com-saksi-bulletin_1.0-ee3fe73bad456e43adfc5ba27d9e5a60983b69e8496140308fb21061ecb2ff85.mem_bytes,6770655.232
1791387814,2026-10-07T23:43:34,docker.dev-peer0.org2.example.com-saksi-bulletin_1.0-ee3fe73bad456e43adfc5ba27d9e5a60983b69e8496140308fb21061ecb2ff85.blk_read_bytes,0.0
1791387814,2026-10-07T23:43:34,docker.dev-peer0.org2.example.com-saksi-bulletin_1.0-ee3fe73bad456e43adfc5ba27d9e5a60983b69e8496140308fb21061ecb2ff85.blk_write_bytes,0.0
1791387814,2026-10-07T23:43:34,docker.peer0.org1.example.com.cpu_pct,280.31
1791387814,2026-10-07T23:43:34,docker.peer0.org1.example.com.mem_bytes,340158054.4
1791387814,2026-10-07T23:43:34,docker.peer0.org1.example.com.blk_read_bytes,11100000.0
1791387814,2026-10-07T23:43:34,docker.peer0.org1.example.com.blk_write_bytes,20400000000.0
1791387814,2026-10-07T23:43:34,docker.orderer.example.com.cpu_pct,63.76
1791387814,2026-10-07T23:43:34,docker.orderer.example.com.mem_bytes,2700460687.36
1791387814,2026-10-07T23:43:34,docker.orderer.example.com.blk_read_bytes,9360000.0
1791387814,2026-10-07T23:43:34,docker.orderer.example.com.blk_write_bytes,4290000000.0
1791387814,2026-10-07T23:43:34,docker.peer0.org2.example.com.cpu_pct,112.02
1791387814,2026-10-07T23:43:34,docker.peer0.org2.example.com.mem_bytes,330406297.6
1791387814,2026-10-07T23:43:34,docker.peer0.org2.example.com.blk_read_bytes,659000.0
1791387814,2026-10-07T23:43:34,docker.peer0.org2.example.com.blk_write_bytes,20500000000.0
1791387814,2026-10-07T23:43:34,wsl.MemTotal_kb,24608408
1791387814,2026-10-07T23:43:34,wsl.MemAvailable_kb,22219492
1791387814,2026-10-07T23:43:34,wsl.SwapTotal_kb,0
1791387814,2026-10-07T23:43:34,wsl.SwapFree_kb,0
1791387814,2026-10-07T23:43:34,wsl.Dirty_kb,27468
1791387814,2026-10-07T23:43:34,wsl.load1,19.41
1791387814,2026-10-07T23:43:34,wsl.load5,14.16
1791387814,2026-10-07T23:43:34,host.c_free_bytes,39425785856
1791387814,2026-10-07T23:43:34,host.q_free_bytes,362378883072
1791387814,2026-10-07T23:43:34,host.docker_vhdx_bytes,35443965952
1791387814,2026-10-07T23:43:34,host.ubuntu_vhdx_bytes,212983611392
1791387814,2026-10-07T23:43:34,win.Processor(_Total)\% Processor Time,68.54973
1791387814,2026-10-07T23:43:34,win.Memory\Available MBytes,2053.0
1791387814,2026-10-07T23:43:34,win.PhysicalDisk(0 C:)\% Disk Time,0.51923
1791387814,2026-10-07T23:43:34,win.PhysicalDisk(1 Q:)\% Disk Time,41.320702
1791387814,2026-10-07T23:43:34,win.PhysicalDisk(_Total)\% Disk Time,20.919966
1791387814,2026-10-07T23:43:34,win.PhysicalDisk(0 C:)\Current Disk Queue Length,0.0
1791387814,2026-10-07T23:43:34,win.PhysicalDisk(1 Q:)\Current Disk Queue Length,1.0
1791387814,2026-10-07T23:43:34,win.PhysicalDisk(_Total)\Current Disk Queue Length,1.0
1791387814,2026-10-07T23:43:34,win.Process(vmmemWSL)\% Processor Time,750.830122
1791387824,2026-10-07T23:43:44,docker.dev-peer0.org1.example.com-saksi-bulletin_1.0-ee3fe73bad456e43adfc5ba27d9e5a60983b69e8496140308fb21061ecb2ff85.cpu_pct,253.94
1791387824,2026-10-07T23:43:44,docker.dev-peer0.org1.example.com-saksi-bulletin_1.0-ee3fe73bad456e43adfc5ba27d9e5a60983b69e8496140308fb21061ecb2ff85.mem_bytes,19440599.04
1791387824,2026-10-07T23:43:44,docker.dev-peer0.org1.example.com-saksi-bulletin_1.0-ee3fe73bad456e43adfc5ba27d9e5a60983b69e8496140308fb21061ecb2ff85.blk_read_bytes,4440000.0
1791387824,2026-10-07T23:43:44,docker.dev-peer0.org1.example.com-saksi-bulletin_1.0-ee3fe73bad456e43adfc5ba27d9e5a60983b69e8496140308fb21061ecb2ff85.blk_write_bytes,0.0
1791387824,2026-10-07T23:43:44,docker.dev-peer0.org2.example.com-saksi-bulletin_1.0-ee3fe73bad456e43adfc5ba27d9e5a60983b69e8496140308fb21061ecb2ff85.cpu_pct,0.0
1791387824,2026-10-07T23:43:44,docker.dev-peer0.org2.example.com-saksi-bulletin_1.0-ee3fe73bad456e43adfc5ba27d9e5a60983b69e8496140308fb21061ecb2ff85.mem_bytes,6770655.232
1791387824,2026-10-07T23:43:44,docker.dev-peer0.org2.example.com-saksi-bulletin_1.0-ee3fe73bad456e43adfc5ba27d9e5a60983b69e8496140308fb21061ecb2ff85.blk_read_bytes,0.0
1791387824,2026-10-07T23:43:44,docker.dev-peer0.org2.example.com-saksi-bulletin_1.0-ee3fe73bad456e43adfc5ba27d9e5a60983b69e8496140308fb21061ecb2ff85.blk_write_bytes,0.0
1791387824,2026-10-07T23:43:44,docker.peer0.org1.example.com.cpu_pct,263.18
1791387824,2026-10-07T23:43:44,docker.peer0.org1.example.com.mem_bytes,334286028.8
1791387824,2026-10-07T23:43:44,docker.peer0.org1.example.com.blk_read_bytes,11200000.0
1791387824,2026-10-07T23:43:44,docker.peer0.org1.example.com.blk_write_bytes,21100000000.0
1791387824,2026-10-07T23:43:44,docker.orderer.example.com.cpu_pct,51.1
1791387824,2026-10-07T23:43:44,docker.orderer.example.com.mem_bytes,2814277320.704
1791387824,2026-10-07T23:43:44,docker.orderer.example.com.blk_read_bytes,9370000.0
1791387824,2026-10-07T23:43:44,docker.orderer.example.com.blk_write_bytes,4380000000.0
1791387824,2026-10-07T23:43:44,docker.peer0.org2.example.com.cpu_pct,103.99
1791387824,2026-10-07T23:43:44,docker.peer0.org2.example.com.mem_bytes,313209651.2
1791387824,2026-10-07T23:43:44,docker.peer0.org2.example.com.blk_read_bytes,672000.0
1791387824,2026-10-07T23:43:44,docker.peer0.org2.example.com.blk_write_bytes,21200000000.0
1791387824,2026-10-07T23:43:44,wsl.MemTotal_kb,24608408
1791387824,2026-10-07T23:43:44,wsl.MemAvailable_kb,22168316
1791387824,2026-10-07T23:43:44,wsl.SwapTotal_kb,0
1791387824,2026-10-07T23:43:44,wsl.SwapFree_kb,0
1791387824,2026-10-07T23:43:44,wsl.Dirty_kb,3764
1791387824,2026-10-07T23:43:44,wsl.load1,17.75
1791387824,2026-10-07T23:43:44,wsl.load5,13.97
1791387824,2026-10-07T23:43:44,host.c_free_bytes,39425204224
1791387824,2026-10-07T23:43:44,host.q_free_bytes,361338695680
1791387824,2026-10-07T23:43:44,host.docker_vhdx_bytes,36484153344
1791387824,2026-10-07T23:43:44,host.ubuntu_vhdx_bytes,212983611392
1791387824,2026-10-07T23:43:44,win.Processor(_Total)\% Processor Time,72.413075
1791387824,2026-10-07T23:43:44,win.Memory\Available MBytes,1699.0
1791387824,2026-10-07T23:43:44,win.PhysicalDisk(0 C:)\% Disk Time,18.663662
1791387824,2026-10-07T23:43:44,win.PhysicalDisk(1 Q:)\% Disk Time,45.193651
1791387824,2026-10-07T23:43:44,win.PhysicalDisk(_Total)\% Disk Time,31.928657
1791387824,2026-10-07T23:43:44,win.PhysicalDisk(0 C:)\Current Disk Queue Length,0.0
1791387824,2026-10-07T23:43:44,win.PhysicalDisk(1 Q:)\Current Disk Queue Length,0.0
1791387824,2026-10-07T23:43:44,win.PhysicalDisk(_Total)\Current Disk Queue Length,0.0
1791387824,2026-10-07T23:43:44,win.Process(vmmemWSL)\% Processor Time,664.502878
1791387834,2026-10-07T23:43:54,docker.dev-peer0.org1.example.com-saksi-bulletin_1.0-ee3fe73bad456e43adfc5ba27d9e5a60983b69e8496140308fb21061ecb2ff85.cpu_pct,263.42
1791387834,2026-10-07T23:43:54,docker.dev-peer0.org1.example.com-saksi-bulletin_1.0-ee3fe73bad456e43adfc5ba27d9e5a60983b69e8496140308fb21061ecb2ff85.mem_bytes,20971520.0
1791387834,2026-10-07T23:43:54,docker.dev-peer0.org1.example.com-saksi-bulletin_1.0-ee3fe73bad456e43adfc5ba27d9e5a60983b69e8496140308fb21061ecb2ff85.blk_read_bytes,4440000.0
1791387834,2026-10-07T23:43:54,docker.dev-peer0.org1.example.com-saksi-bulletin_1.0-ee3fe73bad456e43adfc5ba27d9e5a60983b69e8496140308fb21061ecb2ff85.blk_write_bytes,0.0
1791387834,2026-10-07T23:43:54,docker.dev-peer0.org2.example.com-saksi-bulletin_1.0-ee3fe73bad456e43adfc5ba27d9e5a60983b69e8496140308fb21061ecb2ff85.cpu_pct,0.04
1791387834,2026-10-07T23:43:54,docker.dev-peer0.org2.example.com-saksi-bulletin_1.0-ee3fe73bad456e43adfc5ba27d9e5a60983b69e8496140308fb21061ecb2ff85.mem_bytes,7032799.232
1791387834,2026-10-07T23:43:54,docker.dev-peer0.org2.example.com-saksi-bulletin_1.0-ee3fe73bad456e43adfc5ba27d9e5a60983b69e8496140308fb21061ecb2ff85.blk_read_bytes,0.0
1791387834,2026-10-07T23:43:54,docker.dev-peer0.org2.example.com-saksi-bulletin_1.0-ee3fe73bad456e43adfc5ba27d9e5a60983b69e8496140308fb21061ecb2ff85.blk_write_bytes,0.0
1791387834,2026-10-07T23:43:54,docker.peer0.org1.example.com.cpu_pct,250.23
1791387834,2026-10-07T23:43:54,docker.peer0.org1.example.com.mem_bytes,335229747.2
1791387834,2026-10-07T23:43:54,docker.peer0.org1.example.com.blk_read_bytes,11200000.0
1791387834,2026-10-07T23:43:54,docker.peer0.org1.example.com.blk_write_bytes,21900000000.0
1791387834,2026-10-07T23:43:54,docker.orderer.example.com.cpu_pct,51.83
1791387834,2026-10-07T23:43:54,docker.orderer.example.com.mem_bytes,2443836391.424
1791387834,2026-10-07T23:43:54,docker.orderer.example.com.blk_read_bytes,9370000.0
1791387834,2026-10-07T23:43:54,docker.orderer.example.com.blk_write_bytes,4480000000.0
1791387834,2026-10-07T23:43:54,docker.peer0.org2.example.com.cpu_pct,100.2
1791387834,2026-10-07T23:43:54,docker.peer0.org2.example.com.mem_bytes,317508812.8
1791387834,2026-10-07T23:43:54,docker.peer0.org2.example.com.blk_read_bytes,680000.0
1791387834,2026-10-07T23:43:54,docker.peer0.org2.example.com.blk_write_bytes,22000000000.0
1791387834,2026-10-07T23:43:54,wsl.MemTotal_kb,24608408
1791387834,2026-10-07T23:43:54,wsl.MemAvailable_kb,22537056
1791387834,2026-10-07T23:43:54,wsl.SwapTotal_kb,0
1791387834,2026-10-07T23:43:54,wsl.SwapFree_kb,0
1791387834,2026-10-07T23:43:54,wsl.Dirty_kb,16232
1791387834,2026-10-07T23:43:54,wsl.load1,16.81
1791387834,2026-10-07T23:43:54,wsl.load5,13.84
1791387834,2026-10-07T23:43:54,host.c_free_bytes,39424614400
1791387834,2026-10-07T23:43:54,host.q_free_bytes,360399171584
1791387834,2026-10-07T23:43:54,host.docker_vhdx_bytes,37423677440
1791387834,2026-10-07T23:43:54,host.ubuntu_vhdx_bytes,212983611392
1791387834,2026-10-07T23:43:54,win.Processor(_Total)\% Processor Time,71.688986
1791387834,2026-10-07T23:43:54,win.Memory\Available MBytes,1450.0
1791387834,2026-10-07T23:43:54,win.PhysicalDisk(0 C:)\% Disk Time,29.935486
1791387834,2026-10-07T23:43:54,win.PhysicalDisk(1 Q:)\% Disk Time,45.631195
1791387834,2026-10-07T23:43:54,win.PhysicalDisk(_Total)\% Disk Time,37.78334
1791387834,2026-10-07T23:43:54,win.PhysicalDisk(0 C:)\Current Disk Queue Length,0.0
1791387834,2026-10-07T23:43:54,win.PhysicalDisk(1 Q:)\Current Disk Queue Length,1.0
1791387834,2026-10-07T23:43:54,win.PhysicalDisk(_Total)\Current Disk Queue Length,1.0
1791387834,2026-10-07T23:43:54,win.Process(vmmemWSL)\% Processor Time,767.06674
1791387844,2026-10-07T23:44:04,docker.dev-peer0.org1.example.com-saksi-bulletin_1.0-ee3fe73bad456e43adfc5ba27d9e5a60983b69e8496140308fb21061ecb2ff85.cpu_pct,268.64
1791387844,2026-10-07T23:44:04,docker.dev-peer0.org1.example.com-saksi-bulletin_1.0-ee3fe73bad456e43adfc5ba27d9e5a60983b69e8496140308fb21061ecb2ff85.mem_bytes,20164116.48
1791387844,2026-10-07T23:44:04,docker.dev-peer0.org1.example.com-saksi-bulletin_1.0-ee3fe73bad456e43adfc5ba27d9e5a60983b69e8496140308fb21061ecb2ff85.blk_read_bytes,4440000.0
1791387844,2026-10-07T23:44:04,docker.dev-peer0.org1.example.com-saksi-bulletin_1.0-ee3fe73bad456e43adfc5ba27d9e5a60983b69e8496140308fb21061ecb2ff85.blk_write_bytes,0.0
1791387844,2026-10-07T23:44:04,docker.dev-peer0.org2.example.com-saksi-bulletin_1.0-ee3fe73bad456e43adfc5ba27d9e5a60983b69e8496140308fb21061ecb2ff85.cpu_pct,0.0
1791387844,2026-10-07T23:44:04,docker.dev-peer0.org2.example.com-saksi-bulletin_1.0-ee3fe73bad456e43adfc5ba27d9e5a60983b69e8496140308fb21061ecb2ff85.mem_bytes,6770655.232
1791387844,2026-10-07T23:44:04,docker.dev-peer0.org2.example.com-saksi-bulletin_1.0-ee3fe73bad456e43adfc5ba27d9e5a60983b69e8496140308fb21061ecb2ff85.blk_read_bytes,0.0
1791387844,2026-10-07T23:44:04,docker.dev-peer0.org2.example.com-saksi-bulletin_1.0-ee3fe73bad456e43adfc5ba27d9e5a60983b69e8496140308fb21061ecb2ff85.blk_write_bytes,0.0
1791387844,2026-10-07T23:44:04,docker.peer0.org1.example.com.cpu_pct,242.35
1791387844,2026-10-07T23:44:04,docker.peer0.org1.example.com.mem_bytes,347707801.6
1791387844,2026-10-07T23:44:04,docker.peer0.org1.example.com.blk_read_bytes,11200000.0
1791387844,2026-10-07T23:44:04,docker.peer0.org1.example.com.blk_write_bytes,22600000000.0
1791387844,2026-10-07T23:44:04,docker.orderer.example.com.cpu_pct,51.04
1791387844,2026-10-07T23:44:04,docker.orderer.example.com.mem_bytes,2581275344.896
1791387844,2026-10-07T23:44:04,docker.orderer.example.com.blk_read_bytes,9370000.0
1791387844,2026-10-07T23:44:04,docker.orderer.example.com.blk_write_bytes,4570000000.0
1791387844,2026-10-07T23:44:04,docker.peer0.org2.example.com.cpu_pct,97.03
1791387844,2026-10-07T23:44:04,docker.peer0.org2.example.com.mem_bytes,328623718.4
1791387844,2026-10-07T23:44:04,docker.peer0.org2.example.com.blk_read_bytes,696000.0
1791387844,2026-10-07T23:44:04,docker.peer0.org2.example.com.blk_write_bytes,22700000000.0
1791387844,2026-10-07T23:44:04,wsl.MemTotal_kb,24608408
1791387844,2026-10-07T23:44:04,wsl.MemAvailable_kb,22485108
1791387844,2026-10-07T23:44:04,wsl.SwapTotal_kb,0
1791387844,2026-10-07T23:44:04,wsl.SwapFree_kb,0
1791387844,2026-10-07T23:44:04,wsl.Dirty_kb,28996
1791387844,2026-10-07T23:44:04,wsl.load1,16.54
1791387844,2026-10-07T23:44:04,wsl.load5,13.88
1791387844,2026-10-07T23:44:04,host.c_free_bytes,39425204224
1791387844,2026-10-07T23:44:04,host.q_free_bytes,359526756352
1791387844,2026-10-07T23:44:04,host.docker_vhdx_bytes,38296092672
1791387844,2026-10-07T23:44:04,host.ubuntu_vhdx_bytes,212983611392
1791387844,2026-10-07T23:44:04,win.Processor(_Total)\% Processor Time,65.925183
1791387844,2026-10-07T23:44:04,win.Memory\Available MBytes,1296.0
1791387844,2026-10-07T23:44:04,win.PhysicalDisk(0 C:)\% Disk Time,65.23022
1791387844,2026-10-07T23:44:04,win.PhysicalDisk(1 Q:)\% Disk Time,53.795826
1791387844,2026-10-07T23:44:04,win.PhysicalDisk(_Total)\% Disk Time,59.513024
1791387844,2026-10-07T23:44:04,win.PhysicalDisk(0 C:)\Current Disk Queue Length,0.0
1791387844,2026-10-07T23:44:04,win.PhysicalDisk(1 Q:)\Current Disk Queue Length,1.0
1791387844,2026-10-07T23:44:04,win.PhysicalDisk(_Total)\Current Disk Queue Length,1.0
1791387844,2026-10-07T23:44:04,win.Process(vmmemWSL)\% Processor Time,679.310566
1791387854,2026-10-07T23:44:14,docker.dev-peer0.org1.example.com-saksi-bulletin_1.0-ee3fe73bad456e43adfc5ba27d9e5a60983b69e8496140308fb21061ecb2ff85.cpu_pct,143.07
1791387854,2026-10-07T23:44:14,docker.dev-peer0.org1.example.com-saksi-bulletin_1.0-ee3fe73bad456e43adfc5ba27d9e5a60983b69e8496140308fb21061ecb2ff85.mem_bytes,19639828.48
1791387854,2026-10-07T23:44:14,docker.dev-peer0.org1.example.com-saksi-bulletin_1.0-ee3fe73bad456e43adfc5ba27d9e5a60983b69e8496140308fb21061ecb2ff85.blk_read_bytes,4440000.0
1791387854,2026-10-07T23:44:14,docker.dev-peer0.org1.example.com-saksi-bulletin_1.0-ee3fe73bad456e43adfc5ba27d9e5a60983b69e8496140308fb21061ecb2ff85.blk_write_bytes,0.0
1791387854,2026-10-07T23:44:14,docker.dev-peer0.org2.example.com-saksi-bulletin_1.0-ee3fe73bad456e43adfc5ba27d9e5a60983b69e8496140308fb21061ecb2ff85.cpu_pct,0.02
1791387854,2026-10-07T23:44:14,docker.dev-peer0.org2.example.com-saksi-bulletin_1.0-ee3fe73bad456e43adfc5ba27d9e5a60983b69e8496140308fb21061ecb2ff85.mem_bytes,6770655.232
1791387854,2026-10-07T23:44:14,docker.dev-peer0.org2.example.com-saksi-bulletin_1.0-ee3fe73bad456e43adfc5ba27d9e5a60983b69e8496140308fb21061ecb2ff85.blk_read_bytes,0.0
1791387854,2026-10-07T23:44:14,docker.dev-peer0.org2.example.com-saksi-bulletin_1.0-ee3fe73bad456e43adfc5ba27d9e5a60983b69e8496140308fb21061ecb2ff85.blk_write_bytes,0.0
1791387854,2026-10-07T23:44:14,docker.peer0.org1.example.com.cpu_pct,123.13
1791387854,2026-10-07T23:44:14,docker.peer0.org1.example.com.mem_bytes,341311488.0
1791387854,2026-10-07T23:44:14,docker.peer0.org1.example.com.blk_read_bytes,11200000.0
1791387854,2026-10-07T23:44:14,docker.peer0.org1.example.com.blk_write_bytes,23200000000.0
1791387854,2026-10-07T23:44:14,docker.orderer.example.com.cpu_pct,23.78
1791387854,2026-10-07T23:44:14,docker.orderer.example.com.mem_bytes,2726230491.136
1791387854,2026-10-07T23:44:14,docker.orderer.example.com.blk_read_bytes,9370000.0
1791387854,2026-10-07T23:44:14,docker.orderer.example.com.blk_write_bytes,4670000000.0
1791387854,2026-10-07T23:44:14,docker.peer0.org2.example.com.cpu_pct,45.4
1791387854,2026-10-07T23:44:14,docker.peer0.org2.example.com.mem_bytes,302933606.4
1791387854,2026-10-07T23:44:14,docker.peer0.org2.example.com.blk_read_bytes,705000.0
1791387854,2026-10-07T23:44:14,docker.peer0.org2.example.com.blk_write_bytes,23300000000.0
1791387854,2026-10-07T23:44:14,wsl.MemTotal_kb,24608408
1791387854,2026-10-07T23:44:14,wsl.MemAvailable_kb,22325912
1791387854,2026-10-07T23:44:14,wsl.SwapTotal_kb,0
1791387854,2026-10-07T23:44:14,wsl.SwapFree_kb,0
1791387854,2026-10-07T23:44:14,wsl.Dirty_kb,2332
1791387854,2026-10-07T23:44:14,wsl.load1,17.83
1791387854,2026-10-07T23:44:14,wsl.load5,14.24
1791387854,2026-10-07T23:44:14,host.c_free_bytes,39424733184
1791387854,2026-10-07T23:44:14,host.q_free_bytes,358956331008
1791387854,2026-10-07T23:44:14,host.docker_vhdx_bytes,38866518016
1791387854,2026-10-07T23:44:14,host.ubuntu_vhdx_bytes,212983611392
1791387854,2026-10-07T23:44:14,win.Processor(_Total)\% Processor Time,67.370662
1791387854,2026-10-07T23:44:14,win.Memory\Available MBytes,1551.0
1791387854,2026-10-07T23:44:14,win.PhysicalDisk(0 C:)\% Disk Time,12.691656
1791387854,2026-10-07T23:44:14,win.PhysicalDisk(1 Q:)\% Disk Time,43.295934
1791387854,2026-10-07T23:44:14,win.PhysicalDisk(_Total)\% Disk Time,27.993795
1791387854,2026-10-07T23:44:14,win.PhysicalDisk(0 C:)\Current Disk Queue Length,0.0
1791387854,2026-10-07T23:44:14,win.PhysicalDisk(1 Q:)\Current Disk Queue Length,2.0
1791387854,2026-10-07T23:44:14,win.PhysicalDisk(_Total)\Current Disk Queue Length,2.0
1791387854,2026-10-07T23:44:14,win.Process(vmmemWSL)\% Processor Time,723.873808
1791387864,2026-10-07T23:44:24,docker.dev-peer0.org1.example.com-saksi-bulletin_1.0-ee3fe73bad456e43adfc5ba27d9e5a60983b69e8496140308fb21061ecb2ff85.cpu_pct,328.87
1791387864,2026-10-07T23:44:24,docker.dev-peer0.org1.example.com-saksi-bulletin_1.0-ee3fe73bad456e43adfc5ba27d9e5a60983b69e8496140308fb21061ecb2ff85.mem_bytes,21191720.96
1791387864,2026-10-07T23:44:24,docker.dev-peer0.org1.example.com-saksi-bulletin_1.0-ee3fe73bad456e43adfc5ba27d9e5a60983b69e8496140308fb21061ecb2ff85.blk_read_bytes,4440000.0
1791387864,2026-10-07T23:44:24,docker.dev-peer0.org1.example.com-saksi-bulletin_1.0-ee3fe73bad456e43adfc5ba27d9e5a60983b69e8496140308fb21061ecb2ff85.blk_write_bytes,0.0
1791387864,2026-10-07T23:44:24,docker.dev-peer0.org2.example.com-saksi-bulletin_1.0-ee3fe73bad456e43adfc5ba27d9e5a60983b69e8496140308fb21061ecb2ff85.cpu_pct,0.0
1791387864,2026-10-07T23:44:24,docker.dev-peer0.org2.example.com-saksi-bulletin_1.0-ee3fe73bad456e43adfc5ba27d9e5a60983b69e8496140308fb21061ecb2ff85.mem_bytes,6770655.232
1791387864,2026-10-07T23:44:24,docker.dev-peer0.org2.example.com-saksi-bulletin_1.0-ee3fe73bad456e43adfc5ba27d9e5a60983b69e8496140308fb21061ecb2ff85.blk_read_bytes,0.0
1791387864,2026-10-07T23:44:24,docker.dev-peer0.org2.example.com-saksi-bulletin_1.0-ee3fe73bad456e43adfc5ba27d9e5a60983b69e8496140308fb21061ecb2ff85.blk_write_bytes,0.0
1791387864,2026-10-07T23:44:24,docker.peer0.org1.example.com.cpu_pct,284.28
1791387864,2026-10-07T23:44:24,docker.peer0.org1.example.com.mem_bytes,338375475.2
1791387864,2026-10-07T23:44:24,docker.peer0.org1.example.com.blk_read_bytes,11200000.0
1791387864,2026-10-07T23:44:24,docker.peer0.org1.example.com.blk_write_bytes,23900000000.0
1791387864,2026-10-07T23:44:24,docker.orderer.example.com.cpu_pct,65.72
1791387864,2026-10-07T23:44:24,docker.orderer.example.com.mem_bytes,2873333121.024
1791387864,2026-10-07T23:44:24,docker.orderer.example.com.blk_read_bytes,9380000.0
1791387864,2026-10-07T23:44:24,docker.orderer.example.com.blk_write_bytes,4770000000.0
1791387864,2026-10-07T23:44:24,docker.peer0.org2.example.com.cpu_pct,83.77
1791387864,2026-10-07T23:44:24,docker.peer0.org2.example.com.mem_bytes,316355379.2
1791387864,2026-10-07T23:44:24,docker.peer0.org2.example.com.blk_read_bytes,713000.0
1791387864,2026-10-07T23:44:24,docker.peer0.org2.example.com.blk_write_bytes,24000000000.0
1791387864,2026-10-07T23:44:24,wsl.MemTotal_kb,24608408
1791387864,2026-10-07T23:44:24,wsl.MemAvailable_kb,22260268
1791387864,2026-10-07T23:44:24,wsl.SwapTotal_kb,0
1791387864,2026-10-07T23:44:24,wsl.SwapFree_kb,0
1791387864,2026-10-07T23:44:24,wsl.Dirty_kb,15256
1791387864,2026-10-07T23:44:24,wsl.load1,18.82
1791387864,2026-10-07T23:44:24,wsl.load5,14.58
1791387864,2026-10-07T23:44:24,host.c_free_bytes,39421661184
1791387864,2026-10-07T23:44:24,host.q_free_bytes,358385905664
1791387864,2026-10-07T23:44:24,host.docker_vhdx_bytes,39436943360
1791387864,2026-10-07T23:44:24,host.ubuntu_vhdx_bytes,212983611392
1791387864,2026-10-07T23:44:24,win.Processor(_Total)\% Processor Time,65.360783
1791387864,2026-10-07T23:44:24,win.Memory\Available MBytes,1405.0
1791387864,2026-10-07T23:44:24,win.PhysicalDisk(0 C:)\% Disk Time,1.27487
1791387864,2026-10-07T23:44:24,win.PhysicalDisk(1 Q:)\% Disk Time,52.395107
1791387864,2026-10-07T23:44:24,win.PhysicalDisk(_Total)\% Disk Time,26.834988
1791387864,2026-10-07T23:44:24,win.PhysicalDisk(0 C:)\Current Disk Queue Length,0.0
1791387864,2026-10-07T23:44:24,win.PhysicalDisk(1 Q:)\Current Disk Queue Length,1.0
1791387864,2026-10-07T23:44:24,win.PhysicalDisk(_Total)\Current Disk Queue Length,1.0
1791387864,2026-10-07T23:44:24,win.Process(vmmemWSL)\% Processor Time,713.359001
1791387874,2026-10-07T23:44:34,docker.dev-peer0.org1.example.com-saksi-bulletin_1.0-ee3fe73bad456e43adfc5ba27d9e5a60983b69e8496140308fb21061ecb2ff85.cpu_pct,247.91
1791387874,2026-10-07T23:44:34,docker.dev-peer0.org1.example.com-saksi-bulletin_1.0-ee3fe73bad456e43adfc5ba27d9e5a60983b69e8496140308fb21061ecb2ff85.mem_bytes,20048773.12
1791387874,2026-10-07T23:44:34,docker.dev-peer0.org1.example.com-saksi-bulletin_1.0-ee3fe73bad456e43adfc5ba27d9e5a60983b69e8496140308fb21061ecb2ff85.blk_read_bytes,4440000.0
1791387874,2026-10-07T23:44:34,docker.dev-peer0.org1.example.com-saksi-bulletin_1.0-ee3fe73bad456e43adfc5ba27d9e5a60983b69e8496140308fb21061ecb2ff85.blk_write_bytes,0.0
1791387874,2026-10-07T23:44:34,docker.dev-peer0.org2.example.com-saksi-bulletin_1.0-ee3fe73bad456e43adfc5ba27d9e5a60983b69e8496140308fb21061ecb2ff85.cpu_pct,0.0
1791387874,2026-10-07T23:44:34,docker.dev-peer0.org2.example.com-saksi-bulletin_1.0-ee3fe73bad456e43adfc5ba27d9e5a60983b69e8496140308fb21061ecb2ff85.mem_bytes,6770655.232
1791387874,2026-10-07T23:44:34,docker.dev-peer0.org2.example.com-saksi-bulletin_1.0-ee3fe73bad456e43adfc5ba27d9e5a60983b69e8496140308fb21061ecb2ff85.blk_read_bytes,0.0
1791387874,2026-10-07T23:44:34,docker.dev-peer0.org2.example.com-saksi-bulletin_1.0-ee3fe73bad456e43adfc5ba27d9e5a60983b69e8496140308fb21061ecb2ff85.blk_write_bytes,0.0
1791387874,2026-10-07T23:44:34,docker.peer0.org1.example.com.cpu_pct,239.08
1791387874,2026-10-07T23:44:34,docker.peer0.org1.example.com.mem_bytes,342150348.8
1791387874,2026-10-07T23:44:34,docker.peer0.org1.example.com.blk_read_bytes,11200000.0
1791387874,2026-10-07T23:44:34,docker.peer0.org1.example.com.blk_write_bytes,24700000000.0
1791387874,2026-10-07T23:44:34,docker.orderer.example.com.cpu_pct,52.03
1791387874,2026-10-07T23:44:34,docker.orderer.example.com.mem_bytes,3007550849.024
1791387874,2026-10-07T23:44:34,docker.orderer.example.com.blk_read_bytes,9380000.0
1791387874,2026-10-07T23:44:34,docker.orderer.example.com.blk_write_bytes,4860000000.0
1791387874,2026-10-07T23:44:34,docker.peer0.org2.example.com.cpu_pct,103.94
1791387874,2026-10-07T23:44:34,docker.peer0.org2.example.com.mem_bytes,310902784.0
1791387874,2026-10-07T23:44:34,docker.peer0.org2.example.com.blk_read_bytes,725000.0
1791387874,2026-10-07T23:44:34,docker.peer0.org2.example.com.blk_write_bytes,24700000000.0
1791387874,2026-10-07T23:44:34,wsl.MemTotal_kb,24608408
1791387874,2026-10-07T23:44:34,wsl.MemAvailable_kb,22122388
1791387874,2026-10-07T23:44:34,wsl.SwapTotal_kb,0
1791387874,2026-10-07T23:44:34,wsl.SwapFree_kb,0
1791387874,2026-10-07T23:44:34,wsl.Dirty_kb,26608
1791387874,2026-10-07T23:44:34,wsl.load1,19.37
1791387874,2026-10-07T23:44:34,wsl.load5,14.84
1791387874,2026-10-07T23:44:34,host.c_free_bytes,39421063168
1791387874,2026-10-07T23:44:34,host.q_free_bytes,357345718272
1791387874,2026-10-07T23:44:34,host.docker_vhdx_bytes,40477130752
1791387874,2026-10-07T23:44:34,host.ubuntu_vhdx_bytes,212983611392
1791387874,2026-10-07T23:44:34,win.Processor(_Total)\% Processor Time,61.60621
1791387874,2026-10-07T23:44:34,win.Memory\Available MBytes,1102.0
1791387874,2026-10-07T23:44:34,win.PhysicalDisk(0 C:)\% Disk Time,2.858671
1791387874,2026-10-07T23:44:34,win.PhysicalDisk(1 Q:)\% Disk Time,52.898418
1791387874,2026-10-07T23:44:34,win.PhysicalDisk(_Total)\% Disk Time,27.878544
1791387874,2026-10-07T23:44:34,win.PhysicalDisk(0 C:)\Current Disk Queue Length,0.0
1791387874,2026-10-07T23:44:34,win.PhysicalDisk(1 Q:)\Current Disk Queue Length,1.0
1791387874,2026-10-07T23:44:34,win.PhysicalDisk(_Total)\Current Disk Queue Length,1.0
1791387874,2026-10-07T23:44:34,win.Process(vmmemWSL)\% Processor Time,692.141169
1791387884,2026-10-07T23:44:44,docker.dev-peer0.org1.example.com-saksi-bulletin_1.0-ee3fe73bad456e43adfc5ba27d9e5a60983b69e8496140308fb21061ecb2ff85.cpu_pct,263.96
1791387884,2026-10-07T23:44:44,docker.dev-peer0.org1.example.com-saksi-bulletin_1.0-ee3fe73bad456e43adfc5ba27d9e5a60983b69e8496140308fb21061ecb2ff85.mem_bytes,20898119.68
1791387884,2026-10-07T23:44:44,docker.dev-peer0.org1.example.com-saksi-bulletin_1.0-ee3fe73bad456e43adfc5ba27d9e5a60983b69e8496140308fb21061ecb2ff85.blk_read_bytes,4440000.0
1791387884,2026-10-07T23:44:44,docker.dev-peer0.org1.example.com-saksi-bulletin_1.0-ee3fe73bad456e43adfc5ba27d9e5a60983b69e8496140308fb21061ecb2ff85.blk_write_bytes,0.0
1791387884,2026-10-07T23:44:44,docker.dev-peer0.org2.example.com-saksi-bulletin_1.0-ee3fe73bad456e43adfc5ba27d9e5a60983b69e8496140308fb21061ecb2ff85.cpu_pct,0.0
1791387884,2026-10-07T23:44:44,docker.dev-peer0.org2.example.com-saksi-bulletin_1.0-ee3fe73bad456e43adfc5ba27d9e5a60983b69e8496140308fb21061ecb2ff85.mem_bytes,6770655.232
1791387884,2026-10-07T23:44:44,docker.dev-peer0.org2.example.com-saksi-bulletin_1.0-ee3fe73bad456e43adfc5ba27d9e5a60983b69e8496140308fb21061ecb2ff85.blk_read_bytes,0.0
1791387884,2026-10-07T23:44:44,docker.dev-peer0.org2.example.com-saksi-bulletin_1.0-ee3fe73bad456e43adfc5ba27d9e5a60983b69e8496140308fb21061ecb2ff85.blk_write_bytes,0.0
1791387884,2026-10-07T23:44:44,docker.peer0.org1.example.com.cpu_pct,250.89
1791387884,2026-10-07T23:44:44,docker.peer0.org1.example.com.mem_bytes,348966092.8
1791387884,2026-10-07T23:44:44,docker.peer0.org1.example.com.blk_read_bytes,11300000.0
1791387884,2026-10-07T23:44:44,docker.peer0.org1.example.com.blk_write_bytes,25400000000.0
1791387884,2026-10-07T23:44:44,docker.orderer.example.com.cpu_pct,55.4
1791387884,2026-10-07T23:44:44,docker.orderer.example.com.mem_bytes,2617782566.912
1791387884,2026-10-07T23:44:44,docker.orderer.example.com.blk_read_bytes,9380000.0
1791387884,2026-10-07T23:44:44,docker.orderer.example.com.blk_write_bytes,4970000000.0
1791387884,2026-10-07T23:44:44,docker.peer0.org2.example.com.cpu_pct,98.98
1791387884,2026-10-07T23:44:44,docker.peer0.org2.example.com.mem_bytes,311007641.6
1791387884,2026-10-07T23:44:44,docker.peer0.org2.example.com.blk_read_bytes,737000.0
1791387884,2026-10-07T23:44:44,docker.peer0.org2.example.com.blk_write_bytes,25500000000.0
1791387884,2026-10-07T23:44:44,wsl.MemTotal_kb,24608408
1791387884,2026-10-07T23:44:44,wsl.MemAvailable_kb,22548876
1791387884,2026-10-07T23:44:44,wsl.SwapTotal_kb,0
1791387884,2026-10-07T23:44:44,wsl.SwapFree_kb,0
1791387884,2026-10-07T23:44:44,wsl.Dirty_kb,2900
1791387884,2026-10-07T23:44:44,wsl.load1,18.6
1791387884,2026-10-07T23:44:44,wsl.load5,14.81
1791387884,2026-10-07T23:44:44,host.c_free_bytes,39421562880
1791387884,2026-10-07T23:44:44,host.q_free_bytes,356171313152
1791387884,2026-10-07T23:44:44,host.docker_vhdx_bytes,41651535872
1791387884,2026-10-07T23:44:44,host.ubuntu_vhdx_bytes,212983611392
1791387884,2026-10-07T23:44:44,win.Processor(_Total)\% Processor Time,68.710164
1791387884,2026-10-07T23:44:44,win.Memory\Available MBytes,862.0
1791387884,2026-10-07T23:44:44,win.PhysicalDisk(0 C:)\% Disk Time,17.490361
1791387884,2026-10-07T23:44:44,win.PhysicalDisk(1 Q:)\% Disk Time,42.177436
1791387884,2026-10-07T23:44:44,win.PhysicalDisk(_Total)\% Disk Time,29.833899
1791387884,2026-10-07T23:44:44,win.PhysicalDisk(0 C:)\Current Disk Queue Length,0.0
1791387884,2026-10-07T23:44:44,win.PhysicalDisk(1 Q:)\Current Disk Queue Length,0.0
1791387884,2026-10-07T23:44:44,win.PhysicalDisk(_Total)\Current Disk Queue Length,0.0
1791387884,2026-10-07T23:44:44,win.Process(vmmemWSL)\% Processor Time,794.716966
1791387894,2026-10-07T23:44:54,docker.dev-peer0.org1.example.com-saksi-bulletin_1.0-ee3fe73bad456e43adfc5ba27d9e5a60983b69e8496140308fb21061ecb2ff85.cpu_pct,279.96
1791387894,2026-10-07T23:44:54,docker.dev-peer0.org1.example.com-saksi-bulletin_1.0-ee3fe73bad456e43adfc5ba27d9e5a60983b69e8496140308fb21061ecb2ff85.mem_bytes,21328035.84
1791387894,2026-10-07T23:44:54,docker.dev-peer0.org1.example.com-saksi-bulletin_1.0-ee3fe73bad456e43adfc5ba27d9e5a60983b69e8496140308fb21061ecb2ff85.blk_read_bytes,4440000.0
1791387894,2026-10-07T23:44:54,docker.dev-peer0.org1.example.com-saksi-bulletin_1.0-ee3fe73bad456e43adfc5ba27d9e5a60983b69e8496140308fb21061ecb2ff85.blk_write_bytes,0.0
1791387894,2026-10-07T23:44:54,docker.dev-peer0.org2.example.com-saksi-bulletin_1.0-ee3fe73bad456e43adfc5ba27d9e5a60983b69e8496140308fb21061ecb2ff85.cpu_pct,0.26
1791387894,2026-10-07T23:44:54,docker.dev-peer0.org2.example.com-saksi-bulletin_1.0-ee3fe73bad456e43adfc5ba27d9e5a60983b69e8496140308fb21061ecb2ff85.mem_bytes,7032799.232
1791387894,2026-10-07T23:44:54,docker.dev-peer0.org2.example.com-saksi-bulletin_1.0-ee3fe73bad456e43adfc5ba27d9e5a60983b69e8496140308fb21061ecb2ff85.blk_read_bytes,0.0
1791387894,2026-10-07T23:44:54,docker.dev-peer0.org2.example.com-saksi-bulletin_1.0-ee3fe73bad456e43adfc5ba27d9e5a60983b69e8496140308fb21061ecb2ff85.blk_write_bytes,0.0
1791387894,2026-10-07T23:44:54,docker.peer0.org1.example.com.cpu_pct,268.26
1791387894,2026-10-07T23:44:54,docker.peer0.org1.example.com.mem_bytes,342150348.8
1791387894,2026-10-07T23:44:54,docker.peer0.org1.example.com.blk_read_bytes,11300000.0
1791387894,2026-10-07T23:44:54,docker.peer0.org1.example.com.blk_write_bytes,26100000000.0
1791387894,2026-10-07T23:44:54,docker.orderer.example.com.cpu_pct,55.93
1791387894,2026-10-07T23:44:54,docker.orderer.example.com.mem_bytes,2760590229.504
1791387894,2026-10-07T23:44:54,docker.orderer.example.com.blk_read_bytes,9380000.0
1791387894,2026-10-07T23:44:54,docker.orderer.example.com.blk_write_bytes,5060000000.0
1791387894,2026-10-07T23:44:54,docker.peer0.org2.example.com.cpu_pct,107.45
1791387894,2026-10-07T23:44:54,docker.peer0.org2.example.com.mem_bytes,305135616.0
1791387894,2026-10-07T23:44:54,docker.peer0.org2.example.com.blk_read_bytes,754000.0
1791387894,2026-10-07T23:44:54,docker.peer0.org2.example.com.blk_write_bytes,26200000000.0
1791387894,2026-10-07T23:44:54,wsl.MemTotal_kb,24608408
1791387894,2026-10-07T23:44:54,wsl.MemAvailable_kb,22455848
1791387894,2026-10-07T23:44:54,wsl.SwapTotal_kb,0
1791387894,2026-10-07T23:44:54,wsl.SwapFree_kb,0
1791387894,2026-10-07T23:44:54,wsl.Dirty_kb,14452
1791387894,2026-10-07T23:44:54,wsl.load1,17.69
1791387894,2026-10-07T23:44:54,wsl.load5,14.75
1791387894,2026-10-07T23:44:54,host.c_free_bytes,39421104128
1791387894,2026-10-07T23:44:54,host.q_free_bytes,355332452352
1791387894,2026-10-07T23:44:54,host.docker_vhdx_bytes,42490396672
1791387894,2026-10-07T23:44:54,host.ubuntu_vhdx_bytes,212983611392
1791387894,2026-10-07T23:44:54,win.Processor(_Total)\% Processor Time,61.566848
1791387894,2026-10-07T23:44:54,win.Memory\Available MBytes,646.0
1791387894,2026-10-07T23:44:54,win.PhysicalDisk(0 C:)\% Disk Time,0.889485
1791387894,2026-10-07T23:44:54,win.PhysicalDisk(1 Q:)\% Disk Time,52.216727
1791387894,2026-10-07T23:44:54,win.PhysicalDisk(_Total)\% Disk Time,26.553106
1791387894,2026-10-07T23:44:54,win.PhysicalDisk(0 C:)\Current Disk Queue Length,0.0
1791387894,2026-10-07T23:44:54,win.PhysicalDisk(1 Q:)\Current Disk Queue Length,1.0
1791387894,2026-10-07T23:44:54,win.PhysicalDisk(_Total)\Current Disk Queue Length,1.0
1791387894,2026-10-07T23:44:54,win.Process(vmmemWSL)\% Processor Time,703.73638
1791387904,2026-10-07T23:45:04,docker.dev-peer0.org1.example.com-saksi-bulletin_1.0-ee3fe73bad456e43adfc5ba27d9e5a60983b69e8496140308fb21061ecb2ff85.cpu_pct,270.04
1791387904,2026-10-07T23:45:04,docker.dev-peer0.org1.example.com-saksi-bulletin_1.0-ee3fe73bad456e43adfc5ba27d9e5a60983b69e8496140308fb21061ecb2ff85.mem_bytes,19608371.2
1791387904,2026-10-07T23:45:04,docker.dev-peer0.org1.example.com-saksi-bulletin_1.0-ee3fe73bad456e43adfc5ba27d9e5a60983b69e8496140308fb21061ecb2ff85.blk_read_bytes,4440000.0
1791387904,2026-10-07T23:45:04,docker.dev-peer0.org1.example.com-saksi-bulletin_1.0-ee3fe73bad456e43adfc5ba27d9e5a60983b69e8496140308fb21061ecb2ff85.blk_write_bytes,0.0
1791387904,2026-10-07T23:45:04,docker.dev-peer0.org2.example.com-saksi-bulletin_1.0-ee3fe73bad456e43adfc5ba27d9e5a60983b69e8496140308fb21061ecb2ff85.cpu_pct,0.0
1791387904,2026-10-07T23:45:04,docker.dev-peer0.org2.example.com-saksi-bulletin_1.0-ee3fe73bad456e43adfc5ba27d9e5a60983b69e8496140308fb21061ecb2ff85.mem_bytes,6770655.232
1791387904,2026-10-07T23:45:04,docker.dev-peer0.org2.example.com-saksi-bulletin_1.0-ee3fe73bad456e43adfc5ba27d9e5a60983b69e8496140308fb21061ecb2ff85.blk_read_bytes,0.0
1791387904,2026-10-07T23:45:04,docker.dev-peer0.org2.example.com-saksi-bulletin_1.0-ee3fe73bad456e43adfc5ba27d9e5a60983b69e8496140308fb21061ecb2ff85.blk_write_bytes,0.0
1791387904,2026-10-07T23:45:04,docker.peer0.org1.example.com.cpu_pct,271.18
1791387904,2026-10-07T23:45:04,docker.peer0.org1.example.com.mem_bytes,340367769.6
1791387904,2026-10-07T23:45:04,docker.peer0.org1.example.com.blk_read_bytes,11300000.0
1791387904,2026-10-07T23:45:04,docker.peer0.org1.example.com.blk_write_bytes,26800000000.0
1791387904,2026-10-07T23:45:04,docker.orderer.example.com.cpu_pct,57.02
1791387904,2026-10-07T23:45:04,docker.orderer.example.com.mem_bytes,2909840343.04
1791387904,2026-10-07T23:45:04,docker.orderer.example.com.blk_read_bytes,9380000.0
1791387904,2026-10-07T23:45:04,docker.orderer.example.com.blk_write_bytes,5160000000.0
1791387904,2026-10-07T23:45:04,docker.peer0.org2.example.com.cpu_pct,115.62
1791387904,2026-10-07T23:45:04,docker.peer0.org2.example.com.mem_bytes,323380838.4
1791387904,2026-10-07T23:45:04,docker.peer0.org2.example.com.blk_read_bytes,762000.0
1791387904,2026-10-07T23:45:04,docker.peer0.org2.example.com.blk_write_bytes,26900000000.0
1791387904,2026-10-07T23:45:04,wsl.MemTotal_kb,24608408
1791387904,2026-10-07T23:45:04,wsl.MemAvailable_kb,22350792
1791387904,2026-10-07T23:45:04,wsl.SwapTotal_kb,0
1791387904,2026-10-07T23:45:04,wsl.SwapFree_kb,0
1791387904,2026-10-07T23:45:04,wsl.Dirty_kb,27388
1791387904,2026-10-07T23:45:04,wsl.load1,19.28
1791387904,2026-10-07T23:45:04,wsl.load5,15.19
1791387904,2026-10-07T23:45:04,host.c_free_bytes,39420502016
1791387904,2026-10-07T23:45:04,host.q_free_bytes,354325819392
1791387904,2026-10-07T23:45:04,host.docker_vhdx_bytes,43497029632
1791387904,2026-10-07T23:45:04,host.ubuntu_vhdx_bytes,212983611392
1791387904,2026-10-07T23:45:04,win.Processor(_Total)\% Processor Time,65.461462
1791387904,2026-10-07T23:45:04,win.Memory\Available MBytes,692.0
1791387904,2026-10-07T23:45:04,win.PhysicalDisk(0 C:)\% Disk Time,1.012991
1791387904,2026-10-07T23:45:04,win.PhysicalDisk(1 Q:)\% Disk Time,57.14687
1791387904,2026-10-07T23:45:04,win.PhysicalDisk(_Total)\% Disk Time,29.079931
1791387904,2026-10-07T23:45:04,win.PhysicalDisk(0 C:)\Current Disk Queue Length,0.0
1791387904,2026-10-07T23:45:04,win.PhysicalDisk(1 Q:)\Current Disk Queue Length,1.0
1791387904,2026-10-07T23:45:04,win.PhysicalDisk(_Total)\Current Disk Queue Length,1.0
1791387904,2026-10-07T23:45:04,win.Process(vmmemWSL)\% Processor Time,756.68847
1791387914,2026-10-07T23:45:14,docker.dev-peer0.org1.example.com-saksi-bulletin_1.0-ee3fe73bad456e43adfc5ba27d9e5a60983b69e8496140308fb21061ecb2ff85.cpu_pct,249.36
1791387914,2026-10-07T23:45:14,docker.dev-peer0.org1.example.com-saksi-bulletin_1.0-ee3fe73bad456e43adfc5ba27d9e5a60983b69e8496140308fb21061ecb2ff85.mem_bytes,20174602.24
1791387914,2026-10-07T23:45:14,docker.dev-peer0.org1.example.com-saksi-bulletin_1.0-ee3fe73bad456e43adfc5ba27d9e5a60983b69e8496140308fb21061ecb2ff85.blk_read_bytes,4440000.0
1791387914,2026-10-07T23:45:14,docker.dev-peer0.org1.example.com-saksi-bulletin_1.0-ee3fe73bad456e43adfc5ba27d9e5a60983b69e8496140308fb21061ecb2ff85.blk_write_bytes,0.0
1791387914,2026-10-07T23:45:14,docker.dev-peer0.org2.example.com-saksi-bulletin_1.0-ee3fe73bad456e43adfc5ba27d9e5a60983b69e8496140308fb21061ecb2ff85.cpu_pct,0.02
1791387914,2026-10-07T23:45:14,docker.dev-peer0.org2.example.com-saksi-bulletin_1.0-ee3fe73bad456e43adfc5ba27d9e5a60983b69e8496140308fb21061ecb2ff85.mem_bytes,6770655.232
1791387914,2026-10-07T23:45:14,docker.dev-peer0.org2.example.com-saksi-bulletin_1.0-ee3fe73bad456e43adfc5ba27d9e5a60983b69e8496140308fb21061ecb2ff85.blk_read_bytes,0.0
1791387914,2026-10-07T23:45:14,docker.dev-peer0.org2.example.com-saksi-bulletin_1.0-ee3fe73bad456e43adfc5ba27d9e5a60983b69e8496140308fb21061ecb2ff85.blk_write_bytes,0.0
1791387914,2026-10-07T23:45:14,docker.peer0.org1.example.com.cpu_pct,232.43
1791387914,2026-10-07T23:45:14,docker.peer0.org1.example.com.mem_bytes,327050854.4
1791387914,2026-10-07T23:45:14,docker.peer0.org1.example.com.blk_read_bytes,11300000.0
1791387914,2026-10-07T23:45:14,docker.peer0.org1.example.com.blk_write_bytes,27500000000.0
1791387914,2026-10-07T23:45:14,docker.orderer.example.com.cpu_pct,51.77
1791387914,2026-10-07T23:45:14,docker.orderer.example.com.mem_bytes,3045131812.864
1791387914,2026-10-07T23:45:14,docker.orderer.example.com.blk_read_bytes,9380000.0
1791387914,2026-10-07T23:45:14,docker.orderer.example.com.blk_write_bytes,5250000000.0
1791387914,2026-10-07T23:45:14,docker.peer0.org2.example.com.cpu_pct,88.8
1791387914,2026-10-07T23:45:14,docker.peer0.org2.example.com.mem_bytes,328833433.6
1791387914,2026-10-07T23:45:14,docker.peer0.org2.example.com.blk_read_bytes,774000.0
1791387914,2026-10-07T23:45:14,docker.peer0.org2.example.com.blk_write_bytes,27600000000.0
1791387914,2026-10-07T23:45:14,wsl.MemTotal_kb,24608408
1791387914,2026-10-07T23:45:14,wsl.MemAvailable_kb,22382200
1791387914,2026-10-07T23:45:14,wsl.SwapTotal_kb,0
1791387914,2026-10-07T23:45:14,wsl.SwapFree_kb,0
1791387914,2026-10-07T23:45:14,wsl.Dirty_kb,2480
1791387914,2026-10-07T23:45:14,wsl.load1,20.04
1791387914,2026-10-07T23:45:14,wsl.load5,15.49
1791387914,2026-10-07T23:45:14,host.c_free_bytes,39419916288
1791387914,2026-10-07T23:45:14,host.q_free_bytes,353453404160
1791387914,2026-10-07T23:45:14,host.docker_vhdx_bytes,44369444864
1791387914,2026-10-07T23:45:14,host.ubuntu_vhdx_bytes,212983611392
1791387914,2026-10-07T23:45:14,win.Processor(_Total)\% Processor Time,62.186811
1791387914,2026-10-07T23:45:14,win.Memory\Available MBytes,817.0
1791387914,2026-10-07T23:45:14,win.PhysicalDisk(0 C:)\% Disk Time,0.80503
1791387914,2026-10-07T23:45:14,win.PhysicalDisk(1 Q:)\% Disk Time,49.738412
1791387914,2026-10-07T23:45:14,win.PhysicalDisk(_Total)\% Disk Time,25.271721
1791387914,2026-10-07T23:45:14,win.PhysicalDisk(0 C:)\Current Disk Queue Length,0.0
1791387914,2026-10-07T23:45:14,win.PhysicalDisk(1 Q:)\Current Disk Queue Length,1.0
1791387914,2026-10-07T23:45:14,win.PhysicalDisk(_Total)\Current Disk Queue Length,1.0
1791387914,2026-10-07T23:45:14,win.Process(vmmemWSL)\% Processor Time,697.369583
1791387924,2026-10-07T23:45:24,docker.dev-peer0.org1.example.com-saksi-bulletin_1.0-ee3fe73bad456e43adfc5ba27d9e5a60983b69e8496140308fb21061ecb2ff85.cpu_pct,166.87
1791387924,2026-10-07T23:45:24,docker.dev-peer0.org1.example.com-saksi-bulletin_1.0-ee3fe73bad456e43adfc5ba27d9e5a60983b69e8496140308fb21061ecb2ff85.mem_bytes,20992491.52
1791387924,2026-10-07T23:45:24,docker.dev-peer0.org1.example.com-saksi-bulletin_1.0-ee3fe73bad456e43adfc5ba27d9e5a60983b69e8496140308fb21061ecb2ff85.blk_read_bytes,4440000.0
1791387924,2026-10-07T23:45:24,docker.dev-peer0.org1.example.com-saksi-bulletin_1.0-ee3fe73bad456e43adfc5ba27d9e5a60983b69e8496140308fb21061ecb2ff85.blk_write_bytes,0.0
1791387924,2026-10-07T23:45:24,docker.dev-peer0.org2.example.com-saksi-bulletin_1.0-ee3fe73bad456e43adfc5ba27d9e5a60983b69e8496140308fb21061ecb2ff85.cpu_pct,0.0
1791387924,2026-10-07T23:45:24,docker.dev-peer0.org2.example.com-saksi-bulletin_1.0-ee3fe73bad456e43adfc5ba27d9e5a60983b69e8496140308fb21061ecb2ff85.mem_bytes,6770655.232
1791387924,2026-10-07T23:45:24,docker.dev-peer0.org2.example.com-saksi-bulletin_1.0-ee3fe73bad456e43adfc5ba27d9e5a60983b69e8496140308fb21061ecb2ff85.blk_read_bytes,0.0
1791387924,2026-10-07T23:45:24,docker.dev-peer0.org2.example.com-saksi-bulletin_1.0-ee3fe73bad456e43adfc5ba27d9e5a60983b69e8496140308fb21061ecb2ff85.blk_write_bytes,0.0
1791387924,2026-10-07T23:45:24,docker.peer0.org1.example.com.cpu_pct,148.75
1791387924,2026-10-07T23:45:24,docker.peer0.org1.example.com.mem_bytes,363960729.6
1791387924,2026-10-07T23:45:24,docker.peer0.org1.example.com.blk_read_bytes,11300000.0
1791387924,2026-10-07T23:45:24,docker.peer0.org1.example.com.blk_write_bytes,28200000000.0
1791387924,2026-10-07T23:45:24,docker.orderer.example.com.cpu_pct,35.03
1791387924,2026-10-07T23:45:24,docker.orderer.example.com.mem_bytes,3192234442.752
1791387924,2026-10-07T23:45:24,docker.orderer.example.com.blk_read_bytes,9380000.0
1791387924,2026-10-07T23:45:24,docker.orderer.example.com.blk_write_bytes,5340000000.0
1791387924,2026-10-07T23:45:24,docker.peer0.org2.example.com.cpu_pct,53.62
1791387924,2026-10-07T23:45:24,docker.peer0.org2.example.com.mem_bytes,326421708.8
1791387924,2026-10-07T23:45:24,docker.peer0.org2.example.com.blk_read_bytes,795000.0
1791387924,2026-10-07T23:45:24,docker.peer0.org2.example.com.blk_write_bytes,28400000000.0
1791387924,2026-10-07T23:45:24,wsl.MemTotal_kb,24608408
1791387924,2026-10-07T23:45:24,wsl.MemAvailable_kb,22210412
1791387924,2026-10-07T23:45:24,wsl.SwapTotal_kb,0
1791387924,2026-10-07T23:45:24,wsl.SwapFree_kb,0
1791387924,2026-10-07T23:45:24,wsl.Dirty_kb,15500
1791387924,2026-10-07T23:45:24,wsl.load1,18.99
1791387924,2026-10-07T23:45:24,wsl.load5,15.43
1791387924,2026-10-07T23:45:24,host.c_free_bytes,39422771200
1791387924,2026-10-07T23:45:24,host.q_free_bytes,352614543360
1791387924,2026-10-07T23:45:24,host.docker_vhdx_bytes,45208305664
1791387924,2026-10-07T23:45:24,host.ubuntu_vhdx_bytes,212983611392
1791387924,2026-10-07T23:45:24,win.Processor(_Total)\% Processor Time,68.161713
1791387924,2026-10-07T23:45:24,win.Memory\Available MBytes,594.0
1791387924,2026-10-07T23:45:24,win.PhysicalDisk(0 C:)\% Disk Time,1.192602
1791387924,2026-10-07T23:45:24,win.PhysicalDisk(1 Q:)\% Disk Time,43.527563
1791387924,2026-10-07T23:45:24,win.PhysicalDisk(_Total)\% Disk Time,22.360083
1791387924,2026-10-07T23:45:24,win.PhysicalDisk(0 C:)\Current Disk Queue Length,0.0
1791387924,2026-10-07T23:45:24,win.PhysicalDisk(1 Q:)\Current Disk Queue Length,1.0
1791387924,2026-10-07T23:45:24,win.PhysicalDisk(_Total)\Current Disk Queue Length,1.0
1791387924,2026-10-07T23:45:24,win.Process(vmmemWSL)\% Processor Time,747.741577
1791387934,2026-10-07T23:45:34,docker.dev-peer0.org1.example.com-saksi-bulletin_1.0-ee3fe73bad456e43adfc5ba27d9e5a60983b69e8496140308fb21061ecb2ff85.cpu_pct,267.96
1791387934,2026-10-07T23:45:34,docker.dev-peer0.org1.example.com-saksi-bulletin_1.0-ee3fe73bad456e43adfc5ba27d9e5a60983b69e8496140308fb21061ecb2ff85.mem_bytes,20174602.24
1791387934,2026-10-07T23:45:34,docker.dev-peer0.org1.example.com-saksi-bulletin_1.0-ee3fe73bad456e43adfc5ba27d9e5a60983b69e8496140308fb21061ecb2ff85.blk_read_bytes,4440000.0
1791387934,2026-10-07T23:45:34,docker.dev-peer0.org1.example.com-saksi-bulletin_1.0-ee3fe73bad456e43adfc5ba27d9e5a60983b69e8496140308fb21061ecb2ff85.blk_write_bytes,0.0
1791387934,2026-10-07T23:45:34,docker.dev-peer0.org2.example.com-saksi-bulletin_1.0-ee3fe73bad456e43adfc5ba27d9e5a60983b69e8496140308fb21061ecb2ff85.cpu_pct,0.0
1791387934,2026-10-07T23:45:34,docker.dev-peer0.org2.example.com-saksi-bulletin_1.0-ee3fe73bad456e43adfc5ba27d9e5a60983b69e8496140308fb21061ecb2ff85.mem_bytes,6770655.232
1791387934,2026-10-07T23:45:34,docker.dev-peer0.org2.example.com-saksi-bulletin_1.0-ee3fe73bad456e43adfc5ba27d9e5a60983b69e8496140308fb21061ecb2ff85.blk_read_bytes,0.0
1791387934,2026-10-07T23:45:34,docker.dev-peer0.org2.example.com-saksi-bulletin_1.0-ee3fe73bad456e43adfc5ba27d9e5a60983b69e8496140308fb21061ecb2ff85.blk_write_bytes,0.0
1791387934,2026-10-07T23:45:34,docker.peer0.org1.example.com.cpu_pct,264.89
1791387934,2026-10-07T23:45:34,docker.peer0.org1.example.com.mem_bytes,381996236.8
1791387934,2026-10-07T23:45:34,docker.peer0.org1.example.com.blk_read_bytes,11300000.0
1791387934,2026-10-07T23:45:34,docker.peer0.org1.example.com.blk_write_bytes,29000000000.0
1791387934,2026-10-07T23:45:34,docker.orderer.example.com.cpu_pct,48.1
1791387934,2026-10-07T23:45:34,docker.orderer.example.com.mem_bytes,3323230945.28
1791387934,2026-10-07T23:45:34,docker.orderer.example.com.blk_read_bytes,9390000.0
1791387934,2026-10-07T23:45:34,docker.orderer.example.com.blk_write_bytes,5440000000.0
1791387934,2026-10-07T23:45:34,docker.peer0.org2.example.com.cpu_pct,111.78
1791387934,2026-10-07T23:45:34,docker.peer0.org2.example.com.mem_bytes,333761740.8
1791387934,2026-10-07T23:45:34,docker.peer0.org2.example.com.blk_read_bytes,803000.0
1791387934,2026-10-07T23:45:34,docker.peer0.org2.example.com.blk_write_bytes,29100000000.0
1791387934,2026-10-07T23:45:34,wsl.MemTotal_kb,24608408
1791387934,2026-10-07T23:45:34,wsl.MemAvailable_kb,22119812
1791387934,2026-10-07T23:45:34,wsl.SwapTotal_kb,0
1791387934,2026-10-07T23:45:34,wsl.SwapFree_kb,0
1791387934,2026-10-07T23:45:34,wsl.Dirty_kb,26996
1791387934,2026-10-07T23:45:34,wsl.load1,16.99
1791387934,2026-10-07T23:45:34,wsl.load5,15.12
1791387934,2026-10-07T23:45:34,host.c_free_bytes,39426412544
1791387934,2026-10-07T23:45:34,host.q_free_bytes,351540801536
1791387934,2026-10-07T23:45:34,host.docker_vhdx_bytes,46282047488
1791387934,2026-10-07T23:45:34,host.ubuntu_vhdx_bytes,212983611392
1791387934,2026-10-07T23:45:34,win.Processor(_Total)\% Processor Time,63.059622
1791387934,2026-10-07T23:45:34,win.Memory\Available MBytes,501.0
1791387934,2026-10-07T23:45:34,win.PhysicalDisk(0 C:)\% Disk Time,0.571575
1791387934,2026-10-07T23:45:34,win.PhysicalDisk(1 Q:)\% Disk Time,55.269647
1791387934,2026-10-07T23:45:34,win.PhysicalDisk(_Total)\% Disk Time,27.920611
1791387934,2026-10-07T23:45:34,win.PhysicalDisk(0 C:)\Current Disk Queue Length,0.0
1791387934,2026-10-07T23:45:34,win.PhysicalDisk(1 Q:)\Current Disk Queue Length,1.0
1791387934,2026-10-07T23:45:34,win.PhysicalDisk(_Total)\Current Disk Queue Length,1.0
1791387934,2026-10-07T23:45:34,win.Process(vmmemWSL)\% Processor Time,681.340411
1791387944,2026-10-07T23:45:44,docker.dev-peer0.org1.example.com-saksi-bulletin_1.0-ee3fe73bad456e43adfc5ba27d9e5a60983b69e8496140308fb21061ecb2ff85.cpu_pct,258.39
1791387944,2026-10-07T23:45:44,docker.dev-peer0.org1.example.com-saksi-bulletin_1.0-ee3fe73bad456e43adfc5ba27d9e5a60983b69e8496140308fb21061ecb2ff85.mem_bytes,20950548.48
1791387944,2026-10-07T23:45:44,docker.dev-peer0.org1.example.com-saksi-bulletin_1.0-ee3fe73bad456e43adfc5ba27d9e5a60983b69e8496140308fb21061ecb2ff85.blk_read_bytes,4440000.0
1791387944,2026-10-07T23:45:44,docker.dev-peer0.org1.example.com-saksi-bulletin_1.0-ee3fe73bad456e43adfc5ba27d9e5a60983b69e8496140308fb21061ecb2ff85.blk_write_bytes,0.0
1791387944,2026-10-07T23:45:44,docker.dev-peer0.org2.example.com-saksi-bulletin_1.0-ee3fe73bad456e43adfc5ba27d9e5a60983b69e8496140308fb21061ecb2ff85.cpu_pct,0.0
1791387944,2026-10-07T23:45:44,docker.dev-peer0.org2.example.com-saksi-bulletin_1.0-ee3fe73bad456e43adfc5ba27d9e5a60983b69e8496140308fb21061ecb2ff85.mem_bytes,6770655.232
1791387944,2026-10-07T23:45:44,docker.dev-peer0.org2.example.com-saksi-bulletin_1.0-ee3fe73bad456e43adfc5ba27d9e5a60983b69e8496140308fb21061ecb2ff85.blk_read_bytes,0.0
1791387944,2026-10-07T23:45:44,docker.dev-peer0.org2.example.com-saksi-bulletin_1.0-ee3fe73bad456e43adfc5ba27d9e5a60983b69e8496140308fb21061ecb2ff85.blk_write_bytes,0.0
1791387944,2026-10-07T23:45:44,docker.peer0.org1.example.com.cpu_pct,243.49
1791387944,2026-10-07T23:45:44,docker.peer0.org1.example.com.mem_bytes,353999257.6
1791387944,2026-10-07T23:45:44,docker.peer0.org1.example.com.blk_read_bytes,11400000.0
1791387944,2026-10-07T23:45:44,docker.peer0.org1.example.com.blk_write_bytes,29700000000.0
1791387944,2026-10-07T23:45:44,docker.orderer.example.com.cpu_pct,49.51
1791387944,2026-10-07T23:45:44,docker.orderer.example.com.mem_bytes,2929167695.872
1791387944,2026-10-07T23:45:44,docker.orderer.example.com.blk_read_bytes,9400000.0
1791387944,2026-10-07T23:45:44,docker.orderer.example.com.blk_write_bytes,5530000000.0
1791387944,2026-10-07T23:45:44,docker.peer0.org2.example.com.cpu_pct,99.06
1791387944,2026-10-07T23:45:44,docker.peer0.org2.example.com.mem_bytes,316145664.0
1791387944,2026-10-07T23:45:44,docker.peer0.org2.example.com.blk_read_bytes,831000.0
1791387944,2026-10-07T23:45:44,docker.peer0.org2.example.com.blk_write_bytes,29800000000.0
1791387944,2026-10-07T23:45:44,wsl.MemTotal_kb,24608408
1791387944,2026-10-07T23:45:44,wsl.MemAvailable_kb,22575832
1791387944,2026-10-07T23:45:44,wsl.SwapTotal_kb,0
1791387944,2026-10-07T23:45:44,wsl.SwapFree_kb,0
1791387944,2026-10-07T23:45:44,wsl.Dirty_kb,3220
1791387944,2026-10-07T23:45:44,wsl.load1,16.83
1791387944,2026-10-07T23:45:44,wsl.load5,15.13
1791387944,2026-10-07T23:45:44,host.c_free_bytes,39426740224
1791387944,2026-10-07T23:45:44,host.q_free_bytes,350332841984
1791387944,2026-10-07T23:45:44,host.docker_vhdx_bytes,47490007040
1791387944,2026-10-07T23:45:44,host.ubuntu_vhdx_bytes,212983611392
1791387944,2026-10-07T23:45:44,win.Processor(_Total)\% Processor Time,63.962562
1791387944,2026-10-07T23:45:44,win.Memory\Available MBytes,367.0
1791387944,2026-10-07T23:45:44,win.PhysicalDisk(0 C:)\% Disk Time,48.519012
1791387944,2026-10-07T23:45:44,win.PhysicalDisk(1 Q:)\% Disk Time,49.509198
1791387944,2026-10-07T23:45:44,win.PhysicalDisk(_Total)\% Disk Time,49.014105
1791387944,2026-10-07T23:45:44,win.PhysicalDisk(0 C:)\Current Disk Queue Length,0.0
1791387944,2026-10-07T23:45:44,win.PhysicalDisk(1 Q:)\Current Disk Queue Length,1.0
1791387944,2026-10-07T23:45:44,win.PhysicalDisk(_Total)\Current Disk Queue Length,1.0
1791387944,2026-10-07T23:45:44,win.Process(vmmemWSL)\% Processor Time,698.250958
1791387954,2026-10-07T23:45:54,docker.dev-peer0.org1.example.com-saksi-bulletin_1.0-ee3fe73bad456e43adfc5ba27d9e5a60983b69e8496140308fb21061ecb2ff85.cpu_pct,270.74
1791387954,2026-10-07T23:45:54,docker.dev-peer0.org1.example.com-saksi-bulletin_1.0-ee3fe73bad456e43adfc5ba27d9e5a60983b69e8496140308fb21061ecb2ff85.mem_bytes,21558722.56
1791387954,2026-10-07T23:45:54,docker.dev-peer0.org1.example.com-saksi-bulletin_1.0-ee3fe73bad456e43adfc5ba27d9e5a60983b69e8496140308fb21061ecb2ff85.blk_read_bytes,4440000.0
1791387954,2026-10-07T23:45:54,docker.dev-peer0.org1.example.com-saksi-bulletin_1.0-ee3fe73bad456e43adfc5ba27d9e5a60983b69e8496140308fb21061ecb2ff85.blk_write_bytes,0.0
1791387954,2026-10-07T23:45:54,docker.dev-peer0.org2.example.com-saksi-bulletin_1.0-ee3fe73bad456e43adfc5ba27d9e5a60983b69e8496140308fb21061ecb2ff85.cpu_pct,0.04
1791387954,2026-10-07T23:45:54,docker.dev-peer0.org2.example.com-saksi-bulletin_1.0-ee3fe73bad456e43adfc5ba27d9e5a60983b69e8496140308fb21061ecb2ff85.mem_bytes,7028604.928
1791387954,2026-10-07T23:45:54,docker.dev-peer0.org2.example.com-saksi-bulletin_1.0-ee3fe73bad456e43adfc5ba27d9e5a60983b69e8496140308fb21061ecb2ff85.blk_read_bytes,0.0
1791387954,2026-10-07T23:45:54,docker.dev-peer0.org2.example.com-saksi-bulletin_1.0-ee3fe73bad456e43adfc5ba27d9e5a60983b69e8496140308fb21061ecb2ff85.blk_write_bytes,0.0
1791387954,2026-10-07T23:45:54,docker.peer0.org1.example.com.cpu_pct,271.72
1791387954,2026-10-07T23:45:54,docker.peer0.org1.example.com.mem_bytes,351587532.8
1791387954,2026-10-07T23:45:54,docker.peer0.org1.example.com.blk_read_bytes,11400000.0
1791387954,2026-10-07T23:45:54,docker.peer0.org1.example.com.blk_write_bytes,30400000000.0
1791387954,2026-10-07T23:45:54,docker.orderer.example.com.cpu_pct,54.73
1791387954,2026-10-07T23:45:54,docker.orderer.example.com.mem_bytes,3068754132.992
1791387954,2026-10-07T23:45:54,docker.orderer.example.com.blk_read_bytes,9400000.0
1791387954,2026-10-07T23:45:54,docker.orderer.example.com.blk_write_bytes,5630000000.0
1791387954,2026-10-07T23:45:54,docker.peer0.org2.example.com.cpu_pct,101.82
1791387954,2026-10-07T23:45:54,docker.peer0.org2.example.com.mem_bytes,335754035.2
1791387954,2026-10-07T23:45:54,docker.peer0.org2.example.com.blk_read_bytes,844000.0
1791387954,2026-10-07T23:45:54,docker.peer0.org2.example.com.blk_write_bytes,30500000000.0
1791387954,2026-10-07T23:45:54,wsl.MemTotal_kb,24608408
1791387954,2026-10-07T23:45:54,wsl.MemAvailable_kb,22470740
1791387954,2026-10-07T23:45:54,wsl.SwapTotal_kb,0
1791387954,2026-10-07T23:45:54,wsl.SwapFree_kb,0
1791387954,2026-10-07T23:45:54,wsl.Dirty_kb,14676
1791387954,2026-10-07T23:45:54,wsl.load1,16.52
1791387954,2026-10-07T23:45:54,wsl.load5,15.11
1791387954,2026-10-07T23:45:54,host.c_free_bytes,39426969600
1791387954,2026-10-07T23:45:54,host.q_free_bytes,349124882432
1791387954,2026-10-07T23:45:54,host.docker_vhdx_bytes,48697966592
1791387954,2026-10-07T23:45:54,host.ubuntu_vhdx_bytes,212983611392
1791387954,2026-10-07T23:45:54,win.Processor(_Total)\% Processor Time,68.816904
1791387954,2026-10-07T23:45:54,win.Memory\Available MBytes,315.0
1791387954,2026-10-07T23:45:54,win.PhysicalDisk(0 C:)\% Disk Time,5.956172
1791387954,2026-10-07T23:45:54,win.PhysicalDisk(1 Q:)\% Disk Time,47.052854
1791387954,2026-10-07T23:45:54,win.PhysicalDisk(_Total)\% Disk Time,26.504512
1791387954,2026-10-07T23:45:54,win.PhysicalDisk(0 C:)\Current Disk Queue Length,0.0
1791387954,2026-10-07T23:45:54,win.PhysicalDisk(1 Q:)\Current Disk Queue Length,0.0
1791387954,2026-10-07T23:45:54,win.PhysicalDisk(_Total)\Current Disk Queue Length,0.0
1791387954,2026-10-07T23:45:54,win.Process(vmmemWSL)\% Processor Time,774.276282
1791387964,2026-10-07T23:46:04,docker.dev-peer0.org1.example.com-saksi-bulletin_1.0-ee3fe73bad456e43adfc5ba27d9e5a60983b69e8496140308fb21061ecb2ff85.cpu_pct,283.32
1791387964,2026-10-07T23:46:04,docker.dev-peer0.org1.example.com-saksi-bulletin_1.0-ee3fe73bad456e43adfc5ba27d9e5a60983b69e8496140308fb21061ecb2ff85.mem_bytes,20835205.12
1791387964,2026-10-07T23:46:04,docker.dev-peer0.org1.example.com-saksi-bulletin_1.0-ee3fe73bad456e43adfc5ba27d9e5a60983b69e8496140308fb21061ecb2ff85.blk_read_bytes,4440000.0
1791387964,2026-10-07T23:46:04,docker.dev-peer0.org1.example.com-saksi-bulletin_1.0-ee3fe73bad456e43adfc5ba27d9e5a60983b69e8496140308fb21061ecb2ff85.blk_write_bytes,0.0
1791387964,2026-10-07T23:46:04,docker.dev-peer0.org2.example.com-saksi-bulletin_1.0-ee3fe73bad456e43adfc5ba27d9e5a60983b69e8496140308fb21061ecb2ff85.cpu_pct,0.0
1791387964,2026-10-07T23:46:04,docker.dev-peer0.org2.example.com-saksi-bulletin_1.0-ee3fe73bad456e43adfc5ba27d9e5a60983b69e8496140308fb21061ecb2ff85.mem_bytes,6770655.232
1791387964,2026-10-07T23:46:04,docker.dev-peer0.org2.example.com-saksi-bulletin_1.0-ee3fe73bad456e43adfc5ba27d9e5a60983b69e8496140308fb21061ecb2ff85.blk_read_bytes,0.0
1791387964,2026-10-07T23:46:04,docker.dev-peer0.org2.example.com-saksi-bulletin_1.0-ee3fe73bad456e43adfc5ba27d9e5a60983b69e8496140308fb21061ecb2ff85.blk_write_bytes,0.0
1791387964,2026-10-07T23:46:04,docker.peer0.org1.example.com.cpu_pct,266.26
1791387964,2026-10-07T23:46:04,docker.peer0.org1.example.com.mem_bytes,368784179.2
1791387964,2026-10-07T23:46:04,docker.peer0.org1.example.com.blk_read_bytes,11400000.0
1791387964,2026-10-07T23:46:04,docker.peer0.org1.example.com.blk_write_bytes,31100000000.0
1791387964,2026-10-07T23:46:04,docker.orderer.example.com.cpu_pct,55.62
1791387964,2026-10-07T23:46:04,docker.orderer.example.com.mem_bytes,3200824377.344
1791387964,2026-10-07T23:46:04,docker.orderer.example.com.blk_read_bytes,9400000.0
1791387964,2026-10-07T23:46:04,docker.orderer.example.com.blk_write_bytes,5720000000.0
1791387964,2026-10-07T23:46:04,docker.peer0.org2.example.com.cpu_pct,107.13
1791387964,2026-10-07T23:46:04,docker.peer0.org2.example.com.mem_bytes,344457216.0
1791387964,2026-10-07T23:46:04,docker.peer0.org2.example.com.blk_read_bytes,860000.0
1791387964,2026-10-07T23:46:04,docker.peer0.org2.example.com.blk_write_bytes,31200000000.0
1791387964,2026-10-07T23:46:04,wsl.MemTotal_kb,24608408
1791387964,2026-10-07T23:46:04,wsl.MemAvailable_kb,22397352
1791387964,2026-10-07T23:46:04,wsl.SwapTotal_kb,0
1791387964,2026-10-07T23:46:04,wsl.SwapFree_kb,0
1791387964,2026-10-07T23:46:04,wsl.Dirty_kb,26432
1791387964,2026-10-07T23:46:04,wsl.load1,15.87
1791387964,2026-10-07T23:46:04,wsl.load5,15.01
1791387964,2026-10-07T23:46:04,host.c_free_bytes,39425957888
1791387964,2026-10-07T23:46:04,host.q_free_bytes,348353130496
1791387964,2026-10-07T23:46:04,host.docker_vhdx_bytes,49469718528
1791387964,2026-10-07T23:46:04,host.ubuntu_vhdx_bytes,212983611392
1791387964,2026-10-07T23:46:04,win.Processor(_Total)\% Processor Time,65.506633
1791387964,2026-10-07T23:46:04,win.Memory\Available MBytes,491.0
1791387964,2026-10-07T23:46:04,win.PhysicalDisk(0 C:)\% Disk Time,100.336118
1791387964,2026-10-07T23:46:04,win.PhysicalDisk(1 Q:)\% Disk Time,50.383347
1791387964,2026-10-07T23:46:04,win.PhysicalDisk(_Total)\% Disk Time,75.359733
1791387964,2026-10-07T23:46:04,win.PhysicalDisk(0 C:)\Current Disk Queue Length,7.0
1791387964,2026-10-07T23:46:04,win.PhysicalDisk(1 Q:)\Current Disk Queue Length,0.0
1791387964,2026-10-07T23:46:04,win.PhysicalDisk(_Total)\Current Disk Queue Length,7.0
1791387964,2026-10-07T23:46:04,win.Process(vmmemWSL)\% Processor Time,684.254855
1791387974,2026-10-07T23:46:14,docker.dev-peer0.org1.example.com-saksi-bulletin_1.0-ee3fe73bad456e43adfc5ba27d9e5a60983b69e8496140308fb21061ecb2ff85.cpu_pct,268.52
1791387974,2026-10-07T23:46:14,docker.dev-peer0.org1.example.com-saksi-bulletin_1.0-ee3fe73bad456e43adfc5ba27d9e5a60983b69e8496140308fb21061ecb2ff85.mem_bytes,20793262.08
1791387974,2026-10-07T23:46:14,docker.dev-peer0.org1.example.com-saksi-bulletin_1.0-ee3fe73bad456e43adfc5ba27d9e5a60983b69e8496140308fb21061ecb2ff85.blk_read_bytes,4440000.0
1791387974,2026-10-07T23:46:14,docker.dev-peer0.org1.example.com-saksi-bulletin_1.0-ee3fe73bad456e43adfc5ba27d9e5a60983b69e8496140308fb21061ecb2ff85.blk_write_bytes,0.0
1791387974,2026-10-07T23:46:14,docker.dev-peer0.org2.example.com-saksi-bulletin_1.0-ee3fe73bad456e43adfc5ba27d9e5a60983b69e8496140308fb21061ecb2ff85.cpu_pct,0.03
1791387974,2026-10-07T23:46:14,docker.dev-peer0.org2.example.com-saksi-bulletin_1.0-ee3fe73bad456e43adfc5ba27d9e5a60983b69e8496140308fb21061ecb2ff85.mem_bytes,6770655.232
1791387974,2026-10-07T23:46:14,docker.dev-peer0.org2.example.com-saksi-bulletin_1.0-ee3fe73bad456e43adfc5ba27d9e5a60983b69e8496140308fb21061ecb2ff85.blk_read_bytes,0.0
1791387974,2026-10-07T23:46:14,docker.dev-peer0.org2.example.com-saksi-bulletin_1.0-ee3fe73bad456e43adfc5ba27d9e5a60983b69e8496140308fb21061ecb2ff85.blk_write_bytes,0.0
1791387974,2026-10-07T23:46:14,docker.peer0.org1.example.com.cpu_pct,253.85
1791387974,2026-10-07T23:46:14,docker.peer0.org1.example.com.mem_bytes,355152691.2
1791387974,2026-10-07T23:46:14,docker.peer0.org1.example.com.blk_read_bytes,11400000.0
1791387974,2026-10-07T23:46:14,docker.peer0.org1.example.com.blk_write_bytes,31900000000.0
1791387974,2026-10-07T23:46:14,docker.orderer.example.com.cpu_pct,51.11
1791387974,2026-10-07T23:46:14,docker.orderer.example.com.mem_bytes,3356516941.824
1791387974,2026-10-07T23:46:14,docker.orderer.example.com.blk_read_bytes,9400000.0
1791387974,2026-10-07T23:46:14,docker.orderer.example.com.blk_write_bytes,5820000000.0
1791387974,2026-10-07T23:46:14,docker.peer0.org2.example.com.cpu_pct,105.58
1791387974,2026-10-07T23:46:14,docker.peer0.org2.example.com.mem_bytes,332084019.2
1791387974,2026-10-07T23:46:14,docker.peer0.org2.example.com.blk_read_bytes,877000.0
1791387974,2026-10-07T23:46:14,docker.peer0.org2.example.com.blk_write_bytes,32000000000.0
1791387974,2026-10-07T23:46:14,wsl.MemTotal_kb,24608408
1791387974,2026-10-07T23:46:14,wsl.MemAvailable_kb,22336028
1791387974,2026-10-07T23:46:14,wsl.SwapTotal_kb,0
1791387974,2026-10-07T23:46:14,wsl.SwapFree_kb,0
1791387974,2026-10-07T23:46:14,wsl.Dirty_kb,2300
1791387974,2026-10-07T23:46:14,wsl.load1,15.76
1791387974,2026-10-07T23:46:14,wsl.load5,15.03
1791387974,2026-10-07T23:46:14,host.c_free_bytes,39425368064
1791387974,2026-10-07T23:46:14,host.q_free_bytes,347413606400
1791387974,2026-10-07T23:46:14,host.docker_vhdx_bytes,50409242624
1791387974,2026-10-07T23:46:14,host.ubuntu_vhdx_bytes,212983611392
1791387974,2026-10-07T23:46:14,win.Processor(_Total)\% Processor Time,69.276834
1791387974,2026-10-07T23:46:14,win.Memory\Available MBytes,898.0
1791387974,2026-10-07T23:46:14,win.PhysicalDisk(0 C:)\% Disk Time,13.674015
1791387974,2026-10-07T23:46:14,win.PhysicalDisk(1 Q:)\% Disk Time,45.325747
1791387974,2026-10-07T23:46:14,win.PhysicalDisk(_Total)\% Disk Time,29.499881
1791387974,2026-10-07T23:46:14,win.PhysicalDisk(0 C:)\Current Disk Queue Length,0.0
1791387974,2026-10-07T23:46:14,win.PhysicalDisk(1 Q:)\Current Disk Queue Length,0.0
1791387974,2026-10-07T23:46:14,win.PhysicalDisk(_Total)\Current Disk Queue Length,0.0
1791387974,2026-10-07T23:46:14,win.Process(vmmemWSL)\% Processor Time,766.850226
1791387984,2026-10-07T23:46:24,docker.dev-peer0.org1.example.com-saksi-bulletin_1.0-ee3fe73bad456e43adfc5ba27d9e5a60983b69e8496140308fb21061ecb2ff85.cpu_pct,269.35
1791387984,2026-10-07T23:46:24,docker.dev-peer0.org1.example.com-saksi-bulletin_1.0-ee3fe73bad456e43adfc5ba27d9e5a60983b69e8496140308fb21061ecb2ff85.mem_bytes,19985858.56
1791387984,2026-10-07T23:46:24,docker.dev-peer0.org1.example.com-saksi-bulletin_1.0-ee3fe73bad456e43adfc5ba27d9e5a60983b69e8496140308fb21061ecb2ff85.blk_read_bytes,4440000.0
1791387984,2026-10-07T23:46:24,docker.dev-peer0.org1.example.com-saksi-bulletin_1.0-ee3fe73bad456e43adfc5ba27d9e5a60983b69e8496140308fb21061ecb2ff85.blk_write_bytes,0.0
1791387984,2026-10-07T23:46:24,docker.dev-peer0.org2.example.com-saksi-bulletin_1.0-ee3fe73bad456e43adfc5ba27d9e5a60983b69e8496140308fb21061ecb2ff85.cpu_pct,0.0
1791387984,2026-10-07T23:46:24,docker.dev-peer0.org2.example.com-saksi-bulletin_1.0-ee3fe73bad456e43adfc5ba27d9e5a60983b69e8496140308fb21061ecb2ff85.mem_bytes,6770655.232
1791387984,2026-10-07T23:46:24,docker.dev-peer0.org2.example.com-saksi-bulletin_1.0-ee3fe73bad456e43adfc5ba27d9e5a60983b69e8496140308fb21061ecb2ff85.blk_read_bytes,0.0
1791387984,2026-10-07T23:46:24,docker.dev-peer0.org2.example.com-saksi-bulletin_1.0-ee3fe73bad456e43adfc5ba27d9e5a60983b69e8496140308fb21061ecb2ff85.blk_write_bytes,0.0
1791387984,2026-10-07T23:46:24,docker.peer0.org1.example.com.cpu_pct,246.88
1791387984,2026-10-07T23:46:24,docker.peer0.org1.example.com.mem_bytes,369098752.0
1791387984,2026-10-07T23:46:24,docker.peer0.org1.example.com.blk_read_bytes,11400000.0
1791387984,2026-10-07T23:46:24,docker.peer0.org1.example.com.blk_write_bytes,32500000000.0
1791387984,2026-10-07T23:46:24,docker.orderer.example.com.cpu_pct,54.32
1791387984,2026-10-07T23:46:24,docker.orderer.example.com.mem_bytes,3499324604.416
1791387984,2026-10-07T23:46:24,docker.orderer.example.com.blk_read_bytes,9410000.0
1791387984,2026-10-07T23:46:24,docker.orderer.example.com.blk_write_bytes,5910000000.0
1791387984,2026-10-07T23:46:24,docker.peer0.org2.example.com.cpu_pct,95.22
1791387984,2026-10-07T23:46:24,docker.peer0.org2.example.com.mem_bytes,342255206.4
1791387984,2026-10-07T23:46:24,docker.peer0.org2.example.com.blk_read_bytes,877000.0
1791387984,2026-10-07T23:46:24,docker.peer0.org2.example.com.blk_write_bytes,32600000000.0
1791387984,2026-10-07T23:46:24,wsl.MemTotal_kb,24608408
1791387984,2026-10-07T23:46:24,wsl.MemAvailable_kb,22203236
1791387984,2026-10-07T23:46:24,wsl.SwapTotal_kb,0
1791387984,2026-10-07T23:46:24,wsl.SwapFree_kb,0
1791387984,2026-10-07T23:46:24,wsl.Dirty_kb,14364
1791387984,2026-10-07T23:46:24,wsl.load1,15.43
1791387984,2026-10-07T23:46:24,wsl.load5,14.99
1791387984,2026-10-07T23:46:24,host.c_free_bytes,39427575808
1791387984,2026-10-07T23:46:24,host.q_free_bytes,346776072192
1791387984,2026-10-07T23:46:24,host.docker_vhdx_bytes,51046776832
1791387984,2026-10-07T23:46:24,host.ubuntu_vhdx_bytes,212983611392
1791387984,2026-10-07T23:46:24,win.Processor(_Total)\% Processor Time,63.394065
1791387984,2026-10-07T23:46:24,win.Memory\Available MBytes,658.0
1791387984,2026-10-07T23:46:24,win.PhysicalDisk(0 C:)\% Disk Time,792.275292
1791387984,2026-10-07T23:46:24,win.PhysicalDisk(1 Q:)\% Disk Time,48.316644
1791387984,2026-10-07T23:46:24,win.PhysicalDisk(_Total)\% Disk Time,420.295968
1791387984,2026-10-07T23:46:24,win.PhysicalDisk(0 C:)\Current Disk Queue Length,0.0
1791387984,2026-10-07T23:46:24,win.PhysicalDisk(1 Q:)\Current Disk Queue Length,2.0
1791387984,2026-10-07T23:46:24,win.PhysicalDisk(_Total)\Current Disk Queue Length,2.0
1791387984,2026-10-07T23:46:24,win.Process(vmmemWSL)\% Processor Time,701.586127
1791387994,2026-10-07T23:46:34,docker.dev-peer0.org1.example.com-saksi-bulletin_1.0-ee3fe73bad456e43adfc5ba27d9e5a60983b69e8496140308fb21061ecb2ff85.cpu_pct,147.38
1791387994,2026-10-07T23:46:34,docker.dev-peer0.org1.example.com-saksi-bulletin_1.0-ee3fe73bad456e43adfc5ba27d9e5a60983b69e8496140308fb21061ecb2ff85.mem_bytes,19723714.56
1791387994,2026-10-07T23:46:34,docker.dev-peer0.org1.example.com-saksi-bulletin_1.0-ee3fe73bad456e43adfc5ba27d9e5a60983b69e8496140308fb21061ecb2ff85.blk_read_bytes,4440000.0
1791387994,2026-10-07T23:46:34,docker.dev-peer0.org1.example.com-saksi-bulletin_1.0-ee3fe73bad456e43adfc5ba27d9e5a60983b69e8496140308fb21061ecb2ff85.blk_write_bytes,0.0
1791387994,2026-10-07T23:46:34,docker.dev-peer0.org2.example.com-saksi-bulletin_1.0-ee3fe73bad456e43adfc5ba27d9e5a60983b69e8496140308fb21061ecb2ff85.cpu_pct,0.0
1791387994,2026-10-07T23:46:34,docker.dev-peer0.org2.example.com-saksi-bulletin_1.0-ee3fe73bad456e43adfc5ba27d9e5a60983b69e8496140308fb21061ecb2ff85.mem_bytes,6770655.232
1791387994,2026-10-07T23:46:34,docker.dev-peer0.org2.example.com-saksi-bulletin_1.0-ee3fe73bad456e43adfc5ba27d9e5a60983b69e8496140308fb21061ecb2ff85.blk_read_bytes,0.0
1791387994,2026-10-07T23:46:34,docker.dev-peer0.org2.example.com-saksi-bulletin_1.0-ee3fe73bad456e43adfc5ba27d9e5a60983b69e8496140308fb21061ecb2ff85.blk_write_bytes,0.0
1791387994,2026-10-07T23:46:34,docker.peer0.org1.example.com.cpu_pct,135.08
1791387994,2026-10-07T23:46:34,docker.peer0.org1.example.com.mem_bytes,367211315.2
1791387994,2026-10-07T23:46:34,docker.peer0.org1.example.com.blk_read_bytes,11400000.0
1791387994,2026-10-07T23:46:34,docker.peer0.org1.example.com.blk_write_bytes,33200000000.000004
1791387994,2026-10-07T23:46:34,docker.orderer.example.com.cpu_pct,43.27
1791387994,2026-10-07T23:46:34,docker.orderer.example.com.mem_bytes,3095597678.592
1791387994,2026-10-07T23:46:34,docker.orderer.example.com.blk_read_bytes,9410000.0
1791387994,2026-10-07T23:46:34,docker.orderer.example.com.blk_write_bytes,6010000000.0
1791387994,2026-10-07T23:46:34,docker.peer0.org2.example.com.cpu_pct,56.98
1791387994,2026-10-07T23:46:34,docker.peer0.org2.example.com.mem_bytes,343513497.6
1791387994,2026-10-07T23:46:34,docker.peer0.org2.example.com.blk_read_bytes,905000.0
1791387994,2026-10-07T23:46:34,docker.peer0.org2.example.com.blk_write_bytes,33299999999.999996
1791387994,2026-10-07T23:46:34,wsl.MemTotal_kb,24608408
1791387994,2026-10-07T23:46:34,wsl.MemAvailable_kb,22455224
1791387994,2026-10-07T23:46:34,wsl.SwapTotal_kb,0
1791387994,2026-10-07T23:46:34,wsl.SwapFree_kb,0
1791387994,2026-10-07T23:46:34,wsl.Dirty_kb,25544
1791387994,2026-10-07T23:46:34,wsl.load1,15.42
1791387994,2026-10-07T23:46:34,wsl.load5,14.99
1791387994,2026-10-07T23:46:34,host.c_free_bytes,39425753088
1791387994,2026-10-07T23:46:34,host.q_free_bytes,345668775936
1791387994,2026-10-07T23:46:34,host.docker_vhdx_bytes,52154073088
1791387994,2026-10-07T23:46:34,host.ubuntu_vhdx_bytes,212983611392
1791387994,2026-10-07T23:46:34,win.Processor(_Total)\% Processor Time,64.970097
1791387994,2026-10-07T23:46:34,win.Memory\Available MBytes,569.0
1791387994,2026-10-07T23:46:34,win.PhysicalDisk(0 C:)\% Disk Time,0.656448
1791387994,2026-10-07T23:46:34,win.PhysicalDisk(1 Q:)\% Disk Time,47.013537
1791387994,2026-10-07T23:46:34,win.PhysicalDisk(_Total)\% Disk Time,23.834993
1791387994,2026-10-07T23:46:34,win.PhysicalDisk(0 C:)\Current Disk Queue Length,0.0
1791387994,2026-10-07T23:46:34,win.PhysicalDisk(1 Q:)\Current Disk Queue Length,1.0
1791387994,2026-10-07T23:46:34,win.PhysicalDisk(_Total)\Current Disk Queue Length,1.0
1791387994,2026-10-07T23:46:34,win.Process(vmmemWSL)\% Processor Time,753.18192
1791388004,2026-10-07T23:46:44,docker.dev-peer0.org1.example.com-saksi-bulletin_1.0-ee3fe73bad456e43adfc5ba27d9e5a60983b69e8496140308fb21061ecb2ff85.cpu_pct,276.76
1791388004,2026-10-07T23:46:44,docker.dev-peer0.org1.example.com-saksi-bulletin_1.0-ee3fe73bad456e43adfc5ba27d9e5a60983b69e8496140308fb21061ecb2ff85.mem_bytes,19881000.96
1791388004,2026-10-07T23:46:44,docker.dev-peer0.org1.example.com-saksi-bulletin_1.0-ee3fe73bad456e43adfc5ba27d9e5a60983b69e8496140308fb21061ecb2ff85.blk_read_bytes,4440000.0
1791388004,2026-10-07T23:46:44,docker.dev-peer0.org1.example.com-saksi-bulletin_1.0-ee3fe73bad456e43adfc5ba27d9e5a60983b69e8496140308fb21061ecb2ff85.blk_write_bytes,0.0
1791388004,2026-10-07T23:46:44,docker.dev-peer0.org2.example.com-saksi-bulletin_1.0-ee3fe73bad456e43adfc5ba27d9e5a60983b69e8496140308fb21061ecb2ff85.cpu_pct,0.0
1791388004,2026-10-07T23:46:44,docker.dev-peer0.org2.example.com-saksi-bulletin_1.0-ee3fe73bad456e43adfc5ba27d9e5a60983b69e8496140308fb21061ecb2ff85.mem_bytes,6770655.232
1791388004,2026-10-07T23:46:44,docker.dev-peer0.org2.example.com-saksi-bulletin_1.0-ee3fe73bad456e43adfc5ba27d9e5a60983b69e8496140308fb21061ecb2ff85.blk_read_bytes,0.0
1791388004,2026-10-07T23:46:44,docker.dev-peer0.org2.example.com-saksi-bulletin_1.0-ee3fe73bad456e43adfc5ba27d9e5a60983b69e8496140308fb21061ecb2ff85.blk_write_bytes,0.0
1791388004,2026-10-07T23:46:44,docker.peer0.org1.example.com.cpu_pct,267.37
1791388004,2026-10-07T23:46:44,docker.peer0.org1.example.com.mem_bytes,386924544.0
1791388004,2026-10-07T23:46:44,docker.peer0.org1.example.com.blk_read_bytes,11500000.0
1791388004,2026-10-07T23:46:44,docker.peer0.org1.example.com.blk_write_bytes,33900000000.0
1791388004,2026-10-07T23:46:44,docker.orderer.example.com.cpu_pct,54.49
1791388004,2026-10-07T23:46:44,docker.orderer.example.com.mem_bytes,3233036632.064
1791388004,2026-10-07T23:46:44,docker.orderer.example.com.blk_read_bytes,9420000.0
1791388004,2026-10-07T23:46:44,docker.orderer.example.com.blk_write_bytes,6100000000.0
1791388004,2026-10-07T23:46:44,docker.peer0.org2.example.com.cpu_pct,104.73
1791388004,2026-10-07T23:46:44,docker.peer0.org2.example.com.mem_bytes,337222041.6
1791388004,2026-10-07T23:46:44,docker.peer0.org2.example.com.blk_read_bytes,922000.0
1791388004,2026-10-07T23:46:44,docker.peer0.org2.example.com.blk_write_bytes,34100000000.0
1791388004,2026-10-07T23:46:44,wsl.MemTotal_kb,24608408
1791388004,2026-10-07T23:46:44,wsl.MemAvailable_kb,22383912
1791388004,2026-10-07T23:46:44,wsl.SwapTotal_kb,0
1791388004,2026-10-07T23:46:44,wsl.SwapFree_kb,0
1791388004,2026-10-07T23:46:44,wsl.Dirty_kb,2308
1791388004,2026-10-07T23:46:44,wsl.load1,13.9
1791388004,2026-10-07T23:46:44,wsl.load5,14.68
1791388004,2026-10-07T23:46:44,host.c_free_bytes,39429115904
1791388004,2026-10-07T23:46:44,host.q_free_bytes,344561479680
1791388004,2026-10-07T23:46:44,host.docker_vhdx_bytes,53261369344
1791388004,2026-10-07T23:46:44,host.ubuntu_vhdx_bytes,212983611392
1791388004,2026-10-07T23:46:44,win.Processor(_Total)\% Processor Time,65.319705
1791388004,2026-10-07T23:46:44,win.Memory\Available MBytes,469.0
1791388004,2026-10-07T23:46:44,win.PhysicalDisk(0 C:)\% Disk Time,2.190138
1791388004,2026-10-07T23:46:44,win.PhysicalDisk(1 Q:)\% Disk Time,53.196036
1791388004,2026-10-07T23:46:44,win.PhysicalDisk(_Total)\% Disk Time,27.693086
1791388004,2026-10-07T23:46:44,win.PhysicalDisk(0 C:)\Current Disk Queue Length,0.0
1791388004,2026-10-07T23:46:44,win.PhysicalDisk(1 Q:)\Current Disk Queue Length,1.0
1791388004,2026-10-07T23:46:44,win.PhysicalDisk(_Total)\Current Disk Queue Length,1.0
1791388004,2026-10-07T23:46:44,win.Process(vmmemWSL)\% Processor Time,704.288767
1791388014,2026-10-07T23:46:54,docker.dev-peer0.org1.example.com-saksi-bulletin_1.0-ee3fe73bad456e43adfc5ba27d9e5a60983b69e8496140308fb21061ecb2ff85.cpu_pct,260.32
1791388014,2026-10-07T23:46:54,docker.dev-peer0.org1.example.com-saksi-bulletin_1.0-ee3fe73bad456e43adfc5ba27d9e5a60983b69e8496140308fb21061ecb2ff85.mem_bytes,20803747.84
1791388014,2026-10-07T23:46:54,docker.dev-peer0.org1.example.com-saksi-bulletin_1.0-ee3fe73bad456e43adfc5ba27d9e5a60983b69e8496140308fb21061ecb2ff85.blk_read_bytes,4440000.0
1791388014,2026-10-07T23:46:54,docker.dev-peer0.org1.example.com-saksi-bulletin_1.0-ee3fe73bad456e43adfc5ba27d9e5a60983b69e8496140308fb21061ecb2ff85.blk_write_bytes,0.0
1791388014,2026-10-07T23:46:54,docker.dev-peer0.org2.example.com-saksi-bulletin_1.0-ee3fe73bad456e43adfc5ba27d9e5a60983b69e8496140308fb21061ecb2ff85.cpu_pct,0.34
1791388014,2026-10-07T23:46:54,docker.dev-peer0.org2.example.com-saksi-bulletin_1.0-ee3fe73bad456e43adfc5ba27d9e5a60983b69e8496140308fb21061ecb2ff85.mem_bytes,6824132.608
1791388014,2026-10-07T23:46:54,docker.dev-peer0.org2.example.com-saksi-bulletin_1.0-ee3fe73bad456e43adfc5ba27d9e5a60983b69e8496140308fb21061ecb2ff85.blk_read_bytes,0.0
1791388014,2026-10-07T23:46:54,docker.dev-peer0.org2.example.com-saksi-bulletin_1.0-ee3fe73bad456e43adfc5ba27d9e5a60983b69e8496140308fb21061ecb2ff85.blk_write_bytes,0.0
1791388014,2026-10-07T23:46:54,docker.peer0.org1.example.com.cpu_pct,250.67
1791388014,2026-10-07T23:46:54,docker.peer0.org1.example.com.mem_bytes,379165081.6
1791388014,2026-10-07T23:46:54,docker.peer0.org1.example.com.blk_read_bytes,11500000.0
1791388014,2026-10-07T23:46:54,docker.peer0.org1.example.com.blk_write_bytes,34600000000.0
1791388014,2026-10-07T23:46:54,docker.orderer.example.com.cpu_pct,54.64
1791388014,2026-10-07T23:46:54,docker.orderer.example.com.mem_bytes,3367254360.064
1791388014,2026-10-07T23:46:54,docker.orderer.example.com.blk_read_bytes,9420000.0
1791388014,2026-10-07T23:46:54,docker.orderer.example.com.blk_write_bytes,6190000000.0
1791388014,2026-10-07T23:46:54,docker.peer0.org2.example.com.cpu_pct,97.73
1791388014,2026-10-07T23:46:54,docker.peer0.org2.example.com.mem_bytes,343303782.4
1791388014,2026-10-07T23:46:54,docker.peer0.org2.example.com.blk_read_bytes,930000.0
1791388014,2026-10-07T23:46:54,docker.peer0.org2.example.com.blk_write_bytes,34800000000.0
1791388014,2026-10-07T23:46:54,wsl.MemTotal_kb,24608408
1791388014,2026-10-07T23:46:54,wsl.MemAvailable_kb,22387368
1791388014,2026-10-07T23:46:54,wsl.SwapTotal_kb,0
1791388014,2026-10-07T23:46:54,wsl.SwapFree_kb,0
1791388014,2026-10-07T23:46:54,wsl.Dirty_kb,13584
1791388014,2026-10-07T23:46:54,wsl.load1,13.25
1791388014,2026-10-07T23:46:54,wsl.load5,14.51
1791388014,2026-10-07T23:46:54,host.c_free_bytes,39428788224
1791388014,2026-10-07T23:46:54,host.q_free_bytes,343890391040
1791388014,2026-10-07T23:46:54,host.docker_vhdx_bytes,53932457984
1791388014,2026-10-07T23:46:54,host.ubuntu_vhdx_bytes,212983611392
1791388014,2026-10-07T23:46:54,win.Processor(_Total)\% Processor Time,64.970385
1791388014,2026-10-07T23:46:54,win.Memory\Available MBytes,460.0
1791388014,2026-10-07T23:46:54,win.PhysicalDisk(0 C:)\% Disk Time,1.171578
1791388014,2026-10-07T23:46:54,win.PhysicalDisk(1 Q:)\% Disk Time,46.101945
1791388014,2026-10-07T23:46:54,win.PhysicalDisk(_Total)\% Disk Time,23.636762
1791388014,2026-10-07T23:46:54,win.PhysicalDisk(0 C:)\Current Disk Queue Length,0.0
1791388014,2026-10-07T23:46:54,win.PhysicalDisk(1 Q:)\Current Disk Queue Length,1.0
1791388014,2026-10-07T23:46:54,win.PhysicalDisk(_Total)\Current Disk Queue Length,1.0
1791388014,2026-10-07T23:46:54,win.Process(vmmemWSL)\% Processor Time,649.462719
1791388024,2026-10-07T23:47:04,docker.dev-peer0.org1.example.com-saksi-bulletin_1.0-ee3fe73bad456e43adfc5ba27d9e5a60983b69e8496140308fb21061ecb2ff85.cpu_pct,283.48
1791388024,2026-10-07T23:47:04,docker.dev-peer0.org1.example.com-saksi-bulletin_1.0-ee3fe73bad456e43adfc5ba27d9e5a60983b69e8496140308fb21061ecb2ff85.mem_bytes,19325255.68
1791388024,2026-10-07T23:47:04,docker.dev-peer0.org1.example.com-saksi-bulletin_1.0-ee3fe73bad456e43adfc5ba27d9e5a60983b69e8496140308fb21061ecb2ff85.blk_read_bytes,4440000.0
1791388024,2026-10-07T23:47:04,docker.dev-peer0.org1.example.com-saksi-bulletin_1.0-ee3fe73bad456e43adfc5ba27d9e5a60983b69e8496140308fb21061ecb2ff85.blk_write_bytes,0.0
1791388024,2026-10-07T23:47:04,docker.dev-peer0.org2.example.com-saksi-bulletin_1.0-ee3fe73bad456e43adfc5ba27d9e5a60983b69e8496140308fb21061ecb2ff85.cpu_pct,0.0
1791388024,2026-10-07T23:47:04,docker.dev-peer0.org2.example.com-saksi-bulletin_1.0-ee3fe73bad456e43adfc5ba27d9e5a60983b69e8496140308fb21061ecb2ff85.mem_bytes,6824132.608
1791388024,2026-10-07T23:47:04,docker.dev-peer0.org2.example.com-saksi-bulletin_1.0-ee3fe73bad456e43adfc5ba27d9e5a60983b69e8496140308fb21061ecb2ff85.blk_read_bytes,0.0
1791388024,2026-10-07T23:47:04,docker.dev-peer0.org2.example.com-saksi-bulletin_1.0-ee3fe73bad456e43adfc5ba27d9e5a60983b69e8496140308fb21061ecb2ff85.blk_write_bytes,0.0
1791388024,2026-10-07T23:47:04,docker.peer0.org1.example.com.cpu_pct,263.34
1791388024,2026-10-07T23:47:04,docker.peer0.org1.example.com.mem_bytes,387239116.8
1791388024,2026-10-07T23:47:04,docker.peer0.org1.example.com.blk_read_bytes,11500000.0
1791388024,2026-10-07T23:47:04,docker.peer0.org1.example.com.blk_write_bytes,35400000000.0
1791388024,2026-10-07T23:47:04,docker.orderer.example.com.cpu_pct,54.69
1791388024,2026-10-07T23:47:04,docker.orderer.example.com.mem_bytes,3526168150.016
1791388024,2026-10-07T23:47:04,docker.orderer.example.com.blk_read_bytes,9430000.0
1791388024,2026-10-07T23:47:04,docker.orderer.example.com.blk_write_bytes,6290000000.0
1791388024,2026-10-07T23:47:04,docker.peer0.org2.example.com.cpu_pct,105.06
1791388024,2026-10-07T23:47:04,docker.peer0.org2.example.com.mem_bytes,349595238.4
1791388024,2026-10-07T23:47:04,docker.peer0.org2.example.com.blk_read_bytes,942000.0
1791388024,2026-10-07T23:47:04,docker.peer0.org2.example.com.blk_write_bytes,35500000000.0
1791388024,2026-10-07T23:47:04,wsl.MemTotal_kb,24608408
1791388024,2026-10-07T23:47:04,wsl.MemAvailable_kb,22314328
1791388024,2026-10-07T23:47:04,wsl.SwapTotal_kb,0
1791388024,2026-10-07T23:47:04,wsl.SwapFree_kb,0
1791388024,2026-10-07T23:47:04,wsl.Dirty_kb,29092
1791388024,2026-10-07T23:47:04,wsl.load1,14.12
1791388024,2026-10-07T23:47:04,wsl.load5,14.66
1791388024,2026-10-07T23:47:04,host.c_free_bytes,39428427776
1791388024,2026-10-07T23:47:04,host.q_free_bytes,343118639104
1791388024,2026-10-07T23:47:04,host.docker_vhdx_bytes,54704209920
1791388024,2026-10-07T23:47:04,host.ubuntu_vhdx_bytes,212983611392
1791388024,2026-10-07T23:47:04,win.Processor(_Total)\% Processor Time,68.534992
1791388024,2026-10-07T23:47:04,win.Memory\Available MBytes,420.0
1791388024,2026-10-07T23:47:04,win.PhysicalDisk(0 C:)\% Disk Time,5.260244
1791388024,2026-10-07T23:47:04,win.PhysicalDisk(1 Q:)\% Disk Time,49.341826
1791388024,2026-10-07T23:47:04,win.PhysicalDisk(_Total)\% Disk Time,27.301035
1791388024,2026-10-07T23:47:04,win.PhysicalDisk(0 C:)\Current Disk Queue Length,0.0
1791388024,2026-10-07T23:47:04,win.PhysicalDisk(1 Q:)\Current Disk Queue Length,1.0
1791388024,2026-10-07T23:47:04,win.PhysicalDisk(_Total)\Current Disk Queue Length,1.0
1791388024,2026-10-07T23:47:04,win.Process(vmmemWSL)\% Processor Time,731.822406
1791388034,2026-10-07T23:47:14,docker.dev-peer0.org1.example.com-saksi-bulletin_1.0-ee3fe73bad456e43adfc5ba27d9e5a60983b69e8496140308fb21061ecb2ff85.cpu_pct,266.7
1791388034,2026-10-07T23:47:14,docker.dev-peer0.org1.example.com-saksi-bulletin_1.0-ee3fe73bad456e43adfc5ba27d9e5a60983b69e8496140308fb21061ecb2ff85.mem_bytes,20950548.48
1791388034,2026-10-07T23:47:14,docker.dev-peer0.org1.example.com-saksi-bulletin_1.0-ee3fe73bad456e43adfc5ba27d9e5a60983b69e8496140308fb21061ecb2ff85.blk_read_bytes,4440000.0
1791388034,2026-10-07T23:47:14,docker.dev-peer0.org1.example.com-saksi-bulletin_1.0-ee3fe73bad456e43adfc5ba27d9e5a60983b69e8496140308fb21061ecb2ff85.blk_write_bytes,0.0
1791388034,2026-10-07T23:47:14,docker.dev-peer0.org2.example.com-saksi-bulletin_1.0-ee3fe73bad456e43adfc5ba27d9e5a60983b69e8496140308fb21061ecb2ff85.cpu_pct,0.02
1791388034,2026-10-07T23:47:14,docker.dev-peer0.org2.example.com-saksi-bulletin_1.0-ee3fe73bad456e43adfc5ba27d9e5a60983b69e8496140308fb21061ecb2ff85.mem_bytes,6824132.608
1791388034,2026-10-07T23:47:14,docker.dev-peer0.org2.example.com-saksi-bulletin_1.0-ee3fe73bad456e43adfc5ba27d9e5a60983b69e8496140308fb21061ecb2ff85.blk_read_bytes,0.0
1791388034,2026-10-07T23:47:14,docker.dev-peer0.org2.example.com-saksi-bulletin_1.0-ee3fe73bad456e43adfc5ba27d9e5a60983b69e8496140308fb21061ecb2ff85.blk_write_bytes,0.0
1791388034,2026-10-07T23:47:14,docker.peer0.org1.example.com.cpu_pct,263.96
1791388034,2026-10-07T23:47:14,docker.peer0.org1.example.com.mem_bytes,383044812.8
1791388034,2026-10-07T23:47:14,docker.peer0.org1.example.com.blk_read_bytes,11500000.0
1791388034,2026-10-07T23:47:14,docker.peer0.org1.example.com.blk_write_bytes,36100000000.0
1791388034,2026-10-07T23:47:14,docker.orderer.example.com.cpu_pct,56.22
1791388034,2026-10-07T23:47:14,docker.orderer.example.com.mem_bytes,3652869685.248
1791388034,2026-10-07T23:47:14,docker.orderer.example.com.blk_read_bytes,9430000.0
1791388034,2026-10-07T23:47:14,docker.orderer.example.com.blk_write_bytes,6390000000.0
1791388034,2026-10-07T23:47:14,docker.peer0.org2.example.com.cpu_pct,104.79
1791388034,2026-10-07T23:47:14,docker.peer0.org2.example.com.mem_bytes,338899763.2
1791388034,2026-10-07T23:47:14,docker.peer0.org2.example.com.blk_read_bytes,946000.0
1791388034,2026-10-07T23:47:14,docker.peer0.org2.example.com.blk_write_bytes,36200000000.0
1791388034,2026-10-07T23:47:14,wsl.MemTotal_kb,24608408
1791388034,2026-10-07T23:47:14,wsl.MemAvailable_kb,22253284
1791388034,2026-10-07T23:47:14,wsl.SwapTotal_kb,0
1791388034,2026-10-07T23:47:14,wsl.SwapFree_kb,0
1791388034,2026-10-07T23:47:14,wsl.Dirty_kb,1696
1791388034,2026-10-07T23:47:14,wsl.load1,14.32
1791388034,2026-10-07T23:47:14,wsl.load5,14.67
1791388034,2026-10-07T23:47:14,host.c_free_bytes,39427407872
1791388034,2026-10-07T23:47:14,host.q_free_bytes,342212669440
1791388034,2026-10-07T23:47:14,host.docker_vhdx_bytes,55610179584
1791388034,2026-10-07T23:47:14,host.ubuntu_vhdx_bytes,212983611392
1791388034,2026-10-07T23:47:14,win.Processor(_Total)\% Processor Time,61.909592
1791388034,2026-10-07T23:47:14,win.Memory\Available MBytes,427.0
1791388034,2026-10-07T23:47:14,win.PhysicalDisk(0 C:)\% Disk Time,0.728381
1791388034,2026-10-07T23:47:14,win.PhysicalDisk(1 Q:)\% Disk Time,52.161413
1791388034,2026-10-07T23:47:14,win.PhysicalDisk(_Total)\% Disk Time,26.444897
1791388034,2026-10-07T23:47:14,win.PhysicalDisk(0 C:)\Current Disk Queue Length,0.0
1791388034,2026-10-07T23:47:14,win.PhysicalDisk(1 Q:)\Current Disk Queue Length,0.0
1791388034,2026-10-07T23:47:14,win.PhysicalDisk(_Total)\Current Disk Queue Length,0.0
1791388034,2026-10-07T23:47:14,win.Process(vmmemWSL)\% Processor Time,689.895352
1791388044,2026-10-07T23:47:24,docker.dev-peer0.org1.example.com-saksi-bulletin_1.0-ee3fe73bad456e43adfc5ba27d9e5a60983b69e8496140308fb21061ecb2ff85.cpu_pct,278.79
1791388044,2026-10-07T23:47:24,docker.dev-peer0.org1.example.com-saksi-bulletin_1.0-ee3fe73bad456e43adfc5ba27d9e5a60983b69e8496140308fb21061ecb2ff85.mem_bytes,20426260.48
1791388044,2026-10-07T23:47:24,docker.dev-peer0.org1.example.com-saksi-bulletin_1.0-ee3fe73bad456e43adfc5ba27d9e5a60983b69e8496140308fb21061ecb2ff85.blk_read_bytes,4440000.0
1791388044,2026-10-07T23:47:24,docker.dev-peer0.org1.example.com-saksi-bulletin_1.0-ee3fe73bad456e43adfc5ba27d9e5a60983b69e8496140308fb21061ecb2ff85.blk_write_bytes,0.0
1791388044,2026-10-07T23:47:24,docker.dev-peer0.org2.example.com-saksi-bulletin_1.0-ee3fe73bad456e43adfc5ba27d9e5a60983b69e8496140308fb21061ecb2ff85.cpu_pct,0.0
1791388044,2026-10-07T23:47:24,docker.dev-peer0.org2.example.com-saksi-bulletin_1.0-ee3fe73bad456e43adfc5ba27d9e5a60983b69e8496140308fb21061ecb2ff85.mem_bytes,6824132.608
1791388044,2026-10-07T23:47:24,docker.dev-peer0.org2.example.com-saksi-bulletin_1.0-ee3fe73bad456e43adfc5ba27d9e5a60983b69e8496140308fb21061ecb2ff85.blk_read_bytes,0.0
1791388044,2026-10-07T23:47:24,docker.dev-peer0.org2.example.com-saksi-bulletin_1.0-ee3fe73bad456e43adfc5ba27d9e5a60983b69e8496140308fb21061ecb2ff85.blk_write_bytes,0.0
1791388044,2026-10-07T23:47:24,docker.peer0.org1.example.com.cpu_pct,279.95
1791388044,2026-10-07T23:47:24,docker.peer0.org1.example.com.mem_bytes,384932249.6
1791388044,2026-10-07T23:47:24,docker.peer0.org1.example.com.blk_read_bytes,11500000.0
1791388044,2026-10-07T23:47:24,docker.peer0.org1.example.com.blk_write_bytes,36900000000.0
1791388044,2026-10-07T23:47:24,docker.orderer.example.com.cpu_pct,53.9
1791388044,2026-10-07T23:47:24,docker.orderer.example.com.mem_bytes,3797824831.488
1791388044,2026-10-07T23:47:24,docker.orderer.example.com.blk_read_bytes,9430000.0
1791388044,2026-10-07T23:47:24,docker.orderer.example.com.blk_write_bytes,6490000000.0
1791388044,2026-10-07T23:47:24,docker.peer0.org2.example.com.cpu_pct,108.33
1791388044,2026-10-07T23:47:24,docker.peer0.org2.example.com.mem_bytes,357040128.0
1791388044,2026-10-07T23:47:24,docker.peer0.org2.example.com.blk_read_bytes,963000.0
1791388044,2026-10-07T23:47:24,docker.peer0.org2.example.com.blk_write_bytes,37000000000.0
1791388044,2026-10-07T23:47:24,wsl.MemTotal_kb,24608408
1791388044,2026-10-07T23:47:24,wsl.MemAvailable_kb,22141052
1791388044,2026-10-07T23:47:24,wsl.SwapTotal_kb,0
1791388044,2026-10-07T23:47:24,wsl.SwapFree_kb,0
1791388044,2026-10-07T23:47:24,wsl.Dirty_kb,15056
1791388044,2026-10-07T23:47:24,wsl.load1,12.63
1791388044,2026-10-07T23:47:24,wsl.load5,14.3
1791388044,2026-10-07T23:47:24,host.c_free_bytes,39429111808
1791388044,2026-10-07T23:47:24,host.q_free_bytes,341239590912
1791388044,2026-10-07T23:47:24,host.docker_vhdx_bytes,56583258112
1791388044,2026-10-07T23:47:24,host.ubuntu_vhdx_bytes,212983611392
1791388044,2026-10-07T23:47:24,win.Processor(_Total)\% Processor Time,67.947307
1791388044,2026-10-07T23:47:24,win.Memory\Available MBytes,453.0
1791388044,2026-10-07T23:47:24,win.PhysicalDisk(0 C:)\% Disk Time,0.476928
1791388044,2026-10-07T23:47:24,win.PhysicalDisk(1 Q:)\% Disk Time,46.519484
1791388044,2026-10-07T23:47:24,win.PhysicalDisk(_Total)\% Disk Time,23.498207
1791388044,2026-10-07T23:47:24,win.PhysicalDisk(0 C:)\Current Disk Queue Length,0.0
1791388044,2026-10-07T23:47:24,win.PhysicalDisk(1 Q:)\Current Disk Queue Length,1.0
1791388044,2026-10-07T23:47:24,win.PhysicalDisk(_Total)\Current Disk Queue Length,1.0
1791388044,2026-10-07T23:47:24,win.Process(vmmemWSL)\% Processor Time,770.74594
1791388054,2026-10-07T23:47:34,docker.dev-peer0.org1.example.com-saksi-bulletin_1.0-ee3fe73bad456e43adfc5ba27d9e5a60983b69e8496140308fb21061ecb2ff85.cpu_pct,285.75
1791388054,2026-10-07T23:47:34,docker.dev-peer0.org1.example.com-saksi-bulletin_1.0-ee3fe73bad456e43adfc5ba27d9e5a60983b69e8496140308fb21061ecb2ff85.mem_bytes,19922944.0
1791388054,2026-10-07T23:47:34,docker.dev-peer0.org1.example.com-saksi-bulletin_1.0-ee3fe73bad456e43adfc5ba27d9e5a60983b69e8496140308fb21061ecb2ff85.blk_read_bytes,4440000.0
1791388054,2026-10-07T23:47:34,docker.dev-peer0.org1.example.com-saksi-bulletin_1.0-ee3fe73bad456e43adfc5ba27d9e5a60983b69e8496140308fb21061ecb2ff85.blk_write_bytes,0.0
1791388054,2026-10-07T23:47:34,docker.dev-peer0.org2.example.com-saksi-bulletin_1.0-ee3fe73bad456e43adfc5ba27d9e5a60983b69e8496140308fb21061ecb2ff85.cpu_pct,0.0
1791388054,2026-10-07T23:47:34,docker.dev-peer0.org2.example.com-saksi-bulletin_1.0-ee3fe73bad456e43adfc5ba27d9e5a60983b69e8496140308fb21061ecb2ff85.mem_bytes,6824132.608
1791388054,2026-10-07T23:47:34,docker.dev-peer0.org2.example.com-saksi-bulletin_1.0-ee3fe73bad456e43adfc5ba27d9e5a60983b69e8496140308fb21061ecb2ff85.blk_read_bytes,0.0
1791388054,2026-10-07T23:47:34,docker.dev-peer0.org2.example.com-saksi-bulletin_1.0-ee3fe73bad456e43adfc5ba27d9e5a60983b69e8496140308fb21061ecb2ff85.blk_write_bytes,0.0
1791388054,2026-10-07T23:47:34,docker.peer0.org1.example.com.cpu_pct,260.75
1791388054,2026-10-07T23:47:34,docker.peer0.org1.example.com.mem_bytes,384617676.8
1791388054,2026-10-07T23:47:34,docker.peer0.org1.example.com.blk_read_bytes,11500000.0
1791388054,2026-10-07T23:47:34,docker.peer0.org1.example.com.blk_write_bytes,37500000000.0
1791388054,2026-10-07T23:47:34,docker.orderer.example.com.cpu_pct,59.4
1791388054,2026-10-07T23:47:34,docker.orderer.example.com.mem_bytes,3405909065.728
1791388054,2026-10-07T23:47:34,docker.orderer.example.com.blk_read_bytes,9440000.0
1791388054,2026-10-07T23:47:34,docker.orderer.example.com.blk_write_bytes,6580000000.0
1791388054,2026-10-07T23:47:34,docker.peer0.org2.example.com.cpu_pct,92.05
1791388054,2026-10-07T23:47:34,docker.peer0.org2.example.com.mem_bytes,366162739.2
1791388054,2026-10-07T23:47:34,docker.peer0.org2.example.com.blk_read_bytes,963000.0
1791388054,2026-10-07T23:47:34,docker.peer0.org2.example.com.blk_write_bytes,37600000000.0
1791388054,2026-10-07T23:47:34,wsl.MemTotal_kb,24608408
1791388054,2026-10-07T23:47:34,wsl.MemAvailable_kb,22406044
1791388054,2026-10-07T23:47:34,wsl.SwapTotal_kb,0
1791388054,2026-10-07T23:47:34,wsl.SwapFree_kb,0
1791388054,2026-10-07T23:47:34,wsl.Dirty_kb,27060
1791388054,2026-10-07T23:47:34,wsl.load1,13.97
1791388054,2026-10-07T23:47:34,wsl.load5,14.52
1791388054,2026-10-07T23:47:34,host.c_free_bytes,39428542464
1791388054,2026-10-07T23:47:34,host.q_free_bytes,340367175680
1791388054,2026-10-07T23:47:34,host.docker_vhdx_bytes,57455673344
1791388054,2026-10-07T23:47:34,host.ubuntu_vhdx_bytes,212983611392
1791388054,2026-10-07T23:47:34,win.Processor(_Total)\% Processor Time,62.049432
1791388054,2026-10-07T23:47:34,win.Memory\Available MBytes,305.0
1791388054,2026-10-07T23:47:34,win.PhysicalDisk(0 C:)\% Disk Time,4.046009
1791388054,2026-10-07T23:47:34,win.PhysicalDisk(1 Q:)\% Disk Time,52.724866
1791388054,2026-10-07T23:47:34,win.PhysicalDisk(_Total)\% Disk Time,28.385437
1791388054,2026-10-07T23:47:34,win.PhysicalDisk(0 C:)\Current Disk Queue Length,0.0
1791388054,2026-10-07T23:47:34,win.PhysicalDisk(1 Q:)\Current Disk Queue Length,1.0
1791388054,2026-10-07T23:47:34,win.PhysicalDisk(_Total)\Current Disk Queue Length,1.0
1791388054,2026-10-07T23:47:34,win.Process(vmmemWSL)\% Processor Time,686.288193
1791388064,2026-10-07T23:47:44,docker.dev-peer0.org1.example.com-saksi-bulletin_1.0-ee3fe73bad456e43adfc5ba27d9e5a60983b69e8496140308fb21061ecb2ff85.cpu_pct,140.74
1791388064,2026-10-07T23:47:44,docker.dev-peer0.org1.example.com-saksi-bulletin_1.0-ee3fe73bad456e43adfc5ba27d9e5a60983b69e8496140308fb21061ecb2ff85.mem_bytes,20468203.52
1791388064,2026-10-07T23:47:44,docker.dev-peer0.org1.example.com-saksi-bulletin_1.0-ee3fe73bad456e43adfc5ba27d9e5a60983b69e8496140308fb21061ecb2ff85.blk_read_bytes,4440000.0
1791388064,2026-10-07T23:47:44,docker.dev-peer0.org1.example.com-saksi-bulletin_1.0-ee3fe73bad456e43adfc5ba27d9e5a60983b69e8496140308fb21061ecb2ff85.blk_write_bytes,0.0
1791388064,2026-10-07T23:47:44,docker.dev-peer0.org2.example.com-saksi-bulletin_1.0-ee3fe73bad456e43adfc5ba27d9e5a60983b69e8496140308fb21061ecb2ff85.cpu_pct,0.0
1791388064,2026-10-07T23:47:44,docker.dev-peer0.org2.example.com-saksi-bulletin_1.0-ee3fe73bad456e43adfc5ba27d9e5a60983b69e8496140308fb21061ecb2ff85.mem_bytes,6824132.608
1791388064,2026-10-07T23:47:44,docker.dev-peer0.org2.example.com-saksi-bulletin_1.0-ee3fe73bad456e43adfc5ba27d9e5a60983b69e8496140308fb21061ecb2ff85.blk_read_bytes,0.0
1791388064,2026-10-07T23:47:44,docker.dev-peer0.org2.example.com-saksi-bulletin_1.0-ee3fe73bad456e43adfc5ba27d9e5a60983b69e8496140308fb21061ecb2ff85.blk_write_bytes,0.0
1791388064,2026-10-07T23:47:44,docker.peer0.org1.example.com.cpu_pct,126.19
1791388064,2026-10-07T23:47:44,docker.peer0.org1.example.com.mem_bytes,405274624.0
1791388064,2026-10-07T23:47:44,docker.peer0.org1.example.com.blk_read_bytes,11600000.0
1791388064,2026-10-07T23:47:44,docker.peer0.org1.example.com.blk_write_bytes,38300000000.0
1791388064,2026-10-07T23:47:44,docker.orderer.example.com.cpu_pct,24.85
1791388064,2026-10-07T23:47:44,docker.orderer.example.com.mem_bytes,3556232921.088
1791388064,2026-10-07T23:47:44,docker.orderer.example.com.blk_read_bytes,9440000.0
1791388064,2026-10-07T23:47:44,docker.orderer.example.com.blk_write_bytes,6670000000.0
1791388064,2026-10-07T23:47:44,docker.peer0.org2.example.com.cpu_pct,52.81
1791388064,2026-10-07T23:47:44,docker.peer0.org2.example.com.mem_bytes,374970777.6
1791388064,2026-10-07T23:47:44,docker.peer0.org2.example.com.blk_read_bytes,983000.0
1791388064,2026-10-07T23:47:44,docker.peer0.org2.example.com.blk_write_bytes,38400000000.0
1791388064,2026-10-07T23:47:44,wsl.MemTotal_kb,24608408
1791388064,2026-10-07T23:47:44,wsl.MemAvailable_kb,22442720
1791388064,2026-10-07T23:47:44,wsl.SwapTotal_kb,0
1791388064,2026-10-07T23:47:44,wsl.SwapFree_kb,0
1791388064,2026-10-07T23:47:44,wsl.Dirty_kb,39880
1791388064,2026-10-07T23:47:44,wsl.load1,14.02
1791388064,2026-10-07T23:47:44,wsl.load5,14.52
1791388064,2026-10-07T23:47:44,host.c_free_bytes,39428218880
1791388064,2026-10-07T23:47:44,host.q_free_bytes,339394097152
1791388064,2026-10-07T23:47:44,host.docker_vhdx_bytes,58428751872
1791388064,2026-10-07T23:47:44,host.ubuntu_vhdx_bytes,212983611392
1791388064,2026-10-07T23:47:44,win.Processor(_Total)\% Processor Time,69.535526
1791388064,2026-10-07T23:47:44,win.Memory\Available MBytes,223.0
1791388064,2026-10-07T23:47:44,win.PhysicalDisk(0 C:)\% Disk Time,4.506388
1791388064,2026-10-07T23:47:44,win.PhysicalDisk(1 Q:)\% Disk Time,45.799924
1791388064,2026-10-07T23:47:44,win.PhysicalDisk(_Total)\% Disk Time,25.153156
1791388064,2026-10-07T23:47:44,win.PhysicalDisk(0 C:)\Current Disk Queue Length,0.0
1791388064,2026-10-07T23:47:44,win.PhysicalDisk(1 Q:)\Current Disk Queue Length,2.0
1791388064,2026-10-07T23:47:44,win.PhysicalDisk(_Total)\Current Disk Queue Length,2.0
1791388064,2026-10-07T23:47:44,win.Process(vmmemWSL)\% Processor Time,785.254486
1791388074,2026-10-07T23:47:54,docker.dev-peer0.org1.example.com-saksi-bulletin_1.0-ee3fe73bad456e43adfc5ba27d9e5a60983b69e8496140308fb21061ecb2ff85.cpu_pct,263.56
1791388074,2026-10-07T23:47:54,docker.dev-peer0.org1.example.com-saksi-bulletin_1.0-ee3fe73bad456e43adfc5ba27d9e5a60983b69e8496140308fb21061ecb2ff85.mem_bytes,20111687.68
1791388074,2026-10-07T23:47:54,docker.dev-peer0.org1.example.com-saksi-bulletin_1.0-ee3fe73bad456e43adfc5ba27d9e5a60983b69e8496140308fb21061ecb2ff85.blk_read_bytes,4440000.0
1791388074,2026-10-07T23:47:54,docker.dev-peer0.org1.example.com-saksi-bulletin_1.0-ee3fe73bad456e43adfc5ba27d9e5a60983b69e8496140308fb21061ecb2ff85.blk_write_bytes,0.0
1791388074,2026-10-07T23:47:54,docker.dev-peer0.org2.example.com-saksi-bulletin_1.0-ee3fe73bad456e43adfc5ba27d9e5a60983b69e8496140308fb21061ecb2ff85.cpu_pct,0.04
1791388074,2026-10-07T23:47:54,docker.dev-peer0.org2.example.com-saksi-bulletin_1.0-ee3fe73bad456e43adfc5ba27d9e5a60983b69e8496140308fb21061ecb2ff85.mem_bytes,7086276.608
1791388074,2026-10-07T23:47:54,docker.dev-peer0.org2.example.com-saksi-bulletin_1.0-ee3fe73bad456e43adfc5ba27d9e5a60983b69e8496140308fb21061ecb2ff85.blk_read_bytes,0.0
1791388074,2026-10-07T23:47:54,docker.dev-peer0.org2.example.com-saksi-bulletin_1.0-ee3fe73bad456e43adfc5ba27d9e5a60983b69e8496140308fb21061ecb2ff85.blk_write_bytes,0.0
1791388074,2026-10-07T23:47:54,docker.peer0.org1.example.com.cpu_pct,248.07
1791388074,2026-10-07T23:47:54,docker.peer0.org1.example.com.mem_bytes,400765747.2
1791388074,2026-10-07T23:47:54,docker.peer0.org1.example.com.blk_read_bytes,11600000.0
1791388074,2026-10-07T23:47:54,docker.peer0.org1.example.com.blk_write_bytes,39000000000.0
1791388074,2026-10-07T23:47:54,docker.orderer.example.com.cpu_pct,58.16
1791388074,2026-10-07T23:47:54,docker.orderer.example.com.mem_bytes,3697966841.856
1791388074,2026-10-07T23:47:54,docker.orderer.example.com.blk_read_bytes,9440000.0
1791388074,2026-10-07T23:47:54,docker.orderer.example.com.blk_write_bytes,6770000000.0
1791388074,2026-10-07T23:47:54,docker.peer0.org2.example.com.cpu_pct,97.17
1791388074,2026-10-07T23:47:54,docker.peer0.org2.example.com.mem_bytes,372663910.4
1791388074,2026-10-07T23:47:54,docker.peer0.org2.example.com.blk_read_bytes,1000000.0
1791388074,2026-10-07T23:47:54,docker.peer0.org2.example.com.blk_write_bytes,39100000000.0
1791388074,2026-10-07T23:47:54,wsl.MemTotal_kb,24608408
1791388074,2026-10-07T23:47:54,wsl.MemAvailable_kb,22366888
1791388074,2026-10-07T23:47:54,wsl.SwapTotal_kb,0
1791388074,2026-10-07T23:47:54,wsl.SwapFree_kb,0
1791388074,2026-10-07T23:47:54,wsl.Dirty_kb,13472
1791388074,2026-10-07T23:47:54,wsl.load1,12.78
1791388074,2026-10-07T23:47:54,wsl.load5,14.24
1791388074,2026-10-07T23:47:54,host.c_free_bytes,39427547136
1791388074,2026-10-07T23:47:54,host.q_free_bytes,338219692032
1791388074,2026-10-07T23:47:54,host.docker_vhdx_bytes,59603156992
1791388074,2026-10-07T23:47:54,host.ubuntu_vhdx_bytes,212983611392
1791388074,2026-10-07T23:47:54,win.Processor(_Total)\% Processor Time,63.018123
1791388074,2026-10-07T23:47:54,win.Memory\Available MBytes,257.0
1791388074,2026-10-07T23:47:54,win.PhysicalDisk(0 C:)\% Disk Time,2.20449
1791388074,2026-10-07T23:47:54,win.PhysicalDisk(1 Q:)\% Disk Time,55.751971
1791388074,2026-10-07T23:47:54,win.PhysicalDisk(_Total)\% Disk Time,28.978231
1791388074,2026-10-07T23:47:54,win.PhysicalDisk(0 C:)\Current Disk Queue Length,0.0
1791388074,2026-10-07T23:47:54,win.PhysicalDisk(1 Q:)\Current Disk Queue Length,1.0
1791388074,2026-10-07T23:47:54,win.PhysicalDisk(_Total)\Current Disk Queue Length,1.0
1791388074,2026-10-07T23:47:54,win.Process(vmmemWSL)\% Processor Time,695.37638
1791388084,2026-10-07T23:48:04,docker.dev-peer0.org1.example.com-saksi-bulletin_1.0-ee3fe73bad456e43adfc5ba27d9e5a60983b69e8496140308fb21061ecb2ff85.cpu_pct,292.2
1791388084,2026-10-07T23:48:04,docker.dev-peer0.org1.example.com-saksi-bulletin_1.0-ee3fe73bad456e43adfc5ba27d9e5a60983b69e8496140308fb21061ecb2ff85.mem_bytes,21013463.04
1791388084,2026-10-07T23:48:04,docker.dev-peer0.org1.example.com-saksi-bulletin_1.0-ee3fe73bad456e43adfc5ba27d9e5a60983b69e8496140308fb21061ecb2ff85.blk_read_bytes,4440000.0
1791388084,2026-10-07T23:48:04,docker.dev-peer0.org1.example.com-saksi-bulletin_1.0-ee3fe73bad456e43adfc5ba27d9e5a60983b69e8496140308fb21061ecb2ff85.blk_write_bytes,0.0
1791388084,2026-10-07T23:48:04,docker.dev-peer0.org2.example.com-saksi-bulletin_1.0-ee3fe73bad456e43adfc5ba27d9e5a60983b69e8496140308fb21061ecb2ff85.cpu_pct,0.0
1791388084,2026-10-07T23:48:04,docker.dev-peer0.org2.example.com-saksi-bulletin_1.0-ee3fe73bad456e43adfc5ba27d9e5a60983b69e8496140308fb21061ecb2ff85.mem_bytes,6824132.608
1791388084,2026-10-07T23:48:04,docker.dev-peer0.org2.example.com-saksi-bulletin_1.0-ee3fe73bad456e43adfc5ba27d9e5a60983b69e8496140308fb21061ecb2ff85.blk_read_bytes,0.0
1791388084,2026-10-07T23:48:04,docker.dev-peer0.org2.example.com-saksi-bulletin_1.0-ee3fe73bad456e43adfc5ba27d9e5a60983b69e8496140308fb21061ecb2ff85.blk_write_bytes,0.0
1791388084,2026-10-07T23:48:04,docker.peer0.org1.example.com.cpu_pct,268.83
1791388084,2026-10-07T23:48:04,docker.peer0.org1.example.com.mem_bytes,400765747.2
1791388084,2026-10-07T23:48:04,docker.peer0.org1.example.com.blk_read_bytes,11600000.0
1791388084,2026-10-07T23:48:04,docker.peer0.org1.example.com.blk_write_bytes,39700000000.0
1791388084,2026-10-07T23:48:04,docker.orderer.example.com.cpu_pct,56.13
1791388084,2026-10-07T23:48:04,docker.orderer.example.com.mem_bytes,3821447151.616
1791388084,2026-10-07T23:48:04,docker.orderer.example.com.blk_read_bytes,9450000.0
1791388084,2026-10-07T23:48:04,docker.orderer.example.com.blk_write_bytes,6860000000.0
1791388084,2026-10-07T23:48:04,docker.peer0.org2.example.com.cpu_pct,109.12
1791388084,2026-10-07T23:48:04,docker.peer0.org2.example.com.mem_bytes,396571443.2
1791388084,2026-10-07T23:48:04,docker.peer0.org2.example.com.blk_read_bytes,1020000.0
1791388084,2026-10-07T23:48:04,docker.peer0.org2.example.com.blk_write_bytes,39800000000.0
1791388084,2026-10-07T23:48:04,wsl.MemTotal_kb,24608408
1791388084,2026-10-07T23:48:04,wsl.MemAvailable_kb,22302124
1791388084,2026-10-07T23:48:04,wsl.SwapTotal_kb,0
1791388084,2026-10-07T23:48:04,wsl.SwapFree_kb,0
1791388084,2026-10-07T23:48:04,wsl.Dirty_kb,25608
1791388084,2026-10-07T23:48:04,wsl.load1,11.74
1791388084,2026-10-07T23:48:04,wsl.load5,13.97
1791388084,2026-10-07T23:48:04,host.c_free_bytes,39428136960
1791388084,2026-10-07T23:48:04,host.q_free_bytes,337380831232
1791388084,2026-10-07T23:48:04,host.docker_vhdx_bytes,60442017792
1791388084,2026-10-07T23:48:04,host.ubuntu_vhdx_bytes,212983611392
1791388084,2026-10-07T23:48:04,win.Processor(_Total)\% Processor Time,62.417974
1791388084,2026-10-07T23:48:04,win.Memory\Available MBytes,258.0
1791388084,2026-10-07T23:48:04,win.PhysicalDisk(0 C:)\% Disk Time,1.999254
1791388084,2026-10-07T23:48:04,win.PhysicalDisk(1 Q:)\% Disk Time,51.991681
1791388084,2026-10-07T23:48:04,win.PhysicalDisk(_Total)\% Disk Time,26.995468
1791388084,2026-10-07T23:48:04,win.PhysicalDisk(0 C:)\Current Disk Queue Length,0.0
1791388084,2026-10-07T23:48:04,win.PhysicalDisk(1 Q:)\Current Disk Queue Length,0.0
1791388084,2026-10-07T23:48:04,win.PhysicalDisk(_Total)\Current Disk Queue Length,0.0
1791388084,2026-10-07T23:48:04,win.Process(vmmemWSL)\% Processor Time,672.77091
1791388094,2026-10-07T23:48:14,docker.dev-peer0.org1.example.com-saksi-bulletin_1.0-ee3fe73bad456e43adfc5ba27d9e5a60983b69e8496140308fb21061ecb2ff85.cpu_pct,270.73
1791388094,2026-10-07T23:48:14,docker.dev-peer0.org1.example.com-saksi-bulletin_1.0-ee3fe73bad456e43adfc5ba27d9e5a60983b69e8496140308fb21061ecb2ff85.mem_bytes,20541603.84
1791388094,2026-10-07T23:48:14,docker.dev-peer0.org1.example.com-saksi-bulletin_1.0-ee3fe73bad456e43adfc5ba27d9e5a60983b69e8496140308fb21061ecb2ff85.blk_read_bytes,4440000.0
1791388094,2026-10-07T23:48:14,docker.dev-peer0.org1.example.com-saksi-bulletin_1.0-ee3fe73bad456e43adfc5ba27d9e5a60983b69e8496140308fb21061ecb2ff85.blk_write_bytes,0.0
1791388094,2026-10-07T23:48:14,docker.dev-peer0.org2.example.com-saksi-bulletin_1.0-ee3fe73bad456e43adfc5ba27d9e5a60983b69e8496140308fb21061ecb2ff85.cpu_pct,0.03
1791388094,2026-10-07T23:48:14,docker.dev-peer0.org2.example.com-saksi-bulletin_1.0-ee3fe73bad456e43adfc5ba27d9e5a60983b69e8496140308fb21061ecb2ff85.mem_bytes,6824132.608
1791388094,2026-10-07T23:48:14,docker.dev-peer0.org2.example.com-saksi-bulletin_1.0-ee3fe73bad456e43adfc5ba27d9e5a60983b69e8496140308fb21061ecb2ff85.blk_read_bytes,0.0
1791388094,2026-10-07T23:48:14,docker.dev-peer0.org2.example.com-saksi-bulletin_1.0-ee3fe73bad456e43adfc5ba27d9e5a60983b69e8496140308fb21061ecb2ff85.blk_write_bytes,0.0
1791388094,2026-10-07T23:48:14,docker.peer0.org1.example.com.cpu_pct,261.09
1791388094,2026-10-07T23:48:14,docker.peer0.org1.example.com.mem_bytes,403282329.6
1791388094,2026-10-07T23:48:14,docker.peer0.org1.example.com.blk_read_bytes,11600000.0
1791388094,2026-10-07T23:48:14,docker.peer0.org1.example.com.blk_write_bytes,40500000000.0
1791388094,2026-10-07T23:48:14,docker.orderer.example.com.cpu_pct,51.31
1791388094,2026-10-07T23:48:14,docker.orderer.example.com.mem_bytes,3983582167.04
1791388094,2026-10-07T23:48:14,docker.orderer.example.com.blk_read_bytes,9450000.0
1791388094,2026-10-07T23:48:14,docker.orderer.example.com.blk_write_bytes,6960000000.0
1791388094,2026-10-07T23:48:14,docker.peer0.org2.example.com.cpu_pct,102.8
1791388094,2026-10-07T23:48:14,docker.peer0.org2.example.com.mem_bytes,350748672.0
1791388094,2026-10-07T23:48:14,docker.peer0.org2.example.com.blk_read_bytes,1020000.0
1791388094,2026-10-07T23:48:14,docker.peer0.org2.example.com.blk_write_bytes,40600000000.0
1791388094,2026-10-07T23:48:14,wsl.MemTotal_kb,24608408
1791388094,2026-10-07T23:48:14,wsl.MemAvailable_kb,22234236
1791388094,2026-10-07T23:48:14,wsl.SwapTotal_kb,0
1791388094,2026-10-07T23:48:14,wsl.SwapFree_kb,0
1791388094,2026-10-07T23:48:14,wsl.Dirty_kb,39000
1791388094,2026-10-07T23:48:14,wsl.load1,10.94
1791388094,2026-10-07T23:48:14,wsl.load5,13.72
1791388094,2026-10-07T23:48:14,host.c_free_bytes,39427620864
1791388094,2026-10-07T23:48:14,host.q_free_bytes,336642633728
1791388094,2026-10-07T23:48:14,host.docker_vhdx_bytes,61180215296
1791388094,2026-10-07T23:48:14,host.ubuntu_vhdx_bytes,212983611392
1791388094,2026-10-07T23:48:14,win.Processor(_Total)\% Processor Time,67.422941
1791388094,2026-10-07T23:48:14,win.Memory\Available MBytes,224.0
1791388094,2026-10-07T23:48:14,win.PhysicalDisk(0 C:)\% Disk Time,1.505536
1791388094,2026-10-07T23:48:14,win.PhysicalDisk(1 Q:)\% Disk Time,49.252223
1791388094,2026-10-07T23:48:14,win.PhysicalDisk(_Total)\% Disk Time,25.378879
1791388094,2026-10-07T23:48:14,win.PhysicalDisk(0 C:)\Current Disk Queue Length,0.0
1791388094,2026-10-07T23:48:14,win.PhysicalDisk(1 Q:)\Current Disk Queue Length,1.0
1791388094,2026-10-07T23:48:14,win.PhysicalDisk(_Total)\Current Disk Queue Length,1.0
1791388094,2026-10-07T23:48:14,win.Process(vmmemWSL)\% Processor Time,747.204608
1791388104,2026-10-07T23:48:24,docker.dev-peer0.org1.example.com-saksi-bulletin_1.0-ee3fe73bad456e43adfc5ba27d9e5a60983b69e8496140308fb21061ecb2ff85.cpu_pct,260.46
1791388104,2026-10-07T23:48:24,docker.dev-peer0.org1.example.com-saksi-bulletin_1.0-ee3fe73bad456e43adfc5ba27d9e5a60983b69e8496140308fb21061ecb2ff85.mem_bytes,20929576.96
1791388104,2026-10-07T23:48:24,docker.dev-peer0.org1.example.com-saksi-bulletin_1.0-ee3fe73bad456e43adfc5ba27d9e5a60983b69e8496140308fb21061ecb2ff85.blk_read_bytes,4440000.0
1791388104,2026-10-07T23:48:24,docker.dev-peer0.org1.example.com-saksi-bulletin_1.0-ee3fe73bad456e43adfc5ba27d9e5a60983b69e8496140308fb21061ecb2ff85.blk_write_bytes,0.0
1791388104,2026-10-07T23:48:24,docker.dev-peer0.org2.example.com-saksi-bulletin_1.0-ee3fe73bad456e43adfc5ba27d9e5a60983b69e8496140308fb21061ecb2ff85.cpu_pct,0.0
1791388104,2026-10-07T23:48:24,docker.dev-peer0.org2.example.com-saksi-bulletin_1.0-ee3fe73bad456e43adfc5ba27d9e5a60983b69e8496140308fb21061ecb2ff85.mem_bytes,6824132.608
1791388104,2026-10-07T23:48:24,docker.dev-peer0.org2.example.com-saksi-bulletin_1.0-ee3fe73bad456e43adfc5ba27d9e5a60983b69e8496140308fb21061ecb2ff85.blk_read_bytes,0.0
1791388104,2026-10-07T23:48:24,docker.dev-peer0.org2.example.com-saksi-bulletin_1.0-ee3fe73bad456e43adfc5ba27d9e5a60983b69e8496140308fb21061ecb2ff85.blk_write_bytes,0.0
1791388104,2026-10-07T23:48:24,docker.peer0.org1.example.com.cpu_pct,277.14
1791388104,2026-10-07T23:48:24,docker.peer0.org1.example.com.mem_bytes,414816665.6
1791388104,2026-10-07T23:48:24,docker.peer0.org1.example.com.blk_read_bytes,11600000.0
1791388104,2026-10-07T23:48:24,docker.peer0.org1.example.com.blk_write_bytes,41200000000.0
1791388104,2026-10-07T23:48:24,docker.orderer.example.com.cpu_pct,53.81
1791388104,2026-10-07T23:48:24,docker.orderer.example.com.mem_bytes,4112431185.92
1791388104,2026-10-07T23:48:24,docker.orderer.example.com.blk_read_bytes,9450000.0
1791388104,2026-10-07T23:48:24,docker.orderer.example.com.blk_write_bytes,7050000000.0
1791388104,2026-10-07T23:48:24,docker.peer0.org2.example.com.cpu_pct,121.38
1791388104,2026-10-07T23:48:24,docker.peer0.org2.example.com.mem_bytes,394264576.0
1791388104,2026-10-07T23:48:24,docker.peer0.org2.example.com.blk_read_bytes,1040000.0
1791388104,2026-10-07T23:48:24,docker.peer0.org2.example.com.blk_write_bytes,41300000000.0
1791388104,2026-10-07T23:48:24,wsl.MemTotal_kb,24608408
1791388104,2026-10-07T23:48:24,wsl.MemAvailable_kb,22083892
1791388104,2026-10-07T23:48:24,wsl.SwapTotal_kb,0
1791388104,2026-10-07T23:48:24,wsl.SwapFree_kb,0
1791388104,2026-10-07T23:48:24,wsl.Dirty_kb,12824
1791388104,2026-10-07T23:48:24,wsl.load1,12.85
1791388104,2026-10-07T23:48:24,wsl.load5,14.05
1791388104,2026-10-07T23:48:24,host.c_free_bytes,39428825088
1791388104,2026-10-07T23:48:24,host.q_free_bytes,335703109632
1791388104,2026-10-07T23:48:24,host.docker_vhdx_bytes,62119739392
1791388104,2026-10-07T23:48:24,host.ubuntu_vhdx_bytes,212983611392
1791388104,2026-10-07T23:48:24,win.Processor(_Total)\% Processor Time,62.157489
1791388104,2026-10-07T23:48:24,win.Memory\Available MBytes,231.0
1791388104,2026-10-07T23:48:24,win.PhysicalDisk(0 C:)\% Disk Time,2.030141
1791388104,2026-10-07T23:48:24,win.PhysicalDisk(1 Q:)\% Disk Time,50.374672
1791388104,2026-10-07T23:48:24,win.PhysicalDisk(_Total)\% Disk Time,26.202407
1791388104,2026-10-07T23:48:24,win.PhysicalDisk(0 C:)\Current Disk Queue Length,0.0
1791388104,2026-10-07T23:48:24,win.PhysicalDisk(1 Q:)\Current Disk Queue Length,0.0
1791388104,2026-10-07T23:48:24,win.PhysicalDisk(_Total)\Current Disk Queue Length,0.0
1791388104,2026-10-07T23:48:24,win.Process(vmmemWSL)\% Processor Time,690.394118
1791388114,2026-10-07T23:48:34,docker.dev-peer0.org1.example.com-saksi-bulletin_1.0-ee3fe73bad456e43adfc5ba27d9e5a60983b69e8496140308fb21061ecb2ff85.cpu_pct,270.78
1791388114,2026-10-07T23:48:34,docker.dev-peer0.org1.example.com-saksi-bulletin_1.0-ee3fe73bad456e43adfc5ba27d9e5a60983b69e8496140308fb21061ecb2ff85.mem_bytes,20971520.0
1791388114,2026-10-07T23:48:34,docker.dev-peer0.org1.example.com-saksi-bulletin_1.0-ee3fe73bad456e43adfc5ba27d9e5a60983b69e8496140308fb21061ecb2ff85.blk_read_bytes,4440000.0
1791388114,2026-10-07T23:48:34,docker.dev-peer0.org1.example.com-saksi-bulletin_1.0-ee3fe73bad456e43adfc5ba27d9e5a60983b69e8496140308fb21061ecb2ff85.blk_write_bytes,0.0
1791388114,2026-10-07T23:48:34,docker.dev-peer0.org2.example.com-saksi-bulletin_1.0-ee3fe73bad456e43adfc5ba27d9e5a60983b69e8496140308fb21061ecb2ff85.cpu_pct,0.0
1791388114,2026-10-07T23:48:34,docker.dev-peer0.org2.example.com-saksi-bulletin_1.0-ee3fe73bad456e43adfc5ba27d9e5a60983b69e8496140308fb21061ecb2ff85.mem_bytes,6824132.608
1791388114,2026-10-07T23:48:34,docker.dev-peer0.org2.example.com-saksi-bulletin_1.0-ee3fe73bad456e43adfc5ba27d9e5a60983b69e8496140308fb21061ecb2ff85.blk_read_bytes,0.0
1791388114,2026-10-07T23:48:34,docker.dev-peer0.org2.example.com-saksi-bulletin_1.0-ee3fe73bad456e43adfc5ba27d9e5a60983b69e8496140308fb21061ecb2ff85.blk_write_bytes,0.0
1791388114,2026-10-07T23:48:34,docker.peer0.org1.example.com.cpu_pct,264.51
1791388114,2026-10-07T23:48:34,docker.peer0.org1.example.com.mem_bytes,404960051.2
1791388114,2026-10-07T23:48:34,docker.peer0.org1.example.com.blk_read_bytes,11700000.0
1791388114,2026-10-07T23:48:34,docker.peer0.org1.example.com.blk_write_bytes,41900000000.0
1791388114,2026-10-07T23:48:34,docker.orderer.example.com.cpu_pct,58.51
1791388114,2026-10-07T23:48:34,docker.orderer.example.com.mem_bytes,3715146711.04
1791388114,2026-10-07T23:48:34,docker.orderer.example.com.blk_read_bytes,9450000.0
1791388114,2026-10-07T23:48:34,docker.orderer.example.com.blk_write_bytes,7150000000.0
1791388114,2026-10-07T23:48:34,docker.peer0.org2.example.com.cpu_pct,112.67
1791388114,2026-10-07T23:48:34,docker.peer0.org2.example.com.mem_bytes,374027059.2
1791388114,2026-10-07T23:48:34,docker.peer0.org2.example.com.blk_read_bytes,1050000.0
1791388114,2026-10-07T23:48:34,docker.peer0.org2.example.com.blk_write_bytes,42000000000.0
1791388114,2026-10-07T23:48:34,wsl.MemTotal_kb,24608408
1791388114,2026-10-07T23:48:34,wsl.MemAvailable_kb,22379584
1791388114,2026-10-07T23:48:34,wsl.SwapTotal_kb,0
1791388114,2026-10-07T23:48:34,wsl.SwapFree_kb,0
1791388114,2026-10-07T23:48:34,wsl.Dirty_kb,26444
1791388114,2026-10-07T23:48:34,wsl.load1,14.95
1791388114,2026-10-07T23:48:34,wsl.load5,14.46
1791388114,2026-10-07T23:48:34,host.c_free_bytes,39428194304
1791388114,2026-10-07T23:48:34,host.q_free_bytes,334931357696
1791388114,2026-10-07T23:48:34,host.docker_vhdx_bytes,62891491328
1791388114,2026-10-07T23:48:34,host.ubuntu_vhdx_bytes,212983611392
1791388114,2026-10-07T23:48:34,win.Processor(_Total)\% Processor Time,69.036419
1791388114,2026-10-07T23:48:34,win.Memory\Available MBytes,255.0
1791388114,2026-10-07T23:48:34,win.PhysicalDisk(0 C:)\% Disk Time,2.417223
1791388114,2026-10-07T23:48:34,win.PhysicalDisk(1 Q:)\% Disk Time,46.356449
1791388114,2026-10-07T23:48:34,win.PhysicalDisk(_Total)\% Disk Time,24.386836
1791388114,2026-10-07T23:48:34,win.PhysicalDisk(0 C:)\Current Disk Queue Length,0.0
1791388114,2026-10-07T23:48:34,win.PhysicalDisk(1 Q:)\Current Disk Queue Length,1.0
1791388114,2026-10-07T23:48:34,win.PhysicalDisk(_Total)\Current Disk Queue Length,1.0
1791388114,2026-10-07T23:48:34,win.Process(vmmemWSL)\% Processor Time,771.290622
1791388124,2026-10-07T23:48:44,docker.dev-peer0.org1.example.com-saksi-bulletin_1.0-ee3fe73bad456e43adfc5ba27d9e5a60983b69e8496140308fb21061ecb2ff85.cpu_pct,236.64
1791388124,2026-10-07T23:48:44,docker.dev-peer0.org1.example.com-saksi-bulletin_1.0-ee3fe73bad456e43adfc5ba27d9e5a60983b69e8496140308fb21061ecb2ff85.mem_bytes,20803747.84
1791388124,2026-10-07T23:48:44,docker.dev-peer0.org1.example.com-saksi-bulletin_1.0-ee3fe73bad456e43adfc5ba27d9e5a60983b69e8496140308fb21061ecb2ff85.blk_read_bytes,4440000.0
1791388124,2026-10-07T23:48:44,docker.dev-peer0.org1.example.com-saksi-bulletin_1.0-ee3fe73bad456e43adfc5ba27d9e5a60983b69e8496140308fb21061ecb2ff85.blk_write_bytes,0.0
1791388124,2026-10-07T23:48:44,docker.dev-peer0.org2.example.com-saksi-bulletin_1.0-ee3fe73bad456e43adfc5ba27d9e5a60983b69e8496140308fb21061ecb2ff85.cpu_pct,0.0
1791388124,2026-10-07T23:48:44,docker.dev-peer0.org2.example.com-saksi-bulletin_1.0-ee3fe73bad456e43adfc5ba27d9e5a60983b69e8496140308fb21061ecb2ff85.mem_bytes,6824132.608
1791388124,2026-10-07T23:48:44,docker.dev-peer0.org2.example.com-saksi-bulletin_1.0-ee3fe73bad456e43adfc5ba27d9e5a60983b69e8496140308fb21061ecb2ff85.blk_read_bytes,0.0
1791388124,2026-10-07T23:48:44,docker.dev-peer0.org2.example.com-saksi-bulletin_1.0-ee3fe73bad456e43adfc5ba27d9e5a60983b69e8496140308fb21061ecb2ff85.blk_write_bytes,0.0
1791388124,2026-10-07T23:48:44,docker.peer0.org1.example.com.cpu_pct,267.34
1791388124,2026-10-07T23:48:44,docker.peer0.org1.example.com.mem_bytes,424778137.6
1791388124,2026-10-07T23:48:44,docker.peer0.org1.example.com.blk_read_bytes,11700000.0
1791388124,2026-10-07T23:48:44,docker.peer0.org1.example.com.blk_write_bytes,42700000000.0
1791388124,2026-10-07T23:48:44,docker.orderer.example.com.cpu_pct,47.16
1791388124,2026-10-07T23:48:44,docker.orderer.example.com.mem_bytes,3871913017.344
1791388124,2026-10-07T23:48:44,docker.orderer.example.com.blk_read_bytes,9460000.0
1791388124,2026-10-07T23:48:44,docker.orderer.example.com.blk_write_bytes,7250000000.0
1791388124,2026-10-07T23:48:44,docker.peer0.org2.example.com.cpu_pct,127.39
1791388124,2026-10-07T23:48:44,docker.peer0.org2.example.com.mem_bytes,386609971.2
1791388124,2026-10-07T23:48:44,docker.peer0.org2.example.com.blk_read_bytes,1070000.0
1791388124,2026-10-07T23:48:44,docker.peer0.org2.example.com.blk_write_bytes,42800000000.0
1791388124,2026-10-07T23:48:44,wsl.MemTotal_kb,24608408
1791388124,2026-10-07T23:48:44,wsl.MemAvailable_kb,22420408
1791388124,2026-10-07T23:48:44,wsl.SwapTotal_kb,0
1791388124,2026-10-07T23:48:44,wsl.SwapFree_kb,0
1791388124,2026-10-07T23:48:44,wsl.Dirty_kb,37744
1791388124,2026-10-07T23:48:44,wsl.load1,14.24
1791388124,2026-10-07T23:48:44,wsl.load5,14.33
1791388124,2026-10-07T23:48:44,host.c_free_bytes,39428583424
1791388124,2026-10-07T23:48:44,host.q_free_bytes,333924724736
1791388124,2026-10-07T23:48:44,host.docker_vhdx_bytes,63898124288
1791388124,2026-10-07T23:48:44,host.ubuntu_vhdx_bytes,212983611392
1791388124,2026-10-07T23:48:44,win.Processor(_Total)\% Processor Time,62.646457
1791388124,2026-10-07T23:48:44,win.Memory\Available MBytes,221.0
1791388124,2026-10-07T23:48:44,win.PhysicalDisk(0 C:)\% Disk Time,2.38293
1791388124,2026-10-07T23:48:44,win.PhysicalDisk(1 Q:)\% Disk Time,46.43889
1791388124,2026-10-07T23:48:44,win.PhysicalDisk(_Total)\% Disk Time,24.410911
1791388124,2026-10-07T23:48:44,win.PhysicalDisk(0 C:)\Current Disk Queue Length,0.0
1791388124,2026-10-07T23:48:44,win.PhysicalDisk(1 Q:)\Current Disk Queue Length,1.0
1791388124,2026-10-07T23:48:44,win.PhysicalDisk(_Total)\Current Disk Queue Length,1.0
1791388124,2026-10-07T23:48:44,win.Process(vmmemWSL)\% Processor Time,696.720126
1791388134,2026-10-07T23:48:54,docker.dev-peer0.org1.example.com-saksi-bulletin_1.0-ee3fe73bad456e43adfc5ba27d9e5a60983b69e8496140308fb21061ecb2ff85.cpu_pct,268.94
1791388134,2026-10-07T23:48:54,docker.dev-peer0.org1.example.com-saksi-bulletin_1.0-ee3fe73bad456e43adfc5ba27d9e5a60983b69e8496140308fb21061ecb2ff85.mem_bytes,21055406.08
1791388134,2026-10-07T23:48:54,docker.dev-peer0.org1.example.com-saksi-bulletin_1.0-ee3fe73bad456e43adfc5ba27d9e5a60983b69e8496140308fb21061ecb2ff85.blk_read_bytes,4440000.0
1791388134,2026-10-07T23:48:54,docker.dev-peer0.org1.example.com-saksi-bulletin_1.0-ee3fe73bad456e43adfc5ba27d9e5a60983b69e8496140308fb21061ecb2ff85.blk_write_bytes,0.0
1791388134,2026-10-07T23:48:54,docker.dev-peer0.org2.example.com-saksi-bulletin_1.0-ee3fe73bad456e43adfc5ba27d9e5a60983b69e8496140308fb21061ecb2ff85.cpu_pct,0.47
1791388134,2026-10-07T23:48:54,docker.dev-peer0.org2.example.com-saksi-bulletin_1.0-ee3fe73bad456e43adfc5ba27d9e5a60983b69e8496140308fb21061ecb2ff85.mem_bytes,7077888.0
1791388134,2026-10-07T23:48:54,docker.dev-peer0.org2.example.com-saksi-bulletin_1.0-ee3fe73bad456e43adfc5ba27d9e5a60983b69e8496140308fb21061ecb2ff85.blk_read_bytes,0.0
1791388134,2026-10-07T23:48:54,docker.dev-peer0.org2.example.com-saksi-bulletin_1.0-ee3fe73bad456e43adfc5ba27d9e5a60983b69e8496140308fb21061ecb2ff85.blk_write_bytes,0.0
1791388134,2026-10-07T23:48:54,docker.peer0.org1.example.com.cpu_pct,257.42
1791388134,2026-10-07T23:48:54,docker.peer0.org1.example.com.mem_bytes,381996236.8
1791388134,2026-10-07T23:48:54,docker.peer0.org1.example.com.blk_read_bytes,11700000.0
1791388134,2026-10-07T23:48:54,docker.peer0.org1.example.com.blk_write_bytes,43400000000.0
1791388134,2026-10-07T23:48:54,docker.orderer.example.com.cpu_pct,56.52
1791388134,2026-10-07T23:48:54,docker.orderer.example.com.mem_bytes,4007204487.168
1791388134,2026-10-07T23:48:54,docker.orderer.example.com.blk_read_bytes,9460000.0
1791388134,2026-10-07T23:48:54,docker.orderer.example.com.blk_write_bytes,7340000000.0
1791388134,2026-10-07T23:48:54,docker.peer0.org2.example.com.cpu_pct,97.15
1791388134,2026-10-07T23:48:54,docker.peer0.org2.example.com.mem_bytes,363331584.0
1791388134,2026-10-07T23:48:54,docker.peer0.org2.example.com.blk_read_bytes,1080000.0
1791388134,2026-10-07T23:48:54,docker.peer0.org2.example.com.blk_write_bytes,43500000000.0
1791388134,2026-10-07T23:48:54,wsl.MemTotal_kb,24608408
1791388134,2026-10-07T23:48:54,wsl.MemAvailable_kb,22364464
1791388134,2026-10-07T23:48:54,wsl.SwapTotal_kb,0
1791388134,2026-10-07T23:48:54,wsl.SwapFree_kb,0
1791388134,2026-10-07T23:48:54,wsl.Dirty_kb,14472
1791388134,2026-10-07T23:48:54,wsl.load1,14.33
1791388134,2026-10-07T23:48:54,wsl.load5,14.33
1791388134,2026-10-07T23:48:54,host.c_free_bytes,39428177920
1791388134,2026-10-07T23:48:54,host.q_free_bytes,333354299392
1791388134,2026-10-07T23:48:54,host.docker_vhdx_bytes,64468549632
1791388134,2026-10-07T23:48:54,host.ubuntu_vhdx_bytes,212983611392
1791388134,2026-10-07T23:48:54,win.Processor(_Total)\% Processor Time,66.575862
1791388134,2026-10-07T23:48:54,win.Memory\Available MBytes,272.0
1791388134,2026-10-07T23:48:54,win.PhysicalDisk(0 C:)\% Disk Time,28.43641
1791388134,2026-10-07T23:48:54,win.PhysicalDisk(1 Q:)\% Disk Time,36.376558
1791388134,2026-10-07T23:48:54,win.PhysicalDisk(_Total)\% Disk Time,32.406484
1791388134,2026-10-07T23:48:54,win.PhysicalDisk(0 C:)\Current Disk Queue Length,0.0
1791388134,2026-10-07T23:48:54,win.PhysicalDisk(1 Q:)\Current Disk Queue Length,1.0
1791388134,2026-10-07T23:48:54,win.PhysicalDisk(_Total)\Current Disk Queue Length,1.0
1791388134,2026-10-07T23:48:54,win.Process(vmmemWSL)\% Processor Time,738.781636
1791388144,2026-10-07T23:49:04,docker.dev-peer0.org1.example.com-saksi-bulletin_1.0-ee3fe73bad456e43adfc5ba27d9e5a60983b69e8496140308fb21061ecb2ff85.cpu_pct,159.16
1791388144,2026-10-07T23:49:04,docker.dev-peer0.org1.example.com-saksi-bulletin_1.0-ee3fe73bad456e43adfc5ba27d9e5a60983b69e8496140308fb21061ecb2ff85.mem_bytes,21149777.92
1791388144,2026-10-07T23:49:04,docker.dev-peer0.org1.example.com-saksi-bulletin_1.0-ee3fe73bad456e43adfc5ba27d9e5a60983b69e8496140308fb21061ecb2ff85.blk_read_bytes,4440000.0
1791388144,2026-10-07T23:49:04,docker.dev-peer0.org1.example.com-saksi-bulletin_1.0-ee3fe73bad456e43adfc5ba27d9e5a60983b69e8496140308fb21061ecb2ff85.blk_write_bytes,0.0
1791388144,2026-10-07T23:49:04,docker.dev-peer0.org2.example.com-saksi-bulletin_1.0-ee3fe73bad456e43adfc5ba27d9e5a60983b69e8496140308fb21061ecb2ff85.cpu_pct,0.0
1791388144,2026-10-07T23:49:04,docker.dev-peer0.org2.example.com-saksi-bulletin_1.0-ee3fe73bad456e43adfc5ba27d9e5a60983b69e8496140308fb21061ecb2ff85.mem_bytes,6852444.16
1791388144,2026-10-07T23:49:04,docker.dev-peer0.org2.example.com-saksi-bulletin_1.0-ee3fe73bad456e43adfc5ba27d9e5a60983b69e8496140308fb21061ecb2ff85.blk_read_bytes,0.0
1791388144,2026-10-07T23:49:04,docker.dev-peer0.org2.example.com-saksi-bulletin_1.0-ee3fe73bad456e43adfc5ba27d9e5a60983b69e8496140308fb21061ecb2ff85.blk_write_bytes,0.0
1791388144,2026-10-07T23:49:04,docker.peer0.org1.example.com.cpu_pct,128.59
1791388144,2026-10-07T23:49:04,docker.peer0.org1.example.com.mem_bytes,416389529.6
1791388144,2026-10-07T23:49:04,docker.peer0.org1.example.com.blk_read_bytes,11700000.0
1791388144,2026-10-07T23:49:04,docker.peer0.org1.example.com.blk_write_bytes,44100000000.0
1791388144,2026-10-07T23:49:04,docker.orderer.example.com.cpu_pct,30.46
1791388144,2026-10-07T23:49:04,docker.orderer.example.com.mem_bytes,4144643440.64
1791388144,2026-10-07T23:49:04,docker.orderer.example.com.blk_read_bytes,9460000.0
1791388144,2026-10-07T23:49:04,docker.orderer.example.com.blk_write_bytes,7440000000.0
1791388144,2026-10-07T23:49:04,docker.peer0.org2.example.com.cpu_pct,53.17
1791388144,2026-10-07T23:49:04,docker.peer0.org2.example.com.mem_bytes,392481996.8
1791388144,2026-10-07T23:49:04,docker.peer0.org2.example.com.blk_read_bytes,1090000.0
1791388144,2026-10-07T23:49:04,docker.peer0.org2.example.com.blk_write_bytes,44200000000.0
1791388144,2026-10-07T23:49:04,wsl.MemTotal_kb,24608408
1791388144,2026-10-07T23:49:04,wsl.MemAvailable_kb,22238640
1791388144,2026-10-07T23:49:04,wsl.SwapTotal_kb,0
1791388144,2026-10-07T23:49:04,wsl.SwapFree_kb,0
1791388144,2026-10-07T23:49:04,wsl.Dirty_kb,25536
1791388144,2026-10-07T23:49:04,wsl.load1,14.81
1791388144,2026-10-07T23:49:04,wsl.load5,14.42
1791388144,2026-10-07T23:49:04,host.c_free_bytes,39427616768
1791388144,2026-10-07T23:49:04,host.q_free_bytes,332649656320
1791388144,2026-10-07T23:49:04,host.docker_vhdx_bytes,65173192704
1791388144,2026-10-07T23:49:04,host.ubuntu_vhdx_bytes,212983611392
1791388144,2026-10-07T23:49:04,win.Processor(_Total)\% Processor Time,63.780635
1791388144,2026-10-07T23:49:04,win.Memory\Available MBytes,274.0
1791388144,2026-10-07T23:49:04,win.PhysicalDisk(0 C:)\% Disk Time,1.682729
1791388144,2026-10-07T23:49:04,win.PhysicalDisk(1 Q:)\% Disk Time,49.131038
1791388144,2026-10-07T23:49:04,win.PhysicalDisk(_Total)\% Disk Time,25.406884
1791388144,2026-10-07T23:49:04,win.PhysicalDisk(0 C:)\Current Disk Queue Length,0.0
1791388144,2026-10-07T23:49:04,win.PhysicalDisk(1 Q:)\Current Disk Queue Length,1.0
1791388144,2026-10-07T23:49:04,win.PhysicalDisk(_Total)\Current Disk Queue Length,1.0
1791388144,2026-10-07T23:49:04,win.Process(vmmemWSL)\% Processor Time,717.049762
1791388154,2026-10-07T23:49:14,docker.dev-peer0.org1.example.com-saksi-bulletin_1.0-ee3fe73bad456e43adfc5ba27d9e5a60983b69e8496140308fb21061ecb2ff85.cpu_pct,280.06
1791388154,2026-10-07T23:49:14,docker.dev-peer0.org1.example.com-saksi-bulletin_1.0-ee3fe73bad456e43adfc5ba27d9e5a60983b69e8496140308fb21061ecb2ff85.mem_bytes,19272826.88
1791388154,2026-10-07T23:49:14,docker.dev-peer0.org1.example.com-saksi-bulletin_1.0-ee3fe73bad456e43adfc5ba27d9e5a60983b69e8496140308fb21061ecb2ff85.blk_read_bytes,4440000.0
1791388154,2026-10-07T23:49:14,docker.dev-peer0.org1.example.com-saksi-bulletin_1.0-ee3fe73bad456e43adfc5ba27d9e5a60983b69e8496140308fb21061ecb2ff85.blk_write_bytes,0.0
1791388154,2026-10-07T23:49:14,docker.dev-peer0.org2.example.com-saksi-bulletin_1.0-ee3fe73bad456e43adfc5ba27d9e5a60983b69e8496140308fb21061ecb2ff85.cpu_pct,0.12
1791388154,2026-10-07T23:49:14,docker.dev-peer0.org2.example.com-saksi-bulletin_1.0-ee3fe73bad456e43adfc5ba27d9e5a60983b69e8496140308fb21061ecb2ff85.mem_bytes,6770655.232
1791388154,2026-10-07T23:49:14,docker.dev-peer0.org2.example.com-saksi-bulletin_1.0-ee3fe73bad456e43adfc5ba27d9e5a60983b69e8496140308fb21061ecb2ff85.blk_read_bytes,0.0
1791388154,2026-10-07T23:49:14,docker.dev-peer0.org2.example.com-saksi-bulletin_1.0-ee3fe73bad456e43adfc5ba27d9e5a60983b69e8496140308fb21061ecb2ff85.blk_write_bytes,0.0
1791388154,2026-10-07T23:49:14,docker.peer0.org1.example.com.cpu_pct,248.67
1791388154,2026-10-07T23:49:14,docker.peer0.org1.example.com.mem_bytes,396466585.6
1791388154,2026-10-07T23:49:14,docker.peer0.org1.example.com.blk_read_bytes,11800000.0
1791388154,2026-10-07T23:49:14,docker.peer0.org1.example.com.blk_write_bytes,44800000000.0
1791388154,2026-10-07T23:49:14,docker.orderer.example.com.cpu_pct,52.27
1791388154,2026-10-07T23:49:14,docker.orderer.example.com.mem_bytes,4293893554.176
1791388154,2026-10-07T23:49:14,docker.orderer.example.com.blk_read_bytes,9470000.0
1791388154,2026-10-07T23:49:14,docker.orderer.example.com.blk_write_bytes,7540000000.0
1791388154,2026-10-07T23:49:14,docker.peer0.org2.example.com.cpu_pct,101.79
1791388154,2026-10-07T23:49:14,docker.peer0.org2.example.com.mem_bytes,361339289.6
1791388154,2026-10-07T23:49:14,docker.peer0.org2.example.com.blk_read_bytes,1090000.0
1791388154,2026-10-07T23:49:14,docker.peer0.org2.example.com.blk_write_bytes,44900000000.0
1791388154,2026-10-07T23:49:14,wsl.MemTotal_kb,24608408
1791388154,2026-10-07T23:49:14,wsl.MemAvailable_kb,22217040
1791388154,2026-10-07T23:49:14,wsl.SwapTotal_kb,0
1791388154,2026-10-07T23:49:14,wsl.SwapFree_kb,0
1791388154,2026-10-07T23:49:14,wsl.Dirty_kb,37976
1791388154,2026-10-07T23:49:14,wsl.load1,14.06
1791388154,2026-10-07T23:49:14,wsl.load5,14.28
1791388154,2026-10-07T23:49:14,host.c_free_bytes,39427108864
1791388154,2026-10-07T23:49:14,host.q_free_bytes,331777241088
1791388154,2026-10-07T23:49:14,host.docker_vhdx_bytes,66045607936
1791388154,2026-10-07T23:49:14,host.ubuntu_vhdx_bytes,212983611392
1791388154,2026-10-07T23:49:14,win.Processor(_Total)\% Processor Time,68.065955
1791388154,2026-10-07T23:49:14,win.Memory\Available MBytes,210.0
1791388154,2026-10-07T23:49:14,win.PhysicalDisk(0 C:)\% Disk Time,0.867414
1791388154,2026-10-07T23:49:14,win.PhysicalDisk(1 Q:)\% Disk Time,49.549733
1791388154,2026-10-07T23:49:14,win.PhysicalDisk(_Total)\% Disk Time,25.208573
1791388154,2026-10-07T23:49:14,win.PhysicalDisk(0 C:)\Current Disk Queue Length,0.0
1791388154,2026-10-07T23:49:14,win.PhysicalDisk(1 Q:)\Current Disk Queue Length,3.0
1791388154,2026-10-07T23:49:14,win.PhysicalDisk(_Total)\Current Disk Queue Length,3.0
1791388154,2026-10-07T23:49:14,win.Process(vmmemWSL)\% Processor Time,751.912258
1791388165,2026-10-07T23:49:24,docker.dev-peer0.org1.example.com-saksi-bulletin_1.0-ee3fe73bad456e43adfc5ba27d9e5a60983b69e8496140308fb21061ecb2ff85.cpu_pct,292.09
1791388165,2026-10-07T23:49:24,docker.dev-peer0.org1.example.com-saksi-bulletin_1.0-ee3fe73bad456e43adfc5ba27d9e5a60983b69e8496140308fb21061ecb2ff85.mem_bytes,19912458.24
1791388165,2026-10-07T23:49:24,docker.dev-peer0.org1.example.com-saksi-bulletin_1.0-ee3fe73bad456e43adfc5ba27d9e5a60983b69e8496140308fb21061ecb2ff85.blk_read_bytes,4440000.0
1791388165,2026-10-07T23:49:24,docker.dev-peer0.org1.example.com-saksi-bulletin_1.0-ee3fe73bad456e43adfc5ba27d9e5a60983b69e8496140308fb21061ecb2ff85.blk_write_bytes,0.0
1791388165,2026-10-07T23:49:24,docker.dev-peer0.org2.example.com-saksi-bulletin_1.0-ee3fe73bad456e43adfc5ba27d9e5a60983b69e8496140308fb21061ecb2ff85.cpu_pct,0.0
1791388165,2026-10-07T23:49:24,docker.dev-peer0.org2.example.com-saksi-bulletin_1.0-ee3fe73bad456e43adfc5ba27d9e5a60983b69e8496140308fb21061ecb2ff85.mem_bytes,6770655.232
1791388165,2026-10-07T23:49:24,docker.dev-peer0.org2.example.com-saksi-bulletin_1.0-ee3fe73bad456e43adfc5ba27d9e5a60983b69e8496140308fb21061ecb2ff85.blk_read_bytes,0.0
1791388165,2026-10-07T23:49:24,docker.dev-peer0.org2.example.com-saksi-bulletin_1.0-ee3fe73bad456e43adfc5ba27d9e5a60983b69e8496140308fb21061ecb2ff85.blk_write_bytes,0.0
1791388165,2026-10-07T23:49:24,docker.peer0.org1.example.com.cpu_pct,281.35
1791388165,2026-10-07T23:49:24,docker.peer0.org1.example.com.mem_bytes,413663232.0
1791388165,2026-10-07T23:49:24,docker.peer0.org1.example.com.blk_read_bytes,11800000.0
1791388165,2026-10-07T23:49:24,docker.peer0.org1.example.com.blk_write_bytes,45700000000.0
1791388165,2026-10-07T23:49:24,docker.orderer.example.com.cpu_pct,59.78
1791388165,2026-10-07T23:49:24,docker.orderer.example.com.mem_bytes,4433479991.296
1791388165,2026-10-07T23:49:24,docker.orderer.example.com.blk_read_bytes,9470000.0
1791388165,2026-10-07T23:49:24,docker.orderer.example.com.blk_write_bytes,7640000000.0
1791388165,2026-10-07T23:49:24,docker.peer0.org2.example.com.cpu_pct,128.13
1791388165,2026-10-07T23:49:24,docker.peer0.org2.example.com.mem_bytes,387763404.8
1791388165,2026-10-07T23:49:24,docker.peer0.org2.example.com.blk_read_bytes,1100000.0
1791388165,2026-10-07T23:49:24,docker.peer0.org2.example.com.blk_write_bytes,45800000000.0
1791388165,2026-10-07T23:49:24,wsl.MemTotal_kb,24608408
1791388165,2026-10-07T23:49:24,wsl.MemAvailable_kb,22398328
1791388165,2026-10-07T23:49:24,wsl.SwapTotal_kb,0
1791388165,2026-10-07T23:49:24,wsl.SwapFree_kb,0
1791388165,2026-10-07T23:49:24,wsl.Dirty_kb,16848
1791388165,2026-10-07T23:49:24,wsl.load1,16.04
1791388165,2026-10-07T23:49:24,wsl.load5,14.73
1791388165,2026-10-07T23:49:24,host.c_free_bytes,31865671680
1791388165,2026-10-07T23:49:24,host.q_free_bytes,330804162560
1791388165,2026-10-07T23:49:24,host.docker_vhdx_bytes,67018686464
1791388165,2026-10-07T23:49:24,host.ubuntu_vhdx_bytes,212983611392
1791388165,2026-10-07T23:49:24,win.Processor(_Total)\% Processor Time,63.352237
1791388165,2026-10-07T23:49:24,win.Memory\Available MBytes,254.0
1791388165,2026-10-07T23:49:24,win.PhysicalDisk(0 C:)\% Disk Time,1.653944
1791388165,2026-10-07T23:49:24,win.PhysicalDisk(1 Q:)\% Disk Time,49.836007
1791388165,2026-10-07T23:49:24,win.PhysicalDisk(_Total)\% Disk Time,25.744976
1791388165,2026-10-07T23:49:24,win.PhysicalDisk(0 C:)\Current Disk Queue Length,0.0
1791388165,2026-10-07T23:49:24,win.PhysicalDisk(1 Q:)\Current Disk Queue Length,1.0
1791388165,2026-10-07T23:49:24,win.PhysicalDisk(_Total)\Current Disk Queue Length,1.0
1791388165,2026-10-07T23:49:24,win.Process(vmmemWSL)\% Processor Time,646.920313
1791388175,2026-10-07T23:49:34,docker.dev-peer0.org1.example.com-saksi-bulletin_1.0-ee3fe73bad456e43adfc5ba27d9e5a60983b69e8496140308fb21061ecb2ff85.cpu_pct,263.66
1791388175,2026-10-07T23:49:34,docker.dev-peer0.org1.example.com-saksi-bulletin_1.0-ee3fe73bad456e43adfc5ba27d9e5a60983b69e8496140308fb21061ecb2ff85.mem_bytes,21369978.88
1791388175,2026-10-07T23:49:34,docker.dev-peer0.org1.example.com-saksi-bulletin_1.0-ee3fe73bad456e43adfc5ba27d9e5a60983b69e8496140308fb21061ecb2ff85.blk_read_bytes,4440000.0
1791388175,2026-10-07T23:49:34,docker.dev-peer0.org1.example.com-saksi-bulletin_1.0-ee3fe73bad456e43adfc5ba27d9e5a60983b69e8496140308fb21061ecb2ff85.blk_write_bytes,0.0
1791388175,2026-10-07T23:49:34,docker.dev-peer0.org2.example.com-saksi-bulletin_1.0-ee3fe73bad456e43adfc5ba27d9e5a60983b69e8496140308fb21061ecb2ff85.cpu_pct,0.0
1791388175,2026-10-07T23:49:34,docker.dev-peer0.org2.example.com-saksi-bulletin_1.0-ee3fe73bad456e43adfc5ba27d9e5a60983b69e8496140308fb21061ecb2ff85.mem_bytes,6770655.232
1791388175,2026-10-07T23:49:34,docker.dev-peer0.org2.example.com-saksi-bulletin_1.0-ee3fe73bad456e43adfc5ba27d9e5a60983b69e8496140308fb21061ecb2ff85.blk_read_bytes,0.0
1791388175,2026-10-07T23:49:34,docker.dev-peer0.org2.example.com-saksi-bulletin_1.0-ee3fe73bad456e43adfc5ba27d9e5a60983b69e8496140308fb21061ecb2ff85.blk_write_bytes,0.0
1791388175,2026-10-07T23:49:34,docker.peer0.org1.example.com.cpu_pct,260.39
1791388175,2026-10-07T23:49:34,docker.peer0.org1.example.com.mem_bytes,421842124.8
1791388175,2026-10-07T23:49:34,docker.peer0.org1.example.com.blk_read_bytes,11800000.0
1791388175,2026-10-07T23:49:34,docker.peer0.org1.example.com.blk_write_bytes,46300000000.0
1791388175,2026-10-07T23:49:34,docker.orderer.example.com.cpu_pct,56.39
1791388175,2026-10-07T23:49:34,docker.orderer.example.com.mem_bytes,4039416741.888
1791388175,2026-10-07T23:49:34,docker.orderer.example.com.blk_read_bytes,9470000.0
1791388175,2026-10-07T23:49:34,docker.orderer.example.com.blk_write_bytes,7730000000.0
1791388175,2026-10-07T23:49:34,docker.peer0.org2.example.com.cpu_pct,105.23
1791388175,2026-10-07T23:49:34,docker.peer0.org2.example.com.mem_bytes,396571443.2
1791388175,2026-10-07T23:49:34,docker.peer0.org2.example.com.blk_read_bytes,1110000.0
1791388175,2026-10-07T23:49:34,docker.peer0.org2.example.com.blk_write_bytes,46400000000.0
1791388175,2026-10-07T23:49:34,wsl.MemTotal_kb,24608408
1791388175,2026-10-07T23:49:34,wsl.MemAvailable_kb,22525772
1791388175,2026-10-07T23:49:34,wsl.SwapTotal_kb,0
1791388175,2026-10-07T23:49:34,wsl.SwapFree_kb,0
1791388175,2026-10-07T23:49:34,wsl.Dirty_kb,24480
1791388175,2026-10-07T23:49:34,wsl.load1,16.52
1791388175,2026-10-07T23:49:34,wsl.load5,14.85
1791388175,2026-10-07T23:49:34,host.c_free_bytes,31865004032
1791388175,2026-10-07T23:49:34,host.q_free_bytes,330267291648
1791388175,2026-10-07T23:49:34,host.docker_vhdx_bytes,67555557376
1791388175,2026-10-07T23:49:34,host.ubuntu_vhdx_bytes,212983611392
1791388175,2026-10-07T23:49:34,win.Processor(_Total)\% Processor Time,69.344904
1791388175,2026-10-07T23:49:34,win.Memory\Available MBytes,230.0
1791388175,2026-10-07T23:49:34,win.PhysicalDisk(0 C:)\% Disk Time,3.861216
1791388175,2026-10-07T23:49:34,win.PhysicalDisk(1 Q:)\% Disk Time,39.788189
1791388175,2026-10-07T23:49:34,win.PhysicalDisk(_Total)\% Disk Time,21.824702
1791388175,2026-10-07T23:49:34,win.PhysicalDisk(0 C:)\Current Disk Queue Length,0.0
1791388175,2026-10-07T23:49:34,win.PhysicalDisk(1 Q:)\Current Disk Queue Length,0.0
1791388175,2026-10-07T23:49:34,win.PhysicalDisk(_Total)\Current Disk Queue Length,0.0
1791388175,2026-10-07T23:49:34,win.Process(vmmemWSL)\% Processor Time,789.205256
1791388185,2026-10-07T23:49:44,docker.dev-peer0.org1.example.com-saksi-bulletin_1.0-ee3fe73bad456e43adfc5ba27d9e5a60983b69e8496140308fb21061ecb2ff85.cpu_pct,274.21
1791388185,2026-10-07T23:49:44,docker.dev-peer0.org1.example.com-saksi-bulletin_1.0-ee3fe73bad456e43adfc5ba27d9e5a60983b69e8496140308fb21061ecb2ff85.mem_bytes,20730347.52
1791388185,2026-10-07T23:49:44,docker.dev-peer0.org1.example.com-saksi-bulletin_1.0-ee3fe73bad456e43adfc5ba27d9e5a60983b69e8496140308fb21061ecb2ff85.blk_read_bytes,4440000.0
1791388185,2026-10-07T23:49:44,docker.dev-peer0.org1.example.com-saksi-bulletin_1.0-ee3fe73bad456e43adfc5ba27d9e5a60983b69e8496140308fb21061ecb2ff85.blk_write_bytes,0.0
1791388185,2026-10-07T23:49:44,docker.dev-peer0.org2.example.com-saksi-bulletin_1.0-ee3fe73bad456e43adfc5ba27d9e5a60983b69e8496140308fb21061ecb2ff85.cpu_pct,0.0
1791388185,2026-10-07T23:49:44,docker.dev-peer0.org2.example.com-saksi-bulletin_1.0-ee3fe73bad456e43adfc5ba27d9e5a60983b69e8496140308fb21061ecb2ff85.mem_bytes,6770655.232
1791388185,2026-10-07T23:49:44,docker.dev-peer0.org2.example.com-saksi-bulletin_1.0-ee3fe73bad456e43adfc5ba27d9e5a60983b69e8496140308fb21061ecb2ff85.blk_read_bytes,0.0
1791388185,2026-10-07T23:49:44,docker.dev-peer0.org2.example.com-saksi-bulletin_1.0-ee3fe73bad456e43adfc5ba27d9e5a60983b69e8496140308fb21061ecb2ff85.blk_write_bytes,0.0
1791388185,2026-10-07T23:49:44,docker.peer0.org1.example.com.cpu_pct,262.16
1791388185,2026-10-07T23:49:44,docker.peer0.org1.example.com.mem_bytes,422471270.4
1791388185,2026-10-07T23:49:44,docker.peer0.org1.example.com.blk_read_bytes,11800000.0
1791388185,2026-10-07T23:49:44,docker.peer0.org1.example.com.blk_write_bytes,47000000000.0
1791388185,2026-10-07T23:49:44,docker.orderer.example.com.cpu_pct,56.97
1791388185,2026-10-07T23:49:44,docker.orderer.example.com.mem_bytes,4195109306.368
1791388185,2026-10-07T23:49:44,docker.orderer.example.com.blk_read_bytes,9470000.0
1791388185,2026-10-07T23:49:44,docker.orderer.example.com.blk_write_bytes,7830000000.0
1791388185,2026-10-07T23:49:44,docker.peer0.org2.example.com.cpu_pct,113.45
1791388185,2026-10-07T23:49:44,docker.peer0.org2.example.com.mem_bytes,408525209.6
1791388185,2026-10-07T23:49:44,docker.peer0.org2.example.com.blk_read_bytes,1120000.0
1791388185,2026-10-07T23:49:44,docker.peer0.org2.example.com.blk_write_bytes,47200000000.0
1791388185,2026-10-07T23:49:44,wsl.MemTotal_kb,24608408
1791388185,2026-10-07T23:49:44,wsl.MemAvailable_kb,22451392
1791388185,2026-10-07T23:49:44,wsl.SwapTotal_kb,0
1791388185,2026-10-07T23:49:44,wsl.SwapFree_kb,0
1791388185,2026-10-07T23:49:44,wsl.Dirty_kb,37816
1791388185,2026-10-07T23:49:44,wsl.load1,15.86
1791388185,2026-10-07T23:49:44,wsl.load5,14.76
1791388185,2026-10-07T23:49:44,host.c_free_bytes,31864401920
1791388185,2026-10-07T23:49:44,host.q_free_bytes,329461985280
1791388185,2026-10-07T23:49:44,host.docker_vhdx_bytes,68360863744
1791388185,2026-10-07T23:49:44,host.ubuntu_vhdx_bytes,212983611392
1791388185,2026-10-07T23:49:44,win.Processor(_Total)\% Processor Time,72.755173
1791388185,2026-10-07T23:49:44,win.Memory\Available MBytes,398.0
1791388185,2026-10-07T23:49:44,win.PhysicalDisk(0 C:)\% Disk Time,5.910401
1791388185,2026-10-07T23:49:44,win.PhysicalDisk(1 Q:)\% Disk Time,38.100917
1791388185,2026-10-07T23:49:44,win.PhysicalDisk(_Total)\% Disk Time,22.005659
1791388185,2026-10-07T23:49:44,win.PhysicalDisk(0 C:)\Current Disk Queue Length,0.0
1791388185,2026-10-07T23:49:44,win.PhysicalDisk(1 Q:)\Current Disk Queue Length,0.0
1791388185,2026-10-07T23:49:44,win.PhysicalDisk(_Total)\Current Disk Queue Length,0.0
1791388185,2026-10-07T23:49:44,win.Process(vmmemWSL)\% Processor Time,794.008806
1791388195,2026-10-07T23:49:54,docker.dev-peer0.org1.example.com-saksi-bulletin_1.0-ee3fe73bad456e43adfc5ba27d9e5a60983b69e8496140308fb21061ecb2ff85.cpu_pct,297.88
1791388195,2026-10-07T23:49:54,docker.dev-peer0.org1.example.com-saksi-bulletin_1.0-ee3fe73bad456e43adfc5ba27d9e5a60983b69e8496140308fb21061ecb2ff85.mem_bytes,20258488.32
1791388195,2026-10-07T23:49:54,docker.dev-peer0.org1.example.com-saksi-bulletin_1.0-ee3fe73bad456e43adfc5ba27d9e5a60983b69e8496140308fb21061ecb2ff85.blk_read_bytes,4440000.0
1791388195,2026-10-07T23:49:54,docker.dev-peer0.org1.example.com-saksi-bulletin_1.0-ee3fe73bad456e43adfc5ba27d9e5a60983b69e8496140308fb21061ecb2ff85.blk_write_bytes,0.0
1791388195,2026-10-07T23:49:54,docker.dev-peer0.org2.example.com-saksi-bulletin_1.0-ee3fe73bad456e43adfc5ba27d9e5a60983b69e8496140308fb21061ecb2ff85.cpu_pct,0.06
1791388195,2026-10-07T23:49:54,docker.dev-peer0.org2.example.com-saksi-bulletin_1.0-ee3fe73bad456e43adfc5ba27d9e5a60983b69e8496140308fb21061ecb2ff85.mem_bytes,7032799.232
1791388195,2026-10-07T23:49:54,docker.dev-peer0.org2.example.com-saksi-bulletin_1.0-ee3fe73bad456e43adfc5ba27d9e5a60983b69e8496140308fb21061ecb2ff85.blk_read_bytes,0.0
1791388195,2026-10-07T23:49:54,docker.dev-peer0.org2.example.com-saksi-bulletin_1.0-ee3fe73bad456e43adfc5ba27d9e5a60983b69e8496140308fb21061ecb2ff85.blk_write_bytes,0.0
1791388195,2026-10-07T23:49:54,docker.peer0.org1.example.com.cpu_pct,276.06
1791388195,2026-10-07T23:49:54,docker.peer0.org1.example.com.mem_bytes,425512140.8
1791388195,2026-10-07T23:49:54,docker.peer0.org1.example.com.blk_read_bytes,15000000.0
1791388195,2026-10-07T23:49:54,docker.peer0.org1.example.com.blk_write_bytes,47700000000.0
1791388195,2026-10-07T23:49:54,docker.orderer.example.com.cpu_pct,59.52
1791388195,2026-10-07T23:49:54,docker.orderer.example.com.mem_bytes,4286377361.408
1791388195,2026-10-07T23:49:54,docker.orderer.example.com.blk_read_bytes,9470000.0
1791388195,2026-10-07T23:49:54,docker.orderer.example.com.blk_write_bytes,7920000000.0
1791388195,2026-10-07T23:49:54,docker.peer0.org2.example.com.cpu_pct,92.65
1791388195,2026-10-07T23:49:54,docker.peer0.org2.example.com.mem_bytes,419115827.2
1791388195,2026-10-07T23:49:54,docker.peer0.org2.example.com.blk_read_bytes,1420000.0
1791388195,2026-10-07T23:49:54,docker.peer0.org2.example.com.blk_write_bytes,47800000000.0
1791388195,2026-10-07T23:49:54,wsl.MemTotal_kb,24608408
1791388195,2026-10-07T23:49:54,wsl.MemAvailable_kb,22360024
1791388195,2026-10-07T23:49:54,wsl.SwapTotal_kb,0
1791388195,2026-10-07T23:49:54,wsl.SwapFree_kb,0
1791388195,2026-10-07T23:49:54,wsl.Dirty_kb,11812
1791388195,2026-10-07T23:49:54,wsl.load1,14.34
1791388195,2026-10-07T23:49:54,wsl.load5,14.47
1791388195,2026-10-07T23:49:54,host.c_free_bytes,31863898112
1791388195,2026-10-07T23:49:54,host.q_free_bytes,328958668800
1791388195,2026-10-07T23:49:54,host.docker_vhdx_bytes,68864180224
1791388195,2026-10-07T23:49:54,host.ubuntu_vhdx_bytes,212983611392
1791388195,2026-10-07T23:49:54,win.Processor(_Total)\% Processor Time,64.337448
1791388195,2026-10-07T23:49:54,win.Memory\Available MBytes,442.0
1791388195,2026-10-07T23:49:54,win.PhysicalDisk(0 C:)\% Disk Time,15.137631
1791388195,2026-10-07T23:49:54,win.PhysicalDisk(1 Q:)\% Disk Time,49.095263
1791388195,2026-10-07T23:49:54,win.PhysicalDisk(_Total)\% Disk Time,32.116447
1791388195,2026-10-07T23:49:54,win.PhysicalDisk(0 C:)\Current Disk Queue Length,0.0
1791388195,2026-10-07T23:49:54,win.PhysicalDisk(1 Q:)\Current Disk Queue Length,1.0
1791388195,2026-10-07T23:49:54,win.PhysicalDisk(_Total)\Current Disk Queue Length,1.0
1791388195,2026-10-07T23:49:54,win.Process(vmmemWSL)\% Processor Time,691.991983
1791388205,2026-10-07T23:50:04,docker.dev-peer0.org1.example.com-saksi-bulletin_1.0-ee3fe73bad456e43adfc5ba27d9e5a60983b69e8496140308fb21061ecb2ff85.cpu_pct,271.24
1791388205,2026-10-07T23:50:04,docker.dev-peer0.org1.example.com-saksi-bulletin_1.0-ee3fe73bad456e43adfc5ba27d9e5a60983b69e8496140308fb21061ecb2ff85.mem_bytes,20730347.52
1791388205,2026-10-07T23:50:04,docker.dev-peer0.org1.example.com-saksi-bulletin_1.0-ee3fe73bad456e43adfc5ba27d9e5a60983b69e8496140308fb21061ecb2ff85.blk_read_bytes,4440000.0
1791388205,2026-10-07T23:50:04,docker.dev-peer0.org1.example.com-saksi-bulletin_1.0-ee3fe73bad456e43adfc5ba27d9e5a60983b69e8496140308fb21061ecb2ff85.blk_write_bytes,0.0
1791388205,2026-10-07T23:50:04,docker.dev-peer0.org2.example.com-saksi-bulletin_1.0-ee3fe73bad456e43adfc5ba27d9e5a60983b69e8496140308fb21061ecb2ff85.cpu_pct,0.0
1791388205,2026-10-07T23:50:04,docker.dev-peer0.org2.example.com-saksi-bulletin_1.0-ee3fe73bad456e43adfc5ba27d9e5a60983b69e8496140308fb21061ecb2ff85.mem_bytes,6770655.232
1791388205,2026-10-07T23:50:04,docker.dev-peer0.org2.example.com-saksi-bulletin_1.0-ee3fe73bad456e43adfc5ba27d9e5a60983b69e8496140308fb21061ecb2ff85.blk_read_bytes,0.0
1791388205,2026-10-07T23:50:04,docker.dev-peer0.org2.example.com-saksi-bulletin_1.0-ee3fe73bad456e43adfc5ba27d9e5a60983b69e8496140308fb21061ecb2ff85.blk_write_bytes,0.0
1791388205,2026-10-07T23:50:04,docker.peer0.org1.example.com.cpu_pct,266.57
1791388205,2026-10-07T23:50:04,docker.peer0.org1.example.com.mem_bytes,445959372.8
1791388205,2026-10-07T23:50:04,docker.peer0.org1.example.com.blk_read_bytes,15000000.0
1791388205,2026-10-07T23:50:04,docker.peer0.org1.example.com.blk_write_bytes,48500000000.0
1791388205,2026-10-07T23:50:04,docker.orderer.example.com.cpu_pct,61.49
1791388205,2026-10-07T23:50:04,docker.orderer.example.com.mem_bytes,4410931412.992
1791388205,2026-10-07T23:50:04,docker.orderer.example.com.blk_read_bytes,9470000.0
1791388205,2026-10-07T23:50:04,docker.orderer.example.com.blk_write_bytes,8029999999.999999
1791388205,2026-10-07T23:50:04,docker.peer0.org2.example.com.cpu_pct,100.29
1791388205,2026-10-07T23:50:04,docker.peer0.org2.example.com.mem_bytes,413558374.4
1791388205,2026-10-07T23:50:04,docker.peer0.org2.example.com.blk_read_bytes,1430000.0
1791388205,2026-10-07T23:50:04,docker.peer0.org2.example.com.blk_write_bytes,48600000000.0
1791388205,2026-10-07T23:50:04,wsl.MemTotal_kb,24608408
1791388205,2026-10-07T23:50:04,wsl.MemAvailable_kb,22258496
1791388205,2026-10-07T23:50:04,wsl.SwapTotal_kb,0
1791388205,2026-10-07T23:50:04,wsl.SwapFree_kb,0
1791388205,2026-10-07T23:50:04,wsl.Dirty_kb,23324
1791388205,2026-10-07T23:50:04,wsl.load1,13.13
1791388205,2026-10-07T23:50:04,wsl.load5,14.21
1791388205,2026-10-07T23:50:04,host.c_free_bytes,31864475648
1791388205,2026-10-07T23:50:04,host.q_free_bytes,328287580160
1791388205,2026-10-07T23:50:04,host.docker_vhdx_bytes,69535268864
1791388205,2026-10-07T23:50:04,host.ubuntu_vhdx_bytes,212983611392
1791388205,2026-10-07T23:50:04,win.Processor(_Total)\% Processor Time,67.004472
1791388205,2026-10-07T23:50:04,win.Memory\Available MBytes,423.0
1791388205,2026-10-07T23:50:04,win.PhysicalDisk(0 C:)\% Disk Time,40.790028
1791388205,2026-10-07T23:50:04,win.PhysicalDisk(1 Q:)\% Disk Time,43.61314
1791388205,2026-10-07T23:50:04,win.PhysicalDisk(_Total)\% Disk Time,42.201584
1791388205,2026-10-07T23:50:04,win.PhysicalDisk(0 C:)\Current Disk Queue Length,0.0
1791388205,2026-10-07T23:50:04,win.PhysicalDisk(1 Q:)\Current Disk Queue Length,1.0
1791388205,2026-10-07T23:50:04,win.PhysicalDisk(_Total)\Current Disk Queue Length,1.0
1791388205,2026-10-07T23:50:04,win.Process(vmmemWSL)\% Processor Time,767.96677
1791388215,2026-10-07T23:50:14,docker.dev-peer0.org1.example.com-saksi-bulletin_1.0-ee3fe73bad456e43adfc5ba27d9e5a60983b69e8496140308fb21061ecb2ff85.cpu_pct,263.66
1791388215,2026-10-07T23:50:14,docker.dev-peer0.org1.example.com-saksi-bulletin_1.0-ee3fe73bad456e43adfc5ba27d9e5a60983b69e8496140308fb21061ecb2ff85.mem_bytes,20216545.28
1791388215,2026-10-07T23:50:14,docker.dev-peer0.org1.example.com-saksi-bulletin_1.0-ee3fe73bad456e43adfc5ba27d9e5a60983b69e8496140308fb21061ecb2ff85.blk_read_bytes,4440000.0
1791388215,2026-10-07T23:50:14,docker.dev-peer0.org1.example.com-saksi-bulletin_1.0-ee3fe73bad456e43adfc5ba27d9e5a60983b69e8496140308fb21061ecb2ff85.blk_write_bytes,0.0
1791388215,2026-10-07T23:50:14,docker.dev-peer0.org2.example.com-saksi-bulletin_1.0-ee3fe73bad456e43adfc5ba27d9e5a60983b69e8496140308fb21061ecb2ff85.cpu_pct,0.03
1791388215,2026-10-07T23:50:14,docker.dev-peer0.org2.example.com-saksi-bulletin_1.0-ee3fe73bad456e43adfc5ba27d9e5a60983b69e8496140308fb21061ecb2ff85.mem_bytes,6770655.232
1791388215,2026-10-07T23:50:14,docker.dev-peer0.org2.example.com-saksi-bulletin_1.0-ee3fe73bad456e43adfc5ba27d9e5a60983b69e8496140308fb21061ecb2ff85.blk_read_bytes,0.0
1791388215,2026-10-07T23:50:14,docker.dev-peer0.org2.example.com-saksi-bulletin_1.0-ee3fe73bad456e43adfc5ba27d9e5a60983b69e8496140308fb21061ecb2ff85.blk_write_bytes,0.0
1791388215,2026-10-07T23:50:14,docker.peer0.org1.example.com.cpu_pct,263.1
1791388215,2026-10-07T23:50:14,docker.peer0.org1.example.com.mem_bytes,420164403.2
1791388215,2026-10-07T23:50:14,docker.peer0.org1.example.com.blk_read_bytes,15200000.0
1791388215,2026-10-07T23:50:14,docker.peer0.org1.example.com.blk_write_bytes,49100000000.0
1791388215,2026-10-07T23:50:14,docker.orderer.example.com.cpu_pct,51.99
1791388215,2026-10-07T23:50:14,docker.orderer.example.com.mem_bytes,4521526820.864
1791388215,2026-10-07T23:50:14,docker.orderer.example.com.blk_read_bytes,9470000.0
1791388215,2026-10-07T23:50:14,docker.orderer.example.com.blk_write_bytes,8119999999.999999
1791388215,2026-10-07T23:50:14,docker.peer0.org2.example.com.cpu_pct,106.71
1791388215,2026-10-07T23:50:14,docker.peer0.org2.example.com.mem_bytes,405903769.6
1791388215,2026-10-07T23:50:14,docker.peer0.org2.example.com.blk_read_bytes,1440000.0
1791388215,2026-10-07T23:50:14,docker.peer0.org2.example.com.blk_write_bytes,49300000000.0
1791388215,2026-10-07T23:50:14,wsl.MemTotal_kb,24608408
1791388215,2026-10-07T23:50:14,wsl.MemAvailable_kb,22185700
1791388215,2026-10-07T23:50:14,wsl.SwapTotal_kb,0
1791388215,2026-10-07T23:50:14,wsl.SwapFree_kb,0
1791388215,2026-10-07T23:50:14,wsl.Dirty_kb,35932
1791388215,2026-10-07T23:50:14,wsl.load1,14.88
1791388215,2026-10-07T23:50:14,wsl.load5,14.55
1791388215,2026-10-07T23:50:14,host.c_free_bytes,31863967744
1791388215,2026-10-07T23:50:14,host.q_free_bytes,327650045952
1791388215,2026-10-07T23:50:14,host.docker_vhdx_bytes,70172803072
1791388215,2026-10-07T23:50:14,host.ubuntu_vhdx_bytes,212983611392
1791388215,2026-10-07T23:50:14,win.Processor(_Total)\% Processor Time,64.086844
1791388215,2026-10-07T23:50:14,win.Memory\Available MBytes,400.0
1791388215,2026-10-07T23:50:14,win.PhysicalDisk(0 C:)\% Disk Time,41.437379
1791388215,2026-10-07T23:50:14,win.PhysicalDisk(1 Q:)\% Disk Time,51.64184
1791388215,2026-10-07T23:50:14,win.PhysicalDisk(_Total)\% Disk Time,46.53961
1791388215,2026-10-07T23:50:14,win.PhysicalDisk(0 C:)\Current Disk Queue Length,0.0
1791388215,2026-10-07T23:50:14,win.PhysicalDisk(1 Q:)\Current Disk Queue Length,2.0
1791388215,2026-10-07T23:50:14,win.PhysicalDisk(_Total)\Current Disk Queue Length,2.0
1791388215,2026-10-07T23:50:14,win.Process(vmmemWSL)\% Processor Time,705.423774
1791388225,2026-10-07T23:50:24,docker.dev-peer0.org1.example.com-saksi-bulletin_1.0-ee3fe73bad456e43adfc5ba27d9e5a60983b69e8496140308fb21061ecb2ff85.cpu_pct,278.77
1791388225,2026-10-07T23:50:24,docker.dev-peer0.org1.example.com-saksi-bulletin_1.0-ee3fe73bad456e43adfc5ba27d9e5a60983b69e8496140308fb21061ecb2ff85.mem_bytes,19220398.08
1791388225,2026-10-07T23:50:24,docker.dev-peer0.org1.example.com-saksi-bulletin_1.0-ee3fe73bad456e43adfc5ba27d9e5a60983b69e8496140308fb21061ecb2ff85.blk_read_bytes,4440000.0
1791388225,2026-10-07T23:50:24,docker.dev-peer0.org1.example.com-saksi-bulletin_1.0-ee3fe73bad456e43adfc5ba27d9e5a60983b69e8496140308fb21061ecb2ff85.blk_write_bytes,0.0
1791388225,2026-10-07T23:50:24,docker.dev-peer0.org2.example.com-saksi-bulletin_1.0-ee3fe73bad456e43adfc5ba27d9e5a60983b69e8496140308fb21061ecb2ff85.cpu_pct,0.0
1791388225,2026-10-07T23:50:24,docker.dev-peer0.org2.example.com-saksi-bulletin_1.0-ee3fe73bad456e43adfc5ba27d9e5a60983b69e8496140308fb21061ecb2ff85.mem_bytes,6770655.232
1791388225,2026-10-07T23:50:24,docker.dev-peer0.org2.example.com-saksi-bulletin_1.0-ee3fe73bad456e43adfc5ba27d9e5a60983b69e8496140308fb21061ecb2ff85.blk_read_bytes,0.0
1791388225,2026-10-07T23:50:24,docker.dev-peer0.org2.example.com-saksi-bulletin_1.0-ee3fe73bad456e43adfc5ba27d9e5a60983b69e8496140308fb21061ecb2ff85.blk_write_bytes,0.0
1791388225,2026-10-07T23:50:24,docker.peer0.org1.example.com.cpu_pct,251.89
1791388225,2026-10-07T23:50:24,docker.peer0.org1.example.com.mem_bytes,431174451.2
1791388225,2026-10-07T23:50:24,docker.peer0.org1.example.com.blk_read_bytes,15200000.0
1791388225,2026-10-07T23:50:24,docker.peer0.org1.example.com.blk_write_bytes,49900000000.0
1791388225,2026-10-07T23:50:24,docker.orderer.example.com.cpu_pct,55.26
1791388225,2026-10-07T23:50:24,docker.orderer.example.com.mem_bytes,4112431185.92
1791388225,2026-10-07T23:50:24,docker.orderer.example.com.blk_read_bytes,9470000.0
1791388225,2026-10-07T23:50:24,docker.orderer.example.com.blk_write_bytes,8220000000.000001
1791388225,2026-10-07T23:50:24,docker.peer0.org2.example.com.cpu_pct,104.8
1791388225,2026-10-07T23:50:24,docker.peer0.org2.example.com.mem_bytes,393216000.0
1791388225,2026-10-07T23:50:24,docker.peer0.org2.example.com.blk_read_bytes,1520000.0
1791388225,2026-10-07T23:50:24,docker.peer0.org2.example.com.blk_write_bytes,50000000000.0
1791388225,2026-10-07T23:50:24,wsl.MemTotal_kb,24608408
1791388225,2026-10-07T23:50:24,wsl.MemAvailable_kb,22514044
1791388225,2026-10-07T23:50:24,wsl.SwapTotal_kb,0
1791388225,2026-10-07T23:50:24,wsl.SwapFree_kb,0
1791388225,2026-10-07T23:50:24,wsl.Dirty_kb,9932
1791388225,2026-10-07T23:50:24,wsl.load1,14.79
1791388225,2026-10-07T23:50:24,wsl.load5,14.53
1791388225,2026-10-07T23:50:24,host.c_free_bytes,31863439360
1791388225,2026-10-07T23:50:24,host.q_free_bytes,327012511744
1791388225,2026-10-07T23:50:24,host.docker_vhdx_bytes,70810337280
1791388225,2026-10-07T23:50:24,host.ubuntu_vhdx_bytes,212983611392
1791388225,2026-10-07T23:50:24,win.Processor(_Total)\% Processor Time,67.687318
1791388225,2026-10-07T23:50:24,win.Memory\Available MBytes,325.0
1791388225,2026-10-07T23:50:24,win.PhysicalDisk(0 C:)\% Disk Time,0.90287
1791388225,2026-10-07T23:50:24,win.PhysicalDisk(1 Q:)\% Disk Time,42.241036
1791388225,2026-10-07T23:50:24,win.PhysicalDisk(_Total)\% Disk Time,21.571953
1791388225,2026-10-07T23:50:24,win.PhysicalDisk(0 C:)\Current Disk Queue Length,0.0
1791388225,2026-10-07T23:50:24,win.PhysicalDisk(1 Q:)\Current Disk Queue Length,2.0
1791388225,2026-10-07T23:50:24,win.PhysicalDisk(_Total)\Current Disk Queue Length,2.0
1791388225,2026-10-07T23:50:24,win.Process(vmmemWSL)\% Processor Time,764.583942
1791388235,2026-10-07T23:50:34,docker.dev-peer0.org1.example.com-saksi-bulletin_1.0-ee3fe73bad456e43adfc5ba27d9e5a60983b69e8496140308fb21061ecb2ff85.cpu_pct,285.1
1791388235,2026-10-07T23:50:34,docker.dev-peer0.org1.example.com-saksi-bulletin_1.0-ee3fe73bad456e43adfc5ba27d9e5a60983b69e8496140308fb21061ecb2ff85.mem_bytes,20248002.56
1791388235,2026-10-07T23:50:34,docker.dev-peer0.org1.example.com-saksi-bulletin_1.0-ee3fe73bad456e43adfc5ba27d9e5a60983b69e8496140308fb21061ecb2ff85.blk_read_bytes,4440000.0
1791388235,2026-10-07T23:50:34,docker.dev-peer0.org1.example.com-saksi-bulletin_1.0-ee3fe73bad456e43adfc5ba27d9e5a60983b69e8496140308fb21061ecb2ff85.blk_write_bytes,0.0
1791388235,2026-10-07T23:50:34,docker.dev-peer0.org2.example.com-saksi-bulletin_1.0-ee3fe73bad456e43adfc5ba27d9e5a60983b69e8496140308fb21061ecb2ff85.cpu_pct,0.0
1791388235,2026-10-07T23:50:34,docker.dev-peer0.org2.example.com-saksi-bulletin_1.0-ee3fe73bad456e43adfc5ba27d9e5a60983b69e8496140308fb21061ecb2ff85.mem_bytes,6770655.232
1791388235,2026-10-07T23:50:34,docker.dev-peer0.org2.example.com-saksi-bulletin_1.0-ee3fe73bad456e43adfc5ba27d9e5a60983b69e8496140308fb21061ecb2ff85.blk_read_bytes,0.0
1791388235,2026-10-07T23:50:34,docker.dev-peer0.org2.example.com-saksi-bulletin_1.0-ee3fe73bad456e43adfc5ba27d9e5a60983b69e8496140308fb21061ecb2ff85.blk_write_bytes,0.0
1791388235,2026-10-07T23:50:34,docker.peer0.org1.example.com.cpu_pct,259.25
1791388235,2026-10-07T23:50:34,docker.peer0.org1.example.com.mem_bytes,452879974.4
1791388235,2026-10-07T23:50:34,docker.peer0.org1.example.com.blk_read_bytes,15300000.0
1791388235,2026-10-07T23:50:34,docker.peer0.org1.example.com.blk_write_bytes,50700000000.0
1791388235,2026-10-07T23:50:34,docker.orderer.example.com.cpu_pct,55.37
1791388235,2026-10-07T23:50:34,docker.orderer.example.com.mem_bytes,4256312590.336
1791388235,2026-10-07T23:50:34,docker.orderer.example.com.blk_read_bytes,9480000.0
1791388235,2026-10-07T23:50:34,docker.orderer.example.com.blk_write_bytes,8310000000.000001
1791388235,2026-10-07T23:50:34,docker.peer0.org2.example.com.cpu_pct,97.72
1791388235,2026-10-07T23:50:34,docker.peer0.org2.example.com.mem_bytes,413453516.8
1791388235,2026-10-07T23:50:34,docker.peer0.org2.example.com.blk_read_bytes,1540000.0
1791388235,2026-10-07T23:50:34,docker.peer0.org2.example.com.blk_write_bytes,50700000000.0
1791388235,2026-10-07T23:50:34,wsl.MemTotal_kb,24608408
1791388235,2026-10-07T23:50:34,wsl.MemAvailable_kb,22463144
1791388235,2026-10-07T23:50:34,wsl.SwapTotal_kb,0
1791388235,2026-10-07T23:50:34,wsl.SwapFree_kb,0
1791388235,2026-10-07T23:50:34,wsl.Dirty_kb,23600
1791388235,2026-10-07T23:50:34,wsl.load1,13.35
1791388235,2026-10-07T23:50:34,wsl.load5,14.23
1791388235,2026-10-07T23:50:34,host.c_free_bytes,31863951360
1791388235,2026-10-07T23:50:34,host.q_free_bytes,326240759808
1791388235,2026-10-07T23:50:34,host.docker_vhdx_bytes,71582089216
1791388235,2026-10-07T23:50:34,host.ubuntu_vhdx_bytes,212983611392
1791388235,2026-10-07T23:50:34,win.Processor(_Total)\% Processor Time,64.745718
1791388235,2026-10-07T23:50:34,win.Memory\Available MBytes,250.0
1791388235,2026-10-07T23:50:34,win.PhysicalDisk(0 C:)\% Disk Time,2.670917
1791388235,2026-10-07T23:50:34,win.PhysicalDisk(1 Q:)\% Disk Time,48.435907
1791388235,2026-10-07T23:50:34,win.PhysicalDisk(_Total)\% Disk Time,25.553412
1791388235,2026-10-07T23:50:34,win.PhysicalDisk(0 C:)\Current Disk Queue Length,0.0
1791388235,2026-10-07T23:50:34,win.PhysicalDisk(1 Q:)\Current Disk Queue Length,0.0
1791388235,2026-10-07T23:50:34,win.PhysicalDisk(_Total)\Current Disk Queue Length,0.0
1791388235,2026-10-07T23:50:34,win.Process(vmmemWSL)\% Processor Time,699.039275
1791388245,2026-10-07T23:50:44,docker.dev-peer0.org1.example.com-saksi-bulletin_1.0-ee3fe73bad456e43adfc5ba27d9e5a60983b69e8496140308fb21061ecb2ff85.cpu_pct,271.66
1791388245,2026-10-07T23:50:44,docker.dev-peer0.org1.example.com-saksi-bulletin_1.0-ee3fe73bad456e43adfc5ba27d9e5a60983b69e8496140308fb21061ecb2ff85.mem_bytes,19618856.96
1791388245,2026-10-07T23:50:44,docker.dev-peer0.org1.example.com-saksi-bulletin_1.0-ee3fe73bad456e43adfc5ba27d9e5a60983b69e8496140308fb21061ecb2ff85.blk_read_bytes,4440000.0
1791388245,2026-10-07T23:50:44,docker.dev-peer0.org1.example.com-saksi-bulletin_1.0-ee3fe73bad456e43adfc5ba27d9e5a60983b69e8496140308fb21061ecb2ff85.blk_write_bytes,0.0
1791388245,2026-10-07T23:50:44,docker.dev-peer0.org2.example.com-saksi-bulletin_1.0-ee3fe73bad456e43adfc5ba27d9e5a60983b69e8496140308fb21061ecb2ff85.cpu_pct,0.0
1791388245,2026-10-07T23:50:44,docker.dev-peer0.org2.example.com-saksi-bulletin_1.0-ee3fe73bad456e43adfc5ba27d9e5a60983b69e8496140308fb21061ecb2ff85.mem_bytes,6770655.232
1791388245,2026-10-07T23:50:44,docker.dev-peer0.org2.example.com-saksi-bulletin_1.0-ee3fe73bad456e43adfc5ba27d9e5a60983b69e8496140308fb21061ecb2ff85.blk_read_bytes,0.0
1791388245,2026-10-07T23:50:44,docker.dev-peer0.org2.example.com-saksi-bulletin_1.0-ee3fe73bad456e43adfc5ba27d9e5a60983b69e8496140308fb21061ecb2ff85.blk_write_bytes,0.0
1791388245,2026-10-07T23:50:44,docker.peer0.org1.example.com.cpu_pct,270.27
1791388245,2026-10-07T23:50:44,docker.peer0.org1.example.com.mem_bytes,426351001.6
1791388245,2026-10-07T23:50:44,docker.peer0.org1.example.com.blk_read_bytes,15300000.0
1791388245,2026-10-07T23:50:44,docker.peer0.org1.example.com.blk_write_bytes,51400000000.0
1791388245,2026-10-07T23:50:44,docker.orderer.example.com.cpu_pct,56.25
1791388245,2026-10-07T23:50:44,docker.orderer.example.com.mem_bytes,4413078896.64
1791388245,2026-10-07T23:50:44,docker.orderer.example.com.blk_read_bytes,9480000.0
1791388245,2026-10-07T23:50:44,docker.orderer.example.com.blk_write_bytes,8420000000.0
1791388245,2026-10-07T23:50:44,docker.peer0.org2.example.com.cpu_pct,98.7
1791388245,2026-10-07T23:50:44,docker.peer0.org2.example.com.mem_bytes,390175129.6
1791388245,2026-10-07T23:50:44,docker.peer0.org2.example.com.blk_read_bytes,1550000.0
1791388245,2026-10-07T23:50:44,docker.peer0.org2.example.com.blk_write_bytes,51500000000.0
1791388245,2026-10-07T23:50:44,wsl.MemTotal_kb,24608408
1791388245,2026-10-07T23:50:44,wsl.MemAvailable_kb,22482828
1791388245,2026-10-07T23:50:44,wsl.SwapTotal_kb,0
1791388245,2026-10-07T23:50:44,wsl.SwapFree_kb,0
1791388245,2026-10-07T23:50:44,wsl.Dirty_kb,36880
1791388245,2026-10-07T23:50:44,wsl.load1,14.28
1791388245,2026-10-07T23:50:44,wsl.load5,14.4
1791388245,2026-10-07T23:50:44,host.c_free_bytes,31864537088
1791388245,2026-10-07T23:50:44,host.q_free_bytes,325502562304
1791388245,2026-10-07T23:50:44,host.docker_vhdx_bytes,72320286720
1791388245,2026-10-07T23:50:44,host.ubuntu_vhdx_bytes,212983611392
1791388245,2026-10-07T23:50:44,win.Processor(_Total)\% Processor Time,64.349826
1791388245,2026-10-07T23:50:44,win.Memory\Available MBytes,327.0
1791388245,2026-10-07T23:50:44,win.PhysicalDisk(0 C:)\% Disk Time,3.33047
1791388245,2026-10-07T23:50:44,win.PhysicalDisk(1 Q:)\% Disk Time,47.344339
1791388245,2026-10-07T23:50:44,win.PhysicalDisk(_Total)\% Disk Time,25.337404
1791388245,2026-10-07T23:50:44,win.PhysicalDisk(0 C:)\Current Disk Queue Length,0.0
1791388245,2026-10-07T23:50:44,win.PhysicalDisk(1 Q:)\Current Disk Queue Length,4.0
1791388245,2026-10-07T23:50:44,win.PhysicalDisk(_Total)\Current Disk Queue Length,4.0
1791388245,2026-10-07T23:50:44,win.Process(vmmemWSL)\% Processor Time,713.276426
1791388255,2026-10-07T23:50:54,docker.dev-peer0.org1.example.com-saksi-bulletin_1.0-ee3fe73bad456e43adfc5ba27d9e5a60983b69e8496140308fb21061ecb2ff85.cpu_pct,275.02
1791388255,2026-10-07T23:50:54,docker.dev-peer0.org1.example.com-saksi-bulletin_1.0-ee3fe73bad456e43adfc5ba27d9e5a60983b69e8496140308fb21061ecb2ff85.mem_bytes,19681771.52
1791388255,2026-10-07T23:50:54,docker.dev-peer0.org1.example.com-saksi-bulletin_1.0-ee3fe73bad456e43adfc5ba27d9e5a60983b69e8496140308fb21061ecb2ff85.blk_read_bytes,4440000.0
1791388255,2026-10-07T23:50:54,docker.dev-peer0.org1.example.com-saksi-bulletin_1.0-ee3fe73bad456e43adfc5ba27d9e5a60983b69e8496140308fb21061ecb2ff85.blk_write_bytes,0.0
1791388255,2026-10-07T23:50:54,docker.dev-peer0.org2.example.com-saksi-bulletin_1.0-ee3fe73bad456e43adfc5ba27d9e5a60983b69e8496140308fb21061ecb2ff85.cpu_pct,0.27
1791388255,2026-10-07T23:50:54,docker.dev-peer0.org2.example.com-saksi-bulletin_1.0-ee3fe73bad456e43adfc5ba27d9e5a60983b69e8496140308fb21061ecb2ff85.mem_bytes,7024410.624
1791388255,2026-10-07T23:50:54,docker.dev-peer0.org2.example.com-saksi-bulletin_1.0-ee3fe73bad456e43adfc5ba27d9e5a60983b69e8496140308fb21061ecb2ff85.blk_read_bytes,0.0
1791388255,2026-10-07T23:50:54,docker.dev-peer0.org2.example.com-saksi-bulletin_1.0-ee3fe73bad456e43adfc5ba27d9e5a60983b69e8496140308fb21061ecb2ff85.blk_write_bytes,0.0
1791388255,2026-10-07T23:50:54,docker.peer0.org1.example.com.cpu_pct,249.48
1791388255,2026-10-07T23:50:54,docker.peer0.org1.example.com.mem_bytes,446064230.4
1791388255,2026-10-07T23:50:54,docker.peer0.org1.example.com.blk_read_bytes,15300000.0
1791388255,2026-10-07T23:50:54,docker.peer0.org1.example.com.blk_write_bytes,52000000000.0
1791388255,2026-10-07T23:50:54,docker.orderer.example.com.cpu_pct,52.9
1791388255,2026-10-07T23:50:54,docker.orderer.example.com.mem_bytes,4556960301.056
1791388255,2026-10-07T23:50:54,docker.orderer.example.com.blk_read_bytes,9480000.0
1791388255,2026-10-07T23:50:54,docker.orderer.example.com.blk_write_bytes,8520000000.0
1791388255,2026-10-07T23:50:54,docker.peer0.org2.example.com.cpu_pct,106.93
1791388255,2026-10-07T23:50:54,docker.peer0.org2.example.com.mem_bytes,424253849.6
1791388255,2026-10-07T23:50:54,docker.peer0.org2.example.com.blk_read_bytes,1560000.0
1791388255,2026-10-07T23:50:54,docker.peer0.org2.example.com.blk_write_bytes,52200000000.0
1791388255,2026-10-07T23:50:54,wsl.MemTotal_kb,24608408
1791388255,2026-10-07T23:50:54,wsl.MemAvailable_kb,22287560
1791388255,2026-10-07T23:50:54,wsl.SwapTotal_kb,0
1791388255,2026-10-07T23:50:54,wsl.SwapFree_kb,0
1791388255,2026-10-07T23:50:54,wsl.Dirty_kb,9756
1791388255,2026-10-07T23:50:54,wsl.load1,16.01
1791388255,2026-10-07T23:50:54,wsl.load5,14.77
1791388255,2026-10-07T23:50:54,host.c_free_bytes,31863988224
1791388255,2026-10-07T23:50:54,host.q_free_bytes,324630147072
1791388255,2026-10-07T23:50:54,host.docker_vhdx_bytes,73192701952
1791388255,2026-10-07T23:50:54,host.ubuntu_vhdx_bytes,212983611392
1791388255,2026-10-07T23:50:54,win.Processor(_Total)\% Processor Time,67.27349
1791388255,2026-10-07T23:50:54,win.Memory\Available MBytes,369.0
1791388255,2026-10-07T23:50:54,win.PhysicalDisk(0 C:)\% Disk Time,0.924442
1791388255,2026-10-07T23:50:54,win.PhysicalDisk(1 Q:)\% Disk Time,41.926752
1791388255,2026-10-07T23:50:54,win.PhysicalDisk(_Total)\% Disk Time,21.425597
1791388255,2026-10-07T23:50:54,win.PhysicalDisk(0 C:)\Current Disk Queue Length,0.0
1791388255,2026-10-07T23:50:54,win.PhysicalDisk(1 Q:)\Current Disk Queue Length,0.0
1791388255,2026-10-07T23:50:54,win.PhysicalDisk(_Total)\Current Disk Queue Length,0.0
1791388255,2026-10-07T23:50:54,win.Process(vmmemWSL)\% Processor Time,783.562814
1791388265,2026-10-07T23:51:04,docker.dev-peer0.org1.example.com-saksi-bulletin_1.0-ee3fe73bad456e43adfc5ba27d9e5a60983b69e8496140308fb21061ecb2ff85.cpu_pct,286.24
1791388265,2026-10-07T23:51:04,docker.dev-peer0.org1.example.com-saksi-bulletin_1.0-ee3fe73bad456e43adfc5ba27d9e5a60983b69e8496140308fb21061ecb2ff85.mem_bytes,20310917.12
1791388265,2026-10-07T23:51:04,docker.dev-peer0.org1.example.com-saksi-bulletin_1.0-ee3fe73bad456e43adfc5ba27d9e5a60983b69e8496140308fb21061ecb2ff85.blk_read_bytes,4440000.0
1791388265,2026-10-07T23:51:04,docker.dev-peer0.org1.example.com-saksi-bulletin_1.0-ee3fe73bad456e43adfc5ba27d9e5a60983b69e8496140308fb21061ecb2ff85.blk_write_bytes,0.0
1791388265,2026-10-07T23:51:04,docker.dev-peer0.org2.example.com-saksi-bulletin_1.0-ee3fe73bad456e43adfc5ba27d9e5a60983b69e8496140308fb21061ecb2ff85.cpu_pct,0.0
1791388265,2026-10-07T23:51:04,docker.dev-peer0.org2.example.com-saksi-bulletin_1.0-ee3fe73bad456e43adfc5ba27d9e5a60983b69e8496140308fb21061ecb2ff85.mem_bytes,6770655.232
1791388265,2026-10-07T23:51:04,docker.dev-peer0.org2.example.com-saksi-bulletin_1.0-ee3fe73bad456e43adfc5ba27d9e5a60983b69e8496140308fb21061ecb2ff85.blk_read_bytes,0.0
1791388265,2026-10-07T23:51:04,docker.dev-peer0.org2.example.com-saksi-bulletin_1.0-ee3fe73bad456e43adfc5ba27d9e5a60983b69e8496140308fb21061ecb2ff85.blk_write_bytes,0.0
1791388265,2026-10-07T23:51:04,docker.peer0.org1.example.com.cpu_pct,256.37
1791388265,2026-10-07T23:51:04,docker.peer0.org1.example.com.mem_bytes,467769753.6
1791388265,2026-10-07T23:51:04,docker.peer0.org1.example.com.blk_read_bytes,15300000.0
1791388265,2026-10-07T23:51:04,docker.peer0.org1.example.com.blk_write_bytes,52700000000.0
1791388265,2026-10-07T23:51:04,docker.orderer.example.com.cpu_pct,56.16
1791388265,2026-10-07T23:51:04,docker.orderer.example.com.mem_bytes,4697620480.0
1791388265,2026-10-07T23:51:04,docker.orderer.example.com.blk_read_bytes,9480000.0
1791388265,2026-10-07T23:51:04,docker.orderer.example.com.blk_write_bytes,8620000000.0
1791388265,2026-10-07T23:51:04,docker.peer0.org2.example.com.cpu_pct,111.29
1791388265,2026-10-07T23:51:04,docker.peer0.org2.example.com.mem_bytes,436731904.0
1791388265,2026-10-07T23:51:04,docker.peer0.org2.example.com.blk_read_bytes,1590000.0
1791388265,2026-10-07T23:51:04,docker.peer0.org2.example.com.blk_write_bytes,53000000000.0
1791388265,2026-10-07T23:51:04,wsl.MemTotal_kb,24608408
1791388265,2026-10-07T23:51:04,wsl.MemAvailable_kb,22186888
1791388265,2026-10-07T23:51:04,wsl.SwapTotal_kb,0
1791388265,2026-10-07T23:51:04,wsl.SwapFree_kb,0
1791388265,2026-10-07T23:51:04,wsl.Dirty_kb,22988
1791388265,2026-10-07T23:51:04,wsl.load1,15.65
1791388265,2026-10-07T23:51:04,wsl.load5,14.74
1791388265,2026-10-07T23:51:04,host.c_free_bytes,31863377920
1791388265,2026-10-07T23:51:04,host.q_free_bytes,323858395136
1791388265,2026-10-07T23:51:04,host.docker_vhdx_bytes,73964453888
1791388265,2026-10-07T23:51:04,host.ubuntu_vhdx_bytes,212983611392
1791388265,2026-10-07T23:51:04,win.Processor(_Total)\% Processor Time,68.308207
1791388265,2026-10-07T23:51:04,win.Memory\Available MBytes,364.0
1791388265,2026-10-07T23:51:04,win.PhysicalDisk(0 C:)\% Disk Time,1.88187
1791388265,2026-10-07T23:51:04,win.PhysicalDisk(1 Q:)\% Disk Time,37.448063
1791388265,2026-10-07T23:51:04,win.PhysicalDisk(_Total)\% Disk Time,19.664967
1791388265,2026-10-07T23:51:04,win.PhysicalDisk(0 C:)\Current Disk Queue Length,0.0
1791388265,2026-10-07T23:51:04,win.PhysicalDisk(1 Q:)\Current Disk Queue Length,2.0
1791388265,2026-10-07T23:51:04,win.PhysicalDisk(_Total)\Current Disk Queue Length,2.0
1791388265,2026-10-07T23:51:04,win.Process(vmmemWSL)\% Processor Time,791.944004
1791388275,2026-10-07T23:51:14,docker.dev-peer0.org1.example.com-saksi-bulletin_1.0-ee3fe73bad456e43adfc5ba27d9e5a60983b69e8496140308fb21061ecb2ff85.cpu_pct,269.33
1791388275,2026-10-07T23:51:14,docker.dev-peer0.org1.example.com-saksi-bulletin_1.0-ee3fe73bad456e43adfc5ba27d9e5a60983b69e8496140308fb21061ecb2ff85.mem_bytes,21401436.16
1791388275,2026-10-07T23:51:14,docker.dev-peer0.org1.example.com-saksi-bulletin_1.0-ee3fe73bad456e43adfc5ba27d9e5a60983b69e8496140308fb21061ecb2ff85.blk_read_bytes,4440000.0
1791388275,2026-10-07T23:51:14,docker.dev-peer0.org1.example.com-saksi-bulletin_1.0-ee3fe73bad456e43adfc5ba27d9e5a60983b69e8496140308fb21061ecb2ff85.blk_write_bytes,0.0
1791388275,2026-10-07T23:51:14,docker.dev-peer0.org2.example.com-saksi-bulletin_1.0-ee3fe73bad456e43adfc5ba27d9e5a60983b69e8496140308fb21061ecb2ff85.cpu_pct,0.02
1791388275,2026-10-07T23:51:14,docker.dev-peer0.org2.example.com-saksi-bulletin_1.0-ee3fe73bad456e43adfc5ba27d9e5a60983b69e8496140308fb21061ecb2ff85.mem_bytes,6770655.232
1791388275,2026-10-07T23:51:14,docker.dev-peer0.org2.example.com-saksi-bulletin_1.0-ee3fe73bad456e43adfc5ba27d9e5a60983b69e8496140308fb21061ecb2ff85.blk_read_bytes,0.0
1791388275,2026-10-07T23:51:14,docker.dev-peer0.org2.example.com-saksi-bulletin_1.0-ee3fe73bad456e43adfc5ba27d9e5a60983b69e8496140308fb21061ecb2ff85.blk_write_bytes,0.0
1791388275,2026-10-07T23:51:14,docker.peer0.org1.example.com.cpu_pct,252.17
1791388275,2026-10-07T23:51:14,docker.peer0.org1.example.com.mem_bytes,420164403.2
1791388275,2026-10-07T23:51:14,docker.peer0.org1.example.com.blk_read_bytes,15300000.0
1791388275,2026-10-07T23:51:14,docker.peer0.org1.example.com.blk_write_bytes,53500000000.0
1791388275,2026-10-07T23:51:14,docker.orderer.example.com.cpu_pct,64.85
1791388275,2026-10-07T23:51:14,docker.orderer.example.com.mem_bytes,4843649368.064
1791388275,2026-10-07T23:51:14,docker.orderer.example.com.blk_read_bytes,9490000.0
1791388275,2026-10-07T23:51:14,docker.orderer.example.com.blk_write_bytes,8720000000.0
1791388275,2026-10-07T23:51:14,docker.peer0.org2.example.com.cpu_pct,105.37
1791388275,2026-10-07T23:51:14,docker.peer0.org2.example.com.mem_bytes,391957708.8
1791388275,2026-10-07T23:51:14,docker.peer0.org2.example.com.blk_read_bytes,1590000.0
1791388275,2026-10-07T23:51:14,docker.peer0.org2.example.com.blk_write_bytes,53600000000.0
1791388275,2026-10-07T23:51:14,wsl.MemTotal_kb,24608408
1791388275,2026-10-07T23:51:14,wsl.MemAvailable_kb,22100532
1791388275,2026-10-07T23:51:14,wsl.SwapTotal_kb,0
1791388275,2026-10-07T23:51:14,wsl.SwapFree_kb,0
1791388275,2026-10-07T23:51:14,wsl.Dirty_kb,36516
1791388275,2026-10-07T23:51:14,wsl.load1,15.68
1791388275,2026-10-07T23:51:14,wsl.load5,14.76
1791388275,2026-10-07T23:51:14,host.c_free_bytes,31627997184
1791388275,2026-10-07T23:51:14,host.q_free_bytes,323220860928
1791388275,2026-10-07T23:51:14,host.docker_vhdx_bytes,74601988096
1791388275,2026-10-07T23:51:14,host.ubuntu_vhdx_bytes,212983611392
1791388275,2026-10-07T23:51:14,win.Processor(_Total)\% Processor Time,58.513261
1791388275,2026-10-07T23:51:14,win.Memory\Available MBytes,317.0
1791388275,2026-10-07T23:51:14,win.PhysicalDisk(0 C:)\% Disk Time,1.196055
1791388275,2026-10-07T23:51:14,win.PhysicalDisk(1 Q:)\% Disk Time,50.25121
1791388275,2026-10-07T23:51:14,win.PhysicalDisk(_Total)\% Disk Time,25.723632
1791388275,2026-10-07T23:51:14,win.PhysicalDisk(0 C:)\Current Disk Queue Length,0.0
1791388275,2026-10-07T23:51:14,win.PhysicalDisk(1 Q:)\Current Disk Queue Length,3.0
1791388275,2026-10-07T23:51:14,win.PhysicalDisk(_Total)\Current Disk Queue Length,3.0
1791388275,2026-10-07T23:51:14,win.Process(vmmemWSL)\% Processor Time,684.228867
1791388285,2026-10-07T23:51:24,docker.dev-peer0.org1.example.com-saksi-bulletin_1.0-ee3fe73bad456e43adfc5ba27d9e5a60983b69e8496140308fb21061ecb2ff85.cpu_pct,265.13
1791388285,2026-10-07T23:51:24,docker.dev-peer0.org1.example.com-saksi-bulletin_1.0-ee3fe73bad456e43adfc5ba27d9e5a60983b69e8496140308fb21061ecb2ff85.mem_bytes,20698890.24
1791388285,2026-10-07T23:51:24,docker.dev-peer0.org1.example.com-saksi-bulletin_1.0-ee3fe73bad456e43adfc5ba27d9e5a60983b69e8496140308fb21061ecb2ff85.blk_read_bytes,4440000.0
1791388285,2026-10-07T23:51:24,docker.dev-peer0.org1.example.com-saksi-bulletin_1.0-ee3fe73bad456e43adfc5ba27d9e5a60983b69e8496140308fb21061ecb2ff85.blk_write_bytes,0.0
1791388285,2026-10-07T23:51:24,docker.dev-peer0.org2.example.com-saksi-bulletin_1.0-ee3fe73bad456e43adfc5ba27d9e5a60983b69e8496140308fb21061ecb2ff85.cpu_pct,0.0
1791388285,2026-10-07T23:51:24,docker.dev-peer0.org2.example.com-saksi-bulletin_1.0-ee3fe73bad456e43adfc5ba27d9e5a60983b69e8496140308fb21061ecb2ff85.mem_bytes,6770655.232
1791388285,2026-10-07T23:51:24,docker.dev-peer0.org2.example.com-saksi-bulletin_1.0-ee3fe73bad456e43adfc5ba27d9e5a60983b69e8496140308fb21061ecb2ff85.blk_read_bytes,0.0
1791388285,2026-10-07T23:51:24,docker.dev-peer0.org2.example.com-saksi-bulletin_1.0-ee3fe73bad456e43adfc5ba27d9e5a60983b69e8496140308fb21061ecb2ff85.blk_write_bytes,0.0
1791388285,2026-10-07T23:51:24,docker.peer0.org1.example.com.cpu_pct,263.11
1791388285,2026-10-07T23:51:24,docker.peer0.org1.example.com.mem_bytes,440192204.8
1791388285,2026-10-07T23:51:24,docker.peer0.org1.example.com.blk_read_bytes,15300000.0
1791388285,2026-10-07T23:51:24,docker.peer0.org1.example.com.blk_write_bytes,54200000000.0
1791388285,2026-10-07T23:51:24,docker.orderer.example.com.cpu_pct,53.65
1791388285,2026-10-07T23:51:24,docker.orderer.example.com.mem_bytes,4452807344.128
1791388285,2026-10-07T23:51:24,docker.orderer.example.com.blk_read_bytes,9490000.0
1791388285,2026-10-07T23:51:24,docker.orderer.example.com.blk_write_bytes,8810000000.0
1791388285,2026-10-07T23:51:24,docker.peer0.org2.example.com.cpu_pct,108.1
1791388285,2026-10-07T23:51:24,docker.peer0.org2.example.com.mem_bytes,391852851.2
1791388285,2026-10-07T23:51:24,docker.peer0.org2.example.com.blk_read_bytes,1610000.0
1791388285,2026-10-07T23:51:24,docker.peer0.org2.example.com.blk_write_bytes,54300000000.0
1791388285,2026-10-07T23:51:24,wsl.MemTotal_kb,24608408
1791388285,2026-10-07T23:51:24,wsl.MemAvailable_kb,22544068
1791388285,2026-10-07T23:51:24,wsl.SwapTotal_kb,0
1791388285,2026-10-07T23:51:24,wsl.SwapFree_kb,0
1791388285,2026-10-07T23:51:24,wsl.Dirty_kb,12580
1791388285,2026-10-07T23:51:24,wsl.load1,14.19
1791388285,2026-10-07T23:51:24,wsl.load5,14.48
1791388285,2026-10-07T23:51:24,host.c_free_bytes,31629623296
1791388285,2026-10-07T23:51:24,host.q_free_bytes,322348445696
1791388285,2026-10-07T23:51:24,host.docker_vhdx_bytes,75474403328
1791388285,2026-10-07T23:51:24,host.ubuntu_vhdx_bytes,212983611392
1791388285,2026-10-07T23:51:24,win.Processor(_Total)\% Processor Time,66.75295
1791388285,2026-10-07T23:51:24,win.Memory\Available MBytes,240.0
1791388285,2026-10-07T23:51:24,win.PhysicalDisk(0 C:)\% Disk Time,1.636674
1791388285,2026-10-07T23:51:24,win.PhysicalDisk(1 Q:)\% Disk Time,44.280352
1791388285,2026-10-07T23:51:24,win.PhysicalDisk(_Total)\% Disk Time,22.958514
1791388285,2026-10-07T23:51:24,win.PhysicalDisk(0 C:)\Current Disk Queue Length,0.0
1791388285,2026-10-07T23:51:24,win.PhysicalDisk(1 Q:)\Current Disk Queue Length,1.0
1791388285,2026-10-07T23:51:24,win.PhysicalDisk(_Total)\Current Disk Queue Length,1.0
1791388285,2026-10-07T23:51:24,win.Process(vmmemWSL)\% Processor Time,771.097572
1791388295,2026-10-07T23:51:34,docker.dev-peer0.org1.example.com-saksi-bulletin_1.0-ee3fe73bad456e43adfc5ba27d9e5a60983b69e8496140308fb21061ecb2ff85.cpu_pct,273.38
1791388295,2026-10-07T23:51:34,docker.dev-peer0.org1.example.com-saksi-bulletin_1.0-ee3fe73bad456e43adfc5ba27d9e5a60983b69e8496140308fb21061ecb2ff85.mem_bytes,20646461.44
1791388295,2026-10-07T23:51:34,docker.dev-peer0.org1.example.com-saksi-bulletin_1.0-ee3fe73bad456e43adfc5ba27d9e5a60983b69e8496140308fb21061ecb2ff85.blk_read_bytes,4440000.0
1791388295,2026-10-07T23:51:34,docker.dev-peer0.org1.example.com-saksi-bulletin_1.0-ee3fe73bad456e43adfc5ba27d9e5a60983b69e8496140308fb21061ecb2ff85.blk_write_bytes,0.0
1791388295,2026-10-07T23:51:34,docker.dev-peer0.org2.example.com-saksi-bulletin_1.0-ee3fe73bad456e43adfc5ba27d9e5a60983b69e8496140308fb21061ecb2ff85.cpu_pct,0.0
1791388295,2026-10-07T23:51:34,docker.dev-peer0.org2.example.com-saksi-bulletin_1.0-ee3fe73bad456e43adfc5ba27d9e5a60983b69e8496140308fb21061ecb2ff85.mem_bytes,6770655.232
1791388295,2026-10-07T23:51:34,docker.dev-peer0.org2.example.com-saksi-bulletin_1.0-ee3fe73bad456e43adfc5ba27d9e5a60983b69e8496140308fb21061ecb2ff85.blk_read_bytes,0.0
1791388295,2026-10-07T23:51:34,docker.dev-peer0.org2.example.com-saksi-bulletin_1.0-ee3fe73bad456e43adfc5ba27d9e5a60983b69e8496140308fb21061ecb2ff85.blk_write_bytes,0.0
1791388295,2026-10-07T23:51:34,docker.peer0.org1.example.com.cpu_pct,252.33
1791388295,2026-10-07T23:51:34,docker.peer0.org1.example.com.mem_bytes,428238438.4
1791388295,2026-10-07T23:51:34,docker.peer0.org1.example.com.blk_read_bytes,15300000.0
1791388295,2026-10-07T23:51:34,docker.peer0.org1.example.com.blk_write_bytes,55000000000.0
1791388295,2026-10-07T23:51:34,docker.orderer.example.com.cpu_pct,56.88
1791388295,2026-10-07T23:51:34,docker.orderer.example.com.mem_bytes,4599909974.016
1791388295,2026-10-07T23:51:34,docker.orderer.example.com.blk_read_bytes,9490000.0
1791388295,2026-10-07T23:51:34,docker.orderer.example.com.blk_write_bytes,8920000000.0
1791388295,2026-10-07T23:51:34,docker.peer0.org2.example.com.cpu_pct,115.3
1791388295,2026-10-07T23:51:34,docker.peer0.org2.example.com.mem_bytes,418381824.0
1791388295,2026-10-07T23:51:34,docker.peer0.org2.example.com.blk_read_bytes,1610000.0
1791388295,2026-10-07T23:51:34,docker.peer0.org2.example.com.blk_write_bytes,55100000000.0
1791388295,2026-10-07T23:51:34,wsl.MemTotal_kb,24608408
1791388295,2026-10-07T23:51:34,wsl.MemAvailable_kb,22494460
1791388295,2026-10-07T23:51:34,wsl.SwapTotal_kb,0
1791388295,2026-10-07T23:51:34,wsl.SwapFree_kb,0
1791388295,2026-10-07T23:51:34,wsl.Dirty_kb,23996
1791388295,2026-10-07T23:51:34,wsl.load1,14.86
1791388295,2026-10-07T23:51:34,wsl.load5,14.59
1791388295,2026-10-07T23:51:34,host.c_free_bytes,31630004224
1791388295,2026-10-07T23:51:34,host.q_free_bytes,321543139328
1791388295,2026-10-07T23:51:34,host.docker_vhdx_bytes,76279709696
1791388295,2026-10-07T23:51:34,host.ubuntu_vhdx_bytes,212983611392
1791388295,2026-10-07T23:51:34,win.Processor(_Total)\% Processor Time,71.820642
1791388295,2026-10-07T23:51:34,win.Memory\Available MBytes,277.0
1791388295,2026-10-07T23:51:34,win.PhysicalDisk(0 C:)\% Disk Time,4.807479
1791388295,2026-10-07T23:51:34,win.PhysicalDisk(1 Q:)\% Disk Time,36.803239
1791388295,2026-10-07T23:51:34,win.PhysicalDisk(_Total)\% Disk Time,20.805359
1791388295,2026-10-07T23:51:34,win.PhysicalDisk(0 C:)\Current Disk Queue Length,0.0
1791388295,2026-10-07T23:51:34,win.PhysicalDisk(1 Q:)\Current Disk Queue Length,3.0
1791388295,2026-10-07T23:51:34,win.PhysicalDisk(_Total)\Current Disk Queue Length,3.0
1791388295,2026-10-07T23:51:34,win.Process(vmmemWSL)\% Processor Time,817.64989
1791388305,2026-10-07T23:51:44,docker.dev-peer0.org1.example.com-saksi-bulletin_1.0-ee3fe73bad456e43adfc5ba27d9e5a60983b69e8496140308fb21061ecb2ff85.cpu_pct,255.58
1791388305,2026-10-07T23:51:44,docker.dev-peer0.org1.example.com-saksi-bulletin_1.0-ee3fe73bad456e43adfc5ba27d9e5a60983b69e8496140308fb21061ecb2ff85.mem_bytes,19398656.0
1791388305,2026-10-07T23:51:44,docker.dev-peer0.org1.example.com-saksi-bulletin_1.0-ee3fe73bad456e43adfc5ba27d9e5a60983b69e8496140308fb21061ecb2ff85.blk_read_bytes,4440000.0
1791388305,2026-10-07T23:51:44,docker.dev-peer0.org1.example.com-saksi-bulletin_1.0-ee3fe73bad456e43adfc5ba27d9e5a60983b69e8496140308fb21061ecb2ff85.blk_write_bytes,0.0
1791388305,2026-10-07T23:51:44,docker.dev-peer0.org2.example.com-saksi-bulletin_1.0-ee3fe73bad456e43adfc5ba27d9e5a60983b69e8496140308fb21061ecb2ff85.cpu_pct,0.0
1791388305,2026-10-07T23:51:44,docker.dev-peer0.org2.example.com-saksi-bulletin_1.0-ee3fe73bad456e43adfc5ba27d9e5a60983b69e8496140308fb21061ecb2ff85.mem_bytes,6770655.232
1791388305,2026-10-07T23:51:44,docker.dev-peer0.org2.example.com-saksi-bulletin_1.0-ee3fe73bad456e43adfc5ba27d9e5a60983b69e8496140308fb21061ecb2ff85.blk_read_bytes,0.0
1791388305,2026-10-07T23:51:44,docker.dev-peer0.org2.example.com-saksi-bulletin_1.0-ee3fe73bad456e43adfc5ba27d9e5a60983b69e8496140308fb21061ecb2ff85.blk_write_bytes,0.0
1791388305,2026-10-07T23:51:44,docker.peer0.org1.example.com.cpu_pct,253.92
1791388305,2026-10-07T23:51:44,docker.peer0.org1.example.com.mem_bytes,431593881.6
1791388305,2026-10-07T23:51:44,docker.peer0.org1.example.com.blk_read_bytes,15400000.0
1791388305,2026-10-07T23:51:44,docker.peer0.org1.example.com.blk_write_bytes,55700000000.0
1791388305,2026-10-07T23:51:44,docker.orderer.example.com.cpu_pct,55.82
1791388305,2026-10-07T23:51:44,docker.orderer.example.com.mem_bytes,4716947832.832
1791388305,2026-10-07T23:51:44,docker.orderer.example.com.blk_read_bytes,9490000.0
1791388305,2026-10-07T23:51:44,docker.orderer.example.com.blk_write_bytes,9000000000.0
1791388305,2026-10-07T23:51:44,docker.peer0.org2.example.com.cpu_pct,116.0
1791388305,2026-10-07T23:51:44,docker.peer0.org2.example.com.mem_bytes,421632409.6
1791388305,2026-10-07T23:51:44,docker.peer0.org2.example.com.blk_read_bytes,1630000.0
1791388305,2026-10-07T23:51:44,docker.peer0.org2.example.com.blk_write_bytes,55800000000.0
1791388305,2026-10-07T23:51:44,wsl.MemTotal_kb,24608408
1791388305,2026-10-07T23:51:44,wsl.MemAvailable_kb,22369324
1791388305,2026-10-07T23:51:44,wsl.SwapTotal_kb,0
1791388305,2026-10-07T23:51:44,wsl.SwapFree_kb,0
1791388305,2026-10-07T23:51:44,wsl.Dirty_kb,34800
1791388305,2026-10-07T23:51:44,wsl.load1,13.42
1791388305,2026-10-07T23:51:44,wsl.load5,14.29
1791388305,2026-10-07T23:51:44,host.c_free_bytes,31629459456
1791388305,2026-10-07T23:51:44,host.q_free_bytes,320939159552
1791388305,2026-10-07T23:51:44,host.docker_vhdx_bytes,76883689472
1791388305,2026-10-07T23:51:44,host.ubuntu_vhdx_bytes,212983611392
1791388305,2026-10-07T23:51:44,win.Processor(_Total)\% Processor Time,63.164742
1791388305,2026-10-07T23:51:44,win.Memory\Available MBytes,262.0
1791388305,2026-10-07T23:51:44,win.PhysicalDisk(0 C:)\% Disk Time,39.160566
1791388305,2026-10-07T23:51:44,win.PhysicalDisk(1 Q:)\% Disk Time,64.527498
1791388305,2026-10-07T23:51:44,win.PhysicalDisk(_Total)\% Disk Time,51.844033
1791388305,2026-10-07T23:51:44,win.PhysicalDisk(0 C:)\Current Disk Queue Length,0.0
1791388305,2026-10-07T23:51:44,win.PhysicalDisk(1 Q:)\Current Disk Queue Length,1.0
1791388305,2026-10-07T23:51:44,win.PhysicalDisk(_Total)\Current Disk Queue Length,1.0
1791388305,2026-10-07T23:51:44,win.Process(vmmemWSL)\% Processor Time,670.391942
1791388315,2026-10-07T23:51:54,docker.dev-peer0.org1.example.com-saksi-bulletin_1.0-ee3fe73bad456e43adfc5ba27d9e5a60983b69e8496140308fb21061ecb2ff85.cpu_pct,125.51
1791388315,2026-10-07T23:51:54,docker.dev-peer0.org1.example.com-saksi-bulletin_1.0-ee3fe73bad456e43adfc5ba27d9e5a60983b69e8496140308fb21061ecb2ff85.mem_bytes,20436746.24
1791388315,2026-10-07T23:51:54,docker.dev-peer0.org1.example.com-saksi-bulletin_1.0-ee3fe73bad456e43adfc5ba27d9e5a60983b69e8496140308fb21061ecb2ff85.blk_read_bytes,4440000.0
1791388315,2026-10-07T23:51:54,docker.dev-peer0.org1.example.com-saksi-bulletin_1.0-ee3fe73bad456e43adfc5ba27d9e5a60983b69e8496140308fb21061ecb2ff85.blk_write_bytes,0.0
1791388315,2026-10-07T23:51:54,docker.dev-peer0.org2.example.com-saksi-bulletin_1.0-ee3fe73bad456e43adfc5ba27d9e5a60983b69e8496140308fb21061ecb2ff85.cpu_pct,0.0
1791388315,2026-10-07T23:51:54,docker.dev-peer0.org2.example.com-saksi-bulletin_1.0-ee3fe73bad456e43adfc5ba27d9e5a60983b69e8496140308fb21061ecb2ff85.mem_bytes,6770655.232
1791388315,2026-10-07T23:51:54,docker.dev-peer0.org2.example.com-saksi-bulletin_1.0-ee3fe73bad456e43adfc5ba27d9e5a60983b69e8496140308fb21061ecb2ff85.blk_read_bytes,0.0
1791388315,2026-10-07T23:51:54,docker.dev-peer0.org2.example.com-saksi-bulletin_1.0-ee3fe73bad456e43adfc5ba27d9e5a60983b69e8496140308fb21061ecb2ff85.blk_write_bytes,0.0
1791388315,2026-10-07T23:51:54,docker.peer0.org1.example.com.cpu_pct,187.92
1791388315,2026-10-07T23:51:54,docker.peer0.org1.example.com.mem_bytes,451936256.0
1791388315,2026-10-07T23:51:54,docker.peer0.org1.example.com.blk_read_bytes,15400000.0
1791388315,2026-10-07T23:51:54,docker.peer0.org1.example.com.blk_write_bytes,56400000000.0
1791388315,2026-10-07T23:51:54,docker.orderer.example.com.cpu_pct,28.99
1791388315,2026-10-07T23:51:54,docker.orderer.example.com.mem_bytes,4879082848.256
1791388315,2026-10-07T23:51:54,docker.orderer.example.com.blk_read_bytes,9500000.0
1791388315,2026-10-07T23:51:54,docker.orderer.example.com.blk_write_bytes,9100000000.0
1791388315,2026-10-07T23:51:54,docker.peer0.org2.example.com.cpu_pct,54.13
1791388315,2026-10-07T23:51:54,docker.peer0.org2.example.com.mem_bytes,408315494.4
1791388315,2026-10-07T23:51:54,docker.peer0.org2.example.com.blk_read_bytes,1640000.0
1791388315,2026-10-07T23:51:54,docker.peer0.org2.example.com.blk_write_bytes,56500000000.0
1791388315,2026-10-07T23:51:54,wsl.MemTotal_kb,24608408
1791388315,2026-10-07T23:51:54,wsl.MemAvailable_kb,22262696
1791388315,2026-10-07T23:51:54,wsl.SwapTotal_kb,0
1791388315,2026-10-07T23:51:54,wsl.SwapFree_kb,0
1791388315,2026-10-07T23:51:54,wsl.Dirty_kb,10420
1791388315,2026-10-07T23:51:54,wsl.load1,12.28
1791388315,2026-10-07T23:51:54,wsl.load5,14.02
1791388315,2026-10-07T23:51:54,host.c_free_bytes,31628955648
1791388315,2026-10-07T23:51:54,host.q_free_bytes,320167407616
1791388315,2026-10-07T23:51:54,host.docker_vhdx_bytes,77655441408
1791388315,2026-10-07T23:51:54,host.ubuntu_vhdx_bytes,212983611392
1791388315,2026-10-07T23:51:54,win.Processor(_Total)\% Processor Time,66.591043
1791388315,2026-10-07T23:51:54,win.Memory\Available MBytes,266.0
1791388315,2026-10-07T23:51:54,win.PhysicalDisk(0 C:)\% Disk Time,1.470842
1791388315,2026-10-07T23:51:54,win.PhysicalDisk(1 Q:)\% Disk Time,47.080671
1791388315,2026-10-07T23:51:54,win.PhysicalDisk(_Total)\% Disk Time,24.275756
1791388315,2026-10-07T23:51:54,win.PhysicalDisk(0 C:)\Current Disk Queue Length,0.0
1791388315,2026-10-07T23:51:54,win.PhysicalDisk(1 Q:)\Current Disk Queue Length,3.0
1791388315,2026-10-07T23:51:54,win.PhysicalDisk(_Total)\Current Disk Queue Length,3.0
1791388315,2026-10-07T23:51:54,win.Process(vmmemWSL)\% Processor Time,728.9085
1791388325,2026-10-07T23:52:04,docker.dev-peer0.org1.example.com-saksi-bulletin_1.0-ee3fe73bad456e43adfc5ba27d9e5a60983b69e8496140308fb21061ecb2ff85.cpu_pct,289.92
1791388325,2026-10-07T23:52:04,docker.dev-peer0.org1.example.com-saksi-bulletin_1.0-ee3fe73bad456e43adfc5ba27d9e5a60983b69e8496140308fb21061ecb2ff85.mem_bytes,20646461.44
1791388325,2026-10-07T23:52:04,docker.dev-peer0.org1.example.com-saksi-bulletin_1.0-ee3fe73bad456e43adfc5ba27d9e5a60983b69e8496140308fb21061ecb2ff85.blk_read_bytes,4440000.0
1791388325,2026-10-07T23:52:04,docker.dev-peer0.org1.example.com-saksi-bulletin_1.0-ee3fe73bad456e43adfc5ba27d9e5a60983b69e8496140308fb21061ecb2ff85.blk_write_bytes,0.0
1791388325,2026-10-07T23:52:04,docker.dev-peer0.org2.example.com-saksi-bulletin_1.0-ee3fe73bad456e43adfc5ba27d9e5a60983b69e8496140308fb21061ecb2ff85.cpu_pct,0.0
1791388325,2026-10-07T23:52:04,docker.dev-peer0.org2.example.com-saksi-bulletin_1.0-ee3fe73bad456e43adfc5ba27d9e5a60983b69e8496140308fb21061ecb2ff85.mem_bytes,6770655.232
1791388325,2026-10-07T23:52:04,docker.dev-peer0.org2.example.com-saksi-bulletin_1.0-ee3fe73bad456e43adfc5ba27d9e5a60983b69e8496140308fb21061ecb2ff85.blk_read_bytes,0.0
1791388325,2026-10-07T23:52:04,docker.dev-peer0.org2.example.com-saksi-bulletin_1.0-ee3fe73bad456e43adfc5ba27d9e5a60983b69e8496140308fb21061ecb2ff85.blk_write_bytes,0.0
1791388325,2026-10-07T23:52:04,docker.peer0.org1.example.com.cpu_pct,269.8
1791388325,2026-10-07T23:52:04,docker.peer0.org1.example.com.mem_bytes,470286336.0
1791388325,2026-10-07T23:52:04,docker.peer0.org1.example.com.blk_read_bytes,15400000.0
1791388325,2026-10-07T23:52:04,docker.peer0.org1.example.com.blk_write_bytes,57100000000.0
1791388325,2026-10-07T23:52:04,docker.orderer.example.com.cpu_pct,62.02
1791388325,2026-10-07T23:52:04,docker.orderer.example.com.mem_bytes,5009005608.96
1791388325,2026-10-07T23:52:04,docker.orderer.example.com.blk_read_bytes,9500000.0
1791388325,2026-10-07T23:52:04,docker.orderer.example.com.blk_write_bytes,9200000000.0
1791388325,2026-10-07T23:52:04,docker.peer0.org2.example.com.cpu_pct,107.44
1791388325,2026-10-07T23:52:04,docker.peer0.org2.example.com.mem_bytes,429077299.2
1791388325,2026-10-07T23:52:04,docker.peer0.org2.example.com.blk_read_bytes,1650000.0
1791388325,2026-10-07T23:52:04,docker.peer0.org2.example.com.blk_write_bytes,57200000000.0
1791388325,2026-10-07T23:52:04,wsl.MemTotal_kb,24608408
1791388325,2026-10-07T23:52:04,wsl.MemAvailable_kb,22140072
1791388325,2026-10-07T23:52:04,wsl.SwapTotal_kb,0
1791388325,2026-10-07T23:52:04,wsl.SwapFree_kb,0
1791388325,2026-10-07T23:52:04,wsl.Dirty_kb,22976
1791388325,2026-10-07T23:52:04,wsl.load1,12.79
1791388325,2026-10-07T23:52:04,wsl.load5,14.08
1791388325,2026-10-07T23:52:04,host.c_free_bytes,31629676544
1791388325,2026-10-07T23:52:04,host.q_free_bytes,319127220224
1791388325,2026-10-07T23:52:04,host.docker_vhdx_bytes,78695628800
1791388325,2026-10-07T23:52:04,host.ubuntu_vhdx_bytes,212983611392
1791388325,2026-10-07T23:52:04,win.Processor(_Total)\% Processor Time,66.645593
1791388325,2026-10-07T23:52:04,win.Memory\Available MBytes,248.0
1791388325,2026-10-07T23:52:04,win.PhysicalDisk(0 C:)\% Disk Time,45.369407
1791388325,2026-10-07T23:52:04,win.PhysicalDisk(1 Q:)\% Disk Time,48.968787
1791388325,2026-10-07T23:52:04,win.PhysicalDisk(_Total)\% Disk Time,47.169097
1791388325,2026-10-07T23:52:04,win.PhysicalDisk(0 C:)\Current Disk Queue Length,0.0
1791388325,2026-10-07T23:52:04,win.PhysicalDisk(1 Q:)\Current Disk Queue Length,1.0
1791388325,2026-10-07T23:52:04,win.PhysicalDisk(_Total)\Current Disk Queue Length,1.0
1791388325,2026-10-07T23:52:04,win.Process(vmmemWSL)\% Processor Time,738.051651
1791388335,2026-10-07T23:52:14,docker.dev-peer0.org1.example.com-saksi-bulletin_1.0-ee3fe73bad456e43adfc5ba27d9e5a60983b69e8496140308fb21061ecb2ff85.cpu_pct,0.0
1791388335,2026-10-07T23:52:14,docker.dev-peer0.org1.example.com-saksi-bulletin_1.0-ee3fe73bad456e43adfc5ba27d9e5a60983b69e8496140308fb21061ecb2ff85.mem_bytes,19807600.64
1791388335,2026-10-07T23:52:14,docker.dev-peer0.org1.example.com-saksi-bulletin_1.0-ee3fe73bad456e43adfc5ba27d9e5a60983b69e8496140308fb21061ecb2ff85.blk_read_bytes,4440000.0
1791388335,2026-10-07T23:52:14,docker.dev-peer0.org1.example.com-saksi-bulletin_1.0-ee3fe73bad456e43adfc5ba27d9e5a60983b69e8496140308fb21061ecb2ff85.blk_write_bytes,0.0
1791388335,2026-10-07T23:52:14,docker.dev-peer0.org2.example.com-saksi-bulletin_1.0-ee3fe73bad456e43adfc5ba27d9e5a60983b69e8496140308fb21061ecb2ff85.cpu_pct,0.0
1791388335,2026-10-07T23:52:14,docker.dev-peer0.org2.example.com-saksi-bulletin_1.0-ee3fe73bad456e43adfc5ba27d9e5a60983b69e8496140308fb21061ecb2ff85.mem_bytes,6770655.232
1791388335,2026-10-07T23:52:14,docker.dev-peer0.org2.example.com-saksi-bulletin_1.0-ee3fe73bad456e43adfc5ba27d9e5a60983b69e8496140308fb21061ecb2ff85.blk_read_bytes,0.0
1791388335,2026-10-07T23:52:14,docker.dev-peer0.org2.example.com-saksi-bulletin_1.0-ee3fe73bad456e43adfc5ba27d9e5a60983b69e8496140308fb21061ecb2ff85.blk_write_bytes,0.0
1791388335,2026-10-07T23:52:14,docker.peer0.org1.example.com.cpu_pct,51.13
1791388335,2026-10-07T23:52:14,docker.peer0.org1.example.com.mem_bytes,648858828.8
1791388335,2026-10-07T23:52:14,docker.peer0.org1.example.com.blk_read_bytes,273000000.0
1791388335,2026-10-07T23:52:14,docker.peer0.org1.example.com.blk_write_bytes,57500000000.0
1791388335,2026-10-07T23:52:14,docker.orderer.example.com.cpu_pct,0.04
1791388335,2026-10-07T23:52:14,docker.orderer.example.com.mem_bytes,5004710641.664
1791388335,2026-10-07T23:52:14,docker.orderer.example.com.blk_read_bytes,9500000.0
1791388335,2026-10-07T23:52:14,docker.orderer.example.com.blk_write_bytes,9220000000.0
1791388335,2026-10-07T23:52:14,docker.peer0.org2.example.com.cpu_pct,2.05
1791388335,2026-10-07T23:52:14,docker.peer0.org2.example.com.mem_bytes,413243801.6
1791388335,2026-10-07T23:52:14,docker.peer0.org2.example.com.blk_read_bytes,1650000.0
1791388335,2026-10-07T23:52:14,docker.peer0.org2.example.com.blk_write_bytes,57500000000.0
1791388335,2026-10-07T23:52:14,wsl.MemTotal_kb,24608408
1791388335,2026-10-07T23:52:14,wsl.MemAvailable_kb,22202184
1791388335,2026-10-07T23:52:14,wsl.SwapTotal_kb,0
1791388335,2026-10-07T23:52:14,wsl.SwapFree_kb,0
1791388335,2026-10-07T23:52:14,wsl.Dirty_kb,35468
1791388335,2026-10-07T23:52:14,wsl.load1,11.2
1791388335,2026-10-07T23:52:14,wsl.load5,13.7
1791388335,2026-10-07T23:52:14,host.c_free_bytes,31629283328
1791388335,2026-10-07T23:52:14,host.q_free_bytes,318858784768
1791388335,2026-10-07T23:52:14,host.docker_vhdx_bytes,78964064256
1791388335,2026-10-07T23:52:14,host.ubuntu_vhdx_bytes,212983611392
1791388335,2026-10-07T23:52:14,win.Processor(_Total)\% Processor Time,61.865988
1791388335,2026-10-07T23:52:14,win.Memory\Available MBytes,233.0
1791388335,2026-10-07T23:52:14,win.PhysicalDisk(0 C:)\% Disk Time,1.018068
1791388335,2026-10-07T23:52:14,win.PhysicalDisk(1 Q:)\% Disk Time,51.602914
1791388335,2026-10-07T23:52:14,win.PhysicalDisk(_Total)\% Disk Time,26.310491
1791388335,2026-10-07T23:52:14,win.PhysicalDisk(0 C:)\Current Disk Queue Length,0.0
1791388335,2026-10-07T23:52:14,win.PhysicalDisk(1 Q:)\Current Disk Queue Length,1.0
1791388335,2026-10-07T23:52:14,win.PhysicalDisk(_Total)\Current Disk Queue Length,1.0
1791388335,2026-10-07T23:52:14,win.Process(vmmemWSL)\% Processor Time,675.979217
1791388345,2026-10-07T23:52:24,docker.dev-peer0.org1.example.com-saksi-bulletin_1.0-ee3fe73bad456e43adfc5ba27d9e5a60983b69e8496140308fb21061ecb2ff85.cpu_pct,0.0
1791388345,2026-10-07T23:52:24,docker.dev-peer0.org1.example.com-saksi-bulletin_1.0-ee3fe73bad456e43adfc5ba27d9e5a60983b69e8496140308fb21061ecb2ff85.mem_bytes,19461570.56
1791388345,2026-10-07T23:52:24,docker.dev-peer0.org1.example.com-saksi-bulletin_1.0-ee3fe73bad456e43adfc5ba27d9e5a60983b69e8496140308fb21061ecb2ff85.blk_read_bytes,4440000.0
1791388345,2026-10-07T23:52:24,docker.dev-peer0.org1.example.com-saksi-bulletin_1.0-ee3fe73bad456e43adfc5ba27d9e5a60983b69e8496140308fb21061ecb2ff85.blk_write_bytes,0.0
1791388345,2026-10-07T23:52:24,docker.dev-peer0.org2.example.com-saksi-bulletin_1.0-ee3fe73bad456e43adfc5ba27d9e5a60983b69e8496140308fb21061ecb2ff85.cpu_pct,0.0
1791388345,2026-10-07T23:52:24,docker.dev-peer0.org2.example.com-saksi-bulletin_1.0-ee3fe73bad456e43adfc5ba27d9e5a60983b69e8496140308fb21061ecb2ff85.mem_bytes,6770655.232
1791388345,2026-10-07T23:52:24,docker.dev-peer0.org2.example.com-saksi-bulletin_1.0-ee3fe73bad456e43adfc5ba27d9e5a60983b69e8496140308fb21061ecb2ff85.blk_read_bytes,0.0
1791388345,2026-10-07T23:52:24,docker.dev-peer0.org2.example.com-saksi-bulletin_1.0-ee3fe73bad456e43adfc5ba27d9e5a60983b69e8496140308fb21061ecb2ff85.blk_write_bytes,0.0
1791388345,2026-10-07T23:52:24,docker.peer0.org1.example.com.cpu_pct,57.84
1791388345,2026-10-07T23:52:24,docker.peer0.org1.example.com.mem_bytes,1051721728.0
1791388345,2026-10-07T23:52:24,docker.peer0.org1.example.com.blk_read_bytes,686000000.0
1791388345,2026-10-07T23:52:24,docker.peer0.org1.example.com.blk_write_bytes,57500000000.0
1791388345,2026-10-07T23:52:24,docker.orderer.example.com.cpu_pct,0.07
1791388345,2026-10-07T23:52:24,docker.orderer.example.com.mem_bytes,4967129677.824
1791388345,2026-10-07T23:52:24,docker.orderer.example.com.blk_read_bytes,9500000.0
1791388345,2026-10-07T23:52:24,docker.orderer.example.com.blk_write_bytes,9220000000.0
1791388345,2026-10-07T23:52:24,docker.peer0.org2.example.com.cpu_pct,1.6
1791388345,2026-10-07T23:52:24,docker.peer0.org2.example.com.mem_bytes,409154355.2
1791388345,2026-10-07T23:52:24,docker.peer0.org2.example.com.blk_read_bytes,1650000.0
1791388345,2026-10-07T23:52:24,docker.peer0.org2.example.com.blk_write_bytes,57500000000.0
1791388345,2026-10-07T23:52:24,wsl.MemTotal_kb,24608408
1791388345,2026-10-07T23:52:24,wsl.MemAvailable_kb,22219928
1791388345,2026-10-07T23:52:24,wsl.SwapTotal_kb,0
1791388345,2026-10-07T23:52:24,wsl.SwapFree_kb,0
1791388345,2026-10-07T23:52:24,wsl.Dirty_kb,21128
1791388345,2026-10-07T23:52:24,wsl.load1,9.71
1791388345,2026-10-07T23:52:24,wsl.load5,13.3
1791388345,2026-10-07T23:52:24,host.c_free_bytes,31628890112
1791388345,2026-10-07T23:52:24,host.q_free_bytes,318858784768
1791388345,2026-10-07T23:52:24,host.docker_vhdx_bytes,78964064256
1791388345,2026-10-07T23:52:24,host.ubuntu_vhdx_bytes,212983611392
1791388345,2026-10-07T23:52:24,win.Processor(_Total)\% Processor Time,67.939526
1791388345,2026-10-07T23:52:24,win.Memory\Available MBytes,256.0
1791388345,2026-10-07T23:52:24,win.PhysicalDisk(0 C:)\% Disk Time,2.929794
1791388345,2026-10-07T23:52:24,win.PhysicalDisk(1 Q:)\% Disk Time,44.840704
1791388345,2026-10-07T23:52:24,win.PhysicalDisk(_Total)\% Disk Time,23.885248
1791388345,2026-10-07T23:52:24,win.PhysicalDisk(0 C:)\Current Disk Queue Length,0.0
1791388345,2026-10-07T23:52:24,win.PhysicalDisk(1 Q:)\Current Disk Queue Length,1.0
1791388345,2026-10-07T23:52:24,win.PhysicalDisk(_Total)\Current Disk Queue Length,1.0
1791388345,2026-10-07T23:52:24,win.Process(vmmemWSL)\% Processor Time,776.396042
1791388355,2026-10-07T23:52:34,docker.dev-peer0.org1.example.com-saksi-bulletin_1.0-ee3fe73bad456e43adfc5ba27d9e5a60983b69e8496140308fb21061ecb2ff85.cpu_pct,0.0
1791388355,2026-10-07T23:52:34,docker.dev-peer0.org1.example.com-saksi-bulletin_1.0-ee3fe73bad456e43adfc5ba27d9e5a60983b69e8496140308fb21061ecb2ff85.mem_bytes,19230883.84
1791388355,2026-10-07T23:52:34,docker.dev-peer0.org1.example.com-saksi-bulletin_1.0-ee3fe73bad456e43adfc5ba27d9e5a60983b69e8496140308fb21061ecb2ff85.blk_read_bytes,4440000.0
1791388355,2026-10-07T23:52:34,docker.dev-peer0.org1.example.com-saksi-bulletin_1.0-ee3fe73bad456e43adfc5ba27d9e5a60983b69e8496140308fb21061ecb2ff85.blk_write_bytes,0.0
1791388355,2026-10-07T23:52:34,docker.dev-peer0.org2.example.com-saksi-bulletin_1.0-ee3fe73bad456e43adfc5ba27d9e5a60983b69e8496140308fb21061ecb2ff85.cpu_pct,0.0
1791388355,2026-10-07T23:52:34,docker.dev-peer0.org2.example.com-saksi-bulletin_1.0-ee3fe73bad456e43adfc5ba27d9e5a60983b69e8496140308fb21061ecb2ff85.mem_bytes,6770655.232
1791388355,2026-10-07T23:52:34,docker.dev-peer0.org2.example.com-saksi-bulletin_1.0-ee3fe73bad456e43adfc5ba27d9e5a60983b69e8496140308fb21061ecb2ff85.blk_read_bytes,0.0
1791388355,2026-10-07T23:52:34,docker.dev-peer0.org2.example.com-saksi-bulletin_1.0-ee3fe73bad456e43adfc5ba27d9e5a60983b69e8496140308fb21061ecb2ff85.blk_write_bytes,0.0
1791388355,2026-10-07T23:52:34,docker.peer0.org1.example.com.cpu_pct,56.71
1791388355,2026-10-07T23:52:34,docker.peer0.org1.example.com.mem_bytes,1436666560.512
1791388355,2026-10-07T23:52:34,docker.peer0.org1.example.com.blk_read_bytes,1080000000.0
1791388355,2026-10-07T23:52:34,docker.peer0.org1.example.com.blk_write_bytes,57500000000.0
1791388355,2026-10-07T23:52:34,docker.orderer.example.com.cpu_pct,0.04
1791388355,2026-10-07T23:52:34,docker.orderer.example.com.mem_bytes,4957466001.408
1791388355,2026-10-07T23:52:34,docker.orderer.example.com.blk_read_bytes,9500000.0
1791388355,2026-10-07T23:52:34,docker.orderer.example.com.blk_write_bytes,9220000000.0
1791388355,2026-10-07T23:52:34,docker.peer0.org2.example.com.cpu_pct,1.95
1791388355,2026-10-07T23:52:34,docker.peer0.org2.example.com.mem_bytes,405798912.0
1791388355,2026-10-07T23:52:34,docker.peer0.org2.example.com.blk_read_bytes,1650000.0
1791388355,2026-10-07T23:52:34,docker.peer0.org2.example.com.blk_write_bytes,57500000000.0
1791388355,2026-10-07T23:52:34,wsl.MemTotal_kb,24608408
1791388355,2026-10-07T23:52:34,wsl.MemAvailable_kb,22225252
1791388355,2026-10-07T23:52:34,wsl.SwapTotal_kb,0
1791388355,2026-10-07T23:52:34,wsl.SwapFree_kb,0
1791388355,2026-10-07T23:52:34,wsl.Dirty_kb,33564
1791388355,2026-10-07T23:52:34,wsl.load1,8.67
1791388355,2026-10-07T23:52:34,wsl.load5,12.96
1791388355,2026-10-07T23:52:34,host.c_free_bytes,31629479936
1791388355,2026-10-07T23:52:34,host.q_free_bytes,318858784768
1791388355,2026-10-07T23:52:34,host.docker_vhdx_bytes,78964064256
1791388355,2026-10-07T23:52:34,host.ubuntu_vhdx_bytes,212983611392
1791388355,2026-10-07T23:52:34,win.Processor(_Total)\% Processor Time,42.18386
1791388355,2026-10-07T23:52:34,win.Memory\Available MBytes,238.0
1791388355,2026-10-07T23:52:34,win.PhysicalDisk(0 C:)\% Disk Time,1.846977
1791388355,2026-10-07T23:52:34,win.PhysicalDisk(1 Q:)\% Disk Time,14.810219
1791388355,2026-10-07T23:52:34,win.PhysicalDisk(_Total)\% Disk Time,8.328598
1791388355,2026-10-07T23:52:34,win.PhysicalDisk(0 C:)\Current Disk Queue Length,0.0
1791388355,2026-10-07T23:52:34,win.PhysicalDisk(1 Q:)\Current Disk Queue Length,0.0
1791388355,2026-10-07T23:52:34,win.PhysicalDisk(_Total)\Current Disk Queue Length,0.0
1791388355,2026-10-07T23:52:34,win.Process(vmmemWSL)\% Processor Time,394.090109
1791388365,2026-10-07T23:52:44,docker.dev-peer0.org1.example.com-saksi-bulletin_1.0-ee3fe73bad456e43adfc5ba27d9e5a60983b69e8496140308fb21061ecb2ff85.cpu_pct,0.0
1791388365,2026-10-07T23:52:44,docker.dev-peer0.org1.example.com-saksi-bulletin_1.0-ee3fe73bad456e43adfc5ba27d9e5a60983b69e8496140308fb21061ecb2ff85.mem_bytes,19000197.12
1791388365,2026-10-07T23:52:44,docker.dev-peer0.org1.example.com-saksi-bulletin_1.0-ee3fe73bad456e43adfc5ba27d9e5a60983b69e8496140308fb21061ecb2ff85.blk_read_bytes,4440000.0
1791388365,2026-10-07T23:52:44,docker.dev-peer0.org1.example.com-saksi-bulletin_1.0-ee3fe73bad456e43adfc5ba27d9e5a60983b69e8496140308fb21061ecb2ff85.blk_write_bytes,0.0
1791388365,2026-10-07T23:52:44,docker.dev-peer0.org2.example.com-saksi-bulletin_1.0-ee3fe73bad456e43adfc5ba27d9e5a60983b69e8496140308fb21061ecb2ff85.cpu_pct,0.0
1791388365,2026-10-07T23:52:44,docker.dev-peer0.org2.example.com-saksi-bulletin_1.0-ee3fe73bad456e43adfc5ba27d9e5a60983b69e8496140308fb21061ecb2ff85.mem_bytes,6770655.232
1791388365,2026-10-07T23:52:44,docker.dev-peer0.org2.example.com-saksi-bulletin_1.0-ee3fe73bad456e43adfc5ba27d9e5a60983b69e8496140308fb21061ecb2ff85.blk_read_bytes,0.0
1791388365,2026-10-07T23:52:44,docker.dev-peer0.org2.example.com-saksi-bulletin_1.0-ee3fe73bad456e43adfc5ba27d9e5a60983b69e8496140308fb21061ecb2ff85.blk_write_bytes,0.0
1791388365,2026-10-07T23:52:44,docker.peer0.org1.example.com.cpu_pct,57.66
1791388365,2026-10-07T23:52:44,docker.peer0.org1.example.com.mem_bytes,1766305300.48
1791388365,2026-10-07T23:52:44,docker.peer0.org1.example.com.blk_read_bytes,1420000000.0
1791388365,2026-10-07T23:52:44,docker.peer0.org1.example.com.blk_write_bytes,57500000000.0
1791388365,2026-10-07T23:52:44,docker.orderer.example.com.cpu_pct,0.05
1791388365,2026-10-07T23:52:44,docker.orderer.example.com.mem_bytes,4947802324.992
1791388365,2026-10-07T23:52:44,docker.orderer.example.com.blk_read_bytes,9500000.0
1791388365,2026-10-07T23:52:44,docker.orderer.example.com.blk_write_bytes,9220000000.0
1791388365,2026-10-07T23:52:44,docker.peer0.org2.example.com.cpu_pct,1.61
1791388365,2026-10-07T23:52:44,docker.peer0.org2.example.com.mem_bytes,401604608.0
1791388365,2026-10-07T23:52:44,docker.peer0.org2.example.com.blk_read_bytes,1650000.0
1791388365,2026-10-07T23:52:44,docker.peer0.org2.example.com.blk_write_bytes,57500000000.0
1791388365,2026-10-07T23:52:44,wsl.MemTotal_kb,24608408
1791388365,2026-10-07T23:52:44,wsl.MemAvailable_kb,22231800
1791388365,2026-10-07T23:52:44,wsl.SwapTotal_kb,0
1791388365,2026-10-07T23:52:44,wsl.SwapFree_kb,0
1791388365,2026-10-07T23:52:44,wsl.Dirty_kb,8692
1791388365,2026-10-07T23:52:44,wsl.load1,7.56
1791388365,2026-10-07T23:52:44,wsl.load5,12.58
1791388365,2026-10-07T23:52:44,host.c_free_bytes,31629025280
1791388365,2026-10-07T23:52:44,host.q_free_bytes,318858784768
1791388365,2026-10-07T23:52:44,host.docker_vhdx_bytes,78964064256
1791388365,2026-10-07T23:52:44,host.ubuntu_vhdx_bytes,212983611392
1791388365,2026-10-07T23:52:44,win.Processor(_Total)\% Processor Time,36.597878
1791388365,2026-10-07T23:52:44,win.Memory\Available MBytes,252.0
1791388365,2026-10-07T23:52:44,win.PhysicalDisk(0 C:)\% Disk Time,1.644387
1791388365,2026-10-07T23:52:44,win.PhysicalDisk(1 Q:)\% Disk Time,7.297712
1791388365,2026-10-07T23:52:44,win.PhysicalDisk(_Total)\% Disk Time,4.47105
1791388365,2026-10-07T23:52:44,win.PhysicalDisk(0 C:)\Current Disk Queue Length,0.0
1791388365,2026-10-07T23:52:44,win.PhysicalDisk(1 Q:)\Current Disk Queue Length,0.0
1791388365,2026-10-07T23:52:44,win.PhysicalDisk(_Total)\Current Disk Queue Length,0.0
1791388365,2026-10-07T23:52:44,win.Process(vmmemWSL)\% Processor Time,301.225887
1791388375,2026-10-07T23:52:54,docker.dev-peer0.org1.example.com-saksi-bulletin_1.0-ee3fe73bad456e43adfc5ba27d9e5a60983b69e8496140308fb21061ecb2ff85.cpu_pct,0.0
1791388375,2026-10-07T23:52:54,docker.dev-peer0.org1.example.com-saksi-bulletin_1.0-ee3fe73bad456e43adfc5ba27d9e5a60983b69e8496140308fb21061ecb2ff85.mem_bytes,18790481.92
1791388375,2026-10-07T23:52:54,docker.dev-peer0.org1.example.com-saksi-bulletin_1.0-ee3fe73bad456e43adfc5ba27d9e5a60983b69e8496140308fb21061ecb2ff85.blk_read_bytes,4440000.0
1791388375,2026-10-07T23:52:54,docker.dev-peer0.org1.example.com-saksi-bulletin_1.0-ee3fe73bad456e43adfc5ba27d9e5a60983b69e8496140308fb21061ecb2ff85.blk_write_bytes,0.0
1791388375,2026-10-07T23:52:54,docker.dev-peer0.org2.example.com-saksi-bulletin_1.0-ee3fe73bad456e43adfc5ba27d9e5a60983b69e8496140308fb21061ecb2ff85.cpu_pct,0.0
1791388375,2026-10-07T23:52:54,docker.dev-peer0.org2.example.com-saksi-bulletin_1.0-ee3fe73bad456e43adfc5ba27d9e5a60983b69e8496140308fb21061ecb2ff85.mem_bytes,7290748.928
1791388375,2026-10-07T23:52:54,docker.dev-peer0.org2.example.com-saksi-bulletin_1.0-ee3fe73bad456e43adfc5ba27d9e5a60983b69e8496140308fb21061ecb2ff85.blk_read_bytes,0.0
1791388375,2026-10-07T23:52:54,docker.dev-peer0.org2.example.com-saksi-bulletin_1.0-ee3fe73bad456e43adfc5ba27d9e5a60983b69e8496140308fb21061ecb2ff85.blk_write_bytes,0.0
1791388375,2026-10-07T23:52:54,docker.peer0.org1.example.com.cpu_pct,52.99
1791388375,2026-10-07T23:52:54,docker.peer0.org1.example.com.mem_bytes,1895154319.36
1791388375,2026-10-07T23:52:54,docker.peer0.org1.example.com.blk_read_bytes,1550000000.0
1791388375,2026-10-07T23:52:54,docker.peer0.org1.example.com.blk_write_bytes,57500000000.0
1791388375,2026-10-07T23:52:54,docker.orderer.example.com.cpu_pct,0.05
1791388375,2026-10-07T23:52:54,docker.orderer.example.com.mem_bytes,4943507357.696
1791388375,2026-10-07T23:52:54,docker.orderer.example.com.blk_read_bytes,9500000.0
1791388375,2026-10-07T23:52:54,docker.orderer.example.com.blk_write_bytes,9220000000.0
1791388375,2026-10-07T23:52:54,docker.peer0.org2.example.com.cpu_pct,1.64
1791388375,2026-10-07T23:52:54,docker.peer0.org2.example.com.mem_bytes,401080320.0
1791388375,2026-10-07T23:52:54,docker.peer0.org2.example.com.blk_read_bytes,1650000.0
1791388375,2026-10-07T23:52:54,docker.peer0.org2.example.com.blk_write_bytes,57500000000.0
1791388375,2026-10-07T23:52:54,wsl.MemTotal_kb,24608408
1791388375,2026-10-07T23:52:54,wsl.MemAvailable_kb,22238724
1791388375,2026-10-07T23:52:54,wsl.SwapTotal_kb,0
1791388375,2026-10-07T23:52:54,wsl.SwapFree_kb,0
1791388375,2026-10-07T23:52:54,wsl.Dirty_kb,21276
1791388375,2026-10-07T23:52:54,wsl.load1,6.7
1791388375,2026-10-07T23:52:54,wsl.load5,12.23
1791388375,2026-10-07T23:52:54,host.c_free_bytes,31629680640
1791388375,2026-10-07T23:52:54,host.q_free_bytes,318858784768
1791388375,2026-10-07T23:52:54,host.docker_vhdx_bytes,78964064256
1791388375,2026-10-07T23:52:54,host.ubuntu_vhdx_bytes,212983611392
1791388375,2026-10-07T23:52:54,win.Processor(_Total)\% Processor Time,39.975486
1791388375,2026-10-07T23:52:54,win.Memory\Available MBytes,261.0
1791388375,2026-10-07T23:52:54,win.PhysicalDisk(0 C:)\% Disk Time,0.887903
1791388375,2026-10-07T23:52:54,win.PhysicalDisk(1 Q:)\% Disk Time,5.005712
1791388375,2026-10-07T23:52:54,win.PhysicalDisk(_Total)\% Disk Time,2.946807
1791388375,2026-10-07T23:52:54,win.PhysicalDisk(0 C:)\Current Disk Queue Length,0.0
1791388375,2026-10-07T23:52:54,win.PhysicalDisk(1 Q:)\Current Disk Queue Length,0.0
1791388375,2026-10-07T23:52:54,win.PhysicalDisk(_Total)\Current Disk Queue Length,0.0
1791388375,2026-10-07T23:52:54,win.Process(vmmemWSL)\% Processor Time,324.811018
1791388385,2026-10-07T23:53:04,docker.dev-peer0.org1.example.com-saksi-bulletin_1.0-ee3fe73bad456e43adfc5ba27d9e5a60983b69e8496140308fb21061ecb2ff85.cpu_pct,0.0
1791388385,2026-10-07T23:53:04,docker.dev-peer0.org1.example.com-saksi-bulletin_1.0-ee3fe73bad456e43adfc5ba27d9e5a60983b69e8496140308fb21061ecb2ff85.mem_bytes,18591252.48
1791388385,2026-10-07T23:53:04,docker.dev-peer0.org1.example.com-saksi-bulletin_1.0-ee3fe73bad456e43adfc5ba27d9e5a60983b69e8496140308fb21061ecb2ff85.blk_read_bytes,4440000.0
1791388385,2026-10-07T23:53:04,docker.dev-peer0.org1.example.com-saksi-bulletin_1.0-ee3fe73bad456e43adfc5ba27d9e5a60983b69e8496140308fb21061ecb2ff85.blk_write_bytes,0.0
1791388385,2026-10-07T23:53:04,docker.dev-peer0.org2.example.com-saksi-bulletin_1.0-ee3fe73bad456e43adfc5ba27d9e5a60983b69e8496140308fb21061ecb2ff85.cpu_pct,0.0
1791388385,2026-10-07T23:53:04,docker.dev-peer0.org2.example.com-saksi-bulletin_1.0-ee3fe73bad456e43adfc5ba27d9e5a60983b69e8496140308fb21061ecb2ff85.mem_bytes,7290748.928
1791388385,2026-10-07T23:53:04,docker.dev-peer0.org2.example.com-saksi-bulletin_1.0-ee3fe73bad456e43adfc5ba27d9e5a60983b69e8496140308fb21061ecb2ff85.blk_read_bytes,0.0
1791388385,2026-10-07T23:53:04,docker.dev-peer0.org2.example.com-saksi-bulletin_1.0-ee3fe73bad456e43adfc5ba27d9e5a60983b69e8496140308fb21061ecb2ff85.blk_write_bytes,0.0
1791388385,2026-10-07T23:53:04,docker.peer0.org1.example.com.cpu_pct,56.6
1791388385,2026-10-07T23:53:04,docker.peer0.org1.example.com.mem_bytes,1891933093.888
1791388385,2026-10-07T23:53:04,docker.peer0.org1.example.com.blk_read_bytes,1550000000.0
1791388385,2026-10-07T23:53:04,docker.peer0.org1.example.com.blk_write_bytes,57500000000.0
1791388385,2026-10-07T23:53:04,docker.orderer.example.com.cpu_pct,0.04
1791388385,2026-10-07T23:53:04,docker.orderer.example.com.mem_bytes,4943507357.696
1791388385,2026-10-07T23:53:04,docker.orderer.example.com.blk_read_bytes,9500000.0
1791388385,2026-10-07T23:53:04,docker.orderer.example.com.blk_write_bytes,9220000000.0
1791388385,2026-10-07T23:53:04,docker.peer0.org2.example.com.cpu_pct,1.6
1791388385,2026-10-07T23:53:04,docker.peer0.org2.example.com.mem_bytes,400975462.4
1791388385,2026-10-07T23:53:04,docker.peer0.org2.example.com.blk_read_bytes,1650000.0
1791388385,2026-10-07T23:53:04,docker.peer0.org2.example.com.blk_write_bytes,57500000000.0
1791388385,2026-10-07T23:53:04,wsl.MemTotal_kb,24608408
1791388385,2026-10-07T23:53:04,wsl.MemAvailable_kb,22180784
1791388385,2026-10-07T23:53:04,wsl.SwapTotal_kb,0
1791388385,2026-10-07T23:53:04,wsl.SwapFree_kb,0
1791388385,2026-10-07T23:53:04,wsl.Dirty_kb,33740
1791388385,2026-10-07T23:53:04,wsl.load1,6.85
1791388385,2026-10-07T23:53:04,wsl.load5,12.09
1791388385,2026-10-07T23:53:04,host.c_free_bytes,31629283328
1791388385,2026-10-07T23:53:04,host.q_free_bytes,318858784768
1791388385,2026-10-07T23:53:04,host.docker_vhdx_bytes,78964064256
1791388385,2026-10-07T23:53:04,host.ubuntu_vhdx_bytes,212983611392
1791388385,2026-10-07T23:53:04,win.Processor(_Total)\% Processor Time,36.239975
1791388385,2026-10-07T23:53:04,win.Memory\Available MBytes,235.0
1791388385,2026-10-07T23:53:04,win.PhysicalDisk(0 C:)\% Disk Time,36.487137
1791388385,2026-10-07T23:53:04,win.PhysicalDisk(1 Q:)\% Disk Time,4.61887
1791388385,2026-10-07T23:53:04,win.PhysicalDisk(_Total)\% Disk Time,20.553004
1791388385,2026-10-07T23:53:04,win.PhysicalDisk(0 C:)\Current Disk Queue Length,0.0
1791388385,2026-10-07T23:53:04,win.PhysicalDisk(1 Q:)\Current Disk Queue Length,0.0
1791388385,2026-10-07T23:53:04,win.PhysicalDisk(_Total)\Current Disk Queue Length,0.0
1791388385,2026-10-07T23:53:04,win.Process(vmmemWSL)\% Processor Time,298.945239
1791388395,2026-10-07T23:53:14,docker.dev-peer0.org1.example.com-saksi-bulletin_1.0-ee3fe73bad456e43adfc5ba27d9e5a60983b69e8496140308fb21061ecb2ff85.cpu_pct,0.0
1791388395,2026-10-07T23:53:14,docker.dev-peer0.org1.example.com-saksi-bulletin_1.0-ee3fe73bad456e43adfc5ba27d9e5a60983b69e8496140308fb21061ecb2ff85.mem_bytes,18863882.24
1791388395,2026-10-07T23:53:14,docker.dev-peer0.org1.example.com-saksi-bulletin_1.0-ee3fe73bad456e43adfc5ba27d9e5a60983b69e8496140308fb21061ecb2ff85.blk_read_bytes,4440000.0
1791388395,2026-10-07T23:53:14,docker.dev-peer0.org1.example.com-saksi-bulletin_1.0-ee3fe73bad456e43adfc5ba27d9e5a60983b69e8496140308fb21061ecb2ff85.blk_write_bytes,0.0
1791388395,2026-10-07T23:53:14,docker.dev-peer0.org2.example.com-saksi-bulletin_1.0-ee3fe73bad456e43adfc5ba27d9e5a60983b69e8496140308fb21061ecb2ff85.cpu_pct,0.0
1791388395,2026-10-07T23:53:14,docker.dev-peer0.org2.example.com-saksi-bulletin_1.0-ee3fe73bad456e43adfc5ba27d9e5a60983b69e8496140308fb21061ecb2ff85.mem_bytes,7290748.928
1791388395,2026-10-07T23:53:14,docker.dev-peer0.org2.example.com-saksi-bulletin_1.0-ee3fe73bad456e43adfc5ba27d9e5a60983b69e8496140308fb21061ecb2ff85.blk_read_bytes,0.0
1791388395,2026-10-07T23:53:14,docker.dev-peer0.org2.example.com-saksi-bulletin_1.0-ee3fe73bad456e43adfc5ba27d9e5a60983b69e8496140308fb21061ecb2ff85.blk_write_bytes,0.0
1791388395,2026-10-07T23:53:14,docker.peer0.org1.example.com.cpu_pct,54.0
1791388395,2026-10-07T23:53:14,docker.peer0.org1.example.com.mem_bytes,1894080577.536
1791388395,2026-10-07T23:53:14,docker.peer0.org1.example.com.blk_read_bytes,1550000000.0
1791388395,2026-10-07T23:53:14,docker.peer0.org1.example.com.blk_write_bytes,57500000000.0
1791388395,2026-10-07T23:53:14,docker.orderer.example.com.cpu_pct,0.08
1791388395,2026-10-07T23:53:14,docker.orderer.example.com.mem_bytes,4944581099.52
1791388395,2026-10-07T23:53:14,docker.orderer.example.com.blk_read_bytes,9500000.0
1791388395,2026-10-07T23:53:14,docker.orderer.example.com.blk_write_bytes,9220000000.0
1791388395,2026-10-07T23:53:14,docker.peer0.org2.example.com.cpu_pct,1.91
1791388395,2026-10-07T23:53:14,docker.peer0.org2.example.com.mem_bytes,400660889.6
1791388395,2026-10-07T23:53:14,docker.peer0.org2.example.com.blk_read_bytes,1650000.0
1791388395,2026-10-07T23:53:14,docker.peer0.org2.example.com.blk_write_bytes,57500000000.0
1791388395,2026-10-07T23:53:14,wsl.MemTotal_kb,24608408
1791388395,2026-10-07T23:53:14,wsl.MemAvailable_kb,22197128
1791388395,2026-10-07T23:53:14,wsl.SwapTotal_kb,0
1791388395,2026-10-07T23:53:14,wsl.SwapFree_kb,0
1791388395,2026-10-07T23:53:14,wsl.Dirty_kb,7780
1791388395,2026-10-07T23:53:14,wsl.load1,6.03
1791388395,2026-10-07T23:53:14,wsl.load5,11.74
1791388395,2026-10-07T23:53:14,host.c_free_bytes,31627710464
1791388395,2026-10-07T23:53:14,host.q_free_bytes,318858784768
1791388395,2026-10-07T23:53:14,host.docker_vhdx_bytes,78964064256
1791388395,2026-10-07T23:53:14,host.ubuntu_vhdx_bytes,212983611392
1791388395,2026-10-07T23:53:14,win.Processor(_Total)\% Processor Time,36.636419
1791388395,2026-10-07T23:53:14,win.Memory\Available MBytes,246.0
1791388395,2026-10-07T23:53:14,win.PhysicalDisk(0 C:)\% Disk Time,2.092333
1791388395,2026-10-07T23:53:14,win.PhysicalDisk(1 Q:)\% Disk Time,0.514705
1791388395,2026-10-07T23:53:14,win.PhysicalDisk(_Total)\% Disk Time,1.303519
1791388395,2026-10-07T23:53:14,win.PhysicalDisk(0 C:)\Current Disk Queue Length,0.0
1791388395,2026-10-07T23:53:14,win.PhysicalDisk(1 Q:)\Current Disk Queue Length,0.0
1791388395,2026-10-07T23:53:14,win.PhysicalDisk(_Total)\Current Disk Queue Length,0.0
1791388395,2026-10-07T23:53:14,win.Process(vmmemWSL)\% Processor Time,301.852051
1791388405,2026-10-07T23:53:24,docker.dev-peer0.org1.example.com-saksi-bulletin_1.0-ee3fe73bad456e43adfc5ba27d9e5a60983b69e8496140308fb21061ecb2ff85.cpu_pct,0.0
1791388405,2026-10-07T23:53:24,docker.dev-peer0.org1.example.com-saksi-bulletin_1.0-ee3fe73bad456e43adfc5ba27d9e5a60983b69e8496140308fb21061ecb2ff85.mem_bytes,18643681.28
1791388405,2026-10-07T23:53:24,docker.dev-peer0.org1.example.com-saksi-bulletin_1.0-ee3fe73bad456e43adfc5ba27d9e5a60983b69e8496140308fb21061ecb2ff85.blk_read_bytes,4440000.0
1791388405,2026-10-07T23:53:24,docker.dev-peer0.org1.example.com-saksi-bulletin_1.0-ee3fe73bad456e43adfc5ba27d9e5a60983b69e8496140308fb21061ecb2ff85.blk_write_bytes,0.0
1791388405,2026-10-07T23:53:24,docker.dev-peer0.org2.example.com-saksi-bulletin_1.0-ee3fe73bad456e43adfc5ba27d9e5a60983b69e8496140308fb21061ecb2ff85.cpu_pct,0.0
1791388405,2026-10-07T23:53:24,docker.dev-peer0.org2.example.com-saksi-bulletin_1.0-ee3fe73bad456e43adfc5ba27d9e5a60983b69e8496140308fb21061ecb2ff85.mem_bytes,7290748.928
1791388405,2026-10-07T23:53:24,docker.dev-peer0.org2.example.com-saksi-bulletin_1.0-ee3fe73bad456e43adfc5ba27d9e5a60983b69e8496140308fb21061ecb2ff85.blk_read_bytes,0.0
1791388405,2026-10-07T23:53:24,docker.dev-peer0.org2.example.com-saksi-bulletin_1.0-ee3fe73bad456e43adfc5ba27d9e5a60983b69e8496140308fb21061ecb2ff85.blk_write_bytes,0.0
1791388405,2026-10-07T23:53:24,docker.peer0.org1.example.com.cpu_pct,54.01
1791388405,2026-10-07T23:53:24,docker.peer0.org1.example.com.mem_bytes,1908039221.248
1791388405,2026-10-07T23:53:24,docker.peer0.org1.example.com.blk_read_bytes,1550000000.0
1791388405,2026-10-07T23:53:24,docker.peer0.org1.example.com.blk_write_bytes,57500000000.0
1791388405,2026-10-07T23:53:24,docker.orderer.example.com.cpu_pct,0.05
1791388405,2026-10-07T23:53:24,docker.orderer.example.com.mem_bytes,4943507357.696
1791388405,2026-10-07T23:53:24,docker.orderer.example.com.blk_read_bytes,9500000.0
1791388405,2026-10-07T23:53:24,docker.orderer.example.com.blk_write_bytes,9220000000.0
1791388405,2026-10-07T23:53:24,docker.peer0.org2.example.com.cpu_pct,1.64
1791388405,2026-10-07T23:53:24,docker.peer0.org2.example.com.mem_bytes,401290035.2
1791388405,2026-10-07T23:53:24,docker.peer0.org2.example.com.blk_read_bytes,1650000.0
1791388405,2026-10-07T23:53:24,docker.peer0.org2.example.com.blk_write_bytes,57500000000.0
1791388405,2026-10-07T23:53:24,wsl.MemTotal_kb,24608408
1791388405,2026-10-07T23:53:24,wsl.MemAvailable_kb,22200976
1791388405,2026-10-07T23:53:24,wsl.SwapTotal_kb,0
1791388405,2026-10-07T23:53:24,wsl.SwapFree_kb,0
1791388405,2026-10-07T23:53:24,wsl.Dirty_kb,18912
1791388405,2026-10-07T23:53:24,wsl.load1,5.4
1791388405,2026-10-07T23:53:24,wsl.load5,11.42
1791388405,2026-10-07T23:53:24,host.c_free_bytes,31626694656
1791388405,2026-10-07T23:53:24,host.q_free_bytes,318858784768
1791388405,2026-10-07T23:53:24,host.docker_vhdx_bytes,78964064256
1791388405,2026-10-07T23:53:24,host.ubuntu_vhdx_bytes,212983611392
1791388405,2026-10-07T23:53:24,win.Processor(_Total)\% Processor Time,34.362525
1791388405,2026-10-07T23:53:24,win.Memory\Available MBytes,239.0
1791388405,2026-10-07T23:53:24,win.PhysicalDisk(0 C:)\% Disk Time,0.499963
1791388405,2026-10-07T23:53:24,win.PhysicalDisk(1 Q:)\% Disk Time,0.012176
1791388405,2026-10-07T23:53:24,win.PhysicalDisk(_Total)\% Disk Time,0.256069
1791388405,2026-10-07T23:53:24,win.PhysicalDisk(0 C:)\Current Disk Queue Length,0.0
1791388405,2026-10-07T23:53:24,win.PhysicalDisk(1 Q:)\Current Disk Queue Length,0.0
1791388405,2026-10-07T23:53:24,win.PhysicalDisk(_Total)\Current Disk Queue Length,0.0
1791388405,2026-10-07T23:53:24,win.Process(vmmemWSL)\% Processor Time,297.179154
1791388415,2026-10-07T23:53:34,docker.dev-peer0.org1.example.com-saksi-bulletin_1.0-ee3fe73bad456e43adfc5ba27d9e5a60983b69e8496140308fb21061ecb2ff85.cpu_pct,0.0
1791388415,2026-10-07T23:53:34,docker.dev-peer0.org1.example.com-saksi-bulletin_1.0-ee3fe73bad456e43adfc5ba27d9e5a60983b69e8496140308fb21061ecb2ff85.mem_bytes,18643681.28
1791388415,2026-10-07T23:53:34,docker.dev-peer0.org1.example.com-saksi-bulletin_1.0-ee3fe73bad456e43adfc5ba27d9e5a60983b69e8496140308fb21061ecb2ff85.blk_read_bytes,4440000.0
1791388415,2026-10-07T23:53:34,docker.dev-peer0.org1.example.com-saksi-bulletin_1.0-ee3fe73bad456e43adfc5ba27d9e5a60983b69e8496140308fb21061ecb2ff85.blk_write_bytes,0.0
1791388415,2026-10-07T23:53:34,docker.dev-peer0.org2.example.com-saksi-bulletin_1.0-ee3fe73bad456e43adfc5ba27d9e5a60983b69e8496140308fb21061ecb2ff85.cpu_pct,0.0
1791388415,2026-10-07T23:53:34,docker.dev-peer0.org2.example.com-saksi-bulletin_1.0-ee3fe73bad456e43adfc5ba27d9e5a60983b69e8496140308fb21061ecb2ff85.mem_bytes,7032799.232
1791388415,2026-10-07T23:53:34,docker.dev-peer0.org2.example.com-saksi-bulletin_1.0-ee3fe73bad456e43adfc5ba27d9e5a60983b69e8496140308fb21061ecb2ff85.blk_read_bytes,0.0
1791388415,2026-10-07T23:53:34,docker.dev-peer0.org2.example.com-saksi-bulletin_1.0-ee3fe73bad456e43adfc5ba27d9e5a60983b69e8496140308fb21061ecb2ff85.blk_write_bytes,0.0
1791388415,2026-10-07T23:53:34,docker.peer0.org1.example.com.cpu_pct,55.73
1791388415,2026-10-07T23:53:34,docker.peer0.org1.example.com.mem_bytes,1911260446.72
1791388415,2026-10-07T23:53:34,docker.peer0.org1.example.com.blk_read_bytes,1550000000.0
1791388415,2026-10-07T23:53:34,docker.peer0.org1.example.com.blk_write_bytes,57500000000.0
1791388415,2026-10-07T23:53:34,docker.orderer.example.com.cpu_pct,0.04
1791388415,2026-10-07T23:53:34,docker.orderer.example.com.mem_bytes,4944581099.52
1791388415,2026-10-07T23:53:34,docker.orderer.example.com.blk_read_bytes,9500000.0
1791388415,2026-10-07T23:53:34,docker.orderer.example.com.blk_write_bytes,9220000000.0
1791388415,2026-10-07T23:53:34,docker.peer0.org2.example.com.cpu_pct,1.59
1791388415,2026-10-07T23:53:34,docker.peer0.org2.example.com.mem_bytes,401604608.0
1791388415,2026-10-07T23:53:34,docker.peer0.org2.example.com.blk_read_bytes,1650000.0
1791388415,2026-10-07T23:53:34,docker.peer0.org2.example.com.blk_write_bytes,57500000000.0
1791388415,2026-10-07T23:53:34,wsl.MemTotal_kb,24608408
1791388415,2026-10-07T23:53:34,wsl.MemAvailable_kb,22198712
1791388415,2026-10-07T23:53:34,wsl.SwapTotal_kb,0
1791388415,2026-10-07T23:53:34,wsl.SwapFree_kb,0
1791388415,2026-10-07T23:53:34,wsl.Dirty_kb,31352
1791388415,2026-10-07T23:53:34,wsl.load1,4.72
1791388415,2026-10-07T23:53:34,wsl.load5,11.08
1791388415,2026-10-07T23:53:34,host.c_free_bytes,31627350016
1791388415,2026-10-07T23:53:34,host.q_free_bytes,318858784768
1791388415,2026-10-07T23:53:34,host.docker_vhdx_bytes,78964064256
1791388415,2026-10-07T23:53:34,host.ubuntu_vhdx_bytes,212983611392
1791388415,2026-10-07T23:53:34,win.Processor(_Total)\% Processor Time,44.640725
1791388415,2026-10-07T23:53:34,win.Memory\Available MBytes,1371.0
1791388415,2026-10-07T23:53:34,win.PhysicalDisk(0 C:)\% Disk Time,1478.563157
1791388415,2026-10-07T23:53:34,win.PhysicalDisk(1 Q:)\% Disk Time,0.010639
1791388415,2026-10-07T23:53:34,win.PhysicalDisk(_Total)\% Disk Time,739.286899
1791388415,2026-10-07T23:53:34,win.PhysicalDisk(0 C:)\Current Disk Queue Length,0.0
1791388415,2026-10-07T23:53:34,win.PhysicalDisk(1 Q:)\Current Disk Queue Length,1.0
1791388415,2026-10-07T23:53:34,win.PhysicalDisk(_Total)\Current Disk Queue Length,1.0
1791388415,2026-10-07T23:53:34,win.Process(vmmemWSL)\% Processor Time,261.110272
1791388425,2026-10-07T23:53:44,docker.dev-peer0.org1.example.com-saksi-bulletin_1.0-ee3fe73bad456e43adfc5ba27d9e5a60983b69e8496140308fb21061ecb2ff85.cpu_pct,0.0
1791388425,2026-10-07T23:53:44,docker.dev-peer0.org1.example.com-saksi-bulletin_1.0-ee3fe73bad456e43adfc5ba27d9e5a60983b69e8496140308fb21061ecb2ff85.mem_bytes,18643681.28
1791388425,2026-10-07T23:53:44,docker.dev-peer0.org1.example.com-saksi-bulletin_1.0-ee3fe73bad456e43adfc5ba27d9e5a60983b69e8496140308fb21061ecb2ff85.blk_read_bytes,4440000.0
1791388425,2026-10-07T23:53:44,docker.dev-peer0.org1.example.com-saksi-bulletin_1.0-ee3fe73bad456e43adfc5ba27d9e5a60983b69e8496140308fb21061ecb2ff85.blk_write_bytes,0.0
1791388425,2026-10-07T23:53:44,docker.dev-peer0.org2.example.com-saksi-bulletin_1.0-ee3fe73bad456e43adfc5ba27d9e5a60983b69e8496140308fb21061ecb2ff85.cpu_pct,0.0
1791388425,2026-10-07T23:53:44,docker.dev-peer0.org2.example.com-saksi-bulletin_1.0-ee3fe73bad456e43adfc5ba27d9e5a60983b69e8496140308fb21061ecb2ff85.mem_bytes,7032799.232
1791388425,2026-10-07T23:53:44,docker.dev-peer0.org2.example.com-saksi-bulletin_1.0-ee3fe73bad456e43adfc5ba27d9e5a60983b69e8496140308fb21061ecb2ff85.blk_read_bytes,0.0
1791388425,2026-10-07T23:53:44,docker.dev-peer0.org2.example.com-saksi-bulletin_1.0-ee3fe73bad456e43adfc5ba27d9e5a60983b69e8496140308fb21061ecb2ff85.blk_write_bytes,0.0
1791388425,2026-10-07T23:53:44,docker.peer0.org1.example.com.cpu_pct,49.71
1791388425,2026-10-07T23:53:44,docker.peer0.org1.example.com.mem_bytes,1920924123.136
1791388425,2026-10-07T23:53:44,docker.peer0.org1.example.com.blk_read_bytes,1550000000.0
1791388425,2026-10-07T23:53:44,docker.peer0.org1.example.com.blk_write_bytes,57500000000.0
1791388425,2026-10-07T23:53:44,docker.orderer.example.com.cpu_pct,0.05
1791388425,2026-10-07T23:53:44,docker.orderer.example.com.mem_bytes,4944581099.52
1791388425,2026-10-07T23:53:44,docker.orderer.example.com.blk_read_bytes,9500000.0
1791388425,2026-10-07T23:53:44,docker.orderer.example.com.blk_write_bytes,9220000000.0
1791388425,2026-10-07T23:53:44,docker.peer0.org2.example.com.cpu_pct,1.72
1791388425,2026-10-07T23:53:44,docker.peer0.org2.example.com.mem_bytes,400765747.2
1791388425,2026-10-07T23:53:44,docker.peer0.org2.example.com.blk_read_bytes,1650000.0
1791388425,2026-10-07T23:53:44,docker.peer0.org2.example.com.blk_write_bytes,57500000000.0
1791388425,2026-10-07T23:53:44,wsl.MemTotal_kb,24608408
1791388425,2026-10-07T23:53:44,wsl.MemAvailable_kb,22200368
1791388425,2026-10-07T23:53:44,wsl.SwapTotal_kb,0
1791388425,2026-10-07T23:53:44,wsl.SwapFree_kb,0
1791388425,2026-10-07T23:53:44,wsl.Dirty_kb,9800
1791388425,2026-10-07T23:53:44,wsl.load1,4.22
1791388425,2026-10-07T23:53:44,wsl.load5,10.76
1791388425,2026-10-07T23:53:44,host.c_free_bytes,31627694080
1791388425,2026-10-07T23:53:44,host.q_free_bytes,318858784768
1791388425,2026-10-07T23:53:44,host.docker_vhdx_bytes,78964064256
1791388425,2026-10-07T23:53:44,host.ubuntu_vhdx_bytes,212983611392
1791388425,2026-10-07T23:53:44,win.Processor(_Total)\% Processor Time,41.440823
1791388425,2026-10-07T23:53:44,win.Memory\Available MBytes,1262.0
1791388425,2026-10-07T23:53:44,win.PhysicalDisk(0 C:)\% Disk Time,4.209632
1791388425,2026-10-07T23:53:44,win.PhysicalDisk(1 Q:)\% Disk Time,0.014641
1791388425,2026-10-07T23:53:44,win.PhysicalDisk(_Total)\% Disk Time,2.112136
1791388425,2026-10-07T23:53:44,win.PhysicalDisk(0 C:)\Current Disk Queue Length,0.0
1791388425,2026-10-07T23:53:44,win.PhysicalDisk(1 Q:)\Current Disk Queue Length,0.0
1791388425,2026-10-07T23:53:44,win.PhysicalDisk(_Total)\Current Disk Queue Length,0.0
1791388425,2026-10-07T23:53:44,win.Process(vmmemWSL)\% Processor Time,303.575141
1791388435,2026-10-07T23:53:54,docker.dev-peer0.org1.example.com-saksi-bulletin_1.0-ee3fe73bad456e43adfc5ba27d9e5a60983b69e8496140308fb21061ecb2ff85.cpu_pct,0.0
1791388435,2026-10-07T23:53:54,docker.dev-peer0.org1.example.com-saksi-bulletin_1.0-ee3fe73bad456e43adfc5ba27d9e5a60983b69e8496140308fb21061ecb2ff85.mem_bytes,18643681.28
1791388435,2026-10-07T23:53:54,docker.dev-peer0.org1.example.com-saksi-bulletin_1.0-ee3fe73bad456e43adfc5ba27d9e5a60983b69e8496140308fb21061ecb2ff85.blk_read_bytes,4440000.0
1791388435,2026-10-07T23:53:54,docker.dev-peer0.org1.example.com-saksi-bulletin_1.0-ee3fe73bad456e43adfc5ba27d9e5a60983b69e8496140308fb21061ecb2ff85.blk_write_bytes,0.0
1791388435,2026-10-07T23:53:54,docker.dev-peer0.org2.example.com-saksi-bulletin_1.0-ee3fe73bad456e43adfc5ba27d9e5a60983b69e8496140308fb21061ecb2ff85.cpu_pct,0.07
1791388435,2026-10-07T23:53:54,docker.dev-peer0.org2.example.com-saksi-bulletin_1.0-ee3fe73bad456e43adfc5ba27d9e5a60983b69e8496140308fb21061ecb2ff85.mem_bytes,7028604.928
1791388435,2026-10-07T23:53:54,docker.dev-peer0.org2.example.com-saksi-bulletin_1.0-ee3fe73bad456e43adfc5ba27d9e5a60983b69e8496140308fb21061ecb2ff85.blk_read_bytes,0.0
1791388435,2026-10-07T23:53:54,docker.dev-peer0.org2.example.com-saksi-bulletin_1.0-ee3fe73bad456e43adfc5ba27d9e5a60983b69e8496140308fb21061ecb2ff85.blk_write_bytes,0.0
1791388435,2026-10-07T23:53:54,docker.peer0.org1.example.com.cpu_pct,51.49
1791388435,2026-10-07T23:53:54,docker.peer0.org1.example.com.mem_bytes,1924145348.608
1791388435,2026-10-07T23:53:54,docker.peer0.org1.example.com.blk_read_bytes,1550000000.0
1791388435,2026-10-07T23:53:54,docker.peer0.org1.example.com.blk_write_bytes,57500000000.0
1791388435,2026-10-07T23:53:54,docker.orderer.example.com.cpu_pct,0.05
1791388435,2026-10-07T23:53:54,docker.orderer.example.com.mem_bytes,4944581099.52
1791388435,2026-10-07T23:53:54,docker.orderer.example.com.blk_read_bytes,9500000.0
1791388435,2026-10-07T23:53:54,docker.orderer.example.com.blk_write_bytes,9220000000.0
1791388435,2026-10-07T23:53:54,docker.peer0.org2.example.com.cpu_pct,1.97
1791388435,2026-10-07T23:53:54,docker.peer0.org2.example.com.mem_bytes,401185177.6
1791388435,2026-10-07T23:53:54,docker.peer0.org2.example.com.blk_read_bytes,1650000.0
1791388435,2026-10-07T23:53:54,docker.peer0.org2.example.com.blk_write_bytes,57500000000.0
1791388435,2026-10-07T23:53:54,wsl.MemTotal_kb,24608408
1791388435,2026-10-07T23:53:54,wsl.MemAvailable_kb,22204712
1791388435,2026-10-07T23:53:54,wsl.SwapTotal_kb,0
1791388435,2026-10-07T23:53:54,wsl.SwapFree_kb,0
1791388435,2026-10-07T23:53:54,wsl.Dirty_kb,21372
1791388435,2026-10-07T23:53:54,wsl.load1,3.97
1791388435,2026-10-07T23:53:54,wsl.load5,10.49
1791388435,2026-10-07T23:53:54,host.c_free_bytes,31626186752
1791388435,2026-10-07T23:53:54,host.q_free_bytes,318858784768
1791388435,2026-10-07T23:53:54,host.docker_vhdx_bytes,78964064256
1791388435,2026-10-07T23:53:54,host.ubuntu_vhdx_bytes,212983611392
1791388435,2026-10-07T23:53:54,win.Processor(_Total)\% Processor Time,35.323892
1791388435,2026-10-07T23:53:54,win.Memory\Available MBytes,1049.0
1791388435,2026-10-07T23:53:54,win.PhysicalDisk(0 C:)\% Disk Time,0.573216
1791388435,2026-10-07T23:53:54,win.PhysicalDisk(1 Q:)\% Disk Time,0.011261
1791388435,2026-10-07T23:53:54,win.PhysicalDisk(_Total)\% Disk Time,0.292238
1791388435,2026-10-07T23:53:54,win.PhysicalDisk(0 C:)\Current Disk Queue Length,0.0
1791388435,2026-10-07T23:53:54,win.PhysicalDisk(1 Q:)\Current Disk Queue Length,0.0
1791388435,2026-10-07T23:53:54,win.PhysicalDisk(_Total)\Current Disk Queue Length,0.0
1791388435,2026-10-07T23:53:54,win.Process(vmmemWSL)\% Processor Time,304.762255
1791388445,2026-10-07T23:54:04,docker.dev-peer0.org1.example.com-saksi-bulletin_1.0-ee3fe73bad456e43adfc5ba27d9e5a60983b69e8496140308fb21061ecb2ff85.cpu_pct,0.0
1791388445,2026-10-07T23:54:04,docker.dev-peer0.org1.example.com-saksi-bulletin_1.0-ee3fe73bad456e43adfc5ba27d9e5a60983b69e8496140308fb21061ecb2ff85.mem_bytes,18905825.28
1791388445,2026-10-07T23:54:04,docker.dev-peer0.org1.example.com-saksi-bulletin_1.0-ee3fe73bad456e43adfc5ba27d9e5a60983b69e8496140308fb21061ecb2ff85.blk_read_bytes,4440000.0
1791388445,2026-10-07T23:54:04,docker.dev-peer0.org1.example.com-saksi-bulletin_1.0-ee3fe73bad456e43adfc5ba27d9e5a60983b69e8496140308fb21061ecb2ff85.blk_write_bytes,0.0
1791388445,2026-10-07T23:54:04,docker.dev-peer0.org2.example.com-saksi-bulletin_1.0-ee3fe73bad456e43adfc5ba27d9e5a60983b69e8496140308fb21061ecb2ff85.cpu_pct,0.0
1791388445,2026-10-07T23:54:04,docker.dev-peer0.org2.example.com-saksi-bulletin_1.0-ee3fe73bad456e43adfc5ba27d9e5a60983b69e8496140308fb21061ecb2ff85.mem_bytes,6770655.232
1791388445,2026-10-07T23:54:04,docker.dev-peer0.org2.example.com-saksi-bulletin_1.0-ee3fe73bad456e43adfc5ba27d9e5a60983b69e8496140308fb21061ecb2ff85.blk_read_bytes,0.0
1791388445,2026-10-07T23:54:04,docker.dev-peer0.org2.example.com-saksi-bulletin_1.0-ee3fe73bad456e43adfc5ba27d9e5a60983b69e8496140308fb21061ecb2ff85.blk_write_bytes,0.0
1791388445,2026-10-07T23:54:04,docker.peer0.org1.example.com.cpu_pct,1.39
1791388445,2026-10-07T23:54:04,docker.peer0.org1.example.com.mem_bytes,1926292832.256
1791388445,2026-10-07T23:54:04,docker.peer0.org1.example.com.blk_read_bytes,1550000000.0
1791388445,2026-10-07T23:54:04,docker.peer0.org1.example.com.blk_write_bytes,57500000000.0
1791388445,2026-10-07T23:54:04,docker.orderer.example.com.cpu_pct,0.05
1791388445,2026-10-07T23:54:04,docker.orderer.example.com.mem_bytes,4933843681.28
1791388445,2026-10-07T23:54:04,docker.orderer.example.com.blk_read_bytes,9500000.0
1791388445,2026-10-07T23:54:04,docker.orderer.example.com.blk_write_bytes,9220000000.0
1791388445,2026-10-07T23:54:04,docker.peer0.org2.example.com.cpu_pct,1.57
1791388445,2026-10-07T23:54:04,docker.peer0.org2.example.com.mem_bytes,400241459.2
1791388445,2026-10-07T23:54:04,docker.peer0.org2.example.com.blk_read_bytes,1650000.0
1791388445,2026-10-07T23:54:04,docker.peer0.org2.example.com.blk_write_bytes,57500000000.0
1791388445,2026-10-07T23:54:04,wsl.MemTotal_kb,24608408
1791388445,2026-10-07T23:54:04,wsl.MemAvailable_kb,22184876
1791388445,2026-10-07T23:54:04,wsl.SwapTotal_kb,0
1791388445,2026-10-07T23:54:04,wsl.SwapFree_kb,0
1791388445,2026-10-07T23:54:04,wsl.Dirty_kb,44732
1791388445,2026-10-07T23:54:04,wsl.load1,4.46
1791388445,2026-10-07T23:54:04,wsl.load5,10.39
1791388445,2026-10-07T23:54:04,host.c_free_bytes,31625850880
1791388445,2026-10-07T23:54:04,host.q_free_bytes,318858784768
1791388445,2026-10-07T23:54:04,host.docker_vhdx_bytes,78964064256
1791388445,2026-10-07T23:54:04,host.ubuntu_vhdx_bytes,212983611392
1791388445,2026-10-07T23:54:04,win.Processor(_Total)\% Processor Time,40.501015
1791388445,2026-10-07T23:54:04,win.Memory\Available MBytes,1152.0
1791388445,2026-10-07T23:54:04,win.PhysicalDisk(0 C:)\% Disk Time,32.450321
1791388445,2026-10-07T23:54:04,win.PhysicalDisk(1 Q:)\% Disk Time,0.019331
1791388445,2026-10-07T23:54:04,win.PhysicalDisk(_Total)\% Disk Time,16.234827
1791388445,2026-10-07T23:54:04,win.PhysicalDisk(0 C:)\Current Disk Queue Length,0.0
1791388445,2026-10-07T23:54:04,win.PhysicalDisk(1 Q:)\Current Disk Queue Length,0.0
1791388445,2026-10-07T23:54:04,win.PhysicalDisk(_Total)\Current Disk Queue Length,0.0
1791388445,2026-10-07T23:54:04,win.Process(vmmemWSL)\% Processor Time,328.03897
1791388455,2026-10-07T23:54:14,docker.dev-peer0.org1.example.com-saksi-bulletin_1.0-ee3fe73bad456e43adfc5ba27d9e5a60983b69e8496140308fb21061ecb2ff85.cpu_pct,93.12
1791388455,2026-10-07T23:54:14,docker.dev-peer0.org1.example.com-saksi-bulletin_1.0-ee3fe73bad456e43adfc5ba27d9e5a60983b69e8496140308fb21061ecb2ff85.mem_bytes,17301504.0
1791388455,2026-10-07T23:54:14,docker.dev-peer0.org1.example.com-saksi-bulletin_1.0-ee3fe73bad456e43adfc5ba27d9e5a60983b69e8496140308fb21061ecb2ff85.blk_read_bytes,4440000.0
1791388455,2026-10-07T23:54:14,docker.dev-peer0.org1.example.com-saksi-bulletin_1.0-ee3fe73bad456e43adfc5ba27d9e5a60983b69e8496140308fb21061ecb2ff85.blk_write_bytes,0.0
1791388455,2026-10-07T23:54:14,docker.dev-peer0.org2.example.com-saksi-bulletin_1.0-ee3fe73bad456e43adfc5ba27d9e5a60983b69e8496140308fb21061ecb2ff85.cpu_pct,0.0
1791388455,2026-10-07T23:54:14,docker.dev-peer0.org2.example.com-saksi-bulletin_1.0-ee3fe73bad456e43adfc5ba27d9e5a60983b69e8496140308fb21061ecb2ff85.mem_bytes,6770655.232
1791388455,2026-10-07T23:54:14,docker.dev-peer0.org2.example.com-saksi-bulletin_1.0-ee3fe73bad456e43adfc5ba27d9e5a60983b69e8496140308fb21061ecb2ff85.blk_read_bytes,0.0
1791388455,2026-10-07T23:54:14,docker.dev-peer0.org2.example.com-saksi-bulletin_1.0-ee3fe73bad456e43adfc5ba27d9e5a60983b69e8496140308fb21061ecb2ff85.blk_write_bytes,0.0
1791388455,2026-10-07T23:54:14,docker.peer0.org1.example.com.cpu_pct,85.22
1791388455,2026-10-07T23:54:14,docker.peer0.org1.example.com.mem_bytes,1948841410.56
1791388455,2026-10-07T23:54:14,docker.peer0.org1.example.com.blk_read_bytes,1550000000.0
1791388455,2026-10-07T23:54:14,docker.peer0.org1.example.com.blk_write_bytes,57500000000.0
1791388455,2026-10-07T23:54:14,docker.orderer.example.com.cpu_pct,0.03
1791388455,2026-10-07T23:54:14,docker.orderer.example.com.mem_bytes,4929548713.984
1791388455,2026-10-07T23:54:14,docker.orderer.example.com.blk_read_bytes,9500000.0
1791388455,2026-10-07T23:54:14,docker.orderer.example.com.blk_write_bytes,9220000000.0
1791388455,2026-10-07T23:54:14,docker.peer0.org2.example.com.cpu_pct,1.72
1791388455,2026-10-07T23:54:14,docker.peer0.org2.example.com.mem_bytes,343828070.4
1791388455,2026-10-07T23:54:14,docker.peer0.org2.example.com.blk_read_bytes,1680000.0
1791388455,2026-10-07T23:54:14,docker.peer0.org2.example.com.blk_write_bytes,57700000000.0
1791388455,2026-10-07T23:54:14,wsl.MemTotal_kb,24608408
1791388455,2026-10-07T23:54:14,wsl.MemAvailable_kb,22207176
1791388455,2026-10-07T23:54:14,wsl.SwapTotal_kb,0
1791388455,2026-10-07T23:54:14,wsl.SwapFree_kb,0
1791388455,2026-10-07T23:54:14,wsl.Dirty_kb,34248
1791388455,2026-10-07T23:54:14,wsl.load1,4.02
1791388455,2026-10-07T23:54:14,wsl.load5,10.09
1791388455,2026-10-07T23:54:14,host.c_free_bytes,31625523200
1791388455,2026-10-07T23:54:14,host.q_free_bytes,318758121472
1791388455,2026-10-07T23:54:14,host.docker_vhdx_bytes,79064727552
1791388455,2026-10-07T23:54:14,host.ubuntu_vhdx_bytes,212983611392
1791388455,2026-10-07T23:54:14,win.Processor(_Total)\% Processor Time,39.778842
1791388455,2026-10-07T23:54:14,win.Memory\Available MBytes,1190.0
1791388455,2026-10-07T23:54:14,win.PhysicalDisk(0 C:)\% Disk Time,3.068899
1791388455,2026-10-07T23:54:14,win.PhysicalDisk(1 Q:)\% Disk Time,0.079027
1791388455,2026-10-07T23:54:14,win.PhysicalDisk(_Total)\% Disk Time,1.573962
1791388455,2026-10-07T23:54:14,win.PhysicalDisk(0 C:)\Current Disk Queue Length,0.0
1791388455,2026-10-07T23:54:14,win.PhysicalDisk(1 Q:)\Current Disk Queue Length,0.0
1791388455,2026-10-07T23:54:14,win.PhysicalDisk(_Total)\Current Disk Queue Length,0.0
1791388455,2026-10-07T23:54:14,win.Process(vmmemWSL)\% Processor Time,321.179513
1791388465,2026-10-07T23:54:24,docker.dev-peer0.org1.example.com-saksi-bulletin_1.0-ee3fe73bad456e43adfc5ba27d9e5a60983b69e8496140308fb21061ecb2ff85.cpu_pct,92.54
1791388465,2026-10-07T23:54:24,docker.dev-peer0.org1.example.com-saksi-bulletin_1.0-ee3fe73bad456e43adfc5ba27d9e5a60983b69e8496140308fb21061ecb2ff85.mem_bytes,16053698.56
1791388465,2026-10-07T23:54:24,docker.dev-peer0.org1.example.com-saksi-bulletin_1.0-ee3fe73bad456e43adfc5ba27d9e5a60983b69e8496140308fb21061ecb2ff85.blk_read_bytes,4440000.0
1791388465,2026-10-07T23:54:24,docker.dev-peer0.org1.example.com-saksi-bulletin_1.0-ee3fe73bad456e43adfc5ba27d9e5a60983b69e8496140308fb21061ecb2ff85.blk_write_bytes,0.0
1791388465,2026-10-07T23:54:24,docker.dev-peer0.org2.example.com-saksi-bulletin_1.0-ee3fe73bad456e43adfc5ba27d9e5a60983b69e8496140308fb21061ecb2ff85.cpu_pct,0.0
1791388465,2026-10-07T23:54:24,docker.dev-peer0.org2.example.com-saksi-bulletin_1.0-ee3fe73bad456e43adfc5ba27d9e5a60983b69e8496140308fb21061ecb2ff85.mem_bytes,6770655.232
1791388465,2026-10-07T23:54:24,docker.dev-peer0.org2.example.com-saksi-bulletin_1.0-ee3fe73bad456e43adfc5ba27d9e5a60983b69e8496140308fb21061ecb2ff85.blk_read_bytes,0.0
1791388465,2026-10-07T23:54:24,docker.dev-peer0.org2.example.com-saksi-bulletin_1.0-ee3fe73bad456e43adfc5ba27d9e5a60983b69e8496140308fb21061ecb2ff85.blk_write_bytes,0.0
1791388465,2026-10-07T23:54:24,docker.peer0.org1.example.com.cpu_pct,87.99
1791388465,2026-10-07T23:54:24,docker.peer0.org1.example.com.mem_bytes,1977832439.808
1791388465,2026-10-07T23:54:24,docker.peer0.org1.example.com.blk_read_bytes,1550000000.0
1791388465,2026-10-07T23:54:24,docker.peer0.org1.example.com.blk_write_bytes,57500000000.0
1791388465,2026-10-07T23:54:24,docker.orderer.example.com.cpu_pct,0.04
1791388465,2026-10-07T23:54:24,docker.orderer.example.com.mem_bytes,4929548713.984
1791388465,2026-10-07T23:54:24,docker.orderer.example.com.blk_read_bytes,9500000.0
1791388465,2026-10-07T23:54:24,docker.orderer.example.com.blk_write_bytes,9220000000.0
1791388465,2026-10-07T23:54:24,docker.peer0.org2.example.com.cpu_pct,1.38
1791388465,2026-10-07T23:54:24,docker.peer0.org2.example.com.mem_bytes,343618355.2
1791388465,2026-10-07T23:54:24,docker.peer0.org2.example.com.blk_read_bytes,1680000.0
1791388465,2026-10-07T23:54:24,docker.peer0.org2.example.com.blk_write_bytes,57700000000.0
1791388465,2026-10-07T23:54:24,wsl.MemTotal_kb,24608408
1791388465,2026-10-07T23:54:24,wsl.MemAvailable_kb,22236116
1791388465,2026-10-07T23:54:24,wsl.SwapTotal_kb,0
1791388465,2026-10-07T23:54:24,wsl.SwapFree_kb,0
1791388465,2026-10-07T23:54:24,wsl.Dirty_kb,115432
1791388465,2026-10-07T23:54:24,wsl.load1,3.93
1791388465,2026-10-07T23:54:24,wsl.load5,9.88
1791388465,2026-10-07T23:54:24,host.c_free_bytes,31625195520
1791388465,2026-10-07T23:54:24,host.q_free_bytes,318758121472
1791388465,2026-10-07T23:54:24,host.docker_vhdx_bytes,79064727552
1791388465,2026-10-07T23:54:24,host.ubuntu_vhdx_bytes,212983611392
1791388465,2026-10-07T23:54:24,win.Processor(_Total)\% Processor Time,31.467636
1791388465,2026-10-07T23:54:24,win.Memory\Available MBytes,1150.0
1791388465,2026-10-07T23:54:24,win.PhysicalDisk(0 C:)\% Disk Time,0.601424
1791388465,2026-10-07T23:54:24,win.PhysicalDisk(1 Q:)\% Disk Time,0.226288
1791388465,2026-10-07T23:54:24,win.PhysicalDisk(_Total)\% Disk Time,0.413856
1791388465,2026-10-07T23:54:24,win.PhysicalDisk(0 C:)\Current Disk Queue Length,0.0
1791388465,2026-10-07T23:54:24,win.PhysicalDisk(1 Q:)\Current Disk Queue Length,0.0
1791388465,2026-10-07T23:54:24,win.PhysicalDisk(_Total)\Current Disk Queue Length,0.0
1791388465,2026-10-07T23:54:24,win.Process(vmmemWSL)\% Processor Time,226.354726
1791388475,2026-10-07T23:54:34,docker.dev-peer0.org1.example.com-saksi-bulletin_1.0-ee3fe73bad456e43adfc5ba27d9e5a60983b69e8496140308fb21061ecb2ff85.cpu_pct,97.02
1791388475,2026-10-07T23:54:34,docker.dev-peer0.org1.example.com-saksi-bulletin_1.0-ee3fe73bad456e43adfc5ba27d9e5a60983b69e8496140308fb21061ecb2ff85.mem_bytes,34351349.76
1791388475,2026-10-07T23:54:34,docker.dev-peer0.org1.example.com-saksi-bulletin_1.0-ee3fe73bad456e43adfc5ba27d9e5a60983b69e8496140308fb21061ecb2ff85.blk_read_bytes,4440000.0
1791388475,2026-10-07T23:54:34,docker.dev-peer0.org1.example.com-saksi-bulletin_1.0-ee3fe73bad456e43adfc5ba27d9e5a60983b69e8496140308fb21061ecb2ff85.blk_write_bytes,0.0
1791388475,2026-10-07T23:54:34,docker.dev-peer0.org2.example.com-saksi-bulletin_1.0-ee3fe73bad456e43adfc5ba27d9e5a60983b69e8496140308fb21061ecb2ff85.cpu_pct,0.0
1791388475,2026-10-07T23:54:34,docker.dev-peer0.org2.example.com-saksi-bulletin_1.0-ee3fe73bad456e43adfc5ba27d9e5a60983b69e8496140308fb21061ecb2ff85.mem_bytes,6770655.232
1791388475,2026-10-07T23:54:34,docker.dev-peer0.org2.example.com-saksi-bulletin_1.0-ee3fe73bad456e43adfc5ba27d9e5a60983b69e8496140308fb21061ecb2ff85.blk_read_bytes,0.0
1791388475,2026-10-07T23:54:34,docker.dev-peer0.org2.example.com-saksi-bulletin_1.0-ee3fe73bad456e43adfc5ba27d9e5a60983b69e8496140308fb21061ecb2ff85.blk_write_bytes,0.0
1791388475,2026-10-07T23:54:34,docker.peer0.org1.example.com.cpu_pct,86.8
1791388475,2026-10-07T23:54:34,docker.peer0.org1.example.com.mem_bytes,1978906181.632
1791388475,2026-10-07T23:54:34,docker.peer0.org1.example.com.blk_read_bytes,1550000000.0
1791388475,2026-10-07T23:54:34,docker.peer0.org1.example.com.blk_write_bytes,57500000000.0
1791388475,2026-10-07T23:54:34,docker.orderer.example.com.cpu_pct,0.07
1791388475,2026-10-07T23:54:34,docker.orderer.example.com.mem_bytes,4928474972.16
1791388475,2026-10-07T23:54:34,docker.orderer.example.com.blk_read_bytes,9500000.0
1791388475,2026-10-07T23:54:34,docker.orderer.example.com.blk_write_bytes,9220000000.0
1791388475,2026-10-07T23:54:34,docker.peer0.org2.example.com.cpu_pct,1.71
1791388475,2026-10-07T23:54:34,docker.peer0.org2.example.com.mem_bytes,344142643.2
1791388475,2026-10-07T23:54:34,docker.peer0.org2.example.com.blk_read_bytes,1680000.0
1791388475,2026-10-07T23:54:34,docker.peer0.org2.example.com.blk_write_bytes,57700000000.0
1791388475,2026-10-07T23:54:34,wsl.MemTotal_kb,24608408
1791388475,2026-10-07T23:54:34,wsl.MemAvailable_kb,22297544
1791388475,2026-10-07T23:54:34,wsl.SwapTotal_kb,0
1791388475,2026-10-07T23:54:34,wsl.SwapFree_kb,0
1791388475,2026-10-07T23:54:34,wsl.Dirty_kb,197200
1791388475,2026-10-07T23:54:34,wsl.load1,3.48
1791388475,2026-10-07T23:54:34,wsl.load5,9.58
1791388475,2026-10-07T23:54:34,host.c_free_bytes,31626899456
1791388475,2026-10-07T23:54:34,host.q_free_bytes,318758121472
1791388475,2026-10-07T23:54:34,host.docker_vhdx_bytes,79064727552
1791388475,2026-10-07T23:54:34,host.ubuntu_vhdx_bytes,212983611392
1791388475,2026-10-07T23:54:34,win.Processor(_Total)\% Processor Time,22.235185
1791388475,2026-10-07T23:54:34,win.Memory\Available MBytes,1169.0
1791388475,2026-10-07T23:54:34,win.PhysicalDisk(0 C:)\% Disk Time,29.226165
1791388475,2026-10-07T23:54:34,win.PhysicalDisk(1 Q:)\% Disk Time,0.911221
1791388475,2026-10-07T23:54:34,win.PhysicalDisk(_Total)\% Disk Time,15.068693
1791388475,2026-10-07T23:54:34,win.PhysicalDisk(0 C:)\Current Disk Queue Length,0.0
1791388475,2026-10-07T23:54:34,win.PhysicalDisk(1 Q:)\Current Disk Queue Length,0.0
1791388475,2026-10-07T23:54:34,win.PhysicalDisk(_Total)\Current Disk Queue Length,0.0
1791388475,2026-10-07T23:54:34,win.Process(vmmemWSL)\% Processor Time,134.035568
1791388485,2026-10-07T23:54:44,docker.dev-peer0.org1.example.com-saksi-bulletin_1.0-ee3fe73bad456e43adfc5ba27d9e5a60983b69e8496140308fb21061ecb2ff85.cpu_pct,98.48
1791388485,2026-10-07T23:54:44,docker.dev-peer0.org1.example.com-saksi-bulletin_1.0-ee3fe73bad456e43adfc5ba27d9e5a60983b69e8496140308fb21061ecb2ff85.mem_bytes,33114030.08
1791388485,2026-10-07T23:54:44,docker.dev-peer0.org1.example.com-saksi-bulletin_1.0-ee3fe73bad456e43adfc5ba27d9e5a60983b69e8496140308fb21061ecb2ff85.blk_read_bytes,4440000.0
1791388485,2026-10-07T23:54:44,docker.dev-peer0.org1.example.com-saksi-bulletin_1.0-ee3fe73bad456e43adfc5ba27d9e5a60983b69e8496140308fb21061ecb2ff85.blk_write_bytes,0.0
1791388485,2026-10-07T23:54:44,docker.dev-peer0.org2.example.com-saksi-bulletin_1.0-ee3fe73bad456e43adfc5ba27d9e5a60983b69e8496140308fb21061ecb2ff85.cpu_pct,0.0
1791388485,2026-10-07T23:54:44,docker.dev-peer0.org2.example.com-saksi-bulletin_1.0-ee3fe73bad456e43adfc5ba27d9e5a60983b69e8496140308fb21061ecb2ff85.mem_bytes,6770655.232
1791388485,2026-10-07T23:54:44,docker.dev-peer0.org2.example.com-saksi-bulletin_1.0-ee3fe73bad456e43adfc5ba27d9e5a60983b69e8496140308fb21061ecb2ff85.blk_read_bytes,0.0
1791388485,2026-10-07T23:54:44,docker.dev-peer0.org2.example.com-saksi-bulletin_1.0-ee3fe73bad456e43adfc5ba27d9e5a60983b69e8496140308fb21061ecb2ff85.blk_write_bytes,0.0
1791388485,2026-10-07T23:54:44,docker.peer0.org1.example.com.cpu_pct,87.58
1791388485,2026-10-07T23:54:44,docker.peer0.org1.example.com.mem_bytes,1977832439.808
1791388485,2026-10-07T23:54:44,docker.peer0.org1.example.com.blk_read_bytes,1550000000.0
1791388485,2026-10-07T23:54:44,docker.peer0.org1.example.com.blk_write_bytes,57600000000.0
1791388485,2026-10-07T23:54:44,docker.orderer.example.com.cpu_pct,0.04
1791388485,2026-10-07T23:54:44,docker.orderer.example.com.mem_bytes,4907000135.68
1791388485,2026-10-07T23:54:44,docker.orderer.example.com.blk_read_bytes,9500000.0
1791388485,2026-10-07T23:54:44,docker.orderer.example.com.blk_write_bytes,9220000000.0
1791388485,2026-10-07T23:54:44,docker.peer0.org2.example.com.cpu_pct,1.55
1791388485,2026-10-07T23:54:44,docker.peer0.org2.example.com.mem_bytes,343828070.4
1791388485,2026-10-07T23:54:44,docker.peer0.org2.example.com.blk_read_bytes,1680000.0
1791388485,2026-10-07T23:54:44,docker.peer0.org2.example.com.blk_write_bytes,57700000000.0
1791388485,2026-10-07T23:54:44,wsl.MemTotal_kb,24608408
1791388485,2026-10-07T23:54:44,wsl.MemAvailable_kb,22280540
1791388485,2026-10-07T23:54:44,wsl.SwapTotal_kb,0
1791388485,2026-10-07T23:54:44,wsl.SwapFree_kb,0
1791388485,2026-10-07T23:54:44,wsl.Dirty_kb,266720
1791388485,2026-10-07T23:54:44,wsl.load1,3.32
1791388485,2026-10-07T23:54:44,wsl.load5,9.35
1791388485,2026-10-07T23:54:44,host.c_free_bytes,31626383360
1791388485,2026-10-07T23:54:44,host.q_free_bytes,318758121472
1791388485,2026-10-07T23:54:44,host.docker_vhdx_bytes,79064727552
1791388485,2026-10-07T23:54:44,host.ubuntu_vhdx_bytes,212983611392
1791388485,2026-10-07T23:54:44,win.Processor(_Total)\% Processor Time,29.729403
1791388485,2026-10-07T23:54:44,win.Memory\Available MBytes,1119.0
1791388485,2026-10-07T23:54:44,win.PhysicalDisk(0 C:)\% Disk Time,0.31506
1791388485,2026-10-07T23:54:44,win.PhysicalDisk(1 Q:)\% Disk Time,0.032132
1791388485,2026-10-07T23:54:44,win.PhysicalDisk(_Total)\% Disk Time,0.173596
1791388485,2026-10-07T23:54:44,win.PhysicalDisk(0 C:)\Current Disk Queue Length,0.0
1791388485,2026-10-07T23:54:44,win.PhysicalDisk(1 Q:)\Current Disk Queue Length,0.0
1791388485,2026-10-07T23:54:44,win.PhysicalDisk(_Total)\Current Disk Queue Length,0.0
1791388485,2026-10-07T23:54:44,win.Process(vmmemWSL)\% Processor Time,266.255717
1791388495,2026-10-07T23:54:54,docker.dev-peer0.org1.example.com-saksi-bulletin_1.0-ee3fe73bad456e43adfc5ba27d9e5a60983b69e8496140308fb21061ecb2ff85.cpu_pct,97.09
1791388495,2026-10-07T23:54:54,docker.dev-peer0.org1.example.com-saksi-bulletin_1.0-ee3fe73bad456e43adfc5ba27d9e5a60983b69e8496140308fb21061ecb2ff85.mem_bytes,27304919.04
1791388495,2026-10-07T23:54:54,docker.dev-peer0.org1.example.com-saksi-bulletin_1.0-ee3fe73bad456e43adfc5ba27d9e5a60983b69e8496140308fb21061ecb2ff85.blk_read_bytes,4440000.0
1791388495,2026-10-07T23:54:54,docker.dev-peer0.org1.example.com-saksi-bulletin_1.0-ee3fe73bad456e43adfc5ba27d9e5a60983b69e8496140308fb21061ecb2ff85.blk_write_bytes,0.0
1791388495,2026-10-07T23:54:54,docker.dev-peer0.org2.example.com-saksi-bulletin_1.0-ee3fe73bad456e43adfc5ba27d9e5a60983b69e8496140308fb21061ecb2ff85.cpu_pct,0.0
1791388495,2026-10-07T23:54:54,docker.dev-peer0.org2.example.com-saksi-bulletin_1.0-ee3fe73bad456e43adfc5ba27d9e5a60983b69e8496140308fb21061ecb2ff85.mem_bytes,8077180.928
1791388495,2026-10-07T23:54:54,docker.dev-peer0.org2.example.com-saksi-bulletin_1.0-ee3fe73bad456e43adfc5ba27d9e5a60983b69e8496140308fb21061ecb2ff85.blk_read_bytes,0.0
1791388495,2026-10-07T23:54:54,docker.dev-peer0.org2.example.com-saksi-bulletin_1.0-ee3fe73bad456e43adfc5ba27d9e5a60983b69e8496140308fb21061ecb2ff85.blk_write_bytes,0.0
1791388495,2026-10-07T23:54:54,docker.peer0.org1.example.com.cpu_pct,79.23
1791388495,2026-10-07T23:54:54,docker.peer0.org1.example.com.mem_bytes,1976758697.984
1791388495,2026-10-07T23:54:54,docker.peer0.org1.example.com.blk_read_bytes,1550000000.0
1791388495,2026-10-07T23:54:54,docker.peer0.org1.example.com.blk_write_bytes,57600000000.0
1791388495,2026-10-07T23:54:54,docker.orderer.example.com.cpu_pct,0.04
1791388495,2026-10-07T23:54:54,docker.orderer.example.com.mem_bytes,4884451557.376
1791388495,2026-10-07T23:54:54,docker.orderer.example.com.blk_read_bytes,9500000.0
1791388495,2026-10-07T23:54:54,docker.orderer.example.com.blk_write_bytes,9220000000.0
1791388495,2026-10-07T23:54:54,docker.peer0.org2.example.com.cpu_pct,1.48
1791388495,2026-10-07T23:54:54,docker.peer0.org2.example.com.mem_bytes,342150348.8
1791388495,2026-10-07T23:54:54,docker.peer0.org2.example.com.blk_read_bytes,1680000.0
1791388495,2026-10-07T23:54:54,docker.peer0.org2.example.com.blk_write_bytes,57700000000.0
1791388495,2026-10-07T23:54:54,wsl.MemTotal_kb,24608408
1791388495,2026-10-07T23:54:54,wsl.MemAvailable_kb,22266732
1791388495,2026-10-07T23:54:54,wsl.SwapTotal_kb,0
1791388495,2026-10-07T23:54:54,wsl.SwapFree_kb,0
1791388495,2026-10-07T23:54:54,wsl.Dirty_kb,17808
1791388495,2026-10-07T23:54:54,wsl.load1,3.12
1791388495,2026-10-07T23:54:54,wsl.load5,9.11
1791388495,2026-10-07T23:54:54,host.c_free_bytes,31155888128
1791388495,2026-10-07T23:54:54,host.q_free_bytes,318724567040
1791388495,2026-10-07T23:54:54,host.docker_vhdx_bytes,79098281984
1791388495,2026-10-07T23:54:54,host.ubuntu_vhdx_bytes,212983611392
1791388495,2026-10-07T23:54:54,win.Processor(_Total)\% Processor Time,31.114369
1791388495,2026-10-07T23:54:54,win.Memory\Available MBytes,1058.0
1791388495,2026-10-07T23:54:54,win.PhysicalDisk(0 C:)\% Disk Time,13.15123
1791388495,2026-10-07T23:54:54,win.PhysicalDisk(1 Q:)\% Disk Time,0.335204
1791388495,2026-10-07T23:54:54,win.PhysicalDisk(_Total)\% Disk Time,6.743217
1791388495,2026-10-07T23:54:54,win.PhysicalDisk(0 C:)\Current Disk Queue Length,0.0
1791388495,2026-10-07T23:54:54,win.PhysicalDisk(1 Q:)\Current Disk Queue Length,0.0
1791388495,2026-10-07T23:54:54,win.PhysicalDisk(_Total)\Current Disk Queue Length,0.0
1791388495,2026-10-07T23:54:54,win.Process(vmmemWSL)\% Processor Time,274.294313
1791388505,2026-10-07T23:55:04,docker.dev-peer0.org1.example.com-saksi-bulletin_1.0-ee3fe73bad456e43adfc5ba27d9e5a60983b69e8496140308fb21061ecb2ff85.cpu_pct,97.2
1791388505,2026-10-07T23:55:04,docker.dev-peer0.org1.example.com-saksi-bulletin_1.0-ee3fe73bad456e43adfc5ba27d9e5a60983b69e8496140308fb21061ecb2ff85.mem_bytes,37276876.8
1791388505,2026-10-07T23:55:04,docker.dev-peer0.org1.example.com-saksi-bulletin_1.0-ee3fe73bad456e43adfc5ba27d9e5a60983b69e8496140308fb21061ecb2ff85.blk_read_bytes,4440000.0
1791388505,2026-10-07T23:55:04,docker.dev-peer0.org1.example.com-saksi-bulletin_1.0-ee3fe73bad456e43adfc5ba27d9e5a60983b69e8496140308fb21061ecb2ff85.blk_write_bytes,0.0
1791388505,2026-10-07T23:55:04,docker.dev-peer0.org2.example.com-saksi-bulletin_1.0-ee3fe73bad456e43adfc5ba27d9e5a60983b69e8496140308fb21061ecb2ff85.cpu_pct,0.0
1791388505,2026-10-07T23:55:04,docker.dev-peer0.org2.example.com-saksi-bulletin_1.0-ee3fe73bad456e43adfc5ba27d9e5a60983b69e8496140308fb21061ecb2ff85.mem_bytes,7303331.84
1791388505,2026-10-07T23:55:04,docker.dev-peer0.org2.example.com-saksi-bulletin_1.0-ee3fe73bad456e43adfc5ba27d9e5a60983b69e8496140308fb21061ecb2ff85.blk_read_bytes,0.0
1791388505,2026-10-07T23:55:04,docker.dev-peer0.org2.example.com-saksi-bulletin_1.0-ee3fe73bad456e43adfc5ba27d9e5a60983b69e8496140308fb21061ecb2ff85.blk_write_bytes,0.0
1791388505,2026-10-07T23:55:04,docker.peer0.org1.example.com.cpu_pct,84.45
1791388505,2026-10-07T23:55:04,docker.peer0.org1.example.com.mem_bytes,1966021279.744
1791388505,2026-10-07T23:55:04,docker.peer0.org1.example.com.blk_read_bytes,1550000000.0
1791388505,2026-10-07T23:55:04,docker.peer0.org1.example.com.blk_write_bytes,57600000000.0
1791388505,2026-10-07T23:55:04,docker.orderer.example.com.cpu_pct,0.04
1791388505,2026-10-07T23:55:04,docker.orderer.example.com.mem_bytes,4883377815.552
1791388505,2026-10-07T23:55:04,docker.orderer.example.com.blk_read_bytes,9500000.0
1791388505,2026-10-07T23:55:04,docker.orderer.example.com.blk_write_bytes,9220000000.0
1791388505,2026-10-07T23:55:04,docker.peer0.org2.example.com.cpu_pct,1.51
1791388505,2026-10-07T23:55:04,docker.peer0.org2.example.com.mem_bytes,341835776.0
1791388505,2026-10-07T23:55:04,docker.peer0.org2.example.com.blk_read_bytes,1680000.0
1791388505,2026-10-07T23:55:04,docker.peer0.org2.example.com.blk_write_bytes,57700000000.0
1791388505,2026-10-07T23:55:04,wsl.MemTotal_kb,24608408
1791388505,2026-10-07T23:55:04,wsl.MemAvailable_kb,22261012
1791388505,2026-10-07T23:55:04,wsl.SwapTotal_kb,0
1791388505,2026-10-07T23:55:04,wsl.SwapFree_kb,0
1791388505,2026-10-07T23:55:04,wsl.Dirty_kb,82964
1791388505,2026-10-07T23:55:04,wsl.load1,2.87
1791388505,2026-10-07T23:55:04,wsl.load5,8.86
1791388505,2026-10-07T23:55:04,host.c_free_bytes,31155830784
1791388505,2026-10-07T23:55:04,host.q_free_bytes,318691012608
1791388505,2026-10-07T23:55:04,host.docker_vhdx_bytes,79131836416
1791388505,2026-10-07T23:55:04,host.ubuntu_vhdx_bytes,212983611392
1791388505,2026-10-07T23:55:04,win.Processor(_Total)\% Processor Time,31.114369
1791388505,2026-10-07T23:55:04,win.Memory\Available MBytes,1058.0
1791388505,2026-10-07T23:55:04,win.PhysicalDisk(0 C:)\% Disk Time,13.15123
1791388505,2026-10-07T23:55:04,win.PhysicalDisk(1 Q:)\% Disk Time,0.335204
1791388505,2026-10-07T23:55:04,win.PhysicalDisk(_Total)\% Disk Time,6.743217
1791388505,2026-10-07T23:55:04,win.PhysicalDisk(0 C:)\Current Disk Queue Length,0.0
1791388505,2026-10-07T23:55:04,win.PhysicalDisk(1 Q:)\Current Disk Queue Length,0.0
1791388505,2026-10-07T23:55:04,win.PhysicalDisk(_Total)\Current Disk Queue Length,0.0
1791388505,2026-10-07T23:55:04,win.Process(vmmemWSL)\% Processor Time,274.294313
1791388515,2026-10-07T23:55:14,docker.dev-peer0.org1.example.com-saksi-bulletin_1.0-ee3fe73bad456e43adfc5ba27d9e5a60983b69e8496140308fb21061ecb2ff85.cpu_pct,97.2
1791388515,2026-10-07T23:55:14,docker.dev-peer0.org1.example.com-saksi-bulletin_1.0-ee3fe73bad456e43adfc5ba27d9e5a60983b69e8496140308fb21061ecb2ff85.mem_bytes,17196646.4
1791388515,2026-10-07T23:55:14,docker.dev-peer0.org1.example.com-saksi-bulletin_1.0-ee3fe73bad456e43adfc5ba27d9e5a60983b69e8496140308fb21061ecb2ff85.blk_read_bytes,4440000.0
1791388515,2026-10-07T23:55:14,docker.dev-peer0.org1.example.com-saksi-bulletin_1.0-ee3fe73bad456e43adfc5ba27d9e5a60983b69e8496140308fb21061ecb2ff85.blk_write_bytes,0.0
1791388515,2026-10-07T23:55:14,docker.dev-peer0.org2.example.com-saksi-bulletin_1.0-ee3fe73bad456e43adfc5ba27d9e5a60983b69e8496140308fb21061ecb2ff85.cpu_pct,0.02
1791388515,2026-10-07T23:55:14,docker.dev-peer0.org2.example.com-saksi-bulletin_1.0-ee3fe73bad456e43adfc5ba27d9e5a60983b69e8496140308fb21061ecb2ff85.mem_bytes,7045382.144
1791388515,2026-10-07T23:55:14,docker.dev-peer0.org2.example.com-saksi-bulletin_1.0-ee3fe73bad456e43adfc5ba27d9e5a60983b69e8496140308fb21061ecb2ff85.blk_read_bytes,0.0
1791388515,2026-10-07T23:55:14,docker.dev-peer0.org2.example.com-saksi-bulletin_1.0-ee3fe73bad456e43adfc5ba27d9e5a60983b69e8496140308fb21061ecb2ff85.blk_write_bytes,0.0
1791388515,2026-10-07T23:55:14,docker.peer0.org1.example.com.cpu_pct,83.9
1791388515,2026-10-07T23:55:14,docker.peer0.org1.example.com.mem_bytes,1955283861.504
1791388515,2026-10-07T23:55:14,docker.peer0.org1.example.com.blk_read_bytes,1550000000.0
1791388515,2026-10-07T23:55:14,docker.peer0.org1.example.com.blk_write_bytes,57700000000.0
1791388515,2026-10-07T23:55:14,docker.orderer.example.com.cpu_pct,0.05
1791388515,2026-10-07T23:55:14,docker.orderer.example.com.mem_bytes,4884451557.376
1791388515,2026-10-07T23:55:14,docker.orderer.example.com.blk_read_bytes,9500000.0
1791388515,2026-10-07T23:55:14,docker.orderer.example.com.blk_write_bytes,9220000000.0
1791388515,2026-10-07T23:55:14,docker.peer0.org2.example.com.cpu_pct,1.51
1791388515,2026-10-07T23:55:14,docker.peer0.org2.example.com.mem_bytes,340577484.8
1791388515,2026-10-07T23:55:14,docker.peer0.org2.example.com.blk_read_bytes,1680000.0
1791388515,2026-10-07T23:55:14,docker.peer0.org2.example.com.blk_write_bytes,57700000000.0
1791388515,2026-10-07T23:55:14,wsl.MemTotal_kb,24608408
1791388515,2026-10-07T23:55:14,wsl.MemAvailable_kb,22286584
1791388515,2026-10-07T23:55:14,wsl.SwapTotal_kb,0
1791388515,2026-10-07T23:55:14,wsl.SwapFree_kb,0
1791388515,2026-10-07T23:55:14,wsl.Dirty_kb,161480
1791388515,2026-10-07T23:55:14,wsl.load1,2.81
1791388515,2026-10-07T23:55:14,wsl.load5,8.65
1791388515,2026-10-07T23:55:14,host.c_free_bytes,31155499008
1791388515,2026-10-07T23:55:14,host.q_free_bytes,318657458176
1791388515,2026-10-07T23:55:14,host.docker_vhdx_bytes,79165390848
1791388515,2026-10-07T23:55:14,host.ubuntu_vhdx_bytes,212983611392
1791388515,2026-10-07T23:55:14,win.Processor(_Total)\% Processor Time,32.423174
1791388515,2026-10-07T23:55:14,win.Memory\Available MBytes,896.0
1791388515,2026-10-07T23:55:14,win.PhysicalDisk(0 C:)\% Disk Time,2563.527301
1791388515,2026-10-07T23:55:14,win.PhysicalDisk(1 Q:)\% Disk Time,0.301712
1791388515,2026-10-07T23:55:14,win.PhysicalDisk(_Total)\% Disk Time,1281.914507
1791388515,2026-10-07T23:55:14,win.PhysicalDisk(0 C:)\Current Disk Queue Length,188.0
1791388515,2026-10-07T23:55:14,win.PhysicalDisk(1 Q:)\Current Disk Queue Length,0.0
1791388515,2026-10-07T23:55:14,win.PhysicalDisk(_Total)\Current Disk Queue Length,188.0
1791388515,2026-10-07T23:55:14,win.Process(vmmemWSL)\% Processor Time,258.795733
1791388525,2026-10-07T23:55:24,docker.dev-peer0.org1.example.com-saksi-bulletin_1.0-ee3fe73bad456e43adfc5ba27d9e5a60983b69e8496140308fb21061ecb2ff85.cpu_pct,96.85
1791388525,2026-10-07T23:55:24,docker.dev-peer0.org1.example.com-saksi-bulletin_1.0-ee3fe73bad456e43adfc5ba27d9e5a60983b69e8496140308fb21061ecb2ff85.mem_bytes,33931919.36
1791388525,2026-10-07T23:55:24,docker.dev-peer0.org1.example.com-saksi-bulletin_1.0-ee3fe73bad456e43adfc5ba27d9e5a60983b69e8496140308fb21061ecb2ff85.blk_read_bytes,4440000.0
1791388525,2026-10-07T23:55:24,docker.dev-peer0.org1.example.com-saksi-bulletin_1.0-ee3fe73bad456e43adfc5ba27d9e5a60983b69e8496140308fb21061ecb2ff85.blk_write_bytes,0.0
1791388525,2026-10-07T23:55:24,docker.dev-peer0.org2.example.com-saksi-bulletin_1.0-ee3fe73bad456e43adfc5ba27d9e5a60983b69e8496140308fb21061ecb2ff85.cpu_pct,0.0
1791388525,2026-10-07T23:55:24,docker.dev-peer0.org2.example.com-saksi-bulletin_1.0-ee3fe73bad456e43adfc5ba27d9e5a60983b69e8496140308fb21061ecb2ff85.mem_bytes,6787432.448
1791388525,2026-10-07T23:55:24,docker.dev-peer0.org2.example.com-saksi-bulletin_1.0-ee3fe73bad456e43adfc5ba27d9e5a60983b69e8496140308fb21061ecb2ff85.blk_read_bytes,0.0
1791388525,2026-10-07T23:55:24,docker.dev-peer0.org2.example.com-saksi-bulletin_1.0-ee3fe73bad456e43adfc5ba27d9e5a60983b69e8496140308fb21061ecb2ff85.blk_write_bytes,0.0
1791388525,2026-10-07T23:55:24,docker.peer0.org1.example.com.cpu_pct,83.98
1791388525,2026-10-07T23:55:24,docker.peer0.org1.example.com.mem_bytes,1963873796.096
1791388525,2026-10-07T23:55:24,docker.peer0.org1.example.com.blk_read_bytes,1550000000.0
1791388525,2026-10-07T23:55:24,docker.peer0.org1.example.com.blk_write_bytes,57700000000.0
1791388525,2026-10-07T23:55:24,docker.orderer.example.com.cpu_pct,0.06
1791388525,2026-10-07T23:55:24,docker.orderer.example.com.mem_bytes,4884451557.376
1791388525,2026-10-07T23:55:24,docker.orderer.example.com.blk_read_bytes,9500000.0
1791388525,2026-10-07T23:55:24,docker.orderer.example.com.blk_write_bytes,9220000000.0
1791388525,2026-10-07T23:55:24,docker.peer0.org2.example.com.cpu_pct,1.43
1791388525,2026-10-07T23:55:24,docker.peer0.org2.example.com.mem_bytes,340472627.2
1791388525,2026-10-07T23:55:24,docker.peer0.org2.example.com.blk_read_bytes,1680000.0
1791388525,2026-10-07T23:55:24,docker.peer0.org2.example.com.blk_write_bytes,57700000000.0
1791388525,2026-10-07T23:55:24,wsl.MemTotal_kb,24608408
1791388525,2026-10-07T23:55:24,wsl.MemAvailable_kb,22277192
1791388525,2026-10-07T23:55:24,wsl.SwapTotal_kb,0
1791388525,2026-10-07T23:55:24,wsl.SwapFree_kb,0
1791388525,2026-10-07T23:55:24,wsl.Dirty_kb,179164
1791388525,2026-10-07T23:55:24,wsl.load1,2.92
1791388525,2026-10-07T23:55:24,wsl.load5,8.48
1791388525,2026-10-07T23:55:24,host.c_free_bytes,31156305920
1791388525,2026-10-07T23:55:24,host.q_free_bytes,318623903744
1791388525,2026-10-07T23:55:24,host.docker_vhdx_bytes,79198945280
1791388525,2026-10-07T23:55:24,host.ubuntu_vhdx_bytes,212983611392
1791388525,2026-10-07T23:55:24,win.Processor(_Total)\% Processor Time,35.997921
1791388525,2026-10-07T23:55:24,win.Memory\Available MBytes,1168.0
1791388525,2026-10-07T23:55:24,win.PhysicalDisk(0 C:)\% Disk Time,317.867462
1791388525,2026-10-07T23:55:24,win.PhysicalDisk(1 Q:)\% Disk Time,0.268209
1791388525,2026-10-07T23:55:24,win.PhysicalDisk(_Total)\% Disk Time,159.067836
1791388525,2026-10-07T23:55:24,win.PhysicalDisk(0 C:)\Current Disk Queue Length,0.0
1791388525,2026-10-07T23:55:24,win.PhysicalDisk(1 Q:)\Current Disk Queue Length,0.0
1791388525,2026-10-07T23:55:24,win.PhysicalDisk(_Total)\Current Disk Queue Length,0.0
1791388525,2026-10-07T23:55:24,win.Process(vmmemWSL)\% Processor Time,266.027216
1791388535,2026-10-07T23:55:34,docker.dev-peer0.org1.example.com-saksi-bulletin_1.0-ee3fe73bad456e43adfc5ba27d9e5a60983b69e8496140308fb21061ecb2ff85.cpu_pct,97.77
1791388535,2026-10-07T23:55:34,docker.dev-peer0.org1.example.com-saksi-bulletin_1.0-ee3fe73bad456e43adfc5ba27d9e5a60983b69e8496140308fb21061ecb2ff85.mem_bytes,34644951.04
1791388535,2026-10-07T23:55:34,docker.dev-peer0.org1.example.com-saksi-bulletin_1.0-ee3fe73bad456e43adfc5ba27d9e5a60983b69e8496140308fb21061ecb2ff85.blk_read_bytes,4440000.0
1791388535,2026-10-07T23:55:34,docker.dev-peer0.org1.example.com-saksi-bulletin_1.0-ee3fe73bad456e43adfc5ba27d9e5a60983b69e8496140308fb21061ecb2ff85.blk_write_bytes,0.0
1791388535,2026-10-07T23:55:34,docker.dev-peer0.org2.example.com-saksi-bulletin_1.0-ee3fe73bad456e43adfc5ba27d9e5a60983b69e8496140308fb21061ecb2ff85.cpu_pct,0.0
1791388535,2026-10-07T23:55:34,docker.dev-peer0.org2.example.com-saksi-bulletin_1.0-ee3fe73bad456e43adfc5ba27d9e5a60983b69e8496140308fb21061ecb2ff85.mem_bytes,6787432.448
1791388535,2026-10-07T23:55:34,docker.dev-peer0.org2.example.com-saksi-bulletin_1.0-ee3fe73bad456e43adfc5ba27d9e5a60983b69e8496140308fb21061ecb2ff85.blk_read_bytes,0.0
1791388535,2026-10-07T23:55:34,docker.dev-peer0.org2.example.com-saksi-bulletin_1.0-ee3fe73bad456e43adfc5ba27d9e5a60983b69e8496140308fb21061ecb2ff85.blk_write_bytes,0.0
1791388535,2026-10-07T23:55:34,docker.peer0.org1.example.com.cpu_pct,86.39
1791388535,2026-10-07T23:55:34,docker.peer0.org1.example.com.mem_bytes,1969242505.216
1791388535,2026-10-07T23:55:34,docker.peer0.org1.example.com.blk_read_bytes,1550000000.0
1791388535,2026-10-07T23:55:34,docker.peer0.org1.example.com.blk_write_bytes,57800000000.0
1791388535,2026-10-07T23:55:34,docker.orderer.example.com.cpu_pct,0.05
1791388535,2026-10-07T23:55:34,docker.orderer.example.com.mem_bytes,4883377815.552
1791388535,2026-10-07T23:55:34,docker.orderer.example.com.blk_read_bytes,9500000.0
1791388535,2026-10-07T23:55:34,docker.orderer.example.com.blk_write_bytes,9220000000.0
1791388535,2026-10-07T23:55:34,docker.peer0.org2.example.com.cpu_pct,1.72
1791388535,2026-10-07T23:55:34,docker.peer0.org2.example.com.mem_bytes,339843481.6
1791388535,2026-10-07T23:55:34,docker.peer0.org2.example.com.blk_read_bytes,1680000.0
1791388535,2026-10-07T23:55:34,docker.peer0.org2.example.com.blk_write_bytes,57700000000.0
1791388535,2026-10-07T23:55:34,wsl.MemTotal_kb,24608408
1791388535,2026-10-07T23:55:34,wsl.MemAvailable_kb,22298300
1791388535,2026-10-07T23:55:34,wsl.SwapTotal_kb,0
1791388535,2026-10-07T23:55:34,wsl.SwapFree_kb,0
1791388535,2026-10-07T23:55:34,wsl.Dirty_kb,74548
1791388535,2026-10-07T23:55:34,wsl.load1,3.46
1791388535,2026-10-07T23:55:34,wsl.load5,8.41
1791388535,2026-10-07T23:55:34,host.c_free_bytes,30920986624
1791388535,2026-10-07T23:55:34,host.q_free_bytes,318590349312
1791388535,2026-10-07T23:55:34,host.docker_vhdx_bytes,79232499712
1791388535,2026-10-07T23:55:34,host.ubuntu_vhdx_bytes,212983611392
1791388535,2026-10-07T23:55:34,win.Processor(_Total)\% Processor Time,34.50518
1791388535,2026-10-07T23:55:34,win.Memory\Available MBytes,1174.0
1791388535,2026-10-07T23:55:34,win.PhysicalDisk(0 C:)\% Disk Time,0.47245
1791388535,2026-10-07T23:55:34,win.PhysicalDisk(1 Q:)\% Disk Time,0.296638
1791388535,2026-10-07T23:55:34,win.PhysicalDisk(_Total)\% Disk Time,0.384544
1791388535,2026-10-07T23:55:34,win.PhysicalDisk(0 C:)\Current Disk Queue Length,0.0
1791388535,2026-10-07T23:55:34,win.PhysicalDisk(1 Q:)\Current Disk Queue Length,0.0
1791388535,2026-10-07T23:55:34,win.PhysicalDisk(_Total)\Current Disk Queue Length,0.0
1791388535,2026-10-07T23:55:34,win.Process(vmmemWSL)\% Processor Time,272.399135
1791388545,2026-10-07T23:55:44,docker.dev-peer0.org1.example.com-saksi-bulletin_1.0-ee3fe73bad456e43adfc5ba27d9e5a60983b69e8496140308fb21061ecb2ff85.cpu_pct,95.88
1791388545,2026-10-07T23:55:44,docker.dev-peer0.org1.example.com-saksi-bulletin_1.0-ee3fe73bad456e43adfc5ba27d9e5a60983b69e8496140308fb21061ecb2ff85.mem_bytes,39531315.2
1791388545,2026-10-07T23:55:44,docker.dev-peer0.org1.example.com-saksi-bulletin_1.0-ee3fe73bad456e43adfc5ba27d9e5a60983b69e8496140308fb21061ecb2ff85.blk_read_bytes,4440000.0
1791388545,2026-10-07T23:55:44,docker.dev-peer0.org1.example.com-saksi-bulletin_1.0-ee3fe73bad456e43adfc5ba27d9e5a60983b69e8496140308fb21061ecb2ff85.blk_write_bytes,0.0
1791388545,2026-10-07T23:55:44,docker.dev-peer0.org2.example.com-saksi-bulletin_1.0-ee3fe73bad456e43adfc5ba27d9e5a60983b69e8496140308fb21061ecb2ff85.cpu_pct,0.0
1791388545,2026-10-07T23:55:44,docker.dev-peer0.org2.example.com-saksi-bulletin_1.0-ee3fe73bad456e43adfc5ba27d9e5a60983b69e8496140308fb21061ecb2ff85.mem_bytes,6787432.448
1791388545,2026-10-07T23:55:44,docker.dev-peer0.org2.example.com-saksi-bulletin_1.0-ee3fe73bad456e43adfc5ba27d9e5a60983b69e8496140308fb21061ecb2ff85.blk_read_bytes,0.0
1791388545,2026-10-07T23:55:44,docker.dev-peer0.org2.example.com-saksi-bulletin_1.0-ee3fe73bad456e43adfc5ba27d9e5a60983b69e8496140308fb21061ecb2ff85.blk_write_bytes,0.0
1791388545,2026-10-07T23:55:44,docker.peer0.org1.example.com.cpu_pct,84.24
1791388545,2026-10-07T23:55:44,docker.peer0.org1.example.com.mem_bytes,1943472701.44
1791388545,2026-10-07T23:55:44,docker.peer0.org1.example.com.blk_read_bytes,1550000000.0
1791388545,2026-10-07T23:55:44,docker.peer0.org1.example.com.blk_write_bytes,57800000000.0
1791388545,2026-10-07T23:55:44,docker.orderer.example.com.cpu_pct,0.04
1791388545,2026-10-07T23:55:44,docker.orderer.example.com.mem_bytes,4883377815.552
1791388545,2026-10-07T23:55:44,docker.orderer.example.com.blk_read_bytes,9500000.0
1791388545,2026-10-07T23:55:44,docker.orderer.example.com.blk_write_bytes,9220000000.0
1791388545,2026-10-07T23:55:44,docker.peer0.org2.example.com.cpu_pct,1.4
1791388545,2026-10-07T23:55:44,docker.peer0.org2.example.com.mem_bytes,339738624.0
1791388545,2026-10-07T23:55:44,docker.peer0.org2.example.com.blk_read_bytes,1680000.0
1791388545,2026-10-07T23:55:44,docker.peer0.org2.example.com.blk_write_bytes,57700000000.0
1791388545,2026-10-07T23:55:44,wsl.MemTotal_kb,24608408
1791388545,2026-10-07T23:55:44,wsl.MemAvailable_kb,22289036
1791388545,2026-10-07T23:55:44,wsl.SwapTotal_kb,0
1791388545,2026-10-07T23:55:44,wsl.SwapFree_kb,0
1791388545,2026-10-07T23:55:44,wsl.Dirty_kb,155388
1791388545,2026-10-07T23:55:44,wsl.load1,3.4
1791388545,2026-10-07T23:55:44,wsl.load5,8.23
1791388545,2026-10-07T23:55:44,host.c_free_bytes,30921637888
1791388545,2026-10-07T23:55:44,host.q_free_bytes,318556794880
1791388545,2026-10-07T23:55:44,host.docker_vhdx_bytes,79266054144
1791388545,2026-10-07T23:55:44,host.ubuntu_vhdx_bytes,212983611392
1791388545,2026-10-07T23:55:44,win.Processor(_Total)\% Processor Time,31.685598
1791388545,2026-10-07T23:55:44,win.Memory\Available MBytes,1017.0
1791388545,2026-10-07T23:55:44,win.PhysicalDisk(0 C:)\% Disk Time,2080.257529
1791388545,2026-10-07T23:55:44,win.PhysicalDisk(1 Q:)\% Disk Time,0.349675
1791388545,2026-10-07T23:55:44,win.PhysicalDisk(_Total)\% Disk Time,1040.303602
1791388545,2026-10-07T23:55:44,win.PhysicalDisk(0 C:)\Current Disk Queue Length,4.0
1791388545,2026-10-07T23:55:44,win.PhysicalDisk(1 Q:)\Current Disk Queue Length,0.0
1791388545,2026-10-07T23:55:44,win.PhysicalDisk(_Total)\Current Disk Queue Length,4.0
1791388545,2026-10-07T23:55:44,win.Process(vmmemWSL)\% Processor Time,248.182019
1791388555,2026-10-07T23:55:54,docker.dev-peer0.org1.example.com-saksi-bulletin_1.0-ee3fe73bad456e43adfc5ba27d9e5a60983b69e8496140308fb21061ecb2ff85.cpu_pct,98.65
1791388555,2026-10-07T23:55:54,docker.dev-peer0.org1.example.com-saksi-bulletin_1.0-ee3fe73bad456e43adfc5ba27d9e5a60983b69e8496140308fb21061ecb2ff85.mem_bytes,18150850.56
1791388555,2026-10-07T23:55:54,docker.dev-peer0.org1.example.com-saksi-bulletin_1.0-ee3fe73bad456e43adfc5ba27d9e5a60983b69e8496140308fb21061ecb2ff85.blk_read_bytes,4440000.0
1791388555,2026-10-07T23:55:54,docker.dev-peer0.org1.example.com-saksi-bulletin_1.0-ee3fe73bad456e43adfc5ba27d9e5a60983b69e8496140308fb21061ecb2ff85.blk_write_bytes,0.0
1791388555,2026-10-07T23:55:54,docker.dev-peer0.org2.example.com-saksi-bulletin_1.0-ee3fe73bad456e43adfc5ba27d9e5a60983b69e8496140308fb21061ecb2ff85.cpu_pct,0.0
1791388555,2026-10-07T23:55:54,docker.dev-peer0.org2.example.com-saksi-bulletin_1.0-ee3fe73bad456e43adfc5ba27d9e5a60983b69e8496140308fb21061ecb2ff85.mem_bytes,7049576.448
1791388555,2026-10-07T23:55:54,docker.dev-peer0.org2.example.com-saksi-bulletin_1.0-ee3fe73bad456e43adfc5ba27d9e5a60983b69e8496140308fb21061ecb2ff85.blk_read_bytes,0.0
1791388555,2026-10-07T23:55:54,docker.dev-peer0.org2.example.com-saksi-bulletin_1.0-ee3fe73bad456e43adfc5ba27d9e5a60983b69e8496140308fb21061ecb2ff85.blk_write_bytes,0.0
1791388555,2026-10-07T23:55:54,docker.peer0.org1.example.com.cpu_pct,95.27
1791388555,2026-10-07T23:55:54,docker.peer0.org1.example.com.mem_bytes,1950988894.208
1791388555,2026-10-07T23:55:54,docker.peer0.org1.example.com.blk_read_bytes,1550000000.0
1791388555,2026-10-07T23:55:54,docker.peer0.org1.example.com.blk_write_bytes,57900000000.0
1791388555,2026-10-07T23:55:54,docker.orderer.example.com.cpu_pct,0.04
1791388555,2026-10-07T23:55:54,docker.orderer.example.com.mem_bytes,4883377815.552
1791388555,2026-10-07T23:55:54,docker.orderer.example.com.blk_read_bytes,9500000.0
1791388555,2026-10-07T23:55:54,docker.orderer.example.com.blk_write_bytes,9220000000.0
1791388555,2026-10-07T23:55:54,docker.peer0.org2.example.com.cpu_pct,1.53
1791388555,2026-10-07T23:55:54,docker.peer0.org2.example.com.mem_bytes,339319193.6
1791388555,2026-10-07T23:55:54,docker.peer0.org2.example.com.blk_read_bytes,1680000.0
1791388555,2026-10-07T23:55:54,docker.peer0.org2.example.com.blk_write_bytes,57700000000.0
1791388555,2026-10-07T23:55:54,wsl.MemTotal_kb,24608408
1791388555,2026-10-07T23:55:54,wsl.MemAvailable_kb,22280032
1791388555,2026-10-07T23:55:54,wsl.SwapTotal_kb,0
1791388555,2026-10-07T23:55:54,wsl.SwapFree_kb,0
1791388555,2026-10-07T23:55:54,wsl.Dirty_kb,236144
1791388555,2026-10-07T23:55:54,wsl.load1,3.42
1791388555,2026-10-07T23:55:54,wsl.load5,8.08
1791388555,2026-10-07T23:55:54,host.c_free_bytes,30921236480
1791388555,2026-10-07T23:55:54,host.q_free_bytes,318523240448
1791388555,2026-10-07T23:55:54,host.docker_vhdx_bytes,79299608576
1791388555,2026-10-07T23:55:54,host.ubuntu_vhdx_bytes,212983611392
1791388555,2026-10-07T23:55:54,win.Processor(_Total)\% Processor Time,31.053566
1791388555,2026-10-07T23:55:54,win.Memory\Available MBytes,1201.0
1791388555,2026-10-07T23:55:54,win.PhysicalDisk(0 C:)\% Disk Time,11.912747
1791388555,2026-10-07T23:55:54,win.PhysicalDisk(1 Q:)\% Disk Time,0.275848
1791388555,2026-10-07T23:55:54,win.PhysicalDisk(_Total)\% Disk Time,6.094297
1791388555,2026-10-07T23:55:54,win.PhysicalDisk(0 C:)\Current Disk Queue Length,0.0
1791388555,2026-10-07T23:55:54,win.PhysicalDisk(1 Q:)\Current Disk Queue Length,0.0
1791388555,2026-10-07T23:55:54,win.PhysicalDisk(_Total)\Current Disk Queue Length,0.0
1791388555,2026-10-07T23:55:54,win.Process(vmmemWSL)\% Processor Time,268.758352
1791388565,2026-10-07T23:56:04,docker.dev-peer0.org1.example.com-saksi-bulletin_1.0-ee3fe73bad456e43adfc5ba27d9e5a60983b69e8496140308fb21061ecb2ff85.cpu_pct,98.8
1791388565,2026-10-07T23:56:04,docker.dev-peer0.org1.example.com-saksi-bulletin_1.0-ee3fe73bad456e43adfc5ba27d9e5a60983b69e8496140308fb21061ecb2ff85.mem_bytes,23225958.4
1791388565,2026-10-07T23:56:04,docker.dev-peer0.org1.example.com-saksi-bulletin_1.0-ee3fe73bad456e43adfc5ba27d9e5a60983b69e8496140308fb21061ecb2ff85.blk_read_bytes,4440000.0
1791388565,2026-10-07T23:56:04,docker.dev-peer0.org1.example.com-saksi-bulletin_1.0-ee3fe73bad456e43adfc5ba27d9e5a60983b69e8496140308fb21061ecb2ff85.blk_write_bytes,0.0
1791388565,2026-10-07T23:56:04,docker.dev-peer0.org2.example.com-saksi-bulletin_1.0-ee3fe73bad456e43adfc5ba27d9e5a60983b69e8496140308fb21061ecb2ff85.cpu_pct,0.0
1791388565,2026-10-07T23:56:04,docker.dev-peer0.org2.example.com-saksi-bulletin_1.0-ee3fe73bad456e43adfc5ba27d9e5a60983b69e8496140308fb21061ecb2ff85.mem_bytes,7049576.448
1791388565,2026-10-07T23:56:04,docker.dev-peer0.org2.example.com-saksi-bulletin_1.0-ee3fe73bad456e43adfc5ba27d9e5a60983b69e8496140308fb21061ecb2ff85.blk_read_bytes,0.0
1791388565,2026-10-07T23:56:04,docker.dev-peer0.org2.example.com-saksi-bulletin_1.0-ee3fe73bad456e43adfc5ba27d9e5a60983b69e8496140308fb21061ecb2ff85.blk_write_bytes,0.0
1791388565,2026-10-07T23:56:04,docker.peer0.org1.example.com.cpu_pct,95.18
1791388565,2026-10-07T23:56:04,docker.peer0.org1.example.com.mem_bytes,1949915152.384
1791388565,2026-10-07T23:56:04,docker.peer0.org1.example.com.blk_read_bytes,1550000000.0
1791388565,2026-10-07T23:56:04,docker.peer0.org1.example.com.blk_write_bytes,57900000000.0
1791388565,2026-10-07T23:56:04,docker.orderer.example.com.cpu_pct,0.06
1791388565,2026-10-07T23:56:04,docker.orderer.example.com.mem_bytes,4883377815.552
1791388565,2026-10-07T23:56:04,docker.orderer.example.com.blk_read_bytes,9500000.0
1791388565,2026-10-07T23:56:04,docker.orderer.example.com.blk_write_bytes,9220000000.0
1791388565,2026-10-07T23:56:04,docker.peer0.org2.example.com.cpu_pct,1.35
1791388565,2026-10-07T23:56:04,docker.peer0.org2.example.com.mem_bytes,338375475.2
1791388565,2026-10-07T23:56:04,docker.peer0.org2.example.com.blk_read_bytes,1680000.0
1791388565,2026-10-07T23:56:04,docker.peer0.org2.example.com.blk_write_bytes,57700000000.0
1791388565,2026-10-07T23:56:04,wsl.MemTotal_kb,24608408
1791388565,2026-10-07T23:56:04,wsl.MemAvailable_kb,22284628
1791388565,2026-10-07T23:56:04,wsl.SwapTotal_kb,0
1791388565,2026-10-07T23:56:04,wsl.SwapFree_kb,0
1791388565,2026-10-07T23:56:04,wsl.Dirty_kb,314404
1791388565,2026-10-07T23:56:04,wsl.load1,3.28
1791388565,2026-10-07T23:56:04,wsl.load5,7.89
1791388565,2026-10-07T23:56:04,host.c_free_bytes,30920839168
1791388565,2026-10-07T23:56:04,host.q_free_bytes,318489686016
1791388565,2026-10-07T23:56:04,host.docker_vhdx_bytes,79333163008
1791388565,2026-10-07T23:56:04,host.ubuntu_vhdx_bytes,212983611392
1791388565,2026-10-07T23:56:04,win.Processor(_Total)\% Processor Time,29.406521
1791388565,2026-10-07T23:56:04,win.Memory\Available MBytes,1140.0
1791388565,2026-10-07T23:56:04,win.PhysicalDisk(0 C:)\% Disk Time,0.425302
1791388565,2026-10-07T23:56:04,win.PhysicalDisk(1 Q:)\% Disk Time,0.266849
1791388565,2026-10-07T23:56:04,win.PhysicalDisk(_Total)\% Disk Time,0.346076
1791388565,2026-10-07T23:56:04,win.PhysicalDisk(0 C:)\Current Disk Queue Length,0.0
1791388565,2026-10-07T23:56:04,win.PhysicalDisk(1 Q:)\Current Disk Queue Length,0.0
1791388565,2026-10-07T23:56:04,win.PhysicalDisk(_Total)\Current Disk Queue Length,0.0
1791388565,2026-10-07T23:56:04,win.Process(vmmemWSL)\% Processor Time,268.243512
1791388575,2026-10-07T23:56:14,docker.dev-peer0.org1.example.com-saksi-bulletin_1.0-ee3fe73bad456e43adfc5ba27d9e5a60983b69e8496140308fb21061ecb2ff85.cpu_pct,94.57
1791388575,2026-10-07T23:56:14,docker.dev-peer0.org1.example.com-saksi-bulletin_1.0-ee3fe73bad456e43adfc5ba27d9e5a60983b69e8496140308fb21061ecb2ff85.mem_bytes,40558919.68
1791388575,2026-10-07T23:56:14,docker.dev-peer0.org1.example.com-saksi-bulletin_1.0-ee3fe73bad456e43adfc5ba27d9e5a60983b69e8496140308fb21061ecb2ff85.blk_read_bytes,4440000.0
1791388575,2026-10-07T23:56:14,docker.dev-peer0.org1.example.com-saksi-bulletin_1.0-ee3fe73bad456e43adfc5ba27d9e5a60983b69e8496140308fb21061ecb2ff85.blk_write_bytes,0.0
1791388575,2026-10-07T23:56:14,docker.dev-peer0.org2.example.com-saksi-bulletin_1.0-ee3fe73bad456e43adfc5ba27d9e5a60983b69e8496140308fb21061ecb2ff85.cpu_pct,0.0
1791388575,2026-10-07T23:56:14,docker.dev-peer0.org2.example.com-saksi-bulletin_1.0-ee3fe73bad456e43adfc5ba27d9e5a60983b69e8496140308fb21061ecb2ff85.mem_bytes,7049576.448
1791388575,2026-10-07T23:56:14,docker.dev-peer0.org2.example.com-saksi-bulletin_1.0-ee3fe73bad456e43adfc5ba27d9e5a60983b69e8496140308fb21061ecb2ff85.blk_read_bytes,0.0
1791388575,2026-10-07T23:56:14,docker.dev-peer0.org2.example.com-saksi-bulletin_1.0-ee3fe73bad456e43adfc5ba27d9e5a60983b69e8496140308fb21061ecb2ff85.blk_write_bytes,0.0
1791388575,2026-10-07T23:56:14,docker.peer0.org1.example.com.cpu_pct,87.34
1791388575,2026-10-07T23:56:14,docker.peer0.org1.example.com.mem_bytes,1958505086.976
1791388575,2026-10-07T23:56:14,docker.peer0.org1.example.com.blk_read_bytes,1550000000.0
1791388575,2026-10-07T23:56:14,docker.peer0.org1.example.com.blk_write_bytes,57900000000.0
1791388575,2026-10-07T23:56:14,docker.orderer.example.com.cpu_pct,0.05
1791388575,2026-10-07T23:56:14,docker.orderer.example.com.mem_bytes,4661113257.984
1791388575,2026-10-07T23:56:14,docker.orderer.example.com.blk_read_bytes,9500000.0
1791388575,2026-10-07T23:56:14,docker.orderer.example.com.blk_write_bytes,9220000000.0
1791388575,2026-10-07T23:56:14,docker.peer0.org2.example.com.cpu_pct,1.63
1791388575,2026-10-07T23:56:14,docker.peer0.org2.example.com.mem_bytes,284583526.4
1791388575,2026-10-07T23:56:14,docker.peer0.org2.example.com.blk_read_bytes,1680000.0
1791388575,2026-10-07T23:56:14,docker.peer0.org2.example.com.blk_write_bytes,57700000000.0
1791388575,2026-10-07T23:56:14,wsl.MemTotal_kb,24608408
1791388575,2026-10-07T23:56:14,wsl.MemAvailable_kb,22403232
1791388575,2026-10-07T23:56:14,wsl.SwapTotal_kb,0
1791388575,2026-10-07T23:56:14,wsl.SwapFree_kb,0
1791388575,2026-10-07T23:56:14,wsl.Dirty_kb,19580
1791388575,2026-10-07T23:56:14,wsl.load1,2.93
1791388575,2026-10-07T23:56:14,wsl.load5,7.67
1791388575,2026-10-07T23:56:14,host.c_free_bytes,30686736384
1791388575,2026-10-07T23:56:14,host.q_free_bytes,318489686016
1791388575,2026-10-07T23:56:14,host.docker_vhdx_bytes,79333163008
1791388575,2026-10-07T23:56:14,host.ubuntu_vhdx_bytes,212983611392
1791388575,2026-10-07T23:56:14,win.Processor(_Total)\% Processor Time,30.860447
1791388575,2026-10-07T23:56:14,win.Memory\Available MBytes,1168.0
1791388575,2026-10-07T23:56:14,win.PhysicalDisk(0 C:)\% Disk Time,0.650019
1791388575,2026-10-07T23:56:14,win.PhysicalDisk(1 Q:)\% Disk Time,0.267252
1791388575,2026-10-07T23:56:14,win.PhysicalDisk(_Total)\% Disk Time,0.458636
1791388575,2026-10-07T23:56:14,win.PhysicalDisk(0 C:)\Current Disk Queue Length,0.0
1791388575,2026-10-07T23:56:14,win.PhysicalDisk(1 Q:)\Current Disk Queue Length,0.0
1791388575,2026-10-07T23:56:14,win.PhysicalDisk(_Total)\Current Disk Queue Length,0.0
1791388575,2026-10-07T23:56:14,win.Process(vmmemWSL)\% Processor Time,269.492999
1791388585,2026-10-07T23:56:24,docker.dev-peer0.org1.example.com-saksi-bulletin_1.0-ee3fe73bad456e43adfc5ba27d9e5a60983b69e8496140308fb21061ecb2ff85.cpu_pct,93.95
1791388585,2026-10-07T23:56:24,docker.dev-peer0.org1.example.com-saksi-bulletin_1.0-ee3fe73bad456e43adfc5ba27d9e5a60983b69e8496140308fb21061ecb2ff85.mem_bytes,37895536.64
1791388585,2026-10-07T23:56:24,docker.dev-peer0.org1.example.com-saksi-bulletin_1.0-ee3fe73bad456e43adfc5ba27d9e5a60983b69e8496140308fb21061ecb2ff85.blk_read_bytes,4440000.0
1791388585,2026-10-07T23:56:24,docker.dev-peer0.org1.example.com-saksi-bulletin_1.0-ee3fe73bad456e43adfc5ba27d9e5a60983b69e8496140308fb21061ecb2ff85.blk_write_bytes,0.0
1791388585,2026-10-07T23:56:24,docker.dev-peer0.org2.example.com-saksi-bulletin_1.0-ee3fe73bad456e43adfc5ba27d9e5a60983b69e8496140308fb21061ecb2ff85.cpu_pct,0.0
1791388585,2026-10-07T23:56:24,docker.dev-peer0.org2.example.com-saksi-bulletin_1.0-ee3fe73bad456e43adfc5ba27d9e5a60983b69e8496140308fb21061ecb2ff85.mem_bytes,7045382.144
1791388585,2026-10-07T23:56:24,docker.dev-peer0.org2.example.com-saksi-bulletin_1.0-ee3fe73bad456e43adfc5ba27d9e5a60983b69e8496140308fb21061ecb2ff85.blk_read_bytes,0.0
1791388585,2026-10-07T23:56:24,docker.dev-peer0.org2.example.com-saksi-bulletin_1.0-ee3fe73bad456e43adfc5ba27d9e5a60983b69e8496140308fb21061ecb2ff85.blk_write_bytes,0.0
1791388585,2026-10-07T23:56:24,docker.peer0.org1.example.com.cpu_pct,86.76
1791388585,2026-10-07T23:56:24,docker.peer0.org1.example.com.mem_bytes,1962800054.272
1791388585,2026-10-07T23:56:24,docker.peer0.org1.example.com.blk_read_bytes,1550000000.0
1791388585,2026-10-07T23:56:24,docker.peer0.org1.example.com.blk_write_bytes,58000000000.0
1791388585,2026-10-07T23:56:24,docker.orderer.example.com.cpu_pct,0.04
1791388585,2026-10-07T23:56:24,docker.orderer.example.com.mem_bytes,4660039516.16
1791388585,2026-10-07T23:56:24,docker.orderer.example.com.blk_read_bytes,9500000.0
1791388585,2026-10-07T23:56:24,docker.orderer.example.com.blk_write_bytes,9220000000.0
1791388585,2026-10-07T23:56:24,docker.peer0.org2.example.com.cpu_pct,1.28
1791388585,2026-10-07T23:56:24,docker.peer0.org2.example.com.mem_bytes,284583526.4
1791388585,2026-10-07T23:56:24,docker.peer0.org2.example.com.blk_read_bytes,1680000.0
1791388585,2026-10-07T23:56:24,docker.peer0.org2.example.com.blk_write_bytes,57700000000.0
1791388585,2026-10-07T23:56:24,wsl.MemTotal_kb,24608408
1791388585,2026-10-07T23:56:24,wsl.MemAvailable_kb,22494800
1791388585,2026-10-07T23:56:24,wsl.SwapTotal_kb,0
1791388585,2026-10-07T23:56:24,wsl.SwapFree_kb,0
1791388585,2026-10-07T23:56:24,wsl.Dirty_kb,99896
1791388585,2026-10-07T23:56:24,wsl.load1,3.01
1791388585,2026-10-07T23:56:24,wsl.load5,7.53
1791388585,2026-10-07T23:56:24,host.c_free_bytes,30686179328
1791388585,2026-10-07T23:56:24,host.q_free_bytes,318456131584
1791388585,2026-10-07T23:56:24,host.docker_vhdx_bytes,79366717440
1791388585,2026-10-07T23:56:24,host.ubuntu_vhdx_bytes,212983611392
1791388585,2026-10-07T23:56:24,win.Processor(_Total)\% Processor Time,31.068537
1791388585,2026-10-07T23:56:24,win.Memory\Available MBytes,1173.0
1791388585,2026-10-07T23:56:24,win.PhysicalDisk(0 C:)\% Disk Time,0.234251
1791388585,2026-10-07T23:56:24,win.PhysicalDisk(1 Q:)\% Disk Time,0.288265
1791388585,2026-10-07T23:56:24,win.PhysicalDisk(_Total)\% Disk Time,0.261257
1791388585,2026-10-07T23:56:24,win.PhysicalDisk(0 C:)\Current Disk Queue Length,0.0
1791388585,2026-10-07T23:56:24,win.PhysicalDisk(1 Q:)\Current Disk Queue Length,0.0
1791388585,2026-10-07T23:56:24,win.PhysicalDisk(_Total)\Current Disk Queue Length,0.0
1791388585,2026-10-07T23:56:24,win.Process(vmmemWSL)\% Processor Time,260.672076
1791388595,2026-10-07T23:56:34,docker.dev-peer0.org1.example.com-saksi-bulletin_1.0-ee3fe73bad456e43adfc5ba27d9e5a60983b69e8496140308fb21061ecb2ff85.cpu_pct,96.11
1791388595,2026-10-07T23:56:34,docker.dev-peer0.org1.example.com-saksi-bulletin_1.0-ee3fe73bad456e43adfc5ba27d9e5a60983b69e8496140308fb21061ecb2ff85.mem_bytes,24903680.0
1791388595,2026-10-07T23:56:34,docker.dev-peer0.org1.example.com-saksi-bulletin_1.0-ee3fe73bad456e43adfc5ba27d9e5a60983b69e8496140308fb21061ecb2ff85.blk_read_bytes,4440000.0
1791388595,2026-10-07T23:56:34,docker.dev-peer0.org1.example.com-saksi-bulletin_1.0-ee3fe73bad456e43adfc5ba27d9e5a60983b69e8496140308fb21061ecb2ff85.blk_write_bytes,0.0
1791388595,2026-10-07T23:56:34,docker.dev-peer0.org2.example.com-saksi-bulletin_1.0-ee3fe73bad456e43adfc5ba27d9e5a60983b69e8496140308fb21061ecb2ff85.cpu_pct,0.0
1791388595,2026-10-07T23:56:34,docker.dev-peer0.org2.example.com-saksi-bulletin_1.0-ee3fe73bad456e43adfc5ba27d9e5a60983b69e8496140308fb21061ecb2ff85.mem_bytes,7045382.144
1791388595,2026-10-07T23:56:34,docker.dev-peer0.org2.example.com-saksi-bulletin_1.0-ee3fe73bad456e43adfc5ba27d9e5a60983b69e8496140308fb21061ecb2ff85.blk_read_bytes,0.0
1791388595,2026-10-07T23:56:34,docker.dev-peer0.org2.example.com-saksi-bulletin_1.0-ee3fe73bad456e43adfc5ba27d9e5a60983b69e8496140308fb21061ecb2ff85.blk_write_bytes,0.0
1791388595,2026-10-07T23:56:34,docker.peer0.org1.example.com.cpu_pct,88.89
1791388595,2026-10-07T23:56:34,docker.peer0.org1.example.com.mem_bytes,1961726312.448
1791388595,2026-10-07T23:56:34,docker.peer0.org1.example.com.blk_read_bytes,1550000000.0
1791388595,2026-10-07T23:56:34,docker.peer0.org1.example.com.blk_write_bytes,58000000000.0
1791388595,2026-10-07T23:56:34,docker.orderer.example.com.cpu_pct,0.06
1791388595,2026-10-07T23:56:34,docker.orderer.example.com.mem_bytes,4660039516.16
1791388595,2026-10-07T23:56:34,docker.orderer.example.com.blk_read_bytes,9500000.0
1791388595,2026-10-07T23:56:34,docker.orderer.example.com.blk_write_bytes,9220000000.0
1791388595,2026-10-07T23:56:34,docker.peer0.org2.example.com.cpu_pct,1.61
1791388595,2026-10-07T23:56:34,docker.peer0.org2.example.com.mem_bytes,285107814.4
1791388595,2026-10-07T23:56:34,docker.peer0.org2.example.com.blk_read_bytes,1680000.0
1791388595,2026-10-07T23:56:34,docker.peer0.org2.example.com.blk_write_bytes,57700000000.0
1791388595,2026-10-07T23:56:34,wsl.MemTotal_kb,24608408
1791388595,2026-10-07T23:56:34,wsl.MemAvailable_kb,22572200
1791388595,2026-10-07T23:56:34,wsl.SwapTotal_kb,0
1791388595,2026-10-07T23:56:34,wsl.SwapFree_kb,0
1791388595,2026-10-07T23:56:34,wsl.Dirty_kb,179696
1791388595,2026-10-07T23:56:34,wsl.load1,3.09
1791388595,2026-10-07T23:56:34,wsl.load5,7.39
1791388595,2026-10-07T23:56:34,host.c_free_bytes,30685716480
1791388595,2026-10-07T23:56:34,host.q_free_bytes,318456131584
1791388595,2026-10-07T23:56:34,host.docker_vhdx_bytes,79366717440
1791388595,2026-10-07T23:56:34,host.ubuntu_vhdx_bytes,212983611392
1791388595,2026-10-07T23:56:34,win.Processor(_Total)\% Processor Time,32.586508
1791388595,2026-10-07T23:56:34,win.Memory\Available MBytes,1172.0
1791388595,2026-10-07T23:56:34,win.PhysicalDisk(0 C:)\% Disk Time,2937.178537
1791388595,2026-10-07T23:56:34,win.PhysicalDisk(1 Q:)\% Disk Time,0.289287
1791388595,2026-10-07T23:56:34,win.PhysicalDisk(_Total)\% Disk Time,1468.733913
1791388595,2026-10-07T23:56:34,win.PhysicalDisk(0 C:)\Current Disk Queue Length,0.0
1791388595,2026-10-07T23:56:34,win.PhysicalDisk(1 Q:)\Current Disk Queue Length,0.0
1791388595,2026-10-07T23:56:34,win.PhysicalDisk(_Total)\Current Disk Queue Length,0.0
1791388595,2026-10-07T23:56:34,win.Process(vmmemWSL)\% Processor Time,241.339131
1791388605,2026-10-07T23:56:44,docker.dev-peer0.org1.example.com-saksi-bulletin_1.0-ee3fe73bad456e43adfc5ba27d9e5a60983b69e8496140308fb21061ecb2ff85.cpu_pct,46.92
1791388605,2026-10-07T23:56:44,docker.dev-peer0.org1.example.com-saksi-bulletin_1.0-ee3fe73bad456e43adfc5ba27d9e5a60983b69e8496140308fb21061ecb2ff85.mem_bytes,22628270.08
1791388605,2026-10-07T23:56:44,docker.dev-peer0.org1.example.com-saksi-bulletin_1.0-ee3fe73bad456e43adfc5ba27d9e5a60983b69e8496140308fb21061ecb2ff85.blk_read_bytes,4440000.0
1791388605,2026-10-07T23:56:44,docker.dev-peer0.org1.example.com-saksi-bulletin_1.0-ee3fe73bad456e43adfc5ba27d9e5a60983b69e8496140308fb21061ecb2ff85.blk_write_bytes,0.0
1791388605,2026-10-07T23:56:44,docker.dev-peer0.org2.example.com-saksi-bulletin_1.0-ee3fe73bad456e43adfc5ba27d9e5a60983b69e8496140308fb21061ecb2ff85.cpu_pct,0.0
1791388605,2026-10-07T23:56:44,docker.dev-peer0.org2.example.com-saksi-bulletin_1.0-ee3fe73bad456e43adfc5ba27d9e5a60983b69e8496140308fb21061ecb2ff85.mem_bytes,7045382.144
1791388605,2026-10-07T23:56:44,docker.dev-peer0.org2.example.com-saksi-bulletin_1.0-ee3fe73bad456e43adfc5ba27d9e5a60983b69e8496140308fb21061ecb2ff85.blk_read_bytes,0.0
1791388605,2026-10-07T23:56:44,docker.dev-peer0.org2.example.com-saksi-bulletin_1.0-ee3fe73bad456e43adfc5ba27d9e5a60983b69e8496140308fb21061ecb2ff85.blk_write_bytes,0.0
1791388605,2026-10-07T23:56:44,docker.peer0.org1.example.com.cpu_pct,43.77
1791388605,2026-10-07T23:56:44,docker.peer0.org1.example.com.mem_bytes,1961726312.448
1791388605,2026-10-07T23:56:44,docker.peer0.org1.example.com.blk_read_bytes,1550000000.0
1791388605,2026-10-07T23:56:44,docker.peer0.org1.example.com.blk_write_bytes,58100000000.0
1791388605,2026-10-07T23:56:44,docker.orderer.example.com.cpu_pct,0.04
1791388605,2026-10-07T23:56:44,docker.orderer.example.com.mem_bytes,4660039516.16
1791388605,2026-10-07T23:56:44,docker.orderer.example.com.blk_read_bytes,9500000.0
1791388605,2026-10-07T23:56:44,docker.orderer.example.com.blk_write_bytes,9220000000.0
1791388605,2026-10-07T23:56:44,docker.peer0.org2.example.com.cpu_pct,1.39
1791388605,2026-10-07T23:56:44,docker.peer0.org2.example.com.mem_bytes,284793241.6
1791388605,2026-10-07T23:56:44,docker.peer0.org2.example.com.blk_read_bytes,1680000.0
1791388605,2026-10-07T23:56:44,docker.peer0.org2.example.com.blk_write_bytes,57700000000.0
1791388605,2026-10-07T23:56:44,wsl.MemTotal_kb,24608408
1791388605,2026-10-07T23:56:44,wsl.MemAvailable_kb,22553292
1791388605,2026-10-07T23:56:44,wsl.SwapTotal_kb,0
1791388605,2026-10-07T23:56:44,wsl.SwapFree_kb,0
1791388605,2026-10-07T23:56:44,wsl.Dirty_kb,9512
1791388605,2026-10-07T23:56:44,wsl.load1,2.99
1791388605,2026-10-07T23:56:44,wsl.load5,7.23
1791388605,2026-10-07T23:56:44,host.c_free_bytes,30451716096
1791388605,2026-10-07T23:56:44,host.q_free_bytes,318422577152
1791388605,2026-10-07T23:56:44,host.docker_vhdx_bytes,79400271872
1791388605,2026-10-07T23:56:44,host.ubuntu_vhdx_bytes,212983611392
1791388605,2026-10-07T23:56:44,win.Processor(_Total)\% Processor Time,35.225835
1791388605,2026-10-07T23:56:44,win.Memory\Available MBytes,1147.0
1791388605,2026-10-07T23:56:44,win.PhysicalDisk(0 C:)\% Disk Time,0.339087
1791388605,2026-10-07T23:56:44,win.PhysicalDisk(1 Q:)\% Disk Time,0.266594
1791388605,2026-10-07T23:56:44,win.PhysicalDisk(_Total)\% Disk Time,0.30284
1791388605,2026-10-07T23:56:44,win.PhysicalDisk(0 C:)\Current Disk Queue Length,0.0
1791388605,2026-10-07T23:56:44,win.PhysicalDisk(1 Q:)\Current Disk Queue Length,0.0
1791388605,2026-10-07T23:56:44,win.PhysicalDisk(_Total)\Current Disk Queue Length,0.0
1791388605,2026-10-07T23:56:44,win.Process(vmmemWSL)\% Processor Time,269.629047
1791388615,2026-10-07T23:56:54,docker.dev-peer0.org1.example.com-saksi-bulletin_1.0-ee3fe73bad456e43adfc5ba27d9e5a60983b69e8496140308fb21061ecb2ff85.cpu_pct,97.83
1791388615,2026-10-07T23:56:54,docker.dev-peer0.org1.example.com-saksi-bulletin_1.0-ee3fe73bad456e43adfc5ba27d9e5a60983b69e8496140308fb21061ecb2ff85.mem_bytes,41397780.48
1791388615,2026-10-07T23:56:54,docker.dev-peer0.org1.example.com-saksi-bulletin_1.0-ee3fe73bad456e43adfc5ba27d9e5a60983b69e8496140308fb21061ecb2ff85.blk_read_bytes,4440000.0
1791388615,2026-10-07T23:56:54,docker.dev-peer0.org1.example.com-saksi-bulletin_1.0-ee3fe73bad456e43adfc5ba27d9e5a60983b69e8496140308fb21061ecb2ff85.blk_write_bytes,0.0
1791388615,2026-10-07T23:56:54,docker.dev-peer0.org2.example.com-saksi-bulletin_1.0-ee3fe73bad456e43adfc5ba27d9e5a60983b69e8496140308fb21061ecb2ff85.cpu_pct,0.0
1791388615,2026-10-07T23:56:54,docker.dev-peer0.org2.example.com-saksi-bulletin_1.0-ee3fe73bad456e43adfc5ba27d9e5a60983b69e8496140308fb21061ecb2ff85.mem_bytes,7299137.536
1791388615,2026-10-07T23:56:54,docker.dev-peer0.org2.example.com-saksi-bulletin_1.0-ee3fe73bad456e43adfc5ba27d9e5a60983b69e8496140308fb21061ecb2ff85.blk_read_bytes,0.0
1791388615,2026-10-07T23:56:54,docker.dev-peer0.org2.example.com-saksi-bulletin_1.0-ee3fe73bad456e43adfc5ba27d9e5a60983b69e8496140308fb21061ecb2ff85.blk_write_bytes,0.0
1791388615,2026-10-07T23:56:54,docker.peer0.org1.example.com.cpu_pct,89.73
1791388615,2026-10-07T23:56:54,docker.peer0.org1.example.com.mem_bytes,1967095021.568
1791388615,2026-10-07T23:56:54,docker.peer0.org1.example.com.blk_read_bytes,1550000000.0
1791388615,2026-10-07T23:56:54,docker.peer0.org1.example.com.blk_write_bytes,58100000000.0
1791388615,2026-10-07T23:56:54,docker.orderer.example.com.cpu_pct,0.06
1791388615,2026-10-07T23:56:54,docker.orderer.example.com.mem_bytes,4660039516.16
1791388615,2026-10-07T23:56:54,docker.orderer.example.com.blk_read_bytes,9500000.0
1791388615,2026-10-07T23:56:54,docker.orderer.example.com.blk_write_bytes,9220000000.0
1791388615,2026-10-07T23:56:54,docker.peer0.org2.example.com.cpu_pct,1.63
1791388615,2026-10-07T23:56:54,docker.peer0.org2.example.com.mem_bytes,283534950.4
1791388615,2026-10-07T23:56:54,docker.peer0.org2.example.com.blk_read_bytes,1680000.0
1791388615,2026-10-07T23:56:54,docker.peer0.org2.example.com.blk_write_bytes,57700000000.0
1791388615,2026-10-07T23:56:54,wsl.MemTotal_kb,24608408
1791388615,2026-10-07T23:56:54,wsl.MemAvailable_kb,22548164
1791388615,2026-10-07T23:56:54,wsl.SwapTotal_kb,0
1791388615,2026-10-07T23:56:54,wsl.SwapFree_kb,0
1791388615,2026-10-07T23:56:54,wsl.Dirty_kb,88628
1791388615,2026-10-07T23:56:54,wsl.load1,2.91
1791388615,2026-10-07T23:56:54,wsl.load5,7.08
1791388615,2026-10-07T23:56:54,host.c_free_bytes,30451458048
1791388615,2026-10-07T23:56:54,host.q_free_bytes,318389022720
1791388615,2026-10-07T23:56:54,host.docker_vhdx_bytes,79433826304
1791388615,2026-10-07T23:56:54,host.ubuntu_vhdx_bytes,212983611392
1791388615,2026-10-07T23:56:54,win.Processor(_Total)\% Processor Time,33.850371
1791388615,2026-10-07T23:56:54,win.Memory\Available MBytes,1170.0
1791388615,2026-10-07T23:56:54,win.PhysicalDisk(0 C:)\% Disk Time,0.474506
1791388615,2026-10-07T23:56:54,win.PhysicalDisk(1 Q:)\% Disk Time,0.314883
1791388615,2026-10-07T23:56:54,win.PhysicalDisk(_Total)\% Disk Time,0.394695
1791388615,2026-10-07T23:56:54,win.PhysicalDisk(0 C:)\Current Disk Queue Length,0.0
1791388615,2026-10-07T23:56:54,win.PhysicalDisk(1 Q:)\Current Disk Queue Length,0.0
1791388615,2026-10-07T23:56:54,win.PhysicalDisk(_Total)\Current Disk Queue Length,0.0
1791388615,2026-10-07T23:56:54,win.Process(vmmemWSL)\% Processor Time,260.542172
1791388625,2026-10-07T23:57:04,docker.dev-peer0.org1.example.com-saksi-bulletin_1.0-ee3fe73bad456e43adfc5ba27d9e5a60983b69e8496140308fb21061ecb2ff85.cpu_pct,97.49
1791388625,2026-10-07T23:57:04,docker.dev-peer0.org1.example.com-saksi-bulletin_1.0-ee3fe73bad456e43adfc5ba27d9e5a60983b69e8496140308fb21061ecb2ff85.mem_bytes,27934064.64
1791388625,2026-10-07T23:57:04,docker.dev-peer0.org1.example.com-saksi-bulletin_1.0-ee3fe73bad456e43adfc5ba27d9e5a60983b69e8496140308fb21061ecb2ff85.blk_read_bytes,4440000.0
1791388625,2026-10-07T23:57:04,docker.dev-peer0.org1.example.com-saksi-bulletin_1.0-ee3fe73bad456e43adfc5ba27d9e5a60983b69e8496140308fb21061ecb2ff85.blk_write_bytes,0.0
1791388625,2026-10-07T23:57:04,docker.dev-peer0.org2.example.com-saksi-bulletin_1.0-ee3fe73bad456e43adfc5ba27d9e5a60983b69e8496140308fb21061ecb2ff85.cpu_pct,0.0
1791388625,2026-10-07T23:57:04,docker.dev-peer0.org2.example.com-saksi-bulletin_1.0-ee3fe73bad456e43adfc5ba27d9e5a60983b69e8496140308fb21061ecb2ff85.mem_bytes,7299137.536
1791388625,2026-10-07T23:57:04,docker.dev-peer0.org2.example.com-saksi-bulletin_1.0-ee3fe73bad456e43adfc5ba27d9e5a60983b69e8496140308fb21061ecb2ff85.blk_read_bytes,0.0
1791388625,2026-10-07T23:57:04,docker.dev-peer0.org2.example.com-saksi-bulletin_1.0-ee3fe73bad456e43adfc5ba27d9e5a60983b69e8496140308fb21061ecb2ff85.blk_write_bytes,0.0
1791388625,2026-10-07T23:57:04,docker.peer0.org1.example.com.cpu_pct,87.42
1791388625,2026-10-07T23:57:04,docker.peer0.org1.example.com.mem_bytes,1964947537.92
1791388625,2026-10-07T23:57:04,docker.peer0.org1.example.com.blk_read_bytes,1550000000.0
1791388625,2026-10-07T23:57:04,docker.peer0.org1.example.com.blk_write_bytes,58200000000.0
1791388625,2026-10-07T23:57:04,docker.orderer.example.com.cpu_pct,0.04
1791388625,2026-10-07T23:57:04,docker.orderer.example.com.mem_bytes,4660039516.16
1791388625,2026-10-07T23:57:04,docker.orderer.example.com.blk_read_bytes,9500000.0
1791388625,2026-10-07T23:57:04,docker.orderer.example.com.blk_write_bytes,9220000000.0
1791388625,2026-10-07T23:57:04,docker.peer0.org2.example.com.cpu_pct,1.36
1791388625,2026-10-07T23:57:04,docker.peer0.org2.example.com.mem_bytes,283220377.6
1791388625,2026-10-07T23:57:04,docker.peer0.org2.example.com.blk_read_bytes,1680000.0
1791388625,2026-10-07T23:57:04,docker.peer0.org2.example.com.blk_write_bytes,57700000000.0
1791388625,2026-10-07T23:57:04,wsl.MemTotal_kb,24608408
1791388625,2026-10-07T23:57:04,wsl.MemAvailable_kb,22541256
1791388625,2026-10-07T23:57:04,wsl.SwapTotal_kb,0
1791388625,2026-10-07T23:57:04,wsl.SwapFree_kb,0
1791388625,2026-10-07T23:57:04,wsl.Dirty_kb,169136
1791388625,2026-10-07T23:57:04,wsl.load1,2.93
1791388625,2026-10-07T23:57:04,wsl.load5,6.94
1791388625,2026-10-07T23:57:04,host.c_free_bytes,30452244480
1791388625,2026-10-07T23:57:04,host.q_free_bytes,318355468288
1791388625,2026-10-07T23:57:04,host.docker_vhdx_bytes,79467380736
1791388625,2026-10-07T23:57:04,host.ubuntu_vhdx_bytes,212983611392
1791388625,2026-10-07T23:57:04,win.Processor(_Total)\% Processor Time,32.149024
1791388625,2026-10-07T23:57:04,win.Memory\Available MBytes,1139.0
1791388625,2026-10-07T23:57:04,win.PhysicalDisk(0 C:)\% Disk Time,1887.603216
1791388625,2026-10-07T23:57:04,win.PhysicalDisk(1 Q:)\% Disk Time,0.127531
1791388625,2026-10-07T23:57:04,win.PhysicalDisk(_Total)\% Disk Time,943.865373
1791388625,2026-10-07T23:57:04,win.PhysicalDisk(0 C:)\Current Disk Queue Length,0.0
1791388625,2026-10-07T23:57:04,win.PhysicalDisk(1 Q:)\Current Disk Queue Length,0.0
1791388625,2026-10-07T23:57:04,win.PhysicalDisk(_Total)\Current Disk Queue Length,0.0
1791388625,2026-10-07T23:57:04,win.Process(vmmemWSL)\% Processor Time,254.355823
1791388635,2026-10-07T23:57:14,docker.dev-peer0.org1.example.com-saksi-bulletin_1.0-ee3fe73bad456e43adfc5ba27d9e5a60983b69e8496140308fb21061ecb2ff85.cpu_pct,80.06
1791388635,2026-10-07T23:57:14,docker.dev-peer0.org1.example.com-saksi-bulletin_1.0-ee3fe73bad456e43adfc5ba27d9e5a60983b69e8496140308fb21061ecb2ff85.mem_bytes,36616273.92
1791388635,2026-10-07T23:57:14,docker.dev-peer0.org1.example.com-saksi-bulletin_1.0-ee3fe73bad456e43adfc5ba27d9e5a60983b69e8496140308fb21061ecb2ff85.blk_read_bytes,4440000.0
1791388635,2026-10-07T23:57:14,docker.dev-peer0.org1.example.com-saksi-bulletin_1.0-ee3fe73bad456e43adfc5ba27d9e5a60983b69e8496140308fb21061ecb2ff85.blk_write_bytes,0.0
1791388635,2026-10-07T23:57:14,docker.dev-peer0.org2.example.com-saksi-bulletin_1.0-ee3fe73bad456e43adfc5ba27d9e5a60983b69e8496140308fb21061ecb2ff85.cpu_pct,0.0
1791388635,2026-10-07T23:57:14,docker.dev-peer0.org2.example.com-saksi-bulletin_1.0-ee3fe73bad456e43adfc5ba27d9e5a60983b69e8496140308fb21061ecb2ff85.mem_bytes,7045382.144
1791388635,2026-10-07T23:57:14,docker.dev-peer0.org2.example.com-saksi-bulletin_1.0-ee3fe73bad456e43adfc5ba27d9e5a60983b69e8496140308fb21061ecb2ff85.blk_read_bytes,0.0
1791388635,2026-10-07T23:57:14,docker.dev-peer0.org2.example.com-saksi-bulletin_1.0-ee3fe73bad456e43adfc5ba27d9e5a60983b69e8496140308fb21061ecb2ff85.blk_write_bytes,0.0
1791388635,2026-10-07T23:57:14,docker.peer0.org1.example.com.cpu_pct,70.76
1791388635,2026-10-07T23:57:14,docker.peer0.org1.example.com.mem_bytes,1954210119.68
1791388635,2026-10-07T23:57:14,docker.peer0.org1.example.com.blk_read_bytes,1550000000.0
1791388635,2026-10-07T23:57:14,docker.peer0.org1.example.com.blk_write_bytes,58200000000.0
1791388635,2026-10-07T23:57:14,docker.orderer.example.com.cpu_pct,0.06
1791388635,2026-10-07T23:57:14,docker.orderer.example.com.mem_bytes,4645007130.624
1791388635,2026-10-07T23:57:14,docker.orderer.example.com.blk_read_bytes,9500000.0
1791388635,2026-10-07T23:57:14,docker.orderer.example.com.blk_write_bytes,9220000000.0
1791388635,2026-10-07T23:57:14,docker.peer0.org2.example.com.cpu_pct,1.69
1791388635,2026-10-07T23:57:14,docker.peer0.org2.example.com.mem_bytes,282171801.6
1791388635,2026-10-07T23:57:14,docker.peer0.org2.example.com.blk_read_bytes,1680000.0
1791388635,2026-10-07T23:57:14,docker.peer0.org2.example.com.blk_write_bytes,57700000000.0
1791388635,2026-10-07T23:57:14,wsl.MemTotal_kb,24608408
1791388635,2026-10-07T23:57:14,wsl.MemAvailable_kb,22534356
1791388635,2026-10-07T23:57:14,wsl.SwapTotal_kb,0
1791388635,2026-10-07T23:57:14,wsl.SwapFree_kb,0
1791388635,2026-10-07T23:57:14,wsl.Dirty_kb,21396
1791388635,2026-10-07T23:57:14,wsl.load1,2.86
1791388635,2026-10-07T23:57:14,wsl.load5,6.8
1791388635,2026-10-07T23:57:14,host.c_free_bytes,30216798208
1791388635,2026-10-07T23:57:14,host.q_free_bytes,318321913856
1791388635,2026-10-07T23:57:14,host.docker_vhdx_bytes,79500935168
1791388635,2026-10-07T23:57:14,host.ubuntu_vhdx_bytes,212983611392
1791388635,2026-10-07T23:57:14,win.Processor(_Total)\% Processor Time,31.962282
1791388635,2026-10-07T23:57:14,win.Memory\Available MBytes,1160.0
1791388635,2026-10-07T23:57:14,win.PhysicalDisk(0 C:)\% Disk Time,0.326645
1791388635,2026-10-07T23:57:14,win.PhysicalDisk(1 Q:)\% Disk Time,0.261121
1791388635,2026-10-07T23:57:14,win.PhysicalDisk(_Total)\% Disk Time,0.293883
1791388635,2026-10-07T23:57:14,win.PhysicalDisk(0 C:)\Current Disk Queue Length,0.0
1791388635,2026-10-07T23:57:14,win.PhysicalDisk(1 Q:)\Current Disk Queue Length,0.0
1791388635,2026-10-07T23:57:14,win.PhysicalDisk(_Total)\Current Disk Queue Length,0.0
1791388635,2026-10-07T23:57:14,win.Process(vmmemWSL)\% Processor Time,269.029878
1791388645,2026-10-07T23:57:24,docker.dev-peer0.org1.example.com-saksi-bulletin_1.0-ee3fe73bad456e43adfc5ba27d9e5a60983b69e8496140308fb21061ecb2ff85.cpu_pct,96.93
1791388645,2026-10-07T23:57:24,docker.dev-peer0.org1.example.com-saksi-bulletin_1.0-ee3fe73bad456e43adfc5ba27d9e5a60983b69e8496140308fb21061ecb2ff85.mem_bytes,17846763.52
1791388645,2026-10-07T23:57:24,docker.dev-peer0.org1.example.com-saksi-bulletin_1.0-ee3fe73bad456e43adfc5ba27d9e5a60983b69e8496140308fb21061ecb2ff85.blk_read_bytes,4440000.0
1791388645,2026-10-07T23:57:24,docker.dev-peer0.org1.example.com-saksi-bulletin_1.0-ee3fe73bad456e43adfc5ba27d9e5a60983b69e8496140308fb21061ecb2ff85.blk_write_bytes,0.0
1791388645,2026-10-07T23:57:24,docker.dev-peer0.org2.example.com-saksi-bulletin_1.0-ee3fe73bad456e43adfc5ba27d9e5a60983b69e8496140308fb21061ecb2ff85.cpu_pct,0.0
1791388645,2026-10-07T23:57:24,docker.dev-peer0.org2.example.com-saksi-bulletin_1.0-ee3fe73bad456e43adfc5ba27d9e5a60983b69e8496140308fb21061ecb2ff85.mem_bytes,7045382.144
1791388645,2026-10-07T23:57:24,docker.dev-peer0.org2.example.com-saksi-bulletin_1.0-ee3fe73bad456e43adfc5ba27d9e5a60983b69e8496140308fb21061ecb2ff85.blk_read_bytes,0.0
1791388645,2026-10-07T23:57:24,docker.dev-peer0.org2.example.com-saksi-bulletin_1.0-ee3fe73bad456e43adfc5ba27d9e5a60983b69e8496140308fb21061ecb2ff85.blk_write_bytes,0.0
1791388645,2026-10-07T23:57:24,docker.peer0.org1.example.com.cpu_pct,84.22
1791388645,2026-10-07T23:57:24,docker.peer0.org1.example.com.mem_bytes,1958505086.976
1791388645,2026-10-07T23:57:24,docker.peer0.org1.example.com.blk_read_bytes,1550000000.0
1791388645,2026-10-07T23:57:24,docker.peer0.org1.example.com.blk_write_bytes,58300000000.0
1791388645,2026-10-07T23:57:24,docker.orderer.example.com.cpu_pct,0.05
1791388645,2026-10-07T23:57:24,docker.orderer.example.com.mem_bytes,4645007130.624
1791388645,2026-10-07T23:57:24,docker.orderer.example.com.blk_read_bytes,9500000.0
1791388645,2026-10-07T23:57:24,docker.orderer.example.com.blk_write_bytes,9220000000.0
1791388645,2026-10-07T23:57:24,docker.peer0.org2.example.com.cpu_pct,1.3
1791388645,2026-10-07T23:57:24,docker.peer0.org2.example.com.mem_bytes,281332940.8
1791388645,2026-10-07T23:57:24,docker.peer0.org2.example.com.blk_read_bytes,1680000.0
1791388645,2026-10-07T23:57:24,docker.peer0.org2.example.com.blk_write_bytes,57700000000.0
1791388645,2026-10-07T23:57:24,wsl.MemTotal_kb,24608408
1791388645,2026-10-07T23:57:24,wsl.MemAvailable_kb,22552708
1791388645,2026-10-07T23:57:24,wsl.SwapTotal_kb,0
1791388645,2026-10-07T23:57:24,wsl.SwapFree_kb,0
1791388645,2026-10-07T23:57:24,wsl.Dirty_kb,76868
1791388645,2026-10-07T23:57:24,wsl.load1,2.87
1791388645,2026-10-07T23:57:24,wsl.load5,6.67
1791388645,2026-10-07T23:57:24,host.c_free_bytes,29981585408
1791388645,2026-10-07T23:57:24,host.q_free_bytes,318288359424
1791388645,2026-10-07T23:57:24,host.docker_vhdx_bytes,79534489600
1791388645,2026-10-07T23:57:24,host.ubuntu_vhdx_bytes,212983611392
1791388645,2026-10-07T23:57:24,win.Processor(_Total)\% Processor Time,30.881638
1791388645,2026-10-07T23:57:24,win.Memory\Available MBytes,1111.0
1791388645,2026-10-07T23:57:24,win.PhysicalDisk(0 C:)\% Disk Time,0.369573
1791388645,2026-10-07T23:57:24,win.PhysicalDisk(1 Q:)\% Disk Time,0.286409
1791388645,2026-10-07T23:57:24,win.PhysicalDisk(_Total)\% Disk Time,0.327992
1791388645,2026-10-07T23:57:24,win.PhysicalDisk(0 C:)\Current Disk Queue Length,0.0
1791388645,2026-10-07T23:57:24,win.PhysicalDisk(1 Q:)\Current Disk Queue Length,0.0
1791388645,2026-10-07T23:57:24,win.PhysicalDisk(_Total)\Current Disk Queue Length,0.0
1791388645,2026-10-07T23:57:24,win.Process(vmmemWSL)\% Processor Time,268.942132
1791388655,2026-10-07T23:57:34,docker.dev-peer0.org1.example.com-saksi-bulletin_1.0-ee3fe73bad456e43adfc5ba27d9e5a60983b69e8496140308fb21061ecb2ff85.cpu_pct,95.82
1791388655,2026-10-07T23:57:34,docker.dev-peer0.org1.example.com-saksi-bulletin_1.0-ee3fe73bad456e43adfc5ba27d9e5a60983b69e8496140308fb21061ecb2ff85.mem_bytes,39153827.84
1791388655,2026-10-07T23:57:34,docker.dev-peer0.org1.example.com-saksi-bulletin_1.0-ee3fe73bad456e43adfc5ba27d9e5a60983b69e8496140308fb21061ecb2ff85.blk_read_bytes,4440000.0
1791388655,2026-10-07T23:57:34,docker.dev-peer0.org1.example.com-saksi-bulletin_1.0-ee3fe73bad456e43adfc5ba27d9e5a60983b69e8496140308fb21061ecb2ff85.blk_write_bytes,0.0
1791388655,2026-10-07T23:57:34,docker.dev-peer0.org2.example.com-saksi-bulletin_1.0-ee3fe73bad456e43adfc5ba27d9e5a60983b69e8496140308fb21061ecb2ff85.cpu_pct,0.0
1791388655,2026-10-07T23:57:34,docker.dev-peer0.org2.example.com-saksi-bulletin_1.0-ee3fe73bad456e43adfc5ba27d9e5a60983b69e8496140308fb21061ecb2ff85.mem_bytes,7045382.144
1791388655,2026-10-07T23:57:34,docker.dev-peer0.org2.example.com-saksi-bulletin_1.0-ee3fe73bad456e43adfc5ba27d9e5a60983b69e8496140308fb21061ecb2ff85.blk_read_bytes,0.0
1791388655,2026-10-07T23:57:34,docker.dev-peer0.org2.example.com-saksi-bulletin_1.0-ee3fe73bad456e43adfc5ba27d9e5a60983b69e8496140308fb21061ecb2ff85.blk_write_bytes,0.0
1791388655,2026-10-07T23:57:34,docker.peer0.org1.example.com.cpu_pct,86.3
1791388655,2026-10-07T23:57:34,docker.peer0.org1.example.com.mem_bytes,1947767668.736
1791388655,2026-10-07T23:57:34,docker.peer0.org1.example.com.blk_read_bytes,1550000000.0
1791388655,2026-10-07T23:57:34,docker.peer0.org1.example.com.blk_write_bytes,58300000000.0
1791388655,2026-10-07T23:57:34,docker.orderer.example.com.cpu_pct,0.06
1791388655,2026-10-07T23:57:34,docker.orderer.example.com.mem_bytes,4634269712.384
1791388655,2026-10-07T23:57:34,docker.orderer.example.com.blk_read_bytes,9500000.0
1791388655,2026-10-07T23:57:34,docker.orderer.example.com.blk_write_bytes,9220000000.0
1791388655,2026-10-07T23:57:34,docker.peer0.org2.example.com.cpu_pct,1.73
1791388655,2026-10-07T23:57:34,docker.peer0.org2.example.com.mem_bytes,280494080.0
1791388655,2026-10-07T23:57:34,docker.peer0.org2.example.com.blk_read_bytes,1680000.0
1791388655,2026-10-07T23:57:34,docker.peer0.org2.example.com.blk_write_bytes,57700000000.0
1791388655,2026-10-07T23:57:34,wsl.MemTotal_kb,24608408
1791388655,2026-10-07T23:57:34,wsl.MemAvailable_kb,22559568
1791388655,2026-10-07T23:57:34,wsl.SwapTotal_kb,0
1791388655,2026-10-07T23:57:34,wsl.SwapFree_kb,0
1791388655,2026-10-07T23:57:34,wsl.Dirty_kb,157664
1791388655,2026-10-07T23:57:34,wsl.load1,2.81
1791388655,2026-10-07T23:57:34,wsl.load5,6.53
1791388655,2026-10-07T23:57:34,host.c_free_bytes,29981192192
1791388655,2026-10-07T23:57:34,host.q_free_bytes,318288359424
1791388655,2026-10-07T23:57:34,host.docker_vhdx_bytes,79534489600
1791388655,2026-10-07T23:57:34,host.ubuntu_vhdx_bytes,212983611392
1791388655,2026-10-07T23:57:34,win.Processor(_Total)\% Processor Time,29.643139
1791388655,2026-10-07T23:57:34,win.Memory\Available MBytes,1100.0
1791388655,2026-10-07T23:57:34,win.PhysicalDisk(0 C:)\% Disk Time,1941.09068
1791388655,2026-10-07T23:57:34,win.PhysicalDisk(1 Q:)\% Disk Time,0.24438
1791388655,2026-10-07T23:57:34,win.PhysicalDisk(_Total)\% Disk Time,970.66753
1791388655,2026-10-07T23:57:34,win.PhysicalDisk(0 C:)\Current Disk Queue Length,0.0
1791388655,2026-10-07T23:57:34,win.PhysicalDisk(1 Q:)\Current Disk Queue Length,0.0
1791388655,2026-10-07T23:57:34,win.PhysicalDisk(_Total)\Current Disk Queue Length,0.0
1791388655,2026-10-07T23:57:34,win.Process(vmmemWSL)\% Processor Time,261.459201
1791388665,2026-10-07T23:57:44,docker.dev-peer0.org1.example.com-saksi-bulletin_1.0-ee3fe73bad456e43adfc5ba27d9e5a60983b69e8496140308fb21061ecb2ff85.cpu_pct,95.77
1791388665,2026-10-07T23:57:44,docker.dev-peer0.org1.example.com-saksi-bulletin_1.0-ee3fe73bad456e43adfc5ba27d9e5a60983b69e8496140308fb21061ecb2ff85.mem_bytes,20761804.8
1791388665,2026-10-07T23:57:44,docker.dev-peer0.org1.example.com-saksi-bulletin_1.0-ee3fe73bad456e43adfc5ba27d9e5a60983b69e8496140308fb21061ecb2ff85.blk_read_bytes,4440000.0
1791388665,2026-10-07T23:57:44,docker.dev-peer0.org1.example.com-saksi-bulletin_1.0-ee3fe73bad456e43adfc5ba27d9e5a60983b69e8496140308fb21061ecb2ff85.blk_write_bytes,0.0
1791388665,2026-10-07T23:57:44,docker.dev-peer0.org2.example.com-saksi-bulletin_1.0-ee3fe73bad456e43adfc5ba27d9e5a60983b69e8496140308fb21061ecb2ff85.cpu_pct,0.0
1791388665,2026-10-07T23:57:44,docker.dev-peer0.org2.example.com-saksi-bulletin_1.0-ee3fe73bad456e43adfc5ba27d9e5a60983b69e8496140308fb21061ecb2ff85.mem_bytes,7041187.84
1791388665,2026-10-07T23:57:44,docker.dev-peer0.org2.example.com-saksi-bulletin_1.0-ee3fe73bad456e43adfc5ba27d9e5a60983b69e8496140308fb21061ecb2ff85.blk_read_bytes,0.0
1791388665,2026-10-07T23:57:44,docker.dev-peer0.org2.example.com-saksi-bulletin_1.0-ee3fe73bad456e43adfc5ba27d9e5a60983b69e8496140308fb21061ecb2ff85.blk_write_bytes,0.0
1791388665,2026-10-07T23:57:44,docker.peer0.org1.example.com.cpu_pct,83.82
1791388665,2026-10-07T23:57:44,docker.peer0.org1.example.com.mem_bytes,1949915152.384
1791388665,2026-10-07T23:57:44,docker.peer0.org1.example.com.blk_read_bytes,1560000000.0
1791388665,2026-10-07T23:57:44,docker.peer0.org1.example.com.blk_write_bytes,58400000000.0
1791388665,2026-10-07T23:57:44,docker.orderer.example.com.cpu_pct,0.05
1791388665,2026-10-07T23:57:44,docker.orderer.example.com.mem_bytes,4592393781.248
1791388665,2026-10-07T23:57:44,docker.orderer.example.com.blk_read_bytes,9500000.0
1791388665,2026-10-07T23:57:44,docker.orderer.example.com.blk_write_bytes,9220000000.0
1791388665,2026-10-07T23:57:44,docker.peer0.org2.example.com.cpu_pct,1.3
1791388665,2026-10-07T23:57:44,docker.peer0.org2.example.com.mem_bytes,279655219.2
1791388665,2026-10-07T23:57:44,docker.peer0.org2.example.com.blk_read_bytes,1680000.0
1791388665,2026-10-07T23:57:44,docker.peer0.org2.example.com.blk_write_bytes,57700000000.0
1791388665,2026-10-07T23:57:44,wsl.MemTotal_kb,24608408
1791388665,2026-10-07T23:57:44,wsl.MemAvailable_kb,22558104
1791388665,2026-10-07T23:57:44,wsl.SwapTotal_kb,0
1791388665,2026-10-07T23:57:44,wsl.SwapFree_kb,0
1791388665,2026-10-07T23:57:44,wsl.Dirty_kb,236316
1791388665,2026-10-07T23:57:44,wsl.load1,2.46
1791388665,2026-10-07T23:57:44,wsl.load5,6.33
1791388665,2026-10-07T23:57:44,host.c_free_bytes,29981790208
1791388665,2026-10-07T23:57:44,host.q_free_bytes,318254804992
1791388665,2026-10-07T23:57:44,host.docker_vhdx_bytes,79568044032
1791388665,2026-10-07T23:57:44,host.ubuntu_vhdx_bytes,212983611392
1791388665,2026-10-07T23:57:44,win.Processor(_Total)\% Processor Time,29.947952
1791388665,2026-10-07T23:57:44,win.Memory\Available MBytes,1094.0
1791388665,2026-10-07T23:57:44,win.PhysicalDisk(0 C:)\% Disk Time,3.649518
1791388665,2026-10-07T23:57:44,win.PhysicalDisk(1 Q:)\% Disk Time,0.359104
1791388665,2026-10-07T23:57:44,win.PhysicalDisk(_Total)\% Disk Time,2.00431
1791388665,2026-10-07T23:57:44,win.PhysicalDisk(0 C:)\Current Disk Queue Length,0.0
1791388665,2026-10-07T23:57:44,win.PhysicalDisk(1 Q:)\Current Disk Queue Length,0.0
1791388665,2026-10-07T23:57:44,win.PhysicalDisk(_Total)\Current Disk Queue Length,0.0
1791388665,2026-10-07T23:57:44,win.Process(vmmemWSL)\% Processor Time,262.834268
1791388675,2026-10-07T23:57:54,docker.dev-peer0.org1.example.com-saksi-bulletin_1.0-ee3fe73bad456e43adfc5ba27d9e5a60983b69e8496140308fb21061ecb2ff85.cpu_pct,0.0
1791388675,2026-10-07T23:57:54,docker.dev-peer0.org1.example.com-saksi-bulletin_1.0-ee3fe73bad456e43adfc5ba27d9e5a60983b69e8496140308fb21061ecb2ff85.mem_bytes,31226593.28
1791388675,2026-10-07T23:57:54,docker.dev-peer0.org1.example.com-saksi-bulletin_1.0-ee3fe73bad456e43adfc5ba27d9e5a60983b69e8496140308fb21061ecb2ff85.blk_read_bytes,4440000.0
1791388675,2026-10-07T23:57:54,docker.dev-peer0.org1.example.com-saksi-bulletin_1.0-ee3fe73bad456e43adfc5ba27d9e5a60983b69e8496140308fb21061ecb2ff85.blk_write_bytes,0.0
1791388675,2026-10-07T23:57:54,docker.dev-peer0.org2.example.com-saksi-bulletin_1.0-ee3fe73bad456e43adfc5ba27d9e5a60983b69e8496140308fb21061ecb2ff85.cpu_pct,0.04
1791388675,2026-10-07T23:57:54,docker.dev-peer0.org2.example.com-saksi-bulletin_1.0-ee3fe73bad456e43adfc5ba27d9e5a60983b69e8496140308fb21061ecb2ff85.mem_bytes,7045382.144
1791388675,2026-10-07T23:57:54,docker.dev-peer0.org2.example.com-saksi-bulletin_1.0-ee3fe73bad456e43adfc5ba27d9e5a60983b69e8496140308fb21061ecb2ff85.blk_read_bytes,0.0
1791388675,2026-10-07T23:57:54,docker.dev-peer0.org2.example.com-saksi-bulletin_1.0-ee3fe73bad456e43adfc5ba27d9e5a60983b69e8496140308fb21061ecb2ff85.blk_write_bytes,0.0
1791388675,2026-10-07T23:57:54,docker.peer0.org1.example.com.cpu_pct,1.67
1791388675,2026-10-07T23:57:54,docker.peer0.org1.example.com.mem_bytes,1950988894.208
1791388675,2026-10-07T23:57:54,docker.peer0.org1.example.com.blk_read_bytes,1570000000.0
1791388675,2026-10-07T23:57:54,docker.peer0.org1.example.com.blk_write_bytes,58400000000.0
1791388675,2026-10-07T23:57:54,docker.orderer.example.com.cpu_pct,0.04
1791388675,2026-10-07T23:57:54,docker.orderer.example.com.mem_bytes,4580582621.184
1791388675,2026-10-07T23:57:54,docker.orderer.example.com.blk_read_bytes,9500000.0
1791388675,2026-10-07T23:57:54,docker.orderer.example.com.blk_write_bytes,9220000000.0
1791388675,2026-10-07T23:57:54,docker.peer0.org2.example.com.cpu_pct,1.72
1791388675,2026-10-07T23:57:54,docker.peer0.org2.example.com.mem_bytes,279550361.6
1791388675,2026-10-07T23:57:54,docker.peer0.org2.example.com.blk_read_bytes,1680000.0
1791388675,2026-10-07T23:57:54,docker.peer0.org2.example.com.blk_write_bytes,57700000000.0
1791388675,2026-10-07T23:57:54,wsl.MemTotal_kb,24608408
1791388675,2026-10-07T23:57:54,wsl.MemAvailable_kb,22538388
1791388675,2026-10-07T23:57:54,wsl.SwapTotal_kb,0
1791388675,2026-10-07T23:57:54,wsl.SwapFree_kb,0
1791388675,2026-10-07T23:57:54,wsl.Dirty_kb,4468
1791388675,2026-10-07T23:57:54,wsl.load1,2.62
1791388675,2026-10-07T23:57:54,wsl.load5,6.24
1791388675,2026-10-07T23:57:54,host.c_free_bytes,29982224384
1791388675,2026-10-07T23:57:54,host.q_free_bytes,318254804992
1791388675,2026-10-07T23:57:54,host.docker_vhdx_bytes,79568044032
1791388675,2026-10-07T23:57:54,host.ubuntu_vhdx_bytes,212983611392
1791388675,2026-10-07T23:57:54,win.Processor(_Total)\% Processor Time,33.989905
1791388675,2026-10-07T23:57:54,win.Memory\Available MBytes,874.0
1791388675,2026-10-07T23:57:54,win.PhysicalDisk(0 C:)\% Disk Time,435.769495
1791388675,2026-10-07T23:57:54,win.PhysicalDisk(1 Q:)\% Disk Time,0.518279
1791388675,2026-10-07T23:57:54,win.PhysicalDisk(_Total)\% Disk Time,218.143888
1791388675,2026-10-07T23:57:54,win.PhysicalDisk(0 C:)\Current Disk Queue Length,186.0
1791388675,2026-10-07T23:57:54,win.PhysicalDisk(1 Q:)\Current Disk Queue Length,0.0
1791388675,2026-10-07T23:57:54,win.PhysicalDisk(_Total)\Current Disk Queue Length,186.0
1791388675,2026-10-07T23:57:54,win.Process(vmmemWSL)\% Processor Time,268.214157
1791388685,2026-10-07T23:58:04,docker.dev-peer0.org1.example.com-saksi-bulletin_1.0-ee3fe73bad456e43adfc5ba27d9e5a60983b69e8496140308fb21061ecb2ff85.cpu_pct,0.0
1791388685,2026-10-07T23:58:04,docker.dev-peer0.org1.example.com-saksi-bulletin_1.0-ee3fe73bad456e43adfc5ba27d9e5a60983b69e8496140308fb21061ecb2ff85.mem_bytes,39206256.64
1791388685,2026-10-07T23:58:04,docker.dev-peer0.org1.example.com-saksi-bulletin_1.0-ee3fe73bad456e43adfc5ba27d9e5a60983b69e8496140308fb21061ecb2ff85.blk_read_bytes,4440000.0
1791388685,2026-10-07T23:58:04,docker.dev-peer0.org1.example.com-saksi-bulletin_1.0-ee3fe73bad456e43adfc5ba27d9e5a60983b69e8496140308fb21061ecb2ff85.blk_write_bytes,0.0
1791388685,2026-10-07T23:58:04,docker.dev-peer0.org2.example.com-saksi-bulletin_1.0-ee3fe73bad456e43adfc5ba27d9e5a60983b69e8496140308fb21061ecb2ff85.cpu_pct,0.0
1791388685,2026-10-07T23:58:04,docker.dev-peer0.org2.example.com-saksi-bulletin_1.0-ee3fe73bad456e43adfc5ba27d9e5a60983b69e8496140308fb21061ecb2ff85.mem_bytes,6783238.144
1791388685,2026-10-07T23:58:04,docker.dev-peer0.org2.example.com-saksi-bulletin_1.0-ee3fe73bad456e43adfc5ba27d9e5a60983b69e8496140308fb21061ecb2ff85.blk_read_bytes,0.0
1791388685,2026-10-07T23:58:04,docker.dev-peer0.org2.example.com-saksi-bulletin_1.0-ee3fe73bad456e43adfc5ba27d9e5a60983b69e8496140308fb21061ecb2ff85.blk_write_bytes,0.0
1791388685,2026-10-07T23:58:04,docker.peer0.org1.example.com.cpu_pct,1.45
1791388685,2026-10-07T23:58:04,docker.peer0.org1.example.com.mem_bytes,1950988894.208
1791388685,2026-10-07T23:58:04,docker.peer0.org1.example.com.blk_read_bytes,1570000000.0
1791388685,2026-10-07T23:58:04,docker.peer0.org1.example.com.blk_write_bytes,58400000000.0
1791388685,2026-10-07T23:58:04,docker.orderer.example.com.cpu_pct,0.04
1791388685,2026-10-07T23:58:04,docker.orderer.example.com.mem_bytes,4580582621.184
1791388685,2026-10-07T23:58:04,docker.orderer.example.com.blk_read_bytes,9500000.0
1791388685,2026-10-07T23:58:04,docker.orderer.example.com.blk_write_bytes,9220000000.0
1791388685,2026-10-07T23:58:04,docker.peer0.org2.example.com.cpu_pct,1.73
1791388685,2026-10-07T23:58:04,docker.peer0.org2.example.com.mem_bytes,279235788.8
1791388685,2026-10-07T23:58:04,docker.peer0.org2.example.com.blk_read_bytes,1680000.0
1791388685,2026-10-07T23:58:04,docker.peer0.org2.example.com.blk_write_bytes,57700000000.0
1791388685,2026-10-07T23:58:04,wsl.MemTotal_kb,24608408
1791388685,2026-10-07T23:58:04,wsl.MemAvailable_kb,22532308
1791388685,2026-10-07T23:58:04,wsl.SwapTotal_kb,0
1791388685,2026-10-07T23:58:04,wsl.SwapFree_kb,0
1791388685,2026-10-07T23:58:04,wsl.Dirty_kb,4044
1791388685,2026-10-07T23:58:04,wsl.load1,2.98
1791388685,2026-10-07T23:58:04,wsl.load5,6.2
1791388685,2026-10-07T23:58:04,host.c_free_bytes,29981917184
1791388685,2026-10-07T23:58:04,host.q_free_bytes,318254804992
1791388685,2026-10-07T23:58:04,host.docker_vhdx_bytes,79568044032
1791388685,2026-10-07T23:58:04,host.ubuntu_vhdx_bytes,212983611392
1791388685,2026-10-07T23:58:04,win.Processor(_Total)\% Processor Time,33.989905
1791388685,2026-10-07T23:58:04,win.Memory\Available MBytes,874.0
1791388685,2026-10-07T23:58:04,win.PhysicalDisk(0 C:)\% Disk Time,435.769495
1791388685,2026-10-07T23:58:04,win.PhysicalDisk(1 Q:)\% Disk Time,0.518279
1791388685,2026-10-07T23:58:04,win.PhysicalDisk(_Total)\% Disk Time,218.143888
1791388685,2026-10-07T23:58:04,win.PhysicalDisk(0 C:)\Current Disk Queue Length,186.0
1791388685,2026-10-07T23:58:04,win.PhysicalDisk(1 Q:)\Current Disk Queue Length,0.0
1791388685,2026-10-07T23:58:04,win.PhysicalDisk(_Total)\Current Disk Queue Length,186.0
1791388685,2026-10-07T23:58:04,win.Process(vmmemWSL)\% Processor Time,268.214157
1791388695,2026-10-07T23:58:14,docker.dev-peer0.org1.example.com-saksi-bulletin_1.0-ee3fe73bad456e43adfc5ba27d9e5a60983b69e8496140308fb21061ecb2ff85.cpu_pct,0.0
1791388695,2026-10-07T23:58:14,docker.dev-peer0.org1.example.com-saksi-bulletin_1.0-ee3fe73bad456e43adfc5ba27d9e5a60983b69e8496140308fb21061ecb2ff85.mem_bytes,31425822.72
1791388695,2026-10-07T23:58:14,docker.dev-peer0.org1.example.com-saksi-bulletin_1.0-ee3fe73bad456e43adfc5ba27d9e5a60983b69e8496140308fb21061ecb2ff85.blk_read_bytes,4440000.0
1791388695,2026-10-07T23:58:14,docker.dev-peer0.org1.example.com-saksi-bulletin_1.0-ee3fe73bad456e43adfc5ba27d9e5a60983b69e8496140308fb21061ecb2ff85.blk_write_bytes,0.0
1791388695,2026-10-07T23:58:14,docker.dev-peer0.org2.example.com-saksi-bulletin_1.0-ee3fe73bad456e43adfc5ba27d9e5a60983b69e8496140308fb21061ecb2ff85.cpu_pct,0.0
1791388695,2026-10-07T23:58:14,docker.dev-peer0.org2.example.com-saksi-bulletin_1.0-ee3fe73bad456e43adfc5ba27d9e5a60983b69e8496140308fb21061ecb2ff85.mem_bytes,6783238.144
1791388695,2026-10-07T23:58:14,docker.dev-peer0.org2.example.com-saksi-bulletin_1.0-ee3fe73bad456e43adfc5ba27d9e5a60983b69e8496140308fb21061ecb2ff85.blk_read_bytes,0.0
1791388695,2026-10-07T23:58:14,docker.dev-peer0.org2.example.com-saksi-bulletin_1.0-ee3fe73bad456e43adfc5ba27d9e5a60983b69e8496140308fb21061ecb2ff85.blk_write_bytes,0.0
1791388695,2026-10-07T23:58:14,docker.peer0.org1.example.com.cpu_pct,1.6
1791388695,2026-10-07T23:58:14,docker.peer0.org1.example.com.mem_bytes,1950988894.208
1791388695,2026-10-07T23:58:14,docker.peer0.org1.example.com.blk_read_bytes,1570000000.0
1791388695,2026-10-07T23:58:14,docker.peer0.org1.example.com.blk_write_bytes,58400000000.0
1791388695,2026-10-07T23:58:14,docker.orderer.example.com.cpu_pct,0.07
1791388695,2026-10-07T23:58:14,docker.orderer.example.com.mem_bytes,4573066428.416
1791388695,2026-10-07T23:58:14,docker.orderer.example.com.blk_read_bytes,9500000.0
1791388695,2026-10-07T23:58:14,docker.orderer.example.com.blk_write_bytes,9220000000.0
1791388695,2026-10-07T23:58:14,docker.peer0.org2.example.com.cpu_pct,1.65
1791388695,2026-10-07T23:58:14,docker.peer0.org2.example.com.mem_bytes,277662924.8
1791388695,2026-10-07T23:58:14,docker.peer0.org2.example.com.blk_read_bytes,1680000.0
1791388695,2026-10-07T23:58:14,docker.peer0.org2.example.com.blk_write_bytes,57700000000.0
1791388695,2026-10-07T23:58:14,wsl.MemTotal_kb,24608408
1791388695,2026-10-07T23:58:14,wsl.MemAvailable_kb,22549488
1791388695,2026-10-07T23:58:14,wsl.SwapTotal_kb,0
1791388695,2026-10-07T23:58:14,wsl.SwapFree_kb,0
1791388695,2026-10-07T23:58:14,wsl.Dirty_kb,3576
1791388695,2026-10-07T23:58:14,wsl.load1,3.14
1791388695,2026-10-07T23:58:14,wsl.load5,6.12
1791388695,2026-10-07T23:58:14,host.c_free_bytes,29981655040
1791388695,2026-10-07T23:58:14,host.q_free_bytes,318254804992
1791388695,2026-10-07T23:58:14,host.docker_vhdx_bytes,79568044032
1791388695,2026-10-07T23:58:14,host.ubuntu_vhdx_bytes,212983611392
1791388695,2026-10-07T23:58:14,win.Processor(_Total)\% Processor Time,15.922017
1791388695,2026-10-07T23:58:14,win.Memory\Available MBytes,995.0
1791388695,2026-10-07T23:58:14,win.PhysicalDisk(0 C:)\% Disk Time,10384.434063
1791388695,2026-10-07T23:58:14,win.PhysicalDisk(1 Q:)\% Disk Time,0.065907
1791388695,2026-10-07T23:58:14,win.PhysicalDisk(_Total)\% Disk Time,5192.249985
1791388695,2026-10-07T23:58:14,win.PhysicalDisk(0 C:)\Current Disk Queue Length,9.0
1791388695,2026-10-07T23:58:14,win.PhysicalDisk(1 Q:)\Current Disk Queue Length,0.0
1791388695,2026-10-07T23:58:14,win.PhysicalDisk(_Total)\Current Disk Queue Length,9.0
1791388695,2026-10-07T23:58:14,win.Process(vmmemWSL)\% Processor Time,35.245303
1791388705,2026-10-07T23:58:24,docker.dev-peer0.org1.example.com-saksi-bulletin_1.0-ee3fe73bad456e43adfc5ba27d9e5a60983b69e8496140308fb21061ecb2ff85.cpu_pct,0.0
1791388705,2026-10-07T23:58:24,docker.dev-peer0.org1.example.com-saksi-bulletin_1.0-ee3fe73bad456e43adfc5ba27d9e5a60983b69e8496140308fb21061ecb2ff85.mem_bytes,31341936.64
1791388705,2026-10-07T23:58:24,docker.dev-peer0.org1.example.com-saksi-bulletin_1.0-ee3fe73bad456e43adfc5ba27d9e5a60983b69e8496140308fb21061ecb2ff85.blk_read_bytes,4440000.0
1791388705,2026-10-07T23:58:24,docker.dev-peer0.org1.example.com-saksi-bulletin_1.0-ee3fe73bad456e43adfc5ba27d9e5a60983b69e8496140308fb21061ecb2ff85.blk_write_bytes,0.0
1791388705,2026-10-07T23:58:24,docker.dev-peer0.org2.example.com-saksi-bulletin_1.0-ee3fe73bad456e43adfc5ba27d9e5a60983b69e8496140308fb21061ecb2ff85.cpu_pct,0.0
1791388705,2026-10-07T23:58:24,docker.dev-peer0.org2.example.com-saksi-bulletin_1.0-ee3fe73bad456e43adfc5ba27d9e5a60983b69e8496140308fb21061ecb2ff85.mem_bytes,6783238.144
1791388705,2026-10-07T23:58:24,docker.dev-peer0.org2.example.com-saksi-bulletin_1.0-ee3fe73bad456e43adfc5ba27d9e5a60983b69e8496140308fb21061ecb2ff85.blk_read_bytes,0.0
1791388705,2026-10-07T23:58:24,docker.dev-peer0.org2.example.com-saksi-bulletin_1.0-ee3fe73bad456e43adfc5ba27d9e5a60983b69e8496140308fb21061ecb2ff85.blk_write_bytes,0.0
1791388705,2026-10-07T23:58:24,docker.peer0.org1.example.com.cpu_pct,1.64
1791388705,2026-10-07T23:58:24,docker.peer0.org1.example.com.mem_bytes,1950988894.208
1791388705,2026-10-07T23:58:24,docker.peer0.org1.example.com.blk_read_bytes,1570000000.0
1791388705,2026-10-07T23:58:24,docker.peer0.org1.example.com.blk_write_bytes,58400000000.0
1791388705,2026-10-07T23:58:24,docker.orderer.example.com.cpu_pct,0.05
1791388705,2026-10-07T23:58:24,docker.orderer.example.com.mem_bytes,4574140170.24
1791388705,2026-10-07T23:58:24,docker.orderer.example.com.blk_read_bytes,9500000.0
1791388705,2026-10-07T23:58:24,docker.orderer.example.com.blk_write_bytes,9220000000.0
1791388705,2026-10-07T23:58:24,docker.peer0.org2.example.com.cpu_pct,1.39
1791388705,2026-10-07T23:58:24,docker.peer0.org2.example.com.mem_bytes,277662924.8
1791388705,2026-10-07T23:58:24,docker.peer0.org2.example.com.blk_read_bytes,1680000.0
1791388705,2026-10-07T23:58:24,docker.peer0.org2.example.com.blk_write_bytes,57700000000.0
1791388705,2026-10-07T23:58:24,wsl.MemTotal_kb,24608408
1791388705,2026-10-07T23:58:24,wsl.MemAvailable_kb,22548892
1791388705,2026-10-07T23:58:24,wsl.SwapTotal_kb,0
1791388705,2026-10-07T23:58:24,wsl.SwapFree_kb,0
1791388705,2026-10-07T23:58:24,wsl.Dirty_kb,3576
1791388705,2026-10-07T23:58:24,wsl.load1,3.27
1791388705,2026-10-07T23:58:24,wsl.load5,6.05
1791388705,2026-10-07T23:58:24,host.c_free_bytes,29981179904
1791388705,2026-10-07T23:58:24,host.q_free_bytes,318254804992
1791388705,2026-10-07T23:58:24,host.docker_vhdx_bytes,79568044032
1791388705,2026-10-07T23:58:24,host.ubuntu_vhdx_bytes,212983611392
1791388705,2026-10-07T23:58:24,win.Processor(_Total)\% Processor Time,14.674925
1791388705,2026-10-07T23:58:24,win.Memory\Available MBytes,1024.0
1791388705,2026-10-07T23:58:24,win.PhysicalDisk(0 C:)\% Disk Time,869.933837
1791388705,2026-10-07T23:58:24,win.PhysicalDisk(1 Q:)\% Disk Time,0.099314
1791388705,2026-10-07T23:58:24,win.PhysicalDisk(_Total)\% Disk Time,435.016576
1791388705,2026-10-07T23:58:24,win.PhysicalDisk(0 C:)\Current Disk Queue Length,6.0
1791388705,2026-10-07T23:58:24,win.PhysicalDisk(1 Q:)\Current Disk Queue Length,0.0
1791388705,2026-10-07T23:58:24,win.PhysicalDisk(_Total)\Current Disk Queue Length,6.0
1791388705,2026-10-07T23:58:24,win.Process(vmmemWSL)\% Processor Time,36.64865
1791388715,2026-10-07T23:58:34,docker.dev-peer0.org1.example.com-saksi-bulletin_1.0-ee3fe73bad456e43adfc5ba27d9e5a60983b69e8496140308fb21061ecb2ff85.cpu_pct,98.25
1791388715,2026-10-07T23:58:34,docker.dev-peer0.org1.example.com-saksi-bulletin_1.0-ee3fe73bad456e43adfc5ba27d9e5a60983b69e8496140308fb21061ecb2ff85.mem_bytes,32621199.36
1791388715,2026-10-07T23:58:34,docker.dev-peer0.org1.example.com-saksi-bulletin_1.0-ee3fe73bad456e43adfc5ba27d9e5a60983b69e8496140308fb21061ecb2ff85.blk_read_bytes,4440000.0
1791388715,2026-10-07T23:58:34,docker.dev-peer0.org1.example.com-saksi-bulletin_1.0-ee3fe73bad456e43adfc5ba27d9e5a60983b69e8496140308fb21061ecb2ff85.blk_write_bytes,0.0
1791388715,2026-10-07T23:58:34,docker.dev-peer0.org2.example.com-saksi-bulletin_1.0-ee3fe73bad456e43adfc5ba27d9e5a60983b69e8496140308fb21061ecb2ff85.cpu_pct,0.0
1791388715,2026-10-07T23:58:34,docker.dev-peer0.org2.example.com-saksi-bulletin_1.0-ee3fe73bad456e43adfc5ba27d9e5a60983b69e8496140308fb21061ecb2ff85.mem_bytes,6783238.144
1791388715,2026-10-07T23:58:34,docker.dev-peer0.org2.example.com-saksi-bulletin_1.0-ee3fe73bad456e43adfc5ba27d9e5a60983b69e8496140308fb21061ecb2ff85.blk_read_bytes,0.0
1791388715,2026-10-07T23:58:34,docker.dev-peer0.org2.example.com-saksi-bulletin_1.0-ee3fe73bad456e43adfc5ba27d9e5a60983b69e8496140308fb21061ecb2ff85.blk_write_bytes,0.0
1791388715,2026-10-07T23:58:34,docker.peer0.org1.example.com.cpu_pct,87.05
1791388715,2026-10-07T23:58:34,docker.peer0.org1.example.com.mem_bytes,1946693926.912
1791388715,2026-10-07T23:58:34,docker.peer0.org1.example.com.blk_read_bytes,1570000000.0
1791388715,2026-10-07T23:58:34,docker.peer0.org1.example.com.blk_write_bytes,58400000000.0
1791388715,2026-10-07T23:58:34,docker.orderer.example.com.cpu_pct,0.03
1791388715,2026-10-07T23:58:34,docker.orderer.example.com.mem_bytes,4558034042.88
1791388715,2026-10-07T23:58:34,docker.orderer.example.com.blk_read_bytes,9500000.0
1791388715,2026-10-07T23:58:34,docker.orderer.example.com.blk_write_bytes,9220000000.0
1791388715,2026-10-07T23:58:34,docker.peer0.org2.example.com.cpu_pct,1.69
1791388715,2026-10-07T23:58:34,docker.peer0.org2.example.com.mem_bytes,276509491.2
1791388715,2026-10-07T23:58:34,docker.peer0.org2.example.com.blk_read_bytes,1680000.0
1791388715,2026-10-07T23:58:34,docker.peer0.org2.example.com.blk_write_bytes,57700000000.0
1791388715,2026-10-07T23:58:34,wsl.MemTotal_kb,24608408
1791388715,2026-10-07T23:58:34,wsl.MemAvailable_kb,22530728
1791388715,2026-10-07T23:58:34,wsl.SwapTotal_kb,0
1791388715,2026-10-07T23:58:34,wsl.SwapFree_kb,0
1791388715,2026-10-07T23:58:34,wsl.Dirty_kb,55180
1791388715,2026-10-07T23:58:34,wsl.load1,3.14
1791388715,2026-10-07T23:58:34,wsl.load5,5.94
1791388715,2026-10-07T23:58:34,host.c_free_bytes,29745262592
1791388715,2026-10-07T23:58:34,host.q_free_bytes,318254804992
1791388715,2026-10-07T23:58:34,host.docker_vhdx_bytes,79568044032
1791388715,2026-10-07T23:58:34,host.ubuntu_vhdx_bytes,212983611392
1791388715,2026-10-07T23:58:34,win.Processor(_Total)\% Processor Time,14.909947
1791388715,2026-10-07T23:58:34,win.Memory\Available MBytes,1208.0
1791388715,2026-10-07T23:58:34,win.PhysicalDisk(0 C:)\% Disk Time,978.97779
1791388715,2026-10-07T23:58:34,win.PhysicalDisk(1 Q:)\% Disk Time,0.02294
1791388715,2026-10-07T23:58:34,win.PhysicalDisk(_Total)\% Disk Time,489.500365
1791388715,2026-10-07T23:58:34,win.PhysicalDisk(0 C:)\Current Disk Queue Length,7.0
1791388715,2026-10-07T23:58:34,win.PhysicalDisk(1 Q:)\Current Disk Queue Length,0.0
1791388715,2026-10-07T23:58:34,win.PhysicalDisk(_Total)\Current Disk Queue Length,7.0
1791388715,2026-10-07T23:58:34,win.Process(vmmemWSL)\% Processor Time,23.890406
1791388725,2026-10-07T23:58:44,docker.dev-peer0.org1.example.com-saksi-bulletin_1.0-ee3fe73bad456e43adfc5ba27d9e5a60983b69e8496140308fb21061ecb2ff85.cpu_pct,95.47
1791388725,2026-10-07T23:58:44,docker.dev-peer0.org1.example.com-saksi-bulletin_1.0-ee3fe73bad456e43adfc5ba27d9e5a60983b69e8496140308fb21061ecb2ff85.mem_bytes,40265318.4
1791388725,2026-10-07T23:58:44,docker.dev-peer0.org1.example.com-saksi-bulletin_1.0-ee3fe73bad456e43adfc5ba27d9e5a60983b69e8496140308fb21061ecb2ff85.blk_read_bytes,4440000.0
1791388725,2026-10-07T23:58:44,docker.dev-peer0.org1.example.com-saksi-bulletin_1.0-ee3fe73bad456e43adfc5ba27d9e5a60983b69e8496140308fb21061ecb2ff85.blk_write_bytes,0.0
1791388725,2026-10-07T23:58:44,docker.dev-peer0.org2.example.com-saksi-bulletin_1.0-ee3fe73bad456e43adfc5ba27d9e5a60983b69e8496140308fb21061ecb2ff85.cpu_pct,0.0
1791388725,2026-10-07T23:58:44,docker.dev-peer0.org2.example.com-saksi-bulletin_1.0-ee3fe73bad456e43adfc5ba27d9e5a60983b69e8496140308fb21061ecb2ff85.mem_bytes,6783238.144
1791388725,2026-10-07T23:58:44,docker.dev-peer0.org2.example.com-saksi-bulletin_1.0-ee3fe73bad456e43adfc5ba27d9e5a60983b69e8496140308fb21061ecb2ff85.blk_read_bytes,0.0
1791388725,2026-10-07T23:58:44,docker.dev-peer0.org2.example.com-saksi-bulletin_1.0-ee3fe73bad456e43adfc5ba27d9e5a60983b69e8496140308fb21061ecb2ff85.blk_write_bytes,0.0
1791388725,2026-10-07T23:58:44,docker.peer0.org1.example.com.cpu_pct,85.76
1791388725,2026-10-07T23:58:44,docker.peer0.org1.example.com.mem_bytes,1941325217.792
1791388725,2026-10-07T23:58:44,docker.peer0.org1.example.com.blk_read_bytes,1580000000.0
1791388725,2026-10-07T23:58:44,docker.peer0.org1.example.com.blk_write_bytes,58500000000.0
1791388725,2026-10-07T23:58:44,docker.orderer.example.com.cpu_pct,0.04
1791388725,2026-10-07T23:58:44,docker.orderer.example.com.mem_bytes,4536559206.4
1791388725,2026-10-07T23:58:44,docker.orderer.example.com.blk_read_bytes,9500000.0
1791388725,2026-10-07T23:58:44,docker.orderer.example.com.blk_write_bytes,9220000000.0
1791388725,2026-10-07T23:58:44,docker.peer0.org2.example.com.cpu_pct,1.72
1791388725,2026-10-07T23:58:44,docker.peer0.org2.example.com.mem_bytes,276299776.0
1791388725,2026-10-07T23:58:44,docker.peer0.org2.example.com.blk_read_bytes,1680000.0
1791388725,2026-10-07T23:58:44,docker.peer0.org2.example.com.blk_write_bytes,57700000000.0
1791388725,2026-10-07T23:58:44,wsl.MemTotal_kb,24608408
1791388725,2026-10-07T23:58:44,wsl.MemAvailable_kb,22541396
1791388725,2026-10-07T23:58:44,wsl.SwapTotal_kb,0
1791388725,2026-10-07T23:58:44,wsl.SwapFree_kb,0
1791388725,2026-10-07T23:58:44,wsl.Dirty_kb,133876
1791388725,2026-10-07T23:58:44,wsl.load1,3.13
1791388725,2026-10-07T23:58:44,wsl.load5,5.84
1791388725,2026-10-07T23:58:44,host.c_free_bytes,29747007488
1791388725,2026-10-07T23:58:44,host.q_free_bytes,318221250560
1791388725,2026-10-07T23:58:44,host.docker_vhdx_bytes,79601598464
1791388725,2026-10-07T23:58:44,host.ubuntu_vhdx_bytes,212983611392
1791388725,2026-10-07T23:58:44,win.Processor(_Total)\% Processor Time,12.229258
1791388725,2026-10-07T23:58:44,win.Memory\Available MBytes,1211.0
1791388725,2026-10-07T23:58:44,win.PhysicalDisk(0 C:)\% Disk Time,956.399669
1791388725,2026-10-07T23:58:44,win.PhysicalDisk(1 Q:)\% Disk Time,0.007101
1791388725,2026-10-07T23:58:44,win.PhysicalDisk(_Total)\% Disk Time,478.203384
1791388725,2026-10-07T23:58:44,win.PhysicalDisk(0 C:)\Current Disk Queue Length,2.0
1791388725,2026-10-07T23:58:44,win.PhysicalDisk(1 Q:)\Current Disk Queue Length,0.0
1791388725,2026-10-07T23:58:44,win.PhysicalDisk(_Total)\Current Disk Queue Length,2.0
1791388725,2026-10-07T23:58:44,win.Process(vmmemWSL)\% Processor Time,22.637923
1791388735,2026-10-07T23:58:54,docker.dev-peer0.org1.example.com-saksi-bulletin_1.0-ee3fe73bad456e43adfc5ba27d9e5a60983b69e8496140308fb21061ecb2ff85.cpu_pct,0.0
1791388735,2026-10-07T23:58:54,docker.dev-peer0.org1.example.com-saksi-bulletin_1.0-ee3fe73bad456e43adfc5ba27d9e5a60983b69e8496140308fb21061ecb2ff85.mem_bytes,33082572.8
1791388735,2026-10-07T23:58:54,docker.dev-peer0.org1.example.com-saksi-bulletin_1.0-ee3fe73bad456e43adfc5ba27d9e5a60983b69e8496140308fb21061ecb2ff85.blk_read_bytes,4440000.0
1791388735,2026-10-07T23:58:54,docker.dev-peer0.org1.example.com-saksi-bulletin_1.0-ee3fe73bad456e43adfc5ba27d9e5a60983b69e8496140308fb21061ecb2ff85.blk_write_bytes,0.0
1791388735,2026-10-07T23:58:54,docker.dev-peer0.org2.example.com-saksi-bulletin_1.0-ee3fe73bad456e43adfc5ba27d9e5a60983b69e8496140308fb21061ecb2ff85.cpu_pct,0.0
1791388735,2026-10-07T23:58:54,docker.dev-peer0.org2.example.com-saksi-bulletin_1.0-ee3fe73bad456e43adfc5ba27d9e5a60983b69e8496140308fb21061ecb2ff85.mem_bytes,7045382.144
1791388735,2026-10-07T23:58:54,docker.dev-peer0.org2.example.com-saksi-bulletin_1.0-ee3fe73bad456e43adfc5ba27d9e5a60983b69e8496140308fb21061ecb2ff85.blk_read_bytes,0.0
1791388735,2026-10-07T23:58:54,docker.dev-peer0.org2.example.com-saksi-bulletin_1.0-ee3fe73bad456e43adfc5ba27d9e5a60983b69e8496140308fb21061ecb2ff85.blk_write_bytes,0.0
1791388735,2026-10-07T23:58:54,docker.peer0.org1.example.com.cpu_pct,2.03
1791388735,2026-10-07T23:58:54,docker.peer0.org1.example.com.mem_bytes,1931661541.376
1791388735,2026-10-07T23:58:54,docker.peer0.org1.example.com.blk_read_bytes,1580000000.0
1791388735,2026-10-07T23:58:54,docker.peer0.org1.example.com.blk_write_bytes,58500000000.0
1791388735,2026-10-07T23:58:54,docker.orderer.example.com.cpu_pct,0.05
1791388735,2026-10-07T23:58:54,docker.orderer.example.com.mem_bytes,4536559206.4
1791388735,2026-10-07T23:58:54,docker.orderer.example.com.blk_read_bytes,9500000.0
1791388735,2026-10-07T23:58:54,docker.orderer.example.com.blk_write_bytes,9220000000.0
1791388735,2026-10-07T23:58:54,docker.peer0.org2.example.com.cpu_pct,2.06
1791388735,2026-10-07T23:58:54,docker.peer0.org2.example.com.mem_bytes,275251200.0
1791388735,2026-10-07T23:58:54,docker.peer0.org2.example.com.blk_read_bytes,1680000.0
1791388735,2026-10-07T23:58:54,docker.peer0.org2.example.com.blk_write_bytes,57700000000.0
1791388735,2026-10-07T23:58:54,wsl.MemTotal_kb,24608408
1791388735,2026-10-07T23:58:54,wsl.MemAvailable_kb,22444232
1791388735,2026-10-07T23:58:54,wsl.SwapTotal_kb,0
1791388735,2026-10-07T23:58:54,wsl.SwapFree_kb,0
1791388735,2026-10-07T23:58:54,wsl.Dirty_kb,168064
1791388735,2026-10-07T23:58:54,wsl.load1,5.11
1791388735,2026-10-07T23:58:54,wsl.load5,6.17
1791388735,2026-10-07T23:58:54,host.c_free_bytes,29746696192
1791388735,2026-10-07T23:58:54,host.q_free_bytes,318221250560
1791388735,2026-10-07T23:58:54,host.docker_vhdx_bytes,79601598464
1791388735,2026-10-07T23:58:54,host.ubuntu_vhdx_bytes,212983611392
1791388735,2026-10-07T23:58:54,win.Processor(_Total)\% Processor Time,26.874087
1791388735,2026-10-07T23:58:54,win.Memory\Available MBytes,1164.0
1791388735,2026-10-07T23:58:54,win.PhysicalDisk(0 C:)\% Disk Time,166.914924
1791388735,2026-10-07T23:58:54,win.PhysicalDisk(1 Q:)\% Disk Time,0.773965
1791388735,2026-10-07T23:58:54,win.PhysicalDisk(_Total)\% Disk Time,83.844445
1791388735,2026-10-07T23:58:54,win.PhysicalDisk(0 C:)\Current Disk Queue Length,0.0
1791388735,2026-10-07T23:58:54,win.PhysicalDisk(1 Q:)\Current Disk Queue Length,0.0
1791388735,2026-10-07T23:58:54,win.PhysicalDisk(_Total)\Current Disk Queue Length,0.0
1791388735,2026-10-07T23:58:54,win.Process(vmmemWSL)\% Processor Time,215.409969
1791388745,2026-10-07T23:59:04,docker.dev-peer0.org1.example.com-saksi-bulletin_1.0-ee3fe73bad456e43adfc5ba27d9e5a60983b69e8496140308fb21061ecb2ff85.cpu_pct,0.0
1791388745,2026-10-07T23:59:04,docker.dev-peer0.org1.example.com-saksi-bulletin_1.0-ee3fe73bad456e43adfc5ba27d9e5a60983b69e8496140308fb21061ecb2ff85.mem_bytes,33082572.8
1791388745,2026-10-07T23:59:04,docker.dev-peer0.org1.example.com-saksi-bulletin_1.0-ee3fe73bad456e43adfc5ba27d9e5a60983b69e8496140308fb21061ecb2ff85.blk_read_bytes,4440000.0
1791388745,2026-10-07T23:59:04,docker.dev-peer0.org1.example.com-saksi-bulletin_1.0-ee3fe73bad456e43adfc5ba27d9e5a60983b69e8496140308fb21061ecb2ff85.blk_write_bytes,0.0
1791388745,2026-10-07T23:59:04,docker.dev-peer0.org2.example.com-saksi-bulletin_1.0-ee3fe73bad456e43adfc5ba27d9e5a60983b69e8496140308fb21061ecb2ff85.cpu_pct,0.0
1791388745,2026-10-07T23:59:04,docker.dev-peer0.org2.example.com-saksi-bulletin_1.0-ee3fe73bad456e43adfc5ba27d9e5a60983b69e8496140308fb21061ecb2ff85.mem_bytes,7045382.144
1791388745,2026-10-07T23:59:04,docker.dev-peer0.org2.example.com-saksi-bulletin_1.0-ee3fe73bad456e43adfc5ba27d9e5a60983b69e8496140308fb21061ecb2ff85.blk_read_bytes,0.0
1791388745,2026-10-07T23:59:04,docker.dev-peer0.org2.example.com-saksi-bulletin_1.0-ee3fe73bad456e43adfc5ba27d9e5a60983b69e8496140308fb21061ecb2ff85.blk_write_bytes,0.0
1791388745,2026-10-07T23:59:04,docker.peer0.org1.example.com.cpu_pct,1.26
1791388745,2026-10-07T23:59:04,docker.peer0.org1.example.com.mem_bytes,1931661541.376
1791388745,2026-10-07T23:59:04,docker.peer0.org1.example.com.blk_read_bytes,1580000000.0
1791388745,2026-10-07T23:59:04,docker.peer0.org1.example.com.blk_write_bytes,58500000000.0
1791388745,2026-10-07T23:59:04,docker.orderer.example.com.cpu_pct,0.05
1791388745,2026-10-07T23:59:04,docker.orderer.example.com.mem_bytes,4536559206.4
1791388745,2026-10-07T23:59:04,docker.orderer.example.com.blk_read_bytes,9500000.0
1791388745,2026-10-07T23:59:04,docker.orderer.example.com.blk_write_bytes,9220000000.0
1791388745,2026-10-07T23:59:04,docker.peer0.org2.example.com.cpu_pct,1.47
1791388745,2026-10-07T23:59:04,docker.peer0.org2.example.com.mem_bytes,275460915.2
1791388745,2026-10-07T23:59:04,docker.peer0.org2.example.com.blk_read_bytes,1680000.0
1791388745,2026-10-07T23:59:04,docker.peer0.org2.example.com.blk_write_bytes,57700000000.0
1791388745,2026-10-07T23:59:04,wsl.MemTotal_kb,24608408
1791388745,2026-10-07T23:59:04,wsl.MemAvailable_kb,22420084
1791388745,2026-10-07T23:59:04,wsl.SwapTotal_kb,0
1791388745,2026-10-07T23:59:04,wsl.SwapFree_kb,0
1791388745,2026-10-07T23:59:04,wsl.Dirty_kb,9488
1791388745,2026-10-07T23:59:04,wsl.load1,9.64
1791388745,2026-10-07T23:59:04,wsl.load5,7.14
1791388745,2026-10-07T23:59:04,host.c_free_bytes,29745770496
1791388745,2026-10-07T23:59:04,host.q_free_bytes,318221250560
1791388745,2026-10-07T23:59:04,host.docker_vhdx_bytes,79601598464
1791388745,2026-10-07T23:59:04,host.ubuntu_vhdx_bytes,212983611392
1791388745,2026-10-07T23:59:04,win.Processor(_Total)\% Processor Time,90.694875
1791388745,2026-10-07T23:59:04,win.Memory\Available MBytes,954.0
1791388745,2026-10-07T23:59:04,win.PhysicalDisk(0 C:)\% Disk Time,13840.995488
1791388745,2026-10-07T23:59:04,win.PhysicalDisk(1 Q:)\% Disk Time,0.016502
1791388745,2026-10-07T23:59:04,win.PhysicalDisk(_Total)\% Disk Time,6920.505995
1791388745,2026-10-07T23:59:04,win.PhysicalDisk(0 C:)\Current Disk Queue Length,120.0
1791388745,2026-10-07T23:59:04,win.PhysicalDisk(1 Q:)\Current Disk Queue Length,0.0
1791388745,2026-10-07T23:59:04,win.PhysicalDisk(_Total)\Current Disk Queue Length,120.0
1791388745,2026-10-07T23:59:04,win.Process(vmmemWSL)\% Processor Time,1258.78636
1791388765,2026-10-07T23:59:24,docker.dev-peer0.org1.example.com-saksi-bulletin_1.0-ee3fe73bad456e43adfc5ba27d9e5a60983b69e8496140308fb21061ecb2ff85.cpu_pct,0.0
1791388765,2026-10-07T23:59:24,docker.dev-peer0.org1.example.com-saksi-bulletin_1.0-ee3fe73bad456e43adfc5ba27d9e5a60983b69e8496140308fb21061ecb2ff85.mem_bytes,32380026.88
1791388765,2026-10-07T23:59:24,docker.dev-peer0.org1.example.com-saksi-bulletin_1.0-ee3fe73bad456e43adfc5ba27d9e5a60983b69e8496140308fb21061ecb2ff85.blk_read_bytes,4440000.0
1791388765,2026-10-07T23:59:24,docker.dev-peer0.org1.example.com-saksi-bulletin_1.0-ee3fe73bad456e43adfc5ba27d9e5a60983b69e8496140308fb21061ecb2ff85.blk_write_bytes,0.0
1791388765,2026-10-07T23:59:24,docker.dev-peer0.org2.example.com-saksi-bulletin_1.0-ee3fe73bad456e43adfc5ba27d9e5a60983b69e8496140308fb21061ecb2ff85.cpu_pct,0.0
1791388765,2026-10-07T23:59:24,docker.dev-peer0.org2.example.com-saksi-bulletin_1.0-ee3fe73bad456e43adfc5ba27d9e5a60983b69e8496140308fb21061ecb2ff85.mem_bytes,7041187.84
1791388765,2026-10-07T23:59:24,docker.dev-peer0.org2.example.com-saksi-bulletin_1.0-ee3fe73bad456e43adfc5ba27d9e5a60983b69e8496140308fb21061ecb2ff85.blk_read_bytes,0.0
1791388765,2026-10-07T23:59:24,docker.dev-peer0.org2.example.com-saksi-bulletin_1.0-ee3fe73bad456e43adfc5ba27d9e5a60983b69e8496140308fb21061ecb2ff85.blk_write_bytes,0.0
1791388765,2026-10-07T23:59:24,docker.peer0.org1.example.com.cpu_pct,1.78
1791388765,2026-10-07T23:59:24,docker.peer0.org1.example.com.mem_bytes,1931661541.376
1791388765,2026-10-07T23:59:24,docker.peer0.org1.example.com.blk_read_bytes,1580000000.0
1791388765,2026-10-07T23:59:24,docker.peer0.org1.example.com.blk_write_bytes,58500000000.0
1791388765,2026-10-07T23:59:24,docker.orderer.example.com.cpu_pct,0.04
1791388765,2026-10-07T23:59:24,docker.orderer.example.com.mem_bytes,4536559206.4
1791388765,2026-10-07T23:59:24,docker.orderer.example.com.blk_read_bytes,9500000.0
1791388765,2026-10-07T23:59:24,docker.orderer.example.com.blk_write_bytes,9220000000.0
1791388765,2026-10-07T23:59:24,docker.peer0.org2.example.com.cpu_pct,1.66
1791388765,2026-10-07T23:59:24,docker.peer0.org2.example.com.mem_bytes,274936627.2
1791388765,2026-10-07T23:59:24,docker.peer0.org2.example.com.blk_read_bytes,1680000.0
1791388765,2026-10-07T23:59:24,docker.peer0.org2.example.com.blk_write_bytes,57700000000.0
1791388765,2026-10-07T23:59:24,wsl.MemTotal_kb,24608408
1791388765,2026-10-07T23:59:24,wsl.MemAvailable_kb,22427696
1791388765,2026-10-07T23:59:24,wsl.SwapTotal_kb,0
1791388765,2026-10-07T23:59:24,wsl.SwapFree_kb,0
1791388765,2026-10-07T23:59:24,wsl.Dirty_kb,9544
1791388765,2026-10-07T23:59:24,wsl.load1,10.14
1791388765,2026-10-07T23:59:24,wsl.load5,7.29
1791388765,2026-10-07T23:59:24,host.c_free_bytes,29745451008
1791388765,2026-10-07T23:59:24,host.q_free_bytes,318221250560
1791388765,2026-10-07T23:59:24,host.docker_vhdx_bytes,79601598464
1791388765,2026-10-07T23:59:24,host.ubuntu_vhdx_bytes,212983611392
1791388765,2026-10-07T23:59:24,win.Processor(_Total)\% Processor Time,90.694875
1791388765,2026-10-07T23:59:24,win.Memory\Available MBytes,954.0
1791388765,2026-10-07T23:59:24,win.PhysicalDisk(0 C:)\% Disk Time,13840.995488
1791388765,2026-10-07T23:59:24,win.PhysicalDisk(1 Q:)\% Disk Time,0.016502
1791388765,2026-10-07T23:59:24,win.PhysicalDisk(_Total)\% Disk Time,6920.505995
1791388765,2026-10-07T23:59:24,win.PhysicalDisk(0 C:)\Current Disk Queue Length,120.0
1791388765,2026-10-07T23:59:24,win.PhysicalDisk(1 Q:)\Current Disk Queue Length,0.0
1791388765,2026-10-07T23:59:24,win.PhysicalDisk(_Total)\Current Disk Queue Length,120.0
1791388765,2026-10-07T23:59:24,win.Process(vmmemWSL)\% Processor Time,1258.78636
1791388775,2026-10-07T23:59:34,docker.dev-peer0.org1.example.com-saksi-bulletin_1.0-ee3fe73bad456e43adfc5ba27d9e5a60983b69e8496140308fb21061ecb2ff85.cpu_pct,0.0
1791388775,2026-10-07T23:59:34,docker.dev-peer0.org1.example.com-saksi-bulletin_1.0-ee3fe73bad456e43adfc5ba27d9e5a60983b69e8496140308fb21061ecb2ff85.mem_bytes,32380026.88
1791388775,2026-10-07T23:59:34,docker.dev-peer0.org1.example.com-saksi-bulletin_1.0-ee3fe73bad456e43adfc5ba27d9e5a60983b69e8496140308fb21061ecb2ff85.blk_read_bytes,4440000.0
1791388775,2026-10-07T23:59:34,docker.dev-peer0.org1.example.com-saksi-bulletin_1.0-ee3fe73bad456e43adfc5ba27d9e5a60983b69e8496140308fb21061ecb2ff85.blk_write_bytes,0.0
1791388775,2026-10-07T23:59:34,docker.dev-peer0.org2.example.com-saksi-bulletin_1.0-ee3fe73bad456e43adfc5ba27d9e5a60983b69e8496140308fb21061ecb2ff85.cpu_pct,0.0
1791388775,2026-10-07T23:59:34,docker.dev-peer0.org2.example.com-saksi-bulletin_1.0-ee3fe73bad456e43adfc5ba27d9e5a60983b69e8496140308fb21061ecb2ff85.mem_bytes,7041187.84
1791388775,2026-10-07T23:59:34,docker.dev-peer0.org2.example.com-saksi-bulletin_1.0-ee3fe73bad456e43adfc5ba27d9e5a60983b69e8496140308fb21061ecb2ff85.blk_read_bytes,0.0
1791388775,2026-10-07T23:59:34,docker.dev-peer0.org2.example.com-saksi-bulletin_1.0-ee3fe73bad456e43adfc5ba27d9e5a60983b69e8496140308fb21061ecb2ff85.blk_write_bytes,0.0
1791388775,2026-10-07T23:59:34,docker.peer0.org1.example.com.cpu_pct,2.77
1791388775,2026-10-07T23:59:34,docker.peer0.org1.example.com.mem_bytes,1931661541.376
1791388775,2026-10-07T23:59:34,docker.peer0.org1.example.com.blk_read_bytes,1580000000.0
1791388775,2026-10-07T23:59:34,docker.peer0.org1.example.com.blk_write_bytes,58500000000.0
1791388775,2026-10-07T23:59:34,docker.orderer.example.com.cpu_pct,0.08
1791388775,2026-10-07T23:59:34,docker.orderer.example.com.mem_bytes,4536559206.4
1791388775,2026-10-07T23:59:34,docker.orderer.example.com.blk_read_bytes,9500000.0
1791388775,2026-10-07T23:59:34,docker.orderer.example.com.blk_write_bytes,9220000000.0
1791388775,2026-10-07T23:59:34,docker.peer0.org2.example.com.cpu_pct,2.05
1791388775,2026-10-07T23:59:34,docker.peer0.org2.example.com.mem_bytes,275460915.2
1791388775,2026-10-07T23:59:34,docker.peer0.org2.example.com.blk_read_bytes,1680000.0
1791388775,2026-10-07T23:59:34,docker.peer0.org2.example.com.blk_write_bytes,57700000000.0
1791388775,2026-10-07T23:59:34,wsl.MemTotal_kb,24608408
1791388775,2026-10-07T23:59:34,wsl.MemAvailable_kb,22434284
1791388775,2026-10-07T23:59:34,wsl.SwapTotal_kb,0
1791388775,2026-10-07T23:59:34,wsl.SwapFree_kb,0
1791388775,2026-10-07T23:59:34,wsl.Dirty_kb,340
1791388775,2026-10-07T23:59:34,wsl.load1,11.2
1791388775,2026-10-07T23:59:34,wsl.load5,7.61
1791388775,2026-10-07T23:59:34,host.c_free_bytes,29744996352
1791388775,2026-10-07T23:59:34,host.q_free_bytes,318221250560
1791388775,2026-10-07T23:59:34,host.docker_vhdx_bytes,79601598464
1791388775,2026-10-07T23:59:34,host.ubuntu_vhdx_bytes,212983611392
1791388775,2026-10-07T23:59:34,win.Processor(_Total)\% Processor Time,90.554366
1791388775,2026-10-07T23:59:34,win.Memory\Available MBytes,1040.0
1791388775,2026-10-07T23:59:34,win.PhysicalDisk(0 C:)\% Disk Time,2972.424265
1791388775,2026-10-07T23:59:34,win.PhysicalDisk(1 Q:)\% Disk Time,0.016379
1791388775,2026-10-07T23:59:34,win.PhysicalDisk(_Total)\% Disk Time,1486.220322
1791388775,2026-10-07T23:59:34,win.PhysicalDisk(0 C:)\Current Disk Queue Length,30.0
1791388775,2026-10-07T23:59:34,win.PhysicalDisk(1 Q:)\Current Disk Queue Length,0.0
1791388775,2026-10-07T23:59:34,win.PhysicalDisk(_Total)\Current Disk Queue Length,30.0
1791388775,2026-10-07T23:59:34,win.Process(vmmemWSL)\% Processor Time,1223.701846
1791388785,2026-10-07T23:59:44,docker.dev-peer0.org1.example.com-saksi-bulletin_1.0-ee3fe73bad456e43adfc5ba27d9e5a60983b69e8496140308fb21061ecb2ff85.cpu_pct,0.0
1791388785,2026-10-07T23:59:44,docker.dev-peer0.org1.example.com-saksi-bulletin_1.0-ee3fe73bad456e43adfc5ba27d9e5a60983b69e8496140308fb21061ecb2ff85.mem_bytes,32159825.92
1791388785,2026-10-07T23:59:44,docker.dev-peer0.org1.example.com-saksi-bulletin_1.0-ee3fe73bad456e43adfc5ba27d9e5a60983b69e8496140308fb21061ecb2ff85.blk_read_bytes,4440000.0
1791388785,2026-10-07T23:59:44,docker.dev-peer0.org1.example.com-saksi-bulletin_1.0-ee3fe73bad456e43adfc5ba27d9e5a60983b69e8496140308fb21061ecb2ff85.blk_write_bytes,0.0
1791388785,2026-10-07T23:59:44,docker.dev-peer0.org2.example.com-saksi-bulletin_1.0-ee3fe73bad456e43adfc5ba27d9e5a60983b69e8496140308fb21061ecb2ff85.cpu_pct,0.0
1791388785,2026-10-07T23:59:44,docker.dev-peer0.org2.example.com-saksi-bulletin_1.0-ee3fe73bad456e43adfc5ba27d9e5a60983b69e8496140308fb21061ecb2ff85.mem_bytes,7041187.84
1791388785,2026-10-07T23:59:44,docker.dev-peer0.org2.example.com-saksi-bulletin_1.0-ee3fe73bad456e43adfc5ba27d9e5a60983b69e8496140308fb21061ecb2ff85.blk_read_bytes,0.0
1791388785,2026-10-07T23:59:44,docker.dev-peer0.org2.example.com-saksi-bulletin_1.0-ee3fe73bad456e43adfc5ba27d9e5a60983b69e8496140308fb21061ecb2ff85.blk_write_bytes,0.0
1791388785,2026-10-07T23:59:44,docker.peer0.org1.example.com.cpu_pct,3.73
1791388785,2026-10-07T23:59:44,docker.peer0.org1.example.com.mem_bytes,1931661541.376
1791388785,2026-10-07T23:59:44,docker.peer0.org1.example.com.blk_read_bytes,1580000000.0
1791388785,2026-10-07T23:59:44,docker.peer0.org1.example.com.blk_write_bytes,58500000000.0
1791388785,2026-10-07T23:59:44,docker.orderer.example.com.cpu_pct,0.04
1791388785,2026-10-07T23:59:44,docker.orderer.example.com.mem_bytes,4536559206.4
1791388785,2026-10-07T23:59:44,docker.orderer.example.com.blk_read_bytes,9500000.0
1791388785,2026-10-07T23:59:44,docker.orderer.example.com.blk_write_bytes,9220000000.0
1791388785,2026-10-07T23:59:44,docker.peer0.org2.example.com.cpu_pct,1.91
1791388785,2026-10-07T23:59:44,docker.peer0.org2.example.com.mem_bytes,275460915.2
1791388785,2026-10-07T23:59:44,docker.peer0.org2.example.com.blk_read_bytes,1680000.0
1791388785,2026-10-07T23:59:44,docker.peer0.org2.example.com.blk_write_bytes,57700000000.0
1791388785,2026-10-07T23:59:44,wsl.MemTotal_kb,24608408
1791388785,2026-10-07T23:59:44,wsl.MemAvailable_kb,22430108
1791388785,2026-10-07T23:59:44,wsl.SwapTotal_kb,0
1791388785,2026-10-07T23:59:44,wsl.SwapFree_kb,0
1791388785,2026-10-07T23:59:44,wsl.Dirty_kb,192
1791388785,2026-10-07T23:59:44,wsl.load1,12.17
1791388785,2026-10-07T23:59:44,wsl.load5,7.94
1791388785,2026-10-07T23:59:44,host.c_free_bytes,29744353280
1791388785,2026-10-07T23:59:44,host.q_free_bytes,318221250560
1791388785,2026-10-07T23:59:44,host.docker_vhdx_bytes,79601598464
1791388785,2026-10-07T23:59:44,host.ubuntu_vhdx_bytes,212983611392
1791388785,2026-10-07T23:59:44,win.Processor(_Total)\% Processor Time,91.279008
1791388785,2026-10-07T23:59:44,win.Memory\Available MBytes,1108.0
1791388785,2026-10-07T23:59:44,win.PhysicalDisk(0 C:)\% Disk Time,1193.31767
1791388785,2026-10-07T23:59:44,win.PhysicalDisk(1 Q:)\% Disk Time,0.0
1791388785,2026-10-07T23:59:44,win.PhysicalDisk(_Total)\% Disk Time,596.658835
1791388785,2026-10-07T23:59:44,win.PhysicalDisk(0 C:)\Current Disk Queue Length,0.0
1791388785,2026-10-07T23:59:44,win.PhysicalDisk(1 Q:)\Current Disk Queue Length,0.0
1791388785,2026-10-07T23:59:44,win.PhysicalDisk(_Total)\Current Disk Queue Length,0.0
1791388785,2026-10-07T23:59:44,win.Process(vmmemWSL)\% Processor Time,1227.884433
1791388795,2026-10-07T23:59:54,docker.dev-peer0.org1.example.com-saksi-bulletin_1.0-ee3fe73bad456e43adfc5ba27d9e5a60983b69e8496140308fb21061ecb2ff85.cpu_pct,0.0
1791388795,2026-10-07T23:59:54,docker.dev-peer0.org1.example.com-saksi-bulletin_1.0-ee3fe73bad456e43adfc5ba27d9e5a60983b69e8496140308fb21061ecb2ff85.mem_bytes,32159825.92
1791388795,2026-10-07T23:59:54,docker.dev-peer0.org1.example.com-saksi-bulletin_1.0-ee3fe73bad456e43adfc5ba27d9e5a60983b69e8496140308fb21061ecb2ff85.blk_read_bytes,4440000.0
1791388795,2026-10-07T23:59:54,docker.dev-peer0.org1.example.com-saksi-bulletin_1.0-ee3fe73bad456e43adfc5ba27d9e5a60983b69e8496140308fb21061ecb2ff85.blk_write_bytes,0.0
1791388795,2026-10-07T23:59:54,docker.dev-peer0.org2.example.com-saksi-bulletin_1.0-ee3fe73bad456e43adfc5ba27d9e5a60983b69e8496140308fb21061ecb2ff85.cpu_pct,0.04
1791388795,2026-10-07T23:59:54,docker.dev-peer0.org2.example.com-saksi-bulletin_1.0-ee3fe73bad456e43adfc5ba27d9e5a60983b69e8496140308fb21061ecb2ff85.mem_bytes,7036993.536
1791388795,2026-10-07T23:59:54,docker.dev-peer0.org2.example.com-saksi-bulletin_1.0-ee3fe73bad456e43adfc5ba27d9e5a60983b69e8496140308fb21061ecb2ff85.blk_read_bytes,0.0
1791388795,2026-10-07T23:59:54,docker.dev-peer0.org2.example.com-saksi-bulletin_1.0-ee3fe73bad456e43adfc5ba27d9e5a60983b69e8496140308fb21061ecb2ff85.blk_write_bytes,0.0
1791388795,2026-10-07T23:59:54,docker.peer0.org1.example.com.cpu_pct,3.4
1791388795,2026-10-07T23:59:54,docker.peer0.org1.example.com.mem_bytes,1931661541.376
1791388795,2026-10-07T23:59:54,docker.peer0.org1.example.com.blk_read_bytes,1580000000.0
1791388795,2026-10-07T23:59:54,docker.peer0.org1.example.com.blk_write_bytes,58500000000.0
1791388795,2026-10-07T23:59:54,docker.orderer.example.com.cpu_pct,0.07
1791388795,2026-10-07T23:59:54,docker.orderer.example.com.mem_bytes,4536559206.4
1791388795,2026-10-07T23:59:54,docker.orderer.example.com.blk_read_bytes,9500000.0
1791388795,2026-10-07T23:59:54,docker.orderer.example.com.blk_write_bytes,9220000000.0
1791388795,2026-10-07T23:59:54,docker.peer0.org2.example.com.cpu_pct,2.37
1791388795,2026-10-07T23:59:54,docker.peer0.org2.example.com.mem_bytes,274726912.0
1791388795,2026-10-07T23:59:54,docker.peer0.org2.example.com.blk_read_bytes,1680000.0
1791388795,2026-10-07T23:59:54,docker.peer0.org2.example.com.blk_write_bytes,57700000000.0
1791388795,2026-10-07T23:59:54,wsl.MemTotal_kb,24608408
1791388795,2026-10-07T23:59:54,wsl.MemAvailable_kb,22427068
1791388795,2026-10-07T23:59:54,wsl.SwapTotal_kb,0
1791388795,2026-10-07T23:59:54,wsl.SwapFree_kb,0
1791388795,2026-10-07T23:59:54,wsl.Dirty_kb,224
1791388795,2026-10-07T23:59:54,wsl.load1,12.48
1791388795,2026-10-07T23:59:54,wsl.load5,8.07
1791388795,2026-10-07T23:59:54,host.c_free_bytes,29743804416
1791388795,2026-10-07T23:59:54,host.q_free_bytes,318221250560
1791388795,2026-10-07T23:59:54,host.docker_vhdx_bytes,79601598464
1791388795,2026-10-07T23:59:54,host.ubuntu_vhdx_bytes,212983611392
1791388795,2026-10-07T23:59:54,win.Processor(_Total)\% Processor Time,91.112559
1791388795,2026-10-07T23:59:54,win.Memory\Available MBytes,931.0
1791388795,2026-10-07T23:59:54,win.PhysicalDisk(0 C:)\% Disk Time,570.714928
1791388795,2026-10-07T23:59:54,win.PhysicalDisk(1 Q:)\% Disk Time,0.088872
1791388795,2026-10-07T23:59:54,win.PhysicalDisk(_Total)\% Disk Time,285.4019
1791388795,2026-10-07T23:59:54,win.PhysicalDisk(0 C:)\Current Disk Queue Length,6.0
1791388795,2026-10-07T23:59:54,win.PhysicalDisk(1 Q:)\Current Disk Queue Length,0.0
1791388795,2026-10-07T23:59:54,win.PhysicalDisk(_Total)\Current Disk Queue Length,6.0
1791388795,2026-10-07T23:59:54,win.Process(vmmemWSL)\% Processor Time,1156.458825
1791388805,2026-10-08T00:00:04,docker.dev-peer0.org1.example.com-saksi-bulletin_1.0-ee3fe73bad456e43adfc5ba27d9e5a60983b69e8496140308fb21061ecb2ff85.cpu_pct,0.0
1791388805,2026-10-08T00:00:04,docker.dev-peer0.org1.example.com-saksi-bulletin_1.0-ee3fe73bad456e43adfc5ba27d9e5a60983b69e8496140308fb21061ecb2ff85.mem_bytes,32159825.92
1791388805,2026-10-08T00:00:04,docker.dev-peer0.org1.example.com-saksi-bulletin_1.0-ee3fe73bad456e43adfc5ba27d9e5a60983b69e8496140308fb21061ecb2ff85.blk_read_bytes,4440000.0
1791388805,2026-10-08T00:00:04,docker.dev-peer0.org1.example.com-saksi-bulletin_1.0-ee3fe73bad456e43adfc5ba27d9e5a60983b69e8496140308fb21061ecb2ff85.blk_write_bytes,0.0
1791388805,2026-10-08T00:00:04,docker.dev-peer0.org2.example.com-saksi-bulletin_1.0-ee3fe73bad456e43adfc5ba27d9e5a60983b69e8496140308fb21061ecb2ff85.cpu_pct,0.0
1791388805,2026-10-08T00:00:04,docker.dev-peer0.org2.example.com-saksi-bulletin_1.0-ee3fe73bad456e43adfc5ba27d9e5a60983b69e8496140308fb21061ecb2ff85.mem_bytes,7036993.536
1791388805,2026-10-08T00:00:04,docker.dev-peer0.org2.example.com-saksi-bulletin_1.0-ee3fe73bad456e43adfc5ba27d9e5a60983b69e8496140308fb21061ecb2ff85.blk_read_bytes,0.0
1791388805,2026-10-08T00:00:04,docker.dev-peer0.org2.example.com-saksi-bulletin_1.0-ee3fe73bad456e43adfc5ba27d9e5a60983b69e8496140308fb21061ecb2ff85.blk_write_bytes,0.0
1791388805,2026-10-08T00:00:04,docker.peer0.org1.example.com.cpu_pct,1.57
1791388805,2026-10-08T00:00:04,docker.peer0.org1.example.com.mem_bytes,1931661541.376
1791388805,2026-10-08T00:00:04,docker.peer0.org1.example.com.blk_read_bytes,1580000000.0
1791388805,2026-10-08T00:00:04,docker.peer0.org1.example.com.blk_write_bytes,58500000000.0
1791388805,2026-10-08T00:00:04,docker.orderer.example.com.cpu_pct,0.04
1791388805,2026-10-08T00:00:04,docker.orderer.example.com.mem_bytes,4536559206.4
1791388805,2026-10-08T00:00:04,docker.orderer.example.com.blk_read_bytes,9500000.0
1791388805,2026-10-08T00:00:04,docker.orderer.example.com.blk_write_bytes,9220000000.0
1791388805,2026-10-08T00:00:04,docker.peer0.org2.example.com.cpu_pct,1.87
1791388805,2026-10-08T00:00:04,docker.peer0.org2.example.com.mem_bytes,275460915.2
1791388805,2026-10-08T00:00:04,docker.peer0.org2.example.com.blk_read_bytes,1680000.0
1791388805,2026-10-08T00:00:04,docker.peer0.org2.example.com.blk_write_bytes,57700000000.0
1791388805,2026-10-08T00:00:04,wsl.MemTotal_kb,24608408
1791388805,2026-10-08T00:00:04,wsl.MemAvailable_kb,22429608
1791388805,2026-10-08T00:00:04,wsl.SwapTotal_kb,0
1791388805,2026-10-08T00:00:04,wsl.SwapFree_kb,0
1791388805,2026-10-08T00:00:04,wsl.Dirty_kb,0
1791388805,2026-10-08T00:00:04,wsl.load1,13.41
1791388805,2026-10-08T00:00:04,wsl.load5,8.49
1791388805,2026-10-08T00:00:04,host.c_free_bytes,29743411200
1791388805,2026-10-08T00:00:04,host.q_free_bytes,318221250560
1791388805,2026-10-08T00:00:04,host.docker_vhdx_bytes,79601598464
1791388805,2026-10-08T00:00:04,host.ubuntu_vhdx_bytes,212983611392
1791388805,2026-10-08T00:00:04,win.Processor(_Total)\% Processor Time,91.701956
1791388805,2026-10-08T00:00:04,win.Memory\Available MBytes,781.0
1791388805,2026-10-08T00:00:04,win.PhysicalDisk(0 C:)\% Disk Time,299.562545
1791388805,2026-10-08T00:00:04,win.PhysicalDisk(1 Q:)\% Disk Time,0.0
1791388805,2026-10-08T00:00:04,win.PhysicalDisk(_Total)\% Disk Time,149.781273
1791388805,2026-10-08T00:00:04,win.PhysicalDisk(0 C:)\Current Disk Queue Length,0.0
1791388805,2026-10-08T00:00:04,win.PhysicalDisk(1 Q:)\Current Disk Queue Length,0.0
1791388805,2026-10-08T00:00:04,win.PhysicalDisk(_Total)\Current Disk Queue Length,0.0
1791388805,2026-10-08T00:00:04,win.Process(vmmemWSL)\% Processor Time,1168.395735
1791388815,2026-10-08T00:00:14,docker.dev-peer0.org1.example.com-saksi-bulletin_1.0-ee3fe73bad456e43adfc5ba27d9e5a60983b69e8496140308fb21061ecb2ff85.cpu_pct,0.0
1791388815,2026-10-08T00:00:14,docker.dev-peer0.org1.example.com-saksi-bulletin_1.0-ee3fe73bad456e43adfc5ba27d9e5a60983b69e8496140308fb21061ecb2ff85.mem_bytes,31918653.44
1791388815,2026-10-08T00:00:14,docker.dev-peer0.org1.example.com-saksi-bulletin_1.0-ee3fe73bad456e43adfc5ba27d9e5a60983b69e8496140308fb21061ecb2ff85.blk_read_bytes,4440000.0
1791388815,2026-10-08T00:00:14,docker.dev-peer0.org1.example.com-saksi-bulletin_1.0-ee3fe73bad456e43adfc5ba27d9e5a60983b69e8496140308fb21061ecb2ff85.blk_write_bytes,0.0
1791388815,2026-10-08T00:00:14,docker.dev-peer0.org2.example.com-saksi-bulletin_1.0-ee3fe73bad456e43adfc5ba27d9e5a60983b69e8496140308fb21061ecb2ff85.cpu_pct,0.0
1791388815,2026-10-08T00:00:14,docker.dev-peer0.org2.example.com-saksi-bulletin_1.0-ee3fe73bad456e43adfc5ba27d9e5a60983b69e8496140308fb21061ecb2ff85.mem_bytes,7036993.536
1791388815,2026-10-08T00:00:14,docker.dev-peer0.org2.example.com-saksi-bulletin_1.0-ee3fe73bad456e43adfc5ba27d9e5a60983b69e8496140308fb21061ecb2ff85.blk_read_bytes,0.0
1791388815,2026-10-08T00:00:14,docker.dev-peer0.org2.example.com-saksi-bulletin_1.0-ee3fe73bad456e43adfc5ba27d9e5a60983b69e8496140308fb21061ecb2ff85.blk_write_bytes,0.0
1791388815,2026-10-08T00:00:14,docker.peer0.org1.example.com.cpu_pct,2.45
1791388815,2026-10-08T00:00:14,docker.peer0.org1.example.com.mem_bytes,1931661541.376
1791388815,2026-10-08T00:00:14,docker.peer0.org1.example.com.blk_read_bytes,1580000000.0
1791388815,2026-10-08T00:00:14,docker.peer0.org1.example.com.blk_write_bytes,58500000000.0
1791388815,2026-10-08T00:00:14,docker.orderer.example.com.cpu_pct,0.05
1791388815,2026-10-08T00:00:14,docker.orderer.example.com.mem_bytes,4535485464.576
1791388815,2026-10-08T00:00:14,docker.orderer.example.com.blk_read_bytes,9500000.0
1791388815,2026-10-08T00:00:14,docker.orderer.example.com.blk_write_bytes,9220000000.0
1791388815,2026-10-08T00:00:14,docker.peer0.org2.example.com.cpu_pct,2.17
1791388815,2026-10-08T00:00:14,docker.peer0.org2.example.com.mem_bytes,275251200.0
1791388815,2026-10-08T00:00:14,docker.peer0.org2.example.com.blk_read_bytes,1680000.0
1791388815,2026-10-08T00:00:14,docker.peer0.org2.example.com.blk_write_bytes,57700000000.0
1791388815,2026-10-08T00:00:14,wsl.MemTotal_kb,24608408
1791388815,2026-10-08T00:00:14,wsl.MemAvailable_kb,22452460
1791388815,2026-10-08T00:00:14,wsl.SwapTotal_kb,0
1791388815,2026-10-08T00:00:14,wsl.SwapFree_kb,0
1791388815,2026-10-08T00:00:14,wsl.Dirty_kb,148
1791388815,2026-10-08T00:00:14,wsl.load1,13.97
1791388815,2026-10-08T00:00:14,wsl.load5,8.77
1791388815,2026-10-08T00:00:14,host.c_free_bytes,29742366720
1791388815,2026-10-08T00:00:14,host.q_free_bytes,318221250560
1791388815,2026-10-08T00:00:14,host.docker_vhdx_bytes,79601598464
1791388815,2026-10-08T00:00:14,host.ubuntu_vhdx_bytes,212983611392
1791388815,2026-10-08T00:00:14,win.Processor(_Total)\% Processor Time,92.794776
1791388815,2026-10-08T00:00:14,win.Memory\Available MBytes,862.0
1791388815,2026-10-08T00:00:14,win.PhysicalDisk(0 C:)\% Disk Time,73.901268
1791388815,2026-10-08T00:00:14,win.PhysicalDisk(1 Q:)\% Disk Time,0.0
1791388815,2026-10-08T00:00:14,win.PhysicalDisk(_Total)\% Disk Time,36.950634
1791388815,2026-10-08T00:00:14,win.PhysicalDisk(0 C:)\Current Disk Queue Length,0.0
1791388815,2026-10-08T00:00:14,win.PhysicalDisk(1 Q:)\Current Disk Queue Length,0.0
1791388815,2026-10-08T00:00:14,win.PhysicalDisk(_Total)\Current Disk Queue Length,0.0
1791388815,2026-10-08T00:00:14,win.Process(vmmemWSL)\% Processor Time,1129.747944
1791388828,2026-10-08T00:00:28,docker.dev-peer0.org1.example.com-saksi-bulletin_1.0-ee3fe73bad456e43adfc5ba27d9e5a60983b69e8496140308fb21061ecb2ff85.cpu_pct,0.0
1791388828,2026-10-08T00:00:28,docker.dev-peer0.org1.example.com-saksi-bulletin_1.0-ee3fe73bad456e43adfc5ba27d9e5a60983b69e8496140308fb21061ecb2ff85.mem_bytes,31488737.28
1791388828,2026-10-08T00:00:28,docker.dev-peer0.org1.example.com-saksi-bulletin_1.0-ee3fe73bad456e43adfc5ba27d9e5a60983b69e8496140308fb21061ecb2ff85.blk_read_bytes,4440000.0
1791388828,2026-10-08T00:00:28,docker.dev-peer0.org1.example.com-saksi-bulletin_1.0-ee3fe73bad456e43adfc5ba27d9e5a60983b69e8496140308fb21061ecb2ff85.blk_write_bytes,0.0
1791388828,2026-10-08T00:00:28,docker.dev-peer0.org2.example.com-saksi-bulletin_1.0-ee3fe73bad456e43adfc5ba27d9e5a60983b69e8496140308fb21061ecb2ff85.cpu_pct,0.0
1791388828,2026-10-08T00:00:28,docker.dev-peer0.org2.example.com-saksi-bulletin_1.0-ee3fe73bad456e43adfc5ba27d9e5a60983b69e8496140308fb21061ecb2ff85.mem_bytes,7036993.536
1791388828,2026-10-08T00:00:28,docker.dev-peer0.org2.example.com-saksi-bulletin_1.0-ee3fe73bad456e43adfc5ba27d9e5a60983b69e8496140308fb21061ecb2ff85.blk_read_bytes,0.0
1791388828,2026-10-08T00:00:28,docker.dev-peer0.org2.example.com-saksi-bulletin_1.0-ee3fe73bad456e43adfc5ba27d9e5a60983b69e8496140308fb21061ecb2ff85.blk_write_bytes,0.0
1791388828,2026-10-08T00:00:28,docker.peer0.org1.example.com.cpu_pct,2.58
1791388828,2026-10-08T00:00:28,docker.peer0.org1.example.com.mem_bytes,1931661541.376
1791388828,2026-10-08T00:00:28,docker.peer0.org1.example.com.blk_read_bytes,1580000000.0
1791388828,2026-10-08T00:00:28,docker.peer0.org1.example.com.blk_write_bytes,58500000000.0
1791388828,2026-10-08T00:00:28,docker.orderer.example.com.cpu_pct,0.06
1791388828,2026-10-08T00:00:28,docker.orderer.example.com.mem_bytes,4535485464.576
1791388828,2026-10-08T00:00:28,docker.orderer.example.com.blk_read_bytes,9500000.0
1791388828,2026-10-08T00:00:28,docker.orderer.example.com.blk_write_bytes,9220000000.0
1791388828,2026-10-08T00:00:28,docker.peer0.org2.example.com.cpu_pct,2.67
1791388828,2026-10-08T00:00:28,docker.peer0.org2.example.com.mem_bytes,275041484.8
1791388828,2026-10-08T00:00:28,docker.peer0.org2.example.com.blk_read_bytes,1680000.0
1791388828,2026-10-08T00:00:28,docker.peer0.org2.example.com.blk_write_bytes,57700000000.0
1791388828,2026-10-08T00:00:28,wsl.MemTotal_kb,24608408
1791388828,2026-10-08T00:00:28,wsl.MemAvailable_kb,22451768
1791388828,2026-10-08T00:00:28,wsl.SwapTotal_kb,0
1791388828,2026-10-08T00:00:28,wsl.SwapFree_kb,0
1791388828,2026-10-08T00:00:28,wsl.Dirty_kb,148
1791388828,2026-10-08T00:00:28,wsl.load1,14.35
1791388828,2026-10-08T00:00:28,wsl.load5,9.03
1791388828,2026-10-08T00:00:28,host.c_free_bytes,29742239744
1791388828,2026-10-08T00:00:28,host.q_free_bytes,318221250560
1791388828,2026-10-08T00:00:28,host.docker_vhdx_bytes,79601598464
1791388828,2026-10-08T00:00:28,host.ubuntu_vhdx_bytes,212983611392
1791388828,2026-10-08T00:00:28,win.Processor(_Total)\% Processor Time,91.747895
1791388828,2026-10-08T00:00:28,win.Memory\Available MBytes,640.0
1791388828,2026-10-08T00:00:28,win.PhysicalDisk(0 C:)\% Disk Time,588.861049
1791388828,2026-10-08T00:00:28,win.PhysicalDisk(1 Q:)\% Disk Time,0.0
1791388828,2026-10-08T00:00:28,win.PhysicalDisk(_Total)\% Disk Time,294.430525
1791388828,2026-10-08T00:00:28,win.PhysicalDisk(0 C:)\Current Disk Queue Length,18.0
1791388828,2026-10-08T00:00:28,win.PhysicalDisk(1 Q:)\Current Disk Queue Length,0.0
1791388828,2026-10-08T00:00:28,win.PhysicalDisk(_Total)\Current Disk Queue Length,18.0
1791388828,2026-10-08T00:00:28,win.Process(vmmemWSL)\% Processor Time,1080.46009
1791388838,2026-10-08T00:00:38,docker.dev-peer0.org1.example.com-saksi-bulletin_1.0-ee3fe73bad456e43adfc5ba27d9e5a60983b69e8496140308fb21061ecb2ff85.cpu_pct,0.0
1791388838,2026-10-08T00:00:38,docker.dev-peer0.org1.example.com-saksi-bulletin_1.0-ee3fe73bad456e43adfc5ba27d9e5a60983b69e8496140308fb21061ecb2ff85.mem_bytes,31488737.28
1791388838,2026-10-08T00:00:38,docker.dev-peer0.org1.example.com-saksi-bulletin_1.0-ee3fe73bad456e43adfc5ba27d9e5a60983b69e8496140308fb21061ecb2ff85.blk_read_bytes,4440000.0
1791388838,2026-10-08T00:00:38,docker.dev-peer0.org1.example.com-saksi-bulletin_1.0-ee3fe73bad456e43adfc5ba27d9e5a60983b69e8496140308fb21061ecb2ff85.blk_write_bytes,0.0
1791388838,2026-10-08T00:00:38,docker.dev-peer0.org2.example.com-saksi-bulletin_1.0-ee3fe73bad456e43adfc5ba27d9e5a60983b69e8496140308fb21061ecb2ff85.cpu_pct,0.0
1791388838,2026-10-08T00:00:38,docker.dev-peer0.org2.example.com-saksi-bulletin_1.0-ee3fe73bad456e43adfc5ba27d9e5a60983b69e8496140308fb21061ecb2ff85.mem_bytes,7036993.536
1791388838,2026-10-08T00:00:38,docker.dev-peer0.org2.example.com-saksi-bulletin_1.0-ee3fe73bad456e43adfc5ba27d9e5a60983b69e8496140308fb21061ecb2ff85.blk_read_bytes,0.0
1791388838,2026-10-08T00:00:38,docker.dev-peer0.org2.example.com-saksi-bulletin_1.0-ee3fe73bad456e43adfc5ba27d9e5a60983b69e8496140308fb21061ecb2ff85.blk_write_bytes,0.0
1791388838,2026-10-08T00:00:38,docker.peer0.org1.example.com.cpu_pct,2.04
1791388838,2026-10-08T00:00:38,docker.peer0.org1.example.com.mem_bytes,1931661541.376
1791388838,2026-10-08T00:00:38,docker.peer0.org1.example.com.blk_read_bytes,1580000000.0
1791388838,2026-10-08T00:00:38,docker.peer0.org1.example.com.blk_write_bytes,58500000000.0
1791388838,2026-10-08T00:00:38,docker.orderer.example.com.cpu_pct,0.09
1791388838,2026-10-08T00:00:38,docker.orderer.example.com.mem_bytes,4534411722.752
1791388838,2026-10-08T00:00:38,docker.orderer.example.com.blk_read_bytes,9500000.0
1791388838,2026-10-08T00:00:38,docker.orderer.example.com.blk_write_bytes,9220000000.0
1791388838,2026-10-08T00:00:38,docker.peer0.org2.example.com.cpu_pct,2.06
1791388838,2026-10-08T00:00:38,docker.peer0.org2.example.com.mem_bytes,275775488.0
1791388838,2026-10-08T00:00:38,docker.peer0.org2.example.com.blk_read_bytes,1680000.0
1791388838,2026-10-08T00:00:38,docker.peer0.org2.example.com.blk_write_bytes,57700000000.0
1791388838,2026-10-08T00:00:38,wsl.MemTotal_kb,24608408
1791388838,2026-10-08T00:00:38,wsl.MemAvailable_kb,22479984
1791388838,2026-10-08T00:00:38,wsl.SwapTotal_kb,0
1791388838,2026-10-08T00:00:38,wsl.SwapFree_kb,0
1791388838,2026-10-08T00:00:38,wsl.Dirty_kb,184
1791388838,2026-10-08T00:00:38,wsl.load1,14.69
1791388838,2026-10-08T00:00:38,wsl.load5,9.28
1791388838,2026-10-08T00:00:38,host.c_free_bytes,29743357952
1791388838,2026-10-08T00:00:38,host.q_free_bytes,318221250560
1791388838,2026-10-08T00:00:38,host.docker_vhdx_bytes,79601598464
1791388838,2026-10-08T00:00:38,host.ubuntu_vhdx_bytes,212983611392
1791388838,2026-10-08T00:00:38,win.Processor(_Total)\% Processor Time,92.16851
1791388838,2026-10-08T00:00:38,win.Memory\Available MBytes,567.0
1791388838,2026-10-08T00:00:38,win.PhysicalDisk(0 C:)\% Disk Time,1049.290651
1791388838,2026-10-08T00:00:38,win.PhysicalDisk(1 Q:)\% Disk Time,0.0
1791388838,2026-10-08T00:00:38,win.PhysicalDisk(_Total)\% Disk Time,524.645325
1791388838,2026-10-08T00:00:38,win.PhysicalDisk(0 C:)\Current Disk Queue Length,0.0
1791388838,2026-10-08T00:00:38,win.PhysicalDisk(1 Q:)\Current Disk Queue Length,0.0
1791388838,2026-10-08T00:00:38,win.PhysicalDisk(_Total)\Current Disk Queue Length,0.0
1791388838,2026-10-08T00:00:38,win.Process(vmmemWSL)\% Processor Time,1166.433537
1791388848,2026-10-08T00:00:48,docker.dev-peer0.org1.example.com-saksi-bulletin_1.0-ee3fe73bad456e43adfc5ba27d9e5a60983b69e8496140308fb21061ecb2ff85.cpu_pct,0.0
1791388848,2026-10-08T00:00:48,docker.dev-peer0.org1.example.com-saksi-bulletin_1.0-ee3fe73bad456e43adfc5ba27d9e5a60983b69e8496140308fb21061ecb2ff85.mem_bytes,31488737.28
1791388848,2026-10-08T00:00:48,docker.dev-peer0.org1.example.com-saksi-bulletin_1.0-ee3fe73bad456e43adfc5ba27d9e5a60983b69e8496140308fb21061ecb2ff85.blk_read_bytes,4440000.0
1791388848,2026-10-08T00:00:48,docker.dev-peer0.org1.example.com-saksi-bulletin_1.0-ee3fe73bad456e43adfc5ba27d9e5a60983b69e8496140308fb21061ecb2ff85.blk_write_bytes,0.0
1791388848,2026-10-08T00:00:48,docker.dev-peer0.org2.example.com-saksi-bulletin_1.0-ee3fe73bad456e43adfc5ba27d9e5a60983b69e8496140308fb21061ecb2ff85.cpu_pct,0.0
1791388848,2026-10-08T00:00:48,docker.dev-peer0.org2.example.com-saksi-bulletin_1.0-ee3fe73bad456e43adfc5ba27d9e5a60983b69e8496140308fb21061ecb2ff85.mem_bytes,6779043.84
1791388848,2026-10-08T00:00:48,docker.dev-peer0.org2.example.com-saksi-bulletin_1.0-ee3fe73bad456e43adfc5ba27d9e5a60983b69e8496140308fb21061ecb2ff85.blk_read_bytes,0.0
1791388848,2026-10-08T00:00:48,docker.dev-peer0.org2.example.com-saksi-bulletin_1.0-ee3fe73bad456e43adfc5ba27d9e5a60983b69e8496140308fb21061ecb2ff85.blk_write_bytes,0.0
1791388848,2026-10-08T00:00:48,docker.peer0.org1.example.com.cpu_pct,4.72
1791388848,2026-10-08T00:00:48,docker.peer0.org1.example.com.mem_bytes,1898375544.832
1791388848,2026-10-08T00:00:48,docker.peer0.org1.example.com.blk_read_bytes,1580000000.0
1791388848,2026-10-08T00:00:48,docker.peer0.org1.example.com.blk_write_bytes,58500000000.0
1791388848,2026-10-08T00:00:48,docker.orderer.example.com.cpu_pct,0.06
1791388848,2026-10-08T00:00:48,docker.orderer.example.com.mem_bytes,4534411722.752
1791388848,2026-10-08T00:00:48,docker.orderer.example.com.blk_read_bytes,9500000.0
1791388848,2026-10-08T00:00:48,docker.orderer.example.com.blk_write_bytes,9220000000.0
1791388848,2026-10-08T00:00:48,docker.peer0.org2.example.com.cpu_pct,1.92
1791388848,2026-10-08T00:00:48,docker.peer0.org2.example.com.mem_bytes,276090060.8
1791388848,2026-10-08T00:00:48,docker.peer0.org2.example.com.blk_read_bytes,1680000.0
1791388848,2026-10-08T00:00:48,docker.peer0.org2.example.com.blk_write_bytes,57700000000.0
1791388848,2026-10-08T00:00:48,wsl.MemTotal_kb,24608408
1791388848,2026-10-08T00:00:48,wsl.MemAvailable_kb,22500136
1791388848,2026-10-08T00:00:48,wsl.SwapTotal_kb,0
1791388848,2026-10-08T00:00:48,wsl.SwapFree_kb,0
1791388848,2026-10-08T00:00:48,wsl.Dirty_kb,24
1791388848,2026-10-08T00:00:48,wsl.load1,14.97
1791388848,2026-10-08T00:00:48,wsl.load5,9.51
1791388848,2026-10-08T00:00:48,host.c_free_bytes,29742145536
1791388848,2026-10-08T00:00:48,host.q_free_bytes,318221250560
1791388848,2026-10-08T00:00:48,host.docker_vhdx_bytes,79601598464
1791388848,2026-10-08T00:00:48,host.ubuntu_vhdx_bytes,212983611392
1791388848,2026-10-08T00:00:48,win.Processor(_Total)\% Processor Time,93.210453
1791388848,2026-10-08T00:00:48,win.Memory\Available MBytes,456.0
1791388848,2026-10-08T00:00:48,win.PhysicalDisk(0 C:)\% Disk Time,394.270346
1791388848,2026-10-08T00:00:48,win.PhysicalDisk(1 Q:)\% Disk Time,0.0
1791388848,2026-10-08T00:00:48,win.PhysicalDisk(_Total)\% Disk Time,197.135173
1791388848,2026-10-08T00:00:48,win.PhysicalDisk(0 C:)\Current Disk Queue Length,1.0
1791388848,2026-10-08T00:00:48,win.PhysicalDisk(1 Q:)\Current Disk Queue Length,0.0
1791388848,2026-10-08T00:00:48,win.PhysicalDisk(_Total)\Current Disk Queue Length,1.0
1791388848,2026-10-08T00:00:48,win.Process(vmmemWSL)\% Processor Time,1133.863964
1791388858,2026-10-08T00:00:58,docker.dev-peer0.org1.example.com-saksi-bulletin_1.0-ee3fe73bad456e43adfc5ba27d9e5a60983b69e8496140308fb21061ecb2ff85.cpu_pct,0.0
1791388858,2026-10-08T00:00:58,docker.dev-peer0.org1.example.com-saksi-bulletin_1.0-ee3fe73bad456e43adfc5ba27d9e5a60983b69e8496140308fb21061ecb2ff85.mem_bytes,32013025.28
1791388858,2026-10-08T00:00:58,docker.dev-peer0.org1.example.com-saksi-bulletin_1.0-ee3fe73bad456e43adfc5ba27d9e5a60983b69e8496140308fb21061ecb2ff85.blk_read_bytes,4440000.0
1791388858,2026-10-08T00:00:58,docker.dev-peer0.org1.example.com-saksi-bulletin_1.0-ee3fe73bad456e43adfc5ba27d9e5a60983b69e8496140308fb21061ecb2ff85.blk_write_bytes,0.0
1791388858,2026-10-08T00:00:58,docker.dev-peer0.org2.example.com-saksi-bulletin_1.0-ee3fe73bad456e43adfc5ba27d9e5a60983b69e8496140308fb21061ecb2ff85.cpu_pct,0.0
1791388858,2026-10-08T00:00:58,docker.dev-peer0.org2.example.com-saksi-bulletin_1.0-ee3fe73bad456e43adfc5ba27d9e5a60983b69e8496140308fb21061ecb2ff85.mem_bytes,7036993.536
1791388858,2026-10-08T00:00:58,docker.dev-peer0.org2.example.com-saksi-bulletin_1.0-ee3fe73bad456e43adfc5ba27d9e5a60983b69e8496140308fb21061ecb2ff85.blk_read_bytes,0.0
1791388858,2026-10-08T00:00:58,docker.dev-peer0.org2.example.com-saksi-bulletin_1.0-ee3fe73bad456e43adfc5ba27d9e5a60983b69e8496140308fb21061ecb2ff85.blk_write_bytes,0.0
1791388858,2026-10-08T00:00:58,docker.peer0.org1.example.com.cpu_pct,2.04
1791388858,2026-10-08T00:00:58,docker.peer0.org1.example.com.mem_bytes,1898375544.832
1791388858,2026-10-08T00:00:58,docker.peer0.org1.example.com.blk_read_bytes,1580000000.0
1791388858,2026-10-08T00:00:58,docker.peer0.org1.example.com.blk_write_bytes,58500000000.0
1791388858,2026-10-08T00:00:58,docker.orderer.example.com.cpu_pct,0.05
1791388858,2026-10-08T00:00:58,docker.orderer.example.com.mem_bytes,4534411722.752
1791388858,2026-10-08T00:00:58,docker.orderer.example.com.blk_read_bytes,9500000.0
1791388858,2026-10-08T00:00:58,docker.orderer.example.com.blk_write_bytes,9220000000.0
1791388858,2026-10-08T00:00:58,docker.peer0.org2.example.com.cpu_pct,1.39
1791388858,2026-10-08T00:00:58,docker.peer0.org2.example.com.mem_bytes,276090060.8
1791388858,2026-10-08T00:00:58,docker.peer0.org2.example.com.blk_read_bytes,1680000.0
1791388858,2026-10-08T00:00:58,docker.peer0.org2.example.com.blk_write_bytes,57700000000.0
1791388858,2026-10-08T00:00:58,wsl.MemTotal_kb,24608408
1791388858,2026-10-08T00:00:58,wsl.MemAvailable_kb,22481372
1791388858,2026-10-08T00:00:58,wsl.SwapTotal_kb,0
1791388858,2026-10-08T00:00:58,wsl.SwapFree_kb,0
1791388858,2026-10-08T00:00:58,wsl.Dirty_kb,40
1791388858,2026-10-08T00:00:58,wsl.load1,14.18
1791388858,2026-10-08T00:00:58,wsl.load5,9.52
1791388858,2026-10-08T00:00:58,host.c_free_bytes,29742854144
1791388858,2026-10-08T00:00:58,host.q_free_bytes,318221250560
1791388858,2026-10-08T00:00:58,host.docker_vhdx_bytes,79601598464
1791388858,2026-10-08T00:00:58,host.ubuntu_vhdx_bytes,212983611392
1791388858,2026-10-08T00:00:58,win.Processor(_Total)\% Processor Time,89.939546
1791388858,2026-10-08T00:00:58,win.Memory\Available MBytes,567.0
1791388858,2026-10-08T00:00:58,win.PhysicalDisk(0 C:)\% Disk Time,71.344176
1791388858,2026-10-08T00:00:58,win.PhysicalDisk(1 Q:)\% Disk Time,0.0
1791388858,2026-10-08T00:00:58,win.PhysicalDisk(_Total)\% Disk Time,35.672088
1791388858,2026-10-08T00:00:58,win.PhysicalDisk(0 C:)\Current Disk Queue Length,0.0
1791388858,2026-10-08T00:00:58,win.PhysicalDisk(1 Q:)\Current Disk Queue Length,0.0
1791388858,2026-10-08T00:00:58,win.PhysicalDisk(_Total)\Current Disk Queue Length,0.0
1791388858,2026-10-08T00:00:58,win.Process(vmmemWSL)\% Processor Time,1081.849699
1791388868,2026-10-08T00:01:08,docker.dev-peer0.org1.example.com-saksi-bulletin_1.0-ee3fe73bad456e43adfc5ba27d9e5a60983b69e8496140308fb21061ecb2ff85.cpu_pct,0.0
1791388868,2026-10-08T00:01:08,docker.dev-peer0.org1.example.com-saksi-bulletin_1.0-ee3fe73bad456e43adfc5ba27d9e5a60983b69e8496140308fb21061ecb2ff85.mem_bytes,31792824.32
1791388868,2026-10-08T00:01:08,docker.dev-peer0.org1.example.com-saksi-bulletin_1.0-ee3fe73bad456e43adfc5ba27d9e5a60983b69e8496140308fb21061ecb2ff85.blk_read_bytes,4440000.0
1791388868,2026-10-08T00:01:08,docker.dev-peer0.org1.example.com-saksi-bulletin_1.0-ee3fe73bad456e43adfc5ba27d9e5a60983b69e8496140308fb21061ecb2ff85.blk_write_bytes,0.0
1791388868,2026-10-08T00:01:08,docker.dev-peer0.org2.example.com-saksi-bulletin_1.0-ee3fe73bad456e43adfc5ba27d9e5a60983b69e8496140308fb21061ecb2ff85.cpu_pct,0.0
1791388868,2026-10-08T00:01:08,docker.dev-peer0.org2.example.com-saksi-bulletin_1.0-ee3fe73bad456e43adfc5ba27d9e5a60983b69e8496140308fb21061ecb2ff85.mem_bytes,7036993.536
1791388868,2026-10-08T00:01:08,docker.dev-peer0.org2.example.com-saksi-bulletin_1.0-ee3fe73bad456e43adfc5ba27d9e5a60983b69e8496140308fb21061ecb2ff85.blk_read_bytes,0.0
1791388868,2026-10-08T00:01:08,docker.dev-peer0.org2.example.com-saksi-bulletin_1.0-ee3fe73bad456e43adfc5ba27d9e5a60983b69e8496140308fb21061ecb2ff85.blk_write_bytes,0.0
1791388868,2026-10-08T00:01:08,docker.peer0.org1.example.com.cpu_pct,2.11
1791388868,2026-10-08T00:01:08,docker.peer0.org1.example.com.mem_bytes,1898375544.832
1791388868,2026-10-08T00:01:08,docker.peer0.org1.example.com.blk_read_bytes,1580000000.0
1791388868,2026-10-08T00:01:08,docker.peer0.org1.example.com.blk_write_bytes,58500000000.0
1791388868,2026-10-08T00:01:08,docker.orderer.example.com.cpu_pct,0.06
1791388868,2026-10-08T00:01:08,docker.orderer.example.com.mem_bytes,4534411722.752
1791388868,2026-10-08T00:01:08,docker.orderer.example.com.blk_read_bytes,9500000.0
1791388868,2026-10-08T00:01:08,docker.orderer.example.com.blk_write_bytes,9220000000.0
1791388868,2026-10-08T00:01:08,docker.peer0.org2.example.com.cpu_pct,2.42
1791388868,2026-10-08T00:01:08,docker.peer0.org2.example.com.mem_bytes,276090060.8
1791388868,2026-10-08T00:01:08,docker.peer0.org2.example.com.blk_read_bytes,1680000.0
1791388868,2026-10-08T00:01:08,docker.peer0.org2.example.com.blk_write_bytes,57700000000.0
1791388868,2026-10-08T00:01:08,wsl.MemTotal_kb,24608408
1791388868,2026-10-08T00:01:08,wsl.MemAvailable_kb,22483336
1791388868,2026-10-08T00:01:08,wsl.SwapTotal_kb,0
1791388868,2026-10-08T00:01:08,wsl.SwapFree_kb,0
1791388868,2026-10-08T00:01:08,wsl.Dirty_kb,40
1791388868,2026-10-08T00:01:08,wsl.load1,14.46
1791388868,2026-10-08T00:01:08,wsl.load5,9.73
1791388868,2026-10-08T00:01:08,host.c_free_bytes,29742395392
1791388868,2026-10-08T00:01:08,host.q_free_bytes,318221250560
1791388868,2026-10-08T00:01:08,host.docker_vhdx_bytes,79601598464
1791388868,2026-10-08T00:01:08,host.ubuntu_vhdx_bytes,212983611392
1791388868,2026-10-08T00:01:08,win.Processor(_Total)\% Processor Time,88.359366
1791388868,2026-10-08T00:01:08,win.Memory\Available MBytes,607.0
1791388868,2026-10-08T00:01:08,win.PhysicalDisk(0 C:)\% Disk Time,16.180893
1791388868,2026-10-08T00:01:08,win.PhysicalDisk(1 Q:)\% Disk Time,0.0
1791388868,2026-10-08T00:01:08,win.PhysicalDisk(_Total)\% Disk Time,8.090447
1791388868,2026-10-08T00:01:08,win.PhysicalDisk(0 C:)\Current Disk Queue Length,0.0
1791388868,2026-10-08T00:01:08,win.PhysicalDisk(1 Q:)\Current Disk Queue Length,0.0
1791388868,2026-10-08T00:01:08,win.PhysicalDisk(_Total)\Current Disk Queue Length,0.0
1791388868,2026-10-08T00:01:08,win.Process(vmmemWSL)\% Processor Time,1143.862923
1791388878,2026-10-08T00:01:18,docker.dev-peer0.org1.example.com-saksi-bulletin_1.0-ee3fe73bad456e43adfc5ba27d9e5a60983b69e8496140308fb21061ecb2ff85.cpu_pct,0.0
1791388878,2026-10-08T00:01:18,docker.dev-peer0.org1.example.com-saksi-bulletin_1.0-ee3fe73bad456e43adfc5ba27d9e5a60983b69e8496140308fb21061ecb2ff85.mem_bytes,17972592.64
1791388878,2026-10-08T00:01:18,docker.dev-peer0.org1.example.com-saksi-bulletin_1.0-ee3fe73bad456e43adfc5ba27d9e5a60983b69e8496140308fb21061ecb2ff85.blk_read_bytes,4440000.0
1791388878,2026-10-08T00:01:18,docker.dev-peer0.org1.example.com-saksi-bulletin_1.0-ee3fe73bad456e43adfc5ba27d9e5a60983b69e8496140308fb21061ecb2ff85.blk_write_bytes,0.0
1791388878,2026-10-08T00:01:18,docker.dev-peer0.org2.example.com-saksi-bulletin_1.0-ee3fe73bad456e43adfc5ba27d9e5a60983b69e8496140308fb21061ecb2ff85.cpu_pct,0.0
1791388878,2026-10-08T00:01:18,docker.dev-peer0.org2.example.com-saksi-bulletin_1.0-ee3fe73bad456e43adfc5ba27d9e5a60983b69e8496140308fb21061ecb2ff85.mem_bytes,6779043.84
1791388878,2026-10-08T00:01:18,docker.dev-peer0.org2.example.com-saksi-bulletin_1.0-ee3fe73bad456e43adfc5ba27d9e5a60983b69e8496140308fb21061ecb2ff85.blk_read_bytes,0.0
1791388878,2026-10-08T00:01:18,docker.dev-peer0.org2.example.com-saksi-bulletin_1.0-ee3fe73bad456e43adfc5ba27d9e5a60983b69e8496140308fb21061ecb2ff85.blk_write_bytes,0.0
1791388878,2026-10-08T00:01:18,docker.peer0.org1.example.com.cpu_pct,1.96
1791388878,2026-10-08T00:01:18,docker.peer0.org1.example.com.mem_bytes,1898375544.832
1791388878,2026-10-08T00:01:18,docker.peer0.org1.example.com.blk_read_bytes,1580000000.0
1791388878,2026-10-08T00:01:18,docker.peer0.org1.example.com.blk_write_bytes,58500000000.0
1791388878,2026-10-08T00:01:18,docker.orderer.example.com.cpu_pct,0.05
1791388878,2026-10-08T00:01:18,docker.orderer.example.com.mem_bytes,4534411722.752
1791388878,2026-10-08T00:01:18,docker.orderer.example.com.blk_read_bytes,9500000.0
1791388878,2026-10-08T00:01:18,docker.orderer.example.com.blk_write_bytes,9220000000.0
1791388878,2026-10-08T00:01:18,docker.peer0.org2.example.com.cpu_pct,1.63
1791388878,2026-10-08T00:01:18,docker.peer0.org2.example.com.mem_bytes,275775488.0
1791388878,2026-10-08T00:01:18,docker.peer0.org2.example.com.blk_read_bytes,1680000.0
1791388878,2026-10-08T00:01:18,docker.peer0.org2.example.com.blk_write_bytes,57700000000.0
1791388878,2026-10-08T00:01:18,wsl.MemTotal_kb,24608408
1791388878,2026-10-08T00:01:18,wsl.MemAvailable_kb,22482892
1791388878,2026-10-08T00:01:18,wsl.SwapTotal_kb,0
1791388878,2026-10-08T00:01:18,wsl.SwapFree_kb,0
1791388878,2026-10-08T00:01:18,wsl.Dirty_kb,0
1791388878,2026-10-08T00:01:18,wsl.load1,13.5
1791388878,2026-10-08T00:01:18,wsl.load5,9.69
1791388878,2026-10-08T00:01:18,host.c_free_bytes,29742120960
1791388878,2026-10-08T00:01:18,host.q_free_bytes,318221250560
1791388878,2026-10-08T00:01:18,host.docker_vhdx_bytes,79601598464
1791388878,2026-10-08T00:01:18,host.ubuntu_vhdx_bytes,212983611392
1791388878,2026-10-08T00:01:18,win.Processor(_Total)\% Processor Time,89.583505
1791388878,2026-10-08T00:01:18,win.Memory\Available MBytes,678.0
1791388878,2026-10-08T00:01:18,win.PhysicalDisk(0 C:)\% Disk Time,13.289667
1791388878,2026-10-08T00:01:18,win.PhysicalDisk(1 Q:)\% Disk Time,0.0
1791388878,2026-10-08T00:01:18,win.PhysicalDisk(_Total)\% Disk Time,6.644834
1791388878,2026-10-08T00:01:18,win.PhysicalDisk(0 C:)\Current Disk Queue Length,0.0
1791388878,2026-10-08T00:01:18,win.PhysicalDisk(1 Q:)\Current Disk Queue Length,0.0
1791388878,2026-10-08T00:01:18,win.PhysicalDisk(_Total)\Current Disk Queue Length,0.0
1791388878,2026-10-08T00:01:18,win.Process(vmmemWSL)\% Processor Time,1163.682388
1791388888,2026-10-08T00:01:28,docker.dev-peer0.org1.example.com-saksi-bulletin_1.0-ee3fe73bad456e43adfc5ba27d9e5a60983b69e8496140308fb21061ecb2ff85.cpu_pct,0.0
1791388888,2026-10-08T00:01:28,docker.dev-peer0.org1.example.com-saksi-bulletin_1.0-ee3fe73bad456e43adfc5ba27d9e5a60983b69e8496140308fb21061ecb2ff85.mem_bytes,17741905.92
1791388888,2026-10-08T00:01:28,docker.dev-peer0.org1.example.com-saksi-bulletin_1.0-ee3fe73bad456e43adfc5ba27d9e5a60983b69e8496140308fb21061ecb2ff85.blk_read_bytes,4440000.0
1791388888,2026-10-08T00:01:28,docker.dev-peer0.org1.example.com-saksi-bulletin_1.0-ee3fe73bad456e43adfc5ba27d9e5a60983b69e8496140308fb21061ecb2ff85.blk_write_bytes,0.0
1791388888,2026-10-08T00:01:28,docker.dev-peer0.org2.example.com-saksi-bulletin_1.0-ee3fe73bad456e43adfc5ba27d9e5a60983b69e8496140308fb21061ecb2ff85.cpu_pct,0.0
1791388888,2026-10-08T00:01:28,docker.dev-peer0.org2.example.com-saksi-bulletin_1.0-ee3fe73bad456e43adfc5ba27d9e5a60983b69e8496140308fb21061ecb2ff85.mem_bytes,6779043.84
1791388888,2026-10-08T00:01:28,docker.dev-peer0.org2.example.com-saksi-bulletin_1.0-ee3fe73bad456e43adfc5ba27d9e5a60983b69e8496140308fb21061ecb2ff85.blk_read_bytes,0.0
1791388888,2026-10-08T00:01:28,docker.dev-peer0.org2.example.com-saksi-bulletin_1.0-ee3fe73bad456e43adfc5ba27d9e5a60983b69e8496140308fb21061ecb2ff85.blk_write_bytes,0.0
1791388888,2026-10-08T00:01:28,docker.peer0.org1.example.com.cpu_pct,2.04
1791388888,2026-10-08T00:01:28,docker.peer0.org1.example.com.mem_bytes,1898375544.832
1791388888,2026-10-08T00:01:28,docker.peer0.org1.example.com.blk_read_bytes,1580000000.0
1791388888,2026-10-08T00:01:28,docker.peer0.org1.example.com.blk_write_bytes,58500000000.0
1791388888,2026-10-08T00:01:28,docker.orderer.example.com.cpu_pct,0.05
1791388888,2026-10-08T00:01:28,docker.orderer.example.com.mem_bytes,4534411722.752
1791388888,2026-10-08T00:01:28,docker.orderer.example.com.blk_read_bytes,9500000.0
1791388888,2026-10-08T00:01:28,docker.orderer.example.com.blk_write_bytes,9220000000.0
1791388888,2026-10-08T00:01:28,docker.peer0.org2.example.com.cpu_pct,1.61
1791388888,2026-10-08T00:01:28,docker.peer0.org2.example.com.mem_bytes,275565772.8
1791388888,2026-10-08T00:01:28,docker.peer0.org2.example.com.blk_read_bytes,1680000.0
1791388888,2026-10-08T00:01:28,docker.peer0.org2.example.com.blk_write_bytes,57700000000.0
1791388888,2026-10-08T00:01:28,wsl.MemTotal_kb,24608408
1791388888,2026-10-08T00:01:28,wsl.MemAvailable_kb,22479728
1791388888,2026-10-08T00:01:28,wsl.SwapTotal_kb,0
1791388888,2026-10-08T00:01:28,wsl.SwapFree_kb,0
1791388888,2026-10-08T00:01:28,wsl.Dirty_kb,28
1791388888,2026-10-08T00:01:28,wsl.load1,14.04
1791388888,2026-10-08T00:01:28,wsl.load5,9.93
1791388888,2026-10-08T00:01:28,host.c_free_bytes,29742653440
1791388888,2026-10-08T00:01:28,host.q_free_bytes,318221250560
1791388888,2026-10-08T00:01:28,host.docker_vhdx_bytes,79601598464
1791388888,2026-10-08T00:01:28,host.ubuntu_vhdx_bytes,212983611392
1791388888,2026-10-08T00:01:28,win.Processor(_Total)\% Processor Time,88.296267
1791388888,2026-10-08T00:01:28,win.Memory\Available MBytes,718.0
1791388888,2026-10-08T00:01:28,win.PhysicalDisk(0 C:)\% Disk Time,11.600999
1791388888,2026-10-08T00:01:28,win.PhysicalDisk(1 Q:)\% Disk Time,0.0
1791388888,2026-10-08T00:01:28,win.PhysicalDisk(_Total)\% Disk Time,5.800499
1791388888,2026-10-08T00:01:28,win.PhysicalDisk(0 C:)\Current Disk Queue Length,0.0
1791388888,2026-10-08T00:01:28,win.PhysicalDisk(1 Q:)\Current Disk Queue Length,0.0
1791388888,2026-10-08T00:01:28,win.PhysicalDisk(_Total)\Current Disk Queue Length,0.0
1791388888,2026-10-08T00:01:28,win.Process(vmmemWSL)\% Processor Time,1145.405365
1791388898,2026-10-08T00:01:38,docker.dev-peer0.org1.example.com-saksi-bulletin_1.0-ee3fe73bad456e43adfc5ba27d9e5a60983b69e8496140308fb21061ecb2ff85.cpu_pct,0.0
1791388898,2026-10-08T00:01:38,docker.dev-peer0.org1.example.com-saksi-bulletin_1.0-ee3fe73bad456e43adfc5ba27d9e5a60983b69e8496140308fb21061ecb2ff85.mem_bytes,17741905.92
1791388898,2026-10-08T00:01:38,docker.dev-peer0.org1.example.com-saksi-bulletin_1.0-ee3fe73bad456e43adfc5ba27d9e5a60983b69e8496140308fb21061ecb2ff85.blk_read_bytes,4440000.0
1791388898,2026-10-08T00:01:38,docker.dev-peer0.org1.example.com-saksi-bulletin_1.0-ee3fe73bad456e43adfc5ba27d9e5a60983b69e8496140308fb21061ecb2ff85.blk_write_bytes,0.0
1791388898,2026-10-08T00:01:38,docker.dev-peer0.org2.example.com-saksi-bulletin_1.0-ee3fe73bad456e43adfc5ba27d9e5a60983b69e8496140308fb21061ecb2ff85.cpu_pct,0.0
1791388898,2026-10-08T00:01:38,docker.dev-peer0.org2.example.com-saksi-bulletin_1.0-ee3fe73bad456e43adfc5ba27d9e5a60983b69e8496140308fb21061ecb2ff85.mem_bytes,6779043.84
1791388898,2026-10-08T00:01:38,docker.dev-peer0.org2.example.com-saksi-bulletin_1.0-ee3fe73bad456e43adfc5ba27d9e5a60983b69e8496140308fb21061ecb2ff85.blk_read_bytes,0.0
1791388898,2026-10-08T00:01:38,docker.dev-peer0.org2.example.com-saksi-bulletin_1.0-ee3fe73bad456e43adfc5ba27d9e5a60983b69e8496140308fb21061ecb2ff85.blk_write_bytes,0.0
1791388898,2026-10-08T00:01:38,docker.peer0.org1.example.com.cpu_pct,2.3
1791388898,2026-10-08T00:01:38,docker.peer0.org1.example.com.mem_bytes,1898375544.832
1791388898,2026-10-08T00:01:38,docker.peer0.org1.example.com.blk_read_bytes,1580000000.0
1791388898,2026-10-08T00:01:38,docker.peer0.org1.example.com.blk_write_bytes,58500000000.0
1791388898,2026-10-08T00:01:38,docker.orderer.example.com.cpu_pct,0.08
1791388898,2026-10-08T00:01:38,docker.orderer.example.com.mem_bytes,4534411722.752
1791388898,2026-10-08T00:01:38,docker.orderer.example.com.blk_read_bytes,9500000.0
1791388898,2026-10-08T00:01:38,docker.orderer.example.com.blk_write_bytes,9220000000.0
1791388898,2026-10-08T00:01:38,docker.peer0.org2.example.com.cpu_pct,1.92
1791388898,2026-10-08T00:01:38,docker.peer0.org2.example.com.mem_bytes,275565772.8
1791388898,2026-10-08T00:01:38,docker.peer0.org2.example.com.blk_read_bytes,1680000.0
1791388898,2026-10-08T00:01:38,docker.peer0.org2.example.com.blk_write_bytes,57700000000.0
1791388898,2026-10-08T00:01:38,wsl.MemTotal_kb,24608408
1791388898,2026-10-08T00:01:38,wsl.MemAvailable_kb,22460248
1791388898,2026-10-08T00:01:38,wsl.SwapTotal_kb,0
1791388898,2026-10-08T00:01:38,wsl.SwapFree_kb,0
1791388898,2026-10-08T00:01:38,wsl.Dirty_kb,28
1791388898,2026-10-08T00:01:38,wsl.load1,14.42
1791388898,2026-10-08T00:01:38,wsl.load5,10.15
1791388898,2026-10-08T00:01:38,host.c_free_bytes,29741948928
1791388898,2026-10-08T00:01:38,host.q_free_bytes,318221250560
1791388898,2026-10-08T00:01:38,host.docker_vhdx_bytes,79601598464
1791388898,2026-10-08T00:01:38,host.ubuntu_vhdx_bytes,212983611392
1791388898,2026-10-08T00:01:38,win.Processor(_Total)\% Processor Time,91.298616
1791388898,2026-10-08T00:01:38,win.Memory\Available MBytes,725.0
1791388898,2026-10-08T00:01:38,win.PhysicalDisk(0 C:)\% Disk Time,13.954952
1791388898,2026-10-08T00:01:38,win.PhysicalDisk(1 Q:)\% Disk Time,0.0
1791388898,2026-10-08T00:01:38,win.PhysicalDisk(_Total)\% Disk Time,6.977476
1791388898,2026-10-08T00:01:38,win.PhysicalDisk(0 C:)\Current Disk Queue Length,0.0
1791388898,2026-10-08T00:01:38,win.PhysicalDisk(1 Q:)\Current Disk Queue Length,0.0
1791388898,2026-10-08T00:01:38,win.PhysicalDisk(_Total)\Current Disk Queue Length,0.0
1791388898,2026-10-08T00:01:38,win.Process(vmmemWSL)\% Processor Time,1145.929441
1791388908,2026-10-08T00:01:48,docker.dev-peer0.org1.example.com-saksi-bulletin_1.0-ee3fe73bad456e43adfc5ba27d9e5a60983b69e8496140308fb21061ecb2ff85.cpu_pct,0.0
1791388908,2026-10-08T00:01:48,docker.dev-peer0.org1.example.com-saksi-bulletin_1.0-ee3fe73bad456e43adfc5ba27d9e5a60983b69e8496140308fb21061ecb2ff85.mem_bytes,17521704.96
1791388908,2026-10-08T00:01:48,docker.dev-peer0.org1.example.com-saksi-bulletin_1.0-ee3fe73bad456e43adfc5ba27d9e5a60983b69e8496140308fb21061ecb2ff85.blk_read_bytes,4440000.0
1791388908,2026-10-08T00:01:48,docker.dev-peer0.org1.example.com-saksi-bulletin_1.0-ee3fe73bad456e43adfc5ba27d9e5a60983b69e8496140308fb21061ecb2ff85.blk_write_bytes,0.0
1791388908,2026-10-08T00:01:48,docker.dev-peer0.org2.example.com-saksi-bulletin_1.0-ee3fe73bad456e43adfc5ba27d9e5a60983b69e8496140308fb21061ecb2ff85.cpu_pct,0.0
1791388908,2026-10-08T00:01:48,docker.dev-peer0.org2.example.com-saksi-bulletin_1.0-ee3fe73bad456e43adfc5ba27d9e5a60983b69e8496140308fb21061ecb2ff85.mem_bytes,6779043.84
1791388908,2026-10-08T00:01:48,docker.dev-peer0.org2.example.com-saksi-bulletin_1.0-ee3fe73bad456e43adfc5ba27d9e5a60983b69e8496140308fb21061ecb2ff85.blk_read_bytes,0.0
1791388908,2026-10-08T00:01:48,docker.dev-peer0.org2.example.com-saksi-bulletin_1.0-ee3fe73bad456e43adfc5ba27d9e5a60983b69e8496140308fb21061ecb2ff85.blk_write_bytes,0.0
1791388908,2026-10-08T00:01:48,docker.peer0.org1.example.com.cpu_pct,1.57
1791388908,2026-10-08T00:01:48,docker.peer0.org1.example.com.mem_bytes,1898375544.832
1791388908,2026-10-08T00:01:48,docker.peer0.org1.example.com.blk_read_bytes,1580000000.0
1791388908,2026-10-08T00:01:48,docker.peer0.org1.example.com.blk_write_bytes,58500000000.0
1791388908,2026-10-08T00:01:48,docker.orderer.example.com.cpu_pct,0.05
1791388908,2026-10-08T00:01:48,docker.orderer.example.com.mem_bytes,4534411722.752
1791388908,2026-10-08T00:01:48,docker.orderer.example.com.blk_read_bytes,9500000.0
1791388908,2026-10-08T00:01:48,docker.orderer.example.com.blk_write_bytes,9220000000.0
1791388908,2026-10-08T00:01:48,docker.peer0.org2.example.com.cpu_pct,1.56
1791388908,2026-10-08T00:01:48,docker.peer0.org2.example.com.mem_bytes,275775488.0
1791388908,2026-10-08T00:01:48,docker.peer0.org2.example.com.blk_read_bytes,1680000.0
1791388908,2026-10-08T00:01:48,docker.peer0.org2.example.com.blk_write_bytes,57700000000.0
1791388908,2026-10-08T00:01:48,wsl.MemTotal_kb,24608408
1791388908,2026-10-08T00:01:48,wsl.MemAvailable_kb,22463192
1791388908,2026-10-08T00:01:48,wsl.SwapTotal_kb,0
1791388908,2026-10-08T00:01:48,wsl.SwapFree_kb,0
1791388908,2026-10-08T00:01:48,wsl.Dirty_kb,124
1791388908,2026-10-08T00:01:48,wsl.load1,14.9
1791388908,2026-10-08T00:01:48,wsl.load5,10.39
1791388908,2026-10-08T00:01:48,host.c_free_bytes,29741748224
1791388908,2026-10-08T00:01:48,host.q_free_bytes,318221250560
1791388908,2026-10-08T00:01:48,host.docker_vhdx_bytes,79601598464
1791388908,2026-10-08T00:01:48,host.ubuntu_vhdx_bytes,212983611392
1791388908,2026-10-08T00:01:48,win.Processor(_Total)\% Processor Time,89.793907
1791388908,2026-10-08T00:01:48,win.Memory\Available MBytes,717.0
1791388908,2026-10-08T00:01:48,win.PhysicalDisk(0 C:)\% Disk Time,15.527875
1791388908,2026-10-08T00:01:48,win.PhysicalDisk(1 Q:)\% Disk Time,0.0
1791388908,2026-10-08T00:01:48,win.PhysicalDisk(_Total)\% Disk Time,7.763938
1791388908,2026-10-08T00:01:48,win.PhysicalDisk(0 C:)\Current Disk Queue Length,0.0
1791388908,2026-10-08T00:01:48,win.PhysicalDisk(1 Q:)\Current Disk Queue Length,0.0
1791388908,2026-10-08T00:01:48,win.PhysicalDisk(_Total)\Current Disk Queue Length,0.0
1791388908,2026-10-08T00:01:48,win.Process(vmmemWSL)\% Processor Time,1133.275229
1791388918,2026-10-08T00:01:58,docker.dev-peer0.org1.example.com-saksi-bulletin_1.0-ee3fe73bad456e43adfc5ba27d9e5a60983b69e8496140308fb21061ecb2ff85.cpu_pct,0.0
1791388918,2026-10-08T00:01:58,docker.dev-peer0.org1.example.com-saksi-bulletin_1.0-ee3fe73bad456e43adfc5ba27d9e5a60983b69e8496140308fb21061ecb2ff85.mem_bytes,17521704.96
1791388918,2026-10-08T00:01:58,docker.dev-peer0.org1.example.com-saksi-bulletin_1.0-ee3fe73bad456e43adfc5ba27d9e5a60983b69e8496140308fb21061ecb2ff85.blk_read_bytes,4440000.0
1791388918,2026-10-08T00:01:58,docker.dev-peer0.org1.example.com-saksi-bulletin_1.0-ee3fe73bad456e43adfc5ba27d9e5a60983b69e8496140308fb21061ecb2ff85.blk_write_bytes,0.0
1791388918,2026-10-08T00:01:58,docker.dev-peer0.org2.example.com-saksi-bulletin_1.0-ee3fe73bad456e43adfc5ba27d9e5a60983b69e8496140308fb21061ecb2ff85.cpu_pct,0.0
1791388918,2026-10-08T00:01:58,docker.dev-peer0.org2.example.com-saksi-bulletin_1.0-ee3fe73bad456e43adfc5ba27d9e5a60983b69e8496140308fb21061ecb2ff85.mem_bytes,7041187.84
1791388918,2026-10-08T00:01:58,docker.dev-peer0.org2.example.com-saksi-bulletin_1.0-ee3fe73bad456e43adfc5ba27d9e5a60983b69e8496140308fb21061ecb2ff85.blk_read_bytes,0.0
1791388918,2026-10-08T00:01:58,docker.dev-peer0.org2.example.com-saksi-bulletin_1.0-ee3fe73bad456e43adfc5ba27d9e5a60983b69e8496140308fb21061ecb2ff85.blk_write_bytes,0.0
1791388918,2026-10-08T00:01:58,docker.peer0.org1.example.com.cpu_pct,1.27
1791388918,2026-10-08T00:01:58,docker.peer0.org1.example.com.mem_bytes,1898375544.832
1791388918,2026-10-08T00:01:58,docker.peer0.org1.example.com.blk_read_bytes,1580000000.0
1791388918,2026-10-08T00:01:58,docker.peer0.org1.example.com.blk_write_bytes,58500000000.0
1791388918,2026-10-08T00:01:58,docker.orderer.example.com.cpu_pct,0.06
1791388918,2026-10-08T00:01:58,docker.orderer.example.com.mem_bytes,4534411722.752
1791388918,2026-10-08T00:01:58,docker.orderer.example.com.blk_read_bytes,9500000.0
1791388918,2026-10-08T00:01:58,docker.orderer.example.com.blk_write_bytes,9220000000.0
1791388918,2026-10-08T00:01:58,docker.peer0.org2.example.com.cpu_pct,1.59
1791388918,2026-10-08T00:01:58,docker.peer0.org2.example.com.mem_bytes,275565772.8
1791388918,2026-10-08T00:01:58,docker.peer0.org2.example.com.blk_read_bytes,1680000.0
1791388918,2026-10-08T00:01:58,docker.peer0.org2.example.com.blk_write_bytes,57700000000.0
1791388918,2026-10-08T00:01:58,wsl.MemTotal_kb,24608408
1791388918,2026-10-08T00:01:58,wsl.MemAvailable_kb,22456040
1791388918,2026-10-08T00:01:58,wsl.SwapTotal_kb,0
1791388918,2026-10-08T00:01:58,wsl.SwapFree_kb,0
1791388918,2026-10-08T00:01:58,wsl.Dirty_kb,100
1791388918,2026-10-08T00:01:58,wsl.load1,13.87
1791388918,2026-10-08T00:01:58,wsl.load5,10.33
1791388918,2026-10-08T00:01:58,host.c_free_bytes,29742530560
1791388918,2026-10-08T00:01:58,host.q_free_bytes,318221250560
1791388918,2026-10-08T00:01:58,host.docker_vhdx_bytes,79601598464
1791388918,2026-10-08T00:01:58,host.ubuntu_vhdx_bytes,212983611392
1791388918,2026-10-08T00:01:58,win.Processor(_Total)\% Processor Time,89.282818
1791388918,2026-10-08T00:01:58,win.Memory\Available MBytes,673.0
1791388918,2026-10-08T00:01:58,win.PhysicalDisk(0 C:)\% Disk Time,33.43757
1791388918,2026-10-08T00:01:58,win.PhysicalDisk(1 Q:)\% Disk Time,0.0
1791388918,2026-10-08T00:01:58,win.PhysicalDisk(_Total)\% Disk Time,16.718785
1791388918,2026-10-08T00:01:58,win.PhysicalDisk(0 C:)\Current Disk Queue Length,0.0
1791388918,2026-10-08T00:01:58,win.PhysicalDisk(1 Q:)\Current Disk Queue Length,0.0
1791388918,2026-10-08T00:01:58,win.PhysicalDisk(_Total)\Current Disk Queue Length,0.0
1791388918,2026-10-08T00:01:58,win.Process(vmmemWSL)\% Processor Time,1159.170447
1791388928,2026-10-08T00:02:08,docker.dev-peer0.org1.example.com-saksi-bulletin_1.0-ee3fe73bad456e43adfc5ba27d9e5a60983b69e8496140308fb21061ecb2ff85.cpu_pct,0.0
1791388928,2026-10-08T00:02:08,docker.dev-peer0.org1.example.com-saksi-bulletin_1.0-ee3fe73bad456e43adfc5ba27d9e5a60983b69e8496140308fb21061ecb2ff85.mem_bytes,17521704.96
1791388928,2026-10-08T00:02:08,docker.dev-peer0.org1.example.com-saksi-bulletin_1.0-ee3fe73bad456e43adfc5ba27d9e5a60983b69e8496140308fb21061ecb2ff85.blk_read_bytes,4440000.0
1791388928,2026-10-08T00:02:08,docker.dev-peer0.org1.example.com-saksi-bulletin_1.0-ee3fe73bad456e43adfc5ba27d9e5a60983b69e8496140308fb21061ecb2ff85.blk_write_bytes,0.0
1791388928,2026-10-08T00:02:08,docker.dev-peer0.org2.example.com-saksi-bulletin_1.0-ee3fe73bad456e43adfc5ba27d9e5a60983b69e8496140308fb21061ecb2ff85.cpu_pct,0.0
1791388928,2026-10-08T00:02:08,docker.dev-peer0.org2.example.com-saksi-bulletin_1.0-ee3fe73bad456e43adfc5ba27d9e5a60983b69e8496140308fb21061ecb2ff85.mem_bytes,7041187.84
1791388928,2026-10-08T00:02:08,docker.dev-peer0.org2.example.com-saksi-bulletin_1.0-ee3fe73bad456e43adfc5ba27d9e5a60983b69e8496140308fb21061ecb2ff85.blk_read_bytes,0.0
1791388928,2026-10-08T00:02:08,docker.dev-peer0.org2.example.com-saksi-bulletin_1.0-ee3fe73bad456e43adfc5ba27d9e5a60983b69e8496140308fb21061ecb2ff85.blk_write_bytes,0.0
1791388928,2026-10-08T00:02:08,docker.peer0.org1.example.com.cpu_pct,2.04
1791388928,2026-10-08T00:02:08,docker.peer0.org1.example.com.mem_bytes,1898375544.832
1791388928,2026-10-08T00:02:08,docker.peer0.org1.example.com.blk_read_bytes,1580000000.0
1791388928,2026-10-08T00:02:08,docker.peer0.org1.example.com.blk_write_bytes,58500000000.0
1791388928,2026-10-08T00:02:08,docker.orderer.example.com.cpu_pct,1.18
1791388928,2026-10-08T00:02:08,docker.orderer.example.com.mem_bytes,4534411722.752
1791388928,2026-10-08T00:02:08,docker.orderer.example.com.blk_read_bytes,9500000.0
1791388928,2026-10-08T00:02:08,docker.orderer.example.com.blk_write_bytes,9220000000.0
1791388928,2026-10-08T00:02:08,docker.peer0.org2.example.com.cpu_pct,2.24
1791388928,2026-10-08T00:02:08,docker.peer0.org2.example.com.mem_bytes,275565772.8
1791388928,2026-10-08T00:02:08,docker.peer0.org2.example.com.blk_read_bytes,1680000.0
1791388928,2026-10-08T00:02:08,docker.peer0.org2.example.com.blk_write_bytes,57700000000.0
1791388928,2026-10-08T00:02:08,wsl.MemTotal_kb,24608408
1791388928,2026-10-08T00:02:08,wsl.MemAvailable_kb,22457272
1791388928,2026-10-08T00:02:08,wsl.SwapTotal_kb,0
1791388928,2026-10-08T00:02:08,wsl.SwapFree_kb,0
1791388928,2026-10-08T00:02:08,wsl.Dirty_kb,124
1791388928,2026-10-08T00:02:08,wsl.load1,13.0
1791388928,2026-10-08T00:02:08,wsl.load5,10.26
1791388928,2026-10-08T00:02:08,host.c_free_bytes,29742022656
1791388928,2026-10-08T00:02:08,host.q_free_bytes,318221250560
1791388928,2026-10-08T00:02:08,host.docker_vhdx_bytes,79601598464
1791388928,2026-10-08T00:02:08,host.ubuntu_vhdx_bytes,212983611392
1791388928,2026-10-08T00:02:08,win.Processor(_Total)\% Processor Time,89.741092
1791388928,2026-10-08T00:02:08,win.Memory\Available MBytes,719.0
1791388928,2026-10-08T00:02:08,win.PhysicalDisk(0 C:)\% Disk Time,17.823206
1791388928,2026-10-08T00:02:08,win.PhysicalDisk(1 Q:)\% Disk Time,0.0
1791388928,2026-10-08T00:02:08,win.PhysicalDisk(_Total)\% Disk Time,8.911603
1791388928,2026-10-08T00:02:08,win.PhysicalDisk(0 C:)\Current Disk Queue Length,1.0
1791388928,2026-10-08T00:02:08,win.PhysicalDisk(1 Q:)\Current Disk Queue Length,0.0
1791388928,2026-10-08T00:02:08,win.PhysicalDisk(_Total)\Current Disk Queue Length,1.0
1791388928,2026-10-08T00:02:08,win.Process(vmmemWSL)\% Processor Time,1175.185734
1791388938,2026-10-08T00:02:18,docker.dev-peer0.org1.example.com-saksi-bulletin_1.0-ee3fe73bad456e43adfc5ba27d9e5a60983b69e8496140308fb21061ecb2ff85.cpu_pct,0.0
1791388938,2026-10-08T00:02:18,docker.dev-peer0.org1.example.com-saksi-bulletin_1.0-ee3fe73bad456e43adfc5ba27d9e5a60983b69e8496140308fb21061ecb2ff85.mem_bytes,17521704.96
1791388938,2026-10-08T00:02:18,docker.dev-peer0.org1.example.com-saksi-bulletin_1.0-ee3fe73bad456e43adfc5ba27d9e5a60983b69e8496140308fb21061ecb2ff85.blk_read_bytes,4440000.0
1791388938,2026-10-08T00:02:18,docker.dev-peer0.org1.example.com-saksi-bulletin_1.0-ee3fe73bad456e43adfc5ba27d9e5a60983b69e8496140308fb21061ecb2ff85.blk_write_bytes,0.0
1791388938,2026-10-08T00:02:18,docker.dev-peer0.org2.example.com-saksi-bulletin_1.0-ee3fe73bad456e43adfc5ba27d9e5a60983b69e8496140308fb21061ecb2ff85.cpu_pct,0.0
1791388938,2026-10-08T00:02:18,docker.dev-peer0.org2.example.com-saksi-bulletin_1.0-ee3fe73bad456e43adfc5ba27d9e5a60983b69e8496140308fb21061ecb2ff85.mem_bytes,7041187.84
1791388938,2026-10-08T00:02:18,docker.dev-peer0.org2.example.com-saksi-bulletin_1.0-ee3fe73bad456e43adfc5ba27d9e5a60983b69e8496140308fb21061ecb2ff85.blk_read_bytes,0.0
1791388938,2026-10-08T00:02:18,docker.dev-peer0.org2.example.com-saksi-bulletin_1.0-ee3fe73bad456e43adfc5ba27d9e5a60983b69e8496140308fb21061ecb2ff85.blk_write_bytes,0.0
1791388938,2026-10-08T00:02:18,docker.peer0.org1.example.com.cpu_pct,1.63
1791388938,2026-10-08T00:02:18,docker.peer0.org1.example.com.mem_bytes,1898375544.832
1791388938,2026-10-08T00:02:18,docker.peer0.org1.example.com.blk_read_bytes,1580000000.0
1791388938,2026-10-08T00:02:18,docker.peer0.org1.example.com.blk_write_bytes,58500000000.0
1791388938,2026-10-08T00:02:18,docker.orderer.example.com.cpu_pct,0.08
1791388938,2026-10-08T00:02:18,docker.orderer.example.com.mem_bytes,4534411722.752
1791388938,2026-10-08T00:02:18,docker.orderer.example.com.blk_read_bytes,9500000.0
1791388938,2026-10-08T00:02:18,docker.orderer.example.com.blk_write_bytes,9220000000.0
1791388938,2026-10-08T00:02:18,docker.peer0.org2.example.com.cpu_pct,2.34
1791388938,2026-10-08T00:02:18,docker.peer0.org2.example.com.mem_bytes,275356057.6
1791388938,2026-10-08T00:02:18,docker.peer0.org2.example.com.blk_read_bytes,1680000.0
1791388938,2026-10-08T00:02:18,docker.peer0.org2.example.com.blk_write_bytes,57700000000.0
1791388938,2026-10-08T00:02:18,wsl.MemTotal_kb,24608408
1791388938,2026-10-08T00:02:18,wsl.MemAvailable_kb,22474560
1791388938,2026-10-08T00:02:18,wsl.SwapTotal_kb,0
1791388938,2026-10-08T00:02:18,wsl.SwapFree_kb,0
1791388938,2026-10-08T00:02:18,wsl.Dirty_kb,28
1791388938,2026-10-08T00:02:18,wsl.load1,13.46
1791388938,2026-10-08T00:02:18,wsl.load5,10.45
1791388938,2026-10-08T00:02:18,host.c_free_bytes,29742743552
1791388938,2026-10-08T00:02:18,host.q_free_bytes,318221250560
1791388938,2026-10-08T00:02:18,host.docker_vhdx_bytes,79601598464
1791388938,2026-10-08T00:02:18,host.ubuntu_vhdx_bytes,212983611392
1791388938,2026-10-08T00:02:18,win.Processor(_Total)\% Processor Time,90.17639
1791388938,2026-10-08T00:02:18,win.Memory\Available MBytes,749.0
1791388938,2026-10-08T00:02:18,win.PhysicalDisk(0 C:)\% Disk Time,4.728312
1791388938,2026-10-08T00:02:18,win.PhysicalDisk(1 Q:)\% Disk Time,0.0
1791388938,2026-10-08T00:02:18,win.PhysicalDisk(_Total)\% Disk Time,2.364156
1791388938,2026-10-08T00:02:18,win.PhysicalDisk(0 C:)\Current Disk Queue Length,1.0
1791388938,2026-10-08T00:02:18,win.PhysicalDisk(1 Q:)\Current Disk Queue Length,0.0
1791388938,2026-10-08T00:02:18,win.PhysicalDisk(_Total)\Current Disk Queue Length,1.0
1791388938,2026-10-08T00:02:18,win.Process(vmmemWSL)\% Processor Time,1205.445691
1791388948,2026-10-08T00:02:28,docker.dev-peer0.org1.example.com-saksi-bulletin_1.0-ee3fe73bad456e43adfc5ba27d9e5a60983b69e8496140308fb21061ecb2ff85.cpu_pct,0.0
1791388948,2026-10-08T00:02:28,docker.dev-peer0.org1.example.com-saksi-bulletin_1.0-ee3fe73bad456e43adfc5ba27d9e5a60983b69e8496140308fb21061ecb2ff85.mem_bytes,17521704.96
1791388948,2026-10-08T00:02:28,docker.dev-peer0.org1.example.com-saksi-bulletin_1.0-ee3fe73bad456e43adfc5ba27d9e5a60983b69e8496140308fb21061ecb2ff85.blk_read_bytes,4440000.0
1791388948,2026-10-08T00:02:28,docker.dev-peer0.org1.example.com-saksi-bulletin_1.0-ee3fe73bad456e43adfc5ba27d9e5a60983b69e8496140308fb21061ecb2ff85.blk_write_bytes,0.0
1791388948,2026-10-08T00:02:28,docker.dev-peer0.org2.example.com-saksi-bulletin_1.0-ee3fe73bad456e43adfc5ba27d9e5a60983b69e8496140308fb21061ecb2ff85.cpu_pct,0.0
1791388948,2026-10-08T00:02:28,docker.dev-peer0.org2.example.com-saksi-bulletin_1.0-ee3fe73bad456e43adfc5ba27d9e5a60983b69e8496140308fb21061ecb2ff85.mem_bytes,7041187.84
1791388948,2026-10-08T00:02:28,docker.dev-peer0.org2.example.com-saksi-bulletin_1.0-ee3fe73bad456e43adfc5ba27d9e5a60983b69e8496140308fb21061ecb2ff85.blk_read_bytes,0.0
1791388948,2026-10-08T00:02:28,docker.dev-peer0.org2.example.com-saksi-bulletin_1.0-ee3fe73bad456e43adfc5ba27d9e5a60983b69e8496140308fb21061ecb2ff85.blk_write_bytes,0.0
1791388948,2026-10-08T00:02:28,docker.peer0.org1.example.com.cpu_pct,1.71
1791388948,2026-10-08T00:02:28,docker.peer0.org1.example.com.mem_bytes,1899449286.656
1791388948,2026-10-08T00:02:28,docker.peer0.org1.example.com.blk_read_bytes,1580000000.0
1791388948,2026-10-08T00:02:28,docker.peer0.org1.example.com.blk_write_bytes,58500000000.0
1791388948,2026-10-08T00:02:28,docker.orderer.example.com.cpu_pct,0.04
1791388948,2026-10-08T00:02:28,docker.orderer.example.com.mem_bytes,4534411722.752
1791388948,2026-10-08T00:02:28,docker.orderer.example.com.blk_read_bytes,9500000.0
1791388948,2026-10-08T00:02:28,docker.orderer.example.com.blk_write_bytes,9220000000.0
1791388948,2026-10-08T00:02:28,docker.peer0.org2.example.com.cpu_pct,1.54
1791388948,2026-10-08T00:02:28,docker.peer0.org2.example.com.mem_bytes,275565772.8
1791388948,2026-10-08T00:02:28,docker.peer0.org2.example.com.blk_read_bytes,1680000.0
1791388948,2026-10-08T00:02:28,docker.peer0.org2.example.com.blk_write_bytes,57700000000.0
1791388948,2026-10-08T00:02:28,wsl.MemTotal_kb,24608408
1791388948,2026-10-08T00:02:28,wsl.MemAvailable_kb,22586980
1791388948,2026-10-08T00:02:28,wsl.SwapTotal_kb,0
1791388948,2026-10-08T00:02:28,wsl.SwapFree_kb,0
1791388948,2026-10-08T00:02:28,wsl.Dirty_kb,44
1791388948,2026-10-08T00:02:28,wsl.load1,13.85
1791388948,2026-10-08T00:02:28,wsl.load5,10.64
1791388948,2026-10-08T00:02:28,host.c_free_bytes,29742338048
1791388948,2026-10-08T00:02:28,host.q_free_bytes,318221250560
1791388948,2026-10-08T00:02:28,host.docker_vhdx_bytes,79601598464
1791388948,2026-10-08T00:02:28,host.ubuntu_vhdx_bytes,212983611392
1791388948,2026-10-08T00:02:28,win.Processor(_Total)\% Processor Time,91.052804
1791388948,2026-10-08T00:02:28,win.Memory\Available MBytes,760.0
1791388948,2026-10-08T00:02:28,win.PhysicalDisk(0 C:)\% Disk Time,6.497736
1791388948,2026-10-08T00:02:28,win.PhysicalDisk(1 Q:)\% Disk Time,0.0
1791388948,2026-10-08T00:02:28,win.PhysicalDisk(_Total)\% Disk Time,3.248869
1791388948,2026-10-08T00:02:28,win.PhysicalDisk(0 C:)\Current Disk Queue Length,0.0
1791388948,2026-10-08T00:02:28,win.PhysicalDisk(1 Q:)\Current Disk Queue Length,0.0
1791388948,2026-10-08T00:02:28,win.PhysicalDisk(_Total)\Current Disk Queue Length,0.0
1791388948,2026-10-08T00:02:28,win.Process(vmmemWSL)\% Processor Time,1229.917725
1791388958,2026-10-08T00:02:38,docker.dev-peer0.org1.example.com-saksi-bulletin_1.0-ee3fe73bad456e43adfc5ba27d9e5a60983b69e8496140308fb21061ecb2ff85.cpu_pct,0.0
1791388958,2026-10-08T00:02:38,docker.dev-peer0.org1.example.com-saksi-bulletin_1.0-ee3fe73bad456e43adfc5ba27d9e5a60983b69e8496140308fb21061ecb2ff85.mem_bytes,17521704.96
1791388958,2026-10-08T00:02:38,docker.dev-peer0.org1.example.com-saksi-bulletin_1.0-ee3fe73bad456e43adfc5ba27d9e5a60983b69e8496140308fb21061ecb2ff85.blk_read_bytes,4440000.0
1791388958,2026-10-08T00:02:38,docker.dev-peer0.org1.example.com-saksi-bulletin_1.0-ee3fe73bad456e43adfc5ba27d9e5a60983b69e8496140308fb21061ecb2ff85.blk_write_bytes,0.0
1791388958,2026-10-08T00:02:38,docker.dev-peer0.org2.example.com-saksi-bulletin_1.0-ee3fe73bad456e43adfc5ba27d9e5a60983b69e8496140308fb21061ecb2ff85.cpu_pct,0.0
1791388958,2026-10-08T00:02:38,docker.dev-peer0.org2.example.com-saksi-bulletin_1.0-ee3fe73bad456e43adfc5ba27d9e5a60983b69e8496140308fb21061ecb2ff85.mem_bytes,7041187.84
1791388958,2026-10-08T00:02:38,docker.dev-peer0.org2.example.com-saksi-bulletin_1.0-ee3fe73bad456e43adfc5ba27d9e5a60983b69e8496140308fb21061ecb2ff85.blk_read_bytes,0.0
1791388958,2026-10-08T00:02:38,docker.dev-peer0.org2.example.com-saksi-bulletin_1.0-ee3fe73bad456e43adfc5ba27d9e5a60983b69e8496140308fb21061ecb2ff85.blk_write_bytes,0.0
1791388958,2026-10-08T00:02:38,docker.peer0.org1.example.com.cpu_pct,1.92
1791388958,2026-10-08T00:02:38,docker.peer0.org1.example.com.mem_bytes,1899449286.656
1791388958,2026-10-08T00:02:38,docker.peer0.org1.example.com.blk_read_bytes,1580000000.0
1791388958,2026-10-08T00:02:38,docker.peer0.org1.example.com.blk_write_bytes,58500000000.0
1791388958,2026-10-08T00:02:38,docker.orderer.example.com.cpu_pct,0.05
1791388958,2026-10-08T00:02:38,docker.orderer.example.com.mem_bytes,4533337980.928
1791388958,2026-10-08T00:02:38,docker.orderer.example.com.blk_read_bytes,9500000.0
1791388958,2026-10-08T00:02:38,docker.orderer.example.com.blk_write_bytes,9220000000.0
1791388958,2026-10-08T00:02:38,docker.peer0.org2.example.com.cpu_pct,1.82
1791388958,2026-10-08T00:02:38,docker.peer0.org2.example.com.mem_bytes,276194918.4
1791388958,2026-10-08T00:02:38,docker.peer0.org2.example.com.blk_read_bytes,1680000.0
1791388958,2026-10-08T00:02:38,docker.peer0.org2.example.com.blk_write_bytes,57700000000.0
1791388958,2026-10-08T00:02:38,wsl.MemTotal_kb,24608408
1791388958,2026-10-08T00:02:38,wsl.MemAvailable_kb,22564876
1791388958,2026-10-08T00:02:38,wsl.SwapTotal_kb,0
1791388958,2026-10-08T00:02:38,wsl.SwapFree_kb,0
1791388958,2026-10-08T00:02:38,wsl.Dirty_kb,84
1791388958,2026-10-08T00:02:38,wsl.load1,12.03
1791388958,2026-10-08T00:02:38,wsl.load5,10.35
1791388958,2026-10-08T00:02:38,host.c_free_bytes,29746860032
1791388958,2026-10-08T00:02:38,host.q_free_bytes,318221250560
1791388958,2026-10-08T00:02:38,host.docker_vhdx_bytes,79601598464
1791388958,2026-10-08T00:02:38,host.ubuntu_vhdx_bytes,212983611392
1791388958,2026-10-08T00:02:38,win.Processor(_Total)\% Processor Time,91.281007
1791388958,2026-10-08T00:02:38,win.Memory\Available MBytes,689.0
1791388958,2026-10-08T00:02:38,win.PhysicalDisk(0 C:)\% Disk Time,11.089407
1791388958,2026-10-08T00:02:38,win.PhysicalDisk(1 Q:)\% Disk Time,0.184407
1791388958,2026-10-08T00:02:38,win.PhysicalDisk(_Total)\% Disk Time,5.636906
1791388958,2026-10-08T00:02:38,win.PhysicalDisk(0 C:)\Current Disk Queue Length,1.0
1791388958,2026-10-08T00:02:38,win.PhysicalDisk(1 Q:)\Current Disk Queue Length,0.0
1791388958,2026-10-08T00:02:38,win.PhysicalDisk(_Total)\Current Disk Queue Length,1.0
1791388958,2026-10-08T00:02:38,win.Process(vmmemWSL)\% Processor Time,1223.389933
1791388968,2026-10-08T00:02:48,docker.dev-peer0.org1.example.com-saksi-bulletin_1.0-ee3fe73bad456e43adfc5ba27d9e5a60983b69e8496140308fb21061ecb2ff85.cpu_pct,0.0
1791388968,2026-10-08T00:02:48,docker.dev-peer0.org1.example.com-saksi-bulletin_1.0-ee3fe73bad456e43adfc5ba27d9e5a60983b69e8496140308fb21061ecb2ff85.mem_bytes,17521704.96
1791388968,2026-10-08T00:02:48,docker.dev-peer0.org1.example.com-saksi-bulletin_1.0-ee3fe73bad456e43adfc5ba27d9e5a60983b69e8496140308fb21061ecb2ff85.blk_read_bytes,4440000.0
1791388968,2026-10-08T00:02:48,docker.dev-peer0.org1.example.com-saksi-bulletin_1.0-ee3fe73bad456e43adfc5ba27d9e5a60983b69e8496140308fb21061ecb2ff85.blk_write_bytes,0.0
1791388968,2026-10-08T00:02:48,docker.dev-peer0.org2.example.com-saksi-bulletin_1.0-ee3fe73bad456e43adfc5ba27d9e5a60983b69e8496140308fb21061ecb2ff85.cpu_pct,0.0
1791388968,2026-10-08T00:02:48,docker.dev-peer0.org2.example.com-saksi-bulletin_1.0-ee3fe73bad456e43adfc5ba27d9e5a60983b69e8496140308fb21061ecb2ff85.mem_bytes,7041187.84
1791388968,2026-10-08T00:02:48,docker.dev-peer0.org2.example.com-saksi-bulletin_1.0-ee3fe73bad456e43adfc5ba27d9e5a60983b69e8496140308fb21061ecb2ff85.blk_read_bytes,0.0
1791388968,2026-10-08T00:02:48,docker.dev-peer0.org2.example.com-saksi-bulletin_1.0-ee3fe73bad456e43adfc5ba27d9e5a60983b69e8496140308fb21061ecb2ff85.blk_write_bytes,0.0
1791388968,2026-10-08T00:02:48,docker.peer0.org1.example.com.cpu_pct,5.29
1791388968,2026-10-08T00:02:48,docker.peer0.org1.example.com.mem_bytes,1789927620.608
1791388968,2026-10-08T00:02:48,docker.peer0.org1.example.com.blk_read_bytes,1580000000.0
1791388968,2026-10-08T00:02:48,docker.peer0.org1.example.com.blk_write_bytes,58500000000.0
1791388968,2026-10-08T00:02:48,docker.orderer.example.com.cpu_pct,0.05
1791388968,2026-10-08T00:02:48,docker.orderer.example.com.mem_bytes,4534411722.752
1791388968,2026-10-08T00:02:48,docker.orderer.example.com.blk_read_bytes,9500000.0
1791388968,2026-10-08T00:02:48,docker.orderer.example.com.blk_write_bytes,9220000000.0
1791388968,2026-10-08T00:02:48,docker.peer0.org2.example.com.cpu_pct,1.63
1791388968,2026-10-08T00:02:48,docker.peer0.org2.example.com.mem_bytes,276090060.8
1791388968,2026-10-08T00:02:48,docker.peer0.org2.example.com.blk_read_bytes,1680000.0
1791388968,2026-10-08T00:02:48,docker.peer0.org2.example.com.blk_write_bytes,57700000000.0
1791388968,2026-10-08T00:02:48,wsl.MemTotal_kb,24608408
1791388968,2026-10-08T00:02:48,wsl.MemAvailable_kb,22619540
1791388968,2026-10-08T00:02:48,wsl.SwapTotal_kb,0
1791388968,2026-10-08T00:02:48,wsl.SwapFree_kb,0
1791388968,2026-10-08T00:02:48,wsl.Dirty_kb,116
1791388968,2026-10-08T00:02:48,wsl.load1,10.8
1791388968,2026-10-08T00:02:48,wsl.load5,10.14
1791388968,2026-10-08T00:02:48,host.c_free_bytes,29746552832
1791388968,2026-10-08T00:02:48,host.q_free_bytes,318221250560
1791388968,2026-10-08T00:02:48,host.docker_vhdx_bytes,79601598464
1791388968,2026-10-08T00:02:48,host.ubuntu_vhdx_bytes,212983611392
1791388968,2026-10-08T00:02:48,win.Processor(_Total)\% Processor Time,33.833135
1791388968,2026-10-08T00:02:48,win.Memory\Available MBytes,638.0
1791388968,2026-10-08T00:02:48,win.PhysicalDisk(0 C:)\% Disk Time,46.027082
1791388968,2026-10-08T00:02:48,win.PhysicalDisk(1 Q:)\% Disk Time,0.008881
1791388968,2026-10-08T00:02:48,win.PhysicalDisk(_Total)\% Disk Time,23.017981
1791388968,2026-10-08T00:02:48,win.PhysicalDisk(0 C:)\Current Disk Queue Length,0.0
1791388968,2026-10-08T00:02:48,win.PhysicalDisk(1 Q:)\Current Disk Queue Length,0.0
1791388968,2026-10-08T00:02:48,win.PhysicalDisk(_Total)\Current Disk Queue Length,0.0
1791388968,2026-10-08T00:02:48,win.Process(vmmemWSL)\% Processor Time,237.40909
1791388978,2026-10-08T00:02:58,docker.dev-peer0.org1.example.com-saksi-bulletin_1.0-ee3fe73bad456e43adfc5ba27d9e5a60983b69e8496140308fb21061ecb2ff85.cpu_pct,0.0
1791388978,2026-10-08T00:02:58,docker.dev-peer0.org1.example.com-saksi-bulletin_1.0-ee3fe73bad456e43adfc5ba27d9e5a60983b69e8496140308fb21061ecb2ff85.mem_bytes,17783848.96
1791388978,2026-10-08T00:02:58,docker.dev-peer0.org1.example.com-saksi-bulletin_1.0-ee3fe73bad456e43adfc5ba27d9e5a60983b69e8496140308fb21061ecb2ff85.blk_read_bytes,4440000.0
1791388978,2026-10-08T00:02:58,docker.dev-peer0.org1.example.com-saksi-bulletin_1.0-ee3fe73bad456e43adfc5ba27d9e5a60983b69e8496140308fb21061ecb2ff85.blk_write_bytes,0.0
1791388978,2026-10-08T00:02:58,docker.dev-peer0.org2.example.com-saksi-bulletin_1.0-ee3fe73bad456e43adfc5ba27d9e5a60983b69e8496140308fb21061ecb2ff85.cpu_pct,0.0
1791388978,2026-10-08T00:02:58,docker.dev-peer0.org2.example.com-saksi-bulletin_1.0-ee3fe73bad456e43adfc5ba27d9e5a60983b69e8496140308fb21061ecb2ff85.mem_bytes,7823425.536
1791388978,2026-10-08T00:02:58,docker.dev-peer0.org2.example.com-saksi-bulletin_1.0-ee3fe73bad456e43adfc5ba27d9e5a60983b69e8496140308fb21061ecb2ff85.blk_read_bytes,0.0
1791388978,2026-10-08T00:02:58,docker.dev-peer0.org2.example.com-saksi-bulletin_1.0-ee3fe73bad456e43adfc5ba27d9e5a60983b69e8496140308fb21061ecb2ff85.blk_write_bytes,0.0
1791388978,2026-10-08T00:02:58,docker.peer0.org1.example.com.cpu_pct,1.67
1791388978,2026-10-08T00:02:58,docker.peer0.org1.example.com.mem_bytes,1789927620.608
1791388978,2026-10-08T00:02:58,docker.peer0.org1.example.com.blk_read_bytes,1580000000.0
1791388978,2026-10-08T00:02:58,docker.peer0.org1.example.com.blk_write_bytes,58500000000.0
1791388978,2026-10-08T00:02:58,docker.orderer.example.com.cpu_pct,0.06
1791388978,2026-10-08T00:02:58,docker.orderer.example.com.mem_bytes,4533337980.928
1791388978,2026-10-08T00:02:58,docker.orderer.example.com.blk_read_bytes,9500000.0
1791388978,2026-10-08T00:02:58,docker.orderer.example.com.blk_write_bytes,9220000000.0
1791388978,2026-10-08T00:02:58,docker.peer0.org2.example.com.cpu_pct,1.57
1791388978,2026-10-08T00:02:58,docker.peer0.org2.example.com.mem_bytes,275880345.6
1791388978,2026-10-08T00:02:58,docker.peer0.org2.example.com.blk_read_bytes,1680000.0
1791388978,2026-10-08T00:02:58,docker.peer0.org2.example.com.blk_write_bytes,57700000000.0
1791388978,2026-10-08T00:02:58,wsl.MemTotal_kb,24608408
1791388978,2026-10-08T00:02:58,wsl.MemAvailable_kb,22620240
1791388978,2026-10-08T00:02:58,wsl.SwapTotal_kb,0
1791388978,2026-10-08T00:02:58,wsl.SwapFree_kb,0
1791388978,2026-10-08T00:02:58,wsl.Dirty_kb,128
1791388978,2026-10-08T00:02:58,wsl.load1,9.14
1791388978,2026-10-08T00:02:58,wsl.load5,9.81
1791388978,2026-10-08T00:02:58,host.c_free_bytes,29745508352
1791388978,2026-10-08T00:02:58,host.q_free_bytes,318221250560
1791388978,2026-10-08T00:02:58,host.docker_vhdx_bytes,79601598464
1791388978,2026-10-08T00:02:58,host.ubuntu_vhdx_bytes,212983611392
1791388978,2026-10-08T00:02:58,win.Processor(_Total)\% Processor Time,30.769143
1791388978,2026-10-08T00:02:58,win.Memory\Available MBytes,621.0
1791388978,2026-10-08T00:02:58,win.PhysicalDisk(0 C:)\% Disk Time,749.421424
1791388978,2026-10-08T00:02:58,win.PhysicalDisk(1 Q:)\% Disk Time,0.079698
1791388978,2026-10-08T00:02:58,win.PhysicalDisk(_Total)\% Disk Time,374.750561
1791388978,2026-10-08T00:02:58,win.PhysicalDisk(0 C:)\Current Disk Queue Length,2.0
1791388978,2026-10-08T00:02:58,win.PhysicalDisk(1 Q:)\Current Disk Queue Length,0.0
1791388978,2026-10-08T00:02:58,win.PhysicalDisk(_Total)\Current Disk Queue Length,2.0
1791388978,2026-10-08T00:02:58,win.Process(vmmemWSL)\% Processor Time,200.533451
1791388988,2026-10-08T00:03:08,docker.dev-peer0.org1.example.com-saksi-bulletin_1.0-ee3fe73bad456e43adfc5ba27d9e5a60983b69e8496140308fb21061ecb2ff85.cpu_pct,0.0
1791388988,2026-10-08T00:03:08,docker.dev-peer0.org1.example.com-saksi-bulletin_1.0-ee3fe73bad456e43adfc5ba27d9e5a60983b69e8496140308fb21061ecb2ff85.mem_bytes,17783848.96
1791388988,2026-10-08T00:03:08,docker.dev-peer0.org1.example.com-saksi-bulletin_1.0-ee3fe73bad456e43adfc5ba27d9e5a60983b69e8496140308fb21061ecb2ff85.blk_read_bytes,4440000.0
1791388988,2026-10-08T00:03:08,docker.dev-peer0.org1.example.com-saksi-bulletin_1.0-ee3fe73bad456e43adfc5ba27d9e5a60983b69e8496140308fb21061ecb2ff85.blk_write_bytes,0.0
1791388988,2026-10-08T00:03:08,docker.dev-peer0.org2.example.com-saksi-bulletin_1.0-ee3fe73bad456e43adfc5ba27d9e5a60983b69e8496140308fb21061ecb2ff85.cpu_pct,0.0
1791388988,2026-10-08T00:03:08,docker.dev-peer0.org2.example.com-saksi-bulletin_1.0-ee3fe73bad456e43adfc5ba27d9e5a60983b69e8496140308fb21061ecb2ff85.mem_bytes,7565475.84
1791388988,2026-10-08T00:03:08,docker.dev-peer0.org2.example.com-saksi-bulletin_1.0-ee3fe73bad456e43adfc5ba27d9e5a60983b69e8496140308fb21061ecb2ff85.blk_read_bytes,0.0
1791388988,2026-10-08T00:03:08,docker.dev-peer0.org2.example.com-saksi-bulletin_1.0-ee3fe73bad456e43adfc5ba27d9e5a60983b69e8496140308fb21061ecb2ff85.blk_write_bytes,0.0
1791388988,2026-10-08T00:03:08,docker.peer0.org1.example.com.cpu_pct,1.74
1791388988,2026-10-08T00:03:08,docker.peer0.org1.example.com.mem_bytes,1789927620.608
1791388988,2026-10-08T00:03:08,docker.peer0.org1.example.com.blk_read_bytes,1580000000.0
1791388988,2026-10-08T00:03:08,docker.peer0.org1.example.com.blk_write_bytes,58500000000.0
1791388988,2026-10-08T00:03:08,docker.orderer.example.com.cpu_pct,0.07
1791388988,2026-10-08T00:03:08,docker.orderer.example.com.mem_bytes,4533337980.928
1791388988,2026-10-08T00:03:08,docker.orderer.example.com.blk_read_bytes,9500000.0
1791388988,2026-10-08T00:03:08,docker.orderer.example.com.blk_write_bytes,9220000000.0
1791388988,2026-10-08T00:03:08,docker.peer0.org2.example.com.cpu_pct,1.75
1791388988,2026-10-08T00:03:08,docker.peer0.org2.example.com.mem_bytes,275356057.6
1791388988,2026-10-08T00:03:08,docker.peer0.org2.example.com.blk_read_bytes,1680000.0
1791388988,2026-10-08T00:03:08,docker.peer0.org2.example.com.blk_write_bytes,57700000000.0
1791388988,2026-10-08T00:03:08,wsl.MemTotal_kb,24608408
1791388988,2026-10-08T00:03:08,wsl.MemAvailable_kb,22635428
1791388988,2026-10-08T00:03:08,wsl.SwapTotal_kb,0
1791388988,2026-10-08T00:03:08,wsl.SwapFree_kb,0
1791388988,2026-10-08T00:03:08,wsl.Dirty_kb,56
1791388988,2026-10-08T00:03:08,wsl.load1,7.73
1791388988,2026-10-08T00:03:08,wsl.load5,9.48
1791388988,2026-10-08T00:03:08,host.c_free_bytes,29747372032
1791388988,2026-10-08T00:03:08,host.q_free_bytes,318221250560
1791388988,2026-10-08T00:03:08,host.docker_vhdx_bytes,79601598464
1791388988,2026-10-08T00:03:08,host.ubuntu_vhdx_bytes,212983611392
1791388988,2026-10-08T00:03:08,win.Processor(_Total)\% Processor Time,16.584894
1791388988,2026-10-08T00:03:08,win.Memory\Available MBytes,526.0
1791388988,2026-10-08T00:03:08,win.PhysicalDisk(0 C:)\% Disk Time,39.918603
1791388988,2026-10-08T00:03:08,win.PhysicalDisk(1 Q:)\% Disk Time,0.062306
1791388988,2026-10-08T00:03:08,win.PhysicalDisk(_Total)\% Disk Time,19.990455
1791388988,2026-10-08T00:03:08,win.PhysicalDisk(0 C:)\Current Disk Queue Length,4.0
1791388988,2026-10-08T00:03:08,win.PhysicalDisk(1 Q:)\Current Disk Queue Length,0.0
1791388988,2026-10-08T00:03:08,win.PhysicalDisk(_Total)\Current Disk Queue Length,4.0
1791388988,2026-10-08T00:03:08,win.Process(vmmemWSL)\% Processor Time,29.200655
1791388998,2026-10-08T00:03:18,docker.dev-peer0.org1.example.com-saksi-bulletin_1.0-ee3fe73bad456e43adfc5ba27d9e5a60983b69e8496140308fb21061ecb2ff85.cpu_pct,0.0
1791388998,2026-10-08T00:03:18,docker.dev-peer0.org1.example.com-saksi-bulletin_1.0-ee3fe73bad456e43adfc5ba27d9e5a60983b69e8496140308fb21061ecb2ff85.mem_bytes,16221470.72
1791388998,2026-10-08T00:03:18,docker.dev-peer0.org1.example.com-saksi-bulletin_1.0-ee3fe73bad456e43adfc5ba27d9e5a60983b69e8496140308fb21061ecb2ff85.blk_read_bytes,4440000.0
1791388998,2026-10-08T00:03:18,docker.dev-peer0.org1.example.com-saksi-bulletin_1.0-ee3fe73bad456e43adfc5ba27d9e5a60983b69e8496140308fb21061ecb2ff85.blk_write_bytes,0.0
1791388998,2026-10-08T00:03:18,docker.dev-peer0.org2.example.com-saksi-bulletin_1.0-ee3fe73bad456e43adfc5ba27d9e5a60983b69e8496140308fb21061ecb2ff85.cpu_pct,0.0
1791388998,2026-10-08T00:03:18,docker.dev-peer0.org2.example.com-saksi-bulletin_1.0-ee3fe73bad456e43adfc5ba27d9e5a60983b69e8496140308fb21061ecb2ff85.mem_bytes,7565475.84
1791388998,2026-10-08T00:03:18,docker.dev-peer0.org2.example.com-saksi-bulletin_1.0-ee3fe73bad456e43adfc5ba27d9e5a60983b69e8496140308fb21061ecb2ff85.blk_read_bytes,0.0
1791388998,2026-10-08T00:03:18,docker.dev-peer0.org2.example.com-saksi-bulletin_1.0-ee3fe73bad456e43adfc5ba27d9e5a60983b69e8496140308fb21061ecb2ff85.blk_write_bytes,0.0
1791388998,2026-10-08T00:03:18,docker.peer0.org1.example.com.cpu_pct,1.29
1791388998,2026-10-08T00:03:18,docker.peer0.org1.example.com.mem_bytes,1789927620.608
1791388998,2026-10-08T00:03:18,docker.peer0.org1.example.com.blk_read_bytes,1580000000.0
1791388998,2026-10-08T00:03:18,docker.peer0.org1.example.com.blk_write_bytes,58500000000.0
1791388998,2026-10-08T00:03:18,docker.orderer.example.com.cpu_pct,0.07
1791388998,2026-10-08T00:03:18,docker.orderer.example.com.mem_bytes,4533337980.928
1791388998,2026-10-08T00:03:18,docker.orderer.example.com.blk_read_bytes,9500000.0
1791388998,2026-10-08T00:03:18,docker.orderer.example.com.blk_write_bytes,9220000000.0
1791388998,2026-10-08T00:03:18,docker.peer0.org2.example.com.cpu_pct,1.35
1791388998,2026-10-08T00:03:18,docker.peer0.org2.example.com.mem_bytes,275041484.8
1791388998,2026-10-08T00:03:18,docker.peer0.org2.example.com.blk_read_bytes,1680000.0
1791388998,2026-10-08T00:03:18,docker.peer0.org2.example.com.blk_write_bytes,57700000000.0
1791388998,2026-10-08T00:03:18,wsl.MemTotal_kb,24608408
1791388998,2026-10-08T00:03:18,wsl.MemAvailable_kb,22632788
1791388998,2026-10-08T00:03:18,wsl.SwapTotal_kb,0
1791388998,2026-10-08T00:03:18,wsl.SwapFree_kb,0
1791388998,2026-10-08T00:03:18,wsl.Dirty_kb,140
1791388998,2026-10-08T00:03:18,wsl.load1,6.54
1791388998,2026-10-08T00:03:18,wsl.load5,9.17
1791388998,2026-10-08T00:03:18,host.c_free_bytes,29746913280
1791388998,2026-10-08T00:03:18,host.q_free_bytes,318221250560
1791388998,2026-10-08T00:03:18,host.docker_vhdx_bytes,79601598464
1791388998,2026-10-08T00:03:18,host.ubuntu_vhdx_bytes,212983611392
1791388998,2026-10-08T00:03:18,win.Processor(_Total)\% Processor Time,15.643413
1791388998,2026-10-08T00:03:18,win.Memory\Available MBytes,630.0
1791388998,2026-10-08T00:03:18,win.PhysicalDisk(0 C:)\% Disk Time,48.81984
1791388998,2026-10-08T00:03:18,win.PhysicalDisk(1 Q:)\% Disk Time,0.003592
1791388998,2026-10-08T00:03:18,win.PhysicalDisk(_Total)\% Disk Time,24.411715
1791388998,2026-10-08T00:03:18,win.PhysicalDisk(0 C:)\Current Disk Queue Length,0.0
1791388998,2026-10-08T00:03:18,win.PhysicalDisk(1 Q:)\Current Disk Queue Length,0.0
1791388998,2026-10-08T00:03:18,win.PhysicalDisk(_Total)\Current Disk Queue Length,0.0
1791388998,2026-10-08T00:03:18,win.Process(vmmemWSL)\% Processor Time,31.000851
1791389008,2026-10-08T00:03:28,docker.dev-peer0.org1.example.com-saksi-bulletin_1.0-ee3fe73bad456e43adfc5ba27d9e5a60983b69e8496140308fb21061ecb2ff85.cpu_pct,0.0
1791389008,2026-10-08T00:03:28,docker.dev-peer0.org1.example.com-saksi-bulletin_1.0-ee3fe73bad456e43adfc5ba27d9e5a60983b69e8496140308fb21061ecb2ff85.mem_bytes,16210984.96
1791389008,2026-10-08T00:03:28,docker.dev-peer0.org1.example.com-saksi-bulletin_1.0-ee3fe73bad456e43adfc5ba27d9e5a60983b69e8496140308fb21061ecb2ff85.blk_read_bytes,4440000.0
1791389008,2026-10-08T00:03:28,docker.dev-peer0.org1.example.com-saksi-bulletin_1.0-ee3fe73bad456e43adfc5ba27d9e5a60983b69e8496140308fb21061ecb2ff85.blk_write_bytes,0.0
1791389008,2026-10-08T00:03:28,docker.dev-peer0.org2.example.com-saksi-bulletin_1.0-ee3fe73bad456e43adfc5ba27d9e5a60983b69e8496140308fb21061ecb2ff85.cpu_pct,0.0
1791389008,2026-10-08T00:03:28,docker.dev-peer0.org2.example.com-saksi-bulletin_1.0-ee3fe73bad456e43adfc5ba27d9e5a60983b69e8496140308fb21061ecb2ff85.mem_bytes,7565475.84
1791389008,2026-10-08T00:03:28,docker.dev-peer0.org2.example.com-saksi-bulletin_1.0-ee3fe73bad456e43adfc5ba27d9e5a60983b69e8496140308fb21061ecb2ff85.blk_read_bytes,0.0
1791389008,2026-10-08T00:03:28,docker.dev-peer0.org2.example.com-saksi-bulletin_1.0-ee3fe73bad456e43adfc5ba27d9e5a60983b69e8496140308fb21061ecb2ff85.blk_write_bytes,0.0
1791389008,2026-10-08T00:03:28,docker.peer0.org1.example.com.cpu_pct,1.62
1791389008,2026-10-08T00:03:28,docker.peer0.org1.example.com.mem_bytes,1788853878.784
1791389008,2026-10-08T00:03:28,docker.peer0.org1.example.com.blk_read_bytes,1580000000.0
1791389008,2026-10-08T00:03:28,docker.peer0.org1.example.com.blk_write_bytes,58500000000.0
1791389008,2026-10-08T00:03:28,docker.orderer.example.com.cpu_pct,0.06
1791389008,2026-10-08T00:03:28,docker.orderer.example.com.mem_bytes,4533337980.928
1791389008,2026-10-08T00:03:28,docker.orderer.example.com.blk_read_bytes,9500000.0
1791389008,2026-10-08T00:03:28,docker.orderer.example.com.blk_write_bytes,9220000000.0
1791389008,2026-10-08T00:03:28,docker.peer0.org2.example.com.cpu_pct,1.7
1791389008,2026-10-08T00:03:28,docker.peer0.org2.example.com.mem_bytes,275565772.8
1791389008,2026-10-08T00:03:28,docker.peer0.org2.example.com.blk_read_bytes,1680000.0
1791389008,2026-10-08T00:03:28,docker.peer0.org2.example.com.blk_write_bytes,57700000000.0
1791389008,2026-10-08T00:03:28,wsl.MemTotal_kb,24608408
1791389008,2026-10-08T00:03:28,wsl.MemAvailable_kb,22631864
1791389008,2026-10-08T00:03:28,wsl.SwapTotal_kb,0
1791389008,2026-10-08T00:03:28,wsl.SwapFree_kb,0
1791389008,2026-10-08T00:03:28,wsl.Dirty_kb,192
1791389008,2026-10-08T00:03:28,wsl.load1,5.61
1791389008,2026-10-08T00:03:28,wsl.load5,8.88
1791389008,2026-10-08T00:03:28,host.c_free_bytes,29746716672
1791389008,2026-10-08T00:03:28,host.q_free_bytes,318221250560
1791389008,2026-10-08T00:03:28,host.docker_vhdx_bytes,79601598464
1791389008,2026-10-08T00:03:28,host.ubuntu_vhdx_bytes,212983611392
1791389008,2026-10-08T00:03:28,win.Processor(_Total)\% Processor Time,14.41456
1791389008,2026-10-08T00:03:28,win.Memory\Available MBytes,985.0
1791389008,2026-10-08T00:03:28,win.PhysicalDisk(0 C:)\% Disk Time,16.304156
1791389008,2026-10-08T00:03:28,win.PhysicalDisk(1 Q:)\% Disk Time,0.030527
1791389008,2026-10-08T00:03:28,win.PhysicalDisk(_Total)\% Disk Time,8.167341
1791389008,2026-10-08T00:03:28,win.PhysicalDisk(0 C:)\Current Disk Queue Length,0.0
1791389008,2026-10-08T00:03:28,win.PhysicalDisk(1 Q:)\Current Disk Queue Length,0.0
1791389008,2026-10-08T00:03:28,win.PhysicalDisk(_Total)\Current Disk Queue Length,0.0
1791389008,2026-10-08T00:03:28,win.Process(vmmemWSL)\% Processor Time,27.933527
