unix_ts,iso,metric,value
1791047239,2026-10-04T01:07:18,docker.dev-peer0.org2.example.com-saksi-bulletin_1.0-ee3fe73bad456e43adfc5ba27d9e5a60983b69e8496140308fb21061ecb2ff85.cpu_pct,0.0
1791047239,2026-10-04T01:07:18,docker.dev-peer0.org2.example.com-saksi-bulletin_1.0-ee3fe73bad456e43adfc5ba27d9e5a60983b69e8496140308fb21061ecb2ff85.mem_bytes,7430209.536
1791047239,2026-10-04T01:07:18,docker.dev-peer0.org2.example.com-saksi-bulletin_1.0-ee3fe73bad456e43adfc5ba27d9e5a60983b69e8496140308fb21061ecb2ff85.blk_read_bytes,0.0
1791047239,2026-10-04T01:07:18,docker.dev-peer0.org2.example.com-saksi-bulletin_1.0-ee3fe73bad456e43adfc5ba27d9e5a60983b69e8496140308fb21061ecb2ff85.blk_write_bytes,0.0
1791047239,2026-10-04T01:07:18,docker.dev-peer0.org1.example.com-saksi-bulletin_1.0-ee3fe73bad456e43adfc5ba27d9e5a60983b69e8496140308fb21061ecb2ff85.cpu_pct,0.0
1791047239,2026-10-04T01:07:18,docker.dev-peer0.org1.example.com-saksi-bulletin_1.0-ee3fe73bad456e43adfc5ba27d9e5a60983b69e8496140308fb21061ecb2ff85.mem_bytes,7974420.48
1791047239,2026-10-04T01:07:18,docker.dev-peer0.org1.example.com-saksi-bulletin_1.0-ee3fe73bad456e43adfc5ba27d9e5a60983b69e8496140308fb21061ecb2ff85.blk_read_bytes,0.0
1791047239,2026-10-04T01:07:18,docker.dev-peer0.org1.example.com-saksi-bulletin_1.0-ee3fe73bad456e43adfc5ba27d9e5a60983b69e8496140308fb21061ecb2ff85.blk_write_bytes,0.0
1791047239,2026-10-04T01:07:18,docker.peer0.org2.example.com.cpu_pct,0.52
1791047239,2026-10-04T01:07:18,docker.peer0.org2.example.com.mem_bytes,162109849.6
1791047239,2026-10-04T01:07:18,docker.peer0.org2.example.com.blk_read_bytes,0.0
1791047239,2026-10-04T01:07:18,docker.peer0.org2.example.com.blk_write_bytes,7220000.0
1791047239,2026-10-04T01:07:18,docker.peer0.org1.example.com.cpu_pct,0.55
1791047239,2026-10-04T01:07:18,docker.peer0.org1.example.com.mem_bytes,156237824.0
1791047239,2026-10-04T01:07:18,docker.peer0.org1.example.com.blk_read_bytes,0.0
1791047239,2026-10-04T01:07:18,docker.peer0.org1.example.com.blk_write_bytes,7220000.0
1791047239,2026-10-04T01:07:18,docker.orderer.example.com.cpu_pct,0.03
1791047239,2026-10-04T01:07:18,docker.orderer.example.com.mem_bytes,17018388.48
1791047239,2026-10-04T01:07:18,docker.orderer.example.com.blk_read_bytes,0.0
1791047239,2026-10-04T01:07:18,docker.orderer.example.com.blk_write_bytes,524000.0
1791047239,2026-10-04T01:07:18,host.MemTotal_kb,64932116
1791047239,2026-10-04T01:07:18,host.MemAvailable_kb,63214752
1791047239,2026-10-04T01:07:18,host.Cached_kb,6952208
1791047239,2026-10-04T01:07:18,host.SwapTotal_kb,0
1791047239,2026-10-04T01:07:18,host.SwapFree_kb,0
1791047239,2026-10-04T01:07:18,host.Dirty_kb,760
1791047239,2026-10-04T01:07:18,host.load1,3.04
1791047239,2026-10-04T01:07:18,host.load5,2.31
1791047239,2026-10-04T01:07:18,host.root_free_bytes,935915450368
1791047239,2026-10-04T01:07:18,host.root_used_bytes,9057386496
1791047249,2026-10-04T01:07:28,host.cpu_pct,50.6295020357031
1791047249,2026-10-04T01:07:28,host.run_cpu_pct,50.284857163313156
1791047249,2026-10-04T01:07:28,host.nonrun_cpu_pct,0.34464487238994224
1791047249,2026-10-04T01:07:28,docker.dev-peer0.org2.example.com-saksi-bulletin_1.0-ee3fe73bad456e43adfc5ba27d9e5a60983b69e8496140308fb21061ecb2ff85.cpu_pct,0.0
1791047249,2026-10-04T01:07:28,docker.dev-peer0.org2.example.com-saksi-bulletin_1.0-ee3fe73bad456e43adfc5ba27d9e5a60983b69e8496140308fb21061ecb2ff85.mem_bytes,7430209.536
1791047249,2026-10-04T01:07:28,docker.dev-peer0.org2.example.com-saksi-bulletin_1.0-ee3fe73bad456e43adfc5ba27d9e5a60983b69e8496140308fb21061ecb2ff85.blk_read_bytes,0.0
1791047249,2026-10-04T01:07:28,docker.dev-peer0.org2.example.com-saksi-bulletin_1.0-ee3fe73bad456e43adfc5ba27d9e5a60983b69e8496140308fb21061ecb2ff85.blk_write_bytes,0.0
1791047249,2026-10-04T01:07:28,docker.dev-peer0.org1.example.com-saksi-bulletin_1.0-ee3fe73bad456e43adfc5ba27d9e5a60983b69e8496140308fb21061ecb2ff85.cpu_pct,295.4
1791047249,2026-10-04T01:07:28,docker.dev-peer0.org1.example.com-saksi-bulletin_1.0-ee3fe73bad456e43adfc5ba27d9e5a60983b69e8496140308fb21061ecb2ff85.mem_bytes,17825792.0
1791047249,2026-10-04T01:07:28,docker.dev-peer0.org1.example.com-saksi-bulletin_1.0-ee3fe73bad456e43adfc5ba27d9e5a60983b69e8496140308fb21061ecb2ff85.blk_read_bytes,0.0
1791047249,2026-10-04T01:07:28,docker.dev-peer0.org1.example.com-saksi-bulletin_1.0-ee3fe73bad456e43adfc5ba27d9e5a60983b69e8496140308fb21061ecb2ff85.blk_write_bytes,0.0
1791047249,2026-10-04T01:07:28,docker.peer0.org2.example.com.cpu_pct,42.45
1791047249,2026-10-04T01:07:28,docker.peer0.org2.example.com.mem_bytes,127401984.0
1791047249,2026-10-04T01:07:28,docker.peer0.org2.example.com.blk_read_bytes,0.0
1791047249,2026-10-04T01:07:28,docker.peer0.org2.example.com.blk_write_bytes,22300000.0
1791047249,2026-10-04T01:07:28,docker.peer0.org1.example.com.cpu_pct,146.57
1791047249,2026-10-04T01:07:28,docker.peer0.org1.example.com.mem_bytes,123312537.6
1791047249,2026-10-04T01:07:28,docker.peer0.org1.example.com.blk_read_bytes,0.0
1791047249,2026-10-04T01:07:28,docker.peer0.org1.example.com.blk_write_bytes,22300000.0
1791047249,2026-10-04T01:07:28,docker.orderer.example.com.cpu_pct,0.22
1791047249,2026-10-04T01:07:28,docker.orderer.example.com.mem_bytes,17186160.64
1791047249,2026-10-04T01:07:28,docker.orderer.example.com.blk_read_bytes,0.0
1791047249,2026-10-04T01:07:28,docker.orderer.example.com.blk_write_bytes,606000.0
1791047249,2026-10-04T01:07:28,host.MemTotal_kb,64932116
1791047249,2026-10-04T01:07:28,host.MemAvailable_kb,63266368
1791047249,2026-10-04T01:07:28,host.Cached_kb,7217672
1791047249,2026-10-04T01:07:28,host.SwapTotal_kb,0
1791047249,2026-10-04T01:07:28,host.SwapFree_kb,0
1791047249,2026-10-04T01:07:28,host.Dirty_kb,123504
1791047249,2026-10-04T01:07:28,host.load1,2.65
1791047249,2026-10-04T01:07:28,host.load5,2.25
1791047249,2026-10-04T01:07:28,host.root_free_bytes,935649538048
1791047249,2026-10-04T01:07:28,host.root_used_bytes,9323298816
1791047259,2026-10-04T01:07:38,host.cpu_pct,39.493284104653384
1791047259,2026-10-04T01:07:38,host.run_cpu_pct,39.20697249443005
1791047259,2026-10-04T01:07:38,host.nonrun_cpu_pct,0.2863116102233363
1791047259,2026-10-04T01:07:38,docker.dev-peer0.org2.example.com-saksi-bulletin_1.0-ee3fe73bad456e43adfc5ba27d9e5a60983b69e8496140308fb21061ecb2ff85.cpu_pct,0.0
1791047259,2026-10-04T01:07:38,docker.dev-peer0.org2.example.com-saksi-bulletin_1.0-ee3fe73bad456e43adfc5ba27d9e5a60983b69e8496140308fb21061ecb2ff85.mem_bytes,7430209.536
1791047259,2026-10-04T01:07:38,docker.dev-peer0.org2.example.com-saksi-bulletin_1.0-ee3fe73bad456e43adfc5ba27d9e5a60983b69e8496140308fb21061ecb2ff85.blk_read_bytes,0.0
1791047259,2026-10-04T01:07:38,docker.dev-peer0.org2.example.com-saksi-bulletin_1.0-ee3fe73bad456e43adfc5ba27d9e5a60983b69e8496140308fb21061ecb2ff85.blk_write_bytes,0.0
1791047259,2026-10-04T01:07:38,docker.dev-peer0.org1.example.com-saksi-bulletin_1.0-ee3fe73bad456e43adfc5ba27d9e5a60983b69e8496140308fb21061ecb2ff85.cpu_pct,368.02
1791047259,2026-10-04T01:07:38,docker.dev-peer0.org1.example.com-saksi-bulletin_1.0-ee3fe73bad456e43adfc5ba27d9e5a60983b69e8496140308fb21061ecb2ff85.mem_bytes,17888706.56
1791047259,2026-10-04T01:07:38,docker.dev-peer0.org1.example.com-saksi-bulletin_1.0-ee3fe73bad456e43adfc5ba27d9e5a60983b69e8496140308fb21061ecb2ff85.blk_read_bytes,0.0
1791047259,2026-10-04T01:07:38,docker.dev-peer0.org1.example.com-saksi-bulletin_1.0-ee3fe73bad456e43adfc5ba27d9e5a60983b69e8496140308fb21061ecb2ff85.blk_write_bytes,0.0
1791047259,2026-10-04T01:07:38,docker.peer0.org2.example.com.cpu_pct,57.97
1791047259,2026-10-04T01:07:38,docker.peer0.org2.example.com.mem_bytes,157810688.0
1791047259,2026-10-04T01:07:38,docker.peer0.org2.example.com.blk_read_bytes,0.0
1791047259,2026-10-04T01:07:38,docker.peer0.org2.example.com.blk_write_bytes,338000000.0
1791047259,2026-10-04T01:07:38,docker.peer0.org1.example.com.cpu_pct,190.97
1791047259,2026-10-04T01:07:38,docker.peer0.org1.example.com.mem_bytes,157286400.0
1791047259,2026-10-04T01:07:38,docker.peer0.org1.example.com.blk_read_bytes,0.0
1791047259,2026-10-04T01:07:38,docker.peer0.org1.example.com.blk_write_bytes,339000000.0
1791047259,2026-10-04T01:07:38,docker.orderer.example.com.cpu_pct,50.04
1791047259,2026-10-04T01:07:38,docker.orderer.example.com.mem_bytes,199019724.8
1791047259,2026-10-04T01:07:38,docker.orderer.example.com.blk_read_bytes,0.0
1791047259,2026-10-04T01:07:38,docker.orderer.example.com.blk_write_bytes,315000000.0
1791047259,2026-10-04T01:07:38,host.MemTotal_kb,64932116
1791047259,2026-10-04T01:07:38,host.MemAvailable_kb,63022800
1791047259,2026-10-04T01:07:38,host.Cached_kb,7593576
1791047259,2026-10-04T01:07:38,host.SwapTotal_kb,0
1791047259,2026-10-04T01:07:38,host.SwapFree_kb,0
1791047259,2026-10-04T01:07:38,host.Dirty_kb,133636
1791047259,2026-10-04T01:07:38,host.load1,4.14
1791047259,2026-10-04T01:07:38,host.load5,2.57
1791047259,2026-10-04T01:07:38,host.root_free_bytes,935280537600
1791047259,2026-10-04T01:07:38,host.root_used_bytes,9692299264
1791047259,2026-10-04T01:07:38,io.md2.r/s,0.0
1791047259,2026-10-04T01:07:38,io.md2.rkB/s,0.0
1791047259,2026-10-04T01:07:38,io.md2.r_await,0.0
1791047259,2026-10-04T01:07:38,io.md2.w/s,64.6
1791047259,2026-10-04T01:07:38,io.md2.wkB/s,1070.4
1791047259,2026-10-04T01:07:38,io.md2.w_await,0.2
1791047259,2026-10-04T01:07:38,io.md2.f/s,0.0
1791047259,2026-10-04T01:07:38,io.md2.aqu-sz,0.01
1791047259,2026-10-04T01:07:38,io.md2.%util,1.06
1791047259,2026-10-04T01:07:38,io.nvme0n1.r/s,0.0
1791047259,2026-10-04T01:07:38,io.nvme0n1.rkB/s,0.0
1791047259,2026-10-04T01:07:38,io.nvme0n1.r_await,0.0
1791047259,2026-10-04T01:07:38,io.nvme0n1.w/s,29.5
1791047259,2026-10-04T01:07:38,io.nvme0n1.wkB/s,528.4
1791047259,2026-10-04T01:07:38,io.nvme0n1.w_await,0.2
1791047259,2026-10-04T01:07:38,io.nvme0n1.f/s,2.4
1791047259,2026-10-04T01:07:38,io.nvme0n1.aqu-sz,0.01
1791047259,2026-10-04T01:07:38,io.nvme0n1.%util,0.36
1791047259,2026-10-04T01:07:38,io.nvme1n1.r/s,0.0
1791047259,2026-10-04T01:07:38,io.nvme1n1.rkB/s,0.0
1791047259,2026-10-04T01:07:38,io.nvme1n1.r_await,0.0
1791047259,2026-10-04T01:07:38,io.nvme1n1.w/s,27.3
1791047259,2026-10-04T01:07:38,io.nvme1n1.wkB/s,542.0
1791047259,2026-10-04T01:07:38,io.nvme1n1.w_await,0.56
1791047259,2026-10-04T01:07:38,io.nvme1n1.f/s,2.4
1791047259,2026-10-04T01:07:38,io.nvme1n1.aqu-sz,0.02
1791047259,2026-10-04T01:07:38,io.nvme1n1.%util,1.2
1791047269,2026-10-04T01:07:48,host.cpu_pct,44.5160467045237
1791047269,2026-10-04T01:07:48,host.run_cpu_pct,44.16011377290043
1791047269,2026-10-04T01:07:48,host.nonrun_cpu_pct,0.355932931623272
1791047269,2026-10-04T01:07:48,docker.dev-peer0.org2.example.com-saksi-bulletin_1.0-ee3fe73bad456e43adfc5ba27d9e5a60983b69e8496140308fb21061ecb2ff85.cpu_pct,0.0
1791047269,2026-10-04T01:07:48,docker.dev-peer0.org2.example.com-saksi-bulletin_1.0-ee3fe73bad456e43adfc5ba27d9e5a60983b69e8496140308fb21061ecb2ff85.mem_bytes,7430209.536
1791047269,2026-10-04T01:07:48,docker.dev-peer0.org2.example.com-saksi-bulletin_1.0-ee3fe73bad456e43adfc5ba27d9e5a60983b69e8496140308fb21061ecb2ff85.blk_read_bytes,0.0
1791047269,2026-10-04T01:07:48,docker.dev-peer0.org2.example.com-saksi-bulletin_1.0-ee3fe73bad456e43adfc5ba27d9e5a60983b69e8496140308fb21061ecb2ff85.blk_write_bytes,0.0
1791047269,2026-10-04T01:07:48,docker.dev-peer0.org1.example.com-saksi-bulletin_1.0-ee3fe73bad456e43adfc5ba27d9e5a60983b69e8496140308fb21061ecb2ff85.cpu_pct,362.37
1791047269,2026-10-04T01:07:48,docker.dev-peer0.org1.example.com-saksi-bulletin_1.0-ee3fe73bad456e43adfc5ba27d9e5a60983b69e8496140308fb21061ecb2ff85.mem_bytes,18475909.12
1791047269,2026-10-04T01:07:48,docker.dev-peer0.org1.example.com-saksi-bulletin_1.0-ee3fe73bad456e43adfc5ba27d9e5a60983b69e8496140308fb21061ecb2ff85.blk_read_bytes,0.0
1791047269,2026-10-04T01:07:48,docker.dev-peer0.org1.example.com-saksi-bulletin_1.0-ee3fe73bad456e43adfc5ba27d9e5a60983b69e8496140308fb21061ecb2ff85.blk_write_bytes,0.0
1791047269,2026-10-04T01:07:48,docker.peer0.org2.example.com.cpu_pct,65.64
1791047269,2026-10-04T01:07:48,docker.peer0.org2.example.com.mem_bytes,170393600.0
1791047269,2026-10-04T01:07:48,docker.peer0.org2.example.com.blk_read_bytes,0.0
1791047269,2026-10-04T01:07:48,docker.peer0.org2.example.com.blk_write_bytes,873000000.0
1791047269,2026-10-04T01:07:48,docker.peer0.org1.example.com.cpu_pct,197.71
1791047269,2026-10-04T01:07:48,docker.peer0.org1.example.com.mem_bytes,201955737.6
1791047269,2026-10-04T01:07:48,docker.peer0.org1.example.com.blk_read_bytes,0.0
1791047269,2026-10-04T01:07:48,docker.peer0.org1.example.com.blk_write_bytes,873000000.0
1791047269,2026-10-04T01:07:48,docker.orderer.example.com.cpu_pct,48.8
1791047269,2026-10-04T01:07:48,docker.orderer.example.com.mem_bytes,359032422.4
1791047269,2026-10-04T01:07:48,docker.orderer.example.com.blk_read_bytes,0.0
1791047269,2026-10-04T01:07:48,docker.orderer.example.com.blk_write_bytes,636000000.0
1791047269,2026-10-04T01:07:48,host.MemTotal_kb,64932116
1791047269,2026-10-04T01:07:48,host.MemAvailable_kb,62831552
1791047269,2026-10-04T01:07:48,host.Cached_kb,7959884
1791047269,2026-10-04T01:07:48,host.SwapTotal_kb,0
1791047269,2026-10-04T01:07:48,host.SwapFree_kb,0
1791047269,2026-10-04T01:07:48,host.Dirty_kb,31628
1791047269,2026-10-04T01:07:48,host.load1,5.08
1791047269,2026-10-04T01:07:48,host.load5,2.82
1791047269,2026-10-04T01:07:48,host.root_free_bytes,934919610368
1791047269,2026-10-04T01:07:48,host.root_used_bytes,10053226496
1791047269,2026-10-04T01:07:48,io.md2.r/s,0.0
1791047269,2026-10-04T01:07:48,io.md2.rkB/s,0.0
1791047269,2026-10-04T01:07:48,io.md2.r_await,0.0
1791047269,2026-10-04T01:07:48,io.md2.w/s,1853.1
1791047269,2026-10-04T01:07:48,io.md2.wkB/s,54320.8
1791047269,2026-10-04T01:07:48,io.md2.w_await,0.36
1791047269,2026-10-04T01:07:48,io.md2.f/s,0.0
1791047269,2026-10-04T01:07:48,io.md2.aqu-sz,0.66
1791047269,2026-10-04T01:07:48,io.md2.%util,58.99
1791047269,2026-10-04T01:07:48,io.nvme0n1.r/s,0.0
1791047269,2026-10-04T01:07:48,io.nvme0n1.rkB/s,0.0
1791047269,2026-10-04T01:07:48,io.nvme0n1.r_await,0.0
1791047269,2026-10-04T01:07:48,io.nvme0n1.w/s,631.2
1791047269,2026-10-04T01:07:48,io.nvme0n1.wkB/s,26814.8
1791047269,2026-10-04T01:07:48,io.nvme0n1.w_await,0.77
1791047269,2026-10-04T01:07:48,io.nvme0n1.f/s,150.6
1791047269,2026-10-04T01:07:48,io.nvme0n1.aqu-sz,0.65
1791047269,2026-10-04T01:07:48,io.nvme0n1.%util,40.84
1791047269,2026-10-04T01:07:48,io.nvme1n1.r/s,0.0
1791047269,2026-10-04T01:07:48,io.nvme1n1.rkB/s,0.0
1791047269,2026-10-04T01:07:48,io.nvme1n1.r_await,0.0
1791047269,2026-10-04T01:07:48,io.nvme1n1.w/s,635.7
1791047269,2026-10-04T01:07:48,io.nvme1n1.wkB/s,27506.0
1791047269,2026-10-04T01:07:48,io.nvme1n1.w_await,0.75
1791047269,2026-10-04T01:07:48,io.nvme1n1.f/s,150.6
1791047269,2026-10-04T01:07:48,io.nvme1n1.aqu-sz,0.64
1791047269,2026-10-04T01:07:48,io.nvme1n1.%util,40.16
1791047279,2026-10-04T01:07:58,host.cpu_pct,44.47425578126996
1791047279,2026-10-04T01:07:58,host.run_cpu_pct,44.114072230734415
1791047279,2026-10-04T01:07:58,host.nonrun_cpu_pct,0.3601835505355453
1791047279,2026-10-04T01:07:58,docker.dev-peer0.org2.example.com-saksi-bulletin_1.0-ee3fe73bad456e43adfc5ba27d9e5a60983b69e8496140308fb21061ecb2ff85.cpu_pct,0.0
1791047279,2026-10-04T01:07:58,docker.dev-peer0.org2.example.com-saksi-bulletin_1.0-ee3fe73bad456e43adfc5ba27d9e5a60983b69e8496140308fb21061ecb2ff85.mem_bytes,7430209.536
1791047279,2026-10-04T01:07:58,docker.dev-peer0.org2.example.com-saksi-bulletin_1.0-ee3fe73bad456e43adfc5ba27d9e5a60983b69e8496140308fb21061ecb2ff85.blk_read_bytes,0.0
1791047279,2026-10-04T01:07:58,docker.dev-peer0.org2.example.com-saksi-bulletin_1.0-ee3fe73bad456e43adfc5ba27d9e5a60983b69e8496140308fb21061ecb2ff85.blk_write_bytes,0.0
1791047279,2026-10-04T01:07:58,docker.dev-peer0.org1.example.com-saksi-bulletin_1.0-ee3fe73bad456e43adfc5ba27d9e5a60983b69e8496140308fb21061ecb2ff85.cpu_pct,380.81
1791047279,2026-10-04T01:07:58,docker.dev-peer0.org1.example.com-saksi-bulletin_1.0-ee3fe73bad456e43adfc5ba27d9e5a60983b69e8496140308fb21061ecb2ff85.mem_bytes,18727567.36
1791047279,2026-10-04T01:07:58,docker.dev-peer0.org1.example.com-saksi-bulletin_1.0-ee3fe73bad456e43adfc5ba27d9e5a60983b69e8496140308fb21061ecb2ff85.blk_read_bytes,0.0
1791047279,2026-10-04T01:07:58,docker.dev-peer0.org1.example.com-saksi-bulletin_1.0-ee3fe73bad456e43adfc5ba27d9e5a60983b69e8496140308fb21061ecb2ff85.blk_write_bytes,0.0
1791047279,2026-10-04T01:07:58,docker.peer0.org2.example.com.cpu_pct,56.43
1791047279,2026-10-04T01:07:58,docker.peer0.org2.example.com.mem_bytes,188429107.2
1791047279,2026-10-04T01:07:58,docker.peer0.org2.example.com.blk_read_bytes,0.0
1791047279,2026-10-04T01:07:58,docker.peer0.org2.example.com.blk_write_bytes,1480000000.0
1791047279,2026-10-04T01:07:58,docker.peer0.org1.example.com.cpu_pct,194.64
1791047279,2026-10-04T01:07:58,docker.peer0.org1.example.com.mem_bytes,180774502.4
1791047279,2026-10-04T01:07:58,docker.peer0.org1.example.com.blk_read_bytes,0.0
1791047279,2026-10-04T01:07:58,docker.peer0.org1.example.com.blk_write_bytes,1480000000.0
1791047279,2026-10-04T01:07:58,docker.orderer.example.com.cpu_pct,49.43
1791047279,2026-10-04T01:07:58,docker.orderer.example.com.mem_bytes,517367398.4
1791047279,2026-10-04T01:07:58,docker.orderer.example.com.blk_read_bytes,0.0
1791047279,2026-10-04T01:07:58,docker.orderer.example.com.blk_write_bytes,956000000.0
1791047279,2026-10-04T01:07:58,host.MemTotal_kb,64932116
1791047279,2026-10-04T01:07:58,host.MemAvailable_kb,62635628
1791047279,2026-10-04T01:07:58,host.Cached_kb,8332632
1791047279,2026-10-04T01:07:58,host.SwapTotal_kb,0
1791047279,2026-10-04T01:07:58,host.SwapFree_kb,0
1791047279,2026-10-04T01:07:58,host.Dirty_kb,10284
1791047279,2026-10-04T01:07:58,host.load1,6.16
1791047279,2026-10-04T01:07:58,host.load5,3.14
1791047279,2026-10-04T01:07:58,host.root_free_bytes,934552408064
1791047279,2026-10-04T01:07:58,host.root_used_bytes,10420428800
1791047279,2026-10-04T01:07:58,io.md2.r/s,0.0
1791047279,2026-10-04T01:07:58,io.md2.rkB/s,0.0
1791047279,2026-10-04T01:07:58,io.md2.r_await,0.0
1791047279,2026-10-04T01:07:58,io.md2.w/s,2254.0
1791047279,2026-10-04T01:07:58,io.md2.wkB/s,69950.8
1791047279,2026-10-04T01:07:58,io.md2.w_await,0.34
1791047279,2026-10-04T01:07:58,io.md2.f/s,0.0
1791047279,2026-10-04T01:07:58,io.md2.aqu-sz,0.77
1791047279,2026-10-04T01:07:58,io.md2.%util,67.66
1791047279,2026-10-04T01:07:58,io.nvme0n1.r/s,0.0
1791047279,2026-10-04T01:07:58,io.nvme0n1.rkB/s,0.0
1791047279,2026-10-04T01:07:58,io.nvme0n1.r_await,0.0
1791047279,2026-10-04T01:07:58,io.nvme0n1.w/s,758.8
1791047279,2026-10-04T01:07:58,io.nvme0n1.wkB/s,34790.8
1791047279,2026-10-04T01:07:58,io.nvme0n1.w_await,0.74
1791047279,2026-10-04T01:07:58,io.nvme0n1.f/s,172.8
1791047279,2026-10-04T01:07:58,io.nvme0n1.aqu-sz,0.76
1791047279,2026-10-04T01:07:58,io.nvme0n1.%util,45.61
1791047279,2026-10-04T01:07:58,io.nvme1n1.r/s,0.0
1791047279,2026-10-04T01:07:58,io.nvme1n1.rkB/s,0.0
1791047279,2026-10-04T01:07:58,io.nvme1n1.r_await,0.0
1791047279,2026-10-04T01:07:58,io.nvme1n1.w/s,752.8
1791047279,2026-10-04T01:07:58,io.nvme1n1.wkB/s,35160.0
1791047279,2026-10-04T01:07:58,io.nvme1n1.w_await,0.73
1791047279,2026-10-04T01:07:58,io.nvme1n1.f/s,172.8
1791047279,2026-10-04T01:07:58,io.nvme1n1.aqu-sz,0.74
1791047279,2026-10-04T01:07:58,io.nvme1n1.%util,45.26
1791047289,2026-10-04T01:08:08,host.cpu_pct,37.13485648825813
1791047289,2026-10-04T01:08:08,host.run_cpu_pct,36.75509439301642
1791047289,2026-10-04T01:08:08,host.nonrun_cpu_pct,0.3797620952417091
1791047289,2026-10-04T01:08:08,docker.dev-peer0.org2.example.com-saksi-bulletin_1.0-ee3fe73bad456e43adfc5ba27d9e5a60983b69e8496140308fb21061ecb2ff85.cpu_pct,0.0
1791047289,2026-10-04T01:08:08,docker.dev-peer0.org2.example.com-saksi-bulletin_1.0-ee3fe73bad456e43adfc5ba27d9e5a60983b69e8496140308fb21061ecb2ff85.mem_bytes,7430209.536
1791047289,2026-10-04T01:08:08,docker.dev-peer0.org2.example.com-saksi-bulletin_1.0-ee3fe73bad456e43adfc5ba27d9e5a60983b69e8496140308fb21061ecb2ff85.blk_read_bytes,0.0
1791047289,2026-10-04T01:08:08,docker.dev-peer0.org2.example.com-saksi-bulletin_1.0-ee3fe73bad456e43adfc5ba27d9e5a60983b69e8496140308fb21061ecb2ff85.blk_write_bytes,0.0
1791047289,2026-10-04T01:08:08,docker.dev-peer0.org1.example.com-saksi-bulletin_1.0-ee3fe73bad456e43adfc5ba27d9e5a60983b69e8496140308fb21061ecb2ff85.cpu_pct,0.0
1791047289,2026-10-04T01:08:08,docker.dev-peer0.org1.example.com-saksi-bulletin_1.0-ee3fe73bad456e43adfc5ba27d9e5a60983b69e8496140308fb21061ecb2ff85.mem_bytes,15843983.36
1791047289,2026-10-04T01:08:08,docker.dev-peer0.org1.example.com-saksi-bulletin_1.0-ee3fe73bad456e43adfc5ba27d9e5a60983b69e8496140308fb21061ecb2ff85.blk_read_bytes,0.0
1791047289,2026-10-04T01:08:08,docker.dev-peer0.org1.example.com-saksi-bulletin_1.0-ee3fe73bad456e43adfc5ba27d9e5a60983b69e8496140308fb21061ecb2ff85.blk_write_bytes,0.0
1791047289,2026-10-04T01:08:08,docker.peer0.org2.example.com.cpu_pct,0.54
1791047289,2026-10-04T01:08:08,docker.peer0.org2.example.com.mem_bytes,193252556.8
1791047289,2026-10-04T01:08:08,docker.peer0.org2.example.com.blk_read_bytes,0.0
1791047289,2026-10-04T01:08:08,docker.peer0.org2.example.com.blk_write_bytes,1980000000.0
1791047289,2026-10-04T01:08:08,docker.peer0.org1.example.com.cpu_pct,30.02
1791047289,2026-10-04T01:08:08,docker.peer0.org1.example.com.mem_bytes,220515532.8
1791047289,2026-10-04T01:08:08,docker.peer0.org1.example.com.blk_read_bytes,0.0
1791047289,2026-10-04T01:08:08,docker.peer0.org1.example.com.blk_write_bytes,1980000000.0
1791047289,2026-10-04T01:08:08,docker.orderer.example.com.cpu_pct,0.03
1791047289,2026-10-04T01:08:08,docker.orderer.example.com.mem_bytes,90240450.56
1791047289,2026-10-04T01:08:08,docker.orderer.example.com.blk_read_bytes,0.0
1791047289,2026-10-04T01:08:08,docker.orderer.example.com.blk_write_bytes,1150000000.0
1791047289,2026-10-04T01:08:08,host.MemTotal_kb,64932116
1791047289,2026-10-04T01:08:08,host.MemAvailable_kb,63073872
1791047289,2026-10-04T01:08:08,host.Cached_kb,8520040
1791047289,2026-10-04T01:08:08,host.SwapTotal_kb,0
1791047289,2026-10-04T01:08:08,host.SwapFree_kb,0
1791047289,2026-10-04T01:08:08,host.Dirty_kb,28280
1791047289,2026-10-04T01:08:08,host.load1,7.29
1791047289,2026-10-04T01:08:08,host.load5,3.49
1791047289,2026-10-04T01:08:08,host.root_free_bytes,934334738432
1791047289,2026-10-04T01:08:08,host.root_used_bytes,10638098432
1791047289,2026-10-04T01:08:08,io.md2.r/s,0.0
1791047289,2026-10-04T01:08:08,io.md2.rkB/s,0.0
1791047289,2026-10-04T01:08:08,io.md2.r_await,0.0
1791047289,2026-10-04T01:08:08,io.md2.w/s,2511.6
1791047289,2026-10-04T01:08:08,io.md2.wkB/s,94544.4
1791047289,2026-10-04T01:08:08,io.md2.w_await,0.32
1791047289,2026-10-04T01:08:08,io.md2.f/s,0.0
1791047289,2026-10-04T01:08:08,io.md2.aqu-sz,0.81
1791047289,2026-10-04T01:08:08,io.md2.%util,67.86
1791047289,2026-10-04T01:08:08,io.nvme0n1.r/s,0.0
1791047289,2026-10-04T01:08:08,io.nvme0n1.rkB/s,0.0
1791047289,2026-10-04T01:08:08,io.nvme0n1.r_await,0.0
1791047289,2026-10-04T01:08:08,io.nvme0n1.w/s,846.1
1791047289,2026-10-04T01:08:08,io.nvme0n1.wkB/s,46790.0
1791047289,2026-10-04T01:08:08,io.nvme0n1.w_await,0.68
1791047289,2026-10-04T01:08:08,io.nvme0n1.f/s,172.6
1791047289,2026-10-04T01:08:08,io.nvme0n1.aqu-sz,0.76
1791047289,2026-10-04T01:08:08,io.nvme0n1.%util,45.6
1791047289,2026-10-04T01:08:08,io.nvme1n1.r/s,0.0
1791047289,2026-10-04T01:08:08,io.nvme1n1.rkB/s,0.0
1791047289,2026-10-04T01:08:08,io.nvme1n1.r_await,0.0
1791047289,2026-10-04T01:08:08,io.nvme1n1.w/s,878.3
1791047289,2026-10-04T01:08:08,io.nvme1n1.wkB/s,47773.6
1791047289,2026-10-04T01:08:08,io.nvme1n1.w_await,0.65
1791047289,2026-10-04T01:08:08,io.nvme1n1.f/s,172.6
1791047289,2026-10-04T01:08:08,io.nvme1n1.aqu-sz,0.77
1791047289,2026-10-04T01:08:08,io.nvme1n1.%util,44.77
1791047299,2026-10-04T01:08:18,host.cpu_pct,5.6459209947874145
1791047299,2026-10-04T01:08:18,host.run_cpu_pct,5.464566501577107
1791047299,2026-10-04T01:08:18,host.nonrun_cpu_pct,0.18135449321030706
1791047299,2026-10-04T01:08:18,docker.dev-peer0.org2.example.com-saksi-bulletin_1.0-ee3fe73bad456e43adfc5ba27d9e5a60983b69e8496140308fb21061ecb2ff85.cpu_pct,0.0
1791047299,2026-10-04T01:08:18,docker.dev-peer0.org2.example.com-saksi-bulletin_1.0-ee3fe73bad456e43adfc5ba27d9e5a60983b69e8496140308fb21061ecb2ff85.mem_bytes,7430209.536
1791047299,2026-10-04T01:08:18,docker.dev-peer0.org2.example.com-saksi-bulletin_1.0-ee3fe73bad456e43adfc5ba27d9e5a60983b69e8496140308fb21061ecb2ff85.blk_read_bytes,0.0
1791047299,2026-10-04T01:08:18,docker.dev-peer0.org2.example.com-saksi-bulletin_1.0-ee3fe73bad456e43adfc5ba27d9e5a60983b69e8496140308fb21061ecb2ff85.blk_write_bytes,0.0
1791047299,2026-10-04T01:08:18,docker.dev-peer0.org1.example.com-saksi-bulletin_1.0-ee3fe73bad456e43adfc5ba27d9e5a60983b69e8496140308fb21061ecb2ff85.cpu_pct,0.0
1791047299,2026-10-04T01:08:18,docker.dev-peer0.org1.example.com-saksi-bulletin_1.0-ee3fe73bad456e43adfc5ba27d9e5a60983b69e8496140308fb21061ecb2ff85.mem_bytes,13851688.96
1791047299,2026-10-04T01:08:18,docker.dev-peer0.org1.example.com-saksi-bulletin_1.0-ee3fe73bad456e43adfc5ba27d9e5a60983b69e8496140308fb21061ecb2ff85.blk_read_bytes,0.0
1791047299,2026-10-04T01:08:18,docker.dev-peer0.org1.example.com-saksi-bulletin_1.0-ee3fe73bad456e43adfc5ba27d9e5a60983b69e8496140308fb21061ecb2ff85.blk_write_bytes,0.0
1791047299,2026-10-04T01:08:18,docker.peer0.org2.example.com.cpu_pct,1.79
1791047299,2026-10-04T01:08:18,docker.peer0.org2.example.com.mem_bytes,193357414.4
1791047299,2026-10-04T01:08:18,docker.peer0.org2.example.com.blk_read_bytes,0.0
1791047299,2026-10-04T01:08:18,docker.peer0.org2.example.com.blk_write_bytes,1980000000.0
1791047299,2026-10-04T01:08:18,docker.peer0.org1.example.com.cpu_pct,2.04
1791047299,2026-10-04T01:08:18,docker.peer0.org1.example.com.mem_bytes,220515532.8
1791047299,2026-10-04T01:08:18,docker.peer0.org1.example.com.blk_read_bytes,0.0
1791047299,2026-10-04T01:08:18,docker.peer0.org1.example.com.blk_write_bytes,1980000000.0
1791047299,2026-10-04T01:08:18,docker.orderer.example.com.cpu_pct,0.9
1791047299,2026-10-04T01:08:18,docker.orderer.example.com.mem_bytes,90261422.08
1791047299,2026-10-04T01:08:18,docker.orderer.example.com.blk_read_bytes,0.0
1791047299,2026-10-04T01:08:18,docker.orderer.example.com.blk_write_bytes,1150000000.0
1791047299,2026-10-04T01:08:18,host.MemTotal_kb,64932116
1791047299,2026-10-04T01:08:18,host.MemAvailable_kb,63100756
1791047299,2026-10-04T01:08:18,host.Cached_kb,8522764
1791047299,2026-10-04T01:08:18,host.SwapTotal_kb,0
1791047299,2026-10-04T01:08:18,host.SwapFree_kb,0
1791047299,2026-10-04T01:08:18,host.Dirty_kb,500
1791047299,2026-10-04T01:08:18,host.load1,6.17
1791047299,2026-10-04T01:08:18,host.load5,3.37
1791047299,2026-10-04T01:08:18,host.root_free_bytes,934332157952
1791047299,2026-10-04T01:08:18,host.root_used_bytes,10640678912
1791047299,2026-10-04T01:08:18,io.md2.r/s,0.0
1791047299,2026-10-04T01:08:18,io.md2.rkB/s,0.0
1791047299,2026-10-04T01:08:18,io.md2.r_await,0.0
1791047299,2026-10-04T01:08:18,io.md2.w/s,1920.6
1791047299,2026-10-04T01:08:18,io.md2.wkB/s,77779.6
1791047299,2026-10-04T01:08:18,io.md2.w_await,0.31
1791047299,2026-10-04T01:08:18,io.md2.f/s,0.0
1791047299,2026-10-04T01:08:18,io.md2.aqu-sz,0.6
1791047299,2026-10-04T01:08:18,io.md2.%util,48.08
1791047299,2026-10-04T01:08:18,io.nvme0n1.r/s,0.0
1791047299,2026-10-04T01:08:18,io.nvme0n1.rkB/s,0.0
1791047299,2026-10-04T01:08:18,io.nvme0n1.r_await,0.0
1791047299,2026-10-04T01:08:18,io.nvme0n1.w/s,638.8
1791047299,2026-10-04T01:08:18,io.nvme0n1.wkB/s,38460.0
1791047299,2026-10-04T01:08:18,io.nvme0n1.w_await,0.64
1791047299,2026-10-04T01:08:18,io.nvme0n1.f/s,123.0
1791047299,2026-10-04T01:08:18,io.nvme0n1.aqu-sz,0.55
1791047299,2026-10-04T01:08:18,io.nvme0n1.%util,31.47
1791047299,2026-10-04T01:08:18,io.nvme1n1.r/s,0.0
1791047299,2026-10-04T01:08:18,io.nvme1n1.rkB/s,0.0
1791047299,2026-10-04T01:08:18,io.nvme1n1.r_await,0.0
1791047299,2026-10-04T01:08:18,io.nvme1n1.w/s,670.4
1791047299,2026-10-04T01:08:18,io.nvme1n1.wkB/s,39300.4
1791047299,2026-10-04T01:08:18,io.nvme1n1.w_await,0.62
1791047299,2026-10-04T01:08:18,io.nvme1n1.f/s,123.0
1791047299,2026-10-04T01:08:18,io.nvme1n1.aqu-sz,0.56
1791047299,2026-10-04T01:08:18,io.nvme1n1.%util,31.64
1791047309,2026-10-04T01:08:28,host.cpu_pct,5.609382967873534
1791047309,2026-10-04T01:08:28,host.run_cpu_pct,6.470829745295242
1791047309,2026-10-04T01:08:28,host.nonrun_cpu_pct,0.0
1791047309,2026-10-04T01:08:28,docker.dev-peer0.org2.example.com-saksi-bulletin_1.0-ee3fe73bad456e43adfc5ba27d9e5a60983b69e8496140308fb21061ecb2ff85.cpu_pct,0.0
1791047309,2026-10-04T01:08:28,docker.dev-peer0.org2.example.com-saksi-bulletin_1.0-ee3fe73bad456e43adfc5ba27d9e5a60983b69e8496140308fb21061ecb2ff85.mem_bytes,7430209.536
1791047309,2026-10-04T01:08:28,docker.dev-peer0.org2.example.com-saksi-bulletin_1.0-ee3fe73bad456e43adfc5ba27d9e5a60983b69e8496140308fb21061ecb2ff85.blk_read_bytes,0.0
1791047309,2026-10-04T01:08:28,docker.dev-peer0.org2.example.com-saksi-bulletin_1.0-ee3fe73bad456e43adfc5ba27d9e5a60983b69e8496140308fb21061ecb2ff85.blk_write_bytes,0.0
1791047309,2026-10-04T01:08:28,docker.dev-peer0.org1.example.com-saksi-bulletin_1.0-ee3fe73bad456e43adfc5ba27d9e5a60983b69e8496140308fb21061ecb2ff85.cpu_pct,0.0
1791047309,2026-10-04T01:08:28,docker.dev-peer0.org1.example.com-saksi-bulletin_1.0-ee3fe73bad456e43adfc5ba27d9e5a60983b69e8496140308fb21061ecb2ff85.mem_bytes,27283947.52
1791047309,2026-10-04T01:08:28,docker.dev-peer0.org1.example.com-saksi-bulletin_1.0-ee3fe73bad456e43adfc5ba27d9e5a60983b69e8496140308fb21061ecb2ff85.blk_read_bytes,0.0
1791047309,2026-10-04T01:08:28,docker.dev-peer0.org1.example.com-saksi-bulletin_1.0-ee3fe73bad456e43adfc5ba27d9e5a60983b69e8496140308fb21061ecb2ff85.blk_write_bytes,0.0
1791047309,2026-10-04T01:08:28,docker.peer0.org2.example.com.cpu_pct,0.38
1791047309,2026-10-04T01:08:28,docker.peer0.org2.example.com.mem_bytes,193357414.4
1791047309,2026-10-04T01:08:28,docker.peer0.org2.example.com.blk_read_bytes,0.0
1791047309,2026-10-04T01:08:28,docker.peer0.org2.example.com.blk_write_bytes,1980000000.0
1791047309,2026-10-04T01:08:28,docker.peer0.org1.example.com.cpu_pct,0.52
1791047309,2026-10-04T01:08:28,docker.peer0.org1.example.com.mem_bytes,269274316.8
1791047309,2026-10-04T01:08:28,docker.peer0.org1.example.com.blk_read_bytes,0.0
1791047309,2026-10-04T01:08:28,docker.peer0.org1.example.com.blk_write_bytes,1980000000.0
1791047309,2026-10-04T01:08:28,docker.orderer.example.com.cpu_pct,0.04
1791047309,2026-10-04T01:08:28,docker.orderer.example.com.mem_bytes,90271907.84
1791047309,2026-10-04T01:08:28,docker.orderer.example.com.blk_read_bytes,0.0
1791047309,2026-10-04T01:08:28,docker.orderer.example.com.blk_write_bytes,1150000000.0
1791047309,2026-10-04T01:08:28,host.MemTotal_kb,64932116
1791047309,2026-10-04T01:08:28,host.MemAvailable_kb,62959888
1791047309,2026-10-04T01:08:28,host.Cached_kb,8638776
1791047309,2026-10-04T01:08:28,host.SwapTotal_kb,0
1791047309,2026-10-04T01:08:28,host.SwapFree_kb,0
1791047309,2026-10-04T01:08:28,host.Dirty_kb,115904
1791047309,2026-10-04T01:08:28,host.load1,6.58
1791047309,2026-10-04T01:08:28,host.load5,3.55
1791047309,2026-10-04T01:08:28,host.root_free_bytes,934213443584
1791047309,2026-10-04T01:08:28,host.root_used_bytes,10759393280
1791047309,2026-10-04T01:08:28,io.md2.r/s,0.0
1791047309,2026-10-04T01:08:28,io.md2.rkB/s,0.0
1791047309,2026-10-04T01:08:28,io.md2.r_await,0.0
1791047309,2026-10-04T01:08:28,io.md2.w/s,109.5
1791047309,2026-10-04T01:08:28,io.md2.wkB/s,2898.0
1791047309,2026-10-04T01:08:28,io.md2.w_await,0.26
1791047309,2026-10-04T01:08:28,io.md2.f/s,0.0
1791047309,2026-10-04T01:08:28,io.md2.aqu-sz,0.03
1791047309,2026-10-04T01:08:28,io.md2.%util,1.49
1791047309,2026-10-04T01:08:28,io.nvme0n1.r/s,0.0
1791047309,2026-10-04T01:08:28,io.nvme0n1.rkB/s,0.0
1791047309,2026-10-04T01:08:28,io.nvme0n1.r_await,0.0
1791047309,2026-10-04T01:08:28,io.nvme0n1.w/s,47.3
1791047309,2026-10-04T01:08:28,io.nvme0n1.wkB/s,1448.0
1791047309,2026-10-04T01:08:28,io.nvme0n1.w_await,0.31
1791047309,2026-10-04T01:08:28,io.nvme0n1.f/s,3.5
1791047309,2026-10-04T01:08:28,io.nvme0n1.aqu-sz,0.02
1791047309,2026-10-04T01:08:28,io.nvme0n1.%util,1.03
1791047309,2026-10-04T01:08:28,io.nvme1n1.r/s,0.0
1791047309,2026-10-04T01:08:28,io.nvme1n1.rkB/s,0.0
1791047309,2026-10-04T01:08:28,io.nvme1n1.r_await,0.0
1791047309,2026-10-04T01:08:28,io.nvme1n1.w/s,43.2
1791047309,2026-10-04T01:08:28,io.nvme1n1.wkB/s,1450.0
1791047309,2026-10-04T01:08:28,io.nvme1n1.w_await,0.36
1791047309,2026-10-04T01:08:28,io.nvme1n1.f/s,3.5
1791047309,2026-10-04T01:08:28,io.nvme1n1.aqu-sz,0.02
1791047309,2026-10-04T01:08:28,io.nvme1n1.%util,1.16
1791047319,2026-10-04T01:08:38,host.cpu_pct,88.53228228228228
1791047319,2026-10-04T01:08:38,host.run_cpu_pct,88.10761116404323
1791047319,2026-10-04T01:08:38,host.nonrun_cpu_pct,0.424671118239047
1791047319,2026-10-04T01:08:38,docker.dev-peer0.org2.example.com-saksi-bulletin_1.0-ee3fe73bad456e43adfc5ba27d9e5a60983b69e8496140308fb21061ecb2ff85.cpu_pct,0.0
1791047319,2026-10-04T01:08:38,docker.dev-peer0.org2.example.com-saksi-bulletin_1.0-ee3fe73bad456e43adfc5ba27d9e5a60983b69e8496140308fb21061ecb2ff85.mem_bytes,7430209.536
1791047319,2026-10-04T01:08:38,docker.dev-peer0.org2.example.com-saksi-bulletin_1.0-ee3fe73bad456e43adfc5ba27d9e5a60983b69e8496140308fb21061ecb2ff85.blk_read_bytes,0.0
1791047319,2026-10-04T01:08:38,docker.dev-peer0.org2.example.com-saksi-bulletin_1.0-ee3fe73bad456e43adfc5ba27d9e5a60983b69e8496140308fb21061ecb2ff85.blk_write_bytes,0.0
1791047319,2026-10-04T01:08:38,docker.dev-peer0.org1.example.com-saksi-bulletin_1.0-ee3fe73bad456e43adfc5ba27d9e5a60983b69e8496140308fb21061ecb2ff85.cpu_pct,0.0
1791047319,2026-10-04T01:08:38,docker.dev-peer0.org1.example.com-saksi-bulletin_1.0-ee3fe73bad456e43adfc5ba27d9e5a60983b69e8496140308fb21061ecb2ff85.mem_bytes,27283947.52
1791047319,2026-10-04T01:08:38,docker.dev-peer0.org1.example.com-saksi-bulletin_1.0-ee3fe73bad456e43adfc5ba27d9e5a60983b69e8496140308fb21061ecb2ff85.blk_read_bytes,0.0
1791047319,2026-10-04T01:08:38,docker.dev-peer0.org1.example.com-saksi-bulletin_1.0-ee3fe73bad456e43adfc5ba27d9e5a60983b69e8496140308fb21061ecb2ff85.blk_write_bytes,0.0
1791047319,2026-10-04T01:08:38,docker.peer0.org2.example.com.cpu_pct,0.67
1791047319,2026-10-04T01:08:38,docker.peer0.org2.example.com.mem_bytes,193357414.4
1791047319,2026-10-04T01:08:38,docker.peer0.org2.example.com.blk_read_bytes,0.0
1791047319,2026-10-04T01:08:38,docker.peer0.org2.example.com.blk_write_bytes,1980000000.0
1791047319,2026-10-04T01:08:38,docker.peer0.org1.example.com.cpu_pct,0.76
1791047319,2026-10-04T01:08:38,docker.peer0.org1.example.com.mem_bytes,269274316.8
1791047319,2026-10-04T01:08:38,docker.peer0.org1.example.com.blk_read_bytes,0.0
1791047319,2026-10-04T01:08:38,docker.peer0.org1.example.com.blk_write_bytes,1980000000.0
1791047319,2026-10-04T01:08:38,docker.orderer.example.com.cpu_pct,0.04
1791047319,2026-10-04T01:08:38,docker.orderer.example.com.mem_bytes,90271907.84
1791047319,2026-10-04T01:08:38,docker.orderer.example.com.blk_read_bytes,0.0
1791047319,2026-10-04T01:08:38,docker.orderer.example.com.blk_write_bytes,1150000000.0
1791047319,2026-10-04T01:08:38,host.MemTotal_kb,64932116
1791047319,2026-10-04T01:08:38,host.MemAvailable_kb,63053324
1791047319,2026-10-04T01:08:38,host.Cached_kb,8638820
1791047319,2026-10-04T01:08:38,host.SwapTotal_kb,0
1791047319,2026-10-04T01:08:38,host.SwapFree_kb,0
1791047319,2026-10-04T01:08:38,host.Dirty_kb,852
1791047319,2026-10-04T01:08:38,host.load1,8.03
1791047319,2026-10-04T01:08:38,host.load5,3.96
1791047319,2026-10-04T01:08:38,host.root_free_bytes,934213386240
1791047319,2026-10-04T01:08:38,host.root_used_bytes,10759450624
1791047319,2026-10-04T01:08:38,io.md2.r/s,0.0
1791047319,2026-10-04T01:08:38,io.md2.rkB/s,0.0
1791047319,2026-10-04T01:08:38,io.md2.r_await,0.0
1791047319,2026-10-04T01:08:38,io.md2.w/s,72.2
1791047319,2026-10-04T01:08:38,io.md2.wkB/s,827.6
1791047319,2026-10-04T01:08:38,io.md2.w_await,0.45
1791047319,2026-10-04T01:08:38,io.md2.f/s,0.0
1791047319,2026-10-04T01:08:38,io.md2.aqu-sz,0.03
1791047319,2026-10-04T01:08:38,io.md2.%util,1.87
1791047319,2026-10-04T01:08:38,io.nvme0n1.r/s,0.0
1791047319,2026-10-04T01:08:38,io.nvme0n1.rkB/s,0.0
1791047319,2026-10-04T01:08:38,io.nvme0n1.r_await,0.0
1791047319,2026-10-04T01:08:38,io.nvme0n1.w/s,33.7
1791047319,2026-10-04T01:08:38,io.nvme0n1.wkB/s,441.6
1791047319,2026-10-04T01:08:38,io.nvme0n1.w_await,0.69
1791047319,2026-10-04T01:08:38,io.nvme0n1.f/s,4.0
1791047319,2026-10-04T01:08:38,io.nvme0n1.aqu-sz,0.03
1791047319,2026-10-04T01:08:38,io.nvme0n1.%util,1.64
1791047319,2026-10-04T01:08:38,io.nvme1n1.r/s,0.0
1791047319,2026-10-04T01:08:38,io.nvme1n1.rkB/s,0.0
1791047319,2026-10-04T01:08:38,io.nvme1n1.r_await,0.0
1791047319,2026-10-04T01:08:38,io.nvme1n1.w/s,27.1
1791047319,2026-10-04T01:08:38,io.nvme1n1.wkB/s,386.0
1791047319,2026-10-04T01:08:38,io.nvme1n1.w_await,0.67
1791047319,2026-10-04T01:08:38,io.nvme1n1.f/s,4.0
1791047319,2026-10-04T01:08:38,io.nvme1n1.aqu-sz,0.02
1791047319,2026-10-04T01:08:38,io.nvme1n1.%util,1.34
1791047329,2026-10-04T01:08:48,host.cpu_pct,62.202306342441716
1791047329,2026-10-04T01:08:48,host.run_cpu_pct,61.82291638883447
1791047329,2026-10-04T01:08:48,host.nonrun_cpu_pct,0.3793899536072445
1791047329,2026-10-04T01:08:48,docker.dev-peer0.org2.example.com-saksi-bulletin_1.0-ee3fe73bad456e43adfc5ba27d9e5a60983b69e8496140308fb21061ecb2ff85.cpu_pct,0.0
1791047329,2026-10-04T01:08:48,docker.dev-peer0.org2.example.com-saksi-bulletin_1.0-ee3fe73bad456e43adfc5ba27d9e5a60983b69e8496140308fb21061ecb2ff85.mem_bytes,7430209.536
1791047329,2026-10-04T01:08:48,docker.dev-peer0.org2.example.com-saksi-bulletin_1.0-ee3fe73bad456e43adfc5ba27d9e5a60983b69e8496140308fb21061ecb2ff85.blk_read_bytes,0.0
1791047329,2026-10-04T01:08:48,docker.dev-peer0.org2.example.com-saksi-bulletin_1.0-ee3fe73bad456e43adfc5ba27d9e5a60983b69e8496140308fb21061ecb2ff85.blk_write_bytes,0.0
1791047329,2026-10-04T01:08:48,docker.dev-peer0.org1.example.com-saksi-bulletin_1.0-ee3fe73bad456e43adfc5ba27d9e5a60983b69e8496140308fb21061ecb2ff85.cpu_pct,0.0
1791047329,2026-10-04T01:08:48,docker.dev-peer0.org1.example.com-saksi-bulletin_1.0-ee3fe73bad456e43adfc5ba27d9e5a60983b69e8496140308fb21061ecb2ff85.mem_bytes,27367833.6
1791047329,2026-10-04T01:08:48,docker.dev-peer0.org1.example.com-saksi-bulletin_1.0-ee3fe73bad456e43adfc5ba27d9e5a60983b69e8496140308fb21061ecb2ff85.blk_read_bytes,0.0
1791047329,2026-10-04T01:08:48,docker.dev-peer0.org1.example.com-saksi-bulletin_1.0-ee3fe73bad456e43adfc5ba27d9e5a60983b69e8496140308fb21061ecb2ff85.blk_write_bytes,0.0
1791047329,2026-10-04T01:08:48,docker.peer0.org2.example.com.cpu_pct,1.67
1791047329,2026-10-04T01:08:48,docker.peer0.org2.example.com.mem_bytes,193357414.4
1791047329,2026-10-04T01:08:48,docker.peer0.org2.example.com.blk_read_bytes,0.0
1791047329,2026-10-04T01:08:48,docker.peer0.org2.example.com.blk_write_bytes,1980000000.0
1791047329,2026-10-04T01:08:48,docker.peer0.org1.example.com.cpu_pct,1.95
1791047329,2026-10-04T01:08:48,docker.peer0.org1.example.com.mem_bytes,269379174.4
1791047329,2026-10-04T01:08:48,docker.peer0.org1.example.com.blk_read_bytes,0.0
1791047329,2026-10-04T01:08:48,docker.peer0.org1.example.com.blk_write_bytes,1980000000.0
1791047329,2026-10-04T01:08:48,docker.orderer.example.com.cpu_pct,0.33
1791047329,2026-10-04T01:08:48,docker.orderer.example.com.mem_bytes,90534051.84
1791047329,2026-10-04T01:08:48,docker.orderer.example.com.blk_read_bytes,0.0
1791047329,2026-10-04T01:08:48,docker.orderer.example.com.blk_write_bytes,1150000000.0
1791047329,2026-10-04T01:08:48,host.MemTotal_kb,64932116
1791047329,2026-10-04T01:08:48,host.MemAvailable_kb,63061624
1791047329,2026-10-04T01:08:48,host.Cached_kb,8876212
1791047329,2026-10-04T01:08:48,host.SwapTotal_kb,0
1791047329,2026-10-04T01:08:48,host.SwapFree_kb,0
1791047329,2026-10-04T01:08:48,host.Dirty_kb,238116
1791047329,2026-10-04T01:08:48,host.load1,7.97
1791047329,2026-10-04T01:08:48,host.load5,4.09
1791047329,2026-10-04T01:08:48,host.root_free_bytes,933970305024
1791047329,2026-10-04T01:08:48,host.root_used_bytes,11002531840
1791047329,2026-10-04T01:08:48,io.md2.r/s,0.0
1791047329,2026-10-04T01:08:48,io.md2.rkB/s,0.0
1791047329,2026-10-04T01:08:48,io.md2.r_await,0.0
1791047329,2026-10-04T01:08:48,io.md2.w/s,56.7
1791047329,2026-10-04T01:08:48,io.md2.wkB/s,1908.0
1791047329,2026-10-04T01:08:48,io.md2.w_await,0.26
1791047329,2026-10-04T01:08:48,io.md2.f/s,0.0
1791047329,2026-10-04T01:08:48,io.md2.aqu-sz,0.01
1791047329,2026-10-04T01:08:48,io.md2.%util,0.43
1791047329,2026-10-04T01:08:48,io.nvme0n1.r/s,0.0
1791047329,2026-10-04T01:08:48,io.nvme0n1.rkB/s,0.0
1791047329,2026-10-04T01:08:48,io.nvme0n1.r_await,0.0
1791047329,2026-10-04T01:08:48,io.nvme0n1.w/s,26.5
1791047329,2026-10-04T01:08:48,io.nvme0n1.wkB/s,941.2
1791047329,2026-10-04T01:08:48,io.nvme0n1.w_await,0.28
1791047329,2026-10-04T01:08:48,io.nvme0n1.f/s,0.2
1791047329,2026-10-04T01:08:48,io.nvme0n1.aqu-sz,0.01
1791047329,2026-10-04T01:08:48,io.nvme0n1.%util,0.15
1791047329,2026-10-04T01:08:48,io.nvme1n1.r/s,0.0
1791047329,2026-10-04T01:08:48,io.nvme1n1.rkB/s,0.0
1791047329,2026-10-04T01:08:48,io.nvme1n1.r_await,0.0
1791047329,2026-10-04T01:08:48,io.nvme1n1.w/s,25.1
1791047329,2026-10-04T01:08:48,io.nvme1n1.wkB/s,966.8
1791047329,2026-10-04T01:08:48,io.nvme1n1.w_await,0.23
1791047329,2026-10-04T01:08:48,io.nvme1n1.f/s,0.2
1791047329,2026-10-04T01:08:48,io.nvme1n1.aqu-sz,0.01
1791047329,2026-10-04T01:08:48,io.nvme1n1.%util,0.1
1791047339,2026-10-04T01:08:58,host.cpu_pct,31.264659270998415
1791047339,2026-10-04T01:08:58,host.run_cpu_pct,31.047363780163437
1791047339,2026-10-04T01:08:58,host.nonrun_cpu_pct,0.217295490834978
1791047339,2026-10-04T01:08:58,docker.dev-peer0.org2.example.com-saksi-bulletin_1.0-ee3fe73bad456e43adfc5ba27d9e5a60983b69e8496140308fb21061ecb2ff85.cpu_pct,0.0
1791047339,2026-10-04T01:08:58,docker.dev-peer0.org2.example.com-saksi-bulletin_1.0-ee3fe73bad456e43adfc5ba27d9e5a60983b69e8496140308fb21061ecb2ff85.mem_bytes,7532969.984
1791047339,2026-10-04T01:08:58,docker.dev-peer0.org2.example.com-saksi-bulletin_1.0-ee3fe73bad456e43adfc5ba27d9e5a60983b69e8496140308fb21061ecb2ff85.blk_read_bytes,0.0
1791047339,2026-10-04T01:08:58,docker.dev-peer0.org2.example.com-saksi-bulletin_1.0-ee3fe73bad456e43adfc5ba27d9e5a60983b69e8496140308fb21061ecb2ff85.blk_write_bytes,0.0
1791047339,2026-10-04T01:08:58,docker.dev-peer0.org1.example.com-saksi-bulletin_1.0-ee3fe73bad456e43adfc5ba27d9e5a60983b69e8496140308fb21061ecb2ff85.cpu_pct,367.11
1791047339,2026-10-04T01:08:58,docker.dev-peer0.org1.example.com-saksi-bulletin_1.0-ee3fe73bad456e43adfc5ba27d9e5a60983b69e8496140308fb21061ecb2ff85.mem_bytes,21233664.0
1791047339,2026-10-04T01:08:58,docker.dev-peer0.org1.example.com-saksi-bulletin_1.0-ee3fe73bad456e43adfc5ba27d9e5a60983b69e8496140308fb21061ecb2ff85.blk_read_bytes,0.0
1791047339,2026-10-04T01:08:58,docker.dev-peer0.org1.example.com-saksi-bulletin_1.0-ee3fe73bad456e43adfc5ba27d9e5a60983b69e8496140308fb21061ecb2ff85.blk_write_bytes,0.0
1791047339,2026-10-04T01:08:58,docker.peer0.org2.example.com.cpu_pct,60.43
1791047339,2026-10-04T01:08:58,docker.peer0.org2.example.com.mem_bytes,190001971.2
1791047339,2026-10-04T01:08:58,docker.peer0.org2.example.com.blk_read_bytes,0.0
1791047339,2026-10-04T01:08:58,docker.peer0.org2.example.com.blk_write_bytes,2370000000.0
1791047339,2026-10-04T01:08:58,docker.peer0.org1.example.com.cpu_pct,190.4
1791047339,2026-10-04T01:08:58,docker.peer0.org1.example.com.mem_bytes,215901798.4
1791047339,2026-10-04T01:08:58,docker.peer0.org1.example.com.blk_read_bytes,0.0
1791047339,2026-10-04T01:08:58,docker.peer0.org1.example.com.blk_write_bytes,2370000000.0
1791047339,2026-10-04T01:08:58,docker.orderer.example.com.cpu_pct,52.26
1791047339,2026-10-04T01:08:58,docker.orderer.example.com.mem_bytes,222507827.2
1791047339,2026-10-04T01:08:58,docker.orderer.example.com.blk_read_bytes,0.0
1791047339,2026-10-04T01:08:58,docker.orderer.example.com.blk_write_bytes,1410000000.0
1791047339,2026-10-04T01:08:58,host.MemTotal_kb,64932116
1791047339,2026-10-04T01:08:58,host.MemAvailable_kb,62981616
1791047339,2026-10-04T01:08:58,host.Cached_kb,9175268
1791047339,2026-10-04T01:08:58,host.SwapTotal_kb,0
1791047339,2026-10-04T01:08:58,host.SwapFree_kb,0
1791047339,2026-10-04T01:08:58,host.Dirty_kb,225376
1791047339,2026-10-04T01:08:58,host.load1,7.51
1791047339,2026-10-04T01:08:58,host.load5,4.12
1791047339,2026-10-04T01:08:58,host.root_free_bytes,933663666176
1791047339,2026-10-04T01:08:58,host.root_used_bytes,11309170688
1791047339,2026-10-04T01:08:58,io.md2.r/s,0.0
1791047339,2026-10-04T01:08:58,io.md2.rkB/s,0.0
1791047339,2026-10-04T01:08:58,io.md2.r_await,0.0
1791047339,2026-10-04T01:08:58,io.md2.w/s,144.0
1791047339,2026-10-04T01:08:58,io.md2.wkB/s,10088.4
1791047339,2026-10-04T01:08:58,io.md2.w_await,0.12
1791047339,2026-10-04T01:08:58,io.md2.f/s,0.0
1791047339,2026-10-04T01:08:58,io.md2.aqu-sz,0.02
1791047339,2026-10-04T01:08:58,io.md2.%util,0.81
1791047339,2026-10-04T01:08:58,io.nvme0n1.r/s,0.0
1791047339,2026-10-04T01:08:58,io.nvme0n1.rkB/s,0.0
1791047339,2026-10-04T01:08:58,io.nvme0n1.r_await,0.0
1791047339,2026-10-04T01:08:58,io.nvme0n1.w/s,65.1
1791047339,2026-10-04T01:08:58,io.nvme0n1.wkB/s,5009.2
1791047339,2026-10-04T01:08:58,io.nvme0n1.w_await,0.14
1791047339,2026-10-04T01:08:58,io.nvme0n1.f/s,1.4
1791047339,2026-10-04T01:08:58,io.nvme0n1.aqu-sz,0.01
1791047339,2026-10-04T01:08:58,io.nvme0n1.%util,0.17
1791047339,2026-10-04T01:08:58,io.nvme1n1.r/s,0.0
1791047339,2026-10-04T01:08:58,io.nvme1n1.rkB/s,0.0
1791047339,2026-10-04T01:08:58,io.nvme1n1.r_await,0.0
1791047339,2026-10-04T01:08:58,io.nvme1n1.w/s,68.5
1791047339,2026-10-04T01:08:58,io.nvme1n1.wkB/s,5079.2
1791047339,2026-10-04T01:08:58,io.nvme1n1.w_await,0.21
1791047339,2026-10-04T01:08:58,io.nvme1n1.f/s,1.4
1791047339,2026-10-04T01:08:58,io.nvme1n1.aqu-sz,0.02
1791047339,2026-10-04T01:08:58,io.nvme1n1.%util,0.72
1791047349,2026-10-04T01:09:08,host.cpu_pct,44.953133966715555
1791047349,2026-10-04T01:09:08,host.run_cpu_pct,44.51860586108684
1791047349,2026-10-04T01:09:08,host.nonrun_cpu_pct,0.4345281056287149
1791047349,2026-10-04T01:09:08,docker.dev-peer0.org2.example.com-saksi-bulletin_1.0-ee3fe73bad456e43adfc5ba27d9e5a60983b69e8496140308fb21061ecb2ff85.cpu_pct,0.0
1791047349,2026-10-04T01:09:08,docker.dev-peer0.org2.example.com-saksi-bulletin_1.0-ee3fe73bad456e43adfc5ba27d9e5a60983b69e8496140308fb21061ecb2ff85.mem_bytes,7532969.984
1791047349,2026-10-04T01:09:08,docker.dev-peer0.org2.example.com-saksi-bulletin_1.0-ee3fe73bad456e43adfc5ba27d9e5a60983b69e8496140308fb21061ecb2ff85.blk_read_bytes,0.0
1791047349,2026-10-04T01:09:08,docker.dev-peer0.org2.example.com-saksi-bulletin_1.0-ee3fe73bad456e43adfc5ba27d9e5a60983b69e8496140308fb21061ecb2ff85.blk_write_bytes,0.0
1791047349,2026-10-04T01:09:08,docker.dev-peer0.org1.example.com-saksi-bulletin_1.0-ee3fe73bad456e43adfc5ba27d9e5a60983b69e8496140308fb21061ecb2ff85.cpu_pct,367.35
1791047349,2026-10-04T01:09:08,docker.dev-peer0.org1.example.com-saksi-bulletin_1.0-ee3fe73bad456e43adfc5ba27d9e5a60983b69e8496140308fb21061ecb2ff85.mem_bytes,21307064.32
1791047349,2026-10-04T01:09:08,docker.dev-peer0.org1.example.com-saksi-bulletin_1.0-ee3fe73bad456e43adfc5ba27d9e5a60983b69e8496140308fb21061ecb2ff85.blk_read_bytes,0.0
1791047349,2026-10-04T01:09:08,docker.dev-peer0.org1.example.com-saksi-bulletin_1.0-ee3fe73bad456e43adfc5ba27d9e5a60983b69e8496140308fb21061ecb2ff85.blk_write_bytes,0.0
1791047349,2026-10-04T01:09:08,docker.peer0.org2.example.com.cpu_pct,69.48
1791047349,2026-10-04T01:09:08,docker.peer0.org2.example.com.mem_bytes,202899456.0
1791047349,2026-10-04T01:09:08,docker.peer0.org2.example.com.blk_read_bytes,0.0
1791047349,2026-10-04T01:09:08,docker.peer0.org2.example.com.blk_write_bytes,2890000000.0
1791047349,2026-10-04T01:09:08,docker.peer0.org1.example.com.cpu_pct,198.0
1791047349,2026-10-04T01:09:08,docker.peer0.org1.example.com.mem_bytes,228904140.8
1791047349,2026-10-04T01:09:08,docker.peer0.org1.example.com.blk_read_bytes,0.0
1791047349,2026-10-04T01:09:08,docker.peer0.org1.example.com.blk_write_bytes,2890000000.0
1791047349,2026-10-04T01:09:08,docker.orderer.example.com.cpu_pct,50.34
1791047349,2026-10-04T01:09:08,docker.orderer.example.com.mem_bytes,394264576.0
1791047349,2026-10-04T01:09:08,docker.orderer.example.com.blk_read_bytes,0.0
1791047349,2026-10-04T01:09:08,docker.orderer.example.com.blk_write_bytes,1730000000.0
1791047349,2026-10-04T01:09:08,host.MemTotal_kb,64932116
1791047349,2026-10-04T01:09:08,host.MemAvailable_kb,62771688
1791047349,2026-10-04T01:09:08,host.Cached_kb,9542584
1791047349,2026-10-04T01:09:08,host.SwapTotal_kb,0
1791047349,2026-10-04T01:09:08,host.SwapFree_kb,0
1791047349,2026-10-04T01:09:08,host.Dirty_kb,26112
1791047349,2026-10-04T01:09:08,host.load1,8.45
1791047349,2026-10-04T01:09:08,host.load5,4.44
1791047349,2026-10-04T01:09:08,host.root_free_bytes,933301571584
1791047349,2026-10-04T01:09:08,host.root_used_bytes,11671265280
1791047349,2026-10-04T01:09:08,io.md2.r/s,0.0
1791047349,2026-10-04T01:09:08,io.md2.rkB/s,0.0
1791047349,2026-10-04T01:09:08,io.md2.r_await,0.0
1791047349,2026-10-04T01:09:08,io.md2.w/s,1623.5
1791047349,2026-10-04T01:09:08,io.md2.wkB/s,52759.6
1791047349,2026-10-04T01:09:08,io.md2.w_await,0.34
1791047349,2026-10-04T01:09:08,io.md2.f/s,0.0
1791047349,2026-10-04T01:09:08,io.md2.aqu-sz,0.55
1791047349,2026-10-04T01:09:08,io.md2.%util,47.06
1791047349,2026-10-04T01:09:08,io.nvme0n1.r/s,0.0
1791047349,2026-10-04T01:09:08,io.nvme0n1.rkB/s,0.0
1791047349,2026-10-04T01:09:08,io.nvme0n1.r_await,0.0
1791047349,2026-10-04T01:09:08,io.nvme0n1.w/s,525.0
1791047349,2026-10-04T01:09:08,io.nvme0n1.wkB/s,25998.4
1791047349,2026-10-04T01:09:08,io.nvme0n1.w_await,0.72
1791047349,2026-10-04T01:09:08,io.nvme0n1.f/s,119.5
1791047349,2026-10-04T01:09:08,io.nvme0n1.aqu-sz,0.51
1791047349,2026-10-04T01:09:08,io.nvme0n1.%util,31.02
1791047349,2026-10-04T01:09:08,io.nvme1n1.r/s,0.0
1791047349,2026-10-04T01:09:08,io.nvme1n1.rkB/s,0.0
1791047349,2026-10-04T01:09:08,io.nvme1n1.r_await,0.0
1791047349,2026-10-04T01:09:08,io.nvme1n1.w/s,573.4
1791047349,2026-10-04T01:09:08,io.nvme1n1.wkB/s,26761.2
1791047349,2026-10-04T01:09:08,io.nvme1n1.w_await,0.7
1791047349,2026-10-04T01:09:08,io.nvme1n1.f/s,119.5
1791047349,2026-10-04T01:09:08,io.nvme1n1.aqu-sz,0.54
1791047349,2026-10-04T01:09:08,io.nvme1n1.%util,31.23
1791047359,2026-10-04T01:09:18,host.cpu_pct,44.93916809987898
1791047359,2026-10-04T01:09:18,host.run_cpu_pct,44.4449695569235
1791047359,2026-10-04T01:09:18,host.nonrun_cpu_pct,0.4941985429554734
1791047359,2026-10-04T01:09:18,docker.dev-peer0.org2.example.com-saksi-bulletin_1.0-ee3fe73bad456e43adfc5ba27d9e5a60983b69e8496140308fb21061ecb2ff85.cpu_pct,0.0
1791047359,2026-10-04T01:09:18,docker.dev-peer0.org2.example.com-saksi-bulletin_1.0-ee3fe73bad456e43adfc5ba27d9e5a60983b69e8496140308fb21061ecb2ff85.mem_bytes,6758072.32
1791047359,2026-10-04T01:09:18,docker.dev-peer0.org2.example.com-saksi-bulletin_1.0-ee3fe73bad456e43adfc5ba27d9e5a60983b69e8496140308fb21061ecb2ff85.blk_read_bytes,0.0
1791047359,2026-10-04T01:09:18,docker.dev-peer0.org2.example.com-saksi-bulletin_1.0-ee3fe73bad456e43adfc5ba27d9e5a60983b69e8496140308fb21061ecb2ff85.blk_write_bytes,0.0
1791047359,2026-10-04T01:09:18,docker.dev-peer0.org1.example.com-saksi-bulletin_1.0-ee3fe73bad456e43adfc5ba27d9e5a60983b69e8496140308fb21061ecb2ff85.cpu_pct,347.46
1791047359,2026-10-04T01:09:18,docker.dev-peer0.org1.example.com-saksi-bulletin_1.0-ee3fe73bad456e43adfc5ba27d9e5a60983b69e8496140308fb21061ecb2ff85.mem_bytes,20929576.96
1791047359,2026-10-04T01:09:18,docker.dev-peer0.org1.example.com-saksi-bulletin_1.0-ee3fe73bad456e43adfc5ba27d9e5a60983b69e8496140308fb21061ecb2ff85.blk_read_bytes,0.0
1791047359,2026-10-04T01:09:18,docker.dev-peer0.org1.example.com-saksi-bulletin_1.0-ee3fe73bad456e43adfc5ba27d9e5a60983b69e8496140308fb21061ecb2ff85.blk_write_bytes,0.0
1791047359,2026-10-04T01:09:18,docker.peer0.org2.example.com.cpu_pct,54.88
1791047359,2026-10-04T01:09:18,docker.peer0.org2.example.com.mem_bytes,220725248.0
1791047359,2026-10-04T01:09:18,docker.peer0.org2.example.com.blk_read_bytes,0.0
1791047359,2026-10-04T01:09:18,docker.peer0.org2.example.com.blk_write_bytes,3490000000.0
1791047359,2026-10-04T01:09:18,docker.peer0.org1.example.com.cpu_pct,182.09
1791047359,2026-10-04T01:09:18,docker.peer0.org1.example.com.mem_bytes,232364441.6
1791047359,2026-10-04T01:09:18,docker.peer0.org1.example.com.blk_read_bytes,0.0
1791047359,2026-10-04T01:09:18,docker.peer0.org1.example.com.blk_write_bytes,3490000000.0
1791047359,2026-10-04T01:09:18,docker.orderer.example.com.cpu_pct,45.74
1791047359,2026-10-04T01:09:18,docker.orderer.example.com.mem_bytes,551026688.0
1791047359,2026-10-04T01:09:18,docker.orderer.example.com.blk_read_bytes,0.0
1791047359,2026-10-04T01:09:18,docker.orderer.example.com.blk_write_bytes,2040000000.0
1791047359,2026-10-04T01:09:18,host.MemTotal_kb,64932116
1791047359,2026-10-04T01:09:18,host.MemAvailable_kb,62638928
1791047359,2026-10-04T01:09:18,host.Cached_kb,9912016
1791047359,2026-10-04T01:09:18,host.SwapTotal_kb,0
1791047359,2026-10-04T01:09:18,host.SwapFree_kb,0
1791047359,2026-10-04T01:09:18,host.Dirty_kb,4788
1791047359,2026-10-04T01:09:18,host.load1,9.3
1791047359,2026-10-04T01:09:18,host.load5,4.77
1791047359,2026-10-04T01:09:18,host.root_free_bytes,932937134080
1791047359,2026-10-04T01:09:18,host.root_used_bytes,12035702784
1791047359,2026-10-04T01:09:18,io.md2.r/s,0.0
1791047359,2026-10-04T01:09:18,io.md2.rkB/s,0.0
1791047359,2026-10-04T01:09:18,io.md2.r_await,0.0
1791047359,2026-10-04T01:09:18,io.md2.w/s,2391.1
1791047359,2026-10-04T01:09:18,io.md2.wkB/s,86480.0
1791047359,2026-10-04T01:09:18,io.md2.w_await,0.35
1791047359,2026-10-04T01:09:18,io.md2.f/s,0.0
1791047359,2026-10-04T01:09:18,io.md2.aqu-sz,0.84
1791047359,2026-10-04T01:09:18,io.md2.%util,67.98
1791047359,2026-10-04T01:09:18,io.nvme0n1.r/s,0.0
1791047359,2026-10-04T01:09:18,io.nvme0n1.rkB/s,0.0
1791047359,2026-10-04T01:09:18,io.nvme0n1.r_await,0.0
1791047359,2026-10-04T01:09:18,io.nvme0n1.w/s,805.7
1791047359,2026-10-04T01:09:18,io.nvme0n1.wkB/s,42872.8
1791047359,2026-10-04T01:09:18,io.nvme0n1.w_await,0.73
1791047359,2026-10-04T01:09:18,io.nvme0n1.f/s,172.9
1791047359,2026-10-04T01:09:18,io.nvme0n1.aqu-sz,0.78
1791047359,2026-10-04T01:09:18,io.nvme0n1.%util,45.29
1791047359,2026-10-04T01:09:18,io.nvme1n1.r/s,0.0
1791047359,2026-10-04T01:09:18,io.nvme1n1.rkB/s,0.0
1791047359,2026-10-04T01:09:18,io.nvme1n1.r_await,0.0
1791047359,2026-10-04T01:09:18,io.nvme1n1.w/s,847.6
1791047359,2026-10-04T01:09:18,io.nvme1n1.wkB/s,43607.2
1791047359,2026-10-04T01:09:18,io.nvme1n1.w_await,0.69
1791047359,2026-10-04T01:09:18,io.nvme1n1.f/s,172.8
1791047359,2026-10-04T01:09:18,io.nvme1n1.aqu-sz,0.78
1791047359,2026-10-04T01:09:18,io.nvme1n1.%util,46.21
1791047369,2026-10-04T01:09:28,host.cpu_pct,42.286589256092896
1791047369,2026-10-04T01:09:28,host.run_cpu_pct,41.61460614785024
1791047369,2026-10-04T01:09:28,host.nonrun_cpu_pct,0.6719831082426566
1791047369,2026-10-04T01:09:28,docker.dev-peer0.org2.example.com-saksi-bulletin_1.0-ee3fe73bad456e43adfc5ba27d9e5a60983b69e8496140308fb21061ecb2ff85.cpu_pct,0.0
1791047369,2026-10-04T01:09:28,docker.dev-peer0.org2.example.com-saksi-bulletin_1.0-ee3fe73bad456e43adfc5ba27d9e5a60983b69e8496140308fb21061ecb2ff85.mem_bytes,6758072.32
1791047369,2026-10-04T01:09:28,docker.dev-peer0.org2.example.com-saksi-bulletin_1.0-ee3fe73bad456e43adfc5ba27d9e5a60983b69e8496140308fb21061ecb2ff85.blk_read_bytes,0.0
1791047369,2026-10-04T01:09:28,docker.dev-peer0.org2.example.com-saksi-bulletin_1.0-ee3fe73bad456e43adfc5ba27d9e5a60983b69e8496140308fb21061ecb2ff85.blk_write_bytes,0.0
1791047369,2026-10-04T01:09:28,docker.dev-peer0.org1.example.com-saksi-bulletin_1.0-ee3fe73bad456e43adfc5ba27d9e5a60983b69e8496140308fb21061ecb2ff85.cpu_pct,0.0
1791047369,2026-10-04T01:09:28,docker.dev-peer0.org1.example.com-saksi-bulletin_1.0-ee3fe73bad456e43adfc5ba27d9e5a60983b69e8496140308fb21061ecb2ff85.mem_bytes,18465423.36
1791047369,2026-10-04T01:09:28,docker.dev-peer0.org1.example.com-saksi-bulletin_1.0-ee3fe73bad456e43adfc5ba27d9e5a60983b69e8496140308fb21061ecb2ff85.blk_read_bytes,0.0
1791047369,2026-10-04T01:09:28,docker.dev-peer0.org1.example.com-saksi-bulletin_1.0-ee3fe73bad456e43adfc5ba27d9e5a60983b69e8496140308fb21061ecb2ff85.blk_write_bytes,0.0
1791047369,2026-10-04T01:09:28,docker.peer0.org2.example.com.cpu_pct,0.59
1791047369,2026-10-04T01:09:28,docker.peer0.org2.example.com.mem_bytes,230896435.2
1791047369,2026-10-04T01:09:28,docker.peer0.org2.example.com.blk_read_bytes,0.0
1791047369,2026-10-04T01:09:28,docker.peer0.org2.example.com.blk_write_bytes,4200000000.0
1791047369,2026-10-04T01:09:28,docker.peer0.org1.example.com.cpu_pct,30.75
1791047369,2026-10-04T01:09:28,docker.peer0.org1.example.com.mem_bytes,249770803.2
1791047369,2026-10-04T01:09:28,docker.peer0.org1.example.com.blk_read_bytes,0.0
1791047369,2026-10-04T01:09:28,docker.peer0.org1.example.com.blk_write_bytes,4200000000.0
1791047369,2026-10-04T01:09:28,docker.orderer.example.com.cpu_pct,0.03
1791047369,2026-10-04T01:09:28,docker.orderer.example.com.mem_bytes,137992601.6
1791047369,2026-10-04T01:09:28,docker.orderer.example.com.blk_read_bytes,0.0
1791047369,2026-10-04T01:09:28,docker.orderer.example.com.blk_write_bytes,2290000000.0
1791047369,2026-10-04T01:09:28,host.MemTotal_kb,64932116
1791047369,2026-10-04T01:09:28,host.MemAvailable_kb,63022620
1791047369,2026-10-04T01:09:28,host.Cached_kb,10203016
1791047369,2026-10-04T01:09:28,host.SwapTotal_kb,0
1791047369,2026-10-04T01:09:28,host.SwapFree_kb,0
1791047369,2026-10-04T01:09:28,host.Dirty_kb,25224
1791047369,2026-10-04T01:09:28,host.load1,8.25
1791047369,2026-10-04T01:09:28,host.load5,4.69
1791047369,2026-10-04T01:09:28,host.root_free_bytes,932636241920
1791047369,2026-10-04T01:09:28,host.root_used_bytes,12336594944
1791047369,2026-10-04T01:09:28,io.md2.r/s,0.0
1791047369,2026-10-04T01:09:28,io.md2.rkB/s,0.0
1791047369,2026-10-04T01:09:28,io.md2.r_await,0.0
1791047369,2026-10-04T01:09:28,io.md2.w/s,2491.8
1791047369,2026-10-04T01:09:28,io.md2.wkB/s,91664.0
1791047369,2026-10-04T01:09:28,io.md2.w_await,0.33
1791047369,2026-10-04T01:09:28,io.md2.f/s,0.0
1791047369,2026-10-04T01:09:28,io.md2.aqu-sz,0.81
1791047369,2026-10-04T01:09:28,io.md2.%util,68.07
1791047369,2026-10-04T01:09:28,io.nvme0n1.r/s,0.0
1791047369,2026-10-04T01:09:28,io.nvme0n1.rkB/s,0.0
1791047369,2026-10-04T01:09:28,io.nvme0n1.r_await,0.0
1791047369,2026-10-04T01:09:28,io.nvme0n1.w/s,826.3
1791047369,2026-10-04T01:09:28,io.nvme0n1.wkB/s,45432.0
1791047369,2026-10-04T01:09:28,io.nvme0n1.w_await,0.69
1791047369,2026-10-04T01:09:28,io.nvme0n1.f/s,172.6
1791047369,2026-10-04T01:09:28,io.nvme0n1.aqu-sz,0.76
1791047369,2026-10-04T01:09:28,io.nvme0n1.%util,45.42
1791047369,2026-10-04T01:09:28,io.nvme1n1.r/s,0.0
1791047369,2026-10-04T01:09:28,io.nvme1n1.rkB/s,0.0
1791047369,2026-10-04T01:09:28,io.nvme1n1.r_await,0.0
1791047369,2026-10-04T01:09:28,io.nvme1n1.w/s,865.2
1791047369,2026-10-04T01:09:28,io.nvme1n1.wkB/s,46232.0
1791047369,2026-10-04T01:09:28,io.nvme1n1.w_await,0.67
1791047369,2026-10-04T01:09:28,io.nvme1n1.f/s,172.7
1791047369,2026-10-04T01:09:28,io.nvme1n1.aqu-sz,0.77
1791047369,2026-10-04T01:09:28,io.nvme1n1.%util,44.79
1791047379,2026-10-04T01:09:38,host.cpu_pct,9.121813031161473
1791047379,2026-10-04T01:09:38,host.run_cpu_pct,9.11834757704946
1791047379,2026-10-04T01:09:38,host.nonrun_cpu_pct,0.0034654541120122673
1791047379,2026-10-04T01:09:38,docker.dev-peer0.org2.example.com-saksi-bulletin_1.0-ee3fe73bad456e43adfc5ba27d9e5a60983b69e8496140308fb21061ecb2ff85.cpu_pct,0.0
1791047379,2026-10-04T01:09:38,docker.dev-peer0.org2.example.com-saksi-bulletin_1.0-ee3fe73bad456e43adfc5ba27d9e5a60983b69e8496140308fb21061ecb2ff85.mem_bytes,6758072.32
1791047379,2026-10-04T01:09:38,docker.dev-peer0.org2.example.com-saksi-bulletin_1.0-ee3fe73bad456e43adfc5ba27d9e5a60983b69e8496140308fb21061ecb2ff85.blk_read_bytes,0.0
1791047379,2026-10-04T01:09:38,docker.dev-peer0.org2.example.com-saksi-bulletin_1.0-ee3fe73bad456e43adfc5ba27d9e5a60983b69e8496140308fb21061ecb2ff85.blk_write_bytes,0.0
1791047379,2026-10-04T01:09:38,docker.dev-peer0.org1.example.com-saksi-bulletin_1.0-ee3fe73bad456e43adfc5ba27d9e5a60983b69e8496140308fb21061ecb2ff85.cpu_pct,0.0
1791047379,2026-10-04T01:09:38,docker.dev-peer0.org1.example.com-saksi-bulletin_1.0-ee3fe73bad456e43adfc5ba27d9e5a60983b69e8496140308fb21061ecb2ff85.mem_bytes,15823011.84
1791047379,2026-10-04T01:09:38,docker.dev-peer0.org1.example.com-saksi-bulletin_1.0-ee3fe73bad456e43adfc5ba27d9e5a60983b69e8496140308fb21061ecb2ff85.blk_read_bytes,0.0
1791047379,2026-10-04T01:09:38,docker.dev-peer0.org1.example.com-saksi-bulletin_1.0-ee3fe73bad456e43adfc5ba27d9e5a60983b69e8496140308fb21061ecb2ff85.blk_write_bytes,0.0
1791047379,2026-10-04T01:09:38,docker.peer0.org2.example.com.cpu_pct,1.8
1791047379,2026-10-04T01:09:38,docker.peer0.org2.example.com.mem_bytes,230896435.2
1791047379,2026-10-04T01:09:38,docker.peer0.org2.example.com.blk_read_bytes,0.0
1791047379,2026-10-04T01:09:38,docker.peer0.org2.example.com.blk_write_bytes,4200000000.0
1791047379,2026-10-04T01:09:38,docker.peer0.org1.example.com.cpu_pct,1.98
1791047379,2026-10-04T01:09:38,docker.peer0.org1.example.com.mem_bytes,259837132.8
1791047379,2026-10-04T01:09:38,docker.peer0.org1.example.com.blk_read_bytes,0.0
1791047379,2026-10-04T01:09:38,docker.peer0.org1.example.com.blk_write_bytes,4200000000.0
1791047379,2026-10-04T01:09:38,docker.orderer.example.com.cpu_pct,0.07
1791047379,2026-10-04T01:09:38,docker.orderer.example.com.mem_bytes,139460608.0
1791047379,2026-10-04T01:09:38,docker.orderer.example.com.blk_read_bytes,0.0
1791047379,2026-10-04T01:09:38,docker.orderer.example.com.blk_write_bytes,2290000000.0
1791047379,2026-10-04T01:09:38,host.MemTotal_kb,64932116
1791047379,2026-10-04T01:09:38,host.MemAvailable_kb,63009256
1791047379,2026-10-04T01:09:38,host.Cached_kb,10208764
1791047379,2026-10-04T01:09:38,host.SwapTotal_kb,0
1791047379,2026-10-04T01:09:38,host.SwapFree_kb,0
1791047379,2026-10-04T01:09:38,host.Dirty_kb,21288
1791047379,2026-10-04T01:09:38,host.load1,6.98
1791047379,2026-10-04T01:09:38,host.load5,4.54
1791047379,2026-10-04T01:09:38,host.root_free_bytes,932630495232
1791047379,2026-10-04T01:09:38,host.root_used_bytes,12342341632
1791047379,2026-10-04T01:09:38,io.md2.r/s,0.0
1791047379,2026-10-04T01:09:38,io.md2.rkB/s,0.0
1791047379,2026-10-04T01:09:38,io.md2.r_await,0.0
1791047379,2026-10-04T01:09:38,io.md2.w/s,2378.9
1791047379,2026-10-04T01:09:38,io.md2.wkB/s,90803.6
1791047379,2026-10-04T01:09:38,io.md2.w_await,0.32
1791047379,2026-10-04T01:09:38,io.md2.f/s,0.0
1791047379,2026-10-04T01:09:38,io.md2.aqu-sz,0.75
1791047379,2026-10-04T01:09:38,io.md2.%util,61.64
1791047379,2026-10-04T01:09:38,io.nvme0n1.r/s,0.0
1791047379,2026-10-04T01:09:38,io.nvme0n1.rkB/s,0.0
1791047379,2026-10-04T01:09:38,io.nvme0n1.r_await,0.0
1791047379,2026-10-04T01:09:38,io.nvme0n1.w/s,779.4
1791047379,2026-10-04T01:09:38,io.nvme0n1.wkB/s,44924.0
1791047379,2026-10-04T01:09:38,io.nvme0n1.w_await,0.66
1791047379,2026-10-04T01:09:38,io.nvme0n1.f/s,158.2
1791047379,2026-10-04T01:09:38,io.nvme0n1.aqu-sz,0.69
1791047379,2026-10-04T01:09:38,io.nvme0n1.%util,40.6
1791047379,2026-10-04T01:09:38,io.nvme1n1.r/s,0.0
1791047379,2026-10-04T01:09:38,io.nvme1n1.rkB/s,0.0
1791047379,2026-10-04T01:09:38,io.nvme1n1.r_await,0.0
1791047379,2026-10-04T01:09:38,io.nvme1n1.w/s,820.2
1791047379,2026-10-04T01:09:38,io.nvme1n1.wkB/s,45879.6
1791047379,2026-10-04T01:09:38,io.nvme1n1.w_await,0.64
1791047379,2026-10-04T01:09:38,io.nvme1n1.f/s,158.2
1791047379,2026-10-04T01:09:38,io.nvme1n1.aqu-sz,0.7
1791047379,2026-10-04T01:09:38,io.nvme1n1.%util,40.7
1791047389,2026-10-04T01:09:48,host.cpu_pct,3.732051363147574
1791047389,2026-10-04T01:09:48,host.run_cpu_pct,4.093511192049854
1791047389,2026-10-04T01:09:48,host.nonrun_cpu_pct,0.0
1791047389,2026-10-04T01:09:48,docker.dev-peer0.org2.example.com-saksi-bulletin_1.0-ee3fe73bad456e43adfc5ba27d9e5a60983b69e8496140308fb21061ecb2ff85.cpu_pct,0.0
1791047389,2026-10-04T01:09:48,docker.dev-peer0.org2.example.com-saksi-bulletin_1.0-ee3fe73bad456e43adfc5ba27d9e5a60983b69e8496140308fb21061ecb2ff85.mem_bytes,6758072.32
1791047389,2026-10-04T01:09:48,docker.dev-peer0.org2.example.com-saksi-bulletin_1.0-ee3fe73bad456e43adfc5ba27d9e5a60983b69e8496140308fb21061ecb2ff85.blk_read_bytes,0.0
1791047389,2026-10-04T01:09:48,docker.dev-peer0.org2.example.com-saksi-bulletin_1.0-ee3fe73bad456e43adfc5ba27d9e5a60983b69e8496140308fb21061ecb2ff85.blk_write_bytes,0.0
1791047389,2026-10-04T01:09:48,docker.dev-peer0.org1.example.com-saksi-bulletin_1.0-ee3fe73bad456e43adfc5ba27d9e5a60983b69e8496140308fb21061ecb2ff85.cpu_pct,113.98
1791047389,2026-10-04T01:09:48,docker.dev-peer0.org1.example.com-saksi-bulletin_1.0-ee3fe73bad456e43adfc5ba27d9e5a60983b69e8496140308fb21061ecb2ff85.mem_bytes,44522536.96
1791047389,2026-10-04T01:09:48,docker.dev-peer0.org1.example.com-saksi-bulletin_1.0-ee3fe73bad456e43adfc5ba27d9e5a60983b69e8496140308fb21061ecb2ff85.blk_read_bytes,0.0
1791047389,2026-10-04T01:09:48,docker.dev-peer0.org1.example.com-saksi-bulletin_1.0-ee3fe73bad456e43adfc5ba27d9e5a60983b69e8496140308fb21061ecb2ff85.blk_write_bytes,0.0
1791047389,2026-10-04T01:09:48,docker.peer0.org2.example.com.cpu_pct,0.43
1791047389,2026-10-04T01:09:48,docker.peer0.org2.example.com.mem_bytes,231001292.8
1791047389,2026-10-04T01:09:48,docker.peer0.org2.example.com.blk_read_bytes,0.0
1791047389,2026-10-04T01:09:48,docker.peer0.org2.example.com.blk_write_bytes,4200000000.0
1791047389,2026-10-04T01:09:48,docker.peer0.org1.example.com.cpu_pct,80.85
1791047389,2026-10-04T01:09:48,docker.peer0.org1.example.com.mem_bytes,288882688.0
1791047389,2026-10-04T01:09:48,docker.peer0.org1.example.com.blk_read_bytes,0.0
1791047389,2026-10-04T01:09:48,docker.peer0.org1.example.com.blk_write_bytes,4200000000.0
1791047389,2026-10-04T01:09:48,docker.orderer.example.com.cpu_pct,0.03
1791047389,2026-10-04T01:09:48,docker.orderer.example.com.mem_bytes,144703488.0
1791047389,2026-10-04T01:09:48,docker.orderer.example.com.blk_read_bytes,0.0
1791047389,2026-10-04T01:09:48,docker.orderer.example.com.blk_write_bytes,2290000000.0
1791047389,2026-10-04T01:09:48,host.MemTotal_kb,64932116
1791047389,2026-10-04T01:09:48,host.MemAvailable_kb,62879204
1791047389,2026-10-04T01:09:48,host.Cached_kb,10322540
1791047389,2026-10-04T01:09:48,host.SwapTotal_kb,0
1791047389,2026-10-04T01:09:48,host.SwapFree_kb,0
1791047389,2026-10-04T01:09:48,host.Dirty_kb,109212
1791047389,2026-10-04T01:09:48,host.load1,6.15
1791047389,2026-10-04T01:09:48,host.load5,4.44
1791047389,2026-10-04T01:09:48,host.root_free_bytes,932514131968
1791047389,2026-10-04T01:09:48,host.root_used_bytes,12458704896
1791047389,2026-10-04T01:09:48,io.md2.r/s,0.0
1791047389,2026-10-04T01:09:48,io.md2.rkB/s,0.0
1791047389,2026-10-04T01:09:48,io.md2.r_await,0.0
1791047389,2026-10-04T01:09:48,io.md2.w/s,76.3
1791047389,2026-10-04T01:09:48,io.md2.wkB/s,1215.2
1791047389,2026-10-04T01:09:48,io.md2.w_await,0.36
1791047389,2026-10-04T01:09:48,io.md2.f/s,0.0
1791047389,2026-10-04T01:09:48,io.md2.aqu-sz,0.03
1791047389,2026-10-04T01:09:48,io.md2.%util,7.27
1791047389,2026-10-04T01:09:48,io.nvme0n1.r/s,0.0
1791047389,2026-10-04T01:09:48,io.nvme0n1.rkB/s,0.0
1791047389,2026-10-04T01:09:48,io.nvme0n1.r_await,0.0
1791047389,2026-10-04T01:09:48,io.nvme0n1.w/s,35.0
1791047389,2026-10-04T01:09:48,io.nvme0n1.wkB/s,609.6
1791047389,2026-10-04T01:09:48,io.nvme0n1.w_await,0.54
1791047389,2026-10-04T01:09:48,io.nvme0n1.f/s,2.7
1791047389,2026-10-04T01:09:48,io.nvme0n1.aqu-sz,0.02
1791047389,2026-10-04T01:09:48,io.nvme0n1.%util,1.11
1791047389,2026-10-04T01:09:48,io.nvme1n1.r/s,0.0
1791047389,2026-10-04T01:09:48,io.nvme1n1.rkB/s,0.0
1791047389,2026-10-04T01:09:48,io.nvme1n1.r_await,0.0
1791047389,2026-10-04T01:09:48,io.nvme1n1.w/s,31.3
1791047389,2026-10-04T01:09:48,io.nvme1n1.wkB/s,605.6
1791047389,2026-10-04T01:09:48,io.nvme1n1.w_await,0.41
1791047389,2026-10-04T01:09:48,io.nvme1n1.f/s,2.7
1791047389,2026-10-04T01:09:48,io.nvme1n1.aqu-sz,0.02
1791047389,2026-10-04T01:09:48,io.nvme1n1.%util,0.57
1791047399,2026-10-04T01:09:58,host.cpu_pct,72.89855072463769
1791047399,2026-10-04T01:09:58,host.run_cpu_pct,72.41551610111922
1791047399,2026-10-04T01:09:58,host.nonrun_cpu_pct,0.4830346235184635
1791047399,2026-10-04T01:09:58,docker.dev-peer0.org2.example.com-saksi-bulletin_1.0-ee3fe73bad456e43adfc5ba27d9e5a60983b69e8496140308fb21061ecb2ff85.cpu_pct,0.0
1791047399,2026-10-04T01:09:58,docker.dev-peer0.org2.example.com-saksi-bulletin_1.0-ee3fe73bad456e43adfc5ba27d9e5a60983b69e8496140308fb21061ecb2ff85.mem_bytes,6758072.32
1791047399,2026-10-04T01:09:58,docker.dev-peer0.org2.example.com-saksi-bulletin_1.0-ee3fe73bad456e43adfc5ba27d9e5a60983b69e8496140308fb21061ecb2ff85.blk_read_bytes,0.0
1791047399,2026-10-04T01:09:58,docker.dev-peer0.org2.example.com-saksi-bulletin_1.0-ee3fe73bad456e43adfc5ba27d9e5a60983b69e8496140308fb21061ecb2ff85.blk_write_bytes,0.0
1791047399,2026-10-04T01:09:58,docker.dev-peer0.org1.example.com-saksi-bulletin_1.0-ee3fe73bad456e43adfc5ba27d9e5a60983b69e8496140308fb21061ecb2ff85.cpu_pct,0.0
1791047399,2026-10-04T01:09:58,docker.dev-peer0.org1.example.com-saksi-bulletin_1.0-ee3fe73bad456e43adfc5ba27d9e5a60983b69e8496140308fb21061ecb2ff85.mem_bytes,42320527.36
1791047399,2026-10-04T01:09:58,docker.dev-peer0.org1.example.com-saksi-bulletin_1.0-ee3fe73bad456e43adfc5ba27d9e5a60983b69e8496140308fb21061ecb2ff85.blk_read_bytes,0.0
1791047399,2026-10-04T01:09:58,docker.dev-peer0.org1.example.com-saksi-bulletin_1.0-ee3fe73bad456e43adfc5ba27d9e5a60983b69e8496140308fb21061ecb2ff85.blk_write_bytes,0.0
1791047399,2026-10-04T01:09:58,docker.peer0.org2.example.com.cpu_pct,0.59
1791047399,2026-10-04T01:09:58,docker.peer0.org2.example.com.mem_bytes,231001292.8
1791047399,2026-10-04T01:09:58,docker.peer0.org2.example.com.blk_read_bytes,0.0
1791047399,2026-10-04T01:09:58,docker.peer0.org2.example.com.blk_write_bytes,4200000000.0
1791047399,2026-10-04T01:09:58,docker.peer0.org1.example.com.cpu_pct,0.51
1791047399,2026-10-04T01:09:58,docker.peer0.org1.example.com.mem_bytes,288672972.8
1791047399,2026-10-04T01:09:58,docker.peer0.org1.example.com.blk_read_bytes,0.0
1791047399,2026-10-04T01:09:58,docker.peer0.org1.example.com.blk_write_bytes,4200000000.0
1791047399,2026-10-04T01:09:58,docker.orderer.example.com.cpu_pct,0.04
1791047399,2026-10-04T01:09:58,docker.orderer.example.com.mem_bytes,144703488.0
1791047399,2026-10-04T01:09:58,docker.orderer.example.com.blk_read_bytes,0.0
1791047399,2026-10-04T01:09:58,docker.orderer.example.com.blk_write_bytes,2290000000.0
1791047399,2026-10-04T01:09:58,host.MemTotal_kb,64932116
1791047399,2026-10-04T01:09:58,host.MemAvailable_kb,62944944
1791047399,2026-10-04T01:09:58,host.Cached_kb,10325088
1791047399,2026-10-04T01:09:58,host.SwapTotal_kb,0
1791047399,2026-10-04T01:09:58,host.SwapFree_kb,0
1791047399,2026-10-04T01:09:58,host.Dirty_kb,1396
1791047399,2026-10-04T01:09:58,host.load1,7.66
1791047399,2026-10-04T01:09:58,host.load5,4.82
1791047399,2026-10-04T01:09:58,host.root_free_bytes,932511514624
1791047399,2026-10-04T01:09:58,host.root_used_bytes,12461322240
1791047399,2026-10-04T01:09:58,io.md2.r/s,0.0
1791047399,2026-10-04T01:09:58,io.md2.rkB/s,0.0
1791047399,2026-10-04T01:09:58,io.md2.r_await,0.0
1791047399,2026-10-04T01:09:58,io.md2.w/s,99.9
1791047399,2026-10-04T01:09:58,io.md2.wkB/s,2787.2
1791047399,2026-10-04T01:09:58,io.md2.w_await,0.34
1791047399,2026-10-04T01:09:58,io.md2.f/s,0.0
1791047399,2026-10-04T01:09:58,io.md2.aqu-sz,0.03
1791047399,2026-10-04T01:09:58,io.md2.%util,2.09
1791047399,2026-10-04T01:09:58,io.nvme0n1.r/s,0.0
1791047399,2026-10-04T01:09:58,io.nvme0n1.rkB/s,0.0
1791047399,2026-10-04T01:09:58,io.nvme0n1.r_await,0.0
1791047399,2026-10-04T01:09:58,io.nvme0n1.w/s,43.2
1791047399,2026-10-04T01:09:58,io.nvme0n1.wkB/s,1327.6
1791047399,2026-10-04T01:09:58,io.nvme0n1.w_await,0.46
1791047399,2026-10-04T01:09:58,io.nvme0n1.f/s,5.1
1791047399,2026-10-04T01:09:58,io.nvme0n1.aqu-sz,0.03
1791047399,2026-10-04T01:09:58,io.nvme0n1.%util,1.34
1791047399,2026-10-04T01:09:58,io.nvme1n1.r/s,0.0
1791047399,2026-10-04T01:09:58,io.nvme1n1.rkB/s,0.0
1791047399,2026-10-04T01:09:58,io.nvme1n1.r_await,0.0
1791047399,2026-10-04T01:09:58,io.nvme1n1.w/s,43.1
1791047399,2026-10-04T01:09:58,io.nvme1n1.wkB/s,1459.6
1791047399,2026-10-04T01:09:58,io.nvme1n1.w_await,0.53
1791047399,2026-10-04T01:09:58,io.nvme1n1.f/s,5.1
1791047399,2026-10-04T01:09:58,io.nvme1n1.aqu-sz,0.03
1791047399,2026-10-04T01:09:58,io.nvme1n1.%util,1.78
1791047409,2026-10-04T01:10:08,host.cpu_pct,79.37132858392701
1791047409,2026-10-04T01:10:08,host.run_cpu_pct,78.92618142235301
1791047409,2026-10-04T01:10:08,host.nonrun_cpu_pct,0.44514716157399903
1791047409,2026-10-04T01:10:08,docker.dev-peer0.org2.example.com-saksi-bulletin_1.0-ee3fe73bad456e43adfc5ba27d9e5a60983b69e8496140308fb21061ecb2ff85.cpu_pct,0.0
1791047409,2026-10-04T01:10:08,docker.dev-peer0.org2.example.com-saksi-bulletin_1.0-ee3fe73bad456e43adfc5ba27d9e5a60983b69e8496140308fb21061ecb2ff85.mem_bytes,6758072.32
1791047409,2026-10-04T01:10:08,docker.dev-peer0.org2.example.com-saksi-bulletin_1.0-ee3fe73bad456e43adfc5ba27d9e5a60983b69e8496140308fb21061ecb2ff85.blk_read_bytes,0.0
1791047409,2026-10-04T01:10:08,docker.dev-peer0.org2.example.com-saksi-bulletin_1.0-ee3fe73bad456e43adfc5ba27d9e5a60983b69e8496140308fb21061ecb2ff85.blk_write_bytes,0.0
1791047409,2026-10-04T01:10:08,docker.dev-peer0.org1.example.com-saksi-bulletin_1.0-ee3fe73bad456e43adfc5ba27d9e5a60983b69e8496140308fb21061ecb2ff85.cpu_pct,0.0
1791047409,2026-10-04T01:10:08,docker.dev-peer0.org1.example.com-saksi-bulletin_1.0-ee3fe73bad456e43adfc5ba27d9e5a60983b69e8496140308fb21061ecb2ff85.mem_bytes,42320527.36
1791047409,2026-10-04T01:10:08,docker.dev-peer0.org1.example.com-saksi-bulletin_1.0-ee3fe73bad456e43adfc5ba27d9e5a60983b69e8496140308fb21061ecb2ff85.blk_read_bytes,0.0
1791047409,2026-10-04T01:10:08,docker.dev-peer0.org1.example.com-saksi-bulletin_1.0-ee3fe73bad456e43adfc5ba27d9e5a60983b69e8496140308fb21061ecb2ff85.blk_write_bytes,0.0
1791047409,2026-10-04T01:10:08,docker.peer0.org2.example.com.cpu_pct,1.77
1791047409,2026-10-04T01:10:08,docker.peer0.org2.example.com.mem_bytes,231001292.8
1791047409,2026-10-04T01:10:08,docker.peer0.org2.example.com.blk_read_bytes,0.0
1791047409,2026-10-04T01:10:08,docker.peer0.org2.example.com.blk_write_bytes,4200000000.0
1791047409,2026-10-04T01:10:08,docker.peer0.org1.example.com.cpu_pct,1.91
1791047409,2026-10-04T01:10:08,docker.peer0.org1.example.com.mem_bytes,288672972.8
1791047409,2026-10-04T01:10:08,docker.peer0.org1.example.com.blk_read_bytes,0.0
1791047409,2026-10-04T01:10:08,docker.peer0.org1.example.com.blk_write_bytes,4200000000.0
1791047409,2026-10-04T01:10:08,docker.orderer.example.com.cpu_pct,0.15
1791047409,2026-10-04T01:10:08,docker.orderer.example.com.mem_bytes,144703488.0
1791047409,2026-10-04T01:10:08,docker.orderer.example.com.blk_read_bytes,0.0
1791047409,2026-10-04T01:10:08,docker.orderer.example.com.blk_write_bytes,2290000000.0
1791047409,2026-10-04T01:10:08,host.MemTotal_kb,64932116
1791047409,2026-10-04T01:10:08,host.MemAvailable_kb,62900776
1791047409,2026-10-04T01:10:08,host.Cached_kb,10562488
1791047409,2026-10-04T01:10:08,host.SwapTotal_kb,0
1791047409,2026-10-04T01:10:08,host.SwapFree_kb,0
1791047409,2026-10-04T01:10:08,host.Dirty_kb,238740
1791047409,2026-10-04T01:10:08,host.load1,7.75
1791047409,2026-10-04T01:10:08,host.load5,4.94
1791047409,2026-10-04T01:10:08,host.root_free_bytes,932268412928
1791047409,2026-10-04T01:10:08,host.root_used_bytes,12704423936
1791047409,2026-10-04T01:10:08,io.md2.r/s,0.0
1791047409,2026-10-04T01:10:08,io.md2.rkB/s,0.0
1791047409,2026-10-04T01:10:08,io.md2.r_await,0.0
1791047409,2026-10-04T01:10:08,io.md2.w/s,148.75
1791047409,2026-10-04T01:10:08,io.md2.wkB/s,11420.58
1791047409,2026-10-04T01:10:08,io.md2.w_await,0.16
1791047409,2026-10-04T01:10:08,io.md2.f/s,0.0
1791047409,2026-10-04T01:10:08,io.md2.aqu-sz,0.02
1791047409,2026-10-04T01:10:08,io.md2.%util,0.9
1791047409,2026-10-04T01:10:08,io.nvme0n1.r/s,0.0
1791047409,2026-10-04T01:10:08,io.nvme0n1.rkB/s,0.0
1791047409,2026-10-04T01:10:08,io.nvme0n1.r_await,0.0
1791047409,2026-10-04T01:10:08,io.nvme0n1.w/s,69.43
1791047409,2026-10-04T01:10:08,io.nvme0n1.wkB/s,5666.73
1791047409,2026-10-04T01:10:08,io.nvme0n1.w_await,0.18
1791047409,2026-10-04T01:10:08,io.nvme0n1.f/s,0.2
1791047409,2026-10-04T01:10:08,io.nvme0n1.aqu-sz,0.01
1791047409,2026-10-04T01:10:08,io.nvme0n1.%util,0.21
1791047409,2026-10-04T01:10:08,io.nvme1n1.r/s,0.0
1791047409,2026-10-04T01:10:08,io.nvme1n1.rkB/s,0.0
1791047409,2026-10-04T01:10:08,io.nvme1n1.r_await,0.0
1791047409,2026-10-04T01:10:08,io.nvme1n1.w/s,71.13
1791047409,2026-10-04T01:10:08,io.nvme1n1.wkB/s,5753.85
1791047409,2026-10-04T01:10:08,io.nvme1n1.w_await,0.14
1791047409,2026-10-04T01:10:08,io.nvme1n1.f/s,0.2
1791047409,2026-10-04T01:10:08,io.nvme1n1.aqu-sz,0.01
1791047409,2026-10-04T01:10:08,io.nvme1n1.%util,0.19
1791047419,2026-10-04T01:10:18,host.cpu_pct,22.177291969419347
1791047419,2026-10-04T01:10:18,host.run_cpu_pct,22.03990900301804
1791047419,2026-10-04T01:10:18,host.nonrun_cpu_pct,0.13738296640130798
1791047419,2026-10-04T01:10:18,docker.dev-peer0.org2.example.com-saksi-bulletin_1.0-ee3fe73bad456e43adfc5ba27d9e5a60983b69e8496140308fb21061ecb2ff85.cpu_pct,0.0
1791047419,2026-10-04T01:10:18,docker.dev-peer0.org2.example.com-saksi-bulletin_1.0-ee3fe73bad456e43adfc5ba27d9e5a60983b69e8496140308fb21061ecb2ff85.mem_bytes,6758072.32
1791047419,2026-10-04T01:10:18,docker.dev-peer0.org2.example.com-saksi-bulletin_1.0-ee3fe73bad456e43adfc5ba27d9e5a60983b69e8496140308fb21061ecb2ff85.blk_read_bytes,0.0
1791047419,2026-10-04T01:10:18,docker.dev-peer0.org2.example.com-saksi-bulletin_1.0-ee3fe73bad456e43adfc5ba27d9e5a60983b69e8496140308fb21061ecb2ff85.blk_write_bytes,0.0
1791047419,2026-10-04T01:10:18,docker.dev-peer0.org1.example.com-saksi-bulletin_1.0-ee3fe73bad456e43adfc5ba27d9e5a60983b69e8496140308fb21061ecb2ff85.cpu_pct,372.11
1791047419,2026-10-04T01:10:18,docker.dev-peer0.org1.example.com-saksi-bulletin_1.0-ee3fe73bad456e43adfc5ba27d9e5a60983b69e8496140308fb21061ecb2ff85.mem_bytes,19566428.16
1791047419,2026-10-04T01:10:18,docker.dev-peer0.org1.example.com-saksi-bulletin_1.0-ee3fe73bad456e43adfc5ba27d9e5a60983b69e8496140308fb21061ecb2ff85.blk_read_bytes,0.0
1791047419,2026-10-04T01:10:18,docker.dev-peer0.org1.example.com-saksi-bulletin_1.0-ee3fe73bad456e43adfc5ba27d9e5a60983b69e8496140308fb21061ecb2ff85.blk_write_bytes,0.0
1791047419,2026-10-04T01:10:18,docker.peer0.org2.example.com.cpu_pct,68.06
1791047419,2026-10-04T01:10:18,docker.peer0.org2.example.com.mem_bytes,230896435.2
1791047419,2026-10-04T01:10:18,docker.peer0.org2.example.com.blk_read_bytes,0.0
1791047419,2026-10-04T01:10:18,docker.peer0.org2.example.com.blk_write_bytes,4560000000.0
1791047419,2026-10-04T01:10:18,docker.peer0.org1.example.com.cpu_pct,182.98
1791047419,2026-10-04T01:10:18,docker.peer0.org1.example.com.mem_bytes,240648192.0
1791047419,2026-10-04T01:10:18,docker.peer0.org1.example.com.blk_read_bytes,0.0
1791047419,2026-10-04T01:10:18,docker.peer0.org1.example.com.blk_write_bytes,4530000000.0
1791047419,2026-10-04T01:10:18,docker.orderer.example.com.cpu_pct,50.53
1791047419,2026-10-04T01:10:18,docker.orderer.example.com.mem_bytes,244947353.6
1791047419,2026-10-04T01:10:18,docker.orderer.example.com.blk_read_bytes,0.0
1791047419,2026-10-04T01:10:18,docker.orderer.example.com.blk_write_bytes,2510000000.0
1791047419,2026-10-04T01:10:18,host.MemTotal_kb,64932116
1791047419,2026-10-04T01:10:18,host.MemAvailable_kb,62937412
1791047419,2026-10-04T01:10:18,host.Cached_kb,10809412
1791047419,2026-10-04T01:10:18,host.SwapTotal_kb,0
1791047419,2026-10-04T01:10:18,host.SwapFree_kb,0
1791047419,2026-10-04T01:10:18,host.Dirty_kb,232668
1791047419,2026-10-04T01:10:18,host.load1,7.54
1791047419,2026-10-04T01:10:18,host.load5,4.99
1791047419,2026-10-04T01:10:18,host.root_free_bytes,932003840000
1791047419,2026-10-04T01:10:18,host.root_used_bytes,12968996864
1791047419,2026-10-04T01:10:18,io.md2.r/s,0.0
1791047419,2026-10-04T01:10:18,io.md2.rkB/s,0.0
1791047419,2026-10-04T01:10:18,io.md2.r_await,0.0
1791047419,2026-10-04T01:10:18,io.md2.w/s,47.1
1791047419,2026-10-04T01:10:18,io.md2.wkB/s,215.2
1791047419,2026-10-04T01:10:18,io.md2.w_await,0.14
1791047419,2026-10-04T01:10:18,io.md2.f/s,0.0
1791047419,2026-10-04T01:10:18,io.md2.aqu-sz,0.01
1791047419,2026-10-04T01:10:18,io.md2.%util,0.62
1791047419,2026-10-04T01:10:18,io.nvme0n1.r/s,0.0
1791047419,2026-10-04T01:10:18,io.nvme0n1.rkB/s,0.0
1791047419,2026-10-04T01:10:18,io.nvme0n1.r_await,0.0
1791047419,2026-10-04T01:10:18,io.nvme0n1.w/s,21.1
1791047419,2026-10-04T01:10:18,io.nvme0n1.wkB/s,120.4
1791047419,2026-10-04T01:10:18,io.nvme0n1.w_await,0.3
1791047419,2026-10-04T01:10:18,io.nvme0n1.f/s,0.8
1791047419,2026-10-04T01:10:18,io.nvme0n1.aqu-sz,0.01
1791047419,2026-10-04T01:10:18,io.nvme0n1.%util,0.41
1791047419,2026-10-04T01:10:18,io.nvme1n1.r/s,0.0
1791047419,2026-10-04T01:10:18,io.nvme1n1.rkB/s,0.0
1791047419,2026-10-04T01:10:18,io.nvme1n1.r_await,0.0
1791047419,2026-10-04T01:10:18,io.nvme1n1.w/s,19.1
1791047419,2026-10-04T01:10:18,io.nvme1n1.wkB/s,94.8
1791047419,2026-10-04T01:10:18,io.nvme1n1.w_await,0.14
1791047419,2026-10-04T01:10:18,io.nvme1n1.f/s,0.8
1791047419,2026-10-04T01:10:18,io.nvme1n1.aqu-sz,0.0
1791047419,2026-10-04T01:10:18,io.nvme1n1.%util,0.09
1791047429,2026-10-04T01:10:28,host.cpu_pct,45.506083190012106
1791047429,2026-10-04T01:10:28,host.run_cpu_pct,44.9812211461591
1791047429,2026-10-04T01:10:28,host.nonrun_cpu_pct,0.5248620438530054
1791047429,2026-10-04T01:10:28,docker.dev-peer0.org2.example.com-saksi-bulletin_1.0-ee3fe73bad456e43adfc5ba27d9e5a60983b69e8496140308fb21061ecb2ff85.cpu_pct,0.0
1791047429,2026-10-04T01:10:28,docker.dev-peer0.org2.example.com-saksi-bulletin_1.0-ee3fe73bad456e43adfc5ba27d9e5a60983b69e8496140308fb21061ecb2ff85.mem_bytes,6758072.32
1791047429,2026-10-04T01:10:28,docker.dev-peer0.org2.example.com-saksi-bulletin_1.0-ee3fe73bad456e43adfc5ba27d9e5a60983b69e8496140308fb21061ecb2ff85.blk_read_bytes,0.0
1791047429,2026-10-04T01:10:28,docker.dev-peer0.org2.example.com-saksi-bulletin_1.0-ee3fe73bad456e43adfc5ba27d9e5a60983b69e8496140308fb21061ecb2ff85.blk_write_bytes,0.0
1791047429,2026-10-04T01:10:28,docker.dev-peer0.org1.example.com-saksi-bulletin_1.0-ee3fe73bad456e43adfc5ba27d9e5a60983b69e8496140308fb21061ecb2ff85.cpu_pct,372.17
1791047429,2026-10-04T01:10:28,docker.dev-peer0.org1.example.com-saksi-bulletin_1.0-ee3fe73bad456e43adfc5ba27d9e5a60983b69e8496140308fb21061ecb2ff85.mem_bytes,18853396.48
1791047429,2026-10-04T01:10:28,docker.dev-peer0.org1.example.com-saksi-bulletin_1.0-ee3fe73bad456e43adfc5ba27d9e5a60983b69e8496140308fb21061ecb2ff85.blk_read_bytes,0.0
1791047429,2026-10-04T01:10:28,docker.dev-peer0.org1.example.com-saksi-bulletin_1.0-ee3fe73bad456e43adfc5ba27d9e5a60983b69e8496140308fb21061ecb2ff85.blk_write_bytes,0.0
1791047429,2026-10-04T01:10:28,docker.peer0.org2.example.com.cpu_pct,65.9
1791047429,2026-10-04T01:10:28,docker.peer0.org2.example.com.mem_bytes,244632780.8
1791047429,2026-10-04T01:10:28,docker.peer0.org2.example.com.blk_read_bytes,0.0
1791047429,2026-10-04T01:10:28,docker.peer0.org2.example.com.blk_write_bytes,5060000000.0
1791047429,2026-10-04T01:10:28,docker.peer0.org1.example.com.cpu_pct,198.28
1791047429,2026-10-04T01:10:28,docker.peer0.org1.example.com.mem_bytes,255328256.0
1791047429,2026-10-04T01:10:28,docker.peer0.org1.example.com.blk_read_bytes,0.0
1791047429,2026-10-04T01:10:28,docker.peer0.org1.example.com.blk_write_bytes,5080000000.0
1791047429,2026-10-04T01:10:28,docker.orderer.example.com.cpu_pct,50.43
1791047429,2026-10-04T01:10:28,docker.orderer.example.com.mem_bytes,390279987.2
1791047429,2026-10-04T01:10:28,docker.orderer.example.com.blk_read_bytes,0.0
1791047429,2026-10-04T01:10:28,docker.orderer.example.com.blk_write_bytes,2800000000.0
1791047429,2026-10-04T01:10:28,host.MemTotal_kb,64932116
1791047429,2026-10-04T01:10:28,host.MemAvailable_kb,62753812
1791047429,2026-10-04T01:10:28,host.Cached_kb,11233216
1791047429,2026-10-04T01:10:28,host.SwapTotal_kb,0
1791047429,2026-10-04T01:10:28,host.SwapFree_kb,0
1791047429,2026-10-04T01:10:28,host.Dirty_kb,7484
1791047429,2026-10-04T01:10:28,host.load1,10.01
1791047429,2026-10-04T01:10:28,host.load5,5.6
1791047429,2026-10-04T01:10:28,host.root_free_bytes,931584770048
1791047429,2026-10-04T01:10:28,host.root_used_bytes,13388066816
1791047429,2026-10-04T01:10:28,io.md2.r/s,0.0
1791047429,2026-10-04T01:10:28,io.md2.rkB/s,0.0
1791047429,2026-10-04T01:10:28,io.md2.r_await,0.0
1791047429,2026-10-04T01:10:28,io.md2.w/s,1149.5
1791047429,2026-10-04T01:10:28,io.md2.wkB/s,37929.6
1791047429,2026-10-04T01:10:28,io.md2.w_await,0.34
1791047429,2026-10-04T01:10:28,io.md2.f/s,0.0
1791047429,2026-10-04T01:10:28,io.md2.aqu-sz,0.39
1791047429,2026-10-04T01:10:28,io.md2.%util,33.63
1791047429,2026-10-04T01:10:28,io.nvme0n1.r/s,0.0
1791047429,2026-10-04T01:10:28,io.nvme0n1.rkB/s,0.0
1791047429,2026-10-04T01:10:28,io.nvme0n1.r_await,0.0
1791047429,2026-10-04T01:10:28,io.nvme0n1.w/s,382.8
1791047429,2026-10-04T01:10:28,io.nvme0n1.wkB/s,18767.6
1791047429,2026-10-04T01:10:28,io.nvme0n1.w_await,0.71
1791047429,2026-10-04T01:10:28,io.nvme0n1.f/s,83.1
1791047429,2026-10-04T01:10:28,io.nvme0n1.aqu-sz,0.37
1791047429,2026-10-04T01:10:28,io.nvme0n1.%util,21.75
1791047429,2026-10-04T01:10:28,io.nvme1n1.r/s,0.0
1791047429,2026-10-04T01:10:28,io.nvme1n1.rkB/s,0.0
1791047429,2026-10-04T01:10:28,io.nvme1n1.r_await,0.0
1791047429,2026-10-04T01:10:28,io.nvme1n1.w/s,398.0
1791047429,2026-10-04T01:10:28,io.nvme1n1.wkB/s,19162.0
1791047429,2026-10-04T01:10:28,io.nvme1n1.w_await,0.74
1791047429,2026-10-04T01:10:28,io.nvme1n1.f/s,83.1
1791047429,2026-10-04T01:10:28,io.nvme1n1.aqu-sz,0.4
1791047429,2026-10-04T01:10:28,io.nvme1n1.%util,23.77
1791047439,2026-10-04T01:10:38,host.cpu_pct,45.37520703274303
1791047439,2026-10-04T01:10:38,host.run_cpu_pct,44.8941392319547
1791047439,2026-10-04T01:10:38,host.nonrun_cpu_pct,0.481067800788324
1791047439,2026-10-04T01:10:38,docker.dev-peer0.org2.example.com-saksi-bulletin_1.0-ee3fe73bad456e43adfc5ba27d9e5a60983b69e8496140308fb21061ecb2ff85.cpu_pct,0.0
1791047439,2026-10-04T01:10:38,docker.dev-peer0.org2.example.com-saksi-bulletin_1.0-ee3fe73bad456e43adfc5ba27d9e5a60983b69e8496140308fb21061ecb2ff85.mem_bytes,6758072.32
1791047439,2026-10-04T01:10:38,docker.dev-peer0.org2.example.com-saksi-bulletin_1.0-ee3fe73bad456e43adfc5ba27d9e5a60983b69e8496140308fb21061ecb2ff85.blk_read_bytes,0.0
1791047439,2026-10-04T01:10:38,docker.dev-peer0.org2.example.com-saksi-bulletin_1.0-ee3fe73bad456e43adfc5ba27d9e5a60983b69e8496140308fb21061ecb2ff85.blk_write_bytes,0.0
1791047439,2026-10-04T01:10:38,docker.dev-peer0.org1.example.com-saksi-bulletin_1.0-ee3fe73bad456e43adfc5ba27d9e5a60983b69e8496140308fb21061ecb2ff85.cpu_pct,361.43
1791047439,2026-10-04T01:10:38,docker.dev-peer0.org1.example.com-saksi-bulletin_1.0-ee3fe73bad456e43adfc5ba27d9e5a60983b69e8496140308fb21061ecb2ff85.mem_bytes,19031654.4
1791047439,2026-10-04T01:10:38,docker.dev-peer0.org1.example.com-saksi-bulletin_1.0-ee3fe73bad456e43adfc5ba27d9e5a60983b69e8496140308fb21061ecb2ff85.blk_read_bytes,0.0
1791047439,2026-10-04T01:10:38,docker.dev-peer0.org1.example.com-saksi-bulletin_1.0-ee3fe73bad456e43adfc5ba27d9e5a60983b69e8496140308fb21061ecb2ff85.blk_write_bytes,0.0
1791047439,2026-10-04T01:10:38,docker.peer0.org2.example.com.cpu_pct,61.12
1791047439,2026-10-04T01:10:38,docker.peer0.org2.example.com.mem_bytes,232469299.2
1791047439,2026-10-04T01:10:38,docker.peer0.org2.example.com.blk_read_bytes,0.0
1791047439,2026-10-04T01:10:38,docker.peer0.org2.example.com.blk_write_bytes,5700000000.0
1791047439,2026-10-04T01:10:38,docker.peer0.org1.example.com.cpu_pct,189.62
1791047439,2026-10-04T01:10:38,docker.peer0.org1.example.com.mem_bytes,245995929.6
1791047439,2026-10-04T01:10:38,docker.peer0.org1.example.com.blk_read_bytes,0.0
1791047439,2026-10-04T01:10:38,docker.peer0.org1.example.com.blk_write_bytes,5700000000.0
1791047439,2026-10-04T01:10:38,docker.orderer.example.com.cpu_pct,46.78
1791047439,2026-10-04T01:10:38,docker.orderer.example.com.mem_bytes,541274931.2
1791047439,2026-10-04T01:10:38,docker.orderer.example.com.blk_read_bytes,0.0
1791047439,2026-10-04T01:10:38,docker.orderer.example.com.blk_write_bytes,3120000000.0
1791047439,2026-10-04T01:10:38,host.MemTotal_kb,64932116
1791047439,2026-10-04T01:10:38,host.MemAvailable_kb,62632240
1791047439,2026-10-04T01:10:38,host.Cached_kb,11556956
1791047439,2026-10-04T01:10:38,host.SwapTotal_kb,0
1791047439,2026-10-04T01:10:38,host.SwapFree_kb,0
1791047439,2026-10-04T01:10:38,host.Dirty_kb,26060
1791047439,2026-10-04T01:10:38,host.load1,10.85
1791047439,2026-10-04T01:10:38,host.load5,5.94
1791047439,2026-10-04T01:10:38,host.root_free_bytes,931204833280
1791047439,2026-10-04T01:10:38,host.root_used_bytes,13768003584
1791047439,2026-10-04T01:10:38,io.md2.r/s,0.0
1791047439,2026-10-04T01:10:38,io.md2.rkB/s,0.0
1791047439,2026-10-04T01:10:38,io.md2.r_await,0.0
1791047439,2026-10-04T01:10:38,io.md2.w/s,2520.3
1791047439,2026-10-04T01:10:38,io.md2.wkB/s,95134.0
1791047439,2026-10-04T01:10:38,io.md2.w_await,0.33
1791047439,2026-10-04T01:10:38,io.md2.f/s,0.0
1791047439,2026-10-04T01:10:38,io.md2.aqu-sz,0.84
1791047439,2026-10-04T01:10:38,io.md2.%util,68.95
1791047439,2026-10-04T01:10:38,io.nvme0n1.r/s,0.0
1791047439,2026-10-04T01:10:38,io.nvme0n1.rkB/s,0.0
1791047439,2026-10-04T01:10:38,io.nvme0n1.r_await,0.0
1791047439,2026-10-04T01:10:38,io.nvme0n1.w/s,840.4
1791047439,2026-10-04T01:10:38,io.nvme0n1.wkB/s,47118.8
1791047439,2026-10-04T01:10:38,io.nvme0n1.w_await,0.7
1791047439,2026-10-04T01:10:38,io.nvme0n1.f/s,174.5
1791047439,2026-10-04T01:10:38,io.nvme0n1.aqu-sz,0.78
1791047439,2026-10-04T01:10:38,io.nvme0n1.%util,46.62
1791047439,2026-10-04T01:10:38,io.nvme1n1.r/s,0.0
1791047439,2026-10-04T01:10:38,io.nvme1n1.rkB/s,0.0
1791047439,2026-10-04T01:10:38,io.nvme1n1.r_await,0.0
1791047439,2026-10-04T01:10:38,io.nvme1n1.w/s,891.2
1791047439,2026-10-04T01:10:38,io.nvme1n1.wkB/s,48015.2
1791047439,2026-10-04T01:10:38,io.nvme1n1.w_await,0.68
1791047439,2026-10-04T01:10:38,io.nvme1n1.f/s,174.4
1791047439,2026-10-04T01:10:38,io.nvme1n1.aqu-sz,0.8
1791047439,2026-10-04T01:10:38,io.nvme1n1.%util,45.87
1791047449,2026-10-04T01:10:48,host.cpu_pct,45.47478216625326
1791047449,2026-10-04T01:10:48,host.run_cpu_pct,44.8890189604178
1791047449,2026-10-04T01:10:48,host.nonrun_cpu_pct,0.5857632058354625
1791047449,2026-10-04T01:10:48,docker.dev-peer0.org2.example.com-saksi-bulletin_1.0-ee3fe73bad456e43adfc5ba27d9e5a60983b69e8496140308fb21061ecb2ff85.cpu_pct,0.0
1791047449,2026-10-04T01:10:48,docker.dev-peer0.org2.example.com-saksi-bulletin_1.0-ee3fe73bad456e43adfc5ba27d9e5a60983b69e8496140308fb21061ecb2ff85.mem_bytes,6758072.32
1791047449,2026-10-04T01:10:48,docker.dev-peer0.org2.example.com-saksi-bulletin_1.0-ee3fe73bad456e43adfc5ba27d9e5a60983b69e8496140308fb21061ecb2ff85.blk_read_bytes,0.0
1791047449,2026-10-04T01:10:48,docker.dev-peer0.org2.example.com-saksi-bulletin_1.0-ee3fe73bad456e43adfc5ba27d9e5a60983b69e8496140308fb21061ecb2ff85.blk_write_bytes,0.0
1791047449,2026-10-04T01:10:48,docker.dev-peer0.org1.example.com-saksi-bulletin_1.0-ee3fe73bad456e43adfc5ba27d9e5a60983b69e8496140308fb21061ecb2ff85.cpu_pct,0.0
1791047449,2026-10-04T01:10:48,docker.dev-peer0.org1.example.com-saksi-bulletin_1.0-ee3fe73bad456e43adfc5ba27d9e5a60983b69e8496140308fb21061ecb2ff85.mem_bytes,17112760.32
1791047449,2026-10-04T01:10:48,docker.dev-peer0.org1.example.com-saksi-bulletin_1.0-ee3fe73bad456e43adfc5ba27d9e5a60983b69e8496140308fb21061ecb2ff85.blk_read_bytes,0.0
1791047449,2026-10-04T01:10:48,docker.dev-peer0.org1.example.com-saksi-bulletin_1.0-ee3fe73bad456e43adfc5ba27d9e5a60983b69e8496140308fb21061ecb2ff85.blk_write_bytes,0.0
1791047449,2026-10-04T01:10:48,docker.peer0.org2.example.com.cpu_pct,0.65
1791047449,2026-10-04T01:10:48,docker.peer0.org2.example.com.mem_bytes,243584204.8
1791047449,2026-10-04T01:10:48,docker.peer0.org2.example.com.blk_read_bytes,0.0
1791047449,2026-10-04T01:10:48,docker.peer0.org2.example.com.blk_write_bytes,6420000000.0
1791047449,2026-10-04T01:10:48,docker.peer0.org1.example.com.cpu_pct,34.5
1791047449,2026-10-04T01:10:48,docker.peer0.org1.example.com.mem_bytes,268645171.2
1791047449,2026-10-04T01:10:48,docker.peer0.org1.example.com.blk_read_bytes,0.0
1791047449,2026-10-04T01:10:48,docker.peer0.org1.example.com.blk_write_bytes,6420000000.0
1791047449,2026-10-04T01:10:48,docker.orderer.example.com.cpu_pct,47.35
1791047449,2026-10-04T01:10:48,docker.orderer.example.com.mem_bytes,184339660.8
1791047449,2026-10-04T01:10:48,docker.orderer.example.com.blk_read_bytes,0.0
1791047449,2026-10-04T01:10:48,docker.orderer.example.com.blk_write_bytes,3440000000.0
1791047449,2026-10-04T01:10:48,host.MemTotal_kb,64932116
1791047449,2026-10-04T01:10:48,host.MemAvailable_kb,62950592
1791047449,2026-10-04T01:10:48,host.Cached_kb,11886036
1791047449,2026-10-04T01:10:48,host.SwapTotal_kb,0
1791047449,2026-10-04T01:10:48,host.SwapFree_kb,0
1791047449,2026-10-04T01:10:48,host.Dirty_kb,2196
1791047449,2026-10-04T01:10:48,host.load1,9.87
1791047449,2026-10-04T01:10:48,host.load5,5.89
1791047449,2026-10-04T01:10:48,host.root_free_bytes,930873249792
1791047449,2026-10-04T01:10:48,host.root_used_bytes,14099587072
1791047449,2026-10-04T01:10:48,io.md2.r/s,0.0
1791047449,2026-10-04T01:10:48,io.md2.rkB/s,0.0
1791047449,2026-10-04T01:10:48,io.md2.r_await,0.0
1791047449,2026-10-04T01:10:48,io.md2.w/s,2381.4
1791047449,2026-10-04T01:10:48,io.md2.wkB/s,78440.8
1791047449,2026-10-04T01:10:48,io.md2.w_await,0.34
1791047449,2026-10-04T01:10:48,io.md2.f/s,0.0
1791047449,2026-10-04T01:10:48,io.md2.aqu-sz,0.8
1791047449,2026-10-04T01:10:48,io.md2.%util,67.83
1791047449,2026-10-04T01:10:48,io.nvme0n1.r/s,0.0
1791047449,2026-10-04T01:10:48,io.nvme0n1.rkB/s,0.0
1791047449,2026-10-04T01:10:48,io.nvme0n1.r_await,0.0
1791047449,2026-10-04T01:10:48,io.nvme0n1.w/s,762.5
1791047449,2026-10-04T01:10:48,io.nvme0n1.wkB/s,38759.6
1791047449,2026-10-04T01:10:48,io.nvme0n1.w_await,0.73
1791047449,2026-10-04T01:10:48,io.nvme0n1.f/s,173.0
1791047449,2026-10-04T01:10:48,io.nvme0n1.aqu-sz,0.75
1791047449,2026-10-04T01:10:48,io.nvme0n1.%util,45.8
1791047449,2026-10-04T01:10:48,io.nvme1n1.r/s,0.0
1791047449,2026-10-04T01:10:48,io.nvme1n1.rkB/s,0.0
1791047449,2026-10-04T01:10:48,io.nvme1n1.r_await,0.0
1791047449,2026-10-04T01:10:48,io.nvme1n1.w/s,817.9
1791047449,2026-10-04T01:10:48,io.nvme1n1.wkB/s,39681.2
1791047449,2026-10-04T01:10:48,io.nvme1n1.w_await,0.7
1791047449,2026-10-04T01:10:48,io.nvme1n1.f/s,173.1
1791047449,2026-10-04T01:10:48,io.nvme1n1.aqu-sz,0.77
1791047449,2026-10-04T01:10:48,io.nvme1n1.%util,45.05
1791047459,2026-10-04T01:10:58,host.cpu_pct,15.183575791926444
1791047459,2026-10-04T01:10:58,host.run_cpu_pct,15.024869454142795
1791047459,2026-10-04T01:10:58,host.nonrun_cpu_pct,0.15870633778364862
1791047459,2026-10-04T01:10:58,docker.dev-peer0.org2.example.com-saksi-bulletin_1.0-ee3fe73bad456e43adfc5ba27d9e5a60983b69e8496140308fb21061ecb2ff85.cpu_pct,0.0
1791047459,2026-10-04T01:10:58,docker.dev-peer0.org2.example.com-saksi-bulletin_1.0-ee3fe73bad456e43adfc5ba27d9e5a60983b69e8496140308fb21061ecb2ff85.mem_bytes,6856638.464
1791047459,2026-10-04T01:10:58,docker.dev-peer0.org2.example.com-saksi-bulletin_1.0-ee3fe73bad456e43adfc5ba27d9e5a60983b69e8496140308fb21061ecb2ff85.blk_read_bytes,0.0
1791047459,2026-10-04T01:10:58,docker.dev-peer0.org2.example.com-saksi-bulletin_1.0-ee3fe73bad456e43adfc5ba27d9e5a60983b69e8496140308fb21061ecb2ff85.blk_write_bytes,0.0
1791047459,2026-10-04T01:10:58,docker.dev-peer0.org1.example.com-saksi-bulletin_1.0-ee3fe73bad456e43adfc5ba27d9e5a60983b69e8496140308fb21061ecb2ff85.cpu_pct,0.0
1791047459,2026-10-04T01:10:58,docker.dev-peer0.org1.example.com-saksi-bulletin_1.0-ee3fe73bad456e43adfc5ba27d9e5a60983b69e8496140308fb21061ecb2ff85.mem_bytes,15875440.64
1791047459,2026-10-04T01:10:58,docker.dev-peer0.org1.example.com-saksi-bulletin_1.0-ee3fe73bad456e43adfc5ba27d9e5a60983b69e8496140308fb21061ecb2ff85.blk_read_bytes,0.0
1791047459,2026-10-04T01:10:58,docker.dev-peer0.org1.example.com-saksi-bulletin_1.0-ee3fe73bad456e43adfc5ba27d9e5a60983b69e8496140308fb21061ecb2ff85.blk_write_bytes,0.0
1791047459,2026-10-04T01:10:58,docker.peer0.org2.example.com.cpu_pct,1.82
1791047459,2026-10-04T01:10:58,docker.peer0.org2.example.com.mem_bytes,243584204.8
1791047459,2026-10-04T01:10:58,docker.peer0.org2.example.com.blk_read_bytes,0.0
1791047459,2026-10-04T01:10:58,docker.peer0.org2.example.com.blk_write_bytes,6420000000.0
1791047459,2026-10-04T01:10:58,docker.peer0.org1.example.com.cpu_pct,2.03
1791047459,2026-10-04T01:10:58,docker.peer0.org1.example.com.mem_bytes,266652876.8
1791047459,2026-10-04T01:10:58,docker.peer0.org1.example.com.blk_read_bytes,0.0
1791047459,2026-10-04T01:10:58,docker.peer0.org1.example.com.blk_write_bytes,6420000000.0
1791047459,2026-10-04T01:10:58,docker.orderer.example.com.cpu_pct,0.05
1791047459,2026-10-04T01:10:58,docker.orderer.example.com.mem_bytes,184654233.6
1791047459,2026-10-04T01:10:58,docker.orderer.example.com.blk_read_bytes,0.0
1791047459,2026-10-04T01:10:58,docker.orderer.example.com.blk_write_bytes,3440000000.0
1791047459,2026-10-04T01:10:58,host.MemTotal_kb,64932116
1791047459,2026-10-04T01:10:58,host.MemAvailable_kb,62977356
1791047459,2026-10-04T01:10:58,host.Cached_kb,11894728
1791047459,2026-10-04T01:10:58,host.SwapTotal_kb,0
1791047459,2026-10-04T01:10:58,host.SwapFree_kb,0
1791047459,2026-10-04T01:10:58,host.Dirty_kb,1596
1791047459,2026-10-04T01:10:58,host.load1,9.46
1791047459,2026-10-04T01:10:58,host.load5,5.94
1791047459,2026-10-04T01:10:58,host.root_free_bytes,930864414720
1791047459,2026-10-04T01:10:58,host.root_used_bytes,14108422144
1791047459,2026-10-04T01:10:58,io.md2.r/s,0.0
1791047459,2026-10-04T01:10:58,io.md2.rkB/s,0.0
1791047459,2026-10-04T01:10:58,io.md2.r_await,0.0
1791047459,2026-10-04T01:10:58,io.md2.w/s,2694.6
1791047459,2026-10-04T01:10:58,io.md2.wkB/s,106262.0
1791047459,2026-10-04T01:10:58,io.md2.w_await,0.3
1791047459,2026-10-04T01:10:58,io.md2.f/s,0.0
1791047459,2026-10-04T01:10:58,io.md2.aqu-sz,0.81
1791047459,2026-10-04T01:10:58,io.md2.%util,68.3
1791047459,2026-10-04T01:10:58,io.nvme0n1.r/s,0.0
1791047459,2026-10-04T01:10:58,io.nvme0n1.rkB/s,0.0
1791047459,2026-10-04T01:10:58,io.nvme0n1.r_await,0.0
1791047459,2026-10-04T01:10:58,io.nvme0n1.w/s,890.7
1791047459,2026-10-04T01:10:58,io.nvme0n1.wkB/s,52702.8
1791047459,2026-10-04T01:10:58,io.nvme0n1.w_await,0.65
1791047459,2026-10-04T01:10:58,io.nvme0n1.f/s,174.2
1791047459,2026-10-04T01:10:58,io.nvme0n1.aqu-sz,0.77
1791047459,2026-10-04T01:10:58,io.nvme0n1.%util,44.24
1791047459,2026-10-04T01:10:58,io.nvme1n1.r/s,0.0
1791047459,2026-10-04T01:10:58,io.nvme1n1.rkB/s,0.0
1791047459,2026-10-04T01:10:58,io.nvme1n1.r_await,0.0
1791047459,2026-10-04T01:10:58,io.nvme1n1.w/s,932.8
1791047459,2026-10-04T01:10:58,io.nvme1n1.wkB/s,53559.2
1791047459,2026-10-04T01:10:58,io.nvme1n1.w_await,0.63
1791047459,2026-10-04T01:10:58,io.nvme1n1.f/s,174.2
1791047459,2026-10-04T01:10:58,io.nvme1n1.aqu-sz,0.79
1791047459,2026-10-04T01:10:58,io.nvme1n1.%util,45.02
1791047469,2026-10-04T01:11:08,host.cpu_pct,1.6903355536006033
1791047469,2026-10-04T01:11:08,host.run_cpu_pct,1.6491452636903419
1791047469,2026-10-04T01:11:08,host.nonrun_cpu_pct,0.04119028991026141
1791047469,2026-10-04T01:11:08,docker.dev-peer0.org2.example.com-saksi-bulletin_1.0-ee3fe73bad456e43adfc5ba27d9e5a60983b69e8496140308fb21061ecb2ff85.cpu_pct,0.0
1791047469,2026-10-04T01:11:08,docker.dev-peer0.org2.example.com-saksi-bulletin_1.0-ee3fe73bad456e43adfc5ba27d9e5a60983b69e8496140308fb21061ecb2ff85.mem_bytes,6856638.464
1791047469,2026-10-04T01:11:08,docker.dev-peer0.org2.example.com-saksi-bulletin_1.0-ee3fe73bad456e43adfc5ba27d9e5a60983b69e8496140308fb21061ecb2ff85.blk_read_bytes,0.0
1791047469,2026-10-04T01:11:08,docker.dev-peer0.org2.example.com-saksi-bulletin_1.0-ee3fe73bad456e43adfc5ba27d9e5a60983b69e8496140308fb21061ecb2ff85.blk_write_bytes,0.0
1791047469,2026-10-04T01:11:08,docker.dev-peer0.org1.example.com-saksi-bulletin_1.0-ee3fe73bad456e43adfc5ba27d9e5a60983b69e8496140308fb21061ecb2ff85.cpu_pct,112.93
1791047469,2026-10-04T01:11:08,docker.dev-peer0.org1.example.com-saksi-bulletin_1.0-ee3fe73bad456e43adfc5ba27d9e5a60983b69e8496140308fb21061ecb2ff85.mem_bytes,18664652.8
1791047469,2026-10-04T01:11:08,docker.dev-peer0.org1.example.com-saksi-bulletin_1.0-ee3fe73bad456e43adfc5ba27d9e5a60983b69e8496140308fb21061ecb2ff85.blk_read_bytes,0.0
1791047469,2026-10-04T01:11:08,docker.dev-peer0.org1.example.com-saksi-bulletin_1.0-ee3fe73bad456e43adfc5ba27d9e5a60983b69e8496140308fb21061ecb2ff85.blk_write_bytes,0.0
1791047469,2026-10-04T01:11:08,docker.peer0.org2.example.com.cpu_pct,0.46
1791047469,2026-10-04T01:11:08,docker.peer0.org2.example.com.mem_bytes,243584204.8
1791047469,2026-10-04T01:11:08,docker.peer0.org2.example.com.blk_read_bytes,0.0
1791047469,2026-10-04T01:11:08,docker.peer0.org2.example.com.blk_write_bytes,6420000000.0
1791047469,2026-10-04T01:11:08,docker.peer0.org1.example.com.cpu_pct,79.67
1791047469,2026-10-04T01:11:08,docker.peer0.org1.example.com.mem_bytes,297585868.8
1791047469,2026-10-04T01:11:08,docker.peer0.org1.example.com.blk_read_bytes,0.0
1791047469,2026-10-04T01:11:08,docker.peer0.org1.example.com.blk_write_bytes,6420000000.0
1791047469,2026-10-04T01:11:08,docker.orderer.example.com.cpu_pct,0.03
1791047469,2026-10-04T01:11:08,docker.orderer.example.com.mem_bytes,184444518.4
1791047469,2026-10-04T01:11:08,docker.orderer.example.com.blk_read_bytes,0.0
1791047469,2026-10-04T01:11:08,docker.orderer.example.com.blk_write_bytes,3440000000.0
1791047469,2026-10-04T01:11:08,host.MemTotal_kb,64932116
1791047469,2026-10-04T01:11:08,host.MemAvailable_kb,62860996
1791047469,2026-10-04T01:11:08,host.Cached_kb,11962856
1791047469,2026-10-04T01:11:08,host.SwapTotal_kb,0
1791047469,2026-10-04T01:11:08,host.SwapFree_kb,0
1791047469,2026-10-04T01:11:08,host.Dirty_kb,63736
1791047469,2026-10-04T01:11:08,host.load1,8.08
1791047469,2026-10-04T01:11:08,host.load5,5.76
1791047469,2026-10-04T01:11:08,host.root_free_bytes,930794860544
1791047469,2026-10-04T01:11:08,host.root_used_bytes,14177976320
1791047469,2026-10-04T01:11:08,io.md2.r/s,0.0
1791047469,2026-10-04T01:11:08,io.md2.rkB/s,0.0
1791047469,2026-10-04T01:11:08,io.md2.r_await,0.0
1791047469,2026-10-04T01:11:08,io.md2.w/s,271.7
1791047469,2026-10-04T01:11:08,io.md2.wkB/s,7690.8
1791047469,2026-10-04T01:11:08,io.md2.w_await,0.33
1791047469,2026-10-04T01:11:08,io.md2.f/s,0.0
1791047469,2026-10-04T01:11:08,io.md2.aqu-sz,0.09
1791047469,2026-10-04T01:11:08,io.md2.%util,7.52
1791047469,2026-10-04T01:11:08,io.nvme0n1.r/s,0.0
1791047469,2026-10-04T01:11:08,io.nvme0n1.rkB/s,0.0
1791047469,2026-10-04T01:11:08,io.nvme0n1.r_await,0.0
1791047469,2026-10-04T01:11:08,io.nvme0n1.w/s,87.3
1791047469,2026-10-04T01:11:08,io.nvme0n1.wkB/s,3797.2
1791047469,2026-10-04T01:11:08,io.nvme0n1.w_await,0.7
1791047469,2026-10-04T01:11:08,io.nvme0n1.f/s,19.1
1791047469,2026-10-04T01:11:08,io.nvme0n1.aqu-sz,0.08
1791047469,2026-10-04T01:11:08,io.nvme0n1.%util,4.85
1791047469,2026-10-04T01:11:08,io.nvme1n1.r/s,0.0
1791047469,2026-10-04T01:11:08,io.nvme1n1.rkB/s,0.0
1791047469,2026-10-04T01:11:08,io.nvme1n1.r_await,0.0
1791047469,2026-10-04T01:11:08,io.nvme1n1.w/s,101.6
1791047469,2026-10-04T01:11:08,io.nvme1n1.wkB/s,3893.6
1791047469,2026-10-04T01:11:08,io.nvme1n1.w_await,0.68
1791047469,2026-10-04T01:11:08,io.nvme1n1.f/s,19.1
1791047469,2026-10-04T01:11:08,io.nvme1n1.aqu-sz,0.09
1791047469,2026-10-04T01:11:08,io.nvme1n1.%util,5.28
1791047479,2026-10-04T01:11:18,host.cpu_pct,58.0387178673437
1791047479,2026-10-04T01:11:18,host.run_cpu_pct,57.76761323984328
1791047479,2026-10-04T01:11:18,host.nonrun_cpu_pct,0.27110462750042075
1791047479,2026-10-04T01:11:18,docker.dev-peer0.org2.example.com-saksi-bulletin_1.0-ee3fe73bad456e43adfc5ba27d9e5a60983b69e8496140308fb21061ecb2ff85.cpu_pct,0.0
1791047479,2026-10-04T01:11:18,docker.dev-peer0.org2.example.com-saksi-bulletin_1.0-ee3fe73bad456e43adfc5ba27d9e5a60983b69e8496140308fb21061ecb2ff85.mem_bytes,6856638.464
1791047479,2026-10-04T01:11:18,docker.dev-peer0.org2.example.com-saksi-bulletin_1.0-ee3fe73bad456e43adfc5ba27d9e5a60983b69e8496140308fb21061ecb2ff85.blk_read_bytes,0.0
1791047479,2026-10-04T01:11:18,docker.dev-peer0.org2.example.com-saksi-bulletin_1.0-ee3fe73bad456e43adfc5ba27d9e5a60983b69e8496140308fb21061ecb2ff85.blk_write_bytes,0.0
1791047479,2026-10-04T01:11:18,docker.dev-peer0.org1.example.com-saksi-bulletin_1.0-ee3fe73bad456e43adfc5ba27d9e5a60983b69e8496140308fb21061ecb2ff85.cpu_pct,0.0
1791047479,2026-10-04T01:11:18,docker.dev-peer0.org1.example.com-saksi-bulletin_1.0-ee3fe73bad456e43adfc5ba27d9e5a60983b69e8496140308fb21061ecb2ff85.mem_bytes,34676408.32
1791047479,2026-10-04T01:11:18,docker.dev-peer0.org1.example.com-saksi-bulletin_1.0-ee3fe73bad456e43adfc5ba27d9e5a60983b69e8496140308fb21061ecb2ff85.blk_read_bytes,0.0
1791047479,2026-10-04T01:11:18,docker.dev-peer0.org1.example.com-saksi-bulletin_1.0-ee3fe73bad456e43adfc5ba27d9e5a60983b69e8496140308fb21061ecb2ff85.blk_write_bytes,0.0
1791047479,2026-10-04T01:11:18,docker.peer0.org2.example.com.cpu_pct,0.66
1791047479,2026-10-04T01:11:18,docker.peer0.org2.example.com.mem_bytes,243584204.8
1791047479,2026-10-04T01:11:18,docker.peer0.org2.example.com.blk_read_bytes,0.0
1791047479,2026-10-04T01:11:18,docker.peer0.org2.example.com.blk_write_bytes,6420000000.0
1791047479,2026-10-04T01:11:18,docker.peer0.org1.example.com.cpu_pct,0.55
1791047479,2026-10-04T01:11:18,docker.peer0.org1.example.com.mem_bytes,312999936.0
1791047479,2026-10-04T01:11:18,docker.peer0.org1.example.com.blk_read_bytes,0.0
1791047479,2026-10-04T01:11:18,docker.peer0.org1.example.com.blk_write_bytes,6420000000.0
1791047479,2026-10-04T01:11:18,docker.orderer.example.com.cpu_pct,0.03
1791047479,2026-10-04T01:11:18,docker.orderer.example.com.mem_bytes,184444518.4
1791047479,2026-10-04T01:11:18,docker.orderer.example.com.blk_read_bytes,0.0
1791047479,2026-10-04T01:11:18,docker.orderer.example.com.blk_write_bytes,3440000000.0
1791047479,2026-10-04T01:11:18,host.MemTotal_kb,64932116
1791047479,2026-10-04T01:11:18,host.MemAvailable_kb,62908816
1791047479,2026-10-04T01:11:18,host.Cached_kb,12011392
1791047479,2026-10-04T01:11:18,host.SwapTotal_kb,0
1791047479,2026-10-04T01:11:18,host.SwapFree_kb,0
1791047479,2026-10-04T01:11:18,host.Dirty_kb,588
1791047479,2026-10-04T01:11:18,host.load1,9.3
1791047479,2026-10-04T01:11:18,host.load5,6.1
1791047479,2026-10-04T01:11:18,host.root_free_bytes,930745159680
1791047479,2026-10-04T01:11:18,host.root_used_bytes,14227677184
1791047479,2026-10-04T01:11:18,io.md2.r/s,0.0
1791047479,2026-10-04T01:11:18,io.md2.rkB/s,0.0
1791047479,2026-10-04T01:11:18,io.md2.r_await,0.0
1791047479,2026-10-04T01:11:18,io.md2.w/s,92.0
1791047479,2026-10-04T01:11:18,io.md2.wkB/s,558.8
1791047479,2026-10-04T01:11:18,io.md2.w_await,0.45
1791047479,2026-10-04T01:11:18,io.md2.f/s,0.0
1791047479,2026-10-04T01:11:18,io.md2.aqu-sz,0.04
1791047479,2026-10-04T01:11:18,io.md2.%util,2.69
1791047479,2026-10-04T01:11:18,io.nvme0n1.r/s,0.0
1791047479,2026-10-04T01:11:18,io.nvme0n1.rkB/s,0.0
1791047479,2026-10-04T01:11:18,io.nvme0n1.r_await,0.0
1791047479,2026-10-04T01:11:18,io.nvme0n1.w/s,38.0
1791047479,2026-10-04T01:11:18,io.nvme0n1.wkB/s,242.0
1791047479,2026-10-04T01:11:18,io.nvme0n1.w_await,0.79
1791047479,2026-10-04T01:11:18,io.nvme0n1.f/s,6.6
1791047479,2026-10-04T01:11:18,io.nvme0n1.aqu-sz,0.04
1791047479,2026-10-04T01:11:18,io.nvme0n1.%util,2.44
1791047479,2026-10-04T01:11:18,io.nvme1n1.r/s,0.0
1791047479,2026-10-04T01:11:18,io.nvme1n1.rkB/s,0.0
1791047479,2026-10-04T01:11:18,io.nvme1n1.r_await,0.0
1791047479,2026-10-04T01:11:18,io.nvme1n1.w/s,36.6
1791047479,2026-10-04T01:11:18,io.nvme1n1.wkB/s,316.8
1791047479,2026-10-04T01:11:18,io.nvme1n1.w_await,0.63
1791047479,2026-10-04T01:11:18,io.nvme1n1.f/s,6.6
1791047479,2026-10-04T01:11:18,io.nvme1n1.aqu-sz,0.03
1791047479,2026-10-04T01:11:18,io.nvme1n1.%util,1.59
1791047489,2026-10-04T01:11:28,host.cpu_pct,85.33608711978971
1791047489,2026-10-04T01:11:28,host.run_cpu_pct,84.92060730830887
1791047489,2026-10-04T01:11:28,host.nonrun_cpu_pct,0.4154798114808358
1791047489,2026-10-04T01:11:28,docker.dev-peer0.org2.example.com-saksi-bulletin_1.0-ee3fe73bad456e43adfc5ba27d9e5a60983b69e8496140308fb21061ecb2ff85.cpu_pct,0.0
1791047489,2026-10-04T01:11:28,docker.dev-peer0.org2.example.com-saksi-bulletin_1.0-ee3fe73bad456e43adfc5ba27d9e5a60983b69e8496140308fb21061ecb2ff85.mem_bytes,6856638.464
1791047489,2026-10-04T01:11:28,docker.dev-peer0.org2.example.com-saksi-bulletin_1.0-ee3fe73bad456e43adfc5ba27d9e5a60983b69e8496140308fb21061ecb2ff85.blk_read_bytes,0.0
1791047489,2026-10-04T01:11:28,docker.dev-peer0.org2.example.com-saksi-bulletin_1.0-ee3fe73bad456e43adfc5ba27d9e5a60983b69e8496140308fb21061ecb2ff85.blk_write_bytes,0.0
1791047489,2026-10-04T01:11:28,docker.dev-peer0.org1.example.com-saksi-bulletin_1.0-ee3fe73bad456e43adfc5ba27d9e5a60983b69e8496140308fb21061ecb2ff85.cpu_pct,0.0
1791047489,2026-10-04T01:11:28,docker.dev-peer0.org1.example.com-saksi-bulletin_1.0-ee3fe73bad456e43adfc5ba27d9e5a60983b69e8496140308fb21061ecb2ff85.mem_bytes,34676408.32
1791047489,2026-10-04T01:11:28,docker.dev-peer0.org1.example.com-saksi-bulletin_1.0-ee3fe73bad456e43adfc5ba27d9e5a60983b69e8496140308fb21061ecb2ff85.blk_read_bytes,0.0
1791047489,2026-10-04T01:11:28,docker.dev-peer0.org1.example.com-saksi-bulletin_1.0-ee3fe73bad456e43adfc5ba27d9e5a60983b69e8496140308fb21061ecb2ff85.blk_write_bytes,0.0
1791047489,2026-10-04T01:11:28,docker.peer0.org2.example.com.cpu_pct,0.44
1791047489,2026-10-04T01:11:28,docker.peer0.org2.example.com.mem_bytes,243584204.8
1791047489,2026-10-04T01:11:28,docker.peer0.org2.example.com.blk_read_bytes,0.0
1791047489,2026-10-04T01:11:28,docker.peer0.org2.example.com.blk_write_bytes,6420000000.0
1791047489,2026-10-04T01:11:28,docker.peer0.org1.example.com.cpu_pct,0.53
1791047489,2026-10-04T01:11:28,docker.peer0.org1.example.com.mem_bytes,312895078.4
1791047489,2026-10-04T01:11:28,docker.peer0.org1.example.com.blk_read_bytes,0.0
1791047489,2026-10-04T01:11:28,docker.peer0.org1.example.com.blk_write_bytes,6420000000.0
1791047489,2026-10-04T01:11:28,docker.orderer.example.com.cpu_pct,0.02
1791047489,2026-10-04T01:11:28,docker.orderer.example.com.mem_bytes,184444518.4
1791047489,2026-10-04T01:11:28,docker.orderer.example.com.blk_read_bytes,0.0
1791047489,2026-10-04T01:11:28,docker.orderer.example.com.blk_write_bytes,3440000000.0
1791047489,2026-10-04T01:11:28,host.MemTotal_kb,64932116
1791047489,2026-10-04T01:11:28,host.MemAvailable_kb,62936288
1791047489,2026-10-04T01:11:28,host.Cached_kb,12209348
1791047489,2026-10-04T01:11:28,host.SwapTotal_kb,0
1791047489,2026-10-04T01:11:28,host.SwapFree_kb,0
1791047489,2026-10-04T01:11:28,host.Dirty_kb,199244
1791047489,2026-10-04T01:11:28,host.load1,9.6
1791047489,2026-10-04T01:11:28,host.load5,6.26
1791047489,2026-10-04T01:11:28,host.root_free_bytes,930541965312
1791047489,2026-10-04T01:11:28,host.root_used_bytes,14430871552
1791047489,2026-10-04T01:11:28,io.md2.r/s,0.0
1791047489,2026-10-04T01:11:28,io.md2.rkB/s,0.0
1791047489,2026-10-04T01:11:28,io.md2.r_await,0.0
1791047489,2026-10-04T01:11:28,io.md2.w/s,149.4
1791047489,2026-10-04T01:11:28,io.md2.wkB/s,11820.0
1791047489,2026-10-04T01:11:28,io.md2.w_await,0.13
1791047489,2026-10-04T01:11:28,io.md2.f/s,0.0
1791047489,2026-10-04T01:11:28,io.md2.aqu-sz,0.02
1791047489,2026-10-04T01:11:28,io.md2.%util,0.8
1791047489,2026-10-04T01:11:28,io.nvme0n1.r/s,0.0
1791047489,2026-10-04T01:11:28,io.nvme0n1.rkB/s,0.0
1791047489,2026-10-04T01:11:28,io.nvme0n1.r_await,0.0
1791047489,2026-10-04T01:11:28,io.nvme0n1.w/s,68.7
1791047489,2026-10-04T01:11:28,io.nvme0n1.wkB/s,5857.2
1791047489,2026-10-04T01:11:28,io.nvme0n1.w_await,0.16
1791047489,2026-10-04T01:11:28,io.nvme0n1.f/s,0.2
1791047489,2026-10-04T01:11:28,io.nvme0n1.aqu-sz,0.01
1791047489,2026-10-04T01:11:28,io.nvme0n1.%util,0.1
1791047489,2026-10-04T01:11:28,io.nvme1n1.r/s,0.0
1791047489,2026-10-04T01:11:28,io.nvme1n1.rkB/s,0.0
1791047489,2026-10-04T01:11:28,io.nvme1n1.r_await,0.0
1791047489,2026-10-04T01:11:28,io.nvme1n1.w/s,71.4
1791047489,2026-10-04T01:11:28,io.nvme1n1.wkB/s,5962.8
1791047489,2026-10-04T01:11:28,io.nvme1n1.w_await,0.16
1791047489,2026-10-04T01:11:28,io.nvme1n1.f/s,0.2
1791047489,2026-10-04T01:11:28,io.nvme1n1.aqu-sz,0.01
1791047489,2026-10-04T01:11:28,io.nvme1n1.%util,0.22
1791047499,2026-10-04T01:11:38,host.cpu_pct,25.778197857592943
1791047499,2026-10-04T01:11:38,host.run_cpu_pct,25.580232484420495
1791047499,2026-10-04T01:11:38,host.nonrun_cpu_pct,0.19796537317244756
1791047499,2026-10-04T01:11:38,docker.dev-peer0.org2.example.com-saksi-bulletin_1.0-ee3fe73bad456e43adfc5ba27d9e5a60983b69e8496140308fb21061ecb2ff85.cpu_pct,0.0
1791047499,2026-10-04T01:11:38,docker.dev-peer0.org2.example.com-saksi-bulletin_1.0-ee3fe73bad456e43adfc5ba27d9e5a60983b69e8496140308fb21061ecb2ff85.mem_bytes,6856638.464
1791047499,2026-10-04T01:11:38,docker.dev-peer0.org2.example.com-saksi-bulletin_1.0-ee3fe73bad456e43adfc5ba27d9e5a60983b69e8496140308fb21061ecb2ff85.blk_read_bytes,0.0
1791047499,2026-10-04T01:11:38,docker.dev-peer0.org2.example.com-saksi-bulletin_1.0-ee3fe73bad456e43adfc5ba27d9e5a60983b69e8496140308fb21061ecb2ff85.blk_write_bytes,0.0
1791047499,2026-10-04T01:11:38,docker.dev-peer0.org1.example.com-saksi-bulletin_1.0-ee3fe73bad456e43adfc5ba27d9e5a60983b69e8496140308fb21061ecb2ff85.cpu_pct,362.16
1791047499,2026-10-04T01:11:38,docker.dev-peer0.org1.example.com-saksi-bulletin_1.0-ee3fe73bad456e43adfc5ba27d9e5a60983b69e8496140308fb21061ecb2ff85.mem_bytes,20310917.12
1791047499,2026-10-04T01:11:38,docker.dev-peer0.org1.example.com-saksi-bulletin_1.0-ee3fe73bad456e43adfc5ba27d9e5a60983b69e8496140308fb21061ecb2ff85.blk_read_bytes,0.0
1791047499,2026-10-04T01:11:38,docker.dev-peer0.org1.example.com-saksi-bulletin_1.0-ee3fe73bad456e43adfc5ba27d9e5a60983b69e8496140308fb21061ecb2ff85.blk_write_bytes,0.0
1791047499,2026-10-04T01:11:38,docker.peer0.org2.example.com.cpu_pct,53.18
1791047499,2026-10-04T01:11:38,docker.peer0.org2.example.com.mem_bytes,227121561.6
1791047499,2026-10-04T01:11:38,docker.peer0.org2.example.com.blk_read_bytes,0.0
1791047499,2026-10-04T01:11:38,docker.peer0.org2.example.com.blk_write_bytes,6700000000.0
1791047499,2026-10-04T01:11:38,docker.peer0.org1.example.com.cpu_pct,187.61
1791047499,2026-10-04T01:11:38,docker.peer0.org1.example.com.mem_bytes,254489395.2
1791047499,2026-10-04T01:11:38,docker.peer0.org1.example.com.blk_read_bytes,0.0
1791047499,2026-10-04T01:11:38,docker.peer0.org1.example.com.blk_write_bytes,6700000000.0
1791047499,2026-10-04T01:11:38,docker.orderer.example.com.cpu_pct,50.42
1791047499,2026-10-04T01:11:38,docker.orderer.example.com.mem_bytes,241487052.8
1791047499,2026-10-04T01:11:38,docker.orderer.example.com.blk_read_bytes,0.0
1791047499,2026-10-04T01:11:38,docker.orderer.example.com.blk_write_bytes,3570000000.0
1791047499,2026-10-04T01:11:38,host.MemTotal_kb,64932116
1791047499,2026-10-04T01:11:38,host.MemAvailable_kb,62945304
1791047499,2026-10-04T01:11:38,host.Cached_kb,12428484
1791047499,2026-10-04T01:11:38,host.SwapTotal_kb,0
1791047499,2026-10-04T01:11:38,host.SwapFree_kb,0
1791047499,2026-10-04T01:11:38,host.Dirty_kb,247336
1791047499,2026-10-04T01:11:38,host.load1,8.51
1791047499,2026-10-04T01:11:38,host.load5,6.14
1791047499,2026-10-04T01:11:38,host.root_free_bytes,930356297728
1791047499,2026-10-04T01:11:38,host.root_used_bytes,14616539136
1791047499,2026-10-04T01:11:38,io.md2.r/s,0.0
1791047499,2026-10-04T01:11:38,io.md2.rkB/s,0.0
1791047499,2026-10-04T01:11:38,io.md2.r_await,0.0
1791047499,2026-10-04T01:11:38,io.md2.w/s,43.3
1791047499,2026-10-04T01:11:38,io.md2.wkB/s,196.8
1791047499,2026-10-04T01:11:38,io.md2.w_await,0.2
1791047499,2026-10-04T01:11:38,io.md2.f/s,0.0
1791047499,2026-10-04T01:11:38,io.md2.aqu-sz,0.01
1791047499,2026-10-04T01:11:38,io.md2.%util,0.66
1791047499,2026-10-04T01:11:38,io.nvme0n1.r/s,0.0
1791047499,2026-10-04T01:11:38,io.nvme0n1.rkB/s,0.0
1791047499,2026-10-04T01:11:38,io.nvme0n1.r_await,0.0
1791047499,2026-10-04T01:11:38,io.nvme0n1.w/s,19.3
1791047499,2026-10-04T01:11:38,io.nvme0n1.wkB/s,89.6
1791047499,2026-10-04T01:11:38,io.nvme0n1.w_await,0.12
1791047499,2026-10-04T01:11:38,io.nvme0n1.f/s,0.7
1791047499,2026-10-04T01:11:38,io.nvme0n1.aqu-sz,0.0
1791047499,2026-10-04T01:11:38,io.nvme0n1.%util,0.06
1791047499,2026-10-04T01:11:38,io.nvme1n1.r/s,0.0
1791047499,2026-10-04T01:11:38,io.nvme1n1.rkB/s,0.0
1791047499,2026-10-04T01:11:38,io.nvme1n1.r_await,0.0
1791047499,2026-10-04T01:11:38,io.nvme1n1.w/s,19.7
1791047499,2026-10-04T01:11:38,io.nvme1n1.wkB/s,107.2
1791047499,2026-10-04T01:11:38,io.nvme1n1.w_await,0.27
1791047499,2026-10-04T01:11:38,io.nvme1n1.f/s,0.7
1791047499,2026-10-04T01:11:38,io.nvme1n1.aqu-sz,0.01
1791047499,2026-10-04T01:11:38,io.nvme1n1.%util,0.38
1791047509,2026-10-04T01:11:48,host.cpu_pct,45.341575325006374
1791047509,2026-10-04T01:11:48,host.run_cpu_pct,44.84006128562238
1791047509,2026-10-04T01:11:48,host.nonrun_cpu_pct,0.5015140393839914
1791047509,2026-10-04T01:11:48,docker.dev-peer0.org2.example.com-saksi-bulletin_1.0-ee3fe73bad456e43adfc5ba27d9e5a60983b69e8496140308fb21061ecb2ff85.cpu_pct,0.0
1791047509,2026-10-04T01:11:48,docker.dev-peer0.org2.example.com-saksi-bulletin_1.0-ee3fe73bad456e43adfc5ba27d9e5a60983b69e8496140308fb21061ecb2ff85.mem_bytes,6856638.464
1791047509,2026-10-04T01:11:48,docker.dev-peer0.org2.example.com-saksi-bulletin_1.0-ee3fe73bad456e43adfc5ba27d9e5a60983b69e8496140308fb21061ecb2ff85.blk_read_bytes,0.0
1791047509,2026-10-04T01:11:48,docker.dev-peer0.org2.example.com-saksi-bulletin_1.0-ee3fe73bad456e43adfc5ba27d9e5a60983b69e8496140308fb21061ecb2ff85.blk_write_bytes,0.0
1791047509,2026-10-04T01:11:48,docker.dev-peer0.org1.example.com-saksi-bulletin_1.0-ee3fe73bad456e43adfc5ba27d9e5a60983b69e8496140308fb21061ecb2ff85.cpu_pct,360.47
1791047509,2026-10-04T01:11:48,docker.dev-peer0.org1.example.com-saksi-bulletin_1.0-ee3fe73bad456e43adfc5ba27d9e5a60983b69e8496140308fb21061ecb2ff85.mem_bytes,21527265.28
1791047509,2026-10-04T01:11:48,docker.dev-peer0.org1.example.com-saksi-bulletin_1.0-ee3fe73bad456e43adfc5ba27d9e5a60983b69e8496140308fb21061ecb2ff85.blk_read_bytes,0.0
1791047509,2026-10-04T01:11:48,docker.dev-peer0.org1.example.com-saksi-bulletin_1.0-ee3fe73bad456e43adfc5ba27d9e5a60983b69e8496140308fb21061ecb2ff85.blk_write_bytes,0.0
1791047509,2026-10-04T01:11:48,docker.peer0.org2.example.com.cpu_pct,61.6
1791047509,2026-10-04T01:11:48,docker.peer0.org2.example.com.mem_bytes,258159411.2
1791047509,2026-10-04T01:11:48,docker.peer0.org2.example.com.blk_read_bytes,0.0
1791047509,2026-10-04T01:11:48,docker.peer0.org2.example.com.blk_write_bytes,7160000000.0
1791047509,2026-10-04T01:11:48,docker.peer0.org1.example.com.cpu_pct,193.15
1791047509,2026-10-04T01:11:48,docker.peer0.org1.example.com.mem_bytes,272000614.4
1791047509,2026-10-04T01:11:48,docker.peer0.org1.example.com.blk_read_bytes,0.0
1791047509,2026-10-04T01:11:48,docker.peer0.org1.example.com.blk_write_bytes,7170000000.0
1791047509,2026-10-04T01:11:48,docker.orderer.example.com.cpu_pct,50.98
1791047509,2026-10-04T01:11:48,docker.orderer.example.com.mem_bytes,410307788.8
1791047509,2026-10-04T01:11:48,docker.orderer.example.com.blk_read_bytes,0.0
1791047509,2026-10-04T01:11:48,docker.orderer.example.com.blk_write_bytes,3890000000.0
1791047509,2026-10-04T01:11:48,host.MemTotal_kb,64932116
1791047509,2026-10-04T01:11:48,host.MemAvailable_kb,62749072
1791047509,2026-10-04T01:11:48,host.Cached_kb,12789068
1791047509,2026-10-04T01:11:48,host.SwapTotal_kb,0
1791047509,2026-10-04T01:11:48,host.SwapFree_kb,0
1791047509,2026-10-04T01:11:48,host.Dirty_kb,17600
1791047509,2026-10-04T01:11:48,host.load1,7.98
1791047509,2026-10-04T01:11:48,host.load5,6.1
1791047509,2026-10-04T01:11:48,host.root_free_bytes,929994498048
1791047509,2026-10-04T01:11:48,host.root_used_bytes,14978338816
1791047509,2026-10-04T01:11:48,io.md2.r/s,0.0
1791047509,2026-10-04T01:11:48,io.md2.rkB/s,0.0
1791047509,2026-10-04T01:11:48,io.md2.r_await,0.0
1791047509,2026-10-04T01:11:48,io.md2.w/s,767.6
1791047509,2026-10-04T01:11:48,io.md2.wkB/s,26854.0
1791047509,2026-10-04T01:11:48,io.md2.w_await,0.32
1791047509,2026-10-04T01:11:48,io.md2.f/s,0.0
1791047509,2026-10-04T01:11:48,io.md2.aqu-sz,0.24
1791047509,2026-10-04T01:11:48,io.md2.%util,20.34
1791047509,2026-10-04T01:11:48,io.nvme0n1.r/s,0.0
1791047509,2026-10-04T01:11:48,io.nvme0n1.rkB/s,0.0
1791047509,2026-10-04T01:11:48,io.nvme0n1.r_await,0.0
1791047509,2026-10-04T01:11:48,io.nvme0n1.w/s,249.6
1791047509,2026-10-04T01:11:48,io.nvme0n1.wkB/s,13203.6
1791047509,2026-10-04T01:11:48,io.nvme0n1.w_await,0.69
1791047509,2026-10-04T01:11:48,io.nvme0n1.f/s,52.1
1791047509,2026-10-04T01:11:48,io.nvme0n1.aqu-sz,0.23
1791047509,2026-10-04T01:11:48,io.nvme0n1.%util,13.81
1791047509,2026-10-04T01:11:48,io.nvme1n1.r/s,0.0
1791047509,2026-10-04T01:11:48,io.nvme1n1.rkB/s,0.0
1791047509,2026-10-04T01:11:48,io.nvme1n1.r_await,0.0
1791047509,2026-10-04T01:11:48,io.nvme1n1.w/s,272.5
1791047509,2026-10-04T01:11:48,io.nvme1n1.wkB/s,13650.4
1791047509,2026-10-04T01:11:48,io.nvme1n1.w_await,0.63
1791047509,2026-10-04T01:11:48,io.nvme1n1.f/s,52.1
1791047509,2026-10-04T01:11:48,io.nvme1n1.aqu-sz,0.23
1791047509,2026-10-04T01:11:48,io.nvme1n1.%util,13.41
1791047519,2026-10-04T01:11:58,host.cpu_pct,44.98181586167294
1791047519,2026-10-04T01:11:58,host.run_cpu_pct,44.6253197944475
1791047519,2026-10-04T01:11:58,host.nonrun_cpu_pct,0.3564960672254429
1791047519,2026-10-04T01:11:58,docker.dev-peer0.org2.example.com-saksi-bulletin_1.0-ee3fe73bad456e43adfc5ba27d9e5a60983b69e8496140308fb21061ecb2ff85.cpu_pct,0.0
1791047519,2026-10-04T01:11:58,docker.dev-peer0.org2.example.com-saksi-bulletin_1.0-ee3fe73bad456e43adfc5ba27d9e5a60983b69e8496140308fb21061ecb2ff85.mem_bytes,6860832.768
1791047519,2026-10-04T01:11:58,docker.dev-peer0.org2.example.com-saksi-bulletin_1.0-ee3fe73bad456e43adfc5ba27d9e5a60983b69e8496140308fb21061ecb2ff85.blk_read_bytes,0.0
1791047519,2026-10-04T01:11:58,docker.dev-peer0.org2.example.com-saksi-bulletin_1.0-ee3fe73bad456e43adfc5ba27d9e5a60983b69e8496140308fb21061ecb2ff85.blk_write_bytes,0.0
1791047519,2026-10-04T01:11:58,docker.dev-peer0.org1.example.com-saksi-bulletin_1.0-ee3fe73bad456e43adfc5ba27d9e5a60983b69e8496140308fb21061ecb2ff85.cpu_pct,366.87
1791047519,2026-10-04T01:11:58,docker.dev-peer0.org1.example.com-saksi-bulletin_1.0-ee3fe73bad456e43adfc5ba27d9e5a60983b69e8496140308fb21061ecb2ff85.mem_bytes,19828572.16
1791047519,2026-10-04T01:11:58,docker.dev-peer0.org1.example.com-saksi-bulletin_1.0-ee3fe73bad456e43adfc5ba27d9e5a60983b69e8496140308fb21061ecb2ff85.blk_read_bytes,0.0
1791047519,2026-10-04T01:11:58,docker.dev-peer0.org1.example.com-saksi-bulletin_1.0-ee3fe73bad456e43adfc5ba27d9e5a60983b69e8496140308fb21061ecb2ff85.blk_write_bytes,0.0
1791047519,2026-10-04T01:11:58,docker.peer0.org2.example.com.cpu_pct,66.39
1791047519,2026-10-04T01:11:58,docker.peer0.org2.example.com.mem_bytes,261095424.0
1791047519,2026-10-04T01:11:58,docker.peer0.org2.example.com.blk_read_bytes,0.0
1791047519,2026-10-04T01:11:58,docker.peer0.org2.example.com.blk_write_bytes,7800000000.0
1791047519,2026-10-04T01:11:58,docker.peer0.org1.example.com.cpu_pct,196.42
1791047519,2026-10-04T01:11:58,docker.peer0.org1.example.com.mem_bytes,283744665.6
1791047519,2026-10-04T01:11:58,docker.peer0.org1.example.com.blk_read_bytes,0.0
1791047519,2026-10-04T01:11:58,docker.peer0.org1.example.com.blk_write_bytes,7800000000.0
1791047519,2026-10-04T01:11:58,docker.orderer.example.com.cpu_pct,49.19
1791047519,2026-10-04T01:11:58,docker.orderer.example.com.mem_bytes,565811609.6
1791047519,2026-10-04T01:11:58,docker.orderer.example.com.blk_read_bytes,0.0
1791047519,2026-10-04T01:11:58,docker.orderer.example.com.blk_write_bytes,4210000000.0
1791047519,2026-10-04T01:11:58,host.MemTotal_kb,64932116
1791047519,2026-10-04T01:11:58,host.MemAvailable_kb,62617352
1791047519,2026-10-04T01:11:58,host.Cached_kb,13135276
1791047519,2026-10-04T01:11:58,host.SwapTotal_kb,0
1791047519,2026-10-04T01:11:58,host.SwapFree_kb,0
1791047519,2026-10-04T01:11:58,host.Dirty_kb,10804
1791047519,2026-10-04T01:11:58,host.load1,10.3
1791047519,2026-10-04T01:11:58,host.load5,6.67
1791047519,2026-10-04T01:11:58,host.root_free_bytes,929590525952
1791047519,2026-10-04T01:11:58,host.root_used_bytes,15382310912
1791047519,2026-10-04T01:11:58,io.md2.r/s,0.0
1791047519,2026-10-04T01:11:58,io.md2.rkB/s,0.0
1791047519,2026-10-04T01:11:58,io.md2.r_await,0.0
1791047519,2026-10-04T01:11:58,io.md2.w/s,2497.9
1791047519,2026-10-04T01:11:58,io.md2.wkB/s,93213.6
1791047519,2026-10-04T01:11:58,io.md2.w_await,0.34
1791047519,2026-10-04T01:11:58,io.md2.f/s,0.0
1791047519,2026-10-04T01:11:58,io.md2.aqu-sz,0.86
1791047519,2026-10-04T01:11:58,io.md2.%util,68.29
1791047519,2026-10-04T01:11:58,io.nvme0n1.r/s,0.0
1791047519,2026-10-04T01:11:58,io.nvme0n1.rkB/s,0.0
1791047519,2026-10-04T01:11:58,io.nvme0n1.r_await,0.0
1791047519,2026-10-04T01:11:58,io.nvme0n1.w/s,847.6
1791047519,2026-10-04T01:11:58,io.nvme0n1.wkB/s,46269.6
1791047519,2026-10-04T01:11:58,io.nvme0n1.w_await,0.72
1791047519,2026-10-04T01:11:58,io.nvme0n1.f/s,173.1
1791047519,2026-10-04T01:11:58,io.nvme0n1.aqu-sz,0.81
1791047519,2026-10-04T01:11:58,io.nvme0n1.%util,46.17
1791047519,2026-10-04T01:11:58,io.nvme1n1.r/s,0.0
1791047519,2026-10-04T01:11:58,io.nvme1n1.rkB/s,0.0
1791047519,2026-10-04T01:11:58,io.nvme1n1.r_await,0.0
1791047519,2026-10-04T01:11:58,io.nvme1n1.w/s,867.0
1791047519,2026-10-04T01:11:58,io.nvme1n1.wkB/s,46944.0
1791047519,2026-10-04T01:11:58,io.nvme1n1.w_await,0.67
1791047519,2026-10-04T01:11:58,io.nvme1n1.f/s,173.1
1791047519,2026-10-04T01:11:58,io.nvme1n1.aqu-sz,0.77
1791047519,2026-10-04T01:11:58,io.nvme1n1.%util,46.03
1791047529,2026-10-04T01:12:08,host.cpu_pct,46.18919954040597
1791047529,2026-10-04T01:12:08,host.run_cpu_pct,45.7540779402788
1791047529,2026-10-04T01:12:08,host.nonrun_cpu_pct,0.43512160012717516
1791047529,2026-10-04T01:12:08,docker.dev-peer0.org2.example.com-saksi-bulletin_1.0-ee3fe73bad456e43adfc5ba27d9e5a60983b69e8496140308fb21061ecb2ff85.cpu_pct,0.0
1791047529,2026-10-04T01:12:08,docker.dev-peer0.org2.example.com-saksi-bulletin_1.0-ee3fe73bad456e43adfc5ba27d9e5a60983b69e8496140308fb21061ecb2ff85.mem_bytes,6860832.768
1791047529,2026-10-04T01:12:08,docker.dev-peer0.org2.example.com-saksi-bulletin_1.0-ee3fe73bad456e43adfc5ba27d9e5a60983b69e8496140308fb21061ecb2ff85.blk_read_bytes,0.0
1791047529,2026-10-04T01:12:08,docker.dev-peer0.org2.example.com-saksi-bulletin_1.0-ee3fe73bad456e43adfc5ba27d9e5a60983b69e8496140308fb21061ecb2ff85.blk_write_bytes,0.0
1791047529,2026-10-04T01:12:08,docker.dev-peer0.org1.example.com-saksi-bulletin_1.0-ee3fe73bad456e43adfc5ba27d9e5a60983b69e8496140308fb21061ecb2ff85.cpu_pct,361.12
1791047529,2026-10-04T01:12:08,docker.dev-peer0.org1.example.com-saksi-bulletin_1.0-ee3fe73bad456e43adfc5ba27d9e5a60983b69e8496140308fb21061ecb2ff85.mem_bytes,20352860.16
1791047529,2026-10-04T01:12:08,docker.dev-peer0.org1.example.com-saksi-bulletin_1.0-ee3fe73bad456e43adfc5ba27d9e5a60983b69e8496140308fb21061ecb2ff85.blk_read_bytes,0.0
1791047529,2026-10-04T01:12:08,docker.dev-peer0.org1.example.com-saksi-bulletin_1.0-ee3fe73bad456e43adfc5ba27d9e5a60983b69e8496140308fb21061ecb2ff85.blk_write_bytes,0.0
1791047529,2026-10-04T01:12:08,docker.peer0.org2.example.com.cpu_pct,68.1
1791047529,2026-10-04T01:12:08,docker.peer0.org2.example.com.mem_bytes,252706816.0
1791047529,2026-10-04T01:12:08,docker.peer0.org2.example.com.blk_read_bytes,0.0
1791047529,2026-10-04T01:12:08,docker.peer0.org2.example.com.blk_write_bytes,8620000000.0
1791047529,2026-10-04T01:12:08,docker.peer0.org1.example.com.cpu_pct,197.5
1791047529,2026-10-04T01:12:08,docker.peer0.org1.example.com.mem_bytes,270008320.0
1791047529,2026-10-04T01:12:08,docker.peer0.org1.example.com.blk_read_bytes,0.0
1791047529,2026-10-04T01:12:08,docker.peer0.org1.example.com.blk_write_bytes,8650000000.0
1791047529,2026-10-04T01:12:08,docker.orderer.example.com.cpu_pct,52.67
1791047529,2026-10-04T01:12:08,docker.orderer.example.com.mem_bytes,192099123.2
1791047529,2026-10-04T01:12:08,docker.orderer.example.com.blk_read_bytes,0.0
1791047529,2026-10-04T01:12:08,docker.orderer.example.com.blk_write_bytes,4530000000.0
1791047529,2026-10-04T01:12:08,host.MemTotal_kb,64932116
1791047529,2026-10-04T01:12:08,host.MemAvailable_kb,62999624
1791047529,2026-10-04T01:12:08,host.Cached_kb,13315968
1791047529,2026-10-04T01:12:08,host.SwapTotal_kb,0
1791047529,2026-10-04T01:12:08,host.SwapFree_kb,0
1791047529,2026-10-04T01:12:08,host.Dirty_kb,19780
1791047529,2026-10-04T01:12:08,host.load1,9.33
1791047529,2026-10-04T01:12:08,host.load5,6.58
1791047529,2026-10-04T01:12:08,host.root_free_bytes,929419919360
1791047529,2026-10-04T01:12:08,host.root_used_bytes,15552917504
1791047529,2026-10-04T01:12:08,io.md2.r/s,0.0
1791047529,2026-10-04T01:12:08,io.md2.rkB/s,0.0
1791047529,2026-10-04T01:12:08,io.md2.r_await,0.0
1791047529,2026-10-04T01:12:08,io.md2.w/s,2376.7
1791047529,2026-10-04T01:12:08,io.md2.wkB/s,80594.8
1791047529,2026-10-04T01:12:08,io.md2.w_await,0.33
1791047529,2026-10-04T01:12:08,io.md2.f/s,0.0
1791047529,2026-10-04T01:12:08,io.md2.aqu-sz,0.79
1791047529,2026-10-04T01:12:08,io.md2.%util,67.6
1791047529,2026-10-04T01:12:08,io.nvme0n1.r/s,0.0
1791047529,2026-10-04T01:12:08,io.nvme0n1.rkB/s,0.0
1791047529,2026-10-04T01:12:08,io.nvme0n1.r_await,0.0
1791047529,2026-10-04T01:12:08,io.nvme0n1.w/s,767.0
1791047529,2026-10-04T01:12:08,io.nvme0n1.wkB/s,39780.8
1791047529,2026-10-04T01:12:08,io.nvme0n1.w_await,0.74
1791047529,2026-10-04T01:12:08,io.nvme0n1.f/s,173.5
1791047529,2026-10-04T01:12:08,io.nvme0n1.aqu-sz,0.76
1791047529,2026-10-04T01:12:08,io.nvme0n1.%util,45.92
1791047529,2026-10-04T01:12:08,io.nvme1n1.r/s,0.0
1791047529,2026-10-04T01:12:08,io.nvme1n1.rkB/s,0.0
1791047529,2026-10-04T01:12:08,io.nvme1n1.r_await,0.0
1791047529,2026-10-04T01:12:08,io.nvme1n1.w/s,836.1
1791047529,2026-10-04T01:12:08,io.nvme1n1.wkB/s,40814.0
1791047529,2026-10-04T01:12:08,io.nvme1n1.w_await,0.69
1791047529,2026-10-04T01:12:08,io.nvme1n1.f/s,173.5
1791047529,2026-10-04T01:12:08,io.nvme1n1.aqu-sz,0.78
1791047529,2026-10-04T01:12:08,io.nvme1n1.%util,44.89
1791047539,2026-10-04T01:12:18,host.cpu_pct,23.636823150312757
1791047539,2026-10-04T01:12:18,host.run_cpu_pct,23.47771968453477
1791047539,2026-10-04T01:12:18,host.nonrun_cpu_pct,0.15910346577798862
1791047539,2026-10-04T01:12:18,docker.dev-peer0.org2.example.com-saksi-bulletin_1.0-ee3fe73bad456e43adfc5ba27d9e5a60983b69e8496140308fb21061ecb2ff85.cpu_pct,0.0
1791047539,2026-10-04T01:12:18,docker.dev-peer0.org2.example.com-saksi-bulletin_1.0-ee3fe73bad456e43adfc5ba27d9e5a60983b69e8496140308fb21061ecb2ff85.mem_bytes,6860832.768
1791047539,2026-10-04T01:12:18,docker.dev-peer0.org2.example.com-saksi-bulletin_1.0-ee3fe73bad456e43adfc5ba27d9e5a60983b69e8496140308fb21061ecb2ff85.blk_read_bytes,0.0
1791047539,2026-10-04T01:12:18,docker.dev-peer0.org2.example.com-saksi-bulletin_1.0-ee3fe73bad456e43adfc5ba27d9e5a60983b69e8496140308fb21061ecb2ff85.blk_write_bytes,0.0
1791047539,2026-10-04T01:12:18,docker.dev-peer0.org1.example.com-saksi-bulletin_1.0-ee3fe73bad456e43adfc5ba27d9e5a60983b69e8496140308fb21061ecb2ff85.cpu_pct,0.0
1791047539,2026-10-04T01:12:18,docker.dev-peer0.org1.example.com-saksi-bulletin_1.0-ee3fe73bad456e43adfc5ba27d9e5a60983b69e8496140308fb21061ecb2ff85.mem_bytes,16116613.12
1791047539,2026-10-04T01:12:18,docker.dev-peer0.org1.example.com-saksi-bulletin_1.0-ee3fe73bad456e43adfc5ba27d9e5a60983b69e8496140308fb21061ecb2ff85.blk_read_bytes,0.0
1791047539,2026-10-04T01:12:18,docker.dev-peer0.org1.example.com-saksi-bulletin_1.0-ee3fe73bad456e43adfc5ba27d9e5a60983b69e8496140308fb21061ecb2ff85.blk_write_bytes,0.0
1791047539,2026-10-04T01:12:18,docker.peer0.org2.example.com.cpu_pct,2.02
1791047539,2026-10-04T01:12:18,docker.peer0.org2.example.com.mem_bytes,251553382.4
1791047539,2026-10-04T01:12:18,docker.peer0.org2.example.com.blk_read_bytes,0.0
1791047539,2026-10-04T01:12:18,docker.peer0.org2.example.com.blk_write_bytes,8750000000.0
1791047539,2026-10-04T01:12:18,docker.peer0.org1.example.com.cpu_pct,2.03
1791047539,2026-10-04T01:12:18,docker.peer0.org1.example.com.mem_bytes,286575820.8
1791047539,2026-10-04T01:12:18,docker.peer0.org1.example.com.blk_read_bytes,0.0
1791047539,2026-10-04T01:12:18,docker.peer0.org1.example.com.blk_write_bytes,8750000000.0
1791047539,2026-10-04T01:12:18,docker.orderer.example.com.cpu_pct,0.96
1791047539,2026-10-04T01:12:18,docker.orderer.example.com.mem_bytes,226597273.6
1791047539,2026-10-04T01:12:18,docker.orderer.example.com.blk_read_bytes,0.0
1791047539,2026-10-04T01:12:18,docker.orderer.example.com.blk_write_bytes,4590000000.0
1791047539,2026-10-04T01:12:18,host.MemTotal_kb,64932116
1791047539,2026-10-04T01:12:18,host.MemAvailable_kb,62905560
1791047539,2026-10-04T01:12:18,host.Cached_kb,13329644
1791047539,2026-10-04T01:12:18,host.SwapTotal_kb,0
1791047539,2026-10-04T01:12:18,host.SwapFree_kb,0
1791047539,2026-10-04T01:12:18,host.Dirty_kb,1988
1791047539,2026-10-04T01:12:18,host.load1,8.04
1791047539,2026-10-04T01:12:18,host.load5,6.4
1791047539,2026-10-04T01:12:18,host.root_free_bytes,929419857920
1791047539,2026-10-04T01:12:18,host.root_used_bytes,15552978944
1791047539,2026-10-04T01:12:18,io.md2.r/s,0.0
1791047539,2026-10-04T01:12:18,io.md2.rkB/s,0.0
1791047539,2026-10-04T01:12:18,io.md2.r_await,0.0
1791047539,2026-10-04T01:12:18,io.md2.w/s,2749.7
1791047539,2026-10-04T01:12:18,io.md2.wkB/s,106500.0
1791047539,2026-10-04T01:12:18,io.md2.w_await,0.3
1791047539,2026-10-04T01:12:18,io.md2.f/s,0.0
1791047539,2026-10-04T01:12:18,io.md2.aqu-sz,0.84
1791047539,2026-10-04T01:12:18,io.md2.%util,69.12
1791047539,2026-10-04T01:12:18,io.nvme0n1.r/s,0.0
1791047539,2026-10-04T01:12:18,io.nvme0n1.rkB/s,0.0
1791047539,2026-10-04T01:12:18,io.nvme0n1.r_await,0.0
1791047539,2026-10-04T01:12:18,io.nvme0n1.w/s,876.4
1791047539,2026-10-04T01:12:18,io.nvme0n1.wkB/s,52544.0
1791047539,2026-10-04T01:12:18,io.nvme0n1.w_await,0.66
1791047539,2026-10-04T01:12:18,io.nvme0n1.f/s,175.6
1791047539,2026-10-04T01:12:18,io.nvme0n1.aqu-sz,0.77
1791047539,2026-10-04T01:12:18,io.nvme0n1.%util,45.68
1791047539,2026-10-04T01:12:18,io.nvme1n1.r/s,0.0
1791047539,2026-10-04T01:12:18,io.nvme1n1.rkB/s,0.0
1791047539,2026-10-04T01:12:18,io.nvme1n1.r_await,0.0
1791047539,2026-10-04T01:12:18,io.nvme1n1.w/s,962.4
1791047539,2026-10-04T01:12:18,io.nvme1n1.wkB/s,53956.0
1791047539,2026-10-04T01:12:18,io.nvme1n1.w_await,0.62
1791047539,2026-10-04T01:12:18,io.nvme1n1.f/s,175.6
1791047539,2026-10-04T01:12:18,io.nvme1n1.aqu-sz,0.8
1791047539,2026-10-04T01:12:18,io.nvme1n1.%util,44.79
1791047549,2026-10-04T01:12:28,host.cpu_pct,0.7334503510531595
1791047549,2026-10-04T01:12:28,host.run_cpu_pct,0.556225976649282
1791047549,2026-10-04T01:12:28,host.nonrun_cpu_pct,0.1772243744038775
1791047549,2026-10-04T01:12:28,docker.dev-peer0.org2.example.com-saksi-bulletin_1.0-ee3fe73bad456e43adfc5ba27d9e5a60983b69e8496140308fb21061ecb2ff85.cpu_pct,0.0
1791047549,2026-10-04T01:12:28,docker.dev-peer0.org2.example.com-saksi-bulletin_1.0-ee3fe73bad456e43adfc5ba27d9e5a60983b69e8496140308fb21061ecb2ff85.mem_bytes,6860832.768
1791047549,2026-10-04T01:12:28,docker.dev-peer0.org2.example.com-saksi-bulletin_1.0-ee3fe73bad456e43adfc5ba27d9e5a60983b69e8496140308fb21061ecb2ff85.blk_read_bytes,0.0
1791047549,2026-10-04T01:12:28,docker.dev-peer0.org2.example.com-saksi-bulletin_1.0-ee3fe73bad456e43adfc5ba27d9e5a60983b69e8496140308fb21061ecb2ff85.blk_write_bytes,0.0
1791047549,2026-10-04T01:12:28,docker.dev-peer0.org1.example.com-saksi-bulletin_1.0-ee3fe73bad456e43adfc5ba27d9e5a60983b69e8496140308fb21061ecb2ff85.cpu_pct,102.11
1791047549,2026-10-04T01:12:28,docker.dev-peer0.org1.example.com-saksi-bulletin_1.0-ee3fe73bad456e43adfc5ba27d9e5a60983b69e8496140308fb21061ecb2ff85.mem_bytes,21611151.36
1791047549,2026-10-04T01:12:28,docker.dev-peer0.org1.example.com-saksi-bulletin_1.0-ee3fe73bad456e43adfc5ba27d9e5a60983b69e8496140308fb21061ecb2ff85.blk_read_bytes,0.0
1791047549,2026-10-04T01:12:28,docker.dev-peer0.org1.example.com-saksi-bulletin_1.0-ee3fe73bad456e43adfc5ba27d9e5a60983b69e8496140308fb21061ecb2ff85.blk_write_bytes,0.0
1791047549,2026-10-04T01:12:28,docker.peer0.org2.example.com.cpu_pct,0.5
1791047549,2026-10-04T01:12:28,docker.peer0.org2.example.com.mem_bytes,244108492.8
1791047549,2026-10-04T01:12:28,docker.peer0.org2.example.com.blk_read_bytes,0.0
1791047549,2026-10-04T01:12:28,docker.peer0.org2.example.com.blk_write_bytes,8750000000.0
1791047549,2026-10-04T01:12:28,docker.peer0.org1.example.com.cpu_pct,78.03
1791047549,2026-10-04T01:12:28,docker.peer0.org1.example.com.mem_bytes,329882009.6
1791047549,2026-10-04T01:12:28,docker.peer0.org1.example.com.blk_read_bytes,0.0
1791047549,2026-10-04T01:12:28,docker.peer0.org1.example.com.blk_write_bytes,8750000000.0
1791047549,2026-10-04T01:12:28,docker.orderer.example.com.cpu_pct,0.32
1791047549,2026-10-04T01:12:28,docker.orderer.example.com.mem_bytes,226806988.8
1791047549,2026-10-04T01:12:28,docker.orderer.example.com.blk_read_bytes,0.0
1791047549,2026-10-04T01:12:28,docker.orderer.example.com.blk_write_bytes,4590000000.0
1791047549,2026-10-04T01:12:28,host.MemTotal_kb,64932116
1791047549,2026-10-04T01:12:28,host.MemAvailable_kb,62844056
1791047549,2026-10-04T01:12:28,host.Cached_kb,13352120
1791047549,2026-10-04T01:12:28,host.SwapTotal_kb,0
1791047549,2026-10-04T01:12:28,host.SwapFree_kb,0
1791047549,2026-10-04T01:12:28,host.Dirty_kb,22244
1791047549,2026-10-04T01:12:28,host.load1,6.81
1791047549,2026-10-04T01:12:28,host.load5,6.19
1791047549,2026-10-04T01:12:28,host.root_free_bytes,929397116928
1791047549,2026-10-04T01:12:28,host.root_used_bytes,15575719936
1791047549,2026-10-04T01:12:28,io.md2.r/s,0.0
1791047549,2026-10-04T01:12:28,io.md2.rkB/s,0.0
1791047549,2026-10-04T01:12:28,io.md2.r_await,0.0
1791047549,2026-10-04T01:12:28,io.md2.w/s,795.2
1791047549,2026-10-04T01:12:28,io.md2.wkB/s,30048.8
1791047549,2026-10-04T01:12:28,io.md2.w_await,0.3
1791047549,2026-10-04T01:12:28,io.md2.f/s,0.0
1791047549,2026-10-04T01:12:28,io.md2.aqu-sz,0.24
1791047549,2026-10-04T01:12:28,io.md2.%util,35.47
1791047549,2026-10-04T01:12:28,io.nvme0n1.r/s,0.0
1791047549,2026-10-04T01:12:28,io.nvme0n1.rkB/s,0.0
1791047549,2026-10-04T01:12:28,io.nvme0n1.r_await,0.0
1791047549,2026-10-04T01:12:28,io.nvme0n1.w/s,260.7
1791047549,2026-10-04T01:12:28,io.nvme0n1.wkB/s,14942.0
1791047549,2026-10-04T01:12:28,io.nvme0n1.w_await,0.65
1791047549,2026-10-04T01:12:28,io.nvme0n1.f/s,51.5
1791047549,2026-10-04T01:12:28,io.nvme0n1.aqu-sz,0.22
1791047549,2026-10-04T01:12:28,io.nvme0n1.%util,13.42
1791047549,2026-10-04T01:12:28,io.nvme1n1.r/s,0.0
1791047549,2026-10-04T01:12:28,io.nvme1n1.rkB/s,0.0
1791047549,2026-10-04T01:12:28,io.nvme1n1.r_await,0.0
1791047549,2026-10-04T01:12:28,io.nvme1n1.w/s,281.3
1791047549,2026-10-04T01:12:28,io.nvme1n1.wkB/s,15106.8
1791047549,2026-10-04T01:12:28,io.nvme1n1.w_await,0.63
1791047549,2026-10-04T01:12:28,io.nvme1n1.f/s,51.5
1791047549,2026-10-04T01:12:28,io.nvme1n1.aqu-sz,0.24
1791047549,2026-10-04T01:12:28,io.nvme1n1.%util,13.43
1791047559,2026-10-04T01:12:38,host.cpu_pct,41.00325068519345
1791047559,2026-10-04T01:12:38,host.run_cpu_pct,41.19799362702103
1791047559,2026-10-04T01:12:38,host.nonrun_cpu_pct,0.0
1791047559,2026-10-04T01:12:38,docker.dev-peer0.org2.example.com-saksi-bulletin_1.0-ee3fe73bad456e43adfc5ba27d9e5a60983b69e8496140308fb21061ecb2ff85.cpu_pct,0.0
1791047559,2026-10-04T01:12:38,docker.dev-peer0.org2.example.com-saksi-bulletin_1.0-ee3fe73bad456e43adfc5ba27d9e5a60983b69e8496140308fb21061ecb2ff85.mem_bytes,6860832.768
1791047559,2026-10-04T01:12:38,docker.dev-peer0.org2.example.com-saksi-bulletin_1.0-ee3fe73bad456e43adfc5ba27d9e5a60983b69e8496140308fb21061ecb2ff85.blk_read_bytes,0.0
1791047559,2026-10-04T01:12:38,docker.dev-peer0.org2.example.com-saksi-bulletin_1.0-ee3fe73bad456e43adfc5ba27d9e5a60983b69e8496140308fb21061ecb2ff85.blk_write_bytes,0.0
1791047559,2026-10-04T01:12:38,docker.dev-peer0.org1.example.com-saksi-bulletin_1.0-ee3fe73bad456e43adfc5ba27d9e5a60983b69e8496140308fb21061ecb2ff85.cpu_pct,0.0
1791047559,2026-10-04T01:12:38,docker.dev-peer0.org1.example.com-saksi-bulletin_1.0-ee3fe73bad456e43adfc5ba27d9e5a60983b69e8496140308fb21061ecb2ff85.mem_bytes,36458987.52
1791047559,2026-10-04T01:12:38,docker.dev-peer0.org1.example.com-saksi-bulletin_1.0-ee3fe73bad456e43adfc5ba27d9e5a60983b69e8496140308fb21061ecb2ff85.blk_read_bytes,0.0
1791047559,2026-10-04T01:12:38,docker.dev-peer0.org1.example.com-saksi-bulletin_1.0-ee3fe73bad456e43adfc5ba27d9e5a60983b69e8496140308fb21061ecb2ff85.blk_write_bytes,0.0
1791047559,2026-10-04T01:12:38,docker.peer0.org2.example.com.cpu_pct,0.64
1791047559,2026-10-04T01:12:38,docker.peer0.org2.example.com.mem_bytes,244108492.8
1791047559,2026-10-04T01:12:38,docker.peer0.org2.example.com.blk_read_bytes,0.0
1791047559,2026-10-04T01:12:38,docker.peer0.org2.example.com.blk_write_bytes,8750000000.0
1791047559,2026-10-04T01:12:38,docker.peer0.org1.example.com.cpu_pct,0.67
1791047559,2026-10-04T01:12:38,docker.peer0.org1.example.com.mem_bytes,316145664.0
1791047559,2026-10-04T01:12:38,docker.peer0.org1.example.com.blk_read_bytes,0.0
1791047559,2026-10-04T01:12:38,docker.peer0.org1.example.com.blk_write_bytes,8750000000.0
1791047559,2026-10-04T01:12:38,docker.orderer.example.com.cpu_pct,0.04
1791047559,2026-10-04T01:12:38,docker.orderer.example.com.mem_bytes,226806988.8
1791047559,2026-10-04T01:12:38,docker.orderer.example.com.blk_read_bytes,0.0
1791047559,2026-10-04T01:12:38,docker.orderer.example.com.blk_write_bytes,4590000000.0
1791047559,2026-10-04T01:12:38,host.MemTotal_kb,64932116
1791047559,2026-10-04T01:12:38,host.MemAvailable_kb,62873624
1791047559,2026-10-04T01:12:38,host.Cached_kb,13446644
1791047559,2026-10-04T01:12:38,host.SwapTotal_kb,0
1791047559,2026-10-04T01:12:38,host.SwapFree_kb,0
1791047559,2026-10-04T01:12:38,host.Dirty_kb,111104
1791047559,2026-10-04T01:12:38,host.load1,7.11
1791047559,2026-10-04T01:12:38,host.load5,6.27
1791047559,2026-10-04T01:12:38,host.root_free_bytes,929300324352
1791047559,2026-10-04T01:12:38,host.root_used_bytes,15672512512
1791047559,2026-10-04T01:12:38,io.md2.r/s,0.0
1791047559,2026-10-04T01:12:38,io.md2.rkB/s,0.0
1791047559,2026-10-04T01:12:38,io.md2.r_await,0.0
1791047559,2026-10-04T01:12:38,io.md2.w/s,86.8
1791047559,2026-10-04T01:12:38,io.md2.wkB/s,527.2
1791047559,2026-10-04T01:12:38,io.md2.w_await,0.31
1791047559,2026-10-04T01:12:38,io.md2.f/s,0.0
1791047559,2026-10-04T01:12:38,io.md2.aqu-sz,0.03
1791047559,2026-10-04T01:12:38,io.md2.%util,13.46
1791047559,2026-10-04T01:12:38,io.nvme0n1.r/s,0.0
1791047559,2026-10-04T01:12:38,io.nvme0n1.rkB/s,0.0
1791047559,2026-10-04T01:12:38,io.nvme0n1.r_await,0.0
1791047559,2026-10-04T01:12:38,io.nvme0n1.w/s,37.8
1791047559,2026-10-04T01:12:38,io.nvme0n1.wkB/s,297.6
1791047559,2026-10-04T01:12:38,io.nvme0n1.w_await,0.64
1791047559,2026-10-04T01:12:38,io.nvme0n1.f/s,6.0
1791047559,2026-10-04T01:12:38,io.nvme0n1.aqu-sz,0.03
1791047559,2026-10-04T01:12:38,io.nvme0n1.%util,2.21
1791047559,2026-10-04T01:12:38,io.nvme1n1.r/s,0.0
1791047559,2026-10-04T01:12:38,io.nvme1n1.rkB/s,0.0
1791047559,2026-10-04T01:12:38,io.nvme1n1.r_await,0.0
1791047559,2026-10-04T01:12:38,io.nvme1n1.w/s,32.1
1791047559,2026-10-04T01:12:38,io.nvme1n1.wkB/s,229.6
1791047559,2026-10-04T01:12:38,io.nvme1n1.w_await,0.53
1791047559,2026-10-04T01:12:38,io.nvme1n1.f/s,6.0
1791047559,2026-10-04T01:12:38,io.nvme1n1.aqu-sz,0.02
1791047559,2026-10-04T01:12:38,io.nvme1n1.%util,1.47
1791047569,2026-10-04T01:12:48,host.cpu_pct,85.47479044163643
1791047569,2026-10-04T01:12:48,host.run_cpu_pct,85.01351682988773
1791047569,2026-10-04T01:12:48,host.nonrun_cpu_pct,0.46127361174869463
1791047569,2026-10-04T01:12:48,docker.dev-peer0.org2.example.com-saksi-bulletin_1.0-ee3fe73bad456e43adfc5ba27d9e5a60983b69e8496140308fb21061ecb2ff85.cpu_pct,0.0
1791047569,2026-10-04T01:12:48,docker.dev-peer0.org2.example.com-saksi-bulletin_1.0-ee3fe73bad456e43adfc5ba27d9e5a60983b69e8496140308fb21061ecb2ff85.mem_bytes,6860832.768
1791047569,2026-10-04T01:12:48,docker.dev-peer0.org2.example.com-saksi-bulletin_1.0-ee3fe73bad456e43adfc5ba27d9e5a60983b69e8496140308fb21061ecb2ff85.blk_read_bytes,0.0
1791047569,2026-10-04T01:12:48,docker.dev-peer0.org2.example.com-saksi-bulletin_1.0-ee3fe73bad456e43adfc5ba27d9e5a60983b69e8496140308fb21061ecb2ff85.blk_write_bytes,0.0
1791047569,2026-10-04T01:12:48,docker.dev-peer0.org1.example.com-saksi-bulletin_1.0-ee3fe73bad456e43adfc5ba27d9e5a60983b69e8496140308fb21061ecb2ff85.cpu_pct,0.03
1791047569,2026-10-04T01:12:48,docker.dev-peer0.org1.example.com-saksi-bulletin_1.0-ee3fe73bad456e43adfc5ba27d9e5a60983b69e8496140308fb21061ecb2ff85.mem_bytes,36458987.52
1791047569,2026-10-04T01:12:48,docker.dev-peer0.org1.example.com-saksi-bulletin_1.0-ee3fe73bad456e43adfc5ba27d9e5a60983b69e8496140308fb21061ecb2ff85.blk_read_bytes,0.0
1791047569,2026-10-04T01:12:48,docker.dev-peer0.org1.example.com-saksi-bulletin_1.0-ee3fe73bad456e43adfc5ba27d9e5a60983b69e8496140308fb21061ecb2ff85.blk_write_bytes,0.0
1791047569,2026-10-04T01:12:48,docker.peer0.org2.example.com.cpu_pct,0.37
1791047569,2026-10-04T01:12:48,docker.peer0.org2.example.com.mem_bytes,244108492.8
1791047569,2026-10-04T01:12:48,docker.peer0.org2.example.com.blk_read_bytes,0.0
1791047569,2026-10-04T01:12:48,docker.peer0.org2.example.com.blk_write_bytes,8750000000.0
1791047569,2026-10-04T01:12:48,docker.peer0.org1.example.com.cpu_pct,0.51
1791047569,2026-10-04T01:12:48,docker.peer0.org1.example.com.mem_bytes,316145664.0
1791047569,2026-10-04T01:12:48,docker.peer0.org1.example.com.blk_read_bytes,0.0
1791047569,2026-10-04T01:12:48,docker.peer0.org1.example.com.blk_write_bytes,8750000000.0
1791047569,2026-10-04T01:12:48,docker.orderer.example.com.cpu_pct,0.03
1791047569,2026-10-04T01:12:48,docker.orderer.example.com.mem_bytes,226806988.8
1791047569,2026-10-04T01:12:48,docker.orderer.example.com.blk_read_bytes,0.0
1791047569,2026-10-04T01:12:48,docker.orderer.example.com.blk_write_bytes,4590000000.0
1791047569,2026-10-04T01:12:48,host.MemTotal_kb,64932116
1791047569,2026-10-04T01:12:48,host.MemAvailable_kb,62842828
1791047569,2026-10-04T01:12:48,host.Cached_kb,13505212
1791047569,2026-10-04T01:12:48,host.SwapTotal_kb,0
1791047569,2026-10-04T01:12:48,host.SwapFree_kb,0
1791047569,2026-10-04T01:12:48,host.Dirty_kb,57784
1791047569,2026-10-04T01:12:48,host.load1,7.28
1791047569,2026-10-04T01:12:48,host.load5,6.34
1791047569,2026-10-04T01:12:48,host.root_free_bytes,929241423872
1791047569,2026-10-04T01:12:48,host.root_used_bytes,15731412992
1791047569,2026-10-04T01:12:48,io.md2.r/s,0.0
1791047569,2026-10-04T01:12:48,io.md2.rkB/s,0.0
1791047569,2026-10-04T01:12:48,io.md2.r_await,0.0
1791047569,2026-10-04T01:12:48,io.md2.w/s,56.9
1791047569,2026-10-04T01:12:48,io.md2.wkB/s,779.2
1791047569,2026-10-04T01:12:48,io.md2.w_await,0.19
1791047569,2026-10-04T01:12:48,io.md2.f/s,0.0
1791047569,2026-10-04T01:12:48,io.md2.aqu-sz,0.01
1791047569,2026-10-04T01:12:48,io.md2.%util,0.7
1791047569,2026-10-04T01:12:48,io.nvme0n1.r/s,0.0
1791047569,2026-10-04T01:12:48,io.nvme0n1.rkB/s,0.0
1791047569,2026-10-04T01:12:48,io.nvme0n1.r_await,0.0
1791047569,2026-10-04T01:12:48,io.nvme0n1.w/s,22.6
1791047569,2026-10-04T01:12:48,io.nvme0n1.wkB/s,350.8
1791047569,2026-10-04T01:12:48,io.nvme0n1.w_await,0.14
1791047569,2026-10-04T01:12:48,io.nvme0n1.f/s,1.6
1791047569,2026-10-04T01:12:48,io.nvme0n1.aqu-sz,0.0
1791047569,2026-10-04T01:12:48,io.nvme0n1.%util,0.16
1791047569,2026-10-04T01:12:48,io.nvme1n1.r/s,0.0
1791047569,2026-10-04T01:12:48,io.nvme1n1.rkB/s,0.0
1791047569,2026-10-04T01:12:48,io.nvme1n1.r_await,0.0
1791047569,2026-10-04T01:12:48,io.nvme1n1.w/s,26.6
1791047569,2026-10-04T01:12:48,io.nvme1n1.wkB/s,428.4
1791047569,2026-10-04T01:12:48,io.nvme1n1.w_await,0.41
1791047569,2026-10-04T01:12:48,io.nvme1n1.f/s,1.6
1791047569,2026-10-04T01:12:48,io.nvme1n1.aqu-sz,0.01
1791047569,2026-10-04T01:12:48,io.nvme1n1.%util,0.85
1791047579,2026-10-04T01:12:58,host.cpu_pct,35.215509128552604
1791047579,2026-10-04T01:12:58,host.run_cpu_pct,34.871518241715314
1791047579,2026-10-04T01:12:58,host.nonrun_cpu_pct,0.3439908868372896
1791047579,2026-10-04T01:12:58,docker.dev-peer0.org2.example.com-saksi-bulletin_1.0-ee3fe73bad456e43adfc5ba27d9e5a60983b69e8496140308fb21061ecb2ff85.cpu_pct,0.0
1791047579,2026-10-04T01:12:58,docker.dev-peer0.org2.example.com-saksi-bulletin_1.0-ee3fe73bad456e43adfc5ba27d9e5a60983b69e8496140308fb21061ecb2ff85.mem_bytes,6925844.48
1791047579,2026-10-04T01:12:58,docker.dev-peer0.org2.example.com-saksi-bulletin_1.0-ee3fe73bad456e43adfc5ba27d9e5a60983b69e8496140308fb21061ecb2ff85.blk_read_bytes,0.0
1791047579,2026-10-04T01:12:58,docker.dev-peer0.org2.example.com-saksi-bulletin_1.0-ee3fe73bad456e43adfc5ba27d9e5a60983b69e8496140308fb21061ecb2ff85.blk_write_bytes,0.0
1791047579,2026-10-04T01:12:58,docker.dev-peer0.org1.example.com-saksi-bulletin_1.0-ee3fe73bad456e43adfc5ba27d9e5a60983b69e8496140308fb21061ecb2ff85.cpu_pct,363.38
1791047579,2026-10-04T01:12:58,docker.dev-peer0.org1.example.com-saksi-bulletin_1.0-ee3fe73bad456e43adfc5ba27d9e5a60983b69e8496140308fb21061ecb2ff85.mem_bytes,20457717.76
1791047579,2026-10-04T01:12:58,docker.dev-peer0.org1.example.com-saksi-bulletin_1.0-ee3fe73bad456e43adfc5ba27d9e5a60983b69e8496140308fb21061ecb2ff85.blk_read_bytes,0.0
1791047579,2026-10-04T01:12:58,docker.dev-peer0.org1.example.com-saksi-bulletin_1.0-ee3fe73bad456e43adfc5ba27d9e5a60983b69e8496140308fb21061ecb2ff85.blk_write_bytes,0.0
1791047579,2026-10-04T01:12:58,docker.peer0.org2.example.com.cpu_pct,71.71
1791047579,2026-10-04T01:12:58,docker.peer0.org2.example.com.mem_bytes,248407654.4
1791047579,2026-10-04T01:12:58,docker.peer0.org2.example.com.blk_read_bytes,0.0
1791047579,2026-10-04T01:12:58,docker.peer0.org2.example.com.blk_write_bytes,9010000000.0
1791047579,2026-10-04T01:12:58,docker.peer0.org1.example.com.cpu_pct,201.73
1791047579,2026-10-04T01:12:58,docker.peer0.org1.example.com.mem_bytes,266652876.8
1791047579,2026-10-04T01:12:58,docker.peer0.org1.example.com.blk_read_bytes,0.0
1791047579,2026-10-04T01:12:58,docker.peer0.org1.example.com.blk_write_bytes,9010000000.0
1791047579,2026-10-04T01:12:58,docker.orderer.example.com.cpu_pct,50.86
1791047579,2026-10-04T01:12:58,docker.orderer.example.com.mem_bytes,248093081.6
1791047579,2026-10-04T01:12:58,docker.orderer.example.com.blk_read_bytes,0.0
1791047579,2026-10-04T01:12:58,docker.orderer.example.com.blk_write_bytes,4650000000.0
1791047579,2026-10-04T01:12:58,host.MemTotal_kb,64932116
1791047579,2026-10-04T01:12:58,host.MemAvailable_kb,62906352
1791047579,2026-10-04T01:12:58,host.Cached_kb,13792392
1791047579,2026-10-04T01:12:58,host.SwapTotal_kb,0
1791047579,2026-10-04T01:12:58,host.SwapFree_kb,0
1791047579,2026-10-04T01:12:58,host.Dirty_kb,242852
1791047579,2026-10-04T01:12:58,host.load1,6.48
1791047579,2026-10-04T01:12:58,host.load5,6.19
1791047579,2026-10-04T01:12:58,host.root_free_bytes,928970375168
1791047579,2026-10-04T01:12:58,host.root_used_bytes,16002461696
1791047579,2026-10-04T01:12:58,io.md2.r/s,0.0
1791047579,2026-10-04T01:12:58,io.md2.rkB/s,0.0
1791047579,2026-10-04T01:12:58,io.md2.r_await,0.0
1791047579,2026-10-04T01:12:58,io.md2.w/s,152.0
1791047579,2026-10-04T01:12:58,io.md2.wkB/s,11335.6
1791047579,2026-10-04T01:12:58,io.md2.w_await,0.13
1791047579,2026-10-04T01:12:58,io.md2.f/s,0.0
1791047579,2026-10-04T01:12:58,io.md2.aqu-sz,0.02
1791047579,2026-10-04T01:12:58,io.md2.%util,5.92
1791047579,2026-10-04T01:12:58,io.nvme0n1.r/s,0.0
1791047579,2026-10-04T01:12:58,io.nvme0n1.rkB/s,0.0
1791047579,2026-10-04T01:12:58,io.nvme0n1.r_await,0.0
1791047579,2026-10-04T01:12:58,io.nvme0n1.w/s,70.9
1791047579,2026-10-04T01:12:58,io.nvme0n1.wkB/s,5683.6
1791047579,2026-10-04T01:12:58,io.nvme0n1.w_await,0.17
1791047579,2026-10-04T01:12:58,io.nvme0n1.f/s,0.8
1791047579,2026-10-04T01:12:58,io.nvme0n1.aqu-sz,0.01
1791047579,2026-10-04T01:12:58,io.nvme0n1.%util,0.54
1791047579,2026-10-04T01:12:58,io.nvme1n1.r/s,0.0
1791047579,2026-10-04T01:12:58,io.nvme1n1.rkB/s,0.0
1791047579,2026-10-04T01:12:58,io.nvme1n1.r_await,0.0
1791047579,2026-10-04T01:12:58,io.nvme1n1.w/s,70.0
1791047579,2026-10-04T01:12:58,io.nvme1n1.wkB/s,5652.0
1791047579,2026-10-04T01:12:58,io.nvme1n1.w_await,0.15
1791047579,2026-10-04T01:12:58,io.nvme1n1.f/s,0.8
1791047579,2026-10-04T01:12:58,io.nvme1n1.aqu-sz,0.01
1791047579,2026-10-04T01:12:58,io.nvme1n1.%util,0.28
1791047589,2026-10-04T01:13:08,host.cpu_pct,45.513065646908856
1791047589,2026-10-04T01:13:08,host.run_cpu_pct,45.02707865448049
1791047589,2026-10-04T01:13:08,host.nonrun_cpu_pct,0.48598699242836574
1791047589,2026-10-04T01:13:08,docker.dev-peer0.org2.example.com-saksi-bulletin_1.0-ee3fe73bad456e43adfc5ba27d9e5a60983b69e8496140308fb21061ecb2ff85.cpu_pct,0.0
1791047589,2026-10-04T01:13:08,docker.dev-peer0.org2.example.com-saksi-bulletin_1.0-ee3fe73bad456e43adfc5ba27d9e5a60983b69e8496140308fb21061ecb2ff85.mem_bytes,6925844.48
1791047589,2026-10-04T01:13:08,docker.dev-peer0.org2.example.com-saksi-bulletin_1.0-ee3fe73bad456e43adfc5ba27d9e5a60983b69e8496140308fb21061ecb2ff85.blk_read_bytes,0.0
1791047589,2026-10-04T01:13:08,docker.dev-peer0.org2.example.com-saksi-bulletin_1.0-ee3fe73bad456e43adfc5ba27d9e5a60983b69e8496140308fb21061ecb2ff85.blk_write_bytes,0.0
1791047589,2026-10-04T01:13:08,docker.dev-peer0.org1.example.com-saksi-bulletin_1.0-ee3fe73bad456e43adfc5ba27d9e5a60983b69e8496140308fb21061ecb2ff85.cpu_pct,366.81
1791047589,2026-10-04T01:13:08,docker.dev-peer0.org1.example.com-saksi-bulletin_1.0-ee3fe73bad456e43adfc5ba27d9e5a60983b69e8496140308fb21061ecb2ff85.mem_bytes,20132659.2
1791047589,2026-10-04T01:13:08,docker.dev-peer0.org1.example.com-saksi-bulletin_1.0-ee3fe73bad456e43adfc5ba27d9e5a60983b69e8496140308fb21061ecb2ff85.blk_read_bytes,0.0
1791047589,2026-10-04T01:13:08,docker.dev-peer0.org1.example.com-saksi-bulletin_1.0-ee3fe73bad456e43adfc5ba27d9e5a60983b69e8496140308fb21061ecb2ff85.blk_write_bytes,0.0
1791047589,2026-10-04T01:13:08,docker.peer0.org2.example.com.cpu_pct,71.75
1791047589,2026-10-04T01:13:08,docker.peer0.org2.example.com.mem_bytes,263612006.4
1791047589,2026-10-04T01:13:08,docker.peer0.org2.example.com.blk_read_bytes,0.0
1791047589,2026-10-04T01:13:08,docker.peer0.org2.example.com.blk_write_bytes,9470000000.0
1791047589,2026-10-04T01:13:08,docker.peer0.org1.example.com.cpu_pct,203.28
1791047589,2026-10-04T01:13:08,docker.peer0.org1.example.com.mem_bytes,277453209.6
1791047589,2026-10-04T01:13:08,docker.peer0.org1.example.com.blk_read_bytes,0.0
1791047589,2026-10-04T01:13:08,docker.peer0.org1.example.com.blk_write_bytes,9470000000.0
1791047589,2026-10-04T01:13:08,docker.orderer.example.com.cpu_pct,51.89
1791047589,2026-10-04T01:13:08,docker.orderer.example.com.mem_bytes,420374118.4
1791047589,2026-10-04T01:13:08,docker.orderer.example.com.blk_read_bytes,0.0
1791047589,2026-10-04T01:13:08,docker.orderer.example.com.blk_write_bytes,4970000000.0
1791047589,2026-10-04T01:13:08,host.MemTotal_kb,64932116
1791047589,2026-10-04T01:13:08,host.MemAvailable_kb,62719788
1791047589,2026-10-04T01:13:08,host.Cached_kb,14126488
1791047589,2026-10-04T01:13:08,host.SwapTotal_kb,0
1791047589,2026-10-04T01:13:08,host.SwapFree_kb,0
1791047589,2026-10-04T01:13:08,host.Dirty_kb,12972
1791047589,2026-10-04T01:13:08,host.load1,6.33
1791047589,2026-10-04T01:13:08,host.load5,6.17
1791047589,2026-10-04T01:13:08,host.root_free_bytes,928571412480
1791047589,2026-10-04T01:13:08,host.root_used_bytes,16401424384
1791047589,2026-10-04T01:13:08,io.md2.r/s,0.0
1791047589,2026-10-04T01:13:08,io.md2.rkB/s,0.0
1791047589,2026-10-04T01:13:08,io.md2.r_await,0.0
1791047589,2026-10-04T01:13:08,io.md2.w/s,390.0
1791047589,2026-10-04T01:13:08,io.md2.wkB/s,18648.8
1791047589,2026-10-04T01:13:08,io.md2.w_await,0.25
1791047589,2026-10-04T01:13:08,io.md2.f/s,0.0
1791047589,2026-10-04T01:13:08,io.md2.aqu-sz,0.1
1791047589,2026-10-04T01:13:08,io.md2.%util,7.26
1791047589,2026-10-04T01:13:08,io.nvme0n1.r/s,0.0
1791047589,2026-10-04T01:13:08,io.nvme0n1.rkB/s,0.0
1791047589,2026-10-04T01:13:08,io.nvme0n1.r_await,0.0
1791047589,2026-10-04T01:13:08,io.nvme0n1.w/s,132.4
1791047589,2026-10-04T01:13:08,io.nvme0n1.wkB/s,9124.0
1791047589,2026-10-04T01:13:08,io.nvme0n1.w_await,0.49
1791047589,2026-10-04T01:13:08,io.nvme0n1.f/s,17.8
1791047589,2026-10-04T01:13:08,io.nvme0n1.aqu-sz,0.08
1791047589,2026-10-04T01:13:08,io.nvme0n1.%util,4.44
1791047589,2026-10-04T01:13:08,io.nvme1n1.r/s,0.0
1791047589,2026-10-04T01:13:08,io.nvme1n1.rkB/s,0.0
1791047589,2026-10-04T01:13:08,io.nvme1n1.r_await,0.0
1791047589,2026-10-04T01:13:08,io.nvme1n1.w/s,148.5
1791047589,2026-10-04T01:13:08,io.nvme1n1.wkB/s,9558.0
1791047589,2026-10-04T01:13:08,io.nvme1n1.w_await,0.48
1791047589,2026-10-04T01:13:08,io.nvme1n1.f/s,17.8
1791047589,2026-10-04T01:13:08,io.nvme1n1.aqu-sz,0.09
1791047589,2026-10-04T01:13:08,io.nvme1n1.%util,4.78
1791047599,2026-10-04T01:13:18,host.cpu_pct,45.608667941363926
1791047599,2026-10-04T01:13:18,host.run_cpu_pct,45.153070019554455
1791047599,2026-10-04T01:13:18,host.nonrun_cpu_pct,0.45559792180947056
1791047599,2026-10-04T01:13:18,docker.dev-peer0.org2.example.com-saksi-bulletin_1.0-ee3fe73bad456e43adfc5ba27d9e5a60983b69e8496140308fb21061ecb2ff85.cpu_pct,0.0
1791047599,2026-10-04T01:13:18,docker.dev-peer0.org2.example.com-saksi-bulletin_1.0-ee3fe73bad456e43adfc5ba27d9e5a60983b69e8496140308fb21061ecb2ff85.mem_bytes,6925844.48
1791047599,2026-10-04T01:13:18,docker.dev-peer0.org2.example.com-saksi-bulletin_1.0-ee3fe73bad456e43adfc5ba27d9e5a60983b69e8496140308fb21061ecb2ff85.blk_read_bytes,0.0
1791047599,2026-10-04T01:13:18,docker.dev-peer0.org2.example.com-saksi-bulletin_1.0-ee3fe73bad456e43adfc5ba27d9e5a60983b69e8496140308fb21061ecb2ff85.blk_write_bytes,0.0
1791047599,2026-10-04T01:13:18,docker.dev-peer0.org1.example.com-saksi-bulletin_1.0-ee3fe73bad456e43adfc5ba27d9e5a60983b69e8496140308fb21061ecb2ff85.cpu_pct,365.01
1791047599,2026-10-04T01:13:18,docker.dev-peer0.org1.example.com-saksi-bulletin_1.0-ee3fe73bad456e43adfc5ba27d9e5a60983b69e8496140308fb21061ecb2ff85.mem_bytes,20017315.84
1791047599,2026-10-04T01:13:18,docker.dev-peer0.org1.example.com-saksi-bulletin_1.0-ee3fe73bad456e43adfc5ba27d9e5a60983b69e8496140308fb21061ecb2ff85.blk_read_bytes,0.0
1791047599,2026-10-04T01:13:18,docker.dev-peer0.org1.example.com-saksi-bulletin_1.0-ee3fe73bad456e43adfc5ba27d9e5a60983b69e8496140308fb21061ecb2ff85.blk_write_bytes,0.0
1791047599,2026-10-04T01:13:18,docker.peer0.org2.example.com.cpu_pct,58.27
1791047599,2026-10-04T01:13:18,docker.peer0.org2.example.com.mem_bytes,274517196.8
1791047599,2026-10-04T01:13:18,docker.peer0.org2.example.com.blk_read_bytes,0.0
1791047599,2026-10-04T01:13:18,docker.peer0.org2.example.com.blk_write_bytes,10000000000.0
1791047599,2026-10-04T01:13:18,docker.peer0.org1.example.com.cpu_pct,186.08
1791047599,2026-10-04T01:13:18,docker.peer0.org1.example.com.mem_bytes,291608985.6
1791047599,2026-10-04T01:13:18,docker.peer0.org1.example.com.blk_read_bytes,0.0
1791047599,2026-10-04T01:13:18,docker.peer0.org1.example.com.blk_write_bytes,10000000000.0
1791047599,2026-10-04T01:13:18,docker.orderer.example.com.cpu_pct,51.97
1791047599,2026-10-04T01:13:18,docker.orderer.example.com.mem_bytes,582588825.6
1791047599,2026-10-04T01:13:18,docker.orderer.example.com.blk_read_bytes,0.0
1791047599,2026-10-04T01:13:18,docker.orderer.example.com.blk_write_bytes,5300000000.0
1791047599,2026-10-04T01:13:18,host.MemTotal_kb,64932116
1791047599,2026-10-04T01:13:18,host.MemAvailable_kb,62593428
1791047599,2026-10-04T01:13:18,host.Cached_kb,14501068
1791047599,2026-10-04T01:13:18,host.SwapTotal_kb,0
1791047599,2026-10-04T01:13:18,host.SwapFree_kb,0
1791047599,2026-10-04T01:13:18,host.Dirty_kb,12712
1791047599,2026-10-04T01:13:18,host.load1,7.37
1791047599,2026-10-04T01:13:18,host.load5,6.41
1791047599,2026-10-04T01:13:18,host.root_free_bytes,928202887168
1791047599,2026-10-04T01:13:18,host.root_used_bytes,16769949696
1791047599,2026-10-04T01:13:18,io.md2.r/s,0.0
1791047599,2026-10-04T01:13:18,io.md2.rkB/s,0.0
1791047599,2026-10-04T01:13:18,io.md2.r_await,0.0
1791047599,2026-10-04T01:13:18,io.md2.w/s,2485.6
1791047599,2026-10-04T01:13:18,io.md2.wkB/s,90316.8
1791047599,2026-10-04T01:13:18,io.md2.w_await,0.35
1791047599,2026-10-04T01:13:18,io.md2.f/s,0.0
1791047599,2026-10-04T01:13:18,io.md2.aqu-sz,0.88
1791047599,2026-10-04T01:13:18,io.md2.%util,68.35
1791047599,2026-10-04T01:13:18,io.nvme0n1.r/s,0.0
1791047599,2026-10-04T01:13:18,io.nvme0n1.rkB/s,0.0
1791047599,2026-10-04T01:13:18,io.nvme0n1.r_await,0.0
1791047599,2026-10-04T01:13:18,io.nvme0n1.w/s,802.6
1791047599,2026-10-04T01:13:18,io.nvme0n1.wkB/s,44612.8
1791047599,2026-10-04T01:13:18,io.nvme0n1.w_await,0.7
1791047599,2026-10-04T01:13:18,io.nvme0n1.f/s,173.9
1791047599,2026-10-04T01:13:18,io.nvme0n1.aqu-sz,0.75
1791047599,2026-10-04T01:13:18,io.nvme0n1.%util,45.39
1791047599,2026-10-04T01:13:18,io.nvme1n1.r/s,0.0
1791047599,2026-10-04T01:13:18,io.nvme1n1.rkB/s,0.0
1791047599,2026-10-04T01:13:18,io.nvme1n1.r_await,0.0
1791047599,2026-10-04T01:13:18,io.nvme1n1.w/s,896.4
1791047599,2026-10-04T01:13:18,io.nvme1n1.wkB/s,45670.8
1791047599,2026-10-04T01:13:18,io.nvme1n1.w_await,0.72
1791047599,2026-10-04T01:13:18,io.nvme1n1.f/s,173.9
1791047599,2026-10-04T01:13:18,io.nvme1n1.aqu-sz,0.85
1791047599,2026-10-04T01:13:18,io.nvme1n1.%util,45.85
1791047609,2026-10-04T01:13:28,host.cpu_pct,45.6320592176632
1791047609,2026-10-04T01:13:28,host.run_cpu_pct,45.25801658175582
1791047609,2026-10-04T01:13:28,host.nonrun_cpu_pct,0.3740426359073794
1791047609,2026-10-04T01:13:28,docker.dev-peer0.org2.example.com-saksi-bulletin_1.0-ee3fe73bad456e43adfc5ba27d9e5a60983b69e8496140308fb21061ecb2ff85.cpu_pct,0.0
1791047609,2026-10-04T01:13:28,docker.dev-peer0.org2.example.com-saksi-bulletin_1.0-ee3fe73bad456e43adfc5ba27d9e5a60983b69e8496140308fb21061ecb2ff85.mem_bytes,6925844.48
1791047609,2026-10-04T01:13:28,docker.dev-peer0.org2.example.com-saksi-bulletin_1.0-ee3fe73bad456e43adfc5ba27d9e5a60983b69e8496140308fb21061ecb2ff85.blk_read_bytes,0.0
1791047609,2026-10-04T01:13:28,docker.dev-peer0.org2.example.com-saksi-bulletin_1.0-ee3fe73bad456e43adfc5ba27d9e5a60983b69e8496140308fb21061ecb2ff85.blk_write_bytes,0.0
1791047609,2026-10-04T01:13:28,docker.dev-peer0.org1.example.com-saksi-bulletin_1.0-ee3fe73bad456e43adfc5ba27d9e5a60983b69e8496140308fb21061ecb2ff85.cpu_pct,348.85
1791047609,2026-10-04T01:13:28,docker.dev-peer0.org1.example.com-saksi-bulletin_1.0-ee3fe73bad456e43adfc5ba27d9e5a60983b69e8496140308fb21061ecb2ff85.mem_bytes,20373831.68
1791047609,2026-10-04T01:13:28,docker.dev-peer0.org1.example.com-saksi-bulletin_1.0-ee3fe73bad456e43adfc5ba27d9e5a60983b69e8496140308fb21061ecb2ff85.blk_read_bytes,0.0
1791047609,2026-10-04T01:13:28,docker.dev-peer0.org1.example.com-saksi-bulletin_1.0-ee3fe73bad456e43adfc5ba27d9e5a60983b69e8496140308fb21061ecb2ff85.blk_write_bytes,0.0
1791047609,2026-10-04T01:13:28,docker.peer0.org2.example.com.cpu_pct,76.03
1791047609,2026-10-04T01:13:28,docker.peer0.org2.example.com.mem_bytes,279445504.0
1791047609,2026-10-04T01:13:28,docker.peer0.org2.example.com.blk_read_bytes,0.0
1791047609,2026-10-04T01:13:28,docker.peer0.org2.example.com.blk_write_bytes,10900000000.0
1791047609,2026-10-04T01:13:28,docker.peer0.org1.example.com.cpu_pct,204.62
1791047609,2026-10-04T01:13:28,docker.peer0.org1.example.com.mem_bytes,294230425.6
1791047609,2026-10-04T01:13:28,docker.peer0.org1.example.com.blk_read_bytes,0.0
1791047609,2026-10-04T01:13:28,docker.peer0.org1.example.com.blk_write_bytes,10900000000.0
1791047609,2026-10-04T01:13:28,docker.orderer.example.com.cpu_pct,50.79
1791047609,2026-10-04T01:13:28,docker.orderer.example.com.mem_bytes,191469977.6
1791047609,2026-10-04T01:13:28,docker.orderer.example.com.blk_read_bytes,0.0
1791047609,2026-10-04T01:13:28,docker.orderer.example.com.blk_write_bytes,5620000000.0
1791047609,2026-10-04T01:13:28,host.MemTotal_kb,64932116
1791047609,2026-10-04T01:13:28,host.MemAvailable_kb,62921456
1791047609,2026-10-04T01:13:28,host.Cached_kb,14618664
1791047609,2026-10-04T01:13:28,host.SwapTotal_kb,0
1791047609,2026-10-04T01:13:28,host.SwapFree_kb,0
1791047609,2026-10-04T01:13:28,host.Dirty_kb,2204
1791047609,2026-10-04T01:13:28,host.load1,7.01
1791047609,2026-10-04T01:13:28,host.load5,6.36
1791047609,2026-10-04T01:13:28,host.root_free_bytes,928097075200
1791047609,2026-10-04T01:13:28,host.root_used_bytes,16875761664
1791047609,2026-10-04T01:13:28,io.md2.r/s,0.0
1791047609,2026-10-04T01:13:28,io.md2.rkB/s,0.0
1791047609,2026-10-04T01:13:28,io.md2.r_await,0.0
1791047609,2026-10-04T01:13:28,io.md2.w/s,2460.6
1791047609,2026-10-04T01:13:28,io.md2.wkB/s,85787.2
1791047609,2026-10-04T01:13:28,io.md2.w_await,0.33
1791047609,2026-10-04T01:13:28,io.md2.f/s,0.0
1791047609,2026-10-04T01:13:28,io.md2.aqu-sz,0.8
1791047609,2026-10-04T01:13:28,io.md2.%util,68.51
1791047609,2026-10-04T01:13:28,io.nvme0n1.r/s,0.0
1791047609,2026-10-04T01:13:28,io.nvme0n1.rkB/s,0.0
1791047609,2026-10-04T01:13:28,io.nvme0n1.r_await,0.0
1791047609,2026-10-04T01:13:28,io.nvme0n1.w/s,786.7
1791047609,2026-10-04T01:13:28,io.nvme0n1.wkB/s,42364.0
1791047609,2026-10-04T01:13:28,io.nvme0n1.w_await,0.72
1791047609,2026-10-04T01:13:28,io.nvme0n1.f/s,174.4
1791047609,2026-10-04T01:13:28,io.nvme0n1.aqu-sz,0.76
1791047609,2026-10-04T01:13:28,io.nvme0n1.%util,46.66
1791047609,2026-10-04T01:13:28,io.nvme1n1.r/s,0.0
1791047609,2026-10-04T01:13:28,io.nvme1n1.rkB/s,0.0
1791047609,2026-10-04T01:13:28,io.nvme1n1.r_await,0.0
1791047609,2026-10-04T01:13:28,io.nvme1n1.w/s,865.9
1791047609,2026-10-04T01:13:28,io.nvme1n1.wkB/s,43423.2
1791047609,2026-10-04T01:13:28,io.nvme1n1.w_await,0.67
1791047609,2026-10-04T01:13:28,io.nvme1n1.f/s,174.4
1791047609,2026-10-04T01:13:28,io.nvme1n1.aqu-sz,0.78
1791047609,2026-10-04T01:13:28,io.nvme1n1.%util,45.27
1791047619,2026-10-04T01:13:38,host.cpu_pct,31.926104621635346
1791047619,2026-10-04T01:13:38,host.run_cpu_pct,31.769401493611255
1791047619,2026-10-04T01:13:38,host.nonrun_cpu_pct,0.15670312802409114
1791047619,2026-10-04T01:13:38,docker.dev-peer0.org2.example.com-saksi-bulletin_1.0-ee3fe73bad456e43adfc5ba27d9e5a60983b69e8496140308fb21061ecb2ff85.cpu_pct,0.0
1791047619,2026-10-04T01:13:38,docker.dev-peer0.org2.example.com-saksi-bulletin_1.0-ee3fe73bad456e43adfc5ba27d9e5a60983b69e8496140308fb21061ecb2ff85.mem_bytes,6925844.48
1791047619,2026-10-04T01:13:38,docker.dev-peer0.org2.example.com-saksi-bulletin_1.0-ee3fe73bad456e43adfc5ba27d9e5a60983b69e8496140308fb21061ecb2ff85.blk_read_bytes,0.0
1791047619,2026-10-04T01:13:38,docker.dev-peer0.org2.example.com-saksi-bulletin_1.0-ee3fe73bad456e43adfc5ba27d9e5a60983b69e8496140308fb21061ecb2ff85.blk_write_bytes,0.0
1791047619,2026-10-04T01:13:38,docker.dev-peer0.org1.example.com-saksi-bulletin_1.0-ee3fe73bad456e43adfc5ba27d9e5a60983b69e8496140308fb21061ecb2ff85.cpu_pct,0.0
1791047619,2026-10-04T01:13:38,docker.dev-peer0.org1.example.com-saksi-bulletin_1.0-ee3fe73bad456e43adfc5ba27d9e5a60983b69e8496140308fb21061ecb2ff85.mem_bytes,18601738.24
1791047619,2026-10-04T01:13:38,docker.dev-peer0.org1.example.com-saksi-bulletin_1.0-ee3fe73bad456e43adfc5ba27d9e5a60983b69e8496140308fb21061ecb2ff85.blk_read_bytes,0.0
1791047619,2026-10-04T01:13:38,docker.dev-peer0.org1.example.com-saksi-bulletin_1.0-ee3fe73bad456e43adfc5ba27d9e5a60983b69e8496140308fb21061ecb2ff85.blk_write_bytes,0.0
1791047619,2026-10-04T01:13:38,docker.peer0.org2.example.com.cpu_pct,1.9
1791047619,2026-10-04T01:13:38,docker.peer0.org2.example.com.mem_bytes,272734617.6
1791047619,2026-10-04T01:13:38,docker.peer0.org2.example.com.blk_read_bytes,0.0
1791047619,2026-10-04T01:13:38,docker.peer0.org2.example.com.blk_write_bytes,11300000000.0
1791047619,2026-10-04T01:13:38,docker.peer0.org1.example.com.cpu_pct,2.04
1791047619,2026-10-04T01:13:38,docker.peer0.org1.example.com.mem_bytes,276090060.8
1791047619,2026-10-04T01:13:38,docker.peer0.org1.example.com.blk_read_bytes,0.0
1791047619,2026-10-04T01:13:38,docker.peer0.org1.example.com.blk_write_bytes,11300000000.0
1791047619,2026-10-04T01:13:38,docker.orderer.example.com.cpu_pct,0.13
1791047619,2026-10-04T01:13:38,docker.orderer.example.com.mem_bytes,256376832.0
1791047619,2026-10-04T01:13:38,docker.orderer.example.com.blk_read_bytes,0.0
1791047619,2026-10-04T01:13:38,docker.orderer.example.com.blk_write_bytes,5730000000.0
1791047619,2026-10-04T01:13:38,host.MemTotal_kb,64932116
1791047619,2026-10-04T01:13:38,host.MemAvailable_kb,62889144
1791047619,2026-10-04T01:13:38,host.Cached_kb,14764512
1791047619,2026-10-04T01:13:38,host.SwapTotal_kb,0
1791047619,2026-10-04T01:13:38,host.SwapFree_kb,0
1791047619,2026-10-04T01:13:38,host.Dirty_kb,5020
1791047619,2026-10-04T01:13:38,host.load1,6.08
1791047619,2026-10-04T01:13:38,host.load5,6.19
1791047619,2026-10-04T01:13:38,host.root_free_bytes,927976484864
1791047619,2026-10-04T01:13:38,host.root_used_bytes,16996352000
1791047619,2026-10-04T01:13:38,io.md2.r/s,0.0
1791047619,2026-10-04T01:13:38,io.md2.rkB/s,0.0
1791047619,2026-10-04T01:13:38,io.md2.r_await,0.0
1791047619,2026-10-04T01:13:38,io.md2.w/s,2529.8
1791047619,2026-10-04T01:13:38,io.md2.wkB/s,90875.6
1791047619,2026-10-04T01:13:38,io.md2.w_await,0.32
1791047619,2026-10-04T01:13:38,io.md2.f/s,0.0
1791047619,2026-10-04T01:13:38,io.md2.aqu-sz,0.82
1791047619,2026-10-04T01:13:38,io.md2.%util,68.34
1791047619,2026-10-04T01:13:38,io.nvme0n1.r/s,0.0
1791047619,2026-10-04T01:13:38,io.nvme0n1.rkB/s,0.0
1791047619,2026-10-04T01:13:38,io.nvme0n1.r_await,0.0
1791047619,2026-10-04T01:13:38,io.nvme0n1.w/s,808.1
1791047619,2026-10-04T01:13:38,io.nvme0n1.wkB/s,44879.2
1791047619,2026-10-04T01:13:38,io.nvme0n1.w_await,0.7
1791047619,2026-10-04T01:13:38,io.nvme0n1.f/s,173.8
1791047619,2026-10-04T01:13:38,io.nvme0n1.aqu-sz,0.76
1791047619,2026-10-04T01:13:38,io.nvme0n1.%util,45.22
1791047619,2026-10-04T01:13:38,io.nvme1n1.r/s,0.0
1791047619,2026-10-04T01:13:38,io.nvme1n1.rkB/s,0.0
1791047619,2026-10-04T01:13:38,io.nvme1n1.r_await,0.0
1791047619,2026-10-04T01:13:38,io.nvme1n1.w/s,888.0
1791047619,2026-10-04T01:13:38,io.nvme1n1.wkB/s,45996.4
1791047619,2026-10-04T01:13:38,io.nvme1n1.w_await,0.66
1791047619,2026-10-04T01:13:38,io.nvme1n1.f/s,173.8
1791047619,2026-10-04T01:13:38,io.nvme1n1.aqu-sz,0.79
1791047619,2026-10-04T01:13:38,io.nvme1n1.%util,45.32
1791047629,2026-10-04T01:13:48,host.cpu_pct,0.9155327020756255
1791047629,2026-10-04T01:13:48,host.run_cpu_pct,0.7596109869193781
1791047629,2026-10-04T01:13:48,host.nonrun_cpu_pct,0.15592171515624742
1791047629,2026-10-04T01:13:48,docker.dev-peer0.org2.example.com-saksi-bulletin_1.0-ee3fe73bad456e43adfc5ba27d9e5a60983b69e8496140308fb21061ecb2ff85.cpu_pct,0.0
1791047629,2026-10-04T01:13:48,docker.dev-peer0.org2.example.com-saksi-bulletin_1.0-ee3fe73bad456e43adfc5ba27d9e5a60983b69e8496140308fb21061ecb2ff85.mem_bytes,6925844.48
1791047629,2026-10-04T01:13:48,docker.dev-peer0.org2.example.com-saksi-bulletin_1.0-ee3fe73bad456e43adfc5ba27d9e5a60983b69e8496140308fb21061ecb2ff85.blk_read_bytes,0.0
1791047629,2026-10-04T01:13:48,docker.dev-peer0.org2.example.com-saksi-bulletin_1.0-ee3fe73bad456e43adfc5ba27d9e5a60983b69e8496140308fb21061ecb2ff85.blk_write_bytes,0.0
1791047629,2026-10-04T01:13:48,docker.dev-peer0.org1.example.com-saksi-bulletin_1.0-ee3fe73bad456e43adfc5ba27d9e5a60983b69e8496140308fb21061ecb2ff85.cpu_pct,0.0
1791047629,2026-10-04T01:13:48,docker.dev-peer0.org1.example.com-saksi-bulletin_1.0-ee3fe73bad456e43adfc5ba27d9e5a60983b69e8496140308fb21061ecb2ff85.mem_bytes,15518924.8
1791047629,2026-10-04T01:13:48,docker.dev-peer0.org1.example.com-saksi-bulletin_1.0-ee3fe73bad456e43adfc5ba27d9e5a60983b69e8496140308fb21061ecb2ff85.blk_read_bytes,0.0
1791047629,2026-10-04T01:13:48,docker.dev-peer0.org1.example.com-saksi-bulletin_1.0-ee3fe73bad456e43adfc5ba27d9e5a60983b69e8496140308fb21061ecb2ff85.blk_write_bytes,0.0
1791047629,2026-10-04T01:13:48,docker.peer0.org2.example.com.cpu_pct,1.73
1791047629,2026-10-04T01:13:48,docker.peer0.org2.example.com.mem_bytes,272734617.6
1791047629,2026-10-04T01:13:48,docker.peer0.org2.example.com.blk_read_bytes,0.0
1791047629,2026-10-04T01:13:48,docker.peer0.org2.example.com.blk_write_bytes,11300000000.0
1791047629,2026-10-04T01:13:48,docker.peer0.org1.example.com.cpu_pct,1.86
1791047629,2026-10-04T01:13:48,docker.peer0.org1.example.com.mem_bytes,300207308.8
1791047629,2026-10-04T01:13:48,docker.peer0.org1.example.com.blk_read_bytes,0.0
1791047629,2026-10-04T01:13:48,docker.peer0.org1.example.com.blk_write_bytes,11300000000.0
1791047629,2026-10-04T01:13:48,docker.orderer.example.com.cpu_pct,0.45
1791047629,2026-10-04T01:13:48,docker.orderer.example.com.mem_bytes,259417702.4
1791047629,2026-10-04T01:13:48,docker.orderer.example.com.blk_read_bytes,0.0
1791047629,2026-10-04T01:13:48,docker.orderer.example.com.blk_write_bytes,5740000000.0
1791047629,2026-10-04T01:13:48,host.MemTotal_kb,64932116
1791047629,2026-10-04T01:13:48,host.MemAvailable_kb,62894504
1791047629,2026-10-04T01:13:48,host.Cached_kb,14765752
1791047629,2026-10-04T01:13:48,host.SwapTotal_kb,0
1791047629,2026-10-04T01:13:48,host.SwapFree_kb,0
1791047629,2026-10-04T01:13:48,host.Dirty_kb,4276
1791047629,2026-10-04T01:13:48,host.load1,5.31
1791047629,2026-10-04T01:13:48,host.load5,6.02
1791047629,2026-10-04T01:13:48,host.root_free_bytes,927975444480
1791047629,2026-10-04T01:13:48,host.root_used_bytes,16997392384
1791047629,2026-10-04T01:13:48,io.md2.r/s,0.0
1791047629,2026-10-04T01:13:48,io.md2.rkB/s,0.0
1791047629,2026-10-04T01:13:48,io.md2.r_await,0.0
1791047629,2026-10-04T01:13:48,io.md2.w/s,1538.5
1791047629,2026-10-04T01:13:48,io.md2.wkB/s,68255.2
1791047629,2026-10-04T01:13:48,io.md2.w_await,0.29
1791047629,2026-10-04T01:13:48,io.md2.f/s,0.0
1791047629,2026-10-04T01:13:48,io.md2.aqu-sz,0.44
1791047629,2026-10-04T01:13:48,io.md2.%util,34.34
1791047629,2026-10-04T01:13:48,io.nvme0n1.r/s,0.0
1791047629,2026-10-04T01:13:48,io.nvme0n1.rkB/s,0.0
1791047629,2026-10-04T01:13:48,io.nvme0n1.r_await,0.0
1791047629,2026-10-04T01:13:48,io.nvme0n1.w/s,506.7
1791047629,2026-10-04T01:13:48,io.nvme0n1.wkB/s,33860.0
1791047629,2026-10-04T01:13:48,io.nvme0n1.w_await,0.59
1791047629,2026-10-04T01:13:48,io.nvme0n1.f/s,87.7
1791047629,2026-10-04T01:13:48,io.nvme0n1.aqu-sz,0.4
1791047629,2026-10-04T01:13:48,io.nvme0n1.%util,22.37
1791047629,2026-10-04T01:13:48,io.nvme1n1.r/s,0.0
1791047629,2026-10-04T01:13:48,io.nvme1n1.rkB/s,0.0
1791047629,2026-10-04T01:13:48,io.nvme1n1.r_await,0.0
1791047629,2026-10-04T01:13:48,io.nvme1n1.w/s,547.8
1791047629,2026-10-04T01:13:48,io.nvme1n1.wkB/s,34395.2
1791047629,2026-10-04T01:13:48,io.nvme1n1.w_await,0.56
1791047629,2026-10-04T01:13:48,io.nvme1n1.f/s,87.7
1791047629,2026-10-04T01:13:48,io.nvme1n1.aqu-sz,0.41
1791047629,2026-10-04T01:13:48,io.nvme1n1.%util,21.79
1791047639,2026-10-04T01:13:58,host.cpu_pct,26.065083105139145
1791047639,2026-10-04T01:13:58,host.run_cpu_pct,26.463883913072948
1791047639,2026-10-04T01:13:58,host.nonrun_cpu_pct,0.0
1791047639,2026-10-04T01:13:58,docker.dev-peer0.org2.example.com-saksi-bulletin_1.0-ee3fe73bad456e43adfc5ba27d9e5a60983b69e8496140308fb21061ecb2ff85.cpu_pct,0.0
1791047639,2026-10-04T01:13:58,docker.dev-peer0.org2.example.com-saksi-bulletin_1.0-ee3fe73bad456e43adfc5ba27d9e5a60983b69e8496140308fb21061ecb2ff85.mem_bytes,6925844.48
1791047639,2026-10-04T01:13:58,docker.dev-peer0.org2.example.com-saksi-bulletin_1.0-ee3fe73bad456e43adfc5ba27d9e5a60983b69e8496140308fb21061ecb2ff85.blk_read_bytes,0.0
1791047639,2026-10-04T01:13:58,docker.dev-peer0.org2.example.com-saksi-bulletin_1.0-ee3fe73bad456e43adfc5ba27d9e5a60983b69e8496140308fb21061ecb2ff85.blk_write_bytes,0.0
1791047639,2026-10-04T01:13:58,docker.dev-peer0.org1.example.com-saksi-bulletin_1.0-ee3fe73bad456e43adfc5ba27d9e5a60983b69e8496140308fb21061ecb2ff85.cpu_pct,0.0
1791047639,2026-10-04T01:13:58,docker.dev-peer0.org1.example.com-saksi-bulletin_1.0-ee3fe73bad456e43adfc5ba27d9e5a60983b69e8496140308fb21061ecb2ff85.mem_bytes,15120465.92
1791047639,2026-10-04T01:13:58,docker.dev-peer0.org1.example.com-saksi-bulletin_1.0-ee3fe73bad456e43adfc5ba27d9e5a60983b69e8496140308fb21061ecb2ff85.blk_read_bytes,0.0
1791047639,2026-10-04T01:13:58,docker.dev-peer0.org1.example.com-saksi-bulletin_1.0-ee3fe73bad456e43adfc5ba27d9e5a60983b69e8496140308fb21061ecb2ff85.blk_write_bytes,0.0
1791047639,2026-10-04T01:13:58,docker.peer0.org2.example.com.cpu_pct,0.64
1791047639,2026-10-04T01:13:58,docker.peer0.org2.example.com.mem_bytes,273258905.6
1791047639,2026-10-04T01:13:58,docker.peer0.org2.example.com.blk_read_bytes,0.0
1791047639,2026-10-04T01:13:58,docker.peer0.org2.example.com.blk_write_bytes,11300000000.0
1791047639,2026-10-04T01:13:58,docker.peer0.org1.example.com.cpu_pct,0.67
1791047639,2026-10-04T01:13:58,docker.peer0.org1.example.com.mem_bytes,330825728.0
1791047639,2026-10-04T01:13:58,docker.peer0.org1.example.com.blk_read_bytes,0.0
1791047639,2026-10-04T01:13:58,docker.peer0.org1.example.com.blk_write_bytes,11300000000.0
1791047639,2026-10-04T01:13:58,docker.orderer.example.com.cpu_pct,0.04
1791047639,2026-10-04T01:13:58,docker.orderer.example.com.mem_bytes,259417702.4
1791047639,2026-10-04T01:13:58,docker.orderer.example.com.blk_read_bytes,0.0
1791047639,2026-10-04T01:13:58,docker.orderer.example.com.blk_write_bytes,5740000000.0
1791047639,2026-10-04T01:13:58,host.MemTotal_kb,64932116
1791047639,2026-10-04T01:13:58,host.MemAvailable_kb,62810600
1791047639,2026-10-04T01:13:58,host.Cached_kb,14881540
1791047639,2026-10-04T01:13:58,host.SwapTotal_kb,0
1791047639,2026-10-04T01:13:58,host.SwapFree_kb,0
1791047639,2026-10-04T01:13:58,host.Dirty_kb,848
1791047639,2026-10-04T01:13:58,host.load1,5.93
1791047639,2026-10-04T01:13:58,host.load5,6.12
1791047639,2026-10-04T01:13:58,host.root_free_bytes,927856914432
1791047639,2026-10-04T01:13:58,host.root_used_bytes,17115922432
1791047639,2026-10-04T01:13:58,io.md2.r/s,0.0
1791047639,2026-10-04T01:13:58,io.md2.rkB/s,0.0
1791047639,2026-10-04T01:13:58,io.md2.r_await,0.0
1791047639,2026-10-04T01:13:58,io.md2.w/s,56.4
1791047639,2026-10-04T01:13:58,io.md2.wkB/s,385.2
1791047639,2026-10-04T01:13:58,io.md2.w_await,0.35
1791047639,2026-10-04T01:13:58,io.md2.f/s,0.0
1791047639,2026-10-04T01:13:58,io.md2.aqu-sz,0.02
1791047639,2026-10-04T01:13:58,io.md2.%util,1.57
1791047639,2026-10-04T01:13:58,io.nvme0n1.r/s,0.0
1791047639,2026-10-04T01:13:58,io.nvme0n1.rkB/s,0.0
1791047639,2026-10-04T01:13:58,io.nvme0n1.r_await,0.0
1791047639,2026-10-04T01:13:58,io.nvme0n1.w/s,20.5
1791047639,2026-10-04T01:13:58,io.nvme0n1.wkB/s,190.4
1791047639,2026-10-04T01:13:58,io.nvme0n1.w_await,0.67
1791047639,2026-10-04T01:13:58,io.nvme0n1.f/s,3.8
1791047639,2026-10-04T01:13:58,io.nvme0n1.aqu-sz,0.02
1791047639,2026-10-04T01:13:58,io.nvme0n1.%util,1.27
1791047639,2026-10-04T01:13:58,io.nvme1n1.r/s,0.0
1791047639,2026-10-04T01:13:58,io.nvme1n1.rkB/s,0.0
1791047639,2026-10-04T01:13:58,io.nvme1n1.r_await,0.0
1791047639,2026-10-04T01:13:58,io.nvme1n1.w/s,20.6
1791047639,2026-10-04T01:13:58,io.nvme1n1.wkB/s,194.8
1791047639,2026-10-04T01:13:58,io.nvme1n1.w_await,0.62
1791047639,2026-10-04T01:13:58,io.nvme1n1.f/s,3.8
1791047639,2026-10-04T01:13:58,io.nvme1n1.aqu-sz,0.02
1791047639,2026-10-04T01:13:58,io.nvme1n1.%util,1.08
1791047649,2026-10-04T01:14:08,host.cpu_pct,82.85070986303083
1791047649,2026-10-04T01:14:08,host.run_cpu_pct,82.40382932041028
1791047649,2026-10-04T01:14:08,host.nonrun_cpu_pct,0.44688054262054777
1791047649,2026-10-04T01:14:08,docker.dev-peer0.org2.example.com-saksi-bulletin_1.0-ee3fe73bad456e43adfc5ba27d9e5a60983b69e8496140308fb21061ecb2ff85.cpu_pct,0.0
1791047649,2026-10-04T01:14:08,docker.dev-peer0.org2.example.com-saksi-bulletin_1.0-ee3fe73bad456e43adfc5ba27d9e5a60983b69e8496140308fb21061ecb2ff85.mem_bytes,6925844.48
1791047649,2026-10-04T01:14:08,docker.dev-peer0.org2.example.com-saksi-bulletin_1.0-ee3fe73bad456e43adfc5ba27d9e5a60983b69e8496140308fb21061ecb2ff85.blk_read_bytes,0.0
1791047649,2026-10-04T01:14:08,docker.dev-peer0.org2.example.com-saksi-bulletin_1.0-ee3fe73bad456e43adfc5ba27d9e5a60983b69e8496140308fb21061ecb2ff85.blk_write_bytes,0.0
1791047649,2026-10-04T01:14:08,docker.dev-peer0.org1.example.com-saksi-bulletin_1.0-ee3fe73bad456e43adfc5ba27d9e5a60983b69e8496140308fb21061ecb2ff85.cpu_pct,0.0
1791047649,2026-10-04T01:14:08,docker.dev-peer0.org1.example.com-saksi-bulletin_1.0-ee3fe73bad456e43adfc5ba27d9e5a60983b69e8496140308fb21061ecb2ff85.mem_bytes,15120465.92
1791047649,2026-10-04T01:14:08,docker.dev-peer0.org1.example.com-saksi-bulletin_1.0-ee3fe73bad456e43adfc5ba27d9e5a60983b69e8496140308fb21061ecb2ff85.blk_read_bytes,0.0
1791047649,2026-10-04T01:14:08,docker.dev-peer0.org1.example.com-saksi-bulletin_1.0-ee3fe73bad456e43adfc5ba27d9e5a60983b69e8496140308fb21061ecb2ff85.blk_write_bytes,0.0
1791047649,2026-10-04T01:14:08,docker.peer0.org2.example.com.cpu_pct,0.39
1791047649,2026-10-04T01:14:08,docker.peer0.org2.example.com.mem_bytes,272734617.6
1791047649,2026-10-04T01:14:08,docker.peer0.org2.example.com.blk_read_bytes,0.0
1791047649,2026-10-04T01:14:08,docker.peer0.org2.example.com.blk_write_bytes,11300000000.0
1791047649,2026-10-04T01:14:08,docker.peer0.org1.example.com.cpu_pct,0.55
1791047649,2026-10-04T01:14:08,docker.peer0.org1.example.com.mem_bytes,330825728.0
1791047649,2026-10-04T01:14:08,docker.peer0.org1.example.com.blk_read_bytes,0.0
1791047649,2026-10-04T01:14:08,docker.peer0.org1.example.com.blk_write_bytes,11300000000.0
1791047649,2026-10-04T01:14:08,docker.orderer.example.com.cpu_pct,0.06
1791047649,2026-10-04T01:14:08,docker.orderer.example.com.mem_bytes,259417702.4
1791047649,2026-10-04T01:14:08,docker.orderer.example.com.blk_read_bytes,0.0
1791047649,2026-10-04T01:14:08,docker.orderer.example.com.blk_write_bytes,5740000000.0
1791047649,2026-10-04T01:14:08,host.MemTotal_kb,64932116
1791047649,2026-10-04T01:14:08,host.MemAvailable_kb,62820020
1791047649,2026-10-04T01:14:08,host.Cached_kb,14881588
1791047649,2026-10-04T01:14:08,host.SwapTotal_kb,0
1791047649,2026-10-04T01:14:08,host.SwapFree_kb,0
1791047649,2026-10-04T01:14:08,host.Dirty_kb,712
1791047649,2026-10-04T01:14:08,host.load1,7.47
1791047649,2026-10-04T01:14:08,host.load5,6.44
1791047649,2026-10-04T01:14:08,host.root_free_bytes,927856861184
1791047649,2026-10-04T01:14:08,host.root_used_bytes,17115975680
1791047649,2026-10-04T01:14:08,io.md2.r/s,0.0
1791047649,2026-10-04T01:14:08,io.md2.rkB/s,0.0
1791047649,2026-10-04T01:14:08,io.md2.r_await,0.0
1791047649,2026-10-04T01:14:08,io.md2.w/s,75.7
1791047649,2026-10-04T01:14:08,io.md2.wkB/s,1137.6
1791047649,2026-10-04T01:14:08,io.md2.w_await,0.3
1791047649,2026-10-04T01:14:08,io.md2.f/s,0.0
1791047649,2026-10-04T01:14:08,io.md2.aqu-sz,0.02
1791047649,2026-10-04T01:14:08,io.md2.%util,11.47
1791047649,2026-10-04T01:14:08,io.nvme0n1.r/s,0.0
1791047649,2026-10-04T01:14:08,io.nvme0n1.rkB/s,0.0
1791047649,2026-10-04T01:14:08,io.nvme0n1.r_await,0.0
1791047649,2026-10-04T01:14:08,io.nvme0n1.w/s,30.5
1791047649,2026-10-04T01:14:08,io.nvme0n1.wkB/s,540.4
1791047649,2026-10-04T01:14:08,io.nvme0n1.w_await,0.47
1791047649,2026-10-04T01:14:08,io.nvme0n1.f/s,2.9
1791047649,2026-10-04T01:14:08,io.nvme0n1.aqu-sz,0.02
1791047649,2026-10-04T01:14:08,io.nvme0n1.%util,1.08
1791047649,2026-10-04T01:14:08,io.nvme1n1.r/s,0.0
1791047649,2026-10-04T01:14:08,io.nvme1n1.rkB/s,0.0
1791047649,2026-10-04T01:14:08,io.nvme1n1.r_await,0.0
1791047649,2026-10-04T01:14:08,io.nvme1n1.w/s,32.6
1791047649,2026-10-04T01:14:08,io.nvme1n1.wkB/s,597.2
1791047649,2026-10-04T01:14:08,io.nvme1n1.w_await,0.37
1791047649,2026-10-04T01:14:08,io.nvme1n1.f/s,2.9
1791047649,2026-10-04T01:14:08,io.nvme1n1.aqu-sz,0.02
1791047649,2026-10-04T01:14:08,io.nvme1n1.%util,0.82
1791047659,2026-10-04T01:14:18,host.cpu_pct,47.752879318978465
1791047659,2026-10-04T01:14:18,host.run_cpu_pct,47.380842304532194
1791047659,2026-10-04T01:14:18,host.nonrun_cpu_pct,0.3720370144462706
1791047659,2026-10-04T01:14:18,docker.dev-peer0.org2.example.com-saksi-bulletin_1.0-ee3fe73bad456e43adfc5ba27d9e5a60983b69e8496140308fb21061ecb2ff85.cpu_pct,0.0
1791047659,2026-10-04T01:14:18,docker.dev-peer0.org2.example.com-saksi-bulletin_1.0-ee3fe73bad456e43adfc5ba27d9e5a60983b69e8496140308fb21061ecb2ff85.mem_bytes,6925844.48
1791047659,2026-10-04T01:14:18,docker.dev-peer0.org2.example.com-saksi-bulletin_1.0-ee3fe73bad456e43adfc5ba27d9e5a60983b69e8496140308fb21061ecb2ff85.blk_read_bytes,0.0
1791047659,2026-10-04T01:14:18,docker.dev-peer0.org2.example.com-saksi-bulletin_1.0-ee3fe73bad456e43adfc5ba27d9e5a60983b69e8496140308fb21061ecb2ff85.blk_write_bytes,0.0
1791047659,2026-10-04T01:14:18,docker.dev-peer0.org1.example.com-saksi-bulletin_1.0-ee3fe73bad456e43adfc5ba27d9e5a60983b69e8496140308fb21061ecb2ff85.cpu_pct,359.39
1791047659,2026-10-04T01:14:18,docker.dev-peer0.org1.example.com-saksi-bulletin_1.0-ee3fe73bad456e43adfc5ba27d9e5a60983b69e8496140308fb21061ecb2ff85.mem_bytes,21181235.2
1791047659,2026-10-04T01:14:18,docker.dev-peer0.org1.example.com-saksi-bulletin_1.0-ee3fe73bad456e43adfc5ba27d9e5a60983b69e8496140308fb21061ecb2ff85.blk_read_bytes,0.0
1791047659,2026-10-04T01:14:18,docker.dev-peer0.org1.example.com-saksi-bulletin_1.0-ee3fe73bad456e43adfc5ba27d9e5a60983b69e8496140308fb21061ecb2ff85.blk_write_bytes,0.0
1791047659,2026-10-04T01:14:18,docker.peer0.org2.example.com.cpu_pct,58.92
1791047659,2026-10-04T01:14:18,docker.peer0.org2.example.com.mem_bytes,240228761.6
1791047659,2026-10-04T01:14:18,docker.peer0.org2.example.com.blk_read_bytes,0.0
1791047659,2026-10-04T01:14:18,docker.peer0.org2.example.com.blk_write_bytes,11300000000.0
1791047659,2026-10-04T01:14:18,docker.peer0.org1.example.com.cpu_pct,190.13
1791047659,2026-10-04T01:14:18,docker.peer0.org1.example.com.mem_bytes,254908825.6
1791047659,2026-10-04T01:14:18,docker.peer0.org1.example.com.blk_read_bytes,0.0
1791047659,2026-10-04T01:14:18,docker.peer0.org1.example.com.blk_write_bytes,11300000000.0
1791047659,2026-10-04T01:14:18,docker.orderer.example.com.cpu_pct,12.19
1791047659,2026-10-04T01:14:18,docker.orderer.example.com.mem_bytes,259522560.0
1791047659,2026-10-04T01:14:18,docker.orderer.example.com.blk_read_bytes,0.0
1791047659,2026-10-04T01:14:18,docker.orderer.example.com.blk_write_bytes,5740000000.0
1791047659,2026-10-04T01:14:18,host.MemTotal_kb,64932116
1791047659,2026-10-04T01:14:18,host.MemAvailable_kb,62904248
1791047659,2026-10-04T01:14:18,host.Cached_kb,15163744
1791047659,2026-10-04T01:14:18,host.SwapTotal_kb,0
1791047659,2026-10-04T01:14:18,host.SwapFree_kb,0
1791047659,2026-10-04T01:14:18,host.Dirty_kb,240464
1791047659,2026-10-04T01:14:18,host.load1,6.48
1791047659,2026-10-04T01:14:18,host.load5,6.26
1791047659,2026-10-04T01:14:18,host.root_free_bytes,927513370624
1791047659,2026-10-04T01:14:18,host.root_used_bytes,17459466240
1791047659,2026-10-04T01:14:18,io.md2.r/s,0.0
1791047659,2026-10-04T01:14:18,io.md2.rkB/s,0.0
1791047659,2026-10-04T01:14:18,io.md2.r_await,0.0
1791047659,2026-10-04T01:14:18,io.md2.w/s,146.1
1791047659,2026-10-04T01:14:18,io.md2.wkB/s,11287.6
1791047659,2026-10-04T01:14:18,io.md2.w_await,0.19
1791047659,2026-10-04T01:14:18,io.md2.f/s,0.0
1791047659,2026-10-04T01:14:18,io.md2.aqu-sz,0.03
1791047659,2026-10-04T01:14:18,io.md2.%util,1.12
1791047659,2026-10-04T01:14:18,io.nvme0n1.r/s,0.0
1791047659,2026-10-04T01:14:18,io.nvme0n1.rkB/s,0.0
1791047659,2026-10-04T01:14:18,io.nvme0n1.r_await,0.0
1791047659,2026-10-04T01:14:18,io.nvme0n1.w/s,67.9
1791047659,2026-10-04T01:14:18,io.nvme0n1.wkB/s,5607.2
1791047659,2026-10-04T01:14:18,io.nvme0n1.w_await,0.14
1791047659,2026-10-04T01:14:18,io.nvme0n1.f/s,0.8
1791047659,2026-10-04T01:14:18,io.nvme0n1.aqu-sz,0.01
1791047659,2026-10-04T01:14:18,io.nvme0n1.%util,0.26
1791047659,2026-10-04T01:14:18,io.nvme1n1.r/s,0.0
1791047659,2026-10-04T01:14:18,io.nvme1n1.rkB/s,0.0
1791047659,2026-10-04T01:14:18,io.nvme1n1.r_await,0.0
1791047659,2026-10-04T01:14:18,io.nvme1n1.w/s,71.8
1791047659,2026-10-04T01:14:18,io.nvme1n1.wkB/s,5680.4
1791047659,2026-10-04T01:14:18,io.nvme1n1.w_await,0.19
1791047659,2026-10-04T01:14:18,io.nvme1n1.f/s,0.8
1791047659,2026-10-04T01:14:18,io.nvme1n1.aqu-sz,0.01
1791047659,2026-10-04T01:14:18,io.nvme1n1.%util,0.58
1791047669,2026-10-04T01:14:28,host.cpu_pct,41.92437671363897
1791047669,2026-10-04T01:14:28,host.run_cpu_pct,41.63475665331805
1791047669,2026-10-04T01:14:28,host.nonrun_cpu_pct,0.2896200603209209
1791047669,2026-10-04T01:14:28,docker.dev-peer0.org2.example.com-saksi-bulletin_1.0-ee3fe73bad456e43adfc5ba27d9e5a60983b69e8496140308fb21061ecb2ff85.cpu_pct,0.0
1791047669,2026-10-04T01:14:28,docker.dev-peer0.org2.example.com-saksi-bulletin_1.0-ee3fe73bad456e43adfc5ba27d9e5a60983b69e8496140308fb21061ecb2ff85.mem_bytes,6925844.48
1791047669,2026-10-04T01:14:28,docker.dev-peer0.org2.example.com-saksi-bulletin_1.0-ee3fe73bad456e43adfc5ba27d9e5a60983b69e8496140308fb21061ecb2ff85.blk_read_bytes,0.0
1791047669,2026-10-04T01:14:28,docker.dev-peer0.org2.example.com-saksi-bulletin_1.0-ee3fe73bad456e43adfc5ba27d9e5a60983b69e8496140308fb21061ecb2ff85.blk_write_bytes,0.0
1791047669,2026-10-04T01:14:28,docker.dev-peer0.org1.example.com-saksi-bulletin_1.0-ee3fe73bad456e43adfc5ba27d9e5a60983b69e8496140308fb21061ecb2ff85.cpu_pct,356.58
1791047669,2026-10-04T01:14:28,docker.dev-peer0.org1.example.com-saksi-bulletin_1.0-ee3fe73bad456e43adfc5ba27d9e5a60983b69e8496140308fb21061ecb2ff85.mem_bytes,21810380.8
1791047669,2026-10-04T01:14:28,docker.dev-peer0.org1.example.com-saksi-bulletin_1.0-ee3fe73bad456e43adfc5ba27d9e5a60983b69e8496140308fb21061ecb2ff85.blk_read_bytes,0.0
1791047669,2026-10-04T01:14:28,docker.dev-peer0.org1.example.com-saksi-bulletin_1.0-ee3fe73bad456e43adfc5ba27d9e5a60983b69e8496140308fb21061ecb2ff85.blk_write_bytes,0.0
1791047669,2026-10-04T01:14:28,docker.peer0.org2.example.com.cpu_pct,69.25
1791047669,2026-10-04T01:14:28,docker.peer0.org2.example.com.mem_bytes,273573478.4
1791047669,2026-10-04T01:14:28,docker.peer0.org2.example.com.blk_read_bytes,0.0
1791047669,2026-10-04T01:14:28,docker.peer0.org2.example.com.blk_write_bytes,11900000000.0
1791047669,2026-10-04T01:14:28,docker.peer0.org1.example.com.cpu_pct,195.97
1791047669,2026-10-04T01:14:28,docker.peer0.org1.example.com.mem_bytes,290245836.8
1791047669,2026-10-04T01:14:28,docker.peer0.org1.example.com.blk_read_bytes,0.0
1791047669,2026-10-04T01:14:28,docker.peer0.org1.example.com.blk_write_bytes,11900000000.0
1791047669,2026-10-04T01:14:28,docker.orderer.example.com.cpu_pct,51.53
1791047669,2026-10-04T01:14:28,docker.orderer.example.com.mem_bytes,427085004.8
1791047669,2026-10-04T01:14:28,docker.orderer.example.com.blk_read_bytes,0.0
1791047669,2026-10-04T01:14:28,docker.orderer.example.com.blk_write_bytes,6060000000.0
1791047669,2026-10-04T01:14:28,host.MemTotal_kb,64932116
1791047669,2026-10-04T01:14:28,host.MemAvailable_kb,62713100
1791047669,2026-10-04T01:14:28,host.Cached_kb,15529856
1791047669,2026-10-04T01:14:28,host.SwapTotal_kb,0
1791047669,2026-10-04T01:14:28,host.SwapFree_kb,0
1791047669,2026-10-04T01:14:28,host.Dirty_kb,12172
1791047669,2026-10-04T01:14:28,host.load1,6.1
1791047669,2026-10-04T01:14:28,host.load5,6.19
1791047669,2026-10-04T01:14:28,host.root_free_bytes,927152754688
1791047669,2026-10-04T01:14:28,host.root_used_bytes,17820082176
1791047669,2026-10-04T01:14:28,io.md2.r/s,0.0
1791047669,2026-10-04T01:14:28,io.md2.rkB/s,0.0
1791047669,2026-10-04T01:14:28,io.md2.r_await,0.0
1791047669,2026-10-04T01:14:28,io.md2.w/s,52.6
1791047669,2026-10-04T01:14:28,io.md2.wkB/s,236.0
1791047669,2026-10-04T01:14:28,io.md2.w_await,0.21
1791047669,2026-10-04T01:14:28,io.md2.f/s,0.0
1791047669,2026-10-04T01:14:28,io.md2.aqu-sz,0.01
1791047669,2026-10-04T01:14:28,io.md2.%util,0.92
1791047669,2026-10-04T01:14:28,io.nvme0n1.r/s,0.0
1791047669,2026-10-04T01:14:28,io.nvme0n1.rkB/s,0.0
1791047669,2026-10-04T01:14:28,io.nvme0n1.r_await,0.0
1791047669,2026-10-04T01:14:28,io.nvme0n1.w/s,23.8
1791047669,2026-10-04T01:14:28,io.nvme0n1.wkB/s,123.6
1791047669,2026-10-04T01:14:28,io.nvme0n1.w_await,0.37
1791047669,2026-10-04T01:14:28,io.nvme0n1.f/s,1.6
1791047669,2026-10-04T01:14:28,io.nvme0n1.aqu-sz,0.01
1791047669,2026-10-04T01:14:28,io.nvme0n1.%util,0.76
1791047669,2026-10-04T01:14:28,io.nvme1n1.r/s,0.0
1791047669,2026-10-04T01:14:28,io.nvme1n1.rkB/s,0.0
1791047669,2026-10-04T01:14:28,io.nvme1n1.r_await,0.0
1791047669,2026-10-04T01:14:28,io.nvme1n1.w/s,22.7
1791047669,2026-10-04T01:14:28,io.nvme1n1.wkB/s,112.4
1791047669,2026-10-04T01:14:28,io.nvme1n1.w_await,0.22
1791047669,2026-10-04T01:14:28,io.nvme1n1.f/s,1.6
1791047669,2026-10-04T01:14:28,io.nvme1n1.aqu-sz,0.01
1791047669,2026-10-04T01:14:28,io.nvme1n1.%util,0.36
1791047679,2026-10-04T01:14:38,host.cpu_pct,45.22670748039028
1791047679,2026-10-04T01:14:38,host.run_cpu_pct,44.76827407523878
1791047679,2026-10-04T01:14:38,host.nonrun_cpu_pct,0.4584334051515029
1791047679,2026-10-04T01:14:38,docker.dev-peer0.org2.example.com-saksi-bulletin_1.0-ee3fe73bad456e43adfc5ba27d9e5a60983b69e8496140308fb21061ecb2ff85.cpu_pct,0.0
1791047679,2026-10-04T01:14:38,docker.dev-peer0.org2.example.com-saksi-bulletin_1.0-ee3fe73bad456e43adfc5ba27d9e5a60983b69e8496140308fb21061ecb2ff85.mem_bytes,6925844.48
1791047679,2026-10-04T01:14:38,docker.dev-peer0.org2.example.com-saksi-bulletin_1.0-ee3fe73bad456e43adfc5ba27d9e5a60983b69e8496140308fb21061ecb2ff85.blk_read_bytes,0.0
1791047679,2026-10-04T01:14:38,docker.dev-peer0.org2.example.com-saksi-bulletin_1.0-ee3fe73bad456e43adfc5ba27d9e5a60983b69e8496140308fb21061ecb2ff85.blk_write_bytes,0.0
1791047679,2026-10-04T01:14:38,docker.dev-peer0.org1.example.com-saksi-bulletin_1.0-ee3fe73bad456e43adfc5ba27d9e5a60983b69e8496140308fb21061ecb2ff85.cpu_pct,360.71
1791047679,2026-10-04T01:14:38,docker.dev-peer0.org1.example.com-saksi-bulletin_1.0-ee3fe73bad456e43adfc5ba27d9e5a60983b69e8496140308fb21061ecb2ff85.mem_bytes,20468203.52
1791047679,2026-10-04T01:14:38,docker.dev-peer0.org1.example.com-saksi-bulletin_1.0-ee3fe73bad456e43adfc5ba27d9e5a60983b69e8496140308fb21061ecb2ff85.blk_read_bytes,0.0
1791047679,2026-10-04T01:14:38,docker.dev-peer0.org1.example.com-saksi-bulletin_1.0-ee3fe73bad456e43adfc5ba27d9e5a60983b69e8496140308fb21061ecb2ff85.blk_write_bytes,0.0
1791047679,2026-10-04T01:14:38,docker.peer0.org2.example.com.cpu_pct,77.51
1791047679,2026-10-04T01:14:38,docker.peer0.org2.example.com.mem_bytes,251133952.0
1791047679,2026-10-04T01:14:38,docker.peer0.org2.example.com.blk_read_bytes,0.0
1791047679,2026-10-04T01:14:38,docker.peer0.org2.example.com.blk_write_bytes,12500000000.0
1791047679,2026-10-04T01:14:38,docker.peer0.org1.example.com.cpu_pct,183.43
1791047679,2026-10-04T01:14:38,docker.peer0.org1.example.com.mem_bytes,284268953.6
1791047679,2026-10-04T01:14:38,docker.peer0.org1.example.com.blk_read_bytes,0.0
1791047679,2026-10-04T01:14:38,docker.peer0.org1.example.com.blk_write_bytes,12500000000.0
1791047679,2026-10-04T01:14:38,docker.orderer.example.com.cpu_pct,48.78
1791047679,2026-10-04T01:14:38,docker.orderer.example.com.mem_bytes,597898035.2
1791047679,2026-10-04T01:14:38,docker.orderer.example.com.blk_read_bytes,0.0
1791047679,2026-10-04T01:14:38,docker.orderer.example.com.blk_write_bytes,6410000000.0
1791047679,2026-10-04T01:14:38,host.MemTotal_kb,64932116
1791047679,2026-10-04T01:14:38,host.MemAvailable_kb,62580088
1791047679,2026-10-04T01:14:38,host.Cached_kb,15900036
1791047679,2026-10-04T01:14:38,host.SwapTotal_kb,0
1791047679,2026-10-04T01:14:38,host.SwapFree_kb,0
1791047679,2026-10-04T01:14:38,host.Dirty_kb,11240
1791047679,2026-10-04T01:14:38,host.load1,5.86
1791047679,2026-10-04T01:14:38,host.load5,6.13
1791047679,2026-10-04T01:14:38,host.root_free_bytes,926787768320
1791047679,2026-10-04T01:14:38,host.root_used_bytes,18185068544
1791047679,2026-10-04T01:14:38,io.md2.r/s,0.0
1791047679,2026-10-04T01:14:38,io.md2.rkB/s,0.0
1791047679,2026-10-04T01:14:38,io.md2.r_await,0.0
1791047679,2026-10-04T01:14:38,io.md2.w/s,2203.7
1791047679,2026-10-04T01:14:38,io.md2.wkB/s,74828.0
1791047679,2026-10-04T01:14:38,io.md2.w_await,0.33
1791047679,2026-10-04T01:14:38,io.md2.f/s,0.0
1791047679,2026-10-04T01:14:38,io.md2.aqu-sz,0.73
1791047679,2026-10-04T01:14:38,io.md2.%util,62.39
1791047679,2026-10-04T01:14:38,io.nvme0n1.r/s,0.0
1791047679,2026-10-04T01:14:38,io.nvme0n1.rkB/s,0.0
1791047679,2026-10-04T01:14:38,io.nvme0n1.r_await,0.0
1791047679,2026-10-04T01:14:38,io.nvme0n1.w/s,706.0
1791047679,2026-10-04T01:14:38,io.nvme0n1.wkB/s,36723.6
1791047679,2026-10-04T01:14:38,io.nvme0n1.w_await,0.73
1791047679,2026-10-04T01:14:38,io.nvme0n1.f/s,159.9
1791047679,2026-10-04T01:14:38,io.nvme0n1.aqu-sz,0.68
1791047679,2026-10-04T01:14:38,io.nvme0n1.%util,41.57
1791047679,2026-10-04T01:14:38,io.nvme1n1.r/s,0.0
1791047679,2026-10-04T01:14:38,io.nvme1n1.rkB/s,0.0
1791047679,2026-10-04T01:14:38,io.nvme1n1.r_await,0.0
1791047679,2026-10-04T01:14:38,io.nvme1n1.w/s,781.2
1791047679,2026-10-04T01:14:38,io.nvme1n1.wkB/s,38104.4
1791047679,2026-10-04T01:14:38,io.nvme1n1.w_await,0.68
1791047679,2026-10-04T01:14:38,io.nvme1n1.f/s,159.9
1791047679,2026-10-04T01:14:38,io.nvme1n1.aqu-sz,0.72
1791047679,2026-10-04T01:14:38,io.nvme1n1.%util,41.22
1791047689,2026-10-04T01:14:48,host.cpu_pct,46.1479640604091
1791047689,2026-10-04T01:14:48,host.run_cpu_pct,45.43406849484538
1791047689,2026-10-04T01:14:48,host.nonrun_cpu_pct,0.7138955655637247
1791047689,2026-10-04T01:14:48,docker.dev-peer0.org2.example.com-saksi-bulletin_1.0-ee3fe73bad456e43adfc5ba27d9e5a60983b69e8496140308fb21061ecb2ff85.cpu_pct,0.0
1791047689,2026-10-04T01:14:48,docker.dev-peer0.org2.example.com-saksi-bulletin_1.0-ee3fe73bad456e43adfc5ba27d9e5a60983b69e8496140308fb21061ecb2ff85.mem_bytes,6925844.48
1791047689,2026-10-04T01:14:48,docker.dev-peer0.org2.example.com-saksi-bulletin_1.0-ee3fe73bad456e43adfc5ba27d9e5a60983b69e8496140308fb21061ecb2ff85.blk_read_bytes,0.0
1791047689,2026-10-04T01:14:48,docker.dev-peer0.org2.example.com-saksi-bulletin_1.0-ee3fe73bad456e43adfc5ba27d9e5a60983b69e8496140308fb21061ecb2ff85.blk_write_bytes,0.0
1791047689,2026-10-04T01:14:48,docker.dev-peer0.org1.example.com-saksi-bulletin_1.0-ee3fe73bad456e43adfc5ba27d9e5a60983b69e8496140308fb21061ecb2ff85.cpu_pct,363.86
1791047689,2026-10-04T01:14:48,docker.dev-peer0.org1.example.com-saksi-bulletin_1.0-ee3fe73bad456e43adfc5ba27d9e5a60983b69e8496140308fb21061ecb2ff85.mem_bytes,20677918.72
1791047689,2026-10-04T01:14:48,docker.dev-peer0.org1.example.com-saksi-bulletin_1.0-ee3fe73bad456e43adfc5ba27d9e5a60983b69e8496140308fb21061ecb2ff85.blk_read_bytes,0.0
1791047689,2026-10-04T01:14:48,docker.dev-peer0.org1.example.com-saksi-bulletin_1.0-ee3fe73bad456e43adfc5ba27d9e5a60983b69e8496140308fb21061ecb2ff85.blk_write_bytes,0.0
1791047689,2026-10-04T01:14:48,docker.peer0.org2.example.com.cpu_pct,83.02
1791047689,2026-10-04T01:14:48,docker.peer0.org2.example.com.mem_bytes,265918873.6
1791047689,2026-10-04T01:14:48,docker.peer0.org2.example.com.blk_read_bytes,0.0
1791047689,2026-10-04T01:14:48,docker.peer0.org2.example.com.blk_write_bytes,13400000000.0
1791047689,2026-10-04T01:14:48,docker.peer0.org1.example.com.cpu_pct,209.07
1791047689,2026-10-04T01:14:48,docker.peer0.org1.example.com.mem_bytes,286051532.8
1791047689,2026-10-04T01:14:48,docker.peer0.org1.example.com.blk_read_bytes,0.0
1791047689,2026-10-04T01:14:48,docker.peer0.org1.example.com.blk_write_bytes,13400000000.0
1791047689,2026-10-04T01:14:48,docker.orderer.example.com.cpu_pct,52.72
1791047689,2026-10-04T01:14:48,docker.orderer.example.com.mem_bytes,196608000.0
1791047689,2026-10-04T01:14:48,docker.orderer.example.com.blk_read_bytes,0.0
1791047689,2026-10-04T01:14:48,docker.orderer.example.com.blk_write_bytes,6700000000.0
1791047689,2026-10-04T01:14:48,host.MemTotal_kb,64932116
1791047689,2026-10-04T01:14:48,host.MemAvailable_kb,62926116
1791047689,2026-10-04T01:14:48,host.Cached_kb,16014912
1791047689,2026-10-04T01:14:48,host.SwapTotal_kb,0
1791047689,2026-10-04T01:14:48,host.SwapFree_kb,0
1791047689,2026-10-04T01:14:48,host.Dirty_kb,31984
1791047689,2026-10-04T01:14:48,host.load1,8.81
1791047689,2026-10-04T01:14:48,host.load5,6.75
1791047689,2026-10-04T01:14:48,host.root_free_bytes,926684209152
1791047689,2026-10-04T01:14:48,host.root_used_bytes,18288627712
1791047689,2026-10-04T01:14:48,io.md2.r/s,0.0
1791047689,2026-10-04T01:14:48,io.md2.rkB/s,0.0
1791047689,2026-10-04T01:14:48,io.md2.r_await,0.0
1791047689,2026-10-04T01:14:48,io.md2.w/s,2541.1
1791047689,2026-10-04T01:14:48,io.md2.wkB/s,100275.2
1791047689,2026-10-04T01:14:48,io.md2.w_await,0.32
1791047689,2026-10-04T01:14:48,io.md2.f/s,0.0
1791047689,2026-10-04T01:14:48,io.md2.aqu-sz,0.81
1791047689,2026-10-04T01:14:48,io.md2.%util,68.24
1791047689,2026-10-04T01:14:48,io.nvme0n1.r/s,0.0
1791047689,2026-10-04T01:14:48,io.nvme0n1.rkB/s,0.0
1791047689,2026-10-04T01:14:48,io.nvme0n1.r_await,0.0
1791047689,2026-10-04T01:14:48,io.nvme0n1.w/s,855.8
1791047689,2026-10-04T01:14:48,io.nvme0n1.wkB/s,49794.4
1791047689,2026-10-04T01:14:48,io.nvme0n1.w_await,0.68
1791047689,2026-10-04T01:14:48,io.nvme0n1.f/s,173.5
1791047689,2026-10-04T01:14:48,io.nvme0n1.aqu-sz,0.77
1791047689,2026-10-04T01:14:48,io.nvme0n1.%util,47.06
1791047689,2026-10-04T01:14:48,io.nvme1n1.r/s,0.0
1791047689,2026-10-04T01:14:48,io.nvme1n1.rkB/s,0.0
1791047689,2026-10-04T01:14:48,io.nvme1n1.r_await,0.0
1791047689,2026-10-04T01:14:48,io.nvme1n1.w/s,913.9
1791047689,2026-10-04T01:14:48,io.nvme1n1.wkB/s,50480.8
1791047689,2026-10-04T01:14:48,io.nvme1n1.w_await,0.64
1791047689,2026-10-04T01:14:48,io.nvme1n1.f/s,173.5
1791047689,2026-10-04T01:14:48,io.nvme1n1.aqu-sz,0.79
1791047689,2026-10-04T01:14:48,io.nvme1n1.%util,44.36
1791047699,2026-10-04T01:14:58,host.cpu_pct,36.993555796592865
1791047699,2026-10-04T01:14:58,host.run_cpu_pct,36.93918314678644
1791047699,2026-10-04T01:14:58,host.nonrun_cpu_pct,0.05437264980642453
1791047699,2026-10-04T01:14:58,docker.dev-peer0.org2.example.com-saksi-bulletin_1.0-ee3fe73bad456e43adfc5ba27d9e5a60983b69e8496140308fb21061ecb2ff85.cpu_pct,0.0
1791047699,2026-10-04T01:14:58,docker.dev-peer0.org2.example.com-saksi-bulletin_1.0-ee3fe73bad456e43adfc5ba27d9e5a60983b69e8496140308fb21061ecb2ff85.mem_bytes,6946816.0
1791047699,2026-10-04T01:14:58,docker.dev-peer0.org2.example.com-saksi-bulletin_1.0-ee3fe73bad456e43adfc5ba27d9e5a60983b69e8496140308fb21061ecb2ff85.blk_read_bytes,0.0
1791047699,2026-10-04T01:14:58,docker.dev-peer0.org2.example.com-saksi-bulletin_1.0-ee3fe73bad456e43adfc5ba27d9e5a60983b69e8496140308fb21061ecb2ff85.blk_write_bytes,0.0
1791047699,2026-10-04T01:14:58,docker.dev-peer0.org1.example.com-saksi-bulletin_1.0-ee3fe73bad456e43adfc5ba27d9e5a60983b69e8496140308fb21061ecb2ff85.cpu_pct,0.08
1791047699,2026-10-04T01:14:58,docker.dev-peer0.org1.example.com-saksi-bulletin_1.0-ee3fe73bad456e43adfc5ba27d9e5a60983b69e8496140308fb21061ecb2ff85.mem_bytes,17836277.76
1791047699,2026-10-04T01:14:58,docker.dev-peer0.org1.example.com-saksi-bulletin_1.0-ee3fe73bad456e43adfc5ba27d9e5a60983b69e8496140308fb21061ecb2ff85.blk_read_bytes,0.0
1791047699,2026-10-04T01:14:58,docker.dev-peer0.org1.example.com-saksi-bulletin_1.0-ee3fe73bad456e43adfc5ba27d9e5a60983b69e8496140308fb21061ecb2ff85.blk_write_bytes,0.0
1791047699,2026-10-04T01:14:58,docker.peer0.org2.example.com.cpu_pct,0.89
1791047699,2026-10-04T01:14:58,docker.peer0.org2.example.com.mem_bytes,274622054.4
1791047699,2026-10-04T01:14:58,docker.peer0.org2.example.com.blk_read_bytes,0.0
1791047699,2026-10-04T01:14:58,docker.peer0.org2.example.com.blk_write_bytes,13800000000.0
1791047699,2026-10-04T01:14:58,docker.peer0.org1.example.com.cpu_pct,24.35
1791047699,2026-10-04T01:14:58,docker.peer0.org1.example.com.mem_bytes,312999936.0
1791047699,2026-10-04T01:14:58,docker.peer0.org1.example.com.blk_read_bytes,0.0
1791047699,2026-10-04T01:14:58,docker.peer0.org1.example.com.blk_write_bytes,13800000000.0
1791047699,2026-10-04T01:14:58,docker.orderer.example.com.cpu_pct,0.03
1791047699,2026-10-04T01:14:58,docker.orderer.example.com.mem_bytes,292342988.8
1791047699,2026-10-04T01:14:58,docker.orderer.example.com.blk_read_bytes,0.0
1791047699,2026-10-04T01:14:58,docker.orderer.example.com.blk_write_bytes,6880000000.0
1791047699,2026-10-04T01:14:58,host.MemTotal_kb,64932116
1791047699,2026-10-04T01:14:58,host.MemAvailable_kb,62877584
1791047699,2026-10-04T01:14:58,host.Cached_kb,16200988
1791047699,2026-10-04T01:14:58,host.SwapTotal_kb,0
1791047699,2026-10-04T01:14:58,host.SwapFree_kb,0
1791047699,2026-10-04T01:14:58,host.Dirty_kb,4584
1791047699,2026-10-04T01:14:58,host.load1,8.63
1791047699,2026-10-04T01:14:58,host.load5,6.78
1791047699,2026-10-04T01:14:58,host.root_free_bytes,926467997696
1791047699,2026-10-04T01:14:58,host.root_used_bytes,18504839168
1791047699,2026-10-04T01:14:58,io.md2.r/s,0.0
1791047699,2026-10-04T01:14:58,io.md2.rkB/s,0.0
1791047699,2026-10-04T01:14:58,io.md2.r_await,0.0
1791047699,2026-10-04T01:14:58,io.md2.w/s,2743.9
1791047699,2026-10-04T01:14:58,io.md2.wkB/s,107616.8
1791047699,2026-10-04T01:14:58,io.md2.w_await,0.31
1791047699,2026-10-04T01:14:58,io.md2.f/s,0.0
1791047699,2026-10-04T01:14:58,io.md2.aqu-sz,0.85
1791047699,2026-10-04T01:14:58,io.md2.%util,68.77
1791047699,2026-10-04T01:14:58,io.nvme0n1.r/s,0.0
1791047699,2026-10-04T01:14:58,io.nvme0n1.rkB/s,0.0
1791047699,2026-10-04T01:14:58,io.nvme0n1.r_await,0.0
1791047699,2026-10-04T01:14:58,io.nvme0n1.w/s,874.0
1791047699,2026-10-04T01:14:58,io.nvme0n1.wkB/s,53154.0
1791047699,2026-10-04T01:14:58,io.nvme0n1.w_await,0.65
1791047699,2026-10-04T01:14:58,io.nvme0n1.f/s,174.8
1791047699,2026-10-04T01:14:58,io.nvme0n1.aqu-sz,0.76
1791047699,2026-10-04T01:14:58,io.nvme0n1.%util,44.94
1791047699,2026-10-04T01:14:58,io.nvme1n1.r/s,0.0
1791047699,2026-10-04T01:14:58,io.nvme1n1.rkB/s,0.0
1791047699,2026-10-04T01:14:58,io.nvme1n1.r_await,0.0
1791047699,2026-10-04T01:14:58,io.nvme1n1.w/s,954.5
1791047699,2026-10-04T01:14:58,io.nvme1n1.wkB/s,54462.8
1791047699,2026-10-04T01:14:58,io.nvme1n1.w_await,0.63
1791047699,2026-10-04T01:14:58,io.nvme1n1.f/s,174.8
1791047699,2026-10-04T01:14:58,io.nvme1n1.aqu-sz,0.8
1791047699,2026-10-04T01:14:58,io.nvme1n1.%util,44.67
1791047709,2026-10-04T01:15:08,host.cpu_pct,4.058298781253926
1791047709,2026-10-04T01:15:08,host.run_cpu_pct,3.970129088072109
1791047709,2026-10-04T01:15:08,host.nonrun_cpu_pct,0.088169693181817
1791047709,2026-10-04T01:15:08,docker.dev-peer0.org2.example.com-saksi-bulletin_1.0-ee3fe73bad456e43adfc5ba27d9e5a60983b69e8496140308fb21061ecb2ff85.cpu_pct,0.0
1791047709,2026-10-04T01:15:08,docker.dev-peer0.org2.example.com-saksi-bulletin_1.0-ee3fe73bad456e43adfc5ba27d9e5a60983b69e8496140308fb21061ecb2ff85.mem_bytes,6946816.0
1791047709,2026-10-04T01:15:08,docker.dev-peer0.org2.example.com-saksi-bulletin_1.0-ee3fe73bad456e43adfc5ba27d9e5a60983b69e8496140308fb21061ecb2ff85.blk_read_bytes,0.0
1791047709,2026-10-04T01:15:08,docker.dev-peer0.org2.example.com-saksi-bulletin_1.0-ee3fe73bad456e43adfc5ba27d9e5a60983b69e8496140308fb21061ecb2ff85.blk_write_bytes,0.0
1791047709,2026-10-04T01:15:08,docker.dev-peer0.org1.example.com-saksi-bulletin_1.0-ee3fe73bad456e43adfc5ba27d9e5a60983b69e8496140308fb21061ecb2ff85.cpu_pct,0.0
1791047709,2026-10-04T01:15:08,docker.dev-peer0.org1.example.com-saksi-bulletin_1.0-ee3fe73bad456e43adfc5ba27d9e5a60983b69e8496140308fb21061ecb2ff85.mem_bytes,15718154.24
1791047709,2026-10-04T01:15:08,docker.dev-peer0.org1.example.com-saksi-bulletin_1.0-ee3fe73bad456e43adfc5ba27d9e5a60983b69e8496140308fb21061ecb2ff85.blk_read_bytes,0.0
1791047709,2026-10-04T01:15:08,docker.dev-peer0.org1.example.com-saksi-bulletin_1.0-ee3fe73bad456e43adfc5ba27d9e5a60983b69e8496140308fb21061ecb2ff85.blk_write_bytes,0.0
1791047709,2026-10-04T01:15:08,docker.peer0.org2.example.com.cpu_pct,2.0
1791047709,2026-10-04T01:15:08,docker.peer0.org2.example.com.mem_bytes,275670630.4
1791047709,2026-10-04T01:15:08,docker.peer0.org2.example.com.blk_read_bytes,0.0
1791047709,2026-10-04T01:15:08,docker.peer0.org2.example.com.blk_write_bytes,13900000000.0
1791047709,2026-10-04T01:15:08,docker.peer0.org1.example.com.cpu_pct,1.91
1791047709,2026-10-04T01:15:08,docker.peer0.org1.example.com.mem_bytes,299787878.4
1791047709,2026-10-04T01:15:08,docker.peer0.org1.example.com.blk_read_bytes,0.0
1791047709,2026-10-04T01:15:08,docker.peer0.org1.example.com.blk_write_bytes,13900000000.0
1791047709,2026-10-04T01:15:08,docker.orderer.example.com.cpu_pct,0.03
1791047709,2026-10-04T01:15:08,docker.orderer.example.com.mem_bytes,292342988.8
1791047709,2026-10-04T01:15:08,docker.orderer.example.com.blk_read_bytes,0.0
1791047709,2026-10-04T01:15:08,docker.orderer.example.com.blk_write_bytes,6880000000.0
1791047709,2026-10-04T01:15:08,host.MemTotal_kb,64932116
1791047709,2026-10-04T01:15:08,host.MemAvailable_kb,62895552
1791047709,2026-10-04T01:15:08,host.Cached_kb,16202008
1791047709,2026-10-04T01:15:08,host.SwapTotal_kb,0
1791047709,2026-10-04T01:15:08,host.SwapFree_kb,0
1791047709,2026-10-04T01:15:08,host.Dirty_kb,952
1791047709,2026-10-04T01:15:08,host.load1,7.3
1791047709,2026-10-04T01:15:08,host.load5,6.56
1791047709,2026-10-04T01:15:08,host.root_free_bytes,926467145728
1791047709,2026-10-04T01:15:08,host.root_used_bytes,18505691136
1791047709,2026-10-04T01:15:08,io.md2.r/s,0.0
1791047709,2026-10-04T01:15:08,io.md2.rkB/s,0.0
1791047709,2026-10-04T01:15:08,io.md2.r_await,0.0
1791047709,2026-10-04T01:15:08,io.md2.w/s,1917.5
1791047709,2026-10-04T01:15:08,io.md2.wkB/s,77898.0
1791047709,2026-10-04T01:15:08,io.md2.w_await,0.31
1791047709,2026-10-04T01:15:08,io.md2.f/s,0.0
1791047709,2026-10-04T01:15:08,io.md2.aqu-sz,0.59
1791047709,2026-10-04T01:15:08,io.md2.%util,67.21
1791047709,2026-10-04T01:15:08,io.nvme0n1.r/s,0.0
1791047709,2026-10-04T01:15:08,io.nvme0n1.rkB/s,0.0
1791047709,2026-10-04T01:15:08,io.nvme0n1.r_await,0.0
1791047709,2026-10-04T01:15:08,io.nvme0n1.w/s,615.9
1791047709,2026-10-04T01:15:08,io.nvme0n1.wkB/s,38415.6
1791047709,2026-10-04T01:15:08,io.nvme0n1.w_await,0.64
1791047709,2026-10-04T01:15:08,io.nvme0n1.f/s,117.9
1791047709,2026-10-04T01:15:08,io.nvme0n1.aqu-sz,0.52
1791047709,2026-10-04T01:15:08,io.nvme0n1.%util,30.32
1791047709,2026-10-04T01:15:08,io.nvme1n1.r/s,0.0
1791047709,2026-10-04T01:15:08,io.nvme1n1.rkB/s,0.0
1791047709,2026-10-04T01:15:08,io.nvme1n1.r_await,0.0
1791047709,2026-10-04T01:15:08,io.nvme1n1.w/s,687.9
1791047709,2026-10-04T01:15:08,io.nvme1n1.wkB/s,39482.4
1791047709,2026-10-04T01:15:08,io.nvme1n1.w_await,0.59
1791047709,2026-10-04T01:15:08,io.nvme1n1.f/s,117.9
1791047709,2026-10-04T01:15:08,io.nvme1n1.aqu-sz,0.55
1791047709,2026-10-04T01:15:08,io.nvme1n1.%util,30.09
1791047719,2026-10-04T01:15:18,host.cpu_pct,12.71116210875247
1791047719,2026-10-04T01:15:18,host.run_cpu_pct,13.413189319225712
1791047719,2026-10-04T01:15:18,host.nonrun_cpu_pct,0.0
1791047719,2026-10-04T01:15:18,docker.dev-peer0.org2.example.com-saksi-bulletin_1.0-ee3fe73bad456e43adfc5ba27d9e5a60983b69e8496140308fb21061ecb2ff85.cpu_pct,0.0
1791047719,2026-10-04T01:15:18,docker.dev-peer0.org2.example.com-saksi-bulletin_1.0-ee3fe73bad456e43adfc5ba27d9e5a60983b69e8496140308fb21061ecb2ff85.mem_bytes,6946816.0
1791047719,2026-10-04T01:15:18,docker.dev-peer0.org2.example.com-saksi-bulletin_1.0-ee3fe73bad456e43adfc5ba27d9e5a60983b69e8496140308fb21061ecb2ff85.blk_read_bytes,0.0
1791047719,2026-10-04T01:15:18,docker.dev-peer0.org2.example.com-saksi-bulletin_1.0-ee3fe73bad456e43adfc5ba27d9e5a60983b69e8496140308fb21061ecb2ff85.blk_write_bytes,0.0
1791047719,2026-10-04T01:15:18,docker.dev-peer0.org1.example.com-saksi-bulletin_1.0-ee3fe73bad456e43adfc5ba27d9e5a60983b69e8496140308fb21061ecb2ff85.cpu_pct,0.0
1791047719,2026-10-04T01:15:18,docker.dev-peer0.org1.example.com-saksi-bulletin_1.0-ee3fe73bad456e43adfc5ba27d9e5a60983b69e8496140308fb21061ecb2ff85.mem_bytes,28479324.16
1791047719,2026-10-04T01:15:18,docker.dev-peer0.org1.example.com-saksi-bulletin_1.0-ee3fe73bad456e43adfc5ba27d9e5a60983b69e8496140308fb21061ecb2ff85.blk_read_bytes,0.0
1791047719,2026-10-04T01:15:18,docker.dev-peer0.org1.example.com-saksi-bulletin_1.0-ee3fe73bad456e43adfc5ba27d9e5a60983b69e8496140308fb21061ecb2ff85.blk_write_bytes,0.0
1791047719,2026-10-04T01:15:18,docker.peer0.org2.example.com.cpu_pct,0.65
1791047719,2026-10-04T01:15:18,docker.peer0.org2.example.com.mem_bytes,276719206.4
1791047719,2026-10-04T01:15:18,docker.peer0.org2.example.com.blk_read_bytes,0.0
1791047719,2026-10-04T01:15:18,docker.peer0.org2.example.com.blk_write_bytes,13900000000.0
1791047719,2026-10-04T01:15:18,docker.peer0.org1.example.com.cpu_pct,0.69
1791047719,2026-10-04T01:15:18,docker.peer0.org1.example.com.mem_bytes,349385523.2
1791047719,2026-10-04T01:15:18,docker.peer0.org1.example.com.blk_read_bytes,0.0
1791047719,2026-10-04T01:15:18,docker.peer0.org1.example.com.blk_write_bytes,13900000000.0
1791047719,2026-10-04T01:15:18,docker.orderer.example.com.cpu_pct,0.04
1791047719,2026-10-04T01:15:18,docker.orderer.example.com.mem_bytes,295069286.4
1791047719,2026-10-04T01:15:18,docker.orderer.example.com.blk_read_bytes,0.0
1791047719,2026-10-04T01:15:18,docker.orderer.example.com.blk_write_bytes,6880000000.0
1791047719,2026-10-04T01:15:18,host.MemTotal_kb,64932116
1791047719,2026-10-04T01:15:18,host.MemAvailable_kb,62767148
1791047719,2026-10-04T01:15:18,host.Cached_kb,16318036
1791047719,2026-10-04T01:15:18,host.SwapTotal_kb,0
1791047719,2026-10-04T01:15:18,host.SwapFree_kb,0
1791047719,2026-10-04T01:15:18,host.Dirty_kb,108896
1791047719,2026-10-04T01:15:18,host.load1,7.76
1791047719,2026-10-04T01:15:18,host.load5,6.67
1791047719,2026-10-04T01:15:18,host.root_free_bytes,926348419072
1791047719,2026-10-04T01:15:18,host.root_used_bytes,18624417792
1791047719,2026-10-04T01:15:18,io.md2.r/s,0.0
1791047719,2026-10-04T01:15:18,io.md2.rkB/s,0.0
1791047719,2026-10-04T01:15:18,io.md2.r_await,0.0
1791047719,2026-10-04T01:15:18,io.md2.w/s,83.4
1791047719,2026-10-04T01:15:18,io.md2.wkB/s,1621.6
1791047719,2026-10-04T01:15:18,io.md2.w_await,0.24
1791047719,2026-10-04T01:15:18,io.md2.f/s,0.0
1791047719,2026-10-04T01:15:18,io.md2.aqu-sz,0.02
1791047719,2026-10-04T01:15:18,io.md2.%util,6.57
1791047719,2026-10-04T01:15:18,io.nvme0n1.r/s,0.0
1791047719,2026-10-04T01:15:18,io.nvme0n1.rkB/s,0.0
1791047719,2026-10-04T01:15:18,io.nvme0n1.r_await,0.0
1791047719,2026-10-04T01:15:18,io.nvme0n1.w/s,34.2
1791047719,2026-10-04T01:15:18,io.nvme0n1.wkB/s,811.2
1791047719,2026-10-04T01:15:18,io.nvme0n1.w_await,0.39
1791047719,2026-10-04T01:15:18,io.nvme0n1.f/s,3.5
1791047719,2026-10-04T01:15:18,io.nvme0n1.aqu-sz,0.02
1791047719,2026-10-04T01:15:18,io.nvme0n1.%util,0.96
1791047719,2026-10-04T01:15:18,io.nvme1n1.r/s,0.0
1791047719,2026-10-04T01:15:18,io.nvme1n1.rkB/s,0.0
1791047719,2026-10-04T01:15:18,io.nvme1n1.r_await,0.0
1791047719,2026-10-04T01:15:18,io.nvme1n1.w/s,34.3
1791047719,2026-10-04T01:15:18,io.nvme1n1.wkB/s,810.4
1791047719,2026-10-04T01:15:18,io.nvme1n1.w_await,0.47
1791047719,2026-10-04T01:15:18,io.nvme1n1.f/s,3.5
1791047719,2026-10-04T01:15:18,io.nvme1n1.aqu-sz,0.02
1791047719,2026-10-04T01:15:18,io.nvme1n1.%util,1.16
1791047729,2026-10-04T01:15:28,host.cpu_pct,89.87310120647622
1791047729,2026-10-04T01:15:28,host.run_cpu_pct,89.4359182488472
1791047729,2026-10-04T01:15:28,host.nonrun_cpu_pct,0.4371829576290196
1791047729,2026-10-04T01:15:28,docker.dev-peer0.org2.example.com-saksi-bulletin_1.0-ee3fe73bad456e43adfc5ba27d9e5a60983b69e8496140308fb21061ecb2ff85.cpu_pct,0.0
1791047729,2026-10-04T01:15:28,docker.dev-peer0.org2.example.com-saksi-bulletin_1.0-ee3fe73bad456e43adfc5ba27d9e5a60983b69e8496140308fb21061ecb2ff85.mem_bytes,6946816.0
1791047729,2026-10-04T01:15:28,docker.dev-peer0.org2.example.com-saksi-bulletin_1.0-ee3fe73bad456e43adfc5ba27d9e5a60983b69e8496140308fb21061ecb2ff85.blk_read_bytes,0.0
1791047729,2026-10-04T01:15:28,docker.dev-peer0.org2.example.com-saksi-bulletin_1.0-ee3fe73bad456e43adfc5ba27d9e5a60983b69e8496140308fb21061ecb2ff85.blk_write_bytes,0.0
1791047729,2026-10-04T01:15:28,docker.dev-peer0.org1.example.com-saksi-bulletin_1.0-ee3fe73bad456e43adfc5ba27d9e5a60983b69e8496140308fb21061ecb2ff85.cpu_pct,0.0
1791047729,2026-10-04T01:15:28,docker.dev-peer0.org1.example.com-saksi-bulletin_1.0-ee3fe73bad456e43adfc5ba27d9e5a60983b69e8496140308fb21061ecb2ff85.mem_bytes,28479324.16
1791047729,2026-10-04T01:15:28,docker.dev-peer0.org1.example.com-saksi-bulletin_1.0-ee3fe73bad456e43adfc5ba27d9e5a60983b69e8496140308fb21061ecb2ff85.blk_read_bytes,0.0
1791047729,2026-10-04T01:15:28,docker.dev-peer0.org1.example.com-saksi-bulletin_1.0-ee3fe73bad456e43adfc5ba27d9e5a60983b69e8496140308fb21061ecb2ff85.blk_write_bytes,0.0
1791047729,2026-10-04T01:15:28,docker.peer0.org2.example.com.cpu_pct,0.41
1791047729,2026-10-04T01:15:28,docker.peer0.org2.example.com.mem_bytes,276719206.4
1791047729,2026-10-04T01:15:28,docker.peer0.org2.example.com.blk_read_bytes,0.0
1791047729,2026-10-04T01:15:28,docker.peer0.org2.example.com.blk_write_bytes,13900000000.0
1791047729,2026-10-04T01:15:28,docker.peer0.org1.example.com.cpu_pct,0.53
1791047729,2026-10-04T01:15:28,docker.peer0.org1.example.com.mem_bytes,349280665.6
1791047729,2026-10-04T01:15:28,docker.peer0.org1.example.com.blk_read_bytes,0.0
1791047729,2026-10-04T01:15:28,docker.peer0.org1.example.com.blk_write_bytes,13900000000.0
1791047729,2026-10-04T01:15:28,docker.orderer.example.com.cpu_pct,0.03
1791047729,2026-10-04T01:15:28,docker.orderer.example.com.mem_bytes,295069286.4
1791047729,2026-10-04T01:15:28,docker.orderer.example.com.blk_read_bytes,0.0
1791047729,2026-10-04T01:15:28,docker.orderer.example.com.blk_write_bytes,6880000000.0
1791047729,2026-10-04T01:15:28,host.MemTotal_kb,64932116
1791047729,2026-10-04T01:15:28,host.MemAvailable_kb,62794880
1791047729,2026-10-04T01:15:28,host.Cached_kb,16318084
1791047729,2026-10-04T01:15:28,host.SwapTotal_kb,0
1791047729,2026-10-04T01:15:28,host.SwapFree_kb,0
1791047729,2026-10-04T01:15:28,host.Dirty_kb,1420
1791047729,2026-10-04T01:15:28,host.load1,6.72
1791047729,2026-10-04T01:15:28,host.load5,6.48
1791047729,2026-10-04T01:15:28,host.root_free_bytes,926348365824
1791047729,2026-10-04T01:15:28,host.root_used_bytes,18624471040
1791047729,2026-10-04T01:15:28,io.md2.r/s,0.0
1791047729,2026-10-04T01:15:28,io.md2.rkB/s,0.0
1791047729,2026-10-04T01:15:28,io.md2.r_await,0.0
1791047729,2026-10-04T01:15:28,io.md2.w/s,79.5
1791047729,2026-10-04T01:15:28,io.md2.wkB/s,1190.0
1791047729,2026-10-04T01:15:28,io.md2.w_await,0.27
1791047729,2026-10-04T01:15:28,io.md2.f/s,0.0
1791047729,2026-10-04T01:15:28,io.md2.aqu-sz,0.02
1791047729,2026-10-04T01:15:28,io.md2.%util,1.66
1791047729,2026-10-04T01:15:28,io.nvme0n1.r/s,0.0
1791047729,2026-10-04T01:15:28,io.nvme0n1.rkB/s,0.0
1791047729,2026-10-04T01:15:28,io.nvme0n1.r_await,0.0
1791047729,2026-10-04T01:15:28,io.nvme0n1.w/s,34.8
1791047729,2026-10-04T01:15:28,io.nvme0n1.wkB/s,639.2
1791047729,2026-10-04T01:15:28,io.nvme0n1.w_await,0.43
1791047729,2026-10-04T01:15:28,io.nvme0n1.f/s,4.0
1791047729,2026-10-04T01:15:28,io.nvme0n1.aqu-sz,0.02
1791047729,2026-10-04T01:15:28,io.nvme0n1.%util,1.13
1791047729,2026-10-04T01:15:28,io.nvme1n1.r/s,0.0
1791047729,2026-10-04T01:15:28,io.nvme1n1.rkB/s,0.0
1791047729,2026-10-04T01:15:28,io.nvme1n1.r_await,0.0
1791047729,2026-10-04T01:15:28,io.nvme1n1.w/s,30.7
1791047729,2026-10-04T01:15:28,io.nvme1n1.wkB/s,550.8
1791047729,2026-10-04T01:15:28,io.nvme1n1.w_await,0.51
1791047729,2026-10-04T01:15:28,io.nvme1n1.f/s,4.0
1791047729,2026-10-04T01:15:28,io.nvme1n1.aqu-sz,0.02
1791047729,2026-10-04T01:15:28,io.nvme1n1.%util,1.23
1791047739,2026-10-04T01:15:38,host.cpu_pct,54.359809571535955
1791047739,2026-10-04T01:15:38,host.run_cpu_pct,53.985451354803715
1791047739,2026-10-04T01:15:38,host.nonrun_cpu_pct,0.3743582167322401
1791047739,2026-10-04T01:15:38,docker.dev-peer0.org2.example.com-saksi-bulletin_1.0-ee3fe73bad456e43adfc5ba27d9e5a60983b69e8496140308fb21061ecb2ff85.cpu_pct,0.0
1791047739,2026-10-04T01:15:38,docker.dev-peer0.org2.example.com-saksi-bulletin_1.0-ee3fe73bad456e43adfc5ba27d9e5a60983b69e8496140308fb21061ecb2ff85.mem_bytes,6946816.0
1791047739,2026-10-04T01:15:38,docker.dev-peer0.org2.example.com-saksi-bulletin_1.0-ee3fe73bad456e43adfc5ba27d9e5a60983b69e8496140308fb21061ecb2ff85.blk_read_bytes,0.0
1791047739,2026-10-04T01:15:38,docker.dev-peer0.org2.example.com-saksi-bulletin_1.0-ee3fe73bad456e43adfc5ba27d9e5a60983b69e8496140308fb21061ecb2ff85.blk_write_bytes,0.0
1791047739,2026-10-04T01:15:38,docker.dev-peer0.org1.example.com-saksi-bulletin_1.0-ee3fe73bad456e43adfc5ba27d9e5a60983b69e8496140308fb21061ecb2ff85.cpu_pct,0.0
1791047739,2026-10-04T01:15:38,docker.dev-peer0.org1.example.com-saksi-bulletin_1.0-ee3fe73bad456e43adfc5ba27d9e5a60983b69e8496140308fb21061ecb2ff85.mem_bytes,28584181.76
1791047739,2026-10-04T01:15:38,docker.dev-peer0.org1.example.com-saksi-bulletin_1.0-ee3fe73bad456e43adfc5ba27d9e5a60983b69e8496140308fb21061ecb2ff85.blk_read_bytes,0.0
1791047739,2026-10-04T01:15:38,docker.dev-peer0.org1.example.com-saksi-bulletin_1.0-ee3fe73bad456e43adfc5ba27d9e5a60983b69e8496140308fb21061ecb2ff85.blk_write_bytes,0.0
1791047739,2026-10-04T01:15:38,docker.peer0.org2.example.com.cpu_pct,2.17
1791047739,2026-10-04T01:15:38,docker.peer0.org2.example.com.mem_bytes,276719206.4
1791047739,2026-10-04T01:15:38,docker.peer0.org2.example.com.blk_read_bytes,0.0
1791047739,2026-10-04T01:15:38,docker.peer0.org2.example.com.blk_write_bytes,13900000000.0
1791047739,2026-10-04T01:15:38,docker.peer0.org1.example.com.cpu_pct,2.27
1791047739,2026-10-04T01:15:38,docker.peer0.org1.example.com.mem_bytes,349385523.2
1791047739,2026-10-04T01:15:38,docker.peer0.org1.example.com.blk_read_bytes,0.0
1791047739,2026-10-04T01:15:38,docker.peer0.org1.example.com.blk_write_bytes,13900000000.0
1791047739,2026-10-04T01:15:38,docker.orderer.example.com.cpu_pct,0.1
1791047739,2026-10-04T01:15:38,docker.orderer.example.com.mem_bytes,295174144.0
1791047739,2026-10-04T01:15:38,docker.orderer.example.com.blk_read_bytes,0.0
1791047739,2026-10-04T01:15:38,docker.orderer.example.com.blk_write_bytes,6880000000.0
1791047739,2026-10-04T01:15:38,host.MemTotal_kb,64932116
1791047739,2026-10-04T01:15:38,host.MemAvailable_kb,62818348
1791047739,2026-10-04T01:15:38,host.Cached_kb,16555508
1791047739,2026-10-04T01:15:38,host.SwapTotal_kb,0
1791047739,2026-10-04T01:15:38,host.SwapFree_kb,0
1791047739,2026-10-04T01:15:38,host.Dirty_kb,238600
1791047739,2026-10-04T01:15:38,host.load1,6.86
1791047739,2026-10-04T01:15:38,host.load5,6.53
1791047739,2026-10-04T01:15:38,host.root_free_bytes,926105247744
1791047739,2026-10-04T01:15:38,host.root_used_bytes,18867589120
1791047739,2026-10-04T01:15:38,io.md2.r/s,0.0
1791047739,2026-10-04T01:15:38,io.md2.rkB/s,0.0
1791047739,2026-10-04T01:15:38,io.md2.r_await,0.0
1791047739,2026-10-04T01:15:38,io.md2.w/s,140.3
1791047739,2026-10-04T01:15:38,io.md2.wkB/s,10932.0
1791047739,2026-10-04T01:15:38,io.md2.w_await,0.13
1791047739,2026-10-04T01:15:38,io.md2.f/s,0.0
1791047739,2026-10-04T01:15:38,io.md2.aqu-sz,0.02
1791047739,2026-10-04T01:15:38,io.md2.%util,0.75
1791047739,2026-10-04T01:15:38,io.nvme0n1.r/s,0.0
1791047739,2026-10-04T01:15:38,io.nvme0n1.rkB/s,0.0
1791047739,2026-10-04T01:15:38,io.nvme0n1.r_await,0.0
1791047739,2026-10-04T01:15:38,io.nvme0n1.w/s,68.0
1791047739,2026-10-04T01:15:38,io.nvme0n1.wkB/s,5487.6
1791047739,2026-10-04T01:15:38,io.nvme0n1.w_await,0.17
1791047739,2026-10-04T01:15:38,io.nvme0n1.f/s,0.2
1791047739,2026-10-04T01:15:38,io.nvme0n1.aqu-sz,0.01
1791047739,2026-10-04T01:15:38,io.nvme0n1.%util,0.16
1791047739,2026-10-04T01:15:38,io.nvme1n1.r/s,0.0
1791047739,2026-10-04T01:15:38,io.nvme1n1.rkB/s,0.0
1791047739,2026-10-04T01:15:38,io.nvme1n1.r_await,0.0
1791047739,2026-10-04T01:15:38,io.nvme1n1.w/s,65.4
1791047739,2026-10-04T01:15:38,io.nvme1n1.wkB/s,5444.4
1791047739,2026-10-04T01:15:38,io.nvme1n1.w_await,0.13
1791047739,2026-10-04T01:15:38,io.nvme1n1.f/s,0.2
1791047739,2026-10-04T01:15:38,io.nvme1n1.aqu-sz,0.01
1791047739,2026-10-04T01:15:38,io.nvme1n1.%util,0.17
1791047749,2026-10-04T01:15:48,host.cpu_pct,35.22264631043257
1791047749,2026-10-04T01:15:48,host.run_cpu_pct,35.036657372872476
1791047749,2026-10-04T01:15:48,host.nonrun_cpu_pct,0.18598893756009716
1791047749,2026-10-04T01:15:48,docker.dev-peer0.org2.example.com-saksi-bulletin_1.0-ee3fe73bad456e43adfc5ba27d9e5a60983b69e8496140308fb21061ecb2ff85.cpu_pct,0.0
1791047749,2026-10-04T01:15:48,docker.dev-peer0.org2.example.com-saksi-bulletin_1.0-ee3fe73bad456e43adfc5ba27d9e5a60983b69e8496140308fb21061ecb2ff85.mem_bytes,6946816.0
1791047749,2026-10-04T01:15:48,docker.dev-peer0.org2.example.com-saksi-bulletin_1.0-ee3fe73bad456e43adfc5ba27d9e5a60983b69e8496140308fb21061ecb2ff85.blk_read_bytes,0.0
1791047749,2026-10-04T01:15:48,docker.dev-peer0.org2.example.com-saksi-bulletin_1.0-ee3fe73bad456e43adfc5ba27d9e5a60983b69e8496140308fb21061ecb2ff85.blk_write_bytes,0.0
1791047749,2026-10-04T01:15:48,docker.dev-peer0.org1.example.com-saksi-bulletin_1.0-ee3fe73bad456e43adfc5ba27d9e5a60983b69e8496140308fb21061ecb2ff85.cpu_pct,350.56
1791047749,2026-10-04T01:15:48,docker.dev-peer0.org1.example.com-saksi-bulletin_1.0-ee3fe73bad456e43adfc5ba27d9e5a60983b69e8496140308fb21061ecb2ff85.mem_bytes,20363345.92
1791047749,2026-10-04T01:15:48,docker.dev-peer0.org1.example.com-saksi-bulletin_1.0-ee3fe73bad456e43adfc5ba27d9e5a60983b69e8496140308fb21061ecb2ff85.blk_read_bytes,0.0
1791047749,2026-10-04T01:15:48,docker.dev-peer0.org1.example.com-saksi-bulletin_1.0-ee3fe73bad456e43adfc5ba27d9e5a60983b69e8496140308fb21061ecb2ff85.blk_write_bytes,0.0
1791047749,2026-10-04T01:15:48,docker.peer0.org2.example.com.cpu_pct,68.32
1791047749,2026-10-04T01:15:48,docker.peer0.org2.example.com.mem_bytes,277977497.6
1791047749,2026-10-04T01:15:48,docker.peer0.org2.example.com.blk_read_bytes,0.0
1791047749,2026-10-04T01:15:48,docker.peer0.org2.example.com.blk_write_bytes,14400000000.0
1791047749,2026-10-04T01:15:48,docker.peer0.org1.example.com.cpu_pct,198.85
1791047749,2026-10-04T01:15:48,docker.peer0.org1.example.com.mem_bytes,293181849.6
1791047749,2026-10-04T01:15:48,docker.peer0.org1.example.com.blk_read_bytes,0.0
1791047749,2026-10-04T01:15:48,docker.peer0.org1.example.com.blk_write_bytes,14400000000.0
1791047749,2026-10-04T01:15:48,docker.orderer.example.com.cpu_pct,51.4
1791047749,2026-10-04T01:15:48,docker.orderer.example.com.mem_bytes,443023360.0
1791047749,2026-10-04T01:15:48,docker.orderer.example.com.blk_read_bytes,0.0
1791047749,2026-10-04T01:15:48,docker.orderer.example.com.blk_write_bytes,7170000000.0
1791047749,2026-10-04T01:15:48,host.MemTotal_kb,64932116
1791047749,2026-10-04T01:15:48,host.MemAvailable_kb,62757784
1791047749,2026-10-04T01:15:48,host.Cached_kb,16885312
1791047749,2026-10-04T01:15:48,host.SwapTotal_kb,0
1791047749,2026-10-04T01:15:48,host.SwapFree_kb,0
1791047749,2026-10-04T01:15:48,host.Dirty_kb,226600
1791047749,2026-10-04T01:15:48,host.load1,8.43
1791047749,2026-10-04T01:15:48,host.load5,6.86
1791047749,2026-10-04T01:15:48,host.root_free_bytes,925774249984
1791047749,2026-10-04T01:15:48,host.root_used_bytes,19198586880
1791047749,2026-10-04T01:15:48,io.md2.r/s,0.0
1791047749,2026-10-04T01:15:48,io.md2.rkB/s,0.0
1791047749,2026-10-04T01:15:48,io.md2.r_await,0.0
1791047749,2026-10-04T01:15:48,io.md2.w/s,57.9
1791047749,2026-10-04T01:15:48,io.md2.wkB/s,256.8
1791047749,2026-10-04T01:15:48,io.md2.w_await,0.29
1791047749,2026-10-04T01:15:48,io.md2.f/s,0.0
1791047749,2026-10-04T01:15:48,io.md2.aqu-sz,0.02
1791047749,2026-10-04T01:15:48,io.md2.%util,1.26
1791047749,2026-10-04T01:15:48,io.nvme0n1.r/s,0.0
1791047749,2026-10-04T01:15:48,io.nvme0n1.rkB/s,0.0
1791047749,2026-10-04T01:15:48,io.nvme0n1.r_await,0.0
1791047749,2026-10-04T01:15:48,io.nvme0n1.w/s,25.8
1791047749,2026-10-04T01:15:48,io.nvme0n1.wkB/s,118.4
1791047749,2026-10-04T01:15:48,io.nvme0n1.w_await,0.38
1791047749,2026-10-04T01:15:48,io.nvme0n1.f/s,2.6
1791047749,2026-10-04T01:15:48,io.nvme0n1.aqu-sz,0.01
1791047749,2026-10-04T01:15:48,io.nvme0n1.%util,0.76
1791047749,2026-10-04T01:15:48,io.nvme1n1.r/s,0.0
1791047749,2026-10-04T01:15:48,io.nvme1n1.rkB/s,0.0
1791047749,2026-10-04T01:15:48,io.nvme1n1.r_await,0.0
1791047749,2026-10-04T01:15:48,io.nvme1n1.w/s,24.8
1791047749,2026-10-04T01:15:48,io.nvme1n1.wkB/s,138.4
1791047749,2026-10-04T01:15:48,io.nvme1n1.w_await,0.45
1791047749,2026-10-04T01:15:48,io.nvme1n1.f/s,2.6
1791047749,2026-10-04T01:15:48,io.nvme1n1.aqu-sz,0.01
1791047749,2026-10-04T01:15:48,io.nvme1n1.%util,0.84
1791047759,2026-10-04T01:15:58,host.cpu_pct,45.89001724468289
1791047759,2026-10-04T01:15:58,host.run_cpu_pct,45.46467321178677
1791047759,2026-10-04T01:15:58,host.nonrun_cpu_pct,0.42534403289612044
1791047759,2026-10-04T01:15:58,docker.dev-peer0.org2.example.com-saksi-bulletin_1.0-ee3fe73bad456e43adfc5ba27d9e5a60983b69e8496140308fb21061ecb2ff85.cpu_pct,0.0
1791047759,2026-10-04T01:15:58,docker.dev-peer0.org2.example.com-saksi-bulletin_1.0-ee3fe73bad456e43adfc5ba27d9e5a60983b69e8496140308fb21061ecb2ff85.mem_bytes,6946816.0
1791047759,2026-10-04T01:15:58,docker.dev-peer0.org2.example.com-saksi-bulletin_1.0-ee3fe73bad456e43adfc5ba27d9e5a60983b69e8496140308fb21061ecb2ff85.blk_read_bytes,0.0
1791047759,2026-10-04T01:15:58,docker.dev-peer0.org2.example.com-saksi-bulletin_1.0-ee3fe73bad456e43adfc5ba27d9e5a60983b69e8496140308fb21061ecb2ff85.blk_write_bytes,0.0
1791047759,2026-10-04T01:15:58,docker.dev-peer0.org1.example.com-saksi-bulletin_1.0-ee3fe73bad456e43adfc5ba27d9e5a60983b69e8496140308fb21061ecb2ff85.cpu_pct,365.61
1791047759,2026-10-04T01:15:58,docker.dev-peer0.org1.example.com-saksi-bulletin_1.0-ee3fe73bad456e43adfc5ba27d9e5a60983b69e8496140308fb21061ecb2ff85.mem_bytes,21118320.64
1791047759,2026-10-04T01:15:58,docker.dev-peer0.org1.example.com-saksi-bulletin_1.0-ee3fe73bad456e43adfc5ba27d9e5a60983b69e8496140308fb21061ecb2ff85.blk_read_bytes,0.0
1791047759,2026-10-04T01:15:58,docker.dev-peer0.org1.example.com-saksi-bulletin_1.0-ee3fe73bad456e43adfc5ba27d9e5a60983b69e8496140308fb21061ecb2ff85.blk_write_bytes,0.0
1791047759,2026-10-04T01:15:58,docker.peer0.org2.example.com.cpu_pct,57.14
1791047759,2026-10-04T01:15:58,docker.peer0.org2.example.com.mem_bytes,292657561.6
1791047759,2026-10-04T01:15:58,docker.peer0.org2.example.com.blk_read_bytes,0.0
1791047759,2026-10-04T01:15:58,docker.peer0.org2.example.com.blk_write_bytes,15000000000.0
1791047759,2026-10-04T01:15:58,docker.peer0.org1.example.com.cpu_pct,195.75
1791047759,2026-10-04T01:15:58,docker.peer0.org1.example.com.mem_bytes,306184192.0
1791047759,2026-10-04T01:15:58,docker.peer0.org1.example.com.blk_read_bytes,0.0
1791047759,2026-10-04T01:15:58,docker.peer0.org1.example.com.blk_write_bytes,15000000000.0
1791047759,2026-10-04T01:15:58,docker.orderer.example.com.cpu_pct,51.93
1791047759,2026-10-04T01:15:58,docker.orderer.example.com.mem_bytes,595276595.2
1791047759,2026-10-04T01:15:58,docker.orderer.example.com.blk_read_bytes,0.0
1791047759,2026-10-04T01:15:58,docker.orderer.example.com.blk_write_bytes,7490000000.0
1791047759,2026-10-04T01:15:58,host.MemTotal_kb,64932116
1791047759,2026-10-04T01:15:58,host.MemAvailable_kb,62589872
1791047759,2026-10-04T01:15:58,host.Cached_kb,17276676
1791047759,2026-10-04T01:15:58,host.SwapTotal_kb,0
1791047759,2026-10-04T01:15:58,host.SwapFree_kb,0
1791047759,2026-10-04T01:15:58,host.Dirty_kb,6200
1791047759,2026-10-04T01:15:58,host.load1,7.74
1791047759,2026-10-04T01:15:58,host.load5,6.77
1791047759,2026-10-04T01:15:58,host.root_free_bytes,925388042240
1791047759,2026-10-04T01:15:58,host.root_used_bytes,19584794624
1791047759,2026-10-04T01:15:58,io.md2.r/s,0.0
1791047759,2026-10-04T01:15:58,io.md2.rkB/s,0.0
1791047759,2026-10-04T01:15:58,io.md2.r_await,0.0
1791047759,2026-10-04T01:15:58,io.md2.w/s,1883.6
1791047759,2026-10-04T01:15:58,io.md2.wkB/s,63039.6
1791047759,2026-10-04T01:15:58,io.md2.w_await,0.33
1791047759,2026-10-04T01:15:58,io.md2.f/s,0.0
1791047759,2026-10-04T01:15:58,io.md2.aqu-sz,0.62
1791047759,2026-10-04T01:15:58,io.md2.%util,52.27
1791047759,2026-10-04T01:15:58,io.nvme0n1.r/s,0.0
1791047759,2026-10-04T01:15:58,io.nvme0n1.rkB/s,0.0
1791047759,2026-10-04T01:15:58,io.nvme0n1.r_await,0.0
1791047759,2026-10-04T01:15:58,io.nvme0n1.w/s,606.2
1791047759,2026-10-04T01:15:58,io.nvme0n1.wkB/s,31066.4
1791047759,2026-10-04T01:15:58,io.nvme0n1.w_await,0.72
1791047759,2026-10-04T01:15:58,io.nvme0n1.f/s,134.0
1791047759,2026-10-04T01:15:58,io.nvme0n1.aqu-sz,0.58
1791047759,2026-10-04T01:15:58,io.nvme0n1.%util,35.38
1791047759,2026-10-04T01:15:58,io.nvme1n1.r/s,0.0
1791047759,2026-10-04T01:15:58,io.nvme1n1.rkB/s,0.0
1791047759,2026-10-04T01:15:58,io.nvme1n1.r_await,0.0
1791047759,2026-10-04T01:15:58,io.nvme1n1.w/s,650.3
1791047759,2026-10-04T01:15:58,io.nvme1n1.wkB/s,31973.2
1791047759,2026-10-04T01:15:58,io.nvme1n1.w_await,0.68
1791047759,2026-10-04T01:15:58,io.nvme1n1.f/s,134.0
1791047759,2026-10-04T01:15:58,io.nvme1n1.aqu-sz,0.59
1791047759,2026-10-04T01:15:58,io.nvme1n1.%util,34.32
1791047769,2026-10-04T01:16:08,host.cpu_pct,46.02345144022432
1791047769,2026-10-04T01:16:08,host.run_cpu_pct,45.52255095002367
1791047769,2026-10-04T01:16:08,host.nonrun_cpu_pct,0.5009004902006495
1791047769,2026-10-04T01:16:08,docker.dev-peer0.org2.example.com-saksi-bulletin_1.0-ee3fe73bad456e43adfc5ba27d9e5a60983b69e8496140308fb21061ecb2ff85.cpu_pct,0.0
1791047769,2026-10-04T01:16:08,docker.dev-peer0.org2.example.com-saksi-bulletin_1.0-ee3fe73bad456e43adfc5ba27d9e5a60983b69e8496140308fb21061ecb2ff85.mem_bytes,6946816.0
1791047769,2026-10-04T01:16:08,docker.dev-peer0.org2.example.com-saksi-bulletin_1.0-ee3fe73bad456e43adfc5ba27d9e5a60983b69e8496140308fb21061ecb2ff85.blk_read_bytes,0.0
1791047769,2026-10-04T01:16:08,docker.dev-peer0.org2.example.com-saksi-bulletin_1.0-ee3fe73bad456e43adfc5ba27d9e5a60983b69e8496140308fb21061ecb2ff85.blk_write_bytes,0.0
1791047769,2026-10-04T01:16:08,docker.dev-peer0.org1.example.com-saksi-bulletin_1.0-ee3fe73bad456e43adfc5ba27d9e5a60983b69e8496140308fb21061ecb2ff85.cpu_pct,364.2
1791047769,2026-10-04T01:16:08,docker.dev-peer0.org1.example.com-saksi-bulletin_1.0-ee3fe73bad456e43adfc5ba27d9e5a60983b69e8496140308fb21061ecb2ff85.mem_bytes,21170749.44
1791047769,2026-10-04T01:16:08,docker.dev-peer0.org1.example.com-saksi-bulletin_1.0-ee3fe73bad456e43adfc5ba27d9e5a60983b69e8496140308fb21061ecb2ff85.blk_read_bytes,0.0
1791047769,2026-10-04T01:16:08,docker.dev-peer0.org1.example.com-saksi-bulletin_1.0-ee3fe73bad456e43adfc5ba27d9e5a60983b69e8496140308fb21061ecb2ff85.blk_write_bytes,0.0
1791047769,2026-10-04T01:16:08,docker.peer0.org2.example.com.cpu_pct,80.51
1791047769,2026-10-04T01:16:08,docker.peer0.org2.example.com.mem_bytes,278921216.0
1791047769,2026-10-04T01:16:08,docker.peer0.org2.example.com.blk_read_bytes,0.0
1791047769,2026-10-04T01:16:08,docker.peer0.org2.example.com.blk_write_bytes,15800000000.0
1791047769,2026-10-04T01:16:08,docker.peer0.org1.example.com.cpu_pct,210.78
1791047769,2026-10-04T01:16:08,docker.peer0.org1.example.com.mem_bytes,292028416.0
1791047769,2026-10-04T01:16:08,docker.peer0.org1.example.com.blk_read_bytes,0.0
1791047769,2026-10-04T01:16:08,docker.peer0.org1.example.com.blk_write_bytes,15800000000.0
1791047769,2026-10-04T01:16:08,docker.orderer.example.com.cpu_pct,54.99
1791047769,2026-10-04T01:16:08,docker.orderer.example.com.mem_bytes,216321228.8
1791047769,2026-10-04T01:16:08,docker.orderer.example.com.blk_read_bytes,0.0
1791047769,2026-10-04T01:16:08,docker.orderer.example.com.blk_write_bytes,7810000000.0
1791047769,2026-10-04T01:16:08,host.MemTotal_kb,64932116
1791047769,2026-10-04T01:16:08,host.MemAvailable_kb,63001060
1791047769,2026-10-04T01:16:08,host.Cached_kb,17372948
1791047769,2026-10-04T01:16:08,host.SwapTotal_kb,0
1791047769,2026-10-04T01:16:08,host.SwapFree_kb,0
1791047769,2026-10-04T01:16:08,host.Dirty_kb,26544
1791047769,2026-10-04T01:16:08,host.load1,10.79
1791047769,2026-10-04T01:16:08,host.load5,7.45
1791047769,2026-10-04T01:16:08,host.root_free_bytes,925303939072
1791047769,2026-10-04T01:16:08,host.root_used_bytes,19668897792
1791047769,2026-10-04T01:16:08,io.md2.r/s,0.0
1791047769,2026-10-04T01:16:08,io.md2.rkB/s,0.0
1791047769,2026-10-04T01:16:08,io.md2.r_await,0.0
1791047769,2026-10-04T01:16:08,io.md2.w/s,2673.6
1791047769,2026-10-04T01:16:08,io.md2.wkB/s,107826.8
1791047769,2026-10-04T01:16:08,io.md2.w_await,0.31
1791047769,2026-10-04T01:16:08,io.md2.f/s,0.0
1791047769,2026-10-04T01:16:08,io.md2.aqu-sz,0.84
1791047769,2026-10-04T01:16:08,io.md2.%util,67.97
1791047769,2026-10-04T01:16:08,io.nvme0n1.r/s,0.0
1791047769,2026-10-04T01:16:08,io.nvme0n1.rkB/s,0.0
1791047769,2026-10-04T01:16:08,io.nvme0n1.r_await,0.0
1791047769,2026-10-04T01:16:08,io.nvme0n1.w/s,880.2
1791047769,2026-10-04T01:16:08,io.nvme0n1.wkB/s,53371.2
1791047769,2026-10-04T01:16:08,io.nvme0n1.w_await,0.68
1791047769,2026-10-04T01:16:08,io.nvme0n1.f/s,173.4
1791047769,2026-10-04T01:16:08,io.nvme0n1.aqu-sz,0.79
1791047769,2026-10-04T01:16:08,io.nvme0n1.%util,46.56
1791047769,2026-10-04T01:16:08,io.nvme1n1.r/s,0.0
1791047769,2026-10-04T01:16:08,io.nvme1n1.rkB/s,0.0
1791047769,2026-10-04T01:16:08,io.nvme1n1.r_await,0.0
1791047769,2026-10-04T01:16:08,io.nvme1n1.w/s,938.8
1791047769,2026-10-04T01:16:08,io.nvme1n1.wkB/s,54455.6
1791047769,2026-10-04T01:16:08,io.nvme1n1.w_await,0.63
1791047769,2026-10-04T01:16:08,io.nvme1n1.f/s,173.4
1791047769,2026-10-04T01:16:08,io.nvme1n1.aqu-sz,0.78
1791047769,2026-10-04T01:16:08,io.nvme1n1.%util,44.15
1791047779,2026-10-04T01:16:18,host.cpu_pct,41.30878042564037
1791047779,2026-10-04T01:16:18,host.run_cpu_pct,40.9685208987545
1791047779,2026-10-04T01:16:18,host.nonrun_cpu_pct,0.34025952688587324
1791047779,2026-10-04T01:16:18,docker.dev-peer0.org2.example.com-saksi-bulletin_1.0-ee3fe73bad456e43adfc5ba27d9e5a60983b69e8496140308fb21061ecb2ff85.cpu_pct,0.0
1791047779,2026-10-04T01:16:18,docker.dev-peer0.org2.example.com-saksi-bulletin_1.0-ee3fe73bad456e43adfc5ba27d9e5a60983b69e8496140308fb21061ecb2ff85.mem_bytes,6946816.0
1791047779,2026-10-04T01:16:18,docker.dev-peer0.org2.example.com-saksi-bulletin_1.0-ee3fe73bad456e43adfc5ba27d9e5a60983b69e8496140308fb21061ecb2ff85.blk_read_bytes,0.0
1791047779,2026-10-04T01:16:18,docker.dev-peer0.org2.example.com-saksi-bulletin_1.0-ee3fe73bad456e43adfc5ba27d9e5a60983b69e8496140308fb21061ecb2ff85.blk_write_bytes,0.0
1791047779,2026-10-04T01:16:18,docker.dev-peer0.org1.example.com-saksi-bulletin_1.0-ee3fe73bad456e43adfc5ba27d9e5a60983b69e8496140308fb21061ecb2ff85.cpu_pct,0.0
1791047779,2026-10-04T01:16:18,docker.dev-peer0.org1.example.com-saksi-bulletin_1.0-ee3fe73bad456e43adfc5ba27d9e5a60983b69e8496140308fb21061ecb2ff85.mem_bytes,16682844.16
1791047779,2026-10-04T01:16:18,docker.dev-peer0.org1.example.com-saksi-bulletin_1.0-ee3fe73bad456e43adfc5ba27d9e5a60983b69e8496140308fb21061ecb2ff85.blk_read_bytes,0.0
1791047779,2026-10-04T01:16:18,docker.dev-peer0.org1.example.com-saksi-bulletin_1.0-ee3fe73bad456e43adfc5ba27d9e5a60983b69e8496140308fb21061ecb2ff85.blk_write_bytes,0.0
1791047779,2026-10-04T01:16:18,docker.peer0.org2.example.com.cpu_pct,0.66
1791047779,2026-10-04T01:16:18,docker.peer0.org2.example.com.mem_bytes,291608985.6
1791047779,2026-10-04T01:16:18,docker.peer0.org2.example.com.blk_read_bytes,0.0
1791047779,2026-10-04T01:16:18,docker.peer0.org2.example.com.blk_write_bytes,16399999999.999998
1791047779,2026-10-04T01:16:18,docker.peer0.org1.example.com.cpu_pct,34.74
1791047779,2026-10-04T01:16:18,docker.peer0.org1.example.com.mem_bytes,314258227.2
1791047779,2026-10-04T01:16:18,docker.peer0.org1.example.com.blk_read_bytes,0.0
1791047779,2026-10-04T01:16:18,docker.peer0.org1.example.com.blk_write_bytes,16399999999.999998
1791047779,2026-10-04T01:16:18,docker.orderer.example.com.cpu_pct,0.03
1791047779,2026-10-04T01:16:18,docker.orderer.example.com.mem_bytes,327994572.8
1791047779,2026-10-04T01:16:18,docker.orderer.example.com.blk_read_bytes,0.0
1791047779,2026-10-04T01:16:18,docker.orderer.example.com.blk_write_bytes,8029999999.999999
1791047779,2026-10-04T01:16:18,host.MemTotal_kb,64932116
1791047779,2026-10-04T01:16:18,host.MemAvailable_kb,62840792
1791047779,2026-10-04T01:16:18,host.Cached_kb,17632600
1791047779,2026-10-04T01:16:18,host.SwapTotal_kb,0
1791047779,2026-10-04T01:16:18,host.SwapFree_kb,0
1791047779,2026-10-04T01:16:18,host.Dirty_kb,15764
1791047779,2026-10-04T01:16:18,host.load1,10.39
1791047779,2026-10-04T01:16:18,host.load5,7.48
1791047779,2026-10-04T01:16:18,host.root_free_bytes,925026873344
1791047779,2026-10-04T01:16:18,host.root_used_bytes,19945963520
1791047779,2026-10-04T01:16:18,io.md2.r/s,0.0
1791047779,2026-10-04T01:16:18,io.md2.rkB/s,0.0
1791047779,2026-10-04T01:16:18,io.md2.r_await,0.0
1791047779,2026-10-04T01:16:18,io.md2.w/s,2517.6
1791047779,2026-10-04T01:16:18,io.md2.wkB/s,89102.8
1791047779,2026-10-04T01:16:18,io.md2.w_await,0.32
1791047779,2026-10-04T01:16:18,io.md2.f/s,0.0
1791047779,2026-10-04T01:16:18,io.md2.aqu-sz,0.8
1791047779,2026-10-04T01:16:18,io.md2.%util,67.51
1791047779,2026-10-04T01:16:18,io.nvme0n1.r/s,0.0
1791047779,2026-10-04T01:16:18,io.nvme0n1.rkB/s,0.0
1791047779,2026-10-04T01:16:18,io.nvme0n1.r_await,0.0
1791047779,2026-10-04T01:16:18,io.nvme0n1.w/s,799.5
1791047779,2026-10-04T01:16:18,io.nvme0n1.wkB/s,44050.4
1791047779,2026-10-04T01:16:18,io.nvme0n1.w_await,0.69
1791047779,2026-10-04T01:16:18,io.nvme0n1.f/s,173.7
1791047779,2026-10-04T01:16:18,io.nvme0n1.aqu-sz,0.74
1791047779,2026-10-04T01:16:18,io.nvme0n1.%util,44.01
1791047779,2026-10-04T01:16:18,io.nvme1n1.r/s,0.0
1791047779,2026-10-04T01:16:18,io.nvme1n1.rkB/s,0.0
1791047779,2026-10-04T01:16:18,io.nvme1n1.r_await,0.0
1791047779,2026-10-04T01:16:18,io.nvme1n1.w/s,885.0
1791047779,2026-10-04T01:16:18,io.nvme1n1.wkB/s,45052.4
1791047779,2026-10-04T01:16:18,io.nvme1n1.w_await,0.67
1791047779,2026-10-04T01:16:18,io.nvme1n1.f/s,173.8
1791047779,2026-10-04T01:16:18,io.nvme1n1.aqu-sz,0.79
1791047779,2026-10-04T01:16:18,io.nvme1n1.%util,45.94
1791047789,2026-10-04T01:16:28,host.cpu_pct,6.533392192722457
1791047789,2026-10-04T01:16:28,host.run_cpu_pct,6.751695695787949
1791047789,2026-10-04T01:16:28,host.nonrun_cpu_pct,0.0
1791047789,2026-10-04T01:16:28,docker.dev-peer0.org2.example.com-saksi-bulletin_1.0-ee3fe73bad456e43adfc5ba27d9e5a60983b69e8496140308fb21061ecb2ff85.cpu_pct,0.0
1791047789,2026-10-04T01:16:28,docker.dev-peer0.org2.example.com-saksi-bulletin_1.0-ee3fe73bad456e43adfc5ba27d9e5a60983b69e8496140308fb21061ecb2ff85.mem_bytes,6946816.0
1791047789,2026-10-04T01:16:28,docker.dev-peer0.org2.example.com-saksi-bulletin_1.0-ee3fe73bad456e43adfc5ba27d9e5a60983b69e8496140308fb21061ecb2ff85.blk_read_bytes,0.0
1791047789,2026-10-04T01:16:28,docker.dev-peer0.org2.example.com-saksi-bulletin_1.0-ee3fe73bad456e43adfc5ba27d9e5a60983b69e8496140308fb21061ecb2ff85.blk_write_bytes,0.0
1791047789,2026-10-04T01:16:28,docker.dev-peer0.org1.example.com-saksi-bulletin_1.0-ee3fe73bad456e43adfc5ba27d9e5a60983b69e8496140308fb21061ecb2ff85.cpu_pct,0.47
1791047789,2026-10-04T01:16:28,docker.dev-peer0.org1.example.com-saksi-bulletin_1.0-ee3fe73bad456e43adfc5ba27d9e5a60983b69e8496140308fb21061ecb2ff85.mem_bytes,15435038.72
1791047789,2026-10-04T01:16:28,docker.dev-peer0.org1.example.com-saksi-bulletin_1.0-ee3fe73bad456e43adfc5ba27d9e5a60983b69e8496140308fb21061ecb2ff85.blk_read_bytes,0.0
1791047789,2026-10-04T01:16:28,docker.dev-peer0.org1.example.com-saksi-bulletin_1.0-ee3fe73bad456e43adfc5ba27d9e5a60983b69e8496140308fb21061ecb2ff85.blk_write_bytes,0.0
1791047789,2026-10-04T01:16:28,docker.peer0.org2.example.com.cpu_pct,1.76
1791047789,2026-10-04T01:16:28,docker.peer0.org2.example.com.mem_bytes,291608985.6
1791047789,2026-10-04T01:16:28,docker.peer0.org2.example.com.blk_read_bytes,0.0
1791047789,2026-10-04T01:16:28,docker.peer0.org2.example.com.blk_write_bytes,16399999999.999998
1791047789,2026-10-04T01:16:28,docker.peer0.org1.example.com.cpu_pct,6.59
1791047789,2026-10-04T01:16:28,docker.peer0.org1.example.com.mem_bytes,324848844.8
1791047789,2026-10-04T01:16:28,docker.peer0.org1.example.com.blk_read_bytes,0.0
1791047789,2026-10-04T01:16:28,docker.peer0.org1.example.com.blk_write_bytes,16399999999.999998
1791047789,2026-10-04T01:16:28,docker.orderer.example.com.cpu_pct,0.81
1791047789,2026-10-04T01:16:28,docker.orderer.example.com.mem_bytes,327994572.8
1791047789,2026-10-04T01:16:28,docker.orderer.example.com.blk_read_bytes,0.0
1791047789,2026-10-04T01:16:28,docker.orderer.example.com.blk_write_bytes,8029999999.999999
1791047789,2026-10-04T01:16:28,host.MemTotal_kb,64932116
1791047789,2026-10-04T01:16:28,host.MemAvailable_kb,62846364
1791047789,2026-10-04T01:16:28,host.Cached_kb,17636456
1791047789,2026-10-04T01:16:28,host.SwapTotal_kb,0
1791047789,2026-10-04T01:16:28,host.SwapFree_kb,0
1791047789,2026-10-04T01:16:28,host.Dirty_kb,9752
1791047789,2026-10-04T01:16:28,host.load1,8.79
1791047789,2026-10-04T01:16:28,host.load5,7.24
1791047789,2026-10-04T01:16:28,host.root_free_bytes,925023137792
1791047789,2026-10-04T01:16:28,host.root_used_bytes,19949699072
1791047789,2026-10-04T01:16:28,io.md2.r/s,0.0
1791047789,2026-10-04T01:16:28,io.md2.rkB/s,0.0
1791047789,2026-10-04T01:16:28,io.md2.r_await,0.0
1791047789,2026-10-04T01:16:28,io.md2.w/s,2370.1
1791047789,2026-10-04T01:16:28,io.md2.wkB/s,97320.0
1791047789,2026-10-04T01:16:28,io.md2.w_await,0.29
1791047789,2026-10-04T01:16:28,io.md2.f/s,0.0
1791047789,2026-10-04T01:16:28,io.md2.aqu-sz,0.68
1791047789,2026-10-04T01:16:28,io.md2.%util,56.36
1791047789,2026-10-04T01:16:28,io.nvme0n1.r/s,0.0
1791047789,2026-10-04T01:16:28,io.nvme0n1.rkB/s,0.0
1791047789,2026-10-04T01:16:28,io.nvme0n1.r_await,0.0
1791047789,2026-10-04T01:16:28,io.nvme0n1.w/s,759.7
1791047789,2026-10-04T01:16:28,io.nvme0n1.wkB/s,47966.0
1791047789,2026-10-04T01:16:28,io.nvme0n1.w_await,0.63
1791047789,2026-10-04T01:16:28,io.nvme0n1.f/s,144.2
1791047789,2026-10-04T01:16:28,io.nvme0n1.aqu-sz,0.64
1791047789,2026-10-04T01:16:28,io.nvme0n1.%util,37.08
1791047789,2026-10-04T01:16:28,io.nvme1n1.r/s,0.0
1791047789,2026-10-04T01:16:28,io.nvme1n1.rkB/s,0.0
1791047789,2026-10-04T01:16:28,io.nvme1n1.r_await,0.0
1791047789,2026-10-04T01:16:28,io.nvme1n1.w/s,832.1
1791047789,2026-10-04T01:16:28,io.nvme1n1.wkB/s,49354.0
1791047789,2026-10-04T01:16:28,io.nvme1n1.w_await,0.6
1791047789,2026-10-04T01:16:28,io.nvme1n1.f/s,144.1
1791047789,2026-10-04T01:16:28,io.nvme1n1.aqu-sz,0.67
1791047789,2026-10-04T01:16:28,io.nvme1n1.%util,36.1
1791047799,2026-10-04T01:16:38,host.cpu_pct,5.21402260891655
1791047799,2026-10-04T01:16:38,host.run_cpu_pct,5.812833089061987
1791047799,2026-10-04T01:16:38,host.nonrun_cpu_pct,0.0
1791047799,2026-10-04T01:16:38,docker.dev-peer0.org2.example.com-saksi-bulletin_1.0-ee3fe73bad456e43adfc5ba27d9e5a60983b69e8496140308fb21061ecb2ff85.cpu_pct,0.0
1791047799,2026-10-04T01:16:38,docker.dev-peer0.org2.example.com-saksi-bulletin_1.0-ee3fe73bad456e43adfc5ba27d9e5a60983b69e8496140308fb21061ecb2ff85.mem_bytes,6946816.0
1791047799,2026-10-04T01:16:38,docker.dev-peer0.org2.example.com-saksi-bulletin_1.0-ee3fe73bad456e43adfc5ba27d9e5a60983b69e8496140308fb21061ecb2ff85.blk_read_bytes,0.0
1791047799,2026-10-04T01:16:38,docker.dev-peer0.org2.example.com-saksi-bulletin_1.0-ee3fe73bad456e43adfc5ba27d9e5a60983b69e8496140308fb21061ecb2ff85.blk_write_bytes,0.0
1791047799,2026-10-04T01:16:38,docker.dev-peer0.org1.example.com-saksi-bulletin_1.0-ee3fe73bad456e43adfc5ba27d9e5a60983b69e8496140308fb21061ecb2ff85.cpu_pct,0.0
1791047799,2026-10-04T01:16:38,docker.dev-peer0.org1.example.com-saksi-bulletin_1.0-ee3fe73bad456e43adfc5ba27d9e5a60983b69e8496140308fb21061ecb2ff85.mem_bytes,37486592.0
1791047799,2026-10-04T01:16:38,docker.dev-peer0.org1.example.com-saksi-bulletin_1.0-ee3fe73bad456e43adfc5ba27d9e5a60983b69e8496140308fb21061ecb2ff85.blk_read_bytes,0.0
1791047799,2026-10-04T01:16:38,docker.dev-peer0.org1.example.com-saksi-bulletin_1.0-ee3fe73bad456e43adfc5ba27d9e5a60983b69e8496140308fb21061ecb2ff85.blk_write_bytes,0.0
1791047799,2026-10-04T01:16:38,docker.peer0.org2.example.com.cpu_pct,0.65
1791047799,2026-10-04T01:16:38,docker.peer0.org2.example.com.mem_bytes,291923558.4
1791047799,2026-10-04T01:16:38,docker.peer0.org2.example.com.blk_read_bytes,0.0
1791047799,2026-10-04T01:16:38,docker.peer0.org2.example.com.blk_write_bytes,16399999999.999998
1791047799,2026-10-04T01:16:38,docker.peer0.org1.example.com.cpu_pct,0.68
1791047799,2026-10-04T01:16:38,docker.peer0.org1.example.com.mem_bytes,340367769.6
1791047799,2026-10-04T01:16:38,docker.peer0.org1.example.com.blk_read_bytes,0.0
1791047799,2026-10-04T01:16:38,docker.peer0.org1.example.com.blk_write_bytes,16399999999.999998
1791047799,2026-10-04T01:16:38,docker.orderer.example.com.cpu_pct,0.03
1791047799,2026-10-04T01:16:38,docker.orderer.example.com.mem_bytes,327994572.8
1791047799,2026-10-04T01:16:38,docker.orderer.example.com.blk_read_bytes,0.0
1791047799,2026-10-04T01:16:38,docker.orderer.example.com.blk_write_bytes,8029999999.999999
1791047799,2026-10-04T01:16:38,host.MemTotal_kb,64932116
1791047799,2026-10-04T01:16:38,host.MemAvailable_kb,62742812
1791047799,2026-10-04T01:16:38,host.Cached_kb,17752452
1791047799,2026-10-04T01:16:38,host.SwapTotal_kb,0
1791047799,2026-10-04T01:16:38,host.SwapFree_kb,0
1791047799,2026-10-04T01:16:38,host.Dirty_kb,116412
1791047799,2026-10-04T01:16:38,host.load1,7.67
1791047799,2026-10-04T01:16:38,host.load5,7.05
1791047799,2026-10-04T01:16:38,host.root_free_bytes,924904439808
1791047799,2026-10-04T01:16:38,host.root_used_bytes,20068397056
1791047799,2026-10-04T01:16:38,io.md2.r/s,0.0
1791047799,2026-10-04T01:16:38,io.md2.rkB/s,0.0
1791047799,2026-10-04T01:16:38,io.md2.r_await,0.0
1791047799,2026-10-04T01:16:38,io.md2.w/s,77.2
1791047799,2026-10-04T01:16:38,io.md2.wkB/s,1295.6
1791047799,2026-10-04T01:16:38,io.md2.w_await,0.24
1791047799,2026-10-04T01:16:38,io.md2.f/s,0.0
1791047799,2026-10-04T01:16:38,io.md2.aqu-sz,0.02
1791047799,2026-10-04T01:16:38,io.md2.%util,13.29
1791047799,2026-10-04T01:16:38,io.nvme0n1.r/s,0.0
1791047799,2026-10-04T01:16:38,io.nvme0n1.rkB/s,0.0
1791047799,2026-10-04T01:16:38,io.nvme0n1.r_await,0.0
1791047799,2026-10-04T01:16:38,io.nvme0n1.w/s,31.8
1791047799,2026-10-04T01:16:38,io.nvme0n1.wkB/s,650.8
1791047799,2026-10-04T01:16:38,io.nvme0n1.w_await,0.38
1791047799,2026-10-04T01:16:38,io.nvme0n1.f/s,3.1
1791047799,2026-10-04T01:16:38,io.nvme0n1.aqu-sz,0.02
1791047799,2026-10-04T01:16:38,io.nvme0n1.%util,0.91
1791047799,2026-10-04T01:16:38,io.nvme1n1.r/s,0.0
1791047799,2026-10-04T01:16:38,io.nvme1n1.rkB/s,0.0
1791047799,2026-10-04T01:16:38,io.nvme1n1.r_await,0.0
1791047799,2026-10-04T01:16:38,io.nvme1n1.w/s,32.5
1791047799,2026-10-04T01:16:38,io.nvme1n1.wkB/s,644.8
1791047799,2026-10-04T01:16:38,io.nvme1n1.w_await,0.41
1791047799,2026-10-04T01:16:38,io.nvme1n1.f/s,3.1
1791047799,2026-10-04T01:16:38,io.nvme1n1.aqu-sz,0.02
1791047799,2026-10-04T01:16:38,io.nvme1n1.%util,1.04
1791047809,2026-10-04T01:16:48,host.cpu_pct,84.18181818181819
1791047809,2026-10-04T01:16:48,host.run_cpu_pct,83.69318689296726
1791047809,2026-10-04T01:16:48,host.nonrun_cpu_pct,0.4886312888509252
1791047809,2026-10-04T01:16:48,docker.dev-peer0.org2.example.com-saksi-bulletin_1.0-ee3fe73bad456e43adfc5ba27d9e5a60983b69e8496140308fb21061ecb2ff85.cpu_pct,0.0
1791047809,2026-10-04T01:16:48,docker.dev-peer0.org2.example.com-saksi-bulletin_1.0-ee3fe73bad456e43adfc5ba27d9e5a60983b69e8496140308fb21061ecb2ff85.mem_bytes,6946816.0
1791047809,2026-10-04T01:16:48,docker.dev-peer0.org2.example.com-saksi-bulletin_1.0-ee3fe73bad456e43adfc5ba27d9e5a60983b69e8496140308fb21061ecb2ff85.blk_read_bytes,0.0
1791047809,2026-10-04T01:16:48,docker.dev-peer0.org2.example.com-saksi-bulletin_1.0-ee3fe73bad456e43adfc5ba27d9e5a60983b69e8496140308fb21061ecb2ff85.blk_write_bytes,0.0
1791047809,2026-10-04T01:16:48,docker.dev-peer0.org1.example.com-saksi-bulletin_1.0-ee3fe73bad456e43adfc5ba27d9e5a60983b69e8496140308fb21061ecb2ff85.cpu_pct,0.0
1791047809,2026-10-04T01:16:48,docker.dev-peer0.org1.example.com-saksi-bulletin_1.0-ee3fe73bad456e43adfc5ba27d9e5a60983b69e8496140308fb21061ecb2ff85.mem_bytes,37486592.0
1791047809,2026-10-04T01:16:48,docker.dev-peer0.org1.example.com-saksi-bulletin_1.0-ee3fe73bad456e43adfc5ba27d9e5a60983b69e8496140308fb21061ecb2ff85.blk_read_bytes,0.0
1791047809,2026-10-04T01:16:48,docker.dev-peer0.org1.example.com-saksi-bulletin_1.0-ee3fe73bad456e43adfc5ba27d9e5a60983b69e8496140308fb21061ecb2ff85.blk_write_bytes,0.0
1791047809,2026-10-04T01:16:48,docker.peer0.org2.example.com.cpu_pct,0.64
1791047809,2026-10-04T01:16:48,docker.peer0.org2.example.com.mem_bytes,292238131.2
1791047809,2026-10-04T01:16:48,docker.peer0.org2.example.com.blk_read_bytes,0.0
1791047809,2026-10-04T01:16:48,docker.peer0.org2.example.com.blk_write_bytes,16399999999.999998
1791047809,2026-10-04T01:16:48,docker.peer0.org1.example.com.cpu_pct,0.54
1791047809,2026-10-04T01:16:48,docker.peer0.org1.example.com.mem_bytes,340367769.6
1791047809,2026-10-04T01:16:48,docker.peer0.org1.example.com.blk_read_bytes,0.0
1791047809,2026-10-04T01:16:48,docker.peer0.org1.example.com.blk_write_bytes,16399999999.999998
1791047809,2026-10-04T01:16:48,docker.orderer.example.com.cpu_pct,0.02
1791047809,2026-10-04T01:16:48,docker.orderer.example.com.mem_bytes,327994572.8
1791047809,2026-10-04T01:16:48,docker.orderer.example.com.blk_read_bytes,0.0
1791047809,2026-10-04T01:16:48,docker.orderer.example.com.blk_write_bytes,8029999999.999999
1791047809,2026-10-04T01:16:48,host.MemTotal_kb,64932116
1791047809,2026-10-04T01:16:48,host.MemAvailable_kb,62818784
1791047809,2026-10-04T01:16:48,host.Cached_kb,17752468
1791047809,2026-10-04T01:16:48,host.SwapTotal_kb,0
1791047809,2026-10-04T01:16:48,host.SwapFree_kb,0
1791047809,2026-10-04T01:16:48,host.Dirty_kb,592
1791047809,2026-10-04T01:16:48,host.load1,8.95
1791047809,2026-10-04T01:16:48,host.load5,7.34
1791047809,2026-10-04T01:16:48,host.root_free_bytes,924904419328
1791047809,2026-10-04T01:16:48,host.root_used_bytes,20068417536
1791047809,2026-10-04T01:16:48,io.md2.r/s,0.0
1791047809,2026-10-04T01:16:48,io.md2.rkB/s,0.0
1791047809,2026-10-04T01:16:48,io.md2.r_await,0.0
1791047809,2026-10-04T01:16:48,io.md2.w/s,79.0
1791047809,2026-10-04T01:16:48,io.md2.wkB/s,1246.0
1791047809,2026-10-04T01:16:48,io.md2.w_await,0.35
1791047809,2026-10-04T01:16:48,io.md2.f/s,0.0
1791047809,2026-10-04T01:16:48,io.md2.aqu-sz,0.03
1791047809,2026-10-04T01:16:48,io.md2.%util,1.73
1791047809,2026-10-04T01:16:48,io.nvme0n1.r/s,0.0
1791047809,2026-10-04T01:16:48,io.nvme0n1.rkB/s,0.0
1791047809,2026-10-04T01:16:48,io.nvme0n1.r_await,0.0
1791047809,2026-10-04T01:16:48,io.nvme0n1.w/s,35.9
1791047809,2026-10-04T01:16:48,io.nvme0n1.wkB/s,660.4
1791047809,2026-10-04T01:16:48,io.nvme0n1.w_await,0.62
1791047809,2026-10-04T01:16:48,io.nvme0n1.f/s,4.1
1791047809,2026-10-04T01:16:48,io.nvme0n1.aqu-sz,0.03
1791047809,2026-10-04T01:16:48,io.nvme0n1.%util,1.39
1791047809,2026-10-04T01:16:48,io.nvme1n1.r/s,0.0
1791047809,2026-10-04T01:16:48,io.nvme1n1.rkB/s,0.0
1791047809,2026-10-04T01:16:48,io.nvme1n1.r_await,0.0
1791047809,2026-10-04T01:16:48,io.nvme1n1.w/s,34.3
1791047809,2026-10-04T01:16:48,io.nvme1n1.wkB/s,585.6
1791047809,2026-10-04T01:16:48,io.nvme1n1.w_await,0.55
1791047809,2026-10-04T01:16:48,io.nvme1n1.f/s,4.1
1791047809,2026-10-04T01:16:48,io.nvme1n1.aqu-sz,0.02
1791047809,2026-10-04T01:16:48,io.nvme1n1.%util,1.14
1791047819,2026-10-04T01:16:58,host.cpu_pct,67.48762298677697
1791047819,2026-10-04T01:16:58,host.run_cpu_pct,67.13001337838024
1791047819,2026-10-04T01:16:58,host.nonrun_cpu_pct,0.3576096083967286
1791047819,2026-10-04T01:16:58,docker.dev-peer0.org2.example.com-saksi-bulletin_1.0-ee3fe73bad456e43adfc5ba27d9e5a60983b69e8496140308fb21061ecb2ff85.cpu_pct,0.0
1791047819,2026-10-04T01:16:58,docker.dev-peer0.org2.example.com-saksi-bulletin_1.0-ee3fe73bad456e43adfc5ba27d9e5a60983b69e8496140308fb21061ecb2ff85.mem_bytes,6951010.304
1791047819,2026-10-04T01:16:58,docker.dev-peer0.org2.example.com-saksi-bulletin_1.0-ee3fe73bad456e43adfc5ba27d9e5a60983b69e8496140308fb21061ecb2ff85.blk_read_bytes,0.0
1791047819,2026-10-04T01:16:58,docker.dev-peer0.org2.example.com-saksi-bulletin_1.0-ee3fe73bad456e43adfc5ba27d9e5a60983b69e8496140308fb21061ecb2ff85.blk_write_bytes,0.0
1791047819,2026-10-04T01:16:58,docker.dev-peer0.org1.example.com-saksi-bulletin_1.0-ee3fe73bad456e43adfc5ba27d9e5a60983b69e8496140308fb21061ecb2ff85.cpu_pct,0.1
1791047819,2026-10-04T01:16:58,docker.dev-peer0.org1.example.com-saksi-bulletin_1.0-ee3fe73bad456e43adfc5ba27d9e5a60983b69e8496140308fb21061ecb2ff85.mem_bytes,37633392.64
1791047819,2026-10-04T01:16:58,docker.dev-peer0.org1.example.com-saksi-bulletin_1.0-ee3fe73bad456e43adfc5ba27d9e5a60983b69e8496140308fb21061ecb2ff85.blk_read_bytes,0.0
1791047819,2026-10-04T01:16:58,docker.dev-peer0.org1.example.com-saksi-bulletin_1.0-ee3fe73bad456e43adfc5ba27d9e5a60983b69e8496140308fb21061ecb2ff85.blk_write_bytes,0.0
1791047819,2026-10-04T01:16:58,docker.peer0.org2.example.com.cpu_pct,1.9
1791047819,2026-10-04T01:16:58,docker.peer0.org2.example.com.mem_bytes,291923558.4
1791047819,2026-10-04T01:16:58,docker.peer0.org2.example.com.blk_read_bytes,0.0
1791047819,2026-10-04T01:16:58,docker.peer0.org2.example.com.blk_write_bytes,16399999999.999998
1791047819,2026-10-04T01:16:58,docker.peer0.org1.example.com.cpu_pct,2.32
1791047819,2026-10-04T01:16:58,docker.peer0.org1.example.com.mem_bytes,340682342.4
1791047819,2026-10-04T01:16:58,docker.peer0.org1.example.com.blk_read_bytes,0.0
1791047819,2026-10-04T01:16:58,docker.peer0.org1.example.com.blk_write_bytes,16399999999.999998
1791047819,2026-10-04T01:16:58,docker.orderer.example.com.cpu_pct,0.05
1791047819,2026-10-04T01:16:58,docker.orderer.example.com.mem_bytes,327994572.8
1791047819,2026-10-04T01:16:58,docker.orderer.example.com.blk_read_bytes,0.0
1791047819,2026-10-04T01:16:58,docker.orderer.example.com.blk_write_bytes,8029999999.999999
1791047819,2026-10-04T01:16:58,host.MemTotal_kb,64932116
1791047819,2026-10-04T01:16:58,host.MemAvailable_kb,62834060
1791047819,2026-10-04T01:16:58,host.Cached_kb,17989912
1791047819,2026-10-04T01:16:58,host.SwapTotal_kb,0
1791047819,2026-10-04T01:16:58,host.SwapFree_kb,0
1791047819,2026-10-04T01:16:58,host.Dirty_kb,237968
1791047819,2026-10-04T01:16:58,host.load1,8.75
1791047819,2026-10-04T01:16:58,host.load5,7.36
1791047819,2026-10-04T01:16:58,host.root_free_bytes,924661276672
1791047819,2026-10-04T01:16:58,host.root_used_bytes,20311560192
1791047819,2026-10-04T01:16:58,io.md2.r/s,0.0
1791047819,2026-10-04T01:16:58,io.md2.rkB/s,0.0
1791047819,2026-10-04T01:16:58,io.md2.r_await,0.0
1791047819,2026-10-04T01:16:58,io.md2.w/s,149.1
1791047819,2026-10-04T01:16:58,io.md2.wkB/s,11756.8
1791047819,2026-10-04T01:16:58,io.md2.w_await,0.12
1791047819,2026-10-04T01:16:58,io.md2.f/s,0.0
1791047819,2026-10-04T01:16:58,io.md2.aqu-sz,0.02
1791047819,2026-10-04T01:16:58,io.md2.%util,0.76
1791047819,2026-10-04T01:16:58,io.nvme0n1.r/s,0.0
1791047819,2026-10-04T01:16:58,io.nvme0n1.rkB/s,0.0
1791047819,2026-10-04T01:16:58,io.nvme0n1.r_await,0.0
1791047819,2026-10-04T01:16:58,io.nvme0n1.w/s,72.2
1791047819,2026-10-04T01:16:58,io.nvme0n1.wkB/s,5834.8
1791047819,2026-10-04T01:16:58,io.nvme0n1.w_await,0.16
1791047819,2026-10-04T01:16:58,io.nvme0n1.f/s,0.2
1791047819,2026-10-04T01:16:58,io.nvme0n1.aqu-sz,0.01
1791047819,2026-10-04T01:16:58,io.nvme0n1.%util,0.08
1791047819,2026-10-04T01:16:58,io.nvme1n1.r/s,0.0
1791047819,2026-10-04T01:16:58,io.nvme1n1.rkB/s,0.0
1791047819,2026-10-04T01:16:58,io.nvme1n1.r_await,0.0
1791047819,2026-10-04T01:16:58,io.nvme1n1.w/s,69.2
1791047819,2026-10-04T01:16:58,io.nvme1n1.wkB/s,5922.0
1791047819,2026-10-04T01:16:58,io.nvme1n1.w_await,0.15
1791047819,2026-10-04T01:16:58,io.nvme1n1.f/s,0.2
1791047819,2026-10-04T01:16:58,io.nvme1n1.aqu-sz,0.01
1791047819,2026-10-04T01:16:58,io.nvme1n1.%util,0.17
1791047829,2026-10-04T01:17:08,host.cpu_pct,28.764173053778425
1791047829,2026-10-04T01:17:08,host.run_cpu_pct,28.587700596878104
1791047829,2026-10-04T01:17:08,host.nonrun_cpu_pct,0.17647245690032065
1791047829,2026-10-04T01:17:08,docker.dev-peer0.org2.example.com-saksi-bulletin_1.0-ee3fe73bad456e43adfc5ba27d9e5a60983b69e8496140308fb21061ecb2ff85.cpu_pct,0.0
1791047829,2026-10-04T01:17:08,docker.dev-peer0.org2.example.com-saksi-bulletin_1.0-ee3fe73bad456e43adfc5ba27d9e5a60983b69e8496140308fb21061ecb2ff85.mem_bytes,6951010.304
1791047829,2026-10-04T01:17:08,docker.dev-peer0.org2.example.com-saksi-bulletin_1.0-ee3fe73bad456e43adfc5ba27d9e5a60983b69e8496140308fb21061ecb2ff85.blk_read_bytes,0.0
1791047829,2026-10-04T01:17:08,docker.dev-peer0.org2.example.com-saksi-bulletin_1.0-ee3fe73bad456e43adfc5ba27d9e5a60983b69e8496140308fb21061ecb2ff85.blk_write_bytes,0.0
1791047829,2026-10-04T01:17:08,docker.dev-peer0.org1.example.com-saksi-bulletin_1.0-ee3fe73bad456e43adfc5ba27d9e5a60983b69e8496140308fb21061ecb2ff85.cpu_pct,377.72
1791047829,2026-10-04T01:17:08,docker.dev-peer0.org1.example.com-saksi-bulletin_1.0-ee3fe73bad456e43adfc5ba27d9e5a60983b69e8496140308fb21061ecb2ff85.mem_bytes,18612224.0
1791047829,2026-10-04T01:17:08,docker.dev-peer0.org1.example.com-saksi-bulletin_1.0-ee3fe73bad456e43adfc5ba27d9e5a60983b69e8496140308fb21061ecb2ff85.blk_read_bytes,0.0
1791047829,2026-10-04T01:17:08,docker.dev-peer0.org1.example.com-saksi-bulletin_1.0-ee3fe73bad456e43adfc5ba27d9e5a60983b69e8496140308fb21061ecb2ff85.blk_write_bytes,0.0
1791047829,2026-10-04T01:17:08,docker.peer0.org2.example.com.cpu_pct,79.17
1791047829,2026-10-04T01:17:08,docker.peer0.org2.example.com.mem_bytes,287309824.0
1791047829,2026-10-04T01:17:08,docker.peer0.org2.example.com.blk_read_bytes,0.0
1791047829,2026-10-04T01:17:08,docker.peer0.org2.example.com.blk_write_bytes,16899999999.999998
1791047829,2026-10-04T01:17:08,docker.peer0.org1.example.com.cpu_pct,208.96
1791047829,2026-10-04T01:17:08,docker.peer0.org1.example.com.mem_bytes,300312166.4
1791047829,2026-10-04T01:17:08,docker.peer0.org1.example.com.blk_read_bytes,0.0
1791047829,2026-10-04T01:17:08,docker.peer0.org1.example.com.blk_write_bytes,16899999999.999998
1791047829,2026-10-04T01:17:08,docker.orderer.example.com.cpu_pct,51.22
1791047829,2026-10-04T01:17:08,docker.orderer.example.com.mem_bytes,455186841.6
1791047829,2026-10-04T01:17:08,docker.orderer.example.com.blk_read_bytes,0.0
1791047829,2026-10-04T01:17:08,docker.orderer.example.com.blk_write_bytes,8289999999.999999
1791047829,2026-10-04T01:17:08,host.MemTotal_kb,64932116
1791047829,2026-10-04T01:17:08,host.MemAvailable_kb,62740900
1791047829,2026-10-04T01:17:08,host.Cached_kb,18283608
1791047829,2026-10-04T01:17:08,host.SwapTotal_kb,0
1791047829,2026-10-04T01:17:08,host.SwapFree_kb,0
1791047829,2026-10-04T01:17:08,host.Dirty_kb,224648
1791047829,2026-10-04T01:17:08,host.load1,10.41
1791047829,2026-10-04T01:17:08,host.load5,7.76
1791047829,2026-10-04T01:17:08,host.root_free_bytes,924359725056
1791047829,2026-10-04T01:17:08,host.root_used_bytes,20613111808
1791047829,2026-10-04T01:17:08,io.md2.r/s,0.0
1791047829,2026-10-04T01:17:08,io.md2.rkB/s,0.0
1791047829,2026-10-04T01:17:08,io.md2.r_await,0.0
1791047829,2026-10-04T01:17:08,io.md2.w/s,55.8
1791047829,2026-10-04T01:17:08,io.md2.wkB/s,250.4
1791047829,2026-10-04T01:17:08,io.md2.w_await,0.15
1791047829,2026-10-04T01:17:08,io.md2.f/s,0.0
1791047829,2026-10-04T01:17:08,io.md2.aqu-sz,0.01
1791047829,2026-10-04T01:17:08,io.md2.%util,0.7
1791047829,2026-10-04T01:17:08,io.nvme0n1.r/s,0.0
1791047829,2026-10-04T01:17:08,io.nvme0n1.rkB/s,0.0
1791047829,2026-10-04T01:17:08,io.nvme0n1.r_await,0.0
1791047829,2026-10-04T01:17:08,io.nvme0n1.w/s,24.8
1791047829,2026-10-04T01:17:08,io.nvme0n1.wkB/s,137.6
1791047829,2026-10-04T01:17:08,io.nvme0n1.w_await,0.4
1791047829,2026-10-04T01:17:08,io.nvme0n1.f/s,1.4
1791047829,2026-10-04T01:17:08,io.nvme0n1.aqu-sz,0.01
1791047829,2026-10-04T01:17:08,io.nvme0n1.%util,0.76
1791047829,2026-10-04T01:17:08,io.nvme1n1.r/s,0.0
1791047829,2026-10-04T01:17:08,io.nvme1n1.rkB/s,0.0
1791047829,2026-10-04T01:17:08,io.nvme1n1.r_await,0.0
1791047829,2026-10-04T01:17:08,io.nvme1n1.w/s,22.1
1791047829,2026-10-04T01:17:08,io.nvme1n1.wkB/s,112.8
1791047829,2026-10-04T01:17:08,io.nvme1n1.w_await,0.17
1791047829,2026-10-04T01:17:08,io.nvme1n1.f/s,1.4
1791047829,2026-10-04T01:17:08,io.nvme1n1.aqu-sz,0.0
1791047829,2026-10-04T01:17:08,io.nvme1n1.%util,0.06
1791047839,2026-10-04T01:17:18,host.cpu_pct,46.193055113093344
1791047839,2026-10-04T01:17:18,host.run_cpu_pct,45.67240469815654
1791047839,2026-10-04T01:17:18,host.nonrun_cpu_pct,0.520650414936803
1791047839,2026-10-04T01:17:18,docker.dev-peer0.org2.example.com-saksi-bulletin_1.0-ee3fe73bad456e43adfc5ba27d9e5a60983b69e8496140308fb21061ecb2ff85.cpu_pct,0.0
1791047839,2026-10-04T01:17:18,docker.dev-peer0.org2.example.com-saksi-bulletin_1.0-ee3fe73bad456e43adfc5ba27d9e5a60983b69e8496140308fb21061ecb2ff85.mem_bytes,6832521.216
1791047839,2026-10-04T01:17:18,docker.dev-peer0.org2.example.com-saksi-bulletin_1.0-ee3fe73bad456e43adfc5ba27d9e5a60983b69e8496140308fb21061ecb2ff85.blk_read_bytes,0.0
1791047839,2026-10-04T01:17:18,docker.dev-peer0.org2.example.com-saksi-bulletin_1.0-ee3fe73bad456e43adfc5ba27d9e5a60983b69e8496140308fb21061ecb2ff85.blk_write_bytes,0.0
1791047839,2026-10-04T01:17:18,docker.dev-peer0.org1.example.com-saksi-bulletin_1.0-ee3fe73bad456e43adfc5ba27d9e5a60983b69e8496140308fb21061ecb2ff85.cpu_pct,362.52
1791047839,2026-10-04T01:17:18,docker.dev-peer0.org1.example.com-saksi-bulletin_1.0-ee3fe73bad456e43adfc5ba27d9e5a60983b69e8496140308fb21061ecb2ff85.mem_bytes,18402508.8
1791047839,2026-10-04T01:17:18,docker.dev-peer0.org1.example.com-saksi-bulletin_1.0-ee3fe73bad456e43adfc5ba27d9e5a60983b69e8496140308fb21061ecb2ff85.blk_read_bytes,0.0
1791047839,2026-10-04T01:17:18,docker.dev-peer0.org1.example.com-saksi-bulletin_1.0-ee3fe73bad456e43adfc5ba27d9e5a60983b69e8496140308fb21061ecb2ff85.blk_write_bytes,0.0
1791047839,2026-10-04T01:17:18,docker.peer0.org2.example.com.cpu_pct,59.79
1791047839,2026-10-04T01:17:18,docker.peer0.org2.example.com.mem_bytes,302723891.2
1791047839,2026-10-04T01:17:18,docker.peer0.org2.example.com.blk_read_bytes,0.0
1791047839,2026-10-04T01:17:18,docker.peer0.org2.example.com.blk_write_bytes,17500000000.0
1791047839,2026-10-04T01:17:18,docker.peer0.org1.example.com.cpu_pct,190.06
1791047839,2026-10-04T01:17:18,docker.peer0.org1.example.com.mem_bytes,313629081.6
1791047839,2026-10-04T01:17:18,docker.peer0.org1.example.com.blk_read_bytes,0.0
1791047839,2026-10-04T01:17:18,docker.peer0.org1.example.com.blk_write_bytes,17500000000.0
1791047839,2026-10-04T01:17:18,docker.orderer.example.com.cpu_pct,50.01
1791047839,2026-10-04T01:17:18,docker.orderer.example.com.mem_bytes,614360678.4
1791047839,2026-10-04T01:17:18,docker.orderer.example.com.blk_read_bytes,0.0
1791047839,2026-10-04T01:17:18,docker.orderer.example.com.blk_write_bytes,8610000000.0
1791047839,2026-10-04T01:17:18,host.MemTotal_kb,64932116
1791047839,2026-10-04T01:17:18,host.MemAvailable_kb,62570452
1791047839,2026-10-04T01:17:18,host.Cached_kb,18656920
1791047839,2026-10-04T01:17:18,host.SwapTotal_kb,0
1791047839,2026-10-04T01:17:18,host.SwapFree_kb,0
1791047839,2026-10-04T01:17:18,host.Dirty_kb,27104
1791047839,2026-10-04T01:17:18,host.load1,10.75
1791047839,2026-10-04T01:17:18,host.load5,7.93
1791047839,2026-10-04T01:17:18,host.root_free_bytes,923992199168
1791047839,2026-10-04T01:17:18,host.root_used_bytes,20980637696
1791047839,2026-10-04T01:17:18,io.md2.r/s,0.1
1791047839,2026-10-04T01:17:18,io.md2.rkB/s,0.4
1791047839,2026-10-04T01:17:18,io.md2.r_await,0.0
1791047839,2026-10-04T01:17:18,io.md2.w/s,1610.8
1791047839,2026-10-04T01:17:18,io.md2.wkB/s,57361.2
1791047839,2026-10-04T01:17:18,io.md2.w_await,0.31
1791047839,2026-10-04T01:17:18,io.md2.f/s,0.0
1791047839,2026-10-04T01:17:18,io.md2.aqu-sz,0.51
1791047839,2026-10-04T01:17:18,io.md2.%util,42.87
1791047839,2026-10-04T01:17:18,io.nvme0n1.r/s,0.0
1791047839,2026-10-04T01:17:18,io.nvme0n1.rkB/s,0.0
1791047839,2026-10-04T01:17:18,io.nvme0n1.r_await,0.0
1791047839,2026-10-04T01:17:18,io.nvme0n1.w/s,521.6
1791047839,2026-10-04T01:17:18,io.nvme0n1.wkB/s,28309.6
1791047839,2026-10-04T01:17:18,io.nvme0n1.w_await,0.68
1791047839,2026-10-04T01:17:18,io.nvme0n1.f/s,108.7
1791047839,2026-10-04T01:17:18,io.nvme0n1.aqu-sz,0.47
1791047839,2026-10-04T01:17:18,io.nvme0n1.%util,27.65
1791047839,2026-10-04T01:17:18,io.nvme1n1.r/s,0.1
1791047839,2026-10-04T01:17:18,io.nvme1n1.rkB/s,0.4
1791047839,2026-10-04T01:17:18,io.nvme1n1.r_await,0.0
1791047839,2026-10-04T01:17:18,io.nvme1n1.w/s,560.2
1791047839,2026-10-04T01:17:18,io.nvme1n1.wkB/s,29051.6
1791047839,2026-10-04T01:17:18,io.nvme1n1.w_await,0.67
1791047839,2026-10-04T01:17:18,io.nvme1n1.f/s,108.8
1791047839,2026-10-04T01:17:18,io.nvme1n1.aqu-sz,0.5
1791047839,2026-10-04T01:17:18,io.nvme1n1.%util,29.15
1791047849,2026-10-04T01:17:28,host.cpu_pct,46.254944494066606
1791047849,2026-10-04T01:17:28,host.run_cpu_pct,45.8218387863255
1791047849,2026-10-04T01:17:28,host.nonrun_cpu_pct,0.433105707741106
1791047849,2026-10-04T01:17:28,docker.dev-peer0.org2.example.com-saksi-bulletin_1.0-ee3fe73bad456e43adfc5ba27d9e5a60983b69e8496140308fb21061ecb2ff85.cpu_pct,0.0
1791047849,2026-10-04T01:17:28,docker.dev-peer0.org2.example.com-saksi-bulletin_1.0-ee3fe73bad456e43adfc5ba27d9e5a60983b69e8496140308fb21061ecb2ff85.mem_bytes,6832521.216
1791047849,2026-10-04T01:17:28,docker.dev-peer0.org2.example.com-saksi-bulletin_1.0-ee3fe73bad456e43adfc5ba27d9e5a60983b69e8496140308fb21061ecb2ff85.blk_read_bytes,0.0
1791047849,2026-10-04T01:17:28,docker.dev-peer0.org2.example.com-saksi-bulletin_1.0-ee3fe73bad456e43adfc5ba27d9e5a60983b69e8496140308fb21061ecb2ff85.blk_write_bytes,0.0
1791047849,2026-10-04T01:17:28,docker.dev-peer0.org1.example.com-saksi-bulletin_1.0-ee3fe73bad456e43adfc5ba27d9e5a60983b69e8496140308fb21061ecb2ff85.cpu_pct,368.54
1791047849,2026-10-04T01:17:28,docker.dev-peer0.org1.example.com-saksi-bulletin_1.0-ee3fe73bad456e43adfc5ba27d9e5a60983b69e8496140308fb21061ecb2ff85.mem_bytes,19660800.0
1791047849,2026-10-04T01:17:28,docker.dev-peer0.org1.example.com-saksi-bulletin_1.0-ee3fe73bad456e43adfc5ba27d9e5a60983b69e8496140308fb21061ecb2ff85.blk_read_bytes,0.0
1791047849,2026-10-04T01:17:28,docker.dev-peer0.org1.example.com-saksi-bulletin_1.0-ee3fe73bad456e43adfc5ba27d9e5a60983b69e8496140308fb21061ecb2ff85.blk_write_bytes,0.0
1791047849,2026-10-04T01:17:28,docker.peer0.org2.example.com.cpu_pct,85.21
1791047849,2026-10-04T01:17:28,docker.peer0.org2.example.com.mem_bytes,309015347.2
1791047849,2026-10-04T01:17:28,docker.peer0.org2.example.com.blk_read_bytes,0.0
1791047849,2026-10-04T01:17:28,docker.peer0.org2.example.com.blk_write_bytes,18400000000.0
1791047849,2026-10-04T01:17:28,docker.peer0.org1.example.com.cpu_pct,215.17
1791047849,2026-10-04T01:17:28,docker.peer0.org1.example.com.mem_bytes,323275980.8
1791047849,2026-10-04T01:17:28,docker.peer0.org1.example.com.blk_read_bytes,0.0
1791047849,2026-10-04T01:17:28,docker.peer0.org1.example.com.blk_write_bytes,18400000000.0
1791047849,2026-10-04T01:17:28,docker.orderer.example.com.cpu_pct,50.46
1791047849,2026-10-04T01:17:28,docker.orderer.example.com.mem_bytes,243689062.4
1791047849,2026-10-04T01:17:28,docker.orderer.example.com.blk_read_bytes,0.0
1791047849,2026-10-04T01:17:28,docker.orderer.example.com.blk_write_bytes,8930000000.0
1791047849,2026-10-04T01:17:28,host.MemTotal_kb,64932116
1791047849,2026-10-04T01:17:28,host.MemAvailable_kb,62844168
1791047849,2026-10-04T01:17:28,host.Cached_kb,18770332
1791047849,2026-10-04T01:17:28,host.SwapTotal_kb,0
1791047849,2026-10-04T01:17:28,host.SwapFree_kb,0
1791047849,2026-10-04T01:17:28,host.Dirty_kb,14120
1791047849,2026-10-04T01:17:28,host.load1,9.93
1791047849,2026-10-04T01:17:28,host.load5,7.85
1791047849,2026-10-04T01:17:28,host.root_free_bytes,923825393664
1791047849,2026-10-04T01:17:28,host.root_used_bytes,21147443200
1791047849,2026-10-04T01:17:28,io.md2.r/s,0.0
1791047849,2026-10-04T01:17:28,io.md2.rkB/s,0.0
1791047849,2026-10-04T01:17:28,io.md2.r_await,0.0
1791047849,2026-10-04T01:17:28,io.md2.w/s,2556.1
1791047849,2026-10-04T01:17:28,io.md2.wkB/s,99439.2
1791047849,2026-10-04T01:17:28,io.md2.w_await,0.33
1791047849,2026-10-04T01:17:28,io.md2.f/s,0.0
1791047849,2026-10-04T01:17:28,io.md2.aqu-sz,0.83
1791047849,2026-10-04T01:17:28,io.md2.%util,68.49
1791047849,2026-10-04T01:17:28,io.nvme0n1.r/s,0.0
1791047849,2026-10-04T01:17:28,io.nvme0n1.rkB/s,0.0
1791047849,2026-10-04T01:17:28,io.nvme0n1.r_await,0.0
1791047849,2026-10-04T01:17:28,io.nvme0n1.w/s,839.1
1791047849,2026-10-04T01:17:28,io.nvme0n1.wkB/s,49249.2
1791047849,2026-10-04T01:17:28,io.nvme0n1.w_await,0.69
1791047849,2026-10-04T01:17:28,io.nvme0n1.f/s,173.8
1791047849,2026-10-04T01:17:28,io.nvme0n1.aqu-sz,0.77
1791047849,2026-10-04T01:17:28,io.nvme0n1.%util,46.25
1791047849,2026-10-04T01:17:28,io.nvme1n1.r/s,0.0
1791047849,2026-10-04T01:17:28,io.nvme1n1.rkB/s,0.0
1791047849,2026-10-04T01:17:28,io.nvme1n1.r_await,0.0
1791047849,2026-10-04T01:17:28,io.nvme1n1.w/s,910.9
1791047849,2026-10-04T01:17:28,io.nvme1n1.wkB/s,50190.0
1791047849,2026-10-04T01:17:28,io.nvme1n1.w_await,0.65
1791047849,2026-10-04T01:17:28,io.nvme1n1.f/s,173.7
1791047849,2026-10-04T01:17:28,io.nvme1n1.aqu-sz,0.79
1791047849,2026-10-04T01:17:28,io.nvme1n1.%util,44.93
1791047859,2026-10-04T01:17:38,host.cpu_pct,44.49474019764106
1791047859,2026-10-04T01:17:38,host.run_cpu_pct,44.08861053286948
1791047859,2026-10-04T01:17:38,host.nonrun_cpu_pct,0.4061296647715764
1791047859,2026-10-04T01:17:38,docker.dev-peer0.org2.example.com-saksi-bulletin_1.0-ee3fe73bad456e43adfc5ba27d9e5a60983b69e8496140308fb21061ecb2ff85.cpu_pct,0.0
1791047859,2026-10-04T01:17:38,docker.dev-peer0.org2.example.com-saksi-bulletin_1.0-ee3fe73bad456e43adfc5ba27d9e5a60983b69e8496140308fb21061ecb2ff85.mem_bytes,6832521.216
1791047859,2026-10-04T01:17:38,docker.dev-peer0.org2.example.com-saksi-bulletin_1.0-ee3fe73bad456e43adfc5ba27d9e5a60983b69e8496140308fb21061ecb2ff85.blk_read_bytes,0.0
1791047859,2026-10-04T01:17:38,docker.dev-peer0.org2.example.com-saksi-bulletin_1.0-ee3fe73bad456e43adfc5ba27d9e5a60983b69e8496140308fb21061ecb2ff85.blk_write_bytes,0.0
1791047859,2026-10-04T01:17:38,docker.dev-peer0.org1.example.com-saksi-bulletin_1.0-ee3fe73bad456e43adfc5ba27d9e5a60983b69e8496140308fb21061ecb2ff85.cpu_pct,0.0
1791047859,2026-10-04T01:17:38,docker.dev-peer0.org1.example.com-saksi-bulletin_1.0-ee3fe73bad456e43adfc5ba27d9e5a60983b69e8496140308fb21061ecb2ff85.mem_bytes,17626562.56
1791047859,2026-10-04T01:17:38,docker.dev-peer0.org1.example.com-saksi-bulletin_1.0-ee3fe73bad456e43adfc5ba27d9e5a60983b69e8496140308fb21061ecb2ff85.blk_read_bytes,0.0
1791047859,2026-10-04T01:17:38,docker.dev-peer0.org1.example.com-saksi-bulletin_1.0-ee3fe73bad456e43adfc5ba27d9e5a60983b69e8496140308fb21061ecb2ff85.blk_write_bytes,0.0
1791047859,2026-10-04T01:17:38,docker.peer0.org2.example.com.cpu_pct,0.7
1791047859,2026-10-04T01:17:38,docker.peer0.org2.example.com.mem_bytes,284268953.6
1791047859,2026-10-04T01:17:38,docker.peer0.org2.example.com.blk_read_bytes,0.0
1791047859,2026-10-04T01:17:38,docker.peer0.org2.example.com.blk_write_bytes,19100000000.0
1791047859,2026-10-04T01:17:38,docker.peer0.org1.example.com.cpu_pct,45.85
1791047859,2026-10-04T01:17:38,docker.peer0.org1.example.com.mem_bytes,320130252.8
1791047859,2026-10-04T01:17:38,docker.peer0.org1.example.com.blk_read_bytes,0.0
1791047859,2026-10-04T01:17:38,docker.peer0.org1.example.com.blk_write_bytes,19100000000.0
1791047859,2026-10-04T01:17:38,docker.orderer.example.com.cpu_pct,0.04
1791047859,2026-10-04T01:17:38,docker.orderer.example.com.mem_bytes,367316172.8
1791047859,2026-10-04T01:17:38,docker.orderer.example.com.blk_read_bytes,0.0
1791047859,2026-10-04T01:17:38,docker.orderer.example.com.blk_write_bytes,9180000000.0
1791047859,2026-10-04T01:17:38,host.MemTotal_kb,64932116
1791047859,2026-10-04T01:17:38,host.MemAvailable_kb,62808732
1791047859,2026-10-04T01:17:38,host.Cached_kb,19064068
1791047859,2026-10-04T01:17:38,host.SwapTotal_kb,0
1791047859,2026-10-04T01:17:38,host.SwapFree_kb,0
1791047859,2026-10-04T01:17:38,host.Dirty_kb,4492
1791047859,2026-10-04T01:17:38,host.load1,8.85
1791047859,2026-10-04T01:17:38,host.load5,7.69
1791047859,2026-10-04T01:17:38,host.root_free_bytes,923521482752
1791047859,2026-10-04T01:17:38,host.root_used_bytes,21451354112
1791047859,2026-10-04T01:17:38,io.md2.r/s,0.0
1791047859,2026-10-04T01:17:38,io.md2.rkB/s,0.0
1791047859,2026-10-04T01:17:38,io.md2.r_await,0.0
1791047859,2026-10-04T01:17:38,io.md2.w/s,2755.6
1791047859,2026-10-04T01:17:38,io.md2.wkB/s,106944.4
1791047859,2026-10-04T01:17:38,io.md2.w_await,0.3
1791047859,2026-10-04T01:17:38,io.md2.f/s,0.0
1791047859,2026-10-04T01:17:38,io.md2.aqu-sz,0.82
1791047859,2026-10-04T01:17:38,io.md2.%util,68.38
1791047859,2026-10-04T01:17:38,io.nvme0n1.r/s,0.0
1791047859,2026-10-04T01:17:38,io.nvme0n1.rkB/s,0.0
1791047859,2026-10-04T01:17:38,io.nvme0n1.r_await,0.0
1791047859,2026-10-04T01:17:38,io.nvme0n1.w/s,884.5
1791047859,2026-10-04T01:17:38,io.nvme0n1.wkB/s,52806.4
1791047859,2026-10-04T01:17:38,io.nvme0n1.w_await,0.65
1791047859,2026-10-04T01:17:38,io.nvme0n1.f/s,174.1
1791047859,2026-10-04T01:17:38,io.nvme0n1.aqu-sz,0.77
1791047859,2026-10-04T01:17:38,io.nvme0n1.%util,45.15
1791047859,2026-10-04T01:17:38,io.nvme1n1.r/s,0.0
1791047859,2026-10-04T01:17:38,io.nvme1n1.rkB/s,0.0
1791047859,2026-10-04T01:17:38,io.nvme1n1.r_await,0.0
1791047859,2026-10-04T01:17:38,io.nvme1n1.w/s,952.8
1791047859,2026-10-04T01:17:38,io.nvme1n1.wkB/s,54138.0
1791047859,2026-10-04T01:17:38,io.nvme1n1.w_await,0.62
1791047859,2026-10-04T01:17:38,io.nvme1n1.f/s,174.1
1791047859,2026-10-04T01:17:38,io.nvme1n1.aqu-sz,0.79
1791047859,2026-10-04T01:17:38,io.nvme1n1.%util,44.58
1791047869,2026-10-04T01:17:48,host.cpu_pct,10.211533618735835
1791047869,2026-10-04T01:17:48,host.run_cpu_pct,10.171845536936608
1791047869,2026-10-04T01:17:48,host.nonrun_cpu_pct,0.03968808179922689
1791047869,2026-10-04T01:17:48,docker.dev-peer0.org2.example.com-saksi-bulletin_1.0-ee3fe73bad456e43adfc5ba27d9e5a60983b69e8496140308fb21061ecb2ff85.cpu_pct,0.0
1791047869,2026-10-04T01:17:48,docker.dev-peer0.org2.example.com-saksi-bulletin_1.0-ee3fe73bad456e43adfc5ba27d9e5a60983b69e8496140308fb21061ecb2ff85.mem_bytes,6832521.216
1791047869,2026-10-04T01:17:48,docker.dev-peer0.org2.example.com-saksi-bulletin_1.0-ee3fe73bad456e43adfc5ba27d9e5a60983b69e8496140308fb21061ecb2ff85.blk_read_bytes,0.0
1791047869,2026-10-04T01:17:48,docker.dev-peer0.org2.example.com-saksi-bulletin_1.0-ee3fe73bad456e43adfc5ba27d9e5a60983b69e8496140308fb21061ecb2ff85.blk_write_bytes,0.0
1791047869,2026-10-04T01:17:48,docker.dev-peer0.org1.example.com-saksi-bulletin_1.0-ee3fe73bad456e43adfc5ba27d9e5a60983b69e8496140308fb21061ecb2ff85.cpu_pct,0.98
1791047869,2026-10-04T01:17:48,docker.dev-peer0.org1.example.com-saksi-bulletin_1.0-ee3fe73bad456e43adfc5ba27d9e5a60983b69e8496140308fb21061ecb2ff85.mem_bytes,14690549.76
1791047869,2026-10-04T01:17:48,docker.dev-peer0.org1.example.com-saksi-bulletin_1.0-ee3fe73bad456e43adfc5ba27d9e5a60983b69e8496140308fb21061ecb2ff85.blk_read_bytes,0.0
1791047869,2026-10-04T01:17:48,docker.dev-peer0.org1.example.com-saksi-bulletin_1.0-ee3fe73bad456e43adfc5ba27d9e5a60983b69e8496140308fb21061ecb2ff85.blk_write_bytes,0.0
1791047869,2026-10-04T01:17:48,docker.peer0.org2.example.com.cpu_pct,2.61
1791047869,2026-10-04T01:17:48,docker.peer0.org2.example.com.mem_bytes,284268953.6
1791047869,2026-10-04T01:17:48,docker.peer0.org2.example.com.blk_read_bytes,0.0
1791047869,2026-10-04T01:17:48,docker.peer0.org2.example.com.blk_write_bytes,19100000000.0
1791047869,2026-10-04T01:17:48,docker.peer0.org1.example.com.cpu_pct,7.11
1791047869,2026-10-04T01:17:48,docker.peer0.org1.example.com.mem_bytes,327050854.4
1791047869,2026-10-04T01:17:48,docker.peer0.org1.example.com.blk_read_bytes,0.0
1791047869,2026-10-04T01:17:48,docker.peer0.org1.example.com.blk_write_bytes,19100000000.0
1791047869,2026-10-04T01:17:48,docker.orderer.example.com.cpu_pct,0.08
1791047869,2026-10-04T01:17:48,docker.orderer.example.com.mem_bytes,367316172.8
1791047869,2026-10-04T01:17:48,docker.orderer.example.com.blk_read_bytes,0.0
1791047869,2026-10-04T01:17:48,docker.orderer.example.com.blk_write_bytes,9180000000.0
1791047869,2026-10-04T01:17:48,host.MemTotal_kb,64932116
1791047869,2026-10-04T01:17:48,host.MemAvailable_kb,62858392
1791047869,2026-10-04T01:17:48,host.Cached_kb,19070580
1791047869,2026-10-04T01:17:48,host.SwapTotal_kb,0
1791047869,2026-10-04T01:17:48,host.SwapFree_kb,0
1791047869,2026-10-04T01:17:48,host.Dirty_kb,4136
1791047869,2026-10-04T01:17:48,host.load1,7.49
1791047869,2026-10-04T01:17:48,host.load5,7.44
1791047869,2026-10-04T01:17:48,host.root_free_bytes,923514949632
1791047869,2026-10-04T01:17:48,host.root_used_bytes,21457887232
1791047869,2026-10-04T01:17:48,io.md2.r/s,0.0
1791047869,2026-10-04T01:17:48,io.md2.rkB/s,0.0
1791047869,2026-10-04T01:17:48,io.md2.r_await,0.0
1791047869,2026-10-04T01:17:48,io.md2.w/s,2585.9
1791047869,2026-10-04T01:17:48,io.md2.wkB/s,100211.6
1791047869,2026-10-04T01:17:48,io.md2.w_await,0.3
1791047869,2026-10-04T01:17:48,io.md2.f/s,0.0
1791047869,2026-10-04T01:17:48,io.md2.aqu-sz,0.78
1791047869,2026-10-04T01:17:48,io.md2.%util,65.53
1791047869,2026-10-04T01:17:48,io.nvme0n1.r/s,0.0
1791047869,2026-10-04T01:17:48,io.nvme0n1.rkB/s,0.0
1791047869,2026-10-04T01:17:48,io.nvme0n1.r_await,0.0
1791047869,2026-10-04T01:17:48,io.nvme0n1.w/s,842.2
1791047869,2026-10-04T01:17:48,io.nvme0n1.wkB/s,49588.0
1791047869,2026-10-04T01:17:48,io.nvme0n1.w_await,0.66
1791047869,2026-10-04T01:17:48,io.nvme0n1.f/s,166.6
1791047869,2026-10-04T01:17:48,io.nvme0n1.aqu-sz,0.74
1791047869,2026-10-04T01:17:48,io.nvme0n1.%util,44.0
1791047869,2026-10-04T01:17:48,io.nvme1n1.r/s,0.0
1791047869,2026-10-04T01:17:48,io.nvme1n1.rkB/s,0.0
1791047869,2026-10-04T01:17:48,io.nvme1n1.r_await,0.0
1791047869,2026-10-04T01:17:48,io.nvme1n1.w/s,887.8
1791047869,2026-10-04T01:17:48,io.nvme1n1.wkB/s,50623.6
1791047869,2026-10-04T01:17:48,io.nvme1n1.w_await,0.63
1791047869,2026-10-04T01:17:48,io.nvme1n1.f/s,166.6
1791047869,2026-10-04T01:17:48,io.nvme1n1.aqu-sz,0.75
1791047869,2026-10-04T01:17:48,io.nvme1n1.%util,41.94
1791047879,2026-10-04T01:17:58,host.cpu_pct,3.387473930354547
1791047879,2026-10-04T01:17:58,host.run_cpu_pct,3.6967113395589206
1791047879,2026-10-04T01:17:58,host.nonrun_cpu_pct,0.0
1791047879,2026-10-04T01:17:58,docker.dev-peer0.org2.example.com-saksi-bulletin_1.0-ee3fe73bad456e43adfc5ba27d9e5a60983b69e8496140308fb21061ecb2ff85.cpu_pct,0.0
1791047879,2026-10-04T01:17:58,docker.dev-peer0.org2.example.com-saksi-bulletin_1.0-ee3fe73bad456e43adfc5ba27d9e5a60983b69e8496140308fb21061ecb2ff85.mem_bytes,6832521.216
1791047879,2026-10-04T01:17:58,docker.dev-peer0.org2.example.com-saksi-bulletin_1.0-ee3fe73bad456e43adfc5ba27d9e5a60983b69e8496140308fb21061ecb2ff85.blk_read_bytes,0.0
1791047879,2026-10-04T01:17:58,docker.dev-peer0.org2.example.com-saksi-bulletin_1.0-ee3fe73bad456e43adfc5ba27d9e5a60983b69e8496140308fb21061ecb2ff85.blk_write_bytes,0.0
1791047879,2026-10-04T01:17:58,docker.dev-peer0.org1.example.com-saksi-bulletin_1.0-ee3fe73bad456e43adfc5ba27d9e5a60983b69e8496140308fb21061ecb2ff85.cpu_pct,111.44
1791047879,2026-10-04T01:17:58,docker.dev-peer0.org1.example.com-saksi-bulletin_1.0-ee3fe73bad456e43adfc5ba27d9e5a60983b69e8496140308fb21061ecb2ff85.mem_bytes,32222740.48
1791047879,2026-10-04T01:17:58,docker.dev-peer0.org1.example.com-saksi-bulletin_1.0-ee3fe73bad456e43adfc5ba27d9e5a60983b69e8496140308fb21061ecb2ff85.blk_read_bytes,0.0
1791047879,2026-10-04T01:17:58,docker.dev-peer0.org1.example.com-saksi-bulletin_1.0-ee3fe73bad456e43adfc5ba27d9e5a60983b69e8496140308fb21061ecb2ff85.blk_write_bytes,0.0
1791047879,2026-10-04T01:17:58,docker.peer0.org2.example.com.cpu_pct,0.6
1791047879,2026-10-04T01:17:58,docker.peer0.org2.example.com.mem_bytes,284268953.6
1791047879,2026-10-04T01:17:58,docker.peer0.org2.example.com.blk_read_bytes,0.0
1791047879,2026-10-04T01:17:58,docker.peer0.org2.example.com.blk_write_bytes,19100000000.0
1791047879,2026-10-04T01:17:58,docker.peer0.org1.example.com.cpu_pct,82.8
1791047879,2026-10-04T01:17:58,docker.peer0.org1.example.com.mem_bytes,356201267.2
1791047879,2026-10-04T01:17:58,docker.peer0.org1.example.com.blk_read_bytes,0.0
1791047879,2026-10-04T01:17:58,docker.peer0.org1.example.com.blk_write_bytes,19100000000.0
1791047879,2026-10-04T01:17:58,docker.orderer.example.com.cpu_pct,0.03
1791047879,2026-10-04T01:17:58,docker.orderer.example.com.mem_bytes,367316172.8
1791047879,2026-10-04T01:17:58,docker.orderer.example.com.blk_read_bytes,0.0
1791047879,2026-10-04T01:17:58,docker.orderer.example.com.blk_write_bytes,9180000000.0
1791047879,2026-10-04T01:17:58,host.MemTotal_kb,64932116
1791047879,2026-10-04T01:17:58,host.MemAvailable_kb,62727940
1791047879,2026-10-04T01:17:58,host.Cached_kb,19178548
1791047879,2026-10-04T01:17:58,host.SwapTotal_kb,0
1791047879,2026-10-04T01:17:58,host.SwapFree_kb,0
1791047879,2026-10-04T01:17:58,host.Dirty_kb,103756
1791047879,2026-10-04T01:17:58,host.load1,6.5
1791047879,2026-10-04T01:17:58,host.load5,7.23
1791047879,2026-10-04T01:17:58,host.root_free_bytes,923404455936
1791047879,2026-10-04T01:17:58,host.root_used_bytes,21568380928
1791047879,2026-10-04T01:17:58,io.md2.r/s,0.0
1791047879,2026-10-04T01:17:58,io.md2.rkB/s,0.0
1791047879,2026-10-04T01:17:58,io.md2.r_await,0.0
1791047879,2026-10-04T01:17:58,io.md2.w/s,133.1
1791047879,2026-10-04T01:17:58,io.md2.wkB/s,6257.2
1791047879,2026-10-04T01:17:58,io.md2.w_await,0.22
1791047879,2026-10-04T01:17:58,io.md2.f/s,0.0
1791047879,2026-10-04T01:17:58,io.md2.aqu-sz,0.03
1791047879,2026-10-04T01:17:58,io.md2.%util,1.69
1791047879,2026-10-04T01:17:58,io.nvme0n1.r/s,0.0
1791047879,2026-10-04T01:17:58,io.nvme0n1.rkB/s,0.0
1791047879,2026-10-04T01:17:58,io.nvme0n1.r_await,0.0
1791047879,2026-10-04T01:17:58,io.nvme0n1.w/s,51.9
1791047879,2026-10-04T01:17:58,io.nvme0n1.wkB/s,3040.4
1791047879,2026-10-04T01:17:58,io.nvme0n1.w_await,0.32
1791047879,2026-10-04T01:17:58,io.nvme0n1.f/s,3.8
1791047879,2026-10-04T01:17:58,io.nvme0n1.aqu-sz,0.02
1791047879,2026-10-04T01:17:58,io.nvme0n1.%util,0.88
1791047879,2026-10-04T01:17:58,io.nvme1n1.r/s,0.0
1791047879,2026-10-04T01:17:58,io.nvme1n1.rkB/s,0.0
1791047879,2026-10-04T01:17:58,io.nvme1n1.r_await,0.0
1791047879,2026-10-04T01:17:58,io.nvme1n1.w/s,59.3
1791047879,2026-10-04T01:17:58,io.nvme1n1.wkB/s,3216.8
1791047879,2026-10-04T01:17:58,io.nvme1n1.w_await,0.4
1791047879,2026-10-04T01:17:58,io.nvme1n1.f/s,3.8
1791047879,2026-10-04T01:17:58,io.nvme1n1.aqu-sz,0.03
1791047879,2026-10-04T01:17:58,io.nvme1n1.%util,1.49
1791047889,2026-10-04T01:18:08,host.cpu_pct,71.5934169871997
1791047889,2026-10-04T01:18:08,host.run_cpu_pct,71.11261701152922
1791047889,2026-10-04T01:18:08,host.nonrun_cpu_pct,0.48079997567047883
1791047889,2026-10-04T01:18:08,docker.dev-peer0.org2.example.com-saksi-bulletin_1.0-ee3fe73bad456e43adfc5ba27d9e5a60983b69e8496140308fb21061ecb2ff85.cpu_pct,0.0
1791047889,2026-10-04T01:18:08,docker.dev-peer0.org2.example.com-saksi-bulletin_1.0-ee3fe73bad456e43adfc5ba27d9e5a60983b69e8496140308fb21061ecb2ff85.mem_bytes,6832521.216
1791047889,2026-10-04T01:18:08,docker.dev-peer0.org2.example.com-saksi-bulletin_1.0-ee3fe73bad456e43adfc5ba27d9e5a60983b69e8496140308fb21061ecb2ff85.blk_read_bytes,0.0
1791047889,2026-10-04T01:18:08,docker.dev-peer0.org2.example.com-saksi-bulletin_1.0-ee3fe73bad456e43adfc5ba27d9e5a60983b69e8496140308fb21061ecb2ff85.blk_write_bytes,0.0
1791047889,2026-10-04T01:18:08,docker.dev-peer0.org1.example.com-saksi-bulletin_1.0-ee3fe73bad456e43adfc5ba27d9e5a60983b69e8496140308fb21061ecb2ff85.cpu_pct,0.0
1791047889,2026-10-04T01:18:08,docker.dev-peer0.org1.example.com-saksi-bulletin_1.0-ee3fe73bad456e43adfc5ba27d9e5a60983b69e8496140308fb21061ecb2ff85.mem_bytes,19262341.12
1791047889,2026-10-04T01:18:08,docker.dev-peer0.org1.example.com-saksi-bulletin_1.0-ee3fe73bad456e43adfc5ba27d9e5a60983b69e8496140308fb21061ecb2ff85.blk_read_bytes,0.0
1791047889,2026-10-04T01:18:08,docker.dev-peer0.org1.example.com-saksi-bulletin_1.0-ee3fe73bad456e43adfc5ba27d9e5a60983b69e8496140308fb21061ecb2ff85.blk_write_bytes,0.0
1791047889,2026-10-04T01:18:08,docker.peer0.org2.example.com.cpu_pct,0.45
1791047889,2026-10-04T01:18:08,docker.peer0.org2.example.com.mem_bytes,284268953.6
1791047889,2026-10-04T01:18:08,docker.peer0.org2.example.com.blk_read_bytes,0.0
1791047889,2026-10-04T01:18:08,docker.peer0.org2.example.com.blk_write_bytes,19100000000.0
1791047889,2026-10-04T01:18:08,docker.peer0.org1.example.com.cpu_pct,0.58
1791047889,2026-10-04T01:18:08,docker.peer0.org1.example.com.mem_bytes,357878988.8
1791047889,2026-10-04T01:18:08,docker.peer0.org1.example.com.blk_read_bytes,0.0
1791047889,2026-10-04T01:18:08,docker.peer0.org1.example.com.blk_write_bytes,19100000000.0
1791047889,2026-10-04T01:18:08,docker.orderer.example.com.cpu_pct,0.04
1791047889,2026-10-04T01:18:08,docker.orderer.example.com.mem_bytes,367316172.8
1791047889,2026-10-04T01:18:08,docker.orderer.example.com.blk_read_bytes,0.0
1791047889,2026-10-04T01:18:08,docker.orderer.example.com.blk_write_bytes,9180000000.0
1791047889,2026-10-04T01:18:08,host.MemTotal_kb,64932116
1791047889,2026-10-04T01:18:08,host.MemAvailable_kb,62801100
1791047889,2026-10-04T01:18:08,host.Cached_kb,19186920
1791047889,2026-10-04T01:18:08,host.SwapTotal_kb,0
1791047889,2026-10-04T01:18:08,host.SwapFree_kb,0
1791047889,2026-10-04T01:18:08,host.Dirty_kb,952
1791047889,2026-10-04T01:18:08,host.load1,7.96
1791047889,2026-10-04T01:18:08,host.load5,7.52
1791047889,2026-10-04T01:18:08,host.root_free_bytes,923395964928
1791047889,2026-10-04T01:18:08,host.root_used_bytes,21576871936
1791047889,2026-10-04T01:18:08,io.md2.r/s,0.0
1791047889,2026-10-04T01:18:08,io.md2.rkB/s,0.0
1791047889,2026-10-04T01:18:08,io.md2.r_await,0.0
1791047889,2026-10-04T01:18:08,io.md2.w/s,88.0
1791047889,2026-10-04T01:18:08,io.md2.wkB/s,1124.4
1791047889,2026-10-04T01:18:08,io.md2.w_await,0.35
1791047889,2026-10-04T01:18:08,io.md2.f/s,0.0
1791047889,2026-10-04T01:18:08,io.md2.aqu-sz,0.03
1791047889,2026-10-04T01:18:08,io.md2.%util,2.11
1791047889,2026-10-04T01:18:08,io.nvme0n1.r/s,0.0
1791047889,2026-10-04T01:18:08,io.nvme0n1.rkB/s,0.0
1791047889,2026-10-04T01:18:08,io.nvme0n1.r_await,0.0
1791047889,2026-10-04T01:18:08,io.nvme0n1.w/s,35.9
1791047889,2026-10-04T01:18:08,io.nvme0n1.wkB/s,594.4
1791047889,2026-10-04T01:18:08,io.nvme0n1.w_await,0.53
1791047889,2026-10-04T01:18:08,io.nvme0n1.f/s,5.1
1791047889,2026-10-04T01:18:08,io.nvme0n1.aqu-sz,0.02
1791047889,2026-10-04T01:18:08,io.nvme0n1.%util,1.46
1791047889,2026-10-04T01:18:08,io.nvme1n1.r/s,0.0
1791047889,2026-10-04T01:18:08,io.nvme1n1.rkB/s,0.0
1791047889,2026-10-04T01:18:08,io.nvme1n1.r_await,0.0
1791047889,2026-10-04T01:18:08,io.nvme1n1.w/s,38.8
1791047889,2026-10-04T01:18:08,io.nvme1n1.wkB/s,530.0
1791047889,2026-10-04T01:18:08,io.nvme1n1.w_await,0.63
1791047889,2026-10-04T01:18:08,io.nvme1n1.f/s,5.1
1791047889,2026-10-04T01:18:08,io.nvme1n1.aqu-sz,0.03
1791047889,2026-10-04T01:18:08,io.nvme1n1.%util,1.67
1791047899,2026-10-04T01:18:18,host.cpu_pct,80.57815041922163
1791047899,2026-10-04T01:18:18,host.run_cpu_pct,80.16167067111228
1791047899,2026-10-04T01:18:18,host.nonrun_cpu_pct,0.41647974810935295
1791047899,2026-10-04T01:18:18,docker.dev-peer0.org2.example.com-saksi-bulletin_1.0-ee3fe73bad456e43adfc5ba27d9e5a60983b69e8496140308fb21061ecb2ff85.cpu_pct,0.0
1791047899,2026-10-04T01:18:18,docker.dev-peer0.org2.example.com-saksi-bulletin_1.0-ee3fe73bad456e43adfc5ba27d9e5a60983b69e8496140308fb21061ecb2ff85.mem_bytes,6832521.216
1791047899,2026-10-04T01:18:18,docker.dev-peer0.org2.example.com-saksi-bulletin_1.0-ee3fe73bad456e43adfc5ba27d9e5a60983b69e8496140308fb21061ecb2ff85.blk_read_bytes,0.0
1791047899,2026-10-04T01:18:18,docker.dev-peer0.org2.example.com-saksi-bulletin_1.0-ee3fe73bad456e43adfc5ba27d9e5a60983b69e8496140308fb21061ecb2ff85.blk_write_bytes,0.0
1791047899,2026-10-04T01:18:18,docker.dev-peer0.org1.example.com-saksi-bulletin_1.0-ee3fe73bad456e43adfc5ba27d9e5a60983b69e8496140308fb21061ecb2ff85.cpu_pct,0.01
1791047899,2026-10-04T01:18:18,docker.dev-peer0.org1.example.com-saksi-bulletin_1.0-ee3fe73bad456e43adfc5ba27d9e5a60983b69e8496140308fb21061ecb2ff85.mem_bytes,15644753.92
1791047899,2026-10-04T01:18:18,docker.dev-peer0.org1.example.com-saksi-bulletin_1.0-ee3fe73bad456e43adfc5ba27d9e5a60983b69e8496140308fb21061ecb2ff85.blk_read_bytes,0.0
1791047899,2026-10-04T01:18:18,docker.dev-peer0.org1.example.com-saksi-bulletin_1.0-ee3fe73bad456e43adfc5ba27d9e5a60983b69e8496140308fb21061ecb2ff85.blk_write_bytes,0.0
1791047899,2026-10-04T01:18:18,docker.peer0.org2.example.com.cpu_pct,2.1
1791047899,2026-10-04T01:18:18,docker.peer0.org2.example.com.mem_bytes,284478668.8
1791047899,2026-10-04T01:18:18,docker.peer0.org2.example.com.blk_read_bytes,0.0
1791047899,2026-10-04T01:18:18,docker.peer0.org2.example.com.blk_write_bytes,19100000000.0
1791047899,2026-10-04T01:18:18,docker.peer0.org1.example.com.cpu_pct,1.98
1791047899,2026-10-04T01:18:18,docker.peer0.org1.example.com.mem_bytes,358927564.8
1791047899,2026-10-04T01:18:18,docker.peer0.org1.example.com.blk_read_bytes,0.0
1791047899,2026-10-04T01:18:18,docker.peer0.org1.example.com.blk_write_bytes,19100000000.0
1791047899,2026-10-04T01:18:18,docker.orderer.example.com.cpu_pct,0.09
1791047899,2026-10-04T01:18:18,docker.orderer.example.com.mem_bytes,367630745.6
1791047899,2026-10-04T01:18:18,docker.orderer.example.com.blk_read_bytes,0.0
1791047899,2026-10-04T01:18:18,docker.orderer.example.com.blk_write_bytes,9180000000.0
1791047899,2026-10-04T01:18:18,host.MemTotal_kb,64932116
1791047899,2026-10-04T01:18:18,host.MemAvailable_kb,62766704
1791047899,2026-10-04T01:18:18,host.Cached_kb,19424324
1791047899,2026-10-04T01:18:18,host.SwapTotal_kb,0
1791047899,2026-10-04T01:18:18,host.SwapFree_kb,0
1791047899,2026-10-04T01:18:18,host.Dirty_kb,238516
1791047899,2026-10-04T01:18:18,host.load1,8.0
1791047899,2026-10-04T01:18:18,host.load5,7.55
1791047899,2026-10-04T01:18:18,host.root_free_bytes,923152859136
1791047899,2026-10-04T01:18:18,host.root_used_bytes,21819977728
1791047899,2026-10-04T01:18:18,io.md2.r/s,0.0
1791047899,2026-10-04T01:18:18,io.md2.rkB/s,0.0
1791047899,2026-10-04T01:18:18,io.md2.r_await,0.0
1791047899,2026-10-04T01:18:18,io.md2.w/s,147.6
1791047899,2026-10-04T01:18:18,io.md2.wkB/s,11355.6
1791047899,2026-10-04T01:18:18,io.md2.w_await,0.13
1791047899,2026-10-04T01:18:18,io.md2.f/s,0.0
1791047899,2026-10-04T01:18:18,io.md2.aqu-sz,0.02
1791047899,2026-10-04T01:18:18,io.md2.%util,0.62
1791047899,2026-10-04T01:18:18,io.nvme0n1.r/s,0.0
1791047899,2026-10-04T01:18:18,io.nvme0n1.rkB/s,0.0
1791047899,2026-10-04T01:18:18,io.nvme0n1.r_await,0.0
1791047899,2026-10-04T01:18:18,io.nvme0n1.w/s,69.2
1791047899,2026-10-04T01:18:18,io.nvme0n1.wkB/s,5648.0
1791047899,2026-10-04T01:18:18,io.nvme0n1.w_await,0.2
1791047899,2026-10-04T01:18:18,io.nvme0n1.f/s,0.2
1791047899,2026-10-04T01:18:18,io.nvme0n1.aqu-sz,0.01
1791047899,2026-10-04T01:18:18,io.nvme0n1.%util,0.2
1791047899,2026-10-04T01:18:18,io.nvme1n1.r/s,0.0
1791047899,2026-10-04T01:18:18,io.nvme1n1.rkB/s,0.0
1791047899,2026-10-04T01:18:18,io.nvme1n1.r_await,0.0
1791047899,2026-10-04T01:18:18,io.nvme1n1.w/s,68.6
1791047899,2026-10-04T01:18:18,io.nvme1n1.wkB/s,5707.6
1791047899,2026-10-04T01:18:18,io.nvme1n1.w_await,0.17
1791047899,2026-10-04T01:18:18,io.nvme1n1.f/s,0.2
1791047899,2026-10-04T01:18:18,io.nvme1n1.aqu-sz,0.01
1791047899,2026-10-04T01:18:18,io.nvme1n1.%util,0.13
1791047909,2026-10-04T01:18:28,host.cpu_pct,22.736482208433582
1791047909,2026-10-04T01:18:28,host.run_cpu_pct,22.757074022339136
1791047909,2026-10-04T01:18:28,host.nonrun_cpu_pct,0.0
1791047909,2026-10-04T01:18:28,docker.dev-peer0.org2.example.com-saksi-bulletin_1.0-ee3fe73bad456e43adfc5ba27d9e5a60983b69e8496140308fb21061ecb2ff85.cpu_pct,0.0
1791047909,2026-10-04T01:18:28,docker.dev-peer0.org2.example.com-saksi-bulletin_1.0-ee3fe73bad456e43adfc5ba27d9e5a60983b69e8496140308fb21061ecb2ff85.mem_bytes,6832521.216
1791047909,2026-10-04T01:18:28,docker.dev-peer0.org2.example.com-saksi-bulletin_1.0-ee3fe73bad456e43adfc5ba27d9e5a60983b69e8496140308fb21061ecb2ff85.blk_read_bytes,0.0
1791047909,2026-10-04T01:18:28,docker.dev-peer0.org2.example.com-saksi-bulletin_1.0-ee3fe73bad456e43adfc5ba27d9e5a60983b69e8496140308fb21061ecb2ff85.blk_write_bytes,0.0
1791047909,2026-10-04T01:18:28,docker.dev-peer0.org1.example.com-saksi-bulletin_1.0-ee3fe73bad456e43adfc5ba27d9e5a60983b69e8496140308fb21061ecb2ff85.cpu_pct,370.74
1791047909,2026-10-04T01:18:28,docker.dev-peer0.org1.example.com-saksi-bulletin_1.0-ee3fe73bad456e43adfc5ba27d9e5a60983b69e8496140308fb21061ecb2ff85.mem_bytes,21569208.32
1791047909,2026-10-04T01:18:28,docker.dev-peer0.org1.example.com-saksi-bulletin_1.0-ee3fe73bad456e43adfc5ba27d9e5a60983b69e8496140308fb21061ecb2ff85.blk_read_bytes,0.0
1791047909,2026-10-04T01:18:28,docker.dev-peer0.org1.example.com-saksi-bulletin_1.0-ee3fe73bad456e43adfc5ba27d9e5a60983b69e8496140308fb21061ecb2ff85.blk_write_bytes,0.0
1791047909,2026-10-04T01:18:28,docker.peer0.org2.example.com.cpu_pct,62.41
1791047909,2026-10-04T01:18:28,docker.peer0.org2.example.com.mem_bytes,300207308.8
1791047909,2026-10-04T01:18:28,docker.peer0.org2.example.com.blk_read_bytes,0.0
1791047909,2026-10-04T01:18:28,docker.peer0.org2.example.com.blk_write_bytes,19500000000.0
1791047909,2026-10-04T01:18:28,docker.peer0.org1.example.com.cpu_pct,187.77
1791047909,2026-10-04T01:18:28,docker.peer0.org1.example.com.mem_bytes,310693068.8
1791047909,2026-10-04T01:18:28,docker.peer0.org1.example.com.blk_read_bytes,0.0
1791047909,2026-10-04T01:18:28,docker.peer0.org1.example.com.blk_write_bytes,19500000000.0
1791047909,2026-10-04T01:18:28,docker.orderer.example.com.cpu_pct,51.15
1791047909,2026-10-04T01:18:28,docker.orderer.example.com.mem_bytes,460954009.6
1791047909,2026-10-04T01:18:28,docker.orderer.example.com.blk_read_bytes,0.0
1791047909,2026-10-04T01:18:28,docker.orderer.example.com.blk_write_bytes,9360000000.0
1791047909,2026-10-04T01:18:28,host.MemTotal_kb,64932116
1791047909,2026-10-04T01:18:28,host.MemAvailable_kb,62722568
1791047909,2026-10-04T01:18:28,host.Cached_kb,19666472
1791047909,2026-10-04T01:18:28,host.SwapTotal_kb,0
1791047909,2026-10-04T01:18:28,host.SwapFree_kb,0
1791047909,2026-10-04T01:18:28,host.Dirty_kb,228376
1791047909,2026-10-04T01:18:28,host.load1,7.79
1791047909,2026-10-04T01:18:28,host.load5,7.51
1791047909,2026-10-04T01:18:28,host.root_free_bytes,922957000704
1791047909,2026-10-04T01:18:28,host.root_used_bytes,22015836160
1791047909,2026-10-04T01:18:28,io.md2.r/s,0.0
1791047909,2026-10-04T01:18:28,io.md2.rkB/s,0.0
1791047909,2026-10-04T01:18:28,io.md2.r_await,0.0
1791047909,2026-10-04T01:18:28,io.md2.w/s,53.0
1791047909,2026-10-04T01:18:28,io.md2.wkB/s,232.0
1791047909,2026-10-04T01:18:28,io.md2.w_await,0.22
1791047909,2026-10-04T01:18:28,io.md2.f/s,0.0
1791047909,2026-10-04T01:18:28,io.md2.aqu-sz,0.01
1791047909,2026-10-04T01:18:28,io.md2.%util,0.62
1791047909,2026-10-04T01:18:28,io.nvme0n1.r/s,0.0
1791047909,2026-10-04T01:18:28,io.nvme0n1.rkB/s,0.0
1791047909,2026-10-04T01:18:28,io.nvme0n1.r_await,0.0
1791047909,2026-10-04T01:18:28,io.nvme0n1.w/s,23.9
1791047909,2026-10-04T01:18:28,io.nvme0n1.wkB/s,120.4
1791047909,2026-10-04T01:18:28,io.nvme0n1.w_await,0.23
1791047909,2026-10-04T01:18:28,io.nvme0n1.f/s,1.0
1791047909,2026-10-04T01:18:28,io.nvme0n1.aqu-sz,0.01
1791047909,2026-10-04T01:18:28,io.nvme0n1.%util,0.26
1791047909,2026-10-04T01:18:28,io.nvme1n1.r/s,0.0
1791047909,2026-10-04T01:18:28,io.nvme1n1.rkB/s,0.0
1791047909,2026-10-04T01:18:28,io.nvme1n1.r_await,0.0
1791047909,2026-10-04T01:18:28,io.nvme1n1.w/s,22.8
1791047909,2026-10-04T01:18:28,io.nvme1n1.wkB/s,111.6
1791047909,2026-10-04T01:18:28,io.nvme1n1.w_await,0.25
1791047909,2026-10-04T01:18:28,io.nvme1n1.f/s,1.0
1791047909,2026-10-04T01:18:28,io.nvme1n1.aqu-sz,0.01
1791047909,2026-10-04T01:18:28,io.nvme1n1.%util,0.34
1791047919,2026-10-04T01:18:38,host.cpu_pct,45.904458598726116
1791047919,2026-10-04T01:18:38,host.run_cpu_pct,45.35512528730834
1791047919,2026-10-04T01:18:38,host.nonrun_cpu_pct,0.5493333114177759
1791047919,2026-10-04T01:18:38,docker.dev-peer0.org2.example.com-saksi-bulletin_1.0-ee3fe73bad456e43adfc5ba27d9e5a60983b69e8496140308fb21061ecb2ff85.cpu_pct,0.0
1791047919,2026-10-04T01:18:38,docker.dev-peer0.org2.example.com-saksi-bulletin_1.0-ee3fe73bad456e43adfc5ba27d9e5a60983b69e8496140308fb21061ecb2ff85.mem_bytes,6832521.216
1791047919,2026-10-04T01:18:38,docker.dev-peer0.org2.example.com-saksi-bulletin_1.0-ee3fe73bad456e43adfc5ba27d9e5a60983b69e8496140308fb21061ecb2ff85.blk_read_bytes,0.0
1791047919,2026-10-04T01:18:38,docker.dev-peer0.org2.example.com-saksi-bulletin_1.0-ee3fe73bad456e43adfc5ba27d9e5a60983b69e8496140308fb21061ecb2ff85.blk_write_bytes,0.0
1791047919,2026-10-04T01:18:38,docker.dev-peer0.org1.example.com-saksi-bulletin_1.0-ee3fe73bad456e43adfc5ba27d9e5a60983b69e8496140308fb21061ecb2ff85.cpu_pct,357.69
1791047919,2026-10-04T01:18:38,docker.dev-peer0.org1.example.com-saksi-bulletin_1.0-ee3fe73bad456e43adfc5ba27d9e5a60983b69e8496140308fb21061ecb2ff85.mem_bytes,21191720.96
1791047919,2026-10-04T01:18:38,docker.dev-peer0.org1.example.com-saksi-bulletin_1.0-ee3fe73bad456e43adfc5ba27d9e5a60983b69e8496140308fb21061ecb2ff85.blk_read_bytes,0.0
1791047919,2026-10-04T01:18:38,docker.dev-peer0.org1.example.com-saksi-bulletin_1.0-ee3fe73bad456e43adfc5ba27d9e5a60983b69e8496140308fb21061ecb2ff85.blk_write_bytes,0.0
1791047919,2026-10-04T01:18:38,docker.peer0.org2.example.com.cpu_pct,73.19
1791047919,2026-10-04T01:18:38,docker.peer0.org2.example.com.mem_bytes,296851865.6
1791047919,2026-10-04T01:18:38,docker.peer0.org2.example.com.blk_read_bytes,0.0
1791047919,2026-10-04T01:18:38,docker.peer0.org2.example.com.blk_write_bytes,20200000000.0
1791047919,2026-10-04T01:18:38,docker.peer0.org1.example.com.cpu_pct,205.07
1791047919,2026-10-04T01:18:38,docker.peer0.org1.example.com.mem_bytes,317299097.6
1791047919,2026-10-04T01:18:38,docker.peer0.org1.example.com.blk_read_bytes,0.0
1791047919,2026-10-04T01:18:38,docker.peer0.org1.example.com.blk_write_bytes,20200000000.0
1791047919,2026-10-04T01:18:38,docker.orderer.example.com.cpu_pct,50.11
1791047919,2026-10-04T01:18:38,docker.orderer.example.com.mem_bytes,627258163.2
1791047919,2026-10-04T01:18:38,docker.orderer.example.com.blk_read_bytes,0.0
1791047919,2026-10-04T01:18:38,docker.orderer.example.com.blk_write_bytes,9680000000.0
1791047919,2026-10-04T01:18:38,host.MemTotal_kb,64932116
1791047919,2026-10-04T01:18:38,host.MemAvailable_kb,62547084
1791047919,2026-10-04T01:18:38,host.Cached_kb,20034740
1791047919,2026-10-04T01:18:38,host.SwapTotal_kb,0
1791047919,2026-10-04T01:18:38,host.SwapFree_kb,0
1791047919,2026-10-04T01:18:38,host.Dirty_kb,8048
1791047919,2026-10-04T01:18:38,host.load1,10.42
1791047919,2026-10-04T01:18:38,host.load5,8.09
1791047919,2026-10-04T01:18:38,host.root_free_bytes,922529722368
1791047919,2026-10-04T01:18:38,host.root_used_bytes,22443114496
1791047919,2026-10-04T01:18:38,io.md2.r/s,0.0
1791047919,2026-10-04T01:18:38,io.md2.rkB/s,0.0
1791047919,2026-10-04T01:18:38,io.md2.r_await,0.0
1791047919,2026-10-04T01:18:38,io.md2.w/s,1238.4
1791047919,2026-10-04T01:18:38,io.md2.wkB/s,44605.6
1791047919,2026-10-04T01:18:38,io.md2.w_await,0.31
1791047919,2026-10-04T01:18:38,io.md2.f/s,0.0
1791047919,2026-10-04T01:18:38,io.md2.aqu-sz,0.38
1791047919,2026-10-04T01:18:38,io.md2.%util,32.03
1791047919,2026-10-04T01:18:38,io.nvme0n1.r/s,0.0
1791047919,2026-10-04T01:18:38,io.nvme0n1.rkB/s,0.0
1791047919,2026-10-04T01:18:38,io.nvme0n1.r_await,0.0
1791047919,2026-10-04T01:18:38,io.nvme0n1.w/s,403.9
1791047919,2026-10-04T01:18:38,io.nvme0n1.wkB/s,22037.2
1791047919,2026-10-04T01:18:38,io.nvme0n1.w_await,0.67
1791047919,2026-10-04T01:18:38,io.nvme0n1.f/s,81.4
1791047919,2026-10-04T01:18:38,io.nvme0n1.aqu-sz,0.36
1791047919,2026-10-04T01:18:38,io.nvme0n1.%util,21.75
1791047919,2026-10-04T01:18:38,io.nvme1n1.r/s,0.0
1791047919,2026-10-04T01:18:38,io.nvme1n1.rkB/s,0.0
1791047919,2026-10-04T01:18:38,io.nvme1n1.r_await,0.0
1791047919,2026-10-04T01:18:38,io.nvme1n1.w/s,425.7
1791047919,2026-10-04T01:18:38,io.nvme1n1.wkB/s,22568.4
1791047919,2026-10-04T01:18:38,io.nvme1n1.w_await,0.64
1791047919,2026-10-04T01:18:38,io.nvme1n1.f/s,81.5
1791047919,2026-10-04T01:18:38,io.nvme1n1.aqu-sz,0.37
1791047919,2026-10-04T01:18:38,io.nvme1n1.%util,20.82
1791047929,2026-10-04T01:18:48,host.cpu_pct,45.875533473469645
1791047929,2026-10-04T01:18:48,host.run_cpu_pct,45.375463897123254
1791047929,2026-10-04T01:18:48,host.nonrun_cpu_pct,0.5000695763463909
1791047929,2026-10-04T01:18:48,docker.dev-peer0.org2.example.com-saksi-bulletin_1.0-ee3fe73bad456e43adfc5ba27d9e5a60983b69e8496140308fb21061ecb2ff85.cpu_pct,0.0
1791047929,2026-10-04T01:18:48,docker.dev-peer0.org2.example.com-saksi-bulletin_1.0-ee3fe73bad456e43adfc5ba27d9e5a60983b69e8496140308fb21061ecb2ff85.mem_bytes,6832521.216
1791047929,2026-10-04T01:18:48,docker.dev-peer0.org2.example.com-saksi-bulletin_1.0-ee3fe73bad456e43adfc5ba27d9e5a60983b69e8496140308fb21061ecb2ff85.blk_read_bytes,0.0
1791047929,2026-10-04T01:18:48,docker.dev-peer0.org2.example.com-saksi-bulletin_1.0-ee3fe73bad456e43adfc5ba27d9e5a60983b69e8496140308fb21061ecb2ff85.blk_write_bytes,0.0
1791047929,2026-10-04T01:18:48,docker.dev-peer0.org1.example.com-saksi-bulletin_1.0-ee3fe73bad456e43adfc5ba27d9e5a60983b69e8496140308fb21061ecb2ff85.cpu_pct,353.64
1791047929,2026-10-04T01:18:48,docker.dev-peer0.org1.example.com-saksi-bulletin_1.0-ee3fe73bad456e43adfc5ba27d9e5a60983b69e8496140308fb21061ecb2ff85.mem_bytes,21485322.24
1791047929,2026-10-04T01:18:48,docker.dev-peer0.org1.example.com-saksi-bulletin_1.0-ee3fe73bad456e43adfc5ba27d9e5a60983b69e8496140308fb21061ecb2ff85.blk_read_bytes,0.0
1791047929,2026-10-04T01:18:48,docker.dev-peer0.org1.example.com-saksi-bulletin_1.0-ee3fe73bad456e43adfc5ba27d9e5a60983b69e8496140308fb21061ecb2ff85.blk_write_bytes,0.0
1791047929,2026-10-04T01:18:48,docker.peer0.org2.example.com.cpu_pct,54.53
1791047929,2026-10-04T01:18:48,docker.peer0.org2.example.com.mem_bytes,318662246.4
1791047929,2026-10-04T01:18:48,docker.peer0.org2.example.com.blk_read_bytes,0.0
1791047929,2026-10-04T01:18:48,docker.peer0.org2.example.com.blk_write_bytes,20900000000.0
1791047929,2026-10-04T01:18:48,docker.peer0.org1.example.com.cpu_pct,187.28
1791047929,2026-10-04T01:18:48,docker.peer0.org1.example.com.mem_bytes,324114841.6
1791047929,2026-10-04T01:18:48,docker.peer0.org1.example.com.blk_read_bytes,0.0
1791047929,2026-10-04T01:18:48,docker.peer0.org1.example.com.blk_write_bytes,20900000000.0
1791047929,2026-10-04T01:18:48,docker.orderer.example.com.cpu_pct,49.15
1791047929,2026-10-04T01:18:48,docker.orderer.example.com.mem_bytes,238551040.0
1791047929,2026-10-04T01:18:48,docker.orderer.example.com.blk_read_bytes,0.0
1791047929,2026-10-04T01:18:48,docker.orderer.example.com.blk_write_bytes,10000000000.0
1791047929,2026-10-04T01:18:48,host.MemTotal_kb,64932116
1791047929,2026-10-04T01:18:48,host.MemAvailable_kb,62896468
1791047929,2026-10-04T01:18:48,host.Cached_kb,20089468
1791047929,2026-10-04T01:18:48,host.SwapTotal_kb,0
1791047929,2026-10-04T01:18:48,host.SwapFree_kb,0
1791047929,2026-10-04T01:18:48,host.Dirty_kb,28920
1791047929,2026-10-04T01:18:48,host.load1,12.65
1791047929,2026-10-04T01:18:48,host.load5,8.64
1791047929,2026-10-04T01:18:48,host.root_free_bytes,922488160256
1791047929,2026-10-04T01:18:48,host.root_used_bytes,22484676608
1791047929,2026-10-04T01:18:48,io.md2.r/s,0.0
1791047929,2026-10-04T01:18:48,io.md2.rkB/s,0.0
1791047929,2026-10-04T01:18:48,io.md2.r_await,0.0
1791047929,2026-10-04T01:18:48,io.md2.w/s,2659.9
1791047929,2026-10-04T01:18:48,io.md2.wkB/s,106258.4
1791047929,2026-10-04T01:18:48,io.md2.w_await,0.31
1791047929,2026-10-04T01:18:48,io.md2.f/s,0.0
1791047929,2026-10-04T01:18:48,io.md2.aqu-sz,0.83
1791047929,2026-10-04T01:18:48,io.md2.%util,68.36
1791047929,2026-10-04T01:18:48,io.nvme0n1.r/s,0.0
1791047929,2026-10-04T01:18:48,io.nvme0n1.rkB/s,0.0
1791047929,2026-10-04T01:18:48,io.nvme0n1.r_await,0.0
1791047929,2026-10-04T01:18:48,io.nvme0n1.w/s,890.7
1791047929,2026-10-04T01:18:48,io.nvme0n1.wkB/s,52681.6
1791047929,2026-10-04T01:18:48,io.nvme0n1.w_await,0.66
1791047929,2026-10-04T01:18:48,io.nvme0n1.f/s,173.8
1791047929,2026-10-04T01:18:48,io.nvme0n1.aqu-sz,0.78
1791047929,2026-10-04T01:18:48,io.nvme0n1.%util,46.2
1791047929,2026-10-04T01:18:48,io.nvme1n1.r/s,0.0
1791047929,2026-10-04T01:18:48,io.nvme1n1.rkB/s,0.0
1791047929,2026-10-04T01:18:48,io.nvme1n1.r_await,0.0
1791047929,2026-10-04T01:18:48,io.nvme1n1.w/s,927.0
1791047929,2026-10-04T01:18:48,io.nvme1n1.wkB/s,53576.8
1791047929,2026-10-04T01:18:48,io.nvme1n1.w_await,0.65
1791047929,2026-10-04T01:18:48,io.nvme1n1.f/s,173.7
1791047929,2026-10-04T01:18:48,io.nvme1n1.aqu-sz,0.8
1791047929,2026-10-04T01:18:48,io.nvme1n1.%util,45.18
1791047939,2026-10-04T01:18:58,host.cpu_pct,46.40898073733894
1791047939,2026-10-04T01:18:58,host.run_cpu_pct,45.92598400698006
1791047939,2026-10-04T01:18:58,host.nonrun_cpu_pct,0.48299673035888446
1791047939,2026-10-04T01:18:58,docker.dev-peer0.org2.example.com-saksi-bulletin_1.0-ee3fe73bad456e43adfc5ba27d9e5a60983b69e8496140308fb21061ecb2ff85.cpu_pct,0.0
1791047939,2026-10-04T01:18:58,docker.dev-peer0.org2.example.com-saksi-bulletin_1.0-ee3fe73bad456e43adfc5ba27d9e5a60983b69e8496140308fb21061ecb2ff85.mem_bytes,6880755.712
1791047939,2026-10-04T01:18:58,docker.dev-peer0.org2.example.com-saksi-bulletin_1.0-ee3fe73bad456e43adfc5ba27d9e5a60983b69e8496140308fb21061ecb2ff85.blk_read_bytes,0.0
1791047939,2026-10-04T01:18:58,docker.dev-peer0.org2.example.com-saksi-bulletin_1.0-ee3fe73bad456e43adfc5ba27d9e5a60983b69e8496140308fb21061ecb2ff85.blk_write_bytes,0.0
1791047939,2026-10-04T01:18:58,docker.dev-peer0.org1.example.com-saksi-bulletin_1.0-ee3fe73bad456e43adfc5ba27d9e5a60983b69e8496140308fb21061ecb2ff85.cpu_pct,73.54
1791047939,2026-10-04T01:18:58,docker.dev-peer0.org1.example.com-saksi-bulletin_1.0-ee3fe73bad456e43adfc5ba27d9e5a60983b69e8496140308fb21061ecb2ff85.mem_bytes,16494100.48
1791047939,2026-10-04T01:18:58,docker.dev-peer0.org1.example.com-saksi-bulletin_1.0-ee3fe73bad456e43adfc5ba27d9e5a60983b69e8496140308fb21061ecb2ff85.blk_read_bytes,0.0
1791047939,2026-10-04T01:18:58,docker.dev-peer0.org1.example.com-saksi-bulletin_1.0-ee3fe73bad456e43adfc5ba27d9e5a60983b69e8496140308fb21061ecb2ff85.blk_write_bytes,0.0
1791047939,2026-10-04T01:18:58,docker.peer0.org2.example.com.cpu_pct,41.42
1791047939,2026-10-04T01:18:58,docker.peer0.org2.example.com.mem_bytes,320759398.4
1791047939,2026-10-04T01:18:58,docker.peer0.org2.example.com.blk_read_bytes,0.0
1791047939,2026-10-04T01:18:58,docker.peer0.org2.example.com.blk_write_bytes,21900000000.0
1791047939,2026-10-04T01:18:58,docker.peer0.org1.example.com.cpu_pct,91.26
1791047939,2026-10-04T01:18:58,docker.peer0.org1.example.com.mem_bytes,369937612.8
1791047939,2026-10-04T01:18:58,docker.peer0.org1.example.com.blk_read_bytes,0.0
1791047939,2026-10-04T01:18:58,docker.peer0.org1.example.com.blk_write_bytes,21900000000.0
1791047939,2026-10-04T01:18:58,docker.orderer.example.com.cpu_pct,9.96
1791047939,2026-10-04T01:18:58,docker.orderer.example.com.mem_bytes,401080320.0
1791047939,2026-10-04T01:18:58,docker.orderer.example.com.blk_read_bytes,0.0
1791047939,2026-10-04T01:18:58,docker.orderer.example.com.blk_write_bytes,10300000000.0
1791047939,2026-10-04T01:18:58,host.MemTotal_kb,64932116
1791047939,2026-10-04T01:18:58,host.MemAvailable_kb,62634904
1791047939,2026-10-04T01:18:58,host.Cached_kb,20432140
1791047939,2026-10-04T01:18:58,host.SwapTotal_kb,0
1791047939,2026-10-04T01:18:58,host.SwapFree_kb,0
1791047939,2026-10-04T01:18:58,host.Dirty_kb,16692
1791047939,2026-10-04T01:18:58,host.load1,11.32
1791047939,2026-10-04T01:18:58,host.load5,8.49
1791047939,2026-10-04T01:18:58,host.root_free_bytes,922145427456
1791047939,2026-10-04T01:18:58,host.root_used_bytes,22827409408
1791047939,2026-10-04T01:18:58,io.md2.r/s,0.0
1791047939,2026-10-04T01:18:58,io.md2.rkB/s,0.0
1791047939,2026-10-04T01:18:58,io.md2.r_await,0.0
1791047939,2026-10-04T01:18:58,io.md2.w/s,2581.5
1791047939,2026-10-04T01:18:58,io.md2.wkB/s,93686.8
1791047939,2026-10-04T01:18:58,io.md2.w_await,0.31
1791047939,2026-10-04T01:18:58,io.md2.f/s,0.0
1791047939,2026-10-04T01:18:58,io.md2.aqu-sz,0.8
1791047939,2026-10-04T01:18:58,io.md2.%util,68.07
1791047939,2026-10-04T01:18:58,io.nvme0n1.r/s,0.0
1791047939,2026-10-04T01:18:58,io.nvme0n1.rkB/s,0.0
1791047939,2026-10-04T01:18:58,io.nvme0n1.r_await,0.0
1791047939,2026-10-04T01:18:58,io.nvme0n1.w/s,845.7
1791047939,2026-10-04T01:18:58,io.nvme0n1.wkB/s,46410.0
1791047939,2026-10-04T01:18:58,io.nvme0n1.w_await,0.68
1791047939,2026-10-04T01:18:58,io.nvme0n1.f/s,173.7
1791047939,2026-10-04T01:18:58,io.nvme0n1.aqu-sz,0.77
1791047939,2026-10-04T01:18:58,io.nvme0n1.%util,45.69
1791047939,2026-10-04T01:18:58,io.nvme1n1.r/s,0.0
1791047939,2026-10-04T01:18:58,io.nvme1n1.rkB/s,0.0
1791047939,2026-10-04T01:18:58,io.nvme1n1.r_await,0.0
1791047939,2026-10-04T01:18:58,io.nvme1n1.w/s,868.8
1791047939,2026-10-04T01:18:58,io.nvme1n1.wkB/s,47276.8
1791047939,2026-10-04T01:18:58,io.nvme1n1.w_await,0.66
1791047939,2026-10-04T01:18:58,io.nvme1n1.f/s,173.7
1791047939,2026-10-04T01:18:58,io.nvme1n1.aqu-sz,0.77
1791047939,2026-10-04T01:18:58,io.nvme1n1.%util,43.68
1791047949,2026-10-04T01:19:08,host.cpu_pct,15.450806706738375
1791047949,2026-10-04T01:19:08,host.run_cpu_pct,15.653199375139291
1791047949,2026-10-04T01:19:08,host.nonrun_cpu_pct,0.0
1791047949,2026-10-04T01:19:08,docker.dev-peer0.org2.example.com-saksi-bulletin_1.0-ee3fe73bad456e43adfc5ba27d9e5a60983b69e8496140308fb21061ecb2ff85.cpu_pct,0.0
1791047949,2026-10-04T01:19:08,docker.dev-peer0.org2.example.com-saksi-bulletin_1.0-ee3fe73bad456e43adfc5ba27d9e5a60983b69e8496140308fb21061ecb2ff85.mem_bytes,6880755.712
1791047949,2026-10-04T01:19:08,docker.dev-peer0.org2.example.com-saksi-bulletin_1.0-ee3fe73bad456e43adfc5ba27d9e5a60983b69e8496140308fb21061ecb2ff85.blk_read_bytes,0.0
1791047949,2026-10-04T01:19:08,docker.dev-peer0.org2.example.com-saksi-bulletin_1.0-ee3fe73bad456e43adfc5ba27d9e5a60983b69e8496140308fb21061ecb2ff85.blk_write_bytes,0.0
1791047949,2026-10-04T01:19:08,docker.dev-peer0.org1.example.com-saksi-bulletin_1.0-ee3fe73bad456e43adfc5ba27d9e5a60983b69e8496140308fb21061ecb2ff85.cpu_pct,0.0
1791047949,2026-10-04T01:19:08,docker.dev-peer0.org1.example.com-saksi-bulletin_1.0-ee3fe73bad456e43adfc5ba27d9e5a60983b69e8496140308fb21061ecb2ff85.mem_bytes,15739125.76
1791047949,2026-10-04T01:19:08,docker.dev-peer0.org1.example.com-saksi-bulletin_1.0-ee3fe73bad456e43adfc5ba27d9e5a60983b69e8496140308fb21061ecb2ff85.blk_read_bytes,0.0
1791047949,2026-10-04T01:19:08,docker.dev-peer0.org1.example.com-saksi-bulletin_1.0-ee3fe73bad456e43adfc5ba27d9e5a60983b69e8496140308fb21061ecb2ff85.blk_write_bytes,0.0
1791047949,2026-10-04T01:19:08,docker.peer0.org2.example.com.cpu_pct,1.74
1791047949,2026-10-04T01:19:08,docker.peer0.org2.example.com.mem_bytes,320864256.0
1791047949,2026-10-04T01:19:08,docker.peer0.org2.example.com.blk_read_bytes,0.0
1791047949,2026-10-04T01:19:08,docker.peer0.org2.example.com.blk_write_bytes,21900000000.0
1791047949,2026-10-04T01:19:08,docker.peer0.org1.example.com.cpu_pct,1.99
1791047949,2026-10-04T01:19:08,docker.peer0.org1.example.com.mem_bytes,310588211.2
1791047949,2026-10-04T01:19:08,docker.peer0.org1.example.com.blk_read_bytes,0.0
1791047949,2026-10-04T01:19:08,docker.peer0.org1.example.com.blk_write_bytes,21900000000.0
1791047949,2026-10-04T01:19:08,docker.orderer.example.com.cpu_pct,1.08
1791047949,2026-10-04T01:19:08,docker.orderer.example.com.mem_bytes,401080320.0
1791047949,2026-10-04T01:19:08,docker.orderer.example.com.blk_read_bytes,0.0
1791047949,2026-10-04T01:19:08,docker.orderer.example.com.blk_write_bytes,10300000000.0
1791047949,2026-10-04T01:19:08,host.MemTotal_kb,64932116
1791047949,2026-10-04T01:19:08,host.MemAvailable_kb,62813252
1791047949,2026-10-04T01:19:08,host.Cached_kb,20441352
1791047949,2026-10-04T01:19:08,host.SwapTotal_kb,0
1791047949,2026-10-04T01:19:08,host.SwapFree_kb,0
1791047949,2026-10-04T01:19:08,host.Dirty_kb,15808
1791047949,2026-10-04T01:19:08,host.load1,9.65
1791047949,2026-10-04T01:19:08,host.load5,8.23
1791047949,2026-10-04T01:19:08,host.root_free_bytes,922136076288
1791047949,2026-10-04T01:19:08,host.root_used_bytes,22836760576
1791047949,2026-10-04T01:19:08,io.md2.r/s,0.0
1791047949,2026-10-04T01:19:08,io.md2.rkB/s,0.0
1791047949,2026-10-04T01:19:08,io.md2.r_await,0.0
1791047949,2026-10-04T01:19:08,io.md2.w/s,2864.5
1791047949,2026-10-04T01:19:08,io.md2.wkB/s,119260.4
1791047949,2026-10-04T01:19:08,io.md2.w_await,0.29
1791047949,2026-10-04T01:19:08,io.md2.f/s,0.0
1791047949,2026-10-04T01:19:08,io.md2.aqu-sz,0.83
1791047949,2026-10-04T01:19:08,io.md2.%util,68.07
1791047949,2026-10-04T01:19:08,io.nvme0n1.r/s,0.0
1791047949,2026-10-04T01:19:08,io.nvme0n1.rkB/s,0.0
1791047949,2026-10-04T01:19:08,io.nvme0n1.r_await,0.0
1791047949,2026-10-04T01:19:08,io.nvme0n1.w/s,938.3
1791047949,2026-10-04T01:19:08,io.nvme0n1.wkB/s,58917.2
1791047949,2026-10-04T01:19:08,io.nvme0n1.w_await,0.63
1791047949,2026-10-04T01:19:08,io.nvme0n1.f/s,174.1
1791047949,2026-10-04T01:19:08,io.nvme0n1.aqu-sz,0.78
1791047949,2026-10-04T01:19:08,io.nvme0n1.%util,45.22
1791047949,2026-10-04T01:19:08,io.nvme1n1.r/s,0.0
1791047949,2026-10-04T01:19:08,io.nvme1n1.rkB/s,0.0
1791047949,2026-10-04T01:19:08,io.nvme1n1.r_await,0.0
1791047949,2026-10-04T01:19:08,io.nvme1n1.w/s,993.2
1791047949,2026-10-04T01:19:08,io.nvme1n1.wkB/s,60343.2
1791047949,2026-10-04T01:19:08,io.nvme1n1.w_await,0.6
1791047949,2026-10-04T01:19:08,io.nvme1n1.f/s,174.1
1791047949,2026-10-04T01:19:08,io.nvme1n1.aqu-sz,0.8
1791047949,2026-10-04T01:19:08,io.nvme1n1.%util,43.83
1791047959,2026-10-04T01:19:18,host.cpu_pct,1.8814497860558772
1791047959,2026-10-04T01:19:18,host.run_cpu_pct,1.941763333654878
1791047959,2026-10-04T01:19:18,host.nonrun_cpu_pct,0.0
1791047959,2026-10-04T01:19:18,docker.dev-peer0.org2.example.com-saksi-bulletin_1.0-ee3fe73bad456e43adfc5ba27d9e5a60983b69e8496140308fb21061ecb2ff85.cpu_pct,0.0
1791047959,2026-10-04T01:19:18,docker.dev-peer0.org2.example.com-saksi-bulletin_1.0-ee3fe73bad456e43adfc5ba27d9e5a60983b69e8496140308fb21061ecb2ff85.mem_bytes,6880755.712
1791047959,2026-10-04T01:19:18,docker.dev-peer0.org2.example.com-saksi-bulletin_1.0-ee3fe73bad456e43adfc5ba27d9e5a60983b69e8496140308fb21061ecb2ff85.blk_read_bytes,0.0
1791047959,2026-10-04T01:19:18,docker.dev-peer0.org2.example.com-saksi-bulletin_1.0-ee3fe73bad456e43adfc5ba27d9e5a60983b69e8496140308fb21061ecb2ff85.blk_write_bytes,0.0
1791047959,2026-10-04T01:19:18,docker.dev-peer0.org1.example.com-saksi-bulletin_1.0-ee3fe73bad456e43adfc5ba27d9e5a60983b69e8496140308fb21061ecb2ff85.cpu_pct,113.71
1791047959,2026-10-04T01:19:18,docker.dev-peer0.org1.example.com-saksi-bulletin_1.0-ee3fe73bad456e43adfc5ba27d9e5a60983b69e8496140308fb21061ecb2ff85.mem_bytes,30817648.64
1791047959,2026-10-04T01:19:18,docker.dev-peer0.org1.example.com-saksi-bulletin_1.0-ee3fe73bad456e43adfc5ba27d9e5a60983b69e8496140308fb21061ecb2ff85.blk_read_bytes,0.0
1791047959,2026-10-04T01:19:18,docker.dev-peer0.org1.example.com-saksi-bulletin_1.0-ee3fe73bad456e43adfc5ba27d9e5a60983b69e8496140308fb21061ecb2ff85.blk_write_bytes,0.0
1791047959,2026-10-04T01:19:18,docker.peer0.org2.example.com.cpu_pct,0.6
1791047959,2026-10-04T01:19:18,docker.peer0.org2.example.com.mem_bytes,322961408.0
1791047959,2026-10-04T01:19:18,docker.peer0.org2.example.com.blk_read_bytes,0.0
1791047959,2026-10-04T01:19:18,docker.peer0.org2.example.com.blk_write_bytes,21900000000.0
1791047959,2026-10-04T01:19:18,docker.peer0.org1.example.com.cpu_pct,83.34
1791047959,2026-10-04T01:19:18,docker.peer0.org1.example.com.mem_bytes,343618355.2
1791047959,2026-10-04T01:19:18,docker.peer0.org1.example.com.blk_read_bytes,0.0
1791047959,2026-10-04T01:19:18,docker.peer0.org1.example.com.blk_write_bytes,21900000000.0
1791047959,2026-10-04T01:19:18,docker.orderer.example.com.cpu_pct,0.05
1791047959,2026-10-04T01:19:18,docker.orderer.example.com.mem_bytes,401080320.0
1791047959,2026-10-04T01:19:18,docker.orderer.example.com.blk_read_bytes,0.0
1791047959,2026-10-04T01:19:18,docker.orderer.example.com.blk_write_bytes,10300000000.0
1791047959,2026-10-04T01:19:18,host.MemTotal_kb,64932116
1791047959,2026-10-04T01:19:18,host.MemAvailable_kb,62659152
1791047959,2026-10-04T01:19:18,host.Cached_kb,20515232
1791047959,2026-10-04T01:19:18,host.SwapTotal_kb,0
1791047959,2026-10-04T01:19:18,host.SwapFree_kb,0
1791047959,2026-10-04T01:19:18,host.Dirty_kb,65620
1791047959,2026-10-04T01:19:18,host.load1,8.25
1791047959,2026-10-04T01:19:18,host.load5,7.97
1791047959,2026-10-04T01:19:18,host.root_free_bytes,922060632064
1791047959,2026-10-04T01:19:18,host.root_used_bytes,22912204800
1791047959,2026-10-04T01:19:18,io.md2.r/s,0.0
1791047959,2026-10-04T01:19:18,io.md2.rkB/s,0.0
1791047959,2026-10-04T01:19:18,io.md2.r_await,0.0
1791047959,2026-10-04T01:19:18,io.md2.w/s,546.6
1791047959,2026-10-04T01:19:18,io.md2.wkB/s,24244.4
1791047959,2026-10-04T01:19:18,io.md2.w_await,0.28
1791047959,2026-10-04T01:19:18,io.md2.f/s,0.0
1791047959,2026-10-04T01:19:18,io.md2.aqu-sz,0.15
1791047959,2026-10-04T01:19:18,io.md2.%util,11.4
1791047959,2026-10-04T01:19:18,io.nvme0n1.r/s,0.0
1791047959,2026-10-04T01:19:18,io.nvme0n1.rkB/s,0.0
1791047959,2026-10-04T01:19:18,io.nvme0n1.r_await,0.0
1791047959,2026-10-04T01:19:18,io.nvme0n1.w/s,184.4
1791047959,2026-10-04T01:19:18,io.nvme0n1.wkB/s,11947.2
1791047959,2026-10-04T01:19:18,io.nvme0n1.w_await,0.56
1791047959,2026-10-04T01:19:18,io.nvme0n1.f/s,28.6
1791047959,2026-10-04T01:19:18,io.nvme0n1.aqu-sz,0.14
1791047959,2026-10-04T01:19:18,io.nvme0n1.%util,7.75
1791047959,2026-10-04T01:19:18,io.nvme1n1.r/s,0.0
1791047959,2026-10-04T01:19:18,io.nvme1n1.rkB/s,0.0
1791047959,2026-10-04T01:19:18,io.nvme1n1.r_await,0.0
1791047959,2026-10-04T01:19:18,io.nvme1n1.w/s,195.8
1791047959,2026-10-04T01:19:18,io.nvme1n1.wkB/s,12297.2
1791047959,2026-10-04T01:19:18,io.nvme1n1.w_await,0.52
1791047959,2026-10-04T01:19:18,io.nvme1n1.f/s,28.6
1791047959,2026-10-04T01:19:18,io.nvme1n1.aqu-sz,0.13
1791047959,2026-10-04T01:19:18,io.nvme1n1.%util,6.82
1791047969,2026-10-04T01:19:28,host.cpu_pct,60.23447401774398
1791047969,2026-10-04T01:19:28,host.run_cpu_pct,59.908154545444795
1791047969,2026-10-04T01:19:28,host.nonrun_cpu_pct,0.3263194722991827
1791047969,2026-10-04T01:19:28,docker.dev-peer0.org2.example.com-saksi-bulletin_1.0-ee3fe73bad456e43adfc5ba27d9e5a60983b69e8496140308fb21061ecb2ff85.cpu_pct,0.0
1791047969,2026-10-04T01:19:28,docker.dev-peer0.org2.example.com-saksi-bulletin_1.0-ee3fe73bad456e43adfc5ba27d9e5a60983b69e8496140308fb21061ecb2ff85.mem_bytes,6880755.712
1791047969,2026-10-04T01:19:28,docker.dev-peer0.org2.example.com-saksi-bulletin_1.0-ee3fe73bad456e43adfc5ba27d9e5a60983b69e8496140308fb21061ecb2ff85.blk_read_bytes,0.0
1791047969,2026-10-04T01:19:28,docker.dev-peer0.org2.example.com-saksi-bulletin_1.0-ee3fe73bad456e43adfc5ba27d9e5a60983b69e8496140308fb21061ecb2ff85.blk_write_bytes,0.0
1791047969,2026-10-04T01:19:28,docker.dev-peer0.org1.example.com-saksi-bulletin_1.0-ee3fe73bad456e43adfc5ba27d9e5a60983b69e8496140308fb21061ecb2ff85.cpu_pct,0.0
1791047969,2026-10-04T01:19:28,docker.dev-peer0.org1.example.com-saksi-bulletin_1.0-ee3fe73bad456e43adfc5ba27d9e5a60983b69e8496140308fb21061ecb2ff85.mem_bytes,35987128.32
1791047969,2026-10-04T01:19:28,docker.dev-peer0.org1.example.com-saksi-bulletin_1.0-ee3fe73bad456e43adfc5ba27d9e5a60983b69e8496140308fb21061ecb2ff85.blk_read_bytes,0.0
1791047969,2026-10-04T01:19:28,docker.dev-peer0.org1.example.com-saksi-bulletin_1.0-ee3fe73bad456e43adfc5ba27d9e5a60983b69e8496140308fb21061ecb2ff85.blk_write_bytes,0.0
1791047969,2026-10-04T01:19:28,docker.peer0.org2.example.com.cpu_pct,0.42
1791047969,2026-10-04T01:19:28,docker.peer0.org2.example.com.mem_bytes,322961408.0
1791047969,2026-10-04T01:19:28,docker.peer0.org2.example.com.blk_read_bytes,0.0
1791047969,2026-10-04T01:19:28,docker.peer0.org2.example.com.blk_write_bytes,21900000000.0
1791047969,2026-10-04T01:19:28,docker.peer0.org1.example.com.cpu_pct,0.53
1791047969,2026-10-04T01:19:28,docker.peer0.org1.example.com.mem_bytes,352950681.6
1791047969,2026-10-04T01:19:28,docker.peer0.org1.example.com.blk_read_bytes,0.0
1791047969,2026-10-04T01:19:28,docker.peer0.org1.example.com.blk_write_bytes,21900000000.0
1791047969,2026-10-04T01:19:28,docker.orderer.example.com.cpu_pct,0.04
1791047969,2026-10-04T01:19:28,docker.orderer.example.com.mem_bytes,401080320.0
1791047969,2026-10-04T01:19:28,docker.orderer.example.com.blk_read_bytes,0.0
1791047969,2026-10-04T01:19:28,docker.orderer.example.com.blk_write_bytes,10300000000.0
1791047969,2026-10-04T01:19:28,host.MemTotal_kb,64932116
1791047969,2026-10-04T01:19:28,host.MemAvailable_kb,62680068
1791047969,2026-10-04T01:19:28,host.Cached_kb,20558020
1791047969,2026-10-04T01:19:28,host.SwapTotal_kb,0
1791047969,2026-10-04T01:19:28,host.SwapFree_kb,0
1791047969,2026-10-04T01:19:28,host.Dirty_kb,1420
1791047969,2026-10-04T01:19:28,host.load1,9.44
1791047969,2026-10-04T01:19:28,host.load5,8.24
1791047969,2026-10-04T01:19:28,host.root_free_bytes,922016817152
1791047969,2026-10-04T01:19:28,host.root_used_bytes,22956019712
1791047969,2026-10-04T01:19:28,io.md2.r/s,0.0
1791047969,2026-10-04T01:19:28,io.md2.rkB/s,0.0
1791047969,2026-10-04T01:19:28,io.md2.r_await,0.0
1791047969,2026-10-04T01:19:28,io.md2.w/s,107.1
1791047969,2026-10-04T01:19:28,io.md2.wkB/s,2144.4
1791047969,2026-10-04T01:19:28,io.md2.w_await,0.32
1791047969,2026-10-04T01:19:28,io.md2.f/s,0.0
1791047969,2026-10-04T01:19:28,io.md2.aqu-sz,0.03
1791047969,2026-10-04T01:19:28,io.md2.%util,2.43
1791047969,2026-10-04T01:19:28,io.nvme0n1.r/s,0.0
1791047969,2026-10-04T01:19:28,io.nvme0n1.rkB/s,0.0
1791047969,2026-10-04T01:19:28,io.nvme0n1.r_await,0.0
1791047969,2026-10-04T01:19:28,io.nvme0n1.w/s,44.8
1791047969,2026-10-04T01:19:28,io.nvme0n1.wkB/s,1100.4
1791047969,2026-10-04T01:19:28,io.nvme0n1.w_await,0.51
1791047969,2026-10-04T01:19:28,io.nvme0n1.f/s,5.7
1791047969,2026-10-04T01:19:28,io.nvme0n1.aqu-sz,0.03
1791047969,2026-10-04T01:19:28,io.nvme0n1.%util,2.06
1791047969,2026-10-04T01:19:28,io.nvme1n1.r/s,0.0
1791047969,2026-10-04T01:19:28,io.nvme1n1.rkB/s,0.0
1791047969,2026-10-04T01:19:28,io.nvme1n1.r_await,0.0
1791047969,2026-10-04T01:19:28,io.nvme1n1.w/s,41.9
1791047969,2026-10-04T01:19:28,io.nvme1n1.wkB/s,1044.0
1791047969,2026-10-04T01:19:28,io.nvme1n1.w_await,0.45
1791047969,2026-10-04T01:19:28,io.nvme1n1.f/s,5.7
1791047969,2026-10-04T01:19:28,io.nvme1n1.aqu-sz,0.02
1791047969,2026-10-04T01:19:28,io.nvme1n1.%util,1.51
1791047979,2026-10-04T01:19:38,host.cpu_pct,85.35302954431647
1791047979,2026-10-04T01:19:38,host.run_cpu_pct,84.93691950481666
1791047979,2026-10-04T01:19:38,host.nonrun_cpu_pct,0.41611003949981296
1791047979,2026-10-04T01:19:38,docker.dev-peer0.org2.example.com-saksi-bulletin_1.0-ee3fe73bad456e43adfc5ba27d9e5a60983b69e8496140308fb21061ecb2ff85.cpu_pct,0.0
1791047979,2026-10-04T01:19:38,docker.dev-peer0.org2.example.com-saksi-bulletin_1.0-ee3fe73bad456e43adfc5ba27d9e5a60983b69e8496140308fb21061ecb2ff85.mem_bytes,6880755.712
1791047979,2026-10-04T01:19:38,docker.dev-peer0.org2.example.com-saksi-bulletin_1.0-ee3fe73bad456e43adfc5ba27d9e5a60983b69e8496140308fb21061ecb2ff85.blk_read_bytes,0.0
1791047979,2026-10-04T01:19:38,docker.dev-peer0.org2.example.com-saksi-bulletin_1.0-ee3fe73bad456e43adfc5ba27d9e5a60983b69e8496140308fb21061ecb2ff85.blk_write_bytes,0.0
1791047979,2026-10-04T01:19:38,docker.dev-peer0.org1.example.com-saksi-bulletin_1.0-ee3fe73bad456e43adfc5ba27d9e5a60983b69e8496140308fb21061ecb2ff85.cpu_pct,0.0
1791047979,2026-10-04T01:19:38,docker.dev-peer0.org1.example.com-saksi-bulletin_1.0-ee3fe73bad456e43adfc5ba27d9e5a60983b69e8496140308fb21061ecb2ff85.mem_bytes,35987128.32
1791047979,2026-10-04T01:19:38,docker.dev-peer0.org1.example.com-saksi-bulletin_1.0-ee3fe73bad456e43adfc5ba27d9e5a60983b69e8496140308fb21061ecb2ff85.blk_read_bytes,0.0
1791047979,2026-10-04T01:19:38,docker.dev-peer0.org1.example.com-saksi-bulletin_1.0-ee3fe73bad456e43adfc5ba27d9e5a60983b69e8496140308fb21061ecb2ff85.blk_write_bytes,0.0
1791047979,2026-10-04T01:19:38,docker.peer0.org2.example.com.cpu_pct,0.55
1791047979,2026-10-04T01:19:38,docker.peer0.org2.example.com.mem_bytes,322961408.0
1791047979,2026-10-04T01:19:38,docker.peer0.org2.example.com.blk_read_bytes,0.0
1791047979,2026-10-04T01:19:38,docker.peer0.org2.example.com.blk_write_bytes,21900000000.0
1791047979,2026-10-04T01:19:38,docker.peer0.org1.example.com.cpu_pct,0.61
1791047979,2026-10-04T01:19:38,docker.peer0.org1.example.com.mem_bytes,352950681.6
1791047979,2026-10-04T01:19:38,docker.peer0.org1.example.com.blk_read_bytes,0.0
1791047979,2026-10-04T01:19:38,docker.peer0.org1.example.com.blk_write_bytes,21900000000.0
1791047979,2026-10-04T01:19:38,docker.orderer.example.com.cpu_pct,0.04
1791047979,2026-10-04T01:19:38,docker.orderer.example.com.mem_bytes,401080320.0
1791047979,2026-10-04T01:19:38,docker.orderer.example.com.blk_read_bytes,0.0
1791047979,2026-10-04T01:19:38,docker.orderer.example.com.blk_write_bytes,10300000000.0
1791047979,2026-10-04T01:19:38,host.MemTotal_kb,64932116
1791047979,2026-10-04T01:19:38,host.MemAvailable_kb,62696952
1791047979,2026-10-04T01:19:38,host.Cached_kb,20777848
1791047979,2026-10-04T01:19:38,host.SwapTotal_kb,0
1791047979,2026-10-04T01:19:38,host.SwapFree_kb,0
1791047979,2026-10-04T01:19:38,host.Dirty_kb,220928
1791047979,2026-10-04T01:19:38,host.load1,9.27
1791047979,2026-10-04T01:19:38,host.load5,8.23
1791047979,2026-10-04T01:19:38,host.root_free_bytes,921791369216
1791047979,2026-10-04T01:19:38,host.root_used_bytes,23181467648
1791047979,2026-10-04T01:19:38,io.md2.r/s,0.0
1791047979,2026-10-04T01:19:38,io.md2.rkB/s,0.0
1791047979,2026-10-04T01:19:38,io.md2.r_await,0.0
1791047979,2026-10-04T01:19:38,io.md2.w/s,151.5
1791047979,2026-10-04T01:19:38,io.md2.wkB/s,11705.6
1791047979,2026-10-04T01:19:38,io.md2.w_await,0.13
1791047979,2026-10-04T01:19:38,io.md2.f/s,0.0
1791047979,2026-10-04T01:19:38,io.md2.aqu-sz,0.02
1791047979,2026-10-04T01:19:38,io.md2.%util,5.9
1791047979,2026-10-04T01:19:38,io.nvme0n1.r/s,0.0
1791047979,2026-10-04T01:19:38,io.nvme0n1.rkB/s,0.0
1791047979,2026-10-04T01:19:38,io.nvme0n1.r_await,0.0
1791047979,2026-10-04T01:19:38,io.nvme0n1.w/s,72.1
1791047979,2026-10-04T01:19:38,io.nvme0n1.wkB/s,5828.0
1791047979,2026-10-04T01:19:38,io.nvme0n1.w_await,0.14
1791047979,2026-10-04T01:19:38,io.nvme0n1.f/s,0.2
1791047979,2026-10-04T01:19:38,io.nvme0n1.aqu-sz,0.01
1791047979,2026-10-04T01:19:38,io.nvme0n1.%util,0.13
1791047979,2026-10-04T01:19:38,io.nvme1n1.r/s,0.0
1791047979,2026-10-04T01:19:38,io.nvme1n1.rkB/s,0.0
1791047979,2026-10-04T01:19:38,io.nvme1n1.r_await,0.0
1791047979,2026-10-04T01:19:38,io.nvme1n1.w/s,72.5
1791047979,2026-10-04T01:19:38,io.nvme1n1.wkB/s,5877.6
1791047979,2026-10-04T01:19:38,io.nvme1n1.w_await,0.13
1791047979,2026-10-04T01:19:38,io.nvme1n1.f/s,0.2
1791047979,2026-10-04T01:19:38,io.nvme1n1.aqu-sz,0.01
1791047979,2026-10-04T01:19:38,io.nvme1n1.%util,0.21
1791047989,2026-10-04T01:19:48,host.cpu_pct,24.757342745493506
1791047989,2026-10-04T01:19:48,host.run_cpu_pct,24.55385252485444
1791047989,2026-10-04T01:19:48,host.nonrun_cpu_pct,0.20349022063906475
1791047989,2026-10-04T01:19:48,docker.dev-peer0.org2.example.com-saksi-bulletin_1.0-ee3fe73bad456e43adfc5ba27d9e5a60983b69e8496140308fb21061ecb2ff85.cpu_pct,0.0
1791047989,2026-10-04T01:19:48,docker.dev-peer0.org2.example.com-saksi-bulletin_1.0-ee3fe73bad456e43adfc5ba27d9e5a60983b69e8496140308fb21061ecb2ff85.mem_bytes,6880755.712
1791047989,2026-10-04T01:19:48,docker.dev-peer0.org2.example.com-saksi-bulletin_1.0-ee3fe73bad456e43adfc5ba27d9e5a60983b69e8496140308fb21061ecb2ff85.blk_read_bytes,0.0
1791047989,2026-10-04T01:19:48,docker.dev-peer0.org2.example.com-saksi-bulletin_1.0-ee3fe73bad456e43adfc5ba27d9e5a60983b69e8496140308fb21061ecb2ff85.blk_write_bytes,0.0
1791047989,2026-10-04T01:19:48,docker.dev-peer0.org1.example.com-saksi-bulletin_1.0-ee3fe73bad456e43adfc5ba27d9e5a60983b69e8496140308fb21061ecb2ff85.cpu_pct,356.64
1791047989,2026-10-04T01:19:48,docker.dev-peer0.org1.example.com-saksi-bulletin_1.0-ee3fe73bad456e43adfc5ba27d9e5a60983b69e8496140308fb21061ecb2ff85.mem_bytes,22544384.0
1791047989,2026-10-04T01:19:48,docker.dev-peer0.org1.example.com-saksi-bulletin_1.0-ee3fe73bad456e43adfc5ba27d9e5a60983b69e8496140308fb21061ecb2ff85.blk_read_bytes,0.0
1791047989,2026-10-04T01:19:48,docker.dev-peer0.org1.example.com-saksi-bulletin_1.0-ee3fe73bad456e43adfc5ba27d9e5a60983b69e8496140308fb21061ecb2ff85.blk_write_bytes,0.0
1791047989,2026-10-04T01:19:48,docker.peer0.org2.example.com.cpu_pct,55.24
1791047989,2026-10-04T01:19:48,docker.peer0.org2.example.com.mem_bytes,303772467.2
1791047989,2026-10-04T01:19:48,docker.peer0.org2.example.com.blk_read_bytes,0.0
1791047989,2026-10-04T01:19:48,docker.peer0.org2.example.com.blk_write_bytes,22200000000.0
1791047989,2026-10-04T01:19:48,docker.peer0.org1.example.com.cpu_pct,199.6
1791047989,2026-10-04T01:19:48,docker.peer0.org1.example.com.mem_bytes,329148006.4
1791047989,2026-10-04T01:19:48,docker.peer0.org1.example.com.blk_read_bytes,0.0
1791047989,2026-10-04T01:19:48,docker.peer0.org1.example.com.blk_write_bytes,22300000000.0
1791047989,2026-10-04T01:19:48,docker.orderer.example.com.cpu_pct,50.27
1791047989,2026-10-04T01:19:48,docker.orderer.example.com.mem_bytes,484756684.8
1791047989,2026-10-04T01:19:48,docker.orderer.example.com.blk_read_bytes,0.0
1791047989,2026-10-04T01:19:48,docker.orderer.example.com.blk_write_bytes,10500000000.0
1791047989,2026-10-04T01:19:48,host.MemTotal_kb,64932116
1791047989,2026-10-04T01:19:48,host.MemAvailable_kb,62713324
1791047989,2026-10-04T01:19:48,host.Cached_kb,20981440
1791047989,2026-10-04T01:19:48,host.SwapTotal_kb,0
1791047989,2026-10-04T01:19:48,host.SwapFree_kb,0
1791047989,2026-10-04T01:19:48,host.Dirty_kb,248264
1791047989,2026-10-04T01:19:48,host.load1,9.28
1791047989,2026-10-04T01:19:48,host.load5,8.26
1791047989,2026-10-04T01:19:48,host.root_free_bytes,921559420928
1791047989,2026-10-04T01:19:48,host.root_used_bytes,23413415936
1791047989,2026-10-04T01:19:48,io.md2.r/s,0.0
1791047989,2026-10-04T01:19:48,io.md2.rkB/s,0.0
1791047989,2026-10-04T01:19:48,io.md2.r_await,0.0
1791047989,2026-10-04T01:19:48,io.md2.w/s,47.7
1791047989,2026-10-04T01:19:48,io.md2.wkB/s,230.0
1791047989,2026-10-04T01:19:48,io.md2.w_await,0.18
1791047989,2026-10-04T01:19:48,io.md2.f/s,0.0
1791047989,2026-10-04T01:19:48,io.md2.aqu-sz,0.01
1791047989,2026-10-04T01:19:48,io.md2.%util,0.61
1791047989,2026-10-04T01:19:48,io.nvme0n1.r/s,0.0
1791047989,2026-10-04T01:19:48,io.nvme0n1.rkB/s,0.0
1791047989,2026-10-04T01:19:48,io.nvme0n1.r_await,0.0
1791047989,2026-10-04T01:19:48,io.nvme0n1.w/s,21.2
1791047989,2026-10-04T01:19:48,io.nvme0n1.wkB/s,118.4
1791047989,2026-10-04T01:19:48,io.nvme0n1.w_await,0.23
1791047989,2026-10-04T01:19:48,io.nvme0n1.f/s,0.7
1791047989,2026-10-04T01:19:48,io.nvme0n1.aqu-sz,0.01
1791047989,2026-10-04T01:19:48,io.nvme0n1.%util,0.26
1791047989,2026-10-04T01:19:48,io.nvme1n1.r/s,0.0
1791047989,2026-10-04T01:19:48,io.nvme1n1.rkB/s,0.0
1791047989,2026-10-04T01:19:48,io.nvme1n1.r_await,0.0
1791047989,2026-10-04T01:19:48,io.nvme1n1.w/s,20.2
1791047989,2026-10-04T01:19:48,io.nvme1n1.wkB/s,111.6
1791047989,2026-10-04T01:19:48,io.nvme1n1.w_await,0.2
1791047989,2026-10-04T01:19:48,io.nvme1n1.f/s,0.7
1791047989,2026-10-04T01:19:48,io.nvme1n1.aqu-sz,0.0
1791047989,2026-10-04T01:19:48,io.nvme1n1.%util,0.18
1791047999,2026-10-04T01:19:58,host.cpu_pct,45.629025058981064
1791047999,2026-10-04T01:19:58,host.run_cpu_pct,45.167044337475666
1791047999,2026-10-04T01:19:58,host.nonrun_cpu_pct,0.46198072150539815
1791047999,2026-10-04T01:19:58,docker.dev-peer0.org2.example.com-saksi-bulletin_1.0-ee3fe73bad456e43adfc5ba27d9e5a60983b69e8496140308fb21061ecb2ff85.cpu_pct,0.0
1791047999,2026-10-04T01:19:58,docker.dev-peer0.org2.example.com-saksi-bulletin_1.0-ee3fe73bad456e43adfc5ba27d9e5a60983b69e8496140308fb21061ecb2ff85.mem_bytes,6880755.712
1791047999,2026-10-04T01:19:58,docker.dev-peer0.org2.example.com-saksi-bulletin_1.0-ee3fe73bad456e43adfc5ba27d9e5a60983b69e8496140308fb21061ecb2ff85.blk_read_bytes,0.0
1791047999,2026-10-04T01:19:58,docker.dev-peer0.org2.example.com-saksi-bulletin_1.0-ee3fe73bad456e43adfc5ba27d9e5a60983b69e8496140308fb21061ecb2ff85.blk_write_bytes,0.0
1791047999,2026-10-04T01:19:58,docker.dev-peer0.org1.example.com-saksi-bulletin_1.0-ee3fe73bad456e43adfc5ba27d9e5a60983b69e8496140308fb21061ecb2ff85.cpu_pct,382.71
1791047999,2026-10-04T01:19:58,docker.dev-peer0.org1.example.com-saksi-bulletin_1.0-ee3fe73bad456e43adfc5ba27d9e5a60983b69e8496140308fb21061ecb2ff85.mem_bytes,21401436.16
1791047999,2026-10-04T01:19:58,docker.dev-peer0.org1.example.com-saksi-bulletin_1.0-ee3fe73bad456e43adfc5ba27d9e5a60983b69e8496140308fb21061ecb2ff85.blk_read_bytes,0.0
1791047999,2026-10-04T01:19:58,docker.dev-peer0.org1.example.com-saksi-bulletin_1.0-ee3fe73bad456e43adfc5ba27d9e5a60983b69e8496140308fb21061ecb2ff85.blk_write_bytes,0.0
1791047999,2026-10-04T01:19:58,docker.peer0.org2.example.com.cpu_pct,63.12
1791047999,2026-10-04T01:19:58,docker.peer0.org2.example.com.mem_bytes,318347673.6
1791047999,2026-10-04T01:19:58,docker.peer0.org2.example.com.blk_read_bytes,0.0
1791047999,2026-10-04T01:19:58,docker.peer0.org2.example.com.blk_write_bytes,22900000000.0
1791047999,2026-10-04T01:19:58,docker.peer0.org1.example.com.cpu_pct,200.45
1791047999,2026-10-04T01:19:58,docker.peer0.org1.example.com.mem_bytes,339738624.0
1791047999,2026-10-04T01:19:58,docker.peer0.org1.example.com.blk_read_bytes,0.0
1791047999,2026-10-04T01:19:58,docker.peer0.org1.example.com.blk_write_bytes,22900000000.0
1791047999,2026-10-04T01:19:58,docker.orderer.example.com.cpu_pct,48.86
1791047999,2026-10-04T01:19:58,docker.orderer.example.com.mem_bytes,629565030.4
1791047999,2026-10-04T01:19:58,docker.orderer.example.com.blk_read_bytes,0.0
1791047999,2026-10-04T01:19:58,docker.orderer.example.com.blk_write_bytes,10800000000.0
1791047999,2026-10-04T01:19:58,host.MemTotal_kb,64932116
1791047999,2026-10-04T01:19:58,host.MemAvailable_kb,62564140
1791047999,2026-10-04T01:19:58,host.Cached_kb,21371324
1791047999,2026-10-04T01:19:58,host.SwapTotal_kb,0
1791047999,2026-10-04T01:19:58,host.SwapFree_kb,0
1791047999,2026-10-04T01:19:58,host.Dirty_kb,20340
1791047999,2026-10-04T01:19:58,host.load1,9.57
1791047999,2026-10-04T01:19:58,host.load5,8.35
1791047999,2026-10-04T01:19:58,host.root_free_bytes,921175195648
1791047999,2026-10-04T01:19:58,host.root_used_bytes,23797641216
1791047999,2026-10-04T01:19:58,io.md2.r/s,0.0
1791047999,2026-10-04T01:19:58,io.md2.rkB/s,0.0
1791047999,2026-10-04T01:19:58,io.md2.r_await,0.0
1791047999,2026-10-04T01:19:58,io.md2.w/s,865.4
1791047999,2026-10-04T01:19:58,io.md2.wkB/s,31751.6
1791047999,2026-10-04T01:19:58,io.md2.w_await,0.32
1791047999,2026-10-04T01:19:58,io.md2.f/s,0.0
1791047999,2026-10-04T01:19:58,io.md2.aqu-sz,0.28
1791047999,2026-10-04T01:19:58,io.md2.%util,22.06
1791047999,2026-10-04T01:19:58,io.nvme0n1.r/s,0.0
1791047999,2026-10-04T01:19:58,io.nvme0n1.rkB/s,0.0
1791047999,2026-10-04T01:19:58,io.nvme0n1.r_await,0.0
1791047999,2026-10-04T01:19:58,io.nvme0n1.w/s,282.7
1791047999,2026-10-04T01:19:58,io.nvme0n1.wkB/s,15655.6
1791047999,2026-10-04T01:19:58,io.nvme0n1.w_await,0.66
1791047999,2026-10-04T01:19:58,io.nvme0n1.f/s,55.8
1791047999,2026-10-04T01:19:58,io.nvme0n1.aqu-sz,0.25
1791047999,2026-10-04T01:19:58,io.nvme0n1.%util,14.66
1791047999,2026-10-04T01:19:58,io.nvme1n1.r/s,0.0
1791047999,2026-10-04T01:19:58,io.nvme1n1.rkB/s,0.0
1791047999,2026-10-04T01:19:58,io.nvme1n1.r_await,0.0
1791047999,2026-10-04T01:19:58,io.nvme1n1.w/s,308.1
1791047999,2026-10-04T01:19:58,io.nvme1n1.wkB/s,16096.0
1791047999,2026-10-04T01:19:58,io.nvme1n1.w_await,0.63
1791047999,2026-10-04T01:19:58,io.nvme1n1.f/s,55.8
1791047999,2026-10-04T01:19:58,io.nvme1n1.aqu-sz,0.26
1791047999,2026-10-04T01:19:58,io.nvme1n1.%util,14.57
1791048009,2026-10-04T01:20:08,host.cpu_pct,46.5261415016239
1791048009,2026-10-04T01:20:08,host.run_cpu_pct,45.98625973004549
1791048009,2026-10-04T01:20:08,host.nonrun_cpu_pct,0.5398817715784077
1791048009,2026-10-04T01:20:08,docker.dev-peer0.org2.example.com-saksi-bulletin_1.0-ee3fe73bad456e43adfc5ba27d9e5a60983b69e8496140308fb21061ecb2ff85.cpu_pct,0.0
1791048009,2026-10-04T01:20:08,docker.dev-peer0.org2.example.com-saksi-bulletin_1.0-ee3fe73bad456e43adfc5ba27d9e5a60983b69e8496140308fb21061ecb2ff85.mem_bytes,6880755.712
1791048009,2026-10-04T01:20:08,docker.dev-peer0.org2.example.com-saksi-bulletin_1.0-ee3fe73bad456e43adfc5ba27d9e5a60983b69e8496140308fb21061ecb2ff85.blk_read_bytes,0.0
1791048009,2026-10-04T01:20:08,docker.dev-peer0.org2.example.com-saksi-bulletin_1.0-ee3fe73bad456e43adfc5ba27d9e5a60983b69e8496140308fb21061ecb2ff85.blk_write_bytes,0.0
1791048009,2026-10-04T01:20:08,docker.dev-peer0.org1.example.com-saksi-bulletin_1.0-ee3fe73bad456e43adfc5ba27d9e5a60983b69e8496140308fb21061ecb2ff85.cpu_pct,339.67
1791048009,2026-10-04T01:20:08,docker.dev-peer0.org1.example.com-saksi-bulletin_1.0-ee3fe73bad456e43adfc5ba27d9e5a60983b69e8496140308fb21061ecb2ff85.mem_bytes,20982005.76
1791048009,2026-10-04T01:20:08,docker.dev-peer0.org1.example.com-saksi-bulletin_1.0-ee3fe73bad456e43adfc5ba27d9e5a60983b69e8496140308fb21061ecb2ff85.blk_read_bytes,0.0
1791048009,2026-10-04T01:20:08,docker.dev-peer0.org1.example.com-saksi-bulletin_1.0-ee3fe73bad456e43adfc5ba27d9e5a60983b69e8496140308fb21061ecb2ff85.blk_write_bytes,0.0
1791048009,2026-10-04T01:20:08,docker.peer0.org2.example.com.cpu_pct,75.02
1791048009,2026-10-04T01:20:08,docker.peer0.org2.example.com.mem_bytes,303772467.2
1791048009,2026-10-04T01:20:08,docker.peer0.org2.example.com.blk_read_bytes,0.0
1791048009,2026-10-04T01:20:08,docker.peer0.org2.example.com.blk_write_bytes,23800000000.0
1791048009,2026-10-04T01:20:08,docker.peer0.org1.example.com.cpu_pct,203.56
1791048009,2026-10-04T01:20:08,docker.peer0.org1.example.com.mem_bytes,324848844.8
1791048009,2026-10-04T01:20:08,docker.peer0.org1.example.com.blk_read_bytes,0.0
1791048009,2026-10-04T01:20:08,docker.peer0.org1.example.com.blk_write_bytes,23800000000.0
1791048009,2026-10-04T01:20:08,docker.orderer.example.com.cpu_pct,47.66
1791048009,2026-10-04T01:20:08,docker.orderer.example.com.mem_bytes,264450867.2
1791048009,2026-10-04T01:20:08,docker.orderer.example.com.blk_read_bytes,0.0
1791048009,2026-10-04T01:20:08,docker.orderer.example.com.blk_write_bytes,11100000000.0
1791048009,2026-10-04T01:20:08,host.MemTotal_kb,64932116
1791048009,2026-10-04T01:20:08,host.MemAvailable_kb,62890864
1791048009,2026-10-04T01:20:08,host.Cached_kb,21466908
1791048009,2026-10-04T01:20:08,host.SwapTotal_kb,0
1791048009,2026-10-04T01:20:08,host.SwapFree_kb,0
1791048009,2026-10-04T01:20:08,host.Dirty_kb,19708
1791048009,2026-10-04T01:20:08,host.load1,9.27
1791048009,2026-10-04T01:20:08,host.load5,8.32
1791048009,2026-10-04T01:20:08,host.root_free_bytes,921090740224
1791048009,2026-10-04T01:20:08,host.root_used_bytes,23882096640
1791048009,2026-10-04T01:20:08,io.md2.r/s,0.0
1791048009,2026-10-04T01:20:08,io.md2.rkB/s,0.0
1791048009,2026-10-04T01:20:08,io.md2.r_await,0.0
1791048009,2026-10-04T01:20:08,io.md2.w/s,2607.3
1791048009,2026-10-04T01:20:08,io.md2.wkB/s,103284.0
1791048009,2026-10-04T01:20:08,io.md2.w_await,0.33
1791048009,2026-10-04T01:20:08,io.md2.f/s,0.0
1791048009,2026-10-04T01:20:08,io.md2.aqu-sz,0.85
1791048009,2026-10-04T01:20:08,io.md2.%util,68.35
1791048009,2026-10-04T01:20:08,io.nvme0n1.r/s,0.0
1791048009,2026-10-04T01:20:08,io.nvme0n1.rkB/s,0.0
1791048009,2026-10-04T01:20:08,io.nvme0n1.r_await,0.0
1791048009,2026-10-04T01:20:08,io.nvme0n1.w/s,875.9
1791048009,2026-10-04T01:20:08,io.nvme0n1.wkB/s,51033.6
1791048009,2026-10-04T01:20:08,io.nvme0n1.w_await,0.68
1791048009,2026-10-04T01:20:08,io.nvme0n1.f/s,174.3
1791048009,2026-10-04T01:20:08,io.nvme0n1.aqu-sz,0.79
1791048009,2026-10-04T01:20:08,io.nvme0n1.%util,46.09
1791048009,2026-10-04T01:20:08,io.nvme1n1.r/s,0.0
1791048009,2026-10-04T01:20:08,io.nvme1n1.rkB/s,0.0
1791048009,2026-10-04T01:20:08,io.nvme1n1.r_await,0.0
1791048009,2026-10-04T01:20:08,io.nvme1n1.w/s,919.8
1791048009,2026-10-04T01:20:08,io.nvme1n1.wkB/s,52250.4
1791048009,2026-10-04T01:20:08,io.nvme1n1.w_await,0.66
1791048009,2026-10-04T01:20:08,io.nvme1n1.f/s,174.3
1791048009,2026-10-04T01:20:08,io.nvme1n1.aqu-sz,0.8
1791048009,2026-10-04T01:20:08,io.nvme1n1.%util,44.66
1791048019,2026-10-04T01:20:18,host.cpu_pct,45.796178343949045
1791048019,2026-10-04T01:20:18,host.run_cpu_pct,45.293296407362845
1791048019,2026-10-04T01:20:18,host.nonrun_cpu_pct,0.5028819365861992
1791048019,2026-10-04T01:20:18,docker.dev-peer0.org2.example.com-saksi-bulletin_1.0-ee3fe73bad456e43adfc5ba27d9e5a60983b69e8496140308fb21061ecb2ff85.cpu_pct,0.0
1791048019,2026-10-04T01:20:18,docker.dev-peer0.org2.example.com-saksi-bulletin_1.0-ee3fe73bad456e43adfc5ba27d9e5a60983b69e8496140308fb21061ecb2ff85.mem_bytes,6880755.712
1791048019,2026-10-04T01:20:18,docker.dev-peer0.org2.example.com-saksi-bulletin_1.0-ee3fe73bad456e43adfc5ba27d9e5a60983b69e8496140308fb21061ecb2ff85.blk_read_bytes,0.0
1791048019,2026-10-04T01:20:18,docker.dev-peer0.org2.example.com-saksi-bulletin_1.0-ee3fe73bad456e43adfc5ba27d9e5a60983b69e8496140308fb21061ecb2ff85.blk_write_bytes,0.0
1791048019,2026-10-04T01:20:18,docker.dev-peer0.org1.example.com-saksi-bulletin_1.0-ee3fe73bad456e43adfc5ba27d9e5a60983b69e8496140308fb21061ecb2ff85.cpu_pct,360.45
1791048019,2026-10-04T01:20:18,docker.dev-peer0.org1.example.com-saksi-bulletin_1.0-ee3fe73bad456e43adfc5ba27d9e5a60983b69e8496140308fb21061ecb2ff85.mem_bytes,20646461.44
1791048019,2026-10-04T01:20:18,docker.dev-peer0.org1.example.com-saksi-bulletin_1.0-ee3fe73bad456e43adfc5ba27d9e5a60983b69e8496140308fb21061ecb2ff85.blk_read_bytes,0.0
1791048019,2026-10-04T01:20:18,docker.dev-peer0.org1.example.com-saksi-bulletin_1.0-ee3fe73bad456e43adfc5ba27d9e5a60983b69e8496140308fb21061ecb2ff85.blk_write_bytes,0.0
1791048019,2026-10-04T01:20:18,docker.peer0.org2.example.com.cpu_pct,53.81
1791048019,2026-10-04T01:20:18,docker.peer0.org2.example.com.mem_bytes,313209651.2
1791048019,2026-10-04T01:20:18,docker.peer0.org2.example.com.blk_read_bytes,0.0
1791048019,2026-10-04T01:20:18,docker.peer0.org2.example.com.blk_write_bytes,24600000000.0
1791048019,2026-10-04T01:20:18,docker.peer0.org1.example.com.cpu_pct,190.64
1791048019,2026-10-04T01:20:18,docker.peer0.org1.example.com.mem_bytes,325163417.6
1791048019,2026-10-04T01:20:18,docker.peer0.org1.example.com.blk_read_bytes,0.0
1791048019,2026-10-04T01:20:18,docker.peer0.org1.example.com.blk_write_bytes,24600000000.0
1791048019,2026-10-04T01:20:18,docker.orderer.example.com.cpu_pct,46.06
1791048019,2026-10-04T01:20:18,docker.orderer.example.com.mem_bytes,404121190.4
1791048019,2026-10-04T01:20:18,docker.orderer.example.com.blk_read_bytes,0.0
1791048019,2026-10-04T01:20:18,docker.orderer.example.com.blk_write_bytes,11400000000.0
1791048019,2026-10-04T01:20:18,host.MemTotal_kb,64932116
1791048019,2026-10-04T01:20:18,host.MemAvailable_kb,62723296
1791048019,2026-10-04T01:20:18,host.Cached_kb,21836448
1791048019,2026-10-04T01:20:18,host.SwapTotal_kb,0
1791048019,2026-10-04T01:20:18,host.SwapFree_kb,0
1791048019,2026-10-04T01:20:18,host.Dirty_kb,12020
1791048019,2026-10-04T01:20:18,host.load1,9.88
1791048019,2026-10-04T01:20:18,host.load5,8.48
1791048019,2026-10-04T01:20:18,host.root_free_bytes,920725266432
1791048019,2026-10-04T01:20:18,host.root_used_bytes,24247570432
1791048019,2026-10-04T01:20:18,io.md2.r/s,0.0
1791048019,2026-10-04T01:20:18,io.md2.rkB/s,0.0
1791048019,2026-10-04T01:20:18,io.md2.r_await,0.0
1791048019,2026-10-04T01:20:18,io.md2.w/s,2746.7
1791048019,2026-10-04T01:20:18,io.md2.wkB/s,105264.4
1791048019,2026-10-04T01:20:18,io.md2.w_await,0.29
1791048019,2026-10-04T01:20:18,io.md2.f/s,0.0
1791048019,2026-10-04T01:20:18,io.md2.aqu-sz,0.81
1791048019,2026-10-04T01:20:18,io.md2.%util,67.92
1791048019,2026-10-04T01:20:18,io.nvme0n1.r/s,0.0
1791048019,2026-10-04T01:20:18,io.nvme0n1.rkB/s,0.0
1791048019,2026-10-04T01:20:18,io.nvme0n1.r_await,0.0
1791048019,2026-10-04T01:20:18,io.nvme0n1.w/s,871.8
1791048019,2026-10-04T01:20:18,io.nvme0n1.wkB/s,51932.8
1791048019,2026-10-04T01:20:18,io.nvme0n1.w_await,0.65
1791048019,2026-10-04T01:20:18,io.nvme0n1.f/s,173.9
1791048019,2026-10-04T01:20:18,io.nvme0n1.aqu-sz,0.76
1791048019,2026-10-04T01:20:18,io.nvme0n1.%util,45.02
1791048019,2026-10-04T01:20:18,io.nvme1n1.r/s,0.0
1791048019,2026-10-04T01:20:18,io.nvme1n1.rkB/s,0.0
1791048019,2026-10-04T01:20:18,io.nvme1n1.r_await,0.0
1791048019,2026-10-04T01:20:18,io.nvme1n1.w/s,937.0
1791048019,2026-10-04T01:20:18,io.nvme1n1.wkB/s,53331.6
1791048019,2026-10-04T01:20:18,io.nvme1n1.w_await,0.62
1791048019,2026-10-04T01:20:18,io.nvme1n1.f/s,173.8
1791048019,2026-10-04T01:20:18,io.nvme1n1.aqu-sz,0.78
1791048019,2026-10-04T01:20:18,io.nvme1n1.%util,44.36
1791048029,2026-10-04T01:20:28,host.cpu_pct,23.134517766497463
1791048029,2026-10-04T01:20:28,host.run_cpu_pct,23.27262968991168
1791048029,2026-10-04T01:20:28,host.nonrun_cpu_pct,0.0
1791048029,2026-10-04T01:20:28,docker.dev-peer0.org2.example.com-saksi-bulletin_1.0-ee3fe73bad456e43adfc5ba27d9e5a60983b69e8496140308fb21061ecb2ff85.cpu_pct,0.0
1791048029,2026-10-04T01:20:28,docker.dev-peer0.org2.example.com-saksi-bulletin_1.0-ee3fe73bad456e43adfc5ba27d9e5a60983b69e8496140308fb21061ecb2ff85.mem_bytes,6880755.712
1791048029,2026-10-04T01:20:28,docker.dev-peer0.org2.example.com-saksi-bulletin_1.0-ee3fe73bad456e43adfc5ba27d9e5a60983b69e8496140308fb21061ecb2ff85.blk_read_bytes,0.0
1791048029,2026-10-04T01:20:28,docker.dev-peer0.org2.example.com-saksi-bulletin_1.0-ee3fe73bad456e43adfc5ba27d9e5a60983b69e8496140308fb21061ecb2ff85.blk_write_bytes,0.0
1791048029,2026-10-04T01:20:28,docker.dev-peer0.org1.example.com-saksi-bulletin_1.0-ee3fe73bad456e43adfc5ba27d9e5a60983b69e8496140308fb21061ecb2ff85.cpu_pct,0.0
1791048029,2026-10-04T01:20:28,docker.dev-peer0.org1.example.com-saksi-bulletin_1.0-ee3fe73bad456e43adfc5ba27d9e5a60983b69e8496140308fb21061ecb2ff85.mem_bytes,18045992.96
1791048029,2026-10-04T01:20:28,docker.dev-peer0.org1.example.com-saksi-bulletin_1.0-ee3fe73bad456e43adfc5ba27d9e5a60983b69e8496140308fb21061ecb2ff85.blk_read_bytes,0.0
1791048029,2026-10-04T01:20:28,docker.dev-peer0.org1.example.com-saksi-bulletin_1.0-ee3fe73bad456e43adfc5ba27d9e5a60983b69e8496140308fb21061ecb2ff85.blk_write_bytes,0.0
1791048029,2026-10-04T01:20:28,docker.peer0.org2.example.com.cpu_pct,1.83
1791048029,2026-10-04T01:20:28,docker.peer0.org2.example.com.mem_bytes,317299097.6
1791048029,2026-10-04T01:20:28,docker.peer0.org2.example.com.blk_read_bytes,0.0
1791048029,2026-10-04T01:20:28,docker.peer0.org2.example.com.blk_write_bytes,24800000000.0
1791048029,2026-10-04T01:20:28,docker.peer0.org1.example.com.cpu_pct,1.99
1791048029,2026-10-04T01:20:28,docker.peer0.org1.example.com.mem_bytes,342150348.8
1791048029,2026-10-04T01:20:28,docker.peer0.org1.example.com.blk_read_bytes,0.0
1791048029,2026-10-04T01:20:28,docker.peer0.org1.example.com.blk_write_bytes,24900000000.0
1791048029,2026-10-04T01:20:28,docker.orderer.example.com.cpu_pct,0.76
1791048029,2026-10-04T01:20:28,docker.orderer.example.com.mem_bytes,431384166.4
1791048029,2026-10-04T01:20:28,docker.orderer.example.com.blk_read_bytes,0.0
1791048029,2026-10-04T01:20:28,docker.orderer.example.com.blk_write_bytes,11500000000.0
1791048029,2026-10-04T01:20:28,host.MemTotal_kb,64932116
1791048029,2026-10-04T01:20:28,host.MemAvailable_kb,62762600
1791048029,2026-10-04T01:20:28,host.Cached_kb,21872004
1791048029,2026-10-04T01:20:28,host.SwapTotal_kb,0
1791048029,2026-10-04T01:20:28,host.SwapFree_kb,0
1791048029,2026-10-04T01:20:28,host.Dirty_kb,10828
1791048029,2026-10-04T01:20:28,host.load1,8.52
1791048029,2026-10-04T01:20:28,host.load5,8.23
1791048029,2026-10-04T01:20:28,host.root_free_bytes,920695865344
1791048029,2026-10-04T01:20:28,host.root_used_bytes,24276971520
1791048029,2026-10-04T01:20:28,io.md2.r/s,0.0
1791048029,2026-10-04T01:20:28,io.md2.rkB/s,0.0
1791048029,2026-10-04T01:20:28,io.md2.r_await,0.0
1791048029,2026-10-04T01:20:28,io.md2.w/s,2722.2
1791048029,2026-10-04T01:20:28,io.md2.wkB/s,107975.2
1791048029,2026-10-04T01:20:28,io.md2.w_await,0.3
1791048029,2026-10-04T01:20:28,io.md2.f/s,0.0
1791048029,2026-10-04T01:20:28,io.md2.aqu-sz,0.82
1791048029,2026-10-04T01:20:28,io.md2.%util,67.51
1791048029,2026-10-04T01:20:28,io.nvme0n1.r/s,0.0
1791048029,2026-10-04T01:20:28,io.nvme0n1.rkB/s,0.0
1791048029,2026-10-04T01:20:28,io.nvme0n1.r_await,0.0
1791048029,2026-10-04T01:20:28,io.nvme0n1.w/s,883.0
1791048029,2026-10-04T01:20:28,io.nvme0n1.wkB/s,53315.2
1791048029,2026-10-04T01:20:28,io.nvme0n1.w_await,0.64
1791048029,2026-10-04T01:20:28,io.nvme0n1.f/s,172.1
1791048029,2026-10-04T01:20:28,io.nvme0n1.aqu-sz,0.75
1791048029,2026-10-04T01:20:28,io.nvme0n1.%util,43.7
1791048029,2026-10-04T01:20:28,io.nvme1n1.r/s,0.0
1791048029,2026-10-04T01:20:28,io.nvme1n1.rkB/s,0.0
1791048029,2026-10-04T01:20:28,io.nvme1n1.r_await,0.0
1791048029,2026-10-04T01:20:28,io.nvme1n1.w/s,944.0
1791048029,2026-10-04T01:20:28,io.nvme1n1.wkB/s,54660.0
1791048029,2026-10-04T01:20:28,io.nvme1n1.w_await,0.63
1791048029,2026-10-04T01:20:28,io.nvme1n1.f/s,172.2
1791048029,2026-10-04T01:20:28,io.nvme1n1.aqu-sz,0.79
1791048029,2026-10-04T01:20:28,io.nvme1n1.%util,43.88
1791048039,2026-10-04T01:20:38,host.cpu_pct,0.7334503510531595
1791048039,2026-10-04T01:20:38,host.run_cpu_pct,0.5430171891289396
1791048039,2026-10-04T01:20:38,host.nonrun_cpu_pct,0.19043316192421988
1791048039,2026-10-04T01:20:38,docker.dev-peer0.org2.example.com-saksi-bulletin_1.0-ee3fe73bad456e43adfc5ba27d9e5a60983b69e8496140308fb21061ecb2ff85.cpu_pct,0.0
1791048039,2026-10-04T01:20:38,docker.dev-peer0.org2.example.com-saksi-bulletin_1.0-ee3fe73bad456e43adfc5ba27d9e5a60983b69e8496140308fb21061ecb2ff85.mem_bytes,6880755.712
1791048039,2026-10-04T01:20:38,docker.dev-peer0.org2.example.com-saksi-bulletin_1.0-ee3fe73bad456e43adfc5ba27d9e5a60983b69e8496140308fb21061ecb2ff85.blk_read_bytes,0.0
1791048039,2026-10-04T01:20:38,docker.dev-peer0.org2.example.com-saksi-bulletin_1.0-ee3fe73bad456e43adfc5ba27d9e5a60983b69e8496140308fb21061ecb2ff85.blk_write_bytes,0.0
1791048039,2026-10-04T01:20:38,docker.dev-peer0.org1.example.com-saksi-bulletin_1.0-ee3fe73bad456e43adfc5ba27d9e5a60983b69e8496140308fb21061ecb2ff85.cpu_pct,110.77
1791048039,2026-10-04T01:20:38,docker.dev-peer0.org1.example.com-saksi-bulletin_1.0-ee3fe73bad456e43adfc5ba27d9e5a60983b69e8496140308fb21061ecb2ff85.mem_bytes,35274096.64
1791048039,2026-10-04T01:20:38,docker.dev-peer0.org1.example.com-saksi-bulletin_1.0-ee3fe73bad456e43adfc5ba27d9e5a60983b69e8496140308fb21061ecb2ff85.blk_read_bytes,0.0
1791048039,2026-10-04T01:20:38,docker.dev-peer0.org1.example.com-saksi-bulletin_1.0-ee3fe73bad456e43adfc5ba27d9e5a60983b69e8496140308fb21061ecb2ff85.blk_write_bytes,0.0
1791048039,2026-10-04T01:20:38,docker.peer0.org2.example.com.cpu_pct,0.59
1791048039,2026-10-04T01:20:38,docker.peer0.org2.example.com.mem_bytes,299473305.6
1791048039,2026-10-04T01:20:38,docker.peer0.org2.example.com.blk_read_bytes,0.0
1791048039,2026-10-04T01:20:38,docker.peer0.org2.example.com.blk_write_bytes,24800000000.0
1791048039,2026-10-04T01:20:38,docker.peer0.org1.example.com.cpu_pct,81.62
1791048039,2026-10-04T01:20:38,docker.peer0.org1.example.com.mem_bytes,390909132.8
1791048039,2026-10-04T01:20:38,docker.peer0.org1.example.com.blk_read_bytes,0.0
1791048039,2026-10-04T01:20:38,docker.peer0.org1.example.com.blk_write_bytes,24900000000.0
1791048039,2026-10-04T01:20:38,docker.orderer.example.com.cpu_pct,0.31
1791048039,2026-10-04T01:20:38,docker.orderer.example.com.mem_bytes,431698739.2
1791048039,2026-10-04T01:20:38,docker.orderer.example.com.blk_read_bytes,0.0
1791048039,2026-10-04T01:20:38,docker.orderer.example.com.blk_write_bytes,11500000000.0
1791048039,2026-10-04T01:20:38,host.MemTotal_kb,64932116
1791048039,2026-10-04T01:20:38,host.MemAvailable_kb,62667068
1791048039,2026-10-04T01:20:38,host.Cached_kb,21905972
1791048039,2026-10-04T01:20:38,host.SwapTotal_kb,0
1791048039,2026-10-04T01:20:38,host.SwapFree_kb,0
1791048039,2026-10-04T01:20:38,host.Dirty_kb,33536
1791048039,2026-10-04T01:20:38,host.load1,7.21
1791048039,2026-10-04T01:20:38,host.load5,7.96
1791048039,2026-10-04T01:20:38,host.root_free_bytes,920661356544
1791048039,2026-10-04T01:20:38,host.root_used_bytes,24311480320
1791048039,2026-10-04T01:20:38,io.md2.r/s,0.0
1791048039,2026-10-04T01:20:38,io.md2.rkB/s,0.0
1791048039,2026-10-04T01:20:38,io.md2.r_await,0.0
1791048039,2026-10-04T01:20:38,io.md2.w/s,1035.2
1791048039,2026-10-04T01:20:38,io.md2.wkB/s,47154.8
1791048039,2026-10-04T01:20:38,io.md2.w_await,0.26
1791048039,2026-10-04T01:20:38,io.md2.f/s,0.0
1791048039,2026-10-04T01:20:38,io.md2.aqu-sz,0.27
1791048039,2026-10-04T01:20:38,io.md2.%util,21.28
1791048039,2026-10-04T01:20:38,io.nvme0n1.r/s,0.0
1791048039,2026-10-04T01:20:38,io.nvme0n1.rkB/s,0.0
1791048039,2026-10-04T01:20:38,io.nvme0n1.r_await,0.0
1791048039,2026-10-04T01:20:38,io.nvme0n1.w/s,346.8
1791048039,2026-10-04T01:20:38,io.nvme0n1.wkB/s,23366.8
1791048039,2026-10-04T01:20:38,io.nvme0n1.w_await,0.55
1791048039,2026-10-04T01:20:38,io.nvme0n1.f/s,54.0
1791048039,2026-10-04T01:20:38,io.nvme0n1.aqu-sz,0.25
1791048039,2026-10-04T01:20:38,io.nvme0n1.%util,13.88
1791048039,2026-10-04T01:20:38,io.nvme1n1.r/s,0.0
1791048039,2026-10-04T01:20:38,io.nvme1n1.rkB/s,0.0
1791048039,2026-10-04T01:20:38,io.nvme1n1.r_await,0.0
1791048039,2026-10-04T01:20:38,io.nvme1n1.w/s,358.6
1791048039,2026-10-04T01:20:38,io.nvme1n1.wkB/s,23788.0
1791048039,2026-10-04T01:20:38,io.nvme1n1.w_await,0.55
1791048039,2026-10-04T01:20:38,io.nvme1n1.f/s,54.0
1791048039,2026-10-04T01:20:38,io.nvme1n1.aqu-sz,0.26
1791048039,2026-10-04T01:20:38,io.nvme1n1.%util,13.27
1791048049,2026-10-04T01:20:48,host.cpu_pct,46.110262286732876
1791048049,2026-10-04T01:20:48,host.run_cpu_pct,46.09402137700552
1791048049,2026-10-04T01:20:48,host.nonrun_cpu_pct,0.016240909727358144
1791048049,2026-10-04T01:20:48,docker.dev-peer0.org2.example.com-saksi-bulletin_1.0-ee3fe73bad456e43adfc5ba27d9e5a60983b69e8496140308fb21061ecb2ff85.cpu_pct,0.0
1791048049,2026-10-04T01:20:48,docker.dev-peer0.org2.example.com-saksi-bulletin_1.0-ee3fe73bad456e43adfc5ba27d9e5a60983b69e8496140308fb21061ecb2ff85.mem_bytes,6880755.712
1791048049,2026-10-04T01:20:48,docker.dev-peer0.org2.example.com-saksi-bulletin_1.0-ee3fe73bad456e43adfc5ba27d9e5a60983b69e8496140308fb21061ecb2ff85.blk_read_bytes,0.0
1791048049,2026-10-04T01:20:48,docker.dev-peer0.org2.example.com-saksi-bulletin_1.0-ee3fe73bad456e43adfc5ba27d9e5a60983b69e8496140308fb21061ecb2ff85.blk_write_bytes,0.0
1791048049,2026-10-04T01:20:48,docker.dev-peer0.org1.example.com-saksi-bulletin_1.0-ee3fe73bad456e43adfc5ba27d9e5a60983b69e8496140308fb21061ecb2ff85.cpu_pct,0.0
1791048049,2026-10-04T01:20:48,docker.dev-peer0.org1.example.com-saksi-bulletin_1.0-ee3fe73bad456e43adfc5ba27d9e5a60983b69e8496140308fb21061ecb2ff85.mem_bytes,39216742.4
1791048049,2026-10-04T01:20:48,docker.dev-peer0.org1.example.com-saksi-bulletin_1.0-ee3fe73bad456e43adfc5ba27d9e5a60983b69e8496140308fb21061ecb2ff85.blk_read_bytes,0.0
1791048049,2026-10-04T01:20:48,docker.dev-peer0.org1.example.com-saksi-bulletin_1.0-ee3fe73bad456e43adfc5ba27d9e5a60983b69e8496140308fb21061ecb2ff85.blk_write_bytes,0.0
1791048049,2026-10-04T01:20:48,docker.peer0.org2.example.com.cpu_pct,0.49
1791048049,2026-10-04T01:20:48,docker.peer0.org2.example.com.mem_bytes,299473305.6
1791048049,2026-10-04T01:20:48,docker.peer0.org2.example.com.blk_read_bytes,0.0
1791048049,2026-10-04T01:20:48,docker.peer0.org2.example.com.blk_write_bytes,24800000000.0
1791048049,2026-10-04T01:20:48,docker.peer0.org1.example.com.cpu_pct,0.58
1791048049,2026-10-04T01:20:48,docker.peer0.org1.example.com.mem_bytes,371300761.6
1791048049,2026-10-04T01:20:48,docker.peer0.org1.example.com.blk_read_bytes,0.0
1791048049,2026-10-04T01:20:48,docker.peer0.org1.example.com.blk_write_bytes,24900000000.0
1791048049,2026-10-04T01:20:48,docker.orderer.example.com.cpu_pct,0.04
1791048049,2026-10-04T01:20:48,docker.orderer.example.com.mem_bytes,431698739.2
1791048049,2026-10-04T01:20:48,docker.orderer.example.com.blk_read_bytes,0.0
1791048049,2026-10-04T01:20:48,docker.orderer.example.com.blk_write_bytes,11500000000.0
1791048049,2026-10-04T01:20:48,host.MemTotal_kb,64932116
1791048049,2026-10-04T01:20:48,host.MemAvailable_kb,62690060
1791048049,2026-10-04T01:20:48,host.Cached_kb,21988996
1791048049,2026-10-04T01:20:48,host.SwapTotal_kb,0
1791048049,2026-10-04T01:20:48,host.SwapFree_kb,0
1791048049,2026-10-04T01:20:48,host.Dirty_kb,1372
1791048049,2026-10-04T01:20:48,host.load1,7.45
1791048049,2026-10-04T01:20:48,host.load5,7.98
1791048049,2026-10-04T01:20:48,host.root_free_bytes,920576339968
1791048049,2026-10-04T01:20:48,host.root_used_bytes,24396496896
1791048049,2026-10-04T01:20:48,io.md2.r/s,0.0
1791048049,2026-10-04T01:20:48,io.md2.rkB/s,0.0
1791048049,2026-10-04T01:20:48,io.md2.r_await,0.0
1791048049,2026-10-04T01:20:48,io.md2.w/s,106.6
1791048049,2026-10-04T01:20:48,io.md2.wkB/s,1559.6
1791048049,2026-10-04T01:20:48,io.md2.w_await,0.32
1791048049,2026-10-04T01:20:48,io.md2.f/s,0.0
1791048049,2026-10-04T01:20:48,io.md2.aqu-sz,0.03
1791048049,2026-10-04T01:20:48,io.md2.%util,2.6
1791048049,2026-10-04T01:20:48,io.nvme0n1.r/s,0.0
1791048049,2026-10-04T01:20:48,io.nvme0n1.rkB/s,0.0
1791048049,2026-10-04T01:20:48,io.nvme0n1.r_await,0.0
1791048049,2026-10-04T01:20:48,io.nvme0n1.w/s,40.5
1791048049,2026-10-04T01:20:48,io.nvme0n1.wkB/s,748.8
1791048049,2026-10-04T01:20:48,io.nvme0n1.w_await,0.54
1791048049,2026-10-04T01:20:48,io.nvme0n1.f/s,6.5
1791048049,2026-10-04T01:20:48,io.nvme0n1.aqu-sz,0.03
1791048049,2026-10-04T01:20:48,io.nvme0n1.%util,1.5
1791048049,2026-10-04T01:20:48,io.nvme1n1.r/s,0.0
1791048049,2026-10-04T01:20:48,io.nvme1n1.rkB/s,0.0
1791048049,2026-10-04T01:20:48,io.nvme1n1.r_await,0.0
1791048049,2026-10-04T01:20:48,io.nvme1n1.w/s,45.5
1791048049,2026-10-04T01:20:48,io.nvme1n1.wkB/s,810.8
1791048049,2026-10-04T01:20:48,io.nvme1n1.w_await,0.68
1791048049,2026-10-04T01:20:48,io.nvme1n1.f/s,6.5
1791048049,2026-10-04T01:20:48,io.nvme1n1.aqu-sz,0.04
1791048049,2026-10-04T01:20:48,io.nvme1n1.%util,2.39
1791048059,2026-10-04T01:20:58,host.cpu_pct,84.51814768460575
1791048059,2026-10-04T01:20:58,host.run_cpu_pct,84.08628648566969
1791048059,2026-10-04T01:20:58,host.nonrun_cpu_pct,0.4318611989360619
1791048059,2026-10-04T01:20:58,docker.dev-peer0.org2.example.com-saksi-bulletin_1.0-ee3fe73bad456e43adfc5ba27d9e5a60983b69e8496140308fb21061ecb2ff85.cpu_pct,0.0
1791048059,2026-10-04T01:20:58,docker.dev-peer0.org2.example.com-saksi-bulletin_1.0-ee3fe73bad456e43adfc5ba27d9e5a60983b69e8496140308fb21061ecb2ff85.mem_bytes,6873415.68
1791048059,2026-10-04T01:20:58,docker.dev-peer0.org2.example.com-saksi-bulletin_1.0-ee3fe73bad456e43adfc5ba27d9e5a60983b69e8496140308fb21061ecb2ff85.blk_read_bytes,0.0
1791048059,2026-10-04T01:20:58,docker.dev-peer0.org2.example.com-saksi-bulletin_1.0-ee3fe73bad456e43adfc5ba27d9e5a60983b69e8496140308fb21061ecb2ff85.blk_write_bytes,0.0
1791048059,2026-10-04T01:20:58,docker.dev-peer0.org1.example.com-saksi-bulletin_1.0-ee3fe73bad456e43adfc5ba27d9e5a60983b69e8496140308fb21061ecb2ff85.cpu_pct,0.03
1791048059,2026-10-04T01:20:58,docker.dev-peer0.org1.example.com-saksi-bulletin_1.0-ee3fe73bad456e43adfc5ba27d9e5a60983b69e8496140308fb21061ecb2ff85.mem_bytes,39216742.4
1791048059,2026-10-04T01:20:58,docker.dev-peer0.org1.example.com-saksi-bulletin_1.0-ee3fe73bad456e43adfc5ba27d9e5a60983b69e8496140308fb21061ecb2ff85.blk_read_bytes,0.0
1791048059,2026-10-04T01:20:58,docker.dev-peer0.org1.example.com-saksi-bulletin_1.0-ee3fe73bad456e43adfc5ba27d9e5a60983b69e8496140308fb21061ecb2ff85.blk_write_bytes,0.0
1791048059,2026-10-04T01:20:58,docker.peer0.org2.example.com.cpu_pct,0.6
1791048059,2026-10-04T01:20:58,docker.peer0.org2.example.com.mem_bytes,299473305.6
1791048059,2026-10-04T01:20:58,docker.peer0.org2.example.com.blk_read_bytes,0.0
1791048059,2026-10-04T01:20:58,docker.peer0.org2.example.com.blk_write_bytes,24800000000.0
1791048059,2026-10-04T01:20:58,docker.peer0.org1.example.com.cpu_pct,0.59
1791048059,2026-10-04T01:20:58,docker.peer0.org1.example.com.mem_bytes,371300761.6
1791048059,2026-10-04T01:20:58,docker.peer0.org1.example.com.blk_read_bytes,0.0
1791048059,2026-10-04T01:20:58,docker.peer0.org1.example.com.blk_write_bytes,24900000000.0
1791048059,2026-10-04T01:20:58,docker.orderer.example.com.cpu_pct,0.04
1791048059,2026-10-04T01:20:58,docker.orderer.example.com.mem_bytes,431698739.2
1791048059,2026-10-04T01:20:58,docker.orderer.example.com.blk_read_bytes,0.0
1791048059,2026-10-04T01:20:58,docker.orderer.example.com.blk_write_bytes,11500000000.0
1791048059,2026-10-04T01:20:58,host.MemTotal_kb,64932116
1791048059,2026-10-04T01:20:58,host.MemAvailable_kb,62695784
1791048059,2026-10-04T01:20:58,host.Cached_kb,22046508
1791048059,2026-10-04T01:20:58,host.SwapTotal_kb,0
1791048059,2026-10-04T01:20:58,host.SwapFree_kb,0
1791048059,2026-10-04T01:20:58,host.Dirty_kb,58620
1791048059,2026-10-04T01:20:58,host.load1,8.77
1791048059,2026-10-04T01:20:58,host.load5,8.25
1791048059,2026-10-04T01:20:58,host.root_free_bytes,920517443584
1791048059,2026-10-04T01:20:58,host.root_used_bytes,24455393280
1791048059,2026-10-04T01:20:58,io.md2.r/s,0.0
1791048059,2026-10-04T01:20:58,io.md2.rkB/s,0.0
1791048059,2026-10-04T01:20:58,io.md2.r_await,0.0
1791048059,2026-10-04T01:20:58,io.md2.w/s,162.1
1791048059,2026-10-04T01:20:58,io.md2.wkB/s,11764.0
1791048059,2026-10-04T01:20:58,io.md2.w_await,0.19
1791048059,2026-10-04T01:20:58,io.md2.f/s,0.0
1791048059,2026-10-04T01:20:58,io.md2.aqu-sz,0.03
1791048059,2026-10-04T01:20:58,io.md2.%util,1.22
1791048059,2026-10-04T01:20:58,io.nvme0n1.r/s,0.0
1791048059,2026-10-04T01:20:58,io.nvme0n1.rkB/s,0.0
1791048059,2026-10-04T01:20:58,io.nvme0n1.r_await,0.0
1791048059,2026-10-04T01:20:58,io.nvme0n1.w/s,77.6
1791048059,2026-10-04T01:20:58,io.nvme0n1.wkB/s,5886.0
1791048059,2026-10-04T01:20:58,io.nvme0n1.w_await,0.29
1791048059,2026-10-04T01:20:58,io.nvme0n1.f/s,1.6
1791048059,2026-10-04T01:20:58,io.nvme0n1.aqu-sz,0.02
1791048059,2026-10-04T01:20:58,io.nvme0n1.%util,0.98
1791048059,2026-10-04T01:20:58,io.nvme1n1.r/s,0.0
1791048059,2026-10-04T01:20:58,io.nvme1n1.rkB/s,0.0
1791048059,2026-10-04T01:20:58,io.nvme1n1.r_await,0.0
1791048059,2026-10-04T01:20:58,io.nvme1n1.w/s,75.2
1791048059,2026-10-04T01:20:58,io.nvme1n1.wkB/s,5878.0
1791048059,2026-10-04T01:20:58,io.nvme1n1.w_await,0.25
1791048059,2026-10-04T01:20:58,io.nvme1n1.f/s,1.6
1791048059,2026-10-04T01:20:58,io.nvme1n1.aqu-sz,0.02
1791048059,2026-10-04T01:20:58,io.nvme1n1.%util,0.24
1791048069,2026-10-04T01:21:08,host.cpu_pct,32.90407688925184
1791048069,2026-10-04T01:21:08,host.run_cpu_pct,32.639095280027625
1791048069,2026-10-04T01:21:08,host.nonrun_cpu_pct,0.26498160922421476
1791048069,2026-10-04T01:21:08,docker.dev-peer0.org2.example.com-saksi-bulletin_1.0-ee3fe73bad456e43adfc5ba27d9e5a60983b69e8496140308fb21061ecb2ff85.cpu_pct,0.0
1791048069,2026-10-04T01:21:08,docker.dev-peer0.org2.example.com-saksi-bulletin_1.0-ee3fe73bad456e43adfc5ba27d9e5a60983b69e8496140308fb21061ecb2ff85.mem_bytes,6873415.68
1791048069,2026-10-04T01:21:08,docker.dev-peer0.org2.example.com-saksi-bulletin_1.0-ee3fe73bad456e43adfc5ba27d9e5a60983b69e8496140308fb21061ecb2ff85.blk_read_bytes,0.0
1791048069,2026-10-04T01:21:08,docker.dev-peer0.org2.example.com-saksi-bulletin_1.0-ee3fe73bad456e43adfc5ba27d9e5a60983b69e8496140308fb21061ecb2ff85.blk_write_bytes,0.0
1791048069,2026-10-04T01:21:08,docker.dev-peer0.org1.example.com-saksi-bulletin_1.0-ee3fe73bad456e43adfc5ba27d9e5a60983b69e8496140308fb21061ecb2ff85.cpu_pct,339.0
1791048069,2026-10-04T01:21:08,docker.dev-peer0.org1.example.com-saksi-bulletin_1.0-ee3fe73bad456e43adfc5ba27d9e5a60983b69e8496140308fb21061ecb2ff85.mem_bytes,18895339.52
1791048069,2026-10-04T01:21:08,docker.dev-peer0.org1.example.com-saksi-bulletin_1.0-ee3fe73bad456e43adfc5ba27d9e5a60983b69e8496140308fb21061ecb2ff85.blk_read_bytes,0.0
1791048069,2026-10-04T01:21:08,docker.dev-peer0.org1.example.com-saksi-bulletin_1.0-ee3fe73bad456e43adfc5ba27d9e5a60983b69e8496140308fb21061ecb2ff85.blk_write_bytes,0.0
1791048069,2026-10-04T01:21:08,docker.peer0.org2.example.com.cpu_pct,56.69
1791048069,2026-10-04T01:21:08,docker.peer0.org2.example.com.mem_bytes,303143321.6
1791048069,2026-10-04T01:21:08,docker.peer0.org2.example.com.blk_read_bytes,0.0
1791048069,2026-10-04T01:21:08,docker.peer0.org2.example.com.blk_write_bytes,25100000000.0
1791048069,2026-10-04T01:21:08,docker.peer0.org1.example.com.cpu_pct,190.9
1791048069,2026-10-04T01:21:08,docker.peer0.org1.example.com.mem_bytes,309749350.4
1791048069,2026-10-04T01:21:08,docker.peer0.org1.example.com.blk_read_bytes,0.0
1791048069,2026-10-04T01:21:08,docker.peer0.org1.example.com.blk_write_bytes,25200000000.0
1791048069,2026-10-04T01:21:08,docker.orderer.example.com.cpu_pct,49.35
1791048069,2026-10-04T01:21:08,docker.orderer.example.com.mem_bytes,483078963.2
1791048069,2026-10-04T01:21:08,docker.orderer.example.com.blk_read_bytes,0.0
1791048069,2026-10-04T01:21:08,docker.orderer.example.com.blk_write_bytes,11600000000.0
1791048069,2026-10-04T01:21:08,host.MemTotal_kb,64932116
1791048069,2026-10-04T01:21:08,host.MemAvailable_kb,62739348
1791048069,2026-10-04T01:21:08,host.Cached_kb,22351628
1791048069,2026-10-04T01:21:08,host.SwapTotal_kb,0
1791048069,2026-10-04T01:21:08,host.SwapFree_kb,0
1791048069,2026-10-04T01:21:08,host.Dirty_kb,244432
1791048069,2026-10-04T01:21:08,host.load1,9.9
1791048069,2026-10-04T01:21:08,host.load5,8.49
1791048069,2026-10-04T01:21:08,host.root_free_bytes,920167460864
1791048069,2026-10-04T01:21:08,host.root_used_bytes,24805376000
1791048069,2026-10-04T01:21:08,io.md2.r/s,0.0
1791048069,2026-10-04T01:21:08,io.md2.rkB/s,0.0
1791048069,2026-10-04T01:21:08,io.md2.r_await,0.0
1791048069,2026-10-04T01:21:08,io.md2.w/s,53.3
1791048069,2026-10-04T01:21:08,io.md2.wkB/s,246.0
1791048069,2026-10-04T01:21:08,io.md2.w_await,0.17
1791048069,2026-10-04T01:21:08,io.md2.f/s,0.0
1791048069,2026-10-04T01:21:08,io.md2.aqu-sz,0.01
1791048069,2026-10-04T01:21:08,io.md2.%util,0.59
1791048069,2026-10-04T01:21:08,io.nvme0n1.r/s,0.0
1791048069,2026-10-04T01:21:08,io.nvme0n1.rkB/s,0.0
1791048069,2026-10-04T01:21:08,io.nvme0n1.r_await,0.0
1791048069,2026-10-04T01:21:08,io.nvme0n1.w/s,21.2
1791048069,2026-10-04T01:21:08,io.nvme0n1.wkB/s,99.6
1791048069,2026-10-04T01:21:08,io.nvme0n1.w_await,0.17
1791048069,2026-10-04T01:21:08,io.nvme0n1.f/s,0.8
1791048069,2026-10-04T01:21:08,io.nvme0n1.aqu-sz,0.0
1791048069,2026-10-04T01:21:08,io.nvme0n1.%util,0.07
1791048069,2026-10-04T01:21:08,io.nvme1n1.r/s,0.0
1791048069,2026-10-04T01:21:08,io.nvme1n1.rkB/s,0.0
1791048069,2026-10-04T01:21:08,io.nvme1n1.r_await,0.0
1791048069,2026-10-04T01:21:08,io.nvme1n1.w/s,24.1
1791048069,2026-10-04T01:21:08,io.nvme1n1.wkB/s,146.4
1791048069,2026-10-04T01:21:08,io.nvme1n1.w_await,0.34
1791048069,2026-10-04T01:21:08,io.nvme1n1.f/s,0.8
1791048069,2026-10-04T01:21:08,io.nvme1n1.aqu-sz,0.01
1791048069,2026-10-04T01:21:08,io.nvme1n1.%util,0.42
1791048079,2026-10-04T01:21:18,host.cpu_pct,45.71483229179952
1791048079,2026-10-04T01:21:18,host.run_cpu_pct,45.221621261629515
1791048079,2026-10-04T01:21:18,host.nonrun_cpu_pct,0.4932110301700021
1791048079,2026-10-04T01:21:18,docker.dev-peer0.org2.example.com-saksi-bulletin_1.0-ee3fe73bad456e43adfc5ba27d9e5a60983b69e8496140308fb21061ecb2ff85.cpu_pct,0.0
1791048079,2026-10-04T01:21:18,docker.dev-peer0.org2.example.com-saksi-bulletin_1.0-ee3fe73bad456e43adfc5ba27d9e5a60983b69e8496140308fb21061ecb2ff85.mem_bytes,6873415.68
1791048079,2026-10-04T01:21:18,docker.dev-peer0.org2.example.com-saksi-bulletin_1.0-ee3fe73bad456e43adfc5ba27d9e5a60983b69e8496140308fb21061ecb2ff85.blk_read_bytes,0.0
1791048079,2026-10-04T01:21:18,docker.dev-peer0.org2.example.com-saksi-bulletin_1.0-ee3fe73bad456e43adfc5ba27d9e5a60983b69e8496140308fb21061ecb2ff85.blk_write_bytes,0.0
1791048079,2026-10-04T01:21:18,docker.dev-peer0.org1.example.com-saksi-bulletin_1.0-ee3fe73bad456e43adfc5ba27d9e5a60983b69e8496140308fb21061ecb2ff85.cpu_pct,365.48
1791048079,2026-10-04T01:21:18,docker.dev-peer0.org1.example.com-saksi-bulletin_1.0-ee3fe73bad456e43adfc5ba27d9e5a60983b69e8496140308fb21061ecb2ff85.mem_bytes,19419627.52
1791048079,2026-10-04T01:21:18,docker.dev-peer0.org1.example.com-saksi-bulletin_1.0-ee3fe73bad456e43adfc5ba27d9e5a60983b69e8496140308fb21061ecb2ff85.blk_read_bytes,0.0
1791048079,2026-10-04T01:21:18,docker.dev-peer0.org1.example.com-saksi-bulletin_1.0-ee3fe73bad456e43adfc5ba27d9e5a60983b69e8496140308fb21061ecb2ff85.blk_write_bytes,0.0
1791048079,2026-10-04T01:21:18,docker.peer0.org2.example.com.cpu_pct,87.8
1791048079,2026-10-04T01:21:18,docker.peer0.org2.example.com.mem_bytes,317299097.6
1791048079,2026-10-04T01:21:18,docker.peer0.org2.example.com.blk_read_bytes,0.0
1791048079,2026-10-04T01:21:18,docker.peer0.org2.example.com.blk_write_bytes,25700000000.0
1791048079,2026-10-04T01:21:18,docker.peer0.org1.example.com.cpu_pct,217.49
1791048079,2026-10-04T01:21:18,docker.peer0.org1.example.com.mem_bytes,334181171.2
1791048079,2026-10-04T01:21:18,docker.peer0.org1.example.com.blk_read_bytes,0.0
1791048079,2026-10-04T01:21:18,docker.peer0.org1.example.com.blk_write_bytes,25800000000.0
1791048079,2026-10-04T01:21:18,docker.orderer.example.com.cpu_pct,51.76
1791048079,2026-10-04T01:21:18,docker.orderer.example.com.mem_bytes,642357657.6
1791048079,2026-10-04T01:21:18,docker.orderer.example.com.blk_read_bytes,0.0
1791048079,2026-10-04T01:21:18,docker.orderer.example.com.blk_write_bytes,11900000000.0
1791048079,2026-10-04T01:21:18,host.MemTotal_kb,64932116
1791048079,2026-10-04T01:21:18,host.MemAvailable_kb,62530356
1791048079,2026-10-04T01:21:18,host.Cached_kb,22708080
1791048079,2026-10-04T01:21:18,host.SwapTotal_kb,0
1791048079,2026-10-04T01:21:18,host.SwapFree_kb,0
1791048079,2026-10-04T01:21:18,host.Dirty_kb,15428
1791048079,2026-10-04T01:21:18,host.load1,12.97
1791048079,2026-10-04T01:21:18,host.load5,9.2
1791048079,2026-10-04T01:21:18,host.root_free_bytes,919813697536
1791048079,2026-10-04T01:21:18,host.root_used_bytes,25159139328
1791048079,2026-10-04T01:21:18,io.md2.r/s,0.0
1791048079,2026-10-04T01:21:18,io.md2.rkB/s,0.0
1791048079,2026-10-04T01:21:18,io.md2.r_await,0.0
1791048079,2026-10-04T01:21:18,io.md2.w/s,328.4
1791048079,2026-10-04T01:21:18,io.md2.wkB/s,6727.2
1791048079,2026-10-04T01:21:18,io.md2.w_await,0.39
1791048079,2026-10-04T01:21:18,io.md2.f/s,0.0
1791048079,2026-10-04T01:21:18,io.md2.aqu-sz,0.13
1791048079,2026-10-04T01:21:18,io.md2.%util,10.33
1791048079,2026-10-04T01:21:18,io.nvme0n1.r/s,0.0
1791048079,2026-10-04T01:21:18,io.nvme0n1.rkB/s,0.0
1791048079,2026-10-04T01:21:18,io.nvme0n1.r_await,0.0
1791048079,2026-10-04T01:21:18,io.nvme0n1.w/s,110.5
1791048079,2026-10-04T01:21:18,io.nvme0n1.wkB/s,3268.8
1791048079,2026-10-04T01:21:18,io.nvme0n1.w_await,0.75
1791048079,2026-10-04T01:21:18,io.nvme0n1.f/s,25.9
1791048079,2026-10-04T01:21:18,io.nvme0n1.aqu-sz,0.11
1791048079,2026-10-04T01:21:18,io.nvme0n1.%util,7.15
1791048079,2026-10-04T01:21:18,io.nvme1n1.r/s,0.0
1791048079,2026-10-04T01:21:18,io.nvme1n1.rkB/s,0.0
1791048079,2026-10-04T01:21:18,io.nvme1n1.r_await,0.0
1791048079,2026-10-04T01:21:18,io.nvme1n1.w/s,118.8
1791048079,2026-10-04T01:21:18,io.nvme1n1.wkB/s,3458.4
1791048079,2026-10-04T01:21:18,io.nvme1n1.w_await,0.74
1791048079,2026-10-04T01:21:18,io.nvme1n1.f/s,25.9
1791048079,2026-10-04T01:21:18,io.nvme1n1.aqu-sz,0.12
1791048079,2026-10-04T01:21:18,io.nvme1n1.%util,7.05
1791048089,2026-10-04T01:21:28,host.cpu_pct,45.86494930816808
1791048089,2026-10-04T01:21:28,host.run_cpu_pct,45.43011364456929
1791048089,2026-10-04T01:21:28,host.nonrun_cpu_pct,0.4348356635987898
1791048089,2026-10-04T01:21:28,docker.dev-peer0.org2.example.com-saksi-bulletin_1.0-ee3fe73bad456e43adfc5ba27d9e5a60983b69e8496140308fb21061ecb2ff85.cpu_pct,0.0
1791048089,2026-10-04T01:21:28,docker.dev-peer0.org2.example.com-saksi-bulletin_1.0-ee3fe73bad456e43adfc5ba27d9e5a60983b69e8496140308fb21061ecb2ff85.mem_bytes,6873415.68
1791048089,2026-10-04T01:21:28,docker.dev-peer0.org2.example.com-saksi-bulletin_1.0-ee3fe73bad456e43adfc5ba27d9e5a60983b69e8496140308fb21061ecb2ff85.blk_read_bytes,0.0
1791048089,2026-10-04T01:21:28,docker.dev-peer0.org2.example.com-saksi-bulletin_1.0-ee3fe73bad456e43adfc5ba27d9e5a60983b69e8496140308fb21061ecb2ff85.blk_write_bytes,0.0
1791048089,2026-10-04T01:21:28,docker.dev-peer0.org1.example.com-saksi-bulletin_1.0-ee3fe73bad456e43adfc5ba27d9e5a60983b69e8496140308fb21061ecb2ff85.cpu_pct,358.49
1791048089,2026-10-04T01:21:28,docker.dev-peer0.org1.example.com-saksi-bulletin_1.0-ee3fe73bad456e43adfc5ba27d9e5a60983b69e8496140308fb21061ecb2ff85.mem_bytes,18182307.84
1791048089,2026-10-04T01:21:28,docker.dev-peer0.org1.example.com-saksi-bulletin_1.0-ee3fe73bad456e43adfc5ba27d9e5a60983b69e8496140308fb21061ecb2ff85.blk_read_bytes,0.0
1791048089,2026-10-04T01:21:28,docker.dev-peer0.org1.example.com-saksi-bulletin_1.0-ee3fe73bad456e43adfc5ba27d9e5a60983b69e8496140308fb21061ecb2ff85.blk_write_bytes,0.0
1791048089,2026-10-04T01:21:28,docker.peer0.org2.example.com.cpu_pct,57.02
1791048089,2026-10-04T01:21:28,docker.peer0.org2.example.com.mem_bytes,328099430.4
1791048089,2026-10-04T01:21:28,docker.peer0.org2.example.com.blk_read_bytes,0.0
1791048089,2026-10-04T01:21:28,docker.peer0.org2.example.com.blk_write_bytes,26500000000.0
1791048089,2026-10-04T01:21:28,docker.peer0.org1.example.com.cpu_pct,182.87
1791048089,2026-10-04T01:21:28,docker.peer0.org1.example.com.mem_bytes,348336947.2
1791048089,2026-10-04T01:21:28,docker.peer0.org1.example.com.blk_read_bytes,0.0
1791048089,2026-10-04T01:21:28,docker.peer0.org1.example.com.blk_write_bytes,26500000000.0
1791048089,2026-10-04T01:21:28,docker.orderer.example.com.cpu_pct,49.23
1791048089,2026-10-04T01:21:28,docker.orderer.example.com.mem_bytes,262668288.0
1791048089,2026-10-04T01:21:28,docker.orderer.example.com.blk_read_bytes,0.0
1791048089,2026-10-04T01:21:28,docker.orderer.example.com.blk_write_bytes,12200000000.0
1791048089,2026-10-04T01:21:28,host.MemTotal_kb,64932116
1791048089,2026-10-04T01:21:28,host.MemAvailable_kb,62933408
1791048089,2026-10-04T01:21:28,host.Cached_kb,22819404
1791048089,2026-10-04T01:21:28,host.SwapTotal_kb,0
1791048089,2026-10-04T01:21:28,host.SwapFree_kb,0
1791048089,2026-10-04T01:21:28,host.Dirty_kb,14472
1791048089,2026-10-04T01:21:28,host.load1,15.42
1791048089,2026-10-04T01:21:28,host.load5,9.85
1791048089,2026-10-04T01:21:28,host.root_free_bytes,919713304576
1791048089,2026-10-04T01:21:28,host.root_used_bytes,25259532288
1791048089,2026-10-04T01:21:28,io.md2.r/s,0.0
1791048089,2026-10-04T01:21:28,io.md2.rkB/s,0.0
1791048089,2026-10-04T01:21:28,io.md2.r_await,0.0
1791048089,2026-10-04T01:21:28,io.md2.w/s,2772.2
1791048089,2026-10-04T01:21:28,io.md2.wkB/s,117225.6
1791048089,2026-10-04T01:21:28,io.md2.w_await,0.32
1791048089,2026-10-04T01:21:28,io.md2.f/s,0.0
1791048089,2026-10-04T01:21:28,io.md2.aqu-sz,0.89
1791048089,2026-10-04T01:21:28,io.md2.%util,68.11
1791048089,2026-10-04T01:21:28,io.nvme0n1.r/s,0.0
1791048089,2026-10-04T01:21:28,io.nvme0n1.rkB/s,0.0
1791048089,2026-10-04T01:21:28,io.nvme0n1.r_await,0.0
1791048089,2026-10-04T01:21:28,io.nvme0n1.w/s,923.1
1791048089,2026-10-04T01:21:28,io.nvme0n1.wkB/s,58273.6
1791048089,2026-10-04T01:21:28,io.nvme0n1.w_await,0.66
1791048089,2026-10-04T01:21:28,io.nvme0n1.f/s,172.6
1791048089,2026-10-04T01:21:28,io.nvme0n1.aqu-sz,0.8
1791048089,2026-10-04T01:21:28,io.nvme0n1.%util,44.85
1791048089,2026-10-04T01:21:28,io.nvme1n1.r/s,0.0
1791048089,2026-10-04T01:21:28,io.nvme1n1.rkB/s,0.0
1791048089,2026-10-04T01:21:28,io.nvme1n1.r_await,0.0
1791048089,2026-10-04T01:21:28,io.nvme1n1.w/s,967.9
1791048089,2026-10-04T01:21:28,io.nvme1n1.wkB/s,58952.0
1791048089,2026-10-04T01:21:28,io.nvme1n1.w_await,0.61
1791048089,2026-10-04T01:21:28,io.nvme1n1.f/s,172.5
1791048089,2026-10-04T01:21:28,io.nvme1n1.aqu-sz,0.79
1791048089,2026-10-04T01:21:28,io.nvme1n1.%util,45.2
1791048099,2026-10-04T01:21:38,host.cpu_pct,45.98800867457584
1791048099,2026-10-04T01:21:38,host.run_cpu_pct,45.547116534674494
1791048099,2026-10-04T01:21:38,host.nonrun_cpu_pct,0.4408921399013437
1791048099,2026-10-04T01:21:38,docker.dev-peer0.org2.example.com-saksi-bulletin_1.0-ee3fe73bad456e43adfc5ba27d9e5a60983b69e8496140308fb21061ecb2ff85.cpu_pct,0.0
1791048099,2026-10-04T01:21:38,docker.dev-peer0.org2.example.com-saksi-bulletin_1.0-ee3fe73bad456e43adfc5ba27d9e5a60983b69e8496140308fb21061ecb2ff85.mem_bytes,6873415.68
1791048099,2026-10-04T01:21:38,docker.dev-peer0.org2.example.com-saksi-bulletin_1.0-ee3fe73bad456e43adfc5ba27d9e5a60983b69e8496140308fb21061ecb2ff85.blk_read_bytes,0.0
1791048099,2026-10-04T01:21:38,docker.dev-peer0.org2.example.com-saksi-bulletin_1.0-ee3fe73bad456e43adfc5ba27d9e5a60983b69e8496140308fb21061ecb2ff85.blk_write_bytes,0.0
1791048099,2026-10-04T01:21:38,docker.dev-peer0.org1.example.com-saksi-bulletin_1.0-ee3fe73bad456e43adfc5ba27d9e5a60983b69e8496140308fb21061ecb2ff85.cpu_pct,336.5
1791048099,2026-10-04T01:21:38,docker.dev-peer0.org1.example.com-saksi-bulletin_1.0-ee3fe73bad456e43adfc5ba27d9e5a60983b69e8496140308fb21061ecb2ff85.mem_bytes,18706595.84
1791048099,2026-10-04T01:21:38,docker.dev-peer0.org1.example.com-saksi-bulletin_1.0-ee3fe73bad456e43adfc5ba27d9e5a60983b69e8496140308fb21061ecb2ff85.blk_read_bytes,0.0
1791048099,2026-10-04T01:21:38,docker.dev-peer0.org1.example.com-saksi-bulletin_1.0-ee3fe73bad456e43adfc5ba27d9e5a60983b69e8496140308fb21061ecb2ff85.blk_write_bytes,0.0
1791048099,2026-10-04T01:21:38,docker.peer0.org2.example.com.cpu_pct,79.87
1791048099,2026-10-04T01:21:38,docker.peer0.org2.example.com.mem_bytes,316565094.4
1791048099,2026-10-04T01:21:38,docker.peer0.org2.example.com.blk_read_bytes,0.0
1791048099,2026-10-04T01:21:38,docker.peer0.org2.example.com.blk_write_bytes,27500000000.0
1791048099,2026-10-04T01:21:38,docker.peer0.org1.example.com.cpu_pct,210.98
1791048099,2026-10-04T01:21:38,docker.peer0.org1.example.com.mem_bytes,344247500.8
1791048099,2026-10-04T01:21:38,docker.peer0.org1.example.com.blk_read_bytes,0.0
1791048099,2026-10-04T01:21:38,docker.peer0.org1.example.com.blk_write_bytes,27500000000.0
1791048099,2026-10-04T01:21:38,docker.orderer.example.com.cpu_pct,47.39
1791048099,2026-10-04T01:21:38,docker.orderer.example.com.mem_bytes,423519846.4
1791048099,2026-10-04T01:21:38,docker.orderer.example.com.blk_read_bytes,0.0
1791048099,2026-10-04T01:21:38,docker.orderer.example.com.blk_write_bytes,12500000000.0
1791048099,2026-10-04T01:21:38,host.MemTotal_kb,64932116
1791048099,2026-10-04T01:21:38,host.MemAvailable_kb,62796484
1791048099,2026-10-04T01:21:38,host.Cached_kb,23337352
1791048099,2026-10-04T01:21:38,host.SwapTotal_kb,0
1791048099,2026-10-04T01:21:38,host.SwapFree_kb,0
1791048099,2026-10-04T01:21:38,host.Dirty_kb,4524
1791048099,2026-10-04T01:21:38,host.load1,14.99
1791048099,2026-10-04T01:21:38,host.load5,9.95
1791048099,2026-10-04T01:21:38,host.root_free_bytes,919196266496
1791048099,2026-10-04T01:21:38,host.root_used_bytes,25776570368
1791048099,2026-10-04T01:21:38,io.md2.r/s,0.0
1791048099,2026-10-04T01:21:38,io.md2.rkB/s,0.0
1791048099,2026-10-04T01:21:38,io.md2.r_await,0.0
1791048099,2026-10-04T01:21:38,io.md2.w/s,2590.9
1791048099,2026-10-04T01:21:38,io.md2.wkB/s,92225.6
1791048099,2026-10-04T01:21:38,io.md2.w_await,0.31
1791048099,2026-10-04T01:21:38,io.md2.f/s,0.0
1791048099,2026-10-04T01:21:38,io.md2.aqu-sz,0.81
1791048099,2026-10-04T01:21:38,io.md2.%util,68.21
1791048099,2026-10-04T01:21:38,io.nvme0n1.r/s,0.0
1791048099,2026-10-04T01:21:38,io.nvme0n1.rkB/s,0.0
1791048099,2026-10-04T01:21:38,io.nvme0n1.r_await,0.0
1791048099,2026-10-04T01:21:38,io.nvme0n1.w/s,821.4
1791048099,2026-10-04T01:21:38,io.nvme0n1.wkB/s,45392.0
1791048099,2026-10-04T01:21:38,io.nvme0n1.w_await,0.69
1791048099,2026-10-04T01:21:38,io.nvme0n1.f/s,174.0
1791048099,2026-10-04T01:21:38,io.nvme0n1.aqu-sz,0.75
1791048099,2026-10-04T01:21:38,io.nvme0n1.%util,45.76
1791048099,2026-10-04T01:21:38,io.nvme1n1.r/s,0.0
1791048099,2026-10-04T01:21:38,io.nvme1n1.rkB/s,0.0
1791048099,2026-10-04T01:21:38,io.nvme1n1.r_await,0.0
1791048099,2026-10-04T01:21:38,io.nvme1n1.w/s,898.3
1791048099,2026-10-04T01:21:38,io.nvme1n1.wkB/s,46833.6
1791048099,2026-10-04T01:21:38,io.nvme1n1.w_await,0.66
1791048099,2026-10-04T01:21:38,io.nvme1n1.f/s,174.1
1791048099,2026-10-04T01:21:38,io.nvme1n1.aqu-sz,0.79
1791048099,2026-10-04T01:21:38,io.nvme1n1.%util,44.77
1791048109,2026-10-04T01:21:48,host.cpu_pct,31.198832265025068
1791048109,2026-10-04T01:21:48,host.run_cpu_pct,31.05196859577569
1791048109,2026-10-04T01:21:48,host.nonrun_cpu_pct,0.14686366924937744
1791048109,2026-10-04T01:21:48,docker.dev-peer0.org2.example.com-saksi-bulletin_1.0-ee3fe73bad456e43adfc5ba27d9e5a60983b69e8496140308fb21061ecb2ff85.cpu_pct,0.0
1791048109,2026-10-04T01:21:48,docker.dev-peer0.org2.example.com-saksi-bulletin_1.0-ee3fe73bad456e43adfc5ba27d9e5a60983b69e8496140308fb21061ecb2ff85.mem_bytes,6873415.68
1791048109,2026-10-04T01:21:48,docker.dev-peer0.org2.example.com-saksi-bulletin_1.0-ee3fe73bad456e43adfc5ba27d9e5a60983b69e8496140308fb21061ecb2ff85.blk_read_bytes,0.0
1791048109,2026-10-04T01:21:48,docker.dev-peer0.org2.example.com-saksi-bulletin_1.0-ee3fe73bad456e43adfc5ba27d9e5a60983b69e8496140308fb21061ecb2ff85.blk_write_bytes,0.0
1791048109,2026-10-04T01:21:48,docker.dev-peer0.org1.example.com-saksi-bulletin_1.0-ee3fe73bad456e43adfc5ba27d9e5a60983b69e8496140308fb21061ecb2ff85.cpu_pct,0.27
1791048109,2026-10-04T01:21:48,docker.dev-peer0.org1.example.com-saksi-bulletin_1.0-ee3fe73bad456e43adfc5ba27d9e5a60983b69e8496140308fb21061ecb2ff85.mem_bytes,14847836.16
1791048109,2026-10-04T01:21:48,docker.dev-peer0.org1.example.com-saksi-bulletin_1.0-ee3fe73bad456e43adfc5ba27d9e5a60983b69e8496140308fb21061ecb2ff85.blk_read_bytes,0.0
1791048109,2026-10-04T01:21:48,docker.dev-peer0.org1.example.com-saksi-bulletin_1.0-ee3fe73bad456e43adfc5ba27d9e5a60983b69e8496140308fb21061ecb2ff85.blk_write_bytes,0.0
1791048109,2026-10-04T01:21:48,docker.peer0.org2.example.com.cpu_pct,1.76
1791048109,2026-10-04T01:21:48,docker.peer0.org2.example.com.mem_bytes,320339968.0
1791048109,2026-10-04T01:21:48,docker.peer0.org2.example.com.blk_read_bytes,0.0
1791048109,2026-10-04T01:21:48,docker.peer0.org2.example.com.blk_write_bytes,27700000000.0
1791048109,2026-10-04T01:21:48,docker.peer0.org1.example.com.cpu_pct,3.98
1791048109,2026-10-04T01:21:48,docker.peer0.org1.example.com.mem_bytes,357144985.6
1791048109,2026-10-04T01:21:48,docker.peer0.org1.example.com.blk_read_bytes,0.0
1791048109,2026-10-04T01:21:48,docker.peer0.org1.example.com.blk_write_bytes,27800000000.0
1791048109,2026-10-04T01:21:48,docker.orderer.example.com.cpu_pct,0.07
1791048109,2026-10-04T01:21:48,docker.orderer.example.com.mem_bytes,477102080.0
1791048109,2026-10-04T01:21:48,docker.orderer.example.com.blk_read_bytes,0.0
1791048109,2026-10-04T01:21:48,docker.orderer.example.com.blk_write_bytes,12600000000.0
1791048109,2026-10-04T01:21:48,host.MemTotal_kb,64932116
1791048109,2026-10-04T01:21:48,host.MemAvailable_kb,62733684
1791048109,2026-10-04T01:21:48,host.Cached_kb,23306600
1791048109,2026-10-04T01:21:48,host.SwapTotal_kb,0
1791048109,2026-10-04T01:21:48,host.SwapFree_kb,0
1791048109,2026-10-04T01:21:48,host.Dirty_kb,11144
1791048109,2026-10-04T01:21:48,host.load1,12.76
1791048109,2026-10-04T01:21:48,host.load5,9.64
1791048109,2026-10-04T01:21:48,host.root_free_bytes,919187263488
1791048109,2026-10-04T01:21:48,host.root_used_bytes,25785573376
1791048109,2026-10-04T01:21:48,io.md2.r/s,0.0
1791048109,2026-10-04T01:21:48,io.md2.rkB/s,0.0
1791048109,2026-10-04T01:21:48,io.md2.r_await,0.0
1791048109,2026-10-04T01:21:48,io.md2.w/s,2850.1
1791048109,2026-10-04T01:21:48,io.md2.wkB/s,115676.0
1791048109,2026-10-04T01:21:48,io.md2.w_await,0.3
1791048109,2026-10-04T01:21:48,io.md2.f/s,0.0
1791048109,2026-10-04T01:21:48,io.md2.aqu-sz,0.85
1791048109,2026-10-04T01:21:48,io.md2.%util,68.38
1791048109,2026-10-04T01:21:48,io.nvme0n1.r/s,0.0
1791048109,2026-10-04T01:21:48,io.nvme0n1.rkB/s,0.0
1791048109,2026-10-04T01:21:48,io.nvme0n1.r_await,0.0
1791048109,2026-10-04T01:21:48,io.nvme0n1.w/s,916.7
1791048109,2026-10-04T01:21:48,io.nvme0n1.wkB/s,57356.4
1791048109,2026-10-04T01:21:48,io.nvme0n1.w_await,0.64
1791048109,2026-10-04T01:21:48,io.nvme0n1.f/s,174.5
1791048109,2026-10-04T01:21:48,io.nvme0n1.aqu-sz,0.78
1791048109,2026-10-04T01:21:48,io.nvme0n1.%util,45.48
1791048109,2026-10-04T01:21:48,io.nvme1n1.r/s,0.0
1791048109,2026-10-04T01:21:48,io.nvme1n1.rkB/s,0.0
1791048109,2026-10-04T01:21:48,io.nvme1n1.r_await,0.0
1791048109,2026-10-04T01:21:48,io.nvme1n1.w/s,976.1
1791048109,2026-10-04T01:21:48,io.nvme1n1.wkB/s,58319.6
1791048109,2026-10-04T01:21:48,io.nvme1n1.w_await,0.61
1791048109,2026-10-04T01:21:48,io.nvme1n1.f/s,174.5
1791048109,2026-10-04T01:21:48,io.nvme1n1.aqu-sz,0.79
1791048109,2026-10-04T01:21:48,io.nvme1n1.%util,44.13
1791048119,2026-10-04T01:21:58,host.cpu_pct,0.670846394984326
1791048119,2026-10-04T01:21:58,host.run_cpu_pct,0.5013210315018417
1791048119,2026-10-04T01:21:58,host.nonrun_cpu_pct,0.16952536348248426
1791048119,2026-10-04T01:21:58,docker.dev-peer0.org2.example.com-saksi-bulletin_1.0-ee3fe73bad456e43adfc5ba27d9e5a60983b69e8496140308fb21061ecb2ff85.cpu_pct,0.0
1791048119,2026-10-04T01:21:58,docker.dev-peer0.org2.example.com-saksi-bulletin_1.0-ee3fe73bad456e43adfc5ba27d9e5a60983b69e8496140308fb21061ecb2ff85.mem_bytes,6873415.68
1791048119,2026-10-04T01:21:58,docker.dev-peer0.org2.example.com-saksi-bulletin_1.0-ee3fe73bad456e43adfc5ba27d9e5a60983b69e8496140308fb21061ecb2ff85.blk_read_bytes,0.0
1791048119,2026-10-04T01:21:58,docker.dev-peer0.org2.example.com-saksi-bulletin_1.0-ee3fe73bad456e43adfc5ba27d9e5a60983b69e8496140308fb21061ecb2ff85.blk_write_bytes,0.0
1791048119,2026-10-04T01:21:58,docker.dev-peer0.org1.example.com-saksi-bulletin_1.0-ee3fe73bad456e43adfc5ba27d9e5a60983b69e8496140308fb21061ecb2ff85.cpu_pct,0.0
1791048119,2026-10-04T01:21:58,docker.dev-peer0.org1.example.com-saksi-bulletin_1.0-ee3fe73bad456e43adfc5ba27d9e5a60983b69e8496140308fb21061ecb2ff85.mem_bytes,14229176.32
1791048119,2026-10-04T01:21:58,docker.dev-peer0.org1.example.com-saksi-bulletin_1.0-ee3fe73bad456e43adfc5ba27d9e5a60983b69e8496140308fb21061ecb2ff85.blk_read_bytes,0.0
1791048119,2026-10-04T01:21:58,docker.dev-peer0.org1.example.com-saksi-bulletin_1.0-ee3fe73bad456e43adfc5ba27d9e5a60983b69e8496140308fb21061ecb2ff85.blk_write_bytes,0.0
1791048119,2026-10-04T01:21:58,docker.peer0.org2.example.com.cpu_pct,1.97
1791048119,2026-10-04T01:21:58,docker.peer0.org2.example.com.mem_bytes,320444825.6
1791048119,2026-10-04T01:21:58,docker.peer0.org2.example.com.blk_read_bytes,0.0
1791048119,2026-10-04T01:21:58,docker.peer0.org2.example.com.blk_write_bytes,27700000000.0
1791048119,2026-10-04T01:21:58,docker.peer0.org1.example.com.cpu_pct,2.03
1791048119,2026-10-04T01:21:58,docker.peer0.org1.example.com.mem_bytes,383988531.2
1791048119,2026-10-04T01:21:58,docker.peer0.org1.example.com.blk_read_bytes,0.0
1791048119,2026-10-04T01:21:58,docker.peer0.org1.example.com.blk_write_bytes,27800000000.0
1791048119,2026-10-04T01:21:58,docker.orderer.example.com.cpu_pct,0.33
1791048119,2026-10-04T01:21:58,docker.orderer.example.com.mem_bytes,477102080.0
1791048119,2026-10-04T01:21:58,docker.orderer.example.com.blk_read_bytes,0.0
1791048119,2026-10-04T01:21:58,docker.orderer.example.com.blk_write_bytes,12600000000.0
1791048119,2026-10-04T01:21:58,host.MemTotal_kb,64932116
1791048119,2026-10-04T01:21:58,host.MemAvailable_kb,62718448
1791048119,2026-10-04T01:21:58,host.Cached_kb,23307800
1791048119,2026-10-04T01:21:58,host.SwapTotal_kb,0
1791048119,2026-10-04T01:21:58,host.SwapFree_kb,0
1791048119,2026-10-04T01:21:58,host.Dirty_kb,704
1791048119,2026-10-04T01:21:58,host.load1,10.8
1791048119,2026-10-04T01:21:58,host.load5,9.32
1791048119,2026-10-04T01:21:58,host.root_free_bytes,919186268160
1791048119,2026-10-04T01:21:58,host.root_used_bytes,25786568704
1791048119,2026-10-04T01:21:58,io.md2.r/s,0.0
1791048119,2026-10-04T01:21:58,io.md2.rkB/s,0.0
1791048119,2026-10-04T01:21:58,io.md2.r_await,0.0
1791048119,2026-10-04T01:21:58,io.md2.w/s,1412.5
1791048119,2026-10-04T01:21:58,io.md2.wkB/s,58898.4
1791048119,2026-10-04T01:21:58,io.md2.w_await,0.3
1791048119,2026-10-04T01:21:58,io.md2.f/s,0.0
1791048119,2026-10-04T01:21:58,io.md2.aqu-sz,0.42
1791048119,2026-10-04T01:21:58,io.md2.%util,53.04
1791048119,2026-10-04T01:21:58,io.nvme0n1.r/s,0.0
1791048119,2026-10-04T01:21:58,io.nvme0n1.rkB/s,0.0
1791048119,2026-10-04T01:21:58,io.nvme0n1.r_await,0.0
1791048119,2026-10-04T01:21:58,io.nvme0n1.w/s,464.7
1791048119,2026-10-04T01:21:58,io.nvme0n1.wkB/s,29168.4
1791048119,2026-10-04T01:21:58,io.nvme0n1.w_await,0.61
1791048119,2026-10-04T01:21:58,io.nvme0n1.f/s,82.9
1791048119,2026-10-04T01:21:58,io.nvme0n1.aqu-sz,0.37
1791048119,2026-10-04T01:21:58,io.nvme0n1.%util,21.48
1791048119,2026-10-04T01:21:58,io.nvme1n1.r/s,0.0
1791048119,2026-10-04T01:21:58,io.nvme1n1.rkB/s,0.0
1791048119,2026-10-04T01:21:58,io.nvme1n1.r_await,0.0
1791048119,2026-10-04T01:21:58,io.nvme1n1.w/s,493.2
1791048119,2026-10-04T01:21:58,io.nvme1n1.wkB/s,29730.0
1791048119,2026-10-04T01:21:58,io.nvme1n1.w_await,0.59
1791048119,2026-10-04T01:21:58,io.nvme1n1.f/s,82.9
1791048119,2026-10-04T01:21:58,io.nvme1n1.aqu-sz,0.38
1791048119,2026-10-04T01:21:58,io.nvme1n1.%util,21.18
1791048129,2026-10-04T01:22:08,host.cpu_pct,30.731489741302408
1791048129,2026-10-04T01:22:08,host.run_cpu_pct,31.059923468803873
1791048129,2026-10-04T01:22:08,host.nonrun_cpu_pct,0.0
1791048129,2026-10-04T01:22:08,docker.dev-peer0.org2.example.com-saksi-bulletin_1.0-ee3fe73bad456e43adfc5ba27d9e5a60983b69e8496140308fb21061ecb2ff85.cpu_pct,0.0
1791048129,2026-10-04T01:22:08,docker.dev-peer0.org2.example.com-saksi-bulletin_1.0-ee3fe73bad456e43adfc5ba27d9e5a60983b69e8496140308fb21061ecb2ff85.mem_bytes,6873415.68
1791048129,2026-10-04T01:22:08,docker.dev-peer0.org2.example.com-saksi-bulletin_1.0-ee3fe73bad456e43adfc5ba27d9e5a60983b69e8496140308fb21061ecb2ff85.blk_read_bytes,0.0
1791048129,2026-10-04T01:22:08,docker.dev-peer0.org2.example.com-saksi-bulletin_1.0-ee3fe73bad456e43adfc5ba27d9e5a60983b69e8496140308fb21061ecb2ff85.blk_write_bytes,0.0
1791048129,2026-10-04T01:22:08,docker.dev-peer0.org1.example.com-saksi-bulletin_1.0-ee3fe73bad456e43adfc5ba27d9e5a60983b69e8496140308fb21061ecb2ff85.cpu_pct,0.0
1791048129,2026-10-04T01:22:08,docker.dev-peer0.org1.example.com-saksi-bulletin_1.0-ee3fe73bad456e43adfc5ba27d9e5a60983b69e8496140308fb21061ecb2ff85.mem_bytes,36993761.28
1791048129,2026-10-04T01:22:08,docker.dev-peer0.org1.example.com-saksi-bulletin_1.0-ee3fe73bad456e43adfc5ba27d9e5a60983b69e8496140308fb21061ecb2ff85.blk_read_bytes,0.0
1791048129,2026-10-04T01:22:08,docker.dev-peer0.org1.example.com-saksi-bulletin_1.0-ee3fe73bad456e43adfc5ba27d9e5a60983b69e8496140308fb21061ecb2ff85.blk_write_bytes,0.0
1791048129,2026-10-04T01:22:08,docker.peer0.org2.example.com.cpu_pct,0.45
1791048129,2026-10-04T01:22:08,docker.peer0.org2.example.com.mem_bytes,321493401.6
1791048129,2026-10-04T01:22:08,docker.peer0.org2.example.com.blk_read_bytes,0.0
1791048129,2026-10-04T01:22:08,docker.peer0.org2.example.com.blk_write_bytes,27700000000.0
1791048129,2026-10-04T01:22:08,docker.peer0.org1.example.com.cpu_pct,0.58
1791048129,2026-10-04T01:22:08,docker.peer0.org1.example.com.mem_bytes,391852851.2
1791048129,2026-10-04T01:22:08,docker.peer0.org1.example.com.blk_read_bytes,0.0
1791048129,2026-10-04T01:22:08,docker.peer0.org1.example.com.blk_write_bytes,27800000000.0
1791048129,2026-10-04T01:22:08,docker.orderer.example.com.cpu_pct,0.06
1791048129,2026-10-04T01:22:08,docker.orderer.example.com.mem_bytes,477102080.0
1791048129,2026-10-04T01:22:08,docker.orderer.example.com.blk_read_bytes,0.0
1791048129,2026-10-04T01:22:08,docker.orderer.example.com.blk_write_bytes,12600000000.0
1791048129,2026-10-04T01:22:08,host.MemTotal_kb,64932116
1791048129,2026-10-04T01:22:08,host.MemAvailable_kb,62663724
1791048129,2026-10-04T01:22:08,host.Cached_kb,23423600
1791048129,2026-10-04T01:22:08,host.SwapTotal_kb,0
1791048129,2026-10-04T01:22:08,host.SwapFree_kb,0
1791048129,2026-10-04T01:22:08,host.Dirty_kb,1336
1791048129,2026-10-04T01:22:08,host.load1,10.49
1791048129,2026-10-04T01:22:08,host.load5,9.3
1791048129,2026-10-04T01:22:08,host.root_free_bytes,919067721728
1791048129,2026-10-04T01:22:08,host.root_used_bytes,25905115136
1791048129,2026-10-04T01:22:08,io.md2.r/s,0.0
1791048129,2026-10-04T01:22:08,io.md2.rkB/s,0.0
1791048129,2026-10-04T01:22:08,io.md2.r_await,0.0
1791048129,2026-10-04T01:22:08,io.md2.w/s,87.9
1791048129,2026-10-04T01:22:08,io.md2.wkB/s,1366.0
1791048129,2026-10-04T01:22:08,io.md2.w_await,0.33
1791048129,2026-10-04T01:22:08,io.md2.f/s,0.0
1791048129,2026-10-04T01:22:08,io.md2.aqu-sz,0.03
1791048129,2026-10-04T01:22:08,io.md2.%util,2.11
1791048129,2026-10-04T01:22:08,io.nvme0n1.r/s,0.0
1791048129,2026-10-04T01:22:08,io.nvme0n1.rkB/s,0.0
1791048129,2026-10-04T01:22:08,io.nvme0n1.r_await,0.0
1791048129,2026-10-04T01:22:08,io.nvme0n1.w/s,40.6
1791048129,2026-10-04T01:22:08,io.nvme0n1.wkB/s,673.2
1791048129,2026-10-04T01:22:08,io.nvme0n1.w_await,0.56
1791048129,2026-10-04T01:22:08,io.nvme0n1.f/s,5.2
1791048129,2026-10-04T01:22:08,io.nvme0n1.aqu-sz,0.03
1791048129,2026-10-04T01:22:08,io.nvme0n1.%util,1.75
1791048129,2026-10-04T01:22:08,io.nvme1n1.r/s,0.0
1791048129,2026-10-04T01:22:08,io.nvme1n1.rkB/s,0.0
1791048129,2026-10-04T01:22:08,io.nvme1n1.r_await,0.0
1791048129,2026-10-04T01:22:08,io.nvme1n1.w/s,34.3
1791048129,2026-10-04T01:22:08,io.nvme1n1.wkB/s,692.8
1791048129,2026-10-04T01:22:08,io.nvme1n1.w_await,0.52
1791048129,2026-10-04T01:22:08,io.nvme1n1.f/s,5.2
1791048129,2026-10-04T01:22:08,io.nvme1n1.aqu-sz,0.02
1791048129,2026-10-04T01:22:08,io.nvme1n1.%util,1.38
1791048139,2026-10-04T01:22:18,host.cpu_pct,83.19148936170212
1791048139,2026-10-04T01:22:18,host.run_cpu_pct,82.75820130860072
1791048139,2026-10-04T01:22:18,host.nonrun_cpu_pct,0.43328805310140694
1791048139,2026-10-04T01:22:18,docker.dev-peer0.org2.example.com-saksi-bulletin_1.0-ee3fe73bad456e43adfc5ba27d9e5a60983b69e8496140308fb21061ecb2ff85.cpu_pct,0.0
1791048139,2026-10-04T01:22:18,docker.dev-peer0.org2.example.com-saksi-bulletin_1.0-ee3fe73bad456e43adfc5ba27d9e5a60983b69e8496140308fb21061ecb2ff85.mem_bytes,6873415.68
1791048139,2026-10-04T01:22:18,docker.dev-peer0.org2.example.com-saksi-bulletin_1.0-ee3fe73bad456e43adfc5ba27d9e5a60983b69e8496140308fb21061ecb2ff85.blk_read_bytes,0.0
1791048139,2026-10-04T01:22:18,docker.dev-peer0.org2.example.com-saksi-bulletin_1.0-ee3fe73bad456e43adfc5ba27d9e5a60983b69e8496140308fb21061ecb2ff85.blk_write_bytes,0.0
1791048139,2026-10-04T01:22:18,docker.dev-peer0.org1.example.com-saksi-bulletin_1.0-ee3fe73bad456e43adfc5ba27d9e5a60983b69e8496140308fb21061ecb2ff85.cpu_pct,0.0
1791048139,2026-10-04T01:22:18,docker.dev-peer0.org1.example.com-saksi-bulletin_1.0-ee3fe73bad456e43adfc5ba27d9e5a60983b69e8496140308fb21061ecb2ff85.mem_bytes,36993761.28
1791048139,2026-10-04T01:22:18,docker.dev-peer0.org1.example.com-saksi-bulletin_1.0-ee3fe73bad456e43adfc5ba27d9e5a60983b69e8496140308fb21061ecb2ff85.blk_read_bytes,0.0
1791048139,2026-10-04T01:22:18,docker.dev-peer0.org1.example.com-saksi-bulletin_1.0-ee3fe73bad456e43adfc5ba27d9e5a60983b69e8496140308fb21061ecb2ff85.blk_write_bytes,0.0
1791048139,2026-10-04T01:22:18,docker.peer0.org2.example.com.cpu_pct,0.64
1791048139,2026-10-04T01:22:18,docker.peer0.org2.example.com.mem_bytes,321493401.6
1791048139,2026-10-04T01:22:18,docker.peer0.org2.example.com.blk_read_bytes,0.0
1791048139,2026-10-04T01:22:18,docker.peer0.org2.example.com.blk_write_bytes,27700000000.0
1791048139,2026-10-04T01:22:18,docker.peer0.org1.example.com.cpu_pct,0.62
1791048139,2026-10-04T01:22:18,docker.peer0.org1.example.com.mem_bytes,391852851.2
1791048139,2026-10-04T01:22:18,docker.peer0.org1.example.com.blk_read_bytes,0.0
1791048139,2026-10-04T01:22:18,docker.peer0.org1.example.com.blk_write_bytes,27800000000.0
1791048139,2026-10-04T01:22:18,docker.orderer.example.com.cpu_pct,0.06
1791048139,2026-10-04T01:22:18,docker.orderer.example.com.mem_bytes,477102080.0
1791048139,2026-10-04T01:22:18,docker.orderer.example.com.blk_read_bytes,0.0
1791048139,2026-10-04T01:22:18,docker.orderer.example.com.blk_write_bytes,12600000000.0
1791048139,2026-10-04T01:22:18,host.MemTotal_kb,64932116
1791048139,2026-10-04T01:22:18,host.MemAvailable_kb,62598304
1791048139,2026-10-04T01:22:18,host.Cached_kb,23481116
1791048139,2026-10-04T01:22:18,host.SwapTotal_kb,0
1791048139,2026-10-04T01:22:18,host.SwapFree_kb,0
1791048139,2026-10-04T01:22:18,host.Dirty_kb,58692
1791048139,2026-10-04T01:22:18,host.load1,11.34
1791048139,2026-10-04T01:22:18,host.load5,9.52
1791048139,2026-10-04T01:22:18,host.root_free_bytes,919008821248
1791048139,2026-10-04T01:22:18,host.root_used_bytes,25964015616
1791048139,2026-10-04T01:22:18,io.md2.r/s,0.0
1791048139,2026-10-04T01:22:18,io.md2.rkB/s,0.0
1791048139,2026-10-04T01:22:18,io.md2.r_await,0.0
1791048139,2026-10-04T01:22:18,io.md2.w/s,79.0
1791048139,2026-10-04T01:22:18,io.md2.wkB/s,2093.6
1791048139,2026-10-04T01:22:18,io.md2.w_await,0.24
1791048139,2026-10-04T01:22:18,io.md2.f/s,0.0
1791048139,2026-10-04T01:22:18,io.md2.aqu-sz,0.02
1791048139,2026-10-04T01:22:18,io.md2.%util,1.39
1791048139,2026-10-04T01:22:18,io.nvme0n1.r/s,0.0
1791048139,2026-10-04T01:22:18,io.nvme0n1.rkB/s,0.0
1791048139,2026-10-04T01:22:18,io.nvme0n1.r_await,0.0
1791048139,2026-10-04T01:22:18,io.nvme0n1.w/s,33.9
1791048139,2026-10-04T01:22:18,io.nvme0n1.wkB/s,998.0
1791048139,2026-10-04T01:22:18,io.nvme0n1.w_await,0.34
1791048139,2026-10-04T01:22:18,io.nvme0n1.f/s,2.9
1791048139,2026-10-04T01:22:18,io.nvme0n1.aqu-sz,0.01
1791048139,2026-10-04T01:22:18,io.nvme0n1.%util,0.62
1791048139,2026-10-04T01:22:18,io.nvme1n1.r/s,0.0
1791048139,2026-10-04T01:22:18,io.nvme1n1.rkB/s,0.0
1791048139,2026-10-04T01:22:18,io.nvme1n1.r_await,0.0
1791048139,2026-10-04T01:22:18,io.nvme1n1.w/s,35.3
1791048139,2026-10-04T01:22:18,io.nvme1n1.wkB/s,1095.6
1791048139,2026-10-04T01:22:18,io.nvme1n1.w_await,0.5
1791048139,2026-10-04T01:22:18,io.nvme1n1.f/s,2.9
1791048139,2026-10-04T01:22:18,io.nvme1n1.aqu-sz,0.02
1791048139,2026-10-04T01:22:18,io.nvme1n1.%util,1.22
1791048149,2026-10-04T01:22:28,host.cpu_pct,43.177546673349205
1791048149,2026-10-04T01:22:28,host.run_cpu_pct,42.840344120609494
1791048149,2026-10-04T01:22:28,host.nonrun_cpu_pct,0.33720255273971134
1791048149,2026-10-04T01:22:28,docker.dev-peer0.org2.example.com-saksi-bulletin_1.0-ee3fe73bad456e43adfc5ba27d9e5a60983b69e8496140308fb21061ecb2ff85.cpu_pct,0.0
1791048149,2026-10-04T01:22:28,docker.dev-peer0.org2.example.com-saksi-bulletin_1.0-ee3fe73bad456e43adfc5ba27d9e5a60983b69e8496140308fb21061ecb2ff85.mem_bytes,6873415.68
1791048149,2026-10-04T01:22:28,docker.dev-peer0.org2.example.com-saksi-bulletin_1.0-ee3fe73bad456e43adfc5ba27d9e5a60983b69e8496140308fb21061ecb2ff85.blk_read_bytes,0.0
1791048149,2026-10-04T01:22:28,docker.dev-peer0.org2.example.com-saksi-bulletin_1.0-ee3fe73bad456e43adfc5ba27d9e5a60983b69e8496140308fb21061ecb2ff85.blk_write_bytes,0.0
1791048149,2026-10-04T01:22:28,docker.dev-peer0.org1.example.com-saksi-bulletin_1.0-ee3fe73bad456e43adfc5ba27d9e5a60983b69e8496140308fb21061ecb2ff85.cpu_pct,343.71
1791048149,2026-10-04T01:22:28,docker.dev-peer0.org1.example.com-saksi-bulletin_1.0-ee3fe73bad456e43adfc5ba27d9e5a60983b69e8496140308fb21061ecb2ff85.mem_bytes,19922944.0
1791048149,2026-10-04T01:22:28,docker.dev-peer0.org1.example.com-saksi-bulletin_1.0-ee3fe73bad456e43adfc5ba27d9e5a60983b69e8496140308fb21061ecb2ff85.blk_read_bytes,0.0
1791048149,2026-10-04T01:22:28,docker.dev-peer0.org1.example.com-saksi-bulletin_1.0-ee3fe73bad456e43adfc5ba27d9e5a60983b69e8496140308fb21061ecb2ff85.blk_write_bytes,0.0
1791048149,2026-10-04T01:22:28,docker.peer0.org2.example.com.cpu_pct,89.01
1791048149,2026-10-04T01:22:28,docker.peer0.org2.example.com.mem_bytes,322961408.0
1791048149,2026-10-04T01:22:28,docker.peer0.org2.example.com.blk_read_bytes,0.0
1791048149,2026-10-04T01:22:28,docker.peer0.org2.example.com.blk_write_bytes,28000000000.0
1791048149,2026-10-04T01:22:28,docker.peer0.org1.example.com.cpu_pct,224.78
1791048149,2026-10-04T01:22:28,docker.peer0.org1.example.com.mem_bytes,319396249.6
1791048149,2026-10-04T01:22:28,docker.peer0.org1.example.com.blk_read_bytes,0.0
1791048149,2026-10-04T01:22:28,docker.peer0.org1.example.com.blk_write_bytes,28000000000.0
1791048149,2026-10-04T01:22:28,docker.orderer.example.com.cpu_pct,35.77
1791048149,2026-10-04T01:22:28,docker.orderer.example.com.mem_bytes,483708108.8
1791048149,2026-10-04T01:22:28,docker.orderer.example.com.blk_read_bytes,0.0
1791048149,2026-10-04T01:22:28,docker.orderer.example.com.blk_write_bytes,12600000000.0
1791048149,2026-10-04T01:22:28,host.MemTotal_kb,64932116
1791048149,2026-10-04T01:22:28,host.MemAvailable_kb,62697592
1791048149,2026-10-04T01:22:28,host.Cached_kb,23810904
1791048149,2026-10-04T01:22:28,host.SwapTotal_kb,0
1791048149,2026-10-04T01:22:28,host.SwapFree_kb,0
1791048149,2026-10-04T01:22:28,host.Dirty_kb,229704
1791048149,2026-10-04T01:22:28,host.load1,9.99
1791048149,2026-10-04T01:22:28,host.load5,9.29
1791048149,2026-10-04T01:22:28,host.root_free_bytes,918683521024
1791048149,2026-10-04T01:22:28,host.root_used_bytes,26289315840
1791048149,2026-10-04T01:22:28,io.md2.r/s,0.0
1791048149,2026-10-04T01:22:28,io.md2.rkB/s,0.0
1791048149,2026-10-04T01:22:28,io.md2.r_await,0.0
1791048149,2026-10-04T01:22:28,io.md2.w/s,151.9
1791048149,2026-10-04T01:22:28,io.md2.wkB/s,10925.6
1791048149,2026-10-04T01:22:28,io.md2.w_await,0.14
1791048149,2026-10-04T01:22:28,io.md2.f/s,0.0
1791048149,2026-10-04T01:22:28,io.md2.aqu-sz,0.02
1791048149,2026-10-04T01:22:28,io.md2.%util,0.93
1791048149,2026-10-04T01:22:28,io.nvme0n1.r/s,0.0
1791048149,2026-10-04T01:22:28,io.nvme0n1.rkB/s,0.0
1791048149,2026-10-04T01:22:28,io.nvme0n1.r_await,0.0
1791048149,2026-10-04T01:22:28,io.nvme0n1.w/s,72.1
1791048149,2026-10-04T01:22:28,io.nvme0n1.wkB/s,5461.2
1791048149,2026-10-04T01:22:28,io.nvme0n1.w_await,0.18
1791048149,2026-10-04T01:22:28,io.nvme0n1.f/s,0.8
1791048149,2026-10-04T01:22:28,io.nvme0n1.aqu-sz,0.01
1791048149,2026-10-04T01:22:28,io.nvme0n1.%util,0.54
1791048149,2026-10-04T01:22:28,io.nvme1n1.r/s,0.0
1791048149,2026-10-04T01:22:28,io.nvme1n1.rkB/s,0.0
1791048149,2026-10-04T01:22:28,io.nvme1n1.r_await,0.0
1791048149,2026-10-04T01:22:28,io.nvme1n1.w/s,69.0
1791048149,2026-10-04T01:22:28,io.nvme1n1.wkB/s,5464.4
1791048149,2026-10-04T01:22:28,io.nvme1n1.w_await,0.13
1791048149,2026-10-04T01:22:28,io.nvme1n1.f/s,0.8
1791048149,2026-10-04T01:22:28,io.nvme1n1.aqu-sz,0.01
1791048149,2026-10-04T01:22:28,io.nvme1n1.%util,0.21
1791048159,2026-10-04T01:22:38,host.cpu_pct,44.570481774152434
1791048159,2026-10-04T01:22:38,host.run_cpu_pct,44.091142268449644
1791048159,2026-10-04T01:22:38,host.nonrun_cpu_pct,0.4793395057027894
1791048159,2026-10-04T01:22:38,docker.dev-peer0.org2.example.com-saksi-bulletin_1.0-ee3fe73bad456e43adfc5ba27d9e5a60983b69e8496140308fb21061ecb2ff85.cpu_pct,0.0
1791048159,2026-10-04T01:22:38,docker.dev-peer0.org2.example.com-saksi-bulletin_1.0-ee3fe73bad456e43adfc5ba27d9e5a60983b69e8496140308fb21061ecb2ff85.mem_bytes,6873415.68
1791048159,2026-10-04T01:22:38,docker.dev-peer0.org2.example.com-saksi-bulletin_1.0-ee3fe73bad456e43adfc5ba27d9e5a60983b69e8496140308fb21061ecb2ff85.blk_read_bytes,0.0
1791048159,2026-10-04T01:22:38,docker.dev-peer0.org2.example.com-saksi-bulletin_1.0-ee3fe73bad456e43adfc5ba27d9e5a60983b69e8496140308fb21061ecb2ff85.blk_write_bytes,0.0
1791048159,2026-10-04T01:22:38,docker.dev-peer0.org1.example.com-saksi-bulletin_1.0-ee3fe73bad456e43adfc5ba27d9e5a60983b69e8496140308fb21061ecb2ff85.cpu_pct,364.55
1791048159,2026-10-04T01:22:38,docker.dev-peer0.org1.example.com-saksi-bulletin_1.0-ee3fe73bad456e43adfc5ba27d9e5a60983b69e8496140308fb21061ecb2ff85.mem_bytes,17962106.88
1791048159,2026-10-04T01:22:38,docker.dev-peer0.org1.example.com-saksi-bulletin_1.0-ee3fe73bad456e43adfc5ba27d9e5a60983b69e8496140308fb21061ecb2ff85.blk_read_bytes,0.0
1791048159,2026-10-04T01:22:38,docker.dev-peer0.org1.example.com-saksi-bulletin_1.0-ee3fe73bad456e43adfc5ba27d9e5a60983b69e8496140308fb21061ecb2ff85.blk_write_bytes,0.0
1791048159,2026-10-04T01:22:38,docker.peer0.org2.example.com.cpu_pct,57.69
1791048159,2026-10-04T01:22:38,docker.peer0.org2.example.com.mem_bytes,328099430.4
1791048159,2026-10-04T01:22:38,docker.peer0.org2.example.com.blk_read_bytes,0.0
1791048159,2026-10-04T01:22:38,docker.peer0.org2.example.com.blk_write_bytes,28500000000.0
1791048159,2026-10-04T01:22:38,docker.peer0.org1.example.com.cpu_pct,188.36
1791048159,2026-10-04T01:22:38,docker.peer0.org1.example.com.mem_bytes,341940633.6
1791048159,2026-10-04T01:22:38,docker.peer0.org1.example.com.blk_read_bytes,0.0
1791048159,2026-10-04T01:22:38,docker.peer0.org1.example.com.blk_write_bytes,28600000000.0
1791048159,2026-10-04T01:22:38,docker.orderer.example.com.cpu_pct,47.25
1791048159,2026-10-04T01:22:38,docker.orderer.example.com.mem_bytes,643301376.0
1791048159,2026-10-04T01:22:38,docker.orderer.example.com.blk_read_bytes,0.0
1791048159,2026-10-04T01:22:38,docker.orderer.example.com.blk_write_bytes,13000000000.0
1791048159,2026-10-04T01:22:38,host.MemTotal_kb,64932116
1791048159,2026-10-04T01:22:38,host.MemAvailable_kb,62566720
1791048159,2026-10-04T01:22:38,host.Cached_kb,24093316
1791048159,2026-10-04T01:22:38,host.SwapTotal_kb,0
1791048159,2026-10-04T01:22:38,host.SwapFree_kb,0
1791048159,2026-10-04T01:22:38,host.Dirty_kb,2412
1791048159,2026-10-04T01:22:38,host.load1,10.18
1791048159,2026-10-04T01:22:38,host.load5,9.34
1791048159,2026-10-04T01:22:38,host.root_free_bytes,918409547776
1791048159,2026-10-04T01:22:38,host.root_used_bytes,26563289088
1791048159,2026-10-04T01:22:38,io.md2.r/s,0.0
1791048159,2026-10-04T01:22:38,io.md2.rkB/s,0.0
1791048159,2026-10-04T01:22:38,io.md2.r_await,0.0
1791048159,2026-10-04T01:22:38,io.md2.w/s,63.6
1791048159,2026-10-04T01:22:38,io.md2.wkB/s,275.6
1791048159,2026-10-04T01:22:38,io.md2.w_await,0.19
1791048159,2026-10-04T01:22:38,io.md2.f/s,0.0
1791048159,2026-10-04T01:22:38,io.md2.aqu-sz,0.01
1791048159,2026-10-04T01:22:38,io.md2.%util,1.1
1791048159,2026-10-04T01:22:38,io.nvme0n1.r/s,0.0
1791048159,2026-10-04T01:22:38,io.nvme0n1.rkB/s,0.0
1791048159,2026-10-04T01:22:38,io.nvme0n1.r_await,0.0
1791048159,2026-10-04T01:22:38,io.nvme0n1.w/s,26.6
1791048159,2026-10-04T01:22:38,io.nvme0n1.wkB/s,114.0
1791048159,2026-10-04T01:22:38,io.nvme0n1.w_await,0.23
1791048159,2026-10-04T01:22:38,io.nvme0n1.f/s,2.2
1791048159,2026-10-04T01:22:38,io.nvme0n1.aqu-sz,0.01
1791048159,2026-10-04T01:22:38,io.nvme0n1.%util,0.44
1791048159,2026-10-04T01:22:38,io.nvme1n1.r/s,0.0
1791048159,2026-10-04T01:22:38,io.nvme1n1.rkB/s,0.0
1791048159,2026-10-04T01:22:38,io.nvme1n1.r_await,0.0
1791048159,2026-10-04T01:22:38,io.nvme1n1.w/s,27.4
1791048159,2026-10-04T01:22:38,io.nvme1n1.wkB/s,161.6
1791048159,2026-10-04T01:22:38,io.nvme1n1.w_await,0.45
1791048159,2026-10-04T01:22:38,io.nvme1n1.f/s,2.2
1791048159,2026-10-04T01:22:38,io.nvme1n1.aqu-sz,0.01
1791048159,2026-10-04T01:22:38,io.nvme1n1.%util,0.88
1791048169,2026-10-04T01:22:48,host.cpu_pct,46.831569552467165
1791048169,2026-10-04T01:22:48,host.run_cpu_pct,46.344314075525055
1791048169,2026-10-04T01:22:48,host.nonrun_cpu_pct,0.48725547694211
1791048169,2026-10-04T01:22:48,docker.dev-peer0.org2.example.com-saksi-bulletin_1.0-ee3fe73bad456e43adfc5ba27d9e5a60983b69e8496140308fb21061ecb2ff85.cpu_pct,0.0
1791048169,2026-10-04T01:22:48,docker.dev-peer0.org2.example.com-saksi-bulletin_1.0-ee3fe73bad456e43adfc5ba27d9e5a60983b69e8496140308fb21061ecb2ff85.mem_bytes,6873415.68
1791048169,2026-10-04T01:22:48,docker.dev-peer0.org2.example.com-saksi-bulletin_1.0-ee3fe73bad456e43adfc5ba27d9e5a60983b69e8496140308fb21061ecb2ff85.blk_read_bytes,0.0
1791048169,2026-10-04T01:22:48,docker.dev-peer0.org2.example.com-saksi-bulletin_1.0-ee3fe73bad456e43adfc5ba27d9e5a60983b69e8496140308fb21061ecb2ff85.blk_write_bytes,0.0
1791048169,2026-10-04T01:22:48,docker.dev-peer0.org1.example.com-saksi-bulletin_1.0-ee3fe73bad456e43adfc5ba27d9e5a60983b69e8496140308fb21061ecb2ff85.cpu_pct,331.62
1791048169,2026-10-04T01:22:48,docker.dev-peer0.org1.example.com-saksi-bulletin_1.0-ee3fe73bad456e43adfc5ba27d9e5a60983b69e8496140308fb21061ecb2ff85.mem_bytes,20510146.56
1791048169,2026-10-04T01:22:48,docker.dev-peer0.org1.example.com-saksi-bulletin_1.0-ee3fe73bad456e43adfc5ba27d9e5a60983b69e8496140308fb21061ecb2ff85.blk_read_bytes,0.0
1791048169,2026-10-04T01:22:48,docker.dev-peer0.org1.example.com-saksi-bulletin_1.0-ee3fe73bad456e43adfc5ba27d9e5a60983b69e8496140308fb21061ecb2ff85.blk_write_bytes,0.0
1791048169,2026-10-04T01:22:48,docker.peer0.org2.example.com.cpu_pct,86.47
1791048169,2026-10-04T01:22:48,docker.peer0.org2.example.com.mem_bytes,346239795.2
1791048169,2026-10-04T01:22:48,docker.peer0.org2.example.com.blk_read_bytes,0.0
1791048169,2026-10-04T01:22:48,docker.peer0.org2.example.com.blk_write_bytes,29500000000.0
1791048169,2026-10-04T01:22:48,docker.peer0.org1.example.com.cpu_pct,206.59
1791048169,2026-10-04T01:22:48,docker.peer0.org1.example.com.mem_bytes,351272960.0
1791048169,2026-10-04T01:22:48,docker.peer0.org1.example.com.blk_read_bytes,0.0
1791048169,2026-10-04T01:22:48,docker.peer0.org1.example.com.blk_write_bytes,29500000000.0
1791048169,2026-10-04T01:22:48,docker.orderer.example.com.cpu_pct,53.11
1791048169,2026-10-04T01:22:48,docker.orderer.example.com.mem_bytes,266128588.8
1791048169,2026-10-04T01:22:48,docker.orderer.example.com.blk_read_bytes,0.0
1791048169,2026-10-04T01:22:48,docker.orderer.example.com.blk_write_bytes,13300000000.0
1791048169,2026-10-04T01:22:48,host.MemTotal_kb,64932116
1791048169,2026-10-04T01:22:48,host.MemAvailable_kb,62837000
1791048169,2026-10-04T01:22:48,host.Cached_kb,24206084
1791048169,2026-10-04T01:22:48,host.SwapTotal_kb,0
1791048169,2026-10-04T01:22:48,host.SwapFree_kb,0
1791048169,2026-10-04T01:22:48,host.Dirty_kb,22168
1791048169,2026-10-04T01:22:48,host.load1,11.29
1791048169,2026-10-04T01:22:48,host.load5,9.62
1791048169,2026-10-04T01:22:48,host.root_free_bytes,918307987456
1791048169,2026-10-04T01:22:48,host.root_used_bytes,26664849408
1791048169,2026-10-04T01:22:48,io.md2.r/s,0.0
1791048169,2026-10-04T01:22:48,io.md2.rkB/s,0.0
1791048169,2026-10-04T01:22:48,io.md2.r_await,0.0
1791048169,2026-10-04T01:22:48,io.md2.w/s,2603.2
1791048169,2026-10-04T01:22:48,io.md2.wkB/s,107819.2
1791048169,2026-10-04T01:22:48,io.md2.w_await,0.32
1791048169,2026-10-04T01:22:48,io.md2.f/s,0.0
1791048169,2026-10-04T01:22:48,io.md2.aqu-sz,0.84
1791048169,2026-10-04T01:22:48,io.md2.%util,65.45
1791048169,2026-10-04T01:22:48,io.nvme0n1.r/s,0.0
1791048169,2026-10-04T01:22:48,io.nvme0n1.rkB/s,0.0
1791048169,2026-10-04T01:22:48,io.nvme0n1.r_await,0.0
1791048169,2026-10-04T01:22:48,io.nvme0n1.w/s,867.7
1791048169,2026-10-04T01:22:48,io.nvme0n1.wkB/s,53552.8
1791048169,2026-10-04T01:22:48,io.nvme0n1.w_await,0.65
1791048169,2026-10-04T01:22:48,io.nvme0n1.f/s,167.5
1791048169,2026-10-04T01:22:48,io.nvme0n1.aqu-sz,0.74
1791048169,2026-10-04T01:22:48,io.nvme0n1.%util,43.21
1791048169,2026-10-04T01:22:48,io.nvme1n1.r/s,0.0
1791048169,2026-10-04T01:22:48,io.nvme1n1.rkB/s,0.0
1791048169,2026-10-04T01:22:48,io.nvme1n1.r_await,0.0
1791048169,2026-10-04T01:22:48,io.nvme1n1.w/s,909.5
1791048169,2026-10-04T01:22:48,io.nvme1n1.wkB/s,54266.4
1791048169,2026-10-04T01:22:48,io.nvme1n1.w_await,0.69
1791048169,2026-10-04T01:22:48,io.nvme1n1.f/s,167.5
1791048169,2026-10-04T01:22:48,io.nvme1n1.aqu-sz,0.82
1791048169,2026-10-04T01:22:48,io.nvme1n1.%util,43.79
1791048179,2026-10-04T01:22:58,host.cpu_pct,41.38940136140976
1791048179,2026-10-04T01:22:58,host.run_cpu_pct,40.967945837626125
1791048179,2026-10-04T01:22:58,host.nonrun_cpu_pct,0.42145552378363504
1791048179,2026-10-04T01:22:58,docker.dev-peer0.org2.example.com-saksi-bulletin_1.0-ee3fe73bad456e43adfc5ba27d9e5a60983b69e8496140308fb21061ecb2ff85.cpu_pct,0.0
1791048179,2026-10-04T01:22:58,docker.dev-peer0.org2.example.com-saksi-bulletin_1.0-ee3fe73bad456e43adfc5ba27d9e5a60983b69e8496140308fb21061ecb2ff85.mem_bytes,6873415.68
1791048179,2026-10-04T01:22:58,docker.dev-peer0.org2.example.com-saksi-bulletin_1.0-ee3fe73bad456e43adfc5ba27d9e5a60983b69e8496140308fb21061ecb2ff85.blk_read_bytes,0.0
1791048179,2026-10-04T01:22:58,docker.dev-peer0.org2.example.com-saksi-bulletin_1.0-ee3fe73bad456e43adfc5ba27d9e5a60983b69e8496140308fb21061ecb2ff85.blk_write_bytes,0.0
1791048179,2026-10-04T01:22:58,docker.dev-peer0.org1.example.com-saksi-bulletin_1.0-ee3fe73bad456e43adfc5ba27d9e5a60983b69e8496140308fb21061ecb2ff85.cpu_pct,273.61
1791048179,2026-10-04T01:22:58,docker.dev-peer0.org1.example.com-saksi-bulletin_1.0-ee3fe73bad456e43adfc5ba27d9e5a60983b69e8496140308fb21061ecb2ff85.mem_bytes,18979225.6
1791048179,2026-10-04T01:22:58,docker.dev-peer0.org1.example.com-saksi-bulletin_1.0-ee3fe73bad456e43adfc5ba27d9e5a60983b69e8496140308fb21061ecb2ff85.blk_read_bytes,0.0
1791048179,2026-10-04T01:22:58,docker.dev-peer0.org1.example.com-saksi-bulletin_1.0-ee3fe73bad456e43adfc5ba27d9e5a60983b69e8496140308fb21061ecb2ff85.blk_write_bytes,0.0
1791048179,2026-10-04T01:22:58,docker.peer0.org2.example.com.cpu_pct,74.75
1791048179,2026-10-04T01:22:58,docker.peer0.org2.example.com.mem_bytes,352531251.2
1791048179,2026-10-04T01:22:58,docker.peer0.org2.example.com.blk_read_bytes,0.0
1791048179,2026-10-04T01:22:58,docker.peer0.org2.example.com.blk_write_bytes,30300000000.0
1791048179,2026-10-04T01:22:58,docker.peer0.org1.example.com.cpu_pct,173.59
1791048179,2026-10-04T01:22:58,docker.peer0.org1.example.com.mem_bytes,369203609.6
1791048179,2026-10-04T01:22:58,docker.peer0.org1.example.com.blk_read_bytes,0.0
1791048179,2026-10-04T01:22:58,docker.peer0.org1.example.com.blk_write_bytes,30300000000.0
1791048179,2026-10-04T01:22:58,docker.orderer.example.com.cpu_pct,38.97
1791048179,2026-10-04T01:22:58,docker.orderer.example.com.mem_bytes,411041792.0
1791048179,2026-10-04T01:22:58,docker.orderer.example.com.blk_read_bytes,0.0
1791048179,2026-10-04T01:22:58,docker.orderer.example.com.blk_write_bytes,13600000000.0
1791048179,2026-10-04T01:22:58,host.MemTotal_kb,64932116
1791048179,2026-10-04T01:22:58,host.MemAvailable_kb,62739584
1791048179,2026-10-04T01:22:58,host.Cached_kb,24680472
1791048179,2026-10-04T01:22:58,host.SwapTotal_kb,0
1791048179,2026-10-04T01:22:58,host.SwapFree_kb,0
1791048179,2026-10-04T01:22:58,host.Dirty_kb,8944
1791048179,2026-10-04T01:22:58,host.load1,10.25
1791048179,2026-10-04T01:22:58,host.load5,9.46
1791048179,2026-10-04T01:22:58,host.root_free_bytes,917824741376
1791048179,2026-10-04T01:22:58,host.root_used_bytes,27148095488
1791048179,2026-10-04T01:22:58,io.md2.r/s,0.0
1791048179,2026-10-04T01:22:58,io.md2.rkB/s,0.0
1791048179,2026-10-04T01:22:58,io.md2.r_await,0.0
1791048179,2026-10-04T01:22:58,io.md2.w/s,2806.3
1791048179,2026-10-04T01:22:58,io.md2.wkB/s,110250.8
1791048179,2026-10-04T01:22:58,io.md2.w_await,0.29
1791048179,2026-10-04T01:22:58,io.md2.f/s,0.0
1791048179,2026-10-04T01:22:58,io.md2.aqu-sz,0.83
1791048179,2026-10-04T01:22:58,io.md2.%util,67.91
1791048179,2026-10-04T01:22:58,io.nvme0n1.r/s,0.0
1791048179,2026-10-04T01:22:58,io.nvme0n1.rkB/s,0.0
1791048179,2026-10-04T01:22:58,io.nvme0n1.r_await,0.0
1791048179,2026-10-04T01:22:58,io.nvme0n1.w/s,904.6
1791048179,2026-10-04T01:22:58,io.nvme0n1.wkB/s,54411.6
1791048179,2026-10-04T01:22:58,io.nvme0n1.w_await,0.64
1791048179,2026-10-04T01:22:58,io.nvme0n1.f/s,174.2
1791048179,2026-10-04T01:22:58,io.nvme0n1.aqu-sz,0.78
1791048179,2026-10-04T01:22:58,io.nvme0n1.%util,45.69
1791048179,2026-10-04T01:22:58,io.nvme1n1.r/s,0.0
1791048179,2026-10-04T01:22:58,io.nvme1n1.rkB/s,0.0
1791048179,2026-10-04T01:22:58,io.nvme1n1.r_await,0.0
1791048179,2026-10-04T01:22:58,io.nvme1n1.w/s,962.8
1791048179,2026-10-04T01:22:58,io.nvme1n1.wkB/s,55839.2
1791048179,2026-10-04T01:22:58,io.nvme1n1.w_await,0.61
1791048179,2026-10-04T01:22:58,io.nvme1n1.f/s,174.2
1791048179,2026-10-04T01:22:58,io.nvme1n1.aqu-sz,0.79
1791048179,2026-10-04T01:22:58,io.nvme1n1.%util,43.67
1791048189,2026-10-04T01:23:08,host.cpu_pct,36.18521341463415
1791048189,2026-10-04T01:23:08,host.run_cpu_pct,35.89627335896198
1791048189,2026-10-04T01:23:08,host.nonrun_cpu_pct,0.28894005567217107
1791048189,2026-10-04T01:23:08,docker.dev-peer0.org2.example.com-saksi-bulletin_1.0-ee3fe73bad456e43adfc5ba27d9e5a60983b69e8496140308fb21061ecb2ff85.cpu_pct,0.0
1791048189,2026-10-04T01:23:08,docker.dev-peer0.org2.example.com-saksi-bulletin_1.0-ee3fe73bad456e43adfc5ba27d9e5a60983b69e8496140308fb21061ecb2ff85.mem_bytes,6873415.68
1791048189,2026-10-04T01:23:08,docker.dev-peer0.org2.example.com-saksi-bulletin_1.0-ee3fe73bad456e43adfc5ba27d9e5a60983b69e8496140308fb21061ecb2ff85.blk_read_bytes,0.0
1791048189,2026-10-04T01:23:08,docker.dev-peer0.org2.example.com-saksi-bulletin_1.0-ee3fe73bad456e43adfc5ba27d9e5a60983b69e8496140308fb21061ecb2ff85.blk_write_bytes,0.0
1791048189,2026-10-04T01:23:08,docker.dev-peer0.org1.example.com-saksi-bulletin_1.0-ee3fe73bad456e43adfc5ba27d9e5a60983b69e8496140308fb21061ecb2ff85.cpu_pct,0.0
1791048189,2026-10-04T01:23:08,docker.dev-peer0.org1.example.com-saksi-bulletin_1.0-ee3fe73bad456e43adfc5ba27d9e5a60983b69e8496140308fb21061ecb2ff85.mem_bytes,16892559.36
1791048189,2026-10-04T01:23:08,docker.dev-peer0.org1.example.com-saksi-bulletin_1.0-ee3fe73bad456e43adfc5ba27d9e5a60983b69e8496140308fb21061ecb2ff85.blk_read_bytes,0.0
1791048189,2026-10-04T01:23:08,docker.dev-peer0.org1.example.com-saksi-bulletin_1.0-ee3fe73bad456e43adfc5ba27d9e5a60983b69e8496140308fb21061ecb2ff85.blk_write_bytes,0.0
1791048189,2026-10-04T01:23:08,docker.peer0.org2.example.com.cpu_pct,0.61
1791048189,2026-10-04T01:23:08,docker.peer0.org2.example.com.mem_bytes,336697753.6
1791048189,2026-10-04T01:23:08,docker.peer0.org2.example.com.blk_read_bytes,0.0
1791048189,2026-10-04T01:23:08,docker.peer0.org2.example.com.blk_write_bytes,30800000000.0
1791048189,2026-10-04T01:23:08,docker.peer0.org1.example.com.cpu_pct,33.8
1791048189,2026-10-04T01:23:08,docker.peer0.org1.example.com.mem_bytes,360919859.2
1791048189,2026-10-04T01:23:08,docker.peer0.org1.example.com.blk_read_bytes,0.0
1791048189,2026-10-04T01:23:08,docker.peer0.org1.example.com.blk_write_bytes,30900000000.0
1791048189,2026-10-04T01:23:08,docker.orderer.example.com.cpu_pct,0.03
1791048189,2026-10-04T01:23:08,docker.orderer.example.com.mem_bytes,505203916.8
1791048189,2026-10-04T01:23:08,docker.orderer.example.com.blk_read_bytes,0.0
1791048189,2026-10-04T01:23:08,docker.orderer.example.com.blk_write_bytes,13800000000.0
1791048189,2026-10-04T01:23:08,host.MemTotal_kb,64932116
1791048189,2026-10-04T01:23:08,host.MemAvailable_kb,62678408
1791048189,2026-10-04T01:23:08,host.Cached_kb,24736920
1791048189,2026-10-04T01:23:08,host.SwapTotal_kb,0
1791048189,2026-10-04T01:23:08,host.SwapFree_kb,0
1791048189,2026-10-04T01:23:08,host.Dirty_kb,25892
1791048189,2026-10-04T01:23:08,host.load1,9.43
1791048189,2026-10-04T01:23:08,host.load5,9.31
1791048189,2026-10-04T01:23:08,host.root_free_bytes,917747433472
1791048189,2026-10-04T01:23:08,host.root_used_bytes,27225403392
1791048189,2026-10-04T01:23:08,io.md2.r/s,0.0
1791048189,2026-10-04T01:23:08,io.md2.rkB/s,0.0
1791048189,2026-10-04T01:23:08,io.md2.r_await,0.0
1791048189,2026-10-04T01:23:08,io.md2.w/s,2509.7
1791048189,2026-10-04T01:23:08,io.md2.wkB/s,100556.4
1791048189,2026-10-04T01:23:08,io.md2.w_await,0.31
1791048189,2026-10-04T01:23:08,io.md2.f/s,0.0
1791048189,2026-10-04T01:23:08,io.md2.aqu-sz,0.79
1791048189,2026-10-04T01:23:08,io.md2.%util,65.42
1791048189,2026-10-04T01:23:08,io.nvme0n1.r/s,0.0
1791048189,2026-10-04T01:23:08,io.nvme0n1.rkB/s,0.0
1791048189,2026-10-04T01:23:08,io.nvme0n1.r_await,0.0
1791048189,2026-10-04T01:23:08,io.nvme0n1.w/s,814.3
1791048189,2026-10-04T01:23:08,io.nvme0n1.wkB/s,49758.8
1791048189,2026-10-04T01:23:08,io.nvme0n1.w_await,0.64
1791048189,2026-10-04T01:23:08,io.nvme0n1.f/s,156.5
1791048189,2026-10-04T01:23:08,io.nvme0n1.aqu-sz,0.7
1791048189,2026-10-04T01:23:08,io.nvme0n1.%util,40.64
1791048189,2026-10-04T01:23:08,io.nvme1n1.r/s,0.0
1791048189,2026-10-04T01:23:08,io.nvme1n1.rkB/s,0.0
1791048189,2026-10-04T01:23:08,io.nvme1n1.r_await,0.0
1791048189,2026-10-04T01:23:08,io.nvme1n1.w/s,875.8
1791048189,2026-10-04T01:23:08,io.nvme1n1.wkB/s,50797.6
1791048189,2026-10-04T01:23:08,io.nvme1n1.w_await,0.77
1791048189,2026-10-04T01:23:08,io.nvme1n1.f/s,156.5
1791048189,2026-10-04T01:23:08,io.nvme1n1.aqu-sz,0.95
1791048189,2026-10-04T01:23:08,io.nvme1n1.%util,51.55
1791048199,2026-10-04T01:23:18,host.cpu_pct,7.958346481539918
1791048199,2026-10-04T01:23:18,host.run_cpu_pct,8.201142186267322
1791048199,2026-10-04T01:23:18,host.nonrun_cpu_pct,0.0
1791048199,2026-10-04T01:23:18,docker.dev-peer0.org2.example.com-saksi-bulletin_1.0-ee3fe73bad456e43adfc5ba27d9e5a60983b69e8496140308fb21061ecb2ff85.cpu_pct,0.0
1791048199,2026-10-04T01:23:18,docker.dev-peer0.org2.example.com-saksi-bulletin_1.0-ee3fe73bad456e43adfc5ba27d9e5a60983b69e8496140308fb21061ecb2ff85.mem_bytes,6873415.68
1791048199,2026-10-04T01:23:18,docker.dev-peer0.org2.example.com-saksi-bulletin_1.0-ee3fe73bad456e43adfc5ba27d9e5a60983b69e8496140308fb21061ecb2ff85.blk_read_bytes,0.0
1791048199,2026-10-04T01:23:18,docker.dev-peer0.org2.example.com-saksi-bulletin_1.0-ee3fe73bad456e43adfc5ba27d9e5a60983b69e8496140308fb21061ecb2ff85.blk_write_bytes,0.0
1791048199,2026-10-04T01:23:18,docker.dev-peer0.org1.example.com-saksi-bulletin_1.0-ee3fe73bad456e43adfc5ba27d9e5a60983b69e8496140308fb21061ecb2ff85.cpu_pct,0.0
1791048199,2026-10-04T01:23:18,docker.dev-peer0.org1.example.com-saksi-bulletin_1.0-ee3fe73bad456e43adfc5ba27d9e5a60983b69e8496140308fb21061ecb2ff85.mem_bytes,13851688.96
1791048199,2026-10-04T01:23:18,docker.dev-peer0.org1.example.com-saksi-bulletin_1.0-ee3fe73bad456e43adfc5ba27d9e5a60983b69e8496140308fb21061ecb2ff85.blk_read_bytes,0.0
1791048199,2026-10-04T01:23:18,docker.dev-peer0.org1.example.com-saksi-bulletin_1.0-ee3fe73bad456e43adfc5ba27d9e5a60983b69e8496140308fb21061ecb2ff85.blk_write_bytes,0.0
1791048199,2026-10-04T01:23:18,docker.peer0.org2.example.com.cpu_pct,1.9
1791048199,2026-10-04T01:23:18,docker.peer0.org2.example.com.mem_bytes,336697753.6
1791048199,2026-10-04T01:23:18,docker.peer0.org2.example.com.blk_read_bytes,0.0
1791048199,2026-10-04T01:23:18,docker.peer0.org2.example.com.blk_write_bytes,30800000000.0
1791048199,2026-10-04T01:23:18,docker.peer0.org1.example.com.cpu_pct,1.99
1791048199,2026-10-04T01:23:18,docker.peer0.org1.example.com.mem_bytes,344666931.2
1791048199,2026-10-04T01:23:18,docker.peer0.org1.example.com.blk_read_bytes,0.0
1791048199,2026-10-04T01:23:18,docker.peer0.org1.example.com.blk_write_bytes,30900000000.0
1791048199,2026-10-04T01:23:18,docker.orderer.example.com.cpu_pct,1.2
1791048199,2026-10-04T01:23:18,docker.orderer.example.com.mem_bytes,508978790.4
1791048199,2026-10-04T01:23:18,docker.orderer.example.com.blk_read_bytes,0.0
1791048199,2026-10-04T01:23:18,docker.orderer.example.com.blk_write_bytes,13800000000.0
1791048199,2026-10-04T01:23:18,host.MemTotal_kb,64932116
1791048199,2026-10-04T01:23:18,host.MemAvailable_kb,62716080
1791048199,2026-10-04T01:23:18,host.Cached_kb,24741792
1791048199,2026-10-04T01:23:18,host.SwapTotal_kb,0
1791048199,2026-10-04T01:23:18,host.SwapFree_kb,0
1791048199,2026-10-04T01:23:18,host.Dirty_kb,1640
1791048199,2026-10-04T01:23:18,host.load1,7.98
1791048199,2026-10-04T01:23:18,host.load5,9.0
1791048199,2026-10-04T01:23:18,host.root_free_bytes,917742600192
1791048199,2026-10-04T01:23:18,host.root_used_bytes,27230236672
1791048199,2026-10-04T01:23:18,io.md2.r/s,0.0
1791048199,2026-10-04T01:23:18,io.md2.rkB/s,0.0
1791048199,2026-10-04T01:23:18,io.md2.r_await,0.0
1791048199,2026-10-04T01:23:18,io.md2.w/s,2091.0
1791048199,2026-10-04T01:23:18,io.md2.wkB/s,83635.2
1791048199,2026-10-04T01:23:18,io.md2.w_await,0.31
1791048199,2026-10-04T01:23:18,io.md2.f/s,0.0
1791048199,2026-10-04T01:23:18,io.md2.aqu-sz,0.66
1791048199,2026-10-04T01:23:18,io.md2.%util,53.87
1791048199,2026-10-04T01:23:18,io.nvme0n1.r/s,0.0
1791048199,2026-10-04T01:23:18,io.nvme0n1.rkB/s,0.0
1791048199,2026-10-04T01:23:18,io.nvme0n1.r_await,0.0
1791048199,2026-10-04T01:23:18,io.nvme0n1.w/s,669.0
1791048199,2026-10-04T01:23:18,io.nvme0n1.wkB/s,41359.2
1791048199,2026-10-04T01:23:18,io.nvme0n1.w_await,0.64
1791048199,2026-10-04T01:23:18,io.nvme0n1.f/s,126.5
1791048199,2026-10-04T01:23:18,io.nvme0n1.aqu-sz,0.57
1791048199,2026-10-04T01:23:18,io.nvme0n1.%util,33.52
1791048199,2026-10-04T01:23:18,io.nvme1n1.r/s,0.0
1791048199,2026-10-04T01:23:18,io.nvme1n1.rkB/s,0.0
1791048199,2026-10-04T01:23:18,io.nvme1n1.r_await,0.0
1791048199,2026-10-04T01:23:18,io.nvme1n1.w/s,717.7
1791048199,2026-10-04T01:23:18,io.nvme1n1.wkB/s,42276.0
1791048199,2026-10-04T01:23:18,io.nvme1n1.w_await,0.83
1791048199,2026-10-04T01:23:18,io.nvme1n1.f/s,126.5
1791048199,2026-10-04T01:23:18,io.nvme1n1.aqu-sz,0.85
1791048199,2026-10-04T01:23:18,io.nvme1n1.%util,44.88
1791048209,2026-10-04T01:23:28,host.cpu_pct,4.300120504851906
1791048209,2026-10-04T01:23:28,host.run_cpu_pct,4.836196797717342
1791048209,2026-10-04T01:23:28,host.nonrun_cpu_pct,0.0
1791048209,2026-10-04T01:23:28,docker.dev-peer0.org2.example.com-saksi-bulletin_1.0-ee3fe73bad456e43adfc5ba27d9e5a60983b69e8496140308fb21061ecb2ff85.cpu_pct,0.0
1791048209,2026-10-04T01:23:28,docker.dev-peer0.org2.example.com-saksi-bulletin_1.0-ee3fe73bad456e43adfc5ba27d9e5a60983b69e8496140308fb21061ecb2ff85.mem_bytes,6873415.68
1791048209,2026-10-04T01:23:28,docker.dev-peer0.org2.example.com-saksi-bulletin_1.0-ee3fe73bad456e43adfc5ba27d9e5a60983b69e8496140308fb21061ecb2ff85.blk_read_bytes,0.0
1791048209,2026-10-04T01:23:28,docker.dev-peer0.org2.example.com-saksi-bulletin_1.0-ee3fe73bad456e43adfc5ba27d9e5a60983b69e8496140308fb21061ecb2ff85.blk_write_bytes,0.0
1791048209,2026-10-04T01:23:28,docker.dev-peer0.org1.example.com-saksi-bulletin_1.0-ee3fe73bad456e43adfc5ba27d9e5a60983b69e8496140308fb21061ecb2ff85.cpu_pct,50.76
1791048209,2026-10-04T01:23:28,docker.dev-peer0.org1.example.com-saksi-bulletin_1.0-ee3fe73bad456e43adfc5ba27d9e5a60983b69e8496140308fb21061ecb2ff85.mem_bytes,13757317.12
1791048209,2026-10-04T01:23:28,docker.dev-peer0.org1.example.com-saksi-bulletin_1.0-ee3fe73bad456e43adfc5ba27d9e5a60983b69e8496140308fb21061ecb2ff85.blk_read_bytes,0.0
1791048209,2026-10-04T01:23:28,docker.dev-peer0.org1.example.com-saksi-bulletin_1.0-ee3fe73bad456e43adfc5ba27d9e5a60983b69e8496140308fb21061ecb2ff85.blk_write_bytes,0.0
1791048209,2026-10-04T01:23:28,docker.peer0.org2.example.com.cpu_pct,0.44
1791048209,2026-10-04T01:23:28,docker.peer0.org2.example.com.mem_bytes,338794905.6
1791048209,2026-10-04T01:23:28,docker.peer0.org2.example.com.blk_read_bytes,0.0
1791048209,2026-10-04T01:23:28,docker.peer0.org2.example.com.blk_write_bytes,30800000000.0
1791048209,2026-10-04T01:23:28,docker.peer0.org1.example.com.cpu_pct,39.57
1791048209,2026-10-04T01:23:28,docker.peer0.org1.example.com.mem_bytes,386609971.2
1791048209,2026-10-04T01:23:28,docker.peer0.org1.example.com.blk_read_bytes,0.0
1791048209,2026-10-04T01:23:28,docker.peer0.org1.example.com.blk_write_bytes,30900000000.0
1791048209,2026-10-04T01:23:28,docker.orderer.example.com.cpu_pct,0.03
1791048209,2026-10-04T01:23:28,docker.orderer.example.com.mem_bytes,510237081.6
1791048209,2026-10-04T01:23:28,docker.orderer.example.com.blk_read_bytes,0.0
1791048209,2026-10-04T01:23:28,docker.orderer.example.com.blk_write_bytes,13800000000.0
1791048209,2026-10-04T01:23:28,host.MemTotal_kb,64932116
1791048209,2026-10-04T01:23:28,host.MemAvailable_kb,62577940
1791048209,2026-10-04T01:23:28,host.Cached_kb,24858144
1791048209,2026-10-04T01:23:28,host.SwapTotal_kb,0
1791048209,2026-10-04T01:23:28,host.SwapFree_kb,0
1791048209,2026-10-04T01:23:28,host.Dirty_kb,112220
1791048209,2026-10-04T01:23:28,host.load1,6.83
1791048209,2026-10-04T01:23:28,host.load5,8.72
1791048209,2026-10-04T01:23:28,host.root_free_bytes,917623603200
1791048209,2026-10-04T01:23:28,host.root_used_bytes,27349233664
1791048209,2026-10-04T01:23:28,io.md2.r/s,0.0
1791048209,2026-10-04T01:23:28,io.md2.rkB/s,0.0
1791048209,2026-10-04T01:23:28,io.md2.r_await,0.0
1791048209,2026-10-04T01:23:28,io.md2.w/s,158.6
1791048209,2026-10-04T01:23:28,io.md2.wkB/s,6722.8
1791048209,2026-10-04T01:23:28,io.md2.w_await,0.26
1791048209,2026-10-04T01:23:28,io.md2.f/s,0.0
1791048209,2026-10-04T01:23:28,io.md2.aqu-sz,0.04
1791048209,2026-10-04T01:23:28,io.md2.%util,7.01
1791048209,2026-10-04T01:23:28,io.nvme0n1.r/s,0.0
1791048209,2026-10-04T01:23:28,io.nvme0n1.rkB/s,0.0
1791048209,2026-10-04T01:23:28,io.nvme0n1.r_await,0.0
1791048209,2026-10-04T01:23:28,io.nvme0n1.w/s,61.6
1791048209,2026-10-04T01:23:28,io.nvme0n1.wkB/s,3293.2
1791048209,2026-10-04T01:23:28,io.nvme0n1.w_await,0.4
1791048209,2026-10-04T01:23:28,io.nvme0n1.f/s,4.4
1791048209,2026-10-04T01:23:28,io.nvme0n1.aqu-sz,0.03
1791048209,2026-10-04T01:23:28,io.nvme0n1.%util,1.27
1791048209,2026-10-04T01:23:28,io.nvme1n1.r/s,0.0
1791048209,2026-10-04T01:23:28,io.nvme1n1.rkB/s,0.0
1791048209,2026-10-04T01:23:28,io.nvme1n1.r_await,0.0
1791048209,2026-10-04T01:23:28,io.nvme1n1.w/s,65.7
1791048209,2026-10-04T01:23:28,io.nvme1n1.wkB/s,3429.6
1791048209,2026-10-04T01:23:28,io.nvme1n1.w_await,0.36
1791048209,2026-10-04T01:23:28,io.nvme1n1.f/s,4.4
1791048209,2026-10-04T01:23:28,io.nvme1n1.aqu-sz,0.03
1791048209,2026-10-04T01:23:28,io.nvme1n1.%util,1.58
1791048219,2026-10-04T01:23:38,host.cpu_pct,78.10810810810811
1791048219,2026-10-04T01:23:38,host.run_cpu_pct,77.61047602495714
1791048219,2026-10-04T01:23:38,host.nonrun_cpu_pct,0.4976320831509753
1791048219,2026-10-04T01:23:38,docker.dev-peer0.org2.example.com-saksi-bulletin_1.0-ee3fe73bad456e43adfc5ba27d9e5a60983b69e8496140308fb21061ecb2ff85.cpu_pct,0.0
1791048219,2026-10-04T01:23:38,docker.dev-peer0.org2.example.com-saksi-bulletin_1.0-ee3fe73bad456e43adfc5ba27d9e5a60983b69e8496140308fb21061ecb2ff85.mem_bytes,6873415.68
1791048219,2026-10-04T01:23:38,docker.dev-peer0.org2.example.com-saksi-bulletin_1.0-ee3fe73bad456e43adfc5ba27d9e5a60983b69e8496140308fb21061ecb2ff85.blk_read_bytes,0.0
1791048219,2026-10-04T01:23:38,docker.dev-peer0.org2.example.com-saksi-bulletin_1.0-ee3fe73bad456e43adfc5ba27d9e5a60983b69e8496140308fb21061ecb2ff85.blk_write_bytes,0.0
1791048219,2026-10-04T01:23:38,docker.dev-peer0.org1.example.com-saksi-bulletin_1.0-ee3fe73bad456e43adfc5ba27d9e5a60983b69e8496140308fb21061ecb2ff85.cpu_pct,0.0
1791048219,2026-10-04T01:23:38,docker.dev-peer0.org1.example.com-saksi-bulletin_1.0-ee3fe73bad456e43adfc5ba27d9e5a60983b69e8496140308fb21061ecb2ff85.mem_bytes,13757317.12
1791048219,2026-10-04T01:23:38,docker.dev-peer0.org1.example.com-saksi-bulletin_1.0-ee3fe73bad456e43adfc5ba27d9e5a60983b69e8496140308fb21061ecb2ff85.blk_read_bytes,0.0
1791048219,2026-10-04T01:23:38,docker.dev-peer0.org1.example.com-saksi-bulletin_1.0-ee3fe73bad456e43adfc5ba27d9e5a60983b69e8496140308fb21061ecb2ff85.blk_write_bytes,0.0
1791048219,2026-10-04T01:23:38,docker.peer0.org2.example.com.cpu_pct,0.63
1791048219,2026-10-04T01:23:38,docker.peer0.org2.example.com.mem_bytes,339109478.4
1791048219,2026-10-04T01:23:38,docker.peer0.org2.example.com.blk_read_bytes,0.0
1791048219,2026-10-04T01:23:38,docker.peer0.org2.example.com.blk_write_bytes,30800000000.0
1791048219,2026-10-04T01:23:38,docker.peer0.org1.example.com.cpu_pct,0.68
1791048219,2026-10-04T01:23:38,docker.peer0.org1.example.com.mem_bytes,386609971.2
1791048219,2026-10-04T01:23:38,docker.peer0.org1.example.com.blk_read_bytes,0.0
1791048219,2026-10-04T01:23:38,docker.peer0.org1.example.com.blk_write_bytes,30900000000.0
1791048219,2026-10-04T01:23:38,docker.orderer.example.com.cpu_pct,0.04
1791048219,2026-10-04T01:23:38,docker.orderer.example.com.mem_bytes,510237081.6
1791048219,2026-10-04T01:23:38,docker.orderer.example.com.blk_read_bytes,0.0
1791048219,2026-10-04T01:23:38,docker.orderer.example.com.blk_write_bytes,13800000000.0
1791048219,2026-10-04T01:23:38,host.MemTotal_kb,64932116
1791048219,2026-10-04T01:23:38,host.MemAvailable_kb,62649260
1791048219,2026-10-04T01:23:38,host.Cached_kb,24858152
1791048219,2026-10-04T01:23:38,host.SwapTotal_kb,0
1791048219,2026-10-04T01:23:38,host.SwapFree_kb,0
1791048219,2026-10-04T01:23:38,host.Dirty_kb,1140
1791048219,2026-10-04T01:23:38,host.load1,8.24
1791048219,2026-10-04T01:23:38,host.load5,8.96
1791048219,2026-10-04T01:23:38,host.root_free_bytes,917623590912
1791048219,2026-10-04T01:23:38,host.root_used_bytes,27349245952
1791048219,2026-10-04T01:23:38,io.md2.r/s,0.0
1791048219,2026-10-04T01:23:38,io.md2.rkB/s,0.0
1791048219,2026-10-04T01:23:38,io.md2.r_await,0.0
1791048219,2026-10-04T01:23:38,io.md2.w/s,86.3
1791048219,2026-10-04T01:23:38,io.md2.wkB/s,933.6
1791048219,2026-10-04T01:23:38,io.md2.w_await,0.46
1791048219,2026-10-04T01:23:38,io.md2.f/s,0.0
1791048219,2026-10-04T01:23:38,io.md2.aqu-sz,0.04
1791048219,2026-10-04T01:23:38,io.md2.%util,4.38
1791048219,2026-10-04T01:23:38,io.nvme0n1.r/s,0.0
1791048219,2026-10-04T01:23:38,io.nvme0n1.rkB/s,0.0
1791048219,2026-10-04T01:23:38,io.nvme0n1.r_await,0.0
1791048219,2026-10-04T01:23:38,io.nvme0n1.w/s,37.9
1791048219,2026-10-04T01:23:38,io.nvme0n1.wkB/s,460.8
1791048219,2026-10-04T01:23:38,io.nvme0n1.w_await,0.69
1791048219,2026-10-04T01:23:38,io.nvme0n1.f/s,5.3
1791048219,2026-10-04T01:23:38,io.nvme0n1.aqu-sz,0.03
1791048219,2026-10-04T01:23:38,io.nvme0n1.%util,1.76
1791048219,2026-10-04T01:23:38,io.nvme1n1.r/s,0.0
1791048219,2026-10-04T01:23:38,io.nvme1n1.rkB/s,0.0
1791048219,2026-10-04T01:23:38,io.nvme1n1.r_await,0.0
1791048219,2026-10-04T01:23:38,io.nvme1n1.w/s,35.1
1791048219,2026-10-04T01:23:38,io.nvme1n1.wkB/s,472.8
1791048219,2026-10-04T01:23:38,io.nvme1n1.w_await,0.66
1791048219,2026-10-04T01:23:38,io.nvme1n1.f/s,5.3
1791048219,2026-10-04T01:23:38,io.nvme1n1.aqu-sz,0.03
1791048219,2026-10-04T01:23:38,io.nvme1n1.%util,1.45
1791048229,2026-10-04T01:23:48,host.cpu_pct,24.567885771543086
1791048229,2026-10-04T01:23:48,host.run_cpu_pct,24.258523565405095
1791048229,2026-10-04T01:23:48,host.nonrun_cpu_pct,0.30936220613799037
1791048229,2026-10-04T01:23:48,docker.dev-peer0.org2.example.com-saksi-bulletin_1.0-ee3fe73bad456e43adfc5ba27d9e5a60983b69e8496140308fb21061ecb2ff85.cpu_pct,0.0
1791048229,2026-10-04T01:23:48,docker.dev-peer0.org2.example.com-saksi-bulletin_1.0-ee3fe73bad456e43adfc5ba27d9e5a60983b69e8496140308fb21061ecb2ff85.mem_bytes,6873415.68
1791048229,2026-10-04T01:23:48,docker.dev-peer0.org2.example.com-saksi-bulletin_1.0-ee3fe73bad456e43adfc5ba27d9e5a60983b69e8496140308fb21061ecb2ff85.blk_read_bytes,0.0
1791048229,2026-10-04T01:23:48,docker.dev-peer0.org2.example.com-saksi-bulletin_1.0-ee3fe73bad456e43adfc5ba27d9e5a60983b69e8496140308fb21061ecb2ff85.blk_write_bytes,0.0
1791048229,2026-10-04T01:23:48,docker.dev-peer0.org1.example.com-saksi-bulletin_1.0-ee3fe73bad456e43adfc5ba27d9e5a60983b69e8496140308fb21061ecb2ff85.cpu_pct,0.0
1791048229,2026-10-04T01:23:48,docker.dev-peer0.org1.example.com-saksi-bulletin_1.0-ee3fe73bad456e43adfc5ba27d9e5a60983b69e8496140308fb21061ecb2ff85.mem_bytes,13757317.12
1791048229,2026-10-04T01:23:48,docker.dev-peer0.org1.example.com-saksi-bulletin_1.0-ee3fe73bad456e43adfc5ba27d9e5a60983b69e8496140308fb21061ecb2ff85.blk_read_bytes,0.0
1791048229,2026-10-04T01:23:48,docker.dev-peer0.org1.example.com-saksi-bulletin_1.0-ee3fe73bad456e43adfc5ba27d9e5a60983b69e8496140308fb21061ecb2ff85.blk_write_bytes,0.0
1791048229,2026-10-04T01:23:48,docker.peer0.org2.example.com.cpu_pct,1.81
1791048229,2026-10-04T01:23:48,docker.peer0.org2.example.com.mem_bytes,338794905.6
1791048229,2026-10-04T01:23:48,docker.peer0.org2.example.com.blk_read_bytes,0.0
1791048229,2026-10-04T01:23:48,docker.peer0.org2.example.com.blk_write_bytes,30800000000.0
1791048229,2026-10-04T01:23:48,docker.peer0.org1.example.com.cpu_pct,1.9
1791048229,2026-10-04T01:23:48,docker.peer0.org1.example.com.mem_bytes,386505113.6
1791048229,2026-10-04T01:23:48,docker.peer0.org1.example.com.blk_read_bytes,0.0
1791048229,2026-10-04T01:23:48,docker.peer0.org1.example.com.blk_write_bytes,30900000000.0
1791048229,2026-10-04T01:23:48,docker.orderer.example.com.cpu_pct,0.05
1791048229,2026-10-04T01:23:48,docker.orderer.example.com.mem_bytes,510237081.6
1791048229,2026-10-04T01:23:48,docker.orderer.example.com.blk_read_bytes,0.0
1791048229,2026-10-04T01:23:48,docker.orderer.example.com.blk_write_bytes,13800000000.0
1791048229,2026-10-04T01:23:48,host.MemTotal_kb,64932116
1791048229,2026-10-04T01:23:48,host.MemAvailable_kb,62712444
1791048229,2026-10-04T01:23:48,host.Cached_kb,24858196
1791048229,2026-10-04T01:23:48,host.SwapTotal_kb,0
1791048229,2026-10-04T01:23:48,host.SwapFree_kb,0
1791048229,2026-10-04T01:23:48,host.Dirty_kb,1060
1791048229,2026-10-04T01:23:48,host.load1,6.97
1791048229,2026-10-04T01:23:48,host.load5,8.66
1791048229,2026-10-04T01:23:48,host.root_free_bytes,917623545856
1791048229,2026-10-04T01:23:48,host.root_used_bytes,27349291008
1791048229,2026-10-04T01:23:48,io.md2.r/s,0.0
1791048229,2026-10-04T01:23:48,io.md2.rkB/s,0.0
1791048229,2026-10-04T01:23:48,io.md2.r_await,0.0
1791048229,2026-10-04T01:23:48,io.md2.w/s,149.9
1791048229,2026-10-04T01:23:48,io.md2.wkB/s,11302.8
1791048229,2026-10-04T01:23:48,io.md2.w_await,0.13
1791048229,2026-10-04T01:23:48,io.md2.f/s,0.0
1791048229,2026-10-04T01:23:48,io.md2.aqu-sz,0.02
1791048229,2026-10-04T01:23:48,io.md2.%util,5.3
1791048229,2026-10-04T01:23:48,io.nvme0n1.r/s,0.0
1791048229,2026-10-04T01:23:48,io.nvme0n1.rkB/s,0.0
1791048229,2026-10-04T01:23:48,io.nvme0n1.r_await,0.0
1791048229,2026-10-04T01:23:48,io.nvme0n1.w/s,70.0
1791048229,2026-10-04T01:23:48,io.nvme0n1.wkB/s,5645.6
1791048229,2026-10-04T01:23:48,io.nvme0n1.w_await,0.15
1791048229,2026-10-04T01:23:48,io.nvme0n1.f/s,0.2
1791048229,2026-10-04T01:23:48,io.nvme0n1.aqu-sz,0.01
1791048229,2026-10-04T01:23:48,io.nvme0n1.%util,0.16
1791048229,2026-10-04T01:23:48,io.nvme1n1.r/s,0.0
1791048229,2026-10-04T01:23:48,io.nvme1n1.rkB/s,0.0
1791048229,2026-10-04T01:23:48,io.nvme1n1.r_await,0.0
1791048229,2026-10-04T01:23:48,io.nvme1n1.w/s,70.1
1791048229,2026-10-04T01:23:48,io.nvme1n1.wkB/s,5657.2
1791048229,2026-10-04T01:23:48,io.nvme1n1.w_await,0.15
1791048229,2026-10-04T01:23:48,io.nvme1n1.f/s,0.2
1791048229,2026-10-04T01:23:48,io.nvme1n1.aqu-sz,0.01
1791048229,2026-10-04T01:23:48,io.nvme1n1.%util,0.21
1791048239,2026-10-04T01:23:58,host.cpu_pct,0.48866056885102116
1791048239,2026-10-04T01:23:58,host.run_cpu_pct,0.2586002470763777
1791048239,2026-10-04T01:23:58,host.nonrun_cpu_pct,0.23006032177464347
1791048239,2026-10-04T01:23:58,docker.dev-peer0.org2.example.com-saksi-bulletin_1.0-ee3fe73bad456e43adfc5ba27d9e5a60983b69e8496140308fb21061ecb2ff85.cpu_pct,0.0
1791048239,2026-10-04T01:23:58,docker.dev-peer0.org2.example.com-saksi-bulletin_1.0-ee3fe73bad456e43adfc5ba27d9e5a60983b69e8496140308fb21061ecb2ff85.mem_bytes,6873415.68
1791048239,2026-10-04T01:23:58,docker.dev-peer0.org2.example.com-saksi-bulletin_1.0-ee3fe73bad456e43adfc5ba27d9e5a60983b69e8496140308fb21061ecb2ff85.blk_read_bytes,0.0
1791048239,2026-10-04T01:23:58,docker.dev-peer0.org2.example.com-saksi-bulletin_1.0-ee3fe73bad456e43adfc5ba27d9e5a60983b69e8496140308fb21061ecb2ff85.blk_write_bytes,0.0
1791048239,2026-10-04T01:23:58,docker.dev-peer0.org1.example.com-saksi-bulletin_1.0-ee3fe73bad456e43adfc5ba27d9e5a60983b69e8496140308fb21061ecb2ff85.cpu_pct,0.0
1791048239,2026-10-04T01:23:58,docker.dev-peer0.org1.example.com-saksi-bulletin_1.0-ee3fe73bad456e43adfc5ba27d9e5a60983b69e8496140308fb21061ecb2ff85.mem_bytes,13757317.12
1791048239,2026-10-04T01:23:58,docker.dev-peer0.org1.example.com-saksi-bulletin_1.0-ee3fe73bad456e43adfc5ba27d9e5a60983b69e8496140308fb21061ecb2ff85.blk_read_bytes,0.0
1791048239,2026-10-04T01:23:58,docker.dev-peer0.org1.example.com-saksi-bulletin_1.0-ee3fe73bad456e43adfc5ba27d9e5a60983b69e8496140308fb21061ecb2ff85.blk_write_bytes,0.0
1791048239,2026-10-04T01:23:58,docker.peer0.org2.example.com.cpu_pct,2.06
1791048239,2026-10-04T01:23:58,docker.peer0.org2.example.com.mem_bytes,338794905.6
1791048239,2026-10-04T01:23:58,docker.peer0.org2.example.com.blk_read_bytes,0.0
1791048239,2026-10-04T01:23:58,docker.peer0.org2.example.com.blk_write_bytes,30800000000.0
1791048239,2026-10-04T01:23:58,docker.peer0.org1.example.com.cpu_pct,2.11
1791048239,2026-10-04T01:23:58,docker.peer0.org1.example.com.mem_bytes,386505113.6
1791048239,2026-10-04T01:23:58,docker.peer0.org1.example.com.blk_read_bytes,0.0
1791048239,2026-10-04T01:23:58,docker.peer0.org1.example.com.blk_write_bytes,30900000000.0
1791048239,2026-10-04T01:23:58,docker.orderer.example.com.cpu_pct,0.06
1791048239,2026-10-04T01:23:58,docker.orderer.example.com.mem_bytes,510237081.6
1791048239,2026-10-04T01:23:58,docker.orderer.example.com.blk_read_bytes,0.0
1791048239,2026-10-04T01:23:58,docker.orderer.example.com.blk_write_bytes,13800000000.0
1791048239,2026-10-04T01:23:58,host.MemTotal_kb,64932116
1791048239,2026-10-04T01:23:58,host.MemAvailable_kb,62708920
1791048239,2026-10-04T01:23:58,host.Cached_kb,24858208
1791048239,2026-10-04T01:23:58,host.SwapTotal_kb,0
1791048239,2026-10-04T01:23:58,host.SwapFree_kb,0
1791048239,2026-10-04T01:23:58,host.Dirty_kb,1016
1791048239,2026-10-04T01:23:58,host.load1,5.9
1791048239,2026-10-04T01:23:58,host.load5,8.38
1791048239,2026-10-04T01:23:58,host.root_free_bytes,917623533568
1791048239,2026-10-04T01:23:58,host.root_used_bytes,27349303296
1791048239,2026-10-04T01:23:58,io.md2.r/s,0.0
1791048239,2026-10-04T01:23:58,io.md2.rkB/s,0.0
1791048239,2026-10-04T01:23:58,io.md2.r_await,0.0
1791048239,2026-10-04T01:23:58,io.md2.w/s,43.5
1791048239,2026-10-04T01:23:58,io.md2.wkB/s,190.8
1791048239,2026-10-04T01:23:58,io.md2.w_await,0.18
1791048239,2026-10-04T01:23:58,io.md2.f/s,0.0
1791048239,2026-10-04T01:23:58,io.md2.aqu-sz,0.01
1791048239,2026-10-04T01:23:58,io.md2.%util,0.19
1791048239,2026-10-04T01:23:58,io.nvme0n1.r/s,0.0
1791048239,2026-10-04T01:23:58,io.nvme0n1.rkB/s,0.0
1791048239,2026-10-04T01:23:58,io.nvme0n1.r_await,0.0
1791048239,2026-10-04T01:23:58,io.nvme0n1.w/s,19.4
1791048239,2026-10-04T01:23:58,io.nvme0n1.wkB/s,89.2
1791048239,2026-10-04T01:23:58,io.nvme0n1.w_await,0.11
1791048239,2026-10-04T01:23:58,io.nvme0n1.f/s,0.4
1791048239,2026-10-04T01:23:58,io.nvme0n1.aqu-sz,0.0
1791048239,2026-10-04T01:23:58,io.nvme0n1.%util,0.07
1791048239,2026-10-04T01:23:58,io.nvme1n1.r/s,0.0
1791048239,2026-10-04T01:23:58,io.nvme1n1.rkB/s,0.0
1791048239,2026-10-04T01:23:58,io.nvme1n1.r_await,0.0
1791048239,2026-10-04T01:23:58,io.nvme1n1.w/s,19.8
1791048239,2026-10-04T01:23:58,io.nvme1n1.wkB/s,101.6
1791048239,2026-10-04T01:23:58,io.nvme1n1.w_await,0.25
1791048239,2026-10-04T01:23:58,io.nvme1n1.f/s,0.4
1791048239,2026-10-04T01:23:58,io.nvme1n1.aqu-sz,0.01
1791048239,2026-10-04T01:23:58,io.nvme1n1.%util,0.24
1791048249,2026-10-04T01:24:08,host.cpu_pct,0.45118435894222336
1791048249,2026-10-04T01:24:08,host.run_cpu_pct,0.2620823634140481
1791048249,2026-10-04T01:24:08,host.nonrun_cpu_pct,0.18910199552817525
1791048249,2026-10-04T01:24:08,docker.dev-peer0.org2.example.com-saksi-bulletin_1.0-ee3fe73bad456e43adfc5ba27d9e5a60983b69e8496140308fb21061ecb2ff85.cpu_pct,0.0
1791048249,2026-10-04T01:24:08,docker.dev-peer0.org2.example.com-saksi-bulletin_1.0-ee3fe73bad456e43adfc5ba27d9e5a60983b69e8496140308fb21061ecb2ff85.mem_bytes,6873415.68
1791048249,2026-10-04T01:24:08,docker.dev-peer0.org2.example.com-saksi-bulletin_1.0-ee3fe73bad456e43adfc5ba27d9e5a60983b69e8496140308fb21061ecb2ff85.blk_read_bytes,0.0
1791048249,2026-10-04T01:24:08,docker.dev-peer0.org2.example.com-saksi-bulletin_1.0-ee3fe73bad456e43adfc5ba27d9e5a60983b69e8496140308fb21061ecb2ff85.blk_write_bytes,0.0
1791048249,2026-10-04T01:24:08,docker.dev-peer0.org1.example.com-saksi-bulletin_1.0-ee3fe73bad456e43adfc5ba27d9e5a60983b69e8496140308fb21061ecb2ff85.cpu_pct,0.0
1791048249,2026-10-04T01:24:08,docker.dev-peer0.org1.example.com-saksi-bulletin_1.0-ee3fe73bad456e43adfc5ba27d9e5a60983b69e8496140308fb21061ecb2ff85.mem_bytes,13757317.12
1791048249,2026-10-04T01:24:08,docker.dev-peer0.org1.example.com-saksi-bulletin_1.0-ee3fe73bad456e43adfc5ba27d9e5a60983b69e8496140308fb21061ecb2ff85.blk_read_bytes,0.0
1791048249,2026-10-04T01:24:08,docker.dev-peer0.org1.example.com-saksi-bulletin_1.0-ee3fe73bad456e43adfc5ba27d9e5a60983b69e8496140308fb21061ecb2ff85.blk_write_bytes,0.0
1791048249,2026-10-04T01:24:08,docker.peer0.org2.example.com.cpu_pct,1.63
1791048249,2026-10-04T01:24:08,docker.peer0.org2.example.com.mem_bytes,338794905.6
1791048249,2026-10-04T01:24:08,docker.peer0.org2.example.com.blk_read_bytes,0.0
1791048249,2026-10-04T01:24:08,docker.peer0.org2.example.com.blk_write_bytes,30800000000.0
1791048249,2026-10-04T01:24:08,docker.peer0.org1.example.com.cpu_pct,1.92
1791048249,2026-10-04T01:24:08,docker.peer0.org1.example.com.mem_bytes,386505113.6
1791048249,2026-10-04T01:24:08,docker.peer0.org1.example.com.blk_read_bytes,0.0
1791048249,2026-10-04T01:24:08,docker.peer0.org1.example.com.blk_write_bytes,30900000000.0
1791048249,2026-10-04T01:24:08,docker.orderer.example.com.cpu_pct,0.07
1791048249,2026-10-04T01:24:08,docker.orderer.example.com.mem_bytes,510237081.6
1791048249,2026-10-04T01:24:08,docker.orderer.example.com.blk_read_bytes,0.0
1791048249,2026-10-04T01:24:08,docker.orderer.example.com.blk_write_bytes,13800000000.0
1791048249,2026-10-04T01:24:08,host.MemTotal_kb,64932116
1791048249,2026-10-04T01:24:08,host.MemAvailable_kb,62715936
1791048249,2026-10-04T01:24:08,host.Cached_kb,24858216
1791048249,2026-10-04T01:24:08,host.SwapTotal_kb,0
1791048249,2026-10-04T01:24:08,host.SwapFree_kb,0
1791048249,2026-10-04T01:24:08,host.Dirty_kb,352
1791048249,2026-10-04T01:24:08,host.load1,4.99
1791048249,2026-10-04T01:24:08,host.load5,8.1
1791048249,2026-10-04T01:24:08,host.root_free_bytes,917623525376
1791048249,2026-10-04T01:24:08,host.root_used_bytes,27349311488
1791048249,2026-10-04T01:24:08,io.md2.r/s,0.0
1791048249,2026-10-04T01:24:08,io.md2.rkB/s,0.0
1791048249,2026-10-04T01:24:08,io.md2.r_await,0.0
1791048249,2026-10-04T01:24:08,io.md2.w/s,38.5
1791048249,2026-10-04T01:24:08,io.md2.wkB/s,173.2
1791048249,2026-10-04T01:24:08,io.md2.w_await,0.11
1791048249,2026-10-04T01:24:08,io.md2.f/s,0.0
1791048249,2026-10-04T01:24:08,io.md2.aqu-sz,0.0
1791048249,2026-10-04T01:24:08,io.md2.%util,5.23
1791048249,2026-10-04T01:24:08,io.nvme0n1.r/s,0.0
1791048249,2026-10-04T01:24:08,io.nvme0n1.rkB/s,0.0
1791048249,2026-10-04T01:24:08,io.nvme0n1.r_await,0.0
1791048249,2026-10-04T01:24:08,io.nvme0n1.w/s,19.2
1791048249,2026-10-04T01:24:08,io.nvme0n1.wkB/s,86.0
1791048249,2026-10-04T01:24:08,io.nvme0n1.w_await,0.16
1791048249,2026-10-04T01:24:08,io.nvme0n1.f/s,0.2
1791048249,2026-10-04T01:24:08,io.nvme0n1.aqu-sz,0.0
1791048249,2026-10-04T01:24:08,io.nvme0n1.%util,0.06
1791048249,2026-10-04T01:24:08,io.nvme1n1.r/s,0.0
1791048249,2026-10-04T01:24:08,io.nvme1n1.rkB/s,0.0
1791048249,2026-10-04T01:24:08,io.nvme1n1.r_await,0.0
1791048249,2026-10-04T01:24:08,io.nvme1n1.w/s,17.2
1791048249,2026-10-04T01:24:08,io.nvme1n1.wkB/s,87.2
1791048249,2026-10-04T01:24:08,io.nvme1n1.w_await,0.23
1791048249,2026-10-04T01:24:08,io.nvme1n1.f/s,0.2
1791048249,2026-10-04T01:24:08,io.nvme1n1.aqu-sz,0.0
1791048249,2026-10-04T01:24:08,io.nvme1n1.%util,0.13
1791048259,2026-10-04T01:24:18,host.cpu_pct,0.48859934853420195
1791048259,2026-10-04T01:24:18,host.run_cpu_pct,0.267396317399442
1791048259,2026-10-04T01:24:18,host.nonrun_cpu_pct,0.22120303113475998
1791048259,2026-10-04T01:24:18,docker.dev-peer0.org2.example.com-saksi-bulletin_1.0-ee3fe73bad456e43adfc5ba27d9e5a60983b69e8496140308fb21061ecb2ff85.cpu_pct,0.0
1791048259,2026-10-04T01:24:18,docker.dev-peer0.org2.example.com-saksi-bulletin_1.0-ee3fe73bad456e43adfc5ba27d9e5a60983b69e8496140308fb21061ecb2ff85.mem_bytes,6873415.68
1791048259,2026-10-04T01:24:18,docker.dev-peer0.org2.example.com-saksi-bulletin_1.0-ee3fe73bad456e43adfc5ba27d9e5a60983b69e8496140308fb21061ecb2ff85.blk_read_bytes,0.0
1791048259,2026-10-04T01:24:18,docker.dev-peer0.org2.example.com-saksi-bulletin_1.0-ee3fe73bad456e43adfc5ba27d9e5a60983b69e8496140308fb21061ecb2ff85.blk_write_bytes,0.0
1791048259,2026-10-04T01:24:18,docker.dev-peer0.org1.example.com-saksi-bulletin_1.0-ee3fe73bad456e43adfc5ba27d9e5a60983b69e8496140308fb21061ecb2ff85.cpu_pct,0.0
1791048259,2026-10-04T01:24:18,docker.dev-peer0.org1.example.com-saksi-bulletin_1.0-ee3fe73bad456e43adfc5ba27d9e5a60983b69e8496140308fb21061ecb2ff85.mem_bytes,13757317.12
1791048259,2026-10-04T01:24:18,docker.dev-peer0.org1.example.com-saksi-bulletin_1.0-ee3fe73bad456e43adfc5ba27d9e5a60983b69e8496140308fb21061ecb2ff85.blk_read_bytes,0.0
1791048259,2026-10-04T01:24:18,docker.dev-peer0.org1.example.com-saksi-bulletin_1.0-ee3fe73bad456e43adfc5ba27d9e5a60983b69e8496140308fb21061ecb2ff85.blk_write_bytes,0.0
1791048259,2026-10-04T01:24:18,docker.peer0.org2.example.com.cpu_pct,2.03
1791048259,2026-10-04T01:24:18,docker.peer0.org2.example.com.mem_bytes,338794905.6
1791048259,2026-10-04T01:24:18,docker.peer0.org2.example.com.blk_read_bytes,0.0
1791048259,2026-10-04T01:24:18,docker.peer0.org2.example.com.blk_write_bytes,30800000000.0
1791048259,2026-10-04T01:24:18,docker.peer0.org1.example.com.cpu_pct,2.16
1791048259,2026-10-04T01:24:18,docker.peer0.org1.example.com.mem_bytes,386505113.6
1791048259,2026-10-04T01:24:18,docker.peer0.org1.example.com.blk_read_bytes,0.0
1791048259,2026-10-04T01:24:18,docker.peer0.org1.example.com.blk_write_bytes,30900000000.0
1791048259,2026-10-04T01:24:18,docker.orderer.example.com.cpu_pct,0.07
1791048259,2026-10-04T01:24:18,docker.orderer.example.com.mem_bytes,510237081.6
1791048259,2026-10-04T01:24:18,docker.orderer.example.com.blk_read_bytes,0.0
1791048259,2026-10-04T01:24:18,docker.orderer.example.com.blk_write_bytes,13800000000.0
1791048259,2026-10-04T01:24:18,host.MemTotal_kb,64932116
1791048259,2026-10-04T01:24:18,host.MemAvailable_kb,62713420
1791048259,2026-10-04T01:24:18,host.Cached_kb,24858228
1791048259,2026-10-04T01:24:18,host.SwapTotal_kb,0
1791048259,2026-10-04T01:24:18,host.SwapFree_kb,0
1791048259,2026-10-04T01:24:18,host.Dirty_kb,224
1791048259,2026-10-04T01:24:18,host.load1,4.22
1791048259,2026-10-04T01:24:18,host.load5,7.84
1791048259,2026-10-04T01:24:18,host.root_free_bytes,917623513088
1791048259,2026-10-04T01:24:18,host.root_used_bytes,27349323776
1791048259,2026-10-04T01:24:18,io.md2.r/s,0.0
1791048259,2026-10-04T01:24:18,io.md2.rkB/s,0.0
1791048259,2026-10-04T01:24:18,io.md2.r_await,0.0
1791048259,2026-10-04T01:24:18,io.md2.w/s,23.58
1791048259,2026-10-04T01:24:18,io.md2.wkB/s,160.64
1791048259,2026-10-04T01:24:18,io.md2.w_await,0.13
1791048259,2026-10-04T01:24:18,io.md2.f/s,0.0
1791048259,2026-10-04T01:24:18,io.md2.aqu-sz,0.0
1791048259,2026-10-04T01:24:18,io.md2.%util,0.1
1791048259,2026-10-04T01:24:18,io.nvme0n1.r/s,0.0
1791048259,2026-10-04T01:24:18,io.nvme0n1.rkB/s,0.0
1791048259,2026-10-04T01:24:18,io.nvme0n1.r_await,0.0
1791048259,2026-10-04T01:24:18,io.nvme0n1.w/s,11.39
1791048259,2026-10-04T01:24:18,io.nvme0n1.wkB/s,92.71
1791048259,2026-10-04T01:24:18,io.nvme0n1.w_await,0.14
1791048259,2026-10-04T01:24:18,io.nvme0n1.f/s,0.2
1791048259,2026-10-04T01:24:18,io.nvme0n1.aqu-sz,0.0
1791048259,2026-10-04T01:24:18,io.nvme0n1.%util,0.09
1791048259,2026-10-04T01:24:18,io.nvme1n1.r/s,0.0
1791048259,2026-10-04T01:24:18,io.nvme1n1.rkB/s,0.0
1791048259,2026-10-04T01:24:18,io.nvme1n1.r_await,0.0
1791048259,2026-10-04T01:24:18,io.nvme1n1.w/s,9.59
1791048259,2026-10-04T01:24:18,io.nvme1n1.wkB/s,67.93
1791048259,2026-10-04T01:24:18,io.nvme1n1.w_await,0.15
1791048259,2026-10-04T01:24:18,io.nvme1n1.f/s,0.2
1791048259,2026-10-04T01:24:18,io.nvme1n1.aqu-sz,0.0
1791048259,2026-10-04T01:24:18,io.nvme1n1.%util,0.1
