Build (macos-latest)	UNKNOWN STEP	﻿2026-09-29T12:19:05.5633410Z Current runner version: '2.337.0'
Build (macos-latest)	UNKNOWN STEP	2026-09-29T12:19:05.5670980Z ##[group]Runner Image Provisioner
Build (macos-latest)	UNKNOWN STEP	2026-09-29T12:19:05.5672530Z Hosted Compute Agent
Build (macos-latest)	UNKNOWN STEP	2026-09-29T12:19:05.5673530Z Version: 20260828.587
Build (macos-latest)	UNKNOWN STEP	2026-09-29T12:19:05.5674620Z Commit: abac92662cab4cc7352de4f9f9d2e2419aad9c29
Build (macos-latest)	UNKNOWN STEP	2026-09-29T12:19:05.5676000Z Build Date: 2026-08-28T16:44:25Z
Build (macos-latest)	UNKNOWN STEP	2026-09-29T12:19:05.5677510Z Worker ID: {ee67438d-732a-4b38-a9ca-0a0905d06514}
Build (macos-latest)	UNKNOWN STEP	2026-09-29T12:19:05.5678790Z Azure Region: westus
Build (macos-latest)	UNKNOWN STEP	2026-09-29T12:19:05.5679720Z ##[endgroup]
Build (macos-latest)	UNKNOWN STEP	2026-09-29T12:19:05.5683120Z ##[group]Operating System
Build (macos-latest)	UNKNOWN STEP	2026-09-29T12:19:05.5683590Z macOS
Build (macos-latest)	UNKNOWN STEP	2026-09-29T12:19:05.5683920Z 26.6.2
Build (macos-latest)	UNKNOWN STEP	2026-09-29T12:19:05.5684260Z 25G83
Build (macos-latest)	UNKNOWN STEP	2026-09-29T12:19:05.5684630Z ##[endgroup]
Build (macos-latest)	UNKNOWN STEP	2026-09-29T12:19:05.5685040Z ##[group]Runner Image
Build (macos-latest)	UNKNOWN STEP	2026-09-29T12:19:05.5685430Z Image: macos-26-arm64
Build (macos-latest)	UNKNOWN STEP	2026-09-29T12:19:05.5685810Z Version: 20260907.0351.1
Build (macos-latest)	UNKNOWN STEP	2026-09-29T12:19:05.5686700Z Included Software: https://github.com/actions/runner-images/blob/macos-26-arm64/20260907.0351/images/macos/macos-26-arm64-Readme.md
Build (macos-latest)	UNKNOWN STEP	2026-09-29T12:19:05.5687820Z Image Release: https://github.com/actions/runner-images/releases/tag/macos-26-arm64%2F20260907.0351
Build (macos-latest)	UNKNOWN STEP	2026-09-29T12:19:05.5688490Z ##[endgroup]
Build (macos-latest)	UNKNOWN STEP	2026-09-29T12:19:05.5689270Z ##[group]GITHUB_TOKEN Permissions
Build (macos-latest)	UNKNOWN STEP	2026-09-29T12:19:05.5690840Z Contents: read
Build (macos-latest)	UNKNOWN STEP	2026-09-29T12:19:05.5691210Z Metadata: read
Build (macos-latest)	UNKNOWN STEP	2026-09-29T12:19:05.5691570Z ##[endgroup]
Build (macos-latest)	UNKNOWN STEP	2026-09-29T12:19:05.5693290Z Secret source: Actions
Build (macos-latest)	UNKNOWN STEP	2026-09-29T12:19:05.5693860Z Cache mode: write
Build (macos-latest)	UNKNOWN STEP	2026-09-29T12:19:05.5694330Z Prepare workflow directory
Build (macos-latest)	UNKNOWN STEP	2026-09-29T12:19:05.6156520Z Prepare all required actions
Build (macos-latest)	UNKNOWN STEP	2026-09-29T12:19:05.6207170Z Getting action download info
Build (macos-latest)	UNKNOWN STEP	2026-09-29T12:19:05.9549130Z Download action repository 'actions/checkout@v4' (SHA:11d5960a326750d5838078e36cf38b85af677262)
Build (macos-latest)	UNKNOWN STEP	2026-09-29T12:19:06.5415970Z Download action repository 'actions-rust-lang/setup-rust-toolchain@v1' (SHA:166cdcfd11aee3cb47222f9ddb555ce30ddb9659)
Build (macos-latest)	UNKNOWN STEP	2026-09-29T12:19:06.9319670Z Download action repository 'Swatinem/rust-cache@v2' (SHA:6323deb102c322ba6fcbdcafc7e3dddab59af2b6)
Build (macos-latest)	UNKNOWN STEP	2026-09-29T12:19:07.5106840Z Download action repository 'actions/setup-go@v5' (SHA:40f1582b2485089dde7abd97c1529aa768e1baff)
Build (macos-latest)	UNKNOWN STEP	2026-09-29T12:19:08.4153230Z Getting action download info
Build (macos-latest)	UNKNOWN STEP	2026-09-29T12:19:08.5409700Z Download action repository 'Swatinem/rust-cache@c19371144df3bb44fab255c43d04cbc2ab54d1c4' (SHA:c19371144df3bb44fab255c43d04cbc2ab54d1c4)
Build (macos-latest)	UNKNOWN STEP	2026-09-29T12:19:09.2789820Z Complete job name: Build (macos-latest)
Build (macos-latest)	UNKNOWN STEP	2026-09-29T12:19:09.3417520Z ##[group]Run actions/checkout@v4
Build (macos-latest)	UNKNOWN STEP	2026-09-29T12:19:09.3418530Z with:
Build (macos-latest)	UNKNOWN STEP	2026-09-29T12:19:09.3419120Z   repository: saksi-framework/saksi
Build (macos-latest)	UNKNOWN STEP	2026-09-29T12:19:09.3425080Z   token: ***
Build (macos-latest)	UNKNOWN STEP	2026-09-29T12:19:09.3425630Z   ssh-strict: true
Build (macos-latest)	UNKNOWN STEP	2026-09-29T12:19:09.3426200Z   ssh-user: git
Build (macos-latest)	UNKNOWN STEP	2026-09-29T12:19:09.3426780Z   persist-credentials: true
Build (macos-latest)	UNKNOWN STEP	2026-09-29T12:19:09.3427460Z   clean: true
Build (macos-latest)	UNKNOWN STEP	2026-09-29T12:19:09.3428110Z   sparse-checkout-cone-mode: true
Build (macos-latest)	UNKNOWN STEP	2026-09-29T12:19:09.3428780Z   fetch-depth: 1
Build (macos-latest)	UNKNOWN STEP	2026-09-29T12:19:09.3429330Z   fetch-tags: false
Build (macos-latest)	UNKNOWN STEP	2026-09-29T12:19:09.3429900Z   show-progress: true
Build (macos-latest)	UNKNOWN STEP	2026-09-29T12:19:09.3430570Z   lfs: false
Build (macos-latest)	UNKNOWN STEP	2026-09-29T12:19:09.3431110Z   submodules: false
Build (macos-latest)	UNKNOWN STEP	2026-09-29T12:19:09.3431680Z   set-safe-directory: true
Build (macos-latest)	UNKNOWN STEP	2026-09-29T12:19:09.3432450Z   allow-unsafe-pr-checkout: false
Build (macos-latest)	UNKNOWN STEP	2026-09-29T12:19:09.3433490Z env:
Build (macos-latest)	UNKNOWN STEP	2026-09-29T12:19:09.3434150Z   CARGO_TERM_COLOR: always
Build (macos-latest)	UNKNOWN STEP	2026-09-29T12:19:09.3435750Z   GO_MODULES: packages/saksi-protocol/go
Build (macos-latest)	UNKNOWN STEP	packages/saksi-bulletin/chaincode
Build (macos-latest)	UNKNOWN STEP	packages/saksi-bulletin/client-sdk
Build (macos-latest)	UNKNOWN STEP	packages/saksi-campaign
Build (macos-latest)	UNKNOWN STEP	
Build (macos-latest)	UNKNOWN STEP	2026-09-29T12:19:09.3437240Z   GOFLAGS: -mod=mod
Build (macos-latest)	UNKNOWN STEP	2026-09-29T12:19:09.3437800Z ##[endgroup]
Build (macos-latest)	UNKNOWN STEP	2026-09-29T12:19:09.8066000Z Syncing repository: saksi-framework/saksi
Build (macos-latest)	UNKNOWN STEP	2026-09-29T12:19:09.8069440Z ##[group]Getting Git version info
Build (macos-latest)	UNKNOWN STEP	2026-09-29T12:19:09.8070370Z Working directory is '/Users/runner/work/saksi/saksi'
Build (macos-latest)	UNKNOWN STEP	2026-09-29T12:19:09.8071910Z [command]/opt/homebrew/bin/git version
Build (macos-latest)	UNKNOWN STEP	2026-09-29T12:19:09.8798770Z git version 2.55.0
Build (macos-latest)	UNKNOWN STEP	2026-09-29T12:19:09.8816920Z ##[endgroup]
Build (macos-latest)	UNKNOWN STEP	2026-09-29T12:19:09.8823910Z Copying '/Users/runner/.gitconfig' to '/Users/runner/work/_temp/41dbbb5f-620e-4747-9704-4aa8f63bf500/.gitconfig'
Build (macos-latest)	UNKNOWN STEP	2026-09-29T12:19:09.8835090Z Temporarily overriding HOME='/Users/runner/work/_temp/41dbbb5f-620e-4747-9704-4aa8f63bf500' before making global git config changes
Build (macos-latest)	UNKNOWN STEP	2026-09-29T12:19:09.8835860Z Adding repository directory to the temporary git global config as a safe directory
Build (macos-latest)	UNKNOWN STEP	2026-09-29T12:19:09.8838980Z [command]/opt/homebrew/bin/git config --global --add safe.directory /Users/runner/work/saksi/saksi
Build (macos-latest)	UNKNOWN STEP	2026-09-29T12:19:09.8971220Z Deleting the contents of '/Users/runner/work/saksi/saksi'
Build (macos-latest)	UNKNOWN STEP	2026-09-29T12:19:09.8976200Z ##[group]Initializing the repository
Build (macos-latest)	UNKNOWN STEP	2026-09-29T12:19:09.8984650Z [command]/opt/homebrew/bin/git init /Users/runner/work/saksi/saksi
Build (macos-latest)	UNKNOWN STEP	2026-09-29T12:19:09.9248020Z hint: Using 'master' as the name for the initial branch. This default branch name
Build (macos-latest)	UNKNOWN STEP	2026-09-29T12:19:09.9248870Z hint: will change to "main" in Git 3.0. To configure the initial branch name
Build (macos-latest)	UNKNOWN STEP	2026-09-29T12:19:09.9249570Z hint: to use in all of your new repositories, which will suppress this warning,
Build (macos-latest)	UNKNOWN STEP	2026-09-29T12:19:09.9250170Z hint: call:
Build (macos-latest)	UNKNOWN STEP	2026-09-29T12:19:09.9250470Z hint:
Build (macos-latest)	UNKNOWN STEP	2026-09-29T12:19:09.9253750Z hint: 	git config --global init.defaultBranch <name>
Build (macos-latest)	UNKNOWN STEP	2026-09-29T12:19:09.9256530Z hint:
Build (macos-latest)	UNKNOWN STEP	2026-09-29T12:19:09.9257010Z hint: Names commonly chosen instead of 'master' are 'main', 'trunk' and
Build (macos-latest)	UNKNOWN STEP	2026-09-29T12:19:09.9257590Z hint: 'development'. The just-created branch can be renamed via this command:
Build (macos-latest)	UNKNOWN STEP	2026-09-29T12:19:09.9258070Z hint:
Build (macos-latest)	UNKNOWN STEP	2026-09-29T12:19:09.9258400Z hint: 	git branch -m <name>
Build (macos-latest)	UNKNOWN STEP	2026-09-29T12:19:09.9258730Z hint:
Build (macos-latest)	UNKNOWN STEP	2026-09-29T12:19:09.9259120Z hint: Disable this message with "git config set advice.defaultBranchName false"
Build (macos-latest)	UNKNOWN STEP	2026-09-29T12:19:09.9259920Z Initialized empty Git repository in /Users/runner/work/saksi/saksi/.git/
Build (macos-latest)	UNKNOWN STEP	2026-09-29T12:19:09.9261260Z [command]/opt/homebrew/bin/git remote add origin https://github.com/saksi-framework/saksi
Build (macos-latest)	UNKNOWN STEP	2026-09-29T12:19:09.9326170Z ##[endgroup]
Build (macos-latest)	UNKNOWN STEP	2026-09-29T12:19:09.9326570Z ##[group]Disabling automatic garbage collection
Build (macos-latest)	UNKNOWN STEP	2026-09-29T12:19:09.9329560Z [command]/opt/homebrew/bin/git config --local gc.auto 0
Build (macos-latest)	UNKNOWN STEP	2026-09-29T12:19:09.9401770Z ##[endgroup]
Build (macos-latest)	UNKNOWN STEP	2026-09-29T12:19:09.9402330Z ##[group]Setting up auth
Build (macos-latest)	UNKNOWN STEP	2026-09-29T12:19:09.9406610Z [command]/opt/homebrew/bin/git config --local --name-only --get-regexp core\.sshCommand
Build (macos-latest)	UNKNOWN STEP	2026-09-29T12:19:09.9515210Z [command]/opt/homebrew/bin/git submodule foreach --recursive sh -c "git config --local --name-only --get-regexp 'core\.sshCommand' && git config --local --unset-all 'core.sshCommand' || :"
Build (macos-latest)	UNKNOWN STEP	2026-09-29T12:19:10.0743640Z [command]/opt/homebrew/bin/git config --local --name-only --get-regexp http\.https\:\/\/github\.com\/\.extraheader
Build (macos-latest)	UNKNOWN STEP	2026-09-29T12:19:10.0804490Z [command]/opt/homebrew/bin/git submodule foreach --recursive sh -c "git config --local --name-only --get-regexp 'http\.https\:\/\/github\.com\/\.extraheader' && git config --local --unset-all 'http.https://github.com/.extraheader' || :"
Build (macos-latest)	UNKNOWN STEP	2026-09-29T12:19:10.2010730Z [command]/opt/homebrew/bin/git config --local --name-only --get-regexp ^includeIf\.gitdir:
Build (macos-latest)	UNKNOWN STEP	2026-09-29T12:19:10.2091190Z [command]/opt/homebrew/bin/git submodule foreach --recursive git config --local --show-origin --name-only --get-regexp remote.origin.url
Build (macos-latest)	UNKNOWN STEP	2026-09-29T12:19:10.3941750Z [command]/opt/homebrew/bin/git config --local http.https://github.com/.extraheader AUTHORIZATION: basic ***
Build (macos-latest)	UNKNOWN STEP	2026-09-29T12:19:10.4078930Z ##[endgroup]
Build (macos-latest)	UNKNOWN STEP	2026-09-29T12:19:10.4079560Z ##[group]Fetching the repository
Build (macos-latest)	UNKNOWN STEP	2026-09-29T12:19:10.4080540Z [command]/opt/homebrew/bin/git -c protocol.version=2 fetch --no-tags --prune --no-recurse-submodules --depth=1 origin +4a38a54fe0223b58f28c53ec54e47fbeab222837:refs/remotes/origin/main
Build (macos-latest)	UNKNOWN STEP	2026-09-29T12:19:11.2325420Z From https://github.com/saksi-framework/saksi
Build (macos-latest)	UNKNOWN STEP	2026-09-29T12:19:11.2326850Z  * [new ref]         4a38a54fe0223b58f28c53ec54e47fbeab222837 -> origin/main
Build (macos-latest)	UNKNOWN STEP	2026-09-29T12:19:11.2330820Z ##[endgroup]
Build (macos-latest)	UNKNOWN STEP	2026-09-29T12:19:11.2331360Z ##[group]Determining the checkout info
Build (macos-latest)	UNKNOWN STEP	2026-09-29T12:19:11.2333150Z ##[endgroup]
Build (macos-latest)	UNKNOWN STEP	2026-09-29T12:19:11.2341280Z [command]/opt/homebrew/bin/git sparse-checkout disable
Build (macos-latest)	UNKNOWN STEP	2026-09-29T12:19:11.2523880Z [command]/opt/homebrew/bin/git config --local --unset-all extensions.worktreeConfig
Build (macos-latest)	UNKNOWN STEP	2026-09-29T12:19:11.2646180Z ##[group]Checking out the ref
Build (macos-latest)	UNKNOWN STEP	2026-09-29T12:19:11.2646870Z [command]/opt/homebrew/bin/git checkout --progress --force -B main refs/remotes/origin/main
Build (macos-latest)	UNKNOWN STEP	2026-09-29T12:19:11.3761840Z Switched to a new branch 'main'
Build (macos-latest)	UNKNOWN STEP	2026-09-29T12:19:11.3781960Z branch 'main' set up to track 'origin/main'.
Build (macos-latest)	UNKNOWN STEP	2026-09-29T12:19:11.3805670Z ##[endgroup]
Build (macos-latest)	UNKNOWN STEP	2026-09-29T12:19:11.4033210Z [command]/opt/homebrew/bin/git log -1 --format=%H
Build (macos-latest)	UNKNOWN STEP	2026-09-29T12:19:11.4218680Z 4a38a54fe0223b58f28c53ec54e47fbeab222837
Build (macos-latest)	UNKNOWN STEP	2026-09-29T12:19:11.4910970Z ##[group]Run actions-rust-lang/setup-rust-toolchain@v1
Build (macos-latest)	UNKNOWN STEP	2026-09-29T12:19:11.4911340Z with:
Build (macos-latest)	UNKNOWN STEP	2026-09-29T12:19:11.4911560Z   cache: true
Build (macos-latest)	UNKNOWN STEP	2026-09-29T12:19:11.4911780Z   cache-on-failure: true
Build (macos-latest)	UNKNOWN STEP	2026-09-29T12:19:11.4912120Z   cache-bin: true
Build (macos-latest)	UNKNOWN STEP	2026-09-29T12:19:11.4912340Z   cache-provider: github
Build (macos-latest)	UNKNOWN STEP	2026-09-29T12:19:11.4912600Z   cache-all-crates: false
Build (macos-latest)	UNKNOWN STEP	2026-09-29T12:19:11.4912820Z   cache-workspace-crates: false
Build (macos-latest)	UNKNOWN STEP	2026-09-29T12:19:11.4913030Z   cache-save-if: true
Build (macos-latest)	UNKNOWN STEP	2026-09-29T12:19:11.4913300Z   cache-targets: true
Build (macos-latest)	UNKNOWN STEP	2026-09-29T12:19:11.4913510Z   matcher: true
Build (macos-latest)	UNKNOWN STEP	2026-09-29T12:19:11.4913770Z   rustflags: -D warnings
Build (macos-latest)	UNKNOWN STEP	2026-09-29T12:19:11.4914000Z   override: true
Build (macos-latest)	UNKNOWN STEP	2026-09-29T12:19:11.4914210Z env:
Build (macos-latest)	UNKNOWN STEP	2026-09-29T12:19:11.4914370Z   CARGO_TERM_COLOR: always
Build (macos-latest)	UNKNOWN STEP	2026-09-29T12:19:11.4914910Z   GO_MODULES: packages/saksi-protocol/go
Build (macos-latest)	UNKNOWN STEP	packages/saksi-bulletin/chaincode
Build (macos-latest)	UNKNOWN STEP	packages/saksi-bulletin/client-sdk
Build (macos-latest)	UNKNOWN STEP	packages/saksi-campaign
Build (macos-latest)	UNKNOWN STEP	
Build (macos-latest)	UNKNOWN STEP	2026-09-29T12:19:11.4915400Z   GOFLAGS: -mod=mod
Build (macos-latest)	UNKNOWN STEP	2026-09-29T12:19:11.4915620Z ##[endgroup]
Build (macos-latest)	UNKNOWN STEP	2026-09-29T12:19:11.4974320Z ##[start-action display=Unbork mac;id=__actions-rust-lang_setup-rust-toolchain.__run]
Build (macos-latest)	UNKNOWN STEP	2026-09-29T12:19:11.5109130Z ##[group]Run brew install bash
Build (macos-latest)	UNKNOWN STEP	2026-09-29T12:19:11.5109830Z ^[[36;1mbrew install bash^[[0m
Build (macos-latest)	UNKNOWN STEP	2026-09-29T12:19:11.5163650Z shell: /bin/bash --noprofile --norc -e -o pipefail {0}
Build (macos-latest)	UNKNOWN STEP	2026-09-29T12:19:11.5164000Z env:
Build (macos-latest)	UNKNOWN STEP	2026-09-29T12:19:11.5164200Z   CARGO_TERM_COLOR: always
Build (macos-latest)	UNKNOWN STEP	2026-09-29T12:19:11.5164820Z   GO_MODULES: packages/saksi-protocol/go
Build (macos-latest)	UNKNOWN STEP	packages/saksi-bulletin/chaincode
Build (macos-latest)	UNKNOWN STEP	packages/saksi-bulletin/client-sdk
Build (macos-latest)	UNKNOWN STEP	packages/saksi-campaign
Build (macos-latest)	UNKNOWN STEP	
Build (macos-latest)	UNKNOWN STEP	2026-09-29T12:19:11.5165410Z   GOFLAGS: -mod=mod
Build (macos-latest)	UNKNOWN STEP	2026-09-29T12:19:11.5165570Z ##[endgroup]
Build (macos-latest)	UNKNOWN STEP	2026-09-29T12:19:15.7726210Z ^[[32m==>^[[0m ^[[1mDownloading bottle manifests^[[0m
Build (macos-latest)	UNKNOWN STEP	2026-09-29T12:19:15.7971840Z ✔︎ Bottle Manifest bash (5.3.15)
Build (macos-latest)	UNKNOWN STEP	2026-09-29T12:19:15.8057750Z ^[[34m==>^[[0m ^[[1mWould install 1 formula:^[[0m
Build (macos-latest)	UNKNOWN STEP	2026-09-29T12:19:15.8077660Z bash
Build (macos-latest)	UNKNOWN STEP	2026-09-29T12:19:15.9753830Z ^[[34m==>^[[0m ^[[1mWould install 1 dependency for bash:^[[0m
Build (macos-latest)	UNKNOWN STEP	2026-09-29T12:19:15.9877010Z ^[[32m==>^[[0m ^[[1mFetching downloads for: ^[[32mbash^[[39m^[[0m
Build (macos-latest)	UNKNOWN STEP	2026-09-29T12:19:15.9878010Z ncurses
Build (macos-latest)	UNKNOWN STEP	2026-09-29T12:19:16.3243670Z ✔︎ Bottle Manifest ncurses (6.6)
Build (macos-latest)	UNKNOWN STEP	2026-09-29T12:19:16.6256890Z ✔︎ Bottle bash (5.3.15)
Build (macos-latest)	UNKNOWN STEP	2026-09-29T12:19:17.1729590Z ✔︎ Bottle ncurses (6.6)
Build (macos-latest)	UNKNOWN STEP	2026-09-29T12:19:17.1878810Z ^[[32m==>^[[0m ^[[1mInstalling bash dependency: ^[[32mncurses^[[39m^[[0m
Build (macos-latest)	UNKNOWN STEP	2026-09-29T12:19:17.1935220Z ^[[34m==>^[[0m ^[[1mPouring ncurses--6.6.arm64_tahoe.bottle.tar.gz^[[0m
Build (macos-latest)	UNKNOWN STEP	2026-09-29T12:19:17.8739520Z 🍺  /opt/homebrew/Cellar/ncurses/6.6: 4,086 files, 10.3MB
Build (macos-latest)	UNKNOWN STEP	2026-09-29T12:19:17.8743130Z ^[[32m==>^[[0m ^[[1mInstalling ^[[32mbash^[[39m^[[0m
Build (macos-latest)	UNKNOWN STEP	2026-09-29T12:19:17.8745990Z ^[[34m==>^[[0m ^[[1mPouring bash--5.3.15.arm64_tahoe.bottle.tar.gz^[[0m
Build (macos-latest)	UNKNOWN STEP	2026-09-29T12:19:18.1002760Z 🍺  /opt/homebrew/Cellar/bash/5.3.15: 172 files, 13MB
Build (macos-latest)	UNKNOWN STEP	2026-09-29T12:19:18.1013320Z ^[[32m==>^[[0m ^[[1mCaveats^[[0m
Build (macos-latest)	UNKNOWN STEP	2026-09-29T12:19:18.1014410Z ^[[34m==>^[[0m ^[[1mbash^[[0m
Build (macos-latest)	UNKNOWN STEP	2026-09-29T12:19:18.1015400Z DEFAULT_LOADABLE_BUILTINS_PATH: /opt/homebrew/lib/bash:/usr/local/lib/bash:/usr/lib/bash:/opt/local/lib/bash:/usr/pkg/lib/bash:/opt/pkg/lib/bash:.
Build (macos-latest)	UNKNOWN STEP	2026-09-29T12:19:18.1177710Z ##[end-action id=__actions-rust-lang_setup-rust-toolchain.__run;outcome=success;conclusion=success;duration_ms=6616]
Build (macos-latest)	UNKNOWN STEP	2026-09-29T12:19:18.1247030Z ##[start-action display=Run : construct rustup command line;id=__actions-rust-lang_setup-rust-toolchain.flags]
Build (macos-latest)	UNKNOWN STEP	2026-09-29T12:19:18.1284040Z ##[group]Run : construct rustup command line
Build (macos-latest)	UNKNOWN STEP	2026-09-29T12:19:18.1291550Z ^[[36;1m: construct rustup command line^[[0m
Build (macos-latest)	UNKNOWN STEP	2026-09-29T12:19:18.1292000Z ^[[36;1mecho "targets=$(for t in ${_srt_targets//,/ }; do echo -n ' --target' $t; done)" >> $GITHUB_OUTPUT^[[0m
Build (macos-latest)	UNKNOWN STEP	2026-09-29T12:19:18.1292750Z ^[[36;1mecho "components=$(for c in ${_srt_components//,/ }; do echo -n ' --component' $c; done)" >> $GITHUB_OUTPUT^[[0m
Build (macos-latest)	UNKNOWN STEP	2026-09-29T12:19:18.1293290Z ^[[36;1mecho "downgrade=" >> $GITHUB_OUTPUT^[[0m
Build (macos-latest)	UNKNOWN STEP	2026-09-29T12:19:18.1307390Z shell: /opt/homebrew/bin/bash --noprofile --norc -e -o pipefail {0}
Build (macos-latest)	UNKNOWN STEP	2026-09-29T12:19:18.1307730Z env:
Build (macos-latest)	UNKNOWN STEP	2026-09-29T12:19:18.1308800Z   CARGO_TERM_COLOR: always
Build (macos-latest)	UNKNOWN STEP	2026-09-29T12:19:18.1309530Z   GO_MODULES: packages/saksi-protocol/go
Build (macos-latest)	UNKNOWN STEP	packages/saksi-bulletin/chaincode
Build (macos-latest)	UNKNOWN STEP	packages/saksi-bulletin/client-sdk
Build (macos-latest)	UNKNOWN STEP	packages/saksi-campaign
Build (macos-latest)	UNKNOWN STEP	
Build (macos-latest)	UNKNOWN STEP	2026-09-29T12:19:18.1310060Z   GOFLAGS: -mod=mod
Build (macos-latest)	UNKNOWN STEP	2026-09-29T12:19:18.1310350Z   _srt_targets: 
Build (macos-latest)	UNKNOWN STEP	2026-09-29T12:19:18.1310550Z   _srt_components: 
Build (macos-latest)	UNKNOWN STEP	2026-09-29T12:19:18.1310830Z ##[endgroup]
Build (macos-latest)	UNKNOWN STEP	2026-09-29T12:19:18.2123230Z ##[end-action id=__actions-rust-lang_setup-rust-toolchain.flags;outcome=success;conclusion=success;duration_ms=87]
Build (macos-latest)	UNKNOWN STEP	2026-09-29T12:19:18.2129180Z ##[start-action display=Setting Environment Variables;id=__actions-rust-lang_setup-rust-toolchain.__run_2]
Build (macos-latest)	UNKNOWN STEP	2026-09-29T12:19:18.2168770Z ##[group]Run if [[ ! -v CARGO_INCREMENTAL ]]; then
Build (macos-latest)	UNKNOWN STEP	2026-09-29T12:19:18.2169770Z ^[[36;1mif [[ ! -v CARGO_INCREMENTAL ]]; then^[[0m
Build (macos-latest)	UNKNOWN STEP	2026-09-29T12:19:18.2170570Z ^[[36;1m  echo "CARGO_INCREMENTAL=0" >> $GITHUB_ENV^[[0m
Build (macos-latest)	UNKNOWN STEP	2026-09-29T12:19:18.2171480Z ^[[36;1mfi^[[0m
Build (macos-latest)	UNKNOWN STEP	2026-09-29T12:19:18.2172250Z ^[[36;1mif [[ ! -v CARGO_PROFILE_DEV_DEBUG ]]; then^[[0m
Build (macos-latest)	UNKNOWN STEP	2026-09-29T12:19:18.2173110Z ^[[36;1m  echo "CARGO_PROFILE_DEV_DEBUG=0" >> $GITHUB_ENV^[[0m
Build (macos-latest)	UNKNOWN STEP	2026-09-29T12:19:18.2174020Z ^[[36;1mfi^[[0m
Build (macos-latest)	UNKNOWN STEP	2026-09-29T12:19:18.2174570Z ^[[36;1mif [[ ! -v CARGO_TERM_COLOR ]]; then^[[0m
Build (macos-latest)	UNKNOWN STEP	2026-09-29T12:19:18.2175470Z ^[[36;1m  echo "CARGO_TERM_COLOR=always" >> $GITHUB_ENV^[[0m
Build (macos-latest)	UNKNOWN STEP	2026-09-29T12:19:18.2176210Z ^[[36;1mfi^[[0m
Build (macos-latest)	UNKNOWN STEP	2026-09-29T12:19:18.2176900Z ^[[36;1mif [[ ! -v RUST_BACKTRACE ]]; then^[[0m
Build (macos-latest)	UNKNOWN STEP	2026-09-29T12:19:18.2177830Z ^[[36;1m  echo "RUST_BACKTRACE=short" >> $GITHUB_ENV^[[0m
Build (macos-latest)	UNKNOWN STEP	2026-09-29T12:19:18.2178690Z ^[[36;1mfi^[[0m
Build (macos-latest)	UNKNOWN STEP	2026-09-29T12:19:18.2179520Z ^[[36;1mif [[ ( ! -v RUSTFLAGS ) && $_srt_NEW_RUSTFLAGS != "" ]]; then^[[0m
Build (macos-latest)	UNKNOWN STEP	2026-09-29T12:19:18.2180740Z ^[[36;1m  echo "RUSTFLAGS=$_srt_NEW_RUSTFLAGS" >> $GITHUB_ENV^[[0m
Build (macos-latest)	UNKNOWN STEP	2026-09-29T12:19:18.2181760Z ^[[36;1mfi^[[0m
Build (macos-latest)	UNKNOWN STEP	2026-09-29T12:19:18.2182330Z ^[[36;1m# Enable faster sparse index on nightly^[[0m
Build (macos-latest)	UNKNOWN STEP	2026-09-29T12:19:18.2183320Z ^[[36;1m# The value is ignored on stable and causes no problems^[[0m
Build (macos-latest)	UNKNOWN STEP	2026-09-29T12:19:18.2184580Z ^[[36;1m# https://internals.rust-lang.org/t/call-for-testing-cargo-sparse-registry/16862^[[0m
Build (macos-latest)	UNKNOWN STEP	2026-09-29T12:19:18.2185860Z ^[[36;1mif [[ ! -v CARGO_UNSTABLE_SPARSE_REGISTRY ]]; then^[[0m
Build (macos-latest)	UNKNOWN STEP	2026-09-29T12:19:18.2186940Z ^[[36;1m  echo "CARGO_UNSTABLE_SPARSE_REGISTRY=true" >> $GITHUB_ENV^[[0m
Build (macos-latest)	UNKNOWN STEP	2026-09-29T12:19:18.2187750Z ^[[36;1mfi^[[0m
Build (macos-latest)	UNKNOWN STEP	2026-09-29T12:19:18.2188520Z ^[[36;1mif [[ ! -v CARGO_REGISTRIES_CRATES_IO_PROTOCOL ]]; then^[[0m
Build (macos-latest)	UNKNOWN STEP	2026-09-29T12:19:18.2189590Z ^[[36;1m  echo "CARGO_REGISTRIES_CRATES_IO_PROTOCOL=sparse" >> $GITHUB_ENV^[[0m
Build (macos-latest)	UNKNOWN STEP	2026-09-29T12:19:18.2190600Z ^[[36;1mfi^[[0m
Build (macos-latest)	UNKNOWN STEP	2026-09-29T12:19:18.2221450Z shell: /opt/homebrew/bin/bash --noprofile --norc -e -o pipefail {0}
Build (macos-latest)	UNKNOWN STEP	2026-09-29T12:19:18.2222500Z env:
Build (macos-latest)	UNKNOWN STEP	2026-09-29T12:19:18.2223110Z   CARGO_TERM_COLOR: always
Build (macos-latest)	UNKNOWN STEP	2026-09-29T12:19:18.2224490Z   GO_MODULES: packages/saksi-protocol/go
Build (macos-latest)	UNKNOWN STEP	packages/saksi-bulletin/chaincode
Build (macos-latest)	UNKNOWN STEP	packages/saksi-bulletin/client-sdk
Build (macos-latest)	UNKNOWN STEP	packages/saksi-campaign
Build (macos-latest)	UNKNOWN STEP	
Build (macos-latest)	UNKNOWN STEP	2026-09-29T12:19:18.2225800Z   GOFLAGS: -mod=mod
Build (macos-latest)	UNKNOWN STEP	2026-09-29T12:19:18.2226400Z   _srt_NEW_RUSTFLAGS: -D warnings
Build (macos-latest)	UNKNOWN STEP	2026-09-29T12:19:18.2226970Z ##[endgroup]
Build (macos-latest)	UNKNOWN STEP	2026-09-29T12:19:18.2850630Z ##[end-action id=__actions-rust-lang_setup-rust-toolchain.__run_2;outcome=success;conclusion=success;duration_ms=71]
Build (macos-latest)	UNKNOWN STEP	2026-09-29T12:19:18.2853230Z ##[start-action display=Install Rust Problem Matcher;id=__actions-rust-lang_setup-rust-toolchain.__run_3]
Build (macos-latest)	UNKNOWN STEP	2026-09-29T12:19:18.2877310Z ##[group]Run echo "::add-matcher::/Users/runner/work/_actions/actions-rust-lang/setup-rust-toolchain/v1/rust.json"
Build (macos-latest)	UNKNOWN STEP	2026-09-29T12:19:18.2878350Z ^[[36;1mecho "::add-matcher::/Users/runner/work/_actions/actions-rust-lang/setup-rust-toolchain/v1/rust.json"^[[0m
Build (macos-latest)	UNKNOWN STEP	2026-09-29T12:19:18.2890150Z shell: /opt/homebrew/bin/bash --noprofile --norc -e -o pipefail {0}
Build (macos-latest)	UNKNOWN STEP	2026-09-29T12:19:18.2890530Z env:
Build (macos-latest)	UNKNOWN STEP	2026-09-29T12:19:18.2890690Z   CARGO_TERM_COLOR: always
Build (macos-latest)	UNKNOWN STEP	2026-09-29T12:19:18.2891180Z   GO_MODULES: packages/saksi-protocol/go
Build (macos-latest)	UNKNOWN STEP	packages/saksi-bulletin/chaincode
Build (macos-latest)	UNKNOWN STEP	packages/saksi-bulletin/client-sdk
Build (macos-latest)	UNKNOWN STEP	packages/saksi-campaign
Build (macos-latest)	UNKNOWN STEP	
Build (macos-latest)	UNKNOWN STEP	2026-09-29T12:19:18.2891680Z   GOFLAGS: -mod=mod
Build (macos-latest)	UNKNOWN STEP	2026-09-29T12:19:18.2892110Z   CARGO_INCREMENTAL: 0
Build (macos-latest)	UNKNOWN STEP	2026-09-29T12:19:18.2892310Z   CARGO_PROFILE_DEV_DEBUG: 0
Build (macos-latest)	UNKNOWN STEP	2026-09-29T12:19:18.2892520Z   RUST_BACKTRACE: short
Build (macos-latest)	UNKNOWN STEP	2026-09-29T12:19:18.2892790Z   RUSTFLAGS: -D warnings
Build (macos-latest)	UNKNOWN STEP	2026-09-29T12:19:18.2893100Z   CARGO_UNSTABLE_SPARSE_REGISTRY: true
Build (macos-latest)	UNKNOWN STEP	2026-09-29T12:19:18.2893340Z   CARGO_REGISTRIES_CRATES_IO_PROTOCOL: sparse
Build (macos-latest)	UNKNOWN STEP	2026-09-29T12:19:18.2893580Z ##[endgroup]
Build (macos-latest)	UNKNOWN STEP	2026-09-29T12:19:18.3378490Z ##[end-action id=__actions-rust-lang_setup-rust-toolchain.__run_3;outcome=success;conclusion=success;duration_ms=52]
Build (macos-latest)	UNKNOWN STEP	2026-09-29T12:19:18.3382170Z ##[start-action display=Install rustup, if needed;id=__actions-rust-lang_setup-rust-toolchain.__run_4]
Build (macos-latest)	UNKNOWN STEP	2026-09-29T12:19:18.3401290Z ##[group]Run if ! command -v rustup &> /dev/null ; then
Build (macos-latest)	UNKNOWN STEP	2026-09-29T12:19:18.3401660Z ^[[36;1mif ! command -v rustup &> /dev/null ; then^[[0m
Build (macos-latest)	UNKNOWN STEP	2026-09-29T12:19:18.3402220Z ^[[36;1m  curl --proto '=https' --tlsv1.2 --retry 10 --retry-connrefused -fsSL "https://sh.rustup.rs" | sh -s -- --default-toolchain none -y^[[0m
Build (macos-latest)	UNKNOWN STEP	2026-09-29T12:19:18.3402800Z ^[[36;1m^[[0m
Build (macos-latest)	UNKNOWN STEP	2026-09-29T12:19:18.3403040Z ^[[36;1m  # Resolve the correct CARGO_HOME path depending on OS^[[0m
Build (macos-latest)	UNKNOWN STEP	2026-09-29T12:19:18.3403380Z ^[[36;1m  if [[ "$RUNNER_OS" == "Windows" ]]; then^[[0m
Build (macos-latest)	UNKNOWN STEP	2026-09-29T12:19:18.3403790Z ^[[36;1m    echo "${CARGO_HOME:-$USERPROFILE/.cargo}/bin" | sed 's|/|\\|g' >> $GITHUB_PATH^[[0m
Build (macos-latest)	UNKNOWN STEP	2026-09-29T12:19:18.3404170Z ^[[36;1m  else^[[0m
Build (macos-latest)	UNKNOWN STEP	2026-09-29T12:19:18.3404390Z ^[[36;1m    echo "${CARGO_HOME:-$HOME/.cargo}/bin" >> $GITHUB_PATH^[[0m
Build (macos-latest)	UNKNOWN STEP	2026-09-29T12:19:18.3404680Z ^[[36;1m  fi^[[0m
Build (macos-latest)	UNKNOWN STEP	2026-09-29T12:19:18.3404860Z ^[[36;1mfi^[[0m
Build (macos-latest)	UNKNOWN STEP	2026-09-29T12:19:18.3426960Z shell: /opt/homebrew/bin/bash --noprofile --norc -e -o pipefail {0}
Build (macos-latest)	UNKNOWN STEP	2026-09-29T12:19:18.3427290Z env:
Build (macos-latest)	UNKNOWN STEP	2026-09-29T12:19:18.3427450Z   CARGO_TERM_COLOR: always
Build (macos-latest)	UNKNOWN STEP	2026-09-29T12:19:18.3427930Z   GO_MODULES: packages/saksi-protocol/go
Build (macos-latest)	UNKNOWN STEP	packages/saksi-bulletin/chaincode
Build (macos-latest)	UNKNOWN STEP	packages/saksi-bulletin/client-sdk
Build (macos-latest)	UNKNOWN STEP	packages/saksi-campaign
Build (macos-latest)	UNKNOWN STEP	
Build (macos-latest)	UNKNOWN STEP	2026-09-29T12:19:18.3428410Z   GOFLAGS: -mod=mod
Build (macos-latest)	UNKNOWN STEP	2026-09-29T12:19:18.3428590Z   CARGO_INCREMENTAL: 0
Build (macos-latest)	UNKNOWN STEP	2026-09-29T12:19:18.3428810Z   CARGO_PROFILE_DEV_DEBUG: 0
Build (macos-latest)	UNKNOWN STEP	2026-09-29T12:19:18.3429040Z   RUST_BACKTRACE: short
Build (macos-latest)	UNKNOWN STEP	2026-09-29T12:19:18.3429220Z   RUSTFLAGS: -D warnings
Build (macos-latest)	UNKNOWN STEP	2026-09-29T12:19:18.3429420Z   CARGO_UNSTABLE_SPARSE_REGISTRY: true
Build (macos-latest)	UNKNOWN STEP	2026-09-29T12:19:18.3429670Z   CARGO_REGISTRIES_CRATES_IO_PROTOCOL: sparse
Build (macos-latest)	UNKNOWN STEP	2026-09-29T12:19:18.3429900Z   RUNNER_OS: macOS
Build (macos-latest)	UNKNOWN STEP	2026-09-29T12:19:18.3430080Z ##[endgroup]
Build (macos-latest)	UNKNOWN STEP	2026-09-29T12:19:18.3802440Z ##[end-action id=__actions-rust-lang_setup-rust-toolchain.__run_4;outcome=success;conclusion=success;duration_ms=41]
Build (macos-latest)	UNKNOWN STEP	2026-09-29T12:19:18.3806520Z ##[start-action display=rustup toolchain install stable;id=__actions-rust-lang_setup-rust-toolchain.__run_5]
Build (macos-latest)	UNKNOWN STEP	2026-09-29T12:19:18.3826270Z ##[group]Run # Check if value is set
Build (macos-latest)	UNKNOWN STEP	2026-09-29T12:19:18.3826620Z ^[[36;1m# Check if value is set^[[0m
Build (macos-latest)	UNKNOWN STEP	2026-09-29T12:19:18.3826880Z ^[[36;1mif [[ -n "$_srt_rust_src_dir" ]]^[[0m
Build (macos-latest)	UNKNOWN STEP	2026-09-29T12:19:18.3827170Z ^[[36;1mthen^[[0m
Build (macos-latest)	UNKNOWN STEP	2026-09-29T12:19:18.3827430Z ^[[36;1m  # If value is set the directory must exist^[[0m
Build (macos-latest)	UNKNOWN STEP	2026-09-29T12:19:18.3827740Z ^[[36;1m  if [[ -d "$_srt_rust_src_dir" ]]^[[0m
Build (macos-latest)	UNKNOWN STEP	2026-09-29T12:19:18.3827980Z ^[[36;1m  then^[[0m
Build (macos-latest)	UNKNOWN STEP	2026-09-29T12:19:18.3828160Z ^[[36;1m    cd "$_srt_rust_src_dir"^[[0m
Build (macos-latest)	UNKNOWN STEP	2026-09-29T12:19:18.3828420Z ^[[36;1m  else^[[0m
Build (macos-latest)	UNKNOWN STEP	2026-09-29T12:19:18.3828750Z ^[[36;1m    echo "'rust-src-dir' does not point to an existing directory" >&2^[[0m
Build (macos-latest)	UNKNOWN STEP	2026-09-29T12:19:18.3829140Z ^[[36;1m    echo "The value of 'rust-src-dir' is: ${_srt_rust_src_dir}" >&2^[[0m
Build (macos-latest)	UNKNOWN STEP	2026-09-29T12:19:18.3829730Z ^[[36;1m    exit 1^[[0m
Build (macos-latest)	UNKNOWN STEP	2026-09-29T12:19:18.3829940Z ^[[36;1m  fi^[[0m
Build (macos-latest)	UNKNOWN STEP	2026-09-29T12:19:18.3830230Z ^[[36;1mfi^[[0m
Build (macos-latest)	UNKNOWN STEP	2026-09-29T12:19:18.3830500Z ^[[36;1mif [[ -z "$_srt_toolchain" && ( -f "rust-toolchain" || -f "rust-toolchain.toml") ]]^[[0m
Build (macos-latest)	UNKNOWN STEP	2026-09-29T12:19:18.3830920Z ^[[36;1mthen^[[0m
Build (macos-latest)	UNKNOWN STEP	2026-09-29T12:19:18.3831240Z ^[[36;1m  # Install the toolchain as specified in the file^[[0m
Build (macos-latest)	UNKNOWN STEP	2026-09-29T12:19:18.3845740Z ^[[36;1m  # rustup show is the old way that implicitly installed a toolchain^[[0m
Build (macos-latest)	UNKNOWN STEP	2026-09-29T12:19:18.3846160Z ^[[36;1m  # rustup toolchain install is the new explicit way^[[0m
Build (macos-latest)	UNKNOWN STEP	2026-09-29T12:19:18.3846970Z ^[[36;1m  # https://github.com/rust-lang/rustup/issues/3635#issuecomment-2343511297^[[0m
Build (macos-latest)	UNKNOWN STEP	2026-09-29T12:19:18.3847400Z ^[[36;1m  rustup show active-toolchain || rustup toolchain install^[[0m
Build (macos-latest)	UNKNOWN STEP	2026-09-29T12:19:18.3847710Z ^[[36;1m  if [[ -n $_srt_components ]]; then^[[0m
Build (macos-latest)	UNKNOWN STEP	2026-09-29T12:19:18.3847990Z ^[[36;1m    rustup component add ${_srt_components//,/ }^[[0m
Build (macos-latest)	UNKNOWN STEP	2026-09-29T12:19:18.3848230Z ^[[36;1m  fi^[[0m
Build (macos-latest)	UNKNOWN STEP	2026-09-29T12:19:18.3848400Z ^[[36;1m  if [[ -n $_srt_targets ]]; then^[[0m
Build (macos-latest)	UNKNOWN STEP	2026-09-29T12:19:18.3848630Z ^[[36;1m    rustup target add ${_srt_targets//,/ }^[[0m
Build (macos-latest)	UNKNOWN STEP	2026-09-29T12:19:18.3848870Z ^[[36;1m  fi^[[0m
Build (macos-latest)	UNKNOWN STEP	2026-09-29T12:19:18.3849020Z ^[[36;1melse^[[0m
Build (macos-latest)	UNKNOWN STEP	2026-09-29T12:19:18.3849200Z ^[[36;1m  if [[ -z "$_srt_toolchain" ]]^[[0m
Build (macos-latest)	UNKNOWN STEP	2026-09-29T12:19:18.3849430Z ^[[36;1m  then^[[0m
Build (macos-latest)	UNKNOWN STEP	2026-09-29T12:19:18.3849610Z ^[[36;1m    _srt_toolchain=stable^[[0m
Build (macos-latest)	UNKNOWN STEP	2026-09-29T12:19:18.3849810Z ^[[36;1m  fi^[[0m
Build (macos-latest)	UNKNOWN STEP	2026-09-29T12:19:18.3850110Z ^[[36;1m  rustup toolchain install ${_srt_toolchain//,/ }  --profile minimal --no-self-update^[[0m
Build (macos-latest)	UNKNOWN STEP	2026-09-29T12:19:18.3850480Z ^[[36;1m  # Take the last element from the list^[[0m
Build (macos-latest)	UNKNOWN STEP	2026-09-29T12:19:18.3850760Z ^[[36;1m  if [[ "$_srt_override" == "true" ]]^[[0m
Build (macos-latest)	UNKNOWN STEP	2026-09-29T12:19:18.3850970Z ^[[36;1m  then^[[0m
Build (macos-latest)	UNKNOWN STEP	2026-09-29T12:19:18.3851170Z ^[[36;1m    rustup override set ${_srt_toolchain//*,/ }^[[0m
Build (macos-latest)	UNKNOWN STEP	2026-09-29T12:19:18.3851400Z ^[[36;1m  fi^[[0m
Build (macos-latest)	UNKNOWN STEP	2026-09-29T12:19:18.3851560Z ^[[36;1mfi^[[0m
Build (macos-latest)	UNKNOWN STEP	2026-09-29T12:19:18.3871850Z shell: /opt/homebrew/bin/bash --noprofile --norc -e -o pipefail {0}
Build (macos-latest)	UNKNOWN STEP	2026-09-29T12:19:18.3872220Z env:
Build (macos-latest)	UNKNOWN STEP	2026-09-29T12:19:18.3872430Z   CARGO_TERM_COLOR: always
Build (macos-latest)	UNKNOWN STEP	2026-09-29T12:19:18.3872960Z   GO_MODULES: packages/saksi-protocol/go
Build (macos-latest)	UNKNOWN STEP	packages/saksi-bulletin/chaincode
Build (macos-latest)	UNKNOWN STEP	packages/saksi-bulletin/client-sdk
Build (macos-latest)	UNKNOWN STEP	packages/saksi-campaign
Build (macos-latest)	UNKNOWN STEP	
Build (macos-latest)	UNKNOWN STEP	2026-09-29T12:19:18.3873560Z   GOFLAGS: -mod=mod
Build (macos-latest)	UNKNOWN STEP	2026-09-29T12:19:18.3873710Z   CARGO_INCREMENTAL: 0
Build (macos-latest)	UNKNOWN STEP	2026-09-29T12:19:18.3873900Z   CARGO_PROFILE_DEV_DEBUG: 0
Build (macos-latest)	UNKNOWN STEP	2026-09-29T12:19:18.3874110Z   RUST_BACKTRACE: short
Build (macos-latest)	UNKNOWN STEP	2026-09-29T12:19:18.3874280Z   RUSTFLAGS: -D warnings
Build (macos-latest)	UNKNOWN STEP	2026-09-29T12:19:18.3874510Z   CARGO_UNSTABLE_SPARSE_REGISTRY: true
Build (macos-latest)	UNKNOWN STEP	2026-09-29T12:19:18.3874760Z   CARGO_REGISTRIES_CRATES_IO_PROTOCOL: sparse
Build (macos-latest)	UNKNOWN STEP	2026-09-29T12:19:18.3875020Z   _srt_toolchain: 
Build (macos-latest)	UNKNOWN STEP	2026-09-29T12:19:18.3875190Z   _srt_targets: 
Build (macos-latest)	UNKNOWN STEP	2026-09-29T12:19:18.3875350Z   _srt_components: 
Build (macos-latest)	UNKNOWN STEP	2026-09-29T12:19:18.3875500Z   _srt_override: true
Build (macos-latest)	UNKNOWN STEP	2026-09-29T12:19:18.3875670Z   _srt_rust_src_dir: 
Build (macos-latest)	UNKNOWN STEP	2026-09-29T12:19:18.3939860Z ##[endgroup]
Build (macos-latest)	UNKNOWN STEP	2026-09-29T12:19:18.5283130Z stable-aarch64-apple-darwin (overridden by '/Users/runner/work/saksi/saksi/rust-toolchain.toml')
Build (macos-latest)	UNKNOWN STEP	2026-09-29T12:19:18.5305850Z ##[end-action id=__actions-rust-lang_setup-rust-toolchain.__run_5;outcome=success;conclusion=success;duration_ms=149]
Build (macos-latest)	UNKNOWN STEP	2026-09-29T12:19:18.5308340Z ##[start-action display=Print installed versions;id=__actions-rust-lang_setup-rust-toolchain.versions]
Build (macos-latest)	UNKNOWN STEP	2026-09-29T12:19:18.5330110Z ##[group]Run echo "rustc-version=$(rustc --version)" >> $GITHUB_OUTPUT
Build (macos-latest)	UNKNOWN STEP	2026-09-29T12:19:18.5330520Z ^[[36;1mecho "rustc-version=$(rustc --version)" >> $GITHUB_OUTPUT^[[0m
Build (macos-latest)	UNKNOWN STEP	2026-09-29T12:19:18.5330850Z ^[[36;1mrustc --version --verbose^[[0m
Build (macos-latest)	UNKNOWN STEP	2026-09-29T12:19:18.5331130Z ^[[36;1mecho "cargo-version=$(cargo --version)" >> $GITHUB_OUTPUT^[[0m
Build (macos-latest)	UNKNOWN STEP	2026-09-29T12:19:18.5331410Z ^[[36;1mcargo --version --verbose^[[0m
Build (macos-latest)	UNKNOWN STEP	2026-09-29T12:19:18.5331680Z ^[[36;1mecho "rustup-version=$(rustup --version)" >> $GITHUB_OUTPUT^[[0m
Build (macos-latest)	UNKNOWN STEP	2026-09-29T12:19:18.5331980Z ^[[36;1mrustup --version^[[0m
Build (macos-latest)	UNKNOWN STEP	2026-09-29T12:19:18.5332160Z ^[[36;1m^[[0m
Build (macos-latest)	UNKNOWN STEP	2026-09-29T12:19:18.5332800Z ^[[36;1m_srt_DATE=$(rustc --version --verbose | sed -ne 's/^commit-date: \(20[0-9][0-9]\)-\([01][0-9]\)-\([0-3][0-9]\)$/\1\2\3/p')^[[0m
Build (macos-latest)	UNKNOWN STEP	2026-09-29T12:19:18.5333310Z ^[[36;1m_srt_HASH=$(rustc --version --verbose | sed -ne 's/^commit-hash: //p')^[[0m
Build (macos-latest)	UNKNOWN STEP	2026-09-29T12:19:18.5333740Z ^[[36;1mecho "cachekey=$(echo $_srt_DATE$_srt_HASH | head -c12)" >> $GITHUB_OUTPUT^[[0m
Build (macos-latest)	UNKNOWN STEP	2026-09-29T12:19:18.5344940Z shell: /opt/homebrew/bin/bash --noprofile --norc -e -o pipefail {0}
Build (macos-latest)	UNKNOWN STEP	2026-09-29T12:19:18.5345280Z env:
Build (macos-latest)	UNKNOWN STEP	2026-09-29T12:19:18.5345470Z   CARGO_TERM_COLOR: always
Build (macos-latest)	UNKNOWN STEP	2026-09-29T12:19:18.5346190Z   GO_MODULES: packages/saksi-protocol/go
Build (macos-latest)	UNKNOWN STEP	packages/saksi-bulletin/chaincode
Build (macos-latest)	UNKNOWN STEP	packages/saksi-bulletin/client-sdk
Build (macos-latest)	UNKNOWN STEP	packages/saksi-campaign
Build (macos-latest)	UNKNOWN STEP	
Build (macos-latest)	UNKNOWN STEP	2026-09-29T12:19:18.5346690Z   GOFLAGS: -mod=mod
Build (macos-latest)	UNKNOWN STEP	2026-09-29T12:19:18.5346860Z   CARGO_INCREMENTAL: 0
Build (macos-latest)	UNKNOWN STEP	2026-09-29T12:19:18.5347060Z   CARGO_PROFILE_DEV_DEBUG: 0
Build (macos-latest)	UNKNOWN STEP	2026-09-29T12:19:18.5347250Z   RUST_BACKTRACE: short
Build (macos-latest)	UNKNOWN STEP	2026-09-29T12:19:18.5347430Z   RUSTFLAGS: -D warnings
Build (macos-latest)	UNKNOWN STEP	2026-09-29T12:19:18.5347630Z   CARGO_UNSTABLE_SPARSE_REGISTRY: true
Build (macos-latest)	UNKNOWN STEP	2026-09-29T12:19:18.5347870Z   CARGO_REGISTRIES_CRATES_IO_PROTOCOL: sparse
Build (macos-latest)	UNKNOWN STEP	2026-09-29T12:19:18.5348080Z ##[endgroup]
Build (macos-latest)	UNKNOWN STEP	2026-09-29T12:19:18.9166200Z rustc 1.98.1 (48a229cea 2026-09-01)
Build (macos-latest)	UNKNOWN STEP	2026-09-29T12:19:18.9166800Z binary: rustc
Build (macos-latest)	UNKNOWN STEP	2026-09-29T12:19:18.9167130Z commit-hash: 48a229ceaefd4985c50990b14116b6d856af0985
Build (macos-latest)	UNKNOWN STEP	2026-09-29T12:19:18.9167490Z commit-date: 2026-09-01
Build (macos-latest)	UNKNOWN STEP	2026-09-29T12:19:18.9168850Z host: aarch64-apple-darwin
Build (macos-latest)	UNKNOWN STEP	2026-09-29T12:19:18.9169210Z release: 1.98.1
Build (macos-latest)	UNKNOWN STEP	2026-09-29T12:19:18.9343080Z LLVM version: 22.1.8
Build (macos-latest)	UNKNOWN STEP	2026-09-29T12:19:19.0548130Z cargo 1.98.1 (797e8a9bc 2026-08-05)
Build (macos-latest)	UNKNOWN STEP	2026-09-29T12:19:19.0549730Z release: 1.98.1
Build (macos-latest)	UNKNOWN STEP	2026-09-29T12:19:19.0553470Z commit-hash: 797e8a9bca276c1c9f9f738d2a20f484fa4eea9d
Build (macos-latest)	UNKNOWN STEP	2026-09-29T12:19:19.0558830Z commit-date: 2026-08-05
Build (macos-latest)	UNKNOWN STEP	2026-09-29T12:19:19.0599970Z host: aarch64-apple-darwin
Build (macos-latest)	UNKNOWN STEP	2026-09-29T12:19:19.0615120Z libgit2: 1.9.4 (sys:0.21.0 vendored)
Build (macos-latest)	UNKNOWN STEP	2026-09-29T12:19:19.0620070Z libcurl: 8.7.1 (sys:0.4.90+curl-8.21.0 system ssl:(SecureTransport) LibreSSL/3.3.6)
Build (macos-latest)	UNKNOWN STEP	2026-09-29T12:19:19.0628470Z ssl: OpenSSL 3.6.3 9 Jun 2026
Build (macos-latest)	UNKNOWN STEP	2026-09-29T12:19:19.0629250Z os: Mac OS 26.6.2 [64-bit]
Build (macos-latest)	UNKNOWN STEP	2026-09-29T12:19:19.0684770Z info: This is the version for the rustup toolchain manager, not the rustc compiler.
Build (macos-latest)	UNKNOWN STEP	2026-09-29T12:19:19.1079120Z info: the currently active `rustc` version is `rustc 1.98.1 (48a229cea 2026-09-01)`
Build (macos-latest)	UNKNOWN STEP	2026-09-29T12:19:19.1261960Z info: This is the version for the rustup toolchain manager, not the rustc compiler.
Build (macos-latest)	UNKNOWN STEP	2026-09-29T12:19:19.1262930Z rustup 1.29.0 (2026-03-05)
Build (macos-latest)	UNKNOWN STEP	2026-09-29T12:19:19.1532600Z info: the currently active `rustc` version is `rustc 1.98.1 (48a229cea 2026-09-01)`
Build (macos-latest)	UNKNOWN STEP	2026-09-29T12:19:19.2749420Z ##[end-action id=__actions-rust-lang_setup-rust-toolchain.versions;outcome=success;conclusion=success;duration_ms=743]
Build (macos-latest)	UNKNOWN STEP	2026-09-29T12:19:19.2755400Z ##[start-action display=Downgrade registry access protocol when needed;id=__actions-rust-lang_setup-rust-toolchain.__run_6]
Build (macos-latest)	UNKNOWN STEP	2026-09-29T12:19:19.2808200Z ##[group]Run # Not all versions support setting CARGO_REGISTRIES_CRATES_IO_PROTOCOL
Build (macos-latest)	UNKNOWN STEP	2026-09-29T12:19:19.2809670Z ^[[36;1m# Not all versions support setting CARGO_REGISTRIES_CRATES_IO_PROTOCOL^[[0m
Build (macos-latest)	UNKNOWN STEP	2026-09-29T12:19:19.2810830Z ^[[36;1m# On versions 1.66, 1.67, and 1.68.0-nightly the value "sparse" is still unstable.^[[0m
Build (macos-latest)	UNKNOWN STEP	2026-09-29T12:19:19.2812020Z ^[[36;1m# https://github.com/dtolnay/rust-toolchain/pull/69#discussion_r1107268108^[[0m
Build (macos-latest)	UNKNOWN STEP	2026-09-29T12:19:19.2813230Z ^[[36;1m# If we detect an incompatible value, set it to "git" which is always supported.^[[0m
Build (macos-latest)	UNKNOWN STEP	2026-09-29T12:19:19.2814870Z ^[[36;1mif [[ "rustc 1.98.1 (48a229cea 2026-09-01)" =~ ^rustc\ (1\.6[67]\.|1\.68\.0-nightly) && "${CARGO_REGISTRIES_CRATES_IO_PROTOCOL}" == "sparse" ]]; then^[[0m
Build (macos-latest)	UNKNOWN STEP	2026-09-29T12:19:19.2816240Z ^[[36;1m  echo "Downgrade cargo registry protocol to git"^[[0m
Build (macos-latest)	UNKNOWN STEP	2026-09-29T12:19:19.2817370Z ^[[36;1m  echo "CARGO_REGISTRIES_CRATES_IO_PROTOCOL=git" >> $GITHUB_ENV^[[0m
Build (macos-latest)	UNKNOWN STEP	2026-09-29T12:19:19.2818130Z ^[[36;1mfi^[[0m
Build (macos-latest)	UNKNOWN STEP	2026-09-29T12:19:19.2833490Z shell: /opt/homebrew/bin/bash --noprofile --norc -e -o pipefail {0}
Build (macos-latest)	UNKNOWN STEP	2026-09-29T12:19:19.2834300Z env:
Build (macos-latest)	UNKNOWN STEP	2026-09-29T12:19:19.2834490Z   CARGO_TERM_COLOR: always
Build (macos-latest)	UNKNOWN STEP	2026-09-29T12:19:19.2835030Z   GO_MODULES: packages/saksi-protocol/go
Build (macos-latest)	UNKNOWN STEP	packages/saksi-bulletin/chaincode
Build (macos-latest)	UNKNOWN STEP	packages/saksi-bulletin/client-sdk
Build (macos-latest)	UNKNOWN STEP	packages/saksi-campaign
Build (macos-latest)	UNKNOWN STEP	
Build (macos-latest)	UNKNOWN STEP	2026-09-29T12:19:19.2835570Z   GOFLAGS: -mod=mod
Build (macos-latest)	UNKNOWN STEP	2026-09-29T12:19:19.2835780Z   CARGO_INCREMENTAL: 0
Build (macos-latest)	UNKNOWN STEP	2026-09-29T12:19:19.2835990Z   CARGO_PROFILE_DEV_DEBUG: 0
Build (macos-latest)	UNKNOWN STEP	2026-09-29T12:19:19.2836200Z   RUST_BACKTRACE: short
Build (macos-latest)	UNKNOWN STEP	2026-09-29T12:19:19.2836410Z   RUSTFLAGS: -D warnings
Build (macos-latest)	UNKNOWN STEP	2026-09-29T12:19:19.2836620Z   CARGO_UNSTABLE_SPARSE_REGISTRY: true
Build (macos-latest)	UNKNOWN STEP	2026-09-29T12:19:19.2837180Z   CARGO_REGISTRIES_CRATES_IO_PROTOCOL: sparse
Build (macos-latest)	UNKNOWN STEP	2026-09-29T12:19:19.2837470Z ##[endgroup]
Build (macos-latest)	UNKNOWN STEP	2026-09-29T12:19:19.3344160Z ##[end-action id=__actions-rust-lang_setup-rust-toolchain.__run_6;outcome=success;conclusion=success;duration_ms=58]
Build (macos-latest)	UNKNOWN STEP	2026-09-29T12:19:19.3346770Z ##[start-action display=Setup Rust Caching;id=__actions-rust-lang_setup-rust-toolchain.__Swatinem_rust-cache]
Build (macos-latest)	UNKNOWN STEP	2026-09-29T12:19:19.3395430Z ##[group]Run Swatinem/rust-cache@c19371144df3bb44fab255c43d04cbc2ab54d1c4
Build (macos-latest)	UNKNOWN STEP	2026-09-29T12:19:19.3395820Z with:
Build (macos-latest)	UNKNOWN STEP	2026-09-29T12:19:19.3396000Z   cache-on-failure: true
Build (macos-latest)	UNKNOWN STEP	2026-09-29T12:19:19.3396180Z   cache-bin: true
Build (macos-latest)	UNKNOWN STEP	2026-09-29T12:19:19.3396340Z   cache-provider: github
Build (macos-latest)	UNKNOWN STEP	2026-09-29T12:19:19.3396540Z   cache-all-crates: false
Build (macos-latest)	UNKNOWN STEP	2026-09-29T12:19:19.3396730Z   cache-workspace-crates: false
Build (macos-latest)	UNKNOWN STEP	2026-09-29T12:19:19.3396930Z   cache-targets: true
Build (macos-latest)	UNKNOWN STEP	2026-09-29T12:19:19.3397110Z   save-if: true
Build (macos-latest)	UNKNOWN STEP	2026-09-29T12:19:19.3397270Z   prefix-key: v0-rust
Build (macos-latest)	UNKNOWN STEP	2026-09-29T12:19:19.3397450Z   add-job-id-key: true
Build (macos-latest)	UNKNOWN STEP	2026-09-29T12:19:19.3397690Z   add-rust-environment-hash-key: true
Build (macos-latest)	UNKNOWN STEP	2026-09-29T12:19:19.3397920Z   lookup-only: false
Build (macos-latest)	UNKNOWN STEP	2026-09-29T12:19:19.3398080Z   cmd-format: {0}
Build (macos-latest)	UNKNOWN STEP	2026-09-29T12:19:19.3398240Z env:
Build (macos-latest)	UNKNOWN STEP	2026-09-29T12:19:19.3398370Z   CARGO_TERM_COLOR: always
Build (macos-latest)	UNKNOWN STEP	2026-09-29T12:19:19.3398850Z   GO_MODULES: packages/saksi-protocol/go
Build (macos-latest)	UNKNOWN STEP	packages/saksi-bulletin/chaincode
Build (macos-latest)	UNKNOWN STEP	packages/saksi-bulletin/client-sdk
Build (macos-latest)	UNKNOWN STEP	packages/saksi-campaign
Build (macos-latest)	UNKNOWN STEP	
Build (macos-latest)	UNKNOWN STEP	2026-09-29T12:19:19.3399340Z   GOFLAGS: -mod=mod
Build (macos-latest)	UNKNOWN STEP	2026-09-29T12:19:19.3399520Z   CARGO_INCREMENTAL: 0
Build (macos-latest)	UNKNOWN STEP	2026-09-29T12:19:19.3399700Z   CARGO_PROFILE_DEV_DEBUG: 0
Build (macos-latest)	UNKNOWN STEP	2026-09-29T12:19:19.3399890Z   RUST_BACKTRACE: short
Build (macos-latest)	UNKNOWN STEP	2026-09-29T12:19:19.3400070Z   RUSTFLAGS: -D warnings
Build (macos-latest)	UNKNOWN STEP	2026-09-29T12:19:19.3400250Z   CARGO_UNSTABLE_SPARSE_REGISTRY: true
Build (macos-latest)	UNKNOWN STEP	2026-09-29T12:19:19.3400490Z   CARGO_REGISTRIES_CRATES_IO_PROTOCOL: sparse
Build (macos-latest)	UNKNOWN STEP	2026-09-29T12:19:19.3400710Z ##[endgroup]
Build (macos-latest)	UNKNOWN STEP	2026-09-29T12:19:19.7424560Z (node:1424) [DEP0040] DeprecationWarning: The `punycode` module is deprecated. Please use a userland alternative instead.
Build (macos-latest)	UNKNOWN STEP	2026-09-29T12:19:19.7427450Z (Use `node --trace-deprecation ...` to show where the warning was created)
Build (macos-latest)	UNKNOWN STEP	2026-09-29T12:19:20.1109020Z ##[group]Cache Configuration
Build (macos-latest)	UNKNOWN STEP	2026-09-29T12:19:20.1110670Z Cache Provider:
Build (macos-latest)	UNKNOWN STEP	2026-09-29T12:19:20.1111170Z     github
Build (macos-latest)	UNKNOWN STEP	2026-09-29T12:19:20.1111440Z Workspaces:
Build (macos-latest)	UNKNOWN STEP	2026-09-29T12:19:20.1111750Z     /Users/runner/work/saksi/saksi
Build (macos-latest)	UNKNOWN STEP	2026-09-29T12:19:20.1112100Z Cache Paths:
Build (macos-latest)	UNKNOWN STEP	2026-09-29T12:19:20.1112270Z     /Users/runner/.cargo/bin
Build (macos-latest)	UNKNOWN STEP	2026-09-29T12:19:20.1112600Z     /Users/runner/.cargo/.crates.toml
Build (macos-latest)	UNKNOWN STEP	2026-09-29T12:19:20.1112850Z     /Users/runner/.cargo/.crates2.json
Build (macos-latest)	UNKNOWN STEP	2026-09-29T12:19:20.1113100Z     /Users/runner/.cargo/registry
Build (macos-latest)	UNKNOWN STEP	2026-09-29T12:19:20.1113320Z     /Users/runner/.cargo/git
Build (macos-latest)	UNKNOWN STEP	2026-09-29T12:19:20.1113520Z     /Users/runner/work/saksi/saksi/target
Build (macos-latest)	UNKNOWN STEP	2026-09-29T12:19:20.1113760Z Restore Key:
Build (macos-latest)	UNKNOWN STEP	2026-09-29T12:19:20.1113980Z     v0-rust-build-Darwin-arm64-2aa5c948
Build (macos-latest)	UNKNOWN STEP	2026-09-29T12:19:20.1114240Z Cache Key:
Build (macos-latest)	UNKNOWN STEP	2026-09-29T12:19:20.1114430Z     v0-rust-build-Darwin-arm64-2aa5c948-0f869fc1
Build (macos-latest)	UNKNOWN STEP	2026-09-29T12:19:20.1114670Z .. Prefix:
Build (macos-latest)	UNKNOWN STEP	2026-09-29T12:19:20.1114920Z   - v0-rust-build-Darwin-arm64
Build (macos-latest)	UNKNOWN STEP	2026-09-29T12:19:20.1115160Z .. Environment considered:
Build (macos-latest)	UNKNOWN STEP	2026-09-29T12:19:20.1115360Z   - Rust Versions:
Build (macos-latest)	UNKNOWN STEP	2026-09-29T12:19:20.1115630Z     - 1.98.1 aarch64-apple-darwin 48a229ceaefd4985c50990b14116b6d856af0985
Build (macos-latest)	UNKNOWN STEP	2026-09-29T12:19:20.1116010Z     - 1.98.1 aarch64-apple-darwin 48a229ceaefd4985c50990b14116b6d856af0985
Build (macos-latest)	UNKNOWN STEP	2026-09-29T12:19:20.1116310Z   - CARGO_INCREMENTAL
Build (macos-latest)	UNKNOWN STEP	2026-09-29T12:19:20.1117160Z   - CARGO_PROFILE_DEV_DEBUG
Build (macos-latest)	UNKNOWN STEP	2026-09-29T12:19:20.1117370Z   - CARGO_REGISTRIES_CRATES_IO_PROTOCOL
Build (macos-latest)	UNKNOWN STEP	2026-09-29T12:19:20.1117580Z   - CARGO_TERM_COLOR
Build (macos-latest)	UNKNOWN STEP	2026-09-29T12:19:20.1117760Z   - CARGO_UNSTABLE_SPARSE_REGISTRY
Build (macos-latest)	UNKNOWN STEP	2026-09-29T12:19:20.1118020Z   - RUST_BACKTRACE
Build (macos-latest)	UNKNOWN STEP	2026-09-29T12:19:20.1118190Z   - RUSTFLAGS
Build (macos-latest)	UNKNOWN STEP	2026-09-29T12:19:20.1118360Z .. Lockfiles considered:
Build (macos-latest)	UNKNOWN STEP	2026-09-29T12:19:20.1118560Z   - /Users/runner/work/saksi/saksi/Cargo.lock
Build (macos-latest)	UNKNOWN STEP	2026-09-29T12:19:20.1118880Z   - /Users/runner/work/saksi/saksi/packages/saksi-auditor/Cargo.toml
Build (macos-latest)	UNKNOWN STEP	2026-09-29T12:19:20.1119540Z   - /Users/runner/work/saksi/saksi/packages/saksi-credentials/Cargo.toml
Build (macos-latest)	UNKNOWN STEP	2026-09-29T12:19:20.1120010Z   - /Users/runner/work/saksi/saksi/packages/saksi-crypto/Cargo.toml
Build (macos-latest)	UNKNOWN STEP	2026-09-29T12:19:20.1120450Z   - /Users/runner/work/saksi/saksi/packages/saksi-demo/Cargo.toml
Build (macos-latest)	UNKNOWN STEP	2026-09-29T12:19:20.1120830Z   - /Users/runner/work/saksi/saksi/packages/saksi-ffi-flutter/Cargo.toml
Build (macos-latest)	UNKNOWN STEP	2026-09-29T12:19:20.1121210Z   - /Users/runner/work/saksi/saksi/packages/saksi-ffi-tauri/Cargo.toml
Build (macos-latest)	UNKNOWN STEP	2026-09-29T12:19:20.1121630Z   - /Users/runner/work/saksi/saksi/packages/saksi-protocol/rust/Cargo.toml
Build (macos-latest)	UNKNOWN STEP	2026-09-29T12:19:20.1122040Z   - /Users/runner/work/saksi/saksi/rust-toolchain.toml
Build (macos-latest)	UNKNOWN STEP	2026-09-29T12:19:20.1122570Z ##[endgroup]
Build (macos-latest)	UNKNOWN STEP	2026-09-29T12:19:20.1122690Z 
Build (macos-latest)	UNKNOWN STEP	2026-09-29T12:19:20.1122760Z ... Restoring cache ...
Build (macos-latest)	UNKNOWN STEP	2026-09-29T12:19:20.3255840Z Cache hit for: v0-rust-build-Darwin-arm64-2aa5c948-0f869fc1
Build (macos-latest)	UNKNOWN STEP	2026-09-29T12:19:21.4873530Z Received 67108864 of 92484853 (72.6%), 63.4 MBs/sec
Build (macos-latest)	UNKNOWN STEP	2026-09-29T12:19:21.8048330Z Received 92484853 of 92484853 (100.0%), 66.4 MBs/sec
Build (macos-latest)	UNKNOWN STEP	2026-09-29T12:19:21.8058120Z Cache Size: ~88 MB (92484853 B)
Build (macos-latest)	UNKNOWN STEP	2026-09-29T12:19:21.8332660Z [command]/opt/homebrew/bin/gtar -xf /Users/runner/work/_temp/05e15e67-ed6f-4fbe-870f-dc894b33aa9e/cache.tzst -P -C /Users/runner/work/saksi/saksi --delay-directory-restore --use-compress-program unzstd
Build (macos-latest)	UNKNOWN STEP	2026-09-29T12:19:23.0647600Z Cache restored successfully
Build (macos-latest)	UNKNOWN STEP	2026-09-29T12:19:23.0708670Z Restored from cache key "v0-rust-build-Darwin-arm64-2aa5c948-0f869fc1" full match: true.
Build (macos-latest)	UNKNOWN STEP	2026-09-29T12:19:23.0877200Z ##[end-action id=__actions-rust-lang_setup-rust-toolchain.__Swatinem_rust-cache;outcome=success;conclusion=success;duration_ms=3751]
Build (macos-latest)	UNKNOWN STEP	2026-09-29T12:19:23.1060650Z ##[group]Run Swatinem/rust-cache@v2
Build (macos-latest)	UNKNOWN STEP	2026-09-29T12:19:23.1061090Z with:
Build (macos-latest)	UNKNOWN STEP	2026-09-29T12:19:23.1061410Z   prefix-key: v0-rust
Build (macos-latest)	UNKNOWN STEP	2026-09-29T12:19:23.1061700Z   add-job-id-key: true
Build (macos-latest)	UNKNOWN STEP	2026-09-29T12:19:23.1062060Z   add-rust-environment-hash-key: true
Build (macos-latest)	UNKNOWN STEP	2026-09-29T12:19:23.1062400Z   cache-targets: true
Build (macos-latest)	UNKNOWN STEP	2026-09-29T12:19:23.1062730Z   cache-all-crates: false
Build (macos-latest)	UNKNOWN STEP	2026-09-29T12:19:23.1063140Z   cache-workspace-crates: false
Build (macos-latest)	UNKNOWN STEP	2026-09-29T12:19:23.1063430Z   save-if: true
Build (macos-latest)	UNKNOWN STEP	2026-09-29T12:19:23.1063780Z   cache-provider: github
Build (macos-latest)	UNKNOWN STEP	2026-09-29T12:19:23.1064040Z   cache-bin: true
Build (macos-latest)	UNKNOWN STEP	2026-09-29T12:19:23.1064380Z   lookup-only: false
Build (macos-latest)	UNKNOWN STEP	2026-09-29T12:19:23.1064720Z   cmd-format: {0}
Build (macos-latest)	UNKNOWN STEP	2026-09-29T12:19:23.1064980Z env:
Build (macos-latest)	UNKNOWN STEP	2026-09-29T12:19:23.1065260Z   CARGO_TERM_COLOR: always
Build (macos-latest)	UNKNOWN STEP	2026-09-29T12:19:23.1066000Z   GO_MODULES: packages/saksi-protocol/go
Build (macos-latest)	UNKNOWN STEP	packages/saksi-bulletin/chaincode
Build (macos-latest)	UNKNOWN STEP	packages/saksi-bulletin/client-sdk
Build (macos-latest)	UNKNOWN STEP	packages/saksi-campaign
Build (macos-latest)	UNKNOWN STEP	
Build (macos-latest)	UNKNOWN STEP	2026-09-29T12:19:23.1066680Z   GOFLAGS: -mod=mod
Build (macos-latest)	UNKNOWN STEP	2026-09-29T12:19:23.1067160Z   CARGO_INCREMENTAL: 0
Build (macos-latest)	UNKNOWN STEP	2026-09-29T12:19:23.1067530Z   CARGO_PROFILE_DEV_DEBUG: 0
Build (macos-latest)	UNKNOWN STEP	2026-09-29T12:19:23.1067840Z   RUST_BACKTRACE: short
Build (macos-latest)	UNKNOWN STEP	2026-09-29T12:19:23.1068200Z   RUSTFLAGS: -D warnings
Build (macos-latest)	UNKNOWN STEP	2026-09-29T12:19:23.1068500Z   CARGO_UNSTABLE_SPARSE_REGISTRY: true
Build (macos-latest)	UNKNOWN STEP	2026-09-29T12:19:23.1068920Z   CARGO_REGISTRIES_CRATES_IO_PROTOCOL: sparse
Build (macos-latest)	UNKNOWN STEP	2026-09-29T12:19:23.1069250Z   CACHE_ON_FAILURE: true
Build (macos-latest)	UNKNOWN STEP	2026-09-29T12:19:23.1069530Z ##[endgroup]
Build (macos-latest)	UNKNOWN STEP	2026-09-29T12:19:23.7315670Z ##[group]Cache Configuration
Build (macos-latest)	UNKNOWN STEP	2026-09-29T12:19:23.7317730Z Cache Provider:
Build (macos-latest)	UNKNOWN STEP	2026-09-29T12:19:23.7318270Z     github
Build (macos-latest)	UNKNOWN STEP	2026-09-29T12:19:23.7318670Z Workspaces:
Build (macos-latest)	UNKNOWN STEP	2026-09-29T12:19:23.7319550Z     /Users/runner/work/saksi/saksi
Build (macos-latest)	UNKNOWN STEP	2026-09-29T12:19:23.7320280Z Cache Paths:
Build (macos-latest)	UNKNOWN STEP	2026-09-29T12:19:23.7320710Z     /Users/runner/.cargo/bin
Build (macos-latest)	UNKNOWN STEP	2026-09-29T12:19:23.7322180Z     /Users/runner/.cargo/.crates.toml
Build (macos-latest)	UNKNOWN STEP	2026-09-29T12:19:23.7323940Z     /Users/runner/.cargo/.crates2.json
Build (macos-latest)	UNKNOWN STEP	2026-09-29T12:19:23.7324720Z     /Users/runner/.cargo/registry
Build (macos-latest)	UNKNOWN STEP	2026-09-29T12:19:23.7325250Z     /Users/runner/.cargo/git
Build (macos-latest)	UNKNOWN STEP	2026-09-29T12:19:23.7326010Z     /Users/runner/work/saksi/saksi/target
Build (macos-latest)	UNKNOWN STEP	2026-09-29T12:19:23.7326670Z Restore Key:
Build (macos-latest)	UNKNOWN STEP	2026-09-29T12:19:23.7327410Z     v0-rust-build-Darwin-arm64-c77bbf89
Build (macos-latest)	UNKNOWN STEP	2026-09-29T12:19:23.7327860Z Cache Key:
Build (macos-latest)	UNKNOWN STEP	2026-09-29T12:19:23.7328390Z     v0-rust-build-Darwin-arm64-c77bbf89-0f869fc1
Build (macos-latest)	UNKNOWN STEP	2026-09-29T12:19:23.7328820Z .. Prefix:
Build (macos-latest)	UNKNOWN STEP	2026-09-29T12:19:23.7329100Z   - v0-rust-build-Darwin-arm64
Build (macos-latest)	UNKNOWN STEP	2026-09-29T12:19:23.7329470Z .. Environment considered:
Build (macos-latest)	UNKNOWN STEP	2026-09-29T12:19:23.7329780Z   - Rust Versions:
Build (macos-latest)	UNKNOWN STEP	2026-09-29T12:19:23.7330250Z     - 1.98.1 aarch64-apple-darwin 48a229ceaefd4985c50990b14116b6d856af0985
Build (macos-latest)	UNKNOWN STEP	2026-09-29T12:19:23.7330780Z   - CARGO_INCREMENTAL
Build (macos-latest)	UNKNOWN STEP	2026-09-29T12:19:23.7331080Z   - CARGO_PROFILE_DEV_DEBUG
Build (macos-latest)	UNKNOWN STEP	2026-09-29T12:19:23.7331520Z   - CARGO_REGISTRIES_CRATES_IO_PROTOCOL
Build (macos-latest)	UNKNOWN STEP	2026-09-29T12:19:23.7331800Z   - CARGO_TERM_COLOR
Build (macos-latest)	UNKNOWN STEP	2026-09-29T12:19:23.7332170Z   - CARGO_UNSTABLE_SPARSE_REGISTRY
Build (macos-latest)	UNKNOWN STEP	2026-09-29T12:19:23.7332570Z   - RUST_BACKTRACE
Build (macos-latest)	UNKNOWN STEP	2026-09-29T12:19:23.7332910Z   - RUSTFLAGS
Build (macos-latest)	UNKNOWN STEP	2026-09-29T12:19:23.7333220Z .. Lockfiles considered:
Build (macos-latest)	UNKNOWN STEP	2026-09-29T12:19:23.7333580Z   - /Users/runner/work/saksi/saksi/Cargo.lock
Build (macos-latest)	UNKNOWN STEP	2026-09-29T12:19:23.7334100Z   - /Users/runner/work/saksi/saksi/packages/saksi-auditor/Cargo.toml
Build (macos-latest)	UNKNOWN STEP	2026-09-29T12:19:23.7334720Z   - /Users/runner/work/saksi/saksi/packages/saksi-credentials/Cargo.toml
Build (macos-latest)	UNKNOWN STEP	2026-09-29T12:19:23.7335170Z   - /Users/runner/work/saksi/saksi/packages/saksi-crypto/Cargo.toml
Build (macos-latest)	UNKNOWN STEP	2026-09-29T12:19:23.7335640Z   - /Users/runner/work/saksi/saksi/packages/saksi-demo/Cargo.toml
Build (macos-latest)	UNKNOWN STEP	2026-09-29T12:19:23.7336210Z   - /Users/runner/work/saksi/saksi/packages/saksi-ffi-flutter/Cargo.toml
Build (macos-latest)	UNKNOWN STEP	2026-09-29T12:19:23.7336820Z   - /Users/runner/work/saksi/saksi/packages/saksi-ffi-tauri/Cargo.toml
Build (macos-latest)	UNKNOWN STEP	2026-09-29T12:19:23.7337320Z   - /Users/runner/work/saksi/saksi/packages/saksi-protocol/rust/Cargo.toml
Build (macos-latest)	UNKNOWN STEP	2026-09-29T12:19:23.7337940Z   - /Users/runner/work/saksi/saksi/rust-toolchain.toml
Build (macos-latest)	UNKNOWN STEP	2026-09-29T12:19:23.7338560Z ##[endgroup]
Build (macos-latest)	UNKNOWN STEP	2026-09-29T12:19:23.7338710Z 
Build (macos-latest)	UNKNOWN STEP	2026-09-29T12:19:23.7338840Z ... Restoring cache ...
Build (macos-latest)	UNKNOWN STEP	2026-09-29T12:19:23.9076700Z Cache hit for: v0-rust-build-Darwin-arm64-c77bbf89-0f869fc1
Build (macos-latest)	UNKNOWN STEP	2026-09-29T12:19:25.0579590Z Received 50331648 of 92485688 (54.4%), 48.0 MBs/sec
Build (macos-latest)	UNKNOWN STEP	2026-09-29T12:19:25.6680880Z Received 92485688 of 92485688 (100.0%), 54.7 MBs/sec
Build (macos-latest)	UNKNOWN STEP	2026-09-29T12:19:25.6685610Z Cache Size: ~88 MB (92485688 B)
Build (macos-latest)	UNKNOWN STEP	2026-09-29T12:19:25.6826520Z [command]/opt/homebrew/bin/gtar -xf /Users/runner/work/_temp/92849de7-7dca-4176-9b81-f444a71b5485/cache.tzst -P -C /Users/runner/work/saksi/saksi --delay-directory-restore --use-compress-program unzstd
Build (macos-latest)	UNKNOWN STEP	2026-09-29T12:19:26.3804530Z Cache restored successfully
Build (macos-latest)	UNKNOWN STEP	2026-09-29T12:19:26.3833230Z Restored from cache key "v0-rust-build-Darwin-arm64-c77bbf89-0f869fc1" full match: true.
Build (macos-latest)	UNKNOWN STEP	2026-09-29T12:19:26.3914840Z ##[group]Run cargo build --workspace --release
Build (macos-latest)	UNKNOWN STEP	2026-09-29T12:19:26.3915550Z ^[[36;1mcargo build --workspace --release^[[0m
Build (macos-latest)	UNKNOWN STEP	2026-09-29T12:19:26.3928830Z shell: /opt/homebrew/bin/bash -e {0}
Build (macos-latest)	UNKNOWN STEP	2026-09-29T12:19:26.3929060Z env:
Build (macos-latest)	UNKNOWN STEP	2026-09-29T12:19:26.3929230Z   CARGO_TERM_COLOR: always
Build (macos-latest)	UNKNOWN STEP	2026-09-29T12:19:26.3929700Z   GO_MODULES: packages/saksi-protocol/go
Build (macos-latest)	UNKNOWN STEP	packages/saksi-bulletin/chaincode
Build (macos-latest)	UNKNOWN STEP	packages/saksi-bulletin/client-sdk
Build (macos-latest)	UNKNOWN STEP	packages/saksi-campaign
Build (macos-latest)	UNKNOWN STEP	
Build (macos-latest)	UNKNOWN STEP	2026-09-29T12:19:26.3930180Z   GOFLAGS: -mod=mod
Build (macos-latest)	UNKNOWN STEP	2026-09-29T12:19:26.3930360Z   CARGO_INCREMENTAL: 0
Build (macos-latest)	UNKNOWN STEP	2026-09-29T12:19:26.3930550Z   CARGO_PROFILE_DEV_DEBUG: 0
Build (macos-latest)	UNKNOWN STEP	2026-09-29T12:19:26.3930740Z   RUST_BACKTRACE: short
Build (macos-latest)	UNKNOWN STEP	2026-09-29T12:19:26.3930940Z   RUSTFLAGS: -D warnings
Build (macos-latest)	UNKNOWN STEP	2026-09-29T12:19:26.3931160Z   CARGO_UNSTABLE_SPARSE_REGISTRY: true
Build (macos-latest)	UNKNOWN STEP	2026-09-29T12:19:26.3931410Z   CARGO_REGISTRIES_CRATES_IO_PROTOCOL: sparse
Build (macos-latest)	UNKNOWN STEP	2026-09-29T12:19:26.3931650Z   CACHE_ON_FAILURE: false
Build (macos-latest)	UNKNOWN STEP	2026-09-29T12:19:26.3931830Z ##[endgroup]
Build (macos-latest)	UNKNOWN STEP	2026-09-29T12:19:26.6945230Z ^[[1m^[[92m    Updating^[[0m crates.io index
Build (macos-latest)	UNKNOWN STEP	2026-09-29T12:19:27.9770000Z ^[[1m^[[92m   Compiling^[[0m saksi-protocol v0.0.0 (/Users/runner/work/saksi/saksi/packages/saksi-protocol/rust)
Build (macos-latest)	UNKNOWN STEP	2026-09-29T12:19:31.9814610Z ^[[1m^[[92m   Compiling^[[0m saksi-crypto v0.0.0 (/Users/runner/work/saksi/saksi/packages/saksi-crypto)
Build (macos-latest)	UNKNOWN STEP	2026-09-29T12:19:32.2665930Z ^[[1m^[[92m   Compiling^[[0m saksi-credentials v0.0.0 (/Users/runner/work/saksi/saksi/packages/saksi-credentials)
Build (macos-latest)	UNKNOWN STEP	2026-09-29T12:19:32.3726540Z ^[[1m^[[92m   Compiling^[[0m saksi-auditor v0.0.0 (/Users/runner/work/saksi/saksi/packages/saksi-auditor)
Build (macos-latest)	UNKNOWN STEP	2026-09-29T12:19:32.7458280Z ^[[1m^[[92m   Compiling^[[0m saksi-ffi-tauri v0.0.0 (/Users/runner/work/saksi/saksi/packages/saksi-ffi-tauri)
Build (macos-latest)	UNKNOWN STEP	2026-09-29T12:19:32.8908280Z ^[[1m^[[92m   Compiling^[[0m saksi-ffi-flutter v0.0.0 (/Users/runner/work/saksi/saksi/packages/saksi-ffi-flutter)
Build (macos-latest)	UNKNOWN STEP	2026-09-29T12:19:36.9668210Z ^[[1m^[[92m   Compiling^[[0m saksi-demo v0.0.0 (/Users/runner/work/saksi/saksi/packages/saksi-demo)
Build (macos-latest)	UNKNOWN STEP	2026-09-29T12:19:37.5562180Z ^[[1m^[[92m    Finished^[[0m `release` profile [optimized] target(s) in 11.08s
Build (macos-latest)	UNKNOWN STEP	2026-09-29T12:19:37.5806000Z ##[group]Run actions/setup-go@v5
Build (macos-latest)	UNKNOWN STEP	2026-09-29T12:19:37.5806490Z with:
Build (macos-latest)	UNKNOWN STEP	2026-09-29T12:19:37.5806730Z   go-version: 1.25
Build (macos-latest)	UNKNOWN STEP	2026-09-29T12:19:37.5807080Z   cache: true
Build (macos-latest)	UNKNOWN STEP	2026-09-29T12:19:37.5807720Z   cache-dependency-path: packages/saksi-protocol/go/go.mod
Build (macos-latest)	UNKNOWN STEP	packages/saksi-bulletin/chaincode/go.mod
Build (macos-latest)	UNKNOWN STEP	packages/saksi-bulletin/client-sdk/go.mod
Build (macos-latest)	UNKNOWN STEP	
Build (macos-latest)	UNKNOWN STEP	2026-09-29T12:19:37.5808420Z   check-latest: false
Build (macos-latest)	UNKNOWN STEP	2026-09-29T12:19:37.5810750Z   token: ***
Build (macos-latest)	UNKNOWN STEP	2026-09-29T12:19:37.5811040Z env:
Build (macos-latest)	UNKNOWN STEP	2026-09-29T12:19:37.5811380Z   CARGO_TERM_COLOR: always
Build (macos-latest)	UNKNOWN STEP	2026-09-29T12:19:37.5811960Z   GO_MODULES: packages/saksi-protocol/go
Build (macos-latest)	UNKNOWN STEP	packages/saksi-bulletin/chaincode
Build (macos-latest)	UNKNOWN STEP	packages/saksi-bulletin/client-sdk
Build (macos-latest)	UNKNOWN STEP	packages/saksi-campaign
Build (macos-latest)	UNKNOWN STEP	
Build (macos-latest)	UNKNOWN STEP	2026-09-29T12:19:37.5812570Z   GOFLAGS: -mod=mod
Build (macos-latest)	UNKNOWN STEP	2026-09-29T12:19:37.5812880Z   CARGO_INCREMENTAL: 0
Build (macos-latest)	UNKNOWN STEP	2026-09-29T12:19:37.5813140Z   CARGO_PROFILE_DEV_DEBUG: 0
Build (macos-latest)	UNKNOWN STEP	2026-09-29T12:19:37.5813450Z   RUST_BACKTRACE: short
Build (macos-latest)	UNKNOWN STEP	2026-09-29T12:19:37.5813750Z   RUSTFLAGS: -D warnings
Build (macos-latest)	UNKNOWN STEP	2026-09-29T12:19:37.5814180Z   CARGO_UNSTABLE_SPARSE_REGISTRY: true
Build (macos-latest)	UNKNOWN STEP	2026-09-29T12:19:37.5814490Z   CARGO_REGISTRIES_CRATES_IO_PROTOCOL: sparse
Build (macos-latest)	UNKNOWN STEP	2026-09-29T12:19:37.5814920Z   CACHE_ON_FAILURE: false
Build (macos-latest)	UNKNOWN STEP	2026-09-29T12:19:37.5815220Z ##[endgroup]
Build (macos-latest)	UNKNOWN STEP	2026-09-29T12:19:37.7745060Z Setup go version spec 1.25
Build (macos-latest)	UNKNOWN STEP	2026-09-29T12:19:37.7832660Z Found in cache @ /Users/runner/hostedtoolcache/go/1.25.14/arm64
Build (macos-latest)	UNKNOWN STEP	2026-09-29T12:19:37.7833470Z (node:1745) [DEP0040] DeprecationWarning: The `punycode` module is deprecated. Please use a userland alternative instead.
Build (macos-latest)	UNKNOWN STEP	2026-09-29T12:19:37.7834180Z (Use `node --trace-deprecation ...` to show where the warning was created)
Build (macos-latest)	UNKNOWN STEP	2026-09-29T12:19:37.7836900Z Added go to the path
Build (macos-latest)	UNKNOWN STEP	2026-09-29T12:19:37.7839310Z Successfully set up Go version 1.25
Build (macos-latest)	UNKNOWN STEP	2026-09-29T12:19:37.9409550Z [command]/Users/runner/hostedtoolcache/go/1.25.14/arm64/bin/go env GOMODCACHE
Build (macos-latest)	UNKNOWN STEP	2026-09-29T12:19:37.9459420Z [command]/Users/runner/hostedtoolcache/go/1.25.14/arm64/bin/go env GOCACHE
Build (macos-latest)	UNKNOWN STEP	2026-09-29T12:19:37.9491900Z /Users/runner/go/pkg/mod
Build (macos-latest)	UNKNOWN STEP	2026-09-29T12:19:37.9524690Z /Users/runner/Library/Caches/go-build
Build (macos-latest)	UNKNOWN STEP	2026-09-29T12:19:38.1353640Z Cache hit for: setup-go-macOS-arm64-go-1.25.14-61bbf44200ea51c97db44eef9d5fd9d32d6f41e109b84a02d8ea08dac29e82dd
Build (macos-latest)	UNKNOWN STEP	2026-09-29T12:19:38.1438120Z (node:1745) [DEP0169] DeprecationWarning: `url.parse()` behavior is not standardized and prone to errors that have security implications. Use the WHATWG URL API instead. CVEs are not issued for `url.parse()` vulnerabilities.
Build (macos-latest)	UNKNOWN STEP	2026-09-29T12:19:39.3060490Z Received 46137344 of 199301454 (23.1%), 44.0 MBs/sec
Build (macos-latest)	UNKNOWN STEP	2026-09-29T12:19:40.3075740Z Received 134217728 of 199301454 (67.3%), 63.9 MBs/sec
Build (macos-latest)	UNKNOWN STEP	2026-09-29T12:19:40.8983030Z Received 199301454 of 199301454 (100.0%), 73.3 MBs/sec
Build (macos-latest)	UNKNOWN STEP	2026-09-29T12:19:40.8988700Z Cache Size: ~190 MB (199301454 B)
Build (macos-latest)	UNKNOWN STEP	2026-09-29T12:19:40.9034740Z [command]/opt/homebrew/bin/gtar -xf /Users/runner/work/_temp/b275ffbb-92c1-4497-8a2e-7a8a5139d3d8/cache.tzst -P -C /Users/runner/work/saksi/saksi --delay-directory-restore --use-compress-program unzstd
Build (macos-latest)	UNKNOWN STEP	2026-09-29T12:19:47.7012260Z Cache restored successfully
Build (macos-latest)	UNKNOWN STEP	2026-09-29T12:19:47.7080410Z Cache restored from key: setup-go-macOS-arm64-go-1.25.14-61bbf44200ea51c97db44eef9d5fd9d32d6f41e109b84a02d8ea08dac29e82dd
Build (macos-latest)	UNKNOWN STEP	2026-09-29T12:19:47.7143530Z go version go1.25.14 darwin/arm64
Build (macos-latest)	UNKNOWN STEP	2026-09-29T12:19:47.7143810Z 
Build (macos-latest)	UNKNOWN STEP	2026-09-29T12:19:47.7144340Z ##[group]go env
Build (macos-latest)	UNKNOWN STEP	2026-09-29T12:19:47.8650090Z AR='ar'
Build (macos-latest)	UNKNOWN STEP	2026-09-29T12:19:47.8650850Z CC='clang'
Build (macos-latest)	UNKNOWN STEP	2026-09-29T12:19:47.8652850Z CGO_CFLAGS='-O2 -g'
Build (macos-latest)	UNKNOWN STEP	2026-09-29T12:19:47.8653500Z CGO_CPPFLAGS=''
Build (macos-latest)	UNKNOWN STEP	2026-09-29T12:19:47.8654010Z CGO_CXXFLAGS='-O2 -g'
Build (macos-latest)	UNKNOWN STEP	2026-09-29T12:19:47.8654540Z CGO_ENABLED='1'
Build (macos-latest)	UNKNOWN STEP	2026-09-29T12:19:47.8655100Z CGO_FFLAGS='-O2 -g'
Build (macos-latest)	UNKNOWN STEP	2026-09-29T12:19:47.8655570Z CGO_LDFLAGS='-O2 -g'
Build (macos-latest)	UNKNOWN STEP	2026-09-29T12:19:47.8655970Z CXX='clang++'
Build (macos-latest)	UNKNOWN STEP	2026-09-29T12:19:47.8656300Z GCCGO='gccgo'
Build (macos-latest)	UNKNOWN STEP	2026-09-29T12:19:47.8656670Z GO111MODULE=''
Build (macos-latest)	UNKNOWN STEP	2026-09-29T12:19:47.8656920Z GOARCH='arm64'
Build (macos-latest)	UNKNOWN STEP	2026-09-29T12:19:47.8657240Z GOARM64='v8.0'
Build (macos-latest)	UNKNOWN STEP	2026-09-29T12:19:47.8657640Z GOAUTH='netrc'
Build (macos-latest)	UNKNOWN STEP	2026-09-29T12:19:47.8657960Z GOBIN=''
Build (macos-latest)	UNKNOWN STEP	2026-09-29T12:19:47.8658230Z GOCACHE='/Users/runner/Library/Caches/go-build'
Build (macos-latest)	UNKNOWN STEP	2026-09-29T12:19:47.8659420Z GOCACHEPROG=''
Build (macos-latest)	UNKNOWN STEP	2026-09-29T12:19:47.8659730Z GODEBUG=''
Build (macos-latest)	UNKNOWN STEP	2026-09-29T12:19:47.8660100Z GOENV='/Users/runner/Library/Application Support/go/env'
Build (macos-latest)	UNKNOWN STEP	2026-09-29T12:19:47.8660450Z GOEXE=''
Build (macos-latest)	UNKNOWN STEP	2026-09-29T12:19:47.8660740Z GOEXPERIMENT=''
Build (macos-latest)	UNKNOWN STEP	2026-09-29T12:19:47.8661030Z GOFIPS140='off'
Build (macos-latest)	UNKNOWN STEP	2026-09-29T12:19:47.8661320Z GOFLAGS='-mod=mod'
Build (macos-latest)	UNKNOWN STEP	2026-09-29T12:19:47.8666340Z GOGCCFLAGS='-fPIC -arch arm64 -pthread -fno-caret-diagnostics -Qunused-arguments -fmessage-length=0 -ffile-prefix-map=/var/folders/36/tjdph2t965j8snz9_vkdnw0r0000gn/T/go-build3274598569=/tmp/go-build -gno-record-gcc-switches -fno-common'
Build (macos-latest)	UNKNOWN STEP	2026-09-29T12:19:47.8667380Z GOHOSTARCH='arm64'
Build (macos-latest)	UNKNOWN STEP	2026-09-29T12:19:47.8667670Z GOHOSTOS='darwin'
Build (macos-latest)	UNKNOWN STEP	2026-09-29T12:19:47.8667970Z GOINSECURE=''
Build (macos-latest)	UNKNOWN STEP	2026-09-29T12:19:47.8668230Z GOMOD='/dev/null'
Build (macos-latest)	UNKNOWN STEP	2026-09-29T12:19:47.8668520Z GOMODCACHE='/Users/runner/go/pkg/mod'
Build (macos-latest)	UNKNOWN STEP	2026-09-29T12:19:47.8668850Z GONOPROXY=''
Build (macos-latest)	UNKNOWN STEP	2026-09-29T12:19:47.8669080Z GONOSUMDB=''
Build (macos-latest)	UNKNOWN STEP	2026-09-29T12:19:47.8669350Z GOOS='darwin'
Build (macos-latest)	UNKNOWN STEP	2026-09-29T12:19:47.8669620Z GOPATH='/Users/runner/go'
Build (macos-latest)	UNKNOWN STEP	2026-09-29T12:19:47.8670020Z GOPRIVATE=''
Build (macos-latest)	UNKNOWN STEP	2026-09-29T12:19:47.8670380Z GOPROXY='https://proxy.golang.org,direct'
Build (macos-latest)	UNKNOWN STEP	2026-09-29T12:19:47.8670870Z GOROOT='/Users/runner/hostedtoolcache/go/1.25.14/arm64'
Build (macos-latest)	UNKNOWN STEP	2026-09-29T12:19:47.8671300Z GOSUMDB='sum.golang.org'
Build (macos-latest)	UNKNOWN STEP	2026-09-29T12:19:47.8671710Z GOTELEMETRY='local'
Build (macos-latest)	UNKNOWN STEP	2026-09-29T12:19:47.8672110Z GOTELEMETRYDIR='/Users/runner/Library/Application Support/go/telemetry'
Build (macos-latest)	UNKNOWN STEP	2026-09-29T12:19:47.8672600Z GOTMPDIR=''
Build (macos-latest)	UNKNOWN STEP	2026-09-29T12:19:47.8672950Z GOTOOLCHAIN='auto'
Build (macos-latest)	UNKNOWN STEP	2026-09-29T12:19:47.8673440Z GOTOOLDIR='/Users/runner/hostedtoolcache/go/1.25.14/arm64/pkg/tool/darwin_arm64'
Build (macos-latest)	UNKNOWN STEP	2026-09-29T12:19:47.8673910Z GOVCS=''
Build (macos-latest)	UNKNOWN STEP	2026-09-29T12:19:47.8674160Z GOVERSION='go1.25.14'
Build (macos-latest)	UNKNOWN STEP	2026-09-29T12:19:47.8674500Z GOWORK=''
Build (macos-latest)	UNKNOWN STEP	2026-09-29T12:19:47.8674810Z PKG_CONFIG='pkg-config'
Build (macos-latest)	UNKNOWN STEP	2026-09-29T12:19:47.8675000Z 
Build (macos-latest)	UNKNOWN STEP	2026-09-29T12:19:47.8676150Z ##[endgroup]
Build (macos-latest)	UNKNOWN STEP	2026-09-29T12:19:47.9119800Z ##[group]Run set -euo pipefail
Build (macos-latest)	UNKNOWN STEP	2026-09-29T12:19:47.9120240Z ^[[36;1mset -euo pipefail^[[0m
Build (macos-latest)	UNKNOWN STEP	2026-09-29T12:19:47.9120540Z ^[[36;1mfor module in ${GO_MODULES}; do^[[0m
Build (macos-latest)	UNKNOWN STEP	2026-09-29T12:19:47.9120910Z ^[[36;1m  (cd "${module}" && go build ./...)^[[0m
Build (macos-latest)	UNKNOWN STEP	2026-09-29T12:19:47.9121580Z ^[[36;1mdone^[[0m
Build (macos-latest)	UNKNOWN STEP	2026-09-29T12:19:47.9142810Z shell: /opt/homebrew/bin/bash --noprofile --norc -e -o pipefail {0}
Build (macos-latest)	UNKNOWN STEP	2026-09-29T12:19:47.9143290Z env:
Build (macos-latest)	UNKNOWN STEP	2026-09-29T12:19:47.9143600Z   CARGO_TERM_COLOR: always
Build (macos-latest)	UNKNOWN STEP	2026-09-29T12:19:47.9144140Z   GO_MODULES: packages/saksi-protocol/go
Build (macos-latest)	UNKNOWN STEP	packages/saksi-bulletin/chaincode
Build (macos-latest)	UNKNOWN STEP	packages/saksi-bulletin/client-sdk
Build (macos-latest)	UNKNOWN STEP	packages/saksi-campaign
Build (macos-latest)	UNKNOWN STEP	
Build (macos-latest)	UNKNOWN STEP	2026-09-29T12:19:47.9144700Z   GOFLAGS: -mod=mod
Build (macos-latest)	UNKNOWN STEP	2026-09-29T12:19:47.9144970Z   CARGO_INCREMENTAL: 0
Build (macos-latest)	UNKNOWN STEP	2026-09-29T12:19:47.9145260Z   CARGO_PROFILE_DEV_DEBUG: 0
Build (macos-latest)	UNKNOWN STEP	2026-09-29T12:19:47.9145560Z   RUST_BACKTRACE: short
Build (macos-latest)	UNKNOWN STEP	2026-09-29T12:19:47.9145870Z   RUSTFLAGS: -D warnings
Build (macos-latest)	UNKNOWN STEP	2026-09-29T12:19:47.9146160Z   CARGO_UNSTABLE_SPARSE_REGISTRY: true
Build (macos-latest)	UNKNOWN STEP	2026-09-29T12:19:47.9146560Z   CARGO_REGISTRIES_CRATES_IO_PROTOCOL: sparse
Build (macos-latest)	UNKNOWN STEP	2026-09-29T12:19:47.9146910Z   CACHE_ON_FAILURE: false
Build (macos-latest)	UNKNOWN STEP	2026-09-29T12:19:47.9147210Z ##[endgroup]
Build (macos-latest)	UNKNOWN STEP	2026-09-29T12:20:12.3758900Z go: downloading google.golang.org/protobuf v1.36.0
Build (macos-latest)	UNKNOWN STEP	2026-09-29T12:20:12.3807360Z go: downloading github.com/hyperledger/fabric-gateway v1.7.1
Build (macos-latest)	UNKNOWN STEP	2026-09-29T12:20:13.1185190Z go: downloading github.com/hyperledger/fabric-protos-go-apiv2 v0.3.4
Build (macos-latest)	UNKNOWN STEP	2026-09-29T12:20:13.2426810Z go: downloading google.golang.org/grpc v1.69.2
Build (macos-latest)	UNKNOWN STEP	2026-09-29T12:20:13.7106110Z go: downloading golang.org/x/net v0.33.0
Build (macos-latest)	UNKNOWN STEP	2026-09-29T12:20:13.7134410Z go: downloading google.golang.org/genproto/googleapis/rpc v0.0.0-20241015192408-796eee8c2d53
Build (macos-latest)	UNKNOWN STEP	2026-09-29T12:20:13.7230670Z go: downloading golang.org/x/crypto v0.31.0
Build (macos-latest)	UNKNOWN STEP	2026-09-29T12:20:13.8125380Z go: downloading golang.org/x/sys v0.28.0
Build (macos-latest)	UNKNOWN STEP	2026-09-29T12:20:14.2367270Z go: downloading golang.org/x/text v0.21.0
Build (macos-latest)	UNKNOWN STEP	2026-09-29T12:20:20.6772950Z go: downloading google.golang.org/protobuf v1.36.12
Build (macos-latest)	UNKNOWN STEP	2026-09-29T12:20:27.2038480Z Post job cleanup.
Build (macos-latest)	UNKNOWN STEP	2026-09-29T12:20:27.4266370Z (node:2840) [DEP0040] DeprecationWarning: The `punycode` module is deprecated. Please use a userland alternative instead.
Build (macos-latest)	UNKNOWN STEP	2026-09-29T12:20:27.4267450Z (Use `node --trace-deprecation ...` to show where the warning was created)
Build (macos-latest)	UNKNOWN STEP	2026-09-29T12:20:27.4309390Z [command]/Users/runner/hostedtoolcache/go/1.25.14/arm64/bin/go env GOMODCACHE
Build (macos-latest)	UNKNOWN STEP	2026-09-29T12:20:27.4342490Z [command]/Users/runner/hostedtoolcache/go/1.25.14/arm64/bin/go env GOCACHE
Build (macos-latest)	UNKNOWN STEP	2026-09-29T12:20:27.4421680Z /Users/runner/go/pkg/mod
Build (macos-latest)	UNKNOWN STEP	2026-09-29T12:20:27.4428460Z /Users/runner/Library/Caches/go-build
Build (macos-latest)	UNKNOWN STEP	2026-09-29T12:20:27.4434510Z Cache hit occurred on the primary key setup-go-macOS-arm64-go-1.25.14-61bbf44200ea51c97db44eef9d5fd9d32d6f41e109b84a02d8ea08dac29e82dd, not saving cache.
Build (macos-latest)	UNKNOWN STEP	2026-09-29T12:20:27.4564350Z Post job cleanup.
Build (macos-latest)	UNKNOWN STEP	2026-09-29T12:20:27.6405510Z Cache up-to-date.
Build (macos-latest)	UNKNOWN STEP	2026-09-29T12:20:27.6644070Z Post job cleanup.
Build (macos-latest)	UNKNOWN STEP	2026-09-29T12:20:27.6648550Z ##[start-action display=Setup Rust Caching;id=__0dd766f3-41b1-43b5-8fa9-c699ba1b5044.__Swatinem_rust-cache]
Build (macos-latest)	UNKNOWN STEP	2026-09-29T12:20:27.6712050Z Post job cleanup.
Build (macos-latest)	UNKNOWN STEP	2026-09-29T12:20:27.9703050Z (node:2915) [DEP0040] DeprecationWarning: The `punycode` module is deprecated. Please use a userland alternative instead.
Build (macos-latest)	UNKNOWN STEP	2026-09-29T12:20:27.9704000Z (Use `node --trace-deprecation ...` to show where the warning was created)
Build (macos-latest)	UNKNOWN STEP	2026-09-29T12:20:27.9704490Z Cache up-to-date.
Build (macos-latest)	UNKNOWN STEP	2026-09-29T12:20:27.9753700Z ##[end-action id=__0dd766f3-41b1-43b5-8fa9-c699ba1b5044.__Swatinem_rust-cache;outcome=success;conclusion=success;duration_ms=310]
Build (macos-latest)	UNKNOWN STEP	2026-09-29T12:20:27.9828840Z Post job cleanup.
Build (macos-latest)	UNKNOWN STEP	2026-09-29T12:20:28.1065510Z [command]/opt/homebrew/bin/git version
Build (macos-latest)	UNKNOWN STEP	2026-09-29T12:20:28.1144890Z git version 2.55.0
Build (macos-latest)	UNKNOWN STEP	2026-09-29T12:20:28.1167340Z Copying '/Users/runner/.gitconfig' to '/Users/runner/work/_temp/10a8094b-cf26-40c9-936b-1563ceb53d6f/.gitconfig'
Build (macos-latest)	UNKNOWN STEP	2026-09-29T12:20:28.1177330Z Temporarily overriding HOME='/Users/runner/work/_temp/10a8094b-cf26-40c9-936b-1563ceb53d6f' before making global git config changes
Build (macos-latest)	UNKNOWN STEP	2026-09-29T12:20:28.1178330Z Adding repository directory to the temporary git global config as a safe directory
Build (macos-latest)	UNKNOWN STEP	2026-09-29T12:20:28.1181100Z [command]/opt/homebrew/bin/git config --global --add safe.directory /Users/runner/work/saksi/saksi
Build (macos-latest)	UNKNOWN STEP	2026-09-29T12:20:28.1269570Z [command]/opt/homebrew/bin/git config --local --name-only --get-regexp core\.sshCommand
Build (macos-latest)	UNKNOWN STEP	2026-09-29T12:20:28.1346690Z [command]/opt/homebrew/bin/git submodule foreach --recursive sh -c "git config --local --name-only --get-regexp 'core\.sshCommand' && git config --local --unset-all 'core.sshCommand' || :"
Build (macos-latest)	UNKNOWN STEP	2026-09-29T12:20:28.3404720Z [command]/opt/homebrew/bin/git config --local --name-only --get-regexp http\.https\:\/\/github\.com\/\.extraheader
Build (macos-latest)	UNKNOWN STEP	2026-09-29T12:20:28.3479620Z http.https://github.com/.extraheader
Build (macos-latest)	UNKNOWN STEP	2026-09-29T12:20:28.3487560Z [command]/opt/homebrew/bin/git config --local --unset-all http.https://github.com/.extraheader
Build (macos-latest)	UNKNOWN STEP	2026-09-29T12:20:28.3566120Z [command]/opt/homebrew/bin/git submodule foreach --recursive sh -c "git config --local --name-only --get-regexp 'http\.https\:\/\/github\.com\/\.extraheader' && git config --local --unset-all 'http.https://github.com/.extraheader' || :"
Build (macos-latest)	UNKNOWN STEP	2026-09-29T12:20:28.5676230Z [command]/opt/homebrew/bin/git config --local --name-only --get-regexp ^includeIf\.gitdir:
Build (macos-latest)	UNKNOWN STEP	2026-09-29T12:20:28.5908790Z [command]/opt/homebrew/bin/git submodule foreach --recursive git config --local --show-origin --name-only --get-regexp remote.origin.url
Build (macos-latest)	UNKNOWN STEP	2026-09-29T12:20:28.8423530Z Cleaning up orphan processes
Build (macos-latest)	UNKNOWN STEP	2026-09-29T12:20:29.1600340Z ##[warning]Node.js 20 is deprecated. The following actions target Node.js 20 but are being forced to run on Node.js 24: actions/checkout@v4, actions/setup-go@v5. For more information see: https://github.blog/changelog/2025-09-19-deprecation-of-node-20-on-github-actions-runners/
Lint (ubuntu-latest)	UNKNOWN STEP	﻿2026-09-29T12:17:53.1702782Z Current runner version: '2.337.0'
Lint (ubuntu-latest)	UNKNOWN STEP	2026-09-29T12:17:53.1727877Z ##[group]Runner Image Provisioner
Lint (ubuntu-latest)	UNKNOWN STEP	2026-09-29T12:17:53.1728745Z Hosted Compute Agent
Lint (ubuntu-latest)	UNKNOWN STEP	2026-09-29T12:17:53.1729470Z Version: 20260828.587
Lint (ubuntu-latest)	UNKNOWN STEP	2026-09-29T12:17:53.1730143Z Commit: abac92662cab4cc7352de4f9f9d2e2419aad9c29
Lint (ubuntu-latest)	UNKNOWN STEP	2026-09-29T12:17:53.1730878Z Build Date: 2026-08-28T16:44:25Z
Lint (ubuntu-latest)	UNKNOWN STEP	2026-09-29T12:17:53.1731648Z Worker ID: {96b74597-658f-48d2-8b56-c7a1c5a94c01}
Lint (ubuntu-latest)	UNKNOWN STEP	2026-09-29T12:17:53.1732434Z Azure Region: westus
Lint (ubuntu-latest)	UNKNOWN STEP	2026-09-29T12:17:53.1733080Z ##[endgroup]
Lint (ubuntu-latest)	UNKNOWN STEP	2026-09-29T12:17:53.1735022Z ##[group]Operating System
Lint (ubuntu-latest)	UNKNOWN STEP	2026-09-29T12:17:53.1735664Z Ubuntu
Lint (ubuntu-latest)	UNKNOWN STEP	2026-09-29T12:17:53.1736679Z 24.04.5
Lint (ubuntu-latest)	UNKNOWN STEP	2026-09-29T12:17:53.1737200Z LTS
Lint (ubuntu-latest)	UNKNOWN STEP	2026-09-29T12:17:53.1737801Z ##[endgroup]
Lint (ubuntu-latest)	UNKNOWN STEP	2026-09-29T12:17:53.1738406Z ##[group]Runner Image
Lint (ubuntu-latest)	UNKNOWN STEP	2026-09-29T12:17:53.1739009Z Image: ubuntu-24.04
Lint (ubuntu-latest)	UNKNOWN STEP	2026-09-29T12:17:53.1739625Z Version: 20260920.314.1
Lint (ubuntu-latest)	UNKNOWN STEP	2026-09-29T12:17:53.1741014Z Included Software: https://github.com/actions/runner-images/blob/ubuntu24/20260920.314/images/ubuntu/Ubuntu2404-Readme.md
Lint (ubuntu-latest)	UNKNOWN STEP	2026-09-29T12:17:53.1742680Z Image Release: https://github.com/actions/runner-images/releases/tag/ubuntu24%2F20260920.314
Lint (ubuntu-latest)	UNKNOWN STEP	2026-09-29T12:17:53.1743697Z ##[endgroup]
Lint (ubuntu-latest)	UNKNOWN STEP	2026-09-29T12:17:53.1745160Z ##[group]GITHUB_TOKEN Permissions
Lint (ubuntu-latest)	UNKNOWN STEP	2026-09-29T12:17:53.1747079Z Contents: read
Lint (ubuntu-latest)	UNKNOWN STEP	2026-09-29T12:17:53.1747782Z Metadata: read
Lint (ubuntu-latest)	UNKNOWN STEP	2026-09-29T12:17:53.1748355Z ##[endgroup]
Lint (ubuntu-latest)	UNKNOWN STEP	2026-09-29T12:17:53.1750567Z Secret source: Actions
Lint (ubuntu-latest)	UNKNOWN STEP	2026-09-29T12:17:53.1751543Z Cache mode: write
Lint (ubuntu-latest)	UNKNOWN STEP	2026-09-29T12:17:53.1752272Z Prepare workflow directory
Lint (ubuntu-latest)	UNKNOWN STEP	2026-09-29T12:17:53.2210193Z Prepare all required actions
Lint (ubuntu-latest)	UNKNOWN STEP	2026-09-29T12:17:53.2259684Z Getting action download info
Lint (ubuntu-latest)	UNKNOWN STEP	2026-09-29T12:17:53.6131765Z Download action repository 'actions/checkout@v4' (SHA:11d5960a326750d5838078e36cf38b85af677262)
Lint (ubuntu-latest)	UNKNOWN STEP	2026-09-29T12:17:53.7259891Z Download action repository 'actions-rust-lang/setup-rust-toolchain@v1' (SHA:166cdcfd11aee3cb47222f9ddb555ce30ddb9659)
Lint (ubuntu-latest)	UNKNOWN STEP	2026-09-29T12:17:53.9405785Z Download action repository 'Swatinem/rust-cache@v2' (SHA:6323deb102c322ba6fcbdcafc7e3dddab59af2b6)
Lint (ubuntu-latest)	UNKNOWN STEP	2026-09-29T12:17:54.4324368Z Download action repository 'actions/setup-go@v5' (SHA:40f1582b2485089dde7abd97c1529aa768e1baff)
Lint (ubuntu-latest)	UNKNOWN STEP	2026-09-29T12:17:55.0432401Z Getting action download info
Lint (ubuntu-latest)	UNKNOWN STEP	2026-09-29T12:17:55.2021501Z Download action repository 'Swatinem/rust-cache@c19371144df3bb44fab255c43d04cbc2ab54d1c4' (SHA:c19371144df3bb44fab255c43d04cbc2ab54d1c4)
Lint (ubuntu-latest)	UNKNOWN STEP	2026-09-29T12:17:55.7961028Z Complete job name: Lint (ubuntu-latest)
Lint (ubuntu-latest)	UNKNOWN STEP	2026-09-29T12:17:55.8808862Z ##[group]Run actions/checkout@v4
Lint (ubuntu-latest)	UNKNOWN STEP	2026-09-29T12:17:55.8809683Z with:
Lint (ubuntu-latest)	UNKNOWN STEP	2026-09-29T12:17:55.8810145Z   repository: saksi-framework/saksi
Lint (ubuntu-latest)	UNKNOWN STEP	2026-09-29T12:17:55.8812802Z   token: ***
Lint (ubuntu-latest)	UNKNOWN STEP	2026-09-29T12:17:55.8813162Z   ssh-strict: true
Lint (ubuntu-latest)	UNKNOWN STEP	2026-09-29T12:17:55.8813609Z   ssh-user: git
Lint (ubuntu-latest)	UNKNOWN STEP	2026-09-29T12:17:55.8814210Z   persist-credentials: true
Lint (ubuntu-latest)	UNKNOWN STEP	2026-09-29T12:17:55.8814668Z   clean: true
Lint (ubuntu-latest)	UNKNOWN STEP	2026-09-29T12:17:55.8815491Z   sparse-checkout-cone-mode: true
Lint (ubuntu-latest)	UNKNOWN STEP	2026-09-29T12:17:55.8816209Z   fetch-depth: 1
Lint (ubuntu-latest)	UNKNOWN STEP	2026-09-29T12:17:55.8816793Z   fetch-tags: false
Lint (ubuntu-latest)	UNKNOWN STEP	2026-09-29T12:17:55.8817528Z   show-progress: true
Lint (ubuntu-latest)	UNKNOWN STEP	2026-09-29T12:17:55.8818084Z   lfs: false
Lint (ubuntu-latest)	UNKNOWN STEP	2026-09-29T12:17:55.8818527Z   submodules: false
Lint (ubuntu-latest)	UNKNOWN STEP	2026-09-29T12:17:55.8818934Z   set-safe-directory: true
Lint (ubuntu-latest)	UNKNOWN STEP	2026-09-29T12:17:55.8819366Z   allow-unsafe-pr-checkout: false
Lint (ubuntu-latest)	UNKNOWN STEP	2026-09-29T12:17:55.8820172Z env:
Lint (ubuntu-latest)	UNKNOWN STEP	2026-09-29T12:17:55.8820635Z   CARGO_TERM_COLOR: always
Lint (ubuntu-latest)	UNKNOWN STEP	2026-09-29T12:17:55.8821520Z   GO_MODULES: packages/saksi-protocol/go
Lint (ubuntu-latest)	UNKNOWN STEP	packages/saksi-bulletin/chaincode
Lint (ubuntu-latest)	UNKNOWN STEP	packages/saksi-bulletin/client-sdk
Lint (ubuntu-latest)	UNKNOWN STEP	packages/saksi-campaign
Lint (ubuntu-latest)	UNKNOWN STEP	
Lint (ubuntu-latest)	UNKNOWN STEP	2026-09-29T12:17:55.8822358Z   GOFLAGS: -mod=mod
Lint (ubuntu-latest)	UNKNOWN STEP	2026-09-29T12:17:55.8822719Z ##[endgroup]
Lint (ubuntu-latest)	UNKNOWN STEP	2026-09-29T12:17:55.9990892Z Syncing repository: saksi-framework/saksi
Lint (ubuntu-latest)	UNKNOWN STEP	2026-09-29T12:17:55.9992709Z ##[group]Getting Git version info
Lint (ubuntu-latest)	UNKNOWN STEP	2026-09-29T12:17:55.9993160Z Working directory is '/home/runner/work/saksi/saksi'
Lint (ubuntu-latest)	UNKNOWN STEP	2026-09-29T12:17:55.9993796Z [command]/usr/bin/git version
Lint (ubuntu-latest)	UNKNOWN STEP	2026-09-29T12:17:56.0089309Z git version 2.55.0
Lint (ubuntu-latest)	UNKNOWN STEP	2026-09-29T12:17:56.0114151Z ##[endgroup]
Lint (ubuntu-latest)	UNKNOWN STEP	2026-09-29T12:17:56.0131646Z Temporarily overriding HOME='/home/runner/work/_temp/9d5f9d2c-731a-4e5a-99f4-ed4b448c776b' before making global git config changes
Lint (ubuntu-latest)	UNKNOWN STEP	2026-09-29T12:17:56.0137676Z Adding repository directory to the temporary git global config as a safe directory
Lint (ubuntu-latest)	UNKNOWN STEP	2026-09-29T12:17:56.0139496Z [command]/usr/bin/git config --global --add safe.directory /home/runner/work/saksi/saksi
Lint (ubuntu-latest)	UNKNOWN STEP	2026-09-29T12:17:56.0199071Z Deleting the contents of '/home/runner/work/saksi/saksi'
Lint (ubuntu-latest)	UNKNOWN STEP	2026-09-29T12:17:56.0203704Z ##[group]Initializing the repository
Lint (ubuntu-latest)	UNKNOWN STEP	2026-09-29T12:17:56.0210547Z [command]/usr/bin/git init /home/runner/work/saksi/saksi
Lint (ubuntu-latest)	UNKNOWN STEP	2026-09-29T12:17:56.0353624Z hint: Using 'master' as the name for the initial branch. This default branch name
Lint (ubuntu-latest)	UNKNOWN STEP	2026-09-29T12:17:56.0371828Z hint: will change to "main" in Git 3.0. To configure the initial branch name
Lint (ubuntu-latest)	UNKNOWN STEP	2026-09-29T12:17:56.0373109Z hint: to use in all of your new repositories, which will suppress this warning,
Lint (ubuntu-latest)	UNKNOWN STEP	2026-09-29T12:17:56.0373848Z hint: call:
Lint (ubuntu-latest)	UNKNOWN STEP	2026-09-29T12:17:56.0374466Z hint:
Lint (ubuntu-latest)	UNKNOWN STEP	2026-09-29T12:17:56.0374986Z hint: 	git config --global init.defaultBranch <name>
Lint (ubuntu-latest)	UNKNOWN STEP	2026-09-29T12:17:56.0375648Z hint:
Lint (ubuntu-latest)	UNKNOWN STEP	2026-09-29T12:17:56.0376223Z hint: Names commonly chosen instead of 'master' are 'main', 'trunk' and
Lint (ubuntu-latest)	UNKNOWN STEP	2026-09-29T12:17:56.0377175Z hint: 'development'. The just-created branch can be renamed via this command:
Lint (ubuntu-latest)	UNKNOWN STEP	2026-09-29T12:17:56.0377928Z hint:
Lint (ubuntu-latest)	UNKNOWN STEP	2026-09-29T12:17:56.0378374Z hint: 	git branch -m <name>
Lint (ubuntu-latest)	UNKNOWN STEP	2026-09-29T12:17:56.0378900Z hint:
Lint (ubuntu-latest)	UNKNOWN STEP	2026-09-29T12:17:56.0379612Z hint: Disable this message with "git config set advice.defaultBranchName false"
Lint (ubuntu-latest)	UNKNOWN STEP	2026-09-29T12:17:56.0380597Z Initialized empty Git repository in /home/runner/work/saksi/saksi/.git/
Lint (ubuntu-latest)	UNKNOWN STEP	2026-09-29T12:17:56.0386009Z [command]/usr/bin/git remote add origin https://github.com/saksi-framework/saksi
Lint (ubuntu-latest)	UNKNOWN STEP	2026-09-29T12:17:56.0439417Z ##[endgroup]
Lint (ubuntu-latest)	UNKNOWN STEP	2026-09-29T12:17:56.0440208Z ##[group]Disabling automatic garbage collection
Lint (ubuntu-latest)	UNKNOWN STEP	2026-09-29T12:17:56.0442947Z [command]/usr/bin/git config --local gc.auto 0
Lint (ubuntu-latest)	UNKNOWN STEP	2026-09-29T12:17:56.0495520Z ##[endgroup]
Lint (ubuntu-latest)	UNKNOWN STEP	2026-09-29T12:17:56.0496194Z ##[group]Setting up auth
Lint (ubuntu-latest)	UNKNOWN STEP	2026-09-29T12:17:56.0496938Z [command]/usr/bin/git config --local --name-only --get-regexp core\.sshCommand
Lint (ubuntu-latest)	UNKNOWN STEP	2026-09-29T12:17:56.0535723Z [command]/usr/bin/git submodule foreach --recursive sh -c "git config --local --name-only --get-regexp 'core\.sshCommand' && git config --local --unset-all 'core.sshCommand' || :"
Lint (ubuntu-latest)	UNKNOWN STEP	2026-09-29T12:17:56.0960055Z [command]/usr/bin/git config --local --name-only --get-regexp http\.https\:\/\/github\.com\/\.extraheader
Lint (ubuntu-latest)	UNKNOWN STEP	2026-09-29T12:17:56.0999404Z [command]/usr/bin/git submodule foreach --recursive sh -c "git config --local --name-only --get-regexp 'http\.https\:\/\/github\.com\/\.extraheader' && git config --local --unset-all 'http.https://github.com/.extraheader' || :"
Lint (ubuntu-latest)	UNKNOWN STEP	2026-09-29T12:17:56.1225963Z [command]/usr/bin/git config --local --name-only --get-regexp ^includeIf\.gitdir:
Lint (ubuntu-latest)	UNKNOWN STEP	2026-09-29T12:17:56.1262255Z [command]/usr/bin/git submodule foreach --recursive git config --local --show-origin --name-only --get-regexp remote.origin.url
Lint (ubuntu-latest)	UNKNOWN STEP	2026-09-29T12:17:56.1502038Z [command]/usr/bin/git config --local http.https://github.com/.extraheader AUTHORIZATION: basic ***
Lint (ubuntu-latest)	UNKNOWN STEP	2026-09-29T12:17:56.1543245Z ##[endgroup]
Lint (ubuntu-latest)	UNKNOWN STEP	2026-09-29T12:17:56.1544193Z ##[group]Fetching the repository
Lint (ubuntu-latest)	UNKNOWN STEP	2026-09-29T12:17:56.1553259Z [command]/usr/bin/git -c protocol.version=2 fetch --no-tags --prune --no-recurse-submodules --depth=1 origin +4a38a54fe0223b58f28c53ec54e47fbeab222837:refs/remotes/origin/main
Lint (ubuntu-latest)	UNKNOWN STEP	2026-09-29T12:17:56.8315810Z From https://github.com/saksi-framework/saksi
Lint (ubuntu-latest)	UNKNOWN STEP	2026-09-29T12:17:56.8317171Z  * [new ref]         4a38a54fe0223b58f28c53ec54e47fbeab222837 -> origin/main
Lint (ubuntu-latest)	UNKNOWN STEP	2026-09-29T12:17:56.8322332Z ##[endgroup]
Lint (ubuntu-latest)	UNKNOWN STEP	2026-09-29T12:17:56.8323167Z ##[group]Determining the checkout info
Lint (ubuntu-latest)	UNKNOWN STEP	2026-09-29T12:17:56.8327483Z ##[endgroup]
Lint (ubuntu-latest)	UNKNOWN STEP	2026-09-29T12:17:56.8335900Z [command]/usr/bin/git sparse-checkout disable
Lint (ubuntu-latest)	UNKNOWN STEP	2026-09-29T12:17:56.8403657Z [command]/usr/bin/git config --local --unset-all extensions.worktreeConfig
Lint (ubuntu-latest)	UNKNOWN STEP	2026-09-29T12:17:56.8440575Z ##[group]Checking out the ref
Lint (ubuntu-latest)	UNKNOWN STEP	2026-09-29T12:17:56.8447750Z [command]/usr/bin/git checkout --progress --force -B main refs/remotes/origin/main
Lint (ubuntu-latest)	UNKNOWN STEP	2026-09-29T12:17:56.8753539Z Switched to a new branch 'main'
Lint (ubuntu-latest)	UNKNOWN STEP	2026-09-29T12:17:56.8761355Z branch 'main' set up to track 'origin/main'.
Lint (ubuntu-latest)	UNKNOWN STEP	2026-09-29T12:17:56.8767691Z ##[endgroup]
Lint (ubuntu-latest)	UNKNOWN STEP	2026-09-29T12:17:56.8824329Z [command]/usr/bin/git log -1 --format=%H
Lint (ubuntu-latest)	UNKNOWN STEP	2026-09-29T12:17:56.8854531Z 4a38a54fe0223b58f28c53ec54e47fbeab222837
Lint (ubuntu-latest)	UNKNOWN STEP	2026-09-29T12:17:56.9273389Z ##[group]Run actions-rust-lang/setup-rust-toolchain@v1
Lint (ubuntu-latest)	UNKNOWN STEP	2026-09-29T12:17:56.9273825Z with:
Lint (ubuntu-latest)	UNKNOWN STEP	2026-09-29T12:17:56.9274319Z   components: clippy,rustfmt
Lint (ubuntu-latest)	UNKNOWN STEP	2026-09-29T12:17:56.9274625Z   cache: true
Lint (ubuntu-latest)	UNKNOWN STEP	2026-09-29T12:17:56.9274887Z   cache-on-failure: true
Lint (ubuntu-latest)	UNKNOWN STEP	2026-09-29T12:17:56.9275164Z   cache-bin: true
Lint (ubuntu-latest)	UNKNOWN STEP	2026-09-29T12:17:56.9275440Z   cache-provider: github
Lint (ubuntu-latest)	UNKNOWN STEP	2026-09-29T12:17:56.9275744Z   cache-all-crates: false
Lint (ubuntu-latest)	UNKNOWN STEP	2026-09-29T12:17:56.9276049Z   cache-workspace-crates: false
Lint (ubuntu-latest)	UNKNOWN STEP	2026-09-29T12:17:56.9276364Z   cache-save-if: true
Lint (ubuntu-latest)	UNKNOWN STEP	2026-09-29T12:17:56.9276633Z   cache-targets: true
Lint (ubuntu-latest)	UNKNOWN STEP	2026-09-29T12:17:56.9277003Z   matcher: true
Lint (ubuntu-latest)	UNKNOWN STEP	2026-09-29T12:17:56.9277446Z   rustflags: -D warnings
Lint (ubuntu-latest)	UNKNOWN STEP	2026-09-29T12:17:56.9277724Z   override: true
Lint (ubuntu-latest)	UNKNOWN STEP	2026-09-29T12:17:56.9277992Z env:
Lint (ubuntu-latest)	UNKNOWN STEP	2026-09-29T12:17:56.9278373Z   CARGO_TERM_COLOR: always
Lint (ubuntu-latest)	UNKNOWN STEP	2026-09-29T12:17:56.9279124Z   GO_MODULES: packages/saksi-protocol/go
Lint (ubuntu-latest)	UNKNOWN STEP	packages/saksi-bulletin/chaincode
Lint (ubuntu-latest)	UNKNOWN STEP	packages/saksi-bulletin/client-sdk
Lint (ubuntu-latest)	UNKNOWN STEP	packages/saksi-campaign
Lint (ubuntu-latest)	UNKNOWN STEP	
Lint (ubuntu-latest)	UNKNOWN STEP	2026-09-29T12:17:56.9279848Z   GOFLAGS: -mod=mod
Lint (ubuntu-latest)	UNKNOWN STEP	2026-09-29T12:17:56.9280116Z ##[endgroup]
Lint (ubuntu-latest)	UNKNOWN STEP	2026-09-29T12:17:56.9342525Z ##[start-action display=Unbork mac;id=__actions-rust-lang_setup-rust-toolchain.__run]
Lint (ubuntu-latest)	UNKNOWN STEP	2026-09-29T12:17:56.9362447Z ##[end-action id=__actions-rust-lang_setup-rust-toolchain.__run;outcome=skipped;conclusion=skipped;duration_ms=0]
Lint (ubuntu-latest)	UNKNOWN STEP	2026-09-29T12:17:56.9399859Z ##[start-action display=Run : construct rustup command line;id=__actions-rust-lang_setup-rust-toolchain.flags]
Lint (ubuntu-latest)	UNKNOWN STEP	2026-09-29T12:17:56.9440622Z ##[group]Run : construct rustup command line
Lint (ubuntu-latest)	UNKNOWN STEP	2026-09-29T12:17:56.9441071Z ^[[36;1m: construct rustup command line^[[0m
Lint (ubuntu-latest)	UNKNOWN STEP	2026-09-29T12:17:56.9441690Z ^[[36;1mecho "targets=$(for t in ${_srt_targets//,/ }; do echo -n ' --target' $t; done)" >> $GITHUB_OUTPUT^[[0m
Lint (ubuntu-latest)	UNKNOWN STEP	2026-09-29T12:17:56.9442493Z ^[[36;1mecho "components=$(for c in ${_srt_components//,/ }; do echo -n ' --component' $c; done)" >> $GITHUB_OUTPUT^[[0m
Lint (ubuntu-latest)	UNKNOWN STEP	2026-09-29T12:17:56.9443090Z ^[[36;1mecho "downgrade=" >> $GITHUB_OUTPUT^[[0m
Lint (ubuntu-latest)	UNKNOWN STEP	2026-09-29T12:17:56.9746647Z shell: /usr/bin/bash --noprofile --norc -e -o pipefail {0}
Lint (ubuntu-latest)	UNKNOWN STEP	2026-09-29T12:17:56.9747282Z env:
Lint (ubuntu-latest)	UNKNOWN STEP	2026-09-29T12:17:56.9747661Z   CARGO_TERM_COLOR: always
Lint (ubuntu-latest)	UNKNOWN STEP	2026-09-29T12:17:56.9748693Z   GO_MODULES: packages/saksi-protocol/go
Lint (ubuntu-latest)	UNKNOWN STEP	packages/saksi-bulletin/chaincode
Lint (ubuntu-latest)	UNKNOWN STEP	packages/saksi-bulletin/client-sdk
Lint (ubuntu-latest)	UNKNOWN STEP	packages/saksi-campaign
Lint (ubuntu-latest)	UNKNOWN STEP	
Lint (ubuntu-latest)	UNKNOWN STEP	2026-09-29T12:17:56.9749772Z   GOFLAGS: -mod=mod
Lint (ubuntu-latest)	UNKNOWN STEP	2026-09-29T12:17:56.9750170Z   _srt_targets: 
Lint (ubuntu-latest)	UNKNOWN STEP	2026-09-29T12:17:56.9750581Z   _srt_components: clippy,rustfmt
Lint (ubuntu-latest)	UNKNOWN STEP	2026-09-29T12:17:56.9751047Z ##[endgroup]
Lint (ubuntu-latest)	UNKNOWN STEP	2026-09-29T12:17:56.9898683Z ##[end-action id=__actions-rust-lang_setup-rust-toolchain.flags;outcome=success;conclusion=success;duration_ms=49]
Lint (ubuntu-latest)	UNKNOWN STEP	2026-09-29T12:17:56.9905094Z ##[start-action display=Setting Environment Variables;id=__actions-rust-lang_setup-rust-toolchain.__run_2]
Lint (ubuntu-latest)	UNKNOWN STEP	2026-09-29T12:17:56.9927416Z ##[group]Run if [[ ! -v CARGO_INCREMENTAL ]]; then
Lint (ubuntu-latest)	UNKNOWN STEP	2026-09-29T12:17:56.9927860Z ^[[36;1mif [[ ! -v CARGO_INCREMENTAL ]]; then^[[0m
Lint (ubuntu-latest)	UNKNOWN STEP	2026-09-29T12:17:56.9928240Z ^[[36;1m  echo "CARGO_INCREMENTAL=0" >> $GITHUB_ENV^[[0m
Lint (ubuntu-latest)	UNKNOWN STEP	2026-09-29T12:17:56.9928595Z ^[[36;1mfi^[[0m
Lint (ubuntu-latest)	UNKNOWN STEP	2026-09-29T12:17:56.9928874Z ^[[36;1mif [[ ! -v CARGO_PROFILE_DEV_DEBUG ]]; then^[[0m
Lint (ubuntu-latest)	UNKNOWN STEP	2026-09-29T12:17:56.9929271Z ^[[36;1m  echo "CARGO_PROFILE_DEV_DEBUG=0" >> $GITHUB_ENV^[[0m
Lint (ubuntu-latest)	UNKNOWN STEP	2026-09-29T12:17:56.9929621Z ^[[36;1mfi^[[0m
Lint (ubuntu-latest)	UNKNOWN STEP	2026-09-29T12:17:56.9929889Z ^[[36;1mif [[ ! -v CARGO_TERM_COLOR ]]; then^[[0m
Lint (ubuntu-latest)	UNKNOWN STEP	2026-09-29T12:17:56.9930272Z ^[[36;1m  echo "CARGO_TERM_COLOR=always" >> $GITHUB_ENV^[[0m
Lint (ubuntu-latest)	UNKNOWN STEP	2026-09-29T12:17:56.9930617Z ^[[36;1mfi^[[0m
Lint (ubuntu-latest)	UNKNOWN STEP	2026-09-29T12:17:56.9930877Z ^[[36;1mif [[ ! -v RUST_BACKTRACE ]]; then^[[0m
Lint (ubuntu-latest)	UNKNOWN STEP	2026-09-29T12:17:56.9931249Z ^[[36;1m  echo "RUST_BACKTRACE=short" >> $GITHUB_ENV^[[0m
Lint (ubuntu-latest)	UNKNOWN STEP	2026-09-29T12:17:56.9931579Z ^[[36;1mfi^[[0m
Lint (ubuntu-latest)	UNKNOWN STEP	2026-09-29T12:17:56.9931898Z ^[[36;1mif [[ ( ! -v RUSTFLAGS ) && $_srt_NEW_RUSTFLAGS != "" ]]; then^[[0m
Lint (ubuntu-latest)	UNKNOWN STEP	2026-09-29T12:17:56.9932604Z ^[[36;1m  echo "RUSTFLAGS=$_srt_NEW_RUSTFLAGS" >> $GITHUB_ENV^[[0m
Lint (ubuntu-latest)	UNKNOWN STEP	2026-09-29T12:17:56.9932971Z ^[[36;1mfi^[[0m
Lint (ubuntu-latest)	UNKNOWN STEP	2026-09-29T12:17:56.9933241Z ^[[36;1m# Enable faster sparse index on nightly^[[0m
Lint (ubuntu-latest)	UNKNOWN STEP	2026-09-29T12:17:56.9933836Z ^[[36;1m# The value is ignored on stable and causes no problems^[[0m
Lint (ubuntu-latest)	UNKNOWN STEP	2026-09-29T12:17:56.9934799Z ^[[36;1m# https://internals.rust-lang.org/t/call-for-testing-cargo-sparse-registry/16862^[[0m
Lint (ubuntu-latest)	UNKNOWN STEP	2026-09-29T12:17:56.9935371Z ^[[36;1mif [[ ! -v CARGO_UNSTABLE_SPARSE_REGISTRY ]]; then^[[0m
Lint (ubuntu-latest)	UNKNOWN STEP	2026-09-29T12:17:56.9935825Z ^[[36;1m  echo "CARGO_UNSTABLE_SPARSE_REGISTRY=true" >> $GITHUB_ENV^[[0m
Lint (ubuntu-latest)	UNKNOWN STEP	2026-09-29T12:17:56.9936208Z ^[[36;1mfi^[[0m
Lint (ubuntu-latest)	UNKNOWN STEP	2026-09-29T12:17:56.9936514Z ^[[36;1mif [[ ! -v CARGO_REGISTRIES_CRATES_IO_PROTOCOL ]]; then^[[0m
Lint (ubuntu-latest)	UNKNOWN STEP	2026-09-29T12:17:56.9936996Z ^[[36;1m  echo "CARGO_REGISTRIES_CRATES_IO_PROTOCOL=sparse" >> $GITHUB_ENV^[[0m
Lint (ubuntu-latest)	UNKNOWN STEP	2026-09-29T12:17:56.9937428Z ^[[36;1mfi^[[0m
Lint (ubuntu-latest)	UNKNOWN STEP	2026-09-29T12:17:56.9999015Z shell: /usr/bin/bash --noprofile --norc -e -o pipefail {0}
Lint (ubuntu-latest)	UNKNOWN STEP	2026-09-29T12:17:56.9999445Z env:
Lint (ubuntu-latest)	UNKNOWN STEP	2026-09-29T12:17:56.9999698Z   CARGO_TERM_COLOR: always
Lint (ubuntu-latest)	UNKNOWN STEP	2026-09-29T12:17:57.0000360Z   GO_MODULES: packages/saksi-protocol/go
Lint (ubuntu-latest)	UNKNOWN STEP	packages/saksi-bulletin/chaincode
Lint (ubuntu-latest)	UNKNOWN STEP	packages/saksi-bulletin/client-sdk
Lint (ubuntu-latest)	UNKNOWN STEP	packages/saksi-campaign
Lint (ubuntu-latest)	UNKNOWN STEP	
Lint (ubuntu-latest)	UNKNOWN STEP	2026-09-29T12:17:57.0001065Z   GOFLAGS: -mod=mod
Lint (ubuntu-latest)	UNKNOWN STEP	2026-09-29T12:17:57.0001351Z   _srt_NEW_RUSTFLAGS: -D warnings
Lint (ubuntu-latest)	UNKNOWN STEP	2026-09-29T12:17:57.0001653Z ##[endgroup]
Lint (ubuntu-latest)	UNKNOWN STEP	2026-09-29T12:17:57.0096574Z ##[end-action id=__actions-rust-lang_setup-rust-toolchain.__run_2;outcome=success;conclusion=success;duration_ms=19]
Lint (ubuntu-latest)	UNKNOWN STEP	2026-09-29T12:17:57.0099349Z ##[start-action display=Install Rust Problem Matcher;id=__actions-rust-lang_setup-rust-toolchain.__run_3]
Lint (ubuntu-latest)	UNKNOWN STEP	2026-09-29T12:17:57.0124459Z ##[group]Run echo "::add-matcher::/home/runner/work/_actions/actions-rust-lang/setup-rust-toolchain/v1/rust.json"
Lint (ubuntu-latest)	UNKNOWN STEP	2026-09-29T12:17:57.0125306Z ^[[36;1mecho "::add-matcher::/home/runner/work/_actions/actions-rust-lang/setup-rust-toolchain/v1/rust.json"^[[0m
Lint (ubuntu-latest)	UNKNOWN STEP	2026-09-29T12:17:57.0185988Z shell: /usr/bin/bash --noprofile --norc -e -o pipefail {0}
Lint (ubuntu-latest)	UNKNOWN STEP	2026-09-29T12:17:57.0186414Z env:
Lint (ubuntu-latest)	UNKNOWN STEP	2026-09-29T12:17:57.0186672Z   CARGO_TERM_COLOR: always
Lint (ubuntu-latest)	UNKNOWN STEP	2026-09-29T12:17:57.0187400Z   GO_MODULES: packages/saksi-protocol/go
Lint (ubuntu-latest)	UNKNOWN STEP	packages/saksi-bulletin/chaincode
Lint (ubuntu-latest)	UNKNOWN STEP	packages/saksi-bulletin/client-sdk
Lint (ubuntu-latest)	UNKNOWN STEP	packages/saksi-campaign
Lint (ubuntu-latest)	UNKNOWN STEP	
Lint (ubuntu-latest)	UNKNOWN STEP	2026-09-29T12:17:57.0188142Z   GOFLAGS: -mod=mod
Lint (ubuntu-latest)	UNKNOWN STEP	2026-09-29T12:17:57.0188424Z   CARGO_INCREMENTAL: 0
Lint (ubuntu-latest)	UNKNOWN STEP	2026-09-29T12:17:57.0188728Z   CARGO_PROFILE_DEV_DEBUG: 0
Lint (ubuntu-latest)	UNKNOWN STEP	2026-09-29T12:17:57.0189036Z   RUST_BACKTRACE: short
Lint (ubuntu-latest)	UNKNOWN STEP	2026-09-29T12:17:57.0189329Z   RUSTFLAGS: -D warnings
Lint (ubuntu-latest)	UNKNOWN STEP	2026-09-29T12:17:57.0189645Z   CARGO_UNSTABLE_SPARSE_REGISTRY: true
Lint (ubuntu-latest)	UNKNOWN STEP	2026-09-29T12:17:57.0190020Z   CARGO_REGISTRIES_CRATES_IO_PROTOCOL: sparse
Lint (ubuntu-latest)	UNKNOWN STEP	2026-09-29T12:17:57.0190380Z ##[endgroup]
Lint (ubuntu-latest)	UNKNOWN STEP	2026-09-29T12:17:57.0299857Z ##[end-action id=__actions-rust-lang_setup-rust-toolchain.__run_3;outcome=success;conclusion=success;duration_ms=19]
Lint (ubuntu-latest)	UNKNOWN STEP	2026-09-29T12:17:57.0303534Z ##[start-action display=Install rustup, if needed;id=__actions-rust-lang_setup-rust-toolchain.__run_4]
Lint (ubuntu-latest)	UNKNOWN STEP	2026-09-29T12:17:57.0325206Z ##[group]Run if ! command -v rustup &> /dev/null ; then
Lint (ubuntu-latest)	UNKNOWN STEP	2026-09-29T12:17:57.0325665Z ^[[36;1mif ! command -v rustup &> /dev/null ; then^[[0m
Lint (ubuntu-latest)	UNKNOWN STEP	2026-09-29T12:17:57.0326396Z ^[[36;1m  curl --proto '=https' --tlsv1.2 --retry 10 --retry-connrefused -fsSL "https://sh.rustup.rs" | sh -s -- --default-toolchain none -y^[[0m
Lint (ubuntu-latest)	UNKNOWN STEP	2026-09-29T12:17:57.0327051Z ^[[36;1m^[[0m
Lint (ubuntu-latest)	UNKNOWN STEP	2026-09-29T12:17:57.0327374Z ^[[36;1m  # Resolve the correct CARGO_HOME path depending on OS^[[0m
Lint (ubuntu-latest)	UNKNOWN STEP	2026-09-29T12:17:57.0327798Z ^[[36;1m  if [[ "$RUNNER_OS" == "Windows" ]]; then^[[0m
Lint (ubuntu-latest)	UNKNOWN STEP	2026-09-29T12:17:57.0328284Z ^[[36;1m    echo "${CARGO_HOME:-$USERPROFILE/.cargo}/bin" | sed 's|/|\\|g' >> $GITHUB_PATH^[[0m
Lint (ubuntu-latest)	UNKNOWN STEP	2026-09-29T12:17:57.0328741Z ^[[36;1m  else^[[0m
Lint (ubuntu-latest)	UNKNOWN STEP	2026-09-29T12:17:57.0357876Z ^[[36;1m    echo "${CARGO_HOME:-$HOME/.cargo}/bin" >> $GITHUB_PATH^[[0m
Lint (ubuntu-latest)	UNKNOWN STEP	2026-09-29T12:17:57.0358585Z ^[[36;1m  fi^[[0m
Lint (ubuntu-latest)	UNKNOWN STEP	2026-09-29T12:17:57.0359003Z ^[[36;1mfi^[[0m
Lint (ubuntu-latest)	UNKNOWN STEP	2026-09-29T12:17:57.0422428Z shell: /usr/bin/bash --noprofile --norc -e -o pipefail {0}
Lint (ubuntu-latest)	UNKNOWN STEP	2026-09-29T12:17:57.0423015Z env:
Lint (ubuntu-latest)	UNKNOWN STEP	2026-09-29T12:17:57.0423268Z   CARGO_TERM_COLOR: always
Lint (ubuntu-latest)	UNKNOWN STEP	2026-09-29T12:17:57.0424169Z   GO_MODULES: packages/saksi-protocol/go
Lint (ubuntu-latest)	UNKNOWN STEP	packages/saksi-bulletin/chaincode
Lint (ubuntu-latest)	UNKNOWN STEP	packages/saksi-bulletin/client-sdk
Lint (ubuntu-latest)	UNKNOWN STEP	packages/saksi-campaign
Lint (ubuntu-latest)	UNKNOWN STEP	
Lint (ubuntu-latest)	UNKNOWN STEP	2026-09-29T12:17:57.0424876Z   GOFLAGS: -mod=mod
Lint (ubuntu-latest)	UNKNOWN STEP	2026-09-29T12:17:57.0425300Z   CARGO_INCREMENTAL: 0
Lint (ubuntu-latest)	UNKNOWN STEP	2026-09-29T12:17:57.0425595Z   CARGO_PROFILE_DEV_DEBUG: 0
Lint (ubuntu-latest)	UNKNOWN STEP	2026-09-29T12:17:57.0425891Z   RUST_BACKTRACE: short
Lint (ubuntu-latest)	UNKNOWN STEP	2026-09-29T12:17:57.0426173Z   RUSTFLAGS: -D warnings
Lint (ubuntu-latest)	UNKNOWN STEP	2026-09-29T12:17:57.0426464Z   CARGO_UNSTABLE_SPARSE_REGISTRY: true
Lint (ubuntu-latest)	UNKNOWN STEP	2026-09-29T12:17:57.0426812Z   CARGO_REGISTRIES_CRATES_IO_PROTOCOL: sparse
Lint (ubuntu-latest)	UNKNOWN STEP	2026-09-29T12:17:57.0427148Z   RUNNER_OS: Linux
Lint (ubuntu-latest)	UNKNOWN STEP	2026-09-29T12:17:57.0427411Z ##[endgroup]
Lint (ubuntu-latest)	UNKNOWN STEP	2026-09-29T12:17:57.0518044Z ##[end-action id=__actions-rust-lang_setup-rust-toolchain.__run_4;outcome=success;conclusion=success;duration_ms=21]
Lint (ubuntu-latest)	UNKNOWN STEP	2026-09-29T12:17:57.0524482Z ##[start-action display=rustup toolchain install stable;id=__actions-rust-lang_setup-rust-toolchain.__run_5]
Lint (ubuntu-latest)	UNKNOWN STEP	2026-09-29T12:17:57.0548788Z ##[group]Run # Check if value is set
Lint (ubuntu-latest)	UNKNOWN STEP	2026-09-29T12:17:57.0549193Z ^[[36;1m# Check if value is set^[[0m
Lint (ubuntu-latest)	UNKNOWN STEP	2026-09-29T12:17:57.0549528Z ^[[36;1mif [[ -n "$_srt_rust_src_dir" ]]^[[0m
Lint (ubuntu-latest)	UNKNOWN STEP	2026-09-29T12:17:57.0549856Z ^[[36;1mthen^[[0m
Lint (ubuntu-latest)	UNKNOWN STEP	2026-09-29T12:17:57.0550166Z ^[[36;1m  # If value is set the directory must exist^[[0m
Lint (ubuntu-latest)	UNKNOWN STEP	2026-09-29T12:17:57.0550550Z ^[[36;1m  if [[ -d "$_srt_rust_src_dir" ]]^[[0m
Lint (ubuntu-latest)	UNKNOWN STEP	2026-09-29T12:17:57.0550869Z ^[[36;1m  then^[[0m
Lint (ubuntu-latest)	UNKNOWN STEP	2026-09-29T12:17:57.0551122Z ^[[36;1m    cd "$_srt_rust_src_dir"^[[0m
Lint (ubuntu-latest)	UNKNOWN STEP	2026-09-29T12:17:57.0551414Z ^[[36;1m  else^[[0m
Lint (ubuntu-latest)	UNKNOWN STEP	2026-09-29T12:17:57.0551777Z ^[[36;1m    echo "'rust-src-dir' does not point to an existing directory" >&2^[[0m
Lint (ubuntu-latest)	UNKNOWN STEP	2026-09-29T12:17:57.0552313Z ^[[36;1m    echo "The value of 'rust-src-dir' is: ${_srt_rust_src_dir}" >&2^[[0m
Lint (ubuntu-latest)	UNKNOWN STEP	2026-09-29T12:17:57.0552718Z ^[[36;1m    exit 1^[[0m
Lint (ubuntu-latest)	UNKNOWN STEP	2026-09-29T12:17:57.0552968Z ^[[36;1m  fi^[[0m
Lint (ubuntu-latest)	UNKNOWN STEP	2026-09-29T12:17:57.0553201Z ^[[36;1mfi^[[0m
Lint (ubuntu-latest)	UNKNOWN STEP	2026-09-29T12:17:57.0553593Z ^[[36;1mif [[ -z "$_srt_toolchain" && ( -f "rust-toolchain" || -f "rust-toolchain.toml") ]]^[[0m
Lint (ubuntu-latest)	UNKNOWN STEP	2026-09-29T12:17:57.0554355Z ^[[36;1mthen^[[0m
Lint (ubuntu-latest)	UNKNOWN STEP	2026-09-29T12:17:57.0554682Z ^[[36;1m  # Install the toolchain as specified in the file^[[0m
Lint (ubuntu-latest)	UNKNOWN STEP	2026-09-29T12:17:57.0555161Z ^[[36;1m  # rustup show is the old way that implicitly installed a toolchain^[[0m
Lint (ubuntu-latest)	UNKNOWN STEP	2026-09-29T12:17:57.0555662Z ^[[36;1m  # rustup toolchain install is the new explicit way^[[0m
Lint (ubuntu-latest)	UNKNOWN STEP	2026-09-29T12:17:57.0556196Z ^[[36;1m  # https://github.com/rust-lang/rustup/issues/3635#issuecomment-2343511297^[[0m
Lint (ubuntu-latest)	UNKNOWN STEP	2026-09-29T12:17:57.0556760Z ^[[36;1m  rustup show active-toolchain || rustup toolchain install^[[0m
Lint (ubuntu-latest)	UNKNOWN STEP	2026-09-29T12:17:57.0557190Z ^[[36;1m  if [[ -n $_srt_components ]]; then^[[0m
Lint (ubuntu-latest)	UNKNOWN STEP	2026-09-29T12:17:57.0557574Z ^[[36;1m    rustup component add ${_srt_components//,/ }^[[0m
Lint (ubuntu-latest)	UNKNOWN STEP	2026-09-29T12:17:57.0557917Z ^[[36;1m  fi^[[0m
Lint (ubuntu-latest)	UNKNOWN STEP	2026-09-29T12:17:57.0558172Z ^[[36;1m  if [[ -n $_srt_targets ]]; then^[[0m
Lint (ubuntu-latest)	UNKNOWN STEP	2026-09-29T12:17:57.0558521Z ^[[36;1m    rustup target add ${_srt_targets//,/ }^[[0m
Lint (ubuntu-latest)	UNKNOWN STEP	2026-09-29T12:17:57.0558848Z ^[[36;1m  fi^[[0m
Lint (ubuntu-latest)	UNKNOWN STEP	2026-09-29T12:17:57.0559086Z ^[[36;1melse^[[0m
Lint (ubuntu-latest)	UNKNOWN STEP	2026-09-29T12:17:57.0559346Z ^[[36;1m  if [[ -z "$_srt_toolchain" ]]^[[0m
Lint (ubuntu-latest)	UNKNOWN STEP	2026-09-29T12:17:57.0559655Z ^[[36;1m  then^[[0m
Lint (ubuntu-latest)	UNKNOWN STEP	2026-09-29T12:17:57.0559909Z ^[[36;1m    _srt_toolchain=stable^[[0m
Lint (ubuntu-latest)	UNKNOWN STEP	2026-09-29T12:17:57.0560198Z ^[[36;1m  fi^[[0m
Lint (ubuntu-latest)	UNKNOWN STEP	2026-09-29T12:17:57.0560754Z ^[[36;1m  rustup toolchain install ${_srt_toolchain//,/ }  --component clippy --component rustfmt --profile minimal --no-self-update^[[0m
Lint (ubuntu-latest)	UNKNOWN STEP	2026-09-29T12:17:57.0561395Z ^[[36;1m  # Take the last element from the list^[[0m
Lint (ubuntu-latest)	UNKNOWN STEP	2026-09-29T12:17:57.0561755Z ^[[36;1m  if [[ "$_srt_override" == "true" ]]^[[0m
Lint (ubuntu-latest)	UNKNOWN STEP	2026-09-29T12:17:57.0562076Z ^[[36;1m  then^[[0m
Lint (ubuntu-latest)	UNKNOWN STEP	2026-09-29T12:17:57.0562366Z ^[[36;1m    rustup override set ${_srt_toolchain//*,/ }^[[0m
Lint (ubuntu-latest)	UNKNOWN STEP	2026-09-29T12:17:57.0562709Z ^[[36;1m  fi^[[0m
Lint (ubuntu-latest)	UNKNOWN STEP	2026-09-29T12:17:57.0562940Z ^[[36;1mfi^[[0m
Lint (ubuntu-latest)	UNKNOWN STEP	2026-09-29T12:17:57.0621587Z shell: /usr/bin/bash --noprofile --norc -e -o pipefail {0}
Lint (ubuntu-latest)	UNKNOWN STEP	2026-09-29T12:17:57.0621994Z env:
Lint (ubuntu-latest)	UNKNOWN STEP	2026-09-29T12:17:57.0622240Z   CARGO_TERM_COLOR: always
Lint (ubuntu-latest)	UNKNOWN STEP	2026-09-29T12:17:57.0622901Z   GO_MODULES: packages/saksi-protocol/go
Lint (ubuntu-latest)	UNKNOWN STEP	packages/saksi-bulletin/chaincode
Lint (ubuntu-latest)	UNKNOWN STEP	packages/saksi-bulletin/client-sdk
Lint (ubuntu-latest)	UNKNOWN STEP	packages/saksi-campaign
Lint (ubuntu-latest)	UNKNOWN STEP	
Lint (ubuntu-latest)	UNKNOWN STEP	2026-09-29T12:17:57.0623747Z   GOFLAGS: -mod=mod
Lint (ubuntu-latest)	UNKNOWN STEP	2026-09-29T12:17:57.0624368Z   CARGO_INCREMENTAL: 0
Lint (ubuntu-latest)	UNKNOWN STEP	2026-09-29T12:17:57.0624662Z   CARGO_PROFILE_DEV_DEBUG: 0
Lint (ubuntu-latest)	UNKNOWN STEP	2026-09-29T12:17:57.0625120Z   RUST_BACKTRACE: short
Lint (ubuntu-latest)	UNKNOWN STEP	2026-09-29T12:17:57.0625412Z   RUSTFLAGS: -D warnings
Lint (ubuntu-latest)	UNKNOWN STEP	2026-09-29T12:17:57.0625713Z   CARGO_UNSTABLE_SPARSE_REGISTRY: true
Lint (ubuntu-latest)	UNKNOWN STEP	2026-09-29T12:17:57.0626076Z   CARGO_REGISTRIES_CRATES_IO_PROTOCOL: sparse
Lint (ubuntu-latest)	UNKNOWN STEP	2026-09-29T12:17:57.0626412Z   _srt_toolchain: 
Lint (ubuntu-latest)	UNKNOWN STEP	2026-09-29T12:17:57.0626658Z   _srt_targets: 
Lint (ubuntu-latest)	UNKNOWN STEP	2026-09-29T12:17:57.0626924Z   _srt_components: clippy,rustfmt
Lint (ubuntu-latest)	UNKNOWN STEP	2026-09-29T12:17:57.0627227Z   _srt_override: true
Lint (ubuntu-latest)	UNKNOWN STEP	2026-09-29T12:17:57.0627485Z   _srt_rust_src_dir: 
Lint (ubuntu-latest)	UNKNOWN STEP	2026-09-29T12:17:57.0627739Z ##[endgroup]
Lint (ubuntu-latest)	UNKNOWN STEP	2026-09-29T12:17:57.1560877Z stable-x86_64-unknown-linux-gnu (overridden by '/home/runner/work/saksi/saksi/rust-toolchain.toml')
Lint (ubuntu-latest)	UNKNOWN STEP	2026-09-29T12:17:57.2484994Z info: component clippy is up to date
Lint (ubuntu-latest)	UNKNOWN STEP	2026-09-29T12:17:57.2485792Z info: component rustfmt is up to date
Lint (ubuntu-latest)	UNKNOWN STEP	2026-09-29T12:17:57.2517485Z ##[end-action id=__actions-rust-lang_setup-rust-toolchain.__run_5;outcome=success;conclusion=success;duration_ms=199]
Lint (ubuntu-latest)	UNKNOWN STEP	2026-09-29T12:17:57.2521659Z ##[start-action display=Print installed versions;id=__actions-rust-lang_setup-rust-toolchain.versions]
Lint (ubuntu-latest)	UNKNOWN STEP	2026-09-29T12:17:57.2550603Z ##[group]Run echo "rustc-version=$(rustc --version)" >> $GITHUB_OUTPUT
Lint (ubuntu-latest)	UNKNOWN STEP	2026-09-29T12:17:57.2551170Z ^[[36;1mecho "rustc-version=$(rustc --version)" >> $GITHUB_OUTPUT^[[0m
Lint (ubuntu-latest)	UNKNOWN STEP	2026-09-29T12:17:57.2551610Z ^[[36;1mrustc --version --verbose^[[0m
Lint (ubuntu-latest)	UNKNOWN STEP	2026-09-29T12:17:57.2552013Z ^[[36;1mecho "cargo-version=$(cargo --version)" >> $GITHUB_OUTPUT^[[0m
Lint (ubuntu-latest)	UNKNOWN STEP	2026-09-29T12:17:57.2552426Z ^[[36;1mcargo --version --verbose^[[0m
Lint (ubuntu-latest)	UNKNOWN STEP	2026-09-29T12:17:57.2552823Z ^[[36;1mecho "rustup-version=$(rustup --version)" >> $GITHUB_OUTPUT^[[0m
Lint (ubuntu-latest)	UNKNOWN STEP	2026-09-29T12:17:57.2553243Z ^[[36;1mrustup --version^[[0m
Lint (ubuntu-latest)	UNKNOWN STEP	2026-09-29T12:17:57.2553531Z ^[[36;1m^[[0m
Lint (ubuntu-latest)	UNKNOWN STEP	2026-09-29T12:17:57.2554303Z ^[[36;1m_srt_DATE=$(rustc --version --verbose | sed -ne 's/^commit-date: \(20[0-9][0-9]\)-\([01][0-9]\)-\([0-3][0-9]\)$/\1\2\3/p')^[[0m
Lint (ubuntu-latest)	UNKNOWN STEP	2026-09-29T12:17:57.2555028Z ^[[36;1m_srt_HASH=$(rustc --version --verbose | sed -ne 's/^commit-hash: //p')^[[0m
Lint (ubuntu-latest)	UNKNOWN STEP	2026-09-29T12:17:57.2555611Z ^[[36;1mecho "cachekey=$(echo $_srt_DATE$_srt_HASH | head -c12)" >> $GITHUB_OUTPUT^[[0m
Lint (ubuntu-latest)	UNKNOWN STEP	2026-09-29T12:17:57.2620515Z shell: /usr/bin/bash --noprofile --norc -e -o pipefail {0}
Lint (ubuntu-latest)	UNKNOWN STEP	2026-09-29T12:17:57.2620912Z env:
Lint (ubuntu-latest)	UNKNOWN STEP	2026-09-29T12:17:57.2621158Z   CARGO_TERM_COLOR: always
Lint (ubuntu-latest)	UNKNOWN STEP	2026-09-29T12:17:57.2621830Z   GO_MODULES: packages/saksi-protocol/go
Lint (ubuntu-latest)	UNKNOWN STEP	packages/saksi-bulletin/chaincode
Lint (ubuntu-latest)	UNKNOWN STEP	packages/saksi-bulletin/client-sdk
Lint (ubuntu-latest)	UNKNOWN STEP	packages/saksi-campaign
Lint (ubuntu-latest)	UNKNOWN STEP	
Lint (ubuntu-latest)	UNKNOWN STEP	2026-09-29T12:17:57.2622535Z   GOFLAGS: -mod=mod
Lint (ubuntu-latest)	UNKNOWN STEP	2026-09-29T12:17:57.2622802Z   CARGO_INCREMENTAL: 0
Lint (ubuntu-latest)	UNKNOWN STEP	2026-09-29T12:17:57.2623090Z   CARGO_PROFILE_DEV_DEBUG: 0
Lint (ubuntu-latest)	UNKNOWN STEP	2026-09-29T12:17:57.2623390Z   RUST_BACKTRACE: short
Lint (ubuntu-latest)	UNKNOWN STEP	2026-09-29T12:17:57.2623676Z   RUSTFLAGS: -D warnings
Lint (ubuntu-latest)	UNKNOWN STEP	2026-09-29T12:17:57.2624293Z   CARGO_UNSTABLE_SPARSE_REGISTRY: true
Lint (ubuntu-latest)	UNKNOWN STEP	2026-09-29T12:17:57.2624676Z   CARGO_REGISTRIES_CRATES_IO_PROTOCOL: sparse
Lint (ubuntu-latest)	UNKNOWN STEP	2026-09-29T12:17:57.2625025Z ##[endgroup]
Lint (ubuntu-latest)	UNKNOWN STEP	2026-09-29T12:17:57.4525178Z rustc 1.98.1 (48a229cea 2026-09-01)
Lint (ubuntu-latest)	UNKNOWN STEP	2026-09-29T12:17:57.4526449Z binary: rustc
Lint (ubuntu-latest)	UNKNOWN STEP	2026-09-29T12:17:57.4527327Z commit-hash: 48a229ceaefd4985c50990b14116b6d856af0985
Lint (ubuntu-latest)	UNKNOWN STEP	2026-09-29T12:17:57.4528864Z commit-date: 2026-09-01
Lint (ubuntu-latest)	UNKNOWN STEP	2026-09-29T12:17:57.4529562Z host: x86_64-unknown-linux-gnu
Lint (ubuntu-latest)	UNKNOWN STEP	2026-09-29T12:17:57.4530278Z release: 1.98.1
Lint (ubuntu-latest)	UNKNOWN STEP	2026-09-29T12:17:57.4552160Z LLVM version: 22.1.8
Lint (ubuntu-latest)	UNKNOWN STEP	2026-09-29T12:17:57.5822359Z cargo 1.98.1 (797e8a9bc 2026-08-05)
Lint (ubuntu-latest)	UNKNOWN STEP	2026-09-29T12:17:57.5822969Z release: 1.98.1
Lint (ubuntu-latest)	UNKNOWN STEP	2026-09-29T12:17:57.5823481Z commit-hash: 797e8a9bca276c1c9f9f738d2a20f484fa4eea9d
Lint (ubuntu-latest)	UNKNOWN STEP	2026-09-29T12:17:57.5824492Z commit-date: 2026-08-05
Lint (ubuntu-latest)	UNKNOWN STEP	2026-09-29T12:17:57.5824923Z host: x86_64-unknown-linux-gnu
Lint (ubuntu-latest)	UNKNOWN STEP	2026-09-29T12:17:57.5825383Z libgit2: 1.9.4 (sys:0.21.0 vendored)
Lint (ubuntu-latest)	UNKNOWN STEP	2026-09-29T12:17:57.5826002Z libcurl: 8.21.0-DEV (sys:0.4.90+curl-8.21.0 vendored ssl:OpenSSL/3.6.3)
Lint (ubuntu-latest)	UNKNOWN STEP	2026-09-29T12:17:57.5826647Z ssl: OpenSSL 3.6.3 9 Jun 2026
Lint (ubuntu-latest)	UNKNOWN STEP	2026-09-29T12:17:57.5827480Z os: Ubuntu 24.4.0 (noble) [64-bit]
Lint (ubuntu-latest)	UNKNOWN STEP	2026-09-29T12:17:57.5866427Z info: This is the version for the rustup toolchain manager, not the rustc compiler.
Lint (ubuntu-latest)	UNKNOWN STEP	2026-09-29T12:17:57.6160768Z info: the currently active `rustc` version is `rustc 1.98.1 (48a229cea 2026-09-01)`
Lint (ubuntu-latest)	UNKNOWN STEP	2026-09-29T12:17:57.6204823Z info: This is the version for the rustup toolchain manager, not the rustc compiler.
Lint (ubuntu-latest)	UNKNOWN STEP	2026-09-29T12:17:57.6205719Z rustup 1.29.1 (d95a37b6a 2026-08-13)
Lint (ubuntu-latest)	UNKNOWN STEP	2026-09-29T12:17:57.6471094Z info: the currently active `rustc` version is `rustc 1.98.1 (48a229cea 2026-09-01)`
Lint (ubuntu-latest)	UNKNOWN STEP	2026-09-29T12:17:57.7145034Z ##[end-action id=__actions-rust-lang_setup-rust-toolchain.versions;outcome=success;conclusion=success;duration_ms=462]
Lint (ubuntu-latest)	UNKNOWN STEP	2026-09-29T12:17:57.7148375Z ##[start-action display=Downgrade registry access protocol when needed;id=__actions-rust-lang_setup-rust-toolchain.__run_6]
Lint (ubuntu-latest)	UNKNOWN STEP	2026-09-29T12:17:57.7173764Z ##[group]Run # Not all versions support setting CARGO_REGISTRIES_CRATES_IO_PROTOCOL
Lint (ubuntu-latest)	UNKNOWN STEP	2026-09-29T12:17:57.7174942Z ^[[36;1m# Not all versions support setting CARGO_REGISTRIES_CRATES_IO_PROTOCOL^[[0m
Lint (ubuntu-latest)	UNKNOWN STEP	2026-09-29T12:17:57.7175620Z ^[[36;1m# On versions 1.66, 1.67, and 1.68.0-nightly the value "sparse" is still unstable.^[[0m
Lint (ubuntu-latest)	UNKNOWN STEP	2026-09-29T12:17:57.7176294Z ^[[36;1m# https://github.com/dtolnay/rust-toolchain/pull/69#discussion_r1107268108^[[0m
Lint (ubuntu-latest)	UNKNOWN STEP	2026-09-29T12:17:57.7177142Z ^[[36;1m# If we detect an incompatible value, set it to "git" which is always supported.^[[0m
Lint (ubuntu-latest)	UNKNOWN STEP	2026-09-29T12:17:57.7177960Z ^[[36;1mif [[ "rustc 1.98.1 (48a229cea 2026-09-01)" =~ ^rustc\ (1\.6[67]\.|1\.68\.0-nightly) && "${CARGO_REGISTRIES_CRATES_IO_PROTOCOL}" == "sparse" ]]; then^[[0m
Lint (ubuntu-latest)	UNKNOWN STEP	2026-09-29T12:17:57.7178768Z ^[[36;1m  echo "Downgrade cargo registry protocol to git"^[[0m
Lint (ubuntu-latest)	UNKNOWN STEP	2026-09-29T12:17:57.7179464Z ^[[36;1m  echo "CARGO_REGISTRIES_CRATES_IO_PROTOCOL=git" >> $GITHUB_ENV^[[0m
Lint (ubuntu-latest)	UNKNOWN STEP	2026-09-29T12:17:57.7179865Z ^[[36;1mfi^[[0m
Lint (ubuntu-latest)	UNKNOWN STEP	2026-09-29T12:17:57.7243471Z shell: /usr/bin/bash --noprofile --norc -e -o pipefail {0}
Lint (ubuntu-latest)	UNKNOWN STEP	2026-09-29T12:17:57.7244103Z env:
Lint (ubuntu-latest)	UNKNOWN STEP	2026-09-29T12:17:57.7244359Z   CARGO_TERM_COLOR: always
Lint (ubuntu-latest)	UNKNOWN STEP	2026-09-29T12:17:57.7245048Z   GO_MODULES: packages/saksi-protocol/go
Lint (ubuntu-latest)	UNKNOWN STEP	packages/saksi-bulletin/chaincode
Lint (ubuntu-latest)	UNKNOWN STEP	packages/saksi-bulletin/client-sdk
Lint (ubuntu-latest)	UNKNOWN STEP	packages/saksi-campaign
Lint (ubuntu-latest)	UNKNOWN STEP	
Lint (ubuntu-latest)	UNKNOWN STEP	2026-09-29T12:17:57.7245762Z   GOFLAGS: -mod=mod
Lint (ubuntu-latest)	UNKNOWN STEP	2026-09-29T12:17:57.7245999Z   CARGO_INCREMENTAL: 0
Lint (ubuntu-latest)	UNKNOWN STEP	2026-09-29T12:17:57.7246258Z   CARGO_PROFILE_DEV_DEBUG: 0
Lint (ubuntu-latest)	UNKNOWN STEP	2026-09-29T12:17:57.7246521Z   RUST_BACKTRACE: short
Lint (ubuntu-latest)	UNKNOWN STEP	2026-09-29T12:17:57.7246766Z   RUSTFLAGS: -D warnings
Lint (ubuntu-latest)	UNKNOWN STEP	2026-09-29T12:17:57.7247033Z   CARGO_UNSTABLE_SPARSE_REGISTRY: true
Lint (ubuntu-latest)	UNKNOWN STEP	2026-09-29T12:17:57.7247355Z   CARGO_REGISTRIES_CRATES_IO_PROTOCOL: sparse
Lint (ubuntu-latest)	UNKNOWN STEP	2026-09-29T12:17:57.7247672Z ##[endgroup]
Lint (ubuntu-latest)	UNKNOWN STEP	2026-09-29T12:17:57.7333011Z ##[end-action id=__actions-rust-lang_setup-rust-toolchain.__run_6;outcome=success;conclusion=success;duration_ms=18]
Lint (ubuntu-latest)	UNKNOWN STEP	2026-09-29T12:17:57.7336003Z ##[start-action display=Setup Rust Caching;id=__actions-rust-lang_setup-rust-toolchain.__Swatinem_rust-cache]
Lint (ubuntu-latest)	UNKNOWN STEP	2026-09-29T12:17:57.7417104Z ##[group]Run Swatinem/rust-cache@c19371144df3bb44fab255c43d04cbc2ab54d1c4
Lint (ubuntu-latest)	UNKNOWN STEP	2026-09-29T12:17:57.7417538Z with:
Lint (ubuntu-latest)	UNKNOWN STEP	2026-09-29T12:17:57.7417751Z   cache-on-failure: true
Lint (ubuntu-latest)	UNKNOWN STEP	2026-09-29T12:17:57.7417981Z   cache-bin: true
Lint (ubuntu-latest)	UNKNOWN STEP	2026-09-29T12:17:57.7418206Z   cache-provider: github
Lint (ubuntu-latest)	UNKNOWN STEP	2026-09-29T12:17:57.7418438Z   cache-all-crates: false
Lint (ubuntu-latest)	UNKNOWN STEP	2026-09-29T12:17:57.7418687Z   cache-workspace-crates: false
Lint (ubuntu-latest)	UNKNOWN STEP	2026-09-29T12:17:57.7418934Z   cache-targets: true
Lint (ubuntu-latest)	UNKNOWN STEP	2026-09-29T12:17:57.7419139Z   save-if: true
Lint (ubuntu-latest)	UNKNOWN STEP	2026-09-29T12:17:57.7419339Z   prefix-key: v0-rust
Lint (ubuntu-latest)	UNKNOWN STEP	2026-09-29T12:17:57.7419554Z   add-job-id-key: true
Lint (ubuntu-latest)	UNKNOWN STEP	2026-09-29T12:17:57.7419795Z   add-rust-environment-hash-key: true
Lint (ubuntu-latest)	UNKNOWN STEP	2026-09-29T12:17:57.7420076Z   lookup-only: false
Lint (ubuntu-latest)	UNKNOWN STEP	2026-09-29T12:17:57.7420288Z   cmd-format: {0}
Lint (ubuntu-latest)	UNKNOWN STEP	2026-09-29T12:17:57.7420478Z env:
Lint (ubuntu-latest)	UNKNOWN STEP	2026-09-29T12:17:57.7420662Z   CARGO_TERM_COLOR: always
Lint (ubuntu-latest)	UNKNOWN STEP	2026-09-29T12:17:57.7421260Z   GO_MODULES: packages/saksi-protocol/go
Lint (ubuntu-latest)	UNKNOWN STEP	packages/saksi-bulletin/chaincode
Lint (ubuntu-latest)	UNKNOWN STEP	packages/saksi-bulletin/client-sdk
Lint (ubuntu-latest)	UNKNOWN STEP	packages/saksi-campaign
Lint (ubuntu-latest)	UNKNOWN STEP	
Lint (ubuntu-latest)	UNKNOWN STEP	2026-09-29T12:17:57.7421879Z   GOFLAGS: -mod=mod
Lint (ubuntu-latest)	UNKNOWN STEP	2026-09-29T12:17:57.7422087Z   CARGO_INCREMENTAL: 0
Lint (ubuntu-latest)	UNKNOWN STEP	2026-09-29T12:17:57.7422486Z   CARGO_PROFILE_DEV_DEBUG: 0
Lint (ubuntu-latest)	UNKNOWN STEP	2026-09-29T12:17:57.7422721Z   RUST_BACKTRACE: short
Lint (ubuntu-latest)	UNKNOWN STEP	2026-09-29T12:17:57.7422943Z   RUSTFLAGS: -D warnings
Lint (ubuntu-latest)	UNKNOWN STEP	2026-09-29T12:17:57.7423210Z   CARGO_UNSTABLE_SPARSE_REGISTRY: true
Lint (ubuntu-latest)	UNKNOWN STEP	2026-09-29T12:17:57.7423650Z   CARGO_REGISTRIES_CRATES_IO_PROTOCOL: sparse
Lint (ubuntu-latest)	UNKNOWN STEP	2026-09-29T12:17:57.7424153Z ##[endgroup]
Lint (ubuntu-latest)	UNKNOWN STEP	2026-09-29T12:17:58.0372033Z (node:2357) [DEP0040] DeprecationWarning: The `punycode` module is deprecated. Please use a userland alternative instead.
Lint (ubuntu-latest)	UNKNOWN STEP	2026-09-29T12:17:58.0374218Z (Use `node --trace-deprecation ...` to show where the warning was created)
Lint (ubuntu-latest)	UNKNOWN STEP	2026-09-29T12:17:58.4810455Z ##[group]Cache Configuration
Lint (ubuntu-latest)	UNKNOWN STEP	2026-09-29T12:17:58.4812422Z Cache Provider:
Lint (ubuntu-latest)	UNKNOWN STEP	2026-09-29T12:17:58.4813557Z     github
Lint (ubuntu-latest)	UNKNOWN STEP	2026-09-29T12:17:58.4814503Z Workspaces:
Lint (ubuntu-latest)	UNKNOWN STEP	2026-09-29T12:17:58.4815283Z     /home/runner/work/saksi/saksi
Lint (ubuntu-latest)	UNKNOWN STEP	2026-09-29T12:17:58.4816047Z Cache Paths:
Lint (ubuntu-latest)	UNKNOWN STEP	2026-09-29T12:17:58.4816658Z     /home/runner/.cargo/bin
Lint (ubuntu-latest)	UNKNOWN STEP	2026-09-29T12:17:58.4817438Z     /home/runner/.cargo/.crates.toml
Lint (ubuntu-latest)	UNKNOWN STEP	2026-09-29T12:17:58.4818344Z     /home/runner/.cargo/.crates2.json
Lint (ubuntu-latest)	UNKNOWN STEP	2026-09-29T12:17:58.4819342Z     /home/runner/.cargo/registry
Lint (ubuntu-latest)	UNKNOWN STEP	2026-09-29T12:17:58.4820211Z     /home/runner/.cargo/git
Lint (ubuntu-latest)	UNKNOWN STEP	2026-09-29T12:17:58.4821143Z     /home/runner/work/saksi/saksi/target
Lint (ubuntu-latest)	UNKNOWN STEP	2026-09-29T12:17:58.4822068Z Restore Key:
Lint (ubuntu-latest)	UNKNOWN STEP	2026-09-29T12:17:58.4822832Z     v0-rust-lint-Linux-x64-09ed3713
Lint (ubuntu-latest)	UNKNOWN STEP	2026-09-29T12:17:58.4823489Z Cache Key:
Lint (ubuntu-latest)	UNKNOWN STEP	2026-09-29T12:17:58.4824366Z     v0-rust-lint-Linux-x64-09ed3713-0f869fc1
Lint (ubuntu-latest)	UNKNOWN STEP	2026-09-29T12:17:58.4825242Z .. Prefix:
Lint (ubuntu-latest)	UNKNOWN STEP	2026-09-29T12:17:58.4826230Z   - v0-rust-lint-Linux-x64
Lint (ubuntu-latest)	UNKNOWN STEP	2026-09-29T12:17:58.4826714Z .. Environment considered:
Lint (ubuntu-latest)	UNKNOWN STEP	2026-09-29T12:17:58.4827147Z   - Rust Versions:
Lint (ubuntu-latest)	UNKNOWN STEP	2026-09-29T12:17:58.4827764Z     - 1.98.1 x86_64-unknown-linux-gnu 48a229ceaefd4985c50990b14116b6d856af0985
Lint (ubuntu-latest)	UNKNOWN STEP	2026-09-29T12:17:58.4828668Z     - 1.98.1 x86_64-unknown-linux-gnu 48a229ceaefd4985c50990b14116b6d856af0985
Lint (ubuntu-latest)	UNKNOWN STEP	2026-09-29T12:17:58.4829370Z   - CARGO_INCREMENTAL
Lint (ubuntu-latest)	UNKNOWN STEP	2026-09-29T12:17:58.4829811Z   - CARGO_PROFILE_DEV_DEBUG
Lint (ubuntu-latest)	UNKNOWN STEP	2026-09-29T12:17:58.4830340Z   - CARGO_REGISTRIES_CRATES_IO_PROTOCOL
Lint (ubuntu-latest)	UNKNOWN STEP	2026-09-29T12:17:58.4830789Z   - CARGO_TERM_COLOR
Lint (ubuntu-latest)	UNKNOWN STEP	2026-09-29T12:17:58.4831247Z   - CARGO_UNSTABLE_SPARSE_REGISTRY
Lint (ubuntu-latest)	UNKNOWN STEP	2026-09-29T12:17:58.4832564Z   - RUST_BACKTRACE
Lint (ubuntu-latest)	UNKNOWN STEP	2026-09-29T12:17:58.4833042Z   - RUSTFLAGS
Lint (ubuntu-latest)	UNKNOWN STEP	2026-09-29T12:17:58.4833466Z .. Lockfiles considered:
Lint (ubuntu-latest)	UNKNOWN STEP	2026-09-29T12:17:58.4834311Z   - /home/runner/work/saksi/saksi/Cargo.lock
Lint (ubuntu-latest)	UNKNOWN STEP	2026-09-29T12:17:58.4835056Z   - /home/runner/work/saksi/saksi/packages/saksi-auditor/Cargo.toml
Lint (ubuntu-latest)	UNKNOWN STEP	2026-09-29T12:17:58.4835926Z   - /home/runner/work/saksi/saksi/packages/saksi-credentials/Cargo.toml
Lint (ubuntu-latest)	UNKNOWN STEP	2026-09-29T12:17:58.4836788Z   - /home/runner/work/saksi/saksi/packages/saksi-crypto/Cargo.toml
Lint (ubuntu-latest)	UNKNOWN STEP	2026-09-29T12:17:58.4837615Z   - /home/runner/work/saksi/saksi/packages/saksi-demo/Cargo.toml
Lint (ubuntu-latest)	UNKNOWN STEP	2026-09-29T12:17:58.4838531Z   - /home/runner/work/saksi/saksi/packages/saksi-ffi-flutter/Cargo.toml
Lint (ubuntu-latest)	UNKNOWN STEP	2026-09-29T12:17:58.4839414Z   - /home/runner/work/saksi/saksi/packages/saksi-ffi-tauri/Cargo.toml
Lint (ubuntu-latest)	UNKNOWN STEP	2026-09-29T12:17:58.4840337Z   - /home/runner/work/saksi/saksi/packages/saksi-protocol/rust/Cargo.toml
Lint (ubuntu-latest)	UNKNOWN STEP	2026-09-29T12:17:58.4841134Z   - /home/runner/work/saksi/saksi/rust-toolchain.toml
Lint (ubuntu-latest)	UNKNOWN STEP	2026-09-29T12:17:58.4842006Z ##[endgroup]
Lint (ubuntu-latest)	UNKNOWN STEP	2026-09-29T12:17:58.4842244Z 
Lint (ubuntu-latest)	UNKNOWN STEP	2026-09-29T12:17:58.4842426Z ... Restoring cache ...
Lint (ubuntu-latest)	UNKNOWN STEP	2026-09-29T12:17:58.7181255Z Cache hit for: v0-rust-lint-Linux-x64-09ed3713-0f869fc1
Lint (ubuntu-latest)	UNKNOWN STEP	2026-09-29T12:17:59.2476576Z Received 1462 of 1462 (100.0%), 0.0 MBs/sec
Lint (ubuntu-latest)	UNKNOWN STEP	2026-09-29T12:17:59.2477232Z Cache Size: ~0 MB (1462 B)
Lint (ubuntu-latest)	UNKNOWN STEP	2026-09-29T12:17:59.2506441Z [command]/usr/bin/tar -xf /home/runner/work/_temp/b22ab12a-85be-4e10-a1d8-d98fd4976d1a/cache.tzst -P -C /home/runner/work/saksi/saksi --use-compress-program unzstd
Lint (ubuntu-latest)	UNKNOWN STEP	2026-09-29T12:17:59.2591489Z Cache restored successfully
Lint (ubuntu-latest)	UNKNOWN STEP	2026-09-29T12:17:59.2594874Z Restored from cache key "v0-rust-lint-Linux-x64-09ed3713-0f869fc1" full match: true.
Lint (ubuntu-latest)	UNKNOWN STEP	2026-09-29T12:17:59.2689406Z ##[end-action id=__actions-rust-lang_setup-rust-toolchain.__Swatinem_rust-cache;outcome=success;conclusion=success;duration_ms=1535]
Lint (ubuntu-latest)	UNKNOWN STEP	2026-09-29T12:17:59.2803684Z ##[group]Run Swatinem/rust-cache@v2
Lint (ubuntu-latest)	UNKNOWN STEP	2026-09-29T12:17:59.2804480Z with:
Lint (ubuntu-latest)	UNKNOWN STEP	2026-09-29T12:17:59.2804684Z   prefix-key: v0-rust
Lint (ubuntu-latest)	UNKNOWN STEP	2026-09-29T12:17:59.2804911Z   add-job-id-key: true
Lint (ubuntu-latest)	UNKNOWN STEP	2026-09-29T12:17:59.2805154Z   add-rust-environment-hash-key: true
Lint (ubuntu-latest)	UNKNOWN STEP	2026-09-29T12:17:59.2805425Z   cache-targets: true
Lint (ubuntu-latest)	UNKNOWN STEP	2026-09-29T12:17:59.2805662Z   cache-all-crates: false
Lint (ubuntu-latest)	UNKNOWN STEP	2026-09-29T12:17:59.2805907Z   cache-workspace-crates: false
Lint (ubuntu-latest)	UNKNOWN STEP	2026-09-29T12:17:59.2806151Z   save-if: true
Lint (ubuntu-latest)	UNKNOWN STEP	2026-09-29T12:17:59.2806359Z   cache-provider: github
Lint (ubuntu-latest)	UNKNOWN STEP	2026-09-29T12:17:59.2806591Z   cache-bin: true
Lint (ubuntu-latest)	UNKNOWN STEP	2026-09-29T12:17:59.2806794Z   lookup-only: false
Lint (ubuntu-latest)	UNKNOWN STEP	2026-09-29T12:17:59.2807006Z   cmd-format: {0}
Lint (ubuntu-latest)	UNKNOWN STEP	2026-09-29T12:17:59.2807204Z env:
Lint (ubuntu-latest)	UNKNOWN STEP	2026-09-29T12:17:59.2807396Z   CARGO_TERM_COLOR: always
Lint (ubuntu-latest)	UNKNOWN STEP	2026-09-29T12:17:59.2807987Z   GO_MODULES: packages/saksi-protocol/go
Lint (ubuntu-latest)	UNKNOWN STEP	packages/saksi-bulletin/chaincode
Lint (ubuntu-latest)	UNKNOWN STEP	packages/saksi-bulletin/client-sdk
Lint (ubuntu-latest)	UNKNOWN STEP	packages/saksi-campaign
Lint (ubuntu-latest)	UNKNOWN STEP	
Lint (ubuntu-latest)	UNKNOWN STEP	2026-09-29T12:17:59.2808605Z   GOFLAGS: -mod=mod
Lint (ubuntu-latest)	UNKNOWN STEP	2026-09-29T12:17:59.2808873Z   CARGO_INCREMENTAL: 0
Lint (ubuntu-latest)	UNKNOWN STEP	2026-09-29T12:17:59.2809113Z   CARGO_PROFILE_DEV_DEBUG: 0
Lint (ubuntu-latest)	UNKNOWN STEP	2026-09-29T12:17:59.2809359Z   RUST_BACKTRACE: short
Lint (ubuntu-latest)	UNKNOWN STEP	2026-09-29T12:17:59.2809587Z   RUSTFLAGS: -D warnings
Lint (ubuntu-latest)	UNKNOWN STEP	2026-09-29T12:17:59.2809838Z   CARGO_UNSTABLE_SPARSE_REGISTRY: true
Lint (ubuntu-latest)	UNKNOWN STEP	2026-09-29T12:17:59.2810140Z   CARGO_REGISTRIES_CRATES_IO_PROTOCOL: sparse
Lint (ubuntu-latest)	UNKNOWN STEP	2026-09-29T12:17:59.2810429Z   CACHE_ON_FAILURE: true
Lint (ubuntu-latest)	UNKNOWN STEP	2026-09-29T12:17:59.2810651Z ##[endgroup]
Lint (ubuntu-latest)	UNKNOWN STEP	2026-09-29T12:17:59.6387222Z ##[group]Cache Configuration
Lint (ubuntu-latest)	UNKNOWN STEP	2026-09-29T12:17:59.6387893Z Cache Provider:
Lint (ubuntu-latest)	UNKNOWN STEP	2026-09-29T12:17:59.6388299Z     github
Lint (ubuntu-latest)	UNKNOWN STEP	2026-09-29T12:17:59.6388658Z Workspaces:
Lint (ubuntu-latest)	UNKNOWN STEP	2026-09-29T12:17:59.6389057Z     /home/runner/work/saksi/saksi
Lint (ubuntu-latest)	UNKNOWN STEP	2026-09-29T12:17:59.6389560Z Cache Paths:
Lint (ubuntu-latest)	UNKNOWN STEP	2026-09-29T12:17:59.6389956Z     /home/runner/.cargo/bin
Lint (ubuntu-latest)	UNKNOWN STEP	2026-09-29T12:17:59.6390416Z     /home/runner/.cargo/.crates.toml
Lint (ubuntu-latest)	UNKNOWN STEP	2026-09-29T12:17:59.6390939Z     /home/runner/.cargo/.crates2.json
Lint (ubuntu-latest)	UNKNOWN STEP	2026-09-29T12:17:59.6391426Z     /home/runner/.cargo/registry
Lint (ubuntu-latest)	UNKNOWN STEP	2026-09-29T12:17:59.6391859Z     /home/runner/.cargo/git
Lint (ubuntu-latest)	UNKNOWN STEP	2026-09-29T12:17:59.6392378Z     /home/runner/work/saksi/saksi/target
Lint (ubuntu-latest)	UNKNOWN STEP	2026-09-29T12:17:59.6392949Z Restore Key:
Lint (ubuntu-latest)	UNKNOWN STEP	2026-09-29T12:17:59.6393367Z     v0-rust-lint-Linux-x64-946d4161
Lint (ubuntu-latest)	UNKNOWN STEP	2026-09-29T12:17:59.6393829Z Cache Key:
Lint (ubuntu-latest)	UNKNOWN STEP	2026-09-29T12:17:59.6394533Z     v0-rust-lint-Linux-x64-946d4161-0f869fc1
Lint (ubuntu-latest)	UNKNOWN STEP	2026-09-29T12:17:59.6395039Z .. Prefix:
Lint (ubuntu-latest)	UNKNOWN STEP	2026-09-29T12:17:59.6395409Z   - v0-rust-lint-Linux-x64
Lint (ubuntu-latest)	UNKNOWN STEP	2026-09-29T12:17:59.6395876Z .. Environment considered:
Lint (ubuntu-latest)	UNKNOWN STEP	2026-09-29T12:17:59.6396323Z   - Rust Versions:
Lint (ubuntu-latest)	UNKNOWN STEP	2026-09-29T12:17:59.6396927Z     - 1.98.1 x86_64-unknown-linux-gnu 48a229ceaefd4985c50990b14116b6d856af0985
Lint (ubuntu-latest)	UNKNOWN STEP	2026-09-29T12:17:59.6397646Z   - CARGO_INCREMENTAL
Lint (ubuntu-latest)	UNKNOWN STEP	2026-09-29T12:17:59.6398129Z   - CARGO_PROFILE_DEV_DEBUG
Lint (ubuntu-latest)	UNKNOWN STEP	2026-09-29T12:17:59.6398625Z   - CARGO_REGISTRIES_CRATES_IO_PROTOCOL
Lint (ubuntu-latest)	UNKNOWN STEP	2026-09-29T12:17:59.6399171Z   - CARGO_TERM_COLOR
Lint (ubuntu-latest)	UNKNOWN STEP	2026-09-29T12:17:59.6399614Z   - CARGO_UNSTABLE_SPARSE_REGISTRY
Lint (ubuntu-latest)	UNKNOWN STEP	2026-09-29T12:17:59.6400095Z   - RUST_BACKTRACE
Lint (ubuntu-latest)	UNKNOWN STEP	2026-09-29T12:17:59.6400465Z   - RUSTFLAGS
Lint (ubuntu-latest)	UNKNOWN STEP	2026-09-29T12:17:59.6400825Z .. Lockfiles considered:
Lint (ubuntu-latest)	UNKNOWN STEP	2026-09-29T12:17:59.6401277Z   - /home/runner/work/saksi/saksi/Cargo.lock
Lint (ubuntu-latest)	UNKNOWN STEP	2026-09-29T12:17:59.6401930Z   - /home/runner/work/saksi/saksi/packages/saksi-auditor/Cargo.toml
Lint (ubuntu-latest)	UNKNOWN STEP	2026-09-29T12:17:59.6402706Z   - /home/runner/work/saksi/saksi/packages/saksi-credentials/Cargo.toml
Lint (ubuntu-latest)	UNKNOWN STEP	2026-09-29T12:17:59.6403576Z   - /home/runner/work/saksi/saksi/packages/saksi-crypto/Cargo.toml
Lint (ubuntu-latest)	UNKNOWN STEP	2026-09-29T12:17:59.6404723Z   - /home/runner/work/saksi/saksi/packages/saksi-demo/Cargo.toml
Lint (ubuntu-latest)	UNKNOWN STEP	2026-09-29T12:17:59.6405565Z   - /home/runner/work/saksi/saksi/packages/saksi-ffi-flutter/Cargo.toml
Lint (ubuntu-latest)	UNKNOWN STEP	2026-09-29T12:17:59.6406509Z   - /home/runner/work/saksi/saksi/packages/saksi-ffi-tauri/Cargo.toml
Lint (ubuntu-latest)	UNKNOWN STEP	2026-09-29T12:17:59.6407431Z   - /home/runner/work/saksi/saksi/packages/saksi-protocol/rust/Cargo.toml
Lint (ubuntu-latest)	UNKNOWN STEP	2026-09-29T12:17:59.6408241Z   - /home/runner/work/saksi/saksi/rust-toolchain.toml
Lint (ubuntu-latest)	UNKNOWN STEP	2026-09-29T12:17:59.6409113Z ##[endgroup]
Lint (ubuntu-latest)	UNKNOWN STEP	2026-09-29T12:17:59.6409336Z 
Lint (ubuntu-latest)	UNKNOWN STEP	2026-09-29T12:17:59.6409524Z ... Restoring cache ...
Lint (ubuntu-latest)	UNKNOWN STEP	2026-09-29T12:17:59.8961051Z Cache hit for: v0-rust-lint-Linux-x64-946d4161-0f869fc1
Lint (ubuntu-latest)	UNKNOWN STEP	2026-09-29T12:18:01.1627358Z Received 0 of 96874313 (0.0%), 0.0 MBs/sec
Lint (ubuntu-latest)	UNKNOWN STEP	2026-09-29T12:18:02.0639519Z Received 96874313 of 96874313 (100.0%), 48.6 MBs/sec
Lint (ubuntu-latest)	UNKNOWN STEP	2026-09-29T12:18:02.0640211Z Cache Size: ~92 MB (96874313 B)
Lint (ubuntu-latest)	UNKNOWN STEP	2026-09-29T12:18:02.0699425Z [command]/usr/bin/tar -xf /home/runner/work/_temp/7d166c73-be26-49e1-ab1b-bc3ca1191100/cache.tzst -P -C /home/runner/work/saksi/saksi --use-compress-program unzstd
Lint (ubuntu-latest)	UNKNOWN STEP	2026-09-29T12:18:02.5082172Z Cache restored successfully
Lint (ubuntu-latest)	UNKNOWN STEP	2026-09-29T12:18:02.5128037Z Restored from cache key "v0-rust-lint-Linux-x64-946d4161-0f869fc1" full match: true.
Lint (ubuntu-latest)	UNKNOWN STEP	2026-09-29T12:18:02.5242227Z ##[group]Run cargo fmt --check
Lint (ubuntu-latest)	UNKNOWN STEP	2026-09-29T12:18:02.5242596Z ^[[36;1mcargo fmt --check^[[0m
Lint (ubuntu-latest)	UNKNOWN STEP	2026-09-29T12:18:02.5307048Z shell: /usr/bin/bash -e {0}
Lint (ubuntu-latest)	UNKNOWN STEP	2026-09-29T12:18:02.5307354Z env:
Lint (ubuntu-latest)	UNKNOWN STEP	2026-09-29T12:18:02.5307606Z   CARGO_TERM_COLOR: always
Lint (ubuntu-latest)	UNKNOWN STEP	2026-09-29T12:18:02.5308332Z   GO_MODULES: packages/saksi-protocol/go
Lint (ubuntu-latest)	UNKNOWN STEP	packages/saksi-bulletin/chaincode
Lint (ubuntu-latest)	UNKNOWN STEP	packages/saksi-bulletin/client-sdk
Lint (ubuntu-latest)	UNKNOWN STEP	packages/saksi-campaign
Lint (ubuntu-latest)	UNKNOWN STEP	
Lint (ubuntu-latest)	UNKNOWN STEP	2026-09-29T12:18:02.5309122Z   GOFLAGS: -mod=mod
Lint (ubuntu-latest)	UNKNOWN STEP	2026-09-29T12:18:02.5309396Z   CARGO_INCREMENTAL: 0
Lint (ubuntu-latest)	UNKNOWN STEP	2026-09-29T12:18:02.5309675Z   CARGO_PROFILE_DEV_DEBUG: 0
Lint (ubuntu-latest)	UNKNOWN STEP	2026-09-29T12:18:02.5309981Z   RUST_BACKTRACE: short
Lint (ubuntu-latest)	UNKNOWN STEP	2026-09-29T12:18:02.5310260Z   RUSTFLAGS: -D warnings
Lint (ubuntu-latest)	UNKNOWN STEP	2026-09-29T12:18:02.5310584Z   CARGO_UNSTABLE_SPARSE_REGISTRY: true
Lint (ubuntu-latest)	UNKNOWN STEP	2026-09-29T12:18:02.5310986Z   CARGO_REGISTRIES_CRATES_IO_PROTOCOL: sparse
Lint (ubuntu-latest)	UNKNOWN STEP	2026-09-29T12:18:02.5311373Z   CACHE_ON_FAILURE: false
Lint (ubuntu-latest)	UNKNOWN STEP	2026-09-29T12:18:02.5311672Z ##[endgroup]
Lint (ubuntu-latest)	UNKNOWN STEP	2026-09-29T12:18:03.7710253Z ##[group]Run cargo clippy --workspace --all-targets -- -D warnings
Lint (ubuntu-latest)	UNKNOWN STEP	2026-09-29T12:18:03.7710803Z ^[[36;1mcargo clippy --workspace --all-targets -- -D warnings^[[0m
Lint (ubuntu-latest)	UNKNOWN STEP	2026-09-29T12:18:03.7773009Z shell: /usr/bin/bash -e {0}
Lint (ubuntu-latest)	UNKNOWN STEP	2026-09-29T12:18:03.7773314Z env:
Lint (ubuntu-latest)	UNKNOWN STEP	2026-09-29T12:18:03.7773559Z   CARGO_TERM_COLOR: always
Lint (ubuntu-latest)	UNKNOWN STEP	2026-09-29T12:18:03.7774535Z   GO_MODULES: packages/saksi-protocol/go
Lint (ubuntu-latest)	UNKNOWN STEP	packages/saksi-bulletin/chaincode
Lint (ubuntu-latest)	UNKNOWN STEP	packages/saksi-bulletin/client-sdk
Lint (ubuntu-latest)	UNKNOWN STEP	packages/saksi-campaign
Lint (ubuntu-latest)	UNKNOWN STEP	
Lint (ubuntu-latest)	UNKNOWN STEP	2026-09-29T12:18:03.7775325Z   GOFLAGS: -mod=mod
Lint (ubuntu-latest)	UNKNOWN STEP	2026-09-29T12:18:03.7775602Z   CARGO_INCREMENTAL: 0
Lint (ubuntu-latest)	UNKNOWN STEP	2026-09-29T12:18:03.7775882Z   CARGO_PROFILE_DEV_DEBUG: 0
Lint (ubuntu-latest)	UNKNOWN STEP	2026-09-29T12:18:03.7776184Z   RUST_BACKTRACE: short
Lint (ubuntu-latest)	UNKNOWN STEP	2026-09-29T12:18:03.7776456Z   RUSTFLAGS: -D warnings
Lint (ubuntu-latest)	UNKNOWN STEP	2026-09-29T12:18:03.7776754Z   CARGO_UNSTABLE_SPARSE_REGISTRY: true
Lint (ubuntu-latest)	UNKNOWN STEP	2026-09-29T12:18:03.7777129Z   CARGO_REGISTRIES_CRATES_IO_PROTOCOL: sparse
Lint (ubuntu-latest)	UNKNOWN STEP	2026-09-29T12:18:03.7777488Z   CACHE_ON_FAILURE: false
Lint (ubuntu-latest)	UNKNOWN STEP	2026-09-29T12:18:03.7777769Z ##[endgroup]
Lint (ubuntu-latest)	UNKNOWN STEP	2026-09-29T12:18:04.3855814Z ^[[1m^[[92m    Updating^[[0m crates.io index
Lint (ubuntu-latest)	UNKNOWN STEP	2026-09-29T12:18:05.1807615Z ^[[1m^[[92m   Compiling^[[0m saksi-protocol v0.0.0 (/home/runner/work/saksi/saksi/packages/saksi-protocol/rust)
Lint (ubuntu-latest)	UNKNOWN STEP	2026-09-29T12:18:07.4500815Z ^[[1m^[[92m    Checking^[[0m saksi-crypto v0.0.0 (/home/runner/work/saksi/saksi/packages/saksi-crypto)
Lint (ubuntu-latest)	UNKNOWN STEP	2026-09-29T12:18:07.7344595Z ^[[1m^[[92m    Checking^[[0m saksi-credentials v0.0.0 (/home/runner/work/saksi/saksi/packages/saksi-credentials)
Lint (ubuntu-latest)	UNKNOWN STEP	2026-09-29T12:18:07.8196481Z ^[[1m^[[92m    Checking^[[0m saksi-auditor v0.0.0 (/home/runner/work/saksi/saksi/packages/saksi-auditor)
Lint (ubuntu-latest)	UNKNOWN STEP	2026-09-29T12:18:07.8215733Z ^[[1m^[[92m    Checking^[[0m saksi-ffi-flutter v0.0.0 (/home/runner/work/saksi/saksi/packages/saksi-ffi-flutter)
Lint (ubuntu-latest)	UNKNOWN STEP	2026-09-29T12:18:07.8716172Z ^[[1m^[[92m    Checking^[[0m saksi-ffi-tauri v0.0.0 (/home/runner/work/saksi/saksi/packages/saksi-ffi-tauri)
Lint (ubuntu-latest)	UNKNOWN STEP	2026-09-29T12:18:08.4521968Z ^[[1m^[[92m    Checking^[[0m saksi-demo v0.0.0 (/home/runner/work/saksi/saksi/packages/saksi-demo)
Lint (ubuntu-latest)	UNKNOWN STEP	2026-09-29T12:18:08.9935780Z ^[[1m^[[92m    Finished^[[0m `dev` profile [unoptimized] target(s) in 5.03s
Lint (ubuntu-latest)	UNKNOWN STEP	2026-09-29T12:18:09.0136008Z ##[group]Run actions/setup-go@v5
Lint (ubuntu-latest)	UNKNOWN STEP	2026-09-29T12:18:09.0136331Z with:
Lint (ubuntu-latest)	UNKNOWN STEP	2026-09-29T12:18:09.0136536Z   go-version: 1.25
Lint (ubuntu-latest)	UNKNOWN STEP	2026-09-29T12:18:09.0136758Z   cache: true
Lint (ubuntu-latest)	UNKNOWN STEP	2026-09-29T12:18:09.0137357Z   cache-dependency-path: packages/saksi-protocol/go/go.mod
Lint (ubuntu-latest)	UNKNOWN STEP	packages/saksi-bulletin/chaincode/go.mod
Lint (ubuntu-latest)	UNKNOWN STEP	packages/saksi-bulletin/client-sdk/go.mod
Lint (ubuntu-latest)	UNKNOWN STEP	
Lint (ubuntu-latest)	UNKNOWN STEP	2026-09-29T12:18:09.0138022Z   check-latest: false
Lint (ubuntu-latest)	UNKNOWN STEP	2026-09-29T12:18:09.0140305Z   token: ***
Lint (ubuntu-latest)	UNKNOWN STEP	2026-09-29T12:18:09.0140713Z env:
Lint (ubuntu-latest)	UNKNOWN STEP	2026-09-29T12:18:09.0140921Z   CARGO_TERM_COLOR: always
Lint (ubuntu-latest)	UNKNOWN STEP	2026-09-29T12:18:09.0141522Z   GO_MODULES: packages/saksi-protocol/go
Lint (ubuntu-latest)	UNKNOWN STEP	packages/saksi-bulletin/chaincode
Lint (ubuntu-latest)	UNKNOWN STEP	packages/saksi-bulletin/client-sdk
Lint (ubuntu-latest)	UNKNOWN STEP	packages/saksi-campaign
Lint (ubuntu-latest)	UNKNOWN STEP	
Lint (ubuntu-latest)	UNKNOWN STEP	2026-09-29T12:18:09.0142150Z   GOFLAGS: -mod=mod
Lint (ubuntu-latest)	UNKNOWN STEP	2026-09-29T12:18:09.0142374Z   CARGO_INCREMENTAL: 0
Lint (ubuntu-latest)	UNKNOWN STEP	2026-09-29T12:18:09.0142611Z   CARGO_PROFILE_DEV_DEBUG: 0
Lint (ubuntu-latest)	UNKNOWN STEP	2026-09-29T12:18:09.0142870Z   RUST_BACKTRACE: short
Lint (ubuntu-latest)	UNKNOWN STEP	2026-09-29T12:18:09.0143106Z   RUSTFLAGS: -D warnings
Lint (ubuntu-latest)	UNKNOWN STEP	2026-09-29T12:18:09.0143403Z   CARGO_UNSTABLE_SPARSE_REGISTRY: true
Lint (ubuntu-latest)	UNKNOWN STEP	2026-09-29T12:18:09.0143717Z   CARGO_REGISTRIES_CRATES_IO_PROTOCOL: sparse
Lint (ubuntu-latest)	UNKNOWN STEP	2026-09-29T12:18:09.0144203Z   CACHE_ON_FAILURE: false
Lint (ubuntu-latest)	UNKNOWN STEP	2026-09-29T12:18:09.0144439Z ##[endgroup]
Lint (ubuntu-latest)	UNKNOWN STEP	2026-09-29T12:18:09.1511869Z Setup go version spec 1.25
Lint (ubuntu-latest)	UNKNOWN STEP	2026-09-29T12:18:09.1575954Z Found in cache @ /opt/hostedtoolcache/go/1.25.14/x64
Lint (ubuntu-latest)	UNKNOWN STEP	2026-09-29T12:18:09.1578336Z (node:2551) [DEP0040] DeprecationWarning: The `punycode` module is deprecated. Please use a userland alternative instead.
Lint (ubuntu-latest)	UNKNOWN STEP	2026-09-29T12:18:09.1579369Z (Use `node --trace-deprecation ...` to show where the warning was created)
Lint (ubuntu-latest)	UNKNOWN STEP	2026-09-29T12:18:09.1581992Z Added go to the path
Lint (ubuntu-latest)	UNKNOWN STEP	2026-09-29T12:18:09.1585832Z Successfully set up Go version 1.25
Lint (ubuntu-latest)	UNKNOWN STEP	2026-09-29T12:18:10.1374650Z [command]/opt/hostedtoolcache/go/1.25.14/x64/bin/go env GOMODCACHE
Lint (ubuntu-latest)	UNKNOWN STEP	2026-09-29T12:18:10.1429886Z [command]/opt/hostedtoolcache/go/1.25.14/x64/bin/go env GOCACHE
Lint (ubuntu-latest)	UNKNOWN STEP	2026-09-29T12:18:10.1505688Z /home/runner/go/pkg/mod
Lint (ubuntu-latest)	UNKNOWN STEP	2026-09-29T12:18:10.1520632Z /home/runner/.cache/go-build
Lint (ubuntu-latest)	UNKNOWN STEP	2026-09-29T12:18:10.4023045Z Cache hit for: setup-go-Linux-x64-ubuntu24-go-1.25.14-61bbf44200ea51c97db44eef9d5fd9d32d6f41e109b84a02d8ea08dac29e82dd
Lint (ubuntu-latest)	UNKNOWN STEP	2026-09-29T12:18:10.4130420Z (node:2551) [DEP0169] DeprecationWarning: `url.parse()` behavior is not standardized and prone to errors that have security implications. Use the WHATWG URL API instead. CVEs are not issued for `url.parse()` vulnerabilities.
Lint (ubuntu-latest)	UNKNOWN STEP	2026-09-29T12:18:11.6665139Z Received 4194304 of 204919207 (2.0%), 4.0 MBs/sec
Lint (ubuntu-latest)	UNKNOWN STEP	2026-09-29T12:18:12.6974387Z Received 134217728 of 204919207 (65.5%), 62.9 MBs/sec
Lint (ubuntu-latest)	UNKNOWN STEP	2026-09-29T12:18:13.2329090Z Received 204919207 of 204919207 (100.0%), 76.1 MBs/sec
Lint (ubuntu-latest)	UNKNOWN STEP	2026-09-29T12:18:13.2330146Z Cache Size: ~195 MB (204919207 B)
Lint (ubuntu-latest)	UNKNOWN STEP	2026-09-29T12:18:13.2438221Z [command]/usr/bin/tar -xf /home/runner/work/_temp/4badbb12-e689-4f5e-b84d-cbfe22c119d5/cache.tzst -P -C /home/runner/work/saksi/saksi --use-compress-program unzstd
Lint (ubuntu-latest)	UNKNOWN STEP	2026-09-29T12:18:14.7518151Z Cache restored successfully
Lint (ubuntu-latest)	UNKNOWN STEP	2026-09-29T12:18:14.7617386Z Cache restored from key: setup-go-Linux-x64-ubuntu24-go-1.25.14-61bbf44200ea51c97db44eef9d5fd9d32d6f41e109b84a02d8ea08dac29e82dd
Lint (ubuntu-latest)	UNKNOWN STEP	2026-09-29T12:18:14.7631532Z go version go1.25.14 linux/amd64
Lint (ubuntu-latest)	UNKNOWN STEP	2026-09-29T12:18:14.7631780Z 
Lint (ubuntu-latest)	UNKNOWN STEP	2026-09-29T12:18:14.7632103Z ##[group]go env
Lint (ubuntu-latest)	UNKNOWN STEP	2026-09-29T12:18:14.7868973Z AR='ar'
Lint (ubuntu-latest)	UNKNOWN STEP	2026-09-29T12:18:14.7869398Z CC='gcc'
Lint (ubuntu-latest)	UNKNOWN STEP	2026-09-29T12:18:14.7869868Z CGO_CFLAGS='-O2 -g'
Lint (ubuntu-latest)	UNKNOWN STEP	2026-09-29T12:18:14.7870346Z CGO_CPPFLAGS=''
Lint (ubuntu-latest)	UNKNOWN STEP	2026-09-29T12:18:14.7870813Z CGO_CXXFLAGS='-O2 -g'
Lint (ubuntu-latest)	UNKNOWN STEP	2026-09-29T12:18:14.7871275Z CGO_ENABLED='1'
Lint (ubuntu-latest)	UNKNOWN STEP	2026-09-29T12:18:14.7871732Z CGO_FFLAGS='-O2 -g'
Lint (ubuntu-latest)	UNKNOWN STEP	2026-09-29T12:18:14.7872140Z CGO_LDFLAGS='-O2 -g'
Lint (ubuntu-latest)	UNKNOWN STEP	2026-09-29T12:18:14.7872543Z CXX='g++'
Lint (ubuntu-latest)	UNKNOWN STEP	2026-09-29T12:18:14.7872901Z GCCGO='gccgo'
Lint (ubuntu-latest)	UNKNOWN STEP	2026-09-29T12:18:14.7873315Z GO111MODULE=''
Lint (ubuntu-latest)	UNKNOWN STEP	2026-09-29T12:18:14.7873703Z GOAMD64='v1'
Lint (ubuntu-latest)	UNKNOWN STEP	2026-09-29T12:18:14.7874386Z GOARCH='amd64'
Lint (ubuntu-latest)	UNKNOWN STEP	2026-09-29T12:18:14.7874798Z GOAUTH='netrc'
Lint (ubuntu-latest)	UNKNOWN STEP	2026-09-29T12:18:14.7875192Z GOBIN=''
Lint (ubuntu-latest)	UNKNOWN STEP	2026-09-29T12:18:14.7875632Z GOCACHE='/home/runner/.cache/go-build'
Lint (ubuntu-latest)	UNKNOWN STEP	2026-09-29T12:18:14.7876221Z GOCACHEPROG=''
Lint (ubuntu-latest)	UNKNOWN STEP	2026-09-29T12:18:14.7876633Z GODEBUG=''
Lint (ubuntu-latest)	UNKNOWN STEP	2026-09-29T12:18:14.7877369Z GOENV='/home/runner/.config/go/env'
Lint (ubuntu-latest)	UNKNOWN STEP	2026-09-29T12:18:14.7877952Z GOEXE=''
Lint (ubuntu-latest)	UNKNOWN STEP	2026-09-29T12:18:14.7878347Z GOEXPERIMENT=''
Lint (ubuntu-latest)	UNKNOWN STEP	2026-09-29T12:18:14.7878773Z GOFIPS140='off'
Lint (ubuntu-latest)	UNKNOWN STEP	2026-09-29T12:18:14.7879231Z GOFLAGS='-mod=mod'
Lint (ubuntu-latest)	UNKNOWN STEP	2026-09-29T12:18:14.7880669Z GOGCCFLAGS='-fPIC -m64 -pthread -Wl,--no-gc-sections -fmessage-length=0 -ffile-prefix-map=/tmp/go-build1023872753=/tmp/go-build -gno-record-gcc-switches'
Lint (ubuntu-latest)	UNKNOWN STEP	2026-09-29T12:18:14.7882010Z GOHOSTARCH='amd64'
Lint (ubuntu-latest)	UNKNOWN STEP	2026-09-29T12:18:14.7882631Z GOHOSTOS='linux'
Lint (ubuntu-latest)	UNKNOWN STEP	2026-09-29T12:18:14.7883011Z GOINSECURE=''
Lint (ubuntu-latest)	UNKNOWN STEP	2026-09-29T12:18:14.7883407Z GOMOD='/dev/null'
Lint (ubuntu-latest)	UNKNOWN STEP	2026-09-29T12:18:14.7883822Z GOMODCACHE='/home/runner/go/pkg/mod'
Lint (ubuntu-latest)	UNKNOWN STEP	2026-09-29T12:18:14.7884510Z GONOPROXY=''
Lint (ubuntu-latest)	UNKNOWN STEP	2026-09-29T12:18:14.7884860Z GONOSUMDB=''
Lint (ubuntu-latest)	UNKNOWN STEP	2026-09-29T12:18:14.7885201Z GOOS='linux'
Lint (ubuntu-latest)	UNKNOWN STEP	2026-09-29T12:18:14.7885566Z GOPATH='/home/runner/go'
Lint (ubuntu-latest)	UNKNOWN STEP	2026-09-29T12:18:14.7885960Z GOPRIVATE=''
Lint (ubuntu-latest)	UNKNOWN STEP	2026-09-29T12:18:14.7886384Z GOPROXY='https://proxy.golang.org,direct'
Lint (ubuntu-latest)	UNKNOWN STEP	2026-09-29T12:18:14.7886946Z GOROOT='/opt/hostedtoolcache/go/1.25.14/x64'
Lint (ubuntu-latest)	UNKNOWN STEP	2026-09-29T12:18:14.7887550Z GOSUMDB='sum.golang.org'
Lint (ubuntu-latest)	UNKNOWN STEP	2026-09-29T12:18:14.7887979Z GOTELEMETRY='local'
Lint (ubuntu-latest)	UNKNOWN STEP	2026-09-29T12:18:14.7888510Z GOTELEMETRYDIR='/home/runner/.config/go/telemetry'
Lint (ubuntu-latest)	UNKNOWN STEP	2026-09-29T12:18:14.7889043Z GOTMPDIR=''
Lint (ubuntu-latest)	UNKNOWN STEP	2026-09-29T12:18:14.7889383Z GOTOOLCHAIN='auto'
Lint (ubuntu-latest)	UNKNOWN STEP	2026-09-29T12:18:14.7889915Z GOTOOLDIR='/opt/hostedtoolcache/go/1.25.14/x64/pkg/tool/linux_amd64'
Lint (ubuntu-latest)	UNKNOWN STEP	2026-09-29T12:18:14.7890585Z GOVCS=''
Lint (ubuntu-latest)	UNKNOWN STEP	2026-09-29T12:18:14.7890975Z GOVERSION='go1.25.14'
Lint (ubuntu-latest)	UNKNOWN STEP	2026-09-29T12:18:14.7891421Z GOWORK=''
Lint (ubuntu-latest)	UNKNOWN STEP	2026-09-29T12:18:14.7892029Z PKG_CONFIG='pkg-config'
Lint (ubuntu-latest)	UNKNOWN STEP	2026-09-29T12:18:14.7913509Z 
Lint (ubuntu-latest)	UNKNOWN STEP	2026-09-29T12:18:14.7914332Z ##[endgroup]
Lint (ubuntu-latest)	UNKNOWN STEP	2026-09-29T12:18:14.8046540Z ##[group]Run go install honnef.co/go/tools/cmd/staticcheck@latest
Lint (ubuntu-latest)	UNKNOWN STEP	2026-09-29T12:18:14.8047073Z ^[[36;1mgo install honnef.co/go/tools/cmd/staticcheck@latest^[[0m
Lint (ubuntu-latest)	UNKNOWN STEP	2026-09-29T12:18:14.8111619Z shell: /usr/bin/bash -e {0}
Lint (ubuntu-latest)	UNKNOWN STEP	2026-09-29T12:18:14.8111942Z env:
Lint (ubuntu-latest)	UNKNOWN STEP	2026-09-29T12:18:14.8112192Z   CARGO_TERM_COLOR: always
Lint (ubuntu-latest)	UNKNOWN STEP	2026-09-29T12:18:14.8112927Z   GO_MODULES: packages/saksi-protocol/go
Lint (ubuntu-latest)	UNKNOWN STEP	packages/saksi-bulletin/chaincode
Lint (ubuntu-latest)	UNKNOWN STEP	packages/saksi-bulletin/client-sdk
Lint (ubuntu-latest)	UNKNOWN STEP	packages/saksi-campaign
Lint (ubuntu-latest)	UNKNOWN STEP	
Lint (ubuntu-latest)	UNKNOWN STEP	2026-09-29T12:18:14.8113696Z   GOFLAGS: -mod=mod
Lint (ubuntu-latest)	UNKNOWN STEP	2026-09-29T12:18:14.8114345Z   CARGO_INCREMENTAL: 0
Lint (ubuntu-latest)	UNKNOWN STEP	2026-09-29T12:18:14.8114663Z   CARGO_PROFILE_DEV_DEBUG: 0
Lint (ubuntu-latest)	UNKNOWN STEP	2026-09-29T12:18:14.8114976Z   RUST_BACKTRACE: short
Lint (ubuntu-latest)	UNKNOWN STEP	2026-09-29T12:18:14.8115271Z   RUSTFLAGS: -D warnings
Lint (ubuntu-latest)	UNKNOWN STEP	2026-09-29T12:18:14.8115590Z   CARGO_UNSTABLE_SPARSE_REGISTRY: true
Lint (ubuntu-latest)	UNKNOWN STEP	2026-09-29T12:18:14.8115981Z   CARGO_REGISTRIES_CRATES_IO_PROTOCOL: sparse
Lint (ubuntu-latest)	UNKNOWN STEP	2026-09-29T12:18:14.8116355Z   CACHE_ON_FAILURE: false
Lint (ubuntu-latest)	UNKNOWN STEP	2026-09-29T12:18:14.8116643Z ##[endgroup]
Lint (ubuntu-latest)	UNKNOWN STEP	2026-09-29T12:18:15.1977229Z go: downloading honnef.co/go/tools v0.8.1
Lint (ubuntu-latest)	UNKNOWN STEP	2026-09-29T12:18:15.4174138Z go: honnef.co/go/tools@v0.8.1 requires go >= 1.26.0; switching to go1.26.8
Lint (ubuntu-latest)	UNKNOWN STEP	2026-09-29T12:18:15.5535471Z go: downloading golang.org/x/tools v0.44.1-0.20260420230617-19499e7caabc
Lint (ubuntu-latest)	UNKNOWN STEP	2026-09-29T12:18:15.9231983Z go: downloading golang.org/x/exp/typeparams v0.0.0-20231108232855-2478ac86f678
Lint (ubuntu-latest)	UNKNOWN STEP	2026-09-29T12:18:15.9454805Z go: downloading github.com/BurntSushi/toml v1.4.1-0.20240526193622-a339e1f7089c
Lint (ubuntu-latest)	UNKNOWN STEP	2026-09-29T12:18:15.9482987Z go: downloading golang.org/x/sync v0.20.0
Lint (ubuntu-latest)	UNKNOWN STEP	2026-09-29T12:18:15.9587732Z go: downloading golang.org/x/exp v0.0.0-20231110203233-9a3e6036ecaa
Lint (ubuntu-latest)	UNKNOWN STEP	2026-09-29T12:18:15.9876579Z go: downloading golang.org/x/mod v0.35.0
Lint (ubuntu-latest)	UNKNOWN STEP	2026-09-29T12:18:24.5925663Z ##[group]Run set -euo pipefail
Lint (ubuntu-latest)	UNKNOWN STEP	2026-09-29T12:18:24.5926043Z ^[[36;1mset -euo pipefail^[[0m
Lint (ubuntu-latest)	UNKNOWN STEP	2026-09-29T12:18:24.5926370Z ^[[36;1mfor module in ${GO_MODULES}; do^[[0m
Lint (ubuntu-latest)	UNKNOWN STEP	2026-09-29T12:18:24.5926704Z ^[[36;1m  files="$(gofmt -l "${module}")"^[[0m
Lint (ubuntu-latest)	UNKNOWN STEP	2026-09-29T12:18:24.5927028Z ^[[36;1m  if [ -n "${files}" ]; then^[[0m
Lint (ubuntu-latest)	UNKNOWN STEP	2026-09-29T12:18:24.5927318Z ^[[36;1m    echo "${files}"^[[0m
Lint (ubuntu-latest)	UNKNOWN STEP	2026-09-29T12:18:24.5927584Z ^[[36;1m    exit 1^[[0m
Lint (ubuntu-latest)	UNKNOWN STEP	2026-09-29T12:18:24.5927814Z ^[[36;1m  fi^[[0m
Lint (ubuntu-latest)	UNKNOWN STEP	2026-09-29T12:18:24.5928061Z ^[[36;1m  (cd "${module}" && go vet ./...)^[[0m
Lint (ubuntu-latest)	UNKNOWN STEP	2026-09-29T12:18:24.5928449Z ^[[36;1m  (cd "${module}" && "$(go env GOPATH)/bin/staticcheck" ./...)^[[0m
Lint (ubuntu-latest)	UNKNOWN STEP	2026-09-29T12:18:24.5928825Z ^[[36;1mdone^[[0m
Lint (ubuntu-latest)	UNKNOWN STEP	2026-09-29T12:18:24.5991330Z shell: /usr/bin/bash --noprofile --norc -e -o pipefail {0}
Lint (ubuntu-latest)	UNKNOWN STEP	2026-09-29T12:18:24.5991753Z env:
Lint (ubuntu-latest)	UNKNOWN STEP	2026-09-29T12:18:24.5992010Z   CARGO_TERM_COLOR: always
Lint (ubuntu-latest)	UNKNOWN STEP	2026-09-29T12:18:24.5992768Z   GO_MODULES: packages/saksi-protocol/go
Lint (ubuntu-latest)	UNKNOWN STEP	packages/saksi-bulletin/chaincode
Lint (ubuntu-latest)	UNKNOWN STEP	packages/saksi-bulletin/client-sdk
Lint (ubuntu-latest)	UNKNOWN STEP	packages/saksi-campaign
Lint (ubuntu-latest)	UNKNOWN STEP	
Lint (ubuntu-latest)	UNKNOWN STEP	2026-09-29T12:18:24.5993522Z   GOFLAGS: -mod=mod
Lint (ubuntu-latest)	UNKNOWN STEP	2026-09-29T12:18:24.5993799Z   CARGO_INCREMENTAL: 0
Lint (ubuntu-latest)	UNKNOWN STEP	2026-09-29T12:18:24.5994565Z   CARGO_PROFILE_DEV_DEBUG: 0
Lint (ubuntu-latest)	UNKNOWN STEP	2026-09-29T12:18:24.5994876Z   RUST_BACKTRACE: short
Lint (ubuntu-latest)	UNKNOWN STEP	2026-09-29T12:18:24.5995181Z   RUSTFLAGS: -D warnings
Lint (ubuntu-latest)	UNKNOWN STEP	2026-09-29T12:18:24.5995488Z   CARGO_UNSTABLE_SPARSE_REGISTRY: true
Lint (ubuntu-latest)	UNKNOWN STEP	2026-09-29T12:18:24.5995889Z   CARGO_REGISTRIES_CRATES_IO_PROTOCOL: sparse
Lint (ubuntu-latest)	UNKNOWN STEP	2026-09-29T12:18:24.5996260Z   CACHE_ON_FAILURE: false
Lint (ubuntu-latest)	UNKNOWN STEP	2026-09-29T12:18:24.5996541Z ##[endgroup]
Lint (ubuntu-latest)	UNKNOWN STEP	2026-09-29T12:19:02.3973006Z go: downloading github.com/hyperledger/fabric-gateway v1.7.1
Lint (ubuntu-latest)	UNKNOWN STEP	2026-09-29T12:19:02.3974431Z go: downloading github.com/hyperledger/fabric-protos-go-apiv2 v0.3.4
Lint (ubuntu-latest)	UNKNOWN STEP	2026-09-29T12:19:02.4659100Z go: downloading google.golang.org/grpc v1.69.2
Lint (ubuntu-latest)	UNKNOWN STEP	2026-09-29T12:19:02.5220630Z go: downloading google.golang.org/protobuf v1.36.0
Lint (ubuntu-latest)	UNKNOWN STEP	2026-09-29T12:19:02.7685016Z go: downloading golang.org/x/net v0.33.0
Lint (ubuntu-latest)	UNKNOWN STEP	2026-09-29T12:19:02.7700969Z go: downloading google.golang.org/genproto/googleapis/rpc v0.0.0-20241015192408-796eee8c2d53
Lint (ubuntu-latest)	UNKNOWN STEP	2026-09-29T12:19:02.7772213Z go: downloading golang.org/x/crypto v0.31.0
Lint (ubuntu-latest)	UNKNOWN STEP	2026-09-29T12:19:02.7782100Z go: downloading golang.org/x/sys v0.28.0
Lint (ubuntu-latest)	UNKNOWN STEP	2026-09-29T12:19:02.9934970Z go: downloading golang.org/x/text v0.21.0
Lint (ubuntu-latest)	UNKNOWN STEP	2026-09-29T12:19:11.4867955Z go: downloading google.golang.org/protobuf v1.36.12
Lint (ubuntu-latest)	UNKNOWN STEP	2026-09-29T12:19:22.1083787Z Post job cleanup.
Lint (ubuntu-latest)	UNKNOWN STEP	2026-09-29T12:19:22.2354870Z (node:10981) [DEP0040] DeprecationWarning: The `punycode` module is deprecated. Please use a userland alternative instead.
Lint (ubuntu-latest)	UNKNOWN STEP	2026-09-29T12:19:22.2355977Z (Use `node --trace-deprecation ...` to show where the warning was created)
Lint (ubuntu-latest)	UNKNOWN STEP	2026-09-29T12:19:22.2433382Z [command]/opt/hostedtoolcache/go/1.25.14/x64/bin/go env GOMODCACHE
Lint (ubuntu-latest)	UNKNOWN STEP	2026-09-29T12:19:22.2481542Z [command]/opt/hostedtoolcache/go/1.25.14/x64/bin/go env GOCACHE
Lint (ubuntu-latest)	UNKNOWN STEP	2026-09-29T12:19:22.2517129Z /home/runner/go/pkg/mod
Lint (ubuntu-latest)	UNKNOWN STEP	2026-09-29T12:19:22.2542351Z /home/runner/.cache/go-build
Lint (ubuntu-latest)	UNKNOWN STEP	2026-09-29T12:19:22.2549403Z Cache hit occurred on the primary key setup-go-Linux-x64-ubuntu24-go-1.25.14-61bbf44200ea51c97db44eef9d5fd9d32d6f41e109b84a02d8ea08dac29e82dd, not saving cache.
Lint (ubuntu-latest)	UNKNOWN STEP	2026-09-29T12:19:22.2726205Z Post job cleanup.
Lint (ubuntu-latest)	UNKNOWN STEP	2026-09-29T12:19:22.3972550Z Cache up-to-date.
Lint (ubuntu-latest)	UNKNOWN STEP	2026-09-29T12:19:22.4352145Z Post job cleanup.
Lint (ubuntu-latest)	UNKNOWN STEP	2026-09-29T12:19:22.4378546Z ##[start-action display=Setup Rust Caching;id=__31ee3876-2c06-4450-8331-8f542eb105dc.__Swatinem_rust-cache]
Lint (ubuntu-latest)	UNKNOWN STEP	2026-09-29T12:19:22.4436653Z Post job cleanup.
Lint (ubuntu-latest)	UNKNOWN STEP	2026-09-29T12:19:22.7316029Z Cache up-to-date.
Lint (ubuntu-latest)	UNKNOWN STEP	2026-09-29T12:19:22.7319258Z (node:11011) [DEP0040] DeprecationWarning: The `punycode` module is deprecated. Please use a userland alternative instead.
Lint (ubuntu-latest)	UNKNOWN STEP	2026-09-29T12:19:22.7320580Z (Use `node --trace-deprecation ...` to show where the warning was created)
Lint (ubuntu-latest)	UNKNOWN STEP	2026-09-29T12:19:22.7452205Z ##[end-action id=__31ee3876-2c06-4450-8331-8f542eb105dc.__Swatinem_rust-cache;outcome=success;conclusion=success;duration_ms=307]
Lint (ubuntu-latest)	UNKNOWN STEP	2026-09-29T12:19:22.7535176Z Post job cleanup.
Lint (ubuntu-latest)	UNKNOWN STEP	2026-09-29T12:19:22.8427556Z [command]/usr/bin/git version
Lint (ubuntu-latest)	UNKNOWN STEP	2026-09-29T12:19:22.8473149Z git version 2.55.0
Lint (ubuntu-latest)	UNKNOWN STEP	2026-09-29T12:19:22.8517919Z Temporarily overriding HOME='/home/runner/work/_temp/a208615b-d7a8-480e-ab78-10795b73dd75' before making global git config changes
Lint (ubuntu-latest)	UNKNOWN STEP	2026-09-29T12:19:22.8519590Z Adding repository directory to the temporary git global config as a safe directory
Lint (ubuntu-latest)	UNKNOWN STEP	2026-09-29T12:19:22.8524580Z [command]/usr/bin/git config --global --add safe.directory /home/runner/work/saksi/saksi
Lint (ubuntu-latest)	UNKNOWN STEP	2026-09-29T12:19:22.8563281Z [command]/usr/bin/git config --local --name-only --get-regexp core\.sshCommand
Lint (ubuntu-latest)	UNKNOWN STEP	2026-09-29T12:19:22.8600106Z [command]/usr/bin/git submodule foreach --recursive sh -c "git config --local --name-only --get-regexp 'core\.sshCommand' && git config --local --unset-all 'core.sshCommand' || :"
Lint (ubuntu-latest)	UNKNOWN STEP	2026-09-29T12:19:22.8859596Z [command]/usr/bin/git config --local --name-only --get-regexp http\.https\:\/\/github\.com\/\.extraheader
Lint (ubuntu-latest)	UNKNOWN STEP	2026-09-29T12:19:22.8889876Z http.https://github.com/.extraheader
Lint (ubuntu-latest)	UNKNOWN STEP	2026-09-29T12:19:22.8902974Z [command]/usr/bin/git config --local --unset-all http.https://github.com/.extraheader
Lint (ubuntu-latest)	UNKNOWN STEP	2026-09-29T12:19:22.8940739Z [command]/usr/bin/git submodule foreach --recursive sh -c "git config --local --name-only --get-regexp 'http\.https\:\/\/github\.com\/\.extraheader' && git config --local --unset-all 'http.https://github.com/.extraheader' || :"
Lint (ubuntu-latest)	UNKNOWN STEP	2026-09-29T12:19:22.9206128Z [command]/usr/bin/git config --local --name-only --get-regexp ^includeIf\.gitdir:
Lint (ubuntu-latest)	UNKNOWN STEP	2026-09-29T12:19:22.9249498Z [command]/usr/bin/git submodule foreach --recursive git config --local --show-origin --name-only --get-regexp remote.origin.url
Lint (ubuntu-latest)	UNKNOWN STEP	2026-09-29T12:19:22.9675344Z Cleaning up orphan processes
Lint (ubuntu-latest)	UNKNOWN STEP	2026-09-29T12:19:23.0000870Z ##[warning]Node.js 20 is deprecated. The following actions target Node.js 20 but are being forced to run on Node.js 24: actions/checkout@v4, actions/setup-go@v5. For more information see: https://github.blog/changelog/2025-09-19-deprecation-of-node-20-on-github-actions-runners/
Security (ubuntu-latest)	UNKNOWN STEP	﻿2026-09-29T12:17:52.3264089Z Current runner version: '2.337.0'
Security (ubuntu-latest)	UNKNOWN STEP	2026-09-29T12:17:52.3290594Z ##[group]Runner Image Provisioner
Security (ubuntu-latest)	UNKNOWN STEP	2026-09-29T12:17:52.3291511Z Hosted Compute Agent
Security (ubuntu-latest)	UNKNOWN STEP	2026-09-29T12:17:52.3292115Z Version: 20260828.587
Security (ubuntu-latest)	UNKNOWN STEP	2026-09-29T12:17:52.3292843Z Commit: abac92662cab4cc7352de4f9f9d2e2419aad9c29
Security (ubuntu-latest)	UNKNOWN STEP	2026-09-29T12:17:52.3293745Z Build Date: 2026-08-28T16:44:25Z
Security (ubuntu-latest)	UNKNOWN STEP	2026-09-29T12:17:52.3294449Z Worker ID: {e4ee9d9f-37a2-48a4-b617-5871a89f5d9b}
Security (ubuntu-latest)	UNKNOWN STEP	2026-09-29T12:17:52.3295501Z Azure Region: northcentralus
Security (ubuntu-latest)	UNKNOWN STEP	2026-09-29T12:17:52.3296147Z ##[endgroup]
Security (ubuntu-latest)	UNKNOWN STEP	2026-09-29T12:17:52.3298108Z ##[group]Operating System
Security (ubuntu-latest)	UNKNOWN STEP	2026-09-29T12:17:52.3298856Z Ubuntu
Security (ubuntu-latest)	UNKNOWN STEP	2026-09-29T12:17:52.3299393Z 24.04.5
Security (ubuntu-latest)	UNKNOWN STEP	2026-09-29T12:17:52.3300026Z LTS
Security (ubuntu-latest)	UNKNOWN STEP	2026-09-29T12:17:52.3300576Z ##[endgroup]
Security (ubuntu-latest)	UNKNOWN STEP	2026-09-29T12:17:52.3301134Z ##[group]Runner Image
Security (ubuntu-latest)	UNKNOWN STEP	2026-09-29T12:17:52.3301876Z Image: ubuntu-24.04
Security (ubuntu-latest)	UNKNOWN STEP	2026-09-29T12:17:52.3302462Z Version: 20260920.314.1
Security (ubuntu-latest)	UNKNOWN STEP	2026-09-29T12:17:52.3303822Z Included Software: https://github.com/actions/runner-images/blob/ubuntu24/20260920.314/images/ubuntu/Ubuntu2404-Readme.md
Security (ubuntu-latest)	UNKNOWN STEP	2026-09-29T12:17:52.3305746Z Image Release: https://github.com/actions/runner-images/releases/tag/ubuntu24%2F20260920.314
Security (ubuntu-latest)	UNKNOWN STEP	2026-09-29T12:17:52.3306804Z ##[endgroup]
Security (ubuntu-latest)	UNKNOWN STEP	2026-09-29T12:17:52.3307885Z ##[group]GITHUB_TOKEN Permissions
Security (ubuntu-latest)	UNKNOWN STEP	2026-09-29T12:17:52.3310250Z Contents: read
Security (ubuntu-latest)	UNKNOWN STEP	2026-09-29T12:17:52.3310867Z Metadata: read
Security (ubuntu-latest)	UNKNOWN STEP	2026-09-29T12:17:52.3311535Z ##[endgroup]
Security (ubuntu-latest)	UNKNOWN STEP	2026-09-29T12:17:52.3313690Z Secret source: Actions
Security (ubuntu-latest)	UNKNOWN STEP	2026-09-29T12:17:52.3314951Z Cache mode: write
Security (ubuntu-latest)	UNKNOWN STEP	2026-09-29T12:17:52.3315918Z Prepare workflow directory
Security (ubuntu-latest)	UNKNOWN STEP	2026-09-29T12:17:52.3736605Z Prepare all required actions
Security (ubuntu-latest)	UNKNOWN STEP	2026-09-29T12:17:52.3786777Z Getting action download info
Security (ubuntu-latest)	UNKNOWN STEP	2026-09-29T12:17:52.7178905Z Download action repository 'actions/checkout@v4' (SHA:11d5960a326750d5838078e36cf38b85af677262)
Security (ubuntu-latest)	UNKNOWN STEP	2026-09-29T12:17:52.8247775Z Download action repository 'actions-rust-lang/setup-rust-toolchain@v1' (SHA:166cdcfd11aee3cb47222f9ddb555ce30ddb9659)
Security (ubuntu-latest)	UNKNOWN STEP	2026-09-29T12:17:52.9820197Z Download action repository 'taiki-e/install-action@cargo-audit' (SHA:1ceecae37ba251f3f09906445d948ebfd5c4e06c)
Security (ubuntu-latest)	UNKNOWN STEP	2026-09-29T12:17:53.3200732Z Download action repository 'actions/setup-go@v5' (SHA:40f1582b2485089dde7abd97c1529aa768e1baff)
Security (ubuntu-latest)	UNKNOWN STEP	2026-09-29T12:17:53.8658744Z Getting action download info
Security (ubuntu-latest)	UNKNOWN STEP	2026-09-29T12:17:53.9914352Z Download action repository 'Swatinem/rust-cache@c19371144df3bb44fab255c43d04cbc2ab54d1c4' (SHA:c19371144df3bb44fab255c43d04cbc2ab54d1c4)
Security (ubuntu-latest)	UNKNOWN STEP	2026-09-29T12:17:54.5599643Z Complete job name: Security (ubuntu-latest)
Security (ubuntu-latest)	UNKNOWN STEP	2026-09-29T12:17:54.6550540Z ##[group]Run actions/checkout@v4
Security (ubuntu-latest)	UNKNOWN STEP	2026-09-29T12:17:54.6552082Z with:
Security (ubuntu-latest)	UNKNOWN STEP	2026-09-29T12:17:54.6553194Z   repository: saksi-framework/saksi
Security (ubuntu-latest)	UNKNOWN STEP	2026-09-29T12:17:54.6564432Z   token: ***
Security (ubuntu-latest)	UNKNOWN STEP	2026-09-29T12:17:54.6565745Z   ssh-strict: true
Security (ubuntu-latest)	UNKNOWN STEP	2026-09-29T12:17:54.6567188Z   ssh-user: git
Security (ubuntu-latest)	UNKNOWN STEP	2026-09-29T12:17:54.6568220Z   persist-credentials: true
Security (ubuntu-latest)	UNKNOWN STEP	2026-09-29T12:17:54.6569406Z   clean: true
Security (ubuntu-latest)	UNKNOWN STEP	2026-09-29T12:17:54.6570438Z   sparse-checkout-cone-mode: true
Security (ubuntu-latest)	UNKNOWN STEP	2026-09-29T12:17:54.6571705Z   fetch-depth: 1
Security (ubuntu-latest)	UNKNOWN STEP	2026-09-29T12:17:54.6572732Z   fetch-tags: false
Security (ubuntu-latest)	UNKNOWN STEP	2026-09-29T12:17:54.6573764Z   show-progress: true
Security (ubuntu-latest)	UNKNOWN STEP	2026-09-29T12:17:54.6575057Z   lfs: false
Security (ubuntu-latest)	UNKNOWN STEP	2026-09-29T12:17:54.6576022Z   submodules: false
Security (ubuntu-latest)	UNKNOWN STEP	2026-09-29T12:17:54.6577153Z   set-safe-directory: true
Security (ubuntu-latest)	UNKNOWN STEP	2026-09-29T12:17:54.6578326Z   allow-unsafe-pr-checkout: false
Security (ubuntu-latest)	UNKNOWN STEP	2026-09-29T12:17:54.6579820Z env:
Security (ubuntu-latest)	UNKNOWN STEP	2026-09-29T12:17:54.6580860Z   CARGO_TERM_COLOR: always
Security (ubuntu-latest)	UNKNOWN STEP	2026-09-29T12:17:54.6583326Z   GO_MODULES: packages/saksi-protocol/go
Security (ubuntu-latest)	UNKNOWN STEP	packages/saksi-bulletin/chaincode
Security (ubuntu-latest)	UNKNOWN STEP	packages/saksi-bulletin/client-sdk
Security (ubuntu-latest)	UNKNOWN STEP	packages/saksi-campaign
Security (ubuntu-latest)	UNKNOWN STEP	
Security (ubuntu-latest)	UNKNOWN STEP	2026-09-29T12:17:54.6586100Z   GOFLAGS: -mod=mod
Security (ubuntu-latest)	UNKNOWN STEP	2026-09-29T12:17:54.6587109Z ##[endgroup]
Security (ubuntu-latest)	UNKNOWN STEP	2026-09-29T12:17:54.7714932Z Syncing repository: saksi-framework/saksi
Security (ubuntu-latest)	UNKNOWN STEP	2026-09-29T12:17:54.7718889Z ##[group]Getting Git version info
Security (ubuntu-latest)	UNKNOWN STEP	2026-09-29T12:17:54.7720938Z Working directory is '/home/runner/work/saksi/saksi'
Security (ubuntu-latest)	UNKNOWN STEP	2026-09-29T12:17:54.7724057Z [command]/usr/bin/git version
Security (ubuntu-latest)	UNKNOWN STEP	2026-09-29T12:17:54.7771587Z git version 2.55.0
Security (ubuntu-latest)	UNKNOWN STEP	2026-09-29T12:17:54.7794334Z ##[endgroup]
Security (ubuntu-latest)	UNKNOWN STEP	2026-09-29T12:17:54.7811183Z Temporarily overriding HOME='/home/runner/work/_temp/78cf8b00-0ec4-4f4b-9756-0bb7ca67cb3c' before making global git config changes
Security (ubuntu-latest)	UNKNOWN STEP	2026-09-29T12:17:54.7816399Z Adding repository directory to the temporary git global config as a safe directory
Security (ubuntu-latest)	UNKNOWN STEP	2026-09-29T12:17:54.7819774Z [command]/usr/bin/git config --global --add safe.directory /home/runner/work/saksi/saksi
Security (ubuntu-latest)	UNKNOWN STEP	2026-09-29T12:17:54.7909681Z Deleting the contents of '/home/runner/work/saksi/saksi'
Security (ubuntu-latest)	UNKNOWN STEP	2026-09-29T12:17:54.7913878Z ##[group]Initializing the repository
Security (ubuntu-latest)	UNKNOWN STEP	2026-09-29T12:17:54.7916962Z [command]/usr/bin/git init /home/runner/work/saksi/saksi
Security (ubuntu-latest)	UNKNOWN STEP	2026-09-29T12:17:54.8030243Z hint: Using 'master' as the name for the initial branch. This default branch name
Security (ubuntu-latest)	UNKNOWN STEP	2026-09-29T12:17:54.8033369Z hint: will change to "main" in Git 3.0. To configure the initial branch name
Security (ubuntu-latest)	UNKNOWN STEP	2026-09-29T12:17:54.8036063Z hint: to use in all of your new repositories, which will suppress this warning,
Security (ubuntu-latest)	UNKNOWN STEP	2026-09-29T12:17:54.8038922Z hint: call:
Security (ubuntu-latest)	UNKNOWN STEP	2026-09-29T12:17:54.8040112Z hint:
Security (ubuntu-latest)	UNKNOWN STEP	2026-09-29T12:17:54.8041587Z hint: 	git config --global init.defaultBranch <name>
Security (ubuntu-latest)	UNKNOWN STEP	2026-09-29T12:17:54.8043474Z hint:
Security (ubuntu-latest)	UNKNOWN STEP	2026-09-29T12:17:54.8044863Z hint: Names commonly chosen instead of 'master' are 'main', 'trunk' and
Security (ubuntu-latest)	UNKNOWN STEP	2026-09-29T12:17:54.8046824Z hint: 'development'. The just-created branch can be renamed via this command:
Security (ubuntu-latest)	UNKNOWN STEP	2026-09-29T12:17:54.8048278Z hint:
Security (ubuntu-latest)	UNKNOWN STEP	2026-09-29T12:17:54.8049253Z hint: 	git branch -m <name>
Security (ubuntu-latest)	UNKNOWN STEP	2026-09-29T12:17:54.8050362Z hint:
Security (ubuntu-latest)	UNKNOWN STEP	2026-09-29T12:17:54.8051620Z hint: Disable this message with "git config set advice.defaultBranchName false"
Security (ubuntu-latest)	UNKNOWN STEP	2026-09-29T12:17:54.8054111Z Initialized empty Git repository in /home/runner/work/saksi/saksi/.git/
Security (ubuntu-latest)	UNKNOWN STEP	2026-09-29T12:17:54.8058873Z [command]/usr/bin/git remote add origin https://github.com/saksi-framework/saksi
Security (ubuntu-latest)	UNKNOWN STEP	2026-09-29T12:17:54.8107500Z ##[endgroup]
Security (ubuntu-latest)	UNKNOWN STEP	2026-09-29T12:17:54.8109388Z ##[group]Disabling automatic garbage collection
Security (ubuntu-latest)	UNKNOWN STEP	2026-09-29T12:17:54.8111450Z [command]/usr/bin/git config --local gc.auto 0
Security (ubuntu-latest)	UNKNOWN STEP	2026-09-29T12:17:54.8145241Z ##[endgroup]
Security (ubuntu-latest)	UNKNOWN STEP	2026-09-29T12:17:54.8146979Z ##[group]Setting up auth
Security (ubuntu-latest)	UNKNOWN STEP	2026-09-29T12:17:54.8151632Z [command]/usr/bin/git config --local --name-only --get-regexp core\.sshCommand
Security (ubuntu-latest)	UNKNOWN STEP	2026-09-29T12:17:54.8199050Z [command]/usr/bin/git submodule foreach --recursive sh -c "git config --local --name-only --get-regexp 'core\.sshCommand' && git config --local --unset-all 'core.sshCommand' || :"
Security (ubuntu-latest)	UNKNOWN STEP	2026-09-29T12:17:54.8606604Z [command]/usr/bin/git config --local --name-only --get-regexp http\.https\:\/\/github\.com\/\.extraheader
Security (ubuntu-latest)	UNKNOWN STEP	2026-09-29T12:17:54.8635295Z [command]/usr/bin/git submodule foreach --recursive sh -c "git config --local --name-only --get-regexp 'http\.https\:\/\/github\.com\/\.extraheader' && git config --local --unset-all 'http.https://github.com/.extraheader' || :"
Security (ubuntu-latest)	UNKNOWN STEP	2026-09-29T12:17:54.8877848Z [command]/usr/bin/git config --local --name-only --get-regexp ^includeIf\.gitdir:
Security (ubuntu-latest)	UNKNOWN STEP	2026-09-29T12:17:54.8926189Z [command]/usr/bin/git submodule foreach --recursive git config --local --show-origin --name-only --get-regexp remote.origin.url
Security (ubuntu-latest)	UNKNOWN STEP	2026-09-29T12:17:54.9180385Z [command]/usr/bin/git config --local http.https://github.com/.extraheader AUTHORIZATION: basic ***
Security (ubuntu-latest)	UNKNOWN STEP	2026-09-29T12:17:54.9224241Z ##[endgroup]
Security (ubuntu-latest)	UNKNOWN STEP	2026-09-29T12:17:54.9234288Z ##[group]Fetching the repository
Security (ubuntu-latest)	UNKNOWN STEP	2026-09-29T12:17:54.9238447Z [command]/usr/bin/git -c protocol.version=2 fetch --no-tags --prune --no-recurse-submodules --depth=1 origin +4a38a54fe0223b58f28c53ec54e47fbeab222837:refs/remotes/origin/main
Security (ubuntu-latest)	UNKNOWN STEP	2026-09-29T12:17:55.4576717Z From https://github.com/saksi-framework/saksi
Security (ubuntu-latest)	UNKNOWN STEP	2026-09-29T12:17:55.4580571Z  * [new ref]         4a38a54fe0223b58f28c53ec54e47fbeab222837 -> origin/main
Security (ubuntu-latest)	UNKNOWN STEP	2026-09-29T12:17:55.4589218Z ##[endgroup]
Security (ubuntu-latest)	UNKNOWN STEP	2026-09-29T12:17:55.4592792Z ##[group]Determining the checkout info
Security (ubuntu-latest)	UNKNOWN STEP	2026-09-29T12:17:55.4597418Z ##[endgroup]
Security (ubuntu-latest)	UNKNOWN STEP	2026-09-29T12:17:55.4599752Z [command]/usr/bin/git sparse-checkout disable
Security (ubuntu-latest)	UNKNOWN STEP	2026-09-29T12:17:55.4658119Z [command]/usr/bin/git config --local --unset-all extensions.worktreeConfig
Security (ubuntu-latest)	UNKNOWN STEP	2026-09-29T12:17:55.4694219Z ##[group]Checking out the ref
Security (ubuntu-latest)	UNKNOWN STEP	2026-09-29T12:17:55.4698933Z [command]/usr/bin/git checkout --progress --force -B main refs/remotes/origin/main
Security (ubuntu-latest)	UNKNOWN STEP	2026-09-29T12:17:55.5003114Z Switched to a new branch 'main'
Security (ubuntu-latest)	UNKNOWN STEP	2026-09-29T12:17:55.5011499Z branch 'main' set up to track 'origin/main'.
Security (ubuntu-latest)	UNKNOWN STEP	2026-09-29T12:17:55.5020362Z ##[endgroup]
Security (ubuntu-latest)	UNKNOWN STEP	2026-09-29T12:17:55.5062778Z [command]/usr/bin/git log -1 --format=%H
Security (ubuntu-latest)	UNKNOWN STEP	2026-09-29T12:17:55.5090389Z 4a38a54fe0223b58f28c53ec54e47fbeab222837
Security (ubuntu-latest)	UNKNOWN STEP	2026-09-29T12:17:55.5830053Z ##[group]Run actions-rust-lang/setup-rust-toolchain@v1
Security (ubuntu-latest)	UNKNOWN STEP	2026-09-29T12:17:55.5831201Z with:
Security (ubuntu-latest)	UNKNOWN STEP	2026-09-29T12:17:55.5831899Z   cache: true
Security (ubuntu-latest)	UNKNOWN STEP	2026-09-29T12:17:55.5832653Z   cache-on-failure: true
Security (ubuntu-latest)	UNKNOWN STEP	2026-09-29T12:17:55.5833470Z   cache-bin: true
Security (ubuntu-latest)	UNKNOWN STEP	2026-09-29T12:17:55.5834236Z   cache-provider: github
Security (ubuntu-latest)	UNKNOWN STEP	2026-09-29T12:17:55.5835412Z   cache-all-crates: false
Security (ubuntu-latest)	UNKNOWN STEP	2026-09-29T12:17:55.5836303Z   cache-workspace-crates: false
Security (ubuntu-latest)	UNKNOWN STEP	2026-09-29T12:17:55.5837202Z   cache-save-if: true
Security (ubuntu-latest)	UNKNOWN STEP	2026-09-29T12:17:55.5837992Z   cache-targets: true
Security (ubuntu-latest)	UNKNOWN STEP	2026-09-29T12:17:55.5838785Z   matcher: true
Security (ubuntu-latest)	UNKNOWN STEP	2026-09-29T12:17:55.5839549Z   rustflags: -D warnings
Security (ubuntu-latest)	UNKNOWN STEP	2026-09-29T12:17:55.5840362Z   override: true
Security (ubuntu-latest)	UNKNOWN STEP	2026-09-29T12:17:55.5841110Z env:
Security (ubuntu-latest)	UNKNOWN STEP	2026-09-29T12:17:55.5841813Z   CARGO_TERM_COLOR: always
Security (ubuntu-latest)	UNKNOWN STEP	2026-09-29T12:17:55.5843742Z   GO_MODULES: packages/saksi-protocol/go
Security (ubuntu-latest)	UNKNOWN STEP	packages/saksi-bulletin/chaincode
Security (ubuntu-latest)	UNKNOWN STEP	packages/saksi-bulletin/client-sdk
Security (ubuntu-latest)	UNKNOWN STEP	packages/saksi-campaign
Security (ubuntu-latest)	UNKNOWN STEP	
Security (ubuntu-latest)	UNKNOWN STEP	2026-09-29T12:17:55.5846047Z   GOFLAGS: -mod=mod
Security (ubuntu-latest)	UNKNOWN STEP	2026-09-29T12:17:55.5846837Z ##[endgroup]
Security (ubuntu-latest)	UNKNOWN STEP	2026-09-29T12:17:55.5920589Z ##[start-action display=Unbork mac;id=__actions-rust-lang_setup-rust-toolchain.__run]
Security (ubuntu-latest)	UNKNOWN STEP	2026-09-29T12:17:55.5946329Z ##[end-action id=__actions-rust-lang_setup-rust-toolchain.__run;outcome=skipped;conclusion=skipped;duration_ms=0]
Security (ubuntu-latest)	UNKNOWN STEP	2026-09-29T12:17:55.5987786Z ##[start-action display=Run : construct rustup command line;id=__actions-rust-lang_setup-rust-toolchain.flags]
Security (ubuntu-latest)	UNKNOWN STEP	2026-09-29T12:17:55.6043950Z ##[group]Run : construct rustup command line
Security (ubuntu-latest)	UNKNOWN STEP	2026-09-29T12:17:55.6045379Z ^[[36;1m: construct rustup command line^[[0m
Security (ubuntu-latest)	UNKNOWN STEP	2026-09-29T12:17:55.6046957Z ^[[36;1mecho "targets=$(for t in ${_srt_targets//,/ }; do echo -n ' --target' $t; done)" >> $GITHUB_OUTPUT^[[0m
Security (ubuntu-latest)	UNKNOWN STEP	2026-09-29T12:17:55.6049180Z ^[[36;1mecho "components=$(for c in ${_srt_components//,/ }; do echo -n ' --component' $c; done)" >> $GITHUB_OUTPUT^[[0m
Security (ubuntu-latest)	UNKNOWN STEP	2026-09-29T12:17:55.6050903Z ^[[36;1mecho "downgrade=" >> $GITHUB_OUTPUT^[[0m
Security (ubuntu-latest)	UNKNOWN STEP	2026-09-29T12:17:55.6330906Z shell: /usr/bin/bash --noprofile --norc -e -o pipefail {0}
Security (ubuntu-latest)	UNKNOWN STEP	2026-09-29T12:17:55.6332533Z env:
Security (ubuntu-latest)	UNKNOWN STEP	2026-09-29T12:17:55.6333499Z   CARGO_TERM_COLOR: always
Security (ubuntu-latest)	UNKNOWN STEP	2026-09-29T12:17:55.6336383Z   GO_MODULES: packages/saksi-protocol/go
Security (ubuntu-latest)	UNKNOWN STEP	packages/saksi-bulletin/chaincode
Security (ubuntu-latest)	UNKNOWN STEP	packages/saksi-bulletin/client-sdk
Security (ubuntu-latest)	UNKNOWN STEP	packages/saksi-campaign
Security (ubuntu-latest)	UNKNOWN STEP	
Security (ubuntu-latest)	UNKNOWN STEP	2026-09-29T12:17:55.6338829Z   GOFLAGS: -mod=mod
Security (ubuntu-latest)	UNKNOWN STEP	2026-09-29T12:17:55.6339686Z   _srt_targets: 
Security (ubuntu-latest)	UNKNOWN STEP	2026-09-29T12:17:55.6340520Z   _srt_components: 
Security (ubuntu-latest)	UNKNOWN STEP	2026-09-29T12:17:55.6341370Z ##[endgroup]
Security (ubuntu-latest)	UNKNOWN STEP	2026-09-29T12:17:55.6510430Z ##[end-action id=__actions-rust-lang_setup-rust-toolchain.flags;outcome=success;conclusion=success;duration_ms=51]
Security (ubuntu-latest)	UNKNOWN STEP	2026-09-29T12:17:55.6521300Z ##[start-action display=Setting Environment Variables;id=__actions-rust-lang_setup-rust-toolchain.__run_2]
Security (ubuntu-latest)	UNKNOWN STEP	2026-09-29T12:17:55.6561537Z ##[group]Run if [[ ! -v CARGO_INCREMENTAL ]]; then
Security (ubuntu-latest)	UNKNOWN STEP	2026-09-29T12:17:55.6562800Z ^[[36;1mif [[ ! -v CARGO_INCREMENTAL ]]; then^[[0m
Security (ubuntu-latest)	UNKNOWN STEP	2026-09-29T12:17:55.6564017Z ^[[36;1m  echo "CARGO_INCREMENTAL=0" >> $GITHUB_ENV^[[0m
Security (ubuntu-latest)	UNKNOWN STEP	2026-09-29T12:17:55.6565414Z ^[[36;1mfi^[[0m
Security (ubuntu-latest)	UNKNOWN STEP	2026-09-29T12:17:55.6566330Z ^[[36;1mif [[ ! -v CARGO_PROFILE_DEV_DEBUG ]]; then^[[0m
Security (ubuntu-latest)	UNKNOWN STEP	2026-09-29T12:17:55.6567561Z ^[[36;1m  echo "CARGO_PROFILE_DEV_DEBUG=0" >> $GITHUB_ENV^[[0m
Security (ubuntu-latest)	UNKNOWN STEP	2026-09-29T12:17:55.6568645Z ^[[36;1mfi^[[0m
Security (ubuntu-latest)	UNKNOWN STEP	2026-09-29T12:17:55.6569427Z ^[[36;1mif [[ ! -v CARGO_TERM_COLOR ]]; then^[[0m
Security (ubuntu-latest)	UNKNOWN STEP	2026-09-29T12:17:55.6570584Z ^[[36;1m  echo "CARGO_TERM_COLOR=always" >> $GITHUB_ENV^[[0m
Security (ubuntu-latest)	UNKNOWN STEP	2026-09-29T12:17:55.6571641Z ^[[36;1mfi^[[0m
Security (ubuntu-latest)	UNKNOWN STEP	2026-09-29T12:17:55.6572417Z ^[[36;1mif [[ ! -v RUST_BACKTRACE ]]; then^[[0m
Security (ubuntu-latest)	UNKNOWN STEP	2026-09-29T12:17:55.6573543Z ^[[36;1m  echo "RUST_BACKTRACE=short" >> $GITHUB_ENV^[[0m
Security (ubuntu-latest)	UNKNOWN STEP	2026-09-29T12:17:55.6574578Z ^[[36;1mfi^[[0m
Security (ubuntu-latest)	UNKNOWN STEP	2026-09-29T12:17:55.6575820Z ^[[36;1mif [[ ( ! -v RUSTFLAGS ) && $_srt_NEW_RUSTFLAGS != "" ]]; then^[[0m
Security (ubuntu-latest)	UNKNOWN STEP	2026-09-29T12:17:55.6577427Z ^[[36;1m  echo "RUSTFLAGS=$_srt_NEW_RUSTFLAGS" >> $GITHUB_ENV^[[0m
Security (ubuntu-latest)	UNKNOWN STEP	2026-09-29T12:17:55.6578556Z ^[[36;1mfi^[[0m
Security (ubuntu-latest)	UNKNOWN STEP	2026-09-29T12:17:55.6579368Z ^[[36;1m# Enable faster sparse index on nightly^[[0m
Security (ubuntu-latest)	UNKNOWN STEP	2026-09-29T12:17:55.6580640Z ^[[36;1m# The value is ignored on stable and causes no problems^[[0m
Security (ubuntu-latest)	UNKNOWN STEP	2026-09-29T12:17:55.6582568Z ^[[36;1m# https://internals.rust-lang.org/t/call-for-testing-cargo-sparse-registry/16862^[[0m
Security (ubuntu-latest)	UNKNOWN STEP	2026-09-29T12:17:55.6584297Z ^[[36;1mif [[ ! -v CARGO_UNSTABLE_SPARSE_REGISTRY ]]; then^[[0m
Security (ubuntu-latest)	UNKNOWN STEP	2026-09-29T12:17:55.6585996Z ^[[36;1m  echo "CARGO_UNSTABLE_SPARSE_REGISTRY=true" >> $GITHUB_ENV^[[0m
Security (ubuntu-latest)	UNKNOWN STEP	2026-09-29T12:17:55.6587190Z ^[[36;1mfi^[[0m
Security (ubuntu-latest)	UNKNOWN STEP	2026-09-29T12:17:55.6588112Z ^[[36;1mif [[ ! -v CARGO_REGISTRIES_CRATES_IO_PROTOCOL ]]; then^[[0m
Security (ubuntu-latest)	UNKNOWN STEP	2026-09-29T12:17:55.6589602Z ^[[36;1m  echo "CARGO_REGISTRIES_CRATES_IO_PROTOCOL=sparse" >> $GITHUB_ENV^[[0m
Security (ubuntu-latest)	UNKNOWN STEP	2026-09-29T12:17:55.6590876Z ^[[36;1mfi^[[0m
Security (ubuntu-latest)	UNKNOWN STEP	2026-09-29T12:17:55.6661131Z shell: /usr/bin/bash --noprofile --norc -e -o pipefail {0}
Security (ubuntu-latest)	UNKNOWN STEP	2026-09-29T12:17:55.6662346Z env:
Security (ubuntu-latest)	UNKNOWN STEP	2026-09-29T12:17:55.6663102Z   CARGO_TERM_COLOR: always
Security (ubuntu-latest)	UNKNOWN STEP	2026-09-29T12:17:55.6665484Z   GO_MODULES: packages/saksi-protocol/go
Security (ubuntu-latest)	UNKNOWN STEP	packages/saksi-bulletin/chaincode
Security (ubuntu-latest)	UNKNOWN STEP	packages/saksi-bulletin/client-sdk
Security (ubuntu-latest)	UNKNOWN STEP	packages/saksi-campaign
Security (ubuntu-latest)	UNKNOWN STEP	
Security (ubuntu-latest)	UNKNOWN STEP	2026-09-29T12:17:55.6667901Z   GOFLAGS: -mod=mod
Security (ubuntu-latest)	UNKNOWN STEP	2026-09-29T12:17:55.6668836Z   _srt_NEW_RUSTFLAGS: -D warnings
Security (ubuntu-latest)	UNKNOWN STEP	2026-09-29T12:17:55.6669850Z ##[endgroup]
Security (ubuntu-latest)	UNKNOWN STEP	2026-09-29T12:17:55.6793355Z ##[end-action id=__actions-rust-lang_setup-rust-toolchain.__run_2;outcome=success;conclusion=success;duration_ms=26]
Security (ubuntu-latest)	UNKNOWN STEP	2026-09-29T12:17:55.6800400Z ##[start-action display=Install Rust Problem Matcher;id=__actions-rust-lang_setup-rust-toolchain.__run_3]
Security (ubuntu-latest)	UNKNOWN STEP	2026-09-29T12:17:55.6844456Z ##[group]Run echo "::add-matcher::/home/runner/work/_actions/actions-rust-lang/setup-rust-toolchain/v1/rust.json"
Security (ubuntu-latest)	UNKNOWN STEP	2026-09-29T12:17:55.6847229Z ^[[36;1mecho "::add-matcher::/home/runner/work/_actions/actions-rust-lang/setup-rust-toolchain/v1/rust.json"^[[0m
Security (ubuntu-latest)	UNKNOWN STEP	2026-09-29T12:17:55.6918442Z shell: /usr/bin/bash --noprofile --norc -e -o pipefail {0}
Security (ubuntu-latest)	UNKNOWN STEP	2026-09-29T12:17:55.6919650Z env:
Security (ubuntu-latest)	UNKNOWN STEP	2026-09-29T12:17:55.6920378Z   CARGO_TERM_COLOR: always
Security (ubuntu-latest)	UNKNOWN STEP	2026-09-29T12:17:55.6922442Z   GO_MODULES: packages/saksi-protocol/go
Security (ubuntu-latest)	UNKNOWN STEP	packages/saksi-bulletin/chaincode
Security (ubuntu-latest)	UNKNOWN STEP	packages/saksi-bulletin/client-sdk
Security (ubuntu-latest)	UNKNOWN STEP	packages/saksi-campaign
Security (ubuntu-latest)	UNKNOWN STEP	
Security (ubuntu-latest)	UNKNOWN STEP	2026-09-29T12:17:55.6924795Z   GOFLAGS: -mod=mod
Security (ubuntu-latest)	UNKNOWN STEP	2026-09-29T12:17:55.6925652Z   CARGO_INCREMENTAL: 0
Security (ubuntu-latest)	UNKNOWN STEP	2026-09-29T12:17:55.6926518Z   CARGO_PROFILE_DEV_DEBUG: 0
Security (ubuntu-latest)	UNKNOWN STEP	2026-09-29T12:17:55.6927419Z   RUST_BACKTRACE: short
Security (ubuntu-latest)	UNKNOWN STEP	2026-09-29T12:17:55.6928221Z   RUSTFLAGS: -D warnings
Security (ubuntu-latest)	UNKNOWN STEP	2026-09-29T12:17:55.6929094Z   CARGO_UNSTABLE_SPARSE_REGISTRY: true
Security (ubuntu-latest)	UNKNOWN STEP	2026-09-29T12:17:55.6930134Z   CARGO_REGISTRIES_CRATES_IO_PROTOCOL: sparse
Security (ubuntu-latest)	UNKNOWN STEP	2026-09-29T12:17:55.6931132Z ##[endgroup]
Security (ubuntu-latest)	UNKNOWN STEP	2026-09-29T12:17:55.7064118Z ##[end-action id=__actions-rust-lang_setup-rust-toolchain.__run_3;outcome=success;conclusion=success;duration_ms=26]
Security (ubuntu-latest)	UNKNOWN STEP	2026-09-29T12:17:55.7072015Z ##[start-action display=Install rustup, if needed;id=__actions-rust-lang_setup-rust-toolchain.__run_4]
Security (ubuntu-latest)	UNKNOWN STEP	2026-09-29T12:17:55.7108542Z ##[group]Run if ! command -v rustup &> /dev/null ; then
Security (ubuntu-latest)	UNKNOWN STEP	2026-09-29T12:17:55.7109798Z ^[[36;1mif ! command -v rustup &> /dev/null ; then^[[0m
Security (ubuntu-latest)	UNKNOWN STEP	2026-09-29T12:17:55.7111933Z ^[[36;1m  curl --proto '=https' --tlsv1.2 --retry 10 --retry-connrefused -fsSL "https://sh.rustup.rs" | sh -s -- --default-toolchain none -y^[[0m
Security (ubuntu-latest)	UNKNOWN STEP	2026-09-29T12:17:55.7113890Z ^[[36;1m^[[0m
Security (ubuntu-latest)	UNKNOWN STEP	2026-09-29T12:17:55.7115110Z ^[[36;1m  # Resolve the correct CARGO_HOME path depending on OS^[[0m
Security (ubuntu-latest)	UNKNOWN STEP	2026-09-29T12:17:55.7116489Z ^[[36;1m  if [[ "$RUNNER_OS" == "Windows" ]]; then^[[0m
Security (ubuntu-latest)	UNKNOWN STEP	2026-09-29T12:17:55.7117942Z ^[[36;1m    echo "${CARGO_HOME:-$USERPROFILE/.cargo}/bin" | sed 's|/|\\|g' >> $GITHUB_PATH^[[0m
Security (ubuntu-latest)	UNKNOWN STEP	2026-09-29T12:17:55.7119325Z ^[[36;1m  else^[[0m
Security (ubuntu-latest)	UNKNOWN STEP	2026-09-29T12:17:55.7120270Z ^[[36;1m    echo "${CARGO_HOME:-$HOME/.cargo}/bin" >> $GITHUB_PATH^[[0m
Security (ubuntu-latest)	UNKNOWN STEP	2026-09-29T12:17:55.7121408Z ^[[36;1m  fi^[[0m
Security (ubuntu-latest)	UNKNOWN STEP	2026-09-29T12:17:55.7122094Z ^[[36;1mfi^[[0m
Security (ubuntu-latest)	UNKNOWN STEP	2026-09-29T12:17:55.7192070Z shell: /usr/bin/bash --noprofile --norc -e -o pipefail {0}
Security (ubuntu-latest)	UNKNOWN STEP	2026-09-29T12:17:55.7193210Z env:
Security (ubuntu-latest)	UNKNOWN STEP	2026-09-29T12:17:55.7194092Z   CARGO_TERM_COLOR: always
Security (ubuntu-latest)	UNKNOWN STEP	2026-09-29T12:17:55.7226126Z   GO_MODULES: packages/saksi-protocol/go
Security (ubuntu-latest)	UNKNOWN STEP	packages/saksi-bulletin/chaincode
Security (ubuntu-latest)	UNKNOWN STEP	packages/saksi-bulletin/client-sdk
Security (ubuntu-latest)	UNKNOWN STEP	packages/saksi-campaign
Security (ubuntu-latest)	UNKNOWN STEP	
Security (ubuntu-latest)	UNKNOWN STEP	2026-09-29T12:17:55.7228439Z   GOFLAGS: -mod=mod
Security (ubuntu-latest)	UNKNOWN STEP	2026-09-29T12:17:55.7229250Z   CARGO_INCREMENTAL: 0
Security (ubuntu-latest)	UNKNOWN STEP	2026-09-29T12:17:55.7230362Z   CARGO_PROFILE_DEV_DEBUG: 0
Security (ubuntu-latest)	UNKNOWN STEP	2026-09-29T12:17:55.7231279Z   RUST_BACKTRACE: short
Security (ubuntu-latest)	UNKNOWN STEP	2026-09-29T12:17:55.7232121Z   RUSTFLAGS: -D warnings
Security (ubuntu-latest)	UNKNOWN STEP	2026-09-29T12:17:55.7233034Z   CARGO_UNSTABLE_SPARSE_REGISTRY: true
Security (ubuntu-latest)	UNKNOWN STEP	2026-09-29T12:17:55.7234136Z   CARGO_REGISTRIES_CRATES_IO_PROTOCOL: sparse
Security (ubuntu-latest)	UNKNOWN STEP	2026-09-29T12:17:55.7235511Z   RUNNER_OS: Linux
Security (ubuntu-latest)	UNKNOWN STEP	2026-09-29T12:17:55.7236286Z ##[endgroup]
Security (ubuntu-latest)	UNKNOWN STEP	2026-09-29T12:17:55.7357032Z ##[end-action id=__actions-rust-lang_setup-rust-toolchain.__run_4;outcome=success;conclusion=success;duration_ms=28]
Security (ubuntu-latest)	UNKNOWN STEP	2026-09-29T12:17:55.7367769Z ##[start-action display=rustup toolchain install stable;id=__actions-rust-lang_setup-rust-toolchain.__run_5]
Security (ubuntu-latest)	UNKNOWN STEP	2026-09-29T12:17:55.7407034Z ##[group]Run # Check if value is set
Security (ubuntu-latest)	UNKNOWN STEP	2026-09-29T12:17:55.7408056Z ^[[36;1m# Check if value is set^[[0m
Security (ubuntu-latest)	UNKNOWN STEP	2026-09-29T12:17:55.7408984Z ^[[36;1mif [[ -n "$_srt_rust_src_dir" ]]^[[0m
Security (ubuntu-latest)	UNKNOWN STEP	2026-09-29T12:17:55.7409919Z ^[[36;1mthen^[[0m
Security (ubuntu-latest)	UNKNOWN STEP	2026-09-29T12:17:55.7410745Z ^[[36;1m  # If value is set the directory must exist^[[0m
Security (ubuntu-latest)	UNKNOWN STEP	2026-09-29T12:17:55.7411856Z ^[[36;1m  if [[ -d "$_srt_rust_src_dir" ]]^[[0m
Security (ubuntu-latest)	UNKNOWN STEP	2026-09-29T12:17:55.7412802Z ^[[36;1m  then^[[0m
Security (ubuntu-latest)	UNKNOWN STEP	2026-09-29T12:17:55.7413544Z ^[[36;1m    cd "$_srt_rust_src_dir"^[[0m
Security (ubuntu-latest)	UNKNOWN STEP	2026-09-29T12:17:55.7414426Z ^[[36;1m  else^[[0m
Security (ubuntu-latest)	UNKNOWN STEP	2026-09-29T12:17:55.7416219Z ^[[36;1m    echo "'rust-src-dir' does not point to an existing directory" >&2^[[0m
Security (ubuntu-latest)	UNKNOWN STEP	2026-09-29T12:17:55.7417825Z ^[[36;1m    echo "The value of 'rust-src-dir' is: ${_srt_rust_src_dir}" >&2^[[0m
Security (ubuntu-latest)	UNKNOWN STEP	2026-09-29T12:17:55.7419044Z ^[[36;1m    exit 1^[[0m
Security (ubuntu-latest)	UNKNOWN STEP	2026-09-29T12:17:55.7419774Z ^[[36;1m  fi^[[0m
Security (ubuntu-latest)	UNKNOWN STEP	2026-09-29T12:17:55.7420470Z ^[[36;1mfi^[[0m
Security (ubuntu-latest)	UNKNOWN STEP	2026-09-29T12:17:55.7421593Z ^[[36;1mif [[ -z "$_srt_toolchain" && ( -f "rust-toolchain" || -f "rust-toolchain.toml") ]]^[[0m
Security (ubuntu-latest)	UNKNOWN STEP	2026-09-29T12:17:55.7422980Z ^[[36;1mthen^[[0m
Security (ubuntu-latest)	UNKNOWN STEP	2026-09-29T12:17:55.7423851Z ^[[36;1m  # Install the toolchain as specified in the file^[[0m
Security (ubuntu-latest)	UNKNOWN STEP	2026-09-29T12:17:55.7425540Z ^[[36;1m  # rustup show is the old way that implicitly installed a toolchain^[[0m
Security (ubuntu-latest)	UNKNOWN STEP	2026-09-29T12:17:55.7427014Z ^[[36;1m  # rustup toolchain install is the new explicit way^[[0m
Security (ubuntu-latest)	UNKNOWN STEP	2026-09-29T12:17:55.7428576Z ^[[36;1m  # https://github.com/rust-lang/rustup/issues/3635#issuecomment-2343511297^[[0m
Security (ubuntu-latest)	UNKNOWN STEP	2026-09-29T12:17:55.7430210Z ^[[36;1m  rustup show active-toolchain || rustup toolchain install^[[0m
Security (ubuntu-latest)	UNKNOWN STEP	2026-09-29T12:17:55.7431491Z ^[[36;1m  if [[ -n $_srt_components ]]; then^[[0m
Security (ubuntu-latest)	UNKNOWN STEP	2026-09-29T12:17:55.7432630Z ^[[36;1m    rustup component add ${_srt_components//,/ }^[[0m
Security (ubuntu-latest)	UNKNOWN STEP	2026-09-29T12:17:55.7433682Z ^[[36;1m  fi^[[0m
Security (ubuntu-latest)	UNKNOWN STEP	2026-09-29T12:17:55.7434453Z ^[[36;1m  if [[ -n $_srt_targets ]]; then^[[0m
Security (ubuntu-latest)	UNKNOWN STEP	2026-09-29T12:17:55.7435730Z ^[[36;1m    rustup target add ${_srt_targets//,/ }^[[0m
Security (ubuntu-latest)	UNKNOWN STEP	2026-09-29T12:17:55.7436730Z ^[[36;1m  fi^[[0m
Security (ubuntu-latest)	UNKNOWN STEP	2026-09-29T12:17:55.7437413Z ^[[36;1melse^[[0m
Security (ubuntu-latest)	UNKNOWN STEP	2026-09-29T12:17:55.7438159Z ^[[36;1m  if [[ -z "$_srt_toolchain" ]]^[[0m
Security (ubuntu-latest)	UNKNOWN STEP	2026-09-29T12:17:55.7439073Z ^[[36;1m  then^[[0m
Security (ubuntu-latest)	UNKNOWN STEP	2026-09-29T12:17:55.7439811Z ^[[36;1m    _srt_toolchain=stable^[[0m
Security (ubuntu-latest)	UNKNOWN STEP	2026-09-29T12:17:55.7440690Z ^[[36;1m  fi^[[0m
Security (ubuntu-latest)	UNKNOWN STEP	2026-09-29T12:17:55.7441916Z ^[[36;1m  rustup toolchain install ${_srt_toolchain//,/ }  --profile minimal --no-self-update^[[0m
Security (ubuntu-latest)	UNKNOWN STEP	2026-09-29T12:17:55.7443478Z ^[[36;1m  # Take the last element from the list^[[0m
Security (ubuntu-latest)	UNKNOWN STEP	2026-09-29T12:17:55.7444554Z ^[[36;1m  if [[ "$_srt_override" == "true" ]]^[[0m
Security (ubuntu-latest)	UNKNOWN STEP	2026-09-29T12:17:55.7445821Z ^[[36;1m  then^[[0m
Security (ubuntu-latest)	UNKNOWN STEP	2026-09-29T12:17:55.7446698Z ^[[36;1m    rustup override set ${_srt_toolchain//*,/ }^[[0m
Security (ubuntu-latest)	UNKNOWN STEP	2026-09-29T12:17:55.7447734Z ^[[36;1m  fi^[[0m
Security (ubuntu-latest)	UNKNOWN STEP	2026-09-29T12:17:55.7448408Z ^[[36;1mfi^[[0m
Security (ubuntu-latest)	UNKNOWN STEP	2026-09-29T12:17:55.7519442Z shell: /usr/bin/bash --noprofile --norc -e -o pipefail {0}
Security (ubuntu-latest)	UNKNOWN STEP	2026-09-29T12:17:55.7520569Z env:
Security (ubuntu-latest)	UNKNOWN STEP	2026-09-29T12:17:55.7521258Z   CARGO_TERM_COLOR: always
Security (ubuntu-latest)	UNKNOWN STEP	2026-09-29T12:17:55.7523216Z   GO_MODULES: packages/saksi-protocol/go
Security (ubuntu-latest)	UNKNOWN STEP	packages/saksi-bulletin/chaincode
Security (ubuntu-latest)	UNKNOWN STEP	packages/saksi-bulletin/client-sdk
Security (ubuntu-latest)	UNKNOWN STEP	packages/saksi-campaign
Security (ubuntu-latest)	UNKNOWN STEP	
Security (ubuntu-latest)	UNKNOWN STEP	2026-09-29T12:17:55.7525774Z   GOFLAGS: -mod=mod
Security (ubuntu-latest)	UNKNOWN STEP	2026-09-29T12:17:55.7526542Z   CARGO_INCREMENTAL: 0
Security (ubuntu-latest)	UNKNOWN STEP	2026-09-29T12:17:55.7527347Z   CARGO_PROFILE_DEV_DEBUG: 0
Security (ubuntu-latest)	UNKNOWN STEP	2026-09-29T12:17:55.7528196Z   RUST_BACKTRACE: short
Security (ubuntu-latest)	UNKNOWN STEP	2026-09-29T12:17:55.7528994Z   RUSTFLAGS: -D warnings
Security (ubuntu-latest)	UNKNOWN STEP	2026-09-29T12:17:55.7530024Z   CARGO_UNSTABLE_SPARSE_REGISTRY: true
Security (ubuntu-latest)	UNKNOWN STEP	2026-09-29T12:17:55.7531055Z   CARGO_REGISTRIES_CRATES_IO_PROTOCOL: sparse
Security (ubuntu-latest)	UNKNOWN STEP	2026-09-29T12:17:55.7532062Z   _srt_toolchain: 
Security (ubuntu-latest)	UNKNOWN STEP	2026-09-29T12:17:55.7532787Z   _srt_targets: 
Security (ubuntu-latest)	UNKNOWN STEP	2026-09-29T12:17:55.7533511Z   _srt_components: 
Security (ubuntu-latest)	UNKNOWN STEP	2026-09-29T12:17:55.7534257Z   _srt_override: true
Security (ubuntu-latest)	UNKNOWN STEP	2026-09-29T12:17:55.7535277Z   _srt_rust_src_dir: 
Security (ubuntu-latest)	UNKNOWN STEP	2026-09-29T12:17:55.7536025Z ##[endgroup]
Security (ubuntu-latest)	UNKNOWN STEP	2026-09-29T12:17:55.9311949Z stable-x86_64-unknown-linux-gnu (overridden by '/home/runner/work/saksi/saksi/rust-toolchain.toml')
Security (ubuntu-latest)	UNKNOWN STEP	2026-09-29T12:17:55.9570219Z ##[end-action id=__actions-rust-lang_setup-rust-toolchain.__run_5;outcome=success;conclusion=success;duration_ms=219]
Security (ubuntu-latest)	UNKNOWN STEP	2026-09-29T12:17:55.9577974Z ##[start-action display=Print installed versions;id=__actions-rust-lang_setup-rust-toolchain.versions]
Security (ubuntu-latest)	UNKNOWN STEP	2026-09-29T12:17:55.9620798Z ##[group]Run echo "rustc-version=$(rustc --version)" >> $GITHUB_OUTPUT
Security (ubuntu-latest)	UNKNOWN STEP	2026-09-29T12:17:55.9622364Z ^[[36;1mecho "rustc-version=$(rustc --version)" >> $GITHUB_OUTPUT^[[0m
Security (ubuntu-latest)	UNKNOWN STEP	2026-09-29T12:17:55.9623750Z ^[[36;1mrustc --version --verbose^[[0m
Security (ubuntu-latest)	UNKNOWN STEP	2026-09-29T12:17:55.9625213Z ^[[36;1mecho "cargo-version=$(cargo --version)" >> $GITHUB_OUTPUT^[[0m
Security (ubuntu-latest)	UNKNOWN STEP	2026-09-29T12:17:55.9626471Z ^[[36;1mcargo --version --verbose^[[0m
Security (ubuntu-latest)	UNKNOWN STEP	2026-09-29T12:17:55.9627669Z ^[[36;1mecho "rustup-version=$(rustup --version)" >> $GITHUB_OUTPUT^[[0m
Security (ubuntu-latest)	UNKNOWN STEP	2026-09-29T12:17:55.9629070Z ^[[36;1mrustup --version^[[0m
Security (ubuntu-latest)	UNKNOWN STEP	2026-09-29T12:17:55.9629871Z ^[[36;1m^[[0m
Security (ubuntu-latest)	UNKNOWN STEP	2026-09-29T12:17:55.9631319Z ^[[36;1m_srt_DATE=$(rustc --version --verbose | sed -ne 's/^commit-date: \(20[0-9][0-9]\)-\([01][0-9]\)-\([0-3][0-9]\)$/\1\2\3/p')^[[0m
Security (ubuntu-latest)	UNKNOWN STEP	2026-09-29T12:17:55.9633498Z ^[[36;1m_srt_HASH=$(rustc --version --verbose | sed -ne 's/^commit-hash: //p')^[[0m
Security (ubuntu-latest)	UNKNOWN STEP	2026-09-29T12:17:55.9635539Z ^[[36;1mecho "cachekey=$(echo $_srt_DATE$_srt_HASH | head -c12)" >> $GITHUB_OUTPUT^[[0m
Security (ubuntu-latest)	UNKNOWN STEP	2026-09-29T12:17:55.9708196Z shell: /usr/bin/bash --noprofile --norc -e -o pipefail {0}
Security (ubuntu-latest)	UNKNOWN STEP	2026-09-29T12:17:55.9709335Z env:
Security (ubuntu-latest)	UNKNOWN STEP	2026-09-29T12:17:55.9710027Z   CARGO_TERM_COLOR: always
Security (ubuntu-latest)	UNKNOWN STEP	2026-09-29T12:17:55.9712035Z   GO_MODULES: packages/saksi-protocol/go
Security (ubuntu-latest)	UNKNOWN STEP	packages/saksi-bulletin/chaincode
Security (ubuntu-latest)	UNKNOWN STEP	packages/saksi-bulletin/client-sdk
Security (ubuntu-latest)	UNKNOWN STEP	packages/saksi-campaign
Security (ubuntu-latest)	UNKNOWN STEP	
Security (ubuntu-latest)	UNKNOWN STEP	2026-09-29T12:17:55.9714283Z   GOFLAGS: -mod=mod
Security (ubuntu-latest)	UNKNOWN STEP	2026-09-29T12:17:55.9715398Z   CARGO_INCREMENTAL: 0
Security (ubuntu-latest)	UNKNOWN STEP	2026-09-29T12:17:55.9716251Z   CARGO_PROFILE_DEV_DEBUG: 0
Security (ubuntu-latest)	UNKNOWN STEP	2026-09-29T12:17:55.9717158Z   RUST_BACKTRACE: short
Security (ubuntu-latest)	UNKNOWN STEP	2026-09-29T12:17:55.9718006Z   RUSTFLAGS: -D warnings
Security (ubuntu-latest)	UNKNOWN STEP	2026-09-29T12:17:55.9718916Z   CARGO_UNSTABLE_SPARSE_REGISTRY: true
Security (ubuntu-latest)	UNKNOWN STEP	2026-09-29T12:17:55.9720000Z   CARGO_REGISTRIES_CRATES_IO_PROTOCOL: sparse
Security (ubuntu-latest)	UNKNOWN STEP	2026-09-29T12:17:55.9721051Z ##[endgroup]
Security (ubuntu-latest)	UNKNOWN STEP	2026-09-29T12:17:56.1952439Z rustc 1.98.1 (48a229cea 2026-09-01)
Security (ubuntu-latest)	UNKNOWN STEP	2026-09-29T12:17:56.1953932Z binary: rustc
Security (ubuntu-latest)	UNKNOWN STEP	2026-09-29T12:17:56.1955554Z commit-hash: 48a229ceaefd4985c50990b14116b6d856af0985
Security (ubuntu-latest)	UNKNOWN STEP	2026-09-29T12:17:56.1956872Z commit-date: 2026-09-01
Security (ubuntu-latest)	UNKNOWN STEP	2026-09-29T12:17:56.1957940Z host: x86_64-unknown-linux-gnu
Security (ubuntu-latest)	UNKNOWN STEP	2026-09-29T12:17:56.1959022Z release: 1.98.1
Security (ubuntu-latest)	UNKNOWN STEP	2026-09-29T12:17:56.2312148Z LLVM version: 22.1.8
Security (ubuntu-latest)	UNKNOWN STEP	2026-09-29T12:17:56.9498898Z cargo 1.98.1 (797e8a9bc 2026-08-05)
Security (ubuntu-latest)	UNKNOWN STEP	2026-09-29T12:17:56.9499773Z release: 1.98.1
Security (ubuntu-latest)	UNKNOWN STEP	2026-09-29T12:17:56.9500801Z commit-hash: 797e8a9bca276c1c9f9f738d2a20f484fa4eea9d
Security (ubuntu-latest)	UNKNOWN STEP	2026-09-29T12:17:56.9501810Z commit-date: 2026-08-05
Security (ubuntu-latest)	UNKNOWN STEP	2026-09-29T12:17:56.9502452Z host: x86_64-unknown-linux-gnu
Security (ubuntu-latest)	UNKNOWN STEP	2026-09-29T12:17:56.9503157Z libgit2: 1.9.4 (sys:0.21.0 vendored)
Security (ubuntu-latest)	UNKNOWN STEP	2026-09-29T12:17:56.9504087Z libcurl: 8.21.0-DEV (sys:0.4.90+curl-8.21.0 vendored ssl:OpenSSL/3.6.3)
Security (ubuntu-latest)	UNKNOWN STEP	2026-09-29T12:17:56.9506163Z ssl: OpenSSL 3.6.3 9 Jun 2026
Security (ubuntu-latest)	UNKNOWN STEP	2026-09-29T12:17:56.9506784Z os: Ubuntu 24.4.0 (noble) [64-bit]
Security (ubuntu-latest)	UNKNOWN STEP	2026-09-29T12:17:56.9556213Z info: This is the version for the rustup toolchain manager, not the rustc compiler.
Security (ubuntu-latest)	UNKNOWN STEP	2026-09-29T12:17:56.9834443Z info: the currently active `rustc` version is `rustc 1.98.1 (48a229cea 2026-09-01)`
Security (ubuntu-latest)	UNKNOWN STEP	2026-09-29T12:17:56.9883505Z info: This is the version for the rustup toolchain manager, not the rustc compiler.
Security (ubuntu-latest)	UNKNOWN STEP	2026-09-29T12:17:56.9884584Z rustup 1.29.1 (d95a37b6a 2026-08-13)
Security (ubuntu-latest)	UNKNOWN STEP	2026-09-29T12:17:57.0167555Z info: the currently active `rustc` version is `rustc 1.98.1 (48a229cea 2026-09-01)`
Security (ubuntu-latest)	UNKNOWN STEP	2026-09-29T12:17:57.0869180Z ##[end-action id=__actions-rust-lang_setup-rust-toolchain.versions;outcome=success;conclusion=success;duration_ms=1128]
Security (ubuntu-latest)	UNKNOWN STEP	2026-09-29T12:17:57.0873898Z ##[start-action display=Downgrade registry access protocol when needed;id=__actions-rust-lang_setup-rust-toolchain.__run_6]
Security (ubuntu-latest)	UNKNOWN STEP	2026-09-29T12:17:57.0901464Z ##[group]Run # Not all versions support setting CARGO_REGISTRIES_CRATES_IO_PROTOCOL
Security (ubuntu-latest)	UNKNOWN STEP	2026-09-29T12:17:57.0902088Z ^[[36;1m# Not all versions support setting CARGO_REGISTRIES_CRATES_IO_PROTOCOL^[[0m
Security (ubuntu-latest)	UNKNOWN STEP	2026-09-29T12:17:57.0902660Z ^[[36;1m# On versions 1.66, 1.67, and 1.68.0-nightly the value "sparse" is still unstable.^[[0m
Security (ubuntu-latest)	UNKNOWN STEP	2026-09-29T12:17:57.0903302Z ^[[36;1m# https://github.com/dtolnay/rust-toolchain/pull/69#discussion_r1107268108^[[0m
Security (ubuntu-latest)	UNKNOWN STEP	2026-09-29T12:17:57.0903948Z ^[[36;1m# If we detect an incompatible value, set it to "git" which is always supported.^[[0m
Security (ubuntu-latest)	UNKNOWN STEP	2026-09-29T12:17:57.0905086Z ^[[36;1mif [[ "rustc 1.98.1 (48a229cea 2026-09-01)" =~ ^rustc\ (1\.6[67]\.|1\.68\.0-nightly) && "${CARGO_REGISTRIES_CRATES_IO_PROTOCOL}" == "sparse" ]]; then^[[0m
Security (ubuntu-latest)	UNKNOWN STEP	2026-09-29T12:17:57.0905823Z ^[[36;1m  echo "Downgrade cargo registry protocol to git"^[[0m
Security (ubuntu-latest)	UNKNOWN STEP	2026-09-29T12:17:57.0906271Z ^[[36;1m  echo "CARGO_REGISTRIES_CRATES_IO_PROTOCOL=git" >> $GITHUB_ENV^[[0m
Security (ubuntu-latest)	UNKNOWN STEP	2026-09-29T12:17:57.0906663Z ^[[36;1mfi^[[0m
Security (ubuntu-latest)	UNKNOWN STEP	2026-09-29T12:17:57.0968439Z shell: /usr/bin/bash --noprofile --norc -e -o pipefail {0}
Security (ubuntu-latest)	UNKNOWN STEP	2026-09-29T12:17:57.0968862Z env:
Security (ubuntu-latest)	UNKNOWN STEP	2026-09-29T12:17:57.0969098Z   CARGO_TERM_COLOR: always
Security (ubuntu-latest)	UNKNOWN STEP	2026-09-29T12:17:57.0969851Z   GO_MODULES: packages/saksi-protocol/go
Security (ubuntu-latest)	UNKNOWN STEP	packages/saksi-bulletin/chaincode
Security (ubuntu-latest)	UNKNOWN STEP	packages/saksi-bulletin/client-sdk
Security (ubuntu-latest)	UNKNOWN STEP	packages/saksi-campaign
Security (ubuntu-latest)	UNKNOWN STEP	
Security (ubuntu-latest)	UNKNOWN STEP	2026-09-29T12:17:57.0970685Z   GOFLAGS: -mod=mod
Security (ubuntu-latest)	UNKNOWN STEP	2026-09-29T12:17:57.0971009Z   CARGO_INCREMENTAL: 0
Security (ubuntu-latest)	UNKNOWN STEP	2026-09-29T12:17:57.0971285Z   CARGO_PROFILE_DEV_DEBUG: 0
Security (ubuntu-latest)	UNKNOWN STEP	2026-09-29T12:17:57.0971581Z   RUST_BACKTRACE: short
Security (ubuntu-latest)	UNKNOWN STEP	2026-09-29T12:17:57.0971856Z   RUSTFLAGS: -D warnings
Security (ubuntu-latest)	UNKNOWN STEP	2026-09-29T12:17:57.0972162Z   CARGO_UNSTABLE_SPARSE_REGISTRY: true
Security (ubuntu-latest)	UNKNOWN STEP	2026-09-29T12:17:57.0972548Z   CARGO_REGISTRIES_CRATES_IO_PROTOCOL: sparse
Security (ubuntu-latest)	UNKNOWN STEP	2026-09-29T12:17:57.0972898Z ##[endgroup]
Security (ubuntu-latest)	UNKNOWN STEP	2026-09-29T12:17:57.1063447Z ##[end-action id=__actions-rust-lang_setup-rust-toolchain.__run_6;outcome=success;conclusion=success;duration_ms=18]
Security (ubuntu-latest)	UNKNOWN STEP	2026-09-29T12:17:57.1066845Z ##[start-action display=Setup Rust Caching;id=__actions-rust-lang_setup-rust-toolchain.__Swatinem_rust-cache]
Security (ubuntu-latest)	UNKNOWN STEP	2026-09-29T12:17:57.1153268Z ##[group]Run Swatinem/rust-cache@c19371144df3bb44fab255c43d04cbc2ab54d1c4
Security (ubuntu-latest)	UNKNOWN STEP	2026-09-29T12:17:57.1153686Z with:
Security (ubuntu-latest)	UNKNOWN STEP	2026-09-29T12:17:57.1153922Z   cache-on-failure: true
Security (ubuntu-latest)	UNKNOWN STEP	2026-09-29T12:17:57.1154163Z   cache-bin: true
Security (ubuntu-latest)	UNKNOWN STEP	2026-09-29T12:17:57.1154380Z   cache-provider: github
Security (ubuntu-latest)	UNKNOWN STEP	2026-09-29T12:17:57.1154943Z   cache-all-crates: false
Security (ubuntu-latest)	UNKNOWN STEP	2026-09-29T12:17:57.1155255Z   cache-workspace-crates: false
Security (ubuntu-latest)	UNKNOWN STEP	2026-09-29T12:17:57.1155535Z   cache-targets: true
Security (ubuntu-latest)	UNKNOWN STEP	2026-09-29T12:17:57.1155757Z   save-if: true
Security (ubuntu-latest)	UNKNOWN STEP	2026-09-29T12:17:57.1155972Z   prefix-key: v0-rust
Security (ubuntu-latest)	UNKNOWN STEP	2026-09-29T12:17:57.1156201Z   add-job-id-key: true
Security (ubuntu-latest)	UNKNOWN STEP	2026-09-29T12:17:57.1156467Z   add-rust-environment-hash-key: true
Security (ubuntu-latest)	UNKNOWN STEP	2026-09-29T12:17:57.1156761Z   lookup-only: false
Security (ubuntu-latest)	UNKNOWN STEP	2026-09-29T12:17:57.1156975Z   cmd-format: {0}
Security (ubuntu-latest)	UNKNOWN STEP	2026-09-29T12:17:57.1157175Z env:
Security (ubuntu-latest)	UNKNOWN STEP	2026-09-29T12:17:57.1157367Z   CARGO_TERM_COLOR: always
Security (ubuntu-latest)	UNKNOWN STEP	2026-09-29T12:17:57.1157985Z   GO_MODULES: packages/saksi-protocol/go
Security (ubuntu-latest)	UNKNOWN STEP	packages/saksi-bulletin/chaincode
Security (ubuntu-latest)	UNKNOWN STEP	packages/saksi-bulletin/client-sdk
Security (ubuntu-latest)	UNKNOWN STEP	packages/saksi-campaign
Security (ubuntu-latest)	UNKNOWN STEP	
Security (ubuntu-latest)	UNKNOWN STEP	2026-09-29T12:17:57.1158635Z   GOFLAGS: -mod=mod
Security (ubuntu-latest)	UNKNOWN STEP	2026-09-29T12:17:57.1158855Z   CARGO_INCREMENTAL: 0
Security (ubuntu-latest)	UNKNOWN STEP	2026-09-29T12:17:57.1159090Z   CARGO_PROFILE_DEV_DEBUG: 0
Security (ubuntu-latest)	UNKNOWN STEP	2026-09-29T12:17:57.1159339Z   RUST_BACKTRACE: short
Security (ubuntu-latest)	UNKNOWN STEP	2026-09-29T12:17:57.1159591Z   RUSTFLAGS: -D warnings
Security (ubuntu-latest)	UNKNOWN STEP	2026-09-29T12:17:57.1159858Z   CARGO_UNSTABLE_SPARSE_REGISTRY: true
Security (ubuntu-latest)	UNKNOWN STEP	2026-09-29T12:17:57.1160361Z   CARGO_REGISTRIES_CRATES_IO_PROTOCOL: sparse
Security (ubuntu-latest)	UNKNOWN STEP	2026-09-29T12:17:57.1160659Z ##[endgroup]
Security (ubuntu-latest)	UNKNOWN STEP	2026-09-29T12:17:57.4005048Z (node:2338) [DEP0040] DeprecationWarning: The `punycode` module is deprecated. Please use a userland alternative instead.
Security (ubuntu-latest)	UNKNOWN STEP	2026-09-29T12:17:57.4007507Z (Use `node --trace-deprecation ...` to show where the warning was created)
Security (ubuntu-latest)	UNKNOWN STEP	2026-09-29T12:17:58.1445312Z ##[group]Cache Configuration
Security (ubuntu-latest)	UNKNOWN STEP	2026-09-29T12:17:58.1466042Z Cache Provider:
Security (ubuntu-latest)	UNKNOWN STEP	2026-09-29T12:17:58.1466446Z     github
Security (ubuntu-latest)	UNKNOWN STEP	2026-09-29T12:17:58.1466809Z Workspaces:
Security (ubuntu-latest)	UNKNOWN STEP	2026-09-29T12:17:58.1467186Z     /home/runner/work/saksi/saksi
Security (ubuntu-latest)	UNKNOWN STEP	2026-09-29T12:17:58.1467628Z Cache Paths:
Security (ubuntu-latest)	UNKNOWN STEP	2026-09-29T12:17:58.1467949Z     /home/runner/.cargo/bin
Security (ubuntu-latest)	UNKNOWN STEP	2026-09-29T12:17:58.1468231Z     /home/runner/.cargo/.crates.toml
Security (ubuntu-latest)	UNKNOWN STEP	2026-09-29T12:17:58.1468532Z     /home/runner/.cargo/.crates2.json
Security (ubuntu-latest)	UNKNOWN STEP	2026-09-29T12:17:58.1468840Z     /home/runner/.cargo/registry
Security (ubuntu-latest)	UNKNOWN STEP	2026-09-29T12:17:58.1469101Z     /home/runner/.cargo/git
Security (ubuntu-latest)	UNKNOWN STEP	2026-09-29T12:17:58.1469356Z     /home/runner/work/saksi/saksi/target
Security (ubuntu-latest)	UNKNOWN STEP	2026-09-29T12:17:58.1469658Z Restore Key:
Security (ubuntu-latest)	UNKNOWN STEP	2026-09-29T12:17:58.1469919Z     v0-rust-security-Linux-x64-09ed3713
Security (ubuntu-latest)	UNKNOWN STEP	2026-09-29T12:17:58.1470196Z Cache Key:
Security (ubuntu-latest)	UNKNOWN STEP	2026-09-29T12:17:58.1470444Z     v0-rust-security-Linux-x64-09ed3713-0f869fc1
Security (ubuntu-latest)	UNKNOWN STEP	2026-09-29T12:17:58.1470762Z .. Prefix:
Security (ubuntu-latest)	UNKNOWN STEP	2026-09-29T12:17:58.1471011Z   - v0-rust-security-Linux-x64
Security (ubuntu-latest)	UNKNOWN STEP	2026-09-29T12:17:58.1471280Z .. Environment considered:
Security (ubuntu-latest)	UNKNOWN STEP	2026-09-29T12:17:58.1471517Z   - Rust Versions:
Security (ubuntu-latest)	UNKNOWN STEP	2026-09-29T12:17:58.1471850Z     - 1.98.1 x86_64-unknown-linux-gnu 48a229ceaefd4985c50990b14116b6d856af0985
Security (ubuntu-latest)	UNKNOWN STEP	2026-09-29T12:17:58.1472350Z     - 1.98.1 x86_64-unknown-linux-gnu 48a229ceaefd4985c50990b14116b6d856af0985
Security (ubuntu-latest)	UNKNOWN STEP	2026-09-29T12:17:58.1472748Z   - CARGO_INCREMENTAL
Security (ubuntu-latest)	UNKNOWN STEP	2026-09-29T12:17:58.1473013Z   - CARGO_PROFILE_DEV_DEBUG
Security (ubuntu-latest)	UNKNOWN STEP	2026-09-29T12:17:58.1473282Z   - CARGO_REGISTRIES_CRATES_IO_PROTOCOL
Security (ubuntu-latest)	UNKNOWN STEP	2026-09-29T12:17:58.1473567Z   - CARGO_TERM_COLOR
Security (ubuntu-latest)	UNKNOWN STEP	2026-09-29T12:17:58.1473816Z   - CARGO_UNSTABLE_SPARSE_REGISTRY
Security (ubuntu-latest)	UNKNOWN STEP	2026-09-29T12:17:58.1474087Z   - RUST_BACKTRACE
Security (ubuntu-latest)	UNKNOWN STEP	2026-09-29T12:17:58.1474321Z   - RUSTFLAGS
Security (ubuntu-latest)	UNKNOWN STEP	2026-09-29T12:17:58.1474536Z .. Lockfiles considered:
Security (ubuntu-latest)	UNKNOWN STEP	2026-09-29T12:17:58.1475238Z   - /home/runner/work/saksi/saksi/Cargo.lock
Security (ubuntu-latest)	UNKNOWN STEP	2026-09-29T12:17:58.1476003Z   - /home/runner/work/saksi/saksi/packages/saksi-auditor/Cargo.toml
Security (ubuntu-latest)	UNKNOWN STEP	2026-09-29T12:17:58.1477018Z   - /home/runner/work/saksi/saksi/packages/saksi-credentials/Cargo.toml
Security (ubuntu-latest)	UNKNOWN STEP	2026-09-29T12:17:58.1477892Z   - /home/runner/work/saksi/saksi/packages/saksi-crypto/Cargo.toml
Security (ubuntu-latest)	UNKNOWN STEP	2026-09-29T12:17:58.1479038Z   - /home/runner/work/saksi/saksi/packages/saksi-demo/Cargo.toml
Security (ubuntu-latest)	UNKNOWN STEP	2026-09-29T12:17:58.1479919Z   - /home/runner/work/saksi/saksi/packages/saksi-ffi-flutter/Cargo.toml
Security (ubuntu-latest)	UNKNOWN STEP	2026-09-29T12:17:58.1480962Z   - /home/runner/work/saksi/saksi/packages/saksi-ffi-tauri/Cargo.toml
Security (ubuntu-latest)	UNKNOWN STEP	2026-09-29T12:17:58.1481963Z   - /home/runner/work/saksi/saksi/packages/saksi-protocol/rust/Cargo.toml
Security (ubuntu-latest)	UNKNOWN STEP	2026-09-29T12:17:58.1482804Z   - /home/runner/work/saksi/saksi/rust-toolchain.toml
Security (ubuntu-latest)	UNKNOWN STEP	2026-09-29T12:17:58.1483789Z ##[endgroup]
Security (ubuntu-latest)	UNKNOWN STEP	2026-09-29T12:17:58.1484023Z 
Security (ubuntu-latest)	UNKNOWN STEP	2026-09-29T12:17:58.1484231Z ... Restoring cache ...
Security (ubuntu-latest)	UNKNOWN STEP	2026-09-29T12:17:58.2652414Z Cache hit for: v0-rust-security-Linux-x64-09ed3713-0f869fc1
Security (ubuntu-latest)	UNKNOWN STEP	2026-09-29T12:17:59.0409352Z Received 46393245 of 46393245 (100.0%), 66.1 MBs/sec
Security (ubuntu-latest)	UNKNOWN STEP	2026-09-29T12:17:59.0416283Z Cache Size: ~44 MB (46393245 B)
Security (ubuntu-latest)	UNKNOWN STEP	2026-09-29T12:17:59.0448751Z [command]/usr/bin/tar -xf /home/runner/work/_temp/7fc627b6-3274-460a-a312-b541b656ac3a/cache.tzst -P -C /home/runner/work/saksi/saksi --use-compress-program unzstd
Security (ubuntu-latest)	UNKNOWN STEP	2026-09-29T12:17:59.2192733Z Cache restored successfully
Security (ubuntu-latest)	UNKNOWN STEP	2026-09-29T12:17:59.2217499Z Restored from cache key "v0-rust-security-Linux-x64-09ed3713-0f869fc1" full match: true.
Security (ubuntu-latest)	UNKNOWN STEP	2026-09-29T12:17:59.2317701Z ##[end-action id=__actions-rust-lang_setup-rust-toolchain.__Swatinem_rust-cache;outcome=success;conclusion=success;duration_ms=2124]
Security (ubuntu-latest)	UNKNOWN STEP	2026-09-29T12:17:59.2460825Z ##[group]Run taiki-e/install-action@cargo-audit
Security (ubuntu-latest)	UNKNOWN STEP	2026-09-29T12:17:59.2461179Z with:
Security (ubuntu-latest)	UNKNOWN STEP	2026-09-29T12:17:59.2461378Z   tool: cargo-audit
Security (ubuntu-latest)	UNKNOWN STEP	2026-09-29T12:17:59.2461593Z   checksum: true
Security (ubuntu-latest)	UNKNOWN STEP	2026-09-29T12:17:59.2461978Z   fallback: cargo-binstall
Security (ubuntu-latest)	UNKNOWN STEP	2026-09-29T12:17:59.2462217Z env:
Security (ubuntu-latest)	UNKNOWN STEP	2026-09-29T12:17:59.2462406Z   CARGO_TERM_COLOR: always
Security (ubuntu-latest)	UNKNOWN STEP	2026-09-29T12:17:59.2463012Z   GO_MODULES: packages/saksi-protocol/go
Security (ubuntu-latest)	UNKNOWN STEP	packages/saksi-bulletin/chaincode
Security (ubuntu-latest)	UNKNOWN STEP	packages/saksi-bulletin/client-sdk
Security (ubuntu-latest)	UNKNOWN STEP	packages/saksi-campaign
Security (ubuntu-latest)	UNKNOWN STEP	
Security (ubuntu-latest)	UNKNOWN STEP	2026-09-29T12:17:59.2463687Z   GOFLAGS: -mod=mod
Security (ubuntu-latest)	UNKNOWN STEP	2026-09-29T12:17:59.2463919Z   CARGO_INCREMENTAL: 0
Security (ubuntu-latest)	UNKNOWN STEP	2026-09-29T12:17:59.2464158Z   CARGO_PROFILE_DEV_DEBUG: 0
Security (ubuntu-latest)	UNKNOWN STEP	2026-09-29T12:17:59.2464413Z   RUST_BACKTRACE: short
Security (ubuntu-latest)	UNKNOWN STEP	2026-09-29T12:17:59.2464914Z   RUSTFLAGS: -D warnings
Security (ubuntu-latest)	UNKNOWN STEP	2026-09-29T12:17:59.2465192Z   CARGO_UNSTABLE_SPARSE_REGISTRY: true
Security (ubuntu-latest)	UNKNOWN STEP	2026-09-29T12:17:59.2465512Z   CARGO_REGISTRIES_CRATES_IO_PROTOCOL: sparse
Security (ubuntu-latest)	UNKNOWN STEP	2026-09-29T12:17:59.2465817Z   CACHE_ON_FAILURE: true
Security (ubuntu-latest)	UNKNOWN STEP	2026-09-29T12:17:59.2466049Z ##[endgroup]
Security (ubuntu-latest)	UNKNOWN STEP	2026-09-29T12:17:59.2472438Z ##[start-action display=Run bail() {;id=__taiki-e_install-action.__run]
Security (ubuntu-latest)	UNKNOWN STEP	2026-09-29T12:17:59.2493528Z ##[group]Run bail() {
Security (ubuntu-latest)	UNKNOWN STEP	2026-09-29T12:17:59.2493816Z ^[[36;1mbail() {^[[0m
Security (ubuntu-latest)	UNKNOWN STEP	2026-09-29T12:17:59.2494104Z ^[[36;1m  printf '::error::install-action: %s\n' "$*"^[[0m
Security (ubuntu-latest)	UNKNOWN STEP	2026-09-29T12:17:59.2494470Z ^[[36;1m  exit 1^[[0m
Security (ubuntu-latest)	UNKNOWN STEP	2026-09-29T12:17:59.2494954Z ^[[36;1m}^[[0m
Security (ubuntu-latest)	UNKNOWN STEP	2026-09-29T12:17:59.2495378Z ^[[36;1m# If /bin/sh is dash, environment variable containing % is not imported, but is fine^[[0m
Security (ubuntu-latest)	UNKNOWN STEP	2026-09-29T12:17:59.2496000Z ^[[36;1m# because it also means that it will not be exposed to subprocess.^[[0m
Security (ubuntu-latest)	UNKNOWN STEP	2026-09-29T12:17:59.2496495Z ^[[36;1mif /usr/bin/env | grep -Eq '^BASH_FUNC_'; then^[[0m
Security (ubuntu-latest)	UNKNOWN STEP	2026-09-29T12:17:59.2497126Z ^[[36;1m  bail 'bash function injection via BASH_FUNC_ environment variable is not allowed for security reasons'^[[0m
Security (ubuntu-latest)	UNKNOWN STEP	2026-09-29T12:17:59.2497701Z ^[[36;1mfi^[[0m
Security (ubuntu-latest)	UNKNOWN STEP	2026-09-29T12:17:59.2497961Z ^[[36;1mif ! command -v bash >/dev/null; then^[[0m
Security (ubuntu-latest)	UNKNOWN STEP	2026-09-29T12:17:59.2498362Z ^[[36;1m  if grep -Eq '^ID=alpine' /etc/os-release; then^[[0m
Security (ubuntu-latest)	UNKNOWN STEP	2026-09-29T12:17:59.2498866Z ^[[36;1m    printf '::group::Install packages required for install-action (bash)\n'^[[0m
Security (ubuntu-latest)	UNKNOWN STEP	2026-09-29T12:17:59.2499363Z ^[[36;1m    # NB: sync with apk_install in main.sh^[[0m
Security (ubuntu-latest)	UNKNOWN STEP	2026-09-29T12:17:59.2499732Z ^[[36;1m    if command -v sudo >/dev/null; then^[[0m
Security (ubuntu-latest)	UNKNOWN STEP	2026-09-29T12:17:59.2500080Z ^[[36;1m      sudo apk --no-cache add bash^[[0m
Security (ubuntu-latest)	UNKNOWN STEP	2026-09-29T12:17:59.2500428Z ^[[36;1m    elif command -v doas >/dev/null; then^[[0m
Security (ubuntu-latest)	UNKNOWN STEP	2026-09-29T12:17:59.2500776Z ^[[36;1m      doas apk --no-cache add bash^[[0m
Security (ubuntu-latest)	UNKNOWN STEP	2026-09-29T12:17:59.2501088Z ^[[36;1m    else^[[0m
Security (ubuntu-latest)	UNKNOWN STEP	2026-09-29T12:17:59.2501329Z ^[[36;1m      apk --no-cache add bash^[[0m
Security (ubuntu-latest)	UNKNOWN STEP	2026-09-29T12:17:59.2501620Z ^[[36;1m    fi^[[0m
Security (ubuntu-latest)	UNKNOWN STEP	2026-09-29T12:17:59.2501856Z ^[[36;1m    printf '::endgroup::\n'^[[0m
Security (ubuntu-latest)	UNKNOWN STEP	2026-09-29T12:17:59.2502139Z ^[[36;1m  else^[[0m
Security (ubuntu-latest)	UNKNOWN STEP	2026-09-29T12:17:59.2502396Z ^[[36;1m    bail 'this action requires bash'^[[0m
Security (ubuntu-latest)	UNKNOWN STEP	2026-09-29T12:17:59.2502707Z ^[[36;1m  fi^[[0m
Security (ubuntu-latest)	UNKNOWN STEP	2026-09-29T12:17:59.2502997Z ^[[36;1mfi^[[0m
Security (ubuntu-latest)	UNKNOWN STEP	2026-09-29T12:17:59.2503766Z ^[[36;1mbash --noprofile --norc "${GITHUB_ACTION_PATH:?}/main.sh"^[[0m
Security (ubuntu-latest)	UNKNOWN STEP	2026-09-29T12:17:59.2505555Z shell: /usr/bin/env -u ENV -u BASH_ENV -u CDPATH -u SHELLOPTS -u BASHOPTS /bin/sh -eu {0}
Security (ubuntu-latest)	UNKNOWN STEP	2026-09-29T12:17:59.2506009Z env:
Security (ubuntu-latest)	UNKNOWN STEP	2026-09-29T12:17:59.2506223Z   CARGO_TERM_COLOR: always
Security (ubuntu-latest)	UNKNOWN STEP	2026-09-29T12:17:59.2506872Z   GO_MODULES: packages/saksi-protocol/go
Security (ubuntu-latest)	UNKNOWN STEP	packages/saksi-bulletin/chaincode
Security (ubuntu-latest)	UNKNOWN STEP	packages/saksi-bulletin/client-sdk
Security (ubuntu-latest)	UNKNOWN STEP	packages/saksi-campaign
Security (ubuntu-latest)	UNKNOWN STEP	
Security (ubuntu-latest)	UNKNOWN STEP	2026-09-29T12:17:59.2507543Z   GOFLAGS: -mod=mod
Security (ubuntu-latest)	UNKNOWN STEP	2026-09-29T12:17:59.2507767Z   CARGO_INCREMENTAL: 0
Security (ubuntu-latest)	UNKNOWN STEP	2026-09-29T12:17:59.2508013Z   CARGO_PROFILE_DEV_DEBUG: 0
Security (ubuntu-latest)	UNKNOWN STEP	2026-09-29T12:17:59.2508274Z   RUST_BACKTRACE: short
Security (ubuntu-latest)	UNKNOWN STEP	2026-09-29T12:17:59.2508514Z   RUSTFLAGS: -D warnings
Security (ubuntu-latest)	UNKNOWN STEP	2026-09-29T12:17:59.2508772Z   CARGO_UNSTABLE_SPARSE_REGISTRY: true
Security (ubuntu-latest)	UNKNOWN STEP	2026-09-29T12:17:59.2509087Z   CARGO_REGISTRIES_CRATES_IO_PROTOCOL: sparse
Security (ubuntu-latest)	UNKNOWN STEP	2026-09-29T12:17:59.2509401Z   CACHE_ON_FAILURE: true
Security (ubuntu-latest)	UNKNOWN STEP	2026-09-29T12:17:59.2509645Z   INPUT_TOOL: cargo-audit
Security (ubuntu-latest)	UNKNOWN STEP	2026-09-29T12:17:59.2509890Z   INPUT_CHECKSUM: true
Security (ubuntu-latest)	UNKNOWN STEP	2026-09-29T12:17:59.2510306Z   INPUT_FALLBACK: cargo-binstall
Security (ubuntu-latest)	UNKNOWN STEP	2026-09-29T12:17:59.2513943Z   DEFAULT_GITHUB_TOKEN: ***
Security (ubuntu-latest)	UNKNOWN STEP	2026-09-29T12:17:59.2514285Z   ACTION_USER_AGENT: taiki-e/install-action (cargo-audit)
Security (ubuntu-latest)	UNKNOWN STEP	2026-09-29T12:17:59.2514917Z   RUNNER_OS: Linux
Security (ubuntu-latest)	UNKNOWN STEP	2026-09-29T12:17:59.2515357Z   RUNNER_ARCH: X64
Security (ubuntu-latest)	UNKNOWN STEP	2026-09-29T12:17:59.2515569Z ##[endgroup]
Security (ubuntu-latest)	UNKNOWN STEP	2026-09-29T12:17:59.2657665Z info: host platform: x86_64_linux
Security (ubuntu-latest)	UNKNOWN STEP	2026-09-29T12:17:59.2832588Z info: installing cargo-audit@latest
Security (ubuntu-latest)	UNKNOWN STEP	2026-09-29T12:17:59.3033238Z info: downloading https://github.com/rustsec/rustsec/releases/download/cargo-audit/v0.22.2/cargo-audit-x86_64-unknown-linux-musl-v0.22.2.tgz
Security (ubuntu-latest)	UNKNOWN STEP	2026-09-29T12:17:59.4474360Z info: verifying sha256 checksum for cargo-audit-x86_64-unknown-linux-musl-v0.22.2.tgz
Security (ubuntu-latest)	UNKNOWN STEP	2026-09-29T12:17:59.5814223Z info: cargo-audit installed at /home/runner/.cargo/bin/cargo-audit
Security (ubuntu-latest)	UNKNOWN STEP	2026-09-29T12:17:59.5817892Z + cargo-audit audit --version
Security (ubuntu-latest)	UNKNOWN STEP	2026-09-29T12:17:59.5828028Z cargo-audit-audit 0.22.2
Security (ubuntu-latest)	UNKNOWN STEP	2026-09-29T12:17:59.5830793Z 
Security (ubuntu-latest)	UNKNOWN STEP	2026-09-29T12:17:59.5843410Z ##[end-action id=__taiki-e_install-action.__run;outcome=success;conclusion=success;duration_ms=337]
Security (ubuntu-latest)	UNKNOWN STEP	2026-09-29T12:17:59.5849284Z ##[start-action display=Run Set-StrictMode -Version Latest;id=__taiki-e_install-action.__run_2]
Security (ubuntu-latest)	UNKNOWN STEP	2026-09-29T12:17:59.5853694Z ##[end-action id=__taiki-e_install-action.__run_2;outcome=skipped;conclusion=skipped;duration_ms=0]
Security (ubuntu-latest)	UNKNOWN STEP	2026-09-29T12:17:59.5882948Z ##[group]Run cargo audit
Security (ubuntu-latest)	UNKNOWN STEP	2026-09-29T12:17:59.5883270Z ^[[36;1mcargo audit^[[0m
Security (ubuntu-latest)	UNKNOWN STEP	2026-09-29T12:17:59.5947075Z shell: /usr/bin/bash -e {0}
Security (ubuntu-latest)	UNKNOWN STEP	2026-09-29T12:17:59.5947430Z env:
Security (ubuntu-latest)	UNKNOWN STEP	2026-09-29T12:17:59.5947714Z   CARGO_TERM_COLOR: always
Security (ubuntu-latest)	UNKNOWN STEP	2026-09-29T12:17:59.5948588Z   GO_MODULES: packages/saksi-protocol/go
Security (ubuntu-latest)	UNKNOWN STEP	packages/saksi-bulletin/chaincode
Security (ubuntu-latest)	UNKNOWN STEP	packages/saksi-bulletin/client-sdk
Security (ubuntu-latest)	UNKNOWN STEP	packages/saksi-campaign
Security (ubuntu-latest)	UNKNOWN STEP	
Security (ubuntu-latest)	UNKNOWN STEP	2026-09-29T12:17:59.5949510Z   GOFLAGS: -mod=mod
Security (ubuntu-latest)	UNKNOWN STEP	2026-09-29T12:17:59.5949818Z   CARGO_INCREMENTAL: 0
Security (ubuntu-latest)	UNKNOWN STEP	2026-09-29T12:17:59.5950152Z   CARGO_PROFILE_DEV_DEBUG: 0
Security (ubuntu-latest)	UNKNOWN STEP	2026-09-29T12:17:59.5950498Z   RUST_BACKTRACE: short
Security (ubuntu-latest)	UNKNOWN STEP	2026-09-29T12:17:59.5950820Z   RUSTFLAGS: -D warnings
Security (ubuntu-latest)	UNKNOWN STEP	2026-09-29T12:17:59.5951165Z   CARGO_UNSTABLE_SPARSE_REGISTRY: true
Security (ubuntu-latest)	UNKNOWN STEP	2026-09-29T12:17:59.5951606Z   CARGO_REGISTRIES_CRATES_IO_PROTOCOL: sparse
Security (ubuntu-latest)	UNKNOWN STEP	2026-09-29T12:17:59.5952025Z   CACHE_ON_FAILURE: true
Security (ubuntu-latest)	UNKNOWN STEP	2026-09-29T12:17:59.5952340Z ##[endgroup]
Security (ubuntu-latest)	UNKNOWN STEP	2026-09-29T12:17:59.6387819Z ^[[0m^[[0m^[[1m^[[32m    Fetching^[[0m advisory database from `https://github.com/RustSec/advisory-db.git`
Security (ubuntu-latest)	UNKNOWN STEP	2026-09-29T12:18:03.2361292Z ^[[0m^[[0m^[[1m^[[32m      Loaded^[[0m 1277 security advisories (from /home/runner/.cargo/advisory-db)
Security (ubuntu-latest)	UNKNOWN STEP	2026-09-29T12:18:03.2362339Z ^[[0m^[[0m^[[1m^[[32m    Updating^[[0m crates.io index
Security (ubuntu-latest)	UNKNOWN STEP	2026-09-29T12:18:03.2494395Z ^[[0m^[[0m^[[1m^[[32m    Scanning^[[0m Cargo.lock for vulnerabilities (127 crate dependencies)
Security (ubuntu-latest)	UNKNOWN STEP	2026-09-29T12:18:03.3775803Z ^[[0m^[[0m^[[1m^[[33mwarning:^[[0m 1 allowed warning found
Security (ubuntu-latest)	UNKNOWN STEP	2026-09-29T12:18:03.3776591Z ^[[0m^[[0m^[[1m^[[33mCrate:    ^[[0m anyhow
Security (ubuntu-latest)	UNKNOWN STEP	2026-09-29T12:18:03.3777157Z ^[[0m^[[0m^[[1m^[[33mVersion:  ^[[0m 1.0.102
Security (ubuntu-latest)	UNKNOWN STEP	2026-09-29T12:18:03.3777668Z ^[[0m^[[0m^[[1m^[[33mWarning:  ^[[0m unsound
Security (ubuntu-latest)	UNKNOWN STEP	2026-09-29T12:18:03.3782262Z ^[[0m^[[0m^[[1m^[[33mTitle:    ^[[0m Unsoundness in `Error::downcast_mut()`
Security (ubuntu-latest)	UNKNOWN STEP	2026-09-29T12:18:03.3782860Z ^[[0m^[[0m^[[1m^[[33mDate:     ^[[0m 2026-06-25
Security (ubuntu-latest)	UNKNOWN STEP	2026-09-29T12:18:03.3783406Z ^[[0m^[[0m^[[1m^[[33mID:       ^[[0m RUSTSEC-2026-0190
Security (ubuntu-latest)	UNKNOWN STEP	2026-09-29T12:18:03.3784086Z ^[[0m^[[0m^[[1m^[[33mURL:      ^[[0m https://rustsec.org/advisories/RUSTSEC-2026-0190
Security (ubuntu-latest)	UNKNOWN STEP	2026-09-29T12:18:03.3784497Z 
Security (ubuntu-latest)	UNKNOWN STEP	2026-09-29T12:18:03.3854075Z ##[group]Run actions/setup-go@v5
Security (ubuntu-latest)	UNKNOWN STEP	2026-09-29T12:18:03.3854388Z with:
Security (ubuntu-latest)	UNKNOWN STEP	2026-09-29T12:18:03.3854865Z   go-version: 1.25
Security (ubuntu-latest)	UNKNOWN STEP	2026-09-29T12:18:03.3855243Z   cache: true
Security (ubuntu-latest)	UNKNOWN STEP	2026-09-29T12:18:03.3855961Z   cache-dependency-path: packages/saksi-protocol/go/go.mod
Security (ubuntu-latest)	UNKNOWN STEP	packages/saksi-bulletin/chaincode/go.mod
Security (ubuntu-latest)	UNKNOWN STEP	packages/saksi-bulletin/client-sdk/go.mod
Security (ubuntu-latest)	UNKNOWN STEP	
Security (ubuntu-latest)	UNKNOWN STEP	2026-09-29T12:18:03.3856719Z   check-latest: false
Security (ubuntu-latest)	UNKNOWN STEP	2026-09-29T12:18:03.3860268Z   token: ***
Security (ubuntu-latest)	UNKNOWN STEP	2026-09-29T12:18:03.3860488Z env:
Security (ubuntu-latest)	UNKNOWN STEP	2026-09-29T12:18:03.3860705Z   CARGO_TERM_COLOR: always
Security (ubuntu-latest)	UNKNOWN STEP	2026-09-29T12:18:03.3861377Z   GO_MODULES: packages/saksi-protocol/go
Security (ubuntu-latest)	UNKNOWN STEP	packages/saksi-bulletin/chaincode
Security (ubuntu-latest)	UNKNOWN STEP	packages/saksi-bulletin/client-sdk
Security (ubuntu-latest)	UNKNOWN STEP	packages/saksi-campaign
Security (ubuntu-latest)	UNKNOWN STEP	
Security (ubuntu-latest)	UNKNOWN STEP	2026-09-29T12:18:03.3862090Z   GOFLAGS: -mod=mod
Security (ubuntu-latest)	UNKNOWN STEP	2026-09-29T12:18:03.3862330Z   CARGO_INCREMENTAL: 0
Security (ubuntu-latest)	UNKNOWN STEP	2026-09-29T12:18:03.3862588Z   CARGO_PROFILE_DEV_DEBUG: 0
Security (ubuntu-latest)	UNKNOWN STEP	2026-09-29T12:18:03.3862858Z   RUST_BACKTRACE: short
Security (ubuntu-latest)	UNKNOWN STEP	2026-09-29T12:18:03.3863304Z   RUSTFLAGS: -D warnings
Security (ubuntu-latest)	UNKNOWN STEP	2026-09-29T12:18:03.3863610Z   CARGO_UNSTABLE_SPARSE_REGISTRY: true
Security (ubuntu-latest)	UNKNOWN STEP	2026-09-29T12:18:03.3863948Z   CARGO_REGISTRIES_CRATES_IO_PROTOCOL: sparse
Security (ubuntu-latest)	UNKNOWN STEP	2026-09-29T12:18:03.3864273Z   CACHE_ON_FAILURE: true
Security (ubuntu-latest)	UNKNOWN STEP	2026-09-29T12:18:03.3864518Z ##[endgroup]
Security (ubuntu-latest)	UNKNOWN STEP	2026-09-29T12:18:03.5168764Z Setup go version spec 1.25
Security (ubuntu-latest)	UNKNOWN STEP	2026-09-29T12:18:03.5981706Z Found in cache @ /opt/hostedtoolcache/go/1.25.14/x64
Security (ubuntu-latest)	UNKNOWN STEP	2026-09-29T12:18:03.5983590Z (node:2458) [DEP0040] DeprecationWarning: The `punycode` module is deprecated. Please use a userland alternative instead.
Security (ubuntu-latest)	UNKNOWN STEP	2026-09-29T12:18:03.5985303Z (Use `node --trace-deprecation ...` to show where the warning was created)
Security (ubuntu-latest)	UNKNOWN STEP	2026-09-29T12:18:03.5987490Z Added go to the path
Security (ubuntu-latest)	UNKNOWN STEP	2026-09-29T12:18:03.5991641Z Successfully set up Go version 1.25
Security (ubuntu-latest)	UNKNOWN STEP	2026-09-29T12:18:04.4285271Z [command]/opt/hostedtoolcache/go/1.25.14/x64/bin/go env GOMODCACHE
Security (ubuntu-latest)	UNKNOWN STEP	2026-09-29T12:18:04.4327631Z [command]/opt/hostedtoolcache/go/1.25.14/x64/bin/go env GOCACHE
Security (ubuntu-latest)	UNKNOWN STEP	2026-09-29T12:18:04.4405495Z /home/runner/go/pkg/mod
Security (ubuntu-latest)	UNKNOWN STEP	2026-09-29T12:18:04.4419277Z /home/runner/.cache/go-build
Security (ubuntu-latest)	UNKNOWN STEP	2026-09-29T12:18:04.5697577Z Cache hit for: setup-go-Linux-x64-ubuntu24-go-1.25.14-61bbf44200ea51c97db44eef9d5fd9d32d6f41e109b84a02d8ea08dac29e82dd
Security (ubuntu-latest)	UNKNOWN STEP	2026-09-29T12:18:04.5803015Z (node:2458) [DEP0169] DeprecationWarning: `url.parse()` behavior is not standardized and prone to errors that have security implications. Use the WHATWG URL API instead. CVEs are not issued for `url.parse()` vulnerabilities.
Security (ubuntu-latest)	UNKNOWN STEP	2026-09-29T12:18:05.6971073Z Received 134217728 of 204919207 (65.5%), 127.9 MBs/sec
Security (ubuntu-latest)	UNKNOWN STEP	2026-09-29T12:18:06.1229732Z Received 204919207 of 204919207 (100.0%), 136.9 MBs/sec
Security (ubuntu-latest)	UNKNOWN STEP	2026-09-29T12:18:06.1231216Z Cache Size: ~195 MB (204919207 B)
Security (ubuntu-latest)	UNKNOWN STEP	2026-09-29T12:18:06.1349474Z [command]/usr/bin/tar -xf /home/runner/work/_temp/50ce583c-c5b1-4aa7-90b9-03fb0a185285/cache.tzst -P -C /home/runner/work/saksi/saksi --use-compress-program unzstd
Security (ubuntu-latest)	UNKNOWN STEP	2026-09-29T12:18:07.6777856Z Cache restored successfully
Security (ubuntu-latest)	UNKNOWN STEP	2026-09-29T12:18:07.6975244Z Cache restored from key: setup-go-Linux-x64-ubuntu24-go-1.25.14-61bbf44200ea51c97db44eef9d5fd9d32d6f41e109b84a02d8ea08dac29e82dd
Security (ubuntu-latest)	UNKNOWN STEP	2026-09-29T12:18:07.6988009Z go version go1.25.14 linux/amd64
Security (ubuntu-latest)	UNKNOWN STEP	2026-09-29T12:18:07.6988395Z 
Security (ubuntu-latest)	UNKNOWN STEP	2026-09-29T12:18:07.6988914Z ##[group]go env
Security (ubuntu-latest)	UNKNOWN STEP	2026-09-29T12:18:07.7230873Z AR='ar'
Security (ubuntu-latest)	UNKNOWN STEP	2026-09-29T12:18:07.7231662Z CC='gcc'
Security (ubuntu-latest)	UNKNOWN STEP	2026-09-29T12:18:07.7232511Z CGO_CFLAGS='-O2 -g'
Security (ubuntu-latest)	UNKNOWN STEP	2026-09-29T12:18:07.7233235Z CGO_CPPFLAGS=''
Security (ubuntu-latest)	UNKNOWN STEP	2026-09-29T12:18:07.7233857Z CGO_CXXFLAGS='-O2 -g'
Security (ubuntu-latest)	UNKNOWN STEP	2026-09-29T12:18:07.7234577Z CGO_ENABLED='1'
Security (ubuntu-latest)	UNKNOWN STEP	2026-09-29T12:18:07.7235503Z CGO_FFLAGS='-O2 -g'
Security (ubuntu-latest)	UNKNOWN STEP	2026-09-29T12:18:07.7236118Z CGO_LDFLAGS='-O2 -g'
Security (ubuntu-latest)	UNKNOWN STEP	2026-09-29T12:18:07.7236737Z CXX='g++'
Security (ubuntu-latest)	UNKNOWN STEP	2026-09-29T12:18:07.7237350Z GCCGO='gccgo'
Security (ubuntu-latest)	UNKNOWN STEP	2026-09-29T12:18:07.7237956Z GO111MODULE=''
Security (ubuntu-latest)	UNKNOWN STEP	2026-09-29T12:18:07.7238549Z GOAMD64='v1'
Security (ubuntu-latest)	UNKNOWN STEP	2026-09-29T12:18:07.7239126Z GOARCH='amd64'
Security (ubuntu-latest)	UNKNOWN STEP	2026-09-29T12:18:07.7239735Z GOAUTH='netrc'
Security (ubuntu-latest)	UNKNOWN STEP	2026-09-29T12:18:07.7240310Z GOBIN=''
Security (ubuntu-latest)	UNKNOWN STEP	2026-09-29T12:18:07.7240939Z GOCACHE='/home/runner/.cache/go-build'
Security (ubuntu-latest)	UNKNOWN STEP	2026-09-29T12:18:07.7241692Z GOCACHEPROG=''
Security (ubuntu-latest)	UNKNOWN STEP	2026-09-29T12:18:07.7242297Z GODEBUG=''
Security (ubuntu-latest)	UNKNOWN STEP	2026-09-29T12:18:07.7242880Z GOENV='/home/runner/.config/go/env'
Security (ubuntu-latest)	UNKNOWN STEP	2026-09-29T12:18:07.7243826Z GOEXE=''
Security (ubuntu-latest)	UNKNOWN STEP	2026-09-29T12:18:07.7244397Z GOEXPERIMENT=''
Security (ubuntu-latest)	UNKNOWN STEP	2026-09-29T12:18:07.7245304Z GOFIPS140='off'
Security (ubuntu-latest)	UNKNOWN STEP	2026-09-29T12:18:07.7245969Z GOFLAGS='-mod=mod'
Security (ubuntu-latest)	UNKNOWN STEP	2026-09-29T12:18:07.7247499Z GOGCCFLAGS='-fPIC -m64 -pthread -Wl,--no-gc-sections -fmessage-length=0 -ffile-prefix-map=/tmp/go-build3320480410=/tmp/go-build -gno-record-gcc-switches'
Security (ubuntu-latest)	UNKNOWN STEP	2026-09-29T12:18:07.7249103Z GOHOSTARCH='amd64'
Security (ubuntu-latest)	UNKNOWN STEP	2026-09-29T12:18:07.7249775Z GOHOSTOS='linux'
Security (ubuntu-latest)	UNKNOWN STEP	2026-09-29T12:18:07.7250470Z GOINSECURE=''
Security (ubuntu-latest)	UNKNOWN STEP	2026-09-29T12:18:07.7251160Z GOMOD='/dev/null'
Security (ubuntu-latest)	UNKNOWN STEP	2026-09-29T12:18:07.7251895Z GOMODCACHE='/home/runner/go/pkg/mod'
Security (ubuntu-latest)	UNKNOWN STEP	2026-09-29T12:18:07.7252715Z GONOPROXY=''
Security (ubuntu-latest)	UNKNOWN STEP	2026-09-29T12:18:07.7253399Z GONOSUMDB=''
Security (ubuntu-latest)	UNKNOWN STEP	2026-09-29T12:18:07.7254009Z GOOS='linux'
Security (ubuntu-latest)	UNKNOWN STEP	2026-09-29T12:18:07.7254882Z GOPATH='/home/runner/go'
Security (ubuntu-latest)	UNKNOWN STEP	2026-09-29T12:18:07.7255719Z GOPRIVATE=''
Security (ubuntu-latest)	UNKNOWN STEP	2026-09-29T12:18:07.7256540Z GOPROXY='https://proxy.golang.org,direct'
Security (ubuntu-latest)	UNKNOWN STEP	2026-09-29T12:18:07.7257647Z GOROOT='/opt/hostedtoolcache/go/1.25.14/x64'
Security (ubuntu-latest)	UNKNOWN STEP	2026-09-29T12:18:07.7258894Z GOSUMDB='sum.golang.org'
Security (ubuntu-latest)	UNKNOWN STEP	2026-09-29T12:18:07.7259692Z GOTELEMETRY='local'
Security (ubuntu-latest)	UNKNOWN STEP	2026-09-29T12:18:07.7260596Z GOTELEMETRYDIR='/home/runner/.config/go/telemetry'
Security (ubuntu-latest)	UNKNOWN STEP	2026-09-29T12:18:07.7261550Z GOTMPDIR=''
Security (ubuntu-latest)	UNKNOWN STEP	2026-09-29T12:18:07.7262233Z GOTOOLCHAIN='auto'
Security (ubuntu-latest)	UNKNOWN STEP	2026-09-29T12:18:07.7263230Z GOTOOLDIR='/opt/hostedtoolcache/go/1.25.14/x64/pkg/tool/linux_amd64'
Security (ubuntu-latest)	UNKNOWN STEP	2026-09-29T12:18:07.7264421Z GOVCS=''
Security (ubuntu-latest)	UNKNOWN STEP	2026-09-29T12:18:07.7265373Z GOVERSION='go1.25.14'
Security (ubuntu-latest)	UNKNOWN STEP	2026-09-29T12:18:07.7266136Z GOWORK=''
Security (ubuntu-latest)	UNKNOWN STEP	2026-09-29T12:18:07.7266851Z PKG_CONFIG='pkg-config'
Security (ubuntu-latest)	UNKNOWN STEP	2026-09-29T12:18:07.7267423Z 
Security (ubuntu-latest)	UNKNOWN STEP	2026-09-29T12:18:07.7268360Z ##[endgroup]
Security (ubuntu-latest)	UNKNOWN STEP	2026-09-29T12:18:07.7449962Z ##[group]Run go install golang.org/x/vuln/cmd/govulncheck@latest
Security (ubuntu-latest)	UNKNOWN STEP	2026-09-29T12:18:07.7450594Z ^[[36;1mgo install golang.org/x/vuln/cmd/govulncheck@latest^[[0m
Security (ubuntu-latest)	UNKNOWN STEP	2026-09-29T12:18:07.7588460Z shell: /usr/bin/bash -e {0}
Security (ubuntu-latest)	UNKNOWN STEP	2026-09-29T12:18:07.7588772Z env:
Security (ubuntu-latest)	UNKNOWN STEP	2026-09-29T12:18:07.7589028Z   CARGO_TERM_COLOR: always
Security (ubuntu-latest)	UNKNOWN STEP	2026-09-29T12:18:07.7589865Z   GO_MODULES: packages/saksi-protocol/go
Security (ubuntu-latest)	UNKNOWN STEP	packages/saksi-bulletin/chaincode
Security (ubuntu-latest)	UNKNOWN STEP	packages/saksi-bulletin/client-sdk
Security (ubuntu-latest)	UNKNOWN STEP	packages/saksi-campaign
Security (ubuntu-latest)	UNKNOWN STEP	
Security (ubuntu-latest)	UNKNOWN STEP	2026-09-29T12:18:07.7591046Z   GOFLAGS: -mod=mod
Security (ubuntu-latest)	UNKNOWN STEP	2026-09-29T12:18:07.7591419Z   CARGO_INCREMENTAL: 0
Security (ubuntu-latest)	UNKNOWN STEP	2026-09-29T12:18:07.7591802Z   CARGO_PROFILE_DEV_DEBUG: 0
Security (ubuntu-latest)	UNKNOWN STEP	2026-09-29T12:18:07.7592261Z   RUST_BACKTRACE: short
Security (ubuntu-latest)	UNKNOWN STEP	2026-09-29T12:18:07.7592680Z   RUSTFLAGS: -D warnings
Security (ubuntu-latest)	UNKNOWN STEP	2026-09-29T12:18:07.7593131Z   CARGO_UNSTABLE_SPARSE_REGISTRY: true
Security (ubuntu-latest)	UNKNOWN STEP	2026-09-29T12:18:07.7593733Z   CARGO_REGISTRIES_CRATES_IO_PROTOCOL: sparse
Security (ubuntu-latest)	UNKNOWN STEP	2026-09-29T12:18:07.7594329Z   CACHE_ON_FAILURE: true
Security (ubuntu-latest)	UNKNOWN STEP	2026-09-29T12:18:07.7594945Z ##[endgroup]
Security (ubuntu-latest)	UNKNOWN STEP	2026-09-29T12:18:08.0275236Z go: golang.org/x/vuln@v1.8.0 requires go >= 1.26.0; switching to go1.26.8
Security (ubuntu-latest)	UNKNOWN STEP	2026-09-29T12:18:08.8073620Z ##[group]Run set -euo pipefail
Security (ubuntu-latest)	UNKNOWN STEP	2026-09-29T12:18:08.8074097Z ^[[36;1mset -euo pipefail^[[0m
Security (ubuntu-latest)	UNKNOWN STEP	2026-09-29T12:18:08.8074498Z ^[[36;1mfor module in ${GO_MODULES}; do^[[0m
Security (ubuntu-latest)	UNKNOWN STEP	2026-09-29T12:18:08.8075351Z ^[[36;1m  (cd "${module}" && "$(go env GOPATH)/bin/govulncheck" ./...)^[[0m
Security (ubuntu-latest)	UNKNOWN STEP	2026-09-29T12:18:08.8075884Z ^[[36;1mdone^[[0m
Security (ubuntu-latest)	UNKNOWN STEP	2026-09-29T12:18:08.8139381Z shell: /usr/bin/bash --noprofile --norc -e -o pipefail {0}
Security (ubuntu-latest)	UNKNOWN STEP	2026-09-29T12:18:08.8139888Z env:
Security (ubuntu-latest)	UNKNOWN STEP	2026-09-29T12:18:08.8140187Z   CARGO_TERM_COLOR: always
Security (ubuntu-latest)	UNKNOWN STEP	2026-09-29T12:18:08.8141079Z   GO_MODULES: packages/saksi-protocol/go
Security (ubuntu-latest)	UNKNOWN STEP	packages/saksi-bulletin/chaincode
Security (ubuntu-latest)	UNKNOWN STEP	packages/saksi-bulletin/client-sdk
Security (ubuntu-latest)	UNKNOWN STEP	packages/saksi-campaign
Security (ubuntu-latest)	UNKNOWN STEP	
Security (ubuntu-latest)	UNKNOWN STEP	2026-09-29T12:18:08.8142008Z   GOFLAGS: -mod=mod
Security (ubuntu-latest)	UNKNOWN STEP	2026-09-29T12:18:08.8142328Z   CARGO_INCREMENTAL: 0
Security (ubuntu-latest)	UNKNOWN STEP	2026-09-29T12:18:08.8142662Z   CARGO_PROFILE_DEV_DEBUG: 0
Security (ubuntu-latest)	UNKNOWN STEP	2026-09-29T12:18:08.8143017Z   RUST_BACKTRACE: short
Security (ubuntu-latest)	UNKNOWN STEP	2026-09-29T12:18:08.8143355Z   RUSTFLAGS: -D warnings
Security (ubuntu-latest)	UNKNOWN STEP	2026-09-29T12:18:08.8143717Z   CARGO_UNSTABLE_SPARSE_REGISTRY: true
Security (ubuntu-latest)	UNKNOWN STEP	2026-09-29T12:18:08.8144225Z   CARGO_REGISTRIES_CRATES_IO_PROTOCOL: sparse
Security (ubuntu-latest)	UNKNOWN STEP	2026-09-29T12:18:08.8144941Z   CACHE_ON_FAILURE: true
Security (ubuntu-latest)	UNKNOWN STEP	2026-09-29T12:18:08.8145378Z ##[endgroup]
Security (ubuntu-latest)	UNKNOWN STEP	2026-09-29T12:18:16.2937540Z No vulnerabilities found.
Security (ubuntu-latest)	UNKNOWN STEP	2026-09-29T12:18:24.0781928Z === Symbol Results ===
Security (ubuntu-latest)	UNKNOWN STEP	2026-09-29T12:18:24.0782453Z 
Security (ubuntu-latest)	UNKNOWN STEP	2026-09-29T12:18:24.0782774Z Vulnerability #1: GO-2026-6443
Security (ubuntu-latest)	UNKNOWN STEP	2026-09-29T12:18:24.0784166Z     Server panic via missing authority or Host headers in google.golang.org/grpc
Security (ubuntu-latest)	UNKNOWN STEP	2026-09-29T12:18:24.0785453Z   More info: https://pkg.go.dev/vuln/GO-2026-6443
Security (ubuntu-latest)	UNKNOWN STEP	2026-09-29T12:18:24.0786090Z   Module: google.golang.org/grpc
Security (ubuntu-latest)	UNKNOWN STEP	2026-09-29T12:18:24.0786706Z     Found in: google.golang.org/grpc@v1.59.0
Security (ubuntu-latest)	UNKNOWN STEP	2026-09-29T12:18:24.0787348Z     Fixed in: google.golang.org/grpc@v1.82.2
Security (ubuntu-latest)	UNKNOWN STEP	2026-09-29T12:18:24.0787931Z     Example traces found:
Security (ubuntu-latest)	UNKNOWN STEP	2026-09-29T12:18:24.0809680Z ##[error]      #1: main.go:14:20: chaincode.main calls contractapi.ContractChaincode.Start, which eventually calls transport.http2Server.HandleStreams
Security (ubuntu-latest)	UNKNOWN STEP	2026-09-29T12:18:24.0819672Z 
Security (ubuntu-latest)	UNKNOWN STEP	2026-09-29T12:18:24.0819935Z Vulnerability #2: GO-2026-6348
Security (ubuntu-latest)	UNKNOWN STEP	2026-09-29T12:18:24.0820772Z     Heap Memory Exhaustion (OOM) via HTTP/2 DATA Frame Fragmentation in
Security (ubuntu-latest)	UNKNOWN STEP	2026-09-29T12:18:24.0821546Z     google.golang.org/grpc
Security (ubuntu-latest)	UNKNOWN STEP	2026-09-29T12:18:24.0822149Z   More info: https://pkg.go.dev/vuln/GO-2026-6348
Security (ubuntu-latest)	UNKNOWN STEP	2026-09-29T12:18:24.0823183Z   Module: google.golang.org/grpc
Security (ubuntu-latest)	UNKNOWN STEP	2026-09-29T12:18:24.0823802Z     Found in: google.golang.org/grpc@v1.59.0
Security (ubuntu-latest)	UNKNOWN STEP	2026-09-29T12:18:24.0824478Z     Fixed in: google.golang.org/grpc@v1.83.1
Security (ubuntu-latest)	UNKNOWN STEP	2026-09-29T12:18:24.0825387Z     Example traces found:
Security (ubuntu-latest)	UNKNOWN STEP	2026-09-29T12:18:24.0827463Z ##[error]      #1: main.go:14:20: chaincode.main calls contractapi.ContractChaincode.Start, which eventually calls transport.NewServerTransport
Security (ubuntu-latest)	UNKNOWN STEP	2026-09-29T12:18:24.0830891Z ##[error]      #2: main.go:14:20: chaincode.main calls contractapi.ContractChaincode.Start, which eventually calls transport.http2Client.Close
Security (ubuntu-latest)	UNKNOWN STEP	2026-09-29T12:18:24.0834479Z ##[error]      #3: main.go:14:20: chaincode.main calls contractapi.ContractChaincode.Start, which eventually calls transport.http2Client.GracefulClose
Security (ubuntu-latest)	UNKNOWN STEP	2026-09-29T12:18:24.0838222Z ##[error]      #4: main.go:14:20: chaincode.main calls contractapi.ContractChaincode.Start, which eventually calls transport.http2Client.NewStream
Security (ubuntu-latest)	UNKNOWN STEP	2026-09-29T12:18:24.0841632Z ##[error]      #5: main.go:14:20: chaincode.main calls contractapi.ContractChaincode.Start, which eventually calls transport.http2Server.Close
Security (ubuntu-latest)	UNKNOWN STEP	2026-09-29T12:18:24.0845411Z ##[error]      #6: main.go:14:20: chaincode.main calls contractapi.ContractChaincode.Start, which eventually calls transport.http2Server.HandleStreams
Security (ubuntu-latest)	UNKNOWN STEP	2026-09-29T12:18:24.0848802Z ##[error]      #7: main.go:14:20: chaincode.main calls contractapi.ContractChaincode.Start, which eventually calls transport.recvBuffer.put
Security (ubuntu-latest)	UNKNOWN STEP	2026-09-29T12:18:24.0851860Z ##[error]      #8: contract.go:12:2: chaincode.init calls contractapi.init, which eventually calls transport.transportReader.Read
Security (ubuntu-latest)	UNKNOWN STEP	2026-09-29T12:18:24.0853507Z 
Security (ubuntu-latest)	UNKNOWN STEP	2026-09-29T12:18:24.0853721Z Vulnerability #3: GO-2026-6061
Security (ubuntu-latest)	UNKNOWN STEP	2026-09-29T12:18:24.0855048Z     Vulnerabilities in the xDS RBAC authorization engine and the HTTP/2
Security (ubuntu-latest)	UNKNOWN STEP	2026-09-29T12:18:24.0856069Z     transport server implementation in google.golang.org/grpc
Security (ubuntu-latest)	UNKNOWN STEP	2026-09-29T12:18:24.0856856Z   More info: https://pkg.go.dev/vuln/GO-2026-6061
Security (ubuntu-latest)	UNKNOWN STEP	2026-09-29T12:18:24.0857503Z   Module: google.golang.org/grpc
Security (ubuntu-latest)	UNKNOWN STEP	2026-09-29T12:18:24.0858131Z     Found in: google.golang.org/grpc@v1.59.0
Security (ubuntu-latest)	UNKNOWN STEP	2026-09-29T12:18:24.0858799Z     Fixed in: google.golang.org/grpc@v1.82.1
Security (ubuntu-latest)	UNKNOWN STEP	2026-09-29T12:18:24.0859392Z     Example traces found:
Security (ubuntu-latest)	UNKNOWN STEP	2026-09-29T12:18:24.0861306Z ##[error]      #1: main.go:14:20: chaincode.main calls contractapi.ContractChaincode.Start, which eventually calls transport.NewServerTransport
Security (ubuntu-latest)	UNKNOWN STEP	2026-09-29T12:18:24.0865078Z ##[error]      #2: main.go:14:20: chaincode.main calls contractapi.ContractChaincode.Start, which eventually calls transport.controlBuffer.executeAndPut
Security (ubuntu-latest)	UNKNOWN STEP	2026-09-29T12:18:24.0868510Z ##[error]      #3: main.go:14:20: chaincode.main calls contractapi.ContractChaincode.Start, which eventually calls transport.http2Client.Close
Security (ubuntu-latest)	UNKNOWN STEP	2026-09-29T12:18:24.0872034Z ##[error]      #4: main.go:14:20: chaincode.main calls contractapi.ContractChaincode.Start, which eventually calls transport.http2Client.GracefulClose
Security (ubuntu-latest)	UNKNOWN STEP	2026-09-29T12:18:24.0875682Z ##[error]      #5: main.go:14:20: chaincode.main calls contractapi.ContractChaincode.Start, which eventually calls transport.http2Client.NewStream
Security (ubuntu-latest)	UNKNOWN STEP	2026-09-29T12:18:24.0879091Z ##[error]      #6: main.go:14:20: chaincode.main calls contractapi.ContractChaincode.Start, which eventually calls transport.http2Server.Drain
Security (ubuntu-latest)	UNKNOWN STEP	2026-09-29T12:18:24.0882475Z ##[error]      #7: main.go:14:20: chaincode.main calls contractapi.ContractChaincode.Start, which eventually calls transport.http2Server.HandleStreams
Security (ubuntu-latest)	UNKNOWN STEP	2026-09-29T12:18:24.0885822Z ##[error]      #8: contract.go:12:2: chaincode.init calls contractapi.init, which eventually calls transport.transportReader.Read
Security (ubuntu-latest)	UNKNOWN STEP	2026-09-29T12:18:24.0887376Z 
Security (ubuntu-latest)	UNKNOWN STEP	2026-09-29T12:18:24.0887585Z Vulnerability #4: GO-2026-4762
Security (ubuntu-latest)	UNKNOWN STEP	2026-09-29T12:18:24.0888411Z     Authorization bypass in gRPC-Go via missing leading slash in :path in
Security (ubuntu-latest)	UNKNOWN STEP	2026-09-29T12:18:24.0889190Z     google.golang.org/grpc
Security (ubuntu-latest)	UNKNOWN STEP	2026-09-29T12:18:24.0889759Z   More info: https://pkg.go.dev/vuln/GO-2026-4762
Security (ubuntu-latest)	UNKNOWN STEP	2026-09-29T12:18:24.0890385Z   Module: google.golang.org/grpc
Security (ubuntu-latest)	UNKNOWN STEP	2026-09-29T12:18:24.0891492Z     Found in: google.golang.org/grpc@v1.59.0
Security (ubuntu-latest)	UNKNOWN STEP	2026-09-29T12:18:24.0892123Z     Fixed in: google.golang.org/grpc@v1.79.3
Security (ubuntu-latest)	UNKNOWN STEP	2026-09-29T12:18:24.0892721Z     Example traces found:
Security (ubuntu-latest)	UNKNOWN STEP	2026-09-29T12:18:24.0894341Z ##[error]      #1: main.go:14:20: chaincode.main calls contractapi.ContractChaincode.Start, which eventually calls grpc.Server.Serve
Security (ubuntu-latest)	UNKNOWN STEP	2026-09-29T12:18:24.0896534Z 
Security (ubuntu-latest)	UNKNOWN STEP	2026-09-29T12:18:24.0896742Z Vulnerability #5: GO-2024-2687
Security (ubuntu-latest)	UNKNOWN STEP	2026-09-29T12:18:24.0897326Z     HTTP/2 CONTINUATION flood in net/http
Security (ubuntu-latest)	UNKNOWN STEP	2026-09-29T12:18:24.0898016Z   More info: https://pkg.go.dev/vuln/GO-2024-2687
Security (ubuntu-latest)	UNKNOWN STEP	2026-09-29T12:18:24.0898644Z   Module: golang.org/x/net
Security (ubuntu-latest)	UNKNOWN STEP	2026-09-29T12:18:24.0899181Z     Found in: golang.org/x/net@v0.17.0
Security (ubuntu-latest)	UNKNOWN STEP	2026-09-29T12:18:24.0899799Z     Fixed in: golang.org/x/net@v0.23.0
Security (ubuntu-latest)	UNKNOWN STEP	2026-09-29T12:18:24.0900148Z     Example traces found:
Security (ubuntu-latest)	UNKNOWN STEP	2026-09-29T12:18:24.0901246Z ##[error]      #1: main.go:10:37: chaincode.main calls contractapi.NewChaincode, which eventually calls http2.ConnectionError.Error
Security (ubuntu-latest)	UNKNOWN STEP	2026-09-29T12:18:24.0903086Z ##[error]      #2: sigverify/sigverify.go:137:20: sigverify.VerifySchnorr calls fmt.Errorf, which eventually calls http2.ErrCode.String
Security (ubuntu-latest)	UNKNOWN STEP	2026-09-29T12:18:24.0905243Z ##[error]      #3: sigverify/sigverify.go:137:20: sigverify.VerifySchnorr calls fmt.Errorf, which eventually calls http2.FrameHeader.String
Security (ubuntu-latest)	UNKNOWN STEP	2026-09-29T12:18:24.0907266Z ##[error]      #4: sigverify/sigverify.go:137:20: sigverify.VerifySchnorr calls fmt.Errorf, which eventually calls http2.FrameType.String
Security (ubuntu-latest)	UNKNOWN STEP	2026-09-29T12:18:24.0909051Z ##[error]      #5: main.go:14:20: chaincode.main calls contractapi.ContractChaincode.Start, which eventually calls http2.Framer.ReadFrame
Security (ubuntu-latest)	UNKNOWN STEP	2026-09-29T12:18:24.0911103Z ##[error]      #6: main.go:14:20: chaincode.main calls contractapi.ContractChaincode.Start, which eventually calls http2.Framer.WriteContinuation
Security (ubuntu-latest)	UNKNOWN STEP	2026-09-29T12:18:24.0913045Z ##[error]      #7: main.go:14:20: chaincode.main calls contractapi.ContractChaincode.Start, which eventually calls http2.Framer.WriteData
Security (ubuntu-latest)	UNKNOWN STEP	2026-09-29T12:18:24.0915406Z ##[error]      #8: main.go:14:20: chaincode.main calls contractapi.ContractChaincode.Start, which eventually calls http2.Framer.WriteGoAway
Security (ubuntu-latest)	UNKNOWN STEP	2026-09-29T12:18:24.0917428Z ##[error]      #9: main.go:14:20: chaincode.main calls contractapi.ContractChaincode.Start, which eventually calls http2.Framer.WriteHeaders
Security (ubuntu-latest)	UNKNOWN STEP	2026-09-29T12:18:24.0919297Z ##[error]      #10: main.go:14:20: chaincode.main calls contractapi.ContractChaincode.Start, which eventually calls http2.Framer.WritePing
Security (ubuntu-latest)	UNKNOWN STEP	2026-09-29T12:18:24.0921191Z ##[error]      #11: main.go:14:20: chaincode.main calls contractapi.ContractChaincode.Start, which eventually calls http2.Framer.WriteRSTStream
Security (ubuntu-latest)	UNKNOWN STEP	2026-09-29T12:18:24.0923119Z ##[error]      #12: main.go:14:20: chaincode.main calls contractapi.ContractChaincode.Start, which eventually calls http2.Framer.WriteSettings
Security (ubuntu-latest)	UNKNOWN STEP	2026-09-29T12:18:24.0925308Z ##[error]      #13: main.go:14:20: chaincode.main calls contractapi.ContractChaincode.Start, which eventually calls http2.Framer.WriteSettingsAck
Security (ubuntu-latest)	UNKNOWN STEP	2026-09-29T12:18:24.0927342Z ##[error]      #14: main.go:14:20: chaincode.main calls contractapi.ContractChaincode.Start, which eventually calls http2.Framer.WriteWindowUpdate
Security (ubuntu-latest)	UNKNOWN STEP	2026-09-29T12:18:24.0929112Z ##[error]      #15: main.go:10:37: chaincode.main calls contractapi.NewChaincode, which eventually calls http2.GoAwayError.Error
Security (ubuntu-latest)	UNKNOWN STEP	2026-09-29T12:18:24.0930801Z ##[error]      #16: sigverify/sigverify.go:137:20: sigverify.VerifySchnorr calls fmt.Errorf, which eventually calls http2.Setting.String
Security (ubuntu-latest)	UNKNOWN STEP	2026-09-29T12:18:24.0932504Z ##[error]      #17: sigverify/sigverify.go:137:20: sigverify.VerifySchnorr calls fmt.Errorf, which eventually calls http2.SettingID.String
Security (ubuntu-latest)	UNKNOWN STEP	2026-09-29T12:18:24.0934395Z ##[error]      #18: main.go:14:20: chaincode.main calls contractapi.ContractChaincode.Start, which eventually calls http2.SettingsFrame.ForeachSetting
Security (ubuntu-latest)	UNKNOWN STEP	2026-09-29T12:18:24.0936473Z ##[error]      #19: main.go:10:37: chaincode.main calls contractapi.NewChaincode, which eventually calls http2.StreamError.Error
Security (ubuntu-latest)	UNKNOWN STEP	2026-09-29T12:18:24.0938087Z ##[error]      #20: contract.go:12:2: chaincode.init calls contractapi.init, which eventually calls http2.chunkWriter.Write
Security (ubuntu-latest)	UNKNOWN STEP	2026-09-29T12:18:24.0939942Z ##[error]      #21: main.go:10:37: chaincode.main calls contractapi.NewChaincode, which eventually calls http2.connError.Error
Security (ubuntu-latest)	UNKNOWN STEP	2026-09-29T12:18:24.0941744Z ##[error]      #22: sigverify/sigverify.go:137:20: sigverify.VerifySchnorr calls fmt.Errorf, which eventually calls http2.duplicatePseudoHeaderError.Error
Security (ubuntu-latest)	UNKNOWN STEP	2026-09-29T12:18:24.0943495Z ##[error]      #23: main.go:10:37: chaincode.main calls contractapi.NewChaincode, which eventually calls http2.gzipReader.Close
Security (ubuntu-latest)	UNKNOWN STEP	2026-09-29T12:18:24.0945329Z ##[error]      #24: contract.go:12:2: chaincode.init calls contractapi.init, which eventually calls http2.gzipReader.Read
Security (ubuntu-latest)	UNKNOWN STEP	2026-09-29T12:18:24.0947135Z ##[error]      #25: sigverify/sigverify.go:137:20: sigverify.VerifySchnorr calls fmt.Errorf, which eventually calls http2.headerFieldNameError.Error
Security (ubuntu-latest)	UNKNOWN STEP	2026-09-29T12:18:24.0948977Z ##[error]      #26: sigverify/sigverify.go:137:20: sigverify.VerifySchnorr calls fmt.Errorf, which eventually calls http2.headerFieldValueError.Error
Security (ubuntu-latest)	UNKNOWN STEP	2026-09-29T12:18:24.0950806Z ##[error]      #27: sigverify/sigverify.go:137:20: sigverify.VerifySchnorr calls fmt.Errorf, which eventually calls http2.pseudoHeaderError.Error
Security (ubuntu-latest)	UNKNOWN STEP	2026-09-29T12:18:24.0952508Z ##[error]      #28: contract.go:12:2: chaincode.init calls contractapi.init, which eventually calls http2.stickyErrWriter.Write
Security (ubuntu-latest)	UNKNOWN STEP	2026-09-29T12:18:24.0954235Z ##[error]      #29: main.go:10:37: chaincode.main calls contractapi.NewChaincode, which eventually calls http2.transportResponseBody.Close
Security (ubuntu-latest)	UNKNOWN STEP	2026-09-29T12:18:24.0956288Z ##[error]      #30: contract.go:12:2: chaincode.init calls contractapi.init, which eventually calls http2.transportResponseBody.Read
Security (ubuntu-latest)	UNKNOWN STEP	2026-09-29T12:18:24.0958150Z ##[error]      #31: sigverify/sigverify.go:137:20: sigverify.VerifySchnorr calls fmt.Errorf, which eventually calls http2.writeData.String
Security (ubuntu-latest)	UNKNOWN STEP	2026-09-29T12:18:24.0959111Z 
Security (ubuntu-latest)	UNKNOWN STEP	2026-09-29T12:18:24.0959314Z Your code is affected by 5 vulnerabilities from 2 modules.
Security (ubuntu-latest)	UNKNOWN STEP	2026-09-29T12:18:24.0959806Z This scan also found 4 vulnerabilities in packages you import and 15
Security (ubuntu-latest)	UNKNOWN STEP	2026-09-29T12:18:24.0960342Z vulnerabilities in modules you require, but your code doesn't appear to call
Security (ubuntu-latest)	UNKNOWN STEP	2026-09-29T12:18:24.0960782Z these vulnerabilities.
Security (ubuntu-latest)	UNKNOWN STEP	2026-09-29T12:18:24.0961053Z Use '-show verbose' for more details.
Security (ubuntu-latest)	UNKNOWN STEP	2026-09-29T12:18:24.0965018Z ##[error]Process completed with exit code 3.
Security (ubuntu-latest)	UNKNOWN STEP	2026-09-29T12:18:24.1051187Z Post job cleanup.
Security (ubuntu-latest)	UNKNOWN STEP	2026-09-29T12:18:24.2323199Z (node:2857) [DEP0040] DeprecationWarning: The `punycode` module is deprecated. Please use a userland alternative instead.
Security (ubuntu-latest)	UNKNOWN STEP	2026-09-29T12:18:24.2325810Z (Use `node --trace-deprecation ...` to show where the warning was created)
Security (ubuntu-latest)	UNKNOWN STEP	2026-09-29T12:18:24.2406278Z [command]/opt/hostedtoolcache/go/1.25.14/x64/bin/go env GOMODCACHE
Security (ubuntu-latest)	UNKNOWN STEP	2026-09-29T12:18:24.2460068Z [command]/opt/hostedtoolcache/go/1.25.14/x64/bin/go env GOCACHE
Security (ubuntu-latest)	UNKNOWN STEP	2026-09-29T12:18:24.2507881Z /home/runner/go/pkg/mod
Security (ubuntu-latest)	UNKNOWN STEP	2026-09-29T12:18:24.2528351Z /home/runner/.cache/go-build
Security (ubuntu-latest)	UNKNOWN STEP	2026-09-29T12:18:24.2536153Z Cache hit occurred on the primary key setup-go-Linux-x64-ubuntu24-go-1.25.14-61bbf44200ea51c97db44eef9d5fd9d32d6f41e109b84a02d8ea08dac29e82dd, not saving cache.
Security (ubuntu-latest)	UNKNOWN STEP	2026-09-29T12:18:24.2850031Z Post job cleanup.
Security (ubuntu-latest)	UNKNOWN STEP	2026-09-29T12:18:24.2853779Z ##[start-action display=Setup Rust Caching;id=__cdb62c6b-ab61-4389-b7cc-9e64f5063654.__Swatinem_rust-cache]
Security (ubuntu-latest)	UNKNOWN STEP	2026-09-29T12:18:24.2898891Z Post job cleanup.
Security (ubuntu-latest)	UNKNOWN STEP	2026-09-29T12:18:24.5885693Z Cache up-to-date.
Security (ubuntu-latest)	UNKNOWN STEP	2026-09-29T12:18:24.5889378Z (node:2879) [DEP0040] DeprecationWarning: The `punycode` module is deprecated. Please use a userland alternative instead.
Security (ubuntu-latest)	UNKNOWN STEP	2026-09-29T12:18:24.5890657Z (Use `node --trace-deprecation ...` to show where the warning was created)
Security (ubuntu-latest)	UNKNOWN STEP	2026-09-29T12:18:24.6019127Z ##[end-action id=__cdb62c6b-ab61-4389-b7cc-9e64f5063654.__Swatinem_rust-cache;outcome=success;conclusion=success;duration_ms=316]
Security (ubuntu-latest)	UNKNOWN STEP	2026-09-29T12:18:24.6130846Z Post job cleanup.
Security (ubuntu-latest)	UNKNOWN STEP	2026-09-29T12:18:24.7117027Z [command]/usr/bin/git version
Security (ubuntu-latest)	UNKNOWN STEP	2026-09-29T12:18:24.7166435Z git version 2.55.0
Security (ubuntu-latest)	UNKNOWN STEP	2026-09-29T12:18:24.7213051Z Temporarily overriding HOME='/home/runner/work/_temp/9bf59d7c-2f8e-473a-bc0c-354b9f384821' before making global git config changes
Security (ubuntu-latest)	UNKNOWN STEP	2026-09-29T12:18:24.7215382Z Adding repository directory to the temporary git global config as a safe directory
Security (ubuntu-latest)	UNKNOWN STEP	2026-09-29T12:18:24.7221925Z [command]/usr/bin/git config --global --add safe.directory /home/runner/work/saksi/saksi
Security (ubuntu-latest)	UNKNOWN STEP	2026-09-29T12:18:24.7269308Z [command]/usr/bin/git config --local --name-only --get-regexp core\.sshCommand
Security (ubuntu-latest)	UNKNOWN STEP	2026-09-29T12:18:24.7311150Z [command]/usr/bin/git submodule foreach --recursive sh -c "git config --local --name-only --get-regexp 'core\.sshCommand' && git config --local --unset-all 'core.sshCommand' || :"
Security (ubuntu-latest)	UNKNOWN STEP	2026-09-29T12:18:24.7573350Z [command]/usr/bin/git config --local --name-only --get-regexp http\.https\:\/\/github\.com\/\.extraheader
Security (ubuntu-latest)	UNKNOWN STEP	2026-09-29T12:18:24.7601712Z http.https://github.com/.extraheader
Security (ubuntu-latest)	UNKNOWN STEP	2026-09-29T12:18:24.7615394Z [command]/usr/bin/git config --local --unset-all http.https://github.com/.extraheader
Security (ubuntu-latest)	UNKNOWN STEP	2026-09-29T12:18:24.7656567Z [command]/usr/bin/git submodule foreach --recursive sh -c "git config --local --name-only --get-regexp 'http\.https\:\/\/github\.com\/\.extraheader' && git config --local --unset-all 'http.https://github.com/.extraheader' || :"
Security (ubuntu-latest)	UNKNOWN STEP	2026-09-29T12:18:24.7967027Z [command]/usr/bin/git config --local --name-only --get-regexp ^includeIf\.gitdir:
Security (ubuntu-latest)	UNKNOWN STEP	2026-09-29T12:18:24.8017942Z [command]/usr/bin/git submodule foreach --recursive git config --local --show-origin --name-only --get-regexp remote.origin.url
Security (ubuntu-latest)	UNKNOWN STEP	2026-09-29T12:18:24.8542647Z Cleaning up orphan processes
Security (ubuntu-latest)	UNKNOWN STEP	2026-09-29T12:18:24.8878103Z ##[warning]Node.js 20 is deprecated. The following actions target Node.js 20 but are being forced to run on Node.js 24: actions/checkout@v4, actions/setup-go@v5. For more information see: https://github.blog/changelog/2025-09-19-deprecation-of-node-20-on-github-actions-runners/
Test (ubuntu-latest)	UNKNOWN STEP	﻿2026-09-29T12:17:53.9607711Z Current runner version: '2.337.0'
Test (ubuntu-latest)	UNKNOWN STEP	2026-09-29T12:17:53.9633557Z ##[group]Runner Image Provisioner
Test (ubuntu-latest)	UNKNOWN STEP	2026-09-29T12:17:53.9634425Z Hosted Compute Agent
Test (ubuntu-latest)	UNKNOWN STEP	2026-09-29T12:17:53.9635342Z Version: 20260828.587
Test (ubuntu-latest)	UNKNOWN STEP	2026-09-29T12:17:53.9636135Z Commit: abac92662cab4cc7352de4f9f9d2e2419aad9c29
Test (ubuntu-latest)	UNKNOWN STEP	2026-09-29T12:17:53.9636932Z Build Date: 2026-08-28T16:44:25Z
Test (ubuntu-latest)	UNKNOWN STEP	2026-09-29T12:17:53.9637710Z Worker ID: {118407f2-9ac2-4a92-8bb9-fc36ca2539b0}
Test (ubuntu-latest)	UNKNOWN STEP	2026-09-29T12:17:53.9638489Z Azure Region: centralus
Test (ubuntu-latest)	UNKNOWN STEP	2026-09-29T12:17:53.9639171Z ##[endgroup]
Test (ubuntu-latest)	UNKNOWN STEP	2026-09-29T12:17:53.9640675Z ##[group]Operating System
Test (ubuntu-latest)	UNKNOWN STEP	2026-09-29T12:17:53.9641743Z Ubuntu
Test (ubuntu-latest)	UNKNOWN STEP	2026-09-29T12:17:53.9642351Z 24.04.5
Test (ubuntu-latest)	UNKNOWN STEP	2026-09-29T12:17:53.9642885Z LTS
Test (ubuntu-latest)	UNKNOWN STEP	2026-09-29T12:17:53.9643482Z ##[endgroup]
Test (ubuntu-latest)	UNKNOWN STEP	2026-09-29T12:17:53.9644059Z ##[group]Runner Image
Test (ubuntu-latest)	UNKNOWN STEP	2026-09-29T12:17:53.9644674Z Image: ubuntu-24.04
Test (ubuntu-latest)	UNKNOWN STEP	2026-09-29T12:17:53.9645688Z Version: 20260920.314.1
Test (ubuntu-latest)	UNKNOWN STEP	2026-09-29T12:17:53.9647008Z Included Software: https://github.com/actions/runner-images/blob/ubuntu24/20260920.314/images/ubuntu/Ubuntu2404-Readme.md
Test (ubuntu-latest)	UNKNOWN STEP	2026-09-29T12:17:53.9648636Z Image Release: https://github.com/actions/runner-images/releases/tag/ubuntu24%2F20260920.314
Test (ubuntu-latest)	UNKNOWN STEP	2026-09-29T12:17:53.9649612Z ##[endgroup]
Test (ubuntu-latest)	UNKNOWN STEP	2026-09-29T12:17:53.9650870Z ##[group]GITHUB_TOKEN Permissions
Test (ubuntu-latest)	UNKNOWN STEP	2026-09-29T12:17:53.9653512Z Contents: read
Test (ubuntu-latest)	UNKNOWN STEP	2026-09-29T12:17:53.9654169Z Metadata: read
Test (ubuntu-latest)	UNKNOWN STEP	2026-09-29T12:17:53.9654763Z ##[endgroup]
Test (ubuntu-latest)	UNKNOWN STEP	2026-09-29T12:17:53.9657162Z Secret source: Actions
Test (ubuntu-latest)	UNKNOWN STEP	2026-09-29T12:17:53.9658124Z Cache mode: write
Test (ubuntu-latest)	UNKNOWN STEP	2026-09-29T12:17:53.9659225Z Prepare workflow directory
Test (ubuntu-latest)	UNKNOWN STEP	2026-09-29T12:17:54.0063621Z Prepare all required actions
Test (ubuntu-latest)	UNKNOWN STEP	2026-09-29T12:17:54.0112708Z Getting action download info
Test (ubuntu-latest)	UNKNOWN STEP	2026-09-29T12:17:54.3080930Z Download action repository 'actions/checkout@v4' (SHA:11d5960a326750d5838078e36cf38b85af677262)
Test (ubuntu-latest)	UNKNOWN STEP	2026-09-29T12:17:54.3849186Z Download action repository 'actions-rust-lang/setup-rust-toolchain@v1' (SHA:166cdcfd11aee3cb47222f9ddb555ce30ddb9659)
Test (ubuntu-latest)	UNKNOWN STEP	2026-09-29T12:17:54.5853049Z Download action repository 'Swatinem/rust-cache@v2' (SHA:6323deb102c322ba6fcbdcafc7e3dddab59af2b6)
Test (ubuntu-latest)	UNKNOWN STEP	2026-09-29T12:17:55.1433317Z Download action repository 'actions/setup-go@v5' (SHA:40f1582b2485089dde7abd97c1529aa768e1baff)
Test (ubuntu-latest)	UNKNOWN STEP	2026-09-29T12:17:55.7421865Z Getting action download info
Test (ubuntu-latest)	UNKNOWN STEP	2026-09-29T12:17:55.8632856Z Download action repository 'Swatinem/rust-cache@c19371144df3bb44fab255c43d04cbc2ab54d1c4' (SHA:c19371144df3bb44fab255c43d04cbc2ab54d1c4)
Test (ubuntu-latest)	UNKNOWN STEP	2026-09-29T12:17:56.6332355Z Complete job name: Test (ubuntu-latest)
Test (ubuntu-latest)	UNKNOWN STEP	2026-09-29T12:17:56.7261323Z ##[group]Run actions/checkout@v4
Test (ubuntu-latest)	UNKNOWN STEP	2026-09-29T12:17:56.7262897Z with:
Test (ubuntu-latest)	UNKNOWN STEP	2026-09-29T12:17:56.7263856Z   repository: saksi-framework/saksi
Test (ubuntu-latest)	UNKNOWN STEP	2026-09-29T12:17:56.7272351Z   token: ***
Test (ubuntu-latest)	UNKNOWN STEP	2026-09-29T12:17:56.7273283Z   ssh-strict: true
Test (ubuntu-latest)	UNKNOWN STEP	2026-09-29T12:17:56.7274200Z   ssh-user: git
Test (ubuntu-latest)	UNKNOWN STEP	2026-09-29T12:17:56.7275338Z   persist-credentials: true
Test (ubuntu-latest)	UNKNOWN STEP	2026-09-29T12:17:56.7276390Z   clean: true
Test (ubuntu-latest)	UNKNOWN STEP	2026-09-29T12:17:56.7277481Z   sparse-checkout-cone-mode: true
Test (ubuntu-latest)	UNKNOWN STEP	2026-09-29T12:17:56.7278594Z   fetch-depth: 1
Test (ubuntu-latest)	UNKNOWN STEP	2026-09-29T12:17:56.7279518Z   fetch-tags: false
Test (ubuntu-latest)	UNKNOWN STEP	2026-09-29T12:17:56.7280541Z   show-progress: true
Test (ubuntu-latest)	UNKNOWN STEP	2026-09-29T12:17:56.7281558Z   lfs: false
Test (ubuntu-latest)	UNKNOWN STEP	2026-09-29T12:17:56.7282533Z   submodules: false
Test (ubuntu-latest)	UNKNOWN STEP	2026-09-29T12:17:56.7283522Z   set-safe-directory: true
Test (ubuntu-latest)	UNKNOWN STEP	2026-09-29T12:17:56.7284601Z   allow-unsafe-pr-checkout: false
Test (ubuntu-latest)	UNKNOWN STEP	2026-09-29T12:17:56.7286202Z env:
Test (ubuntu-latest)	UNKNOWN STEP	2026-09-29T12:17:56.7287097Z   CARGO_TERM_COLOR: always
Test (ubuntu-latest)	UNKNOWN STEP	2026-09-29T12:17:56.7289477Z   GO_MODULES: packages/saksi-protocol/go
Test (ubuntu-latest)	UNKNOWN STEP	packages/saksi-bulletin/chaincode
Test (ubuntu-latest)	UNKNOWN STEP	packages/saksi-bulletin/client-sdk
Test (ubuntu-latest)	UNKNOWN STEP	packages/saksi-campaign
Test (ubuntu-latest)	UNKNOWN STEP	
Test (ubuntu-latest)	UNKNOWN STEP	2026-09-29T12:17:56.7291772Z   GOFLAGS: -mod=mod
Test (ubuntu-latest)	UNKNOWN STEP	2026-09-29T12:17:56.7292796Z ##[endgroup]
Test (ubuntu-latest)	UNKNOWN STEP	2026-09-29T12:17:56.8416607Z Syncing repository: saksi-framework/saksi
Test (ubuntu-latest)	UNKNOWN STEP	2026-09-29T12:17:56.8419326Z ##[group]Getting Git version info
Test (ubuntu-latest)	UNKNOWN STEP	2026-09-29T12:17:56.8421270Z Working directory is '/home/runner/work/saksi/saksi'
Test (ubuntu-latest)	UNKNOWN STEP	2026-09-29T12:17:56.8423831Z [command]/usr/bin/git version
Test (ubuntu-latest)	UNKNOWN STEP	2026-09-29T12:17:56.8492429Z git version 2.55.0
Test (ubuntu-latest)	UNKNOWN STEP	2026-09-29T12:17:56.8514744Z ##[endgroup]
Test (ubuntu-latest)	UNKNOWN STEP	2026-09-29T12:17:56.8532782Z Temporarily overriding HOME='/home/runner/work/_temp/1b7c8366-8605-4c4d-8228-c709526d1b51' before making global git config changes
Test (ubuntu-latest)	UNKNOWN STEP	2026-09-29T12:17:56.8536543Z Adding repository directory to the temporary git global config as a safe directory
Test (ubuntu-latest)	UNKNOWN STEP	2026-09-29T12:17:56.8540484Z [command]/usr/bin/git config --global --add safe.directory /home/runner/work/saksi/saksi
Test (ubuntu-latest)	UNKNOWN STEP	2026-09-29T12:17:56.8591530Z Deleting the contents of '/home/runner/work/saksi/saksi'
Test (ubuntu-latest)	UNKNOWN STEP	2026-09-29T12:17:56.8597235Z ##[group]Initializing the repository
Test (ubuntu-latest)	UNKNOWN STEP	2026-09-29T12:17:56.8602584Z [command]/usr/bin/git init /home/runner/work/saksi/saksi
Test (ubuntu-latest)	UNKNOWN STEP	2026-09-29T12:17:56.8688344Z hint: Using 'master' as the name for the initial branch. This default branch name
Test (ubuntu-latest)	UNKNOWN STEP	2026-09-29T12:17:56.8692148Z hint: will change to "main" in Git 3.0. To configure the initial branch name
Test (ubuntu-latest)	UNKNOWN STEP	2026-09-29T12:17:56.8694950Z hint: to use in all of your new repositories, which will suppress this warning,
Test (ubuntu-latest)	UNKNOWN STEP	2026-09-29T12:17:56.8697363Z hint: call:
Test (ubuntu-latest)	UNKNOWN STEP	2026-09-29T12:17:56.8698462Z hint:
Test (ubuntu-latest)	UNKNOWN STEP	2026-09-29T12:17:56.8699877Z hint: 	git config --global init.defaultBranch <name>
Test (ubuntu-latest)	UNKNOWN STEP	2026-09-29T12:17:56.8701622Z hint:
Test (ubuntu-latest)	UNKNOWN STEP	2026-09-29T12:17:56.8703286Z hint: Names commonly chosen instead of 'master' are 'main', 'trunk' and
Test (ubuntu-latest)	UNKNOWN STEP	2026-09-29T12:17:56.8706304Z hint: 'development'. The just-created branch can be renamed via this command:
Test (ubuntu-latest)	UNKNOWN STEP	2026-09-29T12:17:56.8708471Z hint:
Test (ubuntu-latest)	UNKNOWN STEP	2026-09-29T12:17:56.8709559Z hint: 	git branch -m <name>
Test (ubuntu-latest)	UNKNOWN STEP	2026-09-29T12:17:56.8710812Z hint:
Test (ubuntu-latest)	UNKNOWN STEP	2026-09-29T12:17:56.8712584Z hint: Disable this message with "git config set advice.defaultBranchName false"
Test (ubuntu-latest)	UNKNOWN STEP	2026-09-29T12:17:56.8715734Z Initialized empty Git repository in /home/runner/work/saksi/saksi/.git/
Test (ubuntu-latest)	UNKNOWN STEP	2026-09-29T12:17:56.8719757Z [command]/usr/bin/git remote add origin https://github.com/saksi-framework/saksi
Test (ubuntu-latest)	UNKNOWN STEP	2026-09-29T12:17:56.8760269Z ##[endgroup]
Test (ubuntu-latest)	UNKNOWN STEP	2026-09-29T12:17:56.8761717Z ##[group]Disabling automatic garbage collection
Test (ubuntu-latest)	UNKNOWN STEP	2026-09-29T12:17:56.8764224Z [command]/usr/bin/git config --local gc.auto 0
Test (ubuntu-latest)	UNKNOWN STEP	2026-09-29T12:17:56.8800408Z ##[endgroup]
Test (ubuntu-latest)	UNKNOWN STEP	2026-09-29T12:17:56.8802029Z ##[group]Setting up auth
Test (ubuntu-latest)	UNKNOWN STEP	2026-09-29T12:17:56.8808483Z [command]/usr/bin/git config --local --name-only --get-regexp core\.sshCommand
Test (ubuntu-latest)	UNKNOWN STEP	2026-09-29T12:17:56.8850830Z [command]/usr/bin/git submodule foreach --recursive sh -c "git config --local --name-only --get-regexp 'core\.sshCommand' && git config --local --unset-all 'core.sshCommand' || :"
Test (ubuntu-latest)	UNKNOWN STEP	2026-09-29T12:17:56.9203771Z [command]/usr/bin/git config --local --name-only --get-regexp http\.https\:\/\/github\.com\/\.extraheader
Test (ubuntu-latest)	UNKNOWN STEP	2026-09-29T12:17:56.9250304Z [command]/usr/bin/git submodule foreach --recursive sh -c "git config --local --name-only --get-regexp 'http\.https\:\/\/github\.com\/\.extraheader' && git config --local --unset-all 'http.https://github.com/.extraheader' || :"
Test (ubuntu-latest)	UNKNOWN STEP	2026-09-29T12:17:56.9534487Z [command]/usr/bin/git config --local --name-only --get-regexp ^includeIf\.gitdir:
Test (ubuntu-latest)	UNKNOWN STEP	2026-09-29T12:17:56.9575784Z [command]/usr/bin/git submodule foreach --recursive git config --local --show-origin --name-only --get-regexp remote.origin.url
Test (ubuntu-latest)	UNKNOWN STEP	2026-09-29T12:17:56.9825248Z [command]/usr/bin/git config --local http.https://github.com/.extraheader AUTHORIZATION: basic ***
Test (ubuntu-latest)	UNKNOWN STEP	2026-09-29T12:17:56.9875594Z ##[endgroup]
Test (ubuntu-latest)	UNKNOWN STEP	2026-09-29T12:17:56.9877693Z ##[group]Fetching the repository
Test (ubuntu-latest)	UNKNOWN STEP	2026-09-29T12:17:56.9888237Z [command]/usr/bin/git -c protocol.version=2 fetch --no-tags --prune --no-recurse-submodules --depth=1 origin +4a38a54fe0223b58f28c53ec54e47fbeab222837:refs/remotes/origin/main
Test (ubuntu-latest)	UNKNOWN STEP	2026-09-29T12:17:57.7019834Z From https://github.com/saksi-framework/saksi
Test (ubuntu-latest)	UNKNOWN STEP	2026-09-29T12:17:57.7021142Z  * [new ref]         4a38a54fe0223b58f28c53ec54e47fbeab222837 -> origin/main
Test (ubuntu-latest)	UNKNOWN STEP	2026-09-29T12:17:57.7025731Z ##[endgroup]
Test (ubuntu-latest)	UNKNOWN STEP	2026-09-29T12:17:57.7026609Z ##[group]Determining the checkout info
Test (ubuntu-latest)	UNKNOWN STEP	2026-09-29T12:17:57.7029707Z ##[endgroup]
Test (ubuntu-latest)	UNKNOWN STEP	2026-09-29T12:17:57.7037852Z [command]/usr/bin/git sparse-checkout disable
Test (ubuntu-latest)	UNKNOWN STEP	2026-09-29T12:17:57.7092926Z [command]/usr/bin/git config --local --unset-all extensions.worktreeConfig
Test (ubuntu-latest)	UNKNOWN STEP	2026-09-29T12:17:57.7128616Z ##[group]Checking out the ref
Test (ubuntu-latest)	UNKNOWN STEP	2026-09-29T12:17:57.7133288Z [command]/usr/bin/git checkout --progress --force -B main refs/remotes/origin/main
Test (ubuntu-latest)	UNKNOWN STEP	2026-09-29T12:17:57.7437743Z Switched to a new branch 'main'
Test (ubuntu-latest)	UNKNOWN STEP	2026-09-29T12:17:57.7444141Z branch 'main' set up to track 'origin/main'.
Test (ubuntu-latest)	UNKNOWN STEP	2026-09-29T12:17:57.7448193Z ##[endgroup]
Test (ubuntu-latest)	UNKNOWN STEP	2026-09-29T12:17:57.7494343Z [command]/usr/bin/git log -1 --format=%H
Test (ubuntu-latest)	UNKNOWN STEP	2026-09-29T12:17:57.7523678Z 4a38a54fe0223b58f28c53ec54e47fbeab222837
Test (ubuntu-latest)	UNKNOWN STEP	2026-09-29T12:17:57.7938220Z ##[group]Run actions-rust-lang/setup-rust-toolchain@v1
Test (ubuntu-latest)	UNKNOWN STEP	2026-09-29T12:17:57.7938612Z with:
Test (ubuntu-latest)	UNKNOWN STEP	2026-09-29T12:17:57.7938829Z   cache: true
Test (ubuntu-latest)	UNKNOWN STEP	2026-09-29T12:17:57.7939066Z   cache-on-failure: true
Test (ubuntu-latest)	UNKNOWN STEP	2026-09-29T12:17:57.7939326Z   cache-bin: true
Test (ubuntu-latest)	UNKNOWN STEP	2026-09-29T12:17:57.7939561Z   cache-provider: github
Test (ubuntu-latest)	UNKNOWN STEP	2026-09-29T12:17:57.7939808Z   cache-all-crates: false
Test (ubuntu-latest)	UNKNOWN STEP	2026-09-29T12:17:57.7940073Z   cache-workspace-crates: false
Test (ubuntu-latest)	UNKNOWN STEP	2026-09-29T12:17:57.7940342Z   cache-save-if: true
Test (ubuntu-latest)	UNKNOWN STEP	2026-09-29T12:17:57.7940578Z   cache-targets: true
Test (ubuntu-latest)	UNKNOWN STEP	2026-09-29T12:17:57.7940804Z   matcher: true
Test (ubuntu-latest)	UNKNOWN STEP	2026-09-29T12:17:57.7941051Z   rustflags: -D warnings
Test (ubuntu-latest)	UNKNOWN STEP	2026-09-29T12:17:57.7941304Z   override: true
Test (ubuntu-latest)	UNKNOWN STEP	2026-09-29T12:17:57.7941531Z env:
Test (ubuntu-latest)	UNKNOWN STEP	2026-09-29T12:17:57.7941774Z   CARGO_TERM_COLOR: always
Test (ubuntu-latest)	UNKNOWN STEP	2026-09-29T12:17:57.7942412Z   GO_MODULES: packages/saksi-protocol/go
Test (ubuntu-latest)	UNKNOWN STEP	packages/saksi-bulletin/chaincode
Test (ubuntu-latest)	UNKNOWN STEP	packages/saksi-bulletin/client-sdk
Test (ubuntu-latest)	UNKNOWN STEP	packages/saksi-campaign
Test (ubuntu-latest)	UNKNOWN STEP	
Test (ubuntu-latest)	UNKNOWN STEP	2026-09-29T12:17:57.7943053Z   GOFLAGS: -mod=mod
Test (ubuntu-latest)	UNKNOWN STEP	2026-09-29T12:17:57.7943315Z ##[endgroup]
Test (ubuntu-latest)	UNKNOWN STEP	2026-09-29T12:17:57.8006052Z ##[start-action display=Unbork mac;id=__actions-rust-lang_setup-rust-toolchain.__run]
Test (ubuntu-latest)	UNKNOWN STEP	2026-09-29T12:17:57.8024508Z ##[end-action id=__actions-rust-lang_setup-rust-toolchain.__run;outcome=skipped;conclusion=skipped;duration_ms=0]
Test (ubuntu-latest)	UNKNOWN STEP	2026-09-29T12:17:57.8060854Z ##[start-action display=Run : construct rustup command line;id=__actions-rust-lang_setup-rust-toolchain.flags]
Test (ubuntu-latest)	UNKNOWN STEP	2026-09-29T12:17:57.8102254Z ##[group]Run : construct rustup command line
Test (ubuntu-latest)	UNKNOWN STEP	2026-09-29T12:17:57.8102699Z ^[[36;1m: construct rustup command line^[[0m
Test (ubuntu-latest)	UNKNOWN STEP	2026-09-29T12:17:57.8103230Z ^[[36;1mecho "targets=$(for t in ${_srt_targets//,/ }; do echo -n ' --target' $t; done)" >> $GITHUB_OUTPUT^[[0m
Test (ubuntu-latest)	UNKNOWN STEP	2026-09-29T12:17:57.8103931Z ^[[36;1mecho "components=$(for c in ${_srt_components//,/ }; do echo -n ' --component' $c; done)" >> $GITHUB_OUTPUT^[[0m
Test (ubuntu-latest)	UNKNOWN STEP	2026-09-29T12:17:57.8104485Z ^[[36;1mecho "downgrade=" >> $GITHUB_OUTPUT^[[0m
Test (ubuntu-latest)	UNKNOWN STEP	2026-09-29T12:17:57.8341991Z shell: /usr/bin/bash --noprofile --norc -e -o pipefail {0}
Test (ubuntu-latest)	UNKNOWN STEP	2026-09-29T12:17:57.8342416Z env:
Test (ubuntu-latest)	UNKNOWN STEP	2026-09-29T12:17:57.8342648Z   CARGO_TERM_COLOR: always
Test (ubuntu-latest)	UNKNOWN STEP	2026-09-29T12:17:57.8343272Z   GO_MODULES: packages/saksi-protocol/go
Test (ubuntu-latest)	UNKNOWN STEP	packages/saksi-bulletin/chaincode
Test (ubuntu-latest)	UNKNOWN STEP	packages/saksi-bulletin/client-sdk
Test (ubuntu-latest)	UNKNOWN STEP	packages/saksi-campaign
Test (ubuntu-latest)	UNKNOWN STEP	
Test (ubuntu-latest)	UNKNOWN STEP	2026-09-29T12:17:57.8343899Z   GOFLAGS: -mod=mod
Test (ubuntu-latest)	UNKNOWN STEP	2026-09-29T12:17:57.8344139Z   _srt_targets: 
Test (ubuntu-latest)	UNKNOWN STEP	2026-09-29T12:17:57.8344359Z   _srt_components: 
Test (ubuntu-latest)	UNKNOWN STEP	2026-09-29T12:17:57.8344578Z ##[endgroup]
Test (ubuntu-latest)	UNKNOWN STEP	2026-09-29T12:17:57.8506030Z ##[end-action id=__actions-rust-lang_setup-rust-toolchain.flags;outcome=success;conclusion=success;duration_ms=44]
Test (ubuntu-latest)	UNKNOWN STEP	2026-09-29T12:17:57.8512680Z ##[start-action display=Setting Environment Variables;id=__actions-rust-lang_setup-rust-toolchain.__run_2]
Test (ubuntu-latest)	UNKNOWN STEP	2026-09-29T12:17:57.8533715Z ##[group]Run if [[ ! -v CARGO_INCREMENTAL ]]; then
Test (ubuntu-latest)	UNKNOWN STEP	2026-09-29T12:17:57.8534136Z ^[[36;1mif [[ ! -v CARGO_INCREMENTAL ]]; then^[[0m
Test (ubuntu-latest)	UNKNOWN STEP	2026-09-29T12:17:57.8534485Z ^[[36;1m  echo "CARGO_INCREMENTAL=0" >> $GITHUB_ENV^[[0m
Test (ubuntu-latest)	UNKNOWN STEP	2026-09-29T12:17:57.8534791Z ^[[36;1mfi^[[0m
Test (ubuntu-latest)	UNKNOWN STEP	2026-09-29T12:17:57.8535324Z ^[[36;1mif [[ ! -v CARGO_PROFILE_DEV_DEBUG ]]; then^[[0m
Test (ubuntu-latest)	UNKNOWN STEP	2026-09-29T12:17:57.8535687Z ^[[36;1m  echo "CARGO_PROFILE_DEV_DEBUG=0" >> $GITHUB_ENV^[[0m
Test (ubuntu-latest)	UNKNOWN STEP	2026-09-29T12:17:57.8536007Z ^[[36;1mfi^[[0m
Test (ubuntu-latest)	UNKNOWN STEP	2026-09-29T12:17:57.8536241Z ^[[36;1mif [[ ! -v CARGO_TERM_COLOR ]]; then^[[0m
Test (ubuntu-latest)	UNKNOWN STEP	2026-09-29T12:17:57.8536581Z ^[[36;1m  echo "CARGO_TERM_COLOR=always" >> $GITHUB_ENV^[[0m
Test (ubuntu-latest)	UNKNOWN STEP	2026-09-29T12:17:57.8536891Z ^[[36;1mfi^[[0m
Test (ubuntu-latest)	UNKNOWN STEP	2026-09-29T12:17:57.8537112Z ^[[36;1mif [[ ! -v RUST_BACKTRACE ]]; then^[[0m
Test (ubuntu-latest)	UNKNOWN STEP	2026-09-29T12:17:57.8537449Z ^[[36;1m  echo "RUST_BACKTRACE=short" >> $GITHUB_ENV^[[0m
Test (ubuntu-latest)	UNKNOWN STEP	2026-09-29T12:17:57.8537752Z ^[[36;1mfi^[[0m
Test (ubuntu-latest)	UNKNOWN STEP	2026-09-29T12:17:57.8538028Z ^[[36;1mif [[ ( ! -v RUSTFLAGS ) && $_srt_NEW_RUSTFLAGS != "" ]]; then^[[0m
Test (ubuntu-latest)	UNKNOWN STEP	2026-09-29T12:17:57.8538449Z ^[[36;1m  echo "RUSTFLAGS=$_srt_NEW_RUSTFLAGS" >> $GITHUB_ENV^[[0m
Test (ubuntu-latest)	UNKNOWN STEP	2026-09-29T12:17:57.8539065Z ^[[36;1mfi^[[0m
Test (ubuntu-latest)	UNKNOWN STEP	2026-09-29T12:17:57.8539310Z ^[[36;1m# Enable faster sparse index on nightly^[[0m
Test (ubuntu-latest)	UNKNOWN STEP	2026-09-29T12:17:57.8539720Z ^[[36;1m# The value is ignored on stable and causes no problems^[[0m
Test (ubuntu-latest)	UNKNOWN STEP	2026-09-29T12:17:57.8540467Z ^[[36;1m# https://internals.rust-lang.org/t/call-for-testing-cargo-sparse-registry/16862^[[0m
Test (ubuntu-latest)	UNKNOWN STEP	2026-09-29T12:17:57.8541025Z ^[[36;1mif [[ ! -v CARGO_UNSTABLE_SPARSE_REGISTRY ]]; then^[[0m
Test (ubuntu-latest)	UNKNOWN STEP	2026-09-29T12:17:57.8541474Z ^[[36;1m  echo "CARGO_UNSTABLE_SPARSE_REGISTRY=true" >> $GITHUB_ENV^[[0m
Test (ubuntu-latest)	UNKNOWN STEP	2026-09-29T12:17:57.8541839Z ^[[36;1mfi^[[0m
Test (ubuntu-latest)	UNKNOWN STEP	2026-09-29T12:17:57.8542125Z ^[[36;1mif [[ ! -v CARGO_REGISTRIES_CRATES_IO_PROTOCOL ]]; then^[[0m
Test (ubuntu-latest)	UNKNOWN STEP	2026-09-29T12:17:57.8542578Z ^[[36;1m  echo "CARGO_REGISTRIES_CRATES_IO_PROTOCOL=sparse" >> $GITHUB_ENV^[[0m
Test (ubuntu-latest)	UNKNOWN STEP	2026-09-29T12:17:57.8542966Z ^[[36;1mfi^[[0m
Test (ubuntu-latest)	UNKNOWN STEP	2026-09-29T12:17:57.8611871Z shell: /usr/bin/bash --noprofile --norc -e -o pipefail {0}
Test (ubuntu-latest)	UNKNOWN STEP	2026-09-29T12:17:57.8612257Z env:
Test (ubuntu-latest)	UNKNOWN STEP	2026-09-29T12:17:57.8612515Z   CARGO_TERM_COLOR: always
Test (ubuntu-latest)	UNKNOWN STEP	2026-09-29T12:17:57.8613141Z   GO_MODULES: packages/saksi-protocol/go
Test (ubuntu-latest)	UNKNOWN STEP	packages/saksi-bulletin/chaincode
Test (ubuntu-latest)	UNKNOWN STEP	packages/saksi-bulletin/client-sdk
Test (ubuntu-latest)	UNKNOWN STEP	packages/saksi-campaign
Test (ubuntu-latest)	UNKNOWN STEP	
Test (ubuntu-latest)	UNKNOWN STEP	2026-09-29T12:17:57.8613781Z   GOFLAGS: -mod=mod
Test (ubuntu-latest)	UNKNOWN STEP	2026-09-29T12:17:57.8614054Z   _srt_NEW_RUSTFLAGS: -D warnings
Test (ubuntu-latest)	UNKNOWN STEP	2026-09-29T12:17:57.8614340Z ##[endgroup]
Test (ubuntu-latest)	UNKNOWN STEP	2026-09-29T12:17:57.8713555Z ##[end-action id=__actions-rust-lang_setup-rust-toolchain.__run_2;outcome=success;conclusion=success;duration_ms=19]
Test (ubuntu-latest)	UNKNOWN STEP	2026-09-29T12:17:57.8716476Z ##[start-action display=Install Rust Problem Matcher;id=__actions-rust-lang_setup-rust-toolchain.__run_3]
Test (ubuntu-latest)	UNKNOWN STEP	2026-09-29T12:17:57.8739407Z ##[group]Run echo "::add-matcher::/home/runner/work/_actions/actions-rust-lang/setup-rust-toolchain/v1/rust.json"
Test (ubuntu-latest)	UNKNOWN STEP	2026-09-29T12:17:57.8740200Z ^[[36;1mecho "::add-matcher::/home/runner/work/_actions/actions-rust-lang/setup-rust-toolchain/v1/rust.json"^[[0m
Test (ubuntu-latest)	UNKNOWN STEP	2026-09-29T12:17:57.8804679Z shell: /usr/bin/bash --noprofile --norc -e -o pipefail {0}
Test (ubuntu-latest)	UNKNOWN STEP	2026-09-29T12:17:57.8805077Z env:
Test (ubuntu-latest)	UNKNOWN STEP	2026-09-29T12:17:57.8805559Z   CARGO_TERM_COLOR: always
Test (ubuntu-latest)	UNKNOWN STEP	2026-09-29T12:17:57.8806189Z   GO_MODULES: packages/saksi-protocol/go
Test (ubuntu-latest)	UNKNOWN STEP	packages/saksi-bulletin/chaincode
Test (ubuntu-latest)	UNKNOWN STEP	packages/saksi-bulletin/client-sdk
Test (ubuntu-latest)	UNKNOWN STEP	packages/saksi-campaign
Test (ubuntu-latest)	UNKNOWN STEP	
Test (ubuntu-latest)	UNKNOWN STEP	2026-09-29T12:17:57.8806818Z   GOFLAGS: -mod=mod
Test (ubuntu-latest)	UNKNOWN STEP	2026-09-29T12:17:57.8807077Z   CARGO_INCREMENTAL: 0
Test (ubuntu-latest)	UNKNOWN STEP	2026-09-29T12:17:57.8807341Z   CARGO_PROFILE_DEV_DEBUG: 0
Test (ubuntu-latest)	UNKNOWN STEP	2026-09-29T12:17:57.8807614Z   RUST_BACKTRACE: short
Test (ubuntu-latest)	UNKNOWN STEP	2026-09-29T12:17:57.8807860Z   RUSTFLAGS: -D warnings
Test (ubuntu-latest)	UNKNOWN STEP	2026-09-29T12:17:57.8808127Z   CARGO_UNSTABLE_SPARSE_REGISTRY: true
Test (ubuntu-latest)	UNKNOWN STEP	2026-09-29T12:17:57.8808453Z   CARGO_REGISTRIES_CRATES_IO_PROTOCOL: sparse
Test (ubuntu-latest)	UNKNOWN STEP	2026-09-29T12:17:57.8808754Z ##[endgroup]
Test (ubuntu-latest)	UNKNOWN STEP	2026-09-29T12:17:57.8922996Z ##[end-action id=__actions-rust-lang_setup-rust-toolchain.__run_3;outcome=success;conclusion=success;duration_ms=20]
Test (ubuntu-latest)	UNKNOWN STEP	2026-09-29T12:17:57.8926804Z ##[start-action display=Install rustup, if needed;id=__actions-rust-lang_setup-rust-toolchain.__run_4]
Test (ubuntu-latest)	UNKNOWN STEP	2026-09-29T12:17:57.8948558Z ##[group]Run if ! command -v rustup &> /dev/null ; then
Test (ubuntu-latest)	UNKNOWN STEP	2026-09-29T12:17:57.8949012Z ^[[36;1mif ! command -v rustup &> /dev/null ; then^[[0m
Test (ubuntu-latest)	UNKNOWN STEP	2026-09-29T12:17:57.8949690Z ^[[36;1m  curl --proto '=https' --tlsv1.2 --retry 10 --retry-connrefused -fsSL "https://sh.rustup.rs" | sh -s -- --default-toolchain none -y^[[0m
Test (ubuntu-latest)	UNKNOWN STEP	2026-09-29T12:17:57.8950311Z ^[[36;1m^[[0m
Test (ubuntu-latest)	UNKNOWN STEP	2026-09-29T12:17:57.8950619Z ^[[36;1m  # Resolve the correct CARGO_HOME path depending on OS^[[0m
Test (ubuntu-latest)	UNKNOWN STEP	2026-09-29T12:17:57.8951008Z ^[[36;1m  if [[ "$RUNNER_OS" == "Windows" ]]; then^[[0m
Test (ubuntu-latest)	UNKNOWN STEP	2026-09-29T12:17:57.8951461Z ^[[36;1m    echo "${CARGO_HOME:-$USERPROFILE/.cargo}/bin" | sed 's|/|\\|g' >> $GITHUB_PATH^[[0m
Test (ubuntu-latest)	UNKNOWN STEP	2026-09-29T12:17:57.8951889Z ^[[36;1m  else^[[0m
Test (ubuntu-latest)	UNKNOWN STEP	2026-09-29T12:17:57.8952191Z ^[[36;1m    echo "${CARGO_HOME:-$HOME/.cargo}/bin" >> $GITHUB_PATH^[[0m
Test (ubuntu-latest)	UNKNOWN STEP	2026-09-29T12:17:57.8952536Z ^[[36;1m  fi^[[0m
Test (ubuntu-latest)	UNKNOWN STEP	2026-09-29T12:17:57.8952756Z ^[[36;1mfi^[[0m
Test (ubuntu-latest)	UNKNOWN STEP	2026-09-29T12:17:57.9016516Z shell: /usr/bin/bash --noprofile --norc -e -o pipefail {0}
Test (ubuntu-latest)	UNKNOWN STEP	2026-09-29T12:17:57.9016876Z env:
Test (ubuntu-latest)	UNKNOWN STEP	2026-09-29T12:17:57.9017100Z   CARGO_TERM_COLOR: always
Test (ubuntu-latest)	UNKNOWN STEP	2026-09-29T12:17:57.9017926Z   GO_MODULES: packages/saksi-protocol/go
Test (ubuntu-latest)	UNKNOWN STEP	packages/saksi-bulletin/chaincode
Test (ubuntu-latest)	UNKNOWN STEP	packages/saksi-bulletin/client-sdk
Test (ubuntu-latest)	UNKNOWN STEP	packages/saksi-campaign
Test (ubuntu-latest)	UNKNOWN STEP	
Test (ubuntu-latest)	UNKNOWN STEP	2026-09-29T12:17:57.9018550Z   GOFLAGS: -mod=mod
Test (ubuntu-latest)	UNKNOWN STEP	2026-09-29T12:17:57.9018786Z   CARGO_INCREMENTAL: 0
Test (ubuntu-latest)	UNKNOWN STEP	2026-09-29T12:17:57.9019202Z   CARGO_PROFILE_DEV_DEBUG: 0
Test (ubuntu-latest)	UNKNOWN STEP	2026-09-29T12:17:57.9019473Z   RUST_BACKTRACE: short
Test (ubuntu-latest)	UNKNOWN STEP	2026-09-29T12:17:57.9019719Z   RUSTFLAGS: -D warnings
Test (ubuntu-latest)	UNKNOWN STEP	2026-09-29T12:17:57.9051065Z   CARGO_UNSTABLE_SPARSE_REGISTRY: true
Test (ubuntu-latest)	UNKNOWN STEP	2026-09-29T12:17:57.9051618Z   CARGO_REGISTRIES_CRATES_IO_PROTOCOL: sparse
Test (ubuntu-latest)	UNKNOWN STEP	2026-09-29T12:17:57.9052073Z   RUNNER_OS: Linux
Test (ubuntu-latest)	UNKNOWN STEP	2026-09-29T12:17:57.9052383Z ##[endgroup]
Test (ubuntu-latest)	UNKNOWN STEP	2026-09-29T12:17:57.9154937Z ##[end-action id=__actions-rust-lang_setup-rust-toolchain.__run_4;outcome=success;conclusion=success;duration_ms=22]
Test (ubuntu-latest)	UNKNOWN STEP	2026-09-29T12:17:57.9160762Z ##[start-action display=rustup toolchain install stable;id=__actions-rust-lang_setup-rust-toolchain.__run_5]
Test (ubuntu-latest)	UNKNOWN STEP	2026-09-29T12:17:57.9182845Z ##[group]Run # Check if value is set
Test (ubuntu-latest)	UNKNOWN STEP	2026-09-29T12:17:57.9183234Z ^[[36;1m# Check if value is set^[[0m
Test (ubuntu-latest)	UNKNOWN STEP	2026-09-29T12:17:57.9183530Z ^[[36;1mif [[ -n "$_srt_rust_src_dir" ]]^[[0m
Test (ubuntu-latest)	UNKNOWN STEP	2026-09-29T12:17:57.9183817Z ^[[36;1mthen^[[0m
Test (ubuntu-latest)	UNKNOWN STEP	2026-09-29T12:17:57.9184087Z ^[[36;1m  # If value is set the directory must exist^[[0m
Test (ubuntu-latest)	UNKNOWN STEP	2026-09-29T12:17:57.9184446Z ^[[36;1m  if [[ -d "$_srt_rust_src_dir" ]]^[[0m
Test (ubuntu-latest)	UNKNOWN STEP	2026-09-29T12:17:57.9184731Z ^[[36;1m  then^[[0m
Test (ubuntu-latest)	UNKNOWN STEP	2026-09-29T12:17:57.9184958Z ^[[36;1m    cd "$_srt_rust_src_dir"^[[0m
Test (ubuntu-latest)	UNKNOWN STEP	2026-09-29T12:17:57.9185481Z ^[[36;1m  else^[[0m
Test (ubuntu-latest)	UNKNOWN STEP	2026-09-29T12:17:57.9185819Z ^[[36;1m    echo "'rust-src-dir' does not point to an existing directory" >&2^[[0m
Test (ubuntu-latest)	UNKNOWN STEP	2026-09-29T12:17:57.9186321Z ^[[36;1m    echo "The value of 'rust-src-dir' is: ${_srt_rust_src_dir}" >&2^[[0m
Test (ubuntu-latest)	UNKNOWN STEP	2026-09-29T12:17:57.9186698Z ^[[36;1m    exit 1^[[0m
Test (ubuntu-latest)	UNKNOWN STEP	2026-09-29T12:17:57.9186927Z ^[[36;1m  fi^[[0m
Test (ubuntu-latest)	UNKNOWN STEP	2026-09-29T12:17:57.9187140Z ^[[36;1mfi^[[0m
Test (ubuntu-latest)	UNKNOWN STEP	2026-09-29T12:17:57.9187502Z ^[[36;1mif [[ -z "$_srt_toolchain" && ( -f "rust-toolchain" || -f "rust-toolchain.toml") ]]^[[0m
Test (ubuntu-latest)	UNKNOWN STEP	2026-09-29T12:17:57.9187918Z ^[[36;1mthen^[[0m
Test (ubuntu-latest)	UNKNOWN STEP	2026-09-29T12:17:57.9188205Z ^[[36;1m  # Install the toolchain as specified in the file^[[0m
Test (ubuntu-latest)	UNKNOWN STEP	2026-09-29T12:17:57.9188655Z ^[[36;1m  # rustup show is the old way that implicitly installed a toolchain^[[0m
Test (ubuntu-latest)	UNKNOWN STEP	2026-09-29T12:17:57.9189105Z ^[[36;1m  # rustup toolchain install is the new explicit way^[[0m
Test (ubuntu-latest)	UNKNOWN STEP	2026-09-29T12:17:57.9189613Z ^[[36;1m  # https://github.com/rust-lang/rustup/issues/3635#issuecomment-2343511297^[[0m
Test (ubuntu-latest)	UNKNOWN STEP	2026-09-29T12:17:57.9190152Z ^[[36;1m  rustup show active-toolchain || rustup toolchain install^[[0m
Test (ubuntu-latest)	UNKNOWN STEP	2026-09-29T12:17:57.9190551Z ^[[36;1m  if [[ -n $_srt_components ]]; then^[[0m
Test (ubuntu-latest)	UNKNOWN STEP	2026-09-29T12:17:57.9190902Z ^[[36;1m    rustup component add ${_srt_components//,/ }^[[0m
Test (ubuntu-latest)	UNKNOWN STEP	2026-09-29T12:17:57.9191211Z ^[[36;1m  fi^[[0m
Test (ubuntu-latest)	UNKNOWN STEP	2026-09-29T12:17:57.9191442Z ^[[36;1m  if [[ -n $_srt_targets ]]; then^[[0m
Test (ubuntu-latest)	UNKNOWN STEP	2026-09-29T12:17:57.9191758Z ^[[36;1m    rustup target add ${_srt_targets//,/ }^[[0m
Test (ubuntu-latest)	UNKNOWN STEP	2026-09-29T12:17:57.9192053Z ^[[36;1m  fi^[[0m
Test (ubuntu-latest)	UNKNOWN STEP	2026-09-29T12:17:57.9192269Z ^[[36;1melse^[[0m
Test (ubuntu-latest)	UNKNOWN STEP	2026-09-29T12:17:57.9192495Z ^[[36;1m  if [[ -z "$_srt_toolchain" ]]^[[0m
Test (ubuntu-latest)	UNKNOWN STEP	2026-09-29T12:17:57.9192775Z ^[[36;1m  then^[[0m
Test (ubuntu-latest)	UNKNOWN STEP	2026-09-29T12:17:57.9192999Z ^[[36;1m    _srt_toolchain=stable^[[0m
Test (ubuntu-latest)	UNKNOWN STEP	2026-09-29T12:17:57.9193269Z ^[[36;1m  fi^[[0m
Test (ubuntu-latest)	UNKNOWN STEP	2026-09-29T12:17:57.9193648Z ^[[36;1m  rustup toolchain install ${_srt_toolchain//,/ }  --profile minimal --no-self-update^[[0m
Test (ubuntu-latest)	UNKNOWN STEP	2026-09-29T12:17:57.9194125Z ^[[36;1m  # Take the last element from the list^[[0m
Test (ubuntu-latest)	UNKNOWN STEP	2026-09-29T12:17:57.9194454Z ^[[36;1m  if [[ "$_srt_override" == "true" ]]^[[0m
Test (ubuntu-latest)	UNKNOWN STEP	2026-09-29T12:17:57.9194739Z ^[[36;1m  then^[[0m
Test (ubuntu-latest)	UNKNOWN STEP	2026-09-29T12:17:57.9195000Z ^[[36;1m    rustup override set ${_srt_toolchain//*,/ }^[[0m
Test (ubuntu-latest)	UNKNOWN STEP	2026-09-29T12:17:57.9195540Z ^[[36;1m  fi^[[0m
Test (ubuntu-latest)	UNKNOWN STEP	2026-09-29T12:17:57.9195777Z ^[[36;1mfi^[[0m
Test (ubuntu-latest)	UNKNOWN STEP	2026-09-29T12:17:57.9258510Z shell: /usr/bin/bash --noprofile --norc -e -o pipefail {0}
Test (ubuntu-latest)	UNKNOWN STEP	2026-09-29T12:17:57.9258881Z env:
Test (ubuntu-latest)	UNKNOWN STEP	2026-09-29T12:17:57.9259105Z   CARGO_TERM_COLOR: always
Test (ubuntu-latest)	UNKNOWN STEP	2026-09-29T12:17:57.9259734Z   GO_MODULES: packages/saksi-protocol/go
Test (ubuntu-latest)	UNKNOWN STEP	packages/saksi-bulletin/chaincode
Test (ubuntu-latest)	UNKNOWN STEP	packages/saksi-bulletin/client-sdk
Test (ubuntu-latest)	UNKNOWN STEP	packages/saksi-campaign
Test (ubuntu-latest)	UNKNOWN STEP	
Test (ubuntu-latest)	UNKNOWN STEP	2026-09-29T12:17:57.9260545Z   GOFLAGS: -mod=mod
Test (ubuntu-latest)	UNKNOWN STEP	2026-09-29T12:17:57.9260788Z   CARGO_INCREMENTAL: 0
Test (ubuntu-latest)	UNKNOWN STEP	2026-09-29T12:17:57.9261039Z   CARGO_PROFILE_DEV_DEBUG: 0
Test (ubuntu-latest)	UNKNOWN STEP	2026-09-29T12:17:57.9261302Z   RUST_BACKTRACE: short
Test (ubuntu-latest)	UNKNOWN STEP	2026-09-29T12:17:57.9261539Z   RUSTFLAGS: -D warnings
Test (ubuntu-latest)	UNKNOWN STEP	2026-09-29T12:17:57.9261940Z   CARGO_UNSTABLE_SPARSE_REGISTRY: true
Test (ubuntu-latest)	UNKNOWN STEP	2026-09-29T12:17:57.9262266Z   CARGO_REGISTRIES_CRATES_IO_PROTOCOL: sparse
Test (ubuntu-latest)	UNKNOWN STEP	2026-09-29T12:17:57.9262573Z   _srt_toolchain: 
Test (ubuntu-latest)	UNKNOWN STEP	2026-09-29T12:17:57.9262789Z   _srt_targets: 
Test (ubuntu-latest)	UNKNOWN STEP	2026-09-29T12:17:57.9263021Z   _srt_components: 
Test (ubuntu-latest)	UNKNOWN STEP	2026-09-29T12:17:57.9263244Z   _srt_override: true
Test (ubuntu-latest)	UNKNOWN STEP	2026-09-29T12:17:57.9263471Z   _srt_rust_src_dir: 
Test (ubuntu-latest)	UNKNOWN STEP	2026-09-29T12:17:57.9263689Z ##[endgroup]
Test (ubuntu-latest)	UNKNOWN STEP	2026-09-29T12:17:58.0103337Z stable-x86_64-unknown-linux-gnu (overridden by '/home/runner/work/saksi/saksi/rust-toolchain.toml')
Test (ubuntu-latest)	UNKNOWN STEP	2026-09-29T12:17:58.0133842Z ##[end-action id=__actions-rust-lang_setup-rust-toolchain.__run_5;outcome=success;conclusion=success;duration_ms=97]
Test (ubuntu-latest)	UNKNOWN STEP	2026-09-29T12:17:58.0137222Z ##[start-action display=Print installed versions;id=__actions-rust-lang_setup-rust-toolchain.versions]
Test (ubuntu-latest)	UNKNOWN STEP	2026-09-29T12:17:58.0163532Z ##[group]Run echo "rustc-version=$(rustc --version)" >> $GITHUB_OUTPUT
Test (ubuntu-latest)	UNKNOWN STEP	2026-09-29T12:17:58.0164067Z ^[[36;1mecho "rustc-version=$(rustc --version)" >> $GITHUB_OUTPUT^[[0m
Test (ubuntu-latest)	UNKNOWN STEP	2026-09-29T12:17:58.0164473Z ^[[36;1mrustc --version --verbose^[[0m
Test (ubuntu-latest)	UNKNOWN STEP	2026-09-29T12:17:58.0164836Z ^[[36;1mecho "cargo-version=$(cargo --version)" >> $GITHUB_OUTPUT^[[0m
Test (ubuntu-latest)	UNKNOWN STEP	2026-09-29T12:17:58.0165513Z ^[[36;1mcargo --version --verbose^[[0m
Test (ubuntu-latest)	UNKNOWN STEP	2026-09-29T12:17:58.0165884Z ^[[36;1mecho "rustup-version=$(rustup --version)" >> $GITHUB_OUTPUT^[[0m
Test (ubuntu-latest)	UNKNOWN STEP	2026-09-29T12:17:58.0166276Z ^[[36;1mrustup --version^[[0m
Test (ubuntu-latest)	UNKNOWN STEP	2026-09-29T12:17:58.0166526Z ^[[36;1m^[[0m
Test (ubuntu-latest)	UNKNOWN STEP	2026-09-29T12:17:58.0167010Z ^[[36;1m_srt_DATE=$(rustc --version --verbose | sed -ne 's/^commit-date: \(20[0-9][0-9]\)-\([01][0-9]\)-\([0-3][0-9]\)$/\1\2\3/p')^[[0m
Test (ubuntu-latest)	UNKNOWN STEP	2026-09-29T12:17:58.0167655Z ^[[36;1m_srt_HASH=$(rustc --version --verbose | sed -ne 's/^commit-hash: //p')^[[0m
Test (ubuntu-latest)	UNKNOWN STEP	2026-09-29T12:17:58.0168189Z ^[[36;1mecho "cachekey=$(echo $_srt_DATE$_srt_HASH | head -c12)" >> $GITHUB_OUTPUT^[[0m
Test (ubuntu-latest)	UNKNOWN STEP	2026-09-29T12:17:58.0236746Z shell: /usr/bin/bash --noprofile --norc -e -o pipefail {0}
Test (ubuntu-latest)	UNKNOWN STEP	2026-09-29T12:17:58.0237146Z env:
Test (ubuntu-latest)	UNKNOWN STEP	2026-09-29T12:17:58.0237370Z   CARGO_TERM_COLOR: always
Test (ubuntu-latest)	UNKNOWN STEP	2026-09-29T12:17:58.0238002Z   GO_MODULES: packages/saksi-protocol/go
Test (ubuntu-latest)	UNKNOWN STEP	packages/saksi-bulletin/chaincode
Test (ubuntu-latest)	UNKNOWN STEP	packages/saksi-bulletin/client-sdk
Test (ubuntu-latest)	UNKNOWN STEP	packages/saksi-campaign
Test (ubuntu-latest)	UNKNOWN STEP	
Test (ubuntu-latest)	UNKNOWN STEP	2026-09-29T12:17:58.0238614Z   GOFLAGS: -mod=mod
Test (ubuntu-latest)	UNKNOWN STEP	2026-09-29T12:17:58.0238850Z   CARGO_INCREMENTAL: 0
Test (ubuntu-latest)	UNKNOWN STEP	2026-09-29T12:17:58.0239105Z   CARGO_PROFILE_DEV_DEBUG: 0
Test (ubuntu-latest)	UNKNOWN STEP	2026-09-29T12:17:58.0239379Z   RUST_BACKTRACE: short
Test (ubuntu-latest)	UNKNOWN STEP	2026-09-29T12:17:58.0239630Z   RUSTFLAGS: -D warnings
Test (ubuntu-latest)	UNKNOWN STEP	2026-09-29T12:17:58.0239893Z   CARGO_UNSTABLE_SPARSE_REGISTRY: true
Test (ubuntu-latest)	UNKNOWN STEP	2026-09-29T12:17:58.0240211Z   CARGO_REGISTRIES_CRATES_IO_PROTOCOL: sparse
Test (ubuntu-latest)	UNKNOWN STEP	2026-09-29T12:17:58.0240509Z ##[endgroup]
Test (ubuntu-latest)	UNKNOWN STEP	2026-09-29T12:17:58.1520304Z rustc 1.98.1 (48a229cea 2026-09-01)
Test (ubuntu-latest)	UNKNOWN STEP	2026-09-29T12:17:58.1520757Z binary: rustc
Test (ubuntu-latest)	UNKNOWN STEP	2026-09-29T12:17:58.1521243Z commit-hash: 48a229ceaefd4985c50990b14116b6d856af0985
Test (ubuntu-latest)	UNKNOWN STEP	2026-09-29T12:17:58.1521739Z commit-date: 2026-09-01
Test (ubuntu-latest)	UNKNOWN STEP	2026-09-29T12:17:58.1534427Z host: x86_64-unknown-linux-gnu
Test (ubuntu-latest)	UNKNOWN STEP	2026-09-29T12:17:58.1534878Z release: 1.98.1
Test (ubuntu-latest)	UNKNOWN STEP	2026-09-29T12:17:58.1535389Z LLVM version: 22.1.8
Test (ubuntu-latest)	UNKNOWN STEP	2026-09-29T12:17:58.2501643Z cargo 1.98.1 (797e8a9bc 2026-08-05)
Test (ubuntu-latest)	UNKNOWN STEP	2026-09-29T12:17:58.2502217Z release: 1.98.1
Test (ubuntu-latest)	UNKNOWN STEP	2026-09-29T12:17:58.2502970Z commit-hash: 797e8a9bca276c1c9f9f738d2a20f484fa4eea9d
Test (ubuntu-latest)	UNKNOWN STEP	2026-09-29T12:17:58.2503564Z commit-date: 2026-08-05
Test (ubuntu-latest)	UNKNOWN STEP	2026-09-29T12:17:58.2504016Z host: x86_64-unknown-linux-gnu
Test (ubuntu-latest)	UNKNOWN STEP	2026-09-29T12:17:58.2504469Z libgit2: 1.9.4 (sys:0.21.0 vendored)
Test (ubuntu-latest)	UNKNOWN STEP	2026-09-29T12:17:58.2505350Z libcurl: 8.21.0-DEV (sys:0.4.90+curl-8.21.0 vendored ssl:OpenSSL/3.6.3)
Test (ubuntu-latest)	UNKNOWN STEP	2026-09-29T12:17:58.2506138Z ssl: OpenSSL 3.6.3 9 Jun 2026
Test (ubuntu-latest)	UNKNOWN STEP	2026-09-29T12:17:58.2506601Z os: Ubuntu 24.4.0 (noble) [64-bit]
Test (ubuntu-latest)	UNKNOWN STEP	2026-09-29T12:17:58.2548274Z info: This is the version for the rustup toolchain manager, not the rustc compiler.
Test (ubuntu-latest)	UNKNOWN STEP	2026-09-29T12:17:58.2845656Z info: the currently active `rustc` version is `rustc 1.98.1 (48a229cea 2026-09-01)`
Test (ubuntu-latest)	UNKNOWN STEP	2026-09-29T12:17:58.2893936Z info: This is the version for the rustup toolchain manager, not the rustc compiler.
Test (ubuntu-latest)	UNKNOWN STEP	2026-09-29T12:17:58.2894831Z rustup 1.29.1 (d95a37b6a 2026-08-13)
Test (ubuntu-latest)	UNKNOWN STEP	2026-09-29T12:17:58.3187189Z info: the currently active `rustc` version is `rustc 1.98.1 (48a229cea 2026-09-01)`
Test (ubuntu-latest)	UNKNOWN STEP	2026-09-29T12:17:58.3909949Z ##[end-action id=__actions-rust-lang_setup-rust-toolchain.versions;outcome=success;conclusion=success;duration_ms=377]
Test (ubuntu-latest)	UNKNOWN STEP	2026-09-29T12:17:58.3913035Z ##[start-action display=Downgrade registry access protocol when needed;id=__actions-rust-lang_setup-rust-toolchain.__run_6]
Test (ubuntu-latest)	UNKNOWN STEP	2026-09-29T12:17:58.3934532Z ##[group]Run # Not all versions support setting CARGO_REGISTRIES_CRATES_IO_PROTOCOL
Test (ubuntu-latest)	UNKNOWN STEP	2026-09-29T12:17:58.3935397Z ^[[36;1m# Not all versions support setting CARGO_REGISTRIES_CRATES_IO_PROTOCOL^[[0m
Test (ubuntu-latest)	UNKNOWN STEP	2026-09-29T12:17:58.3935999Z ^[[36;1m# On versions 1.66, 1.67, and 1.68.0-nightly the value "sparse" is still unstable.^[[0m
Test (ubuntu-latest)	UNKNOWN STEP	2026-09-29T12:17:58.3936615Z ^[[36;1m# https://github.com/dtolnay/rust-toolchain/pull/69#discussion_r1107268108^[[0m
Test (ubuntu-latest)	UNKNOWN STEP	2026-09-29T12:17:58.3937229Z ^[[36;1m# If we detect an incompatible value, set it to "git" which is always supported.^[[0m
Test (ubuntu-latest)	UNKNOWN STEP	2026-09-29T12:17:58.3938055Z ^[[36;1mif [[ "rustc 1.98.1 (48a229cea 2026-09-01)" =~ ^rustc\ (1\.6[67]\.|1\.68\.0-nightly) && "${CARGO_REGISTRIES_CRATES_IO_PROTOCOL}" == "sparse" ]]; then^[[0m
Test (ubuntu-latest)	UNKNOWN STEP	2026-09-29T12:17:58.3938737Z ^[[36;1m  echo "Downgrade cargo registry protocol to git"^[[0m
Test (ubuntu-latest)	UNKNOWN STEP	2026-09-29T12:17:58.3939173Z ^[[36;1m  echo "CARGO_REGISTRIES_CRATES_IO_PROTOCOL=git" >> $GITHUB_ENV^[[0m
Test (ubuntu-latest)	UNKNOWN STEP	2026-09-29T12:17:58.3939549Z ^[[36;1mfi^[[0m
Test (ubuntu-latest)	UNKNOWN STEP	2026-09-29T12:17:58.4011073Z shell: /usr/bin/bash --noprofile --norc -e -o pipefail {0}
Test (ubuntu-latest)	UNKNOWN STEP	2026-09-29T12:17:58.4011470Z env:
Test (ubuntu-latest)	UNKNOWN STEP	2026-09-29T12:17:58.4011702Z   CARGO_TERM_COLOR: always
Test (ubuntu-latest)	UNKNOWN STEP	2026-09-29T12:17:58.4012333Z   GO_MODULES: packages/saksi-protocol/go
Test (ubuntu-latest)	UNKNOWN STEP	packages/saksi-bulletin/chaincode
Test (ubuntu-latest)	UNKNOWN STEP	packages/saksi-bulletin/client-sdk
Test (ubuntu-latest)	UNKNOWN STEP	packages/saksi-campaign
Test (ubuntu-latest)	UNKNOWN STEP	
Test (ubuntu-latest)	UNKNOWN STEP	2026-09-29T12:17:58.4012976Z   GOFLAGS: -mod=mod
Test (ubuntu-latest)	UNKNOWN STEP	2026-09-29T12:17:58.4013233Z   CARGO_INCREMENTAL: 0
Test (ubuntu-latest)	UNKNOWN STEP	2026-09-29T12:17:58.4013493Z   CARGO_PROFILE_DEV_DEBUG: 0
Test (ubuntu-latest)	UNKNOWN STEP	2026-09-29T12:17:58.4013749Z   RUST_BACKTRACE: short
Test (ubuntu-latest)	UNKNOWN STEP	2026-09-29T12:17:58.4013996Z   RUSTFLAGS: -D warnings
Test (ubuntu-latest)	UNKNOWN STEP	2026-09-29T12:17:58.4014258Z   CARGO_UNSTABLE_SPARSE_REGISTRY: true
Test (ubuntu-latest)	UNKNOWN STEP	2026-09-29T12:17:58.4014593Z   CARGO_REGISTRIES_CRATES_IO_PROTOCOL: sparse
Test (ubuntu-latest)	UNKNOWN STEP	2026-09-29T12:17:58.4014904Z ##[endgroup]
Test (ubuntu-latest)	UNKNOWN STEP	2026-09-29T12:17:58.4108210Z ##[end-action id=__actions-rust-lang_setup-rust-toolchain.__run_6;outcome=success;conclusion=success;duration_ms=19]
Test (ubuntu-latest)	UNKNOWN STEP	2026-09-29T12:17:58.4110584Z ##[start-action display=Setup Rust Caching;id=__actions-rust-lang_setup-rust-toolchain.__Swatinem_rust-cache]
Test (ubuntu-latest)	UNKNOWN STEP	2026-09-29T12:17:58.4181925Z ##[group]Run Swatinem/rust-cache@c19371144df3bb44fab255c43d04cbc2ab54d1c4
Test (ubuntu-latest)	UNKNOWN STEP	2026-09-29T12:17:58.4182335Z with:
Test (ubuntu-latest)	UNKNOWN STEP	2026-09-29T12:17:58.4182562Z   cache-on-failure: true
Test (ubuntu-latest)	UNKNOWN STEP	2026-09-29T12:17:58.4182805Z   cache-bin: true
Test (ubuntu-latest)	UNKNOWN STEP	2026-09-29T12:17:58.4183033Z   cache-provider: github
Test (ubuntu-latest)	UNKNOWN STEP	2026-09-29T12:17:58.4183278Z   cache-all-crates: false
Test (ubuntu-latest)	UNKNOWN STEP	2026-09-29T12:17:58.4183556Z   cache-workspace-crates: false
Test (ubuntu-latest)	UNKNOWN STEP	2026-09-29T12:17:58.4183827Z   cache-targets: true
Test (ubuntu-latest)	UNKNOWN STEP	2026-09-29T12:17:58.4184056Z   save-if: true
Test (ubuntu-latest)	UNKNOWN STEP	2026-09-29T12:17:58.4184275Z   prefix-key: v0-rust
Test (ubuntu-latest)	UNKNOWN STEP	2026-09-29T12:17:58.4184503Z   add-job-id-key: true
Test (ubuntu-latest)	UNKNOWN STEP	2026-09-29T12:17:58.4184765Z   add-rust-environment-hash-key: true
Test (ubuntu-latest)	UNKNOWN STEP	2026-09-29T12:17:58.4185299Z   lookup-only: false
Test (ubuntu-latest)	UNKNOWN STEP	2026-09-29T12:17:58.4185528Z   cmd-format: {0}
Test (ubuntu-latest)	UNKNOWN STEP	2026-09-29T12:17:58.4185742Z env:
Test (ubuntu-latest)	UNKNOWN STEP	2026-09-29T12:17:58.4185951Z   CARGO_TERM_COLOR: always
Test (ubuntu-latest)	UNKNOWN STEP	2026-09-29T12:17:58.4186561Z   GO_MODULES: packages/saksi-protocol/go
Test (ubuntu-latest)	UNKNOWN STEP	packages/saksi-bulletin/chaincode
Test (ubuntu-latest)	UNKNOWN STEP	packages/saksi-bulletin/client-sdk
Test (ubuntu-latest)	UNKNOWN STEP	packages/saksi-campaign
Test (ubuntu-latest)	UNKNOWN STEP	
Test (ubuntu-latest)	UNKNOWN STEP	2026-09-29T12:17:58.4187175Z   GOFLAGS: -mod=mod
Test (ubuntu-latest)	UNKNOWN STEP	2026-09-29T12:17:58.4187401Z   CARGO_INCREMENTAL: 0
Test (ubuntu-latest)	UNKNOWN STEP	2026-09-29T12:17:58.4187636Z   CARGO_PROFILE_DEV_DEBUG: 0
Test (ubuntu-latest)	UNKNOWN STEP	2026-09-29T12:17:58.4187887Z   RUST_BACKTRACE: short
Test (ubuntu-latest)	UNKNOWN STEP	2026-09-29T12:17:58.4188124Z   RUSTFLAGS: -D warnings
Test (ubuntu-latest)	UNKNOWN STEP	2026-09-29T12:17:58.4188398Z   CARGO_UNSTABLE_SPARSE_REGISTRY: true
Test (ubuntu-latest)	UNKNOWN STEP	2026-09-29T12:17:58.4188924Z   CARGO_REGISTRIES_CRATES_IO_PROTOCOL: sparse
Test (ubuntu-latest)	UNKNOWN STEP	2026-09-29T12:17:58.4189222Z ##[endgroup]
Test (ubuntu-latest)	UNKNOWN STEP	2026-09-29T12:17:58.7027054Z (node:2342) [DEP0040] DeprecationWarning: The `punycode` module is deprecated. Please use a userland alternative instead.
Test (ubuntu-latest)	UNKNOWN STEP	2026-09-29T12:17:58.7029080Z (Use `node --trace-deprecation ...` to show where the warning was created)
Test (ubuntu-latest)	UNKNOWN STEP	2026-09-29T12:17:59.0189414Z ##[group]Cache Configuration
Test (ubuntu-latest)	UNKNOWN STEP	2026-09-29T12:17:59.0190188Z Cache Provider:
Test (ubuntu-latest)	UNKNOWN STEP	2026-09-29T12:17:59.0190622Z     github
Test (ubuntu-latest)	UNKNOWN STEP	2026-09-29T12:17:59.0191007Z Workspaces:
Test (ubuntu-latest)	UNKNOWN STEP	2026-09-29T12:17:59.0191474Z     /home/runner/work/saksi/saksi
Test (ubuntu-latest)	UNKNOWN STEP	2026-09-29T12:17:59.0192002Z Cache Paths:
Test (ubuntu-latest)	UNKNOWN STEP	2026-09-29T12:17:59.0192459Z     /home/runner/.cargo/bin
Test (ubuntu-latest)	UNKNOWN STEP	2026-09-29T12:17:59.0192952Z     /home/runner/.cargo/.crates.toml
Test (ubuntu-latest)	UNKNOWN STEP	2026-09-29T12:17:59.0193480Z     /home/runner/.cargo/.crates2.json
Test (ubuntu-latest)	UNKNOWN STEP	2026-09-29T12:17:59.0193992Z     /home/runner/.cargo/registry
Test (ubuntu-latest)	UNKNOWN STEP	2026-09-29T12:17:59.0194510Z     /home/runner/.cargo/git
Test (ubuntu-latest)	UNKNOWN STEP	2026-09-29T12:17:59.0195036Z     /home/runner/work/saksi/saksi/target
Test (ubuntu-latest)	UNKNOWN STEP	2026-09-29T12:17:59.0195787Z Restore Key:
Test (ubuntu-latest)	UNKNOWN STEP	2026-09-29T12:17:59.0196254Z     v0-rust-test-Linux-x64-09ed3713
Test (ubuntu-latest)	UNKNOWN STEP	2026-09-29T12:17:59.0196949Z Cache Key:
Test (ubuntu-latest)	UNKNOWN STEP	2026-09-29T12:17:59.0197331Z     v0-rust-test-Linux-x64-09ed3713-0f869fc1
Test (ubuntu-latest)	UNKNOWN STEP	2026-09-29T12:17:59.0197632Z .. Prefix:
Test (ubuntu-latest)	UNKNOWN STEP	2026-09-29T12:17:59.0197913Z   - v0-rust-test-Linux-x64
Test (ubuntu-latest)	UNKNOWN STEP	2026-09-29T12:17:59.0198187Z .. Environment considered:
Test (ubuntu-latest)	UNKNOWN STEP	2026-09-29T12:17:59.0198438Z   - Rust Versions:
Test (ubuntu-latest)	UNKNOWN STEP	2026-09-29T12:17:59.0198801Z     - 1.98.1 x86_64-unknown-linux-gnu 48a229ceaefd4985c50990b14116b6d856af0985
Test (ubuntu-latest)	UNKNOWN STEP	2026-09-29T12:17:59.0199298Z     - 1.98.1 x86_64-unknown-linux-gnu 48a229ceaefd4985c50990b14116b6d856af0985
Test (ubuntu-latest)	UNKNOWN STEP	2026-09-29T12:17:59.0199678Z   - CARGO_INCREMENTAL
Test (ubuntu-latest)	UNKNOWN STEP	2026-09-29T12:17:59.0199929Z   - CARGO_PROFILE_DEV_DEBUG
Test (ubuntu-latest)	UNKNOWN STEP	2026-09-29T12:17:59.0200200Z   - CARGO_REGISTRIES_CRATES_IO_PROTOCOL
Test (ubuntu-latest)	UNKNOWN STEP	2026-09-29T12:17:59.0200487Z   - CARGO_TERM_COLOR
Test (ubuntu-latest)	UNKNOWN STEP	2026-09-29T12:17:59.0200733Z   - CARGO_UNSTABLE_SPARSE_REGISTRY
Test (ubuntu-latest)	UNKNOWN STEP	2026-09-29T12:17:59.0201002Z   - RUST_BACKTRACE
Test (ubuntu-latest)	UNKNOWN STEP	2026-09-29T12:17:59.0201253Z   - RUSTFLAGS
Test (ubuntu-latest)	UNKNOWN STEP	2026-09-29T12:17:59.0201530Z .. Lockfiles considered:
Test (ubuntu-latest)	UNKNOWN STEP	2026-09-29T12:17:59.0201868Z   - /home/runner/work/saksi/saksi/Cargo.lock
Test (ubuntu-latest)	UNKNOWN STEP	2026-09-29T12:17:59.0202268Z   - /home/runner/work/saksi/saksi/packages/saksi-auditor/Cargo.toml
Test (ubuntu-latest)	UNKNOWN STEP	2026-09-29T12:17:59.0202792Z   - /home/runner/work/saksi/saksi/packages/saksi-credentials/Cargo.toml
Test (ubuntu-latest)	UNKNOWN STEP	2026-09-29T12:17:59.0203275Z   - /home/runner/work/saksi/saksi/packages/saksi-crypto/Cargo.toml
Test (ubuntu-latest)	UNKNOWN STEP	2026-09-29T12:17:59.0203715Z   - /home/runner/work/saksi/saksi/packages/saksi-demo/Cargo.toml
Test (ubuntu-latest)	UNKNOWN STEP	2026-09-29T12:17:59.0204169Z   - /home/runner/work/saksi/saksi/packages/saksi-ffi-flutter/Cargo.toml
Test (ubuntu-latest)	UNKNOWN STEP	2026-09-29T12:17:59.0204732Z   - /home/runner/work/saksi/saksi/packages/saksi-ffi-tauri/Cargo.toml
Test (ubuntu-latest)	UNKNOWN STEP	2026-09-29T12:17:59.0205641Z   - /home/runner/work/saksi/saksi/packages/saksi-protocol/rust/Cargo.toml
Test (ubuntu-latest)	UNKNOWN STEP	2026-09-29T12:17:59.0206634Z   - /home/runner/work/saksi/saksi/rust-toolchain.toml
Test (ubuntu-latest)	UNKNOWN STEP	2026-09-29T12:17:59.0207305Z ##[endgroup]
Test (ubuntu-latest)	UNKNOWN STEP	2026-09-29T12:17:59.0207446Z 
Test (ubuntu-latest)	UNKNOWN STEP	2026-09-29T12:17:59.0207564Z ... Restoring cache ...
Test (ubuntu-latest)	UNKNOWN STEP	2026-09-29T12:17:59.1946493Z Cache hit for: v0-rust-test-Linux-x64-09ed3713-0f869fc1
Test (ubuntu-latest)	UNKNOWN STEP	2026-09-29T12:17:59.4962259Z Received 1627 of 1627 (100.0%), 0.0 MBs/sec
Test (ubuntu-latest)	UNKNOWN STEP	2026-09-29T12:17:59.4963162Z Cache Size: ~0 MB (1627 B)
Test (ubuntu-latest)	UNKNOWN STEP	2026-09-29T12:17:59.4990090Z [command]/usr/bin/tar -xf /home/runner/work/_temp/ac098b8a-de36-419e-adce-b4fe0850dad8/cache.tzst -P -C /home/runner/work/saksi/saksi --use-compress-program unzstd
Test (ubuntu-latest)	UNKNOWN STEP	2026-09-29T12:17:59.5066096Z Cache restored successfully
Test (ubuntu-latest)	UNKNOWN STEP	2026-09-29T12:17:59.5069559Z Restored from cache key "v0-rust-test-Linux-x64-09ed3713-0f869fc1" full match: true.
Test (ubuntu-latest)	UNKNOWN STEP	2026-09-29T12:17:59.5203500Z ##[end-action id=__actions-rust-lang_setup-rust-toolchain.__Swatinem_rust-cache;outcome=success;conclusion=success;duration_ms=1109]
Test (ubuntu-latest)	UNKNOWN STEP	2026-09-29T12:17:59.5323353Z ##[group]Run Swatinem/rust-cache@v2
Test (ubuntu-latest)	UNKNOWN STEP	2026-09-29T12:17:59.5323639Z with:
Test (ubuntu-latest)	UNKNOWN STEP	2026-09-29T12:17:59.5323854Z   prefix-key: v0-rust
Test (ubuntu-latest)	UNKNOWN STEP	2026-09-29T12:17:59.5324093Z   add-job-id-key: true
Test (ubuntu-latest)	UNKNOWN STEP	2026-09-29T12:17:59.5324346Z   add-rust-environment-hash-key: true
Test (ubuntu-latest)	UNKNOWN STEP	2026-09-29T12:17:59.5324811Z   cache-targets: true
Test (ubuntu-latest)	UNKNOWN STEP	2026-09-29T12:17:59.5325285Z   cache-all-crates: false
Test (ubuntu-latest)	UNKNOWN STEP	2026-09-29T12:17:59.5325601Z   cache-workspace-crates: false
Test (ubuntu-latest)	UNKNOWN STEP	2026-09-29T12:17:59.5325856Z   save-if: true
Test (ubuntu-latest)	UNKNOWN STEP	2026-09-29T12:17:59.5326073Z   cache-provider: github
Test (ubuntu-latest)	UNKNOWN STEP	2026-09-29T12:17:59.5326321Z   cache-bin: true
Test (ubuntu-latest)	UNKNOWN STEP	2026-09-29T12:17:59.5326549Z   lookup-only: false
Test (ubuntu-latest)	UNKNOWN STEP	2026-09-29T12:17:59.5326778Z   cmd-format: {0}
Test (ubuntu-latest)	UNKNOWN STEP	2026-09-29T12:17:59.5326984Z env:
Test (ubuntu-latest)	UNKNOWN STEP	2026-09-29T12:17:59.5327190Z   CARGO_TERM_COLOR: always
Test (ubuntu-latest)	UNKNOWN STEP	2026-09-29T12:17:59.5327793Z   GO_MODULES: packages/saksi-protocol/go
Test (ubuntu-latest)	UNKNOWN STEP	packages/saksi-bulletin/chaincode
Test (ubuntu-latest)	UNKNOWN STEP	packages/saksi-bulletin/client-sdk
Test (ubuntu-latest)	UNKNOWN STEP	packages/saksi-campaign
Test (ubuntu-latest)	UNKNOWN STEP	
Test (ubuntu-latest)	UNKNOWN STEP	2026-09-29T12:17:59.5328432Z   GOFLAGS: -mod=mod
Test (ubuntu-latest)	UNKNOWN STEP	2026-09-29T12:17:59.5328715Z   CARGO_INCREMENTAL: 0
Test (ubuntu-latest)	UNKNOWN STEP	2026-09-29T12:17:59.5328959Z   CARGO_PROFILE_DEV_DEBUG: 0
Test (ubuntu-latest)	UNKNOWN STEP	2026-09-29T12:17:59.5329213Z   RUST_BACKTRACE: short
Test (ubuntu-latest)	UNKNOWN STEP	2026-09-29T12:17:59.5329453Z   RUSTFLAGS: -D warnings
Test (ubuntu-latest)	UNKNOWN STEP	2026-09-29T12:17:59.5329720Z   CARGO_UNSTABLE_SPARSE_REGISTRY: true
Test (ubuntu-latest)	UNKNOWN STEP	2026-09-29T12:17:59.5330033Z   CARGO_REGISTRIES_CRATES_IO_PROTOCOL: sparse
Test (ubuntu-latest)	UNKNOWN STEP	2026-09-29T12:17:59.5330337Z   CACHE_ON_FAILURE: true
Test (ubuntu-latest)	UNKNOWN STEP	2026-09-29T12:17:59.5330565Z ##[endgroup]
Test (ubuntu-latest)	UNKNOWN STEP	2026-09-29T12:17:59.8664125Z ##[group]Cache Configuration
Test (ubuntu-latest)	UNKNOWN STEP	2026-09-29T12:17:59.8664568Z Cache Provider:
Test (ubuntu-latest)	UNKNOWN STEP	2026-09-29T12:17:59.8664808Z     github
Test (ubuntu-latest)	UNKNOWN STEP	2026-09-29T12:17:59.8665393Z Workspaces:
Test (ubuntu-latest)	UNKNOWN STEP	2026-09-29T12:17:59.8665783Z     /home/runner/work/saksi/saksi
Test (ubuntu-latest)	UNKNOWN STEP	2026-09-29T12:17:59.8666310Z Cache Paths:
Test (ubuntu-latest)	UNKNOWN STEP	2026-09-29T12:17:59.8666723Z     /home/runner/.cargo/bin
Test (ubuntu-latest)	UNKNOWN STEP	2026-09-29T12:17:59.8667210Z     /home/runner/.cargo/.crates.toml
Test (ubuntu-latest)	UNKNOWN STEP	2026-09-29T12:17:59.8667764Z     /home/runner/.cargo/.crates2.json
Test (ubuntu-latest)	UNKNOWN STEP	2026-09-29T12:17:59.8668289Z     /home/runner/.cargo/registry
Test (ubuntu-latest)	UNKNOWN STEP	2026-09-29T12:17:59.8669069Z     /home/runner/.cargo/git
Test (ubuntu-latest)	UNKNOWN STEP	2026-09-29T12:17:59.8669422Z     /home/runner/work/saksi/saksi/target
Test (ubuntu-latest)	UNKNOWN STEP	2026-09-29T12:17:59.8669717Z Restore Key:
Test (ubuntu-latest)	UNKNOWN STEP	2026-09-29T12:17:59.8669959Z     v0-rust-test-Linux-x64-946d4161
Test (ubuntu-latest)	UNKNOWN STEP	2026-09-29T12:17:59.8670248Z Cache Key:
Test (ubuntu-latest)	UNKNOWN STEP	2026-09-29T12:17:59.8670489Z     v0-rust-test-Linux-x64-946d4161-0f869fc1
Test (ubuntu-latest)	UNKNOWN STEP	2026-09-29T12:17:59.8670801Z .. Prefix:
Test (ubuntu-latest)	UNKNOWN STEP	2026-09-29T12:17:59.8671050Z   - v0-rust-test-Linux-x64
Test (ubuntu-latest)	UNKNOWN STEP	2026-09-29T12:17:59.8671329Z .. Environment considered:
Test (ubuntu-latest)	UNKNOWN STEP	2026-09-29T12:17:59.8671577Z   - Rust Versions:
Test (ubuntu-latest)	UNKNOWN STEP	2026-09-29T12:17:59.8671926Z     - 1.98.1 x86_64-unknown-linux-gnu 48a229ceaefd4985c50990b14116b6d856af0985
Test (ubuntu-latest)	UNKNOWN STEP	2026-09-29T12:17:59.8672329Z   - CARGO_INCREMENTAL
Test (ubuntu-latest)	UNKNOWN STEP	2026-09-29T12:17:59.8672640Z   - CARGO_PROFILE_DEV_DEBUG
Test (ubuntu-latest)	UNKNOWN STEP	2026-09-29T12:17:59.8673059Z   - CARGO_REGISTRIES_CRATES_IO_PROTOCOL
Test (ubuntu-latest)	UNKNOWN STEP	2026-09-29T12:17:59.8673374Z   - CARGO_TERM_COLOR
Test (ubuntu-latest)	UNKNOWN STEP	2026-09-29T12:17:59.8673631Z   - CARGO_UNSTABLE_SPARSE_REGISTRY
Test (ubuntu-latest)	UNKNOWN STEP	2026-09-29T12:17:59.8673911Z   - RUST_BACKTRACE
Test (ubuntu-latest)	UNKNOWN STEP	2026-09-29T12:17:59.8674157Z   - RUSTFLAGS
Test (ubuntu-latest)	UNKNOWN STEP	2026-09-29T12:17:59.8674383Z .. Lockfiles considered:
Test (ubuntu-latest)	UNKNOWN STEP	2026-09-29T12:17:59.8674665Z   - /home/runner/work/saksi/saksi/Cargo.lock
Test (ubuntu-latest)	UNKNOWN STEP	2026-09-29T12:17:59.8675194Z   - /home/runner/work/saksi/saksi/packages/saksi-auditor/Cargo.toml
Test (ubuntu-latest)	UNKNOWN STEP	2026-09-29T12:17:59.8675687Z   - /home/runner/work/saksi/saksi/packages/saksi-credentials/Cargo.toml
Test (ubuntu-latest)	UNKNOWN STEP	2026-09-29T12:17:59.8676158Z   - /home/runner/work/saksi/saksi/packages/saksi-crypto/Cargo.toml
Test (ubuntu-latest)	UNKNOWN STEP	2026-09-29T12:17:59.8676587Z   - /home/runner/work/saksi/saksi/packages/saksi-demo/Cargo.toml
Test (ubuntu-latest)	UNKNOWN STEP	2026-09-29T12:17:59.8677034Z   - /home/runner/work/saksi/saksi/packages/saksi-ffi-flutter/Cargo.toml
Test (ubuntu-latest)	UNKNOWN STEP	2026-09-29T12:17:59.8677494Z   - /home/runner/work/saksi/saksi/packages/saksi-ffi-tauri/Cargo.toml
Test (ubuntu-latest)	UNKNOWN STEP	2026-09-29T12:17:59.8677963Z   - /home/runner/work/saksi/saksi/packages/saksi-protocol/rust/Cargo.toml
Test (ubuntu-latest)	UNKNOWN STEP	2026-09-29T12:17:59.8678399Z   - /home/runner/work/saksi/saksi/rust-toolchain.toml
Test (ubuntu-latest)	UNKNOWN STEP	2026-09-29T12:17:59.8678918Z ##[endgroup]
Test (ubuntu-latest)	UNKNOWN STEP	2026-09-29T12:17:59.8679042Z 
Test (ubuntu-latest)	UNKNOWN STEP	2026-09-29T12:17:59.8679150Z ... Restoring cache ...
Test (ubuntu-latest)	UNKNOWN STEP	2026-09-29T12:18:00.0362872Z Cache hit for: v0-rust-test-Linux-x64-946d4161-0f869fc1
Test (ubuntu-latest)	UNKNOWN STEP	2026-09-29T12:18:01.1733665Z Received 62914560 of 172742828 (36.4%), 59.9 MBs/sec
Test (ubuntu-latest)	UNKNOWN STEP	2026-09-29T12:18:02.1741645Z Received 164354220 of 172742828 (95.1%), 78.3 MBs/sec
Test (ubuntu-latest)	UNKNOWN STEP	2026-09-29T12:18:02.1985806Z Received 172742828 of 172742828 (100.0%), 81.3 MBs/sec
Test (ubuntu-latest)	UNKNOWN STEP	2026-09-29T12:18:02.1986899Z Cache Size: ~165 MB (172742828 B)
Test (ubuntu-latest)	UNKNOWN STEP	2026-09-29T12:18:02.2054976Z [command]/usr/bin/tar -xf /home/runner/work/_temp/2e277a8b-5b38-4032-95be-ee94ff8cceaa/cache.tzst -P -C /home/runner/work/saksi/saksi --use-compress-program unzstd
Test (ubuntu-latest)	UNKNOWN STEP	2026-09-29T12:18:03.0494116Z Cache restored successfully
Test (ubuntu-latest)	UNKNOWN STEP	2026-09-29T12:18:03.0575896Z Restored from cache key "v0-rust-test-Linux-x64-946d4161-0f869fc1" full match: true.
Test (ubuntu-latest)	UNKNOWN STEP	2026-09-29T12:18:03.0728922Z ##[group]Run cargo test --workspace
Test (ubuntu-latest)	UNKNOWN STEP	2026-09-29T12:18:03.0729543Z ^[[36;1mcargo test --workspace^[[0m
Test (ubuntu-latest)	UNKNOWN STEP	2026-09-29T12:18:03.0799350Z shell: /usr/bin/bash -e {0}
Test (ubuntu-latest)	UNKNOWN STEP	2026-09-29T12:18:03.0799630Z env:
Test (ubuntu-latest)	UNKNOWN STEP	2026-09-29T12:18:03.0799860Z   CARGO_TERM_COLOR: always
Test (ubuntu-latest)	UNKNOWN STEP	2026-09-29T12:18:03.0800480Z   GO_MODULES: packages/saksi-protocol/go
Test (ubuntu-latest)	UNKNOWN STEP	packages/saksi-bulletin/chaincode
Test (ubuntu-latest)	UNKNOWN STEP	packages/saksi-bulletin/client-sdk
Test (ubuntu-latest)	UNKNOWN STEP	packages/saksi-campaign
Test (ubuntu-latest)	UNKNOWN STEP	
Test (ubuntu-latest)	UNKNOWN STEP	2026-09-29T12:18:03.0801102Z   GOFLAGS: -mod=mod
Test (ubuntu-latest)	UNKNOWN STEP	2026-09-29T12:18:03.0801339Z   CARGO_INCREMENTAL: 0
Test (ubuntu-latest)	UNKNOWN STEP	2026-09-29T12:18:03.0801594Z   CARGO_PROFILE_DEV_DEBUG: 0
Test (ubuntu-latest)	UNKNOWN STEP	2026-09-29T12:18:03.0801900Z   RUST_BACKTRACE: short
Test (ubuntu-latest)	UNKNOWN STEP	2026-09-29T12:18:03.0802150Z   RUSTFLAGS: -D warnings
Test (ubuntu-latest)	UNKNOWN STEP	2026-09-29T12:18:03.0802415Z   CARGO_UNSTABLE_SPARSE_REGISTRY: true
Test (ubuntu-latest)	UNKNOWN STEP	2026-09-29T12:18:03.0802751Z   CARGO_REGISTRIES_CRATES_IO_PROTOCOL: sparse
Test (ubuntu-latest)	UNKNOWN STEP	2026-09-29T12:18:03.0803061Z   CACHE_ON_FAILURE: false
Test (ubuntu-latest)	UNKNOWN STEP	2026-09-29T12:18:03.0803313Z ##[endgroup]
Test (ubuntu-latest)	UNKNOWN STEP	2026-09-29T12:18:03.1828427Z ^[[1m^[[92m    Updating^[[0m crates.io index
Test (ubuntu-latest)	UNKNOWN STEP	2026-09-29T12:18:04.2272324Z ^[[1m^[[92m   Compiling^[[0m saksi-protocol v0.0.0 (/home/runner/work/saksi/saksi/packages/saksi-protocol/rust)
Test (ubuntu-latest)	UNKNOWN STEP	2026-09-29T12:18:04.9682866Z ^[[1m^[[92m   Compiling^[[0m saksi-crypto v0.0.0 (/home/runner/work/saksi/saksi/packages/saksi-crypto)
Test (ubuntu-latest)	UNKNOWN STEP	2026-09-29T12:18:05.1791546Z ^[[1m^[[92m   Compiling^[[0m saksi-credentials v0.0.0 (/home/runner/work/saksi/saksi/packages/saksi-credentials)
Test (ubuntu-latest)	UNKNOWN STEP	2026-09-29T12:18:05.2640894Z ^[[1m^[[92m   Compiling^[[0m saksi-auditor v0.0.0 (/home/runner/work/saksi/saksi/packages/saksi-auditor)
Test (ubuntu-latest)	UNKNOWN STEP	2026-09-29T12:18:05.2803045Z ^[[1m^[[92m   Compiling^[[0m saksi-ffi-tauri v0.0.0 (/home/runner/work/saksi/saksi/packages/saksi-ffi-tauri)
Test (ubuntu-latest)	UNKNOWN STEP	2026-09-29T12:18:05.3197765Z ^[[1m^[[92m   Compiling^[[0m saksi-ffi-flutter v0.0.0 (/home/runner/work/saksi/saksi/packages/saksi-ffi-flutter)
Test (ubuntu-latest)	UNKNOWN STEP	2026-09-29T12:18:06.9121677Z ^[[1m^[[92m   Compiling^[[0m saksi-demo v0.0.0 (/home/runner/work/saksi/saksi/packages/saksi-demo)
Test (ubuntu-latest)	UNKNOWN STEP	2026-09-29T12:18:07.7228468Z ^[[1m^[[92m    Finished^[[0m `test` profile [unoptimized] target(s) in 4.60s
Test (ubuntu-latest)	UNKNOWN STEP	2026-09-29T12:18:07.7350094Z ^[[1m^[[92m     Running^[[0m unittests src/lib.rs (target/debug/deps/saksi_auditor-d0f19eab572f7b3e)
Test (ubuntu-latest)	UNKNOWN STEP	2026-09-29T12:18:07.7362380Z 
Test (ubuntu-latest)	UNKNOWN STEP	2026-09-29T12:18:07.7362556Z running 120 tests
Test (ubuntu-latest)	UNKNOWN STEP	2026-09-29T12:18:07.7385519Z test demo::tests::audit_threads_accepts_only_a_positive_integer ... ok
Test (ubuntu-latest)	UNKNOWN STEP	2026-09-29T12:18:07.7836277Z test demo::tests::audit_stream_dir_flags_tampered_ground_truth ... ok
Test (ubuntu-latest)	UNKNOWN STEP	2026-09-29T12:18:07.8047346Z test demo::tests::forged_self_issued_ballot_passes_the_chain_checks_and_fails_issuer_binding ... ok
Test (ubuntu-latest)	UNKNOWN STEP	2026-09-29T12:18:07.8153428Z test demo::tests::gate_rejects_broken_voter_id_repetition ... ok
Test (ubuntu-latest)	UNKNOWN STEP	2026-09-29T12:18:07.8336170Z test demo::tests::gate_rejects_duplicated_nullifier ... ok
Test (ubuntu-latest)	UNKNOWN STEP	2026-09-29T12:18:07.8456565Z test demo::tests::gate_rejects_out_of_range_selection ... ok
Test (ubuntu-latest)	UNKNOWN STEP	2026-09-29T12:18:07.8485775Z test demo::tests::gate_rejects_threshold_above_trustees ... ok
Test (ubuntu-latest)	UNKNOWN STEP	2026-09-29T12:18:07.8566214Z test demo::tests::gate_rejects_tampered_ground_truth ... ok
Test (ubuntu-latest)	UNKNOWN STEP	2026-09-29T12:18:07.8630675Z test demo::tests::audit_scores_e0_accuracy_against_ground_truth ... ok
Test (ubuntu-latest)	UNKNOWN STEP	2026-09-29T12:18:07.8636154Z test demo::tests::audit_stream_dir_reports_zero_error_on_clean_run ... ok
Test (ubuntu-latest)	UNKNOWN STEP	2026-09-29T12:18:07.8987796Z test demo::tests::generated_bundle_audits_clean ... ok
Test (ubuntu-latest)	UNKNOWN STEP	2026-09-29T12:18:07.9299822Z test demo::tests::overvote_ballot_passes_cds_and_fails_selection_sum ... ok
Test (ubuntu-latest)	UNKNOWN STEP	2026-09-29T12:18:07.9301253Z test demo::tests::params_entry_generates_and_audits_for_4_of_7 ... ok
Test (ubuntu-latest)	UNKNOWN STEP	2026-09-29T12:18:07.9795927Z test demo::tests::multi_position_bundle_generates_validates_and_audits ... ok
Test (ubuntu-latest)	UNKNOWN STEP	2026-09-29T12:18:07.9825969Z test fixtures::realistic_profile_tests::a_single_candidate_contest_is_still_trivially_valid ... ok
Test (ubuntu-latest)	UNKNOWN STEP	2026-09-29T12:18:07.9917139Z test fixtures::dkg_randomness_tests::every_generated_election_gets_a_fresh_dkg ... ok
Test (ubuntu-latest)	UNKNOWN STEP	2026-09-29T12:18:07.9936318Z test fixtures::realistic_profile_tests::existing_profiles_are_untouched ... ok
Test (ubuntu-latest)	UNKNOWN STEP	2026-09-29T12:18:08.0455571Z test demo::tests::tampered_ground_truth_fails_e0 ... ok
Test (ubuntu-latest)	UNKNOWN STEP	2026-09-29T12:18:08.0472113Z test fixtures::realistic_profile_tests::positions_usually_differ_but_it_is_not_guaranteed ... ok
Test (ubuntu-latest)	UNKNOWN STEP	2026-09-29T12:18:08.0536015Z test fixtures::realistic_profile_tests::the_plan_realizes_its_quotas_exactly ... ok
Test (ubuntu-latest)	UNKNOWN STEP	2026-09-29T12:18:08.0606092Z test demo::tests::skewed_distribution_generates_validates_and_audits ... ok
Test (ubuntu-latest)	UNKNOWN STEP	2026-09-29T12:18:08.1037846Z test fixtures::tally_selection_tests::ground_truth_is_independent_of_the_ciphertext_loop ... ok
Test (ubuntu-latest)	UNKNOWN STEP	2026-09-29T12:18:08.1372447Z test fixtures::tally_selection_tests::parameterized_fixture_honors_trustees_and_name ... ok
Test (ubuntu-latest)	UNKNOWN STEP	2026-09-29T12:18:08.1416191Z test fixtures::tally_selection_tests::tally_selections_sums_into_position_qualified_slots ... ok
Test (ubuntu-latest)	UNKNOWN STEP	2026-09-29T12:18:08.1500931Z test fixtures::tally_signature_vector::derived_verification_keys_equal_share_publics ... ok
Test (ubuntu-latest)	UNKNOWN STEP	2026-09-29T12:18:08.1507054Z test fixtures::tally_signature_vector::tally_sig_context_is_domain_election_id_and_le_totals ... ok
Test (ubuntu-latest)	UNKNOWN STEP	2026-09-29T12:18:08.1716089Z test fixtures::tally_signature_vector::tally_signature_golden_vector ... ok
Test (ubuntu-latest)	UNKNOWN STEP	2026-09-29T12:18:08.1775636Z test ground_truth::tests::ballots_csv_is_wide_one_row_per_voter ... ok
Test (ubuntu-latest)	UNKNOWN STEP	2026-09-29T12:18:08.1776597Z test ground_truth::tests::positions_beyond_three_get_generic_labels ... ok
Test (ubuntu-latest)	UNKNOWN STEP	2026-09-29T12:18:08.1805832Z test ground_truth::tests::single_position_run_has_one_selection_column ... ok
Test (ubuntu-latest)	UNKNOWN STEP	2026-09-29T12:18:08.1806848Z test ground_truth::tests::summary_matches_tally_selections_for_both_profiles ... ok
Test (ubuntu-latest)	UNKNOWN STEP	2026-09-29T12:18:08.2205604Z test independent_verification::dropped_ballot_detected ... ok
Test (ubuntu-latest)	UNKNOWN STEP	2026-09-29T12:18:08.2766223Z test independent_verification::public_record_verification_reproduces_and_accepts ... ok
Test (ubuntu-latest)	UNKNOWN STEP	2026-09-29T12:18:08.3516371Z test independent_verification::reordered_ballots_pass_audit_with_identical_tally ... ok
Test (ubuntu-latest)	UNKNOWN STEP	2026-09-29T12:18:08.4076250Z test independent_verification::tamper_ballot_proof_detected ... ok
Test (ubuntu-latest)	UNKNOWN STEP	2026-09-29T12:18:08.4376225Z test independent_verification::tamper_dkg_transcript_detected ... ok
Test (ubuntu-latest)	UNKNOWN STEP	2026-09-29T12:18:08.4966738Z test independent_verification::tamper_partial_decryption_detected ... ok
Test (ubuntu-latest)	UNKNOWN STEP	2026-09-29T12:18:08.5616163Z test independent_verification::tamper_tally_total_detected ... ok
Test (ubuntu-latest)	UNKNOWN STEP	2026-09-29T12:18:08.5886044Z test ledger::tests::ledger_digest_is_order_dependent ... ok
Test (ubuntu-latest)	UNKNOWN STEP	2026-09-29T12:18:08.6846508Z test security_privacy::malicious_admin_altering_a_contest_id_is_detected ... ok
Test (ubuntu-latest)	UNKNOWN STEP	2026-09-29T12:18:08.7997741Z test security_privacy::malicious_bb_node_dropping_a_committed_ballot_is_detected ... ok
Test (ubuntu-latest)	UNKNOWN STEP	2026-09-29T12:18:08.8816640Z test security_privacy::malicious_bb_node_reordering_ballots_is_not_detected_and_leaves_the_tally_unchanged ... ok
Test (ubuntu-latest)	UNKNOWN STEP	2026-09-29T12:18:08.9035940Z test security_privacy::on_chain_ballot_record_carries_no_voter_identity ... ok
Test (ubuntu-latest)	UNKNOWN STEP	2026-09-29T12:18:08.9486340Z test security_privacy::only_the_aggregate_is_decrypted_never_an_individual_ballot ... ok
Test (ubuntu-latest)	UNKNOWN STEP	2026-09-29T12:18:08.9695824Z test security_privacy::privacy_linkage_attempt_fails_over_the_anonymity_set ... ok
Test (ubuntu-latest)	UNKNOWN STEP	2026-09-29T12:18:09.0308354Z test security_privacy::sub_threshold_decryption_fails_but_full_threshold_succeeds ... ok
Test (ubuntu-latest)	UNKNOWN STEP	2026-09-29T12:18:09.0656563Z test stream::tests::a_corrupt_ballot_line_fails_the_stream_audit ... ok
Test (ubuntu-latest)	UNKNOWN STEP	2026-09-29T12:18:09.0811925Z test stream::tests::a_corrupt_line_is_reported_even_when_the_dkg_cannot_be_rebuilt ... ok
Test (ubuntu-latest)	UNKNOWN STEP	2026-09-29T12:18:09.1189246Z test stream::tests::a_line_over_the_cap_reports_the_lines_it_never_audited ... ok
Test (ubuntu-latest)	UNKNOWN STEP	2026-09-29T12:18:09.1406239Z test stream::tests::ballot_lines_names_the_corrupt_line ... ok
Test (ubuntu-latest)	UNKNOWN STEP	2026-09-29T12:18:09.1425875Z test stream::tests::ballot_lines_refuses_a_line_over_the_cap ... ok
Test (ubuntu-latest)	UNKNOWN STEP	2026-09-29T12:18:09.9496443Z test fixtures::realistic_profile_tests::quotas_sum_to_exactly_the_electorate ... ok
Test (ubuntu-latest)	UNKNOWN STEP	2026-09-29T12:18:10.0774622Z test fixtures::realistic_profile_tests::there_is_always_a_clear_winner ... ok
Test (ubuntu-latest)	UNKNOWN STEP	2026-09-29T12:18:10.0941713Z test stream::tests::gate_rejects_a_corrupt_hex_line ... ok
Test (ubuntu-latest)	UNKNOWN STEP	2026-09-29T12:18:10.1306313Z test stream::tests::gate_rejects_a_truncated_ballot_stream ... ok
Test (ubuntu-latest)	UNKNOWN STEP	2026-09-29T12:18:10.1553401Z test fixtures::realistic_profile_tests::counts_strictly_decrease_once_the_electorate_can_afford_it ... ok
Test (ubuntu-latest)	UNKNOWN STEP	2026-09-29T12:18:10.1557104Z test stream::tests::header_without_display_fields_still_parses_v1_compat ... ok
Test (ubuntu-latest)	UNKNOWN STEP	2026-09-29T12:18:10.1568299Z test stream::tests::pinned_fixture_parses_with_the_same_reader ... ok
Test (ubuntu-latest)	UNKNOWN STEP	2026-09-29T12:18:10.1726006Z test stream::tests::gen_timings_sidecar_has_every_key ... ok
Test (ubuntu-latest)	UNKNOWN STEP	2026-09-29T12:18:10.2006250Z test stream::tests::stream_round_trips_and_passes_the_gate ... ok
Test (ubuntu-latest)	UNKNOWN STEP	2026-09-29T12:18:10.2126119Z test stream::tests::stream_params_entry_gates_then_writes_a_verifiable_stream ... ok
Test (ubuntu-latest)	UNKNOWN STEP	2026-09-29T12:18:10.2184375Z test stream::tests::the_chunk_gate_rejects_a_ballot_with_no_nullifier ... ok
Test (ubuntu-latest)	UNKNOWN STEP	2026-09-29T12:18:10.2446000Z test stream::tests::the_chunk_gate_rejects_a_ballot_with_the_wrong_ciphertext_count ... ok
Test (ubuntu-latest)	UNKNOWN STEP	2026-09-29T12:18:10.2616074Z test stream::tests::the_chunk_gate_rejects_a_replayed_nullifier ... ok
Test (ubuntu-latest)	UNKNOWN STEP	2026-09-29T12:18:10.2644041Z test stream::tests::every_chunk_boundary_audits_clean ... ok
Test (ubuntu-latest)	UNKNOWN STEP	2026-09-29T12:18:10.2886453Z test stream::tests::the_chunk_gate_rejects_a_voter_with_the_wrong_record_count ... ok
Test (ubuntu-latest)	UNKNOWN STEP	2026-09-29T12:18:10.2975814Z test stream::tests::the_whole_run_gate_rejects_a_position_that_lost_a_vote ... ok
Test (ubuntu-latest)	UNKNOWN STEP	2026-09-29T12:18:10.3005711Z test stream::tests::the_whole_run_gate_rejects_a_short_stream ... ok
Test (ubuntu-latest)	UNKNOWN STEP	2026-09-29T12:18:10.3026303Z test stream::tests::writing_is_atomic_leaving_no_tmp_files_behind ... ok
Test (ubuntu-latest)	UNKNOWN STEP	2026-09-29T12:18:10.3066305Z test stream::tests::the_chunked_header_round_trips_through_read_header ... ok
Test (ubuntu-latest)	UNKNOWN STEP	2026-09-29T12:18:10.3106287Z test tally::decode_tests::decode_tally_routes_by_threshold_but_recovers_t ... ok
Test (ubuntu-latest)	UNKNOWN STEP	2026-09-29T12:18:10.3135942Z test stream::tests::streaming_and_in_memory_audits_report_identical_findings ... ok
Test (ubuntu-latest)	UNKNOWN STEP	2026-09-29T12:18:10.3165765Z test tally::decode_tests::out_of_range_returns_none ... ok
Test (ubuntu-latest)	UNKNOWN STEP	2026-09-29T12:18:10.3195713Z test tally::decode_tests::zero_decodes_to_zero ... ok
Test (ubuntu-latest)	UNKNOWN STEP	2026-09-29T12:18:10.3450467Z test tests::bad_parameters_version_is_caught ... ok
Test (ubuntu-latest)	UNKNOWN STEP	2026-09-29T12:18:10.3926393Z test tests::below_threshold_tally_signatures_are_caught ... ok
Test (ubuntu-latest)	UNKNOWN STEP	2026-09-29T12:18:10.4196177Z test tests::dkg_transcript_trustee_count_mismatch_is_caught ... ok
Test (ubuntu-latest)	UNKNOWN STEP	2026-09-29T12:18:10.4225836Z test tally::decode_tests::linear_and_bsgs_agree_across_range_and_boundaries ... ok
Test (ubuntu-latest)	UNKNOWN STEP	2026-09-29T12:18:10.4636073Z test tests::duplicate_partial_decryption_for_contest_is_caught ... ok
Test (ubuntu-latest)	UNKNOWN STEP	2026-09-29T12:18:10.4665888Z test tests::duplicate_trustee_signature_is_caught ... ok
Test (ubuntu-latest)	UNKNOWN STEP	2026-09-29T12:18:10.4875651Z test tests::empty_contests_is_caught ... ok
Test (ubuntu-latest)	UNKNOWN STEP	2026-09-29T12:18:10.5046776Z test tests::generator_binds_issuer_key_into_parameters ... ok
Test (ubuntu-latest)	UNKNOWN STEP	2026-09-29T12:18:10.5306251Z test tests::happy_path_audit_passes ... ok
Test (ubuntu-latest)	UNKNOWN STEP	2026-09-29T12:18:10.5856499Z test tests::legacy_params_skip_selection_sum ... ok
Test (ubuntu-latest)	UNKNOWN STEP	2026-09-29T12:18:10.6706113Z test tests::malformed_tally_signature_is_caught ... ok
Test (ubuntu-latest)	UNKNOWN STEP	2026-09-29T12:18:10.6738270Z test tests::honest_ballots_pass_selection_sum ... ok
Test (ubuntu-latest)	UNKNOWN STEP	2026-09-29T12:18:10.6760689Z test tests::audit_stage_timings_are_measured_and_within_the_wall ... ok
Test (ubuntu-latest)	UNKNOWN STEP	2026-09-29T12:18:10.7186157Z test tests::missing_tally_signatures_are_caught ... ok
Test (ubuntu-latest)	UNKNOWN STEP	2026-09-29T12:18:10.7316521Z test tests::overvote_is_caught_by_selection_sum ... ok
Test (ubuntu-latest)	UNKNOWN STEP	2026-09-29T12:18:10.7746198Z test tests::multi_position_audit_passes ... ok
Test (ubuntu-latest)	UNKNOWN STEP	2026-09-29T12:18:10.8975227Z test tests::parallel_verify_matches_serial_on_an_empty_stream ... ok
Test (ubuntu-latest)	UNKNOWN STEP	2026-09-29T12:18:11.0632132Z test tests::parallel_verify_matches_serial_on_a_clean_election ... ok
Test (ubuntu-latest)	UNKNOWN STEP	2026-09-29T12:18:11.0899425Z test tests::parallel_verify_matches_serial_on_a_duplicate_nullifier_across_batches ... ok
Test (ubuntu-latest)	UNKNOWN STEP	2026-09-29T12:18:11.1325975Z test tests::parameters_issuer_mismatch_is_caught ... ok
Test (ubuntu-latest)	UNKNOWN STEP	2026-09-29T12:18:11.1718946Z test tests::parameters_without_issuer_key_are_flagged ... ok
Test (ubuntu-latest)	UNKNOWN STEP	2026-09-29T12:18:11.2036951Z test tests::parallel_verify_matches_serial_on_bad_proofs_at_batch_edges ... ok
Test (ubuntu-latest)	UNKNOWN STEP	2026-09-29T12:18:11.2204637Z test tests::partial_decryption_with_unknown_contest_id_is_caught ... ok
Test (ubuntu-latest)	UNKNOWN STEP	2026-09-29T12:18:11.2620891Z test tests::partial_decryptions_in_any_order_still_pass ... ok
Test (ubuntu-latest)	UNKNOWN STEP	2026-09-29T12:18:11.3516634Z test tests::per_position_double_vote_is_caught ... ok
Test (ubuntu-latest)	UNKNOWN STEP	2026-09-29T12:18:11.3931227Z test tests::reused_nullifier_is_caught ... ok
Test (ubuntu-latest)	UNKNOWN STEP	2026-09-29T12:18:11.4056582Z test tests::parallel_verify_matches_serial_on_wrong_election_and_position_ballots ... ok
Test (ubuntu-latest)	UNKNOWN STEP	2026-09-29T12:18:11.4365547Z test tests::second_vote_on_legacy_params_is_counted ... ok
Test (ubuntu-latest)	UNKNOWN STEP	2026-09-29T12:18:11.4406173Z test tests::same_voter_different_positions_is_allowed ... ok
Test (ubuntu-latest)	UNKNOWN STEP	2026-09-29T12:18:11.4679983Z test tests::second_vote_through_a_whole_ballot_record_is_refused ... ok
Test (ubuntu-latest)	UNKNOWN STEP	2026-09-29T12:18:11.5016948Z test tests::single_position_axis_audit_passes ... ok
Test (ubuntu-latest)	UNKNOWN STEP	2026-09-29T12:18:11.5171290Z test tests::tally_signature_over_different_totals_is_caught ... ok
Test (ubuntu-latest)	UNKNOWN STEP	2026-09-29T12:18:11.5467134Z test tests::tampered_ballot_cds_proof_is_caught ... ok
Test (ubuntu-latest)	UNKNOWN STEP	2026-09-29T12:18:11.5696349Z test tests::tampered_chaum_pedersen_response_is_caught ... ok
Test (ubuntu-latest)	UNKNOWN STEP	2026-09-29T12:18:11.5936968Z test tests::tampered_credential_presentation_proof_is_caught ... ok
Test (ubuntu-latest)	UNKNOWN STEP	2026-09-29T12:18:11.6330760Z test tests::tampered_partial_decryption_share_is_caught ... ok
Test (ubuntu-latest)	UNKNOWN STEP	2026-09-29T12:18:11.6546794Z test tests::tampered_selection_proof_is_caught ... ok
Test (ubuntu-latest)	UNKNOWN STEP	2026-09-29T12:18:11.6856057Z test tests::tampered_tally_signature_is_caught ... ok
Test (ubuntu-latest)	UNKNOWN STEP	2026-09-29T12:18:11.7052974Z test tests::trustee_tally_signatures_verify ... ok
Test (ubuntu-latest)	UNKNOWN STEP	2026-09-29T12:18:11.7317808Z test tests::under_threshold_decryptions_are_caught ... ok
Test (ubuntu-latest)	UNKNOWN STEP	2026-09-29T12:18:11.7655946Z test tests::under_threshold_with_canonical_layout_is_caught ... ok
Test (ubuntu-latest)	UNKNOWN STEP	2026-09-29T12:18:11.7909783Z test tests::unknown_trustee_signature_is_caught ... ok
Test (ubuntu-latest)	UNKNOWN STEP	2026-09-29T12:18:11.8137690Z test tests::wrong_issuer_pk_is_caught ... ok
Test (ubuntu-latest)	UNKNOWN STEP	2026-09-29T12:18:11.8322779Z test tests::wrong_tally_is_caught ... ok
Test (ubuntu-latest)	UNKNOWN STEP	2026-09-29T12:18:13.5173438Z test tests::per_ballot_passes_are_rolled_up_not_stored ... ok
Test (ubuntu-latest)	UNKNOWN STEP	2026-09-29T12:18:30.1088419Z test stream::tests::chunked_writer_matches_the_serial_writer ... ok
Test (ubuntu-latest)	UNKNOWN STEP	2026-09-29T12:18:30.1095665Z 
Test (ubuntu-latest)	UNKNOWN STEP	2026-09-29T12:18:30.1096248Z test result: ok. 120 passed; 0 failed; 0 ignored; 0 measured; 0 filtered out; finished in 22.37s
Test (ubuntu-latest)	UNKNOWN STEP	2026-09-29T12:18:30.1096656Z 
Test (ubuntu-latest)	UNKNOWN STEP	2026-09-29T12:18:30.1116736Z ^[[1m^[[92m     Running^[[0m unittests src/lib.rs (target/debug/deps/saksi_credentials-aab94081d1df9ece)
Test (ubuntu-latest)	UNKNOWN STEP	2026-09-29T12:18:30.1129254Z 
Test (ubuntu-latest)	UNKNOWN STEP	2026-09-29T12:18:30.1129535Z running 29 tests
Test (ubuntu-latest)	UNKNOWN STEP	2026-09-29T12:18:30.1143735Z test issuance::tests::issuer_secret_key_is_not_debug ... ok
Test (ubuntu-latest)	UNKNOWN STEP	2026-09-29T12:18:30.1148162Z test issuance::tests::credential_signature_golden_vector ... ok
Test (ubuntu-latest)	UNKNOWN STEP	2026-09-29T12:18:30.1149256Z test issuance::tests::issuance_happy_path_verifies ... ok
Test (ubuntu-latest)	UNKNOWN STEP	2026-09-29T12:18:30.1150214Z test issuance::tests::credential_from_parts_round_trips_through_presentation ... ok
Test (ubuntu-latest)	UNKNOWN STEP	2026-09-29T12:18:30.1151043Z test issuance::tests::issuer_view_unlinkable_from_final_commitment ... ok
Test (ubuntu-latest)	UNKNOWN STEP	2026-09-29T12:18:30.1151869Z test nullifier::tests::compress_decompress_round_trips ... ok
Test (ubuntu-latest)	UNKNOWN STEP	2026-09-29T12:18:30.1152538Z test nullifier::tests::decompress_rejects_garbage ... ok
Test (ubuntu-latest)	UNKNOWN STEP	2026-09-29T12:18:30.1153082Z test issuance::tests::pre_signature_nonce_is_consumed ... ok
Test (ubuntu-latest)	UNKNOWN STEP	2026-09-29T12:18:30.1153794Z test issuance::tests::tampered_issuer_response_is_rejected ... ok
Test (ubuntu-latest)	UNKNOWN STEP	2026-09-29T12:18:30.1154527Z test nullifier::tests::derive_nullifier_is_deterministic ... ok
Test (ubuntu-latest)	UNKNOWN STEP	2026-09-29T12:18:30.1155471Z test issuance::tests::wrong_issuer_pk_for_verification_is_rejected ... ok
Test (ubuntu-latest)	UNKNOWN STEP	2026-09-29T12:18:30.1156265Z test nullifier::tests::different_position_id_changes_nullifier ... ok
Test (ubuntu-latest)	UNKNOWN STEP	2026-09-29T12:18:30.1157023Z test nullifier::tests::different_election_id_changes_nullifier ... ok
Test (ubuntu-latest)	UNKNOWN STEP	2026-09-29T12:18:30.1157772Z test nullifier::tests::different_s_cred_changes_nullifier ... ok
Test (ubuntu-latest)	UNKNOWN STEP	2026-09-29T12:18:30.1158938Z test nullifier::tests::length_prefix_disambiguates_election_and_position ... ok
Test (ubuntu-latest)	UNKNOWN STEP	2026-09-29T12:18:30.1159623Z test nullifier::tests::empty_position_is_the_legacy_per_election_nullifier ... ok
Test (ubuntu-latest)	UNKNOWN STEP	2026-09-29T12:18:30.1160158Z test nullifier::tests::nullifier_h_is_election_and_position_dependent ... ok
Test (ubuntu-latest)	UNKNOWN STEP	2026-09-29T12:18:30.1166182Z test nullifier::tests::pinned_nullifier_vector ... ok
Test (ubuntu-latest)	UNKNOWN STEP	2026-09-29T12:18:30.1167071Z test presentation::tests::different_elections_yield_distinct_nullifiers ... ok
Test (ubuntu-latest)	UNKNOWN STEP	2026-09-29T12:18:30.1177681Z test presentation::tests::present_then_verify_round_trips ... ok
Test (ubuntu-latest)	UNKNOWN STEP	2026-09-29T12:18:30.1200442Z test presentation::tests::same_election_same_credential_yields_identical_nullifier ... ok
Test (ubuntu-latest)	UNKNOWN STEP	2026-09-29T12:18:30.1201748Z test presentation::tests::presentation_context_is_length_prefixed_and_stable ... ok
Test (ubuntu-latest)	UNKNOWN STEP	2026-09-29T12:18:30.1202809Z test presentation::tests::tampered_credential_commitment_is_rejected ... ok
Test (ubuntu-latest)	UNKNOWN STEP	2026-09-29T12:18:30.1203432Z test presentation::tests::tampered_presentation_proof_bytes_is_rejected ... ok
Test (ubuntu-latest)	UNKNOWN STEP	2026-09-29T12:18:30.1204030Z test presentation::tests::tampered_nullifier_value_is_rejected ... ok
Test (ubuntu-latest)	UNKNOWN STEP	2026-09-29T12:18:30.1204607Z test presentation::tests::wrong_issuer_public_key_at_verify_is_rejected ... ok
Test (ubuntu-latest)	UNKNOWN STEP	2026-09-29T12:18:30.1205429Z test presentation::tests::wrong_election_id_at_verify_is_rejected ... ok
Test (ubuntu-latest)	UNKNOWN STEP	2026-09-29T12:18:30.1206286Z test presentation::tests::wire_roundtrip_identity ... ok
Test (ubuntu-latest)	UNKNOWN STEP	2026-09-29T12:18:30.1209774Z test presentation::tests::wrong_context_at_verify_is_rejected ... ok
Test (ubuntu-latest)	UNKNOWN STEP	2026-09-29T12:18:30.1210106Z 
Test (ubuntu-latest)	UNKNOWN STEP	2026-09-29T12:18:30.1210384Z test result: ok. 29 passed; 0 failed; 0 ignored; 0 measured; 0 filtered out; finished in 0.01s
Test (ubuntu-latest)	UNKNOWN STEP	2026-09-29T12:18:30.1210728Z 
Test (ubuntu-latest)	UNKNOWN STEP	2026-09-29T12:18:30.1211871Z ^[[1m^[[92m     Running^[[0m unittests src/lib.rs (target/debug/deps/saksi_crypto-1c79ab81f968b7de)
Test (ubuntu-latest)	UNKNOWN STEP	2026-09-29T12:18:30.1221307Z 
Test (ubuntu-latest)	UNKNOWN STEP	2026-09-29T12:18:30.1221464Z running 94 tests
Test (ubuntu-latest)	UNKNOWN STEP	2026-09-29T12:18:30.1228864Z test benaloh::tests::cast_receipt_matches_independent_encryption ... ok
Test (ubuntu-latest)	UNKNOWN STEP	2026-09-29T12:18:30.1229833Z test benaloh::tests::challenge_happy_path_verifies ... ok
Test (ubuntu-latest)	UNKNOWN STEP	2026-09-29T12:18:30.1230671Z test benaloh::tests::challenge_rejects_tampered_ciphertext ... ok
Test (ubuntu-latest)	UNKNOWN STEP	2026-09-29T12:18:30.1242252Z test benaloh::tests::challenge_rejects_wrong_context ... ok
Test (ubuntu-latest)	UNKNOWN STEP	2026-09-29T12:18:30.1251796Z test benaloh::tests::challenge_rejects_tampered_randomness ... ok
Test (ubuntu-latest)	UNKNOWN STEP	2026-09-29T12:18:30.1266062Z test benaloh::tests::challenge_rejects_tampered_plaintext ... ok
Test (ubuntu-latest)	UNKNOWN STEP	2026-09-29T12:18:30.1275816Z test benaloh::tests::challenge_rejects_wrong_public_key ... ok
Test (ubuntu-latest)	UNKNOWN STEP	2026-09-29T12:18:30.1296088Z test benaloh::tests::digest_is_stable_across_runs ... ok
Test (ubuntu-latest)	UNKNOWN STEP	2026-09-29T12:18:30.1323836Z test benaloh::tests::challenge_rejects_wrong_plaintext_label ... ok
Test (ubuntu-latest)	UNKNOWN STEP	2026-09-29T12:18:30.1324714Z test commitment::tests::add_scalar_message_matches_recommit ... ok
Test (ubuntu-latest)	UNKNOWN STEP	2026-09-29T12:18:30.1335945Z test commitment::tests::addition_is_homomorphic ... ok
Test (ubuntu-latest)	UNKNOWN STEP	2026-09-29T12:18:30.1365965Z test benaloh::tests::digest_separates_label_and_context ... ok
Test (ubuntu-latest)	UNKNOWN STEP	2026-09-29T12:18:30.1386021Z test commitment::tests::deterministic_test_vector_pins_h_derivation ... ok
Test (ubuntu-latest)	UNKNOWN STEP	2026-09-29T12:18:30.1389317Z test commitment::tests::compressed_bytes_reject_garbage ... ok
Test (ubuntu-latest)	UNKNOWN STEP	2026-09-29T12:18:30.1390342Z test commitment::tests::different_randomness_changes_commitment ... ok
Test (ubuntu-latest)	UNKNOWN STEP	2026-09-29T12:18:30.1391430Z test commitment::tests::binding_rejects_wrong_message_or_randomness ... ok
Test (ubuntu-latest)	UNKNOWN STEP	2026-09-29T12:18:30.1392448Z test commitment::tests::open_then_verify_round_trips ... ok
Test (ubuntu-latest)	UNKNOWN STEP	2026-09-29T12:18:30.1393353Z test commitment::tests::compressed_bytes_round_trip ... ok
Test (ubuntu-latest)	UNKNOWN STEP	2026-09-29T12:18:30.1394372Z test commitment::tests::pedersen_h_is_deterministic_and_independent ... ok
Test (ubuntu-latest)	UNKNOWN STEP	2026-09-29T12:18:30.1395596Z test commitment::tests::wire_rejects_non_canonical_commitment_point ... ok
Test (ubuntu-latest)	UNKNOWN STEP	2026-09-29T12:18:30.1396689Z test commitment::tests::wire_closed_commitment_round_trips ... ok
Test (ubuntu-latest)	UNKNOWN STEP	2026-09-29T12:18:30.1397628Z test commitment::tests::wire_rejects_short_commitment ... ok
Test (ubuntu-latest)	UNKNOWN STEP	2026-09-29T12:18:30.1398599Z test commitment::tests::wire_rejects_non_canonical_opening ... ok
Test (ubuntu-latest)	UNKNOWN STEP	2026-09-29T12:18:30.1400096Z test commitment::tests::wire_opened_commitment_round_trips_and_verifies ... ok
Test (ubuntu-latest)	UNKNOWN STEP	2026-09-29T12:18:30.1401121Z test commitment::tests::wire_rejects_short_opening ... ok
Test (ubuntu-latest)	UNKNOWN STEP	2026-09-29T12:18:30.1402018Z test commitment::tests::zero_commitment_is_identity ... ok
Test (ubuntu-latest)	UNKNOWN STEP	2026-09-29T12:18:30.1403069Z test dkg::tests::combined_threshold_secret_matches_full_secret_for_test_only ... ok
Test (ubuntu-latest)	UNKNOWN STEP	2026-09-29T12:18:30.1404372Z test dkg::tests::three_of_five_dkg_decrypts_elgamal_ciphertext ... ok
Test (ubuntu-latest)	UNKNOWN STEP	2026-09-29T12:18:30.1405647Z test dkg::tests::malformed_share_triggers_complaint_and_honest_threshold_completes ... ok
Test (ubuntu-latest)	UNKNOWN STEP	2026-09-29T12:18:30.1406958Z test dkg::tests::random_dealers_are_fresh_and_their_key_decrypts_at_threshold ... ok
Test (ubuntu-latest)	UNKNOWN STEP	2026-09-29T12:18:30.1408128Z test elgamal::tests::ciphertext_scalar_multiplication_is_homomorphic ... ok
Test (ubuntu-latest)	UNKNOWN STEP	2026-09-29T12:18:30.1409155Z test elgamal::tests::deterministic_vector_is_stable ... ok
Test (ubuntu-latest)	UNKNOWN STEP	2026-09-29T12:18:30.1410015Z test elgamal::tests::identity_plaintext_detects_identity_point ... ok
Test (ubuntu-latest)	UNKNOWN STEP	2026-09-29T12:18:30.1410883Z test elgamal::tests::re_encryption_preserves_plaintext_and_refreshes_ciphertext ... ok
Test (ubuntu-latest)	UNKNOWN STEP	2026-09-29T12:18:30.1411717Z test elgamal::tests::ciphertext_addition_is_homomorphic ... ok
Test (ubuntu-latest)	UNKNOWN STEP	2026-09-29T12:18:30.1412376Z test dkg::tests::transcript_uses_protocol_dkg_shape ... ok
Test (ubuntu-latest)	UNKNOWN STEP	2026-09-29T12:18:30.1413013Z test group::tests::scalar_rejects_non_canonical_bytes ... ok
Test (ubuntu-latest)	UNKNOWN STEP	2026-09-29T12:18:30.1413757Z test eg_interop::tests::saksi_reproduces_electionguard_model_tallies ... ok
Test (ubuntu-latest)	UNKNOWN STEP	2026-09-29T12:18:30.1414482Z test nizk::cds::tests::completeness_k2_choice_one ... ok
Test (ubuntu-latest)	UNKNOWN STEP	2026-09-29T12:18:30.1416378Z test elgamal::tests::round_trip_encrypt_decrypt_for_small_scalars ... ok
Test (ubuntu-latest)	UNKNOWN STEP	2026-09-29T12:18:30.1417316Z test nizk::cds::tests::cds_golden_vector ... ok
Test (ubuntu-latest)	UNKNOWN STEP	2026-09-29T12:18:30.1436080Z test nizk::cds::tests::completeness_k2_choice_zero ... ok
Test (ubuntu-latest)	UNKNOWN STEP	2026-09-29T12:18:30.1436936Z test nizk::cds::tests::completeness_k3_choice_two ... ok
Test (ubuntu-latest)	UNKNOWN STEP	2026-09-29T12:18:30.1446309Z test nizk::cds::tests::from_wire_rejects_malformed_point ... ok
Test (ubuntu-latest)	UNKNOWN STEP	2026-09-29T12:18:30.1447317Z test nizk::cds::tests::from_wire_rejects_malformed_scalar ... ok
Test (ubuntu-latest)	UNKNOWN STEP	2026-09-29T12:18:30.1451388Z test nizk::cds::tests::invalid_parameters_choice_set_too_small ... ok
Test (ubuntu-latest)	UNKNOWN STEP	2026-09-29T12:18:30.1460919Z test nizk::cds::tests::invalid_parameters_true_index_out_of_range ... ok
Test (ubuntu-latest)	UNKNOWN STEP	2026-09-29T12:18:30.1464908Z test nizk::cds::tests::from_wire_rejects_unknown_version ... ok
Test (ubuntu-latest)	UNKNOWN STEP	2026-09-29T12:18:30.1482243Z test nizk::cds::tests::invalid_parameters_verify_branch_count_mismatch ... ok
Test (ubuntu-latest)	UNKNOWN STEP	2026-09-29T12:18:30.1495712Z test nizk::cds::tests::invalid_parameters_verify_empty_choice_set ... ok
Test (ubuntu-latest)	UNKNOWN STEP	2026-09-29T12:18:30.1505688Z test nizk::cds::tests::soundness_swapped_branches ... ok
Test (ubuntu-latest)	UNKNOWN STEP	2026-09-29T12:18:30.1506451Z test nizk::cds::tests::soundness_out_of_set_encryption_attempt ... ok
Test (ubuntu-latest)	UNKNOWN STEP	2026-09-29T12:18:30.1507412Z test nizk::cds::tests::soundness_tampered_branch_challenge ... ok
Test (ubuntu-latest)	UNKNOWN STEP	2026-09-29T12:18:30.1508264Z test nizk::cds::tests::soundness_tampered_branch_commitment_g ... ok
Test (ubuntu-latest)	UNKNOWN STEP	2026-09-29T12:18:30.1509113Z test nizk::cds::tests::soundness_tampered_branch_commitment_h ... ok
Test (ubuntu-latest)	UNKNOWN STEP	2026-09-29T12:18:30.1509993Z test nizk::cds::tests::soundness_tampered_branch_response ... ok
Test (ubuntu-latest)	UNKNOWN STEP	2026-09-29T12:18:30.1511268Z test nizk::cds::tests::soundness_wrong_choice_set ... ok
Test (ubuntu-latest)	UNKNOWN STEP	2026-09-29T12:18:30.1512076Z test nizk::cds::tests::soundness_wrong_context ... ok
Test (ubuntu-latest)	UNKNOWN STEP	2026-09-29T12:18:30.1518760Z test nizk::cds::tests::wire_roundtrip_preserves_proof ... ok
Test (ubuntu-latest)	UNKNOWN STEP	2026-09-29T12:18:30.1519661Z test nizk::cds::tests::soundness_wrong_ciphertext ... ok
Test (ubuntu-latest)	UNKNOWN STEP	2026-09-29T12:18:30.1525901Z test nizk::chaum_pedersen::tests::from_wire_rejects_malformed_point ... ok
Test (ubuntu-latest)	UNKNOWN STEP	2026-09-29T12:18:30.1527495Z test nizk::chaum_pedersen::tests::from_wire_rejects_malformed_scalar ... ok
Test (ubuntu-latest)	UNKNOWN STEP	2026-09-29T12:18:30.1531364Z test nizk::chaum_pedersen::tests::from_wire_rejects_unknown_version ... ok
Test (ubuntu-latest)	UNKNOWN STEP	2026-09-29T12:18:30.1532923Z test nizk::chaum_pedersen::tests::context_binding_rejects_wrong_context ... ok
Test (ubuntu-latest)	UNKNOWN STEP	2026-09-29T12:18:30.1538169Z test nizk::chaum_pedersen::tests::swapped_bases_fail ... ok
Test (ubuntu-latest)	UNKNOWN STEP	2026-09-29T12:18:30.1539604Z test nizk::chaum_pedersen::tests::partial_decryption_vector ... ok
Test (ubuntu-latest)	UNKNOWN STEP	2026-09-29T12:18:30.1542587Z test nizk::chaum_pedersen::tests::tampered_commitment_g_fails ... ok
Test (ubuntu-latest)	UNKNOWN STEP	2026-09-29T12:18:30.1543520Z test nizk::chaum_pedersen::tests::tampered_challenge_fails ... ok
Test (ubuntu-latest)	UNKNOWN STEP	2026-09-29T12:18:30.1552314Z test nizk::chaum_pedersen::tests::tampered_commitment_h_fails ... ok
Test (ubuntu-latest)	UNKNOWN STEP	2026-09-29T12:18:30.1553517Z test group::tests::basepoint_multiples_round_trip ... ok
Test (ubuntu-latest)	UNKNOWN STEP	2026-09-29T12:18:30.1554258Z test nizk::chaum_pedersen::tests::tampered_response_fails ... ok
Test (ubuntu-latest)	UNKNOWN STEP	2026-09-29T12:18:30.1559968Z test nizk::chaum_pedersen::tests::wrong_statement_a_fails ... ok
Test (ubuntu-latest)	UNKNOWN STEP	2026-09-29T12:18:30.1562621Z test nizk::chaum_pedersen::tests::wire_roundtrip_preserves_proof ... ok
Test (ubuntu-latest)	UNKNOWN STEP	2026-09-29T12:18:30.1563610Z test nizk::schnorr::tests::from_bytes_rejects_non_canonical_point ... ok
Test (ubuntu-latest)	UNKNOWN STEP	2026-09-29T12:18:30.1566087Z test nizk::schnorr::tests::from_bytes_rejects_non_canonical_scalar ... ok
Test (ubuntu-latest)	UNKNOWN STEP	2026-09-29T12:18:30.1567151Z test nizk::chaum_pedersen::tests::wrong_statement_b_fails ... ok
Test (ubuntu-latest)	UNKNOWN STEP	2026-09-29T12:18:30.1574273Z test nizk::schnorr::tests::completeness_random_witness_verifies ... ok
Test (ubuntu-latest)	UNKNOWN STEP	2026-09-29T12:18:30.1575481Z test nizk::schnorr::tests::non_basepoint_base_proves_and_verifies ... ok
Test (ubuntu-latest)	UNKNOWN STEP	2026-09-29T12:18:30.1576272Z test nizk::schnorr::tests::serde_round_trip_preserves_proof ... ok
Test (ubuntu-latest)	UNKNOWN STEP	2026-09-29T12:18:30.1577143Z test nizk::schnorr::tests::tampered_commitment_is_rejected ... ok
Test (ubuntu-latest)	UNKNOWN STEP	2026-09-29T12:18:30.1581422Z test nizk::schnorr::tests::tampered_response_is_rejected ... ok
Test (ubuntu-latest)	UNKNOWN STEP	2026-09-29T12:18:30.1582163Z test nizk::schnorr::tests::wrong_context_is_rejected ... ok
Test (ubuntu-latest)	UNKNOWN STEP	2026-09-29T12:18:30.1583078Z test nizk::schnorr::tests::wrong_base_is_rejected ... ok
Test (ubuntu-latest)	UNKNOWN STEP	2026-09-29T12:18:30.1589912Z test nizk::schnorr::tests::wrong_statement_is_rejected ... ok
Test (ubuntu-latest)	UNKNOWN STEP	2026-09-29T12:18:30.1591841Z test nizk::selection::tests::no_selection_fails ... ok
Test (ubuntu-latest)	UNKNOWN STEP	2026-09-29T12:18:30.1605967Z test nizk::selection::tests::context_is_label_then_length_prefixed_fields ... ok
Test (ubuntu-latest)	UNKNOWN STEP	2026-09-29T12:18:30.1628808Z test nizk::selection::tests::one_hot_verifies ... ok
Test (ubuntu-latest)	UNKNOWN STEP	2026-09-29T12:18:30.1629463Z test nizk::selection::tests::two_selections_fail ... ok
Test (ubuntu-latest)	UNKNOWN STEP	2026-09-29T12:18:30.1630156Z test nizk::chaum_pedersen::tests::completeness_random_witness ... ok
Test (ubuntu-latest)	UNKNOWN STEP	2026-09-29T12:18:30.1630779Z test tests::exposes_package_name ... ok
Test (ubuntu-latest)	UNKNOWN STEP	2026-09-29T12:18:30.1631394Z test transcript::tests::transcript_accepts_domain_separator ... ok
Test (ubuntu-latest)	UNKNOWN STEP	2026-09-29T12:18:30.1632109Z test nizk::selection::tests::whole_ballot_record_vector ... ok
Test (ubuntu-latest)	UNKNOWN STEP	2026-09-29T12:18:30.1632858Z test nizk::selection::tests::selection_golden_vector ... ok
Test (ubuntu-latest)	UNKNOWN STEP	2026-09-29T12:18:30.1633650Z test nizk::selection::tests::wrong_context_fails ... ok
Test (ubuntu-latest)	UNKNOWN STEP	2026-09-29T12:18:30.1634058Z 
Test (ubuntu-latest)	UNKNOWN STEP	2026-09-29T12:18:30.1634322Z test result: ok. 94 passed; 0 failed; 0 ignored; 0 measured; 0 filtered out; finished in 0.04s
Test (ubuntu-latest)	UNKNOWN STEP	2026-09-29T12:18:30.1634674Z 
Test (ubuntu-latest)	UNKNOWN STEP	2026-09-29T12:18:30.1637406Z ^[[1m^[[92m     Running^[[0m unittests src/main.rs (target/debug/deps/saksi_demo-d5815928e8985a98)
Test (ubuntu-latest)	UNKNOWN STEP	2026-09-29T12:18:30.1649412Z 
Test (ubuntu-latest)	UNKNOWN STEP	2026-09-29T12:18:30.1649635Z running 5 tests
Test (ubuntu-latest)	UNKNOWN STEP	2026-09-29T12:18:30.1653227Z test tests::parse_gen_args_defaults_are_backcompat ... ok
Test (ubuntu-latest)	UNKNOWN STEP	2026-09-29T12:18:30.1653950Z test tests::parse_gen_args_defaults_trustee_names_to_count ... ok
Test (ubuntu-latest)	UNKNOWN STEP	2026-09-29T12:18:30.1654740Z test tests::parse_gen_args_defaults_the_chunk_size_and_reads_an_override ... ok
Test (ubuntu-latest)	UNKNOWN STEP	2026-09-29T12:18:30.1655507Z test tests::parse_gen_args_reads_all_flags_and_stream_target ... ok
Test (ubuntu-latest)	UNKNOWN STEP	2026-09-29T12:18:30.1656191Z test tests::parse_gen_args_rejects_stream_with_outfile ... ok
Test (ubuntu-latest)	UNKNOWN STEP	2026-09-29T12:18:30.1657337Z ^[[1m^[[92m     Running^[[0m tests/gen_audit_stream.rs (target/debug/deps/gen_audit_stream-423d31054c639263)
Test (ubuntu-latest)	UNKNOWN STEP	2026-09-29T12:18:30.1657925Z 
Test (ubuntu-latest)	UNKNOWN STEP	2026-09-29T12:18:30.1658196Z test result: ok. 5 passed; 0 failed; 0 ignored; 0 measured; 0 filtered out; finished in 0.00s
Test (ubuntu-latest)	UNKNOWN STEP	2026-09-29T12:18:30.1658550Z 
Test (ubuntu-latest)	UNKNOWN STEP	2026-09-29T12:18:30.1667649Z 
Test (ubuntu-latest)	UNKNOWN STEP	2026-09-29T12:18:30.1667816Z running 1 test
Test (ubuntu-latest)	UNKNOWN STEP	2026-09-29T12:18:30.1811268Z wrote stream (6 voters × 2 positions × 2 candidates (2-of-3); chunks of 5000 voters; gate passed) -> /tmp/saksi-demo-it-gen-audit-stream
Test (ubuntu-latest)	UNKNOWN STEP	2026-09-29T12:18:30.1983645Z test gen_stream_then_audit_stream_json_is_clean ... ok
Test (ubuntu-latest)	UNKNOWN STEP	2026-09-29T12:18:30.1984179Z 
Test (ubuntu-latest)	UNKNOWN STEP	2026-09-29T12:18:30.1984605Z test result: ok. 1 passed; 0 failed; 0 ignored; 0 measured; 0 filtered out; finished in 0.03s
Test (ubuntu-latest)	UNKNOWN STEP	2026-09-29T12:18:30.1985416Z 
Test (ubuntu-latest)	UNKNOWN STEP	2026-09-29T12:18:30.1986351Z ^[[1m^[[92m     Running^[[0m unittests src/lib.rs (target/debug/deps/saksi_ffi_flutter-41e4e244ff4edbb9)
Test (ubuntu-latest)	UNKNOWN STEP	2026-09-29T12:18:30.1997227Z 
Test (ubuntu-latest)	UNKNOWN STEP	2026-09-29T12:18:30.1997457Z running 11 tests
Test (ubuntu-latest)	UNKNOWN STEP	2026-09-29T12:18:30.2000029Z test api::tests::flutter_benaloh_challenge_returns_stable_handle ... ok
Test (ubuntu-latest)	UNKNOWN STEP	2026-09-29T12:18:30.2019342Z test api::tests::flutter_encrypt_ballot_round_trips_to_ciphertext_dto ... ok
Test (ubuntu-latest)	UNKNOWN STEP	2026-09-29T12:18:30.2020270Z test api::v2_tests::benaloh_v2_happy_digest_matches_and_reencryption_matches ... ok
Test (ubuntu-latest)	UNKNOWN STEP	2026-09-29T12:18:30.2021140Z test api::v2_tests::cds_proof_v2_happy_choice_one_verifies ... ok
Test (ubuntu-latest)	UNKNOWN STEP	2026-09-29T12:18:30.2031506Z test api::v2_tests::cds_proof_v2_happy_choice_zero_verifies ... ok
Test (ubuntu-latest)	UNKNOWN STEP	2026-09-29T12:18:30.2032023Z test api::v2_tests::cds_proof_v2_rejects_non_binary_choice ... ok
Test (ubuntu-latest)	UNKNOWN STEP	2026-09-29T12:18:30.2032489Z test api::v2_tests::nullifier_v2_is_deterministic ... ok
Test (ubuntu-latest)	UNKNOWN STEP	2026-09-29T12:18:30.2032937Z test api::v2_tests::sanity_zero_point_decodes ... ok
Test (ubuntu-latest)	UNKNOWN STEP	2026-09-29T12:18:30.2033613Z test api::v2_tests::present_credential_v2_rejects_tampered_signature ... ok
Test (ubuntu-latest)	UNKNOWN STEP	2026-09-29T12:18:30.2034377Z test api::v2_tests::nullifier_v2_separates_elections ... ok
Test (ubuntu-latest)	UNKNOWN STEP	2026-09-29T12:18:30.2035554Z ^[[1m^[[92m     Running^[[0m unittests src/lib.rs (target/debug/deps/saksi_ffi_tauri-dba56d2bdb8a650c)
Test (ubuntu-latest)	UNKNOWN STEP	2026-09-29T12:18:30.2036218Z test api::v2_tests::present_credential_v2_happy_verifies_via_credentials_verifier ... ok
Test (ubuntu-latest)	UNKNOWN STEP	2026-09-29T12:18:30.2036773Z 
Test (ubuntu-latest)	UNKNOWN STEP	2026-09-29T12:18:30.2037051Z test result: ok. 11 passed; 0 failed; 0 ignored; 0 measured; 0 filtered out; finished in 0.00s
Test (ubuntu-latest)	UNKNOWN STEP	2026-09-29T12:18:30.2037406Z 
Test (ubuntu-latest)	UNKNOWN STEP	2026-09-29T12:18:30.2044367Z 
Test (ubuntu-latest)	UNKNOWN STEP	2026-09-29T12:18:30.2044501Z running 7 tests
Test (ubuntu-latest)	UNKNOWN STEP	2026-09-29T12:18:30.2048388Z test commands::tests::tauri_transcript_publication_returns_digest ... ok
Test (ubuntu-latest)	UNKNOWN STEP	2026-09-29T12:18:30.2049422Z test commands::tests::tauri_partial_decrypt_returns_share ... ok
Test (ubuntu-latest)	UNKNOWN STEP	2026-09-29T12:18:30.2050646Z test commands::v2_tests::publish_dkg_transcript_v2_happy_is_deterministic ... ok
Test (ubuntu-latest)	UNKNOWN STEP	2026-09-29T12:18:30.2051628Z test commands::v2_tests::partial_decrypt_v2_rejects_mismatched_public_key ... ok
Test (ubuntu-latest)	UNKNOWN STEP	2026-09-29T12:18:30.2052601Z test commands::v2_tests::publish_dkg_transcript_v2_rejects_unsupported_version ... ok
Test (ubuntu-latest)	UNKNOWN STEP	2026-09-29T12:18:30.2055589Z test commands::v2_tests::partial_decrypt_v2_happy_proof_verifies ... ok
Test (ubuntu-latest)	UNKNOWN STEP	2026-09-29T12:18:30.2056459Z test commands::v2_tests::publish_partial_decryption_v2_round_trip ... ok
Test (ubuntu-latest)	UNKNOWN STEP	2026-09-29T12:18:30.2056959Z 
Test (ubuntu-latest)	UNKNOWN STEP	2026-09-29T12:18:30.2057391Z test result: ok. 7 passed; 0 failed; 0 ignored; 0 measured; 0 filtered out; finished in 0.00s
Test (ubuntu-latest)	UNKNOWN STEP	2026-09-29T12:18:30.2057995Z 
Test (ubuntu-latest)	UNKNOWN STEP	2026-09-29T12:18:30.2059176Z ^[[1m^[[92m     Running^[[0m unittests src/lib.rs (target/debug/deps/saksi_protocol-f0a4627d69796a7f)
Test (ubuntu-latest)	UNKNOWN STEP	2026-09-29T12:18:30.2069022Z 
Test (ubuntu-latest)	UNKNOWN STEP	2026-09-29T12:18:30.2069204Z running 3 tests
Test (ubuntu-latest)	UNKNOWN STEP	2026-09-29T12:18:30.2072277Z test tests::ballot_round_trips ... ok
Test (ubuntu-latest)	UNKNOWN STEP	2026-09-29T12:18:30.2074661Z test tests::domain_hash_is_domain_separated ... ok
Test (ubuntu-latest)	UNKNOWN STEP	2026-09-29T12:18:30.2075479Z test tests::ballot_test_vector_is_stable ... ok
Test (ubuntu-latest)	UNKNOWN STEP	2026-09-29T12:18:30.2075831Z 
Test (ubuntu-latest)	UNKNOWN STEP	2026-09-29T12:18:30.2076244Z test result: ok. 3 passed; 0 failed; 0 ignored; 0 measured; 0 filtered out; finished in 0.00s
Test (ubuntu-latest)	UNKNOWN STEP	2026-09-29T12:18:30.2076708Z 
Test (ubuntu-latest)	UNKNOWN STEP	2026-09-29T12:18:30.2076964Z ^[[1m^[[92m   Doc-tests^[[0m saksi_auditor
Test (ubuntu-latest)	UNKNOWN STEP	2026-09-29T12:18:30.3125852Z 
Test (ubuntu-latest)	UNKNOWN STEP	2026-09-29T12:18:30.3126383Z running 0 tests
Test (ubuntu-latest)	UNKNOWN STEP	2026-09-29T12:18:30.3126663Z 
Test (ubuntu-latest)	UNKNOWN STEP	2026-09-29T12:18:30.3130102Z test result: ok. 0 passed; 0 failed; 0 ignored; 0 measured; 0 filtered out; finished in 0.00s
Test (ubuntu-latest)	UNKNOWN STEP	2026-09-29T12:18:30.3130694Z 
Test (ubuntu-latest)	UNKNOWN STEP	2026-09-29T12:18:30.3160774Z ^[[1m^[[92m   Doc-tests^[[0m saksi_credentials
Test (ubuntu-latest)	UNKNOWN STEP	2026-09-29T12:18:30.3421520Z 
Test (ubuntu-latest)	UNKNOWN STEP	2026-09-29T12:18:30.3421944Z running 0 tests
Test (ubuntu-latest)	UNKNOWN STEP	2026-09-29T12:18:30.3422195Z 
Test (ubuntu-latest)	UNKNOWN STEP	2026-09-29T12:18:30.3422659Z test result: ok. 0 passed; 0 failed; 0 ignored; 0 measured; 0 filtered out; finished in 0.00s
Test (ubuntu-latest)	UNKNOWN STEP	2026-09-29T12:18:30.3423358Z 
Test (ubuntu-latest)	UNKNOWN STEP	2026-09-29T12:18:30.3448687Z ^[[1m^[[92m   Doc-tests^[[0m saksi_crypto
Test (ubuntu-latest)	UNKNOWN STEP	2026-09-29T12:18:30.3822049Z 
Test (ubuntu-latest)	UNKNOWN STEP	2026-09-29T12:18:30.3822728Z running 0 tests
Test (ubuntu-latest)	UNKNOWN STEP	2026-09-29T12:18:30.3822995Z 
Test (ubuntu-latest)	UNKNOWN STEP	2026-09-29T12:18:30.3823465Z test result: ok. 0 passed; 0 failed; 0 ignored; 0 measured; 0 filtered out; finished in 0.00s
Test (ubuntu-latest)	UNKNOWN STEP	2026-09-29T12:18:30.3823859Z 
Test (ubuntu-latest)	UNKNOWN STEP	2026-09-29T12:18:30.3853058Z ^[[1m^[[92m   Doc-tests^[[0m saksi_ffi_flutter
Test (ubuntu-latest)	UNKNOWN STEP	2026-09-29T12:18:30.4218488Z 
Test (ubuntu-latest)	UNKNOWN STEP	2026-09-29T12:18:30.4219168Z running 0 tests
Test (ubuntu-latest)	UNKNOWN STEP	2026-09-29T12:18:30.4234721Z 
Test (ubuntu-latest)	UNKNOWN STEP	2026-09-29T12:18:30.4235254Z test result: ok. 0 passed; 0 failed; 0 ignored; 0 measured; 0 filtered out; finished in 0.00s
Test (ubuntu-latest)	UNKNOWN STEP	2026-09-29T12:18:30.4235742Z 
Test (ubuntu-latest)	UNKNOWN STEP	2026-09-29T12:18:30.4251582Z ^[[1m^[[92m   Doc-tests^[[0m saksi_ffi_tauri
Test (ubuntu-latest)	UNKNOWN STEP	2026-09-29T12:18:30.4568147Z 
Test (ubuntu-latest)	UNKNOWN STEP	2026-09-29T12:18:30.4568535Z running 0 tests
Test (ubuntu-latest)	UNKNOWN STEP	2026-09-29T12:18:30.4568786Z 
Test (ubuntu-latest)	UNKNOWN STEP	2026-09-29T12:18:30.4569241Z test result: ok. 0 passed; 0 failed; 0 ignored; 0 measured; 0 filtered out; finished in 0.00s
Test (ubuntu-latest)	UNKNOWN STEP	2026-09-29T12:18:30.4569716Z 
Test (ubuntu-latest)	UNKNOWN STEP	2026-09-29T12:18:30.4597375Z ^[[1m^[[92m   Doc-tests^[[0m saksi_protocol
Test (ubuntu-latest)	UNKNOWN STEP	2026-09-29T12:18:30.4991231Z 
Test (ubuntu-latest)	UNKNOWN STEP	2026-09-29T12:18:30.4991806Z running 0 tests
Test (ubuntu-latest)	UNKNOWN STEP	2026-09-29T12:18:30.4992094Z 
Test (ubuntu-latest)	UNKNOWN STEP	2026-09-29T12:18:30.4992549Z test result: ok. 0 passed; 0 failed; 0 ignored; 0 measured; 0 filtered out; finished in 0.00s
Test (ubuntu-latest)	UNKNOWN STEP	2026-09-29T12:18:30.4992947Z 
Test (ubuntu-latest)	UNKNOWN STEP	2026-09-29T12:18:30.5122903Z ##[group]Run cargo build --release -p saksi-demo
Test (ubuntu-latest)	UNKNOWN STEP	2026-09-29T12:18:30.5123353Z ^[[36;1mcargo build --release -p saksi-demo^[[0m
Test (ubuntu-latest)	UNKNOWN STEP	2026-09-29T12:18:30.5191839Z shell: /usr/bin/bash -e {0}
Test (ubuntu-latest)	UNKNOWN STEP	2026-09-29T12:18:30.5192139Z env:
Test (ubuntu-latest)	UNKNOWN STEP	2026-09-29T12:18:30.5192416Z   CARGO_TERM_COLOR: always
Test (ubuntu-latest)	UNKNOWN STEP	2026-09-29T12:18:30.5193231Z   GO_MODULES: packages/saksi-protocol/go
Test (ubuntu-latest)	UNKNOWN STEP	packages/saksi-bulletin/chaincode
Test (ubuntu-latest)	UNKNOWN STEP	packages/saksi-bulletin/client-sdk
Test (ubuntu-latest)	UNKNOWN STEP	packages/saksi-campaign
Test (ubuntu-latest)	UNKNOWN STEP	
Test (ubuntu-latest)	UNKNOWN STEP	2026-09-29T12:18:30.5193896Z   GOFLAGS: -mod=mod
Test (ubuntu-latest)	UNKNOWN STEP	2026-09-29T12:18:30.5194148Z   CARGO_INCREMENTAL: 0
Test (ubuntu-latest)	UNKNOWN STEP	2026-09-29T12:18:30.5194398Z   CARGO_PROFILE_DEV_DEBUG: 0
Test (ubuntu-latest)	UNKNOWN STEP	2026-09-29T12:18:30.5194665Z   RUST_BACKTRACE: short
Test (ubuntu-latest)	UNKNOWN STEP	2026-09-29T12:18:30.5194946Z   RUSTFLAGS: -D warnings
Test (ubuntu-latest)	UNKNOWN STEP	2026-09-29T12:18:30.5195426Z   CARGO_UNSTABLE_SPARSE_REGISTRY: true
Test (ubuntu-latest)	UNKNOWN STEP	2026-09-29T12:18:30.5195759Z   CARGO_REGISTRIES_CRATES_IO_PROTOCOL: sparse
Test (ubuntu-latest)	UNKNOWN STEP	2026-09-29T12:18:30.5196090Z   CACHE_ON_FAILURE: false
Test (ubuntu-latest)	UNKNOWN STEP	2026-09-29T12:18:30.5196342Z ##[endgroup]
Test (ubuntu-latest)	UNKNOWN STEP	2026-09-29T12:18:30.6191009Z ^[[1m^[[92m   Compiling^[[0m saksi-protocol v0.0.0 (/home/runner/work/saksi/saksi/packages/saksi-protocol/rust)
Test (ubuntu-latest)	UNKNOWN STEP	2026-09-29T12:18:31.0292781Z ^[[1m^[[92m   Compiling^[[0m saksi-crypto v0.0.0 (/home/runner/work/saksi/saksi/packages/saksi-crypto)
Test (ubuntu-latest)	UNKNOWN STEP	2026-09-29T12:18:31.2321322Z ^[[1m^[[92m   Compiling^[[0m saksi-credentials v0.0.0 (/home/runner/work/saksi/saksi/packages/saksi-credentials)
Test (ubuntu-latest)	UNKNOWN STEP	2026-09-29T12:18:31.4694577Z ^[[1m^[[92m   Compiling^[[0m saksi-auditor v0.0.0 (/home/runner/work/saksi/saksi/packages/saksi-auditor)
Test (ubuntu-latest)	UNKNOWN STEP	2026-09-29T12:18:35.6856243Z ^[[1m^[[92m   Compiling^[[0m saksi-demo v0.0.0 (/home/runner/work/saksi/saksi/packages/saksi-demo)
Test (ubuntu-latest)	UNKNOWN STEP	2026-09-29T12:18:36.0711175Z ^[[1m^[[92m    Finished^[[0m `release` profile [optimized] target(s) in 5.51s
Test (ubuntu-latest)	UNKNOWN STEP	2026-09-29T12:18:36.0836688Z ##[group]Run echo "SAKSI_DEMO_BIN=${GITHUB_WORKSPACE}/target/release/saksi-demo" >> "${GITHUB_ENV}"
Test (ubuntu-latest)	UNKNOWN STEP	2026-09-29T12:18:36.0837439Z ^[[36;1mecho "SAKSI_DEMO_BIN=${GITHUB_WORKSPACE}/target/release/saksi-demo" >> "${GITHUB_ENV}"^[[0m
Test (ubuntu-latest)	UNKNOWN STEP	2026-09-29T12:18:36.0906454Z shell: /usr/bin/bash --noprofile --norc -e -o pipefail {0}
Test (ubuntu-latest)	UNKNOWN STEP	2026-09-29T12:18:36.0906845Z env:
Test (ubuntu-latest)	UNKNOWN STEP	2026-09-29T12:18:36.0907073Z   CARGO_TERM_COLOR: always
Test (ubuntu-latest)	UNKNOWN STEP	2026-09-29T12:18:36.0907690Z   GO_MODULES: packages/saksi-protocol/go
Test (ubuntu-latest)	UNKNOWN STEP	packages/saksi-bulletin/chaincode
Test (ubuntu-latest)	UNKNOWN STEP	packages/saksi-bulletin/client-sdk
Test (ubuntu-latest)	UNKNOWN STEP	packages/saksi-campaign
Test (ubuntu-latest)	UNKNOWN STEP	
Test (ubuntu-latest)	UNKNOWN STEP	2026-09-29T12:18:36.0908329Z   GOFLAGS: -mod=mod
Test (ubuntu-latest)	UNKNOWN STEP	2026-09-29T12:18:36.0908565Z   CARGO_INCREMENTAL: 0
Test (ubuntu-latest)	UNKNOWN STEP	2026-09-29T12:18:36.0908820Z   CARGO_PROFILE_DEV_DEBUG: 0
Test (ubuntu-latest)	UNKNOWN STEP	2026-09-29T12:18:36.0909084Z   RUST_BACKTRACE: short
Test (ubuntu-latest)	UNKNOWN STEP	2026-09-29T12:18:36.0909325Z   RUSTFLAGS: -D warnings
Test (ubuntu-latest)	UNKNOWN STEP	2026-09-29T12:18:36.0909594Z   CARGO_UNSTABLE_SPARSE_REGISTRY: true
Test (ubuntu-latest)	UNKNOWN STEP	2026-09-29T12:18:36.0909917Z   CARGO_REGISTRIES_CRATES_IO_PROTOCOL: sparse
Test (ubuntu-latest)	UNKNOWN STEP	2026-09-29T12:18:36.0910478Z   CACHE_ON_FAILURE: false
Test (ubuntu-latest)	UNKNOWN STEP	2026-09-29T12:18:36.0910723Z ##[endgroup]
Test (ubuntu-latest)	UNKNOWN STEP	2026-09-29T12:18:36.1056908Z ##[group]Run actions/setup-go@v5
Test (ubuntu-latest)	UNKNOWN STEP	2026-09-29T12:18:36.1057210Z with:
Test (ubuntu-latest)	UNKNOWN STEP	2026-09-29T12:18:36.1057425Z   go-version: 1.25
Test (ubuntu-latest)	UNKNOWN STEP	2026-09-29T12:18:36.1057654Z   cache: true
Test (ubuntu-latest)	UNKNOWN STEP	2026-09-29T12:18:36.1058262Z   cache-dependency-path: packages/saksi-protocol/go/go.mod
Test (ubuntu-latest)	UNKNOWN STEP	packages/saksi-bulletin/chaincode/go.mod
Test (ubuntu-latest)	UNKNOWN STEP	packages/saksi-bulletin/client-sdk/go.mod
Test (ubuntu-latest)	UNKNOWN STEP	
Test (ubuntu-latest)	UNKNOWN STEP	2026-09-29T12:18:36.1058903Z   check-latest: false
Test (ubuntu-latest)	UNKNOWN STEP	2026-09-29T12:18:36.1061352Z   token: ***
Test (ubuntu-latest)	UNKNOWN STEP	2026-09-29T12:18:36.1061572Z env:
Test (ubuntu-latest)	UNKNOWN STEP	2026-09-29T12:18:36.1061944Z   CARGO_TERM_COLOR: always
Test (ubuntu-latest)	UNKNOWN STEP	2026-09-29T12:18:36.1062900Z   GO_MODULES: packages/saksi-protocol/go
Test (ubuntu-latest)	UNKNOWN STEP	packages/saksi-bulletin/chaincode
Test (ubuntu-latest)	UNKNOWN STEP	packages/saksi-bulletin/client-sdk
Test (ubuntu-latest)	UNKNOWN STEP	packages/saksi-campaign
Test (ubuntu-latest)	UNKNOWN STEP	
Test (ubuntu-latest)	UNKNOWN STEP	2026-09-29T12:18:36.1063615Z   GOFLAGS: -mod=mod
Test (ubuntu-latest)	UNKNOWN STEP	2026-09-29T12:18:36.1063849Z   CARGO_INCREMENTAL: 0
Test (ubuntu-latest)	UNKNOWN STEP	2026-09-29T12:18:36.1064100Z   CARGO_PROFILE_DEV_DEBUG: 0
Test (ubuntu-latest)	UNKNOWN STEP	2026-09-29T12:18:36.1064366Z   RUST_BACKTRACE: short
Test (ubuntu-latest)	UNKNOWN STEP	2026-09-29T12:18:36.1064630Z   RUSTFLAGS: -D warnings
Test (ubuntu-latest)	UNKNOWN STEP	2026-09-29T12:18:36.1064923Z   CARGO_UNSTABLE_SPARSE_REGISTRY: true
Test (ubuntu-latest)	UNKNOWN STEP	2026-09-29T12:18:36.1065451Z   CARGO_REGISTRIES_CRATES_IO_PROTOCOL: sparse
Test (ubuntu-latest)	UNKNOWN STEP	2026-09-29T12:18:36.1065764Z   CACHE_ON_FAILURE: false
Test (ubuntu-latest)	UNKNOWN STEP	2026-09-29T12:18:36.1066118Z   SAKSI_DEMO_BIN: /home/runner/work/saksi/saksi/target/release/saksi-demo
Test (ubuntu-latest)	UNKNOWN STEP	2026-09-29T12:18:36.1066504Z ##[endgroup]
Test (ubuntu-latest)	UNKNOWN STEP	2026-09-29T12:18:36.2471779Z Setup go version spec 1.25
Test (ubuntu-latest)	UNKNOWN STEP	2026-09-29T12:18:36.2523150Z Found in cache @ /opt/hostedtoolcache/go/1.25.14/x64
Test (ubuntu-latest)	UNKNOWN STEP	2026-09-29T12:18:36.2526120Z (node:3309) [DEP0040] DeprecationWarning: The `punycode` module is deprecated. Please use a userland alternative instead.
Test (ubuntu-latest)	UNKNOWN STEP	2026-09-29T12:18:36.2527331Z (Use `node --trace-deprecation ...` to show where the warning was created)
Test (ubuntu-latest)	UNKNOWN STEP	2026-09-29T12:18:36.2528280Z Added go to the path
Test (ubuntu-latest)	UNKNOWN STEP	2026-09-29T12:18:36.2531691Z Successfully set up Go version 1.25
Test (ubuntu-latest)	UNKNOWN STEP	2026-09-29T12:18:36.8787211Z [command]/opt/hostedtoolcache/go/1.25.14/x64/bin/go env GOMODCACHE
Test (ubuntu-latest)	UNKNOWN STEP	2026-09-29T12:18:36.8824631Z [command]/opt/hostedtoolcache/go/1.25.14/x64/bin/go env GOCACHE
Test (ubuntu-latest)	UNKNOWN STEP	2026-09-29T12:18:36.8892036Z /home/runner/go/pkg/mod
Test (ubuntu-latest)	UNKNOWN STEP	2026-09-29T12:18:36.8903256Z /home/runner/.cache/go-build
Test (ubuntu-latest)	UNKNOWN STEP	2026-09-29T12:18:37.0745826Z Cache hit for: setup-go-Linux-x64-ubuntu24-go-1.25.14-61bbf44200ea51c97db44eef9d5fd9d32d6f41e109b84a02d8ea08dac29e82dd
Test (ubuntu-latest)	UNKNOWN STEP	2026-09-29T12:18:37.0843715Z (node:3309) [DEP0169] DeprecationWarning: `url.parse()` behavior is not standardized and prone to errors that have security implications. Use the WHATWG URL API instead. CVEs are not issued for `url.parse()` vulnerabilities.
Test (ubuntu-latest)	UNKNOWN STEP	2026-09-29T12:18:38.2202869Z Received 79691776 of 204919207 (38.9%), 76.0 MBs/sec
Test (ubuntu-latest)	UNKNOWN STEP	2026-09-29T12:18:39.2205378Z Received 192336295 of 204919207 (93.9%), 91.8 MBs/sec
Test (ubuntu-latest)	UNKNOWN STEP	2026-09-29T12:18:39.6832580Z Received 204919207 of 204919207 (100.0%), 79.3 MBs/sec
Test (ubuntu-latest)	UNKNOWN STEP	2026-09-29T12:18:39.6833278Z Cache Size: ~195 MB (204919207 B)
Test (ubuntu-latest)	UNKNOWN STEP	2026-09-29T12:18:39.6866921Z [command]/usr/bin/tar -xf /home/runner/work/_temp/f6960e85-b1ee-408b-9b9d-f2b6fffa0fb7/cache.tzst -P -C /home/runner/work/saksi/saksi --use-compress-program unzstd
Test (ubuntu-latest)	UNKNOWN STEP	2026-09-29T12:18:41.1511352Z Cache restored successfully
Test (ubuntu-latest)	UNKNOWN STEP	2026-09-29T12:18:41.1613185Z Cache restored from key: setup-go-Linux-x64-ubuntu24-go-1.25.14-61bbf44200ea51c97db44eef9d5fd9d32d6f41e109b84a02d8ea08dac29e82dd
Test (ubuntu-latest)	UNKNOWN STEP	2026-09-29T12:18:41.1627353Z go version go1.25.14 linux/amd64
Test (ubuntu-latest)	UNKNOWN STEP	2026-09-29T12:18:41.1627837Z 
Test (ubuntu-latest)	UNKNOWN STEP	2026-09-29T12:18:41.1628296Z ##[group]go env
Test (ubuntu-latest)	UNKNOWN STEP	2026-09-29T12:18:41.1793390Z AR='ar'
Test (ubuntu-latest)	UNKNOWN STEP	2026-09-29T12:18:41.1793932Z CC='gcc'
Test (ubuntu-latest)	UNKNOWN STEP	2026-09-29T12:18:41.1794293Z CGO_CFLAGS='-O2 -g'
Test (ubuntu-latest)	UNKNOWN STEP	2026-09-29T12:18:41.1794678Z CGO_CPPFLAGS=''
Test (ubuntu-latest)	UNKNOWN STEP	2026-09-29T12:18:41.1794952Z CGO_CXXFLAGS='-O2 -g'
Test (ubuntu-latest)	UNKNOWN STEP	2026-09-29T12:18:41.1795395Z CGO_ENABLED='1'
Test (ubuntu-latest)	UNKNOWN STEP	2026-09-29T12:18:41.1795640Z CGO_FFLAGS='-O2 -g'
Test (ubuntu-latest)	UNKNOWN STEP	2026-09-29T12:18:41.1795885Z CGO_LDFLAGS='-O2 -g'
Test (ubuntu-latest)	UNKNOWN STEP	2026-09-29T12:18:41.1796129Z CXX='g++'
Test (ubuntu-latest)	UNKNOWN STEP	2026-09-29T12:18:41.1796350Z GCCGO='gccgo'
Test (ubuntu-latest)	UNKNOWN STEP	2026-09-29T12:18:41.1796583Z GO111MODULE=''
Test (ubuntu-latest)	UNKNOWN STEP	2026-09-29T12:18:41.1796808Z GOAMD64='v1'
Test (ubuntu-latest)	UNKNOWN STEP	2026-09-29T12:18:41.1797039Z GOARCH='amd64'
Test (ubuntu-latest)	UNKNOWN STEP	2026-09-29T12:18:41.1797262Z GOAUTH='netrc'
Test (ubuntu-latest)	UNKNOWN STEP	2026-09-29T12:18:41.1797744Z GOBIN=''
Test (ubuntu-latest)	UNKNOWN STEP	2026-09-29T12:18:41.1798182Z GOCACHE='/home/runner/.cache/go-build'
Test (ubuntu-latest)	UNKNOWN STEP	2026-09-29T12:18:41.1798516Z GOCACHEPROG=''
Test (ubuntu-latest)	UNKNOWN STEP	2026-09-29T12:18:41.1798737Z GODEBUG=''
Test (ubuntu-latest)	UNKNOWN STEP	2026-09-29T12:18:41.1798982Z GOENV='/home/runner/.config/go/env'
Test (ubuntu-latest)	UNKNOWN STEP	2026-09-29T12:18:41.1799265Z GOEXE=''
Test (ubuntu-latest)	UNKNOWN STEP	2026-09-29T12:18:41.1799495Z GOEXPERIMENT=''
Test (ubuntu-latest)	UNKNOWN STEP	2026-09-29T12:18:41.1799736Z GOFIPS140='off'
Test (ubuntu-latest)	UNKNOWN STEP	2026-09-29T12:18:41.1799969Z GOFLAGS='-mod=mod'
Test (ubuntu-latest)	UNKNOWN STEP	2026-09-29T12:18:41.1800720Z GOGCCFLAGS='-fPIC -m64 -pthread -Wl,--no-gc-sections -fmessage-length=0 -ffile-prefix-map=/tmp/go-build1498296762=/tmp/go-build -gno-record-gcc-switches'
Test (ubuntu-latest)	UNKNOWN STEP	2026-09-29T12:18:41.1801421Z GOHOSTARCH='amd64'
Test (ubuntu-latest)	UNKNOWN STEP	2026-09-29T12:18:41.1801668Z GOHOSTOS='linux'
Test (ubuntu-latest)	UNKNOWN STEP	2026-09-29T12:18:41.1801901Z GOINSECURE=''
Test (ubuntu-latest)	UNKNOWN STEP	2026-09-29T12:18:41.1802145Z GOMOD='/dev/null'
Test (ubuntu-latest)	UNKNOWN STEP	2026-09-29T12:18:41.1802411Z GOMODCACHE='/home/runner/go/pkg/mod'
Test (ubuntu-latest)	UNKNOWN STEP	2026-09-29T12:18:41.1802713Z GONOPROXY=''
Test (ubuntu-latest)	UNKNOWN STEP	2026-09-29T12:18:41.1802933Z GONOSUMDB=''
Test (ubuntu-latest)	UNKNOWN STEP	2026-09-29T12:18:41.1803150Z GOOS='linux'
Test (ubuntu-latest)	UNKNOWN STEP	2026-09-29T12:18:41.1803383Z GOPATH='/home/runner/go'
Test (ubuntu-latest)	UNKNOWN STEP	2026-09-29T12:18:41.1803652Z GOPRIVATE=''
Test (ubuntu-latest)	UNKNOWN STEP	2026-09-29T12:18:41.1803936Z GOPROXY='https://proxy.golang.org,direct'
Test (ubuntu-latest)	UNKNOWN STEP	2026-09-29T12:18:41.1804302Z GOROOT='/opt/hostedtoolcache/go/1.25.14/x64'
Test (ubuntu-latest)	UNKNOWN STEP	2026-09-29T12:18:41.1804625Z GOSUMDB='sum.golang.org'
Test (ubuntu-latest)	UNKNOWN STEP	2026-09-29T12:18:41.1804897Z GOTELEMETRY='local'
Test (ubuntu-latest)	UNKNOWN STEP	2026-09-29T12:18:41.1805452Z GOTELEMETRYDIR='/home/runner/.config/go/telemetry'
Test (ubuntu-latest)	UNKNOWN STEP	2026-09-29T12:18:41.1805978Z GOTMPDIR=''
Test (ubuntu-latest)	UNKNOWN STEP	2026-09-29T12:18:41.1806303Z GOTOOLCHAIN='auto'
Test (ubuntu-latest)	UNKNOWN STEP	2026-09-29T12:18:41.1806717Z GOTOOLDIR='/opt/hostedtoolcache/go/1.25.14/x64/pkg/tool/linux_amd64'
Test (ubuntu-latest)	UNKNOWN STEP	2026-09-29T12:18:41.1807114Z GOVCS=''
Test (ubuntu-latest)	UNKNOWN STEP	2026-09-29T12:18:41.1807378Z GOVERSION='go1.25.14'
Test (ubuntu-latest)	UNKNOWN STEP	2026-09-29T12:18:41.1807626Z GOWORK=''
Test (ubuntu-latest)	UNKNOWN STEP	2026-09-29T12:18:41.1807867Z PKG_CONFIG='pkg-config'
Test (ubuntu-latest)	UNKNOWN STEP	2026-09-29T12:18:41.1808024Z 
Test (ubuntu-latest)	UNKNOWN STEP	2026-09-29T12:18:41.1808372Z ##[endgroup]
Test (ubuntu-latest)	UNKNOWN STEP	2026-09-29T12:18:41.1992744Z ##[group]Run set -euo pipefail
Test (ubuntu-latest)	UNKNOWN STEP	2026-09-29T12:18:41.1993106Z ^[[36;1mset -euo pipefail^[[0m
Test (ubuntu-latest)	UNKNOWN STEP	2026-09-29T12:18:41.1993401Z ^[[36;1mfor module in ${GO_MODULES}; do^[[0m
Test (ubuntu-latest)	UNKNOWN STEP	2026-09-29T12:18:41.1993793Z ^[[36;1m  (cd "${module}" && CGO_ENABLED=1 go test -race ./...)^[[0m
Test (ubuntu-latest)	UNKNOWN STEP	2026-09-29T12:18:41.1994167Z ^[[36;1mdone^[[0m
Test (ubuntu-latest)	UNKNOWN STEP	2026-09-29T12:18:41.2067172Z shell: /usr/bin/bash --noprofile --norc -e -o pipefail {0}
Test (ubuntu-latest)	UNKNOWN STEP	2026-09-29T12:18:41.2067559Z env:
Test (ubuntu-latest)	UNKNOWN STEP	2026-09-29T12:18:41.2067790Z   CARGO_TERM_COLOR: always
Test (ubuntu-latest)	UNKNOWN STEP	2026-09-29T12:18:41.2068416Z   GO_MODULES: packages/saksi-protocol/go
Test (ubuntu-latest)	UNKNOWN STEP	packages/saksi-bulletin/chaincode
Test (ubuntu-latest)	UNKNOWN STEP	packages/saksi-bulletin/client-sdk
Test (ubuntu-latest)	UNKNOWN STEP	packages/saksi-campaign
Test (ubuntu-latest)	UNKNOWN STEP	
Test (ubuntu-latest)	UNKNOWN STEP	2026-09-29T12:18:41.2069046Z   GOFLAGS: -mod=mod
Test (ubuntu-latest)	UNKNOWN STEP	2026-09-29T12:18:41.2069291Z   CARGO_INCREMENTAL: 0
Test (ubuntu-latest)	UNKNOWN STEP	2026-09-29T12:18:41.2069548Z   CARGO_PROFILE_DEV_DEBUG: 0
Test (ubuntu-latest)	UNKNOWN STEP	2026-09-29T12:18:41.2069821Z   RUST_BACKTRACE: short
Test (ubuntu-latest)	UNKNOWN STEP	2026-09-29T12:18:41.2070086Z   RUSTFLAGS: -D warnings
Test (ubuntu-latest)	UNKNOWN STEP	2026-09-29T12:18:41.2070358Z   CARGO_UNSTABLE_SPARSE_REGISTRY: true
Test (ubuntu-latest)	UNKNOWN STEP	2026-09-29T12:18:41.2070741Z   CARGO_REGISTRIES_CRATES_IO_PROTOCOL: sparse
Test (ubuntu-latest)	UNKNOWN STEP	2026-09-29T12:18:41.2071072Z   CACHE_ON_FAILURE: false
Test (ubuntu-latest)	UNKNOWN STEP	2026-09-29T12:18:41.2071440Z   SAKSI_DEMO_BIN: /home/runner/work/saksi/saksi/target/release/saksi-demo
Test (ubuntu-latest)	UNKNOWN STEP	2026-09-29T12:18:41.2071844Z ##[endgroup]
Test (ubuntu-latest)	UNKNOWN STEP	2026-09-29T12:18:57.9630280Z ok  	github.com/saksi-framework/saksi/packages/saksi-protocol/go/saksiprotocolv1	1.009s
Test (ubuntu-latest)	UNKNOWN STEP	2026-09-29T12:19:18.3698466Z ok  	github.com/saksi-framework/saksi/packages/saksi-bulletin/chaincode	1.504s
Test (ubuntu-latest)	UNKNOWN STEP	2026-09-29T12:19:18.3699171Z ok  	github.com/saksi-framework/saksi/packages/saksi-bulletin/chaincode/cdsverify	1.042s
Test (ubuntu-latest)	UNKNOWN STEP	2026-09-29T12:19:18.3699826Z ok  	github.com/saksi-framework/saksi/packages/saksi-bulletin/chaincode/credverify	1.019s
Test (ubuntu-latest)	UNKNOWN STEP	2026-09-29T12:19:18.3700503Z ok  	github.com/saksi-framework/saksi/packages/saksi-bulletin/chaincode/selectionverify	1.029s
Test (ubuntu-latest)	UNKNOWN STEP	2026-09-29T12:19:19.2577392Z ok  	github.com/saksi-framework/saksi/packages/saksi-bulletin/chaincode/sigverify	1.078s
Test (ubuntu-latest)	UNKNOWN STEP	2026-09-29T12:19:19.3436558Z go: downloading google.golang.org/protobuf v1.36.0
Test (ubuntu-latest)	UNKNOWN STEP	2026-09-29T12:19:19.3445347Z go: downloading github.com/hyperledger/fabric-gateway v1.7.1
Test (ubuntu-latest)	UNKNOWN STEP	2026-09-29T12:19:19.3448995Z go: downloading github.com/hyperledger/fabric-protos-go-apiv2 v0.3.4
Test (ubuntu-latest)	UNKNOWN STEP	2026-09-29T12:19:19.6789393Z go: downloading google.golang.org/grpc v1.69.2
Test (ubuntu-latest)	UNKNOWN STEP	2026-09-29T12:19:20.0186430Z go: downloading golang.org/x/net v0.33.0
Test (ubuntu-latest)	UNKNOWN STEP	2026-09-29T12:19:20.0206393Z go: downloading google.golang.org/genproto/googleapis/rpc v0.0.0-20241015192408-796eee8c2d53
Test (ubuntu-latest)	UNKNOWN STEP	2026-09-29T12:19:20.0220567Z go: downloading golang.org/x/crypto v0.31.0
Test (ubuntu-latest)	UNKNOWN STEP	2026-09-29T12:19:20.0233579Z go: downloading golang.org/x/sys v0.28.0
Test (ubuntu-latest)	UNKNOWN STEP	2026-09-29T12:19:20.2970693Z go: downloading golang.org/x/text v0.21.0
Test (ubuntu-latest)	UNKNOWN STEP	2026-09-29T12:19:30.2092514Z ok  	github.com/saksi-framework/saksi/packages/saksi-bulletin/client-sdk	1.019s
Test (ubuntu-latest)	UNKNOWN STEP	2026-09-29T12:19:30.4204726Z ok  	github.com/saksi-framework/saksi/packages/saksi-bulletin/client-sdk/bench	1.231s
Test (ubuntu-latest)	UNKNOWN STEP	2026-09-29T12:19:30.4206149Z ?   	github.com/saksi-framework/saksi/packages/saksi-bulletin/client-sdk/cmd/saksi-console	[no test files]
Test (ubuntu-latest)	UNKNOWN STEP	2026-09-29T12:19:30.4207409Z ?   	github.com/saksi-framework/saksi/packages/saksi-bulletin/client-sdk/cmd/submit-ballot	[no test files]
Test (ubuntu-latest)	UNKNOWN STEP	2026-09-29T12:19:30.4746728Z go: downloading google.golang.org/protobuf v1.36.12
Test (ubuntu-latest)	UNKNOWN STEP	2026-09-29T12:22:08.9456793Z ok  	github.com/saksi-framework/saksi/packages/saksi-campaign	145.329s
Test (ubuntu-latest)	UNKNOWN STEP	2026-09-29T12:22:08.9457654Z ?   	github.com/saksi-framework/saksi/packages/saksi-campaign/cmd/dumpwire	[no test files]
Test (ubuntu-latest)	UNKNOWN STEP	2026-09-29T12:22:08.9458700Z ?   	github.com/saksi-framework/saksi/packages/saksi-campaign/cmd/saksi-campaign	[no test files]
Test (ubuntu-latest)	UNKNOWN STEP	2026-09-29T12:22:09.0017360Z Post job cleanup.
Test (ubuntu-latest)	UNKNOWN STEP	2026-09-29T12:22:09.1273296Z (node:12462) [DEP0040] DeprecationWarning: The `punycode` module is deprecated. Please use a userland alternative instead.
Test (ubuntu-latest)	UNKNOWN STEP	2026-09-29T12:22:09.1274080Z (Use `node --trace-deprecation ...` to show where the warning was created)
Test (ubuntu-latest)	UNKNOWN STEP	2026-09-29T12:22:09.1354854Z [command]/opt/hostedtoolcache/go/1.25.14/x64/bin/go env GOMODCACHE
Test (ubuntu-latest)	UNKNOWN STEP	2026-09-29T12:22:09.1398924Z [command]/opt/hostedtoolcache/go/1.25.14/x64/bin/go env GOCACHE
Test (ubuntu-latest)	UNKNOWN STEP	2026-09-29T12:22:09.1432682Z /home/runner/go/pkg/mod
Test (ubuntu-latest)	UNKNOWN STEP	2026-09-29T12:22:09.1453960Z /home/runner/.cache/go-build
Test (ubuntu-latest)	UNKNOWN STEP	2026-09-29T12:22:09.1464994Z Cache hit occurred on the primary key setup-go-Linux-x64-ubuntu24-go-1.25.14-61bbf44200ea51c97db44eef9d5fd9d32d6f41e109b84a02d8ea08dac29e82dd, not saving cache.
Test (ubuntu-latest)	UNKNOWN STEP	2026-09-29T12:22:09.1633825Z Post job cleanup.
Test (ubuntu-latest)	UNKNOWN STEP	2026-09-29T12:22:09.2915672Z Cache up-to-date.
Test (ubuntu-latest)	UNKNOWN STEP	2026-09-29T12:22:09.3313126Z Post job cleanup.
Test (ubuntu-latest)	UNKNOWN STEP	2026-09-29T12:22:09.3319453Z ##[start-action display=Setup Rust Caching;id=__2b18f189-52e0-4f64-9082-36233223c706.__Swatinem_rust-cache]
Test (ubuntu-latest)	UNKNOWN STEP	2026-09-29T12:22:09.3364579Z Post job cleanup.
Test (ubuntu-latest)	UNKNOWN STEP	2026-09-29T12:22:09.6218082Z Cache up-to-date.
Test (ubuntu-latest)	UNKNOWN STEP	2026-09-29T12:22:09.6221266Z (node:12493) [DEP0040] DeprecationWarning: The `punycode` module is deprecated. Please use a userland alternative instead.
Test (ubuntu-latest)	UNKNOWN STEP	2026-09-29T12:22:09.6222420Z (Use `node --trace-deprecation ...` to show where the warning was created)
Test (ubuntu-latest)	UNKNOWN STEP	2026-09-29T12:22:09.6398384Z ##[end-action id=__2b18f189-52e0-4f64-9082-36233223c706.__Swatinem_rust-cache;outcome=success;conclusion=success;duration_ms=307]
Test (ubuntu-latest)	UNKNOWN STEP	2026-09-29T12:22:09.6490898Z Post job cleanup.
Test (ubuntu-latest)	UNKNOWN STEP	2026-09-29T12:22:09.7377828Z [command]/usr/bin/git version
Test (ubuntu-latest)	UNKNOWN STEP	2026-09-29T12:22:09.7420701Z git version 2.55.0
Test (ubuntu-latest)	UNKNOWN STEP	2026-09-29T12:22:09.7477061Z Temporarily overriding HOME='/home/runner/work/_temp/2df3d5b8-7395-4ec9-8077-3d2d1b0da2a5' before making global git config changes
Test (ubuntu-latest)	UNKNOWN STEP	2026-09-29T12:22:09.7478161Z Adding repository directory to the temporary git global config as a safe directory
Test (ubuntu-latest)	UNKNOWN STEP	2026-09-29T12:22:09.7478959Z [command]/usr/bin/git config --global --add safe.directory /home/runner/work/saksi/saksi
Test (ubuntu-latest)	UNKNOWN STEP	2026-09-29T12:22:09.7523020Z [command]/usr/bin/git config --local --name-only --get-regexp core\.sshCommand
Test (ubuntu-latest)	UNKNOWN STEP	2026-09-29T12:22:09.7563781Z [command]/usr/bin/git submodule foreach --recursive sh -c "git config --local --name-only --get-regexp 'core\.sshCommand' && git config --local --unset-all 'core.sshCommand' || :"
Test (ubuntu-latest)	UNKNOWN STEP	2026-09-29T12:22:09.7847065Z [command]/usr/bin/git config --local --name-only --get-regexp http\.https\:\/\/github\.com\/\.extraheader
Test (ubuntu-latest)	UNKNOWN STEP	2026-09-29T12:22:09.7873547Z http.https://github.com/.extraheader
Test (ubuntu-latest)	UNKNOWN STEP	2026-09-29T12:22:09.7886908Z [command]/usr/bin/git config --local --unset-all http.https://github.com/.extraheader
Test (ubuntu-latest)	UNKNOWN STEP	2026-09-29T12:22:09.7926041Z [command]/usr/bin/git submodule foreach --recursive sh -c "git config --local --name-only --get-regexp 'http\.https\:\/\/github\.com\/\.extraheader' && git config --local --unset-all 'http.https://github.com/.extraheader' || :"
Test (ubuntu-latest)	UNKNOWN STEP	2026-09-29T12:22:09.8226880Z [command]/usr/bin/git config --local --name-only --get-regexp ^includeIf\.gitdir:
Test (ubuntu-latest)	UNKNOWN STEP	2026-09-29T12:22:09.8263118Z [command]/usr/bin/git submodule foreach --recursive git config --local --show-origin --name-only --get-regexp remote.origin.url
Test (ubuntu-latest)	UNKNOWN STEP	2026-09-29T12:22:09.8731843Z Cleaning up orphan processes
Test (ubuntu-latest)	UNKNOWN STEP	2026-09-29T12:22:09.9078581Z ##[warning]Node.js 20 is deprecated. The following actions target Node.js 20 but are being forced to run on Node.js 24: actions/checkout@v4, actions/setup-go@v5. For more information see: https://github.blog/changelog/2025-09-19-deprecation-of-node-20-on-github-actions-runners/
Test (macos-latest)	UNKNOWN STEP	﻿2026-09-29T12:18:29.6766950Z Current runner version: '2.337.0'
Test (macos-latest)	UNKNOWN STEP	2026-09-29T12:18:29.6800730Z ##[group]Runner Image Provisioner
Test (macos-latest)	UNKNOWN STEP	2026-09-29T12:18:29.6802310Z Hosted Compute Agent
Test (macos-latest)	UNKNOWN STEP	2026-09-29T12:18:29.6803310Z Version: 20260828.587
Test (macos-latest)	UNKNOWN STEP	2026-09-29T12:18:29.6804390Z Commit: abac92662cab4cc7352de4f9f9d2e2419aad9c29
Test (macos-latest)	UNKNOWN STEP	2026-09-29T12:18:29.6805680Z Build Date: 2026-08-28T16:44:25Z
Test (macos-latest)	UNKNOWN STEP	2026-09-29T12:18:29.6806840Z Worker ID: {f1f35e71-74a0-403d-ae1a-4261b2aeafbb}
Test (macos-latest)	UNKNOWN STEP	2026-09-29T12:18:29.6808100Z Azure Region: westus
Test (macos-latest)	UNKNOWN STEP	2026-09-29T12:18:29.6809100Z ##[endgroup]
Test (macos-latest)	UNKNOWN STEP	2026-09-29T12:18:29.6812290Z ##[group]Operating System
Test (macos-latest)	UNKNOWN STEP	2026-09-29T12:18:29.6813370Z macOS
Test (macos-latest)	UNKNOWN STEP	2026-09-29T12:18:29.6813760Z 26.6.2
Test (macos-latest)	UNKNOWN STEP	2026-09-29T12:18:29.6814090Z 25G83
Test (macos-latest)	UNKNOWN STEP	2026-09-29T12:18:29.6814450Z ##[endgroup]
Test (macos-latest)	UNKNOWN STEP	2026-09-29T12:18:29.6814810Z ##[group]Runner Image
Test (macos-latest)	UNKNOWN STEP	2026-09-29T12:18:29.6815200Z Image: macos-26-arm64
Test (macos-latest)	UNKNOWN STEP	2026-09-29T12:18:29.6815570Z Version: 20260907.0351.1
Test (macos-latest)	UNKNOWN STEP	2026-09-29T12:18:29.6816590Z Included Software: https://github.com/actions/runner-images/blob/macos-26-arm64/20260907.0351/images/macos/macos-26-arm64-Readme.md
Test (macos-latest)	UNKNOWN STEP	2026-09-29T12:18:29.6817810Z Image Release: https://github.com/actions/runner-images/releases/tag/macos-26-arm64%2F20260907.0351
Test (macos-latest)	UNKNOWN STEP	2026-09-29T12:18:29.6818670Z ##[endgroup]
Test (macos-latest)	UNKNOWN STEP	2026-09-29T12:18:29.6819580Z ##[group]GITHUB_TOKEN Permissions
Test (macos-latest)	UNKNOWN STEP	2026-09-29T12:18:29.6821110Z Contents: read
Test (macos-latest)	UNKNOWN STEP	2026-09-29T12:18:29.6821560Z Metadata: read
Test (macos-latest)	UNKNOWN STEP	2026-09-29T12:18:29.6821990Z ##[endgroup]
Test (macos-latest)	UNKNOWN STEP	2026-09-29T12:18:29.6823730Z Secret source: Actions
Test (macos-latest)	UNKNOWN STEP	2026-09-29T12:18:29.6824310Z Cache mode: write
Test (macos-latest)	UNKNOWN STEP	2026-09-29T12:18:29.6824770Z Prepare workflow directory
Test (macos-latest)	UNKNOWN STEP	2026-09-29T12:18:29.7262110Z Prepare all required actions
Test (macos-latest)	UNKNOWN STEP	2026-09-29T12:18:29.7341190Z Getting action download info
Test (macos-latest)	UNKNOWN STEP	2026-09-29T12:18:30.1844930Z Download action repository 'actions/checkout@v4' (SHA:11d5960a326750d5838078e36cf38b85af677262)
Test (macos-latest)	UNKNOWN STEP	2026-09-29T12:18:30.4760840Z Download action repository 'actions-rust-lang/setup-rust-toolchain@v1' (SHA:166cdcfd11aee3cb47222f9ddb555ce30ddb9659)
Test (macos-latest)	UNKNOWN STEP	2026-09-29T12:18:30.8828990Z Download action repository 'Swatinem/rust-cache@v2' (SHA:6323deb102c322ba6fcbdcafc7e3dddab59af2b6)
Test (macos-latest)	UNKNOWN STEP	2026-09-29T12:18:31.3225910Z Download action repository 'actions/setup-go@v5' (SHA:40f1582b2485089dde7abd97c1529aa768e1baff)
Test (macos-latest)	UNKNOWN STEP	2026-09-29T12:18:32.0451610Z Getting action download info
Test (macos-latest)	UNKNOWN STEP	2026-09-29T12:18:32.1974780Z Download action repository 'Swatinem/rust-cache@c19371144df3bb44fab255c43d04cbc2ab54d1c4' (SHA:c19371144df3bb44fab255c43d04cbc2ab54d1c4)
Test (macos-latest)	UNKNOWN STEP	2026-09-29T12:18:32.7814150Z Complete job name: Test (macos-latest)
Test (macos-latest)	UNKNOWN STEP	2026-09-29T12:18:32.8567610Z ##[group]Run actions/checkout@v4
Test (macos-latest)	UNKNOWN STEP	2026-09-29T12:18:32.8568570Z with:
Test (macos-latest)	UNKNOWN STEP	2026-09-29T12:18:32.8569240Z   repository: saksi-framework/saksi
Test (macos-latest)	UNKNOWN STEP	2026-09-29T12:18:32.8575700Z   token: ***
Test (macos-latest)	UNKNOWN STEP	2026-09-29T12:18:32.8576330Z   ssh-strict: true
Test (macos-latest)	UNKNOWN STEP	2026-09-29T12:18:32.8576900Z   ssh-user: git
Test (macos-latest)	UNKNOWN STEP	2026-09-29T12:18:32.8578260Z   persist-credentials: true
Test (macos-latest)	UNKNOWN STEP	2026-09-29T12:18:32.8578940Z   clean: true
Test (macos-latest)	UNKNOWN STEP	2026-09-29T12:18:32.8579620Z   sparse-checkout-cone-mode: true
Test (macos-latest)	UNKNOWN STEP	2026-09-29T12:18:32.8580290Z   fetch-depth: 1
Test (macos-latest)	UNKNOWN STEP	2026-09-29T12:18:32.8580960Z   fetch-tags: false
Test (macos-latest)	UNKNOWN STEP	2026-09-29T12:18:32.8581580Z   show-progress: true
Test (macos-latest)	UNKNOWN STEP	2026-09-29T12:18:32.8608830Z   lfs: false
Test (macos-latest)	UNKNOWN STEP	2026-09-29T12:18:32.8611050Z   submodules: false
Test (macos-latest)	UNKNOWN STEP	2026-09-29T12:18:32.8612540Z   set-safe-directory: true
Test (macos-latest)	UNKNOWN STEP	2026-09-29T12:18:32.8614130Z   allow-unsafe-pr-checkout: false
Test (macos-latest)	UNKNOWN STEP	2026-09-29T12:18:32.8618300Z env:
Test (macos-latest)	UNKNOWN STEP	2026-09-29T12:18:32.8619700Z   CARGO_TERM_COLOR: always
Test (macos-latest)	UNKNOWN STEP	2026-09-29T12:18:32.8623690Z   GO_MODULES: packages/saksi-protocol/go
Test (macos-latest)	UNKNOWN STEP	packages/saksi-bulletin/chaincode
Test (macos-latest)	UNKNOWN STEP	packages/saksi-bulletin/client-sdk
Test (macos-latest)	UNKNOWN STEP	packages/saksi-campaign
Test (macos-latest)	UNKNOWN STEP	
Test (macos-latest)	UNKNOWN STEP	2026-09-29T12:18:32.8627370Z   GOFLAGS: -mod=mod
Test (macos-latest)	UNKNOWN STEP	2026-09-29T12:18:32.8629180Z ##[endgroup]
Test (macos-latest)	UNKNOWN STEP	2026-09-29T12:18:33.4338450Z Syncing repository: saksi-framework/saksi
Test (macos-latest)	UNKNOWN STEP	2026-09-29T12:18:33.4340540Z ##[group]Getting Git version info
Test (macos-latest)	UNKNOWN STEP	2026-09-29T12:18:33.4341370Z Working directory is '/Users/runner/work/saksi/saksi'
Test (macos-latest)	UNKNOWN STEP	2026-09-29T12:18:33.4342750Z [command]/opt/homebrew/bin/git version
Test (macos-latest)	UNKNOWN STEP	2026-09-29T12:18:33.5151290Z git version 2.55.0
Test (macos-latest)	UNKNOWN STEP	2026-09-29T12:18:33.5173510Z ##[endgroup]
Test (macos-latest)	UNKNOWN STEP	2026-09-29T12:18:33.5186350Z Copying '/Users/runner/.gitconfig' to '/Users/runner/work/_temp/0e7750c9-7f85-40b7-a183-1204c1366f10/.gitconfig'
Test (macos-latest)	UNKNOWN STEP	2026-09-29T12:18:33.5200160Z Temporarily overriding HOME='/Users/runner/work/_temp/0e7750c9-7f85-40b7-a183-1204c1366f10' before making global git config changes
Test (macos-latest)	UNKNOWN STEP	2026-09-29T12:18:33.5204670Z Adding repository directory to the temporary git global config as a safe directory
Test (macos-latest)	UNKNOWN STEP	2026-09-29T12:18:33.5208470Z [command]/opt/homebrew/bin/git config --global --add safe.directory /Users/runner/work/saksi/saksi
Test (macos-latest)	UNKNOWN STEP	2026-09-29T12:18:33.5346590Z Deleting the contents of '/Users/runner/work/saksi/saksi'
Test (macos-latest)	UNKNOWN STEP	2026-09-29T12:18:33.5350540Z ##[group]Initializing the repository
Test (macos-latest)	UNKNOWN STEP	2026-09-29T12:18:33.5353430Z [command]/opt/homebrew/bin/git init /Users/runner/work/saksi/saksi
Test (macos-latest)	UNKNOWN STEP	2026-09-29T12:18:33.5650300Z hint: Using 'master' as the name for the initial branch. This default branch name
Test (macos-latest)	UNKNOWN STEP	2026-09-29T12:18:33.5654350Z hint: will change to "main" in Git 3.0. To configure the initial branch name
Test (macos-latest)	UNKNOWN STEP	2026-09-29T12:18:33.5683740Z hint: to use in all of your new repositories, which will suppress this warning,
Test (macos-latest)	UNKNOWN STEP	2026-09-29T12:18:33.5687640Z hint: call:
Test (macos-latest)	UNKNOWN STEP	2026-09-29T12:18:33.5711940Z hint:
Test (macos-latest)	UNKNOWN STEP	2026-09-29T12:18:33.5712930Z hint: 	git config --global init.defaultBranch <name>
Test (macos-latest)	UNKNOWN STEP	2026-09-29T12:18:33.5796090Z hint:
Test (macos-latest)	UNKNOWN STEP	2026-09-29T12:18:33.5798690Z hint: Names commonly chosen instead of 'master' are 'main', 'trunk' and
Test (macos-latest)	UNKNOWN STEP	2026-09-29T12:18:33.5801920Z hint: 'development'. The just-created branch can be renamed via this command:
Test (macos-latest)	UNKNOWN STEP	2026-09-29T12:18:33.5804360Z hint:
Test (macos-latest)	UNKNOWN STEP	2026-09-29T12:18:33.5806380Z hint: 	git branch -m <name>
Test (macos-latest)	UNKNOWN STEP	2026-09-29T12:18:33.5807960Z hint:
Test (macos-latest)	UNKNOWN STEP	2026-09-29T12:18:33.5810540Z hint: Disable this message with "git config set advice.defaultBranchName false"
Test (macos-latest)	UNKNOWN STEP	2026-09-29T12:18:33.5814970Z Initialized empty Git repository in /Users/runner/work/saksi/saksi/.git/
Test (macos-latest)	UNKNOWN STEP	2026-09-29T12:18:33.5851480Z [command]/opt/homebrew/bin/git remote add origin https://github.com/saksi-framework/saksi
Test (macos-latest)	UNKNOWN STEP	2026-09-29T12:18:33.5865760Z ##[endgroup]
Test (macos-latest)	UNKNOWN STEP	2026-09-29T12:18:33.5869540Z ##[group]Disabling automatic garbage collection
Test (macos-latest)	UNKNOWN STEP	2026-09-29T12:18:33.5873940Z [command]/opt/homebrew/bin/git config --local gc.auto 0
Test (macos-latest)	UNKNOWN STEP	2026-09-29T12:18:33.5948870Z ##[endgroup]
Test (macos-latest)	UNKNOWN STEP	2026-09-29T12:18:33.5950270Z ##[group]Setting up auth
Test (macos-latest)	UNKNOWN STEP	2026-09-29T12:18:33.5953650Z [command]/opt/homebrew/bin/git config --local --name-only --get-regexp core\.sshCommand
Test (macos-latest)	UNKNOWN STEP	2026-09-29T12:18:33.6144790Z [command]/opt/homebrew/bin/git submodule foreach --recursive sh -c "git config --local --name-only --get-regexp 'core\.sshCommand' && git config --local --unset-all 'core.sshCommand' || :"
Test (macos-latest)	UNKNOWN STEP	2026-09-29T12:18:33.7344670Z [command]/opt/homebrew/bin/git config --local --name-only --get-regexp http\.https\:\/\/github\.com\/\.extraheader
Test (macos-latest)	UNKNOWN STEP	2026-09-29T12:18:33.7437150Z [command]/opt/homebrew/bin/git submodule foreach --recursive sh -c "git config --local --name-only --get-regexp 'http\.https\:\/\/github\.com\/\.extraheader' && git config --local --unset-all 'http.https://github.com/.extraheader' || :"
Test (macos-latest)	UNKNOWN STEP	2026-09-29T12:18:33.8934630Z [command]/opt/homebrew/bin/git config --local --name-only --get-regexp ^includeIf\.gitdir:
Test (macos-latest)	UNKNOWN STEP	2026-09-29T12:18:33.9252580Z [command]/opt/homebrew/bin/git submodule foreach --recursive git config --local --show-origin --name-only --get-regexp remote.origin.url
Test (macos-latest)	UNKNOWN STEP	2026-09-29T12:18:34.0484130Z [command]/opt/homebrew/bin/git config --local http.https://github.com/.extraheader AUTHORIZATION: basic ***
Test (macos-latest)	UNKNOWN STEP	2026-09-29T12:18:34.0580920Z ##[endgroup]
Test (macos-latest)	UNKNOWN STEP	2026-09-29T12:18:34.0582370Z ##[group]Fetching the repository
Test (macos-latest)	UNKNOWN STEP	2026-09-29T12:18:34.0591150Z [command]/opt/homebrew/bin/git -c protocol.version=2 fetch --no-tags --prune --no-recurse-submodules --depth=1 origin +4a38a54fe0223b58f28c53ec54e47fbeab222837:refs/remotes/origin/main
Test (macos-latest)	UNKNOWN STEP	2026-09-29T12:18:34.7203970Z From https://github.com/saksi-framework/saksi
Test (macos-latest)	UNKNOWN STEP	2026-09-29T12:18:34.7206320Z  * [new ref]         4a38a54fe0223b58f28c53ec54e47fbeab222837 -> origin/main
Test (macos-latest)	UNKNOWN STEP	2026-09-29T12:18:34.7213140Z ##[endgroup]
Test (macos-latest)	UNKNOWN STEP	2026-09-29T12:18:34.7214110Z ##[group]Determining the checkout info
Test (macos-latest)	UNKNOWN STEP	2026-09-29T12:18:34.7215150Z ##[endgroup]
Test (macos-latest)	UNKNOWN STEP	2026-09-29T12:18:34.7219540Z [command]/opt/homebrew/bin/git sparse-checkout disable
Test (macos-latest)	UNKNOWN STEP	2026-09-29T12:18:34.7368480Z [command]/opt/homebrew/bin/git config --local --unset-all extensions.worktreeConfig
Test (macos-latest)	UNKNOWN STEP	2026-09-29T12:18:34.7525370Z ##[group]Checking out the ref
Test (macos-latest)	UNKNOWN STEP	2026-09-29T12:18:34.7527240Z [command]/opt/homebrew/bin/git checkout --progress --force -B main refs/remotes/origin/main
Test (macos-latest)	UNKNOWN STEP	2026-09-29T12:18:34.8297890Z Switched to a new branch 'main'
Test (macos-latest)	UNKNOWN STEP	2026-09-29T12:18:34.8302000Z branch 'main' set up to track 'origin/main'.
Test (macos-latest)	UNKNOWN STEP	2026-09-29T12:18:34.8305670Z ##[endgroup]
Test (macos-latest)	UNKNOWN STEP	2026-09-29T12:18:34.8551420Z [command]/opt/homebrew/bin/git log -1 --format=%H
Test (macos-latest)	UNKNOWN STEP	2026-09-29T12:18:34.8617210Z 4a38a54fe0223b58f28c53ec54e47fbeab222837
Test (macos-latest)	UNKNOWN STEP	2026-09-29T12:18:34.9250170Z ##[group]Run actions-rust-lang/setup-rust-toolchain@v1
Test (macos-latest)	UNKNOWN STEP	2026-09-29T12:18:34.9250550Z with:
Test (macos-latest)	UNKNOWN STEP	2026-09-29T12:18:34.9250730Z   cache: true
Test (macos-latest)	UNKNOWN STEP	2026-09-29T12:18:34.9250920Z   cache-on-failure: true
Test (macos-latest)	UNKNOWN STEP	2026-09-29T12:18:34.9251140Z   cache-bin: true
Test (macos-latest)	UNKNOWN STEP	2026-09-29T12:18:34.9251330Z   cache-provider: github
Test (macos-latest)	UNKNOWN STEP	2026-09-29T12:18:34.9251600Z   cache-all-crates: false
Test (macos-latest)	UNKNOWN STEP	2026-09-29T12:18:34.9251850Z   cache-workspace-crates: false
Test (macos-latest)	UNKNOWN STEP	2026-09-29T12:18:34.9252100Z   cache-save-if: true
Test (macos-latest)	UNKNOWN STEP	2026-09-29T12:18:34.9252380Z   cache-targets: true
Test (macos-latest)	UNKNOWN STEP	2026-09-29T12:18:34.9252590Z   matcher: true
Test (macos-latest)	UNKNOWN STEP	2026-09-29T12:18:34.9252840Z   rustflags: -D warnings
Test (macos-latest)	UNKNOWN STEP	2026-09-29T12:18:34.9253060Z   override: true
Test (macos-latest)	UNKNOWN STEP	2026-09-29T12:18:34.9253240Z env:
Test (macos-latest)	UNKNOWN STEP	2026-09-29T12:18:34.9253410Z   CARGO_TERM_COLOR: always
Test (macos-latest)	UNKNOWN STEP	2026-09-29T12:18:34.9253920Z   GO_MODULES: packages/saksi-protocol/go
Test (macos-latest)	UNKNOWN STEP	packages/saksi-bulletin/chaincode
Test (macos-latest)	UNKNOWN STEP	packages/saksi-bulletin/client-sdk
Test (macos-latest)	UNKNOWN STEP	packages/saksi-campaign
Test (macos-latest)	UNKNOWN STEP	
Test (macos-latest)	UNKNOWN STEP	2026-09-29T12:18:34.9254430Z   GOFLAGS: -mod=mod
Test (macos-latest)	UNKNOWN STEP	2026-09-29T12:18:34.9254680Z ##[endgroup]
Test (macos-latest)	UNKNOWN STEP	2026-09-29T12:18:34.9307710Z ##[start-action display=Unbork mac;id=__actions-rust-lang_setup-rust-toolchain.__run]
Test (macos-latest)	UNKNOWN STEP	2026-09-29T12:18:34.9367830Z ##[group]Run brew install bash
Test (macos-latest)	UNKNOWN STEP	2026-09-29T12:18:34.9368150Z ^[[36;1mbrew install bash^[[0m
Test (macos-latest)	UNKNOWN STEP	2026-09-29T12:18:34.9420930Z shell: /bin/bash --noprofile --norc -e -o pipefail {0}
Test (macos-latest)	UNKNOWN STEP	2026-09-29T12:18:34.9421260Z env:
Test (macos-latest)	UNKNOWN STEP	2026-09-29T12:18:34.9421440Z   CARGO_TERM_COLOR: always
Test (macos-latest)	UNKNOWN STEP	2026-09-29T12:18:34.9421950Z   GO_MODULES: packages/saksi-protocol/go
Test (macos-latest)	UNKNOWN STEP	packages/saksi-bulletin/chaincode
Test (macos-latest)	UNKNOWN STEP	packages/saksi-bulletin/client-sdk
Test (macos-latest)	UNKNOWN STEP	packages/saksi-campaign
Test (macos-latest)	UNKNOWN STEP	
Test (macos-latest)	UNKNOWN STEP	2026-09-29T12:18:34.9422450Z   GOFLAGS: -mod=mod
Test (macos-latest)	UNKNOWN STEP	2026-09-29T12:18:34.9422620Z ##[endgroup]
Test (macos-latest)	UNKNOWN STEP	2026-09-29T12:18:38.4855210Z ^[[32m==>^[[0m ^[[1mDownloading bottle manifests^[[0m
Test (macos-latest)	UNKNOWN STEP	2026-09-29T12:18:38.5150620Z ✔︎ Bottle Manifest bash (5.3.15)
Test (macos-latest)	UNKNOWN STEP	2026-09-29T12:18:38.5151110Z ^[[34m==>^[[0m ^[[1mWould install 1 formula:^[[0m
Test (macos-latest)	UNKNOWN STEP	2026-09-29T12:18:38.5254040Z bash
Test (macos-latest)	UNKNOWN STEP	2026-09-29T12:18:38.5842780Z ^[[34m==>^[[0m ^[[1mWould install 1 dependency for bash:^[[0m
Test (macos-latest)	UNKNOWN STEP	2026-09-29T12:18:38.5843520Z ncurses
Test (macos-latest)	UNKNOWN STEP	2026-09-29T12:18:38.5981040Z ^[[32m==>^[[0m ^[[1mFetching downloads for: ^[[32mbash^[[39m^[[0m
Test (macos-latest)	UNKNOWN STEP	2026-09-29T12:18:38.8734030Z ✔︎ Bottle Manifest ncurses (6.6)
Test (macos-latest)	UNKNOWN STEP	2026-09-29T12:18:39.0552240Z ✔︎ Bottle bash (5.3.15)
Test (macos-latest)	UNKNOWN STEP	2026-09-29T12:18:39.6836200Z ✔︎ Bottle ncurses (6.6)
Test (macos-latest)	UNKNOWN STEP	2026-09-29T12:18:39.7047470Z ^[[32m==>^[[0m ^[[1mInstalling bash dependency: ^[[32mncurses^[[39m^[[0m
Test (macos-latest)	UNKNOWN STEP	2026-09-29T12:18:39.7081390Z ^[[34m==>^[[0m ^[[1mPouring ncurses--6.6.arm64_tahoe.bottle.tar.gz^[[0m
Test (macos-latest)	UNKNOWN STEP	2026-09-29T12:18:40.3947400Z 🍺  /opt/homebrew/Cellar/ncurses/6.6: 4,086 files, 10.3MB
Test (macos-latest)	UNKNOWN STEP	2026-09-29T12:18:40.3956530Z ^[[32m==>^[[0m ^[[1mInstalling ^[[32mbash^[[39m^[[0m
Test (macos-latest)	UNKNOWN STEP	2026-09-29T12:18:40.3963270Z ^[[34m==>^[[0m ^[[1mPouring bash--5.3.15.arm64_tahoe.bottle.tar.gz^[[0m
Test (macos-latest)	UNKNOWN STEP	2026-09-29T12:18:40.6288540Z 🍺  /opt/homebrew/Cellar/bash/5.3.15: 172 files, 13MB
Test (macos-latest)	UNKNOWN STEP	2026-09-29T12:18:40.6299190Z ^[[32m==>^[[0m ^[[1mCaveats^[[0m
Test (macos-latest)	UNKNOWN STEP	2026-09-29T12:18:40.6300200Z ^[[34m==>^[[0m ^[[1mbash^[[0m
Test (macos-latest)	UNKNOWN STEP	2026-09-29T12:18:40.6301930Z DEFAULT_LOADABLE_BUILTINS_PATH: /opt/homebrew/lib/bash:/usr/local/lib/bash:/usr/lib/bash:/opt/local/lib/bash:/usr/pkg/lib/bash:/opt/pkg/lib/bash:.
Test (macos-latest)	UNKNOWN STEP	2026-09-29T12:18:40.6416190Z ##[end-action id=__actions-rust-lang_setup-rust-toolchain.__run;outcome=success;conclusion=success;duration_ms=5710]
Test (macos-latest)	UNKNOWN STEP	2026-09-29T12:18:40.6452020Z ##[start-action display=Run : construct rustup command line;id=__actions-rust-lang_setup-rust-toolchain.flags]
Test (macos-latest)	UNKNOWN STEP	2026-09-29T12:18:40.6478310Z ##[group]Run : construct rustup command line
Test (macos-latest)	UNKNOWN STEP	2026-09-29T12:18:40.6485640Z ^[[36;1m: construct rustup command line^[[0m
Test (macos-latest)	UNKNOWN STEP	2026-09-29T12:18:40.6486200Z ^[[36;1mecho "targets=$(for t in ${_srt_targets//,/ }; do echo -n ' --target' $t; done)" >> $GITHUB_OUTPUT^[[0m
Test (macos-latest)	UNKNOWN STEP	2026-09-29T12:18:40.6486950Z ^[[36;1mecho "components=$(for c in ${_srt_components//,/ }; do echo -n ' --component' $c; done)" >> $GITHUB_OUTPUT^[[0m
Test (macos-latest)	UNKNOWN STEP	2026-09-29T12:18:40.6487460Z ^[[36;1mecho "downgrade=" >> $GITHUB_OUTPUT^[[0m
Test (macos-latest)	UNKNOWN STEP	2026-09-29T12:18:40.6500120Z shell: /opt/homebrew/bin/bash --noprofile --norc -e -o pipefail {0}
Test (macos-latest)	UNKNOWN STEP	2026-09-29T12:18:40.6500540Z env:
Test (macos-latest)	UNKNOWN STEP	2026-09-29T12:18:40.6501390Z   CARGO_TERM_COLOR: always
Test (macos-latest)	UNKNOWN STEP	2026-09-29T12:18:40.6502110Z   GO_MODULES: packages/saksi-protocol/go
Test (macos-latest)	UNKNOWN STEP	packages/saksi-bulletin/chaincode
Test (macos-latest)	UNKNOWN STEP	packages/saksi-bulletin/client-sdk
Test (macos-latest)	UNKNOWN STEP	packages/saksi-campaign
Test (macos-latest)	UNKNOWN STEP	
Test (macos-latest)	UNKNOWN STEP	2026-09-29T12:18:40.6502670Z   GOFLAGS: -mod=mod
Test (macos-latest)	UNKNOWN STEP	2026-09-29T12:18:40.6502950Z   _srt_targets: 
Test (macos-latest)	UNKNOWN STEP	2026-09-29T12:18:40.6503150Z   _srt_components: 
Test (macos-latest)	UNKNOWN STEP	2026-09-29T12:18:40.6503450Z ##[endgroup]
Test (macos-latest)	UNKNOWN STEP	2026-09-29T12:18:40.7119800Z ##[end-action id=__actions-rust-lang_setup-rust-toolchain.flags;outcome=success;conclusion=success;duration_ms=66]
Test (macos-latest)	UNKNOWN STEP	2026-09-29T12:18:40.7126310Z ##[start-action display=Setting Environment Variables;id=__actions-rust-lang_setup-rust-toolchain.__run_2]
Test (macos-latest)	UNKNOWN STEP	2026-09-29T12:18:40.7150380Z ##[group]Run if [[ ! -v CARGO_INCREMENTAL ]]; then
Test (macos-latest)	UNKNOWN STEP	2026-09-29T12:18:40.7150850Z ^[[36;1mif [[ ! -v CARGO_INCREMENTAL ]]; then^[[0m
Test (macos-latest)	UNKNOWN STEP	2026-09-29T12:18:40.7151200Z ^[[36;1m  echo "CARGO_INCREMENTAL=0" >> $GITHUB_ENV^[[0m
Test (macos-latest)	UNKNOWN STEP	2026-09-29T12:18:40.7151530Z ^[[36;1mfi^[[0m
Test (macos-latest)	UNKNOWN STEP	2026-09-29T12:18:40.7151920Z ^[[36;1mif [[ ! -v CARGO_PROFILE_DEV_DEBUG ]]; then^[[0m
Test (macos-latest)	UNKNOWN STEP	2026-09-29T12:18:40.7152210Z ^[[36;1m  echo "CARGO_PROFILE_DEV_DEBUG=0" >> $GITHUB_ENV^[[0m
Test (macos-latest)	UNKNOWN STEP	2026-09-29T12:18:40.7152460Z ^[[36;1mfi^[[0m
Test (macos-latest)	UNKNOWN STEP	2026-09-29T12:18:40.7152650Z ^[[36;1mif [[ ! -v CARGO_TERM_COLOR ]]; then^[[0m
Test (macos-latest)	UNKNOWN STEP	2026-09-29T12:18:40.7153340Z ^[[36;1m  echo "CARGO_TERM_COLOR=always" >> $GITHUB_ENV^[[0m
Test (macos-latest)	UNKNOWN STEP	2026-09-29T12:18:40.7153670Z ^[[36;1mfi^[[0m
Test (macos-latest)	UNKNOWN STEP	2026-09-29T12:18:40.7153980Z ^[[36;1mif [[ ! -v RUST_BACKTRACE ]]; then^[[0m
Test (macos-latest)	UNKNOWN STEP	2026-09-29T12:18:40.7154470Z ^[[36;1m  echo "RUST_BACKTRACE=short" >> $GITHUB_ENV^[[0m
Test (macos-latest)	UNKNOWN STEP	2026-09-29T12:18:40.7154720Z ^[[36;1mfi^[[0m
Test (macos-latest)	UNKNOWN STEP	2026-09-29T12:18:40.7155110Z ^[[36;1mif [[ ( ! -v RUSTFLAGS ) && $_srt_NEW_RUSTFLAGS != "" ]]; then^[[0m
Test (macos-latest)	UNKNOWN STEP	2026-09-29T12:18:40.7155600Z ^[[36;1m  echo "RUSTFLAGS=$_srt_NEW_RUSTFLAGS" >> $GITHUB_ENV^[[0m
Test (macos-latest)	UNKNOWN STEP	2026-09-29T12:18:40.7156070Z ^[[36;1mfi^[[0m
Test (macos-latest)	UNKNOWN STEP	2026-09-29T12:18:40.7156300Z ^[[36;1m# Enable faster sparse index on nightly^[[0m
Test (macos-latest)	UNKNOWN STEP	2026-09-29T12:18:40.7156710Z ^[[36;1m# The value is ignored on stable and causes no problems^[[0m
Test (macos-latest)	UNKNOWN STEP	2026-09-29T12:18:40.7157220Z ^[[36;1m# https://internals.rust-lang.org/t/call-for-testing-cargo-sparse-registry/16862^[[0m
Test (macos-latest)	UNKNOWN STEP	2026-09-29T12:18:40.7157650Z ^[[36;1mif [[ ! -v CARGO_UNSTABLE_SPARSE_REGISTRY ]]; then^[[0m
Test (macos-latest)	UNKNOWN STEP	2026-09-29T12:18:40.7158090Z ^[[36;1m  echo "CARGO_UNSTABLE_SPARSE_REGISTRY=true" >> $GITHUB_ENV^[[0m
Test (macos-latest)	UNKNOWN STEP	2026-09-29T12:18:40.7158450Z ^[[36;1mfi^[[0m
Test (macos-latest)	UNKNOWN STEP	2026-09-29T12:18:40.7158770Z ^[[36;1mif [[ ! -v CARGO_REGISTRIES_CRATES_IO_PROTOCOL ]]; then^[[0m
Test (macos-latest)	UNKNOWN STEP	2026-09-29T12:18:40.7159160Z ^[[36;1m  echo "CARGO_REGISTRIES_CRATES_IO_PROTOCOL=sparse" >> $GITHUB_ENV^[[0m
Test (macos-latest)	UNKNOWN STEP	2026-09-29T12:18:40.7159450Z ^[[36;1mfi^[[0m
Test (macos-latest)	UNKNOWN STEP	2026-09-29T12:18:40.7171840Z shell: /opt/homebrew/bin/bash --noprofile --norc -e -o pipefail {0}
Test (macos-latest)	UNKNOWN STEP	2026-09-29T12:18:40.7172240Z env:
Test (macos-latest)	UNKNOWN STEP	2026-09-29T12:18:40.7172470Z   CARGO_TERM_COLOR: always
Test (macos-latest)	UNKNOWN STEP	2026-09-29T12:18:40.7172920Z   GO_MODULES: packages/saksi-protocol/go
Test (macos-latest)	UNKNOWN STEP	packages/saksi-bulletin/chaincode
Test (macos-latest)	UNKNOWN STEP	packages/saksi-bulletin/client-sdk
Test (macos-latest)	UNKNOWN STEP	packages/saksi-campaign
Test (macos-latest)	UNKNOWN STEP	
Test (macos-latest)	UNKNOWN STEP	2026-09-29T12:18:40.7173470Z   GOFLAGS: -mod=mod
Test (macos-latest)	UNKNOWN STEP	2026-09-29T12:18:40.7173680Z   _srt_NEW_RUSTFLAGS: -D warnings
Test (macos-latest)	UNKNOWN STEP	2026-09-29T12:18:40.7173940Z ##[endgroup]
Test (macos-latest)	UNKNOWN STEP	2026-09-29T12:18:40.7568710Z ##[end-action id=__actions-rust-lang_setup-rust-toolchain.__run_2;outcome=success;conclusion=success;duration_ms=44]
Test (macos-latest)	UNKNOWN STEP	2026-09-29T12:18:40.7571910Z ##[start-action display=Install Rust Problem Matcher;id=__actions-rust-lang_setup-rust-toolchain.__run_3]
Test (macos-latest)	UNKNOWN STEP	2026-09-29T12:18:40.7599060Z ##[group]Run echo "::add-matcher::/Users/runner/work/_actions/actions-rust-lang/setup-rust-toolchain/v1/rust.json"
Test (macos-latest)	UNKNOWN STEP	2026-09-29T12:18:40.7600040Z ^[[36;1mecho "::add-matcher::/Users/runner/work/_actions/actions-rust-lang/setup-rust-toolchain/v1/rust.json"^[[0m
Test (macos-latest)	UNKNOWN STEP	2026-09-29T12:18:40.7614980Z shell: /opt/homebrew/bin/bash --noprofile --norc -e -o pipefail {0}
Test (macos-latest)	UNKNOWN STEP	2026-09-29T12:18:40.7615340Z env:
Test (macos-latest)	UNKNOWN STEP	2026-09-29T12:18:40.7633970Z   CARGO_TERM_COLOR: always
Test (macos-latest)	UNKNOWN STEP	2026-09-29T12:18:40.7634900Z   GO_MODULES: packages/saksi-protocol/go
Test (macos-latest)	UNKNOWN STEP	packages/saksi-bulletin/chaincode
Test (macos-latest)	UNKNOWN STEP	packages/saksi-bulletin/client-sdk
Test (macos-latest)	UNKNOWN STEP	packages/saksi-campaign
Test (macos-latest)	UNKNOWN STEP	
Test (macos-latest)	UNKNOWN STEP	2026-09-29T12:18:40.7635470Z   GOFLAGS: -mod=mod
Test (macos-latest)	UNKNOWN STEP	2026-09-29T12:18:40.7636330Z   CARGO_INCREMENTAL: 0
Test (macos-latest)	UNKNOWN STEP	2026-09-29T12:18:40.7636630Z   CARGO_PROFILE_DEV_DEBUG: 0
Test (macos-latest)	UNKNOWN STEP	2026-09-29T12:18:40.7636850Z   RUST_BACKTRACE: short
Test (macos-latest)	UNKNOWN STEP	2026-09-29T12:18:40.7637090Z   RUSTFLAGS: -D warnings
Test (macos-latest)	UNKNOWN STEP	2026-09-29T12:18:40.7637410Z   CARGO_UNSTABLE_SPARSE_REGISTRY: true
Test (macos-latest)	UNKNOWN STEP	2026-09-29T12:18:40.7637700Z   CARGO_REGISTRIES_CRATES_IO_PROTOCOL: sparse
Test (macos-latest)	UNKNOWN STEP	2026-09-29T12:18:40.7638100Z ##[endgroup]
Test (macos-latest)	UNKNOWN STEP	2026-09-29T12:18:40.8122700Z ##[end-action id=__actions-rust-lang_setup-rust-toolchain.__run_3;outcome=success;conclusion=success;duration_ms=54]
Test (macos-latest)	UNKNOWN STEP	2026-09-29T12:18:40.8126640Z ##[start-action display=Install rustup, if needed;id=__actions-rust-lang_setup-rust-toolchain.__run_4]
Test (macos-latest)	UNKNOWN STEP	2026-09-29T12:18:40.8187710Z ##[group]Run if ! command -v rustup &> /dev/null ; then
Test (macos-latest)	UNKNOWN STEP	2026-09-29T12:18:40.8188680Z ^[[36;1mif ! command -v rustup &> /dev/null ; then^[[0m
Test (macos-latest)	UNKNOWN STEP	2026-09-29T12:18:40.8190140Z ^[[36;1m  curl --proto '=https' --tlsv1.2 --retry 10 --retry-connrefused -fsSL "https://sh.rustup.rs" | sh -s -- --default-toolchain none -y^[[0m
Test (macos-latest)	UNKNOWN STEP	2026-09-29T12:18:40.8191610Z ^[[36;1m^[[0m
Test (macos-latest)	UNKNOWN STEP	2026-09-29T12:18:40.8192170Z ^[[36;1m  # Resolve the correct CARGO_HOME path depending on OS^[[0m
Test (macos-latest)	UNKNOWN STEP	2026-09-29T12:18:40.8193000Z ^[[36;1m  if [[ "$RUNNER_OS" == "Windows" ]]; then^[[0m
Test (macos-latest)	UNKNOWN STEP	2026-09-29T12:18:40.8193930Z ^[[36;1m    echo "${CARGO_HOME:-$USERPROFILE/.cargo}/bin" | sed 's|/|\\|g' >> $GITHUB_PATH^[[0m
Test (macos-latest)	UNKNOWN STEP	2026-09-29T12:18:40.8194970Z ^[[36;1m  else^[[0m
Test (macos-latest)	UNKNOWN STEP	2026-09-29T12:18:40.8195580Z ^[[36;1m    echo "${CARGO_HOME:-$HOME/.cargo}/bin" >> $GITHUB_PATH^[[0m
Test (macos-latest)	UNKNOWN STEP	2026-09-29T12:18:40.8196440Z ^[[36;1m  fi^[[0m
Test (macos-latest)	UNKNOWN STEP	2026-09-29T12:18:40.8196630Z ^[[36;1mfi^[[0m
Test (macos-latest)	UNKNOWN STEP	2026-09-29T12:18:40.8211010Z shell: /opt/homebrew/bin/bash --noprofile --norc -e -o pipefail {0}
Test (macos-latest)	UNKNOWN STEP	2026-09-29T12:18:40.8211350Z env:
Test (macos-latest)	UNKNOWN STEP	2026-09-29T12:18:40.8211540Z   CARGO_TERM_COLOR: always
Test (macos-latest)	UNKNOWN STEP	2026-09-29T12:18:40.8212030Z   GO_MODULES: packages/saksi-protocol/go
Test (macos-latest)	UNKNOWN STEP	packages/saksi-bulletin/chaincode
Test (macos-latest)	UNKNOWN STEP	packages/saksi-bulletin/client-sdk
Test (macos-latest)	UNKNOWN STEP	packages/saksi-campaign
Test (macos-latest)	UNKNOWN STEP	
Test (macos-latest)	UNKNOWN STEP	2026-09-29T12:18:40.8212570Z   GOFLAGS: -mod=mod
Test (macos-latest)	UNKNOWN STEP	2026-09-29T12:18:40.8212800Z   CARGO_INCREMENTAL: 0
Test (macos-latest)	UNKNOWN STEP	2026-09-29T12:18:40.8213010Z   CARGO_PROFILE_DEV_DEBUG: 0
Test (macos-latest)	UNKNOWN STEP	2026-09-29T12:18:40.8213210Z   RUST_BACKTRACE: short
Test (macos-latest)	UNKNOWN STEP	2026-09-29T12:18:40.8213410Z   RUSTFLAGS: -D warnings
Test (macos-latest)	UNKNOWN STEP	2026-09-29T12:18:40.8213650Z   CARGO_UNSTABLE_SPARSE_REGISTRY: true
Test (macos-latest)	UNKNOWN STEP	2026-09-29T12:18:40.8213930Z   CARGO_REGISTRIES_CRATES_IO_PROTOCOL: sparse
Test (macos-latest)	UNKNOWN STEP	2026-09-29T12:18:40.8214590Z   RUNNER_OS: macOS
Test (macos-latest)	UNKNOWN STEP	2026-09-29T12:18:40.8215440Z ##[endgroup]
Test (macos-latest)	UNKNOWN STEP	2026-09-29T12:18:40.8709520Z ##[end-action id=__actions-rust-lang_setup-rust-toolchain.__run_4;outcome=success;conclusion=success;duration_ms=58]
Test (macos-latest)	UNKNOWN STEP	2026-09-29T12:18:40.8714730Z ##[start-action display=rustup toolchain install stable;id=__actions-rust-lang_setup-rust-toolchain.__run_5]
Test (macos-latest)	UNKNOWN STEP	2026-09-29T12:18:40.8742440Z ##[group]Run # Check if value is set
Test (macos-latest)	UNKNOWN STEP	2026-09-29T12:18:40.8742770Z ^[[36;1m# Check if value is set^[[0m
Test (macos-latest)	UNKNOWN STEP	2026-09-29T12:18:40.8743000Z ^[[36;1mif [[ -n "$_srt_rust_src_dir" ]]^[[0m
Test (macos-latest)	UNKNOWN STEP	2026-09-29T12:18:40.8743240Z ^[[36;1mthen^[[0m
Test (macos-latest)	UNKNOWN STEP	2026-09-29T12:18:40.8743480Z ^[[36;1m  # If value is set the directory must exist^[[0m
Test (macos-latest)	UNKNOWN STEP	2026-09-29T12:18:40.8743840Z ^[[36;1m  if [[ -d "$_srt_rust_src_dir" ]]^[[0m
Test (macos-latest)	UNKNOWN STEP	2026-09-29T12:18:40.8744120Z ^[[36;1m  then^[[0m
Test (macos-latest)	UNKNOWN STEP	2026-09-29T12:18:40.8744320Z ^[[36;1m    cd "$_srt_rust_src_dir"^[[0m
Test (macos-latest)	UNKNOWN STEP	2026-09-29T12:18:40.8744590Z ^[[36;1m  else^[[0m
Test (macos-latest)	UNKNOWN STEP	2026-09-29T12:18:40.8744880Z ^[[36;1m    echo "'rust-src-dir' does not point to an existing directory" >&2^[[0m
Test (macos-latest)	UNKNOWN STEP	2026-09-29T12:18:40.8745280Z ^[[36;1m    echo "The value of 'rust-src-dir' is: ${_srt_rust_src_dir}" >&2^[[0m
Test (macos-latest)	UNKNOWN STEP	2026-09-29T12:18:40.8745930Z ^[[36;1m    exit 1^[[0m
Test (macos-latest)	UNKNOWN STEP	2026-09-29T12:18:40.8746140Z ^[[36;1m  fi^[[0m
Test (macos-latest)	UNKNOWN STEP	2026-09-29T12:18:40.8746290Z ^[[36;1mfi^[[0m
Test (macos-latest)	UNKNOWN STEP	2026-09-29T12:18:40.8746580Z ^[[36;1mif [[ -z "$_srt_toolchain" && ( -f "rust-toolchain" || -f "rust-toolchain.toml") ]]^[[0m
Test (macos-latest)	UNKNOWN STEP	2026-09-29T12:18:40.8746920Z ^[[36;1mthen^[[0m
Test (macos-latest)	UNKNOWN STEP	2026-09-29T12:18:40.8747170Z ^[[36;1m  # Install the toolchain as specified in the file^[[0m
Test (macos-latest)	UNKNOWN STEP	2026-09-29T12:18:40.8747560Z ^[[36;1m  # rustup show is the old way that implicitly installed a toolchain^[[0m
Test (macos-latest)	UNKNOWN STEP	2026-09-29T12:18:40.8747920Z ^[[36;1m  # rustup toolchain install is the new explicit way^[[0m
Test (macos-latest)	UNKNOWN STEP	2026-09-29T12:18:40.8748660Z ^[[36;1m  # https://github.com/rust-lang/rustup/issues/3635#issuecomment-2343511297^[[0m
Test (macos-latest)	UNKNOWN STEP	2026-09-29T12:18:40.8749510Z ^[[36;1m  rustup show active-toolchain || rustup toolchain install^[[0m
Test (macos-latest)	UNKNOWN STEP	2026-09-29T12:18:40.8749840Z ^[[36;1m  if [[ -n $_srt_components ]]; then^[[0m
Test (macos-latest)	UNKNOWN STEP	2026-09-29T12:18:40.8750130Z ^[[36;1m    rustup component add ${_srt_components//,/ }^[[0m
Test (macos-latest)	UNKNOWN STEP	2026-09-29T12:18:40.8750420Z ^[[36;1m  fi^[[0m
Test (macos-latest)	UNKNOWN STEP	2026-09-29T12:18:40.8750640Z ^[[36;1m  if [[ -n $_srt_targets ]]; then^[[0m
Test (macos-latest)	UNKNOWN STEP	2026-09-29T12:18:40.8750940Z ^[[36;1m    rustup target add ${_srt_targets//,/ }^[[0m
Test (macos-latest)	UNKNOWN STEP	2026-09-29T12:18:40.8751220Z ^[[36;1m  fi^[[0m
Test (macos-latest)	UNKNOWN STEP	2026-09-29T12:18:40.8751440Z ^[[36;1melse^[[0m
Test (macos-latest)	UNKNOWN STEP	2026-09-29T12:18:40.8751670Z ^[[36;1m  if [[ -z "$_srt_toolchain" ]]^[[0m
Test (macos-latest)	UNKNOWN STEP	2026-09-29T12:18:40.8751880Z ^[[36;1m  then^[[0m
Test (macos-latest)	UNKNOWN STEP	2026-09-29T12:18:40.8752040Z ^[[36;1m    _srt_toolchain=stable^[[0m
Test (macos-latest)	UNKNOWN STEP	2026-09-29T12:18:40.8752240Z ^[[36;1m  fi^[[0m
Test (macos-latest)	UNKNOWN STEP	2026-09-29T12:18:40.8753010Z ^[[36;1m  rustup toolchain install ${_srt_toolchain//,/ }  --profile minimal --no-self-update^[[0m
Test (macos-latest)	UNKNOWN STEP	2026-09-29T12:18:40.8753400Z ^[[36;1m  # Take the last element from the list^[[0m
Test (macos-latest)	UNKNOWN STEP	2026-09-29T12:18:40.8753710Z ^[[36;1m  if [[ "$_srt_override" == "true" ]]^[[0m
Test (macos-latest)	UNKNOWN STEP	2026-09-29T12:18:40.8753970Z ^[[36;1m  then^[[0m
Test (macos-latest)	UNKNOWN STEP	2026-09-29T12:18:40.8754180Z ^[[36;1m    rustup override set ${_srt_toolchain//*,/ }^[[0m
Test (macos-latest)	UNKNOWN STEP	2026-09-29T12:18:40.8754410Z ^[[36;1m  fi^[[0m
Test (macos-latest)	UNKNOWN STEP	2026-09-29T12:18:40.8754590Z ^[[36;1mfi^[[0m
Test (macos-latest)	UNKNOWN STEP	2026-09-29T12:18:40.8767090Z shell: /opt/homebrew/bin/bash --noprofile --norc -e -o pipefail {0}
Test (macos-latest)	UNKNOWN STEP	2026-09-29T12:18:40.8767480Z env:
Test (macos-latest)	UNKNOWN STEP	2026-09-29T12:18:40.8767650Z   CARGO_TERM_COLOR: always
Test (macos-latest)	UNKNOWN STEP	2026-09-29T12:18:40.8768120Z   GO_MODULES: packages/saksi-protocol/go
Test (macos-latest)	UNKNOWN STEP	packages/saksi-bulletin/chaincode
Test (macos-latest)	UNKNOWN STEP	packages/saksi-bulletin/client-sdk
Test (macos-latest)	UNKNOWN STEP	packages/saksi-campaign
Test (macos-latest)	UNKNOWN STEP	
Test (macos-latest)	UNKNOWN STEP	2026-09-29T12:18:40.8768700Z   GOFLAGS: -mod=mod
Test (macos-latest)	UNKNOWN STEP	2026-09-29T12:18:40.8768870Z   CARGO_INCREMENTAL: 0
Test (macos-latest)	UNKNOWN STEP	2026-09-29T12:18:40.8769060Z   CARGO_PROFILE_DEV_DEBUG: 0
Test (macos-latest)	UNKNOWN STEP	2026-09-29T12:18:40.8769290Z   RUST_BACKTRACE: short
Test (macos-latest)	UNKNOWN STEP	2026-09-29T12:18:40.8769530Z   RUSTFLAGS: -D warnings
Test (macos-latest)	UNKNOWN STEP	2026-09-29T12:18:40.8769720Z   CARGO_UNSTABLE_SPARSE_REGISTRY: true
Test (macos-latest)	UNKNOWN STEP	2026-09-29T12:18:40.8769970Z   CARGO_REGISTRIES_CRATES_IO_PROTOCOL: sparse
Test (macos-latest)	UNKNOWN STEP	2026-09-29T12:18:40.8770190Z   _srt_toolchain: 
Test (macos-latest)	UNKNOWN STEP	2026-09-29T12:18:40.8770360Z   _srt_targets: 
Test (macos-latest)	UNKNOWN STEP	2026-09-29T12:18:40.8770520Z   _srt_components: 
Test (macos-latest)	UNKNOWN STEP	2026-09-29T12:18:40.8770740Z   _srt_override: true
Test (macos-latest)	UNKNOWN STEP	2026-09-29T12:18:40.8770950Z   _srt_rust_src_dir: 
Test (macos-latest)	UNKNOWN STEP	2026-09-29T12:18:40.8771110Z ##[endgroup]
Test (macos-latest)	UNKNOWN STEP	2026-09-29T12:18:41.0001680Z stable-aarch64-apple-darwin (overridden by '/Users/runner/work/saksi/saksi/rust-toolchain.toml')
Test (macos-latest)	UNKNOWN STEP	2026-09-29T12:18:41.0030310Z ##[end-action id=__actions-rust-lang_setup-rust-toolchain.__run_5;outcome=success;conclusion=success;duration_ms=131]
Test (macos-latest)	UNKNOWN STEP	2026-09-29T12:18:41.0035260Z ##[start-action display=Print installed versions;id=__actions-rust-lang_setup-rust-toolchain.versions]
Test (macos-latest)	UNKNOWN STEP	2026-09-29T12:18:41.0062010Z ##[group]Run echo "rustc-version=$(rustc --version)" >> $GITHUB_OUTPUT
Test (macos-latest)	UNKNOWN STEP	2026-09-29T12:18:41.0062460Z ^[[36;1mecho "rustc-version=$(rustc --version)" >> $GITHUB_OUTPUT^[[0m
Test (macos-latest)	UNKNOWN STEP	2026-09-29T12:18:41.0062790Z ^[[36;1mrustc --version --verbose^[[0m
Test (macos-latest)	UNKNOWN STEP	2026-09-29T12:18:41.0063400Z ^[[36;1mecho "cargo-version=$(cargo --version)" >> $GITHUB_OUTPUT^[[0m
Test (macos-latest)	UNKNOWN STEP	2026-09-29T12:18:41.0063950Z ^[[36;1mcargo --version --verbose^[[0m
Test (macos-latest)	UNKNOWN STEP	2026-09-29T12:18:41.0064310Z ^[[36;1mecho "rustup-version=$(rustup --version)" >> $GITHUB_OUTPUT^[[0m
Test (macos-latest)	UNKNOWN STEP	2026-09-29T12:18:41.0064640Z ^[[36;1mrustup --version^[[0m
Test (macos-latest)	UNKNOWN STEP	2026-09-29T12:18:41.0064820Z ^[[36;1m^[[0m
Test (macos-latest)	UNKNOWN STEP	2026-09-29T12:18:41.0065590Z ^[[36;1m_srt_DATE=$(rustc --version --verbose | sed -ne 's/^commit-date: \(20[0-9][0-9]\)-\([01][0-9]\)-\([0-3][0-9]\)$/\1\2\3/p')^[[0m
Test (macos-latest)	UNKNOWN STEP	2026-09-29T12:18:41.0066120Z ^[[36;1m_srt_HASH=$(rustc --version --verbose | sed -ne 's/^commit-hash: //p')^[[0m
Test (macos-latest)	UNKNOWN STEP	2026-09-29T12:18:41.0066610Z ^[[36;1mecho "cachekey=$(echo $_srt_DATE$_srt_HASH | head -c12)" >> $GITHUB_OUTPUT^[[0m
Test (macos-latest)	UNKNOWN STEP	2026-09-29T12:18:41.0083940Z shell: /opt/homebrew/bin/bash --noprofile --norc -e -o pipefail {0}
Test (macos-latest)	UNKNOWN STEP	2026-09-29T12:18:41.0084330Z env:
Test (macos-latest)	UNKNOWN STEP	2026-09-29T12:18:41.0084510Z   CARGO_TERM_COLOR: always
Test (macos-latest)	UNKNOWN STEP	2026-09-29T12:18:41.0085410Z   GO_MODULES: packages/saksi-protocol/go
Test (macos-latest)	UNKNOWN STEP	packages/saksi-bulletin/chaincode
Test (macos-latest)	UNKNOWN STEP	packages/saksi-bulletin/client-sdk
Test (macos-latest)	UNKNOWN STEP	packages/saksi-campaign
Test (macos-latest)	UNKNOWN STEP	
Test (macos-latest)	UNKNOWN STEP	2026-09-29T12:18:41.0085970Z   GOFLAGS: -mod=mod
Test (macos-latest)	UNKNOWN STEP	2026-09-29T12:18:41.0086160Z   CARGO_INCREMENTAL: 0
Test (macos-latest)	UNKNOWN STEP	2026-09-29T12:18:41.0086330Z   CARGO_PROFILE_DEV_DEBUG: 0
Test (macos-latest)	UNKNOWN STEP	2026-09-29T12:18:41.0086570Z   RUST_BACKTRACE: short
Test (macos-latest)	UNKNOWN STEP	2026-09-29T12:18:41.0086780Z   RUSTFLAGS: -D warnings
Test (macos-latest)	UNKNOWN STEP	2026-09-29T12:18:41.0086990Z   CARGO_UNSTABLE_SPARSE_REGISTRY: true
Test (macos-latest)	UNKNOWN STEP	2026-09-29T12:18:41.0087280Z   CARGO_REGISTRIES_CRATES_IO_PROTOCOL: sparse
Test (macos-latest)	UNKNOWN STEP	2026-09-29T12:18:41.0087540Z ##[endgroup]
Test (macos-latest)	UNKNOWN STEP	2026-09-29T12:18:41.5136780Z rustc 1.98.1 (48a229cea 2026-09-01)
Test (macos-latest)	UNKNOWN STEP	2026-09-29T12:18:41.5137510Z binary: rustc
Test (macos-latest)	UNKNOWN STEP	2026-09-29T12:18:41.5137990Z commit-hash: 48a229ceaefd4985c50990b14116b6d856af0985
Test (macos-latest)	UNKNOWN STEP	2026-09-29T12:18:41.5138450Z commit-date: 2026-09-01
Test (macos-latest)	UNKNOWN STEP	2026-09-29T12:18:41.5139070Z host: aarch64-apple-darwin
Test (macos-latest)	UNKNOWN STEP	2026-09-29T12:18:41.5139320Z release: 1.98.1
Test (macos-latest)	UNKNOWN STEP	2026-09-29T12:18:41.5300720Z LLVM version: 22.1.8
Test (macos-latest)	UNKNOWN STEP	2026-09-29T12:18:41.6871030Z cargo 1.98.1 (797e8a9bc 2026-08-05)
Test (macos-latest)	UNKNOWN STEP	2026-09-29T12:18:41.6879680Z release: 1.98.1
Test (macos-latest)	UNKNOWN STEP	2026-09-29T12:18:41.6880830Z commit-hash: 797e8a9bca276c1c9f9f738d2a20f484fa4eea9d
Test (macos-latest)	UNKNOWN STEP	2026-09-29T12:18:41.6882120Z commit-date: 2026-08-05
Test (macos-latest)	UNKNOWN STEP	2026-09-29T12:18:41.6883060Z host: aarch64-apple-darwin
Test (macos-latest)	UNKNOWN STEP	2026-09-29T12:18:41.6884000Z libgit2: 1.9.4 (sys:0.21.0 vendored)
Test (macos-latest)	UNKNOWN STEP	2026-09-29T12:18:41.6885050Z libcurl: 8.7.1 (sys:0.4.90+curl-8.21.0 system ssl:(SecureTransport) LibreSSL/3.3.6)
Test (macos-latest)	UNKNOWN STEP	2026-09-29T12:18:41.6885730Z ssl: OpenSSL 3.6.3 9 Jun 2026
Test (macos-latest)	UNKNOWN STEP	2026-09-29T12:18:41.6886150Z os: Mac OS 26.6.2 [64-bit]
Test (macos-latest)	UNKNOWN STEP	2026-09-29T12:18:41.7014480Z info: This is the version for the rustup toolchain manager, not the rustc compiler.
Test (macos-latest)	UNKNOWN STEP	2026-09-29T12:18:41.7400350Z info: the currently active `rustc` version is `rustc 1.98.1 (48a229cea 2026-09-01)`
Test (macos-latest)	UNKNOWN STEP	2026-09-29T12:18:41.7540180Z info: This is the version for the rustup toolchain manager, not the rustc compiler.
Test (macos-latest)	UNKNOWN STEP	2026-09-29T12:18:41.7541230Z rustup 1.29.0 (2026-03-05)
Test (macos-latest)	UNKNOWN STEP	2026-09-29T12:18:41.7872540Z info: the currently active `rustc` version is `rustc 1.98.1 (48a229cea 2026-09-01)`
Test (macos-latest)	UNKNOWN STEP	2026-09-29T12:18:41.8895350Z ##[end-action id=__actions-rust-lang_setup-rust-toolchain.versions;outcome=success;conclusion=success;duration_ms=885]
Test (macos-latest)	UNKNOWN STEP	2026-09-29T12:18:41.8900030Z ##[start-action display=Downgrade registry access protocol when needed;id=__actions-rust-lang_setup-rust-toolchain.__run_6]
Test (macos-latest)	UNKNOWN STEP	2026-09-29T12:18:41.8931060Z ##[group]Run # Not all versions support setting CARGO_REGISTRIES_CRATES_IO_PROTOCOL
Test (macos-latest)	UNKNOWN STEP	2026-09-29T12:18:41.8931560Z ^[[36;1m# Not all versions support setting CARGO_REGISTRIES_CRATES_IO_PROTOCOL^[[0m
Test (macos-latest)	UNKNOWN STEP	2026-09-29T12:18:41.8932060Z ^[[36;1m# On versions 1.66, 1.67, and 1.68.0-nightly the value "sparse" is still unstable.^[[0m
Test (macos-latest)	UNKNOWN STEP	2026-09-29T12:18:41.8932520Z ^[[36;1m# https://github.com/dtolnay/rust-toolchain/pull/69#discussion_r1107268108^[[0m
Test (macos-latest)	UNKNOWN STEP	2026-09-29T12:18:41.8933090Z ^[[36;1m# If we detect an incompatible value, set it to "git" which is always supported.^[[0m
Test (macos-latest)	UNKNOWN STEP	2026-09-29T12:18:41.8933750Z ^[[36;1mif [[ "rustc 1.98.1 (48a229cea 2026-09-01)" =~ ^rustc\ (1\.6[67]\.|1\.68\.0-nightly) && "${CARGO_REGISTRIES_CRATES_IO_PROTOCOL}" == "sparse" ]]; then^[[0m
Test (macos-latest)	UNKNOWN STEP	2026-09-29T12:18:41.8934350Z ^[[36;1m  echo "Downgrade cargo registry protocol to git"^[[0m
Test (macos-latest)	UNKNOWN STEP	2026-09-29T12:18:41.8934750Z ^[[36;1m  echo "CARGO_REGISTRIES_CRATES_IO_PROTOCOL=git" >> $GITHUB_ENV^[[0m
Test (macos-latest)	UNKNOWN STEP	2026-09-29T12:18:41.8935080Z ^[[36;1mfi^[[0m
Test (macos-latest)	UNKNOWN STEP	2026-09-29T12:18:41.8947580Z shell: /opt/homebrew/bin/bash --noprofile --norc -e -o pipefail {0}
Test (macos-latest)	UNKNOWN STEP	2026-09-29T12:18:41.8948180Z env:
Test (macos-latest)	UNKNOWN STEP	2026-09-29T12:18:41.8948400Z   CARGO_TERM_COLOR: always
Test (macos-latest)	UNKNOWN STEP	2026-09-29T12:18:41.8948930Z   GO_MODULES: packages/saksi-protocol/go
Test (macos-latest)	UNKNOWN STEP	packages/saksi-bulletin/chaincode
Test (macos-latest)	UNKNOWN STEP	packages/saksi-bulletin/client-sdk
Test (macos-latest)	UNKNOWN STEP	packages/saksi-campaign
Test (macos-latest)	UNKNOWN STEP	
Test (macos-latest)	UNKNOWN STEP	2026-09-29T12:18:41.8949460Z   GOFLAGS: -mod=mod
Test (macos-latest)	UNKNOWN STEP	2026-09-29T12:18:41.8949650Z   CARGO_INCREMENTAL: 0
Test (macos-latest)	UNKNOWN STEP	2026-09-29T12:18:41.8949890Z   CARGO_PROFILE_DEV_DEBUG: 0
Test (macos-latest)	UNKNOWN STEP	2026-09-29T12:18:41.8950180Z   RUST_BACKTRACE: short
Test (macos-latest)	UNKNOWN STEP	2026-09-29T12:18:41.8950420Z   RUSTFLAGS: -D warnings
Test (macos-latest)	UNKNOWN STEP	2026-09-29T12:18:41.8950680Z   CARGO_UNSTABLE_SPARSE_REGISTRY: true
Test (macos-latest)	UNKNOWN STEP	2026-09-29T12:18:41.8951130Z   CARGO_REGISTRIES_CRATES_IO_PROTOCOL: sparse
Test (macos-latest)	UNKNOWN STEP	2026-09-29T12:18:41.8951430Z ##[endgroup]
Test (macos-latest)	UNKNOWN STEP	2026-09-29T12:18:41.9341000Z ##[end-action id=__actions-rust-lang_setup-rust-toolchain.__run_6;outcome=success;conclusion=success;duration_ms=43]
Test (macos-latest)	UNKNOWN STEP	2026-09-29T12:18:41.9344570Z ##[start-action display=Setup Rust Caching;id=__actions-rust-lang_setup-rust-toolchain.__Swatinem_rust-cache]
Test (macos-latest)	UNKNOWN STEP	2026-09-29T12:18:41.9435660Z ##[group]Run Swatinem/rust-cache@c19371144df3bb44fab255c43d04cbc2ab54d1c4
Test (macos-latest)	UNKNOWN STEP	2026-09-29T12:18:41.9436140Z with:
Test (macos-latest)	UNKNOWN STEP	2026-09-29T12:18:41.9436300Z   cache-on-failure: true
Test (macos-latest)	UNKNOWN STEP	2026-09-29T12:18:41.9436490Z   cache-bin: true
Test (macos-latest)	UNKNOWN STEP	2026-09-29T12:18:41.9436660Z   cache-provider: github
Test (macos-latest)	UNKNOWN STEP	2026-09-29T12:18:41.9436850Z   cache-all-crates: false
Test (macos-latest)	UNKNOWN STEP	2026-09-29T12:18:41.9437140Z   cache-workspace-crates: false
Test (macos-latest)	UNKNOWN STEP	2026-09-29T12:18:41.9437340Z   cache-targets: true
Test (macos-latest)	UNKNOWN STEP	2026-09-29T12:18:41.9437510Z   save-if: true
Test (macos-latest)	UNKNOWN STEP	2026-09-29T12:18:41.9437660Z   prefix-key: v0-rust
Test (macos-latest)	UNKNOWN STEP	2026-09-29T12:18:41.9437840Z   add-job-id-key: true
Test (macos-latest)	UNKNOWN STEP	2026-09-29T12:18:41.9438110Z   add-rust-environment-hash-key: true
Test (macos-latest)	UNKNOWN STEP	2026-09-29T12:18:41.9438360Z   lookup-only: false
Test (macos-latest)	UNKNOWN STEP	2026-09-29T12:18:41.9438530Z   cmd-format: {0}
Test (macos-latest)	UNKNOWN STEP	2026-09-29T12:18:41.9438700Z env:
Test (macos-latest)	UNKNOWN STEP	2026-09-29T12:18:41.9438880Z   CARGO_TERM_COLOR: always
Test (macos-latest)	UNKNOWN STEP	2026-09-29T12:18:41.9442840Z   GO_MODULES: packages/saksi-protocol/go
Test (macos-latest)	UNKNOWN STEP	packages/saksi-bulletin/chaincode
Test (macos-latest)	UNKNOWN STEP	packages/saksi-bulletin/client-sdk
Test (macos-latest)	UNKNOWN STEP	packages/saksi-campaign
Test (macos-latest)	UNKNOWN STEP	
Test (macos-latest)	UNKNOWN STEP	2026-09-29T12:18:41.9444430Z   GOFLAGS: -mod=mod
Test (macos-latest)	UNKNOWN STEP	2026-09-29T12:18:41.9444960Z   CARGO_INCREMENTAL: 0
Test (macos-latest)	UNKNOWN STEP	2026-09-29T12:18:41.9445490Z   CARGO_PROFILE_DEV_DEBUG: 0
Test (macos-latest)	UNKNOWN STEP	2026-09-29T12:18:41.9445990Z   RUST_BACKTRACE: short
Test (macos-latest)	UNKNOWN STEP	2026-09-29T12:18:41.9446500Z   RUSTFLAGS: -D warnings
Test (macos-latest)	UNKNOWN STEP	2026-09-29T12:18:41.9447010Z   CARGO_UNSTABLE_SPARSE_REGISTRY: true
Test (macos-latest)	UNKNOWN STEP	2026-09-29T12:18:41.9447900Z   CARGO_REGISTRIES_CRATES_IO_PROTOCOL: sparse
Test (macos-latest)	UNKNOWN STEP	2026-09-29T12:18:41.9448520Z ##[endgroup]
Test (macos-latest)	UNKNOWN STEP	2026-09-29T12:18:42.3055400Z (node:2168) [DEP0040] DeprecationWarning: The `punycode` module is deprecated. Please use a userland alternative instead.
Test (macos-latest)	UNKNOWN STEP	2026-09-29T12:18:42.3061500Z (Use `node --trace-deprecation ...` to show where the warning was created)
Test (macos-latest)	UNKNOWN STEP	2026-09-29T12:18:42.7266850Z ##[group]Cache Configuration
Test (macos-latest)	UNKNOWN STEP	2026-09-29T12:18:42.7267850Z Cache Provider:
Test (macos-latest)	UNKNOWN STEP	2026-09-29T12:18:42.7268360Z     github
Test (macos-latest)	UNKNOWN STEP	2026-09-29T12:18:42.7268770Z Workspaces:
Test (macos-latest)	UNKNOWN STEP	2026-09-29T12:18:42.7269500Z     /Users/runner/work/saksi/saksi
Test (macos-latest)	UNKNOWN STEP	2026-09-29T12:18:42.7270070Z Cache Paths:
Test (macos-latest)	UNKNOWN STEP	2026-09-29T12:18:42.7270620Z     /Users/runner/.cargo/bin
Test (macos-latest)	UNKNOWN STEP	2026-09-29T12:18:42.7271290Z     /Users/runner/.cargo/.crates.toml
Test (macos-latest)	UNKNOWN STEP	2026-09-29T12:18:42.7272040Z     /Users/runner/.cargo/.crates2.json
Test (macos-latest)	UNKNOWN STEP	2026-09-29T12:18:42.7272640Z     /Users/runner/.cargo/registry
Test (macos-latest)	UNKNOWN STEP	2026-09-29T12:18:42.7273320Z     /Users/runner/.cargo/git
Test (macos-latest)	UNKNOWN STEP	2026-09-29T12:18:42.7273890Z     /Users/runner/work/saksi/saksi/target
Test (macos-latest)	UNKNOWN STEP	2026-09-29T12:18:42.7274460Z Restore Key:
Test (macos-latest)	UNKNOWN STEP	2026-09-29T12:18:42.7275050Z     v0-rust-test-Darwin-arm64-2aa5c948
Test (macos-latest)	UNKNOWN STEP	2026-09-29T12:18:42.7275690Z Cache Key:
Test (macos-latest)	UNKNOWN STEP	2026-09-29T12:18:42.7276210Z     v0-rust-test-Darwin-arm64-2aa5c948-0f869fc1
Test (macos-latest)	UNKNOWN STEP	2026-09-29T12:18:42.7276840Z .. Prefix:
Test (macos-latest)	UNKNOWN STEP	2026-09-29T12:18:42.7277340Z   - v0-rust-test-Darwin-arm64
Test (macos-latest)	UNKNOWN STEP	2026-09-29T12:18:42.7277900Z .. Environment considered:
Test (macos-latest)	UNKNOWN STEP	2026-09-29T12:18:42.7278440Z   - Rust Versions:
Test (macos-latest)	UNKNOWN STEP	2026-09-29T12:18:42.7279220Z     - 1.98.1 aarch64-apple-darwin 48a229ceaefd4985c50990b14116b6d856af0985
Test (macos-latest)	UNKNOWN STEP	2026-09-29T12:18:42.7280210Z     - 1.98.1 aarch64-apple-darwin 48a229ceaefd4985c50990b14116b6d856af0985
Test (macos-latest)	UNKNOWN STEP	2026-09-29T12:18:42.7281020Z   - CARGO_INCREMENTAL
Test (macos-latest)	UNKNOWN STEP	2026-09-29T12:18:42.7282660Z   - CARGO_PROFILE_DEV_DEBUG
Test (macos-latest)	UNKNOWN STEP	2026-09-29T12:18:42.7283250Z   - CARGO_REGISTRIES_CRATES_IO_PROTOCOL
Test (macos-latest)	UNKNOWN STEP	2026-09-29T12:18:42.7283820Z   - CARGO_TERM_COLOR
Test (macos-latest)	UNKNOWN STEP	2026-09-29T12:18:42.7284320Z   - CARGO_UNSTABLE_SPARSE_REGISTRY
Test (macos-latest)	UNKNOWN STEP	2026-09-29T12:18:42.7284860Z   - RUST_BACKTRACE
Test (macos-latest)	UNKNOWN STEP	2026-09-29T12:18:42.7285310Z   - RUSTFLAGS
Test (macos-latest)	UNKNOWN STEP	2026-09-29T12:18:42.7285740Z .. Lockfiles considered:
Test (macos-latest)	UNKNOWN STEP	2026-09-29T12:18:42.7286330Z   - /Users/runner/work/saksi/saksi/Cargo.lock
Test (macos-latest)	UNKNOWN STEP	2026-09-29T12:18:42.7287170Z   - /Users/runner/work/saksi/saksi/packages/saksi-auditor/Cargo.toml
Test (macos-latest)	UNKNOWN STEP	2026-09-29T12:18:42.7288850Z   - /Users/runner/work/saksi/saksi/packages/saksi-credentials/Cargo.toml
Test (macos-latest)	UNKNOWN STEP	2026-09-29T12:18:42.7290220Z   - /Users/runner/work/saksi/saksi/packages/saksi-crypto/Cargo.toml
Test (macos-latest)	UNKNOWN STEP	2026-09-29T12:18:42.7290770Z   - /Users/runner/work/saksi/saksi/packages/saksi-demo/Cargo.toml
Test (macos-latest)	UNKNOWN STEP	2026-09-29T12:18:42.7291220Z   - /Users/runner/work/saksi/saksi/packages/saksi-ffi-flutter/Cargo.toml
Test (macos-latest)	UNKNOWN STEP	2026-09-29T12:18:42.7291680Z   - /Users/runner/work/saksi/saksi/packages/saksi-ffi-tauri/Cargo.toml
Test (macos-latest)	UNKNOWN STEP	2026-09-29T12:18:42.7292210Z   - /Users/runner/work/saksi/saksi/packages/saksi-protocol/rust/Cargo.toml
Test (macos-latest)	UNKNOWN STEP	2026-09-29T12:18:42.7292670Z   - /Users/runner/work/saksi/saksi/rust-toolchain.toml
Test (macos-latest)	UNKNOWN STEP	2026-09-29T12:18:42.7293240Z ##[endgroup]
Test (macos-latest)	UNKNOWN STEP	2026-09-29T12:18:42.7293390Z 
Test (macos-latest)	UNKNOWN STEP	2026-09-29T12:18:42.7293480Z ... Restoring cache ...
Test (macos-latest)	UNKNOWN STEP	2026-09-29T12:18:43.0262800Z Cache hit for: v0-rust-test-Darwin-arm64-2aa5c948-0f869fc1
Test (macos-latest)	UNKNOWN STEP	2026-09-29T12:18:44.3190920Z Received 0 of 161898011 (0.0%), 0.0 MBs/sec
Test (macos-latest)	UNKNOWN STEP	2026-09-29T12:18:45.3207320Z Received 50331648 of 161898011 (31.1%), 24.0 MBs/sec
Test (macos-latest)	UNKNOWN STEP	2026-09-29T12:18:46.3651290Z Received 134217728 of 161898011 (82.9%), 42.2 MBs/sec
Test (macos-latest)	UNKNOWN STEP	2026-09-29T12:18:46.9256850Z Received 161898011 of 161898011 (100.0%), 42.8 MBs/sec
Test (macos-latest)	UNKNOWN STEP	2026-09-29T12:18:46.9373040Z Cache Size: ~154 MB (161898011 B)
Test (macos-latest)	UNKNOWN STEP	2026-09-29T12:18:46.9476520Z [command]/opt/homebrew/bin/gtar -xf /Users/runner/work/_temp/6974d630-3bcf-4d32-8dd2-1224966eeb56/cache.tzst -P -C /Users/runner/work/saksi/saksi --delay-directory-restore --use-compress-program unzstd
Test (macos-latest)	UNKNOWN STEP	2026-09-29T12:18:48.9654170Z Cache restored successfully
Test (macos-latest)	UNKNOWN STEP	2026-09-29T12:18:48.9790160Z Restored from cache key "v0-rust-test-Darwin-arm64-2aa5c948-0f869fc1" full match: true.
Test (macos-latest)	UNKNOWN STEP	2026-09-29T12:18:48.9941240Z ##[end-action id=__actions-rust-lang_setup-rust-toolchain.__Swatinem_rust-cache;outcome=success;conclusion=success;duration_ms=7059]
Test (macos-latest)	UNKNOWN STEP	2026-09-29T12:18:49.0124440Z ##[group]Run Swatinem/rust-cache@v2
Test (macos-latest)	UNKNOWN STEP	2026-09-29T12:18:49.0124770Z with:
Test (macos-latest)	UNKNOWN STEP	2026-09-29T12:18:49.0124990Z   prefix-key: v0-rust
Test (macos-latest)	UNKNOWN STEP	2026-09-29T12:18:49.0125290Z   add-job-id-key: true
Test (macos-latest)	UNKNOWN STEP	2026-09-29T12:18:49.0125660Z   add-rust-environment-hash-key: true
Test (macos-latest)	UNKNOWN STEP	2026-09-29T12:18:49.0125980Z   cache-targets: true
Test (macos-latest)	UNKNOWN STEP	2026-09-29T12:18:49.0126250Z   cache-all-crates: false
Test (macos-latest)	UNKNOWN STEP	2026-09-29T12:18:49.0126490Z   cache-workspace-crates: false
Test (macos-latest)	UNKNOWN STEP	2026-09-29T12:18:49.0126780Z   save-if: true
Test (macos-latest)	UNKNOWN STEP	2026-09-29T12:18:49.0127060Z   cache-provider: github
Test (macos-latest)	UNKNOWN STEP	2026-09-29T12:18:49.0127330Z   cache-bin: true
Test (macos-latest)	UNKNOWN STEP	2026-09-29T12:18:49.0127640Z   lookup-only: false
Test (macos-latest)	UNKNOWN STEP	2026-09-29T12:18:49.0127950Z   cmd-format: {0}
Test (macos-latest)	UNKNOWN STEP	2026-09-29T12:18:49.0128230Z env:
Test (macos-latest)	UNKNOWN STEP	2026-09-29T12:18:49.0128450Z   CARGO_TERM_COLOR: always
Test (macos-latest)	UNKNOWN STEP	2026-09-29T12:18:49.0130250Z   GO_MODULES: packages/saksi-protocol/go
Test (macos-latest)	UNKNOWN STEP	packages/saksi-bulletin/chaincode
Test (macos-latest)	UNKNOWN STEP	packages/saksi-bulletin/client-sdk
Test (macos-latest)	UNKNOWN STEP	packages/saksi-campaign
Test (macos-latest)	UNKNOWN STEP	
Test (macos-latest)	UNKNOWN STEP	2026-09-29T12:18:49.0131460Z   GOFLAGS: -mod=mod
Test (macos-latest)	UNKNOWN STEP	2026-09-29T12:18:49.0131780Z   CARGO_INCREMENTAL: 0
Test (macos-latest)	UNKNOWN STEP	2026-09-29T12:18:49.0131970Z   CARGO_PROFILE_DEV_DEBUG: 0
Test (macos-latest)	UNKNOWN STEP	2026-09-29T12:18:49.0132140Z   RUST_BACKTRACE: short
Test (macos-latest)	UNKNOWN STEP	2026-09-29T12:18:49.0132300Z   RUSTFLAGS: -D warnings
Test (macos-latest)	UNKNOWN STEP	2026-09-29T12:18:49.0132480Z   CARGO_UNSTABLE_SPARSE_REGISTRY: true
Test (macos-latest)	UNKNOWN STEP	2026-09-29T12:18:49.0132710Z   CARGO_REGISTRIES_CRATES_IO_PROTOCOL: sparse
Test (macos-latest)	UNKNOWN STEP	2026-09-29T12:18:49.0132930Z   CACHE_ON_FAILURE: true
Test (macos-latest)	UNKNOWN STEP	2026-09-29T12:18:49.0133110Z ##[endgroup]
Test (macos-latest)	UNKNOWN STEP	2026-09-29T12:18:49.8885960Z ##[group]Cache Configuration
Test (macos-latest)	UNKNOWN STEP	2026-09-29T12:18:49.8945120Z Cache Provider:
Test (macos-latest)	UNKNOWN STEP	2026-09-29T12:18:49.9046620Z     github
Test (macos-latest)	UNKNOWN STEP	2026-09-29T12:18:49.9078110Z Workspaces:
Test (macos-latest)	UNKNOWN STEP	2026-09-29T12:18:49.9092070Z     /Users/runner/work/saksi/saksi
Test (macos-latest)	UNKNOWN STEP	2026-09-29T12:18:49.9104470Z Cache Paths:
Test (macos-latest)	UNKNOWN STEP	2026-09-29T12:18:49.9147310Z     /Users/runner/.cargo/bin
Test (macos-latest)	UNKNOWN STEP	2026-09-29T12:18:49.9208850Z     /Users/runner/.cargo/.crates.toml
Test (macos-latest)	UNKNOWN STEP	2026-09-29T12:18:49.9308680Z     /Users/runner/.cargo/.crates2.json
Test (macos-latest)	UNKNOWN STEP	2026-09-29T12:18:49.9322940Z     /Users/runner/.cargo/registry
Test (macos-latest)	UNKNOWN STEP	2026-09-29T12:18:49.9342410Z     /Users/runner/.cargo/git
Test (macos-latest)	UNKNOWN STEP	2026-09-29T12:18:49.9368640Z     /Users/runner/work/saksi/saksi/target
Test (macos-latest)	UNKNOWN STEP	2026-09-29T12:18:49.9376570Z Restore Key:
Test (macos-latest)	UNKNOWN STEP	2026-09-29T12:18:49.9387900Z     v0-rust-test-Darwin-arm64-c77bbf89
Test (macos-latest)	UNKNOWN STEP	2026-09-29T12:18:49.9390540Z Cache Key:
Test (macos-latest)	UNKNOWN STEP	2026-09-29T12:18:49.9391090Z     v0-rust-test-Darwin-arm64-c77bbf89-0f869fc1
Test (macos-latest)	UNKNOWN STEP	2026-09-29T12:18:49.9391580Z .. Prefix:
Test (macos-latest)	UNKNOWN STEP	2026-09-29T12:18:49.9391980Z   - v0-rust-test-Darwin-arm64
Test (macos-latest)	UNKNOWN STEP	2026-09-29T12:18:49.9392300Z .. Environment considered:
Test (macos-latest)	UNKNOWN STEP	2026-09-29T12:18:49.9392730Z   - Rust Versions:
Test (macos-latest)	UNKNOWN STEP	2026-09-29T12:18:49.9393270Z     - 1.98.1 aarch64-apple-darwin 48a229ceaefd4985c50990b14116b6d856af0985
Test (macos-latest)	UNKNOWN STEP	2026-09-29T12:18:49.9393750Z   - CARGO_INCREMENTAL
Test (macos-latest)	UNKNOWN STEP	2026-09-29T12:18:49.9394170Z   - CARGO_PROFILE_DEV_DEBUG
Test (macos-latest)	UNKNOWN STEP	2026-09-29T12:18:49.9394670Z   - CARGO_REGISTRIES_CRATES_IO_PROTOCOL
Test (macos-latest)	UNKNOWN STEP	2026-09-29T12:18:49.9395060Z   - CARGO_TERM_COLOR
Test (macos-latest)	UNKNOWN STEP	2026-09-29T12:18:49.9395610Z   - CARGO_UNSTABLE_SPARSE_REGISTRY
Test (macos-latest)	UNKNOWN STEP	2026-09-29T12:18:49.9396080Z   - RUST_BACKTRACE
Test (macos-latest)	UNKNOWN STEP	2026-09-29T12:18:49.9396560Z   - RUSTFLAGS
Test (macos-latest)	UNKNOWN STEP	2026-09-29T12:18:49.9396870Z .. Lockfiles considered:
Test (macos-latest)	UNKNOWN STEP	2026-09-29T12:18:49.9397240Z   - /Users/runner/work/saksi/saksi/Cargo.lock
Test (macos-latest)	UNKNOWN STEP	2026-09-29T12:18:49.9397690Z   - /Users/runner/work/saksi/saksi/packages/saksi-auditor/Cargo.toml
Test (macos-latest)	UNKNOWN STEP	2026-09-29T12:18:49.9398370Z   - /Users/runner/work/saksi/saksi/packages/saksi-credentials/Cargo.toml
Test (macos-latest)	UNKNOWN STEP	2026-09-29T12:18:49.9399030Z   - /Users/runner/work/saksi/saksi/packages/saksi-crypto/Cargo.toml
Test (macos-latest)	UNKNOWN STEP	2026-09-29T12:18:49.9399580Z   - /Users/runner/work/saksi/saksi/packages/saksi-demo/Cargo.toml
Test (macos-latest)	UNKNOWN STEP	2026-09-29T12:18:49.9400140Z   - /Users/runner/work/saksi/saksi/packages/saksi-ffi-flutter/Cargo.toml
Test (macos-latest)	UNKNOWN STEP	2026-09-29T12:18:49.9400720Z   - /Users/runner/work/saksi/saksi/packages/saksi-ffi-tauri/Cargo.toml
Test (macos-latest)	UNKNOWN STEP	2026-09-29T12:18:49.9401220Z   - /Users/runner/work/saksi/saksi/packages/saksi-protocol/rust/Cargo.toml
Test (macos-latest)	UNKNOWN STEP	2026-09-29T12:18:49.9401780Z   - /Users/runner/work/saksi/saksi/rust-toolchain.toml
Test (macos-latest)	UNKNOWN STEP	2026-09-29T12:18:49.9404390Z ##[endgroup]
Test (macos-latest)	UNKNOWN STEP	2026-09-29T12:18:49.9404910Z 
Test (macos-latest)	UNKNOWN STEP	2026-09-29T12:18:49.9405330Z ... Restoring cache ...
Test (macos-latest)	UNKNOWN STEP	2026-09-29T12:18:50.1927140Z Cache hit for: v0-rust-test-Darwin-arm64-c77bbf89-0f869fc1
Test (macos-latest)	UNKNOWN STEP	2026-09-29T12:18:51.4745050Z Received 0 of 161897565 (0.0%), 0.0 MBs/sec
Test (macos-latest)	UNKNOWN STEP	2026-09-29T12:18:52.4768820Z Received 46137344 of 161897565 (28.5%), 22.0 MBs/sec
Test (macos-latest)	UNKNOWN STEP	2026-09-29T12:18:53.4807870Z Received 130023424 of 161897565 (80.3%), 41.3 MBs/sec
Test (macos-latest)	UNKNOWN STEP	2026-09-29T12:18:54.3681420Z Received 161897565 of 161897565 (100.0%), 39.7 MBs/sec
Test (macos-latest)	UNKNOWN STEP	2026-09-29T12:18:54.3697700Z Cache Size: ~154 MB (161897565 B)
Test (macos-latest)	UNKNOWN STEP	2026-09-29T12:18:54.3815920Z [command]/opt/homebrew/bin/gtar -xf /Users/runner/work/_temp/56b02523-f40d-4672-adee-566df7d2d336/cache.tzst -P -C /Users/runner/work/saksi/saksi --delay-directory-restore --use-compress-program unzstd
Test (macos-latest)	UNKNOWN STEP	2026-09-29T12:18:56.6702950Z Cache restored successfully
Test (macos-latest)	UNKNOWN STEP	2026-09-29T12:18:56.6816460Z Restored from cache key "v0-rust-test-Darwin-arm64-c77bbf89-0f869fc1" full match: true.
Test (macos-latest)	UNKNOWN STEP	2026-09-29T12:18:56.6988700Z ##[group]Run cargo test --workspace
Test (macos-latest)	UNKNOWN STEP	2026-09-29T12:18:56.6989240Z ^[[36;1mcargo test --workspace^[[0m
Test (macos-latest)	UNKNOWN STEP	2026-09-29T12:18:56.7029310Z shell: /opt/homebrew/bin/bash -e {0}
Test (macos-latest)	UNKNOWN STEP	2026-09-29T12:18:56.7029650Z env:
Test (macos-latest)	UNKNOWN STEP	2026-09-29T12:18:56.7029870Z   CARGO_TERM_COLOR: always
Test (macos-latest)	UNKNOWN STEP	2026-09-29T12:18:56.7030480Z   GO_MODULES: packages/saksi-protocol/go
Test (macos-latest)	UNKNOWN STEP	packages/saksi-bulletin/chaincode
Test (macos-latest)	UNKNOWN STEP	packages/saksi-bulletin/client-sdk
Test (macos-latest)	UNKNOWN STEP	packages/saksi-campaign
Test (macos-latest)	UNKNOWN STEP	
Test (macos-latest)	UNKNOWN STEP	2026-09-29T12:18:56.7031150Z   GOFLAGS: -mod=mod
Test (macos-latest)	UNKNOWN STEP	2026-09-29T12:18:56.7031310Z   CARGO_INCREMENTAL: 0
Test (macos-latest)	UNKNOWN STEP	2026-09-29T12:18:56.7031590Z   CARGO_PROFILE_DEV_DEBUG: 0
Test (macos-latest)	UNKNOWN STEP	2026-09-29T12:18:56.7031900Z   RUST_BACKTRACE: short
Test (macos-latest)	UNKNOWN STEP	2026-09-29T12:18:56.7032160Z   RUSTFLAGS: -D warnings
Test (macos-latest)	UNKNOWN STEP	2026-09-29T12:18:56.7032540Z   CARGO_UNSTABLE_SPARSE_REGISTRY: true
Test (macos-latest)	UNKNOWN STEP	2026-09-29T12:18:56.7032930Z   CARGO_REGISTRIES_CRATES_IO_PROTOCOL: sparse
Test (macos-latest)	UNKNOWN STEP	2026-09-29T12:18:56.7035650Z   CACHE_ON_FAILURE: false
Test (macos-latest)	UNKNOWN STEP	2026-09-29T12:18:56.7035950Z ##[endgroup]
Test (macos-latest)	UNKNOWN STEP	2026-09-29T12:18:57.1186160Z ^[[1m^[[92m    Updating^[[0m crates.io index
Test (macos-latest)	UNKNOWN STEP	2026-09-29T12:18:59.1128580Z ^[[1m^[[92m   Compiling^[[0m saksi-protocol v0.0.0 (/Users/runner/work/saksi/saksi/packages/saksi-protocol/rust)
Test (macos-latest)	UNKNOWN STEP	2026-09-29T12:19:03.7864030Z ^[[1m^[[92m   Compiling^[[0m saksi-crypto v0.0.0 (/Users/runner/work/saksi/saksi/packages/saksi-crypto)
Test (macos-latest)	UNKNOWN STEP	2026-09-29T12:19:04.2158590Z ^[[1m^[[92m   Compiling^[[0m saksi-credentials v0.0.0 (/Users/runner/work/saksi/saksi/packages/saksi-credentials)
Test (macos-latest)	UNKNOWN STEP	2026-09-29T12:19:04.5216310Z ^[[1m^[[92m   Compiling^[[0m saksi-auditor v0.0.0 (/Users/runner/work/saksi/saksi/packages/saksi-auditor)
Test (macos-latest)	UNKNOWN STEP	2026-09-29T12:19:05.2314590Z ^[[1m^[[92m   Compiling^[[0m saksi-ffi-flutter v0.0.0 (/Users/runner/work/saksi/saksi/packages/saksi-ffi-flutter)
Test (macos-latest)	UNKNOWN STEP	2026-09-29T12:19:05.7394800Z ^[[1m^[[92m   Compiling^[[0m saksi-ffi-tauri v0.0.0 (/Users/runner/work/saksi/saksi/packages/saksi-ffi-tauri)
Test (macos-latest)	UNKNOWN STEP	2026-09-29T12:19:07.1457480Z ^[[1m^[[92m   Compiling^[[0m saksi-demo v0.0.0 (/Users/runner/work/saksi/saksi/packages/saksi-demo)
Test (macos-latest)	UNKNOWN STEP	2026-09-29T12:19:08.8235430Z ^[[1m^[[92m    Finished^[[0m `test` profile [unoptimized] target(s) in 12.00s
Test (macos-latest)	UNKNOWN STEP	2026-09-29T12:19:08.8352650Z ^[[1m^[[92m     Running^[[0m unittests src/lib.rs (target/debug/deps/saksi_auditor-2147cd642143faaf)
Test (macos-latest)	UNKNOWN STEP	2026-09-29T12:19:08.8392970Z 
Test (macos-latest)	UNKNOWN STEP	2026-09-29T12:19:08.8394000Z running 120 tests
Test (macos-latest)	UNKNOWN STEP	2026-09-29T12:19:08.8811090Z test demo::tests::audit_stream_dir_flags_tampered_ground_truth ... ok
Test (macos-latest)	UNKNOWN STEP	2026-09-29T12:19:08.8883420Z test demo::tests::audit_threads_accepts_only_a_positive_integer ... ok
Test (macos-latest)	UNKNOWN STEP	2026-09-29T12:19:08.9163430Z test demo::tests::audit_stream_dir_reports_zero_error_on_clean_run ... ok
Test (macos-latest)	UNKNOWN STEP	2026-09-29T12:19:08.9477020Z test demo::tests::gate_rejects_broken_voter_id_repetition ... ok
Test (macos-latest)	UNKNOWN STEP	2026-09-29T12:19:08.9583300Z test demo::tests::forged_self_issued_ballot_passes_the_chain_checks_and_fails_issuer_binding ... ok
Test (macos-latest)	UNKNOWN STEP	2026-09-29T12:19:08.9684560Z test demo::tests::audit_scores_e0_accuracy_against_ground_truth ... ok
Test (macos-latest)	UNKNOWN STEP	2026-09-29T12:19:08.9785950Z test demo::tests::gate_rejects_duplicated_nullifier ... ok
Test (macos-latest)	UNKNOWN STEP	2026-09-29T12:19:08.9886350Z test demo::tests::gate_rejects_threshold_above_trustees ... ok
Test (macos-latest)	UNKNOWN STEP	2026-09-29T12:19:08.9986820Z test demo::tests::gate_rejects_out_of_range_selection ... ok
Test (macos-latest)	UNKNOWN STEP	2026-09-29T12:19:09.0089100Z test demo::tests::gate_rejects_tampered_ground_truth ... ok
Test (macos-latest)	UNKNOWN STEP	2026-09-29T12:19:09.0189630Z test demo::tests::generated_bundle_audits_clean ... ok
Test (macos-latest)	UNKNOWN STEP	2026-09-29T12:19:09.0741200Z test demo::tests::overvote_ballot_passes_cds_and_fails_selection_sum ... ok
Test (macos-latest)	UNKNOWN STEP	2026-09-29T12:19:09.0869930Z test demo::tests::params_entry_generates_and_audits_for_4_of_7 ... ok
Test (macos-latest)	UNKNOWN STEP	2026-09-29T12:19:09.0987900Z test demo::tests::multi_position_bundle_generates_validates_and_audits ... ok
Test (macos-latest)	UNKNOWN STEP	2026-09-29T12:19:09.1391150Z test fixtures::dkg_randomness_tests::every_generated_election_gets_a_fresh_dkg ... ok
Test (macos-latest)	UNKNOWN STEP	2026-09-29T12:19:09.1519210Z test fixtures::realistic_profile_tests::a_single_candidate_contest_is_still_trivially_valid ... ok
Test (macos-latest)	UNKNOWN STEP	2026-09-29T12:19:09.1623190Z test demo::tests::tampered_ground_truth_fails_e0 ... ok
Test (macos-latest)	UNKNOWN STEP	2026-09-29T12:19:09.1725610Z test fixtures::realistic_profile_tests::existing_profiles_are_untouched ... ok
Test (macos-latest)	UNKNOWN STEP	2026-09-29T12:19:09.1839440Z test fixtures::realistic_profile_tests::positions_usually_differ_but_it_is_not_guaranteed ... ok
Test (macos-latest)	UNKNOWN STEP	2026-09-29T12:19:09.2233220Z test demo::tests::skewed_distribution_generates_validates_and_audits ... ok
Test (macos-latest)	UNKNOWN STEP	2026-09-29T12:19:09.2334250Z test fixtures::realistic_profile_tests::the_plan_realizes_its_quotas_exactly ... ok
Test (macos-latest)	UNKNOWN STEP	2026-09-29T12:19:10.6115680Z test fixtures::realistic_profile_tests::counts_strictly_decrease_once_the_electorate_can_afford_it ... ok
Test (macos-latest)	UNKNOWN STEP	2026-09-29T12:19:10.6329600Z test fixtures::realistic_profile_tests::there_is_always_a_clear_winner ... ok
Test (macos-latest)	UNKNOWN STEP	2026-09-29T12:19:10.6438930Z test fixtures::tally_selection_tests::ground_truth_is_independent_of_the_ciphertext_loop ... ok
Test (macos-latest)	UNKNOWN STEP	2026-09-29T12:19:10.6540690Z test fixtures::tally_selection_tests::tally_selections_sums_into_position_qualified_slots ... ok
Test (macos-latest)	UNKNOWN STEP	2026-09-29T12:19:10.6569940Z test fixtures::realistic_profile_tests::quotas_sum_to_exactly_the_electorate ... ok
Test (macos-latest)	UNKNOWN STEP	2026-09-29T12:19:10.6685950Z test fixtures::tally_signature_vector::tally_sig_context_is_domain_election_id_and_le_totals ... ok
Test (macos-latest)	UNKNOWN STEP	2026-09-29T12:19:10.6822280Z test fixtures::tally_signature_vector::derived_verification_keys_equal_share_publics ... ok
Test (macos-latest)	UNKNOWN STEP	2026-09-29T12:19:10.6927870Z test ground_truth::tests::ballots_csv_is_wide_one_row_per_voter ... ok
Test (macos-latest)	UNKNOWN STEP	2026-09-29T12:19:10.7050230Z test ground_truth::tests::positions_beyond_three_get_generic_labels ... ok
Test (macos-latest)	UNKNOWN STEP	2026-09-29T12:19:10.7153140Z test ground_truth::tests::single_position_run_has_one_selection_column ... ok
Test (macos-latest)	UNKNOWN STEP	2026-09-29T12:19:10.7256430Z test ground_truth::tests::summary_matches_tally_selections_for_both_profiles ... ok
Test (macos-latest)	UNKNOWN STEP	2026-09-29T12:19:10.7362890Z test fixtures::tally_selection_tests::parameterized_fixture_honors_trustees_and_name ... ok
Test (macos-latest)	UNKNOWN STEP	2026-09-29T12:19:10.7466760Z test fixtures::tally_signature_vector::tally_signature_golden_vector ... ok
Test (macos-latest)	UNKNOWN STEP	2026-09-29T12:19:10.7570240Z test independent_verification::dropped_ballot_detected ... ok
Test (macos-latest)	UNKNOWN STEP	2026-09-29T12:19:10.7681150Z test independent_verification::public_record_verification_reproduces_and_accepts ... ok
Test (macos-latest)	UNKNOWN STEP	2026-09-29T12:19:10.7984380Z test independent_verification::tamper_dkg_transcript_detected ... ok
Test (macos-latest)	UNKNOWN STEP	2026-09-29T12:19:10.8493890Z test independent_verification::reordered_ballots_pass_audit_with_identical_tally ... ok
Test (macos-latest)	UNKNOWN STEP	2026-09-29T12:19:10.8596690Z test independent_verification::tamper_ballot_proof_detected ... ok
Test (macos-latest)	UNKNOWN STEP	2026-09-29T12:19:10.8902870Z test ledger::tests::ledger_digest_is_order_dependent ... ok
Test (macos-latest)	UNKNOWN STEP	2026-09-29T12:19:10.9103030Z test independent_verification::tamper_partial_decryption_detected ... ok
Test (macos-latest)	UNKNOWN STEP	2026-09-29T12:19:10.9508070Z test independent_verification::tamper_tally_total_detected ... ok
Test (macos-latest)	UNKNOWN STEP	2026-09-29T12:19:11.0732940Z test security_privacy::malicious_admin_altering_a_contest_id_is_detected ... ok
Test (macos-latest)	UNKNOWN STEP	2026-09-29T12:19:11.0834920Z test security_privacy::on_chain_ballot_record_carries_no_voter_identity ... ok
Test (macos-latest)	UNKNOWN STEP	2026-09-29T12:19:11.1012510Z test security_privacy::malicious_bb_node_reordering_ballots_is_not_detected_and_leaves_the_tally_unchanged ... ok
Test (macos-latest)	UNKNOWN STEP	2026-09-29T12:19:11.1126570Z test security_privacy::malicious_bb_node_dropping_a_committed_ballot_is_detected ... ok
Test (macos-latest)	UNKNOWN STEP	2026-09-29T12:19:11.1329810Z test security_privacy::privacy_linkage_attempt_fails_over_the_anonymity_set ... ok
Test (macos-latest)	UNKNOWN STEP	2026-09-29T12:19:11.1539750Z test security_privacy::only_the_aggregate_is_decrypted_never_an_individual_ballot ... ok
Test (macos-latest)	UNKNOWN STEP	2026-09-29T12:19:11.1748640Z test stream::tests::a_corrupt_line_is_reported_even_when_the_dkg_cannot_be_rebuilt ... ok
Test (macos-latest)	UNKNOWN STEP	2026-09-29T12:19:11.1855900Z test stream::tests::a_corrupt_ballot_line_fails_the_stream_audit ... ok
Test (macos-latest)	UNKNOWN STEP	2026-09-29T12:19:11.1928240Z test stream::tests::ballot_lines_names_the_corrupt_line ... ok
Test (macos-latest)	UNKNOWN STEP	2026-09-29T12:19:11.2037310Z test stream::tests::ballot_lines_refuses_a_line_over_the_cap ... ok
Test (macos-latest)	UNKNOWN STEP	2026-09-29T12:19:11.2126900Z test security_privacy::sub_threshold_decryption_fails_but_full_threshold_succeeds ... ok
Test (macos-latest)	UNKNOWN STEP	2026-09-29T12:19:11.2130020Z test stream::tests::a_line_over_the_cap_reports_the_lines_it_never_audited ... ok
Test (macos-latest)	UNKNOWN STEP	2026-09-29T12:19:11.2234830Z test stream::tests::gate_rejects_a_corrupt_hex_line ... ok
Test (macos-latest)	UNKNOWN STEP	2026-09-29T12:19:11.2488350Z test stream::tests::gate_rejects_a_truncated_ballot_stream ... ok
Test (macos-latest)	UNKNOWN STEP	2026-09-29T12:19:11.2830650Z test stream::tests::gen_timings_sidecar_has_every_key ... ok
Test (macos-latest)	UNKNOWN STEP	2026-09-29T12:19:11.2863550Z test stream::tests::header_without_display_fields_still_parses_v1_compat ... ok
Test (macos-latest)	UNKNOWN STEP	2026-09-29T12:19:11.2968300Z test stream::tests::pinned_fixture_parses_with_the_same_reader ... ok
Test (macos-latest)	UNKNOWN STEP	2026-09-29T12:19:11.3278330Z test stream::tests::stream_params_entry_gates_then_writes_a_verifiable_stream ... ok
Test (macos-latest)	UNKNOWN STEP	2026-09-29T12:19:11.3597720Z test stream::tests::stream_round_trips_and_passes_the_gate ... ok
Test (macos-latest)	UNKNOWN STEP	2026-09-29T12:19:11.4983590Z test stream::tests::streaming_and_in_memory_audits_report_identical_findings ... ok
Test (macos-latest)	UNKNOWN STEP	2026-09-29T12:19:11.5059990Z test stream::tests::the_chunk_gate_rejects_a_ballot_with_no_nullifier ... ok
Test (macos-latest)	UNKNOWN STEP	2026-09-29T12:19:11.5121590Z test stream::tests::the_chunk_gate_rejects_a_ballot_with_the_wrong_ciphertext_count ... ok
Test (macos-latest)	UNKNOWN STEP	2026-09-29T12:19:11.5384280Z test stream::tests::the_chunk_gate_rejects_a_replayed_nullifier ... ok
Test (macos-latest)	UNKNOWN STEP	2026-09-29T12:19:11.5615630Z test stream::tests::the_chunk_gate_rejects_a_voter_with_the_wrong_record_count ... ok
Test (macos-latest)	UNKNOWN STEP	2026-09-29T12:19:11.6160470Z test stream::tests::every_chunk_boundary_audits_clean ... ok
Test (macos-latest)	UNKNOWN STEP	2026-09-29T12:19:11.6262680Z test stream::tests::the_whole_run_gate_rejects_a_position_that_lost_a_vote ... ok
Test (macos-latest)	UNKNOWN STEP	2026-09-29T12:19:11.6293410Z test stream::tests::the_whole_run_gate_rejects_a_short_stream ... ok
Test (macos-latest)	UNKNOWN STEP	2026-09-29T12:19:11.6658950Z test stream::tests::writing_is_atomic_leaving_no_tmp_files_behind ... ok
Test (macos-latest)	UNKNOWN STEP	2026-09-29T12:19:11.6860960Z test tally::decode_tests::decode_tally_routes_by_threshold_but_recovers_t ... ok
Test (macos-latest)	UNKNOWN STEP	2026-09-29T12:19:11.6861580Z test stream::tests::the_chunked_header_round_trips_through_read_header ... ok
Test (macos-latest)	UNKNOWN STEP	2026-09-29T12:19:11.6962670Z test tally::decode_tests::out_of_range_returns_none ... ok
Test (macos-latest)	UNKNOWN STEP	2026-09-29T12:19:11.7066670Z test tally::decode_tests::zero_decodes_to_zero ... ok
Test (macos-latest)	UNKNOWN STEP	2026-09-29T12:19:11.7792240Z test tally::decode_tests::linear_and_bsgs_agree_across_range_and_boundaries ... ok
Test (macos-latest)	UNKNOWN STEP	2026-09-29T12:19:11.8198080Z test tests::bad_parameters_version_is_caught ... ok
Test (macos-latest)	UNKNOWN STEP	2026-09-29T12:19:11.8675380Z test tests::below_threshold_tally_signatures_are_caught ... ok
Test (macos-latest)	UNKNOWN STEP	2026-09-29T12:19:11.8978040Z test tests::dkg_transcript_trustee_count_mismatch_is_caught ... ok
Test (macos-latest)	UNKNOWN STEP	2026-09-29T12:19:11.9603570Z test tests::duplicate_partial_decryption_for_contest_is_caught ... ok
Test (macos-latest)	UNKNOWN STEP	2026-09-29T12:19:12.0959510Z test tests::duplicate_trustee_signature_is_caught ... ok
Test (macos-latest)	UNKNOWN STEP	2026-09-29T12:19:12.1061070Z test tests::audit_stage_timings_are_measured_and_within_the_wall ... ok
Test (macos-latest)	UNKNOWN STEP	2026-09-29T12:19:12.1262850Z test tests::empty_contests_is_caught ... ok
Test (macos-latest)	UNKNOWN STEP	2026-09-29T12:19:12.1464970Z test tests::generator_binds_issuer_key_into_parameters ... ok
Test (macos-latest)	UNKNOWN STEP	2026-09-29T12:19:12.1868570Z test tests::happy_path_audit_passes ... ok
Test (macos-latest)	UNKNOWN STEP	2026-09-29T12:19:12.2281170Z test tests::legacy_params_skip_selection_sum ... ok
Test (macos-latest)	UNKNOWN STEP	2026-09-29T12:19:12.2818720Z test tests::malformed_tally_signature_is_caught ... ok
Test (macos-latest)	UNKNOWN STEP	2026-09-29T12:19:12.2957000Z test tests::honest_ballots_pass_selection_sum ... ok
Test (macos-latest)	UNKNOWN STEP	2026-09-29T12:19:12.3173530Z test tests::missing_tally_signatures_are_caught ... ok
Test (macos-latest)	UNKNOWN STEP	2026-09-29T12:19:12.3982880Z test tests::overvote_is_caught_by_selection_sum ... ok
Test (macos-latest)	UNKNOWN STEP	2026-09-29T12:19:12.4084180Z test tests::multi_position_audit_passes ... ok
Test (macos-latest)	UNKNOWN STEP	2026-09-29T12:19:12.8454680Z test tests::parallel_verify_matches_serial_on_a_duplicate_nullifier_across_batches ... ok
Test (macos-latest)	UNKNOWN STEP	2026-09-29T12:19:12.8856440Z test tests::parallel_verify_matches_serial_on_a_clean_election ... ok
Test (macos-latest)	UNKNOWN STEP	2026-09-29T12:19:12.9584710Z test tests::parallel_verify_matches_serial_on_an_empty_stream ... ok
Test (macos-latest)	UNKNOWN STEP	2026-09-29T12:19:13.4268370Z test tests::parallel_verify_matches_serial_on_bad_proofs_at_batch_edges ... ok
Test (macos-latest)	UNKNOWN STEP	2026-09-29T12:19:13.4922290Z test tests::parameters_issuer_mismatch_is_caught ... ok
Test (macos-latest)	UNKNOWN STEP	2026-09-29T12:19:13.5027560Z test tests::parallel_verify_matches_serial_on_wrong_election_and_position_ballots ... ok
Test (macos-latest)	UNKNOWN STEP	2026-09-29T12:19:13.5382180Z test tests::partial_decryption_with_unknown_contest_id_is_caught ... ok
Test (macos-latest)	UNKNOWN STEP	2026-09-29T12:19:13.5484860Z test tests::parameters_without_issuer_key_are_flagged ... ok
Test (macos-latest)	UNKNOWN STEP	2026-09-29T12:19:13.5835630Z test tests::partial_decryptions_in_any_order_still_pass ... ok
Test (macos-latest)	UNKNOWN STEP	2026-09-29T12:19:13.6697830Z test tests::per_position_double_vote_is_caught ... ok
Test (macos-latest)	UNKNOWN STEP	2026-09-29T12:19:13.7203170Z test tests::reused_nullifier_is_caught ... ok
Test (macos-latest)	UNKNOWN STEP	2026-09-29T12:19:13.7756030Z test tests::same_voter_different_positions_is_allowed ... ok
Test (macos-latest)	UNKNOWN STEP	2026-09-29T12:19:13.8244370Z test tests::second_vote_on_legacy_params_is_counted ... ok
Test (macos-latest)	UNKNOWN STEP	2026-09-29T12:19:13.8838780Z test tests::second_vote_through_a_whole_ballot_record_is_refused ... ok
Test (macos-latest)	UNKNOWN STEP	2026-09-29T12:19:13.9664440Z test tests::single_position_axis_audit_passes ... ok
Test (macos-latest)	UNKNOWN STEP	2026-09-29T12:19:14.0183500Z test tests::tally_signature_over_different_totals_is_caught ... ok
Test (macos-latest)	UNKNOWN STEP	2026-09-29T12:19:14.0672690Z test tests::tampered_ballot_cds_proof_is_caught ... ok
Test (macos-latest)	UNKNOWN STEP	2026-09-29T12:19:14.1107090Z test tests::tampered_chaum_pedersen_response_is_caught ... ok
Test (macos-latest)	UNKNOWN STEP	2026-09-29T12:19:14.1700870Z test tests::tampered_credential_presentation_proof_is_caught ... ok
Test (macos-latest)	UNKNOWN STEP	2026-09-29T12:19:14.2263060Z test tests::tampered_partial_decryption_share_is_caught ... ok
Test (macos-latest)	UNKNOWN STEP	2026-09-29T12:19:14.2764960Z test tests::tampered_selection_proof_is_caught ... ok
Test (macos-latest)	UNKNOWN STEP	2026-09-29T12:19:14.3269570Z test tests::tampered_tally_signature_is_caught ... ok
Test (macos-latest)	UNKNOWN STEP	2026-09-29T12:19:14.3783490Z test tests::trustee_tally_signatures_verify ... ok
Test (macos-latest)	UNKNOWN STEP	2026-09-29T12:19:14.4363130Z test tests::under_threshold_decryptions_are_caught ... ok
Test (macos-latest)	UNKNOWN STEP	2026-09-29T12:19:14.4964130Z test tests::under_threshold_with_canonical_layout_is_caught ... ok
Test (macos-latest)	UNKNOWN STEP	2026-09-29T12:19:14.5476200Z test tests::unknown_trustee_signature_is_caught ... ok
Test (macos-latest)	UNKNOWN STEP	2026-09-29T12:19:14.5999930Z test tests::wrong_issuer_pk_is_caught ... ok
Test (macos-latest)	UNKNOWN STEP	2026-09-29T12:19:14.6522410Z test tests::wrong_tally_is_caught ... ok
Test (macos-latest)	UNKNOWN STEP	2026-09-29T12:19:16.7598890Z test tests::per_ballot_passes_are_rolled_up_not_stored ... ok
Test (macos-latest)	UNKNOWN STEP	2026-09-29T12:19:37.1306320Z test stream::tests::chunked_writer_matches_the_serial_writer ... ok
Test (macos-latest)	UNKNOWN STEP	2026-09-29T12:19:37.1307360Z 
Test (macos-latest)	UNKNOWN STEP	2026-09-29T12:19:37.1308320Z test result: ok. 120 passed; 0 failed; 0 ignored; 0 measured; 0 filtered out; finished in 28.29s
Test (macos-latest)	UNKNOWN STEP	2026-09-29T12:19:37.1308960Z 
Test (macos-latest)	UNKNOWN STEP	2026-09-29T12:19:37.1348950Z ^[[1m^[[92m     Running^[[0m unittests src/lib.rs (target/debug/deps/saksi_credentials-6dc374f112072a59)
Test (macos-latest)	UNKNOWN STEP	2026-09-29T12:19:37.1479710Z 
Test (macos-latest)	UNKNOWN STEP	2026-09-29T12:19:37.1480200Z running 29 tests
Test (macos-latest)	UNKNOWN STEP	2026-09-29T12:19:37.1501470Z test issuance::tests::issuance_happy_path_verifies ... ok
Test (macos-latest)	UNKNOWN STEP	2026-09-29T12:19:37.1520190Z test issuance::tests::credential_from_parts_round_trips_through_presentation ... ok
Test (macos-latest)	UNKNOWN STEP	2026-09-29T12:19:37.1554310Z test issuance::tests::issuer_secret_key_is_not_debug ... ok
Test (macos-latest)	UNKNOWN STEP	2026-09-29T12:19:37.1555040Z test issuance::tests::credential_signature_golden_vector ... ok
Test (macos-latest)	UNKNOWN STEP	2026-09-29T12:19:37.1556580Z test issuance::tests::issuer_view_unlinkable_from_final_commitment ... ok
Test (macos-latest)	UNKNOWN STEP	2026-09-29T12:19:37.1557560Z test issuance::tests::pre_signature_nonce_is_consumed ... ok
Test (macos-latest)	UNKNOWN STEP	2026-09-29T12:19:37.1558270Z test nullifier::tests::compress_decompress_round_trips ... ok
Test (macos-latest)	UNKNOWN STEP	2026-09-29T12:19:37.1587000Z test issuance::tests::tampered_issuer_response_is_rejected ... ok
Test (macos-latest)	UNKNOWN STEP	2026-09-29T12:19:37.1589190Z ^[[1m^[[92m     Running^[[0m unittests src/lib.rs (target/debug/deps/saksi_crypto-0ca75f734aea4ceb)
Test (macos-latest)	UNKNOWN STEP	2026-09-29T12:19:37.1589870Z test nullifier::tests::decompress_rejects_garbage ... ok
Test (macos-latest)	UNKNOWN STEP	2026-09-29T12:19:37.1592410Z test nullifier::tests::derive_nullifier_is_deterministic ... ok
Test (macos-latest)	UNKNOWN STEP	2026-09-29T12:19:37.1593000Z test issuance::tests::wrong_issuer_pk_for_verification_is_rejected ... ok
Test (macos-latest)	UNKNOWN STEP	2026-09-29T12:19:37.1593610Z test nullifier::tests::different_election_id_changes_nullifier ... ok
Test (macos-latest)	UNKNOWN STEP	2026-09-29T12:19:37.1594230Z test nullifier::tests::different_position_id_changes_nullifier ... ok
Test (macos-latest)	UNKNOWN STEP	2026-09-29T12:19:37.1594840Z test nullifier::tests::different_s_cred_changes_nullifier ... ok
Test (macos-latest)	UNKNOWN STEP	2026-09-29T12:19:37.1595290Z test nullifier::tests::nullifier_h_is_election_and_position_dependent ... ok
Test (macos-latest)	UNKNOWN STEP	2026-09-29T12:19:37.1595970Z test nullifier::tests::length_prefix_disambiguates_election_and_position ... ok
Test (macos-latest)	UNKNOWN STEP	2026-09-29T12:19:37.1606310Z test nullifier::tests::empty_position_is_the_legacy_per_election_nullifier ... ok
Test (macos-latest)	UNKNOWN STEP	2026-09-29T12:19:37.1607010Z test nullifier::tests::pinned_nullifier_vector ... ok
Test (macos-latest)	UNKNOWN STEP	2026-09-29T12:19:37.1607510Z test presentation::tests::presentation_context_is_length_prefixed_and_stable ... ok
Test (macos-latest)	UNKNOWN STEP	2026-09-29T12:19:37.1607980Z test presentation::tests::different_elections_yield_distinct_nullifiers ... ok
Test (macos-latest)	UNKNOWN STEP	2026-09-29T12:19:37.1608520Z test presentation::tests::same_election_same_credential_yields_identical_nullifier ... ok
Test (macos-latest)	UNKNOWN STEP	2026-09-29T12:19:37.1608940Z test presentation::tests::present_then_verify_round_trips ... ok
Test (macos-latest)	UNKNOWN STEP	2026-09-29T12:19:37.1609350Z test presentation::tests::tampered_credential_commitment_is_rejected ... ok
Test (macos-latest)	UNKNOWN STEP	2026-09-29T12:19:37.1609750Z test presentation::tests::tampered_nullifier_value_is_rejected ... ok
Test (macos-latest)	UNKNOWN STEP	2026-09-29T12:19:37.1610240Z test presentation::tests::tampered_presentation_proof_bytes_is_rejected ... ok
Test (macos-latest)	UNKNOWN STEP	2026-09-29T12:19:37.1636560Z test presentation::tests::wrong_context_at_verify_is_rejected ... ok
Test (macos-latest)	UNKNOWN STEP	2026-09-29T12:19:37.1637720Z test presentation::tests::wrong_election_id_at_verify_is_rejected ... ok
Test (macos-latest)	UNKNOWN STEP	2026-09-29T12:19:37.1638380Z test presentation::tests::wire_roundtrip_identity ... ok
Test (macos-latest)	UNKNOWN STEP	2026-09-29T12:19:37.1639200Z test presentation::tests::wrong_issuer_public_key_at_verify_is_rejected ... ok
Test (macos-latest)	UNKNOWN STEP	2026-09-29T12:19:37.1639670Z 
Test (macos-latest)	UNKNOWN STEP	2026-09-29T12:19:37.1639930Z test result: ok. 29 passed; 0 failed; 0 ignored; 0 measured; 0 filtered out; finished in 0.01s
Test (macos-latest)	UNKNOWN STEP	2026-09-29T12:19:37.1640300Z 
Test (macos-latest)	UNKNOWN STEP	2026-09-29T12:19:37.1736900Z 
Test (macos-latest)	UNKNOWN STEP	2026-09-29T12:19:37.1737450Z running 94 tests
Test (macos-latest)	UNKNOWN STEP	2026-09-29T12:19:37.1771550Z test benaloh::tests::cast_receipt_matches_independent_encryption ... ok
Test (macos-latest)	UNKNOWN STEP	2026-09-29T12:19:37.1776780Z test benaloh::tests::challenge_rejects_tampered_ciphertext ... ok
Test (macos-latest)	UNKNOWN STEP	2026-09-29T12:19:37.1793700Z test benaloh::tests::challenge_happy_path_verifies ... ok
Test (macos-latest)	UNKNOWN STEP	2026-09-29T12:19:37.1907480Z test benaloh::tests::challenge_rejects_tampered_plaintext ... ok
Test (macos-latest)	UNKNOWN STEP	2026-09-29T12:19:37.2015050Z test benaloh::tests::challenge_rejects_tampered_randomness ... ok
Test (macos-latest)	UNKNOWN STEP	2026-09-29T12:19:37.2118540Z test benaloh::tests::challenge_rejects_wrong_context ... ok
Test (macos-latest)	UNKNOWN STEP	2026-09-29T12:19:37.2222530Z test benaloh::tests::challenge_rejects_wrong_plaintext_label ... ok
Test (macos-latest)	UNKNOWN STEP	2026-09-29T12:19:37.2277350Z test benaloh::tests::digest_is_stable_across_runs ... ok
Test (macos-latest)	UNKNOWN STEP	2026-09-29T12:19:37.2278030Z test benaloh::tests::challenge_rejects_wrong_public_key ... ok
Test (macos-latest)	UNKNOWN STEP	2026-09-29T12:19:37.2278900Z test benaloh::tests::digest_separates_label_and_context ... ok
Test (macos-latest)	UNKNOWN STEP	2026-09-29T12:19:37.2279750Z test commitment::tests::add_scalar_message_matches_recommit ... ok
Test (macos-latest)	UNKNOWN STEP	2026-09-29T12:19:37.2280710Z test commitment::tests::compressed_bytes_reject_garbage ... ok
Test (macos-latest)	UNKNOWN STEP	2026-09-29T12:19:37.2281240Z test commitment::tests::addition_is_homomorphic ... ok
Test (macos-latest)	UNKNOWN STEP	2026-09-29T12:19:37.2282170Z test commitment::tests::compressed_bytes_round_trip ... ok
Test (macos-latest)	UNKNOWN STEP	2026-09-29T12:19:37.2291020Z ^[[1m^[[92m     Running^[[0m unittests src/main.rs (target/debug/deps/saksi_demo-a8b23021f5ef3ecf)
Test (macos-latest)	UNKNOWN STEP	2026-09-29T12:19:37.2292550Z test commitment::tests::deterministic_test_vector_pins_h_derivation ... ok
Test (macos-latest)	UNKNOWN STEP	2026-09-29T12:19:37.2294170Z test commitment::tests::different_randomness_changes_commitment ... ok
Test (macos-latest)	UNKNOWN STEP	2026-09-29T12:19:37.2295760Z test commitment::tests::binding_rejects_wrong_message_or_randomness ... ok
Test (macos-latest)	UNKNOWN STEP	2026-09-29T12:19:37.2297560Z test commitment::tests::open_then_verify_round_trips ... ok
Test (macos-latest)	UNKNOWN STEP	2026-09-29T12:19:37.2298370Z test commitment::tests::pedersen_h_is_deterministic_and_independent ... ok
Test (macos-latest)	UNKNOWN STEP	2026-09-29T12:19:37.2298820Z test commitment::tests::wire_rejects_non_canonical_commitment_point ... ok
Test (macos-latest)	UNKNOWN STEP	2026-09-29T12:19:37.2299540Z test commitment::tests::wire_closed_commitment_round_trips ... ok
Test (macos-latest)	UNKNOWN STEP	2026-09-29T12:19:37.2301080Z test commitment::tests::wire_rejects_short_commitment ... ok
Test (macos-latest)	UNKNOWN STEP	2026-09-29T12:19:37.2301760Z test commitment::tests::wire_rejects_non_canonical_opening ... ok
Test (macos-latest)	UNKNOWN STEP	2026-09-29T12:19:37.2302550Z test commitment::tests::wire_rejects_short_opening ... ok
Test (macos-latest)	UNKNOWN STEP	2026-09-29T12:19:37.2303690Z test commitment::tests::wire_opened_commitment_round_trips_and_verifies ... ok
Test (macos-latest)	UNKNOWN STEP	2026-09-29T12:19:37.2304810Z test commitment::tests::zero_commitment_is_identity ... ok
Test (macos-latest)	UNKNOWN STEP	2026-09-29T12:19:37.2305850Z test dkg::tests::combined_threshold_secret_matches_full_secret_for_test_only ... ok
Test (macos-latest)	UNKNOWN STEP	2026-09-29T12:19:37.2306960Z test dkg::tests::random_dealers_are_fresh_and_their_key_decrypts_at_threshold ... ok
Test (macos-latest)	UNKNOWN STEP	2026-09-29T12:19:37.2307700Z test dkg::tests::malformed_share_triggers_complaint_and_honest_threshold_completes ... ok
Test (macos-latest)	UNKNOWN STEP	2026-09-29T12:19:37.2308940Z test dkg::tests::three_of_five_dkg_decrypts_elgamal_ciphertext ... ok
Test (macos-latest)	UNKNOWN STEP	2026-09-29T12:19:37.2309500Z test dkg::tests::transcript_uses_protocol_dkg_shape ... ok
Test (macos-latest)	UNKNOWN STEP	2026-09-29T12:19:37.2310010Z test elgamal::tests::ciphertext_addition_is_homomorphic ... ok
Test (macos-latest)	UNKNOWN STEP	2026-09-29T12:19:37.2310840Z test eg_interop::tests::saksi_reproduces_electionguard_model_tallies ... ok
Test (macos-latest)	UNKNOWN STEP	2026-09-29T12:19:37.2312200Z test elgamal::tests::ciphertext_scalar_multiplication_is_homomorphic ... ok
Test (macos-latest)	UNKNOWN STEP	2026-09-29T12:19:37.2313760Z test elgamal::tests::identity_plaintext_detects_identity_point ... ok
Test (macos-latest)	UNKNOWN STEP	2026-09-29T12:19:37.2314310Z test elgamal::tests::deterministic_vector_is_stable ... ok
Test (macos-latest)	UNKNOWN STEP	2026-09-29T12:19:37.2314870Z test elgamal::tests::re_encryption_preserves_plaintext_and_refreshes_ciphertext ... ok
Test (macos-latest)	UNKNOWN STEP	2026-09-29T12:19:37.2315790Z test group::tests::scalar_rejects_non_canonical_bytes ... ok
Test (macos-latest)	UNKNOWN STEP	2026-09-29T12:19:37.2316840Z test nizk::cds::tests::cds_golden_vector ... ok
Test (macos-latest)	UNKNOWN STEP	2026-09-29T12:19:37.2317650Z test nizk::cds::tests::completeness_k2_choice_one ... ok
Test (macos-latest)	UNKNOWN STEP	2026-09-29T12:19:37.2318190Z test nizk::cds::tests::completeness_k2_choice_zero ... ok
Test (macos-latest)	UNKNOWN STEP	2026-09-29T12:19:37.2319080Z test elgamal::tests::round_trip_encrypt_decrypt_for_small_scalars ... ok
Test (macos-latest)	UNKNOWN STEP	2026-09-29T12:19:37.2320000Z test nizk::cds::tests::completeness_k3_choice_two ... ok
Test (macos-latest)	UNKNOWN STEP	2026-09-29T12:19:37.2321190Z test nizk::cds::tests::from_wire_rejects_malformed_point ... ok
Test (macos-latest)	UNKNOWN STEP	2026-09-29T12:19:37.2322200Z test nizk::cds::tests::from_wire_rejects_malformed_scalar ... ok
Test (macos-latest)	UNKNOWN STEP	2026-09-29T12:19:37.2323210Z test nizk::cds::tests::invalid_parameters_choice_set_too_small ... ok
Test (macos-latest)	UNKNOWN STEP	2026-09-29T12:19:37.2325320Z test nizk::cds::tests::from_wire_rejects_unknown_version ... ok
Test (macos-latest)	UNKNOWN STEP	2026-09-29T12:19:37.2325950Z test nizk::cds::tests::invalid_parameters_true_index_out_of_range ... ok
Test (macos-latest)	UNKNOWN STEP	2026-09-29T12:19:37.2329070Z test nizk::cds::tests::invalid_parameters_verify_branch_count_mismatch ... ok
Test (macos-latest)	UNKNOWN STEP	2026-09-29T12:19:37.2330800Z test nizk::cds::tests::invalid_parameters_verify_empty_choice_set ... ok
Test (macos-latest)	UNKNOWN STEP	2026-09-29T12:19:37.2331390Z test nizk::cds::tests::soundness_out_of_set_encryption_attempt ... ok
Test (macos-latest)	UNKNOWN STEP	2026-09-29T12:19:37.2333750Z test nizk::cds::tests::soundness_swapped_branches ... ok
Test (macos-latest)	UNKNOWN STEP	2026-09-29T12:19:37.2334510Z test nizk::cds::tests::soundness_tampered_branch_challenge ... ok
Test (macos-latest)	UNKNOWN STEP	2026-09-29T12:19:37.2335780Z test nizk::cds::tests::soundness_tampered_branch_commitment_g ... ok
Test (macos-latest)	UNKNOWN STEP	2026-09-29T12:19:37.2336310Z test nizk::cds::tests::soundness_tampered_branch_commitment_h ... ok
Test (macos-latest)	UNKNOWN STEP	2026-09-29T12:19:37.2337120Z test nizk::cds::tests::soundness_tampered_branch_response ... ok
Test (macos-latest)	UNKNOWN STEP	2026-09-29T12:19:37.2338330Z test nizk::cds::tests::soundness_wrong_choice_set ... ok
Test (macos-latest)	UNKNOWN STEP	2026-09-29T12:19:37.2339070Z test nizk::cds::tests::soundness_wrong_ciphertext ... ok
Test (macos-latest)	UNKNOWN STEP	2026-09-29T12:19:37.2341820Z test nizk::cds::tests::soundness_wrong_context ... ok
Test (macos-latest)	UNKNOWN STEP	2026-09-29T12:19:37.2343120Z test nizk::cds::tests::wire_roundtrip_preserves_proof ... ok
Test (macos-latest)	UNKNOWN STEP	2026-09-29T12:19:37.2343750Z test nizk::chaum_pedersen::tests::context_binding_rejects_wrong_context ... ok
Test (macos-latest)	UNKNOWN STEP	2026-09-29T12:19:37.2344470Z test nizk::chaum_pedersen::tests::from_wire_rejects_malformed_point ... ok
Test (macos-latest)	UNKNOWN STEP	2026-09-29T12:19:37.2345110Z test nizk::chaum_pedersen::tests::from_wire_rejects_malformed_scalar ... ok
Test (macos-latest)	UNKNOWN STEP	2026-09-29T12:19:37.2345770Z test nizk::chaum_pedersen::tests::from_wire_rejects_unknown_version ... ok
Test (macos-latest)	UNKNOWN STEP	2026-09-29T12:19:37.2346470Z test nizk::chaum_pedersen::tests::partial_decryption_vector ... ok
Test (macos-latest)	UNKNOWN STEP	2026-09-29T12:19:37.2347540Z test nizk::chaum_pedersen::tests::swapped_bases_fail ... ok
Test (macos-latest)	UNKNOWN STEP	2026-09-29T12:19:37.2348340Z test nizk::chaum_pedersen::tests::tampered_challenge_fails ... ok
Test (macos-latest)	UNKNOWN STEP	2026-09-29T12:19:37.2349180Z test nizk::chaum_pedersen::tests::tampered_commitment_g_fails ... ok
Test (macos-latest)	UNKNOWN STEP	2026-09-29T12:19:37.2350410Z test nizk::chaum_pedersen::tests::tampered_commitment_h_fails ... ok
Test (macos-latest)	UNKNOWN STEP	2026-09-29T12:19:37.2352030Z test nizk::chaum_pedersen::tests::tampered_response_fails ... ok
Test (macos-latest)	UNKNOWN STEP	2026-09-29T12:19:37.2355610Z test nizk::chaum_pedersen::tests::wire_roundtrip_preserves_proof ... ok
Test (macos-latest)	UNKNOWN STEP	2026-09-29T12:19:37.2356150Z test nizk::chaum_pedersen::tests::wrong_statement_a_fails ... ok
Test (macos-latest)	UNKNOWN STEP	2026-09-29T12:19:37.2356840Z test nizk::chaum_pedersen::tests::wrong_statement_b_fails ... ok
Test (macos-latest)	UNKNOWN STEP	2026-09-29T12:19:37.2357790Z test nizk::schnorr::tests::completeness_random_witness_verifies ... ok
Test (macos-latest)	UNKNOWN STEP	2026-09-29T12:19:37.2358340Z test nizk::schnorr::tests::from_bytes_rejects_non_canonical_point ... ok
Test (macos-latest)	UNKNOWN STEP	2026-09-29T12:19:37.2358870Z test nizk::schnorr::tests::from_bytes_rejects_non_canonical_scalar ... ok
Test (macos-latest)	UNKNOWN STEP	2026-09-29T12:19:37.2359460Z test nizk::schnorr::tests::non_basepoint_base_proves_and_verifies ... ok
Test (macos-latest)	UNKNOWN STEP	2026-09-29T12:19:37.2360250Z test nizk::schnorr::tests::serde_round_trip_preserves_proof ... ok
Test (macos-latest)	UNKNOWN STEP	2026-09-29T12:19:37.2360650Z test nizk::schnorr::tests::tampered_commitment_is_rejected ... ok
Test (macos-latest)	UNKNOWN STEP	2026-09-29T12:19:37.2361240Z test nizk::schnorr::tests::tampered_response_is_rejected ... ok
Test (macos-latest)	UNKNOWN STEP	2026-09-29T12:19:37.2361770Z test nizk::chaum_pedersen::tests::completeness_random_witness ... ok
Test (macos-latest)	UNKNOWN STEP	2026-09-29T12:19:37.2362170Z test nizk::schnorr::tests::wrong_base_is_rejected ... ok
Test (macos-latest)	UNKNOWN STEP	2026-09-29T12:19:37.2362600Z test nizk::schnorr::tests::wrong_context_is_rejected ... ok
Test (macos-latest)	UNKNOWN STEP	2026-09-29T12:19:37.2364260Z test nizk::selection::tests::context_is_label_then_length_prefixed_fields ... ok
Test (macos-latest)	UNKNOWN STEP	2026-09-29T12:19:37.2365580Z test nizk::schnorr::tests::wrong_statement_is_rejected ... ok
Test (macos-latest)	UNKNOWN STEP	2026-09-29T12:19:37.2366180Z test nizk::selection::tests::no_selection_fails ... ok
Test (macos-latest)	UNKNOWN STEP	2026-09-29T12:19:37.2366710Z test nizk::selection::tests::one_hot_verifies ... ok
Test (macos-latest)	UNKNOWN STEP	2026-09-29T12:19:37.2367550Z test nizk::selection::tests::two_selections_fail ... ok
Test (macos-latest)	UNKNOWN STEP	2026-09-29T12:19:37.2367940Z test group::tests::basepoint_multiples_round_trip ... ok
Test (macos-latest)	UNKNOWN STEP	2026-09-29T12:19:37.2368440Z test nizk::selection::tests::whole_ballot_record_vector ... ok
Test (macos-latest)	UNKNOWN STEP	2026-09-29T12:19:37.2369760Z test nizk::selection::tests::selection_golden_vector ... ok
Test (macos-latest)	UNKNOWN STEP	2026-09-29T12:19:37.2370140Z test tests::exposes_package_name ... ok
Test (macos-latest)	UNKNOWN STEP	2026-09-29T12:19:37.2371160Z test transcript::tests::transcript_accepts_domain_separator ... ok
Test (macos-latest)	UNKNOWN STEP	2026-09-29T12:19:37.2371750Z test nizk::selection::tests::wrong_context_fails ... ok
Test (macos-latest)	UNKNOWN STEP	2026-09-29T12:19:37.2372110Z 
Test (macos-latest)	UNKNOWN STEP	2026-09-29T12:19:37.2372430Z test result: ok. 94 passed; 0 failed; 0 ignored; 0 measured; 0 filtered out; finished in 0.06s
Test (macos-latest)	UNKNOWN STEP	2026-09-29T12:19:37.2372980Z 
Test (macos-latest)	UNKNOWN STEP	2026-09-29T12:19:37.2431350Z 
Test (macos-latest)	UNKNOWN STEP	2026-09-29T12:19:37.2432360Z running 5 tests
Test (macos-latest)	UNKNOWN STEP	2026-09-29T12:19:37.2435130Z test tests::parse_gen_args_defaults_are_backcompat ... ok
Test (macos-latest)	UNKNOWN STEP	2026-09-29T12:19:37.2435750Z test tests::parse_gen_args_defaults_trustee_names_to_count ... ok
Test (macos-latest)	UNKNOWN STEP	2026-09-29T12:19:37.2436470Z test tests::parse_gen_args_defaults_the_chunk_size_and_reads_an_override ... ok
Test (macos-latest)	UNKNOWN STEP	2026-09-29T12:19:37.2437100Z test tests::parse_gen_args_reads_all_flags_and_stream_target ... ok
Test (macos-latest)	UNKNOWN STEP	2026-09-29T12:19:37.2438900Z ^[[1m^[[92m     Running^[[0m tests/gen_audit_stream.rs (target/debug/deps/gen_audit_stream-efb7299c5d337511)
Test (macos-latest)	UNKNOWN STEP	2026-09-29T12:19:37.2439610Z test tests::parse_gen_args_rejects_stream_with_outfile ... ok
Test (macos-latest)	UNKNOWN STEP	2026-09-29T12:19:37.2439960Z 
Test (macos-latest)	UNKNOWN STEP	2026-09-29T12:19:37.2440330Z test result: ok. 5 passed; 0 failed; 0 ignored; 0 measured; 0 filtered out; finished in 0.00s
Test (macos-latest)	UNKNOWN STEP	2026-09-29T12:19:37.2440740Z 
Test (macos-latest)	UNKNOWN STEP	2026-09-29T12:19:37.2551580Z 
Test (macos-latest)	UNKNOWN STEP	2026-09-29T12:19:37.2551950Z running 1 test
Test (macos-latest)	UNKNOWN STEP	2026-09-29T12:19:37.3035720Z wrote stream (6 voters × 2 positions × 2 candidates (2-of-3); chunks of 5000 voters; gate passed) -> /var/folders/36/tjdph2t965j8snz9_vkdnw0r0000gn/T/saksi-demo-it-gen-audit-stream
Test (macos-latest)	UNKNOWN STEP	2026-09-29T12:19:37.3319710Z test gen_stream_then_audit_stream_json_is_clean ... ok
Test (macos-latest)	UNKNOWN STEP	2026-09-29T12:19:37.3323130Z ^[[1m^[[92m     Running^[[0m unittests src/lib.rs (target/debug/deps/saksi_ffi_flutter-9454435a280ab241)
Test (macos-latest)	UNKNOWN STEP	2026-09-29T12:19:37.3323610Z 
Test (macos-latest)	UNKNOWN STEP	2026-09-29T12:19:37.3324520Z test result: ok. 1 passed; 0 failed; 0 ignored; 0 measured; 0 filtered out; finished in 0.08s
Test (macos-latest)	UNKNOWN STEP	2026-09-29T12:19:37.3324920Z 
Test (macos-latest)	UNKNOWN STEP	2026-09-29T12:19:37.3465250Z 
Test (macos-latest)	UNKNOWN STEP	2026-09-29T12:19:37.3465820Z running 11 tests
Test (macos-latest)	UNKNOWN STEP	2026-09-29T12:19:37.3492160Z test api::tests::flutter_benaloh_challenge_returns_stable_handle ... ok
Test (macos-latest)	UNKNOWN STEP	2026-09-29T12:19:37.3511400Z test api::tests::flutter_encrypt_ballot_round_trips_to_ciphertext_dto ... ok
Test (macos-latest)	UNKNOWN STEP	2026-09-29T12:19:37.3516340Z test api::v2_tests::benaloh_v2_happy_digest_matches_and_reencryption_matches ... ok
Test (macos-latest)	UNKNOWN STEP	2026-09-29T12:19:37.3522710Z ^[[1m^[[92m     Running^[[0m unittests src/lib.rs (target/debug/deps/saksi_ffi_tauri-fdc837c99bff918c)
Test (macos-latest)	UNKNOWN STEP	2026-09-29T12:19:37.3523300Z test api::v2_tests::cds_proof_v2_rejects_non_binary_choice ... ok
Test (macos-latest)	UNKNOWN STEP	2026-09-29T12:19:37.3525700Z test api::v2_tests::cds_proof_v2_happy_choice_one_verifies ... ok
Test (macos-latest)	UNKNOWN STEP	2026-09-29T12:19:37.3526270Z test api::v2_tests::nullifier_v2_is_deterministic ... ok
Test (macos-latest)	UNKNOWN STEP	2026-09-29T12:19:37.3528560Z test api::v2_tests::nullifier_v2_separates_elections ... ok
Test (macos-latest)	UNKNOWN STEP	2026-09-29T12:19:37.3531210Z test api::v2_tests::cds_proof_v2_happy_choice_zero_verifies ... ok
Test (macos-latest)	UNKNOWN STEP	2026-09-29T12:19:37.3531760Z test api::v2_tests::sanity_zero_point_decodes ... ok
Test (macos-latest)	UNKNOWN STEP	2026-09-29T12:19:37.3532440Z test api::v2_tests::present_credential_v2_rejects_tampered_signature ... ok
Test (macos-latest)	UNKNOWN STEP	2026-09-29T12:19:37.3533610Z test api::v2_tests::present_credential_v2_happy_verifies_via_credentials_verifier ... ok
Test (macos-latest)	UNKNOWN STEP	2026-09-29T12:19:37.3534020Z 
Test (macos-latest)	UNKNOWN STEP	2026-09-29T12:19:37.3534340Z test result: ok. 11 passed; 0 failed; 0 ignored; 0 measured; 0 filtered out; finished in 0.01s
Test (macos-latest)	UNKNOWN STEP	2026-09-29T12:19:37.3534630Z 
Test (macos-latest)	UNKNOWN STEP	2026-09-29T12:19:37.3651170Z 
Test (macos-latest)	UNKNOWN STEP	2026-09-29T12:19:37.3652170Z running 7 tests
Test (macos-latest)	UNKNOWN STEP	2026-09-29T12:19:37.3662680Z test commands::tests::tauri_transcript_publication_returns_digest ... ok
Test (macos-latest)	UNKNOWN STEP	2026-09-29T12:19:37.3667650Z test commands::tests::tauri_partial_decrypt_returns_share ... ok
Test (macos-latest)	UNKNOWN STEP	2026-09-29T12:19:37.3668310Z test commands::v2_tests::partial_decrypt_v2_rejects_mismatched_public_key ... ok
Test (macos-latest)	UNKNOWN STEP	2026-09-29T12:19:37.3669030Z test commands::v2_tests::publish_dkg_transcript_v2_happy_is_deterministic ... ok
Test (macos-latest)	UNKNOWN STEP	2026-09-29T12:19:37.3669700Z test commands::v2_tests::publish_dkg_transcript_v2_rejects_unsupported_version ... ok
Test (macos-latest)	UNKNOWN STEP	2026-09-29T12:19:37.3670390Z test commands::v2_tests::partial_decrypt_v2_happy_proof_verifies ... ok
Test (macos-latest)	UNKNOWN STEP	2026-09-29T12:19:37.3674730Z test commands::v2_tests::publish_partial_decryption_v2_round_trip ... ok
Test (macos-latest)	UNKNOWN STEP	2026-09-29T12:19:37.3681220Z ^[[1m^[[92m     Running^[[0m unittests src/lib.rs (target/debug/deps/saksi_protocol-92205ad8d2290e10)
Test (macos-latest)	UNKNOWN STEP	2026-09-29T12:19:37.3682270Z 
Test (macos-latest)	UNKNOWN STEP	2026-09-29T12:19:37.3682630Z test result: ok. 7 passed; 0 failed; 0 ignored; 0 measured; 0 filtered out; finished in 0.00s
Test (macos-latest)	UNKNOWN STEP	2026-09-29T12:19:37.3682980Z 
Test (macos-latest)	UNKNOWN STEP	2026-09-29T12:19:37.3804310Z 
Test (macos-latest)	UNKNOWN STEP	2026-09-29T12:19:37.3805380Z running 3 tests
Test (macos-latest)	UNKNOWN STEP	2026-09-29T12:19:37.3810250Z test tests::domain_hash_is_domain_separated ... ok
Test (macos-latest)	UNKNOWN STEP	2026-09-29T12:19:37.3810750Z test tests::ballot_test_vector_is_stable ... ok
Test (macos-latest)	UNKNOWN STEP	2026-09-29T12:19:37.3812390Z ^[[1m^[[92m   Doc-tests^[[0m saksi_auditor
Test (macos-latest)	UNKNOWN STEP	2026-09-29T12:19:37.3812770Z test tests::ballot_round_trips ... ok
Test (macos-latest)	UNKNOWN STEP	2026-09-29T12:19:37.3813120Z 
Test (macos-latest)	UNKNOWN STEP	2026-09-29T12:19:37.3813460Z test result: ok. 3 passed; 0 failed; 0 ignored; 0 measured; 0 filtered out; finished in 0.00s
Test (macos-latest)	UNKNOWN STEP	2026-09-29T12:19:37.3813910Z 
Test (macos-latest)	UNKNOWN STEP	2026-09-29T12:19:37.5398970Z 
Test (macos-latest)	UNKNOWN STEP	2026-09-29T12:19:37.5399590Z running 0 tests
Test (macos-latest)	UNKNOWN STEP	2026-09-29T12:19:37.5399850Z 
Test (macos-latest)	UNKNOWN STEP	2026-09-29T12:19:37.5402770Z test result: ok. 0 passed; 0 failed; 0 ignored; 0 measured; 0 filtered out; finished in 0.00s
Test (macos-latest)	UNKNOWN STEP	2026-09-29T12:19:37.5403220Z 
Test (macos-latest)	UNKNOWN STEP	2026-09-29T12:19:37.5420640Z ^[[1m^[[92m   Doc-tests^[[0m saksi_credentials
Test (macos-latest)	UNKNOWN STEP	2026-09-29T12:19:37.5807230Z 
Test (macos-latest)	UNKNOWN STEP	2026-09-29T12:19:37.5817700Z running 0 tests
Test (macos-latest)	UNKNOWN STEP	2026-09-29T12:19:37.5820780Z ^[[1m^[[92m   Doc-tests^[[0m saksi_crypto
Test (macos-latest)	UNKNOWN STEP	2026-09-29T12:19:37.5821530Z 
Test (macos-latest)	UNKNOWN STEP	2026-09-29T12:19:37.5825810Z test result: ok. 0 passed; 0 failed; 0 ignored; 0 measured; 0 filtered out; finished in 0.00s
Test (macos-latest)	UNKNOWN STEP	2026-09-29T12:19:37.5829400Z 
Test (macos-latest)	UNKNOWN STEP	2026-09-29T12:19:37.6326880Z 
Test (macos-latest)	UNKNOWN STEP	2026-09-29T12:19:37.6342920Z ^[[1m^[[92m   Doc-tests^[[0m saksi_ffi_flutter
Test (macos-latest)	UNKNOWN STEP	2026-09-29T12:19:37.6343430Z running 0 tests
Test (macos-latest)	UNKNOWN STEP	2026-09-29T12:19:37.6348540Z 
Test (macos-latest)	UNKNOWN STEP	2026-09-29T12:19:37.6349490Z test result: ok. 0 passed; 0 failed; 0 ignored; 0 measured; 0 filtered out; finished in 0.00s
Test (macos-latest)	UNKNOWN STEP	2026-09-29T12:19:37.6350020Z 
Test (macos-latest)	UNKNOWN STEP	2026-09-29T12:19:37.6775890Z 
Test (macos-latest)	UNKNOWN STEP	2026-09-29T12:19:37.6776700Z running 0 tests
Test (macos-latest)	UNKNOWN STEP	2026-09-29T12:19:37.6777030Z 
Test (macos-latest)	UNKNOWN STEP	2026-09-29T12:19:37.6777360Z test result: ok. 0 passed; 0 failed; 0 ignored; 0 measured; 0 filtered out; finished in 0.00s
Test (macos-latest)	UNKNOWN STEP	2026-09-29T12:19:37.6777790Z 
Test (macos-latest)	UNKNOWN STEP	2026-09-29T12:19:37.6786780Z ^[[1m^[[92m   Doc-tests^[[0m saksi_ffi_tauri
Test (macos-latest)	UNKNOWN STEP	2026-09-29T12:19:37.7189850Z 
Test (macos-latest)	UNKNOWN STEP	2026-09-29T12:19:37.7190680Z running 0 tests
Test (macos-latest)	UNKNOWN STEP	2026-09-29T12:19:37.7191300Z 
Test (macos-latest)	UNKNOWN STEP	2026-09-29T12:19:37.7191720Z test result: ok. 0 passed; 0 failed; 0 ignored; 0 measured; 0 filtered out; finished in 0.00s
Test (macos-latest)	UNKNOWN STEP	2026-09-29T12:19:37.7192090Z 
Test (macos-latest)	UNKNOWN STEP	2026-09-29T12:19:37.7201420Z ^[[1m^[[92m   Doc-tests^[[0m saksi_protocol
Test (macos-latest)	UNKNOWN STEP	2026-09-29T12:19:37.7763660Z 
Test (macos-latest)	UNKNOWN STEP	2026-09-29T12:19:37.7764120Z running 0 tests
Test (macos-latest)	UNKNOWN STEP	2026-09-29T12:19:37.7764790Z 
Test (macos-latest)	UNKNOWN STEP	2026-09-29T12:19:37.7765100Z test result: ok. 0 passed; 0 failed; 0 ignored; 0 measured; 0 filtered out; finished in 0.00s
Test (macos-latest)	UNKNOWN STEP	2026-09-29T12:19:37.7765460Z 
Test (macos-latest)	UNKNOWN STEP	2026-09-29T12:19:37.7953780Z ##[group]Run cargo build --release -p saksi-demo
Test (macos-latest)	UNKNOWN STEP	2026-09-29T12:19:37.7954250Z ^[[36;1mcargo build --release -p saksi-demo^[[0m
Test (macos-latest)	UNKNOWN STEP	2026-09-29T12:19:37.7968040Z shell: /opt/homebrew/bin/bash -e {0}
Test (macos-latest)	UNKNOWN STEP	2026-09-29T12:19:37.7968240Z env:
Test (macos-latest)	UNKNOWN STEP	2026-09-29T12:19:37.7968380Z   CARGO_TERM_COLOR: always
Test (macos-latest)	UNKNOWN STEP	2026-09-29T12:19:37.7968850Z   GO_MODULES: packages/saksi-protocol/go
Test (macos-latest)	UNKNOWN STEP	packages/saksi-bulletin/chaincode
Test (macos-latest)	UNKNOWN STEP	packages/saksi-bulletin/client-sdk
Test (macos-latest)	UNKNOWN STEP	packages/saksi-campaign
Test (macos-latest)	UNKNOWN STEP	
Test (macos-latest)	UNKNOWN STEP	2026-09-29T12:19:37.7969320Z   GOFLAGS: -mod=mod
Test (macos-latest)	UNKNOWN STEP	2026-09-29T12:19:37.7969470Z   CARGO_INCREMENTAL: 0
Test (macos-latest)	UNKNOWN STEP	2026-09-29T12:19:37.7969640Z   CARGO_PROFILE_DEV_DEBUG: 0
Test (macos-latest)	UNKNOWN STEP	2026-09-29T12:19:37.7969820Z   RUST_BACKTRACE: short
Test (macos-latest)	UNKNOWN STEP	2026-09-29T12:19:37.7969990Z   RUSTFLAGS: -D warnings
Test (macos-latest)	UNKNOWN STEP	2026-09-29T12:19:37.7970170Z   CARGO_UNSTABLE_SPARSE_REGISTRY: true
Test (macos-latest)	UNKNOWN STEP	2026-09-29T12:19:37.7970400Z   CARGO_REGISTRIES_CRATES_IO_PROTOCOL: sparse
Test (macos-latest)	UNKNOWN STEP	2026-09-29T12:19:37.7970640Z   CACHE_ON_FAILURE: false
Test (macos-latest)	UNKNOWN STEP	2026-09-29T12:19:37.7970800Z ##[endgroup]
Test (macos-latest)	UNKNOWN STEP	2026-09-29T12:19:38.1510530Z ^[[1m^[[92m   Compiling^[[0m saksi-protocol v0.0.0 (/Users/runner/work/saksi/saksi/packages/saksi-protocol/rust)
Test (macos-latest)	UNKNOWN STEP	2026-09-29T12:19:39.3674820Z ^[[1m^[[92m   Compiling^[[0m saksi-crypto v0.0.0 (/Users/runner/work/saksi/saksi/packages/saksi-crypto)
Test (macos-latest)	UNKNOWN STEP	2026-09-29T12:19:39.8117290Z ^[[1m^[[92m   Compiling^[[0m saksi-credentials v0.0.0 (/Users/runner/work/saksi/saksi/packages/saksi-credentials)
Test (macos-latest)	UNKNOWN STEP	2026-09-29T12:19:39.9989960Z ^[[1m^[[92m   Compiling^[[0m saksi-auditor v0.0.0 (/Users/runner/work/saksi/saksi/packages/saksi-auditor)
Test (macos-latest)	UNKNOWN STEP	2026-09-29T12:19:45.8651430Z ^[[1m^[[92m   Compiling^[[0m saksi-demo v0.0.0 (/Users/runner/work/saksi/saksi/packages/saksi-demo)
Test (macos-latest)	UNKNOWN STEP	2026-09-29T12:19:46.7090500Z ^[[1m^[[92m    Finished^[[0m `release` profile [optimized] target(s) in 8.77s
Test (macos-latest)	UNKNOWN STEP	2026-09-29T12:19:46.7265750Z ##[group]Run echo "SAKSI_DEMO_BIN=${GITHUB_WORKSPACE}/target/release/saksi-demo" >> "${GITHUB_ENV}"
Test (macos-latest)	UNKNOWN STEP	2026-09-29T12:19:46.7266410Z ^[[36;1mecho "SAKSI_DEMO_BIN=${GITHUB_WORKSPACE}/target/release/saksi-demo" >> "${GITHUB_ENV}"^[[0m
Test (macos-latest)	UNKNOWN STEP	2026-09-29T12:19:46.7279480Z shell: /opt/homebrew/bin/bash --noprofile --norc -e -o pipefail {0}
Test (macos-latest)	UNKNOWN STEP	2026-09-29T12:19:46.7279810Z env:
Test (macos-latest)	UNKNOWN STEP	2026-09-29T12:19:46.7279980Z   CARGO_TERM_COLOR: always
Test (macos-latest)	UNKNOWN STEP	2026-09-29T12:19:46.7280480Z   GO_MODULES: packages/saksi-protocol/go
Test (macos-latest)	UNKNOWN STEP	packages/saksi-bulletin/chaincode
Test (macos-latest)	UNKNOWN STEP	packages/saksi-bulletin/client-sdk
Test (macos-latest)	UNKNOWN STEP	packages/saksi-campaign
Test (macos-latest)	UNKNOWN STEP	
Test (macos-latest)	UNKNOWN STEP	2026-09-29T12:19:46.7280990Z   GOFLAGS: -mod=mod
Test (macos-latest)	UNKNOWN STEP	2026-09-29T12:19:46.7281240Z   CARGO_INCREMENTAL: 0
Test (macos-latest)	UNKNOWN STEP	2026-09-29T12:19:46.7281460Z   CARGO_PROFILE_DEV_DEBUG: 0
Test (macos-latest)	UNKNOWN STEP	2026-09-29T12:19:46.7281680Z   RUST_BACKTRACE: short
Test (macos-latest)	UNKNOWN STEP	2026-09-29T12:19:46.7281880Z   RUSTFLAGS: -D warnings
Test (macos-latest)	UNKNOWN STEP	2026-09-29T12:19:46.7282160Z   CARGO_UNSTABLE_SPARSE_REGISTRY: true
Test (macos-latest)	UNKNOWN STEP	2026-09-29T12:19:46.7282450Z   CARGO_REGISTRIES_CRATES_IO_PROTOCOL: sparse
Test (macos-latest)	UNKNOWN STEP	2026-09-29T12:19:46.7282830Z   CACHE_ON_FAILURE: false
Test (macos-latest)	UNKNOWN STEP	2026-09-29T12:19:46.7283070Z ##[endgroup]
Test (macos-latest)	UNKNOWN STEP	2026-09-29T12:19:46.7956400Z ##[group]Run actions/setup-go@v5
Test (macos-latest)	UNKNOWN STEP	2026-09-29T12:19:46.7957130Z with:
Test (macos-latest)	UNKNOWN STEP	2026-09-29T12:19:46.7957620Z   go-version: 1.25
Test (macos-latest)	UNKNOWN STEP	2026-09-29T12:19:46.7958220Z   cache: true
Test (macos-latest)	UNKNOWN STEP	2026-09-29T12:19:46.7959550Z   cache-dependency-path: packages/saksi-protocol/go/go.mod
Test (macos-latest)	UNKNOWN STEP	packages/saksi-bulletin/chaincode/go.mod
Test (macos-latest)	UNKNOWN STEP	packages/saksi-bulletin/client-sdk/go.mod
Test (macos-latest)	UNKNOWN STEP	
Test (macos-latest)	UNKNOWN STEP	2026-09-29T12:19:46.7960980Z   check-latest: false
Test (macos-latest)	UNKNOWN STEP	2026-09-29T12:19:46.7967130Z   token: ***
Test (macos-latest)	UNKNOWN STEP	2026-09-29T12:19:46.7967590Z env:
Test (macos-latest)	UNKNOWN STEP	2026-09-29T12:19:46.7968090Z   CARGO_TERM_COLOR: always
Test (macos-latest)	UNKNOWN STEP	2026-09-29T12:19:46.7969570Z   GO_MODULES: packages/saksi-protocol/go
Test (macos-latest)	UNKNOWN STEP	packages/saksi-bulletin/chaincode
Test (macos-latest)	UNKNOWN STEP	packages/saksi-bulletin/client-sdk
Test (macos-latest)	UNKNOWN STEP	packages/saksi-campaign
Test (macos-latest)	UNKNOWN STEP	
Test (macos-latest)	UNKNOWN STEP	2026-09-29T12:19:46.7990180Z   GOFLAGS: -mod=mod
Test (macos-latest)	UNKNOWN STEP	2026-09-29T12:19:46.7990440Z   CARGO_INCREMENTAL: 0
Test (macos-latest)	UNKNOWN STEP	2026-09-29T12:19:46.7990690Z   CARGO_PROFILE_DEV_DEBUG: 0
Test (macos-latest)	UNKNOWN STEP	2026-09-29T12:19:46.7990930Z   RUST_BACKTRACE: short
Test (macos-latest)	UNKNOWN STEP	2026-09-29T12:19:46.7991170Z   RUSTFLAGS: -D warnings
Test (macos-latest)	UNKNOWN STEP	2026-09-29T12:19:46.7991600Z   CARGO_UNSTABLE_SPARSE_REGISTRY: true
Test (macos-latest)	UNKNOWN STEP	2026-09-29T12:19:46.7992010Z   CARGO_REGISTRIES_CRATES_IO_PROTOCOL: sparse
Test (macos-latest)	UNKNOWN STEP	2026-09-29T12:19:46.8001000Z   CACHE_ON_FAILURE: false
Test (macos-latest)	UNKNOWN STEP	2026-09-29T12:19:46.8001800Z   SAKSI_DEMO_BIN: /Users/runner/work/saksi/saksi/target/release/saksi-demo
Test (macos-latest)	UNKNOWN STEP	2026-09-29T12:19:46.8002620Z ##[endgroup]
Test (macos-latest)	UNKNOWN STEP	2026-09-29T12:19:47.2995310Z Setup go version spec 1.25
Test (macos-latest)	UNKNOWN STEP	2026-09-29T12:19:47.3084820Z Found in cache @ /Users/runner/hostedtoolcache/go/1.25.14/arm64
Test (macos-latest)	UNKNOWN STEP	2026-09-29T12:19:47.3086470Z (node:3237) [DEP0040] DeprecationWarning: The `punycode` module is deprecated. Please use a userland alternative instead.
Test (macos-latest)	UNKNOWN STEP	2026-09-29T12:19:47.3095650Z (Use `node --trace-deprecation ...` to show where the warning was created)
Test (macos-latest)	UNKNOWN STEP	2026-09-29T12:19:47.3105200Z Added go to the path
Test (macos-latest)	UNKNOWN STEP	2026-09-29T12:19:47.3105840Z Successfully set up Go version 1.25
Test (macos-latest)	UNKNOWN STEP	2026-09-29T12:19:47.4857990Z [command]/Users/runner/hostedtoolcache/go/1.25.14/arm64/bin/go env GOCACHE
Test (macos-latest)	UNKNOWN STEP	2026-09-29T12:19:47.4904860Z [command]/Users/runner/hostedtoolcache/go/1.25.14/arm64/bin/go env GOMODCACHE
Test (macos-latest)	UNKNOWN STEP	2026-09-29T12:19:47.4955810Z /Users/runner/Library/Caches/go-build
Test (macos-latest)	UNKNOWN STEP	2026-09-29T12:19:47.5003580Z /Users/runner/go/pkg/mod
Test (macos-latest)	UNKNOWN STEP	2026-09-29T12:19:47.8083880Z (node:3237) [DEP0169] DeprecationWarning: `url.parse()` behavior is not standardized and prone to errors that have security implications. Use the WHATWG URL API instead. CVEs are not issued for `url.parse()` vulnerabilities.
Test (macos-latest)	UNKNOWN STEP	2026-09-29T12:19:47.8089110Z Cache hit for: setup-go-macOS-arm64-go-1.25.14-61bbf44200ea51c97db44eef9d5fd9d32d6f41e109b84a02d8ea08dac29e82dd
Test (macos-latest)	UNKNOWN STEP	2026-09-29T12:19:49.1064840Z Received 0 of 199301454 (0.0%), 0.0 MBs/sec
Test (macos-latest)	UNKNOWN STEP	2026-09-29T12:19:50.1120630Z Received 46137344 of 199301454 (23.1%), 21.9 MBs/sec
Test (macos-latest)	UNKNOWN STEP	2026-09-29T12:19:51.1177980Z Received 121634816 of 199301454 (61.0%), 38.5 MBs/sec
Test (macos-latest)	UNKNOWN STEP	2026-09-29T12:19:52.1198570Z Received 167772160 of 199301454 (84.2%), 39.9 MBs/sec
Test (macos-latest)	UNKNOWN STEP	2026-09-29T12:19:52.5648100Z Received 199301454 of 199301454 (100.0%), 42.6 MBs/sec
Test (macos-latest)	UNKNOWN STEP	2026-09-29T12:19:52.5679690Z Cache Size: ~190 MB (199301454 B)
Test (macos-latest)	UNKNOWN STEP	2026-09-29T12:19:52.5727860Z [command]/opt/homebrew/bin/gtar -xf /Users/runner/work/_temp/3d642d19-181d-42de-85c5-7c2d45901a0a/cache.tzst -P -C /Users/runner/work/saksi/saksi --delay-directory-restore --use-compress-program unzstd
Test (macos-latest)	UNKNOWN STEP	2026-09-29T12:19:58.5455910Z Cache restored successfully
Test (macos-latest)	UNKNOWN STEP	2026-09-29T12:19:58.5560140Z Cache restored from key: setup-go-macOS-arm64-go-1.25.14-61bbf44200ea51c97db44eef9d5fd9d32d6f41e109b84a02d8ea08dac29e82dd
Test (macos-latest)	UNKNOWN STEP	2026-09-29T12:19:58.5641600Z go version go1.25.14 darwin/arm64
Test (macos-latest)	UNKNOWN STEP	2026-09-29T12:19:58.5642650Z 
Test (macos-latest)	UNKNOWN STEP	2026-09-29T12:19:58.5643860Z ##[group]go env
Test (macos-latest)	UNKNOWN STEP	2026-09-29T12:19:58.6905800Z AR='ar'
Test (macos-latest)	UNKNOWN STEP	2026-09-29T12:19:58.6912820Z CC='clang'
Test (macos-latest)	UNKNOWN STEP	2026-09-29T12:19:58.6916780Z CGO_CFLAGS='-O2 -g'
Test (macos-latest)	UNKNOWN STEP	2026-09-29T12:19:58.6917460Z CGO_CPPFLAGS=''
Test (macos-latest)	UNKNOWN STEP	2026-09-29T12:19:58.6918160Z CGO_CXXFLAGS='-O2 -g'
Test (macos-latest)	UNKNOWN STEP	2026-09-29T12:19:58.6918700Z CGO_ENABLED='1'
Test (macos-latest)	UNKNOWN STEP	2026-09-29T12:19:58.6919160Z CGO_FFLAGS='-O2 -g'
Test (macos-latest)	UNKNOWN STEP	2026-09-29T12:19:58.6919520Z CGO_LDFLAGS='-O2 -g'
Test (macos-latest)	UNKNOWN STEP	2026-09-29T12:19:58.6920240Z CXX='clang++'
Test (macos-latest)	UNKNOWN STEP	2026-09-29T12:19:58.6920740Z GCCGO='gccgo'
Test (macos-latest)	UNKNOWN STEP	2026-09-29T12:19:58.6922140Z GO111MODULE=''
Test (macos-latest)	UNKNOWN STEP	2026-09-29T12:19:58.6922640Z GOARCH='arm64'
Test (macos-latest)	UNKNOWN STEP	2026-09-29T12:19:58.6923120Z GOARM64='v8.0'
Test (macos-latest)	UNKNOWN STEP	2026-09-29T12:19:58.6923490Z GOAUTH='netrc'
Test (macos-latest)	UNKNOWN STEP	2026-09-29T12:19:58.6923860Z GOBIN=''
Test (macos-latest)	UNKNOWN STEP	2026-09-29T12:19:58.6924320Z GOCACHE='/Users/runner/Library/Caches/go-build'
Test (macos-latest)	UNKNOWN STEP	2026-09-29T12:19:58.6924830Z GOCACHEPROG=''
Test (macos-latest)	UNKNOWN STEP	2026-09-29T12:19:58.6925240Z GODEBUG=''
Test (macos-latest)	UNKNOWN STEP	2026-09-29T12:19:58.6925680Z GOENV='/Users/runner/Library/Application Support/go/env'
Test (macos-latest)	UNKNOWN STEP	2026-09-29T12:19:58.6926180Z GOEXE=''
Test (macos-latest)	UNKNOWN STEP	2026-09-29T12:19:58.6926540Z GOEXPERIMENT=''
Test (macos-latest)	UNKNOWN STEP	2026-09-29T12:19:58.6926940Z GOFIPS140='off'
Test (macos-latest)	UNKNOWN STEP	2026-09-29T12:19:58.6927310Z GOFLAGS='-mod=mod'
Test (macos-latest)	UNKNOWN STEP	2026-09-29T12:19:58.6928590Z GOGCCFLAGS='-fPIC -arch arm64 -pthread -fno-caret-diagnostics -Qunused-arguments -fmessage-length=0 -ffile-prefix-map=/var/folders/36/tjdph2t965j8snz9_vkdnw0r0000gn/T/go-build3608852702=/tmp/go-build -gno-record-gcc-switches -fno-common'
Test (macos-latest)	UNKNOWN STEP	2026-09-29T12:19:58.6929790Z GOHOSTARCH='arm64'
Test (macos-latest)	UNKNOWN STEP	2026-09-29T12:19:58.6930120Z GOHOSTOS='darwin'
Test (macos-latest)	UNKNOWN STEP	2026-09-29T12:19:58.6930600Z GOINSECURE=''
Test (macos-latest)	UNKNOWN STEP	2026-09-29T12:19:58.6930970Z GOMOD='/dev/null'
Test (macos-latest)	UNKNOWN STEP	2026-09-29T12:19:58.6951000Z GOMODCACHE='/Users/runner/go/pkg/mod'
Test (macos-latest)	UNKNOWN STEP	2026-09-29T12:19:58.6951390Z GONOPROXY=''
Test (macos-latest)	UNKNOWN STEP	2026-09-29T12:19:58.6951840Z GONOSUMDB=''
Test (macos-latest)	UNKNOWN STEP	2026-09-29T12:19:58.6952150Z GOOS='darwin'
Test (macos-latest)	UNKNOWN STEP	2026-09-29T12:19:58.6952490Z GOPATH='/Users/runner/go'
Test (macos-latest)	UNKNOWN STEP	2026-09-29T12:19:58.6952980Z GOPRIVATE=''
Test (macos-latest)	UNKNOWN STEP	2026-09-29T12:19:58.6953540Z GOPROXY='https://proxy.golang.org,direct'
Test (macos-latest)	UNKNOWN STEP	2026-09-29T12:19:58.6954100Z GOROOT='/Users/runner/hostedtoolcache/go/1.25.14/arm64'
Test (macos-latest)	UNKNOWN STEP	2026-09-29T12:19:58.6954630Z GOSUMDB='sum.golang.org'
Test (macos-latest)	UNKNOWN STEP	2026-09-29T12:19:58.6955050Z GOTELEMETRY='local'
Test (macos-latest)	UNKNOWN STEP	2026-09-29T12:19:58.6955500Z GOTELEMETRYDIR='/Users/runner/Library/Application Support/go/telemetry'
Test (macos-latest)	UNKNOWN STEP	2026-09-29T12:19:58.6956010Z GOTMPDIR=''
Test (macos-latest)	UNKNOWN STEP	2026-09-29T12:19:58.6956330Z GOTOOLCHAIN='auto'
Test (macos-latest)	UNKNOWN STEP	2026-09-29T12:19:58.6956880Z GOTOOLDIR='/Users/runner/hostedtoolcache/go/1.25.14/arm64/pkg/tool/darwin_arm64'
Test (macos-latest)	UNKNOWN STEP	2026-09-29T12:19:58.6957300Z GOVCS=''
Test (macos-latest)	UNKNOWN STEP	2026-09-29T12:19:58.6957600Z GOVERSION='go1.25.14'
Test (macos-latest)	UNKNOWN STEP	2026-09-29T12:19:58.6957920Z GOWORK=''
Test (macos-latest)	UNKNOWN STEP	2026-09-29T12:19:58.6958230Z PKG_CONFIG='pkg-config'
Test (macos-latest)	UNKNOWN STEP	2026-09-29T12:19:58.6958450Z 
Test (macos-latest)	UNKNOWN STEP	2026-09-29T12:19:58.6958910Z ##[endgroup]
Test (macos-latest)	UNKNOWN STEP	2026-09-29T12:19:58.7325490Z ##[group]Run set -euo pipefail
Test (macos-latest)	UNKNOWN STEP	2026-09-29T12:19:58.7326630Z ^[[36;1mset -euo pipefail^[[0m
Test (macos-latest)	UNKNOWN STEP	2026-09-29T12:19:58.7327460Z ^[[36;1mfor module in ${GO_MODULES}; do^[[0m
Test (macos-latest)	UNKNOWN STEP	2026-09-29T12:19:58.7328420Z ^[[36;1m  (cd "${module}" && CGO_ENABLED=1 go test -race ./...)^[[0m
Test (macos-latest)	UNKNOWN STEP	2026-09-29T12:19:58.7329700Z ^[[36;1mdone^[[0m
Test (macos-latest)	UNKNOWN STEP	2026-09-29T12:19:58.7388140Z shell: /opt/homebrew/bin/bash --noprofile --norc -e -o pipefail {0}
Test (macos-latest)	UNKNOWN STEP	2026-09-29T12:19:58.7388500Z env:
Test (macos-latest)	UNKNOWN STEP	2026-09-29T12:19:58.7411590Z   CARGO_TERM_COLOR: always
Test (macos-latest)	UNKNOWN STEP	2026-09-29T12:19:58.7412410Z   GO_MODULES: packages/saksi-protocol/go
Test (macos-latest)	UNKNOWN STEP	packages/saksi-bulletin/chaincode
Test (macos-latest)	UNKNOWN STEP	packages/saksi-bulletin/client-sdk
Test (macos-latest)	UNKNOWN STEP	packages/saksi-campaign
Test (macos-latest)	UNKNOWN STEP	
Test (macos-latest)	UNKNOWN STEP	2026-09-29T12:19:58.7413150Z   GOFLAGS: -mod=mod
Test (macos-latest)	UNKNOWN STEP	2026-09-29T12:19:58.7413480Z   CARGO_INCREMENTAL: 0
Test (macos-latest)	UNKNOWN STEP	2026-09-29T12:19:58.7417010Z   CARGO_PROFILE_DEV_DEBUG: 0
Test (macos-latest)	UNKNOWN STEP	2026-09-29T12:19:58.7417490Z   RUST_BACKTRACE: short
Test (macos-latest)	UNKNOWN STEP	2026-09-29T12:19:58.7417860Z   RUSTFLAGS: -D warnings
Test (macos-latest)	UNKNOWN STEP	2026-09-29T12:19:58.7418220Z   CARGO_UNSTABLE_SPARSE_REGISTRY: true
Test (macos-latest)	UNKNOWN STEP	2026-09-29T12:19:58.7418640Z   CARGO_REGISTRIES_CRATES_IO_PROTOCOL: sparse
Test (macos-latest)	UNKNOWN STEP	2026-09-29T12:19:58.7418970Z   CACHE_ON_FAILURE: false
Test (macos-latest)	UNKNOWN STEP	2026-09-29T12:19:58.7419270Z   SAKSI_DEMO_BIN: /Users/runner/work/saksi/saksi/target/release/saksi-demo
Test (macos-latest)	UNKNOWN STEP	2026-09-29T12:19:58.7420020Z ##[endgroup]
Test (macos-latest)	UNKNOWN STEP	2026-09-29T12:20:11.7327080Z ok  	github.com/saksi-framework/saksi/packages/saksi-protocol/go/saksiprotocolv1	1.050s
Test (macos-latest)	UNKNOWN STEP	2026-09-29T12:20:28.7400060Z ok  	github.com/saksi-framework/saksi/packages/saksi-bulletin/chaincode	1.753s
Test (macos-latest)	UNKNOWN STEP	2026-09-29T12:20:28.7404520Z ok  	github.com/saksi-framework/saksi/packages/saksi-bulletin/chaincode/cdsverify	1.058s
Test (macos-latest)	UNKNOWN STEP	2026-09-29T12:20:28.7406430Z ok  	github.com/saksi-framework/saksi/packages/saksi-bulletin/chaincode/credverify	1.060s
Test (macos-latest)	UNKNOWN STEP	2026-09-29T12:20:29.4165180Z ok  	github.com/saksi-framework/saksi/packages/saksi-bulletin/chaincode/selectionverify	1.107s
Test (macos-latest)	UNKNOWN STEP	2026-09-29T12:20:29.6363060Z ok  	github.com/saksi-framework/saksi/packages/saksi-bulletin/chaincode/sigverify	1.216s
Test (macos-latest)	UNKNOWN STEP	2026-09-29T12:20:29.7473010Z go: downloading google.golang.org/protobuf v1.36.0
Test (macos-latest)	UNKNOWN STEP	2026-09-29T12:20:29.7514600Z go: downloading github.com/hyperledger/fabric-gateway v1.7.1
Test (macos-latest)	UNKNOWN STEP	2026-09-29T12:20:30.0520820Z go: downloading github.com/hyperledger/fabric-protos-go-apiv2 v0.3.4
Test (macos-latest)	UNKNOWN STEP	2026-09-29T12:20:30.1027760Z go: downloading google.golang.org/grpc v1.69.2
Test (macos-latest)	UNKNOWN STEP	2026-09-29T12:20:30.5961730Z go: downloading golang.org/x/net v0.33.0
Test (macos-latest)	UNKNOWN STEP	2026-09-29T12:20:30.5972960Z go: downloading google.golang.org/genproto/googleapis/rpc v0.0.0-20241015192408-796eee8c2d53
Test (macos-latest)	UNKNOWN STEP	2026-09-29T12:20:30.6040280Z go: downloading golang.org/x/crypto v0.31.0
Test (macos-latest)	UNKNOWN STEP	2026-09-29T12:20:30.6314950Z go: downloading golang.org/x/sys v0.28.0
Test (macos-latest)	UNKNOWN STEP	2026-09-29T12:20:31.1363820Z go: downloading golang.org/x/text v0.21.0
Test (macos-latest)	UNKNOWN STEP	2026-09-29T12:20:42.5636930Z ok  	github.com/saksi-framework/saksi/packages/saksi-bulletin/client-sdk	1.053s
Test (macos-latest)	UNKNOWN STEP	2026-09-29T12:20:42.7626800Z ok  	github.com/saksi-framework/saksi/packages/saksi-bulletin/client-sdk/bench	1.252s
Test (macos-latest)	UNKNOWN STEP	2026-09-29T12:20:42.7628250Z ?   	github.com/saksi-framework/saksi/packages/saksi-bulletin/client-sdk/cmd/saksi-console	[no test files]
Test (macos-latest)	UNKNOWN STEP	2026-09-29T12:20:42.7630380Z ?   	github.com/saksi-framework/saksi/packages/saksi-bulletin/client-sdk/cmd/submit-ballot	[no test files]
Test (macos-latest)	UNKNOWN STEP	2026-09-29T12:20:42.8768450Z go: downloading google.golang.org/protobuf v1.36.12
Test (macos-latest)	UNKNOWN STEP	2026-09-29T12:23:57.4376080Z ok  	github.com/saksi-framework/saksi/packages/saksi-campaign	181.192s
Test (macos-latest)	UNKNOWN STEP	2026-09-29T12:23:57.4377080Z ?   	github.com/saksi-framework/saksi/packages/saksi-campaign/cmd/dumpwire	[no test files]
Test (macos-latest)	UNKNOWN STEP	2026-09-29T12:23:57.4377860Z ?   	github.com/saksi-framework/saksi/packages/saksi-campaign/cmd/saksi-campaign	[no test files]
Test (macos-latest)	UNKNOWN STEP	2026-09-29T12:23:57.5486020Z Post job cleanup.
Test (macos-latest)	UNKNOWN STEP	2026-09-29T12:23:58.0765700Z (node:10060) [DEP0040] DeprecationWarning: The `punycode` module is deprecated. Please use a userland alternative instead.
Test (macos-latest)	UNKNOWN STEP	2026-09-29T12:23:58.0766900Z (Use `node --trace-deprecation ...` to show where the warning was created)
Test (macos-latest)	UNKNOWN STEP	2026-09-29T12:23:58.0839700Z [command]/Users/runner/hostedtoolcache/go/1.25.14/arm64/bin/go env GOMODCACHE
Test (macos-latest)	UNKNOWN STEP	2026-09-29T12:23:58.0880730Z [command]/Users/runner/hostedtoolcache/go/1.25.14/arm64/bin/go env GOCACHE
Test (macos-latest)	UNKNOWN STEP	2026-09-29T12:23:58.1023430Z /Users/runner/go/pkg/mod
Test (macos-latest)	UNKNOWN STEP	2026-09-29T12:23:58.1028510Z /Users/runner/Library/Caches/go-build
Test (macos-latest)	UNKNOWN STEP	2026-09-29T12:23:58.1039130Z Cache hit occurred on the primary key setup-go-macOS-arm64-go-1.25.14-61bbf44200ea51c97db44eef9d5fd9d32d6f41e109b84a02d8ea08dac29e82dd, not saving cache.
Test (macos-latest)	UNKNOWN STEP	2026-09-29T12:23:58.1158060Z Post job cleanup.
Test (macos-latest)	UNKNOWN STEP	2026-09-29T12:23:58.3228990Z Cache up-to-date.
Test (macos-latest)	UNKNOWN STEP	2026-09-29T12:23:58.3568270Z Post job cleanup.
Test (macos-latest)	UNKNOWN STEP	2026-09-29T12:23:58.3573100Z ##[start-action display=Setup Rust Caching;id=__05fd7312-7ce0-4571-93e2-15f4728c8623.__Swatinem_rust-cache]
Test (macos-latest)	UNKNOWN STEP	2026-09-29T12:23:58.3627580Z Post job cleanup.
Test (macos-latest)	UNKNOWN STEP	2026-09-29T12:23:58.6595540Z Cache up-to-date.
Test (macos-latest)	UNKNOWN STEP	2026-09-29T12:23:58.6598260Z (node:10065) [DEP0040] DeprecationWarning: The `punycode` module is deprecated. Please use a userland alternative instead.
Test (macos-latest)	UNKNOWN STEP	2026-09-29T12:23:58.6600750Z (Use `node --trace-deprecation ...` to show where the warning was created)
Test (macos-latest)	UNKNOWN STEP	2026-09-29T12:23:58.6667300Z ##[end-action id=__05fd7312-7ce0-4571-93e2-15f4728c8623.__Swatinem_rust-cache;outcome=success;conclusion=success;duration_ms=309]
Test (macos-latest)	UNKNOWN STEP	2026-09-29T12:23:58.6772740Z Post job cleanup.
Test (macos-latest)	UNKNOWN STEP	2026-09-29T12:23:58.8086090Z [command]/opt/homebrew/bin/git version
Test (macos-latest)	UNKNOWN STEP	2026-09-29T12:23:58.8180940Z git version 2.55.0
Test (macos-latest)	UNKNOWN STEP	2026-09-29T12:23:58.8206700Z Copying '/Users/runner/.gitconfig' to '/Users/runner/work/_temp/bc0a74d2-c83f-45c2-9f58-a7c500d2f21e/.gitconfig'
Test (macos-latest)	UNKNOWN STEP	2026-09-29T12:23:58.8218220Z Temporarily overriding HOME='/Users/runner/work/_temp/bc0a74d2-c83f-45c2-9f58-a7c500d2f21e' before making global git config changes
Test (macos-latest)	UNKNOWN STEP	2026-09-29T12:23:58.8219120Z Adding repository directory to the temporary git global config as a safe directory
Test (macos-latest)	UNKNOWN STEP	2026-09-29T12:23:58.8228950Z [command]/opt/homebrew/bin/git config --global --add safe.directory /Users/runner/work/saksi/saksi
Test (macos-latest)	UNKNOWN STEP	2026-09-29T12:23:58.8432090Z [command]/opt/homebrew/bin/git config --local --name-only --get-regexp core\.sshCommand
Test (macos-latest)	UNKNOWN STEP	2026-09-29T12:23:58.8529250Z [command]/opt/homebrew/bin/git submodule foreach --recursive sh -c "git config --local --name-only --get-regexp 'core\.sshCommand' && git config --local --unset-all 'core.sshCommand' || :"
Test (macos-latest)	UNKNOWN STEP	2026-09-29T12:23:58.9930190Z [command]/opt/homebrew/bin/git config --local --name-only --get-regexp http\.https\:\/\/github\.com\/\.extraheader
Test (macos-latest)	UNKNOWN STEP	2026-09-29T12:23:59.0038680Z http.https://github.com/.extraheader
Test (macos-latest)	UNKNOWN STEP	2026-09-29T12:23:59.0054210Z [command]/opt/homebrew/bin/git config --local --unset-all http.https://github.com/.extraheader
Test (macos-latest)	UNKNOWN STEP	2026-09-29T12:23:59.0163460Z [command]/opt/homebrew/bin/git submodule foreach --recursive sh -c "git config --local --name-only --get-regexp 'http\.https\:\/\/github\.com\/\.extraheader' && git config --local --unset-all 'http.https://github.com/.extraheader' || :"
Test (macos-latest)	UNKNOWN STEP	2026-09-29T12:23:59.1839850Z [command]/opt/homebrew/bin/git config --local --name-only --get-regexp ^includeIf\.gitdir:
Test (macos-latest)	UNKNOWN STEP	2026-09-29T12:23:59.2144750Z [command]/opt/homebrew/bin/git submodule foreach --recursive git config --local --show-origin --name-only --get-regexp remote.origin.url
Test (macos-latest)	UNKNOWN STEP	2026-09-29T12:23:59.3954310Z Cleaning up orphan processes
Test (macos-latest)	UNKNOWN STEP	2026-09-29T12:24:04.0354860Z ##[warning]Node.js 20 is deprecated. The following actions target Node.js 20 but are being forced to run on Node.js 24: actions/checkout@v4, actions/setup-go@v5. For more information see: https://github.blog/changelog/2025-09-19-deprecation-of-node-20-on-github-actions-runners/
Build (ubuntu-latest)	UNKNOWN STEP	﻿2026-09-29T12:17:53.4776257Z Current runner version: '2.337.0'
Build (ubuntu-latest)	UNKNOWN STEP	2026-09-29T12:17:53.4801846Z ##[group]Runner Image Provisioner
Build (ubuntu-latest)	UNKNOWN STEP	2026-09-29T12:17:53.4802819Z Hosted Compute Agent
Build (ubuntu-latest)	UNKNOWN STEP	2026-09-29T12:17:53.4803416Z Version: 20260828.587
Build (ubuntu-latest)	UNKNOWN STEP	2026-09-29T12:17:53.4804146Z Commit: abac92662cab4cc7352de4f9f9d2e2419aad9c29
Build (ubuntu-latest)	UNKNOWN STEP	2026-09-29T12:17:53.4804946Z Build Date: 2026-08-28T16:44:25Z
Build (ubuntu-latest)	UNKNOWN STEP	2026-09-29T12:17:53.4805618Z Worker ID: {442d6331-eac6-4d9b-bc96-3f89ce9da6b2}
Build (ubuntu-latest)	UNKNOWN STEP	2026-09-29T12:17:53.4806412Z Azure Region: northcentralus
Build (ubuntu-latest)	UNKNOWN STEP	2026-09-29T12:17:53.4807043Z ##[endgroup]
Build (ubuntu-latest)	UNKNOWN STEP	2026-09-29T12:17:53.4808756Z ##[group]Operating System
Build (ubuntu-latest)	UNKNOWN STEP	2026-09-29T12:17:53.4809460Z Ubuntu
Build (ubuntu-latest)	UNKNOWN STEP	2026-09-29T12:17:53.4810000Z 24.04.5
Build (ubuntu-latest)	UNKNOWN STEP	2026-09-29T12:17:53.4810582Z LTS
Build (ubuntu-latest)	UNKNOWN STEP	2026-09-29T12:17:53.4811094Z ##[endgroup]
Build (ubuntu-latest)	UNKNOWN STEP	2026-09-29T12:17:53.4812339Z ##[group]Runner Image
Build (ubuntu-latest)	UNKNOWN STEP	2026-09-29T12:17:53.4813047Z Image: ubuntu-24.04
Build (ubuntu-latest)	UNKNOWN STEP	2026-09-29T12:17:53.4813621Z Version: 20260920.314.1
Build (ubuntu-latest)	UNKNOWN STEP	2026-09-29T12:17:53.4814932Z Included Software: https://github.com/actions/runner-images/blob/ubuntu24/20260920.314/images/ubuntu/Ubuntu2404-Readme.md
Build (ubuntu-latest)	UNKNOWN STEP	2026-09-29T12:17:53.4816565Z Image Release: https://github.com/actions/runner-images/releases/tag/ubuntu24%2F20260920.314
Build (ubuntu-latest)	UNKNOWN STEP	2026-09-29T12:17:53.4817588Z ##[endgroup]
Build (ubuntu-latest)	UNKNOWN STEP	2026-09-29T12:17:53.4818737Z ##[group]GITHUB_TOKEN Permissions
Build (ubuntu-latest)	UNKNOWN STEP	2026-09-29T12:17:53.4820817Z Contents: read
Build (ubuntu-latest)	UNKNOWN STEP	2026-09-29T12:17:53.4821656Z Metadata: read
Build (ubuntu-latest)	UNKNOWN STEP	2026-09-29T12:17:53.4822376Z ##[endgroup]
Build (ubuntu-latest)	UNKNOWN STEP	2026-09-29T12:17:53.4824421Z Secret source: Actions
Build (ubuntu-latest)	UNKNOWN STEP	2026-09-29T12:17:53.4825467Z Cache mode: write
Build (ubuntu-latest)	UNKNOWN STEP	2026-09-29T12:17:53.4826410Z Prepare workflow directory
Build (ubuntu-latest)	UNKNOWN STEP	2026-09-29T12:17:53.5345161Z Prepare all required actions
Build (ubuntu-latest)	UNKNOWN STEP	2026-09-29T12:17:53.5415760Z Getting action download info
Build (ubuntu-latest)	UNKNOWN STEP	2026-09-29T12:17:53.8227475Z Download action repository 'actions/checkout@v4' (SHA:11d5960a326750d5838078e36cf38b85af677262)
Build (ubuntu-latest)	UNKNOWN STEP	2026-09-29T12:17:53.9170209Z Download action repository 'actions-rust-lang/setup-rust-toolchain@v1' (SHA:166cdcfd11aee3cb47222f9ddb555ce30ddb9659)
Build (ubuntu-latest)	UNKNOWN STEP	2026-09-29T12:17:54.0521953Z Download action repository 'Swatinem/rust-cache@v2' (SHA:6323deb102c322ba6fcbdcafc7e3dddab59af2b6)
Build (ubuntu-latest)	UNKNOWN STEP	2026-09-29T12:17:54.5270035Z Download action repository 'actions/setup-go@v5' (SHA:40f1582b2485089dde7abd97c1529aa768e1baff)
Build (ubuntu-latest)	UNKNOWN STEP	2026-09-29T12:17:55.1581666Z Getting action download info
Build (ubuntu-latest)	UNKNOWN STEP	2026-09-29T12:17:55.2865184Z Download action repository 'Swatinem/rust-cache@c19371144df3bb44fab255c43d04cbc2ab54d1c4' (SHA:c19371144df3bb44fab255c43d04cbc2ab54d1c4)
Build (ubuntu-latest)	UNKNOWN STEP	2026-09-29T12:17:55.8996686Z Complete job name: Build (ubuntu-latest)
Build (ubuntu-latest)	UNKNOWN STEP	2026-09-29T12:17:55.9865602Z ##[group]Run actions/checkout@v4
Build (ubuntu-latest)	UNKNOWN STEP	2026-09-29T12:17:55.9866974Z with:
Build (ubuntu-latest)	UNKNOWN STEP	2026-09-29T12:17:55.9867949Z   repository: saksi-framework/saksi
Build (ubuntu-latest)	UNKNOWN STEP	2026-09-29T12:17:55.9875771Z   token: ***
Build (ubuntu-latest)	UNKNOWN STEP	2026-09-29T12:17:55.9876700Z   ssh-strict: true
Build (ubuntu-latest)	UNKNOWN STEP	2026-09-29T12:17:55.9877591Z   ssh-user: git
Build (ubuntu-latest)	UNKNOWN STEP	2026-09-29T12:17:55.9878480Z   persist-credentials: true
Build (ubuntu-latest)	UNKNOWN STEP	2026-09-29T12:17:55.9879488Z   clean: true
Build (ubuntu-latest)	UNKNOWN STEP	2026-09-29T12:17:55.9880408Z   sparse-checkout-cone-mode: true
Build (ubuntu-latest)	UNKNOWN STEP	2026-09-29T12:17:55.9881589Z   fetch-depth: 1
Build (ubuntu-latest)	UNKNOWN STEP	2026-09-29T12:17:55.9882560Z   fetch-tags: false
Build (ubuntu-latest)	UNKNOWN STEP	2026-09-29T12:17:55.9883451Z   show-progress: true
Build (ubuntu-latest)	UNKNOWN STEP	2026-09-29T12:17:55.9884489Z   lfs: false
Build (ubuntu-latest)	UNKNOWN STEP	2026-09-29T12:17:55.9885318Z   submodules: false
Build (ubuntu-latest)	UNKNOWN STEP	2026-09-29T12:17:55.9886191Z   set-safe-directory: true
Build (ubuntu-latest)	UNKNOWN STEP	2026-09-29T12:17:55.9887245Z   allow-unsafe-pr-checkout: false
Build (ubuntu-latest)	UNKNOWN STEP	2026-09-29T12:17:55.9888580Z env:
Build (ubuntu-latest)	UNKNOWN STEP	2026-09-29T12:17:55.9889466Z   CARGO_TERM_COLOR: always
Build (ubuntu-latest)	UNKNOWN STEP	2026-09-29T12:17:55.9891714Z   GO_MODULES: packages/saksi-protocol/go
Build (ubuntu-latest)	UNKNOWN STEP	packages/saksi-bulletin/chaincode
Build (ubuntu-latest)	UNKNOWN STEP	packages/saksi-bulletin/client-sdk
Build (ubuntu-latest)	UNKNOWN STEP	packages/saksi-campaign
Build (ubuntu-latest)	UNKNOWN STEP	
Build (ubuntu-latest)	UNKNOWN STEP	2026-09-29T12:17:55.9893769Z   GOFLAGS: -mod=mod
Build (ubuntu-latest)	UNKNOWN STEP	2026-09-29T12:17:55.9894667Z ##[endgroup]
Build (ubuntu-latest)	UNKNOWN STEP	2026-09-29T12:17:56.1038999Z Syncing repository: saksi-framework/saksi
Build (ubuntu-latest)	UNKNOWN STEP	2026-09-29T12:17:56.1042133Z ##[group]Getting Git version info
Build (ubuntu-latest)	UNKNOWN STEP	2026-09-29T12:17:56.1043333Z Working directory is '/home/runner/work/saksi/saksi'
Build (ubuntu-latest)	UNKNOWN STEP	2026-09-29T12:17:56.1045542Z [command]/usr/bin/git version
Build (ubuntu-latest)	UNKNOWN STEP	2026-09-29T12:17:56.1082921Z git version 2.55.0
Build (ubuntu-latest)	UNKNOWN STEP	2026-09-29T12:17:56.1103603Z ##[endgroup]
Build (ubuntu-latest)	UNKNOWN STEP	2026-09-29T12:17:56.1120848Z Temporarily overriding HOME='/home/runner/work/_temp/385ce5af-ef03-42d1-b141-6bfdbc012424' before making global git config changes
Build (ubuntu-latest)	UNKNOWN STEP	2026-09-29T12:17:56.1125386Z Adding repository directory to the temporary git global config as a safe directory
Build (ubuntu-latest)	UNKNOWN STEP	2026-09-29T12:17:56.1128479Z [command]/usr/bin/git config --global --add safe.directory /home/runner/work/saksi/saksi
Build (ubuntu-latest)	UNKNOWN STEP	2026-09-29T12:17:56.1190663Z Deleting the contents of '/home/runner/work/saksi/saksi'
Build (ubuntu-latest)	UNKNOWN STEP	2026-09-29T12:17:56.1194520Z ##[group]Initializing the repository
Build (ubuntu-latest)	UNKNOWN STEP	2026-09-29T12:17:56.1199595Z [command]/usr/bin/git init /home/runner/work/saksi/saksi
Build (ubuntu-latest)	UNKNOWN STEP	2026-09-29T12:17:56.1344157Z hint: Using 'master' as the name for the initial branch. This default branch name
Build (ubuntu-latest)	UNKNOWN STEP	2026-09-29T12:17:56.1346422Z hint: will change to "main" in Git 3.0. To configure the initial branch name
Build (ubuntu-latest)	UNKNOWN STEP	2026-09-29T12:17:56.1349531Z hint: to use in all of your new repositories, which will suppress this warning,
Build (ubuntu-latest)	UNKNOWN STEP	2026-09-29T12:17:56.1351661Z hint: call:
Build (ubuntu-latest)	UNKNOWN STEP	2026-09-29T12:17:56.1352689Z hint:
Build (ubuntu-latest)	UNKNOWN STEP	2026-09-29T12:17:56.1354466Z hint: 	git config --global init.defaultBranch <name>
Build (ubuntu-latest)	UNKNOWN STEP	2026-09-29T12:17:56.1356005Z hint:
Build (ubuntu-latest)	UNKNOWN STEP	2026-09-29T12:17:56.1357844Z hint: Names commonly chosen instead of 'master' are 'main', 'trunk' and
Build (ubuntu-latest)	UNKNOWN STEP	2026-09-29T12:17:56.1359962Z hint: 'development'. The just-created branch can be renamed via this command:
Build (ubuntu-latest)	UNKNOWN STEP	2026-09-29T12:17:56.1362172Z hint:
Build (ubuntu-latest)	UNKNOWN STEP	2026-09-29T12:17:56.1363407Z hint: 	git branch -m <name>
Build (ubuntu-latest)	UNKNOWN STEP	2026-09-29T12:17:56.1364719Z hint:
Build (ubuntu-latest)	UNKNOWN STEP	2026-09-29T12:17:56.1366273Z hint: Disable this message with "git config set advice.defaultBranchName false"
Build (ubuntu-latest)	UNKNOWN STEP	2026-09-29T12:17:56.1369049Z Initialized empty Git repository in /home/runner/work/saksi/saksi/.git/
Build (ubuntu-latest)	UNKNOWN STEP	2026-09-29T12:17:56.1373640Z [command]/usr/bin/git remote add origin https://github.com/saksi-framework/saksi
Build (ubuntu-latest)	UNKNOWN STEP	2026-09-29T12:17:56.1423414Z ##[endgroup]
Build (ubuntu-latest)	UNKNOWN STEP	2026-09-29T12:17:56.1425397Z ##[group]Disabling automatic garbage collection
Build (ubuntu-latest)	UNKNOWN STEP	2026-09-29T12:17:56.1427169Z [command]/usr/bin/git config --local gc.auto 0
Build (ubuntu-latest)	UNKNOWN STEP	2026-09-29T12:17:56.1464240Z ##[endgroup]
Build (ubuntu-latest)	UNKNOWN STEP	2026-09-29T12:17:56.1466876Z ##[group]Setting up auth
Build (ubuntu-latest)	UNKNOWN STEP	2026-09-29T12:17:56.1471787Z [command]/usr/bin/git config --local --name-only --get-regexp core\.sshCommand
Build (ubuntu-latest)	UNKNOWN STEP	2026-09-29T12:17:56.1510745Z [command]/usr/bin/git submodule foreach --recursive sh -c "git config --local --name-only --get-regexp 'core\.sshCommand' && git config --local --unset-all 'core.sshCommand' || :"
Build (ubuntu-latest)	UNKNOWN STEP	2026-09-29T12:17:56.1924026Z [command]/usr/bin/git config --local --name-only --get-regexp http\.https\:\/\/github\.com\/\.extraheader
Build (ubuntu-latest)	UNKNOWN STEP	2026-09-29T12:17:56.1962002Z [command]/usr/bin/git submodule foreach --recursive sh -c "git config --local --name-only --get-regexp 'http\.https\:\/\/github\.com\/\.extraheader' && git config --local --unset-all 'http.https://github.com/.extraheader' || :"
Build (ubuntu-latest)	UNKNOWN STEP	2026-09-29T12:17:56.2189262Z [command]/usr/bin/git config --local --name-only --get-regexp ^includeIf\.gitdir:
Build (ubuntu-latest)	UNKNOWN STEP	2026-09-29T12:17:56.2226314Z [command]/usr/bin/git submodule foreach --recursive git config --local --show-origin --name-only --get-regexp remote.origin.url
Build (ubuntu-latest)	UNKNOWN STEP	2026-09-29T12:17:56.2448815Z [command]/usr/bin/git config --local http.https://github.com/.extraheader AUTHORIZATION: basic ***
Build (ubuntu-latest)	UNKNOWN STEP	2026-09-29T12:17:56.2490268Z ##[endgroup]
Build (ubuntu-latest)	UNKNOWN STEP	2026-09-29T12:17:56.2491836Z ##[group]Fetching the repository
Build (ubuntu-latest)	UNKNOWN STEP	2026-09-29T12:17:56.2500925Z [command]/usr/bin/git -c protocol.version=2 fetch --no-tags --prune --no-recurse-submodules --depth=1 origin +4a38a54fe0223b58f28c53ec54e47fbeab222837:refs/remotes/origin/main
Build (ubuntu-latest)	UNKNOWN STEP	2026-09-29T12:17:56.8061349Z From https://github.com/saksi-framework/saksi
Build (ubuntu-latest)	UNKNOWN STEP	2026-09-29T12:17:56.8062567Z  * [new ref]         4a38a54fe0223b58f28c53ec54e47fbeab222837 -> origin/main
Build (ubuntu-latest)	UNKNOWN STEP	2026-09-29T12:17:56.8066886Z ##[endgroup]
Build (ubuntu-latest)	UNKNOWN STEP	2026-09-29T12:17:56.8068054Z ##[group]Determining the checkout info
Build (ubuntu-latest)	UNKNOWN STEP	2026-09-29T12:17:56.8069339Z ##[endgroup]
Build (ubuntu-latest)	UNKNOWN STEP	2026-09-29T12:17:56.8075083Z [command]/usr/bin/git sparse-checkout disable
Build (ubuntu-latest)	UNKNOWN STEP	2026-09-29T12:17:56.8128285Z [command]/usr/bin/git config --local --unset-all extensions.worktreeConfig
Build (ubuntu-latest)	UNKNOWN STEP	2026-09-29T12:17:56.8162559Z ##[group]Checking out the ref
Build (ubuntu-latest)	UNKNOWN STEP	2026-09-29T12:17:56.8167585Z [command]/usr/bin/git checkout --progress --force -B main refs/remotes/origin/main
Build (ubuntu-latest)	UNKNOWN STEP	2026-09-29T12:17:56.8494256Z Switched to a new branch 'main'
Build (ubuntu-latest)	UNKNOWN STEP	2026-09-29T12:17:56.8500814Z branch 'main' set up to track 'origin/main'.
Build (ubuntu-latest)	UNKNOWN STEP	2026-09-29T12:17:56.8509264Z ##[endgroup]
Build (ubuntu-latest)	UNKNOWN STEP	2026-09-29T12:17:56.8556232Z [command]/usr/bin/git log -1 --format=%H
Build (ubuntu-latest)	UNKNOWN STEP	2026-09-29T12:17:56.8584304Z 4a38a54fe0223b58f28c53ec54e47fbeab222837
Build (ubuntu-latest)	UNKNOWN STEP	2026-09-29T12:17:56.9013262Z ##[group]Run actions-rust-lang/setup-rust-toolchain@v1
Build (ubuntu-latest)	UNKNOWN STEP	2026-09-29T12:17:56.9013749Z with:
Build (ubuntu-latest)	UNKNOWN STEP	2026-09-29T12:17:56.9014048Z   cache: true
Build (ubuntu-latest)	UNKNOWN STEP	2026-09-29T12:17:56.9014367Z   cache-on-failure: true
Build (ubuntu-latest)	UNKNOWN STEP	2026-09-29T12:17:56.9014707Z   cache-bin: true
Build (ubuntu-latest)	UNKNOWN STEP	2026-09-29T12:17:56.9015037Z   cache-provider: github
Build (ubuntu-latest)	UNKNOWN STEP	2026-09-29T12:17:56.9015385Z   cache-all-crates: false
Build (ubuntu-latest)	UNKNOWN STEP	2026-09-29T12:17:56.9015750Z   cache-workspace-crates: false
Build (ubuntu-latest)	UNKNOWN STEP	2026-09-29T12:17:56.9016104Z   cache-save-if: true
Build (ubuntu-latest)	UNKNOWN STEP	2026-09-29T12:17:56.9016426Z   cache-targets: true
Build (ubuntu-latest)	UNKNOWN STEP	2026-09-29T12:17:56.9016745Z   matcher: true
Build (ubuntu-latest)	UNKNOWN STEP	2026-09-29T12:17:56.9017066Z   rustflags: -D warnings
Build (ubuntu-latest)	UNKNOWN STEP	2026-09-29T12:17:56.9017397Z   override: true
Build (ubuntu-latest)	UNKNOWN STEP	2026-09-29T12:17:56.9017692Z env:
Build (ubuntu-latest)	UNKNOWN STEP	2026-09-29T12:17:56.9018015Z   CARGO_TERM_COLOR: always
Build (ubuntu-latest)	UNKNOWN STEP	2026-09-29T12:17:56.9018746Z   GO_MODULES: packages/saksi-protocol/go
Build (ubuntu-latest)	UNKNOWN STEP	packages/saksi-bulletin/chaincode
Build (ubuntu-latest)	UNKNOWN STEP	packages/saksi-bulletin/client-sdk
Build (ubuntu-latest)	UNKNOWN STEP	packages/saksi-campaign
Build (ubuntu-latest)	UNKNOWN STEP	
Build (ubuntu-latest)	UNKNOWN STEP	2026-09-29T12:17:56.9019503Z   GOFLAGS: -mod=mod
Build (ubuntu-latest)	UNKNOWN STEP	2026-09-29T12:17:56.9019849Z ##[endgroup]
Build (ubuntu-latest)	UNKNOWN STEP	2026-09-29T12:17:56.9081301Z ##[start-action display=Unbork mac;id=__actions-rust-lang_setup-rust-toolchain.__run]
Build (ubuntu-latest)	UNKNOWN STEP	2026-09-29T12:17:56.9100656Z ##[end-action id=__actions-rust-lang_setup-rust-toolchain.__run;outcome=skipped;conclusion=skipped;duration_ms=0]
Build (ubuntu-latest)	UNKNOWN STEP	2026-09-29T12:17:56.9137657Z ##[start-action display=Run : construct rustup command line;id=__actions-rust-lang_setup-rust-toolchain.flags]
Build (ubuntu-latest)	UNKNOWN STEP	2026-09-29T12:17:56.9180449Z ##[group]Run : construct rustup command line
Build (ubuntu-latest)	UNKNOWN STEP	2026-09-29T12:17:56.9180964Z ^[[36;1m: construct rustup command line^[[0m
Build (ubuntu-latest)	UNKNOWN STEP	2026-09-29T12:17:56.9181869Z ^[[36;1mecho "targets=$(for t in ${_srt_targets//,/ }; do echo -n ' --target' $t; done)" >> $GITHUB_OUTPUT^[[0m
Build (ubuntu-latest)	UNKNOWN STEP	2026-09-29T12:17:56.9182756Z ^[[36;1mecho "components=$(for c in ${_srt_components//,/ }; do echo -n ' --component' $c; done)" >> $GITHUB_OUTPUT^[[0m
Build (ubuntu-latest)	UNKNOWN STEP	2026-09-29T12:17:56.9183415Z ^[[36;1mecho "downgrade=" >> $GITHUB_OUTPUT^[[0m
Build (ubuntu-latest)	UNKNOWN STEP	2026-09-29T12:17:56.9475729Z shell: /usr/bin/bash --noprofile --norc -e -o pipefail {0}
Build (ubuntu-latest)	UNKNOWN STEP	2026-09-29T12:17:56.9476393Z env:
Build (ubuntu-latest)	UNKNOWN STEP	2026-09-29T12:17:56.9476812Z   CARGO_TERM_COLOR: always
Build (ubuntu-latest)	UNKNOWN STEP	2026-09-29T12:17:56.9477860Z   GO_MODULES: packages/saksi-protocol/go
Build (ubuntu-latest)	UNKNOWN STEP	packages/saksi-bulletin/chaincode
Build (ubuntu-latest)	UNKNOWN STEP	packages/saksi-bulletin/client-sdk
Build (ubuntu-latest)	UNKNOWN STEP	packages/saksi-campaign
Build (ubuntu-latest)	UNKNOWN STEP	
Build (ubuntu-latest)	UNKNOWN STEP	2026-09-29T12:17:56.9478946Z   GOFLAGS: -mod=mod
Build (ubuntu-latest)	UNKNOWN STEP	2026-09-29T12:17:56.9479372Z   _srt_targets: 
Build (ubuntu-latest)	UNKNOWN STEP	2026-09-29T12:17:56.9479791Z   _srt_components: 
Build (ubuntu-latest)	UNKNOWN STEP	2026-09-29T12:17:56.9480203Z ##[endgroup]
Build (ubuntu-latest)	UNKNOWN STEP	2026-09-29T12:17:56.9633651Z ##[end-action id=__actions-rust-lang_setup-rust-toolchain.flags;outcome=success;conclusion=success;duration_ms=49]
Build (ubuntu-latest)	UNKNOWN STEP	2026-09-29T12:17:56.9640264Z ##[start-action display=Setting Environment Variables;id=__actions-rust-lang_setup-rust-toolchain.__run_2]
Build (ubuntu-latest)	UNKNOWN STEP	2026-09-29T12:17:56.9664478Z ##[group]Run if [[ ! -v CARGO_INCREMENTAL ]]; then
Build (ubuntu-latest)	UNKNOWN STEP	2026-09-29T12:17:56.9664998Z ^[[36;1mif [[ ! -v CARGO_INCREMENTAL ]]; then^[[0m
Build (ubuntu-latest)	UNKNOWN STEP	2026-09-29T12:17:56.9665474Z ^[[36;1m  echo "CARGO_INCREMENTAL=0" >> $GITHUB_ENV^[[0m
Build (ubuntu-latest)	UNKNOWN STEP	2026-09-29T12:17:56.9665881Z ^[[36;1mfi^[[0m
Build (ubuntu-latest)	UNKNOWN STEP	2026-09-29T12:17:56.9666246Z ^[[36;1mif [[ ! -v CARGO_PROFILE_DEV_DEBUG ]]; then^[[0m
Build (ubuntu-latest)	UNKNOWN STEP	2026-09-29T12:17:56.9666719Z ^[[36;1m  echo "CARGO_PROFILE_DEV_DEBUG=0" >> $GITHUB_ENV^[[0m
Build (ubuntu-latest)	UNKNOWN STEP	2026-09-29T12:17:56.9667131Z ^[[36;1mfi^[[0m
Build (ubuntu-latest)	UNKNOWN STEP	2026-09-29T12:17:56.9667462Z ^[[36;1mif [[ ! -v CARGO_TERM_COLOR ]]; then^[[0m
Build (ubuntu-latest)	UNKNOWN STEP	2026-09-29T12:17:56.9667921Z ^[[36;1m  echo "CARGO_TERM_COLOR=always" >> $GITHUB_ENV^[[0m
Build (ubuntu-latest)	UNKNOWN STEP	2026-09-29T12:17:56.9668331Z ^[[36;1mfi^[[0m
Build (ubuntu-latest)	UNKNOWN STEP	2026-09-29T12:17:56.9668650Z ^[[36;1mif [[ ! -v RUST_BACKTRACE ]]; then^[[0m
Build (ubuntu-latest)	UNKNOWN STEP	2026-09-29T12:17:56.9669098Z ^[[36;1m  echo "RUST_BACKTRACE=short" >> $GITHUB_ENV^[[0m
Build (ubuntu-latest)	UNKNOWN STEP	2026-09-29T12:17:56.9669509Z ^[[36;1mfi^[[0m
Build (ubuntu-latest)	UNKNOWN STEP	2026-09-29T12:17:56.9669901Z ^[[36;1mif [[ ( ! -v RUSTFLAGS ) && $_srt_NEW_RUSTFLAGS != "" ]]; then^[[0m
Build (ubuntu-latest)	UNKNOWN STEP	2026-09-29T12:17:56.9670601Z ^[[36;1m  echo "RUSTFLAGS=$_srt_NEW_RUSTFLAGS" >> $GITHUB_ENV^[[0m
Build (ubuntu-latest)	UNKNOWN STEP	2026-09-29T12:17:56.9671032Z ^[[36;1mfi^[[0m
Build (ubuntu-latest)	UNKNOWN STEP	2026-09-29T12:17:56.9671375Z ^[[36;1m# Enable faster sparse index on nightly^[[0m
Build (ubuntu-latest)	UNKNOWN STEP	2026-09-29T12:17:56.9672166Z ^[[36;1m# The value is ignored on stable and causes no problems^[[0m
Build (ubuntu-latest)	UNKNOWN STEP	2026-09-29T12:17:56.9673018Z ^[[36;1m# https://internals.rust-lang.org/t/call-for-testing-cargo-sparse-registry/16862^[[0m
Build (ubuntu-latest)	UNKNOWN STEP	2026-09-29T12:17:56.9673705Z ^[[36;1mif [[ ! -v CARGO_UNSTABLE_SPARSE_REGISTRY ]]; then^[[0m
Build (ubuntu-latest)	UNKNOWN STEP	2026-09-29T12:17:56.9674239Z ^[[36;1m  echo "CARGO_UNSTABLE_SPARSE_REGISTRY=true" >> $GITHUB_ENV^[[0m
Build (ubuntu-latest)	UNKNOWN STEP	2026-09-29T12:17:56.9674689Z ^[[36;1mfi^[[0m
Build (ubuntu-latest)	UNKNOWN STEP	2026-09-29T12:17:56.9675072Z ^[[36;1mif [[ ! -v CARGO_REGISTRIES_CRATES_IO_PROTOCOL ]]; then^[[0m
Build (ubuntu-latest)	UNKNOWN STEP	2026-09-29T12:17:56.9675631Z ^[[36;1m  echo "CARGO_REGISTRIES_CRATES_IO_PROTOCOL=sparse" >> $GITHUB_ENV^[[0m
Build (ubuntu-latest)	UNKNOWN STEP	2026-09-29T12:17:56.9676112Z ^[[36;1mfi^[[0m
Build (ubuntu-latest)	UNKNOWN STEP	2026-09-29T12:17:56.9741975Z shell: /usr/bin/bash --noprofile --norc -e -o pipefail {0}
Build (ubuntu-latest)	UNKNOWN STEP	2026-09-29T12:17:56.9742457Z env:
Build (ubuntu-latest)	UNKNOWN STEP	2026-09-29T12:17:56.9742775Z   CARGO_TERM_COLOR: always
Build (ubuntu-latest)	UNKNOWN STEP	2026-09-29T12:17:56.9743519Z   GO_MODULES: packages/saksi-protocol/go
Build (ubuntu-latest)	UNKNOWN STEP	packages/saksi-bulletin/chaincode
Build (ubuntu-latest)	UNKNOWN STEP	packages/saksi-bulletin/client-sdk
Build (ubuntu-latest)	UNKNOWN STEP	packages/saksi-campaign
Build (ubuntu-latest)	UNKNOWN STEP	
Build (ubuntu-latest)	UNKNOWN STEP	2026-09-29T12:17:56.9744290Z   GOFLAGS: -mod=mod
Build (ubuntu-latest)	UNKNOWN STEP	2026-09-29T12:17:56.9744643Z   _srt_NEW_RUSTFLAGS: -D warnings
Build (ubuntu-latest)	UNKNOWN STEP	2026-09-29T12:17:56.9745003Z ##[endgroup]
Build (ubuntu-latest)	UNKNOWN STEP	2026-09-29T12:17:56.9844023Z ##[end-action id=__actions-rust-lang_setup-rust-toolchain.__run_2;outcome=success;conclusion=success;duration_ms=20]
Build (ubuntu-latest)	UNKNOWN STEP	2026-09-29T12:17:56.9847039Z ##[start-action display=Install Rust Problem Matcher;id=__actions-rust-lang_setup-rust-toolchain.__run_3]
Build (ubuntu-latest)	UNKNOWN STEP	2026-09-29T12:17:56.9897948Z ##[group]Run echo "::add-matcher::/home/runner/work/_actions/actions-rust-lang/setup-rust-toolchain/v1/rust.json"
Build (ubuntu-latest)	UNKNOWN STEP	2026-09-29T12:17:56.9898883Z ^[[36;1mecho "::add-matcher::/home/runner/work/_actions/actions-rust-lang/setup-rust-toolchain/v1/rust.json"^[[0m
Build (ubuntu-latest)	UNKNOWN STEP	2026-09-29T12:17:56.9964731Z shell: /usr/bin/bash --noprofile --norc -e -o pipefail {0}
Build (ubuntu-latest)	UNKNOWN STEP	2026-09-29T12:17:56.9965217Z env:
Build (ubuntu-latest)	UNKNOWN STEP	2026-09-29T12:17:56.9965518Z   CARGO_TERM_COLOR: always
Build (ubuntu-latest)	UNKNOWN STEP	2026-09-29T12:17:56.9966283Z   GO_MODULES: packages/saksi-protocol/go
Build (ubuntu-latest)	UNKNOWN STEP	packages/saksi-bulletin/chaincode
Build (ubuntu-latest)	UNKNOWN STEP	packages/saksi-bulletin/client-sdk
Build (ubuntu-latest)	UNKNOWN STEP	packages/saksi-campaign
Build (ubuntu-latest)	UNKNOWN STEP	
Build (ubuntu-latest)	UNKNOWN STEP	2026-09-29T12:17:56.9967075Z   GOFLAGS: -mod=mod
Build (ubuntu-latest)	UNKNOWN STEP	2026-09-29T12:17:56.9967403Z   CARGO_INCREMENTAL: 0
Build (ubuntu-latest)	UNKNOWN STEP	2026-09-29T12:17:56.9967749Z   CARGO_PROFILE_DEV_DEBUG: 0
Build (ubuntu-latest)	UNKNOWN STEP	2026-09-29T12:17:56.9968104Z   RUST_BACKTRACE: short
Build (ubuntu-latest)	UNKNOWN STEP	2026-09-29T12:17:56.9968435Z   RUSTFLAGS: -D warnings
Build (ubuntu-latest)	UNKNOWN STEP	2026-09-29T12:17:56.9968795Z   CARGO_UNSTABLE_SPARSE_REGISTRY: true
Build (ubuntu-latest)	UNKNOWN STEP	2026-09-29T12:17:56.9969216Z   CARGO_REGISTRIES_CRATES_IO_PROTOCOL: sparse
Build (ubuntu-latest)	UNKNOWN STEP	2026-09-29T12:17:56.9969622Z ##[endgroup]
Build (ubuntu-latest)	UNKNOWN STEP	2026-09-29T12:17:57.0082219Z ##[end-action id=__actions-rust-lang_setup-rust-toolchain.__run_3;outcome=success;conclusion=success;duration_ms=23]
Build (ubuntu-latest)	UNKNOWN STEP	2026-09-29T12:17:57.0086159Z ##[start-action display=Install rustup, if needed;id=__actions-rust-lang_setup-rust-toolchain.__run_4]
Build (ubuntu-latest)	UNKNOWN STEP	2026-09-29T12:17:57.0109376Z ##[group]Run if ! command -v rustup &> /dev/null ; then
Build (ubuntu-latest)	UNKNOWN STEP	2026-09-29T12:17:57.0109902Z ^[[36;1mif ! command -v rustup &> /dev/null ; then^[[0m
Build (ubuntu-latest)	UNKNOWN STEP	2026-09-29T12:17:57.0110697Z ^[[36;1m  curl --proto '=https' --tlsv1.2 --retry 10 --retry-connrefused -fsSL "https://sh.rustup.rs" | sh -s -- --default-toolchain none -y^[[0m
Build (ubuntu-latest)	UNKNOWN STEP	2026-09-29T12:17:57.0111716Z ^[[36;1m^[[0m
Build (ubuntu-latest)	UNKNOWN STEP	2026-09-29T12:17:57.0112140Z ^[[36;1m  # Resolve the correct CARGO_HOME path depending on OS^[[0m
Build (ubuntu-latest)	UNKNOWN STEP	2026-09-29T12:17:57.0112629Z ^[[36;1m  if [[ "$RUNNER_OS" == "Windows" ]]; then^[[0m
Build (ubuntu-latest)	UNKNOWN STEP	2026-09-29T12:17:57.0113182Z ^[[36;1m    echo "${CARGO_HOME:-$USERPROFILE/.cargo}/bin" | sed 's|/|\\|g' >> $GITHUB_PATH^[[0m
Build (ubuntu-latest)	UNKNOWN STEP	2026-09-29T12:17:57.0113703Z ^[[36;1m  else^[[0m
Build (ubuntu-latest)	UNKNOWN STEP	2026-09-29T12:17:57.0114079Z ^[[36;1m    echo "${CARGO_HOME:-$HOME/.cargo}/bin" >> $GITHUB_PATH^[[0m
Build (ubuntu-latest)	UNKNOWN STEP	2026-09-29T12:17:57.0114512Z ^[[36;1m  fi^[[0m
Build (ubuntu-latest)	UNKNOWN STEP	2026-09-29T12:17:57.0114799Z ^[[36;1mfi^[[0m
Build (ubuntu-latest)	UNKNOWN STEP	2026-09-29T12:17:57.0179738Z shell: /usr/bin/bash --noprofile --norc -e -o pipefail {0}
Build (ubuntu-latest)	UNKNOWN STEP	2026-09-29T12:17:57.0180200Z env:
Build (ubuntu-latest)	UNKNOWN STEP	2026-09-29T12:17:57.0180578Z   CARGO_TERM_COLOR: always
Build (ubuntu-latest)	UNKNOWN STEP	2026-09-29T12:17:57.0181654Z   GO_MODULES: packages/saksi-protocol/go
Build (ubuntu-latest)	UNKNOWN STEP	packages/saksi-bulletin/chaincode
Build (ubuntu-latest)	UNKNOWN STEP	packages/saksi-bulletin/client-sdk
Build (ubuntu-latest)	UNKNOWN STEP	packages/saksi-campaign
Build (ubuntu-latest)	UNKNOWN STEP	
Build (ubuntu-latest)	UNKNOWN STEP	2026-09-29T12:17:57.0182435Z   GOFLAGS: -mod=mod
Build (ubuntu-latest)	UNKNOWN STEP	2026-09-29T12:17:57.0182758Z   CARGO_INCREMENTAL: 0
Build (ubuntu-latest)	UNKNOWN STEP	2026-09-29T12:17:57.0183291Z   CARGO_PROFILE_DEV_DEBUG: 0
Build (ubuntu-latest)	UNKNOWN STEP	2026-09-29T12:17:57.0183658Z   RUST_BACKTRACE: short
Build (ubuntu-latest)	UNKNOWN STEP	2026-09-29T12:17:57.0183991Z   RUSTFLAGS: -D warnings
Build (ubuntu-latest)	UNKNOWN STEP	2026-09-29T12:17:57.0184362Z   CARGO_UNSTABLE_SPARSE_REGISTRY: true
Build (ubuntu-latest)	UNKNOWN STEP	2026-09-29T12:17:57.0184791Z   CARGO_REGISTRIES_CRATES_IO_PROTOCOL: sparse
Build (ubuntu-latest)	UNKNOWN STEP	2026-09-29T12:17:57.0185197Z   RUNNER_OS: Linux
Build (ubuntu-latest)	UNKNOWN STEP	2026-09-29T12:17:57.0185500Z ##[endgroup]
Build (ubuntu-latest)	UNKNOWN STEP	2026-09-29T12:17:57.0280684Z ##[end-action id=__actions-rust-lang_setup-rust-toolchain.__run_4;outcome=success;conclusion=success;duration_ms=19]
Build (ubuntu-latest)	UNKNOWN STEP	2026-09-29T12:17:57.0313836Z ##[start-action display=rustup toolchain install stable;id=__actions-rust-lang_setup-rust-toolchain.__run_5]
Build (ubuntu-latest)	UNKNOWN STEP	2026-09-29T12:17:57.0339277Z ##[group]Run # Check if value is set
Build (ubuntu-latest)	UNKNOWN STEP	2026-09-29T12:17:57.0339734Z ^[[36;1m# Check if value is set^[[0m
Build (ubuntu-latest)	UNKNOWN STEP	2026-09-29T12:17:57.0340126Z ^[[36;1mif [[ -n "$_srt_rust_src_dir" ]]^[[0m
Build (ubuntu-latest)	UNKNOWN STEP	2026-09-29T12:17:57.0340500Z ^[[36;1mthen^[[0m
Build (ubuntu-latest)	UNKNOWN STEP	2026-09-29T12:17:57.0340855Z ^[[36;1m  # If value is set the directory must exist^[[0m
Build (ubuntu-latest)	UNKNOWN STEP	2026-09-29T12:17:57.0341295Z ^[[36;1m  if [[ -d "$_srt_rust_src_dir" ]]^[[0m
Build (ubuntu-latest)	UNKNOWN STEP	2026-09-29T12:17:57.0341992Z ^[[36;1m  then^[[0m
Build (ubuntu-latest)	UNKNOWN STEP	2026-09-29T12:17:57.0342318Z ^[[36;1m    cd "$_srt_rust_src_dir"^[[0m
Build (ubuntu-latest)	UNKNOWN STEP	2026-09-29T12:17:57.0342674Z ^[[36;1m  else^[[0m
Build (ubuntu-latest)	UNKNOWN STEP	2026-09-29T12:17:57.0343108Z ^[[36;1m    echo "'rust-src-dir' does not point to an existing directory" >&2^[[0m
Build (ubuntu-latest)	UNKNOWN STEP	2026-09-29T12:17:57.0343718Z ^[[36;1m    echo "The value of 'rust-src-dir' is: ${_srt_rust_src_dir}" >&2^[[0m
Build (ubuntu-latest)	UNKNOWN STEP	2026-09-29T12:17:57.0344191Z ^[[36;1m    exit 1^[[0m
Build (ubuntu-latest)	UNKNOWN STEP	2026-09-29T12:17:57.0344490Z ^[[36;1m  fi^[[0m
Build (ubuntu-latest)	UNKNOWN STEP	2026-09-29T12:17:57.0344768Z ^[[36;1mfi^[[0m
Build (ubuntu-latest)	UNKNOWN STEP	2026-09-29T12:17:57.0345232Z ^[[36;1mif [[ -z "$_srt_toolchain" && ( -f "rust-toolchain" || -f "rust-toolchain.toml") ]]^[[0m
Build (ubuntu-latest)	UNKNOWN STEP	2026-09-29T12:17:57.0345755Z ^[[36;1mthen^[[0m
Build (ubuntu-latest)	UNKNOWN STEP	2026-09-29T12:17:57.0346147Z ^[[36;1m  # Install the toolchain as specified in the file^[[0m
Build (ubuntu-latest)	UNKNOWN STEP	2026-09-29T12:17:57.0346692Z ^[[36;1m  # rustup show is the old way that implicitly installed a toolchain^[[0m
Build (ubuntu-latest)	UNKNOWN STEP	2026-09-29T12:17:57.0347249Z ^[[36;1m  # rustup toolchain install is the new explicit way^[[0m
Build (ubuntu-latest)	UNKNOWN STEP	2026-09-29T12:17:57.0347854Z ^[[36;1m  # https://github.com/rust-lang/rustup/issues/3635#issuecomment-2343511297^[[0m
Build (ubuntu-latest)	UNKNOWN STEP	2026-09-29T12:17:57.0348514Z ^[[36;1m  rustup show active-toolchain || rustup toolchain install^[[0m
Build (ubuntu-latest)	UNKNOWN STEP	2026-09-29T12:17:57.0349018Z ^[[36;1m  if [[ -n $_srt_components ]]; then^[[0m
Build (ubuntu-latest)	UNKNOWN STEP	2026-09-29T12:17:57.0349485Z ^[[36;1m    rustup component add ${_srt_components//,/ }^[[0m
Build (ubuntu-latest)	UNKNOWN STEP	2026-09-29T12:17:57.0349890Z ^[[36;1m  fi^[[0m
Build (ubuntu-latest)	UNKNOWN STEP	2026-09-29T12:17:57.0350209Z ^[[36;1m  if [[ -n $_srt_targets ]]; then^[[0m
Build (ubuntu-latest)	UNKNOWN STEP	2026-09-29T12:17:57.0350627Z ^[[36;1m    rustup target add ${_srt_targets//,/ }^[[0m
Build (ubuntu-latest)	UNKNOWN STEP	2026-09-29T12:17:57.0351014Z ^[[36;1m  fi^[[0m
Build (ubuntu-latest)	UNKNOWN STEP	2026-09-29T12:17:57.0351299Z ^[[36;1melse^[[0m
Build (ubuntu-latest)	UNKNOWN STEP	2026-09-29T12:17:57.0351878Z ^[[36;1m  if [[ -z "$_srt_toolchain" ]]^[[0m
Build (ubuntu-latest)	UNKNOWN STEP	2026-09-29T12:17:57.0352268Z ^[[36;1m  then^[[0m
Build (ubuntu-latest)	UNKNOWN STEP	2026-09-29T12:17:57.0352581Z ^[[36;1m    _srt_toolchain=stable^[[0m
Build (ubuntu-latest)	UNKNOWN STEP	2026-09-29T12:17:57.0352931Z ^[[36;1m  fi^[[0m
Build (ubuntu-latest)	UNKNOWN STEP	2026-09-29T12:17:57.0353419Z ^[[36;1m  rustup toolchain install ${_srt_toolchain//,/ }  --profile minimal --no-self-update^[[0m
Build (ubuntu-latest)	UNKNOWN STEP	2026-09-29T12:17:57.0354014Z ^[[36;1m  # Take the last element from the list^[[0m
Build (ubuntu-latest)	UNKNOWN STEP	2026-09-29T12:17:57.0354448Z ^[[36;1m  if [[ "$_srt_override" == "true" ]]^[[0m
Build (ubuntu-latest)	UNKNOWN STEP	2026-09-29T12:17:57.0354831Z ^[[36;1m  then^[[0m
Build (ubuntu-latest)	UNKNOWN STEP	2026-09-29T12:17:57.0355187Z ^[[36;1m    rustup override set ${_srt_toolchain//*,/ }^[[0m
Build (ubuntu-latest)	UNKNOWN STEP	2026-09-29T12:17:57.0355587Z ^[[36;1m  fi^[[0m
Build (ubuntu-latest)	UNKNOWN STEP	2026-09-29T12:17:57.0355878Z ^[[36;1mfi^[[0m
Build (ubuntu-latest)	UNKNOWN STEP	2026-09-29T12:17:57.0422076Z shell: /usr/bin/bash --noprofile --norc -e -o pipefail {0}
Build (ubuntu-latest)	UNKNOWN STEP	2026-09-29T12:17:57.0422539Z env:
Build (ubuntu-latest)	UNKNOWN STEP	2026-09-29T12:17:57.0422848Z   CARGO_TERM_COLOR: always
Build (ubuntu-latest)	UNKNOWN STEP	2026-09-29T12:17:57.0423595Z   GO_MODULES: packages/saksi-protocol/go
Build (ubuntu-latest)	UNKNOWN STEP	packages/saksi-bulletin/chaincode
Build (ubuntu-latest)	UNKNOWN STEP	packages/saksi-bulletin/client-sdk
Build (ubuntu-latest)	UNKNOWN STEP	packages/saksi-campaign
Build (ubuntu-latest)	UNKNOWN STEP	
Build (ubuntu-latest)	UNKNOWN STEP	2026-09-29T12:17:57.0424531Z   GOFLAGS: -mod=mod
Build (ubuntu-latest)	UNKNOWN STEP	2026-09-29T12:17:57.0424844Z   CARGO_INCREMENTAL: 0
Build (ubuntu-latest)	UNKNOWN STEP	2026-09-29T12:17:57.0425181Z   CARGO_PROFILE_DEV_DEBUG: 0
Build (ubuntu-latest)	UNKNOWN STEP	2026-09-29T12:17:57.0425520Z   RUST_BACKTRACE: short
Build (ubuntu-latest)	UNKNOWN STEP	2026-09-29T12:17:57.0425839Z   RUSTFLAGS: -D warnings
Build (ubuntu-latest)	UNKNOWN STEP	2026-09-29T12:17:57.0426310Z   CARGO_UNSTABLE_SPARSE_REGISTRY: true
Build (ubuntu-latest)	UNKNOWN STEP	2026-09-29T12:17:57.0426726Z   CARGO_REGISTRIES_CRATES_IO_PROTOCOL: sparse
Build (ubuntu-latest)	UNKNOWN STEP	2026-09-29T12:17:57.0427127Z   _srt_toolchain: 
Build (ubuntu-latest)	UNKNOWN STEP	2026-09-29T12:17:57.0427426Z   _srt_targets: 
Build (ubuntu-latest)	UNKNOWN STEP	2026-09-29T12:17:57.0427724Z   _srt_components: 
Build (ubuntu-latest)	UNKNOWN STEP	2026-09-29T12:17:57.0428026Z   _srt_override: true
Build (ubuntu-latest)	UNKNOWN STEP	2026-09-29T12:17:57.0428329Z   _srt_rust_src_dir: 
Build (ubuntu-latest)	UNKNOWN STEP	2026-09-29T12:17:57.0428638Z ##[endgroup]
Build (ubuntu-latest)	UNKNOWN STEP	2026-09-29T12:17:57.1290054Z stable-x86_64-unknown-linux-gnu (overridden by '/home/runner/work/saksi/saksi/rust-toolchain.toml')
Build (ubuntu-latest)	UNKNOWN STEP	2026-09-29T12:17:57.1326919Z ##[end-action id=__actions-rust-lang_setup-rust-toolchain.__run_5;outcome=success;conclusion=success;duration_ms=101]
Build (ubuntu-latest)	UNKNOWN STEP	2026-09-29T12:17:57.1330458Z ##[start-action display=Print installed versions;id=__actions-rust-lang_setup-rust-toolchain.versions]
Build (ubuntu-latest)	UNKNOWN STEP	2026-09-29T12:17:57.1359347Z ##[group]Run echo "rustc-version=$(rustc --version)" >> $GITHUB_OUTPUT
Build (ubuntu-latest)	UNKNOWN STEP	2026-09-29T12:17:57.1359998Z ^[[36;1mecho "rustc-version=$(rustc --version)" >> $GITHUB_OUTPUT^[[0m
Build (ubuntu-latest)	UNKNOWN STEP	2026-09-29T12:17:57.1360498Z ^[[36;1mrustc --version --verbose^[[0m
Build (ubuntu-latest)	UNKNOWN STEP	2026-09-29T12:17:57.1360961Z ^[[36;1mecho "cargo-version=$(cargo --version)" >> $GITHUB_OUTPUT^[[0m
Build (ubuntu-latest)	UNKNOWN STEP	2026-09-29T12:17:57.1361707Z ^[[36;1mcargo --version --verbose^[[0m
Build (ubuntu-latest)	UNKNOWN STEP	2026-09-29T12:17:57.1362267Z ^[[36;1mecho "rustup-version=$(rustup --version)" >> $GITHUB_OUTPUT^[[0m
Build (ubuntu-latest)	UNKNOWN STEP	2026-09-29T12:17:57.1362751Z ^[[36;1mrustup --version^[[0m
Build (ubuntu-latest)	UNKNOWN STEP	2026-09-29T12:17:57.1363077Z ^[[36;1m^[[0m
Build (ubuntu-latest)	UNKNOWN STEP	2026-09-29T12:17:57.1363635Z ^[[36;1m_srt_DATE=$(rustc --version --verbose | sed -ne 's/^commit-date: \(20[0-9][0-9]\)-\([01][0-9]\)-\([0-3][0-9]\)$/\1\2\3/p')^[[0m
Build (ubuntu-latest)	UNKNOWN STEP	2026-09-29T12:17:57.1364401Z ^[[36;1m_srt_HASH=$(rustc --version --verbose | sed -ne 's/^commit-hash: //p')^[[0m
Build (ubuntu-latest)	UNKNOWN STEP	2026-09-29T12:17:57.1365027Z ^[[36;1mecho "cachekey=$(echo $_srt_DATE$_srt_HASH | head -c12)" >> $GITHUB_OUTPUT^[[0m
Build (ubuntu-latest)	UNKNOWN STEP	2026-09-29T12:17:57.1437180Z shell: /usr/bin/bash --noprofile --norc -e -o pipefail {0}
Build (ubuntu-latest)	UNKNOWN STEP	2026-09-29T12:17:57.1437655Z env:
Build (ubuntu-latest)	UNKNOWN STEP	2026-09-29T12:17:57.1437962Z   CARGO_TERM_COLOR: always
Build (ubuntu-latest)	UNKNOWN STEP	2026-09-29T12:17:57.1438731Z   GO_MODULES: packages/saksi-protocol/go
Build (ubuntu-latest)	UNKNOWN STEP	packages/saksi-bulletin/chaincode
Build (ubuntu-latest)	UNKNOWN STEP	packages/saksi-bulletin/client-sdk
Build (ubuntu-latest)	UNKNOWN STEP	packages/saksi-campaign
Build (ubuntu-latest)	UNKNOWN STEP	
Build (ubuntu-latest)	UNKNOWN STEP	2026-09-29T12:17:57.1439520Z   GOFLAGS: -mod=mod
Build (ubuntu-latest)	UNKNOWN STEP	2026-09-29T12:17:57.1439843Z   CARGO_INCREMENTAL: 0
Build (ubuntu-latest)	UNKNOWN STEP	2026-09-29T12:17:57.1440187Z   CARGO_PROFILE_DEV_DEBUG: 0
Build (ubuntu-latest)	UNKNOWN STEP	2026-09-29T12:17:57.1440554Z   RUST_BACKTRACE: short
Build (ubuntu-latest)	UNKNOWN STEP	2026-09-29T12:17:57.1440881Z   RUSTFLAGS: -D warnings
Build (ubuntu-latest)	UNKNOWN STEP	2026-09-29T12:17:57.1441234Z   CARGO_UNSTABLE_SPARSE_REGISTRY: true
Build (ubuntu-latest)	UNKNOWN STEP	2026-09-29T12:17:57.1441904Z   CARGO_REGISTRIES_CRATES_IO_PROTOCOL: sparse
Build (ubuntu-latest)	UNKNOWN STEP	2026-09-29T12:17:57.1442306Z ##[endgroup]
Build (ubuntu-latest)	UNKNOWN STEP	2026-09-29T12:17:57.3296206Z rustc 1.98.1 (48a229cea 2026-09-01)
Build (ubuntu-latest)	UNKNOWN STEP	2026-09-29T12:17:57.3297406Z binary: rustc
Build (ubuntu-latest)	UNKNOWN STEP	2026-09-29T12:17:57.3298418Z commit-hash: 48a229ceaefd4985c50990b14116b6d856af0985
Build (ubuntu-latest)	UNKNOWN STEP	2026-09-29T12:17:57.3299758Z commit-date: 2026-09-01
Build (ubuntu-latest)	UNKNOWN STEP	2026-09-29T12:17:57.3300761Z host: x86_64-unknown-linux-gnu
Build (ubuntu-latest)	UNKNOWN STEP	2026-09-29T12:17:57.3302273Z release: 1.98.1
Build (ubuntu-latest)	UNKNOWN STEP	2026-09-29T12:17:57.3315826Z LLVM version: 22.1.8
Build (ubuntu-latest)	UNKNOWN STEP	2026-09-29T12:17:57.4466331Z cargo 1.98.1 (797e8a9bc 2026-08-05)
Build (ubuntu-latest)	UNKNOWN STEP	2026-09-29T12:17:57.4467491Z release: 1.98.1
Build (ubuntu-latest)	UNKNOWN STEP	2026-09-29T12:17:57.4468504Z commit-hash: 797e8a9bca276c1c9f9f738d2a20f484fa4eea9d
Build (ubuntu-latest)	UNKNOWN STEP	2026-09-29T12:17:57.4469236Z commit-date: 2026-08-05
Build (ubuntu-latest)	UNKNOWN STEP	2026-09-29T12:17:57.4469738Z host: x86_64-unknown-linux-gnu
Build (ubuntu-latest)	UNKNOWN STEP	2026-09-29T12:17:57.4470260Z libgit2: 1.9.4 (sys:0.21.0 vendored)
Build (ubuntu-latest)	UNKNOWN STEP	2026-09-29T12:17:57.4471033Z libcurl: 8.21.0-DEV (sys:0.4.90+curl-8.21.0 vendored ssl:OpenSSL/3.6.3)
Build (ubuntu-latest)	UNKNOWN STEP	2026-09-29T12:17:57.4472291Z ssl: OpenSSL 3.6.3 9 Jun 2026
Build (ubuntu-latest)	UNKNOWN STEP	2026-09-29T12:17:57.4472850Z os: Ubuntu 24.4.0 (noble) [64-bit]
Build (ubuntu-latest)	UNKNOWN STEP	2026-09-29T12:17:57.4523034Z info: This is the version for the rustup toolchain manager, not the rustc compiler.
Build (ubuntu-latest)	UNKNOWN STEP	2026-09-29T12:17:57.4785976Z info: the currently active `rustc` version is `rustc 1.98.1 (48a229cea 2026-09-01)`
Build (ubuntu-latest)	UNKNOWN STEP	2026-09-29T12:17:57.4827007Z info: This is the version for the rustup toolchain manager, not the rustc compiler.
Build (ubuntu-latest)	UNKNOWN STEP	2026-09-29T12:17:57.4827808Z rustup 1.29.1 (d95a37b6a 2026-08-13)
Build (ubuntu-latest)	UNKNOWN STEP	2026-09-29T12:17:57.5094832Z info: the currently active `rustc` version is `rustc 1.98.1 (48a229cea 2026-09-01)`
Build (ubuntu-latest)	UNKNOWN STEP	2026-09-29T12:17:57.5776632Z ##[end-action id=__actions-rust-lang_setup-rust-toolchain.versions;outcome=success;conclusion=success;duration_ms=444]
Build (ubuntu-latest)	UNKNOWN STEP	2026-09-29T12:17:57.5779604Z ##[start-action display=Downgrade registry access protocol when needed;id=__actions-rust-lang_setup-rust-toolchain.__run_6]
Build (ubuntu-latest)	UNKNOWN STEP	2026-09-29T12:17:57.5803525Z ##[group]Run # Not all versions support setting CARGO_REGISTRIES_CRATES_IO_PROTOCOL
Build (ubuntu-latest)	UNKNOWN STEP	2026-09-29T12:17:57.5804114Z ^[[36;1m# Not all versions support setting CARGO_REGISTRIES_CRATES_IO_PROTOCOL^[[0m
Build (ubuntu-latest)	UNKNOWN STEP	2026-09-29T12:17:57.5804660Z ^[[36;1m# On versions 1.66, 1.67, and 1.68.0-nightly the value "sparse" is still unstable.^[[0m
Build (ubuntu-latest)	UNKNOWN STEP	2026-09-29T12:17:57.5805245Z ^[[36;1m# https://github.com/dtolnay/rust-toolchain/pull/69#discussion_r1107268108^[[0m
Build (ubuntu-latest)	UNKNOWN STEP	2026-09-29T12:17:57.5805844Z ^[[36;1m# If we detect an incompatible value, set it to "git" which is always supported.^[[0m
Build (ubuntu-latest)	UNKNOWN STEP	2026-09-29T12:17:57.5806632Z ^[[36;1mif [[ "rustc 1.98.1 (48a229cea 2026-09-01)" =~ ^rustc\ (1\.6[67]\.|1\.68\.0-nightly) && "${CARGO_REGISTRIES_CRATES_IO_PROTOCOL}" == "sparse" ]]; then^[[0m
Build (ubuntu-latest)	UNKNOWN STEP	2026-09-29T12:17:57.5807297Z ^[[36;1m  echo "Downgrade cargo registry protocol to git"^[[0m
Build (ubuntu-latest)	UNKNOWN STEP	2026-09-29T12:17:57.5807719Z ^[[36;1m  echo "CARGO_REGISTRIES_CRATES_IO_PROTOCOL=git" >> $GITHUB_ENV^[[0m
Build (ubuntu-latest)	UNKNOWN STEP	2026-09-29T12:17:57.5808085Z ^[[36;1mfi^[[0m
Build (ubuntu-latest)	UNKNOWN STEP	2026-09-29T12:17:57.5869607Z shell: /usr/bin/bash --noprofile --norc -e -o pipefail {0}
Build (ubuntu-latest)	UNKNOWN STEP	2026-09-29T12:17:57.5869972Z env:
Build (ubuntu-latest)	UNKNOWN STEP	2026-09-29T12:17:57.5870180Z   CARGO_TERM_COLOR: always
Build (ubuntu-latest)	UNKNOWN STEP	2026-09-29T12:17:57.5870802Z   GO_MODULES: packages/saksi-protocol/go
Build (ubuntu-latest)	UNKNOWN STEP	packages/saksi-bulletin/chaincode
Build (ubuntu-latest)	UNKNOWN STEP	packages/saksi-bulletin/client-sdk
Build (ubuntu-latest)	UNKNOWN STEP	packages/saksi-campaign
Build (ubuntu-latest)	UNKNOWN STEP	
Build (ubuntu-latest)	UNKNOWN STEP	2026-09-29T12:17:57.5871676Z   GOFLAGS: -mod=mod
Build (ubuntu-latest)	UNKNOWN STEP	2026-09-29T12:17:57.5871962Z   CARGO_INCREMENTAL: 0
Build (ubuntu-latest)	UNKNOWN STEP	2026-09-29T12:17:57.5872208Z   CARGO_PROFILE_DEV_DEBUG: 0
Build (ubuntu-latest)	UNKNOWN STEP	2026-09-29T12:17:57.5872458Z   RUST_BACKTRACE: short
Build (ubuntu-latest)	UNKNOWN STEP	2026-09-29T12:17:57.5872701Z   RUSTFLAGS: -D warnings
Build (ubuntu-latest)	UNKNOWN STEP	2026-09-29T12:17:57.5872953Z   CARGO_UNSTABLE_SPARSE_REGISTRY: true
Build (ubuntu-latest)	UNKNOWN STEP	2026-09-29T12:17:57.5873267Z   CARGO_REGISTRIES_CRATES_IO_PROTOCOL: sparse
Build (ubuntu-latest)	UNKNOWN STEP	2026-09-29T12:17:57.5873571Z ##[endgroup]
Build (ubuntu-latest)	UNKNOWN STEP	2026-09-29T12:17:57.5958235Z ##[end-action id=__actions-rust-lang_setup-rust-toolchain.__run_6;outcome=success;conclusion=success;duration_ms=17]
Build (ubuntu-latest)	UNKNOWN STEP	2026-09-29T12:17:57.5960655Z ##[start-action display=Setup Rust Caching;id=__actions-rust-lang_setup-rust-toolchain.__Swatinem_rust-cache]
Build (ubuntu-latest)	UNKNOWN STEP	2026-09-29T12:17:57.6039714Z ##[group]Run Swatinem/rust-cache@c19371144df3bb44fab255c43d04cbc2ab54d1c4
Build (ubuntu-latest)	UNKNOWN STEP	2026-09-29T12:17:57.6040128Z with:
Build (ubuntu-latest)	UNKNOWN STEP	2026-09-29T12:17:57.6040338Z   cache-on-failure: true
Build (ubuntu-latest)	UNKNOWN STEP	2026-09-29T12:17:57.6040582Z   cache-bin: true
Build (ubuntu-latest)	UNKNOWN STEP	2026-09-29T12:17:57.6040800Z   cache-provider: github
Build (ubuntu-latest)	UNKNOWN STEP	2026-09-29T12:17:57.6041039Z   cache-all-crates: false
Build (ubuntu-latest)	UNKNOWN STEP	2026-09-29T12:17:57.6041312Z   cache-workspace-crates: false
Build (ubuntu-latest)	UNKNOWN STEP	2026-09-29T12:17:57.6041918Z   cache-targets: true
Build (ubuntu-latest)	UNKNOWN STEP	2026-09-29T12:17:57.6042139Z   save-if: true
Build (ubuntu-latest)	UNKNOWN STEP	2026-09-29T12:17:57.6042343Z   prefix-key: v0-rust
Build (ubuntu-latest)	UNKNOWN STEP	2026-09-29T12:17:57.6042562Z   add-job-id-key: true
Build (ubuntu-latest)	UNKNOWN STEP	2026-09-29T12:17:57.6042815Z   add-rust-environment-hash-key: true
Build (ubuntu-latest)	UNKNOWN STEP	2026-09-29T12:17:57.6043107Z   lookup-only: false
Build (ubuntu-latest)	UNKNOWN STEP	2026-09-29T12:17:57.6043317Z   cmd-format: {0}
Build (ubuntu-latest)	UNKNOWN STEP	2026-09-29T12:17:57.6043508Z env:
Build (ubuntu-latest)	UNKNOWN STEP	2026-09-29T12:17:57.6043695Z   CARGO_TERM_COLOR: always
Build (ubuntu-latest)	UNKNOWN STEP	2026-09-29T12:17:57.6044283Z   GO_MODULES: packages/saksi-protocol/go
Build (ubuntu-latest)	UNKNOWN STEP	packages/saksi-bulletin/chaincode
Build (ubuntu-latest)	UNKNOWN STEP	packages/saksi-bulletin/client-sdk
Build (ubuntu-latest)	UNKNOWN STEP	packages/saksi-campaign
Build (ubuntu-latest)	UNKNOWN STEP	
Build (ubuntu-latest)	UNKNOWN STEP	2026-09-29T12:17:57.6044906Z   GOFLAGS: -mod=mod
Build (ubuntu-latest)	UNKNOWN STEP	2026-09-29T12:17:57.6045117Z   CARGO_INCREMENTAL: 0
Build (ubuntu-latest)	UNKNOWN STEP	2026-09-29T12:17:57.6045343Z   CARGO_PROFILE_DEV_DEBUG: 0
Build (ubuntu-latest)	UNKNOWN STEP	2026-09-29T12:17:57.6045579Z   RUST_BACKTRACE: short
Build (ubuntu-latest)	UNKNOWN STEP	2026-09-29T12:17:57.6045798Z   RUSTFLAGS: -D warnings
Build (ubuntu-latest)	UNKNOWN STEP	2026-09-29T12:17:57.6046060Z   CARGO_UNSTABLE_SPARSE_REGISTRY: true
Build (ubuntu-latest)	UNKNOWN STEP	2026-09-29T12:17:57.6046549Z   CARGO_REGISTRIES_CRATES_IO_PROTOCOL: sparse
Build (ubuntu-latest)	UNKNOWN STEP	2026-09-29T12:17:57.6046832Z ##[endgroup]
Build (ubuntu-latest)	UNKNOWN STEP	2026-09-29T12:17:57.8797266Z (node:2316) [DEP0040] DeprecationWarning: The `punycode` module is deprecated. Please use a userland alternative instead.
Build (ubuntu-latest)	UNKNOWN STEP	2026-09-29T12:17:57.8798651Z (Use `node --trace-deprecation ...` to show where the warning was created)
Build (ubuntu-latest)	UNKNOWN STEP	2026-09-29T12:17:58.2572660Z ##[group]Cache Configuration
Build (ubuntu-latest)	UNKNOWN STEP	2026-09-29T12:17:58.2573441Z Cache Provider:
Build (ubuntu-latest)	UNKNOWN STEP	2026-09-29T12:17:58.2574992Z     github
Build (ubuntu-latest)	UNKNOWN STEP	2026-09-29T12:17:58.2575624Z Workspaces:
Build (ubuntu-latest)	UNKNOWN STEP	2026-09-29T12:17:58.2576290Z     /home/runner/work/saksi/saksi
Build (ubuntu-latest)	UNKNOWN STEP	2026-09-29T12:17:58.2577054Z Cache Paths:
Build (ubuntu-latest)	UNKNOWN STEP	2026-09-29T12:17:58.2577698Z     /home/runner/.cargo/bin
Build (ubuntu-latest)	UNKNOWN STEP	2026-09-29T12:17:58.2578375Z     /home/runner/.cargo/.crates.toml
Build (ubuntu-latest)	UNKNOWN STEP	2026-09-29T12:17:58.2579158Z     /home/runner/.cargo/.crates2.json
Build (ubuntu-latest)	UNKNOWN STEP	2026-09-29T12:17:58.2580065Z     /home/runner/.cargo/registry
Build (ubuntu-latest)	UNKNOWN STEP	2026-09-29T12:17:58.2580854Z     /home/runner/.cargo/git
Build (ubuntu-latest)	UNKNOWN STEP	2026-09-29T12:17:58.2581872Z     /home/runner/work/saksi/saksi/target
Build (ubuntu-latest)	UNKNOWN STEP	2026-09-29T12:17:58.2582834Z Restore Key:
Build (ubuntu-latest)	UNKNOWN STEP	2026-09-29T12:17:58.2583530Z     v0-rust-build-Linux-x64-09ed3713
Build (ubuntu-latest)	UNKNOWN STEP	2026-09-29T12:17:58.2584337Z Cache Key:
Build (ubuntu-latest)	UNKNOWN STEP	2026-09-29T12:17:58.2585038Z     v0-rust-build-Linux-x64-09ed3713-0f869fc1
Build (ubuntu-latest)	UNKNOWN STEP	2026-09-29T12:17:58.2585698Z .. Prefix:
Build (ubuntu-latest)	UNKNOWN STEP	2026-09-29T12:17:58.2586219Z   - v0-rust-build-Linux-x64
Build (ubuntu-latest)	UNKNOWN STEP	2026-09-29T12:17:58.2586823Z .. Environment considered:
Build (ubuntu-latest)	UNKNOWN STEP	2026-09-29T12:17:58.2587510Z   - Rust Versions:
Build (ubuntu-latest)	UNKNOWN STEP	2026-09-29T12:17:58.2588409Z     - 1.98.1 x86_64-unknown-linux-gnu 48a229ceaefd4985c50990b14116b6d856af0985
Build (ubuntu-latest)	UNKNOWN STEP	2026-09-29T12:17:58.2589671Z     - 1.98.1 x86_64-unknown-linux-gnu 48a229ceaefd4985c50990b14116b6d856af0985
Build (ubuntu-latest)	UNKNOWN STEP	2026-09-29T12:17:58.2590679Z   - CARGO_INCREMENTAL
Build (ubuntu-latest)	UNKNOWN STEP	2026-09-29T12:17:58.2591877Z   - CARGO_PROFILE_DEV_DEBUG
Build (ubuntu-latest)	UNKNOWN STEP	2026-09-29T12:17:58.2592567Z   - CARGO_REGISTRIES_CRATES_IO_PROTOCOL
Build (ubuntu-latest)	UNKNOWN STEP	2026-09-29T12:17:58.2593145Z   - CARGO_TERM_COLOR
Build (ubuntu-latest)	UNKNOWN STEP	2026-09-29T12:17:58.2593633Z   - CARGO_UNSTABLE_SPARSE_REGISTRY
Build (ubuntu-latest)	UNKNOWN STEP	2026-09-29T12:17:58.2594141Z   - RUST_BACKTRACE
Build (ubuntu-latest)	UNKNOWN STEP	2026-09-29T12:17:58.2594552Z   - RUSTFLAGS
Build (ubuntu-latest)	UNKNOWN STEP	2026-09-29T12:17:58.2595005Z .. Lockfiles considered:
Build (ubuntu-latest)	UNKNOWN STEP	2026-09-29T12:17:58.2595577Z   - /home/runner/work/saksi/saksi/Cargo.lock
Build (ubuntu-latest)	UNKNOWN STEP	2026-09-29T12:17:58.2596350Z   - /home/runner/work/saksi/saksi/packages/saksi-auditor/Cargo.toml
Build (ubuntu-latest)	UNKNOWN STEP	2026-09-29T12:17:58.2597264Z   - /home/runner/work/saksi/saksi/packages/saksi-credentials/Cargo.toml
Build (ubuntu-latest)	UNKNOWN STEP	2026-09-29T12:17:58.2598185Z   - /home/runner/work/saksi/saksi/packages/saksi-crypto/Cargo.toml
Build (ubuntu-latest)	UNKNOWN STEP	2026-09-29T12:17:58.2599059Z   - /home/runner/work/saksi/saksi/packages/saksi-demo/Cargo.toml
Build (ubuntu-latest)	UNKNOWN STEP	2026-09-29T12:17:58.2599944Z   - /home/runner/work/saksi/saksi/packages/saksi-ffi-flutter/Cargo.toml
Build (ubuntu-latest)	UNKNOWN STEP	2026-09-29T12:17:58.2600891Z   - /home/runner/work/saksi/saksi/packages/saksi-ffi-tauri/Cargo.toml
Build (ubuntu-latest)	UNKNOWN STEP	2026-09-29T12:17:58.2602185Z   - /home/runner/work/saksi/saksi/packages/saksi-protocol/rust/Cargo.toml
Build (ubuntu-latest)	UNKNOWN STEP	2026-09-29T12:17:58.2603074Z   - /home/runner/work/saksi/saksi/rust-toolchain.toml
Build (ubuntu-latest)	UNKNOWN STEP	2026-09-29T12:17:58.2604019Z ##[endgroup]
Build (ubuntu-latest)	UNKNOWN STEP	2026-09-29T12:17:58.2604269Z 
Build (ubuntu-latest)	UNKNOWN STEP	2026-09-29T12:17:58.2604447Z ... Restoring cache ...
Build (ubuntu-latest)	UNKNOWN STEP	2026-09-29T12:17:58.3810505Z Cache hit for: v0-rust-build-Linux-x64-09ed3713-0f869fc1
Build (ubuntu-latest)	UNKNOWN STEP	2026-09-29T12:17:58.6058566Z Received 1462 of 1462 (100.0%), 0.0 MBs/sec
Build (ubuntu-latest)	UNKNOWN STEP	2026-09-29T12:17:58.6059238Z Cache Size: ~0 MB (1462 B)
Build (ubuntu-latest)	UNKNOWN STEP	2026-09-29T12:17:58.6089470Z [command]/usr/bin/tar -xf /home/runner/work/_temp/7afedf40-9ebe-4dd2-8257-b2e230ff40c5/cache.tzst -P -C /home/runner/work/saksi/saksi --use-compress-program unzstd
Build (ubuntu-latest)	UNKNOWN STEP	2026-09-29T12:17:58.6171777Z Cache restored successfully
Build (ubuntu-latest)	UNKNOWN STEP	2026-09-29T12:17:58.6174610Z Restored from cache key "v0-rust-build-Linux-x64-09ed3713-0f869fc1" full match: true.
Build (ubuntu-latest)	UNKNOWN STEP	2026-09-29T12:17:58.6292122Z ##[end-action id=__actions-rust-lang_setup-rust-toolchain.__Swatinem_rust-cache;outcome=success;conclusion=success;duration_ms=1033]
Build (ubuntu-latest)	UNKNOWN STEP	2026-09-29T12:17:58.6387994Z ##[group]Run Swatinem/rust-cache@v2
Build (ubuntu-latest)	UNKNOWN STEP	2026-09-29T12:17:58.6388439Z with:
Build (ubuntu-latest)	UNKNOWN STEP	2026-09-29T12:17:58.6388841Z   prefix-key: v0-rust
Build (ubuntu-latest)	UNKNOWN STEP	2026-09-29T12:17:58.6389172Z   add-job-id-key: true
Build (ubuntu-latest)	UNKNOWN STEP	2026-09-29T12:17:58.6389546Z   add-rust-environment-hash-key: true
Build (ubuntu-latest)	UNKNOWN STEP	2026-09-29T12:17:58.6390142Z   cache-targets: true
Build (ubuntu-latest)	UNKNOWN STEP	2026-09-29T12:17:58.6406439Z   cache-all-crates: false
Build (ubuntu-latest)	UNKNOWN STEP	2026-09-29T12:17:58.6406761Z   cache-workspace-crates: false
Build (ubuntu-latest)	UNKNOWN STEP	2026-09-29T12:17:58.6407059Z   save-if: true
Build (ubuntu-latest)	UNKNOWN STEP	2026-09-29T12:17:58.6407304Z   cache-provider: github
Build (ubuntu-latest)	UNKNOWN STEP	2026-09-29T12:17:58.6407576Z   cache-bin: true
Build (ubuntu-latest)	UNKNOWN STEP	2026-09-29T12:17:58.6407790Z   lookup-only: false
Build (ubuntu-latest)	UNKNOWN STEP	2026-09-29T12:17:58.6408018Z   cmd-format: {0}
Build (ubuntu-latest)	UNKNOWN STEP	2026-09-29T12:17:58.6408237Z env:
Build (ubuntu-latest)	UNKNOWN STEP	2026-09-29T12:17:58.6408436Z   CARGO_TERM_COLOR: always
Build (ubuntu-latest)	UNKNOWN STEP	2026-09-29T12:17:58.6409036Z   GO_MODULES: packages/saksi-protocol/go
Build (ubuntu-latest)	UNKNOWN STEP	packages/saksi-bulletin/chaincode
Build (ubuntu-latest)	UNKNOWN STEP	packages/saksi-bulletin/client-sdk
Build (ubuntu-latest)	UNKNOWN STEP	packages/saksi-campaign
Build (ubuntu-latest)	UNKNOWN STEP	
Build (ubuntu-latest)	UNKNOWN STEP	2026-09-29T12:17:58.6409684Z   GOFLAGS: -mod=mod
Build (ubuntu-latest)	UNKNOWN STEP	2026-09-29T12:17:58.6409945Z   CARGO_INCREMENTAL: 0
Build (ubuntu-latest)	UNKNOWN STEP	2026-09-29T12:17:58.6410186Z   CARGO_PROFILE_DEV_DEBUG: 0
Build (ubuntu-latest)	UNKNOWN STEP	2026-09-29T12:17:58.6410433Z   RUST_BACKTRACE: short
Build (ubuntu-latest)	UNKNOWN STEP	2026-09-29T12:17:58.6410667Z   RUSTFLAGS: -D warnings
Build (ubuntu-latest)	UNKNOWN STEP	2026-09-29T12:17:58.6410921Z   CARGO_UNSTABLE_SPARSE_REGISTRY: true
Build (ubuntu-latest)	UNKNOWN STEP	2026-09-29T12:17:58.6411223Z   CARGO_REGISTRIES_CRATES_IO_PROTOCOL: sparse
Build (ubuntu-latest)	UNKNOWN STEP	2026-09-29T12:17:58.6411767Z   CACHE_ON_FAILURE: true
Build (ubuntu-latest)	UNKNOWN STEP	2026-09-29T12:17:58.6412126Z ##[endgroup]
Build (ubuntu-latest)	UNKNOWN STEP	2026-09-29T12:17:59.0126551Z ##[group]Cache Configuration
Build (ubuntu-latest)	UNKNOWN STEP	2026-09-29T12:17:59.0127219Z Cache Provider:
Build (ubuntu-latest)	UNKNOWN STEP	2026-09-29T12:17:59.0127638Z     github
Build (ubuntu-latest)	UNKNOWN STEP	2026-09-29T12:17:59.0128024Z Workspaces:
Build (ubuntu-latest)	UNKNOWN STEP	2026-09-29T12:17:59.0128458Z     /home/runner/work/saksi/saksi
Build (ubuntu-latest)	UNKNOWN STEP	2026-09-29T12:17:59.0128829Z Cache Paths:
Build (ubuntu-latest)	UNKNOWN STEP	2026-09-29T12:17:59.0129157Z     /home/runner/.cargo/bin
Build (ubuntu-latest)	UNKNOWN STEP	2026-09-29T12:17:59.0129425Z     /home/runner/.cargo/.crates.toml
Build (ubuntu-latest)	UNKNOWN STEP	2026-09-29T12:17:59.0129726Z     /home/runner/.cargo/.crates2.json
Build (ubuntu-latest)	UNKNOWN STEP	2026-09-29T12:17:59.0130008Z     /home/runner/.cargo/registry
Build (ubuntu-latest)	UNKNOWN STEP	2026-09-29T12:17:59.0130307Z     /home/runner/.cargo/git
Build (ubuntu-latest)	UNKNOWN STEP	2026-09-29T12:17:59.0130617Z     /home/runner/work/saksi/saksi/target
Build (ubuntu-latest)	UNKNOWN STEP	2026-09-29T12:17:59.0130923Z Restore Key:
Build (ubuntu-latest)	UNKNOWN STEP	2026-09-29T12:17:59.0131235Z     v0-rust-build-Linux-x64-946d4161
Build (ubuntu-latest)	UNKNOWN STEP	2026-09-29T12:17:59.0131891Z Cache Key:
Build (ubuntu-latest)	UNKNOWN STEP	2026-09-29T12:17:59.0132142Z     v0-rust-build-Linux-x64-946d4161-0f869fc1
Build (ubuntu-latest)	UNKNOWN STEP	2026-09-29T12:17:59.0132474Z .. Prefix:
Build (ubuntu-latest)	UNKNOWN STEP	2026-09-29T12:17:59.0132691Z   - v0-rust-build-Linux-x64
Build (ubuntu-latest)	UNKNOWN STEP	2026-09-29T12:17:59.0132956Z .. Environment considered:
Build (ubuntu-latest)	UNKNOWN STEP	2026-09-29T12:17:59.0133204Z   - Rust Versions:
Build (ubuntu-latest)	UNKNOWN STEP	2026-09-29T12:17:59.0133541Z     - 1.98.1 x86_64-unknown-linux-gnu 48a229ceaefd4985c50990b14116b6d856af0985
Build (ubuntu-latest)	UNKNOWN STEP	2026-09-29T12:17:59.0133935Z   - CARGO_INCREMENTAL
Build (ubuntu-latest)	UNKNOWN STEP	2026-09-29T12:17:59.0134167Z   - CARGO_PROFILE_DEV_DEBUG
Build (ubuntu-latest)	UNKNOWN STEP	2026-09-29T12:17:59.0134423Z   - CARGO_REGISTRIES_CRATES_IO_PROTOCOL
Build (ubuntu-latest)	UNKNOWN STEP	2026-09-29T12:17:59.0134894Z   - CARGO_TERM_COLOR
Build (ubuntu-latest)	UNKNOWN STEP	2026-09-29T12:17:59.0135156Z   - CARGO_UNSTABLE_SPARSE_REGISTRY
Build (ubuntu-latest)	UNKNOWN STEP	2026-09-29T12:17:59.0135441Z   - RUST_BACKTRACE
Build (ubuntu-latest)	UNKNOWN STEP	2026-09-29T12:17:59.0135651Z   - RUSTFLAGS
Build (ubuntu-latest)	UNKNOWN STEP	2026-09-29T12:17:59.0135864Z .. Lockfiles considered:
Build (ubuntu-latest)	UNKNOWN STEP	2026-09-29T12:17:59.0136131Z   - /home/runner/work/saksi/saksi/Cargo.lock
Build (ubuntu-latest)	UNKNOWN STEP	2026-09-29T12:17:59.0136536Z   - /home/runner/work/saksi/saksi/packages/saksi-auditor/Cargo.toml
Build (ubuntu-latest)	UNKNOWN STEP	2026-09-29T12:17:59.0137014Z   - /home/runner/work/saksi/saksi/packages/saksi-credentials/Cargo.toml
Build (ubuntu-latest)	UNKNOWN STEP	2026-09-29T12:17:59.0137484Z   - /home/runner/work/saksi/saksi/packages/saksi-crypto/Cargo.toml
Build (ubuntu-latest)	UNKNOWN STEP	2026-09-29T12:17:59.0137924Z   - /home/runner/work/saksi/saksi/packages/saksi-demo/Cargo.toml
Build (ubuntu-latest)	UNKNOWN STEP	2026-09-29T12:17:59.0138377Z   - /home/runner/work/saksi/saksi/packages/saksi-ffi-flutter/Cargo.toml
Build (ubuntu-latest)	UNKNOWN STEP	2026-09-29T12:17:59.0138843Z   - /home/runner/work/saksi/saksi/packages/saksi-ffi-tauri/Cargo.toml
Build (ubuntu-latest)	UNKNOWN STEP	2026-09-29T12:17:59.0139316Z   - /home/runner/work/saksi/saksi/packages/saksi-protocol/rust/Cargo.toml
Build (ubuntu-latest)	UNKNOWN STEP	2026-09-29T12:17:59.0139751Z   - /home/runner/work/saksi/saksi/rust-toolchain.toml
Build (ubuntu-latest)	UNKNOWN STEP	2026-09-29T12:17:59.0140258Z ##[endgroup]
Build (ubuntu-latest)	UNKNOWN STEP	2026-09-29T12:17:59.0140379Z 
Build (ubuntu-latest)	UNKNOWN STEP	2026-09-29T12:17:59.0140485Z ... Restoring cache ...
Build (ubuntu-latest)	UNKNOWN STEP	2026-09-29T12:17:59.1161887Z Cache hit for: v0-rust-build-Linux-x64-946d4161-0f869fc1
Build (ubuntu-latest)	UNKNOWN STEP	2026-09-29T12:18:00.2226383Z Received 94554791 of 98749095 (95.8%), 90.2 MBs/sec
Build (ubuntu-latest)	UNKNOWN STEP	2026-09-29T12:18:01.2233771Z Received 94554791 of 98749095 (95.8%), 45.1 MBs/sec
Build (ubuntu-latest)	UNKNOWN STEP	2026-09-29T12:18:01.8792826Z Received 98749095 of 98749095 (100.0%), 35.5 MBs/sec
Build (ubuntu-latest)	UNKNOWN STEP	2026-09-29T12:18:01.8839647Z Cache Size: ~94 MB (98749095 B)
Build (ubuntu-latest)	UNKNOWN STEP	2026-09-29T12:18:01.8889288Z [command]/usr/bin/tar -xf /home/runner/work/_temp/6abcf7d8-2fc1-4333-abe3-38f55550b1fd/cache.tzst -P -C /home/runner/work/saksi/saksi --use-compress-program unzstd
Build (ubuntu-latest)	UNKNOWN STEP	2026-09-29T12:18:02.3195676Z Cache restored successfully
Build (ubuntu-latest)	UNKNOWN STEP	2026-09-29T12:18:02.3240343Z Restored from cache key "v0-rust-build-Linux-x64-946d4161-0f869fc1" full match: true.
Build (ubuntu-latest)	UNKNOWN STEP	2026-09-29T12:18:02.3355812Z ##[group]Run cargo build --workspace --release
Build (ubuntu-latest)	UNKNOWN STEP	2026-09-29T12:18:02.3356234Z ^[[36;1mcargo build --workspace --release^[[0m
Build (ubuntu-latest)	UNKNOWN STEP	2026-09-29T12:18:02.3420124Z shell: /usr/bin/bash -e {0}
Build (ubuntu-latest)	UNKNOWN STEP	2026-09-29T12:18:02.3420396Z env:
Build (ubuntu-latest)	UNKNOWN STEP	2026-09-29T12:18:02.3420615Z   CARGO_TERM_COLOR: always
Build (ubuntu-latest)	UNKNOWN STEP	2026-09-29T12:18:02.3421235Z   GO_MODULES: packages/saksi-protocol/go
Build (ubuntu-latest)	UNKNOWN STEP	packages/saksi-bulletin/chaincode
Build (ubuntu-latest)	UNKNOWN STEP	packages/saksi-bulletin/client-sdk
Build (ubuntu-latest)	UNKNOWN STEP	packages/saksi-campaign
Build (ubuntu-latest)	UNKNOWN STEP	
Build (ubuntu-latest)	UNKNOWN STEP	2026-09-29T12:18:02.3422123Z   GOFLAGS: -mod=mod
Build (ubuntu-latest)	UNKNOWN STEP	2026-09-29T12:18:02.3422358Z   CARGO_INCREMENTAL: 0
Build (ubuntu-latest)	UNKNOWN STEP	2026-09-29T12:18:02.3422633Z   CARGO_PROFILE_DEV_DEBUG: 0
Build (ubuntu-latest)	UNKNOWN STEP	2026-09-29T12:18:02.3422903Z   RUST_BACKTRACE: short
Build (ubuntu-latest)	UNKNOWN STEP	2026-09-29T12:18:02.3423149Z   RUSTFLAGS: -D warnings
Build (ubuntu-latest)	UNKNOWN STEP	2026-09-29T12:18:02.3423410Z   CARGO_UNSTABLE_SPARSE_REGISTRY: true
Build (ubuntu-latest)	UNKNOWN STEP	2026-09-29T12:18:02.3423741Z   CARGO_REGISTRIES_CRATES_IO_PROTOCOL: sparse
Build (ubuntu-latest)	UNKNOWN STEP	2026-09-29T12:18:02.3424053Z   CACHE_ON_FAILURE: false
Build (ubuntu-latest)	UNKNOWN STEP	2026-09-29T12:18:02.3424299Z ##[endgroup]
Build (ubuntu-latest)	UNKNOWN STEP	2026-09-29T12:18:02.8198075Z ^[[1m^[[92m    Updating^[[0m crates.io index
Build (ubuntu-latest)	UNKNOWN STEP	2026-09-29T12:18:03.8969188Z ^[[1m^[[92m   Compiling^[[0m saksi-protocol v0.0.0 (/home/runner/work/saksi/saksi/packages/saksi-protocol/rust)
Build (ubuntu-latest)	UNKNOWN STEP	2026-09-29T12:18:12.9801777Z ^[[1m^[[92m   Compiling^[[0m saksi-crypto v0.0.0 (/home/runner/work/saksi/saksi/packages/saksi-crypto)
Build (ubuntu-latest)	UNKNOWN STEP	2026-09-29T12:18:13.3095951Z ^[[1m^[[92m   Compiling^[[0m saksi-credentials v0.0.0 (/home/runner/work/saksi/saksi/packages/saksi-credentials)
Build (ubuntu-latest)	UNKNOWN STEP	2026-09-29T12:18:13.4373693Z ^[[1m^[[92m   Compiling^[[0m saksi-auditor v0.0.0 (/home/runner/work/saksi/saksi/packages/saksi-auditor)
Build (ubuntu-latest)	UNKNOWN STEP	2026-09-29T12:18:13.4942061Z ^[[1m^[[92m   Compiling^[[0m saksi-ffi-tauri v0.0.0 (/home/runner/work/saksi/saksi/packages/saksi-ffi-tauri)
Build (ubuntu-latest)	UNKNOWN STEP	2026-09-29T12:18:13.9850861Z ^[[1m^[[92m   Compiling^[[0m saksi-ffi-flutter v0.0.0 (/home/runner/work/saksi/saksi/packages/saksi-ffi-flutter)
Build (ubuntu-latest)	UNKNOWN STEP	2026-09-29T12:18:17.9162992Z ^[[1m^[[92m   Compiling^[[0m saksi-demo v0.0.0 (/home/runner/work/saksi/saksi/packages/saksi-demo)
Build (ubuntu-latest)	UNKNOWN STEP	2026-09-29T12:18:18.2909779Z ^[[1m^[[92m    Finished^[[0m `release` profile [optimized] target(s) in 15.91s
Build (ubuntu-latest)	UNKNOWN STEP	2026-09-29T12:18:18.3192053Z ##[group]Run actions/setup-go@v5
Build (ubuntu-latest)	UNKNOWN STEP	2026-09-29T12:18:18.3192376Z with:
Build (ubuntu-latest)	UNKNOWN STEP	2026-09-29T12:18:18.3192587Z   go-version: 1.25
Build (ubuntu-latest)	UNKNOWN STEP	2026-09-29T12:18:18.3192816Z   cache: true
Build (ubuntu-latest)	UNKNOWN STEP	2026-09-29T12:18:18.3193397Z   cache-dependency-path: packages/saksi-protocol/go/go.mod
Build (ubuntu-latest)	UNKNOWN STEP	packages/saksi-bulletin/chaincode/go.mod
Build (ubuntu-latest)	UNKNOWN STEP	packages/saksi-bulletin/client-sdk/go.mod
Build (ubuntu-latest)	UNKNOWN STEP	
Build (ubuntu-latest)	UNKNOWN STEP	2026-09-29T12:18:18.3194043Z   check-latest: false
Build (ubuntu-latest)	UNKNOWN STEP	2026-09-29T12:18:18.3196426Z   token: ***
Build (ubuntu-latest)	UNKNOWN STEP	2026-09-29T12:18:18.3196646Z env:
Build (ubuntu-latest)	UNKNOWN STEP	2026-09-29T12:18:18.3196843Z   CARGO_TERM_COLOR: always
Build (ubuntu-latest)	UNKNOWN STEP	2026-09-29T12:18:18.3197467Z   GO_MODULES: packages/saksi-protocol/go
Build (ubuntu-latest)	UNKNOWN STEP	packages/saksi-bulletin/chaincode
Build (ubuntu-latest)	UNKNOWN STEP	packages/saksi-bulletin/client-sdk
Build (ubuntu-latest)	UNKNOWN STEP	packages/saksi-campaign
Build (ubuntu-latest)	UNKNOWN STEP	
Build (ubuntu-latest)	UNKNOWN STEP	2026-09-29T12:18:18.3198080Z   GOFLAGS: -mod=mod
Build (ubuntu-latest)	UNKNOWN STEP	2026-09-29T12:18:18.3198303Z   CARGO_INCREMENTAL: 0
Build (ubuntu-latest)	UNKNOWN STEP	2026-09-29T12:18:18.3198545Z   CARGO_PROFILE_DEV_DEBUG: 0
Build (ubuntu-latest)	UNKNOWN STEP	2026-09-29T12:18:18.3198793Z   RUST_BACKTRACE: short
Build (ubuntu-latest)	UNKNOWN STEP	2026-09-29T12:18:18.3199026Z   RUSTFLAGS: -D warnings
Build (ubuntu-latest)	UNKNOWN STEP	2026-09-29T12:18:18.3199312Z   CARGO_UNSTABLE_SPARSE_REGISTRY: true
Build (ubuntu-latest)	UNKNOWN STEP	2026-09-29T12:18:18.3199619Z   CARGO_REGISTRIES_CRATES_IO_PROTOCOL: sparse
Build (ubuntu-latest)	UNKNOWN STEP	2026-09-29T12:18:18.3199918Z   CACHE_ON_FAILURE: false
Build (ubuntu-latest)	UNKNOWN STEP	2026-09-29T12:18:18.3200158Z ##[endgroup]
Build (ubuntu-latest)	UNKNOWN STEP	2026-09-29T12:18:18.4514000Z Setup go version spec 1.25
Build (ubuntu-latest)	UNKNOWN STEP	2026-09-29T12:18:18.4573389Z Found in cache @ /opt/hostedtoolcache/go/1.25.14/x64
Build (ubuntu-latest)	UNKNOWN STEP	2026-09-29T12:18:18.4575343Z (node:2598) [DEP0040] DeprecationWarning: The `punycode` module is deprecated. Please use a userland alternative instead.
Build (ubuntu-latest)	UNKNOWN STEP	2026-09-29T12:18:18.4576331Z (Use `node --trace-deprecation ...` to show where the warning was created)
Build (ubuntu-latest)	UNKNOWN STEP	2026-09-29T12:18:18.4578135Z Added go to the path
Build (ubuntu-latest)	UNKNOWN STEP	2026-09-29T12:18:18.4582119Z Successfully set up Go version 1.25
Build (ubuntu-latest)	UNKNOWN STEP	2026-09-29T12:18:19.1609547Z [command]/opt/hostedtoolcache/go/1.25.14/x64/bin/go env GOMODCACHE
Build (ubuntu-latest)	UNKNOWN STEP	2026-09-29T12:18:19.1646277Z [command]/opt/hostedtoolcache/go/1.25.14/x64/bin/go env GOCACHE
Build (ubuntu-latest)	UNKNOWN STEP	2026-09-29T12:18:19.1709233Z /home/runner/go/pkg/mod
Build (ubuntu-latest)	UNKNOWN STEP	2026-09-29T12:18:19.1722217Z /home/runner/.cache/go-build
Build (ubuntu-latest)	UNKNOWN STEP	2026-09-29T12:18:19.2947130Z Cache hit for: setup-go-Linux-x64-ubuntu24-go-1.25.14-61bbf44200ea51c97db44eef9d5fd9d32d6f41e109b84a02d8ea08dac29e82dd
Build (ubuntu-latest)	UNKNOWN STEP	2026-09-29T12:18:19.3052687Z (node:2598) [DEP0169] DeprecationWarning: `url.parse()` behavior is not standardized and prone to errors that have security implications. Use the WHATWG URL API instead. CVEs are not issued for `url.parse()` vulnerabilities.
Build (ubuntu-latest)	UNKNOWN STEP	2026-09-29T12:18:20.4204283Z Received 130023424 of 204919207 (63.5%), 123.9 MBs/sec
Build (ubuntu-latest)	UNKNOWN STEP	2026-09-29T12:18:20.8880074Z Received 204919207 of 204919207 (100.0%), 133.1 MBs/sec
Build (ubuntu-latest)	UNKNOWN STEP	2026-09-29T12:18:20.8881209Z Cache Size: ~195 MB (204919207 B)
Build (ubuntu-latest)	UNKNOWN STEP	2026-09-29T12:18:20.8919303Z [command]/usr/bin/tar -xf /home/runner/work/_temp/481f8b9c-787b-44c5-94ac-c17a9e27fe1d/cache.tzst -P -C /home/runner/work/saksi/saksi --use-compress-program unzstd
Build (ubuntu-latest)	UNKNOWN STEP	2026-09-29T12:18:22.5079631Z Cache restored successfully
Build (ubuntu-latest)	UNKNOWN STEP	2026-09-29T12:18:22.5190670Z Cache restored from key: setup-go-Linux-x64-ubuntu24-go-1.25.14-61bbf44200ea51c97db44eef9d5fd9d32d6f41e109b84a02d8ea08dac29e82dd
Build (ubuntu-latest)	UNKNOWN STEP	2026-09-29T12:18:22.5205830Z go version go1.25.14 linux/amd64
Build (ubuntu-latest)	UNKNOWN STEP	2026-09-29T12:18:22.5206413Z 
Build (ubuntu-latest)	UNKNOWN STEP	2026-09-29T12:18:22.5207099Z ##[group]go env
Build (ubuntu-latest)	UNKNOWN STEP	2026-09-29T12:18:22.5586439Z AR='ar'
Build (ubuntu-latest)	UNKNOWN STEP	2026-09-29T12:18:22.5586733Z CC='gcc'
Build (ubuntu-latest)	UNKNOWN STEP	2026-09-29T12:18:22.5586992Z CGO_CFLAGS='-O2 -g'
Build (ubuntu-latest)	UNKNOWN STEP	2026-09-29T12:18:22.5587276Z CGO_CPPFLAGS=''
Build (ubuntu-latest)	UNKNOWN STEP	2026-09-29T12:18:22.5587556Z CGO_CXXFLAGS='-O2 -g'
Build (ubuntu-latest)	UNKNOWN STEP	2026-09-29T12:18:22.5587832Z CGO_ENABLED='1'
Build (ubuntu-latest)	UNKNOWN STEP	2026-09-29T12:18:22.5588075Z CGO_FFLAGS='-O2 -g'
Build (ubuntu-latest)	UNKNOWN STEP	2026-09-29T12:18:22.5588333Z CGO_LDFLAGS='-O2 -g'
Build (ubuntu-latest)	UNKNOWN STEP	2026-09-29T12:18:22.5588578Z CXX='g++'
Build (ubuntu-latest)	UNKNOWN STEP	2026-09-29T12:18:22.5588837Z GCCGO='gccgo'
Build (ubuntu-latest)	UNKNOWN STEP	2026-09-29T12:18:22.5589067Z GO111MODULE=''
Build (ubuntu-latest)	UNKNOWN STEP	2026-09-29T12:18:22.5589295Z GOAMD64='v1'
Build (ubuntu-latest)	UNKNOWN STEP	2026-09-29T12:18:22.5589520Z GOARCH='amd64'
Build (ubuntu-latest)	UNKNOWN STEP	2026-09-29T12:18:22.5589739Z GOAUTH='netrc'
Build (ubuntu-latest)	UNKNOWN STEP	2026-09-29T12:18:22.5589956Z GOBIN=''
Build (ubuntu-latest)	UNKNOWN STEP	2026-09-29T12:18:22.5590211Z GOCACHE='/home/runner/.cache/go-build'
Build (ubuntu-latest)	UNKNOWN STEP	2026-09-29T12:18:22.5590535Z GOCACHEPROG=''
Build (ubuntu-latest)	UNKNOWN STEP	2026-09-29T12:18:22.5590757Z GODEBUG=''
Build (ubuntu-latest)	UNKNOWN STEP	2026-09-29T12:18:22.5591000Z GOENV='/home/runner/.config/go/env'
Build (ubuntu-latest)	UNKNOWN STEP	2026-09-29T12:18:22.5591849Z GOEXE=''
Build (ubuntu-latest)	UNKNOWN STEP	2026-09-29T12:18:22.5592297Z GOEXPERIMENT=''
Build (ubuntu-latest)	UNKNOWN STEP	2026-09-29T12:18:22.5592711Z GOFIPS140='off'
Build (ubuntu-latest)	UNKNOWN STEP	2026-09-29T12:18:22.5593120Z GOFLAGS='-mod=mod'
Build (ubuntu-latest)	UNKNOWN STEP	2026-09-29T12:18:22.5594333Z GOGCCFLAGS='-fPIC -m64 -pthread -Wl,--no-gc-sections -fmessage-length=0 -ffile-prefix-map=/tmp/go-build4134275260=/tmp/go-build -gno-record-gcc-switches'
Build (ubuntu-latest)	UNKNOWN STEP	2026-09-29T12:18:22.5595546Z GOHOSTARCH='amd64'
Build (ubuntu-latest)	UNKNOWN STEP	2026-09-29T12:18:22.5595933Z GOHOSTOS='linux'
Build (ubuntu-latest)	UNKNOWN STEP	2026-09-29T12:18:22.5596318Z GOINSECURE=''
Build (ubuntu-latest)	UNKNOWN STEP	2026-09-29T12:18:22.5596585Z GOMOD='/dev/null'
Build (ubuntu-latest)	UNKNOWN STEP	2026-09-29T12:18:22.5596855Z GOMODCACHE='/home/runner/go/pkg/mod'
Build (ubuntu-latest)	UNKNOWN STEP	2026-09-29T12:18:22.5597168Z GONOPROXY=''
Build (ubuntu-latest)	UNKNOWN STEP	2026-09-29T12:18:22.5597418Z GONOSUMDB=''
Build (ubuntu-latest)	UNKNOWN STEP	2026-09-29T12:18:22.5597646Z GOOS='linux'
Build (ubuntu-latest)	UNKNOWN STEP	2026-09-29T12:18:22.5597935Z GOPATH='/home/runner/go'
Build (ubuntu-latest)	UNKNOWN STEP	2026-09-29T12:18:22.5598212Z GOPRIVATE=''
Build (ubuntu-latest)	UNKNOWN STEP	2026-09-29T12:18:22.5598517Z GOPROXY='https://proxy.golang.org,direct'
Build (ubuntu-latest)	UNKNOWN STEP	2026-09-29T12:18:22.5598908Z GOROOT='/opt/hostedtoolcache/go/1.25.14/x64'
Build (ubuntu-latest)	UNKNOWN STEP	2026-09-29T12:18:22.5599252Z GOSUMDB='sum.golang.org'
Build (ubuntu-latest)	UNKNOWN STEP	2026-09-29T12:18:22.5599536Z GOTELEMETRY='local'
Build (ubuntu-latest)	UNKNOWN STEP	2026-09-29T12:18:22.5599836Z GOTELEMETRYDIR='/home/runner/.config/go/telemetry'
Build (ubuntu-latest)	UNKNOWN STEP	2026-09-29T12:18:22.5600188Z GOTMPDIR=''
Build (ubuntu-latest)	UNKNOWN STEP	2026-09-29T12:18:22.5600415Z GOTOOLCHAIN='auto'
Build (ubuntu-latest)	UNKNOWN STEP	2026-09-29T12:18:22.5600788Z GOTOOLDIR='/opt/hostedtoolcache/go/1.25.14/x64/pkg/tool/linux_amd64'
Build (ubuntu-latest)	UNKNOWN STEP	2026-09-29T12:18:22.5601200Z GOVCS=''
Build (ubuntu-latest)	UNKNOWN STEP	2026-09-29T12:18:22.5601679Z GOVERSION='go1.25.14'
Build (ubuntu-latest)	UNKNOWN STEP	2026-09-29T12:18:22.5602069Z GOWORK=''
Build (ubuntu-latest)	UNKNOWN STEP	2026-09-29T12:18:22.5602490Z PKG_CONFIG='pkg-config'
Build (ubuntu-latest)	UNKNOWN STEP	2026-09-29T12:18:22.5602903Z 
Build (ubuntu-latest)	UNKNOWN STEP	2026-09-29T12:18:22.5603439Z ##[endgroup]
Build (ubuntu-latest)	UNKNOWN STEP	2026-09-29T12:18:22.5809987Z ##[group]Run set -euo pipefail
Build (ubuntu-latest)	UNKNOWN STEP	2026-09-29T12:18:22.5810345Z ^[[36;1mset -euo pipefail^[[0m
Build (ubuntu-latest)	UNKNOWN STEP	2026-09-29T12:18:22.5810621Z ^[[36;1mfor module in ${GO_MODULES}; do^[[0m
Build (ubuntu-latest)	UNKNOWN STEP	2026-09-29T12:18:22.5810942Z ^[[36;1m  (cd "${module}" && go build ./...)^[[0m
Build (ubuntu-latest)	UNKNOWN STEP	2026-09-29T12:18:22.5811246Z ^[[36;1mdone^[[0m
Build (ubuntu-latest)	UNKNOWN STEP	2026-09-29T12:18:22.5879026Z shell: /usr/bin/bash --noprofile --norc -e -o pipefail {0}
Build (ubuntu-latest)	UNKNOWN STEP	2026-09-29T12:18:22.5879403Z env:
Build (ubuntu-latest)	UNKNOWN STEP	2026-09-29T12:18:22.5879621Z   CARGO_TERM_COLOR: always
Build (ubuntu-latest)	UNKNOWN STEP	2026-09-29T12:18:22.5880246Z   GO_MODULES: packages/saksi-protocol/go
Build (ubuntu-latest)	UNKNOWN STEP	packages/saksi-bulletin/chaincode
Build (ubuntu-latest)	UNKNOWN STEP	packages/saksi-bulletin/client-sdk
Build (ubuntu-latest)	UNKNOWN STEP	packages/saksi-campaign
Build (ubuntu-latest)	UNKNOWN STEP	
Build (ubuntu-latest)	UNKNOWN STEP	2026-09-29T12:18:22.5880892Z   GOFLAGS: -mod=mod
Build (ubuntu-latest)	UNKNOWN STEP	2026-09-29T12:18:22.5881124Z   CARGO_INCREMENTAL: 0
Build (ubuntu-latest)	UNKNOWN STEP	2026-09-29T12:18:22.5881374Z   CARGO_PROFILE_DEV_DEBUG: 0
Build (ubuntu-latest)	UNKNOWN STEP	2026-09-29T12:18:22.5881920Z   RUST_BACKTRACE: short
Build (ubuntu-latest)	UNKNOWN STEP	2026-09-29T12:18:22.5882172Z   RUSTFLAGS: -D warnings
Build (ubuntu-latest)	UNKNOWN STEP	2026-09-29T12:18:22.5882431Z   CARGO_UNSTABLE_SPARSE_REGISTRY: true
Build (ubuntu-latest)	UNKNOWN STEP	2026-09-29T12:18:22.5882812Z   CARGO_REGISTRIES_CRATES_IO_PROTOCOL: sparse
Build (ubuntu-latest)	UNKNOWN STEP	2026-09-29T12:18:22.5883141Z   CACHE_ON_FAILURE: false
Build (ubuntu-latest)	UNKNOWN STEP	2026-09-29T12:18:22.5883385Z ##[endgroup]
Build (ubuntu-latest)	UNKNOWN STEP	2026-09-29T12:18:45.7530036Z go: downloading google.golang.org/protobuf v1.36.0
Build (ubuntu-latest)	UNKNOWN STEP	2026-09-29T12:18:45.7540698Z go: downloading github.com/hyperledger/fabric-gateway v1.7.1
Build (ubuntu-latest)	UNKNOWN STEP	2026-09-29T12:18:45.7544330Z go: downloading github.com/hyperledger/fabric-protos-go-apiv2 v0.3.4
Build (ubuntu-latest)	UNKNOWN STEP	2026-09-29T12:18:45.9015935Z go: downloading google.golang.org/grpc v1.69.2
Build (ubuntu-latest)	UNKNOWN STEP	2026-09-29T12:18:46.2123358Z go: downloading golang.org/x/net v0.33.0
Build (ubuntu-latest)	UNKNOWN STEP	2026-09-29T12:18:46.2127864Z go: downloading golang.org/x/crypto v0.31.0
Build (ubuntu-latest)	UNKNOWN STEP	2026-09-29T12:18:46.2129137Z go: downloading google.golang.org/genproto/googleapis/rpc v0.0.0-20241015192408-796eee8c2d53
Build (ubuntu-latest)	UNKNOWN STEP	2026-09-29T12:18:46.2144020Z go: downloading golang.org/x/sys v0.28.0
Build (ubuntu-latest)	UNKNOWN STEP	2026-09-29T12:18:46.4521997Z go: downloading golang.org/x/text v0.21.0
Build (ubuntu-latest)	UNKNOWN STEP	2026-09-29T12:18:52.5352863Z go: downloading google.golang.org/protobuf v1.36.12
Build (ubuntu-latest)	UNKNOWN STEP	2026-09-29T12:18:58.4063668Z Post job cleanup.
Build (ubuntu-latest)	UNKNOWN STEP	2026-09-29T12:18:58.5279125Z (node:6319) [DEP0040] DeprecationWarning: The `punycode` module is deprecated. Please use a userland alternative instead.
Build (ubuntu-latest)	UNKNOWN STEP	2026-09-29T12:18:58.5280516Z (Use `node --trace-deprecation ...` to show where the warning was created)
Build (ubuntu-latest)	UNKNOWN STEP	2026-09-29T12:18:58.5368309Z [command]/opt/hostedtoolcache/go/1.25.14/x64/bin/go env GOMODCACHE
Build (ubuntu-latest)	UNKNOWN STEP	2026-09-29T12:18:58.5423543Z [command]/opt/hostedtoolcache/go/1.25.14/x64/bin/go env GOCACHE
Build (ubuntu-latest)	UNKNOWN STEP	2026-09-29T12:18:58.5443910Z /home/runner/go/pkg/mod
Build (ubuntu-latest)	UNKNOWN STEP	2026-09-29T12:18:58.5469999Z /home/runner/.cache/go-build
Build (ubuntu-latest)	UNKNOWN STEP	2026-09-29T12:18:58.5479962Z Cache hit occurred on the primary key setup-go-Linux-x64-ubuntu24-go-1.25.14-61bbf44200ea51c97db44eef9d5fd9d32d6f41e109b84a02d8ea08dac29e82dd, not saving cache.
Build (ubuntu-latest)	UNKNOWN STEP	2026-09-29T12:18:58.5659491Z Post job cleanup.
Build (ubuntu-latest)	UNKNOWN STEP	2026-09-29T12:18:58.6903415Z Cache up-to-date.
Build (ubuntu-latest)	UNKNOWN STEP	2026-09-29T12:18:58.7229006Z Post job cleanup.
Build (ubuntu-latest)	UNKNOWN STEP	2026-09-29T12:18:58.7234314Z ##[start-action display=Setup Rust Caching;id=__8fce250d-81cf-46f7-81eb-cee565c5e1ec.__Swatinem_rust-cache]
Build (ubuntu-latest)	UNKNOWN STEP	2026-09-29T12:18:58.7299383Z Post job cleanup.
Build (ubuntu-latest)	UNKNOWN STEP	2026-09-29T12:18:59.0124324Z Cache up-to-date.
Build (ubuntu-latest)	UNKNOWN STEP	2026-09-29T12:18:59.0127668Z (node:6351) [DEP0040] DeprecationWarning: The `punycode` module is deprecated. Please use a userland alternative instead.
Build (ubuntu-latest)	UNKNOWN STEP	2026-09-29T12:18:59.0129255Z (Use `node --trace-deprecation ...` to show where the warning was created)
Build (ubuntu-latest)	UNKNOWN STEP	2026-09-29T12:18:59.0308656Z ##[end-action id=__8fce250d-81cf-46f7-81eb-cee565c5e1ec.__Swatinem_rust-cache;outcome=success;conclusion=success;duration_ms=307]
Build (ubuntu-latest)	UNKNOWN STEP	2026-09-29T12:18:59.0401958Z Post job cleanup.
Build (ubuntu-latest)	UNKNOWN STEP	2026-09-29T12:18:59.1312031Z [command]/usr/bin/git version
Build (ubuntu-latest)	UNKNOWN STEP	2026-09-29T12:18:59.1359397Z git version 2.55.0
Build (ubuntu-latest)	UNKNOWN STEP	2026-09-29T12:18:59.1405445Z Temporarily overriding HOME='/home/runner/work/_temp/8b09ff94-a7e9-43a2-9a10-a2b3409e936b' before making global git config changes
Build (ubuntu-latest)	UNKNOWN STEP	2026-09-29T12:18:59.1406770Z Adding repository directory to the temporary git global config as a safe directory
Build (ubuntu-latest)	UNKNOWN STEP	2026-09-29T12:18:59.1411715Z [command]/usr/bin/git config --global --add safe.directory /home/runner/work/saksi/saksi
Build (ubuntu-latest)	UNKNOWN STEP	2026-09-29T12:18:59.1455779Z [command]/usr/bin/git config --local --name-only --get-regexp core\.sshCommand
Build (ubuntu-latest)	UNKNOWN STEP	2026-09-29T12:18:59.1491844Z [command]/usr/bin/git submodule foreach --recursive sh -c "git config --local --name-only --get-regexp 'core\.sshCommand' && git config --local --unset-all 'core.sshCommand' || :"
Build (ubuntu-latest)	UNKNOWN STEP	2026-09-29T12:18:59.1750100Z [command]/usr/bin/git config --local --name-only --get-regexp http\.https\:\/\/github\.com\/\.extraheader
Build (ubuntu-latest)	UNKNOWN STEP	2026-09-29T12:18:59.1782311Z http.https://github.com/.extraheader
Build (ubuntu-latest)	UNKNOWN STEP	2026-09-29T12:18:59.1794320Z [command]/usr/bin/git config --local --unset-all http.https://github.com/.extraheader
Build (ubuntu-latest)	UNKNOWN STEP	2026-09-29T12:18:59.1831614Z [command]/usr/bin/git submodule foreach --recursive sh -c "git config --local --name-only --get-regexp 'http\.https\:\/\/github\.com\/\.extraheader' && git config --local --unset-all 'http.https://github.com/.extraheader' || :"
Build (ubuntu-latest)	UNKNOWN STEP	2026-09-29T12:18:59.2110873Z [command]/usr/bin/git config --local --name-only --get-regexp ^includeIf\.gitdir:
Build (ubuntu-latest)	UNKNOWN STEP	2026-09-29T12:18:59.2158584Z [command]/usr/bin/git submodule foreach --recursive git config --local --show-origin --name-only --get-regexp remote.origin.url
Build (ubuntu-latest)	UNKNOWN STEP	2026-09-29T12:18:59.2589279Z Cleaning up orphan processes
Build (ubuntu-latest)	UNKNOWN STEP	2026-09-29T12:18:59.2950649Z ##[warning]Node.js 20 is deprecated. The following actions target Node.js 20 but are being forced to run on Node.js 24: actions/checkout@v4, actions/setup-go@v5. For more information see: https://github.blog/changelog/2025-09-19-deprecation-of-node-20-on-github-actions-runners/
Lint (macos-latest)	UNKNOWN STEP	﻿2026-09-29T12:19:17.6231050Z Current runner version: '2.337.0'
Lint (macos-latest)	UNKNOWN STEP	2026-09-29T12:19:17.6242140Z ##[group]Runner Image Provisioner
Lint (macos-latest)	UNKNOWN STEP	2026-09-29T12:19:17.6242580Z Hosted Compute Agent
Lint (macos-latest)	UNKNOWN STEP	2026-09-29T12:19:17.6242920Z Version: 20260828.587
Lint (macos-latest)	UNKNOWN STEP	2026-09-29T12:19:17.6243300Z Commit: abac92662cab4cc7352de4f9f9d2e2419aad9c29
Lint (macos-latest)	UNKNOWN STEP	2026-09-29T12:19:17.6243720Z Build Date: 2026-08-28T16:44:25Z
Lint (macos-latest)	UNKNOWN STEP	2026-09-29T12:19:17.6244100Z Worker ID: {dd65c6dc-55c5-43b6-9da7-bc05ec45ce16}
Lint (macos-latest)	UNKNOWN STEP	2026-09-29T12:19:17.6244500Z Azure Region: westus
Lint (macos-latest)	UNKNOWN STEP	2026-09-29T12:19:17.6244830Z ##[endgroup]
Lint (macos-latest)	UNKNOWN STEP	2026-09-29T12:19:17.6245480Z ##[group]Operating System
Lint (macos-latest)	UNKNOWN STEP	2026-09-29T12:19:17.6278130Z macOS
Lint (macos-latest)	UNKNOWN STEP	2026-09-29T12:19:17.6278470Z 26.6.2
Lint (macos-latest)	UNKNOWN STEP	2026-09-29T12:19:17.6278780Z 25G83
Lint (macos-latest)	UNKNOWN STEP	2026-09-29T12:19:17.6279060Z ##[endgroup]
Lint (macos-latest)	UNKNOWN STEP	2026-09-29T12:19:17.6279340Z ##[group]Runner Image
Lint (macos-latest)	UNKNOWN STEP	2026-09-29T12:19:17.6279650Z Image: macos-26-arm64
Lint (macos-latest)	UNKNOWN STEP	2026-09-29T12:19:17.6279960Z Version: 20260907.0351.1
Lint (macos-latest)	UNKNOWN STEP	2026-09-29T12:19:17.6280630Z Included Software: https://github.com/actions/runner-images/blob/macos-26-arm64/20260907.0351/images/macos/macos-26-arm64-Readme.md
Lint (macos-latest)	UNKNOWN STEP	2026-09-29T12:19:17.6281480Z Image Release: https://github.com/actions/runner-images/releases/tag/macos-26-arm64%2F20260907.0351
Lint (macos-latest)	UNKNOWN STEP	2026-09-29T12:19:17.6282020Z ##[endgroup]
Lint (macos-latest)	UNKNOWN STEP	2026-09-29T12:19:17.6282600Z ##[group]GITHUB_TOKEN Permissions
Lint (macos-latest)	UNKNOWN STEP	2026-09-29T12:19:17.6283470Z Contents: read
Lint (macos-latest)	UNKNOWN STEP	2026-09-29T12:19:17.6283760Z Metadata: read
Lint (macos-latest)	UNKNOWN STEP	2026-09-29T12:19:17.6284050Z ##[endgroup]
Lint (macos-latest)	UNKNOWN STEP	2026-09-29T12:19:17.6285100Z Secret source: Actions
Lint (macos-latest)	UNKNOWN STEP	2026-09-29T12:19:17.6285560Z Cache mode: write
Lint (macos-latest)	UNKNOWN STEP	2026-09-29T12:19:17.6285910Z Prepare workflow directory
Lint (macos-latest)	UNKNOWN STEP	2026-09-29T12:19:17.6500290Z Prepare all required actions
Lint (macos-latest)	UNKNOWN STEP	2026-09-29T12:19:17.6529170Z Getting action download info
Lint (macos-latest)	UNKNOWN STEP	2026-09-29T12:19:17.8735870Z Download action repository 'actions/checkout@v4' (SHA:11d5960a326750d5838078e36cf38b85af677262)
Lint (macos-latest)	UNKNOWN STEP	2026-09-29T12:19:18.0084070Z Download action repository 'actions-rust-lang/setup-rust-toolchain@v1' (SHA:166cdcfd11aee3cb47222f9ddb555ce30ddb9659)
Lint (macos-latest)	UNKNOWN STEP	2026-09-29T12:19:18.3938400Z Download action repository 'Swatinem/rust-cache@v2' (SHA:6323deb102c322ba6fcbdcafc7e3dddab59af2b6)
Lint (macos-latest)	UNKNOWN STEP	2026-09-29T12:19:19.0856070Z Download action repository 'actions/setup-go@v5' (SHA:40f1582b2485089dde7abd97c1529aa768e1baff)
Lint (macos-latest)	UNKNOWN STEP	2026-09-29T12:19:20.0505460Z Getting action download info
Lint (macos-latest)	UNKNOWN STEP	2026-09-29T12:19:20.1755180Z Download action repository 'Swatinem/rust-cache@c19371144df3bb44fab255c43d04cbc2ab54d1c4' (SHA:c19371144df3bb44fab255c43d04cbc2ab54d1c4)
Lint (macos-latest)	UNKNOWN STEP	2026-09-29T12:19:21.0158920Z Complete job name: Lint (macos-latest)
Lint (macos-latest)	UNKNOWN STEP	2026-09-29T12:19:21.0473150Z ##[group]Run actions/checkout@v4
Lint (macos-latest)	UNKNOWN STEP	2026-09-29T12:19:21.0473430Z with:
Lint (macos-latest)	UNKNOWN STEP	2026-09-29T12:19:21.0473570Z   repository: saksi-framework/saksi
Lint (macos-latest)	UNKNOWN STEP	2026-09-29T12:19:21.0475200Z   token: ***
Lint (macos-latest)	UNKNOWN STEP	2026-09-29T12:19:21.0475370Z   ssh-strict: true
Lint (macos-latest)	UNKNOWN STEP	2026-09-29T12:19:21.0475500Z   ssh-user: git
Lint (macos-latest)	UNKNOWN STEP	2026-09-29T12:19:21.0475680Z   persist-credentials: true
Lint (macos-latest)	UNKNOWN STEP	2026-09-29T12:19:21.0481100Z   clean: true
Lint (macos-latest)	UNKNOWN STEP	2026-09-29T12:19:21.0481270Z   sparse-checkout-cone-mode: true
Lint (macos-latest)	UNKNOWN STEP	2026-09-29T12:19:21.0481470Z   fetch-depth: 1
Lint (macos-latest)	UNKNOWN STEP	2026-09-29T12:19:21.0481600Z   fetch-tags: false
Lint (macos-latest)	UNKNOWN STEP	2026-09-29T12:19:21.0481720Z   show-progress: true
Lint (macos-latest)	UNKNOWN STEP	2026-09-29T12:19:21.0481850Z   lfs: false
Lint (macos-latest)	UNKNOWN STEP	2026-09-29T12:19:21.0481960Z   submodules: false
Lint (macos-latest)	UNKNOWN STEP	2026-09-29T12:19:21.0482090Z   set-safe-directory: true
Lint (macos-latest)	UNKNOWN STEP	2026-09-29T12:19:21.0482240Z   allow-unsafe-pr-checkout: false
Lint (macos-latest)	UNKNOWN STEP	2026-09-29T12:19:21.0482480Z env:
Lint (macos-latest)	UNKNOWN STEP	2026-09-29T12:19:21.0482590Z   CARGO_TERM_COLOR: always
Lint (macos-latest)	UNKNOWN STEP	2026-09-29T12:19:21.0482990Z   GO_MODULES: packages/saksi-protocol/go
Lint (macos-latest)	UNKNOWN STEP	packages/saksi-bulletin/chaincode
Lint (macos-latest)	UNKNOWN STEP	packages/saksi-bulletin/client-sdk
Lint (macos-latest)	UNKNOWN STEP	packages/saksi-campaign
Lint (macos-latest)	UNKNOWN STEP	
Lint (macos-latest)	UNKNOWN STEP	2026-09-29T12:19:21.0483390Z   GOFLAGS: -mod=mod
Lint (macos-latest)	UNKNOWN STEP	2026-09-29T12:19:21.0483510Z ##[endgroup]
Lint (macos-latest)	UNKNOWN STEP	2026-09-29T12:19:21.1627360Z Syncing repository: saksi-framework/saksi
Lint (macos-latest)	UNKNOWN STEP	2026-09-29T12:19:21.1628540Z ##[group]Getting Git version info
Lint (macos-latest)	UNKNOWN STEP	2026-09-29T12:19:21.1628870Z Working directory is '/Users/runner/work/saksi/saksi'
Lint (macos-latest)	UNKNOWN STEP	2026-09-29T12:19:21.1629330Z [command]/opt/homebrew/bin/git version
Lint (macos-latest)	UNKNOWN STEP	2026-09-29T12:19:21.2160500Z git version 2.55.0
Lint (macos-latest)	UNKNOWN STEP	2026-09-29T12:19:21.2169140Z ##[endgroup]
Lint (macos-latest)	UNKNOWN STEP	2026-09-29T12:19:21.2174660Z Copying '/Users/runner/.gitconfig' to '/Users/runner/work/_temp/78f897aa-f601-4dde-b7be-2d5fb4d017df/.gitconfig'
Lint (macos-latest)	UNKNOWN STEP	2026-09-29T12:19:21.2181400Z Temporarily overriding HOME='/Users/runner/work/_temp/78f897aa-f601-4dde-b7be-2d5fb4d017df' before making global git config changes
Lint (macos-latest)	UNKNOWN STEP	2026-09-29T12:19:21.2182030Z Adding repository directory to the temporary git global config as a safe directory
Lint (macos-latest)	UNKNOWN STEP	2026-09-29T12:19:21.2184520Z [command]/opt/homebrew/bin/git config --global --add safe.directory /Users/runner/work/saksi/saksi
Lint (macos-latest)	UNKNOWN STEP	2026-09-29T12:19:21.2269970Z Deleting the contents of '/Users/runner/work/saksi/saksi'
Lint (macos-latest)	UNKNOWN STEP	2026-09-29T12:19:21.2281810Z ##[group]Initializing the repository
Lint (macos-latest)	UNKNOWN STEP	2026-09-29T12:19:21.2282260Z [command]/opt/homebrew/bin/git init /Users/runner/work/saksi/saksi
Lint (macos-latest)	UNKNOWN STEP	2026-09-29T12:19:21.2426780Z hint: Using 'master' as the name for the initial branch. This default branch name
Lint (macos-latest)	UNKNOWN STEP	2026-09-29T12:19:21.2428200Z hint: will change to "main" in Git 3.0. To configure the initial branch name
Lint (macos-latest)	UNKNOWN STEP	2026-09-29T12:19:21.2428870Z hint: to use in all of your new repositories, which will suppress this warning,
Lint (macos-latest)	UNKNOWN STEP	2026-09-29T12:19:21.2431850Z hint: call:
Lint (macos-latest)	UNKNOWN STEP	2026-09-29T12:19:21.2433710Z hint:
Lint (macos-latest)	UNKNOWN STEP	2026-09-29T12:19:21.2434010Z hint: 	git config --global init.defaultBranch <name>
Lint (macos-latest)	UNKNOWN STEP	2026-09-29T12:19:21.2434320Z hint:
Lint (macos-latest)	UNKNOWN STEP	2026-09-29T12:19:21.2434640Z hint: Names commonly chosen instead of 'master' are 'main', 'trunk' and
Lint (macos-latest)	UNKNOWN STEP	2026-09-29T12:19:21.2435750Z hint: 'development'. The just-created branch can be renamed via this command:
Lint (macos-latest)	UNKNOWN STEP	2026-09-29T12:19:21.2437290Z hint:
Lint (macos-latest)	UNKNOWN STEP	2026-09-29T12:19:21.2437730Z hint: 	git branch -m <name>
Lint (macos-latest)	UNKNOWN STEP	2026-09-29T12:19:21.2437940Z hint:
Lint (macos-latest)	UNKNOWN STEP	2026-09-29T12:19:21.2438290Z hint: Disable this message with "git config set advice.defaultBranchName false"
Lint (macos-latest)	UNKNOWN STEP	2026-09-29T12:19:21.2438710Z Initialized empty Git repository in /Users/runner/work/saksi/saksi/.git/
Lint (macos-latest)	UNKNOWN STEP	2026-09-29T12:19:21.2439470Z [command]/opt/homebrew/bin/git remote add origin https://github.com/saksi-framework/saksi
Lint (macos-latest)	UNKNOWN STEP	2026-09-29T12:19:21.2489650Z ##[endgroup]
Lint (macos-latest)	UNKNOWN STEP	2026-09-29T12:19:21.2489950Z ##[group]Disabling automatic garbage collection
Lint (macos-latest)	UNKNOWN STEP	2026-09-29T12:19:21.2491740Z [command]/opt/homebrew/bin/git config --local gc.auto 0
Lint (macos-latest)	UNKNOWN STEP	2026-09-29T12:19:21.2536030Z ##[endgroup]
Lint (macos-latest)	UNKNOWN STEP	2026-09-29T12:19:21.2536320Z ##[group]Setting up auth
Lint (macos-latest)	UNKNOWN STEP	2026-09-29T12:19:21.2540190Z [command]/opt/homebrew/bin/git config --local --name-only --get-regexp core\.sshCommand
Lint (macos-latest)	UNKNOWN STEP	2026-09-29T12:19:21.2584200Z [command]/opt/homebrew/bin/git submodule foreach --recursive sh -c "git config --local --name-only --get-regexp 'core\.sshCommand' && git config --local --unset-all 'core.sshCommand' || :"
Lint (macos-latest)	UNKNOWN STEP	2026-09-29T12:19:21.3198780Z [command]/opt/homebrew/bin/git config --local --name-only --get-regexp http\.https\:\/\/github\.com\/\.extraheader
Lint (macos-latest)	UNKNOWN STEP	2026-09-29T12:19:21.3243750Z [command]/opt/homebrew/bin/git submodule foreach --recursive sh -c "git config --local --name-only --get-regexp 'http\.https\:\/\/github\.com\/\.extraheader' && git config --local --unset-all 'http.https://github.com/.extraheader' || :"
Lint (macos-latest)	UNKNOWN STEP	2026-09-29T12:19:21.3810450Z [command]/opt/homebrew/bin/git config --local --name-only --get-regexp ^includeIf\.gitdir:
Lint (macos-latest)	UNKNOWN STEP	2026-09-29T12:19:21.3855770Z [command]/opt/homebrew/bin/git submodule foreach --recursive git config --local --show-origin --name-only --get-regexp remote.origin.url
Lint (macos-latest)	UNKNOWN STEP	2026-09-29T12:19:21.4423790Z [command]/opt/homebrew/bin/git config --local http.https://github.com/.extraheader AUTHORIZATION: basic ***
Lint (macos-latest)	UNKNOWN STEP	2026-09-29T12:19:21.4474350Z ##[endgroup]
Lint (macos-latest)	UNKNOWN STEP	2026-09-29T12:19:21.4474730Z ##[group]Fetching the repository
Lint (macos-latest)	UNKNOWN STEP	2026-09-29T12:19:21.4479210Z [command]/opt/homebrew/bin/git -c protocol.version=2 fetch --no-tags --prune --no-recurse-submodules --depth=1 origin +4a38a54fe0223b58f28c53ec54e47fbeab222837:refs/remotes/origin/main
Lint (macos-latest)	UNKNOWN STEP	2026-09-29T12:19:22.3376580Z From https://github.com/saksi-framework/saksi
Lint (macos-latest)	UNKNOWN STEP	2026-09-29T12:19:22.3377470Z  * [new ref]         4a38a54fe0223b58f28c53ec54e47fbeab222837 -> origin/main
Lint (macos-latest)	UNKNOWN STEP	2026-09-29T12:19:22.3380520Z ##[endgroup]
Lint (macos-latest)	UNKNOWN STEP	2026-09-29T12:19:22.3380770Z ##[group]Determining the checkout info
Lint (macos-latest)	UNKNOWN STEP	2026-09-29T12:19:22.3382350Z ##[endgroup]
Lint (macos-latest)	UNKNOWN STEP	2026-09-29T12:19:22.3386700Z [command]/opt/homebrew/bin/git sparse-checkout disable
Lint (macos-latest)	UNKNOWN STEP	2026-09-29T12:19:22.3453820Z [command]/opt/homebrew/bin/git config --local --unset-all extensions.worktreeConfig
Lint (macos-latest)	UNKNOWN STEP	2026-09-29T12:19:22.3504240Z ##[group]Checking out the ref
Lint (macos-latest)	UNKNOWN STEP	2026-09-29T12:19:22.3507490Z [command]/opt/homebrew/bin/git checkout --progress --force -B main refs/remotes/origin/main
Lint (macos-latest)	UNKNOWN STEP	2026-09-29T12:19:22.3876310Z Switched to a new branch 'main'
Lint (macos-latest)	UNKNOWN STEP	2026-09-29T12:19:22.3879810Z branch 'main' set up to track 'origin/main'.
Lint (macos-latest)	UNKNOWN STEP	2026-09-29T12:19:22.3883450Z ##[endgroup]
Lint (macos-latest)	UNKNOWN STEP	2026-09-29T12:19:22.3947630Z [command]/opt/homebrew/bin/git log -1 --format=%H
Lint (macos-latest)	UNKNOWN STEP	2026-09-29T12:19:22.3996720Z 4a38a54fe0223b58f28c53ec54e47fbeab222837
Lint (macos-latest)	UNKNOWN STEP	2026-09-29T12:19:22.4243790Z ##[group]Run actions-rust-lang/setup-rust-toolchain@v1
Lint (macos-latest)	UNKNOWN STEP	2026-09-29T12:19:22.4244000Z with:
Lint (macos-latest)	UNKNOWN STEP	2026-09-29T12:19:22.4244120Z   components: clippy,rustfmt
Lint (macos-latest)	UNKNOWN STEP	2026-09-29T12:19:22.4244300Z   cache: true
Lint (macos-latest)	UNKNOWN STEP	2026-09-29T12:19:22.4244420Z   cache-on-failure: true
Lint (macos-latest)	UNKNOWN STEP	2026-09-29T12:19:22.4244550Z   cache-bin: true
Lint (macos-latest)	UNKNOWN STEP	2026-09-29T12:19:22.4244700Z   cache-provider: github
Lint (macos-latest)	UNKNOWN STEP	2026-09-29T12:19:22.4244920Z   cache-all-crates: false
Lint (macos-latest)	UNKNOWN STEP	2026-09-29T12:19:22.4245060Z   cache-workspace-crates: false
Lint (macos-latest)	UNKNOWN STEP	2026-09-29T12:19:22.4245200Z   cache-save-if: true
Lint (macos-latest)	UNKNOWN STEP	2026-09-29T12:19:22.4245320Z   cache-targets: true
Lint (macos-latest)	UNKNOWN STEP	2026-09-29T12:19:22.4245480Z   matcher: true
Lint (macos-latest)	UNKNOWN STEP	2026-09-29T12:19:22.4245600Z   rustflags: -D warnings
Lint (macos-latest)	UNKNOWN STEP	2026-09-29T12:19:22.4245730Z   override: true
Lint (macos-latest)	UNKNOWN STEP	2026-09-29T12:19:22.4245840Z env:
Lint (macos-latest)	UNKNOWN STEP	2026-09-29T12:19:22.4245980Z   CARGO_TERM_COLOR: always
Lint (macos-latest)	UNKNOWN STEP	2026-09-29T12:19:22.4246410Z   GO_MODULES: packages/saksi-protocol/go
Lint (macos-latest)	UNKNOWN STEP	packages/saksi-bulletin/chaincode
Lint (macos-latest)	UNKNOWN STEP	packages/saksi-bulletin/client-sdk
Lint (macos-latest)	UNKNOWN STEP	packages/saksi-campaign
Lint (macos-latest)	UNKNOWN STEP	
Lint (macos-latest)	UNKNOWN STEP	2026-09-29T12:19:22.4246880Z   GOFLAGS: -mod=mod
Lint (macos-latest)	UNKNOWN STEP	2026-09-29T12:19:22.4247000Z ##[endgroup]
Lint (macos-latest)	UNKNOWN STEP	2026-09-29T12:19:22.4288650Z ##[start-action display=Unbork mac;id=__actions-rust-lang_setup-rust-toolchain.__run]
Lint (macos-latest)	UNKNOWN STEP	2026-09-29T12:19:22.4323830Z ##[group]Run brew install bash
Lint (macos-latest)	UNKNOWN STEP	2026-09-29T12:19:22.4324030Z ^[[36;1mbrew install bash^[[0m
Lint (macos-latest)	UNKNOWN STEP	2026-09-29T12:19:22.4360150Z shell: /bin/bash --noprofile --norc -e -o pipefail {0}
Lint (macos-latest)	UNKNOWN STEP	2026-09-29T12:19:22.4360370Z env:
Lint (macos-latest)	UNKNOWN STEP	2026-09-29T12:19:22.4360480Z   CARGO_TERM_COLOR: always
Lint (macos-latest)	UNKNOWN STEP	2026-09-29T12:19:22.4360870Z   GO_MODULES: packages/saksi-protocol/go
Lint (macos-latest)	UNKNOWN STEP	packages/saksi-bulletin/chaincode
Lint (macos-latest)	UNKNOWN STEP	packages/saksi-bulletin/client-sdk
Lint (macos-latest)	UNKNOWN STEP	packages/saksi-campaign
Lint (macos-latest)	UNKNOWN STEP	
Lint (macos-latest)	UNKNOWN STEP	2026-09-29T12:19:22.4361270Z   GOFLAGS: -mod=mod
Lint (macos-latest)	UNKNOWN STEP	2026-09-29T12:19:22.4361390Z ##[endgroup]
Lint (macos-latest)	UNKNOWN STEP	2026-09-29T12:19:23.6717020Z ^[[32m==>^[[0m ^[[1mDownloading bottle manifests^[[0m
Lint (macos-latest)	UNKNOWN STEP	2026-09-29T12:19:23.9389310Z ✔︎ Bottle Manifest bash (5.3.15)
Lint (macos-latest)	UNKNOWN STEP	2026-09-29T12:19:23.9391660Z ^[[34m==>^[[0m ^[[1mWould install 1 formula:^[[0m
Lint (macos-latest)	UNKNOWN STEP	2026-09-29T12:19:23.9392480Z bash
Lint (macos-latest)	UNKNOWN STEP	2026-09-29T12:19:24.0000840Z ^[[34m==>^[[0m ^[[1mWould install 1 dependency for bash:^[[0m
Lint (macos-latest)	UNKNOWN STEP	2026-09-29T12:19:24.0001230Z ncurses
Lint (macos-latest)	UNKNOWN STEP	2026-09-29T12:19:24.0072170Z ^[[32m==>^[[0m ^[[1mFetching downloads for: ^[[32mbash^[[39m^[[0m
Lint (macos-latest)	UNKNOWN STEP	2026-09-29T12:19:24.4143290Z ✔︎ Bottle bash (5.3.15)
Lint (macos-latest)	UNKNOWN STEP	2026-09-29T12:19:24.6458180Z ✔︎ Bottle Manifest ncurses (6.6)
Lint (macos-latest)	UNKNOWN STEP	2026-09-29T12:19:24.7879220Z ✔︎ Bottle ncurses (6.6)
Lint (macos-latest)	UNKNOWN STEP	2026-09-29T12:19:24.7966050Z ^[[32m==>^[[0m ^[[1mInstalling bash dependency: ^[[32mncurses^[[39m^[[0m
Lint (macos-latest)	UNKNOWN STEP	2026-09-29T12:19:24.7982660Z ^[[34m==>^[[0m ^[[1mPouring ncurses--6.6.arm64_tahoe.bottle.tar.gz^[[0m
Lint (macos-latest)	UNKNOWN STEP	2026-09-29T12:19:25.2463540Z 🍺  /opt/homebrew/Cellar/ncurses/6.6: 4,086 files, 10.3MB
Lint (macos-latest)	UNKNOWN STEP	2026-09-29T12:19:25.2465730Z ^[[32m==>^[[0m ^[[1mInstalling ^[[32mbash^[[39m^[[0m
Lint (macos-latest)	UNKNOWN STEP	2026-09-29T12:19:25.2468620Z ^[[34m==>^[[0m ^[[1mPouring bash--5.3.15.arm64_tahoe.bottle.tar.gz^[[0m
Lint (macos-latest)	UNKNOWN STEP	2026-09-29T12:19:25.3910110Z 🍺  /opt/homebrew/Cellar/bash/5.3.15: 172 files, 13MB
Lint (macos-latest)	UNKNOWN STEP	2026-09-29T12:19:25.3911930Z ^[[32m==>^[[0m ^[[1mCaveats^[[0m
Lint (macos-latest)	UNKNOWN STEP	2026-09-29T12:19:25.3912610Z ^[[34m==>^[[0m ^[[1mbash^[[0m
Lint (macos-latest)	UNKNOWN STEP	2026-09-29T12:19:25.3913290Z DEFAULT_LOADABLE_BUILTINS_PATH: /opt/homebrew/lib/bash:/usr/local/lib/bash:/usr/lib/bash:/opt/local/lib/bash:/usr/pkg/lib/bash:/opt/pkg/lib/bash:.
Lint (macos-latest)	UNKNOWN STEP	2026-09-29T12:19:25.3984970Z ##[end-action id=__actions-rust-lang_setup-rust-toolchain.__run;outcome=success;conclusion=success;duration_ms=2969]
Lint (macos-latest)	UNKNOWN STEP	2026-09-29T12:19:25.4007140Z ##[start-action display=Run : construct rustup command line;id=__actions-rust-lang_setup-rust-toolchain.flags]
Lint (macos-latest)	UNKNOWN STEP	2026-09-29T12:19:25.4021510Z ##[group]Run : construct rustup command line
Lint (macos-latest)	UNKNOWN STEP	2026-09-29T12:19:25.4021720Z ^[[36;1m: construct rustup command line^[[0m
Lint (macos-latest)	UNKNOWN STEP	2026-09-29T12:19:25.4022020Z ^[[36;1mecho "targets=$(for t in ${_srt_targets//,/ }; do echo -n ' --target' $t; done)" >> $GITHUB_OUTPUT^[[0m
Lint (macos-latest)	UNKNOWN STEP	2026-09-29T12:19:25.4022460Z ^[[36;1mecho "components=$(for c in ${_srt_components//,/ }; do echo -n ' --component' $c; done)" >> $GITHUB_OUTPUT^[[0m
Lint (macos-latest)	UNKNOWN STEP	2026-09-29T12:19:25.4022790Z ^[[36;1mecho "downgrade=" >> $GITHUB_OUTPUT^[[0m
Lint (macos-latest)	UNKNOWN STEP	2026-09-29T12:19:25.4030740Z shell: /opt/homebrew/bin/bash --noprofile --norc -e -o pipefail {0}
Lint (macos-latest)	UNKNOWN STEP	2026-09-29T12:19:25.4031330Z env:
Lint (macos-latest)	UNKNOWN STEP	2026-09-29T12:19:25.4031460Z   CARGO_TERM_COLOR: always
Lint (macos-latest)	UNKNOWN STEP	2026-09-29T12:19:25.4031840Z   GO_MODULES: packages/saksi-protocol/go
Lint (macos-latest)	UNKNOWN STEP	packages/saksi-bulletin/chaincode
Lint (macos-latest)	UNKNOWN STEP	packages/saksi-bulletin/client-sdk
Lint (macos-latest)	UNKNOWN STEP	packages/saksi-campaign
Lint (macos-latest)	UNKNOWN STEP	
Lint (macos-latest)	UNKNOWN STEP	2026-09-29T12:19:25.4032260Z   GOFLAGS: -mod=mod
Lint (macos-latest)	UNKNOWN STEP	2026-09-29T12:19:25.4032380Z   _srt_targets: 
Lint (macos-latest)	UNKNOWN STEP	2026-09-29T12:19:25.4032500Z   _srt_components: clippy,rustfmt
Lint (macos-latest)	UNKNOWN STEP	2026-09-29T12:19:25.4032650Z ##[endgroup]
Lint (macos-latest)	UNKNOWN STEP	2026-09-29T12:19:25.4356610Z ##[end-action id=__actions-rust-lang_setup-rust-toolchain.flags;outcome=success;conclusion=success;duration_ms=34]
Lint (macos-latest)	UNKNOWN STEP	2026-09-29T12:19:25.4366620Z ##[start-action display=Setting Environment Variables;id=__actions-rust-lang_setup-rust-toolchain.__run_2]
Lint (macos-latest)	UNKNOWN STEP	2026-09-29T12:19:25.4378400Z ##[group]Run if [[ ! -v CARGO_INCREMENTAL ]]; then
Lint (macos-latest)	UNKNOWN STEP	2026-09-29T12:19:25.4378640Z ^[[36;1mif [[ ! -v CARGO_INCREMENTAL ]]; then^[[0m
Lint (macos-latest)	UNKNOWN STEP	2026-09-29T12:19:25.4378850Z ^[[36;1m  echo "CARGO_INCREMENTAL=0" >> $GITHUB_ENV^[[0m
Lint (macos-latest)	UNKNOWN STEP	2026-09-29T12:19:25.4379050Z ^[[36;1mfi^[[0m
Lint (macos-latest)	UNKNOWN STEP	2026-09-29T12:19:25.4379250Z ^[[36;1mif [[ ! -v CARGO_PROFILE_DEV_DEBUG ]]; then^[[0m
Lint (macos-latest)	UNKNOWN STEP	2026-09-29T12:19:25.4379510Z ^[[36;1m  echo "CARGO_PROFILE_DEV_DEBUG=0" >> $GITHUB_ENV^[[0m
Lint (macos-latest)	UNKNOWN STEP	2026-09-29T12:19:25.4379700Z ^[[36;1mfi^[[0m
Lint (macos-latest)	UNKNOWN STEP	2026-09-29T12:19:25.4379830Z ^[[36;1mif [[ ! -v CARGO_TERM_COLOR ]]; then^[[0m
Lint (macos-latest)	UNKNOWN STEP	2026-09-29T12:19:25.4380030Z ^[[36;1m  echo "CARGO_TERM_COLOR=always" >> $GITHUB_ENV^[[0m
Lint (macos-latest)	UNKNOWN STEP	2026-09-29T12:19:25.4380250Z ^[[36;1mfi^[[0m
Lint (macos-latest)	UNKNOWN STEP	2026-09-29T12:19:25.4380380Z ^[[36;1mif [[ ! -v RUST_BACKTRACE ]]; then^[[0m
Lint (macos-latest)	UNKNOWN STEP	2026-09-29T12:19:25.4380570Z ^[[36;1m  echo "RUST_BACKTRACE=short" >> $GITHUB_ENV^[[0m
Lint (macos-latest)	UNKNOWN STEP	2026-09-29T12:19:25.4380750Z ^[[36;1mfi^[[0m
Lint (macos-latest)	UNKNOWN STEP	2026-09-29T12:19:25.4380920Z ^[[36;1mif [[ ( ! -v RUSTFLAGS ) && $_srt_NEW_RUSTFLAGS != "" ]]; then^[[0m
Lint (macos-latest)	UNKNOWN STEP	2026-09-29T12:19:25.4381180Z ^[[36;1m  echo "RUSTFLAGS=$_srt_NEW_RUSTFLAGS" >> $GITHUB_ENV^[[0m
Lint (macos-latest)	UNKNOWN STEP	2026-09-29T12:19:25.4381370Z ^[[36;1mfi^[[0m
Lint (macos-latest)	UNKNOWN STEP	2026-09-29T12:19:25.4381500Z ^[[36;1m# Enable faster sparse index on nightly^[[0m
Lint (macos-latest)	UNKNOWN STEP	2026-09-29T12:19:25.4381740Z ^[[36;1m# The value is ignored on stable and causes no problems^[[0m
Lint (macos-latest)	UNKNOWN STEP	2026-09-29T12:19:25.4382080Z ^[[36;1m# https://internals.rust-lang.org/t/call-for-testing-cargo-sparse-registry/16862^[[0m
Lint (macos-latest)	UNKNOWN STEP	2026-09-29T12:19:25.4382460Z ^[[36;1mif [[ ! -v CARGO_UNSTABLE_SPARSE_REGISTRY ]]; then^[[0m
Lint (macos-latest)	UNKNOWN STEP	2026-09-29T12:19:25.4382720Z ^[[36;1m  echo "CARGO_UNSTABLE_SPARSE_REGISTRY=true" >> $GITHUB_ENV^[[0m
Lint (macos-latest)	UNKNOWN STEP	2026-09-29T12:19:25.4382960Z ^[[36;1mfi^[[0m
Lint (macos-latest)	UNKNOWN STEP	2026-09-29T12:19:25.4383170Z ^[[36;1mif [[ ! -v CARGO_REGISTRIES_CRATES_IO_PROTOCOL ]]; then^[[0m
Lint (macos-latest)	UNKNOWN STEP	2026-09-29T12:19:25.4383480Z ^[[36;1m  echo "CARGO_REGISTRIES_CRATES_IO_PROTOCOL=sparse" >> $GITHUB_ENV^[[0m
Lint (macos-latest)	UNKNOWN STEP	2026-09-29T12:19:25.4383740Z ^[[36;1mfi^[[0m
Lint (macos-latest)	UNKNOWN STEP	2026-09-29T12:19:25.4391070Z shell: /opt/homebrew/bin/bash --noprofile --norc -e -o pipefail {0}
Lint (macos-latest)	UNKNOWN STEP	2026-09-29T12:19:25.4391310Z env:
Lint (macos-latest)	UNKNOWN STEP	2026-09-29T12:19:25.4391420Z   CARGO_TERM_COLOR: always
Lint (macos-latest)	UNKNOWN STEP	2026-09-29T12:19:25.4391780Z   GO_MODULES: packages/saksi-protocol/go
Lint (macos-latest)	UNKNOWN STEP	packages/saksi-bulletin/chaincode
Lint (macos-latest)	UNKNOWN STEP	packages/saksi-bulletin/client-sdk
Lint (macos-latest)	UNKNOWN STEP	packages/saksi-campaign
Lint (macos-latest)	UNKNOWN STEP	
Lint (macos-latest)	UNKNOWN STEP	2026-09-29T12:19:25.4392170Z   GOFLAGS: -mod=mod
Lint (macos-latest)	UNKNOWN STEP	2026-09-29T12:19:25.4392300Z   _srt_NEW_RUSTFLAGS: -D warnings
Lint (macos-latest)	UNKNOWN STEP	2026-09-29T12:19:25.4392450Z ##[endgroup]
Lint (macos-latest)	UNKNOWN STEP	2026-09-29T12:19:25.4628110Z ##[end-action id=__actions-rust-lang_setup-rust-toolchain.__run_2;outcome=success;conclusion=success;duration_ms=26]
Lint (macos-latest)	UNKNOWN STEP	2026-09-29T12:19:25.4629760Z ##[start-action display=Install Rust Problem Matcher;id=__actions-rust-lang_setup-rust-toolchain.__run_3]
Lint (macos-latest)	UNKNOWN STEP	2026-09-29T12:19:25.4643090Z ##[group]Run echo "::add-matcher::/Users/runner/work/_actions/actions-rust-lang/setup-rust-toolchain/v1/rust.json"
Lint (macos-latest)	UNKNOWN STEP	2026-09-29T12:19:25.4643610Z ^[[36;1mecho "::add-matcher::/Users/runner/work/_actions/actions-rust-lang/setup-rust-toolchain/v1/rust.json"^[[0m
Lint (macos-latest)	UNKNOWN STEP	2026-09-29T12:19:25.4651060Z shell: /opt/homebrew/bin/bash --noprofile --norc -e -o pipefail {0}
Lint (macos-latest)	UNKNOWN STEP	2026-09-29T12:19:25.4651280Z env:
Lint (macos-latest)	UNKNOWN STEP	2026-09-29T12:19:25.4651390Z   CARGO_TERM_COLOR: always
Lint (macos-latest)	UNKNOWN STEP	2026-09-29T12:19:25.4651760Z   GO_MODULES: packages/saksi-protocol/go
Lint (macos-latest)	UNKNOWN STEP	packages/saksi-bulletin/chaincode
Lint (macos-latest)	UNKNOWN STEP	packages/saksi-bulletin/client-sdk
Lint (macos-latest)	UNKNOWN STEP	packages/saksi-campaign
Lint (macos-latest)	UNKNOWN STEP	
Lint (macos-latest)	UNKNOWN STEP	2026-09-29T12:19:25.4652300Z   GOFLAGS: -mod=mod
Lint (macos-latest)	UNKNOWN STEP	2026-09-29T12:19:25.4652460Z   CARGO_INCREMENTAL: 0
Lint (macos-latest)	UNKNOWN STEP	2026-09-29T12:19:25.4652630Z   CARGO_PROFILE_DEV_DEBUG: 0
Lint (macos-latest)	UNKNOWN STEP	2026-09-29T12:19:25.4652770Z   RUST_BACKTRACE: short
Lint (macos-latest)	UNKNOWN STEP	2026-09-29T12:19:25.4652900Z   RUSTFLAGS: -D warnings
Lint (macos-latest)	UNKNOWN STEP	2026-09-29T12:19:25.4653040Z   CARGO_UNSTABLE_SPARSE_REGISTRY: true
Lint (macos-latest)	UNKNOWN STEP	2026-09-29T12:19:25.4653230Z   CARGO_REGISTRIES_CRATES_IO_PROTOCOL: sparse
Lint (macos-latest)	UNKNOWN STEP	2026-09-29T12:19:25.4653400Z ##[endgroup]
Lint (macos-latest)	UNKNOWN STEP	2026-09-29T12:19:25.4898310Z ##[end-action id=__actions-rust-lang_setup-rust-toolchain.__run_3;outcome=success;conclusion=success;duration_ms=26]
Lint (macos-latest)	UNKNOWN STEP	2026-09-29T12:19:25.4900690Z ##[start-action display=Install rustup, if needed;id=__actions-rust-lang_setup-rust-toolchain.__run_4]
Lint (macos-latest)	UNKNOWN STEP	2026-09-29T12:19:25.4912060Z ##[group]Run if ! command -v rustup &> /dev/null ; then
Lint (macos-latest)	UNKNOWN STEP	2026-09-29T12:19:25.4912330Z ^[[36;1mif ! command -v rustup &> /dev/null ; then^[[0m
Lint (macos-latest)	UNKNOWN STEP	2026-09-29T12:19:25.4912800Z ^[[36;1m  curl --proto '=https' --tlsv1.2 --retry 10 --retry-connrefused -fsSL "https://sh.rustup.rs" | sh -s -- --default-toolchain none -y^[[0m
Lint (macos-latest)	UNKNOWN STEP	2026-09-29T12:19:25.4913190Z ^[[36;1m^[[0m
Lint (macos-latest)	UNKNOWN STEP	2026-09-29T12:19:25.4913360Z ^[[36;1m  # Resolve the correct CARGO_HOME path depending on OS^[[0m
Lint (macos-latest)	UNKNOWN STEP	2026-09-29T12:19:25.4913590Z ^[[36;1m  if [[ "$RUNNER_OS" == "Windows" ]]; then^[[0m
Lint (macos-latest)	UNKNOWN STEP	2026-09-29T12:19:25.4913870Z ^[[36;1m    echo "${CARGO_HOME:-$USERPROFILE/.cargo}/bin" | sed 's|/|\\|g' >> $GITHUB_PATH^[[0m
Lint (macos-latest)	UNKNOWN STEP	2026-09-29T12:19:25.4914180Z ^[[36;1m  else^[[0m
Lint (macos-latest)	UNKNOWN STEP	2026-09-29T12:19:25.4914350Z ^[[36;1m    echo "${CARGO_HOME:-$HOME/.cargo}/bin" >> $GITHUB_PATH^[[0m
Lint (macos-latest)	UNKNOWN STEP	2026-09-29T12:19:25.4914550Z ^[[36;1m  fi^[[0m
Lint (macos-latest)	UNKNOWN STEP	2026-09-29T12:19:25.4914660Z ^[[36;1mfi^[[0m
Lint (macos-latest)	UNKNOWN STEP	2026-09-29T12:19:25.4921870Z shell: /opt/homebrew/bin/bash --noprofile --norc -e -o pipefail {0}
Lint (macos-latest)	UNKNOWN STEP	2026-09-29T12:19:25.4922100Z env:
Lint (macos-latest)	UNKNOWN STEP	2026-09-29T12:19:25.4922220Z   CARGO_TERM_COLOR: always
Lint (macos-latest)	UNKNOWN STEP	2026-09-29T12:19:25.4922600Z   GO_MODULES: packages/saksi-protocol/go
Lint (macos-latest)	UNKNOWN STEP	packages/saksi-bulletin/chaincode
Lint (macos-latest)	UNKNOWN STEP	packages/saksi-bulletin/client-sdk
Lint (macos-latest)	UNKNOWN STEP	packages/saksi-campaign
Lint (macos-latest)	UNKNOWN STEP	
Lint (macos-latest)	UNKNOWN STEP	2026-09-29T12:19:25.4923040Z   GOFLAGS: -mod=mod
Lint (macos-latest)	UNKNOWN STEP	2026-09-29T12:19:25.4923170Z   CARGO_INCREMENTAL: 0
Lint (macos-latest)	UNKNOWN STEP	2026-09-29T12:19:25.4923300Z   CARGO_PROFILE_DEV_DEBUG: 0
Lint (macos-latest)	UNKNOWN STEP	2026-09-29T12:19:25.4923440Z   RUST_BACKTRACE: short
Lint (macos-latest)	UNKNOWN STEP	2026-09-29T12:19:25.4923570Z   RUSTFLAGS: -D warnings
Lint (macos-latest)	UNKNOWN STEP	2026-09-29T12:19:25.4923720Z   CARGO_UNSTABLE_SPARSE_REGISTRY: true
Lint (macos-latest)	UNKNOWN STEP	2026-09-29T12:19:25.4923900Z   CARGO_REGISTRIES_CRATES_IO_PROTOCOL: sparse
Lint (macos-latest)	UNKNOWN STEP	2026-09-29T12:19:25.4924080Z   RUNNER_OS: macOS
Lint (macos-latest)	UNKNOWN STEP	2026-09-29T12:19:25.4924200Z ##[endgroup]
Lint (macos-latest)	UNKNOWN STEP	2026-09-29T12:19:25.5163690Z ##[end-action id=__actions-rust-lang_setup-rust-toolchain.__run_4;outcome=success;conclusion=success;duration_ms=26]
Lint (macos-latest)	UNKNOWN STEP	2026-09-29T12:19:25.5167660Z ##[start-action display=rustup toolchain install stable;id=__actions-rust-lang_setup-rust-toolchain.__run_5]
Lint (macos-latest)	UNKNOWN STEP	2026-09-29T12:19:25.5181980Z ##[group]Run # Check if value is set
Lint (macos-latest)	UNKNOWN STEP	2026-09-29T12:19:25.5182210Z ^[[36;1m# Check if value is set^[[0m
Lint (macos-latest)	UNKNOWN STEP	2026-09-29T12:19:25.5182410Z ^[[36;1mif [[ -n "$_srt_rust_src_dir" ]]^[[0m
Lint (macos-latest)	UNKNOWN STEP	2026-09-29T12:19:25.5182650Z ^[[36;1mthen^[[0m
Lint (macos-latest)	UNKNOWN STEP	2026-09-29T12:19:25.5182900Z ^[[36;1m  # If value is set the directory must exist^[[0m
Lint (macos-latest)	UNKNOWN STEP	2026-09-29T12:19:25.5183170Z ^[[36;1m  if [[ -d "$_srt_rust_src_dir" ]]^[[0m
Lint (macos-latest)	UNKNOWN STEP	2026-09-29T12:19:25.5183340Z ^[[36;1m  then^[[0m
Lint (macos-latest)	UNKNOWN STEP	2026-09-29T12:19:25.5183500Z ^[[36;1m    cd "$_srt_rust_src_dir"^[[0m
Lint (macos-latest)	UNKNOWN STEP	2026-09-29T12:19:25.5183690Z ^[[36;1m  else^[[0m
Lint (macos-latest)	UNKNOWN STEP	2026-09-29T12:19:25.5183900Z ^[[36;1m    echo "'rust-src-dir' does not point to an existing directory" >&2^[[0m
Lint (macos-latest)	UNKNOWN STEP	2026-09-29T12:19:25.5184590Z ^[[36;1m    echo "The value of 'rust-src-dir' is: ${_srt_rust_src_dir}" >&2^[[0m
Lint (macos-latest)	UNKNOWN STEP	2026-09-29T12:19:25.5184850Z ^[[36;1m    exit 1^[[0m
Lint (macos-latest)	UNKNOWN STEP	2026-09-29T12:19:25.5184980Z ^[[36;1m  fi^[[0m
Lint (macos-latest)	UNKNOWN STEP	2026-09-29T12:19:25.5185110Z ^[[36;1mfi^[[0m
Lint (macos-latest)	UNKNOWN STEP	2026-09-29T12:19:25.5185380Z ^[[36;1mif [[ -z "$_srt_toolchain" && ( -f "rust-toolchain" || -f "rust-toolchain.toml") ]]^[[0m
Lint (macos-latest)	UNKNOWN STEP	2026-09-29T12:19:25.5185670Z ^[[36;1mthen^[[0m
Lint (macos-latest)	UNKNOWN STEP	2026-09-29T12:19:25.5185890Z ^[[36;1m  # Install the toolchain as specified in the file^[[0m
Lint (macos-latest)	UNKNOWN STEP	2026-09-29T12:19:25.5186260Z ^[[36;1m  # rustup show is the old way that implicitly installed a toolchain^[[0m
Lint (macos-latest)	UNKNOWN STEP	2026-09-29T12:19:25.5186720Z ^[[36;1m  # rustup toolchain install is the new explicit way^[[0m
Lint (macos-latest)	UNKNOWN STEP	2026-09-29T12:19:25.5187160Z ^[[36;1m  # https://github.com/rust-lang/rustup/issues/3635#issuecomment-2343511297^[[0m
Lint (macos-latest)	UNKNOWN STEP	2026-09-29T12:19:25.5187700Z ^[[36;1m  rustup show active-toolchain || rustup toolchain install^[[0m
Lint (macos-latest)	UNKNOWN STEP	2026-09-29T12:19:25.5188020Z ^[[36;1m  if [[ -n $_srt_components ]]; then^[[0m
Lint (macos-latest)	UNKNOWN STEP	2026-09-29T12:19:25.5188340Z ^[[36;1m    rustup component add ${_srt_components//,/ }^[[0m
Lint (macos-latest)	UNKNOWN STEP	2026-09-29T12:19:25.5188610Z ^[[36;1m  fi^[[0m
Lint (macos-latest)	UNKNOWN STEP	2026-09-29T12:19:25.5188870Z ^[[36;1m  if [[ -n $_srt_targets ]]; then^[[0m
Lint (macos-latest)	UNKNOWN STEP	2026-09-29T12:19:25.5189130Z ^[[36;1m    rustup target add ${_srt_targets//,/ }^[[0m
Lint (macos-latest)	UNKNOWN STEP	2026-09-29T12:19:25.5189340Z ^[[36;1m  fi^[[0m
Lint (macos-latest)	UNKNOWN STEP	2026-09-29T12:19:25.5189450Z ^[[36;1melse^[[0m
Lint (macos-latest)	UNKNOWN STEP	2026-09-29T12:19:25.5195350Z ^[[36;1m  if [[ -z "$_srt_toolchain" ]]^[[0m
Lint (macos-latest)	UNKNOWN STEP	2026-09-29T12:19:25.5195580Z ^[[36;1m  then^[[0m
Lint (macos-latest)	UNKNOWN STEP	2026-09-29T12:19:25.5195720Z ^[[36;1m    _srt_toolchain=stable^[[0m
Lint (macos-latest)	UNKNOWN STEP	2026-09-29T12:19:25.5195910Z ^[[36;1m  fi^[[0m
Lint (macos-latest)	UNKNOWN STEP	2026-09-29T12:19:25.5196260Z ^[[36;1m  rustup toolchain install ${_srt_toolchain//,/ }  --component clippy --component rustfmt --profile minimal --no-self-update^[[0m
Lint (macos-latest)	UNKNOWN STEP	2026-09-29T12:19:25.5196640Z ^[[36;1m  # Take the last element from the list^[[0m
Lint (macos-latest)	UNKNOWN STEP	2026-09-29T12:19:25.5196820Z ^[[36;1m  if [[ "$_srt_override" == "true" ]]^[[0m
Lint (macos-latest)	UNKNOWN STEP	2026-09-29T12:19:25.5196980Z ^[[36;1m  then^[[0m
Lint (macos-latest)	UNKNOWN STEP	2026-09-29T12:19:25.5197130Z ^[[36;1m    rustup override set ${_srt_toolchain//*,/ }^[[0m
Lint (macos-latest)	UNKNOWN STEP	2026-09-29T12:19:25.5197310Z ^[[36;1m  fi^[[0m
Lint (macos-latest)	UNKNOWN STEP	2026-09-29T12:19:25.5197410Z ^[[36;1mfi^[[0m
Lint (macos-latest)	UNKNOWN STEP	2026-09-29T12:19:25.5204590Z shell: /opt/homebrew/bin/bash --noprofile --norc -e -o pipefail {0}
Lint (macos-latest)	UNKNOWN STEP	2026-09-29T12:19:25.5204820Z env:
Lint (macos-latest)	UNKNOWN STEP	2026-09-29T12:19:25.5204920Z   CARGO_TERM_COLOR: always
Lint (macos-latest)	UNKNOWN STEP	2026-09-29T12:19:25.5205280Z   GO_MODULES: packages/saksi-protocol/go
Lint (macos-latest)	UNKNOWN STEP	packages/saksi-bulletin/chaincode
Lint (macos-latest)	UNKNOWN STEP	packages/saksi-bulletin/client-sdk
Lint (macos-latest)	UNKNOWN STEP	packages/saksi-campaign
Lint (macos-latest)	UNKNOWN STEP	
Lint (macos-latest)	UNKNOWN STEP	2026-09-29T12:19:25.5205670Z   GOFLAGS: -mod=mod
Lint (macos-latest)	UNKNOWN STEP	2026-09-29T12:19:25.5205790Z   CARGO_INCREMENTAL: 0
Lint (macos-latest)	UNKNOWN STEP	2026-09-29T12:19:25.5205910Z   CARGO_PROFILE_DEV_DEBUG: 0
Lint (macos-latest)	UNKNOWN STEP	2026-09-29T12:19:25.5206050Z   RUST_BACKTRACE: short
Lint (macos-latest)	UNKNOWN STEP	2026-09-29T12:19:25.5206180Z   RUSTFLAGS: -D warnings
Lint (macos-latest)	UNKNOWN STEP	2026-09-29T12:19:25.5206310Z   CARGO_UNSTABLE_SPARSE_REGISTRY: true
Lint (macos-latest)	UNKNOWN STEP	2026-09-29T12:19:25.5206490Z   CARGO_REGISTRIES_CRATES_IO_PROTOCOL: sparse
Lint (macos-latest)	UNKNOWN STEP	2026-09-29T12:19:25.5206650Z   _srt_toolchain: 
Lint (macos-latest)	UNKNOWN STEP	2026-09-29T12:19:25.5206760Z   _srt_targets: 
Lint (macos-latest)	UNKNOWN STEP	2026-09-29T12:19:25.5206880Z   _srt_components: clippy,rustfmt
Lint (macos-latest)	UNKNOWN STEP	2026-09-29T12:19:25.5207030Z   _srt_override: true
Lint (macos-latest)	UNKNOWN STEP	2026-09-29T12:19:25.5207150Z   _srt_rust_src_dir: 
Lint (macos-latest)	UNKNOWN STEP	2026-09-29T12:19:25.5207260Z ##[endgroup]
Lint (macos-latest)	UNKNOWN STEP	2026-09-29T12:19:25.5929500Z stable-aarch64-apple-darwin (overridden by '/Users/runner/work/saksi/saksi/rust-toolchain.toml')
Lint (macos-latest)	UNKNOWN STEP	2026-09-29T12:19:25.6355170Z info: component clippy is up to date
Lint (macos-latest)	UNKNOWN STEP	2026-09-29T12:19:25.6589300Z info: component rustfmt is up to date
Lint (macos-latest)	UNKNOWN STEP	2026-09-29T12:19:25.6605570Z ##[end-action id=__actions-rust-lang_setup-rust-toolchain.__run_5;outcome=success;conclusion=success;duration_ms=143]
Lint (macos-latest)	UNKNOWN STEP	2026-09-29T12:19:25.6607330Z ##[start-action display=Print installed versions;id=__actions-rust-lang_setup-rust-toolchain.versions]
Lint (macos-latest)	UNKNOWN STEP	2026-09-29T12:19:25.6629450Z ##[group]Run echo "rustc-version=$(rustc --version)" >> $GITHUB_OUTPUT
Lint (macos-latest)	UNKNOWN STEP	2026-09-29T12:19:25.6629780Z ^[[36;1mecho "rustc-version=$(rustc --version)" >> $GITHUB_OUTPUT^[[0m
Lint (macos-latest)	UNKNOWN STEP	2026-09-29T12:19:25.6630010Z ^[[36;1mrustc --version --verbose^[[0m
Lint (macos-latest)	UNKNOWN STEP	2026-09-29T12:19:25.6630220Z ^[[36;1mecho "cargo-version=$(cargo --version)" >> $GITHUB_OUTPUT^[[0m
Lint (macos-latest)	UNKNOWN STEP	2026-09-29T12:19:25.6630640Z ^[[36;1mcargo --version --verbose^[[0m
Lint (macos-latest)	UNKNOWN STEP	2026-09-29T12:19:25.6630860Z ^[[36;1mecho "rustup-version=$(rustup --version)" >> $GITHUB_OUTPUT^[[0m
Lint (macos-latest)	UNKNOWN STEP	2026-09-29T12:19:25.6631090Z ^[[36;1mrustup --version^[[0m
Lint (macos-latest)	UNKNOWN STEP	2026-09-29T12:19:25.6631220Z ^[[36;1m^[[0m
Lint (macos-latest)	UNKNOWN STEP	2026-09-29T12:19:25.6631510Z ^[[36;1m_srt_DATE=$(rustc --version --verbose | sed -ne 's/^commit-date: \(20[0-9][0-9]\)-\([01][0-9]\)-\([0-3][0-9]\)$/\1\2\3/p')^[[0m
Lint (macos-latest)	UNKNOWN STEP	2026-09-29T12:19:25.6631930Z ^[[36;1m_srt_HASH=$(rustc --version --verbose | sed -ne 's/^commit-hash: //p')^[[0m
Lint (macos-latest)	UNKNOWN STEP	2026-09-29T12:19:25.6632410Z ^[[36;1mecho "cachekey=$(echo $_srt_DATE$_srt_HASH | head -c12)" >> $GITHUB_OUTPUT^[[0m
Lint (macos-latest)	UNKNOWN STEP	2026-09-29T12:19:25.6640690Z shell: /opt/homebrew/bin/bash --noprofile --norc -e -o pipefail {0}
Lint (macos-latest)	UNKNOWN STEP	2026-09-29T12:19:25.6641130Z env:
Lint (macos-latest)	UNKNOWN STEP	2026-09-29T12:19:25.6641270Z   CARGO_TERM_COLOR: always
Lint (macos-latest)	UNKNOWN STEP	2026-09-29T12:19:25.6641750Z   GO_MODULES: packages/saksi-protocol/go
Lint (macos-latest)	UNKNOWN STEP	packages/saksi-bulletin/chaincode
Lint (macos-latest)	UNKNOWN STEP	packages/saksi-bulletin/client-sdk
Lint (macos-latest)	UNKNOWN STEP	packages/saksi-campaign
Lint (macos-latest)	UNKNOWN STEP	
Lint (macos-latest)	UNKNOWN STEP	2026-09-29T12:19:25.6642150Z   GOFLAGS: -mod=mod
Lint (macos-latest)	UNKNOWN STEP	2026-09-29T12:19:25.6642280Z   CARGO_INCREMENTAL: 0
Lint (macos-latest)	UNKNOWN STEP	2026-09-29T12:19:25.6642410Z   CARGO_PROFILE_DEV_DEBUG: 0
Lint (macos-latest)	UNKNOWN STEP	2026-09-29T12:19:25.6642550Z   RUST_BACKTRACE: short
Lint (macos-latest)	UNKNOWN STEP	2026-09-29T12:19:25.6642680Z   RUSTFLAGS: -D warnings
Lint (macos-latest)	UNKNOWN STEP	2026-09-29T12:19:25.6642840Z   CARGO_UNSTABLE_SPARSE_REGISTRY: true
Lint (macos-latest)	UNKNOWN STEP	2026-09-29T12:19:25.6643030Z   CARGO_REGISTRIES_CRATES_IO_PROTOCOL: sparse
Lint (macos-latest)	UNKNOWN STEP	2026-09-29T12:19:25.6643200Z ##[endgroup]
Lint (macos-latest)	UNKNOWN STEP	2026-09-29T12:19:25.9447320Z rustc 1.98.1 (48a229cea 2026-09-01)
Lint (macos-latest)	UNKNOWN STEP	2026-09-29T12:19:25.9447660Z binary: rustc
Lint (macos-latest)	UNKNOWN STEP	2026-09-29T12:19:25.9447850Z commit-hash: 48a229ceaefd4985c50990b14116b6d856af0985
Lint (macos-latest)	UNKNOWN STEP	2026-09-29T12:19:25.9448120Z commit-date: 2026-09-01
Lint (macos-latest)	UNKNOWN STEP	2026-09-29T12:19:25.9448310Z host: aarch64-apple-darwin
Lint (macos-latest)	UNKNOWN STEP	2026-09-29T12:19:25.9448530Z release: 1.98.1
Lint (macos-latest)	UNKNOWN STEP	2026-09-29T12:19:25.9564220Z LLVM version: 22.1.8
Lint (macos-latest)	UNKNOWN STEP	2026-09-29T12:19:26.0394270Z cargo 1.98.1 (797e8a9bc 2026-08-05)
Lint (macos-latest)	UNKNOWN STEP	2026-09-29T12:19:26.0394580Z release: 1.98.1
Lint (macos-latest)	UNKNOWN STEP	2026-09-29T12:19:26.0395220Z commit-hash: 797e8a9bca276c1c9f9f738d2a20f484fa4eea9d
Lint (macos-latest)	UNKNOWN STEP	2026-09-29T12:19:26.0395680Z commit-date: 2026-08-05
Lint (macos-latest)	UNKNOWN STEP	2026-09-29T12:19:26.0395940Z host: aarch64-apple-darwin
Lint (macos-latest)	UNKNOWN STEP	2026-09-29T12:19:26.0396140Z libgit2: 1.9.4 (sys:0.21.0 vendored)
Lint (macos-latest)	UNKNOWN STEP	2026-09-29T12:19:26.0396430Z libcurl: 8.7.1 (sys:0.4.90+curl-8.21.0 system ssl:(SecureTransport) LibreSSL/3.3.6)
Lint (macos-latest)	UNKNOWN STEP	2026-09-29T12:19:26.0396750Z ssl: OpenSSL 3.6.3 9 Jun 2026
Lint (macos-latest)	UNKNOWN STEP	2026-09-29T12:19:26.0396940Z os: Mac OS 26.6.2 [64-bit]
Lint (macos-latest)	UNKNOWN STEP	2026-09-29T12:19:26.0479610Z info: This is the version for the rustup toolchain manager, not the rustc compiler.
Lint (macos-latest)	UNKNOWN STEP	2026-09-29T12:19:26.0718560Z info: the currently active `rustc` version is `rustc 1.98.1 (48a229cea 2026-09-01)`
Lint (macos-latest)	UNKNOWN STEP	2026-09-29T12:19:26.0797830Z info: This is the version for the rustup toolchain manager, not the rustc compiler.
Lint (macos-latest)	UNKNOWN STEP	2026-09-29T12:19:26.0798180Z rustup 1.29.0 (2026-03-05)
Lint (macos-latest)	UNKNOWN STEP	2026-09-29T12:19:26.1009410Z info: the currently active `rustc` version is `rustc 1.98.1 (48a229cea 2026-09-01)`
Lint (macos-latest)	UNKNOWN STEP	2026-09-29T12:19:26.1627870Z ##[end-action id=__actions-rust-lang_setup-rust-toolchain.versions;outcome=success;conclusion=success;duration_ms=501]
Lint (macos-latest)	UNKNOWN STEP	2026-09-29T12:19:26.1629940Z ##[start-action display=Downgrade registry access protocol when needed;id=__actions-rust-lang_setup-rust-toolchain.__run_6]
Lint (macos-latest)	UNKNOWN STEP	2026-09-29T12:19:26.1643650Z ##[group]Run # Not all versions support setting CARGO_REGISTRIES_CRATES_IO_PROTOCOL
Lint (macos-latest)	UNKNOWN STEP	2026-09-29T12:19:26.1644010Z ^[[36;1m# Not all versions support setting CARGO_REGISTRIES_CRATES_IO_PROTOCOL^[[0m
Lint (macos-latest)	UNKNOWN STEP	2026-09-29T12:19:26.1644350Z ^[[36;1m# On versions 1.66, 1.67, and 1.68.0-nightly the value "sparse" is still unstable.^[[0m
Lint (macos-latest)	UNKNOWN STEP	2026-09-29T12:19:26.1644750Z ^[[36;1m# https://github.com/dtolnay/rust-toolchain/pull/69#discussion_r1107268108^[[0m
Lint (macos-latest)	UNKNOWN STEP	2026-09-29T12:19:26.1645100Z ^[[36;1m# If we detect an incompatible value, set it to "git" which is always supported.^[[0m
Lint (macos-latest)	UNKNOWN STEP	2026-09-29T12:19:26.1645590Z ^[[36;1mif [[ "rustc 1.98.1 (48a229cea 2026-09-01)" =~ ^rustc\ (1\.6[67]\.|1\.68\.0-nightly) && "${CARGO_REGISTRIES_CRATES_IO_PROTOCOL}" == "sparse" ]]; then^[[0m
Lint (macos-latest)	UNKNOWN STEP	2026-09-29T12:19:26.1646050Z ^[[36;1m  echo "Downgrade cargo registry protocol to git"^[[0m
Lint (macos-latest)	UNKNOWN STEP	2026-09-29T12:19:26.1646500Z ^[[36;1m  echo "CARGO_REGISTRIES_CRATES_IO_PROTOCOL=git" >> $GITHUB_ENV^[[0m
Lint (macos-latest)	UNKNOWN STEP	2026-09-29T12:19:26.1646730Z ^[[36;1mfi^[[0m
Lint (macos-latest)	UNKNOWN STEP	2026-09-29T12:19:26.1654510Z shell: /opt/homebrew/bin/bash --noprofile --norc -e -o pipefail {0}
Lint (macos-latest)	UNKNOWN STEP	2026-09-29T12:19:26.1654760Z env:
Lint (macos-latest)	UNKNOWN STEP	2026-09-29T12:19:26.1654880Z   CARGO_TERM_COLOR: always
Lint (macos-latest)	UNKNOWN STEP	2026-09-29T12:19:26.1655260Z   GO_MODULES: packages/saksi-protocol/go
Lint (macos-latest)	UNKNOWN STEP	packages/saksi-bulletin/chaincode
Lint (macos-latest)	UNKNOWN STEP	packages/saksi-bulletin/client-sdk
Lint (macos-latest)	UNKNOWN STEP	packages/saksi-campaign
Lint (macos-latest)	UNKNOWN STEP	
Lint (macos-latest)	UNKNOWN STEP	2026-09-29T12:19:26.1655650Z   GOFLAGS: -mod=mod
Lint (macos-latest)	UNKNOWN STEP	2026-09-29T12:19:26.1655760Z   CARGO_INCREMENTAL: 0
Lint (macos-latest)	UNKNOWN STEP	2026-09-29T12:19:26.1656080Z   CARGO_PROFILE_DEV_DEBUG: 0
Lint (macos-latest)	UNKNOWN STEP	2026-09-29T12:19:26.1656220Z   RUST_BACKTRACE: short
Lint (macos-latest)	UNKNOWN STEP	2026-09-29T12:19:26.1656350Z   RUSTFLAGS: -D warnings
Lint (macos-latest)	UNKNOWN STEP	2026-09-29T12:19:26.1656490Z   CARGO_UNSTABLE_SPARSE_REGISTRY: true
Lint (macos-latest)	UNKNOWN STEP	2026-09-29T12:19:26.1656670Z   CARGO_REGISTRIES_CRATES_IO_PROTOCOL: sparse
Lint (macos-latest)	UNKNOWN STEP	2026-09-29T12:19:26.1656830Z ##[endgroup]
Lint (macos-latest)	UNKNOWN STEP	2026-09-29T12:19:26.1911650Z ##[end-action id=__actions-rust-lang_setup-rust-toolchain.__run_6;outcome=success;conclusion=success;duration_ms=28]
Lint (macos-latest)	UNKNOWN STEP	2026-09-29T12:19:26.1913320Z ##[start-action display=Setup Rust Caching;id=__actions-rust-lang_setup-rust-toolchain.__Swatinem_rust-cache]
Lint (macos-latest)	UNKNOWN STEP	2026-09-29T12:19:26.1949420Z ##[group]Run Swatinem/rust-cache@c19371144df3bb44fab255c43d04cbc2ab54d1c4
Lint (macos-latest)	UNKNOWN STEP	2026-09-29T12:19:26.1949650Z with:
Lint (macos-latest)	UNKNOWN STEP	2026-09-29T12:19:26.1949760Z   cache-on-failure: true
Lint (macos-latest)	UNKNOWN STEP	2026-09-29T12:19:26.1949880Z   cache-bin: true
Lint (macos-latest)	UNKNOWN STEP	2026-09-29T12:19:26.1949990Z   cache-provider: github
Lint (macos-latest)	UNKNOWN STEP	2026-09-29T12:19:26.1950120Z   cache-all-crates: false
Lint (macos-latest)	UNKNOWN STEP	2026-09-29T12:19:26.1950280Z   cache-workspace-crates: false
Lint (macos-latest)	UNKNOWN STEP	2026-09-29T12:19:26.1950420Z   cache-targets: true
Lint (macos-latest)	UNKNOWN STEP	2026-09-29T12:19:26.1950540Z   save-if: true
Lint (macos-latest)	UNKNOWN STEP	2026-09-29T12:19:26.1950650Z   prefix-key: v0-rust
Lint (macos-latest)	UNKNOWN STEP	2026-09-29T12:19:26.1950770Z   add-job-id-key: true
Lint (macos-latest)	UNKNOWN STEP	2026-09-29T12:19:26.1950900Z   add-rust-environment-hash-key: true
Lint (macos-latest)	UNKNOWN STEP	2026-09-29T12:19:26.1951060Z   lookup-only: false
Lint (macos-latest)	UNKNOWN STEP	2026-09-29T12:19:26.1951180Z   cmd-format: {0}
Lint (macos-latest)	UNKNOWN STEP	2026-09-29T12:19:26.1951290Z env:
Lint (macos-latest)	UNKNOWN STEP	2026-09-29T12:19:26.1951390Z   CARGO_TERM_COLOR: always
Lint (macos-latest)	UNKNOWN STEP	2026-09-29T12:19:26.1951750Z   GO_MODULES: packages/saksi-protocol/go
Lint (macos-latest)	UNKNOWN STEP	packages/saksi-bulletin/chaincode
Lint (macos-latest)	UNKNOWN STEP	packages/saksi-bulletin/client-sdk
Lint (macos-latest)	UNKNOWN STEP	packages/saksi-campaign
Lint (macos-latest)	UNKNOWN STEP	
Lint (macos-latest)	UNKNOWN STEP	2026-09-29T12:19:26.1952130Z   GOFLAGS: -mod=mod
Lint (macos-latest)	UNKNOWN STEP	2026-09-29T12:19:26.1952250Z   CARGO_INCREMENTAL: 0
Lint (macos-latest)	UNKNOWN STEP	2026-09-29T12:19:26.1952370Z   CARGO_PROFILE_DEV_DEBUG: 0
Lint (macos-latest)	UNKNOWN STEP	2026-09-29T12:19:26.1952500Z   RUST_BACKTRACE: short
Lint (macos-latest)	UNKNOWN STEP	2026-09-29T12:19:26.1952630Z   RUSTFLAGS: -D warnings
Lint (macos-latest)	UNKNOWN STEP	2026-09-29T12:19:26.1952760Z   CARGO_UNSTABLE_SPARSE_REGISTRY: true
Lint (macos-latest)	UNKNOWN STEP	2026-09-29T12:19:26.1952940Z   CARGO_REGISTRIES_CRATES_IO_PROTOCOL: sparse
Lint (macos-latest)	UNKNOWN STEP	2026-09-29T12:19:26.1953100Z ##[endgroup]
Lint (macos-latest)	UNKNOWN STEP	2026-09-29T12:19:26.3548250Z (node:1340) [DEP0040] DeprecationWarning: The `punycode` module is deprecated. Please use a userland alternative instead.
Lint (macos-latest)	UNKNOWN STEP	2026-09-29T12:19:26.3548860Z (Use `node --trace-deprecation ...` to show where the warning was created)
Lint (macos-latest)	UNKNOWN STEP	2026-09-29T12:19:26.5302470Z ##[group]Cache Configuration
Lint (macos-latest)	UNKNOWN STEP	2026-09-29T12:19:26.5303120Z Cache Provider:
Lint (macos-latest)	UNKNOWN STEP	2026-09-29T12:19:26.5303320Z     github
Lint (macos-latest)	UNKNOWN STEP	2026-09-29T12:19:26.5303490Z Workspaces:
Lint (macos-latest)	UNKNOWN STEP	2026-09-29T12:19:26.5303820Z     /Users/runner/work/saksi/saksi
Lint (macos-latest)	UNKNOWN STEP	2026-09-29T12:19:26.5304130Z Cache Paths:
Lint (macos-latest)	UNKNOWN STEP	2026-09-29T12:19:26.5304310Z     /Users/runner/.cargo/bin
Lint (macos-latest)	UNKNOWN STEP	2026-09-29T12:19:26.5304540Z     /Users/runner/.cargo/.crates.toml
Lint (macos-latest)	UNKNOWN STEP	2026-09-29T12:19:26.5304810Z     /Users/runner/.cargo/.crates2.json
Lint (macos-latest)	UNKNOWN STEP	2026-09-29T12:19:26.5305080Z     /Users/runner/.cargo/registry
Lint (macos-latest)	UNKNOWN STEP	2026-09-29T12:19:26.5305330Z     /Users/runner/.cargo/git
Lint (macos-latest)	UNKNOWN STEP	2026-09-29T12:19:26.5305560Z     /Users/runner/work/saksi/saksi/target
Lint (macos-latest)	UNKNOWN STEP	2026-09-29T12:19:26.5313930Z Restore Key:
Lint (macos-latest)	UNKNOWN STEP	2026-09-29T12:19:26.5314170Z     v0-rust-lint-Darwin-arm64-2aa5c948
Lint (macos-latest)	UNKNOWN STEP	2026-09-29T12:19:26.5314390Z Cache Key:
Lint (macos-latest)	UNKNOWN STEP	2026-09-29T12:19:26.5314580Z     v0-rust-lint-Darwin-arm64-2aa5c948-0f869fc1
Lint (macos-latest)	UNKNOWN STEP	2026-09-29T12:19:26.5314860Z .. Prefix:
Lint (macos-latest)	UNKNOWN STEP	2026-09-29T12:19:26.5315010Z   - v0-rust-lint-Darwin-arm64
Lint (macos-latest)	UNKNOWN STEP	2026-09-29T12:19:26.5315200Z .. Environment considered:
Lint (macos-latest)	UNKNOWN STEP	2026-09-29T12:19:26.5315410Z   - Rust Versions:
Lint (macos-latest)	UNKNOWN STEP	2026-09-29T12:19:26.5316130Z     - 1.98.1 aarch64-apple-darwin 48a229ceaefd4985c50990b14116b6d856af0985
Lint (macos-latest)	UNKNOWN STEP	2026-09-29T12:19:26.5316520Z     - 1.98.1 aarch64-apple-darwin 48a229ceaefd4985c50990b14116b6d856af0985
Lint (macos-latest)	UNKNOWN STEP	2026-09-29T12:19:26.5316850Z   - CARGO_INCREMENTAL
Lint (macos-latest)	UNKNOWN STEP	2026-09-29T12:19:26.5317060Z   - CARGO_PROFILE_DEV_DEBUG
Lint (macos-latest)	UNKNOWN STEP	2026-09-29T12:19:26.5317270Z   - CARGO_REGISTRIES_CRATES_IO_PROTOCOL
Lint (macos-latest)	UNKNOWN STEP	2026-09-29T12:19:26.5317520Z   - CARGO_TERM_COLOR
Lint (macos-latest)	UNKNOWN STEP	2026-09-29T12:19:26.5317740Z   - CARGO_UNSTABLE_SPARSE_REGISTRY
Lint (macos-latest)	UNKNOWN STEP	2026-09-29T12:19:26.5317950Z   - RUST_BACKTRACE
Lint (macos-latest)	UNKNOWN STEP	2026-09-29T12:19:26.5318120Z   - RUSTFLAGS
Lint (macos-latest)	UNKNOWN STEP	2026-09-29T12:19:26.5318520Z .. Lockfiles considered:
Lint (macos-latest)	UNKNOWN STEP	2026-09-29T12:19:26.5318760Z   - /Users/runner/work/saksi/saksi/Cargo.lock
Lint (macos-latest)	UNKNOWN STEP	2026-09-29T12:19:26.5319100Z   - /Users/runner/work/saksi/saksi/packages/saksi-auditor/Cargo.toml
Lint (macos-latest)	UNKNOWN STEP	2026-09-29T12:19:26.5319530Z   - /Users/runner/work/saksi/saksi/packages/saksi-credentials/Cargo.toml
Lint (macos-latest)	UNKNOWN STEP	2026-09-29T12:19:26.5319930Z   - /Users/runner/work/saksi/saksi/packages/saksi-crypto/Cargo.toml
Lint (macos-latest)	UNKNOWN STEP	2026-09-29T12:19:26.5320340Z   - /Users/runner/work/saksi/saksi/packages/saksi-demo/Cargo.toml
Lint (macos-latest)	UNKNOWN STEP	2026-09-29T12:19:26.5320680Z   - /Users/runner/work/saksi/saksi/packages/saksi-ffi-flutter/Cargo.toml
Lint (macos-latest)	UNKNOWN STEP	2026-09-29T12:19:26.5321010Z   - /Users/runner/work/saksi/saksi/packages/saksi-ffi-tauri/Cargo.toml
Lint (macos-latest)	UNKNOWN STEP	2026-09-29T12:19:26.5321340Z   - /Users/runner/work/saksi/saksi/packages/saksi-protocol/rust/Cargo.toml
Lint (macos-latest)	UNKNOWN STEP	2026-09-29T12:19:26.5321640Z   - /Users/runner/work/saksi/saksi/rust-toolchain.toml
Lint (macos-latest)	UNKNOWN STEP	2026-09-29T12:19:26.5321950Z ##[endgroup]
Lint (macos-latest)	UNKNOWN STEP	2026-09-29T12:19:26.5322020Z 
Lint (macos-latest)	UNKNOWN STEP	2026-09-29T12:19:26.5322080Z ... Restoring cache ...
Lint (macos-latest)	UNKNOWN STEP	2026-09-29T12:19:26.6068370Z Cache hit for: v0-rust-lint-Darwin-arm64-2aa5c948-0f869fc1
Lint (macos-latest)	UNKNOWN STEP	2026-09-29T12:19:27.0450900Z Received 91012700 of 91012700 (100.0%), 208.1 MBs/sec
Lint (macos-latest)	UNKNOWN STEP	2026-09-29T12:19:27.0454810Z Cache Size: ~87 MB (91012700 B)
Lint (macos-latest)	UNKNOWN STEP	2026-09-29T12:19:27.0488150Z [command]/opt/homebrew/bin/gtar -xf /Users/runner/work/_temp/d2d63ae4-d891-4649-9824-f4b98c175516/cache.tzst -P -C /Users/runner/work/saksi/saksi --delay-directory-restore --use-compress-program unzstd
Lint (macos-latest)	UNKNOWN STEP	2026-09-29T12:19:27.4688320Z Cache restored successfully
Lint (macos-latest)	UNKNOWN STEP	2026-09-29T12:19:27.4702690Z Restored from cache key "v0-rust-lint-Darwin-arm64-2aa5c948-0f869fc1" full match: true.
Lint (macos-latest)	UNKNOWN STEP	2026-09-29T12:19:27.4754650Z ##[end-action id=__actions-rust-lang_setup-rust-toolchain.__Swatinem_rust-cache;outcome=success;conclusion=success;duration_ms=1284]
Lint (macos-latest)	UNKNOWN STEP	2026-09-29T12:19:27.4820410Z ##[group]Run Swatinem/rust-cache@v2
Lint (macos-latest)	UNKNOWN STEP	2026-09-29T12:19:27.4820580Z with:
Lint (macos-latest)	UNKNOWN STEP	2026-09-29T12:19:27.4820690Z   prefix-key: v0-rust
Lint (macos-latest)	UNKNOWN STEP	2026-09-29T12:19:27.4820820Z   add-job-id-key: true
Lint (macos-latest)	UNKNOWN STEP	2026-09-29T12:19:27.4820960Z   add-rust-environment-hash-key: true
Lint (macos-latest)	UNKNOWN STEP	2026-09-29T12:19:27.4821120Z   cache-targets: true
Lint (macos-latest)	UNKNOWN STEP	2026-09-29T12:19:27.4821250Z   cache-all-crates: false
Lint (macos-latest)	UNKNOWN STEP	2026-09-29T12:19:27.4821400Z   cache-workspace-crates: false
Lint (macos-latest)	UNKNOWN STEP	2026-09-29T12:19:27.4821540Z   save-if: true
Lint (macos-latest)	UNKNOWN STEP	2026-09-29T12:19:27.4821650Z   cache-provider: github
Lint (macos-latest)	UNKNOWN STEP	2026-09-29T12:19:27.4821780Z   cache-bin: true
Lint (macos-latest)	UNKNOWN STEP	2026-09-29T12:19:27.4821900Z   lookup-only: false
Lint (macos-latest)	UNKNOWN STEP	2026-09-29T12:19:27.4822030Z   cmd-format: {0}
Lint (macos-latest)	UNKNOWN STEP	2026-09-29T12:19:27.4822140Z env:
Lint (macos-latest)	UNKNOWN STEP	2026-09-29T12:19:27.4822240Z   CARGO_TERM_COLOR: always
Lint (macos-latest)	UNKNOWN STEP	2026-09-29T12:19:27.4822610Z   GO_MODULES: packages/saksi-protocol/go
Lint (macos-latest)	UNKNOWN STEP	packages/saksi-bulletin/chaincode
Lint (macos-latest)	UNKNOWN STEP	packages/saksi-bulletin/client-sdk
Lint (macos-latest)	UNKNOWN STEP	packages/saksi-campaign
Lint (macos-latest)	UNKNOWN STEP	
Lint (macos-latest)	UNKNOWN STEP	2026-09-29T12:19:27.4823040Z   GOFLAGS: -mod=mod
Lint (macos-latest)	UNKNOWN STEP	2026-09-29T12:19:27.4823180Z   CARGO_INCREMENTAL: 0
Lint (macos-latest)	UNKNOWN STEP	2026-09-29T12:19:27.4823320Z   CARGO_PROFILE_DEV_DEBUG: 0
Lint (macos-latest)	UNKNOWN STEP	2026-09-29T12:19:27.4823450Z   RUST_BACKTRACE: short
Lint (macos-latest)	UNKNOWN STEP	2026-09-29T12:19:27.4823580Z   RUSTFLAGS: -D warnings
Lint (macos-latest)	UNKNOWN STEP	2026-09-29T12:19:27.4823720Z   CARGO_UNSTABLE_SPARSE_REGISTRY: true
Lint (macos-latest)	UNKNOWN STEP	2026-09-29T12:19:27.4823900Z   CARGO_REGISTRIES_CRATES_IO_PROTOCOL: sparse
Lint (macos-latest)	UNKNOWN STEP	2026-09-29T12:19:27.4824070Z   CACHE_ON_FAILURE: true
Lint (macos-latest)	UNKNOWN STEP	2026-09-29T12:19:27.4824200Z ##[endgroup]
Lint (macos-latest)	UNKNOWN STEP	2026-09-29T12:19:27.7776160Z ##[group]Cache Configuration
Lint (macos-latest)	UNKNOWN STEP	2026-09-29T12:19:27.7776580Z Cache Provider:
Lint (macos-latest)	UNKNOWN STEP	2026-09-29T12:19:27.7776750Z     github
Lint (macos-latest)	UNKNOWN STEP	2026-09-29T12:19:27.7776900Z Workspaces:
Lint (macos-latest)	UNKNOWN STEP	2026-09-29T12:19:27.7777070Z     /Users/runner/work/saksi/saksi
Lint (macos-latest)	UNKNOWN STEP	2026-09-29T12:19:27.7777790Z Cache Paths:
Lint (macos-latest)	UNKNOWN STEP	2026-09-29T12:19:27.7777970Z     /Users/runner/.cargo/bin
Lint (macos-latest)	UNKNOWN STEP	2026-09-29T12:19:27.7778150Z     /Users/runner/.cargo/.crates.toml
Lint (macos-latest)	UNKNOWN STEP	2026-09-29T12:19:27.7778360Z     /Users/runner/.cargo/.crates2.json
Lint (macos-latest)	UNKNOWN STEP	2026-09-29T12:19:27.7778560Z     /Users/runner/.cargo/registry
Lint (macos-latest)	UNKNOWN STEP	2026-09-29T12:19:27.7778740Z     /Users/runner/.cargo/git
Lint (macos-latest)	UNKNOWN STEP	2026-09-29T12:19:27.7778990Z     /Users/runner/work/saksi/saksi/target
Lint (macos-latest)	UNKNOWN STEP	2026-09-29T12:19:27.7779250Z Restore Key:
Lint (macos-latest)	UNKNOWN STEP	2026-09-29T12:19:27.7779430Z     v0-rust-lint-Darwin-arm64-c77bbf89
Lint (macos-latest)	UNKNOWN STEP	2026-09-29T12:19:27.7779630Z Cache Key:
Lint (macos-latest)	UNKNOWN STEP	2026-09-29T12:19:27.7779790Z     v0-rust-lint-Darwin-arm64-c77bbf89-0f869fc1
Lint (macos-latest)	UNKNOWN STEP	2026-09-29T12:19:27.7780030Z .. Prefix:
Lint (macos-latest)	UNKNOWN STEP	2026-09-29T12:19:27.7780180Z   - v0-rust-lint-Darwin-arm64
Lint (macos-latest)	UNKNOWN STEP	2026-09-29T12:19:27.7780370Z .. Environment considered:
Lint (macos-latest)	UNKNOWN STEP	2026-09-29T12:19:27.7780530Z   - Rust Versions:
Lint (macos-latest)	UNKNOWN STEP	2026-09-29T12:19:27.7780760Z     - 1.98.1 aarch64-apple-darwin 48a229ceaefd4985c50990b14116b6d856af0985
Lint (macos-latest)	UNKNOWN STEP	2026-09-29T12:19:27.7781050Z   - CARGO_INCREMENTAL
Lint (macos-latest)	UNKNOWN STEP	2026-09-29T12:19:27.7781220Z   - CARGO_PROFILE_DEV_DEBUG
Lint (macos-latest)	UNKNOWN STEP	2026-09-29T12:19:27.7781410Z   - CARGO_REGISTRIES_CRATES_IO_PROTOCOL
Lint (macos-latest)	UNKNOWN STEP	2026-09-29T12:19:27.7781600Z   - CARGO_TERM_COLOR
Lint (macos-latest)	UNKNOWN STEP	2026-09-29T12:19:27.7781820Z   - CARGO_UNSTABLE_SPARSE_REGISTRY
Lint (macos-latest)	UNKNOWN STEP	2026-09-29T12:19:27.7782010Z   - RUST_BACKTRACE
Lint (macos-latest)	UNKNOWN STEP	2026-09-29T12:19:27.7782150Z   - RUSTFLAGS
Lint (macos-latest)	UNKNOWN STEP	2026-09-29T12:19:27.7782320Z .. Lockfiles considered:
Lint (macos-latest)	UNKNOWN STEP	2026-09-29T12:19:27.7782570Z   - /Users/runner/work/saksi/saksi/Cargo.lock
Lint (macos-latest)	UNKNOWN STEP	2026-09-29T12:19:27.7782940Z   - /Users/runner/work/saksi/saksi/packages/saksi-auditor/Cargo.toml
Lint (macos-latest)	UNKNOWN STEP	2026-09-29T12:19:27.7783380Z   - /Users/runner/work/saksi/saksi/packages/saksi-credentials/Cargo.toml
Lint (macos-latest)	UNKNOWN STEP	2026-09-29T12:19:27.7783810Z   - /Users/runner/work/saksi/saksi/packages/saksi-crypto/Cargo.toml
Lint (macos-latest)	UNKNOWN STEP	2026-09-29T12:19:27.7784240Z   - /Users/runner/work/saksi/saksi/packages/saksi-demo/Cargo.toml
Lint (macos-latest)	UNKNOWN STEP	2026-09-29T12:19:27.7784640Z   - /Users/runner/work/saksi/saksi/packages/saksi-ffi-flutter/Cargo.toml
Lint (macos-latest)	UNKNOWN STEP	2026-09-29T12:19:27.7785080Z   - /Users/runner/work/saksi/saksi/packages/saksi-ffi-tauri/Cargo.toml
Lint (macos-latest)	UNKNOWN STEP	2026-09-29T12:19:27.7785510Z   - /Users/runner/work/saksi/saksi/packages/saksi-protocol/rust/Cargo.toml
Lint (macos-latest)	UNKNOWN STEP	2026-09-29T12:19:27.7785920Z   - /Users/runner/work/saksi/saksi/rust-toolchain.toml
Lint (macos-latest)	UNKNOWN STEP	2026-09-29T12:19:27.7786320Z ##[endgroup]
Lint (macos-latest)	UNKNOWN STEP	2026-09-29T12:19:27.7786430Z 
Lint (macos-latest)	UNKNOWN STEP	2026-09-29T12:19:27.7786520Z ... Restoring cache ...
Lint (macos-latest)	UNKNOWN STEP	2026-09-29T12:19:27.8453000Z Cache hit for: v0-rust-lint-Darwin-arm64-c77bbf89-0f869fc1
Lint (macos-latest)	UNKNOWN STEP	2026-09-29T12:19:28.3792660Z Received 91012238 of 91012238 (100.0%), 172.2 MBs/sec
Lint (macos-latest)	UNKNOWN STEP	2026-09-29T12:19:28.3795920Z Cache Size: ~87 MB (91012238 B)
Lint (macos-latest)	UNKNOWN STEP	2026-09-29T12:19:28.3856040Z [command]/opt/homebrew/bin/gtar -xf /Users/runner/work/_temp/be8d9a32-dbbb-4873-b967-40f4cc072b8c/cache.tzst -P -C /Users/runner/work/saksi/saksi --delay-directory-restore --use-compress-program unzstd
Lint (macos-latest)	UNKNOWN STEP	2026-09-29T12:19:28.8592990Z Cache restored successfully
Lint (macos-latest)	UNKNOWN STEP	2026-09-29T12:19:28.8606760Z Restored from cache key "v0-rust-lint-Darwin-arm64-c77bbf89-0f869fc1" full match: true.
Lint (macos-latest)	UNKNOWN STEP	2026-09-29T12:19:28.8667890Z ##[group]Run cargo fmt --check
Lint (macos-latest)	UNKNOWN STEP	2026-09-29T12:19:28.8668150Z ^[[36;1mcargo fmt --check^[[0m
Lint (macos-latest)	UNKNOWN STEP	2026-09-29T12:19:28.8677800Z shell: /opt/homebrew/bin/bash -e {0}
Lint (macos-latest)	UNKNOWN STEP	2026-09-29T12:19:28.8677970Z env:
Lint (macos-latest)	UNKNOWN STEP	2026-09-29T12:19:28.8678120Z   CARGO_TERM_COLOR: always
Lint (macos-latest)	UNKNOWN STEP	2026-09-29T12:19:28.8678550Z   GO_MODULES: packages/saksi-protocol/go
Lint (macos-latest)	UNKNOWN STEP	packages/saksi-bulletin/chaincode
Lint (macos-latest)	UNKNOWN STEP	packages/saksi-bulletin/client-sdk
Lint (macos-latest)	UNKNOWN STEP	packages/saksi-campaign
Lint (macos-latest)	UNKNOWN STEP	
Lint (macos-latest)	UNKNOWN STEP	2026-09-29T12:19:28.8678990Z   GOFLAGS: -mod=mod
Lint (macos-latest)	UNKNOWN STEP	2026-09-29T12:19:28.8679120Z   CARGO_INCREMENTAL: 0
Lint (macos-latest)	UNKNOWN STEP	2026-09-29T12:19:28.8679280Z   CARGO_PROFILE_DEV_DEBUG: 0
Lint (macos-latest)	UNKNOWN STEP	2026-09-29T12:19:28.8679470Z   RUST_BACKTRACE: short
Lint (macos-latest)	UNKNOWN STEP	2026-09-29T12:19:28.8679640Z   RUSTFLAGS: -D warnings
Lint (macos-latest)	UNKNOWN STEP	2026-09-29T12:19:28.8679790Z   CARGO_UNSTABLE_SPARSE_REGISTRY: true
Lint (macos-latest)	UNKNOWN STEP	2026-09-29T12:19:28.8679970Z   CARGO_REGISTRIES_CRATES_IO_PROTOCOL: sparse
Lint (macos-latest)	UNKNOWN STEP	2026-09-29T12:19:28.8680250Z   CACHE_ON_FAILURE: false
Lint (macos-latest)	UNKNOWN STEP	2026-09-29T12:19:28.8680400Z ##[endgroup]
Lint (macos-latest)	UNKNOWN STEP	2026-09-29T12:19:29.0913220Z ##[group]Run cargo clippy --workspace --all-targets -- -D warnings
Lint (macos-latest)	UNKNOWN STEP	2026-09-29T12:19:29.0913920Z ^[[36;1mcargo clippy --workspace --all-targets -- -D warnings^[[0m
Lint (macos-latest)	UNKNOWN STEP	2026-09-29T12:19:29.0922870Z shell: /opt/homebrew/bin/bash -e {0}
Lint (macos-latest)	UNKNOWN STEP	2026-09-29T12:19:29.0923070Z env:
Lint (macos-latest)	UNKNOWN STEP	2026-09-29T12:19:29.0923220Z   CARGO_TERM_COLOR: always
Lint (macos-latest)	UNKNOWN STEP	2026-09-29T12:19:29.0923640Z   GO_MODULES: packages/saksi-protocol/go
Lint (macos-latest)	UNKNOWN STEP	packages/saksi-bulletin/chaincode
Lint (macos-latest)	UNKNOWN STEP	packages/saksi-bulletin/client-sdk
Lint (macos-latest)	UNKNOWN STEP	packages/saksi-campaign
Lint (macos-latest)	UNKNOWN STEP	
Lint (macos-latest)	UNKNOWN STEP	2026-09-29T12:19:29.0924110Z   GOFLAGS: -mod=mod
Lint (macos-latest)	UNKNOWN STEP	2026-09-29T12:19:29.0924270Z   CARGO_INCREMENTAL: 0
Lint (macos-latest)	UNKNOWN STEP	2026-09-29T12:19:29.0924440Z   CARGO_PROFILE_DEV_DEBUG: 0
Lint (macos-latest)	UNKNOWN STEP	2026-09-29T12:19:29.0924600Z   RUST_BACKTRACE: short
Lint (macos-latest)	UNKNOWN STEP	2026-09-29T12:19:29.0924760Z   RUSTFLAGS: -D warnings
Lint (macos-latest)	UNKNOWN STEP	2026-09-29T12:19:29.0924940Z   CARGO_UNSTABLE_SPARSE_REGISTRY: true
Lint (macos-latest)	UNKNOWN STEP	2026-09-29T12:19:29.0925190Z   CARGO_REGISTRIES_CRATES_IO_PROTOCOL: sparse
Lint (macos-latest)	UNKNOWN STEP	2026-09-29T12:19:29.0925390Z   CACHE_ON_FAILURE: false
Lint (macos-latest)	UNKNOWN STEP	2026-09-29T12:19:29.0925570Z ##[endgroup]
Lint (macos-latest)	UNKNOWN STEP	2026-09-29T12:19:29.2904470Z ^[[1m^[[92m    Updating^[[0m crates.io index
Lint (macos-latest)	UNKNOWN STEP	2026-09-29T12:19:30.1940540Z ^[[1m^[[92m   Compiling^[[0m saksi-protocol v0.0.0 (/Users/runner/work/saksi/saksi/packages/saksi-protocol/rust)
Lint (macos-latest)	UNKNOWN STEP	2026-09-29T12:19:32.9360360Z ^[[1m^[[92m    Checking^[[0m saksi-crypto v0.0.0 (/Users/runner/work/saksi/saksi/packages/saksi-crypto)
Lint (macos-latest)	UNKNOWN STEP	2026-09-29T12:19:33.0463170Z ^[[1m^[[92m    Checking^[[0m saksi-credentials v0.0.0 (/Users/runner/work/saksi/saksi/packages/saksi-credentials)
Lint (macos-latest)	UNKNOWN STEP	2026-09-29T12:19:33.1073540Z ^[[1m^[[92m    Checking^[[0m saksi-auditor v0.0.0 (/Users/runner/work/saksi/saksi/packages/saksi-auditor)
Lint (macos-latest)	UNKNOWN STEP	2026-09-29T12:19:33.1077520Z ^[[1m^[[92m    Checking^[[0m saksi-ffi-flutter v0.0.0 (/Users/runner/work/saksi/saksi/packages/saksi-ffi-flutter)
Lint (macos-latest)	UNKNOWN STEP	2026-09-29T12:19:33.1385900Z ^[[1m^[[92m    Checking^[[0m saksi-ffi-tauri v0.0.0 (/Users/runner/work/saksi/saksi/packages/saksi-ffi-tauri)
Lint (macos-latest)	UNKNOWN STEP	2026-09-29T12:19:33.4427190Z ^[[1m^[[92m    Checking^[[0m saksi-demo v0.0.0 (/Users/runner/work/saksi/saksi/packages/saksi-demo)
Lint (macos-latest)	UNKNOWN STEP	2026-09-29T12:19:33.6268050Z ^[[1m^[[92m    Finished^[[0m `dev` profile [unoptimized] target(s) in 4.44s
Lint (macos-latest)	UNKNOWN STEP	2026-09-29T12:19:33.6376670Z ##[group]Run actions/setup-go@v5
Lint (macos-latest)	UNKNOWN STEP	2026-09-29T12:19:33.6376840Z with:
Lint (macos-latest)	UNKNOWN STEP	2026-09-29T12:19:33.6376950Z   go-version: 1.25
Lint (macos-latest)	UNKNOWN STEP	2026-09-29T12:19:33.6377070Z   cache: true
Lint (macos-latest)	UNKNOWN STEP	2026-09-29T12:19:33.6377440Z   cache-dependency-path: packages/saksi-protocol/go/go.mod
Lint (macos-latest)	UNKNOWN STEP	packages/saksi-bulletin/chaincode/go.mod
Lint (macos-latest)	UNKNOWN STEP	packages/saksi-bulletin/client-sdk/go.mod
Lint (macos-latest)	UNKNOWN STEP	
Lint (macos-latest)	UNKNOWN STEP	2026-09-29T12:19:33.6377870Z   check-latest: false
Lint (macos-latest)	UNKNOWN STEP	2026-09-29T12:19:33.6379370Z   token: ***
Lint (macos-latest)	UNKNOWN STEP	2026-09-29T12:19:33.6379480Z env:
Lint (macos-latest)	UNKNOWN STEP	2026-09-29T12:19:33.6379590Z   CARGO_TERM_COLOR: always
Lint (macos-latest)	UNKNOWN STEP	2026-09-29T12:19:33.6379990Z   GO_MODULES: packages/saksi-protocol/go
Lint (macos-latest)	UNKNOWN STEP	packages/saksi-bulletin/chaincode
Lint (macos-latest)	UNKNOWN STEP	packages/saksi-bulletin/client-sdk
Lint (macos-latest)	UNKNOWN STEP	packages/saksi-campaign
Lint (macos-latest)	UNKNOWN STEP	
Lint (macos-latest)	UNKNOWN STEP	2026-09-29T12:19:33.6380390Z   GOFLAGS: -mod=mod
Lint (macos-latest)	UNKNOWN STEP	2026-09-29T12:19:33.6380510Z   CARGO_INCREMENTAL: 0
Lint (macos-latest)	UNKNOWN STEP	2026-09-29T12:19:33.6380650Z   CARGO_PROFILE_DEV_DEBUG: 0
Lint (macos-latest)	UNKNOWN STEP	2026-09-29T12:19:33.6380980Z   RUST_BACKTRACE: short
Lint (macos-latest)	UNKNOWN STEP	2026-09-29T12:19:33.6381150Z   RUSTFLAGS: -D warnings
Lint (macos-latest)	UNKNOWN STEP	2026-09-29T12:19:33.6381320Z   CARGO_UNSTABLE_SPARSE_REGISTRY: true
Lint (macos-latest)	UNKNOWN STEP	2026-09-29T12:19:33.6381510Z   CARGO_REGISTRIES_CRATES_IO_PROTOCOL: sparse
Lint (macos-latest)	UNKNOWN STEP	2026-09-29T12:19:33.6381720Z   CACHE_ON_FAILURE: false
Lint (macos-latest)	UNKNOWN STEP	2026-09-29T12:19:33.6381850Z ##[endgroup]
Lint (macos-latest)	UNKNOWN STEP	2026-09-29T12:19:33.7357260Z Setup go version spec 1.25
Lint (macos-latest)	UNKNOWN STEP	2026-09-29T12:19:33.7421190Z Found in cache @ /Users/runner/hostedtoolcache/go/1.25.14/arm64
Lint (macos-latest)	UNKNOWN STEP	2026-09-29T12:19:33.7421750Z (node:1451) [DEP0040] DeprecationWarning: The `punycode` module is deprecated. Please use a userland alternative instead.
Lint (macos-latest)	UNKNOWN STEP	2026-09-29T12:19:33.7422230Z (Use `node --trace-deprecation ...` to show where the warning was created)
Lint (macos-latest)	UNKNOWN STEP	2026-09-29T12:19:33.7424120Z Added go to the path
Lint (macos-latest)	UNKNOWN STEP	2026-09-29T12:19:33.7425650Z Successfully set up Go version 1.25
Lint (macos-latest)	UNKNOWN STEP	2026-09-29T12:19:33.8258980Z [command]/Users/runner/hostedtoolcache/go/1.25.14/arm64/bin/go env GOMODCACHE
Lint (macos-latest)	UNKNOWN STEP	2026-09-29T12:19:33.8269630Z [command]/Users/runner/hostedtoolcache/go/1.25.14/arm64/bin/go env GOCACHE
Lint (macos-latest)	UNKNOWN STEP	2026-09-29T12:19:33.8314890Z /Users/runner/go/pkg/mod
Lint (macos-latest)	UNKNOWN STEP	2026-09-29T12:19:33.8324140Z /Users/runner/Library/Caches/go-build
Lint (macos-latest)	UNKNOWN STEP	2026-09-29T12:19:33.9420800Z Cache hit for: setup-go-macOS-arm64-go-1.25.14-61bbf44200ea51c97db44eef9d5fd9d32d6f41e109b84a02d8ea08dac29e82dd
Lint (macos-latest)	UNKNOWN STEP	2026-09-29T12:19:33.9487900Z (node:1451) [DEP0169] DeprecationWarning: `url.parse()` behavior is not standardized and prone to errors that have security implications. Use the WHATWG URL API instead. CVEs are not issued for `url.parse()` vulnerabilities.
Lint (macos-latest)	UNKNOWN STEP	2026-09-29T12:19:34.7826490Z Received 199301454 of 199301454 (100.0%), 244.3 MBs/sec
Lint (macos-latest)	UNKNOWN STEP	2026-09-29T12:19:34.7832000Z Cache Size: ~190 MB (199301454 B)
Lint (macos-latest)	UNKNOWN STEP	2026-09-29T12:19:34.7895400Z [command]/opt/homebrew/bin/gtar -xf /Users/runner/work/_temp/feacd66c-0c58-4bf0-8f5b-f9c62e51141f/cache.tzst -P -C /Users/runner/work/saksi/saksi --delay-directory-restore --use-compress-program unzstd
Lint (macos-latest)	UNKNOWN STEP	2026-09-29T12:19:37.2165880Z Cache restored successfully
Lint (macos-latest)	UNKNOWN STEP	2026-09-29T12:19:37.2196180Z Cache restored from key: setup-go-macOS-arm64-go-1.25.14-61bbf44200ea51c97db44eef9d5fd9d32d6f41e109b84a02d8ea08dac29e82dd
Lint (macos-latest)	UNKNOWN STEP	2026-09-29T12:19:37.2206160Z go version go1.25.14 darwin/arm64
Lint (macos-latest)	UNKNOWN STEP	2026-09-29T12:19:37.2206350Z 
Lint (macos-latest)	UNKNOWN STEP	2026-09-29T12:19:37.2206590Z ##[group]go env
Lint (macos-latest)	UNKNOWN STEP	2026-09-29T12:19:37.2558880Z AR='ar'
Lint (macos-latest)	UNKNOWN STEP	2026-09-29T12:19:37.2559090Z CC='clang'
Lint (macos-latest)	UNKNOWN STEP	2026-09-29T12:19:37.2559270Z CGO_CFLAGS='-O2 -g'
Lint (macos-latest)	UNKNOWN STEP	2026-09-29T12:19:37.2559640Z CGO_CPPFLAGS=''
Lint (macos-latest)	UNKNOWN STEP	2026-09-29T12:19:37.2559940Z CGO_CXXFLAGS='-O2 -g'
Lint (macos-latest)	UNKNOWN STEP	2026-09-29T12:19:37.2560230Z CGO_ENABLED='1'
Lint (macos-latest)	UNKNOWN STEP	2026-09-29T12:19:37.2560520Z CGO_FFLAGS='-O2 -g'
Lint (macos-latest)	UNKNOWN STEP	2026-09-29T12:19:37.2560730Z CGO_LDFLAGS='-O2 -g'
Lint (macos-latest)	UNKNOWN STEP	2026-09-29T12:19:37.2560920Z CXX='clang++'
Lint (macos-latest)	UNKNOWN STEP	2026-09-29T12:19:37.2561100Z GCCGO='gccgo'
Lint (macos-latest)	UNKNOWN STEP	2026-09-29T12:19:37.2561240Z GO111MODULE=''
Lint (macos-latest)	UNKNOWN STEP	2026-09-29T12:19:37.2561370Z GOARCH='arm64'
Lint (macos-latest)	UNKNOWN STEP	2026-09-29T12:19:37.2561500Z GOARM64='v8.0'
Lint (macos-latest)	UNKNOWN STEP	2026-09-29T12:19:37.2561640Z GOAUTH='netrc'
Lint (macos-latest)	UNKNOWN STEP	2026-09-29T12:19:37.2561810Z GOBIN=''
Lint (macos-latest)	UNKNOWN STEP	2026-09-29T12:19:37.2562030Z GOCACHE='/Users/runner/Library/Caches/go-build'
Lint (macos-latest)	UNKNOWN STEP	2026-09-29T12:19:37.2562270Z GOCACHEPROG=''
Lint (macos-latest)	UNKNOWN STEP	2026-09-29T12:19:37.2562410Z GODEBUG=''
Lint (macos-latest)	UNKNOWN STEP	2026-09-29T12:19:37.2563110Z GOENV='/Users/runner/Library/Application Support/go/env'
Lint (macos-latest)	UNKNOWN STEP	2026-09-29T12:19:37.2563370Z GOEXE=''
Lint (macos-latest)	UNKNOWN STEP	2026-09-29T12:19:37.2563530Z GOEXPERIMENT=''
Lint (macos-latest)	UNKNOWN STEP	2026-09-29T12:19:37.2563700Z GOFIPS140='off'
Lint (macos-latest)	UNKNOWN STEP	2026-09-29T12:19:37.2563870Z GOFLAGS='-mod=mod'
Lint (macos-latest)	UNKNOWN STEP	2026-09-29T12:19:37.2564670Z GOGCCFLAGS='-fPIC -arch arm64 -pthread -fno-caret-diagnostics -Qunused-arguments -fmessage-length=0 -ffile-prefix-map=/var/folders/36/tjdph2t965j8snz9_vkdnw0r0000gn/T/go-build495595784=/tmp/go-build -gno-record-gcc-switches -fno-common'
Lint (macos-latest)	UNKNOWN STEP	2026-09-29T12:19:37.2565390Z GOHOSTARCH='arm64'
Lint (macos-latest)	UNKNOWN STEP	2026-09-29T12:19:37.2565530Z GOHOSTOS='darwin'
Lint (macos-latest)	UNKNOWN STEP	2026-09-29T12:19:37.2565670Z GOINSECURE=''
Lint (macos-latest)	UNKNOWN STEP	2026-09-29T12:19:37.2565800Z GOMOD='/dev/null'
Lint (macos-latest)	UNKNOWN STEP	2026-09-29T12:19:37.2565970Z GOMODCACHE='/Users/runner/go/pkg/mod'
Lint (macos-latest)	UNKNOWN STEP	2026-09-29T12:19:37.2566160Z GONOPROXY=''
Lint (macos-latest)	UNKNOWN STEP	2026-09-29T12:19:37.2566280Z GONOSUMDB=''
Lint (macos-latest)	UNKNOWN STEP	2026-09-29T12:19:37.2566410Z GOOS='darwin'
Lint (macos-latest)	UNKNOWN STEP	2026-09-29T12:19:37.2566550Z GOPATH='/Users/runner/go'
Lint (macos-latest)	UNKNOWN STEP	2026-09-29T12:19:37.2566710Z GOPRIVATE=''
Lint (macos-latest)	UNKNOWN STEP	2026-09-29T12:19:37.2566890Z GOPROXY='https://proxy.golang.org,direct'
Lint (macos-latest)	UNKNOWN STEP	2026-09-29T12:19:37.2567170Z GOROOT='/Users/runner/hostedtoolcache/go/1.25.14/arm64'
Lint (macos-latest)	UNKNOWN STEP	2026-09-29T12:19:37.2567410Z GOSUMDB='sum.golang.org'
Lint (macos-latest)	UNKNOWN STEP	2026-09-29T12:19:37.2567610Z GOTELEMETRY='local'
Lint (macos-latest)	UNKNOWN STEP	2026-09-29T12:19:37.2567850Z GOTELEMETRYDIR='/Users/runner/Library/Application Support/go/telemetry'
Lint (macos-latest)	UNKNOWN STEP	2026-09-29T12:19:37.2568120Z GOTMPDIR=''
Lint (macos-latest)	UNKNOWN STEP	2026-09-29T12:19:37.2568240Z GOTOOLCHAIN='auto'
Lint (macos-latest)	UNKNOWN STEP	2026-09-29T12:19:37.2568500Z GOTOOLDIR='/Users/runner/hostedtoolcache/go/1.25.14/arm64/pkg/tool/darwin_arm64'
Lint (macos-latest)	UNKNOWN STEP	2026-09-29T12:19:37.2568780Z GOVCS=''
Lint (macos-latest)	UNKNOWN STEP	2026-09-29T12:19:37.2568910Z GOVERSION='go1.25.14'
Lint (macos-latest)	UNKNOWN STEP	2026-09-29T12:19:37.2569060Z GOWORK=''
Lint (macos-latest)	UNKNOWN STEP	2026-09-29T12:19:37.2569200Z PKG_CONFIG='pkg-config'
Lint (macos-latest)	UNKNOWN STEP	2026-09-29T12:19:37.2569290Z 
Lint (macos-latest)	UNKNOWN STEP	2026-09-29T12:19:37.2569540Z ##[endgroup]
Lint (macos-latest)	UNKNOWN STEP	2026-09-29T12:19:37.2649650Z ##[group]Run go install honnef.co/go/tools/cmd/staticcheck@latest
Lint (macos-latest)	UNKNOWN STEP	2026-09-29T12:19:37.2649990Z ^[[36;1mgo install honnef.co/go/tools/cmd/staticcheck@latest^[[0m
Lint (macos-latest)	UNKNOWN STEP	2026-09-29T12:19:37.2664880Z shell: /opt/homebrew/bin/bash -e {0}
Lint (macos-latest)	UNKNOWN STEP	2026-09-29T12:19:37.2665120Z env:
Lint (macos-latest)	UNKNOWN STEP	2026-09-29T12:19:37.2665290Z   CARGO_TERM_COLOR: always
Lint (macos-latest)	UNKNOWN STEP	2026-09-29T12:19:37.2665900Z   GO_MODULES: packages/saksi-protocol/go
Lint (macos-latest)	UNKNOWN STEP	packages/saksi-bulletin/chaincode
Lint (macos-latest)	UNKNOWN STEP	packages/saksi-bulletin/client-sdk
Lint (macos-latest)	UNKNOWN STEP	packages/saksi-campaign
Lint (macos-latest)	UNKNOWN STEP	
Lint (macos-latest)	UNKNOWN STEP	2026-09-29T12:19:37.2666350Z   GOFLAGS: -mod=mod
Lint (macos-latest)	UNKNOWN STEP	2026-09-29T12:19:37.2666520Z   CARGO_INCREMENTAL: 0
Lint (macos-latest)	UNKNOWN STEP	2026-09-29T12:19:37.2666740Z   CARGO_PROFILE_DEV_DEBUG: 0
Lint (macos-latest)	UNKNOWN STEP	2026-09-29T12:19:37.2666950Z   RUST_BACKTRACE: short
Lint (macos-latest)	UNKNOWN STEP	2026-09-29T12:19:37.2667110Z   RUSTFLAGS: -D warnings
Lint (macos-latest)	UNKNOWN STEP	2026-09-29T12:19:37.2667350Z   CARGO_UNSTABLE_SPARSE_REGISTRY: true
Lint (macos-latest)	UNKNOWN STEP	2026-09-29T12:19:37.2667610Z   CARGO_REGISTRIES_CRATES_IO_PROTOCOL: sparse
Lint (macos-latest)	UNKNOWN STEP	2026-09-29T12:19:37.2667810Z   CACHE_ON_FAILURE: false
Lint (macos-latest)	UNKNOWN STEP	2026-09-29T12:19:37.2667960Z ##[endgroup]
Lint (macos-latest)	UNKNOWN STEP	2026-09-29T12:19:37.7100690Z go: downloading honnef.co/go/tools v0.8.1
Lint (macos-latest)	UNKNOWN STEP	2026-09-29T12:19:38.0793910Z go: honnef.co/go/tools@v0.8.1 requires go >= 1.26.0; switching to go1.26.8
Lint (macos-latest)	UNKNOWN STEP	2026-09-29T12:19:38.3148860Z go: downloading golang.org/x/tools v0.44.1-0.20260420230617-19499e7caabc
Lint (macos-latest)	UNKNOWN STEP	2026-09-29T12:19:39.0704740Z go: downloading golang.org/x/exp/typeparams v0.0.0-20231108232855-2478ac86f678
Lint (macos-latest)	UNKNOWN STEP	2026-09-29T12:19:39.0747700Z go: downloading github.com/BurntSushi/toml v1.4.1-0.20240526193622-a339e1f7089c
Lint (macos-latest)	UNKNOWN STEP	2026-09-29T12:19:39.0784130Z go: downloading golang.org/x/sync v0.20.0
Lint (macos-latest)	UNKNOWN STEP	2026-09-29T12:19:39.0827520Z go: downloading golang.org/x/mod v0.35.0
Lint (macos-latest)	UNKNOWN STEP	2026-09-29T12:19:39.2155130Z go: downloading golang.org/x/exp v0.0.0-20231110203233-9a3e6036ecaa
Lint (macos-latest)	UNKNOWN STEP	2026-09-29T12:19:43.2578230Z ##[group]Run set -euo pipefail
Lint (macos-latest)	UNKNOWN STEP	2026-09-29T12:19:43.2578470Z ^[[36;1mset -euo pipefail^[[0m
Lint (macos-latest)	UNKNOWN STEP	2026-09-29T12:19:43.2578700Z ^[[36;1mfor module in ${GO_MODULES}; do^[[0m
Lint (macos-latest)	UNKNOWN STEP	2026-09-29T12:19:43.2578940Z ^[[36;1m  files="$(gofmt -l "${module}")"^[[0m
Lint (macos-latest)	UNKNOWN STEP	2026-09-29T12:19:43.2579120Z ^[[36;1m  if [ -n "${files}" ]; then^[[0m
Lint (macos-latest)	UNKNOWN STEP	2026-09-29T12:19:43.2579290Z ^[[36;1m    echo "${files}"^[[0m
Lint (macos-latest)	UNKNOWN STEP	2026-09-29T12:19:43.2579440Z ^[[36;1m    exit 1^[[0m
Lint (macos-latest)	UNKNOWN STEP	2026-09-29T12:19:43.2579570Z ^[[36;1m  fi^[[0m
Lint (macos-latest)	UNKNOWN STEP	2026-09-29T12:19:43.2579710Z ^[[36;1m  (cd "${module}" && go vet ./...)^[[0m
Lint (macos-latest)	UNKNOWN STEP	2026-09-29T12:19:43.2579980Z ^[[36;1m  (cd "${module}" && "$(go env GOPATH)/bin/staticcheck" ./...)^[[0m
Lint (macos-latest)	UNKNOWN STEP	2026-09-29T12:19:43.2580290Z ^[[36;1mdone^[[0m
Lint (macos-latest)	UNKNOWN STEP	2026-09-29T12:19:43.2589990Z shell: /opt/homebrew/bin/bash --noprofile --norc -e -o pipefail {0}
Lint (macos-latest)	UNKNOWN STEP	2026-09-29T12:19:43.2597040Z env:
Lint (macos-latest)	UNKNOWN STEP	2026-09-29T12:19:43.2597160Z   CARGO_TERM_COLOR: always
Lint (macos-latest)	UNKNOWN STEP	2026-09-29T12:19:43.2597660Z   GO_MODULES: packages/saksi-protocol/go
Lint (macos-latest)	UNKNOWN STEP	packages/saksi-bulletin/chaincode
Lint (macos-latest)	UNKNOWN STEP	packages/saksi-bulletin/client-sdk
Lint (macos-latest)	UNKNOWN STEP	packages/saksi-campaign
Lint (macos-latest)	UNKNOWN STEP	
Lint (macos-latest)	UNKNOWN STEP	2026-09-29T12:19:43.2598140Z   GOFLAGS: -mod=mod
Lint (macos-latest)	UNKNOWN STEP	2026-09-29T12:19:43.2598270Z   CARGO_INCREMENTAL: 0
Lint (macos-latest)	UNKNOWN STEP	2026-09-29T12:19:43.2598410Z   CARGO_PROFILE_DEV_DEBUG: 0
Lint (macos-latest)	UNKNOWN STEP	2026-09-29T12:19:43.2598570Z   RUST_BACKTRACE: short
Lint (macos-latest)	UNKNOWN STEP	2026-09-29T12:19:43.2598710Z   RUSTFLAGS: -D warnings
Lint (macos-latest)	UNKNOWN STEP	2026-09-29T12:19:43.2598870Z   CARGO_UNSTABLE_SPARSE_REGISTRY: true
Lint (macos-latest)	UNKNOWN STEP	2026-09-29T12:19:43.2599110Z   CARGO_REGISTRIES_CRATES_IO_PROTOCOL: sparse
Lint (macos-latest)	UNKNOWN STEP	2026-09-29T12:19:43.2599350Z   CACHE_ON_FAILURE: false
Lint (macos-latest)	UNKNOWN STEP	2026-09-29T12:19:43.2599490Z ##[endgroup]
Lint (macos-latest)	UNKNOWN STEP	2026-09-29T12:19:55.7311670Z go: downloading google.golang.org/protobuf v1.36.0
Lint (macos-latest)	UNKNOWN STEP	2026-09-29T12:19:55.7312790Z go: downloading github.com/hyperledger/fabric-gateway v1.7.1
Lint (macos-latest)	UNKNOWN STEP	2026-09-29T12:19:55.7314190Z go: downloading github.com/hyperledger/fabric-protos-go-apiv2 v0.3.4
Lint (macos-latest)	UNKNOWN STEP	2026-09-29T12:19:55.9724580Z go: downloading google.golang.org/grpc v1.69.2
Lint (macos-latest)	UNKNOWN STEP	2026-09-29T12:19:56.2998700Z go: downloading golang.org/x/crypto v0.31.0
Lint (macos-latest)	UNKNOWN STEP	2026-09-29T12:19:56.3447690Z go: downloading golang.org/x/net v0.33.0
Lint (macos-latest)	UNKNOWN STEP	2026-09-29T12:19:56.3450860Z go: downloading google.golang.org/genproto/googleapis/rpc v0.0.0-20241015192408-796eee8c2d53
Lint (macos-latest)	UNKNOWN STEP	2026-09-29T12:19:56.3455010Z go: downloading golang.org/x/sys v0.28.0
Lint (macos-latest)	UNKNOWN STEP	2026-09-29T12:19:56.6726110Z go: downloading golang.org/x/text v0.21.0
Lint (macos-latest)	UNKNOWN STEP	2026-09-29T12:20:00.8987350Z go: downloading google.golang.org/protobuf v1.36.12
Lint (macos-latest)	UNKNOWN STEP	2026-09-29T12:20:06.0392040Z Post job cleanup.
Lint (macos-latest)	UNKNOWN STEP	2026-09-29T12:20:06.1372980Z (node:3248) [DEP0040] DeprecationWarning: The `punycode` module is deprecated. Please use a userland alternative instead.
Lint (macos-latest)	UNKNOWN STEP	2026-09-29T12:20:06.1373660Z (Use `node --trace-deprecation ...` to show where the warning was created)
Lint (macos-latest)	UNKNOWN STEP	2026-09-29T12:20:06.1408410Z [command]/Users/runner/hostedtoolcache/go/1.25.14/arm64/bin/go env GOMODCACHE
Lint (macos-latest)	UNKNOWN STEP	2026-09-29T12:20:06.1426420Z [command]/Users/runner/hostedtoolcache/go/1.25.14/arm64/bin/go env GOCACHE
Lint (macos-latest)	UNKNOWN STEP	2026-09-29T12:20:06.1482580Z /Users/runner/Library/Caches/go-build
Lint (macos-latest)	UNKNOWN STEP	2026-09-29T12:20:06.1483690Z /Users/runner/go/pkg/mod
Lint (macos-latest)	UNKNOWN STEP	2026-09-29T12:20:06.1493580Z Cache hit occurred on the primary key setup-go-macOS-arm64-go-1.25.14-61bbf44200ea51c97db44eef9d5fd9d32d6f41e109b84a02d8ea08dac29e82dd, not saving cache.
Lint (macos-latest)	UNKNOWN STEP	2026-09-29T12:20:06.1562620Z Post job cleanup.
Lint (macos-latest)	UNKNOWN STEP	2026-09-29T12:20:06.2483830Z Cache up-to-date.
Lint (macos-latest)	UNKNOWN STEP	2026-09-29T12:20:06.2636350Z Post job cleanup.
Lint (macos-latest)	UNKNOWN STEP	2026-09-29T12:20:06.2638410Z ##[start-action display=Setup Rust Caching;id=__24c561aa-328f-4c84-925c-b9824738a881.__Swatinem_rust-cache]
Lint (macos-latest)	UNKNOWN STEP	2026-09-29T12:20:06.2668420Z Post job cleanup.
Lint (macos-latest)	UNKNOWN STEP	2026-09-29T12:20:06.4271890Z Cache up-to-date.
Lint (macos-latest)	UNKNOWN STEP	2026-09-29T12:20:06.4274530Z (node:3252) [DEP0040] DeprecationWarning: The `punycode` module is deprecated. Please use a userland alternative instead.
Lint (macos-latest)	UNKNOWN STEP	2026-09-29T12:20:06.4275150Z (Use `node --trace-deprecation ...` to show where the warning was created)
Lint (macos-latest)	UNKNOWN STEP	2026-09-29T12:20:06.4308770Z ##[end-action id=__24c561aa-328f-4c84-925c-b9824738a881.__Swatinem_rust-cache;outcome=success;conclusion=success;duration_ms=166]
Lint (macos-latest)	UNKNOWN STEP	2026-09-29T12:20:06.4368230Z Post job cleanup.
Lint (macos-latest)	UNKNOWN STEP	2026-09-29T12:20:06.5076450Z [command]/opt/homebrew/bin/git version
Lint (macos-latest)	UNKNOWN STEP	2026-09-29T12:20:06.5125030Z git version 2.55.0
Lint (macos-latest)	UNKNOWN STEP	2026-09-29T12:20:06.5140100Z Copying '/Users/runner/.gitconfig' to '/Users/runner/work/_temp/cff3c778-fa1c-4648-b0aa-bc8d079c786b/.gitconfig'
Lint (macos-latest)	UNKNOWN STEP	2026-09-29T12:20:06.5146200Z Temporarily overriding HOME='/Users/runner/work/_temp/cff3c778-fa1c-4648-b0aa-bc8d079c786b' before making global git config changes
Lint (macos-latest)	UNKNOWN STEP	2026-09-29T12:20:06.5146890Z Adding repository directory to the temporary git global config as a safe directory
Lint (macos-latest)	UNKNOWN STEP	2026-09-29T12:20:06.5149290Z [command]/opt/homebrew/bin/git config --global --add safe.directory /Users/runner/work/saksi/saksi
Lint (macos-latest)	UNKNOWN STEP	2026-09-29T12:20:06.5202390Z [command]/opt/homebrew/bin/git config --local --name-only --get-regexp core\.sshCommand
Lint (macos-latest)	UNKNOWN STEP	2026-09-29T12:20:06.5245830Z [command]/opt/homebrew/bin/git submodule foreach --recursive sh -c "git config --local --name-only --get-regexp 'core\.sshCommand' && git config --local --unset-all 'core.sshCommand' || :"
Lint (macos-latest)	UNKNOWN STEP	2026-09-29T12:20:06.5797050Z [command]/opt/homebrew/bin/git config --local --name-only --get-regexp http\.https\:\/\/github\.com\/\.extraheader
Lint (macos-latest)	UNKNOWN STEP	2026-09-29T12:20:06.5836340Z http.https://github.com/.extraheader
Lint (macos-latest)	UNKNOWN STEP	2026-09-29T12:20:06.5843020Z [command]/opt/homebrew/bin/git config --local --unset-all http.https://github.com/.extraheader
Lint (macos-latest)	UNKNOWN STEP	2026-09-29T12:20:06.5889690Z [command]/opt/homebrew/bin/git submodule foreach --recursive sh -c "git config --local --name-only --get-regexp 'http\.https\:\/\/github\.com\/\.extraheader' && git config --local --unset-all 'http.https://github.com/.extraheader' || :"
Lint (macos-latest)	UNKNOWN STEP	2026-09-29T12:20:06.6444480Z [command]/opt/homebrew/bin/git config --local --name-only --get-regexp ^includeIf\.gitdir:
Lint (macos-latest)	UNKNOWN STEP	2026-09-29T12:20:06.6487580Z [command]/opt/homebrew/bin/git submodule foreach --recursive git config --local --show-origin --name-only --get-regexp remote.origin.url
Lint (macos-latest)	UNKNOWN STEP	2026-09-29T12:20:06.7089230Z Cleaning up orphan processes
Lint (macos-latest)	UNKNOWN STEP	2026-09-29T12:20:06.8292910Z ##[warning]Node.js 20 is deprecated. The following actions target Node.js 20 but are being forced to run on Node.js 24: actions/checkout@v4, actions/setup-go@v5. For more information see: https://github.blog/changelog/2025-09-19-deprecation-of-node-20-on-github-actions-runners/
Security (macos-latest)	UNKNOWN STEP	﻿2026-09-29T12:19:21.2988840Z Current runner version: '2.337.0'
Security (macos-latest)	UNKNOWN STEP	2026-09-29T12:19:21.3008790Z ##[group]Runner Image Provisioner
Security (macos-latest)	UNKNOWN STEP	2026-09-29T12:19:21.3009430Z Hosted Compute Agent
Security (macos-latest)	UNKNOWN STEP	2026-09-29T12:19:21.3009860Z Version: 20260828.587
Security (macos-latest)	UNKNOWN STEP	2026-09-29T12:19:21.3010280Z Commit: abac92662cab4cc7352de4f9f9d2e2419aad9c29
Security (macos-latest)	UNKNOWN STEP	2026-09-29T12:19:21.3010780Z Build Date: 2026-08-28T16:44:25Z
Security (macos-latest)	UNKNOWN STEP	2026-09-29T12:19:21.3011220Z Worker ID: {6ba5f623-7c45-4921-b877-9731ab80f3f5}
Security (macos-latest)	UNKNOWN STEP	2026-09-29T12:19:21.3011670Z Azure Region: westus
Security (macos-latest)	UNKNOWN STEP	2026-09-29T12:19:21.3012100Z ##[endgroup]
Security (macos-latest)	UNKNOWN STEP	2026-09-29T12:19:21.3013420Z ##[group]Operating System
Security (macos-latest)	UNKNOWN STEP	2026-09-29T12:19:21.3013820Z macOS
Security (macos-latest)	UNKNOWN STEP	2026-09-29T12:19:21.3014140Z 26.6.2
Security (macos-latest)	UNKNOWN STEP	2026-09-29T12:19:21.3014450Z 25G83
Security (macos-latest)	UNKNOWN STEP	2026-09-29T12:19:21.3014790Z ##[endgroup]
Security (macos-latest)	UNKNOWN STEP	2026-09-29T12:19:21.3015150Z ##[group]Runner Image
Security (macos-latest)	UNKNOWN STEP	2026-09-29T12:19:21.3015520Z Image: macos-26-arm64
Security (macos-latest)	UNKNOWN STEP	2026-09-29T12:19:21.3015880Z Version: 20260907.0351.1
Security (macos-latest)	UNKNOWN STEP	2026-09-29T12:19:21.3016870Z Included Software: https://github.com/actions/runner-images/blob/macos-26-arm64/20260907.0351/images/macos/macos-26-arm64-Readme.md
Security (macos-latest)	UNKNOWN STEP	2026-09-29T12:19:21.3018140Z Image Release: https://github.com/actions/runner-images/releases/tag/macos-26-arm64%2F20260907.0351
Security (macos-latest)	UNKNOWN STEP	2026-09-29T12:19:21.3019710Z ##[endgroup]
Security (macos-latest)	UNKNOWN STEP	2026-09-29T12:19:21.3020560Z ##[group]GITHUB_TOKEN Permissions
Security (macos-latest)	UNKNOWN STEP	2026-09-29T12:19:21.3025260Z Contents: read
Security (macos-latest)	UNKNOWN STEP	2026-09-29T12:19:21.3025830Z Metadata: read
Security (macos-latest)	UNKNOWN STEP	2026-09-29T12:19:21.3026300Z ##[endgroup]
Security (macos-latest)	UNKNOWN STEP	2026-09-29T12:19:21.3031730Z Secret source: Actions
Security (macos-latest)	UNKNOWN STEP	2026-09-29T12:19:21.3033240Z Cache mode: write
Security (macos-latest)	UNKNOWN STEP	2026-09-29T12:19:21.3034020Z Prepare workflow directory
Security (macos-latest)	UNKNOWN STEP	2026-09-29T12:19:21.3752850Z Prepare all required actions
Security (macos-latest)	UNKNOWN STEP	2026-09-29T12:19:21.3830930Z Getting action download info
Security (macos-latest)	UNKNOWN STEP	2026-09-29T12:19:21.6044510Z Download action repository 'actions/checkout@v4' (SHA:11d5960a326750d5838078e36cf38b85af677262)
Security (macos-latest)	UNKNOWN STEP	2026-09-29T12:19:21.9544890Z Download action repository 'actions-rust-lang/setup-rust-toolchain@v1' (SHA:166cdcfd11aee3cb47222f9ddb555ce30ddb9659)
Security (macos-latest)	UNKNOWN STEP	2026-09-29T12:19:22.4209590Z Download action repository 'taiki-e/install-action@cargo-audit' (SHA:1ceecae37ba251f3f09906445d948ebfd5c4e06c)
Security (macos-latest)	UNKNOWN STEP	2026-09-29T12:19:23.3169360Z Download action repository 'actions/setup-go@v5' (SHA:40f1582b2485089dde7abd97c1529aa768e1baff)
Security (macos-latest)	UNKNOWN STEP	2026-09-29T12:19:24.3635490Z Getting action download info
Security (macos-latest)	UNKNOWN STEP	2026-09-29T12:19:24.4627310Z Download action repository 'Swatinem/rust-cache@c19371144df3bb44fab255c43d04cbc2ab54d1c4' (SHA:c19371144df3bb44fab255c43d04cbc2ab54d1c4)
Security (macos-latest)	UNKNOWN STEP	2026-09-29T12:19:25.4101470Z Complete job name: Security (macos-latest)
Security (macos-latest)	UNKNOWN STEP	2026-09-29T12:19:25.4768170Z ##[group]Run actions/checkout@v4
Security (macos-latest)	UNKNOWN STEP	2026-09-29T12:19:25.4768790Z with:
Security (macos-latest)	UNKNOWN STEP	2026-09-29T12:19:25.4769040Z   repository: saksi-framework/saksi
Security (macos-latest)	UNKNOWN STEP	2026-09-29T12:19:25.4771230Z   token: ***
Security (macos-latest)	UNKNOWN STEP	2026-09-29T12:19:25.4771460Z   ssh-strict: true
Security (macos-latest)	UNKNOWN STEP	2026-09-29T12:19:25.4771680Z   ssh-user: git
Security (macos-latest)	UNKNOWN STEP	2026-09-29T12:19:25.4771930Z   persist-credentials: true
Security (macos-latest)	UNKNOWN STEP	2026-09-29T12:19:25.4772260Z   clean: true
Security (macos-latest)	UNKNOWN STEP	2026-09-29T12:19:25.4772550Z   sparse-checkout-cone-mode: true
Security (macos-latest)	UNKNOWN STEP	2026-09-29T12:19:25.4772850Z   fetch-depth: 1
Security (macos-latest)	UNKNOWN STEP	2026-09-29T12:19:25.4773120Z   fetch-tags: false
Security (macos-latest)	UNKNOWN STEP	2026-09-29T12:19:25.4773660Z   show-progress: true
Security (macos-latest)	UNKNOWN STEP	2026-09-29T12:19:25.4773940Z   lfs: false
Security (macos-latest)	UNKNOWN STEP	2026-09-29T12:19:25.4774170Z   submodules: false
Security (macos-latest)	UNKNOWN STEP	2026-09-29T12:19:25.4774420Z   set-safe-directory: true
Security (macos-latest)	UNKNOWN STEP	2026-09-29T12:19:25.4774700Z   allow-unsafe-pr-checkout: false
Security (macos-latest)	UNKNOWN STEP	2026-09-29T12:19:25.4775320Z env:
Security (macos-latest)	UNKNOWN STEP	2026-09-29T12:19:25.4775550Z   CARGO_TERM_COLOR: always
Security (macos-latest)	UNKNOWN STEP	2026-09-29T12:19:25.4776230Z   GO_MODULES: packages/saksi-protocol/go
Security (macos-latest)	UNKNOWN STEP	packages/saksi-bulletin/chaincode
Security (macos-latest)	UNKNOWN STEP	packages/saksi-bulletin/client-sdk
Security (macos-latest)	UNKNOWN STEP	packages/saksi-campaign
Security (macos-latest)	UNKNOWN STEP	
Security (macos-latest)	UNKNOWN STEP	2026-09-29T12:19:25.4776860Z   GOFLAGS: -mod=mod
Security (macos-latest)	UNKNOWN STEP	2026-09-29T12:19:25.4777100Z ##[endgroup]
Security (macos-latest)	UNKNOWN STEP	2026-09-29T12:19:26.0194690Z Syncing repository: saksi-framework/saksi
Security (macos-latest)	UNKNOWN STEP	2026-09-29T12:19:26.0195880Z ##[group]Getting Git version info
Security (macos-latest)	UNKNOWN STEP	2026-09-29T12:19:26.0196270Z Working directory is '/Users/runner/work/saksi/saksi'
Security (macos-latest)	UNKNOWN STEP	2026-09-29T12:19:26.0197100Z [command]/opt/homebrew/bin/git version
Security (macos-latest)	UNKNOWN STEP	2026-09-29T12:19:26.0817240Z git version 2.55.0
Security (macos-latest)	UNKNOWN STEP	2026-09-29T12:19:26.0830960Z ##[endgroup]
Security (macos-latest)	UNKNOWN STEP	2026-09-29T12:19:26.0841860Z Copying '/Users/runner/.gitconfig' to '/Users/runner/work/_temp/2ed631bc-5bd6-4b1c-812a-22d32d595665/.gitconfig'
Security (macos-latest)	UNKNOWN STEP	2026-09-29T12:19:26.0856240Z Temporarily overriding HOME='/Users/runner/work/_temp/2ed631bc-5bd6-4b1c-812a-22d32d595665' before making global git config changes
Security (macos-latest)	UNKNOWN STEP	2026-09-29T12:19:26.0858940Z Adding repository directory to the temporary git global config as a safe directory
Security (macos-latest)	UNKNOWN STEP	2026-09-29T12:19:26.0864480Z [command]/opt/homebrew/bin/git config --global --add safe.directory /Users/runner/work/saksi/saksi
Security (macos-latest)	UNKNOWN STEP	2026-09-29T12:19:26.1014770Z Deleting the contents of '/Users/runner/work/saksi/saksi'
Security (macos-latest)	UNKNOWN STEP	2026-09-29T12:19:26.1021800Z ##[group]Initializing the repository
Security (macos-latest)	UNKNOWN STEP	2026-09-29T12:19:26.1027940Z [command]/opt/homebrew/bin/git init /Users/runner/work/saksi/saksi
Security (macos-latest)	UNKNOWN STEP	2026-09-29T12:19:26.1289430Z hint: Using 'master' as the name for the initial branch. This default branch name
Security (macos-latest)	UNKNOWN STEP	2026-09-29T12:19:26.1292050Z hint: will change to "main" in Git 3.0. To configure the initial branch name
Security (macos-latest)	UNKNOWN STEP	2026-09-29T12:19:26.1292700Z hint: to use in all of your new repositories, which will suppress this warning,
Security (macos-latest)	UNKNOWN STEP	2026-09-29T12:19:26.1293470Z hint: call:
Security (macos-latest)	UNKNOWN STEP	2026-09-29T12:19:26.1295820Z hint:
Security (macos-latest)	UNKNOWN STEP	2026-09-29T12:19:26.1297860Z hint: 	git config --global init.defaultBranch <name>
Security (macos-latest)	UNKNOWN STEP	2026-09-29T12:19:26.1298880Z hint:
Security (macos-latest)	UNKNOWN STEP	2026-09-29T12:19:26.1299760Z hint: Names commonly chosen instead of 'master' are 'main', 'trunk' and
Security (macos-latest)	UNKNOWN STEP	2026-09-29T12:19:26.1301110Z hint: 'development'. The just-created branch can be renamed via this command:
Security (macos-latest)	UNKNOWN STEP	2026-09-29T12:19:26.1302260Z hint:
Security (macos-latest)	UNKNOWN STEP	2026-09-29T12:19:26.1302880Z hint: 	git branch -m <name>
Security (macos-latest)	UNKNOWN STEP	2026-09-29T12:19:26.1303720Z hint:
Security (macos-latest)	UNKNOWN STEP	2026-09-29T12:19:26.1304700Z hint: Disable this message with "git config set advice.defaultBranchName false"
Security (macos-latest)	UNKNOWN STEP	2026-09-29T12:19:26.1306080Z Initialized empty Git repository in /Users/runner/work/saksi/saksi/.git/
Security (macos-latest)	UNKNOWN STEP	2026-09-29T12:19:26.1308820Z [command]/opt/homebrew/bin/git remote add origin https://github.com/saksi-framework/saksi
Security (macos-latest)	UNKNOWN STEP	2026-09-29T12:19:26.1421460Z ##[endgroup]
Security (macos-latest)	UNKNOWN STEP	2026-09-29T12:19:26.1426280Z ##[group]Disabling automatic garbage collection
Security (macos-latest)	UNKNOWN STEP	2026-09-29T12:19:26.1427760Z [command]/opt/homebrew/bin/git config --local gc.auto 0
Security (macos-latest)	UNKNOWN STEP	2026-09-29T12:19:26.1484090Z ##[endgroup]
Security (macos-latest)	UNKNOWN STEP	2026-09-29T12:19:26.1485220Z ##[group]Setting up auth
Security (macos-latest)	UNKNOWN STEP	2026-09-29T12:19:26.1489560Z [command]/opt/homebrew/bin/git config --local --name-only --get-regexp core\.sshCommand
Security (macos-latest)	UNKNOWN STEP	2026-09-29T12:19:26.1604290Z [command]/opt/homebrew/bin/git submodule foreach --recursive sh -c "git config --local --name-only --get-regexp 'core\.sshCommand' && git config --local --unset-all 'core.sshCommand' || :"
Security (macos-latest)	UNKNOWN STEP	2026-09-29T12:19:26.4254670Z [command]/opt/homebrew/bin/git config --local --name-only --get-regexp http\.https\:\/\/github\.com\/\.extraheader
Security (macos-latest)	UNKNOWN STEP	2026-09-29T12:19:26.4296200Z [command]/opt/homebrew/bin/git submodule foreach --recursive sh -c "git config --local --name-only --get-regexp 'http\.https\:\/\/github\.com\/\.extraheader' && git config --local --unset-all 'http.https://github.com/.extraheader' || :"
Security (macos-latest)	UNKNOWN STEP	2026-09-29T12:19:26.6196170Z [command]/opt/homebrew/bin/git config --local --name-only --get-regexp ^includeIf\.gitdir:
Security (macos-latest)	UNKNOWN STEP	2026-09-29T12:19:26.6522160Z [command]/opt/homebrew/bin/git submodule foreach --recursive git config --local --show-origin --name-only --get-regexp remote.origin.url
Security (macos-latest)	UNKNOWN STEP	2026-09-29T12:19:26.7893680Z [command]/opt/homebrew/bin/git config --local http.https://github.com/.extraheader AUTHORIZATION: basic ***
Security (macos-latest)	UNKNOWN STEP	2026-09-29T12:19:26.8004870Z ##[endgroup]
Security (macos-latest)	UNKNOWN STEP	2026-09-29T12:19:26.8006370Z ##[group]Fetching the repository
Security (macos-latest)	UNKNOWN STEP	2026-09-29T12:19:26.8010210Z [command]/opt/homebrew/bin/git -c protocol.version=2 fetch --no-tags --prune --no-recurse-submodules --depth=1 origin +4a38a54fe0223b58f28c53ec54e47fbeab222837:refs/remotes/origin/main
Security (macos-latest)	UNKNOWN STEP	2026-09-29T12:19:27.8930180Z From https://github.com/saksi-framework/saksi
Security (macos-latest)	UNKNOWN STEP	2026-09-29T12:19:27.8952220Z  * [new ref]         4a38a54fe0223b58f28c53ec54e47fbeab222837 -> origin/main
Security (macos-latest)	UNKNOWN STEP	2026-09-29T12:19:27.9095650Z ##[endgroup]
Security (macos-latest)	UNKNOWN STEP	2026-09-29T12:19:27.9124070Z ##[group]Determining the checkout info
Security (macos-latest)	UNKNOWN STEP	2026-09-29T12:19:27.9124580Z ##[endgroup]
Security (macos-latest)	UNKNOWN STEP	2026-09-29T12:19:27.9126280Z [command]/opt/homebrew/bin/git sparse-checkout disable
Security (macos-latest)	UNKNOWN STEP	2026-09-29T12:19:27.9129990Z [command]/opt/homebrew/bin/git config --local --unset-all extensions.worktreeConfig
Security (macos-latest)	UNKNOWN STEP	2026-09-29T12:19:27.9165960Z ##[group]Checking out the ref
Security (macos-latest)	UNKNOWN STEP	2026-09-29T12:19:27.9179660Z [command]/opt/homebrew/bin/git checkout --progress --force -B main refs/remotes/origin/main
Security (macos-latest)	UNKNOWN STEP	2026-09-29T12:19:27.9729820Z Switched to a new branch 'main'
Security (macos-latest)	UNKNOWN STEP	2026-09-29T12:19:27.9741830Z branch 'main' set up to track 'origin/main'.
Security (macos-latest)	UNKNOWN STEP	2026-09-29T12:19:27.9744390Z ##[endgroup]
Security (macos-latest)	UNKNOWN STEP	2026-09-29T12:19:27.9848340Z [command]/opt/homebrew/bin/git log -1 --format=%H
Security (macos-latest)	UNKNOWN STEP	2026-09-29T12:19:27.9964480Z 4a38a54fe0223b58f28c53ec54e47fbeab222837
Security (macos-latest)	UNKNOWN STEP	2026-09-29T12:19:28.0333260Z ##[group]Run actions-rust-lang/setup-rust-toolchain@v1
Security (macos-latest)	UNKNOWN STEP	2026-09-29T12:19:28.0333600Z with:
Security (macos-latest)	UNKNOWN STEP	2026-09-29T12:19:28.0333750Z   cache: true
Security (macos-latest)	UNKNOWN STEP	2026-09-29T12:19:28.0334030Z   cache-on-failure: true
Security (macos-latest)	UNKNOWN STEP	2026-09-29T12:19:28.0334250Z   cache-bin: true
Security (macos-latest)	UNKNOWN STEP	2026-09-29T12:19:28.0334460Z   cache-provider: github
Security (macos-latest)	UNKNOWN STEP	2026-09-29T12:19:28.0334690Z   cache-all-crates: false
Security (macos-latest)	UNKNOWN STEP	2026-09-29T12:19:28.0334910Z   cache-workspace-crates: false
Security (macos-latest)	UNKNOWN STEP	2026-09-29T12:19:28.0335220Z   cache-save-if: true
Security (macos-latest)	UNKNOWN STEP	2026-09-29T12:19:28.0335420Z   cache-targets: true
Security (macos-latest)	UNKNOWN STEP	2026-09-29T12:19:28.0335650Z   matcher: true
Security (macos-latest)	UNKNOWN STEP	2026-09-29T12:19:28.0335870Z   rustflags: -D warnings
Security (macos-latest)	UNKNOWN STEP	2026-09-29T12:19:28.0336090Z   override: true
Security (macos-latest)	UNKNOWN STEP	2026-09-29T12:19:28.0336290Z env:
Security (macos-latest)	UNKNOWN STEP	2026-09-29T12:19:28.0336450Z   CARGO_TERM_COLOR: always
Security (macos-latest)	UNKNOWN STEP	2026-09-29T12:19:28.0336950Z   GO_MODULES: packages/saksi-protocol/go
Security (macos-latest)	UNKNOWN STEP	packages/saksi-bulletin/chaincode
Security (macos-latest)	UNKNOWN STEP	packages/saksi-bulletin/client-sdk
Security (macos-latest)	UNKNOWN STEP	packages/saksi-campaign
Security (macos-latest)	UNKNOWN STEP	
Security (macos-latest)	UNKNOWN STEP	2026-09-29T12:19:28.0337560Z   GOFLAGS: -mod=mod
Security (macos-latest)	UNKNOWN STEP	2026-09-29T12:19:28.0337780Z ##[endgroup]
Security (macos-latest)	UNKNOWN STEP	2026-09-29T12:19:28.0398930Z ##[start-action display=Unbork mac;id=__actions-rust-lang_setup-rust-toolchain.__run]
Security (macos-latest)	UNKNOWN STEP	2026-09-29T12:19:28.0466000Z ##[group]Run brew install bash
Security (macos-latest)	UNKNOWN STEP	2026-09-29T12:19:28.0466280Z ^[[36;1mbrew install bash^[[0m
Security (macos-latest)	UNKNOWN STEP	2026-09-29T12:19:28.0516470Z shell: /bin/bash --noprofile --norc -e -o pipefail {0}
Security (macos-latest)	UNKNOWN STEP	2026-09-29T12:19:28.0516800Z env:
Security (macos-latest)	UNKNOWN STEP	2026-09-29T12:19:28.0516970Z   CARGO_TERM_COLOR: always
Security (macos-latest)	UNKNOWN STEP	2026-09-29T12:19:28.0517460Z   GO_MODULES: packages/saksi-protocol/go
Security (macos-latest)	UNKNOWN STEP	packages/saksi-bulletin/chaincode
Security (macos-latest)	UNKNOWN STEP	packages/saksi-bulletin/client-sdk
Security (macos-latest)	UNKNOWN STEP	packages/saksi-campaign
Security (macos-latest)	UNKNOWN STEP	
Security (macos-latest)	UNKNOWN STEP	2026-09-29T12:19:28.0518000Z   GOFLAGS: -mod=mod
Security (macos-latest)	UNKNOWN STEP	2026-09-29T12:19:28.0518190Z ##[endgroup]
Security (macos-latest)	UNKNOWN STEP	2026-09-29T12:19:31.7314330Z ^[[32m==>^[[0m ^[[1mDownloading bottle manifests^[[0m
Security (macos-latest)	UNKNOWN STEP	2026-09-29T12:19:31.7426030Z ✔︎ Bottle Manifest bash (5.3.15)
Security (macos-latest)	UNKNOWN STEP	2026-09-29T12:19:31.7429030Z ^[[34m==>^[[0m ^[[1mWould install 1 formula:^[[0m
Security (macos-latest)	UNKNOWN STEP	2026-09-29T12:19:31.7430410Z bash
Security (macos-latest)	UNKNOWN STEP	2026-09-29T12:19:31.8093430Z ^[[34m==>^[[0m ^[[1mWould install 1 dependency for bash:^[[0m
Security (macos-latest)	UNKNOWN STEP	2026-09-29T12:19:31.8094300Z ncurses
Security (macos-latest)	UNKNOWN STEP	2026-09-29T12:19:31.8227910Z ^[[32m==>^[[0m ^[[1mFetching downloads for: ^[[32mbash^[[39m^[[0m
Security (macos-latest)	UNKNOWN STEP	2026-09-29T12:19:32.2234340Z ✔︎ Bottle Manifest ncurses (6.6)
Security (macos-latest)	UNKNOWN STEP	2026-09-29T12:19:32.3330550Z ✔︎ Bottle bash (5.3.15)
Security (macos-latest)	UNKNOWN STEP	2026-09-29T12:19:32.8385820Z ✔︎ Bottle ncurses (6.6)
Security (macos-latest)	UNKNOWN STEP	2026-09-29T12:19:32.8505620Z ^[[32m==>^[[0m ^[[1mInstalling bash dependency: ^[[32mncurses^[[39m^[[0m
Security (macos-latest)	UNKNOWN STEP	2026-09-29T12:19:32.8525090Z ^[[34m==>^[[0m ^[[1mPouring ncurses--6.6.arm64_tahoe.bottle.tar.gz^[[0m
Security (macos-latest)	UNKNOWN STEP	2026-09-29T12:19:33.6035330Z 🍺  /opt/homebrew/Cellar/ncurses/6.6: 4,086 files, 10.3MB
Security (macos-latest)	UNKNOWN STEP	2026-09-29T12:19:33.6038320Z ^[[32m==>^[[0m ^[[1mInstalling ^[[32mbash^[[39m^[[0m
Security (macos-latest)	UNKNOWN STEP	2026-09-29T12:19:33.6075690Z ^[[34m==>^[[0m ^[[1mPouring bash--5.3.15.arm64_tahoe.bottle.tar.gz^[[0m
Security (macos-latest)	UNKNOWN STEP	2026-09-29T12:19:33.8572660Z 🍺  /opt/homebrew/Cellar/bash/5.3.15: 172 files, 13MB
Security (macos-latest)	UNKNOWN STEP	2026-09-29T12:19:33.8575920Z ^[[32m==>^[[0m ^[[1mCaveats^[[0m
Security (macos-latest)	UNKNOWN STEP	2026-09-29T12:19:33.8576810Z ^[[34m==>^[[0m ^[[1mbash^[[0m
Security (macos-latest)	UNKNOWN STEP	2026-09-29T12:19:33.8578510Z DEFAULT_LOADABLE_BUILTINS_PATH: /opt/homebrew/lib/bash:/usr/local/lib/bash:/usr/lib/bash:/opt/local/lib/bash:/usr/pkg/lib/bash:/opt/pkg/lib/bash:.
Security (macos-latest)	UNKNOWN STEP	2026-09-29T12:19:33.8759420Z ##[end-action id=__actions-rust-lang_setup-rust-toolchain.__run;outcome=success;conclusion=success;duration_ms=5835]
Security (macos-latest)	UNKNOWN STEP	2026-09-29T12:19:33.8812320Z ##[start-action display=Run : construct rustup command line;id=__actions-rust-lang_setup-rust-toolchain.flags]
Security (macos-latest)	UNKNOWN STEP	2026-09-29T12:19:33.8884360Z ##[group]Run : construct rustup command line
Security (macos-latest)	UNKNOWN STEP	2026-09-29T12:19:33.8885190Z ^[[36;1m: construct rustup command line^[[0m
Security (macos-latest)	UNKNOWN STEP	2026-09-29T12:19:33.8886490Z ^[[36;1mecho "targets=$(for t in ${_srt_targets//,/ }; do echo -n ' --target' $t; done)" >> $GITHUB_OUTPUT^[[0m
Security (macos-latest)	UNKNOWN STEP	2026-09-29T12:19:33.8888040Z ^[[36;1mecho "components=$(for c in ${_srt_components//,/ }; do echo -n ' --component' $c; done)" >> $GITHUB_OUTPUT^[[0m
Security (macos-latest)	UNKNOWN STEP	2026-09-29T12:19:33.8889380Z ^[[36;1mecho "downgrade=" >> $GITHUB_OUTPUT^[[0m
Security (macos-latest)	UNKNOWN STEP	2026-09-29T12:19:33.8923720Z shell: /opt/homebrew/bin/bash --noprofile --norc -e -o pipefail {0}
Security (macos-latest)	UNKNOWN STEP	2026-09-29T12:19:33.8924830Z env:
Security (macos-latest)	UNKNOWN STEP	2026-09-29T12:19:33.8927140Z   CARGO_TERM_COLOR: always
Security (macos-latest)	UNKNOWN STEP	2026-09-29T12:19:33.8928680Z   GO_MODULES: packages/saksi-protocol/go
Security (macos-latest)	UNKNOWN STEP	packages/saksi-bulletin/chaincode
Security (macos-latest)	UNKNOWN STEP	packages/saksi-bulletin/client-sdk
Security (macos-latest)	UNKNOWN STEP	packages/saksi-campaign
Security (macos-latest)	UNKNOWN STEP	
Security (macos-latest)	UNKNOWN STEP	2026-09-29T12:19:33.8930220Z   GOFLAGS: -mod=mod
Security (macos-latest)	UNKNOWN STEP	2026-09-29T12:19:33.8930780Z   _srt_targets: 
Security (macos-latest)	UNKNOWN STEP	2026-09-29T12:19:33.8931460Z   _srt_components: 
Security (macos-latest)	UNKNOWN STEP	2026-09-29T12:19:33.8932010Z ##[endgroup]
Security (macos-latest)	UNKNOWN STEP	2026-09-29T12:19:33.9945200Z ##[end-action id=__actions-rust-lang_setup-rust-toolchain.flags;outcome=success;conclusion=success;duration_ms=112]
Security (macos-latest)	UNKNOWN STEP	2026-09-29T12:19:33.9950330Z ##[start-action display=Setting Environment Variables;id=__actions-rust-lang_setup-rust-toolchain.__run_2]
Security (macos-latest)	UNKNOWN STEP	2026-09-29T12:19:33.9973560Z ##[group]Run if [[ ! -v CARGO_INCREMENTAL ]]; then
Security (macos-latest)	UNKNOWN STEP	2026-09-29T12:19:33.9973970Z ^[[36;1mif [[ ! -v CARGO_INCREMENTAL ]]; then^[[0m
Security (macos-latest)	UNKNOWN STEP	2026-09-29T12:19:33.9974260Z ^[[36;1m  echo "CARGO_INCREMENTAL=0" >> $GITHUB_ENV^[[0m
Security (macos-latest)	UNKNOWN STEP	2026-09-29T12:19:33.9974580Z ^[[36;1mfi^[[0m
Security (macos-latest)	UNKNOWN STEP	2026-09-29T12:19:33.9974910Z ^[[36;1mif [[ ! -v CARGO_PROFILE_DEV_DEBUG ]]; then^[[0m
Security (macos-latest)	UNKNOWN STEP	2026-09-29T12:19:33.9975490Z ^[[36;1m  echo "CARGO_PROFILE_DEV_DEBUG=0" >> $GITHUB_ENV^[[0m
Security (macos-latest)	UNKNOWN STEP	2026-09-29T12:19:33.9975840Z ^[[36;1mfi^[[0m
Security (macos-latest)	UNKNOWN STEP	2026-09-29T12:19:33.9976040Z ^[[36;1mif [[ ! -v CARGO_TERM_COLOR ]]; then^[[0m
Security (macos-latest)	UNKNOWN STEP	2026-09-29T12:19:33.9976340Z ^[[36;1m  echo "CARGO_TERM_COLOR=always" >> $GITHUB_ENV^[[0m
Security (macos-latest)	UNKNOWN STEP	2026-09-29T12:19:33.9976750Z ^[[36;1mfi^[[0m
Security (macos-latest)	UNKNOWN STEP	2026-09-29T12:19:33.9976980Z ^[[36;1mif [[ ! -v RUST_BACKTRACE ]]; then^[[0m
Security (macos-latest)	UNKNOWN STEP	2026-09-29T12:19:33.9977510Z ^[[36;1m  echo "RUST_BACKTRACE=short" >> $GITHUB_ENV^[[0m
Security (macos-latest)	UNKNOWN STEP	2026-09-29T12:19:33.9977840Z ^[[36;1mfi^[[0m
Security (macos-latest)	UNKNOWN STEP	2026-09-29T12:19:33.9978180Z ^[[36;1mif [[ ( ! -v RUSTFLAGS ) && $_srt_NEW_RUSTFLAGS != "" ]]; then^[[0m
Security (macos-latest)	UNKNOWN STEP	2026-09-29T12:19:33.9978580Z ^[[36;1m  echo "RUSTFLAGS=$_srt_NEW_RUSTFLAGS" >> $GITHUB_ENV^[[0m
Security (macos-latest)	UNKNOWN STEP	2026-09-29T12:19:33.9978960Z ^[[36;1mfi^[[0m
Security (macos-latest)	UNKNOWN STEP	2026-09-29T12:19:33.9979190Z ^[[36;1m# Enable faster sparse index on nightly^[[0m
Security (macos-latest)	UNKNOWN STEP	2026-09-29T12:19:33.9979630Z ^[[36;1m# The value is ignored on stable and causes no problems^[[0m
Security (macos-latest)	UNKNOWN STEP	2026-09-29T12:19:33.9980180Z ^[[36;1m# https://internals.rust-lang.org/t/call-for-testing-cargo-sparse-registry/16862^[[0m
Security (macos-latest)	UNKNOWN STEP	2026-09-29T12:19:33.9980720Z ^[[36;1mif [[ ! -v CARGO_UNSTABLE_SPARSE_REGISTRY ]]; then^[[0m
Security (macos-latest)	UNKNOWN STEP	2026-09-29T12:19:33.9981090Z ^[[36;1m  echo "CARGO_UNSTABLE_SPARSE_REGISTRY=true" >> $GITHUB_ENV^[[0m
Security (macos-latest)	UNKNOWN STEP	2026-09-29T12:19:33.9981430Z ^[[36;1mfi^[[0m
Security (macos-latest)	UNKNOWN STEP	2026-09-29T12:19:33.9981710Z ^[[36;1mif [[ ! -v CARGO_REGISTRIES_CRATES_IO_PROTOCOL ]]; then^[[0m
Security (macos-latest)	UNKNOWN STEP	2026-09-29T12:19:33.9982130Z ^[[36;1m  echo "CARGO_REGISTRIES_CRATES_IO_PROTOCOL=sparse" >> $GITHUB_ENV^[[0m
Security (macos-latest)	UNKNOWN STEP	2026-09-29T12:19:33.9982470Z ^[[36;1mfi^[[0m
Security (macos-latest)	UNKNOWN STEP	2026-09-29T12:19:33.9995210Z shell: /opt/homebrew/bin/bash --noprofile --norc -e -o pipefail {0}
Security (macos-latest)	UNKNOWN STEP	2026-09-29T12:19:33.9995710Z env:
Security (macos-latest)	UNKNOWN STEP	2026-09-29T12:19:33.9995930Z   CARGO_TERM_COLOR: always
Security (macos-latest)	UNKNOWN STEP	2026-09-29T12:19:33.9996670Z   GO_MODULES: packages/saksi-protocol/go
Security (macos-latest)	UNKNOWN STEP	packages/saksi-bulletin/chaincode
Security (macos-latest)	UNKNOWN STEP	packages/saksi-bulletin/client-sdk
Security (macos-latest)	UNKNOWN STEP	packages/saksi-campaign
Security (macos-latest)	UNKNOWN STEP	
Security (macos-latest)	UNKNOWN STEP	2026-09-29T12:19:33.9997260Z   GOFLAGS: -mod=mod
Security (macos-latest)	UNKNOWN STEP	2026-09-29T12:19:33.9997510Z   _srt_NEW_RUSTFLAGS: -D warnings
Security (macos-latest)	UNKNOWN STEP	2026-09-29T12:19:33.9997850Z ##[endgroup]
Security (macos-latest)	UNKNOWN STEP	2026-09-29T12:19:34.0463650Z ##[end-action id=__actions-rust-lang_setup-rust-toolchain.__run_2;outcome=success;conclusion=success;duration_ms=51]
Security (macos-latest)	UNKNOWN STEP	2026-09-29T12:19:34.0466630Z ##[start-action display=Install Rust Problem Matcher;id=__actions-rust-lang_setup-rust-toolchain.__run_3]
Security (macos-latest)	UNKNOWN STEP	2026-09-29T12:19:34.0497880Z ##[group]Run echo "::add-matcher::/Users/runner/work/_actions/actions-rust-lang/setup-rust-toolchain/v1/rust.json"
Security (macos-latest)	UNKNOWN STEP	2026-09-29T12:19:34.0498870Z ^[[36;1mecho "::add-matcher::/Users/runner/work/_actions/actions-rust-lang/setup-rust-toolchain/v1/rust.json"^[[0m
Security (macos-latest)	UNKNOWN STEP	2026-09-29T12:19:34.0511680Z shell: /opt/homebrew/bin/bash --noprofile --norc -e -o pipefail {0}
Security (macos-latest)	UNKNOWN STEP	2026-09-29T12:19:34.0511990Z env:
Security (macos-latest)	UNKNOWN STEP	2026-09-29T12:19:34.0512160Z   CARGO_TERM_COLOR: always
Security (macos-latest)	UNKNOWN STEP	2026-09-29T12:19:34.0512640Z   GO_MODULES: packages/saksi-protocol/go
Security (macos-latest)	UNKNOWN STEP	packages/saksi-bulletin/chaincode
Security (macos-latest)	UNKNOWN STEP	packages/saksi-bulletin/client-sdk
Security (macos-latest)	UNKNOWN STEP	packages/saksi-campaign
Security (macos-latest)	UNKNOWN STEP	
Security (macos-latest)	UNKNOWN STEP	2026-09-29T12:19:34.0537690Z   GOFLAGS: -mod=mod
Security (macos-latest)	UNKNOWN STEP	2026-09-29T12:19:34.0538580Z   CARGO_INCREMENTAL: 0
Security (macos-latest)	UNKNOWN STEP	2026-09-29T12:19:34.0538900Z   CARGO_PROFILE_DEV_DEBUG: 0
Security (macos-latest)	UNKNOWN STEP	2026-09-29T12:19:34.0539110Z   RUST_BACKTRACE: short
Security (macos-latest)	UNKNOWN STEP	2026-09-29T12:19:34.0539330Z   RUSTFLAGS: -D warnings
Security (macos-latest)	UNKNOWN STEP	2026-09-29T12:19:34.0539590Z   CARGO_UNSTABLE_SPARSE_REGISTRY: true
Security (macos-latest)	UNKNOWN STEP	2026-09-29T12:19:34.0539850Z   CARGO_REGISTRIES_CRATES_IO_PROTOCOL: sparse
Security (macos-latest)	UNKNOWN STEP	2026-09-29T12:19:34.0540120Z ##[endgroup]
Security (macos-latest)	UNKNOWN STEP	2026-09-29T12:19:34.1146680Z ##[end-action id=__actions-rust-lang_setup-rust-toolchain.__run_3;outcome=success;conclusion=success;duration_ms=67]
Security (macos-latest)	UNKNOWN STEP	2026-09-29T12:19:34.1150220Z ##[start-action display=Install rustup, if needed;id=__actions-rust-lang_setup-rust-toolchain.__run_4]
Security (macos-latest)	UNKNOWN STEP	2026-09-29T12:19:34.1170880Z ##[group]Run if ! command -v rustup &> /dev/null ; then
Security (macos-latest)	UNKNOWN STEP	2026-09-29T12:19:34.1171220Z ^[[36;1mif ! command -v rustup &> /dev/null ; then^[[0m
Security (macos-latest)	UNKNOWN STEP	2026-09-29T12:19:34.1171770Z ^[[36;1m  curl --proto '=https' --tlsv1.2 --retry 10 --retry-connrefused -fsSL "https://sh.rustup.rs" | sh -s -- --default-toolchain none -y^[[0m
Security (macos-latest)	UNKNOWN STEP	2026-09-29T12:19:34.1172270Z ^[[36;1m^[[0m
Security (macos-latest)	UNKNOWN STEP	2026-09-29T12:19:34.1172540Z ^[[36;1m  # Resolve the correct CARGO_HOME path depending on OS^[[0m
Security (macos-latest)	UNKNOWN STEP	2026-09-29T12:19:34.1172890Z ^[[36;1m  if [[ "$RUNNER_OS" == "Windows" ]]; then^[[0m
Security (macos-latest)	UNKNOWN STEP	2026-09-29T12:19:34.1173270Z ^[[36;1m    echo "${CARGO_HOME:-$USERPROFILE/.cargo}/bin" | sed 's|/|\\|g' >> $GITHUB_PATH^[[0m
Security (macos-latest)	UNKNOWN STEP	2026-09-29T12:19:34.1173600Z ^[[36;1m  else^[[0m
Security (macos-latest)	UNKNOWN STEP	2026-09-29T12:19:34.1173820Z ^[[36;1m    echo "${CARGO_HOME:-$HOME/.cargo}/bin" >> $GITHUB_PATH^[[0m
Security (macos-latest)	UNKNOWN STEP	2026-09-29T12:19:34.1174090Z ^[[36;1m  fi^[[0m
Security (macos-latest)	UNKNOWN STEP	2026-09-29T12:19:34.1174260Z ^[[36;1mfi^[[0m
Security (macos-latest)	UNKNOWN STEP	2026-09-29T12:19:34.1194530Z shell: /opt/homebrew/bin/bash --noprofile --norc -e -o pipefail {0}
Security (macos-latest)	UNKNOWN STEP	2026-09-29T12:19:34.1194860Z env:
Security (macos-latest)	UNKNOWN STEP	2026-09-29T12:19:34.1195070Z   CARGO_TERM_COLOR: always
Security (macos-latest)	UNKNOWN STEP	2026-09-29T12:19:34.1195700Z   GO_MODULES: packages/saksi-protocol/go
Security (macos-latest)	UNKNOWN STEP	packages/saksi-bulletin/chaincode
Security (macos-latest)	UNKNOWN STEP	packages/saksi-bulletin/client-sdk
Security (macos-latest)	UNKNOWN STEP	packages/saksi-campaign
Security (macos-latest)	UNKNOWN STEP	
Security (macos-latest)	UNKNOWN STEP	2026-09-29T12:19:34.1197110Z   GOFLAGS: -mod=mod
Security (macos-latest)	UNKNOWN STEP	2026-09-29T12:19:34.1197870Z   CARGO_INCREMENTAL: 0
Security (macos-latest)	UNKNOWN STEP	2026-09-29T12:19:34.1198170Z   CARGO_PROFILE_DEV_DEBUG: 0
Security (macos-latest)	UNKNOWN STEP	2026-09-29T12:19:34.1198410Z   RUST_BACKTRACE: short
Security (macos-latest)	UNKNOWN STEP	2026-09-29T12:19:34.1198650Z   RUSTFLAGS: -D warnings
Security (macos-latest)	UNKNOWN STEP	2026-09-29T12:19:34.1198840Z   CARGO_UNSTABLE_SPARSE_REGISTRY: true
Security (macos-latest)	UNKNOWN STEP	2026-09-29T12:19:34.1199100Z   CARGO_REGISTRIES_CRATES_IO_PROTOCOL: sparse
Security (macos-latest)	UNKNOWN STEP	2026-09-29T12:19:34.1200420Z   RUNNER_OS: macOS
Security (macos-latest)	UNKNOWN STEP	2026-09-29T12:19:34.1200890Z ##[endgroup]
Security (macos-latest)	UNKNOWN STEP	2026-09-29T12:19:34.1833180Z ##[end-action id=__actions-rust-lang_setup-rust-toolchain.__run_4;outcome=success;conclusion=success;duration_ms=68]
Security (macos-latest)	UNKNOWN STEP	2026-09-29T12:19:34.1838260Z ##[start-action display=rustup toolchain install stable;id=__actions-rust-lang_setup-rust-toolchain.__run_5]
Security (macos-latest)	UNKNOWN STEP	2026-09-29T12:19:34.1857680Z ##[group]Run # Check if value is set
Security (macos-latest)	UNKNOWN STEP	2026-09-29T12:19:34.1858020Z ^[[36;1m# Check if value is set^[[0m
Security (macos-latest)	UNKNOWN STEP	2026-09-29T12:19:34.1858250Z ^[[36;1mif [[ -n "$_srt_rust_src_dir" ]]^[[0m
Security (macos-latest)	UNKNOWN STEP	2026-09-29T12:19:34.1858480Z ^[[36;1mthen^[[0m
Security (macos-latest)	UNKNOWN STEP	2026-09-29T12:19:34.1858670Z ^[[36;1m  # If value is set the directory must exist^[[0m
Security (macos-latest)	UNKNOWN STEP	2026-09-29T12:19:34.1858990Z ^[[36;1m  if [[ -d "$_srt_rust_src_dir" ]]^[[0m
Security (macos-latest)	UNKNOWN STEP	2026-09-29T12:19:34.1859210Z ^[[36;1m  then^[[0m
Security (macos-latest)	UNKNOWN STEP	2026-09-29T12:19:34.1859390Z ^[[36;1m    cd "$_srt_rust_src_dir"^[[0m
Security (macos-latest)	UNKNOWN STEP	2026-09-29T12:19:34.1859590Z ^[[36;1m  else^[[0m
Security (macos-latest)	UNKNOWN STEP	2026-09-29T12:19:34.1859860Z ^[[36;1m    echo "'rust-src-dir' does not point to an existing directory" >&2^[[0m
Security (macos-latest)	UNKNOWN STEP	2026-09-29T12:19:34.1860460Z ^[[36;1m    echo "The value of 'rust-src-dir' is: ${_srt_rust_src_dir}" >&2^[[0m
Security (macos-latest)	UNKNOWN STEP	2026-09-29T12:19:34.1861070Z ^[[36;1m    exit 1^[[0m
Security (macos-latest)	UNKNOWN STEP	2026-09-29T12:19:34.1861230Z ^[[36;1m  fi^[[0m
Security (macos-latest)	UNKNOWN STEP	2026-09-29T12:19:34.1861400Z ^[[36;1mfi^[[0m
Security (macos-latest)	UNKNOWN STEP	2026-09-29T12:19:34.1861690Z ^[[36;1mif [[ -z "$_srt_toolchain" && ( -f "rust-toolchain" || -f "rust-toolchain.toml") ]]^[[0m
Security (macos-latest)	UNKNOWN STEP	2026-09-29T12:19:34.1862010Z ^[[36;1mthen^[[0m
Security (macos-latest)	UNKNOWN STEP	2026-09-29T12:19:34.1862240Z ^[[36;1m  # Install the toolchain as specified in the file^[[0m
Security (macos-latest)	UNKNOWN STEP	2026-09-29T12:19:34.1862590Z ^[[36;1m  # rustup show is the old way that implicitly installed a toolchain^[[0m
Security (macos-latest)	UNKNOWN STEP	2026-09-29T12:19:34.1862950Z ^[[36;1m  # rustup toolchain install is the new explicit way^[[0m
Security (macos-latest)	UNKNOWN STEP	2026-09-29T12:19:34.1863530Z ^[[36;1m  # https://github.com/rust-lang/rustup/issues/3635#issuecomment-2343511297^[[0m
Security (macos-latest)	UNKNOWN STEP	2026-09-29T12:19:34.1863960Z ^[[36;1m  rustup show active-toolchain || rustup toolchain install^[[0m
Security (macos-latest)	UNKNOWN STEP	2026-09-29T12:19:34.1864260Z ^[[36;1m  if [[ -n $_srt_components ]]; then^[[0m
Security (macos-latest)	UNKNOWN STEP	2026-09-29T12:19:34.1864540Z ^[[36;1m    rustup component add ${_srt_components//,/ }^[[0m
Security (macos-latest)	UNKNOWN STEP	2026-09-29T12:19:34.1864810Z ^[[36;1m  fi^[[0m
Security (macos-latest)	UNKNOWN STEP	2026-09-29T12:19:34.1864980Z ^[[36;1m  if [[ -n $_srt_targets ]]; then^[[0m
Security (macos-latest)	UNKNOWN STEP	2026-09-29T12:19:34.1865350Z ^[[36;1m    rustup target add ${_srt_targets//,/ }^[[0m
Security (macos-latest)	UNKNOWN STEP	2026-09-29T12:19:34.1865590Z ^[[36;1m  fi^[[0m
Security (macos-latest)	UNKNOWN STEP	2026-09-29T12:19:34.1865760Z ^[[36;1melse^[[0m
Security (macos-latest)	UNKNOWN STEP	2026-09-29T12:19:34.1865930Z ^[[36;1m  if [[ -z "$_srt_toolchain" ]]^[[0m
Security (macos-latest)	UNKNOWN STEP	2026-09-29T12:19:34.1866150Z ^[[36;1m  then^[[0m
Security (macos-latest)	UNKNOWN STEP	2026-09-29T12:19:34.1866310Z ^[[36;1m    _srt_toolchain=stable^[[0m
Security (macos-latest)	UNKNOWN STEP	2026-09-29T12:19:34.1866500Z ^[[36;1m  fi^[[0m
Security (macos-latest)	UNKNOWN STEP	2026-09-29T12:19:34.1866810Z ^[[36;1m  rustup toolchain install ${_srt_toolchain//,/ }  --profile minimal --no-self-update^[[0m
Security (macos-latest)	UNKNOWN STEP	2026-09-29T12:19:34.1867190Z ^[[36;1m  # Take the last element from the list^[[0m
Security (macos-latest)	UNKNOWN STEP	2026-09-29T12:19:34.1867460Z ^[[36;1m  if [[ "$_srt_override" == "true" ]]^[[0m
Security (macos-latest)	UNKNOWN STEP	2026-09-29T12:19:34.1867680Z ^[[36;1m  then^[[0m
Security (macos-latest)	UNKNOWN STEP	2026-09-29T12:19:34.1867880Z ^[[36;1m    rustup override set ${_srt_toolchain//*,/ }^[[0m
Security (macos-latest)	UNKNOWN STEP	2026-09-29T12:19:34.1868120Z ^[[36;1m  fi^[[0m
Security (macos-latest)	UNKNOWN STEP	2026-09-29T12:19:34.1868280Z ^[[36;1mfi^[[0m
Security (macos-latest)	UNKNOWN STEP	2026-09-29T12:19:34.1882260Z shell: /opt/homebrew/bin/bash --noprofile --norc -e -o pipefail {0}
Security (macos-latest)	UNKNOWN STEP	2026-09-29T12:19:34.1882590Z env:
Security (macos-latest)	UNKNOWN STEP	2026-09-29T12:19:34.1882780Z   CARGO_TERM_COLOR: always
Security (macos-latest)	UNKNOWN STEP	2026-09-29T12:19:34.1883410Z   GO_MODULES: packages/saksi-protocol/go
Security (macos-latest)	UNKNOWN STEP	packages/saksi-bulletin/chaincode
Security (macos-latest)	UNKNOWN STEP	packages/saksi-bulletin/client-sdk
Security (macos-latest)	UNKNOWN STEP	packages/saksi-campaign
Security (macos-latest)	UNKNOWN STEP	
Security (macos-latest)	UNKNOWN STEP	2026-09-29T12:19:34.1884000Z   GOFLAGS: -mod=mod
Security (macos-latest)	UNKNOWN STEP	2026-09-29T12:19:34.1884190Z   CARGO_INCREMENTAL: 0
Security (macos-latest)	UNKNOWN STEP	2026-09-29T12:19:34.1884370Z   CARGO_PROFILE_DEV_DEBUG: 0
Security (macos-latest)	UNKNOWN STEP	2026-09-29T12:19:34.1884580Z   RUST_BACKTRACE: short
Security (macos-latest)	UNKNOWN STEP	2026-09-29T12:19:34.1884760Z   RUSTFLAGS: -D warnings
Security (macos-latest)	UNKNOWN STEP	2026-09-29T12:19:34.1884970Z   CARGO_UNSTABLE_SPARSE_REGISTRY: true
Security (macos-latest)	UNKNOWN STEP	2026-09-29T12:19:34.1885240Z   CARGO_REGISTRIES_CRATES_IO_PROTOCOL: sparse
Security (macos-latest)	UNKNOWN STEP	2026-09-29T12:19:34.1885480Z   _srt_toolchain: 
Security (macos-latest)	UNKNOWN STEP	2026-09-29T12:19:34.1885660Z   _srt_targets: 
Security (macos-latest)	UNKNOWN STEP	2026-09-29T12:19:34.1885820Z   _srt_components: 
Security (macos-latest)	UNKNOWN STEP	2026-09-29T12:19:34.1886010Z   _srt_override: true
Security (macos-latest)	UNKNOWN STEP	2026-09-29T12:19:34.1886190Z   _srt_rust_src_dir: 
Security (macos-latest)	UNKNOWN STEP	2026-09-29T12:19:34.1886390Z ##[endgroup]
Security (macos-latest)	UNKNOWN STEP	2026-09-29T12:19:34.3117730Z stable-aarch64-apple-darwin (overridden by '/Users/runner/work/saksi/saksi/rust-toolchain.toml')
Security (macos-latest)	UNKNOWN STEP	2026-09-29T12:19:34.3152000Z ##[end-action id=__actions-rust-lang_setup-rust-toolchain.__run_5;outcome=success;conclusion=success;duration_ms=131]
Security (macos-latest)	UNKNOWN STEP	2026-09-29T12:19:34.3154600Z ##[start-action display=Print installed versions;id=__actions-rust-lang_setup-rust-toolchain.versions]
Security (macos-latest)	UNKNOWN STEP	2026-09-29T12:19:34.3177860Z ##[group]Run echo "rustc-version=$(rustc --version)" >> $GITHUB_OUTPUT
Security (macos-latest)	UNKNOWN STEP	2026-09-29T12:19:34.3178300Z ^[[36;1mecho "rustc-version=$(rustc --version)" >> $GITHUB_OUTPUT^[[0m
Security (macos-latest)	UNKNOWN STEP	2026-09-29T12:19:34.3178660Z ^[[36;1mrustc --version --verbose^[[0m
Security (macos-latest)	UNKNOWN STEP	2026-09-29T12:19:34.3178930Z ^[[36;1mecho "cargo-version=$(cargo --version)" >> $GITHUB_OUTPUT^[[0m
Security (macos-latest)	UNKNOWN STEP	2026-09-29T12:19:34.3179220Z ^[[36;1mcargo --version --verbose^[[0m
Security (macos-latest)	UNKNOWN STEP	2026-09-29T12:19:34.3179490Z ^[[36;1mecho "rustup-version=$(rustup --version)" >> $GITHUB_OUTPUT^[[0m
Security (macos-latest)	UNKNOWN STEP	2026-09-29T12:19:34.3179780Z ^[[36;1mrustup --version^[[0m
Security (macos-latest)	UNKNOWN STEP	2026-09-29T12:19:34.3180240Z ^[[36;1m^[[0m
Security (macos-latest)	UNKNOWN STEP	2026-09-29T12:19:34.3180580Z ^[[36;1m_srt_DATE=$(rustc --version --verbose | sed -ne 's/^commit-date: \(20[0-9][0-9]\)-\([01][0-9]\)-\([0-3][0-9]\)$/\1\2\3/p')^[[0m
Security (macos-latest)	UNKNOWN STEP	2026-09-29T12:19:34.3181110Z ^[[36;1m_srt_HASH=$(rustc --version --verbose | sed -ne 's/^commit-hash: //p')^[[0m
Security (macos-latest)	UNKNOWN STEP	2026-09-29T12:19:34.3181520Z ^[[36;1mecho "cachekey=$(echo $_srt_DATE$_srt_HASH | head -c12)" >> $GITHUB_OUTPUT^[[0m
Security (macos-latest)	UNKNOWN STEP	2026-09-29T12:19:34.3194640Z shell: /opt/homebrew/bin/bash --noprofile --norc -e -o pipefail {0}
Security (macos-latest)	UNKNOWN STEP	2026-09-29T12:19:34.3194920Z env:
Security (macos-latest)	UNKNOWN STEP	2026-09-29T12:19:34.3195090Z   CARGO_TERM_COLOR: always
Security (macos-latest)	UNKNOWN STEP	2026-09-29T12:19:34.3195800Z   GO_MODULES: packages/saksi-protocol/go
Security (macos-latest)	UNKNOWN STEP	packages/saksi-bulletin/chaincode
Security (macos-latest)	UNKNOWN STEP	packages/saksi-bulletin/client-sdk
Security (macos-latest)	UNKNOWN STEP	packages/saksi-campaign
Security (macos-latest)	UNKNOWN STEP	
Security (macos-latest)	UNKNOWN STEP	2026-09-29T12:19:34.3196300Z   GOFLAGS: -mod=mod
Security (macos-latest)	UNKNOWN STEP	2026-09-29T12:19:34.3196460Z   CARGO_INCREMENTAL: 0
Security (macos-latest)	UNKNOWN STEP	2026-09-29T12:19:34.3196620Z   CARGO_PROFILE_DEV_DEBUG: 0
Security (macos-latest)	UNKNOWN STEP	2026-09-29T12:19:34.3196810Z   RUST_BACKTRACE: short
Security (macos-latest)	UNKNOWN STEP	2026-09-29T12:19:34.3196980Z   RUSTFLAGS: -D warnings
Security (macos-latest)	UNKNOWN STEP	2026-09-29T12:19:34.3197180Z   CARGO_UNSTABLE_SPARSE_REGISTRY: true
Security (macos-latest)	UNKNOWN STEP	2026-09-29T12:19:34.3197400Z   CARGO_REGISTRIES_CRATES_IO_PROTOCOL: sparse
Security (macos-latest)	UNKNOWN STEP	2026-09-29T12:19:34.3197630Z ##[endgroup]
Security (macos-latest)	UNKNOWN STEP	2026-09-29T12:19:34.7470620Z rustc 1.98.1 (48a229cea 2026-09-01)
Security (macos-latest)	UNKNOWN STEP	2026-09-29T12:19:34.7471250Z binary: rustc
Security (macos-latest)	UNKNOWN STEP	2026-09-29T12:19:34.7471780Z commit-hash: 48a229ceaefd4985c50990b14116b6d856af0985
Security (macos-latest)	UNKNOWN STEP	2026-09-29T12:19:34.7472670Z commit-date: 2026-09-01
Security (macos-latest)	UNKNOWN STEP	2026-09-29T12:19:34.7473740Z host: aarch64-apple-darwin
Security (macos-latest)	UNKNOWN STEP	2026-09-29T12:19:34.7475040Z release: 1.98.1
Security (macos-latest)	UNKNOWN STEP	2026-09-29T12:19:34.7667440Z LLVM version: 22.1.8
Security (macos-latest)	UNKNOWN STEP	2026-09-29T12:19:34.9709160Z cargo 1.98.1 (797e8a9bc 2026-08-05)
Security (macos-latest)	UNKNOWN STEP	2026-09-29T12:19:34.9710830Z release: 1.98.1
Security (macos-latest)	UNKNOWN STEP	2026-09-29T12:19:34.9711400Z commit-hash: 797e8a9bca276c1c9f9f738d2a20f484fa4eea9d
Security (macos-latest)	UNKNOWN STEP	2026-09-29T12:19:34.9711860Z commit-date: 2026-08-05
Security (macos-latest)	UNKNOWN STEP	2026-09-29T12:19:34.9716740Z host: aarch64-apple-darwin
Security (macos-latest)	UNKNOWN STEP	2026-09-29T12:19:34.9722720Z libgit2: 1.9.4 (sys:0.21.0 vendored)
Security (macos-latest)	UNKNOWN STEP	2026-09-29T12:19:34.9736440Z libcurl: 8.7.1 (sys:0.4.90+curl-8.21.0 system ssl:(SecureTransport) LibreSSL/3.3.6)
Security (macos-latest)	UNKNOWN STEP	2026-09-29T12:19:34.9746620Z ssl: OpenSSL 3.6.3 9 Jun 2026
Security (macos-latest)	UNKNOWN STEP	2026-09-29T12:19:34.9775840Z os: Mac OS 26.6.2 [64-bit]
Security (macos-latest)	UNKNOWN STEP	2026-09-29T12:19:34.9862870Z info: This is the version for the rustup toolchain manager, not the rustc compiler.
Security (macos-latest)	UNKNOWN STEP	2026-09-29T12:19:35.0258870Z info: the currently active `rustc` version is `rustc 1.98.1 (48a229cea 2026-09-01)`
Security (macos-latest)	UNKNOWN STEP	2026-09-29T12:19:35.0445960Z info: This is the version for the rustup toolchain manager, not the rustc compiler.
Security (macos-latest)	UNKNOWN STEP	2026-09-29T12:19:35.0446520Z rustup 1.29.0 (2026-03-05)
Security (macos-latest)	UNKNOWN STEP	2026-09-29T12:19:35.0777560Z info: the currently active `rustc` version is `rustc 1.98.1 (48a229cea 2026-09-01)`
Security (macos-latest)	UNKNOWN STEP	2026-09-29T12:19:35.1895590Z ##[end-action id=__actions-rust-lang_setup-rust-toolchain.versions;outcome=success;conclusion=success;duration_ms=874]
Security (macos-latest)	UNKNOWN STEP	2026-09-29T12:19:35.1898970Z ##[start-action display=Downgrade registry access protocol when needed;id=__actions-rust-lang_setup-rust-toolchain.__run_6]
Security (macos-latest)	UNKNOWN STEP	2026-09-29T12:19:35.1924140Z ##[group]Run # Not all versions support setting CARGO_REGISTRIES_CRATES_IO_PROTOCOL
Security (macos-latest)	UNKNOWN STEP	2026-09-29T12:19:35.1924690Z ^[[36;1m# Not all versions support setting CARGO_REGISTRIES_CRATES_IO_PROTOCOL^[[0m
Security (macos-latest)	UNKNOWN STEP	2026-09-29T12:19:35.1925120Z ^[[36;1m# On versions 1.66, 1.67, and 1.68.0-nightly the value "sparse" is still unstable.^[[0m
Security (macos-latest)	UNKNOWN STEP	2026-09-29T12:19:35.1925690Z ^[[36;1m# https://github.com/dtolnay/rust-toolchain/pull/69#discussion_r1107268108^[[0m
Security (macos-latest)	UNKNOWN STEP	2026-09-29T12:19:35.1926140Z ^[[36;1m# If we detect an incompatible value, set it to "git" which is always supported.^[[0m
Security (macos-latest)	UNKNOWN STEP	2026-09-29T12:19:35.1926750Z ^[[36;1mif [[ "rustc 1.98.1 (48a229cea 2026-09-01)" =~ ^rustc\ (1\.6[67]\.|1\.68\.0-nightly) && "${CARGO_REGISTRIES_CRATES_IO_PROTOCOL}" == "sparse" ]]; then^[[0m
Security (macos-latest)	UNKNOWN STEP	2026-09-29T12:19:35.1927270Z ^[[36;1m  echo "Downgrade cargo registry protocol to git"^[[0m
Security (macos-latest)	UNKNOWN STEP	2026-09-29T12:19:35.1927610Z ^[[36;1m  echo "CARGO_REGISTRIES_CRATES_IO_PROTOCOL=git" >> $GITHUB_ENV^[[0m
Security (macos-latest)	UNKNOWN STEP	2026-09-29T12:19:35.1927950Z ^[[36;1mfi^[[0m
Security (macos-latest)	UNKNOWN STEP	2026-09-29T12:19:35.1942030Z shell: /opt/homebrew/bin/bash --noprofile --norc -e -o pipefail {0}
Security (macos-latest)	UNKNOWN STEP	2026-09-29T12:19:35.1943050Z env:
Security (macos-latest)	UNKNOWN STEP	2026-09-29T12:19:35.1943280Z   CARGO_TERM_COLOR: always
Security (macos-latest)	UNKNOWN STEP	2026-09-29T12:19:35.1943740Z   GO_MODULES: packages/saksi-protocol/go
Security (macos-latest)	UNKNOWN STEP	packages/saksi-bulletin/chaincode
Security (macos-latest)	UNKNOWN STEP	packages/saksi-bulletin/client-sdk
Security (macos-latest)	UNKNOWN STEP	packages/saksi-campaign
Security (macos-latest)	UNKNOWN STEP	
Security (macos-latest)	UNKNOWN STEP	2026-09-29T12:19:35.1944230Z   GOFLAGS: -mod=mod
Security (macos-latest)	UNKNOWN STEP	2026-09-29T12:19:35.1944430Z   CARGO_INCREMENTAL: 0
Security (macos-latest)	UNKNOWN STEP	2026-09-29T12:19:35.1944650Z   CARGO_PROFILE_DEV_DEBUG: 0
Security (macos-latest)	UNKNOWN STEP	2026-09-29T12:19:35.1944850Z   RUST_BACKTRACE: short
Security (macos-latest)	UNKNOWN STEP	2026-09-29T12:19:35.1945050Z   RUSTFLAGS: -D warnings
Security (macos-latest)	UNKNOWN STEP	2026-09-29T12:19:35.1945290Z   CARGO_UNSTABLE_SPARSE_REGISTRY: true
Security (macos-latest)	UNKNOWN STEP	2026-09-29T12:19:35.1945980Z   CARGO_REGISTRIES_CRATES_IO_PROTOCOL: sparse
Security (macos-latest)	UNKNOWN STEP	2026-09-29T12:19:35.1946250Z ##[endgroup]
Security (macos-latest)	UNKNOWN STEP	2026-09-29T12:19:35.2523580Z ##[end-action id=__actions-rust-lang_setup-rust-toolchain.__run_6;outcome=success;conclusion=success;duration_ms=62]
Security (macos-latest)	UNKNOWN STEP	2026-09-29T12:19:35.2526080Z ##[start-action display=Setup Rust Caching;id=__actions-rust-lang_setup-rust-toolchain.__Swatinem_rust-cache]
Security (macos-latest)	UNKNOWN STEP	2026-09-29T12:19:35.2589800Z ##[group]Run Swatinem/rust-cache@c19371144df3bb44fab255c43d04cbc2ab54d1c4
Security (macos-latest)	UNKNOWN STEP	2026-09-29T12:19:35.2590180Z with:
Security (macos-latest)	UNKNOWN STEP	2026-09-29T12:19:35.2590340Z   cache-on-failure: true
Security (macos-latest)	UNKNOWN STEP	2026-09-29T12:19:35.2590540Z   cache-bin: true
Security (macos-latest)	UNKNOWN STEP	2026-09-29T12:19:35.2590700Z   cache-provider: github
Security (macos-latest)	UNKNOWN STEP	2026-09-29T12:19:35.2590950Z   cache-all-crates: false
Security (macos-latest)	UNKNOWN STEP	2026-09-29T12:19:35.2591220Z   cache-workspace-crates: false
Security (macos-latest)	UNKNOWN STEP	2026-09-29T12:19:35.2591490Z   cache-targets: true
Security (macos-latest)	UNKNOWN STEP	2026-09-29T12:19:35.2592430Z   save-if: true
Security (macos-latest)	UNKNOWN STEP	2026-09-29T12:19:35.2592660Z   prefix-key: v0-rust
Security (macos-latest)	UNKNOWN STEP	2026-09-29T12:19:35.2592830Z   add-job-id-key: true
Security (macos-latest)	UNKNOWN STEP	2026-09-29T12:19:35.2593080Z   add-rust-environment-hash-key: true
Security (macos-latest)	UNKNOWN STEP	2026-09-29T12:19:35.2593330Z   lookup-only: false
Security (macos-latest)	UNKNOWN STEP	2026-09-29T12:19:35.2593500Z   cmd-format: {0}
Security (macos-latest)	UNKNOWN STEP	2026-09-29T12:19:35.2593660Z env:
Security (macos-latest)	UNKNOWN STEP	2026-09-29T12:19:35.2593810Z   CARGO_TERM_COLOR: always
Security (macos-latest)	UNKNOWN STEP	2026-09-29T12:19:35.2594290Z   GO_MODULES: packages/saksi-protocol/go
Security (macos-latest)	UNKNOWN STEP	packages/saksi-bulletin/chaincode
Security (macos-latest)	UNKNOWN STEP	packages/saksi-bulletin/client-sdk
Security (macos-latest)	UNKNOWN STEP	packages/saksi-campaign
Security (macos-latest)	UNKNOWN STEP	
Security (macos-latest)	UNKNOWN STEP	2026-09-29T12:19:35.2594790Z   GOFLAGS: -mod=mod
Security (macos-latest)	UNKNOWN STEP	2026-09-29T12:19:35.2594960Z   CARGO_INCREMENTAL: 0
Security (macos-latest)	UNKNOWN STEP	2026-09-29T12:19:35.2595190Z   CARGO_PROFILE_DEV_DEBUG: 0
Security (macos-latest)	UNKNOWN STEP	2026-09-29T12:19:35.2595390Z   RUST_BACKTRACE: short
Security (macos-latest)	UNKNOWN STEP	2026-09-29T12:19:35.2595560Z   RUSTFLAGS: -D warnings
Security (macos-latest)	UNKNOWN STEP	2026-09-29T12:19:35.2595810Z   CARGO_UNSTABLE_SPARSE_REGISTRY: true
Security (macos-latest)	UNKNOWN STEP	2026-09-29T12:19:35.2596070Z   CARGO_REGISTRIES_CRATES_IO_PROTOCOL: sparse
Security (macos-latest)	UNKNOWN STEP	2026-09-29T12:19:35.2596290Z ##[endgroup]
Security (macos-latest)	UNKNOWN STEP	2026-09-29T12:19:35.6738430Z (node:13910) [DEP0040] DeprecationWarning: The `punycode` module is deprecated. Please use a userland alternative instead.
Security (macos-latest)	UNKNOWN STEP	2026-09-29T12:19:35.6742220Z (Use `node --trace-deprecation ...` to show where the warning was created)
Security (macos-latest)	UNKNOWN STEP	2026-09-29T12:19:36.3666870Z ##[group]Cache Configuration
Security (macos-latest)	UNKNOWN STEP	2026-09-29T12:19:36.3730350Z Cache Provider:
Security (macos-latest)	UNKNOWN STEP	2026-09-29T12:19:36.3774250Z     github
Security (macos-latest)	UNKNOWN STEP	2026-09-29T12:19:36.3775150Z Workspaces:
Security (macos-latest)	UNKNOWN STEP	2026-09-29T12:19:36.3775980Z     /Users/runner/work/saksi/saksi
Security (macos-latest)	UNKNOWN STEP	2026-09-29T12:19:36.3781000Z Cache Paths:
Security (macos-latest)	UNKNOWN STEP	2026-09-29T12:19:36.3781850Z     /Users/runner/.cargo/bin
Security (macos-latest)	UNKNOWN STEP	2026-09-29T12:19:36.3782390Z     /Users/runner/.cargo/.crates.toml
Security (macos-latest)	UNKNOWN STEP	2026-09-29T12:19:36.3782740Z     /Users/runner/.cargo/.crates2.json
Security (macos-latest)	UNKNOWN STEP	2026-09-29T12:19:36.3783060Z     /Users/runner/.cargo/registry
Security (macos-latest)	UNKNOWN STEP	2026-09-29T12:19:36.3785160Z     /Users/runner/.cargo/git
Security (macos-latest)	UNKNOWN STEP	2026-09-29T12:19:36.3785480Z     /Users/runner/work/saksi/saksi/target
Security (macos-latest)	UNKNOWN STEP	2026-09-29T12:19:36.3785810Z Restore Key:
Security (macos-latest)	UNKNOWN STEP	2026-09-29T12:19:36.3786090Z     v0-rust-security-Darwin-arm64-2aa5c948
Security (macos-latest)	UNKNOWN STEP	2026-09-29T12:19:36.3786510Z Cache Key:
Security (macos-latest)	UNKNOWN STEP	2026-09-29T12:19:36.3788130Z     v0-rust-security-Darwin-arm64-2aa5c948-0f869fc1
Security (macos-latest)	UNKNOWN STEP	2026-09-29T12:19:36.3788660Z .. Prefix:
Security (macos-latest)	UNKNOWN STEP	2026-09-29T12:19:36.3789120Z   - v0-rust-security-Darwin-arm64
Security (macos-latest)	UNKNOWN STEP	2026-09-29T12:19:36.3789470Z .. Environment considered:
Security (macos-latest)	UNKNOWN STEP	2026-09-29T12:19:36.3789770Z   - Rust Versions:
Security (macos-latest)	UNKNOWN STEP	2026-09-29T12:19:36.3790130Z     - 1.98.1 aarch64-apple-darwin 48a229ceaefd4985c50990b14116b6d856af0985
Security (macos-latest)	UNKNOWN STEP	2026-09-29T12:19:36.3790640Z     - 1.98.1 aarch64-apple-darwin 48a229ceaefd4985c50990b14116b6d856af0985
Security (macos-latest)	UNKNOWN STEP	2026-09-29T12:19:36.3792880Z   - CARGO_INCREMENTAL
Security (macos-latest)	UNKNOWN STEP	2026-09-29T12:19:36.3793170Z   - CARGO_PROFILE_DEV_DEBUG
Security (macos-latest)	UNKNOWN STEP	2026-09-29T12:19:36.3793500Z   - CARGO_REGISTRIES_CRATES_IO_PROTOCOL
Security (macos-latest)	UNKNOWN STEP	2026-09-29T12:19:36.3793820Z   - CARGO_TERM_COLOR
Security (macos-latest)	UNKNOWN STEP	2026-09-29T12:19:36.3794140Z   - CARGO_UNSTABLE_SPARSE_REGISTRY
Security (macos-latest)	UNKNOWN STEP	2026-09-29T12:19:36.3794500Z   - RUST_BACKTRACE
Security (macos-latest)	UNKNOWN STEP	2026-09-29T12:19:36.3813980Z   - RUSTFLAGS
Security (macos-latest)	UNKNOWN STEP	2026-09-29T12:19:36.3825690Z .. Lockfiles considered:
Security (macos-latest)	UNKNOWN STEP	2026-09-29T12:19:36.3826100Z   - /Users/runner/work/saksi/saksi/Cargo.lock
Security (macos-latest)	UNKNOWN STEP	2026-09-29T12:19:36.3826610Z   - /Users/runner/work/saksi/saksi/packages/saksi-auditor/Cargo.toml
Security (macos-latest)	UNKNOWN STEP	2026-09-29T12:19:36.3827950Z   - /Users/runner/work/saksi/saksi/packages/saksi-credentials/Cargo.toml
Security (macos-latest)	UNKNOWN STEP	2026-09-29T12:19:36.3828690Z   - /Users/runner/work/saksi/saksi/packages/saksi-crypto/Cargo.toml
Security (macos-latest)	UNKNOWN STEP	2026-09-29T12:19:36.3835650Z   - /Users/runner/work/saksi/saksi/packages/saksi-demo/Cargo.toml
Security (macos-latest)	UNKNOWN STEP	2026-09-29T12:19:36.3836190Z   - /Users/runner/work/saksi/saksi/packages/saksi-ffi-flutter/Cargo.toml
Security (macos-latest)	UNKNOWN STEP	2026-09-29T12:19:36.3836780Z   - /Users/runner/work/saksi/saksi/packages/saksi-ffi-tauri/Cargo.toml
Security (macos-latest)	UNKNOWN STEP	2026-09-29T12:19:36.3837330Z   - /Users/runner/work/saksi/saksi/packages/saksi-protocol/rust/Cargo.toml
Security (macos-latest)	UNKNOWN STEP	2026-09-29T12:19:36.3837780Z   - /Users/runner/work/saksi/saksi/rust-toolchain.toml
Security (macos-latest)	UNKNOWN STEP	2026-09-29T12:19:36.3838480Z ##[endgroup]
Security (macos-latest)	UNKNOWN STEP	2026-09-29T12:19:36.3838660Z 
Security (macos-latest)	UNKNOWN STEP	2026-09-29T12:19:36.3838830Z ... Restoring cache ...
Security (macos-latest)	UNKNOWN STEP	2026-09-29T12:19:36.4887940Z Cache hit for: v0-rust-security-Darwin-arm64-2aa5c948-0f869fc1
Security (macos-latest)	UNKNOWN STEP	2026-09-29T12:19:37.1269300Z Received 46455336 of 46455336 (100.0%), 75.7 MBs/sec
Security (macos-latest)	UNKNOWN STEP	2026-09-29T12:19:37.1372260Z Cache Size: ~44 MB (46455336 B)
Security (macos-latest)	UNKNOWN STEP	2026-09-29T12:19:37.1478760Z [command]/opt/homebrew/bin/gtar -xf /Users/runner/work/_temp/b5c1126d-bfe2-46a6-b2b1-738fd38b43f4/cache.tzst -P -C /Users/runner/work/saksi/saksi --delay-directory-restore --use-compress-program unzstd
Security (macos-latest)	UNKNOWN STEP	2026-09-29T12:19:37.7540010Z Cache restored successfully
Security (macos-latest)	UNKNOWN STEP	2026-09-29T12:19:37.7554620Z Restored from cache key "v0-rust-security-Darwin-arm64-2aa5c948-0f869fc1" full match: true.
Security (macos-latest)	UNKNOWN STEP	2026-09-29T12:19:37.7684550Z ##[end-action id=__actions-rust-lang_setup-rust-toolchain.__Swatinem_rust-cache;outcome=success;conclusion=success;duration_ms=2515]
Security (macos-latest)	UNKNOWN STEP	2026-09-29T12:19:37.7855150Z ##[group]Run taiki-e/install-action@cargo-audit
Security (macos-latest)	UNKNOWN STEP	2026-09-29T12:19:37.7856230Z with:
Security (macos-latest)	UNKNOWN STEP	2026-09-29T12:19:37.7856670Z   tool: cargo-audit
Security (macos-latest)	UNKNOWN STEP	2026-09-29T12:19:37.7881990Z   checksum: true
Security (macos-latest)	UNKNOWN STEP	2026-09-29T12:19:37.7882300Z   fallback: cargo-binstall
Security (macos-latest)	UNKNOWN STEP	2026-09-29T12:19:37.7882500Z env:
Security (macos-latest)	UNKNOWN STEP	2026-09-29T12:19:37.7882820Z   CARGO_TERM_COLOR: always
Security (macos-latest)	UNKNOWN STEP	2026-09-29T12:19:37.7883380Z   GO_MODULES: packages/saksi-protocol/go
Security (macos-latest)	UNKNOWN STEP	packages/saksi-bulletin/chaincode
Security (macos-latest)	UNKNOWN STEP	packages/saksi-bulletin/client-sdk
Security (macos-latest)	UNKNOWN STEP	packages/saksi-campaign
Security (macos-latest)	UNKNOWN STEP	
Security (macos-latest)	UNKNOWN STEP	2026-09-29T12:19:37.7884000Z   GOFLAGS: -mod=mod
Security (macos-latest)	UNKNOWN STEP	2026-09-29T12:19:37.7884300Z   CARGO_INCREMENTAL: 0
Security (macos-latest)	UNKNOWN STEP	2026-09-29T12:19:37.7884520Z   CARGO_PROFILE_DEV_DEBUG: 0
Security (macos-latest)	UNKNOWN STEP	2026-09-29T12:19:37.7884900Z   RUST_BACKTRACE: short
Security (macos-latest)	UNKNOWN STEP	2026-09-29T12:19:37.7885180Z   RUSTFLAGS: -D warnings
Security (macos-latest)	UNKNOWN STEP	2026-09-29T12:19:37.7885420Z   CARGO_UNSTABLE_SPARSE_REGISTRY: true
Security (macos-latest)	UNKNOWN STEP	2026-09-29T12:19:37.7885720Z   CARGO_REGISTRIES_CRATES_IO_PROTOCOL: sparse
Security (macos-latest)	UNKNOWN STEP	2026-09-29T12:19:37.7885950Z   CACHE_ON_FAILURE: true
Security (macos-latest)	UNKNOWN STEP	2026-09-29T12:19:37.7886150Z ##[endgroup]
Security (macos-latest)	UNKNOWN STEP	2026-09-29T12:19:37.7893620Z ##[start-action display=Run bail() {;id=__taiki-e_install-action.__run]
Security (macos-latest)	UNKNOWN STEP	2026-09-29T12:19:37.7925870Z ##[group]Run bail() {
Security (macos-latest)	UNKNOWN STEP	2026-09-29T12:19:37.7926090Z ^[[36;1mbail() {^[[0m
Security (macos-latest)	UNKNOWN STEP	2026-09-29T12:19:37.7926280Z ^[[36;1m  printf '::error::install-action: %s\n' "$*"^[[0m
Security (macos-latest)	UNKNOWN STEP	2026-09-29T12:19:37.7926520Z ^[[36;1m  exit 1^[[0m
Security (macos-latest)	UNKNOWN STEP	2026-09-29T12:19:37.7926800Z ^[[36;1m}^[[0m
Security (macos-latest)	UNKNOWN STEP	2026-09-29T12:19:37.7927150Z ^[[36;1m# If /bin/sh is dash, environment variable containing % is not imported, but is fine^[[0m
Security (macos-latest)	UNKNOWN STEP	2026-09-29T12:19:37.7927730Z ^[[36;1m# because it also means that it will not be exposed to subprocess.^[[0m
Security (macos-latest)	UNKNOWN STEP	2026-09-29T12:19:37.7928350Z ^[[36;1mif /usr/bin/env | grep -Eq '^BASH_FUNC_'; then^[[0m
Security (macos-latest)	UNKNOWN STEP	2026-09-29T12:19:37.7928880Z ^[[36;1m  bail 'bash function injection via BASH_FUNC_ environment variable is not allowed for security reasons'^[[0m
Security (macos-latest)	UNKNOWN STEP	2026-09-29T12:19:37.7929290Z ^[[36;1mfi^[[0m
Security (macos-latest)	UNKNOWN STEP	2026-09-29T12:19:37.7930020Z ^[[36;1mif ! command -v bash >/dev/null; then^[[0m
Security (macos-latest)	UNKNOWN STEP	2026-09-29T12:19:37.7930340Z ^[[36;1m  if grep -Eq '^ID=alpine' /etc/os-release; then^[[0m
Security (macos-latest)	UNKNOWN STEP	2026-09-29T12:19:37.7930740Z ^[[36;1m    printf '::group::Install packages required for install-action (bash)\n'^[[0m
Security (macos-latest)	UNKNOWN STEP	2026-09-29T12:19:37.7931090Z ^[[36;1m    # NB: sync with apk_install in main.sh^[[0m
Security (macos-latest)	UNKNOWN STEP	2026-09-29T12:19:37.7931390Z ^[[36;1m    if command -v sudo >/dev/null; then^[[0m
Security (macos-latest)	UNKNOWN STEP	2026-09-29T12:19:37.7931670Z ^[[36;1m      sudo apk --no-cache add bash^[[0m
Security (macos-latest)	UNKNOWN STEP	2026-09-29T12:19:37.7931910Z ^[[36;1m    elif command -v doas >/dev/null; then^[[0m
Security (macos-latest)	UNKNOWN STEP	2026-09-29T12:19:37.7932150Z ^[[36;1m      doas apk --no-cache add bash^[[0m
Security (macos-latest)	UNKNOWN STEP	2026-09-29T12:19:37.7932400Z ^[[36;1m    else^[[0m
Security (macos-latest)	UNKNOWN STEP	2026-09-29T12:19:37.7932620Z ^[[36;1m      apk --no-cache add bash^[[0m
Security (macos-latest)	UNKNOWN STEP	2026-09-29T12:19:37.7932870Z ^[[36;1m    fi^[[0m
Security (macos-latest)	UNKNOWN STEP	2026-09-29T12:19:37.7933080Z ^[[36;1m    printf '::endgroup::\n'^[[0m
Security (macos-latest)	UNKNOWN STEP	2026-09-29T12:19:37.7933310Z ^[[36;1m  else^[[0m
Security (macos-latest)	UNKNOWN STEP	2026-09-29T12:19:37.7933520Z ^[[36;1m    bail 'this action requires bash'^[[0m
Security (macos-latest)	UNKNOWN STEP	2026-09-29T12:19:37.7933740Z ^[[36;1m  fi^[[0m
Security (macos-latest)	UNKNOWN STEP	2026-09-29T12:19:37.7934400Z ^[[36;1mfi^[[0m
Security (macos-latest)	UNKNOWN STEP	2026-09-29T12:19:37.7934710Z ^[[36;1mbash --noprofile --norc "${GITHUB_ACTION_PATH:?}/main.sh"^[[0m
Security (macos-latest)	UNKNOWN STEP	2026-09-29T12:19:37.7936340Z shell: /usr/bin/env -u ENV -u BASH_ENV -u CDPATH -u SHELLOPTS -u BASHOPTS /bin/sh -eu {0}
Security (macos-latest)	UNKNOWN STEP	2026-09-29T12:19:37.7936680Z env:
Security (macos-latest)	UNKNOWN STEP	2026-09-29T12:19:37.7936850Z   CARGO_TERM_COLOR: always
Security (macos-latest)	UNKNOWN STEP	2026-09-29T12:19:37.7937390Z   GO_MODULES: packages/saksi-protocol/go
Security (macos-latest)	UNKNOWN STEP	packages/saksi-bulletin/chaincode
Security (macos-latest)	UNKNOWN STEP	packages/saksi-bulletin/client-sdk
Security (macos-latest)	UNKNOWN STEP	packages/saksi-campaign
Security (macos-latest)	UNKNOWN STEP	
Security (macos-latest)	UNKNOWN STEP	2026-09-29T12:19:37.7937950Z   GOFLAGS: -mod=mod
Security (macos-latest)	UNKNOWN STEP	2026-09-29T12:19:37.7938150Z   CARGO_INCREMENTAL: 0
Security (macos-latest)	UNKNOWN STEP	2026-09-29T12:19:37.7938820Z   CARGO_PROFILE_DEV_DEBUG: 0
Security (macos-latest)	UNKNOWN STEP	2026-09-29T12:19:37.7939030Z   RUST_BACKTRACE: short
Security (macos-latest)	UNKNOWN STEP	2026-09-29T12:19:37.7939240Z   RUSTFLAGS: -D warnings
Security (macos-latest)	UNKNOWN STEP	2026-09-29T12:19:37.7939490Z   CARGO_UNSTABLE_SPARSE_REGISTRY: true
Security (macos-latest)	UNKNOWN STEP	2026-09-29T12:19:37.7939820Z   CARGO_REGISTRIES_CRATES_IO_PROTOCOL: sparse
Security (macos-latest)	UNKNOWN STEP	2026-09-29T12:19:37.7940070Z   CACHE_ON_FAILURE: true
Security (macos-latest)	UNKNOWN STEP	2026-09-29T12:19:37.7940240Z   INPUT_TOOL: cargo-audit
Security (macos-latest)	UNKNOWN STEP	2026-09-29T12:19:37.7940440Z   INPUT_CHECKSUM: true
Security (macos-latest)	UNKNOWN STEP	2026-09-29T12:19:37.7941570Z   INPUT_FALLBACK: cargo-binstall
Security (macos-latest)	UNKNOWN STEP	2026-09-29T12:19:37.7944210Z   DEFAULT_GITHUB_TOKEN: ***
Security (macos-latest)	UNKNOWN STEP	2026-09-29T12:19:37.7944620Z   ACTION_USER_AGENT: taiki-e/install-action (cargo-audit)
Security (macos-latest)	UNKNOWN STEP	2026-09-29T12:19:37.7944880Z   RUNNER_OS: macOS
Security (macos-latest)	UNKNOWN STEP	2026-09-29T12:19:37.7945050Z   RUNNER_ARCH: ARM64
Security (macos-latest)	UNKNOWN STEP	2026-09-29T12:19:37.7945250Z ##[endgroup]
Security (macos-latest)	UNKNOWN STEP	2026-09-29T12:19:37.8882620Z info: host platform: aarch64_macos
Security (macos-latest)	UNKNOWN STEP	2026-09-29T12:19:37.9298030Z info: installing cargo-audit@latest
Security (macos-latest)	UNKNOWN STEP	2026-09-29T12:19:37.9779850Z info: downloading https://github.com/rustsec/rustsec/releases/download/cargo-audit/v0.22.2/cargo-audit-aarch64-apple-darwin-v0.22.2.tgz
Security (macos-latest)	UNKNOWN STEP	2026-09-29T12:19:38.3605370Z info: verifying sha256 checksum for cargo-audit-aarch64-apple-darwin-v0.22.2.tgz
Security (macos-latest)	UNKNOWN STEP	2026-09-29T12:19:38.4421410Z info: cargo-audit installed at /Users/runner/.cargo/bin/cargo-audit
Security (macos-latest)	UNKNOWN STEP	2026-09-29T12:19:38.4427530Z + cargo-audit audit --version
Security (macos-latest)	UNKNOWN STEP	2026-09-29T12:19:38.4519820Z cargo-audit-audit 0.22.2
Security (macos-latest)	UNKNOWN STEP	2026-09-29T12:19:38.4521060Z 
Security (macos-latest)	UNKNOWN STEP	2026-09-29T12:19:38.4539010Z ##[end-action id=__taiki-e_install-action.__run;outcome=success;conclusion=success;duration_ms=664]
Security (macos-latest)	UNKNOWN STEP	2026-09-29T12:19:38.4543690Z ##[start-action display=Run Set-StrictMode -Version Latest;id=__taiki-e_install-action.__run_2]
Security (macos-latest)	UNKNOWN STEP	2026-09-29T12:19:38.4549440Z ##[end-action id=__taiki-e_install-action.__run_2;outcome=skipped;conclusion=skipped;duration_ms=0]
Security (macos-latest)	UNKNOWN STEP	2026-09-29T12:19:38.4597210Z ##[group]Run cargo audit
Security (macos-latest)	UNKNOWN STEP	2026-09-29T12:19:38.4597870Z ^[[36;1mcargo audit^[[0m
Security (macos-latest)	UNKNOWN STEP	2026-09-29T12:19:38.4626790Z shell: /opt/homebrew/bin/bash -e {0}
Security (macos-latest)	UNKNOWN STEP	2026-09-29T12:19:38.4627120Z env:
Security (macos-latest)	UNKNOWN STEP	2026-09-29T12:19:38.4627340Z   CARGO_TERM_COLOR: always
Security (macos-latest)	UNKNOWN STEP	2026-09-29T12:19:38.4627880Z   GO_MODULES: packages/saksi-protocol/go
Security (macos-latest)	UNKNOWN STEP	packages/saksi-bulletin/chaincode
Security (macos-latest)	UNKNOWN STEP	packages/saksi-bulletin/client-sdk
Security (macos-latest)	UNKNOWN STEP	packages/saksi-campaign
Security (macos-latest)	UNKNOWN STEP	
Security (macos-latest)	UNKNOWN STEP	2026-09-29T12:19:38.4628500Z   GOFLAGS: -mod=mod
Security (macos-latest)	UNKNOWN STEP	2026-09-29T12:19:38.4641880Z   CARGO_INCREMENTAL: 0
Security (macos-latest)	UNKNOWN STEP	2026-09-29T12:19:38.4642860Z   CARGO_PROFILE_DEV_DEBUG: 0
Security (macos-latest)	UNKNOWN STEP	2026-09-29T12:19:38.4643060Z   RUST_BACKTRACE: short
Security (macos-latest)	UNKNOWN STEP	2026-09-29T12:19:38.4643310Z   RUSTFLAGS: -D warnings
Security (macos-latest)	UNKNOWN STEP	2026-09-29T12:19:38.4643570Z   CARGO_UNSTABLE_SPARSE_REGISTRY: true
Security (macos-latest)	UNKNOWN STEP	2026-09-29T12:19:38.4643950Z   CARGO_REGISTRIES_CRATES_IO_PROTOCOL: sparse
Security (macos-latest)	UNKNOWN STEP	2026-09-29T12:19:38.4644260Z   CACHE_ON_FAILURE: true
Security (macos-latest)	UNKNOWN STEP	2026-09-29T12:19:38.4644440Z ##[endgroup]
Security (macos-latest)	UNKNOWN STEP	2026-09-29T12:19:38.5986710Z ^[[0m^[[0m^[[1m^[[32m    Fetching^[[0m advisory database from `https://github.com/RustSec/advisory-db.git`
Security (macos-latest)	UNKNOWN STEP	2026-09-29T12:19:43.2811430Z ^[[0m^[[0m^[[1m^[[32m      Loaded^[[0m 1277 security advisories (from /Users/runner/.cargo/advisory-db)
Security (macos-latest)	UNKNOWN STEP	2026-09-29T12:19:43.2913990Z ^[[0m^[[0m^[[1m^[[32m    Updating^[[0m crates.io index
Security (macos-latest)	UNKNOWN STEP	2026-09-29T12:19:43.2964480Z ^[[0m^[[0m^[[1m^[[32m    Scanning^[[0m Cargo.lock for vulnerabilities (127 crate dependencies)
Security (macos-latest)	UNKNOWN STEP	2026-09-29T12:19:43.4688640Z ^[[0m^[[0m^[[1m^[[33mwarning:^[[0m 1 allowed warning found
Security (macos-latest)	UNKNOWN STEP	2026-09-29T12:19:43.4690090Z ^[[0m^[[0m^[[1m^[[33mCrate:    ^[[0m anyhow
Security (macos-latest)	UNKNOWN STEP	2026-09-29T12:19:43.4719870Z ^[[0m^[[0m^[[1m^[[33mVersion:  ^[[0m 1.0.102
Security (macos-latest)	UNKNOWN STEP	2026-09-29T12:19:43.4777570Z ^[[0m^[[0m^[[1m^[[33mWarning:  ^[[0m unsound
Security (macos-latest)	UNKNOWN STEP	2026-09-29T12:19:43.4807060Z ^[[0m^[[0m^[[1m^[[33mTitle:    ^[[0m Unsoundness in `Error::downcast_mut()`
Security (macos-latest)	UNKNOWN STEP	2026-09-29T12:19:43.4859030Z ^[[0m^[[0m^[[1m^[[33mDate:     ^[[0m 2026-06-25
Security (macos-latest)	UNKNOWN STEP	2026-09-29T12:19:43.4866680Z ^[[0m^[[0m^[[1m^[[33mID:       ^[[0m RUSTSEC-2026-0190
Security (macos-latest)	UNKNOWN STEP	2026-09-29T12:19:43.4869300Z ^[[0m^[[0m^[[1m^[[33mURL:      ^[[0m https://rustsec.org/advisories/RUSTSEC-2026-0190
Security (macos-latest)	UNKNOWN STEP	2026-09-29T12:19:43.4879760Z 
Security (macos-latest)	UNKNOWN STEP	2026-09-29T12:19:43.4960850Z ##[group]Run actions/setup-go@v5
Security (macos-latest)	UNKNOWN STEP	2026-09-29T12:19:43.4961100Z with:
Security (macos-latest)	UNKNOWN STEP	2026-09-29T12:19:43.4961250Z   go-version: 1.25
Security (macos-latest)	UNKNOWN STEP	2026-09-29T12:19:43.4961450Z   cache: true
Security (macos-latest)	UNKNOWN STEP	2026-09-29T12:19:43.4962040Z   cache-dependency-path: packages/saksi-protocol/go/go.mod
Security (macos-latest)	UNKNOWN STEP	packages/saksi-bulletin/chaincode/go.mod
Security (macos-latest)	UNKNOWN STEP	packages/saksi-bulletin/client-sdk/go.mod
Security (macos-latest)	UNKNOWN STEP	
Security (macos-latest)	UNKNOWN STEP	2026-09-29T12:19:43.4962580Z   check-latest: false
Security (macos-latest)	UNKNOWN STEP	2026-09-29T12:19:43.4964810Z   token: ***
Security (macos-latest)	UNKNOWN STEP	2026-09-29T12:19:43.4965030Z env:
Security (macos-latest)	UNKNOWN STEP	2026-09-29T12:19:43.4965190Z   CARGO_TERM_COLOR: always
Security (macos-latest)	UNKNOWN STEP	2026-09-29T12:19:43.4965810Z   GO_MODULES: packages/saksi-protocol/go
Security (macos-latest)	UNKNOWN STEP	packages/saksi-bulletin/chaincode
Security (macos-latest)	UNKNOWN STEP	packages/saksi-bulletin/client-sdk
Security (macos-latest)	UNKNOWN STEP	packages/saksi-campaign
Security (macos-latest)	UNKNOWN STEP	
Security (macos-latest)	UNKNOWN STEP	2026-09-29T12:19:43.4966350Z   GOFLAGS: -mod=mod
Security (macos-latest)	UNKNOWN STEP	2026-09-29T12:19:43.4966570Z   CARGO_INCREMENTAL: 0
Security (macos-latest)	UNKNOWN STEP	2026-09-29T12:19:43.4966860Z   CARGO_PROFILE_DEV_DEBUG: 0
Security (macos-latest)	UNKNOWN STEP	2026-09-29T12:19:43.4967060Z   RUST_BACKTRACE: short
Security (macos-latest)	UNKNOWN STEP	2026-09-29T12:19:43.4967260Z   RUSTFLAGS: -D warnings
Security (macos-latest)	UNKNOWN STEP	2026-09-29T12:19:43.4967490Z   CARGO_UNSTABLE_SPARSE_REGISTRY: true
Security (macos-latest)	UNKNOWN STEP	2026-09-29T12:19:43.4967750Z   CARGO_REGISTRIES_CRATES_IO_PROTOCOL: sparse
Security (macos-latest)	UNKNOWN STEP	2026-09-29T12:19:43.4968020Z   CACHE_ON_FAILURE: true
Security (macos-latest)	UNKNOWN STEP	2026-09-29T12:19:43.4968200Z ##[endgroup]
Security (macos-latest)	UNKNOWN STEP	2026-09-29T12:19:43.6736290Z Setup go version spec 1.25
Security (macos-latest)	UNKNOWN STEP	2026-09-29T12:19:43.6836640Z Found in cache @ /Users/runner/hostedtoolcache/go/1.25.14/arm64
Security (macos-latest)	UNKNOWN STEP	2026-09-29T12:19:43.6840620Z (node:14147) [DEP0040] DeprecationWarning: The `punycode` module is deprecated. Please use a userland alternative instead.
Security (macos-latest)	UNKNOWN STEP	2026-09-29T12:19:43.6842190Z (Use `node --trace-deprecation ...` to show where the warning was created)
Security (macos-latest)	UNKNOWN STEP	2026-09-29T12:19:43.6847980Z Added go to the path
Security (macos-latest)	UNKNOWN STEP	2026-09-29T12:19:43.6852680Z Successfully set up Go version 1.25
Security (macos-latest)	UNKNOWN STEP	2026-09-29T12:19:43.8780190Z [command]/Users/runner/hostedtoolcache/go/1.25.14/arm64/bin/go env GOMODCACHE
Security (macos-latest)	UNKNOWN STEP	2026-09-29T12:19:43.8850410Z [command]/Users/runner/hostedtoolcache/go/1.25.14/arm64/bin/go env GOCACHE
Security (macos-latest)	UNKNOWN STEP	2026-09-29T12:19:43.8937830Z /Users/runner/go/pkg/mod
Security (macos-latest)	UNKNOWN STEP	2026-09-29T12:19:43.8964230Z /Users/runner/Library/Caches/go-build
Security (macos-latest)	UNKNOWN STEP	2026-09-29T12:19:43.9988760Z Cache hit for: setup-go-macOS-arm64-go-1.25.14-61bbf44200ea51c97db44eef9d5fd9d32d6f41e109b84a02d8ea08dac29e82dd
Security (macos-latest)	UNKNOWN STEP	2026-09-29T12:19:44.0141780Z (node:14147) [DEP0169] DeprecationWarning: `url.parse()` behavior is not standardized and prone to errors that have security implications. Use the WHATWG URL API instead. CVEs are not issued for `url.parse()` vulnerabilities.
Security (macos-latest)	UNKNOWN STEP	2026-09-29T12:19:45.1704960Z Received 134217728 of 199301454 (67.3%), 114.7 MBs/sec
Security (macos-latest)	UNKNOWN STEP	2026-09-29T12:19:45.7821920Z Received 199301454 of 199301454 (100.0%), 111.2 MBs/sec
Security (macos-latest)	UNKNOWN STEP	2026-09-29T12:19:45.7833330Z Cache Size: ~190 MB (199301454 B)
Security (macos-latest)	UNKNOWN STEP	2026-09-29T12:19:45.7923730Z [command]/opt/homebrew/bin/gtar -xf /Users/runner/work/_temp/79de8f4d-cf96-46bc-980d-8c522b54aeec/cache.tzst -P -C /Users/runner/work/saksi/saksi --delay-directory-restore --use-compress-program unzstd
Security (macos-latest)	UNKNOWN STEP	2026-09-29T12:19:51.6848580Z Cache restored successfully
Security (macos-latest)	UNKNOWN STEP	2026-09-29T12:19:51.7015050Z Cache restored from key: setup-go-macOS-arm64-go-1.25.14-61bbf44200ea51c97db44eef9d5fd9d32d6f41e109b84a02d8ea08dac29e82dd
Security (macos-latest)	UNKNOWN STEP	2026-09-29T12:19:51.7169310Z go version go1.25.14 darwin/arm64
Security (macos-latest)	UNKNOWN STEP	2026-09-29T12:19:51.7201360Z 
Security (macos-latest)	UNKNOWN STEP	2026-09-29T12:19:51.7202890Z ##[group]go env
Security (macos-latest)	UNKNOWN STEP	2026-09-29T12:19:52.1831620Z AR='ar'
Security (macos-latest)	UNKNOWN STEP	2026-09-29T12:19:52.1834550Z CC='clang'
Security (macos-latest)	UNKNOWN STEP	2026-09-29T12:19:52.1836220Z CGO_CFLAGS='-O2 -g'
Security (macos-latest)	UNKNOWN STEP	2026-09-29T12:19:52.1837320Z CGO_CPPFLAGS=''
Security (macos-latest)	UNKNOWN STEP	2026-09-29T12:19:52.1838630Z CGO_CXXFLAGS='-O2 -g'
Security (macos-latest)	UNKNOWN STEP	2026-09-29T12:19:52.1839540Z CGO_ENABLED='1'
Security (macos-latest)	UNKNOWN STEP	2026-09-29T12:19:52.1840410Z CGO_FFLAGS='-O2 -g'
Security (macos-latest)	UNKNOWN STEP	2026-09-29T12:19:52.1842570Z CGO_LDFLAGS='-O2 -g'
Security (macos-latest)	UNKNOWN STEP	2026-09-29T12:19:52.1843530Z CXX='clang++'
Security (macos-latest)	UNKNOWN STEP	2026-09-29T12:19:52.1844180Z GCCGO='gccgo'
Security (macos-latest)	UNKNOWN STEP	2026-09-29T12:19:52.1844890Z GO111MODULE=''
Security (macos-latest)	UNKNOWN STEP	2026-09-29T12:19:52.1845750Z GOARCH='arm64'
Security (macos-latest)	UNKNOWN STEP	2026-09-29T12:19:52.1846190Z GOARM64='v8.0'
Security (macos-latest)	UNKNOWN STEP	2026-09-29T12:19:52.1846440Z GOAUTH='netrc'
Security (macos-latest)	UNKNOWN STEP	2026-09-29T12:19:52.1846750Z GOBIN=''
Security (macos-latest)	UNKNOWN STEP	2026-09-29T12:19:52.1847880Z GOCACHE='/Users/runner/Library/Caches/go-build'
Security (macos-latest)	UNKNOWN STEP	2026-09-29T12:19:52.1848370Z GOCACHEPROG=''
Security (macos-latest)	UNKNOWN STEP	2026-09-29T12:19:52.1848780Z GODEBUG=''
Security (macos-latest)	UNKNOWN STEP	2026-09-29T12:19:52.1850860Z GOENV='/Users/runner/Library/Application Support/go/env'
Security (macos-latest)	UNKNOWN STEP	2026-09-29T12:19:52.1851310Z GOEXE=''
Security (macos-latest)	UNKNOWN STEP	2026-09-29T12:19:52.1851640Z GOEXPERIMENT=''
Security (macos-latest)	UNKNOWN STEP	2026-09-29T12:19:52.1851980Z GOFIPS140='off'
Security (macos-latest)	UNKNOWN STEP	2026-09-29T12:19:52.1852290Z GOFLAGS='-mod=mod'
Security (macos-latest)	UNKNOWN STEP	2026-09-29T12:19:52.1853460Z GOGCCFLAGS='-fPIC -arch arm64 -pthread -fno-caret-diagnostics -Qunused-arguments -fmessage-length=0 -ffile-prefix-map=/var/folders/36/tjdph2t965j8snz9_vkdnw0r0000gn/T/go-build1973481138=/tmp/go-build -gno-record-gcc-switches -fno-common'
Security (macos-latest)	UNKNOWN STEP	2026-09-29T12:19:52.1854570Z GOHOSTARCH='arm64'
Security (macos-latest)	UNKNOWN STEP	2026-09-29T12:19:52.1854940Z GOHOSTOS='darwin'
Security (macos-latest)	UNKNOWN STEP	2026-09-29T12:19:52.1855220Z GOINSECURE=''
Security (macos-latest)	UNKNOWN STEP	2026-09-29T12:19:52.1855540Z GOMOD='/dev/null'
Security (macos-latest)	UNKNOWN STEP	2026-09-29T12:19:52.1855830Z GOMODCACHE='/Users/runner/go/pkg/mod'
Security (macos-latest)	UNKNOWN STEP	2026-09-29T12:19:52.1856140Z GONOPROXY=''
Security (macos-latest)	UNKNOWN STEP	2026-09-29T12:19:52.1856480Z GONOSUMDB=''
Security (macos-latest)	UNKNOWN STEP	2026-09-29T12:19:52.1856870Z GOOS='darwin'
Security (macos-latest)	UNKNOWN STEP	2026-09-29T12:19:52.1857100Z GOPATH='/Users/runner/go'
Security (macos-latest)	UNKNOWN STEP	2026-09-29T12:19:52.1857440Z GOPRIVATE=''
Security (macos-latest)	UNKNOWN STEP	2026-09-29T12:19:52.1858030Z GOPROXY='https://proxy.golang.org,direct'
Security (macos-latest)	UNKNOWN STEP	2026-09-29T12:19:52.1858670Z GOROOT='/Users/runner/hostedtoolcache/go/1.25.14/arm64'
Security (macos-latest)	UNKNOWN STEP	2026-09-29T12:19:52.1859130Z GOSUMDB='sum.golang.org'
Security (macos-latest)	UNKNOWN STEP	2026-09-29T12:19:52.1859630Z GOTELEMETRY='local'
Security (macos-latest)	UNKNOWN STEP	2026-09-29T12:19:52.1860700Z GOTELEMETRYDIR='/Users/runner/Library/Application Support/go/telemetry'
Security (macos-latest)	UNKNOWN STEP	2026-09-29T12:19:52.1867090Z GOTMPDIR=''
Security (macos-latest)	UNKNOWN STEP	2026-09-29T12:19:52.1874220Z GOTOOLCHAIN='auto'
Security (macos-latest)	UNKNOWN STEP	2026-09-29T12:19:52.1875300Z GOTOOLDIR='/Users/runner/hostedtoolcache/go/1.25.14/arm64/pkg/tool/darwin_arm64'
Security (macos-latest)	UNKNOWN STEP	2026-09-29T12:19:52.1877530Z GOVCS=''
Security (macos-latest)	UNKNOWN STEP	2026-09-29T12:19:52.1878450Z GOVERSION='go1.25.14'
Security (macos-latest)	UNKNOWN STEP	2026-09-29T12:19:52.1879260Z GOWORK=''
Security (macos-latest)	UNKNOWN STEP	2026-09-29T12:19:52.1881060Z PKG_CONFIG='pkg-config'
Security (macos-latest)	UNKNOWN STEP	2026-09-29T12:19:52.1881380Z 
Security (macos-latest)	UNKNOWN STEP	2026-09-29T12:19:52.1885820Z ##[endgroup]
Security (macos-latest)	UNKNOWN STEP	2026-09-29T12:19:52.2278740Z ##[group]Run go install golang.org/x/vuln/cmd/govulncheck@latest
Security (macos-latest)	UNKNOWN STEP	2026-09-29T12:19:52.2279400Z ^[[36;1mgo install golang.org/x/vuln/cmd/govulncheck@latest^[[0m
Security (macos-latest)	UNKNOWN STEP	2026-09-29T12:19:52.2302820Z shell: /opt/homebrew/bin/bash -e {0}
Security (macos-latest)	UNKNOWN STEP	2026-09-29T12:19:52.2303170Z env:
Security (macos-latest)	UNKNOWN STEP	2026-09-29T12:19:52.2303470Z   CARGO_TERM_COLOR: always
Security (macos-latest)	UNKNOWN STEP	2026-09-29T12:19:52.2304340Z   GO_MODULES: packages/saksi-protocol/go
Security (macos-latest)	UNKNOWN STEP	packages/saksi-bulletin/chaincode
Security (macos-latest)	UNKNOWN STEP	packages/saksi-bulletin/client-sdk
Security (macos-latest)	UNKNOWN STEP	packages/saksi-campaign
Security (macos-latest)	UNKNOWN STEP	
Security (macos-latest)	UNKNOWN STEP	2026-09-29T12:19:52.2305060Z   GOFLAGS: -mod=mod
Security (macos-latest)	UNKNOWN STEP	2026-09-29T12:19:52.2305370Z   CARGO_INCREMENTAL: 0
Security (macos-latest)	UNKNOWN STEP	2026-09-29T12:19:52.2305670Z   CARGO_PROFILE_DEV_DEBUG: 0
Security (macos-latest)	UNKNOWN STEP	2026-09-29T12:19:52.2305910Z   RUST_BACKTRACE: short
Security (macos-latest)	UNKNOWN STEP	2026-09-29T12:19:52.2306200Z   RUSTFLAGS: -D warnings
Security (macos-latest)	UNKNOWN STEP	2026-09-29T12:19:52.2313320Z   CARGO_UNSTABLE_SPARSE_REGISTRY: true
Security (macos-latest)	UNKNOWN STEP	2026-09-29T12:19:52.2313640Z   CARGO_REGISTRIES_CRATES_IO_PROTOCOL: sparse
Security (macos-latest)	UNKNOWN STEP	2026-09-29T12:19:52.2314030Z   CACHE_ON_FAILURE: true
Security (macos-latest)	UNKNOWN STEP	2026-09-29T12:19:52.2314340Z ##[endgroup]
Security (macos-latest)	UNKNOWN STEP	2026-09-29T12:19:53.0918120Z go: golang.org/x/vuln@v1.8.0 requires go >= 1.26.0; switching to go1.26.8
Security (macos-latest)	UNKNOWN STEP	2026-09-29T12:19:55.2216260Z ##[group]Run set -euo pipefail
Security (macos-latest)	UNKNOWN STEP	2026-09-29T12:19:55.2217060Z ^[[36;1mset -euo pipefail^[[0m
Security (macos-latest)	UNKNOWN STEP	2026-09-29T12:19:55.2217890Z ^[[36;1mfor module in ${GO_MODULES}; do^[[0m
Security (macos-latest)	UNKNOWN STEP	2026-09-29T12:19:55.2218890Z ^[[36;1m  (cd "${module}" && "$(go env GOPATH)/bin/govulncheck" ./...)^[[0m
Security (macos-latest)	UNKNOWN STEP	2026-09-29T12:19:55.2219760Z ^[[36;1mdone^[[0m
Security (macos-latest)	UNKNOWN STEP	2026-09-29T12:19:55.2252560Z shell: /opt/homebrew/bin/bash --noprofile --norc -e -o pipefail {0}
Security (macos-latest)	UNKNOWN STEP	2026-09-29T12:19:55.2253620Z env:
Security (macos-latest)	UNKNOWN STEP	2026-09-29T12:19:55.2254200Z   CARGO_TERM_COLOR: always
Security (macos-latest)	UNKNOWN STEP	2026-09-29T12:19:55.2255520Z   GO_MODULES: packages/saksi-protocol/go
Security (macos-latest)	UNKNOWN STEP	packages/saksi-bulletin/chaincode
Security (macos-latest)	UNKNOWN STEP	packages/saksi-bulletin/client-sdk
Security (macos-latest)	UNKNOWN STEP	packages/saksi-campaign
Security (macos-latest)	UNKNOWN STEP	
Security (macos-latest)	UNKNOWN STEP	2026-09-29T12:19:55.2257250Z   GOFLAGS: -mod=mod
Security (macos-latest)	UNKNOWN STEP	2026-09-29T12:19:55.2257950Z   CARGO_INCREMENTAL: 0
Security (macos-latest)	UNKNOWN STEP	2026-09-29T12:19:55.2258710Z   CARGO_PROFILE_DEV_DEBUG: 0
Security (macos-latest)	UNKNOWN STEP	2026-09-29T12:19:55.2259320Z   RUST_BACKTRACE: short
Security (macos-latest)	UNKNOWN STEP	2026-09-29T12:19:55.2260010Z   RUSTFLAGS: -D warnings
Security (macos-latest)	UNKNOWN STEP	2026-09-29T12:19:55.2260790Z   CARGO_UNSTABLE_SPARSE_REGISTRY: true
Security (macos-latest)	UNKNOWN STEP	2026-09-29T12:19:55.2261720Z   CARGO_REGISTRIES_CRATES_IO_PROTOCOL: sparse
Security (macos-latest)	UNKNOWN STEP	2026-09-29T12:19:55.2262700Z   CACHE_ON_FAILURE: true
Security (macos-latest)	UNKNOWN STEP	2026-09-29T12:19:55.2263540Z ##[endgroup]
Security (macos-latest)	UNKNOWN STEP	2026-09-29T12:19:57.4572910Z No vulnerabilities found.
Security (macos-latest)	UNKNOWN STEP	2026-09-29T12:20:03.8003760Z === Symbol Results ===
Security (macos-latest)	UNKNOWN STEP	2026-09-29T12:20:03.8004500Z 
Security (macos-latest)	UNKNOWN STEP	2026-09-29T12:20:03.8004710Z Vulnerability #1: GO-2026-6443
Security (macos-latest)	UNKNOWN STEP	2026-09-29T12:20:03.8007280Z     Server panic via missing authority or Host headers in google.golang.org/grpc
Security (macos-latest)	UNKNOWN STEP	2026-09-29T12:20:03.8007980Z   More info: https://pkg.go.dev/vuln/GO-2026-6443
Security (macos-latest)	UNKNOWN STEP	2026-09-29T12:20:03.8008470Z   Module: google.golang.org/grpc
Security (macos-latest)	UNKNOWN STEP	2026-09-29T12:20:03.8008970Z     Found in: google.golang.org/grpc@v1.59.0
Security (macos-latest)	UNKNOWN STEP	2026-09-29T12:20:03.8009760Z     Fixed in: google.golang.org/grpc@v1.82.2
Security (macos-latest)	UNKNOWN STEP	2026-09-29T12:20:03.8010280Z     Example traces found:
Security (macos-latest)	UNKNOWN STEP	2026-09-29T12:20:03.8067610Z ##[error]      #1: main.go:14:20: chaincode.main calls contractapi.ContractChaincode.Start, which eventually calls transport.http2Server.HandleStreams
Security (macos-latest)	UNKNOWN STEP	2026-09-29T12:20:03.8092860Z 
Security (macos-latest)	UNKNOWN STEP	2026-09-29T12:20:03.8093300Z Vulnerability #2: GO-2026-6348
Security (macos-latest)	UNKNOWN STEP	2026-09-29T12:20:03.8094660Z     Heap Memory Exhaustion (OOM) via HTTP/2 DATA Frame Fragmentation in
Security (macos-latest)	UNKNOWN STEP	2026-09-29T12:20:03.8095830Z     google.golang.org/grpc
Security (macos-latest)	UNKNOWN STEP	2026-09-29T12:20:03.8096790Z   More info: https://pkg.go.dev/vuln/GO-2026-6348
Security (macos-latest)	UNKNOWN STEP	2026-09-29T12:20:03.8097670Z   Module: google.golang.org/grpc
Security (macos-latest)	UNKNOWN STEP	2026-09-29T12:20:03.8098650Z     Found in: google.golang.org/grpc@v1.59.0
Security (macos-latest)	UNKNOWN STEP	2026-09-29T12:20:03.8099780Z     Fixed in: google.golang.org/grpc@v1.83.1
Security (macos-latest)	UNKNOWN STEP	2026-09-29T12:20:03.8100620Z     Example traces found:
Security (macos-latest)	UNKNOWN STEP	2026-09-29T12:20:03.8104120Z ##[error]      #1: main.go:14:20: chaincode.main calls contractapi.ContractChaincode.Start, which eventually calls transport.NewServerTransport
Security (macos-latest)	UNKNOWN STEP	2026-09-29T12:20:03.8109310Z ##[error]      #2: main.go:14:20: chaincode.main calls contractapi.ContractChaincode.Start, which eventually calls transport.http2Client.Close
Security (macos-latest)	UNKNOWN STEP	2026-09-29T12:20:03.8113700Z ##[error]      #3: main.go:14:20: chaincode.main calls contractapi.ContractChaincode.Start, which eventually calls transport.http2Client.GracefulClose
Security (macos-latest)	UNKNOWN STEP	2026-09-29T12:20:03.8116120Z ##[error]      #4: main.go:14:20: chaincode.main calls contractapi.ContractChaincode.Start, which eventually calls transport.http2Client.NewStream
Security (macos-latest)	UNKNOWN STEP	2026-09-29T12:20:03.8118170Z ##[error]      #5: main.go:14:20: chaincode.main calls contractapi.ContractChaincode.Start, which eventually calls transport.http2Server.Close
Security (macos-latest)	UNKNOWN STEP	2026-09-29T12:20:03.8121070Z ##[error]      #6: main.go:14:20: chaincode.main calls contractapi.ContractChaincode.Start, which eventually calls transport.http2Server.HandleStreams
Security (macos-latest)	UNKNOWN STEP	2026-09-29T12:20:03.8123210Z ##[error]      #7: main.go:14:20: chaincode.main calls contractapi.ContractChaincode.Start, which eventually calls transport.recvBuffer.put
Security (macos-latest)	UNKNOWN STEP	2026-09-29T12:20:03.8127570Z ##[error]      #8: contract.go:12:2: chaincode.init calls contractapi.init, which eventually calls transport.transportReader.Read
Security (macos-latest)	UNKNOWN STEP	2026-09-29T12:20:03.8128710Z 
Security (macos-latest)	UNKNOWN STEP	2026-09-29T12:20:03.8128970Z Vulnerability #3: GO-2026-6061
Security (macos-latest)	UNKNOWN STEP	2026-09-29T12:20:03.8132300Z     Vulnerabilities in the xDS RBAC authorization engine and the HTTP/2
Security (macos-latest)	UNKNOWN STEP	2026-09-29T12:20:03.8133980Z     transport server implementation in google.golang.org/grpc
Security (macos-latest)	UNKNOWN STEP	2026-09-29T12:20:03.8134960Z   More info: https://pkg.go.dev/vuln/GO-2026-6061
Security (macos-latest)	UNKNOWN STEP	2026-09-29T12:20:03.8135680Z   Module: google.golang.org/grpc
Security (macos-latest)	UNKNOWN STEP	2026-09-29T12:20:03.8136140Z     Found in: google.golang.org/grpc@v1.59.0
Security (macos-latest)	UNKNOWN STEP	2026-09-29T12:20:03.8136590Z     Fixed in: google.golang.org/grpc@v1.82.1
Security (macos-latest)	UNKNOWN STEP	2026-09-29T12:20:03.8137000Z     Example traces found:
Security (macos-latest)	UNKNOWN STEP	2026-09-29T12:20:03.8138040Z ##[error]      #1: main.go:14:20: chaincode.main calls contractapi.ContractChaincode.Start, which eventually calls transport.NewServerTransport
Security (macos-latest)	UNKNOWN STEP	2026-09-29T12:20:03.8140000Z ##[error]      #2: main.go:14:20: chaincode.main calls contractapi.ContractChaincode.Start, which eventually calls transport.controlBuffer.executeAndPut
Security (macos-latest)	UNKNOWN STEP	2026-09-29T12:20:03.8141810Z ##[error]      #3: main.go:14:20: chaincode.main calls contractapi.ContractChaincode.Start, which eventually calls transport.http2Client.Close
Security (macos-latest)	UNKNOWN STEP	2026-09-29T12:20:03.8143770Z ##[error]      #4: main.go:14:20: chaincode.main calls contractapi.ContractChaincode.Start, which eventually calls transport.http2Client.GracefulClose
Security (macos-latest)	UNKNOWN STEP	2026-09-29T12:20:03.8146860Z ##[error]      #5: main.go:14:20: chaincode.main calls contractapi.ContractChaincode.Start, which eventually calls transport.http2Client.NewStream
Security (macos-latest)	UNKNOWN STEP	2026-09-29T12:20:03.8149120Z ##[error]      #6: main.go:14:20: chaincode.main calls contractapi.ContractChaincode.Start, which eventually calls transport.http2Server.Drain
Security (macos-latest)	UNKNOWN STEP	2026-09-29T12:20:03.8151220Z ##[error]      #7: main.go:14:20: chaincode.main calls contractapi.ContractChaincode.Start, which eventually calls transport.http2Server.HandleStreams
Security (macos-latest)	UNKNOWN STEP	2026-09-29T12:20:03.8153180Z ##[error]      #8: contract.go:12:2: chaincode.init calls contractapi.init, which eventually calls transport.transportReader.Read
Security (macos-latest)	UNKNOWN STEP	2026-09-29T12:20:03.8154020Z 
Security (macos-latest)	UNKNOWN STEP	2026-09-29T12:20:03.8154240Z Vulnerability #4: GO-2026-4762
Security (macos-latest)	UNKNOWN STEP	2026-09-29T12:20:03.8154830Z     Authorization bypass in gRPC-Go via missing leading slash in :path in
Security (macos-latest)	UNKNOWN STEP	2026-09-29T12:20:03.8155310Z     google.golang.org/grpc
Security (macos-latest)	UNKNOWN STEP	2026-09-29T12:20:03.8155770Z   More info: https://pkg.go.dev/vuln/GO-2026-4762
Security (macos-latest)	UNKNOWN STEP	2026-09-29T12:20:03.8156240Z   Module: google.golang.org/grpc
Security (macos-latest)	UNKNOWN STEP	2026-09-29T12:20:03.8156610Z     Found in: google.golang.org/grpc@v1.59.0
Security (macos-latest)	UNKNOWN STEP	2026-09-29T12:20:03.8157150Z     Fixed in: google.golang.org/grpc@v1.79.3
Security (macos-latest)	UNKNOWN STEP	2026-09-29T12:20:03.8157540Z     Example traces found:
Security (macos-latest)	UNKNOWN STEP	2026-09-29T12:20:03.8158420Z ##[error]      #1: main.go:14:20: chaincode.main calls contractapi.ContractChaincode.Start, which eventually calls grpc.Server.Serve
Security (macos-latest)	UNKNOWN STEP	2026-09-29T12:20:03.8159450Z 
Security (macos-latest)	UNKNOWN STEP	2026-09-29T12:20:03.8159550Z Vulnerability #5: GO-2024-2687
Security (macos-latest)	UNKNOWN STEP	2026-09-29T12:20:03.8159950Z     HTTP/2 CONTINUATION flood in net/http
Security (macos-latest)	UNKNOWN STEP	2026-09-29T12:20:03.8160380Z   More info: https://pkg.go.dev/vuln/GO-2024-2687
Security (macos-latest)	UNKNOWN STEP	2026-09-29T12:20:03.8160780Z   Module: golang.org/x/net
Security (macos-latest)	UNKNOWN STEP	2026-09-29T12:20:03.8161100Z     Found in: golang.org/x/net@v0.17.0
Security (macos-latest)	UNKNOWN STEP	2026-09-29T12:20:03.8161600Z     Fixed in: golang.org/x/net@v0.23.0
Security (macos-latest)	UNKNOWN STEP	2026-09-29T12:20:03.8161960Z     Example traces found:
Security (macos-latest)	UNKNOWN STEP	2026-09-29T12:20:03.8162820Z ##[error]      #1: main.go:10:37: chaincode.main calls contractapi.NewChaincode, which eventually calls http2.ConnectionError.Error
Security (macos-latest)	UNKNOWN STEP	2026-09-29T12:20:03.8164780Z ##[error]      #2: sigverify/sigverify.go:137:20: sigverify.VerifySchnorr calls fmt.Errorf, which eventually calls http2.ErrCode.String
Security (macos-latest)	UNKNOWN STEP	2026-09-29T12:20:03.8166770Z ##[error]      #3: sigverify/sigverify.go:137:20: sigverify.VerifySchnorr calls fmt.Errorf, which eventually calls http2.FrameHeader.String
Security (macos-latest)	UNKNOWN STEP	2026-09-29T12:20:03.8168490Z ##[error]      #4: sigverify/sigverify.go:137:20: sigverify.VerifySchnorr calls fmt.Errorf, which eventually calls http2.FrameType.String
Security (macos-latest)	UNKNOWN STEP	2026-09-29T12:20:03.8171070Z ##[error]      #5: main.go:14:20: chaincode.main calls contractapi.ContractChaincode.Start, which eventually calls http2.Framer.ReadFrame
Security (macos-latest)	UNKNOWN STEP	2026-09-29T12:20:03.8173140Z ##[error]      #6: main.go:14:20: chaincode.main calls contractapi.ContractChaincode.Start, which eventually calls http2.Framer.WriteContinuation
Security (macos-latest)	UNKNOWN STEP	2026-09-29T12:20:03.8175030Z ##[error]      #7: main.go:14:20: chaincode.main calls contractapi.ContractChaincode.Start, which eventually calls http2.Framer.WriteData
Security (macos-latest)	UNKNOWN STEP	2026-09-29T12:20:03.8176850Z ##[error]      #8: main.go:14:20: chaincode.main calls contractapi.ContractChaincode.Start, which eventually calls http2.Framer.WriteGoAway
Security (macos-latest)	UNKNOWN STEP	2026-09-29T12:20:03.8178990Z ##[error]      #9: main.go:14:20: chaincode.main calls contractapi.ContractChaincode.Start, which eventually calls http2.Framer.WriteHeaders
Security (macos-latest)	UNKNOWN STEP	2026-09-29T12:20:03.8184460Z ##[error]      #10: main.go:14:20: chaincode.main calls contractapi.ContractChaincode.Start, which eventually calls http2.Framer.WritePing
Security (macos-latest)	UNKNOWN STEP	2026-09-29T12:20:03.8188380Z ##[error]      #11: main.go:14:20: chaincode.main calls contractapi.ContractChaincode.Start, which eventually calls http2.Framer.WriteRSTStream
Security (macos-latest)	UNKNOWN STEP	2026-09-29T12:20:03.8195870Z ##[error]      #12: main.go:14:20: chaincode.main calls contractapi.ContractChaincode.Start, which eventually calls http2.Framer.WriteSettings
Security (macos-latest)	UNKNOWN STEP	2026-09-29T12:20:03.8201380Z ##[error]      #13: main.go:14:20: chaincode.main calls contractapi.ContractChaincode.Start, which eventually calls http2.Framer.WriteSettingsAck
Security (macos-latest)	UNKNOWN STEP	2026-09-29T12:20:03.8206240Z ##[error]      #14: main.go:14:20: chaincode.main calls contractapi.ContractChaincode.Start, which eventually calls http2.Framer.WriteWindowUpdate
Security (macos-latest)	UNKNOWN STEP	2026-09-29T12:20:03.8211190Z ##[error]      #15: main.go:10:37: chaincode.main calls contractapi.NewChaincode, which eventually calls http2.GoAwayError.Error
Security (macos-latest)	UNKNOWN STEP	2026-09-29T12:20:03.8215680Z ##[error]      #16: sigverify/sigverify.go:137:20: sigverify.VerifySchnorr calls fmt.Errorf, which eventually calls http2.Setting.String
Security (macos-latest)	UNKNOWN STEP	2026-09-29T12:20:03.8220420Z ##[error]      #17: sigverify/sigverify.go:137:20: sigverify.VerifySchnorr calls fmt.Errorf, which eventually calls http2.SettingID.String
Security (macos-latest)	UNKNOWN STEP	2026-09-29T12:20:03.8225290Z ##[error]      #18: main.go:14:20: chaincode.main calls contractapi.ContractChaincode.Start, which eventually calls http2.SettingsFrame.ForeachSetting
Security (macos-latest)	UNKNOWN STEP	2026-09-29T12:20:03.8230190Z ##[error]      #19: main.go:10:37: chaincode.main calls contractapi.NewChaincode, which eventually calls http2.StreamError.Error
Security (macos-latest)	UNKNOWN STEP	2026-09-29T12:20:03.8234490Z ##[error]      #20: contract.go:12:2: chaincode.init calls contractapi.init, which eventually calls http2.chunkWriter.Write
Security (macos-latest)	UNKNOWN STEP	2026-09-29T12:20:03.8238090Z ##[error]      #21: main.go:10:37: chaincode.main calls contractapi.NewChaincode, which eventually calls http2.connError.Error
Security (macos-latest)	UNKNOWN STEP	2026-09-29T12:20:03.8240220Z ##[error]      #22: sigverify/sigverify.go:137:20: sigverify.VerifySchnorr calls fmt.Errorf, which eventually calls http2.duplicatePseudoHeaderError.Error
Security (macos-latest)	UNKNOWN STEP	2026-09-29T12:20:03.8242150Z ##[error]      #23: main.go:10:37: chaincode.main calls contractapi.NewChaincode, which eventually calls http2.gzipReader.Close
Security (macos-latest)	UNKNOWN STEP	2026-09-29T12:20:03.8244040Z ##[error]      #24: contract.go:12:2: chaincode.init calls contractapi.init, which eventually calls http2.gzipReader.Read
Security (macos-latest)	UNKNOWN STEP	2026-09-29T12:20:03.8246030Z ##[error]      #25: sigverify/sigverify.go:137:20: sigverify.VerifySchnorr calls fmt.Errorf, which eventually calls http2.headerFieldNameError.Error
Security (macos-latest)	UNKNOWN STEP	2026-09-29T12:20:03.8247970Z ##[error]      #26: sigverify/sigverify.go:137:20: sigverify.VerifySchnorr calls fmt.Errorf, which eventually calls http2.headerFieldValueError.Error
Security (macos-latest)	UNKNOWN STEP	2026-09-29T12:20:03.8249670Z ##[error]      #27: sigverify/sigverify.go:137:20: sigverify.VerifySchnorr calls fmt.Errorf, which eventually calls http2.pseudoHeaderError.Error
Security (macos-latest)	UNKNOWN STEP	2026-09-29T12:20:03.8251700Z ##[error]      #28: contract.go:12:2: chaincode.init calls contractapi.init, which eventually calls http2.stickyErrWriter.Write
Security (macos-latest)	UNKNOWN STEP	2026-09-29T12:20:03.8254420Z ##[error]      #29: main.go:10:37: chaincode.main calls contractapi.NewChaincode, which eventually calls http2.transportResponseBody.Close
Security (macos-latest)	UNKNOWN STEP	2026-09-29T12:20:03.8256250Z ##[error]      #30: contract.go:12:2: chaincode.init calls contractapi.init, which eventually calls http2.transportResponseBody.Read
Security (macos-latest)	UNKNOWN STEP	2026-09-29T12:20:03.8258470Z ##[error]      #31: sigverify/sigverify.go:137:20: sigverify.VerifySchnorr calls fmt.Errorf, which eventually calls http2.writeData.String
Security (macos-latest)	UNKNOWN STEP	2026-09-29T12:20:03.8259420Z 
Security (macos-latest)	UNKNOWN STEP	2026-09-29T12:20:03.8259670Z Your code is affected by 5 vulnerabilities from 2 modules.
Security (macos-latest)	UNKNOWN STEP	2026-09-29T12:20:03.8260240Z This scan also found 4 vulnerabilities in packages you import and 14
Security (macos-latest)	UNKNOWN STEP	2026-09-29T12:20:03.8260990Z vulnerabilities in modules you require, but your code doesn't appear to call
Security (macos-latest)	UNKNOWN STEP	2026-09-29T12:20:03.8261490Z these vulnerabilities.
Security (macos-latest)	UNKNOWN STEP	2026-09-29T12:20:03.8261870Z Use '-show verbose' for more details.
Security (macos-latest)	UNKNOWN STEP	2026-09-29T12:20:03.8268190Z ##[error]Process completed with exit code 3.
Security (macos-latest)	UNKNOWN STEP	2026-09-29T12:20:03.8436370Z Post job cleanup.
Security (macos-latest)	UNKNOWN STEP	2026-09-29T12:20:04.3678460Z (node:14777) [DEP0040] DeprecationWarning: The `punycode` module is deprecated. Please use a userland alternative instead.
Security (macos-latest)	UNKNOWN STEP	2026-09-29T12:20:04.3679260Z (Use `node --trace-deprecation ...` to show where the warning was created)
Security (macos-latest)	UNKNOWN STEP	2026-09-29T12:20:04.3729730Z [command]/Users/runner/hostedtoolcache/go/1.25.14/arm64/bin/go env GOMODCACHE
Security (macos-latest)	UNKNOWN STEP	2026-09-29T12:20:04.3763870Z [command]/Users/runner/hostedtoolcache/go/1.25.14/arm64/bin/go env GOCACHE
Security (macos-latest)	UNKNOWN STEP	2026-09-29T12:20:04.3868090Z /Users/runner/go/pkg/mod
Security (macos-latest)	UNKNOWN STEP	2026-09-29T12:20:04.3901710Z /Users/runner/Library/Caches/go-build
Security (macos-latest)	UNKNOWN STEP	2026-09-29T12:20:04.3906160Z Cache hit occurred on the primary key setup-go-macOS-arm64-go-1.25.14-61bbf44200ea51c97db44eef9d5fd9d32d6f41e109b84a02d8ea08dac29e82dd, not saving cache.
Security (macos-latest)	UNKNOWN STEP	2026-09-29T12:20:04.4090000Z Post job cleanup.
Security (macos-latest)	UNKNOWN STEP	2026-09-29T12:20:04.4094220Z ##[start-action display=Setup Rust Caching;id=__e831f716-5db8-48db-a5fa-caee7b1d7c46.__Swatinem_rust-cache]
Security (macos-latest)	UNKNOWN STEP	2026-09-29T12:20:04.4153390Z Post job cleanup.
Security (macos-latest)	UNKNOWN STEP	2026-09-29T12:20:04.6758680Z Cache up-to-date.
Security (macos-latest)	UNKNOWN STEP	2026-09-29T12:20:04.6835160Z (node:14785) [DEP0040] DeprecationWarning: The `punycode` module is deprecated. Please use a userland alternative instead.
Security (macos-latest)	UNKNOWN STEP	2026-09-29T12:20:04.6857280Z (Use `node --trace-deprecation ...` to show where the warning was created)
Security (macos-latest)	UNKNOWN STEP	2026-09-29T12:20:04.6932690Z ##[end-action id=__e831f716-5db8-48db-a5fa-caee7b1d7c46.__Swatinem_rust-cache;outcome=success;conclusion=success;duration_ms=282]
Security (macos-latest)	UNKNOWN STEP	2026-09-29T12:20:04.7006970Z Post job cleanup.
Security (macos-latest)	UNKNOWN STEP	2026-09-29T12:20:04.8193250Z [command]/opt/homebrew/bin/git version
Security (macos-latest)	UNKNOWN STEP	2026-09-29T12:20:04.8391800Z git version 2.55.0
Security (macos-latest)	UNKNOWN STEP	2026-09-29T12:20:04.8411320Z Copying '/Users/runner/.gitconfig' to '/Users/runner/work/_temp/679a2398-55da-4459-b400-add4e69349ce/.gitconfig'
Security (macos-latest)	UNKNOWN STEP	2026-09-29T12:20:04.8430880Z Temporarily overriding HOME='/Users/runner/work/_temp/679a2398-55da-4459-b400-add4e69349ce' before making global git config changes
Security (macos-latest)	UNKNOWN STEP	2026-09-29T12:20:04.8471650Z Adding repository directory to the temporary git global config as a safe directory
Security (macos-latest)	UNKNOWN STEP	2026-09-29T12:20:04.8472810Z [command]/opt/homebrew/bin/git config --global --add safe.directory /Users/runner/work/saksi/saksi
Security (macos-latest)	UNKNOWN STEP	2026-09-29T12:20:04.8598220Z [command]/opt/homebrew/bin/git config --local --name-only --get-regexp core\.sshCommand
Security (macos-latest)	UNKNOWN STEP	2026-09-29T12:20:04.8699840Z [command]/opt/homebrew/bin/git submodule foreach --recursive sh -c "git config --local --name-only --get-regexp 'core\.sshCommand' && git config --local --unset-all 'core.sshCommand' || :"
Security (macos-latest)	UNKNOWN STEP	2026-09-29T12:20:05.0377320Z [command]/opt/homebrew/bin/git config --local --name-only --get-regexp http\.https\:\/\/github\.com\/\.extraheader
Security (macos-latest)	UNKNOWN STEP	2026-09-29T12:20:05.0410620Z http.https://github.com/.extraheader
Security (macos-latest)	UNKNOWN STEP	2026-09-29T12:20:05.0418010Z [command]/opt/homebrew/bin/git config --local --unset-all http.https://github.com/.extraheader
Security (macos-latest)	UNKNOWN STEP	2026-09-29T12:20:05.0483960Z [command]/opt/homebrew/bin/git submodule foreach --recursive sh -c "git config --local --name-only --get-regexp 'http\.https\:\/\/github\.com\/\.extraheader' && git config --local --unset-all 'http.https://github.com/.extraheader' || :"
Security (macos-latest)	UNKNOWN STEP	2026-09-29T12:20:05.1714400Z [command]/opt/homebrew/bin/git config --local --name-only --get-regexp ^includeIf\.gitdir:
Security (macos-latest)	UNKNOWN STEP	2026-09-29T12:20:05.2020000Z [command]/opt/homebrew/bin/git submodule foreach --recursive git config --local --show-origin --name-only --get-regexp remote.origin.url
Security (macos-latest)	UNKNOWN STEP	2026-09-29T12:20:05.3601110Z Cleaning up orphan processes
Security (macos-latest)	UNKNOWN STEP	2026-09-29T12:20:06.1399620Z ##[warning]Node.js 20 is deprecated. The following actions target Node.js 20 but are being forced to run on Node.js 24: actions/checkout@v4, actions/setup-go@v5. For more information see: https://github.blog/changelog/2025-09-19-deprecation-of-node-20-on-github-actions-runners/
