event,ref,tx_id,block_number,block_hash,data_hash,previous_hash,timestamp
CreateElection,,aad21f5cf7baeafe1975f352bac9ec136c493cd17c9d37f5c5e78aca2eb537f6,6,14bf17b16f992f25a6ee7f17231ae487f0c9c607aaa492f8bf00d49f84cc9caa,41097f1aa859bbbc95578e8c9ee103e841e444ff7ea30fd6913bfffede137450,fd88f2d04539da613b1cdb3eb9bf82486d230734d245db53e532132c3fb6e583,2026-09-30T17:55:24Z
PublishDKGTranscript,,7da643c6ebf72909326036fe124c1069f1a9cd782975bf6071d423357c5efa22,7,a59062a6b024e52a7fe164383ff79a78200aece3e2a0332871e1349c0af7d12d,ab239dacad9b7d0898500eaece7d1da88b7907547ac03eb8ce9dd90393e584d6,14bf17b16f992f25a6ee7f17231ae487f0c9c607aaa492f8bf00d49f84cc9caa,2026-09-30T17:55:26Z
CloseElection,,7898463fd4248362b7baa146a29f34466713377a373fc0ab1e392a7f5bc690ed,68,48a98aab74256cd472f872cbca5029264a448e4d7dabdd86b46a7e36a1eb4952,a0866a09c366096f47b01e31be2ae08b33edb2679b5f1905cd4e837bec88f6ac,f340f93916443bd15da086a7535c40a60f126e95bd647f52dc7c13df2cadf994,2026-09-30T17:55:43Z
SubmitPartialDecryption,1,c874b88529f450b2ae90084838de986626b57ef9be37ff3fc5efb57a28e7be65,69,6536ce1bc94a7c1539be37e6495e46ee0f4d97990d36b080e2d02f01a6f562c3,3845637f7a48c1e50baeb8314c246cd1095c14d74979236b31db753e75480059,48a98aab74256cd472f872cbca5029264a448e4d7dabdd86b46a7e36a1eb4952,2026-09-30T17:55:45Z
SubmitPartialDecryption,2,d26e76cd74993b7b767334f76e30281fa307c37babd0675ab2ade76b7501e67b,69,6536ce1bc94a7c1539be37e6495e46ee0f4d97990d36b080e2d02f01a6f562c3,3845637f7a48c1e50baeb8314c246cd1095c14d74979236b31db753e75480059,48a98aab74256cd472f872cbca5029264a448e4d7dabdd86b46a7e36a1eb4952,2026-09-30T17:55:45Z
SubmitPartialDecryption,8,bb3f2799864f8293f7652481bb871973e557fb5a7e1900e99fde7d2b35ae9e96,69,6536ce1bc94a7c1539be37e6495e46ee0f4d97990d36b080e2d02f01a6f562c3,3845637f7a48c1e50baeb8314c246cd1095c14d74979236b31db753e75480059,48a98aab74256cd472f872cbca5029264a448e4d7dabdd86b46a7e36a1eb4952,2026-09-30T17:55:45Z
SubmitPartialDecryption,15,e8ac69bfe3226716c9bec7d48d1454729c2de74dc0c7c535ef8d8a2e929a2aa8,69,6536ce1bc94a7c1539be37e6495e46ee0f4d97990d36b080e2d02f01a6f562c3,3845637f7a48c1e50baeb8314c246cd1095c14d74979236b31db753e75480059,48a98aab74256cd472f872cbca5029264a448e4d7dabdd86b46a7e36a1eb4952,2026-09-30T17:55:45Z
SubmitPartialDecryption,13,9c83a9c65d75cdea9c19c113692203a478d32bad101e7dd7378fba4a2eba9e57,69,6536ce1bc94a7c1539be37e6495e46ee0f4d97990d36b080e2d02f01a6f562c3,3845637f7a48c1e50baeb8314c246cd1095c14d74979236b31db753e75480059,48a98aab74256cd472f872cbca5029264a448e4d7dabdd86b46a7e36a1eb4952,2026-09-30T17:55:45Z
SubmitPartialDecryption,10,94a73c364de44d10483173ae7767ba776eebc969b89abd682226fd4ad20a2d7c,69,6536ce1bc94a7c1539be37e6495e46ee0f4d97990d36b080e2d02f01a6f562c3,3845637f7a48c1e50baeb8314c246cd1095c14d74979236b31db753e75480059,48a98aab74256cd472f872cbca5029264a448e4d7dabdd86b46a7e36a1eb4952,2026-09-30T17:55:45Z
SubmitPartialDecryption,6,a17cea4a1a507af841921fdb18ca3f1cbe6999e3e0f049edb8d219748e6dfe6b,69,6536ce1bc94a7c1539be37e6495e46ee0f4d97990d36b080e2d02f01a6f562c3,3845637f7a48c1e50baeb8314c246cd1095c14d74979236b31db753e75480059,48a98aab74256cd472f872cbca5029264a448e4d7dabdd86b46a7e36a1eb4952,2026-09-30T17:55:45Z
SubmitPartialDecryption,3,4061668f7fd74605a0c5534b2fc8e3dedc7ae8b644bb6d182bc626afbf622ff0,69,6536ce1bc94a7c1539be37e6495e46ee0f4d97990d36b080e2d02f01a6f562c3,3845637f7a48c1e50baeb8314c246cd1095c14d74979236b31db753e75480059,48a98aab74256cd472f872cbca5029264a448e4d7dabdd86b46a7e36a1eb4952,2026-09-30T17:55:45Z
SubmitPartialDecryption,5,af750724729e959251e384b2422d754c200dce5424f5ddee825f7b80febc9436,69,6536ce1bc94a7c1539be37e6495e46ee0f4d97990d36b080e2d02f01a6f562c3,3845637f7a48c1e50baeb8314c246cd1095c14d74979236b31db753e75480059,48a98aab74256cd472f872cbca5029264a448e4d7dabdd86b46a7e36a1eb4952,2026-09-30T17:55:45Z
SubmitPartialDecryption,9,5df8128853f6b91a4dffff280812b6537b64e8ee6855e83d275aacafc4e1567a,69,6536ce1bc94a7c1539be37e6495e46ee0f4d97990d36b080e2d02f01a6f562c3,3845637f7a48c1e50baeb8314c246cd1095c14d74979236b31db753e75480059,48a98aab74256cd472f872cbca5029264a448e4d7dabdd86b46a7e36a1eb4952,2026-09-30T17:55:45Z
SubmitPartialDecryption,12,0031670f60c6ddb9d6b635c5be21cbea65c7d8ad05075e72e74214a183a31c2b,69,6536ce1bc94a7c1539be37e6495e46ee0f4d97990d36b080e2d02f01a6f562c3,3845637f7a48c1e50baeb8314c246cd1095c14d74979236b31db753e75480059,48a98aab74256cd472f872cbca5029264a448e4d7dabdd86b46a7e36a1eb4952,2026-09-30T17:55:45Z
SubmitPartialDecryption,7,3eeacf7c8947e3114dade46d804eff59f0dc7e30e0528b76a5e904e146527630,69,6536ce1bc94a7c1539be37e6495e46ee0f4d97990d36b080e2d02f01a6f562c3,3845637f7a48c1e50baeb8314c246cd1095c14d74979236b31db753e75480059,48a98aab74256cd472f872cbca5029264a448e4d7dabdd86b46a7e36a1eb4952,2026-09-30T17:55:45Z
SubmitPartialDecryption,14,db6b80a65b634d89aded07d4b4419b16fc364d3f126913229b236c1a67d5458e,69,6536ce1bc94a7c1539be37e6495e46ee0f4d97990d36b080e2d02f01a6f562c3,3845637f7a48c1e50baeb8314c246cd1095c14d74979236b31db753e75480059,48a98aab74256cd472f872cbca5029264a448e4d7dabdd86b46a7e36a1eb4952,2026-09-30T17:55:45Z
SubmitPartialDecryption,0,56d2310ff657c332fe41cd5d64c3f6d4bafe24d082ec85d93803c5130b6d7cb9,69,6536ce1bc94a7c1539be37e6495e46ee0f4d97990d36b080e2d02f01a6f562c3,3845637f7a48c1e50baeb8314c246cd1095c14d74979236b31db753e75480059,48a98aab74256cd472f872cbca5029264a448e4d7dabdd86b46a7e36a1eb4952,2026-09-30T17:55:45Z
SubmitPartialDecryption,4,3ced285929f5a1abf3bd4ff05d5c90e0029e43c79ac90c2cd0959b746c65f5b3,69,6536ce1bc94a7c1539be37e6495e46ee0f4d97990d36b080e2d02f01a6f562c3,3845637f7a48c1e50baeb8314c246cd1095c14d74979236b31db753e75480059,48a98aab74256cd472f872cbca5029264a448e4d7dabdd86b46a7e36a1eb4952,2026-09-30T17:55:45Z
SubmitPartialDecryption,11,36b2e1d6b3c5251e7ff5cfd226a02618b3bbc6badb2fc9b9df91fbe33ddb41e7,69,6536ce1bc94a7c1539be37e6495e46ee0f4d97990d36b080e2d02f01a6f562c3,3845637f7a48c1e50baeb8314c246cd1095c14d74979236b31db753e75480059,48a98aab74256cd472f872cbca5029264a448e4d7dabdd86b46a7e36a1eb4952,2026-09-30T17:55:45Z
SubmitPartialDecryption,17,6f248c0250b81bbf6de4fd515d5e7fe5939339b74aa441951d7f1587bb16de79,70,657c8f18be5f126fd1b07400700fb4f970dc830d46890e251dab0bedff211290,b8de625e740cac184acf7a43b3ac7935f82fca08d88e3bbf97d78f4ce949c6d3,6536ce1bc94a7c1539be37e6495e46ee0f4d97990d36b080e2d02f01a6f562c3,2026-09-30T17:55:47Z
SubmitPartialDecryption,22,9babc65ff805eb70c64d49fca269932760496a934a1450989521da36bcaa8438,70,657c8f18be5f126fd1b07400700fb4f970dc830d46890e251dab0bedff211290,b8de625e740cac184acf7a43b3ac7935f82fca08d88e3bbf97d78f4ce949c6d3,6536ce1bc94a7c1539be37e6495e46ee0f4d97990d36b080e2d02f01a6f562c3,2026-09-30T17:55:47Z
SubmitPartialDecryption,26,2a753915095f71dacf95ee3b1ad6d608f3d8a3613dc4dc0a89eac7093ea7a51f,70,657c8f18be5f126fd1b07400700fb4f970dc830d46890e251dab0bedff211290,b8de625e740cac184acf7a43b3ac7935f82fca08d88e3bbf97d78f4ce949c6d3,6536ce1bc94a7c1539be37e6495e46ee0f4d97990d36b080e2d02f01a6f562c3,2026-09-30T17:55:47Z
SubmitPartialDecryption,27,c74f670c67d5d4dd6042c889b293f019c16646fa4d9eb21b663e8ef3e8e271e9,70,657c8f18be5f126fd1b07400700fb4f970dc830d46890e251dab0bedff211290,b8de625e740cac184acf7a43b3ac7935f82fca08d88e3bbf97d78f4ce949c6d3,6536ce1bc94a7c1539be37e6495e46ee0f4d97990d36b080e2d02f01a6f562c3,2026-09-30T17:55:47Z
SubmitPartialDecryption,31,bd704d9118f922268a9eaf10ed913e66ceb397b555d05888d32969a52e64e5cb,70,657c8f18be5f126fd1b07400700fb4f970dc830d46890e251dab0bedff211290,b8de625e740cac184acf7a43b3ac7935f82fca08d88e3bbf97d78f4ce949c6d3,6536ce1bc94a7c1539be37e6495e46ee0f4d97990d36b080e2d02f01a6f562c3,2026-09-30T17:55:47Z
SubmitPartialDecryption,18,fa284633882c5af52a9fb5f161438ec44c0307dfccd1e786473938c8d03c28e5,70,657c8f18be5f126fd1b07400700fb4f970dc830d46890e251dab0bedff211290,b8de625e740cac184acf7a43b3ac7935f82fca08d88e3bbf97d78f4ce949c6d3,6536ce1bc94a7c1539be37e6495e46ee0f4d97990d36b080e2d02f01a6f562c3,2026-09-30T17:55:47Z
SubmitPartialDecryption,16,d16dae1273c88dd299494a1c7d6c0080a14aacc269532cca9017500f41f5380a,70,657c8f18be5f126fd1b07400700fb4f970dc830d46890e251dab0bedff211290,b8de625e740cac184acf7a43b3ac7935f82fca08d88e3bbf97d78f4ce949c6d3,6536ce1bc94a7c1539be37e6495e46ee0f4d97990d36b080e2d02f01a6f562c3,2026-09-30T17:55:47Z
SubmitPartialDecryption,20,cdde9d6a341d1d1a29ec17ee4267202003d9162b358caebc24e0f8242a3c4f12,70,657c8f18be5f126fd1b07400700fb4f970dc830d46890e251dab0bedff211290,b8de625e740cac184acf7a43b3ac7935f82fca08d88e3bbf97d78f4ce949c6d3,6536ce1bc94a7c1539be37e6495e46ee0f4d97990d36b080e2d02f01a6f562c3,2026-09-30T17:55:47Z
SubmitPartialDecryption,25,b76e2899bde7a6bc04447c0ab63444d9e9653816291c6f1f135add57f98d94a0,70,657c8f18be5f126fd1b07400700fb4f970dc830d46890e251dab0bedff211290,b8de625e740cac184acf7a43b3ac7935f82fca08d88e3bbf97d78f4ce949c6d3,6536ce1bc94a7c1539be37e6495e46ee0f4d97990d36b080e2d02f01a6f562c3,2026-09-30T17:55:47Z
SubmitPartialDecryption,23,eeb4bbf0455e46114815f6775c54b3780ef2df6c9c0f7cb946e8e0657d24a6c2,70,657c8f18be5f126fd1b07400700fb4f970dc830d46890e251dab0bedff211290,b8de625e740cac184acf7a43b3ac7935f82fca08d88e3bbf97d78f4ce949c6d3,6536ce1bc94a7c1539be37e6495e46ee0f4d97990d36b080e2d02f01a6f562c3,2026-09-30T17:55:47Z
SubmitPartialDecryption,28,0ed185b7dca953f35d85e16dd4ef4bbaacb8f170dc0b4247309456093b8b343e,70,657c8f18be5f126fd1b07400700fb4f970dc830d46890e251dab0bedff211290,b8de625e740cac184acf7a43b3ac7935f82fca08d88e3bbf97d78f4ce949c6d3,6536ce1bc94a7c1539be37e6495e46ee0f4d97990d36b080e2d02f01a6f562c3,2026-09-30T17:55:47Z
SubmitPartialDecryption,24,22cdfce458342ed64637a5551e6a882f869640cd6537936c8c3c2f2e3d9697b9,70,657c8f18be5f126fd1b07400700fb4f970dc830d46890e251dab0bedff211290,b8de625e740cac184acf7a43b3ac7935f82fca08d88e3bbf97d78f4ce949c6d3,6536ce1bc94a7c1539be37e6495e46ee0f4d97990d36b080e2d02f01a6f562c3,2026-09-30T17:55:47Z
SubmitPartialDecryption,19,fd2559b668d258b8fbec16bdaceaf1f1baeb567cddfe326c6b68a5414ce31e50,70,657c8f18be5f126fd1b07400700fb4f970dc830d46890e251dab0bedff211290,b8de625e740cac184acf7a43b3ac7935f82fca08d88e3bbf97d78f4ce949c6d3,6536ce1bc94a7c1539be37e6495e46ee0f4d97990d36b080e2d02f01a6f562c3,2026-09-30T17:55:47Z
SubmitPartialDecryption,30,f4e135910e8ce1968a04703c6bb7bce29a0ce35eff3c7502bc9ae8b165c6232a,70,657c8f18be5f126fd1b07400700fb4f970dc830d46890e251dab0bedff211290,b8de625e740cac184acf7a43b3ac7935f82fca08d88e3bbf97d78f4ce949c6d3,6536ce1bc94a7c1539be37e6495e46ee0f4d97990d36b080e2d02f01a6f562c3,2026-09-30T17:55:47Z
SubmitPartialDecryption,29,cdecd4aa3b32692c3aaa5236d0ff42e4852a24cc677369ecab56d8d36f29a126,70,657c8f18be5f126fd1b07400700fb4f970dc830d46890e251dab0bedff211290,b8de625e740cac184acf7a43b3ac7935f82fca08d88e3bbf97d78f4ce949c6d3,6536ce1bc94a7c1539be37e6495e46ee0f4d97990d36b080e2d02f01a6f562c3,2026-09-30T17:55:47Z
SubmitPartialDecryption,21,c96a959298620020e2ea34a95846cc26b24bbe248ff6cc4b3aff625f2578de30,70,657c8f18be5f126fd1b07400700fb4f970dc830d46890e251dab0bedff211290,b8de625e740cac184acf7a43b3ac7935f82fca08d88e3bbf97d78f4ce949c6d3,6536ce1bc94a7c1539be37e6495e46ee0f4d97990d36b080e2d02f01a6f562c3,2026-09-30T17:55:47Z
SubmitPartialDecryption,32,cb6a373e2bb6cf8496178b59dadfe5aa82e5f9d23f96c98423be2eaaf1bff0c1,71,3f535f950e5bb635abe0bda9211cdde440954c0482a996320c06a06945d5d517,7d4aee71093127e084b96c6cfb9274b4180c97b368c8951b7ae7685bff700e64,657c8f18be5f126fd1b07400700fb4f970dc830d46890e251dab0bedff211290,2026-09-30T17:55:49Z
SubmitPartialDecryption,47,c0819e11c59a80dfce3a293504dc070a994fac6849375db94ecdc052e5eef32e,71,3f535f950e5bb635abe0bda9211cdde440954c0482a996320c06a06945d5d517,7d4aee71093127e084b96c6cfb9274b4180c97b368c8951b7ae7685bff700e64,657c8f18be5f126fd1b07400700fb4f970dc830d46890e251dab0bedff211290,2026-09-30T17:55:49Z
SubmitPartialDecryption,35,05466de4be9b5cc763bbe3aae5db2a0bbf530071c2a9a3c4eba9911154c12c82,71,3f535f950e5bb635abe0bda9211cdde440954c0482a996320c06a06945d5d517,7d4aee71093127e084b96c6cfb9274b4180c97b368c8951b7ae7685bff700e64,657c8f18be5f126fd1b07400700fb4f970dc830d46890e251dab0bedff211290,2026-09-30T17:55:49Z
SubmitPartialDecryption,36,208e7f818d8c807ee4113e63353db6765c3fc12914874509a23d0c0bb198e8b9,71,3f535f950e5bb635abe0bda9211cdde440954c0482a996320c06a06945d5d517,7d4aee71093127e084b96c6cfb9274b4180c97b368c8951b7ae7685bff700e64,657c8f18be5f126fd1b07400700fb4f970dc830d46890e251dab0bedff211290,2026-09-30T17:55:49Z
SubmitPartialDecryption,46,b2503c168a68d6b43092f5f9f0cbdd5ac6314bc4cc08c89986c5888cdcc97608,71,3f535f950e5bb635abe0bda9211cdde440954c0482a996320c06a06945d5d517,7d4aee71093127e084b96c6cfb9274b4180c97b368c8951b7ae7685bff700e64,657c8f18be5f126fd1b07400700fb4f970dc830d46890e251dab0bedff211290,2026-09-30T17:55:49Z
SubmitPartialDecryption,39,695c35f8b36499f426bda5503de703e442c86e443617e3096552f1f393953b99,71,3f535f950e5bb635abe0bda9211cdde440954c0482a996320c06a06945d5d517,7d4aee71093127e084b96c6cfb9274b4180c97b368c8951b7ae7685bff700e64,657c8f18be5f126fd1b07400700fb4f970dc830d46890e251dab0bedff211290,2026-09-30T17:55:49Z
SubmitPartialDecryption,45,e2b6cbfacbae56fd58a731483e861c20a501d35b1f2e0930c3143369723a8aae,71,3f535f950e5bb635abe0bda9211cdde440954c0482a996320c06a06945d5d517,7d4aee71093127e084b96c6cfb9274b4180c97b368c8951b7ae7685bff700e64,657c8f18be5f126fd1b07400700fb4f970dc830d46890e251dab0bedff211290,2026-09-30T17:55:49Z
SubmitPartialDecryption,38,f720f3967390537a659de3e5cd87cefa434285584779733c0765e71d05a85ce8,71,3f535f950e5bb635abe0bda9211cdde440954c0482a996320c06a06945d5d517,7d4aee71093127e084b96c6cfb9274b4180c97b368c8951b7ae7685bff700e64,657c8f18be5f126fd1b07400700fb4f970dc830d46890e251dab0bedff211290,2026-09-30T17:55:49Z
SubmitPartialDecryption,44,b83f6d3fc5aeb6ef924a8449e950471acf087cf90755f6397f1c65c9c0001d3e,71,3f535f950e5bb635abe0bda9211cdde440954c0482a996320c06a06945d5d517,7d4aee71093127e084b96c6cfb9274b4180c97b368c8951b7ae7685bff700e64,657c8f18be5f126fd1b07400700fb4f970dc830d46890e251dab0bedff211290,2026-09-30T17:55:49Z
SubmitPartialDecryption,34,fa1e24cc2ff1c7c7d8aabb82d30d46425bfabf08fbc5607a81ba7cd9577aad8b,71,3f535f950e5bb635abe0bda9211cdde440954c0482a996320c06a06945d5d517,7d4aee71093127e084b96c6cfb9274b4180c97b368c8951b7ae7685bff700e64,657c8f18be5f126fd1b07400700fb4f970dc830d46890e251dab0bedff211290,2026-09-30T17:55:49Z
SubmitPartialDecryption,33,74794a9a5f76b8f1f24f73d556075cf22870da6dbe88b241d848febe9162ac36,71,3f535f950e5bb635abe0bda9211cdde440954c0482a996320c06a06945d5d517,7d4aee71093127e084b96c6cfb9274b4180c97b368c8951b7ae7685bff700e64,657c8f18be5f126fd1b07400700fb4f970dc830d46890e251dab0bedff211290,2026-09-30T17:55:49Z
SubmitPartialDecryption,37,9d94ac482ee8ec8bfb8426b6b809e2c2c1d6ea320bd5a74dab85b1820aa701cd,71,3f535f950e5bb635abe0bda9211cdde440954c0482a996320c06a06945d5d517,7d4aee71093127e084b96c6cfb9274b4180c97b368c8951b7ae7685bff700e64,657c8f18be5f126fd1b07400700fb4f970dc830d46890e251dab0bedff211290,2026-09-30T17:55:49Z
SubmitPartialDecryption,43,fa60f11cd233b02ffc44d08586582b8b6ef8b2353fd9e74f83c1ab5229e447c2,71,3f535f950e5bb635abe0bda9211cdde440954c0482a996320c06a06945d5d517,7d4aee71093127e084b96c6cfb9274b4180c97b368c8951b7ae7685bff700e64,657c8f18be5f126fd1b07400700fb4f970dc830d46890e251dab0bedff211290,2026-09-30T17:55:49Z
SubmitPartialDecryption,40,63fb281a8386060a59c1b4fcfdadab57f2caa13000f4ada30fae6733f715abd9,71,3f535f950e5bb635abe0bda9211cdde440954c0482a996320c06a06945d5d517,7d4aee71093127e084b96c6cfb9274b4180c97b368c8951b7ae7685bff700e64,657c8f18be5f126fd1b07400700fb4f970dc830d46890e251dab0bedff211290,2026-09-30T17:55:49Z
SubmitPartialDecryption,42,a25e4f8fcf4921b55f0992846b612fd5561e577eb468ec97c475b293c0e7a797,71,3f535f950e5bb635abe0bda9211cdde440954c0482a996320c06a06945d5d517,7d4aee71093127e084b96c6cfb9274b4180c97b368c8951b7ae7685bff700e64,657c8f18be5f126fd1b07400700fb4f970dc830d46890e251dab0bedff211290,2026-09-30T17:55:49Z
SubmitPartialDecryption,41,c9964c2e640563beee90a20597dac4af634865ce06f8575d192d027390391709,71,3f535f950e5bb635abe0bda9211cdde440954c0482a996320c06a06945d5d517,7d4aee71093127e084b96c6cfb9274b4180c97b368c8951b7ae7685bff700e64,657c8f18be5f126fd1b07400700fb4f970dc830d46890e251dab0bedff211290,2026-09-30T17:55:49Z
SubmitPartialDecryption,54,d2a805982ab35a3261cf4f5237f292198c1d8555153d8497eec336ddafde7348,72,fc00c297df3bc3ca19fb49d34261830281d8400c96e75f991af1f6012537ac5c,a1305195891bd148bf0c305de862adfc6d4fad5e47c7beaf3ff840d504d280ad,3f535f950e5bb635abe0bda9211cdde440954c0482a996320c06a06945d5d517,2026-09-30T17:55:51Z
SubmitPartialDecryption,50,4fb7d96bb4e70e6f271047f9dec8868a1017e4ec3a5493f32d0af488b80911ad,72,fc00c297df3bc3ca19fb49d34261830281d8400c96e75f991af1f6012537ac5c,a1305195891bd148bf0c305de862adfc6d4fad5e47c7beaf3ff840d504d280ad,3f535f950e5bb635abe0bda9211cdde440954c0482a996320c06a06945d5d517,2026-09-30T17:55:51Z
SubmitPartialDecryption,57,7d6d1f52deb3c37a29a81b96c2d4fa43f5025acbf4c03d890148dfd31b734068,72,fc00c297df3bc3ca19fb49d34261830281d8400c96e75f991af1f6012537ac5c,a1305195891bd148bf0c305de862adfc6d4fad5e47c7beaf3ff840d504d280ad,3f535f950e5bb635abe0bda9211cdde440954c0482a996320c06a06945d5d517,2026-09-30T17:55:51Z
SubmitPartialDecryption,55,eaa53997a1da3cdafba4e49eeed9e94211fd552bad47a4bb7c651dd65cf3fa2b,72,fc00c297df3bc3ca19fb49d34261830281d8400c96e75f991af1f6012537ac5c,a1305195891bd148bf0c305de862adfc6d4fad5e47c7beaf3ff840d504d280ad,3f535f950e5bb635abe0bda9211cdde440954c0482a996320c06a06945d5d517,2026-09-30T17:55:51Z
SubmitPartialDecryption,56,da8deaaee65b9741517374ebb863546805dac6b9b8558cdf37b3ba1878d6b27d,72,fc00c297df3bc3ca19fb49d34261830281d8400c96e75f991af1f6012537ac5c,a1305195891bd148bf0c305de862adfc6d4fad5e47c7beaf3ff840d504d280ad,3f535f950e5bb635abe0bda9211cdde440954c0482a996320c06a06945d5d517,2026-09-30T17:55:51Z
SubmitPartialDecryption,61,057e0627060c711bbb7f2884830ae5c96f9df7810c964957530cb5cebe66fd00,72,fc00c297df3bc3ca19fb49d34261830281d8400c96e75f991af1f6012537ac5c,a1305195891bd148bf0c305de862adfc6d4fad5e47c7beaf3ff840d504d280ad,3f535f950e5bb635abe0bda9211cdde440954c0482a996320c06a06945d5d517,2026-09-30T17:55:51Z
SubmitPartialDecryption,63,51a3a3253021aa6c9b3375fa1c828d3e2155ddf962e93acf8282e38e7f4798b4,72,fc00c297df3bc3ca19fb49d34261830281d8400c96e75f991af1f6012537ac5c,a1305195891bd148bf0c305de862adfc6d4fad5e47c7beaf3ff840d504d280ad,3f535f950e5bb635abe0bda9211cdde440954c0482a996320c06a06945d5d517,2026-09-30T17:55:51Z
SubmitPartialDecryption,58,90f1762e39493554d7efaf1556a1b279bbb41cde17e6541556f2cc5f537d915b,72,fc00c297df3bc3ca19fb49d34261830281d8400c96e75f991af1f6012537ac5c,a1305195891bd148bf0c305de862adfc6d4fad5e47c7beaf3ff840d504d280ad,3f535f950e5bb635abe0bda9211cdde440954c0482a996320c06a06945d5d517,2026-09-30T17:55:51Z
SubmitPartialDecryption,53,a3085db8044bb3de849f68573ed4e9d6a1b61cec3b040371c66932604191bf96,72,fc00c297df3bc3ca19fb49d34261830281d8400c96e75f991af1f6012537ac5c,a1305195891bd148bf0c305de862adfc6d4fad5e47c7beaf3ff840d504d280ad,3f535f950e5bb635abe0bda9211cdde440954c0482a996320c06a06945d5d517,2026-09-30T17:55:51Z
SubmitPartialDecryption,60,a7ba367403354606d05442813c4d75c287021cef8158c40089e0b11ffbcc91ac,72,fc00c297df3bc3ca19fb49d34261830281d8400c96e75f991af1f6012537ac5c,a1305195891bd148bf0c305de862adfc6d4fad5e47c7beaf3ff840d504d280ad,3f535f950e5bb635abe0bda9211cdde440954c0482a996320c06a06945d5d517,2026-09-30T17:55:51Z
SubmitPartialDecryption,62,4170e318dd6667d5fd76008746ba6f469cd91aa4bd8b69a275b378b4d0e4ed27,72,fc00c297df3bc3ca19fb49d34261830281d8400c96e75f991af1f6012537ac5c,a1305195891bd148bf0c305de862adfc6d4fad5e47c7beaf3ff840d504d280ad,3f535f950e5bb635abe0bda9211cdde440954c0482a996320c06a06945d5d517,2026-09-30T17:55:51Z
SubmitPartialDecryption,59,a26bd327d54162532c4d930fa9b2c031970387bd0caa4d8c58b5c15dd38efc30,72,fc00c297df3bc3ca19fb49d34261830281d8400c96e75f991af1f6012537ac5c,a1305195891bd148bf0c305de862adfc6d4fad5e47c7beaf3ff840d504d280ad,3f535f950e5bb635abe0bda9211cdde440954c0482a996320c06a06945d5d517,2026-09-30T17:55:51Z
SubmitPartialDecryption,52,2d06806fd92a4ac92d4c00178d26c29520ba4a44d5700d884bde469bbe8273a1,72,fc00c297df3bc3ca19fb49d34261830281d8400c96e75f991af1f6012537ac5c,a1305195891bd148bf0c305de862adfc6d4fad5e47c7beaf3ff840d504d280ad,3f535f950e5bb635abe0bda9211cdde440954c0482a996320c06a06945d5d517,2026-09-30T17:55:51Z
SubmitPartialDecryption,51,6aa865993eaa99d2c2bb9548b2d8cab6167450f0562f66d2737752fb61e98dba,72,fc00c297df3bc3ca19fb49d34261830281d8400c96e75f991af1f6012537ac5c,a1305195891bd148bf0c305de862adfc6d4fad5e47c7beaf3ff840d504d280ad,3f535f950e5bb635abe0bda9211cdde440954c0482a996320c06a06945d5d517,2026-09-30T17:55:51Z
SubmitPartialDecryption,49,98a35a92924dd5620baae32f1c818e757c5af852787d10abe94f85d6062a16bb,72,fc00c297df3bc3ca19fb49d34261830281d8400c96e75f991af1f6012537ac5c,a1305195891bd148bf0c305de862adfc6d4fad5e47c7beaf3ff840d504d280ad,3f535f950e5bb635abe0bda9211cdde440954c0482a996320c06a06945d5d517,2026-09-30T17:55:51Z
SubmitPartialDecryption,48,862d1f4c8339e26246bb731c41b6cc4e026d59efbf2876005b3a2e1321960e9e,72,fc00c297df3bc3ca19fb49d34261830281d8400c96e75f991af1f6012537ac5c,a1305195891bd148bf0c305de862adfc6d4fad5e47c7beaf3ff840d504d280ad,3f535f950e5bb635abe0bda9211cdde440954c0482a996320c06a06945d5d517,2026-09-30T17:55:51Z
SubmitPartialDecryption,64,de49e4965eba6cbe40a4c633cf936deb8d98b7477e5d32254d4acc1af6477ae8,73,a26ad8bf1ec16927416e2560eb81bfb6a2902b372a9acce25e24846ce07d1aa0,1d043f78dbbaee2557d1f92fbb38ce79efc21a0f01c893eed5921ecebc51e376,fc00c297df3bc3ca19fb49d34261830281d8400c96e75f991af1f6012537ac5c,2026-09-30T17:55:53Z
SubmitPartialDecryption,72,35cf4a9778485f0dd55934a5bce00a3a56ec3ad3402a08096c0869ba0b814ce0,73,a26ad8bf1ec16927416e2560eb81bfb6a2902b372a9acce25e24846ce07d1aa0,1d043f78dbbaee2557d1f92fbb38ce79efc21a0f01c893eed5921ecebc51e376,fc00c297df3bc3ca19fb49d34261830281d8400c96e75f991af1f6012537ac5c,2026-09-30T17:55:53Z
SubmitPartialDecryption,77,e06ebc9ce8d15866b227cb3a06a9681fc8cf331632cfef7855ffa213d3a2bc34,73,a26ad8bf1ec16927416e2560eb81bfb6a2902b372a9acce25e24846ce07d1aa0,1d043f78dbbaee2557d1f92fbb38ce79efc21a0f01c893eed5921ecebc51e376,fc00c297df3bc3ca19fb49d34261830281d8400c96e75f991af1f6012537ac5c,2026-09-30T17:55:53Z
SubmitPartialDecryption,67,93594f85a6957f31ca027f68fe25ad32767cbe263e87ee91a545fe16fa5b1609,73,a26ad8bf1ec16927416e2560eb81bfb6a2902b372a9acce25e24846ce07d1aa0,1d043f78dbbaee2557d1f92fbb38ce79efc21a0f01c893eed5921ecebc51e376,fc00c297df3bc3ca19fb49d34261830281d8400c96e75f991af1f6012537ac5c,2026-09-30T17:55:53Z
SubmitPartialDecryption,79,e83efca78554c46157a19a58997af8a19b196a774b0d5eedb01abcc20209a587,73,a26ad8bf1ec16927416e2560eb81bfb6a2902b372a9acce25e24846ce07d1aa0,1d043f78dbbaee2557d1f92fbb38ce79efc21a0f01c893eed5921ecebc51e376,fc00c297df3bc3ca19fb49d34261830281d8400c96e75f991af1f6012537ac5c,2026-09-30T17:55:53Z
SubmitPartialDecryption,65,14ca8c33114e6ac2c4c58c2231824acf0475f9b45dae9699fe241cb35dc11c91,73,a26ad8bf1ec16927416e2560eb81bfb6a2902b372a9acce25e24846ce07d1aa0,1d043f78dbbaee2557d1f92fbb38ce79efc21a0f01c893eed5921ecebc51e376,fc00c297df3bc3ca19fb49d34261830281d8400c96e75f991af1f6012537ac5c,2026-09-30T17:55:53Z
SubmitPartialDecryption,78,257bf4bc877ba6601b25a28f64d1047a0edcf02c7e942cc47d44eca3c907698a,73,a26ad8bf1ec16927416e2560eb81bfb6a2902b372a9acce25e24846ce07d1aa0,1d043f78dbbaee2557d1f92fbb38ce79efc21a0f01c893eed5921ecebc51e376,fc00c297df3bc3ca19fb49d34261830281d8400c96e75f991af1f6012537ac5c,2026-09-30T17:55:53Z
SubmitPartialDecryption,71,f51136576a4b79a0c9043c4211b68aee266793c41264e66134ed55e2edaf0708,73,a26ad8bf1ec16927416e2560eb81bfb6a2902b372a9acce25e24846ce07d1aa0,1d043f78dbbaee2557d1f92fbb38ce79efc21a0f01c893eed5921ecebc51e376,fc00c297df3bc3ca19fb49d34261830281d8400c96e75f991af1f6012537ac5c,2026-09-30T17:55:53Z
SubmitPartialDecryption,70,d1be45411e5c28ef0c0f53483dbb407d037ffffd62c2b4233e6913028378173c,73,a26ad8bf1ec16927416e2560eb81bfb6a2902b372a9acce25e24846ce07d1aa0,1d043f78dbbaee2557d1f92fbb38ce79efc21a0f01c893eed5921ecebc51e376,fc00c297df3bc3ca19fb49d34261830281d8400c96e75f991af1f6012537ac5c,2026-09-30T17:55:53Z
SubmitPartialDecryption,68,a90ae5594afe7287e15495929c03809c820c46795839467eb3c12acb94f3c6ab,73,a26ad8bf1ec16927416e2560eb81bfb6a2902b372a9acce25e24846ce07d1aa0,1d043f78dbbaee2557d1f92fbb38ce79efc21a0f01c893eed5921ecebc51e376,fc00c297df3bc3ca19fb49d34261830281d8400c96e75f991af1f6012537ac5c,2026-09-30T17:55:53Z
SubmitPartialDecryption,76,6aa71245c3323f4d8d7e81d7b5b92292ed9b7564742d553681d1ea6cce831d0e,73,a26ad8bf1ec16927416e2560eb81bfb6a2902b372a9acce25e24846ce07d1aa0,1d043f78dbbaee2557d1f92fbb38ce79efc21a0f01c893eed5921ecebc51e376,fc00c297df3bc3ca19fb49d34261830281d8400c96e75f991af1f6012537ac5c,2026-09-30T17:55:53Z
SubmitPartialDecryption,75,831ebe424ad55809ded5560c24e5d3593a38b2041169097da98fa11bc4ec8a08,73,a26ad8bf1ec16927416e2560eb81bfb6a2902b372a9acce25e24846ce07d1aa0,1d043f78dbbaee2557d1f92fbb38ce79efc21a0f01c893eed5921ecebc51e376,fc00c297df3bc3ca19fb49d34261830281d8400c96e75f991af1f6012537ac5c,2026-09-30T17:55:53Z
SubmitPartialDecryption,69,4edab1646596810094c63925f7972afe83ca7d68c2d6186a5d42c78dc04195a3,73,a26ad8bf1ec16927416e2560eb81bfb6a2902b372a9acce25e24846ce07d1aa0,1d043f78dbbaee2557d1f92fbb38ce79efc21a0f01c893eed5921ecebc51e376,fc00c297df3bc3ca19fb49d34261830281d8400c96e75f991af1f6012537ac5c,2026-09-30T17:55:53Z
SubmitPartialDecryption,73,300ef91b1d21754ab64694b6cc0da38240785ce56fc0ea0d933d47fa36491bf7,73,a26ad8bf1ec16927416e2560eb81bfb6a2902b372a9acce25e24846ce07d1aa0,1d043f78dbbaee2557d1f92fbb38ce79efc21a0f01c893eed5921ecebc51e376,fc00c297df3bc3ca19fb49d34261830281d8400c96e75f991af1f6012537ac5c,2026-09-30T17:55:53Z
SubmitPartialDecryption,74,bba0b82aa7e8a97da2909e8d8ec17c54c32b0861c703a0ffff77b16114ba2ae9,73,a26ad8bf1ec16927416e2560eb81bfb6a2902b372a9acce25e24846ce07d1aa0,1d043f78dbbaee2557d1f92fbb38ce79efc21a0f01c893eed5921ecebc51e376,fc00c297df3bc3ca19fb49d34261830281d8400c96e75f991af1f6012537ac5c,2026-09-30T17:55:53Z
SubmitPartialDecryption,66,57578e185b3e50fc857cf049c7e73fc273ecea4c59cf892a232f395c3f6093b5,73,a26ad8bf1ec16927416e2560eb81bfb6a2902b372a9acce25e24846ce07d1aa0,1d043f78dbbaee2557d1f92fbb38ce79efc21a0f01c893eed5921ecebc51e376,fc00c297df3bc3ca19fb49d34261830281d8400c96e75f991af1f6012537ac5c,2026-09-30T17:55:53Z
SubmitPartialDecryption,92,66aea231a76c01a2f296578b9fd729065e5915ea59128d42097880a023a82033,74,341555c93f13d1188769b93419650d219fe29b9f8b82d43c7e67b7afc5058931,dbabc9ebfa66f1fd44095eab24f14283e33a3c7cc613b42f56de95d73a7cbd9c,a26ad8bf1ec16927416e2560eb81bfb6a2902b372a9acce25e24846ce07d1aa0,2026-09-30T17:55:55Z
SubmitPartialDecryption,84,16731edd275898720aa46b7e829e1a47f855ee29375fb4e2922c3f99bba838db,74,341555c93f13d1188769b93419650d219fe29b9f8b82d43c7e67b7afc5058931,dbabc9ebfa66f1fd44095eab24f14283e33a3c7cc613b42f56de95d73a7cbd9c,a26ad8bf1ec16927416e2560eb81bfb6a2902b372a9acce25e24846ce07d1aa0,2026-09-30T17:55:55Z
SubmitPartialDecryption,85,cbdb1050a83ca070aded40cce90f2accda76349d32480f8fba038c067a887134,74,341555c93f13d1188769b93419650d219fe29b9f8b82d43c7e67b7afc5058931,dbabc9ebfa66f1fd44095eab24f14283e33a3c7cc613b42f56de95d73a7cbd9c,a26ad8bf1ec16927416e2560eb81bfb6a2902b372a9acce25e24846ce07d1aa0,2026-09-30T17:55:55Z
SubmitPartialDecryption,89,e36052d9fbaa0b828cf79d14eec39067bef73e4052c4b4bd4e80b6d2c817279a,74,341555c93f13d1188769b93419650d219fe29b9f8b82d43c7e67b7afc5058931,dbabc9ebfa66f1fd44095eab24f14283e33a3c7cc613b42f56de95d73a7cbd9c,a26ad8bf1ec16927416e2560eb81bfb6a2902b372a9acce25e24846ce07d1aa0,2026-09-30T17:55:55Z
SubmitPartialDecryption,83,567093b3a072331ad38c7a726133c27ddd0504c88f35559b79efe1172fe85e44,74,341555c93f13d1188769b93419650d219fe29b9f8b82d43c7e67b7afc5058931,dbabc9ebfa66f1fd44095eab24f14283e33a3c7cc613b42f56de95d73a7cbd9c,a26ad8bf1ec16927416e2560eb81bfb6a2902b372a9acce25e24846ce07d1aa0,2026-09-30T17:55:55Z
SubmitPartialDecryption,87,dbebe71bb5bf10c2f633c2fdbc95c8b2909059c0cc4e8afe2044961c54fc6b1a,74,341555c93f13d1188769b93419650d219fe29b9f8b82d43c7e67b7afc5058931,dbabc9ebfa66f1fd44095eab24f14283e33a3c7cc613b42f56de95d73a7cbd9c,a26ad8bf1ec16927416e2560eb81bfb6a2902b372a9acce25e24846ce07d1aa0,2026-09-30T17:55:55Z
SubmitPartialDecryption,91,e95b481ac442d4b1e0514dad95c7cd40f870d6aa920093a0b96ade08b92b3569,74,341555c93f13d1188769b93419650d219fe29b9f8b82d43c7e67b7afc5058931,dbabc9ebfa66f1fd44095eab24f14283e33a3c7cc613b42f56de95d73a7cbd9c,a26ad8bf1ec16927416e2560eb81bfb6a2902b372a9acce25e24846ce07d1aa0,2026-09-30T17:55:55Z
SubmitPartialDecryption,88,f31791454992e2c2f0b5004eb4750bb13e31cd127a7da699b9271d44884e2450,74,341555c93f13d1188769b93419650d219fe29b9f8b82d43c7e67b7afc5058931,dbabc9ebfa66f1fd44095eab24f14283e33a3c7cc613b42f56de95d73a7cbd9c,a26ad8bf1ec16927416e2560eb81bfb6a2902b372a9acce25e24846ce07d1aa0,2026-09-30T17:55:55Z
SubmitPartialDecryption,95,a2af7020b00a86d2c270e7e264fd20ada30c509b2b845aaf1b97befb5dfcef6f,74,341555c93f13d1188769b93419650d219fe29b9f8b82d43c7e67b7afc5058931,dbabc9ebfa66f1fd44095eab24f14283e33a3c7cc613b42f56de95d73a7cbd9c,a26ad8bf1ec16927416e2560eb81bfb6a2902b372a9acce25e24846ce07d1aa0,2026-09-30T17:55:55Z
SubmitPartialDecryption,94,61d51d7d35c4ed4ec8fa110a8e14145089258fc9671eb31776389be630643002,74,341555c93f13d1188769b93419650d219fe29b9f8b82d43c7e67b7afc5058931,dbabc9ebfa66f1fd44095eab24f14283e33a3c7cc613b42f56de95d73a7cbd9c,a26ad8bf1ec16927416e2560eb81bfb6a2902b372a9acce25e24846ce07d1aa0,2026-09-30T17:55:55Z
SubmitPartialDecryption,90,d087646255d0adf2d8d044590db661ca7424b3243c6a6b1133de639b3f409eb5,74,341555c93f13d1188769b93419650d219fe29b9f8b82d43c7e67b7afc5058931,dbabc9ebfa66f1fd44095eab24f14283e33a3c7cc613b42f56de95d73a7cbd9c,a26ad8bf1ec16927416e2560eb81bfb6a2902b372a9acce25e24846ce07d1aa0,2026-09-30T17:55:55Z
SubmitPartialDecryption,82,ec484cfbdd482a0e519515c3b15e59a873d8bca1a4412033154bf87d0fcae3f6,74,341555c93f13d1188769b93419650d219fe29b9f8b82d43c7e67b7afc5058931,dbabc9ebfa66f1fd44095eab24f14283e33a3c7cc613b42f56de95d73a7cbd9c,a26ad8bf1ec16927416e2560eb81bfb6a2902b372a9acce25e24846ce07d1aa0,2026-09-30T17:55:55Z
SubmitPartialDecryption,93,17f869af7b07a22737b18ed9442c0746547290959b9cc7529162abb926818612,74,341555c93f13d1188769b93419650d219fe29b9f8b82d43c7e67b7afc5058931,dbabc9ebfa66f1fd44095eab24f14283e33a3c7cc613b42f56de95d73a7cbd9c,a26ad8bf1ec16927416e2560eb81bfb6a2902b372a9acce25e24846ce07d1aa0,2026-09-30T17:55:55Z
SubmitPartialDecryption,81,049ebec2557d0a3db43b3db0a12e82d46d7e52fcf02ae879e4c785a79d391ceb,74,341555c93f13d1188769b93419650d219fe29b9f8b82d43c7e67b7afc5058931,dbabc9ebfa66f1fd44095eab24f14283e33a3c7cc613b42f56de95d73a7cbd9c,a26ad8bf1ec16927416e2560eb81bfb6a2902b372a9acce25e24846ce07d1aa0,2026-09-30T17:55:55Z
SubmitPartialDecryption,80,430cf871334f7bf5bc5a18b7ac390b584a8e7aa63cfd5b1e55235ce084dca2e4,74,341555c93f13d1188769b93419650d219fe29b9f8b82d43c7e67b7afc5058931,dbabc9ebfa66f1fd44095eab24f14283e33a3c7cc613b42f56de95d73a7cbd9c,a26ad8bf1ec16927416e2560eb81bfb6a2902b372a9acce25e24846ce07d1aa0,2026-09-30T17:55:55Z
SubmitPartialDecryption,86,3ca19e5c635d766e61e237d8b3a349a4a603c94492f4ccc52f69218c1059a907,74,341555c93f13d1188769b93419650d219fe29b9f8b82d43c7e67b7afc5058931,dbabc9ebfa66f1fd44095eab24f14283e33a3c7cc613b42f56de95d73a7cbd9c,a26ad8bf1ec16927416e2560eb81bfb6a2902b372a9acce25e24846ce07d1aa0,2026-09-30T17:55:55Z
SubmitPartialDecryption,102,784954219f5c20b446052c99c4dcead98b26c93c07d1bd32f06cc5a8bf5d9ff5,75,79b5d4c9a59f7446fa30441efe2c8b8cf1ead3a4fcc4889da23e103a557c269d,4bf48374f744b953fecee197ae2ca8766a38f2c9e91298d5c7910c8db0d78747,341555c93f13d1188769b93419650d219fe29b9f8b82d43c7e67b7afc5058931,2026-09-30T17:55:57Z
SubmitPartialDecryption,96,1344d155dc61474bee06e952f44f7599a6ba2997e7d98623a2c8b5aa70b45afc,75,79b5d4c9a59f7446fa30441efe2c8b8cf1ead3a4fcc4889da23e103a557c269d,4bf48374f744b953fecee197ae2ca8766a38f2c9e91298d5c7910c8db0d78747,341555c93f13d1188769b93419650d219fe29b9f8b82d43c7e67b7afc5058931,2026-09-30T17:55:57Z
SubmitPartialDecryption,110,e1fadc612e56545373e0a343169ad3e0f7ed3463d4d5174a7ca4b62a1f182bbe,75,79b5d4c9a59f7446fa30441efe2c8b8cf1ead3a4fcc4889da23e103a557c269d,4bf48374f744b953fecee197ae2ca8766a38f2c9e91298d5c7910c8db0d78747,341555c93f13d1188769b93419650d219fe29b9f8b82d43c7e67b7afc5058931,2026-09-30T17:55:57Z
SubmitPartialDecryption,105,6bb0b77b625bdb05b69138f55c3f4ecb3327a928ceb01076151aeaeb3e03fbaa,75,79b5d4c9a59f7446fa30441efe2c8b8cf1ead3a4fcc4889da23e103a557c269d,4bf48374f744b953fecee197ae2ca8766a38f2c9e91298d5c7910c8db0d78747,341555c93f13d1188769b93419650d219fe29b9f8b82d43c7e67b7afc5058931,2026-09-30T17:55:57Z
SubmitPartialDecryption,101,e4e01a9e439788310e176e36fef9ab67b26d06972cc59f9e278777134a3b69b0,75,79b5d4c9a59f7446fa30441efe2c8b8cf1ead3a4fcc4889da23e103a557c269d,4bf48374f744b953fecee197ae2ca8766a38f2c9e91298d5c7910c8db0d78747,341555c93f13d1188769b93419650d219fe29b9f8b82d43c7e67b7afc5058931,2026-09-30T17:55:57Z
SubmitPartialDecryption,98,6edd843e3cec0d1fbcbde0e8c17c0cf796663242f1aa626af892d9935a4fbbf5,75,79b5d4c9a59f7446fa30441efe2c8b8cf1ead3a4fcc4889da23e103a557c269d,4bf48374f744b953fecee197ae2ca8766a38f2c9e91298d5c7910c8db0d78747,341555c93f13d1188769b93419650d219fe29b9f8b82d43c7e67b7afc5058931,2026-09-30T17:55:57Z
SubmitPartialDecryption,108,b51b03119c5167a5084d84328b0e742bec126f8a97b0ae7854eebfb203acad23,75,79b5d4c9a59f7446fa30441efe2c8b8cf1ead3a4fcc4889da23e103a557c269d,4bf48374f744b953fecee197ae2ca8766a38f2c9e91298d5c7910c8db0d78747,341555c93f13d1188769b93419650d219fe29b9f8b82d43c7e67b7afc5058931,2026-09-30T17:55:57Z
SubmitPartialDecryption,106,473bc6aeabc8516af4d6e1692ad1fd3d1c90b360fe3c7c2b9155dcfbc5673b8d,75,79b5d4c9a59f7446fa30441efe2c8b8cf1ead3a4fcc4889da23e103a557c269d,4bf48374f744b953fecee197ae2ca8766a38f2c9e91298d5c7910c8db0d78747,341555c93f13d1188769b93419650d219fe29b9f8b82d43c7e67b7afc5058931,2026-09-30T17:55:57Z
SubmitPartialDecryption,103,b427769ce3a25ec75fe1b3b0215efe56c09022ebc0523c7b98f5fbb1a313b127,75,79b5d4c9a59f7446fa30441efe2c8b8cf1ead3a4fcc4889da23e103a557c269d,4bf48374f744b953fecee197ae2ca8766a38f2c9e91298d5c7910c8db0d78747,341555c93f13d1188769b93419650d219fe29b9f8b82d43c7e67b7afc5058931,2026-09-30T17:55:57Z
SubmitPartialDecryption,97,720a3d3d1a6583989753ab9ca21cee45e63700c48f171d5a75c86e1d50031389,75,79b5d4c9a59f7446fa30441efe2c8b8cf1ead3a4fcc4889da23e103a557c269d,4bf48374f744b953fecee197ae2ca8766a38f2c9e91298d5c7910c8db0d78747,341555c93f13d1188769b93419650d219fe29b9f8b82d43c7e67b7afc5058931,2026-09-30T17:55:57Z
SubmitPartialDecryption,100,67b297c972e90907604c07a35b13701364e8a8a8fe5294898e9c0450b88ac031,75,79b5d4c9a59f7446fa30441efe2c8b8cf1ead3a4fcc4889da23e103a557c269d,4bf48374f744b953fecee197ae2ca8766a38f2c9e91298d5c7910c8db0d78747,341555c93f13d1188769b93419650d219fe29b9f8b82d43c7e67b7afc5058931,2026-09-30T17:55:57Z
SubmitPartialDecryption,107,795d3c0a063e0ecfdf1f182ef00302e9f2a9eb4a92798d3ffa413cd3c33954cf,75,79b5d4c9a59f7446fa30441efe2c8b8cf1ead3a4fcc4889da23e103a557c269d,4bf48374f744b953fecee197ae2ca8766a38f2c9e91298d5c7910c8db0d78747,341555c93f13d1188769b93419650d219fe29b9f8b82d43c7e67b7afc5058931,2026-09-30T17:55:57Z
SubmitPartialDecryption,104,1d986ec2dda4a806dbe1ca92de056b40ee88100d7dcb1b9ba0baceb413fa7334,75,79b5d4c9a59f7446fa30441efe2c8b8cf1ead3a4fcc4889da23e103a557c269d,4bf48374f744b953fecee197ae2ca8766a38f2c9e91298d5c7910c8db0d78747,341555c93f13d1188769b93419650d219fe29b9f8b82d43c7e67b7afc5058931,2026-09-30T17:55:57Z
SubmitPartialDecryption,99,994417a48215e5c4022b57d6f38f9a7f0cd1721c09afe707380305da89adf093,75,79b5d4c9a59f7446fa30441efe2c8b8cf1ead3a4fcc4889da23e103a557c269d,4bf48374f744b953fecee197ae2ca8766a38f2c9e91298d5c7910c8db0d78747,341555c93f13d1188769b93419650d219fe29b9f8b82d43c7e67b7afc5058931,2026-09-30T17:55:57Z
SubmitPartialDecryption,109,33f8883ece6fcb39c8e739e9dd50b3bc83be0cf15de2a56cce6d29c53e1aa996,75,79b5d4c9a59f7446fa30441efe2c8b8cf1ead3a4fcc4889da23e103a557c269d,4bf48374f744b953fecee197ae2ca8766a38f2c9e91298d5c7910c8db0d78747,341555c93f13d1188769b93419650d219fe29b9f8b82d43c7e67b7afc5058931,2026-09-30T17:55:57Z
SubmitPartialDecryption,111,b816d19b0eff70c4e445d3fe3d3ef75126214e360439f1e8697f0261c3d369ea,75,79b5d4c9a59f7446fa30441efe2c8b8cf1ead3a4fcc4889da23e103a557c269d,4bf48374f744b953fecee197ae2ca8766a38f2c9e91298d5c7910c8db0d78747,341555c93f13d1188769b93419650d219fe29b9f8b82d43c7e67b7afc5058931,2026-09-30T17:55:57Z
SubmitPartialDecryption,113,7d6e68db2da784f88f8d16ff1afab978d7734b172c13b09608d26b4579a30e03,76,685a26db693818efa6bdc3e4bf012da0c606c8aec27a0ba5f87497bcbd01cbb5,714e63d3129e929235ac0ecd5eb718667781bf4d25e68e6bb9343f0e05411cdc,79b5d4c9a59f7446fa30441efe2c8b8cf1ead3a4fcc4889da23e103a557c269d,2026-09-30T17:55:59Z
SubmitPartialDecryption,127,47b1cf80d94cfce5fd6264bcd0e252ae4179f172be1c1552c7c8b94409853060,76,685a26db693818efa6bdc3e4bf012da0c606c8aec27a0ba5f87497bcbd01cbb5,714e63d3129e929235ac0ecd5eb718667781bf4d25e68e6bb9343f0e05411cdc,79b5d4c9a59f7446fa30441efe2c8b8cf1ead3a4fcc4889da23e103a557c269d,2026-09-30T17:55:59Z
SubmitPartialDecryption,121,5c0d68e11b1d221851135a0b09608c0f5fc93fa325061bc2674913d4124a2f77,76,685a26db693818efa6bdc3e4bf012da0c606c8aec27a0ba5f87497bcbd01cbb5,714e63d3129e929235ac0ecd5eb718667781bf4d25e68e6bb9343f0e05411cdc,79b5d4c9a59f7446fa30441efe2c8b8cf1ead3a4fcc4889da23e103a557c269d,2026-09-30T17:55:59Z
SubmitPartialDecryption,122,abf8221a9da8bb2ba9a7489570c9c1238fe2cb93cadb475a5e4ff91a4bab2fd0,76,685a26db693818efa6bdc3e4bf012da0c606c8aec27a0ba5f87497bcbd01cbb5,714e63d3129e929235ac0ecd5eb718667781bf4d25e68e6bb9343f0e05411cdc,79b5d4c9a59f7446fa30441efe2c8b8cf1ead3a4fcc4889da23e103a557c269d,2026-09-30T17:55:59Z
SubmitPartialDecryption,116,6229a6dcdf327f6e5efa15cf92fd2dad097af532c30cb4d0c0376e62ecab27cc,76,685a26db693818efa6bdc3e4bf012da0c606c8aec27a0ba5f87497bcbd01cbb5,714e63d3129e929235ac0ecd5eb718667781bf4d25e68e6bb9343f0e05411cdc,79b5d4c9a59f7446fa30441efe2c8b8cf1ead3a4fcc4889da23e103a557c269d,2026-09-30T17:55:59Z
SubmitPartialDecryption,117,e357355a80a4af35c981b6a5d79e79480238fe56751e09c7a25e7b7fe13bf1c0,76,685a26db693818efa6bdc3e4bf012da0c606c8aec27a0ba5f87497bcbd01cbb5,714e63d3129e929235ac0ecd5eb718667781bf4d25e68e6bb9343f0e05411cdc,79b5d4c9a59f7446fa30441efe2c8b8cf1ead3a4fcc4889da23e103a557c269d,2026-09-30T17:55:59Z
SubmitPartialDecryption,126,f94b8a12909ababb93996f96471625c66b5782deb36e5200cc5bed3a392984fb,76,685a26db693818efa6bdc3e4bf012da0c606c8aec27a0ba5f87497bcbd01cbb5,714e63d3129e929235ac0ecd5eb718667781bf4d25e68e6bb9343f0e05411cdc,79b5d4c9a59f7446fa30441efe2c8b8cf1ead3a4fcc4889da23e103a557c269d,2026-09-30T17:55:59Z
SubmitPartialDecryption,112,8e66a8738dc9e60b0988233bb4d25b1aec7cabd8c17f35526ea58be87e0f7881,76,685a26db693818efa6bdc3e4bf012da0c606c8aec27a0ba5f87497bcbd01cbb5,714e63d3129e929235ac0ecd5eb718667781bf4d25e68e6bb9343f0e05411cdc,79b5d4c9a59f7446fa30441efe2c8b8cf1ead3a4fcc4889da23e103a557c269d,2026-09-30T17:55:59Z
SubmitPartialDecryption,125,a5f1f8dd9254f703216fb4fd7c2e9225569d2af8e93e8b8f5a0cb1c4291f8ec5,76,685a26db693818efa6bdc3e4bf012da0c606c8aec27a0ba5f87497bcbd01cbb5,714e63d3129e929235ac0ecd5eb718667781bf4d25e68e6bb9343f0e05411cdc,79b5d4c9a59f7446fa30441efe2c8b8cf1ead3a4fcc4889da23e103a557c269d,2026-09-30T17:55:59Z
SubmitPartialDecryption,124,5dce07cce76fcd8508d55fbe8a329588ffa36457fafc0b02ea6bdac72a5540c7,76,685a26db693818efa6bdc3e4bf012da0c606c8aec27a0ba5f87497bcbd01cbb5,714e63d3129e929235ac0ecd5eb718667781bf4d25e68e6bb9343f0e05411cdc,79b5d4c9a59f7446fa30441efe2c8b8cf1ead3a4fcc4889da23e103a557c269d,2026-09-30T17:55:59Z
SubmitPartialDecryption,119,d433c57ccd27a68f6b119cd6be8533d5fd1bae28a84bef28ab2c58d09e3822fe,76,685a26db693818efa6bdc3e4bf012da0c606c8aec27a0ba5f87497bcbd01cbb5,714e63d3129e929235ac0ecd5eb718667781bf4d25e68e6bb9343f0e05411cdc,79b5d4c9a59f7446fa30441efe2c8b8cf1ead3a4fcc4889da23e103a557c269d,2026-09-30T17:55:59Z
SubmitPartialDecryption,115,0b3379cfe81efdb7fab1586da4da3847d6df57ae0628650c0ac297c989d9b5a7,76,685a26db693818efa6bdc3e4bf012da0c606c8aec27a0ba5f87497bcbd01cbb5,714e63d3129e929235ac0ecd5eb718667781bf4d25e68e6bb9343f0e05411cdc,79b5d4c9a59f7446fa30441efe2c8b8cf1ead3a4fcc4889da23e103a557c269d,2026-09-30T17:55:59Z
SubmitPartialDecryption,120,48c50b5c5139fba3011696caafc9ec40a36ae9d06b6d4455b200188cb4f82f34,76,685a26db693818efa6bdc3e4bf012da0c606c8aec27a0ba5f87497bcbd01cbb5,714e63d3129e929235ac0ecd5eb718667781bf4d25e68e6bb9343f0e05411cdc,79b5d4c9a59f7446fa30441efe2c8b8cf1ead3a4fcc4889da23e103a557c269d,2026-09-30T17:55:59Z
SubmitPartialDecryption,123,63e04f39775fddba26bd28277b5efa351d4c978d3592614a76f7ded21e1c26b0,76,685a26db693818efa6bdc3e4bf012da0c606c8aec27a0ba5f87497bcbd01cbb5,714e63d3129e929235ac0ecd5eb718667781bf4d25e68e6bb9343f0e05411cdc,79b5d4c9a59f7446fa30441efe2c8b8cf1ead3a4fcc4889da23e103a557c269d,2026-09-30T17:55:59Z
SubmitPartialDecryption,118,2499dd11734affa2181569d2143713257dbde6620dfebfe0e01a322feba9ff53,76,685a26db693818efa6bdc3e4bf012da0c606c8aec27a0ba5f87497bcbd01cbb5,714e63d3129e929235ac0ecd5eb718667781bf4d25e68e6bb9343f0e05411cdc,79b5d4c9a59f7446fa30441efe2c8b8cf1ead3a4fcc4889da23e103a557c269d,2026-09-30T17:55:59Z
SubmitPartialDecryption,114,92312ce3ed02276f99cca36f6b28737b839c3e9615294052f7ff0cb1e4cb9c7a,76,685a26db693818efa6bdc3e4bf012da0c606c8aec27a0ba5f87497bcbd01cbb5,714e63d3129e929235ac0ecd5eb718667781bf4d25e68e6bb9343f0e05411cdc,79b5d4c9a59f7446fa30441efe2c8b8cf1ead3a4fcc4889da23e103a557c269d,2026-09-30T17:55:59Z
SubmitPartialDecryption,136,2865ccaabeb05bd6e32fdb145f2c507c46eb5856c99497c09d256c310cb116ad,77,cc1b54af019057dc9f485ca70d31dd408b3b6bf93c01b6d8e33eea4cafafc7ed,572b8951dfad9330adbff2217011340e43c17afa06ce8bbc29cf2a316b71b8f7,685a26db693818efa6bdc3e4bf012da0c606c8aec27a0ba5f87497bcbd01cbb5,2026-09-30T17:56:02Z
SubmitPartialDecryption,129,3e1a3288fa60c6077b0c6870d4de2b1d0198243a569095e15e893988b6e15a5d,77,cc1b54af019057dc9f485ca70d31dd408b3b6bf93c01b6d8e33eea4cafafc7ed,572b8951dfad9330adbff2217011340e43c17afa06ce8bbc29cf2a316b71b8f7,685a26db693818efa6bdc3e4bf012da0c606c8aec27a0ba5f87497bcbd01cbb5,2026-09-30T17:56:02Z
SubmitPartialDecryption,137,f36103fc2ded71c3adbef3ec24e07aa350c0eb2c3d4bd8c50a1550d3523cc036,77,cc1b54af019057dc9f485ca70d31dd408b3b6bf93c01b6d8e33eea4cafafc7ed,572b8951dfad9330adbff2217011340e43c17afa06ce8bbc29cf2a316b71b8f7,685a26db693818efa6bdc3e4bf012da0c606c8aec27a0ba5f87497bcbd01cbb5,2026-09-30T17:56:02Z
SubmitPartialDecryption,141,ea62e434baed301bac79fd27174514f41ac5c4d8068c0392ed68e275432ae119,77,cc1b54af019057dc9f485ca70d31dd408b3b6bf93c01b6d8e33eea4cafafc7ed,572b8951dfad9330adbff2217011340e43c17afa06ce8bbc29cf2a316b71b8f7,685a26db693818efa6bdc3e4bf012da0c606c8aec27a0ba5f87497bcbd01cbb5,2026-09-30T17:56:02Z
SubmitPartialDecryption,143,6f48c8e0ee2bf0b7a4003d6ead37f37c44aeca1e85dfc07ad65bba4ba2b1c6d3,77,cc1b54af019057dc9f485ca70d31dd408b3b6bf93c01b6d8e33eea4cafafc7ed,572b8951dfad9330adbff2217011340e43c17afa06ce8bbc29cf2a316b71b8f7,685a26db693818efa6bdc3e4bf012da0c606c8aec27a0ba5f87497bcbd01cbb5,2026-09-30T17:56:02Z
SubmitPartialDecryption,140,3ae0d748ef8f6a9e316208ee0371132be82bc5eb42a3f45143606e3adaa23dfb,77,cc1b54af019057dc9f485ca70d31dd408b3b6bf93c01b6d8e33eea4cafafc7ed,572b8951dfad9330adbff2217011340e43c17afa06ce8bbc29cf2a316b71b8f7,685a26db693818efa6bdc3e4bf012da0c606c8aec27a0ba5f87497bcbd01cbb5,2026-09-30T17:56:02Z
SubmitPartialDecryption,130,7885373a271c1b9402516d859c04fd1c714552fedc629a5d761abc19232ce76d,77,cc1b54af019057dc9f485ca70d31dd408b3b6bf93c01b6d8e33eea4cafafc7ed,572b8951dfad9330adbff2217011340e43c17afa06ce8bbc29cf2a316b71b8f7,685a26db693818efa6bdc3e4bf012da0c606c8aec27a0ba5f87497bcbd01cbb5,2026-09-30T17:56:02Z
SubmitPartialDecryption,132,76c8ae7619cefdc9e04ebe83cd5857da2191a8cc04ce3b880ef8acc61662e57b,77,cc1b54af019057dc9f485ca70d31dd408b3b6bf93c01b6d8e33eea4cafafc7ed,572b8951dfad9330adbff2217011340e43c17afa06ce8bbc29cf2a316b71b8f7,685a26db693818efa6bdc3e4bf012da0c606c8aec27a0ba5f87497bcbd01cbb5,2026-09-30T17:56:02Z
SubmitPartialDecryption,135,4432770a2b9200e3cda900a936ae4abf8be52d6803bd9097c07ab3bbbdbd8ead,77,cc1b54af019057dc9f485ca70d31dd408b3b6bf93c01b6d8e33eea4cafafc7ed,572b8951dfad9330adbff2217011340e43c17afa06ce8bbc29cf2a316b71b8f7,685a26db693818efa6bdc3e4bf012da0c606c8aec27a0ba5f87497bcbd01cbb5,2026-09-30T17:56:02Z
SubmitPartialDecryption,133,f2aab7973198d3f97cad1798e3a5d57b9d45b3d0d83e740b9e9e5652df1da961,77,cc1b54af019057dc9f485ca70d31dd408b3b6bf93c01b6d8e33eea4cafafc7ed,572b8951dfad9330adbff2217011340e43c17afa06ce8bbc29cf2a316b71b8f7,685a26db693818efa6bdc3e4bf012da0c606c8aec27a0ba5f87497bcbd01cbb5,2026-09-30T17:56:02Z
SubmitPartialDecryption,128,d65aa5123132dc20bb595467cc3c90bb3b8d1d66ae3da58e457c877086ee8a84,77,cc1b54af019057dc9f485ca70d31dd408b3b6bf93c01b6d8e33eea4cafafc7ed,572b8951dfad9330adbff2217011340e43c17afa06ce8bbc29cf2a316b71b8f7,685a26db693818efa6bdc3e4bf012da0c606c8aec27a0ba5f87497bcbd01cbb5,2026-09-30T17:56:02Z
SubmitPartialDecryption,139,1893d5a1dfa1b73f5fada33b3bf7830ef4df046c08a154d40ef20a29f89e8d73,77,cc1b54af019057dc9f485ca70d31dd408b3b6bf93c01b6d8e33eea4cafafc7ed,572b8951dfad9330adbff2217011340e43c17afa06ce8bbc29cf2a316b71b8f7,685a26db693818efa6bdc3e4bf012da0c606c8aec27a0ba5f87497bcbd01cbb5,2026-09-30T17:56:02Z
SubmitPartialDecryption,134,cf8aa1523673ae34dca728886be20f9a960b931b705aa613c09cc3affe656def,77,cc1b54af019057dc9f485ca70d31dd408b3b6bf93c01b6d8e33eea4cafafc7ed,572b8951dfad9330adbff2217011340e43c17afa06ce8bbc29cf2a316b71b8f7,685a26db693818efa6bdc3e4bf012da0c606c8aec27a0ba5f87497bcbd01cbb5,2026-09-30T17:56:02Z
SubmitPartialDecryption,131,ded18fc1ee6d8c1643a1a3c8d30ad4afc1f0e50c213c99c0bf37a077cb771504,77,cc1b54af019057dc9f485ca70d31dd408b3b6bf93c01b6d8e33eea4cafafc7ed,572b8951dfad9330adbff2217011340e43c17afa06ce8bbc29cf2a316b71b8f7,685a26db693818efa6bdc3e4bf012da0c606c8aec27a0ba5f87497bcbd01cbb5,2026-09-30T17:56:02Z
SubmitPartialDecryption,138,94db03760db8c62a01791e4ca18b7e3c03906d7a5bfbc62ec04b2d0064fb753a,77,cc1b54af019057dc9f485ca70d31dd408b3b6bf93c01b6d8e33eea4cafafc7ed,572b8951dfad9330adbff2217011340e43c17afa06ce8bbc29cf2a316b71b8f7,685a26db693818efa6bdc3e4bf012da0c606c8aec27a0ba5f87497bcbd01cbb5,2026-09-30T17:56:02Z
SubmitPartialDecryption,142,24fa65ff60bf06cdae1f179613fa77acb2caca020d7b1a47361c07714c72adda,77,cc1b54af019057dc9f485ca70d31dd408b3b6bf93c01b6d8e33eea4cafafc7ed,572b8951dfad9330adbff2217011340e43c17afa06ce8bbc29cf2a316b71b8f7,685a26db693818efa6bdc3e4bf012da0c606c8aec27a0ba5f87497bcbd01cbb5,2026-09-30T17:56:02Z
SubmitPartialDecryption,153,1cbce720626aac8a0936160c46f219640b66f7ff52d05b31d48825640169ec38,78,e2b304af03ab0143124cc6f4f8937a383e5861f79e631c05546a9be782f0f6c6,c9c53211ab076acf56e685545f34deb40469e0ad13ce2627b323711ac1937dcc,cc1b54af019057dc9f485ca70d31dd408b3b6bf93c01b6d8e33eea4cafafc7ed,2026-09-30T17:56:04Z
SubmitPartialDecryption,146,4e812b4cd4a68c3f75a2d46b943a33692907579e80d4a02e42072c33ec02ec46,78,e2b304af03ab0143124cc6f4f8937a383e5861f79e631c05546a9be782f0f6c6,c9c53211ab076acf56e685545f34deb40469e0ad13ce2627b323711ac1937dcc,cc1b54af019057dc9f485ca70d31dd408b3b6bf93c01b6d8e33eea4cafafc7ed,2026-09-30T17:56:04Z
SubmitPartialDecryption,144,645af12522f11140b114bb0cd3f7c1ad3fde207bad5b678e4685808481029ee4,78,e2b304af03ab0143124cc6f4f8937a383e5861f79e631c05546a9be782f0f6c6,c9c53211ab076acf56e685545f34deb40469e0ad13ce2627b323711ac1937dcc,cc1b54af019057dc9f485ca70d31dd408b3b6bf93c01b6d8e33eea4cafafc7ed,2026-09-30T17:56:04Z
SubmitPartialDecryption,154,036839854b25b38efdb5029ae8168c5edc73d226ff67dfa0ff2ba71aae8d2a35,78,e2b304af03ab0143124cc6f4f8937a383e5861f79e631c05546a9be782f0f6c6,c9c53211ab076acf56e685545f34deb40469e0ad13ce2627b323711ac1937dcc,cc1b54af019057dc9f485ca70d31dd408b3b6bf93c01b6d8e33eea4cafafc7ed,2026-09-30T17:56:04Z
SubmitPartialDecryption,159,0d550afd452f513fdf832b2cf8842b6c23b09e7dca21c8ce6170bc88b0085284,78,e2b304af03ab0143124cc6f4f8937a383e5861f79e631c05546a9be782f0f6c6,c9c53211ab076acf56e685545f34deb40469e0ad13ce2627b323711ac1937dcc,cc1b54af019057dc9f485ca70d31dd408b3b6bf93c01b6d8e33eea4cafafc7ed,2026-09-30T17:56:04Z
SubmitPartialDecryption,158,27cf45d8bc7c95a3e85e6275d3743deea3f4b464e7608b6dc1e8c59c3edf31d6,78,e2b304af03ab0143124cc6f4f8937a383e5861f79e631c05546a9be782f0f6c6,c9c53211ab076acf56e685545f34deb40469e0ad13ce2627b323711ac1937dcc,cc1b54af019057dc9f485ca70d31dd408b3b6bf93c01b6d8e33eea4cafafc7ed,2026-09-30T17:56:04Z
SubmitPartialDecryption,149,a6c593939df98d3bfb27e7baa81aa90e29802e32579ea7366c904df606becabf,78,e2b304af03ab0143124cc6f4f8937a383e5861f79e631c05546a9be782f0f6c6,c9c53211ab076acf56e685545f34deb40469e0ad13ce2627b323711ac1937dcc,cc1b54af019057dc9f485ca70d31dd408b3b6bf93c01b6d8e33eea4cafafc7ed,2026-09-30T17:56:04Z
SubmitPartialDecryption,155,f6d4d80bbcde4ea51c56d7d93da66709b5eb7d1130a689d1fdd13e069319d26e,78,e2b304af03ab0143124cc6f4f8937a383e5861f79e631c05546a9be782f0f6c6,c9c53211ab076acf56e685545f34deb40469e0ad13ce2627b323711ac1937dcc,cc1b54af019057dc9f485ca70d31dd408b3b6bf93c01b6d8e33eea4cafafc7ed,2026-09-30T17:56:04Z
SubmitPartialDecryption,157,f2fcda41e13fa73765b12699eed4dfb78ed42785fa3aa9ae50bacb5819d7e286,78,e2b304af03ab0143124cc6f4f8937a383e5861f79e631c05546a9be782f0f6c6,c9c53211ab076acf56e685545f34deb40469e0ad13ce2627b323711ac1937dcc,cc1b54af019057dc9f485ca70d31dd408b3b6bf93c01b6d8e33eea4cafafc7ed,2026-09-30T17:56:04Z
SubmitPartialDecryption,152,a9ff378600ad95c1635230170057c59907b4f5ec6e90894347422d9c10c9ec6c,78,e2b304af03ab0143124cc6f4f8937a383e5861f79e631c05546a9be782f0f6c6,c9c53211ab076acf56e685545f34deb40469e0ad13ce2627b323711ac1937dcc,cc1b54af019057dc9f485ca70d31dd408b3b6bf93c01b6d8e33eea4cafafc7ed,2026-09-30T17:56:04Z
SubmitPartialDecryption,145,1a820b647b7a7f0614033dac54cc04c84295c2a8e5b3042f11c93c48e075acaa,78,e2b304af03ab0143124cc6f4f8937a383e5861f79e631c05546a9be782f0f6c6,c9c53211ab076acf56e685545f34deb40469e0ad13ce2627b323711ac1937dcc,cc1b54af019057dc9f485ca70d31dd408b3b6bf93c01b6d8e33eea4cafafc7ed,2026-09-30T17:56:04Z
SubmitPartialDecryption,147,05946e3687cf07108303c5006c95b8d02aa781e6e61b4d8e93c0e237c521f7b6,78,e2b304af03ab0143124cc6f4f8937a383e5861f79e631c05546a9be782f0f6c6,c9c53211ab076acf56e685545f34deb40469e0ad13ce2627b323711ac1937dcc,cc1b54af019057dc9f485ca70d31dd408b3b6bf93c01b6d8e33eea4cafafc7ed,2026-09-30T17:56:04Z
SubmitPartialDecryption,148,8c0d891938127a552f23b5f75a2baa1f8e280a2ade9ddac9c99d1f40fe3563d1,78,e2b304af03ab0143124cc6f4f8937a383e5861f79e631c05546a9be782f0f6c6,c9c53211ab076acf56e685545f34deb40469e0ad13ce2627b323711ac1937dcc,cc1b54af019057dc9f485ca70d31dd408b3b6bf93c01b6d8e33eea4cafafc7ed,2026-09-30T17:56:04Z
SubmitPartialDecryption,151,214ecfd51f93e2d2aab7dd209bc3050a429941958443e5153f4bfa1a4bd0837f,78,e2b304af03ab0143124cc6f4f8937a383e5861f79e631c05546a9be782f0f6c6,c9c53211ab076acf56e685545f34deb40469e0ad13ce2627b323711ac1937dcc,cc1b54af019057dc9f485ca70d31dd408b3b6bf93c01b6d8e33eea4cafafc7ed,2026-09-30T17:56:04Z
SubmitPartialDecryption,156,1539f9040723df6539239199f76e39d8dea0906063f11dbf59ad538db7766c5a,78,e2b304af03ab0143124cc6f4f8937a383e5861f79e631c05546a9be782f0f6c6,c9c53211ab076acf56e685545f34deb40469e0ad13ce2627b323711ac1937dcc,cc1b54af019057dc9f485ca70d31dd408b3b6bf93c01b6d8e33eea4cafafc7ed,2026-09-30T17:56:04Z
SubmitPartialDecryption,150,c42b3318e64796c731f2876d469d404d72b66784439c5f58b9d5b96ee6ba1e1a,78,e2b304af03ab0143124cc6f4f8937a383e5861f79e631c05546a9be782f0f6c6,c9c53211ab076acf56e685545f34deb40469e0ad13ce2627b323711ac1937dcc,cc1b54af019057dc9f485ca70d31dd408b3b6bf93c01b6d8e33eea4cafafc7ed,2026-09-30T17:56:04Z
SubmitPartialDecryption,162,154eb5920579e32c3e4bc82d481b62033ec7101bc5cd5517afb405be180babce,79,ccb61feca0cd7015f9db007938897655ec11f1e7be647a84f677d6a4c7fa1de4,3f70f55fcc82fcd0c89bbf446416e245ac6052ab6ef848668b7b4a7d1ad27aa7,e2b304af03ab0143124cc6f4f8937a383e5861f79e631c05546a9be782f0f6c6,2026-09-30T17:56:06Z
SubmitPartialDecryption,167,a2aa85525be885801e7794b3ec86d8db620f425c2eed3f9ea5a50c87428f880f,79,ccb61feca0cd7015f9db007938897655ec11f1e7be647a84f677d6a4c7fa1de4,3f70f55fcc82fcd0c89bbf446416e245ac6052ab6ef848668b7b4a7d1ad27aa7,e2b304af03ab0143124cc6f4f8937a383e5861f79e631c05546a9be782f0f6c6,2026-09-30T17:56:06Z
SubmitPartialDecryption,164,f28cf43e375c7dfce291008de27b69eeb2814d9f3d0ccb98585b052fae124ebd,79,ccb61feca0cd7015f9db007938897655ec11f1e7be647a84f677d6a4c7fa1de4,3f70f55fcc82fcd0c89bbf446416e245ac6052ab6ef848668b7b4a7d1ad27aa7,e2b304af03ab0143124cc6f4f8937a383e5861f79e631c05546a9be782f0f6c6,2026-09-30T17:56:06Z
SubmitPartialDecryption,166,43fc51297ccb220acd915cc3e5d0fe9a49fd4fe58229856b953a18601c7fc4cd,79,ccb61feca0cd7015f9db007938897655ec11f1e7be647a84f677d6a4c7fa1de4,3f70f55fcc82fcd0c89bbf446416e245ac6052ab6ef848668b7b4a7d1ad27aa7,e2b304af03ab0143124cc6f4f8937a383e5861f79e631c05546a9be782f0f6c6,2026-09-30T17:56:06Z
SubmitPartialDecryption,163,da4da4f36101cd67d1f7f44b31240274eea100677eb1746c9424f8b6df8670d2,79,ccb61feca0cd7015f9db007938897655ec11f1e7be647a84f677d6a4c7fa1de4,3f70f55fcc82fcd0c89bbf446416e245ac6052ab6ef848668b7b4a7d1ad27aa7,e2b304af03ab0143124cc6f4f8937a383e5861f79e631c05546a9be782f0f6c6,2026-09-30T17:56:06Z
SubmitPartialDecryption,160,932ceed829c3b5a751ec06966e8ea45ea8e515a867f896bcb65bf146a5fde03f,79,ccb61feca0cd7015f9db007938897655ec11f1e7be647a84f677d6a4c7fa1de4,3f70f55fcc82fcd0c89bbf446416e245ac6052ab6ef848668b7b4a7d1ad27aa7,e2b304af03ab0143124cc6f4f8937a383e5861f79e631c05546a9be782f0f6c6,2026-09-30T17:56:06Z
SubmitPartialDecryption,170,901f5a09b208c901200faa626739970b623de7685ab50bd80cfce1df283b304f,79,ccb61feca0cd7015f9db007938897655ec11f1e7be647a84f677d6a4c7fa1de4,3f70f55fcc82fcd0c89bbf446416e245ac6052ab6ef848668b7b4a7d1ad27aa7,e2b304af03ab0143124cc6f4f8937a383e5861f79e631c05546a9be782f0f6c6,2026-09-30T17:56:06Z
SubmitPartialDecryption,168,d6006540bd16ac8c319fff3d5cd844f1be6b6c7df9757533375db68b7e63f8b0,79,ccb61feca0cd7015f9db007938897655ec11f1e7be647a84f677d6a4c7fa1de4,3f70f55fcc82fcd0c89bbf446416e245ac6052ab6ef848668b7b4a7d1ad27aa7,e2b304af03ab0143124cc6f4f8937a383e5861f79e631c05546a9be782f0f6c6,2026-09-30T17:56:06Z
SubmitPartialDecryption,169,c0c5186323355e1a2c90d663d89962f07771e517c8741967009af4aa5c280c32,79,ccb61feca0cd7015f9db007938897655ec11f1e7be647a84f677d6a4c7fa1de4,3f70f55fcc82fcd0c89bbf446416e245ac6052ab6ef848668b7b4a7d1ad27aa7,e2b304af03ab0143124cc6f4f8937a383e5861f79e631c05546a9be782f0f6c6,2026-09-30T17:56:06Z
SubmitPartialDecryption,172,51adfaefe251007204b1616d8af81038eced24f937242e2da900514638621a12,79,ccb61feca0cd7015f9db007938897655ec11f1e7be647a84f677d6a4c7fa1de4,3f70f55fcc82fcd0c89bbf446416e245ac6052ab6ef848668b7b4a7d1ad27aa7,e2b304af03ab0143124cc6f4f8937a383e5861f79e631c05546a9be782f0f6c6,2026-09-30T17:56:06Z
SubmitPartialDecryption,161,65f9547dfadb9feea18bda81b10626f8640e36e531d246a647382163f324c6d1,79,ccb61feca0cd7015f9db007938897655ec11f1e7be647a84f677d6a4c7fa1de4,3f70f55fcc82fcd0c89bbf446416e245ac6052ab6ef848668b7b4a7d1ad27aa7,e2b304af03ab0143124cc6f4f8937a383e5861f79e631c05546a9be782f0f6c6,2026-09-30T17:56:06Z
SubmitPartialDecryption,173,00dcda956cc361c1bfdee43969bb1d86635c6830db26d4822e44543f94688499,79,ccb61feca0cd7015f9db007938897655ec11f1e7be647a84f677d6a4c7fa1de4,3f70f55fcc82fcd0c89bbf446416e245ac6052ab6ef848668b7b4a7d1ad27aa7,e2b304af03ab0143124cc6f4f8937a383e5861f79e631c05546a9be782f0f6c6,2026-09-30T17:56:06Z
SubmitPartialDecryption,171,af2a2fff9a03fdc9aac40556833b5fe9a3cbb30be1b04e5148d11ff87f5d3752,79,ccb61feca0cd7015f9db007938897655ec11f1e7be647a84f677d6a4c7fa1de4,3f70f55fcc82fcd0c89bbf446416e245ac6052ab6ef848668b7b4a7d1ad27aa7,e2b304af03ab0143124cc6f4f8937a383e5861f79e631c05546a9be782f0f6c6,2026-09-30T17:56:06Z
SubmitPartialDecryption,175,32e97eb2b5c8b8d9d691bb9b4ec07f9fac8a688c0e8b90abb9f8e3f0fc244918,79,ccb61feca0cd7015f9db007938897655ec11f1e7be647a84f677d6a4c7fa1de4,3f70f55fcc82fcd0c89bbf446416e245ac6052ab6ef848668b7b4a7d1ad27aa7,e2b304af03ab0143124cc6f4f8937a383e5861f79e631c05546a9be782f0f6c6,2026-09-30T17:56:06Z
SubmitPartialDecryption,174,3e703b627b478ca46b942e3840677c589c555e6759b7b31950fe8293a6634a8c,79,ccb61feca0cd7015f9db007938897655ec11f1e7be647a84f677d6a4c7fa1de4,3f70f55fcc82fcd0c89bbf446416e245ac6052ab6ef848668b7b4a7d1ad27aa7,e2b304af03ab0143124cc6f4f8937a383e5861f79e631c05546a9be782f0f6c6,2026-09-30T17:56:06Z
SubmitPartialDecryption,165,1aa9e412f957c8d643fa40a98f6ceb3f22432e104760376c1912de7ca2e195dd,79,ccb61feca0cd7015f9db007938897655ec11f1e7be647a84f677d6a4c7fa1de4,3f70f55fcc82fcd0c89bbf446416e245ac6052ab6ef848668b7b4a7d1ad27aa7,e2b304af03ab0143124cc6f4f8937a383e5861f79e631c05546a9be782f0f6c6,2026-09-30T17:56:06Z
SubmitPartialDecryption,176,c89056e91ed78a20f4c233c5b702a420155c07a9abcf9202a2abaacee9d80e0b,80,a250223946e4eace5b3c8e49bfd8627dfde235833e75788cc65f3a9387d6f2f7,e0b7b370948096f4181a84cf299e5df228effbe80c2a4c7617b169b382c34bc3,ccb61feca0cd7015f9db007938897655ec11f1e7be647a84f677d6a4c7fa1de4,2026-09-30T17:56:08Z
SubmitPartialDecryption,188,c1466b58bc7091df9c3a2bf68633a6d588078561f0fd07f40ee9e5815c793d97,80,a250223946e4eace5b3c8e49bfd8627dfde235833e75788cc65f3a9387d6f2f7,e0b7b370948096f4181a84cf299e5df228effbe80c2a4c7617b169b382c34bc3,ccb61feca0cd7015f9db007938897655ec11f1e7be647a84f677d6a4c7fa1de4,2026-09-30T17:56:08Z
SubmitPartialDecryption,178,6b0cb3e2041f63bdd5dfb6e1203c74717f4acf97c2166ec557e299b2cd8e772e,80,a250223946e4eace5b3c8e49bfd8627dfde235833e75788cc65f3a9387d6f2f7,e0b7b370948096f4181a84cf299e5df228effbe80c2a4c7617b169b382c34bc3,ccb61feca0cd7015f9db007938897655ec11f1e7be647a84f677d6a4c7fa1de4,2026-09-30T17:56:08Z
SubmitPartialDecryption,187,ba4b975343fa97d795f293769edb4d9b9edd2ed98566714a2e07ca8a3b1bd4cc,80,a250223946e4eace5b3c8e49bfd8627dfde235833e75788cc65f3a9387d6f2f7,e0b7b370948096f4181a84cf299e5df228effbe80c2a4c7617b169b382c34bc3,ccb61feca0cd7015f9db007938897655ec11f1e7be647a84f677d6a4c7fa1de4,2026-09-30T17:56:08Z
SubmitPartialDecryption,182,1931d469c805e9fcc2a31b5e7f5e8d6d302adcbbd7bf723a97774e8f62988fd3,80,a250223946e4eace5b3c8e49bfd8627dfde235833e75788cc65f3a9387d6f2f7,e0b7b370948096f4181a84cf299e5df228effbe80c2a4c7617b169b382c34bc3,ccb61feca0cd7015f9db007938897655ec11f1e7be647a84f677d6a4c7fa1de4,2026-09-30T17:56:08Z
SubmitPartialDecryption,185,1ef3953bc9867989dadc53f4ed89ee8f9363b1761f9152bf84efbfbca94b4a12,80,a250223946e4eace5b3c8e49bfd8627dfde235833e75788cc65f3a9387d6f2f7,e0b7b370948096f4181a84cf299e5df228effbe80c2a4c7617b169b382c34bc3,ccb61feca0cd7015f9db007938897655ec11f1e7be647a84f677d6a4c7fa1de4,2026-09-30T17:56:08Z
SubmitPartialDecryption,186,518701f54bac77dc232801084db22ab2b95dea1d2bc2fcf360b1347d62cc95fb,80,a250223946e4eace5b3c8e49bfd8627dfde235833e75788cc65f3a9387d6f2f7,e0b7b370948096f4181a84cf299e5df228effbe80c2a4c7617b169b382c34bc3,ccb61feca0cd7015f9db007938897655ec11f1e7be647a84f677d6a4c7fa1de4,2026-09-30T17:56:08Z
SubmitPartialDecryption,191,0c405d5eaa583a15589a4b225282d939a377e2d0ca445fdfe358be3a6af09213,80,a250223946e4eace5b3c8e49bfd8627dfde235833e75788cc65f3a9387d6f2f7,e0b7b370948096f4181a84cf299e5df228effbe80c2a4c7617b169b382c34bc3,ccb61feca0cd7015f9db007938897655ec11f1e7be647a84f677d6a4c7fa1de4,2026-09-30T17:56:08Z
SubmitPartialDecryption,179,3c519677dd46ed7a8660ffd29104183020e7c337a26890c7f413e7d8af6310f4,80,a250223946e4eace5b3c8e49bfd8627dfde235833e75788cc65f3a9387d6f2f7,e0b7b370948096f4181a84cf299e5df228effbe80c2a4c7617b169b382c34bc3,ccb61feca0cd7015f9db007938897655ec11f1e7be647a84f677d6a4c7fa1de4,2026-09-30T17:56:08Z
SubmitPartialDecryption,189,b6ffb2ff875143492acedc1dc91ba0ab85ed9439ede7934769bc3ba5e73ef602,80,a250223946e4eace5b3c8e49bfd8627dfde235833e75788cc65f3a9387d6f2f7,e0b7b370948096f4181a84cf299e5df228effbe80c2a4c7617b169b382c34bc3,ccb61feca0cd7015f9db007938897655ec11f1e7be647a84f677d6a4c7fa1de4,2026-09-30T17:56:08Z
SubmitPartialDecryption,180,6e26fa53ccd9291c45fae3c57ba1b4060a37f01c0c614010db439437f3f05996,80,a250223946e4eace5b3c8e49bfd8627dfde235833e75788cc65f3a9387d6f2f7,e0b7b370948096f4181a84cf299e5df228effbe80c2a4c7617b169b382c34bc3,ccb61feca0cd7015f9db007938897655ec11f1e7be647a84f677d6a4c7fa1de4,2026-09-30T17:56:08Z
SubmitPartialDecryption,183,29b4b8a8fa8d6f18fcbb0306d34fc96f0c249b555bcca5b1beac90f34187577f,80,a250223946e4eace5b3c8e49bfd8627dfde235833e75788cc65f3a9387d6f2f7,e0b7b370948096f4181a84cf299e5df228effbe80c2a4c7617b169b382c34bc3,ccb61feca0cd7015f9db007938897655ec11f1e7be647a84f677d6a4c7fa1de4,2026-09-30T17:56:08Z
SubmitPartialDecryption,184,584431ec0beafd5ce8d44c5191ec1c2c85af4a588ca26b9198c272975e63eb2e,80,a250223946e4eace5b3c8e49bfd8627dfde235833e75788cc65f3a9387d6f2f7,e0b7b370948096f4181a84cf299e5df228effbe80c2a4c7617b169b382c34bc3,ccb61feca0cd7015f9db007938897655ec11f1e7be647a84f677d6a4c7fa1de4,2026-09-30T17:56:08Z
SubmitPartialDecryption,177,bae3337a229af9eaf8495ea86ef98bfe5c574b08931f88be7f87050ac082b9d7,80,a250223946e4eace5b3c8e49bfd8627dfde235833e75788cc65f3a9387d6f2f7,e0b7b370948096f4181a84cf299e5df228effbe80c2a4c7617b169b382c34bc3,ccb61feca0cd7015f9db007938897655ec11f1e7be647a84f677d6a4c7fa1de4,2026-09-30T17:56:08Z
SubmitPartialDecryption,181,76f44043380b1b3870e4286a89e4c9dbed2783e6c080ff96f7369bfcbcaa3bae,80,a250223946e4eace5b3c8e49bfd8627dfde235833e75788cc65f3a9387d6f2f7,e0b7b370948096f4181a84cf299e5df228effbe80c2a4c7617b169b382c34bc3,ccb61feca0cd7015f9db007938897655ec11f1e7be647a84f677d6a4c7fa1de4,2026-09-30T17:56:08Z
SubmitPartialDecryption,190,9ff589f6bc63fc3a1b86ad6a8074844ce6e907824e28528aa7e5c9dfe1e995e9,80,a250223946e4eace5b3c8e49bfd8627dfde235833e75788cc65f3a9387d6f2f7,e0b7b370948096f4181a84cf299e5df228effbe80c2a4c7617b169b382c34bc3,ccb61feca0cd7015f9db007938897655ec11f1e7be647a84f677d6a4c7fa1de4,2026-09-30T17:56:08Z
SubmitPartialDecryption,202,bf55cffb0cac1df9bd92be9c3987dedc8cee0d414a36de5aba111ff31214eced,81,8533ac057055659ee5f71430213adc06e7e28c4cc5f1aa862222a9258d4f58ea,e9060854a1b9c08ea8116843a723474b8fb58c49a58ff378b5ef60ce9e5d7966,a250223946e4eace5b3c8e49bfd8627dfde235833e75788cc65f3a9387d6f2f7,2026-09-30T17:56:10Z
SubmitPartialDecryption,193,2ef96aa100df08be9fc8e673b4e183ff02650246e9629e2bcec71a7479b217c2,81,8533ac057055659ee5f71430213adc06e7e28c4cc5f1aa862222a9258d4f58ea,e9060854a1b9c08ea8116843a723474b8fb58c49a58ff378b5ef60ce9e5d7966,a250223946e4eace5b3c8e49bfd8627dfde235833e75788cc65f3a9387d6f2f7,2026-09-30T17:56:10Z
SubmitPartialDecryption,198,1d8ef70e7dbce29dd7ca2169cb05381b06969ce5368d923fb785b5ca9fa9b536,81,8533ac057055659ee5f71430213adc06e7e28c4cc5f1aa862222a9258d4f58ea,e9060854a1b9c08ea8116843a723474b8fb58c49a58ff378b5ef60ce9e5d7966,a250223946e4eace5b3c8e49bfd8627dfde235833e75788cc65f3a9387d6f2f7,2026-09-30T17:56:10Z
SubmitPartialDecryption,206,2b899d25afb27a4229c19ac6d735ec6001bbc9ccb3954420dcd5c8c175025274,81,8533ac057055659ee5f71430213adc06e7e28c4cc5f1aa862222a9258d4f58ea,e9060854a1b9c08ea8116843a723474b8fb58c49a58ff378b5ef60ce9e5d7966,a250223946e4eace5b3c8e49bfd8627dfde235833e75788cc65f3a9387d6f2f7,2026-09-30T17:56:10Z
SubmitPartialDecryption,200,cc53c6dc385d4db62363a739d272ced64271d3b984a6339ebf86ba27ccda063f,81,8533ac057055659ee5f71430213adc06e7e28c4cc5f1aa862222a9258d4f58ea,e9060854a1b9c08ea8116843a723474b8fb58c49a58ff378b5ef60ce9e5d7966,a250223946e4eace5b3c8e49bfd8627dfde235833e75788cc65f3a9387d6f2f7,2026-09-30T17:56:10Z
SubmitPartialDecryption,196,35a2bc26183d7bab6e7fb832eff8180c2e6c10eca11615970766c6e15ed38437,81,8533ac057055659ee5f71430213adc06e7e28c4cc5f1aa862222a9258d4f58ea,e9060854a1b9c08ea8116843a723474b8fb58c49a58ff378b5ef60ce9e5d7966,a250223946e4eace5b3c8e49bfd8627dfde235833e75788cc65f3a9387d6f2f7,2026-09-30T17:56:10Z
SubmitPartialDecryption,192,bbbe98405fbc48fe09a4dc2d78e2d8f27deb1ff1a4fd040c6795c108b0b79680,81,8533ac057055659ee5f71430213adc06e7e28c4cc5f1aa862222a9258d4f58ea,e9060854a1b9c08ea8116843a723474b8fb58c49a58ff378b5ef60ce9e5d7966,a250223946e4eace5b3c8e49bfd8627dfde235833e75788cc65f3a9387d6f2f7,2026-09-30T17:56:10Z
SubmitPartialDecryption,201,00e9ed1cc21dcf5ecdd46fbf7a0d0af36c10c9b52a17f83e166697f852c7dbc6,81,8533ac057055659ee5f71430213adc06e7e28c4cc5f1aa862222a9258d4f58ea,e9060854a1b9c08ea8116843a723474b8fb58c49a58ff378b5ef60ce9e5d7966,a250223946e4eace5b3c8e49bfd8627dfde235833e75788cc65f3a9387d6f2f7,2026-09-30T17:56:10Z
SubmitPartialDecryption,207,2db6ad283426db8f6f18c4443655265efae7a59dbddcf1cdaf728951b71ed12d,81,8533ac057055659ee5f71430213adc06e7e28c4cc5f1aa862222a9258d4f58ea,e9060854a1b9c08ea8116843a723474b8fb58c49a58ff378b5ef60ce9e5d7966,a250223946e4eace5b3c8e49bfd8627dfde235833e75788cc65f3a9387d6f2f7,2026-09-30T17:56:10Z
SubmitPartialDecryption,203,c3e66f8a04cfc308d0bedf9a54e42c4550934d57d0f8f108a26769aefd3dfdd4,81,8533ac057055659ee5f71430213adc06e7e28c4cc5f1aa862222a9258d4f58ea,e9060854a1b9c08ea8116843a723474b8fb58c49a58ff378b5ef60ce9e5d7966,a250223946e4eace5b3c8e49bfd8627dfde235833e75788cc65f3a9387d6f2f7,2026-09-30T17:56:10Z
SubmitPartialDecryption,197,cbb1776e8bcc036b0437e4471228e620d539c86d3fad3ad39032aecbffe4ca0a,81,8533ac057055659ee5f71430213adc06e7e28c4cc5f1aa862222a9258d4f58ea,e9060854a1b9c08ea8116843a723474b8fb58c49a58ff378b5ef60ce9e5d7966,a250223946e4eace5b3c8e49bfd8627dfde235833e75788cc65f3a9387d6f2f7,2026-09-30T17:56:10Z
SubmitPartialDecryption,204,6be9dea9d11d0346b127810ca797e0704e4ce941486316b157c39b044658ae8a,81,8533ac057055659ee5f71430213adc06e7e28c4cc5f1aa862222a9258d4f58ea,e9060854a1b9c08ea8116843a723474b8fb58c49a58ff378b5ef60ce9e5d7966,a250223946e4eace5b3c8e49bfd8627dfde235833e75788cc65f3a9387d6f2f7,2026-09-30T17:56:10Z
SubmitPartialDecryption,205,44c7334ce3c79f2937d536571b834d29b1b33da6c8a9feba69cb3fe783d7b43b,81,8533ac057055659ee5f71430213adc06e7e28c4cc5f1aa862222a9258d4f58ea,e9060854a1b9c08ea8116843a723474b8fb58c49a58ff378b5ef60ce9e5d7966,a250223946e4eace5b3c8e49bfd8627dfde235833e75788cc65f3a9387d6f2f7,2026-09-30T17:56:10Z
SubmitPartialDecryption,194,63edbd804085e2bbdb7265b51960ed8c2ef450f7ecbfd3f3f9fc0bdb7c212823,81,8533ac057055659ee5f71430213adc06e7e28c4cc5f1aa862222a9258d4f58ea,e9060854a1b9c08ea8116843a723474b8fb58c49a58ff378b5ef60ce9e5d7966,a250223946e4eace5b3c8e49bfd8627dfde235833e75788cc65f3a9387d6f2f7,2026-09-30T17:56:10Z
SubmitPartialDecryption,195,7771b9fc2eaef27c61d981b540849305f6d125f17a54279d581674a9e6f21baa,81,8533ac057055659ee5f71430213adc06e7e28c4cc5f1aa862222a9258d4f58ea,e9060854a1b9c08ea8116843a723474b8fb58c49a58ff378b5ef60ce9e5d7966,a250223946e4eace5b3c8e49bfd8627dfde235833e75788cc65f3a9387d6f2f7,2026-09-30T17:56:10Z
SubmitPartialDecryption,199,3324791734018e0706319ddca67f9e6a19d188ee2a9a99690d3613150dfec81c,81,8533ac057055659ee5f71430213adc06e7e28c4cc5f1aa862222a9258d4f58ea,e9060854a1b9c08ea8116843a723474b8fb58c49a58ff378b5ef60ce9e5d7966,a250223946e4eace5b3c8e49bfd8627dfde235833e75788cc65f3a9387d6f2f7,2026-09-30T17:56:10Z
SubmitPartialDecryption,209,8378c6784fa9fead4699b96b83363d11d018c4e6b2f5cee8bb6974666dc2125c,82,032e174abdd72f0469170fdd1dfaaa82abe68ed021022a7efbbde3dba83621f7,e79bb433c7d86db60d90efa21c5929364e8d37e348a1d3fa3416f46e33035309,8533ac057055659ee5f71430213adc06e7e28c4cc5f1aa862222a9258d4f58ea,2026-09-30T17:56:12Z
SubmitPartialDecryption,215,eeddde11026b46b06d6b4dbc960f4be885993093a25fd2f6fee4f1995512628f,82,032e174abdd72f0469170fdd1dfaaa82abe68ed021022a7efbbde3dba83621f7,e79bb433c7d86db60d90efa21c5929364e8d37e348a1d3fa3416f46e33035309,8533ac057055659ee5f71430213adc06e7e28c4cc5f1aa862222a9258d4f58ea,2026-09-30T17:56:12Z
SubmitPartialDecryption,220,cbb50a13af52bec1fb907edf33f099348b9e6cd5e2b9493314b5e96ef3b60b4d,82,032e174abdd72f0469170fdd1dfaaa82abe68ed021022a7efbbde3dba83621f7,e79bb433c7d86db60d90efa21c5929364e8d37e348a1d3fa3416f46e33035309,8533ac057055659ee5f71430213adc06e7e28c4cc5f1aa862222a9258d4f58ea,2026-09-30T17:56:12Z
SubmitPartialDecryption,214,5fa0dd830b44e37a932bc9252dc729ff80a60e0a47e2436b7c4959ae8edb4144,82,032e174abdd72f0469170fdd1dfaaa82abe68ed021022a7efbbde3dba83621f7,e79bb433c7d86db60d90efa21c5929364e8d37e348a1d3fa3416f46e33035309,8533ac057055659ee5f71430213adc06e7e28c4cc5f1aa862222a9258d4f58ea,2026-09-30T17:56:12Z
SubmitPartialDecryption,223,38c7b80ff788e613de2c2d65996ce19e3c25e0585dbb22320534018cbeff8d31,82,032e174abdd72f0469170fdd1dfaaa82abe68ed021022a7efbbde3dba83621f7,e79bb433c7d86db60d90efa21c5929364e8d37e348a1d3fa3416f46e33035309,8533ac057055659ee5f71430213adc06e7e28c4cc5f1aa862222a9258d4f58ea,2026-09-30T17:56:12Z
SubmitPartialDecryption,217,2f24bb7bad0a7106729c27b80dfc2a767dabe38f115d0374c86b9975b8c62705,82,032e174abdd72f0469170fdd1dfaaa82abe68ed021022a7efbbde3dba83621f7,e79bb433c7d86db60d90efa21c5929364e8d37e348a1d3fa3416f46e33035309,8533ac057055659ee5f71430213adc06e7e28c4cc5f1aa862222a9258d4f58ea,2026-09-30T17:56:12Z
SubmitPartialDecryption,222,0c8a3cf942edea7b11f4a4b1e8e91a3c4454fb52463e19fe0b683216fbbaf279,82,032e174abdd72f0469170fdd1dfaaa82abe68ed021022a7efbbde3dba83621f7,e79bb433c7d86db60d90efa21c5929364e8d37e348a1d3fa3416f46e33035309,8533ac057055659ee5f71430213adc06e7e28c4cc5f1aa862222a9258d4f58ea,2026-09-30T17:56:12Z
SubmitPartialDecryption,219,c903bac7aa374fd882d9a2ed64f25acd1153815d1da54879e370a42350e2464f,82,032e174abdd72f0469170fdd1dfaaa82abe68ed021022a7efbbde3dba83621f7,e79bb433c7d86db60d90efa21c5929364e8d37e348a1d3fa3416f46e33035309,8533ac057055659ee5f71430213adc06e7e28c4cc5f1aa862222a9258d4f58ea,2026-09-30T17:56:12Z
SubmitPartialDecryption,210,4dc9a671ade4efff045a1cecb4aa38839c90ebc47e7cabb53c417de277cd7c25,82,032e174abdd72f0469170fdd1dfaaa82abe68ed021022a7efbbde3dba83621f7,e79bb433c7d86db60d90efa21c5929364e8d37e348a1d3fa3416f46e33035309,8533ac057055659ee5f71430213adc06e7e28c4cc5f1aa862222a9258d4f58ea,2026-09-30T17:56:12Z
SubmitPartialDecryption,212,6633ecbf954a834a2112b2e47ca029cda8369a9d81d8ed7924babffc574b0116,82,032e174abdd72f0469170fdd1dfaaa82abe68ed021022a7efbbde3dba83621f7,e79bb433c7d86db60d90efa21c5929364e8d37e348a1d3fa3416f46e33035309,8533ac057055659ee5f71430213adc06e7e28c4cc5f1aa862222a9258d4f58ea,2026-09-30T17:56:12Z
SubmitPartialDecryption,213,c937409d2f0f1ed21fc9c5b657a5596e76f2fc8f28e984ac5e27882581ecf6c0,82,032e174abdd72f0469170fdd1dfaaa82abe68ed021022a7efbbde3dba83621f7,e79bb433c7d86db60d90efa21c5929364e8d37e348a1d3fa3416f46e33035309,8533ac057055659ee5f71430213adc06e7e28c4cc5f1aa862222a9258d4f58ea,2026-09-30T17:56:12Z
SubmitPartialDecryption,208,a907773a5be6643c5167533e2d313f289590cd7a512e66297b11068a051814a9,82,032e174abdd72f0469170fdd1dfaaa82abe68ed021022a7efbbde3dba83621f7,e79bb433c7d86db60d90efa21c5929364e8d37e348a1d3fa3416f46e33035309,8533ac057055659ee5f71430213adc06e7e28c4cc5f1aa862222a9258d4f58ea,2026-09-30T17:56:12Z
SubmitPartialDecryption,221,59acf77d65a0087f47fa7ee32977a94ae79ec05b1e6b399e81a8b845e25cdbee,82,032e174abdd72f0469170fdd1dfaaa82abe68ed021022a7efbbde3dba83621f7,e79bb433c7d86db60d90efa21c5929364e8d37e348a1d3fa3416f46e33035309,8533ac057055659ee5f71430213adc06e7e28c4cc5f1aa862222a9258d4f58ea,2026-09-30T17:56:12Z
SubmitPartialDecryption,218,75df90b64d21884388d59caacf415a940cfe207b6048b30902c402bae0954716,82,032e174abdd72f0469170fdd1dfaaa82abe68ed021022a7efbbde3dba83621f7,e79bb433c7d86db60d90efa21c5929364e8d37e348a1d3fa3416f46e33035309,8533ac057055659ee5f71430213adc06e7e28c4cc5f1aa862222a9258d4f58ea,2026-09-30T17:56:12Z
SubmitPartialDecryption,216,3202d3bc200910a9598c04936f5e23977cb68958681bad776a80b540005e5d79,82,032e174abdd72f0469170fdd1dfaaa82abe68ed021022a7efbbde3dba83621f7,e79bb433c7d86db60d90efa21c5929364e8d37e348a1d3fa3416f46e33035309,8533ac057055659ee5f71430213adc06e7e28c4cc5f1aa862222a9258d4f58ea,2026-09-30T17:56:12Z
SubmitPartialDecryption,211,525513edad6aedfe1f4e3748d309a87592d0df54adfd89c03ec044193f3e68fe,82,032e174abdd72f0469170fdd1dfaaa82abe68ed021022a7efbbde3dba83621f7,e79bb433c7d86db60d90efa21c5929364e8d37e348a1d3fa3416f46e33035309,8533ac057055659ee5f71430213adc06e7e28c4cc5f1aa862222a9258d4f58ea,2026-09-30T17:56:12Z
SubmitPartialDecryption,236,5d3e828dc6164795c73bd25e23a10cfdeb59191959836d2bb0e9c0253ae8fd5c,83,40da8bc097f43b254a44dcdd3751b43de7ea728fdc9277cff48481007a6fdf1d,b21ab1730f8336a86375187d0d331bc4719d30d79190a1eba5bcc65a2a573240,032e174abdd72f0469170fdd1dfaaa82abe68ed021022a7efbbde3dba83621f7,2026-09-30T17:56:14Z
SubmitPartialDecryption,226,ed900352d3cc6faffd48ff86b6dd0544ddb067966d4d18dbc93d0027afcd4abd,83,40da8bc097f43b254a44dcdd3751b43de7ea728fdc9277cff48481007a6fdf1d,b21ab1730f8336a86375187d0d331bc4719d30d79190a1eba5bcc65a2a573240,032e174abdd72f0469170fdd1dfaaa82abe68ed021022a7efbbde3dba83621f7,2026-09-30T17:56:14Z
SubmitPartialDecryption,224,5b0acc001a6fd91d58c6a9915fb0d21c7cd808c080e43ea3b9a0801b1fb974fb,83,40da8bc097f43b254a44dcdd3751b43de7ea728fdc9277cff48481007a6fdf1d,b21ab1730f8336a86375187d0d331bc4719d30d79190a1eba5bcc65a2a573240,032e174abdd72f0469170fdd1dfaaa82abe68ed021022a7efbbde3dba83621f7,2026-09-30T17:56:14Z
SubmitPartialDecryption,229,c41e322b52764469599d3f59a2482c7b4caeeb1f23fcc1aef4978f730ece3583,83,40da8bc097f43b254a44dcdd3751b43de7ea728fdc9277cff48481007a6fdf1d,b21ab1730f8336a86375187d0d331bc4719d30d79190a1eba5bcc65a2a573240,032e174abdd72f0469170fdd1dfaaa82abe68ed021022a7efbbde3dba83621f7,2026-09-30T17:56:14Z
SubmitPartialDecryption,235,7b41989f2097d56ccac8adc19950a5c3d79307685a9794fc688105e6f020a401,83,40da8bc097f43b254a44dcdd3751b43de7ea728fdc9277cff48481007a6fdf1d,b21ab1730f8336a86375187d0d331bc4719d30d79190a1eba5bcc65a2a573240,032e174abdd72f0469170fdd1dfaaa82abe68ed021022a7efbbde3dba83621f7,2026-09-30T17:56:14Z
SubmitPartialDecryption,232,b12f12e6be2757201225ca4ca9c4bc167120beec05537c75ee9eb4598947d4b7,83,40da8bc097f43b254a44dcdd3751b43de7ea728fdc9277cff48481007a6fdf1d,b21ab1730f8336a86375187d0d331bc4719d30d79190a1eba5bcc65a2a573240,032e174abdd72f0469170fdd1dfaaa82abe68ed021022a7efbbde3dba83621f7,2026-09-30T17:56:14Z
SubmitPartialDecryption,233,8788afa54a9583cae8a5fc48ebce53acae83a1bcc4d2fc2eb2d230c7b1c732f3,83,40da8bc097f43b254a44dcdd3751b43de7ea728fdc9277cff48481007a6fdf1d,b21ab1730f8336a86375187d0d331bc4719d30d79190a1eba5bcc65a2a573240,032e174abdd72f0469170fdd1dfaaa82abe68ed021022a7efbbde3dba83621f7,2026-09-30T17:56:14Z
SubmitPartialDecryption,237,9e9df3bc30dac1d88a60798867324019a5473a47caa98612e4a1f80e08fd98e3,83,40da8bc097f43b254a44dcdd3751b43de7ea728fdc9277cff48481007a6fdf1d,b21ab1730f8336a86375187d0d331bc4719d30d79190a1eba5bcc65a2a573240,032e174abdd72f0469170fdd1dfaaa82abe68ed021022a7efbbde3dba83621f7,2026-09-30T17:56:14Z
SubmitPartialDecryption,227,f8fe30f3acb337903d2c003e030905825b86bfd1ca43a20cb1a8f04b54efb778,83,40da8bc097f43b254a44dcdd3751b43de7ea728fdc9277cff48481007a6fdf1d,b21ab1730f8336a86375187d0d331bc4719d30d79190a1eba5bcc65a2a573240,032e174abdd72f0469170fdd1dfaaa82abe68ed021022a7efbbde3dba83621f7,2026-09-30T17:56:14Z
SubmitPartialDecryption,225,b1293553d33dfb13e81b7edae84dae3b74f43504084a39daf6645a7329706352,83,40da8bc097f43b254a44dcdd3751b43de7ea728fdc9277cff48481007a6fdf1d,b21ab1730f8336a86375187d0d331bc4719d30d79190a1eba5bcc65a2a573240,032e174abdd72f0469170fdd1dfaaa82abe68ed021022a7efbbde3dba83621f7,2026-09-30T17:56:14Z
SubmitPartialDecryption,231,b1831f08da383e65e30f54fcc4dd85731088087c2c9a8216f24a87243e71291a,83,40da8bc097f43b254a44dcdd3751b43de7ea728fdc9277cff48481007a6fdf1d,b21ab1730f8336a86375187d0d331bc4719d30d79190a1eba5bcc65a2a573240,032e174abdd72f0469170fdd1dfaaa82abe68ed021022a7efbbde3dba83621f7,2026-09-30T17:56:14Z
SubmitPartialDecryption,239,6280fa3390822ab5dc7b98d43d8e2a14f01eb0313a63759003e6da840d395305,83,40da8bc097f43b254a44dcdd3751b43de7ea728fdc9277cff48481007a6fdf1d,b21ab1730f8336a86375187d0d331bc4719d30d79190a1eba5bcc65a2a573240,032e174abdd72f0469170fdd1dfaaa82abe68ed021022a7efbbde3dba83621f7,2026-09-30T17:56:14Z
SubmitPartialDecryption,230,5d4842427145ea766a7af248f31d19751c674b2ba8c891583b3d13ef1ce12cf5,83,40da8bc097f43b254a44dcdd3751b43de7ea728fdc9277cff48481007a6fdf1d,b21ab1730f8336a86375187d0d331bc4719d30d79190a1eba5bcc65a2a573240,032e174abdd72f0469170fdd1dfaaa82abe68ed021022a7efbbde3dba83621f7,2026-09-30T17:56:14Z
SubmitPartialDecryption,234,dc9a7a35c0c613e11a15b0027871367b9947d3c156d2b2526f875ee1d2f85636,83,40da8bc097f43b254a44dcdd3751b43de7ea728fdc9277cff48481007a6fdf1d,b21ab1730f8336a86375187d0d331bc4719d30d79190a1eba5bcc65a2a573240,032e174abdd72f0469170fdd1dfaaa82abe68ed021022a7efbbde3dba83621f7,2026-09-30T17:56:14Z
SubmitPartialDecryption,238,851592c19d852811c9a0e865e8765aa650c1028c5c1ad36f153b9e0e7d401738,83,40da8bc097f43b254a44dcdd3751b43de7ea728fdc9277cff48481007a6fdf1d,b21ab1730f8336a86375187d0d331bc4719d30d79190a1eba5bcc65a2a573240,032e174abdd72f0469170fdd1dfaaa82abe68ed021022a7efbbde3dba83621f7,2026-09-30T17:56:14Z
SubmitPartialDecryption,228,7e59d0438185d8ff24c015bf4677294c2560059739786cb1d729b9f124275c71,83,40da8bc097f43b254a44dcdd3751b43de7ea728fdc9277cff48481007a6fdf1d,b21ab1730f8336a86375187d0d331bc4719d30d79190a1eba5bcc65a2a573240,032e174abdd72f0469170fdd1dfaaa82abe68ed021022a7efbbde3dba83621f7,2026-09-30T17:56:14Z
SubmitPartialDecryption,254,06cc4f55cc2ed0d5cbcc07968703fc0e6f655c27598368bb19483e06f2cc72dd,84,bdf526275c901882a672811571dc3e42462c0ddfb0c846aa9031b44e15e49610,a850fbd5b959415911ba9fd9b381e32fff521a3a2bd2bb67c143ebb80549e144,40da8bc097f43b254a44dcdd3751b43de7ea728fdc9277cff48481007a6fdf1d,2026-09-30T17:56:16Z
SubmitPartialDecryption,251,ec69bb0a2d50ca6dada64506a0f2783efc3886e1710cd58debdc5f5fb72bc234,84,bdf526275c901882a672811571dc3e42462c0ddfb0c846aa9031b44e15e49610,a850fbd5b959415911ba9fd9b381e32fff521a3a2bd2bb67c143ebb80549e144,40da8bc097f43b254a44dcdd3751b43de7ea728fdc9277cff48481007a6fdf1d,2026-09-30T17:56:16Z
SubmitPartialDecryption,246,cb4bdafec09769797abcb3c3c3d48053cfda3d1fd4fe97983e04da6008ee46d8,84,bdf526275c901882a672811571dc3e42462c0ddfb0c846aa9031b44e15e49610,a850fbd5b959415911ba9fd9b381e32fff521a3a2bd2bb67c143ebb80549e144,40da8bc097f43b254a44dcdd3751b43de7ea728fdc9277cff48481007a6fdf1d,2026-09-30T17:56:16Z
SubmitPartialDecryption,248,b0c0240c2626a6dc1633d5ce4cddc768910fcde1c89085f8d8608244bede99da,84,bdf526275c901882a672811571dc3e42462c0ddfb0c846aa9031b44e15e49610,a850fbd5b959415911ba9fd9b381e32fff521a3a2bd2bb67c143ebb80549e144,40da8bc097f43b254a44dcdd3751b43de7ea728fdc9277cff48481007a6fdf1d,2026-09-30T17:56:16Z
SubmitPartialDecryption,240,88a92c35c1755a8424bcd47116a5987c86f9e071a2d23054cb6d0c13fb516603,84,bdf526275c901882a672811571dc3e42462c0ddfb0c846aa9031b44e15e49610,a850fbd5b959415911ba9fd9b381e32fff521a3a2bd2bb67c143ebb80549e144,40da8bc097f43b254a44dcdd3751b43de7ea728fdc9277cff48481007a6fdf1d,2026-09-30T17:56:16Z
SubmitPartialDecryption,242,c1fce755deb7ad5da6e39e48ea0906d83629fb86d531e2fa572304c2c5367397,84,bdf526275c901882a672811571dc3e42462c0ddfb0c846aa9031b44e15e49610,a850fbd5b959415911ba9fd9b381e32fff521a3a2bd2bb67c143ebb80549e144,40da8bc097f43b254a44dcdd3751b43de7ea728fdc9277cff48481007a6fdf1d,2026-09-30T17:56:16Z
SubmitPartialDecryption,249,8b7f575056c65233fee4f3d1802ff979aa2ecc31d2d7b5672402b03b5837bd4b,84,bdf526275c901882a672811571dc3e42462c0ddfb0c846aa9031b44e15e49610,a850fbd5b959415911ba9fd9b381e32fff521a3a2bd2bb67c143ebb80549e144,40da8bc097f43b254a44dcdd3751b43de7ea728fdc9277cff48481007a6fdf1d,2026-09-30T17:56:16Z
SubmitPartialDecryption,243,91bdfa8cfd00f44ba1bd999336d798d5a18ba7706d3a0fa745a64da8525c92fa,84,bdf526275c901882a672811571dc3e42462c0ddfb0c846aa9031b44e15e49610,a850fbd5b959415911ba9fd9b381e32fff521a3a2bd2bb67c143ebb80549e144,40da8bc097f43b254a44dcdd3751b43de7ea728fdc9277cff48481007a6fdf1d,2026-09-30T17:56:16Z
SubmitPartialDecryption,252,0e48ec5028bf69820d005d43ca7e311e9bbb4d007aad06edf7a704081c7feead,84,bdf526275c901882a672811571dc3e42462c0ddfb0c846aa9031b44e15e49610,a850fbd5b959415911ba9fd9b381e32fff521a3a2bd2bb67c143ebb80549e144,40da8bc097f43b254a44dcdd3751b43de7ea728fdc9277cff48481007a6fdf1d,2026-09-30T17:56:16Z
SubmitPartialDecryption,255,bceb46736e5379d595461cba2f8db45098ca44bef0e57039165ed1484751ff2b,84,bdf526275c901882a672811571dc3e42462c0ddfb0c846aa9031b44e15e49610,a850fbd5b959415911ba9fd9b381e32fff521a3a2bd2bb67c143ebb80549e144,40da8bc097f43b254a44dcdd3751b43de7ea728fdc9277cff48481007a6fdf1d,2026-09-30T17:56:16Z
SubmitPartialDecryption,250,64e6504e1ab3ac013982491b681c1e9cf9adaeccd7dba56cc9d71b5ba354d9c5,84,bdf526275c901882a672811571dc3e42462c0ddfb0c846aa9031b44e15e49610,a850fbd5b959415911ba9fd9b381e32fff521a3a2bd2bb67c143ebb80549e144,40da8bc097f43b254a44dcdd3751b43de7ea728fdc9277cff48481007a6fdf1d,2026-09-30T17:56:16Z
SubmitPartialDecryption,253,f2fe9e0e89efc4dcdc0d033524566f5786c3bebdf406ea9ae8242b34919eadb6,84,bdf526275c901882a672811571dc3e42462c0ddfb0c846aa9031b44e15e49610,a850fbd5b959415911ba9fd9b381e32fff521a3a2bd2bb67c143ebb80549e144,40da8bc097f43b254a44dcdd3751b43de7ea728fdc9277cff48481007a6fdf1d,2026-09-30T17:56:16Z
SubmitPartialDecryption,244,1089ff3074df263b878388d0bbd2f8462ed1771a499c400ba997eb1ab60c3da1,84,bdf526275c901882a672811571dc3e42462c0ddfb0c846aa9031b44e15e49610,a850fbd5b959415911ba9fd9b381e32fff521a3a2bd2bb67c143ebb80549e144,40da8bc097f43b254a44dcdd3751b43de7ea728fdc9277cff48481007a6fdf1d,2026-09-30T17:56:16Z
SubmitPartialDecryption,241,0425219dc1ea61c3f649b539dfd97bdcac01319493f16b8f2fd24b4b477e87b4,84,bdf526275c901882a672811571dc3e42462c0ddfb0c846aa9031b44e15e49610,a850fbd5b959415911ba9fd9b381e32fff521a3a2bd2bb67c143ebb80549e144,40da8bc097f43b254a44dcdd3751b43de7ea728fdc9277cff48481007a6fdf1d,2026-09-30T17:56:16Z
SubmitPartialDecryption,245,71e40b6629ffca0123e2f4e6664e89610d20643f78f1b7f9fe04bc530a159bb0,84,bdf526275c901882a672811571dc3e42462c0ddfb0c846aa9031b44e15e49610,a850fbd5b959415911ba9fd9b381e32fff521a3a2bd2bb67c143ebb80549e144,40da8bc097f43b254a44dcdd3751b43de7ea728fdc9277cff48481007a6fdf1d,2026-09-30T17:56:16Z
SubmitPartialDecryption,247,83ddce6c2529838736af61ec9c80b44507e408037cb5f46b3c78a1dbebb2b530,84,bdf526275c901882a672811571dc3e42462c0ddfb0c846aa9031b44e15e49610,a850fbd5b959415911ba9fd9b381e32fff521a3a2bd2bb67c143ebb80549e144,40da8bc097f43b254a44dcdd3751b43de7ea728fdc9277cff48481007a6fdf1d,2026-09-30T17:56:16Z
SubmitPartialDecryption,266,56a454bdbc72c12861ca27ed6e770feddbbe647e17d801967bb2ca5e0b33db01,85,0eb232c917dcdc25c5479c2cd0a7a212e4bc229bd82601a50fb4578f16d19fc0,cca18018a7a23a6b24ebad6cf40014dad4e8b667004e9820ef8698160e4bcc0b,bdf526275c901882a672811571dc3e42462c0ddfb0c846aa9031b44e15e49610,2026-09-30T17:56:18Z
SubmitPartialDecryption,257,67ac7001c3964580389d50603874ceb090cba53c88c4ec395822ed0fa678ca82,85,0eb232c917dcdc25c5479c2cd0a7a212e4bc229bd82601a50fb4578f16d19fc0,cca18018a7a23a6b24ebad6cf40014dad4e8b667004e9820ef8698160e4bcc0b,bdf526275c901882a672811571dc3e42462c0ddfb0c846aa9031b44e15e49610,2026-09-30T17:56:18Z
SubmitPartialDecryption,263,b64d2296796de4b6898dfe77aed1aa42ba3ab4514ab5f0e0e193d5697835460b,85,0eb232c917dcdc25c5479c2cd0a7a212e4bc229bd82601a50fb4578f16d19fc0,cca18018a7a23a6b24ebad6cf40014dad4e8b667004e9820ef8698160e4bcc0b,bdf526275c901882a672811571dc3e42462c0ddfb0c846aa9031b44e15e49610,2026-09-30T17:56:18Z
SubmitPartialDecryption,270,1c5a88a409ae913118e573aa8bcea08dd6357b4dbc8301c961633e98516f9764,85,0eb232c917dcdc25c5479c2cd0a7a212e4bc229bd82601a50fb4578f16d19fc0,cca18018a7a23a6b24ebad6cf40014dad4e8b667004e9820ef8698160e4bcc0b,bdf526275c901882a672811571dc3e42462c0ddfb0c846aa9031b44e15e49610,2026-09-30T17:56:18Z
SubmitPartialDecryption,261,456b137da0d5f24db23bbc43cad8725af0fe55230dcf2c4a508c9aedaf0a1255,85,0eb232c917dcdc25c5479c2cd0a7a212e4bc229bd82601a50fb4578f16d19fc0,cca18018a7a23a6b24ebad6cf40014dad4e8b667004e9820ef8698160e4bcc0b,bdf526275c901882a672811571dc3e42462c0ddfb0c846aa9031b44e15e49610,2026-09-30T17:56:18Z
SubmitPartialDecryption,267,8fb8e67d2eab07daed378c228cff91a6cbeab4ab6479b9d2fa1e9ef2146fd0c2,85,0eb232c917dcdc25c5479c2cd0a7a212e4bc229bd82601a50fb4578f16d19fc0,cca18018a7a23a6b24ebad6cf40014dad4e8b667004e9820ef8698160e4bcc0b,bdf526275c901882a672811571dc3e42462c0ddfb0c846aa9031b44e15e49610,2026-09-30T17:56:18Z
SubmitPartialDecryption,258,3199a96e8e532d1bcc0befc5e230449d73e37a3db1763380e6b7d6b87eb925f1,85,0eb232c917dcdc25c5479c2cd0a7a212e4bc229bd82601a50fb4578f16d19fc0,cca18018a7a23a6b24ebad6cf40014dad4e8b667004e9820ef8698160e4bcc0b,bdf526275c901882a672811571dc3e42462c0ddfb0c846aa9031b44e15e49610,2026-09-30T17:56:18Z
SubmitPartialDecryption,271,e607f9bcb5a85b81f3143b64d8f53e521a9257b93051408e3febb915933172ab,85,0eb232c917dcdc25c5479c2cd0a7a212e4bc229bd82601a50fb4578f16d19fc0,cca18018a7a23a6b24ebad6cf40014dad4e8b667004e9820ef8698160e4bcc0b,bdf526275c901882a672811571dc3e42462c0ddfb0c846aa9031b44e15e49610,2026-09-30T17:56:18Z
SubmitPartialDecryption,259,b0bcfd2630257359750f4d0c2aaa44a0f6362fcac202b9a7c5c3ce9be6da8496,85,0eb232c917dcdc25c5479c2cd0a7a212e4bc229bd82601a50fb4578f16d19fc0,cca18018a7a23a6b24ebad6cf40014dad4e8b667004e9820ef8698160e4bcc0b,bdf526275c901882a672811571dc3e42462c0ddfb0c846aa9031b44e15e49610,2026-09-30T17:56:18Z
SubmitPartialDecryption,269,f5e8bd9313131e90d4d52447f4afed04d44877134a1f39c8ad34f072fbd47d1d,85,0eb232c917dcdc25c5479c2cd0a7a212e4bc229bd82601a50fb4578f16d19fc0,cca18018a7a23a6b24ebad6cf40014dad4e8b667004e9820ef8698160e4bcc0b,bdf526275c901882a672811571dc3e42462c0ddfb0c846aa9031b44e15e49610,2026-09-30T17:56:18Z
SubmitPartialDecryption,262,2b118f5c80dd359c06ef3a33b8c9bf9811246d26d01ca7316c2c1758e598f184,85,0eb232c917dcdc25c5479c2cd0a7a212e4bc229bd82601a50fb4578f16d19fc0,cca18018a7a23a6b24ebad6cf40014dad4e8b667004e9820ef8698160e4bcc0b,bdf526275c901882a672811571dc3e42462c0ddfb0c846aa9031b44e15e49610,2026-09-30T17:56:18Z
SubmitPartialDecryption,264,4129c53c4dc5e7a2ccd5f92a3fb9c7ed387a8ad0963d3f857a1d1bec0da85089,85,0eb232c917dcdc25c5479c2cd0a7a212e4bc229bd82601a50fb4578f16d19fc0,cca18018a7a23a6b24ebad6cf40014dad4e8b667004e9820ef8698160e4bcc0b,bdf526275c901882a672811571dc3e42462c0ddfb0c846aa9031b44e15e49610,2026-09-30T17:56:18Z
SubmitPartialDecryption,256,3b987b11ca39de7d9330abf603dd1f6959db8eb6110342d0dc0bebc7240f214e,85,0eb232c917dcdc25c5479c2cd0a7a212e4bc229bd82601a50fb4578f16d19fc0,cca18018a7a23a6b24ebad6cf40014dad4e8b667004e9820ef8698160e4bcc0b,bdf526275c901882a672811571dc3e42462c0ddfb0c846aa9031b44e15e49610,2026-09-30T17:56:18Z
SubmitPartialDecryption,260,b5f5a6e2ebc56f20d6ddc317caffde14fd587dcbda1d6c50c81be9389e7024a9,85,0eb232c917dcdc25c5479c2cd0a7a212e4bc229bd82601a50fb4578f16d19fc0,cca18018a7a23a6b24ebad6cf40014dad4e8b667004e9820ef8698160e4bcc0b,bdf526275c901882a672811571dc3e42462c0ddfb0c846aa9031b44e15e49610,2026-09-30T17:56:18Z
SubmitPartialDecryption,265,0f770684c2c9500a4bb2774a2bd23c6021c910eb84562f1874d7de6da46274fc,85,0eb232c917dcdc25c5479c2cd0a7a212e4bc229bd82601a50fb4578f16d19fc0,cca18018a7a23a6b24ebad6cf40014dad4e8b667004e9820ef8698160e4bcc0b,bdf526275c901882a672811571dc3e42462c0ddfb0c846aa9031b44e15e49610,2026-09-30T17:56:18Z
SubmitPartialDecryption,268,5c0065d6d4f9172aebfc749f08a562d1890bee723012c642b7d6dbef7003bf0f,85,0eb232c917dcdc25c5479c2cd0a7a212e4bc229bd82601a50fb4578f16d19fc0,cca18018a7a23a6b24ebad6cf40014dad4e8b667004e9820ef8698160e4bcc0b,bdf526275c901882a672811571dc3e42462c0ddfb0c846aa9031b44e15e49610,2026-09-30T17:56:18Z
SubmitPartialDecryption,278,3690ac81fb689cb339293e1c99e917aade6283ebc487717160c64b7d80eb5315,86,8edfe8d845e46f2d8c805295f32df8bf4c535073d1df947a315f6c09b9de7946,3f8c401c14dc0d1e45108eee709776eac80b673a2e6d670df53cf38660e8b9ba,0eb232c917dcdc25c5479c2cd0a7a212e4bc229bd82601a50fb4578f16d19fc0,2026-09-30T17:56:20Z
SubmitPartialDecryption,286,5e77ec43c3ec28867d23a0f7d4f2daf7517093c46071e3448f5b54016ac58eb7,86,8edfe8d845e46f2d8c805295f32df8bf4c535073d1df947a315f6c09b9de7946,3f8c401c14dc0d1e45108eee709776eac80b673a2e6d670df53cf38660e8b9ba,0eb232c917dcdc25c5479c2cd0a7a212e4bc229bd82601a50fb4578f16d19fc0,2026-09-30T17:56:20Z
SubmitPartialDecryption,275,05a76d2fde814ee036c5f6cd0d3e5f3c4fed6549ef175596cf986585325cb799,86,8edfe8d845e46f2d8c805295f32df8bf4c535073d1df947a315f6c09b9de7946,3f8c401c14dc0d1e45108eee709776eac80b673a2e6d670df53cf38660e8b9ba,0eb232c917dcdc25c5479c2cd0a7a212e4bc229bd82601a50fb4578f16d19fc0,2026-09-30T17:56:20Z
SubmitPartialDecryption,280,358085368824bbd7d39b070dff302b1d91e0568ab3f8dd6ae4266aae8c81ed8f,86,8edfe8d845e46f2d8c805295f32df8bf4c535073d1df947a315f6c09b9de7946,3f8c401c14dc0d1e45108eee709776eac80b673a2e6d670df53cf38660e8b9ba,0eb232c917dcdc25c5479c2cd0a7a212e4bc229bd82601a50fb4578f16d19fc0,2026-09-30T17:56:20Z
SubmitPartialDecryption,276,868117f617fa40567abf4b38714fc2edaa5eb8bc58d92855e8d01acf1be006b7,86,8edfe8d845e46f2d8c805295f32df8bf4c535073d1df947a315f6c09b9de7946,3f8c401c14dc0d1e45108eee709776eac80b673a2e6d670df53cf38660e8b9ba,0eb232c917dcdc25c5479c2cd0a7a212e4bc229bd82601a50fb4578f16d19fc0,2026-09-30T17:56:20Z
SubmitPartialDecryption,283,42ab05ea42cbea16e9323cf6348fe06dbed4110c6b7d21d1e40d1430e0e768b7,86,8edfe8d845e46f2d8c805295f32df8bf4c535073d1df947a315f6c09b9de7946,3f8c401c14dc0d1e45108eee709776eac80b673a2e6d670df53cf38660e8b9ba,0eb232c917dcdc25c5479c2cd0a7a212e4bc229bd82601a50fb4578f16d19fc0,2026-09-30T17:56:20Z
SubmitPartialDecryption,282,a01c299a4982202be16cad41a354bcfb865f65fe66f88bee4dbb0f68dd962c80,86,8edfe8d845e46f2d8c805295f32df8bf4c535073d1df947a315f6c09b9de7946,3f8c401c14dc0d1e45108eee709776eac80b673a2e6d670df53cf38660e8b9ba,0eb232c917dcdc25c5479c2cd0a7a212e4bc229bd82601a50fb4578f16d19fc0,2026-09-30T17:56:20Z
SubmitPartialDecryption,279,4439c3916ce415c3cc8748a061245a1e0a6f7c5f0d4db4f19d968310366d3a8b,86,8edfe8d845e46f2d8c805295f32df8bf4c535073d1df947a315f6c09b9de7946,3f8c401c14dc0d1e45108eee709776eac80b673a2e6d670df53cf38660e8b9ba,0eb232c917dcdc25c5479c2cd0a7a212e4bc229bd82601a50fb4578f16d19fc0,2026-09-30T17:56:20Z
SubmitPartialDecryption,284,0ad01388025f1b0cba1ce64cdcf5739c957a2b8ce36476e242f3d20c08f0b80a,86,8edfe8d845e46f2d8c805295f32df8bf4c535073d1df947a315f6c09b9de7946,3f8c401c14dc0d1e45108eee709776eac80b673a2e6d670df53cf38660e8b9ba,0eb232c917dcdc25c5479c2cd0a7a212e4bc229bd82601a50fb4578f16d19fc0,2026-09-30T17:56:20Z
SubmitPartialDecryption,272,ba6c8153501ca806d3e76a3bd46fbcf692c5e442495f4aa23adab874ee3260ff,86,8edfe8d845e46f2d8c805295f32df8bf4c535073d1df947a315f6c09b9de7946,3f8c401c14dc0d1e45108eee709776eac80b673a2e6d670df53cf38660e8b9ba,0eb232c917dcdc25c5479c2cd0a7a212e4bc229bd82601a50fb4578f16d19fc0,2026-09-30T17:56:20Z
SubmitPartialDecryption,273,b3954c129f18921d11e3ad3887eb06a0a9e1c37ee4d5ad60e0accf884e5ae6a5,86,8edfe8d845e46f2d8c805295f32df8bf4c535073d1df947a315f6c09b9de7946,3f8c401c14dc0d1e45108eee709776eac80b673a2e6d670df53cf38660e8b9ba,0eb232c917dcdc25c5479c2cd0a7a212e4bc229bd82601a50fb4578f16d19fc0,2026-09-30T17:56:20Z
SubmitPartialDecryption,281,f9826a719b8ac1533d8879d0c1926cb280a9780c0bc9a085fbfc7434999b9a05,86,8edfe8d845e46f2d8c805295f32df8bf4c535073d1df947a315f6c09b9de7946,3f8c401c14dc0d1e45108eee709776eac80b673a2e6d670df53cf38660e8b9ba,0eb232c917dcdc25c5479c2cd0a7a212e4bc229bd82601a50fb4578f16d19fc0,2026-09-30T17:56:20Z
SubmitPartialDecryption,274,a74a4220d62ff3e2e000d2ad88c89205a529410295ec9e9b3f2ad12c359b71f9,86,8edfe8d845e46f2d8c805295f32df8bf4c535073d1df947a315f6c09b9de7946,3f8c401c14dc0d1e45108eee709776eac80b673a2e6d670df53cf38660e8b9ba,0eb232c917dcdc25c5479c2cd0a7a212e4bc229bd82601a50fb4578f16d19fc0,2026-09-30T17:56:20Z
SubmitPartialDecryption,287,cbc6c760697dd89404a186219aae88eac56d7494fd4d6df5d0fa82aaf162356d,86,8edfe8d845e46f2d8c805295f32df8bf4c535073d1df947a315f6c09b9de7946,3f8c401c14dc0d1e45108eee709776eac80b673a2e6d670df53cf38660e8b9ba,0eb232c917dcdc25c5479c2cd0a7a212e4bc229bd82601a50fb4578f16d19fc0,2026-09-30T17:56:20Z
SubmitPartialDecryption,285,26a6ea1deb43a22e1e5e1252f83b341af00be2fea9272c3289f42b99ba23213b,86,8edfe8d845e46f2d8c805295f32df8bf4c535073d1df947a315f6c09b9de7946,3f8c401c14dc0d1e45108eee709776eac80b673a2e6d670df53cf38660e8b9ba,0eb232c917dcdc25c5479c2cd0a7a212e4bc229bd82601a50fb4578f16d19fc0,2026-09-30T17:56:20Z
SubmitPartialDecryption,277,192f735d3e562feb76d270a1f28e6b1a0458971305a738b03027f458a8f918be,86,8edfe8d845e46f2d8c805295f32df8bf4c535073d1df947a315f6c09b9de7946,3f8c401c14dc0d1e45108eee709776eac80b673a2e6d670df53cf38660e8b9ba,0eb232c917dcdc25c5479c2cd0a7a212e4bc229bd82601a50fb4578f16d19fc0,2026-09-30T17:56:20Z
SubmitPartialDecryption,297,4ae926a7d1dcadfdd37a577a437c7cb7e87df74e29f1f2207c6135933a8f3ba4,87,dc6e70196768559d7df10dbe632ea532e733f618f6f2d13aff6c7b2f9de725ca,b477b939f15c4282daebe2cff435c648b104783a4019c7f287ea02929abd23b6,8edfe8d845e46f2d8c805295f32df8bf4c535073d1df947a315f6c09b9de7946,2026-09-30T17:56:22Z
SubmitPartialDecryption,290,83756bc601f3ee20c1fb217549837ee5b1b9c18c1b27232c8779119e8bb0c1cb,87,dc6e70196768559d7df10dbe632ea532e733f618f6f2d13aff6c7b2f9de725ca,b477b939f15c4282daebe2cff435c648b104783a4019c7f287ea02929abd23b6,8edfe8d845e46f2d8c805295f32df8bf4c535073d1df947a315f6c09b9de7946,2026-09-30T17:56:22Z
SubmitPartialDecryption,296,fed4867c0195551491c81887a5233f7708e9fb8ac637b536cda46e90e116f475,87,dc6e70196768559d7df10dbe632ea532e733f618f6f2d13aff6c7b2f9de725ca,b477b939f15c4282daebe2cff435c648b104783a4019c7f287ea02929abd23b6,8edfe8d845e46f2d8c805295f32df8bf4c535073d1df947a315f6c09b9de7946,2026-09-30T17:56:22Z
SubmitPartialDecryption,291,614c28d9b2d56631057398c3e6f6e0c7cc9a9d087c7ef7e732e099046ec60396,87,dc6e70196768559d7df10dbe632ea532e733f618f6f2d13aff6c7b2f9de725ca,b477b939f15c4282daebe2cff435c648b104783a4019c7f287ea02929abd23b6,8edfe8d845e46f2d8c805295f32df8bf4c535073d1df947a315f6c09b9de7946,2026-09-30T17:56:22Z
SubmitPartialDecryption,288,f4e78eee7b65b5f757371495f2f11445a72a8c4378a663f349639641d3f339b0,87,dc6e70196768559d7df10dbe632ea532e733f618f6f2d13aff6c7b2f9de725ca,b477b939f15c4282daebe2cff435c648b104783a4019c7f287ea02929abd23b6,8edfe8d845e46f2d8c805295f32df8bf4c535073d1df947a315f6c09b9de7946,2026-09-30T17:56:22Z
SubmitPartialDecryption,303,3331cc7a5645d5d61af4c6809f20d8744a41dbbc2a78726c5ccb782bbc3d9ae1,87,dc6e70196768559d7df10dbe632ea532e733f618f6f2d13aff6c7b2f9de725ca,b477b939f15c4282daebe2cff435c648b104783a4019c7f287ea02929abd23b6,8edfe8d845e46f2d8c805295f32df8bf4c535073d1df947a315f6c09b9de7946,2026-09-30T17:56:22Z
SubmitPartialDecryption,302,4190030c2b44f533b70421c2c5c68ae95ce70db6066eea273d10293b7d2aa538,87,dc6e70196768559d7df10dbe632ea532e733f618f6f2d13aff6c7b2f9de725ca,b477b939f15c4282daebe2cff435c648b104783a4019c7f287ea02929abd23b6,8edfe8d845e46f2d8c805295f32df8bf4c535073d1df947a315f6c09b9de7946,2026-09-30T17:56:22Z
SubmitPartialDecryption,292,81c8f453e4e8756581da6a923c75931d4f608f562003ce5f91ffc3767fc7d53e,87,dc6e70196768559d7df10dbe632ea532e733f618f6f2d13aff6c7b2f9de725ca,b477b939f15c4282daebe2cff435c648b104783a4019c7f287ea02929abd23b6,8edfe8d845e46f2d8c805295f32df8bf4c535073d1df947a315f6c09b9de7946,2026-09-30T17:56:22Z
SubmitPartialDecryption,301,5d1175205f2f52a4d61154de9bc361a473e6adf314545e11b0567f0fab58c325,87,dc6e70196768559d7df10dbe632ea532e733f618f6f2d13aff6c7b2f9de725ca,b477b939f15c4282daebe2cff435c648b104783a4019c7f287ea02929abd23b6,8edfe8d845e46f2d8c805295f32df8bf4c535073d1df947a315f6c09b9de7946,2026-09-30T17:56:22Z
SubmitPartialDecryption,293,45b79f068f8aeff758a91048f844216ac26cd065c92b906f3841737fd022cc29,87,dc6e70196768559d7df10dbe632ea532e733f618f6f2d13aff6c7b2f9de725ca,b477b939f15c4282daebe2cff435c648b104783a4019c7f287ea02929abd23b6,8edfe8d845e46f2d8c805295f32df8bf4c535073d1df947a315f6c09b9de7946,2026-09-30T17:56:22Z
SubmitPartialDecryption,295,244f70d11408318892509ed849be636bdf906471b94489d9e1a375bd750a6af8,87,dc6e70196768559d7df10dbe632ea532e733f618f6f2d13aff6c7b2f9de725ca,b477b939f15c4282daebe2cff435c648b104783a4019c7f287ea02929abd23b6,8edfe8d845e46f2d8c805295f32df8bf4c535073d1df947a315f6c09b9de7946,2026-09-30T17:56:22Z
SubmitPartialDecryption,299,eace31a6649bc7b1ba595400c429a6b1fd053262a786c3b68ccfabcb692b5104,87,dc6e70196768559d7df10dbe632ea532e733f618f6f2d13aff6c7b2f9de725ca,b477b939f15c4282daebe2cff435c648b104783a4019c7f287ea02929abd23b6,8edfe8d845e46f2d8c805295f32df8bf4c535073d1df947a315f6c09b9de7946,2026-09-30T17:56:22Z
SubmitPartialDecryption,300,a20d0a12ccde9a6edabf7a47a732fbed6a68381418e7f88f96644f2c5764c192,87,dc6e70196768559d7df10dbe632ea532e733f618f6f2d13aff6c7b2f9de725ca,b477b939f15c4282daebe2cff435c648b104783a4019c7f287ea02929abd23b6,8edfe8d845e46f2d8c805295f32df8bf4c535073d1df947a315f6c09b9de7946,2026-09-30T17:56:22Z
SubmitPartialDecryption,289,0ab24020664c81a74d9c5ce1051e312ae7f632852353934b782e2d46f278facc,87,dc6e70196768559d7df10dbe632ea532e733f618f6f2d13aff6c7b2f9de725ca,b477b939f15c4282daebe2cff435c648b104783a4019c7f287ea02929abd23b6,8edfe8d845e46f2d8c805295f32df8bf4c535073d1df947a315f6c09b9de7946,2026-09-30T17:56:22Z
SubmitPartialDecryption,298,31cfc2c1343e271c6da7e995a33d72d3013356ad728db5b743174e6d4b45d6b2,87,dc6e70196768559d7df10dbe632ea532e733f618f6f2d13aff6c7b2f9de725ca,b477b939f15c4282daebe2cff435c648b104783a4019c7f287ea02929abd23b6,8edfe8d845e46f2d8c805295f32df8bf4c535073d1df947a315f6c09b9de7946,2026-09-30T17:56:22Z
SubmitPartialDecryption,294,42ff1843c04fcf0fe54c3710d6b965d431ffa5a752086db8f852016fd2077fc3,87,dc6e70196768559d7df10dbe632ea532e733f618f6f2d13aff6c7b2f9de725ca,b477b939f15c4282daebe2cff435c648b104783a4019c7f287ea02929abd23b6,8edfe8d845e46f2d8c805295f32df8bf4c535073d1df947a315f6c09b9de7946,2026-09-30T17:56:22Z
SubmitPartialDecryption,305,0a15ba5c636f21827660fe0356615b2cf343ee768542930fa2d6ca59d9379479,88,6b46e9837d7c5f8b5d4d9e68298c314fc439b51f12eadccd1333e2c50c0a68d4,b4bddad89fe62afd74060e874e616bc8408e212e29ecf5dd4d59719db639136e,dc6e70196768559d7df10dbe632ea532e733f618f6f2d13aff6c7b2f9de725ca,2026-09-30T17:56:24Z
SubmitPartialDecryption,317,a8e3294b222563bf18fbb121b6a6bc06e1938cd4247075dd2906968e20288e98,88,6b46e9837d7c5f8b5d4d9e68298c314fc439b51f12eadccd1333e2c50c0a68d4,b4bddad89fe62afd74060e874e616bc8408e212e29ecf5dd4d59719db639136e,dc6e70196768559d7df10dbe632ea532e733f618f6f2d13aff6c7b2f9de725ca,2026-09-30T17:56:24Z
SubmitPartialDecryption,319,df0784efe933031e5fc6dd28e2117b1f7f69187a8c8a7eefc3aab1d1141dd6d8,88,6b46e9837d7c5f8b5d4d9e68298c314fc439b51f12eadccd1333e2c50c0a68d4,b4bddad89fe62afd74060e874e616bc8408e212e29ecf5dd4d59719db639136e,dc6e70196768559d7df10dbe632ea532e733f618f6f2d13aff6c7b2f9de725ca,2026-09-30T17:56:24Z
SubmitPartialDecryption,312,ef4564bc10194f5c9baca5dde17b3862ba774b53acbcac481c6e05d572093214,88,6b46e9837d7c5f8b5d4d9e68298c314fc439b51f12eadccd1333e2c50c0a68d4,b4bddad89fe62afd74060e874e616bc8408e212e29ecf5dd4d59719db639136e,dc6e70196768559d7df10dbe632ea532e733f618f6f2d13aff6c7b2f9de725ca,2026-09-30T17:56:24Z
SubmitPartialDecryption,306,84f6f696774a26e4308b4cd14a0b15ba122a3e624c026174def5b7f7e9ad4c3b,88,6b46e9837d7c5f8b5d4d9e68298c314fc439b51f12eadccd1333e2c50c0a68d4,b4bddad89fe62afd74060e874e616bc8408e212e29ecf5dd4d59719db639136e,dc6e70196768559d7df10dbe632ea532e733f618f6f2d13aff6c7b2f9de725ca,2026-09-30T17:56:24Z
SubmitPartialDecryption,311,8bc73e4b2dda9daa65f3efb90cf224bd1e80ab6f60bb45b7de62decd4d4e5a93,88,6b46e9837d7c5f8b5d4d9e68298c314fc439b51f12eadccd1333e2c50c0a68d4,b4bddad89fe62afd74060e874e616bc8408e212e29ecf5dd4d59719db639136e,dc6e70196768559d7df10dbe632ea532e733f618f6f2d13aff6c7b2f9de725ca,2026-09-30T17:56:24Z
SubmitPartialDecryption,316,b699e871f35e706628187739bcc85a2b2a62561209e437327961fba0f03cb5cb,88,6b46e9837d7c5f8b5d4d9e68298c314fc439b51f12eadccd1333e2c50c0a68d4,b4bddad89fe62afd74060e874e616bc8408e212e29ecf5dd4d59719db639136e,dc6e70196768559d7df10dbe632ea532e733f618f6f2d13aff6c7b2f9de725ca,2026-09-30T17:56:24Z
SubmitPartialDecryption,308,e3155e73449acf7195f0909e2ebd615dbf5dc6a5cd62554a116c11769bd7c720,88,6b46e9837d7c5f8b5d4d9e68298c314fc439b51f12eadccd1333e2c50c0a68d4,b4bddad89fe62afd74060e874e616bc8408e212e29ecf5dd4d59719db639136e,dc6e70196768559d7df10dbe632ea532e733f618f6f2d13aff6c7b2f9de725ca,2026-09-30T17:56:24Z
SubmitPartialDecryption,313,04fe93cc2e0006f10e7d2ffee50af228b499dcd17683c95174dcab2dcf6a9c36,88,6b46e9837d7c5f8b5d4d9e68298c314fc439b51f12eadccd1333e2c50c0a68d4,b4bddad89fe62afd74060e874e616bc8408e212e29ecf5dd4d59719db639136e,dc6e70196768559d7df10dbe632ea532e733f618f6f2d13aff6c7b2f9de725ca,2026-09-30T17:56:24Z
SubmitPartialDecryption,307,09e01dca9bc53a6d446f27e91aa126b2f26444f975a17595bbc2a6f976408e7c,88,6b46e9837d7c5f8b5d4d9e68298c314fc439b51f12eadccd1333e2c50c0a68d4,b4bddad89fe62afd74060e874e616bc8408e212e29ecf5dd4d59719db639136e,dc6e70196768559d7df10dbe632ea532e733f618f6f2d13aff6c7b2f9de725ca,2026-09-30T17:56:24Z
SubmitPartialDecryption,309,b7e9fa0e6ba212f3c4f66361b48fa3c3e515e550bbb77da663d7632170a3b16a,88,6b46e9837d7c5f8b5d4d9e68298c314fc439b51f12eadccd1333e2c50c0a68d4,b4bddad89fe62afd74060e874e616bc8408e212e29ecf5dd4d59719db639136e,dc6e70196768559d7df10dbe632ea532e733f618f6f2d13aff6c7b2f9de725ca,2026-09-30T17:56:24Z
SubmitPartialDecryption,304,d08a0e668a9791e4b791c453e81d690f32f4e41075934aae91e4acdf73fc2628,88,6b46e9837d7c5f8b5d4d9e68298c314fc439b51f12eadccd1333e2c50c0a68d4,b4bddad89fe62afd74060e874e616bc8408e212e29ecf5dd4d59719db639136e,dc6e70196768559d7df10dbe632ea532e733f618f6f2d13aff6c7b2f9de725ca,2026-09-30T17:56:24Z
SubmitPartialDecryption,310,37a5d9b4111914e0916de3382e5dafc21cee7d46e04684019f2335d6371cd1d4,88,6b46e9837d7c5f8b5d4d9e68298c314fc439b51f12eadccd1333e2c50c0a68d4,b4bddad89fe62afd74060e874e616bc8408e212e29ecf5dd4d59719db639136e,dc6e70196768559d7df10dbe632ea532e733f618f6f2d13aff6c7b2f9de725ca,2026-09-30T17:56:24Z
SubmitPartialDecryption,314,fe050db92a2cfcec45b9ad02aa429b8b7f4d19d90c799696182239aef2545f68,88,6b46e9837d7c5f8b5d4d9e68298c314fc439b51f12eadccd1333e2c50c0a68d4,b4bddad89fe62afd74060e874e616bc8408e212e29ecf5dd4d59719db639136e,dc6e70196768559d7df10dbe632ea532e733f618f6f2d13aff6c7b2f9de725ca,2026-09-30T17:56:24Z
SubmitPartialDecryption,318,adc94c3057dd2f92b8a214336148d140edb707a0b2e2ab7334709cc606696752,88,6b46e9837d7c5f8b5d4d9e68298c314fc439b51f12eadccd1333e2c50c0a68d4,b4bddad89fe62afd74060e874e616bc8408e212e29ecf5dd4d59719db639136e,dc6e70196768559d7df10dbe632ea532e733f618f6f2d13aff6c7b2f9de725ca,2026-09-30T17:56:24Z
SubmitPartialDecryption,315,bd3b94a1ae720b4fd957c6ceca27060cdb2b4cf0efd113aded09fc72395fc671,88,6b46e9837d7c5f8b5d4d9e68298c314fc439b51f12eadccd1333e2c50c0a68d4,b4bddad89fe62afd74060e874e616bc8408e212e29ecf5dd4d59719db639136e,dc6e70196768559d7df10dbe632ea532e733f618f6f2d13aff6c7b2f9de725ca,2026-09-30T17:56:24Z
SubmitPartialDecryption,331,2dca572cdd1394f736acd35771c498e67856b37e1bb5832bb5b03cac9ca1b817,89,a4e90a5760c89dc58deffb9deae699bb9876a2e6ba6054a5f92026b792ff211d,c7184e04011d87eff143975d3607e81136b25d811b6b594bda3c179f2fb09c2f,6b46e9837d7c5f8b5d4d9e68298c314fc439b51f12eadccd1333e2c50c0a68d4,2026-09-30T17:56:26Z
SubmitPartialDecryption,334,a97cb12621075eaa80d3187a35498d39dc018468807f688ab5710a651a222ca2,89,a4e90a5760c89dc58deffb9deae699bb9876a2e6ba6054a5f92026b792ff211d,c7184e04011d87eff143975d3607e81136b25d811b6b594bda3c179f2fb09c2f,6b46e9837d7c5f8b5d4d9e68298c314fc439b51f12eadccd1333e2c50c0a68d4,2026-09-30T17:56:26Z
SubmitPartialDecryption,324,d0069312dd63baafc1af85efee0eaaa74c21ef9b4cfc7f34dd413f9d3dec53c6,89,a4e90a5760c89dc58deffb9deae699bb9876a2e6ba6054a5f92026b792ff211d,c7184e04011d87eff143975d3607e81136b25d811b6b594bda3c179f2fb09c2f,6b46e9837d7c5f8b5d4d9e68298c314fc439b51f12eadccd1333e2c50c0a68d4,2026-09-30T17:56:26Z
SubmitPartialDecryption,328,1b1f1caba4806f9938730233457014e841f45edabc164db3e33e218798872223,89,a4e90a5760c89dc58deffb9deae699bb9876a2e6ba6054a5f92026b792ff211d,c7184e04011d87eff143975d3607e81136b25d811b6b594bda3c179f2fb09c2f,6b46e9837d7c5f8b5d4d9e68298c314fc439b51f12eadccd1333e2c50c0a68d4,2026-09-30T17:56:26Z
SubmitPartialDecryption,325,8711b1ae90a9f95a13ed498bc488be2b4cee4cd8d62440c0e3d0df157251f0a6,89,a4e90a5760c89dc58deffb9deae699bb9876a2e6ba6054a5f92026b792ff211d,c7184e04011d87eff143975d3607e81136b25d811b6b594bda3c179f2fb09c2f,6b46e9837d7c5f8b5d4d9e68298c314fc439b51f12eadccd1333e2c50c0a68d4,2026-09-30T17:56:26Z
SubmitPartialDecryption,321,81634ec32896c240e90a0548b91dcde52cf81ba3ec1b91c0c1c9a2aa3c2847c8,89,a4e90a5760c89dc58deffb9deae699bb9876a2e6ba6054a5f92026b792ff211d,c7184e04011d87eff143975d3607e81136b25d811b6b594bda3c179f2fb09c2f,6b46e9837d7c5f8b5d4d9e68298c314fc439b51f12eadccd1333e2c50c0a68d4,2026-09-30T17:56:26Z
SubmitPartialDecryption,329,624204803366ff168a7101ead92a92ee016e6014de89878848d935c785abc865,89,a4e90a5760c89dc58deffb9deae699bb9876a2e6ba6054a5f92026b792ff211d,c7184e04011d87eff143975d3607e81136b25d811b6b594bda3c179f2fb09c2f,6b46e9837d7c5f8b5d4d9e68298c314fc439b51f12eadccd1333e2c50c0a68d4,2026-09-30T17:56:26Z
SubmitPartialDecryption,335,57d1f83965c8f1804761a2675c30bf8a8fec76b0f6ee6036327b03265407121d,89,a4e90a5760c89dc58deffb9deae699bb9876a2e6ba6054a5f92026b792ff211d,c7184e04011d87eff143975d3607e81136b25d811b6b594bda3c179f2fb09c2f,6b46e9837d7c5f8b5d4d9e68298c314fc439b51f12eadccd1333e2c50c0a68d4,2026-09-30T17:56:26Z
SubmitPartialDecryption,320,0d1042ce53dbce07706c8f55ca89484b25e90eab1bd3763839aed5ae3e2e271c,89,a4e90a5760c89dc58deffb9deae699bb9876a2e6ba6054a5f92026b792ff211d,c7184e04011d87eff143975d3607e81136b25d811b6b594bda3c179f2fb09c2f,6b46e9837d7c5f8b5d4d9e68298c314fc439b51f12eadccd1333e2c50c0a68d4,2026-09-30T17:56:26Z
SubmitPartialDecryption,322,506951ca8721a157b742eb31a55a82b5e164652c1249390331861f99e841909f,89,a4e90a5760c89dc58deffb9deae699bb9876a2e6ba6054a5f92026b792ff211d,c7184e04011d87eff143975d3607e81136b25d811b6b594bda3c179f2fb09c2f,6b46e9837d7c5f8b5d4d9e68298c314fc439b51f12eadccd1333e2c50c0a68d4,2026-09-30T17:56:26Z
SubmitPartialDecryption,333,3c3c6698b950271bd6daa208b06994c3764a30d1d6a3b55737af4922f915d90d,89,a4e90a5760c89dc58deffb9deae699bb9876a2e6ba6054a5f92026b792ff211d,c7184e04011d87eff143975d3607e81136b25d811b6b594bda3c179f2fb09c2f,6b46e9837d7c5f8b5d4d9e68298c314fc439b51f12eadccd1333e2c50c0a68d4,2026-09-30T17:56:26Z
SubmitPartialDecryption,330,1e1e55af5f7ff4858ad8e4baec2dcc645876cc56563d311c129e82cf08200572,89,a4e90a5760c89dc58deffb9deae699bb9876a2e6ba6054a5f92026b792ff211d,c7184e04011d87eff143975d3607e81136b25d811b6b594bda3c179f2fb09c2f,6b46e9837d7c5f8b5d4d9e68298c314fc439b51f12eadccd1333e2c50c0a68d4,2026-09-30T17:56:26Z
SubmitPartialDecryption,326,77f696ba7bb7a27a9b1191c368d6afc99e12ef89de517c127002f665d898aa66,89,a4e90a5760c89dc58deffb9deae699bb9876a2e6ba6054a5f92026b792ff211d,c7184e04011d87eff143975d3607e81136b25d811b6b594bda3c179f2fb09c2f,6b46e9837d7c5f8b5d4d9e68298c314fc439b51f12eadccd1333e2c50c0a68d4,2026-09-30T17:56:26Z
SubmitPartialDecryption,327,51c13f8fa48628df2ad7c0ec2ae15c9fead13f16649edad0d3588aa8458abd74,89,a4e90a5760c89dc58deffb9deae699bb9876a2e6ba6054a5f92026b792ff211d,c7184e04011d87eff143975d3607e81136b25d811b6b594bda3c179f2fb09c2f,6b46e9837d7c5f8b5d4d9e68298c314fc439b51f12eadccd1333e2c50c0a68d4,2026-09-30T17:56:26Z
SubmitPartialDecryption,323,9253926a682056fbf524a2135c2e0dfd87d6b7cd855375a09ddea3d0ee210a7f,89,a4e90a5760c89dc58deffb9deae699bb9876a2e6ba6054a5f92026b792ff211d,c7184e04011d87eff143975d3607e81136b25d811b6b594bda3c179f2fb09c2f,6b46e9837d7c5f8b5d4d9e68298c314fc439b51f12eadccd1333e2c50c0a68d4,2026-09-30T17:56:26Z
SubmitPartialDecryption,332,7557055eb1a92dbcb2448ca101d0b81870309f1997f291b7f5a49b988db05b5f,89,a4e90a5760c89dc58deffb9deae699bb9876a2e6ba6054a5f92026b792ff211d,c7184e04011d87eff143975d3607e81136b25d811b6b594bda3c179f2fb09c2f,6b46e9837d7c5f8b5d4d9e68298c314fc439b51f12eadccd1333e2c50c0a68d4,2026-09-30T17:56:26Z
SubmitPartialDecryption,342,7d23dd14419f2139d19cdd92e17e2b6d6269a8411585222cdf72fccd2da09203,90,95c1dac48341d550976e6d51b37f494d583b277ed6c82d359a3f09421fc6f271,bce956ee56274d50b72c3c8b207c60228db125800a61d69c063a5dd546b555b0,a4e90a5760c89dc58deffb9deae699bb9876a2e6ba6054a5f92026b792ff211d,2026-09-30T17:56:28Z
SubmitPartialDecryption,344,4e8e922c2d739b900682a58f5654f8d0f8f091dbaf1f068af67a30b811a36b7d,90,95c1dac48341d550976e6d51b37f494d583b277ed6c82d359a3f09421fc6f271,bce956ee56274d50b72c3c8b207c60228db125800a61d69c063a5dd546b555b0,a4e90a5760c89dc58deffb9deae699bb9876a2e6ba6054a5f92026b792ff211d,2026-09-30T17:56:28Z
SubmitPartialDecryption,351,06ef5664032c33f5122d9c1c821929b9666307384f1e16e6c48d4f069b74d1e0,90,95c1dac48341d550976e6d51b37f494d583b277ed6c82d359a3f09421fc6f271,bce956ee56274d50b72c3c8b207c60228db125800a61d69c063a5dd546b555b0,a4e90a5760c89dc58deffb9deae699bb9876a2e6ba6054a5f92026b792ff211d,2026-09-30T17:56:28Z
SubmitPartialDecryption,341,3106aa24a6121fa4a16fdc6935cca82a67ed423f785d9c090851828b96abb47c,90,95c1dac48341d550976e6d51b37f494d583b277ed6c82d359a3f09421fc6f271,bce956ee56274d50b72c3c8b207c60228db125800a61d69c063a5dd546b555b0,a4e90a5760c89dc58deffb9deae699bb9876a2e6ba6054a5f92026b792ff211d,2026-09-30T17:56:28Z
SubmitPartialDecryption,336,3651a31528343d6d0f2baa53f708d321ad2e4aafcb99a52d970503c5191b57e5,90,95c1dac48341d550976e6d51b37f494d583b277ed6c82d359a3f09421fc6f271,bce956ee56274d50b72c3c8b207c60228db125800a61d69c063a5dd546b555b0,a4e90a5760c89dc58deffb9deae699bb9876a2e6ba6054a5f92026b792ff211d,2026-09-30T17:56:28Z
SubmitPartialDecryption,337,0a8f334a6e743138fe9ecac4ec8506510bab8a7da6c45513ee579dacb0b97fae,90,95c1dac48341d550976e6d51b37f494d583b277ed6c82d359a3f09421fc6f271,bce956ee56274d50b72c3c8b207c60228db125800a61d69c063a5dd546b555b0,a4e90a5760c89dc58deffb9deae699bb9876a2e6ba6054a5f92026b792ff211d,2026-09-30T17:56:28Z
SubmitPartialDecryption,347,9512cf2e0633630c1c3d3391cd5bb9ea3929c655822f640707b494bfd6a51f31,90,95c1dac48341d550976e6d51b37f494d583b277ed6c82d359a3f09421fc6f271,bce956ee56274d50b72c3c8b207c60228db125800a61d69c063a5dd546b555b0,a4e90a5760c89dc58deffb9deae699bb9876a2e6ba6054a5f92026b792ff211d,2026-09-30T17:56:28Z
SubmitPartialDecryption,346,0d79695b276accd130792ec6064ee0107d7f8659ab066a23669dab33f0fc2bdf,90,95c1dac48341d550976e6d51b37f494d583b277ed6c82d359a3f09421fc6f271,bce956ee56274d50b72c3c8b207c60228db125800a61d69c063a5dd546b555b0,a4e90a5760c89dc58deffb9deae699bb9876a2e6ba6054a5f92026b792ff211d,2026-09-30T17:56:28Z
SubmitPartialDecryption,340,d9517472b739af3f7d20eeb431e092bcc5deea24630958ae3ef3fd701ef36fa1,90,95c1dac48341d550976e6d51b37f494d583b277ed6c82d359a3f09421fc6f271,bce956ee56274d50b72c3c8b207c60228db125800a61d69c063a5dd546b555b0,a4e90a5760c89dc58deffb9deae699bb9876a2e6ba6054a5f92026b792ff211d,2026-09-30T17:56:28Z
SubmitPartialDecryption,348,53c1649b8834a42735c59e1d4092b3f950ceed4f459ce8f7cffdfe783ed0f8a5,90,95c1dac48341d550976e6d51b37f494d583b277ed6c82d359a3f09421fc6f271,bce956ee56274d50b72c3c8b207c60228db125800a61d69c063a5dd546b555b0,a4e90a5760c89dc58deffb9deae699bb9876a2e6ba6054a5f92026b792ff211d,2026-09-30T17:56:28Z
SubmitPartialDecryption,350,a21a17f618b3802d6ac3b9690dad6c448b577c18308e12048415676d7a1710d2,90,95c1dac48341d550976e6d51b37f494d583b277ed6c82d359a3f09421fc6f271,bce956ee56274d50b72c3c8b207c60228db125800a61d69c063a5dd546b555b0,a4e90a5760c89dc58deffb9deae699bb9876a2e6ba6054a5f92026b792ff211d,2026-09-30T17:56:28Z
SubmitPartialDecryption,338,2565712f5e6a0ef2bdff397728dee4c53f454adfe7a0723437eb600938ed76c0,90,95c1dac48341d550976e6d51b37f494d583b277ed6c82d359a3f09421fc6f271,bce956ee56274d50b72c3c8b207c60228db125800a61d69c063a5dd546b555b0,a4e90a5760c89dc58deffb9deae699bb9876a2e6ba6054a5f92026b792ff211d,2026-09-30T17:56:28Z
SubmitPartialDecryption,343,2d27dcd1edef8a0d71ba46ba63b3bd63bf1716f53d296655db7add1ea0dd6a7b,90,95c1dac48341d550976e6d51b37f494d583b277ed6c82d359a3f09421fc6f271,bce956ee56274d50b72c3c8b207c60228db125800a61d69c063a5dd546b555b0,a4e90a5760c89dc58deffb9deae699bb9876a2e6ba6054a5f92026b792ff211d,2026-09-30T17:56:28Z
SubmitPartialDecryption,349,78b0c6feac41c6b9531bd179bffaac3ad3640c0d53ec09f0011561aea3b5a541,90,95c1dac48341d550976e6d51b37f494d583b277ed6c82d359a3f09421fc6f271,bce956ee56274d50b72c3c8b207c60228db125800a61d69c063a5dd546b555b0,a4e90a5760c89dc58deffb9deae699bb9876a2e6ba6054a5f92026b792ff211d,2026-09-30T17:56:28Z
SubmitPartialDecryption,345,8f5dabdf7e6b6df5508f81c9465dae8ec65b0aeec4d2fcb464b1218a7ab2b10e,90,95c1dac48341d550976e6d51b37f494d583b277ed6c82d359a3f09421fc6f271,bce956ee56274d50b72c3c8b207c60228db125800a61d69c063a5dd546b555b0,a4e90a5760c89dc58deffb9deae699bb9876a2e6ba6054a5f92026b792ff211d,2026-09-30T17:56:28Z
SubmitPartialDecryption,339,12f0c963ce2aeb76df185048b597735c72b5fe7aa65df72dbb5fdf9522bad0e1,90,95c1dac48341d550976e6d51b37f494d583b277ed6c82d359a3f09421fc6f271,bce956ee56274d50b72c3c8b207c60228db125800a61d69c063a5dd546b555b0,a4e90a5760c89dc58deffb9deae699bb9876a2e6ba6054a5f92026b792ff211d,2026-09-30T17:56:28Z
SubmitPartialDecryption,366,791ef5320f7a1197d81ed82032b0ad263ff5506f9b2c67cf7cec023e6df5f67a,91,0b3237017d90c9c6f2b1464b9a2836684c006ad0be3fec6645ae16fab0817fb0,f80770f920da48def5be4469ab0cc80b8d376859ae7274850a34e9132c2b7d76,95c1dac48341d550976e6d51b37f494d583b277ed6c82d359a3f09421fc6f271,2026-09-30T17:56:30Z
SubmitPartialDecryption,355,4ee848cde95375e9864c76a7a59fe005b65818c35f466fcd21c74485750da571,91,0b3237017d90c9c6f2b1464b9a2836684c006ad0be3fec6645ae16fab0817fb0,f80770f920da48def5be4469ab0cc80b8d376859ae7274850a34e9132c2b7d76,95c1dac48341d550976e6d51b37f494d583b277ed6c82d359a3f09421fc6f271,2026-09-30T17:56:30Z
SubmitPartialDecryption,357,910053bb63302e5db56bb19fe3468e3bb97eac157c1b157dce00dad59f23ad2d,91,0b3237017d90c9c6f2b1464b9a2836684c006ad0be3fec6645ae16fab0817fb0,f80770f920da48def5be4469ab0cc80b8d376859ae7274850a34e9132c2b7d76,95c1dac48341d550976e6d51b37f494d583b277ed6c82d359a3f09421fc6f271,2026-09-30T17:56:30Z
SubmitPartialDecryption,364,4a7f92d6cd6c27b687c5103c0c2afee0777507c360c039832080d6a09a9ccb3d,91,0b3237017d90c9c6f2b1464b9a2836684c006ad0be3fec6645ae16fab0817fb0,f80770f920da48def5be4469ab0cc80b8d376859ae7274850a34e9132c2b7d76,95c1dac48341d550976e6d51b37f494d583b277ed6c82d359a3f09421fc6f271,2026-09-30T17:56:30Z
SubmitPartialDecryption,363,3278ad15154771cdaadcf40bf612a30348ca915e2df044b8fb54c82f0b1bde60,91,0b3237017d90c9c6f2b1464b9a2836684c006ad0be3fec6645ae16fab0817fb0,f80770f920da48def5be4469ab0cc80b8d376859ae7274850a34e9132c2b7d76,95c1dac48341d550976e6d51b37f494d583b277ed6c82d359a3f09421fc6f271,2026-09-30T17:56:30Z
SubmitPartialDecryption,358,6fa49b4833dc948b0c4c1b7858a0e87fc8a3414ba2f44cd65c8c28acf76fd099,91,0b3237017d90c9c6f2b1464b9a2836684c006ad0be3fec6645ae16fab0817fb0,f80770f920da48def5be4469ab0cc80b8d376859ae7274850a34e9132c2b7d76,95c1dac48341d550976e6d51b37f494d583b277ed6c82d359a3f09421fc6f271,2026-09-30T17:56:30Z
SubmitPartialDecryption,359,78a34c72bcac439e62ebcfb3ec7db5878875d4db71392ad13d7410acd314e6f2,91,0b3237017d90c9c6f2b1464b9a2836684c006ad0be3fec6645ae16fab0817fb0,f80770f920da48def5be4469ab0cc80b8d376859ae7274850a34e9132c2b7d76,95c1dac48341d550976e6d51b37f494d583b277ed6c82d359a3f09421fc6f271,2026-09-30T17:56:30Z
SubmitPartialDecryption,365,2233de1a9ba8723b457a665088e18b0bec148a7151a83ae7b4b7755a2054c487,91,0b3237017d90c9c6f2b1464b9a2836684c006ad0be3fec6645ae16fab0817fb0,f80770f920da48def5be4469ab0cc80b8d376859ae7274850a34e9132c2b7d76,95c1dac48341d550976e6d51b37f494d583b277ed6c82d359a3f09421fc6f271,2026-09-30T17:56:30Z
SubmitPartialDecryption,361,fadb185c90cda5c48bdeee5980d525db5a6f14cfd0de24a4687a20f96b502f57,91,0b3237017d90c9c6f2b1464b9a2836684c006ad0be3fec6645ae16fab0817fb0,f80770f920da48def5be4469ab0cc80b8d376859ae7274850a34e9132c2b7d76,95c1dac48341d550976e6d51b37f494d583b277ed6c82d359a3f09421fc6f271,2026-09-30T17:56:30Z
SubmitPartialDecryption,360,28592c02db2468515d9122b591a502ded766fd8124feb539b2e7a0b9b2b4e253,91,0b3237017d90c9c6f2b1464b9a2836684c006ad0be3fec6645ae16fab0817fb0,f80770f920da48def5be4469ab0cc80b8d376859ae7274850a34e9132c2b7d76,95c1dac48341d550976e6d51b37f494d583b277ed6c82d359a3f09421fc6f271,2026-09-30T17:56:30Z
SubmitPartialDecryption,354,c1a349a1c4a596743317f5e25bddf47907f401399fde4dd33a712a0fa588cf95,91,0b3237017d90c9c6f2b1464b9a2836684c006ad0be3fec6645ae16fab0817fb0,f80770f920da48def5be4469ab0cc80b8d376859ae7274850a34e9132c2b7d76,95c1dac48341d550976e6d51b37f494d583b277ed6c82d359a3f09421fc6f271,2026-09-30T17:56:30Z
SubmitPartialDecryption,356,577aab59debb3e43bb0f98f6eb8411522129ecb69d3e553eb396b6ad55373704,91,0b3237017d90c9c6f2b1464b9a2836684c006ad0be3fec6645ae16fab0817fb0,f80770f920da48def5be4469ab0cc80b8d376859ae7274850a34e9132c2b7d76,95c1dac48341d550976e6d51b37f494d583b277ed6c82d359a3f09421fc6f271,2026-09-30T17:56:30Z
SubmitPartialDecryption,352,15539df5a11491cd0b13a0ff474baa69ba270a9fcbd3862752d3de7098b13ad4,91,0b3237017d90c9c6f2b1464b9a2836684c006ad0be3fec6645ae16fab0817fb0,f80770f920da48def5be4469ab0cc80b8d376859ae7274850a34e9132c2b7d76,95c1dac48341d550976e6d51b37f494d583b277ed6c82d359a3f09421fc6f271,2026-09-30T17:56:30Z
SubmitPartialDecryption,367,7e4fd1669eb4947e77ecc679f5704c85939fb8c1f16166b1357c4e5e5f7850fe,91,0b3237017d90c9c6f2b1464b9a2836684c006ad0be3fec6645ae16fab0817fb0,f80770f920da48def5be4469ab0cc80b8d376859ae7274850a34e9132c2b7d76,95c1dac48341d550976e6d51b37f494d583b277ed6c82d359a3f09421fc6f271,2026-09-30T17:56:30Z
SubmitPartialDecryption,362,b1bba3e9f2641cb7cc7e6fe3a215fabafa1db903bb48b3040f637dc364173221,91,0b3237017d90c9c6f2b1464b9a2836684c006ad0be3fec6645ae16fab0817fb0,f80770f920da48def5be4469ab0cc80b8d376859ae7274850a34e9132c2b7d76,95c1dac48341d550976e6d51b37f494d583b277ed6c82d359a3f09421fc6f271,2026-09-30T17:56:30Z
SubmitPartialDecryption,353,f8783f8299618c35121b685554ce3f708f606bd54c79fe040ec1b5d9964cb78d,91,0b3237017d90c9c6f2b1464b9a2836684c006ad0be3fec6645ae16fab0817fb0,f80770f920da48def5be4469ab0cc80b8d376859ae7274850a34e9132c2b7d76,95c1dac48341d550976e6d51b37f494d583b277ed6c82d359a3f09421fc6f271,2026-09-30T17:56:30Z
SubmitPartialDecryption,379,fbfd2ba05636464232b06afd330d2f89b7b5d2aa82afb580fad07f35a3e68477,92,72fcdf68c5d16bb3d6c295e278025e501c3fd455e3bdf9223b0d756dd7a2e73f,44e91bad9719bfa7632762c3416d60b0ba13213305b0c85115fd8ea6fa21aa42,0b3237017d90c9c6f2b1464b9a2836684c006ad0be3fec6645ae16fab0817fb0,2026-09-30T17:56:32Z
SubmitPartialDecryption,374,83991a4364ffdeaefac4848733b82d33d861ac1732e2d7c5e0f9195c5fa68143,92,72fcdf68c5d16bb3d6c295e278025e501c3fd455e3bdf9223b0d756dd7a2e73f,44e91bad9719bfa7632762c3416d60b0ba13213305b0c85115fd8ea6fa21aa42,0b3237017d90c9c6f2b1464b9a2836684c006ad0be3fec6645ae16fab0817fb0,2026-09-30T17:56:32Z
SubmitPartialDecryption,383,39a7efc59f11a460f6ade5954d5ae65257fe752f473a23bab9b3883f4268c89e,92,72fcdf68c5d16bb3d6c295e278025e501c3fd455e3bdf9223b0d756dd7a2e73f,44e91bad9719bfa7632762c3416d60b0ba13213305b0c85115fd8ea6fa21aa42,0b3237017d90c9c6f2b1464b9a2836684c006ad0be3fec6645ae16fab0817fb0,2026-09-30T17:56:32Z
SubmitPartialDecryption,373,0861ca25719e34b65c6fd0ae62bf3057367a998338164511de4626e2ee422605,92,72fcdf68c5d16bb3d6c295e278025e501c3fd455e3bdf9223b0d756dd7a2e73f,44e91bad9719bfa7632762c3416d60b0ba13213305b0c85115fd8ea6fa21aa42,0b3237017d90c9c6f2b1464b9a2836684c006ad0be3fec6645ae16fab0817fb0,2026-09-30T17:56:32Z
SubmitPartialDecryption,371,05a0063580c52dab1d506c79db4ca2227c7f8ba21119f01baecd04fe5ff1c9e0,92,72fcdf68c5d16bb3d6c295e278025e501c3fd455e3bdf9223b0d756dd7a2e73f,44e91bad9719bfa7632762c3416d60b0ba13213305b0c85115fd8ea6fa21aa42,0b3237017d90c9c6f2b1464b9a2836684c006ad0be3fec6645ae16fab0817fb0,2026-09-30T17:56:32Z
SubmitPartialDecryption,375,671accff7eb97a39c4ba8b01e6a69240a2455c4f68b6f7e59852136466c5185a,92,72fcdf68c5d16bb3d6c295e278025e501c3fd455e3bdf9223b0d756dd7a2e73f,44e91bad9719bfa7632762c3416d60b0ba13213305b0c85115fd8ea6fa21aa42,0b3237017d90c9c6f2b1464b9a2836684c006ad0be3fec6645ae16fab0817fb0,2026-09-30T17:56:32Z
SubmitPartialDecryption,368,d8e5b3cb5368ffb96057cbec60f7552d753c4407675ef5624fa9a063a06d094f,92,72fcdf68c5d16bb3d6c295e278025e501c3fd455e3bdf9223b0d756dd7a2e73f,44e91bad9719bfa7632762c3416d60b0ba13213305b0c85115fd8ea6fa21aa42,0b3237017d90c9c6f2b1464b9a2836684c006ad0be3fec6645ae16fab0817fb0,2026-09-30T17:56:32Z
SubmitPartialDecryption,378,c5890cd1f43960dac889b7a8d09bb3f7c4d05d6311a6c97c3857aeda7d714a0f,92,72fcdf68c5d16bb3d6c295e278025e501c3fd455e3bdf9223b0d756dd7a2e73f,44e91bad9719bfa7632762c3416d60b0ba13213305b0c85115fd8ea6fa21aa42,0b3237017d90c9c6f2b1464b9a2836684c006ad0be3fec6645ae16fab0817fb0,2026-09-30T17:56:32Z
SubmitPartialDecryption,376,ba01caa0611ca656e3a6a389de7e37e673475e07c3ed2d8901f92a102a195b2e,92,72fcdf68c5d16bb3d6c295e278025e501c3fd455e3bdf9223b0d756dd7a2e73f,44e91bad9719bfa7632762c3416d60b0ba13213305b0c85115fd8ea6fa21aa42,0b3237017d90c9c6f2b1464b9a2836684c006ad0be3fec6645ae16fab0817fb0,2026-09-30T17:56:32Z
SubmitPartialDecryption,381,b822f378afad2119743c5b8e84d7f57c15596a66168fdae224c9e0daadcfbe02,92,72fcdf68c5d16bb3d6c295e278025e501c3fd455e3bdf9223b0d756dd7a2e73f,44e91bad9719bfa7632762c3416d60b0ba13213305b0c85115fd8ea6fa21aa42,0b3237017d90c9c6f2b1464b9a2836684c006ad0be3fec6645ae16fab0817fb0,2026-09-30T17:56:32Z
SubmitPartialDecryption,382,25685b5df4d2f8caf84f714b2c016ce48a40e26f9f952d0886b118e8ee6116fa,92,72fcdf68c5d16bb3d6c295e278025e501c3fd455e3bdf9223b0d756dd7a2e73f,44e91bad9719bfa7632762c3416d60b0ba13213305b0c85115fd8ea6fa21aa42,0b3237017d90c9c6f2b1464b9a2836684c006ad0be3fec6645ae16fab0817fb0,2026-09-30T17:56:32Z
SubmitPartialDecryption,377,a96d4925bc931673b5f18a86d94819493901cd73f41ef79bad0d8ea54e73107d,92,72fcdf68c5d16bb3d6c295e278025e501c3fd455e3bdf9223b0d756dd7a2e73f,44e91bad9719bfa7632762c3416d60b0ba13213305b0c85115fd8ea6fa21aa42,0b3237017d90c9c6f2b1464b9a2836684c006ad0be3fec6645ae16fab0817fb0,2026-09-30T17:56:32Z
SubmitPartialDecryption,370,846788ce0a9f9fd641c28c21ce3bfece6d6616706db76f2e7e9ce486259b6ff3,92,72fcdf68c5d16bb3d6c295e278025e501c3fd455e3bdf9223b0d756dd7a2e73f,44e91bad9719bfa7632762c3416d60b0ba13213305b0c85115fd8ea6fa21aa42,0b3237017d90c9c6f2b1464b9a2836684c006ad0be3fec6645ae16fab0817fb0,2026-09-30T17:56:32Z
SubmitPartialDecryption,369,d5da846acd056a3e6ba4008706992f3d5c140db0e35bc00a5b66352fe31293f7,92,72fcdf68c5d16bb3d6c295e278025e501c3fd455e3bdf9223b0d756dd7a2e73f,44e91bad9719bfa7632762c3416d60b0ba13213305b0c85115fd8ea6fa21aa42,0b3237017d90c9c6f2b1464b9a2836684c006ad0be3fec6645ae16fab0817fb0,2026-09-30T17:56:32Z
SubmitPartialDecryption,372,e9c3f0de73c7301da586232d63e5bc94c4d84117060e8a72cd20cbf4b0f8338a,92,72fcdf68c5d16bb3d6c295e278025e501c3fd455e3bdf9223b0d756dd7a2e73f,44e91bad9719bfa7632762c3416d60b0ba13213305b0c85115fd8ea6fa21aa42,0b3237017d90c9c6f2b1464b9a2836684c006ad0be3fec6645ae16fab0817fb0,2026-09-30T17:56:32Z
SubmitPartialDecryption,380,a7f6416317760cd3069285dae37fdbb35d8507dbe1cc83ed89d0f15b61fa3b6a,92,72fcdf68c5d16bb3d6c295e278025e501c3fd455e3bdf9223b0d756dd7a2e73f,44e91bad9719bfa7632762c3416d60b0ba13213305b0c85115fd8ea6fa21aa42,0b3237017d90c9c6f2b1464b9a2836684c006ad0be3fec6645ae16fab0817fb0,2026-09-30T17:56:32Z
SubmitPartialDecryption,384,ac347526f97bcc1f0c144538702a1a982b1f23200c3441ffafce4d2b28f9292b,93,1b2fb72e81ec96f87a7fdd77f878b2fd7d09f75600023d99c90ab061d4f886e3,602568cc1ee4bd141e618e07708c8dcb3c0ee7dfd22b93597375adf51530c221,72fcdf68c5d16bb3d6c295e278025e501c3fd455e3bdf9223b0d756dd7a2e73f,2026-09-30T17:56:34Z
SubmitPartialDecryption,398,58a8af121cf80161768f2313cb234929e07bc97805f235d021b5069b13493e99,93,1b2fb72e81ec96f87a7fdd77f878b2fd7d09f75600023d99c90ab061d4f886e3,602568cc1ee4bd141e618e07708c8dcb3c0ee7dfd22b93597375adf51530c221,72fcdf68c5d16bb3d6c295e278025e501c3fd455e3bdf9223b0d756dd7a2e73f,2026-09-30T17:56:34Z
SubmitPartialDecryption,396,24409f51b4632f46862fdc1be3596d459bd251bf61795ed3ce7109f3255c9459,93,1b2fb72e81ec96f87a7fdd77f878b2fd7d09f75600023d99c90ab061d4f886e3,602568cc1ee4bd141e618e07708c8dcb3c0ee7dfd22b93597375adf51530c221,72fcdf68c5d16bb3d6c295e278025e501c3fd455e3bdf9223b0d756dd7a2e73f,2026-09-30T17:56:34Z
SubmitPartialDecryption,389,e08b627ed0682f301c6dd47d1991cece40d9143ba6cd2e74728ebc43d5074361,93,1b2fb72e81ec96f87a7fdd77f878b2fd7d09f75600023d99c90ab061d4f886e3,602568cc1ee4bd141e618e07708c8dcb3c0ee7dfd22b93597375adf51530c221,72fcdf68c5d16bb3d6c295e278025e501c3fd455e3bdf9223b0d756dd7a2e73f,2026-09-30T17:56:34Z
SubmitPartialDecryption,386,2f84effa04d6834ee280d5707703399dcb8fda099747c8efc6851d4d77251be6,93,1b2fb72e81ec96f87a7fdd77f878b2fd7d09f75600023d99c90ab061d4f886e3,602568cc1ee4bd141e618e07708c8dcb3c0ee7dfd22b93597375adf51530c221,72fcdf68c5d16bb3d6c295e278025e501c3fd455e3bdf9223b0d756dd7a2e73f,2026-09-30T17:56:34Z
SubmitPartialDecryption,393,daee8c2178556b5ff9ed6e167fc572209f22ca6b7939686875e45ad613af5308,93,1b2fb72e81ec96f87a7fdd77f878b2fd7d09f75600023d99c90ab061d4f886e3,602568cc1ee4bd141e618e07708c8dcb3c0ee7dfd22b93597375adf51530c221,72fcdf68c5d16bb3d6c295e278025e501c3fd455e3bdf9223b0d756dd7a2e73f,2026-09-30T17:56:34Z
SubmitPartialDecryption,391,01ec055cfa146837ef190e59feead08baf1a4d0acb859df7b3552854a66831d3,93,1b2fb72e81ec96f87a7fdd77f878b2fd7d09f75600023d99c90ab061d4f886e3,602568cc1ee4bd141e618e07708c8dcb3c0ee7dfd22b93597375adf51530c221,72fcdf68c5d16bb3d6c295e278025e501c3fd455e3bdf9223b0d756dd7a2e73f,2026-09-30T17:56:34Z
SubmitPartialDecryption,394,39a78e1b5affb86e26d97fb463dc5dc3b59f07f737d3106d1c8b7c56bf8d87a2,93,1b2fb72e81ec96f87a7fdd77f878b2fd7d09f75600023d99c90ab061d4f886e3,602568cc1ee4bd141e618e07708c8dcb3c0ee7dfd22b93597375adf51530c221,72fcdf68c5d16bb3d6c295e278025e501c3fd455e3bdf9223b0d756dd7a2e73f,2026-09-30T17:56:34Z
SubmitPartialDecryption,388,c42d80a2b7b0cf5f2a59942af37ca5167717df6d884f87d25fc6ecba7fc06d1d,93,1b2fb72e81ec96f87a7fdd77f878b2fd7d09f75600023d99c90ab061d4f886e3,602568cc1ee4bd141e618e07708c8dcb3c0ee7dfd22b93597375adf51530c221,72fcdf68c5d16bb3d6c295e278025e501c3fd455e3bdf9223b0d756dd7a2e73f,2026-09-30T17:56:34Z
SubmitPartialDecryption,387,834c0a996aca5604083a9f3592927111be7e303d340dbc8997d3ff9b86b89b64,93,1b2fb72e81ec96f87a7fdd77f878b2fd7d09f75600023d99c90ab061d4f886e3,602568cc1ee4bd141e618e07708c8dcb3c0ee7dfd22b93597375adf51530c221,72fcdf68c5d16bb3d6c295e278025e501c3fd455e3bdf9223b0d756dd7a2e73f,2026-09-30T17:56:34Z
SubmitPartialDecryption,392,4c60db91927a3c529eabdfad23457def6073e849502b3d85d4914a843614aba5,93,1b2fb72e81ec96f87a7fdd77f878b2fd7d09f75600023d99c90ab061d4f886e3,602568cc1ee4bd141e618e07708c8dcb3c0ee7dfd22b93597375adf51530c221,72fcdf68c5d16bb3d6c295e278025e501c3fd455e3bdf9223b0d756dd7a2e73f,2026-09-30T17:56:34Z
SubmitPartialDecryption,385,21d2e12d2d413d6f16f0a079c2af56a7ce5da11e5277fd3046fc3d0f1a4aa3bc,93,1b2fb72e81ec96f87a7fdd77f878b2fd7d09f75600023d99c90ab061d4f886e3,602568cc1ee4bd141e618e07708c8dcb3c0ee7dfd22b93597375adf51530c221,72fcdf68c5d16bb3d6c295e278025e501c3fd455e3bdf9223b0d756dd7a2e73f,2026-09-30T17:56:34Z
SubmitPartialDecryption,397,9c99045d03735b53882a5fb472cbc8708f7abd70066af48e5a3303791b1e7041,93,1b2fb72e81ec96f87a7fdd77f878b2fd7d09f75600023d99c90ab061d4f886e3,602568cc1ee4bd141e618e07708c8dcb3c0ee7dfd22b93597375adf51530c221,72fcdf68c5d16bb3d6c295e278025e501c3fd455e3bdf9223b0d756dd7a2e73f,2026-09-30T17:56:34Z
SubmitPartialDecryption,395,5a57fa4e0bf1366c9b00cf20af87f994a846c8b9874cc1f896a5285fca2332fb,93,1b2fb72e81ec96f87a7fdd77f878b2fd7d09f75600023d99c90ab061d4f886e3,602568cc1ee4bd141e618e07708c8dcb3c0ee7dfd22b93597375adf51530c221,72fcdf68c5d16bb3d6c295e278025e501c3fd455e3bdf9223b0d756dd7a2e73f,2026-09-30T17:56:34Z
SubmitPartialDecryption,390,98b9baea6e669f6aaf785ae8c6dbffb5a8b178546aad18a710ebf3454fee9752,93,1b2fb72e81ec96f87a7fdd77f878b2fd7d09f75600023d99c90ab061d4f886e3,602568cc1ee4bd141e618e07708c8dcb3c0ee7dfd22b93597375adf51530c221,72fcdf68c5d16bb3d6c295e278025e501c3fd455e3bdf9223b0d756dd7a2e73f,2026-09-30T17:56:34Z
SubmitPartialDecryption,399,7b8138b75d31ed8d27bec62bd8bed272b4a10f56082418202729180d8461d6e3,93,1b2fb72e81ec96f87a7fdd77f878b2fd7d09f75600023d99c90ab061d4f886e3,602568cc1ee4bd141e618e07708c8dcb3c0ee7dfd22b93597375adf51530c221,72fcdf68c5d16bb3d6c295e278025e501c3fd455e3bdf9223b0d756dd7a2e73f,2026-09-30T17:56:34Z
SubmitPartialDecryption,404,2aead138448e9a3abc4c9dfbab5cad68babb85518f367bfd7f42a45a4c4a608e,94,6292be4620b8826b07c161bdf5617b0f97c5d18c5de40666c2975ed066c59783,71cd89b5d36de33ea0e2e8f4001d49a55c559f2967bdbec452a4e1218b71e5a9,1b2fb72e81ec96f87a7fdd77f878b2fd7d09f75600023d99c90ab061d4f886e3,2026-09-30T17:56:37Z
SubmitPartialDecryption,406,8bcc36b2d7e529cabb4572107477c85f7f1004c395fe69cb40f47bd28621021c,94,6292be4620b8826b07c161bdf5617b0f97c5d18c5de40666c2975ed066c59783,71cd89b5d36de33ea0e2e8f4001d49a55c559f2967bdbec452a4e1218b71e5a9,1b2fb72e81ec96f87a7fdd77f878b2fd7d09f75600023d99c90ab061d4f886e3,2026-09-30T17:56:37Z
SubmitPartialDecryption,411,7427e8ac383620985799ef9eedbf9fd5659e2695181d7da925770b8fe3823268,94,6292be4620b8826b07c161bdf5617b0f97c5d18c5de40666c2975ed066c59783,71cd89b5d36de33ea0e2e8f4001d49a55c559f2967bdbec452a4e1218b71e5a9,1b2fb72e81ec96f87a7fdd77f878b2fd7d09f75600023d99c90ab061d4f886e3,2026-09-30T17:56:37Z
SubmitPartialDecryption,408,9bc0332d8e95e892a6d344b61c682e17d19270f4cbc8c936cc844ea4b779b3b4,94,6292be4620b8826b07c161bdf5617b0f97c5d18c5de40666c2975ed066c59783,71cd89b5d36de33ea0e2e8f4001d49a55c559f2967bdbec452a4e1218b71e5a9,1b2fb72e81ec96f87a7fdd77f878b2fd7d09f75600023d99c90ab061d4f886e3,2026-09-30T17:56:37Z
SubmitPartialDecryption,415,aeec5c604a54b3f8c55ff77c212110ee69f269fc7b77ee101f96ab4f9f69c433,94,6292be4620b8826b07c161bdf5617b0f97c5d18c5de40666c2975ed066c59783,71cd89b5d36de33ea0e2e8f4001d49a55c559f2967bdbec452a4e1218b71e5a9,1b2fb72e81ec96f87a7fdd77f878b2fd7d09f75600023d99c90ab061d4f886e3,2026-09-30T17:56:37Z
SubmitPartialDecryption,405,eafc48d495e5fa5746477144d9ca177db60249a012db99c44d5e176d95c5edfc,94,6292be4620b8826b07c161bdf5617b0f97c5d18c5de40666c2975ed066c59783,71cd89b5d36de33ea0e2e8f4001d49a55c559f2967bdbec452a4e1218b71e5a9,1b2fb72e81ec96f87a7fdd77f878b2fd7d09f75600023d99c90ab061d4f886e3,2026-09-30T17:56:37Z
SubmitPartialDecryption,400,e0047362dcf8331f0306b1bdf48836f77fa1549992e296ac6712006dad69bc09,94,6292be4620b8826b07c161bdf5617b0f97c5d18c5de40666c2975ed066c59783,71cd89b5d36de33ea0e2e8f4001d49a55c559f2967bdbec452a4e1218b71e5a9,1b2fb72e81ec96f87a7fdd77f878b2fd7d09f75600023d99c90ab061d4f886e3,2026-09-30T17:56:37Z
SubmitPartialDecryption,410,6f1d10cae56c4b5d526c5f8b1f914d02c4604a1878d93e989f57b145ecd4fc1d,94,6292be4620b8826b07c161bdf5617b0f97c5d18c5de40666c2975ed066c59783,71cd89b5d36de33ea0e2e8f4001d49a55c559f2967bdbec452a4e1218b71e5a9,1b2fb72e81ec96f87a7fdd77f878b2fd7d09f75600023d99c90ab061d4f886e3,2026-09-30T17:56:37Z
SubmitPartialDecryption,407,cf414ce96ee814a4ffcb670240ddd4c9deb8d5dc0019be3ecb40a67d82a6a85d,94,6292be4620b8826b07c161bdf5617b0f97c5d18c5de40666c2975ed066c59783,71cd89b5d36de33ea0e2e8f4001d49a55c559f2967bdbec452a4e1218b71e5a9,1b2fb72e81ec96f87a7fdd77f878b2fd7d09f75600023d99c90ab061d4f886e3,2026-09-30T17:56:37Z
SubmitPartialDecryption,401,5a206f992bb037fadaddae2dcac235d4afc8995421ff5f23590f20dfe73b5eac,94,6292be4620b8826b07c161bdf5617b0f97c5d18c5de40666c2975ed066c59783,71cd89b5d36de33ea0e2e8f4001d49a55c559f2967bdbec452a4e1218b71e5a9,1b2fb72e81ec96f87a7fdd77f878b2fd7d09f75600023d99c90ab061d4f886e3,2026-09-30T17:56:37Z
SubmitPartialDecryption,412,b3ddbb6b8ac08bbe842505c3cf695d365fa1ead485db409009c3aafa15a53108,94,6292be4620b8826b07c161bdf5617b0f97c5d18c5de40666c2975ed066c59783,71cd89b5d36de33ea0e2e8f4001d49a55c559f2967bdbec452a4e1218b71e5a9,1b2fb72e81ec96f87a7fdd77f878b2fd7d09f75600023d99c90ab061d4f886e3,2026-09-30T17:56:37Z
SubmitPartialDecryption,403,befbee13ddca88d08ab60e14b9fb1f52e92c2d3c8f2189122f33b5bb905f677e,94,6292be4620b8826b07c161bdf5617b0f97c5d18c5de40666c2975ed066c59783,71cd89b5d36de33ea0e2e8f4001d49a55c559f2967bdbec452a4e1218b71e5a9,1b2fb72e81ec96f87a7fdd77f878b2fd7d09f75600023d99c90ab061d4f886e3,2026-09-30T17:56:37Z
SubmitPartialDecryption,409,4fc2588cfa78b92de8236427a962d7c18703d27ee55cc45d267ea338e0fe3eb8,94,6292be4620b8826b07c161bdf5617b0f97c5d18c5de40666c2975ed066c59783,71cd89b5d36de33ea0e2e8f4001d49a55c559f2967bdbec452a4e1218b71e5a9,1b2fb72e81ec96f87a7fdd77f878b2fd7d09f75600023d99c90ab061d4f886e3,2026-09-30T17:56:37Z
SubmitPartialDecryption,402,53a0cea87e8f8347db067db1018fc1ead594d83ce3102fd4e7e492e73cf05f6c,94,6292be4620b8826b07c161bdf5617b0f97c5d18c5de40666c2975ed066c59783,71cd89b5d36de33ea0e2e8f4001d49a55c559f2967bdbec452a4e1218b71e5a9,1b2fb72e81ec96f87a7fdd77f878b2fd7d09f75600023d99c90ab061d4f886e3,2026-09-30T17:56:37Z
SubmitPartialDecryption,414,b3d944b69e42e31a139a3f60d85be0f4c0e662ba99cd734ac6ab9c12d9bb22a0,94,6292be4620b8826b07c161bdf5617b0f97c5d18c5de40666c2975ed066c59783,71cd89b5d36de33ea0e2e8f4001d49a55c559f2967bdbec452a4e1218b71e5a9,1b2fb72e81ec96f87a7fdd77f878b2fd7d09f75600023d99c90ab061d4f886e3,2026-09-30T17:56:37Z
SubmitPartialDecryption,413,caf7a0af773cee9e7fed059a82bac899fdfd7135f3a8fb164016b1b0307554ed,94,6292be4620b8826b07c161bdf5617b0f97c5d18c5de40666c2975ed066c59783,71cd89b5d36de33ea0e2e8f4001d49a55c559f2967bdbec452a4e1218b71e5a9,1b2fb72e81ec96f87a7fdd77f878b2fd7d09f75600023d99c90ab061d4f886e3,2026-09-30T17:56:37Z
SubmitPartialDecryption,416,3f06810ab6ce2cd7ae4d07e856fbcfd2c365def9b6d71d17983c0d7db59c4c72,95,00bd2ff16a3d696da2fd03a2a1485a5a2140414acfc49c19ef0a204b4365fd0a,65800c706326f6e298832818d4104b1f134173b3668b2cea65e3e71fc1efe086,6292be4620b8826b07c161bdf5617b0f97c5d18c5de40666c2975ed066c59783,2026-09-30T17:56:39Z
SubmitPartialDecryption,419,b7e76c9a4b3ea1175168ffe3c5a1093c3f22b809be734ab9257ed3777dfec149,95,00bd2ff16a3d696da2fd03a2a1485a5a2140414acfc49c19ef0a204b4365fd0a,65800c706326f6e298832818d4104b1f134173b3668b2cea65e3e71fc1efe086,6292be4620b8826b07c161bdf5617b0f97c5d18c5de40666c2975ed066c59783,2026-09-30T17:56:39Z
SubmitPartialDecryption,418,ff1460ad35beed70daab6ac0e595c8de47f5693d1df87fc978d32f2705e88540,95,00bd2ff16a3d696da2fd03a2a1485a5a2140414acfc49c19ef0a204b4365fd0a,65800c706326f6e298832818d4104b1f134173b3668b2cea65e3e71fc1efe086,6292be4620b8826b07c161bdf5617b0f97c5d18c5de40666c2975ed066c59783,2026-09-30T17:56:39Z
SubmitPartialDecryption,417,db38be48549cdb71983b2fccc2bc3a9e26980fb7abb5aab7a3655846e3f2de56,95,00bd2ff16a3d696da2fd03a2a1485a5a2140414acfc49c19ef0a204b4365fd0a,65800c706326f6e298832818d4104b1f134173b3668b2cea65e3e71fc1efe086,6292be4620b8826b07c161bdf5617b0f97c5d18c5de40666c2975ed066c59783,2026-09-30T17:56:39Z
PublishTally,,93879dc9ac31374e51bdae3f2cfc794024f7a3138572e6275f763589e0ca264f,96,c80a8120770349d982e3541245780ec7e14023ae78d4a3991b31cd2eeefe2809,c9908cca0affc51ddbf8645a0488e9811de4ceda8b72474c68ae60e23165b141,00bd2ff16a3d696da2fd03a2a1485a5a2140414acfc49c19ef0a204b4365fd0a,2026-09-30T17:56:41Z
