event,ref,tx_id,block_number,block_hash,data_hash,previous_hash,timestamp
CreateElection,,1fb05822a4bad79ffc68d6a97f91748532434505784c4bebfc8edefc8a40c277,188,be104393969a8dc300bfbf8513d05f5b93fec3a149c31f733ee58bb5b69c9176,3514e6c8309171ad72aaf2d1c6a2707036dfe044028b0d4111f0d25ef263f42f,e7422886b0a0714ec3d5d3c0d68b72296511c4eec30071e2daceff4f7f4fae26,2026-09-30T17:43:22Z
PublishDKGTranscript,,1fcf98e56be5688115df19d505e54c45215ee50ac5363d98756c908c60a553e5,189,bf16a43e55379111551326a877a0b42718334491fec8b7157232984fc5ddcec7,5fbbb8bb1c6e92c5ef7f319ec992a3e53468a5ca38ebefa64cafb27947c58698,be104393969a8dc300bfbf8513d05f5b93fec3a149c31f733ee58bb5b69c9176,2026-09-30T17:43:24Z
CloseElection,,9dfa28529c6198bbe86d00ad63ca9efd60c4a11104b8bcec96f10a1b12580ce5,250,e8b338a3453ce553bd4027ff5d6ee02e735f0b00f3703d75e39944f560d99299,04e5e9342f74c9e57cee048862f015b1d8ca509b269982de7fbf4ea6030e88d8,a58922e3aaa4c952f27cc7cd9b7b3ce895a4bb0cf5d05e21eafe5e00726c4bf5,2026-09-30T17:43:40Z
SubmitPartialDecryption,13,962cd37f3ac957da143e974aae781202e58fb9e751113cc750d8afa9a08b4d45,251,30fdd146dd9683c22d34f1cee7a0d043d40b20225fb05d98b4ea3e2b30f3e9c0,d31c6d0d530ba3f3113167b02b6bb36109ce1102ec04e299d782b205a196cab9,e8b338a3453ce553bd4027ff5d6ee02e735f0b00f3703d75e39944f560d99299,2026-09-30T17:43:42Z
SubmitPartialDecryption,15,70a32713fbe5594fd323a792df4cdd97ff1d6aa5a86cd993a8734e1b7cc9d598,251,30fdd146dd9683c22d34f1cee7a0d043d40b20225fb05d98b4ea3e2b30f3e9c0,d31c6d0d530ba3f3113167b02b6bb36109ce1102ec04e299d782b205a196cab9,e8b338a3453ce553bd4027ff5d6ee02e735f0b00f3703d75e39944f560d99299,2026-09-30T17:43:42Z
SubmitPartialDecryption,4,3cba2511ca216d3b8bf560b9f38fd841919405629b1389ac3406f575dc4e79a5,251,30fdd146dd9683c22d34f1cee7a0d043d40b20225fb05d98b4ea3e2b30f3e9c0,d31c6d0d530ba3f3113167b02b6bb36109ce1102ec04e299d782b205a196cab9,e8b338a3453ce553bd4027ff5d6ee02e735f0b00f3703d75e39944f560d99299,2026-09-30T17:43:42Z
SubmitPartialDecryption,12,af5afb9c1fa1852f338d92d3116b608951c5d5977b46c1b4b719a0a91fc77e42,251,30fdd146dd9683c22d34f1cee7a0d043d40b20225fb05d98b4ea3e2b30f3e9c0,d31c6d0d530ba3f3113167b02b6bb36109ce1102ec04e299d782b205a196cab9,e8b338a3453ce553bd4027ff5d6ee02e735f0b00f3703d75e39944f560d99299,2026-09-30T17:43:42Z
SubmitPartialDecryption,0,e114daffe15105854493f773e46ab75f88891a3bb02d1a0c5bcaa1c45af16cc7,251,30fdd146dd9683c22d34f1cee7a0d043d40b20225fb05d98b4ea3e2b30f3e9c0,d31c6d0d530ba3f3113167b02b6bb36109ce1102ec04e299d782b205a196cab9,e8b338a3453ce553bd4027ff5d6ee02e735f0b00f3703d75e39944f560d99299,2026-09-30T17:43:42Z
SubmitPartialDecryption,7,fa728ce28735e72f1d765c52d05040e9b6da4bc04fd046761ee4a35592a22fd3,251,30fdd146dd9683c22d34f1cee7a0d043d40b20225fb05d98b4ea3e2b30f3e9c0,d31c6d0d530ba3f3113167b02b6bb36109ce1102ec04e299d782b205a196cab9,e8b338a3453ce553bd4027ff5d6ee02e735f0b00f3703d75e39944f560d99299,2026-09-30T17:43:42Z
SubmitPartialDecryption,2,3f627f331b15d83844ad611fc0a2a70957fedf1a3f838f8ff2e0a4244a4b3b63,251,30fdd146dd9683c22d34f1cee7a0d043d40b20225fb05d98b4ea3e2b30f3e9c0,d31c6d0d530ba3f3113167b02b6bb36109ce1102ec04e299d782b205a196cab9,e8b338a3453ce553bd4027ff5d6ee02e735f0b00f3703d75e39944f560d99299,2026-09-30T17:43:42Z
SubmitPartialDecryption,1,1771a60097a2812d474ac3e11db698c27cc53a388fbc3c03514159a9b4e4345f,251,30fdd146dd9683c22d34f1cee7a0d043d40b20225fb05d98b4ea3e2b30f3e9c0,d31c6d0d530ba3f3113167b02b6bb36109ce1102ec04e299d782b205a196cab9,e8b338a3453ce553bd4027ff5d6ee02e735f0b00f3703d75e39944f560d99299,2026-09-30T17:43:42Z
SubmitPartialDecryption,14,885ce613b1fd4a4cdfe6f604fb8d720c87c55476bd970a7ebf816e145f23232b,251,30fdd146dd9683c22d34f1cee7a0d043d40b20225fb05d98b4ea3e2b30f3e9c0,d31c6d0d530ba3f3113167b02b6bb36109ce1102ec04e299d782b205a196cab9,e8b338a3453ce553bd4027ff5d6ee02e735f0b00f3703d75e39944f560d99299,2026-09-30T17:43:42Z
SubmitPartialDecryption,5,cf3ffa711bd3c38807ce81edccf3641e54f920075a1b298ee914f15f97587d26,251,30fdd146dd9683c22d34f1cee7a0d043d40b20225fb05d98b4ea3e2b30f3e9c0,d31c6d0d530ba3f3113167b02b6bb36109ce1102ec04e299d782b205a196cab9,e8b338a3453ce553bd4027ff5d6ee02e735f0b00f3703d75e39944f560d99299,2026-09-30T17:43:42Z
SubmitPartialDecryption,3,bd730674ff6c013802ecf1d13a68e99d9c0c520b520a5ee4432549cae6dcbb4f,251,30fdd146dd9683c22d34f1cee7a0d043d40b20225fb05d98b4ea3e2b30f3e9c0,d31c6d0d530ba3f3113167b02b6bb36109ce1102ec04e299d782b205a196cab9,e8b338a3453ce553bd4027ff5d6ee02e735f0b00f3703d75e39944f560d99299,2026-09-30T17:43:42Z
SubmitPartialDecryption,6,91486f7356ce71bb89cf42f058160a7fb94d7ebb81598fa8d4bad1b8591343c7,251,30fdd146dd9683c22d34f1cee7a0d043d40b20225fb05d98b4ea3e2b30f3e9c0,d31c6d0d530ba3f3113167b02b6bb36109ce1102ec04e299d782b205a196cab9,e8b338a3453ce553bd4027ff5d6ee02e735f0b00f3703d75e39944f560d99299,2026-09-30T17:43:42Z
SubmitPartialDecryption,8,c4eacf75f540b6a051a7074cf03dcf6159789e440213335a072c6ab08e8e610c,251,30fdd146dd9683c22d34f1cee7a0d043d40b20225fb05d98b4ea3e2b30f3e9c0,d31c6d0d530ba3f3113167b02b6bb36109ce1102ec04e299d782b205a196cab9,e8b338a3453ce553bd4027ff5d6ee02e735f0b00f3703d75e39944f560d99299,2026-09-30T17:43:42Z
SubmitPartialDecryption,9,d67a61bc30459926157c24d9444b2c1faa66c9f3a7a513518a7647d54f845e0a,251,30fdd146dd9683c22d34f1cee7a0d043d40b20225fb05d98b4ea3e2b30f3e9c0,d31c6d0d530ba3f3113167b02b6bb36109ce1102ec04e299d782b205a196cab9,e8b338a3453ce553bd4027ff5d6ee02e735f0b00f3703d75e39944f560d99299,2026-09-30T17:43:42Z
SubmitPartialDecryption,11,7eb11b568b70aae579414094cc26bcef427f205d19b0d661f49c7d41230d8bcd,251,30fdd146dd9683c22d34f1cee7a0d043d40b20225fb05d98b4ea3e2b30f3e9c0,d31c6d0d530ba3f3113167b02b6bb36109ce1102ec04e299d782b205a196cab9,e8b338a3453ce553bd4027ff5d6ee02e735f0b00f3703d75e39944f560d99299,2026-09-30T17:43:42Z
SubmitPartialDecryption,10,2519cbe571c24661e64695682f9c0dd911c5ad7a073f3054b896ba0e33ffd5fe,251,30fdd146dd9683c22d34f1cee7a0d043d40b20225fb05d98b4ea3e2b30f3e9c0,d31c6d0d530ba3f3113167b02b6bb36109ce1102ec04e299d782b205a196cab9,e8b338a3453ce553bd4027ff5d6ee02e735f0b00f3703d75e39944f560d99299,2026-09-30T17:43:42Z
SubmitPartialDecryption,20,9be92cffbd9b206e33c1ca83fc2d4de62fb5b532b2d54ffd951d1d1c8747138d,252,95e3bc9e8880e5db18628c66f22a64f54353ae0899862ef875c548548933ac5c,fb9482f220b52c882fbe9aa007dcfdfda58985bd4d585325c1015603e4693659,30fdd146dd9683c22d34f1cee7a0d043d40b20225fb05d98b4ea3e2b30f3e9c0,2026-09-30T17:43:44Z
SubmitPartialDecryption,31,2aa9fb090b40420dbd5fab23f09ccd5f479582942165a998f1514ef680638cfc,252,95e3bc9e8880e5db18628c66f22a64f54353ae0899862ef875c548548933ac5c,fb9482f220b52c882fbe9aa007dcfdfda58985bd4d585325c1015603e4693659,30fdd146dd9683c22d34f1cee7a0d043d40b20225fb05d98b4ea3e2b30f3e9c0,2026-09-30T17:43:44Z
SubmitPartialDecryption,21,e9fc66ea3fc0029909e3f6eb458a11d548a0875468afb8ad77f0236c3abeccf6,252,95e3bc9e8880e5db18628c66f22a64f54353ae0899862ef875c548548933ac5c,fb9482f220b52c882fbe9aa007dcfdfda58985bd4d585325c1015603e4693659,30fdd146dd9683c22d34f1cee7a0d043d40b20225fb05d98b4ea3e2b30f3e9c0,2026-09-30T17:43:44Z
SubmitPartialDecryption,27,1c2ee9e5e5f2616c1e4a11665ff5978f21dd806e8cfc3601b8454b5fd89f6896,252,95e3bc9e8880e5db18628c66f22a64f54353ae0899862ef875c548548933ac5c,fb9482f220b52c882fbe9aa007dcfdfda58985bd4d585325c1015603e4693659,30fdd146dd9683c22d34f1cee7a0d043d40b20225fb05d98b4ea3e2b30f3e9c0,2026-09-30T17:43:44Z
SubmitPartialDecryption,16,4a5af62d35919f5b08d3909d37c988b9e08ee4be4f9c77d409087b4773bc3700,252,95e3bc9e8880e5db18628c66f22a64f54353ae0899862ef875c548548933ac5c,fb9482f220b52c882fbe9aa007dcfdfda58985bd4d585325c1015603e4693659,30fdd146dd9683c22d34f1cee7a0d043d40b20225fb05d98b4ea3e2b30f3e9c0,2026-09-30T17:43:44Z
SubmitPartialDecryption,30,6ffe40e05465e48756d6c92679da8da3936479e36cab7828fa2da18fff53bd93,252,95e3bc9e8880e5db18628c66f22a64f54353ae0899862ef875c548548933ac5c,fb9482f220b52c882fbe9aa007dcfdfda58985bd4d585325c1015603e4693659,30fdd146dd9683c22d34f1cee7a0d043d40b20225fb05d98b4ea3e2b30f3e9c0,2026-09-30T17:43:44Z
SubmitPartialDecryption,18,b633f31ed941d57b740e65e3468070cc5b1aa5be9661f7a7149d42e7a810e25f,252,95e3bc9e8880e5db18628c66f22a64f54353ae0899862ef875c548548933ac5c,fb9482f220b52c882fbe9aa007dcfdfda58985bd4d585325c1015603e4693659,30fdd146dd9683c22d34f1cee7a0d043d40b20225fb05d98b4ea3e2b30f3e9c0,2026-09-30T17:43:44Z
SubmitPartialDecryption,23,789f8904be416a060931152e4aba0873b9a30ae716801f23f6a22e15b558d6ff,252,95e3bc9e8880e5db18628c66f22a64f54353ae0899862ef875c548548933ac5c,fb9482f220b52c882fbe9aa007dcfdfda58985bd4d585325c1015603e4693659,30fdd146dd9683c22d34f1cee7a0d043d40b20225fb05d98b4ea3e2b30f3e9c0,2026-09-30T17:43:44Z
SubmitPartialDecryption,19,7f98000ec3729ab49ed99687ee10b3cb698df92ece63fcb505404711a7ad776b,252,95e3bc9e8880e5db18628c66f22a64f54353ae0899862ef875c548548933ac5c,fb9482f220b52c882fbe9aa007dcfdfda58985bd4d585325c1015603e4693659,30fdd146dd9683c22d34f1cee7a0d043d40b20225fb05d98b4ea3e2b30f3e9c0,2026-09-30T17:43:44Z
SubmitPartialDecryption,28,64ef00fa4efa5c3d56f9320125cce310c1978a65a1e1500bb5ea36916956f27b,252,95e3bc9e8880e5db18628c66f22a64f54353ae0899862ef875c548548933ac5c,fb9482f220b52c882fbe9aa007dcfdfda58985bd4d585325c1015603e4693659,30fdd146dd9683c22d34f1cee7a0d043d40b20225fb05d98b4ea3e2b30f3e9c0,2026-09-30T17:43:44Z
SubmitPartialDecryption,22,83b621685f6e8a4f3de7d12d515c256f7b72e1d8261e1b99f3cace380f15cf1b,252,95e3bc9e8880e5db18628c66f22a64f54353ae0899862ef875c548548933ac5c,fb9482f220b52c882fbe9aa007dcfdfda58985bd4d585325c1015603e4693659,30fdd146dd9683c22d34f1cee7a0d043d40b20225fb05d98b4ea3e2b30f3e9c0,2026-09-30T17:43:44Z
SubmitPartialDecryption,17,a86bfd9a9e0181421e3abc22424a51a09498b3c37f6c6ea55181d98518ade917,252,95e3bc9e8880e5db18628c66f22a64f54353ae0899862ef875c548548933ac5c,fb9482f220b52c882fbe9aa007dcfdfda58985bd4d585325c1015603e4693659,30fdd146dd9683c22d34f1cee7a0d043d40b20225fb05d98b4ea3e2b30f3e9c0,2026-09-30T17:43:44Z
SubmitPartialDecryption,26,5428146d4811ca13d870e0bbb1b7d85d82042be1813c5e15cc90f95343b43ce6,252,95e3bc9e8880e5db18628c66f22a64f54353ae0899862ef875c548548933ac5c,fb9482f220b52c882fbe9aa007dcfdfda58985bd4d585325c1015603e4693659,30fdd146dd9683c22d34f1cee7a0d043d40b20225fb05d98b4ea3e2b30f3e9c0,2026-09-30T17:43:44Z
SubmitPartialDecryption,29,5d5c60e2a3459a26769427f604f398256f7df8c0d5f3c4dc2c934e49d6537910,252,95e3bc9e8880e5db18628c66f22a64f54353ae0899862ef875c548548933ac5c,fb9482f220b52c882fbe9aa007dcfdfda58985bd4d585325c1015603e4693659,30fdd146dd9683c22d34f1cee7a0d043d40b20225fb05d98b4ea3e2b30f3e9c0,2026-09-30T17:43:44Z
SubmitPartialDecryption,24,5f0e0fac376ed13c46c2a5f5537646ffbc6f9139979b7b76ecb574d4a07acdd6,252,95e3bc9e8880e5db18628c66f22a64f54353ae0899862ef875c548548933ac5c,fb9482f220b52c882fbe9aa007dcfdfda58985bd4d585325c1015603e4693659,30fdd146dd9683c22d34f1cee7a0d043d40b20225fb05d98b4ea3e2b30f3e9c0,2026-09-30T17:43:44Z
SubmitPartialDecryption,25,5c2c303e6f66196cfac50952655dba8eb07c682b85c48c0ecec9388c1b4a8ee0,252,95e3bc9e8880e5db18628c66f22a64f54353ae0899862ef875c548548933ac5c,fb9482f220b52c882fbe9aa007dcfdfda58985bd4d585325c1015603e4693659,30fdd146dd9683c22d34f1cee7a0d043d40b20225fb05d98b4ea3e2b30f3e9c0,2026-09-30T17:43:44Z
SubmitPartialDecryption,38,9f868db31baa0a7bce46a3053a2c7c39047716b230df15acdf5b7fd40b6b0af4,253,482e6560c0db179c9277ba86e67e613e24b2000af8e4579394f1a0cbd51f2a23,224eeb75913b195a028d9a4b74922e4c768784732af86ac641b4e71f039bc79d,95e3bc9e8880e5db18628c66f22a64f54353ae0899862ef875c548548933ac5c,2026-09-30T17:43:46Z
SubmitPartialDecryption,35,313799ca91dcd69208cdaffda7b9cacf261a80462107f203fbb7a0e5b7cfd42d,253,482e6560c0db179c9277ba86e67e613e24b2000af8e4579394f1a0cbd51f2a23,224eeb75913b195a028d9a4b74922e4c768784732af86ac641b4e71f039bc79d,95e3bc9e8880e5db18628c66f22a64f54353ae0899862ef875c548548933ac5c,2026-09-30T17:43:46Z
SubmitPartialDecryption,46,cee60227bd1b238f299c07f5c7e9a92f72d39932bd7fe92ab1595200bf04b04f,253,482e6560c0db179c9277ba86e67e613e24b2000af8e4579394f1a0cbd51f2a23,224eeb75913b195a028d9a4b74922e4c768784732af86ac641b4e71f039bc79d,95e3bc9e8880e5db18628c66f22a64f54353ae0899862ef875c548548933ac5c,2026-09-30T17:43:46Z
SubmitPartialDecryption,47,0b9905465774556aa5fea675eeed3ddb0322a6aedd6ff4285ce76481d29bd68c,253,482e6560c0db179c9277ba86e67e613e24b2000af8e4579394f1a0cbd51f2a23,224eeb75913b195a028d9a4b74922e4c768784732af86ac641b4e71f039bc79d,95e3bc9e8880e5db18628c66f22a64f54353ae0899862ef875c548548933ac5c,2026-09-30T17:43:46Z
SubmitPartialDecryption,41,a827cfdfc3d6bef3784878b7cb8a536c74ed71c90010f79b285e9407a99ea4be,253,482e6560c0db179c9277ba86e67e613e24b2000af8e4579394f1a0cbd51f2a23,224eeb75913b195a028d9a4b74922e4c768784732af86ac641b4e71f039bc79d,95e3bc9e8880e5db18628c66f22a64f54353ae0899862ef875c548548933ac5c,2026-09-30T17:43:46Z
SubmitPartialDecryption,36,fbf56eeafff0a91d1440fae57b88ba00c3f200ac432812e4e71ec2ea4064afa4,253,482e6560c0db179c9277ba86e67e613e24b2000af8e4579394f1a0cbd51f2a23,224eeb75913b195a028d9a4b74922e4c768784732af86ac641b4e71f039bc79d,95e3bc9e8880e5db18628c66f22a64f54353ae0899862ef875c548548933ac5c,2026-09-30T17:43:46Z
SubmitPartialDecryption,37,c4243506fbc8090ddfae0324aceec620106bcde4a646797d9ab3fe76fc343457,253,482e6560c0db179c9277ba86e67e613e24b2000af8e4579394f1a0cbd51f2a23,224eeb75913b195a028d9a4b74922e4c768784732af86ac641b4e71f039bc79d,95e3bc9e8880e5db18628c66f22a64f54353ae0899862ef875c548548933ac5c,2026-09-30T17:43:46Z
SubmitPartialDecryption,43,6ef22816895344899ff2dcca69f59847f5612cddaf667714bb7c92c050874276,253,482e6560c0db179c9277ba86e67e613e24b2000af8e4579394f1a0cbd51f2a23,224eeb75913b195a028d9a4b74922e4c768784732af86ac641b4e71f039bc79d,95e3bc9e8880e5db18628c66f22a64f54353ae0899862ef875c548548933ac5c,2026-09-30T17:43:46Z
SubmitPartialDecryption,42,5b2a0e2e37e7c3b1c2a8556d38e287b1388cd99410da9967f630c94b03915a01,253,482e6560c0db179c9277ba86e67e613e24b2000af8e4579394f1a0cbd51f2a23,224eeb75913b195a028d9a4b74922e4c768784732af86ac641b4e71f039bc79d,95e3bc9e8880e5db18628c66f22a64f54353ae0899862ef875c548548933ac5c,2026-09-30T17:43:46Z
SubmitPartialDecryption,40,8ef488f30c4dd312a11edd160c9331db70349371e7c3cd691bf16c4280985c17,253,482e6560c0db179c9277ba86e67e613e24b2000af8e4579394f1a0cbd51f2a23,224eeb75913b195a028d9a4b74922e4c768784732af86ac641b4e71f039bc79d,95e3bc9e8880e5db18628c66f22a64f54353ae0899862ef875c548548933ac5c,2026-09-30T17:43:46Z
SubmitPartialDecryption,32,a88265f42fe5017c5ff5e71d32449e4aa39b954527c1fc9e085af48c4ee1ab12,253,482e6560c0db179c9277ba86e67e613e24b2000af8e4579394f1a0cbd51f2a23,224eeb75913b195a028d9a4b74922e4c768784732af86ac641b4e71f039bc79d,95e3bc9e8880e5db18628c66f22a64f54353ae0899862ef875c548548933ac5c,2026-09-30T17:43:46Z
SubmitPartialDecryption,34,a7f6d168d7dda3c25cd6267b0e030cf736f72df102387ab48a423231d0804eb0,253,482e6560c0db179c9277ba86e67e613e24b2000af8e4579394f1a0cbd51f2a23,224eeb75913b195a028d9a4b74922e4c768784732af86ac641b4e71f039bc79d,95e3bc9e8880e5db18628c66f22a64f54353ae0899862ef875c548548933ac5c,2026-09-30T17:43:46Z
SubmitPartialDecryption,33,4488147ad3c6e9877775afb818060fb7936ba5ed0b3e63dbdeeaae6cb26b8478,253,482e6560c0db179c9277ba86e67e613e24b2000af8e4579394f1a0cbd51f2a23,224eeb75913b195a028d9a4b74922e4c768784732af86ac641b4e71f039bc79d,95e3bc9e8880e5db18628c66f22a64f54353ae0899862ef875c548548933ac5c,2026-09-30T17:43:46Z
SubmitPartialDecryption,45,e3ecdbb0000a021b6ac06eff799e421acf72269c687c6811afdbd408d32abf06,253,482e6560c0db179c9277ba86e67e613e24b2000af8e4579394f1a0cbd51f2a23,224eeb75913b195a028d9a4b74922e4c768784732af86ac641b4e71f039bc79d,95e3bc9e8880e5db18628c66f22a64f54353ae0899862ef875c548548933ac5c,2026-09-30T17:43:46Z
SubmitPartialDecryption,39,b76dd9da804d3569b9448508c8dbf84446b57d7df9e0f52bbdc47317f3e83fb4,253,482e6560c0db179c9277ba86e67e613e24b2000af8e4579394f1a0cbd51f2a23,224eeb75913b195a028d9a4b74922e4c768784732af86ac641b4e71f039bc79d,95e3bc9e8880e5db18628c66f22a64f54353ae0899862ef875c548548933ac5c,2026-09-30T17:43:46Z
SubmitPartialDecryption,44,b4e915c33f07f48b26b3d702993d0b568db067b51fb9eb9fc8d9d2527ab583ce,253,482e6560c0db179c9277ba86e67e613e24b2000af8e4579394f1a0cbd51f2a23,224eeb75913b195a028d9a4b74922e4c768784732af86ac641b4e71f039bc79d,95e3bc9e8880e5db18628c66f22a64f54353ae0899862ef875c548548933ac5c,2026-09-30T17:43:46Z
SubmitPartialDecryption,63,34bc16b80d5aa685e5be86a73baadab0f6add336976e80ac25e630b6dfa11723,254,d466ac1cb4cfdd5ef56388e84bd5ef107f6dd2ce1fa543104ae65574cd395e5d,0516d55975c423d54c078f7fee18b8d395c0f15365e09ace6afadf402440b022,482e6560c0db179c9277ba86e67e613e24b2000af8e4579394f1a0cbd51f2a23,2026-09-30T17:43:48Z
SubmitPartialDecryption,50,c37f55cd14dda955ea057735dff3a5d168664e756060dcd348daca3ee25bc895,254,d466ac1cb4cfdd5ef56388e84bd5ef107f6dd2ce1fa543104ae65574cd395e5d,0516d55975c423d54c078f7fee18b8d395c0f15365e09ace6afadf402440b022,482e6560c0db179c9277ba86e67e613e24b2000af8e4579394f1a0cbd51f2a23,2026-09-30T17:43:48Z
SubmitPartialDecryption,56,30f6d48018224dbe53b223b2fbcdc7fab5314de72a3d0aa9545c4264601273e0,254,d466ac1cb4cfdd5ef56388e84bd5ef107f6dd2ce1fa543104ae65574cd395e5d,0516d55975c423d54c078f7fee18b8d395c0f15365e09ace6afadf402440b022,482e6560c0db179c9277ba86e67e613e24b2000af8e4579394f1a0cbd51f2a23,2026-09-30T17:43:48Z
SubmitPartialDecryption,51,cbed681e885c998ea3fcb0fe6e7c9dc41a70b97fb194130e5083810e406f064b,254,d466ac1cb4cfdd5ef56388e84bd5ef107f6dd2ce1fa543104ae65574cd395e5d,0516d55975c423d54c078f7fee18b8d395c0f15365e09ace6afadf402440b022,482e6560c0db179c9277ba86e67e613e24b2000af8e4579394f1a0cbd51f2a23,2026-09-30T17:43:48Z
SubmitPartialDecryption,58,e7e503a7d77ecb84418137fc4f14286e59e55f594cebc49a90a0a04831a8103b,254,d466ac1cb4cfdd5ef56388e84bd5ef107f6dd2ce1fa543104ae65574cd395e5d,0516d55975c423d54c078f7fee18b8d395c0f15365e09ace6afadf402440b022,482e6560c0db179c9277ba86e67e613e24b2000af8e4579394f1a0cbd51f2a23,2026-09-30T17:43:48Z
SubmitPartialDecryption,59,d748f7ebf7bc83711539333441b9d8ea765868ff12ee2231af3aa6e77154584b,254,d466ac1cb4cfdd5ef56388e84bd5ef107f6dd2ce1fa543104ae65574cd395e5d,0516d55975c423d54c078f7fee18b8d395c0f15365e09ace6afadf402440b022,482e6560c0db179c9277ba86e67e613e24b2000af8e4579394f1a0cbd51f2a23,2026-09-30T17:43:48Z
SubmitPartialDecryption,53,6c1a5e2bbbfc50b42be900945ce4dc7c42044f6919d83d6bdc32ea0e1845e3fa,254,d466ac1cb4cfdd5ef56388e84bd5ef107f6dd2ce1fa543104ae65574cd395e5d,0516d55975c423d54c078f7fee18b8d395c0f15365e09ace6afadf402440b022,482e6560c0db179c9277ba86e67e613e24b2000af8e4579394f1a0cbd51f2a23,2026-09-30T17:43:48Z
SubmitPartialDecryption,60,e39ad0d95b9a8a76aa25948e5a18567ba0468f2f92cf9e5c47cd0a4bbe387b64,254,d466ac1cb4cfdd5ef56388e84bd5ef107f6dd2ce1fa543104ae65574cd395e5d,0516d55975c423d54c078f7fee18b8d395c0f15365e09ace6afadf402440b022,482e6560c0db179c9277ba86e67e613e24b2000af8e4579394f1a0cbd51f2a23,2026-09-30T17:43:48Z
SubmitPartialDecryption,54,a8d3fe8cabc68b766e1da02264bf788e1bf1856fec7a4331ea5122b88744b877,254,d466ac1cb4cfdd5ef56388e84bd5ef107f6dd2ce1fa543104ae65574cd395e5d,0516d55975c423d54c078f7fee18b8d395c0f15365e09ace6afadf402440b022,482e6560c0db179c9277ba86e67e613e24b2000af8e4579394f1a0cbd51f2a23,2026-09-30T17:43:48Z
SubmitPartialDecryption,49,634bf57c6f7c907d775b2f3427b4a9c34a8add92e68e2ef50c8fcfc76e436569,254,d466ac1cb4cfdd5ef56388e84bd5ef107f6dd2ce1fa543104ae65574cd395e5d,0516d55975c423d54c078f7fee18b8d395c0f15365e09ace6afadf402440b022,482e6560c0db179c9277ba86e67e613e24b2000af8e4579394f1a0cbd51f2a23,2026-09-30T17:43:48Z
SubmitPartialDecryption,48,89cbb7c48f5ddf21bd02584801f70f580cf910afd4c1e6023956153fe4cd9f0b,254,d466ac1cb4cfdd5ef56388e84bd5ef107f6dd2ce1fa543104ae65574cd395e5d,0516d55975c423d54c078f7fee18b8d395c0f15365e09ace6afadf402440b022,482e6560c0db179c9277ba86e67e613e24b2000af8e4579394f1a0cbd51f2a23,2026-09-30T17:43:48Z
SubmitPartialDecryption,61,53540417e328f8f05732b47eda3699ccd142fa37332086dc7986db7b42033c11,254,d466ac1cb4cfdd5ef56388e84bd5ef107f6dd2ce1fa543104ae65574cd395e5d,0516d55975c423d54c078f7fee18b8d395c0f15365e09ace6afadf402440b022,482e6560c0db179c9277ba86e67e613e24b2000af8e4579394f1a0cbd51f2a23,2026-09-30T17:43:48Z
SubmitPartialDecryption,55,47aea4bdcf485cef8fa7cdb4a078f391968fc7b237bf144efacba7f7a33f0423,254,d466ac1cb4cfdd5ef56388e84bd5ef107f6dd2ce1fa543104ae65574cd395e5d,0516d55975c423d54c078f7fee18b8d395c0f15365e09ace6afadf402440b022,482e6560c0db179c9277ba86e67e613e24b2000af8e4579394f1a0cbd51f2a23,2026-09-30T17:43:48Z
SubmitPartialDecryption,52,86bb2bc000d1a5f24c7b799f573ec86f173900dbc0409a7605d9c7eba9a68ad1,254,d466ac1cb4cfdd5ef56388e84bd5ef107f6dd2ce1fa543104ae65574cd395e5d,0516d55975c423d54c078f7fee18b8d395c0f15365e09ace6afadf402440b022,482e6560c0db179c9277ba86e67e613e24b2000af8e4579394f1a0cbd51f2a23,2026-09-30T17:43:48Z
SubmitPartialDecryption,57,5f4fcb0a84924a61fa561f7bd7cd4a2b3abb712cd7ae46f342490c28b71ef82d,254,d466ac1cb4cfdd5ef56388e84bd5ef107f6dd2ce1fa543104ae65574cd395e5d,0516d55975c423d54c078f7fee18b8d395c0f15365e09ace6afadf402440b022,482e6560c0db179c9277ba86e67e613e24b2000af8e4579394f1a0cbd51f2a23,2026-09-30T17:43:48Z
SubmitPartialDecryption,62,3fbf10db508775fd14fe1436a9bd47f12e8aac20029b364110948ef6fac16514,254,d466ac1cb4cfdd5ef56388e84bd5ef107f6dd2ce1fa543104ae65574cd395e5d,0516d55975c423d54c078f7fee18b8d395c0f15365e09ace6afadf402440b022,482e6560c0db179c9277ba86e67e613e24b2000af8e4579394f1a0cbd51f2a23,2026-09-30T17:43:48Z
SubmitPartialDecryption,79,5ddd784463303184fd6651aef135376ef7e5b69911cb1e59fa8af8c80c0147bb,255,f573cadac145ee6ba5c90e6f40871c870dc0536844019b6f9d76e423793bc46a,a81861b41b2fff48919b85b08c61783fd0285e9fdc9b679173919212d4538b27,d466ac1cb4cfdd5ef56388e84bd5ef107f6dd2ce1fa543104ae65574cd395e5d,2026-09-30T17:43:50Z
SubmitPartialDecryption,65,09724c95e8f824dedc987139b72e7ca11882dc85a279c16dc94e5b6f6ff3da3c,255,f573cadac145ee6ba5c90e6f40871c870dc0536844019b6f9d76e423793bc46a,a81861b41b2fff48919b85b08c61783fd0285e9fdc9b679173919212d4538b27,d466ac1cb4cfdd5ef56388e84bd5ef107f6dd2ce1fa543104ae65574cd395e5d,2026-09-30T17:43:50Z
SubmitPartialDecryption,76,c37619431a7beaef972c85921e9e2f431339c6c6c5491205bb9ce8257c7dfa49,255,f573cadac145ee6ba5c90e6f40871c870dc0536844019b6f9d76e423793bc46a,a81861b41b2fff48919b85b08c61783fd0285e9fdc9b679173919212d4538b27,d466ac1cb4cfdd5ef56388e84bd5ef107f6dd2ce1fa543104ae65574cd395e5d,2026-09-30T17:43:50Z
SubmitPartialDecryption,66,73707e93fdf2e6a6b08028b364025b3c0414eb9440a33bd4835975e2940aaaa1,255,f573cadac145ee6ba5c90e6f40871c870dc0536844019b6f9d76e423793bc46a,a81861b41b2fff48919b85b08c61783fd0285e9fdc9b679173919212d4538b27,d466ac1cb4cfdd5ef56388e84bd5ef107f6dd2ce1fa543104ae65574cd395e5d,2026-09-30T17:43:50Z
SubmitPartialDecryption,77,9cf005af8ff7021df4b5365a6da1c900425a4c5f1fa3f32cfc0d2b5575a3c2b1,255,f573cadac145ee6ba5c90e6f40871c870dc0536844019b6f9d76e423793bc46a,a81861b41b2fff48919b85b08c61783fd0285e9fdc9b679173919212d4538b27,d466ac1cb4cfdd5ef56388e84bd5ef107f6dd2ce1fa543104ae65574cd395e5d,2026-09-30T17:43:50Z
SubmitPartialDecryption,72,2042abf769e879c7b7c657678cef3493547875b148a49d430563d337cce6ac14,255,f573cadac145ee6ba5c90e6f40871c870dc0536844019b6f9d76e423793bc46a,a81861b41b2fff48919b85b08c61783fd0285e9fdc9b679173919212d4538b27,d466ac1cb4cfdd5ef56388e84bd5ef107f6dd2ce1fa543104ae65574cd395e5d,2026-09-30T17:43:50Z
SubmitPartialDecryption,64,dd54298483e47074bbdc5eee83a5ca1759800ec98d7336ad45cbf977a65d1d04,255,f573cadac145ee6ba5c90e6f40871c870dc0536844019b6f9d76e423793bc46a,a81861b41b2fff48919b85b08c61783fd0285e9fdc9b679173919212d4538b27,d466ac1cb4cfdd5ef56388e84bd5ef107f6dd2ce1fa543104ae65574cd395e5d,2026-09-30T17:43:50Z
SubmitPartialDecryption,75,9577e1a1f48929db9ec23a08985953c614af6a4b205e31cf8e86998e2f254c99,255,f573cadac145ee6ba5c90e6f40871c870dc0536844019b6f9d76e423793bc46a,a81861b41b2fff48919b85b08c61783fd0285e9fdc9b679173919212d4538b27,d466ac1cb4cfdd5ef56388e84bd5ef107f6dd2ce1fa543104ae65574cd395e5d,2026-09-30T17:43:50Z
SubmitPartialDecryption,74,0de4ec7a65012175c83f9ae7f5a1cb94a1452849851cea97db864d210a5633c0,255,f573cadac145ee6ba5c90e6f40871c870dc0536844019b6f9d76e423793bc46a,a81861b41b2fff48919b85b08c61783fd0285e9fdc9b679173919212d4538b27,d466ac1cb4cfdd5ef56388e84bd5ef107f6dd2ce1fa543104ae65574cd395e5d,2026-09-30T17:43:50Z
SubmitPartialDecryption,73,21d31b825db5144e5d68e9af3ce18cb447cd3141b826a3a3edd5c94dbdd43979,255,f573cadac145ee6ba5c90e6f40871c870dc0536844019b6f9d76e423793bc46a,a81861b41b2fff48919b85b08c61783fd0285e9fdc9b679173919212d4538b27,d466ac1cb4cfdd5ef56388e84bd5ef107f6dd2ce1fa543104ae65574cd395e5d,2026-09-30T17:43:50Z
SubmitPartialDecryption,70,843ca8bc50408fc631f0bfa2502ba85c42ff211b83930eed2780c93628cf365d,255,f573cadac145ee6ba5c90e6f40871c870dc0536844019b6f9d76e423793bc46a,a81861b41b2fff48919b85b08c61783fd0285e9fdc9b679173919212d4538b27,d466ac1cb4cfdd5ef56388e84bd5ef107f6dd2ce1fa543104ae65574cd395e5d,2026-09-30T17:43:50Z
SubmitPartialDecryption,69,2feb06ebc7467dcc48d718e60e56b5abe357f66ff8adfbcbec85680c798ec69a,255,f573cadac145ee6ba5c90e6f40871c870dc0536844019b6f9d76e423793bc46a,a81861b41b2fff48919b85b08c61783fd0285e9fdc9b679173919212d4538b27,d466ac1cb4cfdd5ef56388e84bd5ef107f6dd2ce1fa543104ae65574cd395e5d,2026-09-30T17:43:50Z
SubmitPartialDecryption,68,43d18f306dfc8bf118c426fb4fea0530b7b55c3b79e8502787f3ad652a6cc1ff,255,f573cadac145ee6ba5c90e6f40871c870dc0536844019b6f9d76e423793bc46a,a81861b41b2fff48919b85b08c61783fd0285e9fdc9b679173919212d4538b27,d466ac1cb4cfdd5ef56388e84bd5ef107f6dd2ce1fa543104ae65574cd395e5d,2026-09-30T17:43:50Z
SubmitPartialDecryption,67,258515205e5dd2199c7173408a3bd0110fab63d15c81863dca71a03193c66425,255,f573cadac145ee6ba5c90e6f40871c870dc0536844019b6f9d76e423793bc46a,a81861b41b2fff48919b85b08c61783fd0285e9fdc9b679173919212d4538b27,d466ac1cb4cfdd5ef56388e84bd5ef107f6dd2ce1fa543104ae65574cd395e5d,2026-09-30T17:43:50Z
SubmitPartialDecryption,78,8edb3356149d5da9983574afcf82a1b363c40a388d519ef811cd5d28b72e7e11,255,f573cadac145ee6ba5c90e6f40871c870dc0536844019b6f9d76e423793bc46a,a81861b41b2fff48919b85b08c61783fd0285e9fdc9b679173919212d4538b27,d466ac1cb4cfdd5ef56388e84bd5ef107f6dd2ce1fa543104ae65574cd395e5d,2026-09-30T17:43:50Z
SubmitPartialDecryption,71,bcaf3251f28f66954488af59a60a9499920e53405be007a55c2140b0973c705f,255,f573cadac145ee6ba5c90e6f40871c870dc0536844019b6f9d76e423793bc46a,a81861b41b2fff48919b85b08c61783fd0285e9fdc9b679173919212d4538b27,d466ac1cb4cfdd5ef56388e84bd5ef107f6dd2ce1fa543104ae65574cd395e5d,2026-09-30T17:43:50Z
SubmitPartialDecryption,92,7415bd30056f8bf86c9c87c9b92f78e6d7957a9be0ff92b8f1e15e7d86b87369,256,dc74f0ab6cd1efc179f57e4247f619c4a0a9987a5ad285db7ca6435534a348cd,faa86f1d21709d9634dccf8d4e08d9beb2f340d5a8721eba7266ee5651078180,f573cadac145ee6ba5c90e6f40871c870dc0536844019b6f9d76e423793bc46a,2026-09-30T17:43:52Z
SubmitPartialDecryption,91,04ae71eb583d3f78cf8ed2d07834d4c5c6123968054e9a1a7319b1213cfd3cba,256,dc74f0ab6cd1efc179f57e4247f619c4a0a9987a5ad285db7ca6435534a348cd,faa86f1d21709d9634dccf8d4e08d9beb2f340d5a8721eba7266ee5651078180,f573cadac145ee6ba5c90e6f40871c870dc0536844019b6f9d76e423793bc46a,2026-09-30T17:43:52Z
SubmitPartialDecryption,95,1c05f5a58be85bc786d79a400b1f59a2fc6282df0d367fb144dd5f06779c3a77,256,dc74f0ab6cd1efc179f57e4247f619c4a0a9987a5ad285db7ca6435534a348cd,faa86f1d21709d9634dccf8d4e08d9beb2f340d5a8721eba7266ee5651078180,f573cadac145ee6ba5c90e6f40871c870dc0536844019b6f9d76e423793bc46a,2026-09-30T17:43:52Z
SubmitPartialDecryption,87,d669dde5318354490ac98dc77e26eba6516cba4680102bd9d246a83bf9a02c9e,256,dc74f0ab6cd1efc179f57e4247f619c4a0a9987a5ad285db7ca6435534a348cd,faa86f1d21709d9634dccf8d4e08d9beb2f340d5a8721eba7266ee5651078180,f573cadac145ee6ba5c90e6f40871c870dc0536844019b6f9d76e423793bc46a,2026-09-30T17:43:52Z
SubmitPartialDecryption,86,ae11a5a108e359ec1fe94234648bad50bcbc017d8ba07b7f67bf2c4d7818a835,256,dc74f0ab6cd1efc179f57e4247f619c4a0a9987a5ad285db7ca6435534a348cd,faa86f1d21709d9634dccf8d4e08d9beb2f340d5a8721eba7266ee5651078180,f573cadac145ee6ba5c90e6f40871c870dc0536844019b6f9d76e423793bc46a,2026-09-30T17:43:52Z
SubmitPartialDecryption,85,6804fdbe349da668d67bbd373d8c3bdb4098d0c29ad90bf20964b1fd7d7d5fd8,256,dc74f0ab6cd1efc179f57e4247f619c4a0a9987a5ad285db7ca6435534a348cd,faa86f1d21709d9634dccf8d4e08d9beb2f340d5a8721eba7266ee5651078180,f573cadac145ee6ba5c90e6f40871c870dc0536844019b6f9d76e423793bc46a,2026-09-30T17:43:52Z
SubmitPartialDecryption,82,3f6b1b6e2f87f6ef913055d334913e0f285916f3602ca7ecfe5ce215b938052f,256,dc74f0ab6cd1efc179f57e4247f619c4a0a9987a5ad285db7ca6435534a348cd,faa86f1d21709d9634dccf8d4e08d9beb2f340d5a8721eba7266ee5651078180,f573cadac145ee6ba5c90e6f40871c870dc0536844019b6f9d76e423793bc46a,2026-09-30T17:43:52Z
SubmitPartialDecryption,84,b490139b2fba4e08c8016ef7f15609badaa11fc78125e8485849777597a773c3,256,dc74f0ab6cd1efc179f57e4247f619c4a0a9987a5ad285db7ca6435534a348cd,faa86f1d21709d9634dccf8d4e08d9beb2f340d5a8721eba7266ee5651078180,f573cadac145ee6ba5c90e6f40871c870dc0536844019b6f9d76e423793bc46a,2026-09-30T17:43:52Z
SubmitPartialDecryption,93,3dabdb1032df44b34e4a43ab49a5fe4442c1a3e3e7633bad3971ce128570211e,256,dc74f0ab6cd1efc179f57e4247f619c4a0a9987a5ad285db7ca6435534a348cd,faa86f1d21709d9634dccf8d4e08d9beb2f340d5a8721eba7266ee5651078180,f573cadac145ee6ba5c90e6f40871c870dc0536844019b6f9d76e423793bc46a,2026-09-30T17:43:52Z
SubmitPartialDecryption,80,734749c3ab99891d3456e280cb0bfa515848230adb89a34afea990327f025a22,256,dc74f0ab6cd1efc179f57e4247f619c4a0a9987a5ad285db7ca6435534a348cd,faa86f1d21709d9634dccf8d4e08d9beb2f340d5a8721eba7266ee5651078180,f573cadac145ee6ba5c90e6f40871c870dc0536844019b6f9d76e423793bc46a,2026-09-30T17:43:52Z
SubmitPartialDecryption,88,b6c6d7b36c1454895cdfd2611ceceb04cca53a693933052bb9cd7cbad48e984e,256,dc74f0ab6cd1efc179f57e4247f619c4a0a9987a5ad285db7ca6435534a348cd,faa86f1d21709d9634dccf8d4e08d9beb2f340d5a8721eba7266ee5651078180,f573cadac145ee6ba5c90e6f40871c870dc0536844019b6f9d76e423793bc46a,2026-09-30T17:43:52Z
SubmitPartialDecryption,83,1c59d0f3c05898b40c9c4407740ce46301672d8508df4cb6e6a3eaabc2f00b7c,256,dc74f0ab6cd1efc179f57e4247f619c4a0a9987a5ad285db7ca6435534a348cd,faa86f1d21709d9634dccf8d4e08d9beb2f340d5a8721eba7266ee5651078180,f573cadac145ee6ba5c90e6f40871c870dc0536844019b6f9d76e423793bc46a,2026-09-30T17:43:52Z
SubmitPartialDecryption,81,183f718102472f5a09205d2772aea5b02b14a68922faf464c9095d383b912f8a,256,dc74f0ab6cd1efc179f57e4247f619c4a0a9987a5ad285db7ca6435534a348cd,faa86f1d21709d9634dccf8d4e08d9beb2f340d5a8721eba7266ee5651078180,f573cadac145ee6ba5c90e6f40871c870dc0536844019b6f9d76e423793bc46a,2026-09-30T17:43:52Z
SubmitPartialDecryption,90,f0906bb4c4e8538f8f2f7d74562755ac6a17a0f78c0683205bb6e35a21bbb9df,256,dc74f0ab6cd1efc179f57e4247f619c4a0a9987a5ad285db7ca6435534a348cd,faa86f1d21709d9634dccf8d4e08d9beb2f340d5a8721eba7266ee5651078180,f573cadac145ee6ba5c90e6f40871c870dc0536844019b6f9d76e423793bc46a,2026-09-30T17:43:52Z
SubmitPartialDecryption,94,60097aa7fd69016e5740342004d15d5598e60dce01ae736904b74307b7fa0b5b,256,dc74f0ab6cd1efc179f57e4247f619c4a0a9987a5ad285db7ca6435534a348cd,faa86f1d21709d9634dccf8d4e08d9beb2f340d5a8721eba7266ee5651078180,f573cadac145ee6ba5c90e6f40871c870dc0536844019b6f9d76e423793bc46a,2026-09-30T17:43:52Z
SubmitPartialDecryption,89,676efa151543ff5239f4f2b5875d9f4e4a56db510f7f2b70f0d7556dc419d3f7,256,dc74f0ab6cd1efc179f57e4247f619c4a0a9987a5ad285db7ca6435534a348cd,faa86f1d21709d9634dccf8d4e08d9beb2f340d5a8721eba7266ee5651078180,f573cadac145ee6ba5c90e6f40871c870dc0536844019b6f9d76e423793bc46a,2026-09-30T17:43:52Z
SubmitPartialDecryption,111,661112eb3982eda2f64a6b188781ef40799735281df2ccc70a1f2e1ac448c631,257,5931aae44b2f66fa6e227c761af4beb886f8bff44a4c79bf244fa9e25d6b320d,8074bcd40c78f37ad7e572ec012f4fcd3b5f01a51e3fc88751b5a9fa53aaefff,dc74f0ab6cd1efc179f57e4247f619c4a0a9987a5ad285db7ca6435534a348cd,2026-09-30T17:43:54Z
SubmitPartialDecryption,104,8b5b559288194cb9869387fff7189bcadc9d57fc9b42c185841df5ab3c3b3f7e,257,5931aae44b2f66fa6e227c761af4beb886f8bff44a4c79bf244fa9e25d6b320d,8074bcd40c78f37ad7e572ec012f4fcd3b5f01a51e3fc88751b5a9fa53aaefff,dc74f0ab6cd1efc179f57e4247f619c4a0a9987a5ad285db7ca6435534a348cd,2026-09-30T17:43:54Z
SubmitPartialDecryption,103,d847765a9f67a3e5a02dde9c0237fbbf8a56da8d8c427e97114bd52180b00687,257,5931aae44b2f66fa6e227c761af4beb886f8bff44a4c79bf244fa9e25d6b320d,8074bcd40c78f37ad7e572ec012f4fcd3b5f01a51e3fc88751b5a9fa53aaefff,dc74f0ab6cd1efc179f57e4247f619c4a0a9987a5ad285db7ca6435534a348cd,2026-09-30T17:43:54Z
SubmitPartialDecryption,96,c468cc50f84a6edad3f48662642b995d009390f477a6210cb7426d9008b440a6,257,5931aae44b2f66fa6e227c761af4beb886f8bff44a4c79bf244fa9e25d6b320d,8074bcd40c78f37ad7e572ec012f4fcd3b5f01a51e3fc88751b5a9fa53aaefff,dc74f0ab6cd1efc179f57e4247f619c4a0a9987a5ad285db7ca6435534a348cd,2026-09-30T17:43:54Z
SubmitPartialDecryption,107,525a2b8bd9931c543cc5e34c05e7b25ee4574f976f92f2bbb52254c34385d07b,257,5931aae44b2f66fa6e227c761af4beb886f8bff44a4c79bf244fa9e25d6b320d,8074bcd40c78f37ad7e572ec012f4fcd3b5f01a51e3fc88751b5a9fa53aaefff,dc74f0ab6cd1efc179f57e4247f619c4a0a9987a5ad285db7ca6435534a348cd,2026-09-30T17:43:54Z
SubmitPartialDecryption,100,a95b5a15247727317018e0834bb89ca44afdffd3e88a383db13110ff93ae22e4,257,5931aae44b2f66fa6e227c761af4beb886f8bff44a4c79bf244fa9e25d6b320d,8074bcd40c78f37ad7e572ec012f4fcd3b5f01a51e3fc88751b5a9fa53aaefff,dc74f0ab6cd1efc179f57e4247f619c4a0a9987a5ad285db7ca6435534a348cd,2026-09-30T17:43:54Z
SubmitPartialDecryption,105,582b1c5d13dac40dad8a2cc2122924d5def2c105f74a623d333452c5ca76a60f,257,5931aae44b2f66fa6e227c761af4beb886f8bff44a4c79bf244fa9e25d6b320d,8074bcd40c78f37ad7e572ec012f4fcd3b5f01a51e3fc88751b5a9fa53aaefff,dc74f0ab6cd1efc179f57e4247f619c4a0a9987a5ad285db7ca6435534a348cd,2026-09-30T17:43:54Z
SubmitPartialDecryption,109,7bf71dbabad04adb62dac9f25c0f0701e92ebf77f24e94b3b38576153d4bdb7d,257,5931aae44b2f66fa6e227c761af4beb886f8bff44a4c79bf244fa9e25d6b320d,8074bcd40c78f37ad7e572ec012f4fcd3b5f01a51e3fc88751b5a9fa53aaefff,dc74f0ab6cd1efc179f57e4247f619c4a0a9987a5ad285db7ca6435534a348cd,2026-09-30T17:43:54Z
SubmitPartialDecryption,110,e42dd6176591435c20618c478fa2b5cd8e24c11b58a31b683e59100b1b1e4d0a,257,5931aae44b2f66fa6e227c761af4beb886f8bff44a4c79bf244fa9e25d6b320d,8074bcd40c78f37ad7e572ec012f4fcd3b5f01a51e3fc88751b5a9fa53aaefff,dc74f0ab6cd1efc179f57e4247f619c4a0a9987a5ad285db7ca6435534a348cd,2026-09-30T17:43:54Z
SubmitPartialDecryption,102,1e54d0c1dc388b82f4e373c3efb9c09374ee2e0e95314c8a3868c918b6e3a8dd,257,5931aae44b2f66fa6e227c761af4beb886f8bff44a4c79bf244fa9e25d6b320d,8074bcd40c78f37ad7e572ec012f4fcd3b5f01a51e3fc88751b5a9fa53aaefff,dc74f0ab6cd1efc179f57e4247f619c4a0a9987a5ad285db7ca6435534a348cd,2026-09-30T17:43:54Z
SubmitPartialDecryption,99,33e5bc3b05fa981bc5bf435ae66c5a9b5e1b681a436c18cfd1c17585b41019b2,257,5931aae44b2f66fa6e227c761af4beb886f8bff44a4c79bf244fa9e25d6b320d,8074bcd40c78f37ad7e572ec012f4fcd3b5f01a51e3fc88751b5a9fa53aaefff,dc74f0ab6cd1efc179f57e4247f619c4a0a9987a5ad285db7ca6435534a348cd,2026-09-30T17:43:54Z
SubmitPartialDecryption,108,8ed107f9b5d2f856763f416474b3e2a29c7b5e860b2961d62c0d363f004ee3e6,257,5931aae44b2f66fa6e227c761af4beb886f8bff44a4c79bf244fa9e25d6b320d,8074bcd40c78f37ad7e572ec012f4fcd3b5f01a51e3fc88751b5a9fa53aaefff,dc74f0ab6cd1efc179f57e4247f619c4a0a9987a5ad285db7ca6435534a348cd,2026-09-30T17:43:54Z
SubmitPartialDecryption,97,1c7093cd6918b71671c4c63213d932a6d7f5f378e86c0f44cc0e725c23a31cc8,257,5931aae44b2f66fa6e227c761af4beb886f8bff44a4c79bf244fa9e25d6b320d,8074bcd40c78f37ad7e572ec012f4fcd3b5f01a51e3fc88751b5a9fa53aaefff,dc74f0ab6cd1efc179f57e4247f619c4a0a9987a5ad285db7ca6435534a348cd,2026-09-30T17:43:54Z
SubmitPartialDecryption,101,96481b1e10067cbd7835a0d355a15f6378c82064ba2b91fbf8e912345b8c05a1,257,5931aae44b2f66fa6e227c761af4beb886f8bff44a4c79bf244fa9e25d6b320d,8074bcd40c78f37ad7e572ec012f4fcd3b5f01a51e3fc88751b5a9fa53aaefff,dc74f0ab6cd1efc179f57e4247f619c4a0a9987a5ad285db7ca6435534a348cd,2026-09-30T17:43:54Z
SubmitPartialDecryption,106,af28e9f8aee1e67be3b146954ac0596ee0b5d0ad5b719f6e2e1029e61c57b331,257,5931aae44b2f66fa6e227c761af4beb886f8bff44a4c79bf244fa9e25d6b320d,8074bcd40c78f37ad7e572ec012f4fcd3b5f01a51e3fc88751b5a9fa53aaefff,dc74f0ab6cd1efc179f57e4247f619c4a0a9987a5ad285db7ca6435534a348cd,2026-09-30T17:43:54Z
SubmitPartialDecryption,98,f1d155e9d112c31c696676d8e83779e85f72592be8171cc9ce63984dd1db18da,257,5931aae44b2f66fa6e227c761af4beb886f8bff44a4c79bf244fa9e25d6b320d,8074bcd40c78f37ad7e572ec012f4fcd3b5f01a51e3fc88751b5a9fa53aaefff,dc74f0ab6cd1efc179f57e4247f619c4a0a9987a5ad285db7ca6435534a348cd,2026-09-30T17:43:54Z
SubmitPartialDecryption,121,fcb34cc105eae870532d974e3da27d7e77693cc31607a439272a70fd8f4bc659,258,3dd464bd9f3028763489e4a2f10619ecc32bc316c1e482c0f380b61c273a4390,8807534c12f249fd157b362a47b8328819887f5be32a29407b6bcda3e2e1c55c,5931aae44b2f66fa6e227c761af4beb886f8bff44a4c79bf244fa9e25d6b320d,2026-09-30T17:43:56Z
SubmitPartialDecryption,118,f308d04279ff43648c14279b34e6fc1a92afc913e458b49c43ec5227f53c0e20,258,3dd464bd9f3028763489e4a2f10619ecc32bc316c1e482c0f380b61c273a4390,8807534c12f249fd157b362a47b8328819887f5be32a29407b6bcda3e2e1c55c,5931aae44b2f66fa6e227c761af4beb886f8bff44a4c79bf244fa9e25d6b320d,2026-09-30T17:43:56Z
SubmitPartialDecryption,114,a2bea3be58118bf33958730ba4cfd74588f6392493e116911a46f42490e761d2,258,3dd464bd9f3028763489e4a2f10619ecc32bc316c1e482c0f380b61c273a4390,8807534c12f249fd157b362a47b8328819887f5be32a29407b6bcda3e2e1c55c,5931aae44b2f66fa6e227c761af4beb886f8bff44a4c79bf244fa9e25d6b320d,2026-09-30T17:43:56Z
SubmitPartialDecryption,117,4fe40d76e36a440ec582cc177cf9e2512a1e626fe16d239b629641f2792c4eb3,258,3dd464bd9f3028763489e4a2f10619ecc32bc316c1e482c0f380b61c273a4390,8807534c12f249fd157b362a47b8328819887f5be32a29407b6bcda3e2e1c55c,5931aae44b2f66fa6e227c761af4beb886f8bff44a4c79bf244fa9e25d6b320d,2026-09-30T17:43:56Z
SubmitPartialDecryption,112,138b98f87746868e3d4321df65c82bdb2798e3f9c367530102ad7885abd01f77,258,3dd464bd9f3028763489e4a2f10619ecc32bc316c1e482c0f380b61c273a4390,8807534c12f249fd157b362a47b8328819887f5be32a29407b6bcda3e2e1c55c,5931aae44b2f66fa6e227c761af4beb886f8bff44a4c79bf244fa9e25d6b320d,2026-09-30T17:43:56Z
SubmitPartialDecryption,122,e3e84553b4696ce6b96578ccbe38531ebe92f460f96ab7537f254b8a2cac84e5,258,3dd464bd9f3028763489e4a2f10619ecc32bc316c1e482c0f380b61c273a4390,8807534c12f249fd157b362a47b8328819887f5be32a29407b6bcda3e2e1c55c,5931aae44b2f66fa6e227c761af4beb886f8bff44a4c79bf244fa9e25d6b320d,2026-09-30T17:43:56Z
SubmitPartialDecryption,113,9ec5ac2b6ed41c5c0e9303c2bc00eebf488638d151044b15d7715baed0a549d9,258,3dd464bd9f3028763489e4a2f10619ecc32bc316c1e482c0f380b61c273a4390,8807534c12f249fd157b362a47b8328819887f5be32a29407b6bcda3e2e1c55c,5931aae44b2f66fa6e227c761af4beb886f8bff44a4c79bf244fa9e25d6b320d,2026-09-30T17:43:56Z
SubmitPartialDecryption,126,39e3686573d2593f3d20d4f3c9b4664a8a9934fe56ffe559284a702626e74bb4,258,3dd464bd9f3028763489e4a2f10619ecc32bc316c1e482c0f380b61c273a4390,8807534c12f249fd157b362a47b8328819887f5be32a29407b6bcda3e2e1c55c,5931aae44b2f66fa6e227c761af4beb886f8bff44a4c79bf244fa9e25d6b320d,2026-09-30T17:43:56Z
SubmitPartialDecryption,124,78d3f5c6cec55d5e1772457efc9307ea9958cc256ade41f939c6d388f35de792,258,3dd464bd9f3028763489e4a2f10619ecc32bc316c1e482c0f380b61c273a4390,8807534c12f249fd157b362a47b8328819887f5be32a29407b6bcda3e2e1c55c,5931aae44b2f66fa6e227c761af4beb886f8bff44a4c79bf244fa9e25d6b320d,2026-09-30T17:43:56Z
SubmitPartialDecryption,125,935e60741de6fc058abb28824d8ab116ce4c767d5fe3aee2e98857bf1be1ebcf,258,3dd464bd9f3028763489e4a2f10619ecc32bc316c1e482c0f380b61c273a4390,8807534c12f249fd157b362a47b8328819887f5be32a29407b6bcda3e2e1c55c,5931aae44b2f66fa6e227c761af4beb886f8bff44a4c79bf244fa9e25d6b320d,2026-09-30T17:43:56Z
SubmitPartialDecryption,123,c6ef39abc8108284f8e3cfe491d9a3644014faa4c282dc44f14f72d6dca6672e,258,3dd464bd9f3028763489e4a2f10619ecc32bc316c1e482c0f380b61c273a4390,8807534c12f249fd157b362a47b8328819887f5be32a29407b6bcda3e2e1c55c,5931aae44b2f66fa6e227c761af4beb886f8bff44a4c79bf244fa9e25d6b320d,2026-09-30T17:43:56Z
SubmitPartialDecryption,116,7071bb4940a2b21695cb4e10a9e62bdc48f24e557c7295dbc8d1cb0621af356b,258,3dd464bd9f3028763489e4a2f10619ecc32bc316c1e482c0f380b61c273a4390,8807534c12f249fd157b362a47b8328819887f5be32a29407b6bcda3e2e1c55c,5931aae44b2f66fa6e227c761af4beb886f8bff44a4c79bf244fa9e25d6b320d,2026-09-30T17:43:56Z
SubmitPartialDecryption,119,512dd4f615630406ca2255991af15883cd6f2118c25473bf690821748a4396f2,258,3dd464bd9f3028763489e4a2f10619ecc32bc316c1e482c0f380b61c273a4390,8807534c12f249fd157b362a47b8328819887f5be32a29407b6bcda3e2e1c55c,5931aae44b2f66fa6e227c761af4beb886f8bff44a4c79bf244fa9e25d6b320d,2026-09-30T17:43:56Z
SubmitPartialDecryption,120,b62facafd4956e44bb4e65b94f139cac39a64bb1e2a81bb23f1261d0a23a397c,258,3dd464bd9f3028763489e4a2f10619ecc32bc316c1e482c0f380b61c273a4390,8807534c12f249fd157b362a47b8328819887f5be32a29407b6bcda3e2e1c55c,5931aae44b2f66fa6e227c761af4beb886f8bff44a4c79bf244fa9e25d6b320d,2026-09-30T17:43:56Z
SubmitPartialDecryption,127,b6283d9eece0ae293a1e545e115519eb5b382bcc5a6a6a9e51521a8775ce26d1,258,3dd464bd9f3028763489e4a2f10619ecc32bc316c1e482c0f380b61c273a4390,8807534c12f249fd157b362a47b8328819887f5be32a29407b6bcda3e2e1c55c,5931aae44b2f66fa6e227c761af4beb886f8bff44a4c79bf244fa9e25d6b320d,2026-09-30T17:43:56Z
SubmitPartialDecryption,115,65fddcc7e16e68ebf2ce06a06236487da303cff0e417ecbb1a78cd6612a5bc83,258,3dd464bd9f3028763489e4a2f10619ecc32bc316c1e482c0f380b61c273a4390,8807534c12f249fd157b362a47b8328819887f5be32a29407b6bcda3e2e1c55c,5931aae44b2f66fa6e227c761af4beb886f8bff44a4c79bf244fa9e25d6b320d,2026-09-30T17:43:56Z
SubmitPartialDecryption,131,d913442504864a3405c498bdbd57a49cdac925603b7cead07bcb940497fa4fd9,259,f53ddef002148a29bb967095fbaea0cd85e4dd086ec0c190ebc5049dc3431a51,d8de1442dbe2581506c4321b8f9f42ced10fec30712c593901763e71d58e59c1,3dd464bd9f3028763489e4a2f10619ecc32bc316c1e482c0f380b61c273a4390,2026-09-30T17:43:58Z
SubmitPartialDecryption,134,b72a11bef18332cf7629e6b59da3381c2b14c5374fd50a486c345a76321818f8,259,f53ddef002148a29bb967095fbaea0cd85e4dd086ec0c190ebc5049dc3431a51,d8de1442dbe2581506c4321b8f9f42ced10fec30712c593901763e71d58e59c1,3dd464bd9f3028763489e4a2f10619ecc32bc316c1e482c0f380b61c273a4390,2026-09-30T17:43:58Z
SubmitPartialDecryption,141,ac359849dda4bd2345fa973fe6c621b994e1ce86134715631683dfad8ff39550,259,f53ddef002148a29bb967095fbaea0cd85e4dd086ec0c190ebc5049dc3431a51,d8de1442dbe2581506c4321b8f9f42ced10fec30712c593901763e71d58e59c1,3dd464bd9f3028763489e4a2f10619ecc32bc316c1e482c0f380b61c273a4390,2026-09-30T17:43:58Z
SubmitPartialDecryption,138,0dff50c926c1d9a9c96056009ab18cf328dff61ca55c2234001de214fcbf0c50,259,f53ddef002148a29bb967095fbaea0cd85e4dd086ec0c190ebc5049dc3431a51,d8de1442dbe2581506c4321b8f9f42ced10fec30712c593901763e71d58e59c1,3dd464bd9f3028763489e4a2f10619ecc32bc316c1e482c0f380b61c273a4390,2026-09-30T17:43:58Z
SubmitPartialDecryption,142,8b5a22c9a39f426624f71c558bd83b8e14f53fee7977f310f3ab5959d8b215ad,259,f53ddef002148a29bb967095fbaea0cd85e4dd086ec0c190ebc5049dc3431a51,d8de1442dbe2581506c4321b8f9f42ced10fec30712c593901763e71d58e59c1,3dd464bd9f3028763489e4a2f10619ecc32bc316c1e482c0f380b61c273a4390,2026-09-30T17:43:58Z
SubmitPartialDecryption,129,af50e625bd126b9e37580a87fae544598737368a7db6b557048569a59c15c6b2,259,f53ddef002148a29bb967095fbaea0cd85e4dd086ec0c190ebc5049dc3431a51,d8de1442dbe2581506c4321b8f9f42ced10fec30712c593901763e71d58e59c1,3dd464bd9f3028763489e4a2f10619ecc32bc316c1e482c0f380b61c273a4390,2026-09-30T17:43:58Z
SubmitPartialDecryption,135,5a2b71e0b5307758ae405bd973b89c6dff995c03df0b21700d2f74444ef548fc,259,f53ddef002148a29bb967095fbaea0cd85e4dd086ec0c190ebc5049dc3431a51,d8de1442dbe2581506c4321b8f9f42ced10fec30712c593901763e71d58e59c1,3dd464bd9f3028763489e4a2f10619ecc32bc316c1e482c0f380b61c273a4390,2026-09-30T17:43:58Z
SubmitPartialDecryption,140,c9d7cd85fa41332e33a9afe711f1e1c942ab20cade61e180fc107bb842ffee4c,259,f53ddef002148a29bb967095fbaea0cd85e4dd086ec0c190ebc5049dc3431a51,d8de1442dbe2581506c4321b8f9f42ced10fec30712c593901763e71d58e59c1,3dd464bd9f3028763489e4a2f10619ecc32bc316c1e482c0f380b61c273a4390,2026-09-30T17:43:58Z
SubmitPartialDecryption,137,706c184b9efcb09ab77b6fb06f3f5844cbcf89d212f65b3e5882d3bf4843c6f2,259,f53ddef002148a29bb967095fbaea0cd85e4dd086ec0c190ebc5049dc3431a51,d8de1442dbe2581506c4321b8f9f42ced10fec30712c593901763e71d58e59c1,3dd464bd9f3028763489e4a2f10619ecc32bc316c1e482c0f380b61c273a4390,2026-09-30T17:43:58Z
SubmitPartialDecryption,139,12889aac8b1f1c692ce9f48e85824c96385bd7c526b7dfa54cc08b7555ab568e,259,f53ddef002148a29bb967095fbaea0cd85e4dd086ec0c190ebc5049dc3431a51,d8de1442dbe2581506c4321b8f9f42ced10fec30712c593901763e71d58e59c1,3dd464bd9f3028763489e4a2f10619ecc32bc316c1e482c0f380b61c273a4390,2026-09-30T17:43:58Z
SubmitPartialDecryption,136,47e04f58fe3cea45f045be2d56796e56049220b1f167e8a193babe6cdbf5f1d7,259,f53ddef002148a29bb967095fbaea0cd85e4dd086ec0c190ebc5049dc3431a51,d8de1442dbe2581506c4321b8f9f42ced10fec30712c593901763e71d58e59c1,3dd464bd9f3028763489e4a2f10619ecc32bc316c1e482c0f380b61c273a4390,2026-09-30T17:43:58Z
SubmitPartialDecryption,143,f478b2ff047ddc3c796a590e03e7bd155778817e5db0453f88795aab3b54f381,259,f53ddef002148a29bb967095fbaea0cd85e4dd086ec0c190ebc5049dc3431a51,d8de1442dbe2581506c4321b8f9f42ced10fec30712c593901763e71d58e59c1,3dd464bd9f3028763489e4a2f10619ecc32bc316c1e482c0f380b61c273a4390,2026-09-30T17:43:58Z
SubmitPartialDecryption,133,b6429706d4f8ad03e6b5ac3487614d629faa61a1d9056cdb967efc72b1e75eb1,259,f53ddef002148a29bb967095fbaea0cd85e4dd086ec0c190ebc5049dc3431a51,d8de1442dbe2581506c4321b8f9f42ced10fec30712c593901763e71d58e59c1,3dd464bd9f3028763489e4a2f10619ecc32bc316c1e482c0f380b61c273a4390,2026-09-30T17:43:58Z
SubmitPartialDecryption,132,d99d664647a31bc00a254134de4d9535c93cb13b32a1c93a95e4b8ab6cfceaf5,259,f53ddef002148a29bb967095fbaea0cd85e4dd086ec0c190ebc5049dc3431a51,d8de1442dbe2581506c4321b8f9f42ced10fec30712c593901763e71d58e59c1,3dd464bd9f3028763489e4a2f10619ecc32bc316c1e482c0f380b61c273a4390,2026-09-30T17:43:58Z
SubmitPartialDecryption,128,fe9a4780bca221e5b522dcb7b788e0cb5a89b1a882c6d48aa866225a477a90e3,259,f53ddef002148a29bb967095fbaea0cd85e4dd086ec0c190ebc5049dc3431a51,d8de1442dbe2581506c4321b8f9f42ced10fec30712c593901763e71d58e59c1,3dd464bd9f3028763489e4a2f10619ecc32bc316c1e482c0f380b61c273a4390,2026-09-30T17:43:58Z
SubmitPartialDecryption,130,d95e2318db6fb3b7ee24dad8b865995cc57a20934f622c70dabdc8d7512190d1,259,f53ddef002148a29bb967095fbaea0cd85e4dd086ec0c190ebc5049dc3431a51,d8de1442dbe2581506c4321b8f9f42ced10fec30712c593901763e71d58e59c1,3dd464bd9f3028763489e4a2f10619ecc32bc316c1e482c0f380b61c273a4390,2026-09-30T17:43:58Z
SubmitPartialDecryption,153,39e77ffd7c7d204dce91542634c7bed425b9b8eaaeaa9c03487ecfbbef6e30a6,260,06852e0db5f65bf2d3f839fbc38e8b20ef8eb43701c3da4b8afed8318b0e73ef,3900f65d852ea28e33e4f9774c1b82c0d39525a35bc48ed5f388908a29996902,f53ddef002148a29bb967095fbaea0cd85e4dd086ec0c190ebc5049dc3431a51,2026-09-30T17:44:01Z
SubmitPartialDecryption,147,943555783a7296ec40f2966dfd9b93ce22392b5e1aec6f2c073a5111a947f98d,260,06852e0db5f65bf2d3f839fbc38e8b20ef8eb43701c3da4b8afed8318b0e73ef,3900f65d852ea28e33e4f9774c1b82c0d39525a35bc48ed5f388908a29996902,f53ddef002148a29bb967095fbaea0cd85e4dd086ec0c190ebc5049dc3431a51,2026-09-30T17:44:01Z
SubmitPartialDecryption,159,6bd770f6f4ff294b52614fc5851fc77e532cbc1939ca1f88c1d4099a0c13ad20,260,06852e0db5f65bf2d3f839fbc38e8b20ef8eb43701c3da4b8afed8318b0e73ef,3900f65d852ea28e33e4f9774c1b82c0d39525a35bc48ed5f388908a29996902,f53ddef002148a29bb967095fbaea0cd85e4dd086ec0c190ebc5049dc3431a51,2026-09-30T17:44:01Z
SubmitPartialDecryption,149,a5d98f38626f4f3b514a9d141942cf9be1df1232ebef522957c0b168332e6c5a,260,06852e0db5f65bf2d3f839fbc38e8b20ef8eb43701c3da4b8afed8318b0e73ef,3900f65d852ea28e33e4f9774c1b82c0d39525a35bc48ed5f388908a29996902,f53ddef002148a29bb967095fbaea0cd85e4dd086ec0c190ebc5049dc3431a51,2026-09-30T17:44:01Z
SubmitPartialDecryption,148,d1a234aa56bff7ca0c02e3ab52360a3e5e91b3ba7f495511acb3f7b9af4c3917,260,06852e0db5f65bf2d3f839fbc38e8b20ef8eb43701c3da4b8afed8318b0e73ef,3900f65d852ea28e33e4f9774c1b82c0d39525a35bc48ed5f388908a29996902,f53ddef002148a29bb967095fbaea0cd85e4dd086ec0c190ebc5049dc3431a51,2026-09-30T17:44:01Z
SubmitPartialDecryption,154,d69079f84d4e2e9eef7bcf2e666e3ac172dae62f08376fec10521db529f0b2a3,260,06852e0db5f65bf2d3f839fbc38e8b20ef8eb43701c3da4b8afed8318b0e73ef,3900f65d852ea28e33e4f9774c1b82c0d39525a35bc48ed5f388908a29996902,f53ddef002148a29bb967095fbaea0cd85e4dd086ec0c190ebc5049dc3431a51,2026-09-30T17:44:01Z
SubmitPartialDecryption,150,a139cda0af0ba5792e51ae9f74eaccd5bc55d9a35f67e64c3d5d0660ff605156,260,06852e0db5f65bf2d3f839fbc38e8b20ef8eb43701c3da4b8afed8318b0e73ef,3900f65d852ea28e33e4f9774c1b82c0d39525a35bc48ed5f388908a29996902,f53ddef002148a29bb967095fbaea0cd85e4dd086ec0c190ebc5049dc3431a51,2026-09-30T17:44:01Z
SubmitPartialDecryption,144,9656051916198302c0b56e8b8670e473afefddad078120ebbf3ea325cb0621d0,260,06852e0db5f65bf2d3f839fbc38e8b20ef8eb43701c3da4b8afed8318b0e73ef,3900f65d852ea28e33e4f9774c1b82c0d39525a35bc48ed5f388908a29996902,f53ddef002148a29bb967095fbaea0cd85e4dd086ec0c190ebc5049dc3431a51,2026-09-30T17:44:01Z
SubmitPartialDecryption,158,87654ee709d12401cb47408ad5a0b8fd6fdcf455cc52f852cf44f1fe73d4be6f,260,06852e0db5f65bf2d3f839fbc38e8b20ef8eb43701c3da4b8afed8318b0e73ef,3900f65d852ea28e33e4f9774c1b82c0d39525a35bc48ed5f388908a29996902,f53ddef002148a29bb967095fbaea0cd85e4dd086ec0c190ebc5049dc3431a51,2026-09-30T17:44:01Z
SubmitPartialDecryption,152,d69430803912288a5da880a1dcc76f0ad752373367bfa5f1fbc1cf6c14a7763e,260,06852e0db5f65bf2d3f839fbc38e8b20ef8eb43701c3da4b8afed8318b0e73ef,3900f65d852ea28e33e4f9774c1b82c0d39525a35bc48ed5f388908a29996902,f53ddef002148a29bb967095fbaea0cd85e4dd086ec0c190ebc5049dc3431a51,2026-09-30T17:44:01Z
SubmitPartialDecryption,155,3ba40318ed0c9b65917568c8a529dd3d3a8aadd1e278d23d4029b2aaf4aab78a,260,06852e0db5f65bf2d3f839fbc38e8b20ef8eb43701c3da4b8afed8318b0e73ef,3900f65d852ea28e33e4f9774c1b82c0d39525a35bc48ed5f388908a29996902,f53ddef002148a29bb967095fbaea0cd85e4dd086ec0c190ebc5049dc3431a51,2026-09-30T17:44:01Z
SubmitPartialDecryption,151,9f9996ffbd43f23dce99f959b1988ff633a04dc187dd77debf82551e8e75e367,260,06852e0db5f65bf2d3f839fbc38e8b20ef8eb43701c3da4b8afed8318b0e73ef,3900f65d852ea28e33e4f9774c1b82c0d39525a35bc48ed5f388908a29996902,f53ddef002148a29bb967095fbaea0cd85e4dd086ec0c190ebc5049dc3431a51,2026-09-30T17:44:01Z
SubmitPartialDecryption,156,4b43f9fe368bac8a6f157a7a02b0723c014d1cf3edd08f3d929e93ca129f22ae,260,06852e0db5f65bf2d3f839fbc38e8b20ef8eb43701c3da4b8afed8318b0e73ef,3900f65d852ea28e33e4f9774c1b82c0d39525a35bc48ed5f388908a29996902,f53ddef002148a29bb967095fbaea0cd85e4dd086ec0c190ebc5049dc3431a51,2026-09-30T17:44:01Z
SubmitPartialDecryption,145,973d531873b223d22275dcf8daf506c63288a401810966ba0512dba75aa199c8,260,06852e0db5f65bf2d3f839fbc38e8b20ef8eb43701c3da4b8afed8318b0e73ef,3900f65d852ea28e33e4f9774c1b82c0d39525a35bc48ed5f388908a29996902,f53ddef002148a29bb967095fbaea0cd85e4dd086ec0c190ebc5049dc3431a51,2026-09-30T17:44:01Z
SubmitPartialDecryption,146,be8c8359f9c5135b3d94e8185f56774de6589f066d6b3f419d7c7f8f3dd36680,260,06852e0db5f65bf2d3f839fbc38e8b20ef8eb43701c3da4b8afed8318b0e73ef,3900f65d852ea28e33e4f9774c1b82c0d39525a35bc48ed5f388908a29996902,f53ddef002148a29bb967095fbaea0cd85e4dd086ec0c190ebc5049dc3431a51,2026-09-30T17:44:01Z
SubmitPartialDecryption,157,c80220775e99608ec4fe0bc2e58f303d840fe7503e3b09e4f8da370b053196ed,260,06852e0db5f65bf2d3f839fbc38e8b20ef8eb43701c3da4b8afed8318b0e73ef,3900f65d852ea28e33e4f9774c1b82c0d39525a35bc48ed5f388908a29996902,f53ddef002148a29bb967095fbaea0cd85e4dd086ec0c190ebc5049dc3431a51,2026-09-30T17:44:01Z
SubmitPartialDecryption,161,f709d697e084fa53fa9ee1b9a55820f7e830661cd24c558cdf36726faf5def85,261,08bc0e52ccb35f54beaef9ac096dc6308af02be78f925780298658995641323a,a0feacbfea3ab41d0ee535be11908aeb72229ccbc7265efdb649bffe4e00a067,06852e0db5f65bf2d3f839fbc38e8b20ef8eb43701c3da4b8afed8318b0e73ef,2026-09-30T17:44:03Z
SubmitPartialDecryption,171,a620d699a91851d85b0be7f8651c6658e4924009d7b1dbf8dd65f5131d838685,261,08bc0e52ccb35f54beaef9ac096dc6308af02be78f925780298658995641323a,a0feacbfea3ab41d0ee535be11908aeb72229ccbc7265efdb649bffe4e00a067,06852e0db5f65bf2d3f839fbc38e8b20ef8eb43701c3da4b8afed8318b0e73ef,2026-09-30T17:44:03Z
SubmitPartialDecryption,166,f2d8f9cac4770607b81fcb80d852d79327ed21d8146c32f1b390dfa983a04486,261,08bc0e52ccb35f54beaef9ac096dc6308af02be78f925780298658995641323a,a0feacbfea3ab41d0ee535be11908aeb72229ccbc7265efdb649bffe4e00a067,06852e0db5f65bf2d3f839fbc38e8b20ef8eb43701c3da4b8afed8318b0e73ef,2026-09-30T17:44:03Z
SubmitPartialDecryption,170,e5456cbaf081894af92301da9befdd127185dda8ce62265375053b2db3665c60,261,08bc0e52ccb35f54beaef9ac096dc6308af02be78f925780298658995641323a,a0feacbfea3ab41d0ee535be11908aeb72229ccbc7265efdb649bffe4e00a067,06852e0db5f65bf2d3f839fbc38e8b20ef8eb43701c3da4b8afed8318b0e73ef,2026-09-30T17:44:03Z
SubmitPartialDecryption,174,4603f58e846c5779cc8404a0e11b7a1f6f412a178e087abaf440903b365b702c,261,08bc0e52ccb35f54beaef9ac096dc6308af02be78f925780298658995641323a,a0feacbfea3ab41d0ee535be11908aeb72229ccbc7265efdb649bffe4e00a067,06852e0db5f65bf2d3f839fbc38e8b20ef8eb43701c3da4b8afed8318b0e73ef,2026-09-30T17:44:03Z
SubmitPartialDecryption,162,327e3563c62163c30abc14a88c73dd0b61e1e8bb2cf92eda9abbaa6565951e82,261,08bc0e52ccb35f54beaef9ac096dc6308af02be78f925780298658995641323a,a0feacbfea3ab41d0ee535be11908aeb72229ccbc7265efdb649bffe4e00a067,06852e0db5f65bf2d3f839fbc38e8b20ef8eb43701c3da4b8afed8318b0e73ef,2026-09-30T17:44:03Z
SubmitPartialDecryption,175,070bf0d9a264c03ed4a00bbc35aa1672deddccfa35d8444ec929446c1060a062,261,08bc0e52ccb35f54beaef9ac096dc6308af02be78f925780298658995641323a,a0feacbfea3ab41d0ee535be11908aeb72229ccbc7265efdb649bffe4e00a067,06852e0db5f65bf2d3f839fbc38e8b20ef8eb43701c3da4b8afed8318b0e73ef,2026-09-30T17:44:03Z
SubmitPartialDecryption,168,bf16adcbc71650f5de42a7902b101f0932f010ddc02912d541fb043dd80b0b42,261,08bc0e52ccb35f54beaef9ac096dc6308af02be78f925780298658995641323a,a0feacbfea3ab41d0ee535be11908aeb72229ccbc7265efdb649bffe4e00a067,06852e0db5f65bf2d3f839fbc38e8b20ef8eb43701c3da4b8afed8318b0e73ef,2026-09-30T17:44:03Z
SubmitPartialDecryption,167,f82d2189fc81908fe5b5fffbf649259c015ae5ff3018750a04bcaa1175561a64,261,08bc0e52ccb35f54beaef9ac096dc6308af02be78f925780298658995641323a,a0feacbfea3ab41d0ee535be11908aeb72229ccbc7265efdb649bffe4e00a067,06852e0db5f65bf2d3f839fbc38e8b20ef8eb43701c3da4b8afed8318b0e73ef,2026-09-30T17:44:03Z
SubmitPartialDecryption,164,e1b0dab990c16a156a57a8b0de5477c6f1dbad5b18f9b7c71f5962920564d75f,261,08bc0e52ccb35f54beaef9ac096dc6308af02be78f925780298658995641323a,a0feacbfea3ab41d0ee535be11908aeb72229ccbc7265efdb649bffe4e00a067,06852e0db5f65bf2d3f839fbc38e8b20ef8eb43701c3da4b8afed8318b0e73ef,2026-09-30T17:44:03Z
SubmitPartialDecryption,163,2d60d359dac6fa56847dc70ea30f772cbc730718927b990f4552001e62786269,261,08bc0e52ccb35f54beaef9ac096dc6308af02be78f925780298658995641323a,a0feacbfea3ab41d0ee535be11908aeb72229ccbc7265efdb649bffe4e00a067,06852e0db5f65bf2d3f839fbc38e8b20ef8eb43701c3da4b8afed8318b0e73ef,2026-09-30T17:44:03Z
SubmitPartialDecryption,165,523611e2b7c5dc127983bc5febf825287b0e5173122167d83e4a9db889c8b705,261,08bc0e52ccb35f54beaef9ac096dc6308af02be78f925780298658995641323a,a0feacbfea3ab41d0ee535be11908aeb72229ccbc7265efdb649bffe4e00a067,06852e0db5f65bf2d3f839fbc38e8b20ef8eb43701c3da4b8afed8318b0e73ef,2026-09-30T17:44:03Z
SubmitPartialDecryption,173,dbef8943960dfaa4af8545f8d620fcce199bc87312a60263ed6a76ab187fcc93,261,08bc0e52ccb35f54beaef9ac096dc6308af02be78f925780298658995641323a,a0feacbfea3ab41d0ee535be11908aeb72229ccbc7265efdb649bffe4e00a067,06852e0db5f65bf2d3f839fbc38e8b20ef8eb43701c3da4b8afed8318b0e73ef,2026-09-30T17:44:03Z
SubmitPartialDecryption,172,09763d7d293fbe60cd43542f3d013bb6751babcd1db2b8022d33470714ac333d,261,08bc0e52ccb35f54beaef9ac096dc6308af02be78f925780298658995641323a,a0feacbfea3ab41d0ee535be11908aeb72229ccbc7265efdb649bffe4e00a067,06852e0db5f65bf2d3f839fbc38e8b20ef8eb43701c3da4b8afed8318b0e73ef,2026-09-30T17:44:03Z
SubmitPartialDecryption,169,6e095d3b2a01e5869f553da5a33e9097d83cda2119dca47120718b75d93a0f8c,261,08bc0e52ccb35f54beaef9ac096dc6308af02be78f925780298658995641323a,a0feacbfea3ab41d0ee535be11908aeb72229ccbc7265efdb649bffe4e00a067,06852e0db5f65bf2d3f839fbc38e8b20ef8eb43701c3da4b8afed8318b0e73ef,2026-09-30T17:44:03Z
SubmitPartialDecryption,160,e421e21100b89ec3d32a49122bff831cf35ec7773e2201c49e114a25db463235,261,08bc0e52ccb35f54beaef9ac096dc6308af02be78f925780298658995641323a,a0feacbfea3ab41d0ee535be11908aeb72229ccbc7265efdb649bffe4e00a067,06852e0db5f65bf2d3f839fbc38e8b20ef8eb43701c3da4b8afed8318b0e73ef,2026-09-30T17:44:03Z
SubmitPartialDecryption,182,a5ad6e35a9082dcdca88a7c7a822c0ee561022f0e03e6c01f4c2e9a4e584cd16,262,aa7b86811158a3000aeaa67bafa71c1a66435caba2fd300f1680adc3bb7e5568,6a3878b76fd6131e73b77e212e4717f331c80b1cc710609cb81a673f2fc3dfff,08bc0e52ccb35f54beaef9ac096dc6308af02be78f925780298658995641323a,2026-09-30T17:44:05Z
SubmitPartialDecryption,190,351a326503663a5e4526c434329f8329d15727589acf565c6ee074148a9b4f18,262,aa7b86811158a3000aeaa67bafa71c1a66435caba2fd300f1680adc3bb7e5568,6a3878b76fd6131e73b77e212e4717f331c80b1cc710609cb81a673f2fc3dfff,08bc0e52ccb35f54beaef9ac096dc6308af02be78f925780298658995641323a,2026-09-30T17:44:05Z
SubmitPartialDecryption,181,79381e52ef77ad2f0ccf3ffd5f65aa08619fab5af44fd36e77afeb7b71020497,262,aa7b86811158a3000aeaa67bafa71c1a66435caba2fd300f1680adc3bb7e5568,6a3878b76fd6131e73b77e212e4717f331c80b1cc710609cb81a673f2fc3dfff,08bc0e52ccb35f54beaef9ac096dc6308af02be78f925780298658995641323a,2026-09-30T17:44:05Z
SubmitPartialDecryption,183,cad7ae4307442be04d525703c2926736cf5e6ddfa0423f9d10fcd4f8c78a06e9,262,aa7b86811158a3000aeaa67bafa71c1a66435caba2fd300f1680adc3bb7e5568,6a3878b76fd6131e73b77e212e4717f331c80b1cc710609cb81a673f2fc3dfff,08bc0e52ccb35f54beaef9ac096dc6308af02be78f925780298658995641323a,2026-09-30T17:44:05Z
SubmitPartialDecryption,184,9c803d26b46ee3f8ff8b11d17ac047233be688f33476d72fe740aa459354d673,262,aa7b86811158a3000aeaa67bafa71c1a66435caba2fd300f1680adc3bb7e5568,6a3878b76fd6131e73b77e212e4717f331c80b1cc710609cb81a673f2fc3dfff,08bc0e52ccb35f54beaef9ac096dc6308af02be78f925780298658995641323a,2026-09-30T17:44:05Z
SubmitPartialDecryption,187,e4b3948ada0a56ef935c1c4333108f5e3d6e8bb9cdf0bfb9044007953582928d,262,aa7b86811158a3000aeaa67bafa71c1a66435caba2fd300f1680adc3bb7e5568,6a3878b76fd6131e73b77e212e4717f331c80b1cc710609cb81a673f2fc3dfff,08bc0e52ccb35f54beaef9ac096dc6308af02be78f925780298658995641323a,2026-09-30T17:44:05Z
SubmitPartialDecryption,176,767cae1aaf9b8456742e890cc3232ea9e2cb57a21bcaa2df4ea0e5d8d004e262,262,aa7b86811158a3000aeaa67bafa71c1a66435caba2fd300f1680adc3bb7e5568,6a3878b76fd6131e73b77e212e4717f331c80b1cc710609cb81a673f2fc3dfff,08bc0e52ccb35f54beaef9ac096dc6308af02be78f925780298658995641323a,2026-09-30T17:44:05Z
SubmitPartialDecryption,180,3ce9f86403fca638840561247a1605fba101fd7937bde8f7dc91e5e9d54e2076,262,aa7b86811158a3000aeaa67bafa71c1a66435caba2fd300f1680adc3bb7e5568,6a3878b76fd6131e73b77e212e4717f331c80b1cc710609cb81a673f2fc3dfff,08bc0e52ccb35f54beaef9ac096dc6308af02be78f925780298658995641323a,2026-09-30T17:44:05Z
SubmitPartialDecryption,178,fac34b56f869686b9d0260336c4e5445af51d8b02b903768883dbe88c7db62dc,262,aa7b86811158a3000aeaa67bafa71c1a66435caba2fd300f1680adc3bb7e5568,6a3878b76fd6131e73b77e212e4717f331c80b1cc710609cb81a673f2fc3dfff,08bc0e52ccb35f54beaef9ac096dc6308af02be78f925780298658995641323a,2026-09-30T17:44:05Z
SubmitPartialDecryption,188,dca1918d207ee9d5018985e217c4b1495ea62465c788e0edf3e5786f7fa884d1,262,aa7b86811158a3000aeaa67bafa71c1a66435caba2fd300f1680adc3bb7e5568,6a3878b76fd6131e73b77e212e4717f331c80b1cc710609cb81a673f2fc3dfff,08bc0e52ccb35f54beaef9ac096dc6308af02be78f925780298658995641323a,2026-09-30T17:44:05Z
SubmitPartialDecryption,186,233cb49d448a41f62b64106fd700508fb5c1cfa893dd3231632bbac4452c2f40,262,aa7b86811158a3000aeaa67bafa71c1a66435caba2fd300f1680adc3bb7e5568,6a3878b76fd6131e73b77e212e4717f331c80b1cc710609cb81a673f2fc3dfff,08bc0e52ccb35f54beaef9ac096dc6308af02be78f925780298658995641323a,2026-09-30T17:44:05Z
SubmitPartialDecryption,179,0b5a1701cd285c083b869b47d7de06f059758759ae1ee2bdabe864a320f76553,262,aa7b86811158a3000aeaa67bafa71c1a66435caba2fd300f1680adc3bb7e5568,6a3878b76fd6131e73b77e212e4717f331c80b1cc710609cb81a673f2fc3dfff,08bc0e52ccb35f54beaef9ac096dc6308af02be78f925780298658995641323a,2026-09-30T17:44:05Z
SubmitPartialDecryption,185,2d81d707d90049f85cf72711f315d209319a7cb3b3236a8fad73eba08d409bc5,262,aa7b86811158a3000aeaa67bafa71c1a66435caba2fd300f1680adc3bb7e5568,6a3878b76fd6131e73b77e212e4717f331c80b1cc710609cb81a673f2fc3dfff,08bc0e52ccb35f54beaef9ac096dc6308af02be78f925780298658995641323a,2026-09-30T17:44:05Z
SubmitPartialDecryption,177,398f978f40fc0cdfe4bafc70a609587d464a72544fa4daef6d11b02cdd4821bd,262,aa7b86811158a3000aeaa67bafa71c1a66435caba2fd300f1680adc3bb7e5568,6a3878b76fd6131e73b77e212e4717f331c80b1cc710609cb81a673f2fc3dfff,08bc0e52ccb35f54beaef9ac096dc6308af02be78f925780298658995641323a,2026-09-30T17:44:05Z
SubmitPartialDecryption,191,7256e1160356a0d8609b0a2d200e8a9b37b6a4612972f84e0f6010d80a7065c4,262,aa7b86811158a3000aeaa67bafa71c1a66435caba2fd300f1680adc3bb7e5568,6a3878b76fd6131e73b77e212e4717f331c80b1cc710609cb81a673f2fc3dfff,08bc0e52ccb35f54beaef9ac096dc6308af02be78f925780298658995641323a,2026-09-30T17:44:05Z
SubmitPartialDecryption,189,107556c6a512781dc36be3ce9561f8cef3ebb40a55a14dceef5efdd86d93fc2e,262,aa7b86811158a3000aeaa67bafa71c1a66435caba2fd300f1680adc3bb7e5568,6a3878b76fd6131e73b77e212e4717f331c80b1cc710609cb81a673f2fc3dfff,08bc0e52ccb35f54beaef9ac096dc6308af02be78f925780298658995641323a,2026-09-30T17:44:05Z
SubmitPartialDecryption,199,01e0d9d600f496742e14b6fc9b594a3153997b5daf1903f2bce976539051bfb7,263,a1e0dca8d1d50c6c9b37f7336f01c9030de1939bc4252f87f5deada0973a6d88,ecb0374ea588321bd793d556c72c806cb6ccb8084754f9d495417fe09176ded8,aa7b86811158a3000aeaa67bafa71c1a66435caba2fd300f1680adc3bb7e5568,2026-09-30T17:44:08Z
SubmitPartialDecryption,193,d52d67623185ceaf6553b7fa5251b34a5985ff269b006421c894f21b1ba79d00,263,a1e0dca8d1d50c6c9b37f7336f01c9030de1939bc4252f87f5deada0973a6d88,ecb0374ea588321bd793d556c72c806cb6ccb8084754f9d495417fe09176ded8,aa7b86811158a3000aeaa67bafa71c1a66435caba2fd300f1680adc3bb7e5568,2026-09-30T17:44:08Z
SubmitPartialDecryption,195,affb164d644d0bfb94b040c5ac395dd0268e1f754eae65e6841acac04de2bd98,263,a1e0dca8d1d50c6c9b37f7336f01c9030de1939bc4252f87f5deada0973a6d88,ecb0374ea588321bd793d556c72c806cb6ccb8084754f9d495417fe09176ded8,aa7b86811158a3000aeaa67bafa71c1a66435caba2fd300f1680adc3bb7e5568,2026-09-30T17:44:08Z
SubmitPartialDecryption,194,0b88323a9b11b205cdca91b00759e2bb01c638b98cc3e90e0b4aa6b739a37d8b,263,a1e0dca8d1d50c6c9b37f7336f01c9030de1939bc4252f87f5deada0973a6d88,ecb0374ea588321bd793d556c72c806cb6ccb8084754f9d495417fe09176ded8,aa7b86811158a3000aeaa67bafa71c1a66435caba2fd300f1680adc3bb7e5568,2026-09-30T17:44:08Z
SubmitPartialDecryption,200,1597ddaaf3859f1145489c8b239ce23de75f98fdbb1fa30d5ece173df4b83cae,263,a1e0dca8d1d50c6c9b37f7336f01c9030de1939bc4252f87f5deada0973a6d88,ecb0374ea588321bd793d556c72c806cb6ccb8084754f9d495417fe09176ded8,aa7b86811158a3000aeaa67bafa71c1a66435caba2fd300f1680adc3bb7e5568,2026-09-30T17:44:08Z
SubmitPartialDecryption,203,2f2c5e188906e2a04bd65e29b0d436bf63b48a98566e8f1673c634d004188c9d,263,a1e0dca8d1d50c6c9b37f7336f01c9030de1939bc4252f87f5deada0973a6d88,ecb0374ea588321bd793d556c72c806cb6ccb8084754f9d495417fe09176ded8,aa7b86811158a3000aeaa67bafa71c1a66435caba2fd300f1680adc3bb7e5568,2026-09-30T17:44:08Z
SubmitPartialDecryption,196,278ac08520c01592e77d543ea2465f668207f51f628f246a16f3263285f04a35,263,a1e0dca8d1d50c6c9b37f7336f01c9030de1939bc4252f87f5deada0973a6d88,ecb0374ea588321bd793d556c72c806cb6ccb8084754f9d495417fe09176ded8,aa7b86811158a3000aeaa67bafa71c1a66435caba2fd300f1680adc3bb7e5568,2026-09-30T17:44:08Z
SubmitPartialDecryption,198,188bd9e10ae9bbe32eef1282b3eaf9186f88dcc8c7fc6d4cbc66a110e315f5b9,263,a1e0dca8d1d50c6c9b37f7336f01c9030de1939bc4252f87f5deada0973a6d88,ecb0374ea588321bd793d556c72c806cb6ccb8084754f9d495417fe09176ded8,aa7b86811158a3000aeaa67bafa71c1a66435caba2fd300f1680adc3bb7e5568,2026-09-30T17:44:08Z
SubmitPartialDecryption,192,83111322a1eb76173eae9fe14699cddff02215d0113c1436ef4b3bab376f90ae,263,a1e0dca8d1d50c6c9b37f7336f01c9030de1939bc4252f87f5deada0973a6d88,ecb0374ea588321bd793d556c72c806cb6ccb8084754f9d495417fe09176ded8,aa7b86811158a3000aeaa67bafa71c1a66435caba2fd300f1680adc3bb7e5568,2026-09-30T17:44:08Z
SubmitPartialDecryption,206,79fcc97af0c9a9c198310956d15dc00eeee5803baba4234653acd84b57d98258,263,a1e0dca8d1d50c6c9b37f7336f01c9030de1939bc4252f87f5deada0973a6d88,ecb0374ea588321bd793d556c72c806cb6ccb8084754f9d495417fe09176ded8,aa7b86811158a3000aeaa67bafa71c1a66435caba2fd300f1680adc3bb7e5568,2026-09-30T17:44:08Z
SubmitPartialDecryption,207,db3adb5e8bd5172bde6a36c41eed892458e0ce736b67dbad5cd9be501c86e0ed,263,a1e0dca8d1d50c6c9b37f7336f01c9030de1939bc4252f87f5deada0973a6d88,ecb0374ea588321bd793d556c72c806cb6ccb8084754f9d495417fe09176ded8,aa7b86811158a3000aeaa67bafa71c1a66435caba2fd300f1680adc3bb7e5568,2026-09-30T17:44:08Z
SubmitPartialDecryption,202,be3f50557767b3650542feb08ff1a5985ff97f28f23c20e806785bf393d3a8da,263,a1e0dca8d1d50c6c9b37f7336f01c9030de1939bc4252f87f5deada0973a6d88,ecb0374ea588321bd793d556c72c806cb6ccb8084754f9d495417fe09176ded8,aa7b86811158a3000aeaa67bafa71c1a66435caba2fd300f1680adc3bb7e5568,2026-09-30T17:44:08Z
SubmitPartialDecryption,197,b443d3644b3f412a5d319a752d4ee4849cea444819df4f16101477fdefc8f60f,263,a1e0dca8d1d50c6c9b37f7336f01c9030de1939bc4252f87f5deada0973a6d88,ecb0374ea588321bd793d556c72c806cb6ccb8084754f9d495417fe09176ded8,aa7b86811158a3000aeaa67bafa71c1a66435caba2fd300f1680adc3bb7e5568,2026-09-30T17:44:08Z
SubmitPartialDecryption,204,e6d3433ed9e7226def200a17b1382644ce29d5e02f6be66bb7ee0bf0e612a4a3,263,a1e0dca8d1d50c6c9b37f7336f01c9030de1939bc4252f87f5deada0973a6d88,ecb0374ea588321bd793d556c72c806cb6ccb8084754f9d495417fe09176ded8,aa7b86811158a3000aeaa67bafa71c1a66435caba2fd300f1680adc3bb7e5568,2026-09-30T17:44:08Z
SubmitPartialDecryption,201,cb6b45ebb11f145d33e1e2af88dc8dd45c04692ac628d584f30f5b3e8faa3588,263,a1e0dca8d1d50c6c9b37f7336f01c9030de1939bc4252f87f5deada0973a6d88,ecb0374ea588321bd793d556c72c806cb6ccb8084754f9d495417fe09176ded8,aa7b86811158a3000aeaa67bafa71c1a66435caba2fd300f1680adc3bb7e5568,2026-09-30T17:44:08Z
SubmitPartialDecryption,205,d794268abfb8c9681c20d0447416bd3a167194815851f058f682e39d3ff94edb,263,a1e0dca8d1d50c6c9b37f7336f01c9030de1939bc4252f87f5deada0973a6d88,ecb0374ea588321bd793d556c72c806cb6ccb8084754f9d495417fe09176ded8,aa7b86811158a3000aeaa67bafa71c1a66435caba2fd300f1680adc3bb7e5568,2026-09-30T17:44:08Z
SubmitPartialDecryption,216,e2585a7f2623c6334adb01093b9856fc534d5889c5ec4e1590f10865571b59ed,264,d41a0c6e75bb9d4e9ec78a136f901c14764726566980981526fd2dee96e1e011,96351ea79a8c40f942402d0cbbd76d609dada8c3bba54d602903b28624dc3aab,a1e0dca8d1d50c6c9b37f7336f01c9030de1939bc4252f87f5deada0973a6d88,2026-09-30T17:44:10Z
SubmitPartialDecryption,217,50066ed072513bc5d52b6080f1d48d41f2ba06052b9294c6246122749ee50655,264,d41a0c6e75bb9d4e9ec78a136f901c14764726566980981526fd2dee96e1e011,96351ea79a8c40f942402d0cbbd76d609dada8c3bba54d602903b28624dc3aab,a1e0dca8d1d50c6c9b37f7336f01c9030de1939bc4252f87f5deada0973a6d88,2026-09-30T17:44:10Z
SubmitPartialDecryption,212,cbb0bd8ea469becd5a14475fe3bccda4859ee70dd361711b8c9166b27ee16c18,264,d41a0c6e75bb9d4e9ec78a136f901c14764726566980981526fd2dee96e1e011,96351ea79a8c40f942402d0cbbd76d609dada8c3bba54d602903b28624dc3aab,a1e0dca8d1d50c6c9b37f7336f01c9030de1939bc4252f87f5deada0973a6d88,2026-09-30T17:44:10Z
SubmitPartialDecryption,211,20fc8964153705cac9a394b1bd29b76a1e8b77ad51ef3d589feacf2bc1bb442b,264,d41a0c6e75bb9d4e9ec78a136f901c14764726566980981526fd2dee96e1e011,96351ea79a8c40f942402d0cbbd76d609dada8c3bba54d602903b28624dc3aab,a1e0dca8d1d50c6c9b37f7336f01c9030de1939bc4252f87f5deada0973a6d88,2026-09-30T17:44:10Z
SubmitPartialDecryption,219,198f49afdc67c9b43f26eb86fe47cd89f3be7f14b71b12dd1598b15f25ac185f,264,d41a0c6e75bb9d4e9ec78a136f901c14764726566980981526fd2dee96e1e011,96351ea79a8c40f942402d0cbbd76d609dada8c3bba54d602903b28624dc3aab,a1e0dca8d1d50c6c9b37f7336f01c9030de1939bc4252f87f5deada0973a6d88,2026-09-30T17:44:10Z
SubmitPartialDecryption,221,bebc05759bb212b9c53c5de910154c35eaf4cbcdeaa336d2b0b019dfc3cd1b8d,264,d41a0c6e75bb9d4e9ec78a136f901c14764726566980981526fd2dee96e1e011,96351ea79a8c40f942402d0cbbd76d609dada8c3bba54d602903b28624dc3aab,a1e0dca8d1d50c6c9b37f7336f01c9030de1939bc4252f87f5deada0973a6d88,2026-09-30T17:44:10Z
SubmitPartialDecryption,210,4dadf5e04c6b887b5032f7aa212758bd318a047e137c2caf5effa1cadaad5c69,264,d41a0c6e75bb9d4e9ec78a136f901c14764726566980981526fd2dee96e1e011,96351ea79a8c40f942402d0cbbd76d609dada8c3bba54d602903b28624dc3aab,a1e0dca8d1d50c6c9b37f7336f01c9030de1939bc4252f87f5deada0973a6d88,2026-09-30T17:44:10Z
SubmitPartialDecryption,209,dc6a2f10395569677ca8cec25d999c48bd3fb27b331d7e5cfde72a48813f52a8,264,d41a0c6e75bb9d4e9ec78a136f901c14764726566980981526fd2dee96e1e011,96351ea79a8c40f942402d0cbbd76d609dada8c3bba54d602903b28624dc3aab,a1e0dca8d1d50c6c9b37f7336f01c9030de1939bc4252f87f5deada0973a6d88,2026-09-30T17:44:10Z
SubmitPartialDecryption,220,c7201d2775b55d90fb2e4815ff73525200e1cfe5ede1a88ed5a39d6db0eed59d,264,d41a0c6e75bb9d4e9ec78a136f901c14764726566980981526fd2dee96e1e011,96351ea79a8c40f942402d0cbbd76d609dada8c3bba54d602903b28624dc3aab,a1e0dca8d1d50c6c9b37f7336f01c9030de1939bc4252f87f5deada0973a6d88,2026-09-30T17:44:10Z
SubmitPartialDecryption,214,0656ae02d7ad6330ec36fe4e12abe67405173279eb15ba35dde16f0dcaad4c8e,264,d41a0c6e75bb9d4e9ec78a136f901c14764726566980981526fd2dee96e1e011,96351ea79a8c40f942402d0cbbd76d609dada8c3bba54d602903b28624dc3aab,a1e0dca8d1d50c6c9b37f7336f01c9030de1939bc4252f87f5deada0973a6d88,2026-09-30T17:44:10Z
SubmitPartialDecryption,208,36270e7b89b498ac8c6a1cce30ae2c5cb27d3551ba244cea0283d62cf215b21d,264,d41a0c6e75bb9d4e9ec78a136f901c14764726566980981526fd2dee96e1e011,96351ea79a8c40f942402d0cbbd76d609dada8c3bba54d602903b28624dc3aab,a1e0dca8d1d50c6c9b37f7336f01c9030de1939bc4252f87f5deada0973a6d88,2026-09-30T17:44:10Z
SubmitPartialDecryption,223,4a8706c129dc21e9c6ff2a18e92674ee4cb4f2fdf88c2e648035415d696d3e71,264,d41a0c6e75bb9d4e9ec78a136f901c14764726566980981526fd2dee96e1e011,96351ea79a8c40f942402d0cbbd76d609dada8c3bba54d602903b28624dc3aab,a1e0dca8d1d50c6c9b37f7336f01c9030de1939bc4252f87f5deada0973a6d88,2026-09-30T17:44:10Z
SubmitPartialDecryption,215,b076166946c0a96354c586ff8448576953f677004aadc4eb4c6d2af9cf5804f4,264,d41a0c6e75bb9d4e9ec78a136f901c14764726566980981526fd2dee96e1e011,96351ea79a8c40f942402d0cbbd76d609dada8c3bba54d602903b28624dc3aab,a1e0dca8d1d50c6c9b37f7336f01c9030de1939bc4252f87f5deada0973a6d88,2026-09-30T17:44:10Z
SubmitPartialDecryption,213,e66f9a682d8798387eca518a07322575667f5023e31088d88d3bae856597da72,264,d41a0c6e75bb9d4e9ec78a136f901c14764726566980981526fd2dee96e1e011,96351ea79a8c40f942402d0cbbd76d609dada8c3bba54d602903b28624dc3aab,a1e0dca8d1d50c6c9b37f7336f01c9030de1939bc4252f87f5deada0973a6d88,2026-09-30T17:44:10Z
SubmitPartialDecryption,218,abfbcae12fea2b98a508aea7f7b2a11b1aef204a2983a544f345e78bc8104d2d,264,d41a0c6e75bb9d4e9ec78a136f901c14764726566980981526fd2dee96e1e011,96351ea79a8c40f942402d0cbbd76d609dada8c3bba54d602903b28624dc3aab,a1e0dca8d1d50c6c9b37f7336f01c9030de1939bc4252f87f5deada0973a6d88,2026-09-30T17:44:10Z
SubmitPartialDecryption,222,4c77fe69bf63d2d020405b13aee95fb3b9327162236871d03516a8ae75ea7a32,264,d41a0c6e75bb9d4e9ec78a136f901c14764726566980981526fd2dee96e1e011,96351ea79a8c40f942402d0cbbd76d609dada8c3bba54d602903b28624dc3aab,a1e0dca8d1d50c6c9b37f7336f01c9030de1939bc4252f87f5deada0973a6d88,2026-09-30T17:44:10Z
SubmitPartialDecryption,224,03c68ef0eb0e83cde263c3fae199e26d043c0c1d46044fbaacdce502527e63f3,265,bb89f9f84ac7bb81d37139a033596389fc3ee71c64b40dc15a74278bc4bae526,ffa18f9c3d14e91c099e15ba3a0d748204a718418bba57f604db4cc9e09b88e1,d41a0c6e75bb9d4e9ec78a136f901c14764726566980981526fd2dee96e1e011,2026-09-30T17:44:12Z
SubmitPartialDecryption,235,7af95d1078295d25165ca1f891d6da77e075add3d9ddd84901b30c43e6166534,265,bb89f9f84ac7bb81d37139a033596389fc3ee71c64b40dc15a74278bc4bae526,ffa18f9c3d14e91c099e15ba3a0d748204a718418bba57f604db4cc9e09b88e1,d41a0c6e75bb9d4e9ec78a136f901c14764726566980981526fd2dee96e1e011,2026-09-30T17:44:12Z
SubmitPartialDecryption,238,b75e6090d8cad63e280bf7f84e46ed4bb39cf805464581846a014314c552d885,265,bb89f9f84ac7bb81d37139a033596389fc3ee71c64b40dc15a74278bc4bae526,ffa18f9c3d14e91c099e15ba3a0d748204a718418bba57f604db4cc9e09b88e1,d41a0c6e75bb9d4e9ec78a136f901c14764726566980981526fd2dee96e1e011,2026-09-30T17:44:12Z
SubmitPartialDecryption,237,2733642786f4c104334d859be818e5e4c8cd0a7cbfa8052fb431f73e256df318,265,bb89f9f84ac7bb81d37139a033596389fc3ee71c64b40dc15a74278bc4bae526,ffa18f9c3d14e91c099e15ba3a0d748204a718418bba57f604db4cc9e09b88e1,d41a0c6e75bb9d4e9ec78a136f901c14764726566980981526fd2dee96e1e011,2026-09-30T17:44:12Z
SubmitPartialDecryption,236,5bb333e9cc0169fa77f8f90a7f30b075070a8060799cc70d5b94fa51fd494e70,265,bb89f9f84ac7bb81d37139a033596389fc3ee71c64b40dc15a74278bc4bae526,ffa18f9c3d14e91c099e15ba3a0d748204a718418bba57f604db4cc9e09b88e1,d41a0c6e75bb9d4e9ec78a136f901c14764726566980981526fd2dee96e1e011,2026-09-30T17:44:12Z
SubmitPartialDecryption,227,f667d3eee5e425de0e2831c53d796eb610398e6045300ed7429556ab557555be,265,bb89f9f84ac7bb81d37139a033596389fc3ee71c64b40dc15a74278bc4bae526,ffa18f9c3d14e91c099e15ba3a0d748204a718418bba57f604db4cc9e09b88e1,d41a0c6e75bb9d4e9ec78a136f901c14764726566980981526fd2dee96e1e011,2026-09-30T17:44:12Z
SubmitPartialDecryption,229,89dfec206f3a8ef8cb9594e2189c3a047b39871242724e2aefd63ffad802334d,265,bb89f9f84ac7bb81d37139a033596389fc3ee71c64b40dc15a74278bc4bae526,ffa18f9c3d14e91c099e15ba3a0d748204a718418bba57f604db4cc9e09b88e1,d41a0c6e75bb9d4e9ec78a136f901c14764726566980981526fd2dee96e1e011,2026-09-30T17:44:12Z
SubmitPartialDecryption,233,44d267782870111213ca62fad37ae63aea13565207b75541e8a3f72a5a64f816,265,bb89f9f84ac7bb81d37139a033596389fc3ee71c64b40dc15a74278bc4bae526,ffa18f9c3d14e91c099e15ba3a0d748204a718418bba57f604db4cc9e09b88e1,d41a0c6e75bb9d4e9ec78a136f901c14764726566980981526fd2dee96e1e011,2026-09-30T17:44:12Z
SubmitPartialDecryption,231,ffc24160dc4bb507d1da94935331ed716ca415cebbcdc7b2495e1ec5f4d56168,265,bb89f9f84ac7bb81d37139a033596389fc3ee71c64b40dc15a74278bc4bae526,ffa18f9c3d14e91c099e15ba3a0d748204a718418bba57f604db4cc9e09b88e1,d41a0c6e75bb9d4e9ec78a136f901c14764726566980981526fd2dee96e1e011,2026-09-30T17:44:12Z
SubmitPartialDecryption,239,0314a6e7d92198dfe502e19b8e68a98ab4a2beb334560de836458f0428ba66e0,265,bb89f9f84ac7bb81d37139a033596389fc3ee71c64b40dc15a74278bc4bae526,ffa18f9c3d14e91c099e15ba3a0d748204a718418bba57f604db4cc9e09b88e1,d41a0c6e75bb9d4e9ec78a136f901c14764726566980981526fd2dee96e1e011,2026-09-30T17:44:12Z
SubmitPartialDecryption,230,67c99338b9abd245f8aeaf23336364dd4057793991f6c2596f73e1827c0bda69,265,bb89f9f84ac7bb81d37139a033596389fc3ee71c64b40dc15a74278bc4bae526,ffa18f9c3d14e91c099e15ba3a0d748204a718418bba57f604db4cc9e09b88e1,d41a0c6e75bb9d4e9ec78a136f901c14764726566980981526fd2dee96e1e011,2026-09-30T17:44:12Z
SubmitPartialDecryption,228,d9b71fac46196a2a0c27423bf7c93a52d4989a223b80c1fd55e687ffcf66b2e4,265,bb89f9f84ac7bb81d37139a033596389fc3ee71c64b40dc15a74278bc4bae526,ffa18f9c3d14e91c099e15ba3a0d748204a718418bba57f604db4cc9e09b88e1,d41a0c6e75bb9d4e9ec78a136f901c14764726566980981526fd2dee96e1e011,2026-09-30T17:44:12Z
SubmitPartialDecryption,225,6a1ec4929407c553f26b0766e1b1233704364bd2149422d91c149f8daff534aa,265,bb89f9f84ac7bb81d37139a033596389fc3ee71c64b40dc15a74278bc4bae526,ffa18f9c3d14e91c099e15ba3a0d748204a718418bba57f604db4cc9e09b88e1,d41a0c6e75bb9d4e9ec78a136f901c14764726566980981526fd2dee96e1e011,2026-09-30T17:44:12Z
SubmitPartialDecryption,232,927c225d2a9665529560e952ddcb6bcda15c3aa78d18612177f12cc40244f0b7,265,bb89f9f84ac7bb81d37139a033596389fc3ee71c64b40dc15a74278bc4bae526,ffa18f9c3d14e91c099e15ba3a0d748204a718418bba57f604db4cc9e09b88e1,d41a0c6e75bb9d4e9ec78a136f901c14764726566980981526fd2dee96e1e011,2026-09-30T17:44:12Z
SubmitPartialDecryption,226,dab87f6e51ad0b0a7a746497121a3854fab07eba2ef61cde0eb80a05fd6e5120,265,bb89f9f84ac7bb81d37139a033596389fc3ee71c64b40dc15a74278bc4bae526,ffa18f9c3d14e91c099e15ba3a0d748204a718418bba57f604db4cc9e09b88e1,d41a0c6e75bb9d4e9ec78a136f901c14764726566980981526fd2dee96e1e011,2026-09-30T17:44:12Z
SubmitPartialDecryption,234,c275d4eca788f3d27be1be05e44de44d0a8ea3f5ca0f5f0f52d38de159d3bf83,265,bb89f9f84ac7bb81d37139a033596389fc3ee71c64b40dc15a74278bc4bae526,ffa18f9c3d14e91c099e15ba3a0d748204a718418bba57f604db4cc9e09b88e1,d41a0c6e75bb9d4e9ec78a136f901c14764726566980981526fd2dee96e1e011,2026-09-30T17:44:12Z
SubmitPartialDecryption,241,c263dcf8467e7dbbe0e88d7c539ad8ccebcb51307b18244319d49594af262ac8,266,d6a96c51ae7ab4782f0a33affa1706b41de4b5e8aa0f88838bf47371cc931862,c635caadfe8630702894fba0cc1913603bf3eb3b4d0f956986d4c3a97593d0f2,bb89f9f84ac7bb81d37139a033596389fc3ee71c64b40dc15a74278bc4bae526,2026-09-30T17:44:14Z
SubmitPartialDecryption,244,e4291b086501ab786cffa27861e0e65d28100cd54770d3f072cd4704b502b762,266,d6a96c51ae7ab4782f0a33affa1706b41de4b5e8aa0f88838bf47371cc931862,c635caadfe8630702894fba0cc1913603bf3eb3b4d0f956986d4c3a97593d0f2,bb89f9f84ac7bb81d37139a033596389fc3ee71c64b40dc15a74278bc4bae526,2026-09-30T17:44:14Z
SubmitPartialDecryption,248,2f453cbd8084659709706829995e09c7ab52dd3f8e6a11227aebb9ee01d0e855,266,d6a96c51ae7ab4782f0a33affa1706b41de4b5e8aa0f88838bf47371cc931862,c635caadfe8630702894fba0cc1913603bf3eb3b4d0f956986d4c3a97593d0f2,bb89f9f84ac7bb81d37139a033596389fc3ee71c64b40dc15a74278bc4bae526,2026-09-30T17:44:14Z
SubmitPartialDecryption,249,5abb3657144780231536dc6e1fdc314f0c69f52ef78d74a4b732fcc0a117251e,266,d6a96c51ae7ab4782f0a33affa1706b41de4b5e8aa0f88838bf47371cc931862,c635caadfe8630702894fba0cc1913603bf3eb3b4d0f956986d4c3a97593d0f2,bb89f9f84ac7bb81d37139a033596389fc3ee71c64b40dc15a74278bc4bae526,2026-09-30T17:44:14Z
SubmitPartialDecryption,242,9aec4948f7cb34fab55006757b3e63f2fe907a147e3af79aa865b85715bee378,266,d6a96c51ae7ab4782f0a33affa1706b41de4b5e8aa0f88838bf47371cc931862,c635caadfe8630702894fba0cc1913603bf3eb3b4d0f956986d4c3a97593d0f2,bb89f9f84ac7bb81d37139a033596389fc3ee71c64b40dc15a74278bc4bae526,2026-09-30T17:44:14Z
SubmitPartialDecryption,250,90836a70da96499c939336f1790bca8abfe96afc4311eb467ae29314adc5cd42,266,d6a96c51ae7ab4782f0a33affa1706b41de4b5e8aa0f88838bf47371cc931862,c635caadfe8630702894fba0cc1913603bf3eb3b4d0f956986d4c3a97593d0f2,bb89f9f84ac7bb81d37139a033596389fc3ee71c64b40dc15a74278bc4bae526,2026-09-30T17:44:14Z
SubmitPartialDecryption,240,af169f5d2c4e19ac979ad729e7b3e99dac0dd472dde589094f8e8ce60c381f8f,266,d6a96c51ae7ab4782f0a33affa1706b41de4b5e8aa0f88838bf47371cc931862,c635caadfe8630702894fba0cc1913603bf3eb3b4d0f956986d4c3a97593d0f2,bb89f9f84ac7bb81d37139a033596389fc3ee71c64b40dc15a74278bc4bae526,2026-09-30T17:44:14Z
SubmitPartialDecryption,243,8e028d0de2dad5bdef45684c406455111b144fee5b4cd1a2fb63d0edd3bca302,266,d6a96c51ae7ab4782f0a33affa1706b41de4b5e8aa0f88838bf47371cc931862,c635caadfe8630702894fba0cc1913603bf3eb3b4d0f956986d4c3a97593d0f2,bb89f9f84ac7bb81d37139a033596389fc3ee71c64b40dc15a74278bc4bae526,2026-09-30T17:44:14Z
SubmitPartialDecryption,246,80bf07db851729da9ae4bf61509e516230c0ec062b8efbc0d0037952036f05b4,266,d6a96c51ae7ab4782f0a33affa1706b41de4b5e8aa0f88838bf47371cc931862,c635caadfe8630702894fba0cc1913603bf3eb3b4d0f956986d4c3a97593d0f2,bb89f9f84ac7bb81d37139a033596389fc3ee71c64b40dc15a74278bc4bae526,2026-09-30T17:44:14Z
SubmitPartialDecryption,254,4c4ef03a8cc1f64692e3d2ee9824fc49679eb2c2ef93a40b50014e4f1267a113,266,d6a96c51ae7ab4782f0a33affa1706b41de4b5e8aa0f88838bf47371cc931862,c635caadfe8630702894fba0cc1913603bf3eb3b4d0f956986d4c3a97593d0f2,bb89f9f84ac7bb81d37139a033596389fc3ee71c64b40dc15a74278bc4bae526,2026-09-30T17:44:14Z
SubmitPartialDecryption,247,f9d553ea507cd53d80a07abb499be6f438eb20508fb718b15fc4e0f8fd6412e4,266,d6a96c51ae7ab4782f0a33affa1706b41de4b5e8aa0f88838bf47371cc931862,c635caadfe8630702894fba0cc1913603bf3eb3b4d0f956986d4c3a97593d0f2,bb89f9f84ac7bb81d37139a033596389fc3ee71c64b40dc15a74278bc4bae526,2026-09-30T17:44:14Z
SubmitPartialDecryption,251,1b562ad41da4e769b12a21856e9cff9cf807e5dee4b4924428e18152612bd987,266,d6a96c51ae7ab4782f0a33affa1706b41de4b5e8aa0f88838bf47371cc931862,c635caadfe8630702894fba0cc1913603bf3eb3b4d0f956986d4c3a97593d0f2,bb89f9f84ac7bb81d37139a033596389fc3ee71c64b40dc15a74278bc4bae526,2026-09-30T17:44:14Z
SubmitPartialDecryption,245,b1c1224e09f68fb1c4e1b094a78b9285f2be3c231dad719343b1d6a11da9976b,266,d6a96c51ae7ab4782f0a33affa1706b41de4b5e8aa0f88838bf47371cc931862,c635caadfe8630702894fba0cc1913603bf3eb3b4d0f956986d4c3a97593d0f2,bb89f9f84ac7bb81d37139a033596389fc3ee71c64b40dc15a74278bc4bae526,2026-09-30T17:44:14Z
SubmitPartialDecryption,253,45cd37342a2b13b5b89c06faf7f8911d35a3c76ab8ae2779fb3ab6ee71179314,266,d6a96c51ae7ab4782f0a33affa1706b41de4b5e8aa0f88838bf47371cc931862,c635caadfe8630702894fba0cc1913603bf3eb3b4d0f956986d4c3a97593d0f2,bb89f9f84ac7bb81d37139a033596389fc3ee71c64b40dc15a74278bc4bae526,2026-09-30T17:44:14Z
SubmitPartialDecryption,255,4cb4e782f4121d4bcdc58e55b484bd767b9b762eb4fa42e4158526c4a4cf4dc8,266,d6a96c51ae7ab4782f0a33affa1706b41de4b5e8aa0f88838bf47371cc931862,c635caadfe8630702894fba0cc1913603bf3eb3b4d0f956986d4c3a97593d0f2,bb89f9f84ac7bb81d37139a033596389fc3ee71c64b40dc15a74278bc4bae526,2026-09-30T17:44:14Z
SubmitPartialDecryption,252,2ac4f2cbf87e96f4381c6b390ab39dedcb9dbff0eae04609d3fc4aca5637162d,266,d6a96c51ae7ab4782f0a33affa1706b41de4b5e8aa0f88838bf47371cc931862,c635caadfe8630702894fba0cc1913603bf3eb3b4d0f956986d4c3a97593d0f2,bb89f9f84ac7bb81d37139a033596389fc3ee71c64b40dc15a74278bc4bae526,2026-09-30T17:44:14Z
SubmitPartialDecryption,269,996b6e465c5eb64ab567b8dccc2b0749ae3110520d5819be34541c08144eb221,267,91e6b745fc879167a85f59ac37836cba31e77e2338ca3767e707ea5aa18e5e56,80293023a07b1660582c3ce01b0b6e73bfade77b6ee5cf524095c105ebc48f0b,d6a96c51ae7ab4782f0a33affa1706b41de4b5e8aa0f88838bf47371cc931862,2026-09-30T17:44:17Z
SubmitPartialDecryption,262,9cdc79a0d4b67e7e1ad220e7f7d11deea880179192d9988cf2b00426ea804049,267,91e6b745fc879167a85f59ac37836cba31e77e2338ca3767e707ea5aa18e5e56,80293023a07b1660582c3ce01b0b6e73bfade77b6ee5cf524095c105ebc48f0b,d6a96c51ae7ab4782f0a33affa1706b41de4b5e8aa0f88838bf47371cc931862,2026-09-30T17:44:17Z
SubmitPartialDecryption,268,cceb5e18a72ac842f78c71161e8a33dd4243399aaa60a1a1824ed9d1af767415,267,91e6b745fc879167a85f59ac37836cba31e77e2338ca3767e707ea5aa18e5e56,80293023a07b1660582c3ce01b0b6e73bfade77b6ee5cf524095c105ebc48f0b,d6a96c51ae7ab4782f0a33affa1706b41de4b5e8aa0f88838bf47371cc931862,2026-09-30T17:44:17Z
SubmitPartialDecryption,257,5ad0c0f22c52385ed1c20204626c860976020c08f375095646e81f5aeffcc57e,267,91e6b745fc879167a85f59ac37836cba31e77e2338ca3767e707ea5aa18e5e56,80293023a07b1660582c3ce01b0b6e73bfade77b6ee5cf524095c105ebc48f0b,d6a96c51ae7ab4782f0a33affa1706b41de4b5e8aa0f88838bf47371cc931862,2026-09-30T17:44:17Z
SubmitPartialDecryption,260,39729fc37990c50168c18a20d3fbbcd40ab26946db6873121e73b106d7f07039,267,91e6b745fc879167a85f59ac37836cba31e77e2338ca3767e707ea5aa18e5e56,80293023a07b1660582c3ce01b0b6e73bfade77b6ee5cf524095c105ebc48f0b,d6a96c51ae7ab4782f0a33affa1706b41de4b5e8aa0f88838bf47371cc931862,2026-09-30T17:44:17Z
SubmitPartialDecryption,258,b6911a5e794be02e4ebcd619a0aae017eb8e1421faca4ef5c614633c7fc7ed4c,267,91e6b745fc879167a85f59ac37836cba31e77e2338ca3767e707ea5aa18e5e56,80293023a07b1660582c3ce01b0b6e73bfade77b6ee5cf524095c105ebc48f0b,d6a96c51ae7ab4782f0a33affa1706b41de4b5e8aa0f88838bf47371cc931862,2026-09-30T17:44:17Z
SubmitPartialDecryption,264,efb4aceb053dafdebe11efb1a9deaafe4fe5e4cc7633f3d92a9bd68b7a0f2970,267,91e6b745fc879167a85f59ac37836cba31e77e2338ca3767e707ea5aa18e5e56,80293023a07b1660582c3ce01b0b6e73bfade77b6ee5cf524095c105ebc48f0b,d6a96c51ae7ab4782f0a33affa1706b41de4b5e8aa0f88838bf47371cc931862,2026-09-30T17:44:17Z
SubmitPartialDecryption,266,c3be4136e1bed92e88375a5845f0e2b08ca284e4611a6bfa14843de6eddce07e,267,91e6b745fc879167a85f59ac37836cba31e77e2338ca3767e707ea5aa18e5e56,80293023a07b1660582c3ce01b0b6e73bfade77b6ee5cf524095c105ebc48f0b,d6a96c51ae7ab4782f0a33affa1706b41de4b5e8aa0f88838bf47371cc931862,2026-09-30T17:44:17Z
SubmitPartialDecryption,271,4a9f83f63ede29f0044789933359f2955fdbed1aabd19189412895df9e25c1d8,267,91e6b745fc879167a85f59ac37836cba31e77e2338ca3767e707ea5aa18e5e56,80293023a07b1660582c3ce01b0b6e73bfade77b6ee5cf524095c105ebc48f0b,d6a96c51ae7ab4782f0a33affa1706b41de4b5e8aa0f88838bf47371cc931862,2026-09-30T17:44:17Z
SubmitPartialDecryption,263,c919d44c85ebc699621d8260b64241e6471aed6fa54b8f6287818dc648dbc9dd,267,91e6b745fc879167a85f59ac37836cba31e77e2338ca3767e707ea5aa18e5e56,80293023a07b1660582c3ce01b0b6e73bfade77b6ee5cf524095c105ebc48f0b,d6a96c51ae7ab4782f0a33affa1706b41de4b5e8aa0f88838bf47371cc931862,2026-09-30T17:44:17Z
SubmitPartialDecryption,270,fcf500c4df80eb7ff039afbe55362263af98237d05ca0b2013ac8ff6ea8cab2b,267,91e6b745fc879167a85f59ac37836cba31e77e2338ca3767e707ea5aa18e5e56,80293023a07b1660582c3ce01b0b6e73bfade77b6ee5cf524095c105ebc48f0b,d6a96c51ae7ab4782f0a33affa1706b41de4b5e8aa0f88838bf47371cc931862,2026-09-30T17:44:17Z
SubmitPartialDecryption,259,7dab87c8c381c833a375b97cbda536a2de49c9e5ab66205efc9351ace05e8f97,267,91e6b745fc879167a85f59ac37836cba31e77e2338ca3767e707ea5aa18e5e56,80293023a07b1660582c3ce01b0b6e73bfade77b6ee5cf524095c105ebc48f0b,d6a96c51ae7ab4782f0a33affa1706b41de4b5e8aa0f88838bf47371cc931862,2026-09-30T17:44:17Z
SubmitPartialDecryption,265,fbd6bc68bb6fadf2262e12189f7ca978c1c3614bc01307c40b491ddadcfe7676,267,91e6b745fc879167a85f59ac37836cba31e77e2338ca3767e707ea5aa18e5e56,80293023a07b1660582c3ce01b0b6e73bfade77b6ee5cf524095c105ebc48f0b,d6a96c51ae7ab4782f0a33affa1706b41de4b5e8aa0f88838bf47371cc931862,2026-09-30T17:44:17Z
SubmitPartialDecryption,261,c5082be79b9fec67d2e40ae1940f22dd33fcf21f6cf6742459bc1b46ba316017,267,91e6b745fc879167a85f59ac37836cba31e77e2338ca3767e707ea5aa18e5e56,80293023a07b1660582c3ce01b0b6e73bfade77b6ee5cf524095c105ebc48f0b,d6a96c51ae7ab4782f0a33affa1706b41de4b5e8aa0f88838bf47371cc931862,2026-09-30T17:44:17Z
SubmitPartialDecryption,267,f2ec22ed19afe795ead704e57364444eddf338951e04fcaed7ae907749d3dde7,267,91e6b745fc879167a85f59ac37836cba31e77e2338ca3767e707ea5aa18e5e56,80293023a07b1660582c3ce01b0b6e73bfade77b6ee5cf524095c105ebc48f0b,d6a96c51ae7ab4782f0a33affa1706b41de4b5e8aa0f88838bf47371cc931862,2026-09-30T17:44:17Z
SubmitPartialDecryption,256,aa9b4c52bc3a5b98ba0e23ccf94cf6e291b7288f218baae13a858119052c039d,267,91e6b745fc879167a85f59ac37836cba31e77e2338ca3767e707ea5aa18e5e56,80293023a07b1660582c3ce01b0b6e73bfade77b6ee5cf524095c105ebc48f0b,d6a96c51ae7ab4782f0a33affa1706b41de4b5e8aa0f88838bf47371cc931862,2026-09-30T17:44:17Z
SubmitPartialDecryption,286,1cc8682d39267b5d9c0ed998ec4977fffcee2c0c11990ed752c9f5ca44c020e3,268,3475c3439428cf992e63ba8944f6ea3b975ec67259e15d0e9e3ec5500f4bfabb,0e64b469ccff74bb4d633df3670ba4bae1101c099e0258181da00432ca116aa0,91e6b745fc879167a85f59ac37836cba31e77e2338ca3767e707ea5aa18e5e56,2026-09-30T17:44:19Z
SubmitPartialDecryption,277,b93c257affbf4b7e8addd3f7a67339455cff72c85eba4ad7d4fb7d68c75cf4b7,268,3475c3439428cf992e63ba8944f6ea3b975ec67259e15d0e9e3ec5500f4bfabb,0e64b469ccff74bb4d633df3670ba4bae1101c099e0258181da00432ca116aa0,91e6b745fc879167a85f59ac37836cba31e77e2338ca3767e707ea5aa18e5e56,2026-09-30T17:44:19Z
SubmitPartialDecryption,284,f6d05923c7c92a700c77b9e5b292ab5a505ca511aadc272489cac3282f90ad83,268,3475c3439428cf992e63ba8944f6ea3b975ec67259e15d0e9e3ec5500f4bfabb,0e64b469ccff74bb4d633df3670ba4bae1101c099e0258181da00432ca116aa0,91e6b745fc879167a85f59ac37836cba31e77e2338ca3767e707ea5aa18e5e56,2026-09-30T17:44:19Z
SubmitPartialDecryption,274,b68da70388bc2a42e5c2cca77508d1f6aac1bf04e02bf92431fd7c245b540dff,268,3475c3439428cf992e63ba8944f6ea3b975ec67259e15d0e9e3ec5500f4bfabb,0e64b469ccff74bb4d633df3670ba4bae1101c099e0258181da00432ca116aa0,91e6b745fc879167a85f59ac37836cba31e77e2338ca3767e707ea5aa18e5e56,2026-09-30T17:44:19Z
SubmitPartialDecryption,276,420adf03145d93a645a61e6a91dbe05fa64b5098092c47058d22e9a2c24354d5,268,3475c3439428cf992e63ba8944f6ea3b975ec67259e15d0e9e3ec5500f4bfabb,0e64b469ccff74bb4d633df3670ba4bae1101c099e0258181da00432ca116aa0,91e6b745fc879167a85f59ac37836cba31e77e2338ca3767e707ea5aa18e5e56,2026-09-30T17:44:19Z
SubmitPartialDecryption,281,1d35f94af6c8f8b1dc31aaeffd0f09393b5ac6a260895ba81db2484cdea0949d,268,3475c3439428cf992e63ba8944f6ea3b975ec67259e15d0e9e3ec5500f4bfabb,0e64b469ccff74bb4d633df3670ba4bae1101c099e0258181da00432ca116aa0,91e6b745fc879167a85f59ac37836cba31e77e2338ca3767e707ea5aa18e5e56,2026-09-30T17:44:19Z
SubmitPartialDecryption,278,fe38cc79dc486710aee9002c1db34109ad1337a07d7537806788ffa35f194492,268,3475c3439428cf992e63ba8944f6ea3b975ec67259e15d0e9e3ec5500f4bfabb,0e64b469ccff74bb4d633df3670ba4bae1101c099e0258181da00432ca116aa0,91e6b745fc879167a85f59ac37836cba31e77e2338ca3767e707ea5aa18e5e56,2026-09-30T17:44:19Z
SubmitPartialDecryption,285,00acc8ac293acc8c5fba0b42e20ffac44e159b155b5526061f792897e631456b,268,3475c3439428cf992e63ba8944f6ea3b975ec67259e15d0e9e3ec5500f4bfabb,0e64b469ccff74bb4d633df3670ba4bae1101c099e0258181da00432ca116aa0,91e6b745fc879167a85f59ac37836cba31e77e2338ca3767e707ea5aa18e5e56,2026-09-30T17:44:19Z
SubmitPartialDecryption,275,9bb31dccdf9b849ebf7f14b2f40036e4f3d8e0f3144c81f6393b787583a2d434,268,3475c3439428cf992e63ba8944f6ea3b975ec67259e15d0e9e3ec5500f4bfabb,0e64b469ccff74bb4d633df3670ba4bae1101c099e0258181da00432ca116aa0,91e6b745fc879167a85f59ac37836cba31e77e2338ca3767e707ea5aa18e5e56,2026-09-30T17:44:19Z
SubmitPartialDecryption,280,9c9cc308e386e477d22c140e0e41bdd9be715d2b81de7852e819047144eb2112,268,3475c3439428cf992e63ba8944f6ea3b975ec67259e15d0e9e3ec5500f4bfabb,0e64b469ccff74bb4d633df3670ba4bae1101c099e0258181da00432ca116aa0,91e6b745fc879167a85f59ac37836cba31e77e2338ca3767e707ea5aa18e5e56,2026-09-30T17:44:19Z
SubmitPartialDecryption,287,dd7b481d6fb6f4b265d27336b36bb2e1869a5ae9cf030bc6f8dc2b304ebeeb94,268,3475c3439428cf992e63ba8944f6ea3b975ec67259e15d0e9e3ec5500f4bfabb,0e64b469ccff74bb4d633df3670ba4bae1101c099e0258181da00432ca116aa0,91e6b745fc879167a85f59ac37836cba31e77e2338ca3767e707ea5aa18e5e56,2026-09-30T17:44:19Z
SubmitPartialDecryption,273,60130651509166288e3101b71c97f4912d5c6bfdbe6a1169f41e1676dd787290,268,3475c3439428cf992e63ba8944f6ea3b975ec67259e15d0e9e3ec5500f4bfabb,0e64b469ccff74bb4d633df3670ba4bae1101c099e0258181da00432ca116aa0,91e6b745fc879167a85f59ac37836cba31e77e2338ca3767e707ea5aa18e5e56,2026-09-30T17:44:19Z
SubmitPartialDecryption,282,3955d913749293925b24337c5cc251fc9eaac368c5b310d59c54143c2af13e64,268,3475c3439428cf992e63ba8944f6ea3b975ec67259e15d0e9e3ec5500f4bfabb,0e64b469ccff74bb4d633df3670ba4bae1101c099e0258181da00432ca116aa0,91e6b745fc879167a85f59ac37836cba31e77e2338ca3767e707ea5aa18e5e56,2026-09-30T17:44:19Z
SubmitPartialDecryption,272,3f10c1ae4b6cc752af582bfd066e0e93ea24f131757462bae1e87f408cc9c900,268,3475c3439428cf992e63ba8944f6ea3b975ec67259e15d0e9e3ec5500f4bfabb,0e64b469ccff74bb4d633df3670ba4bae1101c099e0258181da00432ca116aa0,91e6b745fc879167a85f59ac37836cba31e77e2338ca3767e707ea5aa18e5e56,2026-09-30T17:44:19Z
SubmitPartialDecryption,279,8f56c4d5b5f38448b0f0cfa301ddcc8e53b9b0a9084ee9a7acf48456d3d5cda6,268,3475c3439428cf992e63ba8944f6ea3b975ec67259e15d0e9e3ec5500f4bfabb,0e64b469ccff74bb4d633df3670ba4bae1101c099e0258181da00432ca116aa0,91e6b745fc879167a85f59ac37836cba31e77e2338ca3767e707ea5aa18e5e56,2026-09-30T17:44:19Z
SubmitPartialDecryption,283,d45f00ff9a3ef46a5807202d2b3dbdc161a94387666c3ba5db29b8eeb822f15a,268,3475c3439428cf992e63ba8944f6ea3b975ec67259e15d0e9e3ec5500f4bfabb,0e64b469ccff74bb4d633df3670ba4bae1101c099e0258181da00432ca116aa0,91e6b745fc879167a85f59ac37836cba31e77e2338ca3767e707ea5aa18e5e56,2026-09-30T17:44:19Z
SubmitPartialDecryption,288,f91bbaa1b3e8109c718352eed72f20a82ee17aacc0c5416a79e541d93fb44e78,269,3ead4c1b66f029c88f83abf1daa4cb66a9e3c180e46343206734378e1c7ef501,64d1332a714371ad5eee54aef8af72144e9f63ff014a7ba9eabf23464b309f97,3475c3439428cf992e63ba8944f6ea3b975ec67259e15d0e9e3ec5500f4bfabb,2026-09-30T17:44:21Z
SubmitPartialDecryption,299,6159370ea89bcdbdc3d928b27c8cffac473f6af6254ecd2c5198509a188de5f4,269,3ead4c1b66f029c88f83abf1daa4cb66a9e3c180e46343206734378e1c7ef501,64d1332a714371ad5eee54aef8af72144e9f63ff014a7ba9eabf23464b309f97,3475c3439428cf992e63ba8944f6ea3b975ec67259e15d0e9e3ec5500f4bfabb,2026-09-30T17:44:21Z
SubmitPartialDecryption,294,b0792d98f89094d92eab2d5f4377269e7e15a1afa71acaa6acaaa67c5f0def87,269,3ead4c1b66f029c88f83abf1daa4cb66a9e3c180e46343206734378e1c7ef501,64d1332a714371ad5eee54aef8af72144e9f63ff014a7ba9eabf23464b309f97,3475c3439428cf992e63ba8944f6ea3b975ec67259e15d0e9e3ec5500f4bfabb,2026-09-30T17:44:21Z
SubmitPartialDecryption,298,922c18c269e726ebd631a64ac5c1d47fff56dc6f505e1f67eaf8a428f1cfd39f,269,3ead4c1b66f029c88f83abf1daa4cb66a9e3c180e46343206734378e1c7ef501,64d1332a714371ad5eee54aef8af72144e9f63ff014a7ba9eabf23464b309f97,3475c3439428cf992e63ba8944f6ea3b975ec67259e15d0e9e3ec5500f4bfabb,2026-09-30T17:44:21Z
SubmitPartialDecryption,296,75d47aff3f8d0df401585b3bcd448f338ab02d3ff1ed0e7a73a7f0772fe0e2af,269,3ead4c1b66f029c88f83abf1daa4cb66a9e3c180e46343206734378e1c7ef501,64d1332a714371ad5eee54aef8af72144e9f63ff014a7ba9eabf23464b309f97,3475c3439428cf992e63ba8944f6ea3b975ec67259e15d0e9e3ec5500f4bfabb,2026-09-30T17:44:21Z
SubmitPartialDecryption,301,e8e9319c691ce6d3828f7f0e928b9ff68d28aedfaf735dba5c3795bb64b35b4b,269,3ead4c1b66f029c88f83abf1daa4cb66a9e3c180e46343206734378e1c7ef501,64d1332a714371ad5eee54aef8af72144e9f63ff014a7ba9eabf23464b309f97,3475c3439428cf992e63ba8944f6ea3b975ec67259e15d0e9e3ec5500f4bfabb,2026-09-30T17:44:21Z
SubmitPartialDecryption,293,a258ff764567532a82447ad3061e0701715a5c59dacb07c23b6b5e1f981bc2f7,269,3ead4c1b66f029c88f83abf1daa4cb66a9e3c180e46343206734378e1c7ef501,64d1332a714371ad5eee54aef8af72144e9f63ff014a7ba9eabf23464b309f97,3475c3439428cf992e63ba8944f6ea3b975ec67259e15d0e9e3ec5500f4bfabb,2026-09-30T17:44:21Z
SubmitPartialDecryption,291,21355702b9b2ae173f2d925d12be848f9158713efacaafc813630c845f370c7a,269,3ead4c1b66f029c88f83abf1daa4cb66a9e3c180e46343206734378e1c7ef501,64d1332a714371ad5eee54aef8af72144e9f63ff014a7ba9eabf23464b309f97,3475c3439428cf992e63ba8944f6ea3b975ec67259e15d0e9e3ec5500f4bfabb,2026-09-30T17:44:21Z
SubmitPartialDecryption,297,03c6318fe537274b55ec79705252dda7aaf2e0b65fd45fac30e6e7e990bbed3a,269,3ead4c1b66f029c88f83abf1daa4cb66a9e3c180e46343206734378e1c7ef501,64d1332a714371ad5eee54aef8af72144e9f63ff014a7ba9eabf23464b309f97,3475c3439428cf992e63ba8944f6ea3b975ec67259e15d0e9e3ec5500f4bfabb,2026-09-30T17:44:21Z
SubmitPartialDecryption,292,8210909ff204a04512fdfa69d65df4a7d6f9397fdb1eadd1984ba210e049ef0e,269,3ead4c1b66f029c88f83abf1daa4cb66a9e3c180e46343206734378e1c7ef501,64d1332a714371ad5eee54aef8af72144e9f63ff014a7ba9eabf23464b309f97,3475c3439428cf992e63ba8944f6ea3b975ec67259e15d0e9e3ec5500f4bfabb,2026-09-30T17:44:21Z
SubmitPartialDecryption,290,f2c8c7f1602b04e6ae65de83a4ca0ca8e28419af99a4ee6bcdc43e52e2976a8c,269,3ead4c1b66f029c88f83abf1daa4cb66a9e3c180e46343206734378e1c7ef501,64d1332a714371ad5eee54aef8af72144e9f63ff014a7ba9eabf23464b309f97,3475c3439428cf992e63ba8944f6ea3b975ec67259e15d0e9e3ec5500f4bfabb,2026-09-30T17:44:21Z
SubmitPartialDecryption,289,a58a5d9fb2ea85d5e73e4691f9a4e6d5397e426070e568775458fd2805e9e4a5,269,3ead4c1b66f029c88f83abf1daa4cb66a9e3c180e46343206734378e1c7ef501,64d1332a714371ad5eee54aef8af72144e9f63ff014a7ba9eabf23464b309f97,3475c3439428cf992e63ba8944f6ea3b975ec67259e15d0e9e3ec5500f4bfabb,2026-09-30T17:44:21Z
SubmitPartialDecryption,303,33e160eca1fe2f0ef20e00aeaa02abfe23a313a330717cdf38ae081ea6290200,269,3ead4c1b66f029c88f83abf1daa4cb66a9e3c180e46343206734378e1c7ef501,64d1332a714371ad5eee54aef8af72144e9f63ff014a7ba9eabf23464b309f97,3475c3439428cf992e63ba8944f6ea3b975ec67259e15d0e9e3ec5500f4bfabb,2026-09-30T17:44:21Z
SubmitPartialDecryption,302,59e3780c51788133e6ca60dfca4e93818a8162bba062b74ed619b795f92e5c47,269,3ead4c1b66f029c88f83abf1daa4cb66a9e3c180e46343206734378e1c7ef501,64d1332a714371ad5eee54aef8af72144e9f63ff014a7ba9eabf23464b309f97,3475c3439428cf992e63ba8944f6ea3b975ec67259e15d0e9e3ec5500f4bfabb,2026-09-30T17:44:21Z
SubmitPartialDecryption,300,f1dfd0e4c5cde085047d2570a863c746c2fd25f5d4ec81cd2613d5b2efc6d8c5,269,3ead4c1b66f029c88f83abf1daa4cb66a9e3c180e46343206734378e1c7ef501,64d1332a714371ad5eee54aef8af72144e9f63ff014a7ba9eabf23464b309f97,3475c3439428cf992e63ba8944f6ea3b975ec67259e15d0e9e3ec5500f4bfabb,2026-09-30T17:44:21Z
SubmitPartialDecryption,295,c7a6a60dc4da18ba491de3c0c0be11996b2c8f2e92800569a340d0d36a120d27,269,3ead4c1b66f029c88f83abf1daa4cb66a9e3c180e46343206734378e1c7ef501,64d1332a714371ad5eee54aef8af72144e9f63ff014a7ba9eabf23464b309f97,3475c3439428cf992e63ba8944f6ea3b975ec67259e15d0e9e3ec5500f4bfabb,2026-09-30T17:44:21Z
SubmitPartialDecryption,318,ae051b5708502959b1f07f5fa94c99b198fef0be0da3fa3457d0e33b37648be9,270,b50adef8d9b1d8feda76048346a556c797c6ef9c9866dfa5da213668e05827b9,9dbd04a79015b1aca37b9ea79e3f12c8d0e3f0b266b48a3424723856bb6e3964,3ead4c1b66f029c88f83abf1daa4cb66a9e3c180e46343206734378e1c7ef501,2026-09-30T17:44:23Z
SubmitPartialDecryption,305,426e3af4ae19e36afa42608f82377518fe369851e07c92e5708d4e42f299ed48,270,b50adef8d9b1d8feda76048346a556c797c6ef9c9866dfa5da213668e05827b9,9dbd04a79015b1aca37b9ea79e3f12c8d0e3f0b266b48a3424723856bb6e3964,3ead4c1b66f029c88f83abf1daa4cb66a9e3c180e46343206734378e1c7ef501,2026-09-30T17:44:23Z
SubmitPartialDecryption,314,a0dd43fa0e6bb777a7a03bba816d73a823a9e958ca5bdb380d275998e9017535,270,b50adef8d9b1d8feda76048346a556c797c6ef9c9866dfa5da213668e05827b9,9dbd04a79015b1aca37b9ea79e3f12c8d0e3f0b266b48a3424723856bb6e3964,3ead4c1b66f029c88f83abf1daa4cb66a9e3c180e46343206734378e1c7ef501,2026-09-30T17:44:23Z
SubmitPartialDecryption,313,d9e8fb78860e696fec47c0af6cafa80199942c99e270835167aa52ce43b337be,270,b50adef8d9b1d8feda76048346a556c797c6ef9c9866dfa5da213668e05827b9,9dbd04a79015b1aca37b9ea79e3f12c8d0e3f0b266b48a3424723856bb6e3964,3ead4c1b66f029c88f83abf1daa4cb66a9e3c180e46343206734378e1c7ef501,2026-09-30T17:44:23Z
SubmitPartialDecryption,309,9fcbbc945f1cff1ff6a8512a5d0b0125bb11504aa42ae945e99bf85382fc65aa,270,b50adef8d9b1d8feda76048346a556c797c6ef9c9866dfa5da213668e05827b9,9dbd04a79015b1aca37b9ea79e3f12c8d0e3f0b266b48a3424723856bb6e3964,3ead4c1b66f029c88f83abf1daa4cb66a9e3c180e46343206734378e1c7ef501,2026-09-30T17:44:23Z
SubmitPartialDecryption,312,57b57dc1f817559a0174b817b0e59253b77f39a620a225d194b3b17da93a4fcd,270,b50adef8d9b1d8feda76048346a556c797c6ef9c9866dfa5da213668e05827b9,9dbd04a79015b1aca37b9ea79e3f12c8d0e3f0b266b48a3424723856bb6e3964,3ead4c1b66f029c88f83abf1daa4cb66a9e3c180e46343206734378e1c7ef501,2026-09-30T17:44:23Z
SubmitPartialDecryption,310,226e69d316d0d1a03403fedda7b04b4046281459374ca4ebebb4fa25220c20c5,270,b50adef8d9b1d8feda76048346a556c797c6ef9c9866dfa5da213668e05827b9,9dbd04a79015b1aca37b9ea79e3f12c8d0e3f0b266b48a3424723856bb6e3964,3ead4c1b66f029c88f83abf1daa4cb66a9e3c180e46343206734378e1c7ef501,2026-09-30T17:44:23Z
SubmitPartialDecryption,319,55a939f24962241d80d63648c6f26f98af2997dcfd551e0b95924f695a9b4e34,270,b50adef8d9b1d8feda76048346a556c797c6ef9c9866dfa5da213668e05827b9,9dbd04a79015b1aca37b9ea79e3f12c8d0e3f0b266b48a3424723856bb6e3964,3ead4c1b66f029c88f83abf1daa4cb66a9e3c180e46343206734378e1c7ef501,2026-09-30T17:44:23Z
SubmitPartialDecryption,311,5ebf383d4b00d7eb176be778b3481168e9442875fad705004cd0f424b1cb6d28,270,b50adef8d9b1d8feda76048346a556c797c6ef9c9866dfa5da213668e05827b9,9dbd04a79015b1aca37b9ea79e3f12c8d0e3f0b266b48a3424723856bb6e3964,3ead4c1b66f029c88f83abf1daa4cb66a9e3c180e46343206734378e1c7ef501,2026-09-30T17:44:23Z
SubmitPartialDecryption,307,4e059090cfd85f15bf89c2192d09441afa20fba034ebcc333b1b81ddd98bae05,270,b50adef8d9b1d8feda76048346a556c797c6ef9c9866dfa5da213668e05827b9,9dbd04a79015b1aca37b9ea79e3f12c8d0e3f0b266b48a3424723856bb6e3964,3ead4c1b66f029c88f83abf1daa4cb66a9e3c180e46343206734378e1c7ef501,2026-09-30T17:44:23Z
SubmitPartialDecryption,304,c2ebd7a445b4db506b08dbb6dafa0a36f3f9296d65ce527846886374bab0e98e,270,b50adef8d9b1d8feda76048346a556c797c6ef9c9866dfa5da213668e05827b9,9dbd04a79015b1aca37b9ea79e3f12c8d0e3f0b266b48a3424723856bb6e3964,3ead4c1b66f029c88f83abf1daa4cb66a9e3c180e46343206734378e1c7ef501,2026-09-30T17:44:23Z
SubmitPartialDecryption,316,9c459dbf371d3e870f82ffce312a8dd48f8d8d663e78de60bedab8c44950369c,270,b50adef8d9b1d8feda76048346a556c797c6ef9c9866dfa5da213668e05827b9,9dbd04a79015b1aca37b9ea79e3f12c8d0e3f0b266b48a3424723856bb6e3964,3ead4c1b66f029c88f83abf1daa4cb66a9e3c180e46343206734378e1c7ef501,2026-09-30T17:44:23Z
SubmitPartialDecryption,315,8a60380edffa85d8717e4850ace42d2bc360712dcfcbdb4f3cfe5cd569827d53,270,b50adef8d9b1d8feda76048346a556c797c6ef9c9866dfa5da213668e05827b9,9dbd04a79015b1aca37b9ea79e3f12c8d0e3f0b266b48a3424723856bb6e3964,3ead4c1b66f029c88f83abf1daa4cb66a9e3c180e46343206734378e1c7ef501,2026-09-30T17:44:23Z
SubmitPartialDecryption,306,d05888dcf84d8b7e59b0d359f368265114298a1b54b41a46e4027ef739f84f9b,270,b50adef8d9b1d8feda76048346a556c797c6ef9c9866dfa5da213668e05827b9,9dbd04a79015b1aca37b9ea79e3f12c8d0e3f0b266b48a3424723856bb6e3964,3ead4c1b66f029c88f83abf1daa4cb66a9e3c180e46343206734378e1c7ef501,2026-09-30T17:44:23Z
SubmitPartialDecryption,308,0c88ee8ae2efb79a19b5f8bc18796458085b5a46088e5e855ed0043a1d4eacbb,270,b50adef8d9b1d8feda76048346a556c797c6ef9c9866dfa5da213668e05827b9,9dbd04a79015b1aca37b9ea79e3f12c8d0e3f0b266b48a3424723856bb6e3964,3ead4c1b66f029c88f83abf1daa4cb66a9e3c180e46343206734378e1c7ef501,2026-09-30T17:44:23Z
SubmitPartialDecryption,317,2058854e4e9b8e185fee866e1fb13dc5d9cfa778752cd5d4d89796192aecafb3,270,b50adef8d9b1d8feda76048346a556c797c6ef9c9866dfa5da213668e05827b9,9dbd04a79015b1aca37b9ea79e3f12c8d0e3f0b266b48a3424723856bb6e3964,3ead4c1b66f029c88f83abf1daa4cb66a9e3c180e46343206734378e1c7ef501,2026-09-30T17:44:23Z
SubmitPartialDecryption,320,660520bc8535da52a4b4271067a2f7d55ab30c922fb5b5b48a220fdcea603f4f,271,9d24d061c4b62b88eb2d45332d236c6c41dbd37d343ffa21bbffd81b53c4ba65,89622151d67e333b947ad5c6865d7d27e0024b5d4f93744cca642bc6c1c13d55,b50adef8d9b1d8feda76048346a556c797c6ef9c9866dfa5da213668e05827b9,2026-09-30T17:44:25Z
SubmitPartialDecryption,324,5e2f5037cab67d21fc97f2adeaac3028401e9a38fb7f4e5378e5a7f856eada81,271,9d24d061c4b62b88eb2d45332d236c6c41dbd37d343ffa21bbffd81b53c4ba65,89622151d67e333b947ad5c6865d7d27e0024b5d4f93744cca642bc6c1c13d55,b50adef8d9b1d8feda76048346a556c797c6ef9c9866dfa5da213668e05827b9,2026-09-30T17:44:25Z
SubmitPartialDecryption,329,54639aeb2e596f0c251c244cee37f78c8aedbb50548295dd26a6d25b005d47a0,271,9d24d061c4b62b88eb2d45332d236c6c41dbd37d343ffa21bbffd81b53c4ba65,89622151d67e333b947ad5c6865d7d27e0024b5d4f93744cca642bc6c1c13d55,b50adef8d9b1d8feda76048346a556c797c6ef9c9866dfa5da213668e05827b9,2026-09-30T17:44:25Z
SubmitPartialDecryption,334,ca25f854cbabf5fde57a34c8da785001335456c69138751d0b736f60997e9dc9,271,9d24d061c4b62b88eb2d45332d236c6c41dbd37d343ffa21bbffd81b53c4ba65,89622151d67e333b947ad5c6865d7d27e0024b5d4f93744cca642bc6c1c13d55,b50adef8d9b1d8feda76048346a556c797c6ef9c9866dfa5da213668e05827b9,2026-09-30T17:44:25Z
SubmitPartialDecryption,335,b904cd84172ec1c923a778c003bd67e6e3c54801d982d10fda366bccdf73cb37,271,9d24d061c4b62b88eb2d45332d236c6c41dbd37d343ffa21bbffd81b53c4ba65,89622151d67e333b947ad5c6865d7d27e0024b5d4f93744cca642bc6c1c13d55,b50adef8d9b1d8feda76048346a556c797c6ef9c9866dfa5da213668e05827b9,2026-09-30T17:44:25Z
SubmitPartialDecryption,330,8324eda44ab375708574a11a26b0fb8b7c509051d7a5142238d186196ebce67b,271,9d24d061c4b62b88eb2d45332d236c6c41dbd37d343ffa21bbffd81b53c4ba65,89622151d67e333b947ad5c6865d7d27e0024b5d4f93744cca642bc6c1c13d55,b50adef8d9b1d8feda76048346a556c797c6ef9c9866dfa5da213668e05827b9,2026-09-30T17:44:25Z
SubmitPartialDecryption,321,41f1d7266d24c668e1774e7e9c2987ca32d881f0f68f32bf492aab5d80b0f664,271,9d24d061c4b62b88eb2d45332d236c6c41dbd37d343ffa21bbffd81b53c4ba65,89622151d67e333b947ad5c6865d7d27e0024b5d4f93744cca642bc6c1c13d55,b50adef8d9b1d8feda76048346a556c797c6ef9c9866dfa5da213668e05827b9,2026-09-30T17:44:25Z
SubmitPartialDecryption,333,f2bafc2f5a2111eb9659513460c7f7e0b3d0d3044ed10547bc58bde6e86b060f,271,9d24d061c4b62b88eb2d45332d236c6c41dbd37d343ffa21bbffd81b53c4ba65,89622151d67e333b947ad5c6865d7d27e0024b5d4f93744cca642bc6c1c13d55,b50adef8d9b1d8feda76048346a556c797c6ef9c9866dfa5da213668e05827b9,2026-09-30T17:44:25Z
SubmitPartialDecryption,332,4dbed1287bb7febc1ca0dc77936fa212a89c952c761eb8e53d8b09fe1acdf196,271,9d24d061c4b62b88eb2d45332d236c6c41dbd37d343ffa21bbffd81b53c4ba65,89622151d67e333b947ad5c6865d7d27e0024b5d4f93744cca642bc6c1c13d55,b50adef8d9b1d8feda76048346a556c797c6ef9c9866dfa5da213668e05827b9,2026-09-30T17:44:25Z
SubmitPartialDecryption,328,6d81ce98f7e2354fc3bf634525cedffbea026af4f16f2aa217d6829c2578fa7a,271,9d24d061c4b62b88eb2d45332d236c6c41dbd37d343ffa21bbffd81b53c4ba65,89622151d67e333b947ad5c6865d7d27e0024b5d4f93744cca642bc6c1c13d55,b50adef8d9b1d8feda76048346a556c797c6ef9c9866dfa5da213668e05827b9,2026-09-30T17:44:25Z
SubmitPartialDecryption,322,9361d495d89b157dcb59d48630c247dcc4d294db9be05188171b8ea551ea22aa,271,9d24d061c4b62b88eb2d45332d236c6c41dbd37d343ffa21bbffd81b53c4ba65,89622151d67e333b947ad5c6865d7d27e0024b5d4f93744cca642bc6c1c13d55,b50adef8d9b1d8feda76048346a556c797c6ef9c9866dfa5da213668e05827b9,2026-09-30T17:44:25Z
SubmitPartialDecryption,331,a1a765d1e2ee54a76dce76c2777d43a91d81e2aceebef5c284330968bb9182b8,271,9d24d061c4b62b88eb2d45332d236c6c41dbd37d343ffa21bbffd81b53c4ba65,89622151d67e333b947ad5c6865d7d27e0024b5d4f93744cca642bc6c1c13d55,b50adef8d9b1d8feda76048346a556c797c6ef9c9866dfa5da213668e05827b9,2026-09-30T17:44:25Z
SubmitPartialDecryption,323,7485a82a2b918cb14de2b1b41e784928ecb18e42b4dca5c13e5b56be609f98ce,271,9d24d061c4b62b88eb2d45332d236c6c41dbd37d343ffa21bbffd81b53c4ba65,89622151d67e333b947ad5c6865d7d27e0024b5d4f93744cca642bc6c1c13d55,b50adef8d9b1d8feda76048346a556c797c6ef9c9866dfa5da213668e05827b9,2026-09-30T17:44:25Z
SubmitPartialDecryption,325,ab526960488f402e06730e8e90ee441d0ce4d3cbe60f862cbc09ab08ef1604c8,271,9d24d061c4b62b88eb2d45332d236c6c41dbd37d343ffa21bbffd81b53c4ba65,89622151d67e333b947ad5c6865d7d27e0024b5d4f93744cca642bc6c1c13d55,b50adef8d9b1d8feda76048346a556c797c6ef9c9866dfa5da213668e05827b9,2026-09-30T17:44:25Z
SubmitPartialDecryption,327,bcb427eb229d8735d2ddcceba0839fd3a8593a4f68bfe09e2d352ae9c86f740d,271,9d24d061c4b62b88eb2d45332d236c6c41dbd37d343ffa21bbffd81b53c4ba65,89622151d67e333b947ad5c6865d7d27e0024b5d4f93744cca642bc6c1c13d55,b50adef8d9b1d8feda76048346a556c797c6ef9c9866dfa5da213668e05827b9,2026-09-30T17:44:25Z
SubmitPartialDecryption,326,9bff99352b53590f13d4c20e52ab6fe4915680d7c7c7e4e8008efa73c84f4669,271,9d24d061c4b62b88eb2d45332d236c6c41dbd37d343ffa21bbffd81b53c4ba65,89622151d67e333b947ad5c6865d7d27e0024b5d4f93744cca642bc6c1c13d55,b50adef8d9b1d8feda76048346a556c797c6ef9c9866dfa5da213668e05827b9,2026-09-30T17:44:25Z
SubmitPartialDecryption,340,5187b0467d78d515ba8e585b1cab3d8d0534235f62f54ea8a0150c372e46e0ff,272,0516e231a5891f81c1ea90970f9dc71c7b8a30cb551ddf336c4f430d97c17fa7,e6ab7aa5acb59ccab6dfa943734803dbdd7af2429c27da9cb49eccb2fa61977e,9d24d061c4b62b88eb2d45332d236c6c41dbd37d343ffa21bbffd81b53c4ba65,2026-09-30T17:44:27Z
SubmitPartialDecryption,345,6a33e3d75c1da7e55d3e46dd1b1cd55c6d0a70f483d332655b7c5fbca4a3fd53,272,0516e231a5891f81c1ea90970f9dc71c7b8a30cb551ddf336c4f430d97c17fa7,e6ab7aa5acb59ccab6dfa943734803dbdd7af2429c27da9cb49eccb2fa61977e,9d24d061c4b62b88eb2d45332d236c6c41dbd37d343ffa21bbffd81b53c4ba65,2026-09-30T17:44:27Z
SubmitPartialDecryption,337,6ee946e55140af2e5132662b4d8cd43d9c9ff0558e73c198d5b9d06718cb64a3,272,0516e231a5891f81c1ea90970f9dc71c7b8a30cb551ddf336c4f430d97c17fa7,e6ab7aa5acb59ccab6dfa943734803dbdd7af2429c27da9cb49eccb2fa61977e,9d24d061c4b62b88eb2d45332d236c6c41dbd37d343ffa21bbffd81b53c4ba65,2026-09-30T17:44:27Z
SubmitPartialDecryption,344,47fb41c3547df513270c71293b3a07e3d286e0ba869d306023d5d23f02106a81,272,0516e231a5891f81c1ea90970f9dc71c7b8a30cb551ddf336c4f430d97c17fa7,e6ab7aa5acb59ccab6dfa943734803dbdd7af2429c27da9cb49eccb2fa61977e,9d24d061c4b62b88eb2d45332d236c6c41dbd37d343ffa21bbffd81b53c4ba65,2026-09-30T17:44:27Z
SubmitPartialDecryption,350,a1f37c8531b2f3c518dc80e29881a1190b49b2e299ca4a1f4c249b9760f08aad,272,0516e231a5891f81c1ea90970f9dc71c7b8a30cb551ddf336c4f430d97c17fa7,e6ab7aa5acb59ccab6dfa943734803dbdd7af2429c27da9cb49eccb2fa61977e,9d24d061c4b62b88eb2d45332d236c6c41dbd37d343ffa21bbffd81b53c4ba65,2026-09-30T17:44:27Z
SubmitPartialDecryption,336,62015814b2cacf4edc8820e82352fb99547cb6b31e4a1e3f46a3e74bfe206534,272,0516e231a5891f81c1ea90970f9dc71c7b8a30cb551ddf336c4f430d97c17fa7,e6ab7aa5acb59ccab6dfa943734803dbdd7af2429c27da9cb49eccb2fa61977e,9d24d061c4b62b88eb2d45332d236c6c41dbd37d343ffa21bbffd81b53c4ba65,2026-09-30T17:44:27Z
SubmitPartialDecryption,338,68346550cd3b80044fd640086cbb4abe38cb42b8a422f4fcebec1740dc457fd0,272,0516e231a5891f81c1ea90970f9dc71c7b8a30cb551ddf336c4f430d97c17fa7,e6ab7aa5acb59ccab6dfa943734803dbdd7af2429c27da9cb49eccb2fa61977e,9d24d061c4b62b88eb2d45332d236c6c41dbd37d343ffa21bbffd81b53c4ba65,2026-09-30T17:44:27Z
SubmitPartialDecryption,341,490f769bdd23acb3876db72d1c57f1a90419752a913d396a2889f3c237b93068,272,0516e231a5891f81c1ea90970f9dc71c7b8a30cb551ddf336c4f430d97c17fa7,e6ab7aa5acb59ccab6dfa943734803dbdd7af2429c27da9cb49eccb2fa61977e,9d24d061c4b62b88eb2d45332d236c6c41dbd37d343ffa21bbffd81b53c4ba65,2026-09-30T17:44:27Z
SubmitPartialDecryption,348,3972f87be1c10e3ec82ec8e83d0c97fdf1299915b56aae04326318a1d848b513,272,0516e231a5891f81c1ea90970f9dc71c7b8a30cb551ddf336c4f430d97c17fa7,e6ab7aa5acb59ccab6dfa943734803dbdd7af2429c27da9cb49eccb2fa61977e,9d24d061c4b62b88eb2d45332d236c6c41dbd37d343ffa21bbffd81b53c4ba65,2026-09-30T17:44:27Z
SubmitPartialDecryption,342,c34fecf01ef70611da4020914b2d136fb268aa3efa19e4e2ed1016f6619640fb,272,0516e231a5891f81c1ea90970f9dc71c7b8a30cb551ddf336c4f430d97c17fa7,e6ab7aa5acb59ccab6dfa943734803dbdd7af2429c27da9cb49eccb2fa61977e,9d24d061c4b62b88eb2d45332d236c6c41dbd37d343ffa21bbffd81b53c4ba65,2026-09-30T17:44:27Z
SubmitPartialDecryption,346,d5de0ec313ddcfb3c759c34da4bc0d60d9c08b98dd58dd220e26834e1b28a19d,272,0516e231a5891f81c1ea90970f9dc71c7b8a30cb551ddf336c4f430d97c17fa7,e6ab7aa5acb59ccab6dfa943734803dbdd7af2429c27da9cb49eccb2fa61977e,9d24d061c4b62b88eb2d45332d236c6c41dbd37d343ffa21bbffd81b53c4ba65,2026-09-30T17:44:27Z
SubmitPartialDecryption,351,dfff9455b4025a693aa8a226c67fef246be89b6db8d4f07ff94262ec8dcc7b04,272,0516e231a5891f81c1ea90970f9dc71c7b8a30cb551ddf336c4f430d97c17fa7,e6ab7aa5acb59ccab6dfa943734803dbdd7af2429c27da9cb49eccb2fa61977e,9d24d061c4b62b88eb2d45332d236c6c41dbd37d343ffa21bbffd81b53c4ba65,2026-09-30T17:44:27Z
SubmitPartialDecryption,349,e3e5048b1dc59a71bc2206cf8e558d00fb910e120be5ab11c6c8bb686fe21464,272,0516e231a5891f81c1ea90970f9dc71c7b8a30cb551ddf336c4f430d97c17fa7,e6ab7aa5acb59ccab6dfa943734803dbdd7af2429c27da9cb49eccb2fa61977e,9d24d061c4b62b88eb2d45332d236c6c41dbd37d343ffa21bbffd81b53c4ba65,2026-09-30T17:44:27Z
SubmitPartialDecryption,347,daa7e4f91860133b0c5add3c59938455315e96ada30904825ddddc1781e771c3,272,0516e231a5891f81c1ea90970f9dc71c7b8a30cb551ddf336c4f430d97c17fa7,e6ab7aa5acb59ccab6dfa943734803dbdd7af2429c27da9cb49eccb2fa61977e,9d24d061c4b62b88eb2d45332d236c6c41dbd37d343ffa21bbffd81b53c4ba65,2026-09-30T17:44:27Z
SubmitPartialDecryption,343,d84a38112a14f7295acc1e9c1f6c4aeb1531bb12403e80eb279307150d72cea7,272,0516e231a5891f81c1ea90970f9dc71c7b8a30cb551ddf336c4f430d97c17fa7,e6ab7aa5acb59ccab6dfa943734803dbdd7af2429c27da9cb49eccb2fa61977e,9d24d061c4b62b88eb2d45332d236c6c41dbd37d343ffa21bbffd81b53c4ba65,2026-09-30T17:44:27Z
SubmitPartialDecryption,339,4686ba23bebceaa656491faabc49f39658697751a86812f67cd1407450fad0c0,272,0516e231a5891f81c1ea90970f9dc71c7b8a30cb551ddf336c4f430d97c17fa7,e6ab7aa5acb59ccab6dfa943734803dbdd7af2429c27da9cb49eccb2fa61977e,9d24d061c4b62b88eb2d45332d236c6c41dbd37d343ffa21bbffd81b53c4ba65,2026-09-30T17:44:27Z
SubmitPartialDecryption,354,dead245f8280e143796b310e12d00e8c003db1ad36fc0a76ad04d779a30434e8,273,b7df68928d7bfcc22a264094df1c93878f346242566b88134cc222fedde251c9,ebc708cb0d050a212e9386d24aa14dd519cd3af1129003a8e0ddbd93b5fa9086,0516e231a5891f81c1ea90970f9dc71c7b8a30cb551ddf336c4f430d97c17fa7,2026-09-30T17:44:29Z
SubmitPartialDecryption,355,2f296790f8fe682a4d5ffa9d437595c98331e7e546af36ed7e694072cf238c7f,273,b7df68928d7bfcc22a264094df1c93878f346242566b88134cc222fedde251c9,ebc708cb0d050a212e9386d24aa14dd519cd3af1129003a8e0ddbd93b5fa9086,0516e231a5891f81c1ea90970f9dc71c7b8a30cb551ddf336c4f430d97c17fa7,2026-09-30T17:44:29Z
SubmitPartialDecryption,363,d232684026fd028b27db72acf7a43495a9ca9a6468ce3b4b7b3c7994f1c5ae78,273,b7df68928d7bfcc22a264094df1c93878f346242566b88134cc222fedde251c9,ebc708cb0d050a212e9386d24aa14dd519cd3af1129003a8e0ddbd93b5fa9086,0516e231a5891f81c1ea90970f9dc71c7b8a30cb551ddf336c4f430d97c17fa7,2026-09-30T17:44:29Z
SubmitPartialDecryption,358,f67faddb706658e5c13f0964058185cde7c67463eac30566378addcadf670ccf,273,b7df68928d7bfcc22a264094df1c93878f346242566b88134cc222fedde251c9,ebc708cb0d050a212e9386d24aa14dd519cd3af1129003a8e0ddbd93b5fa9086,0516e231a5891f81c1ea90970f9dc71c7b8a30cb551ddf336c4f430d97c17fa7,2026-09-30T17:44:29Z
SubmitPartialDecryption,364,c1df2eb28e313347484e1e6514db7f44d059b366d45845168bd57f614b5fd545,273,b7df68928d7bfcc22a264094df1c93878f346242566b88134cc222fedde251c9,ebc708cb0d050a212e9386d24aa14dd519cd3af1129003a8e0ddbd93b5fa9086,0516e231a5891f81c1ea90970f9dc71c7b8a30cb551ddf336c4f430d97c17fa7,2026-09-30T17:44:29Z
SubmitPartialDecryption,366,3a7ea6141bb0d4e59d7a996b9115e77783d2556cbf86aa51beb5cb2072df85d0,273,b7df68928d7bfcc22a264094df1c93878f346242566b88134cc222fedde251c9,ebc708cb0d050a212e9386d24aa14dd519cd3af1129003a8e0ddbd93b5fa9086,0516e231a5891f81c1ea90970f9dc71c7b8a30cb551ddf336c4f430d97c17fa7,2026-09-30T17:44:29Z
SubmitPartialDecryption,362,f3c2f58877617536f1e43dfe6ca03f39f1310b95dc0812454c73fd864962da97,273,b7df68928d7bfcc22a264094df1c93878f346242566b88134cc222fedde251c9,ebc708cb0d050a212e9386d24aa14dd519cd3af1129003a8e0ddbd93b5fa9086,0516e231a5891f81c1ea90970f9dc71c7b8a30cb551ddf336c4f430d97c17fa7,2026-09-30T17:44:29Z
SubmitPartialDecryption,357,af4501f4dc65ed479251a6d0f3f0aef377bd4811176a639de4402e358da63ecf,273,b7df68928d7bfcc22a264094df1c93878f346242566b88134cc222fedde251c9,ebc708cb0d050a212e9386d24aa14dd519cd3af1129003a8e0ddbd93b5fa9086,0516e231a5891f81c1ea90970f9dc71c7b8a30cb551ddf336c4f430d97c17fa7,2026-09-30T17:44:29Z
SubmitPartialDecryption,361,ea5cc2d0fd0fc81b05d264a5aeb422c947a6488e9d8d1ab91ec08a396b2d6133,273,b7df68928d7bfcc22a264094df1c93878f346242566b88134cc222fedde251c9,ebc708cb0d050a212e9386d24aa14dd519cd3af1129003a8e0ddbd93b5fa9086,0516e231a5891f81c1ea90970f9dc71c7b8a30cb551ddf336c4f430d97c17fa7,2026-09-30T17:44:29Z
SubmitPartialDecryption,360,aa993e62315598aa45050290e0965d04558fa4d2d7702061b6400abda6830855,273,b7df68928d7bfcc22a264094df1c93878f346242566b88134cc222fedde251c9,ebc708cb0d050a212e9386d24aa14dd519cd3af1129003a8e0ddbd93b5fa9086,0516e231a5891f81c1ea90970f9dc71c7b8a30cb551ddf336c4f430d97c17fa7,2026-09-30T17:44:29Z
SubmitPartialDecryption,353,632ab048d02ce90208c34973c705108aea563942c5bf64045a8b873ed4e6f955,273,b7df68928d7bfcc22a264094df1c93878f346242566b88134cc222fedde251c9,ebc708cb0d050a212e9386d24aa14dd519cd3af1129003a8e0ddbd93b5fa9086,0516e231a5891f81c1ea90970f9dc71c7b8a30cb551ddf336c4f430d97c17fa7,2026-09-30T17:44:29Z
SubmitPartialDecryption,359,3cef8178864551eef205a1d92f24c8ec84bd79b810dc931091fdba949030bd4f,273,b7df68928d7bfcc22a264094df1c93878f346242566b88134cc222fedde251c9,ebc708cb0d050a212e9386d24aa14dd519cd3af1129003a8e0ddbd93b5fa9086,0516e231a5891f81c1ea90970f9dc71c7b8a30cb551ddf336c4f430d97c17fa7,2026-09-30T17:44:29Z
SubmitPartialDecryption,352,2e300185ad257d07fdcdec4a1a1913184487f4e34eff5bd0aefee4e3996be334,273,b7df68928d7bfcc22a264094df1c93878f346242566b88134cc222fedde251c9,ebc708cb0d050a212e9386d24aa14dd519cd3af1129003a8e0ddbd93b5fa9086,0516e231a5891f81c1ea90970f9dc71c7b8a30cb551ddf336c4f430d97c17fa7,2026-09-30T17:44:29Z
SubmitPartialDecryption,367,ae29b162e1f4605e259b860153350aef0095cafda0cc497f318718da597050b8,273,b7df68928d7bfcc22a264094df1c93878f346242566b88134cc222fedde251c9,ebc708cb0d050a212e9386d24aa14dd519cd3af1129003a8e0ddbd93b5fa9086,0516e231a5891f81c1ea90970f9dc71c7b8a30cb551ddf336c4f430d97c17fa7,2026-09-30T17:44:29Z
SubmitPartialDecryption,356,76f4ab0968a20968f04501b05ec85c927d2fa19a15ce0e8519cb0fdea4ac1cae,273,b7df68928d7bfcc22a264094df1c93878f346242566b88134cc222fedde251c9,ebc708cb0d050a212e9386d24aa14dd519cd3af1129003a8e0ddbd93b5fa9086,0516e231a5891f81c1ea90970f9dc71c7b8a30cb551ddf336c4f430d97c17fa7,2026-09-30T17:44:29Z
SubmitPartialDecryption,365,3c7c481697f83984970d527d1bd14dbc1c16b60e5a8b0f10d881cfe2c26c1c07,273,b7df68928d7bfcc22a264094df1c93878f346242566b88134cc222fedde251c9,ebc708cb0d050a212e9386d24aa14dd519cd3af1129003a8e0ddbd93b5fa9086,0516e231a5891f81c1ea90970f9dc71c7b8a30cb551ddf336c4f430d97c17fa7,2026-09-30T17:44:29Z
SubmitPartialDecryption,374,02468c65ac048d0429dae0925bb89b9ca1e0c68b30b97056bc9bd5e02b7e8a0b,274,ecac802be77db63854a58493ca45837960f16dbed8d35c9d7a444fbc1c2bd521,bbf4db28298c378328d1acb47b91bb761b6f69b62d4232699583cc11c1a39770,b7df68928d7bfcc22a264094df1c93878f346242566b88134cc222fedde251c9,2026-09-30T17:44:31Z
SubmitPartialDecryption,371,f7ecffff68f0299b3895043620a240c93532548663118287622d65b7c625f814,274,ecac802be77db63854a58493ca45837960f16dbed8d35c9d7a444fbc1c2bd521,bbf4db28298c378328d1acb47b91bb761b6f69b62d4232699583cc11c1a39770,b7df68928d7bfcc22a264094df1c93878f346242566b88134cc222fedde251c9,2026-09-30T17:44:31Z
SubmitPartialDecryption,379,1f850039707f421bc5fea8d2cd9afdea2bf44d3a3493325646454e6c8782ecbd,274,ecac802be77db63854a58493ca45837960f16dbed8d35c9d7a444fbc1c2bd521,bbf4db28298c378328d1acb47b91bb761b6f69b62d4232699583cc11c1a39770,b7df68928d7bfcc22a264094df1c93878f346242566b88134cc222fedde251c9,2026-09-30T17:44:31Z
SubmitPartialDecryption,376,bde589f7fb5ee7b0281761b5e187da8a5f0d1b33df29d06768cc3a82d336988e,274,ecac802be77db63854a58493ca45837960f16dbed8d35c9d7a444fbc1c2bd521,bbf4db28298c378328d1acb47b91bb761b6f69b62d4232699583cc11c1a39770,b7df68928d7bfcc22a264094df1c93878f346242566b88134cc222fedde251c9,2026-09-30T17:44:31Z
SubmitPartialDecryption,369,b8d89eaf8f057783190977b67fe657d0b5b4e5e71b7a38910726a237a753db6d,274,ecac802be77db63854a58493ca45837960f16dbed8d35c9d7a444fbc1c2bd521,bbf4db28298c378328d1acb47b91bb761b6f69b62d4232699583cc11c1a39770,b7df68928d7bfcc22a264094df1c93878f346242566b88134cc222fedde251c9,2026-09-30T17:44:31Z
SubmitPartialDecryption,378,48283c16a2eb0c31afda3ebd0d3f0d7e18f3628e34f84ddb758d297baa84dc4c,274,ecac802be77db63854a58493ca45837960f16dbed8d35c9d7a444fbc1c2bd521,bbf4db28298c378328d1acb47b91bb761b6f69b62d4232699583cc11c1a39770,b7df68928d7bfcc22a264094df1c93878f346242566b88134cc222fedde251c9,2026-09-30T17:44:31Z
SubmitPartialDecryption,370,e883b3e22b610368099c5dc8ee989be4ecc168b89bf4e8c4edc0bf82aea82469,274,ecac802be77db63854a58493ca45837960f16dbed8d35c9d7a444fbc1c2bd521,bbf4db28298c378328d1acb47b91bb761b6f69b62d4232699583cc11c1a39770,b7df68928d7bfcc22a264094df1c93878f346242566b88134cc222fedde251c9,2026-09-30T17:44:31Z
SubmitPartialDecryption,368,6d3a9e346e19c8bff98787e93bce8ab23830e8035ea24b39b1d9613e0ded8f8c,274,ecac802be77db63854a58493ca45837960f16dbed8d35c9d7a444fbc1c2bd521,bbf4db28298c378328d1acb47b91bb761b6f69b62d4232699583cc11c1a39770,b7df68928d7bfcc22a264094df1c93878f346242566b88134cc222fedde251c9,2026-09-30T17:44:31Z
SubmitPartialDecryption,372,6b961ebbc43f80d5391df6d9ec2718e977229eff3dd219f72766403ad42d64f4,274,ecac802be77db63854a58493ca45837960f16dbed8d35c9d7a444fbc1c2bd521,bbf4db28298c378328d1acb47b91bb761b6f69b62d4232699583cc11c1a39770,b7df68928d7bfcc22a264094df1c93878f346242566b88134cc222fedde251c9,2026-09-30T17:44:31Z
SubmitPartialDecryption,383,4dfc8f05e62b4d6c5dff105ac997e2793b16d143e1f42c8b84b5b57b876a7c92,274,ecac802be77db63854a58493ca45837960f16dbed8d35c9d7a444fbc1c2bd521,bbf4db28298c378328d1acb47b91bb761b6f69b62d4232699583cc11c1a39770,b7df68928d7bfcc22a264094df1c93878f346242566b88134cc222fedde251c9,2026-09-30T17:44:31Z
SubmitPartialDecryption,373,6a5239c5d4ea6f54672933565bbcf74dceba8bb329b5a034f2e2a61dd729d25f,274,ecac802be77db63854a58493ca45837960f16dbed8d35c9d7a444fbc1c2bd521,bbf4db28298c378328d1acb47b91bb761b6f69b62d4232699583cc11c1a39770,b7df68928d7bfcc22a264094df1c93878f346242566b88134cc222fedde251c9,2026-09-30T17:44:31Z
SubmitPartialDecryption,382,48508298ad579ba07e09123957d2ffd56e4edf4f5b901e4fe36d3458f96771fa,274,ecac802be77db63854a58493ca45837960f16dbed8d35c9d7a444fbc1c2bd521,bbf4db28298c378328d1acb47b91bb761b6f69b62d4232699583cc11c1a39770,b7df68928d7bfcc22a264094df1c93878f346242566b88134cc222fedde251c9,2026-09-30T17:44:31Z
SubmitPartialDecryption,375,125b728872c010b6077cf42d86d176fbab3b7a96182f856739a5cdf57669cca7,274,ecac802be77db63854a58493ca45837960f16dbed8d35c9d7a444fbc1c2bd521,bbf4db28298c378328d1acb47b91bb761b6f69b62d4232699583cc11c1a39770,b7df68928d7bfcc22a264094df1c93878f346242566b88134cc222fedde251c9,2026-09-30T17:44:31Z
SubmitPartialDecryption,381,003a9451daff8171a45e6e1c62908222847a2c1c5392b33a3232bc1d3f7700c1,274,ecac802be77db63854a58493ca45837960f16dbed8d35c9d7a444fbc1c2bd521,bbf4db28298c378328d1acb47b91bb761b6f69b62d4232699583cc11c1a39770,b7df68928d7bfcc22a264094df1c93878f346242566b88134cc222fedde251c9,2026-09-30T17:44:31Z
SubmitPartialDecryption,377,3bdeadfa22cf740ada931b7c94c99aeae067c1fd84b8c50d50ad60df9d0c038d,274,ecac802be77db63854a58493ca45837960f16dbed8d35c9d7a444fbc1c2bd521,bbf4db28298c378328d1acb47b91bb761b6f69b62d4232699583cc11c1a39770,b7df68928d7bfcc22a264094df1c93878f346242566b88134cc222fedde251c9,2026-09-30T17:44:31Z
SubmitPartialDecryption,380,3c2a1f52d5383583b7638568901a54902735ebfc87c8262a8e720a494353a0ca,274,ecac802be77db63854a58493ca45837960f16dbed8d35c9d7a444fbc1c2bd521,bbf4db28298c378328d1acb47b91bb761b6f69b62d4232699583cc11c1a39770,b7df68928d7bfcc22a264094df1c93878f346242566b88134cc222fedde251c9,2026-09-30T17:44:31Z
SubmitPartialDecryption,395,cc337c84c0b86873ce0fb243938be66206c851a1ed34c73f5393405dad3008a5,275,1950de59516df249fa112b54eab1dd0df938d3916f36ba13ce4713fddce4be0e,f3ed78b914485394109ff4a18bc1e560b33179fabe31ea7120cbf72081b10a49,ecac802be77db63854a58493ca45837960f16dbed8d35c9d7a444fbc1c2bd521,2026-09-30T17:44:33Z
SubmitPartialDecryption,389,0863157db652b4a42edca1a7a0ff9fe89779428fd859e6544b9b17fc679e7997,275,1950de59516df249fa112b54eab1dd0df938d3916f36ba13ce4713fddce4be0e,f3ed78b914485394109ff4a18bc1e560b33179fabe31ea7120cbf72081b10a49,ecac802be77db63854a58493ca45837960f16dbed8d35c9d7a444fbc1c2bd521,2026-09-30T17:44:33Z
SubmitPartialDecryption,388,2454a5c23d59ef360337b8e520601334391549e55f5bb6f55785b3c9b9b39934,275,1950de59516df249fa112b54eab1dd0df938d3916f36ba13ce4713fddce4be0e,f3ed78b914485394109ff4a18bc1e560b33179fabe31ea7120cbf72081b10a49,ecac802be77db63854a58493ca45837960f16dbed8d35c9d7a444fbc1c2bd521,2026-09-30T17:44:33Z
SubmitPartialDecryption,399,27630af087e4aaea1350016d1a31371ba8c27a9ff1c081b07f9de84ad872488c,275,1950de59516df249fa112b54eab1dd0df938d3916f36ba13ce4713fddce4be0e,f3ed78b914485394109ff4a18bc1e560b33179fabe31ea7120cbf72081b10a49,ecac802be77db63854a58493ca45837960f16dbed8d35c9d7a444fbc1c2bd521,2026-09-30T17:44:33Z
SubmitPartialDecryption,386,31999992a17a234988a011cc1060388d1cab67626447a98ce5e0838746f5d175,275,1950de59516df249fa112b54eab1dd0df938d3916f36ba13ce4713fddce4be0e,f3ed78b914485394109ff4a18bc1e560b33179fabe31ea7120cbf72081b10a49,ecac802be77db63854a58493ca45837960f16dbed8d35c9d7a444fbc1c2bd521,2026-09-30T17:44:33Z
SubmitPartialDecryption,384,4e9d1a94716ee08bfadf24f146f4fc8eb04a14b7066f69d16ff06400c641d6a6,275,1950de59516df249fa112b54eab1dd0df938d3916f36ba13ce4713fddce4be0e,f3ed78b914485394109ff4a18bc1e560b33179fabe31ea7120cbf72081b10a49,ecac802be77db63854a58493ca45837960f16dbed8d35c9d7a444fbc1c2bd521,2026-09-30T17:44:33Z
SubmitPartialDecryption,393,6673dc1fb32f76de0569bc1a23b85a45904eeb022e250b518b1497e0d357690e,275,1950de59516df249fa112b54eab1dd0df938d3916f36ba13ce4713fddce4be0e,f3ed78b914485394109ff4a18bc1e560b33179fabe31ea7120cbf72081b10a49,ecac802be77db63854a58493ca45837960f16dbed8d35c9d7a444fbc1c2bd521,2026-09-30T17:44:33Z
SubmitPartialDecryption,396,840b8e8ffa5455ff3d81fbda63711f9906f3981741cfb1fef6e4201e102c40d0,275,1950de59516df249fa112b54eab1dd0df938d3916f36ba13ce4713fddce4be0e,f3ed78b914485394109ff4a18bc1e560b33179fabe31ea7120cbf72081b10a49,ecac802be77db63854a58493ca45837960f16dbed8d35c9d7a444fbc1c2bd521,2026-09-30T17:44:33Z
SubmitPartialDecryption,390,033e3ab69dee7c5bb649d6c88229498ffcc6d8d1d7177146c8d3f03a982101d5,275,1950de59516df249fa112b54eab1dd0df938d3916f36ba13ce4713fddce4be0e,f3ed78b914485394109ff4a18bc1e560b33179fabe31ea7120cbf72081b10a49,ecac802be77db63854a58493ca45837960f16dbed8d35c9d7a444fbc1c2bd521,2026-09-30T17:44:33Z
SubmitPartialDecryption,391,92d6b314b566cb58894610d572edde8bd1528f478df921476229ece456d22375,275,1950de59516df249fa112b54eab1dd0df938d3916f36ba13ce4713fddce4be0e,f3ed78b914485394109ff4a18bc1e560b33179fabe31ea7120cbf72081b10a49,ecac802be77db63854a58493ca45837960f16dbed8d35c9d7a444fbc1c2bd521,2026-09-30T17:44:33Z
SubmitPartialDecryption,398,ff50b669ad4afcf1519750df6d1b070133213bb552d39933e305eaaba1cce97e,275,1950de59516df249fa112b54eab1dd0df938d3916f36ba13ce4713fddce4be0e,f3ed78b914485394109ff4a18bc1e560b33179fabe31ea7120cbf72081b10a49,ecac802be77db63854a58493ca45837960f16dbed8d35c9d7a444fbc1c2bd521,2026-09-30T17:44:33Z
SubmitPartialDecryption,387,046513453cddddf27b420be64d86d7c930f0a903e38daf7b320f6df1b3981aba,275,1950de59516df249fa112b54eab1dd0df938d3916f36ba13ce4713fddce4be0e,f3ed78b914485394109ff4a18bc1e560b33179fabe31ea7120cbf72081b10a49,ecac802be77db63854a58493ca45837960f16dbed8d35c9d7a444fbc1c2bd521,2026-09-30T17:44:33Z
SubmitPartialDecryption,385,b734763d08e8fc1f0b8b3dabe868089237463945fe934c91ffd64c2eaa60a185,275,1950de59516df249fa112b54eab1dd0df938d3916f36ba13ce4713fddce4be0e,f3ed78b914485394109ff4a18bc1e560b33179fabe31ea7120cbf72081b10a49,ecac802be77db63854a58493ca45837960f16dbed8d35c9d7a444fbc1c2bd521,2026-09-30T17:44:33Z
SubmitPartialDecryption,392,175604ba2ee09121931808cd36f064fcd7069d1024d113f5e1e12eac186423a7,275,1950de59516df249fa112b54eab1dd0df938d3916f36ba13ce4713fddce4be0e,f3ed78b914485394109ff4a18bc1e560b33179fabe31ea7120cbf72081b10a49,ecac802be77db63854a58493ca45837960f16dbed8d35c9d7a444fbc1c2bd521,2026-09-30T17:44:33Z
SubmitPartialDecryption,394,fa093642a0d81944df2d25ba46065a85eab38757e4b73bb4d9d76c02a6134a27,275,1950de59516df249fa112b54eab1dd0df938d3916f36ba13ce4713fddce4be0e,f3ed78b914485394109ff4a18bc1e560b33179fabe31ea7120cbf72081b10a49,ecac802be77db63854a58493ca45837960f16dbed8d35c9d7a444fbc1c2bd521,2026-09-30T17:44:33Z
SubmitPartialDecryption,397,8e67c3d851b78a285130762ed6d358a3562755ed34355635c491211bd4fe8223,275,1950de59516df249fa112b54eab1dd0df938d3916f36ba13ce4713fddce4be0e,f3ed78b914485394109ff4a18bc1e560b33179fabe31ea7120cbf72081b10a49,ecac802be77db63854a58493ca45837960f16dbed8d35c9d7a444fbc1c2bd521,2026-09-30T17:44:33Z
SubmitPartialDecryption,408,1f7499e9dccb383ca3d1fc6ebc75ff0946d07b9e0055ef293bdeb652161a8eec,276,ce90d16a48d41b6069a20f9f380434afed0aca81e220a433b1fd9ad3313add97,3d2106597f1885667397075d00ab31a6000ab7bd99874d29c006de300e1c493d,1950de59516df249fa112b54eab1dd0df938d3916f36ba13ce4713fddce4be0e,2026-09-30T17:44:35Z
SubmitPartialDecryption,404,6fd588df62058be3ece3c1449bbe222c3ec7e590409106e7f616ca710938f9c2,276,ce90d16a48d41b6069a20f9f380434afed0aca81e220a433b1fd9ad3313add97,3d2106597f1885667397075d00ab31a6000ab7bd99874d29c006de300e1c493d,1950de59516df249fa112b54eab1dd0df938d3916f36ba13ce4713fddce4be0e,2026-09-30T17:44:35Z
SubmitPartialDecryption,402,2a3f622be3064fa94051f589d248b08249198e099c8bd287a89a7da99c7e656b,276,ce90d16a48d41b6069a20f9f380434afed0aca81e220a433b1fd9ad3313add97,3d2106597f1885667397075d00ab31a6000ab7bd99874d29c006de300e1c493d,1950de59516df249fa112b54eab1dd0df938d3916f36ba13ce4713fddce4be0e,2026-09-30T17:44:35Z
SubmitPartialDecryption,411,f544edc7c415a68e756370bb752ec9b18a8bf1d6fcc366957ff356f566b4a05e,276,ce90d16a48d41b6069a20f9f380434afed0aca81e220a433b1fd9ad3313add97,3d2106597f1885667397075d00ab31a6000ab7bd99874d29c006de300e1c493d,1950de59516df249fa112b54eab1dd0df938d3916f36ba13ce4713fddce4be0e,2026-09-30T17:44:35Z
SubmitPartialDecryption,405,db1aee8fd32b3b0642a7a74fd29108ae1cc8095778b9089440e33f1f7da3414b,276,ce90d16a48d41b6069a20f9f380434afed0aca81e220a433b1fd9ad3313add97,3d2106597f1885667397075d00ab31a6000ab7bd99874d29c006de300e1c493d,1950de59516df249fa112b54eab1dd0df938d3916f36ba13ce4713fddce4be0e,2026-09-30T17:44:35Z
SubmitPartialDecryption,415,1a823c3c4efb4b976e5228e198b515d32898d22ed6556e2c5d85cfab587054a2,276,ce90d16a48d41b6069a20f9f380434afed0aca81e220a433b1fd9ad3313add97,3d2106597f1885667397075d00ab31a6000ab7bd99874d29c006de300e1c493d,1950de59516df249fa112b54eab1dd0df938d3916f36ba13ce4713fddce4be0e,2026-09-30T17:44:35Z
SubmitPartialDecryption,413,9cf63f88c8dea591036083ab097a6984ef620da7dec6ecbb0e11386f91423626,276,ce90d16a48d41b6069a20f9f380434afed0aca81e220a433b1fd9ad3313add97,3d2106597f1885667397075d00ab31a6000ab7bd99874d29c006de300e1c493d,1950de59516df249fa112b54eab1dd0df938d3916f36ba13ce4713fddce4be0e,2026-09-30T17:44:35Z
SubmitPartialDecryption,400,fda7c665d4d50455502f8ae21acc7f4eba9052715f3b959224c10610ed1ccc3c,276,ce90d16a48d41b6069a20f9f380434afed0aca81e220a433b1fd9ad3313add97,3d2106597f1885667397075d00ab31a6000ab7bd99874d29c006de300e1c493d,1950de59516df249fa112b54eab1dd0df938d3916f36ba13ce4713fddce4be0e,2026-09-30T17:44:35Z
SubmitPartialDecryption,414,2638753e6ddfd490125931e4b2132cb4887d6852c7fdf5c2fbe900a3a65c5573,276,ce90d16a48d41b6069a20f9f380434afed0aca81e220a433b1fd9ad3313add97,3d2106597f1885667397075d00ab31a6000ab7bd99874d29c006de300e1c493d,1950de59516df249fa112b54eab1dd0df938d3916f36ba13ce4713fddce4be0e,2026-09-30T17:44:35Z
SubmitPartialDecryption,409,1817bf749c0c5ab4535e296dd169149104bf884cfc1392a0012f7d27a21fcd9c,276,ce90d16a48d41b6069a20f9f380434afed0aca81e220a433b1fd9ad3313add97,3d2106597f1885667397075d00ab31a6000ab7bd99874d29c006de300e1c493d,1950de59516df249fa112b54eab1dd0df938d3916f36ba13ce4713fddce4be0e,2026-09-30T17:44:35Z
SubmitPartialDecryption,410,85e6c322b0bc5fed564d630755a4a92dd98c68068196d0a870ec0537c2c5645b,276,ce90d16a48d41b6069a20f9f380434afed0aca81e220a433b1fd9ad3313add97,3d2106597f1885667397075d00ab31a6000ab7bd99874d29c006de300e1c493d,1950de59516df249fa112b54eab1dd0df938d3916f36ba13ce4713fddce4be0e,2026-09-30T17:44:35Z
SubmitPartialDecryption,403,3375522829cf5966544a912cbf07da956f30566594fa2326f8767d4eeeab464f,276,ce90d16a48d41b6069a20f9f380434afed0aca81e220a433b1fd9ad3313add97,3d2106597f1885667397075d00ab31a6000ab7bd99874d29c006de300e1c493d,1950de59516df249fa112b54eab1dd0df938d3916f36ba13ce4713fddce4be0e,2026-09-30T17:44:35Z
SubmitPartialDecryption,401,29d2ac8a89d1f28bc9d13efd4a8ea44a1dfb8687a9b54311940451063521e7d2,276,ce90d16a48d41b6069a20f9f380434afed0aca81e220a433b1fd9ad3313add97,3d2106597f1885667397075d00ab31a6000ab7bd99874d29c006de300e1c493d,1950de59516df249fa112b54eab1dd0df938d3916f36ba13ce4713fddce4be0e,2026-09-30T17:44:35Z
SubmitPartialDecryption,412,7d0e95ddcd566a26a5e9454757f1af2ed49b885005d7a9088c31c8ab501f563d,276,ce90d16a48d41b6069a20f9f380434afed0aca81e220a433b1fd9ad3313add97,3d2106597f1885667397075d00ab31a6000ab7bd99874d29c006de300e1c493d,1950de59516df249fa112b54eab1dd0df938d3916f36ba13ce4713fddce4be0e,2026-09-30T17:44:35Z
SubmitPartialDecryption,406,aaa651868f131df204f43266b8c7df3f3a726a717f7186c034d0c26673927490,276,ce90d16a48d41b6069a20f9f380434afed0aca81e220a433b1fd9ad3313add97,3d2106597f1885667397075d00ab31a6000ab7bd99874d29c006de300e1c493d,1950de59516df249fa112b54eab1dd0df938d3916f36ba13ce4713fddce4be0e,2026-09-30T17:44:35Z
SubmitPartialDecryption,407,7e95df751428a68382d342f5a8881cd74476ffd879ab674ae4c42790670043d6,276,ce90d16a48d41b6069a20f9f380434afed0aca81e220a433b1fd9ad3313add97,3d2106597f1885667397075d00ab31a6000ab7bd99874d29c006de300e1c493d,1950de59516df249fa112b54eab1dd0df938d3916f36ba13ce4713fddce4be0e,2026-09-30T17:44:35Z
SubmitPartialDecryption,417,2524423a609262777a91fea1ac41ad6ed59274d11307a73b9867bd7721e03b65,277,16092679e8643bbaed61340dd2f875f56a99aa848698068c5415378a438e0eeb,a4d13c51d4ef6cd32f9473e48f1084480d43ed9e764a5555065fa514fb07180a,ce90d16a48d41b6069a20f9f380434afed0aca81e220a433b1fd9ad3313add97,2026-09-30T17:44:37Z
SubmitPartialDecryption,419,2e59fbd167b9cba43c7cc02bb92ebd5eebe3668549889df72d09089f26e380d0,277,16092679e8643bbaed61340dd2f875f56a99aa848698068c5415378a438e0eeb,a4d13c51d4ef6cd32f9473e48f1084480d43ed9e764a5555065fa514fb07180a,ce90d16a48d41b6069a20f9f380434afed0aca81e220a433b1fd9ad3313add97,2026-09-30T17:44:37Z
SubmitPartialDecryption,418,32bdd6786893c12e2f84d103962a84fbe270f4e3185077b4ae09ebb9d2f9aee5,277,16092679e8643bbaed61340dd2f875f56a99aa848698068c5415378a438e0eeb,a4d13c51d4ef6cd32f9473e48f1084480d43ed9e764a5555065fa514fb07180a,ce90d16a48d41b6069a20f9f380434afed0aca81e220a433b1fd9ad3313add97,2026-09-30T17:44:37Z
SubmitPartialDecryption,416,c7bf97b2d9c54819b21274bdf8712496be4fd042c1cad9d519f76630d598dc66,277,16092679e8643bbaed61340dd2f875f56a99aa848698068c5415378a438e0eeb,a4d13c51d4ef6cd32f9473e48f1084480d43ed9e764a5555065fa514fb07180a,ce90d16a48d41b6069a20f9f380434afed0aca81e220a433b1fd9ad3313add97,2026-09-30T17:44:37Z
PublishTally,,c2c083f5dad84abc791333c30b13bb12a5384f6dd5f75322e4cda003463cacb2,278,d681e950bcfca9eda6cb9c6118c24a612e2d137b2104a969f902652bbcfe956b,68e00e4b6a37a30edc75d792f7ba43d5c44684a378e03251607e9c55a8c28d21,16092679e8643bbaed61340dd2f875f56a99aa848698068c5415378a438e0eeb,2026-09-30T17:44:39Z
