unix_ts,iso,metric,value
1791046817,2026-10-04T01:00:17,docker.dev-peer0.org2.example.com-saksi-bulletin_1.0-ee3fe73bad456e43adfc5ba27d9e5a60983b69e8496140308fb21061ecb2ff85.cpu_pct,0.0
1791046817,2026-10-04T01:00:17,docker.dev-peer0.org2.example.com-saksi-bulletin_1.0-ee3fe73bad456e43adfc5ba27d9e5a60983b69e8496140308fb21061ecb2ff85.mem_bytes,7565475.84
1791046817,2026-10-04T01:00:17,docker.dev-peer0.org2.example.com-saksi-bulletin_1.0-ee3fe73bad456e43adfc5ba27d9e5a60983b69e8496140308fb21061ecb2ff85.blk_read_bytes,0.0
1791046817,2026-10-04T01:00:17,docker.dev-peer0.org2.example.com-saksi-bulletin_1.0-ee3fe73bad456e43adfc5ba27d9e5a60983b69e8496140308fb21061ecb2ff85.blk_write_bytes,0.0
1791046817,2026-10-04T01:00:17,docker.dev-peer0.org1.example.com-saksi-bulletin_1.0-ee3fe73bad456e43adfc5ba27d9e5a60983b69e8496140308fb21061ecb2ff85.cpu_pct,0.12
1791046817,2026-10-04T01:00:17,docker.dev-peer0.org1.example.com-saksi-bulletin_1.0-ee3fe73bad456e43adfc5ba27d9e5a60983b69e8496140308fb21061ecb2ff85.mem_bytes,7991197.696
1791046817,2026-10-04T01:00:17,docker.dev-peer0.org1.example.com-saksi-bulletin_1.0-ee3fe73bad456e43adfc5ba27d9e5a60983b69e8496140308fb21061ecb2ff85.blk_read_bytes,0.0
1791046817,2026-10-04T01:00:17,docker.dev-peer0.org1.example.com-saksi-bulletin_1.0-ee3fe73bad456e43adfc5ba27d9e5a60983b69e8496140308fb21061ecb2ff85.blk_write_bytes,0.0
1791046817,2026-10-04T01:00:17,docker.peer0.org1.example.com.cpu_pct,2.19
1791046817,2026-10-04T01:00:17,docker.peer0.org1.example.com.mem_bytes,159173836.8
1791046817,2026-10-04T01:00:17,docker.peer0.org1.example.com.blk_read_bytes,0.0
1791046817,2026-10-04T01:00:17,docker.peer0.org1.example.com.blk_write_bytes,7220000.0
1791046817,2026-10-04T01:00:17,docker.peer0.org2.example.com.cpu_pct,1.73
1791046817,2026-10-04T01:00:17,docker.peer0.org2.example.com.mem_bytes,157810688.0
1791046817,2026-10-04T01:00:17,docker.peer0.org2.example.com.blk_read_bytes,0.0
1791046817,2026-10-04T01:00:17,docker.peer0.org2.example.com.blk_write_bytes,7220000.0
1791046817,2026-10-04T01:00:17,docker.orderer.example.com.cpu_pct,0.03
1791046817,2026-10-04T01:00:17,docker.orderer.example.com.mem_bytes,16420700.16
1791046817,2026-10-04T01:00:17,docker.orderer.example.com.blk_read_bytes,0.0
1791046817,2026-10-04T01:00:17,docker.orderer.example.com.blk_write_bytes,524000.0
1791046817,2026-10-04T01:00:17,host.MemTotal_kb,64932116
1791046817,2026-10-04T01:00:17,host.MemAvailable_kb,63251076
1791046817,2026-10-04T01:00:17,host.Cached_kb,6750688
1791046817,2026-10-04T01:00:17,host.SwapTotal_kb,0
1791046817,2026-10-04T01:00:17,host.SwapFree_kb,0
1791046817,2026-10-04T01:00:17,host.Dirty_kb,24300
1791046817,2026-10-04T01:00:17,host.load1,1.82
1791046817,2026-10-04T01:00:17,host.load5,1.12
1791046817,2026-10-04T01:00:17,host.root_free_bytes,936118575104
1791046817,2026-10-04T01:00:17,host.root_used_bytes,8854261760
1791046827,2026-10-04T01:00:27,host.cpu_pct,22.104930467762326
1791046827,2026-10-04T01:00:27,host.run_cpu_pct,22.10559424509473
1791046827,2026-10-04T01:00:27,host.nonrun_cpu_pct,0.0
1791046827,2026-10-04T01:00:27,docker.dev-peer0.org2.example.com-saksi-bulletin_1.0-ee3fe73bad456e43adfc5ba27d9e5a60983b69e8496140308fb21061ecb2ff85.cpu_pct,0.0
1791046827,2026-10-04T01:00:27,docker.dev-peer0.org2.example.com-saksi-bulletin_1.0-ee3fe73bad456e43adfc5ba27d9e5a60983b69e8496140308fb21061ecb2ff85.mem_bytes,7565475.84
1791046827,2026-10-04T01:00:27,docker.dev-peer0.org2.example.com-saksi-bulletin_1.0-ee3fe73bad456e43adfc5ba27d9e5a60983b69e8496140308fb21061ecb2ff85.blk_read_bytes,0.0
1791046827,2026-10-04T01:00:27,docker.dev-peer0.org2.example.com-saksi-bulletin_1.0-ee3fe73bad456e43adfc5ba27d9e5a60983b69e8496140308fb21061ecb2ff85.blk_write_bytes,0.0
1791046827,2026-10-04T01:00:27,docker.dev-peer0.org1.example.com-saksi-bulletin_1.0-ee3fe73bad456e43adfc5ba27d9e5a60983b69e8496140308fb21061ecb2ff85.cpu_pct,0.63
1791046827,2026-10-04T01:00:27,docker.dev-peer0.org1.example.com-saksi-bulletin_1.0-ee3fe73bad456e43adfc5ba27d9e5a60983b69e8496140308fb21061ecb2ff85.mem_bytes,13799260.16
1791046827,2026-10-04T01:00:27,docker.dev-peer0.org1.example.com-saksi-bulletin_1.0-ee3fe73bad456e43adfc5ba27d9e5a60983b69e8496140308fb21061ecb2ff85.blk_read_bytes,0.0
1791046827,2026-10-04T01:00:27,docker.dev-peer0.org1.example.com-saksi-bulletin_1.0-ee3fe73bad456e43adfc5ba27d9e5a60983b69e8496140308fb21061ecb2ff85.blk_write_bytes,0.0
1791046827,2026-10-04T01:00:27,docker.peer0.org1.example.com.cpu_pct,4.21
1791046827,2026-10-04T01:00:27,docker.peer0.org1.example.com.mem_bytes,159593267.2
1791046827,2026-10-04T01:00:27,docker.peer0.org1.example.com.blk_read_bytes,0.0
1791046827,2026-10-04T01:00:27,docker.peer0.org1.example.com.blk_write_bytes,90100000.0
1791046827,2026-10-04T01:00:27,docker.peer0.org2.example.com.cpu_pct,2.29
1791046827,2026-10-04T01:00:27,docker.peer0.org2.example.com.mem_bytes,127297126.4
1791046827,2026-10-04T01:00:27,docker.peer0.org2.example.com.blk_read_bytes,0.0
1791046827,2026-10-04T01:00:27,docker.peer0.org2.example.com.blk_write_bytes,90100000.0
1791046827,2026-10-04T01:00:27,docker.orderer.example.com.cpu_pct,0.07
1791046827,2026-10-04T01:00:27,docker.orderer.example.com.mem_bytes,94025809.92
1791046827,2026-10-04T01:00:27,docker.orderer.example.com.blk_read_bytes,0.0
1791046827,2026-10-04T01:00:27,docker.orderer.example.com.blk_write_bytes,115000000.0
1791046827,2026-10-04T01:00:27,host.MemTotal_kb,64932116
1791046827,2026-10-04T01:00:27,host.MemAvailable_kb,63224052
1791046827,2026-10-04T01:00:27,host.Cached_kb,6884528
1791046827,2026-10-04T01:00:27,host.SwapTotal_kb,0
1791046827,2026-10-04T01:00:27,host.SwapFree_kb,0
1791046827,2026-10-04T01:00:27,host.Dirty_kb,6572
1791046827,2026-10-04T01:00:27,host.load1,1.84
1791046827,2026-10-04T01:00:27,host.load5,1.15
1791046827,2026-10-04T01:00:27,host.root_free_bytes,936009691136
1791046827,2026-10-04T01:00:27,host.root_used_bytes,8963145728
1791046837,2026-10-04T01:00:37,host.cpu_pct,0.7210031347962382
1791046837,2026-10-04T01:00:37,host.run_cpu_pct,0.5346949400222928
1791046837,2026-10-04T01:00:37,host.nonrun_cpu_pct,0.18630819477394545
1791046837,2026-10-04T01:00:37,docker.dev-peer0.org2.example.com-saksi-bulletin_1.0-ee3fe73bad456e43adfc5ba27d9e5a60983b69e8496140308fb21061ecb2ff85.cpu_pct,0.0
1791046837,2026-10-04T01:00:37,docker.dev-peer0.org2.example.com-saksi-bulletin_1.0-ee3fe73bad456e43adfc5ba27d9e5a60983b69e8496140308fb21061ecb2ff85.mem_bytes,7565475.84
1791046837,2026-10-04T01:00:37,docker.dev-peer0.org2.example.com-saksi-bulletin_1.0-ee3fe73bad456e43adfc5ba27d9e5a60983b69e8496140308fb21061ecb2ff85.blk_read_bytes,0.0
1791046837,2026-10-04T01:00:37,docker.dev-peer0.org2.example.com-saksi-bulletin_1.0-ee3fe73bad456e43adfc5ba27d9e5a60983b69e8496140308fb21061ecb2ff85.blk_write_bytes,0.0
1791046837,2026-10-04T01:00:37,docker.dev-peer0.org1.example.com-saksi-bulletin_1.0-ee3fe73bad456e43adfc5ba27d9e5a60983b69e8496140308fb21061ecb2ff85.cpu_pct,18.98
1791046837,2026-10-04T01:00:37,docker.dev-peer0.org1.example.com-saksi-bulletin_1.0-ee3fe73bad456e43adfc5ba27d9e5a60983b69e8496140308fb21061ecb2ff85.mem_bytes,29328670.72
1791046837,2026-10-04T01:00:37,docker.dev-peer0.org1.example.com-saksi-bulletin_1.0-ee3fe73bad456e43adfc5ba27d9e5a60983b69e8496140308fb21061ecb2ff85.blk_read_bytes,0.0
1791046837,2026-10-04T01:00:37,docker.dev-peer0.org1.example.com-saksi-bulletin_1.0-ee3fe73bad456e43adfc5ba27d9e5a60983b69e8496140308fb21061ecb2ff85.blk_write_bytes,0.0
1791046837,2026-10-04T01:00:37,docker.peer0.org1.example.com.cpu_pct,17.98
1791046837,2026-10-04T01:00:37,docker.peer0.org1.example.com.mem_bytes,168506163.2
1791046837,2026-10-04T01:00:37,docker.peer0.org1.example.com.blk_read_bytes,0.0
1791046837,2026-10-04T01:00:37,docker.peer0.org1.example.com.blk_write_bytes,90900000.0
1791046837,2026-10-04T01:00:37,docker.peer0.org2.example.com.cpu_pct,2.45
1791046837,2026-10-04T01:00:37,docker.peer0.org2.example.com.mem_bytes,117964800.0
1791046837,2026-10-04T01:00:37,docker.peer0.org2.example.com.blk_read_bytes,0.0
1791046837,2026-10-04T01:00:37,docker.peer0.org2.example.com.blk_write_bytes,90900000.0
1791046837,2026-10-04T01:00:37,docker.orderer.example.com.cpu_pct,0.06
1791046837,2026-10-04T01:00:37,docker.orderer.example.com.mem_bytes,94120181.76
1791046837,2026-10-04T01:00:37,docker.orderer.example.com.blk_read_bytes,0.0
1791046837,2026-10-04T01:00:37,docker.orderer.example.com.blk_write_bytes,116000000.0
1791046837,2026-10-04T01:00:37,host.MemTotal_kb,64932116
1791046837,2026-10-04T01:00:37,host.MemAvailable_kb,63193120
1791046837,2026-10-04T01:00:37,host.Cached_kb,6889640
1791046837,2026-10-04T01:00:37,host.SwapTotal_kb,0
1791046837,2026-10-04T01:00:37,host.SwapFree_kb,0
1791046837,2026-10-04T01:00:37,host.Dirty_kb,5460
1791046837,2026-10-04T01:00:37,host.load1,1.87
1791046837,2026-10-04T01:00:37,host.load5,1.18
1791046837,2026-10-04T01:00:37,host.root_free_bytes,936004632576
1791046837,2026-10-04T01:00:37,host.root_used_bytes,8968204288
1791046837,2026-10-04T01:00:37,io.md2.r/s,0.0
1791046837,2026-10-04T01:00:37,io.md2.rkB/s,0.0
1791046837,2026-10-04T01:00:37,io.md2.r_await,0.0
1791046837,2026-10-04T01:00:37,io.md2.w/s,748.1
1791046837,2026-10-04T01:00:37,io.md2.wkB/s,16726.8
1791046837,2026-10-04T01:00:37,io.md2.w_await,0.38
1791046837,2026-10-04T01:00:37,io.md2.f/s,0.0
1791046837,2026-10-04T01:00:37,io.md2.aqu-sz,0.28
1791046837,2026-10-04T01:00:37,io.md2.%util,25.4
1791046837,2026-10-04T01:00:37,io.nvme0n1.r/s,0.0
1791046837,2026-10-04T01:00:37,io.nvme0n1.rkB/s,0.0
1791046837,2026-10-04T01:00:37,io.nvme0n1.r_await,0.0
1791046837,2026-10-04T01:00:37,io.nvme0n1.w/s,257.0
1791046837,2026-10-04T01:00:37,io.nvme0n1.wkB/s,8222.4
1791046837,2026-10-04T01:00:37,io.nvme0n1.w_await,0.83
1791046837,2026-10-04T01:00:37,io.nvme0n1.f/s,64.5
1791046837,2026-10-04T01:00:37,io.nvme0n1.aqu-sz,0.29
1791046837,2026-10-04T01:00:37,io.nvme0n1.%util,18.17
1791046837,2026-10-04T01:00:37,io.nvme1n1.r/s,0.0
1791046837,2026-10-04T01:00:37,io.nvme1n1.rkB/s,0.0
1791046837,2026-10-04T01:00:37,io.nvme1n1.r_await,0.0
1791046837,2026-10-04T01:00:37,io.nvme1n1.w/s,253.5
1791046837,2026-10-04T01:00:37,io.nvme1n1.wkB/s,8504.4
1791046837,2026-10-04T01:00:37,io.nvme1n1.w_await,0.8
1791046837,2026-10-04T01:00:37,io.nvme1n1.f/s,64.5
1791046837,2026-10-04T01:00:37,io.nvme1n1.aqu-sz,0.28
1791046837,2026-10-04T01:00:37,io.nvme1n1.%util,17.12
1791046847,2026-10-04T01:00:47,host.cpu_pct,20.426120294136133
1791046847,2026-10-04T01:00:47,host.run_cpu_pct,20.26886855669028
1791046847,2026-10-04T01:00:47,host.nonrun_cpu_pct,0.1572517374458542
1791046847,2026-10-04T01:00:47,docker.dev-peer0.org2.example.com-saksi-bulletin_1.0-ee3fe73bad456e43adfc5ba27d9e5a60983b69e8496140308fb21061ecb2ff85.cpu_pct,0.0
1791046847,2026-10-04T01:00:47,docker.dev-peer0.org2.example.com-saksi-bulletin_1.0-ee3fe73bad456e43adfc5ba27d9e5a60983b69e8496140308fb21061ecb2ff85.mem_bytes,7565475.84
1791046847,2026-10-04T01:00:47,docker.dev-peer0.org2.example.com-saksi-bulletin_1.0-ee3fe73bad456e43adfc5ba27d9e5a60983b69e8496140308fb21061ecb2ff85.blk_read_bytes,0.0
1791046847,2026-10-04T01:00:47,docker.dev-peer0.org2.example.com-saksi-bulletin_1.0-ee3fe73bad456e43adfc5ba27d9e5a60983b69e8496140308fb21061ecb2ff85.blk_write_bytes,0.0
1791046847,2026-10-04T01:00:47,docker.dev-peer0.org1.example.com-saksi-bulletin_1.0-ee3fe73bad456e43adfc5ba27d9e5a60983b69e8496140308fb21061ecb2ff85.cpu_pct,358.82
1791046847,2026-10-04T01:00:47,docker.dev-peer0.org1.example.com-saksi-bulletin_1.0-ee3fe73bad456e43adfc5ba27d9e5a60983b69e8496140308fb21061ecb2ff85.mem_bytes,19356712.96
1791046847,2026-10-04T01:00:47,docker.dev-peer0.org1.example.com-saksi-bulletin_1.0-ee3fe73bad456e43adfc5ba27d9e5a60983b69e8496140308fb21061ecb2ff85.blk_read_bytes,0.0
1791046847,2026-10-04T01:00:47,docker.dev-peer0.org1.example.com-saksi-bulletin_1.0-ee3fe73bad456e43adfc5ba27d9e5a60983b69e8496140308fb21061ecb2ff85.blk_write_bytes,0.0
1791046847,2026-10-04T01:00:47,docker.peer0.org1.example.com.cpu_pct,193.13
1791046847,2026-10-04T01:00:47,docker.peer0.org1.example.com.mem_bytes,168296448.0
1791046847,2026-10-04T01:00:47,docker.peer0.org1.example.com.blk_read_bytes,0.0
1791046847,2026-10-04T01:00:47,docker.peer0.org1.example.com.blk_write_bytes,185000000.0
1791046847,2026-10-04T01:00:47,docker.peer0.org2.example.com.cpu_pct,60.22
1791046847,2026-10-04T01:00:47,docker.peer0.org2.example.com.mem_bytes,134532300.8
1791046847,2026-10-04T01:00:47,docker.peer0.org2.example.com.blk_read_bytes,0.0
1791046847,2026-10-04T01:00:47,docker.peer0.org2.example.com.blk_write_bytes,185000000.0
1791046847,2026-10-04T01:00:47,docker.orderer.example.com.cpu_pct,41.39
1791046847,2026-10-04T01:00:47,docker.orderer.example.com.mem_bytes,145752064.0
1791046847,2026-10-04T01:00:47,docker.orderer.example.com.blk_read_bytes,0.0
1791046847,2026-10-04T01:00:47,docker.orderer.example.com.blk_write_bytes,213000000.0
1791046847,2026-10-04T01:00:47,host.MemTotal_kb,64932116
1791046847,2026-10-04T01:00:47,host.MemAvailable_kb,63135656
1791046847,2026-10-04T01:00:47,host.Cached_kb,7035776
1791046847,2026-10-04T01:00:47,host.SwapTotal_kb,0
1791046847,2026-10-04T01:00:47,host.SwapFree_kb,0
1791046847,2026-10-04T01:00:47,host.Dirty_kb,24480
1791046847,2026-10-04T01:00:47,host.load1,3.58
1791046847,2026-10-04T01:00:47,host.load5,1.56
1791046847,2026-10-04T01:00:47,host.root_free_bytes,935881003008
1791046847,2026-10-04T01:00:47,host.root_used_bytes,9091833856
1791046847,2026-10-04T01:00:47,io.md2.r/s,0.0
1791046847,2026-10-04T01:00:47,io.md2.rkB/s,0.0
1791046847,2026-10-04T01:00:47,io.md2.r_await,0.0
1791046847,2026-10-04T01:00:47,io.md2.w/s,102.4
1791046847,2026-10-04T01:00:47,io.md2.wkB/s,2520.8
1791046847,2026-10-04T01:00:47,io.md2.w_await,0.38
1791046847,2026-10-04T01:00:47,io.md2.f/s,0.0
1791046847,2026-10-04T01:00:47,io.md2.aqu-sz,0.04
1791046847,2026-10-04T01:00:47,io.md2.%util,2.33
1791046847,2026-10-04T01:00:47,io.nvme0n1.r/s,0.0
1791046847,2026-10-04T01:00:47,io.nvme0n1.rkB/s,0.0
1791046847,2026-10-04T01:00:47,io.nvme0n1.r_await,0.0
1791046847,2026-10-04T01:00:47,io.nvme0n1.w/s,40.4
1791046847,2026-10-04T01:00:47,io.nvme0n1.wkB/s,1188.8
1791046847,2026-10-04T01:00:47,io.nvme0n1.w_await,0.62
1791046847,2026-10-04T01:00:47,io.nvme0n1.f/s,5.5
1791046847,2026-10-04T01:00:47,io.nvme0n1.aqu-sz,0.03
1791046847,2026-10-04T01:00:47,io.nvme0n1.%util,1.45
1791046847,2026-10-04T01:00:47,io.nvme1n1.r/s,0.0
1791046847,2026-10-04T01:00:47,io.nvme1n1.rkB/s,0.0
1791046847,2026-10-04T01:00:47,io.nvme1n1.r_await,0.0
1791046847,2026-10-04T01:00:47,io.nvme1n1.w/s,42.8
1791046847,2026-10-04T01:00:47,io.nvme1n1.wkB/s,1332.0
1791046847,2026-10-04T01:00:47,io.nvme1n1.w_await,0.59
1791046847,2026-10-04T01:00:47,io.nvme1n1.f/s,5.5
1791046847,2026-10-04T01:00:47,io.nvme1n1.aqu-sz,0.03
1791046847,2026-10-04T01:00:47,io.nvme1n1.%util,2.02
1791046857,2026-10-04T01:00:57,host.cpu_pct,13.093588613175463
1791046857,2026-10-04T01:00:57,host.run_cpu_pct,12.959643500929618
1791046857,2026-10-04T01:00:57,host.nonrun_cpu_pct,0.13394511224584527
1791046857,2026-10-04T01:00:57,docker.dev-peer0.org2.example.com-saksi-bulletin_1.0-ee3fe73bad456e43adfc5ba27d9e5a60983b69e8496140308fb21061ecb2ff85.cpu_pct,0.0
1791046857,2026-10-04T01:00:57,docker.dev-peer0.org2.example.com-saksi-bulletin_1.0-ee3fe73bad456e43adfc5ba27d9e5a60983b69e8496140308fb21061ecb2ff85.mem_bytes,7405043.712
1791046857,2026-10-04T01:00:57,docker.dev-peer0.org2.example.com-saksi-bulletin_1.0-ee3fe73bad456e43adfc5ba27d9e5a60983b69e8496140308fb21061ecb2ff85.blk_read_bytes,0.0
1791046857,2026-10-04T01:00:57,docker.dev-peer0.org2.example.com-saksi-bulletin_1.0-ee3fe73bad456e43adfc5ba27d9e5a60983b69e8496140308fb21061ecb2ff85.blk_write_bytes,0.0
1791046857,2026-10-04T01:00:57,docker.dev-peer0.org1.example.com-saksi-bulletin_1.0-ee3fe73bad456e43adfc5ba27d9e5a60983b69e8496140308fb21061ecb2ff85.cpu_pct,0.63
1791046857,2026-10-04T01:00:57,docker.dev-peer0.org1.example.com-saksi-bulletin_1.0-ee3fe73bad456e43adfc5ba27d9e5a60983b69e8496140308fb21061ecb2ff85.mem_bytes,14533263.36
1791046857,2026-10-04T01:00:57,docker.dev-peer0.org1.example.com-saksi-bulletin_1.0-ee3fe73bad456e43adfc5ba27d9e5a60983b69e8496140308fb21061ecb2ff85.blk_read_bytes,0.0
1791046857,2026-10-04T01:00:57,docker.dev-peer0.org1.example.com-saksi-bulletin_1.0-ee3fe73bad456e43adfc5ba27d9e5a60983b69e8496140308fb21061ecb2ff85.blk_write_bytes,0.0
1791046857,2026-10-04T01:00:57,docker.peer0.org1.example.com.cpu_pct,8.21
1791046857,2026-10-04T01:00:57,docker.peer0.org1.example.com.mem_bytes,181298790.4
1791046857,2026-10-04T01:00:57,docker.peer0.org1.example.com.blk_read_bytes,0.0
1791046857,2026-10-04T01:00:57,docker.peer0.org1.example.com.blk_write_bytes,213000000.0
1791046857,2026-10-04T01:00:57,docker.peer0.org2.example.com.cpu_pct,2.6
1791046857,2026-10-04T01:00:57,docker.peer0.org2.example.com.mem_bytes,142501478.4
1791046857,2026-10-04T01:00:57,docker.peer0.org2.example.com.blk_read_bytes,0.0
1791046857,2026-10-04T01:00:57,docker.peer0.org2.example.com.blk_write_bytes,213000000.0
1791046857,2026-10-04T01:00:57,docker.orderer.example.com.cpu_pct,0.06
1791046857,2026-10-04T01:00:57,docker.orderer.example.com.mem_bytes,151624089.6
1791046857,2026-10-04T01:00:57,docker.orderer.example.com.blk_read_bytes,0.0
1791046857,2026-10-04T01:00:57,docker.orderer.example.com.blk_write_bytes,231000000.0
1791046857,2026-10-04T01:00:57,host.MemTotal_kb,64932116
1791046857,2026-10-04T01:00:57,host.MemAvailable_kb,63109952
1791046857,2026-10-04T01:00:57,host.Cached_kb,7058020
1791046857,2026-10-04T01:00:57,host.SwapTotal_kb,0
1791046857,2026-10-04T01:00:57,host.SwapFree_kb,0
1791046857,2026-10-04T01:00:57,host.Dirty_kb,3400
1791046857,2026-10-04T01:00:57,host.load1,3.03
1791046857,2026-10-04T01:00:57,host.load5,1.5
1791046857,2026-10-04T01:00:57,host.root_free_bytes,935862697984
1791046857,2026-10-04T01:00:57,host.root_used_bytes,9110138880
1791046857,2026-10-04T01:00:57,io.md2.r/s,0.0
1791046857,2026-10-04T01:00:57,io.md2.rkB/s,0.0
1791046857,2026-10-04T01:00:57,io.md2.r_await,0.0
1791046857,2026-10-04T01:00:57,io.md2.w/s,265.1
1791046857,2026-10-04T01:00:57,io.md2.wkB/s,5653.2
1791046857,2026-10-04T01:00:57,io.md2.w_await,0.34
1791046857,2026-10-04T01:00:57,io.md2.f/s,0.0
1791046857,2026-10-04T01:00:57,io.md2.aqu-sz,0.09
1791046857,2026-10-04T01:00:57,io.md2.%util,8.23
1791046857,2026-10-04T01:00:57,io.nvme0n1.r/s,0.0
1791046857,2026-10-04T01:00:57,io.nvme0n1.rkB/s,0.0
1791046857,2026-10-04T01:00:57,io.nvme0n1.r_await,0.0
1791046857,2026-10-04T01:00:57,io.nvme0n1.w/s,93.5
1791046857,2026-10-04T01:00:57,io.nvme0n1.wkB/s,2806.8
1791046857,2026-10-04T01:00:57,io.nvme0n1.w_await,0.75
1791046857,2026-10-04T01:00:57,io.nvme0n1.f/s,20.8
1791046857,2026-10-04T01:00:57,io.nvme0n1.aqu-sz,0.09
1791046857,2026-10-04T01:00:57,io.nvme0n1.%util,5.78
1791046857,2026-10-04T01:00:57,io.nvme1n1.r/s,0.0
1791046857,2026-10-04T01:00:57,io.nvme1n1.rkB/s,0.0
1791046857,2026-10-04T01:00:57,io.nvme1n1.r_await,0.0
1791046857,2026-10-04T01:00:57,io.nvme1n1.w/s,93.6
1791046857,2026-10-04T01:00:57,io.nvme1n1.wkB/s,2846.4
1791046857,2026-10-04T01:00:57,io.nvme1n1.w_await,0.72
1791046857,2026-10-04T01:00:57,io.nvme1n1.f/s,20.8
1791046857,2026-10-04T01:00:57,io.nvme1n1.aqu-sz,0.09
1791046857,2026-10-04T01:00:57,io.nvme1n1.%util,5.81
1791046867,2026-10-04T01:01:07,host.cpu_pct,16.43973144255506
1791046867,2026-10-04T01:01:07,host.run_cpu_pct,16.01718473605638
1791046867,2026-10-04T01:01:07,host.nonrun_cpu_pct,0.4225467064986823
1791046867,2026-10-04T01:01:07,docker.dev-peer0.org2.example.com-saksi-bulletin_1.0-ee3fe73bad456e43adfc5ba27d9e5a60983b69e8496140308fb21061ecb2ff85.cpu_pct,0.0
1791046867,2026-10-04T01:01:07,docker.dev-peer0.org2.example.com-saksi-bulletin_1.0-ee3fe73bad456e43adfc5ba27d9e5a60983b69e8496140308fb21061ecb2ff85.mem_bytes,7405043.712
1791046867,2026-10-04T01:01:07,docker.dev-peer0.org2.example.com-saksi-bulletin_1.0-ee3fe73bad456e43adfc5ba27d9e5a60983b69e8496140308fb21061ecb2ff85.blk_read_bytes,0.0
1791046867,2026-10-04T01:01:07,docker.dev-peer0.org2.example.com-saksi-bulletin_1.0-ee3fe73bad456e43adfc5ba27d9e5a60983b69e8496140308fb21061ecb2ff85.blk_write_bytes,0.0
1791046867,2026-10-04T01:01:07,docker.dev-peer0.org1.example.com-saksi-bulletin_1.0-ee3fe73bad456e43adfc5ba27d9e5a60983b69e8496140308fb21061ecb2ff85.cpu_pct,0.0
1791046867,2026-10-04T01:01:07,docker.dev-peer0.org1.example.com-saksi-bulletin_1.0-ee3fe73bad456e43adfc5ba27d9e5a60983b69e8496140308fb21061ecb2ff85.mem_bytes,14438891.52
1791046867,2026-10-04T01:01:07,docker.dev-peer0.org1.example.com-saksi-bulletin_1.0-ee3fe73bad456e43adfc5ba27d9e5a60983b69e8496140308fb21061ecb2ff85.blk_read_bytes,0.0
1791046867,2026-10-04T01:01:07,docker.dev-peer0.org1.example.com-saksi-bulletin_1.0-ee3fe73bad456e43adfc5ba27d9e5a60983b69e8496140308fb21061ecb2ff85.blk_write_bytes,0.0
1791046867,2026-10-04T01:01:07,docker.peer0.org1.example.com.cpu_pct,2.01
1791046867,2026-10-04T01:01:07,docker.peer0.org1.example.com.mem_bytes,228274995.2
1791046867,2026-10-04T01:01:07,docker.peer0.org1.example.com.blk_read_bytes,0.0
1791046867,2026-10-04T01:01:07,docker.peer0.org1.example.com.blk_write_bytes,214000000.0
1791046867,2026-10-04T01:01:07,docker.peer0.org2.example.com.cpu_pct,2.06
1791046867,2026-10-04T01:01:07,docker.peer0.org2.example.com.mem_bytes,142606336.0
1791046867,2026-10-04T01:01:07,docker.peer0.org2.example.com.blk_read_bytes,0.0
1791046867,2026-10-04T01:01:07,docker.peer0.org2.example.com.blk_write_bytes,214000000.0
1791046867,2026-10-04T01:01:07,docker.orderer.example.com.cpu_pct,0.26
1791046867,2026-10-04T01:01:07,docker.orderer.example.com.mem_bytes,151728947.2
1791046867,2026-10-04T01:01:07,docker.orderer.example.com.blk_read_bytes,0.0
1791046867,2026-10-04T01:01:07,docker.orderer.example.com.blk_write_bytes,232000000.0
1791046867,2026-10-04T01:01:07,host.MemTotal_kb,64932116
1791046867,2026-10-04T01:01:07,host.MemAvailable_kb,63041020
1791046867,2026-10-04T01:01:07,host.Cached_kb,7094072
1791046867,2026-10-04T01:01:07,host.SwapTotal_kb,0
1791046867,2026-10-04T01:01:07,host.SwapFree_kb,0
1791046867,2026-10-04T01:01:07,host.Dirty_kb,37856
1791046867,2026-10-04T01:01:07,host.load1,3.75
1791046867,2026-10-04T01:01:07,host.load5,1.72
1791046867,2026-10-04T01:01:07,host.root_free_bytes,935825965056
1791046867,2026-10-04T01:01:07,host.root_used_bytes,9146871808
1791046867,2026-10-04T01:01:07,io.md2.r/s,0.0
1791046867,2026-10-04T01:01:07,io.md2.rkB/s,0.0
1791046867,2026-10-04T01:01:07,io.md2.r_await,0.0
1791046867,2026-10-04T01:01:07,io.md2.w/s,641.0
1791046867,2026-10-04T01:01:07,io.md2.wkB/s,18520.4
1791046867,2026-10-04T01:01:07,io.md2.w_await,0.35
1791046867,2026-10-04T01:01:07,io.md2.f/s,0.0
1791046867,2026-10-04T01:01:07,io.md2.aqu-sz,0.22
1791046867,2026-10-04T01:01:07,io.md2.%util,19.27
1791046867,2026-10-04T01:01:07,io.nvme0n1.r/s,0.0
1791046867,2026-10-04T01:01:07,io.nvme0n1.rkB/s,0.0
1791046867,2026-10-04T01:01:07,io.nvme0n1.r_await,0.0
1791046867,2026-10-04T01:01:07,io.nvme0n1.w/s,224.9
1791046867,2026-10-04T01:01:07,io.nvme0n1.wkB/s,9096.8
1791046867,2026-10-04T01:01:07,io.nvme0n1.w_await,0.72
1791046867,2026-10-04T01:01:07,io.nvme0n1.f/s,49.4
1791046867,2026-10-04T01:01:07,io.nvme0n1.aqu-sz,0.22
1791046867,2026-10-04T01:01:07,io.nvme0n1.%util,13.48
1791046867,2026-10-04T01:01:07,io.nvme1n1.r/s,0.0
1791046867,2026-10-04T01:01:07,io.nvme1n1.rkB/s,0.0
1791046867,2026-10-04T01:01:07,io.nvme1n1.r_await,0.0
1791046867,2026-10-04T01:01:07,io.nvme1n1.w/s,222.0
1791046867,2026-10-04T01:01:07,io.nvme1n1.wkB/s,9423.6
1791046867,2026-10-04T01:01:07,io.nvme1n1.w_await,0.72
1791046867,2026-10-04T01:01:07,io.nvme1n1.f/s,49.4
1791046867,2026-10-04T01:01:07,io.nvme1n1.aqu-sz,0.21
1791046867,2026-10-04T01:01:07,io.nvme1n1.%util,12.98
1791046877,2026-10-04T01:01:17,host.cpu_pct,17.198458330700703
1791046877,2026-10-04T01:01:17,host.run_cpu_pct,17.18176810114723
1791046877,2026-10-04T01:01:17,host.nonrun_cpu_pct,0.01669022955347188
1791046877,2026-10-04T01:01:17,docker.dev-peer0.org2.example.com-saksi-bulletin_1.0-ee3fe73bad456e43adfc5ba27d9e5a60983b69e8496140308fb21061ecb2ff85.cpu_pct,0.0
1791046877,2026-10-04T01:01:17,docker.dev-peer0.org2.example.com-saksi-bulletin_1.0-ee3fe73bad456e43adfc5ba27d9e5a60983b69e8496140308fb21061ecb2ff85.mem_bytes,7405043.712
1791046877,2026-10-04T01:01:17,docker.dev-peer0.org2.example.com-saksi-bulletin_1.0-ee3fe73bad456e43adfc5ba27d9e5a60983b69e8496140308fb21061ecb2ff85.blk_read_bytes,0.0
1791046877,2026-10-04T01:01:17,docker.dev-peer0.org2.example.com-saksi-bulletin_1.0-ee3fe73bad456e43adfc5ba27d9e5a60983b69e8496140308fb21061ecb2ff85.blk_write_bytes,0.0
1791046877,2026-10-04T01:01:17,docker.dev-peer0.org1.example.com-saksi-bulletin_1.0-ee3fe73bad456e43adfc5ba27d9e5a60983b69e8496140308fb21061ecb2ff85.cpu_pct,0.65
1791046877,2026-10-04T01:01:17,docker.dev-peer0.org1.example.com-saksi-bulletin_1.0-ee3fe73bad456e43adfc5ba27d9e5a60983b69e8496140308fb21061ecb2ff85.mem_bytes,15896412.16
1791046877,2026-10-04T01:01:17,docker.dev-peer0.org1.example.com-saksi-bulletin_1.0-ee3fe73bad456e43adfc5ba27d9e5a60983b69e8496140308fb21061ecb2ff85.blk_read_bytes,0.0
1791046877,2026-10-04T01:01:17,docker.dev-peer0.org1.example.com-saksi-bulletin_1.0-ee3fe73bad456e43adfc5ba27d9e5a60983b69e8496140308fb21061ecb2ff85.blk_write_bytes,0.0
1791046877,2026-10-04T01:01:17,docker.peer0.org1.example.com.cpu_pct,6.8
1791046877,2026-10-04T01:01:17,docker.peer0.org1.example.com.mem_bytes,199648870.4
1791046877,2026-10-04T01:01:17,docker.peer0.org1.example.com.blk_read_bytes,0.0
1791046877,2026-10-04T01:01:17,docker.peer0.org1.example.com.blk_write_bytes,320000000.0
1791046877,2026-10-04T01:01:17,docker.peer0.org2.example.com.cpu_pct,2.62
1791046877,2026-10-04T01:01:17,docker.peer0.org2.example.com.mem_bytes,140718899.2
1791046877,2026-10-04T01:01:17,docker.peer0.org2.example.com.blk_read_bytes,0.0
1791046877,2026-10-04T01:01:17,docker.peer0.org2.example.com.blk_write_bytes,320000000.0
1791046877,2026-10-04T01:01:17,docker.orderer.example.com.cpu_pct,0.07
1791046877,2026-10-04T01:01:17,docker.orderer.example.com.mem_bytes,219362099.2
1791046877,2026-10-04T01:01:17,docker.orderer.example.com.blk_read_bytes,0.0
1791046877,2026-10-04T01:01:17,docker.orderer.example.com.blk_write_bytes,346000000.0
1791046877,2026-10-04T01:01:17,host.MemTotal_kb,64932116
1791046877,2026-10-04T01:01:17,host.MemAvailable_kb,63036216
1791046877,2026-10-04T01:01:17,host.Cached_kb,7228248
1791046877,2026-10-04T01:01:17,host.SwapTotal_kb,0
1791046877,2026-10-04T01:01:17,host.SwapFree_kb,0
1791046877,2026-10-04T01:01:17,host.Dirty_kb,6428
1791046877,2026-10-04T01:01:17,host.load1,3.24
1791046877,2026-10-04T01:01:17,host.load5,1.67
1791046877,2026-10-04T01:01:17,host.root_free_bytes,935652642816
1791046877,2026-10-04T01:01:17,host.root_used_bytes,9320194048
1791046877,2026-10-04T01:01:17,io.md2.r/s,0.3
1791046877,2026-10-04T01:01:17,io.md2.rkB/s,1.2
1791046877,2026-10-04T01:01:17,io.md2.r_await,0.0
1791046877,2026-10-04T01:01:17,io.md2.w/s,80.8
1791046877,2026-10-04T01:01:17,io.md2.wkB/s,572.0
1791046877,2026-10-04T01:01:17,io.md2.w_await,0.42
1791046877,2026-10-04T01:01:17,io.md2.f/s,0.0
1791046877,2026-10-04T01:01:17,io.md2.aqu-sz,0.03
1791046877,2026-10-04T01:01:17,io.md2.%util,23.05
1791046877,2026-10-04T01:01:17,io.nvme0n1.r/s,0.1
1791046877,2026-10-04T01:01:17,io.nvme0n1.rkB/s,0.4
1791046877,2026-10-04T01:01:17,io.nvme0n1.r_await,1.0
1791046877,2026-10-04T01:01:17,io.nvme0n1.w/s,30.1
1791046877,2026-10-04T01:01:17,io.nvme0n1.wkB/s,255.6
1791046877,2026-10-04T01:01:17,io.nvme0n1.w_await,0.57
1791046877,2026-10-04T01:01:17,io.nvme0n1.f/s,5.2
1791046877,2026-10-04T01:01:17,io.nvme0n1.aqu-sz,0.02
1791046877,2026-10-04T01:01:17,io.nvme0n1.%util,1.23
1791046877,2026-10-04T01:01:17,io.nvme1n1.r/s,0.2
1791046877,2026-10-04T01:01:17,io.nvme1n1.rkB/s,0.8
1791046877,2026-10-04T01:01:17,io.nvme1n1.r_await,0.5
1791046877,2026-10-04T01:01:17,io.nvme1n1.w/s,35.0
1791046877,2026-10-04T01:01:17,io.nvme1n1.wkB/s,316.4
1791046877,2026-10-04T01:01:17,io.nvme1n1.w_await,0.71
1791046877,2026-10-04T01:01:17,io.nvme1n1.f/s,5.2
1791046877,2026-10-04T01:01:17,io.nvme1n1.aqu-sz,0.03
1791046877,2026-10-04T01:01:17,io.nvme1n1.%util,1.99
1791046887,2026-10-04T01:01:27,host.cpu_pct,0.7458009526197041
1791046887,2026-10-04T01:01:27,host.run_cpu_pct,0.5097156302947032
1791046887,2026-10-04T01:01:27,host.nonrun_cpu_pct,0.2360853223250009
1791046887,2026-10-04T01:01:27,docker.dev-peer0.org2.example.com-saksi-bulletin_1.0-ee3fe73bad456e43adfc5ba27d9e5a60983b69e8496140308fb21061ecb2ff85.cpu_pct,0.0
1791046887,2026-10-04T01:01:27,docker.dev-peer0.org2.example.com-saksi-bulletin_1.0-ee3fe73bad456e43adfc5ba27d9e5a60983b69e8496140308fb21061ecb2ff85.mem_bytes,7405043.712
1791046887,2026-10-04T01:01:27,docker.dev-peer0.org2.example.com-saksi-bulletin_1.0-ee3fe73bad456e43adfc5ba27d9e5a60983b69e8496140308fb21061ecb2ff85.blk_read_bytes,0.0
1791046887,2026-10-04T01:01:27,docker.dev-peer0.org2.example.com-saksi-bulletin_1.0-ee3fe73bad456e43adfc5ba27d9e5a60983b69e8496140308fb21061ecb2ff85.blk_write_bytes,0.0
1791046887,2026-10-04T01:01:27,docker.dev-peer0.org1.example.com-saksi-bulletin_1.0-ee3fe73bad456e43adfc5ba27d9e5a60983b69e8496140308fb21061ecb2ff85.cpu_pct,0.0
1791046887,2026-10-04T01:01:27,docker.dev-peer0.org1.example.com-saksi-bulletin_1.0-ee3fe73bad456e43adfc5ba27d9e5a60983b69e8496140308fb21061ecb2ff85.mem_bytes,36721131.52
1791046887,2026-10-04T01:01:27,docker.dev-peer0.org1.example.com-saksi-bulletin_1.0-ee3fe73bad456e43adfc5ba27d9e5a60983b69e8496140308fb21061ecb2ff85.blk_read_bytes,0.0
1791046887,2026-10-04T01:01:27,docker.dev-peer0.org1.example.com-saksi-bulletin_1.0-ee3fe73bad456e43adfc5ba27d9e5a60983b69e8496140308fb21061ecb2ff85.blk_write_bytes,0.0
1791046887,2026-10-04T01:01:27,docker.peer0.org1.example.com.cpu_pct,1.03
1791046887,2026-10-04T01:01:27,docker.peer0.org1.example.com.mem_bytes,221249536.0
1791046887,2026-10-04T01:01:27,docker.peer0.org1.example.com.blk_read_bytes,0.0
1791046887,2026-10-04T01:01:27,docker.peer0.org1.example.com.blk_write_bytes,321000000.0
1791046887,2026-10-04T01:01:27,docker.peer0.org2.example.com.cpu_pct,1.0
1791046887,2026-10-04T01:01:27,docker.peer0.org2.example.com.mem_bytes,141872332.8
1791046887,2026-10-04T01:01:27,docker.peer0.org2.example.com.blk_read_bytes,0.0
1791046887,2026-10-04T01:01:27,docker.peer0.org2.example.com.blk_write_bytes,321000000.0
1791046887,2026-10-04T01:01:27,docker.orderer.example.com.cpu_pct,0.03
1791046887,2026-10-04T01:01:27,docker.orderer.example.com.mem_bytes,219466956.8
1791046887,2026-10-04T01:01:27,docker.orderer.example.com.blk_read_bytes,0.0
1791046887,2026-10-04T01:01:27,docker.orderer.example.com.blk_write_bytes,348000000.0
1791046887,2026-10-04T01:01:27,host.MemTotal_kb,64932116
1791046887,2026-10-04T01:01:27,host.MemAvailable_kb,62926640
1791046887,2026-10-04T01:01:27,host.Cached_kb,7241052
1791046887,2026-10-04T01:01:27,host.SwapTotal_kb,0
1791046887,2026-10-04T01:01:27,host.SwapFree_kb,0
1791046887,2026-10-04T01:01:27,host.Dirty_kb,12988
1791046887,2026-10-04T01:01:27,host.load1,2.74
1791046887,2026-10-04T01:01:27,host.load5,1.62
1791046887,2026-10-04T01:01:27,host.root_free_bytes,935639805952
1791046887,2026-10-04T01:01:27,host.root_used_bytes,9333030912
1791046887,2026-10-04T01:01:27,io.md2.r/s,0.0
1791046887,2026-10-04T01:01:27,io.md2.rkB/s,0.0
1791046887,2026-10-04T01:01:27,io.md2.r_await,0.0
1791046887,2026-10-04T01:01:27,io.md2.w/s,803.4
1791046887,2026-10-04T01:01:27,io.md2.wkB/s,19723.2
1791046887,2026-10-04T01:01:27,io.md2.w_await,0.36
1791046887,2026-10-04T01:01:27,io.md2.f/s,0.0
1791046887,2026-10-04T01:01:27,io.md2.aqu-sz,0.29
1791046887,2026-10-04T01:01:27,io.md2.%util,25.69
1791046887,2026-10-04T01:01:27,io.nvme0n1.r/s,0.0
1791046887,2026-10-04T01:01:27,io.nvme0n1.rkB/s,0.0
1791046887,2026-10-04T01:01:27,io.nvme0n1.r_await,0.0
1791046887,2026-10-04T01:01:27,io.nvme0n1.w/s,277.4
1791046887,2026-10-04T01:01:27,io.nvme0n1.wkB/s,9814.8
1791046887,2026-10-04T01:01:27,io.nvme0n1.w_await,0.77
1791046887,2026-10-04T01:01:27,io.nvme0n1.f/s,65.6
1791046887,2026-10-04T01:01:27,io.nvme0n1.aqu-sz,0.29
1791046887,2026-10-04T01:01:27,io.nvme0n1.%util,17.7
1791046887,2026-10-04T01:01:27,io.nvme1n1.r/s,0.0
1791046887,2026-10-04T01:01:27,io.nvme1n1.rkB/s,0.0
1791046887,2026-10-04T01:01:27,io.nvme1n1.r_await,0.0
1791046887,2026-10-04T01:01:27,io.nvme1n1.w/s,273.6
1791046887,2026-10-04T01:01:27,io.nvme1n1.wkB/s,9908.4
1791046887,2026-10-04T01:01:27,io.nvme1n1.w_await,0.79
1791046887,2026-10-04T01:01:27,io.nvme1n1.f/s,65.6
1791046887,2026-10-04T01:01:27,io.nvme1n1.aqu-sz,0.29
1791046887,2026-10-04T01:01:27,io.nvme1n1.%util,17.81
1791046897,2026-10-04T01:01:37,host.cpu_pct,28.413749605802586
1791046897,2026-10-04T01:01:37,host.run_cpu_pct,28.114936853153285
1791046897,2026-10-04T01:01:37,host.nonrun_cpu_pct,0.29881275264930096
1791046897,2026-10-04T01:01:37,docker.dev-peer0.org2.example.com-saksi-bulletin_1.0-ee3fe73bad456e43adfc5ba27d9e5a60983b69e8496140308fb21061ecb2ff85.cpu_pct,0.0
1791046897,2026-10-04T01:01:37,docker.dev-peer0.org2.example.com-saksi-bulletin_1.0-ee3fe73bad456e43adfc5ba27d9e5a60983b69e8496140308fb21061ecb2ff85.mem_bytes,7405043.712
1791046897,2026-10-04T01:01:37,docker.dev-peer0.org2.example.com-saksi-bulletin_1.0-ee3fe73bad456e43adfc5ba27d9e5a60983b69e8496140308fb21061ecb2ff85.blk_read_bytes,0.0
1791046897,2026-10-04T01:01:37,docker.dev-peer0.org2.example.com-saksi-bulletin_1.0-ee3fe73bad456e43adfc5ba27d9e5a60983b69e8496140308fb21061ecb2ff85.blk_write_bytes,0.0
1791046897,2026-10-04T01:01:37,docker.dev-peer0.org1.example.com-saksi-bulletin_1.0-ee3fe73bad456e43adfc5ba27d9e5a60983b69e8496140308fb21061ecb2ff85.cpu_pct,0.07
1791046897,2026-10-04T01:01:37,docker.dev-peer0.org1.example.com-saksi-bulletin_1.0-ee3fe73bad456e43adfc5ba27d9e5a60983b69e8496140308fb21061ecb2ff85.mem_bytes,15718154.24
1791046897,2026-10-04T01:01:37,docker.dev-peer0.org1.example.com-saksi-bulletin_1.0-ee3fe73bad456e43adfc5ba27d9e5a60983b69e8496140308fb21061ecb2ff85.blk_read_bytes,0.0
1791046897,2026-10-04T01:01:37,docker.dev-peer0.org1.example.com-saksi-bulletin_1.0-ee3fe73bad456e43adfc5ba27d9e5a60983b69e8496140308fb21061ecb2ff85.blk_write_bytes,0.0
1791046897,2026-10-04T01:01:37,docker.peer0.org1.example.com.cpu_pct,12.07
1791046897,2026-10-04T01:01:37,docker.peer0.org1.example.com.mem_bytes,202480025.6
1791046897,2026-10-04T01:01:37,docker.peer0.org1.example.com.blk_read_bytes,0.0
1791046897,2026-10-04T01:01:37,docker.peer0.org1.example.com.blk_write_bytes,443000000.0
1791046897,2026-10-04T01:01:37,docker.peer0.org2.example.com.cpu_pct,1.23
1791046897,2026-10-04T01:01:37,docker.peer0.org2.example.com.mem_bytes,150470656.0
1791046897,2026-10-04T01:01:37,docker.peer0.org2.example.com.blk_read_bytes,0.0
1791046897,2026-10-04T01:01:37,docker.peer0.org2.example.com.blk_write_bytes,443000000.0
1791046897,2026-10-04T01:01:37,docker.orderer.example.com.cpu_pct,29.64
1791046897,2026-10-04T01:01:37,docker.orderer.example.com.mem_bytes,279026073.6
1791046897,2026-10-04T01:01:37,docker.orderer.example.com.blk_read_bytes,0.0
1791046897,2026-10-04T01:01:37,docker.orderer.example.com.blk_write_bytes,462000000.0
1791046897,2026-10-04T01:01:37,host.MemTotal_kb,64932116
1791046897,2026-10-04T01:01:37,host.MemAvailable_kb,62947140
1791046897,2026-10-04T01:01:37,host.Cached_kb,7398628
1791046897,2026-10-04T01:01:37,host.SwapTotal_kb,0
1791046897,2026-10-04T01:01:37,host.SwapFree_kb,0
1791046897,2026-10-04T01:01:37,host.Dirty_kb,30548
1791046897,2026-10-04T01:01:37,host.load1,2.32
1791046897,2026-10-04T01:01:37,host.load5,1.57
1791046897,2026-10-04T01:01:37,host.root_free_bytes,935506702336
1791046897,2026-10-04T01:01:37,host.root_used_bytes,9466134528
1791046897,2026-10-04T01:01:37,io.md2.r/s,0.0
1791046897,2026-10-04T01:01:37,io.md2.rkB/s,0.0
1791046897,2026-10-04T01:01:37,io.md2.r_await,0.0
1791046897,2026-10-04T01:01:37,io.md2.w/s,105.6
1791046897,2026-10-04T01:01:37,io.md2.wkB/s,3222.8
1791046897,2026-10-04T01:01:37,io.md2.w_await,0.37
1791046897,2026-10-04T01:01:37,io.md2.f/s,0.0
1791046897,2026-10-04T01:01:37,io.md2.aqu-sz,0.04
1791046897,2026-10-04T01:01:37,io.md2.%util,2.76
1791046897,2026-10-04T01:01:37,io.nvme0n1.r/s,0.0
1791046897,2026-10-04T01:01:37,io.nvme0n1.rkB/s,0.0
1791046897,2026-10-04T01:01:37,io.nvme0n1.r_await,0.0
1791046897,2026-10-04T01:01:37,io.nvme0n1.w/s,44.3
1791046897,2026-10-04T01:01:37,io.nvme0n1.wkB/s,1644.8
1791046897,2026-10-04T01:01:37,io.nvme0n1.w_await,0.66
1791046897,2026-10-04T01:01:37,io.nvme0n1.f/s,6.7
1791046897,2026-10-04T01:01:37,io.nvme0n1.aqu-sz,0.04
1791046897,2026-10-04T01:01:37,io.nvme0n1.%util,2.31
1791046897,2026-10-04T01:01:37,io.nvme1n1.r/s,0.0
1791046897,2026-10-04T01:01:37,io.nvme1n1.rkB/s,0.0
1791046897,2026-10-04T01:01:37,io.nvme1n1.r_await,0.0
1791046897,2026-10-04T01:01:37,io.nvme1n1.w/s,41.4
1791046897,2026-10-04T01:01:37,io.nvme1n1.wkB/s,1578.0
1791046897,2026-10-04T01:01:37,io.nvme1n1.w_await,0.57
1791046897,2026-10-04T01:01:37,io.nvme1n1.f/s,6.7
1791046897,2026-10-04T01:01:37,io.nvme1n1.aqu-sz,0.03
1791046897,2026-10-04T01:01:37,io.nvme1n1.%util,1.78
1791046907,2026-10-04T01:01:47,host.cpu_pct,5.24132730015083
1791046907,2026-10-04T01:01:47,host.run_cpu_pct,4.9938257395057155
1791046907,2026-10-04T01:01:47,host.nonrun_cpu_pct,0.24750156064511408
1791046907,2026-10-04T01:01:47,docker.dev-peer0.org2.example.com-saksi-bulletin_1.0-ee3fe73bad456e43adfc5ba27d9e5a60983b69e8496140308fb21061ecb2ff85.cpu_pct,0.0
1791046907,2026-10-04T01:01:47,docker.dev-peer0.org2.example.com-saksi-bulletin_1.0-ee3fe73bad456e43adfc5ba27d9e5a60983b69e8496140308fb21061ecb2ff85.mem_bytes,7405043.712
1791046907,2026-10-04T01:01:47,docker.dev-peer0.org2.example.com-saksi-bulletin_1.0-ee3fe73bad456e43adfc5ba27d9e5a60983b69e8496140308fb21061ecb2ff85.blk_read_bytes,0.0
1791046907,2026-10-04T01:01:47,docker.dev-peer0.org2.example.com-saksi-bulletin_1.0-ee3fe73bad456e43adfc5ba27d9e5a60983b69e8496140308fb21061ecb2ff85.blk_write_bytes,0.0
1791046907,2026-10-04T01:01:47,docker.dev-peer0.org1.example.com-saksi-bulletin_1.0-ee3fe73bad456e43adfc5ba27d9e5a60983b69e8496140308fb21061ecb2ff85.cpu_pct,0.54
1791046907,2026-10-04T01:01:47,docker.dev-peer0.org1.example.com-saksi-bulletin_1.0-ee3fe73bad456e43adfc5ba27d9e5a60983b69e8496140308fb21061ecb2ff85.mem_bytes,13254000.64
1791046907,2026-10-04T01:01:47,docker.dev-peer0.org1.example.com-saksi-bulletin_1.0-ee3fe73bad456e43adfc5ba27d9e5a60983b69e8496140308fb21061ecb2ff85.blk_read_bytes,0.0
1791046907,2026-10-04T01:01:47,docker.dev-peer0.org1.example.com-saksi-bulletin_1.0-ee3fe73bad456e43adfc5ba27d9e5a60983b69e8496140308fb21061ecb2ff85.blk_write_bytes,0.0
1791046907,2026-10-04T01:01:47,docker.peer0.org1.example.com.cpu_pct,4.54
1791046907,2026-10-04T01:01:47,docker.peer0.org1.example.com.mem_bytes,205101465.6
1791046907,2026-10-04T01:01:47,docker.peer0.org1.example.com.blk_read_bytes,0.0
1791046907,2026-10-04T01:01:47,docker.peer0.org1.example.com.blk_write_bytes,444000000.0
1791046907,2026-10-04T01:01:47,docker.peer0.org2.example.com.cpu_pct,2.99
1791046907,2026-10-04T01:01:47,docker.peer0.org2.example.com.mem_bytes,150470656.0
1791046907,2026-10-04T01:01:47,docker.peer0.org2.example.com.blk_read_bytes,0.0
1791046907,2026-10-04T01:01:47,docker.peer0.org2.example.com.blk_write_bytes,444000000.0
1791046907,2026-10-04T01:01:47,docker.orderer.example.com.cpu_pct,0.06
1791046907,2026-10-04T01:01:47,docker.orderer.example.com.mem_bytes,279130931.2
1791046907,2026-10-04T01:01:47,docker.orderer.example.com.blk_read_bytes,0.0
1791046907,2026-10-04T01:01:47,docker.orderer.example.com.blk_write_bytes,463000000.0
1791046907,2026-10-04T01:01:47,host.MemTotal_kb,64932116
1791046907,2026-10-04T01:01:47,host.MemAvailable_kb,62963992
1791046907,2026-10-04T01:01:47,host.Cached_kb,7399776
1791046907,2026-10-04T01:01:47,host.SwapTotal_kb,0
1791046907,2026-10-04T01:01:47,host.SwapFree_kb,0
1791046907,2026-10-04T01:01:47,host.Dirty_kb,1024
1791046907,2026-10-04T01:01:47,host.load1,1.96
1791046907,2026-10-04T01:01:47,host.load5,1.51
1791046907,2026-10-04T01:01:47,host.root_free_bytes,935505592320
1791046907,2026-10-04T01:01:47,host.root_used_bytes,9467244544
1791046907,2026-10-04T01:01:47,io.md2.r/s,0.0
1791046907,2026-10-04T01:01:47,io.md2.rkB/s,0.0
1791046907,2026-10-04T01:01:47,io.md2.r_await,0.0
1791046907,2026-10-04T01:01:47,io.md2.w/s,641.0
1791046907,2026-10-04T01:01:47,io.md2.wkB/s,16350.4
1791046907,2026-10-04T01:01:47,io.md2.w_await,0.39
1791046907,2026-10-04T01:01:47,io.md2.f/s,0.0
1791046907,2026-10-04T01:01:47,io.md2.aqu-sz,0.25
1791046907,2026-10-04T01:01:47,io.md2.%util,28.31
1791046907,2026-10-04T01:01:47,io.nvme0n1.r/s,0.0
1791046907,2026-10-04T01:01:47,io.nvme0n1.rkB/s,0.0
1791046907,2026-10-04T01:01:47,io.nvme0n1.r_await,0.0
1791046907,2026-10-04T01:01:47,io.nvme0n1.w/s,216.7
1791046907,2026-10-04T01:01:47,io.nvme0n1.wkB/s,8100.0
1791046907,2026-10-04T01:01:47,io.nvme0n1.w_await,0.76
1791046907,2026-10-04T01:01:47,io.nvme0n1.f/s,50.7
1791046907,2026-10-04T01:01:47,io.nvme0n1.aqu-sz,0.22
1791046907,2026-10-04T01:01:47,io.nvme0n1.%util,13.8
1791046907,2026-10-04T01:01:47,io.nvme1n1.r/s,0.0
1791046907,2026-10-04T01:01:47,io.nvme1n1.rkB/s,0.0
1791046907,2026-10-04T01:01:47,io.nvme1n1.r_await,0.0
1791046907,2026-10-04T01:01:47,io.nvme1n1.w/s,221.4
1791046907,2026-10-04T01:01:47,io.nvme1n1.wkB/s,8250.4
1791046907,2026-10-04T01:01:47,io.nvme1n1.w_await,0.77
1791046907,2026-10-04T01:01:47,io.nvme1n1.f/s,50.7
1791046907,2026-10-04T01:01:47,io.nvme1n1.aqu-sz,0.23
1791046907,2026-10-04T01:01:47,io.nvme1n1.%util,13.88
1791046911,2026-10-04T01:01:51,docker.dev-peer0.org2.example.com-saksi-bulletin_1.0-ee3fe73bad456e43adfc5ba27d9e5a60983b69e8496140308fb21061ecb2ff85.cpu_pct,0.0
1791046911,2026-10-04T01:01:51,docker.dev-peer0.org2.example.com-saksi-bulletin_1.0-ee3fe73bad456e43adfc5ba27d9e5a60983b69e8496140308fb21061ecb2ff85.mem_bytes,7405043.712
1791046911,2026-10-04T01:01:51,docker.dev-peer0.org2.example.com-saksi-bulletin_1.0-ee3fe73bad456e43adfc5ba27d9e5a60983b69e8496140308fb21061ecb2ff85.blk_read_bytes,0.0
1791046911,2026-10-04T01:01:51,docker.dev-peer0.org2.example.com-saksi-bulletin_1.0-ee3fe73bad456e43adfc5ba27d9e5a60983b69e8496140308fb21061ecb2ff85.blk_write_bytes,0.0
1791046911,2026-10-04T01:01:51,docker.dev-peer0.org1.example.com-saksi-bulletin_1.0-ee3fe73bad456e43adfc5ba27d9e5a60983b69e8496140308fb21061ecb2ff85.cpu_pct,0.0
1791046911,2026-10-04T01:01:51,docker.dev-peer0.org1.example.com-saksi-bulletin_1.0-ee3fe73bad456e43adfc5ba27d9e5a60983b69e8496140308fb21061ecb2ff85.mem_bytes,12173967.36
1791046911,2026-10-04T01:01:51,docker.dev-peer0.org1.example.com-saksi-bulletin_1.0-ee3fe73bad456e43adfc5ba27d9e5a60983b69e8496140308fb21061ecb2ff85.blk_read_bytes,0.0
1791046911,2026-10-04T01:01:51,docker.dev-peer0.org1.example.com-saksi-bulletin_1.0-ee3fe73bad456e43adfc5ba27d9e5a60983b69e8496140308fb21061ecb2ff85.blk_write_bytes,0.0
1791046911,2026-10-04T01:01:51,docker.peer0.org1.example.com.cpu_pct,0.92
1791046911,2026-10-04T01:01:51,docker.peer0.org1.example.com.mem_bytes,238970470.4
1791046911,2026-10-04T01:01:51,docker.peer0.org1.example.com.blk_read_bytes,0.0
1791046911,2026-10-04T01:01:51,docker.peer0.org1.example.com.blk_write_bytes,444000000.0
1791046911,2026-10-04T01:01:51,docker.peer0.org2.example.com.cpu_pct,0.93
1791046911,2026-10-04T01:01:51,docker.peer0.org2.example.com.mem_bytes,150470656.0
1791046911,2026-10-04T01:01:51,docker.peer0.org2.example.com.blk_read_bytes,0.0
1791046911,2026-10-04T01:01:51,docker.peer0.org2.example.com.blk_write_bytes,444000000.0
1791046911,2026-10-04T01:01:51,docker.orderer.example.com.cpu_pct,0.04
1791046911,2026-10-04T01:01:51,docker.orderer.example.com.mem_bytes,279130931.2
1791046911,2026-10-04T01:01:51,docker.orderer.example.com.blk_read_bytes,0.0
1791046911,2026-10-04T01:01:51,docker.orderer.example.com.blk_write_bytes,463000000.0
1791046911,2026-10-04T01:01:51,host.MemTotal_kb,64932116
1791046911,2026-10-04T01:01:51,host.MemAvailable_kb,62865368
1791046911,2026-10-04T01:01:51,host.Cached_kb,7412124
1791046911,2026-10-04T01:01:51,host.SwapTotal_kb,0
1791046911,2026-10-04T01:01:51,host.SwapFree_kb,0
1791046911,2026-10-04T01:01:51,host.Dirty_kb,13076
1791046911,2026-10-04T01:01:51,host.load1,1.96
1791046911,2026-10-04T01:01:51,host.load5,1.51
1791046911,2026-10-04T01:01:51,host.root_free_bytes,935493513216
1791046911,2026-10-04T01:01:51,host.root_used_bytes,9479323648
1791046921,2026-10-04T01:02:01,host.cpu_pct,27.905218048903453
1791046921,2026-10-04T01:02:01,host.run_cpu_pct,27.668419129753786
1791046921,2026-10-04T01:02:01,host.nonrun_cpu_pct,0.2367989191496669
1791046921,2026-10-04T01:02:01,docker.dev-peer0.org2.example.com-saksi-bulletin_1.0-ee3fe73bad456e43adfc5ba27d9e5a60983b69e8496140308fb21061ecb2ff85.cpu_pct,0.0
1791046921,2026-10-04T01:02:01,docker.dev-peer0.org2.example.com-saksi-bulletin_1.0-ee3fe73bad456e43adfc5ba27d9e5a60983b69e8496140308fb21061ecb2ff85.mem_bytes,7520387.072
1791046921,2026-10-04T01:02:01,docker.dev-peer0.org2.example.com-saksi-bulletin_1.0-ee3fe73bad456e43adfc5ba27d9e5a60983b69e8496140308fb21061ecb2ff85.blk_read_bytes,0.0
1791046921,2026-10-04T01:02:01,docker.dev-peer0.org2.example.com-saksi-bulletin_1.0-ee3fe73bad456e43adfc5ba27d9e5a60983b69e8496140308fb21061ecb2ff85.blk_write_bytes,0.0
1791046921,2026-10-04T01:02:01,docker.dev-peer0.org1.example.com-saksi-bulletin_1.0-ee3fe73bad456e43adfc5ba27d9e5a60983b69e8496140308fb21061ecb2ff85.cpu_pct,261.86
1791046921,2026-10-04T01:02:01,docker.dev-peer0.org1.example.com-saksi-bulletin_1.0-ee3fe73bad456e43adfc5ba27d9e5a60983b69e8496140308fb21061ecb2ff85.mem_bytes,15854469.12
1791046921,2026-10-04T01:02:01,docker.dev-peer0.org1.example.com-saksi-bulletin_1.0-ee3fe73bad456e43adfc5ba27d9e5a60983b69e8496140308fb21061ecb2ff85.blk_read_bytes,0.0
1791046921,2026-10-04T01:02:01,docker.dev-peer0.org1.example.com-saksi-bulletin_1.0-ee3fe73bad456e43adfc5ba27d9e5a60983b69e8496140308fb21061ecb2ff85.blk_write_bytes,0.0
1791046921,2026-10-04T01:02:01,docker.peer0.org1.example.com.cpu_pct,151.71
1791046921,2026-10-04T01:02:01,docker.peer0.org1.example.com.mem_bytes,196188569.6
1791046921,2026-10-04T01:02:01,docker.peer0.org1.example.com.blk_read_bytes,0.0
1791046921,2026-10-04T01:02:01,docker.peer0.org1.example.com.blk_write_bytes,578000000.0
1791046921,2026-10-04T01:02:01,docker.peer0.org2.example.com.cpu_pct,46.87
1791046921,2026-10-04T01:02:01,docker.peer0.org2.example.com.mem_bytes,150994944.0
1791046921,2026-10-04T01:02:01,docker.peer0.org2.example.com.blk_read_bytes,0.0
1791046921,2026-10-04T01:02:01,docker.peer0.org2.example.com.blk_write_bytes,578000000.0
1791046921,2026-10-04T01:02:01,docker.orderer.example.com.cpu_pct,30.43
1791046921,2026-10-04T01:02:01,docker.orderer.example.com.mem_bytes,338690048.0
1791046921,2026-10-04T01:02:01,docker.orderer.example.com.blk_read_bytes,0.0
1791046921,2026-10-04T01:02:01,docker.orderer.example.com.blk_write_bytes,578000000.0
1791046921,2026-10-04T01:02:01,host.MemTotal_kb,64932116
1791046921,2026-10-04T01:02:01,host.MemAvailable_kb,62888436
1791046921,2026-10-04T01:02:01,host.Cached_kb,7566168
1791046921,2026-10-04T01:02:01,host.SwapTotal_kb,0
1791046921,2026-10-04T01:02:01,host.SwapFree_kb,0
1791046921,2026-10-04T01:02:01,host.Dirty_kb,41360
1791046921,2026-10-04T01:02:01,host.load1,3.18
1791046921,2026-10-04T01:02:01,host.load5,1.78
1791046921,2026-10-04T01:02:01,host.root_free_bytes,935299948544
1791046921,2026-10-04T01:02:01,host.root_used_bytes,9672888320
1791046931,2026-10-04T01:02:11,host.cpu_pct,5.597085244047993
1791046931,2026-10-04T01:02:11,host.run_cpu_pct,5.267577849990343
1791046931,2026-10-04T01:02:11,host.nonrun_cpu_pct,0.32950739405765006
1791046931,2026-10-04T01:02:11,docker.dev-peer0.org2.example.com-saksi-bulletin_1.0-ee3fe73bad456e43adfc5ba27d9e5a60983b69e8496140308fb21061ecb2ff85.cpu_pct,0.0
1791046931,2026-10-04T01:02:11,docker.dev-peer0.org2.example.com-saksi-bulletin_1.0-ee3fe73bad456e43adfc5ba27d9e5a60983b69e8496140308fb21061ecb2ff85.mem_bytes,7520387.072
1791046931,2026-10-04T01:02:11,docker.dev-peer0.org2.example.com-saksi-bulletin_1.0-ee3fe73bad456e43adfc5ba27d9e5a60983b69e8496140308fb21061ecb2ff85.blk_read_bytes,0.0
1791046931,2026-10-04T01:02:11,docker.dev-peer0.org2.example.com-saksi-bulletin_1.0-ee3fe73bad456e43adfc5ba27d9e5a60983b69e8496140308fb21061ecb2ff85.blk_write_bytes,0.0
1791046931,2026-10-04T01:02:11,docker.dev-peer0.org1.example.com-saksi-bulletin_1.0-ee3fe73bad456e43adfc5ba27d9e5a60983b69e8496140308fb21061ecb2ff85.cpu_pct,0.48
1791046931,2026-10-04T01:02:11,docker.dev-peer0.org1.example.com-saksi-bulletin_1.0-ee3fe73bad456e43adfc5ba27d9e5a60983b69e8496140308fb21061ecb2ff85.mem_bytes,13935575.04
1791046931,2026-10-04T01:02:11,docker.dev-peer0.org1.example.com-saksi-bulletin_1.0-ee3fe73bad456e43adfc5ba27d9e5a60983b69e8496140308fb21061ecb2ff85.blk_read_bytes,0.0
1791046931,2026-10-04T01:02:11,docker.dev-peer0.org1.example.com-saksi-bulletin_1.0-ee3fe73bad456e43adfc5ba27d9e5a60983b69e8496140308fb21061ecb2ff85.blk_write_bytes,0.0
1791046931,2026-10-04T01:02:11,docker.peer0.org1.example.com.cpu_pct,4.41
1791046931,2026-10-04T01:02:11,docker.peer0.org1.example.com.mem_bytes,208771481.6
1791046931,2026-10-04T01:02:11,docker.peer0.org1.example.com.blk_read_bytes,0.0
1791046931,2026-10-04T01:02:11,docker.peer0.org1.example.com.blk_write_bytes,579000000.0
1791046931,2026-10-04T01:02:11,docker.peer0.org2.example.com.cpu_pct,2.38
1791046931,2026-10-04T01:02:11,docker.peer0.org2.example.com.mem_bytes,150994944.0
1791046931,2026-10-04T01:02:11,docker.peer0.org2.example.com.blk_read_bytes,0.0
1791046931,2026-10-04T01:02:11,docker.peer0.org2.example.com.blk_write_bytes,579000000.0
1791046931,2026-10-04T01:02:11,docker.orderer.example.com.cpu_pct,0.44
1791046931,2026-10-04T01:02:11,docker.orderer.example.com.mem_bytes,338690048.0
1791046931,2026-10-04T01:02:11,docker.orderer.example.com.blk_read_bytes,0.0
1791046931,2026-10-04T01:02:11,docker.orderer.example.com.blk_write_bytes,579000000.0
1791046931,2026-10-04T01:02:11,host.MemTotal_kb,64932116
1791046931,2026-10-04T01:02:11,host.MemAvailable_kb,62896696
1791046931,2026-10-04T01:02:11,host.Cached_kb,7567284
1791046931,2026-10-04T01:02:11,host.SwapTotal_kb,0
1791046931,2026-10-04T01:02:11,host.SwapFree_kb,0
1791046931,2026-10-04T01:02:11,host.Dirty_kb,768
1791046931,2026-10-04T01:02:11,host.load1,2.69
1791046931,2026-10-04T01:02:11,host.load5,1.72
1791046931,2026-10-04T01:02:11,host.root_free_bytes,935298887680
1791046931,2026-10-04T01:02:11,host.root_used_bytes,9673949184
1791046931,2026-10-04T01:02:11,io.md2.r/s,5.9
1791046931,2026-10-04T01:02:11,io.md2.rkB/s,44.4
1791046931,2026-10-04T01:02:11,io.md2.r_await,0.61
1791046931,2026-10-04T01:02:11,io.md2.w/s,618.1
1791046931,2026-10-04T01:02:11,io.md2.wkB/s,14697.2
1791046931,2026-10-04T01:02:11,io.md2.w_await,0.37
1791046931,2026-10-04T01:02:11,io.md2.f/s,0.0
1791046931,2026-10-04T01:02:11,io.md2.aqu-sz,0.23
1791046931,2026-10-04T01:02:11,io.md2.%util,30.16
1791046931,2026-10-04T01:02:11,io.nvme0n1.r/s,0.9
1791046931,2026-10-04T01:02:11,io.nvme0n1.rkB/s,8.4
1791046931,2026-10-04T01:02:11,io.nvme0n1.r_await,0.11
1791046931,2026-10-04T01:02:11,io.nvme0n1.w/s,206.8
1791046931,2026-10-04T01:02:11,io.nvme0n1.wkB/s,7264.8
1791046931,2026-10-04T01:02:11,io.nvme0n1.w_await,0.78
1791046931,2026-10-04T01:02:11,io.nvme0n1.f/s,50.5
1791046931,2026-10-04T01:02:11,io.nvme0n1.aqu-sz,0.22
1791046931,2026-10-04T01:02:11,io.nvme0n1.%util,13.34
1791046931,2026-10-04T01:02:11,io.nvme1n1.r/s,2.0
1791046931,2026-10-04T01:02:11,io.nvme1n1.rkB/s,36.0
1791046931,2026-10-04T01:02:11,io.nvme1n1.r_await,0.1
1791046931,2026-10-04T01:02:11,io.nvme1n1.w/s,218.6
1791046931,2026-10-04T01:02:11,io.nvme1n1.wkB/s,7432.4
1791046931,2026-10-04T01:02:11,io.nvme1n1.w_await,0.77
1791046931,2026-10-04T01:02:11,io.nvme1n1.f/s,50.5
1791046931,2026-10-04T01:02:11,io.nvme1n1.aqu-sz,0.23
1791046931,2026-10-04T01:02:11,io.nvme1n1.%util,13.76
1791046941,2026-10-04T01:02:21,host.cpu_pct,16.187547075069045
1791046941,2026-10-04T01:02:21,host.run_cpu_pct,15.987000449769125
1791046941,2026-10-04T01:02:21,host.nonrun_cpu_pct,0.2005466252999195
1791046941,2026-10-04T01:02:21,docker.dev-peer0.org2.example.com-saksi-bulletin_1.0-ee3fe73bad456e43adfc5ba27d9e5a60983b69e8496140308fb21061ecb2ff85.cpu_pct,0.0
1791046941,2026-10-04T01:02:21,docker.dev-peer0.org2.example.com-saksi-bulletin_1.0-ee3fe73bad456e43adfc5ba27d9e5a60983b69e8496140308fb21061ecb2ff85.mem_bytes,6746537.984
1791046941,2026-10-04T01:02:21,docker.dev-peer0.org2.example.com-saksi-bulletin_1.0-ee3fe73bad456e43adfc5ba27d9e5a60983b69e8496140308fb21061ecb2ff85.blk_read_bytes,0.0
1791046941,2026-10-04T01:02:21,docker.dev-peer0.org2.example.com-saksi-bulletin_1.0-ee3fe73bad456e43adfc5ba27d9e5a60983b69e8496140308fb21061ecb2ff85.blk_write_bytes,0.0
1791046941,2026-10-04T01:02:21,docker.dev-peer0.org1.example.com-saksi-bulletin_1.0-ee3fe73bad456e43adfc5ba27d9e5a60983b69e8496140308fb21061ecb2ff85.cpu_pct,266.44
1791046941,2026-10-04T01:02:21,docker.dev-peer0.org1.example.com-saksi-bulletin_1.0-ee3fe73bad456e43adfc5ba27d9e5a60983b69e8496140308fb21061ecb2ff85.mem_bytes,21369978.88
1791046941,2026-10-04T01:02:21,docker.dev-peer0.org1.example.com-saksi-bulletin_1.0-ee3fe73bad456e43adfc5ba27d9e5a60983b69e8496140308fb21061ecb2ff85.blk_read_bytes,0.0
1791046941,2026-10-04T01:02:21,docker.dev-peer0.org1.example.com-saksi-bulletin_1.0-ee3fe73bad456e43adfc5ba27d9e5a60983b69e8496140308fb21061ecb2ff85.blk_write_bytes,0.0
1791046941,2026-10-04T01:02:21,docker.peer0.org1.example.com.cpu_pct,131.36
1791046941,2026-10-04T01:02:21,docker.peer0.org1.example.com.mem_bytes,169030451.2
1791046941,2026-10-04T01:02:21,docker.peer0.org1.example.com.blk_read_bytes,0.0
1791046941,2026-10-04T01:02:21,docker.peer0.org1.example.com.blk_write_bytes,592000000.0
1791046941,2026-10-04T01:02:21,docker.peer0.org2.example.com.cpu_pct,36.64
1791046941,2026-10-04T01:02:21,docker.peer0.org2.example.com.mem_bytes,133169152.0
1791046941,2026-10-04T01:02:21,docker.peer0.org2.example.com.blk_read_bytes,0.0
1791046941,2026-10-04T01:02:21,docker.peer0.org2.example.com.blk_write_bytes,592000000.0
1791046941,2026-10-04T01:02:21,docker.orderer.example.com.cpu_pct,0.1
1791046941,2026-10-04T01:02:21,docker.orderer.example.com.mem_bytes,338690048.0
1791046941,2026-10-04T01:02:21,docker.orderer.example.com.blk_read_bytes,0.0
1791046941,2026-10-04T01:02:21,docker.orderer.example.com.blk_write_bytes,579000000.0
1791046941,2026-10-04T01:02:21,host.MemTotal_kb,64932116
1791046941,2026-10-04T01:02:21,host.MemAvailable_kb,62935448
1791046941,2026-10-04T01:02:21,host.Cached_kb,7627040
1791046941,2026-10-04T01:02:21,host.SwapTotal_kb,0
1791046941,2026-10-04T01:02:21,host.SwapFree_kb,0
1791046941,2026-10-04T01:02:21,host.Dirty_kb,38404
1791046941,2026-10-04T01:02:21,host.load1,2.27
1791046941,2026-10-04T01:02:21,host.load5,1.66
1791046941,2026-10-04T01:02:21,host.root_free_bytes,935242567680
1791046941,2026-10-04T01:02:21,host.root_used_bytes,9730269184
1791046941,2026-10-04T01:02:21,io.md2.r/s,0.5
1791046941,2026-10-04T01:02:21,io.md2.rkB/s,2.0
1791046941,2026-10-04T01:02:21,io.md2.r_await,0.6
1791046941,2026-10-04T01:02:21,io.md2.w/s,336.5
1791046941,2026-10-04T01:02:21,io.md2.wkB/s,11012.0
1791046941,2026-10-04T01:02:21,io.md2.w_await,0.33
1791046941,2026-10-04T01:02:21,io.md2.f/s,0.0
1791046941,2026-10-04T01:02:21,io.md2.aqu-sz,0.11
1791046941,2026-10-04T01:02:21,io.md2.%util,8.48
1791046941,2026-10-04T01:02:21,io.nvme0n1.r/s,0.0
1791046941,2026-10-04T01:02:21,io.nvme0n1.rkB/s,0.0
1791046941,2026-10-04T01:02:21,io.nvme0n1.r_await,0.0
1791046941,2026-10-04T01:02:21,io.nvme0n1.w/s,121.4
1791046941,2026-10-04T01:02:21,io.nvme0n1.wkB/s,5492.0
1791046941,2026-10-04T01:02:21,io.nvme0n1.w_await,0.62
1791046941,2026-10-04T01:02:21,io.nvme0n1.f/s,20.8
1791046941,2026-10-04T01:02:21,io.nvme0n1.aqu-sz,0.1
1791046941,2026-10-04T01:02:21,io.nvme0n1.%util,5.88
1791046941,2026-10-04T01:02:21,io.nvme1n1.r/s,0.5
1791046941,2026-10-04T01:02:21,io.nvme1n1.rkB/s,2.0
1791046941,2026-10-04T01:02:21,io.nvme1n1.r_await,0.4
1791046941,2026-10-04T01:02:21,io.nvme1n1.w/s,125.1
1791046941,2026-10-04T01:02:21,io.nvme1n1.wkB/s,5520.0
1791046941,2026-10-04T01:02:21,io.nvme1n1.w_await,0.62
1791046941,2026-10-04T01:02:21,io.nvme1n1.f/s,20.8
1791046941,2026-10-04T01:02:21,io.nvme1n1.aqu-sz,0.1
1791046941,2026-10-04T01:02:21,io.nvme1n1.%util,5.87
1791046951,2026-10-04T01:02:31,host.cpu_pct,17.33509900365746
1791046951,2026-10-04T01:02:31,host.run_cpu_pct,17.162257811056747
1791046951,2026-10-04T01:02:31,host.nonrun_cpu_pct,0.17284119260071407
1791046951,2026-10-04T01:02:31,docker.dev-peer0.org2.example.com-saksi-bulletin_1.0-ee3fe73bad456e43adfc5ba27d9e5a60983b69e8496140308fb21061ecb2ff85.cpu_pct,0.0
1791046951,2026-10-04T01:02:31,docker.dev-peer0.org2.example.com-saksi-bulletin_1.0-ee3fe73bad456e43adfc5ba27d9e5a60983b69e8496140308fb21061ecb2ff85.mem_bytes,6746537.984
1791046951,2026-10-04T01:02:31,docker.dev-peer0.org2.example.com-saksi-bulletin_1.0-ee3fe73bad456e43adfc5ba27d9e5a60983b69e8496140308fb21061ecb2ff85.blk_read_bytes,0.0
1791046951,2026-10-04T01:02:31,docker.dev-peer0.org2.example.com-saksi-bulletin_1.0-ee3fe73bad456e43adfc5ba27d9e5a60983b69e8496140308fb21061ecb2ff85.blk_write_bytes,0.0
1791046951,2026-10-04T01:02:31,docker.dev-peer0.org1.example.com-saksi-bulletin_1.0-ee3fe73bad456e43adfc5ba27d9e5a60983b69e8496140308fb21061ecb2ff85.cpu_pct,0.71
1791046951,2026-10-04T01:02:31,docker.dev-peer0.org1.example.com-saksi-bulletin_1.0-ee3fe73bad456e43adfc5ba27d9e5a60983b69e8496140308fb21061ecb2ff85.mem_bytes,15340666.88
1791046951,2026-10-04T01:02:31,docker.dev-peer0.org1.example.com-saksi-bulletin_1.0-ee3fe73bad456e43adfc5ba27d9e5a60983b69e8496140308fb21061ecb2ff85.blk_read_bytes,0.0
1791046951,2026-10-04T01:02:31,docker.dev-peer0.org1.example.com-saksi-bulletin_1.0-ee3fe73bad456e43adfc5ba27d9e5a60983b69e8496140308fb21061ecb2ff85.blk_write_bytes,0.0
1791046951,2026-10-04T01:02:31,docker.peer0.org1.example.com.cpu_pct,1.73
1791046951,2026-10-04T01:02:31,docker.peer0.org1.example.com.mem_bytes,192937984.0
1791046951,2026-10-04T01:02:31,docker.peer0.org1.example.com.blk_read_bytes,0.0
1791046951,2026-10-04T01:02:31,docker.peer0.org1.example.com.blk_write_bytes,687000000.0
1791046951,2026-10-04T01:02:31,docker.peer0.org2.example.com.cpu_pct,2.78
1791046951,2026-10-04T01:02:31,docker.peer0.org2.example.com.mem_bytes,152987238.4
1791046951,2026-10-04T01:02:31,docker.peer0.org2.example.com.blk_read_bytes,0.0
1791046951,2026-10-04T01:02:31,docker.peer0.org2.example.com.blk_write_bytes,687000000.0
1791046951,2026-10-04T01:02:31,docker.orderer.example.com.cpu_pct,0.92
1791046951,2026-10-04T01:02:31,docker.orderer.example.com.mem_bytes,392167424.0
1791046951,2026-10-04T01:02:31,docker.orderer.example.com.blk_read_bytes,0.0
1791046951,2026-10-04T01:02:31,docker.orderer.example.com.blk_write_bytes,694000000.0
1791046951,2026-10-04T01:02:31,host.MemTotal_kb,64932116
1791046951,2026-10-04T01:02:31,host.MemAvailable_kb,62879912
1791046951,2026-10-04T01:02:31,host.Cached_kb,7737808
1791046951,2026-10-04T01:02:31,host.SwapTotal_kb,0
1791046951,2026-10-04T01:02:31,host.SwapFree_kb,0
1791046951,2026-10-04T01:02:31,host.Dirty_kb,23336
1791046951,2026-10-04T01:02:31,host.load1,3.69
1791046951,2026-10-04T01:02:31,host.load5,2.0
1791046951,2026-10-04T01:02:31,host.root_free_bytes,935152685056
1791046951,2026-10-04T01:02:31,host.root_used_bytes,9820151808
1791046951,2026-10-04T01:02:31,io.md2.r/s,0.0
1791046951,2026-10-04T01:02:31,io.md2.rkB/s,0.0
1791046951,2026-10-04T01:02:31,io.md2.r_await,0.0
1791046951,2026-10-04T01:02:31,io.md2.w/s,57.7
1791046951,2026-10-04T01:02:31,io.md2.wkB/s,283.6
1791046951,2026-10-04T01:02:31,io.md2.w_await,0.41
1791046951,2026-10-04T01:02:31,io.md2.f/s,0.0
1791046951,2026-10-04T01:02:31,io.md2.aqu-sz,0.02
1791046951,2026-10-04T01:02:31,io.md2.%util,2.01
1791046951,2026-10-04T01:02:31,io.nvme0n1.r/s,0.0
1791046951,2026-10-04T01:02:31,io.nvme0n1.rkB/s,0.0
1791046951,2026-10-04T01:02:31,io.nvme0n1.r_await,0.0
1791046951,2026-10-04T01:02:31,io.nvme0n1.w/s,23.4
1791046951,2026-10-04T01:02:31,io.nvme0n1.wkB/s,143.2
1791046951,2026-10-04T01:02:31,io.nvme0n1.w_await,0.93
1791046951,2026-10-04T01:02:31,io.nvme0n1.f/s,5.0
1791046951,2026-10-04T01:02:31,io.nvme0n1.aqu-sz,0.03
1791046951,2026-10-04T01:02:31,io.nvme0n1.%util,1.91
1791046951,2026-10-04T01:02:31,io.nvme1n1.r/s,0.0
1791046951,2026-10-04T01:02:31,io.nvme1n1.rkB/s,0.0
1791046951,2026-10-04T01:02:31,io.nvme1n1.r_await,0.0
1791046951,2026-10-04T01:02:31,io.nvme1n1.w/s,21.5
1791046951,2026-10-04T01:02:31,io.nvme1n1.wkB/s,140.4
1791046951,2026-10-04T01:02:31,io.nvme1n1.w_await,0.67
1791046951,2026-10-04T01:02:31,io.nvme1n1.f/s,5.0
1791046951,2026-10-04T01:02:31,io.nvme1n1.aqu-sz,0.02
1791046951,2026-10-04T01:02:31,io.nvme1n1.%util,1.16
1791046961,2026-10-04T01:02:41,host.cpu_pct,11.239410103545655
1791046961,2026-10-04T01:02:41,host.run_cpu_pct,11.062073318378236
1791046961,2026-10-04T01:02:41,host.nonrun_cpu_pct,0.17733678516741946
1791046961,2026-10-04T01:02:41,docker.dev-peer0.org2.example.com-saksi-bulletin_1.0-ee3fe73bad456e43adfc5ba27d9e5a60983b69e8496140308fb21061ecb2ff85.cpu_pct,0.0
1791046961,2026-10-04T01:02:41,docker.dev-peer0.org2.example.com-saksi-bulletin_1.0-ee3fe73bad456e43adfc5ba27d9e5a60983b69e8496140308fb21061ecb2ff85.mem_bytes,6746537.984
1791046961,2026-10-04T01:02:41,docker.dev-peer0.org2.example.com-saksi-bulletin_1.0-ee3fe73bad456e43adfc5ba27d9e5a60983b69e8496140308fb21061ecb2ff85.blk_read_bytes,0.0
1791046961,2026-10-04T01:02:41,docker.dev-peer0.org2.example.com-saksi-bulletin_1.0-ee3fe73bad456e43adfc5ba27d9e5a60983b69e8496140308fb21061ecb2ff85.blk_write_bytes,0.0
1791046961,2026-10-04T01:02:41,docker.dev-peer0.org1.example.com-saksi-bulletin_1.0-ee3fe73bad456e43adfc5ba27d9e5a60983b69e8496140308fb21061ecb2ff85.cpu_pct,0.0
1791046961,2026-10-04T01:02:41,docker.dev-peer0.org1.example.com-saksi-bulletin_1.0-ee3fe73bad456e43adfc5ba27d9e5a60983b69e8496140308fb21061ecb2ff85.mem_bytes,36647731.2
1791046961,2026-10-04T01:02:41,docker.dev-peer0.org1.example.com-saksi-bulletin_1.0-ee3fe73bad456e43adfc5ba27d9e5a60983b69e8496140308fb21061ecb2ff85.blk_read_bytes,0.0
1791046961,2026-10-04T01:02:41,docker.dev-peer0.org1.example.com-saksi-bulletin_1.0-ee3fe73bad456e43adfc5ba27d9e5a60983b69e8496140308fb21061ecb2ff85.blk_write_bytes,0.0
1791046961,2026-10-04T01:02:41,docker.peer0.org1.example.com.cpu_pct,1.79
1791046961,2026-10-04T01:02:41,docker.peer0.org1.example.com.mem_bytes,220830105.6
1791046961,2026-10-04T01:02:41,docker.peer0.org1.example.com.blk_read_bytes,0.0
1791046961,2026-10-04T01:02:41,docker.peer0.org1.example.com.blk_write_bytes,687000000.0
1791046961,2026-10-04T01:02:41,docker.peer0.org2.example.com.cpu_pct,1.51
1791046961,2026-10-04T01:02:41,docker.peer0.org2.example.com.mem_bytes,154035814.4
1791046961,2026-10-04T01:02:41,docker.peer0.org2.example.com.blk_read_bytes,0.0
1791046961,2026-10-04T01:02:41,docker.peer0.org2.example.com.blk_write_bytes,687000000.0
1791046961,2026-10-04T01:02:41,docker.orderer.example.com.cpu_pct,0.1
1791046961,2026-10-04T01:02:41,docker.orderer.example.com.mem_bytes,394474291.2
1791046961,2026-10-04T01:02:41,docker.orderer.example.com.blk_read_bytes,0.0
1791046961,2026-10-04T01:02:41,docker.orderer.example.com.blk_write_bytes,695000000.0
1791046961,2026-10-04T01:02:41,host.MemTotal_kb,64932116
1791046961,2026-10-04T01:02:41,host.MemAvailable_kb,62807184
1791046961,2026-10-04T01:02:41,host.Cached_kb,7774176
1791046961,2026-10-04T01:02:41,host.SwapTotal_kb,0
1791046961,2026-10-04T01:02:41,host.SwapFree_kb,0
1791046961,2026-10-04T01:02:41,host.Dirty_kb,36336
1791046961,2026-10-04T01:02:41,host.load1,3.12
1791046961,2026-10-04T01:02:41,host.load5,1.93
1791046961,2026-10-04T01:02:41,host.root_free_bytes,935115718656
1791046961,2026-10-04T01:02:41,host.root_used_bytes,9857118208
1791046961,2026-10-04T01:02:41,io.md2.r/s,0.0
1791046961,2026-10-04T01:02:41,io.md2.rkB/s,0.0
1791046961,2026-10-04T01:02:41,io.md2.r_await,0.0
1791046961,2026-10-04T01:02:41,io.md2.w/s,815.3
1791046961,2026-10-04T01:02:41,io.md2.wkB/s,20366.4
1791046961,2026-10-04T01:02:41,io.md2.w_await,0.37
1791046961,2026-10-04T01:02:41,io.md2.f/s,0.0
1791046961,2026-10-04T01:02:41,io.md2.aqu-sz,0.3
1791046961,2026-10-04T01:02:41,io.md2.%util,25.73
1791046961,2026-10-04T01:02:41,io.nvme0n1.r/s,0.0
1791046961,2026-10-04T01:02:41,io.nvme0n1.rkB/s,0.0
1791046961,2026-10-04T01:02:41,io.nvme0n1.r_await,0.0
1791046961,2026-10-04T01:02:41,io.nvme0n1.w/s,276.1
1791046961,2026-10-04T01:02:41,io.nvme0n1.wkB/s,10048.4
1791046961,2026-10-04T01:02:41,io.nvme0n1.w_await,0.78
1791046961,2026-10-04T01:02:41,io.nvme0n1.f/s,65.4
1791046961,2026-10-04T01:02:41,io.nvme0n1.aqu-sz,0.29
1791046961,2026-10-04T01:02:41,io.nvme0n1.%util,17.72
1791046961,2026-10-04T01:02:41,io.nvme1n1.r/s,0.0
1791046961,2026-10-04T01:02:41,io.nvme1n1.rkB/s,0.0
1791046961,2026-10-04T01:02:41,io.nvme1n1.r_await,0.0
1791046961,2026-10-04T01:02:41,io.nvme1n1.w/s,268.5
1791046961,2026-10-04T01:02:41,io.nvme1n1.wkB/s,10318.0
1791046961,2026-10-04T01:02:41,io.nvme1n1.w_await,0.77
1791046961,2026-10-04T01:02:41,io.nvme1n1.f/s,65.4
1791046961,2026-10-04T01:02:41,io.nvme1n1.aqu-sz,0.28
1791046961,2026-10-04T01:02:41,io.nvme1n1.%util,17.28
1791046971,2026-10-04T01:02:51,host.cpu_pct,22.257290746117913
1791046971,2026-10-04T01:02:51,host.run_cpu_pct,22.155820626613384
1791046971,2026-10-04T01:02:51,host.nonrun_cpu_pct,0.10147011950452978
1791046971,2026-10-04T01:02:51,docker.dev-peer0.org2.example.com-saksi-bulletin_1.0-ee3fe73bad456e43adfc5ba27d9e5a60983b69e8496140308fb21061ecb2ff85.cpu_pct,0.0
1791046971,2026-10-04T01:02:51,docker.dev-peer0.org2.example.com-saksi-bulletin_1.0-ee3fe73bad456e43adfc5ba27d9e5a60983b69e8496140308fb21061ecb2ff85.mem_bytes,6746537.984
1791046971,2026-10-04T01:02:51,docker.dev-peer0.org2.example.com-saksi-bulletin_1.0-ee3fe73bad456e43adfc5ba27d9e5a60983b69e8496140308fb21061ecb2ff85.blk_read_bytes,0.0
1791046971,2026-10-04T01:02:51,docker.dev-peer0.org2.example.com-saksi-bulletin_1.0-ee3fe73bad456e43adfc5ba27d9e5a60983b69e8496140308fb21061ecb2ff85.blk_write_bytes,0.0
1791046971,2026-10-04T01:02:51,docker.dev-peer0.org1.example.com-saksi-bulletin_1.0-ee3fe73bad456e43adfc5ba27d9e5a60983b69e8496140308fb21061ecb2ff85.cpu_pct,0.59
1791046971,2026-10-04T01:02:51,docker.dev-peer0.org1.example.com-saksi-bulletin_1.0-ee3fe73bad456e43adfc5ba27d9e5a60983b69e8496140308fb21061ecb2ff85.mem_bytes,14596177.92
1791046971,2026-10-04T01:02:51,docker.dev-peer0.org1.example.com-saksi-bulletin_1.0-ee3fe73bad456e43adfc5ba27d9e5a60983b69e8496140308fb21061ecb2ff85.blk_read_bytes,0.0
1791046971,2026-10-04T01:02:51,docker.dev-peer0.org1.example.com-saksi-bulletin_1.0-ee3fe73bad456e43adfc5ba27d9e5a60983b69e8496140308fb21061ecb2ff85.blk_write_bytes,0.0
1791046971,2026-10-04T01:02:51,docker.peer0.org1.example.com.cpu_pct,4.14
1791046971,2026-10-04T01:02:51,docker.peer0.org1.example.com.mem_bytes,201850880.0
1791046971,2026-10-04T01:02:51,docker.peer0.org1.example.com.blk_read_bytes,0.0
1791046971,2026-10-04T01:02:51,docker.peer0.org1.example.com.blk_write_bytes,813000000.0
1791046971,2026-10-04T01:02:51,docker.peer0.org2.example.com.cpu_pct,2.17
1791046971,2026-10-04T01:02:51,docker.peer0.org2.example.com.mem_bytes,160222412.8
1791046971,2026-10-04T01:02:51,docker.peer0.org2.example.com.blk_read_bytes,0.0
1791046971,2026-10-04T01:02:51,docker.peer0.org2.example.com.blk_write_bytes,813000000.0
1791046971,2026-10-04T01:02:51,docker.orderer.example.com.cpu_pct,0.11
1791046971,2026-10-04T01:02:51,docker.orderer.example.com.mem_bytes,452984832.0
1791046971,2026-10-04T01:02:51,docker.orderer.example.com.blk_read_bytes,0.0
1791046971,2026-10-04T01:02:51,docker.orderer.example.com.blk_write_bytes,809000000.0
1791046971,2026-10-04T01:02:51,host.MemTotal_kb,64932116
1791046971,2026-10-04T01:02:51,host.MemAvailable_kb,62776340
1791046971,2026-10-04T01:02:51,host.Cached_kb,7908072
1791046971,2026-10-04T01:02:51,host.SwapTotal_kb,0
1791046971,2026-10-04T01:02:51,host.SwapFree_kb,0
1791046971,2026-10-04T01:02:51,host.Dirty_kb,41288
1791046971,2026-10-04T01:02:51,host.load1,2.96
1791046971,2026-10-04T01:02:51,host.load5,1.94
1791046971,2026-10-04T01:02:51,host.root_free_bytes,934942777344
1791046971,2026-10-04T01:02:51,host.root_used_bytes,10030059520
1791046971,2026-10-04T01:02:51,io.md2.r/s,0.0
1791046971,2026-10-04T01:02:51,io.md2.rkB/s,0.0
1791046971,2026-10-04T01:02:51,io.md2.r_await,0.0
1791046971,2026-10-04T01:02:51,io.md2.w/s,106.8
1791046971,2026-10-04T01:02:51,io.md2.wkB/s,2720.4
1791046971,2026-10-04T01:02:51,io.md2.w_await,0.3
1791046971,2026-10-04T01:02:51,io.md2.f/s,0.0
1791046971,2026-10-04T01:02:51,io.md2.aqu-sz,0.03
1791046971,2026-10-04T01:02:51,io.md2.%util,11.54
1791046971,2026-10-04T01:02:51,io.nvme0n1.r/s,0.0
1791046971,2026-10-04T01:02:51,io.nvme0n1.rkB/s,0.0
1791046971,2026-10-04T01:02:51,io.nvme0n1.r_await,0.0
1791046971,2026-10-04T01:02:51,io.nvme0n1.w/s,47.6
1791046971,2026-10-04T01:02:51,io.nvme0n1.wkB/s,1386.4
1791046971,2026-10-04T01:02:51,io.nvme0n1.w_await,0.55
1791046971,2026-10-04T01:02:51,io.nvme0n1.f/s,5.6
1791046971,2026-10-04T01:02:51,io.nvme0n1.aqu-sz,0.03
1791046971,2026-10-04T01:02:51,io.nvme0n1.%util,1.9
1791046971,2026-10-04T01:02:51,io.nvme1n1.r/s,0.0
1791046971,2026-10-04T01:02:51,io.nvme1n1.rkB/s,0.0
1791046971,2026-10-04T01:02:51,io.nvme1n1.r_await,0.0
1791046971,2026-10-04T01:02:51,io.nvme1n1.w/s,41.4
1791046971,2026-10-04T01:02:51,io.nvme1n1.wkB/s,1334.0
1791046971,2026-10-04T01:02:51,io.nvme1n1.w_await,0.49
1791046971,2026-10-04T01:02:51,io.nvme1n1.f/s,5.6
1791046971,2026-10-04T01:02:51,io.nvme1n1.aqu-sz,0.03
1791046971,2026-10-04T01:02:51,io.nvme1n1.%util,1.37
1791046981,2026-10-04T01:03:01,host.cpu_pct,0.7708698922035598
1791046981,2026-10-04T01:03:01,host.run_cpu_pct,0.5519115063595417
1791046981,2026-10-04T01:03:01,host.nonrun_cpu_pct,0.21895838584401817
1791046981,2026-10-04T01:03:01,docker.dev-peer0.org2.example.com-saksi-bulletin_1.0-ee3fe73bad456e43adfc5ba27d9e5a60983b69e8496140308fb21061ecb2ff85.cpu_pct,0.0
1791046981,2026-10-04T01:03:01,docker.dev-peer0.org2.example.com-saksi-bulletin_1.0-ee3fe73bad456e43adfc5ba27d9e5a60983b69e8496140308fb21061ecb2ff85.mem_bytes,6753878.016
1791046981,2026-10-04T01:03:01,docker.dev-peer0.org2.example.com-saksi-bulletin_1.0-ee3fe73bad456e43adfc5ba27d9e5a60983b69e8496140308fb21061ecb2ff85.blk_read_bytes,0.0
1791046981,2026-10-04T01:03:01,docker.dev-peer0.org2.example.com-saksi-bulletin_1.0-ee3fe73bad456e43adfc5ba27d9e5a60983b69e8496140308fb21061ecb2ff85.blk_write_bytes,0.0
1791046981,2026-10-04T01:03:01,docker.dev-peer0.org1.example.com-saksi-bulletin_1.0-ee3fe73bad456e43adfc5ba27d9e5a60983b69e8496140308fb21061ecb2ff85.cpu_pct,0.0
1791046981,2026-10-04T01:03:01,docker.dev-peer0.org1.example.com-saksi-bulletin_1.0-ee3fe73bad456e43adfc5ba27d9e5a60983b69e8496140308fb21061ecb2ff85.mem_bytes,14155776.0
1791046981,2026-10-04T01:03:01,docker.dev-peer0.org1.example.com-saksi-bulletin_1.0-ee3fe73bad456e43adfc5ba27d9e5a60983b69e8496140308fb21061ecb2ff85.blk_read_bytes,0.0
1791046981,2026-10-04T01:03:01,docker.dev-peer0.org1.example.com-saksi-bulletin_1.0-ee3fe73bad456e43adfc5ba27d9e5a60983b69e8496140308fb21061ecb2ff85.blk_write_bytes,0.0
1791046981,2026-10-04T01:03:01,docker.peer0.org1.example.com.cpu_pct,1.7
1791046981,2026-10-04T01:03:01,docker.peer0.org1.example.com.mem_bytes,211812352.0
1791046981,2026-10-04T01:03:01,docker.peer0.org1.example.com.blk_read_bytes,0.0
1791046981,2026-10-04T01:03:01,docker.peer0.org1.example.com.blk_write_bytes,814000000.0
1791046981,2026-10-04T01:03:01,docker.peer0.org2.example.com.cpu_pct,1.77
1791046981,2026-10-04T01:03:01,docker.peer0.org2.example.com.mem_bytes,161270988.8
1791046981,2026-10-04T01:03:01,docker.peer0.org2.example.com.blk_read_bytes,0.0
1791046981,2026-10-04T01:03:01,docker.peer0.org2.example.com.blk_write_bytes,814000000.0
1791046981,2026-10-04T01:03:01,docker.orderer.example.com.cpu_pct,0.09
1791046981,2026-10-04T01:03:01,docker.orderer.example.com.mem_bytes,453509120.0
1791046981,2026-10-04T01:03:01,docker.orderer.example.com.blk_read_bytes,0.0
1791046981,2026-10-04T01:03:01,docker.orderer.example.com.blk_write_bytes,811000000.0
1791046981,2026-10-04T01:03:01,host.MemTotal_kb,64932116
1791046981,2026-10-04T01:03:01,host.MemAvailable_kb,62798012
1791046981,2026-10-04T01:03:01,host.Cached_kb,7909392
1791046981,2026-10-04T01:03:01,host.SwapTotal_kb,0
1791046981,2026-10-04T01:03:01,host.SwapFree_kb,0
1791046981,2026-10-04T01:03:01,host.Dirty_kb,820
1791046981,2026-10-04T01:03:01,host.load1,2.67
1791046981,2026-10-04T01:03:01,host.load5,1.91
1791046981,2026-10-04T01:03:01,host.root_free_bytes,934941650944
1791046981,2026-10-04T01:03:01,host.root_used_bytes,10031185920
1791046981,2026-10-04T01:03:01,io.md2.r/s,0.0
1791046981,2026-10-04T01:03:01,io.md2.rkB/s,0.0
1791046981,2026-10-04T01:03:01,io.md2.r_await,0.0
1791046981,2026-10-04T01:03:01,io.md2.w/s,796.4
1791046981,2026-10-04T01:03:01,io.md2.wkB/s,20326.4
1791046981,2026-10-04T01:03:01,io.md2.w_await,0.37
1791046981,2026-10-04T01:03:01,io.md2.f/s,0.0
1791046981,2026-10-04T01:03:01,io.md2.aqu-sz,0.3
1791046981,2026-10-04T01:03:01,io.md2.%util,26.06
1791046981,2026-10-04T01:03:01,io.nvme0n1.r/s,0.0
1791046981,2026-10-04T01:03:01,io.nvme0n1.rkB/s,0.0
1791046981,2026-10-04T01:03:01,io.nvme0n1.r_await,0.0
1791046981,2026-10-04T01:03:01,io.nvme0n1.w/s,276.2
1791046981,2026-10-04T01:03:01,io.nvme0n1.wkB/s,10098.0
1791046981,2026-10-04T01:03:01,io.nvme0n1.w_await,0.77
1791046981,2026-10-04T01:03:01,io.nvme0n1.f/s,66.2
1791046981,2026-10-04T01:03:01,io.nvme0n1.aqu-sz,0.29
1791046981,2026-10-04T01:03:01,io.nvme0n1.%util,17.49
1791046981,2026-10-04T01:03:01,io.nvme1n1.r/s,0.0
1791046981,2026-10-04T01:03:01,io.nvme1n1.rkB/s,0.0
1791046981,2026-10-04T01:03:01,io.nvme1n1.r_await,0.0
1791046981,2026-10-04T01:03:01,io.nvme1n1.w/s,266.1
1791046981,2026-10-04T01:03:01,io.nvme1n1.wkB/s,10228.4
1791046981,2026-10-04T01:03:01,io.nvme1n1.w_await,0.8
1791046981,2026-10-04T01:03:01,io.nvme1n1.f/s,66.2
1791046981,2026-10-04T01:03:01,io.nvme1n1.aqu-sz,0.28
1791046981,2026-10-04T01:03:01,io.nvme1n1.%util,17.83
1791046991,2026-10-04T01:03:11,host.cpu_pct,18.491988689915175
1791046991,2026-10-04T01:03:11,host.run_cpu_pct,18.338822588571208
1791046991,2026-10-04T01:03:11,host.nonrun_cpu_pct,0.1531661013439667
1791046991,2026-10-04T01:03:11,docker.dev-peer0.org2.example.com-saksi-bulletin_1.0-ee3fe73bad456e43adfc5ba27d9e5a60983b69e8496140308fb21061ecb2ff85.cpu_pct,0.0
1791046991,2026-10-04T01:03:11,docker.dev-peer0.org2.example.com-saksi-bulletin_1.0-ee3fe73bad456e43adfc5ba27d9e5a60983b69e8496140308fb21061ecb2ff85.mem_bytes,6753878.016
1791046991,2026-10-04T01:03:11,docker.dev-peer0.org2.example.com-saksi-bulletin_1.0-ee3fe73bad456e43adfc5ba27d9e5a60983b69e8496140308fb21061ecb2ff85.blk_read_bytes,0.0
1791046991,2026-10-04T01:03:11,docker.dev-peer0.org2.example.com-saksi-bulletin_1.0-ee3fe73bad456e43adfc5ba27d9e5a60983b69e8496140308fb21061ecb2ff85.blk_write_bytes,0.0
1791046991,2026-10-04T01:03:11,docker.dev-peer0.org1.example.com-saksi-bulletin_1.0-ee3fe73bad456e43adfc5ba27d9e5a60983b69e8496140308fb21061ecb2ff85.cpu_pct,361.36
1791046991,2026-10-04T01:03:11,docker.dev-peer0.org1.example.com-saksi-bulletin_1.0-ee3fe73bad456e43adfc5ba27d9e5a60983b69e8496140308fb21061ecb2ff85.mem_bytes,18360565.76
1791046991,2026-10-04T01:03:11,docker.dev-peer0.org1.example.com-saksi-bulletin_1.0-ee3fe73bad456e43adfc5ba27d9e5a60983b69e8496140308fb21061ecb2ff85.blk_read_bytes,0.0
1791046991,2026-10-04T01:03:11,docker.dev-peer0.org1.example.com-saksi-bulletin_1.0-ee3fe73bad456e43adfc5ba27d9e5a60983b69e8496140308fb21061ecb2ff85.blk_write_bytes,0.0
1791046991,2026-10-04T01:03:11,docker.peer0.org1.example.com.cpu_pct,185.3
1791046991,2026-10-04T01:03:11,docker.peer0.org1.example.com.mem_bytes,174902476.8
1791046991,2026-10-04T01:03:11,docker.peer0.org1.example.com.blk_read_bytes,0.0
1791046991,2026-10-04T01:03:11,docker.peer0.org1.example.com.blk_write_bytes,898000000.0
1791046991,2026-10-04T01:03:11,docker.peer0.org2.example.com.cpu_pct,51.84
1791046991,2026-10-04T01:03:11,docker.peer0.org2.example.com.mem_bytes,160536985.6
1791046991,2026-10-04T01:03:11,docker.peer0.org2.example.com.blk_read_bytes,0.0
1791046991,2026-10-04T01:03:11,docker.peer0.org2.example.com.blk_write_bytes,898000000.0
1791046991,2026-10-04T01:03:11,docker.orderer.example.com.cpu_pct,40.16
1791046991,2026-10-04T01:03:11,docker.orderer.example.com.mem_bytes,472698060.8
1791046991,2026-10-04T01:03:11,docker.orderer.example.com.blk_read_bytes,0.0
1791046991,2026-10-04T01:03:11,docker.orderer.example.com.blk_write_bytes,860000000.0
1791046991,2026-10-04T01:03:11,host.MemTotal_kb,64932116
1791046991,2026-10-04T01:03:11,host.MemAvailable_kb,62786680
1791046991,2026-10-04T01:03:11,host.Cached_kb,8039100
1791046991,2026-10-04T01:03:11,host.SwapTotal_kb,0
1791046991,2026-10-04T01:03:11,host.SwapFree_kb,0
1791046991,2026-10-04T01:03:11,host.Dirty_kb,41572
1791046991,2026-10-04T01:03:11,host.load1,2.33
1791046991,2026-10-04T01:03:11,host.load5,1.86
1791046991,2026-10-04T01:03:11,host.root_free_bytes,934829051904
1791046991,2026-10-04T01:03:11,host.root_used_bytes,10143784960
1791046991,2026-10-04T01:03:11,io.md2.r/s,0.0
1791046991,2026-10-04T01:03:11,io.md2.rkB/s,0.0
1791046991,2026-10-04T01:03:11,io.md2.r_await,0.0
1791046991,2026-10-04T01:03:11,io.md2.w/s,128.3
1791046991,2026-10-04T01:03:11,io.md2.wkB/s,4520.8
1791046991,2026-10-04T01:03:11,io.md2.w_await,0.39
1791046991,2026-10-04T01:03:11,io.md2.f/s,0.0
1791046991,2026-10-04T01:03:11,io.md2.aqu-sz,0.05
1791046991,2026-10-04T01:03:11,io.md2.%util,17.94
1791046991,2026-10-04T01:03:11,io.nvme0n1.r/s,0.0
1791046991,2026-10-04T01:03:11,io.nvme0n1.rkB/s,0.0
1791046991,2026-10-04T01:03:11,io.nvme0n1.r_await,0.0
1791046991,2026-10-04T01:03:11,io.nvme0n1.w/s,57.6
1791046991,2026-10-04T01:03:11,io.nvme0n1.wkB/s,2320.0
1791046991,2026-10-04T01:03:11,io.nvme0n1.w_await,0.56
1791046991,2026-10-04T01:03:11,io.nvme0n1.f/s,5.8
1791046991,2026-10-04T01:03:11,io.nvme0n1.aqu-sz,0.04
1791046991,2026-10-04T01:03:11,io.nvme0n1.%util,2.34
1791046991,2026-10-04T01:03:11,io.nvme1n1.r/s,0.0
1791046991,2026-10-04T01:03:11,io.nvme1n1.rkB/s,0.0
1791046991,2026-10-04T01:03:11,io.nvme1n1.r_await,0.0
1791046991,2026-10-04T01:03:11,io.nvme1n1.w/s,48.4
1791046991,2026-10-04T01:03:11,io.nvme1n1.wkB/s,2200.8
1791046991,2026-10-04T01:03:11,io.nvme1n1.w_await,0.45
1791046991,2026-10-04T01:03:11,io.nvme1n1.f/s,5.8
1791046991,2026-10-04T01:03:11,io.nvme1n1.aqu-sz,0.03
1791046991,2026-10-04T01:03:11,io.nvme1n1.%util,1.21
1791047001,2026-10-04T01:03:21,host.cpu_pct,14.923115704562642
1791047001,2026-10-04T01:03:21,host.run_cpu_pct,14.805921992401805
1791047001,2026-10-04T01:03:21,host.nonrun_cpu_pct,0.1171937121608373
1791047001,2026-10-04T01:03:21,docker.dev-peer0.org2.example.com-saksi-bulletin_1.0-ee3fe73bad456e43adfc5ba27d9e5a60983b69e8496140308fb21061ecb2ff85.cpu_pct,0.0
1791047001,2026-10-04T01:03:21,docker.dev-peer0.org2.example.com-saksi-bulletin_1.0-ee3fe73bad456e43adfc5ba27d9e5a60983b69e8496140308fb21061ecb2ff85.mem_bytes,6753878.016
1791047001,2026-10-04T01:03:21,docker.dev-peer0.org2.example.com-saksi-bulletin_1.0-ee3fe73bad456e43adfc5ba27d9e5a60983b69e8496140308fb21061ecb2ff85.blk_read_bytes,0.0
1791047001,2026-10-04T01:03:21,docker.dev-peer0.org2.example.com-saksi-bulletin_1.0-ee3fe73bad456e43adfc5ba27d9e5a60983b69e8496140308fb21061ecb2ff85.blk_write_bytes,0.0
1791047001,2026-10-04T01:03:21,docker.dev-peer0.org1.example.com-saksi-bulletin_1.0-ee3fe73bad456e43adfc5ba27d9e5a60983b69e8496140308fb21061ecb2ff85.cpu_pct,0.54
1791047001,2026-10-04T01:03:21,docker.dev-peer0.org1.example.com-saksi-bulletin_1.0-ee3fe73bad456e43adfc5ba27d9e5a60983b69e8496140308fb21061ecb2ff85.mem_bytes,14061404.16
1791047001,2026-10-04T01:03:21,docker.dev-peer0.org1.example.com-saksi-bulletin_1.0-ee3fe73bad456e43adfc5ba27d9e5a60983b69e8496140308fb21061ecb2ff85.blk_read_bytes,0.0
1791047001,2026-10-04T01:03:21,docker.dev-peer0.org1.example.com-saksi-bulletin_1.0-ee3fe73bad456e43adfc5ba27d9e5a60983b69e8496140308fb21061ecb2ff85.blk_write_bytes,0.0
1791047001,2026-10-04T01:03:21,docker.peer0.org1.example.com.cpu_pct,8.45
1791047001,2026-10-04T01:03:21,docker.peer0.org1.example.com.mem_bytes,206254899.2
1791047001,2026-10-04T01:03:21,docker.peer0.org1.example.com.blk_read_bytes,0.0
1791047001,2026-10-04T01:03:21,docker.peer0.org1.example.com.blk_write_bytes,947000000.0
1791047001,2026-10-04T01:03:21,docker.peer0.org2.example.com.cpu_pct,2.34
1791047001,2026-10-04T01:03:21,docker.peer0.org2.example.com.mem_bytes,166304153.6
1791047001,2026-10-04T01:03:21,docker.peer0.org2.example.com.blk_read_bytes,0.0
1791047001,2026-10-04T01:03:21,docker.peer0.org2.example.com.blk_write_bytes,947000000.0
1791047001,2026-10-04T01:03:21,docker.orderer.example.com.cpu_pct,0.08
1791047001,2026-10-04T01:03:21,docker.orderer.example.com.mem_bytes,506986496.0
1791047001,2026-10-04T01:03:21,docker.orderer.example.com.blk_read_bytes,0.0
1791047001,2026-10-04T01:03:21,docker.orderer.example.com.blk_write_bytes,926000000.0
1791047001,2026-10-04T01:03:21,host.MemTotal_kb,64932116
1791047001,2026-10-04T01:03:21,host.MemAvailable_kb,62731708
1791047001,2026-10-04T01:03:21,host.Cached_kb,8079840
1791047001,2026-10-04T01:03:21,host.SwapTotal_kb,0
1791047001,2026-10-04T01:03:21,host.SwapFree_kb,0
1791047001,2026-10-04T01:03:21,host.Dirty_kb,784
1791047001,2026-10-04T01:03:21,host.load1,2.43
1791047001,2026-10-04T01:03:21,host.load5,1.9
1791047001,2026-10-04T01:03:21,host.root_free_bytes,934795546624
1791047001,2026-10-04T01:03:21,host.root_used_bytes,10177290240
1791047001,2026-10-04T01:03:21,io.md2.r/s,0.0
1791047001,2026-10-04T01:03:21,io.md2.rkB/s,0.0
1791047001,2026-10-04T01:03:21,io.md2.r_await,0.0
1791047001,2026-10-04T01:03:21,io.md2.w/s,166.0
1791047001,2026-10-04T01:03:21,io.md2.wkB/s,2334.0
1791047001,2026-10-04T01:03:21,io.md2.w_await,0.33
1791047001,2026-10-04T01:03:21,io.md2.f/s,0.0
1791047001,2026-10-04T01:03:21,io.md2.aqu-sz,0.05
1791047001,2026-10-04T01:03:21,io.md2.%util,14.41
1791047001,2026-10-04T01:03:21,io.nvme0n1.r/s,0.0
1791047001,2026-10-04T01:03:21,io.nvme0n1.rkB/s,0.0
1791047001,2026-10-04T01:03:21,io.nvme0n1.r_await,0.0
1791047001,2026-10-04T01:03:21,io.nvme0n1.w/s,64.3
1791047001,2026-10-04T01:03:21,io.nvme0n1.wkB/s,1192.0
1791047001,2026-10-04T01:03:21,io.nvme0n1.w_await,0.71
1791047001,2026-10-04T01:03:21,io.nvme0n1.f/s,13.4
1791047001,2026-10-04T01:03:21,io.nvme0n1.aqu-sz,0.06
1791047001,2026-10-04T01:03:21,io.nvme0n1.%util,3.41
1791047001,2026-10-04T01:03:21,io.nvme1n1.r/s,0.0
1791047001,2026-10-04T01:03:21,io.nvme1n1.rkB/s,0.0
1791047001,2026-10-04T01:03:21,io.nvme1n1.r_await,0.0
1791047001,2026-10-04T01:03:21,io.nvme1n1.w/s,59.6
1791047001,2026-10-04T01:03:21,io.nvme1n1.wkB/s,1142.0
1791047001,2026-10-04T01:03:21,io.nvme1n1.w_await,0.83
1791047001,2026-10-04T01:03:21,io.nvme1n1.f/s,13.4
1791047001,2026-10-04T01:03:21,io.nvme1n1.aqu-sz,0.06
1791047001,2026-10-04T01:03:21,io.nvme1n1.%util,4.09
1791047011,2026-10-04T01:03:31,host.cpu_pct,16.17277749874435
1791047011,2026-10-04T01:03:31,host.run_cpu_pct,16.021403083381472
1791047011,2026-10-04T01:03:31,host.nonrun_cpu_pct,0.1513744153628771
1791047011,2026-10-04T01:03:31,docker.dev-peer0.org2.example.com-saksi-bulletin_1.0-ee3fe73bad456e43adfc5ba27d9e5a60983b69e8496140308fb21061ecb2ff85.cpu_pct,0.0
1791047011,2026-10-04T01:03:31,docker.dev-peer0.org2.example.com-saksi-bulletin_1.0-ee3fe73bad456e43adfc5ba27d9e5a60983b69e8496140308fb21061ecb2ff85.mem_bytes,6753878.016
1791047011,2026-10-04T01:03:31,docker.dev-peer0.org2.example.com-saksi-bulletin_1.0-ee3fe73bad456e43adfc5ba27d9e5a60983b69e8496140308fb21061ecb2ff85.blk_read_bytes,0.0
1791047011,2026-10-04T01:03:31,docker.dev-peer0.org2.example.com-saksi-bulletin_1.0-ee3fe73bad456e43adfc5ba27d9e5a60983b69e8496140308fb21061ecb2ff85.blk_write_bytes,0.0
1791047011,2026-10-04T01:03:31,docker.dev-peer0.org1.example.com-saksi-bulletin_1.0-ee3fe73bad456e43adfc5ba27d9e5a60983b69e8496140308fb21061ecb2ff85.cpu_pct,0.08
1791047011,2026-10-04T01:03:31,docker.dev-peer0.org1.example.com-saksi-bulletin_1.0-ee3fe73bad456e43adfc5ba27d9e5a60983b69e8496140308fb21061ecb2ff85.mem_bytes,13673431.04
1791047011,2026-10-04T01:03:31,docker.dev-peer0.org1.example.com-saksi-bulletin_1.0-ee3fe73bad456e43adfc5ba27d9e5a60983b69e8496140308fb21061ecb2ff85.blk_read_bytes,0.0
1791047011,2026-10-04T01:03:31,docker.dev-peer0.org1.example.com-saksi-bulletin_1.0-ee3fe73bad456e43adfc5ba27d9e5a60983b69e8496140308fb21061ecb2ff85.blk_write_bytes,0.0
1791047011,2026-10-04T01:03:31,docker.peer0.org1.example.com.cpu_pct,2.25
1791047011,2026-10-04T01:03:31,docker.peer0.org1.example.com.mem_bytes,264975155.2
1791047011,2026-10-04T01:03:31,docker.peer0.org1.example.com.blk_read_bytes,0.0
1791047011,2026-10-04T01:03:31,docker.peer0.org1.example.com.blk_write_bytes,947000000.0
1791047011,2026-10-04T01:03:31,docker.peer0.org2.example.com.cpu_pct,2.03
1791047011,2026-10-04T01:03:31,docker.peer0.org2.example.com.mem_bytes,168401305.6
1791047011,2026-10-04T01:03:31,docker.peer0.org2.example.com.blk_read_bytes,0.0
1791047011,2026-10-04T01:03:31,docker.peer0.org2.example.com.blk_write_bytes,947000000.0
1791047011,2026-10-04T01:03:31,docker.orderer.example.com.cpu_pct,0.06
1791047011,2026-10-04T01:03:31,docker.orderer.example.com.mem_bytes,506986496.0
1791047011,2026-10-04T01:03:31,docker.orderer.example.com.blk_read_bytes,0.0
1791047011,2026-10-04T01:03:31,docker.orderer.example.com.blk_write_bytes,927000000.0
1791047011,2026-10-04T01:03:31,host.MemTotal_kb,64932116
1791047011,2026-10-04T01:03:31,host.MemAvailable_kb,62660332
1791047011,2026-10-04T01:03:31,host.Cached_kb,8115796
1791047011,2026-10-04T01:03:31,host.SwapTotal_kb,0
1791047011,2026-10-04T01:03:31,host.SwapFree_kb,0
1791047011,2026-10-04T01:03:31,host.Dirty_kb,36004
1791047011,2026-10-04T01:03:31,host.load1,3.33
1791047011,2026-10-04T01:03:31,host.load5,2.1
1791047011,2026-10-04T01:03:31,host.root_free_bytes,934758809600
1791047011,2026-10-04T01:03:31,host.root_used_bytes,10214027264
1791047011,2026-10-04T01:03:31,io.md2.r/s,0.0
1791047011,2026-10-04T01:03:31,io.md2.rkB/s,0.0
1791047011,2026-10-04T01:03:31,io.md2.r_await,0.0
1791047011,2026-10-04T01:03:31,io.md2.w/s,737.2
1791047011,2026-10-04T01:03:31,io.md2.wkB/s,20775.6
1791047011,2026-10-04T01:03:31,io.md2.w_await,0.36
1791047011,2026-10-04T01:03:31,io.md2.f/s,0.0
1791047011,2026-10-04T01:03:31,io.md2.aqu-sz,0.27
1791047011,2026-10-04T01:03:31,io.md2.%util,22.57
1791047011,2026-10-04T01:03:31,io.nvme0n1.r/s,0.0
1791047011,2026-10-04T01:03:31,io.nvme0n1.rkB/s,0.0
1791047011,2026-10-04T01:03:31,io.nvme0n1.r_await,0.0
1791047011,2026-10-04T01:03:31,io.nvme0n1.w/s,258.9
1791047011,2026-10-04T01:03:31,io.nvme0n1.wkB/s,10311.2
1791047011,2026-10-04T01:03:31,io.nvme0n1.w_await,0.73
1791047011,2026-10-04T01:03:31,io.nvme0n1.f/s,57.3
1791047011,2026-10-04T01:03:31,io.nvme0n1.aqu-sz,0.25
1791047011,2026-10-04T01:03:31,io.nvme0n1.%util,15.63
1791047011,2026-10-04T01:03:31,io.nvme1n1.r/s,0.0
1791047011,2026-10-04T01:03:31,io.nvme1n1.rkB/s,0.0
1791047011,2026-10-04T01:03:31,io.nvme1n1.r_await,0.0
1791047011,2026-10-04T01:03:31,io.nvme1n1.w/s,245.9
1791047011,2026-10-04T01:03:31,io.nvme1n1.wkB/s,10464.4
1791047011,2026-10-04T01:03:31,io.nvme1n1.w_await,0.76
1791047011,2026-10-04T01:03:31,io.nvme1n1.f/s,57.3
1791047011,2026-10-04T01:03:31,io.nvme1n1.aqu-sz,0.25
1791047011,2026-10-04T01:03:31,io.nvme1n1.%util,15.26
1791047021,2026-10-04T01:03:41,host.cpu_pct,17.064544650751547
1791047021,2026-10-04T01:03:41,host.run_cpu_pct,17.076690469048323
1791047021,2026-10-04T01:03:41,host.nonrun_cpu_pct,0.0
1791047021,2026-10-04T01:03:41,docker.dev-peer0.org2.example.com-saksi-bulletin_1.0-ee3fe73bad456e43adfc5ba27d9e5a60983b69e8496140308fb21061ecb2ff85.cpu_pct,0.0
1791047021,2026-10-04T01:03:41,docker.dev-peer0.org2.example.com-saksi-bulletin_1.0-ee3fe73bad456e43adfc5ba27d9e5a60983b69e8496140308fb21061ecb2ff85.mem_bytes,6753878.016
1791047021,2026-10-04T01:03:41,docker.dev-peer0.org2.example.com-saksi-bulletin_1.0-ee3fe73bad456e43adfc5ba27d9e5a60983b69e8496140308fb21061ecb2ff85.blk_read_bytes,0.0
1791047021,2026-10-04T01:03:41,docker.dev-peer0.org2.example.com-saksi-bulletin_1.0-ee3fe73bad456e43adfc5ba27d9e5a60983b69e8496140308fb21061ecb2ff85.blk_write_bytes,0.0
1791047021,2026-10-04T01:03:41,docker.dev-peer0.org1.example.com-saksi-bulletin_1.0-ee3fe73bad456e43adfc5ba27d9e5a60983b69e8496140308fb21061ecb2ff85.cpu_pct,0.75
1791047021,2026-10-04T01:03:41,docker.dev-peer0.org1.example.com-saksi-bulletin_1.0-ee3fe73bad456e43adfc5ba27d9e5a60983b69e8496140308fb21061ecb2ff85.mem_bytes,15078522.88
1791047021,2026-10-04T01:03:41,docker.dev-peer0.org1.example.com-saksi-bulletin_1.0-ee3fe73bad456e43adfc5ba27d9e5a60983b69e8496140308fb21061ecb2ff85.blk_read_bytes,0.0
1791047021,2026-10-04T01:03:41,docker.dev-peer0.org1.example.com-saksi-bulletin_1.0-ee3fe73bad456e43adfc5ba27d9e5a60983b69e8496140308fb21061ecb2ff85.blk_write_bytes,0.0
1791047021,2026-10-04T01:03:41,docker.peer0.org1.example.com.cpu_pct,6.68
1791047021,2026-10-04T01:03:41,docker.peer0.org1.example.com.mem_bytes,210554060.8
1791047021,2026-10-04T01:03:41,docker.peer0.org1.example.com.blk_read_bytes,0.0
1791047021,2026-10-04T01:03:41,docker.peer0.org1.example.com.blk_write_bytes,1060000000.0
1791047021,2026-10-04T01:03:41,docker.peer0.org2.example.com.cpu_pct,2.27
1791047021,2026-10-04T01:03:41,docker.peer0.org2.example.com.mem_bytes,172385894.4
1791047021,2026-10-04T01:03:41,docker.peer0.org2.example.com.blk_read_bytes,0.0
1791047021,2026-10-04T01:03:41,docker.peer0.org2.example.com.blk_write_bytes,1060000000.0
1791047021,2026-10-04T01:03:41,docker.orderer.example.com.cpu_pct,0.07
1791047021,2026-10-04T01:03:41,docker.orderer.example.com.mem_bytes,564029030.4
1791047021,2026-10-04T01:03:41,docker.orderer.example.com.blk_read_bytes,0.0
1791047021,2026-10-04T01:03:41,docker.orderer.example.com.blk_write_bytes,1040000000.0
1791047021,2026-10-04T01:03:41,host.MemTotal_kb,64932116
1791047021,2026-10-04T01:03:41,host.MemAvailable_kb,62692232
1791047021,2026-10-04T01:03:41,host.Cached_kb,8250012
1791047021,2026-10-04T01:03:41,host.SwapTotal_kb,0
1791047021,2026-10-04T01:03:41,host.SwapFree_kb,0
1791047021,2026-10-04T01:03:41,host.Dirty_kb,27040
1791047021,2026-10-04T01:03:41,host.load1,2.82
1791047021,2026-10-04T01:03:41,host.load5,2.03
1791047021,2026-10-04T01:03:41,host.root_free_bytes,934585389056
1791047021,2026-10-04T01:03:41,host.root_used_bytes,10387447808
1791047021,2026-10-04T01:03:41,io.md2.r/s,0.0
1791047021,2026-10-04T01:03:41,io.md2.rkB/s,0.0
1791047021,2026-10-04T01:03:41,io.md2.r_await,0.0
1791047021,2026-10-04T01:03:41,io.md2.w/s,84.32
1791047021,2026-10-04T01:03:41,io.md2.wkB/s,2595.4
1791047021,2026-10-04T01:03:41,io.md2.w_await,0.37
1791047021,2026-10-04T01:03:41,io.md2.f/s,0.0
1791047021,2026-10-04T01:03:41,io.md2.aqu-sz,0.03
1791047021,2026-10-04T01:03:41,io.md2.%util,2.16
1791047021,2026-10-04T01:03:41,io.nvme0n1.r/s,0.0
1791047021,2026-10-04T01:03:41,io.nvme0n1.rkB/s,0.0
1791047021,2026-10-04T01:03:41,io.nvme0n1.r_await,0.0
1791047021,2026-10-04T01:03:41,io.nvme0n1.w/s,35.96
1791047021,2026-10-04T01:03:41,io.nvme0n1.wkB/s,1254.35
1791047021,2026-10-04T01:03:41,io.nvme0n1.w_await,0.62
1791047021,2026-10-04T01:03:41,io.nvme0n1.f/s,5.29
1791047021,2026-10-04T01:03:41,io.nvme0n1.aqu-sz,0.03
1791047021,2026-10-04T01:03:41,io.nvme0n1.%util,1.74
1791047021,2026-10-04T01:03:41,io.nvme1n1.r/s,0.0
1791047021,2026-10-04T01:03:41,io.nvme1n1.rkB/s,0.0
1791047021,2026-10-04T01:03:41,io.nvme1n1.r_await,0.0
1791047021,2026-10-04T01:03:41,io.nvme1n1.w/s,32.97
1791047021,2026-10-04T01:03:41,io.nvme1n1.wkB/s,1341.06
1791047021,2026-10-04T01:03:41,io.nvme1n1.w_await,0.62
1791047021,2026-10-04T01:03:41,io.nvme1n1.f/s,5.29
1791047021,2026-10-04T01:03:41,io.nvme1n1.aqu-sz,0.03
1791047021,2026-10-04T01:03:41,io.nvme1n1.%util,1.51
1791047031,2026-10-04T01:03:51,host.cpu_pct,0.7393483709273183
1791047031,2026-10-04T01:03:51,host.run_cpu_pct,0.5102262827685503
1791047031,2026-10-04T01:03:51,host.nonrun_cpu_pct,0.229122088158768
1791047031,2026-10-04T01:03:51,docker.dev-peer0.org2.example.com-saksi-bulletin_1.0-ee3fe73bad456e43adfc5ba27d9e5a60983b69e8496140308fb21061ecb2ff85.cpu_pct,0.0
1791047031,2026-10-04T01:03:51,docker.dev-peer0.org2.example.com-saksi-bulletin_1.0-ee3fe73bad456e43adfc5ba27d9e5a60983b69e8496140308fb21061ecb2ff85.mem_bytes,6753878.016
1791047031,2026-10-04T01:03:51,docker.dev-peer0.org2.example.com-saksi-bulletin_1.0-ee3fe73bad456e43adfc5ba27d9e5a60983b69e8496140308fb21061ecb2ff85.blk_read_bytes,0.0
1791047031,2026-10-04T01:03:51,docker.dev-peer0.org2.example.com-saksi-bulletin_1.0-ee3fe73bad456e43adfc5ba27d9e5a60983b69e8496140308fb21061ecb2ff85.blk_write_bytes,0.0
1791047031,2026-10-04T01:03:51,docker.dev-peer0.org1.example.com-saksi-bulletin_1.0-ee3fe73bad456e43adfc5ba27d9e5a60983b69e8496140308fb21061ecb2ff85.cpu_pct,58.22
1791047031,2026-10-04T01:03:51,docker.dev-peer0.org1.example.com-saksi-bulletin_1.0-ee3fe73bad456e43adfc5ba27d9e5a60983b69e8496140308fb21061ecb2ff85.mem_bytes,40632320.0
1791047031,2026-10-04T01:03:51,docker.dev-peer0.org1.example.com-saksi-bulletin_1.0-ee3fe73bad456e43adfc5ba27d9e5a60983b69e8496140308fb21061ecb2ff85.blk_read_bytes,0.0
1791047031,2026-10-04T01:03:51,docker.dev-peer0.org1.example.com-saksi-bulletin_1.0-ee3fe73bad456e43adfc5ba27d9e5a60983b69e8496140308fb21061ecb2ff85.blk_write_bytes,0.0
1791047031,2026-10-04T01:03:51,docker.peer0.org1.example.com.cpu_pct,0.61
1791047031,2026-10-04T01:03:51,docker.peer0.org1.example.com.mem_bytes,243689062.4
1791047031,2026-10-04T01:03:51,docker.peer0.org1.example.com.blk_read_bytes,0.0
1791047031,2026-10-04T01:03:51,docker.peer0.org1.example.com.blk_write_bytes,1060000000.0
1791047031,2026-10-04T01:03:51,docker.peer0.org2.example.com.cpu_pct,0.69
1791047031,2026-10-04T01:03:51,docker.peer0.org2.example.com.mem_bytes,174483046.4
1791047031,2026-10-04T01:03:51,docker.peer0.org2.example.com.blk_read_bytes,0.0
1791047031,2026-10-04T01:03:51,docker.peer0.org2.example.com.blk_write_bytes,1060000000.0
1791047031,2026-10-04T01:03:51,docker.orderer.example.com.cpu_pct,0.03
1791047031,2026-10-04T01:03:51,docker.orderer.example.com.mem_bytes,564029030.4
1791047031,2026-10-04T01:03:51,docker.orderer.example.com.blk_read_bytes,0.0
1791047031,2026-10-04T01:03:51,docker.orderer.example.com.blk_write_bytes,1040000000.0
1791047031,2026-10-04T01:03:51,host.MemTotal_kb,64932116
1791047031,2026-10-04T01:03:51,host.MemAvailable_kb,62576888
1791047031,2026-10-04T01:03:51,host.Cached_kb,8262916
1791047031,2026-10-04T01:03:51,host.SwapTotal_kb,0
1791047031,2026-10-04T01:03:51,host.SwapFree_kb,0
1791047031,2026-10-04T01:03:51,host.Dirty_kb,11784
1791047031,2026-10-04T01:03:51,host.load1,2.39
1791047031,2026-10-04T01:03:51,host.load5,1.96
1791047031,2026-10-04T01:03:51,host.root_free_bytes,934572584960
1791047031,2026-10-04T01:03:51,host.root_used_bytes,10400251904
1791047031,2026-10-04T01:03:51,io.md2.r/s,0.0
1791047031,2026-10-04T01:03:51,io.md2.rkB/s,0.0
1791047031,2026-10-04T01:03:51,io.md2.r_await,0.0
1791047031,2026-10-04T01:03:51,io.md2.w/s,760.4
1791047031,2026-10-04T01:03:51,io.md2.wkB/s,18597.6
1791047031,2026-10-04T01:03:51,io.md2.w_await,0.38
1791047031,2026-10-04T01:03:51,io.md2.f/s,0.0
1791047031,2026-10-04T01:03:51,io.md2.aqu-sz,0.29
1791047031,2026-10-04T01:03:51,io.md2.%util,25.28
1791047031,2026-10-04T01:03:51,io.nvme0n1.r/s,0.0
1791047031,2026-10-04T01:03:51,io.nvme0n1.rkB/s,0.0
1791047031,2026-10-04T01:03:51,io.nvme0n1.r_await,0.0
1791047031,2026-10-04T01:03:51,io.nvme0n1.w/s,256.0
1791047031,2026-10-04T01:03:51,io.nvme0n1.wkB/s,9192.8
1791047031,2026-10-04T01:03:51,io.nvme0n1.w_await,0.79
1791047031,2026-10-04T01:03:51,io.nvme0n1.f/s,64.7
1791047031,2026-10-04T01:03:51,io.nvme0n1.aqu-sz,0.27
1791047031,2026-10-04T01:03:51,io.nvme0n1.%util,16.6
1791047031,2026-10-04T01:03:51,io.nvme1n1.r/s,0.0
1791047031,2026-10-04T01:03:51,io.nvme1n1.rkB/s,0.0
1791047031,2026-10-04T01:03:51,io.nvme1n1.r_await,0.0
1791047031,2026-10-04T01:03:51,io.nvme1n1.w/s,269.7
1791047031,2026-10-04T01:03:51,io.nvme1n1.wkB/s,9404.8
1791047031,2026-10-04T01:03:51,io.nvme1n1.w_await,0.8
1791047031,2026-10-04T01:03:51,io.nvme1n1.f/s,64.7
1791047031,2026-10-04T01:03:51,io.nvme1n1.aqu-sz,0.29
1791047031,2026-10-04T01:03:51,io.nvme1n1.%util,17.71
1791047041,2026-10-04T01:04:01,host.cpu_pct,26.22351160443996
1791047041,2026-10-04T01:04:01,host.run_cpu_pct,26.140141880280748
1791047041,2026-10-04T01:04:01,host.nonrun_cpu_pct,0.08336972415921196
1791047041,2026-10-04T01:04:01,docker.dev-peer0.org2.example.com-saksi-bulletin_1.0-ee3fe73bad456e43adfc5ba27d9e5a60983b69e8496140308fb21061ecb2ff85.cpu_pct,0.0
1791047041,2026-10-04T01:04:01,docker.dev-peer0.org2.example.com-saksi-bulletin_1.0-ee3fe73bad456e43adfc5ba27d9e5a60983b69e8496140308fb21061ecb2ff85.mem_bytes,6839861.248
1791047041,2026-10-04T01:04:01,docker.dev-peer0.org2.example.com-saksi-bulletin_1.0-ee3fe73bad456e43adfc5ba27d9e5a60983b69e8496140308fb21061ecb2ff85.blk_read_bytes,0.0
1791047041,2026-10-04T01:04:01,docker.dev-peer0.org2.example.com-saksi-bulletin_1.0-ee3fe73bad456e43adfc5ba27d9e5a60983b69e8496140308fb21061ecb2ff85.blk_write_bytes,0.0
1791047041,2026-10-04T01:04:01,docker.dev-peer0.org1.example.com-saksi-bulletin_1.0-ee3fe73bad456e43adfc5ba27d9e5a60983b69e8496140308fb21061ecb2ff85.cpu_pct,51.34
1791047041,2026-10-04T01:04:01,docker.dev-peer0.org1.example.com-saksi-bulletin_1.0-ee3fe73bad456e43adfc5ba27d9e5a60983b69e8496140308fb21061ecb2ff85.mem_bytes,20153630.72
1791047041,2026-10-04T01:04:01,docker.dev-peer0.org1.example.com-saksi-bulletin_1.0-ee3fe73bad456e43adfc5ba27d9e5a60983b69e8496140308fb21061ecb2ff85.blk_read_bytes,0.0
1791047041,2026-10-04T01:04:01,docker.dev-peer0.org1.example.com-saksi-bulletin_1.0-ee3fe73bad456e43adfc5ba27d9e5a60983b69e8496140308fb21061ecb2ff85.blk_write_bytes,0.0
1791047041,2026-10-04T01:04:01,docker.peer0.org1.example.com.cpu_pct,54.94
1791047041,2026-10-04T01:04:01,docker.peer0.org1.example.com.mem_bytes,211707494.4
1791047041,2026-10-04T01:04:01,docker.peer0.org1.example.com.blk_read_bytes,0.0
1791047041,2026-10-04T01:04:01,docker.peer0.org1.example.com.blk_write_bytes,1190000000.0
1791047041,2026-10-04T01:04:01,docker.peer0.org2.example.com.cpu_pct,11.91
1791047041,2026-10-04T01:04:01,docker.peer0.org2.example.com.mem_bytes,176160768.0
1791047041,2026-10-04T01:04:01,docker.peer0.org2.example.com.blk_read_bytes,0.0
1791047041,2026-10-04T01:04:01,docker.peer0.org2.example.com.blk_write_bytes,1190000000.0
1791047041,2026-10-04T01:04:01,docker.orderer.example.com.cpu_pct,48.49
1791047041,2026-10-04T01:04:01,docker.orderer.example.com.mem_bytes,139670323.2
1791047041,2026-10-04T01:04:01,docker.orderer.example.com.blk_read_bytes,0.0
1791047041,2026-10-04T01:04:01,docker.orderer.example.com.blk_write_bytes,1150000000.0
1791047041,2026-10-04T01:04:01,host.MemTotal_kb,64932116
1791047041,2026-10-04T01:04:01,host.MemAvailable_kb,63113684
1791047041,2026-10-04T01:04:01,host.Cached_kb,8417544
1791047041,2026-10-04T01:04:01,host.SwapTotal_kb,0
1791047041,2026-10-04T01:04:01,host.SwapFree_kb,0
1791047041,2026-10-04T01:04:01,host.Dirty_kb,25076
1791047041,2026-10-04T01:04:01,host.load1,3.44
1791047041,2026-10-04T01:04:01,host.load5,2.21
1791047041,2026-10-04T01:04:01,host.root_free_bytes,934442450944
1791047041,2026-10-04T01:04:01,host.root_used_bytes,10530385920
1791047041,2026-10-04T01:04:01,io.md2.r/s,0.0
1791047041,2026-10-04T01:04:01,io.md2.rkB/s,0.0
1791047041,2026-10-04T01:04:01,io.md2.r_await,0.0
1791047041,2026-10-04T01:04:01,io.md2.w/s,115.0
1791047041,2026-10-04T01:04:01,io.md2.wkB/s,4458.8
1791047041,2026-10-04T01:04:01,io.md2.w_await,0.4
1791047041,2026-10-04T01:04:01,io.md2.f/s,0.0
1791047041,2026-10-04T01:04:01,io.md2.aqu-sz,0.05
1791047041,2026-10-04T01:04:01,io.md2.%util,2.09
1791047041,2026-10-04T01:04:01,io.nvme0n1.r/s,0.0
1791047041,2026-10-04T01:04:01,io.nvme0n1.rkB/s,0.0
1791047041,2026-10-04T01:04:01,io.nvme0n1.r_await,0.0
1791047041,2026-10-04T01:04:01,io.nvme0n1.w/s,48.9
1791047041,2026-10-04T01:04:01,io.nvme0n1.wkB/s,2179.2
1791047041,2026-10-04T01:04:01,io.nvme0n1.w_await,0.54
1791047041,2026-10-04T01:04:01,io.nvme0n1.f/s,4.8
1791047041,2026-10-04T01:04:01,io.nvme0n1.aqu-sz,0.03
1791047041,2026-10-04T01:04:01,io.nvme0n1.%util,1.76
1791047041,2026-10-04T01:04:01,io.nvme1n1.r/s,0.0
1791047041,2026-10-04T01:04:01,io.nvme1n1.rkB/s,0.0
1791047041,2026-10-04T01:04:01,io.nvme1n1.r_await,0.0
1791047041,2026-10-04T01:04:01,io.nvme1n1.w/s,49.2
1791047041,2026-10-04T01:04:01,io.nvme1n1.wkB/s,2279.6
1791047041,2026-10-04T01:04:01,io.nvme1n1.w_await,0.47
1791047041,2026-10-04T01:04:01,io.nvme1n1.f/s,4.8
1791047041,2026-10-04T01:04:01,io.nvme1n1.aqu-sz,0.03
1791047041,2026-10-04T01:04:01,io.nvme1n1.%util,1.27
1791047051,2026-10-04T01:04:11,host.cpu_pct,7.295921573556212
1791047051,2026-10-04T01:04:11,host.run_cpu_pct,7.145804169553654
1791047051,2026-10-04T01:04:11,host.nonrun_cpu_pct,0.15011740400255835
1791047051,2026-10-04T01:04:11,docker.dev-peer0.org2.example.com-saksi-bulletin_1.0-ee3fe73bad456e43adfc5ba27d9e5a60983b69e8496140308fb21061ecb2ff85.cpu_pct,0.0
1791047051,2026-10-04T01:04:11,docker.dev-peer0.org2.example.com-saksi-bulletin_1.0-ee3fe73bad456e43adfc5ba27d9e5a60983b69e8496140308fb21061ecb2ff85.mem_bytes,6839861.248
1791047051,2026-10-04T01:04:11,docker.dev-peer0.org2.example.com-saksi-bulletin_1.0-ee3fe73bad456e43adfc5ba27d9e5a60983b69e8496140308fb21061ecb2ff85.blk_read_bytes,0.0
1791047051,2026-10-04T01:04:11,docker.dev-peer0.org2.example.com-saksi-bulletin_1.0-ee3fe73bad456e43adfc5ba27d9e5a60983b69e8496140308fb21061ecb2ff85.blk_write_bytes,0.0
1791047051,2026-10-04T01:04:11,docker.dev-peer0.org1.example.com-saksi-bulletin_1.0-ee3fe73bad456e43adfc5ba27d9e5a60983b69e8496140308fb21061ecb2ff85.cpu_pct,0.0
1791047051,2026-10-04T01:04:11,docker.dev-peer0.org1.example.com-saksi-bulletin_1.0-ee3fe73bad456e43adfc5ba27d9e5a60983b69e8496140308fb21061ecb2ff85.mem_bytes,16305356.8
1791047051,2026-10-04T01:04:11,docker.dev-peer0.org1.example.com-saksi-bulletin_1.0-ee3fe73bad456e43adfc5ba27d9e5a60983b69e8496140308fb21061ecb2ff85.blk_read_bytes,0.0
1791047051,2026-10-04T01:04:11,docker.dev-peer0.org1.example.com-saksi-bulletin_1.0-ee3fe73bad456e43adfc5ba27d9e5a60983b69e8496140308fb21061ecb2ff85.blk_write_bytes,0.0
1791047051,2026-10-04T01:04:11,docker.peer0.org1.example.com.cpu_pct,1.82
1791047051,2026-10-04T01:04:11,docker.peer0.org1.example.com.mem_bytes,219466956.8
1791047051,2026-10-04T01:04:11,docker.peer0.org1.example.com.blk_read_bytes,0.0
1791047051,2026-10-04T01:04:11,docker.peer0.org1.example.com.blk_write_bytes,1190000000.0
1791047051,2026-10-04T01:04:11,docker.peer0.org2.example.com.cpu_pct,1.89
1791047051,2026-10-04T01:04:11,docker.peer0.org2.example.com.mem_bytes,180250214.4
1791047051,2026-10-04T01:04:11,docker.peer0.org2.example.com.blk_read_bytes,0.0
1791047051,2026-10-04T01:04:11,docker.peer0.org2.example.com.blk_write_bytes,1190000000.0
1791047051,2026-10-04T01:04:11,docker.orderer.example.com.cpu_pct,0.72
1791047051,2026-10-04T01:04:11,docker.orderer.example.com.mem_bytes,94550097.92
1791047051,2026-10-04T01:04:11,docker.orderer.example.com.blk_read_bytes,0.0
1791047051,2026-10-04T01:04:11,docker.orderer.example.com.blk_write_bytes,1160000000.0
1791047051,2026-10-04T01:04:11,host.MemTotal_kb,64932116
1791047051,2026-10-04T01:04:11,host.MemAvailable_kb,63127452
1791047051,2026-10-04T01:04:11,host.Cached_kb,8418584
1791047051,2026-10-04T01:04:11,host.SwapTotal_kb,0
1791047051,2026-10-04T01:04:11,host.SwapFree_kb,0
1791047051,2026-10-04T01:04:11,host.Dirty_kb,1636
1791047051,2026-10-04T01:04:11,host.load1,2.91
1791047051,2026-10-04T01:04:11,host.load5,2.14
1791047051,2026-10-04T01:04:11,host.root_free_bytes,934441582592
1791047051,2026-10-04T01:04:11,host.root_used_bytes,10531254272
1791047051,2026-10-04T01:04:11,io.md2.r/s,0.0
1791047051,2026-10-04T01:04:11,io.md2.rkB/s,0.0
1791047051,2026-10-04T01:04:11,io.md2.r_await,0.0
1791047051,2026-10-04T01:04:11,io.md2.w/s,545.9
1791047051,2026-10-04T01:04:11,io.md2.wkB/s,13124.8
1791047051,2026-10-04T01:04:11,io.md2.w_await,0.38
1791047051,2026-10-04T01:04:11,io.md2.f/s,0.0
1791047051,2026-10-04T01:04:11,io.md2.aqu-sz,0.21
1791047051,2026-10-04T01:04:11,io.md2.%util,17.62
1791047051,2026-10-04T01:04:11,io.nvme0n1.r/s,0.0
1791047051,2026-10-04T01:04:11,io.nvme0n1.rkB/s,0.0
1791047051,2026-10-04T01:04:11,io.nvme0n1.r_await,0.0
1791047051,2026-10-04T01:04:11,io.nvme0n1.w/s,191.1
1791047051,2026-10-04T01:04:11,io.nvme0n1.wkB/s,6628.0
1791047051,2026-10-04T01:04:11,io.nvme0n1.w_await,0.81
1791047051,2026-10-04T01:04:11,io.nvme0n1.f/s,44.9
1791047051,2026-10-04T01:04:11,io.nvme0n1.aqu-sz,0.2
1791047051,2026-10-04T01:04:11,io.nvme0n1.%util,12.48
1791047051,2026-10-04T01:04:11,io.nvme1n1.r/s,0.0
1791047051,2026-10-04T01:04:11,io.nvme1n1.rkB/s,0.0
1791047051,2026-10-04T01:04:11,io.nvme1n1.r_await,0.0
1791047051,2026-10-04T01:04:11,io.nvme1n1.w/s,183.2
1791047051,2026-10-04T01:04:11,io.nvme1n1.wkB/s,6496.8
1791047051,2026-10-04T01:04:11,io.nvme1n1.w_await,0.78
1791047051,2026-10-04T01:04:11,io.nvme1n1.f/s,44.9
1791047051,2026-10-04T01:04:11,io.nvme1n1.aqu-sz,0.19
1791047051,2026-10-04T01:04:11,io.nvme1n1.%util,11.91
1791047061,2026-10-04T01:04:21,host.cpu_pct,16.231155778894472
1791047061,2026-10-04T01:04:21,host.run_cpu_pct,16.114776590430182
1791047061,2026-10-04T01:04:21,host.nonrun_cpu_pct,0.11637918846428974
1791047061,2026-10-04T01:04:21,docker.dev-peer0.org2.example.com-saksi-bulletin_1.0-ee3fe73bad456e43adfc5ba27d9e5a60983b69e8496140308fb21061ecb2ff85.cpu_pct,0.0
1791047061,2026-10-04T01:04:21,docker.dev-peer0.org2.example.com-saksi-bulletin_1.0-ee3fe73bad456e43adfc5ba27d9e5a60983b69e8496140308fb21061ecb2ff85.mem_bytes,6839861.248
1791047061,2026-10-04T01:04:21,docker.dev-peer0.org2.example.com-saksi-bulletin_1.0-ee3fe73bad456e43adfc5ba27d9e5a60983b69e8496140308fb21061ecb2ff85.blk_read_bytes,0.0
1791047061,2026-10-04T01:04:21,docker.dev-peer0.org2.example.com-saksi-bulletin_1.0-ee3fe73bad456e43adfc5ba27d9e5a60983b69e8496140308fb21061ecb2ff85.blk_write_bytes,0.0
1791047061,2026-10-04T01:04:21,docker.dev-peer0.org1.example.com-saksi-bulletin_1.0-ee3fe73bad456e43adfc5ba27d9e5a60983b69e8496140308fb21061ecb2ff85.cpu_pct,112.71
1791047061,2026-10-04T01:04:21,docker.dev-peer0.org1.example.com-saksi-bulletin_1.0-ee3fe73bad456e43adfc5ba27d9e5a60983b69e8496140308fb21061ecb2ff85.mem_bytes,20373831.68
1791047061,2026-10-04T01:04:21,docker.dev-peer0.org1.example.com-saksi-bulletin_1.0-ee3fe73bad456e43adfc5ba27d9e5a60983b69e8496140308fb21061ecb2ff85.blk_read_bytes,0.0
1791047061,2026-10-04T01:04:21,docker.dev-peer0.org1.example.com-saksi-bulletin_1.0-ee3fe73bad456e43adfc5ba27d9e5a60983b69e8496140308fb21061ecb2ff85.blk_write_bytes,0.0
1791047061,2026-10-04T01:04:21,docker.peer0.org1.example.com.cpu_pct,55.71
1791047061,2026-10-04T01:04:21,docker.peer0.org1.example.com.mem_bytes,155713536.0
1791047061,2026-10-04T01:04:21,docker.peer0.org1.example.com.blk_read_bytes,0.0
1791047061,2026-10-04T01:04:21,docker.peer0.org1.example.com.blk_write_bytes,1200000000.0
1791047061,2026-10-04T01:04:21,docker.peer0.org2.example.com.cpu_pct,12.94
1791047061,2026-10-04T01:04:21,docker.peer0.org2.example.com.mem_bytes,147639500.8
1791047061,2026-10-04T01:04:21,docker.peer0.org2.example.com.blk_read_bytes,0.0
1791047061,2026-10-04T01:04:21,docker.peer0.org2.example.com.blk_write_bytes,1200000000.0
1791047061,2026-10-04T01:04:21,docker.orderer.example.com.cpu_pct,0.07
1791047061,2026-10-04T01:04:21,docker.orderer.example.com.mem_bytes,95609159.68
1791047061,2026-10-04T01:04:21,docker.orderer.example.com.blk_read_bytes,0.0
1791047061,2026-10-04T01:04:21,docker.orderer.example.com.blk_write_bytes,1160000000.0
1791047061,2026-10-04T01:04:21,host.MemTotal_kb,64932116
1791047061,2026-10-04T01:04:21,host.MemAvailable_kb,63170024
1791047061,2026-10-04T01:04:21,host.Cached_kb,8463436
1791047061,2026-10-04T01:04:21,host.SwapTotal_kb,0
1791047061,2026-10-04T01:04:21,host.SwapFree_kb,0
1791047061,2026-10-04T01:04:21,host.Dirty_kb,37552
1791047061,2026-10-04T01:04:21,host.load1,2.46
1791047061,2026-10-04T01:04:21,host.load5,2.07
1791047061,2026-10-04T01:04:21,host.root_free_bytes,934397714432
1791047061,2026-10-04T01:04:21,host.root_used_bytes,10575122432
1791047061,2026-10-04T01:04:21,io.md2.r/s,0.0
1791047061,2026-10-04T01:04:21,io.md2.rkB/s,0.0
1791047061,2026-10-04T01:04:21,io.md2.r_await,0.0
1791047061,2026-10-04T01:04:21,io.md2.w/s,377.4
1791047061,2026-10-04T01:04:21,io.md2.wkB/s,12242.8
1791047061,2026-10-04T01:04:21,io.md2.w_await,0.36
1791047061,2026-10-04T01:04:21,io.md2.f/s,0.0
1791047061,2026-10-04T01:04:21,io.md2.aqu-sz,0.14
1791047061,2026-10-04T01:04:21,io.md2.%util,10.65
1791047061,2026-10-04T01:04:21,io.nvme0n1.r/s,0.0
1791047061,2026-10-04T01:04:21,io.nvme0n1.rkB/s,0.0
1791047061,2026-10-04T01:04:21,io.nvme0n1.r_await,0.0
1791047061,2026-10-04T01:04:21,io.nvme0n1.w/s,135.5
1791047061,2026-10-04T01:04:21,io.nvme0n1.wkB/s,6106.0
1791047061,2026-10-04T01:04:21,io.nvme0n1.w_await,0.64
1791047061,2026-10-04T01:04:21,io.nvme0n1.f/s,26.0
1791047061,2026-10-04T01:04:21,io.nvme0n1.aqu-sz,0.11
1791047061,2026-10-04T01:04:21,io.nvme0n1.%util,6.59
1791047061,2026-10-04T01:04:21,io.nvme1n1.r/s,0.0
1791047061,2026-10-04T01:04:21,io.nvme1n1.rkB/s,0.0
1791047061,2026-10-04T01:04:21,io.nvme1n1.r_await,0.0
1791047061,2026-10-04T01:04:21,io.nvme1n1.w/s,138.7
1791047061,2026-10-04T01:04:21,io.nvme1n1.wkB/s,6136.8
1791047061,2026-10-04T01:04:21,io.nvme1n1.w_await,0.7
1791047061,2026-10-04T01:04:21,io.nvme1n1.f/s,26.0
1791047061,2026-10-04T01:04:21,io.nvme1n1.aqu-sz,0.13
1791047061,2026-10-04T01:04:21,io.nvme1n1.%util,7.46
1791047071,2026-10-04T01:04:31,host.cpu_pct,17.15909090909091
1791047071,2026-10-04T01:04:31,host.run_cpu_pct,17.12888096008982
1791047071,2026-10-04T01:04:31,host.nonrun_cpu_pct,0.030209949001090308
1791047071,2026-10-04T01:04:31,docker.dev-peer0.org2.example.com-saksi-bulletin_1.0-ee3fe73bad456e43adfc5ba27d9e5a60983b69e8496140308fb21061ecb2ff85.cpu_pct,0.0
1791047071,2026-10-04T01:04:31,docker.dev-peer0.org2.example.com-saksi-bulletin_1.0-ee3fe73bad456e43adfc5ba27d9e5a60983b69e8496140308fb21061ecb2ff85.mem_bytes,6839861.248
1791047071,2026-10-04T01:04:31,docker.dev-peer0.org2.example.com-saksi-bulletin_1.0-ee3fe73bad456e43adfc5ba27d9e5a60983b69e8496140308fb21061ecb2ff85.blk_read_bytes,0.0
1791047071,2026-10-04T01:04:31,docker.dev-peer0.org2.example.com-saksi-bulletin_1.0-ee3fe73bad456e43adfc5ba27d9e5a60983b69e8496140308fb21061ecb2ff85.blk_write_bytes,0.0
1791047071,2026-10-04T01:04:31,docker.dev-peer0.org1.example.com-saksi-bulletin_1.0-ee3fe73bad456e43adfc5ba27d9e5a60983b69e8496140308fb21061ecb2ff85.cpu_pct,0.0
1791047071,2026-10-04T01:04:31,docker.dev-peer0.org1.example.com-saksi-bulletin_1.0-ee3fe73bad456e43adfc5ba27d9e5a60983b69e8496140308fb21061ecb2ff85.mem_bytes,16410214.4
1791047071,2026-10-04T01:04:31,docker.dev-peer0.org1.example.com-saksi-bulletin_1.0-ee3fe73bad456e43adfc5ba27d9e5a60983b69e8496140308fb21061ecb2ff85.blk_read_bytes,0.0
1791047071,2026-10-04T01:04:31,docker.dev-peer0.org1.example.com-saksi-bulletin_1.0-ee3fe73bad456e43adfc5ba27d9e5a60983b69e8496140308fb21061ecb2ff85.blk_write_bytes,0.0
1791047071,2026-10-04T01:04:31,docker.peer0.org1.example.com.cpu_pct,1.76
1791047071,2026-10-04T01:04:31,docker.peer0.org1.example.com.mem_bytes,210239488.0
1791047071,2026-10-04T01:04:31,docker.peer0.org1.example.com.blk_read_bytes,0.0
1791047071,2026-10-04T01:04:31,docker.peer0.org1.example.com.blk_write_bytes,1330000000.0
1791047071,2026-10-04T01:04:31,docker.peer0.org2.example.com.cpu_pct,1.72
1791047071,2026-10-04T01:04:31,docker.peer0.org2.example.com.mem_bytes,175007334.4
1791047071,2026-10-04T01:04:31,docker.peer0.org2.example.com.blk_read_bytes,0.0
1791047071,2026-10-04T01:04:31,docker.peer0.org2.example.com.blk_write_bytes,1330000000.0
1791047071,2026-10-04T01:04:31,docker.orderer.example.com.cpu_pct,0.84
1791047071,2026-10-04T01:04:31,docker.orderer.example.com.mem_bytes,155818393.6
1791047071,2026-10-04T01:04:31,docker.orderer.example.com.blk_read_bytes,0.0
1791047071,2026-10-04T01:04:31,docker.orderer.example.com.blk_write_bytes,1270000000.0
1791047071,2026-10-04T01:04:31,host.MemTotal_kb,64932116
1791047071,2026-10-04T01:04:31,host.MemAvailable_kb,63088608
1791047071,2026-10-04T01:04:31,host.Cached_kb,8587732
1791047071,2026-10-04T01:04:31,host.SwapTotal_kb,0
1791047071,2026-10-04T01:04:31,host.SwapFree_kb,0
1791047071,2026-10-04T01:04:31,host.Dirty_kb,28800
1791047071,2026-10-04T01:04:31,host.load1,2.45
1791047071,2026-10-04T01:04:31,host.load5,2.08
1791047071,2026-10-04T01:04:31,host.root_free_bytes,934296748032
1791047071,2026-10-04T01:04:31,host.root_used_bytes,10676088832
1791047071,2026-10-04T01:04:31,io.md2.r/s,0.0
1791047071,2026-10-04T01:04:31,io.md2.rkB/s,0.0
1791047071,2026-10-04T01:04:31,io.md2.r_await,0.0
1791047071,2026-10-04T01:04:31,io.md2.w/s,84.7
1791047071,2026-10-04T01:04:31,io.md2.wkB/s,522.4
1791047071,2026-10-04T01:04:31,io.md2.w_await,0.51
1791047071,2026-10-04T01:04:31,io.md2.f/s,0.0
1791047071,2026-10-04T01:04:31,io.md2.aqu-sz,0.04
1791047071,2026-10-04T01:04:31,io.md2.%util,2.52
1791047071,2026-10-04T01:04:31,io.nvme0n1.r/s,0.0
1791047071,2026-10-04T01:04:31,io.nvme0n1.rkB/s,0.0
1791047071,2026-10-04T01:04:31,io.nvme0n1.r_await,0.0
1791047071,2026-10-04T01:04:31,io.nvme0n1.w/s,36.8
1791047071,2026-10-04T01:04:31,io.nvme0n1.wkB/s,291.2
1791047071,2026-10-04T01:04:31,io.nvme0n1.w_await,0.77
1791047071,2026-10-04T01:04:31,io.nvme0n1.f/s,6.1
1791047071,2026-10-04T01:04:31,io.nvme0n1.aqu-sz,0.04
1791047071,2026-10-04T01:04:31,io.nvme0n1.%util,2.14
1791047071,2026-10-04T01:04:31,io.nvme1n1.r/s,0.0
1791047071,2026-10-04T01:04:31,io.nvme1n1.rkB/s,0.0
1791047071,2026-10-04T01:04:31,io.nvme1n1.r_await,0.0
1791047071,2026-10-04T01:04:31,io.nvme1n1.w/s,30.3
1791047071,2026-10-04T01:04:31,io.nvme1n1.wkB/s,231.2
1791047071,2026-10-04T01:04:31,io.nvme1n1.w_await,0.73
1791047071,2026-10-04T01:04:31,io.nvme1n1.f/s,6.1
1791047071,2026-10-04T01:04:31,io.nvme1n1.aqu-sz,0.03
1791047071,2026-10-04T01:04:31,io.nvme1n1.%util,1.56
1791047081,2026-10-04T01:04:41,host.cpu_pct,8.30299987448224
1791047081,2026-10-04T01:04:41,host.run_cpu_pct,8.15262305488038
1791047081,2026-10-04T01:04:41,host.nonrun_cpu_pct,0.15037681960185978
1791047081,2026-10-04T01:04:41,docker.dev-peer0.org2.example.com-saksi-bulletin_1.0-ee3fe73bad456e43adfc5ba27d9e5a60983b69e8496140308fb21061ecb2ff85.cpu_pct,0.0
1791047081,2026-10-04T01:04:41,docker.dev-peer0.org2.example.com-saksi-bulletin_1.0-ee3fe73bad456e43adfc5ba27d9e5a60983b69e8496140308fb21061ecb2ff85.mem_bytes,6839861.248
1791047081,2026-10-04T01:04:41,docker.dev-peer0.org2.example.com-saksi-bulletin_1.0-ee3fe73bad456e43adfc5ba27d9e5a60983b69e8496140308fb21061ecb2ff85.blk_read_bytes,0.0
1791047081,2026-10-04T01:04:41,docker.dev-peer0.org2.example.com-saksi-bulletin_1.0-ee3fe73bad456e43adfc5ba27d9e5a60983b69e8496140308fb21061ecb2ff85.blk_write_bytes,0.0
1791047081,2026-10-04T01:04:41,docker.dev-peer0.org1.example.com-saksi-bulletin_1.0-ee3fe73bad456e43adfc5ba27d9e5a60983b69e8496140308fb21061ecb2ff85.cpu_pct,0.3
1791047081,2026-10-04T01:04:41,docker.dev-peer0.org1.example.com-saksi-bulletin_1.0-ee3fe73bad456e43adfc5ba27d9e5a60983b69e8496140308fb21061ecb2ff85.mem_bytes,21202206.72
1791047081,2026-10-04T01:04:41,docker.dev-peer0.org1.example.com-saksi-bulletin_1.0-ee3fe73bad456e43adfc5ba27d9e5a60983b69e8496140308fb21061ecb2ff85.blk_read_bytes,0.0
1791047081,2026-10-04T01:04:41,docker.dev-peer0.org1.example.com-saksi-bulletin_1.0-ee3fe73bad456e43adfc5ba27d9e5a60983b69e8496140308fb21061ecb2ff85.blk_write_bytes,0.0
1791047081,2026-10-04T01:04:41,docker.peer0.org1.example.com.cpu_pct,1.23
1791047081,2026-10-04T01:04:41,docker.peer0.org1.example.com.mem_bytes,237607321.6
1791047081,2026-10-04T01:04:41,docker.peer0.org1.example.com.blk_read_bytes,0.0
1791047081,2026-10-04T01:04:41,docker.peer0.org1.example.com.blk_write_bytes,1330000000.0
1791047081,2026-10-04T01:04:41,docker.peer0.org2.example.com.cpu_pct,1.13
1791047081,2026-10-04T01:04:41,docker.peer0.org2.example.com.mem_bytes,176894771.2
1791047081,2026-10-04T01:04:41,docker.peer0.org2.example.com.blk_read_bytes,0.0
1791047081,2026-10-04T01:04:41,docker.peer0.org2.example.com.blk_write_bytes,1330000000.0
1791047081,2026-10-04T01:04:41,docker.orderer.example.com.cpu_pct,0.03
1791047081,2026-10-04T01:04:41,docker.orderer.example.com.mem_bytes,158439833.6
1791047081,2026-10-04T01:04:41,docker.orderer.example.com.blk_read_bytes,0.0
1791047081,2026-10-04T01:04:41,docker.orderer.example.com.blk_write_bytes,1280000000.0
1791047081,2026-10-04T01:04:41,host.MemTotal_kb,64932116
1791047081,2026-10-04T01:04:41,host.MemAvailable_kb,63022040
1791047081,2026-10-04T01:04:41,host.Cached_kb,8624304
1791047081,2026-10-04T01:04:41,host.SwapTotal_kb,0
1791047081,2026-10-04T01:04:41,host.SwapFree_kb,0
1791047081,2026-10-04T01:04:41,host.Dirty_kb,36224
1791047081,2026-10-04T01:04:41,host.load1,2.07
1791047081,2026-10-04T01:04:41,host.load5,2.01
1791047081,2026-10-04T01:04:41,host.root_free_bytes,934259503104
1791047081,2026-10-04T01:04:41,host.root_used_bytes,10713333760
1791047081,2026-10-04T01:04:41,io.md2.r/s,0.0
1791047081,2026-10-04T01:04:41,io.md2.rkB/s,0.0
1791047081,2026-10-04T01:04:41,io.md2.r_await,0.0
1791047081,2026-10-04T01:04:41,io.md2.w/s,819.5
1791047081,2026-10-04T01:04:41,io.md2.wkB/s,23194.8
1791047081,2026-10-04T01:04:41,io.md2.w_await,0.36
1791047081,2026-10-04T01:04:41,io.md2.f/s,0.0
1791047081,2026-10-04T01:04:41,io.md2.aqu-sz,0.3
1791047081,2026-10-04T01:04:41,io.md2.%util,25.55
1791047081,2026-10-04T01:04:41,io.nvme0n1.r/s,0.0
1791047081,2026-10-04T01:04:41,io.nvme0n1.rkB/s,0.0
1791047081,2026-10-04T01:04:41,io.nvme0n1.r_await,0.0
1791047081,2026-10-04T01:04:41,io.nvme0n1.w/s,279.9
1791047081,2026-10-04T01:04:41,io.nvme0n1.wkB/s,11360.4
1791047081,2026-10-04T01:04:41,io.nvme0n1.w_await,0.75
1791047081,2026-10-04T01:04:41,io.nvme0n1.f/s,64.1
1791047081,2026-10-04T01:04:41,io.nvme0n1.aqu-sz,0.28
1791047081,2026-10-04T01:04:41,io.nvme0n1.%util,17.14
1791047081,2026-10-04T01:04:41,io.nvme1n1.r/s,0.0
1791047081,2026-10-04T01:04:41,io.nvme1n1.rkB/s,0.0
1791047081,2026-10-04T01:04:41,io.nvme1n1.r_await,0.0
1791047081,2026-10-04T01:04:41,io.nvme1n1.w/s,284.9
1791047081,2026-10-04T01:04:41,io.nvme1n1.wkB/s,11834.4
1791047081,2026-10-04T01:04:41,io.nvme1n1.w_await,0.74
1791047081,2026-10-04T01:04:41,io.nvme1n1.f/s,64.1
1791047081,2026-10-04T01:04:41,io.nvme1n1.aqu-sz,0.28
1791047081,2026-10-04T01:04:41,io.nvme1n1.%util,17.24
1791047091,2026-10-04T01:04:51,host.cpu_pct,25.181307939711168
1791047091,2026-10-04T01:04:51,host.run_cpu_pct,24.98368878803139
1791047091,2026-10-04T01:04:51,host.nonrun_cpu_pct,0.19761915167977762
1791047091,2026-10-04T01:04:51,docker.dev-peer0.org2.example.com-saksi-bulletin_1.0-ee3fe73bad456e43adfc5ba27d9e5a60983b69e8496140308fb21061ecb2ff85.cpu_pct,0.0
1791047091,2026-10-04T01:04:51,docker.dev-peer0.org2.example.com-saksi-bulletin_1.0-ee3fe73bad456e43adfc5ba27d9e5a60983b69e8496140308fb21061ecb2ff85.mem_bytes,6839861.248
1791047091,2026-10-04T01:04:51,docker.dev-peer0.org2.example.com-saksi-bulletin_1.0-ee3fe73bad456e43adfc5ba27d9e5a60983b69e8496140308fb21061ecb2ff85.blk_read_bytes,0.0
1791047091,2026-10-04T01:04:51,docker.dev-peer0.org2.example.com-saksi-bulletin_1.0-ee3fe73bad456e43adfc5ba27d9e5a60983b69e8496140308fb21061ecb2ff85.blk_write_bytes,0.0
1791047091,2026-10-04T01:04:51,docker.dev-peer0.org1.example.com-saksi-bulletin_1.0-ee3fe73bad456e43adfc5ba27d9e5a60983b69e8496140308fb21061ecb2ff85.cpu_pct,0.0
1791047091,2026-10-04T01:04:51,docker.dev-peer0.org1.example.com-saksi-bulletin_1.0-ee3fe73bad456e43adfc5ba27d9e5a60983b69e8496140308fb21061ecb2ff85.mem_bytes,25176309.76
1791047091,2026-10-04T01:04:51,docker.dev-peer0.org1.example.com-saksi-bulletin_1.0-ee3fe73bad456e43adfc5ba27d9e5a60983b69e8496140308fb21061ecb2ff85.blk_read_bytes,0.0
1791047091,2026-10-04T01:04:51,docker.dev-peer0.org1.example.com-saksi-bulletin_1.0-ee3fe73bad456e43adfc5ba27d9e5a60983b69e8496140308fb21061ecb2ff85.blk_write_bytes,0.0
1791047091,2026-10-04T01:04:51,docker.peer0.org1.example.com.cpu_pct,4.15
1791047091,2026-10-04T01:04:51,docker.peer0.org1.example.com.mem_bytes,213804646.4
1791047091,2026-10-04T01:04:51,docker.peer0.org1.example.com.blk_read_bytes,0.0
1791047091,2026-10-04T01:04:51,docker.peer0.org1.example.com.blk_write_bytes,1450000000.0
1791047091,2026-10-04T01:04:51,docker.peer0.org2.example.com.cpu_pct,1.85
1791047091,2026-10-04T01:04:51,docker.peer0.org2.example.com.mem_bytes,171547033.6
1791047091,2026-10-04T01:04:51,docker.peer0.org2.example.com.blk_read_bytes,0.0
1791047091,2026-10-04T01:04:51,docker.peer0.org2.example.com.blk_write_bytes,1450000000.0
1791047091,2026-10-04T01:04:51,docker.orderer.example.com.cpu_pct,0.09
1791047091,2026-10-04T01:04:51,docker.orderer.example.com.mem_bytes,217789235.2
1791047091,2026-10-04T01:04:51,docker.orderer.example.com.blk_read_bytes,0.0
1791047091,2026-10-04T01:04:51,docker.orderer.example.com.blk_write_bytes,1390000000.0
1791047091,2026-10-04T01:04:51,host.MemTotal_kb,64932116
1791047091,2026-10-04T01:04:51,host.MemAvailable_kb,63003840
1791047091,2026-10-04T01:04:51,host.Cached_kb,8758420
1791047091,2026-10-04T01:04:51,host.SwapTotal_kb,0
1791047091,2026-10-04T01:04:51,host.SwapFree_kb,0
1791047091,2026-10-04T01:04:51,host.Dirty_kb,38740
1791047091,2026-10-04T01:04:51,host.load1,3.68
1791047091,2026-10-04T01:04:51,host.load5,2.34
1791047091,2026-10-04T01:04:51,host.root_free_bytes,934086029312
1791047091,2026-10-04T01:04:51,host.root_used_bytes,10886807552
1791047091,2026-10-04T01:04:51,io.md2.r/s,0.0
1791047091,2026-10-04T01:04:51,io.md2.rkB/s,0.0
1791047091,2026-10-04T01:04:51,io.md2.r_await,0.0
1791047091,2026-10-04T01:04:51,io.md2.w/s,118.2
1791047091,2026-10-04T01:04:51,io.md2.wkB/s,3291.6
1791047091,2026-10-04T01:04:51,io.md2.w_await,0.41
1791047091,2026-10-04T01:04:51,io.md2.f/s,0.0
1791047091,2026-10-04T01:04:51,io.md2.aqu-sz,0.05
1791047091,2026-10-04T01:04:51,io.md2.%util,2.75
1791047091,2026-10-04T01:04:51,io.nvme0n1.r/s,0.0
1791047091,2026-10-04T01:04:51,io.nvme0n1.rkB/s,0.0
1791047091,2026-10-04T01:04:51,io.nvme0n1.r_await,0.0
1791047091,2026-10-04T01:04:51,io.nvme0n1.w/s,47.3
1791047091,2026-10-04T01:04:51,io.nvme0n1.wkB/s,1596.4
1791047091,2026-10-04T01:04:51,io.nvme0n1.w_await,0.54
1791047091,2026-10-04T01:04:51,io.nvme0n1.f/s,6.5
1791047091,2026-10-04T01:04:51,io.nvme0n1.aqu-sz,0.03
1791047091,2026-10-04T01:04:51,io.nvme0n1.%util,1.76
1791047091,2026-10-04T01:04:51,io.nvme1n1.r/s,0.0
1791047091,2026-10-04T01:04:51,io.nvme1n1.rkB/s,0.0
1791047091,2026-10-04T01:04:51,io.nvme1n1.r_await,0.0
1791047091,2026-10-04T01:04:51,io.nvme1n1.w/s,51.3
1791047091,2026-10-04T01:04:51,io.nvme1n1.wkB/s,1695.2
1791047091,2026-10-04T01:04:51,io.nvme1n1.w_await,0.62
1791047091,2026-10-04T01:04:51,io.nvme1n1.f/s,6.5
1791047091,2026-10-04T01:04:51,io.nvme1n1.aqu-sz,0.04
1791047091,2026-10-04T01:04:51,io.nvme1n1.%util,2.24
1791047101,2026-10-04T01:05:01,host.cpu_pct,0.8029105507464559
1791047101,2026-10-04T01:05:01,host.run_cpu_pct,0.6696016050313272
1791047101,2026-10-04T01:05:01,host.nonrun_cpu_pct,0.13330894571512875
1791047101,2026-10-04T01:05:01,docker.dev-peer0.org2.example.com-saksi-bulletin_1.0-ee3fe73bad456e43adfc5ba27d9e5a60983b69e8496140308fb21061ecb2ff85.cpu_pct,0.0
1791047101,2026-10-04T01:05:01,docker.dev-peer0.org2.example.com-saksi-bulletin_1.0-ee3fe73bad456e43adfc5ba27d9e5a60983b69e8496140308fb21061ecb2ff85.mem_bytes,6839861.248
1791047101,2026-10-04T01:05:01,docker.dev-peer0.org2.example.com-saksi-bulletin_1.0-ee3fe73bad456e43adfc5ba27d9e5a60983b69e8496140308fb21061ecb2ff85.blk_read_bytes,0.0
1791047101,2026-10-04T01:05:01,docker.dev-peer0.org2.example.com-saksi-bulletin_1.0-ee3fe73bad456e43adfc5ba27d9e5a60983b69e8496140308fb21061ecb2ff85.blk_write_bytes,0.0
1791047101,2026-10-04T01:05:01,docker.dev-peer0.org1.example.com-saksi-bulletin_1.0-ee3fe73bad456e43adfc5ba27d9e5a60983b69e8496140308fb21061ecb2ff85.cpu_pct,0.0
1791047101,2026-10-04T01:05:01,docker.dev-peer0.org1.example.com-saksi-bulletin_1.0-ee3fe73bad456e43adfc5ba27d9e5a60983b69e8496140308fb21061ecb2ff85.mem_bytes,23278387.2
1791047101,2026-10-04T01:05:01,docker.dev-peer0.org1.example.com-saksi-bulletin_1.0-ee3fe73bad456e43adfc5ba27d9e5a60983b69e8496140308fb21061ecb2ff85.blk_read_bytes,0.0
1791047101,2026-10-04T01:05:01,docker.dev-peer0.org1.example.com-saksi-bulletin_1.0-ee3fe73bad456e43adfc5ba27d9e5a60983b69e8496140308fb21061ecb2ff85.blk_write_bytes,0.0
1791047101,2026-10-04T01:05:01,docker.peer0.org1.example.com.cpu_pct,1.53
1791047101,2026-10-04T01:05:01,docker.peer0.org1.example.com.mem_bytes,203318886.4
1791047101,2026-10-04T01:05:01,docker.peer0.org1.example.com.blk_read_bytes,0.0
1791047101,2026-10-04T01:05:01,docker.peer0.org1.example.com.blk_write_bytes,1450000000.0
1791047101,2026-10-04T01:05:01,docker.peer0.org2.example.com.cpu_pct,1.53
1791047101,2026-10-04T01:05:01,docker.peer0.org2.example.com.mem_bytes,173119897.6
1791047101,2026-10-04T01:05:01,docker.peer0.org2.example.com.blk_read_bytes,0.0
1791047101,2026-10-04T01:05:01,docker.peer0.org2.example.com.blk_write_bytes,1450000000.0
1791047101,2026-10-04T01:05:01,docker.orderer.example.com.cpu_pct,0.41
1791047101,2026-10-04T01:05:01,docker.orderer.example.com.mem_bytes,217894092.8
1791047101,2026-10-04T01:05:01,docker.orderer.example.com.blk_read_bytes,0.0
1791047101,2026-10-04T01:05:01,docker.orderer.example.com.blk_write_bytes,1390000000.0
1791047101,2026-10-04T01:05:01,host.MemTotal_kb,64932116
1791047101,2026-10-04T01:05:01,host.MemAvailable_kb,63012560
1791047101,2026-10-04T01:05:01,host.Cached_kb,8759684
1791047101,2026-10-04T01:05:01,host.SwapTotal_kb,0
1791047101,2026-10-04T01:05:01,host.SwapFree_kb,0
1791047101,2026-10-04T01:05:01,host.Dirty_kb,368
1791047101,2026-10-04T01:05:01,host.load1,3.11
1791047101,2026-10-04T01:05:01,host.load5,2.26
1791047101,2026-10-04T01:05:01,host.root_free_bytes,934084972544
1791047101,2026-10-04T01:05:01,host.root_used_bytes,10887864320
1791047101,2026-10-04T01:05:01,io.md2.r/s,0.0
1791047101,2026-10-04T01:05:01,io.md2.rkB/s,0.0
1791047101,2026-10-04T01:05:01,io.md2.r_await,0.0
1791047101,2026-10-04T01:05:01,io.md2.w/s,755.7
1791047101,2026-10-04T01:05:01,io.md2.wkB/s,18895.6
1791047101,2026-10-04T01:05:01,io.md2.w_await,0.39
1791047101,2026-10-04T01:05:01,io.md2.f/s,0.0
1791047101,2026-10-04T01:05:01,io.md2.aqu-sz,0.29
1791047101,2026-10-04T01:05:01,io.md2.%util,25.89
1791047101,2026-10-04T01:05:01,io.nvme0n1.r/s,0.0
1791047101,2026-10-04T01:05:01,io.nvme0n1.rkB/s,0.0
1791047101,2026-10-04T01:05:01,io.nvme0n1.r_await,0.0
1791047101,2026-10-04T01:05:01,io.nvme0n1.w/s,256.2
1791047101,2026-10-04T01:05:01,io.nvme0n1.wkB/s,9562.8
1791047101,2026-10-04T01:05:01,io.nvme0n1.w_await,0.82
1791047101,2026-10-04T01:05:01,io.nvme0n1.f/s,65.2
1791047101,2026-10-04T01:05:01,io.nvme0n1.aqu-sz,0.28
1791047101,2026-10-04T01:05:01,io.nvme0n1.%util,17.51
1791047101,2026-10-04T01:05:01,io.nvme1n1.r/s,0.0
1791047101,2026-10-04T01:05:01,io.nvme1n1.rkB/s,0.0
1791047101,2026-10-04T01:05:01,io.nvme1n1.r_await,0.0
1791047101,2026-10-04T01:05:01,io.nvme1n1.w/s,253.5
1791047101,2026-10-04T01:05:01,io.nvme1n1.wkB/s,9332.8
1791047101,2026-10-04T01:05:01,io.nvme1n1.w_await,0.81
1791047101,2026-10-04T01:05:01,io.nvme1n1.f/s,65.2
1791047101,2026-10-04T01:05:01,io.nvme1n1.aqu-sz,0.28
1791047101,2026-10-04T01:05:01,io.nvme1n1.%util,17.71
1791047111,2026-10-04T01:05:11,host.cpu_pct,11.031581591008978
1791047111,2026-10-04T01:05:11,host.run_cpu_pct,10.920174593814677
1791047111,2026-10-04T01:05:11,host.nonrun_cpu_pct,0.11140699719430103
1791047111,2026-10-04T01:05:11,docker.dev-peer0.org2.example.com-saksi-bulletin_1.0-ee3fe73bad456e43adfc5ba27d9e5a60983b69e8496140308fb21061ecb2ff85.cpu_pct,0.0
1791047111,2026-10-04T01:05:11,docker.dev-peer0.org2.example.com-saksi-bulletin_1.0-ee3fe73bad456e43adfc5ba27d9e5a60983b69e8496140308fb21061ecb2ff85.mem_bytes,6839861.248
1791047111,2026-10-04T01:05:11,docker.dev-peer0.org2.example.com-saksi-bulletin_1.0-ee3fe73bad456e43adfc5ba27d9e5a60983b69e8496140308fb21061ecb2ff85.blk_read_bytes,0.0
1791047111,2026-10-04T01:05:11,docker.dev-peer0.org2.example.com-saksi-bulletin_1.0-ee3fe73bad456e43adfc5ba27d9e5a60983b69e8496140308fb21061ecb2ff85.blk_write_bytes,0.0
1791047111,2026-10-04T01:05:11,docker.dev-peer0.org1.example.com-saksi-bulletin_1.0-ee3fe73bad456e43adfc5ba27d9e5a60983b69e8496140308fb21061ecb2ff85.cpu_pct,0.0
1791047111,2026-10-04T01:05:11,docker.dev-peer0.org1.example.com-saksi-bulletin_1.0-ee3fe73bad456e43adfc5ba27d9e5a60983b69e8496140308fb21061ecb2ff85.mem_bytes,17941135.36
1791047111,2026-10-04T01:05:11,docker.dev-peer0.org1.example.com-saksi-bulletin_1.0-ee3fe73bad456e43adfc5ba27d9e5a60983b69e8496140308fb21061ecb2ff85.blk_read_bytes,0.0
1791047111,2026-10-04T01:05:11,docker.dev-peer0.org1.example.com-saksi-bulletin_1.0-ee3fe73bad456e43adfc5ba27d9e5a60983b69e8496140308fb21061ecb2ff85.blk_write_bytes,0.0
1791047111,2026-10-04T01:05:11,docker.peer0.org1.example.com.cpu_pct,1.73
1791047111,2026-10-04T01:05:11,docker.peer0.org1.example.com.mem_bytes,251763097.6
1791047111,2026-10-04T01:05:11,docker.peer0.org1.example.com.blk_read_bytes,0.0
1791047111,2026-10-04T01:05:11,docker.peer0.org1.example.com.blk_write_bytes,1450000000.0
1791047111,2026-10-04T01:05:11,docker.peer0.org2.example.com.cpu_pct,1.9
1791047111,2026-10-04T01:05:11,docker.peer0.org2.example.com.mem_bytes,174273331.2
1791047111,2026-10-04T01:05:11,docker.peer0.org2.example.com.blk_read_bytes,0.0
1791047111,2026-10-04T01:05:11,docker.peer0.org2.example.com.blk_write_bytes,1450000000.0
1791047111,2026-10-04T01:05:11,docker.orderer.example.com.cpu_pct,0.1
1791047111,2026-10-04T01:05:11,docker.orderer.example.com.mem_bytes,217894092.8
1791047111,2026-10-04T01:05:11,docker.orderer.example.com.blk_read_bytes,0.0
1791047111,2026-10-04T01:05:11,docker.orderer.example.com.blk_write_bytes,1390000000.0
1791047111,2026-10-04T01:05:11,host.MemTotal_kb,64932116
1791047111,2026-10-04T01:05:11,host.MemAvailable_kb,62985844
1791047111,2026-10-04T01:05:11,host.Cached_kb,8771548
1791047111,2026-10-04T01:05:11,host.SwapTotal_kb,0
1791047111,2026-10-04T01:05:11,host.SwapFree_kb,0
1791047111,2026-10-04T01:05:11,host.Dirty_kb,12400
1791047111,2026-10-04T01:05:11,host.load1,2.78
1791047111,2026-10-04T01:05:11,host.load5,2.22
1791047111,2026-10-04T01:05:11,host.root_free_bytes,934072860672
1791047111,2026-10-04T01:05:11,host.root_used_bytes,10899976192
1791047111,2026-10-04T01:05:11,io.md2.r/s,0.0
1791047111,2026-10-04T01:05:11,io.md2.rkB/s,0.0
1791047111,2026-10-04T01:05:11,io.md2.r_await,0.0
1791047111,2026-10-04T01:05:11,io.md2.w/s,121.3
1791047111,2026-10-04T01:05:11,io.md2.wkB/s,4288.4
1791047111,2026-10-04T01:05:11,io.md2.w_await,0.42
1791047111,2026-10-04T01:05:11,io.md2.f/s,0.0
1791047111,2026-10-04T01:05:11,io.md2.aqu-sz,0.05
1791047111,2026-10-04T01:05:11,io.md2.%util,1.92
1791047111,2026-10-04T01:05:11,io.nvme0n1.r/s,0.0
1791047111,2026-10-04T01:05:11,io.nvme0n1.rkB/s,0.0
1791047111,2026-10-04T01:05:11,io.nvme0n1.r_await,0.0
1791047111,2026-10-04T01:05:11,io.nvme0n1.w/s,51.2
1791047111,2026-10-04T01:05:11,io.nvme0n1.wkB/s,2118.4
1791047111,2026-10-04T01:05:11,io.nvme0n1.w_await,0.5
1791047111,2026-10-04T01:05:11,io.nvme0n1.f/s,4.4
1791047111,2026-10-04T01:05:11,io.nvme0n1.aqu-sz,0.03
1791047111,2026-10-04T01:05:11,io.nvme0n1.%util,1.59
1791047111,2026-10-04T01:05:11,io.nvme1n1.r/s,0.0
1791047111,2026-10-04T01:05:11,io.nvme1n1.rkB/s,0.0
1791047111,2026-10-04T01:05:11,io.nvme1n1.r_await,0.0
1791047111,2026-10-04T01:05:11,io.nvme1n1.w/s,48.5
1791047111,2026-10-04T01:05:11,io.nvme1n1.wkB/s,2170.0
1791047111,2026-10-04T01:05:11,io.nvme1n1.w_await,0.48
1791047111,2026-10-04T01:05:11,io.nvme1n1.f/s,4.4
1791047111,2026-10-04T01:05:11,io.nvme1n1.aqu-sz,0.03
1791047111,2026-10-04T01:05:11,io.nvme1n1.%util,1.28
1791047121,2026-10-04T01:05:21,host.cpu_pct,0.45118435894222336
1791047121,2026-10-04T01:05:21,host.run_cpu_pct,0.2605291170948031
1791047121,2026-10-04T01:05:21,host.nonrun_cpu_pct,0.19065524184742028
1791047121,2026-10-04T01:05:21,docker.dev-peer0.org2.example.com-saksi-bulletin_1.0-ee3fe73bad456e43adfc5ba27d9e5a60983b69e8496140308fb21061ecb2ff85.cpu_pct,0.0
1791047121,2026-10-04T01:05:21,docker.dev-peer0.org2.example.com-saksi-bulletin_1.0-ee3fe73bad456e43adfc5ba27d9e5a60983b69e8496140308fb21061ecb2ff85.mem_bytes,6839861.248
1791047121,2026-10-04T01:05:21,docker.dev-peer0.org2.example.com-saksi-bulletin_1.0-ee3fe73bad456e43adfc5ba27d9e5a60983b69e8496140308fb21061ecb2ff85.blk_read_bytes,0.0
1791047121,2026-10-04T01:05:21,docker.dev-peer0.org2.example.com-saksi-bulletin_1.0-ee3fe73bad456e43adfc5ba27d9e5a60983b69e8496140308fb21061ecb2ff85.blk_write_bytes,0.0
1791047121,2026-10-04T01:05:21,docker.dev-peer0.org1.example.com-saksi-bulletin_1.0-ee3fe73bad456e43adfc5ba27d9e5a60983b69e8496140308fb21061ecb2ff85.cpu_pct,0.0
1791047121,2026-10-04T01:05:21,docker.dev-peer0.org1.example.com-saksi-bulletin_1.0-ee3fe73bad456e43adfc5ba27d9e5a60983b69e8496140308fb21061ecb2ff85.mem_bytes,17941135.36
1791047121,2026-10-04T01:05:21,docker.dev-peer0.org1.example.com-saksi-bulletin_1.0-ee3fe73bad456e43adfc5ba27d9e5a60983b69e8496140308fb21061ecb2ff85.blk_read_bytes,0.0
1791047121,2026-10-04T01:05:21,docker.dev-peer0.org1.example.com-saksi-bulletin_1.0-ee3fe73bad456e43adfc5ba27d9e5a60983b69e8496140308fb21061ecb2ff85.blk_write_bytes,0.0
1791047121,2026-10-04T01:05:21,docker.peer0.org1.example.com.cpu_pct,1.56
1791047121,2026-10-04T01:05:21,docker.peer0.org1.example.com.mem_bytes,251763097.6
1791047121,2026-10-04T01:05:21,docker.peer0.org1.example.com.blk_read_bytes,0.0
1791047121,2026-10-04T01:05:21,docker.peer0.org1.example.com.blk_write_bytes,1450000000.0
1791047121,2026-10-04T01:05:21,docker.peer0.org2.example.com.cpu_pct,1.55
1791047121,2026-10-04T01:05:21,docker.peer0.org2.example.com.mem_bytes,174273331.2
1791047121,2026-10-04T01:05:21,docker.peer0.org2.example.com.blk_read_bytes,0.0
1791047121,2026-10-04T01:05:21,docker.peer0.org2.example.com.blk_write_bytes,1450000000.0
1791047121,2026-10-04T01:05:21,docker.orderer.example.com.cpu_pct,0.08
1791047121,2026-10-04T01:05:21,docker.orderer.example.com.mem_bytes,217894092.8
1791047121,2026-10-04T01:05:21,docker.orderer.example.com.blk_read_bytes,0.0
1791047121,2026-10-04T01:05:21,docker.orderer.example.com.blk_write_bytes,1390000000.0
1791047121,2026-10-04T01:05:21,host.MemTotal_kb,64932116
1791047121,2026-10-04T01:05:21,host.MemAvailable_kb,62996324
1791047121,2026-10-04T01:05:21,host.Cached_kb,8771560
1791047121,2026-10-04T01:05:21,host.SwapTotal_kb,0
1791047121,2026-10-04T01:05:21,host.SwapFree_kb,0
1791047121,2026-10-04T01:05:21,host.Dirty_kb,8080
1791047121,2026-10-04T01:05:21,host.load1,2.35
1791047121,2026-10-04T01:05:21,host.load5,2.15
1791047121,2026-10-04T01:05:21,host.root_free_bytes,934072848384
1791047121,2026-10-04T01:05:21,host.root_used_bytes,10899988480
1791047121,2026-10-04T01:05:21,io.md2.r/s,0.0
1791047121,2026-10-04T01:05:21,io.md2.rkB/s,0.0
1791047121,2026-10-04T01:05:21,io.md2.r_await,0.0
1791047121,2026-10-04T01:05:21,io.md2.w/s,68.3
1791047121,2026-10-04T01:05:21,io.md2.wkB/s,336.8
1791047121,2026-10-04T01:05:21,io.md2.w_await,0.33
1791047121,2026-10-04T01:05:21,io.md2.f/s,0.0
1791047121,2026-10-04T01:05:21,io.md2.aqu-sz,0.02
1791047121,2026-10-04T01:05:21,io.md2.%util,1.34
1791047121,2026-10-04T01:05:21,io.nvme0n1.r/s,0.0
1791047121,2026-10-04T01:05:21,io.nvme0n1.rkB/s,0.0
1791047121,2026-10-04T01:05:21,io.nvme0n1.r_await,0.0
1791047121,2026-10-04T01:05:21,io.nvme0n1.w/s,26.8
1791047121,2026-10-04T01:05:21,io.nvme0n1.wkB/s,155.2
1791047121,2026-10-04T01:05:21,io.nvme0n1.w_await,0.4
1791047121,2026-10-04T01:05:21,io.nvme0n1.f/s,3.1
1791047121,2026-10-04T01:05:21,io.nvme0n1.aqu-sz,0.01
1791047121,2026-10-04T01:05:21,io.nvme0n1.%util,0.58
1791047121,2026-10-04T01:05:21,io.nvme1n1.r/s,0.0
1791047121,2026-10-04T01:05:21,io.nvme1n1.rkB/s,0.0
1791047121,2026-10-04T01:05:21,io.nvme1n1.r_await,0.0
1791047121,2026-10-04T01:05:21,io.nvme1n1.w/s,28.4
1791047121,2026-10-04T01:05:21,io.nvme1n1.wkB/s,181.6
1791047121,2026-10-04T01:05:21,io.nvme1n1.w_await,0.64
1791047121,2026-10-04T01:05:21,io.nvme1n1.f/s,3.1
1791047121,2026-10-04T01:05:21,io.nvme1n1.aqu-sz,0.02
1791047121,2026-10-04T01:05:21,io.nvme1n1.%util,1.35
1791047131,2026-10-04T01:05:31,host.cpu_pct,0.47619047619047616
1791047131,2026-10-04T01:05:31,host.run_cpu_pct,0.26239707503421256
1791047131,2026-10-04T01:05:31,host.nonrun_cpu_pct,0.2137934011562636
1791047131,2026-10-04T01:05:31,docker.dev-peer0.org2.example.com-saksi-bulletin_1.0-ee3fe73bad456e43adfc5ba27d9e5a60983b69e8496140308fb21061ecb2ff85.cpu_pct,0.0
1791047131,2026-10-04T01:05:31,docker.dev-peer0.org2.example.com-saksi-bulletin_1.0-ee3fe73bad456e43adfc5ba27d9e5a60983b69e8496140308fb21061ecb2ff85.mem_bytes,6839861.248
1791047131,2026-10-04T01:05:31,docker.dev-peer0.org2.example.com-saksi-bulletin_1.0-ee3fe73bad456e43adfc5ba27d9e5a60983b69e8496140308fb21061ecb2ff85.blk_read_bytes,0.0
1791047131,2026-10-04T01:05:31,docker.dev-peer0.org2.example.com-saksi-bulletin_1.0-ee3fe73bad456e43adfc5ba27d9e5a60983b69e8496140308fb21061ecb2ff85.blk_write_bytes,0.0
1791047131,2026-10-04T01:05:31,docker.dev-peer0.org1.example.com-saksi-bulletin_1.0-ee3fe73bad456e43adfc5ba27d9e5a60983b69e8496140308fb21061ecb2ff85.cpu_pct,0.0
1791047131,2026-10-04T01:05:31,docker.dev-peer0.org1.example.com-saksi-bulletin_1.0-ee3fe73bad456e43adfc5ba27d9e5a60983b69e8496140308fb21061ecb2ff85.mem_bytes,17941135.36
1791047131,2026-10-04T01:05:31,docker.dev-peer0.org1.example.com-saksi-bulletin_1.0-ee3fe73bad456e43adfc5ba27d9e5a60983b69e8496140308fb21061ecb2ff85.blk_read_bytes,0.0
1791047131,2026-10-04T01:05:31,docker.dev-peer0.org1.example.com-saksi-bulletin_1.0-ee3fe73bad456e43adfc5ba27d9e5a60983b69e8496140308fb21061ecb2ff85.blk_write_bytes,0.0
1791047131,2026-10-04T01:05:31,docker.peer0.org1.example.com.cpu_pct,1.76
1791047131,2026-10-04T01:05:31,docker.peer0.org1.example.com.mem_bytes,251763097.6
1791047131,2026-10-04T01:05:31,docker.peer0.org1.example.com.blk_read_bytes,0.0
1791047131,2026-10-04T01:05:31,docker.peer0.org1.example.com.blk_write_bytes,1450000000.0
1791047131,2026-10-04T01:05:31,docker.peer0.org2.example.com.cpu_pct,1.85
1791047131,2026-10-04T01:05:31,docker.peer0.org2.example.com.mem_bytes,174273331.2
1791047131,2026-10-04T01:05:31,docker.peer0.org2.example.com.blk_read_bytes,0.0
1791047131,2026-10-04T01:05:31,docker.peer0.org2.example.com.blk_write_bytes,1450000000.0
1791047131,2026-10-04T01:05:31,docker.orderer.example.com.cpu_pct,0.05
1791047131,2026-10-04T01:05:31,docker.orderer.example.com.mem_bytes,217894092.8
1791047131,2026-10-04T01:05:31,docker.orderer.example.com.blk_read_bytes,0.0
1791047131,2026-10-04T01:05:31,docker.orderer.example.com.blk_write_bytes,1390000000.0
1791047131,2026-10-04T01:05:31,host.MemTotal_kb,64932116
1791047131,2026-10-04T01:05:31,host.MemAvailable_kb,63001800
1791047131,2026-10-04T01:05:31,host.Cached_kb,8771568
1791047131,2026-10-04T01:05:31,host.SwapTotal_kb,0
1791047131,2026-10-04T01:05:31,host.SwapFree_kb,0
1791047131,2026-10-04T01:05:31,host.Dirty_kb,576
1791047131,2026-10-04T01:05:31,host.load1,1.99
1791047131,2026-10-04T01:05:31,host.load5,2.08
1791047131,2026-10-04T01:05:31,host.root_free_bytes,934072840192
1791047131,2026-10-04T01:05:31,host.root_used_bytes,10899996672
1791047131,2026-10-04T01:05:31,io.md2.r/s,0.0
1791047131,2026-10-04T01:05:31,io.md2.rkB/s,0.0
1791047131,2026-10-04T01:05:31,io.md2.r_await,0.0
1791047131,2026-10-04T01:05:31,io.md2.w/s,42.5
1791047131,2026-10-04T01:05:31,io.md2.wkB/s,595.6
1791047131,2026-10-04T01:05:31,io.md2.w_await,0.11
1791047131,2026-10-04T01:05:31,io.md2.f/s,0.0
1791047131,2026-10-04T01:05:31,io.md2.aqu-sz,0.0
1791047131,2026-10-04T01:05:31,io.md2.%util,0.13
1791047131,2026-10-04T01:05:31,io.nvme0n1.r/s,0.0
1791047131,2026-10-04T01:05:31,io.nvme0n1.rkB/s,0.0
1791047131,2026-10-04T01:05:31,io.nvme0n1.r_await,0.0
1791047131,2026-10-04T01:05:31,io.nvme0n1.w/s,21.4
1791047131,2026-10-04T01:05:31,io.nvme0n1.wkB/s,316.0
1791047131,2026-10-04T01:05:31,io.nvme0n1.w_await,0.14
1791047131,2026-10-04T01:05:31,io.nvme0n1.f/s,0.2
1791047131,2026-10-04T01:05:31,io.nvme0n1.aqu-sz,0.0
1791047131,2026-10-04T01:05:31,io.nvme0n1.%util,0.13
1791047131,2026-10-04T01:05:31,io.nvme1n1.r/s,0.0
1791047131,2026-10-04T01:05:31,io.nvme1n1.rkB/s,0.0
1791047131,2026-10-04T01:05:31,io.nvme1n1.r_await,0.0
1791047131,2026-10-04T01:05:31,io.nvme1n1.w/s,18.3
1791047131,2026-10-04T01:05:31,io.nvme1n1.wkB/s,279.6
1791047131,2026-10-04T01:05:31,io.nvme1n1.w_await,0.11
1791047131,2026-10-04T01:05:31,io.nvme1n1.f/s,0.2
1791047131,2026-10-04T01:05:31,io.nvme1n1.aqu-sz,0.0
1791047131,2026-10-04T01:05:31,io.nvme1n1.%util,0.03
1791047141,2026-10-04T01:05:41,host.cpu_pct,0.47619047619047616
1791047141,2026-10-04T01:05:41,host.run_cpu_pct,0.26820136301100456
1791047141,2026-10-04T01:05:41,host.nonrun_cpu_pct,0.2079891131794716
1791047141,2026-10-04T01:05:41,docker.dev-peer0.org2.example.com-saksi-bulletin_1.0-ee3fe73bad456e43adfc5ba27d9e5a60983b69e8496140308fb21061ecb2ff85.cpu_pct,0.0
1791047141,2026-10-04T01:05:41,docker.dev-peer0.org2.example.com-saksi-bulletin_1.0-ee3fe73bad456e43adfc5ba27d9e5a60983b69e8496140308fb21061ecb2ff85.mem_bytes,6839861.248
1791047141,2026-10-04T01:05:41,docker.dev-peer0.org2.example.com-saksi-bulletin_1.0-ee3fe73bad456e43adfc5ba27d9e5a60983b69e8496140308fb21061ecb2ff85.blk_read_bytes,0.0
1791047141,2026-10-04T01:05:41,docker.dev-peer0.org2.example.com-saksi-bulletin_1.0-ee3fe73bad456e43adfc5ba27d9e5a60983b69e8496140308fb21061ecb2ff85.blk_write_bytes,0.0
1791047141,2026-10-04T01:05:41,docker.dev-peer0.org1.example.com-saksi-bulletin_1.0-ee3fe73bad456e43adfc5ba27d9e5a60983b69e8496140308fb21061ecb2ff85.cpu_pct,0.0
1791047141,2026-10-04T01:05:41,docker.dev-peer0.org1.example.com-saksi-bulletin_1.0-ee3fe73bad456e43adfc5ba27d9e5a60983b69e8496140308fb21061ecb2ff85.mem_bytes,17941135.36
1791047141,2026-10-04T01:05:41,docker.dev-peer0.org1.example.com-saksi-bulletin_1.0-ee3fe73bad456e43adfc5ba27d9e5a60983b69e8496140308fb21061ecb2ff85.blk_read_bytes,0.0
1791047141,2026-10-04T01:05:41,docker.dev-peer0.org1.example.com-saksi-bulletin_1.0-ee3fe73bad456e43adfc5ba27d9e5a60983b69e8496140308fb21061ecb2ff85.blk_write_bytes,0.0
1791047141,2026-10-04T01:05:41,docker.peer0.org1.example.com.cpu_pct,1.59
1791047141,2026-10-04T01:05:41,docker.peer0.org1.example.com.mem_bytes,251763097.6
1791047141,2026-10-04T01:05:41,docker.peer0.org1.example.com.blk_read_bytes,0.0
1791047141,2026-10-04T01:05:41,docker.peer0.org1.example.com.blk_write_bytes,1450000000.0
1791047141,2026-10-04T01:05:41,docker.peer0.org2.example.com.cpu_pct,1.61
1791047141,2026-10-04T01:05:41,docker.peer0.org2.example.com.mem_bytes,174273331.2
1791047141,2026-10-04T01:05:41,docker.peer0.org2.example.com.blk_read_bytes,0.0
1791047141,2026-10-04T01:05:41,docker.peer0.org2.example.com.blk_write_bytes,1450000000.0
1791047141,2026-10-04T01:05:41,docker.orderer.example.com.cpu_pct,0.07
1791047141,2026-10-04T01:05:41,docker.orderer.example.com.mem_bytes,217894092.8
1791047141,2026-10-04T01:05:41,docker.orderer.example.com.blk_read_bytes,0.0
1791047141,2026-10-04T01:05:41,docker.orderer.example.com.blk_write_bytes,1390000000.0
1791047141,2026-10-04T01:05:41,host.MemTotal_kb,64932116
1791047141,2026-10-04T01:05:41,host.MemAvailable_kb,63001944
1791047141,2026-10-04T01:05:41,host.Cached_kb,8771580
1791047141,2026-10-04T01:05:41,host.SwapTotal_kb,0
1791047141,2026-10-04T01:05:41,host.SwapFree_kb,0
1791047141,2026-10-04T01:05:41,host.Dirty_kb,484
1791047141,2026-10-04T01:05:41,host.load1,1.68
1791047141,2026-10-04T01:05:41,host.load5,2.01
1791047141,2026-10-04T01:05:41,host.root_free_bytes,934072827904
1791047141,2026-10-04T01:05:41,host.root_used_bytes,10900008960
1791047141,2026-10-04T01:05:41,io.md2.r/s,0.0
1791047141,2026-10-04T01:05:41,io.md2.rkB/s,0.0
1791047141,2026-10-04T01:05:41,io.md2.r_await,0.0
1791047141,2026-10-04T01:05:41,io.md2.w/s,43.6
1791047141,2026-10-04T01:05:41,io.md2.wkB/s,907.6
1791047141,2026-10-04T01:05:41,io.md2.w_await,0.14
1791047141,2026-10-04T01:05:41,io.md2.f/s,0.0
1791047141,2026-10-04T01:05:41,io.md2.aqu-sz,0.01
1791047141,2026-10-04T01:05:41,io.md2.%util,0.14
1791047141,2026-10-04T01:05:41,io.nvme0n1.r/s,0.0
1791047141,2026-10-04T01:05:41,io.nvme0n1.rkB/s,0.0
1791047141,2026-10-04T01:05:41,io.nvme0n1.r_await,0.0
1791047141,2026-10-04T01:05:41,io.nvme0n1.w/s,21.1
1791047141,2026-10-04T01:05:41,io.nvme0n1.wkB/s,449.6
1791047141,2026-10-04T01:05:41,io.nvme0n1.w_await,0.15
1791047141,2026-10-04T01:05:41,io.nvme0n1.f/s,0.2
1791047141,2026-10-04T01:05:41,io.nvme0n1.aqu-sz,0.0
1791047141,2026-10-04T01:05:41,io.nvme0n1.%util,0.17
1791047141,2026-10-04T01:05:41,io.nvme1n1.r/s,0.0
1791047141,2026-10-04T01:05:41,io.nvme1n1.rkB/s,0.0
1791047141,2026-10-04T01:05:41,io.nvme1n1.r_await,0.0
1791047141,2026-10-04T01:05:41,io.nvme1n1.w/s,20.3
1791047141,2026-10-04T01:05:41,io.nvme1n1.wkB/s,458.0
1791047141,2026-10-04T01:05:41,io.nvme1n1.w_await,0.1
1791047141,2026-10-04T01:05:41,io.nvme1n1.f/s,0.2
1791047141,2026-10-04T01:05:41,io.nvme1n1.aqu-sz,0.0
1791047141,2026-10-04T01:05:41,io.nvme1n1.%util,0.05
1791047151,2026-10-04T01:05:51,host.cpu_pct,0.44494579181550414
1791047151,2026-10-04T01:05:51,host.run_cpu_pct,0.26104730109425894
1791047151,2026-10-04T01:05:51,host.nonrun_cpu_pct,0.1838984907212452
1791047151,2026-10-04T01:05:51,docker.dev-peer0.org2.example.com-saksi-bulletin_1.0-ee3fe73bad456e43adfc5ba27d9e5a60983b69e8496140308fb21061ecb2ff85.cpu_pct,0.0
1791047151,2026-10-04T01:05:51,docker.dev-peer0.org2.example.com-saksi-bulletin_1.0-ee3fe73bad456e43adfc5ba27d9e5a60983b69e8496140308fb21061ecb2ff85.mem_bytes,6839861.248
1791047151,2026-10-04T01:05:51,docker.dev-peer0.org2.example.com-saksi-bulletin_1.0-ee3fe73bad456e43adfc5ba27d9e5a60983b69e8496140308fb21061ecb2ff85.blk_read_bytes,0.0
1791047151,2026-10-04T01:05:51,docker.dev-peer0.org2.example.com-saksi-bulletin_1.0-ee3fe73bad456e43adfc5ba27d9e5a60983b69e8496140308fb21061ecb2ff85.blk_write_bytes,0.0
1791047151,2026-10-04T01:05:51,docker.dev-peer0.org1.example.com-saksi-bulletin_1.0-ee3fe73bad456e43adfc5ba27d9e5a60983b69e8496140308fb21061ecb2ff85.cpu_pct,0.0
1791047151,2026-10-04T01:05:51,docker.dev-peer0.org1.example.com-saksi-bulletin_1.0-ee3fe73bad456e43adfc5ba27d9e5a60983b69e8496140308fb21061ecb2ff85.mem_bytes,17941135.36
1791047151,2026-10-04T01:05:51,docker.dev-peer0.org1.example.com-saksi-bulletin_1.0-ee3fe73bad456e43adfc5ba27d9e5a60983b69e8496140308fb21061ecb2ff85.blk_read_bytes,0.0
1791047151,2026-10-04T01:05:51,docker.dev-peer0.org1.example.com-saksi-bulletin_1.0-ee3fe73bad456e43adfc5ba27d9e5a60983b69e8496140308fb21061ecb2ff85.blk_write_bytes,0.0
1791047151,2026-10-04T01:05:51,docker.peer0.org1.example.com.cpu_pct,1.65
1791047151,2026-10-04T01:05:51,docker.peer0.org1.example.com.mem_bytes,251763097.6
1791047151,2026-10-04T01:05:51,docker.peer0.org1.example.com.blk_read_bytes,0.0
1791047151,2026-10-04T01:05:51,docker.peer0.org1.example.com.blk_write_bytes,1450000000.0
1791047151,2026-10-04T01:05:51,docker.peer0.org2.example.com.cpu_pct,1.86
1791047151,2026-10-04T01:05:51,docker.peer0.org2.example.com.mem_bytes,174483046.4
1791047151,2026-10-04T01:05:51,docker.peer0.org2.example.com.blk_read_bytes,0.0
1791047151,2026-10-04T01:05:51,docker.peer0.org2.example.com.blk_write_bytes,1450000000.0
1791047151,2026-10-04T01:05:51,docker.orderer.example.com.cpu_pct,0.06
1791047151,2026-10-04T01:05:51,docker.orderer.example.com.mem_bytes,217894092.8
1791047151,2026-10-04T01:05:51,docker.orderer.example.com.blk_read_bytes,0.0
1791047151,2026-10-04T01:05:51,docker.orderer.example.com.blk_write_bytes,1390000000.0
1791047151,2026-10-04T01:05:51,host.MemTotal_kb,64932116
1791047151,2026-10-04T01:05:51,host.MemAvailable_kb,63004888
1791047151,2026-10-04T01:05:51,host.Cached_kb,8771588
1791047151,2026-10-04T01:05:51,host.SwapTotal_kb,0
1791047151,2026-10-04T01:05:51,host.SwapFree_kb,0
1791047151,2026-10-04T01:05:51,host.Dirty_kb,304
1791047151,2026-10-04T01:05:51,host.load1,1.42
1791047151,2026-10-04T01:05:51,host.load5,1.94
1791047151,2026-10-04T01:05:51,host.root_free_bytes,934072819712
1791047151,2026-10-04T01:05:51,host.root_used_bytes,10900017152
1791047151,2026-10-04T01:05:51,io.md2.r/s,0.0
1791047151,2026-10-04T01:05:51,io.md2.rkB/s,0.0
1791047151,2026-10-04T01:05:51,io.md2.r_await,0.0
1791047151,2026-10-04T01:05:51,io.md2.w/s,36.4
1791047151,2026-10-04T01:05:51,io.md2.wkB/s,166.4
1791047151,2026-10-04T01:05:51,io.md2.w_await,0.11
1791047151,2026-10-04T01:05:51,io.md2.f/s,0.0
1791047151,2026-10-04T01:05:51,io.md2.aqu-sz,0.0
1791047151,2026-10-04T01:05:51,io.md2.%util,0.13
1791047151,2026-10-04T01:05:51,io.nvme0n1.r/s,0.0
1791047151,2026-10-04T01:05:51,io.nvme0n1.rkB/s,0.0
1791047151,2026-10-04T01:05:51,io.nvme0n1.r_await,0.0
1791047151,2026-10-04T01:05:51,io.nvme0n1.w/s,18.7
1791047151,2026-10-04T01:05:51,io.nvme0n1.wkB/s,94.0
1791047151,2026-10-04T01:05:51,io.nvme0n1.w_await,0.14
1791047151,2026-10-04T01:05:51,io.nvme0n1.f/s,0.2
1791047151,2026-10-04T01:05:51,io.nvme0n1.aqu-sz,0.0
1791047151,2026-10-04T01:05:51,io.nvme0n1.%util,0.11
1791047151,2026-10-04T01:05:51,io.nvme1n1.r/s,0.0
1791047151,2026-10-04T01:05:51,io.nvme1n1.rkB/s,0.0
1791047151,2026-10-04T01:05:51,io.nvme1n1.r_await,0.0
1791047151,2026-10-04T01:05:51,io.nvme1n1.w/s,15.6
1791047151,2026-10-04T01:05:51,io.nvme1n1.wkB/s,72.4
1791047151,2026-10-04T01:05:51,io.nvme1n1.w_await,0.13
1791047151,2026-10-04T01:05:51,io.nvme1n1.f/s,0.2
1791047151,2026-10-04T01:05:51,io.nvme1n1.aqu-sz,0.0
1791047151,2026-10-04T01:05:51,io.nvme1n1.%util,0.08
