event,ref,tx_id,block_number,block_hash,data_hash,previous_hash,timestamp
CreateElection,,35bd8513f280877497711064cb986f7ae458aa575c145aa5b262e9ebf535654e,188,495cf8e6a23821b5b5bc7b9f3fee2bf30198cfd55e29f4d3366084a7de2fd0e3,a4d8e107be19b8f76d6efa1afc19f7305af6d8d6e9fe5df3858f3b95aa060886,4cece8d181a944a7d231135f23112b7ee7406a13e496d1bd530d9930484fbcbf,2026-09-30T17:58:38Z
PublishDKGTranscript,,27254ffa8995d08d96673bc2853a50dfb371968a90d90961fe910a037841f211,189,22c4cf11664271f75daa15a92a9cc9c054313a778aaea46948f17153c2121591,ad2217a068c32c6b1bb36028658e65636a0b59740f37690db63123e084765a69,495cf8e6a23821b5b5bc7b9f3fee2bf30198cfd55e29f4d3366084a7de2fd0e3,2026-09-30T17:58:40Z
CloseElection,,b4b12b95f72699b7470bf4d03d0fc0fda3d8c9364a1d0ba874ecb9ef9248dfe4,250,ac5d929c909abe1310396435621311a7f69301a52addcddc08996e6f08a9b6f0,8effd3d5e73a9b79dff7270143836ffee94563f6bbf2f3d996f54ed5be98f0e5,92d0532b3b208e794644bec616ba74495722bcc3fe9f90f8354302afc97e2ac7,2026-09-30T17:58:57Z
SubmitPartialDecryption,10,b67b21b4afdeea76013c564be3423bd6d33db267d36e30ce5058f6a281dc49d0,251,5cb25e1ce88c93769c97b3751e21f60506f90993f7e7a0b2e6cb8f8cb9675315,e6094468398da0d024a826e5eadb7ff98f2050cc03e1d2f52bf53f9a0bd13174,ac5d929c909abe1310396435621311a7f69301a52addcddc08996e6f08a9b6f0,2026-09-30T17:58:59Z
SubmitPartialDecryption,11,44bd153b0a0972e126f484f82e3a750dc7b454ba7ea2201730ced408c4f794bf,251,5cb25e1ce88c93769c97b3751e21f60506f90993f7e7a0b2e6cb8f8cb9675315,e6094468398da0d024a826e5eadb7ff98f2050cc03e1d2f52bf53f9a0bd13174,ac5d929c909abe1310396435621311a7f69301a52addcddc08996e6f08a9b6f0,2026-09-30T17:58:59Z
SubmitPartialDecryption,12,0e7ae52feb57f96d5d0a8d0e4f33b664c63245fece2bb1735fdac3abf879d258,251,5cb25e1ce88c93769c97b3751e21f60506f90993f7e7a0b2e6cb8f8cb9675315,e6094468398da0d024a826e5eadb7ff98f2050cc03e1d2f52bf53f9a0bd13174,ac5d929c909abe1310396435621311a7f69301a52addcddc08996e6f08a9b6f0,2026-09-30T17:58:59Z
SubmitPartialDecryption,4,1a1595c9f9f679f39ccdeae5e86250ca1be8552f56bcfb67c757690bc891cf32,251,5cb25e1ce88c93769c97b3751e21f60506f90993f7e7a0b2e6cb8f8cb9675315,e6094468398da0d024a826e5eadb7ff98f2050cc03e1d2f52bf53f9a0bd13174,ac5d929c909abe1310396435621311a7f69301a52addcddc08996e6f08a9b6f0,2026-09-30T17:58:59Z
SubmitPartialDecryption,13,36a80ec810658fe803a06263a55043d5a17c03aea55e0c3321bb7f4ca68eb04e,251,5cb25e1ce88c93769c97b3751e21f60506f90993f7e7a0b2e6cb8f8cb9675315,e6094468398da0d024a826e5eadb7ff98f2050cc03e1d2f52bf53f9a0bd13174,ac5d929c909abe1310396435621311a7f69301a52addcddc08996e6f08a9b6f0,2026-09-30T17:58:59Z
SubmitPartialDecryption,3,1ad527cedf8ab157ea73b93f5f93c76e4bdd049b2b3057f493351e54f1523168,251,5cb25e1ce88c93769c97b3751e21f60506f90993f7e7a0b2e6cb8f8cb9675315,e6094468398da0d024a826e5eadb7ff98f2050cc03e1d2f52bf53f9a0bd13174,ac5d929c909abe1310396435621311a7f69301a52addcddc08996e6f08a9b6f0,2026-09-30T17:58:59Z
SubmitPartialDecryption,5,0066e131c44f29594093e8f33fc251ede523c6dfd2b7c29b062c06951c66c967,251,5cb25e1ce88c93769c97b3751e21f60506f90993f7e7a0b2e6cb8f8cb9675315,e6094468398da0d024a826e5eadb7ff98f2050cc03e1d2f52bf53f9a0bd13174,ac5d929c909abe1310396435621311a7f69301a52addcddc08996e6f08a9b6f0,2026-09-30T17:58:59Z
SubmitPartialDecryption,9,32eb688d3c3d019f743b34e9b6efc6693dc3437949e253f26bb6070083e3b601,251,5cb25e1ce88c93769c97b3751e21f60506f90993f7e7a0b2e6cb8f8cb9675315,e6094468398da0d024a826e5eadb7ff98f2050cc03e1d2f52bf53f9a0bd13174,ac5d929c909abe1310396435621311a7f69301a52addcddc08996e6f08a9b6f0,2026-09-30T17:58:59Z
SubmitPartialDecryption,7,0073f982a223928dc048c6e96893e2bc5fb363ceb536cc0cd1a4c918b2de4ccb,251,5cb25e1ce88c93769c97b3751e21f60506f90993f7e7a0b2e6cb8f8cb9675315,e6094468398da0d024a826e5eadb7ff98f2050cc03e1d2f52bf53f9a0bd13174,ac5d929c909abe1310396435621311a7f69301a52addcddc08996e6f08a9b6f0,2026-09-30T17:58:59Z
SubmitPartialDecryption,14,2664e9b9e4db1048992c656ccd903809e6f7929abbedf6c0407161a2fa54e619,251,5cb25e1ce88c93769c97b3751e21f60506f90993f7e7a0b2e6cb8f8cb9675315,e6094468398da0d024a826e5eadb7ff98f2050cc03e1d2f52bf53f9a0bd13174,ac5d929c909abe1310396435621311a7f69301a52addcddc08996e6f08a9b6f0,2026-09-30T17:58:59Z
SubmitPartialDecryption,1,7c49ac2b53c9fddc577e9b2640ce6910d56306bcdcc5d2922a5d91c5d53a8773,251,5cb25e1ce88c93769c97b3751e21f60506f90993f7e7a0b2e6cb8f8cb9675315,e6094468398da0d024a826e5eadb7ff98f2050cc03e1d2f52bf53f9a0bd13174,ac5d929c909abe1310396435621311a7f69301a52addcddc08996e6f08a9b6f0,2026-09-30T17:58:59Z
SubmitPartialDecryption,2,ac16ef641215e597b87266511d6b55ddf14c84321e05d6c71d02ad3330ae1ef6,251,5cb25e1ce88c93769c97b3751e21f60506f90993f7e7a0b2e6cb8f8cb9675315,e6094468398da0d024a826e5eadb7ff98f2050cc03e1d2f52bf53f9a0bd13174,ac5d929c909abe1310396435621311a7f69301a52addcddc08996e6f08a9b6f0,2026-09-30T17:58:59Z
SubmitPartialDecryption,6,fef114f58232fe5574a1c6ecc1cf67e923e6f8a0ed19c3f678693df4803dbe6e,251,5cb25e1ce88c93769c97b3751e21f60506f90993f7e7a0b2e6cb8f8cb9675315,e6094468398da0d024a826e5eadb7ff98f2050cc03e1d2f52bf53f9a0bd13174,ac5d929c909abe1310396435621311a7f69301a52addcddc08996e6f08a9b6f0,2026-09-30T17:58:59Z
SubmitPartialDecryption,8,54c1a21acb41c9b58ed9df01e0e3bdfb6f8816b2e28f086a12799f2f3597b8cc,251,5cb25e1ce88c93769c97b3751e21f60506f90993f7e7a0b2e6cb8f8cb9675315,e6094468398da0d024a826e5eadb7ff98f2050cc03e1d2f52bf53f9a0bd13174,ac5d929c909abe1310396435621311a7f69301a52addcddc08996e6f08a9b6f0,2026-09-30T17:58:59Z
SubmitPartialDecryption,0,350e8c7c6805fb2f669ac878e704ec04d8b28395fb049d62cf181c690673dac0,251,5cb25e1ce88c93769c97b3751e21f60506f90993f7e7a0b2e6cb8f8cb9675315,e6094468398da0d024a826e5eadb7ff98f2050cc03e1d2f52bf53f9a0bd13174,ac5d929c909abe1310396435621311a7f69301a52addcddc08996e6f08a9b6f0,2026-09-30T17:58:59Z
SubmitPartialDecryption,15,4590753297ad4bcddde5c109d74df7efdcab8fef8a92f598155838f35e3a8ae1,251,5cb25e1ce88c93769c97b3751e21f60506f90993f7e7a0b2e6cb8f8cb9675315,e6094468398da0d024a826e5eadb7ff98f2050cc03e1d2f52bf53f9a0bd13174,ac5d929c909abe1310396435621311a7f69301a52addcddc08996e6f08a9b6f0,2026-09-30T17:58:59Z
SubmitPartialDecryption,29,86dac563c65c346dae6350463a611e252a87f0e2fecb1e13bc00c2a58e36bae2,252,e88f8ee8e3ae1c6cba2e7477ffd7f4d4a72921ca6a9e4c3440cd7be5f53fd374,5d69772599d16cfe9d4e25d369a770c709093b95361bb244a702090bc9858d2c,5cb25e1ce88c93769c97b3751e21f60506f90993f7e7a0b2e6cb8f8cb9675315,2026-09-30T17:59:01Z
SubmitPartialDecryption,30,47f04c87f6342f4b6360c883904729e4a795843caa402f72340d1c8f20391d32,252,e88f8ee8e3ae1c6cba2e7477ffd7f4d4a72921ca6a9e4c3440cd7be5f53fd374,5d69772599d16cfe9d4e25d369a770c709093b95361bb244a702090bc9858d2c,5cb25e1ce88c93769c97b3751e21f60506f90993f7e7a0b2e6cb8f8cb9675315,2026-09-30T17:59:01Z
SubmitPartialDecryption,25,59641ea4a2ff61530f270b301070cbce331aba86215f12e5f8b67c9d207aac93,252,e88f8ee8e3ae1c6cba2e7477ffd7f4d4a72921ca6a9e4c3440cd7be5f53fd374,5d69772599d16cfe9d4e25d369a770c709093b95361bb244a702090bc9858d2c,5cb25e1ce88c93769c97b3751e21f60506f90993f7e7a0b2e6cb8f8cb9675315,2026-09-30T17:59:01Z
SubmitPartialDecryption,24,ee3f0b8411e3d99586cd0a9123576689a390a0c30cb3720f491b7db0b703011d,252,e88f8ee8e3ae1c6cba2e7477ffd7f4d4a72921ca6a9e4c3440cd7be5f53fd374,5d69772599d16cfe9d4e25d369a770c709093b95361bb244a702090bc9858d2c,5cb25e1ce88c93769c97b3751e21f60506f90993f7e7a0b2e6cb8f8cb9675315,2026-09-30T17:59:01Z
SubmitPartialDecryption,27,3a678a370d9ab613ca88f876492aa130faba35489e0cec52236855c310dc1809,252,e88f8ee8e3ae1c6cba2e7477ffd7f4d4a72921ca6a9e4c3440cd7be5f53fd374,5d69772599d16cfe9d4e25d369a770c709093b95361bb244a702090bc9858d2c,5cb25e1ce88c93769c97b3751e21f60506f90993f7e7a0b2e6cb8f8cb9675315,2026-09-30T17:59:01Z
SubmitPartialDecryption,31,46938ab86943f92dd0313ba5a66609e3f28ee55d22c206ad71ecde7b537e9ed1,252,e88f8ee8e3ae1c6cba2e7477ffd7f4d4a72921ca6a9e4c3440cd7be5f53fd374,5d69772599d16cfe9d4e25d369a770c709093b95361bb244a702090bc9858d2c,5cb25e1ce88c93769c97b3751e21f60506f90993f7e7a0b2e6cb8f8cb9675315,2026-09-30T17:59:01Z
SubmitPartialDecryption,26,7085049904643c1f242109948ff4005cca3c01d6651c0bbd837721d79a2a3441,252,e88f8ee8e3ae1c6cba2e7477ffd7f4d4a72921ca6a9e4c3440cd7be5f53fd374,5d69772599d16cfe9d4e25d369a770c709093b95361bb244a702090bc9858d2c,5cb25e1ce88c93769c97b3751e21f60506f90993f7e7a0b2e6cb8f8cb9675315,2026-09-30T17:59:01Z
SubmitPartialDecryption,28,a378dc4702e43da88e0a9678faff5a9660dde2c434ecea84da2150ee4a6fe168,252,e88f8ee8e3ae1c6cba2e7477ffd7f4d4a72921ca6a9e4c3440cd7be5f53fd374,5d69772599d16cfe9d4e25d369a770c709093b95361bb244a702090bc9858d2c,5cb25e1ce88c93769c97b3751e21f60506f90993f7e7a0b2e6cb8f8cb9675315,2026-09-30T17:59:01Z
SubmitPartialDecryption,16,f47005c29d466dec95a7e9e793619effae8f657cd6e9d497a255c9c9fdebebb2,252,e88f8ee8e3ae1c6cba2e7477ffd7f4d4a72921ca6a9e4c3440cd7be5f53fd374,5d69772599d16cfe9d4e25d369a770c709093b95361bb244a702090bc9858d2c,5cb25e1ce88c93769c97b3751e21f60506f90993f7e7a0b2e6cb8f8cb9675315,2026-09-30T17:59:01Z
SubmitPartialDecryption,23,fc3b457068f0026a3adfed0139f8dc517aab9010ea7a61d331b1b21a3301b01f,252,e88f8ee8e3ae1c6cba2e7477ffd7f4d4a72921ca6a9e4c3440cd7be5f53fd374,5d69772599d16cfe9d4e25d369a770c709093b95361bb244a702090bc9858d2c,5cb25e1ce88c93769c97b3751e21f60506f90993f7e7a0b2e6cb8f8cb9675315,2026-09-30T17:59:01Z
SubmitPartialDecryption,17,591c43824b7d5c1acf26824e30d22a2fa4edb562851d3c5db693d5e094610a05,252,e88f8ee8e3ae1c6cba2e7477ffd7f4d4a72921ca6a9e4c3440cd7be5f53fd374,5d69772599d16cfe9d4e25d369a770c709093b95361bb244a702090bc9858d2c,5cb25e1ce88c93769c97b3751e21f60506f90993f7e7a0b2e6cb8f8cb9675315,2026-09-30T17:59:01Z
SubmitPartialDecryption,18,e800330a0e354b539c22b60687fda0b5a581b09b84f730a183d79e9c78b16608,252,e88f8ee8e3ae1c6cba2e7477ffd7f4d4a72921ca6a9e4c3440cd7be5f53fd374,5d69772599d16cfe9d4e25d369a770c709093b95361bb244a702090bc9858d2c,5cb25e1ce88c93769c97b3751e21f60506f90993f7e7a0b2e6cb8f8cb9675315,2026-09-30T17:59:01Z
SubmitPartialDecryption,20,8cf31019ea8a32eac9a5c23106cc0fdc9972d92e7199ba36561718fef16c8767,252,e88f8ee8e3ae1c6cba2e7477ffd7f4d4a72921ca6a9e4c3440cd7be5f53fd374,5d69772599d16cfe9d4e25d369a770c709093b95361bb244a702090bc9858d2c,5cb25e1ce88c93769c97b3751e21f60506f90993f7e7a0b2e6cb8f8cb9675315,2026-09-30T17:59:01Z
SubmitPartialDecryption,22,7ac2c17288d4b38211c5ef6294eb52c05e31c83ea5daecb21e769c56b0c4fa07,252,e88f8ee8e3ae1c6cba2e7477ffd7f4d4a72921ca6a9e4c3440cd7be5f53fd374,5d69772599d16cfe9d4e25d369a770c709093b95361bb244a702090bc9858d2c,5cb25e1ce88c93769c97b3751e21f60506f90993f7e7a0b2e6cb8f8cb9675315,2026-09-30T17:59:01Z
SubmitPartialDecryption,19,da40b26c8cdd6060e54149eecab19e7c3d0048dec1befdbac40d89c4583e096d,252,e88f8ee8e3ae1c6cba2e7477ffd7f4d4a72921ca6a9e4c3440cd7be5f53fd374,5d69772599d16cfe9d4e25d369a770c709093b95361bb244a702090bc9858d2c,5cb25e1ce88c93769c97b3751e21f60506f90993f7e7a0b2e6cb8f8cb9675315,2026-09-30T17:59:01Z
SubmitPartialDecryption,21,ed5e8180b4c867f96adf71aa1c909f10ef252efdad2ce5f05d4980793d544200,252,e88f8ee8e3ae1c6cba2e7477ffd7f4d4a72921ca6a9e4c3440cd7be5f53fd374,5d69772599d16cfe9d4e25d369a770c709093b95361bb244a702090bc9858d2c,5cb25e1ce88c93769c97b3751e21f60506f90993f7e7a0b2e6cb8f8cb9675315,2026-09-30T17:59:01Z
SubmitPartialDecryption,39,ca7b5d4caa226f415f8789c3d1a2a69374d19442decdb2929825f88aaca90c05,253,d5fe364267806034f0e43bce1d1e4f08a2add8cdb6cd81c9110a3bf91c962a39,2fbfab59a67067c263b0c7ea9997704aa14a3322b9bc1dce45542ced20f238bd,e88f8ee8e3ae1c6cba2e7477ffd7f4d4a72921ca6a9e4c3440cd7be5f53fd374,2026-09-30T17:59:03Z
SubmitPartialDecryption,44,9715caaf732fbed60748cca8c538cccbea2c0b86e453fb16d3c0c3f61052aac7,253,d5fe364267806034f0e43bce1d1e4f08a2add8cdb6cd81c9110a3bf91c962a39,2fbfab59a67067c263b0c7ea9997704aa14a3322b9bc1dce45542ced20f238bd,e88f8ee8e3ae1c6cba2e7477ffd7f4d4a72921ca6a9e4c3440cd7be5f53fd374,2026-09-30T17:59:03Z
SubmitPartialDecryption,46,46ab9f77d100133bbb82a77329e5d58e03e341a3fb1a59ccdf5feeef6be6399c,253,d5fe364267806034f0e43bce1d1e4f08a2add8cdb6cd81c9110a3bf91c962a39,2fbfab59a67067c263b0c7ea9997704aa14a3322b9bc1dce45542ced20f238bd,e88f8ee8e3ae1c6cba2e7477ffd7f4d4a72921ca6a9e4c3440cd7be5f53fd374,2026-09-30T17:59:03Z
SubmitPartialDecryption,33,ea67dd0d5233cc94304d94ea2f38961e04cde3ddd15790a0bc4b86da09c1d6a2,253,d5fe364267806034f0e43bce1d1e4f08a2add8cdb6cd81c9110a3bf91c962a39,2fbfab59a67067c263b0c7ea9997704aa14a3322b9bc1dce45542ced20f238bd,e88f8ee8e3ae1c6cba2e7477ffd7f4d4a72921ca6a9e4c3440cd7be5f53fd374,2026-09-30T17:59:03Z
SubmitPartialDecryption,40,77bf3edcba55c4caf12f1b45a118f5f0021ff7532c725edc38872c45f737088c,253,d5fe364267806034f0e43bce1d1e4f08a2add8cdb6cd81c9110a3bf91c962a39,2fbfab59a67067c263b0c7ea9997704aa14a3322b9bc1dce45542ced20f238bd,e88f8ee8e3ae1c6cba2e7477ffd7f4d4a72921ca6a9e4c3440cd7be5f53fd374,2026-09-30T17:59:03Z
SubmitPartialDecryption,42,da2e9b146bb0cb8f522bdf3ee0e2a6f7d839dae05e1ab010786ca174400dd605,253,d5fe364267806034f0e43bce1d1e4f08a2add8cdb6cd81c9110a3bf91c962a39,2fbfab59a67067c263b0c7ea9997704aa14a3322b9bc1dce45542ced20f238bd,e88f8ee8e3ae1c6cba2e7477ffd7f4d4a72921ca6a9e4c3440cd7be5f53fd374,2026-09-30T17:59:03Z
SubmitPartialDecryption,45,156cc46faf8e86e4966e3cd5f62b7f4266b6e402d2ed5bd3af5edea4ce3db344,253,d5fe364267806034f0e43bce1d1e4f08a2add8cdb6cd81c9110a3bf91c962a39,2fbfab59a67067c263b0c7ea9997704aa14a3322b9bc1dce45542ced20f238bd,e88f8ee8e3ae1c6cba2e7477ffd7f4d4a72921ca6a9e4c3440cd7be5f53fd374,2026-09-30T17:59:03Z
SubmitPartialDecryption,32,1c8fe79618480890481b63be1cf56e6c42a3f3c9414d3eea2ee54f778befe39d,253,d5fe364267806034f0e43bce1d1e4f08a2add8cdb6cd81c9110a3bf91c962a39,2fbfab59a67067c263b0c7ea9997704aa14a3322b9bc1dce45542ced20f238bd,e88f8ee8e3ae1c6cba2e7477ffd7f4d4a72921ca6a9e4c3440cd7be5f53fd374,2026-09-30T17:59:03Z
SubmitPartialDecryption,35,df5f6ff2b85638ca04721a546c89eb0752e5e6fd0bb318c3080cbd8a8aa06c2a,253,d5fe364267806034f0e43bce1d1e4f08a2add8cdb6cd81c9110a3bf91c962a39,2fbfab59a67067c263b0c7ea9997704aa14a3322b9bc1dce45542ced20f238bd,e88f8ee8e3ae1c6cba2e7477ffd7f4d4a72921ca6a9e4c3440cd7be5f53fd374,2026-09-30T17:59:03Z
SubmitPartialDecryption,37,ec1a3bbc97b5d45a78beb06af94db676868bd85bf0f3d3a72f59dcf3638b8d95,253,d5fe364267806034f0e43bce1d1e4f08a2add8cdb6cd81c9110a3bf91c962a39,2fbfab59a67067c263b0c7ea9997704aa14a3322b9bc1dce45542ced20f238bd,e88f8ee8e3ae1c6cba2e7477ffd7f4d4a72921ca6a9e4c3440cd7be5f53fd374,2026-09-30T17:59:03Z
SubmitPartialDecryption,38,378ea89aae87fc1526304f582b2bf2a60b268e9fa9c5bf38090397d444e0c930,253,d5fe364267806034f0e43bce1d1e4f08a2add8cdb6cd81c9110a3bf91c962a39,2fbfab59a67067c263b0c7ea9997704aa14a3322b9bc1dce45542ced20f238bd,e88f8ee8e3ae1c6cba2e7477ffd7f4d4a72921ca6a9e4c3440cd7be5f53fd374,2026-09-30T17:59:03Z
SubmitPartialDecryption,43,6a9ff584cac1b2a2d4a63ceab3eeb955901d4236fa6fcef00c1cd690189d440f,253,d5fe364267806034f0e43bce1d1e4f08a2add8cdb6cd81c9110a3bf91c962a39,2fbfab59a67067c263b0c7ea9997704aa14a3322b9bc1dce45542ced20f238bd,e88f8ee8e3ae1c6cba2e7477ffd7f4d4a72921ca6a9e4c3440cd7be5f53fd374,2026-09-30T17:59:03Z
SubmitPartialDecryption,34,8ca96362c59690fd76d2132eaa65cf9ca0ee94d53ff194b55f10518a7961681c,253,d5fe364267806034f0e43bce1d1e4f08a2add8cdb6cd81c9110a3bf91c962a39,2fbfab59a67067c263b0c7ea9997704aa14a3322b9bc1dce45542ced20f238bd,e88f8ee8e3ae1c6cba2e7477ffd7f4d4a72921ca6a9e4c3440cd7be5f53fd374,2026-09-30T17:59:03Z
SubmitPartialDecryption,41,01d59bab42d0727866ad4056e8308e22ddc5d1e5829334ef62dd95b190ee9e4e,253,d5fe364267806034f0e43bce1d1e4f08a2add8cdb6cd81c9110a3bf91c962a39,2fbfab59a67067c263b0c7ea9997704aa14a3322b9bc1dce45542ced20f238bd,e88f8ee8e3ae1c6cba2e7477ffd7f4d4a72921ca6a9e4c3440cd7be5f53fd374,2026-09-30T17:59:03Z
SubmitPartialDecryption,47,ed1555512cc9bb64965107607ada5e9e61d08c8e301001796e0dfdaf94536d8a,253,d5fe364267806034f0e43bce1d1e4f08a2add8cdb6cd81c9110a3bf91c962a39,2fbfab59a67067c263b0c7ea9997704aa14a3322b9bc1dce45542ced20f238bd,e88f8ee8e3ae1c6cba2e7477ffd7f4d4a72921ca6a9e4c3440cd7be5f53fd374,2026-09-30T17:59:03Z
SubmitPartialDecryption,36,8f0e47b691f0e7506b9071f8415be935974ffcd171f5b96ba34537c99e5db883,253,d5fe364267806034f0e43bce1d1e4f08a2add8cdb6cd81c9110a3bf91c962a39,2fbfab59a67067c263b0c7ea9997704aa14a3322b9bc1dce45542ced20f238bd,e88f8ee8e3ae1c6cba2e7477ffd7f4d4a72921ca6a9e4c3440cd7be5f53fd374,2026-09-30T17:59:03Z
SubmitPartialDecryption,56,b72be662c3b78543a7e293eb420cf487c54000c4ce730b6557a9ca1d9bb2d127,254,66c24819a19caa8b3bbfc2bc7e45d188e8e6ef2ecef546f7c4d522de90e931e1,4f11c42b73496ccb5bff73d895df69f7d3b4bbd26f025d035797dbc628f65eeb,d5fe364267806034f0e43bce1d1e4f08a2add8cdb6cd81c9110a3bf91c962a39,2026-09-30T17:59:06Z
SubmitPartialDecryption,53,22badd3690b7224c5d30cb5ce5dd5b68335ce4d556508ac5e8fc16cde206499e,254,66c24819a19caa8b3bbfc2bc7e45d188e8e6ef2ecef546f7c4d522de90e931e1,4f11c42b73496ccb5bff73d895df69f7d3b4bbd26f025d035797dbc628f65eeb,d5fe364267806034f0e43bce1d1e4f08a2add8cdb6cd81c9110a3bf91c962a39,2026-09-30T17:59:06Z
SubmitPartialDecryption,48,20bcd689801cf386d447c7b4a406bf3e2aa41ccc98f45ff31b7dfdb96aefe6fa,254,66c24819a19caa8b3bbfc2bc7e45d188e8e6ef2ecef546f7c4d522de90e931e1,4f11c42b73496ccb5bff73d895df69f7d3b4bbd26f025d035797dbc628f65eeb,d5fe364267806034f0e43bce1d1e4f08a2add8cdb6cd81c9110a3bf91c962a39,2026-09-30T17:59:06Z
SubmitPartialDecryption,54,a850e1de524a6d7dcc71f23e583abc671da6ee9d6c252b63846b412e13d5fc45,254,66c24819a19caa8b3bbfc2bc7e45d188e8e6ef2ecef546f7c4d522de90e931e1,4f11c42b73496ccb5bff73d895df69f7d3b4bbd26f025d035797dbc628f65eeb,d5fe364267806034f0e43bce1d1e4f08a2add8cdb6cd81c9110a3bf91c962a39,2026-09-30T17:59:06Z
SubmitPartialDecryption,60,34d79db511966377950851360a371c5b5a36743e4376379441945bf0046dd215,254,66c24819a19caa8b3bbfc2bc7e45d188e8e6ef2ecef546f7c4d522de90e931e1,4f11c42b73496ccb5bff73d895df69f7d3b4bbd26f025d035797dbc628f65eeb,d5fe364267806034f0e43bce1d1e4f08a2add8cdb6cd81c9110a3bf91c962a39,2026-09-30T17:59:06Z
SubmitPartialDecryption,50,6e47773d132f74c83f8369639b683d7d2ff4885a18b73be6ff0c78bb097c40f3,254,66c24819a19caa8b3bbfc2bc7e45d188e8e6ef2ecef546f7c4d522de90e931e1,4f11c42b73496ccb5bff73d895df69f7d3b4bbd26f025d035797dbc628f65eeb,d5fe364267806034f0e43bce1d1e4f08a2add8cdb6cd81c9110a3bf91c962a39,2026-09-30T17:59:06Z
SubmitPartialDecryption,62,482d111984825f31807ce6eecec5ab0af8a8402f05e54a9397571597e8f926ce,254,66c24819a19caa8b3bbfc2bc7e45d188e8e6ef2ecef546f7c4d522de90e931e1,4f11c42b73496ccb5bff73d895df69f7d3b4bbd26f025d035797dbc628f65eeb,d5fe364267806034f0e43bce1d1e4f08a2add8cdb6cd81c9110a3bf91c962a39,2026-09-30T17:59:06Z
SubmitPartialDecryption,57,f21f35835bb337bf3da23caa40f37c958e859ee85420ae7e102d73297edd648e,254,66c24819a19caa8b3bbfc2bc7e45d188e8e6ef2ecef546f7c4d522de90e931e1,4f11c42b73496ccb5bff73d895df69f7d3b4bbd26f025d035797dbc628f65eeb,d5fe364267806034f0e43bce1d1e4f08a2add8cdb6cd81c9110a3bf91c962a39,2026-09-30T17:59:06Z
SubmitPartialDecryption,63,2c77474b49554133877393518d39c1170f88926361c5663a173b32489b1ad1c7,254,66c24819a19caa8b3bbfc2bc7e45d188e8e6ef2ecef546f7c4d522de90e931e1,4f11c42b73496ccb5bff73d895df69f7d3b4bbd26f025d035797dbc628f65eeb,d5fe364267806034f0e43bce1d1e4f08a2add8cdb6cd81c9110a3bf91c962a39,2026-09-30T17:59:06Z
SubmitPartialDecryption,58,12e578b9b020ab0267d143bab65fc07b0e91a085152777d378341835c5ce5423,254,66c24819a19caa8b3bbfc2bc7e45d188e8e6ef2ecef546f7c4d522de90e931e1,4f11c42b73496ccb5bff73d895df69f7d3b4bbd26f025d035797dbc628f65eeb,d5fe364267806034f0e43bce1d1e4f08a2add8cdb6cd81c9110a3bf91c962a39,2026-09-30T17:59:06Z
SubmitPartialDecryption,49,9f51e8289d6ed28f39d05e0fb2df1060af7d56d95bd09884da849de2b8660725,254,66c24819a19caa8b3bbfc2bc7e45d188e8e6ef2ecef546f7c4d522de90e931e1,4f11c42b73496ccb5bff73d895df69f7d3b4bbd26f025d035797dbc628f65eeb,d5fe364267806034f0e43bce1d1e4f08a2add8cdb6cd81c9110a3bf91c962a39,2026-09-30T17:59:06Z
SubmitPartialDecryption,52,260487cc5afd4b456a9fccd62bfc767250a377e1690c4ba35b05e45b2592e066,254,66c24819a19caa8b3bbfc2bc7e45d188e8e6ef2ecef546f7c4d522de90e931e1,4f11c42b73496ccb5bff73d895df69f7d3b4bbd26f025d035797dbc628f65eeb,d5fe364267806034f0e43bce1d1e4f08a2add8cdb6cd81c9110a3bf91c962a39,2026-09-30T17:59:06Z
SubmitPartialDecryption,51,b2b045dc2a3f98cacec2eabd04cb3bee7c3512ff9d85a083ce60bc1d542cd94f,254,66c24819a19caa8b3bbfc2bc7e45d188e8e6ef2ecef546f7c4d522de90e931e1,4f11c42b73496ccb5bff73d895df69f7d3b4bbd26f025d035797dbc628f65eeb,d5fe364267806034f0e43bce1d1e4f08a2add8cdb6cd81c9110a3bf91c962a39,2026-09-30T17:59:06Z
SubmitPartialDecryption,55,5206372b38fed38713750a282156a289fdb8c88cc1d5172e75c777dc609d183e,254,66c24819a19caa8b3bbfc2bc7e45d188e8e6ef2ecef546f7c4d522de90e931e1,4f11c42b73496ccb5bff73d895df69f7d3b4bbd26f025d035797dbc628f65eeb,d5fe364267806034f0e43bce1d1e4f08a2add8cdb6cd81c9110a3bf91c962a39,2026-09-30T17:59:06Z
SubmitPartialDecryption,61,d89b17c3900890d9eda87da3c2b410a225f1989f9c461ca3cc4883c08b5a5b26,254,66c24819a19caa8b3bbfc2bc7e45d188e8e6ef2ecef546f7c4d522de90e931e1,4f11c42b73496ccb5bff73d895df69f7d3b4bbd26f025d035797dbc628f65eeb,d5fe364267806034f0e43bce1d1e4f08a2add8cdb6cd81c9110a3bf91c962a39,2026-09-30T17:59:06Z
SubmitPartialDecryption,59,ffbdaa12450bc7bd6f4f957e80fa8be9a784b6c98769cafa7fb0fc77554aff82,254,66c24819a19caa8b3bbfc2bc7e45d188e8e6ef2ecef546f7c4d522de90e931e1,4f11c42b73496ccb5bff73d895df69f7d3b4bbd26f025d035797dbc628f65eeb,d5fe364267806034f0e43bce1d1e4f08a2add8cdb6cd81c9110a3bf91c962a39,2026-09-30T17:59:06Z
SubmitPartialDecryption,78,fe2b082c7410c521c1f5c1d287db8804ee388354b5fab6c06202a2f3fe73be68,255,e299f7febfd532dd5b59d3a8bfb6e875860af687c9722157c2ba1bb2adc13ad8,df8d06dc7bff77fd5d6f87bfa33026a37977563b3619d681de397a184c4bd2e9,66c24819a19caa8b3bbfc2bc7e45d188e8e6ef2ecef546f7c4d522de90e931e1,2026-09-30T17:59:08Z
SubmitPartialDecryption,79,ff8c1165a43b390604bd2a817265e5818c254016e1197f711911f046b2e72ca0,255,e299f7febfd532dd5b59d3a8bfb6e875860af687c9722157c2ba1bb2adc13ad8,df8d06dc7bff77fd5d6f87bfa33026a37977563b3619d681de397a184c4bd2e9,66c24819a19caa8b3bbfc2bc7e45d188e8e6ef2ecef546f7c4d522de90e931e1,2026-09-30T17:59:08Z
SubmitPartialDecryption,74,39780edef76f72fab11728e02b6316ed80cfe77ffdc1ed96ba3866b9cb546019,255,e299f7febfd532dd5b59d3a8bfb6e875860af687c9722157c2ba1bb2adc13ad8,df8d06dc7bff77fd5d6f87bfa33026a37977563b3619d681de397a184c4bd2e9,66c24819a19caa8b3bbfc2bc7e45d188e8e6ef2ecef546f7c4d522de90e931e1,2026-09-30T17:59:08Z
SubmitPartialDecryption,68,4f0579aac43681560303934d54a9b4a75ba9ee24a81de0d70043be705b4f6531,255,e299f7febfd532dd5b59d3a8bfb6e875860af687c9722157c2ba1bb2adc13ad8,df8d06dc7bff77fd5d6f87bfa33026a37977563b3619d681de397a184c4bd2e9,66c24819a19caa8b3bbfc2bc7e45d188e8e6ef2ecef546f7c4d522de90e931e1,2026-09-30T17:59:08Z
SubmitPartialDecryption,64,b8412c9b0d465f8e33c2dff2afa0f8c22e375233d18e0eec289340c3821f436e,255,e299f7febfd532dd5b59d3a8bfb6e875860af687c9722157c2ba1bb2adc13ad8,df8d06dc7bff77fd5d6f87bfa33026a37977563b3619d681de397a184c4bd2e9,66c24819a19caa8b3bbfc2bc7e45d188e8e6ef2ecef546f7c4d522de90e931e1,2026-09-30T17:59:08Z
SubmitPartialDecryption,72,ee27c7856581d112bdbd5242e8829a887cc7dc60d477b2a62a48992c9450c582,255,e299f7febfd532dd5b59d3a8bfb6e875860af687c9722157c2ba1bb2adc13ad8,df8d06dc7bff77fd5d6f87bfa33026a37977563b3619d681de397a184c4bd2e9,66c24819a19caa8b3bbfc2bc7e45d188e8e6ef2ecef546f7c4d522de90e931e1,2026-09-30T17:59:08Z
SubmitPartialDecryption,77,51d42162e5bbee1c9a3b9b86914555fefd297f0a0fa9b9e1588f70575c0d51cf,255,e299f7febfd532dd5b59d3a8bfb6e875860af687c9722157c2ba1bb2adc13ad8,df8d06dc7bff77fd5d6f87bfa33026a37977563b3619d681de397a184c4bd2e9,66c24819a19caa8b3bbfc2bc7e45d188e8e6ef2ecef546f7c4d522de90e931e1,2026-09-30T17:59:08Z
SubmitPartialDecryption,69,71ca1fe4cdeb867c4d87e8c92f635cbd5dc632b8bd5734cd57196145140f8d76,255,e299f7febfd532dd5b59d3a8bfb6e875860af687c9722157c2ba1bb2adc13ad8,df8d06dc7bff77fd5d6f87bfa33026a37977563b3619d681de397a184c4bd2e9,66c24819a19caa8b3bbfc2bc7e45d188e8e6ef2ecef546f7c4d522de90e931e1,2026-09-30T17:59:08Z
SubmitPartialDecryption,65,747a6ef3d48bb533133436f716be113c3046dd38318f0a0398eac3319e896002,255,e299f7febfd532dd5b59d3a8bfb6e875860af687c9722157c2ba1bb2adc13ad8,df8d06dc7bff77fd5d6f87bfa33026a37977563b3619d681de397a184c4bd2e9,66c24819a19caa8b3bbfc2bc7e45d188e8e6ef2ecef546f7c4d522de90e931e1,2026-09-30T17:59:08Z
SubmitPartialDecryption,73,f322d11a161a73e96fd36df4a677007849b47c14373f815dc0fb329e416a9ffd,255,e299f7febfd532dd5b59d3a8bfb6e875860af687c9722157c2ba1bb2adc13ad8,df8d06dc7bff77fd5d6f87bfa33026a37977563b3619d681de397a184c4bd2e9,66c24819a19caa8b3bbfc2bc7e45d188e8e6ef2ecef546f7c4d522de90e931e1,2026-09-30T17:59:08Z
SubmitPartialDecryption,75,6706798281953b0b1ea15b944acd0ed285cd89129da233c912301f4ab86816b8,255,e299f7febfd532dd5b59d3a8bfb6e875860af687c9722157c2ba1bb2adc13ad8,df8d06dc7bff77fd5d6f87bfa33026a37977563b3619d681de397a184c4bd2e9,66c24819a19caa8b3bbfc2bc7e45d188e8e6ef2ecef546f7c4d522de90e931e1,2026-09-30T17:59:08Z
SubmitPartialDecryption,71,178770f6c2a1fecbd755f5867c0104b14763a25a94f7c9fdd7ece3948ad9491b,255,e299f7febfd532dd5b59d3a8bfb6e875860af687c9722157c2ba1bb2adc13ad8,df8d06dc7bff77fd5d6f87bfa33026a37977563b3619d681de397a184c4bd2e9,66c24819a19caa8b3bbfc2bc7e45d188e8e6ef2ecef546f7c4d522de90e931e1,2026-09-30T17:59:08Z
SubmitPartialDecryption,66,05b9d308b2ad6c1fb79a34093f1f82b71b6b9d0c83ca03dbb958403d4df7b380,255,e299f7febfd532dd5b59d3a8bfb6e875860af687c9722157c2ba1bb2adc13ad8,df8d06dc7bff77fd5d6f87bfa33026a37977563b3619d681de397a184c4bd2e9,66c24819a19caa8b3bbfc2bc7e45d188e8e6ef2ecef546f7c4d522de90e931e1,2026-09-30T17:59:08Z
SubmitPartialDecryption,70,afa28b46daa641e9aa5a6e0d92e11da0f55c0d008c3d1a3770e748da4172e0de,255,e299f7febfd532dd5b59d3a8bfb6e875860af687c9722157c2ba1bb2adc13ad8,df8d06dc7bff77fd5d6f87bfa33026a37977563b3619d681de397a184c4bd2e9,66c24819a19caa8b3bbfc2bc7e45d188e8e6ef2ecef546f7c4d522de90e931e1,2026-09-30T17:59:08Z
SubmitPartialDecryption,67,897759101b5fe74d7fd977aff312015291396b20b004cfdf246de09799ff1f43,255,e299f7febfd532dd5b59d3a8bfb6e875860af687c9722157c2ba1bb2adc13ad8,df8d06dc7bff77fd5d6f87bfa33026a37977563b3619d681de397a184c4bd2e9,66c24819a19caa8b3bbfc2bc7e45d188e8e6ef2ecef546f7c4d522de90e931e1,2026-09-30T17:59:08Z
SubmitPartialDecryption,76,1022236ad6fac366cc445c0cb73238afe7378c56b16cf85ee8c98b91da5540d2,255,e299f7febfd532dd5b59d3a8bfb6e875860af687c9722157c2ba1bb2adc13ad8,df8d06dc7bff77fd5d6f87bfa33026a37977563b3619d681de397a184c4bd2e9,66c24819a19caa8b3bbfc2bc7e45d188e8e6ef2ecef546f7c4d522de90e931e1,2026-09-30T17:59:08Z
SubmitPartialDecryption,86,1b9dd903d050c361f3e95fcfe1a727fb1e9b69f338c093ca143a96a61efaa6ba,256,c06530d00743fbe9642c3682435a051e34abed2eee594069e335c0b12a011d54,976ee558683eeaa30bc3c4621985bcd57e44fcdb4441696b03f0a1923efeec9b,e299f7febfd532dd5b59d3a8bfb6e875860af687c9722157c2ba1bb2adc13ad8,2026-09-30T17:59:10Z
SubmitPartialDecryption,90,4c4b6d6f31409ad153a2603c0956c2f141a564fffe5a507858d89faaa14f1806,256,c06530d00743fbe9642c3682435a051e34abed2eee594069e335c0b12a011d54,976ee558683eeaa30bc3c4621985bcd57e44fcdb4441696b03f0a1923efeec9b,e299f7febfd532dd5b59d3a8bfb6e875860af687c9722157c2ba1bb2adc13ad8,2026-09-30T17:59:10Z
SubmitPartialDecryption,80,6b1b0cb4e0636af47a51a17cf770b472ba83f00cf3f403c00a59a272fc010266,256,c06530d00743fbe9642c3682435a051e34abed2eee594069e335c0b12a011d54,976ee558683eeaa30bc3c4621985bcd57e44fcdb4441696b03f0a1923efeec9b,e299f7febfd532dd5b59d3a8bfb6e875860af687c9722157c2ba1bb2adc13ad8,2026-09-30T17:59:10Z
SubmitPartialDecryption,81,4efe7dadfda7b65ca8bb8e8568c936528df0c1b54eb2aadbaceddc6e09f987a9,256,c06530d00743fbe9642c3682435a051e34abed2eee594069e335c0b12a011d54,976ee558683eeaa30bc3c4621985bcd57e44fcdb4441696b03f0a1923efeec9b,e299f7febfd532dd5b59d3a8bfb6e875860af687c9722157c2ba1bb2adc13ad8,2026-09-30T17:59:10Z
SubmitPartialDecryption,89,7887f82d7224faa7110857a13bb6269dfaaf59f91b29d868efd3785d1dc7051b,256,c06530d00743fbe9642c3682435a051e34abed2eee594069e335c0b12a011d54,976ee558683eeaa30bc3c4621985bcd57e44fcdb4441696b03f0a1923efeec9b,e299f7febfd532dd5b59d3a8bfb6e875860af687c9722157c2ba1bb2adc13ad8,2026-09-30T17:59:10Z
SubmitPartialDecryption,91,a6dda3aaa1036182e5552a1cc9914cf18cd268d8496a6cc9a381c4e012c90bbb,256,c06530d00743fbe9642c3682435a051e34abed2eee594069e335c0b12a011d54,976ee558683eeaa30bc3c4621985bcd57e44fcdb4441696b03f0a1923efeec9b,e299f7febfd532dd5b59d3a8bfb6e875860af687c9722157c2ba1bb2adc13ad8,2026-09-30T17:59:10Z
SubmitPartialDecryption,87,1477450505d28e8beaf16d900aebb5118e95d8cb27b010b44d855554bf5f8bc0,256,c06530d00743fbe9642c3682435a051e34abed2eee594069e335c0b12a011d54,976ee558683eeaa30bc3c4621985bcd57e44fcdb4441696b03f0a1923efeec9b,e299f7febfd532dd5b59d3a8bfb6e875860af687c9722157c2ba1bb2adc13ad8,2026-09-30T17:59:10Z
SubmitPartialDecryption,83,419d84285001bbfd845b86074a9ec8085fbd0c8b7d44859b0b1ef8845a40c8cd,256,c06530d00743fbe9642c3682435a051e34abed2eee594069e335c0b12a011d54,976ee558683eeaa30bc3c4621985bcd57e44fcdb4441696b03f0a1923efeec9b,e299f7febfd532dd5b59d3a8bfb6e875860af687c9722157c2ba1bb2adc13ad8,2026-09-30T17:59:10Z
SubmitPartialDecryption,84,75391dc66cd70d9c098b66dd0d94c2a73aad3986031544f126278f464b25c40b,256,c06530d00743fbe9642c3682435a051e34abed2eee594069e335c0b12a011d54,976ee558683eeaa30bc3c4621985bcd57e44fcdb4441696b03f0a1923efeec9b,e299f7febfd532dd5b59d3a8bfb6e875860af687c9722157c2ba1bb2adc13ad8,2026-09-30T17:59:10Z
SubmitPartialDecryption,93,0bee4d1b305ee8ee5d56560823d6038a03413a6fa09582754b6824aa8ea8d394,256,c06530d00743fbe9642c3682435a051e34abed2eee594069e335c0b12a011d54,976ee558683eeaa30bc3c4621985bcd57e44fcdb4441696b03f0a1923efeec9b,e299f7febfd532dd5b59d3a8bfb6e875860af687c9722157c2ba1bb2adc13ad8,2026-09-30T17:59:10Z
SubmitPartialDecryption,95,f75e16254db23b67dd07882f32bd1e8c134020149dc6a7ac03c68a462adbbef4,256,c06530d00743fbe9642c3682435a051e34abed2eee594069e335c0b12a011d54,976ee558683eeaa30bc3c4621985bcd57e44fcdb4441696b03f0a1923efeec9b,e299f7febfd532dd5b59d3a8bfb6e875860af687c9722157c2ba1bb2adc13ad8,2026-09-30T17:59:10Z
SubmitPartialDecryption,88,437a6472e6ad0ee2a4a0824f9edb861ee961c66911d5c7a64ffb37a1bc428b4d,256,c06530d00743fbe9642c3682435a051e34abed2eee594069e335c0b12a011d54,976ee558683eeaa30bc3c4621985bcd57e44fcdb4441696b03f0a1923efeec9b,e299f7febfd532dd5b59d3a8bfb6e875860af687c9722157c2ba1bb2adc13ad8,2026-09-30T17:59:10Z
SubmitPartialDecryption,94,afdbb34575851554a6b03a60f57f3c34b6f0a61557c7f676c9cb2ab151a56e9a,256,c06530d00743fbe9642c3682435a051e34abed2eee594069e335c0b12a011d54,976ee558683eeaa30bc3c4621985bcd57e44fcdb4441696b03f0a1923efeec9b,e299f7febfd532dd5b59d3a8bfb6e875860af687c9722157c2ba1bb2adc13ad8,2026-09-30T17:59:10Z
SubmitPartialDecryption,85,a7848a6a65e13022bd698d3d314f0c98ff53fae306665088c9f5f3a210b59dcf,256,c06530d00743fbe9642c3682435a051e34abed2eee594069e335c0b12a011d54,976ee558683eeaa30bc3c4621985bcd57e44fcdb4441696b03f0a1923efeec9b,e299f7febfd532dd5b59d3a8bfb6e875860af687c9722157c2ba1bb2adc13ad8,2026-09-30T17:59:10Z
SubmitPartialDecryption,92,a742742c02b9537346c741098f603a4a0edfa8f8f05e3abc36ac4b4d145e7e34,256,c06530d00743fbe9642c3682435a051e34abed2eee594069e335c0b12a011d54,976ee558683eeaa30bc3c4621985bcd57e44fcdb4441696b03f0a1923efeec9b,e299f7febfd532dd5b59d3a8bfb6e875860af687c9722157c2ba1bb2adc13ad8,2026-09-30T17:59:10Z
SubmitPartialDecryption,82,9131d5915712f63c5847e3d33a4669a4785df8806e9eefe8f04883d9c49ff4fb,256,c06530d00743fbe9642c3682435a051e34abed2eee594069e335c0b12a011d54,976ee558683eeaa30bc3c4621985bcd57e44fcdb4441696b03f0a1923efeec9b,e299f7febfd532dd5b59d3a8bfb6e875860af687c9722157c2ba1bb2adc13ad8,2026-09-30T17:59:10Z
SubmitPartialDecryption,103,7f7ca8f5408921127364965adbe76c6f5e4f4b15132b9f2fc12208e60ca21f3e,257,50ce071e227666826df476d9617fa31c0a24564219be1ff6572f616e3931232e,d1bb64229a2905fef08b511ba8ed5c7bee8450b1a222c62199eb10ccb4d2c7ad,c06530d00743fbe9642c3682435a051e34abed2eee594069e335c0b12a011d54,2026-09-30T17:59:12Z
SubmitPartialDecryption,97,eeae7d267225e5c1cb65fdda60d1d00db847375a7e6a5ec2e72788ff6466ad94,257,50ce071e227666826df476d9617fa31c0a24564219be1ff6572f616e3931232e,d1bb64229a2905fef08b511ba8ed5c7bee8450b1a222c62199eb10ccb4d2c7ad,c06530d00743fbe9642c3682435a051e34abed2eee594069e335c0b12a011d54,2026-09-30T17:59:12Z
SubmitPartialDecryption,98,aca4152bd3e7cd7ff01156f908d9da7642069df594934893991de27b5f247d19,257,50ce071e227666826df476d9617fa31c0a24564219be1ff6572f616e3931232e,d1bb64229a2905fef08b511ba8ed5c7bee8450b1a222c62199eb10ccb4d2c7ad,c06530d00743fbe9642c3682435a051e34abed2eee594069e335c0b12a011d54,2026-09-30T17:59:12Z
SubmitPartialDecryption,99,790a63a4892bb5e87ed3112edb5314f64aefa024e3fac6590cee70bbbb4ba03e,257,50ce071e227666826df476d9617fa31c0a24564219be1ff6572f616e3931232e,d1bb64229a2905fef08b511ba8ed5c7bee8450b1a222c62199eb10ccb4d2c7ad,c06530d00743fbe9642c3682435a051e34abed2eee594069e335c0b12a011d54,2026-09-30T17:59:12Z
SubmitPartialDecryption,109,2eba4ef96d70a65837efb574ca07847152c0d04bddb385bb5994c61df8d8f9d5,257,50ce071e227666826df476d9617fa31c0a24564219be1ff6572f616e3931232e,d1bb64229a2905fef08b511ba8ed5c7bee8450b1a222c62199eb10ccb4d2c7ad,c06530d00743fbe9642c3682435a051e34abed2eee594069e335c0b12a011d54,2026-09-30T17:59:12Z
SubmitPartialDecryption,102,b8c69af6ca20339946b62a96e71e82bf01ad82fe4d8eaa0aad3a424d8354d0e0,257,50ce071e227666826df476d9617fa31c0a24564219be1ff6572f616e3931232e,d1bb64229a2905fef08b511ba8ed5c7bee8450b1a222c62199eb10ccb4d2c7ad,c06530d00743fbe9642c3682435a051e34abed2eee594069e335c0b12a011d54,2026-09-30T17:59:12Z
SubmitPartialDecryption,96,70b6a33e2d8e1ad996e5825266970d82359c07fa9b411f8c9ea6c988a4898785,257,50ce071e227666826df476d9617fa31c0a24564219be1ff6572f616e3931232e,d1bb64229a2905fef08b511ba8ed5c7bee8450b1a222c62199eb10ccb4d2c7ad,c06530d00743fbe9642c3682435a051e34abed2eee594069e335c0b12a011d54,2026-09-30T17:59:12Z
SubmitPartialDecryption,110,dd94d9d44efe67020e6941019265240a063dc5b0f19e94c042a149ae16a8ecda,257,50ce071e227666826df476d9617fa31c0a24564219be1ff6572f616e3931232e,d1bb64229a2905fef08b511ba8ed5c7bee8450b1a222c62199eb10ccb4d2c7ad,c06530d00743fbe9642c3682435a051e34abed2eee594069e335c0b12a011d54,2026-09-30T17:59:12Z
SubmitPartialDecryption,104,0a38d327cc48880ec9d51f276cec94c522a3b23dedffd4eea10e8e766d9ced56,257,50ce071e227666826df476d9617fa31c0a24564219be1ff6572f616e3931232e,d1bb64229a2905fef08b511ba8ed5c7bee8450b1a222c62199eb10ccb4d2c7ad,c06530d00743fbe9642c3682435a051e34abed2eee594069e335c0b12a011d54,2026-09-30T17:59:12Z
SubmitPartialDecryption,106,827934986f009165b9dd5e50291bcf73f7814fba02208c82827be790bdab478a,257,50ce071e227666826df476d9617fa31c0a24564219be1ff6572f616e3931232e,d1bb64229a2905fef08b511ba8ed5c7bee8450b1a222c62199eb10ccb4d2c7ad,c06530d00743fbe9642c3682435a051e34abed2eee594069e335c0b12a011d54,2026-09-30T17:59:12Z
SubmitPartialDecryption,108,1feda4174a58488fdc790eaba582756ccb6a82c0f7c901280b99b8ff83810277,257,50ce071e227666826df476d9617fa31c0a24564219be1ff6572f616e3931232e,d1bb64229a2905fef08b511ba8ed5c7bee8450b1a222c62199eb10ccb4d2c7ad,c06530d00743fbe9642c3682435a051e34abed2eee594069e335c0b12a011d54,2026-09-30T17:59:12Z
SubmitPartialDecryption,100,85eb55b2c97fb340cb31a912c01f01e5303f846372ea352683dae279482ea74e,257,50ce071e227666826df476d9617fa31c0a24564219be1ff6572f616e3931232e,d1bb64229a2905fef08b511ba8ed5c7bee8450b1a222c62199eb10ccb4d2c7ad,c06530d00743fbe9642c3682435a051e34abed2eee594069e335c0b12a011d54,2026-09-30T17:59:12Z
SubmitPartialDecryption,111,c9833afd11251f7f60cd144c2dcb073cc329e51d534becc673b19632ca7fb8b9,257,50ce071e227666826df476d9617fa31c0a24564219be1ff6572f616e3931232e,d1bb64229a2905fef08b511ba8ed5c7bee8450b1a222c62199eb10ccb4d2c7ad,c06530d00743fbe9642c3682435a051e34abed2eee594069e335c0b12a011d54,2026-09-30T17:59:12Z
SubmitPartialDecryption,107,5aeb070ce7c555c0ed2877f35c3c4143ace6831393ed5c73ec1f93d4e6ecc0c0,257,50ce071e227666826df476d9617fa31c0a24564219be1ff6572f616e3931232e,d1bb64229a2905fef08b511ba8ed5c7bee8450b1a222c62199eb10ccb4d2c7ad,c06530d00743fbe9642c3682435a051e34abed2eee594069e335c0b12a011d54,2026-09-30T17:59:12Z
SubmitPartialDecryption,105,bcf7a8d11c5878d949dc10148600049d2460ecbb83936a9b17d811b3375decc7,257,50ce071e227666826df476d9617fa31c0a24564219be1ff6572f616e3931232e,d1bb64229a2905fef08b511ba8ed5c7bee8450b1a222c62199eb10ccb4d2c7ad,c06530d00743fbe9642c3682435a051e34abed2eee594069e335c0b12a011d54,2026-09-30T17:59:12Z
SubmitPartialDecryption,101,161c19cfdedda38f623b503f9cc4f05f34283d1a8eaad679032ef08bdd7f8a7b,257,50ce071e227666826df476d9617fa31c0a24564219be1ff6572f616e3931232e,d1bb64229a2905fef08b511ba8ed5c7bee8450b1a222c62199eb10ccb4d2c7ad,c06530d00743fbe9642c3682435a051e34abed2eee594069e335c0b12a011d54,2026-09-30T17:59:12Z
SubmitPartialDecryption,113,8500fc6171a82bc9bc4243ea55c5d84695998cd2082c6ccdd79b9932508f802d,258,f84ebaef97eb7e0b9f87db762232ea34ce270869cd1fc280059e63589c651c52,a80066efdece609956c2f95cd401a17f6e5ca78a7b6d91e892a5111cb25daa77,50ce071e227666826df476d9617fa31c0a24564219be1ff6572f616e3931232e,2026-09-30T17:59:14Z
SubmitPartialDecryption,115,ec75a62a13a819283201e33a723e6dadbb154a8ce5931fd540c7362377d76c0b,258,f84ebaef97eb7e0b9f87db762232ea34ce270869cd1fc280059e63589c651c52,a80066efdece609956c2f95cd401a17f6e5ca78a7b6d91e892a5111cb25daa77,50ce071e227666826df476d9617fa31c0a24564219be1ff6572f616e3931232e,2026-09-30T17:59:14Z
SubmitPartialDecryption,112,96526b506b5ac99590e09fa33d49776f9d5c92642b7a89a39925f6fb25eadce9,258,f84ebaef97eb7e0b9f87db762232ea34ce270869cd1fc280059e63589c651c52,a80066efdece609956c2f95cd401a17f6e5ca78a7b6d91e892a5111cb25daa77,50ce071e227666826df476d9617fa31c0a24564219be1ff6572f616e3931232e,2026-09-30T17:59:14Z
SubmitPartialDecryption,122,b4cabaf3ed51374e121c0ea225b38729b0951126355cdfb2aedf447d64216a68,258,f84ebaef97eb7e0b9f87db762232ea34ce270869cd1fc280059e63589c651c52,a80066efdece609956c2f95cd401a17f6e5ca78a7b6d91e892a5111cb25daa77,50ce071e227666826df476d9617fa31c0a24564219be1ff6572f616e3931232e,2026-09-30T17:59:14Z
SubmitPartialDecryption,127,2658aa6782d27db86bd7b6f1ca8054c3b12093f8bb847e8009963807916decb7,258,f84ebaef97eb7e0b9f87db762232ea34ce270869cd1fc280059e63589c651c52,a80066efdece609956c2f95cd401a17f6e5ca78a7b6d91e892a5111cb25daa77,50ce071e227666826df476d9617fa31c0a24564219be1ff6572f616e3931232e,2026-09-30T17:59:14Z
SubmitPartialDecryption,120,bfb62d7373546a6adb68e820cfc19d0f8b474e16ffe374e1f93d7c3fb08ad854,258,f84ebaef97eb7e0b9f87db762232ea34ce270869cd1fc280059e63589c651c52,a80066efdece609956c2f95cd401a17f6e5ca78a7b6d91e892a5111cb25daa77,50ce071e227666826df476d9617fa31c0a24564219be1ff6572f616e3931232e,2026-09-30T17:59:14Z
SubmitPartialDecryption,121,fe7f3dcc7846828690097b77c94d851e26d89a244dad843e997409e68b05a102,258,f84ebaef97eb7e0b9f87db762232ea34ce270869cd1fc280059e63589c651c52,a80066efdece609956c2f95cd401a17f6e5ca78a7b6d91e892a5111cb25daa77,50ce071e227666826df476d9617fa31c0a24564219be1ff6572f616e3931232e,2026-09-30T17:59:14Z
SubmitPartialDecryption,118,35478cf30b07e3d86aa88a6ced922e8764b3461534fc016fdcc3f295e5d75cbf,258,f84ebaef97eb7e0b9f87db762232ea34ce270869cd1fc280059e63589c651c52,a80066efdece609956c2f95cd401a17f6e5ca78a7b6d91e892a5111cb25daa77,50ce071e227666826df476d9617fa31c0a24564219be1ff6572f616e3931232e,2026-09-30T17:59:14Z
SubmitPartialDecryption,117,3cd4bdf14256c1e127ff53f0146b09eecb50a1c5c33ddeadd12e567f1a5f43b4,258,f84ebaef97eb7e0b9f87db762232ea34ce270869cd1fc280059e63589c651c52,a80066efdece609956c2f95cd401a17f6e5ca78a7b6d91e892a5111cb25daa77,50ce071e227666826df476d9617fa31c0a24564219be1ff6572f616e3931232e,2026-09-30T17:59:14Z
SubmitPartialDecryption,124,328fb790b82a1270de2d7b267b4fe1eaacc2ebb92ca561529a980545b40bda5f,258,f84ebaef97eb7e0b9f87db762232ea34ce270869cd1fc280059e63589c651c52,a80066efdece609956c2f95cd401a17f6e5ca78a7b6d91e892a5111cb25daa77,50ce071e227666826df476d9617fa31c0a24564219be1ff6572f616e3931232e,2026-09-30T17:59:14Z
SubmitPartialDecryption,119,16ea36efd40e64a92e9a2f9e1f273f777a42f162b3361c89dbbdd3055ba73513,258,f84ebaef97eb7e0b9f87db762232ea34ce270869cd1fc280059e63589c651c52,a80066efdece609956c2f95cd401a17f6e5ca78a7b6d91e892a5111cb25daa77,50ce071e227666826df476d9617fa31c0a24564219be1ff6572f616e3931232e,2026-09-30T17:59:14Z
SubmitPartialDecryption,116,60c73ed620897754dd433060e936397915495a6ab11957155fc089b9421fd54f,258,f84ebaef97eb7e0b9f87db762232ea34ce270869cd1fc280059e63589c651c52,a80066efdece609956c2f95cd401a17f6e5ca78a7b6d91e892a5111cb25daa77,50ce071e227666826df476d9617fa31c0a24564219be1ff6572f616e3931232e,2026-09-30T17:59:14Z
SubmitPartialDecryption,114,686bba03cad74709cca080a5ad39e0e3ed3a33d0c17ee2837ba144ac5ad40b01,258,f84ebaef97eb7e0b9f87db762232ea34ce270869cd1fc280059e63589c651c52,a80066efdece609956c2f95cd401a17f6e5ca78a7b6d91e892a5111cb25daa77,50ce071e227666826df476d9617fa31c0a24564219be1ff6572f616e3931232e,2026-09-30T17:59:14Z
SubmitPartialDecryption,125,716a16a549c50583f91254af890314b064513cade3cfe4d76d5af0abd50c5c07,258,f84ebaef97eb7e0b9f87db762232ea34ce270869cd1fc280059e63589c651c52,a80066efdece609956c2f95cd401a17f6e5ca78a7b6d91e892a5111cb25daa77,50ce071e227666826df476d9617fa31c0a24564219be1ff6572f616e3931232e,2026-09-30T17:59:14Z
SubmitPartialDecryption,126,40bb91f9b58a407f72d02b072035755c45524026e94e1e0dcad498cfb1b8181f,258,f84ebaef97eb7e0b9f87db762232ea34ce270869cd1fc280059e63589c651c52,a80066efdece609956c2f95cd401a17f6e5ca78a7b6d91e892a5111cb25daa77,50ce071e227666826df476d9617fa31c0a24564219be1ff6572f616e3931232e,2026-09-30T17:59:14Z
SubmitPartialDecryption,123,6282800213c5b3c83fcae6e63995da682fbef1453993245749196b64925a5623,258,f84ebaef97eb7e0b9f87db762232ea34ce270869cd1fc280059e63589c651c52,a80066efdece609956c2f95cd401a17f6e5ca78a7b6d91e892a5111cb25daa77,50ce071e227666826df476d9617fa31c0a24564219be1ff6572f616e3931232e,2026-09-30T17:59:14Z
SubmitPartialDecryption,135,10d0f6d45ec9ab0632be83e47e4812f414772f5c24e92733adcb0c88be8c2b08,259,d4ed55368f30b665e59a7a6bfa5de68644dcc63d2d11a65d788efef568957244,6e0374f97d7d24283efae65aa9e7f40800783ceba2d23923fc3bd6f73a1e6c41,f84ebaef97eb7e0b9f87db762232ea34ce270869cd1fc280059e63589c651c52,2026-09-30T17:59:16Z
SubmitPartialDecryption,128,4a2543a715e981e4d7131f50609bc30d9b4a463b206bc53da2916ad77251c4cd,259,d4ed55368f30b665e59a7a6bfa5de68644dcc63d2d11a65d788efef568957244,6e0374f97d7d24283efae65aa9e7f40800783ceba2d23923fc3bd6f73a1e6c41,f84ebaef97eb7e0b9f87db762232ea34ce270869cd1fc280059e63589c651c52,2026-09-30T17:59:16Z
SubmitPartialDecryption,138,bf4d1e57ddfa60faa4c3b1e0d0b3f73fe439d6f58e2b118e9543acd44e013946,259,d4ed55368f30b665e59a7a6bfa5de68644dcc63d2d11a65d788efef568957244,6e0374f97d7d24283efae65aa9e7f40800783ceba2d23923fc3bd6f73a1e6c41,f84ebaef97eb7e0b9f87db762232ea34ce270869cd1fc280059e63589c651c52,2026-09-30T17:59:16Z
SubmitPartialDecryption,142,1dd8b5714585554a0a4efc1b90971cd9e446a5e68588c85a2e0a1264de9ae785,259,d4ed55368f30b665e59a7a6bfa5de68644dcc63d2d11a65d788efef568957244,6e0374f97d7d24283efae65aa9e7f40800783ceba2d23923fc3bd6f73a1e6c41,f84ebaef97eb7e0b9f87db762232ea34ce270869cd1fc280059e63589c651c52,2026-09-30T17:59:16Z
SubmitPartialDecryption,141,3d816c318ef7f84ab5e4606d843693c282e6b6de9e05c27468f8c36a62b865ec,259,d4ed55368f30b665e59a7a6bfa5de68644dcc63d2d11a65d788efef568957244,6e0374f97d7d24283efae65aa9e7f40800783ceba2d23923fc3bd6f73a1e6c41,f84ebaef97eb7e0b9f87db762232ea34ce270869cd1fc280059e63589c651c52,2026-09-30T17:59:16Z
SubmitPartialDecryption,132,34b6ac12c9313c9a2f62060cda86a3087e590395180e7ad7113108574b118923,259,d4ed55368f30b665e59a7a6bfa5de68644dcc63d2d11a65d788efef568957244,6e0374f97d7d24283efae65aa9e7f40800783ceba2d23923fc3bd6f73a1e6c41,f84ebaef97eb7e0b9f87db762232ea34ce270869cd1fc280059e63589c651c52,2026-09-30T17:59:16Z
SubmitPartialDecryption,133,04c135261e09343bc2780b92e095946881192c862c1ff28800abfe334b2874c6,259,d4ed55368f30b665e59a7a6bfa5de68644dcc63d2d11a65d788efef568957244,6e0374f97d7d24283efae65aa9e7f40800783ceba2d23923fc3bd6f73a1e6c41,f84ebaef97eb7e0b9f87db762232ea34ce270869cd1fc280059e63589c651c52,2026-09-30T17:59:16Z
SubmitPartialDecryption,137,2d0b14dcb17d729e4461cf9bbccbebb10b989a60973ba0ec14dc691127961c87,259,d4ed55368f30b665e59a7a6bfa5de68644dcc63d2d11a65d788efef568957244,6e0374f97d7d24283efae65aa9e7f40800783ceba2d23923fc3bd6f73a1e6c41,f84ebaef97eb7e0b9f87db762232ea34ce270869cd1fc280059e63589c651c52,2026-09-30T17:59:16Z
SubmitPartialDecryption,136,83b7bcaf0a11be5d5c1373acc9e610e766d41a4bd3b554195b9cb9f24c6dc37a,259,d4ed55368f30b665e59a7a6bfa5de68644dcc63d2d11a65d788efef568957244,6e0374f97d7d24283efae65aa9e7f40800783ceba2d23923fc3bd6f73a1e6c41,f84ebaef97eb7e0b9f87db762232ea34ce270869cd1fc280059e63589c651c52,2026-09-30T17:59:16Z
SubmitPartialDecryption,134,f8d53b5a0dcd54b6561cbc47dcc92f720c04b1d9d91a124eb187e1432306b3ee,259,d4ed55368f30b665e59a7a6bfa5de68644dcc63d2d11a65d788efef568957244,6e0374f97d7d24283efae65aa9e7f40800783ceba2d23923fc3bd6f73a1e6c41,f84ebaef97eb7e0b9f87db762232ea34ce270869cd1fc280059e63589c651c52,2026-09-30T17:59:16Z
SubmitPartialDecryption,129,fba34eaea3e1f1265231082cdb4f4ea9ba89f3f7238bf1bb84fb216e92c8a8b2,259,d4ed55368f30b665e59a7a6bfa5de68644dcc63d2d11a65d788efef568957244,6e0374f97d7d24283efae65aa9e7f40800783ceba2d23923fc3bd6f73a1e6c41,f84ebaef97eb7e0b9f87db762232ea34ce270869cd1fc280059e63589c651c52,2026-09-30T17:59:16Z
SubmitPartialDecryption,140,7a20782b2f1286691a5910b2a759b93b921530fb9360231e6897f21796713b60,259,d4ed55368f30b665e59a7a6bfa5de68644dcc63d2d11a65d788efef568957244,6e0374f97d7d24283efae65aa9e7f40800783ceba2d23923fc3bd6f73a1e6c41,f84ebaef97eb7e0b9f87db762232ea34ce270869cd1fc280059e63589c651c52,2026-09-30T17:59:16Z
SubmitPartialDecryption,130,64410b396ef2fd33b0aee2c0d5c43441e11f9a702a227e4d1bba808d130b3941,259,d4ed55368f30b665e59a7a6bfa5de68644dcc63d2d11a65d788efef568957244,6e0374f97d7d24283efae65aa9e7f40800783ceba2d23923fc3bd6f73a1e6c41,f84ebaef97eb7e0b9f87db762232ea34ce270869cd1fc280059e63589c651c52,2026-09-30T17:59:16Z
SubmitPartialDecryption,143,ad9df38c8a966fedbf92fbbf7c9a791e5710eb58615747981fdee4c56c062764,259,d4ed55368f30b665e59a7a6bfa5de68644dcc63d2d11a65d788efef568957244,6e0374f97d7d24283efae65aa9e7f40800783ceba2d23923fc3bd6f73a1e6c41,f84ebaef97eb7e0b9f87db762232ea34ce270869cd1fc280059e63589c651c52,2026-09-30T17:59:16Z
SubmitPartialDecryption,139,f19290e240de7f02d4f2fc8e699c99d05ae3d49c63c4849960853e612c28cae6,259,d4ed55368f30b665e59a7a6bfa5de68644dcc63d2d11a65d788efef568957244,6e0374f97d7d24283efae65aa9e7f40800783ceba2d23923fc3bd6f73a1e6c41,f84ebaef97eb7e0b9f87db762232ea34ce270869cd1fc280059e63589c651c52,2026-09-30T17:59:16Z
SubmitPartialDecryption,131,e333701fb7719b82548a84d2067f52f738fc676eb520a740f56a1a62c8366f92,259,d4ed55368f30b665e59a7a6bfa5de68644dcc63d2d11a65d788efef568957244,6e0374f97d7d24283efae65aa9e7f40800783ceba2d23923fc3bd6f73a1e6c41,f84ebaef97eb7e0b9f87db762232ea34ce270869cd1fc280059e63589c651c52,2026-09-30T17:59:16Z
SubmitPartialDecryption,144,6db151badedd07ef7741c41705778c7d9b262a9ede4859fa7052c05e6bce46fa,260,01d5dedce5ab55b80b53ae831e77b464dc2b940e816a9eb6e282bca1871dbf18,c22fa99c022d6fc82d42b4077d584a2e998451255ed6db919b2aa1ea937c8b77,d4ed55368f30b665e59a7a6bfa5de68644dcc63d2d11a65d788efef568957244,2026-09-30T17:59:18Z
SubmitPartialDecryption,148,19dd44feb9d808ee86f0b82c6706b52068d39a43d8fac8132ad1ab76e712ccb4,260,01d5dedce5ab55b80b53ae831e77b464dc2b940e816a9eb6e282bca1871dbf18,c22fa99c022d6fc82d42b4077d584a2e998451255ed6db919b2aa1ea937c8b77,d4ed55368f30b665e59a7a6bfa5de68644dcc63d2d11a65d788efef568957244,2026-09-30T17:59:18Z
SubmitPartialDecryption,155,34ae6bf7ab24e0109c453784ba28d60ffdfdbc934a0eb9d5ba08ad28ad2af7d5,260,01d5dedce5ab55b80b53ae831e77b464dc2b940e816a9eb6e282bca1871dbf18,c22fa99c022d6fc82d42b4077d584a2e998451255ed6db919b2aa1ea937c8b77,d4ed55368f30b665e59a7a6bfa5de68644dcc63d2d11a65d788efef568957244,2026-09-30T17:59:18Z
SubmitPartialDecryption,151,619dc2e0528cf79e9fd114cec523fe3730af8c37f14e5e501fb7a4ca9c801313,260,01d5dedce5ab55b80b53ae831e77b464dc2b940e816a9eb6e282bca1871dbf18,c22fa99c022d6fc82d42b4077d584a2e998451255ed6db919b2aa1ea937c8b77,d4ed55368f30b665e59a7a6bfa5de68644dcc63d2d11a65d788efef568957244,2026-09-30T17:59:18Z
SubmitPartialDecryption,158,15e4b2cc586a6e4c0f9b9820d0bf677756afbde09dc0c4a72f58ec566f894e1e,260,01d5dedce5ab55b80b53ae831e77b464dc2b940e816a9eb6e282bca1871dbf18,c22fa99c022d6fc82d42b4077d584a2e998451255ed6db919b2aa1ea937c8b77,d4ed55368f30b665e59a7a6bfa5de68644dcc63d2d11a65d788efef568957244,2026-09-30T17:59:18Z
SubmitPartialDecryption,159,c6507fd4a2d434631834fbf16ef606d2ded45e8327ec9bc61dd4aed83bcbdaa3,260,01d5dedce5ab55b80b53ae831e77b464dc2b940e816a9eb6e282bca1871dbf18,c22fa99c022d6fc82d42b4077d584a2e998451255ed6db919b2aa1ea937c8b77,d4ed55368f30b665e59a7a6bfa5de68644dcc63d2d11a65d788efef568957244,2026-09-30T17:59:18Z
SubmitPartialDecryption,145,5858e86238a54f86fd701a8f258fb6db0f855cbcc49bc799498988a2d431e9dd,260,01d5dedce5ab55b80b53ae831e77b464dc2b940e816a9eb6e282bca1871dbf18,c22fa99c022d6fc82d42b4077d584a2e998451255ed6db919b2aa1ea937c8b77,d4ed55368f30b665e59a7a6bfa5de68644dcc63d2d11a65d788efef568957244,2026-09-30T17:59:18Z
SubmitPartialDecryption,153,7cd054ee752eee7bb03377a3c5e523145a60f54e79439a759800472d1773dd18,260,01d5dedce5ab55b80b53ae831e77b464dc2b940e816a9eb6e282bca1871dbf18,c22fa99c022d6fc82d42b4077d584a2e998451255ed6db919b2aa1ea937c8b77,d4ed55368f30b665e59a7a6bfa5de68644dcc63d2d11a65d788efef568957244,2026-09-30T17:59:18Z
SubmitPartialDecryption,157,a249280f570becdcc109de842cdd01c6d723a8829247726cf82186f628ee927a,260,01d5dedce5ab55b80b53ae831e77b464dc2b940e816a9eb6e282bca1871dbf18,c22fa99c022d6fc82d42b4077d584a2e998451255ed6db919b2aa1ea937c8b77,d4ed55368f30b665e59a7a6bfa5de68644dcc63d2d11a65d788efef568957244,2026-09-30T17:59:18Z
SubmitPartialDecryption,152,02133ea0a00a277f2c1a35b9bc06acfc05239b1c2c6b85ca5d789169c9e24d5a,260,01d5dedce5ab55b80b53ae831e77b464dc2b940e816a9eb6e282bca1871dbf18,c22fa99c022d6fc82d42b4077d584a2e998451255ed6db919b2aa1ea937c8b77,d4ed55368f30b665e59a7a6bfa5de68644dcc63d2d11a65d788efef568957244,2026-09-30T17:59:18Z
SubmitPartialDecryption,146,f7f54da6b1ab3b28e11b04516768e94a84f96afc8bf9c8b49d81c81d2a52a4a0,260,01d5dedce5ab55b80b53ae831e77b464dc2b940e816a9eb6e282bca1871dbf18,c22fa99c022d6fc82d42b4077d584a2e998451255ed6db919b2aa1ea937c8b77,d4ed55368f30b665e59a7a6bfa5de68644dcc63d2d11a65d788efef568957244,2026-09-30T17:59:18Z
SubmitPartialDecryption,154,cead0ef41a65c4d8975bbbbdeaafdbc5c76593cf7858d4b0a08d7b41a88e8685,260,01d5dedce5ab55b80b53ae831e77b464dc2b940e816a9eb6e282bca1871dbf18,c22fa99c022d6fc82d42b4077d584a2e998451255ed6db919b2aa1ea937c8b77,d4ed55368f30b665e59a7a6bfa5de68644dcc63d2d11a65d788efef568957244,2026-09-30T17:59:18Z
SubmitPartialDecryption,149,d1a23a174e305f50df3a6774a1ab75b7298dec222d85003437d2262611197bdf,260,01d5dedce5ab55b80b53ae831e77b464dc2b940e816a9eb6e282bca1871dbf18,c22fa99c022d6fc82d42b4077d584a2e998451255ed6db919b2aa1ea937c8b77,d4ed55368f30b665e59a7a6bfa5de68644dcc63d2d11a65d788efef568957244,2026-09-30T17:59:18Z
SubmitPartialDecryption,147,10f8b1bb8c10e4496349105088e2df1a2849bd70e5a38d7c171b26f4d471c979,260,01d5dedce5ab55b80b53ae831e77b464dc2b940e816a9eb6e282bca1871dbf18,c22fa99c022d6fc82d42b4077d584a2e998451255ed6db919b2aa1ea937c8b77,d4ed55368f30b665e59a7a6bfa5de68644dcc63d2d11a65d788efef568957244,2026-09-30T17:59:18Z
SubmitPartialDecryption,156,7db30154e16b2d3ca556ef096e6d93eca67355d44225ea075e96915d97a06e26,260,01d5dedce5ab55b80b53ae831e77b464dc2b940e816a9eb6e282bca1871dbf18,c22fa99c022d6fc82d42b4077d584a2e998451255ed6db919b2aa1ea937c8b77,d4ed55368f30b665e59a7a6bfa5de68644dcc63d2d11a65d788efef568957244,2026-09-30T17:59:18Z
SubmitPartialDecryption,150,3e0a9a363e40b3c0089787209bff1706c8e7272523e1de2cdb26f9717c25c907,260,01d5dedce5ab55b80b53ae831e77b464dc2b940e816a9eb6e282bca1871dbf18,c22fa99c022d6fc82d42b4077d584a2e998451255ed6db919b2aa1ea937c8b77,d4ed55368f30b665e59a7a6bfa5de68644dcc63d2d11a65d788efef568957244,2026-09-30T17:59:18Z
SubmitPartialDecryption,166,6ff444b694b0dfc582711fafef39f02a5fd8b99604221d3600d07b50f9776fce,261,7134e6eb5222c2fef400a070575689a9b296d51b6dbf0b4f6c0bf44947198e66,3e47878e4c333305a8cf3baf0ee7b7bfdd93d50fceee07badc357baae3addaaa,01d5dedce5ab55b80b53ae831e77b464dc2b940e816a9eb6e282bca1871dbf18,2026-09-30T17:59:20Z
SubmitPartialDecryption,168,dfaa8432ec1c68e63cd7afa9641019696e01fb62c2bcf9ae34a4433b5011c5d1,261,7134e6eb5222c2fef400a070575689a9b296d51b6dbf0b4f6c0bf44947198e66,3e47878e4c333305a8cf3baf0ee7b7bfdd93d50fceee07badc357baae3addaaa,01d5dedce5ab55b80b53ae831e77b464dc2b940e816a9eb6e282bca1871dbf18,2026-09-30T17:59:20Z
SubmitPartialDecryption,170,4f62a1bec2c43e046e0faec7cf555b3a32340d41c5336d6cc7e397d709d0ca31,261,7134e6eb5222c2fef400a070575689a9b296d51b6dbf0b4f6c0bf44947198e66,3e47878e4c333305a8cf3baf0ee7b7bfdd93d50fceee07badc357baae3addaaa,01d5dedce5ab55b80b53ae831e77b464dc2b940e816a9eb6e282bca1871dbf18,2026-09-30T17:59:20Z
SubmitPartialDecryption,169,342b05f20125f122a782300f6f78550499c35979d241dd8db680e79e14db9302,261,7134e6eb5222c2fef400a070575689a9b296d51b6dbf0b4f6c0bf44947198e66,3e47878e4c333305a8cf3baf0ee7b7bfdd93d50fceee07badc357baae3addaaa,01d5dedce5ab55b80b53ae831e77b464dc2b940e816a9eb6e282bca1871dbf18,2026-09-30T17:59:20Z
SubmitPartialDecryption,161,a1cdf616c1ab50bdc47c1fb8a446870777ba4eec4a28237974fe53b5f193fd55,261,7134e6eb5222c2fef400a070575689a9b296d51b6dbf0b4f6c0bf44947198e66,3e47878e4c333305a8cf3baf0ee7b7bfdd93d50fceee07badc357baae3addaaa,01d5dedce5ab55b80b53ae831e77b464dc2b940e816a9eb6e282bca1871dbf18,2026-09-30T17:59:20Z
SubmitPartialDecryption,162,c6c98940992db8ccab36c9af7f39e96025bf98e2f937b8a047a15519728133bf,261,7134e6eb5222c2fef400a070575689a9b296d51b6dbf0b4f6c0bf44947198e66,3e47878e4c333305a8cf3baf0ee7b7bfdd93d50fceee07badc357baae3addaaa,01d5dedce5ab55b80b53ae831e77b464dc2b940e816a9eb6e282bca1871dbf18,2026-09-30T17:59:20Z
SubmitPartialDecryption,164,94ec9aaec1c91cce9e36fd866997a18d4c4b8b0bb35261502c27d461b3907169,261,7134e6eb5222c2fef400a070575689a9b296d51b6dbf0b4f6c0bf44947198e66,3e47878e4c333305a8cf3baf0ee7b7bfdd93d50fceee07badc357baae3addaaa,01d5dedce5ab55b80b53ae831e77b464dc2b940e816a9eb6e282bca1871dbf18,2026-09-30T17:59:20Z
SubmitPartialDecryption,160,ce4b87eac6d2c64ac9d4985eb67c06bd9e9b5989588140d31bc92b60c56c6694,261,7134e6eb5222c2fef400a070575689a9b296d51b6dbf0b4f6c0bf44947198e66,3e47878e4c333305a8cf3baf0ee7b7bfdd93d50fceee07badc357baae3addaaa,01d5dedce5ab55b80b53ae831e77b464dc2b940e816a9eb6e282bca1871dbf18,2026-09-30T17:59:20Z
SubmitPartialDecryption,163,74ca540f8b7ffeef86d7d2765e4c65602ef9d0eddad422ecc4df182e788f60d6,261,7134e6eb5222c2fef400a070575689a9b296d51b6dbf0b4f6c0bf44947198e66,3e47878e4c333305a8cf3baf0ee7b7bfdd93d50fceee07badc357baae3addaaa,01d5dedce5ab55b80b53ae831e77b464dc2b940e816a9eb6e282bca1871dbf18,2026-09-30T17:59:20Z
SubmitPartialDecryption,167,b49d44cade70a1afa49f31a3aaeeddfecab7ae2ce30a3dc1e45130e27c5f4922,261,7134e6eb5222c2fef400a070575689a9b296d51b6dbf0b4f6c0bf44947198e66,3e47878e4c333305a8cf3baf0ee7b7bfdd93d50fceee07badc357baae3addaaa,01d5dedce5ab55b80b53ae831e77b464dc2b940e816a9eb6e282bca1871dbf18,2026-09-30T17:59:20Z
SubmitPartialDecryption,172,867dcfc73a2d6de2fdced11fc340229885e1295b1ff1008699d04bd881e6a5b3,261,7134e6eb5222c2fef400a070575689a9b296d51b6dbf0b4f6c0bf44947198e66,3e47878e4c333305a8cf3baf0ee7b7bfdd93d50fceee07badc357baae3addaaa,01d5dedce5ab55b80b53ae831e77b464dc2b940e816a9eb6e282bca1871dbf18,2026-09-30T17:59:20Z
SubmitPartialDecryption,173,71bcc19edec0e3c5de90a675d549367930c82917bd36148d3ebe2e182799c4e0,261,7134e6eb5222c2fef400a070575689a9b296d51b6dbf0b4f6c0bf44947198e66,3e47878e4c333305a8cf3baf0ee7b7bfdd93d50fceee07badc357baae3addaaa,01d5dedce5ab55b80b53ae831e77b464dc2b940e816a9eb6e282bca1871dbf18,2026-09-30T17:59:20Z
SubmitPartialDecryption,171,d7bea4ee8bdeedc2959f8c50debaeb2663d5541b75457524b90bad18e16b7b09,261,7134e6eb5222c2fef400a070575689a9b296d51b6dbf0b4f6c0bf44947198e66,3e47878e4c333305a8cf3baf0ee7b7bfdd93d50fceee07badc357baae3addaaa,01d5dedce5ab55b80b53ae831e77b464dc2b940e816a9eb6e282bca1871dbf18,2026-09-30T17:59:20Z
SubmitPartialDecryption,174,6e53007856ec623483bfb4848661fa9e98e0b47d2a85d17964c80f64b09bf15e,261,7134e6eb5222c2fef400a070575689a9b296d51b6dbf0b4f6c0bf44947198e66,3e47878e4c333305a8cf3baf0ee7b7bfdd93d50fceee07badc357baae3addaaa,01d5dedce5ab55b80b53ae831e77b464dc2b940e816a9eb6e282bca1871dbf18,2026-09-30T17:59:20Z
SubmitPartialDecryption,175,f5fe24d5d7796fc5417f5b5a65a266ded3c5e3b6418722f8f6dea1656de7d12b,261,7134e6eb5222c2fef400a070575689a9b296d51b6dbf0b4f6c0bf44947198e66,3e47878e4c333305a8cf3baf0ee7b7bfdd93d50fceee07badc357baae3addaaa,01d5dedce5ab55b80b53ae831e77b464dc2b940e816a9eb6e282bca1871dbf18,2026-09-30T17:59:20Z
SubmitPartialDecryption,165,78bcbee07b9451215cd0a630fabb58b9e63f5aeca6990d61017386e3ea80ba02,261,7134e6eb5222c2fef400a070575689a9b296d51b6dbf0b4f6c0bf44947198e66,3e47878e4c333305a8cf3baf0ee7b7bfdd93d50fceee07badc357baae3addaaa,01d5dedce5ab55b80b53ae831e77b464dc2b940e816a9eb6e282bca1871dbf18,2026-09-30T17:59:20Z
SubmitPartialDecryption,187,daa0b3262ab441ebe3d262809461e7cebe977cc563eebaf1b30ac5c32ccae3d6,262,7430821db6d0f7d2c463f51dffe8fc7714c47b514f769c0c09491a807bc5e0af,e84ca6f2e5dfd69b9c51d562df9beb9a796c32dbe128e9221ea0091b1493d96e,7134e6eb5222c2fef400a070575689a9b296d51b6dbf0b4f6c0bf44947198e66,2026-09-30T17:59:22Z
SubmitPartialDecryption,184,8d49bc9285a36f393272d515ffc33f0d33f29080781d947df78bf9f96dffeaa0,262,7430821db6d0f7d2c463f51dffe8fc7714c47b514f769c0c09491a807bc5e0af,e84ca6f2e5dfd69b9c51d562df9beb9a796c32dbe128e9221ea0091b1493d96e,7134e6eb5222c2fef400a070575689a9b296d51b6dbf0b4f6c0bf44947198e66,2026-09-30T17:59:22Z
SubmitPartialDecryption,176,e421c4e600c8f80bb537e5ad6a355ada4624b18a2155f9ed3bfeee20103e6d96,262,7430821db6d0f7d2c463f51dffe8fc7714c47b514f769c0c09491a807bc5e0af,e84ca6f2e5dfd69b9c51d562df9beb9a796c32dbe128e9221ea0091b1493d96e,7134e6eb5222c2fef400a070575689a9b296d51b6dbf0b4f6c0bf44947198e66,2026-09-30T17:59:22Z
SubmitPartialDecryption,188,5bb2b16b7a0b59013a39bb672a84af672b66ee271d388d0e762485853eada158,262,7430821db6d0f7d2c463f51dffe8fc7714c47b514f769c0c09491a807bc5e0af,e84ca6f2e5dfd69b9c51d562df9beb9a796c32dbe128e9221ea0091b1493d96e,7134e6eb5222c2fef400a070575689a9b296d51b6dbf0b4f6c0bf44947198e66,2026-09-30T17:59:22Z
SubmitPartialDecryption,191,3243b0aff2aff3e4d44aa327788369db706bfa11553144dc293aafe7309fbda9,262,7430821db6d0f7d2c463f51dffe8fc7714c47b514f769c0c09491a807bc5e0af,e84ca6f2e5dfd69b9c51d562df9beb9a796c32dbe128e9221ea0091b1493d96e,7134e6eb5222c2fef400a070575689a9b296d51b6dbf0b4f6c0bf44947198e66,2026-09-30T17:59:22Z
SubmitPartialDecryption,183,4388ba24462a709273fb821e73faa8a8b4fed17b31c920fd89443488b0adfad7,262,7430821db6d0f7d2c463f51dffe8fc7714c47b514f769c0c09491a807bc5e0af,e84ca6f2e5dfd69b9c51d562df9beb9a796c32dbe128e9221ea0091b1493d96e,7134e6eb5222c2fef400a070575689a9b296d51b6dbf0b4f6c0bf44947198e66,2026-09-30T17:59:22Z
SubmitPartialDecryption,182,4a61996c47c0678a548bf3e1a48d61190b65b5cf2cd24e243ec32a63ae2c0ba3,262,7430821db6d0f7d2c463f51dffe8fc7714c47b514f769c0c09491a807bc5e0af,e84ca6f2e5dfd69b9c51d562df9beb9a796c32dbe128e9221ea0091b1493d96e,7134e6eb5222c2fef400a070575689a9b296d51b6dbf0b4f6c0bf44947198e66,2026-09-30T17:59:22Z
SubmitPartialDecryption,180,85bd7d19bb4d89c53c28ca9df0846d2bcc6b41ca79fd8cf541560f26b42520b1,262,7430821db6d0f7d2c463f51dffe8fc7714c47b514f769c0c09491a807bc5e0af,e84ca6f2e5dfd69b9c51d562df9beb9a796c32dbe128e9221ea0091b1493d96e,7134e6eb5222c2fef400a070575689a9b296d51b6dbf0b4f6c0bf44947198e66,2026-09-30T17:59:22Z
SubmitPartialDecryption,190,cc3293ffe0cc36c4ba38143543027b2ddaa6920a60c3d471bb4c689cd076d1df,262,7430821db6d0f7d2c463f51dffe8fc7714c47b514f769c0c09491a807bc5e0af,e84ca6f2e5dfd69b9c51d562df9beb9a796c32dbe128e9221ea0091b1493d96e,7134e6eb5222c2fef400a070575689a9b296d51b6dbf0b4f6c0bf44947198e66,2026-09-30T17:59:22Z
SubmitPartialDecryption,189,c754276fc366a48a61083d95de2131d0c7da5e995757b33e955beee8c285526e,262,7430821db6d0f7d2c463f51dffe8fc7714c47b514f769c0c09491a807bc5e0af,e84ca6f2e5dfd69b9c51d562df9beb9a796c32dbe128e9221ea0091b1493d96e,7134e6eb5222c2fef400a070575689a9b296d51b6dbf0b4f6c0bf44947198e66,2026-09-30T17:59:22Z
SubmitPartialDecryption,181,40926e4029f807a0ea8fd4b3e1d81202b818812199616f0874e7e6898ea0ddc6,262,7430821db6d0f7d2c463f51dffe8fc7714c47b514f769c0c09491a807bc5e0af,e84ca6f2e5dfd69b9c51d562df9beb9a796c32dbe128e9221ea0091b1493d96e,7134e6eb5222c2fef400a070575689a9b296d51b6dbf0b4f6c0bf44947198e66,2026-09-30T17:59:22Z
SubmitPartialDecryption,185,45523c1035c003b3a402ae0f8d13355a313bdacf91630559339dd3bff69d7895,262,7430821db6d0f7d2c463f51dffe8fc7714c47b514f769c0c09491a807bc5e0af,e84ca6f2e5dfd69b9c51d562df9beb9a796c32dbe128e9221ea0091b1493d96e,7134e6eb5222c2fef400a070575689a9b296d51b6dbf0b4f6c0bf44947198e66,2026-09-30T17:59:22Z
SubmitPartialDecryption,177,a920d591534d204d4e7e992d0f5280e2f190725f481851319af00827d0a497ee,262,7430821db6d0f7d2c463f51dffe8fc7714c47b514f769c0c09491a807bc5e0af,e84ca6f2e5dfd69b9c51d562df9beb9a796c32dbe128e9221ea0091b1493d96e,7134e6eb5222c2fef400a070575689a9b296d51b6dbf0b4f6c0bf44947198e66,2026-09-30T17:59:22Z
SubmitPartialDecryption,178,6370ec14f784870c2426a5d9f40b78cd450b145d3919f37b33ed74052966a7ee,262,7430821db6d0f7d2c463f51dffe8fc7714c47b514f769c0c09491a807bc5e0af,e84ca6f2e5dfd69b9c51d562df9beb9a796c32dbe128e9221ea0091b1493d96e,7134e6eb5222c2fef400a070575689a9b296d51b6dbf0b4f6c0bf44947198e66,2026-09-30T17:59:22Z
SubmitPartialDecryption,179,10503d6c42746f4fbd3e66aa8e98c2331ca32d4b7e85bcf6ba831ed49db5814d,262,7430821db6d0f7d2c463f51dffe8fc7714c47b514f769c0c09491a807bc5e0af,e84ca6f2e5dfd69b9c51d562df9beb9a796c32dbe128e9221ea0091b1493d96e,7134e6eb5222c2fef400a070575689a9b296d51b6dbf0b4f6c0bf44947198e66,2026-09-30T17:59:22Z
SubmitPartialDecryption,186,4dec90a8765c292ad307aaf717bb3a352c48513c8712f3e2f9d0ad5f60066398,262,7430821db6d0f7d2c463f51dffe8fc7714c47b514f769c0c09491a807bc5e0af,e84ca6f2e5dfd69b9c51d562df9beb9a796c32dbe128e9221ea0091b1493d96e,7134e6eb5222c2fef400a070575689a9b296d51b6dbf0b4f6c0bf44947198e66,2026-09-30T17:59:22Z
SubmitPartialDecryption,199,2f27a4a53ccfc8f0fccf558ced1512b075c30736f3cf491d2125d0d041dc570b,263,350fc7526dca485102de38f402aaa675982289f317007cdd4b3912804fbe9cb8,fd9a236bcaba2bcf92af5a6639557ffa7f1b3723e4d267fdf5e48665f96a252a,7430821db6d0f7d2c463f51dffe8fc7714c47b514f769c0c09491a807bc5e0af,2026-09-30T17:59:24Z
SubmitPartialDecryption,193,0a2596d0f3cb09cc95104f81364384f275370028f41bfeb1fdf757adb7cdef54,263,350fc7526dca485102de38f402aaa675982289f317007cdd4b3912804fbe9cb8,fd9a236bcaba2bcf92af5a6639557ffa7f1b3723e4d267fdf5e48665f96a252a,7430821db6d0f7d2c463f51dffe8fc7714c47b514f769c0c09491a807bc5e0af,2026-09-30T17:59:24Z
SubmitPartialDecryption,195,c88fb0ecc09284de9e2d7220c48880d8958b8b5e858bb1bd99895de1b839f0a2,263,350fc7526dca485102de38f402aaa675982289f317007cdd4b3912804fbe9cb8,fd9a236bcaba2bcf92af5a6639557ffa7f1b3723e4d267fdf5e48665f96a252a,7430821db6d0f7d2c463f51dffe8fc7714c47b514f769c0c09491a807bc5e0af,2026-09-30T17:59:24Z
SubmitPartialDecryption,192,16928f5bba079c9daf3b9995a2be338dd62a2d309178c6e30897b7de6a8edf6d,263,350fc7526dca485102de38f402aaa675982289f317007cdd4b3912804fbe9cb8,fd9a236bcaba2bcf92af5a6639557ffa7f1b3723e4d267fdf5e48665f96a252a,7430821db6d0f7d2c463f51dffe8fc7714c47b514f769c0c09491a807bc5e0af,2026-09-30T17:59:24Z
SubmitPartialDecryption,207,bcd12fd9569788da5760090343beded179e64065f6698e8ebc37d5ff20c8eee1,263,350fc7526dca485102de38f402aaa675982289f317007cdd4b3912804fbe9cb8,fd9a236bcaba2bcf92af5a6639557ffa7f1b3723e4d267fdf5e48665f96a252a,7430821db6d0f7d2c463f51dffe8fc7714c47b514f769c0c09491a807bc5e0af,2026-09-30T17:59:24Z
SubmitPartialDecryption,196,208cbb0a9b20cd426cfd786bcdeceb98de031f73fda4790438d34d2d28a622b1,263,350fc7526dca485102de38f402aaa675982289f317007cdd4b3912804fbe9cb8,fd9a236bcaba2bcf92af5a6639557ffa7f1b3723e4d267fdf5e48665f96a252a,7430821db6d0f7d2c463f51dffe8fc7714c47b514f769c0c09491a807bc5e0af,2026-09-30T17:59:24Z
SubmitPartialDecryption,201,a120cd107d9b089998bc35bb418a15cdbe1f85e1782635fb3d6ec10438ab5fc1,263,350fc7526dca485102de38f402aaa675982289f317007cdd4b3912804fbe9cb8,fd9a236bcaba2bcf92af5a6639557ffa7f1b3723e4d267fdf5e48665f96a252a,7430821db6d0f7d2c463f51dffe8fc7714c47b514f769c0c09491a807bc5e0af,2026-09-30T17:59:24Z
SubmitPartialDecryption,198,09ceb93082a0ec7782a3d41ad6aa38b541068f6049a36d331ccf31e51a54910c,263,350fc7526dca485102de38f402aaa675982289f317007cdd4b3912804fbe9cb8,fd9a236bcaba2bcf92af5a6639557ffa7f1b3723e4d267fdf5e48665f96a252a,7430821db6d0f7d2c463f51dffe8fc7714c47b514f769c0c09491a807bc5e0af,2026-09-30T17:59:24Z
SubmitPartialDecryption,200,923a546447e4ddd121464b0eba20c1edf353043da220756626c3dd4a14fa6eb2,263,350fc7526dca485102de38f402aaa675982289f317007cdd4b3912804fbe9cb8,fd9a236bcaba2bcf92af5a6639557ffa7f1b3723e4d267fdf5e48665f96a252a,7430821db6d0f7d2c463f51dffe8fc7714c47b514f769c0c09491a807bc5e0af,2026-09-30T17:59:24Z
SubmitPartialDecryption,202,d7dbedc89d9f98d52d5deb1459c31f7f4ab37bc780fb0771b4f72d4f086d43a1,263,350fc7526dca485102de38f402aaa675982289f317007cdd4b3912804fbe9cb8,fd9a236bcaba2bcf92af5a6639557ffa7f1b3723e4d267fdf5e48665f96a252a,7430821db6d0f7d2c463f51dffe8fc7714c47b514f769c0c09491a807bc5e0af,2026-09-30T17:59:24Z
SubmitPartialDecryption,205,283a33c32666c0a8d53f1c094ccb48ffd6ada02624e20d4c1e60cf6140adca94,263,350fc7526dca485102de38f402aaa675982289f317007cdd4b3912804fbe9cb8,fd9a236bcaba2bcf92af5a6639557ffa7f1b3723e4d267fdf5e48665f96a252a,7430821db6d0f7d2c463f51dffe8fc7714c47b514f769c0c09491a807bc5e0af,2026-09-30T17:59:24Z
SubmitPartialDecryption,206,4778a37ea15a24b19dcacd0b7aebb0927283256f1f13b911407462a446a97f9c,263,350fc7526dca485102de38f402aaa675982289f317007cdd4b3912804fbe9cb8,fd9a236bcaba2bcf92af5a6639557ffa7f1b3723e4d267fdf5e48665f96a252a,7430821db6d0f7d2c463f51dffe8fc7714c47b514f769c0c09491a807bc5e0af,2026-09-30T17:59:24Z
SubmitPartialDecryption,197,d629bacc2f1733b0e1c5f37a34ee4b99f2bf13b8cdb5076c6106fb4566bfac26,263,350fc7526dca485102de38f402aaa675982289f317007cdd4b3912804fbe9cb8,fd9a236bcaba2bcf92af5a6639557ffa7f1b3723e4d267fdf5e48665f96a252a,7430821db6d0f7d2c463f51dffe8fc7714c47b514f769c0c09491a807bc5e0af,2026-09-30T17:59:24Z
SubmitPartialDecryption,204,df6b27b70af56a3e57650308afbba52383eb0159ac7abf209a87ce9252859aa3,263,350fc7526dca485102de38f402aaa675982289f317007cdd4b3912804fbe9cb8,fd9a236bcaba2bcf92af5a6639557ffa7f1b3723e4d267fdf5e48665f96a252a,7430821db6d0f7d2c463f51dffe8fc7714c47b514f769c0c09491a807bc5e0af,2026-09-30T17:59:24Z
SubmitPartialDecryption,203,8c5f1fa6a546077cc98ed1fa92f748776a0e854507d6c7ea93dd9335ae4d28c3,263,350fc7526dca485102de38f402aaa675982289f317007cdd4b3912804fbe9cb8,fd9a236bcaba2bcf92af5a6639557ffa7f1b3723e4d267fdf5e48665f96a252a,7430821db6d0f7d2c463f51dffe8fc7714c47b514f769c0c09491a807bc5e0af,2026-09-30T17:59:24Z
SubmitPartialDecryption,194,ccd1d735be2e5ef2eb01f20d92abd0559519b3d2c3a503039367f69c9d522d37,263,350fc7526dca485102de38f402aaa675982289f317007cdd4b3912804fbe9cb8,fd9a236bcaba2bcf92af5a6639557ffa7f1b3723e4d267fdf5e48665f96a252a,7430821db6d0f7d2c463f51dffe8fc7714c47b514f769c0c09491a807bc5e0af,2026-09-30T17:59:24Z
SubmitPartialDecryption,212,8ded1a40a5c94e412eac7548d1797c29f664278fa4acb890dec2e4b120991e34,264,31fe99641feaef5101d6179d2d3cfc9d22fd24fffbb358a37e7088b201987838,dedae132696cd9c88dcf589ee01515e4543b08019bd390b561321ca4d0230ed9,350fc7526dca485102de38f402aaa675982289f317007cdd4b3912804fbe9cb8,2026-09-30T17:59:26Z
SubmitPartialDecryption,214,9f7a19eae5abadc640aa3e9284bac8db678c2f274d6eb94e6135ab23fce0a2d9,264,31fe99641feaef5101d6179d2d3cfc9d22fd24fffbb358a37e7088b201987838,dedae132696cd9c88dcf589ee01515e4543b08019bd390b561321ca4d0230ed9,350fc7526dca485102de38f402aaa675982289f317007cdd4b3912804fbe9cb8,2026-09-30T17:59:26Z
SubmitPartialDecryption,219,97ce4f25ce448f49e8cb0d825a723addb1ef645c4680cd1f76b07b8725aea77c,264,31fe99641feaef5101d6179d2d3cfc9d22fd24fffbb358a37e7088b201987838,dedae132696cd9c88dcf589ee01515e4543b08019bd390b561321ca4d0230ed9,350fc7526dca485102de38f402aaa675982289f317007cdd4b3912804fbe9cb8,2026-09-30T17:59:26Z
SubmitPartialDecryption,210,e7043da825ccba4189d529ee8753129a0e8ee549cb6689db744a9a5d3ff7e292,264,31fe99641feaef5101d6179d2d3cfc9d22fd24fffbb358a37e7088b201987838,dedae132696cd9c88dcf589ee01515e4543b08019bd390b561321ca4d0230ed9,350fc7526dca485102de38f402aaa675982289f317007cdd4b3912804fbe9cb8,2026-09-30T17:59:26Z
SubmitPartialDecryption,220,fa2f7d69b221941f181c76644b31473e03736a29d403d80c319292667fef1c04,264,31fe99641feaef5101d6179d2d3cfc9d22fd24fffbb358a37e7088b201987838,dedae132696cd9c88dcf589ee01515e4543b08019bd390b561321ca4d0230ed9,350fc7526dca485102de38f402aaa675982289f317007cdd4b3912804fbe9cb8,2026-09-30T17:59:26Z
SubmitPartialDecryption,213,7144c271d9389a0c117dea6846662263d858e3fda34cb78348b51a3542d42910,264,31fe99641feaef5101d6179d2d3cfc9d22fd24fffbb358a37e7088b201987838,dedae132696cd9c88dcf589ee01515e4543b08019bd390b561321ca4d0230ed9,350fc7526dca485102de38f402aaa675982289f317007cdd4b3912804fbe9cb8,2026-09-30T17:59:26Z
SubmitPartialDecryption,223,c4b0a3f1364c18a41afc23c0fa7d9125bf49f110010d90fed4a1ef3d03cf0b38,264,31fe99641feaef5101d6179d2d3cfc9d22fd24fffbb358a37e7088b201987838,dedae132696cd9c88dcf589ee01515e4543b08019bd390b561321ca4d0230ed9,350fc7526dca485102de38f402aaa675982289f317007cdd4b3912804fbe9cb8,2026-09-30T17:59:26Z
SubmitPartialDecryption,211,ea5699d35f7fbebd952ca3c10cbff849d64389e5fe8f9d105bcf04e90c0df348,264,31fe99641feaef5101d6179d2d3cfc9d22fd24fffbb358a37e7088b201987838,dedae132696cd9c88dcf589ee01515e4543b08019bd390b561321ca4d0230ed9,350fc7526dca485102de38f402aaa675982289f317007cdd4b3912804fbe9cb8,2026-09-30T17:59:26Z
SubmitPartialDecryption,222,e98be82ce045634e2ae68aeb388b46dd0efd5886b88d7ea38f6a01969b10552c,264,31fe99641feaef5101d6179d2d3cfc9d22fd24fffbb358a37e7088b201987838,dedae132696cd9c88dcf589ee01515e4543b08019bd390b561321ca4d0230ed9,350fc7526dca485102de38f402aaa675982289f317007cdd4b3912804fbe9cb8,2026-09-30T17:59:26Z
SubmitPartialDecryption,216,cfecfd2fab920579706f680d7007e2fc81e5ed07b6c9cbe32d3e6bc4cf60a3e7,264,31fe99641feaef5101d6179d2d3cfc9d22fd24fffbb358a37e7088b201987838,dedae132696cd9c88dcf589ee01515e4543b08019bd390b561321ca4d0230ed9,350fc7526dca485102de38f402aaa675982289f317007cdd4b3912804fbe9cb8,2026-09-30T17:59:26Z
SubmitPartialDecryption,215,87808f72098eb3f97c189bf1621bfdaaa6658e3657692cb34f87ccf6130d2a8b,264,31fe99641feaef5101d6179d2d3cfc9d22fd24fffbb358a37e7088b201987838,dedae132696cd9c88dcf589ee01515e4543b08019bd390b561321ca4d0230ed9,350fc7526dca485102de38f402aaa675982289f317007cdd4b3912804fbe9cb8,2026-09-30T17:59:26Z
SubmitPartialDecryption,208,192e2624c9b891b6f0987374490cb88ee4bdc71b769f5f0e25781cae6a34941e,264,31fe99641feaef5101d6179d2d3cfc9d22fd24fffbb358a37e7088b201987838,dedae132696cd9c88dcf589ee01515e4543b08019bd390b561321ca4d0230ed9,350fc7526dca485102de38f402aaa675982289f317007cdd4b3912804fbe9cb8,2026-09-30T17:59:26Z
SubmitPartialDecryption,221,a1ca0e18f268bee7e8a0a237e35f1d233b0a2be07f319a6b7a7df7c4c9182784,264,31fe99641feaef5101d6179d2d3cfc9d22fd24fffbb358a37e7088b201987838,dedae132696cd9c88dcf589ee01515e4543b08019bd390b561321ca4d0230ed9,350fc7526dca485102de38f402aaa675982289f317007cdd4b3912804fbe9cb8,2026-09-30T17:59:26Z
SubmitPartialDecryption,209,fd12109bf2a4da0a49331f9603609425bda7e4ca30fdc9499462ba1b943fa049,264,31fe99641feaef5101d6179d2d3cfc9d22fd24fffbb358a37e7088b201987838,dedae132696cd9c88dcf589ee01515e4543b08019bd390b561321ca4d0230ed9,350fc7526dca485102de38f402aaa675982289f317007cdd4b3912804fbe9cb8,2026-09-30T17:59:26Z
SubmitPartialDecryption,217,9b0dfed93779b9c930fe77b3b9fc12a3ad0c6bb419755c681b81ec90ed081a9d,264,31fe99641feaef5101d6179d2d3cfc9d22fd24fffbb358a37e7088b201987838,dedae132696cd9c88dcf589ee01515e4543b08019bd390b561321ca4d0230ed9,350fc7526dca485102de38f402aaa675982289f317007cdd4b3912804fbe9cb8,2026-09-30T17:59:26Z
SubmitPartialDecryption,218,7571c5f6b4b8de16e005e04e39da84aef63329891dd0afd2059888d7a2a65b7c,264,31fe99641feaef5101d6179d2d3cfc9d22fd24fffbb358a37e7088b201987838,dedae132696cd9c88dcf589ee01515e4543b08019bd390b561321ca4d0230ed9,350fc7526dca485102de38f402aaa675982289f317007cdd4b3912804fbe9cb8,2026-09-30T17:59:26Z
SubmitPartialDecryption,224,1a322baeff463992a45ee3ea834090b77d8658ba16ea4bbc7030bf973d1a4dfc,265,d676dd2b98a493eae0f9f8cc392cfab82e06699794e481c39bca9fe6816f064b,d2101d9b1cb6887a32add4b41fd22f52c21e6a108a17947e1aa52c2d366ac1fd,31fe99641feaef5101d6179d2d3cfc9d22fd24fffbb358a37e7088b201987838,2026-09-30T17:59:28Z
SubmitPartialDecryption,231,0dabe6c1f85c94f32895949ab60e29a96b50396bce8f3fa7e7203c7dfc7d46b3,265,d676dd2b98a493eae0f9f8cc392cfab82e06699794e481c39bca9fe6816f064b,d2101d9b1cb6887a32add4b41fd22f52c21e6a108a17947e1aa52c2d366ac1fd,31fe99641feaef5101d6179d2d3cfc9d22fd24fffbb358a37e7088b201987838,2026-09-30T17:59:28Z
SubmitPartialDecryption,234,17f50eb2edd0b8a8921bd91b5dacb3586b4180081b0ea5f74838e9e2c9d8e363,265,d676dd2b98a493eae0f9f8cc392cfab82e06699794e481c39bca9fe6816f064b,d2101d9b1cb6887a32add4b41fd22f52c21e6a108a17947e1aa52c2d366ac1fd,31fe99641feaef5101d6179d2d3cfc9d22fd24fffbb358a37e7088b201987838,2026-09-30T17:59:28Z
SubmitPartialDecryption,238,05d8ecda4535263ba661dac894065f6edb6ec29db2339ed3ed7728a638c33915,265,d676dd2b98a493eae0f9f8cc392cfab82e06699794e481c39bca9fe6816f064b,d2101d9b1cb6887a32add4b41fd22f52c21e6a108a17947e1aa52c2d366ac1fd,31fe99641feaef5101d6179d2d3cfc9d22fd24fffbb358a37e7088b201987838,2026-09-30T17:59:28Z
SubmitPartialDecryption,227,30f5c441b22c8a1d8f684433f9a143b430314f934e95ab5d0523665b678bdfa3,265,d676dd2b98a493eae0f9f8cc392cfab82e06699794e481c39bca9fe6816f064b,d2101d9b1cb6887a32add4b41fd22f52c21e6a108a17947e1aa52c2d366ac1fd,31fe99641feaef5101d6179d2d3cfc9d22fd24fffbb358a37e7088b201987838,2026-09-30T17:59:28Z
SubmitPartialDecryption,239,f819c2afc20ddbedf1f671cb21825cb08f2697db42269b82c69faed404f68643,265,d676dd2b98a493eae0f9f8cc392cfab82e06699794e481c39bca9fe6816f064b,d2101d9b1cb6887a32add4b41fd22f52c21e6a108a17947e1aa52c2d366ac1fd,31fe99641feaef5101d6179d2d3cfc9d22fd24fffbb358a37e7088b201987838,2026-09-30T17:59:28Z
SubmitPartialDecryption,235,6aa0030cd316b1d125d06df89e02bbfe2b6cff609aa7df110db36d066f61b3ef,265,d676dd2b98a493eae0f9f8cc392cfab82e06699794e481c39bca9fe6816f064b,d2101d9b1cb6887a32add4b41fd22f52c21e6a108a17947e1aa52c2d366ac1fd,31fe99641feaef5101d6179d2d3cfc9d22fd24fffbb358a37e7088b201987838,2026-09-30T17:59:28Z
SubmitPartialDecryption,232,b307de8194309b9df6cca338165aef8351e5437cbc61286878326dadcd49bf21,265,d676dd2b98a493eae0f9f8cc392cfab82e06699794e481c39bca9fe6816f064b,d2101d9b1cb6887a32add4b41fd22f52c21e6a108a17947e1aa52c2d366ac1fd,31fe99641feaef5101d6179d2d3cfc9d22fd24fffbb358a37e7088b201987838,2026-09-30T17:59:28Z
SubmitPartialDecryption,233,2c77c5378de8b62b284d0b2060e5356f836068ba886f39abe3320d4f4f117d46,265,d676dd2b98a493eae0f9f8cc392cfab82e06699794e481c39bca9fe6816f064b,d2101d9b1cb6887a32add4b41fd22f52c21e6a108a17947e1aa52c2d366ac1fd,31fe99641feaef5101d6179d2d3cfc9d22fd24fffbb358a37e7088b201987838,2026-09-30T17:59:28Z
SubmitPartialDecryption,237,cec96419e5b6ee8db4da03ccca958c8bc957c6d274907de42bfc90633fee3c7f,265,d676dd2b98a493eae0f9f8cc392cfab82e06699794e481c39bca9fe6816f064b,d2101d9b1cb6887a32add4b41fd22f52c21e6a108a17947e1aa52c2d366ac1fd,31fe99641feaef5101d6179d2d3cfc9d22fd24fffbb358a37e7088b201987838,2026-09-30T17:59:28Z
SubmitPartialDecryption,226,d6d47b17ac9bdd2c9b99deacd02fbbe84e7fdaaa769821201fa5a44afff0eae9,265,d676dd2b98a493eae0f9f8cc392cfab82e06699794e481c39bca9fe6816f064b,d2101d9b1cb6887a32add4b41fd22f52c21e6a108a17947e1aa52c2d366ac1fd,31fe99641feaef5101d6179d2d3cfc9d22fd24fffbb358a37e7088b201987838,2026-09-30T17:59:28Z
SubmitPartialDecryption,230,de0a2297dabaa86c7d69373af72ed0f31c6e8770d7993f63b3e8b8508e6f4c4b,265,d676dd2b98a493eae0f9f8cc392cfab82e06699794e481c39bca9fe6816f064b,d2101d9b1cb6887a32add4b41fd22f52c21e6a108a17947e1aa52c2d366ac1fd,31fe99641feaef5101d6179d2d3cfc9d22fd24fffbb358a37e7088b201987838,2026-09-30T17:59:28Z
SubmitPartialDecryption,225,51a7a34093a4e36cb032bc3a4ada44dfba2210ac95f4d7b8916e42c1004c036a,265,d676dd2b98a493eae0f9f8cc392cfab82e06699794e481c39bca9fe6816f064b,d2101d9b1cb6887a32add4b41fd22f52c21e6a108a17947e1aa52c2d366ac1fd,31fe99641feaef5101d6179d2d3cfc9d22fd24fffbb358a37e7088b201987838,2026-09-30T17:59:28Z
SubmitPartialDecryption,229,7dbd147d107f32e23b9e00531aa7bf68a30b55db18e1d88d8ed26a0b05be1002,265,d676dd2b98a493eae0f9f8cc392cfab82e06699794e481c39bca9fe6816f064b,d2101d9b1cb6887a32add4b41fd22f52c21e6a108a17947e1aa52c2d366ac1fd,31fe99641feaef5101d6179d2d3cfc9d22fd24fffbb358a37e7088b201987838,2026-09-30T17:59:28Z
SubmitPartialDecryption,228,302dd39c5d8868f0999b8e55342120bfe84da6db189e1f26ff7396819f273d0f,265,d676dd2b98a493eae0f9f8cc392cfab82e06699794e481c39bca9fe6816f064b,d2101d9b1cb6887a32add4b41fd22f52c21e6a108a17947e1aa52c2d366ac1fd,31fe99641feaef5101d6179d2d3cfc9d22fd24fffbb358a37e7088b201987838,2026-09-30T17:59:28Z
SubmitPartialDecryption,236,9e99b9d1ac15cef8857a91236a5d3a671a86d43bfecfbb3a2bd5f1e9724ed948,265,d676dd2b98a493eae0f9f8cc392cfab82e06699794e481c39bca9fe6816f064b,d2101d9b1cb6887a32add4b41fd22f52c21e6a108a17947e1aa52c2d366ac1fd,31fe99641feaef5101d6179d2d3cfc9d22fd24fffbb358a37e7088b201987838,2026-09-30T17:59:28Z
SubmitPartialDecryption,255,933450faa2b5ac34ea08941d3781b10ea46c7af38ed0ca6b375ce58b9279e8a1,266,d593a41cba8955ab10c6220cb1fb14382c98d9948376efbc5168c2afefa44958,27cff72d16121060de709cc51d328680c68c6afd5961caaad9796ad69ed3b36a,d676dd2b98a493eae0f9f8cc392cfab82e06699794e481c39bca9fe6816f064b,2026-09-30T17:59:30Z
SubmitPartialDecryption,241,93164f01967790ff9fc85a64b739ba09cc3cb43bb0fb6dbc0bb2f13024d1d186,266,d593a41cba8955ab10c6220cb1fb14382c98d9948376efbc5168c2afefa44958,27cff72d16121060de709cc51d328680c68c6afd5961caaad9796ad69ed3b36a,d676dd2b98a493eae0f9f8cc392cfab82e06699794e481c39bca9fe6816f064b,2026-09-30T17:59:30Z
SubmitPartialDecryption,244,6103c8a70788ccd35fb68175b79d06962b5e4a4126f1177b77b0ea8ca7c87af4,266,d593a41cba8955ab10c6220cb1fb14382c98d9948376efbc5168c2afefa44958,27cff72d16121060de709cc51d328680c68c6afd5961caaad9796ad69ed3b36a,d676dd2b98a493eae0f9f8cc392cfab82e06699794e481c39bca9fe6816f064b,2026-09-30T17:59:30Z
SubmitPartialDecryption,251,54ef2cd770c6358c08c23e66c0860cbd38034f9792f77c72e37753d3c0937c4b,266,d593a41cba8955ab10c6220cb1fb14382c98d9948376efbc5168c2afefa44958,27cff72d16121060de709cc51d328680c68c6afd5961caaad9796ad69ed3b36a,d676dd2b98a493eae0f9f8cc392cfab82e06699794e481c39bca9fe6816f064b,2026-09-30T17:59:30Z
SubmitPartialDecryption,243,da148af4958e43f50fa573da700f7456786b0947545ff9ff52abbb6a812cb7ba,266,d593a41cba8955ab10c6220cb1fb14382c98d9948376efbc5168c2afefa44958,27cff72d16121060de709cc51d328680c68c6afd5961caaad9796ad69ed3b36a,d676dd2b98a493eae0f9f8cc392cfab82e06699794e481c39bca9fe6816f064b,2026-09-30T17:59:30Z
SubmitPartialDecryption,246,f208295e96e1df6eb46b20d10d108189d8c619e2fcc1dcbf8783fdaec3325c7b,266,d593a41cba8955ab10c6220cb1fb14382c98d9948376efbc5168c2afefa44958,27cff72d16121060de709cc51d328680c68c6afd5961caaad9796ad69ed3b36a,d676dd2b98a493eae0f9f8cc392cfab82e06699794e481c39bca9fe6816f064b,2026-09-30T17:59:30Z
SubmitPartialDecryption,252,d99b574b6bd643a59ab7f0aa920fcc9549c15c9db834faf6f4a545b1f3381d70,266,d593a41cba8955ab10c6220cb1fb14382c98d9948376efbc5168c2afefa44958,27cff72d16121060de709cc51d328680c68c6afd5961caaad9796ad69ed3b36a,d676dd2b98a493eae0f9f8cc392cfab82e06699794e481c39bca9fe6816f064b,2026-09-30T17:59:30Z
SubmitPartialDecryption,250,21dc4e703b4922e8876f587bd88abb5a278b227292ee6399bd49afd2a97e2c59,266,d593a41cba8955ab10c6220cb1fb14382c98d9948376efbc5168c2afefa44958,27cff72d16121060de709cc51d328680c68c6afd5961caaad9796ad69ed3b36a,d676dd2b98a493eae0f9f8cc392cfab82e06699794e481c39bca9fe6816f064b,2026-09-30T17:59:30Z
SubmitPartialDecryption,245,8d7be3594422c2a487a540627b4480ba0480b558d130ac1c18f610c03347d77d,266,d593a41cba8955ab10c6220cb1fb14382c98d9948376efbc5168c2afefa44958,27cff72d16121060de709cc51d328680c68c6afd5961caaad9796ad69ed3b36a,d676dd2b98a493eae0f9f8cc392cfab82e06699794e481c39bca9fe6816f064b,2026-09-30T17:59:30Z
SubmitPartialDecryption,247,287157d0d609560a89a9422b04c4118774f9efab0025293adbc5241b000f94a1,266,d593a41cba8955ab10c6220cb1fb14382c98d9948376efbc5168c2afefa44958,27cff72d16121060de709cc51d328680c68c6afd5961caaad9796ad69ed3b36a,d676dd2b98a493eae0f9f8cc392cfab82e06699794e481c39bca9fe6816f064b,2026-09-30T17:59:30Z
SubmitPartialDecryption,240,b183864fbddf1104bd8e6d8e39fa01899b4fa2a9a4eedb7751307cba6e9f97a9,266,d593a41cba8955ab10c6220cb1fb14382c98d9948376efbc5168c2afefa44958,27cff72d16121060de709cc51d328680c68c6afd5961caaad9796ad69ed3b36a,d676dd2b98a493eae0f9f8cc392cfab82e06699794e481c39bca9fe6816f064b,2026-09-30T17:59:30Z
SubmitPartialDecryption,248,02683d1cb1cccecd6d3eaccfd55e9fa8ce321d7961f933a91fd511dbafefd0cc,266,d593a41cba8955ab10c6220cb1fb14382c98d9948376efbc5168c2afefa44958,27cff72d16121060de709cc51d328680c68c6afd5961caaad9796ad69ed3b36a,d676dd2b98a493eae0f9f8cc392cfab82e06699794e481c39bca9fe6816f064b,2026-09-30T17:59:30Z
SubmitPartialDecryption,242,77f23514c3cfec69de02dbe803b58fd64e5b8b07a106e6d672c0f93372c8e340,266,d593a41cba8955ab10c6220cb1fb14382c98d9948376efbc5168c2afefa44958,27cff72d16121060de709cc51d328680c68c6afd5961caaad9796ad69ed3b36a,d676dd2b98a493eae0f9f8cc392cfab82e06699794e481c39bca9fe6816f064b,2026-09-30T17:59:30Z
SubmitPartialDecryption,249,4fa5f9d14f20843a9d12743e69a8f4121462543bbffcb6312e95d9601bbaf4c0,266,d593a41cba8955ab10c6220cb1fb14382c98d9948376efbc5168c2afefa44958,27cff72d16121060de709cc51d328680c68c6afd5961caaad9796ad69ed3b36a,d676dd2b98a493eae0f9f8cc392cfab82e06699794e481c39bca9fe6816f064b,2026-09-30T17:59:30Z
SubmitPartialDecryption,253,bb39f1b29e757b6a90f1bdb963b4769c3f9cc36dad4384f088e4d50cf275d29d,266,d593a41cba8955ab10c6220cb1fb14382c98d9948376efbc5168c2afefa44958,27cff72d16121060de709cc51d328680c68c6afd5961caaad9796ad69ed3b36a,d676dd2b98a493eae0f9f8cc392cfab82e06699794e481c39bca9fe6816f064b,2026-09-30T17:59:30Z
SubmitPartialDecryption,254,02233f2d58e9ca363ed4db12bb40e95a91fdf876533dc6b3d3ade6ee22473064,266,d593a41cba8955ab10c6220cb1fb14382c98d9948376efbc5168c2afefa44958,27cff72d16121060de709cc51d328680c68c6afd5961caaad9796ad69ed3b36a,d676dd2b98a493eae0f9f8cc392cfab82e06699794e481c39bca9fe6816f064b,2026-09-30T17:59:30Z
SubmitPartialDecryption,266,550d6dd8f7668c5bdfe953859f07ac35d17126aa79f13fb9dfd96fd5f0143ced,267,22db197243b661a6e5be659b8651863685457e18779257a6a756e2e01ecc1a80,d56f3abb08f56b4a20f737813727029538683f4eafd735256e8b7c46860223c2,d593a41cba8955ab10c6220cb1fb14382c98d9948376efbc5168c2afefa44958,2026-09-30T17:59:32Z
SubmitPartialDecryption,264,3975bce6cd5b189167a679088efbcaddb28252125b6844c1a94e45830fa02cc7,267,22db197243b661a6e5be659b8651863685457e18779257a6a756e2e01ecc1a80,d56f3abb08f56b4a20f737813727029538683f4eafd735256e8b7c46860223c2,d593a41cba8955ab10c6220cb1fb14382c98d9948376efbc5168c2afefa44958,2026-09-30T17:59:32Z
SubmitPartialDecryption,256,4f3e158e29ab3969e70e913925360f3b99ef0d8ca281f078d7ee9d5483bac6cb,267,22db197243b661a6e5be659b8651863685457e18779257a6a756e2e01ecc1a80,d56f3abb08f56b4a20f737813727029538683f4eafd735256e8b7c46860223c2,d593a41cba8955ab10c6220cb1fb14382c98d9948376efbc5168c2afefa44958,2026-09-30T17:59:32Z
SubmitPartialDecryption,259,4d7ef67771268ac364ec371510f3637e698599b972f54cf087eef0508fb6f495,267,22db197243b661a6e5be659b8651863685457e18779257a6a756e2e01ecc1a80,d56f3abb08f56b4a20f737813727029538683f4eafd735256e8b7c46860223c2,d593a41cba8955ab10c6220cb1fb14382c98d9948376efbc5168c2afefa44958,2026-09-30T17:59:32Z
SubmitPartialDecryption,267,f0744171dc627ed6d8e6b002589a98a9bba4196be27ed9bbb47fc74ff2e42f15,267,22db197243b661a6e5be659b8651863685457e18779257a6a756e2e01ecc1a80,d56f3abb08f56b4a20f737813727029538683f4eafd735256e8b7c46860223c2,d593a41cba8955ab10c6220cb1fb14382c98d9948376efbc5168c2afefa44958,2026-09-30T17:59:32Z
SubmitPartialDecryption,271,04b6f3299bdf1658acef4bab73c1eeefd140bcb9356528d12b8ef2d5c065272c,267,22db197243b661a6e5be659b8651863685457e18779257a6a756e2e01ecc1a80,d56f3abb08f56b4a20f737813727029538683f4eafd735256e8b7c46860223c2,d593a41cba8955ab10c6220cb1fb14382c98d9948376efbc5168c2afefa44958,2026-09-30T17:59:32Z
SubmitPartialDecryption,269,1423cfc63de698451971019d0b16db784d493f06c158e8d366a1b991b3342a5d,267,22db197243b661a6e5be659b8651863685457e18779257a6a756e2e01ecc1a80,d56f3abb08f56b4a20f737813727029538683f4eafd735256e8b7c46860223c2,d593a41cba8955ab10c6220cb1fb14382c98d9948376efbc5168c2afefa44958,2026-09-30T17:59:32Z
SubmitPartialDecryption,257,de122f293918d0a1eba5fff74da6c48ea89f2e97a4fffc9bdf5a83af980e559d,267,22db197243b661a6e5be659b8651863685457e18779257a6a756e2e01ecc1a80,d56f3abb08f56b4a20f737813727029538683f4eafd735256e8b7c46860223c2,d593a41cba8955ab10c6220cb1fb14382c98d9948376efbc5168c2afefa44958,2026-09-30T17:59:32Z
SubmitPartialDecryption,258,ba08c2444af1fbc77288d8923e106421722c94b92f2cc9465d467a36f8add572,267,22db197243b661a6e5be659b8651863685457e18779257a6a756e2e01ecc1a80,d56f3abb08f56b4a20f737813727029538683f4eafd735256e8b7c46860223c2,d593a41cba8955ab10c6220cb1fb14382c98d9948376efbc5168c2afefa44958,2026-09-30T17:59:32Z
SubmitPartialDecryption,260,9ce20b383de560db57a3974b720e75837cef08358d473cf5becd248bf98215b5,267,22db197243b661a6e5be659b8651863685457e18779257a6a756e2e01ecc1a80,d56f3abb08f56b4a20f737813727029538683f4eafd735256e8b7c46860223c2,d593a41cba8955ab10c6220cb1fb14382c98d9948376efbc5168c2afefa44958,2026-09-30T17:59:32Z
SubmitPartialDecryption,270,f2a937e9f49611c6f5ee8a6f701c55931023f39bc4766abe145483c63802e8f7,267,22db197243b661a6e5be659b8651863685457e18779257a6a756e2e01ecc1a80,d56f3abb08f56b4a20f737813727029538683f4eafd735256e8b7c46860223c2,d593a41cba8955ab10c6220cb1fb14382c98d9948376efbc5168c2afefa44958,2026-09-30T17:59:32Z
SubmitPartialDecryption,268,11695545daabedd1c028852fe791ccb56ec159e28a2e3dc0c7ebc50e8d5d141b,267,22db197243b661a6e5be659b8651863685457e18779257a6a756e2e01ecc1a80,d56f3abb08f56b4a20f737813727029538683f4eafd735256e8b7c46860223c2,d593a41cba8955ab10c6220cb1fb14382c98d9948376efbc5168c2afefa44958,2026-09-30T17:59:32Z
SubmitPartialDecryption,263,16ef321f805f304247c9cac44f463177dd0c3ec9223cb8e8b10906605cb655ff,267,22db197243b661a6e5be659b8651863685457e18779257a6a756e2e01ecc1a80,d56f3abb08f56b4a20f737813727029538683f4eafd735256e8b7c46860223c2,d593a41cba8955ab10c6220cb1fb14382c98d9948376efbc5168c2afefa44958,2026-09-30T17:59:32Z
SubmitPartialDecryption,261,abeb009de8c6299f4896380af07766d9d5ed9f9de682a101e992893564214a17,267,22db197243b661a6e5be659b8651863685457e18779257a6a756e2e01ecc1a80,d56f3abb08f56b4a20f737813727029538683f4eafd735256e8b7c46860223c2,d593a41cba8955ab10c6220cb1fb14382c98d9948376efbc5168c2afefa44958,2026-09-30T17:59:32Z
SubmitPartialDecryption,265,1ea74d633aa9b94b8c58ab28e8e3deac5d5504161f89048b02aa056511c1afdf,267,22db197243b661a6e5be659b8651863685457e18779257a6a756e2e01ecc1a80,d56f3abb08f56b4a20f737813727029538683f4eafd735256e8b7c46860223c2,d593a41cba8955ab10c6220cb1fb14382c98d9948376efbc5168c2afefa44958,2026-09-30T17:59:32Z
SubmitPartialDecryption,262,5f74d6e46a603c0cb66ee0cc379d860733a76b721143d8ef8d969052e9099fd5,267,22db197243b661a6e5be659b8651863685457e18779257a6a756e2e01ecc1a80,d56f3abb08f56b4a20f737813727029538683f4eafd735256e8b7c46860223c2,d593a41cba8955ab10c6220cb1fb14382c98d9948376efbc5168c2afefa44958,2026-09-30T17:59:32Z
SubmitPartialDecryption,281,e96f641213ad9f9c057ffe1210743054a6a25842e148c3378467912aa323ec49,268,bb0f4cf2316287a8072b26c7a3019ef66cfe710ba50b0f2b387329e9c3bc75b5,a59c4a5de5e41455be21a880f8f396df1922de1be3fcc0ecfbead5c77568b288,22db197243b661a6e5be659b8651863685457e18779257a6a756e2e01ecc1a80,2026-09-30T17:59:34Z
SubmitPartialDecryption,272,313d41977982814548c9be49c52a25e9113adc35068a37e9892c3c657ab54240,268,bb0f4cf2316287a8072b26c7a3019ef66cfe710ba50b0f2b387329e9c3bc75b5,a59c4a5de5e41455be21a880f8f396df1922de1be3fcc0ecfbead5c77568b288,22db197243b661a6e5be659b8651863685457e18779257a6a756e2e01ecc1a80,2026-09-30T17:59:34Z
SubmitPartialDecryption,275,39fd2d59bdb53cbc1cdb936c63dbdd653005b2148b2ecc591e0eff5014be5a19,268,bb0f4cf2316287a8072b26c7a3019ef66cfe710ba50b0f2b387329e9c3bc75b5,a59c4a5de5e41455be21a880f8f396df1922de1be3fcc0ecfbead5c77568b288,22db197243b661a6e5be659b8651863685457e18779257a6a756e2e01ecc1a80,2026-09-30T17:59:34Z
SubmitPartialDecryption,276,cc21cc235e6cdefa469a3c5ba8ef7c96a454edd7ea343b536a9e58cb045c5683,268,bb0f4cf2316287a8072b26c7a3019ef66cfe710ba50b0f2b387329e9c3bc75b5,a59c4a5de5e41455be21a880f8f396df1922de1be3fcc0ecfbead5c77568b288,22db197243b661a6e5be659b8651863685457e18779257a6a756e2e01ecc1a80,2026-09-30T17:59:34Z
SubmitPartialDecryption,274,f068208257292932867a9f5ee701c977378e001b78fe69de0aa289b0264ac539,268,bb0f4cf2316287a8072b26c7a3019ef66cfe710ba50b0f2b387329e9c3bc75b5,a59c4a5de5e41455be21a880f8f396df1922de1be3fcc0ecfbead5c77568b288,22db197243b661a6e5be659b8651863685457e18779257a6a756e2e01ecc1a80,2026-09-30T17:59:34Z
SubmitPartialDecryption,280,449e59c9afb409d3215961e406cbe41cf99df9140e19179aae91abc67bf2b706,268,bb0f4cf2316287a8072b26c7a3019ef66cfe710ba50b0f2b387329e9c3bc75b5,a59c4a5de5e41455be21a880f8f396df1922de1be3fcc0ecfbead5c77568b288,22db197243b661a6e5be659b8651863685457e18779257a6a756e2e01ecc1a80,2026-09-30T17:59:34Z
SubmitPartialDecryption,282,b7b6d1ca7cb8c9858748919b67960c4ea3c595bf946a2f9dbd71e6f355e23848,268,bb0f4cf2316287a8072b26c7a3019ef66cfe710ba50b0f2b387329e9c3bc75b5,a59c4a5de5e41455be21a880f8f396df1922de1be3fcc0ecfbead5c77568b288,22db197243b661a6e5be659b8651863685457e18779257a6a756e2e01ecc1a80,2026-09-30T17:59:34Z
SubmitPartialDecryption,273,e52faabc66cb85449b47a9b7909d60c83d8e27f641f66a3172d6c56874332884,268,bb0f4cf2316287a8072b26c7a3019ef66cfe710ba50b0f2b387329e9c3bc75b5,a59c4a5de5e41455be21a880f8f396df1922de1be3fcc0ecfbead5c77568b288,22db197243b661a6e5be659b8651863685457e18779257a6a756e2e01ecc1a80,2026-09-30T17:59:34Z
SubmitPartialDecryption,277,2e814d1d8d4b7077d45fc8801fe6a344fcecba299599310062bde2742681b0f3,268,bb0f4cf2316287a8072b26c7a3019ef66cfe710ba50b0f2b387329e9c3bc75b5,a59c4a5de5e41455be21a880f8f396df1922de1be3fcc0ecfbead5c77568b288,22db197243b661a6e5be659b8651863685457e18779257a6a756e2e01ecc1a80,2026-09-30T17:59:34Z
SubmitPartialDecryption,279,25614656598eb0b2a1866afa8e71db8afdafc2f15f7a2b9bb2483fccac4b2ec5,268,bb0f4cf2316287a8072b26c7a3019ef66cfe710ba50b0f2b387329e9c3bc75b5,a59c4a5de5e41455be21a880f8f396df1922de1be3fcc0ecfbead5c77568b288,22db197243b661a6e5be659b8651863685457e18779257a6a756e2e01ecc1a80,2026-09-30T17:59:34Z
SubmitPartialDecryption,286,96d5e90d2a0ddf81540c3786dac68736a7666fb81ceaefb5eed2420a2d629fd2,268,bb0f4cf2316287a8072b26c7a3019ef66cfe710ba50b0f2b387329e9c3bc75b5,a59c4a5de5e41455be21a880f8f396df1922de1be3fcc0ecfbead5c77568b288,22db197243b661a6e5be659b8651863685457e18779257a6a756e2e01ecc1a80,2026-09-30T17:59:34Z
SubmitPartialDecryption,283,2e61c8ab18537be41ccc5d06e4d7829301c6463bd6ee45f6677b662e2da5669c,268,bb0f4cf2316287a8072b26c7a3019ef66cfe710ba50b0f2b387329e9c3bc75b5,a59c4a5de5e41455be21a880f8f396df1922de1be3fcc0ecfbead5c77568b288,22db197243b661a6e5be659b8651863685457e18779257a6a756e2e01ecc1a80,2026-09-30T17:59:34Z
SubmitPartialDecryption,287,d234f64ed4f7df9be1026b9e995ca558d9a23e7396ab69658fd9ea512052db1e,268,bb0f4cf2316287a8072b26c7a3019ef66cfe710ba50b0f2b387329e9c3bc75b5,a59c4a5de5e41455be21a880f8f396df1922de1be3fcc0ecfbead5c77568b288,22db197243b661a6e5be659b8651863685457e18779257a6a756e2e01ecc1a80,2026-09-30T17:59:34Z
SubmitPartialDecryption,285,0df5b052e79f7f4cb210ae06c23688151947f6b00d3498652372de0c9336af26,268,bb0f4cf2316287a8072b26c7a3019ef66cfe710ba50b0f2b387329e9c3bc75b5,a59c4a5de5e41455be21a880f8f396df1922de1be3fcc0ecfbead5c77568b288,22db197243b661a6e5be659b8651863685457e18779257a6a756e2e01ecc1a80,2026-09-30T17:59:34Z
SubmitPartialDecryption,278,2a0d56fd84c2962777f2382ed3c9da071250ee06928034d7ef6d82fc09317a70,268,bb0f4cf2316287a8072b26c7a3019ef66cfe710ba50b0f2b387329e9c3bc75b5,a59c4a5de5e41455be21a880f8f396df1922de1be3fcc0ecfbead5c77568b288,22db197243b661a6e5be659b8651863685457e18779257a6a756e2e01ecc1a80,2026-09-30T17:59:34Z
SubmitPartialDecryption,284,07c312602a0a4ca06f16ccbbf7572f275ea925a37fb43096f0f0a9a9f9c37ca5,268,bb0f4cf2316287a8072b26c7a3019ef66cfe710ba50b0f2b387329e9c3bc75b5,a59c4a5de5e41455be21a880f8f396df1922de1be3fcc0ecfbead5c77568b288,22db197243b661a6e5be659b8651863685457e18779257a6a756e2e01ecc1a80,2026-09-30T17:59:34Z
SubmitPartialDecryption,291,790dacfc7cdfab93bba246061faf27c73824a0ed6ae15854b7c2bdc52eb98885,269,d33ce65df8657c7897b2c184ffb28517b4bc75700908c94e98ca6cec4605a496,a8e1cde86e076fa2198273710c06be56b0e0933ce95e2e2bf72e09803aae98bb,bb0f4cf2316287a8072b26c7a3019ef66cfe710ba50b0f2b387329e9c3bc75b5,2026-09-30T17:59:36Z
SubmitPartialDecryption,297,187f82c0047466ab4ec0760cfbab29d099b166fdfb185c9a41a6a070e06a1ca6,269,d33ce65df8657c7897b2c184ffb28517b4bc75700908c94e98ca6cec4605a496,a8e1cde86e076fa2198273710c06be56b0e0933ce95e2e2bf72e09803aae98bb,bb0f4cf2316287a8072b26c7a3019ef66cfe710ba50b0f2b387329e9c3bc75b5,2026-09-30T17:59:36Z
SubmitPartialDecryption,296,5e57c36f5420a7973191de190883b63c6ab0d4d5063d171191a141750436558a,269,d33ce65df8657c7897b2c184ffb28517b4bc75700908c94e98ca6cec4605a496,a8e1cde86e076fa2198273710c06be56b0e0933ce95e2e2bf72e09803aae98bb,bb0f4cf2316287a8072b26c7a3019ef66cfe710ba50b0f2b387329e9c3bc75b5,2026-09-30T17:59:36Z
SubmitPartialDecryption,298,32fdfa614c94ade5f1fbe5ded78e5ee468b240ed5d23c2888e731acf5175253c,269,d33ce65df8657c7897b2c184ffb28517b4bc75700908c94e98ca6cec4605a496,a8e1cde86e076fa2198273710c06be56b0e0933ce95e2e2bf72e09803aae98bb,bb0f4cf2316287a8072b26c7a3019ef66cfe710ba50b0f2b387329e9c3bc75b5,2026-09-30T17:59:36Z
SubmitPartialDecryption,289,1818bf826e8107038449149aae438a43a394aaf955e73ca728465fcde2b9ea50,269,d33ce65df8657c7897b2c184ffb28517b4bc75700908c94e98ca6cec4605a496,a8e1cde86e076fa2198273710c06be56b0e0933ce95e2e2bf72e09803aae98bb,bb0f4cf2316287a8072b26c7a3019ef66cfe710ba50b0f2b387329e9c3bc75b5,2026-09-30T17:59:36Z
SubmitPartialDecryption,302,264603da43ece526e016b7ef99026bca5a2ee4afde1d54ef25a92b55e58d3128,269,d33ce65df8657c7897b2c184ffb28517b4bc75700908c94e98ca6cec4605a496,a8e1cde86e076fa2198273710c06be56b0e0933ce95e2e2bf72e09803aae98bb,bb0f4cf2316287a8072b26c7a3019ef66cfe710ba50b0f2b387329e9c3bc75b5,2026-09-30T17:59:36Z
SubmitPartialDecryption,300,96619fa4823c5c23a35248242c855f4b1374af23d5d0e8b46c30327c58ac2182,269,d33ce65df8657c7897b2c184ffb28517b4bc75700908c94e98ca6cec4605a496,a8e1cde86e076fa2198273710c06be56b0e0933ce95e2e2bf72e09803aae98bb,bb0f4cf2316287a8072b26c7a3019ef66cfe710ba50b0f2b387329e9c3bc75b5,2026-09-30T17:59:36Z
SubmitPartialDecryption,303,cf2fc9f23b8ad5f51ccbaded92114476a6ce86cf33c8f49a4489f01260a930a4,269,d33ce65df8657c7897b2c184ffb28517b4bc75700908c94e98ca6cec4605a496,a8e1cde86e076fa2198273710c06be56b0e0933ce95e2e2bf72e09803aae98bb,bb0f4cf2316287a8072b26c7a3019ef66cfe710ba50b0f2b387329e9c3bc75b5,2026-09-30T17:59:36Z
SubmitPartialDecryption,292,4c43f81a57407a9918d1b1d3a7a8f89ed8ea5a8637f6ddaeb67f2e0d88f03c40,269,d33ce65df8657c7897b2c184ffb28517b4bc75700908c94e98ca6cec4605a496,a8e1cde86e076fa2198273710c06be56b0e0933ce95e2e2bf72e09803aae98bb,bb0f4cf2316287a8072b26c7a3019ef66cfe710ba50b0f2b387329e9c3bc75b5,2026-09-30T17:59:36Z
SubmitPartialDecryption,301,ee0730ce591b1b4b21897aa6f94fadf10b5ad9ed7412e4e06f515d8e19bec5b8,269,d33ce65df8657c7897b2c184ffb28517b4bc75700908c94e98ca6cec4605a496,a8e1cde86e076fa2198273710c06be56b0e0933ce95e2e2bf72e09803aae98bb,bb0f4cf2316287a8072b26c7a3019ef66cfe710ba50b0f2b387329e9c3bc75b5,2026-09-30T17:59:36Z
SubmitPartialDecryption,293,ee459d30e6aa270a4b1b635c4b0b05ae2d54e3686f04103368fcc4e14c98c2c0,269,d33ce65df8657c7897b2c184ffb28517b4bc75700908c94e98ca6cec4605a496,a8e1cde86e076fa2198273710c06be56b0e0933ce95e2e2bf72e09803aae98bb,bb0f4cf2316287a8072b26c7a3019ef66cfe710ba50b0f2b387329e9c3bc75b5,2026-09-30T17:59:36Z
SubmitPartialDecryption,288,766d0655881d53bc20c46859a9540ea69f830e898c0afcb1b16c6e115ce7943f,269,d33ce65df8657c7897b2c184ffb28517b4bc75700908c94e98ca6cec4605a496,a8e1cde86e076fa2198273710c06be56b0e0933ce95e2e2bf72e09803aae98bb,bb0f4cf2316287a8072b26c7a3019ef66cfe710ba50b0f2b387329e9c3bc75b5,2026-09-30T17:59:36Z
SubmitPartialDecryption,290,173535ab04655fde05e4c2e6aef346eae47f7ef1009bd8951b9cb92b1872f31d,269,d33ce65df8657c7897b2c184ffb28517b4bc75700908c94e98ca6cec4605a496,a8e1cde86e076fa2198273710c06be56b0e0933ce95e2e2bf72e09803aae98bb,bb0f4cf2316287a8072b26c7a3019ef66cfe710ba50b0f2b387329e9c3bc75b5,2026-09-30T17:59:36Z
SubmitPartialDecryption,295,0fe24c58d0398fd9c0fa0906c906b2905155275fc94c88fd26147e9672985033,269,d33ce65df8657c7897b2c184ffb28517b4bc75700908c94e98ca6cec4605a496,a8e1cde86e076fa2198273710c06be56b0e0933ce95e2e2bf72e09803aae98bb,bb0f4cf2316287a8072b26c7a3019ef66cfe710ba50b0f2b387329e9c3bc75b5,2026-09-30T17:59:36Z
SubmitPartialDecryption,294,e6a57ef2655c15f02d0c396b4637a0054e1b662bfeaa5d453b9576e3249608ac,269,d33ce65df8657c7897b2c184ffb28517b4bc75700908c94e98ca6cec4605a496,a8e1cde86e076fa2198273710c06be56b0e0933ce95e2e2bf72e09803aae98bb,bb0f4cf2316287a8072b26c7a3019ef66cfe710ba50b0f2b387329e9c3bc75b5,2026-09-30T17:59:36Z
SubmitPartialDecryption,299,2b5f31e134c934e41de03f424c6091f51ec2b47355929e331a1593265eb2a7ee,269,d33ce65df8657c7897b2c184ffb28517b4bc75700908c94e98ca6cec4605a496,a8e1cde86e076fa2198273710c06be56b0e0933ce95e2e2bf72e09803aae98bb,bb0f4cf2316287a8072b26c7a3019ef66cfe710ba50b0f2b387329e9c3bc75b5,2026-09-30T17:59:36Z
SubmitPartialDecryption,312,716308005781b96d97d3ee7e4c301c618da2e84b9b5a624d3d3ad63d11ecef73,270,367dec7738a6252ebc708aecb3715fb90527f9697d52a1e687a6e39b3a519da0,06dd0ff3d9edc939f0df662f9462ffeae8b86cfc575933db0289e6e585f4d3bc,d33ce65df8657c7897b2c184ffb28517b4bc75700908c94e98ca6cec4605a496,2026-09-30T17:59:39Z
SubmitPartialDecryption,318,b64e2c61736ede8efcc811db96e8c3d68249fc92f867db4ab79fa569bae2d331,270,367dec7738a6252ebc708aecb3715fb90527f9697d52a1e687a6e39b3a519da0,06dd0ff3d9edc939f0df662f9462ffeae8b86cfc575933db0289e6e585f4d3bc,d33ce65df8657c7897b2c184ffb28517b4bc75700908c94e98ca6cec4605a496,2026-09-30T17:59:39Z
SubmitPartialDecryption,314,554e6be873304df1a16d02dc065a5d092b47ffc4cb7a74cf3b21d224339e8292,270,367dec7738a6252ebc708aecb3715fb90527f9697d52a1e687a6e39b3a519da0,06dd0ff3d9edc939f0df662f9462ffeae8b86cfc575933db0289e6e585f4d3bc,d33ce65df8657c7897b2c184ffb28517b4bc75700908c94e98ca6cec4605a496,2026-09-30T17:59:39Z
SubmitPartialDecryption,309,28edf7722a1b84640acfe9365c39185af3f4cbf128991247374f0deb29b03e0e,270,367dec7738a6252ebc708aecb3715fb90527f9697d52a1e687a6e39b3a519da0,06dd0ff3d9edc939f0df662f9462ffeae8b86cfc575933db0289e6e585f4d3bc,d33ce65df8657c7897b2c184ffb28517b4bc75700908c94e98ca6cec4605a496,2026-09-30T17:59:39Z
SubmitPartialDecryption,305,10538ecb54ad6bbd46d2677245256901feb2a936a49ce06232f9b0d54382c324,270,367dec7738a6252ebc708aecb3715fb90527f9697d52a1e687a6e39b3a519da0,06dd0ff3d9edc939f0df662f9462ffeae8b86cfc575933db0289e6e585f4d3bc,d33ce65df8657c7897b2c184ffb28517b4bc75700908c94e98ca6cec4605a496,2026-09-30T17:59:39Z
SubmitPartialDecryption,316,c53cefc858c0959a8a283b5d0ea01a8aa813b8a8d401647c99a86914f1e1bd5a,270,367dec7738a6252ebc708aecb3715fb90527f9697d52a1e687a6e39b3a519da0,06dd0ff3d9edc939f0df662f9462ffeae8b86cfc575933db0289e6e585f4d3bc,d33ce65df8657c7897b2c184ffb28517b4bc75700908c94e98ca6cec4605a496,2026-09-30T17:59:39Z
SubmitPartialDecryption,311,e032e2722519ca078450c69510c3e39b33f8aa007beeaa297001f469aedeebf1,270,367dec7738a6252ebc708aecb3715fb90527f9697d52a1e687a6e39b3a519da0,06dd0ff3d9edc939f0df662f9462ffeae8b86cfc575933db0289e6e585f4d3bc,d33ce65df8657c7897b2c184ffb28517b4bc75700908c94e98ca6cec4605a496,2026-09-30T17:59:39Z
SubmitPartialDecryption,315,d589cfeb1785bd90765f66984aca098f224c81b344dbf8bce52604b0082aa991,270,367dec7738a6252ebc708aecb3715fb90527f9697d52a1e687a6e39b3a519da0,06dd0ff3d9edc939f0df662f9462ffeae8b86cfc575933db0289e6e585f4d3bc,d33ce65df8657c7897b2c184ffb28517b4bc75700908c94e98ca6cec4605a496,2026-09-30T17:59:39Z
SubmitPartialDecryption,319,108593306145db179fc8f11c96b91b0bfc39f34adbd1e548dc79007afbcbad7c,270,367dec7738a6252ebc708aecb3715fb90527f9697d52a1e687a6e39b3a519da0,06dd0ff3d9edc939f0df662f9462ffeae8b86cfc575933db0289e6e585f4d3bc,d33ce65df8657c7897b2c184ffb28517b4bc75700908c94e98ca6cec4605a496,2026-09-30T17:59:39Z
SubmitPartialDecryption,304,5e50f9df3caae4daba52ed8346b22dc378fb19ef172380985ebfa37864ed396e,270,367dec7738a6252ebc708aecb3715fb90527f9697d52a1e687a6e39b3a519da0,06dd0ff3d9edc939f0df662f9462ffeae8b86cfc575933db0289e6e585f4d3bc,d33ce65df8657c7897b2c184ffb28517b4bc75700908c94e98ca6cec4605a496,2026-09-30T17:59:39Z
SubmitPartialDecryption,308,5dee50a0b5f2a30da066ba3b8a75d35094e31895d22ee741b98eba1c20603f69,270,367dec7738a6252ebc708aecb3715fb90527f9697d52a1e687a6e39b3a519da0,06dd0ff3d9edc939f0df662f9462ffeae8b86cfc575933db0289e6e585f4d3bc,d33ce65df8657c7897b2c184ffb28517b4bc75700908c94e98ca6cec4605a496,2026-09-30T17:59:39Z
SubmitPartialDecryption,317,4ffc3a74840ccdaf6f81c502f9b43ee7a85dbc69b07c68394e4b5bdb0c9305c1,270,367dec7738a6252ebc708aecb3715fb90527f9697d52a1e687a6e39b3a519da0,06dd0ff3d9edc939f0df662f9462ffeae8b86cfc575933db0289e6e585f4d3bc,d33ce65df8657c7897b2c184ffb28517b4bc75700908c94e98ca6cec4605a496,2026-09-30T17:59:39Z
SubmitPartialDecryption,313,47f165fea78ed183f4bc2003e589299054a1712df781ff1b05e0a1952a977cab,270,367dec7738a6252ebc708aecb3715fb90527f9697d52a1e687a6e39b3a519da0,06dd0ff3d9edc939f0df662f9462ffeae8b86cfc575933db0289e6e585f4d3bc,d33ce65df8657c7897b2c184ffb28517b4bc75700908c94e98ca6cec4605a496,2026-09-30T17:59:39Z
SubmitPartialDecryption,307,cb17a754a6ce397877a2feccace0ba07e4901e01736156363ceeb565648e824a,270,367dec7738a6252ebc708aecb3715fb90527f9697d52a1e687a6e39b3a519da0,06dd0ff3d9edc939f0df662f9462ffeae8b86cfc575933db0289e6e585f4d3bc,d33ce65df8657c7897b2c184ffb28517b4bc75700908c94e98ca6cec4605a496,2026-09-30T17:59:39Z
SubmitPartialDecryption,310,e9dca5f63ac13cb1d00b4969d9609aea9d33f97a936931938e937fdc72aadfcb,270,367dec7738a6252ebc708aecb3715fb90527f9697d52a1e687a6e39b3a519da0,06dd0ff3d9edc939f0df662f9462ffeae8b86cfc575933db0289e6e585f4d3bc,d33ce65df8657c7897b2c184ffb28517b4bc75700908c94e98ca6cec4605a496,2026-09-30T17:59:39Z
SubmitPartialDecryption,306,cc2e91913d4dac247ace55cbda913bc5b9f38dddcc2d0e5e0793916c62bfab5d,270,367dec7738a6252ebc708aecb3715fb90527f9697d52a1e687a6e39b3a519da0,06dd0ff3d9edc939f0df662f9462ffeae8b86cfc575933db0289e6e585f4d3bc,d33ce65df8657c7897b2c184ffb28517b4bc75700908c94e98ca6cec4605a496,2026-09-30T17:59:39Z
SubmitPartialDecryption,321,32f98d4524ca0160463bd402e1f9b4c1bb327e42a2dae145a25596dbf2f4e3a1,271,d070f7c337ba58c373c18a9376bbe044cbeb694e5e4f5ff4656a3f4b327c0444,bd0d255e4dee718864fe70d16be87859956fe0957b73754aa171b0a2dc91ba18,367dec7738a6252ebc708aecb3715fb90527f9697d52a1e687a6e39b3a519da0,2026-09-30T17:59:41Z
SubmitPartialDecryption,324,48fc743ac9fa2b95b5032db3b0b6d5610de04d4852343f074a352d1c29c90259,271,d070f7c337ba58c373c18a9376bbe044cbeb694e5e4f5ff4656a3f4b327c0444,bd0d255e4dee718864fe70d16be87859956fe0957b73754aa171b0a2dc91ba18,367dec7738a6252ebc708aecb3715fb90527f9697d52a1e687a6e39b3a519da0,2026-09-30T17:59:41Z
SubmitPartialDecryption,335,b51e4bd39cb5eb22a834cf8e845a7b37944b50d0b2cc90363bcae3899f9fdbae,271,d070f7c337ba58c373c18a9376bbe044cbeb694e5e4f5ff4656a3f4b327c0444,bd0d255e4dee718864fe70d16be87859956fe0957b73754aa171b0a2dc91ba18,367dec7738a6252ebc708aecb3715fb90527f9697d52a1e687a6e39b3a519da0,2026-09-30T17:59:41Z
SubmitPartialDecryption,326,c8efee9b54258e5dedaecf82bb7fbd96f74028b391fdd9126746b850c41412c5,271,d070f7c337ba58c373c18a9376bbe044cbeb694e5e4f5ff4656a3f4b327c0444,bd0d255e4dee718864fe70d16be87859956fe0957b73754aa171b0a2dc91ba18,367dec7738a6252ebc708aecb3715fb90527f9697d52a1e687a6e39b3a519da0,2026-09-30T17:59:41Z
SubmitPartialDecryption,328,5ad5bbd0813f4ca4f4e76430ee5d60bfda62dcac532eb2da60d7a02e75c717f0,271,d070f7c337ba58c373c18a9376bbe044cbeb694e5e4f5ff4656a3f4b327c0444,bd0d255e4dee718864fe70d16be87859956fe0957b73754aa171b0a2dc91ba18,367dec7738a6252ebc708aecb3715fb90527f9697d52a1e687a6e39b3a519da0,2026-09-30T17:59:41Z
SubmitPartialDecryption,320,faa3e4816fa57178eca9bd981c52346313ffbb839b4227719eae017ce13c4cfc,271,d070f7c337ba58c373c18a9376bbe044cbeb694e5e4f5ff4656a3f4b327c0444,bd0d255e4dee718864fe70d16be87859956fe0957b73754aa171b0a2dc91ba18,367dec7738a6252ebc708aecb3715fb90527f9697d52a1e687a6e39b3a519da0,2026-09-30T17:59:41Z
SubmitPartialDecryption,322,659abb82082d2b0a8222420e0fb99bf681662c6ddaabbcd1fcb1f638bfb97996,271,d070f7c337ba58c373c18a9376bbe044cbeb694e5e4f5ff4656a3f4b327c0444,bd0d255e4dee718864fe70d16be87859956fe0957b73754aa171b0a2dc91ba18,367dec7738a6252ebc708aecb3715fb90527f9697d52a1e687a6e39b3a519da0,2026-09-30T17:59:41Z
SubmitPartialDecryption,333,c8cbc0f917b8bfe13a823a96d3921cec48a51935e20e54cf2b62eea272df0659,271,d070f7c337ba58c373c18a9376bbe044cbeb694e5e4f5ff4656a3f4b327c0444,bd0d255e4dee718864fe70d16be87859956fe0957b73754aa171b0a2dc91ba18,367dec7738a6252ebc708aecb3715fb90527f9697d52a1e687a6e39b3a519da0,2026-09-30T17:59:41Z
SubmitPartialDecryption,334,61c36a79a498442b14d4daccc3a4dcb90020a9751aa5620ff0434eac6f39b3dd,271,d070f7c337ba58c373c18a9376bbe044cbeb694e5e4f5ff4656a3f4b327c0444,bd0d255e4dee718864fe70d16be87859956fe0957b73754aa171b0a2dc91ba18,367dec7738a6252ebc708aecb3715fb90527f9697d52a1e687a6e39b3a519da0,2026-09-30T17:59:41Z
SubmitPartialDecryption,329,86120b93897f99510426b2e8f741961772832a2cc0f8c3f83de68c88bb4fd9ef,271,d070f7c337ba58c373c18a9376bbe044cbeb694e5e4f5ff4656a3f4b327c0444,bd0d255e4dee718864fe70d16be87859956fe0957b73754aa171b0a2dc91ba18,367dec7738a6252ebc708aecb3715fb90527f9697d52a1e687a6e39b3a519da0,2026-09-30T17:59:41Z
SubmitPartialDecryption,330,4a493acd0650370dd0600218297304171d6c985e5f88227d7323c258f4c12a39,271,d070f7c337ba58c373c18a9376bbe044cbeb694e5e4f5ff4656a3f4b327c0444,bd0d255e4dee718864fe70d16be87859956fe0957b73754aa171b0a2dc91ba18,367dec7738a6252ebc708aecb3715fb90527f9697d52a1e687a6e39b3a519da0,2026-09-30T17:59:41Z
SubmitPartialDecryption,331,2b9089d62ecb213e6bb3495dc6152cb5bd31f8919c5ffb635b458c4a522e634e,271,d070f7c337ba58c373c18a9376bbe044cbeb694e5e4f5ff4656a3f4b327c0444,bd0d255e4dee718864fe70d16be87859956fe0957b73754aa171b0a2dc91ba18,367dec7738a6252ebc708aecb3715fb90527f9697d52a1e687a6e39b3a519da0,2026-09-30T17:59:41Z
SubmitPartialDecryption,327,89085432b0d71113fcb2c4b1fbcbe099853efeaf05d04d2ddd579223d8bff45f,271,d070f7c337ba58c373c18a9376bbe044cbeb694e5e4f5ff4656a3f4b327c0444,bd0d255e4dee718864fe70d16be87859956fe0957b73754aa171b0a2dc91ba18,367dec7738a6252ebc708aecb3715fb90527f9697d52a1e687a6e39b3a519da0,2026-09-30T17:59:41Z
SubmitPartialDecryption,325,50c953cd13ce520ca4a77ef5f57b83e528b8ab3cd53729721bcac975fae74c8b,271,d070f7c337ba58c373c18a9376bbe044cbeb694e5e4f5ff4656a3f4b327c0444,bd0d255e4dee718864fe70d16be87859956fe0957b73754aa171b0a2dc91ba18,367dec7738a6252ebc708aecb3715fb90527f9697d52a1e687a6e39b3a519da0,2026-09-30T17:59:41Z
SubmitPartialDecryption,332,084a8e68e1d3fc6ce85f38fec9190a333b0ff5b04b6fe522ea9fcff81782fd54,271,d070f7c337ba58c373c18a9376bbe044cbeb694e5e4f5ff4656a3f4b327c0444,bd0d255e4dee718864fe70d16be87859956fe0957b73754aa171b0a2dc91ba18,367dec7738a6252ebc708aecb3715fb90527f9697d52a1e687a6e39b3a519da0,2026-09-30T17:59:41Z
SubmitPartialDecryption,323,cd086fd4c96f936ed350791a857eb88791e1c5f60af8eecabef90f77376a690b,271,d070f7c337ba58c373c18a9376bbe044cbeb694e5e4f5ff4656a3f4b327c0444,bd0d255e4dee718864fe70d16be87859956fe0957b73754aa171b0a2dc91ba18,367dec7738a6252ebc708aecb3715fb90527f9697d52a1e687a6e39b3a519da0,2026-09-30T17:59:41Z
SubmitPartialDecryption,338,83522fa66a060a16e32c1a914846c561e908574876f87d64cb6d7e0f3059bc48,272,5cd63efc54d7723025d7b55d05ea150bfe58d44b867d31ee6d1d2d595d12d071,2590c30a4421f435049e1c3f8e3e5215974a9476cba4b19e877f21b315a10bf6,d070f7c337ba58c373c18a9376bbe044cbeb694e5e4f5ff4656a3f4b327c0444,2026-09-30T17:59:43Z
SubmitPartialDecryption,348,28f3f32cd6205c5cbff6d90974e60115b7d3291dbe229c18842ed145157c5287,272,5cd63efc54d7723025d7b55d05ea150bfe58d44b867d31ee6d1d2d595d12d071,2590c30a4421f435049e1c3f8e3e5215974a9476cba4b19e877f21b315a10bf6,d070f7c337ba58c373c18a9376bbe044cbeb694e5e4f5ff4656a3f4b327c0444,2026-09-30T17:59:43Z
SubmitPartialDecryption,345,f863797b88d8be676d4a38a64404b1272cf66c28e16ec1e6fa13ab6e736fc51f,272,5cd63efc54d7723025d7b55d05ea150bfe58d44b867d31ee6d1d2d595d12d071,2590c30a4421f435049e1c3f8e3e5215974a9476cba4b19e877f21b315a10bf6,d070f7c337ba58c373c18a9376bbe044cbeb694e5e4f5ff4656a3f4b327c0444,2026-09-30T17:59:43Z
SubmitPartialDecryption,339,08593d300299a6e0211b27528c6804fbe9067889a6ea8ad2a9b7ea4341cb1e13,272,5cd63efc54d7723025d7b55d05ea150bfe58d44b867d31ee6d1d2d595d12d071,2590c30a4421f435049e1c3f8e3e5215974a9476cba4b19e877f21b315a10bf6,d070f7c337ba58c373c18a9376bbe044cbeb694e5e4f5ff4656a3f4b327c0444,2026-09-30T17:59:43Z
SubmitPartialDecryption,336,1ffdd5b28924031c0ea58f15e76dc225b093d8e12bb2b0a1441662c45ad9e50b,272,5cd63efc54d7723025d7b55d05ea150bfe58d44b867d31ee6d1d2d595d12d071,2590c30a4421f435049e1c3f8e3e5215974a9476cba4b19e877f21b315a10bf6,d070f7c337ba58c373c18a9376bbe044cbeb694e5e4f5ff4656a3f4b327c0444,2026-09-30T17:59:43Z
SubmitPartialDecryption,337,04970551144be853dd958b37237e5b6eb3bc76829916bebf13860c975d2f9fed,272,5cd63efc54d7723025d7b55d05ea150bfe58d44b867d31ee6d1d2d595d12d071,2590c30a4421f435049e1c3f8e3e5215974a9476cba4b19e877f21b315a10bf6,d070f7c337ba58c373c18a9376bbe044cbeb694e5e4f5ff4656a3f4b327c0444,2026-09-30T17:59:43Z
SubmitPartialDecryption,347,2b90c4ea562be1da07562aabaeac033abd8df6653ad9a3b3afdc8480348034f8,272,5cd63efc54d7723025d7b55d05ea150bfe58d44b867d31ee6d1d2d595d12d071,2590c30a4421f435049e1c3f8e3e5215974a9476cba4b19e877f21b315a10bf6,d070f7c337ba58c373c18a9376bbe044cbeb694e5e4f5ff4656a3f4b327c0444,2026-09-30T17:59:43Z
SubmitPartialDecryption,342,5c8d85b5a8a6db3d3ad39b0a05920323efdfa0f423b5c8b46c34a70961eec74c,272,5cd63efc54d7723025d7b55d05ea150bfe58d44b867d31ee6d1d2d595d12d071,2590c30a4421f435049e1c3f8e3e5215974a9476cba4b19e877f21b315a10bf6,d070f7c337ba58c373c18a9376bbe044cbeb694e5e4f5ff4656a3f4b327c0444,2026-09-30T17:59:43Z
SubmitPartialDecryption,346,d9ba6aa5db7c6ad68bdb41439cd9ce56ebff38546706f45162f310c6b11f91b9,272,5cd63efc54d7723025d7b55d05ea150bfe58d44b867d31ee6d1d2d595d12d071,2590c30a4421f435049e1c3f8e3e5215974a9476cba4b19e877f21b315a10bf6,d070f7c337ba58c373c18a9376bbe044cbeb694e5e4f5ff4656a3f4b327c0444,2026-09-30T17:59:43Z
SubmitPartialDecryption,344,7bb36bce394a60d506dfb8907cb6c82fdf83c980e98957e8cdfbfb653419c8b2,272,5cd63efc54d7723025d7b55d05ea150bfe58d44b867d31ee6d1d2d595d12d071,2590c30a4421f435049e1c3f8e3e5215974a9476cba4b19e877f21b315a10bf6,d070f7c337ba58c373c18a9376bbe044cbeb694e5e4f5ff4656a3f4b327c0444,2026-09-30T17:59:43Z
SubmitPartialDecryption,350,f3b48c27f765397fd71d3ec4a4ec6b51ab8cd731e1ffdba484f1412d96a3eeef,272,5cd63efc54d7723025d7b55d05ea150bfe58d44b867d31ee6d1d2d595d12d071,2590c30a4421f435049e1c3f8e3e5215974a9476cba4b19e877f21b315a10bf6,d070f7c337ba58c373c18a9376bbe044cbeb694e5e4f5ff4656a3f4b327c0444,2026-09-30T17:59:43Z
SubmitPartialDecryption,340,1c77a5a602f91c1b8d24096810fdc6ec5b42e06d9b9bb6ccf6213cbdffa86a52,272,5cd63efc54d7723025d7b55d05ea150bfe58d44b867d31ee6d1d2d595d12d071,2590c30a4421f435049e1c3f8e3e5215974a9476cba4b19e877f21b315a10bf6,d070f7c337ba58c373c18a9376bbe044cbeb694e5e4f5ff4656a3f4b327c0444,2026-09-30T17:59:43Z
SubmitPartialDecryption,343,3203f10ee2c61c2af110d0f0683362db9dd6bd58b10e21aadebf7c6ce847e822,272,5cd63efc54d7723025d7b55d05ea150bfe58d44b867d31ee6d1d2d595d12d071,2590c30a4421f435049e1c3f8e3e5215974a9476cba4b19e877f21b315a10bf6,d070f7c337ba58c373c18a9376bbe044cbeb694e5e4f5ff4656a3f4b327c0444,2026-09-30T17:59:43Z
SubmitPartialDecryption,341,17255b3dc03db6ca848fe5b031d5ccbfd5282f8b0ff49880489c54f2f555d340,272,5cd63efc54d7723025d7b55d05ea150bfe58d44b867d31ee6d1d2d595d12d071,2590c30a4421f435049e1c3f8e3e5215974a9476cba4b19e877f21b315a10bf6,d070f7c337ba58c373c18a9376bbe044cbeb694e5e4f5ff4656a3f4b327c0444,2026-09-30T17:59:43Z
SubmitPartialDecryption,349,96fa2734624f9f45d8893b3fe4ff09afb5b4b04fab0a98d1cd826d75052575a7,272,5cd63efc54d7723025d7b55d05ea150bfe58d44b867d31ee6d1d2d595d12d071,2590c30a4421f435049e1c3f8e3e5215974a9476cba4b19e877f21b315a10bf6,d070f7c337ba58c373c18a9376bbe044cbeb694e5e4f5ff4656a3f4b327c0444,2026-09-30T17:59:43Z
SubmitPartialDecryption,351,945fdc39797ad99e24a67d62f0377e4a82ca6fd617f301bec009c66c5f4cd32d,272,5cd63efc54d7723025d7b55d05ea150bfe58d44b867d31ee6d1d2d595d12d071,2590c30a4421f435049e1c3f8e3e5215974a9476cba4b19e877f21b315a10bf6,d070f7c337ba58c373c18a9376bbe044cbeb694e5e4f5ff4656a3f4b327c0444,2026-09-30T17:59:43Z
SubmitPartialDecryption,360,b7b8e9092db6d2de0e4336ef092e73b36c1daeee852cc4de69eb66e6d921f5e5,273,a70fb1e2d9336d3b79f93e055404822e766295e78e9dffee5cec50bd064f4645,0d356340d5211fff5e4ed0d104f07e7ebb6b4bf999cafeb764f5c10329902403,5cd63efc54d7723025d7b55d05ea150bfe58d44b867d31ee6d1d2d595d12d071,2026-09-30T17:59:45Z
SubmitPartialDecryption,355,c96fae4b49ba3552af349340a58535a6a6655a8ef84afe2257eb13591790609e,273,a70fb1e2d9336d3b79f93e055404822e766295e78e9dffee5cec50bd064f4645,0d356340d5211fff5e4ed0d104f07e7ebb6b4bf999cafeb764f5c10329902403,5cd63efc54d7723025d7b55d05ea150bfe58d44b867d31ee6d1d2d595d12d071,2026-09-30T17:59:45Z
SubmitPartialDecryption,361,aecfc007cdc55ead6e7b4b73db1291fb2ae362c57f2ede2e06314e2a1a8e46f5,273,a70fb1e2d9336d3b79f93e055404822e766295e78e9dffee5cec50bd064f4645,0d356340d5211fff5e4ed0d104f07e7ebb6b4bf999cafeb764f5c10329902403,5cd63efc54d7723025d7b55d05ea150bfe58d44b867d31ee6d1d2d595d12d071,2026-09-30T17:59:45Z
SubmitPartialDecryption,358,a91e6f8b2cfcad75ec29b073cc315da9bc7355179e81360814a4be893661cd89,273,a70fb1e2d9336d3b79f93e055404822e766295e78e9dffee5cec50bd064f4645,0d356340d5211fff5e4ed0d104f07e7ebb6b4bf999cafeb764f5c10329902403,5cd63efc54d7723025d7b55d05ea150bfe58d44b867d31ee6d1d2d595d12d071,2026-09-30T17:59:45Z
SubmitPartialDecryption,365,0a7d884fb40ce4459db9288e5056fad07555ea657ae3159128182056af5a15d1,273,a70fb1e2d9336d3b79f93e055404822e766295e78e9dffee5cec50bd064f4645,0d356340d5211fff5e4ed0d104f07e7ebb6b4bf999cafeb764f5c10329902403,5cd63efc54d7723025d7b55d05ea150bfe58d44b867d31ee6d1d2d595d12d071,2026-09-30T17:59:45Z
SubmitPartialDecryption,353,3df13536cb0af56e6a467fe63ee2b6fa4f591b04017a66d68e8806f89ba75335,273,a70fb1e2d9336d3b79f93e055404822e766295e78e9dffee5cec50bd064f4645,0d356340d5211fff5e4ed0d104f07e7ebb6b4bf999cafeb764f5c10329902403,5cd63efc54d7723025d7b55d05ea150bfe58d44b867d31ee6d1d2d595d12d071,2026-09-30T17:59:45Z
SubmitPartialDecryption,352,0610cc5ddcd1863a219c1144c90bada3c2ca24a20d8ae0281429d4f34e3f4567,273,a70fb1e2d9336d3b79f93e055404822e766295e78e9dffee5cec50bd064f4645,0d356340d5211fff5e4ed0d104f07e7ebb6b4bf999cafeb764f5c10329902403,5cd63efc54d7723025d7b55d05ea150bfe58d44b867d31ee6d1d2d595d12d071,2026-09-30T17:59:45Z
SubmitPartialDecryption,357,b50040c9da3ddd6fda18433f04e797b2051d7be324cd7d7a10c8d09558d0987c,273,a70fb1e2d9336d3b79f93e055404822e766295e78e9dffee5cec50bd064f4645,0d356340d5211fff5e4ed0d104f07e7ebb6b4bf999cafeb764f5c10329902403,5cd63efc54d7723025d7b55d05ea150bfe58d44b867d31ee6d1d2d595d12d071,2026-09-30T17:59:45Z
SubmitPartialDecryption,359,ec65220d8d1ccf9f2167c49b784f0a5d4aa082233bcd47f959765ed47bae9f0c,273,a70fb1e2d9336d3b79f93e055404822e766295e78e9dffee5cec50bd064f4645,0d356340d5211fff5e4ed0d104f07e7ebb6b4bf999cafeb764f5c10329902403,5cd63efc54d7723025d7b55d05ea150bfe58d44b867d31ee6d1d2d595d12d071,2026-09-30T17:59:45Z
SubmitPartialDecryption,354,4b7583c2056ab58a390f2db07cd36b28397e17fb0027d14cdf3aad61ad51c850,273,a70fb1e2d9336d3b79f93e055404822e766295e78e9dffee5cec50bd064f4645,0d356340d5211fff5e4ed0d104f07e7ebb6b4bf999cafeb764f5c10329902403,5cd63efc54d7723025d7b55d05ea150bfe58d44b867d31ee6d1d2d595d12d071,2026-09-30T17:59:45Z
SubmitPartialDecryption,362,0b69a9c6185cf869b92f9c12f2188d0dcfba17fe99e1064254cfb836f24ac0c0,273,a70fb1e2d9336d3b79f93e055404822e766295e78e9dffee5cec50bd064f4645,0d356340d5211fff5e4ed0d104f07e7ebb6b4bf999cafeb764f5c10329902403,5cd63efc54d7723025d7b55d05ea150bfe58d44b867d31ee6d1d2d595d12d071,2026-09-30T17:59:45Z
SubmitPartialDecryption,364,45ba9362f9329ef9c2a5e1b7ece54ec039cd2c0189c77acf5ab728757c3be5c3,273,a70fb1e2d9336d3b79f93e055404822e766295e78e9dffee5cec50bd064f4645,0d356340d5211fff5e4ed0d104f07e7ebb6b4bf999cafeb764f5c10329902403,5cd63efc54d7723025d7b55d05ea150bfe58d44b867d31ee6d1d2d595d12d071,2026-09-30T17:59:45Z
SubmitPartialDecryption,366,691977d75e46cffb8069bac2ee9358e100b84fdca1ce8d50470afaae10020623,273,a70fb1e2d9336d3b79f93e055404822e766295e78e9dffee5cec50bd064f4645,0d356340d5211fff5e4ed0d104f07e7ebb6b4bf999cafeb764f5c10329902403,5cd63efc54d7723025d7b55d05ea150bfe58d44b867d31ee6d1d2d595d12d071,2026-09-30T17:59:45Z
SubmitPartialDecryption,363,21948091ed41a400025d20f6b24db74d75f3a8d9621897f97c1f646493619fdf,273,a70fb1e2d9336d3b79f93e055404822e766295e78e9dffee5cec50bd064f4645,0d356340d5211fff5e4ed0d104f07e7ebb6b4bf999cafeb764f5c10329902403,5cd63efc54d7723025d7b55d05ea150bfe58d44b867d31ee6d1d2d595d12d071,2026-09-30T17:59:45Z
SubmitPartialDecryption,356,8e19810e6e78dd2f3839f47afc162ca81ae3694475dd498838ebc6b15f09af00,273,a70fb1e2d9336d3b79f93e055404822e766295e78e9dffee5cec50bd064f4645,0d356340d5211fff5e4ed0d104f07e7ebb6b4bf999cafeb764f5c10329902403,5cd63efc54d7723025d7b55d05ea150bfe58d44b867d31ee6d1d2d595d12d071,2026-09-30T17:59:45Z
SubmitPartialDecryption,367,f62bbb5bdfd555db2abcb0f5183bd3a139e262b81d00b4e6a0e7fb94367fbcdc,273,a70fb1e2d9336d3b79f93e055404822e766295e78e9dffee5cec50bd064f4645,0d356340d5211fff5e4ed0d104f07e7ebb6b4bf999cafeb764f5c10329902403,5cd63efc54d7723025d7b55d05ea150bfe58d44b867d31ee6d1d2d595d12d071,2026-09-30T17:59:45Z
SubmitPartialDecryption,373,65f71a2f3c8c933422a887a012367928bd94a0b6615bf8177774e05a215bd9fd,274,9f0ee0354269f0cbe7a92640a88c710d320c4226381ce82ada990cbf0d4cd210,d6879b6cd1286f37084e0b3f63f1be37fd59f43b0f015868a3a989e540c5d585,a70fb1e2d9336d3b79f93e055404822e766295e78e9dffee5cec50bd064f4645,2026-09-30T17:59:47Z
SubmitPartialDecryption,370,68d0cb40d6add316b9e021fe6a008568579ace061dd7d328de03958f3176bf75,274,9f0ee0354269f0cbe7a92640a88c710d320c4226381ce82ada990cbf0d4cd210,d6879b6cd1286f37084e0b3f63f1be37fd59f43b0f015868a3a989e540c5d585,a70fb1e2d9336d3b79f93e055404822e766295e78e9dffee5cec50bd064f4645,2026-09-30T17:59:47Z
SubmitPartialDecryption,381,ccc0243f1bd1e60737648aa47deef6e5902c26957e6e2bc06c6bb58fecfbd75e,274,9f0ee0354269f0cbe7a92640a88c710d320c4226381ce82ada990cbf0d4cd210,d6879b6cd1286f37084e0b3f63f1be37fd59f43b0f015868a3a989e540c5d585,a70fb1e2d9336d3b79f93e055404822e766295e78e9dffee5cec50bd064f4645,2026-09-30T17:59:47Z
SubmitPartialDecryption,374,36459a352de903392b1a79d8be8d042163376a102e9d20c28b4945d0c0a1ee86,274,9f0ee0354269f0cbe7a92640a88c710d320c4226381ce82ada990cbf0d4cd210,d6879b6cd1286f37084e0b3f63f1be37fd59f43b0f015868a3a989e540c5d585,a70fb1e2d9336d3b79f93e055404822e766295e78e9dffee5cec50bd064f4645,2026-09-30T17:59:47Z
SubmitPartialDecryption,375,5e8a57c9348e460e2b02d820ce542cd2c41c7e0914b7cac8f4ed4cf3a0c3a875,274,9f0ee0354269f0cbe7a92640a88c710d320c4226381ce82ada990cbf0d4cd210,d6879b6cd1286f37084e0b3f63f1be37fd59f43b0f015868a3a989e540c5d585,a70fb1e2d9336d3b79f93e055404822e766295e78e9dffee5cec50bd064f4645,2026-09-30T17:59:47Z
SubmitPartialDecryption,379,9af59942cbce31a7b9327ee2816f4a729f338c6419371a8f714c4204d5b6bed1,274,9f0ee0354269f0cbe7a92640a88c710d320c4226381ce82ada990cbf0d4cd210,d6879b6cd1286f37084e0b3f63f1be37fd59f43b0f015868a3a989e540c5d585,a70fb1e2d9336d3b79f93e055404822e766295e78e9dffee5cec50bd064f4645,2026-09-30T17:59:47Z
SubmitPartialDecryption,369,6fb4d269657a186a8fb07d1babfff97d74a88c47b7b7491c647f132719a005f1,274,9f0ee0354269f0cbe7a92640a88c710d320c4226381ce82ada990cbf0d4cd210,d6879b6cd1286f37084e0b3f63f1be37fd59f43b0f015868a3a989e540c5d585,a70fb1e2d9336d3b79f93e055404822e766295e78e9dffee5cec50bd064f4645,2026-09-30T17:59:47Z
SubmitPartialDecryption,368,2854cbf6ed7f593ec439aaeddc2d2e071ac4462ff3aefc5cbd78cfd25136ad31,274,9f0ee0354269f0cbe7a92640a88c710d320c4226381ce82ada990cbf0d4cd210,d6879b6cd1286f37084e0b3f63f1be37fd59f43b0f015868a3a989e540c5d585,a70fb1e2d9336d3b79f93e055404822e766295e78e9dffee5cec50bd064f4645,2026-09-30T17:59:47Z
SubmitPartialDecryption,372,23e37bd7cffa2ab786d0f71c30a6e114c42d9acf76a6eae143fe304231aa08cc,274,9f0ee0354269f0cbe7a92640a88c710d320c4226381ce82ada990cbf0d4cd210,d6879b6cd1286f37084e0b3f63f1be37fd59f43b0f015868a3a989e540c5d585,a70fb1e2d9336d3b79f93e055404822e766295e78e9dffee5cec50bd064f4645,2026-09-30T17:59:47Z
SubmitPartialDecryption,371,6091a699cb1ff386a9d76c20c8e6c86c3b7b40aae38f0727031992851616b14d,274,9f0ee0354269f0cbe7a92640a88c710d320c4226381ce82ada990cbf0d4cd210,d6879b6cd1286f37084e0b3f63f1be37fd59f43b0f015868a3a989e540c5d585,a70fb1e2d9336d3b79f93e055404822e766295e78e9dffee5cec50bd064f4645,2026-09-30T17:59:47Z
SubmitPartialDecryption,380,f72c5de2d3df7ee3fbac7b92d3c4d38e7a38c8e2213a85144ab2b3f7284bca26,274,9f0ee0354269f0cbe7a92640a88c710d320c4226381ce82ada990cbf0d4cd210,d6879b6cd1286f37084e0b3f63f1be37fd59f43b0f015868a3a989e540c5d585,a70fb1e2d9336d3b79f93e055404822e766295e78e9dffee5cec50bd064f4645,2026-09-30T17:59:47Z
SubmitPartialDecryption,376,74963e4e2d077279e59f01960390c8fa34120c400f0c259fd5b4a392efe7e987,274,9f0ee0354269f0cbe7a92640a88c710d320c4226381ce82ada990cbf0d4cd210,d6879b6cd1286f37084e0b3f63f1be37fd59f43b0f015868a3a989e540c5d585,a70fb1e2d9336d3b79f93e055404822e766295e78e9dffee5cec50bd064f4645,2026-09-30T17:59:47Z
SubmitPartialDecryption,377,82885015334ad7bee9f710fe5613f4a9fa1efe54094bbbe9d02a982ed820b5c4,274,9f0ee0354269f0cbe7a92640a88c710d320c4226381ce82ada990cbf0d4cd210,d6879b6cd1286f37084e0b3f63f1be37fd59f43b0f015868a3a989e540c5d585,a70fb1e2d9336d3b79f93e055404822e766295e78e9dffee5cec50bd064f4645,2026-09-30T17:59:47Z
SubmitPartialDecryption,378,c5e2a610cc12425bd4ca7370d7fa4a58a5cd40c8453dc45aa4a9e7e05a19e052,274,9f0ee0354269f0cbe7a92640a88c710d320c4226381ce82ada990cbf0d4cd210,d6879b6cd1286f37084e0b3f63f1be37fd59f43b0f015868a3a989e540c5d585,a70fb1e2d9336d3b79f93e055404822e766295e78e9dffee5cec50bd064f4645,2026-09-30T17:59:47Z
SubmitPartialDecryption,383,685c6b1d0a3a39ae4010d050ac7bf2899ce689f28f9a576809ddef34a6fcd870,274,9f0ee0354269f0cbe7a92640a88c710d320c4226381ce82ada990cbf0d4cd210,d6879b6cd1286f37084e0b3f63f1be37fd59f43b0f015868a3a989e540c5d585,a70fb1e2d9336d3b79f93e055404822e766295e78e9dffee5cec50bd064f4645,2026-09-30T17:59:47Z
SubmitPartialDecryption,382,6ce860c7fb33b6c96a95414bc6aa26b6ebac92ef4722cd51c1d90d9e7ed901ca,274,9f0ee0354269f0cbe7a92640a88c710d320c4226381ce82ada990cbf0d4cd210,d6879b6cd1286f37084e0b3f63f1be37fd59f43b0f015868a3a989e540c5d585,a70fb1e2d9336d3b79f93e055404822e766295e78e9dffee5cec50bd064f4645,2026-09-30T17:59:47Z
SubmitPartialDecryption,391,92eb910ccc75c26fb50e14ca10c694cc979224c8faff8ff0dc1a58523da5a80c,275,28a38c48d7718dfb7539f2efd1296567da84213c339fa14625d587dc34d495f6,64473cbb82bd6d0bdda526b5272bca38b131f3062f97daeae5136f78d91208f6,9f0ee0354269f0cbe7a92640a88c710d320c4226381ce82ada990cbf0d4cd210,2026-09-30T17:59:49Z
SubmitPartialDecryption,397,115bcffc248f4661bff3cd94671be9e3f8a7a5ad7b70cec4ab23e938f8d74b66,275,28a38c48d7718dfb7539f2efd1296567da84213c339fa14625d587dc34d495f6,64473cbb82bd6d0bdda526b5272bca38b131f3062f97daeae5136f78d91208f6,9f0ee0354269f0cbe7a92640a88c710d320c4226381ce82ada990cbf0d4cd210,2026-09-30T17:59:49Z
SubmitPartialDecryption,390,9c6b4dbe279f8c1fd8406441fd37eccf261a5e626b749ad9bb7c928b6c551ffc,275,28a38c48d7718dfb7539f2efd1296567da84213c339fa14625d587dc34d495f6,64473cbb82bd6d0bdda526b5272bca38b131f3062f97daeae5136f78d91208f6,9f0ee0354269f0cbe7a92640a88c710d320c4226381ce82ada990cbf0d4cd210,2026-09-30T17:59:49Z
SubmitPartialDecryption,393,b4728354863c04921f36b70b6d67b50d557ad57cb135923ffa2c8fa0947b3238,275,28a38c48d7718dfb7539f2efd1296567da84213c339fa14625d587dc34d495f6,64473cbb82bd6d0bdda526b5272bca38b131f3062f97daeae5136f78d91208f6,9f0ee0354269f0cbe7a92640a88c710d320c4226381ce82ada990cbf0d4cd210,2026-09-30T17:59:49Z
SubmitPartialDecryption,387,f603bf568a9fb09555921f701c362053abb37911a9b188a2ce035ab602b33239,275,28a38c48d7718dfb7539f2efd1296567da84213c339fa14625d587dc34d495f6,64473cbb82bd6d0bdda526b5272bca38b131f3062f97daeae5136f78d91208f6,9f0ee0354269f0cbe7a92640a88c710d320c4226381ce82ada990cbf0d4cd210,2026-09-30T17:59:49Z
SubmitPartialDecryption,392,7dcfda611f9c487315ebec5b87ac988373646d7e171e5b473b075b9e9e8dbd30,275,28a38c48d7718dfb7539f2efd1296567da84213c339fa14625d587dc34d495f6,64473cbb82bd6d0bdda526b5272bca38b131f3062f97daeae5136f78d91208f6,9f0ee0354269f0cbe7a92640a88c710d320c4226381ce82ada990cbf0d4cd210,2026-09-30T17:59:49Z
SubmitPartialDecryption,386,5c995fa93f533ddc87b248520f458d156d7fc3a9c7d2ca7f671410b5a905b224,275,28a38c48d7718dfb7539f2efd1296567da84213c339fa14625d587dc34d495f6,64473cbb82bd6d0bdda526b5272bca38b131f3062f97daeae5136f78d91208f6,9f0ee0354269f0cbe7a92640a88c710d320c4226381ce82ada990cbf0d4cd210,2026-09-30T17:59:49Z
SubmitPartialDecryption,385,20d9aa2c2c44079e7e0b828ddb3072c6550087f474add34abe918a7353868ce1,275,28a38c48d7718dfb7539f2efd1296567da84213c339fa14625d587dc34d495f6,64473cbb82bd6d0bdda526b5272bca38b131f3062f97daeae5136f78d91208f6,9f0ee0354269f0cbe7a92640a88c710d320c4226381ce82ada990cbf0d4cd210,2026-09-30T17:59:49Z
SubmitPartialDecryption,396,e9d233a0c596d41bf35462278f53b05b1c9142f0a4937bfd27d1b4bff15d1644,275,28a38c48d7718dfb7539f2efd1296567da84213c339fa14625d587dc34d495f6,64473cbb82bd6d0bdda526b5272bca38b131f3062f97daeae5136f78d91208f6,9f0ee0354269f0cbe7a92640a88c710d320c4226381ce82ada990cbf0d4cd210,2026-09-30T17:59:49Z
SubmitPartialDecryption,389,75e8fac5cf4e946156e916522f40d271f07065bacdcceed1b34a7a374366c391,275,28a38c48d7718dfb7539f2efd1296567da84213c339fa14625d587dc34d495f6,64473cbb82bd6d0bdda526b5272bca38b131f3062f97daeae5136f78d91208f6,9f0ee0354269f0cbe7a92640a88c710d320c4226381ce82ada990cbf0d4cd210,2026-09-30T17:59:49Z
SubmitPartialDecryption,399,7902e72a41b80961658b5bc3270a6c8af35037974589f67a51460a7f4e593503,275,28a38c48d7718dfb7539f2efd1296567da84213c339fa14625d587dc34d495f6,64473cbb82bd6d0bdda526b5272bca38b131f3062f97daeae5136f78d91208f6,9f0ee0354269f0cbe7a92640a88c710d320c4226381ce82ada990cbf0d4cd210,2026-09-30T17:59:49Z
SubmitPartialDecryption,388,79a7deb094672791eb93ad76a646ab43e05ab60710d4abb4bc2388274c65209a,275,28a38c48d7718dfb7539f2efd1296567da84213c339fa14625d587dc34d495f6,64473cbb82bd6d0bdda526b5272bca38b131f3062f97daeae5136f78d91208f6,9f0ee0354269f0cbe7a92640a88c710d320c4226381ce82ada990cbf0d4cd210,2026-09-30T17:59:49Z
SubmitPartialDecryption,384,cd45ed447fac3aedad9eb7c01afa7d8c2716389d677ba9d668cc9b49d0933dbe,275,28a38c48d7718dfb7539f2efd1296567da84213c339fa14625d587dc34d495f6,64473cbb82bd6d0bdda526b5272bca38b131f3062f97daeae5136f78d91208f6,9f0ee0354269f0cbe7a92640a88c710d320c4226381ce82ada990cbf0d4cd210,2026-09-30T17:59:49Z
SubmitPartialDecryption,395,770587ac9fbd180c52de1d9a3606f9f138a1bb10b3f3a7881b51e0de55b1ba9b,275,28a38c48d7718dfb7539f2efd1296567da84213c339fa14625d587dc34d495f6,64473cbb82bd6d0bdda526b5272bca38b131f3062f97daeae5136f78d91208f6,9f0ee0354269f0cbe7a92640a88c710d320c4226381ce82ada990cbf0d4cd210,2026-09-30T17:59:49Z
SubmitPartialDecryption,398,dc9f5a63960339591c1befaac78fa0bc6e0d5a07ed7f000e264efb08c06b83d7,275,28a38c48d7718dfb7539f2efd1296567da84213c339fa14625d587dc34d495f6,64473cbb82bd6d0bdda526b5272bca38b131f3062f97daeae5136f78d91208f6,9f0ee0354269f0cbe7a92640a88c710d320c4226381ce82ada990cbf0d4cd210,2026-09-30T17:59:49Z
SubmitPartialDecryption,394,1691cb2b5c2ffcf2e8d932f9d8129f2e412df18579d9104da3a5725aaf8373f0,275,28a38c48d7718dfb7539f2efd1296567da84213c339fa14625d587dc34d495f6,64473cbb82bd6d0bdda526b5272bca38b131f3062f97daeae5136f78d91208f6,9f0ee0354269f0cbe7a92640a88c710d320c4226381ce82ada990cbf0d4cd210,2026-09-30T17:59:49Z
SubmitPartialDecryption,401,0723d5b25fc0d89063737b469985ba7453e77a35243095a59f0f5612454e7efa,276,ec773acdc6d8ef35d5c41fd680bcc1a6258de2c702eecf922ee371fbbc42772f,db3833946b251787d4a3345e4a8e95276f540bf911c4a7a00884d82f274421d2,28a38c48d7718dfb7539f2efd1296567da84213c339fa14625d587dc34d495f6,2026-09-30T17:59:51Z
SubmitPartialDecryption,402,1e9719b84aa1d97520f417ee51c12d4e7c1ccc24ed01e7599638fd14be1154ee,276,ec773acdc6d8ef35d5c41fd680bcc1a6258de2c702eecf922ee371fbbc42772f,db3833946b251787d4a3345e4a8e95276f540bf911c4a7a00884d82f274421d2,28a38c48d7718dfb7539f2efd1296567da84213c339fa14625d587dc34d495f6,2026-09-30T17:59:51Z
SubmitPartialDecryption,404,0b1a6b690cfa53e58e091f5e0563863a900c5e1ce2a07c41709771c4b7b74d35,276,ec773acdc6d8ef35d5c41fd680bcc1a6258de2c702eecf922ee371fbbc42772f,db3833946b251787d4a3345e4a8e95276f540bf911c4a7a00884d82f274421d2,28a38c48d7718dfb7539f2efd1296567da84213c339fa14625d587dc34d495f6,2026-09-30T17:59:51Z
SubmitPartialDecryption,400,bf6b73a753bf63b34e6454d162b9b2429e674f99c654914127c43a767f550d18,276,ec773acdc6d8ef35d5c41fd680bcc1a6258de2c702eecf922ee371fbbc42772f,db3833946b251787d4a3345e4a8e95276f540bf911c4a7a00884d82f274421d2,28a38c48d7718dfb7539f2efd1296567da84213c339fa14625d587dc34d495f6,2026-09-30T17:59:51Z
SubmitPartialDecryption,406,2f95dc3bcb4ec76ce4abbbf5e5fef30fd83b0bc1a59231a44996aceb007d0ae0,276,ec773acdc6d8ef35d5c41fd680bcc1a6258de2c702eecf922ee371fbbc42772f,db3833946b251787d4a3345e4a8e95276f540bf911c4a7a00884d82f274421d2,28a38c48d7718dfb7539f2efd1296567da84213c339fa14625d587dc34d495f6,2026-09-30T17:59:51Z
SubmitPartialDecryption,403,64ed01c7f7040a47c628b7548e32939acaa338e49719180fefa99e372cfc95bb,276,ec773acdc6d8ef35d5c41fd680bcc1a6258de2c702eecf922ee371fbbc42772f,db3833946b251787d4a3345e4a8e95276f540bf911c4a7a00884d82f274421d2,28a38c48d7718dfb7539f2efd1296567da84213c339fa14625d587dc34d495f6,2026-09-30T17:59:51Z
SubmitPartialDecryption,407,1ebfb07146e2491f2dce77c2d0fe02ad8cef3709efcc3a86682e47f3bf2f5aa4,276,ec773acdc6d8ef35d5c41fd680bcc1a6258de2c702eecf922ee371fbbc42772f,db3833946b251787d4a3345e4a8e95276f540bf911c4a7a00884d82f274421d2,28a38c48d7718dfb7539f2efd1296567da84213c339fa14625d587dc34d495f6,2026-09-30T17:59:51Z
SubmitPartialDecryption,415,27ad2b872676767113885b7251a70288c4e56b8af0cb1d42b7858a527c901132,276,ec773acdc6d8ef35d5c41fd680bcc1a6258de2c702eecf922ee371fbbc42772f,db3833946b251787d4a3345e4a8e95276f540bf911c4a7a00884d82f274421d2,28a38c48d7718dfb7539f2efd1296567da84213c339fa14625d587dc34d495f6,2026-09-30T17:59:51Z
SubmitPartialDecryption,409,320e249c32f3ef6d23effc50b9222782b354c38790b1ba4e4525664ce8c05653,276,ec773acdc6d8ef35d5c41fd680bcc1a6258de2c702eecf922ee371fbbc42772f,db3833946b251787d4a3345e4a8e95276f540bf911c4a7a00884d82f274421d2,28a38c48d7718dfb7539f2efd1296567da84213c339fa14625d587dc34d495f6,2026-09-30T17:59:51Z
SubmitPartialDecryption,405,a9a5882a0b44952e37fa68501a408b166c08f6a5f1f2c6eb5894c9f3f41e70f1,276,ec773acdc6d8ef35d5c41fd680bcc1a6258de2c702eecf922ee371fbbc42772f,db3833946b251787d4a3345e4a8e95276f540bf911c4a7a00884d82f274421d2,28a38c48d7718dfb7539f2efd1296567da84213c339fa14625d587dc34d495f6,2026-09-30T17:59:51Z
SubmitPartialDecryption,412,1dd349bea6707072611ccbd883d92d7db39c9d3462a9e9c7480b654705ed61e1,276,ec773acdc6d8ef35d5c41fd680bcc1a6258de2c702eecf922ee371fbbc42772f,db3833946b251787d4a3345e4a8e95276f540bf911c4a7a00884d82f274421d2,28a38c48d7718dfb7539f2efd1296567da84213c339fa14625d587dc34d495f6,2026-09-30T17:59:51Z
SubmitPartialDecryption,408,22f51659791a687577355fade60dec142576c434da1e631b798637cb87c2408a,276,ec773acdc6d8ef35d5c41fd680bcc1a6258de2c702eecf922ee371fbbc42772f,db3833946b251787d4a3345e4a8e95276f540bf911c4a7a00884d82f274421d2,28a38c48d7718dfb7539f2efd1296567da84213c339fa14625d587dc34d495f6,2026-09-30T17:59:51Z
SubmitPartialDecryption,410,f02cc64fcae97c1a5c5ee099b2c151c21c8045d8a6274d27a5123e4d9aa3cf32,276,ec773acdc6d8ef35d5c41fd680bcc1a6258de2c702eecf922ee371fbbc42772f,db3833946b251787d4a3345e4a8e95276f540bf911c4a7a00884d82f274421d2,28a38c48d7718dfb7539f2efd1296567da84213c339fa14625d587dc34d495f6,2026-09-30T17:59:51Z
SubmitPartialDecryption,414,5448e06a168ea0579862ceff20adff7f9b91f1424568fbf4cc213dd882e7cc7c,276,ec773acdc6d8ef35d5c41fd680bcc1a6258de2c702eecf922ee371fbbc42772f,db3833946b251787d4a3345e4a8e95276f540bf911c4a7a00884d82f274421d2,28a38c48d7718dfb7539f2efd1296567da84213c339fa14625d587dc34d495f6,2026-09-30T17:59:51Z
SubmitPartialDecryption,411,f934b25c0d6a4d8d7142061ac7fcbbf85858e8875ee7765ef1b0b6385a5f9017,276,ec773acdc6d8ef35d5c41fd680bcc1a6258de2c702eecf922ee371fbbc42772f,db3833946b251787d4a3345e4a8e95276f540bf911c4a7a00884d82f274421d2,28a38c48d7718dfb7539f2efd1296567da84213c339fa14625d587dc34d495f6,2026-09-30T17:59:51Z
SubmitPartialDecryption,413,ede83945be634ed7df55a310d3737e5c4a0dba5e04ba0716405dc23bddd579a8,276,ec773acdc6d8ef35d5c41fd680bcc1a6258de2c702eecf922ee371fbbc42772f,db3833946b251787d4a3345e4a8e95276f540bf911c4a7a00884d82f274421d2,28a38c48d7718dfb7539f2efd1296567da84213c339fa14625d587dc34d495f6,2026-09-30T17:59:51Z
SubmitPartialDecryption,417,72b40cb702f17b752f09dc3610a8ce2b9db856da553c6257bdcfdb33c7a7131d,277,3d404cd50204c59cbe3f17b51fa57f3f400d14ea25dc13270674df9d2e0957f8,e82fee0a061447dcd91ac4956995d526efa23bb0f08057baab7f5f6ed299db58,ec773acdc6d8ef35d5c41fd680bcc1a6258de2c702eecf922ee371fbbc42772f,2026-09-30T17:59:53Z
SubmitPartialDecryption,416,12e7bae1327983405ee94a8a41df242ff9c9d0c63fd52547d8d1ff6bc81f4788,277,3d404cd50204c59cbe3f17b51fa57f3f400d14ea25dc13270674df9d2e0957f8,e82fee0a061447dcd91ac4956995d526efa23bb0f08057baab7f5f6ed299db58,ec773acdc6d8ef35d5c41fd680bcc1a6258de2c702eecf922ee371fbbc42772f,2026-09-30T17:59:53Z
SubmitPartialDecryption,419,cb31e39d0c763741e576c3db4713c195162a0dd604f9e3154043c99a562c3b44,277,3d404cd50204c59cbe3f17b51fa57f3f400d14ea25dc13270674df9d2e0957f8,e82fee0a061447dcd91ac4956995d526efa23bb0f08057baab7f5f6ed299db58,ec773acdc6d8ef35d5c41fd680bcc1a6258de2c702eecf922ee371fbbc42772f,2026-09-30T17:59:53Z
SubmitPartialDecryption,418,76ae8ee41e5c1b0bddaec0e66b14cf549e2aedebfcfd4a79cd8b1220b3afd9bc,277,3d404cd50204c59cbe3f17b51fa57f3f400d14ea25dc13270674df9d2e0957f8,e82fee0a061447dcd91ac4956995d526efa23bb0f08057baab7f5f6ed299db58,ec773acdc6d8ef35d5c41fd680bcc1a6258de2c702eecf922ee371fbbc42772f,2026-09-30T17:59:53Z
PublishTally,,fcc8157856802f85017fb461a49f079257685307782e21e469610fcac2970db3,278,f5e52eb36f8f9e1dd48b197d10719e3737aff88a2e108ff53b56d108139783ad,ad90653b130b1b63b41c6ac8d5c330cea10c09ce470bf9689f0c4b6f262673de,3d404cd50204c59cbe3f17b51fa57f3f400d14ea25dc13270674df9d2e0957f8,2026-09-30T17:59:55Z
