unix_ts,iso,metric,value
1791021295,2026-10-03T17:54:54,docker.dev-peer0.org1.example.com-saksi-bulletin_1.0-ee3fe73bad456e43adfc5ba27d9e5a60983b69e8496140308fb21061ecb2ff85.cpu_pct,0.0
1791021295,2026-10-03T17:54:54,docker.dev-peer0.org1.example.com-saksi-bulletin_1.0-ee3fe73bad456e43adfc5ba27d9e5a60983b69e8496140308fb21061ecb2ff85.mem_bytes,8712617.984
1791021295,2026-10-03T17:54:54,docker.dev-peer0.org1.example.com-saksi-bulletin_1.0-ee3fe73bad456e43adfc5ba27d9e5a60983b69e8496140308fb21061ecb2ff85.blk_read_bytes,0.0
1791021295,2026-10-03T17:54:54,docker.dev-peer0.org1.example.com-saksi-bulletin_1.0-ee3fe73bad456e43adfc5ba27d9e5a60983b69e8496140308fb21061ecb2ff85.blk_write_bytes,0.0
1791021295,2026-10-03T17:54:54,docker.dev-peer0.org2.example.com-saksi-bulletin_1.0-ee3fe73bad456e43adfc5ba27d9e5a60983b69e8496140308fb21061ecb2ff85.cpu_pct,0.0
1791021295,2026-10-03T17:54:54,docker.dev-peer0.org2.example.com-saksi-bulletin_1.0-ee3fe73bad456e43adfc5ba27d9e5a60983b69e8496140308fb21061ecb2ff85.mem_bytes,8798601.216
1791021295,2026-10-03T17:54:54,docker.dev-peer0.org2.example.com-saksi-bulletin_1.0-ee3fe73bad456e43adfc5ba27d9e5a60983b69e8496140308fb21061ecb2ff85.blk_read_bytes,0.0
1791021295,2026-10-03T17:54:54,docker.dev-peer0.org2.example.com-saksi-bulletin_1.0-ee3fe73bad456e43adfc5ba27d9e5a60983b69e8496140308fb21061ecb2ff85.blk_write_bytes,0.0
1791021295,2026-10-03T17:54:54,docker.peer0.org1.example.com.cpu_pct,1.36
1791021295,2026-10-03T17:54:54,docker.peer0.org1.example.com.mem_bytes,170183884.8
1791021295,2026-10-03T17:54:54,docker.peer0.org1.example.com.blk_read_bytes,3760000.0
1791021295,2026-10-03T17:54:54,docker.peer0.org1.example.com.blk_write_bytes,4810000.0
1791021295,2026-10-03T17:54:54,docker.peer0.org2.example.com.cpu_pct,1.39
1791021295,2026-10-03T17:54:54,docker.peer0.org2.example.com.mem_bytes,162738995.2
1791021295,2026-10-03T17:54:54,docker.peer0.org2.example.com.blk_read_bytes,545000.0
1791021295,2026-10-03T17:54:54,docker.peer0.org2.example.com.blk_write_bytes,3610000.0
1791021295,2026-10-03T17:54:54,docker.orderer.example.com.cpu_pct,0.05
1791021295,2026-10-03T17:54:54,docker.orderer.example.com.mem_bytes,22292725.76
1791021295,2026-10-03T17:54:54,docker.orderer.example.com.blk_read_bytes,31400000.0
1791021295,2026-10-03T17:54:54,docker.orderer.example.com.blk_write_bytes,262000.0
1791021295,2026-10-03T17:54:54,wsl.MemTotal_kb,24608408
1791021295,2026-10-03T17:54:54,wsl.MemAvailable_kb,22584924
1791021295,2026-10-03T17:54:54,wsl.SwapTotal_kb,0
1791021295,2026-10-03T17:54:54,wsl.SwapFree_kb,0
1791021295,2026-10-03T17:54:54,wsl.Dirty_kb,1904
1791021295,2026-10-03T17:54:54,wsl.load1,2.02
1791021295,2026-10-03T17:54:54,wsl.load5,1.53
1791021295,2026-10-03T17:54:54,host.c_free_bytes,49316814848
1791021295,2026-10-03T17:54:54,host.q_free_bytes,421445345280
1791021295,2026-10-03T17:54:54,host.docker_vhdx_bytes,15592325120
1791021295,2026-10-03T17:54:54,host.ubuntu_vhdx_bytes,212983611392
1791021305,2026-10-03T17:55:04,docker.dev-peer0.org1.example.com-saksi-bulletin_1.0-ee3fe73bad456e43adfc5ba27d9e5a60983b69e8496140308fb21061ecb2ff85.cpu_pct,0.0
1791021305,2026-10-03T17:55:04,docker.dev-peer0.org1.example.com-saksi-bulletin_1.0-ee3fe73bad456e43adfc5ba27d9e5a60983b69e8496140308fb21061ecb2ff85.mem_bytes,8364490.752
1791021305,2026-10-03T17:55:04,docker.dev-peer0.org1.example.com-saksi-bulletin_1.0-ee3fe73bad456e43adfc5ba27d9e5a60983b69e8496140308fb21061ecb2ff85.blk_read_bytes,0.0
1791021305,2026-10-03T17:55:04,docker.dev-peer0.org1.example.com-saksi-bulletin_1.0-ee3fe73bad456e43adfc5ba27d9e5a60983b69e8496140308fb21061ecb2ff85.blk_write_bytes,0.0
1791021305,2026-10-03T17:55:04,docker.dev-peer0.org2.example.com-saksi-bulletin_1.0-ee3fe73bad456e43adfc5ba27d9e5a60983b69e8496140308fb21061ecb2ff85.cpu_pct,0.0
1791021305,2026-10-03T17:55:04,docker.dev-peer0.org2.example.com-saksi-bulletin_1.0-ee3fe73bad456e43adfc5ba27d9e5a60983b69e8496140308fb21061ecb2ff85.mem_bytes,8798601.216
1791021305,2026-10-03T17:55:04,docker.dev-peer0.org2.example.com-saksi-bulletin_1.0-ee3fe73bad456e43adfc5ba27d9e5a60983b69e8496140308fb21061ecb2ff85.blk_read_bytes,0.0
1791021305,2026-10-03T17:55:04,docker.dev-peer0.org2.example.com-saksi-bulletin_1.0-ee3fe73bad456e43adfc5ba27d9e5a60983b69e8496140308fb21061ecb2ff85.blk_write_bytes,0.0
1791021305,2026-10-03T17:55:04,docker.peer0.org1.example.com.cpu_pct,1.27
1791021305,2026-10-03T17:55:04,docker.peer0.org1.example.com.mem_bytes,170079027.2
1791021305,2026-10-03T17:55:04,docker.peer0.org1.example.com.blk_read_bytes,3760000.0
1791021305,2026-10-03T17:55:04,docker.peer0.org1.example.com.blk_write_bytes,4810000.0
1791021305,2026-10-03T17:55:04,docker.peer0.org2.example.com.cpu_pct,1.19
1791021305,2026-10-03T17:55:04,docker.peer0.org2.example.com.mem_bytes,162529280.0
1791021305,2026-10-03T17:55:04,docker.peer0.org2.example.com.blk_read_bytes,545000.0
1791021305,2026-10-03T17:55:04,docker.peer0.org2.example.com.blk_write_bytes,3610000.0
1791021305,2026-10-03T17:55:04,docker.orderer.example.com.cpu_pct,0.03
1791021305,2026-10-03T17:55:04,docker.orderer.example.com.mem_bytes,22041067.52
1791021305,2026-10-03T17:55:04,docker.orderer.example.com.blk_read_bytes,31400000.0
1791021305,2026-10-03T17:55:04,docker.orderer.example.com.blk_write_bytes,262000.0
1791021305,2026-10-03T17:55:04,wsl.MemTotal_kb,24608408
1791021305,2026-10-03T17:55:04,wsl.MemAvailable_kb,22597340
1791021305,2026-10-03T17:55:04,wsl.SwapTotal_kb,0
1791021305,2026-10-03T17:55:04,wsl.SwapFree_kb,0
1791021305,2026-10-03T17:55:04,wsl.Dirty_kb,173232
1791021305,2026-10-03T17:55:04,wsl.load1,4.17
1791021305,2026-10-03T17:55:04,wsl.load5,2.01
1791021305,2026-10-03T17:55:04,host.c_free_bytes,49316196352
1791021305,2026-10-03T17:55:04,host.q_free_bytes,421445345280
1791021305,2026-10-03T17:55:04,host.docker_vhdx_bytes,15592325120
1791021305,2026-10-03T17:55:04,host.ubuntu_vhdx_bytes,212983611392
1791021315,2026-10-03T17:55:14,docker.dev-peer0.org1.example.com-saksi-bulletin_1.0-ee3fe73bad456e43adfc5ba27d9e5a60983b69e8496140308fb21061ecb2ff85.cpu_pct,0.0
1791021315,2026-10-03T17:55:14,docker.dev-peer0.org1.example.com-saksi-bulletin_1.0-ee3fe73bad456e43adfc5ba27d9e5a60983b69e8496140308fb21061ecb2ff85.mem_bytes,8364490.752
1791021315,2026-10-03T17:55:14,docker.dev-peer0.org1.example.com-saksi-bulletin_1.0-ee3fe73bad456e43adfc5ba27d9e5a60983b69e8496140308fb21061ecb2ff85.blk_read_bytes,0.0
1791021315,2026-10-03T17:55:14,docker.dev-peer0.org1.example.com-saksi-bulletin_1.0-ee3fe73bad456e43adfc5ba27d9e5a60983b69e8496140308fb21061ecb2ff85.blk_write_bytes,0.0
1791021315,2026-10-03T17:55:14,docker.dev-peer0.org2.example.com-saksi-bulletin_1.0-ee3fe73bad456e43adfc5ba27d9e5a60983b69e8496140308fb21061ecb2ff85.cpu_pct,0.0
1791021315,2026-10-03T17:55:14,docker.dev-peer0.org2.example.com-saksi-bulletin_1.0-ee3fe73bad456e43adfc5ba27d9e5a60983b69e8496140308fb21061ecb2ff85.mem_bytes,8798601.216
1791021315,2026-10-03T17:55:14,docker.dev-peer0.org2.example.com-saksi-bulletin_1.0-ee3fe73bad456e43adfc5ba27d9e5a60983b69e8496140308fb21061ecb2ff85.blk_read_bytes,0.0
1791021315,2026-10-03T17:55:14,docker.dev-peer0.org2.example.com-saksi-bulletin_1.0-ee3fe73bad456e43adfc5ba27d9e5a60983b69e8496140308fb21061ecb2ff85.blk_write_bytes,0.0
1791021315,2026-10-03T17:55:14,docker.peer0.org1.example.com.cpu_pct,1.1
1791021315,2026-10-03T17:55:14,docker.peer0.org1.example.com.mem_bytes,170603315.2
1791021315,2026-10-03T17:55:14,docker.peer0.org1.example.com.blk_read_bytes,3760000.0
1791021315,2026-10-03T17:55:14,docker.peer0.org1.example.com.blk_write_bytes,4950000.0
1791021315,2026-10-03T17:55:14,docker.peer0.org2.example.com.cpu_pct,1.33
1791021315,2026-10-03T17:55:14,docker.peer0.org2.example.com.mem_bytes,162948710.4
1791021315,2026-10-03T17:55:14,docker.peer0.org2.example.com.blk_read_bytes,545000.0
1791021315,2026-10-03T17:55:14,docker.peer0.org2.example.com.blk_write_bytes,3610000.0
1791021315,2026-10-03T17:55:14,docker.orderer.example.com.cpu_pct,0.03
1791021315,2026-10-03T17:55:14,docker.orderer.example.com.mem_bytes,21799895.04
1791021315,2026-10-03T17:55:14,docker.orderer.example.com.blk_read_bytes,31400000.0
1791021315,2026-10-03T17:55:14,docker.orderer.example.com.blk_write_bytes,262000.0
1791021315,2026-10-03T17:55:14,wsl.MemTotal_kb,24608408
1791021315,2026-10-03T17:55:14,wsl.MemAvailable_kb,22594016
1791021315,2026-10-03T17:55:14,wsl.SwapTotal_kb,0
1791021315,2026-10-03T17:55:14,wsl.SwapFree_kb,0
1791021315,2026-10-03T17:55:14,wsl.Dirty_kb,324860
1791021315,2026-10-03T17:55:14,wsl.load1,5.99
1791021315,2026-10-03T17:55:14,wsl.load5,2.47
1791021315,2026-10-03T17:55:14,host.c_free_bytes,49316970496
1791021315,2026-10-03T17:55:14,host.q_free_bytes,421445345280
1791021315,2026-10-03T17:55:14,host.docker_vhdx_bytes,15592325120
1791021315,2026-10-03T17:55:14,host.ubuntu_vhdx_bytes,212983611392
1791021315,2026-10-03T17:55:14,win.Processor(_Total)\% Processor Time,63.259549
1791021315,2026-10-03T17:55:14,win.Memory\Available MBytes,20483.0
1791021315,2026-10-03T17:55:14,win.PhysicalDisk(0 C:)\% Disk Time,2.588818
1791021315,2026-10-03T17:55:14,win.PhysicalDisk(1 Q:)\% Disk Time,0.120247
1791021315,2026-10-03T17:55:14,win.PhysicalDisk(_Total)\% Disk Time,1.354533
1791021315,2026-10-03T17:55:14,win.PhysicalDisk(0 C:)\Current Disk Queue Length,0.0
1791021315,2026-10-03T17:55:14,win.PhysicalDisk(1 Q:)\Current Disk Queue Length,1.0
1791021315,2026-10-03T17:55:14,win.PhysicalDisk(_Total)\Current Disk Queue Length,1.0
1791021315,2026-10-03T17:55:14,win.Process(vmmemWSL)\% Processor Time,926.257408
1791021325,2026-10-03T17:55:25,docker.dev-peer0.org1.example.com-saksi-bulletin_1.0-ee3fe73bad456e43adfc5ba27d9e5a60983b69e8496140308fb21061ecb2ff85.cpu_pct,0.0
1791021325,2026-10-03T17:55:25,docker.dev-peer0.org1.example.com-saksi-bulletin_1.0-ee3fe73bad456e43adfc5ba27d9e5a60983b69e8496140308fb21061ecb2ff85.mem_bytes,8323596.288
1791021325,2026-10-03T17:55:25,docker.dev-peer0.org1.example.com-saksi-bulletin_1.0-ee3fe73bad456e43adfc5ba27d9e5a60983b69e8496140308fb21061ecb2ff85.blk_read_bytes,0.0
1791021325,2026-10-03T17:55:25,docker.dev-peer0.org1.example.com-saksi-bulletin_1.0-ee3fe73bad456e43adfc5ba27d9e5a60983b69e8496140308fb21061ecb2ff85.blk_write_bytes,0.0
1791021325,2026-10-03T17:55:25,docker.dev-peer0.org2.example.com-saksi-bulletin_1.0-ee3fe73bad456e43adfc5ba27d9e5a60983b69e8496140308fb21061ecb2ff85.cpu_pct,0.0
1791021325,2026-10-03T17:55:25,docker.dev-peer0.org2.example.com-saksi-bulletin_1.0-ee3fe73bad456e43adfc5ba27d9e5a60983b69e8496140308fb21061ecb2ff85.mem_bytes,8798601.216
1791021325,2026-10-03T17:55:25,docker.dev-peer0.org2.example.com-saksi-bulletin_1.0-ee3fe73bad456e43adfc5ba27d9e5a60983b69e8496140308fb21061ecb2ff85.blk_read_bytes,0.0
1791021325,2026-10-03T17:55:25,docker.dev-peer0.org2.example.com-saksi-bulletin_1.0-ee3fe73bad456e43adfc5ba27d9e5a60983b69e8496140308fb21061ecb2ff85.blk_write_bytes,0.0
1791021325,2026-10-03T17:55:25,docker.peer0.org1.example.com.cpu_pct,1.0
1791021325,2026-10-03T17:55:25,docker.peer0.org1.example.com.mem_bytes,170917888.0
1791021325,2026-10-03T17:55:25,docker.peer0.org1.example.com.blk_read_bytes,3760000.0
1791021325,2026-10-03T17:55:25,docker.peer0.org1.example.com.blk_write_bytes,4950000.0
1791021325,2026-10-03T17:55:25,docker.peer0.org2.example.com.cpu_pct,0.98
1791021325,2026-10-03T17:55:25,docker.peer0.org2.example.com.mem_bytes,163787571.2
1791021325,2026-10-03T17:55:25,docker.peer0.org2.example.com.blk_read_bytes,545000.0
1791021325,2026-10-03T17:55:25,docker.peer0.org2.example.com.blk_write_bytes,3610000.0
1791021325,2026-10-03T17:55:25,docker.orderer.example.com.cpu_pct,0.03
1791021325,2026-10-03T17:55:25,docker.orderer.example.com.mem_bytes,21799895.04
1791021325,2026-10-03T17:55:25,docker.orderer.example.com.blk_read_bytes,31400000.0
1791021325,2026-10-03T17:55:25,docker.orderer.example.com.blk_write_bytes,262000.0
1791021325,2026-10-03T17:55:25,wsl.MemTotal_kb,24608408
1791021325,2026-10-03T17:55:25,wsl.MemAvailable_kb,22591508
1791021325,2026-10-03T17:55:25,wsl.SwapTotal_kb,0
1791021325,2026-10-03T17:55:25,wsl.SwapFree_kb,0
1791021325,2026-10-03T17:55:25,wsl.Dirty_kb,555200
1791021325,2026-10-03T17:55:25,wsl.load1,7.53
1791021325,2026-10-03T17:55:25,wsl.load5,2.91
1791021325,2026-10-03T17:55:25,host.c_free_bytes,49316577280
1791021325,2026-10-03T17:55:25,host.q_free_bytes,421445345280
1791021325,2026-10-03T17:55:25,host.docker_vhdx_bytes,15592325120
1791021325,2026-10-03T17:55:25,host.ubuntu_vhdx_bytes,212983611392
1791021325,2026-10-03T17:55:25,win.Processor(_Total)\% Processor Time,93.502974
1791021325,2026-10-03T17:55:25,win.Memory\Available MBytes,20531.0
1791021325,2026-10-03T17:55:25,win.PhysicalDisk(0 C:)\% Disk Time,41.305916
1791021325,2026-10-03T17:55:25,win.PhysicalDisk(1 Q:)\% Disk Time,0.263135
1791021325,2026-10-03T17:55:25,win.PhysicalDisk(_Total)\% Disk Time,20.784526
1791021325,2026-10-03T17:55:25,win.PhysicalDisk(0 C:)\Current Disk Queue Length,0.0
1791021325,2026-10-03T17:55:25,win.PhysicalDisk(1 Q:)\Current Disk Queue Length,0.0
1791021325,2026-10-03T17:55:25,win.PhysicalDisk(_Total)\Current Disk Queue Length,0.0
1791021325,2026-10-03T17:55:25,win.Process(vmmemWSL)\% Processor Time,1411.474055
1791021335,2026-10-03T17:55:35,docker.dev-peer0.org1.example.com-saksi-bulletin_1.0-ee3fe73bad456e43adfc5ba27d9e5a60983b69e8496140308fb21061ecb2ff85.cpu_pct,0.0
1791021335,2026-10-03T17:55:35,docker.dev-peer0.org1.example.com-saksi-bulletin_1.0-ee3fe73bad456e43adfc5ba27d9e5a60983b69e8496140308fb21061ecb2ff85.mem_bytes,8323596.288
1791021335,2026-10-03T17:55:35,docker.dev-peer0.org1.example.com-saksi-bulletin_1.0-ee3fe73bad456e43adfc5ba27d9e5a60983b69e8496140308fb21061ecb2ff85.blk_read_bytes,0.0
1791021335,2026-10-03T17:55:35,docker.dev-peer0.org1.example.com-saksi-bulletin_1.0-ee3fe73bad456e43adfc5ba27d9e5a60983b69e8496140308fb21061ecb2ff85.blk_write_bytes,0.0
1791021335,2026-10-03T17:55:35,docker.dev-peer0.org2.example.com-saksi-bulletin_1.0-ee3fe73bad456e43adfc5ba27d9e5a60983b69e8496140308fb21061ecb2ff85.cpu_pct,0.0
1791021335,2026-10-03T17:55:35,docker.dev-peer0.org2.example.com-saksi-bulletin_1.0-ee3fe73bad456e43adfc5ba27d9e5a60983b69e8496140308fb21061ecb2ff85.mem_bytes,8798601.216
1791021335,2026-10-03T17:55:35,docker.dev-peer0.org2.example.com-saksi-bulletin_1.0-ee3fe73bad456e43adfc5ba27d9e5a60983b69e8496140308fb21061ecb2ff85.blk_read_bytes,0.0
1791021335,2026-10-03T17:55:35,docker.dev-peer0.org2.example.com-saksi-bulletin_1.0-ee3fe73bad456e43adfc5ba27d9e5a60983b69e8496140308fb21061ecb2ff85.blk_write_bytes,0.0
1791021335,2026-10-03T17:55:35,docker.peer0.org1.example.com.cpu_pct,1.01
1791021335,2026-10-03T17:55:35,docker.peer0.org1.example.com.mem_bytes,171127603.2
1791021335,2026-10-03T17:55:35,docker.peer0.org1.example.com.blk_read_bytes,3760000.0
1791021335,2026-10-03T17:55:35,docker.peer0.org1.example.com.blk_write_bytes,4950000.0
1791021335,2026-10-03T17:55:35,docker.peer0.org2.example.com.cpu_pct,1.02
1791021335,2026-10-03T17:55:35,docker.peer0.org2.example.com.mem_bytes,164521574.4
1791021335,2026-10-03T17:55:35,docker.peer0.org2.example.com.blk_read_bytes,545000.0
1791021335,2026-10-03T17:55:35,docker.peer0.org2.example.com.blk_write_bytes,3610000.0
1791021335,2026-10-03T17:55:35,docker.orderer.example.com.cpu_pct,0.03
1791021335,2026-10-03T17:55:35,docker.orderer.example.com.mem_bytes,21799895.04
1791021335,2026-10-03T17:55:35,docker.orderer.example.com.blk_read_bytes,31400000.0
1791021335,2026-10-03T17:55:35,docker.orderer.example.com.blk_write_bytes,262000.0
1791021335,2026-10-03T17:55:35,wsl.MemTotal_kb,24608408
1791021335,2026-10-03T17:55:35,wsl.MemAvailable_kb,22581932
1791021335,2026-10-03T17:55:35,wsl.SwapTotal_kb,0
1791021335,2026-10-03T17:55:35,wsl.SwapFree_kb,0
1791021335,2026-10-03T17:55:35,wsl.Dirty_kb,781304
1791021335,2026-10-03T17:55:35,wsl.load1,8.83
1791021335,2026-10-03T17:55:35,wsl.load5,3.34
1791021335,2026-10-03T17:55:35,host.c_free_bytes,49316315136
1791021335,2026-10-03T17:55:35,host.q_free_bytes,421445345280
1791021335,2026-10-03T17:55:35,host.docker_vhdx_bytes,15592325120
1791021335,2026-10-03T17:55:35,host.ubuntu_vhdx_bytes,212983611392
1791021335,2026-10-03T17:55:35,win.Processor(_Total)\% Processor Time,94.787678
1791021335,2026-10-03T17:55:35,win.Memory\Available MBytes,20519.0
1791021335,2026-10-03T17:55:35,win.PhysicalDisk(0 C:)\% Disk Time,0.145676
1791021335,2026-10-03T17:55:35,win.PhysicalDisk(1 Q:)\% Disk Time,0.184363
1791021335,2026-10-03T17:55:35,win.PhysicalDisk(_Total)\% Disk Time,0.165019
1791021335,2026-10-03T17:55:35,win.PhysicalDisk(0 C:)\Current Disk Queue Length,0.0
1791021335,2026-10-03T17:55:35,win.PhysicalDisk(1 Q:)\Current Disk Queue Length,0.0
1791021335,2026-10-03T17:55:35,win.PhysicalDisk(_Total)\Current Disk Queue Length,0.0
1791021335,2026-10-03T17:55:35,win.Process(vmmemWSL)\% Processor Time,1445.810613
1791021345,2026-10-03T17:55:45,docker.dev-peer0.org1.example.com-saksi-bulletin_1.0-ee3fe73bad456e43adfc5ba27d9e5a60983b69e8496140308fb21061ecb2ff85.cpu_pct,0.0
1791021345,2026-10-03T17:55:45,docker.dev-peer0.org1.example.com-saksi-bulletin_1.0-ee3fe73bad456e43adfc5ba27d9e5a60983b69e8496140308fb21061ecb2ff85.mem_bytes,7745830.912
1791021345,2026-10-03T17:55:45,docker.dev-peer0.org1.example.com-saksi-bulletin_1.0-ee3fe73bad456e43adfc5ba27d9e5a60983b69e8496140308fb21061ecb2ff85.blk_read_bytes,0.0
1791021345,2026-10-03T17:55:45,docker.dev-peer0.org1.example.com-saksi-bulletin_1.0-ee3fe73bad456e43adfc5ba27d9e5a60983b69e8496140308fb21061ecb2ff85.blk_write_bytes,0.0
1791021345,2026-10-03T17:55:45,docker.dev-peer0.org2.example.com-saksi-bulletin_1.0-ee3fe73bad456e43adfc5ba27d9e5a60983b69e8496140308fb21061ecb2ff85.cpu_pct,0.0
1791021345,2026-10-03T17:55:45,docker.dev-peer0.org2.example.com-saksi-bulletin_1.0-ee3fe73bad456e43adfc5ba27d9e5a60983b69e8496140308fb21061ecb2ff85.mem_bytes,8502902.784
1791021345,2026-10-03T17:55:45,docker.dev-peer0.org2.example.com-saksi-bulletin_1.0-ee3fe73bad456e43adfc5ba27d9e5a60983b69e8496140308fb21061ecb2ff85.blk_read_bytes,0.0
1791021345,2026-10-03T17:55:45,docker.dev-peer0.org2.example.com-saksi-bulletin_1.0-ee3fe73bad456e43adfc5ba27d9e5a60983b69e8496140308fb21061ecb2ff85.blk_write_bytes,0.0
1791021345,2026-10-03T17:55:45,docker.peer0.org1.example.com.cpu_pct,0.99
1791021345,2026-10-03T17:55:45,docker.peer0.org1.example.com.mem_bytes,171547033.6
1791021345,2026-10-03T17:55:45,docker.peer0.org1.example.com.blk_read_bytes,3760000.0
1791021345,2026-10-03T17:55:45,docker.peer0.org1.example.com.blk_write_bytes,4950000.0
1791021345,2026-10-03T17:55:45,docker.peer0.org2.example.com.cpu_pct,0.94
1791021345,2026-10-03T17:55:45,docker.peer0.org2.example.com.mem_bytes,163997286.4
1791021345,2026-10-03T17:55:45,docker.peer0.org2.example.com.blk_read_bytes,545000.0
1791021345,2026-10-03T17:55:45,docker.peer0.org2.example.com.blk_write_bytes,3610000.0
1791021345,2026-10-03T17:55:45,docker.orderer.example.com.cpu_pct,0.05
1791021345,2026-10-03T17:55:45,docker.orderer.example.com.mem_bytes,20541603.84
1791021345,2026-10-03T17:55:45,docker.orderer.example.com.blk_read_bytes,31400000.0
1791021345,2026-10-03T17:55:45,docker.orderer.example.com.blk_write_bytes,262000.0
1791021345,2026-10-03T17:55:45,wsl.MemTotal_kb,24608408
1791021345,2026-10-03T17:55:45,wsl.MemAvailable_kb,22584708
1791021345,2026-10-03T17:55:45,wsl.SwapTotal_kb,0
1791021345,2026-10-03T17:55:45,wsl.SwapFree_kb,0
1791021345,2026-10-03T17:55:45,wsl.Dirty_kb,954000
1791021345,2026-10-03T17:55:45,wsl.load1,8.99
1791021345,2026-10-03T17:55:45,wsl.load5,3.55
1791021345,2026-10-03T17:55:45,host.c_free_bytes,49315774464
1791021345,2026-10-03T17:55:45,host.q_free_bytes,421445345280
1791021345,2026-10-03T17:55:45,host.docker_vhdx_bytes,15592325120
1791021345,2026-10-03T17:55:45,host.ubuntu_vhdx_bytes,212983611392
1791021345,2026-10-03T17:55:45,win.Processor(_Total)\% Processor Time,91.777274
1791021345,2026-10-03T17:55:45,win.Memory\Available MBytes,20315.0
1791021345,2026-10-03T17:55:45,win.PhysicalDisk(0 C:)\% Disk Time,0.786623
1791021345,2026-10-03T17:55:45,win.PhysicalDisk(1 Q:)\% Disk Time,0.055203
1791021345,2026-10-03T17:55:45,win.PhysicalDisk(_Total)\% Disk Time,0.420914
1791021345,2026-10-03T17:55:45,win.PhysicalDisk(0 C:)\Current Disk Queue Length,0.0
1791021345,2026-10-03T17:55:45,win.PhysicalDisk(1 Q:)\Current Disk Queue Length,0.0
1791021345,2026-10-03T17:55:45,win.PhysicalDisk(_Total)\Current Disk Queue Length,0.0
1791021345,2026-10-03T17:55:45,win.Process(vmmemWSL)\% Processor Time,1409.119658
1791021355,2026-10-03T17:55:55,docker.dev-peer0.org1.example.com-saksi-bulletin_1.0-ee3fe73bad456e43adfc5ba27d9e5a60983b69e8496140308fb21061ecb2ff85.cpu_pct,0.0
1791021355,2026-10-03T17:55:55,docker.dev-peer0.org1.example.com-saksi-bulletin_1.0-ee3fe73bad456e43adfc5ba27d9e5a60983b69e8496140308fb21061ecb2ff85.mem_bytes,7745830.912
1791021355,2026-10-03T17:55:55,docker.dev-peer0.org1.example.com-saksi-bulletin_1.0-ee3fe73bad456e43adfc5ba27d9e5a60983b69e8496140308fb21061ecb2ff85.blk_read_bytes,0.0
1791021355,2026-10-03T17:55:55,docker.dev-peer0.org1.example.com-saksi-bulletin_1.0-ee3fe73bad456e43adfc5ba27d9e5a60983b69e8496140308fb21061ecb2ff85.blk_write_bytes,0.0
1791021355,2026-10-03T17:55:55,docker.dev-peer0.org2.example.com-saksi-bulletin_1.0-ee3fe73bad456e43adfc5ba27d9e5a60983b69e8496140308fb21061ecb2ff85.cpu_pct,0.0
1791021355,2026-10-03T17:55:55,docker.dev-peer0.org2.example.com-saksi-bulletin_1.0-ee3fe73bad456e43adfc5ba27d9e5a60983b69e8496140308fb21061ecb2ff85.mem_bytes,8240758.784
1791021355,2026-10-03T17:55:55,docker.dev-peer0.org2.example.com-saksi-bulletin_1.0-ee3fe73bad456e43adfc5ba27d9e5a60983b69e8496140308fb21061ecb2ff85.blk_read_bytes,0.0
1791021355,2026-10-03T17:55:55,docker.dev-peer0.org2.example.com-saksi-bulletin_1.0-ee3fe73bad456e43adfc5ba27d9e5a60983b69e8496140308fb21061ecb2ff85.blk_write_bytes,0.0
1791021355,2026-10-03T17:55:55,docker.peer0.org1.example.com.cpu_pct,1.08
1791021355,2026-10-03T17:55:55,docker.peer0.org1.example.com.mem_bytes,159802982.4
1791021355,2026-10-03T17:55:55,docker.peer0.org1.example.com.blk_read_bytes,3760000.0
1791021355,2026-10-03T17:55:55,docker.peer0.org1.example.com.blk_write_bytes,4960000.0
1791021355,2026-10-03T17:55:55,docker.peer0.org2.example.com.cpu_pct,1.01
1791021355,2026-10-03T17:55:55,docker.peer0.org2.example.com.mem_bytes,164416716.8
1791021355,2026-10-03T17:55:55,docker.peer0.org2.example.com.blk_read_bytes,545000.0
1791021355,2026-10-03T17:55:55,docker.peer0.org2.example.com.blk_write_bytes,3610000.0
1791021355,2026-10-03T17:55:55,docker.orderer.example.com.cpu_pct,0.04
1791021355,2026-10-03T17:55:55,docker.orderer.example.com.mem_bytes,20027801.6
1791021355,2026-10-03T17:55:55,docker.orderer.example.com.blk_read_bytes,31400000.0
1791021355,2026-10-03T17:55:55,docker.orderer.example.com.blk_write_bytes,262000.0
1791021355,2026-10-03T17:55:55,wsl.MemTotal_kb,24608408
1791021355,2026-10-03T17:55:55,wsl.MemAvailable_kb,22582424
1791021355,2026-10-03T17:55:55,wsl.SwapTotal_kb,0
1791021355,2026-10-03T17:55:55,wsl.SwapFree_kb,0
1791021355,2026-10-03T17:55:55,wsl.Dirty_kb,1184124
1791021355,2026-10-03T17:55:55,wsl.load1,10.07
1791021355,2026-10-03T17:55:55,wsl.load5,3.96
1791021355,2026-10-03T17:55:55,host.c_free_bytes,49315971072
1791021355,2026-10-03T17:55:55,host.q_free_bytes,421445345280
1791021355,2026-10-03T17:55:55,host.docker_vhdx_bytes,15592325120
1791021355,2026-10-03T17:55:55,host.ubuntu_vhdx_bytes,212983611392
1791021355,2026-10-03T17:55:55,win.Processor(_Total)\% Processor Time,92.603828
1791021355,2026-10-03T17:55:55,win.Memory\Available MBytes,20209.0
1791021355,2026-10-03T17:55:55,win.PhysicalDisk(0 C:)\% Disk Time,0.276154
1791021355,2026-10-03T17:55:55,win.PhysicalDisk(1 Q:)\% Disk Time,0.0
1791021355,2026-10-03T17:55:55,win.PhysicalDisk(_Total)\% Disk Time,0.138077
1791021355,2026-10-03T17:55:55,win.PhysicalDisk(0 C:)\Current Disk Queue Length,0.0
1791021355,2026-10-03T17:55:55,win.PhysicalDisk(1 Q:)\Current Disk Queue Length,0.0
1791021355,2026-10-03T17:55:55,win.PhysicalDisk(_Total)\Current Disk Queue Length,0.0
1791021355,2026-10-03T17:55:55,win.Process(vmmemWSL)\% Processor Time,1415.537512
1791021365,2026-10-03T17:56:05,docker.dev-peer0.org1.example.com-saksi-bulletin_1.0-ee3fe73bad456e43adfc5ba27d9e5a60983b69e8496140308fb21061ecb2ff85.cpu_pct,0.0
1791021365,2026-10-03T17:56:05,docker.dev-peer0.org1.example.com-saksi-bulletin_1.0-ee3fe73bad456e43adfc5ba27d9e5a60983b69e8496140308fb21061ecb2ff85.mem_bytes,7745830.912
1791021365,2026-10-03T17:56:05,docker.dev-peer0.org1.example.com-saksi-bulletin_1.0-ee3fe73bad456e43adfc5ba27d9e5a60983b69e8496140308fb21061ecb2ff85.blk_read_bytes,0.0
1791021365,2026-10-03T17:56:05,docker.dev-peer0.org1.example.com-saksi-bulletin_1.0-ee3fe73bad456e43adfc5ba27d9e5a60983b69e8496140308fb21061ecb2ff85.blk_write_bytes,0.0
1791021365,2026-10-03T17:56:05,docker.dev-peer0.org2.example.com-saksi-bulletin_1.0-ee3fe73bad456e43adfc5ba27d9e5a60983b69e8496140308fb21061ecb2ff85.cpu_pct,0.0
1791021365,2026-10-03T17:56:05,docker.dev-peer0.org2.example.com-saksi-bulletin_1.0-ee3fe73bad456e43adfc5ba27d9e5a60983b69e8496140308fb21061ecb2ff85.mem_bytes,8240758.784
1791021365,2026-10-03T17:56:05,docker.dev-peer0.org2.example.com-saksi-bulletin_1.0-ee3fe73bad456e43adfc5ba27d9e5a60983b69e8496140308fb21061ecb2ff85.blk_read_bytes,0.0
1791021365,2026-10-03T17:56:05,docker.dev-peer0.org2.example.com-saksi-bulletin_1.0-ee3fe73bad456e43adfc5ba27d9e5a60983b69e8496140308fb21061ecb2ff85.blk_write_bytes,0.0
1791021365,2026-10-03T17:56:05,docker.peer0.org1.example.com.cpu_pct,0.98
1791021365,2026-10-03T17:56:05,docker.peer0.org1.example.com.mem_bytes,159383552.0
1791021365,2026-10-03T17:56:05,docker.peer0.org1.example.com.blk_read_bytes,3760000.0
1791021365,2026-10-03T17:56:05,docker.peer0.org1.example.com.blk_write_bytes,4960000.0
1791021365,2026-10-03T17:56:05,docker.peer0.org2.example.com.cpu_pct,0.93
1791021365,2026-10-03T17:56:05,docker.peer0.org2.example.com.mem_bytes,164731289.6
1791021365,2026-10-03T17:56:05,docker.peer0.org2.example.com.blk_read_bytes,545000.0
1791021365,2026-10-03T17:56:05,docker.peer0.org2.example.com.blk_write_bytes,3610000.0
1791021365,2026-10-03T17:56:05,docker.orderer.example.com.cpu_pct,0.03
1791021365,2026-10-03T17:56:05,docker.orderer.example.com.mem_bytes,19524485.12
1791021365,2026-10-03T17:56:05,docker.orderer.example.com.blk_read_bytes,31400000.0
1791021365,2026-10-03T17:56:05,docker.orderer.example.com.blk_write_bytes,262000.0
1791021365,2026-10-03T17:56:05,wsl.MemTotal_kb,24608408
1791021365,2026-10-03T17:56:05,wsl.MemAvailable_kb,22579060
1791021365,2026-10-03T17:56:05,wsl.SwapTotal_kb,0
1791021365,2026-10-03T17:56:05,wsl.SwapFree_kb,0
1791021365,2026-10-03T17:56:05,wsl.Dirty_kb,163696
1791021365,2026-10-03T17:56:05,wsl.load1,11.21
1791021365,2026-10-03T17:56:05,wsl.load5,4.41
1791021365,2026-10-03T17:56:05,host.c_free_bytes,49315315712
1791021365,2026-10-03T17:56:05,host.q_free_bytes,421445345280
1791021365,2026-10-03T17:56:05,host.docker_vhdx_bytes,15592325120
1791021365,2026-10-03T17:56:05,host.ubuntu_vhdx_bytes,212983611392
1791021365,2026-10-03T17:56:05,win.Processor(_Total)\% Processor Time,94.032206
1791021365,2026-10-03T17:56:05,win.Memory\Available MBytes,19973.0
1791021365,2026-10-03T17:56:05,win.PhysicalDisk(0 C:)\% Disk Time,0.209763
1791021365,2026-10-03T17:56:05,win.PhysicalDisk(1 Q:)\% Disk Time,0.062169
1791021365,2026-10-03T17:56:05,win.PhysicalDisk(_Total)\% Disk Time,0.135965
1791021365,2026-10-03T17:56:05,win.PhysicalDisk(0 C:)\Current Disk Queue Length,0.0
1791021365,2026-10-03T17:56:05,win.PhysicalDisk(1 Q:)\Current Disk Queue Length,0.0
1791021365,2026-10-03T17:56:05,win.PhysicalDisk(_Total)\Current Disk Queue Length,0.0
1791021365,2026-10-03T17:56:05,win.Process(vmmemWSL)\% Processor Time,1433.050726
1791021375,2026-10-03T17:56:15,docker.dev-peer0.org1.example.com-saksi-bulletin_1.0-ee3fe73bad456e43adfc5ba27d9e5a60983b69e8496140308fb21061ecb2ff85.cpu_pct,0.0
1791021375,2026-10-03T17:56:15,docker.dev-peer0.org1.example.com-saksi-bulletin_1.0-ee3fe73bad456e43adfc5ba27d9e5a60983b69e8496140308fb21061ecb2ff85.mem_bytes,7745830.912
1791021375,2026-10-03T17:56:15,docker.dev-peer0.org1.example.com-saksi-bulletin_1.0-ee3fe73bad456e43adfc5ba27d9e5a60983b69e8496140308fb21061ecb2ff85.blk_read_bytes,0.0
1791021375,2026-10-03T17:56:15,docker.dev-peer0.org1.example.com-saksi-bulletin_1.0-ee3fe73bad456e43adfc5ba27d9e5a60983b69e8496140308fb21061ecb2ff85.blk_write_bytes,0.0
1791021375,2026-10-03T17:56:15,docker.dev-peer0.org2.example.com-saksi-bulletin_1.0-ee3fe73bad456e43adfc5ba27d9e5a60983b69e8496140308fb21061ecb2ff85.cpu_pct,0.0
1791021375,2026-10-03T17:56:15,docker.dev-peer0.org2.example.com-saksi-bulletin_1.0-ee3fe73bad456e43adfc5ba27d9e5a60983b69e8496140308fb21061ecb2ff85.mem_bytes,8240758.784
1791021375,2026-10-03T17:56:15,docker.dev-peer0.org2.example.com-saksi-bulletin_1.0-ee3fe73bad456e43adfc5ba27d9e5a60983b69e8496140308fb21061ecb2ff85.blk_read_bytes,0.0
1791021375,2026-10-03T17:56:15,docker.dev-peer0.org2.example.com-saksi-bulletin_1.0-ee3fe73bad456e43adfc5ba27d9e5a60983b69e8496140308fb21061ecb2ff85.blk_write_bytes,0.0
1791021375,2026-10-03T17:56:15,docker.peer0.org1.example.com.cpu_pct,1.03
1791021375,2026-10-03T17:56:15,docker.peer0.org1.example.com.mem_bytes,159488409.6
1791021375,2026-10-03T17:56:15,docker.peer0.org1.example.com.blk_read_bytes,3760000.0
1791021375,2026-10-03T17:56:15,docker.peer0.org1.example.com.blk_write_bytes,4960000.0
1791021375,2026-10-03T17:56:15,docker.peer0.org2.example.com.cpu_pct,1.19
1791021375,2026-10-03T17:56:15,docker.peer0.org2.example.com.mem_bytes,165045862.4
1791021375,2026-10-03T17:56:15,docker.peer0.org2.example.com.blk_read_bytes,545000.0
1791021375,2026-10-03T17:56:15,docker.peer0.org2.example.com.blk_write_bytes,3610000.0
1791021375,2026-10-03T17:56:15,docker.orderer.example.com.cpu_pct,0.03
1791021375,2026-10-03T17:56:15,docker.orderer.example.com.mem_bytes,19524485.12
1791021375,2026-10-03T17:56:15,docker.orderer.example.com.blk_read_bytes,31400000.0
1791021375,2026-10-03T17:56:15,docker.orderer.example.com.blk_write_bytes,262000.0
1791021375,2026-10-03T17:56:15,wsl.MemTotal_kb,24608408
1791021375,2026-10-03T17:56:15,wsl.MemAvailable_kb,22576076
1791021375,2026-10-03T17:56:15,wsl.SwapTotal_kb,0
1791021375,2026-10-03T17:56:15,wsl.SwapFree_kb,0
1791021375,2026-10-03T17:56:15,wsl.Dirty_kb,336380
1791021375,2026-10-03T17:56:15,wsl.load1,11.95
1791021375,2026-10-03T17:56:15,wsl.load5,4.79
1791021375,2026-10-03T17:56:15,host.c_free_bytes,49316102144
1791021375,2026-10-03T17:56:15,host.q_free_bytes,421445345280
1791021375,2026-10-03T17:56:15,host.docker_vhdx_bytes,15592325120
1791021375,2026-10-03T17:56:15,host.ubuntu_vhdx_bytes,212983611392
1791021375,2026-10-03T17:56:15,win.Processor(_Total)\% Processor Time,90.691774
1791021375,2026-10-03T17:56:15,win.Memory\Available MBytes,19757.0
1791021375,2026-10-03T17:56:15,win.PhysicalDisk(0 C:)\% Disk Time,626.085275
1791021375,2026-10-03T17:56:15,win.PhysicalDisk(1 Q:)\% Disk Time,0.0
1791021375,2026-10-03T17:56:15,win.PhysicalDisk(_Total)\% Disk Time,313.042638
1791021375,2026-10-03T17:56:15,win.PhysicalDisk(0 C:)\Current Disk Queue Length,0.0
1791021375,2026-10-03T17:56:15,win.PhysicalDisk(1 Q:)\Current Disk Queue Length,0.0
1791021375,2026-10-03T17:56:15,win.PhysicalDisk(_Total)\Current Disk Queue Length,0.0
1791021375,2026-10-03T17:56:15,win.Process(vmmemWSL)\% Processor Time,1377.851548
1791021385,2026-10-03T17:56:25,docker.dev-peer0.org1.example.com-saksi-bulletin_1.0-ee3fe73bad456e43adfc5ba27d9e5a60983b69e8496140308fb21061ecb2ff85.cpu_pct,0.0
1791021385,2026-10-03T17:56:25,docker.dev-peer0.org1.example.com-saksi-bulletin_1.0-ee3fe73bad456e43adfc5ba27d9e5a60983b69e8496140308fb21061ecb2ff85.mem_bytes,7729053.696
1791021385,2026-10-03T17:56:25,docker.dev-peer0.org1.example.com-saksi-bulletin_1.0-ee3fe73bad456e43adfc5ba27d9e5a60983b69e8496140308fb21061ecb2ff85.blk_read_bytes,0.0
1791021385,2026-10-03T17:56:25,docker.dev-peer0.org1.example.com-saksi-bulletin_1.0-ee3fe73bad456e43adfc5ba27d9e5a60983b69e8496140308fb21061ecb2ff85.blk_write_bytes,0.0
1791021385,2026-10-03T17:56:25,docker.dev-peer0.org2.example.com-saksi-bulletin_1.0-ee3fe73bad456e43adfc5ba27d9e5a60983b69e8496140308fb21061ecb2ff85.cpu_pct,0.0
1791021385,2026-10-03T17:56:25,docker.dev-peer0.org2.example.com-saksi-bulletin_1.0-ee3fe73bad456e43adfc5ba27d9e5a60983b69e8496140308fb21061ecb2ff85.mem_bytes,8240758.784
1791021385,2026-10-03T17:56:25,docker.dev-peer0.org2.example.com-saksi-bulletin_1.0-ee3fe73bad456e43adfc5ba27d9e5a60983b69e8496140308fb21061ecb2ff85.blk_read_bytes,0.0
1791021385,2026-10-03T17:56:25,docker.dev-peer0.org2.example.com-saksi-bulletin_1.0-ee3fe73bad456e43adfc5ba27d9e5a60983b69e8496140308fb21061ecb2ff85.blk_write_bytes,0.0
1791021385,2026-10-03T17:56:25,docker.peer0.org1.example.com.cpu_pct,1.04
1791021385,2026-10-03T17:56:25,docker.peer0.org1.example.com.mem_bytes,159488409.6
1791021385,2026-10-03T17:56:25,docker.peer0.org1.example.com.blk_read_bytes,3760000.0
1791021385,2026-10-03T17:56:25,docker.peer0.org1.example.com.blk_write_bytes,4960000.0
1791021385,2026-10-03T17:56:25,docker.peer0.org2.example.com.cpu_pct,0.96
1791021385,2026-10-03T17:56:25,docker.peer0.org2.example.com.mem_bytes,149422080.0
1791021385,2026-10-03T17:56:25,docker.peer0.org2.example.com.blk_read_bytes,545000.0
1791021385,2026-10-03T17:56:25,docker.peer0.org2.example.com.blk_write_bytes,3610000.0
1791021385,2026-10-03T17:56:25,docker.orderer.example.com.cpu_pct,0.03
1791021385,2026-10-03T17:56:25,docker.orderer.example.com.mem_bytes,19524485.12
1791021385,2026-10-03T17:56:25,docker.orderer.example.com.blk_read_bytes,31400000.0
1791021385,2026-10-03T17:56:25,docker.orderer.example.com.blk_write_bytes,262000.0
1791021385,2026-10-03T17:56:25,wsl.MemTotal_kb,24608408
1791021385,2026-10-03T17:56:25,wsl.MemAvailable_kb,22618084
1791021385,2026-10-03T17:56:25,wsl.SwapTotal_kb,0
1791021385,2026-10-03T17:56:25,wsl.SwapFree_kb,0
1791021385,2026-10-03T17:56:25,wsl.Dirty_kb,553492
1791021385,2026-10-03T17:56:25,wsl.load1,12.73
1791021385,2026-10-03T17:56:25,wsl.load5,5.19
1791021385,2026-10-03T17:56:25,host.c_free_bytes,49315708928
1791021385,2026-10-03T17:56:25,host.q_free_bytes,421445345280
1791021385,2026-10-03T17:56:25,host.docker_vhdx_bytes,15592325120
1791021385,2026-10-03T17:56:25,host.ubuntu_vhdx_bytes,212983611392
1791021385,2026-10-03T17:56:25,win.Processor(_Total)\% Processor Time,92.556117
1791021385,2026-10-03T17:56:25,win.Memory\Available MBytes,19524.0
1791021385,2026-10-03T17:56:25,win.PhysicalDisk(0 C:)\% Disk Time,0.167721
1791021385,2026-10-03T17:56:25,win.PhysicalDisk(1 Q:)\% Disk Time,0.0
1791021385,2026-10-03T17:56:25,win.PhysicalDisk(_Total)\% Disk Time,0.08386
1791021385,2026-10-03T17:56:25,win.PhysicalDisk(0 C:)\Current Disk Queue Length,0.0
1791021385,2026-10-03T17:56:25,win.PhysicalDisk(1 Q:)\Current Disk Queue Length,0.0
1791021385,2026-10-03T17:56:25,win.PhysicalDisk(_Total)\Current Disk Queue Length,0.0
1791021385,2026-10-03T17:56:25,win.Process(vmmemWSL)\% Processor Time,1397.06942
1791021395,2026-10-03T17:56:35,docker.dev-peer0.org1.example.com-saksi-bulletin_1.0-ee3fe73bad456e43adfc5ba27d9e5a60983b69e8496140308fb21061ecb2ff85.cpu_pct,0.0
1791021395,2026-10-03T17:56:35,docker.dev-peer0.org1.example.com-saksi-bulletin_1.0-ee3fe73bad456e43adfc5ba27d9e5a60983b69e8496140308fb21061ecb2ff85.mem_bytes,7729053.696
1791021395,2026-10-03T17:56:35,docker.dev-peer0.org1.example.com-saksi-bulletin_1.0-ee3fe73bad456e43adfc5ba27d9e5a60983b69e8496140308fb21061ecb2ff85.blk_read_bytes,0.0
1791021395,2026-10-03T17:56:35,docker.dev-peer0.org1.example.com-saksi-bulletin_1.0-ee3fe73bad456e43adfc5ba27d9e5a60983b69e8496140308fb21061ecb2ff85.blk_write_bytes,0.0
1791021395,2026-10-03T17:56:35,docker.dev-peer0.org2.example.com-saksi-bulletin_1.0-ee3fe73bad456e43adfc5ba27d9e5a60983b69e8496140308fb21061ecb2ff85.cpu_pct,0.0
1791021395,2026-10-03T17:56:35,docker.dev-peer0.org2.example.com-saksi-bulletin_1.0-ee3fe73bad456e43adfc5ba27d9e5a60983b69e8496140308fb21061ecb2ff85.mem_bytes,8240758.784
1791021395,2026-10-03T17:56:35,docker.dev-peer0.org2.example.com-saksi-bulletin_1.0-ee3fe73bad456e43adfc5ba27d9e5a60983b69e8496140308fb21061ecb2ff85.blk_read_bytes,0.0
1791021395,2026-10-03T17:56:35,docker.dev-peer0.org2.example.com-saksi-bulletin_1.0-ee3fe73bad456e43adfc5ba27d9e5a60983b69e8496140308fb21061ecb2ff85.blk_write_bytes,0.0
1791021395,2026-10-03T17:56:35,docker.peer0.org1.example.com.cpu_pct,1.0
1791021395,2026-10-03T17:56:35,docker.peer0.org1.example.com.mem_bytes,159488409.6
1791021395,2026-10-03T17:56:35,docker.peer0.org1.example.com.blk_read_bytes,3760000.0
1791021395,2026-10-03T17:56:35,docker.peer0.org1.example.com.blk_write_bytes,4960000.0
1791021395,2026-10-03T17:56:35,docker.peer0.org2.example.com.cpu_pct,1.06
1791021395,2026-10-03T17:56:35,docker.peer0.org2.example.com.mem_bytes,149526937.6
1791021395,2026-10-03T17:56:35,docker.peer0.org2.example.com.blk_read_bytes,545000.0
1791021395,2026-10-03T17:56:35,docker.peer0.org2.example.com.blk_write_bytes,3610000.0
1791021395,2026-10-03T17:56:35,docker.orderer.example.com.cpu_pct,0.03
1791021395,2026-10-03T17:56:35,docker.orderer.example.com.mem_bytes,19524485.12
1791021395,2026-10-03T17:56:35,docker.orderer.example.com.blk_read_bytes,31400000.0
1791021395,2026-10-03T17:56:35,docker.orderer.example.com.blk_write_bytes,262000.0
1791021395,2026-10-03T17:56:35,wsl.MemTotal_kb,24608408
1791021395,2026-10-03T17:56:35,wsl.MemAvailable_kb,22625732
1791021395,2026-10-03T17:56:35,wsl.SwapTotal_kb,0
1791021395,2026-10-03T17:56:35,wsl.SwapFree_kb,0
1791021395,2026-10-03T17:56:35,wsl.Dirty_kb,59992
1791021395,2026-10-03T17:56:35,wsl.load1,13.23
1791021395,2026-10-03T17:56:35,wsl.load5,5.55
1791021395,2026-10-03T17:56:35,host.c_free_bytes,49315344384
1791021395,2026-10-03T17:56:35,host.q_free_bytes,421445345280
1791021395,2026-10-03T17:56:35,host.docker_vhdx_bytes,15592325120
1791021395,2026-10-03T17:56:35,host.ubuntu_vhdx_bytes,212983611392
1791021395,2026-10-03T17:56:35,win.Processor(_Total)\% Processor Time,93.621975
1791021395,2026-10-03T17:56:35,win.Memory\Available MBytes,19322.0
1791021395,2026-10-03T17:56:35,win.PhysicalDisk(0 C:)\% Disk Time,0.136375
1791021395,2026-10-03T17:56:35,win.PhysicalDisk(1 Q:)\% Disk Time,0.0
1791021395,2026-10-03T17:56:35,win.PhysicalDisk(_Total)\% Disk Time,0.068188
1791021395,2026-10-03T17:56:35,win.PhysicalDisk(0 C:)\Current Disk Queue Length,0.0
1791021395,2026-10-03T17:56:35,win.PhysicalDisk(1 Q:)\Current Disk Queue Length,0.0
1791021395,2026-10-03T17:56:35,win.PhysicalDisk(_Total)\Current Disk Queue Length,0.0
1791021395,2026-10-03T17:56:35,win.Process(vmmemWSL)\% Processor Time,1423.060355
1791021405,2026-10-03T17:56:45,docker.dev-peer0.org1.example.com-saksi-bulletin_1.0-ee3fe73bad456e43adfc5ba27d9e5a60983b69e8496140308fb21061ecb2ff85.cpu_pct,0.0
1791021405,2026-10-03T17:56:45,docker.dev-peer0.org1.example.com-saksi-bulletin_1.0-ee3fe73bad456e43adfc5ba27d9e5a60983b69e8496140308fb21061ecb2ff85.mem_bytes,6979321.856
1791021405,2026-10-03T17:56:45,docker.dev-peer0.org1.example.com-saksi-bulletin_1.0-ee3fe73bad456e43adfc5ba27d9e5a60983b69e8496140308fb21061ecb2ff85.blk_read_bytes,0.0
1791021405,2026-10-03T17:56:45,docker.dev-peer0.org1.example.com-saksi-bulletin_1.0-ee3fe73bad456e43adfc5ba27d9e5a60983b69e8496140308fb21061ecb2ff85.blk_write_bytes,0.0
1791021405,2026-10-03T17:56:45,docker.dev-peer0.org2.example.com-saksi-bulletin_1.0-ee3fe73bad456e43adfc5ba27d9e5a60983b69e8496140308fb21061ecb2ff85.cpu_pct,0.0
1791021405,2026-10-03T17:56:45,docker.dev-peer0.org2.example.com-saksi-bulletin_1.0-ee3fe73bad456e43adfc5ba27d9e5a60983b69e8496140308fb21061ecb2ff85.mem_bytes,8777629.696
1791021405,2026-10-03T17:56:45,docker.dev-peer0.org2.example.com-saksi-bulletin_1.0-ee3fe73bad456e43adfc5ba27d9e5a60983b69e8496140308fb21061ecb2ff85.blk_read_bytes,0.0
1791021405,2026-10-03T17:56:45,docker.dev-peer0.org2.example.com-saksi-bulletin_1.0-ee3fe73bad456e43adfc5ba27d9e5a60983b69e8496140308fb21061ecb2ff85.blk_write_bytes,0.0
1791021405,2026-10-03T17:56:45,docker.peer0.org1.example.com.cpu_pct,1.02
1791021405,2026-10-03T17:56:45,docker.peer0.org1.example.com.mem_bytes,158754406.4
1791021405,2026-10-03T17:56:45,docker.peer0.org1.example.com.blk_read_bytes,3760000.0
1791021405,2026-10-03T17:56:45,docker.peer0.org1.example.com.blk_write_bytes,4960000.0
1791021405,2026-10-03T17:56:45,docker.peer0.org2.example.com.cpu_pct,0.95
1791021405,2026-10-03T17:56:45,docker.peer0.org2.example.com.mem_bytes,149526937.6
1791021405,2026-10-03T17:56:45,docker.peer0.org2.example.com.blk_read_bytes,545000.0
1791021405,2026-10-03T17:56:45,docker.peer0.org2.example.com.blk_write_bytes,3610000.0
1791021405,2026-10-03T17:56:45,docker.orderer.example.com.cpu_pct,0.03
1791021405,2026-10-03T17:56:45,docker.orderer.example.com.mem_bytes,19545456.64
1791021405,2026-10-03T17:56:45,docker.orderer.example.com.blk_read_bytes,31400000.0
1791021405,2026-10-03T17:56:45,docker.orderer.example.com.blk_write_bytes,262000.0
1791021405,2026-10-03T17:56:45,wsl.MemTotal_kb,24608408
1791021405,2026-10-03T17:56:45,wsl.MemAvailable_kb,22629104
1791021405,2026-10-03T17:56:45,wsl.SwapTotal_kb,0
1791021405,2026-10-03T17:56:45,wsl.SwapFree_kb,0
1791021405,2026-10-03T17:56:45,wsl.Dirty_kb,290356
1791021405,2026-10-03T17:56:45,wsl.load1,13.88
1791021405,2026-10-03T17:56:45,wsl.load5,5.94
1791021405,2026-10-03T17:56:45,host.c_free_bytes,49314816000
1791021405,2026-10-03T17:56:45,host.q_free_bytes,421445345280
1791021405,2026-10-03T17:56:45,host.docker_vhdx_bytes,15592325120
1791021405,2026-10-03T17:56:45,host.ubuntu_vhdx_bytes,212983611392
1791021405,2026-10-03T17:56:45,win.Processor(_Total)\% Processor Time,86.467382
1791021405,2026-10-03T17:56:45,win.Memory\Available MBytes,19142.0
1791021405,2026-10-03T17:56:45,win.PhysicalDisk(0 C:)\% Disk Time,128.251913
1791021405,2026-10-03T17:56:45,win.PhysicalDisk(1 Q:)\% Disk Time,0.0
1791021405,2026-10-03T17:56:45,win.PhysicalDisk(_Total)\% Disk Time,64.125956
1791021405,2026-10-03T17:56:45,win.PhysicalDisk(0 C:)\Current Disk Queue Length,0.0
1791021405,2026-10-03T17:56:45,win.PhysicalDisk(1 Q:)\Current Disk Queue Length,0.0
1791021405,2026-10-03T17:56:45,win.PhysicalDisk(_Total)\Current Disk Queue Length,0.0
1791021405,2026-10-03T17:56:45,win.Process(vmmemWSL)\% Processor Time,1319.254717
1791021415,2026-10-03T17:56:55,docker.dev-peer0.org1.example.com-saksi-bulletin_1.0-ee3fe73bad456e43adfc5ba27d9e5a60983b69e8496140308fb21061ecb2ff85.cpu_pct,0.0
1791021415,2026-10-03T17:56:55,docker.dev-peer0.org1.example.com-saksi-bulletin_1.0-ee3fe73bad456e43adfc5ba27d9e5a60983b69e8496140308fb21061ecb2ff85.mem_bytes,6979321.856
1791021415,2026-10-03T17:56:55,docker.dev-peer0.org1.example.com-saksi-bulletin_1.0-ee3fe73bad456e43adfc5ba27d9e5a60983b69e8496140308fb21061ecb2ff85.blk_read_bytes,0.0
1791021415,2026-10-03T17:56:55,docker.dev-peer0.org1.example.com-saksi-bulletin_1.0-ee3fe73bad456e43adfc5ba27d9e5a60983b69e8496140308fb21061ecb2ff85.blk_write_bytes,0.0
1791021415,2026-10-03T17:56:55,docker.dev-peer0.org2.example.com-saksi-bulletin_1.0-ee3fe73bad456e43adfc5ba27d9e5a60983b69e8496140308fb21061ecb2ff85.cpu_pct,0.0
1791021415,2026-10-03T17:56:55,docker.dev-peer0.org2.example.com-saksi-bulletin_1.0-ee3fe73bad456e43adfc5ba27d9e5a60983b69e8496140308fb21061ecb2ff85.mem_bytes,8515485.696
1791021415,2026-10-03T17:56:55,docker.dev-peer0.org2.example.com-saksi-bulletin_1.0-ee3fe73bad456e43adfc5ba27d9e5a60983b69e8496140308fb21061ecb2ff85.blk_read_bytes,0.0
1791021415,2026-10-03T17:56:55,docker.dev-peer0.org2.example.com-saksi-bulletin_1.0-ee3fe73bad456e43adfc5ba27d9e5a60983b69e8496140308fb21061ecb2ff85.blk_write_bytes,0.0
1791021415,2026-10-03T17:56:55,docker.peer0.org1.example.com.cpu_pct,0.98
1791021415,2026-10-03T17:56:55,docker.peer0.org1.example.com.mem_bytes,158230118.4
1791021415,2026-10-03T17:56:55,docker.peer0.org1.example.com.blk_read_bytes,3760000.0
1791021415,2026-10-03T17:56:55,docker.peer0.org1.example.com.blk_write_bytes,4960000.0
1791021415,2026-10-03T17:56:55,docker.peer0.org2.example.com.cpu_pct,1.05
1791021415,2026-10-03T17:56:55,docker.peer0.org2.example.com.mem_bytes,149526937.6
1791021415,2026-10-03T17:56:55,docker.peer0.org2.example.com.blk_read_bytes,545000.0
1791021415,2026-10-03T17:56:55,docker.peer0.org2.example.com.blk_write_bytes,3610000.0
1791021415,2026-10-03T17:56:55,docker.orderer.example.com.cpu_pct,0.03
1791021415,2026-10-03T17:56:55,docker.orderer.example.com.mem_bytes,19293798.4
1791021415,2026-10-03T17:56:55,docker.orderer.example.com.blk_read_bytes,31400000.0
1791021415,2026-10-03T17:56:55,docker.orderer.example.com.blk_write_bytes,262000.0
1791021415,2026-10-03T17:56:55,wsl.MemTotal_kb,24608408
1791021415,2026-10-03T17:56:55,wsl.MemAvailable_kb,22641988
1791021415,2026-10-03T17:56:55,wsl.SwapTotal_kb,0
1791021415,2026-10-03T17:56:55,wsl.SwapFree_kb,0
1791021415,2026-10-03T17:56:55,wsl.Dirty_kb,462684
1791021415,2026-10-03T17:56:55,wsl.load1,14.21
1791021415,2026-10-03T17:56:55,wsl.load5,6.27
1791021415,2026-10-03T17:56:55,host.c_free_bytes,49314484224
1791021415,2026-10-03T17:56:55,host.q_free_bytes,421445345280
1791021415,2026-10-03T17:56:55,host.docker_vhdx_bytes,15592325120
1791021415,2026-10-03T17:56:55,host.ubuntu_vhdx_bytes,212983611392
1791021415,2026-10-03T17:56:55,win.Processor(_Total)\% Processor Time,93.532787
1791021415,2026-10-03T17:56:55,win.Memory\Available MBytes,18962.0
1791021415,2026-10-03T17:56:55,win.PhysicalDisk(0 C:)\% Disk Time,0.151786
1791021415,2026-10-03T17:56:55,win.PhysicalDisk(1 Q:)\% Disk Time,0.0
1791021415,2026-10-03T17:56:55,win.PhysicalDisk(_Total)\% Disk Time,0.075893
1791021415,2026-10-03T17:56:55,win.PhysicalDisk(0 C:)\Current Disk Queue Length,0.0
1791021415,2026-10-03T17:56:55,win.PhysicalDisk(1 Q:)\Current Disk Queue Length,0.0
1791021415,2026-10-03T17:56:55,win.PhysicalDisk(_Total)\Current Disk Queue Length,0.0
1791021415,2026-10-03T17:56:55,win.Process(vmmemWSL)\% Processor Time,1425.089075
1791021425,2026-10-03T17:57:05,docker.dev-peer0.org1.example.com-saksi-bulletin_1.0-ee3fe73bad456e43adfc5ba27d9e5a60983b69e8496140308fb21061ecb2ff85.cpu_pct,0.0
1791021425,2026-10-03T17:57:05,docker.dev-peer0.org1.example.com-saksi-bulletin_1.0-ee3fe73bad456e43adfc5ba27d9e5a60983b69e8496140308fb21061ecb2ff85.mem_bytes,6979321.856
1791021425,2026-10-03T17:57:05,docker.dev-peer0.org1.example.com-saksi-bulletin_1.0-ee3fe73bad456e43adfc5ba27d9e5a60983b69e8496140308fb21061ecb2ff85.blk_read_bytes,0.0
1791021425,2026-10-03T17:57:05,docker.dev-peer0.org1.example.com-saksi-bulletin_1.0-ee3fe73bad456e43adfc5ba27d9e5a60983b69e8496140308fb21061ecb2ff85.blk_write_bytes,0.0
1791021425,2026-10-03T17:57:05,docker.dev-peer0.org2.example.com-saksi-bulletin_1.0-ee3fe73bad456e43adfc5ba27d9e5a60983b69e8496140308fb21061ecb2ff85.cpu_pct,0.0
1791021425,2026-10-03T17:57:05,docker.dev-peer0.org2.example.com-saksi-bulletin_1.0-ee3fe73bad456e43adfc5ba27d9e5a60983b69e8496140308fb21061ecb2ff85.mem_bytes,7679770.624
1791021425,2026-10-03T17:57:05,docker.dev-peer0.org2.example.com-saksi-bulletin_1.0-ee3fe73bad456e43adfc5ba27d9e5a60983b69e8496140308fb21061ecb2ff85.blk_read_bytes,0.0
1791021425,2026-10-03T17:57:05,docker.dev-peer0.org2.example.com-saksi-bulletin_1.0-ee3fe73bad456e43adfc5ba27d9e5a60983b69e8496140308fb21061ecb2ff85.blk_write_bytes,0.0
1791021425,2026-10-03T17:57:05,docker.peer0.org1.example.com.cpu_pct,1.03
1791021425,2026-10-03T17:57:05,docker.peer0.org1.example.com.mem_bytes,158230118.4
1791021425,2026-10-03T17:57:05,docker.peer0.org1.example.com.blk_read_bytes,3760000.0
1791021425,2026-10-03T17:57:05,docker.peer0.org1.example.com.blk_write_bytes,4960000.0
1791021425,2026-10-03T17:57:05,docker.peer0.org2.example.com.cpu_pct,0.96
1791021425,2026-10-03T17:57:05,docker.peer0.org2.example.com.mem_bytes,149736652.8
1791021425,2026-10-03T17:57:05,docker.peer0.org2.example.com.blk_read_bytes,545000.0
1791021425,2026-10-03T17:57:05,docker.peer0.org2.example.com.blk_write_bytes,3610000.0
1791021425,2026-10-03T17:57:05,docker.orderer.example.com.cpu_pct,0.03
1791021425,2026-10-03T17:57:05,docker.orderer.example.com.mem_bytes,19293798.4
1791021425,2026-10-03T17:57:05,docker.orderer.example.com.blk_read_bytes,31400000.0
1791021425,2026-10-03T17:57:05,docker.orderer.example.com.blk_write_bytes,262000.0
1791021425,2026-10-03T17:57:05,wsl.MemTotal_kb,24608408
1791021425,2026-10-03T17:57:05,wsl.MemAvailable_kb,22636600
1791021425,2026-10-03T17:57:05,wsl.SwapTotal_kb,0
1791021425,2026-10-03T17:57:05,wsl.SwapFree_kb,0
1791021425,2026-10-03T17:57:05,wsl.Dirty_kb,57632
1791021425,2026-10-03T17:57:05,wsl.load1,14.48
1791021425,2026-10-03T17:57:05,wsl.load5,6.59
1791021425,2026-10-03T17:57:05,host.c_free_bytes,49316167680
1791021425,2026-10-03T17:57:05,host.q_free_bytes,421445345280
1791021425,2026-10-03T17:57:05,host.docker_vhdx_bytes,15592325120
1791021425,2026-10-03T17:57:05,host.ubuntu_vhdx_bytes,212983611392
1791021425,2026-10-03T17:57:05,win.Processor(_Total)\% Processor Time,92.025352
1791021425,2026-10-03T17:57:05,win.Memory\Available MBytes,18725.0
1791021425,2026-10-03T17:57:05,win.PhysicalDisk(0 C:)\% Disk Time,0.148642
1791021425,2026-10-03T17:57:05,win.PhysicalDisk(1 Q:)\% Disk Time,0.0
1791021425,2026-10-03T17:57:05,win.PhysicalDisk(_Total)\% Disk Time,0.074321
1791021425,2026-10-03T17:57:05,win.PhysicalDisk(0 C:)\Current Disk Queue Length,0.0
1791021425,2026-10-03T17:57:05,win.PhysicalDisk(1 Q:)\Current Disk Queue Length,0.0
1791021425,2026-10-03T17:57:05,win.PhysicalDisk(_Total)\Current Disk Queue Length,0.0
1791021425,2026-10-03T17:57:05,win.Process(vmmemWSL)\% Processor Time,1412.117236
1791021435,2026-10-03T17:57:15,docker.dev-peer0.org1.example.com-saksi-bulletin_1.0-ee3fe73bad456e43adfc5ba27d9e5a60983b69e8496140308fb21061ecb2ff85.cpu_pct,0.0
1791021435,2026-10-03T17:57:15,docker.dev-peer0.org1.example.com-saksi-bulletin_1.0-ee3fe73bad456e43adfc5ba27d9e5a60983b69e8496140308fb21061ecb2ff85.mem_bytes,6979321.856
1791021435,2026-10-03T17:57:15,docker.dev-peer0.org1.example.com-saksi-bulletin_1.0-ee3fe73bad456e43adfc5ba27d9e5a60983b69e8496140308fb21061ecb2ff85.blk_read_bytes,0.0
1791021435,2026-10-03T17:57:15,docker.dev-peer0.org1.example.com-saksi-bulletin_1.0-ee3fe73bad456e43adfc5ba27d9e5a60983b69e8496140308fb21061ecb2ff85.blk_write_bytes,0.0
1791021435,2026-10-03T17:57:15,docker.dev-peer0.org2.example.com-saksi-bulletin_1.0-ee3fe73bad456e43adfc5ba27d9e5a60983b69e8496140308fb21061ecb2ff85.cpu_pct,0.0
1791021435,2026-10-03T17:57:15,docker.dev-peer0.org2.example.com-saksi-bulletin_1.0-ee3fe73bad456e43adfc5ba27d9e5a60983b69e8496140308fb21061ecb2ff85.mem_bytes,7679770.624
1791021435,2026-10-03T17:57:15,docker.dev-peer0.org2.example.com-saksi-bulletin_1.0-ee3fe73bad456e43adfc5ba27d9e5a60983b69e8496140308fb21061ecb2ff85.blk_read_bytes,0.0
1791021435,2026-10-03T17:57:15,docker.dev-peer0.org2.example.com-saksi-bulletin_1.0-ee3fe73bad456e43adfc5ba27d9e5a60983b69e8496140308fb21061ecb2ff85.blk_write_bytes,0.0
1791021435,2026-10-03T17:57:15,docker.peer0.org1.example.com.cpu_pct,1.01
1791021435,2026-10-03T17:57:15,docker.peer0.org1.example.com.mem_bytes,158544691.2
1791021435,2026-10-03T17:57:15,docker.peer0.org1.example.com.blk_read_bytes,3760000.0
1791021435,2026-10-03T17:57:15,docker.peer0.org1.example.com.blk_write_bytes,4960000.0
1791021435,2026-10-03T17:57:15,docker.peer0.org2.example.com.cpu_pct,1.35
1791021435,2026-10-03T17:57:15,docker.peer0.org2.example.com.mem_bytes,149736652.8
1791021435,2026-10-03T17:57:15,docker.peer0.org2.example.com.blk_read_bytes,545000.0
1791021435,2026-10-03T17:57:15,docker.peer0.org2.example.com.blk_write_bytes,3610000.0
1791021435,2026-10-03T17:57:15,docker.orderer.example.com.cpu_pct,0.03
1791021435,2026-10-03T17:57:15,docker.orderer.example.com.mem_bytes,19293798.4
1791021435,2026-10-03T17:57:15,docker.orderer.example.com.blk_read_bytes,31400000.0
1791021435,2026-10-03T17:57:15,docker.orderer.example.com.blk_write_bytes,262000.0
1791021435,2026-10-03T17:57:15,wsl.MemTotal_kb,24608408
1791021435,2026-10-03T17:57:15,wsl.MemAvailable_kb,22638192
1791021435,2026-10-03T17:57:15,wsl.SwapTotal_kb,0
1791021435,2026-10-03T17:57:15,wsl.SwapFree_kb,0
1791021435,2026-10-03T17:57:15,wsl.Dirty_kb,287808
1791021435,2026-10-03T17:57:15,wsl.load1,14.72
1791021435,2026-10-03T17:57:15,wsl.load5,6.9
1791021435,2026-10-03T17:57:15,host.c_free_bytes,49315774464
1791021435,2026-10-03T17:57:15,host.q_free_bytes,421445345280
1791021435,2026-10-03T17:57:15,host.docker_vhdx_bytes,15592325120
1791021435,2026-10-03T17:57:15,host.ubuntu_vhdx_bytes,212983611392
1791021435,2026-10-03T17:57:15,win.Processor(_Total)\% Processor Time,92.017952
1791021435,2026-10-03T17:57:15,win.Memory\Available MBytes,18567.0
1791021435,2026-10-03T17:57:15,win.PhysicalDisk(0 C:)\% Disk Time,197.446434
1791021435,2026-10-03T17:57:15,win.PhysicalDisk(1 Q:)\% Disk Time,0.0
1791021435,2026-10-03T17:57:15,win.PhysicalDisk(_Total)\% Disk Time,98.723217
1791021435,2026-10-03T17:57:15,win.PhysicalDisk(0 C:)\Current Disk Queue Length,0.0
1791021435,2026-10-03T17:57:15,win.PhysicalDisk(1 Q:)\Current Disk Queue Length,0.0
1791021435,2026-10-03T17:57:15,win.PhysicalDisk(_Total)\Current Disk Queue Length,0.0
1791021435,2026-10-03T17:57:15,win.Process(vmmemWSL)\% Processor Time,1398.126855
1791021445,2026-10-03T17:57:25,docker.dev-peer0.org1.example.com-saksi-bulletin_1.0-ee3fe73bad456e43adfc5ba27d9e5a60983b69e8496140308fb21061ecb2ff85.cpu_pct,0.0
1791021445,2026-10-03T17:57:25,docker.dev-peer0.org1.example.com-saksi-bulletin_1.0-ee3fe73bad456e43adfc5ba27d9e5a60983b69e8496140308fb21061ecb2ff85.mem_bytes,6979321.856
1791021445,2026-10-03T17:57:25,docker.dev-peer0.org1.example.com-saksi-bulletin_1.0-ee3fe73bad456e43adfc5ba27d9e5a60983b69e8496140308fb21061ecb2ff85.blk_read_bytes,0.0
1791021445,2026-10-03T17:57:25,docker.dev-peer0.org1.example.com-saksi-bulletin_1.0-ee3fe73bad456e43adfc5ba27d9e5a60983b69e8496140308fb21061ecb2ff85.blk_write_bytes,0.0
1791021445,2026-10-03T17:57:25,docker.dev-peer0.org2.example.com-saksi-bulletin_1.0-ee3fe73bad456e43adfc5ba27d9e5a60983b69e8496140308fb21061ecb2ff85.cpu_pct,0.0
1791021445,2026-10-03T17:57:25,docker.dev-peer0.org2.example.com-saksi-bulletin_1.0-ee3fe73bad456e43adfc5ba27d9e5a60983b69e8496140308fb21061ecb2ff85.mem_bytes,7540310.016
1791021445,2026-10-03T17:57:25,docker.dev-peer0.org2.example.com-saksi-bulletin_1.0-ee3fe73bad456e43adfc5ba27d9e5a60983b69e8496140308fb21061ecb2ff85.blk_read_bytes,0.0
1791021445,2026-10-03T17:57:25,docker.dev-peer0.org2.example.com-saksi-bulletin_1.0-ee3fe73bad456e43adfc5ba27d9e5a60983b69e8496140308fb21061ecb2ff85.blk_write_bytes,0.0
1791021445,2026-10-03T17:57:25,docker.peer0.org1.example.com.cpu_pct,0.99
1791021445,2026-10-03T17:57:25,docker.peer0.org1.example.com.mem_bytes,158754406.4
1791021445,2026-10-03T17:57:25,docker.peer0.org1.example.com.blk_read_bytes,3760000.0
1791021445,2026-10-03T17:57:25,docker.peer0.org1.example.com.blk_write_bytes,4960000.0
1791021445,2026-10-03T17:57:25,docker.peer0.org2.example.com.cpu_pct,1.09
1791021445,2026-10-03T17:57:25,docker.peer0.org2.example.com.mem_bytes,149736652.8
1791021445,2026-10-03T17:57:25,docker.peer0.org2.example.com.blk_read_bytes,545000.0
1791021445,2026-10-03T17:57:25,docker.peer0.org2.example.com.blk_write_bytes,3610000.0
1791021445,2026-10-03T17:57:25,docker.orderer.example.com.cpu_pct,0.03
1791021445,2026-10-03T17:57:25,docker.orderer.example.com.mem_bytes,19293798.4
1791021445,2026-10-03T17:57:25,docker.orderer.example.com.blk_read_bytes,31400000.0
1791021445,2026-10-03T17:57:25,docker.orderer.example.com.blk_write_bytes,262000.0
1791021445,2026-10-03T17:57:25,wsl.MemTotal_kb,24608408
1791021445,2026-10-03T17:57:25,wsl.MemAvailable_kb,22654940
1791021445,2026-10-03T17:57:25,wsl.SwapTotal_kb,0
1791021445,2026-10-03T17:57:25,wsl.SwapFree_kb,0
1791021445,2026-10-03T17:57:25,wsl.Dirty_kb,460416
1791021445,2026-10-03T17:57:25,wsl.load1,13.71
1791021445,2026-10-03T17:57:25,wsl.load5,6.95
1791021445,2026-10-03T17:57:25,host.c_free_bytes,49315532800
1791021445,2026-10-03T17:57:25,host.q_free_bytes,421445345280
1791021445,2026-10-03T17:57:25,host.docker_vhdx_bytes,15592325120
1791021445,2026-10-03T17:57:25,host.ubuntu_vhdx_bytes,212983611392
1791021445,2026-10-03T17:57:25,win.Processor(_Total)\% Processor Time,93.737495
1791021445,2026-10-03T17:57:25,win.Memory\Available MBytes,18424.0
1791021445,2026-10-03T17:57:25,win.PhysicalDisk(0 C:)\% Disk Time,0.17954
1791021445,2026-10-03T17:57:25,win.PhysicalDisk(1 Q:)\% Disk Time,0.0
1791021445,2026-10-03T17:57:25,win.PhysicalDisk(_Total)\% Disk Time,0.089769
1791021445,2026-10-03T17:57:25,win.PhysicalDisk(0 C:)\Current Disk Queue Length,0.0
1791021445,2026-10-03T17:57:25,win.PhysicalDisk(1 Q:)\Current Disk Queue Length,0.0
1791021445,2026-10-03T17:57:25,win.PhysicalDisk(_Total)\Current Disk Queue Length,0.0
1791021445,2026-10-03T17:57:25,win.Process(vmmemWSL)\% Processor Time,1436.357301
1791021455,2026-10-03T17:57:35,docker.dev-peer0.org1.example.com-saksi-bulletin_1.0-ee3fe73bad456e43adfc5ba27d9e5a60983b69e8496140308fb21061ecb2ff85.cpu_pct,0.0
1791021455,2026-10-03T17:57:35,docker.dev-peer0.org1.example.com-saksi-bulletin_1.0-ee3fe73bad456e43adfc5ba27d9e5a60983b69e8496140308fb21061ecb2ff85.mem_bytes,6979321.856
1791021455,2026-10-03T17:57:35,docker.dev-peer0.org1.example.com-saksi-bulletin_1.0-ee3fe73bad456e43adfc5ba27d9e5a60983b69e8496140308fb21061ecb2ff85.blk_read_bytes,0.0
1791021455,2026-10-03T17:57:35,docker.dev-peer0.org1.example.com-saksi-bulletin_1.0-ee3fe73bad456e43adfc5ba27d9e5a60983b69e8496140308fb21061ecb2ff85.blk_write_bytes,0.0
1791021455,2026-10-03T17:57:35,docker.dev-peer0.org2.example.com-saksi-bulletin_1.0-ee3fe73bad456e43adfc5ba27d9e5a60983b69e8496140308fb21061ecb2ff85.cpu_pct,0.0
1791021455,2026-10-03T17:57:35,docker.dev-peer0.org2.example.com-saksi-bulletin_1.0-ee3fe73bad456e43adfc5ba27d9e5a60983b69e8496140308fb21061ecb2ff85.mem_bytes,7540310.016
1791021455,2026-10-03T17:57:35,docker.dev-peer0.org2.example.com-saksi-bulletin_1.0-ee3fe73bad456e43adfc5ba27d9e5a60983b69e8496140308fb21061ecb2ff85.blk_read_bytes,0.0
1791021455,2026-10-03T17:57:35,docker.dev-peer0.org2.example.com-saksi-bulletin_1.0-ee3fe73bad456e43adfc5ba27d9e5a60983b69e8496140308fb21061ecb2ff85.blk_write_bytes,0.0
1791021455,2026-10-03T17:57:35,docker.peer0.org1.example.com.cpu_pct,0.97
1791021455,2026-10-03T17:57:35,docker.peer0.org1.example.com.mem_bytes,158964121.6
1791021455,2026-10-03T17:57:35,docker.peer0.org1.example.com.blk_read_bytes,3760000.0
1791021455,2026-10-03T17:57:35,docker.peer0.org1.example.com.blk_write_bytes,4960000.0
1791021455,2026-10-03T17:57:35,docker.peer0.org2.example.com.cpu_pct,0.93
1791021455,2026-10-03T17:57:35,docker.peer0.org2.example.com.mem_bytes,150470656.0
1791021455,2026-10-03T17:57:35,docker.peer0.org2.example.com.blk_read_bytes,545000.0
1791021455,2026-10-03T17:57:35,docker.peer0.org2.example.com.blk_write_bytes,3610000.0
1791021455,2026-10-03T17:57:35,docker.orderer.example.com.cpu_pct,0.03
1791021455,2026-10-03T17:57:35,docker.orderer.example.com.mem_bytes,19293798.4
1791021455,2026-10-03T17:57:35,docker.orderer.example.com.blk_read_bytes,31400000.0
1791021455,2026-10-03T17:57:35,docker.orderer.example.com.blk_write_bytes,262000.0
1791021455,2026-10-03T17:57:35,wsl.MemTotal_kb,24608408
1791021455,2026-10-03T17:57:35,wsl.MemAvailable_kb,22650228
1791021455,2026-10-03T17:57:35,wsl.SwapTotal_kb,0
1791021455,2026-10-03T17:57:35,wsl.SwapFree_kb,0
1791021455,2026-10-03T17:57:35,wsl.Dirty_kb,690672
1791021455,2026-10-03T17:57:35,wsl.load1,14.06
1791021455,2026-10-03T17:57:35,wsl.load5,7.25
1791021455,2026-10-03T17:57:35,host.c_free_bytes,49315074048
1791021455,2026-10-03T17:57:35,host.q_free_bytes,421445345280
1791021455,2026-10-03T17:57:35,host.docker_vhdx_bytes,15592325120
1791021455,2026-10-03T17:57:35,host.ubuntu_vhdx_bytes,212983611392
1791021455,2026-10-03T17:57:35,win.Processor(_Total)\% Processor Time,91.850003
1791021455,2026-10-03T17:57:35,win.Memory\Available MBytes,18193.0
1791021455,2026-10-03T17:57:35,win.PhysicalDisk(0 C:)\% Disk Time,0.139096
1791021455,2026-10-03T17:57:35,win.PhysicalDisk(1 Q:)\% Disk Time,0.0
1791021455,2026-10-03T17:57:35,win.PhysicalDisk(_Total)\% Disk Time,0.069548
1791021455,2026-10-03T17:57:35,win.PhysicalDisk(0 C:)\Current Disk Queue Length,0.0
1791021455,2026-10-03T17:57:35,win.PhysicalDisk(1 Q:)\Current Disk Queue Length,0.0
1791021455,2026-10-03T17:57:35,win.PhysicalDisk(_Total)\Current Disk Queue Length,0.0
1791021455,2026-10-03T17:57:35,win.Process(vmmemWSL)\% Processor Time,1409.130721
1791021465,2026-10-03T17:57:45,docker.dev-peer0.org1.example.com-saksi-bulletin_1.0-ee3fe73bad456e43adfc5ba27d9e5a60983b69e8496140308fb21061ecb2ff85.cpu_pct,0.0
1791021465,2026-10-03T17:57:45,docker.dev-peer0.org1.example.com-saksi-bulletin_1.0-ee3fe73bad456e43adfc5ba27d9e5a60983b69e8496140308fb21061ecb2ff85.mem_bytes,6979321.856
1791021465,2026-10-03T17:57:45,docker.dev-peer0.org1.example.com-saksi-bulletin_1.0-ee3fe73bad456e43adfc5ba27d9e5a60983b69e8496140308fb21061ecb2ff85.blk_read_bytes,0.0
1791021465,2026-10-03T17:57:45,docker.dev-peer0.org1.example.com-saksi-bulletin_1.0-ee3fe73bad456e43adfc5ba27d9e5a60983b69e8496140308fb21061ecb2ff85.blk_write_bytes,0.0
1791021465,2026-10-03T17:57:45,docker.dev-peer0.org2.example.com-saksi-bulletin_1.0-ee3fe73bad456e43adfc5ba27d9e5a60983b69e8496140308fb21061ecb2ff85.cpu_pct,0.0
1791021465,2026-10-03T17:57:45,docker.dev-peer0.org2.example.com-saksi-bulletin_1.0-ee3fe73bad456e43adfc5ba27d9e5a60983b69e8496140308fb21061ecb2ff85.mem_bytes,7540310.016
1791021465,2026-10-03T17:57:45,docker.dev-peer0.org2.example.com-saksi-bulletin_1.0-ee3fe73bad456e43adfc5ba27d9e5a60983b69e8496140308fb21061ecb2ff85.blk_read_bytes,0.0
1791021465,2026-10-03T17:57:45,docker.dev-peer0.org2.example.com-saksi-bulletin_1.0-ee3fe73bad456e43adfc5ba27d9e5a60983b69e8496140308fb21061ecb2ff85.blk_write_bytes,0.0
1791021465,2026-10-03T17:57:45,docker.peer0.org1.example.com.cpu_pct,0.97
1791021465,2026-10-03T17:57:45,docker.peer0.org1.example.com.mem_bytes,158964121.6
1791021465,2026-10-03T17:57:45,docker.peer0.org1.example.com.blk_read_bytes,3760000.0
1791021465,2026-10-03T17:57:45,docker.peer0.org1.example.com.blk_write_bytes,4960000.0
1791021465,2026-10-03T17:57:45,docker.peer0.org2.example.com.cpu_pct,1.17
1791021465,2026-10-03T17:57:45,docker.peer0.org2.example.com.mem_bytes,149946368.0
1791021465,2026-10-03T17:57:45,docker.peer0.org2.example.com.blk_read_bytes,545000.0
1791021465,2026-10-03T17:57:45,docker.peer0.org2.example.com.blk_write_bytes,3610000.0
1791021465,2026-10-03T17:57:45,docker.orderer.example.com.cpu_pct,0.03
1791021465,2026-10-03T17:57:45,docker.orderer.example.com.mem_bytes,17752391.68
1791021465,2026-10-03T17:57:45,docker.orderer.example.com.blk_read_bytes,31400000.0
1791021465,2026-10-03T17:57:45,docker.orderer.example.com.blk_write_bytes,262000.0
1791021465,2026-10-03T17:57:45,wsl.MemTotal_kb,24608408
1791021465,2026-10-03T17:57:45,wsl.MemAvailable_kb,22660948
1791021465,2026-10-03T17:57:45,wsl.SwapTotal_kb,0
1791021465,2026-10-03T17:57:45,wsl.SwapFree_kb,0
1791021465,2026-10-03T17:57:45,wsl.Dirty_kb,863336
1791021465,2026-10-03T17:57:45,wsl.load1,14.36
1791021465,2026-10-03T17:57:45,wsl.load5,7.54
1791021465,2026-10-03T17:57:45,host.c_free_bytes,49314811904
1791021465,2026-10-03T17:57:45,host.q_free_bytes,421445345280
1791021465,2026-10-03T17:57:45,host.docker_vhdx_bytes,15592325120
1791021465,2026-10-03T17:57:45,host.ubuntu_vhdx_bytes,212983611392
1791021465,2026-10-03T17:57:45,win.Processor(_Total)\% Processor Time,93.55854
1791021465,2026-10-03T17:57:45,win.Memory\Available MBytes,17965.0
1791021465,2026-10-03T17:57:45,win.PhysicalDisk(0 C:)\% Disk Time,0.168999
1791021465,2026-10-03T17:57:45,win.PhysicalDisk(1 Q:)\% Disk Time,0.187303
1791021465,2026-10-03T17:57:45,win.PhysicalDisk(_Total)\% Disk Time,0.178151
1791021465,2026-10-03T17:57:45,win.PhysicalDisk(0 C:)\Current Disk Queue Length,0.0
1791021465,2026-10-03T17:57:45,win.PhysicalDisk(1 Q:)\Current Disk Queue Length,0.0
1791021465,2026-10-03T17:57:45,win.PhysicalDisk(_Total)\Current Disk Queue Length,0.0
1791021465,2026-10-03T17:57:45,win.Process(vmmemWSL)\% Processor Time,1429.145057
1791021475,2026-10-03T17:57:55,docker.dev-peer0.org1.example.com-saksi-bulletin_1.0-ee3fe73bad456e43adfc5ba27d9e5a60983b69e8496140308fb21061ecb2ff85.cpu_pct,0.0
1791021475,2026-10-03T17:57:55,docker.dev-peer0.org1.example.com-saksi-bulletin_1.0-ee3fe73bad456e43adfc5ba27d9e5a60983b69e8496140308fb21061ecb2ff85.mem_bytes,6979321.856
1791021475,2026-10-03T17:57:55,docker.dev-peer0.org1.example.com-saksi-bulletin_1.0-ee3fe73bad456e43adfc5ba27d9e5a60983b69e8496140308fb21061ecb2ff85.blk_read_bytes,0.0
1791021475,2026-10-03T17:57:55,docker.dev-peer0.org1.example.com-saksi-bulletin_1.0-ee3fe73bad456e43adfc5ba27d9e5a60983b69e8496140308fb21061ecb2ff85.blk_write_bytes,0.0
1791021475,2026-10-03T17:57:55,docker.dev-peer0.org2.example.com-saksi-bulletin_1.0-ee3fe73bad456e43adfc5ba27d9e5a60983b69e8496140308fb21061ecb2ff85.cpu_pct,0.0
1791021475,2026-10-03T17:57:55,docker.dev-peer0.org2.example.com-saksi-bulletin_1.0-ee3fe73bad456e43adfc5ba27d9e5a60983b69e8496140308fb21061ecb2ff85.mem_bytes,7537164.288
1791021475,2026-10-03T17:57:55,docker.dev-peer0.org2.example.com-saksi-bulletin_1.0-ee3fe73bad456e43adfc5ba27d9e5a60983b69e8496140308fb21061ecb2ff85.blk_read_bytes,0.0
1791021475,2026-10-03T17:57:55,docker.dev-peer0.org2.example.com-saksi-bulletin_1.0-ee3fe73bad456e43adfc5ba27d9e5a60983b69e8496140308fb21061ecb2ff85.blk_write_bytes,0.0
1791021475,2026-10-03T17:57:55,docker.peer0.org1.example.com.cpu_pct,0.96
1791021475,2026-10-03T17:57:55,docker.peer0.org1.example.com.mem_bytes,51610910.72
1791021475,2026-10-03T17:57:55,docker.peer0.org1.example.com.blk_read_bytes,3760000.0
1791021475,2026-10-03T17:57:55,docker.peer0.org1.example.com.blk_write_bytes,4990000.0
1791021475,2026-10-03T17:57:55,docker.peer0.org2.example.com.cpu_pct,0.92
1791021475,2026-10-03T17:57:55,docker.peer0.org2.example.com.mem_bytes,150051225.6
1791021475,2026-10-03T17:57:55,docker.peer0.org2.example.com.blk_read_bytes,545000.0
1791021475,2026-10-03T17:57:55,docker.peer0.org2.example.com.blk_write_bytes,3610000.0
1791021475,2026-10-03T17:57:55,docker.orderer.example.com.cpu_pct,0.03
1791021475,2026-10-03T17:57:55,docker.orderer.example.com.mem_bytes,17752391.68
1791021475,2026-10-03T17:57:55,docker.orderer.example.com.blk_read_bytes,31400000.0
1791021475,2026-10-03T17:57:55,docker.orderer.example.com.blk_write_bytes,262000.0
1791021475,2026-10-03T17:57:55,wsl.MemTotal_kb,24608408
1791021475,2026-10-03T17:57:55,wsl.MemAvailable_kb,22703348
1791021475,2026-10-03T17:57:55,wsl.SwapTotal_kb,0
1791021475,2026-10-03T17:57:55,wsl.SwapFree_kb,0
1791021475,2026-10-03T17:57:55,wsl.Dirty_kb,561312
1791021475,2026-10-03T17:57:55,wsl.load1,16.06
1791021475,2026-10-03T17:57:55,wsl.load5,8.61
1791021475,2026-10-03T17:57:55,host.c_free_bytes,49315270656
1791021475,2026-10-03T17:57:55,host.q_free_bytes,421445345280
1791021475,2026-10-03T17:57:55,host.docker_vhdx_bytes,15592325120
1791021475,2026-10-03T17:57:55,host.ubuntu_vhdx_bytes,212983611392
1791021475,2026-10-03T17:57:55,win.Processor(_Total)\% Processor Time,72.53257
1791021475,2026-10-03T17:57:55,win.Memory\Available MBytes,17403.0
1791021475,2026-10-03T17:57:55,win.PhysicalDisk(0 C:)\% Disk Time,2399.344558
1791021475,2026-10-03T17:57:55,win.PhysicalDisk(1 Q:)\% Disk Time,0.064583
1791021475,2026-10-03T17:57:55,win.PhysicalDisk(_Total)\% Disk Time,1199.704571
1791021475,2026-10-03T17:57:55,win.PhysicalDisk(0 C:)\Current Disk Queue Length,27.0
1791021475,2026-10-03T17:57:55,win.PhysicalDisk(1 Q:)\Current Disk Queue Length,0.0
1791021475,2026-10-03T17:57:55,win.PhysicalDisk(_Total)\Current Disk Queue Length,27.0
1791021475,2026-10-03T17:57:55,win.Process(vmmemWSL)\% Processor Time,1111.191256
1791021499,2026-10-03T17:58:18,docker.dev-peer0.org1.example.com-saksi-bulletin_1.0-ee3fe73bad456e43adfc5ba27d9e5a60983b69e8496140308fb21061ecb2ff85.cpu_pct,0.0
1791021499,2026-10-03T17:58:18,docker.dev-peer0.org1.example.com-saksi-bulletin_1.0-ee3fe73bad456e43adfc5ba27d9e5a60983b69e8496140308fb21061ecb2ff85.mem_bytes,6787432.448
1791021499,2026-10-03T17:58:18,docker.dev-peer0.org1.example.com-saksi-bulletin_1.0-ee3fe73bad456e43adfc5ba27d9e5a60983b69e8496140308fb21061ecb2ff85.blk_read_bytes,0.0
1791021499,2026-10-03T17:58:18,docker.dev-peer0.org1.example.com-saksi-bulletin_1.0-ee3fe73bad456e43adfc5ba27d9e5a60983b69e8496140308fb21061ecb2ff85.blk_write_bytes,0.0
1791021499,2026-10-03T17:58:18,docker.dev-peer0.org2.example.com-saksi-bulletin_1.0-ee3fe73bad456e43adfc5ba27d9e5a60983b69e8496140308fb21061ecb2ff85.cpu_pct,0.0
1791021499,2026-10-03T17:58:18,docker.dev-peer0.org2.example.com-saksi-bulletin_1.0-ee3fe73bad456e43adfc5ba27d9e5a60983b69e8496140308fb21061ecb2ff85.mem_bytes,7286554.624
1791021499,2026-10-03T17:58:18,docker.dev-peer0.org2.example.com-saksi-bulletin_1.0-ee3fe73bad456e43adfc5ba27d9e5a60983b69e8496140308fb21061ecb2ff85.blk_read_bytes,0.0
1791021499,2026-10-03T17:58:18,docker.dev-peer0.org2.example.com-saksi-bulletin_1.0-ee3fe73bad456e43adfc5ba27d9e5a60983b69e8496140308fb21061ecb2ff85.blk_write_bytes,0.0
1791021499,2026-10-03T17:58:18,docker.peer0.org1.example.com.cpu_pct,1.07
1791021499,2026-10-03T17:58:18,docker.peer0.org1.example.com.mem_bytes,51904512.0
1791021499,2026-10-03T17:58:18,docker.peer0.org1.example.com.blk_read_bytes,3760000.0
1791021499,2026-10-03T17:58:18,docker.peer0.org1.example.com.blk_write_bytes,4990000.0
1791021499,2026-10-03T17:58:18,docker.peer0.org2.example.com.cpu_pct,1.1
1791021499,2026-10-03T17:58:18,docker.peer0.org2.example.com.mem_bytes,43987763.2
1791021499,2026-10-03T17:58:18,docker.peer0.org2.example.com.blk_read_bytes,545000.0
1791021499,2026-10-03T17:58:18,docker.peer0.org2.example.com.blk_write_bytes,3610000.0
1791021499,2026-10-03T17:58:18,docker.orderer.example.com.cpu_pct,0.04
1791021499,2026-10-03T17:58:18,docker.orderer.example.com.mem_bytes,17752391.68
1791021499,2026-10-03T17:58:18,docker.orderer.example.com.blk_read_bytes,31400000.0
1791021499,2026-10-03T17:58:18,docker.orderer.example.com.blk_write_bytes,262000.0
1791021499,2026-10-03T17:58:18,host.c_free_bytes,49315987456
1791021499,2026-10-03T17:58:18,host.q_free_bytes,421445345280
1791021499,2026-10-03T17:58:18,host.docker_vhdx_bytes,15592325120
1791021499,2026-10-03T17:58:18,host.ubuntu_vhdx_bytes,212983611392
1791021499,2026-10-03T17:58:18,win.Processor(_Total)\% Processor Time,84.23664
1791021499,2026-10-03T17:58:18,win.Memory\Available MBytes,16726.0
1791021499,2026-10-03T17:58:18,win.PhysicalDisk(0 C:)\% Disk Time,1249.812122
1791021499,2026-10-03T17:58:18,win.PhysicalDisk(1 Q:)\% Disk Time,0.0
1791021499,2026-10-03T17:58:18,win.PhysicalDisk(_Total)\% Disk Time,624.906061
1791021499,2026-10-03T17:58:18,win.PhysicalDisk(0 C:)\Current Disk Queue Length,16.0
1791021499,2026-10-03T17:58:18,win.PhysicalDisk(1 Q:)\Current Disk Queue Length,0.0
1791021499,2026-10-03T17:58:18,win.PhysicalDisk(_Total)\Current Disk Queue Length,16.0
1791021499,2026-10-03T17:58:18,win.Process(vmmemWSL)\% Processor Time,1115.230894
1791021548,2026-10-03T17:59:08,docker.dev-peer0.org1.example.com-saksi-bulletin_1.0-ee3fe73bad456e43adfc5ba27d9e5a60983b69e8496140308fb21061ecb2ff85.cpu_pct,0.0
1791021548,2026-10-03T17:59:08,docker.dev-peer0.org1.example.com-saksi-bulletin_1.0-ee3fe73bad456e43adfc5ba27d9e5a60983b69e8496140308fb21061ecb2ff85.mem_bytes,7187988.48
1791021548,2026-10-03T17:59:08,docker.dev-peer0.org1.example.com-saksi-bulletin_1.0-ee3fe73bad456e43adfc5ba27d9e5a60983b69e8496140308fb21061ecb2ff85.blk_read_bytes,0.0
1791021548,2026-10-03T17:59:08,docker.dev-peer0.org1.example.com-saksi-bulletin_1.0-ee3fe73bad456e43adfc5ba27d9e5a60983b69e8496140308fb21061ecb2ff85.blk_write_bytes,0.0
1791021548,2026-10-03T17:59:08,docker.dev-peer0.org2.example.com-saksi-bulletin_1.0-ee3fe73bad456e43adfc5ba27d9e5a60983b69e8496140308fb21061ecb2ff85.cpu_pct,0.0
1791021548,2026-10-03T17:59:08,docker.dev-peer0.org2.example.com-saksi-bulletin_1.0-ee3fe73bad456e43adfc5ba27d9e5a60983b69e8496140308fb21061ecb2ff85.mem_bytes,7417626.624
1791021548,2026-10-03T17:59:08,docker.dev-peer0.org2.example.com-saksi-bulletin_1.0-ee3fe73bad456e43adfc5ba27d9e5a60983b69e8496140308fb21061ecb2ff85.blk_read_bytes,0.0
1791021548,2026-10-03T17:59:08,docker.dev-peer0.org2.example.com-saksi-bulletin_1.0-ee3fe73bad456e43adfc5ba27d9e5a60983b69e8496140308fb21061ecb2ff85.blk_write_bytes,0.0
1791021548,2026-10-03T17:59:08,docker.peer0.org1.example.com.cpu_pct,0.92
1791021548,2026-10-03T17:59:08,docker.peer0.org1.example.com.mem_bytes,52166656.0
1791021548,2026-10-03T17:59:08,docker.peer0.org1.example.com.blk_read_bytes,3760000.0
1791021548,2026-10-03T17:59:08,docker.peer0.org1.example.com.blk_write_bytes,4990000.0
1791021548,2026-10-03T17:59:08,docker.peer0.org2.example.com.cpu_pct,0.84
1791021548,2026-10-03T17:59:08,docker.peer0.org2.example.com.mem_bytes,44218449.92
1791021548,2026-10-03T17:59:08,docker.peer0.org2.example.com.blk_read_bytes,545000.0
1791021548,2026-10-03T17:59:08,docker.peer0.org2.example.com.blk_write_bytes,3610000.0
1791021548,2026-10-03T17:59:08,docker.orderer.example.com.cpu_pct,0.03
1791021548,2026-10-03T17:59:08,docker.orderer.example.com.mem_bytes,17752391.68
1791021548,2026-10-03T17:59:08,docker.orderer.example.com.blk_read_bytes,31400000.0
1791021548,2026-10-03T17:59:08,docker.orderer.example.com.blk_write_bytes,262000.0
1791021548,2026-10-03T17:59:08,wsl.MemTotal_kb,24608408
1791021548,2026-10-03T17:59:08,wsl.MemAvailable_kb,22779680
1791021548,2026-10-03T17:59:08,wsl.SwapTotal_kb,0
1791021548,2026-10-03T17:59:08,wsl.SwapFree_kb,0
1791021548,2026-10-03T17:59:08,wsl.Dirty_kb,501080
1791021548,2026-10-03T17:59:08,wsl.load1,13.03
1791021548,2026-10-03T17:59:08,wsl.load5,8.9
1791021548,2026-10-03T17:59:08,host.c_free_bytes,49315987456
1791021548,2026-10-03T17:59:08,host.q_free_bytes,421445345280
1791021548,2026-10-03T17:59:08,host.docker_vhdx_bytes,15592325120
1791021548,2026-10-03T17:59:08,host.ubuntu_vhdx_bytes,212983611392
1791021548,2026-10-03T17:59:08,win.Processor(_Total)\% Processor Time,84.23664
1791021548,2026-10-03T17:59:08,win.Memory\Available MBytes,16726.0
1791021548,2026-10-03T17:59:08,win.PhysicalDisk(0 C:)\% Disk Time,1249.812122
1791021548,2026-10-03T17:59:08,win.PhysicalDisk(1 Q:)\% Disk Time,0.0
1791021548,2026-10-03T17:59:08,win.PhysicalDisk(_Total)\% Disk Time,624.906061
1791021548,2026-10-03T17:59:08,win.PhysicalDisk(0 C:)\Current Disk Queue Length,16.0
1791021548,2026-10-03T17:59:08,win.PhysicalDisk(1 Q:)\Current Disk Queue Length,0.0
1791021548,2026-10-03T17:59:08,win.PhysicalDisk(_Total)\Current Disk Queue Length,16.0
1791021548,2026-10-03T17:59:08,win.Process(vmmemWSL)\% Processor Time,1115.230894
1791021558,2026-10-03T17:59:18,docker.dev-peer0.org1.example.com-saksi-bulletin_1.0-ee3fe73bad456e43adfc5ba27d9e5a60983b69e8496140308fb21061ecb2ff85.cpu_pct,0.0
1791021558,2026-10-03T17:59:18,docker.dev-peer0.org1.example.com-saksi-bulletin_1.0-ee3fe73bad456e43adfc5ba27d9e5a60983b69e8496140308fb21061ecb2ff85.mem_bytes,7187988.48
1791021558,2026-10-03T17:59:18,docker.dev-peer0.org1.example.com-saksi-bulletin_1.0-ee3fe73bad456e43adfc5ba27d9e5a60983b69e8496140308fb21061ecb2ff85.blk_read_bytes,0.0
1791021558,2026-10-03T17:59:18,docker.dev-peer0.org1.example.com-saksi-bulletin_1.0-ee3fe73bad456e43adfc5ba27d9e5a60983b69e8496140308fb21061ecb2ff85.blk_write_bytes,0.0
1791021558,2026-10-03T17:59:18,docker.dev-peer0.org2.example.com-saksi-bulletin_1.0-ee3fe73bad456e43adfc5ba27d9e5a60983b69e8496140308fb21061ecb2ff85.cpu_pct,0.0
1791021558,2026-10-03T17:59:18,docker.dev-peer0.org2.example.com-saksi-bulletin_1.0-ee3fe73bad456e43adfc5ba27d9e5a60983b69e8496140308fb21061ecb2ff85.mem_bytes,7159676.928
1791021558,2026-10-03T17:59:18,docker.dev-peer0.org2.example.com-saksi-bulletin_1.0-ee3fe73bad456e43adfc5ba27d9e5a60983b69e8496140308fb21061ecb2ff85.blk_read_bytes,0.0
1791021558,2026-10-03T17:59:18,docker.dev-peer0.org2.example.com-saksi-bulletin_1.0-ee3fe73bad456e43adfc5ba27d9e5a60983b69e8496140308fb21061ecb2ff85.blk_write_bytes,0.0
1791021558,2026-10-03T17:59:18,docker.peer0.org1.example.com.cpu_pct,1.1
1791021558,2026-10-03T17:59:18,docker.peer0.org1.example.com.mem_bytes,51694796.8
1791021558,2026-10-03T17:59:18,docker.peer0.org1.example.com.blk_read_bytes,3760000.0
1791021558,2026-10-03T17:59:18,docker.peer0.org1.example.com.blk_write_bytes,4990000.0
1791021558,2026-10-03T17:59:18,docker.peer0.org2.example.com.cpu_pct,1.2
1791021558,2026-10-03T17:59:18,docker.peer0.org2.example.com.mem_bytes,44218449.92
1791021558,2026-10-03T17:59:18,docker.peer0.org2.example.com.blk_read_bytes,545000.0
1791021558,2026-10-03T17:59:18,docker.peer0.org2.example.com.blk_write_bytes,3610000.0
1791021558,2026-10-03T17:59:18,docker.orderer.example.com.cpu_pct,0.03
1791021558,2026-10-03T17:59:18,docker.orderer.example.com.mem_bytes,17752391.68
1791021558,2026-10-03T17:59:18,docker.orderer.example.com.blk_read_bytes,31400000.0
1791021558,2026-10-03T17:59:18,docker.orderer.example.com.blk_write_bytes,262000.0
1791021558,2026-10-03T17:59:18,wsl.MemTotal_kb,24608408
1791021558,2026-10-03T17:59:18,wsl.MemAvailable_kb,22788076
1791021558,2026-10-03T17:59:18,wsl.SwapTotal_kb,0
1791021558,2026-10-03T17:59:18,wsl.SwapFree_kb,0
1791021558,2026-10-03T17:59:18,wsl.Dirty_kb,57660
1791021558,2026-10-03T17:59:18,wsl.load1,13.49
1791021558,2026-10-03T17:59:18,wsl.load5,9.13
1791021558,2026-10-03T17:59:18,host.c_free_bytes,49315725312
1791021558,2026-10-03T17:59:18,host.q_free_bytes,421445345280
1791021558,2026-10-03T17:59:18,host.docker_vhdx_bytes,15592325120
1791021558,2026-10-03T17:59:18,host.ubuntu_vhdx_bytes,212983611392
1791021558,2026-10-03T17:59:18,win.Processor(_Total)\% Processor Time,92.467517
1791021558,2026-10-03T17:59:18,win.Memory\Available MBytes,16434.0
1791021558,2026-10-03T17:59:18,win.PhysicalDisk(0 C:)\% Disk Time,1348.347846
1791021558,2026-10-03T17:59:18,win.PhysicalDisk(1 Q:)\% Disk Time,0.0
1791021558,2026-10-03T17:59:18,win.PhysicalDisk(_Total)\% Disk Time,674.173923
1791021558,2026-10-03T17:59:18,win.PhysicalDisk(0 C:)\Current Disk Queue Length,13.0
1791021558,2026-10-03T17:59:18,win.PhysicalDisk(1 Q:)\Current Disk Queue Length,0.0
1791021558,2026-10-03T17:59:18,win.PhysicalDisk(_Total)\Current Disk Queue Length,13.0
1791021558,2026-10-03T17:59:18,win.Process(vmmemWSL)\% Processor Time,1426.254338
1791021568,2026-10-03T17:59:28,docker.dev-peer0.org1.example.com-saksi-bulletin_1.0-ee3fe73bad456e43adfc5ba27d9e5a60983b69e8496140308fb21061ecb2ff85.cpu_pct,0.0
1791021568,2026-10-03T17:59:28,docker.dev-peer0.org1.example.com-saksi-bulletin_1.0-ee3fe73bad456e43adfc5ba27d9e5a60983b69e8496140308fb21061ecb2ff85.mem_bytes,7187988.48
1791021568,2026-10-03T17:59:28,docker.dev-peer0.org1.example.com-saksi-bulletin_1.0-ee3fe73bad456e43adfc5ba27d9e5a60983b69e8496140308fb21061ecb2ff85.blk_read_bytes,0.0
1791021568,2026-10-03T17:59:28,docker.dev-peer0.org1.example.com-saksi-bulletin_1.0-ee3fe73bad456e43adfc5ba27d9e5a60983b69e8496140308fb21061ecb2ff85.blk_write_bytes,0.0
1791021568,2026-10-03T17:59:28,docker.dev-peer0.org2.example.com-saksi-bulletin_1.0-ee3fe73bad456e43adfc5ba27d9e5a60983b69e8496140308fb21061ecb2ff85.cpu_pct,0.0
1791021568,2026-10-03T17:59:28,docker.dev-peer0.org2.example.com-saksi-bulletin_1.0-ee3fe73bad456e43adfc5ba27d9e5a60983b69e8496140308fb21061ecb2ff85.mem_bytes,7159676.928
1791021568,2026-10-03T17:59:28,docker.dev-peer0.org2.example.com-saksi-bulletin_1.0-ee3fe73bad456e43adfc5ba27d9e5a60983b69e8496140308fb21061ecb2ff85.blk_read_bytes,0.0
1791021568,2026-10-03T17:59:28,docker.dev-peer0.org2.example.com-saksi-bulletin_1.0-ee3fe73bad456e43adfc5ba27d9e5a60983b69e8496140308fb21061ecb2ff85.blk_write_bytes,0.0
1791021568,2026-10-03T17:59:28,docker.peer0.org1.example.com.cpu_pct,1.11
1791021568,2026-10-03T17:59:28,docker.peer0.org1.example.com.mem_bytes,51705282.56
1791021568,2026-10-03T17:59:28,docker.peer0.org1.example.com.blk_read_bytes,3760000.0
1791021568,2026-10-03T17:59:28,docker.peer0.org1.example.com.blk_write_bytes,4990000.0
1791021568,2026-10-03T17:59:28,docker.peer0.org2.example.com.cpu_pct,0.93
1791021568,2026-10-03T17:59:28,docker.peer0.org2.example.com.mem_bytes,44480593.92
1791021568,2026-10-03T17:59:28,docker.peer0.org2.example.com.blk_read_bytes,545000.0
1791021568,2026-10-03T17:59:28,docker.peer0.org2.example.com.blk_write_bytes,3610000.0
1791021568,2026-10-03T17:59:28,docker.orderer.example.com.cpu_pct,0.03
1791021568,2026-10-03T17:59:28,docker.orderer.example.com.mem_bytes,17741905.92
1791021568,2026-10-03T17:59:28,docker.orderer.example.com.blk_read_bytes,31400000.0
1791021568,2026-10-03T17:59:28,docker.orderer.example.com.blk_write_bytes,262000.0
1791021568,2026-10-03T17:59:28,wsl.MemTotal_kb,24608408
1791021568,2026-10-03T17:59:28,wsl.MemAvailable_kb,22797936
1791021568,2026-10-03T17:59:28,wsl.SwapTotal_kb,0
1791021568,2026-10-03T17:59:28,wsl.SwapFree_kb,0
1791021568,2026-10-03T17:59:28,wsl.Dirty_kb,288036
1791021568,2026-10-03T17:59:28,wsl.load1,13.87
1791021568,2026-10-03T17:59:28,wsl.load5,9.36
1791021568,2026-10-03T17:59:28,host.c_free_bytes,49315332096
1791021568,2026-10-03T17:59:28,host.q_free_bytes,421445345280
1791021568,2026-10-03T17:59:28,host.docker_vhdx_bytes,15592325120
1791021568,2026-10-03T17:59:28,host.ubuntu_vhdx_bytes,212983611392
1791021568,2026-10-03T17:59:28,win.Processor(_Total)\% Processor Time,92.100056
1791021568,2026-10-03T17:59:28,win.Memory\Available MBytes,15963.0
1791021568,2026-10-03T17:59:28,win.PhysicalDisk(0 C:)\% Disk Time,421.475202
1791021568,2026-10-03T17:59:28,win.PhysicalDisk(1 Q:)\% Disk Time,0.0
1791021568,2026-10-03T17:59:28,win.PhysicalDisk(_Total)\% Disk Time,210.7376
1791021568,2026-10-03T17:59:28,win.PhysicalDisk(0 C:)\Current Disk Queue Length,0.0
1791021568,2026-10-03T17:59:28,win.PhysicalDisk(1 Q:)\Current Disk Queue Length,0.0
1791021568,2026-10-03T17:59:28,win.PhysicalDisk(_Total)\Current Disk Queue Length,0.0
1791021568,2026-10-03T17:59:28,win.Process(vmmemWSL)\% Processor Time,1318.139646
1791021578,2026-10-03T17:59:38,docker.dev-peer0.org1.example.com-saksi-bulletin_1.0-ee3fe73bad456e43adfc5ba27d9e5a60983b69e8496140308fb21061ecb2ff85.cpu_pct,0.0
1791021578,2026-10-03T17:59:38,docker.dev-peer0.org1.example.com-saksi-bulletin_1.0-ee3fe73bad456e43adfc5ba27d9e5a60983b69e8496140308fb21061ecb2ff85.mem_bytes,7187988.48
1791021578,2026-10-03T17:59:38,docker.dev-peer0.org1.example.com-saksi-bulletin_1.0-ee3fe73bad456e43adfc5ba27d9e5a60983b69e8496140308fb21061ecb2ff85.blk_read_bytes,0.0
1791021578,2026-10-03T17:59:38,docker.dev-peer0.org1.example.com-saksi-bulletin_1.0-ee3fe73bad456e43adfc5ba27d9e5a60983b69e8496140308fb21061ecb2ff85.blk_write_bytes,0.0
1791021578,2026-10-03T17:59:38,docker.dev-peer0.org2.example.com-saksi-bulletin_1.0-ee3fe73bad456e43adfc5ba27d9e5a60983b69e8496140308fb21061ecb2ff85.cpu_pct,0.0
1791021578,2026-10-03T17:59:38,docker.dev-peer0.org2.example.com-saksi-bulletin_1.0-ee3fe73bad456e43adfc5ba27d9e5a60983b69e8496140308fb21061ecb2ff85.mem_bytes,7159676.928
1791021578,2026-10-03T17:59:38,docker.dev-peer0.org2.example.com-saksi-bulletin_1.0-ee3fe73bad456e43adfc5ba27d9e5a60983b69e8496140308fb21061ecb2ff85.blk_read_bytes,0.0
1791021578,2026-10-03T17:59:38,docker.dev-peer0.org2.example.com-saksi-bulletin_1.0-ee3fe73bad456e43adfc5ba27d9e5a60983b69e8496140308fb21061ecb2ff85.blk_write_bytes,0.0
1791021578,2026-10-03T17:59:38,docker.peer0.org1.example.com.cpu_pct,1.18
1791021578,2026-10-03T17:59:38,docker.peer0.org1.example.com.mem_bytes,51705282.56
1791021578,2026-10-03T17:59:38,docker.peer0.org1.example.com.blk_read_bytes,3760000.0
1791021578,2026-10-03T17:59:38,docker.peer0.org1.example.com.blk_write_bytes,4990000.0
1791021578,2026-10-03T17:59:38,docker.peer0.org2.example.com.cpu_pct,1.06
1791021578,2026-10-03T17:59:38,docker.peer0.org2.example.com.mem_bytes,44480593.92
1791021578,2026-10-03T17:59:38,docker.peer0.org2.example.com.blk_read_bytes,545000.0
1791021578,2026-10-03T17:59:38,docker.peer0.org2.example.com.blk_write_bytes,3610000.0
1791021578,2026-10-03T17:59:38,docker.orderer.example.com.cpu_pct,0.05
1791021578,2026-10-03T17:59:38,docker.orderer.example.com.mem_bytes,17741905.92
1791021578,2026-10-03T17:59:38,docker.orderer.example.com.blk_read_bytes,31400000.0
1791021578,2026-10-03T17:59:38,docker.orderer.example.com.blk_write_bytes,262000.0
1791021578,2026-10-03T17:59:38,wsl.MemTotal_kb,24608408
1791021578,2026-10-03T17:59:38,wsl.MemAvailable_kb,22813672
1791021578,2026-10-03T17:59:38,wsl.SwapTotal_kb,0
1791021578,2026-10-03T17:59:38,wsl.SwapFree_kb,0
1791021578,2026-10-03T17:59:38,wsl.Dirty_kb,492364
1791021578,2026-10-03T17:59:38,wsl.load1,14.35
1791021578,2026-10-03T17:59:38,wsl.load5,9.61
1791021578,2026-10-03T17:59:38,host.c_free_bytes,49315004416
1791021578,2026-10-03T17:59:38,host.q_free_bytes,421445345280
1791021578,2026-10-03T17:59:38,host.docker_vhdx_bytes,15592325120
1791021578,2026-10-03T17:59:38,host.ubuntu_vhdx_bytes,212983611392
1791021578,2026-10-03T17:59:38,win.Processor(_Total)\% Processor Time,93.721201
1791021578,2026-10-03T17:59:38,win.Memory\Available MBytes,15785.0
1791021578,2026-10-03T17:59:38,win.PhysicalDisk(0 C:)\% Disk Time,204.519182
1791021578,2026-10-03T17:59:38,win.PhysicalDisk(1 Q:)\% Disk Time,0.0
1791021578,2026-10-03T17:59:38,win.PhysicalDisk(_Total)\% Disk Time,102.259592
1791021578,2026-10-03T17:59:38,win.PhysicalDisk(0 C:)\Current Disk Queue Length,0.0
1791021578,2026-10-03T17:59:38,win.PhysicalDisk(1 Q:)\Current Disk Queue Length,0.0
1791021578,2026-10-03T17:59:38,win.PhysicalDisk(_Total)\Current Disk Queue Length,0.0
1791021578,2026-10-03T17:59:38,win.Process(vmmemWSL)\% Processor Time,1416.590818
1791021588,2026-10-03T17:59:48,docker.dev-peer0.org1.example.com-saksi-bulletin_1.0-ee3fe73bad456e43adfc5ba27d9e5a60983b69e8496140308fb21061ecb2ff85.cpu_pct,0.0
1791021588,2026-10-03T17:59:48,docker.dev-peer0.org1.example.com-saksi-bulletin_1.0-ee3fe73bad456e43adfc5ba27d9e5a60983b69e8496140308fb21061ecb2ff85.mem_bytes,7446986.752
1791021588,2026-10-03T17:59:48,docker.dev-peer0.org1.example.com-saksi-bulletin_1.0-ee3fe73bad456e43adfc5ba27d9e5a60983b69e8496140308fb21061ecb2ff85.blk_read_bytes,0.0
1791021588,2026-10-03T17:59:48,docker.dev-peer0.org1.example.com-saksi-bulletin_1.0-ee3fe73bad456e43adfc5ba27d9e5a60983b69e8496140308fb21061ecb2ff85.blk_write_bytes,0.0
1791021588,2026-10-03T17:59:48,docker.dev-peer0.org2.example.com-saksi-bulletin_1.0-ee3fe73bad456e43adfc5ba27d9e5a60983b69e8496140308fb21061ecb2ff85.cpu_pct,0.0
1791021588,2026-10-03T17:59:48,docker.dev-peer0.org2.example.com-saksi-bulletin_1.0-ee3fe73bad456e43adfc5ba27d9e5a60983b69e8496140308fb21061ecb2ff85.mem_bytes,7421820.928
1791021588,2026-10-03T17:59:48,docker.dev-peer0.org2.example.com-saksi-bulletin_1.0-ee3fe73bad456e43adfc5ba27d9e5a60983b69e8496140308fb21061ecb2ff85.blk_read_bytes,0.0
1791021588,2026-10-03T17:59:48,docker.dev-peer0.org2.example.com-saksi-bulletin_1.0-ee3fe73bad456e43adfc5ba27d9e5a60983b69e8496140308fb21061ecb2ff85.blk_write_bytes,0.0
1791021588,2026-10-03T17:59:48,docker.peer0.org1.example.com.cpu_pct,0.86
1791021588,2026-10-03T17:59:48,docker.peer0.org1.example.com.mem_bytes,52365885.44
1791021588,2026-10-03T17:59:48,docker.peer0.org1.example.com.blk_read_bytes,3760000.0
1791021588,2026-10-03T17:59:48,docker.peer0.org1.example.com.blk_write_bytes,4990000.0
1791021588,2026-10-03T17:59:48,docker.peer0.org2.example.com.cpu_pct,0.83
1791021588,2026-10-03T17:59:48,docker.peer0.org2.example.com.mem_bytes,44040192.0
1791021588,2026-10-03T17:59:48,docker.peer0.org2.example.com.blk_read_bytes,545000.0
1791021588,2026-10-03T17:59:48,docker.peer0.org2.example.com.blk_write_bytes,3610000.0
1791021588,2026-10-03T17:59:48,docker.orderer.example.com.cpu_pct,0.03
1791021588,2026-10-03T17:59:48,docker.orderer.example.com.mem_bytes,18192793.6
1791021588,2026-10-03T17:59:48,docker.orderer.example.com.blk_read_bytes,31400000.0
1791021588,2026-10-03T17:59:48,docker.orderer.example.com.blk_write_bytes,262000.0
1791021588,2026-10-03T17:59:48,wsl.MemTotal_kb,24608408
1791021588,2026-10-03T17:59:48,wsl.MemAvailable_kb,22822444
1791021588,2026-10-03T17:59:48,wsl.SwapTotal_kb,0
1791021588,2026-10-03T17:59:48,wsl.SwapFree_kb,0
1791021588,2026-10-03T17:59:48,wsl.Dirty_kb,690696
1791021588,2026-10-03T17:59:48,wsl.load1,14.6
1791021588,2026-10-03T17:59:48,wsl.load5,9.82
1791021588,2026-10-03T17:59:48,host.c_free_bytes,49315659776
1791021588,2026-10-03T17:59:48,host.q_free_bytes,421445345280
1791021588,2026-10-03T17:59:48,host.docker_vhdx_bytes,15592325120
1791021588,2026-10-03T17:59:48,host.ubuntu_vhdx_bytes,212983611392
1791021588,2026-10-03T17:59:48,win.Processor(_Total)\% Processor Time,91.809105
1791021588,2026-10-03T17:59:48,win.Memory\Available MBytes,15846.0
1791021588,2026-10-03T17:59:48,win.PhysicalDisk(0 C:)\% Disk Time,3.891028
1791021588,2026-10-03T17:59:48,win.PhysicalDisk(1 Q:)\% Disk Time,0.0
1791021588,2026-10-03T17:59:48,win.PhysicalDisk(_Total)\% Disk Time,1.945514
1791021588,2026-10-03T17:59:48,win.PhysicalDisk(0 C:)\Current Disk Queue Length,0.0
1791021588,2026-10-03T17:59:48,win.PhysicalDisk(1 Q:)\Current Disk Queue Length,0.0
1791021588,2026-10-03T17:59:48,win.PhysicalDisk(_Total)\Current Disk Queue Length,0.0
1791021588,2026-10-03T17:59:48,win.Process(vmmemWSL)\% Processor Time,1403.171409
1791021598,2026-10-03T17:59:58,docker.dev-peer0.org1.example.com-saksi-bulletin_1.0-ee3fe73bad456e43adfc5ba27d9e5a60983b69e8496140308fb21061ecb2ff85.cpu_pct,0.0
1791021598,2026-10-03T17:59:58,docker.dev-peer0.org1.example.com-saksi-bulletin_1.0-ee3fe73bad456e43adfc5ba27d9e5a60983b69e8496140308fb21061ecb2ff85.mem_bytes,7196377.088
1791021598,2026-10-03T17:59:58,docker.dev-peer0.org1.example.com-saksi-bulletin_1.0-ee3fe73bad456e43adfc5ba27d9e5a60983b69e8496140308fb21061ecb2ff85.blk_read_bytes,0.0
1791021598,2026-10-03T17:59:58,docker.dev-peer0.org1.example.com-saksi-bulletin_1.0-ee3fe73bad456e43adfc5ba27d9e5a60983b69e8496140308fb21061ecb2ff85.blk_write_bytes,0.0
1791021598,2026-10-03T17:59:58,docker.dev-peer0.org2.example.com-saksi-bulletin_1.0-ee3fe73bad456e43adfc5ba27d9e5a60983b69e8496140308fb21061ecb2ff85.cpu_pct,0.0
1791021598,2026-10-03T17:59:58,docker.dev-peer0.org2.example.com-saksi-bulletin_1.0-ee3fe73bad456e43adfc5ba27d9e5a60983b69e8496140308fb21061ecb2ff85.mem_bytes,7266631.68
1791021598,2026-10-03T17:59:58,docker.dev-peer0.org2.example.com-saksi-bulletin_1.0-ee3fe73bad456e43adfc5ba27d9e5a60983b69e8496140308fb21061ecb2ff85.blk_read_bytes,0.0
1791021598,2026-10-03T17:59:58,docker.dev-peer0.org2.example.com-saksi-bulletin_1.0-ee3fe73bad456e43adfc5ba27d9e5a60983b69e8496140308fb21061ecb2ff85.blk_write_bytes,0.0
1791021598,2026-10-03T17:59:58,docker.peer0.org1.example.com.cpu_pct,1.52
1791021598,2026-10-03T17:59:58,docker.peer0.org1.example.com.mem_bytes,52365885.44
1791021598,2026-10-03T17:59:58,docker.peer0.org1.example.com.blk_read_bytes,3760000.0
1791021598,2026-10-03T17:59:58,docker.peer0.org1.example.com.blk_write_bytes,4990000.0
1791021598,2026-10-03T17:59:58,docker.peer0.org2.example.com.cpu_pct,1.53
1791021598,2026-10-03T17:59:58,docker.peer0.org2.example.com.mem_bytes,44019220.48
1791021598,2026-10-03T17:59:58,docker.peer0.org2.example.com.blk_read_bytes,545000.0
1791021598,2026-10-03T17:59:58,docker.peer0.org2.example.com.blk_write_bytes,3610000.0
1791021598,2026-10-03T17:59:58,docker.orderer.example.com.cpu_pct,0.05
1791021598,2026-10-03T17:59:58,docker.orderer.example.com.mem_bytes,17941135.36
1791021598,2026-10-03T17:59:58,docker.orderer.example.com.blk_read_bytes,31400000.0
1791021598,2026-10-03T17:59:58,docker.orderer.example.com.blk_write_bytes,262000.0
1791021598,2026-10-03T17:59:58,wsl.MemTotal_kb,24608408
1791021598,2026-10-03T17:59:58,wsl.MemAvailable_kb,23060304
1791021598,2026-10-03T17:59:58,wsl.SwapTotal_kb,0
1791021598,2026-10-03T17:59:58,wsl.SwapFree_kb,0
1791021598,2026-10-03T17:59:58,wsl.Dirty_kb,1220100
1791021598,2026-10-03T17:59:58,wsl.load1,13.54
1791021598,2026-10-03T17:59:58,wsl.load5,9.76
1791021598,2026-10-03T17:59:58,host.c_free_bytes,49315127296
1791021598,2026-10-03T17:59:58,host.q_free_bytes,421445345280
1791021598,2026-10-03T17:59:58,host.docker_vhdx_bytes,15592325120
1791021598,2026-10-03T17:59:58,host.ubuntu_vhdx_bytes,212983611392
1791021598,2026-10-03T17:59:58,win.Processor(_Total)\% Processor Time,92.687522
1791021598,2026-10-03T17:59:58,win.Memory\Available MBytes,15702.0
1791021598,2026-10-03T17:59:58,win.PhysicalDisk(0 C:)\% Disk Time,2.765102
1791021598,2026-10-03T17:59:58,win.PhysicalDisk(1 Q:)\% Disk Time,0.0
1791021598,2026-10-03T17:59:58,win.PhysicalDisk(_Total)\% Disk Time,1.382552
1791021598,2026-10-03T17:59:58,win.PhysicalDisk(0 C:)\Current Disk Queue Length,0.0
1791021598,2026-10-03T17:59:58,win.PhysicalDisk(1 Q:)\Current Disk Queue Length,0.0
1791021598,2026-10-03T17:59:58,win.PhysicalDisk(_Total)\Current Disk Queue Length,0.0
1791021598,2026-10-03T17:59:58,win.Process(vmmemWSL)\% Processor Time,1397.131891
1791021608,2026-10-03T18:00:08,docker.dev-peer0.org1.example.com-saksi-bulletin_1.0-ee3fe73bad456e43adfc5ba27d9e5a60983b69e8496140308fb21061ecb2ff85.cpu_pct,0.0
1791021608,2026-10-03T18:00:08,docker.dev-peer0.org1.example.com-saksi-bulletin_1.0-ee3fe73bad456e43adfc5ba27d9e5a60983b69e8496140308fb21061ecb2ff85.mem_bytes,6934233.088
1791021608,2026-10-03T18:00:08,docker.dev-peer0.org1.example.com-saksi-bulletin_1.0-ee3fe73bad456e43adfc5ba27d9e5a60983b69e8496140308fb21061ecb2ff85.blk_read_bytes,0.0
1791021608,2026-10-03T18:00:08,docker.dev-peer0.org1.example.com-saksi-bulletin_1.0-ee3fe73bad456e43adfc5ba27d9e5a60983b69e8496140308fb21061ecb2ff85.blk_write_bytes,0.0
1791021608,2026-10-03T18:00:08,docker.dev-peer0.org2.example.com-saksi-bulletin_1.0-ee3fe73bad456e43adfc5ba27d9e5a60983b69e8496140308fb21061ecb2ff85.cpu_pct,0.0
1791021608,2026-10-03T18:00:08,docker.dev-peer0.org2.example.com-saksi-bulletin_1.0-ee3fe73bad456e43adfc5ba27d9e5a60983b69e8496140308fb21061ecb2ff85.mem_bytes,7008681.984
1791021608,2026-10-03T18:00:08,docker.dev-peer0.org2.example.com-saksi-bulletin_1.0-ee3fe73bad456e43adfc5ba27d9e5a60983b69e8496140308fb21061ecb2ff85.blk_read_bytes,0.0
1791021608,2026-10-03T18:00:08,docker.dev-peer0.org2.example.com-saksi-bulletin_1.0-ee3fe73bad456e43adfc5ba27d9e5a60983b69e8496140308fb21061ecb2ff85.blk_write_bytes,0.0
1791021608,2026-10-03T18:00:08,docker.peer0.org1.example.com.cpu_pct,1.19
1791021608,2026-10-03T18:00:08,docker.peer0.org1.example.com.mem_bytes,52376371.2
1791021608,2026-10-03T18:00:08,docker.peer0.org1.example.com.blk_read_bytes,3760000.0
1791021608,2026-10-03T18:00:08,docker.peer0.org1.example.com.blk_write_bytes,4990000.0
1791021608,2026-10-03T18:00:08,docker.peer0.org2.example.com.cpu_pct,1.25
1791021608,2026-10-03T18:00:08,docker.peer0.org2.example.com.mem_bytes,45078282.24
1791021608,2026-10-03T18:00:08,docker.peer0.org2.example.com.blk_read_bytes,545000.0
1791021608,2026-10-03T18:00:08,docker.peer0.org2.example.com.blk_write_bytes,3610000.0
1791021608,2026-10-03T18:00:08,docker.orderer.example.com.cpu_pct,0.05
1791021608,2026-10-03T18:00:08,docker.orderer.example.com.mem_bytes,18203279.36
1791021608,2026-10-03T18:00:08,docker.orderer.example.com.blk_read_bytes,31400000.0
1791021608,2026-10-03T18:00:08,docker.orderer.example.com.blk_write_bytes,262000.0
1791021608,2026-10-03T18:00:08,wsl.MemTotal_kb,24608408
1791021608,2026-10-03T18:00:08,wsl.MemAvailable_kb,23138680
1791021608,2026-10-03T18:00:08,wsl.SwapTotal_kb,0
1791021608,2026-10-03T18:00:08,wsl.SwapFree_kb,0
1791021608,2026-10-03T18:00:08,wsl.Dirty_kb,1142868
1791021608,2026-10-03T18:00:08,wsl.load1,11.45
1791021608,2026-10-03T18:00:08,wsl.load5,9.44
1791021608,2026-10-03T18:00:08,host.c_free_bytes,49315807232
1791021608,2026-10-03T18:00:08,host.q_free_bytes,421445345280
1791021608,2026-10-03T18:00:08,host.docker_vhdx_bytes,15592325120
1791021608,2026-10-03T18:00:08,host.ubuntu_vhdx_bytes,212983611392
1791021608,2026-10-03T18:00:08,win.Processor(_Total)\% Processor Time,91.941659
1791021608,2026-10-03T18:00:08,win.Memory\Available MBytes,15827.0
1791021608,2026-10-03T18:00:08,win.PhysicalDisk(0 C:)\% Disk Time,4.291543
1791021608,2026-10-03T18:00:08,win.PhysicalDisk(1 Q:)\% Disk Time,0.0
1791021608,2026-10-03T18:00:08,win.PhysicalDisk(_Total)\% Disk Time,2.145771
1791021608,2026-10-03T18:00:08,win.PhysicalDisk(0 C:)\Current Disk Queue Length,0.0
1791021608,2026-10-03T18:00:08,win.PhysicalDisk(1 Q:)\Current Disk Queue Length,0.0
1791021608,2026-10-03T18:00:08,win.PhysicalDisk(_Total)\Current Disk Queue Length,0.0
1791021608,2026-10-03T18:00:08,win.Process(vmmemWSL)\% Processor Time,1387.829519
1791021618,2026-10-03T18:00:18,docker.dev-peer0.org1.example.com-saksi-bulletin_1.0-ee3fe73bad456e43adfc5ba27d9e5a60983b69e8496140308fb21061ecb2ff85.cpu_pct,0.0
1791021618,2026-10-03T18:00:18,docker.dev-peer0.org1.example.com-saksi-bulletin_1.0-ee3fe73bad456e43adfc5ba27d9e5a60983b69e8496140308fb21061ecb2ff85.mem_bytes,6934233.088
1791021618,2026-10-03T18:00:18,docker.dev-peer0.org1.example.com-saksi-bulletin_1.0-ee3fe73bad456e43adfc5ba27d9e5a60983b69e8496140308fb21061ecb2ff85.blk_read_bytes,0.0
1791021618,2026-10-03T18:00:18,docker.dev-peer0.org1.example.com-saksi-bulletin_1.0-ee3fe73bad456e43adfc5ba27d9e5a60983b69e8496140308fb21061ecb2ff85.blk_write_bytes,0.0
1791021618,2026-10-03T18:00:18,docker.dev-peer0.org2.example.com-saksi-bulletin_1.0-ee3fe73bad456e43adfc5ba27d9e5a60983b69e8496140308fb21061ecb2ff85.cpu_pct,0.0
1791021618,2026-10-03T18:00:18,docker.dev-peer0.org2.example.com-saksi-bulletin_1.0-ee3fe73bad456e43adfc5ba27d9e5a60983b69e8496140308fb21061ecb2ff85.mem_bytes,7008681.984
1791021618,2026-10-03T18:00:18,docker.dev-peer0.org2.example.com-saksi-bulletin_1.0-ee3fe73bad456e43adfc5ba27d9e5a60983b69e8496140308fb21061ecb2ff85.blk_read_bytes,0.0
1791021618,2026-10-03T18:00:18,docker.dev-peer0.org2.example.com-saksi-bulletin_1.0-ee3fe73bad456e43adfc5ba27d9e5a60983b69e8496140308fb21061ecb2ff85.blk_write_bytes,0.0
1791021618,2026-10-03T18:00:18,docker.peer0.org1.example.com.cpu_pct,1.34
1791021618,2026-10-03T18:00:18,docker.peer0.org1.example.com.mem_bytes,52103741.44
1791021618,2026-10-03T18:00:18,docker.peer0.org1.example.com.blk_read_bytes,3760000.0
1791021618,2026-10-03T18:00:18,docker.peer0.org1.example.com.blk_write_bytes,4990000.0
1791021618,2026-10-03T18:00:18,docker.peer0.org2.example.com.cpu_pct,1.45
1791021618,2026-10-03T18:00:18,docker.peer0.org2.example.com.mem_bytes,45256540.16
1791021618,2026-10-03T18:00:18,docker.peer0.org2.example.com.blk_read_bytes,545000.0
1791021618,2026-10-03T18:00:18,docker.peer0.org2.example.com.blk_write_bytes,3610000.0
1791021618,2026-10-03T18:00:18,docker.orderer.example.com.cpu_pct,0.04
1791021618,2026-10-03T18:00:18,docker.orderer.example.com.mem_bytes,17941135.36
1791021618,2026-10-03T18:00:18,docker.orderer.example.com.blk_read_bytes,31400000.0
1791021618,2026-10-03T18:00:18,docker.orderer.example.com.blk_write_bytes,262000.0
1791021618,2026-10-03T18:00:18,wsl.MemTotal_kb,24608408
1791021618,2026-10-03T18:00:18,wsl.MemAvailable_kb,23157600
1791021618,2026-10-03T18:00:18,wsl.SwapTotal_kb,0
1791021618,2026-10-03T18:00:18,wsl.SwapFree_kb,0
1791021618,2026-10-03T18:00:18,wsl.Dirty_kb,1922024
1791021618,2026-10-03T18:00:18,wsl.load1,9.77
1791021618,2026-10-03T18:00:18,wsl.load5,9.14
1791021618,2026-10-03T18:00:18,host.c_free_bytes,49315418112
1791021618,2026-10-03T18:00:18,host.q_free_bytes,421445345280
1791021618,2026-10-03T18:00:18,host.docker_vhdx_bytes,15592325120
1791021618,2026-10-03T18:00:18,host.ubuntu_vhdx_bytes,212983611392
1791021618,2026-10-03T18:00:18,win.Processor(_Total)\% Processor Time,17.282044
1791021618,2026-10-03T18:00:18,win.Memory\Available MBytes,15380.0
1791021618,2026-10-03T18:00:18,win.PhysicalDisk(0 C:)\% Disk Time,178.813437
1791021618,2026-10-03T18:00:18,win.PhysicalDisk(1 Q:)\% Disk Time,0.57041
1791021618,2026-10-03T18:00:18,win.PhysicalDisk(_Total)\% Disk Time,89.691924
1791021618,2026-10-03T18:00:18,win.PhysicalDisk(0 C:)\Current Disk Queue Length,0.0
1791021618,2026-10-03T18:00:18,win.PhysicalDisk(1 Q:)\Current Disk Queue Length,0.0
1791021618,2026-10-03T18:00:18,win.PhysicalDisk(_Total)\Current Disk Queue Length,0.0
1791021618,2026-10-03T18:00:18,win.Process(vmmemWSL)\% Processor Time,152.896093
1791021628,2026-10-03T18:00:28,docker.dev-peer0.org1.example.com-saksi-bulletin_1.0-ee3fe73bad456e43adfc5ba27d9e5a60983b69e8496140308fb21061ecb2ff85.cpu_pct,0.0
1791021628,2026-10-03T18:00:28,docker.dev-peer0.org1.example.com-saksi-bulletin_1.0-ee3fe73bad456e43adfc5ba27d9e5a60983b69e8496140308fb21061ecb2ff85.mem_bytes,6934233.088
1791021628,2026-10-03T18:00:28,docker.dev-peer0.org1.example.com-saksi-bulletin_1.0-ee3fe73bad456e43adfc5ba27d9e5a60983b69e8496140308fb21061ecb2ff85.blk_read_bytes,0.0
1791021628,2026-10-03T18:00:28,docker.dev-peer0.org1.example.com-saksi-bulletin_1.0-ee3fe73bad456e43adfc5ba27d9e5a60983b69e8496140308fb21061ecb2ff85.blk_write_bytes,0.0
1791021628,2026-10-03T18:00:28,docker.dev-peer0.org2.example.com-saksi-bulletin_1.0-ee3fe73bad456e43adfc5ba27d9e5a60983b69e8496140308fb21061ecb2ff85.cpu_pct,0.0
1791021628,2026-10-03T18:00:28,docker.dev-peer0.org2.example.com-saksi-bulletin_1.0-ee3fe73bad456e43adfc5ba27d9e5a60983b69e8496140308fb21061ecb2ff85.mem_bytes,7008681.984
1791021628,2026-10-03T18:00:28,docker.dev-peer0.org2.example.com-saksi-bulletin_1.0-ee3fe73bad456e43adfc5ba27d9e5a60983b69e8496140308fb21061ecb2ff85.blk_read_bytes,0.0
1791021628,2026-10-03T18:00:28,docker.dev-peer0.org2.example.com-saksi-bulletin_1.0-ee3fe73bad456e43adfc5ba27d9e5a60983b69e8496140308fb21061ecb2ff85.blk_write_bytes,0.0
1791021628,2026-10-03T18:00:28,docker.peer0.org1.example.com.cpu_pct,1.23
1791021628,2026-10-03T18:00:28,docker.peer0.org1.example.com.mem_bytes,52124712.96
1791021628,2026-10-03T18:00:28,docker.peer0.org1.example.com.blk_read_bytes,3760000.0
1791021628,2026-10-03T18:00:28,docker.peer0.org1.example.com.blk_write_bytes,4990000.0
1791021628,2026-10-03T18:00:28,docker.peer0.org2.example.com.cpu_pct,1.22
1791021628,2026-10-03T18:00:28,docker.peer0.org2.example.com.mem_bytes,45329940.48
1791021628,2026-10-03T18:00:28,docker.peer0.org2.example.com.blk_read_bytes,545000.0
1791021628,2026-10-03T18:00:28,docker.peer0.org2.example.com.blk_write_bytes,3610000.0
1791021628,2026-10-03T18:00:28,docker.orderer.example.com.cpu_pct,0.04
1791021628,2026-10-03T18:00:28,docker.orderer.example.com.mem_bytes,17416847.36
1791021628,2026-10-03T18:00:28,docker.orderer.example.com.blk_read_bytes,31400000.0
1791021628,2026-10-03T18:00:28,docker.orderer.example.com.blk_write_bytes,262000.0
1791021628,2026-10-03T18:00:28,wsl.MemTotal_kb,24608408
1791021628,2026-10-03T18:00:28,wsl.MemAvailable_kb,23156048
1791021628,2026-10-03T18:00:28,wsl.SwapTotal_kb,0
1791021628,2026-10-03T18:00:28,wsl.SwapFree_kb,0
1791021628,2026-10-03T18:00:28,wsl.Dirty_kb,2292144
1791021628,2026-10-03T18:00:28,wsl.load1,8.42
1791021628,2026-10-03T18:00:28,wsl.load5,8.87
1791021628,2026-10-03T18:00:28,host.c_free_bytes,49315086336
1791021628,2026-10-03T18:00:28,host.q_free_bytes,421445345280
1791021628,2026-10-03T18:00:28,host.docker_vhdx_bytes,15592325120
1791021628,2026-10-03T18:00:28,host.ubuntu_vhdx_bytes,212983611392
1791021628,2026-10-03T18:00:28,win.Processor(_Total)\% Processor Time,15.796419
1791021628,2026-10-03T18:00:28,win.Memory\Available MBytes,14536.0
1791021628,2026-10-03T18:00:28,win.PhysicalDisk(0 C:)\% Disk Time,5.817176
1791021628,2026-10-03T18:00:28,win.PhysicalDisk(1 Q:)\% Disk Time,0.0
1791021628,2026-10-03T18:00:28,win.PhysicalDisk(_Total)\% Disk Time,2.908589
1791021628,2026-10-03T18:00:28,win.PhysicalDisk(0 C:)\Current Disk Queue Length,0.0
1791021628,2026-10-03T18:00:28,win.PhysicalDisk(1 Q:)\Current Disk Queue Length,0.0
1791021628,2026-10-03T18:00:28,win.PhysicalDisk(_Total)\Current Disk Queue Length,0.0
1791021628,2026-10-03T18:00:28,win.Process(vmmemWSL)\% Processor Time,154.222013
1791021638,2026-10-03T18:00:38,docker.dev-peer0.org1.example.com-saksi-bulletin_1.0-ee3fe73bad456e43adfc5ba27d9e5a60983b69e8496140308fb21061ecb2ff85.cpu_pct,0.0
1791021638,2026-10-03T18:00:38,docker.dev-peer0.org1.example.com-saksi-bulletin_1.0-ee3fe73bad456e43adfc5ba27d9e5a60983b69e8496140308fb21061ecb2ff85.mem_bytes,6934233.088
1791021638,2026-10-03T18:00:38,docker.dev-peer0.org1.example.com-saksi-bulletin_1.0-ee3fe73bad456e43adfc5ba27d9e5a60983b69e8496140308fb21061ecb2ff85.blk_read_bytes,0.0
1791021638,2026-10-03T18:00:38,docker.dev-peer0.org1.example.com-saksi-bulletin_1.0-ee3fe73bad456e43adfc5ba27d9e5a60983b69e8496140308fb21061ecb2ff85.blk_write_bytes,0.0
1791021638,2026-10-03T18:00:38,docker.dev-peer0.org2.example.com-saksi-bulletin_1.0-ee3fe73bad456e43adfc5ba27d9e5a60983b69e8496140308fb21061ecb2ff85.cpu_pct,0.0
1791021638,2026-10-03T18:00:38,docker.dev-peer0.org2.example.com-saksi-bulletin_1.0-ee3fe73bad456e43adfc5ba27d9e5a60983b69e8496140308fb21061ecb2ff85.mem_bytes,7008681.984
1791021638,2026-10-03T18:00:38,docker.dev-peer0.org2.example.com-saksi-bulletin_1.0-ee3fe73bad456e43adfc5ba27d9e5a60983b69e8496140308fb21061ecb2ff85.blk_read_bytes,0.0
1791021638,2026-10-03T18:00:38,docker.dev-peer0.org2.example.com-saksi-bulletin_1.0-ee3fe73bad456e43adfc5ba27d9e5a60983b69e8496140308fb21061ecb2ff85.blk_write_bytes,0.0
1791021638,2026-10-03T18:00:38,docker.peer0.org1.example.com.cpu_pct,1.14
1791021638,2026-10-03T18:00:38,docker.peer0.org1.example.com.mem_bytes,52166656.0
1791021638,2026-10-03T18:00:38,docker.peer0.org1.example.com.blk_read_bytes,3760000.0
1791021638,2026-10-03T18:00:38,docker.peer0.org1.example.com.blk_write_bytes,4990000.0
1791021638,2026-10-03T18:00:38,docker.peer0.org2.example.com.cpu_pct,1.15
1791021638,2026-10-03T18:00:38,docker.peer0.org2.example.com.mem_bytes,45329940.48
1791021638,2026-10-03T18:00:38,docker.peer0.org2.example.com.blk_read_bytes,545000.0
1791021638,2026-10-03T18:00:38,docker.peer0.org2.example.com.blk_write_bytes,3610000.0
1791021638,2026-10-03T18:00:38,docker.orderer.example.com.cpu_pct,0.05
1791021638,2026-10-03T18:00:38,docker.orderer.example.com.mem_bytes,17416847.36
1791021638,2026-10-03T18:00:38,docker.orderer.example.com.blk_read_bytes,31400000.0
1791021638,2026-10-03T18:00:38,docker.orderer.example.com.blk_write_bytes,262000.0
1791021638,2026-10-03T18:00:38,wsl.MemTotal_kb,24608408
1791021638,2026-10-03T18:00:38,wsl.MemAvailable_kb,23164240
1791021638,2026-10-03T18:00:38,wsl.SwapTotal_kb,0
1791021638,2026-10-03T18:00:38,wsl.SwapFree_kb,0
1791021638,2026-10-03T18:00:38,wsl.Dirty_kb,1003812
1791021638,2026-10-03T18:00:38,wsl.load1,7.3
1791021638,2026-10-03T18:00:38,wsl.load5,8.6
1791021638,2026-10-03T18:00:38,host.c_free_bytes,49315409920
1791021638,2026-10-03T18:00:38,host.q_free_bytes,421445345280
1791021638,2026-10-03T18:00:38,host.docker_vhdx_bytes,15592325120
1791021638,2026-10-03T18:00:38,host.ubuntu_vhdx_bytes,212983611392
1791021638,2026-10-03T18:00:38,win.Processor(_Total)\% Processor Time,15.191514
1791021638,2026-10-03T18:00:38,win.Memory\Available MBytes,12975.0
1791021638,2026-10-03T18:00:38,win.PhysicalDisk(0 C:)\% Disk Time,153.877922
1791021638,2026-10-03T18:00:38,win.PhysicalDisk(1 Q:)\% Disk Time,0.0
1791021638,2026-10-03T18:00:38,win.PhysicalDisk(_Total)\% Disk Time,76.938961
1791021638,2026-10-03T18:00:38,win.PhysicalDisk(0 C:)\Current Disk Queue Length,4.0
1791021638,2026-10-03T18:00:38,win.PhysicalDisk(1 Q:)\Current Disk Queue Length,0.0
1791021638,2026-10-03T18:00:38,win.PhysicalDisk(_Total)\Current Disk Queue Length,4.0
1791021638,2026-10-03T18:00:38,win.Process(vmmemWSL)\% Processor Time,160.236065
1791021656,2026-10-03T18:00:55,docker.dev-peer0.org1.example.com-saksi-bulletin_1.0-ee3fe73bad456e43adfc5ba27d9e5a60983b69e8496140308fb21061ecb2ff85.cpu_pct,0.0
1791021656,2026-10-03T18:00:55,docker.dev-peer0.org1.example.com-saksi-bulletin_1.0-ee3fe73bad456e43adfc5ba27d9e5a60983b69e8496140308fb21061ecb2ff85.mem_bytes,7012876.288
1791021656,2026-10-03T18:00:55,docker.dev-peer0.org1.example.com-saksi-bulletin_1.0-ee3fe73bad456e43adfc5ba27d9e5a60983b69e8496140308fb21061ecb2ff85.blk_read_bytes,0.0
1791021656,2026-10-03T18:00:55,docker.dev-peer0.org1.example.com-saksi-bulletin_1.0-ee3fe73bad456e43adfc5ba27d9e5a60983b69e8496140308fb21061ecb2ff85.blk_write_bytes,0.0
1791021656,2026-10-03T18:00:55,docker.dev-peer0.org2.example.com-saksi-bulletin_1.0-ee3fe73bad456e43adfc5ba27d9e5a60983b69e8496140308fb21061ecb2ff85.cpu_pct,0.0
1791021656,2026-10-03T18:00:55,docker.dev-peer0.org2.example.com-saksi-bulletin_1.0-ee3fe73bad456e43adfc5ba27d9e5a60983b69e8496140308fb21061ecb2ff85.mem_bytes,7155482.624
1791021656,2026-10-03T18:00:55,docker.dev-peer0.org2.example.com-saksi-bulletin_1.0-ee3fe73bad456e43adfc5ba27d9e5a60983b69e8496140308fb21061ecb2ff85.blk_read_bytes,0.0
1791021656,2026-10-03T18:00:55,docker.dev-peer0.org2.example.com-saksi-bulletin_1.0-ee3fe73bad456e43adfc5ba27d9e5a60983b69e8496140308fb21061ecb2ff85.blk_write_bytes,0.0
1791021656,2026-10-03T18:00:55,docker.peer0.org1.example.com.cpu_pct,1.27
1791021656,2026-10-03T18:00:55,docker.peer0.org1.example.com.mem_bytes,52418314.24
1791021656,2026-10-03T18:00:55,docker.peer0.org1.example.com.blk_read_bytes,3760000.0
1791021656,2026-10-03T18:00:55,docker.peer0.org1.example.com.blk_write_bytes,4990000.0
1791021656,2026-10-03T18:00:55,docker.peer0.org2.example.com.cpu_pct,1.31
1791021656,2026-10-03T18:00:55,docker.peer0.org2.example.com.mem_bytes,44637880.32
1791021656,2026-10-03T18:00:55,docker.peer0.org2.example.com.blk_read_bytes,545000.0
1791021656,2026-10-03T18:00:55,docker.peer0.org2.example.com.blk_write_bytes,3610000.0
1791021656,2026-10-03T18:00:55,docker.orderer.example.com.cpu_pct,0.06
1791021656,2026-10-03T18:00:55,docker.orderer.example.com.mem_bytes,17678991.36
1791021656,2026-10-03T18:00:55,docker.orderer.example.com.blk_read_bytes,31400000.0
1791021656,2026-10-03T18:00:55,docker.orderer.example.com.blk_write_bytes,262000.0
1791021656,2026-10-03T18:00:55,wsl.MemTotal_kb,24608408
1791021656,2026-10-03T18:00:55,wsl.MemAvailable_kb,23151724
1791021656,2026-10-03T18:00:55,wsl.SwapTotal_kb,0
1791021656,2026-10-03T18:00:55,wsl.SwapFree_kb,0
1791021656,2026-10-03T18:00:55,wsl.Dirty_kb,322360
1791021656,2026-10-03T18:00:55,wsl.load1,5.65
1791021656,2026-10-03T18:00:55,wsl.load5,8.14
1791021656,2026-10-03T18:00:55,host.c_free_bytes,49314631680
1791021656,2026-10-03T18:00:55,host.q_free_bytes,421445345280
1791021656,2026-10-03T18:00:55,host.docker_vhdx_bytes,15592325120
1791021656,2026-10-03T18:00:55,host.ubuntu_vhdx_bytes,212983611392
1791021656,2026-10-03T18:00:55,win.Processor(_Total)\% Processor Time,12.947707
1791021656,2026-10-03T18:00:55,win.Memory\Available MBytes,10690.0
1791021656,2026-10-03T18:00:55,win.PhysicalDisk(0 C:)\% Disk Time,1220.316574
1791021656,2026-10-03T18:00:55,win.PhysicalDisk(1 Q:)\% Disk Time,0.0
1791021656,2026-10-03T18:00:55,win.PhysicalDisk(_Total)\% Disk Time,610.158287
1791021656,2026-10-03T18:00:55,win.PhysicalDisk(0 C:)\Current Disk Queue Length,13.0
1791021656,2026-10-03T18:00:55,win.PhysicalDisk(1 Q:)\Current Disk Queue Length,0.0
1791021656,2026-10-03T18:00:55,win.PhysicalDisk(_Total)\Current Disk Queue Length,13.0
1791021656,2026-10-03T18:00:55,win.Process(vmmemWSL)\% Processor Time,152.57332
1791021679,2026-10-03T18:01:19,docker.dev-peer0.org1.example.com-saksi-bulletin_1.0-ee3fe73bad456e43adfc5ba27d9e5a60983b69e8496140308fb21061ecb2ff85.cpu_pct,0.0
1791021679,2026-10-03T18:01:19,docker.dev-peer0.org1.example.com-saksi-bulletin_1.0-ee3fe73bad456e43adfc5ba27d9e5a60983b69e8496140308fb21061ecb2ff85.mem_bytes,7012876.288
1791021679,2026-10-03T18:01:19,docker.dev-peer0.org1.example.com-saksi-bulletin_1.0-ee3fe73bad456e43adfc5ba27d9e5a60983b69e8496140308fb21061ecb2ff85.blk_read_bytes,0.0
1791021679,2026-10-03T18:01:19,docker.dev-peer0.org1.example.com-saksi-bulletin_1.0-ee3fe73bad456e43adfc5ba27d9e5a60983b69e8496140308fb21061ecb2ff85.blk_write_bytes,0.0
1791021679,2026-10-03T18:01:19,docker.dev-peer0.org2.example.com-saksi-bulletin_1.0-ee3fe73bad456e43adfc5ba27d9e5a60983b69e8496140308fb21061ecb2ff85.cpu_pct,0.0
1791021679,2026-10-03T18:01:19,docker.dev-peer0.org2.example.com-saksi-bulletin_1.0-ee3fe73bad456e43adfc5ba27d9e5a60983b69e8496140308fb21061ecb2ff85.mem_bytes,7155482.624
1791021679,2026-10-03T18:01:19,docker.dev-peer0.org2.example.com-saksi-bulletin_1.0-ee3fe73bad456e43adfc5ba27d9e5a60983b69e8496140308fb21061ecb2ff85.blk_read_bytes,0.0
1791021679,2026-10-03T18:01:19,docker.dev-peer0.org2.example.com-saksi-bulletin_1.0-ee3fe73bad456e43adfc5ba27d9e5a60983b69e8496140308fb21061ecb2ff85.blk_write_bytes,0.0
1791021679,2026-10-03T18:01:19,docker.peer0.org1.example.com.cpu_pct,1.45
1791021679,2026-10-03T18:01:19,docker.peer0.org1.example.com.mem_bytes,52460257.28
1791021679,2026-10-03T18:01:19,docker.peer0.org1.example.com.blk_read_bytes,3760000.0
1791021679,2026-10-03T18:01:19,docker.peer0.org1.example.com.blk_write_bytes,4990000.0
1791021679,2026-10-03T18:01:19,docker.peer0.org2.example.com.cpu_pct,1.37
1791021679,2026-10-03T18:01:19,docker.peer0.org2.example.com.mem_bytes,44679823.36
1791021679,2026-10-03T18:01:19,docker.peer0.org2.example.com.blk_read_bytes,545000.0
1791021679,2026-10-03T18:01:19,docker.peer0.org2.example.com.blk_write_bytes,3610000.0
1791021679,2026-10-03T18:01:19,docker.orderer.example.com.cpu_pct,0.06
1791021679,2026-10-03T18:01:19,docker.orderer.example.com.mem_bytes,17941135.36
1791021679,2026-10-03T18:01:19,docker.orderer.example.com.blk_read_bytes,31400000.0
1791021679,2026-10-03T18:01:19,docker.orderer.example.com.blk_write_bytes,262000.0
1791021679,2026-10-03T18:01:19,wsl.MemTotal_kb,24608408
1791021679,2026-10-03T18:01:19,wsl.MemAvailable_kb,23069748
1791021679,2026-10-03T18:01:19,wsl.SwapTotal_kb,0
1791021679,2026-10-03T18:01:19,wsl.SwapFree_kb,0
1791021679,2026-10-03T18:01:19,wsl.Dirty_kb,558328
1791021679,2026-10-03T18:01:19,wsl.load1,4.91
1791021679,2026-10-03T18:01:19,wsl.load5,7.86
1791021679,2026-10-03T18:01:19,host.c_free_bytes,49314238464
1791021679,2026-10-03T18:01:19,host.q_free_bytes,421445345280
1791021679,2026-10-03T18:01:19,host.docker_vhdx_bytes,15592325120
1791021679,2026-10-03T18:01:19,host.ubuntu_vhdx_bytes,212983611392
1791021679,2026-10-03T18:01:19,win.Processor(_Total)\% Processor Time,12.947707
1791021679,2026-10-03T18:01:19,win.Memory\Available MBytes,10690.0
1791021679,2026-10-03T18:01:19,win.PhysicalDisk(0 C:)\% Disk Time,1220.316574
1791021679,2026-10-03T18:01:19,win.PhysicalDisk(1 Q:)\% Disk Time,0.0
1791021679,2026-10-03T18:01:19,win.PhysicalDisk(_Total)\% Disk Time,610.158287
1791021679,2026-10-03T18:01:19,win.PhysicalDisk(0 C:)\Current Disk Queue Length,13.0
1791021679,2026-10-03T18:01:19,win.PhysicalDisk(1 Q:)\Current Disk Queue Length,0.0
1791021679,2026-10-03T18:01:19,win.PhysicalDisk(_Total)\Current Disk Queue Length,13.0
1791021679,2026-10-03T18:01:19,win.Process(vmmemWSL)\% Processor Time,152.57332
1791021691,2026-10-03T18:01:30,docker.dev-peer0.org1.example.com-saksi-bulletin_1.0-ee3fe73bad456e43adfc5ba27d9e5a60983b69e8496140308fb21061ecb2ff85.cpu_pct,0.0
1791021691,2026-10-03T18:01:30,docker.dev-peer0.org1.example.com-saksi-bulletin_1.0-ee3fe73bad456e43adfc5ba27d9e5a60983b69e8496140308fb21061ecb2ff85.mem_bytes,7012876.288
1791021691,2026-10-03T18:01:30,docker.dev-peer0.org1.example.com-saksi-bulletin_1.0-ee3fe73bad456e43adfc5ba27d9e5a60983b69e8496140308fb21061ecb2ff85.blk_read_bytes,0.0
1791021691,2026-10-03T18:01:30,docker.dev-peer0.org1.example.com-saksi-bulletin_1.0-ee3fe73bad456e43adfc5ba27d9e5a60983b69e8496140308fb21061ecb2ff85.blk_write_bytes,0.0
1791021691,2026-10-03T18:01:30,docker.dev-peer0.org2.example.com-saksi-bulletin_1.0-ee3fe73bad456e43adfc5ba27d9e5a60983b69e8496140308fb21061ecb2ff85.cpu_pct,0.0
1791021691,2026-10-03T18:01:30,docker.dev-peer0.org2.example.com-saksi-bulletin_1.0-ee3fe73bad456e43adfc5ba27d9e5a60983b69e8496140308fb21061ecb2ff85.mem_bytes,7155482.624
1791021691,2026-10-03T18:01:30,docker.dev-peer0.org2.example.com-saksi-bulletin_1.0-ee3fe73bad456e43adfc5ba27d9e5a60983b69e8496140308fb21061ecb2ff85.blk_read_bytes,0.0
1791021691,2026-10-03T18:01:30,docker.dev-peer0.org2.example.com-saksi-bulletin_1.0-ee3fe73bad456e43adfc5ba27d9e5a60983b69e8496140308fb21061ecb2ff85.blk_write_bytes,0.0
1791021691,2026-10-03T18:01:30,docker.peer0.org1.example.com.cpu_pct,1.82
1791021691,2026-10-03T18:01:30,docker.peer0.org1.example.com.mem_bytes,52439285.76
1791021691,2026-10-03T18:01:30,docker.peer0.org1.example.com.blk_read_bytes,3760000.0
1791021691,2026-10-03T18:01:30,docker.peer0.org1.example.com.blk_write_bytes,4990000.0
1791021691,2026-10-03T18:01:30,docker.peer0.org2.example.com.cpu_pct,1.09
1791021691,2026-10-03T18:01:30,docker.peer0.org2.example.com.mem_bytes,45183139.84
1791021691,2026-10-03T18:01:30,docker.peer0.org2.example.com.blk_read_bytes,545000.0
1791021691,2026-10-03T18:01:30,docker.peer0.org2.example.com.blk_write_bytes,3610000.0
1791021691,2026-10-03T18:01:30,docker.orderer.example.com.cpu_pct,0.06
1791021691,2026-10-03T18:01:30,docker.orderer.example.com.mem_bytes,17941135.36
1791021691,2026-10-03T18:01:30,docker.orderer.example.com.blk_read_bytes,31400000.0
1791021691,2026-10-03T18:01:30,docker.orderer.example.com.blk_write_bytes,262000.0
1791021691,2026-10-03T18:01:30,wsl.MemTotal_kb,24608408
1791021691,2026-10-03T18:01:30,wsl.MemAvailable_kb,23105900
1791021691,2026-10-03T18:01:30,wsl.SwapTotal_kb,0
1791021691,2026-10-03T18:01:30,wsl.SwapFree_kb,0
1791021691,2026-10-03T18:01:30,wsl.Dirty_kb,558652
1791021691,2026-10-03T18:01:30,wsl.load1,4.46
1791021691,2026-10-03T18:01:30,wsl.load5,7.66
1791021691,2026-10-03T18:01:30,host.c_free_bytes,49315151872
1791021691,2026-10-03T18:01:30,host.q_free_bytes,421445345280
1791021691,2026-10-03T18:01:30,host.docker_vhdx_bytes,15592325120
1791021691,2026-10-03T18:01:30,host.ubuntu_vhdx_bytes,212983611392
1791021691,2026-10-03T18:01:30,win.Processor(_Total)\% Processor Time,13.583604
1791021691,2026-10-03T18:01:30,win.Memory\Available MBytes,10099.0
1791021691,2026-10-03T18:01:30,win.PhysicalDisk(0 C:)\% Disk Time,1127.64673
1791021691,2026-10-03T18:01:30,win.PhysicalDisk(1 Q:)\% Disk Time,0.0
1791021691,2026-10-03T18:01:30,win.PhysicalDisk(_Total)\% Disk Time,563.823365
1791021691,2026-10-03T18:01:30,win.PhysicalDisk(0 C:)\Current Disk Queue Length,11.0
1791021691,2026-10-03T18:01:30,win.PhysicalDisk(1 Q:)\Current Disk Queue Length,0.0
1791021691,2026-10-03T18:01:30,win.PhysicalDisk(_Total)\Current Disk Queue Length,11.0
1791021691,2026-10-03T18:01:30,win.Process(vmmemWSL)\% Processor Time,153.126187
1791021701,2026-10-03T18:01:40,docker.dev-peer0.org1.example.com-saksi-bulletin_1.0-ee3fe73bad456e43adfc5ba27d9e5a60983b69e8496140308fb21061ecb2ff85.cpu_pct,0.0
1791021701,2026-10-03T18:01:40,docker.dev-peer0.org1.example.com-saksi-bulletin_1.0-ee3fe73bad456e43adfc5ba27d9e5a60983b69e8496140308fb21061ecb2ff85.mem_bytes,7012876.288
1791021701,2026-10-03T18:01:40,docker.dev-peer0.org1.example.com-saksi-bulletin_1.0-ee3fe73bad456e43adfc5ba27d9e5a60983b69e8496140308fb21061ecb2ff85.blk_read_bytes,0.0
1791021701,2026-10-03T18:01:40,docker.dev-peer0.org1.example.com-saksi-bulletin_1.0-ee3fe73bad456e43adfc5ba27d9e5a60983b69e8496140308fb21061ecb2ff85.blk_write_bytes,0.0
1791021701,2026-10-03T18:01:40,docker.dev-peer0.org2.example.com-saksi-bulletin_1.0-ee3fe73bad456e43adfc5ba27d9e5a60983b69e8496140308fb21061ecb2ff85.cpu_pct,0.0
1791021701,2026-10-03T18:01:40,docker.dev-peer0.org2.example.com-saksi-bulletin_1.0-ee3fe73bad456e43adfc5ba27d9e5a60983b69e8496140308fb21061ecb2ff85.mem_bytes,7155482.624
1791021701,2026-10-03T18:01:40,docker.dev-peer0.org2.example.com-saksi-bulletin_1.0-ee3fe73bad456e43adfc5ba27d9e5a60983b69e8496140308fb21061ecb2ff85.blk_read_bytes,0.0
1791021701,2026-10-03T18:01:40,docker.dev-peer0.org2.example.com-saksi-bulletin_1.0-ee3fe73bad456e43adfc5ba27d9e5a60983b69e8496140308fb21061ecb2ff85.blk_write_bytes,0.0
1791021701,2026-10-03T18:01:40,docker.peer0.org1.example.com.cpu_pct,1.2
1791021701,2026-10-03T18:01:40,docker.peer0.org1.example.com.mem_bytes,52701429.76
1791021701,2026-10-03T18:01:40,docker.peer0.org1.example.com.blk_read_bytes,3760000.0
1791021701,2026-10-03T18:01:40,docker.peer0.org1.example.com.blk_write_bytes,4990000.0
1791021701,2026-10-03T18:01:40,docker.peer0.org2.example.com.cpu_pct,1.12
1791021701,2026-10-03T18:01:40,docker.peer0.org2.example.com.mem_bytes,45424312.32
1791021701,2026-10-03T18:01:40,docker.peer0.org2.example.com.blk_read_bytes,545000.0
1791021701,2026-10-03T18:01:40,docker.peer0.org2.example.com.blk_write_bytes,3610000.0
1791021701,2026-10-03T18:01:40,docker.orderer.example.com.cpu_pct,0.04
1791021701,2026-10-03T18:01:40,docker.orderer.example.com.mem_bytes,17678991.36
1791021701,2026-10-03T18:01:40,docker.orderer.example.com.blk_read_bytes,31400000.0
1791021701,2026-10-03T18:01:40,docker.orderer.example.com.blk_write_bytes,262000.0
1791021701,2026-10-03T18:01:40,wsl.MemTotal_kb,24608408
1791021701,2026-10-03T18:01:40,wsl.MemAvailable_kb,23044832
1791021701,2026-10-03T18:01:40,wsl.SwapTotal_kb,0
1791021701,2026-10-03T18:01:40,wsl.SwapFree_kb,0
1791021701,2026-10-03T18:01:40,wsl.Dirty_kb,488
1791021701,2026-10-03T18:01:40,wsl.load1,3.84
1791021701,2026-10-03T18:01:40,wsl.load5,7.37
1791021701,2026-10-03T18:01:40,host.c_free_bytes,49315700736
1791021701,2026-10-03T18:01:40,host.q_free_bytes,421445345280
1791021701,2026-10-03T18:01:40,host.docker_vhdx_bytes,15592325120
1791021701,2026-10-03T18:01:40,host.ubuntu_vhdx_bytes,212983611392
1791021701,2026-10-03T18:01:40,win.Processor(_Total)\% Processor Time,6.116802
1791021701,2026-10-03T18:01:40,win.Memory\Available MBytes,9894.0
1791021701,2026-10-03T18:01:40,win.PhysicalDisk(0 C:)\% Disk Time,692.552723
1791021701,2026-10-03T18:01:40,win.PhysicalDisk(1 Q:)\% Disk Time,0.0
1791021701,2026-10-03T18:01:40,win.PhysicalDisk(_Total)\% Disk Time,346.276361
1791021701,2026-10-03T18:01:40,win.PhysicalDisk(0 C:)\Current Disk Queue Length,1.0
1791021701,2026-10-03T18:01:40,win.PhysicalDisk(1 Q:)\Current Disk Queue Length,0.0
1791021701,2026-10-03T18:01:40,win.PhysicalDisk(_Total)\Current Disk Queue Length,1.0
1791021701,2026-10-03T18:01:40,win.Process(vmmemWSL)\% Processor Time,26.391534
1791021712,2026-10-03T18:01:51,docker.dev-peer0.org1.example.com-saksi-bulletin_1.0-ee3fe73bad456e43adfc5ba27d9e5a60983b69e8496140308fb21061ecb2ff85.cpu_pct,0.0
1791021712,2026-10-03T18:01:51,docker.dev-peer0.org1.example.com-saksi-bulletin_1.0-ee3fe73bad456e43adfc5ba27d9e5a60983b69e8496140308fb21061ecb2ff85.mem_bytes,7275020.288
1791021712,2026-10-03T18:01:51,docker.dev-peer0.org1.example.com-saksi-bulletin_1.0-ee3fe73bad456e43adfc5ba27d9e5a60983b69e8496140308fb21061ecb2ff85.blk_read_bytes,0.0
1791021712,2026-10-03T18:01:51,docker.dev-peer0.org1.example.com-saksi-bulletin_1.0-ee3fe73bad456e43adfc5ba27d9e5a60983b69e8496140308fb21061ecb2ff85.blk_write_bytes,0.0
1791021712,2026-10-03T18:01:51,docker.dev-peer0.org2.example.com-saksi-bulletin_1.0-ee3fe73bad456e43adfc5ba27d9e5a60983b69e8496140308fb21061ecb2ff85.cpu_pct,0.0
1791021712,2026-10-03T18:01:51,docker.dev-peer0.org2.example.com-saksi-bulletin_1.0-ee3fe73bad456e43adfc5ba27d9e5a60983b69e8496140308fb21061ecb2ff85.mem_bytes,7159676.928
1791021712,2026-10-03T18:01:51,docker.dev-peer0.org2.example.com-saksi-bulletin_1.0-ee3fe73bad456e43adfc5ba27d9e5a60983b69e8496140308fb21061ecb2ff85.blk_read_bytes,0.0
1791021712,2026-10-03T18:01:51,docker.dev-peer0.org2.example.com-saksi-bulletin_1.0-ee3fe73bad456e43adfc5ba27d9e5a60983b69e8496140308fb21061ecb2ff85.blk_write_bytes,0.0
1791021712,2026-10-03T18:01:51,docker.peer0.org1.example.com.cpu_pct,0.99
1791021712,2026-10-03T18:01:51,docker.peer0.org1.example.com.mem_bytes,52428800.0
1791021712,2026-10-03T18:01:51,docker.peer0.org1.example.com.blk_read_bytes,3760000.0
1791021712,2026-10-03T18:01:51,docker.peer0.org1.example.com.blk_write_bytes,4990000.0
1791021712,2026-10-03T18:01:51,docker.peer0.org2.example.com.cpu_pct,1.05
1791021712,2026-10-03T18:01:51,docker.peer0.org2.example.com.mem_bytes,45654999.04
1791021712,2026-10-03T18:01:51,docker.peer0.org2.example.com.blk_read_bytes,545000.0
1791021712,2026-10-03T18:01:51,docker.peer0.org2.example.com.blk_write_bytes,3610000.0
1791021712,2026-10-03T18:01:51,docker.orderer.example.com.cpu_pct,0.03
1791021712,2026-10-03T18:01:51,docker.orderer.example.com.mem_bytes,18203279.36
1791021712,2026-10-03T18:01:51,docker.orderer.example.com.blk_read_bytes,31400000.0
1791021712,2026-10-03T18:01:51,docker.orderer.example.com.blk_write_bytes,262000.0
1791021712,2026-10-03T18:01:51,wsl.MemTotal_kb,24608408
1791021712,2026-10-03T18:01:51,wsl.MemAvailable_kb,23043056
1791021712,2026-10-03T18:01:51,wsl.SwapTotal_kb,0
1791021712,2026-10-03T18:01:51,wsl.SwapFree_kb,0
1791021712,2026-10-03T18:01:51,wsl.Dirty_kb,488
1791021712,2026-10-03T18:01:51,wsl.load1,3.56
1791021712,2026-10-03T18:01:51,wsl.load5,7.19
1791021712,2026-10-03T18:01:51,host.c_free_bytes,49315418112
1791021712,2026-10-03T18:01:51,host.q_free_bytes,421445345280
1791021712,2026-10-03T18:01:51,host.docker_vhdx_bytes,15592325120
1791021712,2026-10-03T18:01:51,host.ubuntu_vhdx_bytes,212983611392
1791021712,2026-10-03T18:01:51,win.Processor(_Total)\% Processor Time,6.116802
1791021712,2026-10-03T18:01:51,win.Memory\Available MBytes,9894.0
1791021712,2026-10-03T18:01:51,win.PhysicalDisk(0 C:)\% Disk Time,692.552723
1791021712,2026-10-03T18:01:51,win.PhysicalDisk(1 Q:)\% Disk Time,0.0
1791021712,2026-10-03T18:01:51,win.PhysicalDisk(_Total)\% Disk Time,346.276361
1791021712,2026-10-03T18:01:51,win.PhysicalDisk(0 C:)\Current Disk Queue Length,1.0
1791021712,2026-10-03T18:01:51,win.PhysicalDisk(1 Q:)\Current Disk Queue Length,0.0
1791021712,2026-10-03T18:01:51,win.PhysicalDisk(_Total)\Current Disk Queue Length,1.0
1791021712,2026-10-03T18:01:51,win.Process(vmmemWSL)\% Processor Time,26.391534
1791021722,2026-10-03T18:02:01,docker.dev-peer0.org1.example.com-saksi-bulletin_1.0-ee3fe73bad456e43adfc5ba27d9e5a60983b69e8496140308fb21061ecb2ff85.cpu_pct,0.0
1791021722,2026-10-03T18:02:01,docker.dev-peer0.org1.example.com-saksi-bulletin_1.0-ee3fe73bad456e43adfc5ba27d9e5a60983b69e8496140308fb21061ecb2ff85.mem_bytes,7016022.016
1791021722,2026-10-03T18:02:01,docker.dev-peer0.org1.example.com-saksi-bulletin_1.0-ee3fe73bad456e43adfc5ba27d9e5a60983b69e8496140308fb21061ecb2ff85.blk_read_bytes,0.0
1791021722,2026-10-03T18:02:01,docker.dev-peer0.org1.example.com-saksi-bulletin_1.0-ee3fe73bad456e43adfc5ba27d9e5a60983b69e8496140308fb21061ecb2ff85.blk_write_bytes,0.0
1791021722,2026-10-03T18:02:01,docker.dev-peer0.org2.example.com-saksi-bulletin_1.0-ee3fe73bad456e43adfc5ba27d9e5a60983b69e8496140308fb21061ecb2ff85.cpu_pct,0.0
1791021722,2026-10-03T18:02:01,docker.dev-peer0.org2.example.com-saksi-bulletin_1.0-ee3fe73bad456e43adfc5ba27d9e5a60983b69e8496140308fb21061ecb2ff85.mem_bytes,7028604.928
1791021722,2026-10-03T18:02:01,docker.dev-peer0.org2.example.com-saksi-bulletin_1.0-ee3fe73bad456e43adfc5ba27d9e5a60983b69e8496140308fb21061ecb2ff85.blk_read_bytes,0.0
1791021722,2026-10-03T18:02:01,docker.dev-peer0.org2.example.com-saksi-bulletin_1.0-ee3fe73bad456e43adfc5ba27d9e5a60983b69e8496140308fb21061ecb2ff85.blk_write_bytes,0.0
1791021722,2026-10-03T18:02:01,docker.peer0.org1.example.com.cpu_pct,0.87
1791021722,2026-10-03T18:02:01,docker.peer0.org1.example.com.mem_bytes,52680458.24
1791021722,2026-10-03T18:02:01,docker.peer0.org1.example.com.blk_read_bytes,3760000.0
1791021722,2026-10-03T18:02:01,docker.peer0.org1.example.com.blk_write_bytes,4990000.0
1791021722,2026-10-03T18:02:01,docker.peer0.org2.example.com.cpu_pct,1.0
1791021722,2026-10-03T18:02:01,docker.peer0.org2.example.com.mem_bytes,45445283.84
1791021722,2026-10-03T18:02:01,docker.peer0.org2.example.com.blk_read_bytes,545000.0
1791021722,2026-10-03T18:02:01,docker.peer0.org2.example.com.blk_write_bytes,3610000.0
1791021722,2026-10-03T18:02:01,docker.orderer.example.com.cpu_pct,0.04
1791021722,2026-10-03T18:02:01,docker.orderer.example.com.mem_bytes,18203279.36
1791021722,2026-10-03T18:02:01,docker.orderer.example.com.blk_read_bytes,31400000.0
1791021722,2026-10-03T18:02:01,docker.orderer.example.com.blk_write_bytes,262000.0
1791021722,2026-10-03T18:02:01,wsl.MemTotal_kb,24608408
1791021722,2026-10-03T18:02:01,wsl.MemAvailable_kb,22934884
1791021722,2026-10-03T18:02:01,wsl.SwapTotal_kb,0
1791021722,2026-10-03T18:02:01,wsl.SwapFree_kb,0
1791021722,2026-10-03T18:02:01,wsl.Dirty_kb,152
1791021722,2026-10-03T18:02:01,wsl.load1,4.44
1791021722,2026-10-03T18:02:01,wsl.load5,7.25
1791021722,2026-10-03T18:02:01,host.c_free_bytes,49315090432
1791021722,2026-10-03T18:02:01,host.q_free_bytes,421445345280
1791021722,2026-10-03T18:02:01,host.docker_vhdx_bytes,15592325120
1791021722,2026-10-03T18:02:01,host.ubuntu_vhdx_bytes,212983611392
1791021722,2026-10-03T18:02:01,win.Processor(_Total)\% Processor Time,15.194212
1791021722,2026-10-03T18:02:01,win.Memory\Available MBytes,9583.0
1791021722,2026-10-03T18:02:01,win.PhysicalDisk(0 C:)\% Disk Time,168.929711
1791021722,2026-10-03T18:02:01,win.PhysicalDisk(1 Q:)\% Disk Time,0.0
1791021722,2026-10-03T18:02:01,win.PhysicalDisk(_Total)\% Disk Time,84.464856
1791021722,2026-10-03T18:02:01,win.PhysicalDisk(0 C:)\Current Disk Queue Length,9.0
1791021722,2026-10-03T18:02:01,win.PhysicalDisk(1 Q:)\Current Disk Queue Length,0.0
1791021722,2026-10-03T18:02:01,win.PhysicalDisk(_Total)\Current Disk Queue Length,9.0
1791021722,2026-10-03T18:02:01,win.Process(vmmemWSL)\% Processor Time,126.75987
1791021732,2026-10-03T18:02:11,docker.dev-peer0.org1.example.com-saksi-bulletin_1.0-ee3fe73bad456e43adfc5ba27d9e5a60983b69e8496140308fb21061ecb2ff85.cpu_pct,0.0
1791021732,2026-10-03T18:02:11,docker.dev-peer0.org1.example.com-saksi-bulletin_1.0-ee3fe73bad456e43adfc5ba27d9e5a60983b69e8496140308fb21061ecb2ff85.mem_bytes,7016022.016
1791021732,2026-10-03T18:02:11,docker.dev-peer0.org1.example.com-saksi-bulletin_1.0-ee3fe73bad456e43adfc5ba27d9e5a60983b69e8496140308fb21061ecb2ff85.blk_read_bytes,0.0
1791021732,2026-10-03T18:02:11,docker.dev-peer0.org1.example.com-saksi-bulletin_1.0-ee3fe73bad456e43adfc5ba27d9e5a60983b69e8496140308fb21061ecb2ff85.blk_write_bytes,0.0
1791021732,2026-10-03T18:02:11,docker.dev-peer0.org2.example.com-saksi-bulletin_1.0-ee3fe73bad456e43adfc5ba27d9e5a60983b69e8496140308fb21061ecb2ff85.cpu_pct,0.0
1791021732,2026-10-03T18:02:11,docker.dev-peer0.org2.example.com-saksi-bulletin_1.0-ee3fe73bad456e43adfc5ba27d9e5a60983b69e8496140308fb21061ecb2ff85.mem_bytes,7024410.624
1791021732,2026-10-03T18:02:11,docker.dev-peer0.org2.example.com-saksi-bulletin_1.0-ee3fe73bad456e43adfc5ba27d9e5a60983b69e8496140308fb21061ecb2ff85.blk_read_bytes,0.0
1791021732,2026-10-03T18:02:11,docker.dev-peer0.org2.example.com-saksi-bulletin_1.0-ee3fe73bad456e43adfc5ba27d9e5a60983b69e8496140308fb21061ecb2ff85.blk_write_bytes,0.0
1791021732,2026-10-03T18:02:11,docker.peer0.org1.example.com.cpu_pct,1.25
1791021732,2026-10-03T18:02:11,docker.peer0.org1.example.com.mem_bytes,52502200.32
1791021732,2026-10-03T18:02:11,docker.peer0.org1.example.com.blk_read_bytes,3760000.0
1791021732,2026-10-03T18:02:11,docker.peer0.org1.example.com.blk_write_bytes,4990000.0
1791021732,2026-10-03T18:02:11,docker.peer0.org2.example.com.cpu_pct,1.2
1791021732,2026-10-03T18:02:11,docker.peer0.org2.example.com.mem_bytes,45445283.84
1791021732,2026-10-03T18:02:11,docker.peer0.org2.example.com.blk_read_bytes,545000.0
1791021732,2026-10-03T18:02:11,docker.peer0.org2.example.com.blk_write_bytes,3610000.0
1791021732,2026-10-03T18:02:11,docker.orderer.example.com.cpu_pct,0.04
1791021732,2026-10-03T18:02:11,docker.orderer.example.com.mem_bytes,18203279.36
1791021732,2026-10-03T18:02:11,docker.orderer.example.com.blk_read_bytes,31400000.0
1791021732,2026-10-03T18:02:11,docker.orderer.example.com.blk_write_bytes,262000.0
1791021732,2026-10-03T18:02:11,wsl.MemTotal_kb,24608408
1791021732,2026-10-03T18:02:11,wsl.MemAvailable_kb,22935784
1791021732,2026-10-03T18:02:11,wsl.SwapTotal_kb,0
1791021732,2026-10-03T18:02:11,wsl.SwapFree_kb,0
1791021732,2026-10-03T18:02:11,wsl.Dirty_kb,100
1791021732,2026-10-03T18:02:11,wsl.load1,6.22
1791021732,2026-10-03T18:02:11,wsl.load5,7.54
1791021732,2026-10-03T18:02:11,host.c_free_bytes,49314697216
1791021732,2026-10-03T18:02:11,host.q_free_bytes,421445345280
1791021732,2026-10-03T18:02:11,host.docker_vhdx_bytes,15592325120
1791021732,2026-10-03T18:02:11,host.ubuntu_vhdx_bytes,212983611392
1791021732,2026-10-03T18:02:11,win.Processor(_Total)\% Processor Time,4.965768
1791021732,2026-10-03T18:02:11,win.Memory\Available MBytes,9576.0
1791021732,2026-10-03T18:02:11,win.PhysicalDisk(0 C:)\% Disk Time,629.299717
1791021732,2026-10-03T18:02:11,win.PhysicalDisk(1 Q:)\% Disk Time,0.0
1791021732,2026-10-03T18:02:11,win.PhysicalDisk(_Total)\% Disk Time,314.649858
1791021732,2026-10-03T18:02:11,win.PhysicalDisk(0 C:)\Current Disk Queue Length,3.0
1791021732,2026-10-03T18:02:11,win.PhysicalDisk(1 Q:)\Current Disk Queue Length,0.0
1791021732,2026-10-03T18:02:11,win.PhysicalDisk(_Total)\Current Disk Queue Length,3.0
1791021732,2026-10-03T18:02:11,win.Process(vmmemWSL)\% Processor Time,20.440405
1791021742,2026-10-03T18:02:21,docker.dev-peer0.org1.example.com-saksi-bulletin_1.0-ee3fe73bad456e43adfc5ba27d9e5a60983b69e8496140308fb21061ecb2ff85.cpu_pct,0.0
1791021742,2026-10-03T18:02:21,docker.dev-peer0.org1.example.com-saksi-bulletin_1.0-ee3fe73bad456e43adfc5ba27d9e5a60983b69e8496140308fb21061ecb2ff85.mem_bytes,7016022.016
1791021742,2026-10-03T18:02:21,docker.dev-peer0.org1.example.com-saksi-bulletin_1.0-ee3fe73bad456e43adfc5ba27d9e5a60983b69e8496140308fb21061ecb2ff85.blk_read_bytes,0.0
1791021742,2026-10-03T18:02:21,docker.dev-peer0.org1.example.com-saksi-bulletin_1.0-ee3fe73bad456e43adfc5ba27d9e5a60983b69e8496140308fb21061ecb2ff85.blk_write_bytes,0.0
1791021742,2026-10-03T18:02:21,docker.dev-peer0.org2.example.com-saksi-bulletin_1.0-ee3fe73bad456e43adfc5ba27d9e5a60983b69e8496140308fb21061ecb2ff85.cpu_pct,0.0
1791021742,2026-10-03T18:02:21,docker.dev-peer0.org2.example.com-saksi-bulletin_1.0-ee3fe73bad456e43adfc5ba27d9e5a60983b69e8496140308fb21061ecb2ff85.mem_bytes,7024410.624
1791021742,2026-10-03T18:02:21,docker.dev-peer0.org2.example.com-saksi-bulletin_1.0-ee3fe73bad456e43adfc5ba27d9e5a60983b69e8496140308fb21061ecb2ff85.blk_read_bytes,0.0
1791021742,2026-10-03T18:02:21,docker.dev-peer0.org2.example.com-saksi-bulletin_1.0-ee3fe73bad456e43adfc5ba27d9e5a60983b69e8496140308fb21061ecb2ff85.blk_write_bytes,0.0
1791021742,2026-10-03T18:02:21,docker.peer0.org1.example.com.cpu_pct,1.04
1791021742,2026-10-03T18:02:21,docker.peer0.org1.example.com.mem_bytes,52491714.56
1791021742,2026-10-03T18:02:21,docker.peer0.org1.example.com.blk_read_bytes,3760000.0
1791021742,2026-10-03T18:02:21,docker.peer0.org1.example.com.blk_write_bytes,4990000.0
1791021742,2026-10-03T18:02:21,docker.peer0.org2.example.com.cpu_pct,1.0
1791021742,2026-10-03T18:02:21,docker.peer0.org2.example.com.mem_bytes,45445283.84
1791021742,2026-10-03T18:02:21,docker.peer0.org2.example.com.blk_read_bytes,545000.0
1791021742,2026-10-03T18:02:21,docker.peer0.org2.example.com.blk_write_bytes,3610000.0
1791021742,2026-10-03T18:02:21,docker.orderer.example.com.cpu_pct,0.03
1791021742,2026-10-03T18:02:21,docker.orderer.example.com.mem_bytes,18203279.36
1791021742,2026-10-03T18:02:21,docker.orderer.example.com.blk_read_bytes,31400000.0
1791021742,2026-10-03T18:02:21,docker.orderer.example.com.blk_write_bytes,262000.0
1791021742,2026-10-03T18:02:21,wsl.MemTotal_kb,24608408
1791021742,2026-10-03T18:02:21,wsl.MemAvailable_kb,22929536
1791021742,2026-10-03T18:02:21,wsl.SwapTotal_kb,0
1791021742,2026-10-03T18:02:21,wsl.SwapFree_kb,0
1791021742,2026-10-03T18:02:21,wsl.Dirty_kb,104
1791021742,2026-10-03T18:02:21,wsl.load1,7.0
1791021742,2026-10-03T18:02:21,wsl.load5,7.68
1791021742,2026-10-03T18:02:21,host.c_free_bytes,49314238464
1791021742,2026-10-03T18:02:21,host.q_free_bytes,421445345280
1791021742,2026-10-03T18:02:21,host.docker_vhdx_bytes,15592325120
1791021742,2026-10-03T18:02:21,host.ubuntu_vhdx_bytes,212983611392
1791021742,2026-10-03T18:02:21,win.Processor(_Total)\% Processor Time,39.895223
1791021742,2026-10-03T18:02:21,win.Memory\Available MBytes,9496.0
1791021742,2026-10-03T18:02:21,win.PhysicalDisk(0 C:)\% Disk Time,218.240316
1791021742,2026-10-03T18:02:21,win.PhysicalDisk(1 Q:)\% Disk Time,0.0
1791021742,2026-10-03T18:02:21,win.PhysicalDisk(_Total)\% Disk Time,109.120158
1791021742,2026-10-03T18:02:21,win.PhysicalDisk(0 C:)\Current Disk Queue Length,0.0
1791021742,2026-10-03T18:02:21,win.PhysicalDisk(1 Q:)\Current Disk Queue Length,0.0
1791021742,2026-10-03T18:02:21,win.PhysicalDisk(_Total)\Current Disk Queue Length,0.0
1791021742,2026-10-03T18:02:21,win.Process(vmmemWSL)\% Processor Time,583.18405
1791021752,2026-10-03T18:02:31,docker.dev-peer0.org1.example.com-saksi-bulletin_1.0-ee3fe73bad456e43adfc5ba27d9e5a60983b69e8496140308fb21061ecb2ff85.cpu_pct,0.0
1791021752,2026-10-03T18:02:31,docker.dev-peer0.org1.example.com-saksi-bulletin_1.0-ee3fe73bad456e43adfc5ba27d9e5a60983b69e8496140308fb21061ecb2ff85.mem_bytes,7016022.016
1791021752,2026-10-03T18:02:31,docker.dev-peer0.org1.example.com-saksi-bulletin_1.0-ee3fe73bad456e43adfc5ba27d9e5a60983b69e8496140308fb21061ecb2ff85.blk_read_bytes,0.0
1791021752,2026-10-03T18:02:31,docker.dev-peer0.org1.example.com-saksi-bulletin_1.0-ee3fe73bad456e43adfc5ba27d9e5a60983b69e8496140308fb21061ecb2ff85.blk_write_bytes,0.0
1791021752,2026-10-03T18:02:31,docker.dev-peer0.org2.example.com-saksi-bulletin_1.0-ee3fe73bad456e43adfc5ba27d9e5a60983b69e8496140308fb21061ecb2ff85.cpu_pct,0.0
1791021752,2026-10-03T18:02:31,docker.dev-peer0.org2.example.com-saksi-bulletin_1.0-ee3fe73bad456e43adfc5ba27d9e5a60983b69e8496140308fb21061ecb2ff85.mem_bytes,7024410.624
1791021752,2026-10-03T18:02:31,docker.dev-peer0.org2.example.com-saksi-bulletin_1.0-ee3fe73bad456e43adfc5ba27d9e5a60983b69e8496140308fb21061ecb2ff85.blk_read_bytes,0.0
1791021752,2026-10-03T18:02:31,docker.dev-peer0.org2.example.com-saksi-bulletin_1.0-ee3fe73bad456e43adfc5ba27d9e5a60983b69e8496140308fb21061ecb2ff85.blk_write_bytes,0.0
1791021752,2026-10-03T18:02:31,docker.peer0.org1.example.com.cpu_pct,1.44
1791021752,2026-10-03T18:02:31,docker.peer0.org1.example.com.mem_bytes,52743372.8
1791021752,2026-10-03T18:02:31,docker.peer0.org1.example.com.blk_read_bytes,3760000.0
1791021752,2026-10-03T18:02:31,docker.peer0.org1.example.com.blk_write_bytes,4990000.0
1791021752,2026-10-03T18:02:31,docker.peer0.org2.example.com.cpu_pct,0.91
1791021752,2026-10-03T18:02:31,docker.peer0.org2.example.com.mem_bytes,44941967.36
1791021752,2026-10-03T18:02:31,docker.peer0.org2.example.com.blk_read_bytes,545000.0
1791021752,2026-10-03T18:02:31,docker.peer0.org2.example.com.blk_write_bytes,3610000.0
1791021752,2026-10-03T18:02:31,docker.orderer.example.com.cpu_pct,0.05
1791021752,2026-10-03T18:02:31,docker.orderer.example.com.mem_bytes,18203279.36
1791021752,2026-10-03T18:02:31,docker.orderer.example.com.blk_read_bytes,31400000.0
1791021752,2026-10-03T18:02:31,docker.orderer.example.com.blk_write_bytes,262000.0
1791021752,2026-10-03T18:02:31,wsl.MemTotal_kb,24608408
1791021752,2026-10-03T18:02:31,wsl.MemAvailable_kb,22920208
1791021752,2026-10-03T18:02:31,wsl.SwapTotal_kb,0
1791021752,2026-10-03T18:02:31,wsl.SwapFree_kb,0
1791021752,2026-10-03T18:02:31,wsl.Dirty_kb,108
1791021752,2026-10-03T18:02:31,wsl.load1,8.99
1791021752,2026-10-03T18:02:31,wsl.load5,8.09
1791021752,2026-10-03T18:02:31,host.c_free_bytes,49313976320
1791021752,2026-10-03T18:02:31,host.q_free_bytes,421445345280
1791021752,2026-10-03T18:02:31,host.docker_vhdx_bytes,15592325120
1791021752,2026-10-03T18:02:31,host.ubuntu_vhdx_bytes,212983611392
1791021752,2026-10-03T18:02:31,win.Processor(_Total)\% Processor Time,89.941765
1791021752,2026-10-03T18:02:31,win.Memory\Available MBytes,10032.0
1791021752,2026-10-03T18:02:31,win.PhysicalDisk(0 C:)\% Disk Time,1.661434
1791021752,2026-10-03T18:02:31,win.PhysicalDisk(1 Q:)\% Disk Time,0.0
1791021752,2026-10-03T18:02:31,win.PhysicalDisk(_Total)\% Disk Time,0.830717
1791021752,2026-10-03T18:02:31,win.PhysicalDisk(0 C:)\Current Disk Queue Length,0.0
1791021752,2026-10-03T18:02:31,win.PhysicalDisk(1 Q:)\Current Disk Queue Length,0.0
1791021752,2026-10-03T18:02:31,win.PhysicalDisk(_Total)\Current Disk Queue Length,0.0
1791021752,2026-10-03T18:02:31,win.Process(vmmemWSL)\% Processor Time,1371.900377
1791021762,2026-10-03T18:02:41,docker.dev-peer0.org1.example.com-saksi-bulletin_1.0-ee3fe73bad456e43adfc5ba27d9e5a60983b69e8496140308fb21061ecb2ff85.cpu_pct,0.63
1791021762,2026-10-03T18:02:41,docker.dev-peer0.org1.example.com-saksi-bulletin_1.0-ee3fe73bad456e43adfc5ba27d9e5a60983b69e8496140308fb21061ecb2ff85.mem_bytes,7073693.696
1791021762,2026-10-03T18:02:41,docker.dev-peer0.org1.example.com-saksi-bulletin_1.0-ee3fe73bad456e43adfc5ba27d9e5a60983b69e8496140308fb21061ecb2ff85.blk_read_bytes,0.0
1791021762,2026-10-03T18:02:41,docker.dev-peer0.org1.example.com-saksi-bulletin_1.0-ee3fe73bad456e43adfc5ba27d9e5a60983b69e8496140308fb21061ecb2ff85.blk_write_bytes,0.0
1791021762,2026-10-03T18:02:41,docker.dev-peer0.org2.example.com-saksi-bulletin_1.0-ee3fe73bad456e43adfc5ba27d9e5a60983b69e8496140308fb21061ecb2ff85.cpu_pct,0.25
1791021762,2026-10-03T18:02:41,docker.dev-peer0.org2.example.com-saksi-bulletin_1.0-ee3fe73bad456e43adfc5ba27d9e5a60983b69e8496140308fb21061ecb2ff85.mem_bytes,7806648.32
1791021762,2026-10-03T18:02:41,docker.dev-peer0.org2.example.com-saksi-bulletin_1.0-ee3fe73bad456e43adfc5ba27d9e5a60983b69e8496140308fb21061ecb2ff85.blk_read_bytes,0.0
1791021762,2026-10-03T18:02:41,docker.dev-peer0.org2.example.com-saksi-bulletin_1.0-ee3fe73bad456e43adfc5ba27d9e5a60983b69e8496140308fb21061ecb2ff85.blk_write_bytes,0.0
1791021762,2026-10-03T18:02:41,docker.peer0.org1.example.com.cpu_pct,1.08
1791021762,2026-10-03T18:02:41,docker.peer0.org1.example.com.mem_bytes,52481228.8
1791021762,2026-10-03T18:02:41,docker.peer0.org1.example.com.blk_read_bytes,3760000.0
1791021762,2026-10-03T18:02:41,docker.peer0.org1.example.com.blk_write_bytes,4990000.0
1791021762,2026-10-03T18:02:41,docker.peer0.org2.example.com.cpu_pct,1.11
1791021762,2026-10-03T18:02:41,docker.peer0.org2.example.com.mem_bytes,44459622.4
1791021762,2026-10-03T18:02:41,docker.peer0.org2.example.com.blk_read_bytes,545000.0
1791021762,2026-10-03T18:02:41,docker.peer0.org2.example.com.blk_write_bytes,3610000.0
1791021762,2026-10-03T18:02:41,docker.orderer.example.com.cpu_pct,0.07
1791021762,2026-10-03T18:02:41,docker.orderer.example.com.mem_bytes,18203279.36
1791021762,2026-10-03T18:02:41,docker.orderer.example.com.blk_read_bytes,31400000.0
1791021762,2026-10-03T18:02:41,docker.orderer.example.com.blk_write_bytes,262000.0
1791021762,2026-10-03T18:02:41,wsl.MemTotal_kb,24608408
1791021762,2026-10-03T18:02:41,wsl.MemAvailable_kb,22916472
1791021762,2026-10-03T18:02:41,wsl.SwapTotal_kb,0
1791021762,2026-10-03T18:02:41,wsl.SwapFree_kb,0
1791021762,2026-10-03T18:02:41,wsl.Dirty_kb,0
1791021762,2026-10-03T18:02:41,wsl.load1,8.35
1791021762,2026-10-03T18:02:41,wsl.load5,7.97
1791021762,2026-10-03T18:02:41,host.c_free_bytes,49315680256
1791021762,2026-10-03T18:02:41,host.q_free_bytes,421445345280
1791021762,2026-10-03T18:02:41,host.docker_vhdx_bytes,15592325120
1791021762,2026-10-03T18:02:41,host.ubuntu_vhdx_bytes,212983611392
1791021762,2026-10-03T18:02:41,win.Processor(_Total)\% Processor Time,90.018721
1791021762,2026-10-03T18:02:41,win.Memory\Available MBytes,10141.0
1791021762,2026-10-03T18:02:41,win.PhysicalDisk(0 C:)\% Disk Time,2.967025
1791021762,2026-10-03T18:02:41,win.PhysicalDisk(1 Q:)\% Disk Time,0.0
1791021762,2026-10-03T18:02:41,win.PhysicalDisk(_Total)\% Disk Time,1.483512
1791021762,2026-10-03T18:02:41,win.PhysicalDisk(0 C:)\Current Disk Queue Length,0.0
1791021762,2026-10-03T18:02:41,win.PhysicalDisk(1 Q:)\Current Disk Queue Length,0.0
1791021762,2026-10-03T18:02:41,win.PhysicalDisk(_Total)\Current Disk Queue Length,0.0
1791021762,2026-10-03T18:02:41,win.Process(vmmemWSL)\% Processor Time,1357.92175
1791021772,2026-10-03T18:02:51,docker.dev-peer0.org1.example.com-saksi-bulletin_1.0-ee3fe73bad456e43adfc5ba27d9e5a60983b69e8496140308fb21061ecb2ff85.cpu_pct,0.0
1791021772,2026-10-03T18:02:51,docker.dev-peer0.org1.example.com-saksi-bulletin_1.0-ee3fe73bad456e43adfc5ba27d9e5a60983b69e8496140308fb21061ecb2ff85.mem_bytes,7073693.696
1791021772,2026-10-03T18:02:51,docker.dev-peer0.org1.example.com-saksi-bulletin_1.0-ee3fe73bad456e43adfc5ba27d9e5a60983b69e8496140308fb21061ecb2ff85.blk_read_bytes,0.0
1791021772,2026-10-03T18:02:51,docker.dev-peer0.org1.example.com-saksi-bulletin_1.0-ee3fe73bad456e43adfc5ba27d9e5a60983b69e8496140308fb21061ecb2ff85.blk_write_bytes,0.0
1791021772,2026-10-03T18:02:51,docker.dev-peer0.org2.example.com-saksi-bulletin_1.0-ee3fe73bad456e43adfc5ba27d9e5a60983b69e8496140308fb21061ecb2ff85.cpu_pct,0.0
1791021772,2026-10-03T18:02:51,docker.dev-peer0.org2.example.com-saksi-bulletin_1.0-ee3fe73bad456e43adfc5ba27d9e5a60983b69e8496140308fb21061ecb2ff85.mem_bytes,7799308.288
1791021772,2026-10-03T18:02:51,docker.dev-peer0.org2.example.com-saksi-bulletin_1.0-ee3fe73bad456e43adfc5ba27d9e5a60983b69e8496140308fb21061ecb2ff85.blk_read_bytes,0.0
1791021772,2026-10-03T18:02:51,docker.dev-peer0.org2.example.com-saksi-bulletin_1.0-ee3fe73bad456e43adfc5ba27d9e5a60983b69e8496140308fb21061ecb2ff85.blk_write_bytes,0.0
1791021772,2026-10-03T18:02:51,docker.peer0.org1.example.com.cpu_pct,1.0
1791021772,2026-10-03T18:02:51,docker.peer0.org1.example.com.mem_bytes,52774830.08
1791021772,2026-10-03T18:02:51,docker.peer0.org1.example.com.blk_read_bytes,3760000.0
1791021772,2026-10-03T18:02:51,docker.peer0.org1.example.com.blk_write_bytes,4990000.0
1791021772,2026-10-03T18:02:51,docker.peer0.org2.example.com.cpu_pct,0.88
1791021772,2026-10-03T18:02:51,docker.peer0.org2.example.com.mem_bytes,44533022.72
1791021772,2026-10-03T18:02:51,docker.peer0.org2.example.com.blk_read_bytes,545000.0
1791021772,2026-10-03T18:02:51,docker.peer0.org2.example.com.blk_write_bytes,3610000.0
1791021772,2026-10-03T18:02:51,docker.orderer.example.com.cpu_pct,0.04
1791021772,2026-10-03T18:02:51,docker.orderer.example.com.mem_bytes,17941135.36
1791021772,2026-10-03T18:02:51,docker.orderer.example.com.blk_read_bytes,31400000.0
1791021772,2026-10-03T18:02:51,docker.orderer.example.com.blk_write_bytes,262000.0
1791021772,2026-10-03T18:02:51,wsl.MemTotal_kb,24608408
1791021772,2026-10-03T18:02:51,wsl.MemAvailable_kb,22888980
1791021772,2026-10-03T18:02:51,wsl.SwapTotal_kb,0
1791021772,2026-10-03T18:02:51,wsl.SwapFree_kb,0
1791021772,2026-10-03T18:02:51,wsl.Dirty_kb,28
1791021772,2026-10-03T18:02:51,wsl.load1,9.53
1791021772,2026-10-03T18:02:51,wsl.load5,8.24
1791021772,2026-10-03T18:02:51,host.c_free_bytes,49315221504
1791021772,2026-10-03T18:02:51,host.q_free_bytes,421445345280
1791021772,2026-10-03T18:02:51,host.docker_vhdx_bytes,15592325120
1791021772,2026-10-03T18:02:51,host.ubuntu_vhdx_bytes,212983611392
1791021772,2026-10-03T18:02:51,win.Processor(_Total)\% Processor Time,89.570404
1791021772,2026-10-03T18:02:51,win.Memory\Available MBytes,10108.0
1791021772,2026-10-03T18:02:51,win.PhysicalDisk(0 C:)\% Disk Time,1.561114
1791021772,2026-10-03T18:02:51,win.PhysicalDisk(1 Q:)\% Disk Time,0.0
1791021772,2026-10-03T18:02:51,win.PhysicalDisk(_Total)\% Disk Time,0.780556
1791021772,2026-10-03T18:02:51,win.PhysicalDisk(0 C:)\Current Disk Queue Length,0.0
1791021772,2026-10-03T18:02:51,win.PhysicalDisk(1 Q:)\Current Disk Queue Length,0.0
1791021772,2026-10-03T18:02:51,win.PhysicalDisk(_Total)\Current Disk Queue Length,0.0
1791021772,2026-10-03T18:02:51,win.Process(vmmemWSL)\% Processor Time,1364.647826
1791021782,2026-10-03T18:03:01,docker.dev-peer0.org1.example.com-saksi-bulletin_1.0-ee3fe73bad456e43adfc5ba27d9e5a60983b69e8496140308fb21061ecb2ff85.cpu_pct,0.0
1791021782,2026-10-03T18:03:01,docker.dev-peer0.org1.example.com-saksi-bulletin_1.0-ee3fe73bad456e43adfc5ba27d9e5a60983b69e8496140308fb21061ecb2ff85.mem_bytes,7073693.696
1791021782,2026-10-03T18:03:01,docker.dev-peer0.org1.example.com-saksi-bulletin_1.0-ee3fe73bad456e43adfc5ba27d9e5a60983b69e8496140308fb21061ecb2ff85.blk_read_bytes,0.0
1791021782,2026-10-03T18:03:01,docker.dev-peer0.org1.example.com-saksi-bulletin_1.0-ee3fe73bad456e43adfc5ba27d9e5a60983b69e8496140308fb21061ecb2ff85.blk_write_bytes,0.0
1791021782,2026-10-03T18:03:01,docker.dev-peer0.org2.example.com-saksi-bulletin_1.0-ee3fe73bad456e43adfc5ba27d9e5a60983b69e8496140308fb21061ecb2ff85.cpu_pct,0.0
1791021782,2026-10-03T18:03:01,docker.dev-peer0.org2.example.com-saksi-bulletin_1.0-ee3fe73bad456e43adfc5ba27d9e5a60983b69e8496140308fb21061ecb2ff85.mem_bytes,7548698.624
1791021782,2026-10-03T18:03:01,docker.dev-peer0.org2.example.com-saksi-bulletin_1.0-ee3fe73bad456e43adfc5ba27d9e5a60983b69e8496140308fb21061ecb2ff85.blk_read_bytes,0.0
1791021782,2026-10-03T18:03:01,docker.dev-peer0.org2.example.com-saksi-bulletin_1.0-ee3fe73bad456e43adfc5ba27d9e5a60983b69e8496140308fb21061ecb2ff85.blk_write_bytes,0.0
1791021782,2026-10-03T18:03:01,docker.peer0.org1.example.com.cpu_pct,1.21
1791021782,2026-10-03T18:03:01,docker.peer0.org1.example.com.mem_bytes,53026488.32
1791021782,2026-10-03T18:03:01,docker.peer0.org1.example.com.blk_read_bytes,3760000.0
1791021782,2026-10-03T18:03:01,docker.peer0.org1.example.com.blk_write_bytes,4990000.0
1791021782,2026-10-03T18:03:01,docker.peer0.org2.example.com.cpu_pct,1.14
1791021782,2026-10-03T18:03:01,docker.peer0.org2.example.com.mem_bytes,44784680.96
1791021782,2026-10-03T18:03:01,docker.peer0.org2.example.com.blk_read_bytes,545000.0
1791021782,2026-10-03T18:03:01,docker.peer0.org2.example.com.blk_write_bytes,3610000.0
1791021782,2026-10-03T18:03:01,docker.orderer.example.com.cpu_pct,0.03
1791021782,2026-10-03T18:03:01,docker.orderer.example.com.mem_bytes,17941135.36
1791021782,2026-10-03T18:03:01,docker.orderer.example.com.blk_read_bytes,31400000.0
1791021782,2026-10-03T18:03:01,docker.orderer.example.com.blk_write_bytes,262000.0
1791021782,2026-10-03T18:03:01,wsl.MemTotal_kb,24608408
1791021782,2026-10-03T18:03:01,wsl.MemAvailable_kb,22884744
1791021782,2026-10-03T18:03:01,wsl.SwapTotal_kb,0
1791021782,2026-10-03T18:03:01,wsl.SwapFree_kb,0
1791021782,2026-10-03T18:03:01,wsl.Dirty_kb,124
1791021782,2026-10-03T18:03:01,wsl.load1,10.53
1791021782,2026-10-03T18:03:01,wsl.load5,8.49
1791021782,2026-10-03T18:03:01,host.c_free_bytes,49314893824
1791021782,2026-10-03T18:03:01,host.q_free_bytes,421445345280
1791021782,2026-10-03T18:03:01,host.docker_vhdx_bytes,15592325120
1791021782,2026-10-03T18:03:01,host.ubuntu_vhdx_bytes,212983611392
1791021782,2026-10-03T18:03:01,win.Processor(_Total)\% Processor Time,90.736701
1791021782,2026-10-03T18:03:01,win.Memory\Available MBytes,10018.0
1791021782,2026-10-03T18:03:01,win.PhysicalDisk(0 C:)\% Disk Time,1.790996
1791021782,2026-10-03T18:03:01,win.PhysicalDisk(1 Q:)\% Disk Time,0.0
1791021782,2026-10-03T18:03:01,win.PhysicalDisk(_Total)\% Disk Time,0.895498
1791021782,2026-10-03T18:03:01,win.PhysicalDisk(0 C:)\Current Disk Queue Length,0.0
1791021782,2026-10-03T18:03:01,win.PhysicalDisk(1 Q:)\Current Disk Queue Length,0.0
1791021782,2026-10-03T18:03:01,win.PhysicalDisk(_Total)\Current Disk Queue Length,0.0
1791021782,2026-10-03T18:03:01,win.Process(vmmemWSL)\% Processor Time,1383.527227
1791021792,2026-10-03T18:03:11,docker.dev-peer0.org1.example.com-saksi-bulletin_1.0-ee3fe73bad456e43adfc5ba27d9e5a60983b69e8496140308fb21061ecb2ff85.cpu_pct,0.0
1791021792,2026-10-03T18:03:11,docker.dev-peer0.org1.example.com-saksi-bulletin_1.0-ee3fe73bad456e43adfc5ba27d9e5a60983b69e8496140308fb21061ecb2ff85.mem_bytes,6955204.608
1791021792,2026-10-03T18:03:11,docker.dev-peer0.org1.example.com-saksi-bulletin_1.0-ee3fe73bad456e43adfc5ba27d9e5a60983b69e8496140308fb21061ecb2ff85.blk_read_bytes,0.0
1791021792,2026-10-03T18:03:11,docker.dev-peer0.org1.example.com-saksi-bulletin_1.0-ee3fe73bad456e43adfc5ba27d9e5a60983b69e8496140308fb21061ecb2ff85.blk_write_bytes,0.0
1791021792,2026-10-03T18:03:11,docker.dev-peer0.org2.example.com-saksi-bulletin_1.0-ee3fe73bad456e43adfc5ba27d9e5a60983b69e8496140308fb21061ecb2ff85.cpu_pct,0.0
1791021792,2026-10-03T18:03:11,docker.dev-peer0.org2.example.com-saksi-bulletin_1.0-ee3fe73bad456e43adfc5ba27d9e5a60983b69e8496140308fb21061ecb2ff85.mem_bytes,7192182.784
1791021792,2026-10-03T18:03:11,docker.dev-peer0.org2.example.com-saksi-bulletin_1.0-ee3fe73bad456e43adfc5ba27d9e5a60983b69e8496140308fb21061ecb2ff85.blk_read_bytes,0.0
1791021792,2026-10-03T18:03:11,docker.dev-peer0.org2.example.com-saksi-bulletin_1.0-ee3fe73bad456e43adfc5ba27d9e5a60983b69e8496140308fb21061ecb2ff85.blk_write_bytes,0.0
1791021792,2026-10-03T18:03:11,docker.peer0.org1.example.com.cpu_pct,0.87
1791021792,2026-10-03T18:03:11,docker.peer0.org1.example.com.mem_bytes,53288632.32
1791021792,2026-10-03T18:03:11,docker.peer0.org1.example.com.blk_read_bytes,3760000.0
1791021792,2026-10-03T18:03:11,docker.peer0.org1.example.com.blk_write_bytes,4990000.0
1791021792,2026-10-03T18:03:11,docker.peer0.org2.example.com.cpu_pct,0.97
1791021792,2026-10-03T18:03:11,docker.peer0.org2.example.com.mem_bytes,45046824.96
1791021792,2026-10-03T18:03:11,docker.peer0.org2.example.com.blk_read_bytes,545000.0
1791021792,2026-10-03T18:03:11,docker.peer0.org2.example.com.blk_write_bytes,3610000.0
1791021792,2026-10-03T18:03:11,docker.orderer.example.com.cpu_pct,0.05
1791021792,2026-10-03T18:03:11,docker.orderer.example.com.mem_bytes,17930649.6
1791021792,2026-10-03T18:03:11,docker.orderer.example.com.blk_read_bytes,31400000.0
1791021792,2026-10-03T18:03:11,docker.orderer.example.com.blk_write_bytes,262000.0
1791021792,2026-10-03T18:03:11,wsl.MemTotal_kb,24608408
1791021792,2026-10-03T18:03:11,wsl.MemAvailable_kb,22882004
1791021792,2026-10-03T18:03:11,wsl.SwapTotal_kb,0
1791021792,2026-10-03T18:03:11,wsl.SwapFree_kb,0
1791021792,2026-10-03T18:03:11,wsl.Dirty_kb,124
1791021792,2026-10-03T18:03:11,wsl.load1,11.81
1791021792,2026-10-03T18:03:11,wsl.load5,8.88
1791021792,2026-10-03T18:03:11,host.c_free_bytes,49314566144
1791021792,2026-10-03T18:03:11,host.q_free_bytes,421445345280
1791021792,2026-10-03T18:03:11,host.docker_vhdx_bytes,15592325120
1791021792,2026-10-03T18:03:11,host.ubuntu_vhdx_bytes,212983611392
1791021792,2026-10-03T18:03:11,win.Processor(_Total)\% Processor Time,89.428829
1791021792,2026-10-03T18:03:11,win.Memory\Available MBytes,10005.0
1791021792,2026-10-03T18:03:11,win.PhysicalDisk(0 C:)\% Disk Time,3.998035
1791021792,2026-10-03T18:03:11,win.PhysicalDisk(1 Q:)\% Disk Time,0.0
1791021792,2026-10-03T18:03:11,win.PhysicalDisk(_Total)\% Disk Time,1.999018
1791021792,2026-10-03T18:03:11,win.PhysicalDisk(0 C:)\Current Disk Queue Length,0.0
1791021792,2026-10-03T18:03:11,win.PhysicalDisk(1 Q:)\Current Disk Queue Length,0.0
1791021792,2026-10-03T18:03:11,win.PhysicalDisk(_Total)\Current Disk Queue Length,0.0
1791021792,2026-10-03T18:03:11,win.Process(vmmemWSL)\% Processor Time,1369.337269
1791021802,2026-10-03T18:03:21,docker.dev-peer0.org1.example.com-saksi-bulletin_1.0-ee3fe73bad456e43adfc5ba27d9e5a60983b69e8496140308fb21061ecb2ff85.cpu_pct,0.0
1791021802,2026-10-03T18:03:21,docker.dev-peer0.org1.example.com-saksi-bulletin_1.0-ee3fe73bad456e43adfc5ba27d9e5a60983b69e8496140308fb21061ecb2ff85.mem_bytes,6955204.608
1791021802,2026-10-03T18:03:21,docker.dev-peer0.org1.example.com-saksi-bulletin_1.0-ee3fe73bad456e43adfc5ba27d9e5a60983b69e8496140308fb21061ecb2ff85.blk_read_bytes,0.0
1791021802,2026-10-03T18:03:21,docker.dev-peer0.org1.example.com-saksi-bulletin_1.0-ee3fe73bad456e43adfc5ba27d9e5a60983b69e8496140308fb21061ecb2ff85.blk_write_bytes,0.0
1791021802,2026-10-03T18:03:21,docker.dev-peer0.org2.example.com-saksi-bulletin_1.0-ee3fe73bad456e43adfc5ba27d9e5a60983b69e8496140308fb21061ecb2ff85.cpu_pct,0.0
1791021802,2026-10-03T18:03:21,docker.dev-peer0.org2.example.com-saksi-bulletin_1.0-ee3fe73bad456e43adfc5ba27d9e5a60983b69e8496140308fb21061ecb2ff85.mem_bytes,7192182.784
1791021802,2026-10-03T18:03:21,docker.dev-peer0.org2.example.com-saksi-bulletin_1.0-ee3fe73bad456e43adfc5ba27d9e5a60983b69e8496140308fb21061ecb2ff85.blk_read_bytes,0.0
1791021802,2026-10-03T18:03:21,docker.dev-peer0.org2.example.com-saksi-bulletin_1.0-ee3fe73bad456e43adfc5ba27d9e5a60983b69e8496140308fb21061ecb2ff85.blk_write_bytes,0.0
1791021802,2026-10-03T18:03:21,docker.peer0.org1.example.com.cpu_pct,1.2
1791021802,2026-10-03T18:03:21,docker.peer0.org1.example.com.mem_bytes,53036974.08
1791021802,2026-10-03T18:03:21,docker.peer0.org1.example.com.blk_read_bytes,3760000.0
1791021802,2026-10-03T18:03:21,docker.peer0.org1.example.com.blk_write_bytes,4990000.0
1791021802,2026-10-03T18:03:21,docker.peer0.org2.example.com.cpu_pct,1.15
1791021802,2026-10-03T18:03:21,docker.peer0.org2.example.com.mem_bytes,45308968.96
1791021802,2026-10-03T18:03:21,docker.peer0.org2.example.com.blk_read_bytes,545000.0
1791021802,2026-10-03T18:03:21,docker.peer0.org2.example.com.blk_write_bytes,3610000.0
1791021802,2026-10-03T18:03:21,docker.orderer.example.com.cpu_pct,0.03
1791021802,2026-10-03T18:03:21,docker.orderer.example.com.mem_bytes,17930649.6
1791021802,2026-10-03T18:03:21,docker.orderer.example.com.blk_read_bytes,31400000.0
1791021802,2026-10-03T18:03:21,docker.orderer.example.com.blk_write_bytes,262000.0
1791021802,2026-10-03T18:03:21,wsl.MemTotal_kb,24608408
1791021802,2026-10-03T18:03:21,wsl.MemAvailable_kb,22874628
1791021802,2026-10-03T18:03:21,wsl.SwapTotal_kb,0
1791021802,2026-10-03T18:03:21,wsl.SwapFree_kb,0
1791021802,2026-10-03T18:03:21,wsl.Dirty_kb,24
1791021802,2026-10-03T18:03:21,wsl.load1,12.14
1791021802,2026-10-03T18:03:21,wsl.load5,9.0
1791021802,2026-10-03T18:03:21,host.c_free_bytes,49314287616
1791021802,2026-10-03T18:03:21,host.q_free_bytes,421445345280
1791021802,2026-10-03T18:03:21,host.docker_vhdx_bytes,15592325120
1791021802,2026-10-03T18:03:21,host.ubuntu_vhdx_bytes,212983611392
1791021802,2026-10-03T18:03:21,win.Processor(_Total)\% Processor Time,89.573093
1791021802,2026-10-03T18:03:21,win.Memory\Available MBytes,10010.0
1791021802,2026-10-03T18:03:21,win.PhysicalDisk(0 C:)\% Disk Time,1.387281
1791021802,2026-10-03T18:03:21,win.PhysicalDisk(1 Q:)\% Disk Time,0.0
1791021802,2026-10-03T18:03:21,win.PhysicalDisk(_Total)\% Disk Time,0.693641
1791021802,2026-10-03T18:03:21,win.PhysicalDisk(0 C:)\Current Disk Queue Length,0.0
1791021802,2026-10-03T18:03:21,win.PhysicalDisk(1 Q:)\Current Disk Queue Length,0.0
1791021802,2026-10-03T18:03:21,win.PhysicalDisk(_Total)\Current Disk Queue Length,0.0
1791021802,2026-10-03T18:03:21,win.Process(vmmemWSL)\% Processor Time,1380.639444
1791021812,2026-10-03T18:03:31,docker.dev-peer0.org1.example.com-saksi-bulletin_1.0-ee3fe73bad456e43adfc5ba27d9e5a60983b69e8496140308fb21061ecb2ff85.cpu_pct,0.0
1791021812,2026-10-03T18:03:31,docker.dev-peer0.org1.example.com-saksi-bulletin_1.0-ee3fe73bad456e43adfc5ba27d9e5a60983b69e8496140308fb21061ecb2ff85.mem_bytes,6955204.608
1791021812,2026-10-03T18:03:31,docker.dev-peer0.org1.example.com-saksi-bulletin_1.0-ee3fe73bad456e43adfc5ba27d9e5a60983b69e8496140308fb21061ecb2ff85.blk_read_bytes,0.0
1791021812,2026-10-03T18:03:31,docker.dev-peer0.org1.example.com-saksi-bulletin_1.0-ee3fe73bad456e43adfc5ba27d9e5a60983b69e8496140308fb21061ecb2ff85.blk_write_bytes,0.0
1791021812,2026-10-03T18:03:31,docker.dev-peer0.org2.example.com-saksi-bulletin_1.0-ee3fe73bad456e43adfc5ba27d9e5a60983b69e8496140308fb21061ecb2ff85.cpu_pct,0.0
1791021812,2026-10-03T18:03:31,docker.dev-peer0.org2.example.com-saksi-bulletin_1.0-ee3fe73bad456e43adfc5ba27d9e5a60983b69e8496140308fb21061ecb2ff85.mem_bytes,7192182.784
1791021812,2026-10-03T18:03:31,docker.dev-peer0.org2.example.com-saksi-bulletin_1.0-ee3fe73bad456e43adfc5ba27d9e5a60983b69e8496140308fb21061ecb2ff85.blk_read_bytes,0.0
1791021812,2026-10-03T18:03:31,docker.dev-peer0.org2.example.com-saksi-bulletin_1.0-ee3fe73bad456e43adfc5ba27d9e5a60983b69e8496140308fb21061ecb2ff85.blk_write_bytes,0.0
1791021812,2026-10-03T18:03:31,docker.peer0.org1.example.com.cpu_pct,0.93
1791021812,2026-10-03T18:03:31,docker.peer0.org1.example.com.mem_bytes,52953088.0
1791021812,2026-10-03T18:03:31,docker.peer0.org1.example.com.blk_read_bytes,3760000.0
1791021812,2026-10-03T18:03:31,docker.peer0.org1.example.com.blk_write_bytes,4990000.0
1791021812,2026-10-03T18:03:31,docker.peer0.org2.example.com.cpu_pct,0.91
1791021812,2026-10-03T18:03:31,docker.peer0.org2.example.com.mem_bytes,45267025.92
1791021812,2026-10-03T18:03:31,docker.peer0.org2.example.com.blk_read_bytes,545000.0
1791021812,2026-10-03T18:03:31,docker.peer0.org2.example.com.blk_write_bytes,3610000.0
1791021812,2026-10-03T18:03:31,docker.orderer.example.com.cpu_pct,0.03
1791021812,2026-10-03T18:03:31,docker.orderer.example.com.mem_bytes,17930649.6
1791021812,2026-10-03T18:03:31,docker.orderer.example.com.blk_read_bytes,31400000.0
1791021812,2026-10-03T18:03:31,docker.orderer.example.com.blk_write_bytes,262000.0
1791021812,2026-10-03T18:03:31,wsl.MemTotal_kb,24608408
1791021812,2026-10-03T18:03:31,wsl.MemAvailable_kb,22830908
1791021812,2026-10-03T18:03:31,wsl.SwapTotal_kb,0
1791021812,2026-10-03T18:03:31,wsl.SwapFree_kb,0
1791021812,2026-10-03T18:03:31,wsl.Dirty_kb,132
1791021812,2026-10-03T18:03:31,wsl.load1,12.74
1791021812,2026-10-03T18:03:31,wsl.load5,9.23
1791021812,2026-10-03T18:03:31,host.c_free_bytes,49306570752
1791021812,2026-10-03T18:03:31,host.q_free_bytes,421445345280
1791021812,2026-10-03T18:03:31,host.docker_vhdx_bytes,15592325120
1791021812,2026-10-03T18:03:31,host.ubuntu_vhdx_bytes,212983611392
1791021812,2026-10-03T18:03:31,win.Processor(_Total)\% Processor Time,89.637298
1791021812,2026-10-03T18:03:31,win.Memory\Available MBytes,9988.0
1791021812,2026-10-03T18:03:31,win.PhysicalDisk(0 C:)\% Disk Time,1.215955
1791021812,2026-10-03T18:03:31,win.PhysicalDisk(1 Q:)\% Disk Time,0.0
1791021812,2026-10-03T18:03:31,win.PhysicalDisk(_Total)\% Disk Time,0.607978
1791021812,2026-10-03T18:03:31,win.PhysicalDisk(0 C:)\Current Disk Queue Length,0.0
1791021812,2026-10-03T18:03:31,win.PhysicalDisk(1 Q:)\Current Disk Queue Length,0.0
1791021812,2026-10-03T18:03:31,win.PhysicalDisk(_Total)\Current Disk Queue Length,0.0
1791021812,2026-10-03T18:03:31,win.Process(vmmemWSL)\% Processor Time,1369.319333
1791021822,2026-10-03T18:03:41,docker.dev-peer0.org1.example.com-saksi-bulletin_1.0-ee3fe73bad456e43adfc5ba27d9e5a60983b69e8496140308fb21061ecb2ff85.cpu_pct,0.0
1791021822,2026-10-03T18:03:41,docker.dev-peer0.org1.example.com-saksi-bulletin_1.0-ee3fe73bad456e43adfc5ba27d9e5a60983b69e8496140308fb21061ecb2ff85.mem_bytes,6955204.608
1791021822,2026-10-03T18:03:41,docker.dev-peer0.org1.example.com-saksi-bulletin_1.0-ee3fe73bad456e43adfc5ba27d9e5a60983b69e8496140308fb21061ecb2ff85.blk_read_bytes,0.0
1791021822,2026-10-03T18:03:41,docker.dev-peer0.org1.example.com-saksi-bulletin_1.0-ee3fe73bad456e43adfc5ba27d9e5a60983b69e8496140308fb21061ecb2ff85.blk_write_bytes,0.0
1791021822,2026-10-03T18:03:41,docker.dev-peer0.org2.example.com-saksi-bulletin_1.0-ee3fe73bad456e43adfc5ba27d9e5a60983b69e8496140308fb21061ecb2ff85.cpu_pct,0.0
1791021822,2026-10-03T18:03:41,docker.dev-peer0.org2.example.com-saksi-bulletin_1.0-ee3fe73bad456e43adfc5ba27d9e5a60983b69e8496140308fb21061ecb2ff85.mem_bytes,7192182.784
1791021822,2026-10-03T18:03:41,docker.dev-peer0.org2.example.com-saksi-bulletin_1.0-ee3fe73bad456e43adfc5ba27d9e5a60983b69e8496140308fb21061ecb2ff85.blk_read_bytes,0.0
1791021822,2026-10-03T18:03:41,docker.dev-peer0.org2.example.com-saksi-bulletin_1.0-ee3fe73bad456e43adfc5ba27d9e5a60983b69e8496140308fb21061ecb2ff85.blk_write_bytes,0.0
1791021822,2026-10-03T18:03:41,docker.peer0.org1.example.com.cpu_pct,1.13
1791021822,2026-10-03T18:03:41,docker.peer0.org1.example.com.mem_bytes,53215232.0
1791021822,2026-10-03T18:03:41,docker.peer0.org1.example.com.blk_read_bytes,3760000.0
1791021822,2026-10-03T18:03:41,docker.peer0.org1.example.com.blk_write_bytes,4990000.0
1791021822,2026-10-03T18:03:41,docker.peer0.org2.example.com.cpu_pct,1.12
1791021822,2026-10-03T18:03:41,docker.peer0.org2.example.com.mem_bytes,45529169.92
1791021822,2026-10-03T18:03:41,docker.peer0.org2.example.com.blk_read_bytes,545000.0
1791021822,2026-10-03T18:03:41,docker.peer0.org2.example.com.blk_write_bytes,3610000.0
1791021822,2026-10-03T18:03:41,docker.orderer.example.com.cpu_pct,0.94
1791021822,2026-10-03T18:03:41,docker.orderer.example.com.mem_bytes,17406361.6
1791021822,2026-10-03T18:03:41,docker.orderer.example.com.blk_read_bytes,31400000.0
1791021822,2026-10-03T18:03:41,docker.orderer.example.com.blk_write_bytes,262000.0
1791021822,2026-10-03T18:03:41,wsl.MemTotal_kb,24608408
1791021822,2026-10-03T18:03:41,wsl.MemAvailable_kb,22831196
1791021822,2026-10-03T18:03:41,wsl.SwapTotal_kb,0
1791021822,2026-10-03T18:03:41,wsl.SwapFree_kb,0
1791021822,2026-10-03T18:03:41,wsl.Dirty_kb,132
1791021822,2026-10-03T18:03:41,wsl.load1,13.31
1791021822,2026-10-03T18:03:41,wsl.load5,9.47
1791021822,2026-10-03T18:03:41,host.c_free_bytes,49307226112
1791021822,2026-10-03T18:03:41,host.q_free_bytes,421445345280
1791021822,2026-10-03T18:03:41,host.docker_vhdx_bytes,15592325120
1791021822,2026-10-03T18:03:41,host.ubuntu_vhdx_bytes,212983611392
1791021822,2026-10-03T18:03:41,win.Processor(_Total)\% Processor Time,90.328021
1791021822,2026-10-03T18:03:41,win.Memory\Available MBytes,10002.0
1791021822,2026-10-03T18:03:41,win.PhysicalDisk(0 C:)\% Disk Time,2.122778
1791021822,2026-10-03T18:03:41,win.PhysicalDisk(1 Q:)\% Disk Time,0.0
1791021822,2026-10-03T18:03:41,win.PhysicalDisk(_Total)\% Disk Time,1.061389
1791021822,2026-10-03T18:03:41,win.PhysicalDisk(0 C:)\Current Disk Queue Length,0.0
1791021822,2026-10-03T18:03:41,win.PhysicalDisk(1 Q:)\Current Disk Queue Length,0.0
1791021822,2026-10-03T18:03:41,win.PhysicalDisk(_Total)\Current Disk Queue Length,0.0
1791021822,2026-10-03T18:03:41,win.Process(vmmemWSL)\% Processor Time,1389.801022
1791021832,2026-10-03T18:03:51,docker.dev-peer0.org1.example.com-saksi-bulletin_1.0-ee3fe73bad456e43adfc5ba27d9e5a60983b69e8496140308fb21061ecb2ff85.cpu_pct,0.0
1791021832,2026-10-03T18:03:51,docker.dev-peer0.org1.example.com-saksi-bulletin_1.0-ee3fe73bad456e43adfc5ba27d9e5a60983b69e8496140308fb21061ecb2ff85.mem_bytes,6955204.608
1791021832,2026-10-03T18:03:51,docker.dev-peer0.org1.example.com-saksi-bulletin_1.0-ee3fe73bad456e43adfc5ba27d9e5a60983b69e8496140308fb21061ecb2ff85.blk_read_bytes,0.0
1791021832,2026-10-03T18:03:51,docker.dev-peer0.org1.example.com-saksi-bulletin_1.0-ee3fe73bad456e43adfc5ba27d9e5a60983b69e8496140308fb21061ecb2ff85.blk_write_bytes,0.0
1791021832,2026-10-03T18:03:51,docker.dev-peer0.org2.example.com-saksi-bulletin_1.0-ee3fe73bad456e43adfc5ba27d9e5a60983b69e8496140308fb21061ecb2ff85.cpu_pct,0.0
1791021832,2026-10-03T18:03:51,docker.dev-peer0.org2.example.com-saksi-bulletin_1.0-ee3fe73bad456e43adfc5ba27d9e5a60983b69e8496140308fb21061ecb2ff85.mem_bytes,7192182.784
1791021832,2026-10-03T18:03:51,docker.dev-peer0.org2.example.com-saksi-bulletin_1.0-ee3fe73bad456e43adfc5ba27d9e5a60983b69e8496140308fb21061ecb2ff85.blk_read_bytes,0.0
1791021832,2026-10-03T18:03:51,docker.dev-peer0.org2.example.com-saksi-bulletin_1.0-ee3fe73bad456e43adfc5ba27d9e5a60983b69e8496140308fb21061ecb2ff85.blk_write_bytes,0.0
1791021832,2026-10-03T18:03:51,docker.peer0.org1.example.com.cpu_pct,1.11
1791021832,2026-10-03T18:03:51,docker.peer0.org1.example.com.mem_bytes,53194260.48
1791021832,2026-10-03T18:03:51,docker.peer0.org1.example.com.blk_read_bytes,3760000.0
1791021832,2026-10-03T18:03:51,docker.peer0.org1.example.com.blk_write_bytes,4990000.0
1791021832,2026-10-03T18:03:51,docker.peer0.org2.example.com.cpu_pct,0.87
1791021832,2026-10-03T18:03:51,docker.peer0.org2.example.com.mem_bytes,45518684.16
1791021832,2026-10-03T18:03:51,docker.peer0.org2.example.com.blk_read_bytes,545000.0
1791021832,2026-10-03T18:03:51,docker.peer0.org2.example.com.blk_write_bytes,3610000.0
1791021832,2026-10-03T18:03:51,docker.orderer.example.com.cpu_pct,0.03
1791021832,2026-10-03T18:03:51,docker.orderer.example.com.mem_bytes,17406361.6
1791021832,2026-10-03T18:03:51,docker.orderer.example.com.blk_read_bytes,31400000.0
1791021832,2026-10-03T18:03:51,docker.orderer.example.com.blk_write_bytes,262000.0
1791021832,2026-10-03T18:03:51,wsl.MemTotal_kb,24608408
1791021832,2026-10-03T18:03:51,wsl.MemAvailable_kb,22828444
1791021832,2026-10-03T18:03:51,wsl.SwapTotal_kb,0
1791021832,2026-10-03T18:03:51,wsl.SwapFree_kb,0
1791021832,2026-10-03T18:03:51,wsl.Dirty_kb,92
1791021832,2026-10-03T18:03:51,wsl.load1,14.31
1791021832,2026-10-03T18:03:51,wsl.load5,9.87
1791021832,2026-10-03T18:03:51,host.c_free_bytes,49306898432
1791021832,2026-10-03T18:03:51,host.q_free_bytes,421445345280
1791021832,2026-10-03T18:03:51,host.docker_vhdx_bytes,15592325120
1791021832,2026-10-03T18:03:51,host.ubuntu_vhdx_bytes,212983611392
1791021832,2026-10-03T18:03:51,win.Processor(_Total)\% Processor Time,89.137257
1791021832,2026-10-03T18:03:51,win.Memory\Available MBytes,10004.0
1791021832,2026-10-03T18:03:51,win.PhysicalDisk(0 C:)\% Disk Time,1.348981
1791021832,2026-10-03T18:03:51,win.PhysicalDisk(1 Q:)\% Disk Time,0.0
1791021832,2026-10-03T18:03:51,win.PhysicalDisk(_Total)\% Disk Time,0.67449
1791021832,2026-10-03T18:03:51,win.PhysicalDisk(0 C:)\Current Disk Queue Length,0.0
1791021832,2026-10-03T18:03:51,win.PhysicalDisk(1 Q:)\Current Disk Queue Length,0.0
1791021832,2026-10-03T18:03:51,win.PhysicalDisk(_Total)\Current Disk Queue Length,0.0
1791021832,2026-10-03T18:03:51,win.Process(vmmemWSL)\% Processor Time,1362.816002
1791021842,2026-10-03T18:04:01,docker.dev-peer0.org1.example.com-saksi-bulletin_1.0-ee3fe73bad456e43adfc5ba27d9e5a60983b69e8496140308fb21061ecb2ff85.cpu_pct,0.0
1791021842,2026-10-03T18:04:01,docker.dev-peer0.org1.example.com-saksi-bulletin_1.0-ee3fe73bad456e43adfc5ba27d9e5a60983b69e8496140308fb21061ecb2ff85.mem_bytes,6951010.304
1791021842,2026-10-03T18:04:01,docker.dev-peer0.org1.example.com-saksi-bulletin_1.0-ee3fe73bad456e43adfc5ba27d9e5a60983b69e8496140308fb21061ecb2ff85.blk_read_bytes,0.0
1791021842,2026-10-03T18:04:01,docker.dev-peer0.org1.example.com-saksi-bulletin_1.0-ee3fe73bad456e43adfc5ba27d9e5a60983b69e8496140308fb21061ecb2ff85.blk_write_bytes,0.0
1791021842,2026-10-03T18:04:01,docker.dev-peer0.org2.example.com-saksi-bulletin_1.0-ee3fe73bad456e43adfc5ba27d9e5a60983b69e8496140308fb21061ecb2ff85.cpu_pct,0.0
1791021842,2026-10-03T18:04:01,docker.dev-peer0.org2.example.com-saksi-bulletin_1.0-ee3fe73bad456e43adfc5ba27d9e5a60983b69e8496140308fb21061ecb2ff85.mem_bytes,6942621.696
1791021842,2026-10-03T18:04:01,docker.dev-peer0.org2.example.com-saksi-bulletin_1.0-ee3fe73bad456e43adfc5ba27d9e5a60983b69e8496140308fb21061ecb2ff85.blk_read_bytes,0.0
1791021842,2026-10-03T18:04:01,docker.dev-peer0.org2.example.com-saksi-bulletin_1.0-ee3fe73bad456e43adfc5ba27d9e5a60983b69e8496140308fb21061ecb2ff85.blk_write_bytes,0.0
1791021842,2026-10-03T18:04:01,docker.peer0.org1.example.com.cpu_pct,1.12
1791021842,2026-10-03T18:04:01,docker.peer0.org1.example.com.mem_bytes,53236203.52
1791021842,2026-10-03T18:04:01,docker.peer0.org1.example.com.blk_read_bytes,3760000.0
1791021842,2026-10-03T18:04:01,docker.peer0.org1.example.com.blk_write_bytes,4990000.0
1791021842,2026-10-03T18:04:01,docker.peer0.org2.example.com.cpu_pct,1.12
1791021842,2026-10-03T18:04:01,docker.peer0.org2.example.com.mem_bytes,45780828.16
1791021842,2026-10-03T18:04:01,docker.peer0.org2.example.com.blk_read_bytes,545000.0
1791021842,2026-10-03T18:04:01,docker.peer0.org2.example.com.blk_write_bytes,3610000.0
1791021842,2026-10-03T18:04:01,docker.orderer.example.com.cpu_pct,0.03
1791021842,2026-10-03T18:04:01,docker.orderer.example.com.mem_bytes,17406361.6
1791021842,2026-10-03T18:04:01,docker.orderer.example.com.blk_read_bytes,31400000.0
1791021842,2026-10-03T18:04:01,docker.orderer.example.com.blk_write_bytes,262000.0
1791021842,2026-10-03T18:04:01,wsl.MemTotal_kb,24608408
1791021842,2026-10-03T18:04:01,wsl.MemAvailable_kb,22827460
1791021842,2026-10-03T18:04:01,wsl.SwapTotal_kb,0
1791021842,2026-10-03T18:04:01,wsl.SwapFree_kb,0
1791021842,2026-10-03T18:04:01,wsl.Dirty_kb,32
1791021842,2026-10-03T18:04:01,wsl.load1,14.44
1791021842,2026-10-03T18:04:01,wsl.load5,9.97
1791021842,2026-10-03T18:04:01,host.c_free_bytes,49306505216
1791021842,2026-10-03T18:04:01,host.q_free_bytes,421445345280
1791021842,2026-10-03T18:04:01,host.docker_vhdx_bytes,15592325120
1791021842,2026-10-03T18:04:01,host.ubuntu_vhdx_bytes,212983611392
1791021842,2026-10-03T18:04:01,win.Processor(_Total)\% Processor Time,90.495489
1791021842,2026-10-03T18:04:01,win.Memory\Available MBytes,10013.0
1791021842,2026-10-03T18:04:01,win.PhysicalDisk(0 C:)\% Disk Time,6.143371
1791021842,2026-10-03T18:04:01,win.PhysicalDisk(1 Q:)\% Disk Time,0.0
1791021842,2026-10-03T18:04:01,win.PhysicalDisk(_Total)\% Disk Time,3.071686
1791021842,2026-10-03T18:04:01,win.PhysicalDisk(0 C:)\Current Disk Queue Length,0.0
1791021842,2026-10-03T18:04:01,win.PhysicalDisk(1 Q:)\Current Disk Queue Length,0.0
1791021842,2026-10-03T18:04:01,win.PhysicalDisk(_Total)\Current Disk Queue Length,0.0
1791021842,2026-10-03T18:04:01,win.Process(vmmemWSL)\% Processor Time,1362.878726
1791021852,2026-10-03T18:04:11,docker.dev-peer0.org1.example.com-saksi-bulletin_1.0-ee3fe73bad456e43adfc5ba27d9e5a60983b69e8496140308fb21061ecb2ff85.cpu_pct,0.0
1791021852,2026-10-03T18:04:11,docker.dev-peer0.org1.example.com-saksi-bulletin_1.0-ee3fe73bad456e43adfc5ba27d9e5a60983b69e8496140308fb21061ecb2ff85.mem_bytes,6951010.304
1791021852,2026-10-03T18:04:11,docker.dev-peer0.org1.example.com-saksi-bulletin_1.0-ee3fe73bad456e43adfc5ba27d9e5a60983b69e8496140308fb21061ecb2ff85.blk_read_bytes,0.0
1791021852,2026-10-03T18:04:11,docker.dev-peer0.org1.example.com-saksi-bulletin_1.0-ee3fe73bad456e43adfc5ba27d9e5a60983b69e8496140308fb21061ecb2ff85.blk_write_bytes,0.0
1791021852,2026-10-03T18:04:11,docker.dev-peer0.org2.example.com-saksi-bulletin_1.0-ee3fe73bad456e43adfc5ba27d9e5a60983b69e8496140308fb21061ecb2ff85.cpu_pct,0.0
1791021852,2026-10-03T18:04:11,docker.dev-peer0.org2.example.com-saksi-bulletin_1.0-ee3fe73bad456e43adfc5ba27d9e5a60983b69e8496140308fb21061ecb2ff85.mem_bytes,6942621.696
1791021852,2026-10-03T18:04:11,docker.dev-peer0.org2.example.com-saksi-bulletin_1.0-ee3fe73bad456e43adfc5ba27d9e5a60983b69e8496140308fb21061ecb2ff85.blk_read_bytes,0.0
1791021852,2026-10-03T18:04:11,docker.dev-peer0.org2.example.com-saksi-bulletin_1.0-ee3fe73bad456e43adfc5ba27d9e5a60983b69e8496140308fb21061ecb2ff85.blk_write_bytes,0.0
1791021852,2026-10-03T18:04:11,docker.peer0.org1.example.com.cpu_pct,0.95
1791021852,2026-10-03T18:04:11,docker.peer0.org1.example.com.mem_bytes,53236203.52
1791021852,2026-10-03T18:04:11,docker.peer0.org1.example.com.blk_read_bytes,3760000.0
1791021852,2026-10-03T18:04:11,docker.peer0.org1.example.com.blk_write_bytes,4990000.0
1791021852,2026-10-03T18:04:11,docker.peer0.org2.example.com.cpu_pct,0.82
1791021852,2026-10-03T18:04:11,docker.peer0.org2.example.com.mem_bytes,45780828.16
1791021852,2026-10-03T18:04:11,docker.peer0.org2.example.com.blk_read_bytes,545000.0
1791021852,2026-10-03T18:04:11,docker.peer0.org2.example.com.blk_write_bytes,3610000.0
1791021852,2026-10-03T18:04:11,docker.orderer.example.com.cpu_pct,0.03
1791021852,2026-10-03T18:04:11,docker.orderer.example.com.mem_bytes,17406361.6
1791021852,2026-10-03T18:04:11,docker.orderer.example.com.blk_read_bytes,31400000.0
1791021852,2026-10-03T18:04:11,docker.orderer.example.com.blk_write_bytes,262000.0
1791021852,2026-10-03T18:04:11,wsl.MemTotal_kb,24608408
1791021852,2026-10-03T18:04:11,wsl.MemAvailable_kb,22824976
1791021852,2026-10-03T18:04:11,wsl.SwapTotal_kb,0
1791021852,2026-10-03T18:04:11,wsl.SwapFree_kb,0
1791021852,2026-10-03T18:04:11,wsl.Dirty_kb,32
1791021852,2026-10-03T18:04:11,wsl.load1,13.65
1791021852,2026-10-03T18:04:11,wsl.load5,9.94
1791021852,2026-10-03T18:04:11,host.c_free_bytes,49306165248
1791021852,2026-10-03T18:04:11,host.q_free_bytes,421445345280
1791021852,2026-10-03T18:04:11,host.docker_vhdx_bytes,15592325120
1791021852,2026-10-03T18:04:11,host.ubuntu_vhdx_bytes,212983611392
1791021852,2026-10-03T18:04:11,win.Processor(_Total)\% Processor Time,89.685785
1791021852,2026-10-03T18:04:11,win.Memory\Available MBytes,10006.0
1791021852,2026-10-03T18:04:11,win.PhysicalDisk(0 C:)\% Disk Time,4.660141
1791021852,2026-10-03T18:04:11,win.PhysicalDisk(1 Q:)\% Disk Time,0.0
1791021852,2026-10-03T18:04:11,win.PhysicalDisk(_Total)\% Disk Time,2.330071
1791021852,2026-10-03T18:04:11,win.PhysicalDisk(0 C:)\Current Disk Queue Length,0.0
1791021852,2026-10-03T18:04:11,win.PhysicalDisk(1 Q:)\Current Disk Queue Length,0.0
1791021852,2026-10-03T18:04:11,win.PhysicalDisk(_Total)\Current Disk Queue Length,0.0
1791021852,2026-10-03T18:04:11,win.Process(vmmemWSL)\% Processor Time,1362.998543
1791021862,2026-10-03T18:04:21,docker.dev-peer0.org1.example.com-saksi-bulletin_1.0-ee3fe73bad456e43adfc5ba27d9e5a60983b69e8496140308fb21061ecb2ff85.cpu_pct,0.0
1791021862,2026-10-03T18:04:21,docker.dev-peer0.org1.example.com-saksi-bulletin_1.0-ee3fe73bad456e43adfc5ba27d9e5a60983b69e8496140308fb21061ecb2ff85.mem_bytes,6951010.304
1791021862,2026-10-03T18:04:21,docker.dev-peer0.org1.example.com-saksi-bulletin_1.0-ee3fe73bad456e43adfc5ba27d9e5a60983b69e8496140308fb21061ecb2ff85.blk_read_bytes,0.0
1791021862,2026-10-03T18:04:21,docker.dev-peer0.org1.example.com-saksi-bulletin_1.0-ee3fe73bad456e43adfc5ba27d9e5a60983b69e8496140308fb21061ecb2ff85.blk_write_bytes,0.0
1791021862,2026-10-03T18:04:21,docker.dev-peer0.org2.example.com-saksi-bulletin_1.0-ee3fe73bad456e43adfc5ba27d9e5a60983b69e8496140308fb21061ecb2ff85.cpu_pct,0.0
1791021862,2026-10-03T18:04:21,docker.dev-peer0.org2.example.com-saksi-bulletin_1.0-ee3fe73bad456e43adfc5ba27d9e5a60983b69e8496140308fb21061ecb2ff85.mem_bytes,6942621.696
1791021862,2026-10-03T18:04:21,docker.dev-peer0.org2.example.com-saksi-bulletin_1.0-ee3fe73bad456e43adfc5ba27d9e5a60983b69e8496140308fb21061ecb2ff85.blk_read_bytes,0.0
1791021862,2026-10-03T18:04:21,docker.dev-peer0.org2.example.com-saksi-bulletin_1.0-ee3fe73bad456e43adfc5ba27d9e5a60983b69e8496140308fb21061ecb2ff85.blk_write_bytes,0.0
1791021862,2026-10-03T18:04:21,docker.peer0.org1.example.com.cpu_pct,1.19
1791021862,2026-10-03T18:04:21,docker.peer0.org1.example.com.mem_bytes,52963573.76
1791021862,2026-10-03T18:04:21,docker.peer0.org1.example.com.blk_read_bytes,3760000.0
1791021862,2026-10-03T18:04:21,docker.peer0.org1.example.com.blk_write_bytes,4990000.0
1791021862,2026-10-03T18:04:21,docker.peer0.org2.example.com.cpu_pct,1.2
1791021862,2026-10-03T18:04:21,docker.peer0.org2.example.com.mem_bytes,45780828.16
1791021862,2026-10-03T18:04:21,docker.peer0.org2.example.com.blk_read_bytes,545000.0
1791021862,2026-10-03T18:04:21,docker.peer0.org2.example.com.blk_write_bytes,3610000.0
1791021862,2026-10-03T18:04:21,docker.orderer.example.com.cpu_pct,0.03
1791021862,2026-10-03T18:04:21,docker.orderer.example.com.mem_bytes,17406361.6
1791021862,2026-10-03T18:04:21,docker.orderer.example.com.blk_read_bytes,31400000.0
1791021862,2026-10-03T18:04:21,docker.orderer.example.com.blk_write_bytes,262000.0
1791021862,2026-10-03T18:04:21,wsl.MemTotal_kb,24608408
1791021862,2026-10-03T18:04:21,wsl.MemAvailable_kb,22823744
1791021862,2026-10-03T18:04:21,wsl.SwapTotal_kb,0
1791021862,2026-10-03T18:04:21,wsl.SwapFree_kb,0
1791021862,2026-10-03T18:04:21,wsl.Dirty_kb,32
1791021862,2026-10-03T18:04:21,wsl.load1,14.01
1791021862,2026-10-03T18:04:21,wsl.load5,10.14
1791021862,2026-10-03T18:04:21,host.c_free_bytes,49306886144
1791021862,2026-10-03T18:04:21,host.q_free_bytes,421445345280
1791021862,2026-10-03T18:04:21,host.docker_vhdx_bytes,15592325120
1791021862,2026-10-03T18:04:21,host.ubuntu_vhdx_bytes,212983611392
1791021862,2026-10-03T18:04:21,win.Processor(_Total)\% Processor Time,89.441794
1791021862,2026-10-03T18:04:21,win.Memory\Available MBytes,9949.0
1791021862,2026-10-03T18:04:21,win.PhysicalDisk(0 C:)\% Disk Time,8.510523
1791021862,2026-10-03T18:04:21,win.PhysicalDisk(1 Q:)\% Disk Time,0.0
1791021862,2026-10-03T18:04:21,win.PhysicalDisk(_Total)\% Disk Time,4.255261
1791021862,2026-10-03T18:04:21,win.PhysicalDisk(0 C:)\Current Disk Queue Length,1.0
1791021862,2026-10-03T18:04:21,win.PhysicalDisk(1 Q:)\Current Disk Queue Length,0.0
1791021862,2026-10-03T18:04:21,win.PhysicalDisk(_Total)\Current Disk Queue Length,1.0
1791021862,2026-10-03T18:04:21,win.Process(vmmemWSL)\% Processor Time,1359.093603
1791021872,2026-10-03T18:04:31,docker.dev-peer0.org1.example.com-saksi-bulletin_1.0-ee3fe73bad456e43adfc5ba27d9e5a60983b69e8496140308fb21061ecb2ff85.cpu_pct,0.0
1791021872,2026-10-03T18:04:31,docker.dev-peer0.org1.example.com-saksi-bulletin_1.0-ee3fe73bad456e43adfc5ba27d9e5a60983b69e8496140308fb21061ecb2ff85.mem_bytes,6951010.304
1791021872,2026-10-03T18:04:31,docker.dev-peer0.org1.example.com-saksi-bulletin_1.0-ee3fe73bad456e43adfc5ba27d9e5a60983b69e8496140308fb21061ecb2ff85.blk_read_bytes,0.0
1791021872,2026-10-03T18:04:31,docker.dev-peer0.org1.example.com-saksi-bulletin_1.0-ee3fe73bad456e43adfc5ba27d9e5a60983b69e8496140308fb21061ecb2ff85.blk_write_bytes,0.0
1791021872,2026-10-03T18:04:31,docker.dev-peer0.org2.example.com-saksi-bulletin_1.0-ee3fe73bad456e43adfc5ba27d9e5a60983b69e8496140308fb21061ecb2ff85.cpu_pct,0.0
1791021872,2026-10-03T18:04:31,docker.dev-peer0.org2.example.com-saksi-bulletin_1.0-ee3fe73bad456e43adfc5ba27d9e5a60983b69e8496140308fb21061ecb2ff85.mem_bytes,6738149.376
1791021872,2026-10-03T18:04:31,docker.dev-peer0.org2.example.com-saksi-bulletin_1.0-ee3fe73bad456e43adfc5ba27d9e5a60983b69e8496140308fb21061ecb2ff85.blk_read_bytes,0.0
1791021872,2026-10-03T18:04:31,docker.dev-peer0.org2.example.com-saksi-bulletin_1.0-ee3fe73bad456e43adfc5ba27d9e5a60983b69e8496140308fb21061ecb2ff85.blk_write_bytes,0.0
1791021872,2026-10-03T18:04:31,docker.peer0.org1.example.com.cpu_pct,0.92
1791021872,2026-10-03T18:04:31,docker.peer0.org1.example.com.mem_bytes,52449771.52
1791021872,2026-10-03T18:04:31,docker.peer0.org1.example.com.blk_read_bytes,3760000.0
1791021872,2026-10-03T18:04:31,docker.peer0.org1.example.com.blk_write_bytes,4990000.0
1791021872,2026-10-03T18:04:31,docker.peer0.org2.example.com.cpu_pct,0.84
1791021872,2026-10-03T18:04:31,docker.peer0.org2.example.com.mem_bytes,45780828.16
1791021872,2026-10-03T18:04:31,docker.peer0.org2.example.com.blk_read_bytes,545000.0
1791021872,2026-10-03T18:04:31,docker.peer0.org2.example.com.blk_write_bytes,3610000.0
1791021872,2026-10-03T18:04:31,docker.orderer.example.com.cpu_pct,0.03
1791021872,2026-10-03T18:04:31,docker.orderer.example.com.mem_bytes,17406361.6
1791021872,2026-10-03T18:04:31,docker.orderer.example.com.blk_read_bytes,31400000.0
1791021872,2026-10-03T18:04:31,docker.orderer.example.com.blk_write_bytes,262000.0
1791021872,2026-10-03T18:04:31,wsl.MemTotal_kb,24608408
1791021872,2026-10-03T18:04:31,wsl.MemAvailable_kb,22818432
1791021872,2026-10-03T18:04:31,wsl.SwapTotal_kb,0
1791021872,2026-10-03T18:04:31,wsl.SwapFree_kb,0
1791021872,2026-10-03T18:04:31,wsl.Dirty_kb,0
1791021872,2026-10-03T18:04:31,wsl.load1,14.32
1791021872,2026-10-03T18:04:31,wsl.load5,10.33
1791021872,2026-10-03T18:04:31,host.c_free_bytes,49306427392
1791021872,2026-10-03T18:04:31,host.q_free_bytes,421445345280
1791021872,2026-10-03T18:04:31,host.docker_vhdx_bytes,15592325120
1791021872,2026-10-03T18:04:31,host.ubuntu_vhdx_bytes,212983611392
1791021872,2026-10-03T18:04:31,win.Processor(_Total)\% Processor Time,90.322045
1791021872,2026-10-03T18:04:31,win.Memory\Available MBytes,9923.0
1791021872,2026-10-03T18:04:31,win.PhysicalDisk(0 C:)\% Disk Time,64.419224
1791021872,2026-10-03T18:04:31,win.PhysicalDisk(1 Q:)\% Disk Time,0.0
1791021872,2026-10-03T18:04:31,win.PhysicalDisk(_Total)\% Disk Time,32.209612
1791021872,2026-10-03T18:04:31,win.PhysicalDisk(0 C:)\Current Disk Queue Length,0.0
1791021872,2026-10-03T18:04:31,win.PhysicalDisk(1 Q:)\Current Disk Queue Length,0.0
1791021872,2026-10-03T18:04:31,win.PhysicalDisk(_Total)\Current Disk Queue Length,0.0
1791021872,2026-10-03T18:04:31,win.Process(vmmemWSL)\% Processor Time,1370.835541
1791021882,2026-10-03T18:04:42,docker.dev-peer0.org1.example.com-saksi-bulletin_1.0-ee3fe73bad456e43adfc5ba27d9e5a60983b69e8496140308fb21061ecb2ff85.cpu_pct,0.0
1791021882,2026-10-03T18:04:42,docker.dev-peer0.org1.example.com-saksi-bulletin_1.0-ee3fe73bad456e43adfc5ba27d9e5a60983b69e8496140308fb21061ecb2ff85.mem_bytes,6951010.304
1791021882,2026-10-03T18:04:42,docker.dev-peer0.org1.example.com-saksi-bulletin_1.0-ee3fe73bad456e43adfc5ba27d9e5a60983b69e8496140308fb21061ecb2ff85.blk_read_bytes,0.0
1791021882,2026-10-03T18:04:42,docker.dev-peer0.org1.example.com-saksi-bulletin_1.0-ee3fe73bad456e43adfc5ba27d9e5a60983b69e8496140308fb21061ecb2ff85.blk_write_bytes,0.0
1791021882,2026-10-03T18:04:42,docker.dev-peer0.org2.example.com-saksi-bulletin_1.0-ee3fe73bad456e43adfc5ba27d9e5a60983b69e8496140308fb21061ecb2ff85.cpu_pct,0.0
1791021882,2026-10-03T18:04:42,docker.dev-peer0.org2.example.com-saksi-bulletin_1.0-ee3fe73bad456e43adfc5ba27d9e5a60983b69e8496140308fb21061ecb2ff85.mem_bytes,6738149.376
1791021882,2026-10-03T18:04:42,docker.dev-peer0.org2.example.com-saksi-bulletin_1.0-ee3fe73bad456e43adfc5ba27d9e5a60983b69e8496140308fb21061ecb2ff85.blk_read_bytes,0.0
1791021882,2026-10-03T18:04:42,docker.dev-peer0.org2.example.com-saksi-bulletin_1.0-ee3fe73bad456e43adfc5ba27d9e5a60983b69e8496140308fb21061ecb2ff85.blk_write_bytes,0.0
1791021882,2026-10-03T18:04:42,docker.peer0.org1.example.com.cpu_pct,1.19
1791021882,2026-10-03T18:04:42,docker.peer0.org1.example.com.mem_bytes,52711915.52
1791021882,2026-10-03T18:04:42,docker.peer0.org1.example.com.blk_read_bytes,3760000.0
1791021882,2026-10-03T18:04:42,docker.peer0.org1.example.com.blk_write_bytes,4990000.0
1791021882,2026-10-03T18:04:42,docker.peer0.org2.example.com.cpu_pct,1.19
1791021882,2026-10-03T18:04:42,docker.peer0.org2.example.com.mem_bytes,45822771.2
1791021882,2026-10-03T18:04:42,docker.peer0.org2.example.com.blk_read_bytes,545000.0
1791021882,2026-10-03T18:04:42,docker.peer0.org2.example.com.blk_write_bytes,3610000.0
1791021882,2026-10-03T18:04:42,docker.orderer.example.com.cpu_pct,0.05
1791021882,2026-10-03T18:04:42,docker.orderer.example.com.mem_bytes,17668505.6
1791021882,2026-10-03T18:04:42,docker.orderer.example.com.blk_read_bytes,31400000.0
1791021882,2026-10-03T18:04:42,docker.orderer.example.com.blk_write_bytes,262000.0
1791021882,2026-10-03T18:04:42,wsl.MemTotal_kb,24608408
1791021882,2026-10-03T18:04:42,wsl.MemAvailable_kb,22819300
1791021882,2026-10-03T18:04:42,wsl.SwapTotal_kb,0
1791021882,2026-10-03T18:04:42,wsl.SwapFree_kb,0
1791021882,2026-10-03T18:04:42,wsl.Dirty_kb,24
1791021882,2026-10-03T18:04:42,wsl.load1,13.38
1791021882,2026-10-03T18:04:42,wsl.load5,10.27
1791021882,2026-10-03T18:04:42,host.c_free_bytes,49306103808
1791021882,2026-10-03T18:04:42,host.q_free_bytes,421445345280
1791021882,2026-10-03T18:04:42,host.docker_vhdx_bytes,15592325120
1791021882,2026-10-03T18:04:42,host.ubuntu_vhdx_bytes,212983611392
1791021882,2026-10-03T18:04:42,win.Processor(_Total)\% Processor Time,89.080185
1791021882,2026-10-03T18:04:42,win.Memory\Available MBytes,9910.0
1791021882,2026-10-03T18:04:42,win.PhysicalDisk(0 C:)\% Disk Time,3.629058
1791021882,2026-10-03T18:04:42,win.PhysicalDisk(1 Q:)\% Disk Time,0.0
1791021882,2026-10-03T18:04:42,win.PhysicalDisk(_Total)\% Disk Time,1.814529
1791021882,2026-10-03T18:04:42,win.PhysicalDisk(0 C:)\Current Disk Queue Length,0.0
1791021882,2026-10-03T18:04:42,win.PhysicalDisk(1 Q:)\Current Disk Queue Length,0.0
1791021882,2026-10-03T18:04:42,win.PhysicalDisk(_Total)\Current Disk Queue Length,0.0
1791021882,2026-10-03T18:04:42,win.Process(vmmemWSL)\% Processor Time,1356.047858
1791021892,2026-10-03T18:04:52,docker.dev-peer0.org1.example.com-saksi-bulletin_1.0-ee3fe73bad456e43adfc5ba27d9e5a60983b69e8496140308fb21061ecb2ff85.cpu_pct,0.0
1791021892,2026-10-03T18:04:52,docker.dev-peer0.org1.example.com-saksi-bulletin_1.0-ee3fe73bad456e43adfc5ba27d9e5a60983b69e8496140308fb21061ecb2ff85.mem_bytes,6951010.304
1791021892,2026-10-03T18:04:52,docker.dev-peer0.org1.example.com-saksi-bulletin_1.0-ee3fe73bad456e43adfc5ba27d9e5a60983b69e8496140308fb21061ecb2ff85.blk_read_bytes,0.0
1791021892,2026-10-03T18:04:52,docker.dev-peer0.org1.example.com-saksi-bulletin_1.0-ee3fe73bad456e43adfc5ba27d9e5a60983b69e8496140308fb21061ecb2ff85.blk_write_bytes,0.0
1791021892,2026-10-03T18:04:52,docker.dev-peer0.org2.example.com-saksi-bulletin_1.0-ee3fe73bad456e43adfc5ba27d9e5a60983b69e8496140308fb21061ecb2ff85.cpu_pct,0.0
1791021892,2026-10-03T18:04:52,docker.dev-peer0.org2.example.com-saksi-bulletin_1.0-ee3fe73bad456e43adfc5ba27d9e5a60983b69e8496140308fb21061ecb2ff85.mem_bytes,7000293.376
1791021892,2026-10-03T18:04:52,docker.dev-peer0.org2.example.com-saksi-bulletin_1.0-ee3fe73bad456e43adfc5ba27d9e5a60983b69e8496140308fb21061ecb2ff85.blk_read_bytes,0.0
1791021892,2026-10-03T18:04:52,docker.dev-peer0.org2.example.com-saksi-bulletin_1.0-ee3fe73bad456e43adfc5ba27d9e5a60983b69e8496140308fb21061ecb2ff85.blk_write_bytes,0.0
1791021892,2026-10-03T18:04:52,docker.peer0.org1.example.com.cpu_pct,0.95
1791021892,2026-10-03T18:04:52,docker.peer0.org1.example.com.mem_bytes,52974059.52
1791021892,2026-10-03T18:04:52,docker.peer0.org1.example.com.blk_read_bytes,3760000.0
1791021892,2026-10-03T18:04:52,docker.peer0.org1.example.com.blk_write_bytes,4990000.0
1791021892,2026-10-03T18:04:52,docker.peer0.org2.example.com.cpu_pct,0.9
1791021892,2026-10-03T18:04:52,docker.peer0.org2.example.com.mem_bytes,45822771.2
1791021892,2026-10-03T18:04:52,docker.peer0.org2.example.com.blk_read_bytes,545000.0
1791021892,2026-10-03T18:04:52,docker.peer0.org2.example.com.blk_write_bytes,3610000.0
1791021892,2026-10-03T18:04:52,docker.orderer.example.com.cpu_pct,0.03
1791021892,2026-10-03T18:04:52,docker.orderer.example.com.mem_bytes,17668505.6
1791021892,2026-10-03T18:04:52,docker.orderer.example.com.blk_read_bytes,31400000.0
1791021892,2026-10-03T18:04:52,docker.orderer.example.com.blk_write_bytes,262000.0
1791021892,2026-10-03T18:04:52,wsl.MemTotal_kb,24608408
1791021892,2026-10-03T18:04:52,wsl.MemAvailable_kb,22816784
1791021892,2026-10-03T18:04:52,wsl.SwapTotal_kb,0
1791021892,2026-10-03T18:04:52,wsl.SwapFree_kb,0
1791021892,2026-10-03T18:04:52,wsl.Dirty_kb,24
1791021892,2026-10-03T18:04:52,wsl.load1,13.85
1791021892,2026-10-03T18:04:52,wsl.load5,10.48
1791021892,2026-10-03T18:04:52,host.c_free_bytes,49306759168
1791021892,2026-10-03T18:04:52,host.q_free_bytes,421445345280
1791021892,2026-10-03T18:04:52,host.docker_vhdx_bytes,15592325120
1791021892,2026-10-03T18:04:52,host.ubuntu_vhdx_bytes,212983611392
1791021892,2026-10-03T18:04:52,win.Processor(_Total)\% Processor Time,90.454907
1791021892,2026-10-03T18:04:52,win.Memory\Available MBytes,9906.0
1791021892,2026-10-03T18:04:52,win.PhysicalDisk(0 C:)\% Disk Time,4.844277
1791021892,2026-10-03T18:04:52,win.PhysicalDisk(1 Q:)\% Disk Time,0.0
1791021892,2026-10-03T18:04:52,win.PhysicalDisk(_Total)\% Disk Time,2.422139
1791021892,2026-10-03T18:04:52,win.PhysicalDisk(0 C:)\Current Disk Queue Length,0.0
1791021892,2026-10-03T18:04:52,win.PhysicalDisk(1 Q:)\Current Disk Queue Length,0.0
1791021892,2026-10-03T18:04:52,win.PhysicalDisk(_Total)\Current Disk Queue Length,0.0
1791021892,2026-10-03T18:04:52,win.Process(vmmemWSL)\% Processor Time,1376.209417
1791021902,2026-10-03T18:05:02,docker.dev-peer0.org1.example.com-saksi-bulletin_1.0-ee3fe73bad456e43adfc5ba27d9e5a60983b69e8496140308fb21061ecb2ff85.cpu_pct,0.0
1791021902,2026-10-03T18:05:02,docker.dev-peer0.org1.example.com-saksi-bulletin_1.0-ee3fe73bad456e43adfc5ba27d9e5a60983b69e8496140308fb21061ecb2ff85.mem_bytes,6951010.304
1791021902,2026-10-03T18:05:02,docker.dev-peer0.org1.example.com-saksi-bulletin_1.0-ee3fe73bad456e43adfc5ba27d9e5a60983b69e8496140308fb21061ecb2ff85.blk_read_bytes,0.0
1791021902,2026-10-03T18:05:02,docker.dev-peer0.org1.example.com-saksi-bulletin_1.0-ee3fe73bad456e43adfc5ba27d9e5a60983b69e8496140308fb21061ecb2ff85.blk_write_bytes,0.0
1791021902,2026-10-03T18:05:02,docker.dev-peer0.org2.example.com-saksi-bulletin_1.0-ee3fe73bad456e43adfc5ba27d9e5a60983b69e8496140308fb21061ecb2ff85.cpu_pct,0.0
1791021902,2026-10-03T18:05:02,docker.dev-peer0.org2.example.com-saksi-bulletin_1.0-ee3fe73bad456e43adfc5ba27d9e5a60983b69e8496140308fb21061ecb2ff85.mem_bytes,7000293.376
1791021902,2026-10-03T18:05:02,docker.dev-peer0.org2.example.com-saksi-bulletin_1.0-ee3fe73bad456e43adfc5ba27d9e5a60983b69e8496140308fb21061ecb2ff85.blk_read_bytes,0.0
1791021902,2026-10-03T18:05:02,docker.dev-peer0.org2.example.com-saksi-bulletin_1.0-ee3fe73bad456e43adfc5ba27d9e5a60983b69e8496140308fb21061ecb2ff85.blk_write_bytes,0.0
1791021902,2026-10-03T18:05:02,docker.peer0.org1.example.com.cpu_pct,1.3
1791021902,2026-10-03T18:05:02,docker.peer0.org1.example.com.mem_bytes,52690944.0
1791021902,2026-10-03T18:05:02,docker.peer0.org1.example.com.blk_read_bytes,3760000.0
1791021902,2026-10-03T18:05:02,docker.peer0.org1.example.com.blk_write_bytes,4990000.0
1791021902,2026-10-03T18:05:02,docker.peer0.org2.example.com.cpu_pct,1.07
1791021902,2026-10-03T18:05:02,docker.peer0.org2.example.com.mem_bytes,45801799.68
1791021902,2026-10-03T18:05:02,docker.peer0.org2.example.com.blk_read_bytes,545000.0
1791021902,2026-10-03T18:05:02,docker.peer0.org2.example.com.blk_write_bytes,3610000.0
1791021902,2026-10-03T18:05:02,docker.orderer.example.com.cpu_pct,0.03
1791021902,2026-10-03T18:05:02,docker.orderer.example.com.mem_bytes,17668505.6
1791021902,2026-10-03T18:05:02,docker.orderer.example.com.blk_read_bytes,31400000.0
1791021902,2026-10-03T18:05:02,docker.orderer.example.com.blk_write_bytes,262000.0
1791021902,2026-10-03T18:05:02,wsl.MemTotal_kb,24608408
1791021902,2026-10-03T18:05:02,wsl.MemAvailable_kb,22727368
1791021902,2026-10-03T18:05:02,wsl.SwapTotal_kb,0
1791021902,2026-10-03T18:05:02,wsl.SwapFree_kb,0
1791021902,2026-10-03T18:05:02,wsl.Dirty_kb,128
1791021902,2026-10-03T18:05:02,wsl.load1,14.34
1791021902,2026-10-03T18:05:02,wsl.load5,10.69
1791021902,2026-10-03T18:05:02,host.c_free_bytes,49306431488
1791021902,2026-10-03T18:05:02,host.q_free_bytes,421445345280
1791021902,2026-10-03T18:05:02,host.docker_vhdx_bytes,15592325120
1791021902,2026-10-03T18:05:02,host.ubuntu_vhdx_bytes,212983611392
1791021902,2026-10-03T18:05:02,win.Processor(_Total)\% Processor Time,88.532134
1791021902,2026-10-03T18:05:02,win.Memory\Available MBytes,10000.0
1791021902,2026-10-03T18:05:02,win.PhysicalDisk(0 C:)\% Disk Time,3.364215
1791021902,2026-10-03T18:05:02,win.PhysicalDisk(1 Q:)\% Disk Time,0.0
1791021902,2026-10-03T18:05:02,win.PhysicalDisk(_Total)\% Disk Time,1.682107
1791021902,2026-10-03T18:05:02,win.PhysicalDisk(0 C:)\Current Disk Queue Length,0.0
1791021902,2026-10-03T18:05:02,win.PhysicalDisk(1 Q:)\Current Disk Queue Length,0.0
1791021902,2026-10-03T18:05:02,win.PhysicalDisk(_Total)\Current Disk Queue Length,0.0
1791021902,2026-10-03T18:05:02,win.Process(vmmemWSL)\% Processor Time,1355.236461
1791021912,2026-10-03T18:05:12,docker.dev-peer0.org1.example.com-saksi-bulletin_1.0-ee3fe73bad456e43adfc5ba27d9e5a60983b69e8496140308fb21061ecb2ff85.cpu_pct,0.0
1791021912,2026-10-03T18:05:12,docker.dev-peer0.org1.example.com-saksi-bulletin_1.0-ee3fe73bad456e43adfc5ba27d9e5a60983b69e8496140308fb21061ecb2ff85.mem_bytes,6951010.304
1791021912,2026-10-03T18:05:12,docker.dev-peer0.org1.example.com-saksi-bulletin_1.0-ee3fe73bad456e43adfc5ba27d9e5a60983b69e8496140308fb21061ecb2ff85.blk_read_bytes,0.0
1791021912,2026-10-03T18:05:12,docker.dev-peer0.org1.example.com-saksi-bulletin_1.0-ee3fe73bad456e43adfc5ba27d9e5a60983b69e8496140308fb21061ecb2ff85.blk_write_bytes,0.0
1791021912,2026-10-03T18:05:12,docker.dev-peer0.org2.example.com-saksi-bulletin_1.0-ee3fe73bad456e43adfc5ba27d9e5a60983b69e8496140308fb21061ecb2ff85.cpu_pct,0.0
1791021912,2026-10-03T18:05:12,docker.dev-peer0.org2.example.com-saksi-bulletin_1.0-ee3fe73bad456e43adfc5ba27d9e5a60983b69e8496140308fb21061ecb2ff85.mem_bytes,7000293.376
1791021912,2026-10-03T18:05:12,docker.dev-peer0.org2.example.com-saksi-bulletin_1.0-ee3fe73bad456e43adfc5ba27d9e5a60983b69e8496140308fb21061ecb2ff85.blk_read_bytes,0.0
1791021912,2026-10-03T18:05:12,docker.dev-peer0.org2.example.com-saksi-bulletin_1.0-ee3fe73bad456e43adfc5ba27d9e5a60983b69e8496140308fb21061ecb2ff85.blk_write_bytes,0.0
1791021912,2026-10-03T18:05:12,docker.peer0.org1.example.com.cpu_pct,1.35
1791021912,2026-10-03T18:05:12,docker.peer0.org1.example.com.mem_bytes,52701429.76
1791021912,2026-10-03T18:05:12,docker.peer0.org1.example.com.blk_read_bytes,3760000.0
1791021912,2026-10-03T18:05:12,docker.peer0.org1.example.com.blk_write_bytes,4990000.0
1791021912,2026-10-03T18:05:12,docker.peer0.org2.example.com.cpu_pct,1.0
1791021912,2026-10-03T18:05:12,docker.peer0.org2.example.com.mem_bytes,45550141.44
1791021912,2026-10-03T18:05:12,docker.peer0.org2.example.com.blk_read_bytes,545000.0
1791021912,2026-10-03T18:05:12,docker.peer0.org2.example.com.blk_write_bytes,3610000.0
1791021912,2026-10-03T18:05:12,docker.orderer.example.com.cpu_pct,0.06
1791021912,2026-10-03T18:05:12,docker.orderer.example.com.mem_bytes,17930649.6
1791021912,2026-10-03T18:05:12,docker.orderer.example.com.blk_read_bytes,31400000.0
1791021912,2026-10-03T18:05:12,docker.orderer.example.com.blk_write_bytes,262000.0
1791021912,2026-10-03T18:05:12,wsl.MemTotal_kb,24608408
1791021912,2026-10-03T18:05:12,wsl.MemAvailable_kb,22731696
1791021912,2026-10-03T18:05:12,wsl.SwapTotal_kb,0
1791021912,2026-10-03T18:05:12,wsl.SwapFree_kb,0
1791021912,2026-10-03T18:05:12,wsl.Dirty_kb,96
1791021912,2026-10-03T18:05:12,wsl.load1,14.85
1791021912,2026-10-03T18:05:12,wsl.load5,10.99
1791021912,2026-10-03T18:05:12,host.c_free_bytes,49305972736
1791021912,2026-10-03T18:05:12,host.q_free_bytes,421445345280
1791021912,2026-10-03T18:05:12,host.docker_vhdx_bytes,15592325120
1791021912,2026-10-03T18:05:12,host.ubuntu_vhdx_bytes,212983611392
1791021912,2026-10-03T18:05:12,win.Processor(_Total)\% Processor Time,89.380664
1791021912,2026-10-03T18:05:12,win.Memory\Available MBytes,9953.0
1791021912,2026-10-03T18:05:12,win.PhysicalDisk(0 C:)\% Disk Time,2.375757
1791021912,2026-10-03T18:05:12,win.PhysicalDisk(1 Q:)\% Disk Time,0.0
1791021912,2026-10-03T18:05:12,win.PhysicalDisk(_Total)\% Disk Time,1.187878
1791021912,2026-10-03T18:05:12,win.PhysicalDisk(0 C:)\Current Disk Queue Length,0.0
1791021912,2026-10-03T18:05:12,win.PhysicalDisk(1 Q:)\Current Disk Queue Length,0.0
1791021912,2026-10-03T18:05:12,win.PhysicalDisk(_Total)\Current Disk Queue Length,0.0
1791021912,2026-10-03T18:05:12,win.Process(vmmemWSL)\% Processor Time,1360.680449
1791021922,2026-10-03T18:05:22,docker.dev-peer0.org1.example.com-saksi-bulletin_1.0-ee3fe73bad456e43adfc5ba27d9e5a60983b69e8496140308fb21061ecb2ff85.cpu_pct,0.0
1791021922,2026-10-03T18:05:22,docker.dev-peer0.org1.example.com-saksi-bulletin_1.0-ee3fe73bad456e43adfc5ba27d9e5a60983b69e8496140308fb21061ecb2ff85.mem_bytes,6951010.304
1791021922,2026-10-03T18:05:22,docker.dev-peer0.org1.example.com-saksi-bulletin_1.0-ee3fe73bad456e43adfc5ba27d9e5a60983b69e8496140308fb21061ecb2ff85.blk_read_bytes,0.0
1791021922,2026-10-03T18:05:22,docker.dev-peer0.org1.example.com-saksi-bulletin_1.0-ee3fe73bad456e43adfc5ba27d9e5a60983b69e8496140308fb21061ecb2ff85.blk_write_bytes,0.0
1791021922,2026-10-03T18:05:22,docker.dev-peer0.org2.example.com-saksi-bulletin_1.0-ee3fe73bad456e43adfc5ba27d9e5a60983b69e8496140308fb21061ecb2ff85.cpu_pct,0.0
1791021922,2026-10-03T18:05:22,docker.dev-peer0.org2.example.com-saksi-bulletin_1.0-ee3fe73bad456e43adfc5ba27d9e5a60983b69e8496140308fb21061ecb2ff85.mem_bytes,7000293.376
1791021922,2026-10-03T18:05:22,docker.dev-peer0.org2.example.com-saksi-bulletin_1.0-ee3fe73bad456e43adfc5ba27d9e5a60983b69e8496140308fb21061ecb2ff85.blk_read_bytes,0.0
1791021922,2026-10-03T18:05:22,docker.dev-peer0.org2.example.com-saksi-bulletin_1.0-ee3fe73bad456e43adfc5ba27d9e5a60983b69e8496140308fb21061ecb2ff85.blk_write_bytes,0.0
1791021922,2026-10-03T18:05:22,docker.peer0.org1.example.com.cpu_pct,1.16
1791021922,2026-10-03T18:05:22,docker.peer0.org1.example.com.mem_bytes,52711915.52
1791021922,2026-10-03T18:05:22,docker.peer0.org1.example.com.blk_read_bytes,3760000.0
1791021922,2026-10-03T18:05:22,docker.peer0.org1.example.com.blk_write_bytes,4990000.0
1791021922,2026-10-03T18:05:22,docker.peer0.org2.example.com.cpu_pct,1.13
1791021922,2026-10-03T18:05:22,docker.peer0.org2.example.com.mem_bytes,45812285.44
1791021922,2026-10-03T18:05:22,docker.peer0.org2.example.com.blk_read_bytes,545000.0
1791021922,2026-10-03T18:05:22,docker.peer0.org2.example.com.blk_write_bytes,3610000.0
1791021922,2026-10-03T18:05:22,docker.orderer.example.com.cpu_pct,0.03
1791021922,2026-10-03T18:05:22,docker.orderer.example.com.mem_bytes,17930649.6
1791021922,2026-10-03T18:05:22,docker.orderer.example.com.blk_read_bytes,31400000.0
1791021922,2026-10-03T18:05:22,docker.orderer.example.com.blk_write_bytes,262000.0
1791021922,2026-10-03T18:05:22,wsl.MemTotal_kb,24608408
1791021922,2026-10-03T18:05:22,wsl.MemAvailable_kb,22729380
1791021922,2026-10-03T18:05:22,wsl.SwapTotal_kb,0
1791021922,2026-10-03T18:05:22,wsl.SwapFree_kb,0
1791021922,2026-10-03T18:05:22,wsl.Dirty_kb,120
1791021922,2026-10-03T18:05:22,wsl.load1,13.74
1791021922,2026-10-03T18:05:22,wsl.load5,10.82
1791021922,2026-10-03T18:05:22,host.c_free_bytes,49306644480
1791021922,2026-10-03T18:05:22,host.q_free_bytes,421445345280
1791021922,2026-10-03T18:05:22,host.docker_vhdx_bytes,15592325120
1791021922,2026-10-03T18:05:22,host.ubuntu_vhdx_bytes,212983611392
1791021922,2026-10-03T18:05:22,win.Processor(_Total)\% Processor Time,88.665647
1791021922,2026-10-03T18:05:22,win.Memory\Available MBytes,9873.0
1791021922,2026-10-03T18:05:22,win.PhysicalDisk(0 C:)\% Disk Time,1.954171
1791021922,2026-10-03T18:05:22,win.PhysicalDisk(1 Q:)\% Disk Time,0.0
1791021922,2026-10-03T18:05:22,win.PhysicalDisk(_Total)\% Disk Time,0.977086
1791021922,2026-10-03T18:05:22,win.PhysicalDisk(0 C:)\Current Disk Queue Length,0.0
1791021922,2026-10-03T18:05:22,win.PhysicalDisk(1 Q:)\Current Disk Queue Length,0.0
1791021922,2026-10-03T18:05:22,win.PhysicalDisk(_Total)\Current Disk Queue Length,0.0
1791021922,2026-10-03T18:05:22,win.Process(vmmemWSL)\% Processor Time,1357.232549
1791021932,2026-10-03T18:05:32,docker.dev-peer0.org1.example.com-saksi-bulletin_1.0-ee3fe73bad456e43adfc5ba27d9e5a60983b69e8496140308fb21061ecb2ff85.cpu_pct,0.0
1791021932,2026-10-03T18:05:32,docker.dev-peer0.org1.example.com-saksi-bulletin_1.0-ee3fe73bad456e43adfc5ba27d9e5a60983b69e8496140308fb21061ecb2ff85.mem_bytes,6951010.304
1791021932,2026-10-03T18:05:32,docker.dev-peer0.org1.example.com-saksi-bulletin_1.0-ee3fe73bad456e43adfc5ba27d9e5a60983b69e8496140308fb21061ecb2ff85.blk_read_bytes,0.0
1791021932,2026-10-03T18:05:32,docker.dev-peer0.org1.example.com-saksi-bulletin_1.0-ee3fe73bad456e43adfc5ba27d9e5a60983b69e8496140308fb21061ecb2ff85.blk_write_bytes,0.0
1791021932,2026-10-03T18:05:32,docker.dev-peer0.org2.example.com-saksi-bulletin_1.0-ee3fe73bad456e43adfc5ba27d9e5a60983b69e8496140308fb21061ecb2ff85.cpu_pct,0.0
1791021932,2026-10-03T18:05:32,docker.dev-peer0.org2.example.com-saksi-bulletin_1.0-ee3fe73bad456e43adfc5ba27d9e5a60983b69e8496140308fb21061ecb2ff85.mem_bytes,6742343.68
1791021932,2026-10-03T18:05:32,docker.dev-peer0.org2.example.com-saksi-bulletin_1.0-ee3fe73bad456e43adfc5ba27d9e5a60983b69e8496140308fb21061ecb2ff85.blk_read_bytes,0.0
1791021932,2026-10-03T18:05:32,docker.dev-peer0.org2.example.com-saksi-bulletin_1.0-ee3fe73bad456e43adfc5ba27d9e5a60983b69e8496140308fb21061ecb2ff85.blk_write_bytes,0.0
1791021932,2026-10-03T18:05:32,docker.peer0.org1.example.com.cpu_pct,1.09
1791021932,2026-10-03T18:05:32,docker.peer0.org1.example.com.mem_bytes,52953088.0
1791021932,2026-10-03T18:05:32,docker.peer0.org1.example.com.blk_read_bytes,3760000.0
1791021932,2026-10-03T18:05:32,docker.peer0.org1.example.com.blk_write_bytes,4990000.0
1791021932,2026-10-03T18:05:32,docker.peer0.org2.example.com.cpu_pct,0.88
1791021932,2026-10-03T18:05:32,docker.peer0.org2.example.com.mem_bytes,45812285.44
1791021932,2026-10-03T18:05:32,docker.peer0.org2.example.com.blk_read_bytes,545000.0
1791021932,2026-10-03T18:05:32,docker.peer0.org2.example.com.blk_write_bytes,3610000.0
1791021932,2026-10-03T18:05:32,docker.orderer.example.com.cpu_pct,0.03
1791021932,2026-10-03T18:05:32,docker.orderer.example.com.mem_bytes,17930649.6
1791021932,2026-10-03T18:05:32,docker.orderer.example.com.blk_read_bytes,31400000.0
1791021932,2026-10-03T18:05:32,docker.orderer.example.com.blk_write_bytes,262000.0
1791021932,2026-10-03T18:05:32,wsl.MemTotal_kb,24608408
1791021932,2026-10-03T18:05:32,wsl.MemAvailable_kb,22727752
1791021932,2026-10-03T18:05:32,wsl.SwapTotal_kb,0
1791021932,2026-10-03T18:05:32,wsl.SwapFree_kb,0
1791021932,2026-10-03T18:05:32,wsl.Dirty_kb,36
1791021932,2026-10-03T18:05:32,wsl.load1,14.09
1791021932,2026-10-03T18:05:32,wsl.load5,10.99
1791021932,2026-10-03T18:05:32,host.c_free_bytes,49306308608
1791021932,2026-10-03T18:05:32,host.q_free_bytes,421445345280
1791021932,2026-10-03T18:05:32,host.docker_vhdx_bytes,15592325120
1791021932,2026-10-03T18:05:32,host.ubuntu_vhdx_bytes,212983611392
1791021932,2026-10-03T18:05:32,win.Processor(_Total)\% Processor Time,89.756737
1791021932,2026-10-03T18:05:32,win.Memory\Available MBytes,9869.0
1791021932,2026-10-03T18:05:32,win.PhysicalDisk(0 C:)\% Disk Time,2.43626
1791021932,2026-10-03T18:05:32,win.PhysicalDisk(1 Q:)\% Disk Time,0.0
1791021932,2026-10-03T18:05:32,win.PhysicalDisk(_Total)\% Disk Time,1.218129
1791021932,2026-10-03T18:05:32,win.PhysicalDisk(0 C:)\Current Disk Queue Length,0.0
1791021932,2026-10-03T18:05:32,win.PhysicalDisk(1 Q:)\Current Disk Queue Length,0.0
1791021932,2026-10-03T18:05:32,win.PhysicalDisk(_Total)\Current Disk Queue Length,0.0
1791021932,2026-10-03T18:05:32,win.Process(vmmemWSL)\% Processor Time,1364.363703
1791021942,2026-10-03T18:05:42,docker.dev-peer0.org1.example.com-saksi-bulletin_1.0-ee3fe73bad456e43adfc5ba27d9e5a60983b69e8496140308fb21061ecb2ff85.cpu_pct,0.0
1791021942,2026-10-03T18:05:42,docker.dev-peer0.org1.example.com-saksi-bulletin_1.0-ee3fe73bad456e43adfc5ba27d9e5a60983b69e8496140308fb21061ecb2ff85.mem_bytes,6951010.304
1791021942,2026-10-03T18:05:42,docker.dev-peer0.org1.example.com-saksi-bulletin_1.0-ee3fe73bad456e43adfc5ba27d9e5a60983b69e8496140308fb21061ecb2ff85.blk_read_bytes,0.0
1791021942,2026-10-03T18:05:42,docker.dev-peer0.org1.example.com-saksi-bulletin_1.0-ee3fe73bad456e43adfc5ba27d9e5a60983b69e8496140308fb21061ecb2ff85.blk_write_bytes,0.0
1791021942,2026-10-03T18:05:42,docker.dev-peer0.org2.example.com-saksi-bulletin_1.0-ee3fe73bad456e43adfc5ba27d9e5a60983b69e8496140308fb21061ecb2ff85.cpu_pct,0.0
1791021942,2026-10-03T18:05:42,docker.dev-peer0.org2.example.com-saksi-bulletin_1.0-ee3fe73bad456e43adfc5ba27d9e5a60983b69e8496140308fb21061ecb2ff85.mem_bytes,6742343.68
1791021942,2026-10-03T18:05:42,docker.dev-peer0.org2.example.com-saksi-bulletin_1.0-ee3fe73bad456e43adfc5ba27d9e5a60983b69e8496140308fb21061ecb2ff85.blk_read_bytes,0.0
1791021942,2026-10-03T18:05:42,docker.dev-peer0.org2.example.com-saksi-bulletin_1.0-ee3fe73bad456e43adfc5ba27d9e5a60983b69e8496140308fb21061ecb2ff85.blk_write_bytes,0.0
1791021942,2026-10-03T18:05:42,docker.peer0.org1.example.com.cpu_pct,1.38
1791021942,2026-10-03T18:05:42,docker.peer0.org1.example.com.mem_bytes,52953088.0
1791021942,2026-10-03T18:05:42,docker.peer0.org1.example.com.blk_read_bytes,3760000.0
1791021942,2026-10-03T18:05:42,docker.peer0.org1.example.com.blk_write_bytes,4990000.0
1791021942,2026-10-03T18:05:42,docker.peer0.org2.example.com.cpu_pct,1.42
1791021942,2026-10-03T18:05:42,docker.peer0.org2.example.com.mem_bytes,45539655.68
1791021942,2026-10-03T18:05:42,docker.peer0.org2.example.com.blk_read_bytes,545000.0
1791021942,2026-10-03T18:05:42,docker.peer0.org2.example.com.blk_write_bytes,3610000.0
1791021942,2026-10-03T18:05:42,docker.orderer.example.com.cpu_pct,1.02
1791021942,2026-10-03T18:05:42,docker.orderer.example.com.mem_bytes,18454937.6
1791021942,2026-10-03T18:05:42,docker.orderer.example.com.blk_read_bytes,31400000.0
1791021942,2026-10-03T18:05:42,docker.orderer.example.com.blk_write_bytes,262000.0
1791021942,2026-10-03T18:05:42,wsl.MemTotal_kb,24608408
1791021942,2026-10-03T18:05:42,wsl.MemAvailable_kb,22733056
1791021942,2026-10-03T18:05:42,wsl.SwapTotal_kb,0
1791021942,2026-10-03T18:05:42,wsl.SwapFree_kb,0
1791021942,2026-10-03T18:05:42,wsl.Dirty_kb,36
1791021942,2026-10-03T18:05:42,wsl.load1,14.38
1791021942,2026-10-03T18:05:42,wsl.load5,11.16
1791021942,2026-10-03T18:05:42,host.c_free_bytes,49305948160
1791021942,2026-10-03T18:05:42,host.q_free_bytes,421445345280
1791021942,2026-10-03T18:05:42,host.docker_vhdx_bytes,15592325120
1791021942,2026-10-03T18:05:42,host.ubuntu_vhdx_bytes,212983611392
1791021942,2026-10-03T18:05:42,win.Processor(_Total)\% Processor Time,88.87331
1791021942,2026-10-03T18:05:42,win.Memory\Available MBytes,9804.0
1791021942,2026-10-03T18:05:42,win.PhysicalDisk(0 C:)\% Disk Time,14.856453
1791021942,2026-10-03T18:05:42,win.PhysicalDisk(1 Q:)\% Disk Time,0.0
1791021942,2026-10-03T18:05:42,win.PhysicalDisk(_Total)\% Disk Time,7.428227
1791021942,2026-10-03T18:05:42,win.PhysicalDisk(0 C:)\Current Disk Queue Length,0.0
1791021942,2026-10-03T18:05:42,win.PhysicalDisk(1 Q:)\Current Disk Queue Length,0.0
1791021942,2026-10-03T18:05:42,win.PhysicalDisk(_Total)\Current Disk Queue Length,0.0
1791021942,2026-10-03T18:05:42,win.Process(vmmemWSL)\% Processor Time,1333.953545
1791021952,2026-10-03T18:05:52,docker.dev-peer0.org1.example.com-saksi-bulletin_1.0-ee3fe73bad456e43adfc5ba27d9e5a60983b69e8496140308fb21061ecb2ff85.cpu_pct,0.0
1791021952,2026-10-03T18:05:52,docker.dev-peer0.org1.example.com-saksi-bulletin_1.0-ee3fe73bad456e43adfc5ba27d9e5a60983b69e8496140308fb21061ecb2ff85.mem_bytes,6951010.304
1791021952,2026-10-03T18:05:52,docker.dev-peer0.org1.example.com-saksi-bulletin_1.0-ee3fe73bad456e43adfc5ba27d9e5a60983b69e8496140308fb21061ecb2ff85.blk_read_bytes,0.0
1791021952,2026-10-03T18:05:52,docker.dev-peer0.org1.example.com-saksi-bulletin_1.0-ee3fe73bad456e43adfc5ba27d9e5a60983b69e8496140308fb21061ecb2ff85.blk_write_bytes,0.0
1791021952,2026-10-03T18:05:52,docker.dev-peer0.org2.example.com-saksi-bulletin_1.0-ee3fe73bad456e43adfc5ba27d9e5a60983b69e8496140308fb21061ecb2ff85.cpu_pct,0.0
1791021952,2026-10-03T18:05:52,docker.dev-peer0.org2.example.com-saksi-bulletin_1.0-ee3fe73bad456e43adfc5ba27d9e5a60983b69e8496140308fb21061ecb2ff85.mem_bytes,6742343.68
1791021952,2026-10-03T18:05:52,docker.dev-peer0.org2.example.com-saksi-bulletin_1.0-ee3fe73bad456e43adfc5ba27d9e5a60983b69e8496140308fb21061ecb2ff85.blk_read_bytes,0.0
1791021952,2026-10-03T18:05:52,docker.dev-peer0.org2.example.com-saksi-bulletin_1.0-ee3fe73bad456e43adfc5ba27d9e5a60983b69e8496140308fb21061ecb2ff85.blk_write_bytes,0.0
1791021952,2026-10-03T18:05:52,docker.peer0.org1.example.com.cpu_pct,0.98
1791021952,2026-10-03T18:05:52,docker.peer0.org1.example.com.mem_bytes,52953088.0
1791021952,2026-10-03T18:05:52,docker.peer0.org1.example.com.blk_read_bytes,3760000.0
1791021952,2026-10-03T18:05:52,docker.peer0.org1.example.com.blk_write_bytes,4990000.0
1791021952,2026-10-03T18:05:52,docker.peer0.org2.example.com.cpu_pct,0.91
1791021952,2026-10-03T18:05:52,docker.peer0.org2.example.com.mem_bytes,45539655.68
1791021952,2026-10-03T18:05:52,docker.peer0.org2.example.com.blk_read_bytes,545000.0
1791021952,2026-10-03T18:05:52,docker.peer0.org2.example.com.blk_write_bytes,3610000.0
1791021952,2026-10-03T18:05:52,docker.orderer.example.com.cpu_pct,0.03
1791021952,2026-10-03T18:05:52,docker.orderer.example.com.mem_bytes,18454937.6
1791021952,2026-10-03T18:05:52,docker.orderer.example.com.blk_read_bytes,31400000.0
1791021952,2026-10-03T18:05:52,docker.orderer.example.com.blk_write_bytes,262000.0
1791021952,2026-10-03T18:05:52,wsl.MemTotal_kb,24608408
1791021952,2026-10-03T18:05:52,wsl.MemAvailable_kb,22733316
1791021952,2026-10-03T18:05:52,wsl.SwapTotal_kb,0
1791021952,2026-10-03T18:05:52,wsl.SwapFree_kb,0
1791021952,2026-10-03T18:05:52,wsl.Dirty_kb,0
1791021952,2026-10-03T18:05:52,wsl.load1,14.63
1791021952,2026-10-03T18:05:52,wsl.load5,11.32
1791021952,2026-10-03T18:05:52,host.c_free_bytes,49306583040
1791021952,2026-10-03T18:05:52,host.q_free_bytes,421445345280
1791021952,2026-10-03T18:05:52,host.docker_vhdx_bytes,15592325120
1791021952,2026-10-03T18:05:52,host.ubuntu_vhdx_bytes,212983611392
1791021952,2026-10-03T18:05:52,win.Processor(_Total)\% Processor Time,90.11269
1791021952,2026-10-03T18:05:52,win.Memory\Available MBytes,9734.0
1791021952,2026-10-03T18:05:52,win.PhysicalDisk(0 C:)\% Disk Time,4.506321
1791021952,2026-10-03T18:05:52,win.PhysicalDisk(1 Q:)\% Disk Time,0.0
1791021952,2026-10-03T18:05:52,win.PhysicalDisk(_Total)\% Disk Time,2.253161
1791021952,2026-10-03T18:05:52,win.PhysicalDisk(0 C:)\Current Disk Queue Length,0.0
1791021952,2026-10-03T18:05:52,win.PhysicalDisk(1 Q:)\Current Disk Queue Length,0.0
1791021952,2026-10-03T18:05:52,win.PhysicalDisk(_Total)\Current Disk Queue Length,0.0
1791021952,2026-10-03T18:05:52,win.Process(vmmemWSL)\% Processor Time,1351.779799
1791021962,2026-10-03T18:06:02,docker.dev-peer0.org1.example.com-saksi-bulletin_1.0-ee3fe73bad456e43adfc5ba27d9e5a60983b69e8496140308fb21061ecb2ff85.cpu_pct,0.0
1791021962,2026-10-03T18:06:02,docker.dev-peer0.org1.example.com-saksi-bulletin_1.0-ee3fe73bad456e43adfc5ba27d9e5a60983b69e8496140308fb21061ecb2ff85.mem_bytes,6951010.304
1791021962,2026-10-03T18:06:02,docker.dev-peer0.org1.example.com-saksi-bulletin_1.0-ee3fe73bad456e43adfc5ba27d9e5a60983b69e8496140308fb21061ecb2ff85.blk_read_bytes,0.0
1791021962,2026-10-03T18:06:02,docker.dev-peer0.org1.example.com-saksi-bulletin_1.0-ee3fe73bad456e43adfc5ba27d9e5a60983b69e8496140308fb21061ecb2ff85.blk_write_bytes,0.0
1791021962,2026-10-03T18:06:02,docker.dev-peer0.org2.example.com-saksi-bulletin_1.0-ee3fe73bad456e43adfc5ba27d9e5a60983b69e8496140308fb21061ecb2ff85.cpu_pct,0.0
1791021962,2026-10-03T18:06:02,docker.dev-peer0.org2.example.com-saksi-bulletin_1.0-ee3fe73bad456e43adfc5ba27d9e5a60983b69e8496140308fb21061ecb2ff85.mem_bytes,6742343.68
1791021962,2026-10-03T18:06:02,docker.dev-peer0.org2.example.com-saksi-bulletin_1.0-ee3fe73bad456e43adfc5ba27d9e5a60983b69e8496140308fb21061ecb2ff85.blk_read_bytes,0.0
1791021962,2026-10-03T18:06:02,docker.dev-peer0.org2.example.com-saksi-bulletin_1.0-ee3fe73bad456e43adfc5ba27d9e5a60983b69e8496140308fb21061ecb2ff85.blk_write_bytes,0.0
1791021962,2026-10-03T18:06:02,docker.peer0.org1.example.com.cpu_pct,1.15
1791021962,2026-10-03T18:06:02,docker.peer0.org1.example.com.mem_bytes,52942602.24
1791021962,2026-10-03T18:06:02,docker.peer0.org1.example.com.blk_read_bytes,3760000.0
1791021962,2026-10-03T18:06:02,docker.peer0.org1.example.com.blk_write_bytes,4990000.0
1791021962,2026-10-03T18:06:02,docker.peer0.org2.example.com.cpu_pct,1.15
1791021962,2026-10-03T18:06:02,docker.peer0.org2.example.com.mem_bytes,45141196.8
1791021962,2026-10-03T18:06:02,docker.peer0.org2.example.com.blk_read_bytes,545000.0
1791021962,2026-10-03T18:06:02,docker.peer0.org2.example.com.blk_write_bytes,3610000.0
1791021962,2026-10-03T18:06:02,docker.orderer.example.com.cpu_pct,0.03
1791021962,2026-10-03T18:06:02,docker.orderer.example.com.mem_bytes,18454937.6
1791021962,2026-10-03T18:06:02,docker.orderer.example.com.blk_read_bytes,31400000.0
1791021962,2026-10-03T18:06:02,docker.orderer.example.com.blk_write_bytes,262000.0
1791021962,2026-10-03T18:06:02,wsl.MemTotal_kb,24608408
1791021962,2026-10-03T18:06:02,wsl.MemAvailable_kb,22733460
1791021962,2026-10-03T18:06:02,wsl.SwapTotal_kb,0
1791021962,2026-10-03T18:06:02,wsl.SwapFree_kb,0
1791021962,2026-10-03T18:06:02,wsl.Dirty_kb,32
1791021962,2026-10-03T18:06:02,wsl.load1,13.64
1791021962,2026-10-03T18:06:02,wsl.load5,11.22
1791021962,2026-10-03T18:06:02,host.c_free_bytes,49306206208
1791021962,2026-10-03T18:06:02,host.q_free_bytes,421445345280
1791021962,2026-10-03T18:06:02,host.docker_vhdx_bytes,15592325120
1791021962,2026-10-03T18:06:02,host.ubuntu_vhdx_bytes,212983611392
1791021962,2026-10-03T18:06:02,win.Processor(_Total)\% Processor Time,89.025845
1791021962,2026-10-03T18:06:02,win.Memory\Available MBytes,9793.0
1791021962,2026-10-03T18:06:02,win.PhysicalDisk(0 C:)\% Disk Time,3.39151
1791021962,2026-10-03T18:06:02,win.PhysicalDisk(1 Q:)\% Disk Time,0.0
1791021962,2026-10-03T18:06:02,win.PhysicalDisk(_Total)\% Disk Time,1.695755
1791021962,2026-10-03T18:06:02,win.PhysicalDisk(0 C:)\Current Disk Queue Length,0.0
1791021962,2026-10-03T18:06:02,win.PhysicalDisk(1 Q:)\Current Disk Queue Length,0.0
1791021962,2026-10-03T18:06:02,win.PhysicalDisk(_Total)\Current Disk Queue Length,0.0
1791021962,2026-10-03T18:06:02,win.Process(vmmemWSL)\% Processor Time,1352.093886
1791021972,2026-10-03T18:06:12,docker.dev-peer0.org1.example.com-saksi-bulletin_1.0-ee3fe73bad456e43adfc5ba27d9e5a60983b69e8496140308fb21061ecb2ff85.cpu_pct,0.0
1791021972,2026-10-03T18:06:12,docker.dev-peer0.org1.example.com-saksi-bulletin_1.0-ee3fe73bad456e43adfc5ba27d9e5a60983b69e8496140308fb21061ecb2ff85.mem_bytes,6712983.552
1791021972,2026-10-03T18:06:12,docker.dev-peer0.org1.example.com-saksi-bulletin_1.0-ee3fe73bad456e43adfc5ba27d9e5a60983b69e8496140308fb21061ecb2ff85.blk_read_bytes,0.0
1791021972,2026-10-03T18:06:12,docker.dev-peer0.org1.example.com-saksi-bulletin_1.0-ee3fe73bad456e43adfc5ba27d9e5a60983b69e8496140308fb21061ecb2ff85.blk_write_bytes,0.0
1791021972,2026-10-03T18:06:12,docker.dev-peer0.org2.example.com-saksi-bulletin_1.0-ee3fe73bad456e43adfc5ba27d9e5a60983b69e8496140308fb21061ecb2ff85.cpu_pct,0.0
1791021972,2026-10-03T18:06:12,docker.dev-peer0.org2.example.com-saksi-bulletin_1.0-ee3fe73bad456e43adfc5ba27d9e5a60983b69e8496140308fb21061ecb2ff85.mem_bytes,6738149.376
1791021972,2026-10-03T18:06:12,docker.dev-peer0.org2.example.com-saksi-bulletin_1.0-ee3fe73bad456e43adfc5ba27d9e5a60983b69e8496140308fb21061ecb2ff85.blk_read_bytes,0.0
1791021972,2026-10-03T18:06:12,docker.dev-peer0.org2.example.com-saksi-bulletin_1.0-ee3fe73bad456e43adfc5ba27d9e5a60983b69e8496140308fb21061ecb2ff85.blk_write_bytes,0.0
1791021972,2026-10-03T18:06:12,docker.peer0.org1.example.com.cpu_pct,0.88
1791021972,2026-10-03T18:06:12,docker.peer0.org1.example.com.mem_bytes,52449771.52
1791021972,2026-10-03T18:06:12,docker.peer0.org1.example.com.blk_read_bytes,3760000.0
1791021972,2026-10-03T18:06:12,docker.peer0.org1.example.com.blk_write_bytes,4990000.0
1791021972,2026-10-03T18:06:12,docker.peer0.org2.example.com.cpu_pct,0.89
1791021972,2026-10-03T18:06:12,docker.peer0.org2.example.com.mem_bytes,45392855.04
1791021972,2026-10-03T18:06:12,docker.peer0.org2.example.com.blk_read_bytes,545000.0
1791021972,2026-10-03T18:06:12,docker.peer0.org2.example.com.blk_write_bytes,3610000.0
1791021972,2026-10-03T18:06:12,docker.orderer.example.com.cpu_pct,0.03
1791021972,2026-10-03T18:06:12,docker.orderer.example.com.mem_bytes,18454937.6
1791021972,2026-10-03T18:06:12,docker.orderer.example.com.blk_read_bytes,31400000.0
1791021972,2026-10-03T18:06:12,docker.orderer.example.com.blk_write_bytes,262000.0
1791021972,2026-10-03T18:06:12,wsl.MemTotal_kb,24608408
1791021972,2026-10-03T18:06:12,wsl.MemAvailable_kb,22734484
1791021972,2026-10-03T18:06:12,wsl.SwapTotal_kb,0
1791021972,2026-10-03T18:06:12,wsl.SwapFree_kb,0
1791021972,2026-10-03T18:06:12,wsl.Dirty_kb,32
1791021972,2026-10-03T18:06:12,wsl.load1,14.0
1791021972,2026-10-03T18:06:12,wsl.load5,11.38
1791021972,2026-10-03T18:06:12,host.c_free_bytes,49306861568
1791021972,2026-10-03T18:06:12,host.q_free_bytes,421445345280
1791021972,2026-10-03T18:06:12,host.docker_vhdx_bytes,15592325120
1791021972,2026-10-03T18:06:12,host.ubuntu_vhdx_bytes,212983611392
1791021972,2026-10-03T18:06:12,win.Processor(_Total)\% Processor Time,90.751354
1791021972,2026-10-03T18:06:12,win.Memory\Available MBytes,9769.0
1791021972,2026-10-03T18:06:12,win.PhysicalDisk(0 C:)\% Disk Time,7.768006
1791021972,2026-10-03T18:06:12,win.PhysicalDisk(1 Q:)\% Disk Time,0.0
1791021972,2026-10-03T18:06:12,win.PhysicalDisk(_Total)\% Disk Time,3.884003
1791021972,2026-10-03T18:06:12,win.PhysicalDisk(0 C:)\Current Disk Queue Length,0.0
1791021972,2026-10-03T18:06:12,win.PhysicalDisk(1 Q:)\Current Disk Queue Length,0.0
1791021972,2026-10-03T18:06:12,win.PhysicalDisk(_Total)\Current Disk Queue Length,0.0
1791021972,2026-10-03T18:06:12,win.Process(vmmemWSL)\% Processor Time,1380.61143
1791021982,2026-10-03T18:06:22,docker.dev-peer0.org1.example.com-saksi-bulletin_1.0-ee3fe73bad456e43adfc5ba27d9e5a60983b69e8496140308fb21061ecb2ff85.cpu_pct,0.0
1791021982,2026-10-03T18:06:22,docker.dev-peer0.org1.example.com-saksi-bulletin_1.0-ee3fe73bad456e43adfc5ba27d9e5a60983b69e8496140308fb21061ecb2ff85.mem_bytes,6712983.552
1791021982,2026-10-03T18:06:22,docker.dev-peer0.org1.example.com-saksi-bulletin_1.0-ee3fe73bad456e43adfc5ba27d9e5a60983b69e8496140308fb21061ecb2ff85.blk_read_bytes,0.0
1791021982,2026-10-03T18:06:22,docker.dev-peer0.org1.example.com-saksi-bulletin_1.0-ee3fe73bad456e43adfc5ba27d9e5a60983b69e8496140308fb21061ecb2ff85.blk_write_bytes,0.0
1791021982,2026-10-03T18:06:22,docker.dev-peer0.org2.example.com-saksi-bulletin_1.0-ee3fe73bad456e43adfc5ba27d9e5a60983b69e8496140308fb21061ecb2ff85.cpu_pct,0.0
1791021982,2026-10-03T18:06:22,docker.dev-peer0.org2.example.com-saksi-bulletin_1.0-ee3fe73bad456e43adfc5ba27d9e5a60983b69e8496140308fb21061ecb2ff85.mem_bytes,6738149.376
1791021982,2026-10-03T18:06:22,docker.dev-peer0.org2.example.com-saksi-bulletin_1.0-ee3fe73bad456e43adfc5ba27d9e5a60983b69e8496140308fb21061ecb2ff85.blk_read_bytes,0.0
1791021982,2026-10-03T18:06:22,docker.dev-peer0.org2.example.com-saksi-bulletin_1.0-ee3fe73bad456e43adfc5ba27d9e5a60983b69e8496140308fb21061ecb2ff85.blk_write_bytes,0.0
1791021982,2026-10-03T18:06:22,docker.peer0.org1.example.com.cpu_pct,1.2
1791021982,2026-10-03T18:06:22,docker.peer0.org1.example.com.mem_bytes,52439285.76
1791021982,2026-10-03T18:06:22,docker.peer0.org1.example.com.blk_read_bytes,3760000.0
1791021982,2026-10-03T18:06:22,docker.peer0.org1.example.com.blk_write_bytes,4990000.0
1791021982,2026-10-03T18:06:22,docker.peer0.org2.example.com.cpu_pct,1.07
1791021982,2026-10-03T18:06:22,docker.peer0.org2.example.com.mem_bytes,45392855.04
1791021982,2026-10-03T18:06:22,docker.peer0.org2.example.com.blk_read_bytes,545000.0
1791021982,2026-10-03T18:06:22,docker.peer0.org2.example.com.blk_write_bytes,3610000.0
1791021982,2026-10-03T18:06:22,docker.orderer.example.com.cpu_pct,0.04
1791021982,2026-10-03T18:06:22,docker.orderer.example.com.mem_bytes,18717081.6
1791021982,2026-10-03T18:06:22,docker.orderer.example.com.blk_read_bytes,31400000.0
1791021982,2026-10-03T18:06:22,docker.orderer.example.com.blk_write_bytes,262000.0
1791021982,2026-10-03T18:06:22,wsl.MemTotal_kb,24608408
1791021982,2026-10-03T18:06:22,wsl.MemAvailable_kb,22734228
1791021982,2026-10-03T18:06:22,wsl.SwapTotal_kb,0
1791021982,2026-10-03T18:06:22,wsl.SwapFree_kb,0
1791021982,2026-10-03T18:06:22,wsl.Dirty_kb,32
1791021982,2026-10-03T18:06:22,wsl.load1,13.11
1791021982,2026-10-03T18:06:22,wsl.load5,11.28
1791021982,2026-10-03T18:06:22,host.c_free_bytes,49306533888
1791021982,2026-10-03T18:06:22,host.q_free_bytes,421445345280
1791021982,2026-10-03T18:06:22,host.docker_vhdx_bytes,15592325120
1791021982,2026-10-03T18:06:22,host.ubuntu_vhdx_bytes,212983611392
1791021982,2026-10-03T18:06:22,win.Processor(_Total)\% Processor Time,88.582916
1791021982,2026-10-03T18:06:22,win.Memory\Available MBytes,9826.0
1791021982,2026-10-03T18:06:22,win.PhysicalDisk(0 C:)\% Disk Time,3.184238
1791021982,2026-10-03T18:06:22,win.PhysicalDisk(1 Q:)\% Disk Time,0.0
1791021982,2026-10-03T18:06:22,win.PhysicalDisk(_Total)\% Disk Time,1.592119
1791021982,2026-10-03T18:06:22,win.PhysicalDisk(0 C:)\Current Disk Queue Length,0.0
1791021982,2026-10-03T18:06:22,win.PhysicalDisk(1 Q:)\Current Disk Queue Length,0.0
1791021982,2026-10-03T18:06:22,win.PhysicalDisk(_Total)\Current Disk Queue Length,0.0
1791021982,2026-10-03T18:06:22,win.Process(vmmemWSL)\% Processor Time,1352.344347
1791021992,2026-10-03T18:06:32,docker.dev-peer0.org1.example.com-saksi-bulletin_1.0-ee3fe73bad456e43adfc5ba27d9e5a60983b69e8496140308fb21061ecb2ff85.cpu_pct,0.0
1791021992,2026-10-03T18:06:32,docker.dev-peer0.org1.example.com-saksi-bulletin_1.0-ee3fe73bad456e43adfc5ba27d9e5a60983b69e8496140308fb21061ecb2ff85.mem_bytes,6712983.552
1791021992,2026-10-03T18:06:32,docker.dev-peer0.org1.example.com-saksi-bulletin_1.0-ee3fe73bad456e43adfc5ba27d9e5a60983b69e8496140308fb21061ecb2ff85.blk_read_bytes,0.0
1791021992,2026-10-03T18:06:32,docker.dev-peer0.org1.example.com-saksi-bulletin_1.0-ee3fe73bad456e43adfc5ba27d9e5a60983b69e8496140308fb21061ecb2ff85.blk_write_bytes,0.0
1791021992,2026-10-03T18:06:32,docker.dev-peer0.org2.example.com-saksi-bulletin_1.0-ee3fe73bad456e43adfc5ba27d9e5a60983b69e8496140308fb21061ecb2ff85.cpu_pct,0.0
1791021992,2026-10-03T18:06:32,docker.dev-peer0.org2.example.com-saksi-bulletin_1.0-ee3fe73bad456e43adfc5ba27d9e5a60983b69e8496140308fb21061ecb2ff85.mem_bytes,6738149.376
1791021992,2026-10-03T18:06:32,docker.dev-peer0.org2.example.com-saksi-bulletin_1.0-ee3fe73bad456e43adfc5ba27d9e5a60983b69e8496140308fb21061ecb2ff85.blk_read_bytes,0.0
1791021992,2026-10-03T18:06:32,docker.dev-peer0.org2.example.com-saksi-bulletin_1.0-ee3fe73bad456e43adfc5ba27d9e5a60983b69e8496140308fb21061ecb2ff85.blk_write_bytes,0.0
1791021992,2026-10-03T18:06:32,docker.peer0.org1.example.com.cpu_pct,0.91
1791021992,2026-10-03T18:06:32,docker.peer0.org1.example.com.mem_bytes,52932116.48
1791021992,2026-10-03T18:06:32,docker.peer0.org1.example.com.blk_read_bytes,3760000.0
1791021992,2026-10-03T18:06:32,docker.peer0.org1.example.com.blk_write_bytes,4990000.0
1791021992,2026-10-03T18:06:32,docker.peer0.org2.example.com.cpu_pct,0.88
1791021992,2026-10-03T18:06:32,docker.peer0.org2.example.com.mem_bytes,44900024.32
1791021992,2026-10-03T18:06:32,docker.peer0.org2.example.com.blk_read_bytes,545000.0
1791021992,2026-10-03T18:06:32,docker.peer0.org2.example.com.blk_write_bytes,3610000.0
1791021992,2026-10-03T18:06:32,docker.orderer.example.com.cpu_pct,0.06
1791021992,2026-10-03T18:06:32,docker.orderer.example.com.mem_bytes,18465423.36
1791021992,2026-10-03T18:06:32,docker.orderer.example.com.blk_read_bytes,31400000.0
1791021992,2026-10-03T18:06:32,docker.orderer.example.com.blk_write_bytes,262000.0
1791021992,2026-10-03T18:06:32,wsl.MemTotal_kb,24608408
1791021992,2026-10-03T18:06:32,wsl.MemAvailable_kb,22737160
1791021992,2026-10-03T18:06:32,wsl.SwapTotal_kb,0
1791021992,2026-10-03T18:06:32,wsl.SwapFree_kb,0
1791021992,2026-10-03T18:06:32,wsl.Dirty_kb,92
1791021992,2026-10-03T18:06:32,wsl.load1,13.83
1791021992,2026-10-03T18:06:32,wsl.load5,11.53
1791021992,2026-10-03T18:06:32,host.c_free_bytes,49306206208
1791021992,2026-10-03T18:06:32,host.q_free_bytes,421445345280
1791021992,2026-10-03T18:06:32,host.docker_vhdx_bytes,15592325120
1791021992,2026-10-03T18:06:32,host.ubuntu_vhdx_bytes,212983611392
1791021992,2026-10-03T18:06:32,win.Processor(_Total)\% Processor Time,89.798958
1791021992,2026-10-03T18:06:32,win.Memory\Available MBytes,9835.0
1791021992,2026-10-03T18:06:32,win.PhysicalDisk(0 C:)\% Disk Time,0.268899
1791021992,2026-10-03T18:06:32,win.PhysicalDisk(1 Q:)\% Disk Time,0.0
1791021992,2026-10-03T18:06:32,win.PhysicalDisk(_Total)\% Disk Time,0.134449
1791021992,2026-10-03T18:06:32,win.PhysicalDisk(0 C:)\Current Disk Queue Length,0.0
1791021992,2026-10-03T18:06:32,win.PhysicalDisk(1 Q:)\Current Disk Queue Length,0.0
1791021992,2026-10-03T18:06:32,win.PhysicalDisk(_Total)\Current Disk Queue Length,0.0
1791021992,2026-10-03T18:06:32,win.Process(vmmemWSL)\% Processor Time,1368.521031
1791022002,2026-10-03T18:06:42,docker.dev-peer0.org1.example.com-saksi-bulletin_1.0-ee3fe73bad456e43adfc5ba27d9e5a60983b69e8496140308fb21061ecb2ff85.cpu_pct,0.0
1791022002,2026-10-03T18:06:42,docker.dev-peer0.org1.example.com-saksi-bulletin_1.0-ee3fe73bad456e43adfc5ba27d9e5a60983b69e8496140308fb21061ecb2ff85.mem_bytes,6712983.552
1791022002,2026-10-03T18:06:42,docker.dev-peer0.org1.example.com-saksi-bulletin_1.0-ee3fe73bad456e43adfc5ba27d9e5a60983b69e8496140308fb21061ecb2ff85.blk_read_bytes,0.0
1791022002,2026-10-03T18:06:42,docker.dev-peer0.org1.example.com-saksi-bulletin_1.0-ee3fe73bad456e43adfc5ba27d9e5a60983b69e8496140308fb21061ecb2ff85.blk_write_bytes,0.0
1791022002,2026-10-03T18:06:42,docker.dev-peer0.org2.example.com-saksi-bulletin_1.0-ee3fe73bad456e43adfc5ba27d9e5a60983b69e8496140308fb21061ecb2ff85.cpu_pct,0.0
1791022002,2026-10-03T18:06:42,docker.dev-peer0.org2.example.com-saksi-bulletin_1.0-ee3fe73bad456e43adfc5ba27d9e5a60983b69e8496140308fb21061ecb2ff85.mem_bytes,6738149.376
1791022002,2026-10-03T18:06:42,docker.dev-peer0.org2.example.com-saksi-bulletin_1.0-ee3fe73bad456e43adfc5ba27d9e5a60983b69e8496140308fb21061ecb2ff85.blk_read_bytes,0.0
1791022002,2026-10-03T18:06:42,docker.dev-peer0.org2.example.com-saksi-bulletin_1.0-ee3fe73bad456e43adfc5ba27d9e5a60983b69e8496140308fb21061ecb2ff85.blk_write_bytes,0.0
1791022002,2026-10-03T18:06:42,docker.peer0.org1.example.com.cpu_pct,1.14
1791022002,2026-10-03T18:06:42,docker.peer0.org1.example.com.mem_bytes,52428800.0
1791022002,2026-10-03T18:06:42,docker.peer0.org1.example.com.blk_read_bytes,3760000.0
1791022002,2026-10-03T18:06:42,docker.peer0.org1.example.com.blk_write_bytes,4990000.0
1791022002,2026-10-03T18:06:42,docker.peer0.org2.example.com.cpu_pct,1.23
1791022002,2026-10-03T18:06:42,docker.peer0.org2.example.com.mem_bytes,44721766.4
1791022002,2026-10-03T18:06:42,docker.peer0.org2.example.com.blk_read_bytes,545000.0
1791022002,2026-10-03T18:06:42,docker.peer0.org2.example.com.blk_write_bytes,3610000.0
1791022002,2026-10-03T18:06:42,docker.orderer.example.com.cpu_pct,0.09
1791022002,2026-10-03T18:06:42,docker.orderer.example.com.mem_bytes,18475909.12
1791022002,2026-10-03T18:06:42,docker.orderer.example.com.blk_read_bytes,31400000.0
1791022002,2026-10-03T18:06:42,docker.orderer.example.com.blk_write_bytes,262000.0
1791022002,2026-10-03T18:06:42,wsl.MemTotal_kb,24608408
1791022002,2026-10-03T18:06:42,wsl.MemAvailable_kb,22932352
1791022002,2026-10-03T18:06:42,wsl.SwapTotal_kb,0
1791022002,2026-10-03T18:06:42,wsl.SwapFree_kb,0
1791022002,2026-10-03T18:06:42,wsl.Dirty_kb,120
1791022002,2026-10-03T18:06:42,wsl.load1,14.08
1791022002,2026-10-03T18:06:42,wsl.load5,11.62
1791022002,2026-10-03T18:06:42,host.c_free_bytes,49305739264
1791022002,2026-10-03T18:06:42,host.q_free_bytes,421445345280
1791022002,2026-10-03T18:06:42,host.docker_vhdx_bytes,15592325120
1791022002,2026-10-03T18:06:42,host.ubuntu_vhdx_bytes,212983611392
1791022002,2026-10-03T18:06:42,win.Processor(_Total)\% Processor Time,89.566655
1791022002,2026-10-03T18:06:42,win.Memory\Available MBytes,9829.0
1791022002,2026-10-03T18:06:42,win.PhysicalDisk(0 C:)\% Disk Time,0.565966
1791022002,2026-10-03T18:06:42,win.PhysicalDisk(1 Q:)\% Disk Time,0.0
1791022002,2026-10-03T18:06:42,win.PhysicalDisk(_Total)\% Disk Time,0.282983
1791022002,2026-10-03T18:06:42,win.PhysicalDisk(0 C:)\Current Disk Queue Length,0.0
1791022002,2026-10-03T18:06:42,win.PhysicalDisk(1 Q:)\Current Disk Queue Length,0.0
1791022002,2026-10-03T18:06:42,win.PhysicalDisk(_Total)\Current Disk Queue Length,0.0
1791022002,2026-10-03T18:06:42,win.Process(vmmemWSL)\% Processor Time,1373.223292
1791022012,2026-10-03T18:06:52,docker.dev-peer0.org1.example.com-saksi-bulletin_1.0-ee3fe73bad456e43adfc5ba27d9e5a60983b69e8496140308fb21061ecb2ff85.cpu_pct,0.0
1791022012,2026-10-03T18:06:52,docker.dev-peer0.org1.example.com-saksi-bulletin_1.0-ee3fe73bad456e43adfc5ba27d9e5a60983b69e8496140308fb21061ecb2ff85.mem_bytes,6975127.552
1791022012,2026-10-03T18:06:52,docker.dev-peer0.org1.example.com-saksi-bulletin_1.0-ee3fe73bad456e43adfc5ba27d9e5a60983b69e8496140308fb21061ecb2ff85.blk_read_bytes,0.0
1791022012,2026-10-03T18:06:52,docker.dev-peer0.org1.example.com-saksi-bulletin_1.0-ee3fe73bad456e43adfc5ba27d9e5a60983b69e8496140308fb21061ecb2ff85.blk_write_bytes,0.0
1791022012,2026-10-03T18:06:52,docker.dev-peer0.org2.example.com-saksi-bulletin_1.0-ee3fe73bad456e43adfc5ba27d9e5a60983b69e8496140308fb21061ecb2ff85.cpu_pct,0.0
1791022012,2026-10-03T18:06:52,docker.dev-peer0.org2.example.com-saksi-bulletin_1.0-ee3fe73bad456e43adfc5ba27d9e5a60983b69e8496140308fb21061ecb2ff85.mem_bytes,7266631.68
1791022012,2026-10-03T18:06:52,docker.dev-peer0.org2.example.com-saksi-bulletin_1.0-ee3fe73bad456e43adfc5ba27d9e5a60983b69e8496140308fb21061ecb2ff85.blk_read_bytes,0.0
1791022012,2026-10-03T18:06:52,docker.dev-peer0.org2.example.com-saksi-bulletin_1.0-ee3fe73bad456e43adfc5ba27d9e5a60983b69e8496140308fb21061ecb2ff85.blk_write_bytes,0.0
1791022012,2026-10-03T18:06:52,docker.peer0.org1.example.com.cpu_pct,1.15
1791022012,2026-10-03T18:06:52,docker.peer0.org1.example.com.mem_bytes,52229570.56
1791022012,2026-10-03T18:06:52,docker.peer0.org1.example.com.blk_read_bytes,3760000.0
1791022012,2026-10-03T18:06:52,docker.peer0.org1.example.com.blk_write_bytes,4990000.0
1791022012,2026-10-03T18:06:52,docker.peer0.org2.example.com.cpu_pct,1.1
1791022012,2026-10-03T18:06:52,docker.peer0.org2.example.com.mem_bytes,45172654.08
1791022012,2026-10-03T18:06:52,docker.peer0.org2.example.com.blk_read_bytes,545000.0
1791022012,2026-10-03T18:06:52,docker.peer0.org2.example.com.blk_write_bytes,3610000.0
1791022012,2026-10-03T18:06:52,docker.orderer.example.com.cpu_pct,0.04
1791022012,2026-10-03T18:06:52,docker.orderer.example.com.mem_bytes,17699962.88
1791022012,2026-10-03T18:06:52,docker.orderer.example.com.blk_read_bytes,31400000.0
1791022012,2026-10-03T18:06:52,docker.orderer.example.com.blk_write_bytes,262000.0
1791022012,2026-10-03T18:06:52,wsl.MemTotal_kb,24608408
1791022012,2026-10-03T18:06:52,wsl.MemAvailable_kb,22938408
1791022012,2026-10-03T18:06:52,wsl.SwapTotal_kb,0
1791022012,2026-10-03T18:06:52,wsl.SwapFree_kb,0
1791022012,2026-10-03T18:06:52,wsl.Dirty_kb,160
1791022012,2026-10-03T18:06:52,wsl.load1,12.07
1791022012,2026-10-03T18:06:52,wsl.load5,11.27
1791022012,2026-10-03T18:06:52,host.c_free_bytes,49305440256
1791022012,2026-10-03T18:06:52,host.q_free_bytes,421445345280
1791022012,2026-10-03T18:06:52,host.docker_vhdx_bytes,15592325120
1791022012,2026-10-03T18:06:52,host.ubuntu_vhdx_bytes,212983611392
1791022012,2026-10-03T18:06:52,win.Processor(_Total)\% Processor Time,88.780897
1791022012,2026-10-03T18:06:52,win.Memory\Available MBytes,9820.0
1791022012,2026-10-03T18:06:52,win.PhysicalDisk(0 C:)\% Disk Time,0.474937
1791022012,2026-10-03T18:06:52,win.PhysicalDisk(1 Q:)\% Disk Time,0.0
1791022012,2026-10-03T18:06:52,win.PhysicalDisk(_Total)\% Disk Time,0.237469
1791022012,2026-10-03T18:06:52,win.PhysicalDisk(0 C:)\Current Disk Queue Length,0.0
1791022012,2026-10-03T18:06:52,win.PhysicalDisk(1 Q:)\Current Disk Queue Length,0.0
1791022012,2026-10-03T18:06:52,win.PhysicalDisk(_Total)\Current Disk Queue Length,0.0
1791022012,2026-10-03T18:06:52,win.Process(vmmemWSL)\% Processor Time,1356.507477
1791022022,2026-10-03T18:07:02,docker.dev-peer0.org1.example.com-saksi-bulletin_1.0-ee3fe73bad456e43adfc5ba27d9e5a60983b69e8496140308fb21061ecb2ff85.cpu_pct,0.0
1791022022,2026-10-03T18:07:02,docker.dev-peer0.org1.example.com-saksi-bulletin_1.0-ee3fe73bad456e43adfc5ba27d9e5a60983b69e8496140308fb21061ecb2ff85.mem_bytes,6721372.16
1791022022,2026-10-03T18:07:02,docker.dev-peer0.org1.example.com-saksi-bulletin_1.0-ee3fe73bad456e43adfc5ba27d9e5a60983b69e8496140308fb21061ecb2ff85.blk_read_bytes,0.0
1791022022,2026-10-03T18:07:02,docker.dev-peer0.org1.example.com-saksi-bulletin_1.0-ee3fe73bad456e43adfc5ba27d9e5a60983b69e8496140308fb21061ecb2ff85.blk_write_bytes,0.0
1791022022,2026-10-03T18:07:02,docker.dev-peer0.org2.example.com-saksi-bulletin_1.0-ee3fe73bad456e43adfc5ba27d9e5a60983b69e8496140308fb21061ecb2ff85.cpu_pct,0.02
1791022022,2026-10-03T18:07:02,docker.dev-peer0.org2.example.com-saksi-bulletin_1.0-ee3fe73bad456e43adfc5ba27d9e5a60983b69e8496140308fb21061ecb2ff85.mem_bytes,7266631.68
1791022022,2026-10-03T18:07:02,docker.dev-peer0.org2.example.com-saksi-bulletin_1.0-ee3fe73bad456e43adfc5ba27d9e5a60983b69e8496140308fb21061ecb2ff85.blk_read_bytes,0.0
1791022022,2026-10-03T18:07:02,docker.dev-peer0.org2.example.com-saksi-bulletin_1.0-ee3fe73bad456e43adfc5ba27d9e5a60983b69e8496140308fb21061ecb2ff85.blk_write_bytes,0.0
1791022022,2026-10-03T18:07:02,docker.peer0.org1.example.com.cpu_pct,1.11
1791022022,2026-10-03T18:07:02,docker.peer0.org1.example.com.mem_bytes,52523171.84
1791022022,2026-10-03T18:07:02,docker.peer0.org1.example.com.blk_read_bytes,3760000.0
1791022022,2026-10-03T18:07:02,docker.peer0.org1.example.com.blk_write_bytes,4990000.0
1791022022,2026-10-03T18:07:02,docker.peer0.org2.example.com.cpu_pct,1.39
1791022022,2026-10-03T18:07:02,docker.peer0.org2.example.com.mem_bytes,45036339.2
1791022022,2026-10-03T18:07:02,docker.peer0.org2.example.com.blk_read_bytes,545000.0
1791022022,2026-10-03T18:07:02,docker.peer0.org2.example.com.blk_write_bytes,3610000.0
1791022022,2026-10-03T18:07:02,docker.orderer.example.com.cpu_pct,0.04
1791022022,2026-10-03T18:07:02,docker.orderer.example.com.mem_bytes,17699962.88
1791022022,2026-10-03T18:07:02,docker.orderer.example.com.blk_read_bytes,31400000.0
1791022022,2026-10-03T18:07:02,docker.orderer.example.com.blk_write_bytes,262000.0
1791022022,2026-10-03T18:07:02,wsl.MemTotal_kb,24608408
1791022022,2026-10-03T18:07:02,wsl.MemAvailable_kb,22939440
1791022022,2026-10-03T18:07:02,wsl.SwapTotal_kb,0
1791022022,2026-10-03T18:07:02,wsl.SwapFree_kb,0
1791022022,2026-10-03T18:07:02,wsl.Dirty_kb,108
1791022022,2026-10-03T18:07:02,wsl.load1,10.22
1791022022,2026-10-03T18:07:02,wsl.load5,10.9
1791022022,2026-10-03T18:07:02,host.c_free_bytes,49307111424
1791022022,2026-10-03T18:07:02,host.q_free_bytes,421445345280
1791022022,2026-10-03T18:07:02,host.docker_vhdx_bytes,15592325120
1791022022,2026-10-03T18:07:02,host.ubuntu_vhdx_bytes,212983611392
1791022022,2026-10-03T18:07:02,win.Processor(_Total)\% Processor Time,66.662692
1791022022,2026-10-03T18:07:02,win.Memory\Available MBytes,9787.0
1791022022,2026-10-03T18:07:02,win.PhysicalDisk(0 C:)\% Disk Time,0.121521
1791022022,2026-10-03T18:07:02,win.PhysicalDisk(1 Q:)\% Disk Time,0.0
1791022022,2026-10-03T18:07:02,win.PhysicalDisk(_Total)\% Disk Time,0.060761
1791022022,2026-10-03T18:07:02,win.PhysicalDisk(0 C:)\Current Disk Queue Length,0.0
1791022022,2026-10-03T18:07:02,win.PhysicalDisk(1 Q:)\Current Disk Queue Length,0.0
1791022022,2026-10-03T18:07:02,win.PhysicalDisk(_Total)\Current Disk Queue Length,0.0
1791022022,2026-10-03T18:07:02,win.Process(vmmemWSL)\% Processor Time,997.701804
1791022032,2026-10-03T18:07:12,docker.dev-peer0.org1.example.com-saksi-bulletin_1.0-ee3fe73bad456e43adfc5ba27d9e5a60983b69e8496140308fb21061ecb2ff85.cpu_pct,0.0
1791022032,2026-10-03T18:07:12,docker.dev-peer0.org1.example.com-saksi-bulletin_1.0-ee3fe73bad456e43adfc5ba27d9e5a60983b69e8496140308fb21061ecb2ff85.mem_bytes,6721372.16
1791022032,2026-10-03T18:07:12,docker.dev-peer0.org1.example.com-saksi-bulletin_1.0-ee3fe73bad456e43adfc5ba27d9e5a60983b69e8496140308fb21061ecb2ff85.blk_read_bytes,0.0
1791022032,2026-10-03T18:07:12,docker.dev-peer0.org1.example.com-saksi-bulletin_1.0-ee3fe73bad456e43adfc5ba27d9e5a60983b69e8496140308fb21061ecb2ff85.blk_write_bytes,0.0
1791022032,2026-10-03T18:07:12,docker.dev-peer0.org2.example.com-saksi-bulletin_1.0-ee3fe73bad456e43adfc5ba27d9e5a60983b69e8496140308fb21061ecb2ff85.cpu_pct,0.0
1791022032,2026-10-03T18:07:12,docker.dev-peer0.org2.example.com-saksi-bulletin_1.0-ee3fe73bad456e43adfc5ba27d9e5a60983b69e8496140308fb21061ecb2ff85.mem_bytes,7266631.68
1791022032,2026-10-03T18:07:12,docker.dev-peer0.org2.example.com-saksi-bulletin_1.0-ee3fe73bad456e43adfc5ba27d9e5a60983b69e8496140308fb21061ecb2ff85.blk_read_bytes,0.0
1791022032,2026-10-03T18:07:12,docker.dev-peer0.org2.example.com-saksi-bulletin_1.0-ee3fe73bad456e43adfc5ba27d9e5a60983b69e8496140308fb21061ecb2ff85.blk_write_bytes,0.0
1791022032,2026-10-03T18:07:12,docker.peer0.org1.example.com.cpu_pct,1.11
1791022032,2026-10-03T18:07:12,docker.peer0.org1.example.com.mem_bytes,52523171.84
1791022032,2026-10-03T18:07:12,docker.peer0.org1.example.com.blk_read_bytes,3760000.0
1791022032,2026-10-03T18:07:12,docker.peer0.org1.example.com.blk_write_bytes,4990000.0
1791022032,2026-10-03T18:07:12,docker.peer0.org2.example.com.cpu_pct,1.0
1791022032,2026-10-03T18:07:12,docker.peer0.org2.example.com.mem_bytes,45025853.44
1791022032,2026-10-03T18:07:12,docker.peer0.org2.example.com.blk_read_bytes,545000.0
1791022032,2026-10-03T18:07:12,docker.peer0.org2.example.com.blk_write_bytes,3610000.0
1791022032,2026-10-03T18:07:12,docker.orderer.example.com.cpu_pct,0.04
1791022032,2026-10-03T18:07:12,docker.orderer.example.com.mem_bytes,17437818.88
1791022032,2026-10-03T18:07:12,docker.orderer.example.com.blk_read_bytes,31400000.0
1791022032,2026-10-03T18:07:12,docker.orderer.example.com.blk_write_bytes,262000.0
1791022032,2026-10-03T18:07:12,wsl.MemTotal_kb,24608408
1791022032,2026-10-03T18:07:12,wsl.MemAvailable_kb,22944980
1791022032,2026-10-03T18:07:12,wsl.SwapTotal_kb,0
1791022032,2026-10-03T18:07:12,wsl.SwapFree_kb,0
1791022032,2026-10-03T18:07:12,wsl.Dirty_kb,28
1791022032,2026-10-03T18:07:12,wsl.load1,8.64
1791022032,2026-10-03T18:07:12,wsl.load5,10.54
1791022032,2026-10-03T18:07:12,host.c_free_bytes,49306750976
1791022032,2026-10-03T18:07:12,host.q_free_bytes,421445345280
1791022032,2026-10-03T18:07:12,host.docker_vhdx_bytes,15592325120
1791022032,2026-10-03T18:07:12,host.ubuntu_vhdx_bytes,212983611392
1791022032,2026-10-03T18:07:12,win.Processor(_Total)\% Processor Time,10.607129
1791022032,2026-10-03T18:07:12,win.Memory\Available MBytes,9916.0
1791022032,2026-10-03T18:07:12,win.PhysicalDisk(0 C:)\% Disk Time,1.211911
1791022032,2026-10-03T18:07:12,win.PhysicalDisk(1 Q:)\% Disk Time,0.0
1791022032,2026-10-03T18:07:12,win.PhysicalDisk(_Total)\% Disk Time,0.605955
1791022032,2026-10-03T18:07:12,win.PhysicalDisk(0 C:)\Current Disk Queue Length,0.0
1791022032,2026-10-03T18:07:12,win.PhysicalDisk(1 Q:)\Current Disk Queue Length,0.0
1791022032,2026-10-03T18:07:12,win.PhysicalDisk(_Total)\Current Disk Queue Length,0.0
1791022032,2026-10-03T18:07:12,win.Process(vmmemWSL)\% Processor Time,82.408443
1791022042,2026-10-03T18:07:22,docker.dev-peer0.org1.example.com-saksi-bulletin_1.0-ee3fe73bad456e43adfc5ba27d9e5a60983b69e8496140308fb21061ecb2ff85.cpu_pct,0.0
1791022042,2026-10-03T18:07:22,docker.dev-peer0.org1.example.com-saksi-bulletin_1.0-ee3fe73bad456e43adfc5ba27d9e5a60983b69e8496140308fb21061ecb2ff85.mem_bytes,6721372.16
1791022042,2026-10-03T18:07:22,docker.dev-peer0.org1.example.com-saksi-bulletin_1.0-ee3fe73bad456e43adfc5ba27d9e5a60983b69e8496140308fb21061ecb2ff85.blk_read_bytes,0.0
1791022042,2026-10-03T18:07:22,docker.dev-peer0.org1.example.com-saksi-bulletin_1.0-ee3fe73bad456e43adfc5ba27d9e5a60983b69e8496140308fb21061ecb2ff85.blk_write_bytes,0.0
1791022042,2026-10-03T18:07:22,docker.dev-peer0.org2.example.com-saksi-bulletin_1.0-ee3fe73bad456e43adfc5ba27d9e5a60983b69e8496140308fb21061ecb2ff85.cpu_pct,0.0
1791022042,2026-10-03T18:07:22,docker.dev-peer0.org2.example.com-saksi-bulletin_1.0-ee3fe73bad456e43adfc5ba27d9e5a60983b69e8496140308fb21061ecb2ff85.mem_bytes,7266631.68
1791022042,2026-10-03T18:07:22,docker.dev-peer0.org2.example.com-saksi-bulletin_1.0-ee3fe73bad456e43adfc5ba27d9e5a60983b69e8496140308fb21061ecb2ff85.blk_read_bytes,0.0
1791022042,2026-10-03T18:07:22,docker.dev-peer0.org2.example.com-saksi-bulletin_1.0-ee3fe73bad456e43adfc5ba27d9e5a60983b69e8496140308fb21061ecb2ff85.blk_write_bytes,0.0
1791022042,2026-10-03T18:07:22,docker.peer0.org1.example.com.cpu_pct,1.33
1791022042,2026-10-03T18:07:22,docker.peer0.org1.example.com.mem_bytes,52261027.84
1791022042,2026-10-03T18:07:22,docker.peer0.org1.example.com.blk_read_bytes,3760000.0
1791022042,2026-10-03T18:07:22,docker.peer0.org1.example.com.blk_write_bytes,4990000.0
1791022042,2026-10-03T18:07:22,docker.peer0.org2.example.com.cpu_pct,1.39
1791022042,2026-10-03T18:07:22,docker.peer0.org2.example.com.mem_bytes,44753223.68
1791022042,2026-10-03T18:07:22,docker.peer0.org2.example.com.blk_read_bytes,545000.0
1791022042,2026-10-03T18:07:22,docker.peer0.org2.example.com.blk_write_bytes,3610000.0
1791022042,2026-10-03T18:07:22,docker.orderer.example.com.cpu_pct,0.04
1791022042,2026-10-03T18:07:22,docker.orderer.example.com.mem_bytes,17437818.88
1791022042,2026-10-03T18:07:22,docker.orderer.example.com.blk_read_bytes,31400000.0
1791022042,2026-10-03T18:07:22,docker.orderer.example.com.blk_write_bytes,262000.0
1791022042,2026-10-03T18:07:22,wsl.MemTotal_kb,24608408
1791022042,2026-10-03T18:07:22,wsl.MemAvailable_kb,22922060
1791022042,2026-10-03T18:07:22,wsl.SwapTotal_kb,0
1791022042,2026-10-03T18:07:22,wsl.SwapFree_kb,0
1791022042,2026-10-03T18:07:22,wsl.Dirty_kb,52
1791022042,2026-10-03T18:07:22,wsl.load1,7.46
1791022042,2026-10-03T18:07:22,wsl.load5,10.23
1791022042,2026-10-03T18:07:22,host.c_free_bytes,49306423296
1791022042,2026-10-03T18:07:22,host.q_free_bytes,421445345280
1791022042,2026-10-03T18:07:22,host.docker_vhdx_bytes,15592325120
1791022042,2026-10-03T18:07:22,host.ubuntu_vhdx_bytes,212983611392
1791022042,2026-10-03T18:07:22,win.Processor(_Total)\% Processor Time,5.182558
1791022042,2026-10-03T18:07:22,win.Memory\Available MBytes,9933.0
1791022042,2026-10-03T18:07:22,win.PhysicalDisk(0 C:)\% Disk Time,0.150067
1791022042,2026-10-03T18:07:22,win.PhysicalDisk(1 Q:)\% Disk Time,0.0
1791022042,2026-10-03T18:07:22,win.PhysicalDisk(_Total)\% Disk Time,0.075034
1791022042,2026-10-03T18:07:22,win.PhysicalDisk(0 C:)\Current Disk Queue Length,0.0
1791022042,2026-10-03T18:07:22,win.PhysicalDisk(1 Q:)\Current Disk Queue Length,0.0
1791022042,2026-10-03T18:07:22,win.PhysicalDisk(_Total)\Current Disk Queue Length,0.0
1791022042,2026-10-03T18:07:22,win.Process(vmmemWSL)\% Processor Time,23.260422
